general_params = {
fan_speed = 600.000000,
angular_kp = 0.090000,
angular_ki = 0.000500,
angular_kd = 0.050000,
angular_acc_feed_forward_k = 0.000600,
angular_brake_feed_forward_k = 0.000600,
angular_vel_feed_forward_k = 0.005600,
linear_vel_acc_feed_forward_k = 0.033000,
linear_vel_brake_feed_forward_k = 0.025000,
linear_vel_feed_forward_k = 0.141000,
wall_kp = 0.040000,
wall_ki = 0.000000,
wall_kd = 0.000000,
linear_vel_kp = 2.500000,
linear_vel_ki = 0.010000,
linear_vel_kd = 0.000000,
diagonal_walls_kp = 0.029000,
diagonal_walls_ki = 0.000000,
diagonal_walls_kd = 0.000000,
start_wall_break_mm_left = 56.000000,
start_wall_break_mm_right = 64.000000,
enable_wall_break_correction = 1.000000,
max_linear_acc_jerk = 625.000000,
max_linear_brake_jerk = 625.000000,
wheel_radius_mm = 13.100000,
coulomb_ff = 0.180000,
angular_coulomb_ff = 0.070000,
angular_static_ff = 0.250000,
angular_coulomb_ff_inplace = 0.000000,
angular_static_ff_inplace = 0.000000,
};
t;Vel;TgtVel;AngVel;TgtAngVel;PWM_L;PWM_R;ImuDiff;PosX;PosY;Angle;Dist;SensL;SensFL;SensFR;SensR
0.0;1.2930;1.2500;-0.1593;0.0000;110;110;0.0733;0.6794;0.0000;-0.0109;0.5557;270.0;270.0;270.0;114.0
0.5;1.2930;1.2500;-0.2115;0.0000;109;110;0.0049;1.3206;-0.0076;-0.0109;0.5557;270.0;270.0;270.0;113.8
1.0;1.2930;1.2500;-0.1909;0.0000;109;110;0.1613;1.9618;-0.0076;-0.0328;1.3553;270.0;270.0;270.0;114.0
1.5;1.2935;1.2500;-0.0275;0.0000;112;107;-0.0831;2.6489;-0.0076;-0.0328;2.1549;270.0;270.0;270.0;115.1
2.0;1.2935;1.2500;-0.0714;0.0000;110;107;0.1613;3.2901;-0.0076;-0.0328;2.9546;270.0;270.0;270.0;117.2
2.5;1.2926;1.2500;0.0110;0.0000;112;105;-0.0049;3.9313;-0.0076;-0.0328;3.7542;270.0;270.0;270.0;118.8
3.0;1.2912;1.2500;0.0275;0.0000;112;105;-0.0049;4.5802;-0.0076;-0.0328;4.5538;270.0;270.0;270.0;120.4
3.5;1.2908;1.2500;0.0687;0.0000;114;105;0.0733;5.2595;-0.0076;-0.0328;4.5538;270.0;270.0;270.0;122.2
4.0;1.2908;1.2500;0.0962;0.0000;114;105;-0.0049;5.9008;-0.0076;-0.0109;5.3534;270.0;270.0;270.0;124.3
4.5;1.2908;1.2500;0.1882;0.0000;116;101;-0.0147;6.5496;-0.0076;-0.0109;6.1530;270.0;270.0;270.0;126.9
5.0;1.2908;1.2500;0.1016;0.0000;116;105;-0.0049;7.1908;-0.0076;-0.0109;6.9526;270.0;270.0;270.0;128.3
5.5;1.2912;1.2500;0.0852;0.0000;114;103;-0.0049;7.9160;-0.0076;-0.0109;7.7522;270.0;270.0;270.0;129.9
6.0;1.2917;1.2500;0.1030;0.0000;116;103;-0.0049;8.5573;-0.0076;-0.0109;8.5518;270.0;270.0;270.0;131.7
6.5;1.2921;1.2500;0.0014;0.0000;112;105;-0.0049;9.1985;-0.0076;-0.0109;8.5518;270.0;270.0;270.0;135.4
7.0;1.2930;1.2500;0.0467;0.0000;114;103;-0.0831;9.8855;-0.0076;-0.0109;9.3514;270.0;270.0;270.0;137.0
7.5;1.2930;1.2500;0.0412;0.0000;114;101;-0.0049;10.5267;-0.0076;-0.0109;10.1510;270.0;270.0;270.0;138.6
8.0;1.2921;1.2500;0.0165;0.0000;112;103;-0.0049;11.1679;-0.0076;-0.0109;10.9506;270.0;270.0;270.0;140.9
8.5;1.2908;1.2500;-0.0275;0.0000;112;103;-0.0831;11.7710;-0.0076;-0.0109;11.7503;270.0;270.0;270.0;142.5
9.0;1.2894;1.2500;-0.0357;0.0000;114;103;-0.0831;12.3740;-0.0076;-0.0109;11.7503;270.0;269.5;270.0;144.4
9.5;1.2889;1.2500;-0.1429;0.0000;112;107;-0.0831;13.0611;-0.0076;-0.0109;12.5499;270.0;269.5;270.0;146.2
10.0;1.2880;1.2500;-0.2115;0.0000;110;109;-0.0733;13.6641;-0.0076;-0.0109;13.3495;270.0;268.7;270.0;148.9
10.5;1.2875;1.2500;-0.2253;0.0000;110;109;-0.0733;14.3435;-0.0076;-0.0109;14.1491;270.0;267.6;270.0;152.8
11.0;1.2875;1.2500;-0.3544;0.0000;107;110;0.0049;14.9847;-0.0076;-0.0328;14.9487;270.0;266.8;270.0;157.6
11.5;1.2880;1.2500;-0.2445;0.0000;110;109;-0.0733;15.6718;-0.0076;-0.0328;14.9487;270.0;266.8;270.0;162.6
12.0;1.2880;1.2500;-0.2912;0.0000;109;109;0.0049;16.3130;-0.0076;-0.0548;15.7483;270.0;265.2;270.0;169.2
12.5;1.2871;1.2500;-0.1951;0.0000;112;107;-0.0831;16.9160;-0.0076;-0.0548;16.5479;270.0;264.2;270.0;176.6
13.0;1.2857;1.2500;-0.1896;0.0000;112;107;-0.0831;17.5191;-0.0076;-0.0548;17.3475;270.0;262.9;270.0;185.3
13.5;1.2843;1.2500;-0.0659;0.0000;116;105;-0.0831;18.1221;-0.0076;-0.0548;17.3475;270.0;262.1;270.0;195.8
14.0;1.2839;1.2500;-0.1511;0.0000;114;107;-0.0831;18.8015;-0.0076;-0.0548;18.1471;270.0;261.3;270.0;207.4
14.5;1.2834;1.2500;-0.0549;0.0000;118;105;-0.0831;19.4046;-0.0076;-0.0548;18.9467;270.0;261.3;270.0;220.4
15.0;1.2825;1.2500;-0.0453;0.0000;118;105;-0.0831;20.0916;-0.0076;-0.0768;19.7464;270.0;261.3;270.0;232.3
15.5;1.2821;1.2500;-0.0549;0.0000;116;105;-0.0049;20.7328;-0.0076;-0.0768;20.5460;270.0;261.3;270.0;245.7
16.0;1.2816;1.2500;0.0027;0.0000;120;105;-0.0831;21.3359;-0.0076;-0.0768;20.5460;270.0;261.3;270.0;258.1
16.5;1.2802;1.2500;-0.1154;0.0000;116;107;-0.0831;21.9389;-0.0076;-0.0768;21.3456;270.0;260.8;270.0;270.0
17.0;1.2802;1.2500;-0.1058;0.0000;118;107;-0.0831;22.6260;-0.0076;-0.0768;22.1452;270.0;260.2;270.0;270.0
17.5;1.2793;1.2500;-0.1607;0.0000;116;109;-0.0831;23.2290;-0.0153;-0.0768;22.9448;270.0;260.8;270.0;270.0
18.0;1.2784;1.2500;-0.1415;0.0000;116;110;-0.0049;23.8702;-0.0153;-0.0768;23.7444;270.0;260.2;270.0;270.0
18.5;1.2775;1.2500;-0.2816;0.0000;112;114;0.0049;24.5115;-0.0153;-0.0988;23.7444;270.0;260.2;270.0;270.0
19.0;1.2756;1.2500;-0.2734;0.0000;114;114;-0.0733;25.1145;-0.0153;-0.0988;24.5440;270.0;260.0;270.0;270.0
19.5;1.2738;1.2500;-0.3159;0.0000;112;116;0.0049;25.7557;-0.0153;-0.0988;25.3436;270.0;258.4;270.0;270.0
20.0;1.2720;1.2500;-0.3283;0.0000;114;118;-0.0733;26.3588;-0.0153;-0.1207;26.1432;270.0;256.5;270.0;270.0
20.5;1.2697;1.2500;-0.1690;0.0000;120;116;0.0049;26.9237;-0.0153;-0.1207;26.1432;270.0;255.2;270.0;270.0
21.0;1.2665;1.2500;-0.2170;0.0000;118;118;0.0049;27.4886;-0.0153;-0.1207;26.9428;270.0;255.0;270.0;270.0
21.5;1.2633;1.2500;-0.1223;0.0000;124;116;-0.0831;28.0916;-0.0229;-0.1207;27.7425;270.0;253.9;270.0;270.0
22.0;1.2596;1.2500;-0.1003;0.0000;126;118;-0.0049;28.6489;-0.0229;-0.1427;28.5421;270.0;252.8;270.0;270.0
22.5;1.2569;1.2500;-0.0165;0.0000;132;118;-0.0831;29.2519;-0.0229;-0.1427;28.5421;270.0;252.3;270.0;270.0
23.0;1.2541;1.2500;-0.0687;0.0000;132;120;-0.0831;29.8550;-0.0229;-0.1427;29.3417;270.0;251.8;270.0;270.0
23.5;1.2527;1.2500;0.0398;0.0000;136;120;-0.0049;30.5038;-0.0229;-0.1427;30.1413;270.0;251.3;270.0;270.0
24.0;1.2523;1.2500;-0.0810;0.0000;132;122;-0.0049;31.1450;-0.0229;-0.1427;30.9409;270.0;249.9;270.0;270.0
24.5;1.2514;1.2500;-0.1621;0.0000;132;126;-0.0831;31.7481;-0.0305;-0.1427;31.7405;270.0;249.4;270.0;270.0
25.0;1.2495;1.2500;-0.1717;0.0000;132;128;0.0831;32.3511;-0.0305;-0.1427;31.7405;270.0;248.1;270.0;270.0
25.5;1.2473;1.2500;-0.2582;0.0000;130;130;0.0049;32.9084;-0.0305;-0.1647;32.5401;270.0;247.3;270.0;270.0
26.0;1.2463;1.2500;-0.1593;0.0000;134;130;0.0049;33.5573;-0.0305;-0.1647;33.3397;270.0;247.3;270.0;270.0
26.5;1.2450;1.2500;-0.2445;0.0000;132;132;-0.0733;34.1603;-0.0305;-0.1647;34.1393;270.0;247.6;270.0;270.0
27.0;1.2436;1.2500;-0.2596;0.0000;134;134;-0.0733;34.7634;-0.0382;-0.1647;34.1393;270.0;248.1;270.0;270.0
27.5;1.2427;1.2500;-0.3146;0.0000;134;136;-0.0733;35.3664;-0.0382;-0.1867;34.9389;270.0;247.3;270.0;270.0
28.0;1.2418;1.2500;-0.2047;0.0000;136;134;0.0831;35.9695;-0.0382;-0.1867;35.7386;270.0;247.3;270.0;270.0
28.5;1.2404;1.2500;-0.2349;0.0000;138;136;-0.0733;36.5725;-0.0382;-0.1867;36.5382;270.0;247.3;270.0;270.0
29.0;1.2386;1.2500;-0.1841;0.0000;140;136;0.0049;37.1298;-0.0458;-0.2086;36.5382;270.0;247.3;270.0;270.0
29.5;1.2363;1.2500;-0.1566;0.0000;140;136;-0.0831;37.7328;-0.0458;-0.2086;37.3378;270.0;246.8;270.0;270.0
30.0;1.2349;1.2500;-0.2404;0.0000;140;140;0.0049;38.3817;-0.0458;-0.2086;38.1374;270.0;246.5;270.0;270.0
30.5;1.2335;1.2500;-0.2706;0.0000;140;142;0.0049;38.9389;-0.0458;-0.2306;38.9370;270.0;245.7;270.0;270.0
31.0;1.2326;1.2500;-0.2830;0.0000;140;144;0.0049;39.5802;-0.0534;-0.2306;38.9370;270.0;244.4;270.0;270.0
31.5;1.2317;1.2500;-0.2775;0.0000;142;144;-0.0733;40.1832;-0.0534;-0.2306;39.7366;270.0;242.8;270.0;270.0
32.0;1.2303;1.2500;-0.2843;0.0000;142;144;-0.0733;40.7863;-0.0534;-0.2526;40.5362;270.0;241.5;270.0;270.0
32.5;1.2285;1.2500;-0.2376;0.0000;144;144;0.0049;41.3511;-0.0611;-0.2526;41.3358;270.0;241.2;270.0;270.0
33.0;1.2266;1.2500;-0.2871;0.0000;144;148;-0.0733;41.9542;-0.0611;-0.2526;41.3358;270.0;240.2;270.0;270.0
33.5;1.2253;1.2500;-0.2720;0.0000;146;148;-0.0733;42.5573;-0.0611;-0.2746;42.1354;270.0;239.4;270.0;270.0
34.0;1.2234;1.2500;-0.2665;0.0000;146;148;0.0049;43.1221;-0.0687;-0.2746;42.9350;270.0;238.3;270.0;270.0
34.5;1.2221;1.2500;-0.3310;0.0000;146;152;-0.0733;43.7252;-0.0687;-0.2746;42.9350;270.0;238.1;270.0;270.0
35.0;1.2202;1.2500;-0.2445;0.0000;148;150;0.0831;44.3282;-0.0687;-0.2965;43.7346;270.0;237.3;270.0;270.0
35.5;1.2179;1.2500;-0.3970;0.0000;146;155;0.0049;44.8855;-0.0763;-0.2965;44.5343;270.0;235.7;270.0;270.0
36.0;1.2157;1.2500;-0.4437;0.0000;148;157;-0.1515;45.4504;-0.0763;-0.3185;45.3339;270.0;235.2;270.0;270.0
36.5;1.2134;1.2500;-0.5385;0.0000;146;161;0.0147;46.0916;-0.0840;-0.3405;45.3339;270.0;234.6;270.0;270.0
37.0;1.2106;1.2500;-0.5220;0.0000;148;163;0.0147;46.6565;-0.0840;-0.3405;46.1335;270.0;234.1;270.0;270.0
37.5;1.2088;1.2500;-0.5701;0.0000;148;165;-0.0635;47.2595;-0.0916;-0.3624;46.9331;270.0;234.1;270.0;270.0
38.0;1.2065;1.2500;-0.4918;0.0000;150;165;0.0147;47.8244;-0.0916;-0.3844;47.7327;270.0;233.3;270.0;270.0
38.5;1.2051;1.2500;-0.4464;0.0000;153;165;-0.0733;48.4275;-0.0916;-0.3844;47.7327;270.0;232.5;270.0;270.0
39.0;1.2042;1.2500;-0.3956;0.0000;157;165;-0.0733;49.0305;-0.0992;-0.4064;48.5323;270.0;231.7;270.0;270.0
39.5;1.2019;1.2500;-0.3008;0.0000;159;163;0.0049;49.5878;-0.1069;-0.4064;49.3319;270.0;231.7;270.0;270.0
40.0;1.2005;1.2500;-0.4107;0.0000;159;167;-0.0733;50.1908;-0.1069;-0.4284;50.1315;270.0;230.9;270.0;270.0
40.5;1.2005;1.2500;-0.4148;0.0000;159;167;0.0049;50.8397;-0.1145;-0.4284;50.1315;270.0;231.5;270.0;270.0
41.0;1.1996;1.2500;-0.5000;0.0000;157;171;0.0147;51.3969;-0.1145;-0.4503;50.9311;270.0;230.4;270.0;270.0
41.5;1.1983;1.2500;-0.5302;0.0000;157;175;0.0147;51.9618;-0.1221;-0.4723;51.7307;270.0;229.4;270.0;270.0
42.0;1.1978;1.2500;-0.5591;0.0000;157;175;0.0147;52.6031;-0.1221;-0.4723;52.5304;270.0;228.6;270.0;270.0
42.5;1.1978;1.2500;-0.4409;0.0000;161;171;-0.0733;53.2061;-0.1298;-0.4943;52.5304;270.0;226.7;270.0;270.0
43.0;1.1987;1.2500;-0.4217;0.0000;161;173;0.0049;53.8473;-0.1374;-0.4943;53.3300;270.0;226.2;270.0;270.0
43.5;1.1996;1.2500;-0.3887;0.0000;161;171;0.0049;54.4962;-0.1450;-0.5163;54.1296;270.0;225.1;270.0;270.0
44.0;1.1996;1.2500;-0.3187;0.0000;163;169;-0.0733;55.0992;-0.1450;-0.5163;54.9292;270.0;225.4;270.0;270.0
44.5;1.2001;1.2500;-0.4121;0.0000;161;173;0.0147;55.7405;-0.1527;-0.5382;55.7288;270.0;223.8;270.0;270.0
45.0;1.2019;1.2500;-0.2953;0.0000;163;169;0.0049;56.3817;-0.1603;-0.5382;55.7288;270.0;223.3;270.0;270.0
45.5;1.2019;1.2500;-0.2404;0.0000;163;167;0.0049;57.0229;-0.1679;-0.5602;56.5284;270.0;222.0;270.0;270.0
46.0;1.2028;1.2500;-0.1786;0.0000;165;167;0.0049;57.6718;-0.1679;-0.5602;57.3280;270.0;221.4;270.0;270.0
46.5;1.2038;1.2500;-0.1456;0.0000;165;165;0.0049;58.3130;-0.1756;-0.5602;58.1276;270.0;220.1;270.0;270.0
47.0;1.2051;1.2500;-0.1484;0.0000;165;165;0.0049;58.9542;-0.1832;-0.5602;58.9272;270.0;219.3;270.0;270.0
47.5;1.2070;1.2500;-0.0934;0.0000;167;163;-0.0049;59.5954;-0.1908;-0.5602;58.9272;270.0;218.5;270.0;270.0
48.0;1.2088;1.2500;-0.0975;0.0000;163;161;-0.0049;60.2443;-0.1985;-0.5602;59.7268;270.0;217.7;270.0;270.0
48.5;1.2111;1.2500;-0.0453;0.0000;165;159;-0.0049;60.8855;-0.1985;-0.5602;60.5265;270.0;217.7;270.0;270.0
49.0;1.2134;1.2500;-0.1662;0.0000;159;163;0.0831;61.5649;-0.2061;-0.5822;61.3261;270.0;217.7;270.0;270.0
49.5;1.2161;1.2500;-0.1016;0.0000;159;159;-0.0049;62.2137;-0.2137;-0.5822;62.1257;270.0;217.5;270.0;270.0
50.0;1.2184;1.2500;-0.1786;0.0000;157;161;-0.0831;62.8931;-0.2214;-0.5822;62.1257;270.0;216.7;270.0;270.0
50.5;1.2207;1.2500;-0.1374;0.0000;155;159;0.0831;63.5802;-0.2290;-0.5822;62.9253;270.0;216.4;270.0;270.0
51.0;1.2225;1.2500;-0.1401;0.0000;155;157;0.0049;64.2214;-0.2366;-0.5822;63.7249;270.0;216.4;270.0;270.0
51.5;1.2253;1.2500;-0.0769;0.0000;155;155;0.0733;64.9008;-0.2443;-0.5822;64.5245;270.0;216.2;270.0;270.0
52.0;1.2276;1.2500;-0.1951;0.0000;152;157;0.0049;65.5420;-0.2519;-0.6042;65.3241;270.0;215.9;270.0;270.0
52.5;1.2294;1.2500;-0.2102;0.0000;150;155;0.0049;66.1908;-0.2519;-0.6042;66.1237;270.0;215.1;270.0;270.0
53.0;1.2308;1.2500;-0.1236;0.0000;152;153;-0.0049;66.8321;-0.2595;-0.6042;66.1237;270.0;215.1;270.0;270.0
53.5;1.2321;1.2500;-0.1470;0.0000;150;152;0.0049;67.4733;-0.2672;-0.6042;66.9233;270.0;213.3;270.0;270.0
54.0;1.2335;1.2500;-0.0398;0.0000;152;150;-0.0049;68.1145;-0.2748;-0.6042;67.7229;270.0;211.7;270.0;270.0
54.5;1.2358;1.2500;-0.1223;0.0000;148;150;0.0831;68.8015;-0.2824;-0.6261;68.5226;270.0;211.4;270.0;270.0
55.0;1.2376;1.2500;-0.0810;0.0000;148;148;-0.0049;69.4427;-0.2901;-0.6261;69.3222;270.0;210.6;270.0;270.0
55.5;1.2390;1.2500;-0.0920;0.0000;148;148;-0.0049;70.0840;-0.2977;-0.6261;69.3222;270.0;209.8;270.0;270.0
56.0;1.2404;1.2500;-0.0783;0.0000;146;146;-0.0049;70.7328;-0.3053;-0.6261;70.1218;270.0;208.8;270.0;270.0
56.5;1.2431;1.2500;-0.1099;0.0000;144;146;0.0831;71.4122;-0.3130;-0.6261;70.9214;270.0;208.5;270.0;270.0
57.0;1.2450;1.2500;-0.1044;0.0000;142;144;-0.0049;72.0534;-0.3206;-0.6261;71.7210;270.0;208.2;270.0;270.0
57.5;1.2468;1.2500;-0.1662;0.0000;140;144;0.0049;72.7023;-0.3206;-0.6261;72.5206;270.0;208.0;270.0;270.0
58.0;1.2477;1.2500;-0.1937;0.0000;138;144;0.0049;73.3435;-0.3282;-0.6481;73.3202;270.0;205.9;270.0;268.9
58.5;1.2495;1.2500;-0.1085;0.0000;140;142;-0.0049;73.9847;-0.3359;-0.6481;73.3202;270.0;205.6;270.0;268.2
59.0;1.2509;1.2500;-0.1497;0.0000;138;142;0.0831;74.6718;-0.3435;-0.6481;74.1198;270.0;204.5;270.0;268.2
59.5;1.2518;1.2500;-0.1305;0.0000;136;140;-0.0049;75.3130;-0.3511;-0.6481;74.9194;270.0;203.5;270.0;267.1
60.0;1.2537;1.2500;-0.1484;0.0000;136;140;0.0831;75.9924;-0.3588;-0.6481;75.7190;270.0;202.7;270.0;266.8
60.5;1.2550;1.2500;-0.1882;0.0000;132;140;0.0049;76.6412;-0.3664;-0.6701;76.5187;270.0;202.2;270.0;266.8
61.0;1.2573;1.2500;-0.2266;0.0000;130;140;0.0831;77.3206;-0.3740;-0.6701;77.3183;270.0;201.9;270.0;264.7
61.5;1.2592;1.2500;-0.1442;0.0000;132;136;0.0049;77.9618;-0.3817;-0.6701;77.3183;270.0;201.9;270.0;262.6
62.0;1.2605;1.2500;-0.0618;0.0000;132;134;0.0733;78.6489;-0.3893;-0.6701;78.1179;270.0;201.4;270.0;263.4
62.5;1.2619;1.2500;-0.0536;0.0000;132;132;-0.0049;79.2901;-0.3969;-0.6701;78.9175;270.0;201.4;270.0;262.9
63.0;1.2628;1.2500;0.0165;0.0000;132;128;-0.0049;79.9313;-0.4046;-0.6701;79.7171;270.0;200.6;270.0;261.0
63.5;1.2633;1.2500;-0.0577;0.0000;128;130;0.0733;80.5344;-0.4122;-0.6701;80.5167;270.0;200.1;270.0;259.2
64.0;1.2628;1.2500;0.0343;0.0000;132;128;-0.0049;81.1756;-0.4198;-0.6701;80.5167;270.0;199.8;270.0;258.4
64.5;1.2633;1.2500;0.0701;0.0000;132;128;0.0733;81.8626;-0.4275;-0.6701;81.3163;270.0;198.7;270.0;257.1
65.0;1.2637;1.2500;0.0893;0.0000;132;126;-0.0049;82.5038;-0.4351;-0.6701;82.1159;270.0;197.4;270.0;257.3
65.5;1.2647;1.2500;0.0852;0.0000;132;126;-0.0049;83.1450;-0.4427;-0.6701;82.9155;270.0;196.6;270.0;255.7
66.0;1.2660;1.2500;0.0783;0.0000;130;126;0.0733;83.8321;-0.4504;-0.6701;83.7151;270.0;195.6;270.0;256.3
66.5;1.2674;1.2500;-0.0055;0.0000;128;126;-0.0049;84.4733;-0.4580;-0.6701;83.7151;270.0;194.5;270.0;255.0
67.0;1.2683;1.2500;0.0316;0.0000;128;124;-0.0831;85.1603;-0.4656;-0.6701;84.5147;270.0;194.0;270.0;253.6
67.5;1.2692;1.2500;0.0769;0.0000;128;122;-0.0049;85.8015;-0.4733;-0.6701;85.3144;270.0;192.9;270.0;252.8
68.0;1.2701;1.2500;-0.0261;0.0000;124;124;-0.0049;86.4427;-0.4809;-0.6701;86.1140;270.0;192.4;270.0;251.8
68.5;1.2697;1.2500;0.0110;0.0000;126;122;-0.0831;87.1298;-0.4885;-0.6701;86.9136;270.0;191.6;270.0;252.1
69.0;1.2697;1.2500;-0.0591;0.0000;124;124;-0.0049;87.7710;-0.4962;-0.6701;87.7132;270.0;190.8;270.0;251.3
69.5;1.2701;1.2500;-0.0343;0.0000;124;124;-0.0049;88.4122;-0.5038;-0.6701;87.7132;270.0;190.0;270.0;251.0
70.0;1.2697;1.2500;-0.0343;0.0000;126;122;-0.0831;89.0153;-0.5114;-0.6701;88.5128;270.0;189.8;270.0;251.0
70.5;1.2697;1.2500;0.0563;0.0000;126;120;-0.0831;89.7023;-0.5191;-0.6701;89.3124;270.0;189.5;270.0;249.9
71.0;1.2692;1.2500;-0.0247;0.0000;126;122;-0.0049;90.3435;-0.5267;-0.6701;90.1120;270.0;189.8;270.0;249.1
71.5;1.2697;1.2500;0.0453;0.0000;128;120;-0.0831;91.0229;-0.5344;-0.6701;90.9116;270.0;189.0;270.0;249.4
72.0;1.2701;1.2500;0.0810;0.0000;128;118;-0.0049;91.6641;-0.5420;-0.6701;90.9116;270.0;191.1;270.0;248.4
72.5;1.2701;1.2500;0.0632;0.0000;128;120;-0.0049;92.3130;-0.5496;-0.6701;91.7112;270.0;189.8;270.0;249.1
73.0;1.2697;1.2500;0.1415;0.0000;128;118;-0.0147;92.9542;-0.5573;-0.6481;92.5108;270.0;189.8;270.0;247.8
73.5;1.2701;1.2500;0.0646;0.0000;126;118;-0.0049;93.5954;-0.5649;-0.6481;93.3105;270.0;188.4;270.0;247.8
74.0;1.2711;1.2500;0.0165;0.0000;126;120;-0.0831;94.2824;-0.5725;-0.6481;94.1101;270.0;187.9;270.0;246.2
74.5;1.2720;1.2500;0.0055;0.0000;124;120;-0.0049;94.9237;-0.5802;-0.6481;94.9097;270.0;187.1;270.0;244.9
75.0;1.2724;1.2500;-0.0755;0.0000;122;120;-0.0049;95.5649;-0.5878;-0.6481;94.9097;270.0;186.6;270.0;244.7
75.5;1.2734;1.2500;-0.1319;0.0000;120;122;-0.0049;96.2061;-0.5878;-0.6701;95.7093;270.0;186.1;270.0;244.9
76.0;1.2747;1.2500;-0.1415;0.0000;120;120;-0.0831;96.8931;-0.5954;-0.6701;96.5089;270.0;185.5;270.0;243.9
76.5;1.2756;1.2500;-0.1552;0.0000;118;120;-0.0831;97.5725;-0.6107;-0.6701;97.3085;270.0;184.8;270.0;243.6
77.0;1.2766;1.2500;-0.1923;0.0000;116;122;0.0049;98.2214;-0.6107;-0.6701;98.1081;270.0;184.2;270.0;243.1
77.5;1.2770;1.2500;-0.0604;0.0000;120;116;-0.0049;98.8626;-0.6183;-0.6701;98.1081;270.0;184.2;270.0;243.1
78.0;1.2770;1.2500;-0.0810;0.0000;120;118;-0.0831;99.4657;-0.6260;-0.6701;98.9077;270.0;183.4;270.0;243.3
78.5;1.2766;1.2500;0.0014;0.0000;120;114;-0.0831;100.1450;-0.6336;-0.6701;99.7073;270.0;183.2;270.0;242.6
79.0;1.2770;1.2500;0.0467;0.0000;122;114;-0.0049;100.7939;-0.6412;-0.6701;100.5069;270.0;182.6;270.0;242.0
79.5;1.2770;1.2500;-0.0014;0.0000;120;116;-0.0049;101.5115;-0.6489;-0.6701;101.3066;270.0;182.1;270.0;241.8
80.0;1.2766;1.2500;0.0096;0.0000;120;114;-0.0049;102.1603;-0.6565;-0.6701;102.1062;270.0;181.3;270.0;241.2
80.5;1.2756;1.2500;0.1195;0.0000;124;112;-0.0049;102.8015;-0.6641;-0.6701;102.1062;270.0;181.6;270.0;241.2
81.0;1.2756;1.2500;0.1236;0.0000;126;112;-0.0929;103.4809;-0.6718;-0.6701;102.9058;270.0;180.8;270.0;240.7
81.5;1.2747;1.2500;0.0659;0.0000;124;112;-0.0049;104.0458;-0.6794;-0.6701;103.7054;270.0;180.3;270.0;239.4
82.0;1.2729;1.2500;0.1277;0.0000;126;112;-0.0049;104.6870;-0.6870;-0.6701;104.5050;270.0;179.5;270.0;239.1
82.5;1.2715;1.2500;0.0247;0.0000;124;114;-0.0831;105.2901;-0.6947;-0.6701;104.5050;270.0;179.2;270.0;239.6
83.0;1.2706;1.2500;0.0549;0.0000;124;114;-0.0049;105.9313;-0.7023;-0.6701;105.3046;270.0;178.2;270.0;238.9
83.5;1.2701;1.2500;0.0714;0.0000;126;116;-0.0049;106.5802;-0.7099;-0.6481;106.1042;270.0;177.9;270.0;238.1
84.0;1.2701;1.2500;-0.0041;0.0000;124;118;-0.0831;107.2595;-0.7176;-0.6481;-0.2439;270.0;177.4;270.0;237.5
84.5;1.2697;1.2500;-0.0330;-0.0137;193;50;-0.0049;107.9008;-0.7252;-0.6701;0.5557;270.0;177.4;270.0;238.3
85.0;1.2692;1.2500;-0.0440;-0.0385;198;46;-0.0049;108.5496;-0.7328;-0.6701;0.5557;270.0;176.8;270.0;237.5
85.5;1.2692;1.2500;-0.1016;-0.0755;202;42;-0.0049;109.1908;-0.7405;-0.6701;1.3553;270.0;177.1;270.0;237.8
86.0;1.2688;1.2500;-0.0687;-0.1250;208;36;-0.1613;109.8321;-0.7481;-0.6701;2.1549;270.0;176.3;270.0;236.5
86.5;1.2674;1.2500;-0.0618;-0.1882;214;30;-0.0049;110.4733;-0.7557;-0.6701;2.9546;270.0;176.0;270.0;236.2
87.0;1.2665;1.2500;-0.2473;-0.2637;218;28;-0.0733;111.0763;-0.7634;-0.6701;3.7542;270.0;175.8;270.0;236.0
87.5;1.2651;1.2500;-0.4766;-0.3503;171;75;-0.0733;111.6794;-0.7710;-0.6921;3.7542;270.0;176.0;270.0;235.4
88.0;1.2637;1.2500;-0.7473;-0.4505;171;77;-0.1417;112.3206;-0.7786;-0.7140;4.5538;270.0;176.3;270.0;235.4
88.5;1.2633;1.2500;-1.2445;-0.5632;165;83;0.0342;112.9695;-0.7863;-0.7360;5.3534;270.0;175.8;270.0;234.6
89.0;1.2628;1.2500;-1.6731;-0.6882;163;87;-0.1026;113.6107;-0.7939;-0.8019;6.1530;270.0;177.1;270.0;234.4
89.5;1.2619;1.2500;-2.0192;-0.8255;163;89;-0.0147;114.2137;-0.8015;-0.8459;6.9526;270.0;178.2;270.0;234.1
90.0;1.2601;1.2500;-2.2940;-0.9753;163;87;-0.0049;114.8168;-0.8092;-0.9118;6.9526;270.0;178.7;270.0;233.6
90.5;1.2578;1.2500;-2.4052;-1.1387;171;81;-0.0831;115.3817;-0.8168;-0.9777;7.7522;270.0;180.0;270.0;234.4
91.0;1.2555;1.2500;-2.5165;-1.3132;181;77;0.0049;115.9847;-0.8321;-1.0656;8.5518;270.0;180.8;270.0;233.0
91.5;1.2546;1.2500;-2.6676;-1.5000;187;73;-0.0733;116.6260;-0.8397;-1.1315;9.3514;270.0;182.4;270.0;233.0
92.0;1.2523;1.2500;-2.7363;-1.7005;195;65;0.0929;117.1832;-0.8550;-1.2194;9.3514;270.0;184.2;270.0;232.0
92.5;1.2518;1.2500;-2.9478;-1.9135;200;64;-0.0635;117.8321;-0.8702;-1.2854;10.1510;270.0;186.1;270.0;231.5
93.0;1.2514;1.2500;-3.0783;-2.1387;206;56;-0.0538;118.4733;-0.8855;-1.3952;10.9506;270.0;189.5;270.0;230.9
93.5;1.2509;1.2500;-3.2102;-2.3750;214;50;0.0244;119.0763;-0.9008;-1.4831;11.7503;270.0;191.9;270.0;230.7
94.0;1.2505;1.2500;-3.3503;-2.6250;222;44;-0.0440;119.7176;-0.9160;-1.5710;11.7503;270.0;195.6;270.0;230.7
94.5;1.2500;1.2500;-3.3173;-2.8887;236;30;-0.1320;120.3206;-0.9313;-1.6589;12.5499;270.0;198.5;270.0;231.2
95.0;1.2486;1.2500;-3.3805;-3.1635;245;21;-0.0538;120.8855;-0.9466;-1.7688;13.3495;270.0;202.7;270.0;231.2
95.5;1.2477;1.2500;-3.4766;-3.4505;257;13;-0.0440;121.5267;-0.9695;-1.8567;14.1491;270.0;206.7;270.0;231.5
96.0;1.2473;1.2500;-3.9066;-3.7500;259;11;-0.1124;122.1298;-0.9924;-1.9666;14.1491;270.0;211.4;270.0;230.7
96.5;1.2468;1.2500;-4.2569;-4.0632;265;9;-0.0147;122.7710;-1.0153;-2.0984;14.9487;270.0;216.2;270.0;230.1
97.0;1.2463;1.2500;-4.7761;-4.3887;265;9;-0.0831;123.3740;-1.0382;-2.2302;15.7483;270.0;222.2;270.0;229.9
97.5;1.2459;1.2500;-5.2266;-4.7253;267;7;-0.0635;123.9771;-1.0611;-2.3841;16.5479;270.0;228.3;270.0;228.8
98.0;1.2450;1.2500;-5.5934;-5.0755;271;3;-0.0440;124.5802;-1.0840;-2.5379;16.5479;270.0;236.5;270.0;228.6
98.5;1.2431;1.2500;-6.1937;-5.4382;273;5;-0.0244;125.1832;-1.1145;-2.7137;17.3475;270.0;244.7;270.0;228.3
99.0;1.2413;1.2500;-6.5055;-5.8132;281;-1;-0.1808;125.7786;-1.1450;-2.9114;18.1471;270.0;262.9;270.0;228.0
99.5;1.2395;1.2500;-6.8997;-6.2005;286;-5;-0.0929;126.3435;-1.1679;-3.1092;18.9467;270.0;270.0;270.0;227.8
100.0;1.2376;1.2500;-7.1662;-6.6003;296;-11;0.0049;126.9466;-1.2061;-3.3070;18.9467;270.0;270.0;270.0;227.8
100.5;1.2363;1.2500;-7.5302;-7.0137;304;-17;-0.1417;127.5496;-1.2443;-3.5267;19.7464;256.3;270.0;270.0;227.5
101.0;1.2353;1.2500;-7.7102;-7.4382;318;-28;-0.0440;128.1908;-1.2824;-3.7464;20.5460;242.3;270.0;270.0;228.0
101.5;1.2340;1.2500;-8.2720;-7.8750;322;-28;-0.1320;128.7939;-1.3206;-3.9882;21.3456;222.0;270.0;270.0;227.5
102.0;1.2331;1.2500;-8.6223;-8.3255;329;-36;-0.1026;129.3893;-1.3664;-4.2299;21.3456;206.7;270.0;270.0;227.0
102.5;1.2326;1.2500;-9.0453;-8.7761;331;-36;-0.0049;130.0305;-1.4122;-4.4936;22.1452;191.9;270.0;270.0;227.5
103.0;1.2317;1.2500;-9.4766;-9.2253;335;-38;-0.1515;130.6718;-1.4656;-4.7792;22.9448;175.0;270.0;270.0;227.2
103.5;1.2312;1.2500;-9.7706;-9.6758;341;-42;-0.0733;131.2748;-1.5191;-5.0429;23.7444;152.8;270.0;270.0;227.2
104.0;1.2312;1.2500;-10.3242;-10.1250;337;-40;-0.1320;131.9160;-1.5725;-5.3286;24.5440;143.3;270.0;270.0;227.2
104.5;1.2317;1.2500;-10.7637;-10.5755;339;-42;-0.1124;132.5573;-1.6336;-5.6362;24.5440;137.8;270.0;270.0;227.5
105.0;1.2321;1.2500;-11.2885;-11.0261;339;-42;-0.0929;133.1985;-1.7023;-5.9658;25.3436;133.3;270.0;270.0;228.0
105.5;1.2321;1.2500;-11.6841;-11.4753;341;-46;-0.0635;133.8321;-1.7710;-6.3174;26.1432;130.9;270.0;270.0;227.8
106.0;1.2326;1.2500;-12.2005;-11.9258;341;-46;-0.1515;134.4351;-1.8397;-6.6470;26.9428;129.1;270.0;270.0;229.1
106.5;1.2331;1.2500;-12.5206;-12.3750;349;-50;-0.0538;135.0687;-1.9160;-7.0206;27.7425;129.3;270.0;270.0;228.6
107.0;1.2340;1.2500;-12.9890;-12.8255;349;-52;-0.0342;135.7099;-1.9924;-7.3941;27.7425;132.0;270.0;270.0;228.8
107.5;1.2349;1.2500;-13.4931;-13.2761;349;-52;-0.1613;136.3512;-2.0763;-7.7897;28.5421;137.2;270.0;270.0;228.8
108.0;1.2358;1.2500;-13.7500;-13.7253;355;-58;-0.0929;137.0229;-2.1756;-8.1632;29.3417;144.4;270.0;270.0;230.4
108.5;1.2372;1.2500;-14.1676;-14.1758;359;-62;-0.0049;137.6641;-2.2672;-8.5588;30.1413;157.3;270.0;268.9;230.4
109.0;1.2376;1.2500;-14.5357;-14.6250;363;-65;-0.0635;138.2595;-2.3588;-8.9763;30.9409;173.7;270.0;268.4;230.7
109.5;1.2386;1.2500;-15.0412;-15.0755;363;-65;-0.1222;138.8931;-2.4656;-9.4157;30.9409;192.7;270.0;264.7;230.9
110.0;1.2404;1.2500;-15.6071;-15.5261;361;-65;-0.0147;139.5649;-2.5725;-9.8772;31.7405;220.6;270.0;265.0;231.2
110.5;1.2413;1.2500;-16.1635;-15.9753;359;-65;-0.1711;140.1603;-2.6794;-10.3167;32.5401;248.9;270.0;261.0;231.5
111.0;1.2422;1.2500;-16.4615;-16.4258;365;-71;-0.0733;140.7939;-2.8015;-10.8001;33.3397;270.0;270.0;258.7;231.2
111.5;1.2431;1.2500;-16.9505;-16.8750;365;-71;-0.0440;141.4198;-2.9237;-11.2835;34.1393;270.0;270.0;256.5;232.3
112.0;1.2440;1.2500;-17.3750;-17.3255;367;-75;-0.0342;142.0534;-3.0534;-11.7889;34.1393;270.0;270.0;254.4;232.3
112.5;1.2454;1.2500;-17.8036;-17.7637;363;-71;-0.0244;142.6794;-3.1832;-12.2943;34.9389;270.0;270.0;248.6;232.3
113.0;1.2459;1.2500;-18.3750;-18.1882;357;-67;-0.1808;143.3053;-3.3282;-12.8217;35.7386;270.0;270.0;246.8;232.8
113.5;1.2463;1.2500;-18.7198;-18.6003;355;-65;0.0049;143.9313;-3.4733;-13.3491;36.5382;270.0;270.0;244.1;233.3
114.0;1.2473;1.2500;-19.1456;-19.0000;349;-62;0.0244;144.5573;-3.6183;-13.8984;37.3378;270.0;270.0;241.2;234.1
114.5;1.2482;1.2500;-19.4766;-19.3887;349;-62;-0.1124;145.1832;-3.7786;-14.4698;38.1374;270.0;270.0;239.4;234.6
115.0;1.2491;1.2500;-19.9808;-19.7637;339;-56;-0.1124;145.8015;-3.9389;-15.0411;38.1374;270.0;270.0;236.5;234.1
115.5;1.2500;1.2500;-20.4560;-20.1250;333;-52;-0.1026;146.4275;-4.1145;-15.6124;38.9370;270.0;270.0;234.1;233.8
116.0;1.2514;1.2500;-21.0357;-20.4753;324;-42;0.0147;147.0840;-4.2977;-16.2277;39.7366;270.0;270.0;231.5;234.1
116.5;1.2527;1.2500;-21.4368;-20.8132;318;-38;-0.0538;147.7023;-4.4809;-16.8430;40.5362;270.0;270.0;229.4;234.4
117.0;1.2532;1.2500;-21.7047;-21.1387;316;-38;-0.1320;148.2748;-4.6641;-17.4582;41.3358;270.0;270.0;226.5;234.4
117.5;1.2550;1.2500;-22.1882;-21.4505;308;-30;0.0342;148.9237;-4.8702;-18.0955;41.3358;270.0;270.0;225.7;235.2
118.0;1.2564;1.2500;-22.4162;-21.7500;304;-30;-0.1026;149.5725;-5.0840;-18.7327;42.1354;270.0;270.0;224.1;235.7
118.5;1.2573;1.2500;-22.6992;-22.0385;300;-28;-0.0147;150.1832;-5.2977;-19.3700;42.9350;270.0;270.0;222.2;237.8
119.0;1.2601;1.2500;-22.7665;-22.3132;302;-32;-0.1613;150.8626;-5.5420;-20.0512;43.7346;270.0;270.0;219.3;236.7
119.5;1.2619;1.2500;-22.9011;-22.5755;300;-34;-0.1711;151.4657;-5.7634;-20.6884;44.5343;270.0;270.0;217.2;237.3
120.0;1.2642;1.2500;-22.9217;-22.8255;302;-38;-0.0929;152.1069;-6.0076;-21.3476;45.3339;270.0;270.0;215.1;236.7
120.5;1.2674;1.2500;-23.2720;-23.0632;294;-34;-0.1417;152.7786;-6.2748;-22.0288;46.1335;270.0;270.0;213.5;238.1
121.0;1.2706;1.2500;-23.5261;-23.2885;288;-32;-0.1613;153.4427;-6.5496;-22.6880;46.1335;270.0;270.0;211.4;237.5
121.5;1.2738;1.2500;-23.7390;-23.5000;284;-30;-0.1417;154.1145;-6.8321;-23.3692;46.9331;270.0;270.0;209.8;237.8
122.0;1.2756;1.2500;-24.0247;-23.7005;277;-28;-0.1320;154.7023;-7.0916;-24.0504;47.7327;270.0;270.0;208.8;238.9
122.5;1.2788;1.2500;-24.0536;-23.8887;277;-30;-0.1222;155.3588;-7.3893;-24.7536;48.5323;270.0;270.0;205.9;239.9
123.0;1.2807;1.2500;-24.2926;-24.0632;269;-26;-0.1222;155.9389;-7.6641;-25.4348;49.3319;270.0;270.0;203.5;242.3
123.5;1.2830;1.2500;-24.3379;-24.2253;267;-28;-0.1808;156.5573;-7.9618;-26.1599;50.1315;270.0;270.0;202.2;247.3
124.0;1.2848;1.2500;-24.4533;-24.3750;263;-28;-0.2004;157.1679;-8.2672;-26.8411;50.9311;270.0;270.0;197.4;251.3
124.5;1.2866;1.2500;-24.4190;-24.5137;263;-30;-0.0440;157.7786;-8.5725;-27.5443;50.9311;270.0;270.0;196.1;259.2
125.0;1.2885;1.2500;-24.5014;-24.6387;259;-28;-0.1808;158.3817;-8.8931;-28.2475;51.7307;270.0;270.0;193.2;270.0
125.5;1.2908;1.2500;-24.6071;-24.7500;253;-26;-0.0440;158.9771;-9.2214;-28.9506;52.5304;270.0;270.0;191.1;270.0
126.0;1.2926;1.2500;-24.8750;-24.8503;243;-19;0.0049;159.5725;-9.5573;-29.6758;53.3300;270.0;270.0;188.4;270.0
126.5;1.2944;1.2500;-25.2212;-24.9382;232;-11;-0.1906;160.1679;-9.9008;-30.3790;54.1296;270.0;260.2;185.3;270.0
127.0;1.2967;1.2500;-25.1896;-25.0137;230;-11;-0.0929;160.7863;-10.2672;-31.1041;54.9292;270.0;247.3;182.9;270.0
127.5;1.2990;1.2500;-25.4148;-25.0755;220;-5;-0.1613;161.3741;-10.6260;-31.8292;55.7288;270.0;236.2;180.0;270.0
128.0;1.3017;1.2500;-25.3681;-25.1003;208;3;-0.0538;161.9847;-11.0076;-32.5764;55.7288;270.0;227.8;177.9;270.0
128.5;1.3036;1.2500;-25.3846;-25.1003;198;9;-0.0929;162.5267;-11.3588;-33.3015;56.5284;270.0;222.0;175.8;270.0
129.0;1.3063;1.2500;-25.4396;-25.1003;196;9;-0.0929;163.1221;-11.7634;-34.0047;57.3280;270.0;218.0;175.2;270.0
129.5;1.3082;1.2500;-25.5453;-25.1003;191;11;0.1026;163.6565;-12.1221;-34.7518;58.1276;270.0;214.3;172.9;270.0
130.0;1.3091;1.2500;-25.5082;-25.1003;189;9;0.0733;164.1832;-12.4962;-35.4769;58.9272;270.0;211.9;171.0;270.0
130.5;1.3095;1.2500;-25.5563;-25.1003;187;9;-0.0538;164.7023;-12.8702;-36.2240;59.7268;270.0;208.8;169.4;270.0
131.0;1.3095;1.2500;-25.6126;-25.1003;185;9;-0.0929;165.2214;-13.2519;-36.9492;59.7268;270.0;206.4;168.9;270.0
131.5;1.3114;1.2500;-25.6154;-25.1003;185;9;-0.0733;165.7939;-13.6947;-37.6743;60.5265;270.0;204.3;168.7;270.0
132.0;1.3127;1.2500;-25.8530;-25.1003;179;15;0.0147;166.3359;-14.1145;-38.4214;61.3261;270.0;203.0;168.1;270.0
132.5;1.3136;1.2500;-25.7637;-25.1003;179;11;-0.0635;166.8321;-14.5114;-39.1466;62.1257;270.0;200.6;167.6;270.0
133.0;1.3132;1.2500;-25.7129;-25.1003;181;9;0.0147;167.2977;-14.9008;-39.8937;62.9253;270.0;196.4;167.9;270.0
133.5;1.3114;1.2500;-25.5316;-25.1003;185;5;-0.0831;167.7328;-15.2595;-40.6188;62.9253;270.0;193.7;168.7;270.0
134.0;1.3082;1.2500;-25.4341;-25.1003;187;3;-0.0635;168.1527;-15.6336;-41.3660;63.7249;270.0;191.9;171.0;270.0
134.5;1.3054;1.2500;-25.3352;-25.1003;193;1;-0.0244;168.6031;-16.0305;-42.0691;64.5245;270.0;189.5;172.6;270.0
135.0;1.3031;1.2500;-25.3626;-25.1003;191;5;0.1026;169.0763;-16.4656;-42.8162;65.3241;270.0;187.4;174.7;270.0
135.5;1.3004;1.2500;-25.3063;-25.1003;193;5;0.0538;169.4886;-16.8473;-43.5194;65.3241;270.0;185.3;176.8;270.0
136.0;1.2981;1.2500;-25.2473;-25.1003;195;5;0.0831;169.9542;-17.2977;-44.2446;66.1237;270.0;183.2;177.9;270.0
136.5;1.2953;1.2500;-25.4492;-25.1003;191;11;0.0831;170.3512;-17.6947;-44.9697;66.9233;270.0;181.1;178.9;270.0
137.0;1.2921;1.2500;-25.4093;-25.1003;193;13;0.1026;170.8092;-18.1450;-45.7168;67.7229;270.0;178.9;180.0;270.0
137.5;1.2894;1.2500;-25.4753;-25.1003;193;15;-0.0147;171.2214;-18.5802;-46.4420;67.7229;270.0;176.6;181.1;270.0
138.0;1.2866;1.2500;-25.4437;-25.1003;195;17;0.0635;171.6107;-18.9924;-47.1671;68.5226;270.0;174.5;181.6;270.0
138.5;1.2843;1.2500;-25.4945;-25.1003;195;19;0.0831;172.0458;-19.4656;-47.8922;69.3222;270.0;172.3;183.4;270.0
139.0;1.2821;1.2500;-25.3668;-25.1003;198;17;-0.0049;172.4427;-19.9160;-48.6174;70.1218;270.0;171.0;184.0;270.0
139.5;1.2802;1.2500;-25.3695;-25.1003;198;19;-0.0538;172.8702;-20.4046;-49.3645;70.9214;270.0;168.4;185.5;270.0
140.0;1.2784;1.2500;-25.2788;-25.1003;202;17;0.0440;173.2290;-20.8321;-50.0677;70.9214;270.0;166.5;187.4;270.0
140.5;1.2761;1.2500;-25.2170;-25.1003;206;17;-0.0049;173.6183;-21.2977;-50.7928;71.7210;270.0;165.0;190.0;270.0
141.0;1.2734;1.2500;-25.3091;-25.1003;204;21;0.0733;173.9695;-21.7328;-51.5180;72.5206;255.0;163.6;193.2;270.0
141.5;1.2706;1.2500;-25.2349;-25.1003;208;21;0.0147;174.3435;-22.2061;-52.2651;72.5206;243.1;161.5;198.5;270.0
142.0;1.2688;1.2500;-25.2802;-25.1003;206;22;0.0733;174.7328;-22.7176;-52.9902;73.3202;234.6;159.7;206.4;270.0
142.5;1.2674;1.2500;-25.2088;-25.1003;210;22;-0.0244;175.0916;-23.2061;-53.6934;74.1198;229.9;158.1;217.7;270.0
143.0;1.2656;1.2500;-25.1607;-25.1003;212;22;-0.0049;175.4427;-23.6947;-54.4185;74.9194;225.9;157.0;232.5;270.0
143.5;1.2642;1.2500;-25.1731;-25.1003;214;22;-0.0049;175.7939;-24.1832;-55.1217;74.9194;223.0;156.5;251.0;270.0
144.0;1.2637;1.2500;-25.1291;-25.1003;216;22;-0.0049;176.1832;-24.7481;-55.8468;75.7190;221.2;156.0;270.0;270.0
144.5;1.2624;1.2500;-25.0508;-25.1003;220;21;-0.1026;176.4962;-25.2137;-56.5720;76.5187;218.0;155.7;270.0;270.0
145.0;1.2610;1.2500;-25.0673;-25.1003;220;22;-0.0147;176.8244;-25.7176;-57.2971;77.3183;215.9;155.5;270.0;270.0
145.5;1.2587;1.2500;-25.1978;-25.1003;216;26;-0.0049;177.1450;-26.2290;-58.0223;78.1179;213.8;156.2;270.0;270.0
146.0;1.2573;1.2500;-25.1635;-25.0879;214;32;0.0929;177.4809;-26.7786;-58.7474;78.1179;210.6;156.2;270.0;270.0
146.5;1.2560;1.2500;-25.2967;-25.0632;206;40;-0.0147;177.7939;-27.2901;-59.4725;78.9175;206.9;156.5;270.0;270.0
147.0;1.2546;1.2500;-25.2734;-25.0261;202;46;-0.0244;178.0916;-27.8168;-60.1757;79.7171;204.3;156.5;270.0;270.0
147.5;1.2523;1.2500;-25.2514;-24.9753;200;52;-0.0831;178.3741;-28.3053;-60.9009;80.5167;201.4;157.6;270.0;270.0
148.0;1.2509;1.2500;-25.2047;-24.9135;196;56;-0.0049;178.6641;-28.8321;-61.6260;80.5167;199.8;157.6;270.0;270.0
148.5;1.2486;1.2500;-25.3022;-24.8379;189;65;-0.0538;178.9618;-29.3969;-62.3731;81.3163;193.7;157.8;270.0;270.0
149.0;1.2473;1.2500;-25.3036;-24.7500;183;73;0.1320;179.2366;-29.9389;-63.0763;82.1159;190.8;158.1;270.0;270.0
149.5;1.2454;1.2500;-25.2376;-24.6511;179;79;0.0733;179.4886;-30.4427;-63.8014;82.9155;189.0;158.4;270.0;270.0
150.0;1.2427;1.2500;-25.2527;-24.5385;171;89;0.0831;179.7328;-30.9466;-64.5266;82.9155;187.4;158.4;270.0;270.0
150.5;1.2399;1.2500;-25.0879;-24.4135;169;95;0.0147;179.9924;-31.4885;-65.2517;83.7151;186.1;158.6;270.0;270.0
151.0;1.2367;1.2500;-25.1250;-24.2761;163;105;0.0635;180.2214;-32.0076;-65.9769;84.5147;183.4;158.6;270.0;270.0
151.5;1.2349;1.2500;-24.9519;-24.1250;161;110;0.1222;180.4657;-32.5573;-66.6800;85.3144;181.8;159.4;270.0;270.0
152.0;1.2335;1.2500;-24.8819;-23.9629;155;118;0.0635;180.7176;-33.1450;-67.3832;85.3144;179.7;159.1;270.0;270.0
152.5;1.2326;1.2500;-24.6896;-23.7885;152;124;0.0538;180.9618;-33.7405;-68.0864;86.1140;177.4;159.4;270.0;270.0
153.0;1.2321;1.2500;-24.3915;-23.6003;152;126;0.0733;181.1985;-34.3435;-68.8115;86.9136;175.0;159.4;270.0;270.0
153.5;1.2326;1.2500;-24.0769;-23.4011;150;126;0.0147;181.4275;-34.9389;-69.4927;87.7132;174.2;159.7;270.0;270.0
154.0;1.2317;1.2500;-23.7912;-23.1882;148;132;-0.0635;181.6336;-35.5114;-70.1739;87.7132;172.1;159.7;270.0;270.0
154.5;1.2312;1.2500;-23.4217;-22.9629;148;132;0.0244;181.8473;-36.1145;-70.8331;88.5128;171.0;160.7;270.0;270.0
155.0;1.2308;1.2500;-22.9272;-22.7253;150;130;-0.0049;182.0611;-36.7252;-71.4923;89.3124;169.2;161.0;270.0;270.0
155.5;1.2312;1.2500;-22.6511;-22.4753;148;136;-0.0147;182.2595;-37.3359;-72.1516;90.1120;168.4;160.5;270.0;270.0
156.0;1.2326;1.2500;-22.2871;-22.2129;146;138;0.0440;182.4657;-37.9847;-72.7888;90.9116;166.0;160.7;270.0;270.0
156.5;1.2340;1.2500;-22.0398;-21.9382;140;142;-0.0440;182.6488;-38.6031;-73.4041;91.7112;165.7;160.7;270.0;270.0
157.0;1.2363;1.2500;-21.7280;-21.6511;134;146;0.0342;182.8397;-39.2595;-74.0413;91.7112;164.2;160.7;270.0;270.0
157.5;1.2386;1.2500;-21.3297;-21.3503;132;146;-0.0342;183.0382;-39.9542;-74.6566;92.5108;163.4;161.0;270.0;270.0
158.0;1.2404;1.2500;-21.0220;-21.0385;124;150;-0.0929;183.2061;-40.5725;-75.2499;93.3105;161.0;161.3;270.0;270.0
158.5;1.2427;1.2500;-20.7349;-20.7129;118;155;-0.0049;183.3741;-41.2366;-75.8432;94.1101;159.7;161.5;270.0;270.0
159.0;1.2436;1.2500;-20.4107;-20.3750;112;157;-0.0049;183.5191;-41.8168;-76.4365;94.9097;158.1;162.6;270.0;270.0
159.5;1.2454;1.2500;-20.0591;-20.0261;107;163;-0.0244;183.6794;-42.4885;-77.0078;95.7093;157.8;162.3;270.0;270.0
160.0;1.2477;1.2500;-19.7747;-19.6635;99;169;-0.0342;183.8244;-43.1527;-77.5791;95.7093;156.0;162.6;270.0;270.0
160.5;1.2505;1.2500;-19.3420;-19.2885;95;169;-0.0635;183.9695;-43.8168;-78.1285;96.5089;154.1;162.6;270.0;270.0
161.0;1.2527;1.2500;-19.0041;-18.9011;87;175;0.0147;184.0992;-44.4504;-78.6559;97.3085;153.3;163.9;270.0;270.0
161.5;1.2560;1.2500;-18.7033;-18.5000;77;181;0.0049;184.2366;-45.1603;-79.2052;98.1081;151.8;163.1;270.0;270.0
162.0;1.2582;1.2500;-18.3462;-18.0879;67;185;0.0049;184.3588;-45.7939;-79.7326;98.9077;151.0;163.4;270.0;270.0
162.5;1.2605;1.2500;-18.0302;-17.6635;60;191;-0.0244;184.4733;-46.4275;-80.2380;99.7073;149.4;163.1;270.0;268.9
163.0;1.2614;1.2500;-17.5893;-17.2253;54;196;0.0440;184.5725;-47.0229;-80.7434;99.7073;150.2;163.1;270.0;266.0
163.5;1.2619;1.2500;-17.2005;-16.7761;46;202;0.1222;184.6718;-47.6565;-81.2488;100.5069;147.8;163.4;270.0;262.9
164.0;1.2628;1.2500;-16.7486;-16.3255;44;204;0.1026;184.7634;-48.2901;-81.7322;101.3066;146.2;162.6;270.0;258.9
164.5;1.2628;1.2500;-16.3022;-15.8750;40;204;0.0049;184.8626;-48.9695;-82.1937;102.1062;144.6;162.6;270.0;253.1
165.0;1.2624;1.2500;-15.6744;-15.4258;46;202;-0.0244;184.9389;-49.5649;-82.6331;102.9058;144.1;163.1;270.0;250.5
165.5;1.2619;1.2500;-15.2074;-14.9753;44;204;0.0440;185.0229;-50.2061;-83.0726;102.9058;143.6;163.6;270.0;248.4
166.0;1.2614;1.2500;-14.6676;-14.5261;44;202;0.0244;185.0992;-50.8397;-83.4901;103.7054;143.6;164.4;270.0;246.8
166.5;1.2605;1.2500;-14.1044;-14.0755;46;202;0.0929;185.1603;-51.4427;-83.9076;104.5050;141.7;165.7;270.0;246.0
167.0;1.2596;1.2500;-13.6168;-13.6250;46;204;0.1417;185.2290;-52.0763;-84.2812;105.3046;141.2;167.1;270.0;242.6
167.5;1.2582;1.2500;-13.1744;-13.1758;44;206;0.0538;185.2901;-52.6794;-84.6548;105.3046;138.8;168.9;270.0;240.4
168.0;1.2569;1.2500;-12.7005;-12.7253;44;208;0.0440;185.3435;-53.2824;-85.0283;106.1042;138.0;169.7;270.0;238.1
168.5;1.2564;1.2500;-12.1621;-12.2761;46;208;0.1026;185.3969;-53.9237;-85.3799;106.9038;137.2;171.3;270.0;236.5
169.0;1.2560;1.2500;-11.7555;-11.8255;42;212;0.0831;185.4427;-54.5649;-85.7315;107.7034;136.5;172.6;270.0;235.7
169.5;1.2555;1.2500;-11.1662;-11.3750;46;208;-0.0244;185.4886;-55.1603;-86.0391;108.5030;134.9;174.2;270.0;233.8
170.0;1.2541;1.2500;-10.7266;-10.9258;44;212;0.0440;185.5267;-55.7252;-86.3468;108.5030;134.3;176.3;270.0;232.3
170.5;1.2518;1.2500;-10.0824;-10.4753;48;208;0.0244;185.5573;-56.2901;-86.6324;109.3027;133.3;179.5;270.0;230.4
171.0;1.2495;1.2500;-9.6071;-10.0261;48;210;0.0929;185.5954;-56.8855;-86.9181;110.1023;132.5;182.9;270.0;229.1
171.5;1.2482;1.2500;-9.1126;-9.5755;48;212;0.0733;185.6260;-57.4885;-87.1598;110.9019;131.4;186.1;270.0;228.0
172.0;1.2468;1.2500;-8.5027;-9.1250;52;208;0.0440;185.6565;-58.0916;-87.4015;110.9019;131.2;189.5;270.0;227.8
172.5;1.2445;1.2500;-8.0701;-8.6758;50;212;0.1222;185.6794;-58.6565;-87.6432;111.7015;130.4;193.7;270.0;226.2
173.0;1.2408;1.2500;-7.6607;-8.2253;48;216;0.1808;185.7023;-59.1756;-87.8630;112.5011;128.8;197.7;270.0;225.4
173.5;1.2386;1.2500;-7.3297;-7.7761;46;224;-0.0733;185.7252;-59.8168;-88.0827;112.5011;129.1;203.2;270.0;225.1
174.0;1.2358;1.2500;-6.7541;-7.3379;54;220;0.0635;185.7405;-60.3817;-88.2585;113.3007;127.7;208.5;270.0;223.3
174.5;1.2335;1.2500;-6.3434;-6.9135;58;220;0.0538;185.7557;-61.0229;-88.4563;114.1003;127.2;214.3;270.0;222.2
175.0;1.2303;1.2500;-5.7871;-6.5014;64;214;0.0342;185.7710;-61.5878;-88.6101;114.8999;126.2;218.8;270.0;221.4
175.5;1.2280;1.2500;-5.3846;-6.1003;67;214;0.1026;185.7863;-62.1908;-88.7639;114.8999;126.4;223.5;270.0;220.6
176.0;1.2262;1.2500;-4.9519;-5.7129;73;210;0.0831;185.8015;-62.7939;-88.9177;115.6995;125.9;228.8;270.0;219.9
176.5;1.2248;1.2500;-4.6332;-5.3379;75;212;0.0733;185.8092;-63.3969;-89.0496;116.4991;125.1;232.0;270.0;219.9
177.0;1.2225;1.2500;-4.1937;-4.9753;81;208;0.1417;185.8168;-63.9618;-89.1594;117.2988;124.6;236.7;270.0;218.3
177.5;1.2207;1.2500;-3.7624;-4.6264;87;204;0.1222;185.8244;-64.5191;-89.2693;117.2988;123.5;240.2;270.0;217.7
178.0;1.2189;1.2500;-3.5220;-4.2885;89;206;0.0342;185.8321;-65.1221;-89.3792;118.0984;122.5;243.3;270.0;218.3
178.5;1.2170;1.2500;-3.1044;-3.9629;97;202;0.1026;185.8397;-65.6870;-89.4671;118.8980;124.0;250.5;270.0;218.3
179.0;1.2166;1.2500;-3.0412;-3.6511;93;206;0.0244;185.8473;-66.3664;-89.5550;119.6976;122.2;254.2;270.0;217.2
179.5;1.2157;1.2500;-2.6181;-3.3503;101;202;0.0831;185.8473;-66.9313;-89.6209;119.6976;121.1;256.5;270.0;216.7
180.0;1.2143;1.2500;-2.3008;-3.0632;105;198;-0.0049;185.8550;-67.5343;-89.6868;120.4972;120.6;260.2;270.0;216.2
180.5;1.2129;1.2500;-1.9821;-2.7885;110;195;-0.0147;185.8550;-68.1374;-89.7527;121.2968;120.1;262.3;270.0;215.4
181.0;1.2115;1.2500;-1.7376;-2.5261;114;195;0.0538;185.8626;-68.7023;-89.7967;122.0964;119.0;265.0;270.0;214.6
181.5;1.2097;1.2500;-1.6703;-2.2761;112;196;0.0538;185.8626;-69.2595;-89.8406;122.0964;120.1;267.1;270.0;214.6
182.0;1.2092;1.2500;-1.3146;-2.0385;120;191;0.0440;185.8626;-69.9084;-89.8846;122.8960;118.8;268.4;270.0;214.3
182.5;1.2079;1.2500;-1.1964;-1.8132;122;191;0.1222;185.8626;-70.5115;-89.9065;123.6956;118.2;270.0;270.0;214.0
183.0;1.2070;1.2500;-0.9135;-1.6003;126;185;-0.0538;185.8626;-71.1145;-89.9505;124.4952;117.2;270.0;270.0;213.3
183.5;1.2070;1.2500;-0.8503;-1.4011;126;185;0.0244;185.8626;-71.7557;-89.9725;124.4952;115.9;270.0;270.0;213.3
184.0;1.2070;1.2500;-0.5852;-1.2129;132;181;0.0147;185.8702;-72.3969;-89.9725;125.2948;115.6;270.0;270.0;212.5
184.5;1.2070;1.2500;-0.5604;-1.0385;132;181;0.0929;185.8702;-73.0000;-89.9944;126.0945;115.1;270.0;270.0;212.5
185.0;1.2065;1.2500;-0.4519;-0.8764;134;181;0.0929;185.8702;-73.6031;-90.0164;126.8941;115.3;270.0;270.0;213.3
185.5;1.2074;1.2500;-0.1731;-0.7253;142;175;0.0049;185.8702;-74.2443;-90.0164;126.8941;115.1;270.0;270.0;213.0
186.0;1.2079;1.2500;-0.0302;-0.5879;146;167;-0.0831;185.8702;-74.8473;-90.0164;127.6937;114.3;270.0;270.0;212.7
186.5;1.2088;1.2500;0.0797;-0.4629;150;165;-0.0049;185.8702;-75.4962;-90.0164;128.4933;113.0;270.0;270.0;212.2
187.0;1.2102;1.2500;0.1181;-0.3503;150;163;-0.0049;185.8702;-76.1374;-90.0164;129.2929;112.7;270.0;270.0;211.7
187.5;1.2115;1.2500;0.1813;-0.2514;153;159;-0.0147;185.8702;-76.7786;-90.0164;130.0925;112.7;270.0;270.0;211.1
188.0;1.2134;1.2500;0.1085;-0.1635;153;161;-0.0049;185.8702;-77.4198;-89.9944;130.0925;112.2;270.0;270.0;211.1
188.5;1.2152;1.2500;0.2074;-0.0879;155;155;-0.0147;185.8702;-78.0611;-89.9944;130.8921;111.4;270.0;270.0;211.1
189.0;1.2161;1.2500;0.1305;-0.0261;153;153;-0.0049;185.8702;-78.7099;-89.9944;131.6917;112.2;270.0;270.0;210.6
189.5;1.2175;1.2500;0.1607;0.0000;148;159;-0.0147;185.8702;-79.3511;-89.9944;132.4913;110.9;270.0;270.0;210.6
190.0;1.2179;1.2500;0.2239;0.0000;157;150;-0.0147;185.8702;-79.9160;-89.9725;133.2909;111.1;270.0;270.0;210.4
190.5;1.2170;1.2500;0.2995;0.0000;159;148;-0.0147;185.8702;-80.4733;-89.9725;133.2909;110.3;270.0;270.0;209.8
191.0;1.2157;1.2500;0.4080;0.0000;163;146;-0.0147;185.8702;-81.0382;-89.9725;134.0906;110.6;270.0;270.0;209.8
191.5;1.2147;1.2500;0.3324;0.0000;161;148;0.0635;185.8702;-81.7252;-89.9505;134.8902;109.5;270.0;270.0;209.0
192.0;1.2147;1.2500;0.3613;0.0000;163;148;-0.0831;0.5954;0.0000;-0.0109;0.5557;110.1;270.0;270.0;209.0
192.5;1.2152;1.2500;0.2404;0.0000;161;152;-0.0147;1.2443;0.0000;-0.0109;0.5557;109.8;270.0;270.0;208.5
193.0;1.2161;1.2500;0.3269;0.0000;161;148;-0.0147;1.8855;0.0000;0.0111;1.3553;109.0;270.0;270.0;208.0
193.5;1.2157;1.2500;0.1538;0.0000;157;153;-0.0147;2.5267;0.0000;0.0111;2.1549;108.5;270.0;270.0;207.4
194.0;1.2147;1.2500;0.2418;0.0000;159;152;0.0635;3.1298;0.0000;0.0111;2.9546;108.7;270.0;270.0;206.7
194.5;1.2138;1.2500;0.1854;0.0000;155;150;-0.0929;3.7328;0.0000;0.0111;2.9546;109.5;270.0;270.0;206.7
195.0;1.2134;1.2500;0.0756;0.0000;153;152;-0.0831;4.3359;0.0000;0.0331;3.7542;110.3;270.0;270.0;207.7
195.5;1.2129;1.2500;0.0110;0.0000;153;153;-0.0831;4.9389;0.0000;0.0331;4.5538;109.8;270.0;270.0;206.9
196.0;1.2129;1.2500;0.0632;0.0000;155;153;-0.0049;5.5802;0.0000;0.0331;5.3534;109.0;270.0;270.0;205.9
196.5;1.2129;1.2500;0.1635;0.0000;157;150;-0.0929;6.1832;0.0000;0.0331;6.1530;108.7;270.0;270.0;204.8
197.0;1.2134;1.2500;0.0810;0.0000;155;153;-0.0049;6.8321;0.0000;0.0331;6.1530;107.7;270.0;270.0;204.3
197.5;1.2125;1.2500;0.2321;0.0000;159;150;-0.0147;7.3893;0.0000;0.0331;6.9526;107.9;270.0;270.0;203.8
198.0;1.2115;1.2500;0.0275;0.0000;155;155;-0.0049;8.0305;0.0000;0.0331;7.7522;108.2;270.0;270.0;204.3
198.5;1.2102;1.2500;0.1113;0.0000;157;153;-0.0929;8.6336;0.0000;0.0331;8.5518;108.7;270.0;270.0;203.2
199.0;1.2088;1.2500;0.1580;0.0000;161;155;-0.0147;9.1985;0.0000;0.0551;8.5518;107.7;270.0;270.0;202.7
199.5;1.2065;1.2500;0.1538;0.0000;161;157;-0.0929;9.8015;0.0000;0.0551;9.3514;107.7;270.0;270.0;202.4
200.0;1.2056;1.2500;0.1566;0.0000;163;157;0.0733;10.4046;0.0000;0.0551;10.1510;106.6;270.0;270.0;201.9
200.5;1.2047;1.2500;-0.0027;0.0000;159;163;-0.0049;11.0458;0.0000;0.0551;10.9506;107.2;270.0;270.0;201.6
201.0;1.2038;1.2500;0.1044;0.0000;161;161;0.0733;11.6489;0.0076;0.0551;10.9506;107.2;270.0;270.0;200.6
201.5;1.2033;1.2500;-0.0137;0.0000;159;165;-0.0049;12.2977;0.0076;0.0551;11.7503;107.2;270.0;270.0;200.3
202.0;1.2033;1.2500;0.1181;0.0000;163;163;0.0733;12.9008;0.0076;0.0551;12.5499;107.7;270.0;270.0;200.8
202.5;1.2042;1.2500;0.0481;0.0000;161;165;-0.0831;13.5802;0.0076;0.0551;13.3495;109.3;270.0;270.0;200.3
203.0;1.2047;1.2500;0.1181;0.0000;163;163;-0.0049;14.2214;0.0076;0.0770;14.1491;108.5;270.0;270.0;199.5
203.5;1.2056;1.2500;0.0412;0.0000;161;165;0.0733;14.8244;0.0076;0.0770;14.1491;108.7;270.0;270.0;199.5
204.0;1.2065;1.2500;0.0137;0.0000;161;165;-0.0049;15.4656;0.0076;0.0770;14.9487;109.5;270.0;270.0;199.5
204.5;1.2074;1.2500;0.1305;0.0000;163;163;-0.0049;16.1145;0.0076;0.0770;15.7483;110.9;270.0;270.0;198.5
205.0;1.2079;1.2500;0.1662;0.0000;165;161;-0.0147;16.7557;0.0076;0.0770;16.5479;110.6;270.0;270.0;198.2
205.5;1.2088;1.2500;0.1154;0.0000;163;161;-0.0929;17.3588;0.0153;0.0770;17.3475;110.3;270.0;270.0;197.2
206.0;1.2102;1.2500;0.0220;0.0000;157;161;-0.0049;18.0000;0.0153;0.0770;17.3475;110.9;270.0;270.0;196.6
206.5;1.2111;1.2500;0.0879;0.0000;161;159;-0.0929;18.6031;0.0153;0.0770;18.1471;111.4;270.0;270.0;196.1
207.0;1.2120;1.2500;-0.0426;0.0000;155;161;-0.0049;19.2443;0.0153;0.0770;18.9467;112.2;270.0;270.0;195.3
207.5;1.2115;1.2500;0.1140;0.0000;161;157;-0.0049;19.8092;0.0153;0.0770;19.7464;113.5;270.0;270.0;195.3
208.0;1.2125;1.2500;0.0069;0.0000;159;161;-0.0049;20.4504;0.0153;0.0770;19.7464;115.1;270.0;270.0;194.5
208.5;1.2138;1.2500;0.0124;0.0000;157;159;-0.0049;21.0992;0.0153;0.0770;20.5460;115.1;270.0;270.0;194.0
209.0;1.2152;1.2500;-0.0522;0.0000;157;161;-0.0049;21.7405;0.0229;0.0770;21.3456;116.4;270.0;270.0;193.2
209.5;1.2170;1.2500;-0.0179;0.0000;155;159;-0.0831;22.4198;0.0229;0.0770;22.1452;117.7;270.0;270.0;192.9
210.0;1.2193;1.2500;0.0055;0.0000;155;157;-0.0049;23.0687;0.0229;0.0770;22.9448;119.6;270.0;270.0;191.9
210.5;1.2225;1.2500;0.0412;0.0000;157;157;-0.0831;23.7481;0.0229;0.0770;23.7444;120.1;270.0;270.0;191.3
211.0;1.2239;1.2500;0.0192;0.0000;155;155;-0.0831;24.3511;0.0229;0.0770;23.7444;123.0;270.0;270.0;190.8
211.5;1.2271;1.2500;-0.1786;0.0000;150;159;0.0049;25.0763;0.0229;0.0770;24.5440;124.6;270.0;270.0;190.3
212.0;1.2303;1.2500;-0.0096;0.0000;153;153;-0.0831;25.7557;0.0229;0.0770;25.3436;126.7;270.0;270.0;190.3
212.5;1.2340;1.2500;-0.1552;0.0000;148;155;-0.0831;26.4427;0.0305;0.0770;26.1432;132.5;270.0;270.0;189.5
213.0;1.2376;1.2500;-0.0261;0.0000;148;150;-0.0831;27.1221;0.0305;0.0770;26.9428;137.0;270.0;270.0;188.7
213.5;1.2408;1.2500;-0.0261;0.0000;148;148;-0.0049;27.7710;0.0305;0.0770;27.7425;139.4;270.0;270.0;187.9
214.0;1.2440;1.2500;-0.1566;0.0000;142;148;0.0049;28.4886;0.0305;0.0770;27.7425;147.5;270.0;270.0;187.7
214.5;1.2473;1.2500;-0.2088;0.0000;138;150;0.0049;29.1374;0.0305;0.0551;28.5421;154.1;270.0;270.0;187.7
215.0;1.2505;1.2500;-0.1580;0.0000;138;146;-0.0831;29.8168;0.0305;0.0551;29.3417;159.4;270.0;270.0;187.9
215.5;1.2527;1.2500;-0.0371;0.0000;138;140;-0.0049;30.4580;0.0305;0.0551;30.1413;169.7;270.0;270.0;186.6
216.0;1.2555;1.2500;-0.1099;0.0000;136;142;-0.0049;31.1832;0.0305;0.0551;30.9409;180.3;270.0;270.0;186.1
216.5;1.2582;1.2500;0.0316;0.0000;138;134;-0.0831;31.8702;0.0382;0.0551;31.7405;197.9;270.0;270.0;185.3
217.0;1.2614;1.2500;-0.1044;0.0000;132;136;-0.0049;32.5878;0.0382;0.0551;32.5401;209.8;270.0;270.0;185.5
217.5;1.2642;1.2500;-0.0714;0.0000;132;134;-0.0049;33.3130;0.0382;0.0551;32.5401;216.7;270.0;270.0;184.8
218.0;1.2669;1.2500;-0.0151;0.0000;132;128;-0.0831;34.0000;0.0382;0.0551;33.3397;230.1;270.0;270.0;183.7
218.5;1.2683;1.2500;-0.0220;0.0000;128;128;-0.0049;34.6412;0.0382;0.0551;34.1393;243.1;270.0;270.0;183.4
219.0;1.2697;1.2500;-0.0330;0.0000;128;126;-0.0049;35.2824;0.0382;0.0551;34.9389;249.1;270.0;270.0;183.2
219.5;1.2720;1.2500;-0.0522;0.0000;126;126;-0.0831;35.9695;0.0382;0.0551;35.7386;260.8;270.0;269.5;183.4
220.0;1.2747;1.2500;-0.0879;0.0000;124;126;-0.0049;36.6870;0.0382;0.0551;36.5382;267.6;270.0;268.9;182.6
220.5;1.2775;1.2500;-0.0810;0.0000;122;124;-0.0831;37.3740;0.0382;0.0551;37.3378;270.0;270.0;267.1;182.6
221.0;1.2793;1.2500;0.0000;0.0000;122;120;-0.0049;38.0153;0.0382;0.0551;37.3378;270.0;270.0;266.6;181.1
221.5;1.2802;1.2500;-0.1291;0.0000;118;122;-0.0831;38.6183;0.0382;0.0331;38.1374;270.0;270.0;266.0;180.8
222.0;1.2807;1.2500;-0.0783;0.0000;118;120;-0.0049;39.2595;0.0458;0.0331;38.9370;270.0;270.0;267.1;180.0
222.5;1.2811;1.2500;-0.1223;0.0000;116;120;0.0831;39.9466;0.0458;0.0331;39.7366;270.0;270.0;265.0;180.5
223.0;1.2821;1.2500;-0.0426;0.0000;118;118;-0.0049;40.6718;0.0458;0.0331;40.5362;270.0;270.0;264.7;179.5
223.5;1.2830;1.2500;0.0179;0.0000;118;116;-0.0049;41.3130;0.0458;0.0331;40.5362;270.0;270.0;263.1;179.2
224.0;1.2839;1.2500;0.1470;0.0000;120;112;-0.0147;41.9542;0.0458;0.0331;41.3358;270.0;270.0;262.9;178.4
224.5;1.2843;1.2500;0.0508;0.0000;118;114;-0.0049;42.5954;0.0458;0.0331;42.1354;270.0;270.0;263.7;177.6
225.0;1.2848;1.2500;0.0151;0.0000;116;114;0.0733;43.2824;0.0458;0.0331;42.9350;270.0;270.0;264.7;177.6
225.5;1.2857;1.2500;0.1346;0.0000;118;112;-0.0929;43.9618;0.0458;0.0551;43.7346;270.0;270.0;261.8;177.6
226.0;1.2866;1.2500;0.0151;0.0000;114;114;-0.0049;44.6107;0.0458;0.0551;44.5343;270.0;270.0;260.5;177.6
226.5;1.2871;1.2500;0.1291;0.0000;116;110;0.0733;45.2901;0.0458;0.0551;44.5343;270.0;270.0;260.0;176.6
227.0;1.2875;1.2500;-0.1030;0.0000;110;116;-0.0049;45.9313;0.0458;0.0551;45.3339;270.0;270.0;259.7;175.5
227.5;1.2885;1.2500;-0.1071;0.0000;109;116;0.0831;46.6183;0.0458;0.0331;46.1335;270.0;270.0;260.0;175.0
228.0;1.2889;1.2500;-0.2473;0.0000;105;118;0.0049;47.2595;0.0534;0.0331;46.9331;270.0;270.0;259.7;174.7
228.5;1.2908;1.2500;-0.1497;0.0000;107;116;0.0831;47.9466;0.0534;0.0331;47.7327;270.0;270.0;259.7;174.5
229.0;1.2912;1.2500;-0.1126;0.0000;107;114;-0.0049;48.5878;0.0534;0.0331;48.5323;270.0;270.0;257.3;174.2
229.5;1.2921;1.2500;-0.0055;0.0000;109;110;-0.0049;49.2290;0.0534;0.0331;48.5323;270.0;270.0;257.1;173.7
230.0;1.2921;1.2500;-0.0069;0.0000;109;110;-0.0049;49.8702;0.0534;0.0331;49.3319;270.0;270.0;256.0;172.6
230.5;1.2926;1.2500;-0.1635;0.0000;105;114;0.0049;50.5191;0.0534;0.0331;50.1315;270.0;270.0;255.7;172.9
231.0;1.2930;1.2500;0.0330;0.0000;109;109;-0.0049;51.1603;0.0534;0.0331;50.9311;270.0;270.0;254.7;172.6
231.5;1.2930;1.2500;-0.0769;0.0000;105;112;0.0733;51.8397;0.0534;0.0331;51.7307;270.0;270.0;253.9;171.6
232.0;1.2930;1.2500;0.0234;0.0000;107;109;-0.0049;52.4809;0.0534;0.0331;51.7307;270.0;270.0;252.8;171.0
232.5;1.2930;1.2500;-0.0481;0.0000;105;110;-0.0049;53.1298;0.0534;0.0111;52.5304;270.0;270.0;251.8;169.2
233.0;1.2930;1.2500;-0.1113;0.0000;105;112;-0.0049;53.7710;0.0534;0.0111;53.3300;270.0;270.0;250.2;168.7
233.5;1.2926;1.2500;-0.2376;0.0000;101;114;0.0049;54.4122;0.0534;0.0111;54.1296;270.0;270.0;249.9;167.9
234.0;1.2921;1.2500;-0.1731;0.0000;101;114;0.0831;55.0153;0.0534;0.0111;54.9292;270.0;270.0;248.4;167.9
234.5;1.2917;1.2500;-0.0948;0.0000;105;112;-0.0049;55.6565;0.0534;0.0111;54.9292;270.0;270.0;247.6;167.1
235.0;1.2908;1.2500;-0.1841;0.0000;101;114;0.0831;56.2595;0.0534;-0.0109;55.7288;268.2;270.0;246.2;166.8
235.5;1.2898;1.2500;-0.0865;0.0000;105;112;-0.0049;56.9084;0.0534;-0.0109;56.5284;267.1;270.0;245.5;166.0
236.0;1.2889;1.2500;-0.2060;0.0000;101;116;0.0049;57.5496;0.0534;-0.0109;57.3280;267.1;270.0;244.1;165.7
236.5;1.2875;1.2500;-0.0907;0.0000;105;114;-0.0049;58.1908;0.0534;-0.0109;58.1276;265.5;270.0;243.3;165.7
237.0;1.2853;1.2500;0.0014;0.0000;109;112;-0.0049;58.7557;0.0534;-0.0109;58.1276;263.1;270.0;241.8;164.7
237.5;1.2843;1.2500;0.1071;0.0000;110;110;-0.0049;59.3969;0.0534;-0.0109;58.9272;265.5;270.0;241.5;164.2
238.0;1.2825;1.2500;0.0797;0.0000;110;110;-0.0929;60.0000;0.0534;-0.0109;59.7268;265.2;270.0;242.3;163.9
238.5;1.2802;1.2500;0.1085;0.0000;112;110;-0.0049;60.5649;0.0534;-0.0109;60.5265;260.5;270.0;241.5;163.4
239.0;1.2784;1.2500;0.0495;0.0000;112;114;-0.0049;61.2061;0.0534;-0.0109;60.5265;256.3;270.0;241.5;163.4
239.5;1.2770;1.2500;0.0426;0.0000;112;116;-0.0049;61.8473;0.0534;-0.0109;61.3261;256.3;270.0;240.7;162.8
240.0;1.2752;1.2500;0.1538;0.0000;116;114;0.0733;62.4504;0.0534;0.0111;62.1257;255.5;270.0;239.9;162.1
240.5;1.2734;1.2500;0.0330;0.0000;112;118;0.0733;63.0534;0.0534;0.0111;62.9253;255.0;270.0;238.6;161.5
241.0;1.2720;1.2500;0.0467;0.0000;114;118;-0.0049;63.6947;0.0534;0.0111;62.9253;255.5;270.0;238.3;161.8
241.5;1.2706;1.2500;0.0275;0.0000;114;120;0.0733;64.2977;0.0534;0.0111;63.7249;254.2;270.0;237.5;160.7
242.0;1.2692;1.2500;0.0646;0.0000;116;118;-0.0831;64.9008;0.0534;0.0111;64.5245;252.8;270.0;237.3;160.5
242.5;1.2679;1.2500;0.0481;0.0000;118;120;-0.0831;65.5038;0.0534;0.0111;65.3241;249.7;270.0;236.5;159.7
243.0;1.2660;1.2500;0.1264;0.0000;120;118;0.0733;66.1069;0.0534;0.0111;65.3241;249.9;270.0;236.5;159.7
243.5;1.2651;1.2500;0.0371;0.0000;118;122;-0.0049;66.7557;0.0534;0.0111;66.1237;248.9;270.0;235.4;158.9
244.0;1.2642;1.2500;0.0742;0.0000;120;122;0.0733;67.3588;0.0534;0.0111;66.9233;247.3;270.0;235.2;158.6
244.5;1.2628;1.2500;0.1607;0.0000;124;120;-0.0147;68.0000;0.0611;0.0111;67.7229;248.1;270.0;234.9;158.1
245.0;1.2614;1.2500;0.1717;0.0000;124;122;0.0733;68.6031;0.0611;0.0331;68.5226;246.8;270.0;234.4;157.6
245.5;1.2605;1.2500;0.2761;0.0000;128;120;-0.0147;69.2443;0.0611;0.0331;68.5226;246.8;270.0;234.1;157.0
246.0;1.2596;1.2500;0.2033;0.0000;126;122;-0.0929;69.8473;0.0611;0.0331;69.3222;244.9;270.0;233.6;156.5
246.5;1.2578;1.2500;0.1690;0.0000;126;122;-0.0147;70.4122;0.0611;0.0551;70.1218;245.2;270.0;232.5;156.0
247.0;1.2555;1.2500;0.0426;0.0000;124;128;-0.0049;70.9695;0.0611;0.0551;70.9214;242.3;270.0;233.0;156.0
247.5;1.2527;1.2500;0.1236;0.0000;128;126;-0.0049;71.5344;0.0611;0.0551;70.9214;244.4;270.0;231.5;155.7
248.0;1.2509;1.2500;0.0385;0.0000;128;132;-0.0049;72.1756;0.0611;0.0551;71.7210;243.3;270.0;230.7;155.2
248.5;1.2495;1.2500;0.1566;0.0000;132;128;0.0733;72.7786;0.0611;0.0551;72.5206;241.2;270.0;228.8;154.7
249.0;1.2482;1.2500;0.1401;0.0000;132;130;0.0733;73.3817;0.0611;0.0551;73.3202;240.7;270.0;227.8;154.1
249.5;1.2468;1.2500;0.0948;0.0000;132;134;0.0733;73.9847;0.0611;0.0551;73.3202;240.7;270.0;226.5;153.9
250.0;1.2459;1.2500;0.2624;0.0000;138;128;-0.0147;74.6260;0.0611;0.0770;74.1198;240.4;270.0;226.5;153.3
250.5;1.2450;1.2500;0.2706;0.0000;138;128;-0.0147;75.2748;0.0687;0.0770;74.9194;239.9;270.0;225.1;153.1
251.0;1.2436;1.2500;0.3132;0.0000;140;128;-0.0147;75.8321;0.0687;0.0770;75.7190;238.9;270.0;224.1;152.6
251.5;1.2413;1.2500;0.1786;0.0000;138;134;-0.0147;76.3969;0.0687;0.0990;75.7190;238.6;270.0;222.5;152.3
252.0;1.2404;1.2500;0.2569;0.0000;140;132;-0.0147;77.0382;0.0687;0.0990;76.5187;239.4;270.0;222.2;152.6
252.5;1.2399;1.2500;0.0783;0.0000;138;138;-0.0049;77.6870;0.0687;0.0990;77.3183;238.9;270.0;222.2;152.3
253.0;1.2395;1.2500;0.2802;0.0000;142;132;-0.0147;78.3282;0.0687;0.0990;78.1179;237.8;270.0;222.0;151.2
253.5;1.2381;1.2500;0.2555;0.0000;142;134;-0.0147;78.9695;0.0687;0.1210;78.9175;239.4;270.0;222.0;151.5
254.0;1.2372;1.2500;0.1058;0.0000;140;140;0.0733;79.5725;0.0763;0.1210;78.9175;238.9;270.0;220.9;151.0
254.5;1.2358;1.2500;0.1071;0.0000;140;140;-0.0049;80.2137;0.0763;0.1210;79.7171;238.9;270.0;220.9;150.4
255.0;1.2344;1.2500;0.0453;0.0000;140;142;-0.0049;80.8626;0.0763;0.1210;80.5167;240.7;270.0;220.4;149.6
255.5;1.2331;1.2500;0.2720;0.0000;148;136;-0.0147;81.4198;0.0763;0.1210;81.3163;238.6;270.0;219.6;149.9
256.0;1.2312;1.2500;0.2582;0.0000;148;138;0.0635;82.0229;0.0763;0.1430;81.3163;236.7;270.0;219.1;149.6
256.5;1.2312;1.2500;0.4519;0.0000;153;134;-0.0244;82.6641;0.0840;0.1430;82.1159;236.5;270.0;218.8;148.9
257.0;1.2312;1.2500;0.1772;0.0000;148;142;-0.0147;83.3130;0.0840;0.1649;82.9155;236.2;270.0;218.3;149.1
257.5;1.2303;1.2500;0.3256;0.0000;150;138;-0.0147;83.8702;0.0840;0.1649;83.7151;234.1;270.0;217.5;148.3
258.0;1.2289;1.2500;0.1264;0.0000;146;144;-0.0049;84.4351;0.0840;0.1649;83.7151;235.4;270.0;216.9;147.8
258.5;1.2276;1.2500;0.2596;0.0000;152;142;0.0635;85.0382;0.0916;0.1869;84.5147;233.3;270.0;216.4;147.3
259.0;1.2266;1.2500;0.3214;0.0000;152;140;-0.0147;85.6794;0.0916;0.1869;85.3144;233.8;270.0;215.9;147.3
259.5;1.2262;1.2500;0.0041;0.0000;146;150;-0.0049;86.3282;0.0916;0.1869;86.1140;235.4;270.0;216.7;146.7
260.0;1.2257;1.2500;0.0069;0.0000;148;150;-0.0831;86.9313;0.0916;0.1869;86.9136;234.6;270.0;216.2;146.7
260.5;1.2253;1.2500;-0.1209;0.0000;144;152;-0.0831;87.5267;0.0992;0.1869;86.9136;234.1;270.0;215.6;146.2
261.0;1.2248;1.2500;0.0934;0.0000;150;148;0.0733;88.1298;0.0992;0.1869;87.7132;235.4;270.0;215.9;146.5
261.5;1.2248;1.2500;-0.0206;0.0000;148;150;-0.0049;88.7786;0.0992;0.1869;88.5128;234.4;270.0;214.6;146.0
262.0;1.2248;1.2500;0.2651;0.0000;153;144;0.0635;89.3817;0.1069;0.1869;89.3124;236.5;270.0;213.5;145.7
262.5;1.2244;1.2500;-0.0151;0.0000;148;150;-0.0831;89.9847;0.1069;0.1869;89.3124;236.2;270.0;212.2;145.2
263.0;1.2244;1.2500;-0.0082;0.0000;148;150;-0.0831;90.5878;0.1069;0.1869;90.1120;235.2;270.0;211.4;145.2
263.5;1.2239;1.2500;0.2637;0.0000;155;144;-0.0147;91.2290;0.1069;0.2089;90.9116;235.7;270.0;210.6;144.6
264.0;1.2230;1.2500;0.2294;0.0000;153;146;0.0635;91.8321;0.1145;0.2089;91.7112;234.1;270.0;210.9;144.4
264.5;1.2230;1.2500;0.3448;0.0000;157;142;-0.0929;92.4351;0.1145;0.2089;91.7112;232.8;270.0;210.4;143.6
265.0;1.2230;1.2500;0.0220;0.0000;150;150;-0.0049;93.0763;0.1145;0.2089;92.5108;230.7;270.0;210.4;143.8
265.5;1.2225;1.2500;0.0920;0.0000;152;150;-0.0049;93.6412;0.1221;0.2308;93.3105;230.7;270.0;209.3;143.6
266.0;1.2216;1.2500;-0.1909;0.0000;146;155;-0.0831;94.2443;0.1221;0.2089;94.1101;230.1;270.0;208.8;143.0
266.5;1.2216;1.2500;0.0893;0.0000;153;150;-0.0049;94.8855;0.1221;0.2089;94.1101;229.1;270.0;208.2;141.2
267.0;1.2216;1.2500;-0.0192;0.0000;152;153;-0.0831;95.4885;0.1298;0.2089;94.9097;228.6;270.0;207.4;140.1
267.5;1.2212;1.2500;0.1896;0.0000;155;148;-0.0147;96.1298;0.1298;0.2308;95.7093;226.5;270.0;206.1;139.6
268.0;1.2202;1.2500;0.0288;0.0000;153;152;-0.0049;96.6947;0.1298;0.2308;96.5089;226.7;270.0;205.9;138.6
268.5;1.2193;1.2500;-0.1621;0.0000;148;157;0.0831;97.2977;0.1374;0.2089;96.5089;226.7;270.0;204.8;138.0
269.0;1.2184;1.2500;0.1236;0.0000;155;152;-0.0929;97.9008;0.1374;0.2308;97.3085;223.3;270.0;204.0;137.2
269.5;1.2184;1.2500;0.0618;0.0000;155;153;-0.0049;98.5420;0.1374;0.2308;98.1081;223.3;270.0;203.2;137.0
270.0;1.2193;1.2500;0.1937;0.0000;159;150;-0.0147;99.1832;0.1450;0.2308;98.9077;224.1;270.0;202.2;136.2
270.5;1.2202;1.2500;-0.0865;0.0000;152;157;-0.0049;99.8321;0.1450;0.2308;99.7073;223.0;269.5;201.4;135.7
271.0;1.2207;1.2500;-0.0179;0.0000;153;153;-0.0831;100.4351;0.1450;0.2308;99.7073;221.2;268.7;199.8;134.9
271.5;1.2221;1.2500;-0.3558;0.0000;144;163;0.0049;101.0763;0.1527;0.2089;100.5069;222.2;267.9;199.3;134.3
272.0;1.2234;1.2500;-0.1360;0.0000;150;155;-0.0831;101.7557;0.1527;0.2089;101.3066;219.9;266.0;197.9;133.5
272.5;1.2248;1.2500;-0.0962;0.0000;152;153;-0.0831;102.3588;0.1527;0.2089;102.1062;219.9;264.2;198.7;134.3
273.0;1.2253;1.2500;-0.3805;0.0000;142;159;0.0049;103.0000;0.1603;0.2089;102.9058;217.5;262.1;197.7;133.0
273.5;1.2257;1.2500;-0.2747;0.0000;144;155;-0.0733;103.6031;0.1603;0.1869;102.9058;216.9;261.8;196.9;132.2
274.0;1.2262;1.2500;-0.4148;0.0000;142;159;0.0049;104.2519;0.1603;0.1869;103.7054;218.3;262.1;195.0;131.7
274.5;1.2276;1.2500;-0.0536;0.0000;150;150;-0.0049;104.8931;0.1603;0.1869;-0.2439;216.7;260.2;194.0;130.9
275.0;1.2289;1.2500;-0.1964;0.0124;75;224;0.0049;105.5344;0.1679;0.1649;0.5557;216.7;258.9;193.2;130.4
275.5;1.2308;1.2500;0.1058;0.0371;77;220;-0.0929;106.2214;0.1679;0.1649;0.5557;215.4;257.6;192.4;129.9
276.0;1.2335;1.2500;-0.1387;0.0742;65;232;0.0831;106.9008;0.1679;0.1649;1.3553;215.1;258.9;191.6;129.3
276.5;1.2358;1.2500;-0.0577;0.1250;60;234;0.0733;107.5878;0.1756;0.1649;2.1549;215.6;257.9;191.1;129.1
277.0;1.2381;1.2500;-0.1992;0.1868;50;241;0.0049;108.2290;0.1756;0.1649;2.9546;217.5;257.6;190.6;129.1
277.5;1.2404;1.2500;0.0453;0.2624;48;241;0.0733;108.9084;0.1756;0.1649;3.7542;215.4;255.5;190.8;128.5
278.0;1.2427;1.2500;0.4684;0.3489;99;189;0.1417;109.5573;0.1756;0.1869;4.5538;213.3;253.9;189.2;128.3
278.5;1.2445;1.2500;0.4547;0.4492;91;195;-0.0244;110.1985;0.1832;0.1869;4.5538;213.0;254.2;189.5;128.0
279.0;1.2454;1.2500;0.8613;0.5618;93;189;0.0440;110.8015;0.1832;0.2089;5.3534;212.7;253.9;188.2;128.5
279.5;1.2468;1.2500;1.1497;0.6868;91;191;0.0342;111.4809;0.1832;0.2528;6.1530;213.0;253.9;187.9;128.5
280.0;1.2486;1.2500;1.8352;0.8242;101;179;-0.0733;112.1298;0.1908;0.2968;6.9526;212.5;252.8;188.4;129.6
280.5;1.2500;1.2500;2.0769;0.9739;97;179;-0.0733;112.7710;0.1908;0.3627;7.7522;213.8;252.6;187.7;130.1
281.0;1.2509;1.2500;2.5920;1.1374;101;175;-0.0929;113.4122;0.1985;0.4286;7.7522;212.5;251.5;187.7;130.4
281.5;1.2514;1.2500;2.4766;1.3118;89;185;-0.0049;114.0153;0.2061;0.5165;8.5518;211.1;251.8;186.9;131.7
282.0;1.2532;1.2500;2.4629;1.5000;77;195;0.0635;114.7405;0.2061;0.5824;9.3514;212.2;248.9;185.8;132.0
282.5;1.2560;1.2500;2.4203;1.6992;65;204;-0.0049;115.4198;0.2137;0.6484;10.1510;209.8;248.9;184.8;132.8
283.0;1.2587;1.2500;2.5234;1.9121;58;210;-0.0147;116.1069;0.2214;0.7143;10.9506;210.9;248.6;185.0;134.1
283.5;1.2610;1.2500;2.8613;2.1374;54;210;0.0538;116.7481;0.2366;0.8022;11.7503;210.1;248.6;184.2;135.1
284.0;1.2628;1.2500;2.7308;2.3750;38;224;-0.0244;117.4351;0.2443;0.8901;11.7503;210.4;247.3;184.5;135.9
284.5;1.2647;1.2500;2.9876;2.6250;32;226;0.0538;118.0763;0.2519;0.9560;12.5499;209.3;246.2;183.4;136.7
285.0;1.2665;1.2500;2.8764;2.8874;17;238;0.0538;118.7176;0.2672;1.0439;13.3495;209.6;246.5;183.7;138.6
285.5;1.2665;1.2500;3.2898;3.1621;15;239;0.1222;119.3206;0.2748;1.1318;14.1491;211.7;246.2;182.9;139.9
286.0;1.2674;1.2500;3.5701;3.4492;9;243;0.0342;119.9618;0.2901;1.2417;14.9487;211.9;246.8;182.9;141.5
286.5;1.2692;1.2500;4.0604;3.7500;9;243;0.0147;120.6870;0.3053;1.3515;15.7483;211.1;246.8;182.9;143.0
287.0;1.2715;1.2500;4.4533;4.0618;5;245;0.0831;121.3664;0.3282;1.4834;15.7483;209.3;245.5;182.4;143.6
287.5;1.2734;1.2500;4.6511;4.3874;-5;253;0.0733;122.0534;0.3435;1.6152;16.5479;209.3;245.2;182.1;144.1
288.0;1.2752;1.2500;5.3201;4.7239;-3;247;0.0538;122.7328;0.3664;1.7690;17.3475;209.0;244.7;182.1;144.4
288.5;1.2766;1.2500;5.4863;5.0742;-13;257;0.1222;123.3817;0.3817;1.9228;18.1471;208.8;244.9;181.6;144.1
289.0;1.2779;1.2500;5.8819;5.4368;-17;259;-0.0538;124.0229;0.4046;2.0986;18.9467;208.2;243.9;181.6;143.3
289.5;1.2779;1.2500;5.9821;5.8118;-30;273;0.0342;124.6260;0.4275;2.2744;18.9467;208.2;243.1;181.1;143.0
290.0;1.2784;1.2500;6.2926;6.1992;-38;281;0.0929;125.2672;0.4580;2.4502;19.7464;207.4;242.8;181.6;141.2
290.5;1.2788;1.2500;6.3489;6.5989;-54;294;0.1026;125.9084;0.4886;2.6260;20.5460;207.7;242.0;181.8;140.1
291.0;1.2798;1.2500;6.8516;7.0124;-56;298;0.1515;126.5878;0.5191;2.8238;21.3456;207.7;242.0;183.2;138.0
291.5;1.2807;1.2500;7.3819;7.4368;-60;300;0.0635;127.2290;0.5496;3.0435;22.1452;208.8;239.4;182.4;136.5
292.0;1.2811;1.2500;7.7775;7.8750;-67;308;0.0440;127.8779;0.5878;3.2633;22.9448;207.4;238.9;182.1;134.1
292.5;1.2825;1.2500;8.1951;8.3242;-73;314;0.1124;128.5573;0.6260;3.5050;22.9448;207.2;238.1;182.1;132.0
293.0;1.2830;1.2500;8.5247;8.7747;-79;320;0.1711;129.1985;0.6641;3.7467;23.7444;206.9;238.6;182.6;130.1
293.5;1.2834;1.2500;9.1607;9.2239;-75;314;0.0831;129.8779;0.7176;4.0104;24.5440;208.0;238.1;183.4;129.1
294.0;1.2834;1.2500;9.4698;9.6745;-81;320;0.0733;130.4809;0.7557;4.2741;25.3436;207.2;236.0;183.7;126.9
294.5;1.2825;1.2500;10.1580;10.1250;-77;316;0.2004;131.0840;0.8015;4.5597;26.1432;207.4;236.0;185.3;125.9
295.0;1.2830;1.2500;10.5247;10.5742;-81;320;0.0244;131.7634;0.8626;4.8674;26.1432;209.3;234.4;185.8;124.3
295.5;1.2821;1.2500;11.1154;11.0247;-79;316;0.1613;132.3664;0.9160;5.1970;26.9428;208.2;233.8;186.6;123.8
296.0;1.2807;1.2500;11.4327;11.4739;-83;322;0.0929;132.9237;0.9695;5.5046;27.7425;209.6;233.6;187.1;123.8
296.5;1.2788;1.2500;11.9602;11.9245;-81;322;0.0635;133.5649;1.0305;5.8562;28.5421;209.0;231.5;188.2;124.0
297.0;1.2770;1.2500;12.5934;12.3750;-77;318;0.1124;134.1603;1.0916;6.2078;28.5421;210.6;230.7;189.0;124.6
297.5;1.2756;1.2500;12.8352;12.8242;-83;326;0.1808;134.8015;1.1679;6.6033;29.3417;210.6;228.8;190.3;125.6
298.0;1.2743;1.2500;13.3256;13.2747;-83;327;0.0147;135.4427;1.2443;6.9769;30.1413;211.4;227.8;191.3;126.4
298.5;1.2729;1.2500;13.7473;13.7239;-85;331;0.0831;136.0382;1.3206;7.3504;30.9409;209.6;226.2;192.7;127.5
299.0;1.2706;1.2500;14.4574;14.1745;-79;329;0.1320;136.5954;1.3893;7.7679;31.7405;211.7;224.9;194.0;128.0
299.5;1.2692;1.2500;14.9780;14.6250;-77;327;0.1124;137.2366;1.4809;8.2074;31.7405;210.4;223.8;196.1;129.1
300.0;1.2683;1.2500;15.6374;15.0742;-73;326;0.0733;137.8702;1.5725;8.6689;32.5401;209.8;221.7;198.2;129.6
300.5;1.2665;1.2500;15.9918;15.5247;-77;329;0.0929;138.4275;1.6641;9.1083;33.3397;209.8;221.4;199.8;132.0
301.0;1.2647;1.2500;16.3132;15.9739;-79;335;0.0635;139.0611;1.7634;9.5698;34.1393;209.8;219.6;201.4;133.0
301.5;1.2624;1.2500;16.6731;16.4245;-83;341;0.1320;139.6565;1.8702;10.0532;34.1393;210.6;217.7;203.8;134.3
302.0;1.2601;1.2500;17.0316;16.8750;-85;347;0.0440;140.2901;1.9847;10.5367;34.9389;210.9;216.4;206.7;135.1
302.5;1.2587;1.2500;17.4821;17.3242;-87;351;0.1808;140.9160;2.1069;11.0421;35.7386;211.4;214.0;209.6;136.7
303.0;1.2573;1.2500;17.7527;17.7624;-89;355;0.1124;141.5114;2.2214;11.5475;36.5382;211.9;211.7;212.5;137.2
303.5;1.2560;1.2500;18.1758;18.1868;-85;353;0.2395;142.0992;2.3435;12.0748;36.5382;211.4;210.9;215.9;138.8
304.0;1.2546;1.2500;18.4890;18.5989;-85;353;0.1515;142.7252;2.4809;12.6022;37.3378;212.2;208.8;219.1;139.4
304.5;1.2532;1.2500;19.2651;19.0000;-71;343;0.1026;143.3512;2.6260;13.1735;38.1374;211.1;208.2;226.2;140.1
305.0;1.2518;1.2500;19.7473;19.3874;-64;335;0.0538;143.9389;2.7710;13.7229;38.9370;213.5;206.9;230.7;141.2
305.5;1.2509;1.2500;20.2541;19.7624;-56;329;0.0147;144.5267;2.9160;14.2942;39.7366;212.5;205.6;235.2;142.0
306.0;1.2495;1.2500;20.7129;20.1250;-52;326;0.1515;145.1069;3.0687;14.8875;39.7366;212.5;204.3;239.4;143.3
306.5;1.2477;1.2500;21.1168;20.4739;-46;320;0.1222;145.6947;3.2214;15.5248;40.5362;212.7;203.0;242.8;144.6
307.0;1.2463;1.2500;21.7212;20.8118;-34;312;0.0538;146.3130;3.3969;16.1400;41.3358;214.6;201.1;247.0;145.7
307.5;1.2445;1.2500;22.0316;21.1374;-30;306;0.0440;146.8473;3.5573;16.7553;42.1354;214.3;198.7;252.3;146.7
308.0;1.2431;1.2500;22.3860;21.4492;-26;302;0.0929;147.4275;3.7328;17.3926;42.1354;217.2;197.4;255.2;148.6
308.5;1.2418;1.2500;22.5385;21.7500;-24;304;0.0147;148.0382;3.9313;18.0298;42.9350;217.5;196.1;258.4;149.6
309.0;1.2399;1.2500;22.8159;22.0371;-21;302;0.0538;148.6107;4.1221;18.7110;43.7346;219.9;194.5;260.0;150.7
309.5;1.2399;1.2500;22.8956;22.3118;-22;306;0.0244;149.2214;4.3282;19.3482;44.5343;223.5;193.7;260.0;152.3
310.0;1.2395;1.2500;23.2060;22.5742;-19;302;0.0733;149.7863;4.5344;20.0075;45.3339;227.0;191.9;260.5;154.4
310.5;1.2386;1.2500;23.4794;22.8242;-15;298;0.0538;150.3512;4.7481;20.6887;45.3339;234.1;190.8;257.1;156.0
311.0;1.2381;1.2500;23.6580;23.0618;-11;296;-0.0538;150.9542;4.9771;21.3698;46.1335;238.9;188.7;252.3;157.3
311.5;1.2376;1.2500;23.7473;23.2871;-11;296;0.0635;151.5114;5.1985;22.0510;46.9331;251.8;187.4;245.5;160.2
312.0;1.2376;1.2500;23.8297;23.5000;-11;298;0.0538;152.0687;5.4275;22.7322;47.7327;262.9;185.8;240.4;161.8
312.5;1.2367;1.2500;23.9698;23.6992;-9;296;0.0440;152.6260;5.6641;23.4134;47.7327;270.0;184.5;235.2;163.9
313.0;1.2367;1.2500;23.9560;23.8874;-11;298;-0.0440;153.2137;5.9237;24.0946;48.5323;270.0;182.9;230.1;165.5
313.5;1.2363;1.2500;24.1813;24.0618;-5;292;0.0147;153.7634;6.1756;24.7978;49.3319;270.0;182.1;225.7;167.6
314.0;1.2367;1.2500;24.1854;24.2239;-5;294;-0.0342;154.3435;6.4504;25.4790;50.1315;270.0;177.9;222.8;169.7
314.5;1.2358;1.2500;24.3887;24.3750;1;288;0.0244;154.8855;6.7099;26.1822;50.1315;270.0;176.0;220.6;171.6
315.0;1.2344;1.2500;24.5810;24.5124;5;284;0.0831;155.3893;6.9618;26.8853;50.9311;270.0;174.5;219.3;173.4
315.5;1.2335;1.2500;24.7637;24.6374;11;281;-0.0733;155.9618;7.2519;27.6105;51.7307;270.0;172.6;218.0;176.6
316.0;1.2326;1.2500;24.9588;24.7500;19;275;0.0831;156.5267;7.5573;28.3136;52.5304;270.0;171.0;215.9;178.4
316.5;1.2321;1.2500;24.9835;24.8489;21;273;0.0244;157.0534;7.8473;29.0168;53.3300;270.0;168.9;215.6;181.6
317.0;1.2321;1.2500;25.1181;24.9368;24;269;0.0831;157.6183;8.1603;29.7419;53.3300;270.0;167.3;214.0;183.7
317.5;1.2317;1.2500;25.1593;25.0124;28;265;-0.0049;158.1374;8.4656;30.4671;54.1296;270.0;165.7;212.7;186.3
318.0;1.2326;1.2500;25.3599;25.0742;34;259;0.1320;158.7252;8.8168;31.1922;54.9292;270.0;165.0;211.7;189.0
318.5;1.2340;1.2500;25.2775;25.0989;42;249;0.0831;159.2748;9.1527;31.9174;55.7288;270.0;163.6;209.3;192.7
319.0;1.2353;1.2500;25.4506;25.0989;54;236;0.0733;159.8168;9.4962;32.6425;56.5284;270.0;163.1;206.9;196.4
319.5;1.2363;1.2500;25.4876;25.0989;54;236;0.0538;160.3588;9.8473;33.3896;56.5284;270.0;162.6;204.5;198.5
320.0;1.2386;1.2500;25.5110;25.0989;54;234;-0.0147;160.9237;10.2290;34.1148;57.3280;270.0;162.1;201.6;201.9
320.5;1.2399;1.2500;25.5179;25.0989;54;234;0.0635;161.4504;10.5878;34.8619;58.1276;270.0;161.5;199.0;206.1
321.0;1.2418;1.2500;25.6154;25.0989;54;230;0.0831;161.9771;10.9618;35.5651;58.9272;270.0;161.5;196.4;208.2
321.5;1.2431;1.2500;25.6772;25.0989;54;228;0.0635;162.4962;11.3359;36.3122;59.7268;270.0;161.3;194.8;211.9
322.0;1.2440;1.2500;25.5577;25.0989;52;230;0.0635;163.0153;11.7252;37.0373;59.7268;270.0;161.3;191.1;215.6
322.5;1.2450;1.2500;25.5536;25.0989;50;230;0.0538;163.5267;12.1145;37.7844;60.5265;270.0;162.3;189.2;218.5
323.0;1.2445;1.2500;25.3462;25.0989;44;234;0.0733;163.9695;12.4580;38.5096;61.3261;270.0;163.4;185.5;225.7
323.5;1.2445;1.2500;25.4231;25.0989;46;234;0.0831;164.4657;12.8626;39.2347;62.1257;270.0;164.4;182.6;228.0
324.0;1.2454;1.2500;25.3695;25.0989;46;234;-0.0244;164.9924;13.2977;39.9599;62.9253;270.0;165.5;179.5;230.9
324.5;1.2454;1.2500;25.4368;25.0989;46;232;0.0831;165.4275;13.6641;40.6850;62.9253;270.0;167.1;177.4;233.8
325.0;1.2454;1.2500;25.4437;25.0989;46;232;0.0733;165.9084;14.0840;41.4101;63.7249;270.0;170.0;173.7;234.6
325.5;1.2454;1.2500;25.3654;25.0989;44;234;0.0733;166.3893;14.5115;42.1353;64.5245;270.0;178.4;171.0;234.4
326.0;1.2454;1.2500;25.4258;25.0989;46;232;0.0733;166.8626;14.9466;42.8604;65.3241;270.0;184.2;167.1;233.3
326.5;1.2463;1.2500;25.3626;25.0989;44;234;0.0733;167.3282;15.3893;43.5856;65.3241;270.0;191.1;164.7;231.5
327.0;1.2477;1.2500;25.3915;25.0989;44;232;0.1320;167.8244;15.8626;44.3327;66.1237;270.0;199.0;161.0;230.4
327.5;1.2495;1.2500;25.1703;25.0989;36;238;0.0831;168.3359;16.3740;45.0578;66.9233;270.0;209.6;153.9;228.0
328.0;1.2509;1.2500;25.1937;25.0989;36;236;0.1711;168.7634;16.8015;45.7610;67.7229;270.0;220.6;151.2;226.7
328.5;1.2523;1.2500;25.0165;25.0989;30;239;0.1515;169.2366;17.2977;46.4861;68.5226;270.0;234.1;148.6;226.2
329.0;1.2541;1.2500;25.1635;25.0989;32;236;0.0929;169.6718;17.7634;47.1893;69.3222;270.0;253.6;146.2;226.7
329.5;1.2550;1.2500;25.3201;25.0989;36;230;0.0538;170.1069;18.2366;47.9364;69.3222;270.0;270.0;143.8;226.5
330.0;1.2564;1.2500;25.5330;25.0989;40;224;0.0831;170.5343;18.7176;48.6616;70.1218;270.0;270.0;141.7;227.0
330.5;1.2582;1.2500;25.5096;25.0989;40;224;-0.0147;170.9847;19.2366;49.3867;70.9214;270.0;270.0;139.6;227.0
331.0;1.2592;1.2500;25.4451;25.0989;38;224;-0.0147;171.3741;19.6947;50.1119;71.7210;270.0;270.0;138.3;226.7
331.5;1.2596;1.2500;25.5398;25.0989;40;220;0.0440;171.7786;20.1908;50.8590;72.5206;270.0;270.0;137.0;226.2
332.0;1.2596;1.2500;25.3874;25.0989;34;224;0.1613;172.1603;20.6641;51.5841;72.5206;270.0;270.0;135.9;225.7
332.5;1.2596;1.2500;25.5261;25.0989;38;222;0.1613;172.5267;21.1374;52.3093;73.3202;270.0;270.0;135.1;223.5
333.0;1.2587;1.2500;25.3654;25.0989;34;226;-0.0147;172.8931;21.6183;53.0344;74.1198;270.0;270.0;134.9;220.6
333.5;1.2578;1.2500;25.4464;25.0989;36;222;0.0049;173.2519;22.0992;53.7595;74.9194;270.0;270.0;135.1;217.7
334.0;1.2573;1.2500;25.4643;25.0989;38;222;-0.1124;173.6336;22.6183;54.5067;74.9194;270.0;270.0;136.7;214.8
334.5;1.2560;1.2500;25.5769;25.0989;44;218;0.0049;173.9771;23.1145;55.2318;75.7190;270.0;270.0;137.2;209.0
335.0;1.2450;1.2500;25.6291;25.0989;52;212;0.0635;174.3435;23.6412;55.9569;76.5187;270.0;270.0;138.6;205.6
335.5;1.2367;1.2500;25.4135;25.0989;50;224;0.1515;174.6794;24.1450;56.6821;77.3183;270.0;270.0;139.6;203.2
336.0;1.2303;1.2500;25.4052;25.0989;54;230;-0.0147;175.0076;24.6489;57.4072;78.1179;270.0;270.0;140.9;200.8
336.5;1.2262;1.2500;25.1978;25.0865;56;234;-0.0049;175.3282;25.1603;58.1324;78.1179;270.0;270.0;142.8;197.7
337.0;1.2230;1.2500;25.4011;25.0618;69;228;-0.0049;175.6412;25.6794;58.8575;78.9175;270.0;270.0;143.6;194.8
337.5;1.2212;1.2500;25.2747;25.0247;71;228;0.0635;175.9695;26.2290;59.6046;79.7171;270.0;270.0;144.1;192.9
338.0;1.2198;1.2500;25.3915;24.9739;81;222;0.0049;176.2672;26.7481;60.3078;80.5167;270.0;270.0;144.9;190.0
338.5;1.2193;1.2500;25.3956;24.9121;89;218;0.1222;176.6031;27.3435;61.0549;80.5167;270.0;270.0;147.5;187.9
339.0;1.2193;1.2500;25.2843;24.8365;91;214;0.0244;176.8931;27.8779;61.7581;81.3163;270.0;270.0;147.8;185.3
339.5;1.2198;1.2500;25.1113;24.7500;93;212;0.0831;177.1908;28.4427;62.4832;82.1159;270.0;270.0;148.6;183.7
340.0;1.2212;1.2500;25.0824;24.6497;99;206;-0.0049;177.5038;29.0534;63.2084;82.9155;270.0;270.0;148.9;180.8
340.5;1.2230;1.2500;25.0330;24.5371;105;200;-0.0147;177.8092;29.6641;63.9335;83.7151;270.0;270.0;149.4;178.7
341.0;1.2253;1.2500;24.7184;24.4121;103;200;-0.0635;178.0916;30.2443;64.6367;84.5147;270.0;270.0;149.4;176.6
341.5;1.2276;1.2500;24.6799;24.2747;109;193;-0.0538;178.3588;30.8244;65.3398;84.5147;270.0;270.0;149.6;174.7
342.0;1.2299;1.2500;24.3049;24.1250;107;193;0.0244;178.6412;31.4504;66.0430;85.3144;270.0;270.0;150.2;172.6
342.5;1.2317;1.2500;24.3420;23.9615;114;183;0.0244;178.8855;32.0000;66.7242;86.1140;270.0;270.0;150.2;171.0
343.0;1.2335;1.2500;24.3489;23.7871;122;171;-0.0049;179.1450;32.6336;67.4493;86.9136;270.0;270.0;150.2;168.9
343.5;1.2358;1.2500;24.3860;23.5989;132;159;-0.0244;179.3893;33.2290;68.1305;87.7132;270.0;270.0;151.2;168.1
344.0;1.2376;1.2500;24.2637;23.3997;138;153;-0.0538;179.6260;33.8244;68.8117;87.7132;270.0;270.0;151.0;166.0
344.5;1.2386;1.2500;23.9602;23.1868;140;150;-0.1222;179.8397;34.3893;69.5149;88.5128;270.0;270.0;151.2;164.7
345.0;1.2395;1.2500;23.7624;22.9615;144;144;-0.0538;180.0611;34.9924;70.1961;89.3124;270.0;270.0;151.2;163.1
345.5;1.2404;1.2500;23.3791;22.7239;144;142;-0.0147;180.2748;35.5954;70.8773;90.1120;265.5;270.0;152.0;161.0
346.0;1.2418;1.2500;23.1964;22.4739;150;136;0.0049;180.4809;36.2061;71.5365;90.9116;266.0;270.0;151.8;159.9
346.5;1.2427;1.2500;22.7129;22.2115;148;134;-0.1515;180.6870;36.8168;72.1738;90.9116;263.1;270.0;151.5;158.1
347.0;1.2436;1.2500;22.5014;21.9368;155;128;-0.0733;180.8626;37.3893;72.8330;91.7112;259.2;270.0;151.2;156.8
347.5;1.2440;1.2500;22.0852;21.6497;155;124;-0.0635;181.0611;38.0458;73.4483;92.5108;256.3;270.0;152.6;155.2
348.0;1.2445;1.2500;21.7376;21.3489;159;120;-0.0342;181.2290;38.6260;74.0855;93.3105;255.0;270.0;154.4;153.6
348.5;1.2450;1.2500;21.4382;21.0371;165;116;-0.1124;181.4046;39.2443;74.6788;94.1101;250.5;270.0;156.5;152.3
349.0;1.2450;1.2500;21.2692;20.7115;175;107;-0.1906;181.5649;39.8244;75.2941;94.1101;248.4;270.0;158.6;151.2
349.5;1.2450;1.2500;20.8681;20.3750;179;103;-0.1124;181.7176;40.4504;75.9093;94.9097;246.5;270.0;162.6;149.9
350.0;1.2454;1.2500;20.4368;20.0247;181;99;-0.0733;181.8779;41.0763;76.5026;95.7093;244.1;270.0;170.2;148.9
350.5;1.2459;1.2500;20.2184;19.6621;189;91;-0.1320;182.0153;41.6641;77.0520;96.5089;243.3;270.0;173.9;147.5
351.0;1.2454;1.2500;19.7637;19.2871;193;87;-0.1515;182.1450;42.2519;77.6453;96.5089;240.7;270.0;176.8;146.0
351.5;1.2454;1.2500;19.6085;18.8997;204;75;-0.1906;182.2748;42.8779;78.1946;97.3085;236.2;270.0;181.1;145.2
352.0;1.2463;1.2500;19.0893;18.5000;206;71;-0.1320;182.4122;43.5496;78.7660;98.1081;233.0;270.0;187.9;143.8
352.5;1.2477;1.2500;18.5769;18.0865;210;69;-0.1515;182.5343;44.1832;79.2714;98.9077;230.4;270.0;199.3;142.3
353.0;1.2486;1.2500;18.1058;17.6621;212;64;-0.0733;182.6488;44.7710;79.7768;99.7073;226.7;270.0;215.4;140.7
353.5;1.2491;1.2500;17.6717;17.2239;216;58;-0.1417;182.7557;45.4046;80.3041;99.7073;225.7;270.0;235.4;139.1
354.0;1.2495;1.2500;17.2033;16.7747;222;54;0.0244;182.8626;46.0382;80.8096;100.5069;222.0;270.0;261.3;137.5
354.5;1.2505;1.2500;16.5165;16.3242;216;58;-0.0929;182.9618;46.6718;81.2710;101.3066;220.1;270.0;270.0;135.9
355.0;1.2509;1.2500;16.0618;15.8750;218;58;0.0049;183.0534;47.2748;81.7105;102.1062;218.8;270.0;270.0;135.4
355.5;1.2505;1.2500;15.4863;15.4245;214;60;0.0147;183.1374;47.8702;82.1719;102.9058;217.2;270.0;270.0;133.5
356.0;1.2505;1.2500;15.0989;14.9739;218;56;-0.0538;183.2214;48.5038;82.5894;102.9058;214.0;270.0;270.0;132.8
356.5;1.2514;1.2500;14.5975;14.5247;218;56;-0.1320;183.3053;49.1832;83.0289;103.7054;214.8;270.0;270.0;129.6
357.0;1.2527;1.2500;14.1291;14.0742;218;54;-0.0049;183.3817;49.8244;83.4245;104.5050;213.5;270.0;270.0;127.7
357.5;1.2546;1.2500;13.5687;13.6250;216;56;-0.0733;183.4580;50.5038;83.8200;105.3046;210.6;270.0;270.0;127.2
358.0;1.2569;1.2500;12.9657;13.1745;212;56;-0.0635;183.5267;51.1832;84.1936;106.1042;209.6;270.0;270.0;125.9
358.5;1.2587;1.2500;12.3571;12.7239;208;58;0.0440;183.5954;51.8244;84.5451;106.9038;208.2;270.0;270.0;124.3
359.0;1.2605;1.2500;11.9135;12.2747;208;56;-0.0244;183.6565;52.5038;84.8747;106.9038;205.3;270.0;270.0;122.7
359.5;1.2619;1.2500;11.3832;11.8242;206;56;-0.0733;183.7099;53.1450;85.2044;107.7034;205.3;270.0;270.0;121.9
360.0;1.2628;1.2500;10.7390;11.3750;202;58;-0.0635;183.7634;53.7863;85.5120;108.5030;204.8;270.0;270.0;121.1
360.5;1.2637;1.2500;10.4231;10.9245;206;52;-0.0440;183.8092;54.4275;85.8196;109.3027;205.6;270.0;270.0;121.4
361.0;1.2642;1.2500;9.9231;10.4739;206;52;-0.0440;183.8550;55.0687;86.1053;110.1023;204.8;270.0;270.0;121.7
361.5;1.2642;1.2500;9.6525;10.0247;212;44;-0.0929;183.8931;55.6641;86.3690;110.1023;203.0;268.4;270.0;122.5
362.0;1.2642;1.2500;9.2692;9.5742;216;40;-0.0831;183.9313;56.2672;86.6327;110.9019;201.4;266.6;270.0;122.7
362.5;1.2633;1.2500;8.9615;9.1250;222;34;-0.0831;183.9695;56.8702;86.8964;111.7015;201.1;263.1;270.0;123.3
363.0;1.2624;1.2500;8.4492;8.6745;222;34;-0.1417;184.0000;57.5115;87.1381;112.5011;202.2;261.0;270.0;123.3
363.5;1.2619;1.2500;7.8832;8.2239;220;36;-0.0342;184.0305;58.1145;87.3578;112.5011;199.0;258.7;270.0;123.3
364.0;1.2624;1.2500;7.3929;7.7747;220;36;-0.0147;184.0611;58.7939;87.5775;113.3007;198.5;257.3;270.0;122.7
364.5;1.2628;1.2500;6.8723;7.3365;214;42;0.0733;184.0840;59.4427;87.7753;114.1003;197.9;255.7;270.0;122.5
365.0;1.2637;1.2500;6.5481;6.9121;212;42;-0.0733;184.1069;60.0840;87.9511;114.8999;197.4;254.2;270.0;122.2
365.5;1.2647;1.2500;5.9176;6.5000;204;50;0.0244;184.1298;60.7634;88.1269;115.6995;196.6;253.1;270.0;123.3
366.0;1.2660;1.2500;5.6030;6.0989;202;50;-0.0342;184.1527;61.4046;88.2807;116.4991;196.1;251.5;270.0;124.0
366.5;1.2669;1.2500;5.1484;5.7115;198;54;-0.0244;184.1679;62.0534;88.4345;116.4991;195.3;251.0;270.0;126.2
367.0;1.2679;1.2500;4.8022;5.3365;196;54;-0.0147;184.1832;62.6947;88.5664;117.2988;195.0;250.2;270.0;128.8
367.5;1.2701;1.2500;4.4629;4.9739;193;56;-0.0049;184.2061;63.4198;88.6982;118.0984;194.5;248.9;270.0;132.2
368.0;1.2715;1.2500;4.2500;4.6250;193;54;0.0049;184.2214;64.0611;88.8301;118.8980;194.0;248.9;270.0;138.3
368.5;1.2738;1.2500;3.8269;4.2871;187;58;-0.0538;184.2290;64.7405;88.9399;119.6976;194.5;247.3;270.0;141.2
369.0;1.2752;1.2500;3.2775;3.9615;175;65;0.0440;184.2443;65.3893;89.0278;120.4972;194.3;247.0;270.0;144.4
369.5;1.2766;1.2500;3.0302;3.6497;173;65;0.0538;184.2519;66.0305;89.1157;120.4972;193.7;245.7;270.0;147.3
370.0;1.2775;1.2500;2.5179;3.3489;163;73;0.0635;184.2595;66.6718;89.1816;121.2968;193.7;245.7;270.0;151.5
370.5;1.2788;1.2500;2.3365;3.0618;163;73;-0.0049;184.2748;67.3588;89.2476;122.0964;193.5;244.4;270.0;154.1
371.0;1.2793;1.2500;1.9506;2.7871;155;79;0.0049;184.2824;68.0382;89.3135;122.8960;192.1;243.9;270.0;157.3
371.5;1.2802;1.2500;1.5549;2.5247;150;83;0.0244;184.2901;68.7252;89.3574;123.6956;192.1;243.3;270.0;160.7
372.0;1.2802;1.2500;1.3104;2.2747;146;87;0.0342;184.2901;69.3206;89.4014;123.6956;191.3;243.1;270.0;164.7
372.5;1.2802;1.2500;1.1497;2.0371;146;87;-0.0440;184.2977;69.9695;89.4234;124.4952;190.8;242.8;270.0;169.2
373.0;1.2798;1.2500;1.0920;1.8118;146;87;-0.0440;184.3053;70.6107;89.4453;125.2948;190.8;241.8;270.0;174.2
373.5;1.2793;1.2500;0.9684;1.5989;144;89;0.1222;184.3130;71.2519;89.4893;126.0945;189.2;241.0;270.0;178.9
374.0;1.2788;1.2500;1.0055;1.3997;148;85;0.0440;184.3206;71.8550;89.5113;126.8941;190.0;239.6;270.0;185.3
374.5;1.2779;1.2500;0.6717;1.2115;140;93;0.1320;184.3206;72.4962;89.5332;126.8941;190.0;239.4;270.0;191.9
375.0;1.2779;1.2500;0.7857;1.0371;144;89;-0.0342;184.3282;73.1450;89.5552;127.6937;189.2;238.9;270.0;199.8
375.5;1.2779;1.2500;0.5646;0.8750;138;93;-0.0244;184.3359;73.7863;89.5772;128.4933;189.8;238.9;270.0;208.8
376.0;1.2779;1.2500;0.6470;0.7239;140;91;-0.0244;184.3359;74.4275;89.5992;129.2929;187.9;238.3;270.0;218.3
376.5;1.2779;1.2500;0.6058;0.5865;140;91;-0.0244;184.3435;75.0687;89.5992;130.0925;187.1;238.1;270.0;229.6
377.0;1.2779;1.2500;0.2940;0.4615;132;99;-0.0929;184.3435;75.7557;89.6211;130.8921;186.3;237.3;270.0;242.6
377.5;1.2779;1.2500;0.1497;0.3489;126;103;-0.0147;184.3512;76.3969;89.6211;130.8921;186.3;237.3;270.0;259.7
378.0;1.2779;1.2500;-0.0206;0.2500;122;109;-0.0049;184.3512;77.0382;89.6211;131.6917;185.8;237.5;270.0;270.0
378.5;1.2779;1.2500;0.0646;0.1621;122;109;-0.0049;184.3588;77.6870;89.6211;132.4913;186.3;238.3;270.0;270.0
379.0;1.2784;1.2500;-0.2775;0.0865;112;118;-0.0733;184.3664;78.3664;89.6211;133.2909;185.8;237.3;270.0;270.0
379.5;1.2788;1.2500;-0.1085;0.0247;114;114;-0.0049;184.3664;79.0076;89.5992;134.0906;184.8;236.2;270.0;270.0
380.0;1.2798;1.2500;-0.4135;0.0000;112;114;0.0049;184.3741;79.6565;89.5992;134.0906;184.5;236.7;270.0;270.0
380.5;1.2798;1.2500;-0.3997;0.0000;107;122;0.0049;184.3741;80.2977;89.5772;134.8902;184.0;235.7;270.0;270.0
381.0;1.2802;1.2500;-0.2486;0.0000;110;118;0.0049;184.3817;80.9389;89.5772;135.6898;182.6;235.2;270.0;270.0
381.5;1.2816;1.2500;-0.1566;0.0000;112;114;-0.0831;184.3817;81.6260;89.5772;136.4894;183.2;234.9;270.0;270.0
382.0;1.2825;1.2500;-0.1277;0.0000;112;112;-0.0049;184.3893;82.2672;89.5772;137.2890;182.4;233.8;270.0;270.0
382.5;1.2839;1.2500;-0.2266;0.0000;110;114;-0.0831;0.6794;0.0000;-0.0109;0.5557;181.6;233.8;270.0;270.0
383.0;1.2848;1.2500;-0.1415;0.0000;110;110;0.0049;1.3206;-0.0076;-0.0109;0.5557;181.1;231.5;270.0;270.0
383.5;1.2857;1.2500;-0.2555;0.0000;109;112;-0.0733;2.0076;-0.0076;-0.0328;1.3553;180.5;229.9;270.0;270.0
384.0;1.2857;1.2500;0.0783;0.0000;116;103;-0.0929;2.6870;-0.0076;-0.0109;2.1549;180.5;229.1;270.0;270.0
384.5;1.2853;1.2500;-0.1277;0.0000;110;109;-0.0831;3.2901;-0.0076;-0.0328;2.9546;180.8;228.6;270.0;270.0
385.0;1.2843;1.2500;0.0728;0.0000;116;103;-0.0831;3.8931;-0.0076;-0.0109;3.7542;179.7;227.8;270.0;270.0
385.5;1.2839;1.2500;-0.0989;0.0000;112;107;-0.1613;4.5344;-0.0076;-0.0328;3.7542;179.2;227.2;270.0;270.0
386.0;1.2830;1.2500;-0.0879;0.0000;114;109;-0.0049;5.1832;-0.0076;-0.0328;4.5538;179.2;226.7;270.0;270.0
386.5;1.2830;1.2500;0.0179;0.0000;116;105;-0.0049;5.8244;-0.0076;-0.0328;5.3534;180.0;226.7;270.0;270.0
387.0;1.2830;1.2500;0.0948;0.0000;118;103;-0.1711;6.4656;-0.0076;-0.0328;6.1530;179.2;225.7;270.0;270.0
387.5;1.2821;1.2500;0.0371;0.0000;116;103;-0.0831;7.0687;-0.0076;-0.0328;6.9526;179.2;225.7;270.0;270.0
388.0;1.2816;1.2500;-0.2047;0.0000;110;109;-0.1613;7.7099;-0.0076;-0.0328;6.9526;178.7;225.1;270.0;270.0
388.5;1.2807;1.2500;0.0000;0.0000;116;105;-0.0831;8.3130;-0.0076;-0.0328;7.7522;177.1;224.6;270.0;270.0
389.0;1.2802;1.2500;-0.2555;0.0000;110;110;0.0049;8.9618;-0.0076;-0.0328;8.5518;176.0;224.3;270.0;270.0
389.5;1.2784;1.2500;-0.0412;0.0000;116;107;0.0733;9.5649;-0.0076;-0.0328;9.3514;175.8;224.1;270.0;270.0
390.0;1.2761;1.2500;-0.1607;0.0000;114;110;0.0049;10.1221;-0.0076;-0.0328;9.3514;176.0;224.1;270.0;270.0
390.5;1.2734;1.2500;-0.2527;0.0000;112;114;0.0831;10.7252;-0.0076;-0.0548;10.1510;176.3;223.5;270.0;270.0
391.0;1.2706;1.2500;-0.3462;0.0000;110;118;0.0049;11.3664;-0.0076;-0.0548;10.9506;175.8;224.6;270.0;270.0
391.5;1.2683;1.2500;-0.2569;0.0000;114;118;0.0049;12.0153;-0.0076;-0.0768;11.7503;174.5;224.3;270.0;270.0
392.0;1.2660;1.2500;-0.0989;0.0000;120;116;-0.0831;12.6183;-0.0076;-0.0768;12.5499;174.7;225.1;270.0;270.0
392.5;1.2637;1.2500;-0.0330;0.0000;122;116;-0.0049;13.2595;-0.0076;-0.0768;12.5499;172.9;224.1;270.0;270.0
393.0;1.2610;1.2500;0.0907;0.0000;126;114;-0.0049;13.8244;-0.0076;-0.0768;13.3495;172.6;223.0;270.0;270.0
393.5;1.2582;1.2500;-0.0989;0.0000;124;120;-0.0049;14.3817;-0.0076;-0.0768;14.1491;172.1;222.0;270.0;270.0
394.0;1.2555;1.2500;0.1058;0.0000;130;118;-0.0049;15.0305;-0.0076;-0.0768;14.9487;171.6;221.2;270.0;270.0
394.5;1.2527;1.2500;-0.0275;0.0000;128;122;-0.0049;15.5878;-0.0076;-0.0768;14.9487;171.3;220.6;270.0;270.0
395.0;1.2505;1.2500;0.0453;0.0000;132;122;-0.0049;16.2366;-0.0153;-0.0768;15.7483;172.1;220.6;270.0;270.0
395.5;1.2486;1.2500;-0.0288;0.0000;132;126;0.0733;16.8397;-0.0153;-0.0768;16.5479;171.3;220.6;270.0;270.0
396.0;1.2459;1.2500;-0.2157;0.0000;128;132;0.0049;17.3969;-0.0153;-0.0768;17.3475;170.5;219.6;270.0;270.0
396.5;1.2431;1.2500;-0.3352;0.0000;126;138;0.0049;17.9618;-0.0153;-0.0768;17.3475;170.0;220.1;270.0;270.0
397.0;1.2404;1.2500;-0.3255;0.0000;128;138;-0.0733;18.5649;-0.0153;-0.0988;18.1471;169.7;218.3;270.0;270.0
397.5;1.2386;1.2500;-0.1786;0.0000;136;136;0.0049;19.2061;-0.0153;-0.0988;18.9467;169.7;217.7;270.0;270.0
398.0;1.2372;1.2500;-0.3063;0.0000;132;140;-0.0733;19.8092;-0.0153;-0.0988;19.7464;167.3;216.7;270.0;270.0
398.5;1.2363;1.2500;-0.1058;0.0000;138;134;-0.0049;20.4504;-0.0153;-0.0988;19.7464;167.1;216.4;270.0;270.0
399.0;1.2349;1.2500;-0.2294;0.0000;136;140;0.0049;21.0153;-0.0153;-0.1207;20.5460;166.0;215.4;270.0;270.0
399.5;1.2340;1.2500;-0.2047;0.0000;136;138;-0.0733;21.7023;-0.0229;-0.1207;21.3456;166.5;215.6;270.0;270.0
400.0;1.2321;1.2500;-0.2912;0.0000;136;142;0.0831;22.2214;-0.0229;-0.1207;22.1452;165.2;215.1;270.0;270.0
400.5;1.2294;1.2500;-0.2019;0.0000;140;142;0.0049;22.7863;-0.0229;-0.1427;22.1452;166.5;214.6;270.0;270.0
401.0;1.2271;1.2500;-0.1937;0.0000;140;144;0.0831;23.3893;-0.0229;-0.1427;22.9448;165.0;214.6;270.0;270.0
401.5;1.2248;1.2500;-0.3407;0.0000;138;148;-0.0733;23.9924;-0.0229;-0.1427;23.7444;164.2;214.3;270.0;270.0
402.0;1.2225;1.2500;-0.3077;0.0000;142;150;0.0049;24.5496;-0.0229;-0.1647;24.5440;165.2;214.3;270.0;270.0
402.5;1.2202;1.2500;-0.4698;0.0000;138;155;0.0147;25.1145;-0.0305;-0.1647;24.5440;163.9;214.3;270.0;270.0
403.0;1.2179;1.2500;-0.2390;0.0000;146;150;-0.0733;25.7176;-0.0305;-0.1867;25.3436;163.4;213.5;270.0;270.0
403.5;1.2161;1.2500;-0.3832;0.0000;144;155;-0.0733;26.3206;-0.0305;-0.1867;26.1432;163.4;214.0;270.0;270.0
404.0;1.2138;1.2500;-0.2431;0.0000;148;153;0.0049;26.8855;-0.0305;-0.1867;26.1432;162.1;213.0;270.0;270.0
404.5;1.2115;1.2500;-0.3681;0.0000;148;159;0.0049;27.4427;-0.0382;-0.2086;26.9428;161.8;214.0;270.0;270.0
405.0;1.2097;1.2500;-0.3709;0.0000;150;161;0.0049;28.0916;-0.0382;-0.2086;27.7425;161.5;212.5;270.0;270.0
405.5;1.2079;1.2500;-0.2102;0.0000;153;157;0.0049;28.6489;-0.0382;-0.2306;28.5421;161.5;211.4;270.0;270.0
406.0;1.2060;1.2500;-0.0852;0.0000;157;157;0.0831;29.2519;-0.0382;-0.2306;28.5421;160.2;210.4;270.0;270.0
406.5;1.2051;1.2500;-0.0522;0.0000;159;155;-0.0831;29.8550;-0.0458;-0.2306;29.3417;160.5;209.8;270.0;270.0
407.0;1.2038;1.2500;-0.2527;0.0000;155;161;0.0049;30.4198;-0.0458;-0.2306;30.1413;159.4;209.0;270.0;270.0
407.5;1.2028;1.2500;-0.0385;0.0000;161;159;0.0733;31.0229;-0.0458;-0.2306;30.9409;159.4;208.5;270.0;270.0
408.0;1.2028;1.2500;-0.2486;0.0000;157;165;0.0049;31.6641;-0.0534;-0.2526;30.9409;158.9;209.6;270.0;270.0
408.5;1.2028;1.2500;-0.0893;0.0000;161;161;-0.0831;32.2672;-0.0534;-0.2526;31.7405;157.6;208.8;270.0;270.0
409.0;1.2028;1.2500;-0.2637;0.0000;157;165;0.0831;32.8702;-0.0534;-0.2526;32.5401;157.8;208.0;270.0;270.0
409.5;1.2024;1.2500;-0.1607;0.0000;159;161;0.0049;33.4351;-0.0611;-0.2526;33.3397;157.0;206.7;270.0;270.0
410.0;1.2015;1.2500;-0.3860;0.0000;153;167;0.0049;34.0763;-0.0611;-0.2746;33.3397;156.2;205.9;270.0;270.0
410.5;1.2005;1.2500;-0.4354;0.0000;153;169;0.0147;34.6412;-0.0611;-0.2746;34.1393;155.5;205.1;270.0;270.0
411.0;1.1987;1.2500;-0.3077;0.0000;157;167;0.0049;35.2061;-0.0687;-0.2965;34.9389;155.2;205.1;270.0;270.0
411.5;1.1973;1.2500;-0.2610;0.0000;159;167;0.0049;35.7634;-0.0687;-0.2965;35.7386;153.9;204.5;270.0;270.0
412.0;1.1969;1.2500;-0.1552;0.0000;165;167;0.0049;36.4122;-0.0687;-0.2965;35.7386;153.9;204.3;270.0;270.0
412.5;1.1969;1.2500;-0.4657;0.0000;157;175;-0.0733;37.0076;-0.0763;-0.3185;36.5382;152.8;204.3;270.0;270.0
413.0;1.1969;1.2500;-0.3228;0.0000;161;171;0.0049;37.6565;-0.0763;-0.3185;37.3378;151.8;204.0;270.0;270.0
413.5;1.1969;1.2500;-0.5110;0.0000;155;177;-0.0635;38.2595;-0.0840;-0.3405;38.1374;152.3;204.0;270.0;270.0
414.0;1.1969;1.2500;-0.4519;0.0000;157;177;0.0929;38.8626;-0.0840;-0.3624;38.1374;152.8;203.8;270.0;270.0
414.5;1.1969;1.2500;-0.4492;0.0000;157;177;0.0929;39.4656;-0.0916;-0.3624;38.9370;151.2;203.2;270.0;270.0
415.0;1.1964;1.2500;-0.4670;0.0000;157;179;0.0929;40.0687;-0.0916;-0.3844;39.7366;151.2;204.3;270.0;270.0
415.5;1.1973;1.2500;-0.4643;0.0000;157;179;0.0147;40.7099;-0.0992;-0.3844;40.5362;149.9;203.5;270.0;270.0
416.0;1.1978;1.2500;-0.3736;0.0000;159;177;0.0929;41.3130;-0.0992;-0.4064;40.5362;149.1;201.9;270.0;270.0
416.5;1.1983;1.2500;-0.1387;0.0000;165;171;0.0831;41.9160;-0.1069;-0.4064;41.3358;148.1;201.4;270.0;270.0
417.0;1.1996;1.2500;-0.1923;0.0000;163;171;0.0049;42.5573;-0.1069;-0.4064;42.1354;148.6;200.3;270.0;270.0
417.5;1.2010;1.2500;0.0000;0.0000;169;167;-0.0049;43.1985;-0.1145;-0.4064;42.9350;147.8;200.3;270.0;270.0
418.0;1.2019;1.2500;-0.1071;0.0000;163;167;0.0831;43.8015;-0.1221;-0.4064;43.7346;148.9;200.3;270.0;270.0
418.5;1.2024;1.2500;-0.1085;0.0000;165;167;-0.0831;44.4046;-0.1221;-0.4284;43.7346;147.5;199.3;270.0;270.0
419.0;1.2028;1.2500;-0.1868;0.0000;163;171;0.0831;45.0076;-0.1298;-0.4284;44.5343;146.7;198.5;270.0;270.0
419.5;1.2038;1.2500;-0.1181;0.0000;163;167;-0.0049;45.6489;-0.1298;-0.4284;45.3339;145.7;197.7;270.0;270.0
420.0;1.2060;1.2500;-0.0632;0.0000;165;167;0.0733;46.3359;-0.1374;-0.4284;46.1335;145.7;197.2;270.0;270.0
420.5;1.2083;1.2500;-0.1992;0.0000;159;167;0.0049;46.9771;-0.1450;-0.4284;46.9331;145.7;197.4;270.0;270.0
421.0;1.2102;1.2500;-0.1346;0.0000;159;163;-0.0049;47.6183;-0.1450;-0.4284;46.9331;145.7;196.4;270.0;270.0
421.5;1.2134;1.2500;-0.2500;0.0000;155;167;0.0831;48.3053;-0.1527;-0.4503;47.7327;144.4;195.8;270.0;270.0
422.0;1.2157;1.2500;0.0288;0.0000;159;157;-0.0049;48.9466;-0.1603;-0.4503;48.5323;144.1;194.8;270.0;270.0
422.5;1.2179;1.2500;-0.0055;0.0000;157;157;0.0733;49.6336;-0.1603;-0.4503;49.3319;143.0;195.3;270.0;270.0
423.0;1.2202;1.2500;0.1264;0.0000;161;153;-0.0049;50.2748;-0.1679;-0.4503;50.1315;141.5;194.3;270.0;270.0
423.5;1.2216;1.2500;0.0714;0.0000;157;153;0.0733;50.8779;-0.1679;-0.4284;50.1315;141.2;194.3;270.0;270.0
424.0;1.2244;1.2500;-0.0453;0.0000;153;155;-0.0049;51.6031;-0.1756;-0.4503;50.9311;140.4;193.7;270.0;270.0
424.5;1.2271;1.2500;0.1470;0.0000;157;150;-0.0147;52.2443;-0.1832;-0.4284;51.7307;141.2;193.5;270.0;270.0
425.0;1.2285;1.2500;0.1264;0.0000;157;148;-0.0049;52.8855;-0.1832;-0.4284;52.5304;140.4;193.2;270.0;270.0
425.5;1.2308;1.2500;0.1937;0.0000;157;146;0.0733;53.5725;-0.1908;-0.4284;53.3300;139.9;193.2;270.0;270.0
426.0;1.2331;1.2500;-0.0179;0.0000;150;150;-0.0049;54.2137;-0.1985;-0.4284;54.1296;138.6;194.5;270.0;270.0
426.5;1.2349;1.2500;0.1236;0.0000;152;144;-0.0049;54.8550;-0.1985;-0.4284;54.1296;138.3;193.2;270.0;270.0
427.0;1.2376;1.2500;-0.1305;0.0000;146;152;0.0831;55.5420;-0.2061;-0.4284;54.9292;138.0;192.1;270.0;270.0
427.5;1.2395;1.2500;0.0330;0.0000;148;146;-0.0049;56.1832;-0.2137;-0.4284;55.7288;138.0;191.6;270.0;270.0
428.0;1.2413;1.2500;0.0000;0.0000;146;144;-0.0049;56.8244;-0.2137;-0.4284;56.5284;137.5;191.3;270.0;270.0
428.5;1.2431;1.2500;0.0989;0.0000;148;142;0.0733;57.5115;-0.2214;-0.4284;57.3280;137.2;190.0;270.0;270.0
429.0;1.2445;1.2500;-0.0261;0.0000;144;142;-0.0049;58.1527;-0.2214;-0.4284;58.1276;137.2;189.8;270.0;270.0
429.5;1.2459;1.2500;-0.1305;0.0000;140;144;0.0831;58.8321;-0.2290;-0.4284;58.1276;135.7;189.0;270.0;270.0
430.0;1.2473;1.2500;0.0701;0.0000;144;138;-0.0049;59.4809;-0.2366;-0.4284;58.9272;134.6;188.4;270.0;270.0
430.5;1.2486;1.2500;-0.0261;0.0000;140;140;-0.0049;60.1221;-0.2366;-0.4284;59.7268;134.9;187.9;270.0;270.0
431.0;1.2495;1.2500;0.1580;0.0000;144;134;0.0733;60.8015;-0.2443;-0.4284;60.5265;133.3;187.9;270.0;270.0
431.5;1.2509;1.2500;-0.1607;0.0000;136;142;0.0049;61.4427;-0.2519;-0.4284;61.3261;132.0;186.9;270.0;270.0
432.0;1.2518;1.2500;-0.0398;0.0000;136;136;-0.0049;62.1679;-0.2519;-0.4284;62.1257;132.2;186.1;270.0;270.0
432.5;1.2523;1.2500;-0.2198;0.0000;132;140;0.0831;62.7710;-0.2595;-0.4284;62.1257;132.0;185.5;270.0;270.0
433.0;1.2527;1.2500;-0.0371;0.0000;136;136;-0.0049;63.4122;-0.2595;-0.4284;62.9253;130.9;184.5;270.0;270.0
433.5;1.2541;1.2500;0.0426;0.0000;136;132;-0.0049;64.1374;-0.2672;-0.4284;63.7249;130.4;184.0;270.0;270.0
434.0;1.2550;1.2500;-0.1525;0.0000;132;138;0.0831;64.7405;-0.2748;-0.4284;64.5245;129.6;183.4;270.0;270.0
434.5;1.2560;1.2500;-0.2033;0.0000;128;140;0.0049;65.4657;-0.2748;-0.4503;65.3241;129.3;182.9;270.0;270.0
435.0;1.2569;1.2500;-0.2706;0.0000;124;140;0.0831;66.0687;-0.2824;-0.4503;65.3241;128.5;183.4;270.0;270.0
435.5;1.2578;1.2500;-0.0165;0.0000;132;134;0.0733;66.8321;-0.2901;-0.4503;66.1237;128.3;184.0;270.0;270.0
436.0;1.2592;1.2500;-0.1126;0.0000;128;134;-0.0049;67.4733;-0.2901;-0.4503;66.9233;127.5;183.4;270.0;270.0
436.5;1.2601;1.2500;0.1099;0.0000;134;128;-0.0049;68.1145;-0.2977;-0.4503;67.7229;126.2;183.4;270.0;270.0
437.0;1.2610;1.2500;-0.1016;0.0000;128;134;-0.0049;68.7634;-0.3053;-0.4503;68.5226;126.2;182.9;270.0;270.0
437.5;1.2619;1.2500;-0.0549;0.0000;128;132;-0.0049;69.4046;-0.3053;-0.4503;69.3222;125.4;182.9;270.0;270.0
438.0;1.2628;1.2500;-0.2019;0.0000;124;134;0.0049;70.0458;-0.3130;-0.4723;69.3222;124.8;182.4;270.0;270.0
438.5;1.2637;1.2500;-0.0275;0.0000;128;128;-0.0049;70.6870;-0.3206;-0.4723;70.1218;124.3;181.3;270.0;270.0
439.0;1.2647;1.2500;0.0783;0.0000;132;126;-0.0049;71.3359;-0.3206;-0.4503;70.9214;124.3;180.3;270.0;270.0
439.5;1.2651;1.2500;-0.0577;0.0000;126;128;-0.0049;71.9771;-0.3282;-0.4723;71.7210;123.3;179.5;270.0;270.0
440.0;1.2665;1.2500;0.0481;0.0000;130;124;-0.0831;72.6565;-0.3359;-0.4503;72.5206;123.3;178.9;270.0;270.0
440.5;1.2679;1.2500;-0.1099;0.0000;124;128;-0.0049;73.3053;-0.3359;-0.4723;72.5206;122.5;178.4;270.0;270.0
441.0;1.2688;1.2500;0.1607;0.0000;132;120;-0.0929;73.9847;-0.3435;-0.4503;73.3202;121.7;177.6;270.0;270.0
441.5;1.2697;1.2500;0.0687;0.0000;128;122;-0.0049;74.6260;-0.3511;-0.4503;74.1198;121.1;177.9;270.0;270.0
442.0;1.2706;1.2500;0.2088;0.0000;132;118;-0.0147;75.2748;-0.3511;-0.4503;74.9194;121.9;176.8;270.0;270.0
442.5;1.2715;1.2500;0.1209;0.0000;128;120;0.0733;75.9542;-0.3588;-0.4503;75.7190;122.5;176.6;270.0;270.0
443.0;1.2729;1.2500;-0.0082;0.0000;122;122;-0.0049;76.5954;-0.3664;-0.4503;76.5187;121.4;175.8;270.0;270.0
443.5;1.2738;1.2500;0.0948;0.0000;124;116;-0.0929;77.2824;-0.3664;-0.4503;76.5187;120.1;175.0;270.0;270.0
444.0;1.2738;1.2500;0.0865;0.0000;124;116;-0.0929;77.8855;-0.3740;-0.4503;77.3183;119.0;174.5;270.0;270.0
444.5;1.2752;1.2500;0.1209;0.0000;124;114;-0.0049;78.6107;-0.3817;-0.4503;78.1179;118.8;173.7;270.0;270.0
445.0;1.2770;1.2500;-0.0659;0.0000;118;118;-0.0831;79.2901;-0.3817;-0.4503;78.9175;117.4;173.4;270.0;270.0
445.5;1.2779;1.2500;0.0426;0.0000;122;114;-0.0049;79.9313;-0.3893;-0.4503;79.7171;118.5;173.4;270.0;270.0
446.0;1.2788;1.2500;-0.1676;0.0000;114;120;0.0049;80.5802;-0.3969;-0.4503;80.5167;118.0;172.9;270.0;270.0
446.5;1.2802;1.2500;-0.0659;0.0000;118;116;-0.0831;81.2595;-0.3969;-0.4503;80.5167;116.9;172.3;270.0;270.0
447.0;1.2807;1.2500;-0.0192;0.0000;118;114;-0.0049;81.9008;-0.4046;-0.4503;81.3163;116.4;172.1;270.0;270.0
447.5;1.2816;1.2500;0.0591;0.0000;118;110;-0.0049;82.5420;-0.4122;-0.4503;82.1159;116.9;172.9;270.0;270.0
448.0;1.2825;1.2500;0.0261;0.0000;118;112;-0.0049;83.2672;-0.4122;-0.4503;82.9155;115.9;172.1;270.0;270.0
448.5;1.2821;1.2500;-0.0522;0.0000;116;114;-0.0831;83.8702;-0.4198;-0.4503;83.7151;115.1;172.6;270.0;270.0
449.0;1.2825;1.2500;0.0522;0.0000;118;110;-0.0831;84.5573;-0.4275;-0.4503;84.5147;115.1;171.8;270.0;270.0
449.5;1.2825;1.2500;-0.0330;0.0000;116;112;-0.0831;85.1603;-0.4275;-0.4503;84.5147;114.5;170.5;270.0;270.0
450.0;1.2816;1.2500;0.1277;0.0000;122;109;-0.0929;85.7634;-0.4351;-0.4503;85.3144;113.5;170.0;270.0;270.0
450.5;1.2802;1.2500;-0.0055;0.0000;118;110;-0.0831;86.3664;-0.4351;-0.4503;86.1140;113.0;169.2;270.0;270.0
451.0;1.2798;1.2500;0.0192;0.0000;120;112;-0.0049;87.0076;-0.4427;-0.4503;86.9136;111.6;168.7;270.0;270.0
451.5;1.2798;1.2500;-0.0563;0.0000;118;112;-0.0831;87.6870;-0.4504;-0.4503;86.9136;111.9;168.1;270.0;270.0
452.0;1.2802;1.2500;-0.0453;0.0000;118;112;-0.0049;88.3359;-0.4504;-0.4503;87.7132;111.1;167.3;270.0;270.0
452.5;1.2798;1.2500;0.0838;0.0000;120;110;-0.0049;88.9771;-0.4580;-0.4503;-0.2439;110.6;166.8;270.0;270.0
453.0;1.2798;1.2500;0.1690;-0.0137;193;38;-0.0147;89.6183;-0.4656;-0.4284;0.5557;111.4;166.8;270.0;270.0
453.5;1.2793;1.2500;0.1030;-0.0385;196;34;-0.0049;90.2595;-0.4656;-0.4284;0.5557;110.6;166.0;270.0;270.0
454.0;1.2793;1.2500;-0.0536;-0.0755;196;34;-0.0049;90.9084;-0.4733;-0.4284;1.3553;109.0;166.0;270.0;270.0
454.5;1.2788;1.2500;0.0769;-0.1250;202;24;-0.0831;91.5115;-0.4733;-0.4284;2.1549;108.2;165.5;270.0;270.0
455.0;1.2779;1.2500;-0.1401;-0.1882;202;24;-0.1613;92.1527;-0.4809;-0.4284;2.9546;108.7;165.2;270.0;270.0
455.5;1.2766;1.2500;-0.0247;-0.2637;212;17;-0.0831;92.7557;-0.4885;-0.4284;3.7542;107.4;165.2;270.0;270.0
456.0;1.2756;1.2500;-0.3791;-0.3503;210;19;-0.1515;93.3969;-0.4885;-0.4503;3.7542;107.2;164.2;270.0;270.0
456.5;1.2747;1.2500;-0.9052;-0.4505;157;71;-0.0538;94.0000;-0.4962;-0.4723;4.5538;106.9;163.9;270.0;270.0
457.0;1.2734;1.2500;-1.3640;-0.5632;155;77;-0.0342;94.6031;-0.5038;-0.5163;5.3534;106.1;164.4;270.0;270.0
457.5;1.2729;1.2500;-1.7610;-0.6882;152;79;-0.1026;95.2443;-0.5038;-0.5602;6.1530;105.8;164.7;270.0;270.0
458.0;1.2720;1.2500;-1.9821;-0.8255;155;77;-0.0929;95.8855;-0.5114;-0.6261;6.1530;105.3;167.3;270.0;270.0
458.5;1.2711;1.2500;-2.3571;-0.9753;153;79;-0.0049;96.4885;-0.5191;-0.6921;6.9526;104.5;167.1;270.0;270.0
459.0;1.2701;1.2500;-2.4451;-1.1387;161;75;-0.0049;97.0916;-0.5267;-0.7580;7.7522;105.0;168.4;270.0;270.0
459.5;1.2697;1.2500;-2.7349;-1.3132;163;73;-0.0733;97.7405;-0.5344;-0.8459;8.5518;104.0;168.9;270.0;270.0
460.0;1.2688;1.2500;-2.6126;-1.5000;179;62;-0.1515;98.3435;-0.5420;-0.9118;9.3514;104.5;170.2;270.0;270.0
460.5;1.2665;1.2500;-2.7170;-1.7005;185;56;-0.0733;98.9008;-0.5573;-0.9997;9.3514;103.2;171.6;270.0;270.0
461.0;1.2647;1.2500;-2.7129;-1.9135;196;46;-0.0733;99.5420;-0.5649;-1.0656;10.1510;103.5;175.2;270.0;270.0
461.5;1.2637;1.2500;-2.8777;-2.1387;204;40;-0.0635;100.1908;-0.5802;-1.1535;10.9506;102.9;176.6;270.0;270.0
462.0;1.2624;1.2500;-3.1841;-2.3750;206;40;0.0244;100.7939;-0.5878;-1.2414;11.7503;102.4;177.9;270.0;270.0
462.5;1.2601;1.2500;-3.1648;-2.6250;220;28;-0.1320;101.3969;-0.6031;-1.3293;11.7503;101.9;180.5;270.0;270.0
463.0;1.2573;1.2500;-3.3104;-2.8887;228;22;-0.0538;101.9542;-0.6183;-1.4172;12.5499;101.3;183.2;270.0;270.0
463.5;1.2555;1.2500;-3.4025;-3.1635;239;15;-0.1320;102.5573;-0.6336;-1.5271;13.3495;100.6;186.3;270.0;270.0
464.0;1.2527;1.2500;-3.8187;-3.4505;243;17;-0.1124;103.1603;-0.6489;-1.6369;14.1491;100.3;189.8;270.0;270.0
464.5;1.2500;1.2500;-3.9492;-3.7500;253;9;-0.0244;103.8015;-0.6718;-1.7468;14.1491;99.2;195.8;270.0;270.0
465.0;1.2473;1.2500;-4.5220;-4.0632;253;13;-0.0831;104.4046;-0.6870;-1.8787;14.9487;99.8;201.1;270.0;270.0
465.5;1.2454;1.2500;-4.9835;-4.3887;257;13;-0.0831;105.0076;-0.7099;-2.0105;15.7483;100.0;206.9;270.0;270.0
466.0;1.2440;1.2500;-5.2624;-4.7253;257;7;-0.0635;105.6107;-0.7328;-2.1643;16.5479;99.0;213.8;270.0;270.0
466.5;1.2422;1.2500;-5.6896;-5.0755;261;5;-0.0440;106.2137;-0.7557;-2.3401;16.5479;98.7;221.2;270.0;270.0
467.0;1.2408;1.2500;-5.9560;-5.4382;269;-1;-0.0342;106.8168;-0.7786;-2.4939;17.3475;98.7;228.8;270.0;270.0
467.5;1.2390;1.2500;-6.4135;-5.8132;273;-3;-0.1026;107.3817;-0.8015;-2.6917;18.1471;99.0;238.1;270.0;270.0
468.0;1.2381;1.2500;-6.6607;-6.2005;286;-9;-0.0929;108.0229;-0.8321;-2.8675;18.9467;99.2;248.4;270.0;270.0
468.5;1.2376;1.2500;-7.1566;-6.6003;290;-11;-0.0733;108.6641;-0.8702;-3.0872;18.9467;100.8;257.9;270.0;270.0
469.0;1.2367;1.2500;-7.2816;-7.0137;304;-22;-0.0733;109.2214;-0.9008;-3.2850;19.7464;101.1;268.7;270.0;270.0
469.5;1.2353;1.2500;-7.7720;-7.4382;308;-26;-0.1320;109.8244;-0.9313;-3.5047;20.5460;102.9;270.0;270.0;270.0
470.0;1.2344;1.2500;-8.3723;-7.8750;312;-26;-0.1124;110.4275;-0.9695;-3.7464;21.3456;104.0;270.0;270.0;270.0
470.5;1.2335;1.2500;-8.7212;-8.3255;324;-34;-0.1026;111.0305;-1.0153;-4.0101;21.3456;106.1;270.0;270.0;270.0
471.0;1.2326;1.2500;-9.2898;-8.7761;324;-32;-0.1613;111.6718;-1.0611;-4.2738;22.1452;107.2;270.0;270.0;270.0
471.5;1.2308;1.2500;-9.5192;-9.2253;329;-38;0.0049;112.2290;-1.1069;-4.5375;22.9448;109.0;270.0;270.0;270.0
472.0;1.2294;1.2500;-9.9244;-9.6758;335;-38;-0.0635;112.8321;-1.1527;-4.8232;23.7444;110.6;270.0;270.0;270.0
472.5;1.2276;1.2500;-10.2239;-10.1250;343;-44;-0.0538;113.4351;-1.2061;-5.1088;23.7444;113.0;270.0;270.0;270.0
473.0;1.2266;1.2500;-10.8036;-10.5755;343;-40;-0.1124;114.0763;-1.2595;-5.4165;24.5440;113.8;270.0;270.0;270.0
473.5;1.2253;1.2500;-11.2569;-11.0261;347;-42;-0.1711;114.6718;-1.3206;-5.7461;25.3436;115.6;270.0;270.0;270.0
474.0;1.2248;1.2500;-11.8063;-11.4753;345;-38;-0.0635;115.3130;-1.3893;-6.0977;26.1432;117.7;270.0;270.0;270.0
474.5;1.2248;1.2500;-12.0453;-11.9258;353;-46;-0.0733;115.9542;-1.4580;-6.4273;26.9428;120.1;270.0;270.0;270.0
475.0;1.2253;1.2500;-12.4849;-12.3750;357;-48;-0.1320;116.5496;-1.5267;-6.7789;26.9428;123.8;270.0;270.0;270.0
475.5;1.2248;1.2500;-13.1690;-12.8255;351;-42;-0.1026;117.1527;-1.6031;-7.1744;27.7425;130.4;270.0;270.0;270.0
476.0;1.2244;1.2500;-13.4876;-13.2761;357;-48;-0.0929;117.7481;-1.6794;-7.5699;28.5421;137.8;270.0;270.0;270.0
476.5;1.2244;1.2500;-14.0618;-13.7253;355;-46;0.0049;118.3817;-1.7634;-7.9655;29.3417;165.7;270.0;270.0;270.0
477.0;1.2248;1.2500;-14.3750;-14.1758;359;-50;-0.0733;118.9847;-1.8473;-8.3610;29.3417;185.0;270.0;270.0;270.0
477.5;1.2253;1.2500;-14.8475;-14.6250;361;-52;-0.1320;119.6183;-1.9466;-8.8005;30.1413;207.7;270.0;270.0;270.0
478.0;1.2262;1.2500;-15.0618;-15.0755;369;-58;0.0440;120.2519;-2.0458;-9.2180;30.9409;236.5;270.0;270.0;270.0
478.5;1.2266;1.2500;-15.6085;-15.5261;367;-58;-0.0049;120.8473;-2.1450;-9.6794;31.7405;259.4;270.0;270.0;270.0
479.0;1.2257;1.2500;-15.9148;-15.9753;372;-64;-0.1808;121.4427;-2.2519;-10.1409;32.5401;270.0;270.0;270.0;270.0
479.5;1.2262;1.2500;-16.4190;-16.4258;376;-64;-0.0831;122.0763;-2.3664;-10.6023;32.5401;270.0;270.0;270.0;270.0
480.0;1.2257;1.2500;-16.8929;-16.8750;376;-64;-0.1320;122.6641;-2.4809;-11.0858;33.3397;270.0;270.0;270.0;270.0
480.5;1.2257;1.2500;-17.2074;-17.3255;382;-67;0.0244;123.2595;-2.5954;-11.5692;34.1393;270.0;270.0;270.0;270.0
481.0;1.2257;1.2500;-17.9643;-17.7637;370;-56;-0.0049;123.8855;-2.7252;-12.0966;34.9389;270.0;270.0;270.0;270.0
481.5;1.2262;1.2500;-18.3448;-18.1882;367;-56;-0.1026;124.4733;-2.8550;-12.6020;34.9389;270.0;270.0;270.0;270.0
482.0;1.2271;1.2500;-18.9272;-18.6003;363;-48;-0.0635;125.1450;-3.0076;-13.1513;35.7386;270.0;270.0;270.0;270.0
482.5;1.2285;1.2500;-19.2775;-19.0000;359;-48;-0.0538;125.8092;-3.1679;-13.7007;36.5382;270.0;270.0;270.0;270.0
483.0;1.2299;1.2500;-19.6909;-19.3887;355;-46;-0.1124;126.4275;-3.3206;-14.2720;37.3378;270.0;270.0;270.0;270.0
483.5;1.2321;1.2500;-19.9341;-19.7637;353;-46;-0.0244;127.0916;-3.4962;-14.8433;38.1374;270.0;270.0;270.0;270.0
484.0;1.2340;1.2500;-20.4808;-20.1250;343;-40;-0.1026;127.7099;-3.6641;-15.4366;38.9370;270.0;270.0;270.0;270.0
484.5;1.2358;1.2500;-20.9533;-20.4753;337;-34;-0.0635;128.3282;-3.8397;-16.0299;38.9370;270.0;270.0;270.0;270.0
485.0;1.2367;1.2500;-21.1168;-20.8132;337;-36;-0.0831;128.9466;-4.0153;-16.6232;39.7366;270.0;270.0;270.0;270.0
485.5;1.2386;1.2500;-21.5110;-21.1387;331;-32;0.0440;129.6031;-4.2137;-17.2605;40.5362;270.0;270.0;270.0;270.0
486.0;1.2404;1.2500;-21.7486;-21.4505;329;-32;-0.0635;130.2137;-4.4122;-17.8757;41.3358;270.0;270.0;270.0;270.0
486.5;1.2427;1.2500;-22.2514;-21.7500;320;-24;-0.1124;130.8626;-4.6260;-18.5130;42.1354;270.0;270.0;270.0;270.0
487.0;1.2445;1.2500;-22.4766;-22.0385;316;-24;-0.0244;131.4733;-4.8321;-19.1502;42.1354;270.0;270.0;270.0;270.0
487.5;1.2468;1.2500;-22.8228;-22.3132;310;-21;-0.0733;132.1145;-5.0611;-19.8314;42.9350;270.0;270.0;270.0;270.0
488.0;1.2486;1.2500;-22.8352;-22.5755;312;-26;-0.0147;132.7176;-5.2824;-20.4687;43.7346;270.0;270.0;270.0;270.0
488.5;1.2505;1.2500;-23.0797;-22.8255;306;-24;-0.0147;133.3206;-5.5114;-21.1279;44.5343;270.0;265.8;270.0;270.0
489.0;1.2523;1.2500;-23.1099;-23.0632;308;-26;-0.0635;133.9542;-5.7557;-21.8091;45.3339;270.0;262.1;270.0;270.0
489.5;1.2550;1.2500;-23.2266;-23.2885;306;-28;-0.0929;134.5878;-6.0153;-22.4463;46.1335;270.0;258.7;270.0;270.0
490.0;1.2578;1.2500;-23.5810;-23.5000;296;-22;-0.0440;135.2214;-6.2824;-23.1495;46.9331;270.0;255.0;270.0;270.0
490.5;1.2614;1.2500;-23.6387;-23.7005;296;-26;-0.1613;135.8855;-6.5649;-23.8087;46.9331;270.0;251.5;270.0;270.0
491.0;1.2656;1.2500;-23.9313;-23.8887;288;-22;-0.1320;136.5420;-6.8626;-24.4899;47.7327;270.0;247.6;270.0;270.0
491.5;1.2688;1.2500;-23.9794;-24.0632;284;-24;-0.1320;137.1298;-7.1374;-25.1711;48.5323;270.0;244.9;270.0;270.0
492.0;1.2724;1.2500;-24.2198;-24.2253;279;-21;-0.1026;137.7786;-7.4427;-25.8743;49.3319;270.0;242.0;270.0;270.0
492.5;1.2756;1.2500;-24.4629;-24.3750;271;-19;-0.0342;138.3969;-7.7481;-26.5774;50.1315;270.0;241.0;270.0;270.0
493.0;1.2784;1.2500;-24.8159;-24.5137;257;-11;-0.1124;138.9695;-8.0382;-27.2806;50.9311;270.0;238.1;270.0;270.0
493.5;1.2807;1.2500;-24.8214;-24.6387;255;-13;-0.1808;139.5725;-8.3588;-27.9838;51.7307;270.0;236.5;270.0;270.0
494.0;1.2834;1.2500;-24.7706;-24.7500;255;-15;-0.1026;140.2061;-8.7023;-28.7089;51.7307;270.0;235.2;270.0;270.0
494.5;1.2857;1.2500;-24.9863;-24.8503;247;-11;-0.1711;140.8092;-9.0305;-29.4121;52.5304;270.0;234.6;270.0;270.0
495.0;1.2885;1.2500;-24.9354;-24.9382;245;-13;-0.1808;141.3969;-9.3664;-30.1372;53.3300;270.0;232.3;270.0;270.0
495.5;1.2908;1.2500;-25.2074;-25.0137;236;-5;-0.0831;142.0229;-9.7405;-30.8624;54.1296;270.0;232.0;270.0;270.0
496.0;1.2930;1.2500;-25.2102;-25.0755;230;-5;-0.0049;142.6107;-10.0916;-31.5875;54.9292;270.0;233.3;270.0;270.0
496.5;1.2953;1.2500;-25.3283;-25.1003;214;9;0.0244;143.1908;-10.4504;-32.3346;55.7288;270.0;236.2;270.0;270.0
497.0;1.2958;1.2500;-25.3283;-25.1003;204;15;-0.0929;143.7252;-10.8015;-33.0378;56.5284;270.0;242.0;270.0;270.0
497.5;1.2972;1.2500;-25.5055;-25.1003;198;19;-0.1808;144.2977;-11.1756;-33.7629;56.5284;270.0;251.0;270.0;270.0
498.0;1.2985;1.2500;-25.5330;-25.1003;198;17;-0.1515;144.8626;-11.5573;-34.4881;57.3280;270.0;262.9;270.0;270.0
498.5;1.3004;1.2500;-25.6964;-25.1003;193;21;0.0147;145.4275;-11.9466;-35.2352;58.1276;270.0;270.0;270.0;270.0
499.0;1.3022;1.2500;-25.7198;-25.1003;191;19;-0.2004;146.0153;-12.3664;-35.9823;58.9272;270.0;270.0;270.0;270.0
499.5;1.3040;1.2500;-25.5385;-25.1003;195;13;-0.0244;146.5649;-12.7710;-36.6855;59.7268;270.0;270.0;270.0;270.0
500.0;1.3054;1.2500;-25.7349;-25.1003;187;17;-0.1515;147.1069;-13.1832;-37.4326;60.5265;270.0;270.0;270.0;270.0
500.5;1.3063;1.2500;-25.6360;-25.1003;189;15;0.0929;147.6183;-13.5802;-38.1797;61.3261;270.0;270.0;270.0;270.0
501.0;1.3054;1.2500;-25.6978;-25.1003;187;15;0.0342;148.0916;-13.9542;-38.9268;61.3261;270.0;270.0;270.0;270.0
501.5;1.3059;1.2500;-25.6429;-25.1003;187;15;-0.0049;148.6183;-14.3893;-39.6520;62.1257;270.0;270.0;270.0;270.0
502.0;1.3059;1.2500;-25.6511;-25.1003;187;13;-0.0831;149.1145;-14.8015;-40.3771;62.9253;270.0;270.0;270.0;270.0
502.5;1.3059;1.2500;-25.5330;-25.1003;189;11;-0.0733;149.5954;-15.2214;-41.1023;63.7249;270.0;270.0;270.0;270.0
503.0;1.3059;1.2500;-25.6277;-25.1003;187;13;-0.0733;150.0763;-15.6489;-41.8274;64.5245;270.0;270.0;270.0;270.0
503.5;1.3054;1.2500;-25.6442;-25.1003;187;13;-0.0440;150.5573;-16.0763;-42.5965;64.5245;270.0;270.0;270.0;270.0
504.0;1.3045;1.2500;-25.3942;-25.1003;191;7;0.1320;151.0000;-16.4885;-43.2997;65.3241;270.0;270.0;270.0;270.0
504.5;1.3031;1.2500;-25.4821;-25.1003;189;9;-0.0831;151.4657;-16.9313;-44.0248;66.1237;270.0;270.0;270.0;270.0
505.0;1.3013;1.2500;-25.3118;-25.1003;195;7;0.0049;151.8931;-17.3588;-44.7719;66.9233;270.0;270.0;270.0;270.0
505.5;1.2999;1.2500;-25.3585;-25.1003;193;9;0.0049;152.3741;-17.8397;-45.4971;67.7229;270.0;270.0;270.0;270.0
506.0;1.2990;1.2500;-25.3640;-25.1003;193;11;0.0831;152.8244;-18.2977;-46.2222;67.7229;270.0;270.0;270.0;270.0
506.5;1.2976;1.2500;-25.4327;-25.1003;193;13;-0.0929;153.2672;-18.7710;-46.9254;68.5226;270.0;270.0;270.0;270.0
507.0;1.2953;1.2500;-25.3324;-25.1003;195;11;-0.0049;153.6718;-19.2137;-47.6505;69.3222;270.0;270.0;270.0;270.0
507.5;1.2935;1.2500;-25.3407;-25.1003;195;13;0.1613;154.0763;-19.6565;-48.3976;70.1218;268.7;270.0;270.0;270.0
508.0;1.2912;1.2500;-25.3805;-25.1003;195;15;0.0342;154.4733;-20.1145;-49.1448;70.1218;262.9;270.0;270.0;270.0
508.5;1.2894;1.2500;-25.3558;-25.1003;195;15;0.1320;154.8702;-20.5725;-49.8479;70.9214;257.3;270.0;270.0;270.0
509.0;1.2871;1.2500;-25.4945;-25.1003;193;21;0.0049;155.2519;-21.0305;-50.5731;71.7210;254.2;270.0;270.0;270.0
509.5;1.2843;1.2500;-25.3709;-25.1003;196;19;0.0049;155.6336;-21.5038;-51.2982;72.5206;249.9;270.0;270.0;270.0
510.0;1.2811;1.2500;-25.4244;-25.1003;196;21;0.0244;156.0076;-21.9771;-52.0453;72.5206;249.1;270.0;270.0;270.0
510.5;1.2779;1.2500;-25.4121;-25.1003;198;22;-0.0147;156.3741;-22.4504;-52.7705;73.3202;262.9;270.0;252.8;270.0
511.0;1.2756;1.2500;-25.3530;-25.1003;202;22;-0.0244;156.7405;-22.9313;-53.4736;74.1198;270.0;270.0;235.4;270.0
511.5;1.2729;1.2500;-25.3462;-25.1003;202;24;-0.0831;157.1145;-23.4504;-54.1988;74.9194;270.0;270.0;228.3;270.0
512.0;1.2706;1.2500;-25.3310;-25.1003;206;24;-0.0049;157.4657;-23.9466;-54.9239;74.9194;270.0;270.0;231.5;270.0
512.5;1.2697;1.2500;-25.2747;-25.1003;208;24;0.0342;157.8550;-24.5038;-55.6930;75.7190;270.0;270.0;241.5;270.0
513.0;1.2679;1.2500;-25.1758;-25.1003;212;22;0.0440;158.1679;-24.9695;-56.3742;76.5187;270.0;270.0;258.7;270.0
513.5;1.2669;1.2500;-25.2843;-25.1003;210;26;-0.0929;158.5191;-25.5114;-57.0993;77.3183;270.0;270.0;270.0;270.0
514.0;1.2660;1.2500;-25.1003;-25.1003;214;22;-0.0049;158.8473;-26.0153;-57.8245;78.1179;270.0;270.0;270.0;270.0
514.5;1.2651;1.2500;-25.2692;-25.0879;206;32;0.1026;159.1832;-26.5649;-58.5716;78.1179;270.0;270.0;270.0;270.0
515.0;1.2637;1.2500;-25.2500;-25.0632;204;36;-0.0147;159.4962;-27.0840;-59.2748;78.9175;270.0;270.0;270.0;270.0
515.5;1.2628;1.2500;-25.3544;-25.0261;196;46;-0.0147;159.8015;-27.6031;-59.9999;79.7171;270.0;270.0;270.0;270.0
516.0;1.2614;1.2500;-25.2473;-24.9753;195;50;0.1515;160.0992;-28.1221;-60.7251;80.5167;270.0;270.0;270.0;270.0
516.5;1.2596;1.2500;-25.2225;-24.9135;191;56;0.0733;160.3741;-28.6183;-61.4502;80.5167;270.0;270.0;270.0;270.0
517.0;1.2582;1.2500;-25.3036;-24.8379;183;64;-0.0733;160.6794;-29.1832;-62.1753;81.3163;270.0;270.0;270.0;270.0
517.5;1.2578;1.2500;-25.2637;-24.7500;179;69;0.0635;160.9695;-29.7557;-62.8785;82.1159;270.0;270.0;270.0;270.0
518.0;1.2569;1.2500;-25.3956;-24.6511;169;79;0.0049;161.2443;-30.2901;-63.6256;82.9155;270.0;270.0;270.0;270.0
518.5;1.2560;1.2500;-25.2212;-24.5385;167;83;0.0831;161.5267;-30.8702;-64.3508;83.7151;270.0;270.0;270.0;270.0
519.0;1.2546;1.2500;-25.2720;-24.4135;159;93;-0.0049;161.7863;-31.4198;-65.0759;83.7151;270.0;270.0;270.0;270.0
519.5;1.2532;1.2500;-25.1003;-24.2761;157;97;-0.0049;162.0382;-31.9618;-65.8011;84.5147;270.0;270.0;270.0;270.0
520.0;1.2514;1.2500;-25.0234;-24.1250;152;103;0.0440;162.2595;-32.4809;-66.5042;85.3144;270.0;270.0;270.0;270.0
520.5;1.2495;1.2500;-24.9492;-23.9629;146;112;0.1417;162.4962;-33.0305;-67.2074;86.1140;270.0;270.0;270.0;270.0
521.0;1.2486;1.2500;-24.7473;-23.7885;142;116;0.2199;162.7481;-33.6260;-67.9325;86.1140;270.0;270.0;270.0;270.0
521.5;1.2482;1.2500;-24.4945;-23.6003;140;120;0.0635;162.9847;-34.2214;-68.6357;86.9136;270.0;270.0;270.0;270.0
522.0;1.2473;1.2500;-24.2198;-23.4011;138;122;0.0342;163.1832;-34.7481;-69.3169;87.7132;270.0;270.0;270.0;270.0
522.5;1.2450;1.2500;-23.9437;-23.1882;136;126;0.0244;163.3817;-35.2748;-69.9981;88.5128;270.0;270.0;270.0;270.0
523.0;1.2427;1.2500;-23.4684;-22.9629;140;126;0.0244;163.5725;-35.8092;-70.6793;88.5128;270.0;270.0;270.0;270.0
523.5;1.2404;1.2500;-23.2349;-22.7253;136;132;0.0831;163.7634;-36.3740;-71.3605;89.3124;270.0;270.0;270.0;270.0
524.0;1.2399;1.2500;-22.7074;-22.4753;140;132;0.0635;163.9771;-37.0229;-71.9977;90.1120;270.0;270.0;270.0;270.0
524.5;1.2404;1.2500;-22.3489;-22.2129;138;134;-0.0440;164.1756;-37.6412;-72.6350;90.9116;270.0;270.0;270.0;270.0
525.0;1.2418;1.2500;-21.9766;-21.9382;136;136;0.0440;164.3741;-38.2901;-73.2722;91.7112;270.0;270.0;270.0;270.0
525.5;1.2431;1.2500;-21.6909;-21.6511;130;140;-0.0538;164.5573;-38.9084;-73.8875;91.7112;270.0;270.0;270.0;270.0
526.0;1.2445;1.2500;-21.3104;-21.3503;126;142;0.0244;164.7481;-39.5649;-74.5028;92.5108;270.0;270.0;270.0;270.0
526.5;1.2454;1.2500;-20.9313;-21.0385;122;144;0.0049;164.9237;-40.2290;-75.0961;93.3105;270.0;270.0;270.0;270.0
527.0;1.2477;1.2500;-20.6690;-20.7129;116;150;-0.0147;165.0992;-40.8855;-75.6894;94.1101;270.0;270.0;270.0;270.0
527.5;1.2482;1.2500;-20.3558;-20.3750;110;155;-0.0049;165.2443;-41.4733;-76.2827;94.9097;270.0;270.0;270.0;270.0
528.0;1.2486;1.2500;-20.2390;-20.0261;99;165;-0.0342;165.3817;-42.0611;-76.8540;94.9097;270.0;270.0;270.0;270.0
528.5;1.2491;1.2500;-19.7885;-19.6635;97;167;-0.1124;165.5267;-42.6870;-77.4253;95.7093;270.0;270.0;270.0;270.0
529.0;1.2500;1.2500;-19.5522;-19.2885;87;177;-0.0440;165.6718;-43.3511;-77.9747;96.5089;270.0;270.0;270.0;270.0
529.5;1.2514;1.2500;-19.0975;-18.9011;83;179;-0.0538;165.8092;-44.0229;-78.5240;97.3085;270.0;270.0;270.0;270.0
530.0;1.2527;1.2500;-18.6277;-18.5000;79;181;0.0049;165.9389;-44.6489;-79.0514;98.1081;270.0;270.0;270.0;270.0
530.5;1.2550;1.2500;-18.2582;-18.0879;71;187;0.0049;166.0687;-45.3664;-79.6007;98.9077;270.0;270.0;270.0;270.0
531.0;1.2573;1.2500;-17.9148;-17.6635;64;193;-0.1026;166.1908;-46.0382;-80.1061;98.9077;270.0;270.0;270.0;270.0
531.5;1.2587;1.2500;-17.5000;-17.2253;58;198;-0.0440;166.2977;-46.6718;-80.5896;99.7073;270.0;270.0;270.0;270.0
532.0;1.2610;1.2500;-16.9409;-16.7761;54;198;0.0342;166.4046;-47.3435;-81.0950;100.5069;270.0;270.0;270.0;269.5
532.5;1.2628;1.2500;-16.6126;-16.3255;48;202;0.0831;166.5038;-47.9771;-81.5564;101.3066;270.0;270.0;270.0;266.3
533.0;1.2647;1.2500;-16.0701;-15.8750;48;200;0.0049;166.6031;-48.6565;-82.0179;102.1062;270.0;270.0;270.0;264.2
533.5;1.2665;1.2500;-15.7514;-15.4258;40;204;0.0538;166.6870;-49.2901;-82.4793;102.9058;270.0;270.0;270.0;261.0
534.0;1.2683;1.2500;-15.1662;-14.9753;42;200;-0.0342;166.7786;-49.9695;-82.8968;102.9058;270.0;270.0;270.0;259.7
534.5;1.2701;1.2500;-14.7816;-14.5261;38;204;0.0244;166.8550;-50.6107;-83.3363;103.7054;270.0;265.2;270.0;255.5
535.0;1.2711;1.2500;-14.1250;-14.0755;40;198;0.0147;166.9237;-51.2443;-83.7318;104.5050;270.0;251.3;270.0;253.6
535.5;1.2729;1.2500;-13.5907;-13.6250;40;196;-0.0929;167.0000;-51.9237;-84.1274;105.3046;270.0;239.1;270.0;252.8
536.0;1.2743;1.2500;-13.0563;-13.1758;40;196;0.1222;167.0611;-52.5649;-84.5009;106.1042;270.0;227.8;270.0;250.5
536.5;1.2738;1.2500;-12.6071;-12.7253;36;196;0.1222;167.1145;-53.1298;-84.8525;106.1042;270.0;218.5;270.0;249.4
537.0;1.2729;1.2500;-12.1484;-12.2761;34;198;0.1711;167.1679;-53.7252;-85.2041;106.9038;270.0;209.8;270.0;247.3
537.5;1.2724;1.2500;-11.5151;-11.8255;38;196;0.0831;167.2214;-54.3664;-85.5337;107.7034;270.0;203.2;270.0;244.7
538.0;1.2724;1.2500;-11.1264;-11.3750;36;198;0.0538;167.2672;-55.0076;-85.8633;108.5030;270.0;196.9;270.0;244.4
538.5;1.2729;1.2500;-10.6085;-10.9258;34;198;0.1222;167.3130;-55.6947;-86.1490;109.3027;270.0;192.9;270.0;242.3
539.0;1.2720;1.2500;-10.2088;-10.4753;32;200;0.0342;167.3512;-56.2519;-86.4566;109.3027;270.0;187.1;270.0;240.7
539.5;1.2724;1.2500;-9.6030;-10.0261;34;200;0.0929;167.3893;-56.9313;-86.7203;110.1023;270.0;182.9;270.0;239.6
540.0;1.2720;1.2500;-9.0137;-9.5755;36;198;0.0733;167.4275;-57.5344;-86.9840;110.9019;270.0;177.1;270.0;237.8
540.5;1.2706;1.2500;-8.4313;-9.1250;38;196;0.1222;167.4504;-58.0992;-87.2257;111.7015;270.0;175.5;270.0;237.3
541.0;1.2688;1.2500;-8.0124;-8.6758;36;198;0.0440;167.4809;-58.7023;-87.4674;111.7015;270.0;173.9;270.0;235.4
541.5;1.2656;1.2500;-7.5865;-8.2253;36;202;0.0147;167.5115;-59.3053;-87.6652;112.5011;270.0;172.9;270.0;234.4
542.0;1.2619;1.2500;-6.9615;-7.7761;40;200;0.0831;167.5267;-59.8626;-87.8849;113.3007;270.0;172.9;270.0;233.8
542.5;1.2601;1.2500;-6.6566;-7.3379;40;204;0.0635;167.5496;-60.5114;-88.0607;114.1003;270.0;171.3;270.0;232.8
543.0;1.2592;1.2500;-6.1181;-6.9135;48;198;0.0440;167.5725;-61.1527;-88.2365;114.1003;270.0;171.6;270.0;232.0
543.5;1.2573;1.2500;-5.8077;-6.5014;48;200;0.0342;167.5878;-61.7099;-88.4123;114.8999;270.0;171.8;270.0;230.9
544.0;1.2550;1.2500;-5.3407;-6.1003;54;196;0.0244;167.6107;-62.3588;-88.5661;115.6995;270.0;172.6;270.0;230.4
544.5;1.2518;1.2500;-5.0824;-5.7129;54;198;0.0929;167.6183;-62.8779;-88.6980;116.4991;270.0;173.4;270.0;229.9
545.0;1.2486;1.2500;-4.5357;-5.3379;62;195;0.0733;167.6336;-63.4809;-88.8298;116.4991;270.0;174.5;270.0;228.6
545.5;1.2459;1.2500;-4.0838;-4.9753;69;191;0.0635;167.6412;-64.0840;-88.9617;117.2988;270.0;174.7;270.0;228.3
546.0;1.2427;1.2500;-3.6113;-4.6264;75;187;0.0342;167.6565;-64.6031;-89.0496;118.0984;270.0;175.0;270.0;227.5
546.5;1.2395;1.2500;-3.2321;-4.2885;81;185;0.0342;167.6641;-65.2061;-89.1594;118.8980;270.0;176.3;270.0;227.5
547.0;1.2367;1.2500;-3.0577;-3.9629;83;189;0.1026;167.6718;-65.7710;-89.2254;118.8980;270.0;177.4;270.0;226.2
547.5;1.2340;1.2500;-2.4986;-3.6511;93;181;0.0831;167.6794;-66.3359;-89.3132;119.6976;270.0;177.4;270.0;225.9
548.0;1.2312;1.2500;-2.3819;-3.3503;95;183;-0.0049;167.6870;-66.9389;-89.3792;120.4972;270.0;177.6;270.0;225.1
548.5;1.2299;1.2500;-2.0000;-3.0632;101;181;0.0635;167.6947;-67.5802;-89.4231;120.4972;270.0;177.9;270.0;224.1
549.0;1.2280;1.2500;-1.9190;-2.7885;99;183;0.0635;167.6947;-68.1450;-89.4890;121.2968;270.0;178.9;270.0;224.1
549.5;1.2271;1.2500;-1.7871;-2.5261;101;185;-0.0244;167.7023;-68.7481;-89.5330;122.0964;270.0;180.0;270.0;223.5
550.0;1.2257;1.2500;-1.7926;-2.2761;99;189;-0.0244;167.7099;-69.3511;-89.5989;122.8960;270.0;180.0;270.0;222.5
550.5;1.2239;1.2500;-1.5467;-2.0385;103;185;0.0538;167.7099;-69.9084;-89.6429;122.8960;270.0;179.5;270.0;223.0
551.0;1.2225;1.2500;-1.1497;-1.8132;112;179;0.0342;167.7176;-70.5573;-89.6648;123.6956;270.0;182.1;270.0;222.0
551.5;1.2207;1.2500;-1.0398;-1.6003;112;179;0.0342;167.7176;-71.1145;-89.6868;124.4952;270.0;181.6;270.0;221.4
552.0;1.2189;1.2500;-0.7445;-1.4011;120;175;0.1026;167.7252;-71.7176;-89.7088;125.2948;270.0;182.6;270.0;221.4
552.5;1.2166;1.2500;-0.8475;-1.2129;118;181;-0.0538;167.7252;-72.3206;-89.7308;125.2948;270.0;182.1;270.0;221.2
553.0;1.2152;1.2500;-0.5907;-1.0385;124;175;0.0147;167.7252;-72.9618;-89.7527;126.0945;270.0;182.1;270.0;220.9
553.5;1.2143;1.2500;-0.6525;-0.8764;122;179;0.1026;167.7328;-73.5649;-89.7747;126.8941;270.0;182.1;270.0;220.1
554.0;1.2129;1.2500;-0.3448;-0.7253;132;173;0.0049;167.7328;-74.1298;-89.7967;127.6937;270.0;182.9;270.0;219.9
554.5;1.2120;1.2500;-0.2541;-0.5879;134;171;0.0831;167.7328;-74.7328;-89.7967;127.6937;270.0;182.4;270.0;219.6
555.0;1.2120;1.2500;-0.2624;-0.4629;136;171;0.0049;167.7405;-75.3740;-89.7967;128.4933;270.0;181.8;270.0;218.8
555.5;1.2115;1.2500;-0.1415;-0.3503;140;169;0.0831;167.7405;-75.9771;-89.7967;129.2929;270.0;182.4;270.0;219.1
556.0;1.2125;1.2500;-0.1456;-0.2514;142;167;0.0049;167.7405;-76.6260;-89.8187;130.0925;270.0;181.1;270.0;219.1
556.5;1.2120;1.2500;0.2637;-0.1635;153;155;0.0635;167.7481;-77.2290;-89.7967;130.8921;270.0;181.3;270.0;218.5
557.0;1.2115;1.2500;0.2266;-0.0879;155;153;-0.0929;167.7481;-77.8321;-89.7967;130.8921;270.0;180.3;270.0;219.1
557.5;1.2111;1.2500;0.4615;-0.0261;163;146;-0.1026;167.7481;-78.4351;-89.7747;131.6917;270.0;179.7;270.0;218.3
558.0;1.2115;1.2500;0.4135;0.0000;155;155;-0.0147;167.7481;-79.0763;-89.7747;132.4913;270.0;179.2;270.0;217.5
558.5;1.2115;1.2500;0.4162;0.0000;163;148;0.0635;167.7557;-79.6794;-89.7527;133.2909;270.0;178.9;270.0;218.3
559.0;1.2115;1.2500;0.3915;0.0000;161;148;0.0635;167.7557;-80.2824;-89.7527;133.2909;270.0;179.7;270.0;218.3
559.5;1.2120;1.2500;0.4038;0.0000;163;150;-0.0147;167.7634;-80.9237;-89.7308;134.0906;270.0;179.7;270.0;217.5
560.0;1.2115;1.2500;0.3516;0.0000;161;150;0.0635;167.7634;-81.5267;-89.7308;134.8902;270.0;180.0;270.0;217.2
560.5;1.2125;1.2500;0.2885;0.0000;159;152;-0.0831;0.6794;0.0000;-0.0109;0.5557;270.0;179.2;270.0;216.7
561.0;1.2125;1.2500;0.3736;0.0000;161;150;0.0635;1.2824;0.0000;-0.0109;0.5557;270.0;176.6;270.0;216.4
561.5;1.2134;1.2500;0.3365;0.0000;159;150;-0.0147;1.9237;0.0000;0.0111;1.3553;270.0;177.4;270.0;216.7
562.0;1.2147;1.2500;0.3805;0.0000;161;150;-0.0147;2.5649;0.0000;0.0111;2.1549;270.0;177.9;270.0;215.9
562.5;1.2152;1.2500;0.3132;0.0000;159;152;0.0635;3.1679;0.0000;0.0331;2.9546;270.0;177.6;270.0;216.4
563.0;1.2157;1.2500;0.3201;0.0000;159;150;-0.0929;3.7710;0.0000;0.0331;3.7542;270.0;177.9;270.0;215.9
563.5;1.2166;1.2500;0.1813;0.0000;155;152;-0.0147;4.4198;0.0000;0.0331;3.7542;270.0;177.9;270.0;215.1
564.0;1.2161;1.2500;0.2720;0.0000;157;150;-0.0147;4.9771;0.0000;0.0551;4.5538;270.0;178.7;270.0;214.0
564.5;1.2152;1.2500;0.2157;0.0000;155;152;-0.0929;5.5802;0.0000;0.0551;5.3534;270.0;178.4;270.0;214.3
565.0;1.2138;1.2500;0.2569;0.0000;159;152;-0.0147;6.1450;0.0000;0.0551;5.3534;270.0;178.9;270.0;213.0
565.5;1.2125;1.2500;0.2486;0.0000;159;153;-0.0147;6.7863;0.0000;0.0770;6.1530;270.0;178.4;270.0;212.2
566.0;1.2115;1.2500;0.1003;0.0000;155;157;0.0733;7.3893;0.0000;0.0770;6.9526;270.0;178.2;270.0;212.7
566.5;1.2115;1.2500;0.2596;0.0000;159;153;-0.0147;8.0305;0.0000;0.0770;7.7522;270.0;178.4;270.0;212.5
567.0;1.2106;1.2500;0.1937;0.0000;157;155;-0.0147;8.5954;0.0076;0.0990;8.5518;270.0;178.7;270.0;211.4
567.5;1.2097;1.2500;0.2857;0.0000;161;153;-0.0929;9.1985;0.0076;0.0990;8.5518;270.0;178.4;270.0;210.4
568.0;1.2088;1.2500;0.1854;0.0000;159;157;0.0733;9.8015;0.0076;0.0990;9.3514;270.0;178.7;270.0;209.8
568.5;1.2074;1.2500;0.1827;0.0000;159;157;-0.0147;10.3664;0.0076;0.0990;10.1510;257.6;178.9;270.0;209.6
569.0;1.2060;1.2500;0.0453;0.0000;157;161;-0.0831;10.9695;0.0076;0.0990;10.9506;240.4;179.5;270.0;209.8
569.5;1.2060;1.2500;0.0975;0.0000;159;159;-0.0049;11.6107;0.0076;0.1210;10.9506;230.4;179.5;270.0;209.8
570.0;1.2060;1.2500;0.2390;0.0000;163;157;0.0635;12.2137;0.0076;0.1210;11.7503;215.9;180.5;270.0;209.6
570.5;1.2056;1.2500;0.2102;0.0000;163;157;0.0635;12.8168;0.0153;0.1210;12.5499;201.1;179.7;270.0;208.8
571.0;1.2042;1.2500;0.2940;0.0000;165;157;-0.0147;13.3817;0.0153;0.1430;13.3495;195.6;180.0;270.0;208.8
571.5;1.2028;1.2500;0.0948;0.0000;161;161;0.0733;13.9847;0.0153;0.1430;13.3495;181.8;181.1;270.0;208.8
572.0;1.2033;1.2500;0.1168;0.0000;163;163;-0.0049;14.6260;0.0153;0.1430;14.1491;171.8;181.8;270.0;208.0
572.5;1.2038;1.2500;-0.0412;0.0000;159;167;-0.0049;15.2672;0.0153;0.1430;14.9487;162.8;182.9;270.0;207.2
573.0;1.2051;1.2500;0.0838;0.0000;161;163;-0.0049;15.9084;0.0229;0.1430;15.7483;152.3;184.0;270.0;206.7
573.5;1.2065;1.2500;0.0302;0.0000;161;163;-0.0049;16.5573;0.0229;0.1430;16.5479;143.6;185.8;270.0;207.4
574.0;1.2083;1.2500;0.0165;0.0000;159;163;-0.0049;17.1985;0.0229;0.1430;16.5479;138.6;189.8;270.0;206.4
574.5;1.2102;1.2500;0.0481;0.0000;159;161;-0.0049;17.8397;0.0229;0.1430;17.3475;131.7;190.8;270.0;205.9
575.0;1.2120;1.2500;-0.0069;0.0000;157;161;-0.0049;18.4809;0.0305;0.1430;18.1471;125.1;191.3;270.0;205.1
575.5;1.2134;1.2500;0.1868;0.0000;161;155;-0.0929;19.0840;0.0305;0.1430;18.9467;120.1;192.9;270.0;204.5
576.0;1.2134;1.2500;0.0563;0.0000;157;157;-0.0049;19.6489;0.0305;0.1430;18.9467;116.4;194.8;270.0;204.3
576.5;1.2125;1.2500;0.1470;0.0000;159;155;-0.0147;20.2137;0.0305;0.1430;19.7464;111.4;196.9;270.0;203.2
577.0;1.2125;1.2500;0.0797;0.0000;159;157;-0.0049;20.8550;0.0305;0.1649;20.5460;109.0;197.7;270.0;203.2
577.5;1.2129;1.2500;0.0604;0.0000;157;157;-0.0831;21.4580;0.0382;0.1649;21.3456;106.1;199.3;270.0;202.4
578.0;1.2134;1.2500;0.0728;0.0000;159;157;-0.0049;22.0992;0.0382;0.1649;21.3456;102.9;200.3;270.0;202.4
578.5;1.2143;1.2500;0.1250;0.0000;159;155;-0.0049;22.7405;0.0382;0.1649;22.1452;99.5;203.2;270.0;201.4
579.0;1.2157;1.2500;0.0893;0.0000;153;152;-0.0049;23.3893;0.0382;0.1649;22.9448;98.4;206.1;270.0;200.8
579.5;1.2166;1.2500;-0.0385;0.0000;152;155;-0.0049;24.0305;0.0458;0.1649;23.7444;97.9;208.5;270.0;199.8
580.0;1.2170;1.2500;-0.0220;0.0000;152;153;-0.0831;24.6336;0.0458;0.1649;24.5440;97.4;211.1;270.0;199.3
580.5;1.2170;1.2500;-0.0632;0.0000;150;153;-0.0831;25.2366;0.0458;0.1649;24.5440;98.4;214.8;270.0;198.7
581.0;1.2179;1.2500;0.0041;0.0000;153;153;-0.0049;25.8779;0.0458;0.1649;25.3436;97.7;217.2;270.0;198.7
581.5;1.2189;1.2500;0.0027;0.0000;152;153;-0.0831;26.5649;0.0534;0.1649;26.1432;99.2;220.9;270.0;199.3
582.0;1.2198;1.2500;0.0618;0.0000;153;153;-0.0049;27.2061;0.0534;0.1649;26.9428;98.7;222.2;270.0;197.7
582.5;1.2202;1.2500;-0.0385;0.0000;150;153;-0.0049;27.8473;0.0534;0.1649;27.7425;99.5;225.7;270.0;197.4
583.0;1.2225;1.2500;-0.0220;0.0000;152;153;-0.0831;28.5344;0.0534;0.1649;27.7425;100.3;228.0;270.0;195.6
583.5;1.2244;1.2500;-0.0673;0.0000;152;155;-0.0049;29.1756;0.0611;0.1649;28.5421;100.8;231.5;270.0;194.8
584.0;1.2271;1.2500;-0.0673;0.0000;150;153;-0.0831;29.8550;0.0611;0.1649;29.3417;101.1;235.4;270.0;194.3
584.5;1.2294;1.2500;-0.0014;0.0000;150;152;-0.0049;30.5038;0.0611;0.1649;30.1413;102.4;239.6;270.0;193.7
585.0;1.2312;1.2500;-0.0769;0.0000;148;152;-0.1613;31.1450;0.0687;0.1649;30.9409;103.5;242.8;270.0;193.5
585.5;1.2335;1.2500;0.0330;0.0000;148;146;-0.0049;31.7863;0.0687;0.1649;31.7405;105.3;250.2;270.0;193.5
586.0;1.2353;1.2500;0.0440;0.0000;148;146;-0.0049;32.4275;0.0687;0.1649;31.7405;106.6;254.2;270.0;192.1
586.5;1.2376;1.2500;0.0440;0.0000;148;144;-0.0831;33.1145;0.0687;0.1649;32.5401;109.5;255.7;270.0;191.3
587.0;1.2399;1.2500;-0.0371;0.0000;144;144;-0.0831;33.7939;0.0763;0.1649;33.3397;111.6;259.2;270.0;191.1
587.5;1.2431;1.2500;0.0302;0.0000;144;142;-0.0831;34.4809;0.0763;0.1649;34.1393;114.8;261.0;270.0;190.6
588.0;1.2463;1.2500;-0.0975;0.0000;140;144;0.0831;35.1603;0.0763;0.1649;34.9389;121.7;262.1;270.0;190.8
588.5;1.2491;1.2500;-0.0453;0.0000;138;140;-0.0049;35.8092;0.0763;0.1649;35.7386;128.5;264.7;270.0;190.3
589.0;1.2509;1.2500;-0.0275;0.0000;138;140;0.0733;36.4886;0.0840;0.1649;35.7386;134.6;267.6;270.0;189.5
589.5;1.2532;1.2500;-0.0288;0.0000;136;138;-0.0831;37.1756;0.0840;0.1649;36.5382;156.5;268.7;270.0;189.0
590.0;1.2555;1.2500;-0.0453;0.0000;134;136;-0.0049;37.8168;0.0840;0.1430;37.3378;165.7;270.0;270.0;188.4
590.5;1.2573;1.2500;-0.1346;0.0000;130;138;-0.0049;38.4580;0.0840;0.1430;38.1374;180.0;270.0;270.0;188.2
591.0;1.2596;1.2500;-0.0412;0.0000;132;134;-0.0831;39.1450;0.0916;0.1430;38.9370;193.7;270.0;270.0;187.4
591.5;1.2624;1.2500;-0.1497;0.0000;126;136;0.0049;39.8626;0.0916;0.1430;39.7366;204.8;270.0;270.0;187.7
592.0;1.2647;1.2500;0.0536;0.0000;132;128;-0.0049;40.5115;0.0916;0.1430;39.7366;222.0;270.0;270.0;186.9
592.5;1.2665;1.2500;-0.0398;0.0000;126;130;-0.0049;41.1527;0.0916;0.1430;40.5362;237.3;270.0;270.0;186.6
593.0;1.2688;1.2500;-0.0357;0.0000;126;128;-0.0831;41.8321;0.0992;0.1430;41.3358;247.6;270.0;270.0;185.8
593.5;1.2711;1.2500;-0.0687;0.0000;124;128;0.0733;42.5191;0.0992;0.1430;42.1354;264.2;270.0;270.0;185.3
594.0;1.2729;1.2500;-0.1140;0.0000;120;128;0.0831;43.1985;0.0992;0.1430;42.9350;270.0;270.0;270.0;185.3
594.5;1.2743;1.2500;0.0481;0.0000;124;122;-0.0049;43.8473;0.0992;0.1430;43.7346;270.0;270.0;270.0;184.5
595.0;1.2756;1.2500;-0.0714;0.0000;120;124;-0.0049;44.4886;0.0992;0.1430;43.7346;270.0;270.0;270.0;184.5
595.5;1.2766;1.2500;-0.0055;0.0000;120;122;-0.0049;45.2137;0.1069;0.1430;44.5343;270.0;270.0;270.0;184.2
596.0;1.2770;1.2500;-0.0728;0.0000;118;124;-0.0049;45.8550;0.1069;0.1430;45.3339;270.0;270.0;270.0;183.2
596.5;1.2784;1.2500;0.0055;0.0000;118;120;0.0733;46.5344;0.1069;0.1430;46.1335;270.0;270.0;270.0;182.4
597.0;1.2793;1.2500;-0.1332;0.0000;114;124;-0.0049;47.1832;0.1069;0.1210;46.9331;270.0;270.0;270.0;182.1
597.5;1.2802;1.2500;0.0082;0.0000;116;120;0.0733;47.8626;0.1145;0.1210;47.7327;270.0;270.0;270.0;181.6
598.0;1.2802;1.2500;0.0426;0.0000;116;118;0.0733;48.4656;0.1145;0.1430;47.7327;270.0;270.0;270.0;180.8
598.5;1.2811;1.2500;-0.0852;0.0000;114;122;-0.0049;49.1908;0.1145;0.1210;48.5323;270.0;270.0;270.0;180.0
599.0;1.2825;1.2500;-0.0481;0.0000;112;120;-0.0049;49.8321;0.1145;0.1210;49.3319;270.0;270.0;268.4;180.0
599.5;1.2834;1.2500;-0.0797;0.0000;112;120;-0.0831;50.5115;0.1145;0.1210;50.1315;270.0;270.0;266.0;179.5
600.0;1.2839;1.2500;0.0055;0.0000;114;116;-0.0049;51.1603;0.1221;0.1210;50.9311;270.0;270.0;266.0;179.5
600.5;1.2848;1.2500;-0.0151;0.0000;112;116;0.0733;51.8397;0.1221;0.1210;51.7307;270.0;270.0;265.5;178.4
601.0;1.2857;1.2500;0.0659;0.0000;112;114;0.0733;52.5267;0.1221;0.1210;51.7307;270.0;270.0;265.0;178.4
601.5;1.2866;1.2500;-0.0220;0.0000;110;116;-0.0049;53.1679;0.1221;0.1210;52.5304;270.0;270.0;263.1;177.6
602.0;1.2866;1.2500;0.0343;0.0000;112;114;-0.0049;53.8092;0.1221;0.1210;53.3300;270.0;270.0;262.3;177.9
602.5;1.2875;1.2500;0.0165;0.0000;110;112;0.0733;54.4962;0.1298;0.1210;54.1296;270.0;270.0;260.5;177.6
603.0;1.2875;1.2500;0.0027;0.0000;110;114;-0.0049;55.1374;0.1298;0.1210;54.9292;270.0;270.0;260.0;176.8
603.5;1.2862;1.2500;0.0261;0.0000;110;112;-0.0049;55.7023;0.1298;0.1210;54.9292;270.0;270.0;258.7;175.5
604.0;1.2857;1.2500;-0.0563;0.0000;109;114;-0.0049;56.3435;0.1298;0.1210;55.7288;270.0;270.0;258.7;175.2
604.5;1.2853;1.2500;-0.0014;0.0000;110;114;-0.0049;56.9847;0.1298;0.1210;56.5284;270.0;270.0;257.9;174.5
605.0;1.2839;1.2500;0.0137;0.0000;110;114;0.0733;57.5878;0.1374;0.1210;57.3280;270.0;270.0;258.7;173.9
605.5;1.2825;1.2500;0.0261;0.0000;110;114;0.0733;58.1908;0.1374;0.1210;58.1276;270.0;270.0;257.1;172.6
606.0;1.2811;1.2500;-0.0412;0.0000;110;118;0.0733;58.7939;0.1374;0.1210;58.1276;270.0;270.0;257.9;171.8
606.5;1.2798;1.2500;0.0563;0.0000;112;116;-0.0049;59.4351;0.1374;0.1210;58.9272;270.0;270.0;257.1;171.6
607.0;1.2788;1.2500;-0.0055;0.0000;112;118;-0.0049;60.0840;0.1374;0.1210;59.7268;270.0;270.0;255.7;171.6
607.5;1.2770;1.2500;0.0632;0.0000;114;116;0.0733;60.6870;0.1450;0.1430;60.5265;270.0;270.0;254.4;171.3
608.0;1.2766;1.2500;0.0879;0.0000;114;116;-0.0049;61.3282;0.1450;0.1430;61.3261;270.0;270.0;253.6;170.5
608.5;1.2761;1.2500;0.1497;0.0000;116;116;-0.0147;61.9695;0.1450;0.1430;61.3261;270.0;270.0;253.9;170.0
609.0;1.2756;1.2500;0.0687;0.0000;116;118;-0.0049;62.6107;0.1450;0.1430;62.1257;270.0;270.0;252.3;169.2
609.5;1.2747;1.2500;0.0426;0.0000;114;118;0.0733;63.2137;0.1527;0.1430;62.9253;270.0;270.0;251.5;168.4
610.0;1.2734;1.2500;0.1113;0.0000;116;118;0.0733;63.8168;0.1527;0.1430;63.7249;270.0;270.0;251.8;168.1
610.5;1.2729;1.2500;0.0069;0.0000;114;120;-0.0049;64.4580;0.1527;0.1430;63.7249;270.0;270.0;251.5;168.4
611.0;1.2720;1.2500;0.1360;0.0000;118;118;0.0733;65.0611;0.1527;0.1430;64.5245;270.0;270.0;249.9;167.6
611.5;1.2701;1.2500;-0.0687;0.0000;114;124;0.0733;65.6641;0.1527;0.1430;65.3241;270.0;270.0;251.0;167.1
612.0;1.2683;1.2500;-0.0797;0.0000;114;124;-0.0049;66.3130;0.1603;0.1430;66.1237;270.0;270.0;250.7;166.3
612.5;1.2665;1.2500;-0.1607;0.0000;114;128;0.0049;66.8702;0.1603;0.1430;66.1237;270.0;270.0;249.4;165.7
613.0;1.2647;1.2500;-0.1635;0.0000;114;128;0.0049;67.5191;0.1603;0.1430;66.9233;270.0;270.0;249.1;165.5
613.5;1.2637;1.2500;-0.0618;0.0000;118;126;-0.0049;68.1603;0.1603;0.1430;67.7229;270.0;270.0;247.8;165.0
614.0;1.2614;1.2500;-0.0920;0.0000;118;128;-0.0831;68.7634;0.1603;0.1210;68.5226;270.0;270.0;246.2;164.7
614.5;1.2587;1.2500;-0.0508;0.0000;120;128;-0.0049;69.3206;0.1679;0.1210;69.3222;270.0;270.0;244.1;164.2
615.0;1.2573;1.2500;-0.0591;0.0000;122;130;-0.0049;69.9695;0.1679;0.1210;69.3222;270.0;270.0;243.3;163.6
615.5;1.2560;1.2500;0.1332;0.0000;128;126;0.0733;70.5725;0.1679;0.1430;70.1218;270.0;270.0;242.8;163.1
616.0;1.2555;1.2500;-0.0247;0.0000;124;132;-0.0049;71.2137;0.1679;0.1210;70.9214;270.0;270.0;241.5;162.8
616.5;1.2550;1.2500;0.0934;0.0000;128;128;-0.0049;71.8550;0.1679;0.1430;71.7210;270.0;270.0;241.8;162.1
617.0;1.2491;1.2500;0.0330;0.0000;124;134;0.0733;72.4580;0.1756;0.1430;71.7210;270.0;270.0;240.4;162.1
617.5;1.2459;1.2500;-0.0591;0.0000;126;140;-0.0049;73.0992;0.1756;0.1430;72.5206;270.0;270.0;240.4;161.5
618.0;1.2422;1.2500;-0.0673;0.0000;126;142;-0.0049;73.6641;0.1756;0.1210;73.3202;270.0;270.0;237.8;161.5
618.5;1.2386;1.2500;-0.0563;0.0000;132;144;-0.0049;74.2290;0.1756;0.1210;74.1198;270.0;270.0;237.8;161.0
619.0;1.2367;1.2500;0.0948;0.0000;136;140;-0.0049;74.8702;0.1756;0.1430;74.1198;270.0;270.0;237.3;160.5
619.5;1.2353;1.2500;0.0618;0.0000;138;142;-0.0831;75.4733;0.1832;0.1430;74.9194;270.0;270.0;236.7;160.2
620.0;1.2344;1.2500;0.2514;0.0000;144;138;-0.0147;76.1145;0.1832;0.1430;75.7190;270.0;270.0;237.5;159.9
620.5;1.2344;1.2500;0.1168;0.0000;142;142;-0.0049;76.7557;0.1832;0.1430;76.5187;270.0;270.0;236.7;159.7
621.0;1.2344;1.2500;0.2019;0.0000;144;140;0.0635;77.3588;0.1832;0.1430;77.3183;270.0;270.0;236.2;160.2
621.5;1.2344;1.2500;0.2596;0.0000;146;140;-0.0147;78.0076;0.1908;0.1649;77.3183;270.0;270.0;235.2;159.4
622.0;1.2353;1.2500;0.2115;0.0000;144;140;-0.0147;78.6489;0.1908;0.1649;78.1179;270.0;270.0;236.5;159.9
622.5;1.2363;1.2500;0.3008;0.0000;146;138;-0.0147;79.2901;0.1908;0.1649;78.9175;270.0;270.0;235.4;158.9
623.0;1.2372;1.2500;0.1676;0.0000;144;140;-0.0147;79.9313;0.1908;0.1869;79.7171;270.0;270.0;234.9;158.9
623.5;1.2372;1.2500;0.2500;0.0000;146;138;-0.0929;80.5344;0.1985;0.1869;80.5167;270.0;270.0;234.1;158.1
624.0;1.2376;1.2500;0.2239;0.0000;144;138;0.0635;81.1374;0.1985;0.1869;80.5167;270.0;270.0;232.8;157.8
624.5;1.2372;1.2500;0.2885;0.0000;146;138;0.0635;81.7405;0.1985;0.2089;81.3163;270.0;270.0;231.2;157.0
625.0;1.2367;1.2500;0.2981;0.0000;146;136;-0.0929;82.3435;0.1985;0.2089;82.1159;270.0;270.0;231.7;158.1
625.5;1.2367;1.2500;0.4121;0.0000;150;134;-0.0244;82.9924;0.2061;0.2308;82.9155;270.0;270.0;230.9;157.0
626.0;1.2372;1.2500;0.4231;0.0000;150;134;-0.0244;83.6336;0.2061;0.2308;82.9155;270.0;270.0;230.7;156.2
626.5;1.2381;1.2500;0.2610;0.0000;146;138;-0.0147;84.2748;0.2137;0.2308;83.7151;270.0;270.0;229.9;155.7
627.0;1.2390;1.2500;0.3640;0.0000;150;134;-0.0147;84.9160;0.2137;0.2528;84.5147;270.0;270.0;229.4;155.2
627.5;1.2395;1.2500;0.2459;0.0000;146;138;0.0635;85.5191;0.2137;0.2528;85.3144;270.0;270.0;228.8;154.9
628.0;1.2390;1.2500;0.2802;0.0000;146;136;-0.0929;86.1221;0.2214;0.2748;86.1140;270.0;270.0;228.0;155.2
628.5;1.2390;1.2500;0.2569;0.0000;146;136;-0.0929;86.7252;0.2214;0.2748;86.1140;270.0;270.0;228.3;153.9
629.0;1.2381;1.2500;0.1277;0.0000;142;140;-0.0049;87.3664;0.2214;0.2748;86.9136;270.0;270.0;227.8;153.3
629.5;1.2376;1.2500;0.0632;0.0000;142;142;0.0733;87.9695;0.2290;0.2748;87.7132;270.0;270.0;226.7;153.3
630.0;1.2372;1.2500;0.0838;0.0000;142;142;0.0733;88.5725;0.2290;0.2748;88.5128;270.0;270.0;225.7;152.8
630.5;1.2372;1.2500;0.1607;0.0000;144;140;-0.0147;89.2214;0.2366;0.2748;88.5128;270.0;270.0;223.8;153.1
631.0;1.2367;1.2500;0.1195;0.0000;144;142;-0.0929;89.8244;0.2366;0.2968;89.3124;270.0;270.0;222.8;152.8
631.5;1.2358;1.2500;0.2569;0.0000;148;138;-0.0929;90.4275;0.2443;0.2968;90.1120;270.0;270.0;221.4;152.0
632.0;1.2353;1.2500;0.1126;0.0000;144;142;0.0733;91.0305;0.2443;0.2968;90.9116;270.0;270.0;220.9;151.5
632.5;1.2340;1.2500;0.1374;0.0000;146;142;-0.0147;91.6718;0.2443;0.2968;90.9116;270.0;270.0;223.5;151.0
633.0;1.2321;1.2500;0.0756;0.0000;144;144;-0.0049;92.2290;0.2519;0.2968;91.7112;270.0;270.0;222.8;150.7
633.5;1.2312;1.2500;0.0824;0.0000;146;144;-0.0049;92.8779;0.2519;0.3187;92.5108;270.0;270.0;222.8;150.2
634.0;1.2312;1.2500;0.1223;0.0000;148;144;-0.0049;93.5191;0.2595;0.3187;93.3105;270.0;270.0;221.7;149.6
634.5;1.2312;1.2500;0.0275;0.0000;146;146;-0.0049;94.1603;0.2595;0.3187;94.1101;270.0;270.0;222.0;149.4
635.0;1.2312;1.2500;0.0316;0.0000;146;148;-0.0049;94.8015;0.2672;0.3187;94.1101;270.0;270.0;220.6;148.9
635.5;1.2303;1.2500;-0.0234;0.0000;144;148;-0.0049;95.3664;0.2672;0.3187;94.9097;270.0;270.0;220.1;148.6
636.0;1.2289;1.2500;0.0934;0.0000;148;146;-0.0049;95.9313;0.2748;0.3187;95.7093;270.0;270.0;218.8;147.8
636.5;1.2285;1.2500;0.0797;0.0000;148;148;-0.0049;96.5725;0.2748;0.3187;96.5089;270.0;270.0;219.3;147.5
637.0;1.2285;1.2500;0.1937;0.0000;152;144;-0.0147;97.2137;0.2824;0.3187;96.5089;270.0;270.0;218.3;147.0
637.5;1.2276;1.2500;0.1964;0.0000;152;144;-0.0147;97.8626;0.2824;0.3187;97.3085;270.0;270.0;217.5;146.5
638.0;1.2262;1.2500;0.1003;0.0000;150;148;-0.0049;98.4198;0.2824;0.3407;98.1081;270.0;270.0;216.7;146.0
638.5;1.2248;1.2500;0.1827;0.0000;153;146;-0.0147;99.0611;0.2901;0.3407;98.9077;270.0;270.0;215.9;145.7
639.0;1.2234;1.2500;0.1442;0.0000;153;148;-0.0147;99.7099;0.2901;0.3407;99.7073;270.0;270.0;214.8;144.9
639.5;1.2221;1.2500;0.1360;0.0000;155;150;-0.0929;100.3130;0.2977;0.3407;99.7073;270.0;270.0;214.0;144.1
640.0;1.2207;1.2500;0.0893;0.0000;153;152;-0.0049;100.9542;0.2977;0.3407;100.5069;270.0;270.0;213.0;143.6
640.5;1.2189;1.2500;0.0714;0.0000;153;152;-0.0049;101.5191;0.3053;0.3407;101.3066;270.0;270.0;211.7;142.8
641.0;1.2179;1.2500;-0.0728;0.0000;152;157;-0.0831;102.1221;0.3053;0.3407;102.1062;270.0;270.0;211.1;142.3
641.5;1.2175;1.2500;-0.0206;0.0000;153;155;-0.0049;102.7634;0.3130;0.3407;102.1062;270.0;270.0;210.4;141.7
642.0;1.2170;1.2500;0.0495;0.0000;157;153;-0.0049;103.4046;0.3206;0.3407;102.9058;270.0;270.0;209.6;141.5
642.5;1.2170;1.2500;0.0192;0.0000;157;155;-0.0831;104.0076;0.3206;0.3407;103.7054;270.0;270.0;209.0;140.9
643.0;1.2170;1.2500;0.0907;0.0000;159;153;-0.0049;104.6489;0.3282;0.3627;-0.2439;270.0;270.0;207.7;140.7
643.5;1.2179;1.2500;0.0069;0.0124;87;226;-0.0049;105.2977;0.3282;0.3627;0.5557;270.0;270.0;208.0;140.7
644.0;1.2179;1.2500;0.0371;0.0371;81;232;0.0733;105.9008;0.3359;0.3627;0.5557;270.0;270.0;206.4;140.7
644.5;1.2193;1.2500;-0.0165;0.0742;75;238;-0.0049;106.5420;0.3359;0.3627;1.3553;270.0;270.0;205.3;140.7
645.0;1.2202;1.2500;0.0398;0.1250;71;241;-0.0049;107.1832;0.3435;0.3627;2.1549;270.0;270.0;205.9;140.7
645.5;1.2216;1.2500;0.0426;0.1868;65;247;0.0733;107.8626;0.3435;0.3627;2.9546;270.0;270.0;205.9;140.7
646.0;1.2230;1.2500;0.1250;0.2624;60;249;-0.0049;108.5115;0.3511;0.3627;3.7542;270.0;270.0;205.9;140.9
646.5;1.2257;1.2500;0.1442;0.3489;54;255;0.0733;109.1908;0.3511;0.3627;3.7542;270.0;270.0;203.8;140.9
647.0;1.2276;1.2500;0.1099;0.4492;44;263;-0.0049;109.8321;0.3588;0.3627;4.5538;270.0;270.0;202.2;142.0
647.5;1.2289;1.2500;0.4780;0.5618;93;212;0.0538;110.4351;0.3588;0.3847;5.3534;270.0;270.0;200.6;141.7
648.0;1.2303;1.2500;0.7857;0.6868;93;210;-0.0342;111.0840;0.3664;0.4066;6.1530;270.0;270.0;200.1;142.0
648.5;1.2321;1.2500;1.3242;0.8242;99;202;-0.1320;111.7634;0.3740;0.4506;6.9526;270.0;270.0;199.0;142.3
649.0;1.2344;1.2500;1.7555;0.9739;101;196;-0.0635;112.4046;0.3740;0.4945;7.7522;270.0;270.0;199.3;143.8
649.5;1.2367;1.2500;2.0907;1.1374;99;196;0.0049;113.0916;0.3817;0.5605;7.7522;270.0;270.0;199.0;144.4
650.0;1.2376;1.2500;2.2225;1.3118;91;202;0.2395;113.6565;0.3893;0.6044;8.5518;270.0;270.0;199.3;145.2
650.5;1.2363;1.2500;3.0000;1.5000;101;193;0.2884;114.1756;0.3969;0.6923;9.3514;270.0;270.0;198.2;146.2