general_params = {
fan_speed = 600.000000,
angular_kp = 0.090000,
angular_ki = 0.000500,
angular_kd = 0.050000,
angular_acc_feed_forward_k = 0.000600,
angular_brake_feed_forward_k = 0.000600,
angular_vel_feed_forward_k = 0.005600,
linear_vel_acc_feed_forward_k = 0.033000,
linear_vel_brake_feed_forward_k = 0.025000,
linear_vel_feed_forward_k = 0.141000,
wall_kp = 0.029000,
wall_ki = 0.000000,
wall_kd = 0.000000,
linear_vel_kp = 2.500000,
linear_vel_ki = 0.010000,
linear_vel_kd = 0.000000,
diagonal_walls_kp = 0.020000,
diagonal_walls_ki = 0.000000,
diagonal_walls_kd = 0.000000,
start_wall_break_mm_left = 56.000000,
start_wall_break_mm_right = 64.000000,
enable_wall_break_correction = 1.000000,
max_linear_acc_jerk = 625.000000,
max_linear_brake_jerk = 625.000000,
wheel_radius_mm = 13.100000,
coulomb_ff = 0.180000,
angular_coulomb_ff = 0.070000,
angular_static_ff = 0.250000,
angular_coulomb_ff_inplace = 0.000000,
angular_static_ff_inplace = 0.000000,
};
t;Vel;TgtVel;AngVel;TgtAngVel;PWM_L;PWM_R;ImuDiff;PosX;PosY;Angle;Dist;SensL;SensFL;SensFR;SensR
0.0;1.7010;1.6996;-0.0769;-0.0206;239;107;0.1515;0.8779;0.0000;-0.0109;0.5557;190.8;217.5;231.5;270.0
0.5;1.7042;1.6996;-0.1140;-0.0604;245;99;0.0831;1.8015;-0.0076;-0.0109;1.3553;192.7;220.4;230.1;270.0
1.0;1.7070;1.6996;-0.2679;-0.1209;247;93;0.0049;2.6870;-0.0076;-0.0109;2.1549;191.9;220.4;230.7;270.0
1.5;1.7083;1.6996;-0.1209;-0.2005;259;79;0.0831;3.5344;-0.0076;-0.0328;2.9546;192.4;221.4;231.2;270.0
2.0;1.7102;1.6996;-0.2033;-0.3008;265;71;0.0831;4.4580;-0.0076;-0.0328;3.7542;191.9;221.4;230.9;270.0
2.5;1.7120;1.6996;-0.1951;-0.4203;275;60;0.0049;5.3435;-0.0076;-0.0328;4.5538;192.9;222.2;229.9;270.0
3.0;1.7134;1.6996;-0.3819;-0.5604;279;54;0.0049;6.2290;-0.0076;-0.0548;6.1530;191.6;222.2;230.9;270.0
3.5;1.7152;1.6996;-0.6099;-0.7212;236;95;0.0147;7.1069;-0.0076;-0.0548;6.9526;192.1;221.4;229.6;270.0
4.0;1.7161;1.6996;-0.8736;-0.9011;239;89;-0.0538;7.9542;-0.0076;-0.0988;7.7522;192.9;222.0;228.8;270.0
4.5;1.7157;1.6996;-1.0934;-1.1003;243;81;-0.0440;8.8015;-0.0076;-0.1207;8.5518;194.0;220.1;229.4;270.0
5.0;1.7161;1.6996;-1.5536;-1.3201;243;81;0.1320;9.7252;-0.0076;-0.1647;9.3514;193.7;217.7;227.5;270.0
5.5;1.7170;1.6996;-2.1676;-1.5604;241;83;-0.0147;10.5649;-0.0153;-0.2306;10.1510;194.0;215.1;227.8;270.0
6.0;1.7175;1.6996;-2.4162;-1.8201;247;75;0.0831;11.4504;-0.0153;-0.2965;10.9506;195.6;213.0;227.8;270.0
6.5;1.7179;1.6996;-2.7445;-2.1003;253;69;-0.0733;12.3359;-0.0229;-0.3844;11.7503;196.9;211.4;225.9;270.0
7.0;1.7184;1.6996;-2.9451;-2.4011;265;58;-0.0635;13.2214;-0.0305;-0.4503;12.5499;195.8;210.4;224.3;270.0
7.5;1.7184;1.6996;-3.1140;-2.7212;275;48;0.0244;14.0611;-0.0382;-0.5602;13.3495;196.9;209.3;224.3;270.0
8.0;1.7179;1.6996;-3.2308;-3.0604;286;32;0.0244;14.9084;-0.0458;-0.6481;14.1491;198.5;207.2;222.8;270.0
8.5;1.7161;1.6996;-3.5220;-3.4203;296;24;-0.0440;15.7099;-0.0534;-0.7360;14.9487;198.5;205.1;221.7;270.0
9.0;1.7147;1.6996;-3.7253;-3.8008;310;13;0.0440;16.5573;-0.0687;-0.8459;16.5479;198.7;204.0;220.9;270.0
9.5;1.7125;1.6996;-4.0206;-4.2005;324;5;0.0538;17.3969;-0.0763;-0.9777;17.3475;198.7;203.2;220.6;270.0
10.0;1.7097;1.6996;-4.4547;-4.6209;333;-3;-0.0929;18.1603;-0.0916;-1.0876;18.1471;200.3;202.4;220.1;270.0
10.5;1.7088;1.6996;-4.8022;-5.0604;345;-11;-0.0733;19.0840;-0.1145;-1.2194;18.9467;200.6;200.6;220.6;270.0
11.0;1.7083;1.6996;-5.3901;-5.5206;353;-15;-0.0538;19.9313;-0.1298;-1.3733;19.7464;202.2;199.5;219.6;270.0
11.5;1.7079;1.6996;-5.8516;-6.0000;361;-22;-0.0342;20.7710;-0.1527;-1.5490;20.5460;203.0;198.5;219.6;270.0
12.0;1.7070;1.6996;-6.3159;-6.5000;370;-32;-0.0244;21.6183;-0.1756;-1.7248;21.3456;205.3;199.0;219.1;270.0
12.5;1.7065;1.6996;-6.6827;-7.0206;386;-44;-0.0929;22.5038;-0.2061;-1.9226;22.1452;206.1;198.7;218.8;270.0
13.0;1.7065;1.6996;-7.1387;-7.5604;400;-54;-0.0733;23.3817;-0.2366;-2.1204;22.9448;207.7;199.3;218.8;270.0
13.5;1.7056;1.6996;-7.6277;-8.1085;406;-60;-0.0635;24.1908;-0.2672;-2.3401;23.7444;208.5;199.3;219.3;270.0
14.0;1.7042;1.6996;-8.0907;-8.6429;408;-60;-0.1222;25.0305;-0.3053;-2.5818;24.5440;210.4;199.5;218.3;270.0
14.5;1.7033;1.6996;-8.6827;-9.1662;406;-54;-0.1026;25.8702;-0.3435;-2.8235;25.3436;211.4;197.7;217.7;270.0
15.0;1.7024;1.6996;-9.1484;-9.6758;404;-52;-0.1711;26.7557;-0.3893;-3.0872;26.1432;214.0;196.1;218.8;270.0
15.5;1.7015;1.6996;-9.9162;-10.1731;396;-42;-0.0538;27.6031;-0.4351;-3.3729;26.9428;216.4;194.8;217.7;270.0
16.0;1.7005;1.6996;-10.4725;-10.6580;388;-36;-0.1124;28.4809;-0.4885;-3.6805;27.7425;219.1;192.7;217.5;270.0
16.5;1.7001;1.6996;-11.1181;-11.1305;382;-28;-0.0244;29.3206;-0.5420;-3.9882;28.5421;220.4;190.3;216.4;270.0
17.0;1.6996;1.6996;-11.7761;-11.5907;374;-21;-0.1613;30.1679;-0.6031;-4.3178;30.1413;223.0;188.2;217.2;270.0
17.5;1.6992;1.6996;-12.3036;-12.0385;369;-17;-0.1320;31.0076;-0.6718;-4.6913;30.9409;225.4;186.1;216.7;270.0
18.0;1.6983;1.6996;-12.6168;-12.4725;370;-17;0.0244;31.8473;-0.7405;-5.0429;31.7405;227.5;183.4;218.3;270.0
18.5;1.6969;1.6996;-13.1195;-12.8956;367;-13;-0.0929;32.6870;-0.8168;-5.4165;32.5401;231.7;182.4;218.3;270.0
19.0;1.6964;1.6996;-13.6744;-13.3063;359;-5;-0.1026;33.5267;-0.9008;-5.8120;33.3397;234.4;180.3;219.3;270.0
19.5;1.6964;1.6996;-13.9354;-13.7033;361;-7;-0.1613;34.4046;-0.9924;-6.2075;34.1393;237.5;179.5;220.9;270.0
20.0;1.6964;1.6996;-14.4121;-14.0879;355;-1;-0.0635;35.2443;-1.0916;-6.6250;34.9389;237.3;177.6;223.5;270.0
20.5;1.6969;1.6996;-14.8393;-14.4602;351;1;-0.1222;36.1221;-1.1908;-7.0645;35.7386;238.3;176.0;224.9;270.0
21.0;1.6978;1.6996;-15.3242;-14.8201;343;7;-0.1124;37.0000;-1.3053;-7.4820;36.5382;237.5;174.7;227.8;270.0
21.5;1.7005;1.6996;-15.6058;-15.1676;343;7;-0.1906;37.9160;-1.4275;-7.9215;37.3378;235.4;173.7;231.5;270.0
22.0;1.7033;1.6996;-16.0508;-15.5027;335;11;-0.1711;38.8321;-1.5573;-8.3830;38.1374;231.7;173.4;236.7;270.0
22.5;1.7056;1.6996;-16.3819;-15.8255;331;11;-0.1515;39.7481;-1.7023;-8.8664;39.7366;227.8;172.3;244.9;270.0
23.0;1.7083;1.6996;-16.7761;-16.1360;326;15;-0.1222;40.6565;-1.8473;-9.3498;40.5362;223.0;172.6;256.0;270.0
23.5;1.7111;1.6996;-17.1099;-16.4327;320;17;-0.2297;41.5344;-1.9924;-9.8332;41.3358;221.4;172.1;268.4;270.0
24.0;1.7143;1.6996;-17.3942;-16.7184;316;19;-0.1222;42.4427;-2.1527;-10.3167;42.1354;217.2;173.4;270.0;270.0
24.5;1.7161;1.6996;-17.7898;-16.9904;308;22;-0.1026;43.2748;-2.3053;-10.8441;42.9350;215.4;173.7;270.0;270.0
25.0;1.7184;1.6996;-17.9753;-17.2500;304;22;-0.1808;44.2214;-2.4962;-11.3495;43.7346;213.5;173.7;270.0;270.0
25.5;1.7207;1.6996;-18.1758;-17.4986;300;22;-0.1711;45.0840;-2.6718;-11.8768;44.5343;213.5;176.3;270.0;270.0
26.0;1.7225;1.6996;-18.4423;-17.7335;294;26;-0.0147;45.9466;-2.8550;-12.4042;46.1335;213.5;176.6;270.0;270.0
26.5;1.7239;1.6996;-18.6937;-17.9560;290;28;-0.1515;46.8092;-3.0534;-12.9316;46.9331;214.0;176.3;270.0;270.0
27.0;1.7262;1.6996;-18.8530;-18.1662;286;28;-0.0733;47.7099;-3.2595;-13.4809;47.7327;213.0;175.8;270.0;270.0
27.5;1.7280;1.6996;-19.2390;-18.3626;277;36;-0.1906;48.6107;-3.4809;-14.0523;48.5323;214.6;175.5;270.0;270.0
28.0;1.7294;1.6996;-19.4437;-18.5481;271;38;-0.1515;49.4656;-3.7023;-14.5796;49.3319;212.7;175.2;270.0;270.0
28.5;1.7303;1.6996;-19.6140;-18.7212;267;40;-0.2004;50.3588;-3.9389;-15.1510;50.1315;212.7;175.0;270.0;270.0
29.0;1.7308;1.6996;-19.8448;-18.8805;261;46;-0.1906;51.1756;-4.1603;-15.7223;50.9311;212.7;175.0;270.0;270.0
29.5;1.7312;1.6996;-20.0165;-19.0288;255;48;-0.0929;52.0229;-4.4046;-16.3156;51.7307;211.7;173.7;270.0;270.0
30.0;1.7308;1.6996;-20.2555;-19.1635;249;54;-0.1808;52.8321;-4.6489;-16.8869;52.5304;207.2;172.9;270.0;270.0
30.5;1.7303;1.6996;-20.3681;-19.2857;245;56;-0.1124;53.6031;-4.8855;-17.4582;53.3300;204.0;172.3;270.0;270.0
31.0;1.7289;1.6996;-20.5165;-19.3956;239;62;-0.0049;54.4046;-5.1450;-18.0296;54.1296;203.0;173.1;270.0;270.0
31.5;1.7280;1.6996;-20.5687;-19.4931;238;65;-0.0147;55.2061;-5.4046;-18.6229;55.7288;202.4;172.6;270.0;270.0
32.0;1.7271;1.6996;-20.8214;-19.5783;230;73;-0.0538;56.0382;-5.6947;-19.2381;56.5284;200.1;171.3;270.0;270.0
32.5;1.7271;1.6996;-20.9423;-19.6511;224;79;-0.0244;56.8397;-5.9771;-19.8314;57.3280;197.4;170.2;270.0;270.0
33.0;1.7266;1.6996;-21.1332;-19.7102;218;87;0.0147;57.6260;-6.2672;-20.4247;58.1276;194.8;170.0;270.0;270.0
33.5;1.7257;1.6996;-21.2692;-19.7582;210;93;0.0147;58.4198;-6.5649;-21.0400;58.9272;192.9;170.2;270.0;270.0
34.0;1.7253;1.6996;-21.2376;-19.7926;208;95;-0.0440;59.2443;-6.8855;-21.6553;59.7268;190.8;170.0;270.0;270.0
34.5;1.7248;1.6996;-21.2596;-19.8159;204;99;0.0147;60.0229;-7.1985;-22.2705;60.5265;189.2;169.4;270.0;270.0
35.0;1.7234;1.6996;-21.2376;-19.8255;202;103;-0.0831;60.7710;-7.5114;-22.8638;61.3261;187.1;170.8;270.0;270.0
35.5;1.7221;1.6996;-21.2569;-19.8255;198;109;0.0147;61.5420;-7.8397;-23.4791;62.1257;185.0;171.0;270.0;270.0
36.0;1.7207;1.6996;-21.1374;-19.8255;202;105;-0.0635;62.2824;-8.1679;-24.0724;62.9253;184.8;172.9;270.0;270.0
36.5;1.7189;1.6996;-21.1854;-19.8255;202;109;0.0244;63.0458;-8.5114;-24.6877;63.7249;181.8;173.4;270.0;270.0
37.0;1.7175;1.6996;-21.0577;-19.8132;202;109;-0.0049;63.8092;-8.8702;-25.3030;64.5245;181.6;174.7;270.0;270.0
37.5;1.7166;1.6996;-20.9382;-19.7885;200;112;0.0049;64.5725;-9.2366;-25.8963;65.3241;179.7;175.0;270.0;270.0
38.0;1.7138;1.6996;-20.9286;-19.7500;196;118;0.0147;65.2595;-9.5725;-26.4895;66.1237;177.6;175.5;270.0;270.0
38.5;1.7111;1.6996;-20.8338;-19.7005;195;122;0.0929;65.9771;-9.9313;-27.1048;66.9233;174.5;175.8;270.0;270.0
39.0;1.7083;1.6996;-20.6758;-19.6387;195;126;-0.0147;66.7252;-10.3206;-27.6981;67.7229;175.5;175.5;270.0;270.0
39.5;1.7056;1.6996;-20.5082;-19.5632;195;132;-0.0244;67.4733;-10.7176;-28.2694;68.5226;172.9;175.0;270.0;270.0
40.0;1.7033;1.6996;-20.2514;-19.4753;195;132;-0.0244;68.2137;-11.1221;-28.8408;69.3222;170.2;174.5;270.0;270.0
40.5;1.7015;1.6996;-19.9863;-19.3750;196;134;-0.1124;68.9160;-11.5114;-29.4121;70.1218;168.4;173.7;270.0;270.0
41.0;1.6992;1.6996;-19.9038;-19.2637;193;140;-0.0049;69.6489;-11.9313;-30.0054;70.9214;164.4;173.9;270.0;270.0
41.5;1.6969;1.6996;-19.6209;-19.1387;195;142;-0.0635;70.3053;-12.3130;-30.5547;71.7210;163.4;172.9;270.0;270.0
42.0;1.6941;1.6996;-19.4684;-19.0000;189;146;0.0342;71.0687;-12.7710;-31.1041;72.5206;162.1;172.1;270.0;270.0
42.5;1.6909;1.6996;-19.3626;-18.8503;187;153;0.0342;71.7557;-13.1908;-31.6754;73.3202;161.0;172.1;270.0;270.0
43.0;1.6877;1.6996;-19.1264;-18.6882;185;157;0.0244;72.4351;-13.6107;-32.2248;74.1198;159.4;171.8;270.0;270.0
43.5;1.6854;1.6996;-19.0618;-18.5137;181;167;-0.0635;73.1450;-14.0687;-32.7741;74.9194;157.3;171.8;270.0;270.0
44.0;1.6836;1.6996;-18.9080;-18.3255;177;175;0.0049;73.8244;-14.5038;-33.3015;76.5187;154.7;171.3;270.0;270.0
44.5;1.6822;1.6996;-18.7335;-18.1250;171;181;0.0929;74.5267;-14.9695;-33.8289;77.3183;154.7;171.8;270.0;270.0
45.0;1.6799;1.6996;-18.4478;-17.9135;169;187;0.0733;75.1603;-15.3969;-34.3562;78.1179;151.8;171.0;270.0;270.0
45.5;1.6781;1.6996;-18.2376;-17.6882;165;193;0.0831;75.8550;-15.8779;-34.8836;78.9175;150.2;171.0;270.0;268.4
46.0;1.6763;1.6996;-17.9451;-17.4505;163;196;-0.0244;76.5115;-16.3435;-35.4110;79.7171;148.9;170.5;270.0;258.9
46.5;1.6754;1.6996;-17.7857;-17.2005;157;206;0.0538;77.1985;-16.8321;-35.9164;80.5167;147.3;171.0;270.0;258.1
47.0;1.6745;1.6996;-17.6058;-16.9382;152;214;0.0635;77.8779;-17.3282;-36.4218;81.3163;145.7;170.8;270.0;254.2
47.5;1.6740;1.6996;-17.2321;-16.6635;150;218;0.0342;78.5496;-17.8321;-36.9272;82.1159;143.8;171.3;270.0;250.5
48.0;1.6735;1.6996;-17.0151;-16.3750;144;226;0.0244;79.2290;-18.3435;-37.4106;82.9155;142.0;173.4;270.0;246.2
48.5;1.6731;1.6996;-16.7555;-16.0755;138;234;0.0929;79.8626;-18.8321;-37.8721;83.7151;140.7;175.2;270.0;243.3
49.0;1.6717;1.6996;-16.4973;-15.7637;132;239;0.1711;80.5267;-19.3588;-38.3555;84.5147;138.8;177.9;270.0;241.8
49.5;1.6708;1.6996;-16.1264;-15.4382;130;245;0.0733;81.1527;-19.8550;-38.8170;85.3144;138.8;181.3;270.0;239.9
50.0;1.6690;1.6996;-15.8599;-15.1003;122;253;-0.0049;81.8092;-20.3893;-39.2784;86.1140;137.8;185.0;270.0;237.8
50.5;1.6676;1.6996;-15.3104;-14.7500;124;255;0.0440;82.4275;-20.9008;-39.7179;86.9136;137.2;187.1;270.0;235.2
51.0;1.6658;1.6996;-14.9533;-14.3887;120;261;-0.0538;83.0763;-21.4427;-40.1354;87.7132;135.1;191.3;270.0;233.8
51.5;1.6648;1.6996;-14.4835;-14.0137;118;267;0.1124;83.7252;-21.9847;-40.5529;88.5128;134.9;195.3;270.0;232.8
52.0;1.6644;1.6996;-14.0288;-13.6250;116;271;0.0733;84.3588;-22.5420;-40.9485;89.3124;133.0;200.3;270.0;231.2
52.5;1.6639;1.6996;-13.5769;-13.2253;112;275;0.0831;85.0000;-23.0916;-41.3440;90.1120;132.5;205.9;270.0;231.2
53.0;1.6644;1.6996;-13.0137;-12.8132;110;275;0.0342;85.6260;-23.6565;-41.7175;90.9116;130.9;213.0;270.0;229.6
53.5;1.6658;1.6996;-12.5659;-12.3887;105;279;0.0342;86.3206;-24.2672;-42.0691;91.7112;129.9;222.2;270.0;229.6
54.0;1.6680;1.6996;-12.1003;-11.9505;101;283;-0.0635;86.9695;-24.8626;-42.4207;92.5108;129.6;230.7;270.0;228.8
54.5;1.6699;1.6996;-11.7830;-11.5000;91;290;-0.0635;87.6260;-25.4656;-42.7723;94.1101;129.1;239.6;270.0;228.8
55.0;1.6731;1.6996;-11.1951;-11.0385;89;290;-0.0147;88.2977;-26.0916;-43.0799;94.9097;128.3;248.1;270.0;228.0
55.5;1.6767;1.6996;-10.8929;-10.5632;75;300;0.0538;89.0000;-26.7557;-43.3876;95.7093;128.0;255.7;270.0;229.6
56.0;1.6804;1.6996;-10.4066;-10.0755;69;306;0.0440;89.6412;-27.3588;-43.6952;96.5089;127.7;263.9;270.0;228.8
56.5;1.6827;1.6996;-9.8613;-9.5755;62;308;0.0147;90.2824;-27.9771;-43.9809;97.3085;127.2;270.0;270.0;228.0
57.0;1.6854;1.6996;-9.4560;-9.0632;52;316;0.0929;90.9466;-28.6183;-44.2446;98.1081;127.5;270.0;270.0;228.8
57.5;1.6877;1.6996;-8.9423;-8.5385;46;324;0.0635;91.5496;-29.2061;-44.5082;98.9077;125.9;270.0;270.0;227.5
58.0;1.6905;1.6996;-8.3791;-8.0000;38;326;0.0440;92.2061;-29.8550;-44.7280;100.5069;125.6;270.0;270.0;227.2
58.5;1.6932;1.6996;-7.7555;-7.4533;34;329;0.1026;92.8321;-30.4809;-44.9697;101.3066;125.4;270.0;270.0;228.8
59.0;1.6964;1.6996;-7.2157;-6.9052;30;329;0.0049;93.4885;-31.1374;-45.1675;102.1062;126.4;270.0;270.0;227.8
59.5;1.6992;1.6996;-6.5948;-6.3777;36;320;0.0635;94.1069;-31.7634;-45.3652;102.9058;125.1;270.0;270.0;227.0
60.0;1.7019;1.6996;-6.0962;-5.8709;38;314;0.0440;94.7328;-32.3893;-45.5410;103.7054;125.9;270.0;270.0;226.5
60.5;1.7047;1.6996;-5.4231;-5.3832;48;302;0.1124;95.3740;-33.0534;-45.6948;104.5050;124.6;270.0;270.0;226.5
61.0;1.7070;1.6996;-4.9327;-4.9162;50;294;0.0831;95.9618;-33.6565;-45.8267;105.3046;124.0;270.0;270.0;226.5
61.5;1.7088;1.6996;-4.2788;-4.4684;60;283;0.0733;96.6107;-34.3206;-45.9585;106.1042;124.0;270.0;270.0;225.7
62.0;1.7115;1.6996;-3.6497;-4.0412;67;271;-0.0440;97.2214;-34.9542;-46.0464;106.9038;123.5;270.0;270.0;225.9
62.5;1.7134;1.6996;-3.0577;-3.6332;75;259;0.1026;97.8397;-35.5954;-46.1343;108.5030;123.3;270.0;270.0;225.9
63.0;1.7143;1.6996;-2.5481;-3.2459;81;249;0.0831;98.3969;-36.1756;-46.2222;109.3027;123.3;270.0;270.0;225.7
63.5;1.7147;1.6996;-2.1401;-2.8777;89;243;0.0733;99.0076;-36.8092;-46.2881;110.1023;121.7;270.0;270.0;224.9
64.0;1.7147;1.6996;-1.5728;-2.5302;97;228;0.1320;99.5878;-37.4198;-46.3321;110.9019;120.1;270.0;270.0;223.3
64.5;1.7152;1.6996;-1.3420;-2.2033;97;226;0.0440;100.1985;-38.0611;-46.3541;111.7015;119.8;270.0;270.0;222.2
65.0;1.7152;1.6996;-1.0316;-1.8956;103;220;0.0342;100.8092;-38.7023;-46.3980;112.5011;118.8;270.0;270.0;221.7
65.5;1.7152;1.6996;-0.8104;-1.6085;107;214;0.0244;101.3664;-39.2824;-46.4200;113.3007;119.8;270.0;270.0;220.6
66.0;1.7147;1.6996;-0.6099;-1.3407;109;212;0.0147;101.9695;-39.9237;-46.4420;114.1003;118.8;270.0;270.0;221.4
66.5;1.7147;1.6996;-0.3681;-1.0934;114;206;0.0929;102.5573;-40.5344;-46.4420;114.8999;117.7;270.0;270.0;219.6
67.0;1.7147;1.6996;-0.1126;-0.8654;120;200;0.1613;103.1603;-41.1756;-46.4420;115.6995;117.2;270.0;270.0;219.3
67.5;1.7143;1.6996;0.0247;-0.6580;124;198;0.0733;103.7481;-41.7863;-46.4420;116.4991;116.9;270.0;270.0;218.0
68.0;1.7134;1.6996;0.1264;-0.4712;126;195;0.0733;104.3282;-42.3969;-46.4420;117.2988;116.1;270.0;270.0;217.5
68.5;1.7120;1.6996;0.4560;-0.3036;138;185;0.1417;104.8779;-42.9847;-46.4200;118.0984;116.7;270.0;270.0;215.4
69.0;1.7106;1.6996;0.5096;-0.1552;142;185;0.1417;105.4351;-43.5649;-46.4200;118.8980;116.7;270.0;270.0;215.4
69.5;1.7083;1.6996;0.7802;-0.0288;152;175;-0.0342;105.9924;-44.1450;-46.3980;119.6976;116.1;270.0;270.0;214.6
70.0;1.7060;1.6996;0.8530;0.0000;167;161;-0.0342;106.5420;-44.7252;-46.3760;120.4972;115.6;270.0;270.0;213.5
70.5;1.7038;1.6996;1.0549;0.0000;185;150;-0.0440;107.0992;-45.3130;-46.3321;121.2968;116.4;270.0;270.0;212.5
71.0;1.7005;1.6996;0.9602;0.0000;181;152;0.0440;107.6260;-45.8626;-46.3101;122.0964;116.1;270.0;270.0;211.4
71.5;1.6973;1.6996;0.9299;0.0000;183;155;0.1222;108.1832;-46.4427;-46.2881;122.8960;117.7;270.0;270.0;210.6
72.0;1.6946;1.6996;0.9354;0.0000;185;157;-0.0342;108.7405;-47.0229;-46.2662;123.6956;118.5;270.0;270.0;209.8
72.5;1.6928;1.6996;0.8516;0.0000;185;161;-0.0342;109.3511;-47.6641;-46.2222;124.4952;119.6;270.0;270.0;209.8
73.0;1.6909;1.6996;0.9245;0.0000;189;161;-0.0049;0.8015;0.0000;-0.0109;0.5557;120.1;270.0;270.0;208.2
73.5;1.6891;1.6996;0.5948;0.0000;181;169;-0.0244;1.6031;0.0000;0.0111;1.3553;121.1;270.0;270.0;207.4
74.0;1.6868;1.6996;0.5124;0.0000;179;173;-0.0244;2.4046;0.0000;0.0111;2.1549;122.2;270.0;270.0;206.4
74.5;1.6859;1.6996;0.3173;0.0000;177;179;-0.0929;3.2519;0.0000;0.0331;2.9546;122.7;270.0;270.0;205.9
75.0;1.6854;1.6996;0.3159;0.0000;177;179;-0.0147;4.1374;0.0000;0.0331;3.7542;124.6;270.0;270.0;205.3
75.5;1.6845;1.6996;0.2953;0.0000;177;181;-0.0147;4.9389;0.0000;0.0551;4.5538;124.8;270.0;270.0;204.3
76.0;1.6841;1.6996;0.2390;0.0000;175;181;0.0635;5.7863;0.0000;0.0551;5.3534;126.2;270.0;270.0;204.3
76.5;1.6832;1.6996;0.2706;0.0000;177;181;0.0635;6.6260;0.0000;0.0551;6.1530;126.7;270.0;270.0;204.3
77.0;1.6813;1.6996;0.1964;0.0000;175;183;-0.0147;7.4351;0.0000;0.0770;6.9526;127.5;270.0;270.0;203.2
77.5;1.6799;1.6996;0.3544;0.0000;181;179;-0.0147;8.2366;0.0000;0.0770;7.7522;129.1;270.0;270.0;202.4
78.0;1.6790;1.6996;0.1772;0.0000;177;187;-0.0147;9.1221;0.0076;0.0770;8.5518;129.6;270.0;270.0;202.2
78.5;1.6781;1.6996;0.2967;0.0000;181;183;-0.0147;10.0000;0.0076;0.0990;9.3514;129.1;270.0;270.0;201.6
79.0;1.6763;1.6996;0.2569;0.0000;181;187;-0.0147;10.8092;0.0076;0.0990;10.1510;130.4;270.0;270.0;200.8
79.5;1.6754;1.6996;0.2266;0.0000;181;187;-0.0147;11.6947;0.0076;0.0990;10.9506;130.4;270.0;270.0;200.1
80.0;1.6749;1.6996;0.0440;0.0000;177;193;-0.0049;12.4962;0.0076;0.0990;11.7503;130.9;270.0;270.0;199.3
80.5;1.6745;1.6996;0.2294;0.0000;183;191;0.0635;13.3359;0.0153;0.1210;12.5499;131.4;270.0;270.0;198.5
81.0;1.6740;1.6996;0.2830;0.0000;185;189;0.0635;14.1832;0.0153;0.1210;14.1491;133.0;270.0;270.0;197.9
81.5;1.6745;1.6996;0.2734;0.0000;185;189;-0.0147;15.0687;0.0153;0.1210;14.9487;134.6;270.0;270.0;197.2
82.0;1.6745;1.6996;0.4354;0.0000;189;185;-0.0244;15.8702;0.0153;0.1430;15.7483;136.2;270.0;270.0;196.6
82.5;1.6740;1.6996;0.3832;0.0000;189;187;-0.0147;16.6718;0.0229;0.1430;16.5479;138.3;270.0;270.0;196.1
83.0;1.6731;1.6996;0.5783;0.0000;195;181;-0.1026;17.5191;0.0229;0.1649;17.3475;142.0;270.0;270.0;195.8
83.5;1.6731;1.6996;0.5357;0.0000;195;183;0.0538;18.3664;0.0229;0.1869;18.1471;145.2;270.0;270.0;195.3
84.0;1.6735;1.6996;0.6387;0.0000;196;181;-0.0244;19.2443;0.0305;0.2089;18.9467;150.7;270.0;270.0;194.8
84.5;1.6735;1.6996;0.4657;0.0000;193;185;0.0635;20.0916;0.0305;0.2089;19.7464;156.0;270.0;270.0;193.5
85.0;1.6731;1.6996;0.5234;0.0000;195;185;-0.0244;20.8931;0.0382;0.2308;20.5460;162.1;270.0;270.0;192.7
85.5;1.6717;1.6996;0.6140;0.0000;196;181;-0.0244;21.7023;0.0382;0.2528;21.3456;170.2;270.0;270.0;191.9
86.0;1.6717;1.6996;0.6593;0.0000;200;181;-0.0244;22.5802;0.0458;0.2748;22.1452;179.2;270.0;270.0;191.6
86.5;1.6708;1.6996;0.7418;0.0000;200;179;-0.1124;23.4275;0.0458;0.2968;22.9448;198.5;270.0;270.0;191.1
87.0;1.6703;1.6996;0.5398;0.0000;196;183;-0.0244;24.2290;0.0534;0.2968;23.7444;207.4;270.0;270.0;191.3
87.5;1.6694;1.6996;0.7170;0.0000;202;181;-0.1124;25.0763;0.0534;0.3187;24.5440;216.7;270.0;270.0;190.3
88.0;1.6690;1.6996;0.6291;0.0000;200;183;-0.0244;25.8779;0.0611;0.3407;25.3436;229.1;270.0;270.0;190.8
88.5;1.6685;1.6996;0.6607;0.0000;202;183;-0.0244;26.7634;0.0687;0.3627;26.1432;239.9;270.0;270.0;190.3
89.0;1.6694;1.6996;0.5673;0.0000;198;185;0.0538;27.6031;0.0763;0.3847;26.9428;249.1;270.0;270.0;189.8
89.5;1.6690;1.6996;0.6813;0.0000;202;183;-0.0244;28.4122;0.0763;0.4066;27.7425;258.7;270.0;270.0;189.0
90.0;1.6685;1.6996;0.4602;0.0000;198;189;-0.0244;29.2137;0.0840;0.4066;28.5421;265.5;270.0;270.0;187.9
90.5;1.6676;1.6996;0.4203;0.0000;196;191;-0.0244;30.0992;0.0916;0.4286;29.3417;270.0;270.0;270.0;187.7
91.0;1.6676;1.6996;0.5027;0.0000;198;189;0.0538;30.9389;0.0992;0.4286;30.9409;270.0;270.0;270.0;186.3
91.5;1.6671;1.6996;0.4670;0.0000;198;189;-0.1026;31.7863;0.1069;0.4506;31.7405;270.0;270.0;270.0;186.6
92.0;1.6658;1.6996;0.4945;0.0000;200;189;-0.0244;32.6718;0.1145;0.4726;32.5401;270.0;270.0;270.0;185.0
92.5;1.6648;1.6996;0.4190;0.0000;198;193;-0.0244;33.4733;0.1145;0.4726;33.3397;270.0;270.0;270.0;184.5
93.0;1.6648;1.6996;0.4574;0.0000;200;193;-0.0244;34.3588;0.1221;0.4945;34.1393;270.0;270.0;270.0;184.2
93.5;1.6644;1.6996;0.3420;0.0000;198;195;0.0635;35.2061;0.1298;0.4945;34.9389;270.0;270.0;270.0;183.4
94.0;1.6644;1.6996;0.4959;0.0000;202;191;-0.1026;36.0458;0.1374;0.5165;35.7386;270.0;270.0;270.0;182.9
94.5;1.6644;1.6996;0.3819;0.0000;200;195;0.0635;36.8931;0.1450;0.5165;36.5382;270.0;270.0;270.0;181.8
95.0;1.6644;1.6996;0.2885;0.0000;196;195;-0.0147;37.7710;0.1603;0.5385;37.3378;270.0;270.0;270.0;181.1
95.5;1.6639;1.6996;0.2363;0.0000;196;196;-0.0147;38.5802;0.1679;0.5385;38.1374;270.0;270.0;270.0;181.1
96.0;1.6635;1.6996;0.1016;0.0000;195;200;0.0733;39.4198;0.1756;0.5385;38.9370;270.0;270.0;270.0;180.0
96.5;1.6630;1.6996;0.1758;0.0000;196;198;-0.0147;40.3053;0.1832;0.5385;39.7366;270.0;270.0;270.0;178.7
97.0;1.6630;1.6996;0.1140;0.0000;196;200;-0.0929;41.1527;0.1908;0.5605;40.5362;270.0;270.0;270.0;177.6
97.5;1.6635;1.6996;0.1772;0.0000;198;198;-0.0147;42.0382;0.1985;0.5605;41.3358;270.0;270.0;270.0;178.2
98.0;1.6653;1.6996;0.1346;0.0000;196;198;-0.0049;42.9160;0.2061;0.5605;42.1354;270.0;270.0;270.0;176.6
98.5;1.6676;1.6996;0.3008;0.0000;198;195;-0.0147;43.8015;0.2137;0.5605;43.7346;270.0;270.0;270.0;177.9
99.0;1.6694;1.6996;0.2225;0.0000;196;195;-0.0147;44.6870;0.2214;0.5824;44.5343;270.0;270.0;270.0;175.5
99.5;1.6712;1.6996;0.3489;0.0000;198;191;-0.1026;45.6107;0.2366;0.5824;45.3339;269.2;270.0;270.0;174.2
100.0;1.6740;1.6996;0.3805;0.0000;198;189;-0.0147;46.4962;0.2443;0.6044;46.1335;268.2;270.0;270.0;173.7
100.5;1.6767;1.6996;0.2459;0.0000;195;191;-0.0147;47.3817;0.2519;0.6044;46.9331;263.7;270.0;270.0;172.6
101.0;1.6799;1.6996;0.2376;0.0000;191;189;-0.0929;48.3053;0.2595;0.6044;47.7327;262.3;270.0;270.0;171.6
101.5;1.6832;1.6996;0.1868;0.0000;189;189;-0.0147;49.1908;0.2748;0.6264;48.5323;261.3;270.0;270.0;172.1
102.0;1.6873;1.6996;0.2253;0.0000;187;185;-0.0147;50.1527;0.2824;0.6264;50.1315;261.3;270.0;270.0;170.5
102.5;1.6909;1.6996;0.1374;0.0000;183;187;-0.0929;51.0763;0.2901;0.6264;50.9311;259.2;270.0;270.0;168.7
103.0;1.6941;1.6996;0.2651;0.0000;185;181;-0.0147;51.9618;0.3053;0.6264;51.7307;260.8;270.0;270.0;167.9
103.5;1.6969;1.6996;0.0989;0.0000;177;183;-0.0049;52.8473;0.3130;0.6264;52.5304;258.1;270.0;270.0;166.8
104.0;1.6992;1.6996;0.1607;0.0000;179;179;-0.0929;53.6870;0.3206;0.6484;53.3300;257.3;270.0;270.0;166.8
104.5;1.7010;1.6996;0.2665;0.0000;181;175;-0.0147;54.5725;0.3359;0.6484;54.1296;256.8;270.0;270.0;165.7
105.0;1.7028;1.6996;0.2734;0.0000;179;173;-0.0929;55.4962;0.3435;0.6484;54.9292;257.3;270.0;270.0;165.5
105.5;1.7056;1.6996;0.3242;0.0000;179;171;-0.0147;56.4656;0.3588;0.6703;55.7288;256.8;270.0;270.0;164.2
106.0;1.7083;1.6996;0.2473;0.0000;175;171;-0.0147;57.3435;0.3664;0.6703;57.3280;256.8;270.0;270.0;163.4
106.5;1.7111;1.6996;0.2404;0.0000;171;169;-0.0147;58.3130;0.3740;0.6703;58.1276;255.5;270.0;270.0;162.3
107.0;1.7138;1.6996;0.1690;0.0000;169;169;-0.0929;59.2366;0.3893;0.6923;58.9272;252.8;270.0;270.0;162.1
107.5;1.7161;1.6996;0.2775;0.0000;169;165;0.0635;60.1603;0.3969;0.6923;59.7268;252.1;270.0;270.0;161.0
108.0;1.7179;1.6996;0.1332;0.0000;165;167;-0.0049;61.0458;0.4122;0.6923;60.5265;252.1;270.0;270.0;160.5
108.5;1.7207;1.6996;0.1758;0.0000;165;165;0.0733;61.9695;0.4198;0.6923;61.3261;250.7;270.0;270.0;159.4
109.0;1.7239;1.6996;0.1085;0.0000;159;165;-0.0049;62.9313;0.4351;0.7143;62.9253;249.1;270.0;270.0;159.4
109.5;1.7266;1.6996;0.0426;0.0000;155;163;0.1515;63.8168;0.4427;0.7143;63.7249;248.1;270.0;270.0;158.4
110.0;1.7280;1.6996;0.1731;0.0000;157;159;-0.0147;64.7023;0.4580;0.7143;64.5245;246.5;270.0;270.0;157.6
110.5;1.7289;1.6996;0.2486;0.0000;157;155;-0.0147;65.5878;0.4656;0.7143;65.3241;248.4;270.0;270.0;156.8
111.0;1.7308;1.6996;0.3434;0.0000;159;153;0.0635;66.5115;0.4809;0.7363;66.1237;249.7;270.0;270.0;157.3
111.5;1.7321;1.6996;0.2953;0.0000;155;153;0.0635;67.4351;0.4886;0.7363;66.9233;249.7;270.0;270.0;156.2
112.0;1.7331;1.6996;0.3654;0.0000;157;152;0.0635;68.2748;0.5038;0.7582;67.7229;248.1;270.0;270.0;155.7
112.5;1.7331;1.6996;0.2321;0.0000;153;155;-0.0147;69.1603;0.5115;0.7582;68.5226;246.8;270.0;270.0;154.9
113.0;1.7340;1.6996;0.3132;0.0000;153;153;0.1417;70.0458;0.5267;0.7582;69.3222;246.8;270.0;270.0;154.7
113.5;1.7335;1.6996;0.3201;0.0000;153;152;0.0635;70.8855;0.5344;0.7802;70.1218;247.3;270.0;270.0;152.8
114.0;1.7335;1.6996;0.1662;0.0000;150;155;-0.0147;71.7710;0.5496;0.7802;71.7210;248.1;270.0;270.0;152.0
114.5;1.7331;1.6996;0.1415;0.0000;148;157;0.0733;72.6183;0.5649;0.7802;72.5206;246.5;270.0;270.0;151.5
115.0;1.7321;1.6996;0.1291;0.0000;148;157;0.0733;73.4580;0.5725;0.7802;73.3202;245.2;270.0;270.0;152.0
115.5;1.7326;1.6996;0.1360;0.0000;150;157;0.0733;74.3817;0.5878;0.7802;74.1198;243.6;270.0;270.0;150.7
116.0;1.7331;1.6996;0.0810;0.0000;148;157;-0.0049;75.2672;0.5954;0.8022;74.9194;240.4;270.0;270.0;149.6
116.5;1.7335;1.6996;0.1662;0.0000;150;155;0.0733;76.1145;0.6107;0.8022;75.7190;241.5;270.0;270.0;149.1
117.0;1.7331;1.6996;0.1044;0.0000;148;157;0.0733;76.9542;0.6260;0.8022;76.5187;239.9;270.0;270.0;149.4
117.5;1.7326;1.6996;0.2102;0.0000;150;153;0.0635;77.8015;0.6336;0.8022;77.3183;241.2;270.0;270.0;148.3
118.0;1.7312;1.6996;0.2225;0.0000;150;153;0.0635;78.6489;0.6489;0.8022;78.1179;239.6;270.0;270.0;147.3
118.5;1.7317;1.6996;0.1868;0.0000;150;155;-0.0147;79.5267;0.6565;0.8241;78.9175;239.9;270.0;270.0;146.5
119.0;1.7317;1.6996;0.2143;0.0000;150;153;-0.0147;80.4122;0.6718;0.8241;79.7171;237.5;270.0;270.0;146.2
119.5;1.7308;1.6996;0.1374;0.0000;150;155;0.0733;81.2595;0.6870;0.8241;80.5167;236.7;270.0;270.0;145.4
120.0;1.7303;1.6996;0.0577;0.0000;148;157;-0.0049;82.1450;0.6947;0.8241;82.1159;236.2;270.0;270.0;144.6
120.5;1.7289;1.6996;0.0302;0.0000;148;157;-0.0049;82.9466;0.7099;0.8241;82.9155;233.8;270.0;270.0;143.6
121.0;1.7266;1.6996;0.0783;0.0000;148;157;0.0733;83.7099;0.7176;0.8241;83.7151;233.3;270.0;270.0;143.0
121.5;1.7244;1.6996;-0.0220;0.0000;146;161;-0.0049;84.5954;0.7328;0.8241;-0.2439;232.3;270.0;270.0;142.8
122.0;1.7221;1.6996;-0.0027;0.0137;77;232;-0.0049;85.3969;0.7481;0.8241;0.5557;231.2;270.0;270.0;142.0
122.5;1.7198;1.6996;-0.0220;0.0440;73;239;-0.0049;86.2824;0.7557;0.8241;1.3553;231.2;270.0;270.0;141.7
123.0;1.7179;1.6996;0.0096;0.0893;69;245;-0.0049;87.0840;0.7710;0.8241;2.1549;229.4;270.0;270.0;140.9
123.5;1.7166;1.6996;0.1401;0.1497;67;251;-0.0147;87.9695;0.7863;0.8241;2.9546;228.8;270.0;270.0;140.7
124.0;1.7143;1.6996;0.2225;0.2239;64;257;0.0635;88.7328;0.7939;0.8461;3.7542;227.5;270.0;270.0;139.6
124.5;1.7125;1.6996;0.2473;0.3146;58;265;0.0635;89.5725;0.8092;0.8461;4.5538;226.7;270.0;270.0;139.4
125.0;1.7097;1.6996;0.4725;0.4190;105;222;0.0635;90.4198;0.8168;0.8681;5.3534;227.5;270.0;270.0;137.8
125.5;1.7083;1.6996;0.8462;0.5398;109;222;0.0440;91.2672;0.8321;0.8901;6.1530;225.9;270.0;270.0;136.7
126.0;1.7074;1.6996;1.1676;0.6745;109;222;0.1124;92.1450;0.8473;0.9120;6.9526;225.4;270.0;270.0;136.7
126.5;1.7065;1.6996;1.7239;0.8242;114;218;-0.0635;92.9542;0.8626;0.9780;7.7522;225.4;270.0;270.0;136.2
127.0;1.7056;1.6996;2.0948;0.9890;114;218;0.0049;93.7939;0.8779;1.0219;8.5518;225.4;270.0;270.0;134.9
127.5;1.7042;1.6996;2.4602;1.1690;114;220;0.0733;94.5954;0.8931;1.0878;9.3514;221.4;270.0;270.0;133.8
128.0;1.7024;1.6996;2.7129;1.3640;112;226;0.1417;95.4427;0.9084;1.1757;10.1510;220.6;270.0;270.0;133.0
128.5;1.7001;1.6996;2.9162;1.5742;107;232;0.0538;96.2443;0.9237;1.2636;10.9506;220.1;270.0;270.0;132.2
129.0;1.6983;1.6996;3.0975;1.7995;103;239;0.0440;97.1298;0.9466;1.3515;11.7503;220.9;270.0;270.0;131.7
129.5;1.6969;1.6996;3.2212;2.0398;95;249;-0.0342;97.9771;0.9618;1.4394;13.3495;220.9;270.0;270.0;130.6
130.0;1.6960;1.6996;3.4478;2.2940;91;255;-0.0440;98.8168;0.9847;1.5493;14.1491;221.2;270.0;270.0;130.1
130.5;1.6951;1.6996;3.5124;2.5646;79;267;-0.0440;99.6641;1.0076;1.6372;14.9487;221.4;270.0;270.0;128.8
131.0;1.6941;1.6996;3.7184;2.8489;73;275;0.0244;100.4657;1.0382;1.7471;15.7483;218.5;270.0;270.0;128.5
131.5;1.6937;1.6996;3.7665;3.1497;62;288;0.0147;101.3511;1.0611;1.8569;16.5479;218.8;270.0;270.0;127.7
132.0;1.6937;1.6996;3.9011;3.4643;52;298;-0.0538;102.1908;1.0916;1.9668;17.3475;215.9;270.0;270.0;126.9
132.5;1.6937;1.6996;4.0426;3.7940;42;308;-0.0635;103.0382;1.1221;2.0767;18.1471;216.2;270.0;270.0;126.2
133.0;1.6928;1.6996;4.2363;4.1387;32;320;0.1711;103.8397;1.1527;2.2085;18.9467;215.6;270.0;270.0;125.9
133.5;1.6918;1.6996;4.3077;4.5000;19;333;0.0831;104.6794;1.1832;2.3404;19.7464;214.8;270.0;270.0;125.4
134.0;1.6905;1.6996;4.6786;4.8750;15;341;0.1515;105.4885;1.2214;2.4722;20.5460;214.0;269.7;270.0;124.8
134.5;1.6886;1.6996;5.1731;5.2637;13;347;0.0635;106.2443;1.2519;2.6040;21.3456;214.3;269.2;270.0;124.0
135.0;1.6864;1.6996;5.6319;5.6690;9;355;0.1222;107.0534;1.2901;2.7798;22.1452;214.0;267.6;270.0;123.5
135.5;1.6850;1.6996;6.2019;6.0893;9;357;0.0147;107.8931;1.3359;2.9556;22.9448;215.6;266.8;270.0;123.0
136.0;1.6841;1.6996;6.6882;6.5247;5;365;0.0733;108.7786;1.3817;3.1534;23.7444;214.3;265.2;270.0;122.2
136.5;1.6836;1.6996;7.2857;6.9739;3;369;0.0733;109.5802;1.4275;3.3512;24.5440;215.6;264.2;270.0;121.4
137.0;1.6832;1.6996;7.6607;7.4396;-5;376;0.1320;110.4198;1.4733;3.5709;25.3436;214.3;261.8;270.0;120.9
137.5;1.6827;1.6996;8.2170;7.9190;-11;382;0.1026;111.2672;1.5344;3.8126;26.1432;215.4;260.8;270.0;121.4
138.0;1.6818;1.6996;8.6387;8.4148;-19;394;0.0831;112.1069;1.5878;4.0543;26.9428;215.4;259.7;270.0;122.5
138.5;1.6809;1.6996;9.2500;8.9148;-19;396;0.0733;112.9466;1.6489;4.3180;27.7425;214.8;258.4;270.0;123.5
139.0;1.6799;1.6996;9.7088;9.4148;-21;400;0.1417;113.7481;1.7099;4.5817;28.5421;215.9;255.7;270.0;124.6
139.5;1.6799;1.6996;10.3104;9.9148;-19;400;-0.0440;114.6336;1.7863;4.8893;29.3417;215.9;255.0;270.0;126.7
140.0;1.6795;1.6996;10.9753;10.4148;-15;398;0.1711;115.4733;1.8626;5.1970;30.1413;215.9;253.6;270.0;128.8
140.5;1.6790;1.6996;11.4368;10.9148;-17;400;0.0635;116.3511;1.9466;5.5486;31.7405;217.5;251.5;270.0;131.4
141.0;1.6795;1.6996;11.9506;11.4148;-19;402;0.1515;117.1908;2.0305;5.8782;32.5401;216.4;251.3;270.0;134.1
141.5;1.6809;1.6996;12.5179;11.9148;-19;402;0.0440;118.0687;2.1221;6.2298;33.3397;216.7;249.9;270.0;136.7
142.0;1.6813;1.6996;13.0701;12.4148;-19;402;0.0929;118.9084;2.2137;6.6033;34.1393;218.0;249.9;270.0;139.9
142.5;1.6822;1.6996;13.5549;12.9148;-22;404;0.1515;119.7863;2.3206;6.9988;34.9389;219.6;247.3;270.0;142.8
143.0;1.6832;1.6996;14.0852;13.4148;-22;406;0.0733;120.6260;2.4275;7.3944;35.7386;220.1;246.2;270.0;147.5
143.5;1.6841;1.6996;14.5302;13.9148;-26;406;0.1417;121.5038;2.5420;7.8119;36.5382;219.6;243.3;270.0;155.5
144.0;1.6850;1.6996;14.9835;14.4148;-30;408;0.1124;122.3740;2.6641;8.2294;37.3378;222.2;240.4;270.0;167.3
144.5;1.6864;1.6996;15.3310;14.9148;-36;413;0.1808;123.2137;2.7939;8.6689;38.1374;223.0;238.6;270.0;185.0
145.0;1.6868;1.6996;15.8008;15.4148;-40;415;0.1515;124.0458;2.9237;9.1303;38.9370;224.1;236.7;270.0;208.8
145.5;1.6873;1.6996;16.2102;15.9148;-44;419;0.1613;124.8779;3.0611;9.5918;39.7366;224.1;235.2;270.0;246.0
146.0;1.6877;1.6996;16.6854;16.4148;-48;425;0.2199;125.7481;3.2137;10.0752;40.5362;224.1;233.3;270.0;270.0
146.5;1.6886;1.6996;17.0302;16.9148;-54;431;0.2004;126.6183;3.3740;10.5586;42.1354;223.5;231.7;270.0;270.0
147.0;1.6891;1.6996;17.4588;17.4025;-54;431;0.2688;127.4504;3.5267;11.0640;42.9350;223.3;231.2;270.0;270.0
147.5;1.6900;1.6996;18.0275;17.8764;-50;427;0.1613;128.3130;3.7023;11.5914;43.7346;222.5;228.0;270.0;270.0
148.0;1.6905;1.6996;18.5206;18.3393;-48;423;0.2395;129.1374;3.8779;12.1188;44.5343;223.5;226.7;270.0;270.0
148.5;1.6900;1.6996;19.0110;18.7898;-42;419;0.2199;129.9618;4.0611;12.6462;45.3339;225.7;224.6;270.0;270.0
149.0;1.6905;1.6996;19.5481;19.2267;-36;413;0.1124;130.8244;4.2519;13.2175;46.1335;225.9;223.0;270.0;270.0
149.5;1.6914;1.6996;20.0508;19.6525;-32;408;0.1613;131.7252;4.4733;13.7888;46.9331;225.1;221.2;270.0;270.0
150.0;1.6923;1.6996;20.4821;20.0646;-30;402;0.1711;132.5420;4.6794;14.3821;47.7327;224.9;217.5;270.0;270.0
150.5;1.6941;1.6996;20.9409;20.4643;-26;398;0.0733;133.3969;4.9008;14.9754;48.5323;223.5;215.6;270.0;270.0
151.0;1.6960;1.6996;21.2569;20.8517;-26;396;0.1222;134.2901;5.1450;15.5907;49.3319;224.1;215.1;270.0;270.0
151.5;1.6983;1.6996;21.5467;21.2267;-28;394;0.2004;135.1374;5.3893;16.2060;50.1315;223.5;214.3;270.0;270.0
152.0;1.7005;1.6996;21.8489;21.5893;-26;392;0.1124;136.0305;5.6489;16.8432;51.7307;224.6;212.5;270.0;270.0
152.5;1.7038;1.6996;22.2500;21.9396;-24;384;0.2004;136.8702;5.9084;17.4585;52.5304;223.8;210.6;270.0;270.0
153.0;1.7056;1.6996;22.7830;22.2775;-19;374;0.1613;137.7099;6.1832;18.1177;53.3300;223.5;209.0;270.0;270.0
153.5;1.7065;1.6996;23.1429;22.6017;-17;370;0.0635;138.5114;6.4504;18.7769;54.1296;223.0;208.0;270.0;270.0
154.0;1.7070;1.6996;23.6209;22.9148;-9;361;0.0342;139.3130;6.7252;19.4801;54.9292;227.0;205.9;270.0;270.0
154.5;1.7070;1.6996;23.7569;23.2143;-11;361;0.0538;140.1069;7.0153;20.1393;55.7288;226.5;205.1;270.0;270.0
155.0;1.7070;1.6996;24.0316;23.5014;-7;355;0.0440;140.8931;7.3053;20.8205;56.5284;225.9;201.9;270.0;270.0
155.5;1.7065;1.6996;24.3462;23.7775;-3;349;0.0147;141.6794;7.6107;21.5237;57.3280;228.3;200.6;270.0;270.0
156.0;1.7056;1.6996;24.4753;24.0398;-3;349;-0.0440;142.4275;7.9160;22.2268;58.1276;231.7;197.7;270.0;270.0
156.5;1.7047;1.6996;24.8407;24.2898;5;343;0.0635;143.2443;8.2519;22.9520;58.9272;236.7;196.6;270.0;270.0
157.0;1.7042;1.6996;25.1113;24.5275;9;337;0.1026;144.0611;8.6031;23.6551;59.7268;242.6;194.0;270.0;270.0
157.5;1.7028;1.6996;25.4162;24.7514;15;333;0.1515;144.8244;8.9466;24.3803;60.5265;251.8;193.2;270.0;270.0
158.0;1.7019;1.6996;25.6442;24.9643;19;329;-0.0244;145.5954;9.2977;25.1274;61.3261;262.3;191.1;270.0;270.0
158.5;1.7015;1.6996;25.9327;25.1648;26;326;0.0342;146.3893;9.6794;25.8745;62.9253;270.0;189.0;270.0;270.0
159.0;1.7010;1.6996;26.1140;25.3517;28;322;0.1320;147.1527;10.0534;26.6216;63.7249;270.0;186.3;270.0;270.0
159.5;1.7005;1.6996;26.3063;25.5275;32;318;0.0538;147.8626;10.4198;27.3688;64.5245;270.0;184.5;261.3;270.0
160.0;1.7001;1.6996;26.5124;25.6896;38;314;0.0929;148.6870;10.8473;28.1378;65.3241;270.0;181.3;250.2;270.0
160.5;1.6992;1.6996;26.6071;25.8393;40;312;0.0538;149.3893;11.2290;28.8850;66.1237;270.0;179.5;241.8;270.0
161.0;1.6978;1.6996;26.7308;25.9767;44;308;0.0147;150.0916;11.6260;29.6541;66.9233;270.0;176.3;236.5;270.0
161.5;1.6964;1.6996;26.8887;26.1017;50;304;0.0244;150.7863;12.0305;30.4231;67.7229;270.0;171.6;232.5;270.0
162.0;1.6946;1.6996;26.9519;26.2143;52;302;0.0147;151.4733;12.4427;31.1922;68.5226;270.0;169.2;228.0;270.0
162.5;1.6923;1.6996;27.2651;26.3146;64;294;0.0049;152.1603;12.8626;31.9833;69.3222;270.0;166.5;224.1;270.0
163.0;1.6905;1.6996;27.3956;26.4025;69;290;0.1417;152.9084;13.3359;32.7744;70.1218;270.0;164.4;220.6;270.0
163.5;1.6896;1.6996;27.6415;26.4767;77;284;0.0831;153.6183;13.7939;33.5654;70.9214;270.0;162.1;216.7;270.0
164.0;1.6882;1.6996;27.7926;26.5398;83;279;-0.0049;154.2824;14.2443;34.3565;71.7210;270.0;161.0;212.2;270.0
164.5;1.6859;1.6996;27.9451;26.5893;93;273;-0.0440;154.9389;14.7023;35.1695;72.5206;270.0;159.1;208.2;270.0
165.0;1.6836;1.6996;28.2074;26.6264;103;263;-0.0049;155.5954;15.1679;35.9606;73.3202;270.0;159.1;204.0;270.0
165.5;1.6822;1.6996;28.2912;26.6525;110;259;-0.0635;156.3053;15.6947;36.7956;74.1198;270.0;157.8;200.6;270.0
166.0;1.6809;1.6996;28.4190;26.6593;120;251;-0.0049;156.9466;16.1832;37.5867;74.9194;270.0;157.6;197.2;270.0
166.5;1.6804;1.6996;28.0865;26.6593;114;257;-0.0244;157.6412;16.7252;38.3777;75.7190;270.0;157.3;194.3;270.0
167.0;1.6799;1.6996;28.1442;26.6593;116;255;-0.1124;158.3053;17.2519;39.1908;76.5187;270.0;158.6;191.1;270.0
167.5;1.6790;1.6996;27.8571;26.6593;110;265;-0.0342;158.9847;17.8168;40.0038;77.3183;270.0;159.9;187.4;270.0
168.0;1.6795;1.6996;27.9670;26.6593;114;261;-0.1808;159.6565;18.3893;40.8168;78.1179;270.0;160.5;183.4;270.0
168.5;1.6804;1.6996;28.0206;26.6593;116;259;-0.0831;160.2901;18.9466;41.5859;79.7171;270.0;161.8;180.0;270.0
169.0;1.6804;1.6996;28.2129;26.6593;122;253;-0.1124;160.9160;19.5115;42.3990;80.5167;270.0;162.3;176.6;270.0
169.5;1.6804;1.6996;27.9574;26.6593;114;261;-0.1026;161.5343;20.0840;43.1900;81.3163;270.0;163.4;172.9;270.0
170.0;1.6804;1.6996;27.7088;26.6593;109;267;-0.0342;162.1756;20.6947;44.0031;82.1159;270.0;165.2;169.7;270.0
170.5;1.6804;1.6996;27.8599;26.6593;112;261;-0.0733;162.7786;21.2901;44.7941;82.9155;270.0;166.8;167.6;270.0
171.0;1.6809;1.6996;27.5302;26.6593;105;271;-0.0049;163.4046;21.9160;45.5852;83.7151;270.0;169.7;163.4;270.0
171.5;1.6813;1.6996;27.6030;26.6593;107;269;-0.0929;163.9924;22.5191;46.3763;84.5147;270.0;172.3;159.7;270.0
172.0;1.6822;1.6996;27.1635;26.6593;95;281;0.0049;164.5954;23.1679;47.1673;85.3144;270.0;177.9;156.2;270.0
172.5;1.6841;1.6996;27.0000;26.6593;91;284;0.0831;165.2214;23.8473;47.9364;86.1140;270.0;192.4;152.6;270.0
173.0;1.6868;1.6996;26.6799;26.6593;79;292;0.0440;165.8092;24.5115;48.6835;86.9136;270.0;201.1;148.6;267.1
173.5;1.6886;1.6996;26.7940;26.6593;81;286;0.0244;166.3893;25.1756;49.4526;87.7132;270.0;211.7;146.7;256.5
174.0;1.6905;1.6996;26.8736;26.6593;83;284;-0.0635;166.9313;25.8244;50.2217;88.5128;270.0;225.9;144.1;249.4
174.5;1.6928;1.6996;26.5220;26.6593;73;292;0.0831;167.5191;26.5344;51.0128;90.1120;270.0;241.8;137.8;244.4
175.0;1.6946;1.6996;26.6484;26.6593;75;286;-0.0244;168.0458;27.1985;51.7599;90.9116;270.0;261.0;136.5;241.0
175.5;1.6964;1.6996;26.2940;26.6593;65;294;0.0440;168.5878;27.8931;52.5070;91.7112;270.0;270.0;134.9;238.3
176.0;1.6973;1.6996;26.7088;26.6593;75;283;0.1026;169.0992;28.5649;53.2761;92.5108;270.0;270.0;134.6;234.1
176.5;1.6987;1.6996;26.6360;26.6593;71;284;0.0049;169.6183;29.2824;54.0452;93.3105;270.0;270.0;133.8;230.7
177.0;1.6992;1.6996;26.9148;26.6593;77;277;0.1026;170.1069;29.9695;54.8143;94.1101;270.0;270.0;134.3;226.5
177.5;1.7010;1.6996;26.7720;26.6593;73;279;0.0440;170.6183;30.6947;55.5614;94.9097;270.0;270.0;134.1;223.5
178.0;1.7024;1.6996;26.5893;26.6593;67;283;0.0342;171.1069;31.4275;56.3305;95.7093;270.0;270.0;134.6;218.8
178.5;1.7033;1.6996;26.4245;26.6470;67;283;0.1124;171.5725;32.1298;57.0996;96.5089;270.0;270.0;135.7;214.8
179.0;1.7042;1.6996;26.4464;26.6223;71;277;0.0049;172.0458;32.8779;57.8687;97.3085;270.0;270.0;136.5;210.1
179.5;1.7051;1.6996;26.8063;26.5838;87;261;0.0538;172.5115;33.6260;58.6158;98.9077;270.0;270.0;137.5;206.9
180.0;1.7056;1.6996;26.5948;26.5343;85;261;0.1906;172.9695;34.3893;59.3849;99.7073;270.0;270.0;138.3;203.0
180.5;1.7056;1.6996;26.9341;26.4712;99;245;0.0929;173.3969;35.1145;60.1540;100.5069;270.0;270.0;139.1;200.1
181.0;1.7065;1.6996;26.7047;26.3970;99;245;0.0831;173.8473;35.9237;60.9231;101.3066;270.0;270.0;140.1;196.4
181.5;1.7083;1.6996;26.7857;26.3091;107;238;0.0342;174.2748;36.6947;61.6922;102.1062;270.0;270.0;140.9;189.8
182.0;1.7083;1.6996;26.7912;26.2088;112;230;0.1222;174.6641;37.4427;62.4393;102.9058;270.0;270.0;141.2;187.4
182.5;1.7083;1.6996;26.8599;26.0962;120;220;0.0244;175.0687;38.2290;63.2084;103.7054;270.0;270.0;141.5;184.0
183.0;1.7074;1.6996;26.5962;25.9712;122;220;0.1026;175.4427;38.9847;63.9775;104.5050;270.0;270.0;142.0;181.6
183.5;1.7065;1.6996;26.3159;25.8338;122;218;-0.0538;175.8092;39.7481;64.7466;105.3046;270.0;270.0;142.0;178.4
184.0;1.7051;1.6996;26.4354;25.6841;136;206;0.0440;176.1527;40.4733;65.4937;106.1042;270.0;270.0;142.5;175.5
184.5;1.7042;1.6996;26.0110;25.5220;134;210;0.0538;176.5115;41.2824;66.2408;106.9038;270.0;270.0;143.6;172.9
185.0;1.7019;1.6996;26.1181;25.3462;146;198;-0.0440;176.8168;41.9847;66.9879;107.7034;270.0;270.0;144.4;170.5
185.5;1.6996;1.6996;25.6896;25.1593;146;202;-0.0440;177.1374;42.7634;67.7350;108.5030;270.0;270.0;144.1;168.1
186.0;1.6983;1.6996;25.4217;24.9588;150;200;0.0049;177.4504;43.5420;68.4602;109.3027;270.0;270.0;143.8;165.7
186.5;1.6978;1.6996;25.0385;24.7473;152;200;0.0244;177.7557;44.3282;69.1633;110.1023;270.0;270.0;143.8;163.9
187.0;1.6969;1.6996;24.9478;24.5220;159;193;0.0831;178.0687;45.1603;69.8885;111.7015;270.0;270.0;144.1;162.3
187.5;1.6964;1.6996;24.7665;24.2843;167;187;0.0147;178.3512;45.9542;70.5916;112.5011;270.0;270.0;144.4;161.3
188.0;1.6955;1.6996;24.6786;24.0343;177;179;-0.0147;178.6565;46.8244;71.3168;113.3007;270.0;270.0;143.6;158.6
188.5;1.6941;1.6996;24.5261;23.7720;185;171;0.0538;178.8931;47.5496;71.9980;114.1003;270.0;270.0;143.6;157.6
189.0;1.6923;1.6996;24.0124;23.4973;185;173;0.0440;179.1527;48.3588;72.6792;114.8999;270.0;270.0;143.0;155.2
189.5;1.6905;1.6996;23.9657;23.2088;196;161;-0.1320;179.3969;49.1679;73.3823;115.6995;270.0;270.0;143.0;153.3
190.0;1.6891;1.6996;23.5563;22.9093;198;161;0.0342;179.6336;49.9771;74.0635;116.4991;268.7;270.0;142.8;151.2
190.5;1.6877;1.6996;23.4038;22.5962;208;152;-0.1711;179.8473;50.7481;74.7227;117.2988;264.7;270.0;143.6;149.6
191.0;1.6877;1.6996;22.9835;22.2720;212;152;0.0147;180.0763;51.6031;75.3820;118.0984;262.3;270.0;143.0;147.8
191.5;1.6877;1.6996;22.6525;21.9341;220;148;0.0049;180.2977;52.4580;76.0192;118.8980;259.4;270.0;142.5;146.2
192.0;1.6877;1.6996;22.1195;21.5838;220;146;-0.0538;180.4962;53.2824;76.6565;119.6976;259.4;270.0;142.8;144.9
192.5;1.6868;1.6996;22.0069;21.2212;232;136;0.0831;180.6794;54.0992;77.3157;120.4972;255.5;270.0;142.3;142.3
193.0;1.6850;1.6996;21.8544;20.8462;243;124;-0.0244;180.8473;54.8473;77.9310;121.2968;253.9;270.0;140.9;140.4
193.5;1.6832;1.6996;21.2115;20.4588;243;126;-0.0929;181.0076;55.6336;78.5243;122.0964;249.9;270.0;140.4;139.1
194.0;1.6809;1.6996;20.9093;20.0591;251;120;0.0538;181.1679;56.4275;79.1395;122.8960;248.4;270.0;139.9;138.0
194.5;1.6795;1.6996;20.3407;19.6470;255;120;-0.0733;181.3282;57.2901;79.7109;123.6956;243.6;270.0;140.1;136.7
195.0;1.6777;1.6996;19.9780;19.2212;265;114;0.0147;181.4733;58.1221;80.2822;124.4952;241.8;270.0;140.9;134.6
195.5;1.6763;1.6996;19.3448;18.7843;267;114;-0.0244;181.6031;58.9160;80.8315;125.2948;237.8;270.0;143.8;132.8
196.0;1.6740;1.6996;19.0756;18.3338;279;107;-0.0342;181.7328;59.7099;81.3809;126.0945;235.7;270.0;147.3;131.2
196.5;1.6731;1.6996;18.4918;17.8723;284;105;-0.1711;181.8550;60.5878;81.9082;126.8941;234.4;270.0;151.5;129.6
197.0;1.6717;1.6996;17.9313;17.3970;288;101;-0.0929;181.9771;61.4198;82.4356;127.6937;232.8;270.0;159.4;128.3
197.5;1.6708;1.6996;17.4423;16.9093;296;95;-0.1124;182.0840;62.2977;82.9191;129.2929;229.4;270.0;163.9;126.4
198.0;1.6708;1.6996;16.9121;16.4093;302;91;-0.1906;182.1832;63.1374;83.4025;130.0925;227.2;270.0;168.1;124.8
198.5;1.6712;1.6996;16.6209;15.9093;310;83;-0.1124;182.2824;64.0153;83.8859;130.8921;223.5;270.0;172.9;123.5
199.0;1.6717;1.6996;15.9066;15.4093;306;87;-0.0831;182.3741;64.8931;84.3474;131.6917;224.1;270.0;181.8;122.2
199.5;1.6726;1.6996;15.4849;14.9093;312;83;-0.2297;182.4580;65.7786;84.7868;132.4913;219.9;270.0;190.8;120.6
200.0;1.6740;1.6996;14.7747;14.4093;306;87;-0.1124;182.5343;66.6183;85.2044;133.2909;218.3;270.0;202.4;119.8
200.5;1.6758;1.6996;14.3091;13.9093;306;81;-0.1026;182.6031;67.5420;85.6219;134.0906;217.5;270.0;216.9;118.8
201.0;1.6772;1.6996;13.8695;13.4093;310;77;-0.0831;182.6641;68.3817;86.0174;134.8902;214.3;270.0;233.8;117.4
201.5;1.6786;1.6996;13.4588;12.9093;314;73;-0.1613;182.7252;69.2595;86.4129;135.6898;213.3;270.0;253.1;116.4
202.0;1.6804;1.6996;12.8956;12.4093;314;71;-0.1320;182.7786;70.1450;86.7865;136.4894;212.7;270.0;270.0;115.3
202.5;1.6809;1.6996;11.8132;11.9093;298;87;-0.0929;182.8168;70.9466;87.1161;137.2890;211.4;270.0;270.0;113.8
203.0;1.6804;1.6996;11.2225;11.4093;296;87;-0.0831;182.8550;71.7481;87.4237;138.0886;210.6;270.0;270.0;112.7
203.5;1.6804;1.6996;10.4176;10.9093;292;93;-0.1222;182.8931;72.5954;87.7314;139.6878;210.1;270.0;270.0;111.4
204.0;1.6809;1.6996;9.9258;10.4093;292;91;-0.0342;182.9237;73.4809;88.0170;140.4874;208.2;270.0;270.0;109.0
204.5;1.6822;1.6996;9.3187;9.9093;290;91;-0.0049;182.9542;74.3588;88.2807;141.2870;209.0;270.0;270.0;107.9
205.0;1.6845;1.6996;9.0659;9.4093;298;81;-0.0831;182.9771;75.2824;88.5444;142.0867;207.2;270.0;270.0;107.2
205.5;1.6868;1.6996;8.4698;8.9093;296;81;-0.0635;183.0000;76.2061;88.7861;142.8863;206.9;270.0;270.0;107.2
206.0;1.6891;1.6996;8.0810;8.4093;300;75;-0.1320;183.0153;77.0916;89.0278;143.6859;204.3;269.2;270.0;107.4
206.5;1.6909;1.6996;7.8764;7.9093;310;64;-0.1124;183.0305;77.9771;89.2476;144.4855;203.8;263.9;270.0;107.7
207.0;1.6928;1.6996;7.4464;7.4245;308;65;-0.1026;183.0382;78.8626;89.4453;145.2851;201.4;261.0;270.0;108.2
207.5;1.6946;1.6996;7.1580;6.9547;308;62;-0.1026;183.0458;79.7481;89.6651;146.0847;200.1;259.7;270.0;109.0
208.0;1.6960;1.6996;6.3214;6.5000;292;75;-0.1417;183.0534;80.5878;89.8409;147.6839;198.5;257.6;270.0;109.5
208.5;1.6969;1.6996;5.6360;6.0591;283;83;0.0342;183.0534;81.5115;90.0167;148.4835;198.7;256.3;270.0;110.1
209.0;1.6983;1.6996;4.8750;5.6346;269;97;-0.0147;183.0534;82.3969;90.1485;149.2831;197.2;255.0;270.0;109.8
209.5;1.6996;1.6996;4.4657;5.2239;263;99;-0.0049;183.0458;83.2824;90.2803;150.0827;196.6;253.6;270.0;110.1
210.0;1.7010;1.6996;3.9135;4.8297;253;105;0.0147;183.0382;84.1679;90.3902;150.8824;196.6;252.3;270.0;109.8
210.5;1.7024;1.6996;3.3420;4.4492;243;112;-0.0440;183.0382;85.0916;90.4781;151.6820;196.1;252.3;270.0;109.5
211.0;1.7033;1.6996;3.0069;4.0838;239;114;0.0538;183.0229;85.9771;90.5660;152.4816;193.5;251.3;270.0;109.8
211.5;1.7047;1.6996;2.5591;3.7349;232;120;0.0635;183.0153;86.8626;90.6319;153.2812;192.4;250.5;270.0;110.9
212.0;1.7060;1.6996;2.5907;3.3997;236;112;0.0635;183.0076;87.7405;90.7198;154.0808;191.9;249.9;270.0;111.6
212.5;1.7070;1.6996;2.1635;3.0797;228;118;0.0049;182.9924;88.6641;90.7858;155.6800;191.9;248.4;270.0;112.4
213.0;1.7079;1.6996;2.1058;2.7747;228;116;0.0831;182.9847;89.5496;90.8297;156.4796;191.1;247.6;270.0;113.2
213.5;1.7088;1.6996;1.7239;2.4849;222;122;0.0929;182.9695;90.4351;90.8956;157.2792;190.3;246.5;270.0;114.3
214.0;1.7092;1.6996;1.5577;2.2088;222;122;0.0244;182.9542;91.3588;90.9396;158.0788;189.2;245.7;270.0;115.6
214.5;1.7092;1.6996;1.2184;1.9492;214;128;0.0342;182.9389;92.2061;90.9615;158.8785;187.1;244.9;270.0;117.7
215.0;1.7097;1.6996;1.1662;1.7047;214;128;0.1124;182.9237;93.0916;91.0055;159.6781;186.6;243.9;270.0;121.1
215.5;1.7102;1.6996;1.0357;1.4739;210;130;0.1222;182.9084;93.9695;91.0275;160.4777;187.1;243.6;270.0;131.4
216.0;1.7115;1.6996;0.5742;1.2596;200;140;0.1320;182.8931;94.8550;91.0494;161.2773;186.3;243.1;270.0;138.6
216.5;1.7134;1.6996;0.5343;1.0591;198;140;0.0538;182.8779;95.7786;91.0714;162.8765;185.8;241.5;270.0;146.7
217.0;1.7157;1.6996;0.2569;0.8750;193;146;-0.0147;182.8550;96.6641;91.0714;163.6761;186.6;241.2;270.0;155.2
217.5;1.7179;1.6996;0.3201;0.7047;193;142;0.0635;182.8397;97.5878;91.0714;164.4757;184.2;240.4;270.0;164.2
218.0;1.7198;1.6996;0.1841;0.5495;187;144;-0.0147;182.8244;98.4733;91.0934;165.2753;183.2;239.4;270.0;174.2
218.5;1.7202;1.6996;0.3599;0.4093;191;140;0.0635;182.8092;99.3969;91.0934;166.0750;182.6;238.9;270.0;186.1
219.0;1.7207;1.6996;0.1250;0.2843;181;146;0.0733;182.7863;100.2443;91.0934;166.8746;184.2;238.3;270.0;199.0
219.5;1.7207;1.6996;0.0206;0.1745;177;150;-0.0049;182.7710;101.1221;91.0934;167.6742;182.4;238.1;270.0;214.8
220.0;1.7216;1.6996;0.0412;0.0797;175;150;-0.0049;182.7557;102.0076;91.0934;168.4738;184.0;237.8;270.0;230.4
220.5;1.7230;1.6996;-0.0962;0.0000;187;138;-0.0049;182.7405;102.8931;91.0934;169.2734;182.4;237.5;270.0;244.9
221.0;1.7239;1.6996;0.0371;0.0000;165;157;-0.0049;182.7176;103.7786;91.0934;170.8726;180.5;236.7;270.0;259.7
221.5;1.7244;1.6996;-0.2802;0.0000;155;165;-0.0733;182.7023;104.6183;91.0934;171.6722;180.0;236.2;270.0;270.0
222.0;1.7248;1.6996;-0.1937;0.0000;159;161;-0.0831;182.6870;105.5420;91.0934;172.4718;179.5;235.7;270.0;270.0
222.5;1.7248;1.6996;-0.3269;0.0000;155;165;0.0049;182.6718;106.3511;91.0714;173.2714;179.2;236.2;270.0;270.0
223.0;1.7244;1.6996;-0.1442;0.0000;159;157;-0.0831;182.6565;107.1908;91.0714;174.0710;177.6;234.9;270.0;270.0
223.5;1.7244;1.6996;-0.1813;0.0000;157;159;-0.0049;0.8779;0.0000;-0.0109;0.5557;176.3;234.6;270.0;270.0
224.0;1.7248;1.6996;0.0124;0.0000;163;153;-0.0831;1.8015;0.0000;-0.0109;1.3553;177.6;232.5;270.0;270.0
224.5;1.7257;1.6996;-0.0426;0.0000;161;153;-0.0049;2.6870;0.0000;-0.0109;2.1549;176.8;232.3;270.0;270.0
225.0;1.7266;1.6996;-0.2005;0.0000;157;157;-0.0831;3.5344;-0.0076;-0.0109;2.9546;176.0;231.5;270.0;270.0
225.5;1.7266;1.6996;0.0151;0.0000;163;152;-0.0831;4.4580;-0.0076;-0.0109;3.7542;176.0;230.9;270.0;270.0
226.0;1.7262;1.6996;-0.1140;0.0000;159;153;-0.0831;5.2977;-0.0076;-0.0109;4.5538;175.5;229.9;270.0;270.0
226.5;1.7271;1.6996;0.0302;0.0000;165;150;-0.0831;6.2290;-0.0076;-0.0109;6.1530;173.7;229.1;270.0;270.0
227.0;1.7280;1.6996;-0.1113;0.0000;159;153;-0.0049;7.1069;-0.0076;-0.0328;6.9526;172.1;229.1;270.0;270.0
227.5;1.7303;1.6996;-0.1552;0.0000;157;153;-0.0831;8.0305;-0.0076;-0.0328;7.7522;171.3;228.6;270.0;270.0
228.0;1.7326;1.6996;-0.3448;0.0000;153;157;-0.0733;8.9618;-0.0076;-0.0328;8.5518;170.8;228.3;270.0;270.0
228.5;1.7340;1.6996;-0.1882;0.0000;155;152;0.0049;9.8397;-0.0076;-0.0328;9.3514;170.5;227.2;270.0;270.0
229.0;1.7358;1.6996;-0.1442;0.0000;155;150;0.0049;10.7252;-0.0076;-0.0548;10.1510;171.3;225.9;270.0;270.0
229.5;1.7367;1.6996;-0.3365;0.0000;150;153;0.0049;11.6107;-0.0076;-0.0548;10.9506;171.3;225.4;270.0;270.0
230.0;1.7367;1.6996;-0.2253;0.0000;152;150;-0.0733;12.4580;-0.0076;-0.0548;11.7503;169.4;224.6;270.0;270.0
230.5;1.7367;1.6996;-0.3365;0.0000;150;152;-0.0733;13.2977;-0.0076;-0.0768;12.5499;168.7;223.0;270.0;270.0
231.0;1.7372;1.6996;-0.1250;0.0000;155;146;-0.0831;14.2214;-0.0076;-0.0768;14.1491;168.4;222.5;270.0;270.0
231.5;1.7381;1.6996;-0.1923;0.0000;153;148;0.0049;15.1069;-0.0076;-0.0768;14.9487;167.6;221.7;270.0;270.0
232.0;1.7386;1.6996;-0.0027;0.0000;157;142;-0.0831;16.0305;-0.0076;-0.0768;15.7483;168.4;222.2;270.0;270.0
232.5;1.7381;1.6996;-0.1813;0.0000;152;146;-0.0831;16.8779;-0.0153;-0.0768;16.5479;169.2;222.2;270.0;270.0
233.0;1.7372;1.6996;-0.1415;0.0000;153;144;-0.0831;17.7176;-0.0153;-0.0988;17.3475;167.1;222.2;270.0;270.0
233.5;1.7363;1.6996;-0.2225;0.0000;152;148;0.0049;18.6031;-0.0153;-0.0988;18.1471;164.4;221.7;270.0;270.0
234.0;1.7363;1.6996;-0.2266;0.0000;150;148;0.0049;19.4886;-0.0153;-0.0988;18.9467;164.4;221.4;270.0;270.0
234.5;1.7285;1.6996;-0.0440;0.0000;159;138;-0.0049;20.3740;-0.0153;-0.0988;19.7464;163.9;221.2;270.0;270.0
235.0;1.7230;1.6996;-0.1868;0.0000;159;148;-0.0831;21.2137;-0.0153;-0.0988;20.5460;163.6;221.4;270.0;270.0
235.5;1.7193;1.6996;-0.0728;0.0000;163;146;-0.0049;22.0992;-0.0229;-0.1207;21.3456;162.1;220.4;270.0;270.0
236.0;1.7166;1.6996;-0.1236;0.0000;165;152;-0.0049;22.9084;-0.0229;-0.1207;22.1452;163.4;221.2;270.0;270.0
236.5;1.7147;1.6996;-0.0069;0.0000;169;150;-0.0049;23.7863;-0.0229;-0.1207;23.7444;162.3;220.4;270.0;270.0
237.0;1.7134;1.6996;-0.0769;0.0000;167;153;-0.0831;24.6336;-0.0229;-0.1207;24.5440;161.8;219.6;270.0;270.0
237.5;1.7129;1.6996;0.0687;0.0000;171;150;-0.0049;25.5191;-0.0229;-0.1207;25.3436;161.5;218.3;270.0;270.0
238.0;1.7120;1.6996;-0.1168;0.0000;167;155;-0.0049;26.4046;-0.0305;-0.1207;26.1432;161.0;217.2;270.0;270.0
238.5;1.7115;1.6996;-0.2775;0.0000;165;161;-0.0733;27.2443;-0.0305;-0.1207;26.9428;159.1;216.9;270.0;270.0
239.0;1.7111;1.6996;-0.1456;0.0000;169;157;-0.0831;28.0916;-0.0305;-0.1207;27.7425;158.4;215.9;270.0;270.0
239.5;1.7097;1.6996;-0.2871;0.0000;165;163;-0.0733;28.9313;-0.0305;-0.1427;28.5421;157.8;215.1;270.0;270.0
240.0;1.7079;1.6996;-0.2115;0.0000;167;161;0.0049;29.7405;-0.0382;-0.1427;29.3417;157.0;214.3;270.0;270.0
240.5;1.7070;1.6996;-0.2898;0.0000;165;165;0.0831;30.5802;-0.0382;-0.1427;30.1413;156.5;213.0;270.0;270.0
241.0;1.7056;1.6996;-0.1195;0.0000;171;161;-0.0831;31.4275;-0.0382;-0.1647;30.9409;156.5;213.0;270.0;270.0
241.5;1.7042;1.6996;-0.3118;0.0000;167;167;0.0049;32.2290;-0.0382;-0.1647;31.7405;156.5;211.7;270.0;270.0
242.0;1.7033;1.6996;-0.2253;0.0000;169;167;0.0049;33.1145;-0.0458;-0.1647;32.5401;155.7;210.4;270.0;268.9
242.5;1.7010;1.6996;-0.2473;0.0000;169;167;-0.0733;33.8779;-0.0458;-0.1867;33.3397;154.4;210.4;270.0;268.4
243.0;1.6992;1.6996;-0.2445;0.0000;171;169;-0.0733;34.7176;-0.0458;-0.1867;34.1393;154.7;209.3;270.0;268.9
243.5;1.6969;1.6996;-0.2514;0.0000;173;171;0.0049;35.5267;-0.0534;-0.1867;34.9389;153.6;209.0;270.0;268.4
244.0;1.6960;1.6996;-0.5646;0.0000;165;181;0.0147;36.4122;-0.0534;-0.2086;35.7386;153.6;208.2;270.0;267.6
244.5;1.6955;1.6996;-0.4739;0.0000;169;179;-0.1515;37.2901;-0.0611;-0.2306;36.5382;151.8;208.2;270.0;266.0
245.0;1.6937;1.6996;-0.5865;0.0000;167;183;0.0929;38.0534;-0.0611;-0.2306;37.3378;150.4;208.2;270.0;266.0
245.5;1.6914;1.6996;-0.5000;0.0000;167;181;-0.0635;38.9008;-0.0611;-0.2526;38.1374;149.9;207.7;270.0;264.7
246.0;1.6891;1.6996;-0.5810;0.0000;167;183;0.0929;39.7481;-0.0687;-0.2746;39.7366;148.6;207.7;270.0;263.9
246.5;1.6864;1.6996;-0.5701;0.0000;169;185;-0.0635;40.5878;-0.0687;-0.2965;40.5362;149.4;207.4;270.0;262.6
247.0;1.6841;1.6996;-0.6346;0.0000;167;189;0.0147;41.3893;-0.0763;-0.2965;41.3358;149.9;206.9;270.0;263.4
247.5;1.6818;1.6996;-0.5440;0.0000;171;189;0.0147;42.1985;-0.0763;-0.3185;42.1354;148.3;206.7;270.0;261.8
248.0;1.6799;1.6996;-0.2967;0.0000;181;185;0.0831;43.0382;-0.0840;-0.3185;42.9350;146.7;205.6;270.0;260.2
248.5;1.6786;1.6996;-0.4863;0.0000;177;189;-0.0635;43.8855;-0.0916;-0.3405;43.7346;145.7;205.3;270.0;258.9
249.0;1.6772;1.6996;-0.3640;0.0000;181;189;0.0929;44.7252;-0.0916;-0.3624;44.5343;143.8;204.3;270.0;255.0
249.5;1.6758;1.6996;-0.4423;0.0000;179;191;0.0147;45.5344;-0.0992;-0.3624;45.3339;143.6;203.2;270.0;253.6
250.0;1.6754;1.6996;-0.3091;0.0000;183;189;0.1711;46.4122;-0.1069;-0.3844;46.1335;142.8;202.7;270.0;252.3
250.5;1.6749;1.6996;-0.4725;0.0000;181;195;-0.0733;47.2595;-0.1069;-0.3844;46.9331;142.3;201.4;270.0;253.6
251.0;1.6735;1.6996;-0.2321;0.0000;187;189;0.0049;48.1450;-0.1145;-0.3844;47.7327;142.8;201.1;270.0;252.3
251.5;1.6726;1.6996;-0.3530;0.0000;185;193;0.0049;48.9466;-0.1221;-0.4064;48.5323;142.3;199.0;270.0;253.9
252.0;1.6722;1.6996;-0.3970;0.0000;185;195;-0.0733;49.7939;-0.1298;-0.4064;49.3319;141.5;197.9;270.0;251.8
252.5;1.6722;1.6996;-0.3063;0.0000;189;193;0.0049;50.6794;-0.1298;-0.4284;50.1315;140.1;197.2;270.0;249.9
253.0;1.6717;1.6996;-0.2527;0.0000;189;193;0.0049;51.4809;-0.1374;-0.4284;50.9311;139.1;196.9;270.0;249.4
253.5;1.6722;1.6996;-0.0041;0.0000;196;187;-0.0831;52.4046;-0.1450;-0.4284;51.7307;138.6;195.3;270.0;247.0
254.0;1.6726;1.6996;-0.1511;0.0000;191;191;0.0831;53.2443;-0.1527;-0.4284;-0.2439;138.3;194.5;270.0;247.0
254.5;1.6740;1.6996;0.0151;-0.0151;269;112;-0.0049;54.1298;-0.1603;-0.4284;0.5557;138.8;192.9;270.0;245.2
255.0;1.6758;1.6996;-0.1717;-0.0453;269;112;0.0049;55.0153;-0.1679;-0.4503;1.3553;136.5;192.4;270.0;243.9
255.5;1.6772;1.6996;-0.0192;-0.0907;279;103;-0.0049;55.9008;-0.1756;-0.4503;2.1549;135.4;192.4;270.0;244.4
256.0;1.6795;1.6996;-0.1154;-0.1511;283;97;-0.0049;56.7863;-0.1756;-0.4503;2.9546;134.6;192.9;270.0;242.6
256.5;1.6804;1.6996;-0.0824;-0.2253;284;87;-0.0049;57.5878;-0.1832;-0.4503;3.7542;133.8;191.6;270.0;241.2
257.0;1.6818;1.6996;-0.2294;-0.3159;288;83;-0.0733;58.5115;-0.1908;-0.4503;4.5538;133.8;191.1;269.5;241.8
257.5;1.6827;1.6996;-0.6470;-0.4203;236;136;0.1026;59.3588;-0.1985;-0.4723;5.3534;132.8;190.3;267.9;242.3
258.0;1.6845;1.6996;-0.7335;-0.5412;239;128;0.1026;60.2824;-0.2061;-0.4943;6.9526;131.7;190.0;266.0;240.4
258.5;1.6864;1.6996;-1.0151;-0.6758;241;124;0.0342;61.1679;-0.2137;-0.5163;7.7522;131.7;189.5;266.6;241.0
259.0;1.6873;1.6996;-1.0618;-0.8255;249;116;0.0342;62.0458;-0.2214;-0.5602;8.5518;130.9;189.2;265.5;239.1
259.5;1.6882;1.6996;-1.3929;-0.9904;249;114;-0.0342;62.8931;-0.2290;-0.5822;9.3514;131.4;189.0;265.0;239.4
260.0;1.6891;1.6996;-1.3365;-1.1703;261;105;-0.0342;63.8168;-0.2366;-0.6261;10.1510;130.1;187.9;264.7;237.8
260.5;1.6914;1.6996;-1.7802;-1.3654;257;105;0.1417;64.7405;-0.2519;-0.6921;10.9506;128.8;187.4;264.2;236.0
261.0;1.6928;1.6996;-1.9547;-1.5755;265;99;-0.0147;65.5878;-0.2595;-0.7360;11.7503;129.1;186.1;263.7;237.3
261.5;1.6937;1.6996;-2.0618;-1.8008;273;89;-0.0147;66.4275;-0.2748;-0.8019;12.5499;129.3;185.5;264.2;236.2
262.0;1.6946;1.6996;-2.3352;-2.0412;277;83;-0.0049;67.2748;-0.2824;-0.8679;13.3495;129.1;184.8;262.9;236.2
262.5;1.6964;1.6996;-2.6415;-2.2953;281;77;0.0049;68.1985;-0.2977;-0.9338;14.9487;128.0;184.2;261.8;235.4
263.0;1.6983;1.6996;-3.0948;-2.5659;279;77;0.0244;69.1221;-0.3130;-1.0217;15.7483;126.9;183.7;260.5;234.1
263.5;1.6992;1.6996;-3.2212;-2.8503;288;65;0.0244;69.9695;-0.3282;-1.1096;16.5479;125.6;183.2;260.0;234.4
264.0;1.6996;1.6996;-3.5742;-3.1511;292;62;0.0440;70.8092;-0.3435;-1.2194;17.3475;125.4;182.4;259.2;233.8
264.5;1.6996;1.6996;-3.5536;-3.4657;308;46;-0.1222;71.6565;-0.3664;-1.3293;18.1471;124.6;181.8;258.7;233.0
265.0;1.6996;1.6996;-3.9437;-3.7953;312;42;-0.0244;72.5344;-0.3893;-1.4392;18.9467;124.8;181.3;257.9;233.0
265.5;1.7010;1.6996;-4.2198;-4.1401;320;34;-0.0244;73.4198;-0.4122;-1.5490;19.7464;123.8;181.3;257.1;233.0
266.0;1.7015;1.6996;-4.5110;-4.5000;327;26;-0.1711;74.3053;-0.4351;-1.6809;20.5460;124.0;181.3;256.5;231.7
266.5;1.7019;1.6996;-4.8695;-4.8750;333;19;-0.0733;75.1527;-0.4580;-1.8347;21.3456;123.0;181.3;257.1;231.7
267.0;1.7024;1.6996;-5.1181;-5.2651;345;9;-0.1417;76.0305;-0.4885;-1.9666;22.1452;124.0;180.3;257.3;230.7
267.5;1.7019;1.6996;-5.7706;-5.6703;345;9;-0.1320;76.8397;-0.5191;-2.1423;22.9448;123.5;180.3;255.7;230.1
268.0;1.7024;1.6996;-6.1593;-6.0907;349;1;-0.1124;77.7176;-0.5496;-2.3181;23.7444;123.5;179.7;254.7;229.1
268.5;1.7024;1.6996;-6.8242;-6.5261;351;1;-0.1613;78.5649;-0.5878;-2.5159;24.5440;125.4;180.0;254.4;230.1
269.0;1.7019;1.6996;-7.1429;-6.9753;359;-9;-0.1613;79.4046;-0.6260;-2.7137;26.1432;126.9;180.8;253.6;229.9
269.5;1.7024;1.6996;-7.8063;-7.4409;361;-11;-0.1222;80.3282;-0.6718;-2.9334;26.9428;128.8;180.8;252.8;230.1
270.0;1.7028;1.6996;-8.0893;-7.9203;374;-22;-0.1320;81.1756;-0.7176;-3.1751;27.7425;129.1;181.3;253.6;229.9
270.5;1.7042;1.6996;-8.5797;-8.4162;382;-30;-0.1906;82.0534;-0.7634;-3.4168;28.5421;130.1;181.3;252.8;230.4
271.0;1.7051;1.6996;-9.1676;-8.9162;382;-32;-0.1711;82.9389;-0.8244;-3.6805;29.3417;131.4;182.4;252.3;231.2
271.5;1.7070;1.6996;-9.6250;-9.4162;388;-36;-0.1417;83.9008;-0.8855;-3.9662;30.1413;132.5;183.4;251.5;230.4
272.0;1.7097;1.6996;-9.9918;-9.9162;392;-42;-0.2199;84.8244;-0.9542;-4.2519;30.9409;132.2;182.4;251.0;231.5
272.5;1.7115;1.6996;-10.2967;-10.4162;400;-52;-0.2102;85.6641;-1.0153;-4.5375;31.7405;131.7;182.9;249.9;230.4
273.0;1.7134;1.6996;-10.9574;-10.9162;398;-50;-0.1711;86.5878;-1.0916;-4.8451;33.3397;130.6;182.1;251.0;230.1
273.5;1.7152;1.6996;-11.2788;-11.4162;402;-58;-0.2590;87.4657;-1.1679;-5.1748;34.1393;130.1;182.6;249.9;230.1
274.0;1.7166;1.6996;-12.0179;-11.9162;398;-56;-0.1417;88.3893;-1.2519;-5.5263;34.9389;129.6;182.9;249.4;230.1
274.5;1.7175;1.6996;-12.3530;-12.4162;404;-62;-0.1417;89.2290;-1.3359;-5.8779;35.7386;130.1;184.0;248.4;230.9
275.0;1.7189;1.6996;-12.8516;-12.9162;406;-65;-0.2004;90.1069;-1.4275;-6.2295;36.5382;129.9;186.1;247.8;230.9
275.5;1.7189;1.6996;-13.3571;-13.4162;408;-67;-0.0929;90.9466;-1.5267;-6.6250;37.3378;129.1;186.6;246.8;230.9
276.0;1.7202;1.6996;-13.9038;-13.9162;408;-67;-0.2297;91.8626;-1.6336;-7.0206;38.1374;127.7;187.4;245.5;230.9
276.5;1.7216;1.6996;-14.5893;-14.4162;404;-65;-0.1417;92.7405;-1.7481;-7.4381;38.9370;127.7;188.2;242.8;231.5
277.0;1.7225;1.6996;-15.3077;-14.9162;400;-62;-0.2004;93.5725;-1.8550;-7.8776;39.7366;127.5;189.0;240.7;231.7
277.5;1.7216;1.6996;-15.9313;-15.4162;396;-62;-0.0929;94.3740;-1.9695;-8.3390;40.5362;127.5;190.0;240.4;231.7
278.0;1.7221;1.6996;-16.2624;-15.9162;400;-65;-0.0831;95.2443;-2.0992;-8.8005;41.3358;127.5;191.6;238.6;232.0
278.5;1.7225;1.6996;-16.9890;-16.4162;398;-64;-0.2688;96.1603;-2.2519;-9.3059;42.9350;129.6;192.9;236.5;231.7
279.0;1.7225;1.6996;-17.3173;-16.9162;400;-69;-0.2199;96.9542;-2.3817;-9.7893;43.7346;131.7;196.1;234.9;233.3
279.5;1.7230;1.6996;-17.8887;-17.4038;394;-65;-0.1808;97.8244;-2.5344;-10.2947;44.5343;132.8;198.5;233.6;234.4
280.0;1.7230;1.6996;-18.3049;-17.8777;392;-64;-0.0831;98.6489;-2.6870;-10.8221;45.3339;133.5;199.8;231.5;235.2
280.5;1.7225;1.6996;-18.7747;-18.3407;388;-62;-0.1417;99.5191;-2.8626;-11.3714;46.1335;132.8;201.4;229.9;233.8
281.0;1.7212;1.6996;-19.1442;-18.7912;388;-60;-0.1417;100.3053;-3.0229;-11.9208;46.9331;133.5;203.2;226.5;233.6
281.5;1.7193;1.6996;-19.7363;-19.2280;382;-54;-0.1320;101.0916;-3.1908;-12.4701;47.7327;134.3;205.9;224.1;233.3
282.0;1.7179;1.6996;-20.5549;-19.6538;369;-38;-0.0049;101.9160;-3.3740;-13.0634;48.5323;136.2;208.8;222.5;233.6
282.5;1.7161;1.6996;-21.0330;-20.0659;365;-32;-0.0733;102.7786;-3.5802;-13.6567;49.3319;135.9;211.7;219.3;233.3
283.0;1.7143;1.6996;-21.6305;-20.4657;357;-24;-0.1124;103.5954;-3.7863;-14.2940;50.1315;136.7;214.6;217.5;232.3
283.5;1.7134;1.6996;-21.8723;-20.8530;359;-24;0.0147;104.4122;-4.0000;-14.9092;50.9311;137.0;217.2;214.6;232.0
284.0;1.7115;1.6996;-22.2514;-21.2280;357;-21;-0.0244;105.2672;-4.2290;-15.5465;51.7307;138.8;219.3;213.0;233.8
284.5;1.7102;1.6996;-22.6648;-21.5907;353;-15;-0.0831;106.0763;-4.4580;-16.2057;52.5304;140.9;221.4;210.6;233.0
285.0;1.7092;1.6996;-22.8709;-21.9409;353;-15;-0.0049;106.9237;-4.7099;-16.8430;53.3300;141.7;223.5;209.0;232.8
285.5;1.7088;1.6996;-23.1470;-22.2788;353;-13;-0.0733;107.7328;-4.9618;-17.5242;54.1296;142.5;228.8;206.9;233.8
286.0;1.7083;1.6996;-23.4918;-22.6030;351;-9;-0.0831;108.5344;-5.2214;-18.1834;55.7288;144.1;230.4;204.5;233.6
286.5;1.7079;1.6996;-23.7225;-22.9162;349;-9;-0.0538;109.3359;-5.4885;-18.8646;56.5284;144.9;232.8;202.4;235.2
287.0;1.7074;1.6996;-23.9918;-23.2157;349;-5;-0.0538;110.1298;-5.7634;-19.5458;57.3280;146.5;234.6;200.6;237.3
287.5;1.7074;1.6996;-24.3475;-23.5027;343;-1;-0.0049;111.0000;-6.0763;-20.2709;58.1276;147.8;235.2;196.9;239.1
288.0;1.7060;1.6996;-24.4657;-23.7788;343;-1;-0.0538;111.7176;-6.3511;-20.9521;58.9272;148.6;235.7;195.8;242.6
288.5;1.7051;1.6996;-24.6360;-24.0412;343;1;-0.0342;112.5038;-6.6565;-21.6553;59.7268;149.4;233.6;193.2;248.1
289.0;1.7038;1.6996;-24.8695;-24.2912;341;3;-0.0049;113.2824;-6.9695;-22.3804;60.5265;151.0;230.7;190.8;257.6
289.5;1.7033;1.6996;-25.2541;-24.5288;333;11;-0.0635;114.0992;-7.3130;-23.1056;61.3261;152.6;227.2;189.2;269.5
290.0;1.7033;1.6996;-25.5165;-24.7527;329;15;-0.0929;114.9084;-7.6641;-23.8307;62.1257;155.7;223.0;186.6;270.0
290.5;1.7024;1.6996;-25.9286;-24.9657;318;22;-0.0831;115.6412;-7.9924;-24.5558;62.9253;158.4;218.3;183.4;270.0
291.0;1.7010;1.6996;-26.0206;-25.1662;318;24;-0.0635;116.3740;-8.3359;-25.3030;63.7249;160.5;214.0;180.3;270.0
291.5;1.7001;1.6996;-26.1758;-25.3530;318;26;-0.1320;117.1374;-8.6947;-26.0501;64.5245;163.9;210.4;177.1;270.0
292.0;1.6992;1.6996;-26.5440;-25.5288;308;36;-0.0049;117.9237;-9.0916;-26.8411;65.3241;165.0;207.4;174.5;270.0
292.5;1.6987;1.6996;-26.6909;-25.6909;306;40;-0.0635;118.6412;-9.4580;-27.5883;66.1237;167.3;206.1;171.6;270.0
293.0;1.6973;1.6996;-26.9780;-25.8407;298;48;-0.0342;119.3511;-9.8397;-28.3573;66.9233;169.4;205.3;170.5;270.0
293.5;1.6964;1.6996;-26.9945;-25.9780;300;50;0.0635;120.0916;-10.2443;-29.1264;67.7229;171.3;206.1;166.8;270.0
294.0;1.6951;1.6996;-27.2788;-26.1030;292;58;-0.0733;120.8244;-10.6565;-29.9395;68.5226;172.9;206.1;164.4;270.0
294.5;1.6946;1.6996;-27.1992;-26.2157;294;58;0.0538;121.5573;-11.0840;-30.7086;69.3222;176.6;205.1;162.8;270.0
295.0;1.6937;1.6996;-27.5275;-26.3159;284;67;-0.0244;122.2443;-11.4962;-31.4777;70.1218;179.5;203.8;160.7;270.0
295.5;1.6918;1.6996;-27.6030;-26.4038;283;71;-0.0831;122.9618;-11.9466;-32.2687;70.9214;182.9;202.2;159.1;270.0
296.0;1.6900;1.6996;-27.8503;-26.4780;275;81;0.0049;123.6336;-12.3740;-33.0598;71.7210;186.6;199.5;158.1;270.0
296.5;1.6891;1.6996;-27.8503;-26.5412;275;83;-0.0635;124.3359;-12.8397;-33.8728;73.3202;189.2;197.4;156.5;270.0
297.0;1.6882;1.6996;-27.7115;-26.5907;275;83;0.0733;125.0382;-13.3206;-34.6639;74.1198;191.3;192.9;156.2;270.0
297.5;1.6877;1.6996;-28.0302;-26.6277;265;97;-0.0733;125.7252;-13.8015;-35.4549;74.9194;194.8;191.1;156.2;270.0
298.0;1.6877;1.6996;-27.9244;-26.6538;265;97;0.0147;126.4427;-14.3206;-36.2680;75.7190;199.5;189.5;156.5;270.0
298.5;1.6877;1.6996;-28.1085;-26.6607;253;107;-0.1222;127.1527;-14.8473;-37.1030;76.5187;201.6;186.6;156.8;270.0
299.0;1.6882;1.6996;-27.8723;-26.6607;259;103;-0.0147;127.8550;-15.3893;-37.8721;77.3183;204.5;184.0;159.1;270.0
299.5;1.6900;1.6996;-27.8214;-26.6607;261;101;-0.1808;128.5496;-15.9313;-38.6632;78.1179;208.2;181.3;160.5;270.0
300.0;1.6928;1.6996;-27.5412;-26.6607;267;93;-0.0049;129.2977;-16.5420;-39.4542;78.9175;210.9;178.4;161.8;270.0
300.5;1.6960;1.6996;-27.5797;-26.6607;265;91;-0.1613;129.9771;-17.1069;-40.2453;79.7171;213.0;175.0;163.1;270.0
301.0;1.6983;1.6996;-27.7129;-26.6607;261;93;-0.1515;130.6488;-17.6870;-41.0363;80.5167;214.6;172.3;165.7;270.0
301.5;1.7015;1.6996;-27.2871;-26.6607;269;79;-0.1026;131.3435;-18.2977;-41.8274;82.1159;213.8;169.2;167.1;270.0
302.0;1.7042;1.6996;-27.3365;-26.6607;265;79;-0.2590;132.0305;-18.9160;-42.5965;82.9155;212.2;167.3;168.4;270.0
302.5;1.7074;1.6996;-27.0440;-26.6607;271;69;-0.0929;132.7023;-19.5496;-43.3876;83.7151;209.0;164.7;169.4;270.0
303.0;1.7097;1.6996;-27.1154;-26.6607;269;69;-0.1808;133.3435;-20.1603;-44.1567;84.5147;206.7;162.6;171.0;270.0
303.5;1.7134;1.6996;-26.8104;-26.6607;275;60;-0.1808;134.0305;-20.8321;-44.9477;85.3144;204.5;160.5;173.7;270.0
304.0;1.7175;1.6996;-27.0728;-26.6607;267;65;-0.1222;134.6794;-21.4885;-45.6948;86.1140;205.1;158.9;176.3;270.0
304.5;1.7198;1.6996;-26.8819;-26.6607;269;58;-0.0244;135.2901;-22.1298;-46.4639;87.7132;206.7;156.5;180.5;270.0
305.0;1.7207;1.6996;-26.8324;-26.6607;267;56;-0.0342;135.8397;-22.7176;-47.2330;88.5128;210.6;154.4;185.0;270.0
305.5;1.7225;1.6996;-26.7816;-26.6607;267;54;-0.0929;136.4657;-23.3969;-48.0021;89.3124;210.6;152.6;192.7;270.0
306.0;1.7239;1.6996;-26.7294;-26.6607;269;52;-0.2004;137.0534;-24.0611;-48.7712;90.1120;212.7;151.2;204.0;270.0
306.5;1.7248;1.6996;-27.1223;-26.6607;257;60;-0.1906;137.6336;-24.7252;-49.5403;90.9116;211.7;150.2;219.1;270.0
307.0;1.7248;1.6996;-26.8448;-26.6607;265;52;-0.0929;138.1756;-25.3740;-50.3314;91.7112;209.6;148.9;239.4;270.0
307.5;1.7248;1.6996;-27.0591;-26.6607;257;58;-0.1222;138.7099;-26.0229;-51.0785;92.5108;206.7;147.8;268.4;270.0
308.0;1.7248;1.6996;-26.8475;-26.6607;263;54;-0.0049;139.2595;-26.7176;-51.8695;93.3105;204.5;145.7;270.0;270.0
308.5;1.7239;1.6996;-27.1044;-26.6607;255;60;-0.0440;139.7557;-27.3511;-52.6386;94.1101;203.0;146.2;270.0;270.0
309.0;1.7230;1.6996;-27.2981;-26.6607;249;65;0.0635;140.2595;-28.0305;-53.4077;94.9097;199.8;145.4;270.0;270.0
309.5;1.7225;1.6996;-27.5920;-26.6607;241;73;0.0733;140.7557;-28.7099;-54.1988;95.7093;195.8;145.4;270.0;270.0
310.0;1.7207;1.6996;-27.7088;-26.6607;239;77;-0.0635;141.2443;-29.3969;-55.0118;96.5089;194.0;146.0;270.0;270.0
310.5;1.7184;1.6996;-27.3846;-26.6607;247;71;-0.0147;141.7023;-30.0611;-55.8029;97.3085;190.0;146.5;270.0;270.0
311.0;1.7157;1.6996;-27.7157;-26.6607;239;81;0.0635;142.1298;-30.6947;-56.5720;98.1081;187.4;146.2;270.0;270.0
311.5;1.7129;1.6996;-27.5247;-26.6484;241;81;0.0147;142.6107;-31.4351;-57.3850;98.9077;184.2;146.2;270.0;270.0
312.0;1.7097;1.6996;-27.6951;-26.6236;234;93;-0.0147;143.0382;-32.1145;-58.1541;99.7073;181.6;145.4;270.0;270.0
312.5;1.7070;1.6996;-27.6497;-26.5852;232;99;-0.0538;143.4809;-32.8321;-58.9671;100.5069;177.6;145.2;270.0;270.0
313.0;1.7056;1.6996;-27.8585;-26.5357;220;110;0.0635;143.9084;-33.5573;-59.7582;101.3066;174.2;144.9;270.0;270.0
313.5;1.7033;1.6996;-27.5453;-26.4725;224;109;-0.0049;144.3130;-34.2595;-60.5273;102.1062;171.6;145.4;270.0;270.0
314.0;1.7010;1.6996;-27.4602;-26.3984;220;114;0.0733;144.7176;-34.9924;-61.3184;103.7054;168.7;145.4;270.0;270.0
314.5;1.7001;1.6996;-27.5398;-26.3104;212;124;0.0147;145.1374;-35.7710;-62.1314;104.5050;166.5;146.0;270.0;270.0
315.0;1.6987;1.6996;-27.2843;-26.2102;212;126;-0.0244;145.5114;-36.4885;-62.9005;105.3046;163.4;145.7;270.0;270.0
315.5;1.6969;1.6996;-27.3255;-26.0975;206;136;0.0538;145.8931;-37.2366;-63.6696;106.1042;161.8;146.2;270.0;270.0
316.0;1.6941;1.6996;-26.8819;-25.9725;210;132;-0.0147;146.2443;-37.9618;-64.4606;106.9038;159.9;147.0;270.0;270.0
316.5;1.6923;1.6996;-26.7775;-25.8352;206;140;0.0342;146.6031;-38.7252;-65.2078;107.7034;158.6;146.7;270.0;270.0
317.0;1.6914;1.6996;-26.3846;-25.6854;210;138;-0.0244;146.9695;-39.5344;-65.9769;108.5030;156.8;146.7;270.0;270.0
317.5;1.6905;1.6996;-26.3681;-25.5234;202;148;-0.0635;147.2901;-40.2672;-66.7240;109.3027;155.2;146.7;270.0;270.0
318.0;1.6896;1.6996;-26.0755;-25.3475;202;152;0.0244;147.6183;-41.0458;-67.4711;110.1023;152.3;146.5;270.0;270.0
318.5;1.6882;1.6996;-25.6813;-25.1607;204;152;0.0929;147.9237;-41.7863;-68.2182;110.9019;150.4;146.2;270.0;270.0
319.0;1.6873;1.6996;-25.4519;-24.9602;200;155;0.0049;148.2290;-42.5725;-68.9433;111.7015;148.1;146.5;270.0;270.0
319.5;1.6859;1.6996;-25.1429;-24.7486;198;159;-0.0049;148.5267;-43.3664;-69.6685;112.5011;147.8;145.7;270.0;270.0
320.0;1.6845;1.6996;-25.2005;-24.5234;189;173;0.0635;148.8015;-44.1221;-70.3717;113.3007;145.2;146.5;270.0;270.0
320.5;1.6832;1.6996;-24.7486;-24.2857;189;171;-0.0049;149.0840;-44.9160;-71.0968;114.1003;143.8;146.0;270.0;270.0
321.0;1.6813;1.6996;-24.6964;-24.0357;181;183;-0.0440;149.3282;-45.6412;-71.8000;114.8999;141.5;146.0;270.0;270.0
321.5;1.6799;1.6996;-24.3338;-23.7734;179;187;0.0635;149.5954;-46.4809;-72.5031;115.6995;140.1;146.0;270.0;270.0
322.0;1.6790;1.6996;-24.1607;-23.4986;173;195;0.0147;149.8321;-47.2519;-73.1843;116.4991;138.0;146.7;270.0;270.0
322.5;1.6786;1.6996;-23.6799;-23.2102;175;196;0.0244;150.0840;-48.0992;-73.8655;117.2988;137.2;146.2;270.0;270.0
323.0;1.6781;1.6996;-23.6470;-22.9107;161;208;0.1026;150.3130;-48.9084;-74.5467;118.0984;135.9;146.0;270.0;270.0
323.5;1.6777;1.6996;-23.4423;-22.5975;153;220;0.1124;150.5343;-49.7252;-75.2279;118.8980;134.9;145.4;270.0;270.0
324.0;1.6767;1.6996;-22.9629;-22.2734;153;222;0.0733;150.7481;-50.5420;-75.8871;119.6976;131.4;145.2;270.0;270.0
324.5;1.6763;1.6996;-22.7692;-21.9354;144;228;0.0538;150.9466;-51.3588;-76.5244;120.4972;128.8;143.8;270.0;270.0
325.0;1.6758;1.6996;-22.4313;-21.5852;138;234;0.0733;151.1374;-52.1832;-77.1836;122.0964;127.5;144.6;270.0;270.0
325.5;1.6754;1.6996;-22.2816;-21.2225;128;243;0.1124;151.3130;-52.9695;-77.7989;122.8960;126.7;143.8;270.0;270.0
326.0;1.6754;1.6996;-21.6909;-20.8475;128;245;0.1320;151.4962;-53.8321;-78.4361;123.6956;126.2;144.9;270.0;270.0
326.5;1.6745;1.6996;-21.4670;-20.4602;118;255;0.0831;151.6488;-54.6183;-79.0514;124.4952;123.5;145.2;270.0;270.0
327.0;1.6735;1.6996;-20.6799;-20.0604;124;251;0.1613;151.8092;-55.4504;-79.6447;125.2948;121.9;146.2;270.0;270.0
327.5;1.6735;1.6996;-20.1854;-19.6484;120;255;0.1417;151.9542;-56.2824;-80.2160;126.0945;120.6;147.8;270.0;270.0
328.0;1.6731;1.6996;-19.6854;-19.2225;118;261;0.0538;152.0992;-57.1527;-80.7873;126.8941;119.0;151.0;270.0;270.0
328.5;1.6731;1.6996;-19.2418;-18.7857;112;267;0.1026;152.2366;-57.9847;-81.3367;127.6937;117.4;152.6;270.0;270.0
329.0;1.6731;1.6996;-18.8558;-18.3352;107;275;0.0831;152.3588;-58.8244;-81.8641;128.4933;116.1;154.1;270.0;270.0
329.5;1.6740;1.6996;-18.1113;-17.8736;109;273;-0.0147;152.4809;-59.7023;-82.3914;129.2929;115.9;156.5;270.0;270.0
330.0;1.6749;1.6996;-17.8077;-17.3984;99;283;0.1320;152.5878;-60.5725;-82.8968;130.0925;114.5;158.4;270.0;270.0
330.5;1.6763;1.6996;-17.2445;-16.9107;97;286;0.0440;152.7023;-61.4962;-83.4022;130.8921;113.0;161.0;270.0;270.0
331.0;1.6777;1.6996;-16.9602;-16.4107;83;296;-0.0635;152.8015;-62.3740;-83.8857;131.6917;113.5;173.4;270.0;270.0
331.5;1.6790;1.6996;-16.2775;-15.9107;89;292;-0.0831;152.8931;-63.2519;-84.3471;133.2909;111.4;184.8;270.0;270.0
332.0;1.6813;1.6996;-15.9547;-15.4107;81;298;-0.0049;152.9771;-64.1756;-84.8086;134.0906;110.9;196.4;270.0;270.0
332.5;1.6841;1.6996;-15.1964;-14.9107;85;290;-0.0244;153.0611;-65.0916;-85.2481;134.8902;110.1;209.8;270.0;270.0
333.0;1.6868;1.6996;-14.5440;-14.4107;87;286;0.0147;153.1298;-65.9771;-85.6656;135.6898;109.3;224.1;270.0;270.0
333.5;1.6900;1.6996;-14.1209;-13.9107;81;288;-0.0049;153.1908;-66.8550;-86.0611;136.4894;107.9;239.1;270.0;270.0
334.0;1.6937;1.6996;-13.5769;-13.4107;79;286;-0.0147;153.2595;-67.8168;-86.4566;137.2890;107.2;255.7;270.0;270.0
334.5;1.6973;1.6996;-13.1085;-12.9107;73;288;-0.0244;153.3053;-68.7023;-86.8302;138.0886;106.9;270.0;270.0;270.0
335.0;1.7005;1.6996;-12.3901;-12.4107;75;281;0.0440;153.3588;-69.6260;-87.1818;139.6878;106.6;270.0;270.0;270.0
335.5;1.7042;1.6996;-11.9588;-11.9107;69;283;0.0831;153.3969;-70.5038;-87.5114;140.4874;107.4;270.0;270.0;270.0
336.0;1.7070;1.6996;-11.2459;-11.4107;69;273;-0.0147;153.4351;-71.4275;-87.8410;141.2870;108.2;270.0;270.0;270.0
336.5;1.7092;1.6996;-10.9547;-10.9107;62;277;0.0635;153.4657;-72.3130;-88.1486;142.0867;109.0;270.0;270.0;270.0
337.0;1.7111;1.6996;-10.3462;-10.4107;62;275;-0.0342;153.4962;-73.2366;-88.4563;142.8863;109.3;270.0;270.0;270.0
337.5;1.7115;1.6996;-9.6401;-9.9107;64;271;0.0049;153.5191;-74.1221;-88.7419;143.6859;110.3;270.0;270.0;270.0
338.0;1.7129;1.6996;-9.1813;-9.4107;62;275;-0.0147;153.5343;-75.0076;-88.9836;144.4855;110.9;270.0;270.0;270.0
338.5;1.7138;1.6996;-8.6016;-8.9107;62;275;-0.0244;153.5496;-75.8931;-89.2473;145.2851;113.2;270.0;270.0;270.0
339.0;1.7138;1.6996;-8.2418;-8.4107;54;279;0.2004;153.5573;-76.7328;-89.4671;146.0847;112.7;270.0;270.0;270.0
339.5;1.7138;1.6996;-7.5838;-7.9107;56;277;0.1124;153.5649;-77.6183;-89.7088;147.6839;112.2;270.0;270.0;270.0
340.0;1.7134;1.6996;-7.3077;-7.4258;54;279;0.0831;153.5649;-78.5038;-89.9065;148.4835;111.9;270.0;270.0;270.0
340.5;1.7129;1.6996;-6.5920;-6.9560;64;271;0.1417;153.5649;-79.3435;-90.0823;149.2831;110.9;270.0;270.0;270.0
341.0;1.7129;1.6996;-6.1168;-6.5000;67;267;0.0538;153.5649;-80.2290;-90.2581;150.0827;110.6;270.0;270.0;270.0
341.5;1.7129;1.6996;-5.4835;-6.0604;75;257;0.1026;153.5573;-81.0763;-90.4339;150.8824;109.5;270.0;270.0;270.0
342.0;1.7120;1.6996;-5.0302;-5.6360;77;253;0.0929;153.5496;-81.9160;-90.5658;151.6820;110.3;270.0;270.0;270.0
342.5;1.7120;1.6996;-4.6332;-5.2253;81;251;0.0733;153.5420;-82.7634;-90.6976;152.4816;113.8;270.0;270.0;270.0
343.0;1.7111;1.6996;-3.9533;-4.8310;93;241;0.0538;153.5343;-83.6107;-90.8075;153.2812;115.9;270.0;270.0;270.0
343.5;1.7111;1.6996;-3.6346;-4.4505;95;239;0.0440;153.5191;-84.4504;-90.9174;154.0808;120.9;270.0;270.0;270.0
344.0;1.7115;1.6996;-3.1690;-4.0852;101;234;0.0342;153.5038;-85.3740;-91.0052;154.8804;124.6;270.0;270.0;270.0
344.5;1.7120;1.6996;-2.9478;-3.7363;101;234;0.0147;153.4886;-86.2214;-91.0931;155.6800;129.6;270.0;270.0;270.0
345.0;1.7115;1.6996;-2.6319;-3.4011;103;230;0.0049;153.4733;-87.0611;-91.1591;156.4796;134.9;270.0;270.0;270.0
345.5;1.7106;1.6996;-2.6346;-3.0810;99;234;0.0831;153.4504;-87.9466;-91.2470;157.2792;143.0;270.0;270.0;270.0
346.0;1.7097;1.6996;-2.3104;-2.7761;105;232;-0.0049;153.4351;-88.7939;-91.3129;158.8785;150.7;270.0;270.0;270.0
346.5;1.7083;1.6996;-2.0124;-2.4863;109;228;0.1417;153.4122;-89.6336;-91.3788;159.6781;172.1;270.0;270.0;270.0
347.0;1.7079;1.6996;-1.8530;-2.2102;109;226;-0.0244;153.3969;-90.4809;-91.4228;160.4777;184.0;270.0;270.0;270.0
347.5;1.7060;1.6996;-1.5357;-1.9505;114;220;0.0440;153.3741;-91.2824;-91.4667;161.2773;195.6;270.0;270.0;270.0
348.0;1.7033;1.6996;-1.3049;-1.7060;118;218;0.0440;153.3512;-92.0840;-91.5107;162.0769;208.5;270.0;270.0;270.0
348.5;1.7015;1.6996;-0.9217;-1.4753;128;212;0.1124;153.3282;-92.9313;-91.5326;162.8765;218.0;270.0;270.0;270.0
349.0;1.7001;1.6996;-0.7761;-1.2610;132;212;0.1026;153.3130;-93.7710;-91.5546;163.6761;227.0;270.0;270.0;270.0
349.5;1.6983;1.6996;-0.4409;-1.0604;140;204;0.0147;153.2901;-94.5725;-91.5546;164.4757;236.7;270.0;270.0;270.0
350.0;1.6969;1.6996;-0.4684;-0.8750;140;206;-0.0733;153.2672;-95.4198;-91.5766;165.2753;246.0;270.0;270.0;270.0
350.5;1.6960;1.6996;-0.2940;-0.7060;146;204;0.0049;153.2443;-96.3053;-91.5766;166.0750;252.8;270.0;270.0;270.0
351.0;1.6951;1.6996;-0.2610;-0.5508;146;202;0.0831;153.2137;-97.1450;-91.5985;166.8746;263.7;270.0;270.0;270.0
351.5;1.6946;1.6996;-0.0989;-0.4107;152;198;0.0831;153.1908;-97.9924;-91.5985;167.6742;268.7;270.0;270.0;270.0
352.0;1.6932;1.6996;0.1635;-0.2857;161;193;0.0733;153.1679;-98.8321;-91.5985;168.4738;270.0;270.0;270.0;270.0
352.5;1.6918;1.6996;0.1909;-0.1758;163;191;-0.0147;153.1450;-99.6412;-91.5766;169.2734;270.0;270.0;270.0;270.0
353.0;1.6905;1.6996;0.3297;-0.0810;169;187;0.0635;153.1221;-100.4809;-91.5766;170.0730;270.0;270.0;270.0;270.0
353.5;1.6891;1.6996;0.3516;0.0000;155;202;-0.0147;153.1069;-101.2824;-91.5766;170.8726;270.0;270.0;270.0;270.0
354.0;1.6882;1.6996;0.5838;0.0000;187;171;-0.0244;153.0763;-102.1679;-91.5546;171.6722;270.0;270.0;270.0;270.0
354.5;1.6873;1.6996;0.5989;0.0000;189;171;0.0538;153.0534;-103.0153;-91.5326;172.4718;270.0;270.0;270.0;270.0
355.0;1.6873;1.6996;0.7830;0.0000;195;167;-0.0342;153.0305;-103.9008;-91.5107;173.2714;270.0;270.0;270.0;270.0
355.5;1.6873;1.6996;0.7788;0.0000;193;167;0.0440;153.0153;-104.7405;-91.4887;174.0710;270.0;270.0;270.0;270.0
356.0;1.6877;1.6996;0.7596;0.0000;195;169;-0.1124;152.9924;-105.5878;-91.4667;175.6703;270.0;270.0;270.0;270.0
356.5;1.6877;1.6996;0.9547;0.0000;198;163;-0.0831;0.8397;0.0000;-0.0109;0.5557;270.0;270.0;270.0;270.0
357.0;1.6873;1.6996;0.9945;0.0000;200;161;-0.0440;1.6412;0.0000;0.0111;1.3553;270.0;270.0;270.0;270.0
357.5;1.6868;1.6996;0.9753;0.0000;200;163;0.0440;2.4886;0.0000;0.0551;2.1549;270.0;270.0;270.0;270.0
358.0;1.6859;1.6996;0.7569;0.0000;195;169;0.0538;3.3282;0.0000;0.0770;2.9546;270.0;270.0;270.0;270.0
358.5;1.6845;1.6996;0.7843;0.0000;195;167;-0.0342;4.1374;0.0000;0.0990;3.7542;270.0;270.0;270.0;270.0
359.0;1.6827;1.6996;0.6154;0.0000;193;175;-0.0244;4.9389;0.0000;0.0990;4.5538;270.0;270.0;270.0;270.0
359.5;1.6822;1.6996;0.7651;0.0000;196;171;-0.0342;5.8244;0.0000;0.1210;5.3534;270.0;270.0;269.5;270.0
360.0;1.6818;1.6996;0.7527;0.0000;196;171;0.0440;6.6641;0.0076;0.1430;6.1530;270.0;270.0;269.5;270.0
360.5;1.6813;1.6996;0.7363;0.0000;198;173;-0.0342;7.4733;0.0076;0.1649;6.9526;270.0;270.0;268.4;270.0
361.0;1.6809;1.6996;0.6593;0.0000;196;175;-0.1124;8.3130;0.0076;0.1869;7.7522;270.0;270.0;269.5;270.0
361.5;1.6804;1.6996;0.5027;0.0000;193;181;-0.0244;9.1985;0.0153;0.2089;8.5518;270.0;270.0;270.0;270.0
362.0;1.6809;1.7001;0.4835;0.0000;195;183;-0.0244;10.0840;0.0153;0.2089;9.3514;270.0;270.0;270.0;270.0
362.5;1.6804;1.7001;0.3310;0.0000;195;189;-0.0147;10.8855;0.0229;0.2308;10.1510;270.0;270.0;270.0;270.0
363.0;1.6799;1.7005;0.4368;0.0000;200;191;-0.0244;11.6947;0.0229;0.2308;10.9506;270.0;270.0;270.0;270.0
363.5;1.6795;1.7015;0.2225;0.0000;198;200;-0.0147;12.5725;0.0305;0.2528;12.5499;270.0;270.0;270.0;270.0
364.0;1.6790;1.7019;0.3049;0.0000;204;200;-0.0147;13.3817;0.0305;0.2528;13.3495;270.0;270.0;270.0;270.0
364.5;1.6790;1.7028;0.2527;0.0000;208;206;-0.0929;14.2214;0.0382;0.2528;14.1491;270.0;270.0;270.0;270.0
365.0;1.6795;1.7042;0.3214;0.0000;214;208;0.0635;15.0687;0.0382;0.2748;14.9487;270.0;270.0;270.0;270.0
365.5;1.6799;1.7056;0.4382;0.0000;220;208;-0.0244;15.9542;0.0458;0.2748;15.7483;270.0;270.0;270.0;270.0
366.0;1.6799;1.7070;0.3118;0.0000;222;216;-0.0147;16.7557;0.0458;0.2968;16.5479;270.0;270.0;270.0;270.0
366.5;1.6809;1.7083;0.3283;0.0000;226;220;-0.0147;17.6412;0.0534;0.2968;17.3475;270.0;270.0;270.0;270.0
367.0;1.6822;1.7102;0.2624;0.0000;228;224;-0.0929;18.4809;0.0611;0.3187;18.1471;270.0;270.0;270.0;270.0
367.5;1.6832;1.7120;0.3091;0.0000;234;228;-0.0929;19.3282;0.0611;0.3187;18.9467;270.0;270.0;270.0;270.0
368.0;1.6841;1.7138;0.1374;0.0000;234;236;-0.0929;20.1679;0.0687;0.3187;19.7464;270.0;270.0;270.0;270.0
368.5;1.6845;1.7161;0.2225;0.0000;239;236;0.0635;21.0153;0.0687;0.3407;20.5460;270.0;270.0;270.0;270.0
369.0;1.6854;1.7184;0.0659;0.0000;241;245;-0.0831;21.8626;0.0763;0.3407;21.3456;270.0;270.0;270.0;270.0
369.5;1.6868;1.7212;-0.0234;0.0000;241;251;-0.0831;22.7023;0.0840;0.3407;22.1452;270.0;270.0;270.0;270.0
370.0;1.6896;1.7239;-0.0673;0.0000;243;255;-0.0049;23.5878;0.0840;0.3407;22.9448;270.0;270.0;270.0;270.0
370.5;1.6914;1.7266;0.0440;0.0000;251;257;-0.0831;24.4351;0.0916;0.3407;23.7444;270.0;270.0;270.0;270.0
371.0;1.6937;1.7294;0.1387;0.0000;257;257;0.0733;25.3588;0.0992;0.3407;25.3436;268.7;270.0;270.0;270.0
371.5;1.6960;1.7326;0.0920;0.0000;261;263;-0.0049;26.2366;0.1069;0.3407;26.1432;265.5;270.0;270.0;270.0
372.0;1.6987;1.7358;0.2376;0.0000;271;263;-0.0929;27.0840;0.1069;0.3407;26.9428;265.5;270.0;270.0;270.0
372.5;1.7019;1.7395;0.0975;0.0000;271;271;-0.0049;27.9695;0.1145;0.3407;27.7425;266.0;270.0;270.0;270.0
373.0;1.7060;1.7427;0.1978;0.0000;277;273;-0.0147;28.8550;0.1221;0.3627;28.5421;266.6;270.0;270.0;270.0
373.5;1.7115;1.7468;0.1113;0.0000;277;279;-0.0049;29.8168;0.1298;0.3627;29.3417;265.5;270.0;270.0;270.0
374.0;1.7179;1.7505;0.0838;0.0000;281;283;-0.0929;30.7405;0.1298;0.3627;30.1413;264.2;270.0;270.0;270.0
374.5;1.7253;1.7546;-0.0330;0.0000;279;286;-0.0049;31.7023;0.1374;0.3627;30.9409;258.7;270.0;268.9;270.0
375.0;1.7317;1.7587;-0.1016;0.0000;281;290;-0.0831;32.6336;0.1450;0.3627;32.5401;260.5;270.0;268.4;270.0
375.5;1.7381;1.7633;-0.2335;0.0000;279;296;0.0049;33.5954;0.1527;0.3407;33.3397;259.2;270.0;270.0;270.0
376.0;1.7450;1.7679;-0.1374;0.0000;284;294;-0.0049;34.5573;0.1527;0.3407;34.1393;258.7;270.0;270.0;270.0
376.5;1.7509;1.7724;-0.0192;0.0000;290;294;-0.0831;35.4809;0.1603;0.3407;34.9389;260.8;270.0;270.0;270.0
377.0;1.7582;1.7775;-0.1195;0.0000;288;300;-0.0049;36.4504;0.1679;0.3407;35.7386;257.6;270.0;270.0;270.0
377.5;1.7660;1.7821;0.0192;0.0000;294;298;-0.0049;37.4122;0.1756;0.3407;37.3378;255.0;270.0;270.0;270.0
378.0;1.7747;1.7875;-0.0797;0.0000;294;306;-0.0049;38.4580;0.1832;0.3407;38.1374;257.6;270.0;270.0;270.0
378.5;1.7830;1.7926;-0.1291;0.0000;294;308;-0.0049;39.4198;0.1832;0.3407;38.9370;256.8;270.0;270.0;270.0
379.0;1.7912;1.7981;-0.1580;0.0000;296;310;0.0049;40.3893;0.1908;0.3407;39.7366;257.6;270.0;270.0;270.0
379.5;1.7999;1.8040;-0.0962;0.0000;300;310;-0.0831;41.3893;0.1985;0.3187;41.3358;260.0;270.0;270.0;270.0
380.0;1.8100;1.8095;-0.2143;0.0000;298;314;0.0049;42.4351;0.2061;0.3187;42.1354;259.2;270.0;270.0;270.0
380.5;1.8196;1.8155;-0.2376;0.0000;298;316;0.0049;43.4046;0.2061;0.3187;42.9350;256.8;270.0;270.0;270.0
381.0;1.8292;1.8214;-0.2143;0.0000;300;318;0.0049;44.3664;0.2137;0.3187;43.7346;256.0;270.0;270.0;270.0
381.5;1.8379;1.8278;-0.3324;0.0000;296;322;0.0049;45.3282;0.2214;0.2968;45.3339;255.5;270.0;270.0;270.0
382.0;1.8471;1.8342;-0.2486;0.0000;300;322;0.0049;46.2977;0.2290;0.2968;46.1335;255.0;270.0;270.0;270.0
382.5;1.8562;1.8407;-0.2857;0.0000;302;324;0.0049;47.3435;0.2290;0.2748;46.9331;253.9;270.0;270.0;270.0
383.0;1.8654;1.8475;-0.2500;0.0000;306;326;0.0049;48.3053;0.2366;0.2748;47.7327;250.7;270.0;270.0;270.0
383.5;1.8750;1.8544;-0.3159;0.0000;306;329;0.0831;49.3053;0.2443;0.2748;48.5323;249.1;270.0;270.0;270.0
384.0;1.8846;1.8613;-0.3310;0.0000;308;335;0.0831;50.3130;0.2443;0.2528;50.1315;248.4;270.0;270.0;270.0
384.5;1.8947;1.8686;-0.3874;0.0000;308;337;0.0049;51.3588;0.2519;0.2528;50.9311;248.4;270.0;270.0;270.0
385.0;1.9034;1.8759;-0.4959;0.0000;306;343;0.0929;52.2824;0.2519;0.2308;51.7307;247.6;270.0;270.0;270.0
385.5;1.9121;1.8837;-0.4464;0.0000;310;343;0.0929;53.2901;0.2595;0.2308;52.5304;249.1;270.0;270.0;270.0
386.0;1.9208;1.8910;-0.6030;0.0000;308;351;0.0929;54.2901;0.2595;0.2089;54.1296;246.0;270.0;270.0;270.0
386.5;1.9295;1.8988;-0.4505;0.0000;316;351;0.0929;55.2977;0.2672;0.1869;54.9292;246.0;270.0;270.0;270.0
387.0;1.9382;1.9071;-0.5069;0.0000;318;357;0.0147;56.3435;0.2672;0.1649;55.7288;246.5;270.0;270.0;270.0
387.5;1.9464;1.9153;-0.4162;0.0000;324;357;0.0049;57.3053;0.2748;0.1649;56.5284;244.1;270.0;270.0;270.0
388.0;1.9547;1.9235;-0.3365;0.0000;329;359;0.0049;58.2748;0.2748;0.1649;58.1276;243.3;270.0;270.0;270.0
388.5;1.9620;1.9318;-0.2143;0.0000;337;359;0.0049;59.2366;0.2748;0.1430;58.9272;242.3;270.0;270.0;270.0
389.0;1.9702;1.9405;-0.2418;0.0000;339;365;0.0049;60.2824;0.2824;0.1430;59.7268;240.4;270.0;270.0;270.0
389.5;1.9785;1.9492;-0.2239;0.0000;347;370;0.0049;61.2443;0.2824;0.1430;60.5265;238.3;270.0;270.0;270.0
390.0;1.9858;1.9579;-0.2376;0.0000;351;374;0.0049;62.2137;0.2824;0.1210;62.1257;236.5;270.0;270.0;270.0
390.5;1.9931;1.9670;-0.4286;0.0000;349;384;0.0147;63.2519;0.2901;0.1210;62.9253;237.5;270.0;270.0;270.0
391.0;2.0005;1.9762;-0.4327;0.0000;355;392;0.0147;64.2214;0.2901;0.0990;63.7249;234.4;270.0;270.0;270.0
391.5;2.0092;1.9858;-0.5096;0.0000;357;400;0.0929;65.3053;0.2901;0.0990;64.5245;236.2;270.0;270.0;270.0
392.0;2.0188;1.9954;-0.4766;0.0000;365;404;-0.0733;66.3130;0.2977;0.0770;66.1237;235.4;270.0;270.0;270.0
392.5;2.0284;2.0050;-0.4107;0.0000;369;404;0.0049;67.3511;0.2977;0.0551;66.9233;234.4;270.0;270.0;270.0
393.0;2.0375;2.0147;-0.1868;0.0000;378;402;0.0831;68.3588;0.2977;0.0551;67.7229;232.3;270.0;270.0;270.0
393.5;2.0462;2.0247;-0.1909;0.0000;380;406;0.0049;69.4046;0.2977;0.0551;69.3222;229.4;270.0;270.0;270.0
394.0;2.0554;2.0348;-0.0810;0.0000;388;408;-0.0049;70.4504;0.2977;0.0551;70.1218;230.4;270.0;270.0;270.0
394.5;2.0659;2.0449;-0.1676;0.0000;388;413;0.0831;71.5344;0.2977;0.0551;70.9214;229.4;270.0;270.0;270.0
395.0;2.0769;2.0549;-0.2308;0.0000;386;413;-0.0733;72.6183;0.2977;0.0331;72.5206;229.1;270.0;270.0;270.0
395.5;2.0879;2.0646;-0.2280;0.0000;388;415;0.0049;73.6641;0.3053;0.0331;73.3202;227.2;270.0;270.0;270.0
396.0;2.0989;2.0746;-0.2871;0.0000;384;413;0.0049;74.7863;0.3053;0.0331;74.1198;227.2;270.0;270.0;270.0
396.5;2.1108;2.0847;-0.3489;0.0000;384;419;0.0831;75.8779;0.3053;0.0111;75.7190;225.9;270.0;270.0;270.0
397.0;2.1223;2.0948;-0.3297;0.0000;388;419;0.0049;77.0000;0.3053;0.0111;76.5187;227.0;270.0;270.0;270.0
397.5;2.1342;2.1049;-0.2074;0.0000;388;413;0.0049;78.1221;0.3053;-0.0109;78.1179;224.9;270.0;270.0;270.0
398.0;2.1456;2.1149;-0.2514;0.0000;388;415;0.0049;79.2519;0.3053;-0.0109;78.9175;225.1;270.0;270.0;270.0
398.5;2.1571;2.1250;-0.0659;0.0000;394;410;-0.0831;80.3359;0.3053;-0.0109;79.7171;222.5;270.0;270.0;270.0
399.0;2.1690;2.1346;-0.1799;0.0000;390;413;0.0049;81.4580;0.3053;-0.0109;81.3163;223.3;270.0;270.0;270.0
399.5;2.1799;2.1447;-0.3434;0.0000;386;417;0.0049;82.5878;0.3053;-0.0328;82.1159;222.0;270.0;270.0;270.0
400.0;2.1905;2.1548;-0.2418;0.0000;390;415;0.0831;83.6718;0.3053;-0.0328;82.9155;219.9;270.0;270.0;270.0
400.5;2.2010;2.1648;-0.2253;0.0000;390;413;0.0049;84.8779;0.3053;-0.0328;84.5147;219.6;270.0;270.0;270.0
401.0;2.2106;2.1749;-0.1923;0.0000;392;415;0.0049;85.9237;0.3053;-0.0548;85.3144;220.1;270.0;270.0;270.0
401.5;2.2193;2.1850;-0.2871;0.0000;392;419;0.0831;87.0076;0.3053;-0.0548;86.9136;218.0;270.0;270.0;270.0
402.0;2.2280;2.1946;-0.0659;0.0000;400;413;-0.0049;88.1298;0.2977;-0.0548;87.7132;219.3;270.0;270.0;270.0
402.5;2.2363;2.2047;-0.0604;0.0000;404;417;-0.0049;89.2595;0.2977;-0.0548;88.5128;216.4;270.0;270.0;270.0
403.0;2.2440;2.2147;0.1758;0.0000;410;412;-0.0147;90.3817;0.2977;-0.0548;90.1120;214.8;270.0;270.0;270.0
403.5;2.2532;2.2248;0.2019;0.0000;410;410;-0.0147;91.5115;0.2977;-0.0548;90.9116;216.7;270.0;270.0;270.0
404.0;2.2624;2.2349;0.3448;0.0000;417;410;-0.0929;92.6718;0.2977;-0.0328;92.5108;215.1;270.0;270.0;270.0
404.5;2.2720;2.2450;0.2610;0.0000;413;412;-0.0147;93.8015;0.2977;-0.0328;93.3105;215.1;270.0;270.0;270.0
405.0;2.2811;2.2546;0.0288;0.0000;410;419;0.0733;94.9618;0.2977;-0.0328;94.9097;214.3;270.0;270.0;270.0
405.5;2.2912;2.2647;-0.0494;0.0000;408;425;0.0733;96.1298;0.2977;-0.0328;95.7093;212.5;270.0;270.0;270.0
406.0;2.3017;2.2747;-0.1236;0.0000;408;427;-0.0049;97.3359;0.2977;-0.0328;97.3085;210.4;270.0;270.0;270.0
406.5;2.3127;2.2848;-0.0632;0.0000;412;427;-0.0049;98.5420;0.2977;-0.0328;98.1081;210.6;270.0;270.0;270.0
407.0;2.3237;2.2949;-0.1951;0.0000;408;431;0.0049;99.7481;0.2977;-0.0328;99.7073;210.1;270.0;270.0;270.0
407.5;2.3333;2.3049;-0.0481;0.0000;412;427;-0.0049;100.9542;0.2977;-0.0328;100.5069;209.3;270.0;270.0;242.6
408.0;2.3434;2.3146;-0.1003;0.0000;413;429;-0.0831;102.1221;0.2977;-0.0328;102.1062;209.3;270.0;270.0;220.9
408.5;2.3539;2.3246;-0.1607;0.0000;413;435;-0.0831;103.3664;0.2901;-0.0548;102.9058;207.7;270.0;270.0;201.4
409.0;2.3645;2.3347;-0.1415;0.0000;413;431;-0.0831;104.5267;0.2901;-0.0548;104.5050;205.3;270.0;270.0;185.8
409.5;2.3745;2.3448;-0.3132;0.0000;412;441;0.0049;105.7328;0.2901;-0.0548;105.3046;207.2;270.0;270.0;173.1
410.0;2.3855;2.3549;-0.5165;0.0000;408;447;-0.0635;106.9847;0.2901;-0.0768;106.9038;206.7;270.0;270.0;161.0
410.5;2.3979;2.3649;-0.5865;0.0000;404;447;0.0147;108.2672;0.2901;-0.0988;107.7034;205.6;270.0;270.0;150.7
411.0;2.4098;2.3750;-0.4849;0.0000;408;447;-0.0635;109.5115;0.2901;-0.0988;109.3027;204.0;270.0;270.0;141.2
411.5;2.4226;2.3846;-0.5879;0.0000;404;447;0.0147;110.8015;0.2824;-0.1207;110.1023;201.9;270.0;270.0;133.8
412.0;2.4359;2.3947;-0.3668;0.0000;412;441;-0.1515;112.1679;0.2824;-0.1427;111.7015;200.1;270.0;270.0;128.5
412.5;2.4492;2.4048;-0.3585;0.0000;410;441;-0.0733;113.4122;0.2824;-0.1427;113.3007;200.1;270.0;270.0;124.0
413.0;2.4615;2.4148;-0.3585;0.0000;408;439;0.0049;114.7023;0.2748;-0.1647;114.1003;198.2;270.0;270.0;120.9
413.5;2.4744;2.4249;-0.3805;0.0000;406;437;-0.1515;115.9847;0.2748;-0.1647;115.6995;199.0;270.0;270.0;118.8
414.0;2.4867;2.4350;-0.3104;0.0000;408;433;0.0049;117.3511;0.2672;-0.1647;117.2988;196.6;270.0;270.0;118.0
414.5;2.5005;2.4446;-0.4602;0.0000;400;433;-0.0733;118.6794;0.2672;-0.1867;118.0984;195.3;270.0;270.0;118.5
415.0;2.5137;2.4547;-0.5082;0.0000;396;431;0.0147;119.9618;0.2595;-0.2086;119.6976;194.3;270.0;270.0;119.0
415.5;2.5261;2.4647;-0.4753;0.0000;394;429;-0.0635;121.2901;0.2595;-0.2086;120.4972;192.9;270.0;270.0;121.1
416.0;2.5385;2.4748;-0.5343;0.0000;392;429;-0.0635;122.6183;0.2519;-0.2306;122.0964;193.5;270.0;270.0;124.8
416.5;2.5513;2.4844;-0.2761;0.0000;396;419;-0.0733;124.0229;0.2443;-0.2306;123.6956;190.8;270.0;270.0;129.9
417.0;2.5636;2.4945;-0.3049;0.0000;392;417;0.0049;125.3053;0.2443;-0.2526;125.2948;190.8;270.0;270.0;136.7
417.5;2.5760;2.5037;-0.3146;0.0000;382;412;0.1711;126.6718;0.2366;-0.2526;126.0945;188.7;270.0;270.0;146.2
418.0;2.5875;2.5133;-0.4011;0.0000;376;412;0.0929;128.0000;0.2290;-0.2746;127.6937;188.2;270.0;270.0;158.6
418.5;2.5998;2.5224;-0.4492;0.0000;369;408;0.0929;129.4046;0.2214;-0.2746;129.2929;189.2;270.0;270.0;174.7
419.0;2.6113;2.5316;-0.4712;0.0000;363;406;0.0929;130.7328;0.2137;-0.2965;130.0925;187.1;270.0;270.0;218.3
419.5;2.6223;2.5403;-0.4354;0.0000;363;402;0.0147;132.0229;0.2061;-0.2965;131.6917;187.4;270.0;270.0;241.8
420.0;2.6323;2.5490;-0.4657;0.0000;355;396;0.0147;133.3893;0.2061;-0.3185;133.2909;186.9;270.0;270.0;265.0
420.5;2.6429;2.5577;-0.4753;0.0000;351;394;0.0147;134.7557;0.1985;-0.3405;134.0906;186.3;270.0;270.0;270.0
421.0;2.6525;2.5664;-0.3805;0.0000;349;386;0.0929;136.0763;0.1908;-0.3405;135.6898;185.5;270.0;270.0;270.0
421.5;2.6612;2.5746;-0.4918;0.0000;341;386;0.0147;137.3664;0.1832;-0.3624;137.2890;183.4;270.0;270.0;270.0
422.0;2.6685;2.5824;-0.4615;0.0000;339;382;0.0147;138.7328;0.1679;-0.3624;138.0886;183.7;270.0;270.0;270.0
422.5;2.6749;2.5907;-0.6003;0.0000;331;384;0.0147;140.0153;0.1603;-0.3844;139.6878;181.3;270.0;270.0;270.0
423.0;2.6809;2.5984;-0.3558;0.0000;337;376;0.0929;141.3435;0.1527;-0.4064;141.2870;179.7;270.0;270.0;270.0
423.5;2.6873;2.6062;-0.4602;0.0000;331;376;0.0929;142.6718;0.1450;-0.4064;142.0867;178.4;270.0;270.0;270.0
424.0;2.6932;2.6136;-0.3420;0.0000;333;372;0.0049;143.9542;0.1374;-0.4284;143.6859;178.7;270.0;270.0;270.0
424.5;2.6983;2.6209;-0.0659;0.0000;339;363;-0.0049;145.2443;0.1298;-0.4284;144.4855;176.8;270.0;270.0;270.0
425.0;2.7038;2.6282;-0.1401;0.0000;337;363;-0.0831;146.5725;0.1145;-0.4284;146.0847;175.5;270.0;270.0;270.0
425.5;2.7092;2.6351;-0.0769;0.0000;335;359;-0.0831;147.9771;0.1069;-0.4284;147.6839;172.1;270.0;270.0;270.0
426.0;2.7129;2.6419;-0.5110;0.0000;320;367;0.0929;149.2214;0.0992;-0.4503;148.4835;171.0;270.0;270.0;270.0
426.5;2.7179;2.6488;-0.3283;0.0000;324;361;-0.0733;150.6260;0.0840;-0.4503;150.0827;170.8;270.0;270.0;270.0
427.0;2.7225;2.6552;-0.6030;0.0000;314;365;0.0929;151.9542;0.0763;-0.4723;151.6820;167.9;270.0;270.0;270.0
427.5;2.7271;2.6616;-0.1538;0.0000;326;353;0.0049;153.3206;0.0687;-0.4723;153.2812;167.3;270.0;270.0;270.0
428.0;2.7317;2.6680;-0.0192;0.0000;327;349;0.0733;154.6488;0.0534;-0.4723;154.0808;166.3;270.0;270.0;268.9
428.5;2.7353;2.6740;-0.2376;0.0000;320;351;0.0049;155.9313;0.0458;-0.4723;155.6800;165.0;270.0;270.0;266.0
429.0;2.7390;2.6799;-0.1525;0.0000;322;349;0.0831;157.2595;0.0305;-0.4943;156.4796;163.9;270.0;270.0;265.0
429.5;2.7427;2.6859;-0.4135;0.0000;312;355;0.0929;158.5878;0.0229;-0.4943;158.0788;163.1;270.0;270.0;261.3
430.0;2.7463;2.6914;0.1415;0.0000;326;337;-0.0147;159.9542;0.0076;-0.4943;159.6781;161.3;270.0;270.0;255.0
430.5;2.7491;2.6969;-0.0316;0.0000;322;343;-0.0049;161.2366;0.0000;-0.4943;160.4777;160.2;270.0;270.0;253.1
431.0;2.7527;2.7019;0.4739;0.0000;333;326;-0.0244;162.6031;-0.0076;-0.4723;162.0769;159.4;270.0;270.0;252.3
431.5;2.7550;2.7074;0.3324;0.0000;329;329;-0.0929;163.9313;-0.0229;-0.4723;163.6761;159.4;270.0;270.0;251.0
432.0;2.7569;2.7125;0.4162;0.0000;331;326;-0.1026;165.3359;-0.0305;-0.4503;165.2753;158.4;270.0;270.0;250.5
432.5;2.7587;2.7170;0.1676;0.0000;324;331;-0.0147;166.7023;-0.0458;-0.4503;166.0750;156.5;270.0;270.0;251.3
433.0;2.7601;2.7216;0.2747;0.0000;326;329;0.0635;168.0305;-0.0534;-0.4503;167.6742;154.7;270.0;270.0;250.5
433.5;2.7610;2.7262;0.6071;0.0000;333;320;0.1320;169.3969;-0.0611;-0.4284;169.2734;155.2;270.0;270.0;250.2
434.0;2.7619;2.7308;0.0426;0.0000;318;333;-0.0049;170.6794;-0.0763;-0.4284;170.0730;153.1;270.0;270.0;251.3
434.5;2.7633;2.7349;0.4038;0.0000;327;324;-0.1026;172.0916;-0.0840;-0.4064;171.6722;153.1;270.0;270.0;251.8
435.0;2.7642;2.7390;0.1071;0.0000;320;331;-0.0049;173.3741;-0.0916;-0.4064;173.2714;152.8;270.0;270.0;251.8
435.5;2.7656;2.7427;0.6703;0.0000;331;314;-0.0244;174.7405;-0.0992;-0.3844;174.0710;152.0;270.0;270.0;251.8
436.0;2.7660;2.7468;0.6813;0.0000;333;314;-0.0244;176.0305;-0.1069;-0.3844;175.6703;149.9;270.0;270.0;251.3
436.5;2.7665;2.7505;1.2060;0.0000;347;298;-0.1320;177.4351;-0.1221;-0.3405;177.2695;149.9;270.0;270.0;252.3
437.0;2.7683;2.7537;0.7692;0.0000;329;306;-0.0342;178.8015;-0.1298;-0.3185;178.0691;149.1;270.0;270.0;251.8
437.5;2.7697;2.7569;0.4657;0.0000;322;314;-0.1026;180.1298;-0.1298;-0.2965;179.6683;148.3;270.0;270.0;252.3
438.0;2.7706;2.7601;0.9396;0.0000;333;298;-0.0342;181.4962;-0.1374;-0.2746;181.2675;147.5;270.0;270.0;251.8
438.5;2.7720;2.7633;0.7376;0.0000;326;302;-0.1124;182.8168;-0.1450;-0.2526;182.0671;146.2;270.0;270.0;251.3
439.0;2.7729;2.7660;0.9959;0.0000;331;292;-0.1222;184.2290;-0.1527;-0.2306;183.6664;145.2;270.0;270.0;250.2
439.5;2.7743;2.7683;0.3036;0.0000;314;312;-0.0929;185.5496;-0.1603;-0.2086;185.2656;143.0;270.0;270.0;248.1
440.0;2.7761;2.7711;0.4478;0.0000;316;306;-0.1026;186.9618;-0.1603;-0.2086;186.8648;142.8;270.0;270.0;248.9
440.5;2.7788;2.7734;-0.2734;0.0000;292;322;-0.0733;188.3664;-0.1679;-0.2086;187.6644;141.7;270.0;270.0;247.8
441.0;2.7821;2.7756;0.1181;0.0000;300;308;-0.0049;189.8931;-0.1679;-0.2086;189.2636;142.0;270.0;270.0;244.9
441.5;2.7862;2.7775;-0.0920;0.0000;292;312;-0.0049;191.3435;-0.1756;-0.2086;190.8629;139.6;270.0;270.0;242.0
442.0;2.7912;2.7793;0.2486;0.0000;298;298;-0.0147;192.7863;-0.1832;-0.2086;192.4621;139.1;270.0;270.0;239.6
442.5;2.7944;2.7811;0.0632;0.0000;288;298;-0.0831;194.1908;-0.1832;-0.2086;194.0613;135.4;270.0;270.0;238.9
443.0;2.7981;2.7830;-0.1236;0.0000;281;298;-0.0049;195.6412;-0.1908;-0.2086;194.8609;134.9;270.0;270.0;238.1
443.5;2.8017;2.7843;0.3860;0.0000;290;281;-0.1808;197.0840;-0.1985;-0.1867;196.4601;134.3;270.0;270.0;235.7
444.0;2.8049;2.7853;0.2335;0.0000;283;281;-0.0929;198.4962;-0.1985;-0.1867;198.0593;133.5;270.0;270.0;234.6
444.5;2.8072;2.7866;0.4025;0.0000;283;273;-0.0147;199.9389;-0.2061;-0.1867;199.6586;134.1;270.0;270.0;234.1
445.0;2.8091;2.7875;-0.2390;0.0000;261;284;0.0049;201.3053;-0.2061;-0.1867;201.2578;132.5;270.0;270.0;232.8
445.5;2.8109;2.7880;-0.0110;0.0000;265;277;0.0733;202.7939;-0.2137;-0.1867;202.0574;130.1;270.0;270.0;230.7
446.0;2.8123;2.7889;-0.4615;0.0000;247;284;0.0929;204.1985;-0.2214;-0.1867;203.6566;129.9;270.0;270.0;230.1
446.5;2.8141;2.7894;-0.0687;0.0000;255;271;0.0733;205.6107;-0.2214;-0.2086;205.2558;130.4;270.0;270.0;227.8
447.0;2.8155;2.7898;0.0357;0.0000;253;265;-0.0049;207.0534;-0.2290;-0.2086;206.8550;130.4;270.0;270.0;226.5
447.5;2.8159;2.7898;-0.2500;0.0000;241;269;0.0831;208.4580;-0.2290;-0.2086;208.4543;130.6;270.0;270.0;225.4
448.0;2.8168;2.7898;-0.3420;0.0000;236;267;0.1711;209.9847;-0.2366;-0.2086;209.2539;131.4;270.0;270.0;223.5
448.5;2.8173;2.7898;-0.4368;0.0000;228;265;0.0929;211.3969;-0.2443;-0.2306;210.8531;133.8;270.0;270.0;223.0
449.0;2.8173;2.7894;-0.0769;0.0000;234;251;0.0733;212.8015;-0.2443;-0.2306;212.4523;134.6;270.0;270.0;221.7
449.5;2.8173;2.7889;-0.2198;0.0000;228;253;0.0831;214.2061;-0.2519;-0.2306;214.0515;135.1;270.0;270.0;219.3
450.0;2.8164;2.7880;0.1717;0.0000;234;239;-0.0147;215.6565;-0.2595;-0.2306;215.6508;135.9;270.0;270.0;218.3
450.5;2.8141;2.7875;-0.1058;0.0000;226;245;-0.0831;216.9847;-0.2672;-0.2306;216.4504;135.9;270.0;270.0;218.5
451.0;2.8109;2.7866;0.1085;0.0000;230;239;-0.0049;218.3512;-0.2672;-0.2306;218.0496;135.4;270.0;270.0;217.2
451.5;2.8086;2.7853;-0.1511;0.0000;222;245;0.0831;219.7557;-0.2748;-0.2306;219.6488;134.1;270.0;270.0;215.4
452.0;2.8054;2.7843;0.0536;0.0000;224;239;0.0733;221.1603;-0.2824;-0.2306;220.4484;134.3;270.0;270.0;214.8
452.5;2.8027;2.7830;0.0467;0.0000;224;238;-0.0049;222.6107;-0.2824;-0.2306;222.0476;133.5;270.0;270.0;213.3
453.0;2.7990;2.7811;-0.1085;0.0000;218;241;0.0831;223.9313;-0.2901;-0.2306;223.6469;135.4;270.0;270.0;211.1
453.5;2.7949;2.7793;-0.0934;0.0000;218;239;0.0831;225.2595;-0.2977;-0.2306;225.2461;139.1;270.0;270.0;209.8
454.0;2.7908;2.7775;-0.2198;0.0000;212;241;0.0831;226.6641;-0.3053;-0.2526;226.0457;141.2;270.0;270.0;208.5
454.5;2.7866;2.7756;0.2500;0.0000;226;228;-0.0147;228.0305;-0.3053;-0.2306;227.6449;147.0;270.0;268.4;207.4
455.0;2.7821;2.7734;-0.0247;0.0000;216;236;0.0733;229.3588;-0.3130;-0.2306;229.2441;155.5;270.0;267.6;206.4
455.5;2.7770;2.7711;0.2610;0.0000;224;226;-0.0929;230.6870;-0.3206;-0.2306;230.0437;165.0;270.0;265.5;205.1
456.0;2.7720;2.7683;0.1099;0.0000;218;230;-0.0049;232.0534;-0.3206;-0.2306;231.6429;174.5;270.0;264.7;203.5
456.5;2.7669;2.7660;0.2665;0.0000;224;224;-0.0929;233.3817;-0.3282;-0.2306;233.2422;189.0;270.0;262.9;203.2
457.0;2.7628;2.7633;0.5824;0.0000;230;214;-0.0244;234.8244;-0.3359;-0.2086;234.0418;203.8;270.0;260.5;202.4
457.5;2.7578;2.7601;0.7706;0.0000;234;206;-0.0342;236.1908;-0.3359;-0.1867;235.6410;217.2;270.0;258.4;200.6
458.0;2.7532;2.7569;0.8613;0.0000;236;204;-0.0342;237.5573;-0.3435;-0.1647;237.2402;229.4;270.0;257.1;199.3
458.5;2.7473;2.7537;0.5577;0.0000;226;210;-0.0244;238.8473;-0.3435;-0.1427;238.8394;242.3;270.0;254.4;198.2
459.0;2.7408;2.7505;0.7129;0.0000;230;206;0.0538;240.1679;-0.3435;-0.1207;239.6391;256.0;270.0;252.8;197.2
459.5;2.7349;2.7468;0.4712;0.0000;222;210;0.0538;241.5802;-0.3511;-0.0988;241.2383;270.0;270.0;251.8;196.1
460.0;2.7289;2.7427;0.8297;0.0000;230;200;-0.0342;242.8626;-0.3511;-0.0768;242.8375;270.0;270.0;251.8;196.1
460.5;2.7225;2.7390;0.8544;0.0000;230;198;-0.0342;244.2290;-0.3511;-0.0548;243.6371;270.0;270.0;252.8;194.8
461.0;2.7161;2.7349;1.1429;0.0000;236;189;-0.0440;245.5191;-0.3511;-0.0328;245.2363;270.0;270.0;249.9;192.9
461.5;2.7097;2.7308;0.8791;0.3997;87;337;-0.0342;246.8855;-0.3511;-0.0109;246.8355;270.0;270.0;249.4;192.1
462.0;2.7028;2.7262;0.8462;0.3997;214;206;0.0440;248.2061;-0.3511;0.0331;247.6351;270.0;270.0;249.1;190.3
462.5;2.6960;2.7216;1.0756;0.4396;204;214;0.0342;249.5343;-0.3511;0.0551;249.2344;270.0;270.0;247.6;189.2
463.0;2.6886;2.7170;0.9203;0.4588;206;210;0.0440;250.2672;-0.3511;0.0770;250.8336;270.0;270.0;246.8;189.8
463.5;2.6818;2.7125;1.1635;0.4588;220;196;-0.1222;250.2672;-0.3511;0.1210;251.6332;270.0;270.0;246.0;187.7
464.0;2.6758;2.7074;0.7926;0.5192;187;226;-0.0342;250.2672;-0.3435;0.1430;253.2324;269.2;270.0;242.8;185.8
464.5;2.6699;2.7019;0.8585;0.5591;193;218;-0.0342;250.2672;-0.3435;0.1649;254.8316;266.0;270.0;241.2;184.2
465.0;2.6635;2.6969;0.6154;0.5797;191;216;0.0538;250.2672;-0.3359;0.1869;255.6312;269.7;270.0;240.4;182.1
465.5;2.6566;2.6914;0.8695;0.5797;200;200;0.1222;250.2672;-0.3359;0.2089;257.2305;270.0;270.0;240.4;180.5
466.0;2.6497;2.6859;0.9973;0.6195;189;210;-0.0440;250.2672;-0.3282;0.2308;258.0301;270.0;270.0;238.3;179.7
466.5;2.6433;2.6799;0.8997;0.6593;183;212;0.0440;250.2672;-0.3206;0.2528;259.6293;270.0;270.0;236.5;178.2
467.0;2.6378;2.6740;1.0879;0.6593;198;193;-0.0440;250.2672;-0.3130;0.2968;261.2285;266.0;270.0;236.5;176.8
467.5;2.6319;2.6680;0.9986;0.6799;187;198;-0.0440;250.2672;-0.3053;0.3187;262.8277;262.3;270.0;236.0;175.2
468.0;2.6273;2.6616;1.4876;0.6799;202;177;-0.0538;250.2672;-0.2977;0.3627;263.6273;261.8;270.0;235.2;174.5
468.5;2.6241;2.6552;1.3654;0.6799;196;177;-0.0538;250.2672;-0.2901;0.4066;265.2266;265.2;270.0;233.0;174.2
469.0;2.6218;2.6488;1.6978;0.7390;181;185;-0.0635;250.2672;-0.2748;0.4506;266.8258;268.7;270.0;232.3;172.6
469.5;2.6209;2.6419;1.5618;0.7596;183;169;-0.0635;250.2672;-0.2672;0.4945;268.4250;265.2;270.0;231.5;170.8
470.0;2.6190;2.6351;1.5124;0.7596;183;159;-0.0538;250.2672;-0.2519;0.5385;269.2246;262.3;270.0;231.7;170.5
470.5;2.6172;2.6282;1.2747;0.7390;179;152;-0.0538;250.2672;-0.2366;0.5824;270.8238;259.4;270.0;232.8;168.7
471.0;2.6158;2.6209;1.4038;0.7596;161;155;-0.1320;250.2672;-0.2214;0.6044;272.4230;259.2;270.0;231.5;167.1
471.5;2.6131;2.6136;1.5975;0.7995;153;153;-0.0635;250.2672;-0.2061;0.6484;274.0223;264.7;270.0;229.6;166.0
472.0;2.6090;2.6062;1.2816;0.7995;153;142;-0.1320;250.2672;-0.1908;0.6923;274.8219;265.2;270.0;229.4;165.5
472.5;2.6044;2.5984;1.3723;0.7788;157;128;-0.0538;250.2672;-0.1756;0.7363;276.4211;261.8;270.0;230.1;163.9
473.0;2.5984;2.5907;1.0577;0.7995;132;146;-0.0440;250.2672;-0.1603;0.7582;278.0203;258.1;270.0;228.8;162.6
473.5;2.5929;2.5824;1.1442;0.8393;120;146;-0.0440;250.2672;-0.1374;0.8022;278.8199;253.9;270.0;227.0;161.8
474.0;2.5870;2.5746;1.1772;0.8791;116;142;-0.0440;250.2672;-0.1221;0.8241;280.4192;252.8;270.0;225.7;160.5
474.5;2.5806;2.5664;1.2775;0.8791;128;122;-0.0538;250.2672;-0.0992;0.8681;282.0184;256.3;270.0;225.7;159.4
475.0;2.5755;2.5577;1.1113;0.8791;118;122;0.1124;250.2672;-0.0763;0.8901;282.8180;255.0;270.0;224.9;157.8
475.5;2.5696;2.5490;0.9190;0.8997;103;130;0.0440;250.2672;-0.0534;0.9340;284.4172;252.8;270.0;224.6;155.7
476.0;2.5632;2.5403;0.9299;0.8791;110;112;0.1222;250.2672;-0.0382;0.9560;286.0164;251.8;270.0;224.9;155.7
476.5;2.5554;2.5316;0.7967;0.8997;89;124;0.0440;250.2672;-0.0153;0.9780;286.8160;249.9;270.0;224.1;153.6
477.0;2.5476;2.5224;0.9780;0.9190;91;116;0.0440;250.2672;0.0076;0.9999;288.4153;247.6;270.0;223.8;151.8
477.5;2.5394;2.5133;1.0069;0.9190;93;107;0.0342;250.2672;0.0305;1.0439;289.2148;249.1;270.0;223.5;151.8
478.0;2.5316;2.5037;1.0508;0.8997;97;95;0.0440;250.2672;0.0534;1.0659;290.8141;251.8;270.0;224.6;150.4
478.5;2.5229;2.4945;1.0426;0.9190;79;105;0.0342;250.2672;0.0763;1.0878;292.4133;249.7;270.0;222.8;149.4
479.0;2.5128;2.4844;1.1223;0.9190;83;93;0.1124;250.2672;0.0992;1.1318;293.2129;244.9;270.0;223.5;147.3
479.5;2.5023;2.4748;1.1648;0.9190;83;89;0.1124;250.2672;0.1298;1.1538;294.8121;243.1;270.0;223.3;145.7
480.0;2.4908;2.4647;1.2184;0.9190;81;83;0.1124;250.2672;0.1527;1.1977;295.6117;238.3;270.0;223.8;144.1
480.5;2.4794;2.4547;1.2266;0.9190;79;81;0.0342;250.2672;0.1756;1.2197;297.2109;238.3;270.0;223.8;143.0
481.0;2.4675;2.4441;1.0632;0.9396;65;91;-0.0440;250.2672;0.2061;1.2636;298.0106;239.6;270.0;222.5;142.5
481.5;2.4556;2.4336;1.1621;0.9190;79;71;-0.1222;250.2672;0.2290;1.2856;299.6098;239.4;270.0;222.8;140.7
482.0;2.4428;2.4231;1.0962;0.9190;69;77;-0.0440;250.2672;0.2595;1.3295;300.4094;233.8;270.0;223.8;139.4
482.5;2.4304;2.4125;1.0728;0.8791;79;62;0.0342;250.2672;0.2824;1.3515;302.0086;230.7;270.0;225.9;138.0
483.0;2.4180;2.4016;1.0975;0.8997;60;77;-0.0440;250.2672;0.3130;1.3955;302.8082;230.4;270.0;224.6;137.8
483.5;2.4048;2.3906;1.0467;0.8791;69;64;0.0342;250.2672;0.3435;1.4174;304.4074;228.6;270.0;225.7;136.5
484.0;2.3819;2.3791;1.0082;0.8791;56;75;-0.0440;250.2672;0.3740;1.4394;305.2071;228.3;270.0;225.9;135.1
484.5;2.3617;2.3677;1.0481;0.8393;71;64;0.0440;250.2672;0.4046;1.4834;306.8063;226.7;270.0;227.5;134.1
485.0;2.3429;2.3562;1.1662;0.7995;79;62;0.0342;250.2672;0.4351;1.5053;307.6059;225.7;270.0;228.8;133.0
485.5;2.3251;2.3443;1.1621;0.7995;67;73;0.0342;250.2672;0.4580;1.5493;308.4055;223.5;270.0;229.6;133.0
486.0;2.3082;2.3324;1.3640;0.7596;87;56;-0.0538;250.2672;0.4886;1.5713;310.0047;223.3;270.0;231.2;131.4
486.5;2.2917;2.3205;1.3915;0.7198;89;54;-0.0538;250.2672;0.5191;1.6152;310.8043;224.6;270.0;233.0;129.6
487.0;2.2756;2.3082;1.4080;0.6799;91;50;-0.0538;250.2672;0.5496;1.6592;311.6039;224.9;270.0;236.0;128.5
487.5;2.2601;2.2962;1.4286;0.6593;87;54;-0.0538;250.2672;0.5878;1.7031;313.2032;224.1;270.0;236.7;128.3
488.0;2.2450;2.2834;1.5261;0.6195;97;42;-0.1417;250.2672;0.6183;1.7471;314.0027;225.1;270.0;238.3;127.7
488.5;2.2308;2.2711;1.4451;0.5989;89;50;-0.0538;250.2672;0.6489;1.7910;314.8024;221.4;270.0;238.9;126.4
489.0;2.2161;2.2587;1.2308;0.5797;85;56;-0.0440;250.2672;0.6870;1.8130;316.4016;220.4;270.0;240.7;126.2
489.5;2.2019;2.2459;1.2184;0.5192;99;40;-0.0440;250.2672;0.7176;1.8569;317.2012;219.6;270.0;242.8;124.8
490.0;2.1882;2.2335;0.9753;0.4794;89;54;-0.0440;250.2672;0.7557;1.8789;318.0008;220.1;270.0;245.2;123.8
490.5;2.1763;2.2212;1.0357;0.4794;77;64;-0.0440;250.2672;0.7939;1.9228;319.6000;218.8;270.0;245.5;122.7
491.0;2.1648;2.2083;0.8626;0.5000;65;73;-0.0342;250.2672;0.8321;1.9448;320.3996;219.1;269.5;246.2;121.9
491.5;2.1529;2.1960;0.9093;0.4190;101;36;-0.0342;250.2672;0.8702;1.9668;321.9988;216.2;269.7;248.4;121.1
492.0;2.1410;2.1836;0.7788;0.0000;214;-75;-0.1124;250.2672;0.9084;1.9888;322.7985;214.8;269.2;250.7;120.1
492.5;2.1282;2.1717;0.7170;0.0000;87;58;-0.0342;250.2672;0.9389;2.0107;323.5981;213.3;268.4;251.8;119.6
493.0;2.1158;2.1593;0.7926;0.0000;89;56;-0.1124;250.2672;0.9771;2.0327;325.1973;215.4;267.1;253.1;119.6
493.5;2.1030;2.1474;0.6868;0.0000;89;60;-0.1124;250.2672;1.0153;2.0547;325.9969;216.4;267.1;254.4;118.2
494.0;2.0907;2.1360;0.6717;0.0000;89;62;0.0538;250.2672;1.0534;2.0767;326.7965;214.3;266.8;257.1;117.4
494.5;2.0783;2.1241;0.2720;0.0000;79;73;-0.0147;250.2672;1.0916;2.0767;327.5961;215.1;266.8;259.2;116.7
495.0;2.0655;2.1131;0.1635;0.0000;79;77;-0.0147;250.2672;1.1221;2.0767;329.1953;212.7;266.0;260.5;115.9
495.5;2.0517;2.1016;-0.0302;0.0000;77;83;-0.0831;250.2672;1.1603;2.0767;329.9950;212.7;266.0;261.8;114.8
496.0;2.0389;2.0907;-0.0151;0.0000;79;87;-0.0049;250.2672;1.1985;2.0767;330.7946;213.8;265.8;261.8;114.3
496.5;2.0256;2.0797;-0.0701;0.0000;81;91;-0.0049;250.2672;1.2290;2.0767;331.5942;213.0;265.2;262.3;113.2
497.0;2.0128;2.0687;-0.0137;0.0000;85;93;0.1515;250.2672;1.2672;2.0767;332.3938;210.6;265.0;265.0;112.2
497.5;2.0005;2.0582;-0.1497;0.0000;83;97;0.0049;250.2672;1.3053;2.0767;333.9930;209.8;264.7;264.7;111.4
498.0;1.9881;2.0476;-0.2129;0.0000;85;101;0.0049;250.2672;1.3435;2.0767;334.7926;207.2;263.1;265.5;109.5
498.5;1.9766;2.0375;-0.0879;0.0000;91;101;0.0831;250.2672;1.3740;2.0767;335.5922;206.9;263.1;267.6;109.0
499.0;1.9652;2.0275;-0.1044;0.0000;93;103;0.0831;250.2672;1.4122;2.0547;337.1914;205.1;261.8;270.0;108.2
499.5;1.9533;2.0174;0.0577;0.0000;101;101;-0.0049;250.2672;1.4504;2.0547;337.9911;204.8;260.8;270.0;107.4
500.0;1.9428;2.0073;0.2129;0.0000;105;99;0.0635;250.2672;1.4886;2.0767;338.7906;204.0;260.0;270.0;107.2
500.5;1.9327;1.9977;0.4437;0.0000;112;95;-0.0244;250.2672;1.5191;2.0767;339.5903;203.5;259.2;270.0;106.1
501.0;1.9240;1.9881;0.5055;0.0000;116;97;-0.0244;250.2672;1.5573;2.0986;340.3899;201.4;258.7;270.0;105.6
501.5;1.9167;1.9789;0.6923;0.0000;122;93;-0.0342;250.2672;1.5954;2.1206;341.9891;203.5;258.4;270.0;104.5
502.0;1.9107;1.9698;0.6016;0.0000;120;95;-0.0244;250.2672;1.6336;2.1426;342.7887;201.6;258.4;270.0;103.7
502.5;1.9052;1.9606;0.5948;0.0000;120;95;-0.0244;250.2672;1.6718;2.1426;343.5883;202.7;258.7;270.0;103.2
503.0;1.9002;1.9515;0.4190;0.0000;114;99;-0.0147;250.2672;1.7176;2.1646;345.1875;205.1;258.9;270.0;102.4
503.5;1.8951;1.9428;0.1731;0.0000;109;105;-0.0147;250.2672;1.7557;2.1646;345.9872;203.2;258.4;270.0;101.6
504.0;1.8915;1.9345;0.2157;0.0000;109;103;-0.0147;250.2672;1.7939;2.1646;346.7867;200.8;258.7;270.0;100.8
504.5;1.8874;1.9258;0.1909;0.0000;107;101;-0.0147;250.2672;1.8321;2.1865;348.3860;199.8;257.6;270.0;100.3
505.0;1.8828;1.9176;0.2074;0.0000;107;99;-0.0147;250.2672;1.8702;2.1865;349.1856;199.8;257.9;270.0;99.8
505.5;1.8773;1.9093;0.2006;0.0000;105;99;0.0733;250.2672;1.9084;2.1865;349.9852;199.5;256.8;270.0;99.5
506.0;1.8718;1.9016;0.3874;0.0000;110;93;-0.0147;250.2672;1.9466;2.2085;350.7848;200.1;256.3;270.0;99.2
506.5;1.8658;1.8938;0.2898;0.0000;109;97;-0.0147;250.2672;1.9847;2.2085;352.3840;199.0;256.3;270.0;99.2
507.0;1.8603;1.8860;0.4258;0.0000;110;93;-0.1026;250.2672;2.0229;2.2305;353.1836;198.2;255.5;270.0;99.2
507.5;1.8549;1.8787;0.3091;0.0000;109;97;-0.0147;250.2672;2.0611;2.2305;353.9832;196.6;255.2;270.0;99.5
508.0;1.8503;1.8713;0.0948;0.0000;103;103;0.0733;250.2672;2.0992;2.2305;354.7829;196.6;255.0;270.0;99.8
508.5;1.8462;1.8640;-0.0316;0.0000;99;105;-0.0049;250.2672;2.1374;2.2305;355.5825;196.1;253.9;270.0;100.6
509.0;1.8416;1.8571;-0.0755;0.0000;99;105;-0.0049;250.2672;2.1756;2.2305;357.1817;196.6;252.8;270.0;101.3
509.5;1.8379;1.8503;0.0151;0.0000;101;105;0.0733;250.2672;2.2137;2.2305;357.9813;196.6;252.3;270.0;102.9
510.0;1.8338;1.8434;0.0027;0.0000;99;105;-0.0049;250.2672;2.2519;2.2305;358.7809;196.1;252.6;270.0;103.5
510.5;1.8297;1.8370;0.2239;0.0000;105;99;-0.0147;250.2672;2.2901;2.2305;359.5805;194.8;251.8;270.0;104.5
511.0;1.8260;1.8306;0.1332;0.0000;103;101;-0.0049;250.2672;2.3282;2.2525;361.1797;194.3;252.3;270.0;105.6
511.5;1.8233;1.8242;0.2555;0.0000;105;97;0.0635;250.2672;2.3664;2.2525;361.9793;194.5;251.5;270.0;105.0
512.0;1.8196;1.8182;0.2761;0.0000;105;97;0.0635;250.2672;2.4046;2.2525;362.7790;194.8;251.0;270.0;103.2
512.5;1.8164;1.8123;0.2637;0.0000;105;97;-0.0147;250.2672;2.4427;2.2744;363.5786;193.7;250.2;270.0;100.0
513.0;1.8123;1.8063;0.2734;0.0000;105;97;-0.0147;250.2672;2.4809;2.2744;364.3782;192.1;249.9;270.0;98.2
513.5;1.8086;1.8008;0.0797;0.0000;101;101;-0.0049;250.2672;2.5191;2.2744;365.1778;191.3;249.4;270.0;97.9
514.0;1.8049;1.7953;0.0275;0.0000;99;103;0.0733;250.2672;2.5573;2.2744;366.7770;190.3;249.4;270.0;100.0
514.5;1.7999;1.7898;-0.0755;0.0000;97;107;-0.0049;250.2672;2.5878;2.2744;367.5766;189.2;248.4;270.0;102.9
515.0;1.7949;1.7848;0.1332;0.0000;105;103;0.0733;250.2672;2.6260;2.2744;368.3762;189.2;247.3;270.0;106.1
515.5;1.7894;1.7798;0.0714;0.0000;103;105;-0.0049;250.2672;2.6641;2.2744;369.1758;188.7;246.8;270.0;108.7
516.0;1.7853;1.7747;0.3049;0.0000;110;101;-0.0147;250.2672;2.7023;2.2964;369.9754;186.9;245.7;270.0;111.6
516.5;1.7807;1.7701;0.2582;0.0000;107;99;0.0635;250.2672;2.7328;2.2964;370.7751;185.5;246.2;270.0;113.0
517.0;1.7766;1.7651;0.2953;0.0000;107;99;0.0635;250.2672;2.7710;2.2964;371.5746;185.5;244.9;270.0;114.8
517.5;1.7711;1.7605;0.4066;0.0000;112;97;-0.0147;250.2672;2.8015;2.3184;372.3743;187.1;244.9;270.0;117.2
518.0;1.7656;1.7560;0.4135;0.0000;114;99;-0.0244;250.2672;2.8397;2.3404;373.1739;186.1;243.6;270.0;120.6
518.5;1.7610;1.7514;0.3146;0.0000;112;103;-0.0147;250.2672;2.8779;2.3404;374.7731;185.0;243.3;270.0;125.1
519.0;1.7564;1.7473;0.0577;0.0000;109;112;0.1515;250.2672;2.9160;2.3404;375.5727;182.6;242.6;270.0;130.9
519.5;1.7523;1.7431;0.0288;0.0000;109;114;-0.0049;250.2672;2.9466;2.3404;376.3723;182.1;241.5;270.0;137.2
520.0;1.7486;1.7395;-0.2473;0.0000;105;122;0.0049;250.2672;2.9847;2.3404;377.1719;181.6;241.8;270.0;146.0
520.5;1.7450;1.7353;-0.1016;0.0000;110;120;-0.0831;250.2672;3.0229;2.3404;377.9715;180.5;241.5;270.0;165.2
521.0;1.7395;1.7321;-0.1140;0.0000;110;122;0.0831;250.2672;3.0534;2.3184;378.7711;180.3;241.0;270.0;178.7
521.5;1.7335;1.7285;0.0192;0.0000;116;122;-0.0049;250.2672;3.0916;2.3184;379.5708;180.5;240.4;270.0;193.2
522.0;1.7276;1.7253;0.0398;0.0000;122;124;-0.0049;250.2672;3.1221;2.3404;380.3704;178.4;239.4;270.0;209.6
522.5;1.7225;1.7221;0.1360;0.0000;126;124;-0.0049;250.2672;3.1603;2.3404;381.1700;178.2;238.9;270.0;224.6
523.0;1.7179;1.7193;0.2885;0.0000;134;122;-0.0929;250.2672;3.1908;2.3404;381.9696;177.6;237.8;270.0;238.9
523.5;1.7143;1.7161;0.3393;0.0000;140;124;0.0635;250.2672;3.2290;2.3623;382.7692;176.3;236.7;270.0;248.9
524.0;1.7102;1.7138;0.4423;0.0000;144;124;0.0635;250.2672;3.2595;2.3623;383.5688;176.3;236.5;270.0;257.6
524.5;1.7065;1.7111;0.2857;0.0000;142;132;-0.0929;250.2672;3.2977;2.3623;384.3684;176.6;235.2;270.0;258.9
525.0;1.7028;1.7088;0.3132;0.0000;146;134;0.0635;250.2672;3.3359;2.3843;385.9677;173.9;234.6;270.0;258.1
525.5;1.6987;1.7065;0.2033;0.0000;146;140;-0.0147;250.2672;3.3740;2.3843;386.7672;173.1;234.1;270.0;254.7
526.0;1.6946;1.7047;0.1676;0.0000;148;144;-0.0147;250.2672;3.4046;2.3843;387.5669;171.6;233.6;270.0;251.8
526.5;1.6909;1.7028;0.2102;0.0000;152;146;-0.0147;250.2672;3.4427;2.4063;388.3665;172.3;234.1;270.0;248.4
527.0;1.6873;1.7010;0.1786;0.0000;153;150;0.0733;250.2672;3.4733;2.4063;389.1661;171.3;233.3;270.0;246.0
527.5;1.6850;1.6996;0.1387;0.0000;159;157;-0.0049;250.2672;3.5115;2.4063;389.9657;170.0;232.5;270.0;244.9
528.0;1.6832;1.6996;0.1250;0.0000;177;175;-0.0049;250.2672;3.5496;2.4063;390.7653;169.4;232.8;270.0;243.9
528.5;1.6813;1.6996;0.2582;0.0000;181;173;0.0635;250.2672;3.5802;2.4282;391.5649;169.7;231.5;270.0;244.4
529.0;1.6804;1.6996;0.2431;0.0000;183;175;-0.0929;250.2672;3.6183;2.4282;392.3645;169.4;231.5;270.0;244.9
529.5;1.6799;1.6996;0.3613;0.0000;187;171;-0.0147;250.2672;3.6565;2.4282;393.1641;170.0;230.4;270.0;246.2
530.0;1.6799;1.6996;0.3324;0.0000;187;171;-0.0147;250.2672;3.6947;2.4502;393.9637;169.7;230.4;270.0;248.4
530.5;1.6804;1.6996;0.4121;0.0000;189;171;-0.1026;250.2672;3.7328;2.4502;394.7633;168.4;229.6;270.0;248.9
531.0;1.6809;1.6996;0.4176;0.0000;189;171;-0.0244;250.2672;3.7710;2.4722;395.5630;167.1;229.1;270.0;248.4
531.5;1.6809;1.6996;0.5591;0.0000;191;167;-0.0244;250.2672;3.8092;2.4942;396.3625;165.5;228.3;270.0;248.9
532.0;1.6799;1.6996;0.4286;0.0000;189;171;0.0635;250.2672;3.8473;2.4942;397.9618;164.7;228.0;270.0;249.4
532.5;1.6795;1.6996;0.3077;0.0000;187;175;-0.0929;250.2672;3.8855;2.5161;398.7614;163.6;227.2;270.0;249.4
533.0;1.6786;1.6996;0.2747;0.0000;187;175;-0.0929;250.2672;3.9160;2.5161;399.5610;164.7;226.2;270.0;250.5
533.5;1.6786;1.6996;0.1662;0.0000;185;181;-0.0147;250.2672;3.9542;2.5161;400.3606;164.7;225.7;270.0;251.3
534.0;1.6777;1.6996;0.2871;0.0000;187;175;-0.0929;250.2672;3.9924;2.5381;401.1602;164.4;225.1;270.0;251.3
534.5;1.6767;1.6996;0.1538;0.0000;185;181;-0.0147;250.2672;4.0305;2.5381;401.9598;164.4;224.3;270.0;254.2
535.0;1.6758;1.6996;0.1978;0.0000;189;179;-0.0929;250.2672;4.0687;2.5381;402.7594;165.0;223.3;270.0;252.1
535.5;1.6754;1.6996;0.1401;0.0000;187;181;0.0733;250.2672;4.1069;2.5381;403.5591;163.1;224.1;270.0;251.3
536.0;1.6758;1.6996;0.1827;0.0000;189;181;-0.0147;250.2672;4.1450;2.5381;404.3587;163.4;222.8;270.0;251.8
536.5;1.6763;1.6996;0.1841;0.0000;187;181;0.0733;250.2672;4.1832;2.5601;405.1583;162.8;223.0;270.0;251.3
537.0;1.6767;1.6996;0.2363;0.0000;189;179;-0.0929;250.2672;4.2214;2.5601;405.9579;163.9;222.8;270.0;251.0
537.5;1.6772;1.6996;0.2802;0.0000;191;177;-0.0831;0.8397;0.0000;-0.0109;0.5557;162.1;222.0;270.0;250.2
538.0;1.6777;1.6996;0.1841;0.0000;189;179;-0.0929;1.6870;0.0000;-0.0109;1.3553;162.3;220.4;270.0;249.9
538.5;1.6781;1.6996;0.3159;0.0000;193;175;-0.0147;2.5649;0.0000;0.0111;2.1549;160.2;219.3;270.0;249.1
539.0;1.6795;1.6996;0.2445;0.0000;191;177;0.0635;3.4122;0.0000;0.0111;2.9546;160.7;218.0;270.0;251.0
539.5;1.6799;1.6996;0.2747;0.0000;189;175;-0.0147;4.2977;0.0000;0.0111;3.7542;160.2;217.5;270.0;250.5
540.0;1.6799;1.6996;0.2624;0.0000;187;175;0.0635;5.1374;0.0000;0.0331;4.5538;160.5;216.4;270.0;252.3
540.5;1.6799;1.6996;0.3640;0.0000;191;171;-0.0147;6.0229;0.0000;0.0331;5.3534;160.7;215.1;270.0;251.0
541.0;1.6804;1.6996;0.1717;0.0000;185;177;-0.0147;6.9084;0.0000;0.0331;6.1530;159.9;214.8;270.0;252.1
541.5;1.6813;1.6996;0.2088;0.0000;185;175;-0.0929;7.7557;0.0000;0.0551;7.7522;159.1;215.1;270.0;251.3
542.0;1.6818;1.6996;0.2390;0.0000;189;175;-0.0929;8.5954;0.0000;0.0551;8.5518;158.6;214.6;270.0;252.3
542.5;1.6813;1.6996;0.2390;0.0000;187;175;0.0635;9.4427;0.0000;0.0551;9.3514;159.4;215.1;270.0;251.0
543.0;1.6813;1.6996;0.2033;0.0000;187;175;-0.0147;10.3282;0.0000;0.0770;10.1510;157.8;214.0;270.0;249.4
543.5;1.6827;1.6996;0.1497;0.0000;185;177;-0.0147;11.2061;0.0076;0.0770;10.9506;158.1;213.8;270.0;250.2
544.0;1.6836;1.6996;0.1841;0.0000;187;175;-0.0147;12.0916;0.0076;0.0770;11.7503;157.3;213.5;270.0;253.6
544.5;1.6850;1.6996;0.0934;0.0000;183;177;-0.0049;12.9771;0.0076;0.0770;12.5499;158.4;213.3;270.0;251.8
545.0;1.6864;1.6996;0.1758;0.0000;185;175;-0.0147;13.8626;0.0076;0.0770;13.3495;157.8;213.0;270.0;251.3
545.5;1.6877;1.6996;0.0151;0.0000;179;179;0.0733;14.7023;0.0076;0.0770;14.1491;157.8;213.0;270.0;251.3
546.0;1.6886;1.6996;0.0055;0.0000;179;179;0.0733;15.5496;0.0076;0.0770;14.9487;156.5;211.7;270.0;249.9
546.5;1.6882;1.6996;-0.1085;0.0000;175;181;-0.0049;16.4351;0.0153;0.0770;15.7483;155.5;210.6;270.0;248.9
547.0;1.6877;1.6996;-0.2019;0.0000;171;183;-0.0831;17.2748;0.0153;0.0770;16.5479;154.7;209.8;270.0;249.9
547.5;1.6882;1.6996;-0.1662;0.0000;175;183;-0.0831;18.2061;0.0153;0.0770;18.1471;155.2;209.0;270.0;246.8
548.0;1.6896;1.6996;-0.1030;0.0000;175;181;-0.0049;19.0840;0.0153;0.0770;18.9467;154.7;208.5;270.0;245.7
548.5;1.6914;1.6996;-0.1964;0.0000;171;181;0.0049;20.0534;0.0153;0.0551;19.7464;153.1;206.9;270.0;243.9
549.0;1.6928;1.6996;-0.2665;0.0000;171;183;-0.0733;20.8931;0.0153;0.0551;20.5460;151.2;206.4;270.0;243.3
549.5;1.6928;1.6996;-0.1456;0.0000;173;179;0.0049;21.7786;0.0229;0.0551;21.3456;151.5;205.6;270.0;241.2
550.0;1.6928;1.6996;-0.1951;0.0000;171;179;0.0831;22.6260;0.0229;0.0551;22.1452;150.4;204.5;270.0;241.8
550.5;1.6928;1.6996;-0.1044;0.0000;173;175;-0.0831;23.4657;0.0229;0.0331;22.9448;148.6;204.0;270.0;239.9
551.0;1.6932;1.6996;-0.1635;0.0000;171;177;0.0049;24.3511;0.0229;0.0331;23.7444;148.6;202.7;270.0;239.1
551.5;1.6937;1.6996;-0.2143;0.0000;169;177;0.0049;25.2366;0.0229;0.0331;24.5440;146.5;202.4;270.0;237.5
552.0;1.6951;1.6996;-0.2885;0.0000;167;179;-0.0733;26.1603;0.0229;0.0331;26.1432;147.0;200.6;270.0;236.2
552.5;1.6969;1.6996;-0.2376;0.0000;167;177;0.0049;27.0458;0.0229;0.0111;26.9428;145.4;199.8;270.0;235.7
553.0;1.6996;1.6996;-0.1827;0.0000;169;175;-0.0831;27.9695;0.0229;0.0111;27.7425;144.6;199.5;270.0;235.2
553.5;1.7015;1.6996;-0.2321;0.0000;165;173;-0.0733;28.8092;0.0229;0.0111;28.5421;144.1;198.5;270.0;234.1
554.0;1.7024;1.6996;-0.1374;0.0000;165;169;0.0831;29.6565;0.0229;0.0111;29.3417;144.1;198.5;270.0;233.3
554.5;1.7038;1.6996;-0.2637;0.0000;163;175;0.0831;30.5802;0.0229;-0.0109;30.1413;142.8;197.7;270.0;230.1
555.0;1.7047;1.6996;-0.1113;0.0000;167;169;-0.0049;31.4657;0.0229;-0.0109;30.9409;142.0;197.4;270.0;228.3
555.5;1.7065;1.6996;-0.0865;0.0000;167;167;-0.0831;32.3893;0.0229;-0.0109;31.7405;140.7;196.1;270.0;227.5
556.0;1.7074;1.6996;-0.0494;0.0000;167;165;-0.0049;33.2748;0.0229;-0.0109;32.5401;140.9;196.1;270.0;227.0
556.5;1.7088;1.6996;-0.0591;0.0000;165;165;-0.0049;34.1603;0.0229;-0.0109;34.1393;138.8;195.6;270.0;225.1
557.0;1.7092;1.6996;-0.0907;0.0000;163;165;0.0831;35.0000;0.0229;-0.0109;34.9389;139.4;196.1;270.0;224.1
557.5;1.7115;1.6996;-0.1401;0.0000;161;167;0.0831;35.9237;0.0229;-0.0328;35.7386;137.8;195.0;270.0;223.5
558.0;1.7129;1.6996;-0.1099;0.0000;161;165;-0.0049;36.8092;0.0229;-0.0328;36.5382;137.2;194.3;270.0;223.5
558.5;1.7138;1.6996;0.0481;0.0000;163;159;-0.0049;37.6947;0.0229;-0.0328;37.3378;136.7;192.1;270.0;223.0
559.0;1.7147;1.6996;-0.0797;0.0000;159;163;-0.0049;38.5802;0.0229;-0.0328;38.1374;137.0;190.6;270.0;221.4
559.5;1.7166;1.6996;-0.0206;0.0000;161;161;-0.0049;39.4656;0.0229;-0.0328;38.9370;135.7;189.5;270.0;220.6
560.0;1.7175;1.6996;-0.1154;0.0000;157;161;0.0831;40.3893;0.0229;-0.0328;39.7366;135.9;188.4;269.5;219.3
560.5;1.7184;1.6996;-0.1016;0.0000;157;161;-0.0049;41.2748;0.0229;-0.0328;40.5362;133.5;187.9;267.9;220.6
561.0;1.7193;1.6996;0.0014;0.0000;159;157;-0.0049;42.1527;0.0229;-0.0328;42.1354;133.5;187.7;267.6;218.3
561.5;1.7198;1.6996;0.1085;0.0000;161;155;0.0733;43.0000;0.0229;-0.0328;42.9350;132.0;187.1;266.0;218.0
562.0;1.7207;1.6996;0.0948;0.0000;157;153;-0.0049;43.8855;0.0229;-0.0328;43.7346;129.9;186.1;265.0;216.4
562.5;1.7207;1.6996;0.0288;0.0000;155;153;-0.0049;44.7710;0.0229;-0.0328;44.5343;129.3;185.0;265.0;215.4
563.0;1.7207;1.6996;0.0934;0.0000;155;153;0.0733;45.6107;0.0229;-0.0328;45.3339;128.0;183.7;266.0;215.1
563.5;1.7202;1.6996;-0.0618;0.0000;152;157;0.0733;46.4580;0.0229;-0.0328;46.1335;127.5;182.6;266.6;214.6
564.0;1.7193;1.6996;0.0591;0.0000;155;155;-0.0049;47.2595;0.0229;-0.0328;46.9331;126.7;181.3;265.5;215.1
564.5;1.7175;1.6996;0.0069;0.0000;155;157;-0.0049;48.0611;0.0229;-0.0328;47.7327;126.4;180.3;263.7;213.3
565.0;1.7170;1.6996;-0.0604;0.0000;153;159;-0.0049;48.9466;0.0229;-0.0328;48.5323;125.1;179.5;263.7;213.0
565.5;1.7161;1.6996;-0.1442;0.0000;152;161;0.0831;49.7939;0.0229;-0.0328;49.3319;124.6;178.9;262.3;211.9
566.0;1.7147;1.6996;-0.1497;0.0000;152;161;0.0049;50.5954;0.0229;-0.0328;50.1315;123.5;178.4;262.9;210.4
566.5;1.7134;1.6996;-0.1593;0.0000;153;163;-0.0831;51.4427;0.0229;-0.0328;50.9311;123.0;177.9;260.5;209.6
567.0;1.7125;1.6996;-0.1854;0.0000;153;163;-0.0831;52.2824;0.0229;-0.0328;51.7307;121.7;177.1;258.7;210.9
567.5;1.7115;1.6996;-0.1758;0.0000;155;165;0.0831;53.1298;0.0229;-0.0548;52.5304;123.0;178.2;258.4;209.6
568.0;1.7111;1.6996;-0.3077;0.0000;152;169;0.0831;53.9695;0.0153;-0.0548;53.3300;122.2;176.6;258.4;208.8
568.5;1.7102;1.6996;-0.1703;0.0000;155;165;0.0831;54.8168;0.0153;-0.0548;54.1296;121.4;175.5;256.5;208.2
569.0;1.7092;1.6996;-0.1484;0.0000;157;167;0.0831;55.6565;0.0153;-0.0768;54.9292;120.6;175.5;255.7;208.0
569.5;1.7083;1.6996;-0.0357;0.0000;159;163;-0.0049;56.4656;0.0153;-0.0768;55.7288;121.1;173.9;256.0;208.0
570.0;1.7074;1.6996;-0.0014;0.0000;161;163;-0.0049;57.3511;0.0153;-0.0768;57.3280;120.9;172.6;256.0;206.9
570.5;1.7070;1.6996;-0.0549;0.0000;161;165;0.0733;58.1908;0.0153;-0.0768;58.1276;120.6;171.6;254.4;207.7
571.0;1.7060;1.6996;-0.1538;0.0000;157;167;0.0831;59.0382;0.0153;-0.0768;58.9272;120.4;171.3;253.6;206.4
571.5;1.7051;1.6996;-0.1181;0.0000;159;169;-0.0049;59.9237;0.0153;-0.0768;59.7268;120.4;170.0;251.8;205.9
572.0;1.7038;1.6996;-0.0055;0.0000;163;165;-0.0049;60.7252;0.0153;-0.0768;60.5265;120.4;169.4;251.5;206.4
572.5;1.7024;1.6996;-0.0481;0.0000;163;167;-0.0831;61.5649;0.0076;-0.0768;-0.2439;121.1;167.9;251.0;205.3
573.0;1.7015;1.6996;0.0783;-0.0206;238;91;0.0733;62.4122;0.0076;-0.0768;0.5557;121.9;167.3;249.9;205.1
573.5;1.7015;1.6996;0.1140;-0.0604;247;83;-0.0049;63.2977;0.0076;-0.0768;1.3553;121.7;166.8;250.7;205.3
574.0;1.7015;1.6996;0.2143;-0.1209;257;73;0.0635;64.1374;0.0076;-0.0768;2.1549;121.9;165.5;249.1;203.8
574.5;1.7010;1.6996;0.3420;-0.2005;271;60;-0.0929;64.9847;0.0076;-0.0548;2.9546;122.5;164.2;249.4;203.0
575.0;1.7010;1.6996;0.4670;-0.3008;236;97;-0.1026;65.8244;0.0076;-0.0328;3.7542;123.3;163.1;249.4;202.4
575.5;1.7001;1.6996;0.3077;-0.4203;290;44;-0.0147;66.6336;0.0076;-0.0328;4.5538;124.0;161.8;248.6;201.9
576.0;1.6987;1.6996;0.0014;-0.5604;294;40;-0.0049;67.4351;0.0076;-0.0328;5.3534;124.3;161.0;247.6;201.1
576.5;1.6969;1.6996;-0.2788;-0.7212;300;38;0.0049;68.2366;0.0076;-0.0328;6.1530;124.3;160.5;247.8;200.8
577.0;1.6955;1.6996;-0.8132;-0.9011;251;91;-0.0538;69.0840;0.0076;-0.0548;6.9526;124.6;159.4;246.2;200.1
577.5;1.6941;1.6996;-1.1346;-1.1003;253;87;-0.0440;69.9237;0.0076;-0.0988;7.7522;125.4;158.6;244.9;200.1
578.0;1.6928;1.6996;-1.6030;-1.3201;257;89;-0.1124;70.8092;0.0000;-0.1427;8.5518;125.6;158.6;244.1;199.5
578.5;1.6923;1.6996;-1.9547;-1.5604;263;83;-0.0147;71.6565;0.0000;-0.2086;9.3514;124.6;158.1;243.6;198.7
579.0;1.6923;1.6996;-2.3819;-1.8201;265;81;0.0049;72.5802;0.0000;-0.2746;10.9506;123.3;157.6;243.3;199.0
579.5;1.6923;1.6996;-2.7376;-2.1003;271;75;-0.0733;73.3817;-0.0076;-0.3405;11.7503;121.7;157.0;243.3;198.5
580.0;1.6914;1.6996;-3.0646;-2.4011;279;69;-0.0635;74.1908;-0.0153;-0.4284;12.5499;120.9;156.5;241.5;198.2
580.5;1.6900;1.6996;-3.2294;-2.7212;290;58;0.0342;75.0305;-0.0229;-0.5382;13.3495;119.8;156.8;240.4;198.5
581.0;1.6886;1.6996;-3.4066;-3.0604;306;48;-0.1320;75.8779;-0.0305;-0.6261;14.1491;120.1;155.7;238.9;198.5
581.5;1.6877;1.6996;-3.6896;-3.4203;316;38;-0.0342;76.7557;-0.0382;-0.7360;14.9487;118.8;155.7;236.7;197.7
582.0;1.6868;1.6996;-3.7761;-3.8008;331;24;-0.0342;77.5649;-0.0458;-0.8459;15.7483;118.8;154.4;235.4;197.9
582.5;1.6864;1.6996;-3.9918;-4.2005;347;13;-0.1906;78.4504;-0.0611;-0.9557;16.5479;118.0;154.1;232.8;197.2
583.0;1.6841;1.6996;-4.2060;-4.6209;363;-1;-0.1808;79.2519;-0.0763;-1.0656;17.3475;116.7;153.3;232.3;197.2
583.5;1.6818;1.6996;-4.5522;-5.0604;374;-9;-0.0831;80.0916;-0.0916;-1.1975;18.1471;115.6;152.3;229.9;196.6
584.0;1.6804;1.6996;-5.0920;-5.5110;380;-11;-0.2297;80.9389;-0.1145;-1.3513;18.9467;112.4;151.5;228.0;196.9
584.5;1.6799;1.6996;-5.6552;-5.9602;374;-9;-0.0538;81.7786;-0.1298;-1.5051;19.7464;111.6;151.5;226.5;197.2
585.0;1.6790;1.6996;-6.1085;-6.4107;372;-9;-0.1124;82.5878;-0.1527;-1.6809;20.5460;109.8;151.2;225.1;196.6
585.5;1.6777;1.6996;-6.7363;-6.8613;370;-5;-0.0929;83.3893;-0.1832;-1.8787;21.3456;109.3;152.0;223.8;196.4
586.0;1.6772;1.6996;-7.4052;-7.3104;367;1;-0.0635;84.2748;-0.2137;-2.0984;22.1452;107.4;151.0;223.8;196.1
586.5;1.6767;1.6996;-7.9780;-7.7610;365;3;-0.0538;85.0763;-0.2443;-2.3181;22.9448;107.4;151.0;222.2;196.9
587.0;1.6758;1.6996;-8.6813;-8.2102;363;9;-0.1026;85.9160;-0.2748;-2.5599;23.7444;106.4;150.2;221.4;196.6
587.5;1.6745;1.6996;-9.1744;-8.6607;363;9;-0.1613;86.7252;-0.3130;-2.8235;24.5440;105.6;149.9;221.2;197.4
588.0;1.6731;1.6996;-9.5907;-9.1113;367;7;-0.0635;87.5649;-0.3588;-3.1092;25.3436;105.3;150.4;220.1;197.4
588.5;1.6726;1.6996;-9.8448;-9.5604;374;1;-0.0635;88.4046;-0.4046;-3.3949;26.1432;106.4;150.2;219.1;197.2
589.0;1.6722;1.6996;-10.3915;-10.0110;378;1;-0.2102;89.2519;-0.4580;-3.6805;26.9428;105.0;150.2;218.5;197.2
589.5;1.6712;1.6996;-10.8475;-10.4602;382;1;-0.1906;90.0916;-0.5114;-3.9882;27.7425;105.3;151.2;217.7;196.9
590.0;1.6712;1.6996;-11.2253;-10.9107;386;-3;-0.1711;90.9313;-0.5725;-4.3178;29.3417;105.0;151.2;217.7;197.7
590.5;1.6712;1.6996;-11.6854;-11.3613;386;-5;-0.1515;91.7786;-0.6412;-4.6474;30.1413;105.3;151.5;217.5;197.4
591.0;1.6722;1.6996;-12.0618;-11.8104;394;-9;-0.2297;92.6565;-0.7176;-4.9990;30.9409;104.3;152.3;217.7;197.4
591.5;1.6731;1.6996;-12.7225;-12.2610;390;-5;-0.1222;93.4962;-0.7939;-5.3506;31.7405;104.5;152.8;217.5;198.2
592.0;1.6735;1.6996;-13.1113;-12.7102;392;-7;-0.1026;94.3359;-0.8702;-5.7461;32.5401;105.3;154.4;217.5;197.9
592.5;1.6749;1.6996;-13.6250;-13.1607;394;-7;-0.0831;95.2595;-0.9695;-6.1416;33.3397;105.6;154.4;217.5;198.7
593.0;1.6772;1.6996;-14.0288;-13.6113;394;-11;-0.1613;96.1374;-1.0687;-6.5371;34.1393;106.9;156.2;216.7;198.5
593.5;1.6795;1.6996;-14.6085;-14.0604;392;-11;-0.1515;97.0153;-1.1679;-6.9547;34.9389;106.1;157.6;216.4;198.5
594.0;1.6818;1.6996;-14.9327;-14.5110;398;-17;-0.2884;97.8931;-1.2824;-7.3722;35.7386;105.8;157.0;214.8;197.9
594.5;1.6854;1.6996;-15.4341;-14.9602;396;-19;-0.1124;98.8473;-1.4046;-7.8116;36.5382;105.8;157.6;214.3;200.1
595.0;1.6877;1.6996;-15.9533;-15.4107;396;-21;-0.2297;99.7252;-1.5267;-8.2951;38.1374;107.2;158.6;213.0;199.8
595.5;1.6891;1.6996;-16.3571;-15.8613;398;-24;-0.1808;100.5573;-1.6565;-8.7345;38.9370;106.9;159.1;210.6;199.3
596.0;1.6905;1.6996;-16.7157;-16.3104;388;-28;-0.2297;101.4275;-1.7939;-9.2180;39.7366;107.4;159.9;208.8;199.0
596.5;1.6923;1.6996;-17.0453;-16.7610;394;-34;-0.1222;102.3435;-1.9466;-9.7014;40.5362;107.4;161.3;207.4;199.3
597.0;1.6946;1.6996;-17.5549;-17.2102;392;-34;-0.1026;103.2519;-2.1069;-10.2288;41.3358;107.9;162.6;204.3;199.0
597.5;1.6969;1.6996;-17.8008;-17.6607;398;-44;-0.1124;104.1603;-2.2748;-10.7342;42.1354;107.9;163.4;201.9;198.5
598.0;1.6992;1.6996;-18.3516;-18.1113;400;-44;-0.1808;105.0305;-2.4427;-11.2396;42.9350;109.5;165.7;200.3;199.3
598.5;1.7010;1.6996;-18.6827;-18.5604;404;-50;-0.1515;105.8931;-2.6183;-11.7889;43.7346;109.5;166.8;198.7;198.5
599.0;1.7038;1.6996;-19.1484;-19.0110;404;-52;-0.0635;106.8015;-2.8092;-12.3383;45.3339;110.6;169.2;196.9;199.3
599.5;1.7060;1.6996;-19.4451;-19.4478;404;-56;-0.1808;107.7023;-3.0153;-12.9096;46.1335;110.3;170.2;194.0;198.2
600.0;1.7092;1.6996;-19.8242;-19.8736;402;-56;-0.1320;108.5649;-3.2137;-13.4590;46.9331;111.1;171.8;191.3;199.5
600.5;1.7111;1.6996;-20.3626;-20.2857;396;-50;-0.0244;109.3817;-3.4122;-14.0303;47.7327;112.4;174.7;189.2;199.8
601.0;1.7125;1.6996;-20.6854;-20.6854;394;-52;-0.2395;110.2366;-3.6336;-14.6456;48.5323;113.2;176.6;186.9;199.3
601.5;1.7143;1.6996;-21.1703;-21.0728;384;-46;-0.1515;111.1298;-3.8702;-15.2389;49.3319;113.8;180.0;185.3;199.5
602.0;1.7143;1.6996;-21.5069;-21.4478;384;-46;-0.2199;111.9847;-4.1069;-15.8541;50.1315;115.1;185.0;183.4;199.3
602.5;1.7143;1.6996;-22.0687;-21.8104;376;-38;-0.1320;112.7939;-4.3435;-16.4914;50.9311;115.3;188.7;181.6;198.5
603.0;1.7147;1.6996;-22.4025;-22.1607;370;-34;-0.0244;113.6412;-4.5954;-17.1286;51.7307;116.1;191.6;179.7;198.2
603.5;1.7143;1.6996;-22.9341;-22.4986;363;-26;-0.0049;114.4122;-4.8397;-17.7878;52.5304;116.4;195.0;178.4;197.9
604.0;1.7143;1.6996;-23.4670;-22.8228;353;-17;-0.0538;115.2901;-5.1298;-18.4690;54.1296;117.4;198.5;176.6;197.9
604.5;1.7134;1.6996;-23.7459;-23.1360;349;-17;-0.1515;116.0458;-5.3817;-19.1502;54.9292;118.0;201.4;174.5;198.5
605.0;1.7134;1.6996;-24.0865;-23.4354;345;-11;0.0244;116.8855;-5.6794;-19.8314;55.7288;119.6;204.5;172.3;198.7
605.5;1.7129;1.6996;-24.3887;-23.7225;339;-7;0.0538;117.7099;-5.9847;-20.5346;56.5284;120.1;206.9;170.2;198.7
606.0;1.7134;1.6996;-24.5824;-23.9986;339;-7;-0.1026;118.5344;-6.2977;-21.2378;57.3280;121.4;208.5;168.1;199.0
606.5;1.7138;1.6996;-25.0343;-24.2610;331;1;-0.1711;119.3969;-6.6412;-21.9629;58.1276;124.6;210.6;166.3;199.8
607.0;1.7152;1.6996;-25.2651;-24.5110;324;5;0.0538;120.2137;-6.9771;-22.6661;58.9272;125.9;211.4;164.2;201.1
607.5;1.7138;1.6996;-25.5755;-24.7486;316;9;0.0049;120.9160;-7.2748;-23.3912;59.7268;128.0;212.5;161.8;201.4
608.0;1.7125;1.6996;-25.7239;-24.9725;314;11;0.0049;121.6947;-7.6107;-24.1383;60.5265;129.3;212.2;159.7;201.1
608.5;1.7129;1.6996;-25.8860;-25.1854;312;13;0.0342;122.5344;-8.0000;-24.8854;61.3261;130.1;210.6;157.3;200.8
609.0;1.7125;1.6996;-25.9231;-25.3860;314;13;-0.1515;123.2977;-8.3588;-25.6326;62.1257;131.2;207.7;155.2;201.1
609.5;1.7125;1.6996;-26.0426;-25.5728;314;15;-0.0733;124.0916;-8.7481;-26.3577;63.7249;133.0;203.2;152.3;200.8
610.0;1.7129;1.6996;-26.4478;-25.7486;304;22;-0.0342;124.8779;-9.1450;-27.1268;64.5245;134.3;197.7;150.4;201.1
610.5;1.7138;1.6996;-26.5714;-25.9107;300;24;-0.0440;125.6641;-9.5496;-27.8959;65.3241;136.5;191.3;147.3;200.8
611.0;1.7143;1.6996;-26.8805;-26.0604;292;32;-0.0147;126.4427;-9.9695;-28.6650;66.1237;138.3;186.1;144.4;200.8
611.5;1.7143;1.6996;-26.8874;-26.1978;292;32;0.0342;127.1832;-10.3817;-29.4341;66.9233;141.2;182.4;141.5;200.8
612.0;1.7138;1.6996;-27.0632;-26.3228;288;36;-0.1026;127.9160;-10.8015;-30.2032;67.7229;143.3;178.9;139.4;200.6
612.5;1.7134;1.6996;-26.9574;-26.4354;288;34;0.0538;128.6412;-11.2290;-30.9722;68.5226;145.7;177.1;136.7;201.6
613.0;1.7129;1.6996;-27.2445;-26.5357;281;46;0.0049;129.3969;-11.6870;-31.7633;69.3222;147.8;175.8;133.5;202.4
613.5;1.7115;1.6996;-27.4121;-26.6236;275;50;-0.0244;130.0763;-12.1145;-32.5544;70.1218;150.2;173.9;130.9;204.3
614.0;1.7102;1.6996;-27.3434;-26.6607;263;64;0.0635;130.7863;-12.5725;-33.3235;70.9214;152.3;172.9;129.3;206.1
614.5;1.7092;1.6996;-27.5220;-26.6607;247;81;0.0147;131.5191;-13.0687;-34.1365;71.7210;155.2;171.3;127.5;209.8
615.0;1.7079;1.6996;-27.4918;-26.6607;247;81;-0.0244;132.1832;-13.5191;-34.9056;72.5206;157.8;170.5;125.9;212.5
615.5;1.7065;1.6996;-27.9121;-26.6607;238;93;0.0244;132.9008;-14.0305;-35.7186;73.3202;161.3;168.1;124.8;215.4
616.0;1.7060;1.6996;-27.8187;-26.6607;239;91;0.0635;133.5878;-14.5267;-36.4877;74.1198;164.2;166.0;124.8;219.3
616.5;1.7051;1.6996;-28.0288;-26.6607;236;99;0.0147;134.2901;-15.0611;-37.3008;75.7190;168.4;163.9;125.4;224.1
617.0;1.7038;1.6996;-27.8640;-26.6607;239;93;0.0049;134.9313;-15.5496;-38.0918;76.5187;172.3;161.8;126.2;226.2
617.5;1.7033;1.6996;-27.8516;-26.6607;241;95;0.0244;135.6183;-16.0992;-38.9049;77.3183;173.9;158.9;127.2;228.6
618.0;1.7028;1.6996;-27.8777;-26.6607;241;95;-0.0049;136.3053;-16.6641;-39.6959;78.1179;178.4;155.5;128.8;231.7
618.5;1.7019;1.6996;-27.8407;-26.6607;239;93;-0.0049;136.9237;-17.1756;-40.4870;78.9175;179.2;152.3;130.4;234.1
619.0;1.7001;1.6996;-27.7843;-26.6607;241;93;0.1026;137.5573;-17.7328;-41.3000;79.7171;179.7;149.4;131.7;237.8
619.5;1.6992;1.6996;-27.3173;-26.6607;255;81;0.0440;138.1908;-18.2901;-42.0691;80.5167;180.0;146.7;133.5;240.7
620.0;1.6987;1.6996;-27.2129;-26.6607;257;79;0.0049;138.8397;-18.8931;-42.8602;81.3163;178.7;143.6;134.9;243.1
620.5;1.6987;1.6996;-26.8462;-26.6607;269;69;-0.1320;139.4580;-19.4656;-43.6293;82.1159;176.6;140.1;136.5;245.7
621.0;1.6996;1.6996;-26.7198;-26.6607;273;65;-0.1222;140.1221;-20.1069;-44.3764;82.9155;177.1;137.8;138.0;250.2
621.5;1.7015;1.6996;-26.5261;-26.6607;279;62;-0.1222;140.7786;-20.7634;-45.1455;83.7151;176.0;133.8;139.4;253.1
622.0;1.7033;1.6996;-26.6140;-26.6607;275;62;-0.1026;141.4275;-21.4198;-45.9146;85.3144;175.2;130.6;140.9;257.6
622.5;1.7065;1.6996;-26.4327;-26.6607;279;56;-0.1320;142.0611;-22.0916;-46.6837;86.1140;175.5;127.5;142.8;264.2
623.0;1.7092;1.6996;-26.4684;-26.6607;277;56;-0.0538;142.6641;-22.7328;-47.4308;86.9136;176.0;124.8;144.1;268.4
623.5;1.7111;1.6996;-26.5247;-26.6607;275;56;-0.1906;143.3130;-23.4504;-48.1999;87.7132;175.5;122.2;144.6;270.0
624.0;1.7134;1.6996;-26.4080;-26.6607;277;50;-0.2199;143.9008;-24.1145;-48.9470;88.5128;176.3;120.4;145.4;270.0
624.5;1.7161;1.6996;-26.4794;-26.6607;273;50;-0.1124;144.5038;-24.8168;-49.6941;89.3124;176.0;119.6;146.7;270.0
625.0;1.7179;1.6996;-26.4107;-26.6607;275;48;-0.1320;145.0458;-25.4580;-50.4632;90.1120;174.5;116.1;147.3;270.0
625.5;1.7198;1.6996;-26.5536;-26.6607;269;50;-0.1222;145.6260;-26.1756;-51.2103;90.9116;171.0;114.8;147.0;270.0
626.0;1.7221;1.6996;-26.6621;-26.6607;265;52;-0.1124;146.1985;-26.9008;-51.9794;92.5108;168.4;113.0;146.7;270.0
626.5;1.7225;1.6996;-26.9890;-26.6607;255;58;-0.1613;146.7405;-27.6031;-52.7705;93.3105;166.3;112.4;146.2;270.0
627.0;1.7248;1.6996;-27.0934;-26.6607;251;60;-0.1124;147.2977;-28.3435;-53.5396;94.1101;163.4;112.4;147.0;270.0
627.5;1.7266;1.6996;-27.2651;-26.6607;245;64;-0.0342;147.8168;-29.0534;-54.3087;94.9097;160.2;112.4;148.9;270.0
628.0;1.7271;1.6996;-27.3516;-26.6607;241;64;-0.0929;148.3053;-29.7481;-55.0997;95.7093;157.8;112.4;152.3;270.0
628.5;1.7271;1.6996;-27.3201;-26.6607;241;64;-0.0049;148.7634;-30.4046;-55.8688;96.5089;154.4;112.2;156.2;270.0
629.0;1.7266;1.6996;-27.3393;-26.6607;241;64;0.0147;149.2519;-31.1450;-56.6818;97.3085;148.9;112.2;161.8;270.0
629.5;1.7262;1.6996;-27.3516;-26.6607;238;64;-0.0440;149.6870;-31.8168;-57.4509;98.1081;147.3;111.9;165.7;270.0
630.0;1.7257;1.6996;-27.3077;-26.6607;239;64;-0.0147;150.1603;-32.5649;-58.2200;98.9077;144.1;112.2;169.2;270.0
630.5;1.7239;1.6996;-27.2212;-26.6607;241;62;-0.0147;150.5802;-33.2519;-59.0111;99.7073;142.0;112.4;170.2;270.0
631.0;1.7225;1.6996;-27.2885;-26.6607;239;64;0.0147;151.0305;-34.0153;-59.8022;100.5069;139.9;113.2;169.4;270.0
631.5;1.7207;1.6996;-27.0962;-26.6607;245;60;-0.0342;151.4275;-34.7099;-60.5712;101.3066;137.2;113.2;168.7;270.0
632.0;1.7184;1.6996;-27.2486;-26.6607;243;65;-0.0342;151.8168;-35.4122;-61.3403;102.1062;135.1;113.0;168.1;270.0
632.5;1.7161;1.6996;-27.1662;-26.6607;245;65;0.0635;152.2214;-36.1527;-62.1094;102.9058;133.5;113.5;167.3;270.0
633.0;1.7138;1.6996;-27.0192;-26.6607;249;62;-0.0244;152.5878;-36.8702;-62.9005;103.7054;130.9;113.2;166.5;270.0
633.5;1.7111;1.6996;-27.0179;-26.6607;251;64;0.0831;152.9695;-37.6260;-63.6916;104.5050;129.6;113.5;166.5;270.0
634.0;1.7079;1.6996;-27.0027;-26.6607;253;65;0.0342;153.3053;-38.3053;-64.4387;105.3046;127.5;113.2;168.4;270.0
634.5;1.7047;1.6996;-27.1662;-26.6607;251;71;-0.0147;153.6488;-39.0382;-65.2078;106.1042;126.2;113.2;169.2;270.0
635.0;1.7005;1.6996;-27.0687;-26.6607;255;71;0.0635;153.9618;-39.7328;-65.9988;106.9038;124.0;113.0;170.8;270.0
635.5;1.6969;1.6996;-27.2720;-26.6607;253;79;0.0049;154.2824;-40.4656;-66.7899;107.7034;121.9;113.0;172.9;270.0
636.0;1.6932;1.6996;-26.9574;-26.6607;263;73;0.0440;154.5802;-41.1756;-67.5590;108.5030;119.6;113.0;175.0;270.0
636.5;1.6891;1.6996;-27.0440;-26.6607;263;77;0.0440;154.8626;-41.8779;-68.3281;109.3027;118.0;113.5;176.0;270.0
637.0;1.6854;1.6996;-27.1305;-26.6607;263;83;0.0049;155.1603;-42.6260;-69.1191;110.1023;116.1;113.2;178.2;270.0
637.5;1.6818;1.6996;-27.0893;-26.6607;265;83;-0.0440;155.4427;-43.3817;-69.8882;110.9019;114.8;112.7;179.7;270.0
638.0;1.6790;1.6996;-27.2184;-26.6607;263;91;0.0147;155.7405;-44.2137;-70.6793;111.7015;113.2;112.7;184.2;270.0
638.5;1.6758;1.6996;-26.9313;-26.6607;273;85;0.0244;155.9847;-44.9389;-71.4264;112.5011;113.2;112.7;186.6;270.0
639.0;1.6731;1.6996;-26.9025;-26.6607;277;87;-0.0244;156.2366;-45.7023;-72.1955;113.3007;111.4;113.5;189.0;270.0
639.5;1.6708;1.6996;-26.6621;-26.6607;284;81;-0.0244;156.4809;-46.4656;-72.9646;114.1003;109.8;113.2;191.3;270.0
640.0;1.6680;1.6996;-26.8723;-26.6607;281;89;-0.0831;156.7176;-47.2748;-73.7557;114.8999;107.7;113.0;193.5;270.0
640.5;1.6653;1.6996;-26.7747;-26.6607;284;89;-0.0440;156.9389;-48.0458;-74.5247;115.6995;104.8;112.4;197.4;270.0
641.0;1.6630;1.6996;-26.9368;-26.6607;277;93;-0.0440;157.1527;-48.8244;-75.2719;116.4991;104.8;112.4;199.0;270.0
641.5;1.6612;1.6996;-26.8242;-26.6607;281;91;0.0440;157.3588;-49.6412;-76.0409;118.0984;103.2;112.2;201.6;270.0
642.0;1.6593;1.6996;-26.5934;-26.6607;286;87;0.0440;157.5343;-50.3817;-76.8100;118.0984;102.4;112.7;204.0;270.0
642.5;1.6566;1.6996;-26.8132;-26.6607;283;93;0.0049;157.7176;-51.1679;-77.6011;118.8980;100.3;112.7;207.2;270.0
643.0;1.6543;1.6996;-26.6841;-26.6607;286;91;0.0147;157.8779;-51.9160;-78.3262;119.6976;98.2;113.2;210.1;270.0
643.5;1.6516;1.6996;-26.7308;-26.6607;290;95;0.0440;158.0229;-52.6641;-79.0953;120.4972;95.8;113.0;213.5;270.0
644.0;1.6484;1.6996;-26.4973;-26.6607;298;93;0.0440;158.1679;-53.4122;-79.8644;121.2968;95.0;113.2;216.4;270.0
644.5;1.6456;1.6996;-26.4382;-26.6607;302;93;-0.0244;158.2977;-54.2061;-80.6335;122.0964;93.4;113.5;220.1;270.0
645.0;1.6429;1.6996;-26.2005;-26.6607;310;89;0.0244;158.4198;-54.9618;-81.3806;122.8960;92.4;114.8;224.1;270.0
645.5;1.6401;1.6996;-26.3159;-26.6607;312;95;0.0147;158.5267;-55.7176;-82.1277;123.6956;90.0;114.5;228.3;270.0
646.0;1.6383;1.6996;-26.2816;-26.6607;316;97;0.0244;158.6412;-56.5496;-82.8749;124.4952;88.4;114.8;233.0;270.0
646.5;1.6360;1.6996;-26.3929;-26.6607;314;101;0.0342;158.7328;-57.3130;-83.6220;125.2948;87.4;115.3;238.6;270.0
647.0;1.6342;1.6996;-26.3571;-26.6607;318;101;-0.0342;158.8168;-58.1145;-84.3911;126.0945;86.3;115.6;242.8;270.0
647.5;1.6332;1.6996;-26.1662;-26.6607;322;97;0.0147;158.8931;-58.9542;-85.1382;126.8941;85.5;116.1;249.1;270.0
648.0;1.6328;1.6996;-26.3558;-26.6607;318;103;-0.1320;158.9542;-59.7939;-85.8853;127.6937;84.7;116.7;254.7;270.0
648.5;1.6323;1.6996;-26.2912;-26.6607;322;101;-0.1222;159.0153;-60.6336;-86.6544;128.4933;83.7;117.2;260.0;270.0
649.0;1.6332;1.6996;-26.4698;-26.6607;318;105;-0.1808;159.0611;-61.5191;-87.4235;130.0925;84.7;117.4;264.2;270.0
649.5;1.6342;1.6996;-26.1731;-26.6607;327;97;-0.1417;159.0916;-62.3588;-88.1706;130.8921;83.4;117.7;270.0;270.0
650.0;1.6355;1.6996;-26.2555;-26.6607;327;99;-0.0733;159.1145;-63.2443;-88.8957;131.6917;83.4;118.5;270.0;270.0
650.5;1.6369;1.6996;-26.0137;-26.6607;333;91;-0.2199;159.1221;-64.1298;-89.6429;132.4913;83.1;118.2;270.0;270.0
651.0;1.6392;1.6996;-26.1250;-26.6607;329;95;-0.0538;159.1221;-65.0153;-90.3900;133.2909;83.9;116.7;270.0;270.0
651.5;1.6419;1.6996;-26.3695;-26.6607;324;99;-0.1711;159.1145;-65.9771;-91.1810;134.0906;84.5;115.3;270.0;270.0
652.0;1.6461;1.6996;-26.0069;-26.6607;322;85;-0.1711;159.0840;-66.9008;-91.9062;134.8902;85.2;113.8;270.0;270.0
652.5;1.6506;1.6996;-26.0879;-26.6607;318;83;-0.1417;159.0534;-67.8244;-92.6533;135.6898;86.0;113.2;270.0;270.0
653.0;1.6548;1.6996;-25.9821;-26.6607;318;79;-0.1222;159.0000;-68.7481;-93.4004;137.2890;86.8;114.0;270.0;270.0
653.5;1.6593;1.6996;-26.4780;-26.6607;304;89;-0.2884;158.9389;-69.6718;-94.1695;138.0886;87.4;116.9;270.0;270.0
654.0;1.6648;1.6996;-26.3832;-26.6607;306;83;-0.2004;158.8626;-70.6336;-94.9166;138.8882;87.9;123.0;270.0;270.0
654.5;1.6690;1.6996;-26.8049;-26.6607;296;93;-0.1320;158.7863;-71.4733;-95.6637;139.6878;89.2;128.8;270.0;270.0
655.0;1.6717;1.6996;-26.5137;-26.6607;300;81;-0.1222;158.7023;-72.3130;-96.4328;140.4874;89.5;132.8;270.0;270.0
655.5;1.6749;1.6996;-26.4437;-26.6607;300;79;-0.0440;158.5954;-73.1908;-97.1799;141.2870;91.3;137.2;270.0;270.0
656.0;1.6767;1.6996;-26.2349;-26.6607;304;71;-0.1222;158.4809;-74.0305;-97.9490;142.0867;94.2;141.7;270.0;270.0
656.5;1.6781;1.6996;-26.4712;-26.6607;300;77;-0.1222;158.3588;-74.8626;-98.6962;142.8863;97.1;144.1;270.0;270.0
657.0;1.6804;1.6996;-26.8173;-26.6607;292;87;-0.1222;158.2137;-75.7786;-99.4652;143.6859;101.6;146.2;270.0;270.0
657.5;1.6813;1.6996;-26.4794;-26.6607;298;75;-0.1124;158.0687;-76.6031;-100.2343;145.2851;106.9;148.9;270.0;270.0
658.0;1.6822;1.6996;-26.7637;-26.6607;292;83;-0.1906;157.9084;-77.4733;-101.0034;146.0847;109.5;151.0;270.0;270.0
658.5;1.6822;1.6996;-26.3077;-26.6484;298;75;-0.0440;157.7481;-78.2672;-101.7505;146.8843;111.9;155.5;270.0;270.0
659.0;1.6818;1.6996;-26.7555;-26.6236;281;91;-0.0538;157.5802;-79.0458;-102.5196;147.6839;112.4;157.6;270.0;270.0
659.5;1.6818;1.6996;-26.7198;-26.5852;277;97;-0.0342;157.3817;-79.9084;-103.2667;148.4835;111.4;159.9;270.0;270.0
660.0;1.6813;1.6996;-27.1154;-26.5357;261;110;0.0635;157.1832;-80.7328;-104.0578;149.2831;110.9;163.9;270.0;270.0
660.5;1.6809;1.6996;-26.9615;-26.4725;259;112;-0.0831;156.9771;-81.5496;-104.8489;150.0827;108.7;166.8;270.0;270.0
661.0;1.6809;1.6996;-26.7060;-26.3984;259;112;0.0342;156.7557;-82.3664;-105.5960;150.8824;106.4;170.2;270.0;270.0
661.5;1.6813;1.6996;-27.1319;-26.3104;241;132;0.0538;156.5191;-83.1756;-106.3651;151.6820;106.1;174.2;270.0;270.0
662.0;1.6809;1.6996;-26.9684;-26.2102;239;136;0.0635;156.2748;-83.9847;-107.1562;152.4816;105.3;178.4;270.0;270.0
662.5;1.6813;1.6996;-27.1703;-26.0975;228;148;0.0440;156.0229;-84.7863;-107.9252;153.2812;105.6;182.6;270.0;270.0
663.0;1.6809;1.6996;-26.5742;-25.9725;234;140;0.0635;155.7557;-85.5878;-108.6943;154.0808;107.9;186.6;270.0;270.0
663.5;1.6813;1.6996;-26.5220;-25.8352;224;144;0.0147;155.4809;-86.3893;-109.4414;154.8804;109.3;190.6;270.0;270.0
664.0;1.6813;1.6996;-26.0247;-25.6854;228;140;0.0244;155.1985;-87.1832;-110.1886;155.6800;110.9;195.3;270.0;270.0
664.5;1.6827;1.6996;-26.0673;-25.5234;218;152;0.1026;154.8855;-88.0076;-110.9357;156.4796;111.9;199.3;270.0;270.0
665.0;1.6832;1.6996;-26.1071;-25.3475;206;159;0.0440;154.5802;-88.7939;-111.7048;157.2792;113.5;204.3;270.0;270.0
665.5;1.6836;1.6996;-26.1621;-25.1607;196;171;-0.0635;154.2443;-89.6183;-112.4299;158.0788;113.2;209.0;270.0;270.0
666.0;1.6841;1.6996;-25.8860;-24.9602;195;175;0.0929;153.9084;-90.4275;-113.1770;159.6781;114.5;213.8;270.0;270.0
666.5;1.6845;1.6996;-25.3475;-24.7486;196;169;0.0049;153.5649;-91.2061;-113.9022;160.4777;116.1;218.5;270.0;270.0
667.0;1.6841;1.6996;-25.3956;-24.5234;187;183;0.0733;153.2366;-91.9389;-114.6273;161.2773;117.7;223.3;270.0;270.0
667.5;1.6850;1.6996;-24.8146;-24.2857;191;179;-0.0049;152.8473;-92.7710;-115.3525;162.0769;118.5;228.6;270.0;270.0
668.0;1.6859;1.6996;-24.8777;-24.0357;179;191;-0.0342;152.4809;-93.5343;-116.0556;162.8765;120.6;233.8;270.0;270.0
668.5;1.6877;1.6996;-24.2720;-23.7734;183;187;-0.0440;152.0687;-94.3664;-116.7368;163.6761;121.1;239.1;270.0;270.0
669.0;1.6886;1.6996;-23.9231;-23.4986;177;189;0.0244;151.7023;-95.0763;-117.4180;164.4757;122.7;244.9;270.0;270.0
669.5;1.6896;1.6996;-23.4286;-23.2102;179;187;0.0244;151.2901;-95.8626;-118.1212;165.2753;124.0;249.9;270.0;270.0
670.0;1.6909;1.6996;-23.2692;-22.9107;169;196;-0.0049;150.8702;-96.6412;-118.7804;166.0750;125.9;260.8;270.0;270.0
670.5;1.6923;1.6996;-23.2129;-22.5975;155;206;0.0733;150.4657;-97.3740;-119.4396;166.8746;127.7;265.8;270.0;270.0
671.0;1.6928;1.6996;-22.5810;-22.2734;157;204;0.0733;150.0458;-98.1069;-120.0988;167.6742;130.6;270.0;270.0;270.0
671.5;1.6923;1.6996;-22.5206;-21.9354;146;216;-0.0342;149.6336;-98.8015;-120.7141;168.4738;131.2;270.0;270.0;270.0
672.0;1.6928;1.6996;-21.9272;-21.5852;148;214;0.1417;149.1832;-99.5573;-121.3733;169.2734;134.1;270.0;270.0;270.0
672.5;1.6923;1.6996;-21.9753;-21.2225;130;232;0.1026;148.7557;-100.2443;-121.9886;170.0730;136.5;270.0;270.0;270.0
673.0;1.6914;1.6996;-21.4918;-20.8475;128;236;0.1026;148.3282;-100.9237;-122.6039;170.8726;137.5;270.0;270.0;270.0
673.5;1.6905;1.6996;-21.4423;-20.4602;114;249;0.1808;147.8702;-101.6336;-123.2192;172.4718;138.6;269.5;270.0;270.0
674.0;1.6905;1.6996;-20.9629;-20.0604;110;253;0.1026;147.3817;-102.3664;-123.8344;173.2714;141.5;265.2;270.0;267.1
674.5;1.6914;1.6996;-20.3997;-19.6484;109;257;0.2199;146.8855;-103.0992;-124.4057;174.0710;144.1;263.9;270.0;262.6
675.0;1.6923;1.6996;-19.8764;-19.2225;105;257;0.1124;146.4046;-103.7939;-124.9771;174.8707;146.7;262.9;270.0;258.1
675.5;1.6932;1.6996;-19.6085;-18.7857;95;267;0.2102;145.8931;-104.5191;-125.5484;175.6703;149.4;266.0;270.0;254.7
676.0;1.6932;1.6996;-19.4437;-18.3352;79;281;0.1711;145.4275;-105.1679;-126.0758;176.4699;152.6;270.0;270.0;251.3
676.5;1.6928;1.6996;-18.6236;-17.8860;89;273;0.1026;144.9237;-105.8473;-126.6251;177.2695;153.9;270.0;270.0;245.2
677.0;1.6932;1.6996;-18.3544;-17.4354;83;279;0.0635;144.4198;-106.5267;-127.1525;178.0691;154.9;270.0;270.0;242.0
677.5;1.6932;1.6996;-17.3407;-16.9863;97;267;0.0342;143.9084;-107.1985;-127.6359;178.8687;157.6;270.0;270.0;238.9
678.0;1.6923;1.6996;-16.7500;-16.5357;99;263;0.1026;143.4122;-107.8321;-128.1194;179.6683;158.9;270.0;270.0;235.4
678.5;1.6914;1.6996;-16.0192;-16.0852;107;257;0.0049;142.8931;-108.4885;-128.5808;180.4679;159.9;270.0;270.0;231.2
679.0;1.6918;1.6996;-15.5824;-15.6360;105;261;0.0538;142.3359;-109.1832;-129.0423;181.2675;161.3;270.0;270.0;224.3
679.5;1.6914;1.6996;-14.8860;-15.1854;109;255;0.1026;141.8015;-109.8321;-129.4598;182.0671;163.1;270.0;270.0;221.7
680.0;1.6914;1.6996;-14.2157;-14.7363;114;251;0.0049;141.2366;-110.5191;-129.8553;182.8667;164.7;270.0;270.0;218.8
680.5;1.6918;1.6996;-13.9286;-14.2857;107;255;0.0831;140.6947;-111.1603;-130.2508;183.6664;167.1;270.0;270.0;215.9
681.0;1.6918;1.6996;-13.3668;-13.8352;109;255;0.0635;140.1450;-111.8015;-130.6464;185.2656;167.9;270.0;270.0;214.3
681.5;1.6937;1.6996;-13.2088;-13.3860;101;265;0.0538;139.5420;-112.5038;-131.0199;186.0652;170.2;270.0;270.0;211.4
682.0;1.6960;1.6996;-12.3805;-12.9354;109;255;-0.1320;138.9313;-113.1985;-131.3715;186.8648;171.6;270.0;270.0;209.8
682.5;1.6983;1.6996;-12.1497;-12.4863;101;261;-0.0538;138.3512;-113.8626;-131.7231;187.6644;175.2;270.0;270.0;207.4
683.0;1.7015;1.6996;-11.4698;-12.0357;105;253;-0.0733;137.7023;-114.5802;-132.0527;188.4640;176.0;270.0;270.0;205.1
683.5;1.6946;1.6996;-11.1744;-11.5852;93;265;-0.0147;137.0840;-115.2672;-132.3823;189.2636;176.8;270.0;270.0;203.8
684.0;1.6896;1.6996;-10.7898;-11.1360;93;271;-0.0342;136.5114;-115.8855;-132.6900;190.0632;178.4;270.0;270.0;201.9
684.5;1.6868;1.6996;-10.6044;-10.6854;89;281;-0.1124;135.9084;-116.5343;-132.9756;190.8629;180.5;270.0;270.0;200.8
685.0;1.6854;1.6996;-10.0563;-10.2363;93;281;-0.0538;135.3359;-117.1527;-133.2832;192.4621;182.1;270.0;270.0;199.3
685.5;1.6854;1.6996;-9.3668;-9.7857;99;275;-0.0733;134.7023;-117.8244;-133.5469;193.2617;185.0;270.0;270.0;199.0
686.0;1.6859;1.6996;-9.2775;-9.3352;89;286;-0.0929;134.1145;-118.4351;-133.8106;194.0613;186.3;270.0;270.0;196.4
686.5;1.6868;1.6996;-8.6511;-8.8860;91;281;-0.0244;133.5038;-119.0687;-134.0523;194.8609;186.9;270.0;270.0;195.0
687.0;1.6873;1.6996;-8.4547;-8.4354;81;288;0.0538;132.9160;-119.6718;-134.2941;195.6605;188.4;270.0;270.0;194.0
687.5;1.6882;1.6996;-7.7500;-7.9863;87;283;0.1124;132.2977;-120.3053;-134.5358;196.4601;188.7;270.0;270.0;191.9
688.0;1.6896;1.6996;-7.2198;-7.5357;87;283;0.0831;131.6794;-120.9389;-134.7335;197.2597;189.8;270.0;270.0;190.3
688.5;1.6909;1.6996;-6.5783;-7.0852;91;279;-0.0244;131.0840;-121.5343;-134.9093;198.0593;191.3;270.0;270.0;189.2
689.0;1.6928;1.6996;-6.3022;-6.6360;83;283;-0.0244;130.4275;-122.1908;-135.1071;198.8589;192.7;270.0;270.0;188.4
689.5;1.6951;1.6996;-6.0041;-6.1854;77;288;0.0440;129.8015;-122.8092;-135.2609;199.6586;192.7;270.0;270.0;189.0
690.0;1.6969;1.6996;-5.2610;-5.7363;81;281;0.0244;129.1756;-123.4351;-135.4147;201.2578;194.0;270.0;270.0;186.1
690.5;1.6987;1.6996;-5.1003;-5.2857;71;288;0.0929;128.5725;-124.0229;-135.5685;202.0574;194.0;270.0;270.0;185.0
691.0;1.7005;1.6996;-4.4396;-4.8352;75;284;0.0733;127.9084;-124.6718;-135.7004;202.8570;194.8;270.0;270.0;184.5
691.5;1.7015;1.6996;-4.2967;-4.4052;71;284;0.0635;127.3053;-125.2595;-135.8103;203.6566;195.3;270.0;270.0;184.5
692.0;1.7024;1.6996;-3.8530;-3.9959;75;279;0.0538;126.6412;-125.9008;-135.9201;204.4562;196.6;270.0;270.0;183.7
692.5;1.7028;1.6996;-3.7857;-3.6058;71;283;0.0440;126.0382;-126.4885;-136.0300;205.2558;195.8;270.0;270.0;182.6
693.0;1.7042;1.6996;-3.1827;-3.2363;83;271;0.1026;125.3969;-127.1069;-136.1179;206.0554;197.7;270.0;270.0;182.1
693.5;1.7056;1.6996;-2.6978;-2.8860;91;261;0.0929;124.7634;-127.7176;-136.2058;206.8550;197.7;270.0;270.0;182.6
694.0;1.7065;1.6996;-2.1676;-2.5563;101;249;0.1515;124.1527;-128.2977;-136.2717;207.6547;197.9;270.0;270.0;181.6
694.5;1.7079;1.6996;-1.8201;-2.2459;105;241;0.1417;123.4809;-128.9389;-136.3157;208.4543;197.7;270.0;270.0;181.6
695.0;1.7092;1.6996;-1.7170;-1.9560;105;239;-0.0244;122.8702;-129.5191;-136.3596;209.2539;198.7;270.0;270.0;181.1
695.5;1.7097;1.6996;-0.9849;-1.6854;120;222;0.0342;122.2290;-130.1298;-136.4036;210.8531;197.9;270.0;270.0;180.8
696.0;1.7092;1.6996;-0.8407;-1.4354;122;220;0.1808;121.6489;-130.6870;-136.4255;211.6527;200.1;270.0;270.0;181.3
696.5;1.7092;1.6996;-0.4313;-1.2060;134;208;0.0147;121.0076;-131.2977;-136.4255;212.4523;200.6;270.0;270.0;180.8
697.0;1.7092;1.6996;-0.4203;-0.9959;134;208;-0.0733;120.3969;-131.8779;-136.4475;213.2519;200.1;270.0;270.0;181.1
697.5;1.7092;1.6996;-0.2775;-0.8063;138;202;0.0831;119.7863;-132.4580;-136.4475;214.0515;199.8;270.0;270.0;180.8
698.0;1.7102;1.6996;-0.3393;-0.6360;138;202;0.0831;119.1145;-133.0992;-136.4695;214.8512;198.7;270.0;270.0;181.1
698.5;1.7120;1.6996;-0.1538;-0.4863;144;195;0.0049;118.4733;-133.7023;-136.4695;215.6508;200.3;270.0;270.0;181.6
699.0;1.7129;1.6996;0.1003;-0.3558;152;185;-0.0049;117.8321;-134.3130;-136.4695;216.4504;200.8;270.0;270.0;181.3
699.5;1.7129;1.6996;-0.0687;-0.2459;150;185;0.0733;117.2214;-134.8931;-136.4695;217.2500;201.1;270.0;270.0;180.8
700.0;1.7129;1.6996;0.1168;-0.1552;157;177;-0.0049;116.5802;-135.5038;-136.4695;218.0496;200.1;270.0;270.0;180.8
700.5;1.7138;1.6996;0.0165;-0.0852;159;175;0.1515;115.9389;-136.1145;-136.4695;218.8492;200.3;270.0;270.0;180.3
701.0;1.7134;1.6996;0.2074;-0.0357;167;165;0.0635;115.3282;-136.6947;-136.4475;219.6488;198.7;270.0;270.0;180.3
701.5;1.7138;1.6996;0.2981;-0.0055;177;157;-0.0147;114.6870;-137.3053;-136.4475;221.2480;197.7;270.0;270.0;180.0
702.0;1.7143;1.6996;0.5110;0.0000;169;161;0.0538;114.0763;-137.8855;-136.4255;222.0476;197.7;270.0;270.0;180.5
702.5;1.7143;1.6996;0.4409;0.0000;169;163;0.1417;113.4351;-138.4962;-136.4255;222.8472;199.0;270.0;270.0;181.3
703.0;1.7134;1.6996;0.3805;0.0000;167;163;-0.0049;0.8015;0.0000;-0.0109;0.5557;198.7;270.0;270.0;181.1
703.5;1.7115;1.6996;0.4162;0.0000;169;163;-0.0244;1.6031;0.0000;0.0111;1.3553;197.9;270.0;270.0;180.8
704.0;1.7106;1.6996;0.3764;0.0000;169;165;-0.1026;2.4504;0.0000;0.0111;2.1549;195.6;270.0;270.0;180.3
704.5;1.7088;1.6996;0.6140;0.0000;177;159;-0.0244;3.3282;0.0000;0.0331;2.9546;194.5;270.0;270.0;180.3
705.0;1.7070;1.6996;0.4286;0.0000;173;165;0.0635;4.1756;0.0000;0.0331;3.7542;193.7;270.0;270.0;180.5
705.5;1.7051;1.6996;0.5151;0.0000;177;165;0.0538;5.0229;0.0000;0.0551;4.5538;193.2;270.0;270.0;180.8
706.0;1.7038;1.6996;0.2129;0.0000;169;175;0.0635;5.8626;0.0000;0.0551;5.3534;192.1;270.0;270.0;180.0
706.5;1.7024;1.6996;0.2679;0.0000;171;173;0.0635;6.7099;0.0000;0.0770;6.1530;190.6;270.0;270.0;180.5
707.0;1.7001;1.6996;0.2047;0.0000;171;177;0.0635;7.5496;0.0000;0.0770;6.9526;189.2;270.0;270.0;180.3
707.5;1.6987;1.6996;0.2692;0.0000;175;175;-0.0929;8.3969;0.0000;0.0770;7.7522;187.9;270.0;270.0;179.7
708.0;1.6992;1.6996;0.2871;0.0000;177;175;0.0635;9.3206;0.0076;0.0990;8.5518;186.6;270.0;270.0;180.5
708.5;1.7001;1.7001;0.1140;0.0000;173;183;-0.0049;10.2061;0.0076;0.0990;10.1510;185.3;270.0;270.0;180.5
709.0;1.7005;1.7001;0.3970;0.0000;183;177;-0.0147;11.0916;0.0076;0.0990;10.9506;184.5;270.0;270.0;179.7
709.5;1.7001;1.7005;0.3832;0.0000;187;181;0.0635;11.9313;0.0076;0.1210;11.7503;182.9;270.0;270.0;179.5
710.0;1.6992;1.7015;0.5604;0.0000;193;179;-0.0244;12.7328;0.0153;0.1430;12.5499;182.9;270.0;270.0;179.2
710.5;1.6992;1.7019;0.4354;0.0000;195;187;-0.0244;13.6183;0.0153;0.1430;13.3495;181.3;270.0;270.0;179.2
711.0;1.6992;1.7028;0.5797;0.0000;202;187;-0.0244;14.4275;0.0153;0.1649;14.1491;181.3;270.0;270.0;179.5
711.5;1.6987;1.7042;0.2720;0.0000;196;196;0.1417;15.3053;0.0229;0.1649;14.9487;180.0;270.0;270.0;180.5
712.0;1.6992;1.7056;0.2651;0.0000;202;200;-0.0929;16.1527;0.0229;0.1869;15.7483;179.2;270.0;270.0;179.2
712.5;1.7001;1.7070;0.3448;0.0000;208;202;-0.0147;17.0382;0.0229;0.1869;16.5479;178.7;270.0;270.0;178.4
713.0;1.7010;1.7083;0.3283;0.0000;210;206;0.0635;17.8779;0.0305;0.2089;17.3475;177.9;270.0;270.0;177.1
713.5;1.7024;1.7102;0.3269;0.0000;214;210;0.0635;18.7252;0.0305;0.2089;18.1471;177.6;270.0;270.0;176.6
714.0;1.7033;1.7120;0.2376;0.0000;214;218;0.0635;19.5725;0.0382;0.2089;18.9467;176.8;270.0;270.0;176.6
714.5;1.7051;1.7138;0.4107;0.0000;224;216;-0.0147;20.4504;0.0382;0.2308;19.7464;176.8;270.0;270.0;175.8
715.0;1.7074;1.7161;0.3475;0.0000;226;222;0.0635;21.3740;0.0458;0.2308;21.3456;177.4;270.0;270.0;175.5
715.5;1.7097;1.7184;0.5687;0.0000;236;220;-0.1026;22.2214;0.0458;0.2528;22.1452;177.9;270.0;270.0;173.4
716.0;1.7115;1.7212;0.4313;0.0000;236;226;-0.0244;23.1069;0.0534;0.2748;22.9448;177.9;270.0;270.0;172.1
716.5;1.7143;1.7239;0.4231;0.0000;239;230;-0.0244;23.9924;0.0534;0.2748;23.7444;177.1;270.0;270.0;171.0
717.0;1.7170;1.7266;0.3338;0.0000;239;234;-0.0147;24.8702;0.0611;0.2968;24.5440;178.4;270.0;270.0;170.8
717.5;1.7207;1.7294;0.3104;0.0000;243;239;-0.0147;25.7557;0.0611;0.2968;25.3436;178.9;270.0;270.0;168.7
718.0;1.7244;1.7326;0.4602;0.0000;251;238;-0.0244;26.6412;0.0687;0.3187;26.1432;180.5;270.0;270.0;167.9
718.5;1.7280;1.7358;0.5577;0.0000;255;238;-0.0244;27.5267;0.0763;0.3187;26.9428;180.3;270.0;270.0;166.8
719.0;1.7317;1.7395;0.5865;0.0000;261;239;-0.1026;28.4504;0.0763;0.3407;27.7425;181.1;270.0;270.0;166.3
719.5;1.7349;1.7427;0.4492;0.0000;261;247;-0.0244;29.3359;0.0840;0.3627;28.5421;183.2;270.0;270.0;165.7
720.0;1.7381;1.7468;0.6374;0.2019;196;316;-0.0244;30.2214;0.0916;0.3627;30.1413;182.9;270.0;270.0;165.2
720.5;1.7418;1.7505;0.4657;0.2308;251;269;-0.1026;31.1450;0.0992;0.3847;30.9409;184.2;270.0;270.0;165.0
721.0;1.7463;1.7546;0.5687;0.2308;269;259;-0.0244;32.0305;0.0992;0.4066;31.7405;184.0;270.0;270.0;165.0
721.5;1.7514;1.7587;0.4629;0.3187;238;296;-0.0244;32.9924;0.1069;0.4066;32.5401;186.9;270.0;270.0;165.2
722.0;1.7569;1.7633;0.3613;0.3187;267;275;-0.0147;33.8779;0.1145;0.4286;33.3397;187.9;270.0;270.0;165.7
722.5;1.7619;1.7679;0.2198;0.3187;267;283;-0.0147;34.7634;0.1221;0.4286;34.1393;188.2;270.0;270.0;165.5
723.0;1.7674;1.7724;0.2830;0.3764;251;304;-0.0929;35.7634;0.1298;0.4506;35.7386;189.8;270.0;270.0;165.7
723.5;1.7724;1.7775;0.3723;0.4052;265;296;-0.0147;36.6489;0.1374;0.4506;36.5382;190.8;270.0;270.0;165.7
724.0;1.7784;1.7821;0.3036;0.3764;286;281;-0.0147;37.6107;0.1450;0.4506;37.3378;190.8;270.0;270.0;167.6
724.5;1.7857;1.7875;0.4368;0.3764;284;292;-0.0244;38.5802;0.1527;0.4726;38.1374;192.7;270.0;270.0;168.4
725.0;1.7935;1.7926;0.2129;0.3475;290;288;-0.0147;39.5420;0.1603;0.4726;38.9370;193.2;270.0;270.0;169.7
725.5;1.8008;1.7981;0.2885;0.3475;286;298;-0.0929;40.4656;0.1679;0.4945;39.7366;194.5;270.0;270.0;170.8
726.0;1.8086;1.8040;0.2830;0.3187;298;290;-0.0147;41.4351;0.1756;0.4945;41.3358;194.3;270.0;270.0;172.1
726.5;1.8159;1.8095;0.3489;0.2610;316;279;-0.0147;42.3969;0.1908;0.4945;42.1354;194.8;270.0;270.0;173.7
727.0;1.8223;1.8155;0.3049;0.2308;310;294;-0.0147;43.2824;0.1985;0.5165;42.9350;194.3;270.0;270.0;174.7
727.5;1.8283;1.8214;0.1580;0.2019;310;300;-0.0929;44.2061;0.2061;0.5165;43.7346;195.0;270.0;270.0;175.8
728.0;1.8347;1.8278;0.0000;0.2898;267;349;-0.0831;45.1298;0.2137;0.5165;44.5343;197.4;270.0;270.0;175.8
728.5;1.8402;1.8342;-0.1538;0.2610;308;318;-0.0831;46.0534;0.2214;0.5165;45.3339;196.6;270.0;270.0;176.0
729.0;1.8480;1.8407;0.0055;0.2308;318;316;-0.0831;47.0611;0.2290;0.5165;46.9331;196.9;270.0;270.0;176.6
729.5;1.8562;1.8475;-0.1690;0.2308;306;333;0.0049;48.0229;0.2366;0.5165;47.7327;197.9;270.0;270.0;177.4
730.0;1.8636;1.8544;-0.1140;0.2610;300;347;-0.0049;48.9847;0.2443;0.4945;48.5323;198.7;270.0;270.0;177.4
730.5;1.8713;1.8613;-0.1937;0.2308;324;331;0.0049;50.0305;0.2595;0.4945;49.3319;197.9;270.0;270.0;177.6
731.0;1.8796;1.8686;-0.1236;0.2308;316;339;-0.1613;51.0000;0.2672;0.4945;50.9311;197.9;270.0;270.0;178.2
731.5;1.8878;1.8759;-0.0467;0.1731;343;320;-0.0049;51.9618;0.2748;0.4945;51.7307;198.2;270.0;270.0;179.7
732.0;1.8965;1.8837;0.2019;0.2019;322;345;-0.0147;53.0076;0.2824;0.4945;52.5304;198.7;270.0;270.0;180.0
732.5;1.9057;1.8910;0.1786;0.1731;345;329;-0.0147;53.9695;0.2901;0.5165;53.3300;197.7;270.0;270.0;179.7
733.0;1.9148;1.8988;0.0426;0.1731;335;349;-0.0049;55.0153;0.2977;0.5165;54.9292;197.9;270.0;270.0;180.0
733.5;1.9240;1.9071;0.1813;0.2019;331;359;-0.0147;55.9771;0.3130;0.5165;55.7288;198.7;270.0;270.0;180.0
734.0;1.9327;1.9153;-0.0096;0.2019;337;357;0.0733;56.9847;0.3206;0.5165;56.5284;199.0;270.0;270.0;179.7
734.5;1.9423;1.9235;0.0522;0.2308;333;370;-0.0049;58.0305;0.3282;0.5165;57.3280;199.3;270.0;270.0;179.7
735.0;1.9524;1.9318;-0.0646;0.2308;343;367;0.0733;59.1145;0.3359;0.5165;58.9272;200.1;270.0;270.0;180.0
735.5;1.9629;1.9405;-0.1099;0.2308;343;370;-0.0049;60.1603;0.3511;0.5165;59.7268;198.7;270.0;270.0;179.2
736.0;1.9734;1.9492;-0.2019;0.2308;345;378;0.0831;61.1679;0.3588;0.4945;60.5265;198.7;270.0;270.0;178.9
736.5;1.9840;1.9579;-0.0618;0.2019;363;367;-0.0049;62.2061;0.3664;0.4945;62.1257;197.9;270.0;270.0;178.9
737.0;1.9945;1.9670;-0.0014;0.2019;357;378;0.0733;63.2137;0.3740;0.4945;62.9253;198.7;270.0;270.0;180.0
737.5;2.0041;1.9762;0.0852;0.2308;353;392;0.0733;64.2977;0.3817;0.4945;63.7249;199.3;270.0;270.0;179.5
738.0;2.0137;1.9858;0.2157;0.1731;392;361;0.0635;65.3053;0.3969;0.5165;64.5245;198.7;270.0;270.0;180.3
738.5;2.0234;1.9954;0.0234;0.2019;359;402;0.0733;66.3893;0.4046;0.5165;66.1237;200.1;270.0;270.0;180.5
739.0;2.0330;2.0050;0.1003;0.2610;353;417;-0.0049;67.4351;0.4122;0.5165;66.9233;201.1;270.0;270.0;180.0
739.5;2.0426;2.0147;-0.1071;0.2308;380;396;0.0831;68.5191;0.4198;0.5165;68.5226;200.3;270.0;270.0;180.5
740.0;2.0540;2.0247;-0.1896;0.2019;386;404;0.0831;69.6031;0.4351;0.4945;69.3222;200.1;270.0;270.0;180.5
740.5;2.0659;2.0348;-0.2596;0.2610;355;443;0.0831;70.6870;0.4427;0.4945;70.1218;201.4;270.0;270.0;180.5
741.0;2.0760;2.0453;-0.2706;0.2898;367;437;0.1613;71.7328;0.4504;0.4945;71.7210;201.4;270.0;270.0;179.5
741.5;2.0870;2.0559;-0.4533;0.2610;386;425;0.1711;72.7786;0.4580;0.4726;72.5206;200.1;270.0;270.0;178.9
742.0;2.0971;2.0664;-0.4931;0.2898;367;453;0.0929;73.8626;0.4733;0.4726;73.3202;199.8;270.0;270.0;178.7
742.5;2.1076;2.0769;-0.2926;0.2308;410;417;0.1613;74.9084;0.4809;0.4506;74.1198;199.0;270.0;270.0;178.9
743.0;2.1195;2.0879;-0.4080;0.2610;378;457;0.0049;76.1145;0.4886;0.4506;75.7190;201.1;270.0;270.0;179.5
743.5;2.1310;2.0994;-0.3516;0.3187;372;470;0.0831;77.1985;0.4962;0.4286;76.5187;201.4;270.0;270.0;178.9
744.0;2.1424;2.1103;-0.4519;0.3187;392;457;0.0147;78.3282;0.5038;0.4286;78.1179;201.6;270.0;270.0;178.9
744.5;2.1534;2.1218;-0.5206;0.2898;408;455;0.0929;79.4122;0.5115;0.4066;78.9175;201.4;270.0;270.0;179.7
745.0;2.1644;2.1332;-0.4794;0.2898;406;470;-0.0733;80.4962;0.5191;0.3847;79.7171;200.8;270.0;270.0;178.9
745.5;2.1749;2.1451;-0.2569;0.2898;417;468;0.0831;81.5802;0.5267;0.3847;81.3163;200.8;270.0;270.0;178.7
746.0;2.1850;2.1571;-0.1964;0.2610;437;460;0.0049;82.6260;0.5344;0.3847;82.1159;200.1;270.0;270.0;178.4
746.5;2.1964;2.1690;-0.1868;0.2898;419;488;-0.0831;83.7939;0.5420;0.3627;83.7151;201.4;270.0;270.0;179.2
747.0;2.2070;2.1813;0.0412;0.2898;445;476;-0.0831;84.8779;0.5496;0.3627;84.5147;201.1;270.0;270.0;178.7
747.5;2.2184;2.1937;0.0865;0.3187;443;496;-0.0049;86.0000;0.5573;0.3847;85.3144;202.2;270.0;270.0;178.9
748.0;2.2280;2.2060;0.2088;0.3475;453;500;-0.0147;87.0458;0.5649;0.3847;86.9136;202.7;270.0;270.0;178.9
748.5;2.2386;2.2184;0.1332;0.3187;474;482;-0.0049;88.1679;0.5725;0.3847;87.7132;201.9;270.0;270.0;178.7
749.0;2.2495;2.2312;0.2115;0.3187;470;494;-0.0147;89.2977;0.5802;0.3847;88.5128;200.6;270.0;270.0;178.2
749.5;2.2619;2.2436;0.1415;0.2610;494;476;0.0733;90.4657;0.5878;0.4066;90.1120;199.8;270.0;270.0;178.4
750.0;2.2738;2.2560;0.2006;0.2898;464;509;-0.0147;91.6718;0.5954;0.4066;90.9116;201.1;270.0;270.0;178.4
750.5;2.2862;2.2683;0.2280;0.3187;466;513;-0.0147;92.7939;0.6031;0.4066;92.5108;202.2;270.0;270.0;178.7
751.0;2.2985;2.2811;0.3475;0.3187;484;500;-0.1026;94.0382;0.6183;0.4286;93.3105;201.4;270.0;270.0;178.4
751.5;2.3104;2.2935;0.4657;0.3187;488;498;-0.0244;95.1679;0.6260;0.4286;94.9097;201.1;270.0;270.0;178.2
752.0;2.3228;2.3059;0.2019;0.3187;482;507;0.0733;96.4122;0.6336;0.4286;95.7093;201.4;270.0;270.0;178.9
752.5;2.3356;2.3187;0.1277;0.3764;457;533;-0.0049;97.6183;0.6412;0.4506;97.3085;204.0;270.0;270.0;178.7
753.0;2.3480;2.3310;0.1497;0.3475;492;503;0.0733;98.8626;0.6565;0.4506;98.1081;202.4;270.0;270.0;178.7
753.5;2.3608;2.3434;0.1456;0.3187;496;505;0.0733;100.1069;0.6641;0.4506;99.7073;201.6;270.0;270.0;178.7
754.0;2.3741;2.3562;0.1882;0.2898;494;500;-0.0147;101.3130;0.6718;0.4506;101.3066;203.0;270.0;270.0;180.8
754.5;2.3883;2.3686;0.2294;0.3187;472;519;-0.0147;102.6031;0.6870;0.4726;102.1062;204.3;270.0;270.0;180.8
755.0;2.4038;2.3810;0.3393;0.3187;486;505;-0.0147;103.8855;0.6947;0.4726;103.7054;203.5;270.0;270.0;180.5
755.5;2.4190;2.3933;0.2624;0.2898;496;496;-0.0147;105.1679;0.7023;0.4726;104.5050;201.4;270.0;270.0;179.5
756.0;2.4345;2.4061;0.3434;0.3187;476;515;-0.0147;106.4580;0.7176;0.4945;106.1042;201.4;270.0;270.0;178.9
756.5;2.4505;2.4185;0.2390;0.2610;505;484;-0.0147;107.7405;0.7252;0.4945;107.7034;201.6;270.0;270.0;180.3
757.0;2.4643;2.4309;0.2033;0.2898;470;515;-0.0147;108.9466;0.7405;0.4945;108.5030;202.2;270.0;270.0;179.7
757.5;2.4776;2.4437;0.1854;0.2610;494;498;0.0733;110.1985;0.7481;0.5165;110.1023;203.0;270.0;270.0;181.3
758.0;2.4908;2.4560;0.1552;0.3187;460;531;-0.0147;111.4809;0.7634;0.5165;110.9019;203.8;270.0;270.0;180.0
758.5;2.5050;2.4684;0.0920;0.2898;492;501;-0.0049;112.7634;0.7710;0.5165;112.5011;201.4;270.0;270.0;179.7
759.0;2.5174;2.4812;0.1387;0.2898;484;509;-0.0147;114.0534;0.7863;0.5165;113.3007;203.0;270.0;270.0;180.8
759.5;2.5307;2.4936;0.0920;0.3764;447;546;-0.0049;115.3359;0.7939;0.5165;114.8999;204.5;270.0;270.0;179.7
760.0;2.5449;2.5060;0.0124;0.2610;527;472;-0.0049;116.7023;0.8092;0.5165;116.4991;201.9;270.0;270.0;180.5
760.5;2.5600;2.5183;-0.0041;0.2898;470;527;-0.0049;118.0687;0.8244;0.5165;117.2988;201.9;270.0;270.0;180.0
761.0;2.5760;2.5311;-0.2349;0.3475;451;544;0.0049;119.4351;0.8321;0.5165;118.8980;203.5;270.0;270.0;180.0
761.5;2.5907;2.5435;-0.3668;0.2898;492;503;-0.0733;120.7634;0.8473;0.4945;120.4972;201.4;270.0;270.0;179.5
762.0;2.6058;2.5559;-0.5385;0.3187;453;541;-0.0635;122.1679;0.8626;0.4945;122.0964;201.9;270.0;270.0;178.4
762.5;2.6213;2.5687;-0.4368;0.3475;457;537;-0.0733;123.5802;0.8702;0.4726;122.8960;203.0;270.0;270.0;178.7
763.0;2.6369;2.5810;-0.4725;0.4052;443;550;0.0147;124.9466;0.8855;0.4726;124.4952;204.3;270.0;270.0;178.2
763.5;2.6520;2.5934;-0.2321;0.3187;505;488;0.0049;126.3130;0.8931;0.4506;126.0945;201.9;270.0;270.0;178.4
764.0;2.6671;2.6062;0.0275;0.4052;445;544;-0.0831;127.7176;0.9084;0.4506;127.6937;205.1;270.0;270.0;178.9
764.5;2.6827;2.6186;0.0549;0.4052;474;509;-0.0049;129.1679;0.9160;0.4506;128.4933;203.2;270.0;270.0;178.2
765.0;2.6983;2.6310;0.1745;0.2898;521;458;-0.0147;130.6107;0.9313;0.4726;130.0925;201.1;270.0;270.0;178.4
765.5;2.7138;2.6433;-0.2280;0.4052;417;556;0.0831;132.0153;0.9389;0.4506;131.6917;204.8;270.0;270.0;178.7
766.0;2.7280;2.6561;-0.2321;0.3764;470;503;0.0049;133.4657;0.9542;0.4506;133.2909;203.8;270.0;270.0;178.4
766.5;2.7418;2.6685;-0.5014;0.4052;439;531;0.0147;134.8321;0.9618;0.4286;134.0906;204.0;270.0;270.0;178.2
767.0;2.7546;2.6809;-0.0728;0.4052;462;507;-0.0049;136.2748;0.9771;0.4286;135.6898;203.8;270.0;270.0;177.6
767.5;2.7679;2.6937;0.0124;0.4341;455;519;-0.0049;137.6412;0.9847;0.4286;137.2890;204.8;270.0;270.0;177.4
768.0;2.7811;2.7060;0.4258;0.3764;501;474;-0.0244;139.0916;1.0000;0.4506;138.8882;203.8;270.0;270.0;178.4
768.5;2.7944;2.7184;0.3283;0.3764;474;498;-0.0147;140.5343;1.0076;0.4506;140.4874;203.5;270.0;270.0;178.4
769.0;2.8077;2.7312;-0.0343;0.4052;453;523;0.0733;142.0229;1.0229;0.4506;141.2870;203.2;270.0;270.0;178.2
769.5;2.8210;2.7436;0.3723;0.4052;476;501;0.0635;143.4275;1.0305;0.4726;142.8863;203.0;270.0;270.0;177.1
770.0;2.8342;2.7560;0.0275;0.3475;490;490;0.1515;144.8779;1.0458;0.4726;144.4855;201.9;270.0;270.0;177.4
770.5;2.8471;2.7683;0.3709;0.4052;457;525;0.0635;146.3664;1.0534;0.4726;146.0847;203.0;270.0;270.0;176.8
771.0;2.8599;2.7811;-0.2321;0.3764;472;511;0.1613;147.8092;1.0687;0.4726;147.6839;201.4;270.0;270.0;176.6
771.5;2.8727;2.7935;-0.1401;0.4629;429;554;0.0049;149.3359;1.0840;0.4726;149.2831;204.5;270.0;270.0;177.1
772.0;2.8851;2.8059;-0.7404;0.4052;468;519;0.1026;150.7481;1.0916;0.4506;150.0827;203.0;270.0;270.0;176.8
772.5;2.8979;2.8187;-0.3338;0.4341;447;541;0.2493;152.2290;1.1069;0.4286;151.6820;204.0;270.0;270.0;176.6
773.0;2.9112;2.8310;-0.1140;0.4341;464;525;0.0831;153.7176;1.1145;0.4286;153.2812;203.0;270.0;270.0;176.0
773.5;2.9245;2.8434;-0.7321;0.4918;423;566;0.1026;155.2901;1.1298;0.4066;154.8804;204.8;270.0;270.0;176.0
774.0;2.9382;2.8562;-0.4615;0.4629;464;527;0.0147;156.8168;1.1374;0.4066;156.4796;203.5;270.0;270.0;176.0
774.5;2.9510;2.8686;-0.7761;0.5220;421;570;0.1808;158.2595;1.1527;0.3847;158.0788;205.3;270.0;270.0;175.8
775.0;2.9625;2.8810;-0.1635;0.4629;488;509;-0.0831;159.7481;1.1603;0.3627;159.6781;204.8;270.0;270.0;176.8
775.5;2.9730;2.8933;-0.4038;0.4341;470;527;0.0049;161.1985;1.1679;0.3627;160.4777;203.5;270.0;270.0;177.1
776.0;2.9835;2.9061;0.2280;0.4052;494;509;-0.0147;162.7252;1.1756;0.3627;162.0769;204.8;270.0;270.0;176.8
776.5;2.9936;2.9185;-0.1030;0.4341;458;539;-0.0049;164.1679;1.1908;0.3627;163.6761;204.8;270.0;270.0;177.4
777.0;3.0050;2.9309;-0.1209;0.4629;460;543;0.0831;165.7328;1.1985;0.3627;165.2753;204.8;270.0;270.0;176.8
777.5;3.0160;2.9437;-0.3750;0.4341;476;531;0.0929;167.2214;1.2061;0.3407;166.8746;204.0;270.0;270.0;176.3
778.0;3.0275;2.9560;-0.1937;0.4918;451;560;0.0049;168.7481;1.2214;0.3407;168.4738;204.8;270.0;270.0;176.0
778.5;3.0375;2.9684;0.3214;0.4341;515;505;-0.0147;170.1985;1.2290;0.3627;170.0730;203.0;270.0;270.0;176.0
779.0;3.0481;2.9812;-0.0069;0.4052;498;527;-0.0831;171.6870;1.2366;0.3627;171.6722;203.0;270.0;270.0;176.6
779.5;3.0586;2.9936;0.3942;0.4341;490;539;-0.0147;173.2137;1.2443;0.3627;172.4718;204.0;270.0;270.0;176.8
780.0;3.0691;3.0060;0.0783;0.4341;496;543;-0.0049;174.7405;1.2595;0.3627;174.0710;203.8;270.0;270.0;176.8
780.5;3.0788;3.0183;0.6566;0.4341;513;527;0.0538;176.2290;1.2672;0.3847;175.6703;203.2;270.0;270.0;177.1
781.0;3.0893;3.0311;0.6813;0.4052;529;517;0.1320;177.7557;1.2748;0.4066;177.2695;203.2;270.0;270.0;177.6
781.5;3.0994;3.0435;1.0687;0.3187;568;486;-0.1222;179.3206;1.2901;0.4286;178.8687;200.8;270.0;270.0;178.2
782.0;3.1094;3.0559;0.9231;0.3764;513;548;-0.0342;180.8473;1.2977;0.4726;180.4679;202.7;270.0;270.0;177.4
782.5;3.1209;3.0687;0.6909;0.3764;529;537;-0.0244;182.4580;1.3130;0.4726;182.0671;201.4;270.0;270.0;176.8
783.0;3.1319;3.0810;1.1635;0.3475;558;515;-0.0440;184.0611;1.3282;0.5165;183.6664;200.3;270.0;270.0;176.8
783.5;3.1429;3.0934;0.9684;0.2308;593;490;0.0440;185.6336;1.3435;0.5385;185.2656;197.7;270.0;270.0;177.4
784.0;3.1529;3.1062;1.2555;0.2308;562;529;-0.0538;187.2366;1.3588;0.5824;186.8648;196.4;270.0;270.0;176.8
784.5;3.1625;3.1186;0.8489;0.1442;587;507;-0.1124;188.8015;1.3740;0.6044;188.4640;193.2;270.0;270.0;177.1
785.0;3.1726;3.1310;1.1593;0.0865;593;509;-0.1222;190.4504;1.3969;0.6484;190.0632;191.3;270.0;270.0;177.9
785.5;3.1841;3.1433;0.5879;0.0000;595;517;-0.1026;192.0229;1.4122;0.6484;191.6625;188.7;270.0;270.0;177.4
786.0;3.1951;3.1561;0.6841;-0.0591;591;525;-0.1124;193.6641;1.4351;0.6703;193.2617;187.7;270.0;270.0;178.7
786.5;3.2065;3.1685;0.4684;-0.0591;566;554;-0.1026;195.3130;1.4504;0.6923;194.8609;186.6;270.0;270.0;177.6
787.0;3.2193;3.1809;0.4629;-0.0879;578;541;-0.1808;197.0840;1.4733;0.6923;196.4601;185.3;270.0;270.0;177.4
787.5;3.2335;3.1937;0.0879;-0.1168;566;548;-0.0929;198.8092;1.4962;0.7143;198.0593;183.7;270.0;270.0;177.1
788.0;3.2491;3.2060;-0.4973;-0.1168;541;580;-0.1515;200.4962;1.5191;0.6923;200.4582;184.2;270.0;270.0;177.1
788.5;3.2642;3.2184;-0.2761;-0.0879;533;580;-0.0733;202.2290;1.5344;0.6923;202.0574;185.3;270.0;270.0;177.4
789.0;3.2811;3.2312;-0.7541;-0.0302;507;607;-0.0635;203.9542;1.5573;0.6703;203.6566;187.1;270.0;270.0;176.6
789.5;3.2981;3.2436;-0.2953;0.0288;517;593;-0.0733;205.8473;1.5802;0.6484;205.2558;187.4;270.0;270.0;175.8
790.0;3.3150;3.2560;-0.6964;0.0577;513;595;0.0147;207.5343;1.5954;0.6264;206.8550;189.2;270.0;270.0;175.2
790.5;3.3324;3.2683;-0.6429;0.1731;476;627;0.0147;209.3817;1.6183;0.6044;209.2539;190.6;270.0;270.0;174.2
791.0;3.3494;3.2811;-0.9396;0.2308;488;617;0.0244;211.1527;1.6412;0.5824;210.8531;191.1;270.0;270.0;171.6
791.5;3.3668;3.2935;-0.7816;0.3764;453;646;0.1026;212.9542;1.6565;0.5605;212.4523;192.7;270.0;270.0;168.9
792.0;3.3837;3.3059;-0.5907;0.4629;474;623;0.1808;214.7252;1.6718;0.5385;214.0515;193.5;270.0;270.0;165.7
792.5;3.3993;3.3187;-0.4505;0.5797;464;634;0.1711;216.4122;1.6870;0.5385;215.6508;195.8;270.0;270.0;164.2
793.0;3.4135;3.3310;-0.4876;0.6662;466;625;0.2493;218.2214;1.7099;0.5165;218.0496;198.2;270.0;270.0;163.1
793.5;3.4277;3.3434;-1.0096;0.8118;423;668;0.2688;219.9466;1.7252;0.4945;219.6488;201.9;270.0;270.0;161.8
794.0;3.4409;3.3562;-0.6264;0.8695;464;629;0.2590;221.7557;1.7405;0.4726;221.2480;203.0;270.0;270.0;160.5
794.5;3.4551;3.3686;-1.0288;0.9272;451;642;0.2688;223.5649;1.7557;0.4506;222.8472;204.5;270.0;270.0;161.0
795.0;3.4693;3.3810;-0.4396;0.9272;488;603;0.0929;225.3741;1.7710;0.4286;225.2461;205.1;270.0;270.0;161.0
795.5;3.4817;3.3933;-0.2184;0.8695;517;576;0.1613;227.0611;1.7786;0.4286;226.8453;205.1;270.0;270.0;162.8
796.0;3.4940;3.4061;-0.1154;0.8407;513;586;0.2395;228.8702;1.7939;0.4286;228.4445;206.7;270.0;270.0;166.0
796.5;3.5055;3.4185;-0.0591;0.6951;558;535;0.2395;230.6031;1.8092;0.4286;230.0437;207.4;270.0;270.0;171.8
797.0;3.5160;3.4309;0.3173;0.4341;623;472;0.1417;232.2901;1.8168;0.4286;231.6429;205.9;270.0;270.0;178.9
797.5;3.5252;3.4437;0.7967;0.7527;415;685;0.0440;234.0153;1.8321;0.4506;230.0437;206.7;270.0;270.0;187.9
798.0;3.5348;3.4560;0.4753;0.8118;509;609;-0.0244;235.7023;1.8473;0.4726;231.6429;207.4;270.0;270.0;199.8
798.5;3.5430;3.4684;0.8462;0.8118;543;578;0.1222;237.4733;1.8626;0.4945;234.0418;206.4;270.0;270.0;213.5
799.0;3.5517;3.4812;0.3173;0.8118;523;591;0.0635;239.1985;1.8779;0.4945;235.6410;208.0;270.0;270.0;234.4
799.5;3.5609;3.4936;0.6277;0.7527;558;560;-0.0244;240.9695;1.8931;0.5165;237.2402;206.7;270.0;270.0;261.3
800.0;3.5691;3.5060;0.8613;0.8118;525;601;-0.0342;242.7405;1.9084;0.5385;238.8394;207.4;270.0;270.0;270.0
800.5;3.5783;3.5183;1.2418;0.6951;609;529;0.0342;244.5496;1.9313;0.5824;240.4387;205.3;270.0;270.0;270.0
801.0;3.5884;3.5311;1.0920;0.6951;568;580;-0.0440;246.3130;1.9466;0.6044;242.8375;206.1;270.0;270.0;270.0
801.5;3.5975;3.5435;0.9808;0.5797;613;539;-0.0342;248.0840;1.9695;0.6484;244.4367;204.0;270.0;270.0;270.0
802.0;3.6053;3.5559;0.9712;0.6951;527;632;0.0440;249.8092;1.9847;0.6703;246.0359;205.6;270.0;270.0;270.0
802.5;3.6131;3.5687;0.8324;0.5797;621;554;-0.0342;250.2672;2.0076;0.6923;247.6351;203.5;270.0;270.0;270.0
803.0;3.6213;3.5810;1.2967;0.5797;597;587;-0.0538;250.2672;2.0305;0.7363;249.2344;204.0;270.0;270.0;270.0
803.5;3.6300;3.5934;0.8736;0.5797;591;609;-0.1124;250.2672;2.0534;0.7582;251.6332;204.3;270.0;270.0;270.0
804.0;3.6387;3.6062;1.0920;0.5797;601;603;0.0342;250.2672;2.0763;0.7802;253.2324;203.8;270.0;270.0;270.0
804.5;3.6465;3.6186;0.6374;0.5797;591;623;-0.0244;250.2672;2.0992;0.8022;254.8316;203.2;270.0;270.0;270.0
805.0;3.6543;3.6310;1.0096;0.5797;609;617;0.0440;250.2672;2.1298;0.8241;256.4308;203.8;270.0;270.0;270.0
805.5;3.6630;3.6433;1.1745;0.4629;664;568;-0.0440;250.2672;2.1527;0.8681;258.8297;201.9;270.0;270.0;270.0
806.0;3.6722;3.6561;1.4602;0.5797;591;658;0.0244;250.2672;2.1832;0.9120;260.4289;203.5;270.0;270.0;270.0
806.5;3.6804;3.6685;1.4451;0.5220;666;597;-0.1320;250.2672;2.2137;0.9560;262.0281;203.0;270.0;270.0;270.0
807.0;3.6900;3.6809;1.1442;0.4629;662;605;-0.0440;250.2672;2.2443;0.9780;263.6273;202.2;270.0;270.0;270.0
807.5;3.7005;3.6937;1.6099;0.4629;660;621;-0.0635;250.2672;2.2824;1.0219;266.0262;201.4;270.0;270.0;270.0
808.0;3.7106;3.7060;1.2857;0.4629;656;634;-0.1320;250.2672;2.3130;1.0659;267.6254;201.9;270.0;270.0;270.0
808.5;3.7221;3.7184;1.3791;0.5220;636;658;-0.1320;250.2672;2.3511;1.1098;270.0242;203.0;270.0;270.0;270.0
809.0;3.7349;3.7312;0.6525;0.4629;662;634;-0.1124;250.2672;2.3893;1.1318;271.6234;202.2;270.0;270.0;270.0
809.5;3.7495;3.7436;0.3516;0.4052;656;642;-0.0147;250.2672;2.4275;1.1318;274.0223;201.1;270.0;270.0;270.0
810.0;3.7656;3.7560;-0.3118;0.5220;560;726;0.0831;250.2672;2.4733;1.1318;275.6215;202.7;270.0;270.0;270.0
810.5;3.7830;3.7683;-0.2596;0.6374;560;728;0.0831;250.2672;2.5115;1.1098;278.0203;204.5;270.0;270.0;270.0
811.0;3.8022;3.7807;-0.1923;0.5797;627;656;0.0049;250.2672;2.5573;1.1098;279.6195;203.8;270.0;270.0;270.0
811.5;3.8228;3.7930;-0.2651;0.6951;543;715;0.1613;250.2672;2.5954;1.1098;282.0184;205.6;270.0;270.0;270.0
812.0;3.8457;3.8049;-0.4052;0.5797;619;621;0.1711;250.2672;2.6412;1.0878;284.4172;203.8;270.0;270.0;270.0
812.5;3.8700;3.8168;-0.7926;0.5797;554;668;0.1808;250.2672;2.6794;1.0659;286.8160;204.3;270.0;270.0;270.0
813.0;3.8919;3.8288;-0.5000;0.6374;527;670;0.2493;250.2672;2.7176;1.0439;288.4153;204.8;270.0;270.0;270.0
813.5;3.9130;3.8402;-0.8091;0.5220;576;603;0.1808;250.2672;2.7557;1.0219;290.8141;203.0;270.0;270.0;270.0
814.0;3.9327;3.8516;-0.5357;0.5220;529;627;0.2590;250.2672;2.7939;1.0219;293.2129;202.7;270.0;270.0;270.0
814.5;3.9524;3.8631;-0.8819;0.5797;484;650;0.4252;250.2672;2.8397;0.9999;294.8121;203.8;270.0;270.0;270.0
815.0;3.9721;3.8741;-1.2816;0.6951;439;681;0.4448;250.2672;2.8702;0.9560;297.2109;205.6;270.0;270.0;270.0
815.5;3.9899;3.8851;-1.4217;0.6374;490;613;0.3666;250.2672;2.9084;0.9120;299.6098;205.1;270.0;270.0;270.0
816.0;4.0055;3.8956;-1.4794;0.6951;435;648;0.2884;250.2672;2.9389;0.8681;301.2090;205.9;270.0;270.0;270.0
816.5;4.0188;3.9061;-0.9492;0.7527;443;630;0.3470;250.2672;2.9695;0.8461;303.6078;207.2;270.0;270.0;270.0
817.0;4.0311;3.9167;-0.8777;0.7527;460;603;0.2688;250.2672;3.0000;0.8241;305.2071;206.9;270.0;270.0;270.0
817.5;4.0412;3.9272;-0.2308;0.7527;476;578;0.0831;250.2672;3.0305;0.8022;307.6059;206.9;270.0;270.0;270.0
818.0;4.0490;3.9373;-0.1016;0.6374;525;525;0.0831;250.2672;3.0611;0.8022;309.2051;204.8;270.0;270.0;270.0
818.5;4.0549;3.9473;0.7033;0.6374;503;541;0.0538;250.2672;3.0840;0.8241;311.6039;205.1;270.0;270.0;270.0
819.0;4.0591;3.9570;0.8681;0.5797;527;509;0.1222;250.2672;3.1145;0.8461;313.2032;203.5;270.0;270.0;270.0
819.5;4.0632;3.9670;1.3049;0.5797;519;517;0.0342;250.2672;3.1450;0.8901;314.8024;204.0;270.0;270.0;270.0
820.0;4.0678;3.9762;1.2624;0.5220;543;498;0.0342;250.2672;3.1756;0.9340;317.2012;203.0;270.0;270.0;270.0
820.5;4.0733;3.9858;1.0124;0.5797;492;548;0.0440;250.2672;3.2061;0.9560;318.8004;203.2;270.0;270.0;270.0
821.0;4.0783;3.9950;0.9038;0.5797;509;531;0.1222;250.2672;3.2443;0.9780;321.1992;204.5;270.0;270.0;270.0
821.5;4.0829;4.0041;0.8022;0.5797;501;529;-0.0342;250.2672;3.2748;0.9999;322.7985;203.5;270.0;270.0;270.0
822.0;4.0865;4.0128;1.1387;0.5797;509;517;0.0342;250.2672;3.3130;1.0439;325.1973;204.3;270.0;270.0;270.0
822.5;4.0893;4.0215;0.9574;0.5220;529;501;0.0440;250.2672;3.3511;1.0659;326.7965;202.4;270.0;270.0;270.0
823.0;4.0920;4.0302;1.3063;0.4629;543;492;-0.0538;250.2672;3.3817;1.1098;329.1953;202.2;270.0;270.0;270.0
823.5;4.0939;4.0385;1.0756;0.4629;517;519;0.0342;250.2672;3.4275;1.1318;330.7946;201.4;270.0;270.0;270.0
824.0;4.0957;4.0472;1.2734;0.5797;480;560;0.0342;250.2672;3.4656;1.1757;333.1934;203.2;270.0;270.0;270.0
824.5;4.0989;4.0549;1.5137;0.5220;552;492;0.0244;250.2672;3.5038;1.2197;334.7926;203.0;270.0;270.0;270.0
825.0;4.1016;4.0632;1.5179;0.4629;554;492;0.0244;250.2672;3.5496;1.2636;337.1914;201.9;270.0;270.0;270.0
825.5;4.1044;4.0710;1.5206;0.4052;558;492;-0.0635;250.2672;3.5954;1.3076;338.7906;201.1;270.0;270.0;270.0
826.0;4.1067;4.0788;1.3558;0.3475;558;496;-0.1320;250.2672;3.6412;1.3295;341.1895;200.1;270.0;270.0;270.0
826.5;4.1094;4.0861;1.6016;0.3475;544;507;-0.1417;250.2672;3.6870;1.3735;342.7887;200.1;270.0;270.0;270.0
827.0;4.1117;4.0934;1.3668;0.3475;541;517;-0.0538;250.2672;3.7328;1.4174;345.1875;200.1;270.0;270.0;270.0
827.5;4.1154;4.1007;1.4602;0.2308;589;468;-0.0538;250.2672;3.7863;1.4614;346.7867;198.2;270.0;270.0;270.0
828.0;4.1195;4.1076;1.0975;0.3475;494;566;-0.1222;250.2672;3.8397;1.5053;349.1856;200.1;270.0;270.0;270.0
828.5;4.1236;4.1145;0.6580;0.3475;525;539;-0.1124;250.2672;3.8931;1.5053;350.7848;199.8;270.0;270.0;270.0
829.0;4.1300;4.1213;0.2514;0.2898;535;525;-0.0929;250.2672;3.9542;1.5273;353.1836;198.7;270.0;270.0;270.0
829.5;4.1387;4.1277;0.1003;0.3475;486;570;-0.0049;250.2672;4.0153;1.5273;355.5825;199.3;270.0;270.0;270.0
830.0;4.1484;4.1342;0.1497;0.3475;503;543;-0.0147;250.2672;4.0763;1.5273;357.9813;200.1;270.0;270.0;270.0
830.5;4.1598;4.1406;-0.1470;0.2898;513;527;0.0049;250.2672;4.1374;1.5273;359.5805;199.0;270.0;270.0;270.0
831.0;4.1708;4.1465;-0.0742;0.2898;490;539;-0.0049;250.2672;4.1985;1.5273;361.9793;198.5;270.0;270.0;270.0
831.5;4.1795;4.1525;-0.0742;0.2308;505;507;-0.0831;250.2672;4.2519;1.5273;364.3782;198.2;270.0;270.0;270.0
832.0;4.1877;4.1584;0.3063;0.2898;470;537;-0.0147;250.2672;4.3053;1.5273;365.9774;198.7;270.0;270.0;270.0
832.5;4.1951;4.1639;0.2898;0.1154;550;443;-0.0929;250.2672;4.3664;1.5493;368.3762;196.1;270.0;270.0;270.0
833.0;4.2015;4.1694;0.2802;0.0000;529;455;-0.0147;250.2672;4.4198;1.5493;370.7751;193.2;270.0;270.0;270.0
833.5;4.2079;4.1745;0.2514;0.0000;482;494;0.1515;250.2672;4.4809;1.5493;372.3743;193.5;270.0;270.0;270.0
834.0;4.2129;4.1799;0.0316;-0.1744;537;427;0.1515;250.2672;4.5420;1.5493;374.7731;190.0;270.0;270.0;270.0
834.5;4.2179;4.1850;-0.0838;-0.2912;513;447;0.1613;250.2672;4.5954;1.5493;377.1719;187.9;270.0;270.0;270.0
835.0;4.2225;4.1896;-0.2706;-0.4643;531;425;0.0831;250.2672;4.6565;1.5493;378.7711;185.0;270.0;270.0;270.0
835.5;4.2266;4.1941;-0.0179;-0.5234;496;455;-0.0049;250.2672;4.7099;1.5493;381.1700;183.4;270.0;270.0;270.0
836.0;4.2299;4.1987;-0.0865;-0.6387;513;429;0.1613;250.2672;4.7710;1.5493;383.5688;182.1;270.0;270.0;270.0
836.5;4.2321;4.2033;-0.2788;-0.5810;443;496;0.0049;250.2672;4.8244;1.5273;385.1680;182.6;270.0;270.0;270.0
837.0;4.2340;4.2074;-0.3338;-0.6387;482;451;0.0831;250.2672;4.8855;1.5273;387.5669;182.1;270.0;270.0;270.0
837.5;4.2349;4.2115;-0.5192;-0.5810;435;498;0.0147;250.2672;4.9389;1.5053;389.1661;182.4;270.0;270.0;270.0
838.0;4.2367;4.2152;-0.7266;-0.6387;470;462;0.0244;250.2672;4.9924;1.4834;391.5649;181.6;270.0;270.0;248.4
838.5;4.2381;4.2193;-0.9299;-0.5234;398;531;0.0244;250.2672;5.0458;1.4614;393.9637;183.7;270.0;270.0;232.0
839.0;4.2390;4.2225;-0.9808;-0.4066;390;533;0.1124;250.2672;5.0992;1.4394;395.5630;185.8;270.0;270.0;219.6
839.5;4.2390;4.2262;-0.9904;-0.2321;365;558;0.1124;250.2672;5.1527;1.3955;397.9618;189.0;270.0;270.0;207.2
840.0;4.2404;4.2294;-0.7747;-0.1744;410;513;0.0244;250.2672;5.2061;1.3735;400.3606;189.5;270.0;270.0;197.7
840.5;4.2413;4.2326;-0.5082;-0.1744;437;484;0.0147;250.2672;5.2595;1.3735;401.9598;190.0;270.0;270.0;193.2
841.0;4.2418;4.2353;-0.4918;0.0000;369;546;0.0147;250.2672;5.3053;1.3515;404.3587;192.9;270.0;270.0;189.8
841.5;4.2418;4.2386;-0.1497;0.0577;415;498;0.0831;250.2672;5.3588;1.3515;406.7575;194.8;270.0;270.0;187.7
842.0;4.2408;4.2408;0.0165;0.1154;419;492;-0.0049;250.2672;5.4046;1.3515;408.3567;195.6;270.0;270.0;185.5
842.5;4.2399;4.2436;0.3420;0.1731;423;482;0.0635;250.2672;5.4580;1.3515;410.7556;196.9;270.0;270.0;185.0
843.0;4.2376;4.2459;0.6497;0.1731;455;455;-0.0244;250.2672;5.5038;1.3735;412.3548;196.6;270.0;270.0;184.8
843.5;4.2353;4.2482;0.7857;0.1154;480;427;-0.0342;250.2672;5.5573;1.3955;414.7536;194.8;270.0;270.0;184.5
844.0;4.2326;4.2500;1.0110;0.1731;441;460;0.0440;250.2672;5.6031;1.4394;416.3528;196.4;270.0;270.0;184.2
844.5;4.2303;4.2518;1.1016;0.1154;484;415;-0.0440;250.2672;5.6565;1.4614;418.7516;195.8;270.0;270.0;186.9
845.0;4.2266;4.2537;1.3599;0.1731;451;451;-0.0538;250.2672;5.7099;1.5053;421.1505;197.2;270.0;270.0;186.6
845.5;4.2234;4.2550;1.2637;0.1731;468;433;0.0342;250.2672;5.7710;1.5273;422.7497;197.2;270.0;270.0;187.4
846.0;4.2198;4.2569;1.2775;0.1154;492;413;-0.0538;250.2672;5.8244;1.5713;425.1485;195.8;270.0;270.0;186.3
846.5;4.2179;4.2578;1.1607;0.0577;492;413;-0.1222;250.2672;5.8855;1.6152;426.7477;194.8;270.0;270.0;185.3
847.0;4.2170;4.2592;1.1319;0.0577;470;433;-0.1222;250.2672;5.9466;1.6372;429.1466;194.8;270.0;270.0;184.5
847.5;4.2179;4.2601;1.1951;0.1154;449;453;-0.1320;250.2672;6.0076;1.6811;431.5454;195.8;270.0;270.0;185.3
848.0;4.2212;4.2605;1.1978;-0.0302;519;372;-0.1320;250.2672;6.0763;1.7031;433.9442;194.3;270.0;270.0;185.0
848.5;4.2253;4.2614;1.0137;-0.0879;486;404;-0.1222;250.2672;6.1450;1.7471;436.3430;194.8;270.0;270.0;186.3
849.0;4.2299;4.2619;0.6827;-0.0591;441;439;-0.1124;250.2672;6.2137;1.7471;437.9423;194.8;270.0;270.0;185.8
849.5;4.2349;4.2619;0.3832;-0.0879;447;419;-0.1026;250.2672;6.2824;1.7690;440.3411;194.0;270.0;270.0;186.1
850.0;4.2395;4.2624;0.1071;-0.0302;402;455;0.1515;250.2672;6.3511;1.7690;442.7399;195.3;270.0;270.0;185.5
850.5;4.2436;4.2624;0.2294;-0.0591;429;413;-0.0147;250.2672;6.4198;1.7690;445.1388;193.7;270.0;270.0;184.5
851.0;4.2477;4.2619;0.0536;-0.0591;410;421;-0.0049;250.2672;6.4886;1.7910;446.7380;192.9;270.0;270.0;184.8
851.5;4.2509;4.2619;0.1223;-0.0302;396;427;0.0733;250.2672;6.5573;1.7910;449.1368;194.3;270.0;270.0;184.5
852.0;4.2537;4.2614;-0.1030;-0.0879;415;398;0.0831;250.2672;6.6260;1.7910;451.5356;193.7;270.0;270.0;185.3
852.5;4.2560;4.2605;0.0426;-0.0591;384;419;-0.0049;250.2672;6.6947;1.7910;453.9345;194.5;270.0;270.0;185.3
853.0;4.2578;4.2601;0.0783;0.0000;369;425;0.1515;250.2672;6.7634;1.7910;455.5337;195.6;270.0;270.0;185.0
853.5;4.2592;4.2592;0.1827;-0.0879;417;367;0.1515;250.2672;6.8321;1.7910;457.9325;195.0;270.0;270.0;186.6
854.0;4.2582;4.2578;0.2253;0.0288;341;435;0.0635;250.2672;6.9008;1.7910;460.3314;196.6;270.0;270.0;185.3
854.5;4.2564;4.2569;-0.1758;-0.0879;412;361;0.1613;250.2672;6.9695;1.7910;461.9306;194.8;270.0;270.0;186.6
855.0;4.2555;4.2550;0.1387;-0.0302;353;408;0.1515;250.2672;7.0382;1.7910;464.3294;195.6;270.0;270.0;186.3
855.5;4.2541;4.2537;-0.1758;-0.0302;359;394;0.0831;250.2672;7.0992;1.7910;466.7282;195.6;270.0;270.0;186.1
856.0;4.2514;4.2518;0.1113;-0.0302;365;382;0.0733;250.2672;7.1679;1.7910;468.3275;194.8;270.0;270.0;185.0
856.5;4.2482;4.2500;0.0014;0.0000;349;394;0.0733;250.2672;7.2366;1.7910;470.7263;195.3;270.0;270.0;185.0
857.0;4.2445;4.2482;-0.2843;-0.0302;359;380;0.1613;250.2672;7.3053;1.7910;473.1251;195.3;270.0;270.0;186.1
857.5;4.2399;4.2459;-0.2720;0.0000;335;398;0.0831;250.2672;7.3664;1.7690;474.7243;197.9;270.0;270.0;186.6
858.0;4.2349;4.2436;-0.3228;-0.0879;376;357;0.0049;250.2672;7.4275;1.7690;477.1231;196.6;270.0;270.0;188.7
858.5;4.2299;4.2408;0.3736;-0.1168;376;355;-0.0147;250.2672;7.4962;1.7690;479.5220;194.8;270.0;270.0;187.9
859.0;4.2253;4.2386;0.3187;-0.0879;355;374;-0.0147;250.2672;7.5649;1.7910;481.1212;192.9;270.0;270.0;186.1
859.5;4.2207;4.2353;0.7280;-0.1168;384;341;-0.0342;250.2672;7.6260;1.8130;483.5200;191.9;270.0;270.0;185.3
860.0;4.2157;4.2326;0.4217;-0.1456;376;351;0.0635;250.2672;7.6947;1.8130;485.1193;191.1;270.0;270.0;185.5
860.5;4.2102;4.2294;0.5673;-0.0879;349;374;-0.0244;250.2672;7.7634;1.8350;487.5181;192.7;270.0;270.0;185.5
861.0;4.2033;4.2262;0.2404;-0.0879;357;363;-0.0147;250.2672;7.8244;1.8350;489.1173;192.9;270.0;270.0;185.8
861.5;4.1960;4.2225;0.5426;-0.0591;355;365;-0.0244;250.2672;7.8931;1.8569;491.5161;192.7;270.0;270.0;185.3
862.0;4.1886;4.2193;0.7885;-0.1456;402;316;-0.0342;250.2672;7.9618;1.8789;493.9149;191.3;270.0;270.0;186.3
862.5;4.1818;4.2152;0.4066;-0.1168;353;369;-0.1026;250.2672;8.0305;1.9009;495.5142;193.2;270.0;270.0;186.9
863.0;4.1740;4.2115;0.5577;-0.1456;376;341;-0.0244;250.2672;8.0992;1.9009;497.9130;192.7;270.0;270.0;187.4
863.5;4.1658;4.2074;0.4011;-0.1168;353;367;0.0635;250.2672;8.1679;1.9228;499.5122;193.7;270.0;270.0;186.9
864.0;4.1593;4.2033;0.8173;-0.1744;396;326;-0.0342;250.2672;8.2443;1.9448;501.9110;191.6;270.0;270.0;188.2
864.5;4.1534;4.1987;0.6923;-0.1456;361;357;-0.0244;250.2672;8.3130;1.9668;504.3099;192.7;270.0;270.0;187.7
865.0;4.1484;4.1941;1.1401;-0.2321;413;300;-0.0440;250.2672;8.3893;1.9888;505.9091;190.8;270.0;270.0;188.4
865.5;4.1433;4.1896;0.7473;-0.2033;361;349;-0.1124;250.2672;8.4656;2.0107;508.3079;191.6;270.0;270.0;188.4
866.0;4.1387;4.1850;0.7266;-0.2321;378;326;-0.1124;250.2672;8.5420;2.0327;510.7068;192.1;270.0;270.0;189.5
866.5;4.1355;4.1799;0.8695;-0.1744;345;345;-0.2004;250.2672;8.6183;2.0547;513.1056;192.9;270.0;270.0;189.2
867.0;4.1337;4.1745;0.8008;-0.2033;372;316;-0.1906;250.2672;8.6947;2.0986;514.7048;191.3;270.0;270.0;188.7
867.5;4.1328;4.1694;0.8228;-0.2624;380;296;-0.1124;250.2672;8.7786;2.1206;517.1036;191.1;270.0;270.0;189.5
868.0;4.1337;4.1639;0.5852;-0.2624;349;318;-0.0244;250.2672;8.8626;2.1206;519.5024;190.0;270.0;270.0;189.0
868.5;4.1346;4.1584;0.4890;-0.2033;318;333;-0.0244;250.2672;8.9466;2.1426;521.9013;191.3;270.0;270.0;189.2
869.0;4.1346;4.1525;0.3036;-0.2033;326;314;-0.0929;250.2672;9.0305;2.1426;523.5005;192.1;270.0;270.0;189.0
869.5;4.1337;4.1465;0.4588;-0.2912;357;273;-0.1026;250.2672;9.1069;2.1646;525.8994;190.0;270.0;270.0;190.3
870.0;4.1319;4.1406;0.1964;-0.2624;302;314;-0.0147;250.2672;9.1908;2.1646;528.2982;191.3;270.0;270.0;190.8
870.5;4.1314;4.1342;0.3173;-0.2321;300;306;-0.0147;250.2672;9.2748;2.1865;529.8974;191.6;270.0;270.0;190.3
871.0;4.1300;4.1277;0.2239;-0.2321;300;292;0.1515;250.2672;9.3588;2.1865;532.2962;192.1;270.0;270.0;189.0
871.5;4.1282;4.1213;0.1772;-0.2624;302;277;0.0733;250.2672;9.4351;2.1865;534.6951;190.0;270.0;270.0;189.0
872.0;4.1255;4.1145;0.0989;-0.2624;284;284;0.2297;250.2672;9.5191;2.1865;536.2943;190.8;270.0;270.0;189.8
872.5;4.1218;4.1076;0.1277;-0.2912;288;269;0.2297;250.2672;9.5954;2.1865;538.6931;190.0;270.0;270.0;190.0
873.0;4.1172;4.1007;-0.0316;-0.2624;261;286;-0.0049;250.2672;9.6794;2.1865;541.0919;192.1;270.0;270.0;191.3
873.5;4.1122;4.0934;-0.1951;-0.2321;251;286;0.0831;250.2672;9.7634;2.1865;542.6912;191.6;270.0;270.0;189.5
874.0;4.1053;4.0861;-0.0948;-0.2321;257;271;0.0831;250.2672;9.8397;2.1865;545.0900;190.8;270.0;270.0;189.0
874.5;4.0966;4.0788;-0.3462;-0.2624;257;263;0.0049;250.2672;9.9160;2.1865;546.6892;189.5;270.0;270.0;189.0
875.0;4.0870;4.0710;-0.2363;-0.2912;259;255;0.0049;250.2672;9.9924;2.1646;549.0880;189.2;270.0;270.0;188.4
875.5;4.0765;4.0632;-0.3585;-0.2912;243;267;0.1711;250.2672;10.0687;2.1646;550.6873;188.7;270.0;270.0;188.4
876.0;4.0650;4.0549;-0.1662;-0.2624;238;271;0.0831;250.2672;10.1374;2.1646;553.0861;188.7;270.0;270.0;187.9
876.5;4.0554;4.0472;-0.5110;-0.2912;245;259;0.0147;250.2672;10.2214;2.1426;554.6853;186.9;270.0;270.0;187.1
877.0;4.0462;4.0385;-0.3407;-0.3489;261;239;0.0049;250.2672;10.2977;2.1426;557.0841;185.0;270.0;270.0;187.1
877.5;4.0362;4.0302;-0.0728;-0.4066;267;230;-0.0049;250.2672;10.3664;2.1206;558.6833;181.8;270.0;270.0;186.1
878.0;4.0270;4.0215;0.2349;-0.5234;292;195;-0.0147;250.2672;10.4427;2.1426;561.0822;177.1;270.0;270.0;184.5
878.5;4.0174;4.0128;0.4890;-0.4643;239;243;-0.0244;250.2672;10.5191;2.1426;562.6814;176.6;270.0;270.0;181.6
879.0;4.0078;4.0041;0.3874;-0.4354;241;234;-0.0147;250.2672;10.5954;2.1646;565.0802;174.7;270.0;270.0;179.2
879.5;3.9977;3.9950;0.8819;-0.4354;261;208;0.0440;250.2672;10.6718;2.1865;566.6794;173.9;270.0;270.0;178.2
880.0;3.9876;3.9858;0.7266;-0.4066;245;220;-0.0342;250.2672;10.7481;2.2085;569.0782;171.3;270.0;270.0;175.2
880.5;3.9762;3.9762;1.1909;-0.4066;267;196;-0.0440;250.2672;10.8168;2.2305;570.6775;172.1;270.0;270.0;174.5
881.0;3.9657;3.9670;0.8626;-0.3777;245;212;-0.0342;250.2672;10.9008;2.2744;573.0764;171.0;270.0;270.0;172.3
881.5;3.9547;3.9570;0.6951;-0.2624;206;247;-0.0244;250.2672;10.9771;2.2744;574.6755;175.0;270.0;270.0;172.3
882.0;3.9423;3.9473;0.4038;-0.2624;234;214;-0.0147;250.2672;11.0534;2.2964;576.2748;174.5;270.0;270.0;172.3
882.5;3.9299;3.9373;0.4615;-0.3201;255;191;-0.1026;250.2672;11.1298;2.3184;578.6736;177.6;270.0;270.0;177.6
883.0;3.9162;3.9272;0.6291;-0.3777;263;183;-0.1026;250.2672;11.1985;2.3184;580.2728;178.2;270.0;270.0;180.0
883.5;3.9016;3.9167;0.3668;-0.3777;236;206;-0.0147;250.2672;11.2748;2.3404;581.8720;180.0;270.0;270.0;182.9
884.0;3.8860;3.9061;0.5934;-0.4354;261;181;-0.0244;250.2672;11.3511;2.3623;584.2709;180.8;270.0;270.0;185.3
884.5;3.8709;3.8956;0.5165;-0.4066;232;210;-0.1808;250.2672;11.4351;2.3623;585.8701;181.6;270.0;270.0;186.1
885.0;3.8576;3.8851;1.1799;-0.4643;279;161;-0.2102;250.2672;11.5115;2.4063;587.4693;181.3;270.0;270.0;187.7
885.5;3.8462;3.8741;0.9231;-0.4643;251;185;-0.2786;250.2672;11.5954;2.4282;589.8681;182.9;270.0;270.0;189.0
886.0;3.8342;3.8631;1.4808;-0.4931;275;157;-0.2981;250.2672;11.6794;2.4722;591.4673;182.6;270.0;270.0;190.0
886.5;3.8228;3.8516;1.1854;-0.5234;269;159;-0.3666;250.2672;11.7634;2.5161;593.8661;183.4;270.0;270.0;192.1
887.0;3.8118;3.8402;0.9629;-0.5234;251;171;-0.2786;250.2672;11.8473;2.5381;595.4654;184.5;270.0;270.0;192.4
887.5;3.7999;3.8288;0.5618;-0.5810;257;157;-0.2688;250.2672;11.9313;2.5601;597.8643;183.4;270.0;270.0;193.5
888.0;3.7875;3.8168;0.7280;-0.6099;251;157;-0.2688;250.2672;12.0153;2.5821;599.4634;182.9;270.0;270.0;193.5
888.5;3.7756;3.8049;1.0852;-0.6099;249;153;-0.4448;250.2672;12.1069;2.6040;601.0627;183.4;270.0;270.0;194.5
889.0;3.7619;3.7930;0.6525;-0.6387;245;153;-0.2688;250.2672;12.1908;2.6260;603.4615;184.2;270.0;270.0;195.8
889.5;3.7495;3.7807;0.9093;-0.6676;249;142;-0.1124;250.2672;12.2748;2.6480;605.0607;183.4;270.0;270.0;196.6
890.0;3.7404;3.7683;0.1236;-0.6676;216;167;-0.0929;250.2672;12.3740;2.6480;607.4595;183.2;270.0;270.0;195.8
890.5;3.7303;3.7560;0.0495;-0.6387;198;175;-0.0049;250.2672;12.4656;2.6480;609.0588;183.4;270.0;270.0;195.3
891.0;3.7212;3.7436;-0.4821;-0.6387;191;179;0.0929;250.2672;12.5573;2.6480;611.4576;184.2;270.0;270.0;195.8
891.5;3.7129;3.7312;-0.6580;-0.6099;173;191;0.1026;250.2672;12.6489;2.6260;613.0568;183.7;270.0;270.0;194.8
892.0;3.7056;3.7184;-1.3599;-0.6099;159;196;0.2004;250.2672;12.7405;2.5821;614.6560;184.0;270.0;270.0;194.5
892.5;3.6973;3.7060;-1.7610;-0.5810;136;214;0.1417;250.2672;12.8244;2.5381;617.0549;183.4;270.0;270.0;194.0
893.0;3.6886;3.6937;-1.4272;-0.6099;159;183;0.0440;250.2672;12.9084;2.4942;618.6541;184.0;270.0;270.0;194.5
893.5;3.6786;3.6809;-1.6099;-0.6099;142;195;0.2102;250.2672;12.9847;2.4502;621.0529;182.4;270.0;270.0;193.5
894.0;3.6667;3.6685;-1.0893;-0.5234;122;210;0.0342;250.2672;13.0611;2.4063;622.6522;185.0;270.0;270.0;192.9
894.5;3.6552;3.6561;-1.4657;-0.5234;140;191;-0.0342;250.2672;13.1374;2.3623;624.2513;185.0;270.0;270.0;193.2
895.0;3.6415;3.6433;-1.0453;-0.5810;169;157;-0.0440;250.2672;13.2137;2.3404;625.8506;184.0;270.0;270.0;194.0
895.5;3.6268;3.6310;-1.4794;-0.5234;118;206;0.1320;250.2672;13.2824;2.2964;628.2494;185.3;270.0;270.0;193.7
896.0;3.6126;3.6186;-1.0962;-0.5810;165;159;0.1124;250.2672;13.3511;2.2744;629.8486;184.2;270.0;270.0;194.0
896.5;3.5980;3.6062;-0.9780;-0.5522;140;185;0.0244;250.2672;13.4275;2.2305;631.4478;184.0;270.0;270.0;192.9
897.0;3.5824;3.5934;-0.4904;-0.5810;171;153;0.0929;250.2672;13.4886;2.2305;633.0471;182.9;270.0;270.0;192.7
897.5;3.5673;3.5810;-0.6456;-0.5234;138;187;0.1026;250.2672;13.5573;2.2085;634.6463;184.5;270.0;270.0;192.4
898.0;3.5531;3.5687;-0.8214;-0.5234;153;175;0.0244;250.2672;13.6336;2.1865;637.0451;184.5;270.0;270.0;193.2
898.5;3.5385;3.5559;0.0082;-0.6099;204;122;-0.0049;250.2672;13.6947;2.1865;638.6443;183.2;270.0;270.0;194.0
899.0;3.5247;3.5435;-0.0412;-0.5522;155;171;-0.0049;250.2672;13.7634;2.1865;640.2435;184.5;270.0;270.0;193.7
899.5;3.5110;3.5311;0.5096;-0.5522;189;138;-0.1026;250.2672;13.8321;2.1865;641.8428;183.4;270.0;270.0;193.2
900.0;3.4968;3.5183;0.2967;-0.6099;202;122;-0.0929;250.2672;13.8931;2.2085;643.4420;182.9;270.0;270.0;193.5
900.5;3.4826;3.5060;0.4203;-0.6099;185;138;-0.0147;250.2672;13.9618;2.2085;645.0412;181.8;270.0;270.0;192.9
901.0;3.4684;3.4936;-0.0371;-0.6676;195;128;-0.0831;250.2672;14.0305;2.2085;646.6404;181.1;270.0;270.0;193.5
901.5;3.4528;3.4812;0.2129;-0.6387;171;150;-0.0147;250.2672;14.0916;2.2305;649.0392;181.3;270.0;270.0;193.5
902.0;3.4386;3.4684;0.2060;-0.6676;193;132;-0.0147;250.2672;14.1603;2.2305;650.6385;180.8;270.0;270.0;193.5
902.5;3.4240;3.4560;-0.3407;-0.6387;157;165;0.0831;250.2672;14.2290;2.2085;652.2377;180.8;270.0;270.0;193.2
903.0;3.4084;3.4437;-0.2706;-0.6387;169;155;-0.0733;250.2672;14.2901;2.2085;653.8369;181.6;270.0;270.0;193.5
903.5;3.3929;3.4309;-0.5481;-0.6387;163;163;0.0147;250.2672;14.3511;2.1865;655.4362;182.4;270.0;270.0;194.8
904.0;3.3768;3.4185;0.0591;-0.6387;181;148;-0.0049;250.2672;14.4122;2.1865;657.0353;183.7;270.0;270.0;196.1
904.5;3.3613;3.4061;-0.1951;-0.6099;165;165;-0.0831;250.2672;14.4809;2.1865;658.6346;184.5;270.0;270.0;195.8
905.0;3.3462;3.3933;0.5096;-0.6387;204;128;-0.1026;250.2672;14.5420;2.2085;660.2338;184.0;270.0;270.0;195.3
905.5;3.3315;3.3810;0.2967;-0.6676;200;134;-0.0147;250.2672;14.6107;2.2085;661.8330;182.9;270.0;270.0;195.8
906.0;3.3164;3.3686;0.4959;-0.6676;196;138;-0.1026;250.2672;14.6718;2.2305;663.4323;181.8;270.0;270.0;195.0
906.5;3.3013;3.3562;0.3104;-0.6676;195;144;-0.1808;250.2672;14.7328;2.2305;665.0314;181.3;270.0;270.0;195.3
907.0;3.2875;3.3434;0.4464;-0.6964;208;128;-0.1808;250.2672;14.8015;2.2525;666.6307;181.1;270.0;270.0;195.0
907.5;3.2752;3.3310;0.4918;-0.7253;210;126;-0.0244;250.2672;14.8702;2.2525;668.2299;181.8;270.0;270.0;196.9
908.0;3.2642;3.3187;-0.1484;-0.7253;185;152;-0.1613;250.2672;14.9389;2.2525;670.6287;182.1;270.0;270.0;197.2
908.5;3.2541;3.3059;-0.1909;-0.7253;181;150;-0.0831;250.2672;15.0076;2.2525;672.2280;181.8;270.0;270.0;196.6
909.0;3.2445;3.2935;-0.6538;-0.6676;148;181;0.0147;250.2672;15.0687;2.2305;673.8271;181.8;270.0;270.0;195.3
909.5;3.2358;3.2811;-0.3489;-0.6964;181;142;-0.0733;250.2672;15.1374;2.2305;675.4264;182.1;270.0;270.0;195.3
910.0;3.2294;3.2683;-0.5330;-0.6964;163;152;-0.0635;250.2672;15.2061;2.2085;677.0256;182.1;270.0;270.0;195.6
910.5;3.2225;3.2560;-0.2514;-0.6676;157;150;-0.0733;250.2672;15.2748;2.2085;678.6248;182.9;270.0;270.0;195.8
911.0;3.2147;3.2436;-0.5206;-0.6964;165;134;-0.0635;250.2672;15.3359;2.1865;680.2241;182.6;270.0;270.0;196.9
911.5;3.2070;3.2312;-0.6937;-0.6387;128;163;-0.0635;250.2672;15.4046;2.1646;682.6229;183.4;270.0;270.0;195.8
912.0;3.1996;3.2184;-0.9121;-0.6676;146;136;0.0244;250.2672;15.4656;2.1426;684.2221;185.0;270.0;270.0;197.7
912.5;3.1914;3.2060;-0.7679;-0.6676;138;138;0.0244;250.2672;15.5267;2.1206;685.8213;184.5;270.0;270.0;197.4
913.0;3.1822;3.1937;-0.4684;-0.6387;130;138;0.0147;250.2672;15.5878;2.0986;687.4205;185.5;270.0;270.0;197.9
913.5;3.1726;3.1809;-0.8338;-0.6387;126;134;0.0244;250.2672;15.6489;2.0767;689.0197;185.0;270.0;270.0;196.9
914.0;3.1630;3.1685;-0.5192;-0.6099;120;134;0.1711;250.2672;15.7099;2.0767;690.6190;184.5;270.0;270.0;195.6
914.5;3.1538;3.1561;-0.9423;-0.6387;126;124;0.1906;250.2672;15.7634;2.0327;692.2182;183.2;270.0;270.0;195.0
915.0;3.1442;3.1433;-0.5783;-0.6964;144;103;0.0929;250.2672;15.8244;2.0327;693.8174;183.2;270.0;270.0;196.4
915.5;3.1342;3.1310;-0.4657;-0.6676;114;124;0.0929;250.2672;15.8779;2.0107;695.4166;184.8;270.0;270.0;197.2
916.0;3.1236;3.1186;-0.1071;-0.6387;120;112;-0.0049;250.2672;15.9389;2.0107;697.0159;183.4;270.0;270.0;195.6
916.5;3.1122;3.1062;-0.2940;-0.6387;122;107;0.1613;250.2672;15.9924;1.9888;698.6151;183.7;270.0;270.0;196.1
917.0;3.0998;3.0934;-0.6332;-0.6387;110;114;0.0929;250.2672;16.0382;1.9888;700.2143;182.9;270.0;270.0;195.0
917.5;3.0865;3.0810;-0.4354;-0.6676;124;99;0.0147;250.2672;16.0916;1.9668;701.8135;181.6;270.0;270.0;194.3
918.0;3.0714;3.0687;-0.6882;-0.6676;109;112;0.1026;250.2672;16.1450;1.9448;702.6131;182.1;270.0;270.0;194.8
918.5;3.0559;3.0559;-0.4176;-0.6676;114;107;0.0929;250.2672;16.1908;1.9448;704.2123;181.6;270.0;270.0;194.8
919.0;3.0403;3.0435;-0.8297;-0.6099;85;138;0.0244;250.2672;16.2443;1.9228;705.8115;183.7;270.0;270.0;195.3
919.5;3.0252;3.0311;-0.7129;-0.6387;116;107;0.0244;250.2672;16.2901;1.9009;707.4108;182.4;270.0;270.0;195.0
920.0;3.0110;3.0183;-1.0536;-0.6387;99;124;0.1124;250.2672;16.3435;1.8569;709.0100;183.2;270.0;270.0;194.8
920.5;2.9973;3.0060;-0.7102;-0.6387;109;114;0.0244;250.2672;16.3893;1.8350;710.6092;181.6;270.0;270.0;194.0
921.0;2.9844;2.9936;-0.4959;-0.6387;112;109;0.0929;250.2672;16.4427;1.8350;712.2084;183.2;270.0;270.0;194.5
921.5;2.9707;2.9812;-0.0920;-0.6387;122;99;-0.0049;250.2672;16.4886;1.8350;713.0081;181.6;270.0;270.0;194.0
922.0;2.9574;2.9684;0.0041;-0.6387;124;95;-0.0049;250.2672;16.5344;1.8350;714.6072;182.6;270.0;270.0;194.3
922.5;2.9446;2.9560;-0.1978;-0.6387;118;99;0.0049;250.2672;16.5802;1.8130;716.2065;182.6;270.0;270.0;195.0
923.0;2.9318;2.9437;0.2019;-0.6387;128;89;-0.0929;250.2672;16.6260;1.8350;717.8057;182.4;270.0;270.0;194.8
923.5;2.9199;2.9309;-0.1003;-0.6676;128;83;-0.0049;250.2672;16.6794;1.8130;719.4049;181.3;270.0;270.0;195.3
924.0;2.9071;2.9185;0.1442;-0.7541;153;56;-0.0147;250.2672;16.7252;1.8350;721.0042;180.0;270.0;270.0;195.3
924.5;2.8951;2.9061;-0.0920;-0.6676;91;116;-0.0049;250.2672;16.7710;1.8350;721.8038;181.3;270.0;270.0;195.3
925.0;2.8832;2.8933;-0.1786;-0.6387;105;101;0.0049;250.2672;16.8168;1.8130;723.4030;182.4;270.0;270.0;194.5
925.5;2.8700;2.8810;-0.4382;-0.6387;107;97;-0.0733;250.2672;16.8626;1.8130;725.0022;181.3;270.0;270.0;194.0
926.0;2.8553;2.8686;-0.3132;-0.6676;118;83;-0.0733;250.2672;16.9008;1.7910;726.6014;181.6;270.0;270.0;194.5
926.5;2.8402;2.8562;-0.1332;-0.6676;114;89;-0.0049;250.2672;16.9466;1.7910;727.4010;181.6;270.0;270.0;194.5
927.0;2.8255;2.8434;-0.4066;-0.6676;109;95;0.0049;250.2672;16.9847;1.7910;729.0002;180.0;270.0;270.0;192.9
927.5;2.8109;2.8310;-0.1772;-0.6387;105;99;-0.0831;250.2672;17.0305;1.7690;730.5994;179.5;270.0;270.0;190.8
928.0;2.7976;2.8187;-0.3571;-0.6099;99;105;0.0049;250.2672;17.0763;1.7690;731.3990;178.2;268.7;270.0;189.0
928.5;2.7834;2.8059;-0.0234;-0.6676;136;67;-0.0049;250.2672;17.1145;1.7690;732.9983;176.0;266.0;270.0;189.0
929.0;2.7688;2.7935;0.0673;-0.6387;110;93;-0.0049;250.2672;17.1603;1.7690;734.5975;174.5;265.8;270.0;186.6
929.5;2.7546;2.7811;0.3297;-0.6099;116;87;-0.0929;250.2672;17.1985;1.7690;735.3971;174.2;266.0;270.0;184.5
930.0;2.7381;2.7683;0.2308;-0.6387;134;69;-0.1711;250.2672;17.2366;1.7910;736.9963;171.0;262.3;270.0;182.1
930.5;2.7225;2.7560;0.4272;-0.6964;152;54;-0.1808;250.2672;17.2748;1.7910;738.5955;168.1;261.0;270.0;180.5
931.0;2.7060;2.7436;0.3393;-0.6964;134;75;-0.1808;250.2672;17.3206;1.8130;739.3951;166.0;261.8;270.0;178.9
931.5;2.6891;2.7312;0.4492;-0.6676;128;81;-0.1808;250.2672;17.3588;1.8130;740.9944;166.3;261.8;270.0;178.4
932.0;2.6731;2.7184;0.5618;-0.7253;161;52;-0.1026;250.2672;17.4046;1.8350;742.5936;164.4;261.8;270.0;178.4
932.5;2.6571;2.7060;0.1854;-0.7541;144;71;-0.0929;250.2672;17.4427;1.8350;743.3932;163.1;260.2;270.0;177.9
933.0;2.6419;2.6937;0.0069;-0.7541;132;85;-0.1613;250.2672;17.4886;1.8350;744.9924;161.5;259.2;270.0;177.1
933.5;2.6273;2.6809;-0.3338;-0.7541;124;93;-0.2297;250.2672;17.5267;1.8350;745.7921;161.5;258.7;270.0;177.1
934.0;2.6140;2.6685;-0.2706;-0.8132;148;71;-0.0733;250.2672;17.5725;1.8350;747.3912;160.5;257.6;270.0;177.6
934.5;2.6012;2.6561;-0.5467;-0.8420;132;87;-0.1515;250.2672;17.6183;1.8130;748.9905;161.8;256.3;270.0;179.5
935.0;2.5893;2.6433;-0.4080;-0.8420;124;91;-0.0733;250.2672;17.6565;1.7910;750.5897;162.6;255.7;270.0;181.1
935.5;2.5783;2.6310;-0.7321;-0.8709;124;87;-0.0635;250.2672;17.7023;1.7690;751.3893;163.9;255.2;270.0;183.7
936.0;2.5687;2.6186;-0.8709;-0.9574;140;69;-0.1320;250.2672;17.7481;1.7471;752.9885;164.4;256.3;270.0;187.7
936.5;2.5595;2.6062;-0.8022;-1.0453;142;62;-0.1320;250.2672;17.7863;1.7251;754.5878;166.5;256.8;270.0;192.4
937.0;2.5504;2.5934;-0.8462;-1.1607;152;48;0.0244;250.2672;17.8244;1.7031;755.3873;168.1;256.8;270.0;197.2
937.5;2.5412;2.5810;-0.8393;-1.2761;152;44;-0.0538;250.2672;17.8626;1.6811;756.9866;170.2;255.2;270.0;203.2
938.0;2.5325;2.5687;-1.1099;-1.3929;146;44;-0.0440;250.2672;17.9008;1.6592;758.5858;172.6;253.9;270.0;210.6
938.5;2.5224;2.5559;-1.1305;-1.5673;163;19;0.0342;250.2672;17.9389;1.6152;759.3854;172.9;253.6;270.0;216.4
939.0;2.5133;2.5435;-1.5014;-1.9148;216;-36;-0.0342;250.2672;17.9771;1.5713;760.9846;175.2;253.9;270.0;230.4
939.5;2.5037;2.5311;-1.5755;-1.5151;-32;206;-0.0342;250.2672;18.0076;1.5273;770.5800;176.0;254.2;270.0;239.6
940.0;2.4931;2.5183;-1.9299;-1.1140;-56;226;-0.0147;250.2672;18.0458;1.4834;771.3796;180.5;253.1;270.0;250.2
940.5;2.4831;2.5060;-2.0124;-0.7143;-71;238;0.0635;250.2672;18.0763;1.4174;772.9788;182.1;244.4;270.0;260.2
941.0;2.4730;2.4936;-2.3654;-0.5810;-3;165;0.1613;250.2672;18.1069;1.3515;773.7784;182.4;244.7;270.0;270.0
941.5;2.4615;2.4812;-2.5124;-0.5234;17;146;0.1613;250.2672;18.1374;1.2856;775.3776;184.0;245.2;270.0;270.0
942.0;2.4515;2.4689;-2.1827;-0.4066;3;157;0.0733;250.2672;18.1679;1.2197;776.9768;185.3;245.7;270.0;270.0
942.5;2.4391;2.4570;-1.9876;-0.5234;83;77;0.2297;250.2672;18.1908;1.1538;777.7764;183.7;245.2;270.0;270.0
943.0;2.4267;2.4451;-1.3723;-0.4643;44;118;0.2004;250.2672;18.2137;1.1098;778.5760;184.5;244.9;270.0;270.0
943.5;2.4139;2.4332;-1.0824;-0.4643;69;95;0.1124;250.2672;18.2366;1.0878;780.1752;184.8;244.7;270.0;270.0
944.0;2.4016;2.4217;-0.4244;-0.4066;67;101;0.0929;250.2672;18.2595;1.0659;780.9749;185.5;242.8;270.0;270.0
944.5;2.3878;2.4103;-0.2239;-0.5234;132;40;0.2395;250.2672;18.2748;1.0659;782.5741;184.0;241.2;270.0;270.0
945.0;2.3745;2.3993;0.1277;-0.5234;105;69;0.1515;250.2672;18.2977;1.0659;783.3737;184.2;239.4;270.0;270.0
945.5;2.3617;2.3883;0.3832;-0.5810;134;48;-0.0147;250.2672;18.3206;1.0878;784.9729;183.4;238.3;270.0;270.0
946.0;2.3498;2.3773;0.3819;-0.5234;97;87;-0.0147;250.2672;18.3435;1.0878;785.7725;183.2;237.8;270.0;270.0
946.5;2.3375;2.3663;0.4190;-0.5810;136;50;-0.0147;250.2672;18.3664;1.1098;787.3718;183.2;236.7;270.0;270.0
947.0;2.3246;2.3558;0.3091;-0.5234;99;93;-0.0147;250.2672;18.3893;1.1098;788.1713;183.4;236.5;270.0;270.0
947.5;2.3123;2.3452;0.3159;-0.4066;79;114;-0.0147;250.2672;18.4122;1.1318;788.9709;185.5;235.7;270.0;270.0
948.0;2.2999;2.3347;0.0440;-0.5234;150;50;-0.0049;250.2672;18.4351;1.1318;790.5702;184.0;235.2;270.0;270.0
948.5;2.2880;2.3246;0.0206;0.0000;-62;267;-0.0049;250.2672;18.4580;1.1318;791.3698;184.5;234.4;268.9;270.0
949.0;2.2770;2.3146;-0.3324;0.0000;97;114;0.0831;250.2672;18.4809;1.1098;792.9690;185.0;232.5;267.1;270.0
949.5;2.2665;2.3049;-0.4341;0.0000;95;118;0.0147;250.2672;18.4962;1.1098;793.7686;184.5;230.9;263.7;270.0
950.0;2.2569;2.2953;-0.6772;0.0000;91;126;0.1026;250.2672;18.5191;1.0878;794.5682;185.0;229.6;262.9;270.0
950.5;2.2454;2.2857;-0.4904;0.0000;97;122;0.0929;250.2672;18.5420;1.0659;796.1675;184.8;229.6;263.1;270.0
951.0;2.2344;2.2766;-0.2033;0.0000;105;118;0.0831;250.2672;18.5649;1.0659;796.9670;186.1;229.1;264.2;270.0
951.5;2.2230;2.2669;-0.0055;0.0000;114;114;-0.0049;250.2672;18.5878;1.0659;798.5663;184.8;230.1;261.8;270.0
952.0;2.2125;2.2582;0.3187;0.0000;124;109;-0.0147;250.2672;18.6031;1.0659;799.3659;184.5;229.6;261.3;270.0
952.5;2.2028;2.2491;0.3036;0.0000;126;112;0.0635;250.2672;18.6260;1.0878;800.1655;184.0;229.4;261.3;270.0
953.0;2.1928;2.2404;0.7115;0.0000;140;103;-0.1906;250.2672;18.6489;1.1098;801.7647;184.5;229.6;261.8;270.0
953.5;2.1836;2.2317;0.6470;0.0000;140;107;-0.0244;250.2672;18.6718;1.1098;802.5643;184.0;229.4;261.3;270.0
954.0;2.1749;2.2234;0.7651;0.0000;146;107;0.0440;250.2672;18.6870;1.1318;803.3640;184.5;229.9;262.3;270.0
954.5;2.1667;2.2152;0.5714;0.0000;142;112;-0.0244;250.2672;18.7099;1.1538;804.9631;184.0;230.4;257.3;270.0
955.0;2.1580;2.2070;0.5234;0.0000;142;116;0.0538;250.2672;18.7328;1.1757;805.7628;183.7;230.4;258.7;270.0
955.5;2.1488;2.1992;0.6291;0.0000;146;114;-0.0244;250.2672;18.7557;1.1977;806.5624;184.8;229.6;258.4;270.0
956.0;2.1401;2.1914;0.5357;0.0000;146;120;0.0538;250.2672;18.7786;1.1977;808.1616;184.5;229.1;257.3;270.0
956.5;2.1314;2.1836;0.6126;0.0000;150;118;0.0538;250.2672;18.8015;1.2197;808.9612;184.5;226.5;254.4;270.0
957.0;2.1227;2.1758;0.2555;0.0000;144;132;-0.0147;250.2672;18.8244;1.2417;809.7608;184.0;224.9;254.4;270.0
957.5;2.1140;2.1685;0.2816;0.0000;146;132;-0.0147;250.2672;18.8473;1.2417;811.3600;183.2;224.1;255.7;270.0
958.0;2.1062;2.1616;0.1181;0.0000;142;138;0.0733;250.2672;18.8702;1.2417;812.1597;182.9;224.3;255.7;270.0
958.5;2.0994;2.1543;0.2816;0.0000;150;136;-0.0147;250.2672;18.8931;1.2417;812.9593;182.1;222.5;253.9;270.0
959.0;2.0920;2.1474;0.2816;0.0000;152;138;0.0635;250.2672;18.9160;1.2636;814.5585;184.0;222.8;251.0;270.0
959.5;2.0842;2.1410;0.5179;0.0000;159;134;0.0538;250.2672;18.9389;1.2636;815.3581;183.4;221.4;250.7;270.0
960.0;2.0765;2.1342;0.3860;0.0000;157;140;0.0635;250.2672;18.9618;1.2856;816.1577;184.2;220.9;250.2;270.0
960.5;2.0687;2.1277;0.4080;0.0000;161;142;-0.1026;250.2672;18.9847;1.3076;817.7569;184.0;220.1;248.6;270.0
961.0;2.0614;2.1218;0.6786;0.0000;171;136;-0.0244;250.2672;19.0076;1.3076;818.5565;182.6;218.5;246.0;270.0
961.5;2.0540;2.1154;0.5934;0.0000;171;140;-0.0244;250.2672;19.0305;1.3295;819.3561;183.7;216.4;243.3;270.0
962.0;2.0472;2.1094;0.7473;0.0000;179;138;-0.1124;250.2672;19.0611;1.3515;820.1558;182.4;215.1;242.3;270.0
962.5;2.0408;2.1039;0.4918;0.0000;175;148;-0.0244;250.2672;19.0840;1.3735;821.7549;184.0;215.6;240.7;270.0
963.0;2.0343;2.0980;0.4712;0.0000;177;150;-0.0244;250.2672;19.1069;1.3735;822.5546;182.9;215.1;240.4;270.0
963.5;2.0288;2.0929;0.1772;0.0000;171;159;-0.0147;250.2672;19.1374;1.3955;823.3542;182.4;215.1;237.5;270.0
964.0;2.0238;2.0875;0.3407;0.0000;179;157;-0.0929;250.2672;19.1603;1.3955;824.9534;182.1;214.8;236.0;270.0
964.5;2.0192;2.0824;0.2692;0.0000;179;161;-0.0147;250.2672;19.1832;1.3955;825.7530;182.4;215.1;232.8;270.0
965.0;2.0142;2.0774;0.3929;0.0000;183;157;-0.1026;250.2672;19.2137;1.4174;826.5526;182.9;214.8;231.7;270.0
965.5;2.0096;2.0723;0.3049;0.0000;185;163;-0.0929;250.2672;19.2366;1.4174;828.1519;181.6;215.4;231.5;270.0
966.0;2.0055;2.0678;0.0701;0.0000;181;169;-0.0049;250.2672;19.2595;1.4174;828.9515;182.4;214.3;228.8;270.0
966.5;2.0018;2.0632;0.2157;0.0000;185;167;-0.1711;250.2672;19.2901;1.4394;829.7510;181.1;213.3;227.8;270.0
967.0;1.9991;2.0586;0.1346;0.0000;187;171;-0.0929;250.2672;19.3130;1.4394;830.5507;181.1;213.0;228.3;270.0
967.5;1.9968;2.0545;0.1580;0.0000;187;169;-0.0929;250.2672;19.3435;1.4394;832.1499;182.1;212.2;228.8;270.0
968.0;1.9954;2.0504;-0.0879;0.0000;183;177;-0.0831;250.2672;19.3740;1.4394;832.9495;182.4;210.6;228.0;270.0
968.5;1.9945;2.0467;-0.0632;0.0000;183;177;-0.0049;250.2672;19.3969;1.4394;834.5487;182.9;209.0;227.0;270.0
969.0;1.9936;2.0430;-0.2706;0.0000;177;183;0.0049;250.2672;19.4198;1.4394;835.3483;183.4;208.2;226.5;270.0
969.5;1.9922;2.0394;-0.1387;0.0000;181;179;-0.1613;250.2672;19.4504;1.4174;836.1479;182.4;208.0;225.9;270.0
970.0;1.9927;2.0357;-0.0591;0.0000;185;177;-0.0831;250.2672;19.4733;1.4174;836.9476;182.4;206.9;225.7;270.0
970.5;1.9936;2.0325;-0.3242;0.0000;177;183;0.0049;250.2672;19.5038;1.4174;838.5468;183.2;206.9;224.1;270.0
971.0;1.9954;2.0293;-0.3668;0.0000;175;185;-0.0733;250.2672;19.5344;1.3955;839.3464;182.1;206.1;223.3;270.0
971.5;1.9968;2.0266;-0.4217;0.0000;175;185;-0.1515;250.2672;19.5573;1.3955;840.9456;182.4;204.8;221.4;270.0
972.0;1.9982;2.0238;-0.2143;0.0000;177;179;0.0049;250.2672;19.5878;1.3955;841.7452;182.1;204.0;223.3;270.0
972.5;1.9995;2.0211;-0.2019;0.0000;177;179;0.0049;250.2672;19.6107;1.3735;842.5448;182.1;203.2;223.3;270.0
973.0;2.0009;2.0183;0.0124;0.0000;181;171;-0.0049;250.2672;19.6412;1.3735;844.1440;182.9;202.2;222.2;270.0
973.5;2.0018;2.0160;-0.1429;0.0000;177;177;0.0049;250.2672;19.6641;1.3735;844.9437;182.4;200.3;221.4;270.0
974.0;2.0032;2.0142;-0.0316;0.0000;181;175;-0.0831;250.2672;19.6870;1.3735;845.7433;181.8;199.3;220.4;270.0
974.5;2.0046;2.0119;-0.0852;0.0000;179;175;-0.0049;250.2672;19.7176;1.3735;847.3425;182.1;199.3;218.5;270.0
975.0;2.0055;2.0101;-0.0179;0.0000;181;173;0.0733;250.2672;19.7405;1.3735;848.1421;182.6;198.7;217.5;270.0
975.5;2.0064;2.0082;0.0206;0.0000;183;173;-0.0049;250.2672;19.7634;1.3735;848.9417;182.4;198.5;216.4;270.0
976.0;2.0073;2.0069;-0.1071;0.0000;179;177;-0.0049;250.2672;19.7939;1.3735;850.5409;182.9;198.5;213.5;270.0
976.5;2.0082;2.0055;-0.1016;0.0000;179;177;-0.0049;250.2672;19.8168;1.3735;851.3405;184.0;198.5;211.9;270.0
977.0;2.0096;2.0041;-0.2349;0.0000;177;181;0.0049;250.2672;19.8397;1.3515;852.1401;182.1;198.5;210.9;270.0
977.5;2.0114;2.0032;0.0124;0.0000;183;175;-0.0049;250.2672;19.8702;1.3515;853.7394;183.2;199.3;209.6;270.0
978.0;2.0137;2.0023;-0.1470;0.0000;179;179;0.0831;250.2672;19.8931;1.3515;854.5389;183.4;198.5;208.0;270.0
978.5;2.0165;2.0014;-0.0687;0.0000;181;179;0.0733;250.2672;19.9237;1.3515;855.3386;184.0;198.5;206.4;270.0
979.0;2.0197;2.0009;-0.2253;0.0000;175;183;0.0831;250.2672;19.9466;1.3515;856.9378;183.4;197.9;205.9;270.0
979.5;2.0229;2.0005;-0.2486;0.0000;173;183;0.0831;250.2672;19.9695;1.3515;857.7374;183.4;197.4;205.9;270.0
980.0;2.0252;2.0000;-0.1168;0.0000;175;179;0.0831;250.2672;19.9924;1.3295;858.5370;182.9;195.6;205.6;270.0
980.5;2.0279;2.0000;-0.0494;0.0000;177;177;0.0733;250.2672;20.0229;1.3295;860.1362;182.9;193.7;203.8;270.0
981.0;2.0307;2.0000;-0.1140;0.0000;177;179;-0.0049;250.2672;20.0458;1.3295;860.9359;185.0;193.7;202.2;270.0
981.5;2.0330;2.0000;-0.3118;0.0000;167;183;0.0831;250.2672;20.0687;1.3295;861.7355;183.4;192.9;202.2;270.0
982.0;2.0357;2.0000;-0.0838;-0.0151;243;103;0.0733;1.0840;0.0000;-0.0109;0.5557;184.8;194.5;208.0;270.0
982.5;2.0375;2.0000;-0.2253;-0.0453;243;101;0.0049;2.1298;-0.0076;-0.0109;1.3553;183.4;193.5;204.3;270.0
983.0;2.0389;2.0000;-0.0659;-0.0907;253;89;-0.0049;3.1679;-0.0076;-0.0109;2.9546;184.0;191.9;202.2;270.0
983.5;2.0394;2.0000;-0.1387;-0.1511;257;83;-0.0049;4.1374;-0.0076;-0.0328;3.7542;183.4;190.6;200.3;270.0
984.0;2.0389;2.0000;0.0014;-0.2253;267;71;0.0733;5.1374;-0.0076;-0.0328;4.5538;183.4;190.0;199.8;270.0
984.5;2.0380;2.0000;-0.3022;-0.3159;267;71;0.0049;6.1069;-0.0076;-0.0328;5.3534;182.4;188.7;199.0;270.0
985.0;2.0362;2.0000;-0.3558;-0.4203;275;65;-0.0733;7.1069;-0.0076;-0.0328;6.9526;182.9;187.9;197.9;270.0
985.5;2.0330;2.0000;-0.6470;-0.5412;228;114;-0.1417;8.0763;-0.0076;-0.0548;7.7522;184.8;187.1;197.7;270.0
986.0;2.0298;2.0000;-0.9629;-0.6758;230;114;-0.0538;9.0763;-0.0076;-0.0988;8.5518;184.0;186.1;196.9;270.0
986.5;2.0284;2.0000;-1.3681;-0.8255;232;116;-0.1222;10.1221;-0.0076;-0.1207;9.3514;183.4;185.8;196.9;270.0
987.0;2.0270;2.0000;-2.0192;-0.9904;224;124;-0.0147;11.1298;-0.0076;-0.1867;10.9506;185.5;185.0;195.8;270.0
987.5;2.0266;2.0000;-2.3448;-1.1703;226;122;0.0831;12.1756;-0.0153;-0.2526;11.7503;185.5;183.7;195.3;270.0
988.0;2.0261;2.0000;-2.7074;-1.3654;228;122;0.0049;13.1756;-0.0229;-0.3185;12.5499;186.3;182.9;194.0;270.0
988.5;2.0256;2.0000;-2.7857;-1.5755;236;114;0.0147;14.2672;-0.0229;-0.4064;14.1491;186.9;182.4;192.9;270.0
989.0;2.0256;2.0000;-2.8420;-1.8008;245;105;0.0147;15.2672;-0.0382;-0.4943;14.9487;187.9;181.3;191.9;270.0
989.5;2.0256;2.0000;-2.8338;-2.0412;257;93;-0.0635;16.3130;-0.0458;-0.5822;15.7483;186.9;180.8;190.8;270.0
990.0;2.0252;2.0000;-2.8832;-2.2953;269;81;-0.0635;17.2748;-0.0534;-0.6481;16.5479;187.4;179.2;190.3;270.0
990.5;2.0238;2.0000;-2.9670;-2.5659;281;71;-0.0635;18.3206;-0.0687;-0.7360;18.1471;187.4;178.4;190.0;270.0
991.0;2.0224;2.0000;-2.9423;-2.8503;294;58;-0.0635;19.2901;-0.0763;-0.8239;18.9467;187.9;177.4;188.2;270.0
991.5;2.0211;2.0000;-3.2816;-3.1511;298;54;-0.0538;20.2519;-0.0916;-0.9118;19.7464;189.5;176.3;187.1;270.0
992.0;2.0183;2.0000;-3.4080;-3.4657;312;44;-0.1222;21.2595;-0.1145;-1.0217;20.5460;190.3;174.7;186.1;270.0
992.5;2.0160;2.0000;-3.7157;-3.7953;318;38;-0.0342;22.2214;-0.1298;-1.1315;22.1452;190.8;173.4;185.5;270.0
993.0;2.0133;2.0000;-4.1016;-4.1401;326;36;-0.0929;23.2290;-0.1527;-1.2414;22.9448;190.3;172.3;184.5;270.0
993.5;2.0105;2.0000;-4.5275;-4.5000;331;32;-0.0929;24.1527;-0.1679;-1.3733;23.7444;190.8;171.3;183.2;270.0
994.0;2.0087;2.0000;-4.7885;-4.8750;343;26;-0.0831;25.1527;-0.1985;-1.5051;24.5440;192.7;169.7;182.1;270.0
994.5;2.0064;2.0000;-5.1690;-5.2651;351;21;-0.0635;26.1603;-0.2214;-1.6589;26.1432;193.2;168.4;181.1;270.0
995.0;2.0041;2.0000;-5.6497;-5.6703;359;17;-0.1222;27.2061;-0.2519;-1.8127;26.9428;193.7;166.8;180.5;270.0
995.5;2.0014;2.0000;-5.9602;-6.0907;369;11;-0.1222;28.1679;-0.2824;-1.9885;27.7425;194.8;166.8;179.7;270.0
996.0;1.9991;2.0000;-6.4478;-6.5261;376;7;-0.1026;29.1298;-0.3206;-2.1643;28.5421;197.2;165.7;180.3;270.0
996.5;1.9959;2.0000;-6.8365;-6.9753;388;1;-0.2493;30.0916;-0.3588;-2.3621;29.3417;198.5;163.6;179.5;270.0
997.0;1.9940;2.0000;-7.3640;-7.4409;394;-3;0.0147;31.0992;-0.4046;-2.5818;30.9409;198.2;161.5;179.2;270.0
997.5;1.9927;2.0000;-7.7761;-7.9203;406;-9;-0.1320;32.0992;-0.4504;-2.8016;31.7405;198.2;159.1;178.7;270.0
998.0;1.9918;2.0000;-8.3613;-8.4162;410;-13;-0.1124;33.1069;-0.4962;-3.0433;32.5401;199.0;156.8;178.7;270.0
998.5;1.9904;2.0000;-8.8269;-8.9162;415;-15;-0.1026;34.1069;-0.5573;-3.2850;33.3397;198.7;154.9;177.6;270.0
999.0;1.9890;2.0000;-9.4396;-9.4162;415;-13;-0.1515;35.0687;-0.6107;-3.5707;34.9389;197.4;153.9;177.9;270.0
999.5;1.9876;2.0000;-9.9684;-9.9162;419;-15;-0.2102;36.0763;-0.6794;-3.8563;35.7386;196.9;151.8;177.1;270.0
1000.0;1.9863;2.0000;-10.3516;-10.4162;425;-19;-0.1320;37.0382;-0.7481;-4.1420;36.5382;193.5;150.4;176.8;270.0
1000.5;1.9853;2.0000;-11.0618;-10.9162;423;-13;-0.1026;38.0000;-0.8168;-4.4496;37.3378;192.1;149.1;176.3;270.0
1001.0;1.9840;2.0000;-11.4808;-11.4162;429;-17;-0.0831;38.9618;-0.8931;-4.7792;38.9370;190.0;148.1;176.8;270.0
1001.5;1.9831;2.0000;-12.0357;-11.9162;429;-15;-0.0635;39.9237;-0.9771;-5.1308;39.7366;186.6;146.5;177.4;270.0
1002.0;1.9817;2.0000;-12.6223;-12.4162;431;-15;-0.1124;40.9237;-1.0687;-5.5044;40.5362;182.1;144.9;176.6;270.0
1002.5;1.9817;2.0000;-13.1305;-12.9162;429;-15;-0.1222;41.9237;-1.1679;-5.8779;41.3358;179.2;143.8;176.3;270.0
1003.0;1.9821;2.0000;-13.5220;-13.4162;435;-21;-0.2590;42.9237;-1.2748;-6.2515;42.9350;179.2;142.8;175.5;270.0
1003.5;1.9831;2.0000;-14.1154;-13.9162;435;-19;-0.1515;43.9618;-1.3893;-6.6690;43.7346;177.9;141.2;175.2;270.0
1004.0;1.9844;2.0000;-14.6415;-14.4162;437;-22;-0.2884;44.9924;-1.5191;-7.0865;44.5343;178.2;139.4;174.5;270.0
1004.5;1.9858;2.0000;-15.1236;-14.9162;439;-24;-0.2884;46.0305;-1.6489;-7.5260;45.3339;180.0;138.6;174.2;270.0
1005.0;1.9867;2.0000;-15.6223;-15.4162;443;-28;-0.1906;47.0305;-1.7863;-7.9655;46.9331;179.2;137.5;172.9;270.0
1005.5;1.9881;2.0000;-16.2088;-15.9162;443;-28;-0.2395;48.0611;-1.9313;-8.4269;47.7327;178.7;136.7;172.1;270.0
1006.0;1.9908;2.0000;-16.9176;-16.4162;439;-26;-0.2981;49.1374;-2.0992;-8.9103;48.5323;178.4;137.0;171.0;270.0
1006.5;1.9940;2.0000;-17.3901;-16.9162;441;-30;-0.3372;50.2443;-2.2748;-9.4377;50.1315;177.1;135.9;170.8;270.0
1007.0;1.9982;2.0000;-18.0852;-17.4038;427;-24;-0.1906;51.2748;-2.4504;-9.9211;50.9311;176.8;135.4;170.5;270.0
1007.5;2.0009;2.0000;-18.3599;-17.8777;429;-28;-0.1711;52.3053;-2.6336;-10.4485;51.7307;175.0;135.4;170.5;270.0
1008.0;2.0023;2.0000;-19.1181;-18.3407;417;-19;-0.0538;53.2901;-2.8244;-10.9979;53.3300;173.9;134.3;170.5;270.0
1008.5;2.0027;2.0000;-19.8091;-18.7912;406;-11;-0.0342;54.2748;-3.0229;-11.5692;54.1296;171.6;132.8;171.3;270.0
1009.0;2.0050;2.0000;-20.3516;-19.2280;400;-7;-0.2590;55.3817;-3.2519;-12.1625;54.9292;168.9;130.9;173.4;270.0
1009.5;2.0064;2.0000;-20.8269;-19.6538;396;-5;-0.1711;56.3588;-3.4656;-12.7558;56.5284;167.1;130.6;174.7;270.0
1010.0;2.0069;2.0000;-20.9451;-20.0659;398;-11;-0.1613;57.3359;-3.6947;-13.3491;57.3280;164.4;130.6;176.6;270.0
1010.5;2.0073;2.0000;-21.2088;-20.4657;398;-11;-0.0635;58.3511;-3.9389;-13.9424;58.1276;163.1;130.4;178.2;270.0
1011.0;2.0073;2.0000;-21.3846;-20.8530;400;-15;-0.1124;59.3282;-4.1908;-14.6016;58.9272;160.2;129.9;181.1;270.0
1011.5;2.0069;2.0000;-22.0288;-21.2280;388;-3;-0.0635;60.2595;-4.4351;-15.1949;60.5265;157.8;129.9;181.1;270.0
1012.0;2.0064;2.0000;-22.1511;-21.5907;394;-7;-0.2786;61.2290;-4.7023;-15.8322;61.3261;156.0;130.4;181.6;270.0
1012.5;2.0046;2.0000;-22.7843;-21.9409;380;5;-0.0831;62.1908;-4.9847;-16.4914;62.1257;152.8;130.9;181.6;270.0
1013.0;2.0032;2.0000;-22.9505;-22.2788;384;3;-0.1613;63.1145;-5.2672;-17.1506;62.9253;152.0;130.6;182.4;270.0
1013.5;2.0000;2.0000;-23.4560;-22.6030;376;13;0.0147;63.9618;-5.5267;-17.8318;63.7249;147.5;130.4;182.6;270.0
1014.0;1.9968;2.0000;-23.9533;-22.9162;365;22;-0.0733;64.8397;-5.8168;-18.4910;65.3241;143.8;130.1;183.7;270.0
1014.5;1.9950;2.0000;-24.4753;-23.2157;357;32;-0.1124;65.8244;-6.1527;-19.1942;66.1237;141.5;129.6;184.8;270.0
1015.0;1.9931;2.0000;-24.6772;-23.5027;357;34;-0.1026;66.7328;-6.4809;-19.8973;66.9233;138.6;128.8;185.8;270.0
1015.5;1.9908;2.0000;-24.8104;-23.7788;359;34;-0.0049;67.6794;-6.8244;-20.6225;67.7229;138.3;128.8;186.3;270.0
1016.0;1.9890;2.0000;-25.3942;-24.0412;349;48;-0.0929;68.5802;-7.1679;-21.3476;69.3222;135.1;127.7;187.9;270.0
1016.5;1.9863;2.0000;-25.4244;-24.2912;353;46;-0.0049;69.4351;-7.5114;-22.0728;70.1218;133.0;126.9;189.5;270.0
1017.0;1.9849;2.0000;-25.9725;-24.5288;341;60;0.0342;70.3664;-7.8931;-22.8199;70.9214;131.2;127.2;191.1;270.0
1017.5;1.9840;2.0000;-25.8997;-24.7527;347;56;-0.0635;71.3282;-8.3053;-23.5670;71.7210;129.3;126.7;193.5;270.0
1018.0;1.9826;2.0000;-26.0865;-24.9657;345;60;-0.0538;72.2061;-8.7023;-24.3141;72.5206;127.5;125.9;195.8;270.0
1018.5;1.9808;2.0000;-26.0852;-25.1662;351;58;-0.1515;73.1221;-9.1145;-25.0612;74.1198;125.4;125.6;197.7;270.0
1019.0;1.9789;2.0000;-26.4588;-25.3530;343;67;-0.1320;74.0305;-9.5496;-25.8084;74.9194;123.0;125.1;199.8;270.0
1019.5;1.9776;2.0000;-26.7459;-25.5288;337;75;-0.0342;74.8931;-9.9771;-26.5774;75.7190;121.4;125.1;200.8;270.0
1020.0;1.9762;2.0000;-27.0494;-25.6909;331;83;-0.0244;75.7557;-10.4122;-27.3465;76.5187;119.0;124.6;202.2;270.0
1020.5;1.9753;2.0000;-27.2047;-25.8407;327;89;-0.0049;76.6794;-10.9008;-28.1376;78.1179;117.4;123.8;203.8;270.0
1021.0;1.9734;2.0000;-26.9588;-25.9780;335;81;-0.0342;77.5267;-11.3588;-28.9067;78.9175;115.6;124.8;205.9;270.0
1021.5;1.9725;2.0000;-27.3283;-26.1030;326;95;0.0831;78.4046;-11.8473;-29.6978;79.7171;115.1;125.1;209.3;270.0
1022.0;1.9716;2.0000;-27.1635;-26.2157;329;91;-0.0342;79.2366;-12.3359;-30.4668;80.5167;113.2;125.6;211.7;270.0
1022.5;1.9712;2.0000;-27.4341;-26.3159;322;101;0.0929;80.0992;-12.8473;-31.2579;82.1159;112.4;125.1;216.4;270.0
1023.0;1.9702;2.0000;-27.3640;-26.4038;322;101;0.0440;80.8855;-13.3359;-32.0270;82.9155;109.5;125.1;220.1;270.0
1023.5;1.9689;2.0000;-27.4162;-26.4780;318;107;0.0733;81.7328;-13.8702;-32.8181;83.7151;107.7;125.1;223.5;270.0
1024.0;1.9670;2.0000;-27.2912;-26.5412;320;107;0.0635;82.5115;-14.3817;-33.6091;84.5147;105.3;125.9;226.2;270.0
1024.5;1.9647;2.0000;-27.3901;-26.5907;316;112;0.0147;83.3130;-14.9160;-34.4002;85.3144;105.0;126.4;230.9;270.0
1025.0;1.9634;2.0000;-27.6113;-26.6277;308;122;-0.0147;84.0992;-15.4656;-35.1913;86.9136;101.1;127.5;234.4;270.0
1025.5;1.9625;2.0000;-27.3942;-26.6538;302;118;0.0635;84.9160;-16.0534;-35.9604;87.7132;100.3;127.5;238.3;270.0
1026.0;1.9611;2.0000;-27.6511;-26.6607;292;132;0.0147;85.6947;-16.6260;-36.7734;88.5128;99.5;128.5;242.6;270.0
1026.5;1.9606;2.0000;-27.4973;-26.6607;292;130;0.0635;86.4962;-17.2290;-37.5425;89.3124;96.6;129.1;247.0;270.0
1027.0;1.9602;2.0000;-27.6676;-26.6607;288;136;0.1026;87.2901;-17.8473;-38.3555;90.9116;95.3;129.1;251.8;270.0
1027.5;1.9597;2.0000;-27.7239;-26.6607;290;140;0.0538;88.0763;-18.4809;-39.1246;91.7112;93.7;128.8;256.5;270.0
1028.0;1.9602;2.0000;-27.8832;-26.6607;286;144;0.0049;88.8779;-19.1450;-39.9376;92.5108;93.7;129.3;262.3;270.0
1028.5;1.9615;2.0000;-27.7445;-26.6607;290;140;0.0831;89.6489;-19.7939;-40.7287;93.3105;93.2;129.1;268.4;270.0
1029.0;1.9629;2.0000;-27.4574;-26.6607;296;132;0.0049;90.4351;-20.4809;-41.5198;94.9097;92.6;130.1;270.0;270.0
1029.5;1.9657;2.0000;-27.2775;-26.6607;304;126;-0.0929;91.2366;-21.2061;-42.3108;95.7093;91.6;131.2;270.0;270.0
1030.0;1.9684;2.0000;-26.9464;-26.6607;314;116;-0.1222;91.9771;-21.8855;-43.0580;96.5089;91.1;131.2;270.0;270.0
1030.5;1.9716;2.0000;-27.0192;-26.6607;310;116;-0.0929;92.7634;-22.6336;-43.8490;98.1081;91.6;131.2;270.0;270.0
1031.0;1.9762;2.0000;-26.7500;-26.6607;316;109;-0.1320;93.5420;-23.3893;-44.5961;98.9077;91.8;130.9;270.0;270.0
1031.5;1.9817;2.0000;-26.7994;-26.6607;314;107;-0.1906;94.3435;-24.1832;-45.3652;99.7073;92.1;130.9;270.0;270.0
1032.0;1.9872;2.0000;-26.5549;-26.6607;316;97;-0.2102;95.1221;-24.9924;-46.1343;101.3066;93.2;125.6;270.0;270.0
1032.5;1.9927;2.0000;-26.6360;-26.6607;312;95;-0.2004;95.9008;-25.8092;-46.9034;102.1062;93.4;124.6;270.0;270.0
1033.0;1.9986;2.0000;-26.6621;-26.6607;308;93;-0.1124;96.6336;-26.6031;-47.6505;103.7054;94.5;123.5;270.0;270.0
1033.5;2.0050;2.0000;-26.7431;-26.6607;300;91;-0.0929;97.4198;-27.4733;-48.4416;104.5050;94.8;125.4;270.0;270.0
1034.0;2.0114;2.0000;-26.7981;-26.6607;296;89;-0.1222;98.1298;-28.2901;-49.2107;105.3046;96.9;126.9;270.0;270.0
1034.5;2.0165;2.0000;-26.6071;-26.6607;298;81;-0.0538;98.8092;-29.0840;-49.9578;106.9038;96.9;129.6;270.0;270.0
1035.0;2.0206;2.0000;-26.9148;-26.6607;284;87;-0.0049;99.4733;-29.8855;-50.7489;107.7034;98.2;131.7;270.0;270.0
1035.5;2.0234;2.0000;-26.7857;-26.6607;286;81;0.0244;100.1069;-30.6718;-51.4960;108.5030;99.5;135.1;270.0;270.0
1036.0;2.0256;2.0000;-26.9244;-26.6607;281;83;0.0049;100.7481;-31.4885;-52.2870;110.1023;99.5;139.4;270.0;270.0
1036.5;2.0275;2.0000;-26.7679;-26.6607;283;77;0.0147;101.3588;-32.2901;-53.0342;110.9019;100.8;143.8;270.0;270.0
1037.0;2.0288;2.0000;-26.9327;-26.6607;269;79;-0.0244;101.9847;-33.1298;-53.8032;111.7015;102.1;148.3;270.0;270.0
1037.5;2.0293;2.0000;-26.6717;-26.6607;275;71;0.0538;102.5725;-33.9466;-54.5723;112.5011;105.8;152.6;270.0;270.0
1038.0;2.0293;2.0000;-26.7033;-26.6607;273;73;0.0733;103.1450;-34.7634;-55.3634;114.1003;107.9;156.8;270.0;270.0
1038.5;2.0284;2.0000;-26.7775;-26.6484;271;79;0.0440;103.7176;-35.5954;-56.1105;114.8999;110.3;160.2;270.0;270.0
1039.0;2.0266;2.0000;-26.7582;-26.6236;267;85;0.0342;104.2214;-36.3664;-56.8796;115.6995;111.6;162.8;270.0;270.0
1039.5;2.0243;2.0000;-26.7967;-26.5852;263;91;-0.0342;104.7481;-37.1756;-57.6267;116.4991;111.9;164.4;270.0;270.0
1040.0;2.0220;2.0000;-26.5536;-26.5357;263;91;-0.0342;105.2595;-37.9924;-58.3958;118.0984;111.9;166.5;270.0;270.0
1040.5;2.0201;2.0000;-26.7582;-26.4725;253;105;0.0733;105.7786;-38.8550;-59.1869;118.8980;113.2;169.7;270.0;270.0
1041.0;2.0179;2.0000;-26.6758;-26.3984;249;109;-0.0538;106.2672;-39.6870;-59.9340;119.6976;112.2;172.6;270.0;270.0
1041.5;2.0156;2.0000;-26.9712;-26.3104;238;124;0.1320;106.7863;-40.5954;-60.7031;120.4972;111.4;176.6;270.0;270.0
1042.0;2.0128;2.0000;-26.7926;-26.2102;236;128;-0.0244;107.2519;-41.4351;-61.4722;122.0964;111.1;179.2;270.0;270.0
1042.5;2.0110;2.0000;-26.8091;-26.0975;230;138;0.0538;107.7252;-42.3206;-62.2413;122.8960;111.4;182.9;270.0;270.0
1043.0;2.0092;2.0000;-26.6538;-25.9725;230;142;0.0538;108.1908;-43.2137;-63.0104;123.6956;112.7;191.3;270.0;270.0
1043.5;2.0064;2.0000;-26.6497;-25.8352;222;152;0.0244;108.6031;-44.0458;-63.7575;124.4952;114.5;194.5;270.0;270.0
1044.0;2.0032;2.0000;-26.7871;-25.6854;210;165;-0.0342;109.0229;-44.9084;-64.5266;125.2948;114.3;197.7;270.0;270.0
1044.5;2.0005;2.0000;-26.4794;-25.5234;212;167;0.0440;109.4504;-45.8168;-65.2957;126.8941;116.7;201.6;270.0;270.0
1045.0;1.9991;2.0000;-26.4286;-25.3475;204;177;0.1515;109.8779;-46.7710;-66.0647;127.6937;117.4;206.1;270.0;270.0
1045.5;1.9973;2.0000;-26.1277;-25.1607;206;181;-0.0049;110.2519;-47.6183;-66.7899;128.4933;118.8;210.6;270.0;270.0
1046.0;1.9954;2.0000;-26.0412;-24.9602;200;191;0.1026;110.6260;-48.5114;-67.5370;129.2929;118.8;215.9;270.0;270.0
1046.5;1.9927;2.0000;-25.5769;-24.7486;202;189;0.0147;110.9695;-49.3664;-68.2841;130.0925;119.8;220.6;270.0;270.0
1047.0;1.9899;2.0000;-25.5275;-24.5234;195;200;0.1026;111.3206;-50.2672;-69.0312;131.6917;120.4;226.5;270.0;270.0
1047.5;1.9867;2.0000;-25.0962;-24.2857;196;202;0.0635;111.6641;-51.1679;-69.7344;132.4913;124.6;233.3;270.0;270.0
1048.0;1.9831;2.0000;-24.6909;-24.0357;195;202;-0.0440;111.9771;-52.0382;-70.4376;133.2909;126.2;238.1;270.0;270.0
1048.5;1.9799;2.0000;-24.3008;-23.7734;196;206;0.0440;112.2977;-52.9466;-71.1188;134.0906;126.4;243.1;270.0;270.0
1049.0;1.9766;2.0000;-24.0385;-23.4986;193;214;0.0244;112.6031;-53.8626;-71.8219;134.8902;127.5;246.8;270.0;270.0
1049.5;1.9744;2.0000;-23.8283;-23.2102;187;222;0.1417;112.9084;-54.8168;-72.5251;136.4894;130.1;251.3;270.0;270.0
1050.0;1.9721;2.0000;-23.3173;-22.9107;191;226;0.0538;113.1832;-55.7023;-73.1624;137.2890;132.5;256.3;270.0;270.0
1050.5;1.9693;2.0000;-23.2335;-22.5975;181;239;0.0049;113.4580;-56.6260;-73.8216;138.0886;134.1;260.2;270.0;270.0
1051.0;1.9666;2.0000;-22.6484;-22.2734;185;238;0.0733;113.7099;-57.5114;-74.4808;138.8882;134.9;265.2;270.0;270.0
1051.5;1.9638;2.0000;-22.5920;-21.9354;175;253;0.0831;113.9771;-58.4809;-75.1400;139.6878;135.4;267.9;270.0;270.0
1052.0;1.9615;2.0000;-22.1484;-21.5852;173;259;0.1222;114.2137;-59.4198;-75.7773;141.2870;137.0;270.0;270.0;270.0
1052.5;1.9597;2.0000;-21.9712;-21.2225;165;271;0.0244;114.4427;-60.3130;-76.3925;142.0867;138.3;270.0;270.0;270.0
1053.0;1.9570;2.0000;-21.5549;-20.8475;161;279;0.1906;114.6489;-61.2137;-77.0078;142.8863;140.1;270.0;270.0;270.0
1053.5;1.9533;2.0000;-20.9698;-20.4602;165;281;0.1613;114.8550;-62.1145;-77.6011;143.6859;141.5;270.0;270.0;270.0
1054.0;1.9505;2.0000;-20.6992;-20.0604;157;292;0.1026;115.0534;-63.0611;-78.2164;144.4855;143.6;266.0;270.0;269.5
1054.5;1.9478;2.0000;-20.1319;-19.6484;159;296;0.1124;115.2443;-63.9618;-78.7877;146.0847;145.4;264.2;270.0;265.0
1055.0;1.9460;2.0000;-19.8489;-19.2225;152;308;0.0440;115.4275;-64.9084;-79.3590;146.8843;148.9;265.0;270.0;261.3
1055.5;1.9446;2.0000;-18.9011;-18.7857;161;300;0.0147;115.5954;-65.8626;-79.8864;147.6839;150.2;268.7;270.0;256.5
1056.0;1.9437;2.0000;-18.7047;-18.3352;152;316;0.1026;115.7710;-66.8473;-80.4358;148.4835;152.3;270.0;270.0;251.0
1056.5;1.9437;2.0000;-17.8997;-17.8736;155;312;0.0538;115.9313;-67.8397;-80.9412;149.2831;153.3;270.0;270.0;246.0
1057.0;1.9437;2.0000;-17.4190;-17.3984;152;318;-0.0538;116.0840;-68.7939;-81.4466;150.8824;154.7;270.0;270.0;242.3
1057.5;1.9441;2.0000;-17.1168;-16.9107;140;327;0.0342;116.2290;-69.7863;-81.9300;151.6820;157.6;270.0;270.0;239.6
1058.0;1.9464;2.0000;-16.7376;-16.4107;132;337;-0.0635;116.3664;-70.8244;-82.4134;152.4816;159.4;270.0;270.0;236.0
1058.5;1.9492;2.0000;-16.2459;-15.9107;130;339;0.0244;116.5115;-71.9008;-82.8968;154.0808;161.8;270.0;270.0;231.7
1059.0;1.9519;2.0000;-15.5440;-15.4107;134;333;-0.0440;116.6260;-72.9008;-83.3143;154.8804;164.4;270.0;270.0;230.1
1059.5;1.9547;2.0000;-15.1827;-14.9107;126;333;-0.1222;116.7481;-73.9389;-83.7538;155.6800;165.2;270.0;270.0;225.9
1060.0;1.9565;2.0000;-14.4945;-14.4107;128;329;-0.0538;116.8550;-74.9389;-84.1713;156.4796;168.4;270.0;270.0;223.3
1060.5;1.9592;2.0000;-14.2019;-13.9107;120;333;0.0049;116.9542;-75.9771;-84.5888;158.0788;171.3;270.0;270.0;222.2
1061.0;1.9620;2.0000;-13.3997;-13.4107;124;327;-0.0147;117.0534;-77.0153;-84.9624;158.8785;170.8;270.0;270.0;218.3
1061.5;1.9647;2.0000;-12.6525;-12.9107;128;322;0.0244;117.1374;-78.0153;-85.3140;159.6781;172.1;270.0;270.0;216.4
1062.0;1.9666;2.0000;-12.0055;-12.4107;128;318;0.0147;117.2137;-79.0153;-85.6656;161.2773;172.6;270.0;270.0;213.3
1062.5;1.9679;2.0000;-11.4931;-11.9107;126;318;-0.0831;117.2901;-80.0611;-85.9952;162.0769;175.0;270.0;270.0;211.4
1063.0;1.9689;2.0000;-11.2115;-11.4107;118;324;-0.0049;117.3588;-81.0611;-86.3248;162.8765;175.8;270.0;270.0;209.0
1063.5;1.9698;2.0000;-10.5137;-10.9107;122;320;-0.0440;117.4198;-82.0687;-86.6324;163.6761;178.2;270.0;270.0;206.9
1064.0;1.9712;2.0000;-10.3503;-10.4107;110;331;-0.0538;117.4809;-83.0687;-86.9181;165.2753;178.4;270.0;270.0;205.9
1064.5;1.9712;2.0000;-9.5618;-9.9107;116;324;-0.0635;117.5267;-84.0763;-87.2037;166.0750;181.1;270.0;270.0;203.2
1065.0;1.9712;2.0000;-9.2720;-9.4107;109;331;-0.0049;117.5725;-85.0382;-87.4674;166.8746;181.3;270.0;270.0;200.8
1065.5;1.9702;2.0000;-8.6566;-8.9107;110;329;-0.0244;117.6183;-86.0000;-87.7092;167.6742;181.6;270.0;270.0;200.8
1066.0;1.9693;2.0000;-8.3420;-8.4107;105;337;0.0342;117.6489;-86.9237;-87.9509;168.4738;183.2;270.0;270.0;198.5
1066.5;1.9684;2.0000;-7.8626;-7.9107;103;341;0.0244;117.6870;-87.9313;-88.1706;170.0730;184.5;270.0;270.0;197.2
1067.0;1.9670;2.0000;-7.1016;-7.4258;114;331;0.0049;117.7176;-88.9313;-88.3684;170.8726;184.5;270.0;270.0;197.2
1067.5;1.9661;2.0000;-6.6648;-6.9560;116;329;0.1515;117.7405;-89.9389;-88.5661;171.6722;186.9;270.0;270.0;195.8
1068.0;1.9661;2.0000;-6.1992;-6.5000;120;327;-0.0342;117.7634;-90.9389;-88.7419;172.4718;187.1;270.0;270.0;195.3
1068.5;1.9661;2.0000;-6.0714;-6.0604;116;333;0.0440;117.7863;-91.9084;-88.9177;174.0710;187.4;270.0;270.0;194.8
1069.0;1.9652;2.0000;-5.4684;-5.6360;124;324;0.0342;117.8015;-92.8702;-89.0715;174.8707;187.9;270.0;270.0;192.9
1069.5;1.9661;2.0000;-5.3846;-5.2253;120;329;0.0147;117.8168;-93.9160;-89.2254;175.6703;190.6;270.0;270.0;192.1
1070.0;1.9675;2.0000;-4.8063;-4.8310;126;320;0.0049;117.8321;-94.9618;-89.3572;176.4699;191.3;270.0;270.0;191.3
1070.5;1.9684;2.0000;-4.5096;-4.4505;126;318;0.1515;117.8397;-95.9237;-89.4890;178.0691;192.9;270.0;270.0;191.1
1071.0;1.9689;2.0000;-4.3489;-4.0852;124;320;0.0635;117.8473;-96.9313;-89.6209;178.8687;192.7;270.0;270.0;190.0
1071.5;1.9693;2.0000;-4.0604;-3.7363;126;316;-0.0244;117.8550;-97.9771;-89.7308;179.6683;193.7;270.0;270.0;190.0
1072.0;1.9684;2.0000;-3.6058;-3.4011;134;310;0.1222;117.8626;-98.9389;-89.8406;180.4679;194.0;270.0;270.0;189.0
1072.5;1.9666;2.0000;-3.0330;-3.0810;144;300;0.1026;117.8626;-99.9008;-89.9285;182.0671;193.5;270.0;270.0;189.5
1073.0;1.9652;2.0000;-2.8242;-2.7761;146;300;0.0929;117.8626;-100.8702;-89.9944;182.8667;195.0;270.0;270.0;189.0
1073.5;1.9638;2.0000;-2.2734;-2.4863;157;290;0.0733;117.8626;-101.8321;-90.0604;183.6664;193.5;270.0;270.0;188.4
1074.0;1.9629;2.0000;-2.2033;-2.2102;155;294;0.1515;117.8626;-102.8397;-90.1263;184.4660;193.7;270.0;270.0;188.4
1074.5;1.9620;2.0000;-1.7445;-1.9505;165;284;-0.0244;117.8550;-103.8397;-90.1922;186.0652;192.9;270.0;270.0;187.1
1075.0;1.9615;2.0000;-1.5453;-1.7060;169;283;0.0440;117.8550;-104.8092;-90.2362;186.8648;194.0;270.0;270.0;186.6
1075.5;1.9615;2.0000;-1.1648;-1.4753;179;275;-0.0440;117.8473;-105.8092;-90.2581;187.6644;192.7;270.0;270.0;186.6
1076.0;1.9611;2.0000;-0.9148;-1.2610;183;271;0.0244;117.8473;-106.7786;-90.2801;188.4640;192.9;270.0;270.0;186.6
1076.5;1.9620;2.0000;-0.8379;-1.0604;185;271;0.0244;117.8397;-107.8168;-90.3021;190.0632;193.7;270.0;270.0;186.3
1077.0;1.9625;2.0000;-0.6470;-0.8750;189;267;0.0147;117.8321;-108.7863;-90.3241;190.8629;193.7;270.0;270.0;186.3
1077.5;1.9634;2.0000;-0.5962;-0.7060;189;265;0.0147;117.8321;-109.8321;-90.3460;191.6625;192.7;270.0;270.0;186.3
1078.0;1.9634;2.0000;-0.1703;-0.5508;200;253;0.0049;117.8244;-110.7939;-90.3460;192.4621;193.2;270.0;270.0;187.1
1078.5;1.9625;2.0000;-0.1085;-0.4107;202;251;0.0831;117.8168;-111.8015;-90.3460;194.0613;194.0;270.0;270.0;186.6
1079.0;1.9620;2.0000;0.2390;-0.2857;212;241;0.0635;117.8092;-112.8015;-90.3460;194.8609;194.0;270.0;270.0;187.7
1079.5;1.9625;2.0000;0.3187;-0.1758;216;238;0.0635;117.8092;-113.8092;-90.3460;195.6605;194.0;270.0;270.0;186.9
1080.0;1.9629;2.0000;0.3420;-0.0810;220;236;-0.0147;117.8015;-114.8550;-90.3241;196.4601;192.9;270.0;270.0;187.4
1080.5;1.9629;2.0000;0.6264;0.0000;208;243;-0.0244;117.7939;-115.8168;-90.3021;198.0593;192.4;270.0;270.0;186.6
1081.0;1.9638;2.0000;0.6429;0.0000;236;218;-0.0244;117.7863;-116.8626;-90.3021;198.8589;190.8;270.0;270.0;186.3
1081.5;1.9652;2.0000;0.6813;0.0000;236;218;0.0538;117.7863;-117.8702;-90.2801;199.6586;190.0;270.0;270.0;186.3
1082.0;1.9657;2.0000;0.4066;0.0000;226;222;-0.0147;117.7786;-118.8321;-90.2581;200.4582;190.0;270.0;270.0;186.6
1082.5;1.9666;2.0000;0.5769;0.0000;232;218;0.0538;117.7786;-119.8397;-90.2362;202.0574;189.0;270.0;270.0;186.3
1083.0;1.9675;2.0000;0.3942;0.0000;224;222;0.0635;117.7710;-120.8397;-90.2362;202.8570;187.9;270.0;270.0;186.1
1083.5;1.9693;2.0000;0.5481;0.0000;228;218;0.0733;1.0840;0.0000;-0.0109;0.5557;186.3;270.0;270.0;185.5
1084.0;1.9721;2.0000;0.6113;0.0000;230;216;0.0538;2.0840;0.0000;0.0111;1.3553;184.2;270.0;270.0;185.8
1084.5;1.9753;2.0000;0.7527;0.0000;232;210;0.0538;3.1679;0.0000;0.0331;2.9546;184.0;270.0;270.0;186.6
1085.0;1.9780;2.0000;0.6415;0.0000;226;212;0.0538;4.1756;0.0000;0.0551;3.7542;182.4;270.0;270.0;185.8
1085.5;1.9799;2.0000;0.5426;0.0000;222;212;0.0538;5.1832;0.0000;0.0551;4.5538;181.8;270.0;270.0;184.5
1086.0;1.9812;2.0000;0.6607;0.0000;224;210;0.0538;6.1832;0.0000;0.0770;6.1530;182.9;270.0;270.0;183.2
1086.5;1.9840;2.0000;0.4821;0.0000;218;212;0.0635;7.2672;0.0000;0.0990;6.9526;181.6;270.0;270.0;182.6
1087.0;1.9858;2.0000;0.6346;0.0000;220;208;-0.0244;8.3130;0.0076;0.1210;7.7522;179.2;270.0;270.0;181.1
1087.5;1.9886;2.0000;0.3846;0.0000;210;212;0.0635;9.3969;0.0076;0.1210;9.3514;178.7;270.0;270.0;179.2
1088.0;1.9908;2.0124;0.3750;0.0000;445;447;0.1417;10.4427;0.0076;0.1430;10.1510;178.7;270.0;270.0;177.9
1088.5;1.9968;2.0247;0.1717;0.0000;474;490;0.0733;11.4504;0.0153;0.1430;10.9506;178.7;270.0;270.0;176.8
1089.0;2.0050;2.0371;0.2266;0.0000;490;501;0.0635;12.5344;0.0153;0.1430;11.7503;178.2;270.0;270.0;175.0
1089.5;2.0160;2.0499;0.3489;0.0000;501;503;-0.0147;13.6641;0.0153;0.1649;13.3495;178.2;270.0;270.0;172.9
1090.0;2.0293;2.0623;0.2926;0.0000;503;509;0.0635;14.8244;0.0229;0.1649;14.1491;177.1;270.0;270.0;172.1
1090.5;2.0435;2.0746;0.3764;0.0000;509;509;-0.0147;15.9542;0.0229;0.1649;15.7483;177.9;270.0;270.0;170.8
1091.0;2.0586;2.0875;0.0934;0.0000;503;521;-0.0049;17.0763;0.0305;0.1869;16.5479;177.6;270.0;270.0;169.4
1091.5;2.0737;2.0998;0.2102;0.0000;509;519;-0.0147;18.2061;0.0305;0.1869;18.1471;178.9;270.0;270.0;169.4
1092.0;2.0893;2.1122;0.1030;0.0000;505;521;-0.0049;19.3282;0.0382;0.1869;18.9467;181.3;270.0;270.0;168.9
1092.5;2.1062;2.1250;0.1484;0.0000;505;519;-0.0147;20.5344;0.0382;0.1869;19.7464;182.9;270.0;270.0;168.1
1093.0;2.1232;2.1374;-0.0275;0.0000;496;517;-0.0049;21.6565;0.0458;0.1869;21.3456;185.0;270.0;270.0;167.3
1093.5;2.1406;2.1497;-0.1813;0.0000;490;517;-0.1613;22.8626;0.0458;0.1869;22.1452;187.7;270.0;270.0;167.1
1094.0;2.1575;2.1621;-0.2418;0.0000;488;519;-0.0733;24.0305;0.0534;0.1869;23.7444;191.6;270.0;270.0;167.9
1094.5;2.1745;2.1749;-0.1978;0.0000;486;515;0.0049;25.2366;0.0534;0.1649;24.5440;194.3;270.0;270.0;169.2
1095.0;2.1918;2.1873;-0.1168;0.0000;486;509;-0.0831;26.4809;0.0611;0.1649;26.1432;195.6;270.0;270.0;169.7
1095.5;2.2097;2.1996;-0.3956;0.0000;474;515;0.0049;27.6870;0.0611;0.1649;26.9428;197.7;270.0;270.0;171.6
1096.0;2.2271;2.2125;-0.2775;0.0000;476;509;0.0049;28.8931;0.0687;0.1430;28.5421;199.0;270.0;270.0;173.4
1096.5;2.2459;2.2248;-0.6841;0.0000;462;519;0.1026;30.1374;0.0687;0.1210;30.1413;198.2;270.0;270.0;175.5
1097.0;2.2642;2.2372;-0.8420;0.0000;455;521;-0.0538;31.4657;0.0763;0.0990;30.9409;199.0;270.0;270.0;182.9
1097.5;2.2839;2.2500;-1.0082;0.0000;445;519;0.0342;32.7481;0.0763;0.0770;32.5401;199.3;270.0;270.0;187.9
1098.0;2.3040;2.2624;-1.0357;0.0000;439;517;0.1124;34.0763;0.0763;0.0551;33.3397;198.7;270.0;270.0;193.2
1098.5;2.3246;2.2624;-1.3036;0.0000;165;261;0.1222;35.4046;0.0763;0.0111;34.9389;198.7;270.0;270.0;197.4
1099.0;2.3425;2.2500;-1.6744;0.0000;-52;58;0.1320;36.8092;0.0763;-0.0328;36.5382;198.7;270.0;270.0;203.0
1099.5;2.3539;2.2372;-1.4615;0.0000;-62;34;0.1222;38.1374;0.0763;-0.0768;38.1374;198.2;270.0;270.0;209.8
1100.0;2.3585;2.2248;-1.7816;0.0000;-81;30;0.2199;39.4198;0.0763;-0.1207;38.9370;198.7;270.0;270.0;216.4
1100.5;2.3594;2.2125;-1.4011;0.0000;-81;11;0.1222;40.6718;0.0763;-0.1647;40.5362;196.6;270.0;270.0;224.9
1101.0;2.3562;2.1996;-1.5769;0.0000;-95;7;0.1320;41.8321;0.0687;-0.2086;41.3358;197.7;270.0;270.0;236.2
1101.5;2.3471;2.1873;-1.3489;0.0000;-95;-3;0.2004;42.8779;0.0611;-0.2526;42.1354;196.1;270.0;270.0;251.8
1102.0;2.3333;2.1749;-1.4451;0.0000;-101;-3;0.2004;43.8473;0.0611;-0.2965;43.7346;196.9;270.0;270.0;268.4
1102.5;2.3178;2.1621;-0.9121;0.0000;-87;-17;0.1906;44.8855;0.0534;-0.3185;44.5343;195.3;270.0;270.0;270.0
1103.0;2.2999;2.1497;-0.3654;0.0000;-73;-28;0.0929;45.8931;0.0458;-0.3405;45.3339;196.6;270.0;270.0;270.0
1103.5;2.2807;2.1374;0.2967;0.0000;-54;-46;-0.0929;46.9008;0.0458;-0.3185;46.1335;195.6;270.0;270.0;270.0
1104.0;2.2614;2.1250;1.1291;0.0000;-28;-65;0.0342;47.9008;0.0382;-0.2965;47.7327;194.0;270.0;270.0;270.0
1104.5;2.2427;2.1122;1.2734;0.0000;-22;-65;-0.0440;48.8702;0.0305;-0.2526;48.5323;194.5;265.2;270.0;270.0
1105.0;2.2221;2.0998;2.0453;0.0000;-1;-81;0.0049;49.7939;0.0305;-0.1867;49.3319;194.8;261.3;270.0;270.0
1105.5;2.2010;2.0875;1.9670;0.0000;-1;-75;0.0049;50.7176;0.0305;-0.1427;50.1315;194.0;261.3;270.0;270.0
1106.0;2.1799;2.0746;2.2514;0.0000;11;-79;-0.0049;51.7176;0.0229;-0.0768;50.9311;190.3;256.8;270.0;270.0
1106.5;2.1598;2.0623;2.0082;0.0000;7;-69;0.0049;52.6489;0.0229;-0.0109;52.5304;191.3;251.8;270.0;270.0
1107.0;2.1406;2.0499;1.5920;0.0000;-1;-56;-0.0635;53.6107;0.0229;0.0331;53.3300;191.9;246.2;270.0;270.0
1107.5;2.1204;2.0371;1.1978;0.0000;-7;-42;-0.1320;54.5344;0.0305;0.0551;54.1296;190.8;242.8;268.9;270.0
1108.0;2.1007;2.0247;1.1635;0.0000;-5;-38;-0.0440;55.4962;0.0305;0.0990;54.9292;189.2;239.1;267.9;270.0
1108.5;2.0806;2.0124;1.3407;0.0000;3;-42;-0.0538;56.3817;0.0305;0.1430;55.7288;190.8;237.5;264.7;270.0
1109.0;2.0604;2.0000;1.2308;0.0000;5;-36;-0.0440;57.2672;0.0305;0.1649;56.5284;188.2;234.4;261.0;270.0
1109.5;2.0403;1.9872;1.2596;0.0000;9;-34;-0.0538;58.1527;0.0382;0.2089;58.1276;188.2;231.7;256.5;270.0
1110.0;2.0211;1.9748;0.9107;0.0000;3;-22;-0.0342;59.0382;0.0382;0.2308;58.9272;186.9;229.1;252.8;270.0
1110.5;2.0014;1.9625;1.0508;0.0000;11;-22;-0.0440;59.9160;0.0458;0.2528;59.7268;187.4;227.2;251.8;270.0
1111.0;1.9812;1.9496;0.7692;0.0000;7;-13;-0.0342;60.7252;0.0458;0.2748;60.5265;187.1;227.8;253.9;270.0
1111.5;1.9606;1.9373;1.1951;0.0000;21;-21;-0.0440;61.6107;0.0534;0.3187;61.3261;186.9;226.7;253.1;270.0
1112.0;1.9391;1.9249;1.2692;0.0000;26;-19;0.0342;62.3740;0.0611;0.3627;62.1257;187.4;225.7;251.0;270.0
1112.5;1.9167;1.9121;1.3626;0.0000;32;-17;0.0244;63.1374;0.0611;0.3847;62.9253;189.0;224.3;247.6;270.0
1113.0;1.8938;1.8997;1.4725;0.0000;40;-15;-0.0538;63.8550;0.0687;0.4286;63.7249;187.4;224.1;246.0;270.0
1113.5;1.8700;1.8874;1.5536;0.0000;50;-13;-0.2199;64.5802;0.0763;0.4726;64.5245;187.1;223.8;244.4;270.0
1114.0;1.8439;1.8745;1.9231;0.0000;65;-17;-0.1515;65.1832;0.0763;0.5385;64.5245;185.0;223.3;242.6;270.0
1114.5;1.8168;1.8622;1.7610;0.0000;67;-7;-0.1515;65.7863;0.0840;0.5824;65.3241;184.8;222.2;241.2;270.0
1115.0;1.7898;1.8498;2.0082;0.0000;81;-7;-0.1613;66.4733;0.0916;0.6484;66.1237;184.2;222.8;239.9;270.0
1115.5;1.7633;1.8375;1.8228;0.0000;85;7;-0.0635;67.1145;0.0992;0.6923;66.9233;183.7;221.4;239.9;270.0
1116.0;1.7358;1.8246;2.0385;0.0000;99;7;-0.2395;67.6794;0.1069;0.7582;66.9233;183.4;221.4;239.4;270.0
1116.5;1.7074;1.8123;2.3256;0.0000;114;5;-0.4057;68.2366;0.1145;0.8241;67.7229;182.4;221.4;238.6;270.0
1117.0;1.6818;1.7999;2.6538;0.0000;132;5;-0.4154;68.9618;0.1298;0.8901;68.5226;182.1;220.4;236.7;270.0
1117.5;1.6571;1.7871;3.0783;0.0000;152;-1;-0.3568;69.6489;0.1374;0.9780;69.3222;181.6;220.1;235.4;270.0
1118.0;1.6369;1.7747;3.2734;0.0000;163;1;-0.2786;70.4504;0.1527;1.0878;70.1218;181.1;220.1;235.4;270.0
1118.5;1.6195;1.7624;3.4437;0.0000;173;-1;-0.2884;71.3359;0.1679;1.1757;70.9214;180.0;221.4;234.9;270.0
1119.0;1.6053;1.7495;2.7775;0.0000;159;19;-0.1026;72.2137;0.1908;1.2636;71.7210;180.5;222.0;233.8;270.0
1119.5;1.5939;1.7372;1.9217;0.0000;136;42;0.0049;73.1374;0.2061;1.3076;72.5206;181.1;222.5;232.5;270.0
1120.0;1.5847;1.7248;0.6648;0.0000;103;73;0.0538;74.0687;0.2290;1.3295;73.3202;180.8;222.0;231.7;270.0
1120.5;1.5765;1.7125;-0.0591;0.0000;83;91;-0.0049;74.9466;0.2519;1.3295;74.9194;181.1;221.4;233.0;270.0
1121.0;1.5682;1.6996;-0.9451;0.0000;58;110;0.0244;75.8321;0.2748;1.3076;75.7190;181.8;221.7;235.4;270.0
1121.5;1.5600;1.6996;-1.3132;0.0000;220;290;0.0440;76.6336;0.2901;1.2636;76.5187;181.6;221.7;235.2;270.0
1122.0;1.5554;1.6996;-1.3297;0.0000;230;302;0.0440;77.5191;0.3130;1.2197;77.3183;183.2;221.4;234.1;270.0
1122.5;1.5540;1.6996;-1.5179;0.0000;230;314;0.1320;78.3664;0.3282;1.1757;78.1179;182.9;220.4;233.8;270.0
1123.0;1.5540;1.6996;-1.2816;0.0000;239;310;-0.0440;79.2061;0.3435;1.1538;78.9175;182.6;220.4;234.1;270.0
1123.5;1.5540;1.6996;-1.1690;0.0000;243;308;0.0342;80.0153;0.3588;1.1098;79.7171;183.2;219.6;234.4;270.0
1124.0;1.5545;1.6996;-0.8365;0.0000;251;298;0.0244;80.8168;0.3740;1.0878;80.5167;183.4;219.3;233.8;270.0
1124.5;1.5568;1.6996;-0.8846;0.0000;249;298;0.0244;81.7023;0.3969;1.0659;81.3163;182.9;219.1;230.9;270.0
1125.0;1.5595;1.6996;-0.5591;0.0000;257;290;0.0147;82.5802;0.4122;1.0439;82.1159;184.5;219.1;231.5;270.0
1125.5;1.5636;1.6996;-0.4808;0.0000;257;286;0.0929;83.5115;0.4275;1.0439;82.9155;184.5;219.3;230.9;270.0
1126.0;1.5691;1.6996;-0.4478;0.0000;255;284;0.0929;84.4351;0.4427;1.0219;83.7151;184.0;218.8;231.2;270.0
1126.5;1.5755;1.6996;-0.3365;0.0000;257;279;0.0049;85.3969;0.4580;1.0219;85.3144;185.3;219.1;229.6;270.0
1127.0;1.5820;1.6996;-0.3503;0.0000;251;275;0.0831;86.3206;0.4809;0.9999;86.1140;186.3;218.8;228.8;270.0
1127.5;1.5879;1.6996;0.0069;0.0000;255;261;0.0733;87.2443;0.4962;0.9999;86.9136;184.8;218.5;228.6;270.0
1128.0;1.5929;1.6996;-0.0549;0.0000;249;259;0.0733;88.0916;0.5115;0.9999;87.7132;184.5;218.3;230.1;270.0
1128.5;1.5980;1.6996;-0.0302;0.0000;245;255;0.0733;89.0153;0.5267;0.9999;88.5128;184.8;219.1;229.4;270.0
1129.0;1.6030;1.6996;-0.2445;0.0000;238;261;0.1613;89.9008;0.5420;0.9999;89.3124;184.5;219.6;228.3;270.0
1129.5;1.6085;1.6996;-0.1195;0.0000;239;253;0.0831;90.8244;0.5573;0.9999;90.1120;185.5;220.9;227.5;270.0
1130.0;1.6131;1.6996;-0.2788;0.0000;232;253;0.0831;91.7481;0.5725;0.9780;91.7112;185.3;222.8;228.0;270.0
1130.5;1.6172;1.6996;-0.2198;-0.0206;306;175;0.0733;0.8397;0.0000;-0.0109;0.5557;185.0;223.8;228.6;270.0
1131.0;1.6209;1.6996;-0.1813;-0.0604;312;163;-0.0831;1.7634;-0.0076;-0.0109;1.3553;184.0;222.5;228.8;270.0
1131.5;1.6241;1.6996;-0.4382;-0.1209;265;208;-0.0733;2.6107;-0.0076;-0.0328;2.1549;184.8;220.1;227.0;270.0
1132.0;1.6268;1.6996;-0.3475;-0.2005;324;146;-0.0733;3.4504;-0.0076;-0.0328;2.9546;185.5;219.3;225.7;270.0
1132.5;1.6300;1.6996;-0.4478;-0.3008;279;187;0.0147;4.3359;-0.0076;-0.0548;3.7542;184.8;220.6;224.9;270.0
1133.0;1.6332;1.6996;-0.4176;-0.4203;286;175;0.0147;5.2214;-0.0076;-0.0548;4.5538;184.8;221.4;224.6;270.0
1133.5;1.6360;1.6996;-0.6332;-0.5604;290;165;-0.0635;6.0687;-0.0076;-0.0768;5.3534;185.0;217.7;224.6;270.0
1134.0;1.6392;1.6996;-0.6016;-0.7212;302;152;-0.1417;6.9466;-0.0076;-0.0988;6.9526;184.2;215.9;223.5;270.0
1134.5;1.6424;1.6996;-0.9231;-0.9011;302;146;-0.1320;7.8321;-0.0076;-0.1207;7.7522;184.8;215.6;222.5;270.0
1135.0;1.6451;1.6996;-1.1319;-1.1003;308;138;-0.0440;8.6794;-0.0076;-0.1647;8.5518;183.4;215.4;221.2;270.0
1135.5;1.6474;1.6996;-1.2404;-1.3201;318;124;-0.1222;9.5649;-0.0153;-0.1867;9.3514;184.8;213.0;220.9;270.0
1136.0;1.6506;1.6996;-1.5522;-1.5604;320;116;-0.0342;10.4886;-0.0153;-0.2306;10.1510;184.8;210.9;219.3;270.0
1136.5;1.6548;1.6996;-1.7445;-1.8201;329;107;-0.1808;11.4122;-0.0229;-0.2965;10.9506;186.9;209.0;218.3;270.0
1137.0;1.6584;1.6996;-2.1387;-2.1003;331;99;-0.0929;12.2977;-0.0229;-0.3405;11.7503;186.1;209.0;217.5;270.0
1137.5;1.6621;1.6996;-2.3805;-2.4011;337;87;-0.0831;13.2595;-0.0305;-0.4284;12.5499;187.4;207.7;218.3;270.0
1138.0;1.6662;1.6996;-2.7898;-2.7212;341;79;-0.1515;14.1832;-0.0382;-0.4943;14.1491;186.6;206.1;217.2;270.0
1138.5;1.6703;1.6996;-2.9327;-3.0604;353;64;-0.1417;15.1069;-0.0458;-0.5822;14.9487;187.9;204.8;216.7;270.0
1139.0;1.6740;1.6996;-3.2473;-3.4203;357;52;-0.2102;15.9924;-0.0611;-0.6701;15.7483;189.5;203.2;214.6;270.0
1139.5;1.6795;1.6996;-3.4066;-3.8008;369;36;-0.2102;16.9542;-0.0687;-0.7800;16.5479;188.7;202.2;214.3;270.0
1140.0;1.6845;1.6996;-3.6676;-4.2005;378;21;-0.1906;17.9237;-0.0840;-0.8679;17.3475;191.3;201.6;213.5;270.0
1140.5;1.6896;1.6996;-4.1429;-4.6209;380;11;-0.1906;18.8015;-0.0992;-0.9997;18.1471;190.6;200.1;213.3;270.0
1141.0;1.6941;1.6996;-4.5934;-5.0604;388;1;-0.1613;19.7710;-0.1145;-1.1315;19.7464;191.9;199.0;211.9;270.0
1141.5;1.6978;1.6996;-5.1676;-5.5206;394;-7;-0.1417;20.6565;-0.1298;-1.2634;20.5460;192.9;197.4;211.7;270.0
1142.0;1.7024;1.6996;-5.7898;-6.0000;394;-13;-0.1222;21.6183;-0.1527;-1.4392;21.3456;193.7;197.2;210.6;270.0
1142.5;1.7060;1.6996;-6.5508;-6.5000;392;-17;-0.1026;22.5038;-0.1832;-1.6369;22.1452;194.3;196.4;210.6;270.0
1143.0;1.7102;1.6996;-7.1113;-7.0206;400;-26;-0.1613;23.4275;-0.2061;-1.8347;22.9448;196.1;195.8;210.6;270.0
1143.5;1.7138;1.6996;-7.7115;-7.5604;402;-36;-0.1320;24.3511;-0.2366;-2.0544;23.7444;197.7;194.0;210.4;270.0
1144.0;1.7175;1.6996;-8.1607;-8.1085;408;-46;-0.0440;25.2290;-0.2748;-2.2742;24.5440;199.0;192.9;210.4;270.0
1144.5;1.7216;1.6996;-8.5646;-8.6429;408;-50;-0.1808;26.1985;-0.3130;-2.5379;26.1432;201.4;193.2;210.6;270.0
1145.0;1.7257;1.6996;-8.9313;-9.1662;404;-54;-0.0929;27.1221;-0.3511;-2.7796;26.9428;204.0;190.0;210.9;270.0
1145.5;1.7299;1.6996;-9.4588;-9.6758;400;-54;-0.2395;28.0458;-0.4046;-3.0653;27.7425;204.8;188.2;211.4;270.0
1146.0;1.7331;1.6996;-10.0151;-10.1731;394;-52;-0.1320;28.9237;-0.4504;-3.3509;28.5421;208.8;185.8;211.4;270.0
1146.5;1.7349;1.6996;-10.7115;-10.6580;382;-46;-0.1808;29.8473;-0.5038;-3.6586;29.3417;209.6;184.8;211.7;270.0
1147.0;1.7367;1.6996;-11.3901;-11.1305;372;-38;-0.0929;30.7328;-0.5649;-3.9882;30.1413;213.5;182.9;212.2;270.0
1147.5;1.7390;1.6996;-11.8874;-11.5907;365;-36;-0.0733;31.6107;-0.6260;-4.3178;30.9409;214.3;181.8;214.0;270.0
1148.0;1.7404;1.6996;-12.6113;-12.0385;353;-28;-0.1320;32.5344;-0.7023;-4.6694;32.5401;216.7;179.5;213.0;270.0
1148.5;1.7427;1.6996;-13.1319;-12.4725;345;-24;-0.1124;33.4580;-0.7786;-5.0429;33.3397;218.8;177.9;211.7;270.0
1149.0;1.7445;1.6996;-13.6580;-12.8956;337;-21;-0.0733;34.3740;-0.8626;-5.4604;34.1393;224.9;176.6;211.7;270.0
1149.5;1.7459;1.6996;-14.0659;-13.3063;333;-19;-0.0929;35.2137;-0.9466;-5.8560;34.9389;227.8;175.2;211.7;270.0
1150.0;1.7468;1.6996;-14.3764;-13.7033;327;-21;-0.0635;36.0534;-1.0382;-6.2515;35.7386;229.1;174.2;213.3;270.0
1150.5;1.7473;1.6996;-15.0302;-14.0879;318;-11;-0.1222;37.0153;-1.1450;-6.6910;36.5382;230.7;171.8;214.0;270.0
1151.0;1.7473;1.6996;-15.2843;-14.4602;318;-13;-0.1808;37.9313;-1.2595;-7.1524;37.3378;231.5;170.2;214.0;270.0
1151.5;1.7477;1.6996;-15.8860;-14.8201;308;-3;-0.0929;38.8092;-1.3664;-7.5919;38.1374;233.8;170.8;214.6;270.0
1152.0;1.7482;1.6996;-16.1332;-15.1676;306;-3;-0.0147;39.6412;-1.4809;-8.0534;38.9370;234.6;169.2;215.1;270.0
1152.5;1.7477;1.6996;-16.4835;-15.5027;302;-1;-0.0733;40.5191;-1.6107;-8.5148;40.5362;234.1;168.1;216.7;270.0
1153.0;1.7477;1.6996;-16.6497;-15.8255;302;-1;-0.0635;41.3893;-1.7481;-8.9982;41.3358;228.8;167.1;218.3;270.0
1153.5;1.7477;1.6996;-16.9093;-16.1360;300;1;-0.0342;42.2672;-1.8855;-9.4817;42.1354;224.6;167.6;221.4;270.0
1154.0;1.7482;1.6996;-17.3297;-16.4327;292;7;-0.0635;43.1374;-2.0382;-9.9651;42.9350;219.9;167.1;226.5;270.0
1154.5;1.7477;1.6996;-17.5962;-16.7184;290;9;-0.1124;43.9695;-2.1832;-10.4705;43.7346;216.4;167.1;233.6;270.0
1155.0;1.7463;1.6996;-17.8310;-16.9904;288;11;-0.1026;44.7939;-2.3435;-10.9979;44.5343;212.7;167.3;244.9;270.0
1155.5;1.7459;1.6996;-17.9725;-17.2500;288;11;-0.0929;45.7023;-2.5267;-11.5033;45.3339;210.4;166.8;255.2;270.0
1156.0;1.7459;1.6996;-18.3874;-17.4986;283;17;-0.1613;46.5725;-2.7023;-12.0307;46.1335;208.2;167.3;268.9;270.0
1156.5;1.7454;1.6996;-18.4588;-17.7335;283;17;-0.1711;47.4351;-2.8931;-12.5580;46.9331;207.7;167.9;270.0;270.0
1157.0;1.7445;1.6996;-18.8887;-17.9560;275;24;-0.0733;48.2595;-3.0763;-13.1074;47.7327;207.2;168.1;270.0;270.0
1157.5;1.7431;1.6996;-19.0343;-18.1662;273;26;-0.1417;49.0382;-3.2672;-13.6567;48.5323;207.7;167.3;270.0;270.0
1158.0;1.7422;1.6996;-19.2610;-18.3626;269;30;-0.0342;49.9389;-3.4885;-14.2281;50.1315;208.5;166.8;270.0;270.0
1158.5;1.7422;1.6996;-19.3695;-18.5481;269;32;-0.0733;50.7557;-3.6947;-14.7554;50.9311;208.5;166.8;270.0;270.0
1159.0;1.7413;1.6996;-19.6648;-18.7212;261;40;-0.0440;51.5649;-3.9160;-15.3048;51.7307;207.2;167.3;270.0;270.0
1159.5;1.7399;1.6996;-19.9547;-18.8805;253;48;-0.0244;52.3817;-4.1450;-15.8981;52.5304;206.4;167.3;270.0;270.0
1160.0;1.7372;1.6996;-19.9986;-19.0288;253;50;-0.1711;53.1908;-4.3817;-16.4694;53.3300;204.8;167.6;270.0;270.0
1160.5;1.7358;1.6996;-20.2500;-19.1635;247;58;0.0538;54.0382;-4.6336;-17.0407;54.1296;203.2;167.6;270.0;270.0
1161.0;1.7335;1.6996;-20.1731;-19.2857;247;56;-0.0342;54.7634;-4.8626;-17.6120;54.9292;202.7;167.9;270.0;270.0
1161.5;1.7317;1.6996;-20.4986;-19.3956;239;67;0.0733;55.6107;-5.1298;-18.2053;55.7288;200.3;168.4;270.0;270.0
1162.0;1.7299;1.6996;-20.5549;-19.4931;238;69;-0.0929;56.3740;-5.3893;-18.7986;56.5284;200.1;168.4;270.0;270.0
1162.5;1.7285;1.6996;-20.7624;-19.5783;232;77;0.0244;57.2443;-5.6870;-19.4139;57.3280;196.4;168.1;270.0;270.0
1163.0;1.7271;1.6996;-20.7775;-19.6511;230;81;-0.0244;58.0382;-5.9771;-19.9852;58.1276;194.3;168.4;270.0;270.0
1163.5;1.7257;1.6996;-20.7885;-19.7102;230;85;-0.0049;58.8321;-6.2672;-20.5785;58.9272;191.3;167.3;270.0;270.0
1164.0;1.7244;1.6996;-20.7335;-19.7582;228;87;0.0049;59.6183;-6.5649;-21.1718;59.7268;191.1;167.9;270.0;270.0
1164.5;1.7225;1.6996;-20.8104;-19.7926;224;93;0.0831;60.3664;-6.8626;-21.7651;60.5265;187.9;167.6;270.0;270.0
1165.0;1.7216;1.6996;-21.0082;-19.8159;214;103;0.0147;61.2214;-7.2061;-22.3804;61.3261;186.3;167.9;270.0;270.0
1165.5;1.7193;1.6996;-20.7665;-19.8255;220;101;-0.0147;61.9313;-7.5038;-22.9737;62.1257;185.5;167.9;270.0;270.0
1166.0;1.7175;1.6996;-20.8489;-19.8255;214;109;0.0049;62.7023;-7.8397;-23.5670;62.9253;182.9;167.9;270.0;270.0
1166.5;1.7152;1.6996;-20.7033;-19.8255;220;107;0.0733;63.4427;-8.1603;-24.1603;63.7249;181.1;167.9;270.0;270.0
1167.0;1.7143;1.6996;-20.6964;-19.8255;222;107;-0.0733;64.2443;-8.5267;-24.7536;65.3241;179.5;168.1;270.0;270.0
1167.5;1.7129;1.6996;-20.7088;-19.8132;218;112;-0.0147;65.0076;-8.8855;-25.3469;66.1237;177.9;168.1;270.0;270.0
1168.0;1.7115;1.6996;-20.7445;-19.7885;212;118;-0.0049;65.7710;-9.2519;-25.9402;66.9233;175.8;168.1;270.0;270.0
1168.5;1.7111;1.6996;-20.5206;-19.7500;214;118;-0.0733;66.5649;-9.6412;-26.5335;67.7229;173.1;168.4;270.0;270.0
1169.0;1.7106;1.6996;-20.3242;-19.7005;214;118;-0.0147;67.3130;-10.0229;-27.1268;68.5226;172.1;167.9;270.0;270.0
1169.5;1.7111;1.6996;-20.3049;-19.6387;208;124;-0.0147;68.1374;-10.4504;-27.6981;69.3222;169.4;167.9;270.0;270.0
1170.0;1.7129;1.6996;-20.1113;-19.5632;208;124;-0.1222;68.9160;-10.8626;-28.2694;70.1218;168.4;167.3;270.0;270.0
1170.5;1.7152;1.6996;-20.1044;-19.4753;200;130;-0.1026;69.7634;-11.3206;-28.8408;70.9214;167.6;167.6;270.0;270.0
1171.0;1.7193;1.6996;-19.7679;-19.3750;202;126;-0.1222;70.6107;-11.7939;-29.4121;72.5206;166.8;167.3;270.0;270.0
1171.5;1.7230;1.6996;-19.5755;-19.2637;198;124;-0.1906;71.4122;-12.2519;-29.9834;73.3202;165.7;167.3;270.0;270.0
1172.0;1.7271;1.6996;-19.2953;-19.1387;196;124;-0.0635;72.2061;-12.7176;-30.5328;74.1198;160.5;167.1;270.0;270.0
1172.5;1.7308;1.6996;-19.2912;-19.0000;185;128;-0.0635;73.0000;-13.1908;-31.0821;74.9194;158.6;167.1;270.0;270.0
1173.0;1.7344;1.6996;-19.1168;-18.8503;177;130;-0.0440;73.7939;-13.6718;-31.6315;75.7190;157.0;167.6;270.0;270.0
1173.5;1.7376;1.6996;-19.0879;-18.6882;167;136;-0.0635;74.5802;-14.1603;-32.1808;76.5187;155.7;167.9;270.0;270.0
1174.0;1.7404;1.6996;-19.0000;-18.5137;157;142;0.0147;75.3206;-14.6336;-32.7302;77.3183;153.6;167.3;270.0;270.0
1174.5;1.7422;1.6996;-18.7335;-18.3255;153;144;-0.0049;76.0687;-15.1145;-33.2575;78.9175;153.1;167.3;270.0;270.0
1175.0;1.7440;1.6996;-18.7720;-18.1250;142;152;-0.0733;76.8397;-15.6260;-33.7849;79.7171;150.2;166.8;270.0;270.0
1175.5;1.7459;1.6996;-18.5852;-17.9135;136;155;-0.0733;77.6031;-16.1374;-34.3123;80.5167;149.4;166.8;270.0;270.0
1176.0;1.7473;1.6996;-18.5220;-17.6882;124;163;-0.0733;78.3664;-16.6641;-34.8616;81.3163;147.3;167.9;270.0;270.0
1176.5;1.7491;1.6996;-18.2802;-17.4505;120;167;-0.0929;79.1221;-17.1985;-35.3890;82.1159;146.5;168.1;270.0;267.6
1177.0;1.7505;1.6996;-18.0742;-17.2005;112;171;-0.0244;79.8397;-17.7099;-35.8944;82.9155;145.2;168.4;270.0;263.4
1177.5;1.7523;1.6996;-17.6703;-16.9382;110;171;0.0635;80.5878;-18.2595;-36.3998;83.7151;143.0;168.1;270.0;260.5
1178.0;1.7532;1.6996;-17.4176;-16.6635;105;177;0.0244;81.2595;-18.7634;-36.9052;84.5147;141.5;168.1;270.0;256.5
1178.5;1.7550;1.6996;-17.1154;-16.3750;99;181;0.0342;82.0000;-19.3206;-37.3887;86.1140;140.1;168.7;270.0;253.1
1179.0;1.7555;1.6996;-16.5728;-16.0755;99;179;0.0147;82.6718;-19.8321;-37.8501;86.9136;137.2;168.4;270.0;251.3
1179.5;1.7550;1.6996;-16.2898;-15.7637;93;185;0.0831;83.3664;-20.3817;-38.3335;87.7132;135.7;167.1;270.0;249.1
1180.0;1.7537;1.6996;-15.8750;-15.4382;89;187;0.0635;83.9924;-20.8779;-38.7730;88.5128;134.1;168.1;270.0;247.0
1180.5;1.7527;1.6996;-15.5948;-15.1003;83;195;0.0733;84.6794;-21.4351;-39.2345;89.3124;132.0;167.6;270.0;246.0
1181.0;1.7523;1.6996;-15.1799;-14.7500;79;198;0.0440;85.3664;-22.0000;-39.6740;90.1120;130.9;168.1;270.0;243.3
1181.5;1.7518;1.6996;-14.9753;-14.3887;69;208;0.1124;86.0076;-22.5420;-40.0915;90.9116;130.1;167.9;270.0;241.0
1182.0;1.7491;1.6996;-14.4863;-14.0137;67;210;0.1124;86.5954;-23.0305;-40.5090;91.7112;127.5;168.9;270.0;238.3
1182.5;1.7463;1.6996;-14.1305;-13.6250;62;220;0.1613;87.1985;-23.5573;-40.9045;92.5108;126.9;169.4;270.0;237.5
1183.0;1.7436;1.6996;-13.7459;-13.2253;56;228;0.1711;87.8702;-24.1374;-41.3220;93.3105;124.0;171.0;270.0;235.4
1183.5;1.7408;1.6996;-13.2651;-12.8132;54;234;0.1222;88.4733;-24.6718;-41.6956;94.1101;122.2;172.1;270.0;235.2
1184.0;1.7395;1.6996;-12.9148;-12.3887;48;239;0.1222;89.1298;-25.2595;-42.0471;94.9097;122.2;173.9;270.0;235.4
1184.5;1.7381;1.6996;-12.3571;-11.9505;46;243;0.1906;89.7557;-25.8244;-42.4207;95.7093;121.1;176.0;270.0;234.6
1185.0;1.7363;1.6996;-11.8819;-11.5000;40;249;0.1808;90.3740;-26.3969;-42.7503;96.5089;120.4;179.2;270.0;233.3
1185.5;1.7349;1.6996;-11.3819;-11.0385;36;255;0.0733;91.0229;-27.0000;-43.0799;97.3085;119.3;184.0;270.0;232.3
1186.0;1.7331;1.6996;-10.8118;-10.5632;34;261;0.2102;91.6107;-27.5496;-43.3876;98.1081;118.5;188.4;270.0;231.7
1186.5;1.7303;1.6996;-10.1772;-10.0755;32;265;0.1124;92.2214;-28.1298;-43.6732;99.7073;117.7;192.4;270.0;230.9
1187.0;1.7294;1.6996;-9.7033;-9.5755;28;273;0.1711;92.8626;-28.7481;-43.9589;100.5069;116.9;197.9;270.0;230.1
1187.5;1.7271;1.6996;-9.1593;-9.0632;24;279;0.0831;93.4657;-29.3282;-44.2226;101.3066;116.7;204.3;270.0;228.6
1188.0;1.7248;1.6996;-8.5110;-8.5385;22;284;0.1222;94.0382;-29.8931;-44.4643;102.1062;116.4;211.4;270.0;228.8
1188.5;1.7225;1.6996;-7.9272;-8.0000;19;290;0.1124;94.6107;-30.4580;-44.6840;102.9058;115.3;218.8;270.0;229.6
1189.0;1.7193;1.6996;-7.3626;-7.4533;17;296;0.0929;95.1832;-31.0229;-44.9038;103.7054;115.3;225.4;270.0;229.1
1189.5;1.7170;1.6996;-6.6758;-6.9052;21;296;0.1515;95.7786;-31.6183;-45.1015;104.5050;114.5;230.9;270.0;228.3
1190.0;1.7152;1.6996;-6.0852;-6.3777;26;292;0.1222;96.3740;-32.2214;-45.2773;105.3046;114.0;243.6;270.0;227.5
1190.5;1.7138;1.6996;-5.5632;-5.8709;34;288;0.1026;96.9695;-32.8168;-45.4311;106.1042;113.2;249.9;270.0;226.7
1191.0;1.7120;1.6996;-4.8723;-5.3832;46;279;0.0049;97.5344;-33.3893;-45.5630;106.9038;112.7;254.4;270.0;226.2
1191.5;1.7106;1.6996;-4.2102;-4.9162;58;269;0.0538;98.1221;-33.9924;-45.6948;107.7034;113.5;258.9;270.0;226.5
1192.0;1.7092;1.6996;-3.6429;-4.4684;65;261;0.0440;98.7099;-34.6031;-45.8047;108.5030;113.5;262.3;270.0;225.1
1192.5;1.7070;1.6996;-3.0371;-4.0412;75;251;0.0147;99.2443;-35.1450;-45.8706;109.3027;112.4;267.1;270.0;224.3
1193.0;1.7060;1.6996;-2.5701;-3.6332;83;247;0.0831;99.8626;-35.7863;-45.9585;110.1023;111.6;269.2;270.0;223.8
1193.5;1.7042;1.6996;-2.0989;-3.2459;93;239;0.0733;100.4198;-36.3588;-46.0244;110.9019;110.9;270.0;270.0;223.8
1194.0;1.7019;1.6996;-1.5838;-2.8777;103;232;0.0538;100.9771;-36.9389;-46.0684;111.7015;110.9;270.0;270.0;223.8
1194.5;1.6996;1.6996;-1.2376;-2.5302;109;228;0.1222;101.5649;-37.5496;-46.0904;112.5011;109.5;270.0;270.0;222.2
1195.0;1.6973;1.6996;-0.9533;-2.2033;110;220;0.0244;102.1221;-38.1298;-46.1123;113.3007;108.2;270.0;270.0;221.7
1195.5;1.6951;1.6996;-0.6717;-1.8956;116;216;0.0147;102.6794;-38.7023;-46.1343;114.1003;107.7;270.0;270.0;220.4
1196.0;1.6928;1.6996;-0.4409;-1.6085;122;212;0.0929;103.2595;-39.3130;-46.1563;114.8999;107.4;270.0;270.0;220.1
1196.5;1.6905;1.6996;-0.2843;-1.3407;126;212;0.0049;103.8702;-39.9542;-46.1563;115.6995;106.4;270.0;270.0;218.8
1197.0;1.6882;1.6996;0.0206;-1.0934;136;208;0.0733;104.4046;-40.5038;-46.1563;116.4991;105.6;270.0;270.0;218.3
1197.5;1.6854;1.6996;0.1951;-0.8654;142;204;-0.0147;104.9618;-41.0840;-46.1563;117.2988;105.3;270.0;270.0;218.3
1198.0;1.6822;1.6996;0.3489;-0.6580;148;202;0.0635;105.5420;-41.6947;-46.1563;118.0984;104.8;270.0;270.0;218.0
1198.5;1.6795;1.6996;0.5096;-0.4712;153;198;-0.0244;106.0992;-42.2672;-46.1343;118.8980;104.0;270.0;270.0;217.2
1199.0;1.6767;1.6996;0.5838;-0.3036;161;198;-0.0244;106.6565;-42.8473;-46.1123;119.6976;102.9;270.0;270.0;216.4
1199.5;1.6740;1.6996;0.6731;-0.1552;167;196;0.0538;107.2443;-43.4580;-46.0904;120.4972;103.2;270.0;270.0;215.4
1200.0;1.6712;1.6996;0.7651;-0.0288;175;193;-0.0342;107.8015;-44.0382;-46.0684;121.2968;101.6;270.0;270.0;214.0
1200.5;1.6680;1.6996;0.8585;0.0000;191;181;-0.0342;108.3588;-44.6183;-46.0464;122.0964;101.6;270.0;270.0;213.8
1201.0;1.6658;1.6996;0.8599;0.0000;200;175;0.0440;108.9466;-45.2214;-46.0244;122.8960;100.6;270.0;270.0;213.0
1201.5;1.6635;1.6996;1.0000;0.0000;206;171;0.0440;109.4733;-45.7710;-46.0025;123.6956;100.0;270.0;270.0;212.5
1202.0;1.6612;1.6996;1.0646;0.0000;210;173;-0.1222;110.0611;-46.3817;-45.9585;124.4952;99.8;270.0;270.0;212.2
1202.5;1.6598;1.6996;1.1071;0.0000;212;175;0.0342;110.6489;-46.9847;-45.9366;125.2948;99.5;270.0;270.0;211.4
1203.0;1.6584;1.6996;1.2418;0.0000;218;169;-0.0538;111.2672;-47.6183;-45.8926;126.8941;99.0;270.0;270.0;211.7
1203.5;1.6575;1.6996;1.1154;0.0000;216;175;-0.0049;0.8015;0.0000;-0.0109;0.5557;99.5;270.0;270.0;211.4
1204.0;1.6566;1.6996;0.9986;0.0000;214;179;0.0440;1.6412;0.0000;0.0111;1.3553;99.2;270.0;270.0;210.9
1204.5;1.6548;1.6996;0.8310;0.0000;210;185;0.0440;2.4046;0.0000;0.0331;2.1549;98.7;270.0;270.0;210.4
1205.0;1.6525;1.6996;0.6951;0.0000;208;191;0.0538;3.1679;0.0000;0.0551;2.9546;98.7;270.0;270.0;209.8
1205.5;1.6511;1.6996;0.5659;0.0000;206;195;-0.0244;4.0534;0.0000;0.0770;3.7542;97.9;270.0;270.0;209.0
1206.0;1.6502;1.6996;0.6030;0.0000;210;195;-0.0244;4.8626;0.0000;0.0990;4.5538;97.7;270.0;270.0;208.5
1206.5;1.6502;1.6996;0.5659;0.0000;204;193;0.0538;5.7023;0.0000;0.1210;5.3534;97.9;270.0;270.0;208.5
1207.0;1.6488;1.6996;0.4808;0.0000;200;193;-0.0244;6.5038;0.0076;0.1210;6.1530;97.9;270.0;270.0;207.4
1207.5;1.6479;1.6996;0.6223;0.0000;206;191;-0.1124;7.3511;0.0076;0.1430;6.9526;97.9;270.0;270.0;207.4
1208.0;1.6474;1.6996;0.6429;0.0000;206;191;0.0538;8.1985;0.0076;0.1649;7.7522;98.4;270.0;270.0;207.4
1208.5;1.6474;1.6996;0.6676;0.0000;210;193;-0.0244;9.0000;0.0076;0.1869;8.5518;97.7;270.0;270.0;206.7
1209.0;1.6488;1.6996;0.6140;0.0000;210;193;-0.1026;9.9237;0.0153;0.1869;9.3514;97.7;270.0;270.0;205.6
1209.5;1.6497;1.7001;0.6456;0.0000;214;195;-0.0244;10.7252;0.0153;0.2089;10.1510;97.7;270.0;270.0;206.4
1210.0;1.6506;1.7001;0.3819;0.0000;210;204;-0.0147;11.6107;0.0229;0.2308;10.9506;97.9;270.0;270.0;204.5
1210.5;1.6520;1.7005;0.3462;0.0000;212;208;-0.0929;12.4580;0.0229;0.2308;11.7503;98.7;270.0;270.0;204.8
1211.0;1.6538;1.7015;0.2349;0.0000;216;216;-0.0147;13.3359;0.0305;0.2528;12.5499;99.8;270.0;270.0;204.3
1211.5;1.6552;1.7019;0.1676;0.0000;218;220;-0.0929;14.1832;0.0305;0.2528;14.1491;99.2;270.0;270.0;204.0
1212.0;1.6566;1.7028;0.1016;0.0000;220;224;-0.1711;15.0687;0.0382;0.2528;14.9487;100.0;270.0;270.0;203.8
1212.5;1.6584;1.7042;-0.0055;0.0000;220;230;-0.0049;15.9542;0.0382;0.2528;15.7483;100.0;270.0;270.0;203.2
1213.0;1.6607;1.7056;0.0907;0.0000;226;230;-0.1711;16.8321;0.0458;0.2528;16.5479;100.6;270.0;270.0;203.8
1213.5;1.6625;1.7070;0.0879;0.0000;230;234;-0.0929;17.6794;0.0458;0.2528;17.3475;100.6;270.0;270.0;203.5
1214.0;1.6648;1.7083;0.2157;0.0000;236;232;-0.0929;18.5267;0.0534;0.2528;18.1471;101.9;270.0;270.0;203.2
1214.5;1.6671;1.7102;0.0632;0.0000;236;239;-0.1711;19.4046;0.0534;0.2748;18.9467;102.7;270.0;270.0;201.6
1215.0;1.6712;1.7120;0.1374;0.0000;241;239;-0.0929;20.3359;0.0611;0.2748;19.7464;102.9;270.0;270.0;200.8
1215.5;1.6749;1.7138;0.0096;0.0000;239;245;-0.0831;21.1756;0.0611;0.2748;20.5460;103.7;270.0;270.0;200.6
1216.0;1.6777;1.7161;0.0412;0.0000;243;247;-0.0049;22.0611;0.0687;0.2748;21.3456;105.8;270.0;270.0;199.5
1216.5;1.6799;1.7184;-0.0082;0.0000;247;251;-0.1613;22.9466;0.0763;0.2748;22.9448;107.4;270.0;270.0;199.0
1217.0;1.6827;1.7212;0.0797;0.0000;251;251;-0.0049;23.8321;0.0763;0.2748;23.7444;111.4;270.0;270.0;197.9
1217.5;1.6845;1.7239;-0.0920;0.0000;247;257;-0.0049;24.6336;0.0840;0.2748;24.5440;115.1;270.0;270.0;197.2
1218.0;1.6795;1.7266;-0.2294;0.0000;253;261;0.0049;25.5191;0.0840;0.2528;25.3436;119.6;270.0;270.0;196.4
1218.5;1.6767;1.7294;-0.1868;0.0000;261;269;-0.0831;26.3588;0.0916;0.2528;26.1432;125.4;270.0;270.0;195.6
1219.0;1.6767;1.7326;-0.3036;0.0000;265;279;0.0049;27.2443;0.0916;0.2528;26.9428;131.7;270.0;270.0;194.8
1219.5;1.6781;1.7358;-0.1044;0.0000;277;281;-0.0049;28.1298;0.0992;0.2528;27.7425;141.2;270.0;270.0;193.7
1220.0;1.6813;1.7395;-0.1813;0.0000;279;288;0.0049;29.0153;0.0992;0.2308;28.5421;152.3;270.0;270.0;192.9
1220.5;1.6845;1.7427;-0.0948;0.0000;286;290;-0.0049;29.9008;0.1069;0.2308;29.3417;165.5;270.0;270.0;193.5
1221.0;1.6877;1.7468;-0.1291;0.0000;288;298;-0.0049;30.7786;0.1069;0.2308;30.1413;178.7;270.0;270.0;192.4
1221.5;1.6923;1.7505;0.0041;0.0000;296;298;-0.0049;31.6641;0.1145;0.2308;30.9409;193.5;270.0;270.0;191.3
1222.0;1.6964;1.7546;-0.0385;0.0000;300;304;-0.0831;32.5115;0.1145;0.2308;31.7405;206.9;270.0;270.0;190.6
1222.5;1.7010;1.7587;-0.1744;0.0000;300;314;0.0049;33.3969;0.1221;0.2308;33.3397;221.2;270.0;270.0;189.5
1223.0;1.7051;1.7633;-0.1909;0.0000;302;318;0.0831;34.3206;0.1221;0.2308;34.1393;234.6;270.0;270.0;188.2
1223.5;1.7097;1.7679;-0.3297;0.0000;302;326;0.0049;35.2061;0.1298;0.2089;34.9389;246.0;270.0;270.0;188.2
1224.0;1.7138;1.7724;-0.1360;0.0000;312;326;-0.0049;36.0840;0.1298;0.2089;35.7386;256.8;270.0;270.0;186.6
1224.5;1.7189;1.7775;-0.2005;0.0000;314;333;0.0049;36.9695;0.1374;0.2089;36.5382;262.9;270.0;270.0;186.3
1225.0;1.7244;1.7821;-0.1456;0.0000;320;333;-0.0831;37.8931;0.1374;0.2089;37.3378;268.2;270.0;270.0;185.3
1225.5;1.7303;1.7875;-0.1016;0.0000;326;339;-0.0049;38.7786;0.1450;0.1869;38.1374;270.0;270.0;270.0;185.0
1226.0;1.7372;1.7926;-0.0165;0.0000;329;339;-0.0049;39.7405;0.1450;0.1869;39.7366;270.0;270.0;270.0;184.2
1226.5;1.7440;1.7981;-0.1923;0.0000;329;349;0.0049;40.7099;0.1450;0.1869;40.5362;270.0;270.0;270.0;183.4
1227.0;1.7514;1.8040;-0.1401;0.0000;335;353;-0.0049;41.6718;0.1527;0.1869;41.3358;270.0;270.0;270.0;183.4
1227.5;1.7587;1.8095;-0.1525;0.0000;335;355;0.0831;42.5954;0.1527;0.1869;42.1354;270.0;270.0;270.0;183.2
1228.0;1.7669;1.8155;-0.3077;0.0000;333;363;0.0831;43.6031;0.1603;0.1649;42.9350;270.0;270.0;270.0;181.6
1228.5;1.7756;1.8214;-0.3214;0.0000;335;367;0.0831;44.5267;0.1603;0.1649;43.7346;270.0;270.0;270.0;180.8
1229.0;1.7853;1.8278;-0.3379;0.0000;337;370;0.0831;45.5344;0.1679;0.1649;45.3339;270.0;270.0;270.0;180.8
1229.5;1.7949;1.8342;-0.2734;0.0000;341;369;0.0831;46.5344;0.1679;0.1430;46.1335;270.0;270.0;270.0;180.0
1230.0;1.8049;1.8407;-0.2569;0.0000;343;372;0.0049;47.5038;0.1679;0.1430;46.9331;270.0;270.0;270.0;180.0
1230.5;1.8159;1.8475;-0.1978;0.0000;345;370;0.0831;48.5878;0.1756;0.1430;48.5323;270.0;270.0;270.0;179.7
1231.0;1.8278;1.8544;-0.3462;0.0000;343;376;0.0831;49.5878;0.1756;0.1210;49.3319;270.0;270.0;270.0;179.7
1231.5;1.8388;1.8613;-0.3448;0.0000;345;378;0.0831;50.5954;0.1756;0.1210;50.1315;270.0;270.0;270.0;178.2
1232.0;1.8503;1.8686;-0.3448;0.0000;339;372;0.0831;51.6031;0.1832;0.0990;50.9311;270.0;270.0;270.0;177.1
1232.5;1.8617;1.8750;-0.3984;0.0000;331;370;0.0929;52.6870;0.1832;0.0990;52.5304;267.6;270.0;270.0;177.4
1233.0;1.8727;1.8819;-0.3159;0.0000;327;363;0.0831;53.6870;0.1832;0.0770;53.3300;265.5;270.0;270.0;174.5
1233.5;1.8837;1.8883;-0.4258;0.0000;318;361;0.0929;54.6947;0.1832;0.0770;54.1296;263.7;270.0;270.0;173.1
1234.0;1.8938;1.8942;-0.4121;0.0000;314;355;0.0929;55.7023;0.1832;0.0551;54.9292;264.2;270.0;270.0;172.6
1234.5;1.9034;1.9002;-0.3846;0.0000;308;347;0.0049;56.6641;0.1908;0.0551;56.5284;261.8;270.0;270.0;172.1
1235.0;1.9125;1.9061;-0.2541;0.0000;306;337;0.0049;57.7099;0.1908;0.0331;57.3280;262.9;270.0;270.0;171.8
1235.5;1.9208;1.9121;-0.2019;0.0000;302;331;0.0831;58.7176;0.1908;0.0331;58.1276;261.3;270.0;270.0;170.8
1236.0;1.9281;1.9176;-0.1277;0.0000;300;324;0.0831;59.7176;0.1908;0.0331;58.9272;260.5;270.0;270.0;169.7
1236.5;1.9345;1.9231;-0.0508;0.0000;298;318;-0.0049;60.6794;0.1908;0.0331;60.5265;258.7;270.0;270.0;168.7
1237.0;1.9405;1.9286;-0.0426;0.0000;294;314;0.0733;61.6870;0.1908;0.0331;61.3261;256.3;270.0;270.0;167.3
1237.5;1.9460;1.9336;0.1827;0.0000;298;302;-0.0147;62.6489;0.1908;0.0331;62.1257;254.2;270.0;270.0;166.3
1238.0;1.9515;1.9386;0.2376;0.0000;296;298;-0.0929;63.6565;0.1908;0.0331;62.9253;252.8;270.0;270.0;166.0
1238.5;1.9560;1.9437;0.2349;0.0000;292;294;-0.0929;64.6641;0.1908;0.0551;64.5245;251.3;270.0;270.0;164.4
1239.0;1.9615;1.9483;0.2060;0.0000;288;292;0.0635;65.6641;0.1985;0.0551;65.3241;250.7;270.0;270.0;163.6
1239.5;1.9670;1.9528;0.1113;0.0000;283;292;-0.0049;66.7099;0.1985;0.0551;66.1237;248.9;270.0;270.0;162.8
1240.0;1.9725;1.9570;-0.0234;0.0000;273;290;0.0733;67.7176;0.1985;0.0551;66.9233;247.3;270.0;270.0;162.6
1240.5;1.9780;1.9615;-0.0234;0.0000;269;288;-0.0049;68.7634;0.1985;0.0551;68.5226;247.6;270.0;270.0;162.1
1241.0;1.9831;1.9652;0.0714;0.0000;267;281;0.0733;69.7634;0.1985;0.0551;69.3222;246.5;270.0;270.0;160.5
1241.5;1.9876;1.9693;0.0810;0.0000;265;279;0.0733;70.7710;0.1985;0.0551;70.1218;245.2;270.0;270.0;159.4
1242.0;1.9931;1.9730;0.2582;0.0000;267;271;-0.0147;71.8168;0.2061;0.0770;71.7210;241.5;270.0;270.0;158.6
1242.5;1.9977;1.9766;0.3723;0.0000;265;263;-0.1026;72.8168;0.2061;0.0770;72.5206;241.8;270.0;270.0;158.6
1243.0;2.0023;1.9803;0.3970;0.0000;263;257;-0.0147;73.8626;0.2061;0.0990;73.3202;241.2;270.0;270.0;157.3
1243.5;2.0069;1.9835;0.4574;0.0000;261;251;-0.0244;74.9084;0.2061;0.0990;74.1198;241.8;270.0;270.0;156.5
1244.0;2.0110;1.9863;0.5055;0.0000;257;245;-0.0244;75.9542;0.2137;0.1210;75.7190;241.8;270.0;270.0;155.2
1244.5;2.0160;1.9895;0.3929;0.0000;251;245;-0.0147;77.0000;0.2137;0.1210;76.5187;240.4;270.0;270.0;154.7
1245.0;2.0215;1.9922;0.3489;0.0000;245;243;0.0635;78.0840;0.2137;0.1430;77.3183;238.3;270.0;270.0;153.6
1245.5;2.0256;1.9950;0.3283;0.0000;239;239;0.0635;79.1679;0.2214;0.1430;78.9175;238.9;270.0;270.0;153.1
1246.0;2.0293;1.9973;0.2431;0.0000;234;238;-0.0147;80.2137;0.2214;0.1649;79.7171;237.8;270.0;270.0;152.3
1246.5;2.0334;2.0000;0.3159;0.0000;232;232;0.0635;81.2977;0.2214;0.1649;80.5167;238.6;270.0;270.0;152.0
1247.0;2.0371;2.0018;0.4258;0.0000;232;224;-0.0244;82.3435;0.2290;0.1869;82.1159;238.9;270.0;270.0;151.0
1247.5;2.0403;2.0041;0.4643;0.0000;230;220;-0.0244;83.3893;0.2290;0.1869;82.9155;238.9;270.0;270.0;150.2
1248.0;2.0440;2.0060;0.5481;0.0000;228;212;-0.0244;84.4351;0.2366;0.2089;83.7151;237.3;270.0;270.0;149.1
1248.5;2.0481;2.0078;0.5261;0.0000;224;208;-0.0244;85.5573;0.2366;0.2308;85.3144;236.5;270.0;270.0;148.6
1249.0;2.0517;2.0092;0.4657;0.0000;218;204;-0.1026;86.5649;0.2443;0.2308;86.1140;236.5;270.0;270.0;148.1
1249.5;2.0549;2.0105;0.3791;0.0000;212;202;-0.1026;87.6489;0.2519;0.2528;86.9136;235.2;270.0;270.0;147.5
1250.0;2.0582;2.0119;0.3558;0.0000;206;198;-0.0147;88.6947;0.2519;0.2528;88.5128;235.4;270.0;270.0;146.7
1250.5;2.0604;2.0128;0.2885;0.0000;200;196;-0.0147;89.8244;0.2595;0.2748;89.3124;233.8;270.0;270.0;145.7
1251.0;2.0618;2.0137;0.2830;0.0000;198;193;-0.0929;90.8244;0.2595;0.2748;90.1120;231.5;270.0;270.0;145.2
1251.5;2.0641;2.0147;0.3530;0.0000;196;185;-0.1808;91.8702;0.2672;0.2748;91.7112;230.4;270.0;270.0;145.4
1252.0;2.0664;2.0151;0.3173;0.0000;191;183;-0.0929;92.9542;0.2748;0.2968;92.5108;229.1;270.0;270.0;144.4
1252.5;2.0682;2.0156;0.3997;0.0000;191;175;-0.1026;93.9618;0.2824;0.2968;93.3105;228.3;270.0;270.0;143.6
1253.0;2.0696;2.0160;0.4231;0.0000;187;169;-0.1026;95.0458;0.2824;0.3187;94.9097;228.8;270.0;270.0;142.3
1253.5;2.0710;2.0160;0.3420;0.0000;181;169;-0.0147;96.0916;0.2901;0.3187;95.7093;228.3;270.0;270.0;142.3
1254.0;2.0714;2.0160;0.2857;0.0000;177;167;-0.0929;97.1756;0.2977;0.3407;96.5089;225.7;270.0;270.0;140.9
1254.5;2.0719;2.0160;0.2266;0.0000;171;163;-0.1711;98.2214;0.3053;0.3407;98.1081;224.6;270.0;270.0;140.9
1255.0;2.0728;2.0156;0.0989;0.0000;165;163;-0.0929;99.3053;0.3130;0.3407;98.9077;223.8;270.0;270.0;139.6
1255.5;2.0728;2.0151;0.0069;0.0000;161;163;-0.0831;100.3130;0.3206;0.3407;99.7073;225.4;270.0;270.0;138.6
1256.0;2.0723;2.0147;0.0495;0.0000;159;159;-0.0831;101.3130;0.3206;0.3407;101.3066;225.4;270.0;270.0;137.5
1256.5;2.0719;2.0137;-0.0206;0.0000;153;159;-0.0049;102.3588;0.3282;0.3407;102.1062;224.6;270.0;270.0;136.7
1257.0;2.0714;2.0128;-0.0275;0.0000;152;157;-0.0831;103.3664;0.3359;0.3407;102.9058;223.8;270.0;270.0;135.7
1257.5;2.0701;2.0119;-0.0275;0.0000;150;153;-0.1613;104.4122;0.3435;0.3407;103.7054;220.9;270.0;270.0;134.6
1258.0;2.0682;2.0105;-0.0659;0.0000;146;153;-0.0831;105.4122;0.3511;0.3407;105.3046;220.4;270.0;270.0;133.5
1258.5;2.0673;2.0092;-0.0810;0.0000;144;152;-0.0831;106.4962;0.3588;0.3407;106.1042;218.5;270.0;270.0;132.8
1259.0;2.0659;2.0078;-0.0577;0.0000;140;148;-0.0049;107.5420;0.3588;0.3407;106.9038;219.1;270.0;270.0;132.2
1259.5;2.0650;2.0060;-0.0879;0.0000;138;146;-0.0831;108.6336;0.3664;0.3407;108.5030;218.5;270.0;270.0;131.2
1260.0;2.0632;2.0041;-0.0522;0.0000;136;142;0.0733;109.6336;0.3740;0.3407;109.3027;216.4;270.0;270.0;130.4
1260.5;2.0604;2.0018;0.0179;0.0000;134;138;-0.0049;110.5954;0.3817;0.3407;110.1023;214.6;270.0;270.0;129.3
1261.0;2.0572;2.0000;0.0055;0.0000;132;138;0.0733;111.6031;0.3893;0.3407;110.9019;214.0;270.0;270.0;128.5
1261.5;2.0545;1.9973;0.0440;0.0000;128;134;0.0733;112.6107;0.3893;0.3407;112.5011;213.0;270.0;270.0;127.5
1262.0;2.0522;1.9950;0.0810;0.0000;126;132;0.0733;113.6947;0.3969;0.3407;113.3007;213.0;269.2;270.0;126.7
1262.5;2.0499;1.9922;0.0838;0.0000;124;128;-0.0049;114.7405;0.4046;0.3407;114.1003;214.3;267.6;270.0;125.9
1263.0;2.0467;1.9895;0.0920;0.0000;120;126;0.0733;115.7405;0.4122;0.3407;115.6995;211.1;264.2;270.0;125.9
1263.5;2.0430;1.9863;0.1511;0.0000;118;122;0.1515;116.7099;0.4198;0.3407;116.4991;210.1;262.1;270.0;124.6
1264.0;2.0394;1.9835;0.1209;0.0000;116;120;-0.0049;117.7557;0.4275;0.3407;117.2988;209.3;260.2;270.0;123.5
1264.5;2.0362;1.9803;0.1621;0.0000;114;118;0.0733;118.7557;0.4275;0.3627;118.0984;209.3;258.9;270.0;122.2
1265.0;2.0316;1.9766;0.2720;0.0000;114;112;0.0635;119.6794;0.4351;0.3627;118.8980;209.0;257.3;270.0;121.4
1265.5;2.0266;1.9730;0.1497;0.0000;110;114;-0.0147;120.6489;0.4427;0.3627;120.4972;207.2;255.5;270.0;120.6
1266.0;2.0211;1.9693;0.0398;0.0000;107;114;-0.0049;121.6107;0.4504;0.3627;121.2968;204.3;255.2;270.0;120.1
1266.5;2.0165;1.9652;-0.0124;0.0000;103;116;0.0733;122.6183;0.4580;0.3627;122.0964;203.5;253.6;270.0;120.1
1267.0;2.0110;1.9615;-0.0659;0.0000;99;114;-0.0049;123.5802;0.4580;0.3627;122.8960;201.6;253.1;270.0;119.6
1267.5;2.0069;1.9570;-0.0591;0.0000;97;112;0.0733;124.5878;0.4656;0.3627;124.4952;201.9;251.3;270.0;119.6
1268.0;2.0009;1.9528;-0.0508;0.0000;95;110;0.0733;125.5115;0.4733;0.3627;125.2948;200.3;248.6;270.0;119.8
1268.5;1.9950;1.9483;-0.0069;0.0000;95;107;-0.0049;126.4733;0.4809;0.3627;126.0945;199.8;246.8;270.0;120.9
1269.0;1.9886;1.9437;0.0481;0.0000;95;105;0.1515;127.4351;0.4886;0.3627;126.8941;197.7;246.2;270.0;120.9
1269.5;1.9831;1.9386;0.1758;0.0000;97;101;-0.0147;128.4046;0.4962;0.3627;127.6937;197.2;244.9;270.0;121.1
1270.0;1.9776;1.9336;0.1319;0.0000;93;99;0.0733;129.4046;0.4962;0.3627;129.2929;197.9;243.9;270.0;121.4
1270.5;1.9721;1.9286;0.1813;0.0000;91;95;0.0733;130.3359;0.5038;0.3847;130.0925;196.6;243.1;270.0;121.7
1271.0;1.9657;1.9231;0.1813;0.0000;89;95;0.1515;131.2977;0.5115;0.3847;130.8921;194.0;242.6;270.0;122.5
1271.5;1.9597;1.9176;0.1552;0.0000;83;93;0.1515;132.2595;0.5191;0.3847;131.6917;193.2;245.7;270.0;122.7
1272.0;1.9533;1.9121;0.0591;0.0000;79;93;-0.0049;133.2290;0.5267;0.3847;132.4913;191.9;244.7;270.0;123.0
1272.5;1.9464;1.9061;0.1332;0.0000;79;89;0.0733;134.1527;0.5344;0.3847;134.0906;191.3;243.6;270.0;124.0
1273.0;1.9391;1.9002;0.1016;0.0000;75;89;0.0733;135.0763;0.5420;0.3847;134.8902;190.3;243.1;270.0;125.9
1273.5;1.9313;1.8942;0.1731;0.0000;75;83;0.0733;136.0000;0.5420;0.4066;135.6898;187.7;242.6;270.0;128.5
1274.0;1.9240;1.8883;0.2596;0.0000;75;79;0.0635;136.9237;0.5496;0.4066;136.4894;187.4;241.2;270.0;131.4
1274.5;1.9167;1.8819;0.3475;0.0000;77;75;-0.0147;137.8855;0.5573;0.4066;137.2890;184.2;239.6;270.0;134.1
1275.0;1.9089;1.8750;0.4835;0.0000;79;69;-0.0244;138.7710;0.5649;0.4286;138.0886;184.8;238.6;270.0;136.7
1275.5;1.9002;1.8686;0.4313;0.0000;75;67;-0.0244;139.6565;0.5725;0.4506;138.8882;182.4;238.1;270.0;139.1
1276.0;1.8910;1.8613;0.4052;0.0000;73;67;-0.0147;140.5420;0.5802;0.4506;140.4874;181.8;237.8;270.0;141.7
1276.5;1.8823;1.8544;0.2679;0.0000;69;69;-0.0147;141.4275;0.5878;0.4726;141.2870;181.1;237.3;270.0;145.2
1277.0;1.8727;1.8475;0.3970;0.0000;75;67;0.0635;142.3512;0.5954;0.4726;142.0867;181.1;237.3;270.0;148.6
1277.5;1.8636;1.8407;0.3146;0.0000;75;73;-0.0147;143.2290;0.6031;0.4945;142.8863;180.5;236.2;270.0;152.0
1278.0;1.8544;1.8342;0.3571;0.0000;79;75;-0.0147;144.1145;0.6107;0.4945;143.6859;180.0;234.9;270.0;160.7
1278.5;1.8457;1.8278;0.3063;0.0000;83;79;-0.0147;145.0000;0.6183;0.4945;144.4855;179.2;234.6;270.0;165.0
1279.0;1.8365;1.8214;0.2486;0.0000;83;83;0.0635;145.9237;0.6260;0.5165;145.2851;178.7;234.6;270.0;170.2
1279.5;1.8274;1.8155;0.2143;0.0000;87;87;0.0635;146.7710;0.6336;0.5165;146.0847;178.7;234.1;270.0;176.6
1280.0;1.8178;1.8095;0.2843;0.0000;93;89;0.0635;147.6107;0.6412;0.5165;146.8843;179.7;233.3;270.0;185.0
1280.5;1.8086;1.8040;0.3283;0.0000;97;91;-0.0929;148.5343;0.6489;0.5385;148.4835;178.7;232.0;270.0;196.1
1281.0;1.7995;1.7981;0.2170;0.0000;99;99;0.0635;149.3817;0.6565;0.5385;149.2831;178.2;231.2;270.0;208.5
1281.5;1.7908;1.7926;0.3503;0.0000;105;99;-0.0147;150.2672;0.6641;0.5605;150.0827;177.1;230.9;270.0;221.2
1282.0;1.7830;1.7875;0.1854;0.0000;105;107;0.0733;151.1069;0.6794;0.5605;150.8824;176.0;230.7;270.0;235.2
1282.5;1.7756;1.7821;0.2431;0.0000;109;109;0.0635;152.0305;0.6870;0.5605;151.6820;176.0;229.6;270.0;249.1
1283.0;1.7683;1.7775;0.2995;0.0000;112;109;0.0635;152.8779;0.6947;0.5605;152.4816;175.5;228.6;270.0;263.4
1283.5;1.7619;1.7724;0.3764;0.0000;118;110;-0.0147;153.7634;0.7023;0.5824;153.2812;174.7;228.8;270.0;270.0
1284.0;1.7555;1.7679;0.3764;0.0000;120;112;0.0635;154.6031;0.7099;0.5824;154.0808;174.7;228.6;270.0;270.0
1284.5;1.7495;1.7633;0.4739;0.0000;126;114;-0.0244;155.4886;0.7176;0.6044;154.8804;172.9;227.2;270.0;270.0
1285.0;1.7427;1.7587;0.6154;0.0000;134;112;-0.0244;156.3741;0.7328;0.6264;155.6800;171.0;226.5;270.0;270.0
1285.5;1.7358;1.7546;0.5756;0.0000;136;116;-0.0244;157.1756;0.7405;0.6484;156.4796;171.0;225.7;270.0;270.0
1286.0;1.7285;1.7505;0.7898;0.0000;144;114;0.0440;158.0229;0.7481;0.6703;157.2792;171.0;225.1;270.0;270.0
1286.5;1.7216;1.7468;0.6497;0.0000;146;120;-0.0244;158.8244;0.7557;0.6923;158.0788;172.3;225.1;270.0;270.0
1287.0;1.7157;1.7427;0.6360;0.0000;148;124;-0.0244;159.7099;0.7710;0.6923;159.6781;170.2;224.6;270.0;270.0
1287.5;1.7097;1.7395;0.5385;0.0000;150;132;0.0538;160.5573;0.7786;0.7143;160.4777;170.2;224.3;270.0;270.0
1288.0;1.7047;1.7358;0.5055;0.0000;152;136;0.0538;161.3969;0.7939;0.7363;161.2773;169.2;223.5;270.0;270.0
1288.5;1.6996;1.7326;0.5508;0.0000;155;136;-0.1026;162.2443;0.8015;0.7363;162.0769;169.7;223.3;270.0;270.0
1289.0;1.6960;1.7294;0.5865;0.0000;159;140;-0.0244;163.1221;0.8168;0.7582;162.8765;170.5;223.3;270.0;270.0
1289.5;1.6923;1.7266;0.5398;0.0000;161;142;0.0538;163.9695;0.8244;0.7802;163.6761;169.4;222.8;270.0;270.0
1290.0;1.6886;1.7239;0.3365;0.0000;157;150;-0.0147;164.7710;0.8397;0.7802;164.4757;167.1;221.4;270.0;270.0
1290.5;1.6841;1.7212;0.5069;0.0000;165;150;-0.0244;165.5802;0.8473;0.8022;165.2753;166.3;222.0;270.0;270.0
1291.0;1.6804;1.7184;0.3984;0.0000;165;155;0.0635;166.4198;0.8626;0.8241;166.0750;165.2;221.4;270.0;270.0
1291.5;1.6772;1.7161;0.5247;0.0000;173;153;-0.1026;167.2672;0.8702;0.8241;166.8746;164.7;220.4;270.0;270.0
1292.0;1.6745;1.7138;0.5000;0.0000;177;157;-0.1026;168.1069;0.8855;0.8461;167.6742;164.2;218.0;270.0;270.0
1292.5;1.6722;1.7120;0.4066;0.0000;177;161;-0.0147;168.9924;0.9008;0.8461;168.4738;165.0;218.0;270.0;270.0
1293.0;1.6699;1.7102;0.2198;0.0000;175;167;-0.0929;169.8397;0.9084;0.8681;169.2734;164.7;218.0;270.0;270.0
1293.5;1.6680;1.7083;0.2033;0.0000;177;171;-0.0147;170.7176;0.9237;0.8681;170.0730;165.0;216.9;270.0;270.0
1294.0;1.6671;1.7070;0.1745;0.0000;179;173;-0.0929;171.5649;0.9389;0.8681;170.8726;163.9;216.4;270.0;270.0
1294.5;1.6667;1.7056;0.0288;0.0000;177;179;-0.0049;172.4504;0.9542;0.8681;171.6722;163.9;215.6;270.0;270.0
1295.0;1.6667;1.7042;0.1470;0.0000;183;179;-0.0147;173.3359;0.9618;0.8681;173.2714;163.1;215.4;270.0;270.0
1295.5;1.6662;1.7028;0.0508;0.0000;181;183;-0.0049;174.1374;0.9771;0.8681;174.0710;163.1;215.9;270.0;270.0
1296.0;1.6667;1.7019;0.1786;0.0000;187;181;-0.0929;175.0611;0.9924;0.8901;174.8707;162.8;216.4;270.0;270.0
1296.5;1.6671;1.7015;0.2843;0.0000;191;179;-0.0929;175.9084;1.0076;0.8901;175.6703;161.5;215.1;270.0;270.0
1297.0;1.6685;1.7005;0.4080;0.0000;193;175;-0.1026;176.8321;1.0229;0.9120;176.4699;161.3;214.0;270.0;270.0
1297.5;1.6690;1.7001;0.3338;0.0000;195;179;-0.0929;177.6718;1.0305;0.9120;177.2695;161.0;213.3;270.0;270.0
1298.0;1.6690;1.7001;0.2308;0.0000;193;183;-0.0929;178.5191;1.0458;0.9120;178.0691;160.7;212.7;270.0;270.0
1298.5;1.6699;1.6996;0.2266;0.0000;195;183;-0.1711;179.4046;1.0611;0.9340;178.8687;160.7;212.7;270.0;270.0
1299.0;1.6712;1.6996;0.0522;0.0000;193;191;-0.0049;180.2824;1.0763;0.9340;179.6683;160.5;211.7;270.0;270.0
1299.5;1.6717;1.6996;0.1621;0.0000;196;187;-0.0929;181.1298;1.0916;0.9340;180.4679;159.4;210.9;270.0;270.0
1300.0;1.6740;1.6996;0.0096;0.0000;191;189;-0.0831;182.0534;1.1069;0.9340;181.2675;158.9;210.6;270.0;270.0
1300.5;1.6749;1.6996;0.0632;0.0000;193;187;-0.1711;182.9389;1.1221;0.9340;182.8667;158.4;209.8;270.0;270.0
1301.0;1.6758;1.6996;0.0549;0.0000;191;187;-0.0831;183.7786;1.1298;0.9340;183.6664;158.1;209.8;270.0;270.0
1301.5;1.6767;1.6996;0.1690;0.0000;193;185;-0.0147;184.6641;1.1450;0.9340;184.4660;158.1;208.8;270.0;270.0
1302.0;1.6786;1.6996;0.2761;0.0000;196;181;-0.0147;185.5496;1.1603;0.9560;185.2656;158.4;208.5;270.0;270.0
1302.5;1.6804;1.6996;0.4258;0.0000;198;175;-0.1026;186.4733;1.1756;0.9560;186.0652;156.8;208.0;270.0;270.0
1303.0;1.6822;1.6996;0.3984;0.0000;196;177;-0.0147;187.3588;1.1908;0.9780;186.8648;157.0;206.9;270.0;270.0
1303.5;1.6845;1.6996;0.1923;0.0000;191;181;-0.0147;188.2443;1.2061;0.9780;187.6644;156.8;206.7;270.0;270.0
1304.0;1.6864;1.6996;0.2555;0.0000;191;179;-0.0147;189.1221;1.2214;0.9780;188.4640;156.5;206.1;270.0;270.0
1304.5;1.6891;1.6996;0.1003;0.0000;185;181;-0.0049;0.8779;0.0000;-0.0109;0.5557;156.2;206.4;270.0;270.0
1305.0;1.6909;1.6996;0.1071;0.0000;183;181;-0.0049;1.7634;0.0000;-0.0109;1.3553;155.5;204.0;270.0;270.0
1305.5;1.6923;1.6996;0.0096;0.0000;179;181;0.0733;2.6107;0.0000;-0.0109;2.1549;154.4;202.7;270.0;270.0
1306.0;1.6937;1.6996;-0.1209;0.0000;175;185;-0.0049;3.4962;0.0000;-0.0109;2.9546;154.7;201.6;270.0;270.0
1306.5;1.6941;1.6996;-0.2665;0.0000;169;189;0.0831;4.3359;0.0000;-0.0109;3.7542;153.1;201.4;270.0;270.0
1307.0;1.6941;1.6996;-0.1923;0.0000;169;187;0.0831;5.1832;-0.0076;-0.0328;4.5538;153.3;200.3;270.0;270.0
1307.5;1.6941;1.6996;-0.0549;0.0000;175;183;-0.0049;6.0687;-0.0076;-0.0328;5.3534;151.5;200.3;270.0;270.0
1308.0;1.6946;1.6996;-0.0261;0.0000;171;181;0.0733;6.9084;-0.0076;-0.0328;6.1530;149.9;199.5;270.0;270.0
1308.5;1.6951;1.6996;0.1387;0.0000;177;175;-0.0049;7.7939;-0.0076;-0.0328;7.7522;149.4;199.3;270.0;270.0
1309.0;1.6960;1.6996;-0.0014;0.0000;173;179;0.0733;8.6336;-0.0076;-0.0328;8.5518;147.8;198.7;270.0;270.0
1309.5;1.6964;1.6996;0.1030;0.0000;175;175;-0.0049;9.5191;-0.0076;-0.0109;9.3514;149.6;199.5;270.0;270.0
1310.0;1.6964;1.6996;0.0234;0.0000;171;177;-0.0049;10.3282;-0.0076;-0.0109;10.1510;147.8;198.5;270.0;270.0
1310.5;1.6973;1.6996;0.0316;0.0000;173;177;-0.0049;11.2061;-0.0076;-0.0109;10.9506;147.0;197.4;270.0;267.6
1311.0;1.6983;1.6996;-0.0783;0.0000;169;179;-0.0049;12.0916;-0.0076;-0.0109;11.7503;145.4;196.6;270.0;266.0
1311.5;1.6983;1.6996;-0.1126;0.0000;167;181;0.0831;12.9389;-0.0076;-0.0328;12.5499;144.6;195.3;270.0;264.2
1312.0;1.6987;1.6996;-0.1648;0.0000;165;181;0.0831;13.7786;-0.0076;-0.0328;13.3495;144.4;194.3;270.0;262.6
1312.5;1.7001;1.6996;-0.1923;0.0000;165;183;0.0049;14.6641;-0.0076;-0.0328;14.1491;143.3;194.5;270.0;260.5
1313.0;1.6996;1.6996;0.0096;0.0000;169;177;0.1515;15.4656;-0.0076;-0.0328;14.9487;142.3;193.7;270.0;260.2
1313.5;1.6996;1.6996;-0.0824;0.0000;167;181;0.0831;16.3130;-0.0076;-0.0328;15.7483;142.8;192.4;270.0;258.4
1314.0;1.6992;1.6996;0.0151;0.0000;169;177;0.0733;17.1603;-0.0076;-0.0328;16.5479;141.7;190.6;270.0;257.3
1314.5;1.6978;1.6996;0.0041;0.0000;169;179;0.0733;18.0000;-0.0076;-0.0328;17.3475;141.5;189.2;270.0;258.1
1315.0;1.6964;1.6996;0.0371;0.0000;171;179;0.0733;18.8473;-0.0076;-0.0328;18.1471;140.1;188.4;270.0;257.1
1315.5;1.6955;1.6996;0.1511;0.0000;175;177;0.0733;19.6870;-0.0076;-0.0328;18.9467;138.8;188.7;270.0;255.7
1316.0;1.6951;1.6996;0.2582;0.0000;179;175;-0.0147;20.5725;-0.0076;-0.0328;20.5460;138.3;187.7;270.0;253.6
1316.5;1.6951;1.6996;0.2129;0.0000;177;175;0.0635;21.4198;-0.0076;-0.0109;21.3456;137.2;186.1;270.0;252.3
1317.0;1.6960;1.6996;0.0357;0.0000;171;179;-0.0049;22.3053;-0.0076;-0.0109;22.1452;135.7;185.5;270.0;250.5
1317.5;1.6969;1.6996;0.0302;0.0000;173;179;-0.0049;23.1832;-0.0076;-0.0109;22.9448;135.1;184.2;270.0;249.4
1318.0;1.6978;1.6996;-0.1044;0.0000;167;183;0.0831;24.0305;-0.0076;-0.0109;23.7444;134.1;184.8;270.0;248.4
1318.5;1.6983;1.6996;-0.0481;0.0000;169;181;-0.0049;24.9160;-0.0076;-0.0109;24.5440;133.0;183.4;270.0;248.1
1319.0;1.6978;1.6996;0.0124;0.0000;169;179;-0.0049;25.7176;-0.0076;-0.0109;25.3436;132.5;182.9;270.0;247.3
1319.5;1.6973;1.6996;0.1703;0.0000;171;171;0.0733;26.5649;-0.0076;-0.0109;-0.2439;132.2;181.8;270.0;247.3
1320.0;1.6969;1.6996;0.1442;-0.0151;243;103;0.0733;27.4046;-0.0076;-0.0109;0.5557;131.7;181.8;270.0;246.0
1320.5;1.6964;1.6996;0.2376;-0.0453;253;95;-0.0147;28.2901;-0.0076;-0.0109;1.3553;131.2;180.8;270.0;246.8
1321.0;1.6960;1.6996;0.3352;-0.0907;263;85;-0.0929;29.1374;-0.0076;0.0111;2.1549;130.9;180.8;270.0;246.0
1321.5;1.6960;1.6996;0.2898;-0.1511;271;79;-0.0929;29.9771;-0.0076;0.0111;2.9546;129.6;180.0;270.0;244.7
1322.0;1.6955;1.6996;0.3036;-0.2253;279;71;-0.0929;30.8244;-0.0076;0.0331;3.7542;129.3;180.3;270.0;243.9
1322.5;1.6955;1.6996;0.0275;-0.3159;279;71;-0.0831;31.6641;-0.0076;0.0331;4.5538;127.7;178.9;270.0;242.0
1323.0;1.6951;1.6996;-0.2225;-0.4203;281;69;-0.0733;32.5878;-0.0076;0.0111;5.3534;126.9;177.9;270.0;241.0
1323.5;1.6951;1.6996;-0.5220;-0.5412;234;118;-0.0635;33.4351;-0.0076;0.0111;6.1530;125.9;177.1;270.0;239.1
1324.0;1.6946;1.6996;-0.9808;-0.6758;232;120;-0.0538;34.2748;-0.0076;-0.0328;6.9526;125.6;176.0;270.0;239.1
1324.5;1.6946;1.6996;-1.5069;-0.8255;228;126;-0.0342;35.1221;-0.0076;-0.0768;8.5518;125.6;175.8;270.0;239.6
1325.0;1.6946;1.6996;-1.7816;-0.9904;230;124;0.0538;36.0076;-0.0076;-0.1207;9.3514;126.2;175.0;270.0;239.6
1325.5;1.6941;1.6996;-2.1277;-1.1703;230;122;-0.0049;36.8473;-0.0076;-0.1867;10.1510;124.8;173.4;270.0;237.5
1326.0;1.6941;1.6996;-2.4341;-1.3654;234;120;-0.0049;37.6947;-0.0153;-0.2526;10.9506;123.8;172.9;270.0;236.2
1326.5;1.6937;1.6996;-2.4272;-1.5755;245;109;0.0831;38.5802;-0.0153;-0.3185;11.7503;122.5;173.1;270.0;236.5
1327.0;1.6928;1.6996;-2.5275;-1.8008;253;101;0.0049;39.4198;-0.0229;-0.3844;12.5499;122.2;172.1;270.0;236.0
1327.5;1.6918;1.6996;-2.4780;-2.0412;267;89;-0.0733;40.3053;-0.0305;-0.4723;13.3495;121.4;171.3;270.0;235.2
1328.0;1.6914;1.6996;-2.4560;-2.2953;281;77;0.0049;41.1527;-0.0382;-0.5382;14.1491;120.9;170.0;270.0;236.5
1328.5;1.6905;1.6996;-2.6470;-2.5659;290;69;-0.0733;41.9542;-0.0458;-0.6042;14.9487;121.4;170.0;270.0;236.2
1329.0;1.6891;1.6996;-2.8365;-2.8503;298;62;-0.0635;42.7557;-0.0534;-0.6921;15.7483;121.4;168.9;270.0;235.2
1329.5;1.6886;1.6996;-3.0385;-3.1511;310;54;-0.0635;43.6412;-0.0611;-0.7800;16.5479;120.4;168.4;270.0;234.1
1330.0;1.6882;1.6996;-3.3187;-3.4657;316;48;-0.1320;44.4886;-0.0763;-0.8679;17.3475;118.5;169.2;270.0;233.8
1330.5;1.6877;1.6996;-3.7981;-3.7953;314;46;-0.0342;45.2901;-0.0916;-0.9777;18.1471;118.5;168.4;270.0;233.6
1331.0;1.6882;1.6996;-4.0687;-4.1401;322;38;-0.1026;46.2137;-0.1069;-1.0876;18.9467;117.7;168.4;270.0;233.3
1331.5;1.6891;1.6996;-4.5742;-4.5000;326;36;-0.0831;47.0611;-0.1221;-1.2194;19.7464;117.4;168.1;270.0;233.0
1332.0;1.6891;1.6996;-5.0000;-4.8750;329;30;-0.1515;47.9389;-0.1450;-1.3733;21.3456;116.4;167.3;270.0;233.3
1332.5;1.6896;1.6996;-5.4519;-5.2651;335;26;-0.0538;48.7863;-0.1603;-1.5271;22.1452;116.1;167.9;270.0;233.0
1333.0;1.6905;1.6996;-5.7940;-5.6703;343;19;-0.1222;49.6718;-0.1908;-1.6809;22.9448;115.3;168.4;270.0;232.0
1333.5;1.6918;1.6996;-6.2170;-6.0907;351;11;-0.1026;50.5573;-0.2137;-1.8787;23.7444;115.1;168.1;266.0;231.7
1334.0;1.6918;1.6996;-6.6607;-6.5261;357;5;-0.0929;51.4351;-0.2443;-2.0544;24.5440;115.1;167.9;263.1;231.5
1334.5;1.6918;1.6996;-7.0453;-6.9753;365;-3;-0.1515;52.2824;-0.2748;-2.2742;25.3436;114.8;167.6;261.0;233.8
1335.0;1.6918;1.6996;-7.5426;-7.4409;370;-9;-0.1515;53.1221;-0.3130;-2.4720;26.1432;115.3;167.3;258.7;233.6
1335.5;1.6923;1.6996;-7.9080;-7.9203;384;-19;-0.2102;54.0076;-0.3511;-2.7137;26.9428;114.5;167.9;256.5;233.0
1336.0;1.6937;1.6996;-8.4863;-8.4162;388;-22;-0.1906;54.8931;-0.3969;-2.9554;27.7425;114.5;167.3;254.7;232.8
1336.5;1.6951;1.6996;-8.9052;-8.9162;394;-30;-0.1711;55.7710;-0.4427;-3.1971;28.5421;114.8;167.1;253.6;232.0
1337.0;1.6969;1.6996;-9.3640;-9.4162;398;-34;-0.1613;56.6565;-0.4962;-3.4828;29.3417;114.3;167.3;254.4;232.0
1337.5;1.6987;1.6996;-9.9643;-9.9162;398;-34;-0.2199;57.5802;-0.5496;-3.7464;30.9409;115.1;167.3;251.8;232.0
1338.0;1.7005;1.6996;-10.5577;-10.4162;396;-34;-0.1906;58.5038;-0.6183;-4.0541;31.7405;116.1;168.1;250.7;232.8
1338.5;1.7015;1.6996;-10.9588;-10.9162;400;-38;-0.2688;59.3817;-0.6794;-4.3837;32.5401;117.7;168.9;249.1;235.2
1339.0;1.7033;1.6996;-11.5041;-11.4162;398;-40;-0.1515;60.3053;-0.7557;-4.7133;33.3397;120.4;169.7;248.6;235.7
1339.5;1.7060;1.6996;-12.1511;-11.9162;396;-40;-0.1515;61.2214;-0.8321;-5.0429;34.1393;123.0;169.4;249.4;234.6
1340.0;1.7088;1.6996;-12.6593;-12.4162;396;-42;-0.2884;62.1450;-0.9160;-5.4165;34.9389;123.0;169.2;249.4;234.4
1340.5;1.7106;1.6996;-13.1332;-12.9162;398;-48;-0.2688;62.9847;-1.0000;-5.7900;35.7386;123.5;169.4;249.4;235.7
1341.0;1.7125;1.6996;-13.6387;-13.4162;400;-52;-0.2395;63.9084;-1.0916;-6.1856;37.3378;122.2;170.0;249.4;235.2
1341.5;1.7143;1.6996;-14.1209;-13.9162;400;-54;-0.1613;64.7863;-1.1908;-6.5811;38.1374;118.2;171.0;250.2;235.4
1342.0;1.7166;1.6996;-14.8599;-14.4162;390;-50;-0.1417;65.6641;-1.2977;-6.9986;38.9370;118.0;172.1;250.2;235.7
1342.5;1.7184;1.6996;-15.3077;-14.9162;392;-54;-0.1808;66.5802;-1.4122;-7.4601;39.7366;117.7;172.9;249.9;235.7
1343.0;1.7202;1.6996;-15.8352;-15.4162;388;-56;-0.1026;67.4580;-1.5267;-7.8995;40.5362;119.0;175.2;250.2;235.7
1343.5;1.7207;1.6996;-16.3832;-15.9162;388;-58;-0.1417;68.2901;-1.6489;-8.3830;41.3358;120.6;176.3;250.7;235.7
1344.0;1.7212;1.6996;-16.9409;-16.4162;388;-58;-0.1515;69.1221;-1.7786;-8.8444;42.1354;121.1;177.9;250.2;236.5
1344.5;1.7221;1.6996;-17.3049;-16.9162;396;-65;-0.2004;70.0000;-1.9160;-9.3498;42.9350;120.6;180.3;249.4;236.7
1345.0;1.7225;1.6996;-17.8791;-17.4038;392;-60;-0.1026;70.8321;-2.0534;-9.8552;43.7346;120.9;181.8;247.6;236.7
1345.5;1.7225;1.6996;-18.3201;-17.8777;388;-60;-0.1515;71.7023;-2.2137;-10.4046;44.5343;120.4;182.9;245.2;237.5
1346.0;1.7225;1.6996;-18.6538;-18.3407;386;-60;-0.0831;72.5267;-2.3664;-10.9319;45.3339;120.9;184.8;243.3;238.1
1346.5;1.7234;1.6996;-19.1717;-18.7912;384;-56;-0.1515;73.3969;-2.5420;-11.4593;46.9331;121.9;186.6;241.2;238.1
1347.0;1.7234;1.6996;-19.6470;-19.2280;380;-54;-0.2004;74.2214;-2.7099;-12.0307;47.7327;122.5;188.7;238.6;238.3
1347.5;1.7225;1.6996;-20.1923;-19.6538;374;-48;-0.1026;75.0076;-2.8855;-12.6020;48.5323;122.7;190.8;236.2;238.9
1348.0;1.7221;1.6996;-20.7170;-20.0659;369;-40;-0.0733;75.8702;-3.0763;-13.2172;49.3319;124.6;192.1;233.8;240.7
1348.5;1.7212;1.6996;-21.3434;-20.4657;359;-30;-0.0733;76.6565;-3.2672;-13.8105;50.1315;125.4;196.6;230.9;239.6
1349.0;1.7189;1.6996;-21.5728;-20.8530;359;-30;-0.0538;77.4351;-3.4656;-14.4258;50.9311;126.2;199.0;228.3;239.4
1349.5;1.7152;1.6996;-22.0577;-21.2280;357;-24;-0.1906;78.2061;-3.6718;-15.0631;51.7307;128.0;201.6;226.7;241.0
1350.0;1.7125;1.6996;-22.3777;-21.5907;355;-21;-0.0831;79.0229;-3.8931;-15.7223;52.5304;128.8;204.0;223.8;239.6
1350.5;1.7097;1.6996;-22.7047;-21.9409;355;-17;-0.0244;79.7939;-4.1145;-16.3595;53.3300;129.3;206.9;219.6;239.4
1351.0;1.7070;1.6996;-23.2266;-22.2788;347;-7;-0.0147;80.5649;-4.3435;-17.0188;54.1296;130.6;209.6;217.5;239.1
1351.5;1.7042;1.6996;-23.5742;-22.6030;343;-1;0.0147;81.3359;-4.5878;-17.6999;54.9292;131.2;212.7;215.1;239.6
1352.0;1.7019;1.6996;-23.9038;-22.9162;341;3;0.0244;82.0992;-4.8321;-18.3811;55.7288;132.5;214.6;213.3;239.1
1352.5;1.6996;1.6996;-23.9945;-23.2157;345;3;-0.0147;82.8931;-5.1069;-19.0843;56.5284;133.5;217.7;211.1;239.6
1353.0;1.6973;1.6996;-24.3118;-23.5027;341;9;0.0147;83.6565;-5.3740;-19.7655;57.3280;134.3;221.2;210.1;239.4
1353.5;1.6955;1.6996;-24.3255;-23.7788;343;5;-0.2004;84.4504;-5.6641;-20.4687;58.1276;135.7;224.1;207.7;241.0
1354.0;1.6937;1.6996;-24.6332;-24.0412;339;11;-0.0147;85.2366;-5.9618;-21.1718;58.9272;136.7;227.5;205.3;242.3
1354.5;1.6928;1.6996;-24.8434;-24.2912;339;15;-0.0831;86.0611;-6.2824;-21.8970;59.7268;138.0;230.7;203.2;244.7
1355.0;1.6918;1.6996;-24.9849;-24.5288;339;15;-0.1026;86.8015;-6.5878;-22.6221;60.5265;140.7;233.8;202.7;247.3
1355.5;1.6909;1.6996;-25.2253;-24.7527;337;21;-0.0244;87.5802;-6.9160;-23.3253;61.3261;142.5;235.4;200.1;251.8
1356.0;1.6914;1.6996;-25.4560;-24.9657;333;24;-0.0831;88.3893;-7.2748;-24.0504;62.1257;143.0;237.5;197.7;258.1
1356.5;1.6909;1.6996;-25.7994;-25.1662;327;30;-0.0635;89.1221;-7.6031;-24.7756;62.9253;144.6;237.8;195.3;270.0
1357.0;1.6909;1.6996;-26.0673;-25.3530;322;36;0.0538;89.9618;-8.0000;-25.5447;63.7249;146.0;236.7;193.2;270.0
1357.5;1.6905;1.6996;-26.3489;-25.5288;316;44;-0.0733;90.6794;-8.3511;-26.2918;64.5245;147.8;234.6;190.6;270.0
1358.0;1.6900;1.6996;-26.3984;-25.6909;316;44;-0.1320;91.4351;-8.7328;-27.0389;65.3241;150.7;229.9;188.4;270.0
1358.5;1.6896;1.6996;-26.6703;-25.8407;310;52;0.0538;92.1832;-9.1145;-27.8080;66.9233;153.9;225.1;185.3;270.0
1359.0;1.6896;1.6996;-26.7514;-25.9780;306;54;0.0538;92.9313;-9.5191;-28.5771;67.7229;154.1;218.5;182.6;270.0
1359.5;1.6882;1.6996;-26.9821;-26.1030;300;62;-0.1026;93.6641;-9.9237;-29.3681;68.5226;156.2;209.6;179.7;270.0
1360.0;1.6882;1.6996;-27.0769;-26.2157;296;65;0.0440;94.3969;-10.3435;-30.1153;69.3222;158.6;206.9;176.8;270.0
1360.5;1.6873;1.6996;-27.3201;-26.3159;290;73;0.0635;95.1298;-10.7710;-30.9063;70.1218;161.0;205.1;174.5;270.0
1361.0;1.6864;1.6996;-27.3022;-26.4038;288;73;-0.0147;95.8168;-11.1908;-31.6754;70.9214;163.4;204.5;171.3;270.0
1361.5;1.6859;1.6996;-27.5192;-26.4780;283;81;0.0342;96.5649;-11.6565;-32.5104;71.7210;167.3;203.2;166.3;270.0
1362.0;1.6864;1.6996;-27.5907;-26.5412;279;87;0.0440;97.2748;-12.1145;-33.2795;72.5206;168.4;202.7;164.2;270.0
1362.5;1.6868;1.6996;-27.4890;-26.5907;279;87;0.0733;97.9771;-12.5878;-34.0486;73.3202;171.3;202.2;162.8;270.0
1363.0;1.6859;1.6996;-27.6113;-26.6277;273;93;0.0049;98.6412;-13.0382;-34.8616;74.1198;173.9;200.3;161.3;270.0
1363.5;1.6850;1.6996;-27.5220;-26.6538;273;95;-0.0635;99.3282;-13.5267;-35.6527;74.9194;177.1;198.5;160.5;270.0
1364.0;1.6850;1.6996;-27.7184;-26.6607;261;107;0.0635;100.0076;-14.0229;-36.4438;75.7190;183.4;196.9;159.7;270.0
1364.5;1.6841;1.6996;-27.7143;-26.6607;257;107;0.0635;100.6870;-14.5267;-37.2129;76.5187;186.3;195.6;159.9;270.0
1365.0;1.6827;1.6996;-27.8462;-26.6607;253;110;0.0049;101.3206;-15.0229;-38.0259;77.3183;190.0;194.3;161.3;270.0
1365.5;1.6813;1.6996;-27.5385;-26.6607;265;105;0.0733;101.9847;-15.5420;-38.7950;78.1179;194.8;192.1;161.8;270.0
1366.0;1.6809;1.6996;-27.3709;-26.6607;269;101;0.0049;102.6718;-16.0992;-39.6080;78.9175;198.2;191.1;162.3;270.0
1366.5;1.6818;1.6996;-27.2582;-26.6607;273;97;-0.0244;103.3435;-16.6718;-40.3771;79.7171;200.1;188.4;163.9;270.0
1367.0;1.6832;1.6996;-26.9176;-26.6607;283;89;-0.0342;104.0153;-17.2443;-41.1462;81.3163;204.8;186.9;165.2;270.0
1367.5;1.6845;1.6996;-26.8942;-26.6607;283;87;-0.1026;104.7099;-17.8626;-41.9153;82.1159;207.7;184.5;167.1;270.0
1368.0;1.6868;1.6996;-26.6223;-26.6607;288;79;-0.1124;105.3893;-18.4809;-42.6844;82.9155;211.1;181.8;168.4;270.0
1368.5;1.6900;1.6996;-26.6044;-26.6607;288;77;-0.1124;106.0687;-19.1145;-43.4535;83.7151;215.4;179.5;170.8;270.0
1369.0;1.6928;1.6996;-26.3791;-26.6607;292;69;-0.1515;106.7328;-19.7557;-44.2006;84.5147;218.3;177.6;171.8;270.0
1369.5;1.6969;1.6996;-26.4794;-26.6607;290;69;-0.2102;107.4198;-20.4275;-44.9477;85.3144;217.5;175.0;172.9;270.0
1370.0;1.7019;1.6996;-26.4547;-26.6607;288;65;-0.2004;108.0992;-21.1145;-45.7168;86.9136;216.7;172.6;173.7;270.0
1370.5;1.7070;1.6996;-26.6016;-26.6607;283;65;-0.2590;108.7939;-21.8397;-46.4859;87.7132;215.4;169.2;175.5;270.0
1371.0;1.7120;1.6996;-26.6209;-26.6607;279;64;-0.0538;109.4580;-22.5420;-47.2330;88.5128;213.0;163.4;177.9;270.0
1371.5;1.7170;1.6996;-26.4162;-26.6607;283;56;-0.2102;110.1069;-23.2595;-48.0021;89.3124;210.1;161.0;180.3;270.0
1372.0;1.7202;1.6996;-26.7198;-26.6607;271;62;-0.0147;110.6947;-23.9160;-48.7712;90.1120;207.7;158.6;184.0;270.0
1372.5;1.7230;1.6996;-26.5288;-26.6607;273;54;-0.0342;111.2748;-24.5878;-49.5403;90.9116;206.1;157.0;189.2;270.0
1373.0;1.7248;1.6996;-26.7747;-26.6607;265;60;-0.0244;111.8397;-25.2595;-50.3094;92.5108;206.9;155.7;202.7;270.0
1373.5;1.7248;1.6996;-26.6580;-26.6607;265;56;-0.0538;112.3511;-25.8855;-51.0565;93.3105;209.3;154.4;214.0;270.0
1374.0;1.7262;1.6996;-26.6305;-26.6607;265;54;-0.0440;112.9542;-26.6412;-51.8036;94.1101;210.9;153.1;227.5;270.0
1374.5;1.7266;1.6996;-26.5137;-26.6607;269;50;-0.1222;113.4733;-27.3053;-52.5727;94.9097;210.6;152.3;243.6;270.0
1375.0;1.7276;1.6996;-26.7143;-26.6607;261;56;-0.0147;114.0000;-28.0076;-53.3418;95.7093;211.4;150.7;267.1;270.0
1375.5;1.7285;1.6996;-27.0027;-26.6607;251;64;0.0440;114.5496;-28.7557;-54.1109;96.5089;207.7;150.2;270.0;270.0
1376.0;1.7280;1.6996;-26.8201;-26.6607;253;58;-0.0440;115.0153;-29.4122;-54.8800;97.3085;205.6;148.9;270.0;270.0
1376.5;1.7266;1.6996;-27.1621;-26.6607;243;65;0.0049;115.4733;-30.0687;-55.6710;98.1081;203.8;148.3;270.0;270.0
1377.0;1.7257;1.6996;-26.8997;-26.6484;247;64;0.0342;115.9466;-30.7710;-56.4182;98.9077;200.8;148.1;270.0;270.0
1377.5;1.7248;1.6996;-27.1648;-26.6236;236;77;0.1613;116.4275;-31.5114;-57.2312;99.7073;197.7;148.1;270.0;270.0
1378.0;1.7230;1.6996;-27.3269;-26.5852;226;87;0.0440;116.8397;-32.1527;-57.9783;100.5069;194.3;148.1;270.0;270.0
1378.5;1.7216;1.6996;-27.4945;-26.5357;218;99;0.0733;117.2824;-32.8702;-58.7694;101.3066;192.4;148.3;270.0;270.0
1379.0;1.7189;1.6996;-27.4437;-26.4725;212;105;0.0635;117.7176;-33.5954;-59.5604;102.1062;189.5;148.6;270.0;270.0
1379.5;1.7157;1.6996;-27.2253;-26.3984;214;105;0.0049;118.1603;-34.3664;-60.3515;102.9058;186.6;149.1;270.0;270.0
1380.0;1.7129;1.6996;-27.1731;-26.3104;210;112;-0.0244;118.5496;-35.0687;-61.1206;103.7054;182.4;149.1;270.0;270.0
1380.5;1.7097;1.6996;-26.9547;-26.2102;210;114;0.1222;118.9313;-35.7710;-61.8897;104.5050;181.1;149.6;270.0;270.0
1381.0;1.7070;1.6996;-27.2404;-26.0975;198;132;0.0831;119.3282;-36.5191;-62.6807;105.3046;177.9;149.6;270.0;270.0
1381.5;1.7047;1.6996;-26.9533;-25.9725;198;134;0.0342;119.7099;-37.2672;-63.4498;106.9038;177.1;149.9;270.0;270.0
1382.0;1.7033;1.6996;-27.0371;-25.8352;191;146;0.0635;120.0840;-38.0305;-64.2189;107.7034;174.5;149.6;270.0;270.0
1382.5;1.7024;1.6996;-26.7981;-25.6854;191;150;0.1222;120.4580;-38.8244;-64.9880;108.5030;172.9;148.9;270.0;270.0
1383.0;1.7010;1.6996;-26.6484;-25.5234;185;153;0.0440;120.8168;-39.5954;-65.7571;109.3027;169.4;148.9;270.0;270.0
1383.5;1.6996;1.6996;-26.5494;-25.3475;181;161;0.1222;121.1374;-40.3282;-66.5042;110.1023;167.6;149.4;270.0;270.0
1384.0;1.6978;1.6996;-26.3874;-25.1607;175;169;0.1320;121.4504;-41.0687;-67.2953;110.9019;164.4;149.4;270.0;270.0
1384.5;1.6955;1.6996;-26.0769;-24.9602;175;171;0.0147;121.7786;-41.8473;-68.0204;111.7015;162.8;148.6;270.0;270.0
1385.0;1.6941;1.6996;-25.3805;-24.7486;183;165;0.1515;122.0840;-42.6336;-68.7456;112.5011;160.5;148.9;270.0;270.0
1385.5;1.6914;1.6996;-25.2500;-24.5234;177;175;0.0929;122.3740;-43.3817;-69.4707;113.3007;158.4;148.3;270.0;270.0
1386.0;1.6886;1.6996;-24.6635;-24.2857;183;171;0.0342;122.6489;-44.1374;-70.1739;114.1003;157.8;148.1;270.0;270.0
1386.5;1.6868;1.6996;-24.5371;-24.0357;177;183;0.0733;122.9466;-44.9695;-70.8990;114.8999;153.9;148.3;270.0;270.0
1387.0;1.6859;1.6996;-24.0962;-23.7734;177;181;0.0929;123.2137;-45.7710;-71.5583;115.6995;151.8;147.8;270.0;270.0
1387.5;1.6850;1.6996;-24.0398;-23.4986;165;193;0.1124;123.4809;-46.5725;-72.2614;116.4991;149.4;147.3;270.0;270.0
1388.0;1.6850;1.6996;-23.5261;-23.2102;167;193;0.0929;123.7328;-47.3817;-72.9206;117.2988;147.8;147.8;270.0;270.0
1388.5;1.6845;1.6996;-23.2198;-22.9107;161;198;0.0244;123.9847;-48.2290;-73.6018;118.0984;145.7;147.8;270.0;270.0
1389.0;1.6836;1.6996;-23.0330;-22.5975;153;208;0.1515;124.2290;-49.0763;-74.2611;118.8980;144.1;148.1;270.0;270.0
1389.5;1.6818;1.6996;-22.6951;-22.2734;152;214;0.0538;124.4351;-49.8092;-74.8983;119.6976;143.3;147.8;270.0;270.0
1390.0;1.6795;1.6996;-22.5467;-21.9354;142;226;0.1417;124.6412;-50.5878;-75.5575;120.4972;141.5;148.3;270.0;270.0
1390.5;1.6781;1.6996;-21.8407;-21.5852;148;222;0.0342;124.8473;-51.4046;-76.1728;121.2968;139.4;148.1;270.0;270.0
1391.0;1.6763;1.6996;-21.6992;-21.2225;138;234;0.0538;125.0458;-52.2290;-76.8100;122.0964;139.1;148.9;270.0;266.0
1391.5;1.6749;1.6996;-21.1923;-20.8475;138;238;0.0733;125.2214;-53.0076;-77.4033;122.8960;137.2;149.6;270.0;261.0
1392.0;1.6749;1.6996;-21.0426;-20.4602;126;251;0.0929;125.4122;-53.8779;-77.9966;124.4952;135.9;150.4;270.0;258.4
1392.5;1.6745;1.6996;-20.5426;-20.0604;124;255;0.1515;125.5802;-54.7023;-78.5899;125.2948;134.6;149.9;270.0;255.0
1393.0;1.6749;1.6996;-19.9739;-19.6484;122;255;0.1320;125.7481;-55.5267;-79.1613;126.0945;132.8;149.4;270.0;251.0
1393.5;1.6745;1.6996;-19.5508;-19.2225;118;263;0.0440;125.9084;-56.3969;-79.7326;126.8941;131.2;148.3;270.0;248.9
1394.0;1.6740;1.6996;-18.9519;-18.7857;116;265;0.0831;126.0534;-57.2290;-80.2600;127.6937;129.9;147.5;270.0;245.2
1394.5;1.6735;1.6996;-18.7280;-18.3352;107;277;0.1808;126.1985;-58.0992;-80.8093;128.4933;128.8;147.0;270.0;242.0
1395.0;1.6722;1.6996;-17.9560;-17.8736;109;275;0.0538;126.3206;-58.8550;-81.3147;129.2929;127.2;147.5;270.0;238.1
1395.5;1.6712;1.6996;-17.6813;-17.3984;99;286;0.0733;126.4427;-59.6947;-81.8421;130.0925;125.6;148.3;270.0;236.5
1396.0;1.6717;1.6996;-16.9931;-16.9107;101;286;0.0831;126.5649;-60.5649;-82.3255;130.8921;124.3;148.3;270.0;234.1
1396.5;1.6722;1.6996;-16.5302;-16.4107;95;294;-0.0733;126.6794;-61.4427;-82.7870;131.6917;123.5;149.9;270.0;231.2
1397.0;1.6726;1.6996;-15.8324;-15.9107;97;290;0.1515;126.7786;-62.2824;-83.2484;132.4913;122.2;152.0;270.0;230.9
1397.5;1.6731;1.6996;-15.4876;-15.4107;91;296;0.0635;126.8779;-63.1603;-83.7099;133.2909;121.1;153.9;270.0;227.8
1398.0;1.6745;1.6996;-14.9272;-14.9107;91;296;0.0342;126.9771;-64.0382;-84.1274;134.0906;119.0;156.2;270.0;226.2
1398.5;1.6767;1.6996;-14.1607;-14.4107;95;284;-0.0049;127.0611;-64.9160;-84.5229;135.6898;118.2;158.9;270.0;224.6
1399.0;1.6786;1.6996;-13.7514;-13.9107;91;288;-0.0831;127.1450;-65.8397;-84.9184;136.4894;116.1;161.3;270.0;222.0
1399.5;1.6813;1.6996;-13.0179;-13.4107;95;283;-0.0342;127.2214;-66.7176;-85.2920;137.2890;115.1;163.4;270.0;219.9
1400.0;1.6832;1.6996;-12.7280;-12.9107;87;288;-0.0244;127.2977;-67.6031;-85.6656;138.0886;114.8;166.3;270.0;218.5
1400.5;1.6854;1.6996;-12.0838;-12.4107;87;283;-0.0831;127.3588;-68.4809;-85.9952;138.8882;114.0;170.0;270.0;217.5
1401.0;1.6882;1.6996;-11.8434;-11.9107;77;290;-0.0733;127.4198;-69.3664;-86.3468;139.6878;114.0;173.7;270.0;216.7
1401.5;1.6900;1.6996;-11.1319;-11.4107;81;284;0.0635;127.4733;-70.2519;-86.6544;140.4874;113.2;178.7;270.0;215.4
1402.0;1.6918;1.6996;-10.7129;-10.9107;77;288;-0.0244;127.5267;-71.1679;-86.9620;141.2870;111.9;183.4;270.0;214.6
1402.5;1.6951;1.6996;-10.2940;-10.4107;71;288;-0.0538;127.5725;-72.0916;-87.2697;142.8863;112.4;190.3;270.0;214.8
1403.0;1.6973;1.6996;-9.8255;-9.9107;67;292;0.0929;127.6107;-72.9389;-87.5334;143.6859;111.6;197.4;270.0;213.8
1403.5;1.6992;1.6996;-9.4327;-9.4107;62;294;0.0049;127.6412;-73.8244;-87.8190;144.4855;111.1;205.6;270.0;213.0
1404.0;1.7015;1.6996;-8.6525;-8.9107;67;288;-0.0244;127.6794;-74.7023;-88.0607;145.2851;109.8;213.8;270.0;211.4
1404.5;1.7033;1.6996;-8.2555;-8.4107;62;290;-0.0342;127.7023;-75.5878;-88.3024;146.0847;109.0;221.4;270.0;211.1
1405.0;1.7047;1.6996;-7.6387;-7.9107;62;288;0.1026;127.7328;-76.4733;-88.5222;146.8843;107.7;238.3;270.0;210.6
1405.5;1.7056;1.6996;-7.2843;-7.4258;60;288;0.0049;127.7481;-77.3130;-88.7200;147.6839;106.9;246.5;270.0;210.9
1406.0;1.7060;1.6996;-6.6223;-6.9560;67;279;0.0635;127.7710;-78.1985;-88.9177;148.4835;106.6;254.2;270.0;209.8
1406.5;1.7056;1.6996;-6.3915;-6.5000;65;281;-0.0147;127.7863;-79.1221;-89.0935;149.2831;105.8;261.8;270.0;209.3
1407.0;1.7047;1.6996;-5.6635;-6.0604;75;271;-0.0538;127.7939;-79.9695;-89.2693;150.0827;105.3;268.7;270.0;208.8
1407.5;1.7042;1.6996;-5.0577;-5.6360;83;263;0.0929;127.8092;-80.8092;-89.4011;150.8824;105.3;270.0;270.0;209.0
1408.0;1.7033;1.6996;-4.7953;-5.2253;83;263;0.1613;127.8168;-81.6947;-89.5330;152.4816;105.0;270.0;270.0;208.5
1408.5;1.7019;1.6996;-4.3077;-4.8310;89;257;0.0635;127.8168;-82.4580;-89.6648;153.2812;104.0;270.0;270.0;207.4
1409.0;1.7005;1.6996;-3.9547;-4.4505;93;255;0.1417;127.8244;-83.3435;-89.7747;154.0808;105.8;270.0;270.0;209.0
1409.5;1.7001;1.6996;-3.3118;-4.0852;103;245;0.0244;127.8244;-84.1908;-89.8846;154.8804;104.3;270.0;270.0;207.4
1410.0;1.6992;1.6996;-3.0220;-3.7363;103;238;0.0244;127.8321;-85.0305;-89.9505;155.6800;105.0;270.0;270.0;206.9
1410.5;1.6983;1.6996;-2.4698;-3.4011;112;230;0.0049;127.8321;-85.8779;-90.0384;156.4796;105.6;270.0;270.0;206.7
1411.0;1.6969;1.6996;-2.3915;-3.0810;110;232;0.0049;127.8321;-86.7176;-90.1043;157.2792;105.6;270.0;270.0;205.3
1411.5;1.6955;1.6996;-2.0165;-2.7761;116;228;0.0635;127.8244;-87.5267;-90.1483;158.0788;106.6;270.0;270.0;204.8
1412.0;1.6941;1.6996;-1.5646;-2.4863;126;224;0.0440;127.8244;-88.3282;-90.1922;158.8785;107.7;270.0;270.0;204.0
1412.5;1.6937;1.6996;-1.2912;-2.2102;132;220;-0.1222;127.8244;-89.2137;-90.2362;159.6781;108.2;270.0;270.0;203.8
1413.0;1.6928;1.6996;-0.9684;-1.9505;138;214;0.0244;127.8168;-90.0153;-90.2581;160.4777;110.1;270.0;270.0;202.4
1413.5;1.6914;1.6996;-0.9629;-1.7060;136;220;0.0342;127.8168;-90.9008;-90.3021;161.2773;110.9;270.0;270.0;203.2
1414.0;1.6914;1.6996;-0.6786;-1.4753;142;214;-0.0635;127.8092;-91.7405;-90.3241;162.0769;113.8;270.0;270.0;202.2
1414.5;1.6909;1.6996;-0.6662;-1.2610;142;218;0.0147;127.8015;-92.6260;-90.3241;162.8765;113.8;270.0;270.0;201.6
1415.0;1.6891;1.6996;-0.3681;-1.0604;148;210;0.0049;127.8015;-93.4351;-90.3460;163.6761;115.6;270.0;270.0;200.3
1415.5;1.6886;1.6996;-0.3791;-0.8750;148;212;0.0049;127.7939;-94.3130;-90.3460;164.4757;114.8;270.0;270.0;199.3
1416.0;1.6873;1.6996;-0.0714;-0.7060;157;206;-0.0049;127.7863;-95.1221;-90.3680;165.2753;115.3;270.0;270.0;198.5
1416.5;1.6859;1.6996;-0.1113;-0.5508;157;208;-0.0049;127.7863;-95.9237;-90.3680;166.0750;115.6;270.0;270.0;197.9
1417.0;1.6841;1.6996;-0.1291;-0.4107;157;208;0.0831;127.7786;-96.7710;-90.3680;166.8746;116.4;270.0;270.0;197.4
1417.5;1.6818;1.6996;0.1250;-0.2857;167;202;0.0733;127.7786;-97.5343;-90.3680;167.6742;116.1;270.0;270.0;196.6
1418.0;1.6795;1.6996;0.2184;-0.1758;171;198;0.0635;127.7710;-98.3740;-90.3460;168.4738;116.4;270.0;270.0;196.6
1418.5;1.6781;1.6996;0.3269;-0.0810;179;196;-0.0147;127.7634;-99.1756;-90.3460;169.2734;116.1;270.0;270.0;196.4
1419.0;1.6772;1.6996;0.2225;0.0000;159;218;0.0635;127.7634;-100.0229;-90.3460;170.0730;117.7;270.0;270.0;195.3
1419.5;1.6754;1.6996;0.4409;0.0000;193;187;-0.0244;127.7557;-100.8244;-90.3241;170.8726;116.7;270.0;270.0;194.8
1420.0;1.6735;1.6996;0.3338;0.0000;191;191;-0.0147;127.7481;-101.6336;-90.3241;171.6722;116.9;270.0;270.0;194.0
1420.5;1.6726;1.6996;0.5879;0.0000;198;185;-0.1026;127.7481;-102.4733;-90.3021;173.2714;116.9;270.0;270.0;192.9
1421.0;1.6717;1.6996;0.5962;0.0000;196;183;-0.0244;127.7405;-103.2748;-90.2801;174.0710;119.0;270.0;270.0;192.9
1421.5;1.6703;1.6996;0.4918;0.0000;195;187;-0.0244;127.7405;-104.0840;-90.2581;174.8707;120.9;270.0;270.0;192.9
1422.0;1.6690;1.6996;0.4368;0.0000;195;189;-0.0049;0.8015;0.0000;-0.0109;0.5557;121.9;270.0;270.0;191.3
1422.5;1.6680;1.6996;0.3214;0.0000;193;193;0.0635;1.6412;0.0000;-0.0109;1.3553;125.4;270.0;270.0;190.8
1423.0;1.6671;1.6996;0.3503;0.0000;195;193;0.0635;2.4886;0.0000;0.0111;2.1549;128.5;270.0;270.0;190.0
1423.5;1.6658;1.6996;0.2830;0.0000;195;196;-0.0147;3.2901;0.0000;0.0111;2.9546;133.5;270.0;270.0;189.5
1424.0;1.6644;1.6996;0.3750;0.0000;198;195;-0.0147;4.0992;0.0000;0.0331;3.7542;142.5;270.0;270.0;190.0
1424.5;1.6635;1.6996;0.1882;0.0000;195;202;-0.0147;4.9771;0.0000;0.0331;4.5538;151.8;270.0;270.0;189.0
1425.0;1.6630;1.6996;0.3613;0.0000;198;198;-0.0147;5.8626;0.0000;0.0331;5.3534;161.5;270.0;270.0;187.1
1425.5;1.6621;1.6996;0.3640;0.0000;200;198;-0.0147;6.6641;0.0000;0.0551;6.1530;174.2;270.0;270.0;186.3
1426.0;1.6625;1.6996;0.4753;0.0000;204;196;-0.0244;7.5496;0.0000;0.0770;6.9526;187.4;270.0;270.0;185.8
1426.5;1.6630;1.6996;0.5453;0.0000;206;195;0.0538;8.3969;0.0000;0.0770;7.7522;200.1;270.0;270.0;185.0
1427.0;1.6635;1.6996;0.4464;0.0000;202;198;0.0635;9.2366;0.0000;0.0990;8.5518;213.5;270.0;270.0;185.0
1427.5;1.6648;1.7001;0.4203;0.0000;204;202;-0.0244;10.1221;0.0076;0.0990;9.3514;225.7;270.0;270.0;183.7
1428.0;1.6662;1.7001;0.3420;0.0000;204;206;0.0635;10.9695;0.0076;0.1210;10.9506;236.5;270.0;270.0;183.2
1428.5;1.6667;1.7005;0.4409;0.0000;210;206;0.0635;11.8092;0.0076;0.1210;11.7503;247.6;270.0;270.0;182.6
1429.0;1.6690;1.7015;0.2390;0.0000;208;214;-0.0147;12.6947;0.0076;0.1430;12.5499;254.7;270.0;270.0;181.8
1429.5;1.6699;1.7019;0.2926;0.0000;212;216;0.1417;13.5802;0.0153;0.1430;13.3495;261.3;270.0;270.0;181.1
1430.0;1.6722;1.7028;0.2376;0.0000;214;220;-0.0147;14.4656;0.0153;0.1430;14.1491;265.5;270.0;270.0;180.3
1430.5;1.6745;1.7042;0.2610;0.0000;218;222;-0.0147;15.3511;0.0153;0.1649;14.9487;269.2;270.0;270.0;180.5
1431.0;1.6777;1.7056;0.4107;0.0000;224;220;-0.0147;16.2366;0.0229;0.1649;15.7483;269.7;270.0;270.0;178.9
1431.5;1.6799;1.7070;0.5549;0.0000;230;220;0.0538;17.0763;0.0229;0.1869;16.5479;269.7;270.0;270.0;179.7
1432.0;1.6813;1.7083;0.5275;0.0000;232;222;0.0538;17.9237;0.0305;0.2089;17.3475;269.7;270.0;270.0;178.9
1432.5;1.6832;1.7102;0.4780;0.0000;234;226;0.0635;18.7634;0.0305;0.2089;18.1471;268.7;270.0;270.0;177.6
1433.0;1.6850;1.7120;0.4973;0.0000;238;230;0.1417;19.6489;0.0305;0.2308;18.9467;269.7;270.0;270.0;177.6
1433.5;1.6882;1.7138;0.3874;0.0000;238;236;-0.0147;20.5344;0.0382;0.2528;19.7464;267.1;270.0;270.0;176.6
1434.0;1.6918;1.7161;0.4698;0.0000;241;236;0.0538;21.4580;0.0382;0.2528;21.3456;266.6;270.0;270.0;175.2
1434.5;1.6951;1.7184;0.3173;0.0000;241;243;0.0635;22.3053;0.0458;0.2748;22.1452;265.5;270.0;270.0;174.5
1435.0;1.6987;1.7212;0.2624;0.0000;241;247;-0.0147;23.1832;0.0534;0.2748;22.9448;269.2;270.0;270.0;173.7
1435.5;1.7028;1.7239;0.1621;0.0000;241;251;-0.0147;24.0687;0.0534;0.2748;23.7444;267.1;270.0;270.0;173.1
1436.0;1.7070;1.7266;0.1951;0.0000;245;253;0.0733;24.9924;0.0611;0.2748;24.5440;267.1;270.0;270.0;172.3
1436.5;1.7038;1.7294;0.2308;0.0000;253;251;0.0635;25.9160;0.0611;0.2968;25.3436;264.7;270.0;270.0;171.6
1437.0;1.7033;1.7326;0.2995;0.0000;263;257;0.0635;26.8397;0.0687;0.2968;26.1432;263.7;270.0;270.0;170.8
1437.5;1.7060;1.7358;0.4327;0.0000;273;259;-0.0244;27.8092;0.0763;0.3187;27.7425;264.7;270.0;270.0;170.5
1438.0;1.7097;1.7395;0.3434;0.0000;273;267;0.0635;28.7328;0.0763;0.3187;28.5421;265.2;270.0;270.0;170.0
1438.5;1.7134;1.7427;0.4093;0.0000;279;267;-0.0147;29.6183;0.0840;0.3407;29.3417;266.0;270.0;270.0;168.9
1439.0;1.7193;1.7468;0.3503;0.0000;281;273;-0.0147;30.5802;0.0916;0.3407;30.1413;264.7;270.0;270.0;168.1
1439.5;1.7257;1.7505;0.3104;0.0000;283;279;-0.0147;31.5420;0.0992;0.3407;30.9409;263.1;270.0;270.0;167.3
1440.0;1.7326;1.7546;0.2129;0.0000;283;283;-0.0929;32.4733;0.0992;0.3627;31.7405;259.4;270.0;270.0;167.1
1440.5;1.7399;1.7587;0.0646;0.0000;281;288;0.0733;33.4733;0.1069;0.3627;33.3397;258.1;270.0;270.0;166.5
1441.0;1.7473;1.7633;-0.0962;0.0000;277;294;-0.0049;34.4427;0.1145;0.3627;34.1393;258.1;270.0;270.0;166.3
1441.5;1.7546;1.7679;-0.1277;0.0000;277;296;0.0831;35.3664;0.1221;0.3627;34.9389;254.7;270.0;270.0;165.2
1442.0;1.7624;1.7724;-0.0673;0.0000;281;296;-0.0049;36.3282;0.1298;0.3407;35.7386;255.5;270.0;270.0;164.4
1442.5;1.7701;1.7775;-0.1703;0.0000;279;302;0.0831;37.2519;0.1298;0.3407;36.5382;254.2;270.0;270.0;163.4
1443.0;1.7784;1.7821;-0.0618;0.0000;284;300;-0.0831;38.2595;0.1374;0.3407;38.1374;251.3;270.0;270.0;162.6
1443.5;1.7857;1.7875;-0.0206;0.0000;286;300;-0.0049;39.1374;0.1450;0.3407;38.9370;251.8;270.0;270.0;161.8
1444.0;1.7935;1.7926;0.0234;0.0000;290;300;-0.0049;40.1069;0.1527;0.3407;39.7366;249.9;270.0;270.0;161.0
1444.5;1.8017;1.7981;-0.0151;0.0000;290;304;-0.0049;41.0687;0.1603;0.3407;40.5362;248.1;270.0;270.0;160.7
1445.0;1.8104;1.8040;0.1003;0.0000;296;302;-0.0929;42.0763;0.1603;0.3407;41.3358;247.6;270.0;270.0;160.2
1445.5;1.8196;1.8095;-0.0069;0.0000;296;308;-0.0831;43.0763;0.1679;0.3407;42.9350;246.5;270.0;270.0;159.1
1446.0;1.8292;1.8155;-0.1264;0.0000;292;312;-0.0049;44.0458;0.1756;0.3407;43.7346;244.1;270.0;270.0;158.4
1446.5;1.8379;1.8214;-0.1854;0.0000;292;314;0.0049;45.0076;0.1832;0.3407;44.5343;245.2;270.0;270.0;158.1
1447.0;1.8471;1.8278;-0.3805;0.0000;288;322;-0.0733;46.0153;0.1908;0.3187;45.3339;244.9;270.0;270.0;157.6
1447.5;1.8567;1.8342;-0.2967;0.0000;294;322;0.0049;47.0611;0.1908;0.3187;46.9331;243.1;270.0;270.0;155.7
1448.0;1.8654;1.8407;-0.2349;0.0000;298;322;-0.0733;47.9847;0.1985;0.3187;47.7327;242.3;270.0;270.0;155.2
1448.5;1.8745;1.8475;-0.1154;0.0000;304;320;-0.0831;48.9847;0.2061;0.3187;48.5323;241.2;270.0;270.0;154.1
1449.0;1.8828;1.8544;-0.0179;0.0000;308;320;-0.0831;49.9084;0.2061;0.2968;49.3319;239.6;270.0;270.0;153.6
1449.5;1.8910;1.8613;0.0316;0.0000;314;320;-0.0831;50.9160;0.2137;0.3187;50.1315;241.2;270.0;270.0;152.8
1450.0;1.8997;1.8686;0.0714;0.0000;318;322;-0.0831;51.9237;0.2214;0.3187;51.7307;238.6;270.0;270.0;152.6
1450.5;1.9080;1.8759;0.0453;0.0000;320;326;-0.0831;52.9237;0.2290;0.3187;52.5304;237.5;270.0;270.0;152.3
1451.0;1.9158;1.8837;0.0907;0.0000;324;327;-0.0049;53.8931;0.2290;0.3187;53.3300;238.6;270.0;270.0;151.2
1451.5;1.9235;1.8910;-0.0632;0.0000;322;335;-0.0049;54.8550;0.2366;0.3187;54.1296;239.4;270.0;270.0;150.7
1452.0;1.9313;1.8988;-0.1168;0.0000;324;341;-0.0049;55.9008;0.2443;0.3187;55.7288;237.3;270.0;270.0;150.4
1452.5;1.9400;1.9071;-0.1470;0.0000;327;347;0.0831;56.9084;0.2519;0.2968;56.5284;238.3;270.0;270.0;150.2
1453.0;1.9483;1.9153;-0.1538;0.0000;329;351;0.0049;57.9466;0.2519;0.2968;57.3280;239.4;270.0;270.0;149.4
1453.5;1.9560;1.9235;-0.1319;0.0000;335;355;0.0831;58.9542;0.2595;0.2968;58.9272;238.3;270.0;270.0;148.9
1454.0;1.9638;1.9318;-0.0632;0.0000;341;359;-0.0049;60.0000;0.2672;0.2968;59.7268;236.7;270.0;270.0;148.6
1454.5;1.9725;1.9405;-0.1580;0.0000;341;365;0.0831;61.0076;0.2672;0.2968;60.5265;237.5;270.0;270.0;147.8
1455.0;1.9808;1.9492;-0.0755;0.0000;347;365;-0.0049;61.9695;0.2748;0.2968;61.3261;237.5;270.0;270.0;147.5
1455.5;1.9886;1.9579;-0.0124;0.0000;353;367;-0.0831;62.9771;0.2824;0.2968;62.9253;234.6;270.0;270.0;147.0
1456.0;1.9968;1.9670;-0.1593;0.0000;353;374;-0.0831;63.9771;0.2824;0.2748;63.7249;233.3;270.0;270.0;146.0
1456.5;2.0046;1.9762;-0.2610;0.0000;359;384;0.0049;65.0229;0.2901;0.2748;64.5245;231.5;270.0;270.0;145.2
1457.0;2.0124;1.9858;-0.4244;0.0000;359;396;0.0049;65.9847;0.2977;0.2748;65.3241;232.8;270.0;270.0;144.4
1457.5;2.0211;1.9954;-0.4615;0.0000;363;400;0.0147;67.0305;0.2977;0.2528;66.9233;230.7;270.0;270.0;143.8
1458.0;2.0288;2.0050;-0.4464;0.0000;369;408;0.0147;68.0000;0.3053;0.2308;67.7229;228.3;270.0;270.0;142.8
1458.5;2.0375;2.0147;-0.2308;0.0000;380;406;0.0049;69.0458;0.3130;0.2308;68.5226;226.7;270.0;270.0;142.0
1459.0;2.0453;2.0247;-0.0934;0.0000;390;408;-0.0831;70.0458;0.3130;0.2308;69.3222;225.4;270.0;270.0;140.4
1459.5;2.0527;2.0348;0.0288;0.0000;396;408;-0.0831;71.0534;0.3206;0.2308;70.9214;223.5;270.0;270.0;139.6
1460.0;2.0609;2.0444;0.1209;0.0000;398;404;-0.0049;72.0992;0.3206;0.2308;71.7210;223.0;270.0;270.0;139.4
1460.5;2.0696;2.0540;0.0440;0.0000;394;404;-0.0049;73.1450;0.3282;0.2308;72.5206;222.2;270.0;270.0;138.6
1461.0;2.0797;2.0632;0.0440;0.0000;392;404;-0.0049;74.2672;0.3282;0.2308;74.1198;222.2;270.0;270.0;138.6
1461.5;2.0897;2.0723;-0.1909;0.0000;380;406;0.0049;75.3130;0.3359;0.2308;74.9194;222.2;270.0;270.0;137.8
1462.0;2.0994;2.0815;-0.3777;0.0000;372;408;0.0049;76.4351;0.3435;0.2089;75.7190;223.0;270.0;270.0;136.7
1462.5;2.1085;2.0902;-0.4849;0.0000;369;410;0.0147;77.4809;0.3435;0.2089;77.3183;219.3;270.0;270.0;136.2
1463.0;2.1168;2.0994;-0.4835;0.0000;365;406;0.0147;78.5267;0.3511;0.1869;78.1179;219.1;270.0;270.0;135.9
1463.5;2.1255;2.1076;-0.4190;0.0000;367;404;-0.0733;79.6107;0.3511;0.1869;78.9175;218.8;270.0;270.0;134.1
1464.0;2.1342;2.1163;-0.2500;0.0000;369;396;-0.0733;80.6947;0.3588;0.1649;80.5167;218.3;270.0;270.0;133.3
1464.5;2.1424;2.1245;-0.0508;0.0000;369;384;-0.0831;81.7863;0.3588;0.1649;81.3163;215.9;270.0;270.0;132.8
1465.0;2.1502;2.1328;-0.1195;0.0000;367;386;-0.0831;82.8702;0.3664;0.1649;82.1159;215.9;270.0;270.0;132.0
1465.5;2.1584;2.1406;0.0247;0.0000;367;378;-0.0049;83.9924;0.3664;0.1649;83.7151;213.3;270.0;270.0;130.9
1466.0;2.1667;2.1484;-0.0041;0.0000;361;370;-0.0831;85.0763;0.3664;0.1649;84.5147;211.4;270.0;270.0;130.4
1466.5;2.1749;2.1561;-0.1071;0.0000;355;372;-0.0049;86.2061;0.3740;0.1649;86.1140;211.7;270.0;270.0;129.6
1467.0;2.1832;2.1635;-0.2294;0.0000;347;372;0.0049;87.3282;0.3740;0.1649;86.9136;210.6;270.0;270.0;128.3
1467.5;2.1909;2.1708;-0.1277;0.0000;349;369;-0.0831;88.4122;0.3817;0.1649;87.7132;211.7;270.0;270.0;127.5
1468.0;2.1987;2.1781;-0.1277;0.0000;345;365;-0.0049;89.5420;0.3817;0.1430;89.3124;209.3;269.2;270.0;126.7
1468.5;2.2065;2.1850;-0.0385;0.0000;343;359;0.0733;90.6260;0.3893;0.1430;90.1120;207.2;267.9;270.0;125.9
1469.0;2.2138;2.1918;0.0385;0.0000;343;355;-0.0049;91.7481;0.3893;0.1430;91.7112;204.8;266.6;270.0;125.6
1469.5;2.2207;2.1987;0.0797;0.0000;341;349;-0.0049;92.8779;0.3893;0.1430;92.5108;204.3;265.0;270.0;125.4
1470.0;2.2276;2.2051;0.1964;0.0000;341;343;-0.0147;94.0840;0.3969;0.1649;93.3105;203.0;262.3;270.0;125.6
1470.5;2.2340;2.2115;0.1044;0.0000;337;343;-0.0049;95.2061;0.3969;0.1649;94.9097;204.3;260.2;270.0;125.1
1471.0;2.2408;2.2179;0.0385;0.0000;331;341;-0.0049;96.3282;0.4046;0.1649;95.7093;203.0;258.9;270.0;125.6
1471.5;2.2477;2.2239;-0.1291;0.0000;322;343;0.0831;97.4962;0.4046;0.1649;97.3085;203.0;259.7;270.0;125.1
1472.0;2.2550;2.2299;0.0041;0.0000;324;339;0.0733;98.6641;0.4122;0.1649;98.1081;203.8;258.7;270.0;123.8
1472.5;2.2624;2.2358;0.0316;0.0000;320;333;-0.0049;99.8702;0.4122;0.1649;99.7073;200.8;256.5;270.0;122.5
1473.0;2.2701;2.2413;0.0810;0.0000;318;329;0.0733;101.0305;0.4198;0.1649;100.5069;198.5;256.8;270.0;122.5
1473.5;2.2775;2.2468;0.1662;0.0000;316;324;0.0733;102.1985;0.4198;0.1649;102.1062;197.7;256.5;270.0;122.2
1474.0;2.2848;2.2523;0.1016;0.0000;310;322;0.0733;103.3664;0.4275;0.1649;102.9058;197.4;256.3;270.0;122.5
1474.5;2.2921;2.2573;0.1896;0.0000;308;316;-0.0147;104.5725;0.4275;0.1869;104.5050;197.7;255.5;270.0;123.3
1475.0;2.2990;2.2624;0.0962;0.0000;300;314;0.0733;105.7328;0.4351;0.1869;105.3046;196.1;254.4;270.0;125.1
1475.5;2.3059;2.2669;0.0865;0.0000;294;310;0.0733;106.9008;0.4351;0.1869;106.9038;196.1;253.1;270.0;127.5
1476.0;2.3118;2.2720;-0.1181;0.0000;286;312;0.0831;108.0687;0.4427;0.1869;107.7034;193.5;252.6;270.0;129.3
1476.5;2.3173;2.2766;-0.1511;0.0000;281;310;0.0831;109.2290;0.4427;0.1649;108.5030;195.0;251.3;270.0;131.4
1477.0;2.3242;2.2807;-0.3352;-0.4011;419;161;0.0831;110.4809;0.4504;0.1649;110.1023;191.9;249.7;270.0;133.0
1477.5;2.3297;2.2848;-0.2582;-0.4409;294;277;0.0049;111.6870;0.4504;0.1649;110.9019;190.8;247.3;270.0;135.9
1478.0;2.3356;2.2889;-0.0192;-0.4602;290;271;-0.0831;112.9313;0.4580;0.1649;112.5011;189.5;246.2;270.0;138.8
1478.5;2.3420;2.2930;0.0302;-0.4808;290;263;-0.1711;114.1374;0.4580;0.1649;114.1003;187.4;245.2;270.0;143.3
1479.0;2.3489;2.2967;0.0027;-0.5000;284;257;-0.0049;115.4198;0.4656;0.1649;114.8999;186.9;244.4;270.0;147.3
1479.5;2.3544;2.3004;-0.3942;-0.5412;279;255;-0.0733;116.5878;0.4656;0.1430;116.4991;186.9;242.8;270.0;153.1
1480.0;2.3585;2.3036;-0.6044;-0.5412;255;273;0.0147;117.7099;0.4656;0.1210;117.2988;187.1;242.0;270.0;158.6
1480.5;2.3626;2.3068;-1.0536;-0.5604;247;273;0.0342;118.9160;0.4733;0.0990;118.8980;187.7;241.5;270.0;166.8
1481.0;2.3672;2.3100;-0.9341;-0.6003;255;257;-0.1320;120.1221;0.4733;0.0770;119.6976;185.0;239.6;270.0;175.8
1481.5;2.3718;2.3132;-0.9931;-0.6209;243;261;-0.0538;121.3664;0.4733;0.0331;121.2968;182.1;238.6;270.0;202.7
1482.0;2.3759;2.3159;-0.9918;-0.6401;241;255;-0.0538;122.6183;0.4733;0.0111;122.0964;181.3;237.5;270.0;220.9
1482.5;2.3796;2.3187;-0.9025;-0.6813;249;241;-0.0538;123.8626;0.4733;-0.0109;123.6956;180.5;235.7;270.0;244.9
1483.0;2.3832;2.3210;-0.9217;-0.7005;238;243;-0.1320;125.0687;0.4733;-0.0328;124.4952;181.6;234.6;270.0;270.0
1483.5;2.3878;2.3233;-0.6964;-0.7005;236;239;-0.0635;126.3130;0.4733;-0.0548;126.0945;179.2;234.6;270.0;270.0
1484.0;2.3915;2.3255;-0.8393;-0.7212;234;232;-0.1320;127.5191;0.4733;-0.0768;126.8941;179.7;233.3;270.0;270.0
1484.5;2.3951;2.3274;-0.7527;-0.7212;226;232;-0.1417;128.7252;0.4733;-0.0988;128.4933;177.9;233.3;270.0;270.0
1485.0;2.3974;2.3297;-1.0027;-0.7212;214;236;0.0342;129.9313;0.4733;-0.1207;129.2929;175.2;233.6;270.0;270.0
1485.5;2.3984;2.3310;-0.8585;-0.7005;208;236;-0.0538;131.0992;0.4656;-0.1647;130.8921;172.6;234.6;270.0;270.0
1486.0;2.4006;2.3329;-0.8255;-0.6607;198;238;0.0244;132.3817;0.4656;-0.1867;131.6917;174.2;236.5;270.0;270.0
1486.5;2.4029;2.3342;-0.6264;-0.7005;228;202;-0.0635;133.5496;0.4580;-0.1867;133.2909;173.9;234.6;270.0;270.0
1487.0;2.4043;2.3356;-0.4931;-0.7212;222;200;0.0147;134.7557;0.4580;-0.2086;134.0906;172.6;233.3;270.0;270.0
1487.5;2.4052;2.3365;-0.6607;-0.7212;206;210;0.1026;135.9160;0.4504;-0.2306;135.6898;171.8;233.3;270.0;270.0
1488.0;2.4061;2.3375;-0.6937;-0.7404;210;200;-0.1417;137.1221;0.4504;-0.2526;136.4894;170.8;232.0;270.0;270.0
1488.5;2.4066;2.3384;-0.6827;-0.7610;206;195;-0.0635;138.2901;0.4427;-0.2746;138.0886;168.1;231.7;270.0;270.0
1489.0;2.4057;2.3388;-0.4615;-0.7610;200;193;-0.0733;139.4580;0.4351;-0.2746;138.8882;168.1;230.9;270.0;270.0
1489.5;2.4038;2.3393;-0.6703;-0.7802;200;189;-0.0635;140.6183;0.4275;-0.2965;140.4874;166.5;230.7;270.0;270.0
1490.0;2.4016;2.3397;-0.4354;-0.7802;198;187;0.0147;141.7481;0.4275;-0.3185;141.2870;166.0;229.9;270.0;270.0
1490.5;2.3993;2.3397;-0.6854;-0.8008;196;187;0.1026;142.9084;0.4198;-0.3405;142.8863;165.2;229.4;270.0;270.0
1491.0;2.3970;2.3397;-0.6429;-0.8201;196;183;0.0147;144.0382;0.4122;-0.3624;143.6859;162.6;228.8;270.0;270.0
1491.5;2.3942;2.3397;-0.4038;-0.8201;195;181;-0.0733;145.2061;0.4046;-0.3624;144.4855;161.5;228.6;270.0;270.0
1492.0;2.3915;2.3393;-0.3077;-0.8407;204;171;0.0049;146.3282;0.3969;-0.3624;146.0847;160.5;227.2;270.0;270.0
1492.5;2.3887;2.3388;-0.2898;-0.8613;204;169;-0.0733;147.4962;0.3893;-0.3844;146.8843;160.5;226.5;270.0;270.0
1493.0;2.3855;2.3384;-0.5440;-0.8805;196;175;0.0147;148.7023;0.3817;-0.4064;148.4835;160.5;225.4;270.0;270.0
1493.5;2.3823;2.3375;-0.5069;-0.8805;191;181;0.0147;149.8244;0.3740;-0.4064;149.2831;160.2;224.9;270.0;270.0
1494.0;2.3782;2.3365;-0.7802;-0.9203;196;171;0.0244;150.9466;0.3664;-0.4284;150.8824;157.0;223.8;270.0;270.0
1494.5;2.3745;2.3356;-0.4986;-0.9203;191;177;0.0147;152.0763;0.3588;-0.4503;151.6820;156.0;223.8;270.0;270.0
1495.0;2.3704;2.3342;-0.6099;-0.9203;187;181;0.0147;153.1985;0.3511;-0.4723;152.4816;154.9;223.3;270.0;270.0
1495.5;2.3663;2.3329;-0.7308;-0.9409;191;175;0.0244;154.3282;0.3435;-0.4943;154.0808;154.4;222.5;270.0;270.0
1496.0;2.3631;2.3310;-0.7761;-0.9409;183;183;0.0244;155.5343;0.3282;-0.5163;154.8804;154.7;222.8;270.0;270.0
1496.5;2.3581;2.3297;-0.8201;-0.9409;181;183;-0.0538;156.6183;0.3206;-0.5382;156.4796;153.9;222.0;270.0;270.0
1497.0;2.3539;2.3274;-0.6621;-0.9409;185;177;-0.0635;157.7786;0.3130;-0.5602;157.2792;152.8;222.0;270.0;270.0
1497.5;2.3494;2.3255;-0.6580;-0.9602;191;167;-0.1417;158.9084;0.2977;-0.5602;158.8785;151.8;221.7;270.0;270.0
1498.0;2.3448;2.3233;-0.5192;-0.9602;189;169;-0.0635;159.9924;0.2901;-0.5822;159.6781;150.4;221.4;270.0;270.0
1498.5;2.3402;2.3210;-0.7665;-0.9808;187;167;-0.0538;161.1603;0.2748;-0.6042;160.4777;151.0;220.6;270.0;270.0
1499.0;2.3361;2.3187;-0.6044;-0.9602;177;177;0.0147;162.2824;0.2672;-0.6261;162.0769;150.7;221.4;270.0;270.0
1499.5;2.3320;2.3159;-0.7459;-0.9808;185;165;0.0244;163.4886;0.2519;-0.6481;162.8765;149.1;220.1;270.0;270.0
1500.0;2.3269;2.3132;-0.5714;-1.0000;187;157;0.0147;164.6107;0.2366;-0.6701;164.4757;148.6;219.1;270.0;270.0
1500.5;2.3219;2.3100;-0.3736;-1.0206;193;152;0.0049;165.7405;0.2290;-0.6701;165.2753;146.0;218.3;270.0;270.0
1501.0;2.3168;2.3068;-0.4918;-1.0206;181;159;0.0147;166.8626;0.2137;-0.6921;166.0750;146.2;218.3;270.0;270.0
1501.5;2.3123;2.3036;-0.3956;-1.0206;183;155;0.0049;168.0687;0.1985;-0.6921;167.6742;144.9;218.5;270.0;270.0
1502.0;2.3077;2.3004;-0.3901;-1.0206;183;155;0.0049;169.1985;0.1832;-0.7140;168.4738;144.1;217.7;270.0;270.0
1502.5;2.3040;2.2967;-0.1744;-1.0206;185;148;0.0831;170.3588;0.1679;-0.7140;170.0730;142.5;218.5;270.0;270.0
1503.0;2.3008;2.2930;-0.2940;-1.0412;185;142;0.0831;171.5267;0.1527;-0.7140;170.8726;141.2;217.5;270.0;270.0
1503.5;2.2972;2.2889;-0.0728;-1.0412;183;140;-0.0049;172.6488;0.1450;-0.7140;172.4718;141.2;216.9;270.0;270.0
1504.0;2.2930;2.2848;-0.3242;-1.0604;179;138;0.0049;173.8550;0.1298;-0.7360;173.2714;140.1;216.7;270.0;270.0
1504.5;2.2894;2.2807;-0.4148;-1.0604;169;144;0.0929;175.0229;0.1145;-0.7360;174.8707;140.7;216.4;270.0;270.0
1505.0;2.2853;2.2766;-0.1593;-1.0412;165;142;0.0049;176.1450;0.0992;-0.7580;175.6703;140.4;216.9;270.0;270.0
1505.5;2.2802;2.2720;-0.2074;-1.0604;175;126;0.0831;177.2290;0.0840;-0.7580;176.4699;139.9;216.7;270.0;270.0
1506.0;2.2752;2.2669;-0.1538;-1.0412;161;138;0.0831;178.3969;0.0687;-0.7580;178.0691;138.3;217.7;270.0;270.0
1506.5;2.2706;2.2624;-0.4437;-1.0412;157;136;0.0147;179.5267;0.0534;-0.7800;178.8687;137.2;216.7;270.0;270.0
1507.0;2.2660;2.2573;-0.2885;-1.0604;165;122;0.0049;180.6488;0.0382;-0.7800;180.4679;135.4;216.7;270.0;270.0
1507.5;2.2610;2.2523;-0.5907;-1.0412;142;142;0.0147;181.7710;0.0229;-0.8019;181.2675;133.8;217.2;270.0;270.0
1508.0;2.2555;2.2468;-0.3365;-1.0412;152;124;0.0831;182.8550;0.0076;-0.8019;182.0671;134.6;216.9;270.0;270.0
1508.5;2.2495;2.2413;-0.6154;-1.0412;144;130;0.0147;183.9847;-0.0076;-0.8239;183.6664;132.8;216.9;270.0;270.0
1509.0;2.2440;2.2358;-0.4451;-1.0604;152;116;0.0929;185.0687;-0.0229;-0.8459;184.4660;131.2;216.7;270.0;270.0
1509.5;2.2395;2.2299;-0.7088;-1.0206;120;142;0.1026;186.2366;-0.0382;-0.8679;186.0652;129.6;217.7;270.0;270.0
1510.0;2.2349;2.2239;-0.9684;-1.0412;132;126;0.1124;187.3969;-0.0611;-0.8898;186.8648;128.5;217.5;270.0;270.0
1510.5;2.2299;2.2179;-0.6525;-1.0412;128;120;0.0147;188.5267;-0.0763;-0.9118;188.4640;129.1;217.7;270.0;270.0
1511.0;2.2257;2.2115;-0.5934;-1.0206;120;120;-0.0635;189.6870;-0.0916;-0.9338;189.2636;128.3;218.0;270.0;270.0
1511.5;2.2221;2.2051;-0.2088;-1.0000;126;107;0.0049;190.8168;-0.1145;-0.9338;190.0632;127.7;219.1;270.0;270.0
1512.0;2.2175;2.1987;-0.5879;-1.0000;118;107;0.0929;191.9771;-0.1298;-0.9557;191.6625;125.4;219.9;270.0;270.0
1512.5;2.2129;2.1918;-0.3668;-0.9808;112;103;-0.0733;193.1450;-0.1527;-0.9557;192.4621;123.5;220.1;270.0;270.0
1513.0;2.2083;2.1850;-0.6676;-0.9808;109;99;-0.0635;194.3130;-0.1679;-0.9777;194.0613;123.0;220.4;270.0;270.0
1513.5;2.2042;2.1781;-0.3874;-0.9808;112;89;0.0049;195.4351;-0.1908;-0.9777;194.8609;121.9;220.9;270.0;270.0
1514.0;2.2001;2.1708;-0.3393;-0.9602;103;91;0.0049;196.5649;-0.2061;-0.9997;196.4601;121.9;221.7;270.0;270.0
1514.5;2.1946;2.1635;-0.1648;-0.9409;103;81;-0.0831;197.6488;-0.2290;-0.9997;197.2597;121.4;222.5;270.0;270.0
1515.0;2.1896;2.1561;-0.3544;-0.9409;101;75;-0.0733;198.8092;-0.2443;-1.0217;198.0593;120.1;222.8;270.0;270.0
1515.5;2.1841;2.1484;-0.5110;-0.9203;85;81;-0.0635;199.9008;-0.2672;-1.0217;199.6586;118.2;223.3;270.0;270.0
1516.0;2.1781;2.1406;-0.2898;-0.8805;79;79;-0.0733;200.9847;-0.2824;-1.0436;200.4582;116.7;225.1;270.0;270.0
1516.5;2.1712;2.1328;-0.5591;-0.8613;75;75;-0.0635;202.0687;-0.3053;-1.0436;202.0574;116.7;226.2;270.0;270.0
1517.0;2.1644;2.1245;-0.3860;-0.8613;81;62;0.0049;203.1145;-0.3206;-1.0656;202.8570;115.9;226.2;270.0;270.0
1517.5;2.1566;2.1163;-0.8049;-0.8613;67;67;-0.0538;204.1985;-0.3435;-1.0876;203.6566;115.6;226.7;270.0;270.0
1518.0;2.1488;2.1076;-0.6937;-0.8407;62;69;0.0147;205.2443;-0.3664;-1.1096;204.4562;114.3;228.8;270.0;270.0
1518.5;2.1406;2.0994;-0.8791;-0.7802;38;83;0.0244;206.2824;-0.3817;-1.1315;206.0554;112.4;230.1;270.0;270.0
1519.0;2.1305;2.0902;-0.5288;-0.7802;64;54;-0.0635;207.2901;-0.4046;-1.1535;206.8550;112.4;230.4;270.0;270.0
1519.5;2.1200;2.0815;-0.3338;-0.7802;65;46;0.0049;208.3359;-0.4275;-1.1535;207.6547;111.9;230.1;270.0;270.0
1520.0;2.1090;2.0723;-0.4327;-0.7802;62;48;0.0147;209.2977;-0.4427;-1.1755;209.2539;109.5;230.7;270.0;270.0
1520.5;2.0984;2.0632;-0.3475;-0.7610;56;50;-0.0733;210.3053;-0.4656;-1.1755;210.0535;108.7;231.2;270.0;270.0
1521.0;2.0861;2.0540;-0.5508;-0.7610;56;46;-0.1417;211.2672;-0.4809;-1.1975;210.8531;107.2;230.9;270.0;270.0
1521.5;2.0728;2.0444;-0.1923;-0.7404;56;42;-0.0831;212.1908;-0.5038;-1.1975;211.6527;106.4;232.3;270.0;270.0
1522.0;2.0604;2.0348;-0.4519;-0.7404;56;40;-0.0733;213.1985;-0.5267;-1.2194;212.4523;105.3;232.5;270.0;270.0
1522.5;2.0472;2.0247;-0.1744;-0.7212;52;38;-0.0831;214.1221;-0.5420;-1.2194;214.0515;104.0;233.3;270.0;270.0
1523.0;2.0330;2.0147;-0.3352;0.0000;-183;271;-0.0733;215.0458;-0.5649;-1.2194;214.8512;103.2;234.6;270.0;270.0
1523.5;2.0179;2.0050;-0.1085;0.0000;46;54;-0.0831;215.9695;-0.5802;-1.2194;215.6508;102.1;234.9;270.0;270.0
1524.0;2.0023;1.9954;-0.2692;0.0000;46;60;0.0049;216.8550;-0.6031;-1.2414;216.4504;102.1;236.0;270.0;270.0
1524.5;1.9858;1.9858;0.0673;0.0000;58;56;0.0733;217.6947;-0.6183;-1.2414;217.2500;101.1;235.7;270.0;270.0
1525.0;1.9712;1.9762;0.4780;0.0000;73;52;-0.1026;218.6183;-0.6412;-1.2194;218.0496;101.3;235.7;270.0;270.0
1525.5;1.9570;1.9670;0.4492;0.0000;75;56;-0.1026;219.5496;-0.6565;-1.1975;218.8492;100.0;235.7;270.0;270.0
1526.0;1.9418;1.9579;0.8132;0.0000;89;52;-0.0342;220.3512;-0.6718;-1.1755;219.6488;100.0;237.3;270.0;270.0
1526.5;1.9272;1.9492;0.7363;0.0000;93;58;-0.0342;221.2366;-0.6947;-1.1535;220.4484;99.8;237.3;270.0;270.0
1527.0;1.9139;1.9405;0.8022;0.0000;99;62;0.0440;222.1603;-0.7099;-1.1315;222.0476;98.4;236.2;270.0;270.0
1527.5;1.9006;1.9318;0.4670;0.0000;95;75;-0.0244;223.0458;-0.7252;-1.1315;222.8472;97.1;236.7;270.0;270.0
1528.0;1.8883;1.9235;0.5714;0.0000;101;75;-0.0244;223.9237;-0.7481;-1.1096;223.6469;96.6;238.1;270.0;270.0
1528.5;1.8768;1.9153;0.1415;0.0000;95;93;0.0733;224.8473;-0.7634;-1.1096;224.4465;96.1;239.4;270.0;270.0
1529.0;1.8663;1.9071;-0.0604;0.0000;91;101;0.0733;225.7710;-0.7786;-1.1096;225.2461;96.1;241.5;270.0;270.0
1529.5;1.8558;1.8988;0.0810;0.0000;99;101;-0.0049;226.6565;-0.7939;-1.1096;226.0457;95.0;243.3;270.0;270.0
1530.0;1.8462;1.8910;-0.0124;0.0000;99;107;-0.0049;227.6260;-0.8168;-1.1096;226.8453;94.8;244.9;270.0;270.0
1530.5;1.8361;1.8837;0.2363;0.0000;109;103;-0.0147;228.5038;-0.8321;-1.1096;228.4445;93.2;248.4;270.0;270.0
1531.0;1.8255;1.8759;-0.0330;0.0000;105;112;-0.0049;229.3893;-0.8473;-1.1096;229.2441;93.7;250.2;270.0;270.0
1531.5;1.8159;1.8686;0.1442;0.0000;112;112;-0.0147;230.2748;-0.8626;-1.0876;230.0437;92.6;251.3;270.0;270.0
1532.0;1.8063;1.8613;-0.0549;0.0000;110;120;0.0733;231.1221;-0.8855;-1.0876;230.8433;93.2;251.5;270.0;270.0
1532.5;1.7962;1.8544;0.1621;0.0000;118;118;0.0733;231.9618;-0.9008;-1.0876;231.6429;92.9;254.2;270.0;270.0
1533.0;1.7866;1.8475;0.1346;0.0000;120;122;-0.0049;232.8473;-0.9160;-1.0876;232.4426;94.8;255.7;270.0;270.0
1533.5;1.7775;1.8407;0.4382;0.0000;134;118;-0.0244;233.7328;-0.9313;-1.0656;233.2422;94.5;257.6;270.0;270.0
1534.0;1.7688;1.8342;0.3613;0.0000;132;118;-0.0929;234.5725;-0.9466;-1.0656;234.0418;95.0;258.9;270.0;270.0
1534.5;1.7605;1.8278;0.1319;0.0000;128;128;-0.0049;235.4580;-0.9618;-1.0656;234.8414;94.8;259.2;270.0;270.0
1535.0;1.7537;1.8214;0.4066;0.0000;138;122;-0.0147;236.3435;-0.9771;-1.0436;235.6410;95.8;261.8;270.0;270.0
1535.5;1.7468;1.8155;0.3132;0.0000;138;128;-0.0147;237.2290;-0.9924;-1.0436;237.2402;96.6;265.0;270.0;270.0
1536.0;1.7404;1.8095;0.4492;0.0000;144;126;-0.0244;238.1145;-1.0076;-1.0217;238.0398;96.9;266.0;270.0;270.0
1536.5;1.7349;1.8040;0.2198;0.0000;142;136;-0.0147;238.9924;-1.0305;-1.0217;238.8394;98.2;267.9;270.0;270.0
1537.0;1.7294;1.7981;0.2885;0.0000;146;138;-0.0147;239.8779;-1.0458;-1.0217;239.6391;100.0;269.2;270.0;270.0
1537.5;1.7239;1.7926;0.0110;0.0000;140;146;-0.0049;240.7634;-1.0611;-1.0217;240.4387;101.9;270.0;270.0;270.0
1538.0;1.7184;1.7875;0.2692;0.0000;150;142;-0.0147;241.6488;-1.0763;-0.9997;241.2383;102.4;270.0;270.0;270.0
1538.5;1.7138;1.7821;0.3420;0.0000;153;144;-0.0147;242.5343;-1.0916;-0.9997;242.0379;103.5;270.0;270.0;270.0
1539.0;1.7092;1.7775;0.0769;0.0000;150;152;-0.0049;243.4122;-1.1069;-0.9997;242.8375;102.9;270.0;270.0;270.0
1539.5;1.7047;1.7724;0.1662;0.0000;153;150;-0.0929;244.2595;-1.1145;-0.9997;243.6371;103.2;270.0;270.0;270.0
1540.0;1.7010;1.7679;0.0604;0.0000;153;153;0.0733;245.1832;-1.1374;-0.9777;244.4367;104.0;270.0;270.0;270.0
1540.5;1.6973;1.7633;0.3420;0.0000;161;148;-0.0147;246.0687;-1.1527;-0.9777;246.0359;104.3;270.0;270.0;270.0
1541.0;1.6941;1.7587;0.2404;0.0000;161;153;-0.0147;246.9542;-1.1603;-0.9777;246.8355;103.7;270.0;270.0;270.0
1541.5;1.6909;1.7546;0.5192;0.0000;169;148;-0.0244;247.8321;-1.1756;-0.9557;247.6351;104.5;270.0;270.0;270.0
1542.0;1.6886;1.7505;0.2239;0.0000;161;155;-0.0147;248.7176;-1.1908;-0.9557;248.4348;104.0;270.0;270.0;270.0
1542.5;1.6864;1.7468;0.2679;0.0000;165;155;-0.0147;249.6031;-1.2061;-0.9338;249.2344;103.2;270.0;270.0;270.0
1543.0;1.6832;1.7427;0.0920;0.0000;163;161;-0.0049;250.2672;-1.2214;-0.9338;250.0340;103.5;270.0;270.0;270.0
1543.5;1.6799;1.7395;0.1580;0.0000;165;161;-0.0147;250.2672;-1.2366;-0.9338;250.8336;103.7;270.0;270.0;270.0
1544.0;1.6777;1.7358;0.3448;0.0000;171;159;-0.0147;250.2672;-1.2519;-0.9338;251.6332;102.9;270.0;270.0;270.0
1544.5;1.6749;1.7326;0.1236;0.0000;167;165;-0.0049;250.2672;-1.2595;-0.9118;252.4328;104.0;270.0;270.0;270.0
1545.0;1.6726;1.7294;0.1772;0.0000;171;167;0.0733;250.2672;-1.2748;-0.9118;253.2324;106.9;270.0;270.0;270.0
1545.5;1.6703;1.7266;-0.0096;0.0000;163;169;0.0733;250.2672;-1.2901;-0.9118;254.0320;107.9;270.0;270.0;270.0
1546.0;1.6676;1.7239;0.2102;0.0000;171;165;0.0635;250.2672;-1.3053;-0.9118;254.8316;111.1;270.0;270.0;270.0
1546.5;1.6662;1.7212;0.2129;0.0000;175;169;0.0635;250.2672;-1.3206;-0.9118;256.4308;113.0;270.0;270.0;270.0
1547.0;1.6648;1.7184;0.4588;0.0000;183;163;-0.0244;250.2672;-1.3282;-0.8898;257.2305;118.0;270.0;270.0;270.0
1547.5;1.6639;1.7161;0.4107;0.0000;185;167;-0.1026;250.2672;-1.3435;-0.8679;258.0301;125.9;270.0;270.0;270.0
1548.0;1.6639;1.7138;0.2500;0.0000;181;173;0.0635;250.2672;-1.3588;-0.8679;258.8297;134.6;270.0;270.0;270.0
1548.5;1.6653;1.7120;0.4464;0.0000;187;169;0.0635;250.2672;-1.3740;-0.8679;259.6293;144.6;270.0;270.0;270.0
1549.0;1.6667;1.7102;0.3805;0.0000;185;171;0.0635;250.2672;-1.3817;-0.8459;260.4289;157.6;270.0;270.0;270.0
1549.5;1.6680;1.7083;0.4272;0.0000;187;169;-0.0244;250.2672;-1.3969;-0.8239;261.2285;169.4;270.0;270.0;270.0
1550.0;1.6699;1.7070;0.1648;0.0000;181;179;-0.0147;250.2672;-1.4122;-0.8239;262.0281;182.6;270.0;270.0;270.0
1550.5;1.6712;1.7056;0.2679;0.0000;183;177;0.1417;250.2672;-1.4198;-0.8239;263.6273;197.4;270.0;270.0;270.0
1551.0;1.6726;1.7042;-0.0536;0.0000;177;185;-0.0049;250.2672;-1.4351;-0.8239;264.4269;212.7;270.0;270.0;270.0
1551.5;1.6745;1.7028;0.1140;0.0000;181;181;-0.0049;250.2672;-1.4504;-0.8239;265.2266;224.6;270.0;270.0;270.0
1552.0;1.6758;1.7019;0.0962;0.0000;181;181;-0.0049;250.2672;-1.4656;-0.8239;266.0262;240.4;270.0;270.0;270.0
1552.5;1.6777;1.7015;0.2527;0.0000;187;179;-0.0147;250.2672;-1.4733;-0.8019;266.8258;250.5;270.0;270.0;270.0
1553.0;1.6799;1.7005;0.2418;0.0000;187;179;-0.0929;250.2672;-1.4885;-0.8019;267.6254;257.6;270.0;268.9;270.0
1553.5;1.6832;1.7001;0.1346;0.0000;185;181;-0.0049;250.2672;-1.5038;-0.8019;268.4250;265.2;270.0;268.4;270.0
1554.0;1.6859;1.7001;0.2967;0.0000;189;177;-0.0147;250.2672;-1.5114;-0.8019;270.0242;270.0;270.0;268.9;270.0
1554.5;1.6891;1.6996;0.1223;0.0000;185;183;-0.0929;250.2672;-1.5267;-0.7800;270.8238;270.0;270.0;267.9;270.0
1555.0;1.6914;1.6996;0.2239;0.0000;187;179;-0.0147;250.2672;-1.5344;-0.7800;271.6234;270.0;270.0;267.1;270.0
1555.5;1.6941;1.6996;-0.1401;0.0000;177;187;-0.0049;250.2672;-1.5496;-0.7800;272.4230;270.0;270.0;265.5;270.0
1556.0;1.6973;1.6996;-0.1690;0.0000;173;185;0.0049;250.2672;-1.5649;-0.7800;273.2227;270.0;270.0;265.5;270.0
1556.5;1.7001;1.6996;-0.4121;0.0000;165;189;0.0049;250.2672;-1.5725;-0.8019;274.0223;270.0;270.0;263.7;270.0
1557.0;1.7028;1.6996;-0.3255;0.0000;165;185;0.0049;250.2672;-1.5878;-0.8019;274.8219;269.7;270.0;263.1;270.0
1557.5;1.7056;1.6996;-0.1593;0.0000;169;179;-0.0831;250.2672;-1.6031;-0.8239;276.4211;270.0;270.0;261.8;270.0
1558.0;1.7083;1.6996;-0.3352;0.0000;163;181;-0.0733;250.2672;-1.6107;-0.8239;277.2207;270.0;270.0;259.7;270.0
1558.5;1.7106;1.6996;-0.2198;0.0000;163;175;-0.0733;250.2672;-1.6260;-0.8239;278.0203;270.0;270.0;257.3;270.0
1559.0;1.7129;1.6996;-0.2816;0.0000;161;175;-0.0733;250.2672;-1.6412;-0.8459;278.8199;267.6;270.0;257.1;270.0
1559.5;1.7147;1.6996;-0.0453;0.0000;165;167;-0.0049;0.8779;0.0000;-0.0109;0.5557;267.6;270.0;254.4;270.0
1560.0;1.7175;1.6996;-0.2445;0.0000;159;171;-0.0733;1.8015;-0.0076;-0.0109;1.3553;265.2;270.0;249.4;270.0
1560.5;1.7198;1.6996;-0.0069;0.0000;163;163;-0.0831;2.7328;-0.0076;-0.0109;2.1549;262.9;270.0;249.4;270.0
1561.0;1.7216;1.6996;-0.1264;0.0000;159;163;-0.0049;3.6107;-0.0076;-0.0109;2.9546;263.7;270.0;247.8;270.0
1561.5;1.7230;1.6996;-0.2102;0.0000;155;163;0.0049;4.4962;-0.0076;-0.0328;3.7542;262.3;270.0;246.8;270.0
1562.0;1.7230;1.6996;-0.3255;0.0000;152;167;-0.1515;5.3817;-0.0076;-0.0328;5.3534;260.8;270.0;246.0;270.0
1562.5;1.7239;1.6996;-0.2706;0.0000;153;165;0.0049;6.2672;-0.0076;-0.0548;6.1530;260.0;270.0;244.9;270.0
1563.0;1.7248;1.6996;-0.1140;0.0000;155;159;-0.0049;7.1527;-0.0076;-0.0548;6.9526;257.3;270.0;243.3;270.0
1563.5;1.7244;1.6996;-0.1882;0.0000;153;161;0.0049;7.9542;-0.0076;-0.0548;7.7522;258.1;270.0;242.3;270.0
1564.0;1.7230;1.6996;0.0330;0.0000;159;155;-0.0049;8.7557;-0.0076;-0.0548;8.5518;256.8;270.0;243.3;270.0
1564.5;1.7221;1.6996;-0.1168;0.0000;155;161;0.0831;9.6031;-0.0076;-0.0548;9.3514;256.8;270.0;241.5;270.0
1565.0;1.7221;1.6996;0.1209;0.0000;161;155;-0.0929;10.5267;-0.0076;-0.0548;10.1510;253.9;270.0;240.7;270.0
1565.5;1.7207;1.6996;0.1374;0.0000;161;153;-0.0049;11.3282;-0.0076;-0.0548;10.9506;256.3;270.0;240.4;270.0
1566.0;1.7193;1.6996;0.2266;0.0000;165;152;-0.0929;12.2519;-0.0076;-0.0328;11.7503;254.2;270.0;238.3;270.0
1566.5;1.7175;1.6996;0.2019;0.0000;165;153;-0.0147;13.0611;-0.0076;-0.0328;12.5499;250.7;270.0;237.3;270.0
1567.0;1.7152;1.6996;0.0495;0.0000;161;159;0.0733;13.9008;-0.0076;-0.0328;13.3495;251.3;270.0;236.0;270.0
1567.5;1.7125;1.6996;0.1731;0.0000;167;157;-0.0147;14.7023;-0.0076;-0.0328;14.1491;249.1;270.0;236.0;270.0
1568.0;1.7111;1.6996;0.0714;0.0000;165;161;-0.0049;15.5878;-0.0076;-0.0328;14.9487;248.4;270.0;234.1;270.0
1568.5;1.7097;1.6996;0.2198;0.0000;169;157;0.0635;16.4351;-0.0076;-0.0109;15.7483;246.8;270.0;233.0;270.0
1569.0;1.7079;1.6996;-0.0357;0.0000;163;165;-0.0049;17.2366;-0.0076;-0.0328;16.5479;245.2;270.0;232.8;270.0
1569.5;1.7065;1.6996;0.1319;0.0000;167;161;-0.0049;18.1221;-0.0076;-0.0109;17.3475;244.4;270.0;230.9;270.0
1570.0;1.7047;1.6996;-0.0426;0.0000;163;167;-0.0049;18.9237;-0.0076;-0.0109;18.1471;244.4;270.0;229.6;270.0
1570.5;1.7033;1.6996;0.0206;0.0000;165;167;-0.0049;19.8092;-0.0076;-0.0109;19.7464;242.6;270.0;228.6;270.0
1571.0;1.7024;1.6996;0.1951;0.0000;171;165;0.0733;20.6565;-0.0076;-0.0109;20.5460;243.6;270.0;227.0;270.0
1571.5;1.7015;1.6996;0.3091;0.0000;175;161;-0.0929;21.4962;-0.0076;-0.0109;21.3456;243.6;270.0;228.0;270.0
1572.0;1.6996;1.6996;0.2527;0.0000;175;165;-0.0147;22.3053;-0.0076;0.0111;22.1452;243.1;270.0;226.7;270.0
1572.5;1.6983;1.6996;0.0549;0.0000;171;171;0.0733;23.1450;-0.0076;0.0111;-0.2439;240.7;270.0;225.1;270.0
1573.0;1.6969;1.6996;0.1882;0.0137;103;239;-0.0929;23.9924;-0.0076;0.0111;0.5557;239.9;270.0;223.5;270.0
1573.5;1.6960;1.6996;-0.0838;0.0440;93;253;-0.0831;24.8321;-0.0076;0.0111;1.3553;240.7;270.0;222.2;270.0
1574.0;1.6955;1.6996;0.0701;0.0893;91;257;-0.0831;25.7557;-0.0076;0.0111;2.1549;240.7;270.0;220.6;270.0
1574.5;1.6955;1.6996;-0.0687;0.1497;79;269;0.0733;26.6031;-0.0076;0.0111;2.9546;239.4;270.0;221.7;270.0
1575.0;1.6955;1.6996;-0.1319;0.2239;71;279;0.0831;27.4427;-0.0076;0.0111;3.7542;239.4;270.0;220.9;270.0
1575.5;1.6955;1.6996;-0.1168;0.3146;64;286;0.0831;28.2901;-0.0076;0.0111;4.5538;237.5;270.0;219.1;270.0
1576.0;1.6946;1.6996;0.0646;0.4190;62;288;0.1515;29.0916;-0.0076;0.0111;5.3534;237.8;270.0;217.5;270.0
1576.5;1.6937;1.6996;0.4560;0.5398;112;239;0.0635;29.9389;-0.0076;0.0111;6.1530;236.7;270.0;216.4;270.0
1577.0;1.6932;1.6996;0.7459;0.6745;110;241;0.0538;30.7786;-0.0076;0.0331;6.9526;237.3;270.0;215.9;270.0
1577.5;1.6928;1.6996;1.3764;0.8242;118;234;0.0244;31.6260;-0.0076;0.0770;7.7522;237.3;270.0;215.6;270.0
1578.0;1.6928;1.6996;1.6497;0.9890;116;238;0.0147;32.4733;-0.0076;0.1210;8.5518;235.7;270.0;215.1;270.0
1578.5;1.6923;1.6996;2.2088;1.1690;120;232;-0.0049;33.3130;0.0000;0.1869;10.1510;233.8;270.0;214.3;270.0
1579.0;1.6923;1.6996;2.4299;1.3640;116;238;-0.0049;34.1603;0.0000;0.2528;10.9506;233.8;270.0;215.4;270.0
1579.5;1.6923;1.6996;2.7624;1.5742;114;238;0.0635;35.0458;0.0076;0.3407;11.7503;232.8;270.0;214.0;270.0
1580.0;1.6918;1.6996;2.9684;1.7995;109;243;-0.0342;35.8855;0.0076;0.4286;12.5499;232.0;269.7;213.0;270.0
1580.5;1.6918;1.6996;2.9602;2.0398;97;257;0.0538;36.7710;0.0153;0.4945;13.3495;233.3;270.0;212.5;270.0
1581.0;1.6918;1.6996;3.0371;2.2940;87;267;-0.0342;37.6107;0.0229;0.6044;14.1491;231.7;270.0;212.2;270.0
1581.5;1.6909;1.6996;3.1964;2.5646;79;275;-0.0342;38.4580;0.0382;0.6923;14.9487;231.5;270.0;212.5;270.0
1582.0;1.6905;1.6996;3.5742;2.8489;77;279;0.0342;39.3435;0.0458;0.7802;15.7483;229.9;269.2;213.3;270.0
1582.5;1.6896;1.6996;3.6799;3.1497;65;290;0.0244;40.1450;0.0611;0.8901;16.5479;228.6;268.7;211.9;270.0
1583.0;1.6891;1.6996;3.9547;3.4643;60;298;0.0147;41.0305;0.0763;0.9999;17.3475;228.3;269.2;211.4;270.0
1583.5;1.6896;1.6996;4.0371;3.7940;48;310;0.0147;41.9160;0.0916;1.1318;18.1471;228.8;270.0;210.9;270.0
1584.0;1.6896;1.6996;4.1401;4.1387;36;324;0.0929;42.7557;0.1069;1.2417;18.9467;228.6;270.0;210.4;270.0
1584.5;1.6882;1.6996;4.4602;4.5000;28;333;0.0733;43.6031;0.1298;1.3735;19.7464;227.2;270.0;209.6;270.0
1585.0;1.6873;1.6996;4.7060;4.8750;21;343;0.1515;44.4046;0.1450;1.5053;20.5460;228.3;269.5;208.5;270.0
1585.5;1.6864;1.6996;5.1786;5.2637;17;349;0.1320;45.2901;0.1756;1.6592;21.3456;227.0;269.2;207.7;270.0
1586.0;1.6859;1.6996;5.5783;5.6690;11;357;0.0440;46.1298;0.1985;1.8130;22.9448;225.7;268.4;208.5;270.0
1586.5;1.6864;1.6996;6.1717;6.0893;11;359;0.1026;47.0153;0.2290;1.9888;23.7444;227.2;266.0;207.4;270.0
1587.0;1.6864;1.6996;6.5920;6.5247;3;367;0.0049;47.8626;0.2595;2.1865;24.5440;226.7;263.9;207.4;270.0
1587.5;1.6864;1.6996;7.2527;6.9739;3;369;0.0538;48.7405;0.2901;2.3843;25.3436;224.1;263.1;206.9;270.0
1588.0;1.6864;1.6996;7.8503;7.4396;-1;370;0.1222;49.5878;0.3282;2.6040;26.1432;223.8;261.8;206.9;270.0
1588.5;1.6859;1.6996;8.2940;7.9190;-7;378;0.0342;50.3893;0.3664;2.8458;26.9428;224.1;260.8;207.7;270.0
1589.0;1.6850;1.6996;8.7679;8.4148;-15;388;0.1613;51.2748;0.4122;3.1094;27.7425;224.6;259.7;208.2;270.0
1589.5;1.6850;1.6996;9.1758;8.9148;-19;394;0.0831;52.1145;0.4656;3.3512;28.5421;224.1;256.8;207.2;270.0
1590.0;1.6854;1.6996;9.7321;9.4148;-19;396;0.1320;53.0000;0.5191;3.6368;29.3417;224.6;256.3;207.2;270.0
1590.5;1.6859;1.6996;10.1346;9.9148;-24;400;0.0538;53.8397;0.5725;3.9225;30.1413;222.0;254.4;207.7;270.0
1591.0;1.6873;1.6996;10.7102;10.4148;-24;398;0.1026;54.7252;0.6336;4.2301;30.9409;223.0;253.1;208.0;270.0
1591.5;1.6886;1.6996;11.2115;10.9148;-26;398;0.0831;55.6031;0.7023;4.5597;31.7405;223.5;251.3;209.0;254.7
1592.0;1.6900;1.6996;11.8310;11.4148;-26;396;0.2102;56.4809;0.7786;4.9113;33.3397;222.8;248.6;209.6;235.2
1592.5;1.6918;1.6996;12.3846;11.9148;-26;396;0.0440;57.3664;0.8550;5.2629;34.1393;223.3;248.1;211.1;219.1
1593.0;1.6937;1.6996;12.9327;12.4148;-28;396;0.1906;58.2443;0.9389;5.6145;34.9389;222.0;246.2;210.9;205.1
1593.5;1.6951;1.6996;13.5879;12.9148;-26;394;0.0733;59.1679;1.0305;6.0100;35.7386;222.0;246.2;212.5;193.7
1594.0;1.6951;1.6996;13.9753;13.4148;-32;398;0.2395;60.0076;1.1221;6.4055;36.5382;222.8;245.7;213.8;185.0
1594.5;1.6955;1.6996;14.4354;13.9148;-36;400;0.2004;60.9237;1.2290;6.8231;37.3378;223.5;244.7;215.1;176.6
1595.0;1.6964;1.6996;14.8338;14.4148;-40;404;0.0538;61.7634;1.3359;7.2406;38.1374;224.6;243.9;215.6;171.6
1595.5;1.6969;1.6996;15.2308;14.9148;-46;410;0.1026;62.6336;1.4504;7.6800;38.9370;223.3;241.8;216.9;167.9
1596.0;1.6969;1.6996;15.4135;15.4148;-58;421;0.1808;63.4733;1.5649;8.1195;39.7366;224.1;241.8;218.3;165.0
1596.5;1.6973;1.6996;15.8901;15.9148;-60;423;0.0831;64.3435;1.6947;8.5810;40.5362;224.1;240.4;220.4;162.1
1597.0;1.6987;1.6996;16.5288;16.4148;-58;421;0.2199;65.2214;1.8321;9.0644;42.1354;225.4;236.7;222.8;158.9
1597.5;1.6992;1.6996;17.0769;16.9148;-60;423;0.1320;66.0534;1.9695;9.5478;42.9350;224.6;234.9;224.9;156.0
1598.0;1.6996;1.6996;17.5962;17.4025;-56;419;0.1026;66.8855;2.1145;10.0532;43.7346;224.1;232.8;226.7;154.4
1598.5;1.6992;1.6996;18.2390;17.8764;-50;413;0.1613;67.6794;2.2519;10.5586;44.5343;223.8;230.1;229.4;153.3
1599.0;1.6996;1.6996;18.7651;18.3393;-44;408;0.0440;68.5802;2.4275;11.1300;45.3339;224.9;229.4;234.4;154.1
1599.5;1.7005;1.6996;19.3352;18.7898;-38;400;0.0635;69.4122;2.5954;11.6573;46.1335;227.2;228.0;236.5;154.7
1600.0;1.7005;1.6996;19.7843;19.2267;-36;396;0.1906;70.2366;2.7710;12.2287;46.9331;227.0;225.7;238.6;155.2
1600.5;1.7001;1.6996;20.2335;19.6525;-32;392;0.0831;71.0229;2.9466;12.8000;47.7327;226.5;223.5;241.5;156.2
1601.0;1.7005;1.6996;20.6717;20.0646;-28;388;0.1417;71.9237;3.1527;13.4153;48.5323;227.2;221.2;244.4;157.3
1601.5;1.7010;1.6996;21.0632;20.4643;-26;384;0.0635;72.7786;3.3664;14.0086;49.3319;227.5;219.3;248.4;158.1
1602.0;1.7010;1.6996;21.3791;20.8517;-26;382;0.2297;73.5573;3.5649;14.6238;50.1315;228.8;216.9;251.8;159.1
1602.5;1.6983;1.6996;22.1387;21.2267;-15;370;0.3470;74.2595;3.7481;15.2391;50.9311;231.7;215.4;255.2;159.9