Time(ms);ActualLinearVel;TargetLinearVel;ActualAngularVel;TargetAngularVel;PWML;PWMR;ImuDiff;VelP;VelI;AngP;AngI;RotationFF;LinearFF
general_params = {
fan_speed = 600.000000,
angular_kp = 0.100000,
angular_ki = 0.000500,
angular_kd = 0.000000,
angular_acc_feed_forward_k = 0.000800,
angular_vel_feed_forward_k = 0.008500,
linear_vel_acc_feed_forward_k = 0.033000,
linear_vel_brake_feed_forward_k = 0.025000,
linear_vel_feed_forward_k = 0.141000,
wall_kp = 0.000000,
wall_ki = 0.000000,
wall_kd = 0.000000,
linear_vel_kp = 2.500000,
linear_vel_ki = 0.010000,
linear_vel_kd = 0.000000,
diagonal_walls_kp = 0.000000,
diagonal_walls_ki = 0.000000,
diagonal_walls_kd = 0.000000,
start_wall_break_mm_left = 5.500000,
start_wall_break_mm_right = 7.200000,
enable_wall_break_correction = 1.000000,
max_linear_acc_jerk = 625.000000,
max_linear_brake_jerk = 625.000000,
wheel_radius_mm = 12.750000,
coulomb_ff = 0.180000,
angular_coulomb_ff = 0.000000,
};
t;Vel;TgtVel;AngVel;TgtAngVel;PWM_L;PWM_R;ImuDiff;VelP;VelI;AngP;AngI;RotFF;LinFF
0.0;0.0000;0.0000;-0.0107;0.0000;1;1;0.0733;0.0003;-0.0012;0.0010;-0.0000;0.0000;0.0079
0.5;0.0000;0.0005;0.0229;0.0000;5;3;-0.0049;0.0003;-0.0012;-0.0029;-0.0010;0.0000;0.0157
1.0;0.0000;0.0009;0.0710;0.0000;7;5;-0.0049;0.0018;-0.0012;-0.0078;-0.0010;0.0000;0.0236
1.5;0.0000;0.0014;0.1092;0.0000;50;44;-0.0049;0.0018;-0.0012;-0.0117;-0.0010;0.0000;0.2205
2.0;0.0005;0.0023;0.0695;0.0000;52;48;-0.0049;0.0032;-0.0012;-0.0078;-0.0010;0.0000;0.2283
2.5;0.0009;0.0032;0.0374;0.0000;54;52;-0.0049;0.0047;-0.0012;-0.0039;-0.0010;0.0000;0.2362
3.0;0.0014;0.0041;0.0115;0.0000;56;54;-0.0049;0.0062;-0.0012;-0.0020;-0.0010;0.0000;0.2520
3.5;0.0023;0.0055;0.0069;0.0000;58;58;-0.0049;0.0076;-0.0012;-0.0010;-0.0010;0.0000;0.2598
4.0;0.0032;0.0069;0.0023;0.0000;60;60;-0.0049;0.0091;-0.0012;-0.0010;-0.0010;0.0000;0.2677
4.5;0.0041;0.0082;-0.0412;0.0000;62;64;-0.0049;0.0105;-0.0012;0.0039;-0.0010;0.0000;0.2835
5.0;0.0050;0.0101;0.0244;0.0000;65;64;-0.0049;0.0120;-0.0012;-0.0029;-0.0010;0.0000;0.2913
5.5;0.0060;0.0119;0.0771;0.0000;69;65;-0.0049;0.0135;0.0003;-0.0078;-0.0010;0.0000;0.2992
6.0;0.0073;0.0142;0.0977;0.0000;73;67;-0.0049;0.0164;0.0003;-0.0108;-0.0010;0.0000;0.3150
6.5;0.0087;0.0160;0.0840;0.0000;75;71;-0.0049;0.0179;0.0003;-0.0088;-0.0010;0.0000;0.3228
7.0;0.0101;0.0183;0.0733;0.0000;77;73;-0.0049;0.0193;0.0003;-0.0078;-0.0010;0.0000;0.3307
7.5;0.0119;0.0211;0.0725;0.0000;81;77;-0.0049;0.0223;0.0003;-0.0078;-0.0010;0.0000;0.3465
8.0;0.0137;0.0238;0.0641;0.0000;83;79;-0.0049;0.0252;0.0003;-0.0068;-0.0010;0.0000;0.3543
8.5;0.0156;0.0266;0.0573;0.0000;87;83;-0.0049;0.0267;0.0003;-0.0059;-0.0010;0.0000;0.3622
9.0;0.0211;0.0293;0.0473;0.0000;89;87;-0.0049;0.0208;0.0003;-0.0049;-0.0010;0.0000;0.3780
9.5;0.0256;0.0325;0.0985;0.0000;91;87;-0.0049;0.0164;0.0003;-0.0108;-0.0010;0.0000;0.3858
10.0;0.0311;0.0357;0.1397;0.0000;95;87;-0.0831;0.0105;0.0003;-0.0147;-0.0010;0.0000;0.4016
10.5;0.0375;0.0394;0.2069;0.0000;99;87;-0.0831;0.0032;0.0003;-0.0215;-0.0010;0.0000;0.4094
11.0;0.0426;0.0430;0.2023;0.0000;101;89;-0.0049;0.0003;0.0003;-0.0205;-0.0010;0.0000;0.4173
11.5;0.0485;0.0467;0.1985;0.0000;103;89;-0.0831;-0.0056;0.0003;-0.0205;-0.0010;0.0000;0.4331
12.0;0.0531;0.0504;0.1466;0.0000;103;93;-0.0049;-0.0070;0.0003;-0.0156;-0.0010;0.0000;0.4409
12.5;0.0572;0.0545;0.1092;0.0000;105;95;-0.0049;-0.0070;0.0003;-0.0117;-0.0020;0.0000;0.4488
13.0;0.0609;0.0586;0.0382;0.0000;105;101;0.0733;-0.0056;0.0003;-0.0039;-0.0020;0.0000;0.4646
13.5;0.0650;0.0632;-0.0420;0.0000;107;105;-0.0831;-0.0056;0.0003;0.0039;-0.0020;0.0000;0.4724
14.0;0.0687;0.0678;-0.1389;0.0000;107;110;-0.0049;-0.0026;0.0003;0.0137;-0.0010;0.0000;0.4882
14.5;0.0719;0.0723;-0.2191;0.0000;109;114;0.0049;0.0003;0.0003;0.0215;-0.0010;0.0000;0.4961
15.0;0.0760;0.0774;-0.2450;0.0000;110;118;0.0049;0.0018;0.0003;0.0244;-0.0010;0.0000;0.5039
15.5;0.0797;0.0824;-0.2725;0.0000;112;122;0.0049;0.0062;0.0003;0.0264;-0.0010;0.0000;0.5197
16.0;0.0842;0.0875;-0.2573;0.0000;116;124;0.0049;0.0076;0.0003;0.0254;-0.0010;0.0000;0.5276
16.5;0.0893;0.0929;-0.2870;0.0000;118;130;0.0049;0.0076;0.0003;0.0283;-0.0010;0.0000;0.5433
17.0;0.0943;0.0980;-0.2153;0.0000;124;132;-0.0733;0.0091;0.0003;0.0215;-0.0010;0.0000;0.5512
17.5;0.1003;0.1039;-0.2130;0.0000;126;134;0.0049;0.0091;0.0003;0.0205;-0.0010;0.0000;0.5591
18.0;0.1062;0.1094;-0.2634;0.0000;128;138;0.0049;0.0076;0.0003;0.0254;-0.0000;0.0000;0.5748
18.5;0.1122;0.1154;-0.2267;0.0000;132;140;0.0049;0.0076;0.0003;0.0225;-0.0000;0.0000;0.5827
19.0;0.1186;0.1213;-0.2542;0.0000;132;142;0.0049;0.0062;0.0003;0.0244;-0.0000;0.0000;0.5906
19.5;0.1245;0.1277;-0.2969;0.0000;132;144;-0.0733;0.0076;0.0003;0.0293;-0.0000;0.0000;0.5906
20.0;0.1300;0.1337;-0.3336;0.0000;132;146;0.0831;0.0076;0.0003;0.0332;-0.0000;0.0000;0.5906
20.5;0.1355;0.1397;-0.3282;0.0000;134;146;-0.0733;0.0091;0.0003;0.0323;-0.0000;0.0000;0.5906
21.0;0.1419;0.1456;-0.2847;0.0000;134;146;0.0831;0.0091;0.0003;0.0283;-0.0000;0.0000;0.5906
21.5;0.1488;0.1516;-0.3084;0.0000;134;146;-0.0733;0.0062;0.0003;0.0303;0.0010;0.0000;0.5906
22.0;0.1552;0.1575;-0.2473;0.0000;136;144;0.0049;0.0047;0.0003;0.0244;0.0010;0.0000;0.5906
22.5;0.1621;0.1635;-0.2626;0.0000;136;146;-0.0733;0.0032;0.0003;0.0254;0.0010;0.0000;0.5984
23.0;0.1685;0.1694;-0.3344;0.0000;134;148;0.0049;0.0018;0.0003;0.0332;0.0010;0.0000;0.5984
23.5;0.1749;0.1754;-0.2328;0.0000;138;146;0.0049;0.0003;0.0003;0.0225;0.0010;0.0000;0.5984
24.0;0.1813;0.1818;-0.2382;0.0000;138;146;0.0049;0.0003;0.0003;0.0235;0.0010;0.0000;0.5984
24.5;0.1877;0.1877;-0.1710;0.0000;140;144;-0.0733;-0.0012;0.0003;0.0166;0.0010;0.0000;0.5984
25.0;0.1937;0.1937;-0.3328;0.0000;136;148;-0.0733;-0.0012;0.0003;0.0332;0.0020;0.0000;0.5984
25.5;0.1996;0.1996;-0.2847;0.0000;136;148;0.0831;-0.0012;0.0003;0.0283;0.0020;0.0000;0.5984
26.0;0.2060;0.2056;-0.4313;0.0000;134;152;-0.0635;-0.0012;0.0003;0.0430;0.0020;0.0000;0.5984
26.5;0.2120;0.2115;-0.3725;0.0000;134;152;0.0831;-0.0026;0.0003;0.0371;0.0020;0.0000;0.5984
27.0;0.2184;0.2175;-0.3763;0.0000;136;152;-0.0733;-0.0026;0.0003;0.0371;0.0020;0.0000;0.6063
27.5;0.2253;0.2234;-0.4802;0.0000;134;153;0.0147;-0.0041;0.0003;0.0479;0.0029;0.0000;0.6063
28.0;0.2321;0.2294;-0.5046;0.0000;132;155;0.0147;-0.0070;0.0003;0.0499;0.0029;0.0000;0.6063
28.5;0.2390;0.2353;-0.5573;0.0000;132;155;-0.0635;-0.0100;0.0003;0.0547;0.0029;0.0000;0.6063
29.0;0.2459;0.2418;-0.3496;0.0000;136;152;0.0049;-0.0114;0.0003;0.0342;0.0029;0.0000;0.6063
29.5;0.2537;0.2477;-0.3573;0.0000;136;152;-0.0733;-0.0158;0.0003;0.0352;0.0029;0.0000;0.6063
30.0;0.2605;0.2537;-0.2832;0.0000;136;150;0.0831;-0.0188;0.0003;0.0274;0.0039;0.0000;0.6063
30.5;0.2674;0.2596;-0.3992;0.0000;134;152;-0.1515;-0.0202;0.0003;0.0391;0.0039;0.0000;0.6063
31.0;0.2743;0.2656;-0.3702;0.0000;136;152;0.0049;-0.0231;0.0003;0.0362;0.0039;0.0000;0.6063
31.5;0.2811;0.2715;-0.5038;0.0000;132;153;0.0147;-0.0246;0.0003;0.0499;0.0039;0.0000;0.6142
32.0;0.2875;0.2775;-0.4611;0.0000;132;153;0.0147;-0.0261;0.0003;0.0459;0.0039;0.0000;0.6142
32.5;0.2949;0.2834;-0.3710;0.0000;136;152;-0.0733;-0.0290;0.0003;0.0362;0.0049;0.0000;0.6142
33.0;0.3017;0.2894;-0.4504;0.0000;132;153;0.0929;-0.0319;0.0003;0.0450;0.0049;0.0000;0.6142
33.5;0.3091;0.2953;-0.4458;0.0000;134;153;-0.0635;-0.0349;0.0003;0.0440;0.0049;0.0000;0.6142
34.0;0.3159;0.3017;-0.4962;0.0000;132;153;-0.0635;-0.0363;0.0003;0.0489;0.0049;0.0000;0.6142
34.5;0.3219;0.3077;-0.3031;0.0000;136;152;0.0049;-0.0378;-0.0012;0.0293;0.0059;0.0000;0.6142
35.0;0.3278;0.3136;-0.3733;0.0000;136;152;0.0049;-0.0363;-0.0012;0.0371;0.0059;0.0000;0.6142
35.5;0.3352;0.3196;-0.2832;0.0000;136;150;0.0049;-0.0393;-0.0012;0.0274;0.0059;0.0000;0.6142
36.0;0.3420;0.3255;-0.3603;0.0000;136;152;-0.0733;-0.0422;-0.0012;0.0352;0.0059;0.0000;0.6142
36.5;0.3498;0.3315;-0.3656;0.0000;134;152;0.0049;-0.0466;-0.0012;0.0362;0.0059;0.0000;0.6220
37.0;0.3571;0.3375;-0.4695;0.0000;132;153;-0.0635;-0.0495;-0.0012;0.0459;0.0059;0.0000;0.6220
37.5;0.3636;0.3434;-0.4168;0.0000;134;153;0.0049;-0.0510;-0.0012;0.0411;0.0068;0.0000;0.6220
38.0;0.3700;0.3494;-0.3183;0.0000;136;152;-0.0733;-0.0524;-0.0012;0.0313;0.0068;0.0000;0.6220
38.5;0.3773;0.3558;-0.4435;0.0000;134;153;0.0147;-0.0554;-0.0026;0.0440;0.0068;0.0000;0.6220
39.0;0.3837;0.3617;-0.4328;0.0000;134;153;-0.0635;-0.0568;-0.0026;0.0430;0.0068;0.0000;0.6220
39.5;0.3901;0.3677;-0.4672;0.0000;132;153;-0.0635;-0.0568;-0.0026;0.0459;0.0078;0.0000;0.6220
40.0;0.3970;0.3736;-0.2809;0.0000;136;150;0.0049;-0.0598;-0.0026;0.0274;0.0078;0.0000;0.6220
40.5;0.4043;0.3796;-0.3267;0.0000;136;152;0.0049;-0.0627;-0.0026;0.0323;0.0078;0.0000;0.6220
41.0;0.4112;0.3855;-0.1931;0.0000;140;148;-0.1515;-0.0642;-0.0026;0.0186;0.0078;0.0000;0.6299
41.5;0.4185;0.3915;-0.2603;0.0000;138;150;0.0049;-0.0686;-0.0041;0.0254;0.0078;0.0000;0.6299
42.0;0.4254;0.3974;-0.3092;0.0000;136;150;0.0049;-0.0700;-0.0041;0.0303;0.0078;0.0000;0.6299
42.5;0.4327;0.4034;-0.1794;0.0000;138;148;0.0049;-0.0730;-0.0041;0.0176;0.0078;0.0000;0.6299
43.0;0.4396;0.4093;-0.1710;0.0000;138;146;0.0049;-0.0759;-0.0041;0.0166;0.0078;0.0000;0.6299
43.5;0.4460;0.4158;-0.0565;0.0000;140;144;-0.1613;-0.0774;-0.0041;0.0049;0.0078;0.0000;0.6299
44.0;0.4528;0.4217;-0.2710;0.0000;136;148;0.0049;-0.0788;-0.0056;0.0264;0.0088;0.0000;0.6299
44.5;0.4597;0.4277;-0.2176;0.0000;138;148;-0.0733;-0.0817;-0.0056;0.0215;0.0088;0.0000;0.6299
45.0;0.4670;0.4336;-0.3496;0.0000;134;152;0.0831;-0.0847;-0.0056;0.0342;0.0088;0.0000;0.6299
45.5;0.4739;0.4396;-0.2885;0.0000;134;150;-0.0733;-0.0861;-0.0056;0.0283;0.0088;0.0000;0.6378
46.0;0.4803;0.4455;-0.3008;0.0000;134;150;0.0049;-0.0876;-0.0070;0.0293;0.0088;0.0000;0.6378
46.5;0.4872;0.4515;-0.1939;0.0000;136;148;-0.0733;-0.0891;-0.0070;0.0186;0.0088;0.0000;0.6378
47.0;0.4931;0.4574;-0.2420;0.0000;136;148;0.0049;-0.0905;-0.0070;0.0235;0.0088;0.0000;0.6378
47.5;0.4991;0.4634;-0.4328;0.0000;132;152;0.0147;-0.0891;-0.0070;0.0430;0.0098;0.0000;0.6378
48.0;0.5050;0.4698;-0.2427;0.0000;136;150;-0.0733;-0.0891;-0.0070;0.0235;0.0098;0.0000;0.6378
48.5;0.5124;0.4757;-0.3214;0.0000;136;152;0.0049;-0.0920;-0.0085;0.0313;0.0098;0.0000;0.6378
49.0;0.5183;0.4817;-0.2168;0.0000;138;150;0.0049;-0.0935;-0.0085;0.0215;0.0098;0.0000;0.6378
49.5;0.5247;0.4876;-0.4046;0.0000;132;153;-0.0733;-0.0935;-0.0085;0.0401;0.0098;0.0000;0.6378
50.0;0.5307;0.4936;-0.3725;0.0000;134;152;-0.0733;-0.0935;-0.0100;0.0371;0.0098;0.0000;0.6378
50.5;0.5375;0.4995;-0.5160;0.0000;130;155;0.0147;-0.0964;-0.0100;0.0508;0.0108;0.0000;0.6457
51.0;0.5440;0.5055;-0.4351;0.0000;132;153;-0.0635;-0.0979;-0.0100;0.0430;0.0108;0.0000;0.6457
51.5;0.5504;0.5114;-0.3618;0.0000;134;152;-0.0733;-0.0979;-0.0100;0.0352;0.0108;0.0000;0.6457
52.0;0.5572;0.5174;-0.2397;0.0000;138;150;0.0049;-0.0993;-0.0114;0.0235;0.0108;0.0000;0.6457
52.5;0.5641;0.5234;-0.2687;0.0000;138;152;0.0049;-0.1023;-0.0114;0.0264;0.0108;0.0000;0.6457
53.0;0.5705;0.5298;-0.3878;0.0000;134;153;0.0049;-0.1037;-0.0114;0.0381;0.0117;0.0000;0.6457
53.5;0.5765;0.5357;-0.2092;0.0000;138;150;-0.0733;-0.1037;-0.0114;0.0205;0.0117;0.0000;0.6457
54.0;0.5829;0.5417;-0.3137;0.0000;136;152;0.0049;-0.1037;-0.0129;0.0313;0.0117;0.0000;0.6457
54.5;0.5893;0.5476;-0.1969;0.0000;138;150;0.0049;-0.1052;-0.0129;0.0196;0.0117;0.0000;0.6457
55.0;0.5948;0.5536;-0.2931;0.0000;138;152;-0.0733;-0.1037;-0.0129;0.0283;0.0117;0.0000;0.6535
55.5;0.6007;0.5595;-0.3160;0.0000;138;153;0.0049;-0.1037;-0.0144;0.0313;0.0117;0.0000;0.6535
56.0;0.6067;0.5655;-0.4504;0.0000;134;157;0.0147;-0.1037;-0.0144;0.0440;0.0117;0.0000;0.6535
56.5;0.6131;0.5714;-0.4023;0.0000;136;155;-0.0733;-0.1037;-0.0144;0.0401;0.0127;0.0000;0.6535
57.0;0.6190;0.5774;-0.2863;0.0000;138;153;0.0049;-0.1052;-0.0144;0.0283;0.0127;0.0000;0.6535
57.5;0.6250;0.5833;-0.4405;0.0000;134;157;0.0147;-0.1052;-0.0158;0.0440;0.0127;0.0000;0.6535
58.0;0.6310;0.5897;-0.3947;0.0000;136;157;0.0049;-0.1037;-0.0158;0.0391;0.0127;0.0000;0.6535
58.5;0.6364;0.5957;-0.4656;0.0000;134;159;0.0147;-0.1037;-0.0158;0.0459;0.0127;0.0000;0.6535
59.0;0.6415;0.6016;-0.3145;0.0000;140;157;-0.0733;-0.1008;-0.0158;0.0313;0.0137;0.0000;0.6535
59.5;0.6470;0.6076;-0.3267;0.0000;140;157;-0.0733;-0.0993;-0.0173;0.0323;0.0137;0.0000;0.6614
60.0;0.6525;0.6136;-0.1733;0.0000;144;153;0.0049;-0.0979;-0.0173;0.0166;0.0137;0.0000;0.6614
60.5;0.6575;0.6195;-0.2092;0.0000;142;155;0.0049;-0.0964;-0.0173;0.0205;0.0137;0.0000;0.6614
61.0;0.6635;0.6255;-0.2733;0.0000;142;157;-0.0733;-0.0949;-0.0188;0.0264;0.0137;0.0000;0.6614
61.5;0.6690;0.6314;-0.3664;0.0000;140;161;0.0049;-0.0935;-0.0188;0.0362;0.0137;0.0000;0.6614
62.0;0.6745;0.6374;-0.3015;0.0000;144;159;-0.0733;-0.0935;-0.0188;0.0293;0.0137;0.0000;0.6614
62.5;0.6799;0.6438;-0.2443;0.0000;146;159;0.0049;-0.0920;-0.0188;0.0235;0.0147;0.0000;0.6614
63.0;0.6854;0.6497;-0.3771;0.0000;144;163;-0.0733;-0.0905;-0.0202;0.0371;0.0147;0.0000;0.6614
63.5;0.6905;0.6557;-0.3107;0.0000;144;161;0.0049;-0.0876;-0.0202;0.0303;0.0147;0.0000;0.6614
64.0;0.6955;0.6616;-0.3809;0.0000;144;163;-0.0733;-0.0861;-0.0202;0.0371;0.0147;0.0000;0.6693
64.5;0.7005;0.6676;-0.2672;0.0000;148;163;0.0049;-0.0832;-0.0202;0.0264;0.0147;0.0000;0.6693
65.0;0.7047;0.6735;-0.2557;0.0000;148;163;0.0049;-0.0788;-0.0202;0.0254;0.0147;0.0000;0.6693
65.5;0.7092;0.6795;-0.0809;0.0000;153;161;-0.0049;-0.0759;-0.0217;0.0078;0.0147;0.0000;0.6693
66.0;0.7143;0.6854;-0.1817;0.0000;153;165;-0.0733;-0.0730;-0.0217;0.0176;0.0156;0.0000;0.6693
66.5;0.7202;0.6914;-0.2565;0.0000;152;167;0.0049;-0.0715;-0.0217;0.0254;0.0156;0.0000;0.6693
67.0;0.7248;0.6973;-0.1031;0.0000;155;163;-0.0049;-0.0686;-0.0217;0.0098;0.0156;0.0000;0.6693
67.5;0.7303;0.7038;-0.1649;0.0000;155;167;0.0049;-0.0671;-0.0217;0.0156;0.0156;0.0000;0.6693
68.0;0.7363;0.7097;-0.0832;0.0000;157;165;-0.0049;-0.0671;-0.0231;0.0078;0.0156;0.0000;0.6693
68.5;0.7422;0.7157;-0.2053;0.0000;155;169;0.0049;-0.0686;-0.0231;0.0196;0.0156;0.0000;0.6693
69.0;0.7482;0.7216;-0.0695;0.0000;159;167;-0.0831;-0.0671;-0.0231;0.0068;0.0156;0.0000;0.6772
69.5;0.7541;0.7276;-0.2481;0.0000;155;171;0.0049;-0.0671;-0.0231;0.0244;0.0156;0.0000;0.6772
70.0;0.7605;0.7335;-0.1435;0.0000;157;169;-0.0733;-0.0686;-0.0231;0.0137;0.0156;0.0000;0.6772
70.5;0.7665;0.7395;-0.0763;0.0000;159;169;0.0733;-0.0686;-0.0246;0.0068;0.0156;0.0000;0.6772
71.0;0.7729;0.7454;-0.0198;0.0000;161;167;-0.0831;-0.0700;-0.0246;0.0020;0.0156;0.0000;0.6772
71.5;0.7793;0.7514;-0.0237;0.0000;161;167;-0.0049;-0.0700;-0.0246;0.0020;0.0156;0.0000;0.6772
72.0;0.7848;0.7573;-0.1565;0.0000;157;171;0.0049;-0.0686;-0.0246;0.0147;0.0156;0.0000;0.6772
72.5;0.7903;0.7637;-0.0298;0.0000;161;169;-0.0049;-0.0671;-0.0246;0.0029;0.0156;0.0000;0.6772
73.0;0.7958;0.7697;-0.2084;0.0000;159;175;0.0049;-0.0656;-0.0246;0.0205;0.0156;0.0000;0.6772
73.5;0.8004;0.7756;-0.0748;0.0000;161;173;0.0733;-0.0627;-0.0261;0.0068;0.0156;0.0000;0.6850
74.0;0.8049;0.7816;-0.2626;0.0000;157;179;0.0049;-0.0583;-0.0261;0.0254;0.0166;0.0000;0.6850
74.5;0.8095;0.7875;-0.3710;0.0000;157;181;0.0049;-0.0554;-0.0261;0.0362;0.0166;0.0000;0.6850
75.0;0.8136;0.7935;-0.5870;0.0000;153;187;-0.0635;-0.0510;-0.0261;0.0587;0.0166;0.0000;0.6850
75.5;0.8187;0.7995;-0.4901;0.0000;157;187;-0.0635;-0.0481;-0.0261;0.0489;0.0166;0.0000;0.6850
76.0;0.8233;0.8054;-0.4145;0.0000;159;187;0.0049;-0.0451;-0.0261;0.0411;0.0176;0.0000;0.6850
76.5;0.8283;0.8114;-0.4183;0.0000;161;187;-0.0733;-0.0422;-0.0261;0.0411;0.0176;0.0000;0.6850
77.0;0.8324;0.8178;-0.3954;0.0000;163;189;0.0049;-0.0378;-0.0275;0.0391;0.0176;0.0000;0.6850
77.5;0.8375;0.8237;-0.6023;0.0000;159;195;0.0929;-0.0363;-0.0275;0.0596;0.0176;0.0000;0.6850
78.0;0.8429;0.8297;-0.4947;0.0000;161;193;-0.0635;-0.0349;-0.0275;0.0489;0.0186;0.0000;0.6929
78.5;0.8484;0.8356;-0.6076;0.0000;159;196;0.0147;-0.0334;-0.0275;0.0606;0.0186;0.0000;0.6929
79.0;0.8535;0.8416;-0.4145;0.0000;165;193;0.0049;-0.0305;-0.0275;0.0411;0.0186;0.0000;0.6929
79.5;0.8585;0.8475;-0.5176;0.0000;165;196;-0.0635;-0.0290;-0.0275;0.0508;0.0186;0.0000;0.6929
80.0;0.8631;0.8535;-0.4962;0.0000;165;196;0.0147;-0.0246;-0.0275;0.0489;0.0196;0.0000;0.6929
80.5;0.8681;0.8594;-0.5786;0.0000;165;200;0.0929;-0.0217;-0.0275;0.0577;0.0196;0.0000;0.6929
81.0;0.8736;0.8654;-0.5435;0.0000;165;200;0.0147;-0.0217;-0.0275;0.0538;0.0196;0.0000;0.6929
81.5;0.8791;0.8713;-0.4580;0.0000;169;198;-0.0635;-0.0202;-0.0275;0.0450;0.0196;0.0000;0.6929
82.0;0.8851;0.8777;-0.5855;0.0000;167;202;0.0147;-0.0202;-0.0275;0.0577;0.0205;0.0000;0.6929
82.5;0.8910;0.8837;-0.5015;0.0000;169;200;0.0929;-0.0202;-0.0275;0.0499;0.0205;0.0000;0.6929
83.0;0.8970;0.8897;-0.6893;0.0000;165;206;-0.0538;-0.0188;-0.0275;0.0684;0.0205;0.0000;0.7008
83.5;0.9029;0.8956;-0.4924;0.0000;171;202;0.0147;-0.0188;-0.0275;0.0489;0.0215;0.0000;0.7008
84.0;0.9084;0.9016;-0.4702;0.0000;171;202;0.0929;-0.0173;-0.0275;0.0469;0.0215;0.0000;0.7008
84.5;0.9144;0.9075;-0.3359;0.0000;175;200;0.0049;-0.0173;-0.0275;0.0332;0.0215;0.0000;0.7008
85.0;0.9203;0.9135;-0.3611;0.0000;175;200;0.0831;-0.0173;-0.0290;0.0352;0.0215;0.0000;0.7008
85.5;0.9254;0.9194;-0.3588;0.0000;177;202;-0.0733;-0.0158;-0.0290;0.0352;0.0215;0.0000;0.7008
86.0;0.9313;0.9254;-0.4260;0.0000;175;204;0.0929;-0.0158;-0.0290;0.0420;0.0225;0.0000;0.7008
86.5;0.9373;0.9318;-0.4817;0.0000;175;206;0.0147;-0.0158;-0.0290;0.0479;0.0225;0.0000;0.7008
87.0;0.9432;0.9377;-0.3435;0.0000;179;204;0.0049;-0.0144;-0.0290;0.0342;0.0225;0.0000;0.7008
87.5;0.9487;0.9437;-0.5275;0.0000;175;208;0.0929;-0.0129;-0.0290;0.0518;0.0225;0.0000;0.7087
88.0;0.9533;0.9496;-0.4748;0.0000;177;208;-0.0635;-0.0100;-0.0290;0.0469;0.0225;0.0000;0.7087
88.5;0.9583;0.9556;-0.6252;0.0000;175;212;0.0147;-0.0070;-0.0290;0.0616;0.0235;0.0000;0.7087
89.0;0.9634;0.9615;-0.4847;0.0000;179;210;0.0147;-0.0041;-0.0290;0.0479;0.0235;0.0000;0.7087
89.5;0.9689;0.9675;-0.4954;0.0000;179;212;0.0929;-0.0041;-0.0290;0.0489;0.0235;0.0000;0.7087
90.0;0.9748;0.9734;-0.3198;0.0000;185;208;-0.0733;-0.0041;-0.0290;0.0313;0.0235;0.0000;0.7087
90.5;0.9803;0.9794;-0.3405;0.0000;185;210;0.0049;-0.0026;-0.0290;0.0332;0.0244;0.0000;0.7087
91.0;0.9858;0.9853;-0.4664;0.0000;181;214;0.0929;-0.0012;-0.0290;0.0459;0.0244;0.0000;0.7087
91.5;0.9913;0.9918;-0.3130;0.0000;187;210;0.0831;0.0003;-0.0290;0.0303;0.0244;0.0000;0.7087
92.0;0.9968;0.9977;-0.3290;0.0000;187;212;-0.0733;0.0018;-0.0290;0.0323;0.0244;0.0000;0.7165
92.5;1.0014;1.0037;-0.2023;0.0000;191;210;0.0049;0.0047;-0.0290;0.0196;0.0244;0.0000;0.7165
93.0;1.0073;1.0096;-0.3695;0.0000;189;216;0.0049;0.0047;-0.0290;0.0362;0.0244;0.0000;0.7165
93.5;1.0142;1.0156;-0.2611;0.0000;191;214;0.0049;0.0032;-0.0290;0.0254;0.0254;0.0000;0.7165
94.0;1.0201;1.0215;-0.3924;0.0000;189;218;-0.0733;0.0018;-0.0290;0.0391;0.0254;0.0000;0.7165
94.5;1.0261;1.0275;-0.3344;0.0000;189;216;0.0831;0.0032;-0.0290;0.0332;0.0254;0.0000;0.7165
95.0;1.0325;1.0334;-0.2878;0.0000;191;214;0.0049;0.0018;-0.0290;0.0283;0.0254;0.0000;0.7165
95.5;1.0394;1.0394;-0.1740;0.0000;193;214;0.0831;0.0003;-0.0290;0.0166;0.0254;0.0000;0.7165
96.0;1.0449;1.0453;-0.2595;0.0000;191;216;0.0831;0.0018;-0.0290;0.0254;0.0254;0.0000;0.7165
96.5;1.0508;1.0517;-0.3832;0.0000;191;220;-0.0733;0.0003;-0.0290;0.0381;0.0264;0.0000;0.7165
97.0;1.0568;1.0577;-0.2351;0.0000;193;218;0.0831;0.0018;-0.0290;0.0235;0.0264;0.0000;0.7244
97.5;1.0614;1.0636;-0.3183;0.0000;193;220;0.0831;0.0047;-0.0290;0.0313;0.0264;0.0000;0.7244
98.0;1.0664;1.0696;-0.1954;0.0000;196;218;0.0049;0.0062;-0.0290;0.0186;0.0264;0.0000;0.7244
98.5;1.0723;1.0755;-0.2847;0.0000;195;222;0.0049;0.0076;-0.0290;0.0283;0.0264;0.0000;0.7244
99.0;1.0778;1.0815;-0.2489;0.0000;196;222;0.0831;0.0076;-0.0290;0.0244;0.0264;0.0000;0.7244
99.5;1.0842;1.0875;-0.4366;0.0000;193;226;-0.0635;0.0076;-0.0290;0.0430;0.0264;0.0000;0.7244
100.0;1.0907;1.0934;-0.3634;0.0000;195;226;0.0831;0.0062;-0.0290;0.0362;0.0274;0.0000;0.7244
100.5;1.0966;1.0994;-0.3176;0.0000;196;224;0.0049;0.0062;-0.0290;0.0313;0.0274;0.0000;0.7244
101.0;1.1030;1.1058;-0.2618;0.0000;196;224;0.0831;0.0047;-0.0290;0.0254;0.0274;0.0000;0.7244
101.5;1.1090;1.1117;-0.2412;0.0000;198;224;0.0049;0.0062;-0.0290;0.0235;0.0274;0.0000;0.7323
102.0;1.1154;1.1177;-0.3405;0.0000;196;228;0.0831;0.0047;-0.0290;0.0332;0.0274;0.0000;0.7323
102.5;1.1223;1.1236;-0.2282;0.0000;198;224;0.0831;0.0018;-0.0290;0.0225;0.0274;0.0000;0.7323
103.0;1.1282;1.1296;-0.3740;0.0000;195;228;0.0049;0.0018;-0.0290;0.0371;0.0283;0.0000;0.7323
103.5;1.1342;1.1355;-0.2084;0.0000;200;226;0.0049;0.0032;-0.0290;0.0205;0.0283;0.0000;0.7323
104.0;1.1397;1.1415;-0.3458;0.0000;196;230;0.0831;0.0032;-0.0275;0.0342;0.0283;0.0000;0.7323
104.5;1.1451;1.1474;-0.4420;0.0000;195;232;0.0147;0.0047;-0.0275;0.0440;0.0283;0.0000;0.7323
105.0;1.1502;1.1534;-0.5137;0.0000;195;234;0.0147;0.0076;-0.0275;0.0508;0.0283;0.0000;0.7323
105.5;1.1552;1.1593;-0.4802;0.0000;196;234;0.0929;0.0105;-0.0275;0.0479;0.0293;0.0000;0.7323
106.0;1.1612;1.1658;-0.4191;0.0000;198;234;0.0147;0.0105;-0.0275;0.0411;0.0293;0.0000;0.7402
106.5;1.1671;1.1717;-0.5573;0.0000;196;238;0.0147;0.0105;-0.0275;0.0547;0.0293;0.0000;0.7402
107.0;1.1731;1.1777;-0.4290;0.0000;198;236;0.0929;0.0105;-0.0275;0.0420;0.0293;0.0000;0.7402
107.5;1.1790;1.1836;-0.6008;0.0000;196;239;-0.0635;0.0105;-0.0275;0.0596;0.0303;0.0000;0.7402
108.0;1.1845;1.1896;-0.4244;0.0000;200;238;0.0049;0.0120;-0.0275;0.0420;0.0303;0.0000;0.7402
108.5;1.1896;1.1955;-0.4092;0.0000;200;238;0.0831;0.0149;-0.0275;0.0401;0.0303;0.0000;0.7402
109.0;1.1951;1.2015;-0.2885;0.0000;204;236;0.0049;0.0164;-0.0275;0.0283;0.0303;0.0000;0.7402
109.5;1.2001;1.2074;-0.4107;0.0000;204;238;-0.0733;0.0179;-0.0275;0.0401;0.0303;0.0000;0.7402
110.0;1.2060;1.2134;-0.4702;0.0000;202;239;0.0147;0.0179;-0.0275;0.0469;0.0313;0.0000;0.7402
110.5;1.2120;1.2198;-0.5237;0.0000;202;243;0.0147;0.0193;-0.0275;0.0518;0.0313;0.0000;0.7402
111.0;1.2179;1.2257;-0.5634;0.0000;202;243;0.0147;0.0179;-0.0275;0.0557;0.0313;0.0000;0.7480
111.5;1.2244;1.2317;-0.4130;0.0000;206;241;0.0049;0.0179;-0.0275;0.0411;0.0313;0.0000;0.7480
112.0;1.2312;1.2376;-0.5443;0.0000;202;245;0.0929;0.0149;-0.0275;0.0538;0.0323;0.0000;0.7480
112.5;1.2363;1.2436;-0.4374;0.0000;206;241;0.0147;0.0164;-0.0275;0.0430;0.0323;0.0000;0.7480
113.0;1.2418;1.2495;-0.4885;0.0000;206;245;0.0147;0.0179;-0.0275;0.0479;0.0323;0.0000;0.7480
113.5;1.2477;1.2555;-0.2878;0.0000;210;239;-0.0733;0.0193;-0.0275;0.0283;0.0323;0.0000;0.7480
114.0;1.2532;1.2614;-0.2855;0.0000;212;241;0.0049;0.0208;-0.0275;0.0283;0.0323;0.0000;0.7480
114.5;1.2592;1.2674;-0.1229;0.0000;216;239;0.0733;0.0208;-0.0275;0.0117;0.0323;0.0000;0.7480
115.0;1.2651;1.2734;-0.0634;0.0000;218;238;-0.0049;0.0208;-0.0275;0.0059;0.0332;0.0000;0.7480
115.5;1.2706;1.2798;-0.1687;0.0000;216;239;0.0049;0.0208;-0.0261;0.0166;0.0332;0.0000;0.7559
116.0;1.2761;1.2857;-0.0176;0.0000;220;238;-0.0049;0.0223;-0.0261;0.0010;0.0332;0.0000;0.7559
116.5;1.2811;1.2917;-0.0397;0.0000;222;239;-0.0049;0.0252;-0.0261;0.0029;0.0332;0.0000;0.7559
117.0;1.2871;1.2976;0.0626;0.0000;224;238;-0.0831;0.0252;-0.0261;-0.0068;0.0332;0.0000;0.7559
117.5;1.2926;1.3036;-0.1344;0.0000;222;243;0.0733;0.0267;-0.0261;0.0127;0.0332;0.0000;0.7559
118.0;1.2990;1.3095;-0.0634;0.0000;224;241;-0.0831;0.0252;-0.0261;0.0059;0.0332;0.0000;0.7559
118.5;1.3059;1.3155;-0.2366;0.0000;220;245;0.0049;0.0237;-0.0261;0.0235;0.0332;0.0000;0.7559
119.0;1.3123;1.3214;-0.2313;0.0000;220;245;0.0049;0.0223;-0.0261;0.0225;0.0332;0.0000;0.7559
119.5;1.3187;1.3274;-0.1595;0.0000;222;243;-0.0733;0.0208;-0.0261;0.0156;0.0332;0.0000;0.7559
120.0;1.3260;1.3333;-0.1000;0.0000;224;243;-0.0831;0.0179;-0.0261;0.0098;0.0332;0.0000;0.7638
120.5;1.3329;1.3397;-0.1382;0.0000;224;243;-0.0831;0.0164;-0.0261;0.0137;0.0332;0.0000;0.7638
121.0;1.3393;1.3457;-0.2725;0.0000;222;247;-0.0733;0.0149;-0.0261;0.0264;0.0332;0.0000;0.7638
121.5;1.3452;1.3516;-0.1359;0.0000;226;243;-0.0049;0.0149;-0.0261;0.0127;0.0332;0.0000;0.7638
122.0;1.3516;1.3576;-0.2824;0.0000;222;245;-0.1515;0.0135;-0.0261;0.0274;0.0332;0.0000;0.7638
122.5;1.3585;1.3636;-0.1802;0.0000;224;243;0.0049;0.0120;-0.0261;0.0176;0.0342;0.0000;0.7638
123.0;1.3645;1.3695;-0.2290;0.0000;224;245;-0.0733;0.0120;-0.0261;0.0225;0.0342;0.0000;0.7638
123.5;1.3709;1.3755;-0.2992;0.0000;222;247;0.0049;0.0120;-0.0261;0.0293;0.0342;0.0000;0.7638
124.0;1.3764;1.3814;-0.4115;0.0000;220;251;-0.0733;0.0120;-0.0261;0.0411;0.0342;0.0000;0.7638
124.5;1.3823;1.3874;-0.3023;0.0000;224;249;-0.0733;0.0120;-0.0261;0.0293;0.0342;0.0000;0.7717
125.0;1.3878;1.3938;-0.1878;0.0000;228;245;-0.1515;0.0135;-0.0261;0.0186;0.0342;0.0000;0.7717
125.5;1.3938;1.3997;-0.2015;0.0000;228;247;0.0049;0.0135;-0.0246;0.0196;0.0342;0.0000;0.7717
126.0;1.4002;1.4057;-0.0939;0.0000;230;245;-0.0831;0.0120;-0.0246;0.0088;0.0342;0.0000;0.7717
126.5;1.4061;1.4116;-0.2275;0.0000;228;249;-0.0733;0.0135;-0.0246;0.0225;0.0352;0.0000;0.7717
127.0;1.4112;1.4176;-0.1695;0.0000;230;247;-0.0733;0.0164;-0.0246;0.0166;0.0352;0.0000;0.7717
127.5;1.4153;1.4235;-0.2725;0.0000;230;251;-0.0733;0.0193;-0.0246;0.0264;0.0352;0.0000;0.7717
128.0;1.4208;1.4295;-0.0710;0.0000;236;247;-0.0831;0.0223;-0.0246;0.0068;0.0352;0.0000;0.7717
128.5;1.4267;1.4354;-0.2160;0.0000;232;251;-0.0733;0.0223;-0.0246;0.0215;0.0352;0.0000;0.7717
129.0;1.4332;1.4414;-0.3122;0.0000;230;253;-0.0733;0.0208;-0.0246;0.0303;0.0352;0.0000;0.7717
129.5;1.4396;1.4473;-0.3641;0.0000;230;255;0.0049;0.0193;-0.0246;0.0362;0.0352;0.0000;0.7795
130.0;1.4451;1.4538;-0.3863;0.0000;230;257;-0.0733;0.0208;-0.0246;0.0381;0.0352;0.0000;0.7795
130.5;1.4505;1.4597;-0.2298;0.0000;234;255;-0.0733;0.0223;-0.0246;0.0225;0.0362;0.0000;0.7795
131.0;1.4556;1.4657;-0.2656;0.0000;234;257;0.0049;0.0237;-0.0246;0.0264;0.0362;0.0000;0.7795
131.5;1.4602;1.4716;-0.1496;0.0000;236;255;-0.0733;0.0267;-0.0246;0.0147;0.0362;0.0000;0.7795
132.0;1.4647;1.4776;-0.3076;0.0000;234;261;0.0831;0.0311;-0.0246;0.0303;0.0362;0.0000;0.7795
132.5;1.4698;1.4835;-0.1351;0.0000;239;257;-0.1613;0.0340;-0.0246;0.0127;0.0362;0.0000;0.7795
133.0;1.4753;1.4895;-0.1947;0.0000;238;261;0.0831;0.0355;-0.0246;0.0186;0.0362;0.0000;0.7795
133.5;1.4803;1.4954;-0.0733;0.0000;241;259;-0.0049;0.0369;-0.0231;0.0068;0.0362;0.0000;0.7795
134.0;1.4863;1.5014;-0.1519;0.0000;239;263;0.0049;0.0384;-0.0231;0.0147;0.0362;0.0000;0.7874
134.5;1.4913;1.5078;-0.2809;0.0000;238;267;0.0049;0.0398;-0.0231;0.0274;0.0362;0.0000;0.7874
135.0;1.4963;1.5137;-0.3321;0.0000;238;269;0.0831;0.0413;-0.0231;0.0323;0.0371;0.0000;0.7874
135.5;1.5009;1.5197;-0.3634;0.0000;238;271;0.0049;0.0457;-0.0231;0.0362;0.0371;0.0000;0.7874
136.0;1.5060;1.5256;-0.1802;0.0000;243;269;0.0831;0.0486;-0.0231;0.0176;0.0371;0.0000;0.7874
136.5;1.5105;1.5316;-0.2336;0.0000;243;271;-0.0733;0.0516;-0.0231;0.0225;0.0371;0.0000;0.7874
137.0;1.5147;1.5375;-0.1344;0.0000;247;271;-0.0049;0.0560;-0.0231;0.0127;0.0371;0.0000;0.7874
137.5;1.5188;1.5435;-0.2198;0.0000;245;275;0.0831;0.0604;-0.0217;0.0215;0.0371;0.0000;0.7874
138.0;1.5234;1.5495;-0.0992;0.0000;249;273;-0.0049;0.0648;-0.0217;0.0098;0.0371;0.0000;0.7874
138.5;1.5275;1.5554;-0.1061;0.0000;251;275;-0.0049;0.0691;-0.0217;0.0098;0.0371;0.0000;0.7953
139.0;1.5316;1.5614;0.0176;0.0000;255;273;-0.0831;0.0750;-0.0217;-0.0020;0.0371;0.0000;0.7953
139.5;1.5366;1.5678;0.0092;0.0000;257;275;-0.0049;0.0765;-0.0217;-0.0020;0.0371;0.0000;0.7953
140.0;1.5421;1.5737;-0.1733;0.0000;255;279;-0.0733;0.0779;-0.0202;0.0166;0.0371;0.0000;0.7953
140.5;1.5481;1.5797;0.0015;0.0000;261;277;-0.0049;0.0779;-0.0202;-0.0010;0.0371;0.0000;0.7953
141.0;1.5545;1.5856;-0.1137;0.0000;257;281;-0.0049;0.0779;-0.0202;0.0108;0.0371;0.0000;0.7953
141.5;1.5609;1.5916;-0.0489;0.0000;261;281;-0.0831;0.0765;-0.0202;0.0039;0.0371;0.0000;0.7953
142.0;1.5673;1.5975;-0.0947;0.0000;261;281;-0.0049;0.0750;-0.0202;0.0088;0.0371;0.0000;0.7953
142.5;1.5737;1.6035;0.0053;0.0000;263;279;0.0733;0.0735;-0.0188;-0.0010;0.0371;0.0000;0.7953
143.0;1.5801;1.6099;-0.1084;0.0000;263;284;-0.0831;0.0735;-0.0188;0.0108;0.0381;0.0000;0.8110
143.5;1.5870;1.6158;-0.1618;0.0000;265;288;0.0049;0.0706;-0.0188;0.0156;0.0381;0.0000;0.8189
144.0;1.5934;1.6227;-0.1435;0.0000;267;290;0.0049;0.0721;-0.0188;0.0137;0.0381;0.0000;0.8346
144.5;1.6012;1.6291;-0.1534;0.0000;271;296;0.0049;0.0691;-0.0188;0.0147;0.0381;0.0000;0.8425
145.0;1.6081;1.6360;-0.2092;0.0000;273;300;-0.0733;0.0677;-0.0173;0.0205;0.0381;0.0000;0.8504
145.5;1.6163;1.6429;-0.2130;0.0000;277;302;0.0049;0.0662;-0.0173;0.0205;0.0381;0.0000;0.8661
146.0;1.6245;1.6497;-0.1573;0.0000;279;304;0.0049;0.0618;-0.0173;0.0156;0.0381;0.0000;0.8740
146.5;1.6332;1.6571;-0.2847;0.0000;279;310;0.0049;0.0589;-0.0173;0.0283;0.0381;0.0000;0.8898
147.0;1.6415;1.6644;-0.1702;0.0000;284;310;0.0049;0.0574;-0.0173;0.0166;0.0381;0.0000;0.8976
147.5;1.6493;1.6722;-0.3947;0.0000;283;320;0.0831;0.0574;-0.0173;0.0391;0.0381;0.0000;0.9134
148.0;1.6575;1.6799;-0.3809;0.0000;286;324;0.0831;0.0560;-0.0158;0.0371;0.0391;0.0000;0.9213
148.5;1.6662;1.6877;-0.5878;0.0000;284;331;0.0929;0.0530;-0.0158;0.0587;0.0391;0.0000;0.9370
149.0;1.6749;1.6960;-0.4450;0.0000;290;331;0.0147;0.0516;-0.0158;0.0440;0.0391;0.0000;0.9449
149.5;1.6832;1.7038;-0.3420;0.0000;294;329;0.0049;0.0516;-0.0158;0.0332;0.0391;0.0000;0.9606
150.0;1.6914;1.7125;-0.5863;0.0000;292;339;0.0147;0.0516;-0.0158;0.0577;0.0401;0.0000;0.9685
150.5;1.7001;1.7207;-0.4687;0.0000;298;341;0.0929;0.0501;-0.0158;0.0459;0.0401;0.0000;0.9764
151.0;1.7088;1.7294;-0.7313;0.0000;296;353;-0.0538;0.0501;-0.0144;0.0723;0.0401;0.0000;0.9921
151.5;1.7175;1.7381;-0.4740;0.0000;308;351;0.0147;0.0516;-0.0144;0.0469;0.0411;0.0000;1.0000
152.0;1.7266;1.7473;-0.6824;0.0000;306;359;0.0929;0.0516;-0.0144;0.0674;0.0411;0.0000;1.0157
152.5;1.7353;1.7564;-0.4260;0.0000;314;357;0.0147;0.0516;-0.0144;0.0420;0.0411;0.0000;1.0236
153.0;1.7445;1.7656;-0.5458;0.0000;314;363;0.0929;0.0516;-0.0144;0.0538;0.0411;0.0000;1.0394
153.5;1.7546;1.7752;-0.6618;0.0000;316;369;0.0147;0.0501;-0.0144;0.0655;0.0420;0.0000;1.0472
154.0;1.7637;1.7848;-0.7107;0.0000;320;374;0.1026;0.0516;-0.0144;0.0704;0.0420;0.0000;1.0630
154.5;1.7734;1.7944;-0.7634;0.0000;322;382;0.1026;0.0530;-0.0129;0.0762;0.0420;0.0000;1.0709
155.0;1.7834;1.8045;-0.2962;0.0000;337;374;0.0831;0.0516;-0.0129;0.0293;0.0430;0.0000;1.0866
155.5;1.7935;1.8146;-0.5511;0.0000;333;382;0.0147;0.0516;-0.0129;0.0547;0.0430;0.0000;1.0945
156.0;1.8031;1.8246;-0.1969;0.0000;343;378;0.1613;0.0530;-0.0129;0.0196;0.0430;0.0000;1.1102
156.5;1.8127;1.8352;-0.5527;0.0000;339;392;0.0929;0.0545;-0.0129;0.0547;0.0430;0.0000;1.1181
157.0;1.8228;1.8457;-0.4237;0.0000;345;394;0.1711;0.0560;-0.0129;0.0420;0.0430;0.0000;1.1339
157.5;1.8333;1.8562;-0.2359;0.0000;359;396;0.0831;0.0560;-0.0129;0.0235;0.0440;0.0000;1.1417
158.0;1.8443;1.8672;-0.0641;0.0000;365;394;-0.0049;0.0560;-0.0114;0.0059;0.0440;0.0000;1.1575
158.5;1.8553;1.8782;0.0107;0.0000;370;396;-0.0049;0.0560;-0.0114;-0.0020;0.0440;0.0000;1.1654
159.0;1.8677;1.8892;-0.4885;0.0000;363;412;0.0147;0.0530;-0.0114;0.0479;0.0440;0.0000;1.1811
159.5;1.8791;1.9006;-0.4779;0.0000;367;415;0.0147;0.0516;-0.0114;0.0469;0.0440;0.0000;1.1890
160.0;1.8915;1.9121;-0.7466;0.0000;365;425;-0.0538;0.0516;-0.0114;0.0743;0.0450;0.0000;1.2047
160.5;1.9029;1.9235;-0.2305;0.0000;380;415;-0.0733;0.0516;-0.0114;0.0225;0.0450;0.0000;1.2126
161.0;1.9144;1.9354;-0.5832;0.0000;376;431;0.0929;0.0516;-0.0114;0.0577;0.0450;0.0000;1.2283
161.5;1.9267;1.9473;-0.0817;0.0000;394;421;-0.0049;0.0501;-0.0100;0.0078;0.0450;0.0000;1.2362
162.0;1.9400;1.9592;-0.6565;0.0000;382;441;-0.0635;0.0486;-0.0100;0.0655;0.0450;0.0000;1.2520
162.5;1.9515;1.9716;-0.6191;0.0000;388;445;0.0147;0.0501;-0.0100;0.0616;0.0459;0.0000;1.2598
163.0;1.9634;1.9840;-0.2710;0.0000;402;441;0.0049;0.0501;-0.0100;0.0264;0.0459;0.0000;1.2756
163.5;1.9757;1.9968;-0.0962;0.0000;410;439;-0.0049;0.0516;-0.0100;0.0088;0.0459;0.0000;1.2835
164.0;1.9886;2.0092;-0.0466;0.0000;412;439;-0.0831;0.0501;-0.0100;0.0039;0.0459;0.0000;1.2835
164.5;2.0014;2.0215;-0.5603;0.0000;402;453;0.0147;0.0486;-0.0100;0.0557;0.0459;0.0000;1.2835
165.0;2.0147;2.0339;-0.0710;0.0000;413;441;-0.0831;0.0472;-0.0085;0.0068;0.0459;0.0000;1.2913
165.5;2.0284;2.0467;-0.5321;0.0000;404;455;-0.0635;0.0442;-0.0085;0.0528;0.0459;0.0000;1.2913
166.0;2.0421;2.0591;-0.0550;0.0000;417;443;-0.0049;0.0413;-0.0085;0.0049;0.0459;0.0000;1.2913
166.5;2.0563;2.0714;-0.4763;0.0000;408;453;-0.1417;0.0369;-0.0085;0.0469;0.0469;0.0000;1.2913
167.0;2.0701;2.0842;-0.7000;0.0000;404;460;-0.0635;0.0340;-0.0085;0.0694;0.0469;0.0000;1.2913
167.5;2.0852;2.0966;-1.1275;0.0000;394;470;-0.0440;0.0281;-0.0085;0.1124;0.0479;0.0000;1.2992
168.0;2.1003;2.1090;-1.0298;0.0000;396;466;-0.0440;0.0208;-0.0085;0.1026;0.0479;0.0000;1.2992
168.5;2.1154;2.1218;-0.6679;0.0000;404;457;-0.0635;0.0149;-0.0085;0.0665;0.0489;0.0000;1.2992
169.0;2.1305;2.1342;-0.5939;0.0000;408;455;-0.0635;0.0076;-0.0085;0.0587;0.0489;0.0000;1.2992
169.5;2.1451;2.1465;-0.3962;0.0000;412;449;-0.1515;0.0032;-0.0085;0.0391;0.0489;0.0000;1.3071
170.0;2.1598;2.1589;-0.8832;0.0000;400;460;-0.0538;-0.0026;-0.0085;0.0880;0.0489;0.0000;1.3071
170.5;2.1740;2.1717;-0.5168;0.0000;410;453;-0.0635;-0.0070;-0.0085;0.0508;0.0499;0.0000;1.3071
171.0;2.1891;2.1841;-1.0061;0.0000;396;464;0.0342;-0.0144;-0.0085;0.0997;0.0499;0.0000;1.3071
171.5;2.2042;2.1964;-0.6557;0.0000;402;455;0.0147;-0.0202;-0.0085;0.0655;0.0508;0.0000;1.3071
172.0;2.2193;2.2092;-0.9267;0.0000;396;462;-0.0538;-0.0261;-0.0085;0.0919;0.0508;0.0000;1.3150
172.5;2.2331;2.2216;-1.1511;0.0000;388;468;0.0342;-0.0305;-0.0085;0.1144;0.0518;0.0000;1.3150
173.0;2.2482;2.2340;-1.4489;0.0000;380;474;0.0440;-0.0363;-0.0085;0.1447;0.0518;0.0000;1.3150
173.5;2.2624;2.2468;-1.4450;0.0000;380;476;0.0440;-0.0393;-0.0085;0.1437;0.0528;0.0000;1.3150
174.0;2.2747;2.2592;-0.8282;0.0000;396;460;-0.0538;-0.0393;-0.0085;0.0821;0.0538;0.0000;1.3228
174.5;2.2862;2.2715;-1.1542;0.0000;388;470;0.0342;-0.0378;-0.0085;0.1153;0.0538;0.0000;1.3228
175.0;2.2981;2.2839;-0.7458;0.0000;400;460;0.0244;-0.0363;-0.0100;0.0743;0.0547;0.0000;1.3228
175.5;2.3109;2.2967;-1.0527;0.0000;394;470;-0.0440;-0.0363;-0.0100;0.1046;0.0547;0.0000;1.3228
176.0;2.3246;2.3091;-0.6145;0.0000;404;460;0.0929;-0.0393;-0.0100;0.0606;0.0547;0.0000;1.3228
176.5;2.3375;2.3214;-0.5580;0.0000;406;458;0.0147;-0.0407;-0.0100;0.0557;0.0557;0.0000;1.3307
177.0;2.3489;2.3342;-0.2076;0.0000;415;453;0.0049;-0.0378;-0.0100;0.0205;0.0557;0.0000;1.3307
177.5;2.3594;2.3466;-0.2344;0.0000;417;455;0.0049;-0.0334;-0.0100;0.0225;0.0557;0.0000;1.3307
178.0;2.3704;2.3590;-0.4160;0.0000;413;460;-0.0733;-0.0290;-0.0100;0.0411;0.0557;0.0000;1.3307
178.5;2.3819;2.3718;-0.5328;0.0000;413;464;-0.0635;-0.0261;-0.0100;0.0528;0.0557;0.0000;1.3386
179.0;2.3933;2.3842;-0.5489;0.0000;413;468;0.0929;-0.0246;-0.0100;0.0547;0.0567;0.0000;1.3386
179.5;2.4052;2.3965;0.0153;0.0000;427;455;0.0733;-0.0231;-0.0100;-0.0020;0.0567;0.0000;1.3386
180.0;2.4167;2.4089;-0.4168;0.0000;419;468;0.0831;-0.0202;-0.0100;0.0411;0.0567;0.0000;1.3386
180.5;2.4290;2.4217;0.0870;0.0000;435;458;-0.0049;-0.0188;-0.0100;-0.0088;0.0567;0.0000;1.3465
181.0;2.4414;2.4341;-0.4649;0.0000;421;474;0.0929;-0.0188;-0.0100;0.0459;0.0567;0.0000;1.3465
181.5;2.4533;2.4464;-0.2115;0.0000;427;468;0.0831;-0.0173;-0.0114;0.0205;0.0567;0.0000;1.3465
182.0;2.4657;2.4592;0.0580;0.0000;435;464;0.1515;-0.0173;-0.0114;-0.0059;0.0567;0.0000;1.3465
182.5;2.4789;2.4716;0.4015;0.0000;445;457;0.0635;-0.0188;-0.0114;-0.0411;0.0567;0.0000;1.3465
183.0;2.4918;2.4840;0.3550;0.0000;445;458;-0.0929;-0.0202;-0.0114;-0.0362;0.0567;0.0000;1.3543
183.5;2.5041;2.4968;0.0298;0.0000;439;468;-0.0049;-0.0202;-0.0114;-0.0039;0.0567;0.0000;1.3543
184.0;2.5169;2.5092;0.3382;0.0000;447;462;0.0635;-0.0202;-0.0114;-0.0342;0.0567;0.0000;1.3543
184.5;2.5298;2.5215;-0.0817;0.0000;439;474;0.0733;-0.0217;-0.0114;0.0078;0.0567;0.0000;1.3543
185.0;2.5430;2.5339;0.2061;0.0000;445;466;0.0635;-0.0231;-0.0114;-0.0215;0.0557;0.0000;1.3622
185.5;2.5559;2.5467;-0.2756;0.0000;431;480;0.0831;-0.0231;-0.0114;0.0274;0.0567;0.0000;1.3622
186.0;2.5696;2.5591;-0.0107;0.0000;441;476;0.1515;-0.0275;-0.0114;0.0010;0.0567;0.0000;1.3622
186.5;2.5829;2.5714;-0.5130;0.0000;427;490;0.0929;-0.0290;-0.0114;0.0508;0.0567;0.0000;1.3622
187.0;2.5957;2.5842;-0.3458;0.0000;435;488;0.0831;-0.0290;-0.0114;0.0342;0.0567;0.0000;1.3622
187.5;2.6085;2.5966;-0.2573;0.0000;437;486;0.0831;-0.0305;-0.0114;0.0254;0.0567;0.0000;1.3701
188.0;2.6223;2.6090;-0.1366;0.0000;441;484;0.0733;-0.0334;-0.0114;0.0127;0.0567;0.0000;1.3701
188.5;2.6355;2.6218;-0.1313;0.0000;441;484;0.0733;-0.0349;-0.0114;0.0127;0.0567;0.0000;1.3701
189.0;2.6484;2.6342;-0.6397;0.0000;427;498;0.1711;-0.0363;-0.0129;0.0635;0.0577;0.0000;1.3701
189.5;2.6612;2.6465;-0.2733;0.0000;437;490;0.1613;-0.0363;-0.0129;0.0264;0.0577;0.0000;1.3780
190.0;2.6726;2.6589;-0.5870;0.0000;429;500;0.0147;-0.0349;-0.0129;0.0577;0.0577;0.0000;1.3780
190.5;2.6827;2.6717;-0.1985;0.0000;443;492;0.0831;-0.0290;-0.0129;0.0196;0.0577;0.0000;1.3780
191.0;2.6937;2.6841;-0.4061;0.0000;441;498;0.0049;-0.0246;-0.0129;0.0401;0.0577;0.0000;1.3780
191.5;2.7047;2.6964;-0.4947;0.0000;441;503;0.0929;-0.0202;-0.0129;0.0489;0.0587;0.0000;1.3780
192.0;2.7166;2.7092;-0.7947;0.0000;433;511;0.0244;-0.0188;-0.0129;0.0792;0.0587;0.0000;1.3858
192.5;2.7285;2.7216;-0.7611;0.0000;435;511;0.1026;-0.0188;-0.0129;0.0753;0.0587;0.0000;1.3858
193.0;2.7404;2.7340;-0.3832;0.0000;447;503;0.0831;-0.0158;-0.0129;0.0381;0.0596;0.0000;1.3858
193.5;2.7523;2.7468;-0.7130;0.0000;441;515;0.1026;-0.0144;-0.0129;0.0704;0.0596;0.0000;1.3858
194.0;2.7628;2.7592;-0.4885;0.0000;449;511;-0.0635;-0.0100;-0.0129;0.0479;0.0596;0.0000;1.3937
194.5;2.7738;2.7715;-0.7420;0.0000;447;519;-0.0538;-0.0056;-0.0129;0.0733;0.0606;0.0000;1.3937
195.0;2.7857;2.7839;-0.3061;0.0000;458;511;0.0831;-0.0041;-0.0129;0.0303;0.0606;0.0000;1.3937
195.5;2.7967;2.7967;-0.5985;0.0000;451;519;0.0147;-0.0012;-0.0129;0.0596;0.0606;0.0000;1.3937
196.0;2.8077;2.8091;-0.1748;0.0000;464;509;-0.0733;0.0032;-0.0129;0.0166;0.0606;0.0000;1.3937
196.5;2.8191;2.8214;-0.2580;0.0000;464;513;-0.1515;0.0047;-0.0129;0.0254;0.0606;0.0000;1.4016
197.0;2.8310;2.8342;-0.3817;0.0000;464;517;-0.0733;0.0062;-0.0129;0.0371;0.0616;0.0000;1.4016
197.5;2.8434;2.8466;-0.6015;0.0000;462;527;-0.0635;0.0076;-0.0129;0.0596;0.0616;0.0000;1.4016
198.0;2.8553;2.8590;-0.4771;0.0000;468;525;-0.1417;0.0091;-0.0129;0.0469;0.0616;0.0000;1.4016
198.5;2.8672;2.8718;-0.1015;0.0000;480;515;-0.0831;0.0105;-0.0129;0.0098;0.0616;0.0000;1.4094
199.0;2.8791;2.8842;-0.3962;0.0000;472;523;-0.0733;0.0120;-0.0129;0.0391;0.0616;0.0000;1.4094
199.5;2.8924;2.8965;-0.1069;0.0000;482;515;-0.1613;0.0091;-0.0129;0.0098;0.0616;0.0000;1.4094
200.0;2.9061;2.9089;-0.4168;0.0000;474;527;0.0147;0.0062;-0.0129;0.0411;0.0626;0.0000;1.4094
200.5;2.9199;2.9217;-0.1290;0.0000;486;521;-0.0049;0.0032;-0.0129;0.0127;0.0626;0.0000;1.4094
201.0;2.9332;2.9341;-0.1023;0.0000;484;519;-0.0831;0.0018;-0.0129;0.0098;0.0626;0.0000;1.4016
201.5;2.9460;2.9460;0.2802;0.0000;490;507;-0.0147;0.0003;-0.0129;-0.0283;0.0626;0.0000;1.3937
202.0;2.9597;2.9583;0.0366;0.0000;482;509;-0.0049;-0.0056;-0.0129;-0.0039;0.0626;0.0000;1.3858
202.5;2.9739;2.9702;-0.2740;0.0000;468;513;0.0049;-0.0114;-0.0129;0.0274;0.0626;0.0000;1.3780
203.0;2.9872;2.9817;-0.5084;0.0000;458;515;0.0929;-0.0144;-0.0129;0.0499;0.0626;0.0000;1.3701
203.5;3.0005;2.9931;-0.7305;0.0000;451;519;0.0244;-0.0188;-0.0129;0.0723;0.0626;0.0000;1.3622
204.0;3.0133;3.0046;-0.3870;0.0000;457;509;0.0831;-0.0217;-0.0129;0.0381;0.0635;0.0000;1.3543
204.5;3.0247;3.0160;-0.7748;0.0000;443;515;0.0244;-0.0231;-0.0129;0.0772;0.0635;0.0000;1.3465
205.0;3.0353;3.0270;-0.4328;0.0000;449;503;0.0147;-0.0217;-0.0129;0.0430;0.0635;0.0000;1.3386
205.5;3.0453;3.0380;-0.7695;0.0000;439;509;-0.1320;-0.0188;-0.0129;0.0762;0.0645;0.0000;1.3228
206.0;3.0545;3.0490;-0.4382;0.0000;447;500;-0.0635;-0.0158;-0.0129;0.0430;0.0645;0.0000;1.3150
206.5;3.0632;3.0595;-0.3420;0.0000;447;496;0.0049;-0.0100;-0.0129;0.0332;0.0645;0.0000;1.3071
207.0;3.0723;3.0701;-0.0237;0.0000;455;488;0.0733;-0.0070;-0.0129;0.0020;0.0645;0.0000;1.2992
207.5;3.0810;3.0801;0.0298;0.0000;455;486;0.0733;-0.0026;-0.0129;-0.0039;0.0645;0.0000;1.2913
208.0;3.0893;3.0902;-0.3000;0.0000;445;494;0.0831;0.0018;-0.0129;0.0293;0.0645;0.0000;1.2835
208.5;3.0975;3.1003;0.0817;0.0000;453;484;0.1515;0.0062;-0.0129;-0.0088;0.0645;0.0000;1.2756
209.0;3.1062;3.1103;-0.1527;0.0000;445;488;0.0831;0.0091;-0.0129;0.0147;0.0645;0.0000;1.2677
209.5;3.1149;3.1200;0.1870;0.0000;451;476;0.0635;0.0120;-0.0129;-0.0196;0.0645;0.0000;1.2520
210.0;3.1236;3.1296;-0.1015;0.0000;443;482;-0.0049;0.0135;-0.0129;0.0098;0.0645;0.0000;1.2441
210.5;3.1328;3.1387;-0.0595;0.0000;443;482;0.0733;0.0149;-0.0129;0.0059;0.0645;0.0000;1.2362
211.0;3.1415;3.1479;-0.4069;0.0000;431;488;0.0831;0.0149;-0.0129;0.0401;0.0645;0.0000;1.2283
211.5;3.1502;3.1571;-0.2702;0.0000;433;482;0.0049;0.0164;-0.0129;0.0264;0.0645;0.0000;1.2205
212.0;3.1584;3.1658;-0.0580;0.0000;437;474;0.0733;0.0179;-0.0129;0.0049;0.0645;0.0000;1.2126
212.5;3.1671;3.1749;0.1023;0.0000;441;470;0.0733;0.0179;-0.0129;-0.0108;0.0645;0.0000;1.2047
213.0;3.1767;3.1832;0.1336;0.0000;439;466;-0.0049;0.0164;-0.0129;-0.0137;0.0645;0.0000;1.1890
213.5;3.1864;3.1918;-0.1802;0.0000;425;470;0.0831;0.0135;-0.0129;0.0176;0.0645;0.0000;1.1811
214.0;3.1951;3.2001;0.1374;0.0000;431;460;-0.0147;0.0120;-0.0129;-0.0147;0.0645;0.0000;1.1732
214.5;3.2033;3.2083;-0.1420;0.0000;421;464;0.1613;0.0120;-0.0129;0.0137;0.0645;0.0000;1.1654
215.0;3.2102;3.2161;0.1878;0.0000;427;457;-0.0147;0.0149;-0.0129;-0.0196;0.0645;0.0000;1.1575
215.5;3.2170;3.2239;0.0145;0.0000;421;458;0.0733;0.0164;-0.0129;-0.0020;0.0645;0.0000;1.1496
216.0;3.2239;3.2317;-0.1740;0.0000;415;462;0.0831;0.0193;-0.0129;0.0166;0.0645;0.0000;1.1339
216.5;3.2308;3.2390;-0.4198;0.0000;408;466;0.0929;0.0208;-0.0129;0.0411;0.0655;0.0000;1.1260
217.0;3.2376;3.2463;-0.3275;0.0000;408;462;0.0049;0.0208;-0.0129;0.0323;0.0655;0.0000;1.1181
217.5;3.2436;3.2537;-0.0649;0.0000;412;453;-0.0831;0.0237;-0.0129;0.0059;0.0655;0.0000;1.1102
218.0;3.2495;3.2605;-0.3573;0.0000;404;458;0.0049;0.0267;-0.0114;0.0352;0.0655;0.0000;1.1024
218.5;3.2564;3.2674;-0.1557;0.0000;406;451;0.0831;0.0267;-0.0114;0.0147;0.0655;0.0000;1.0945
219.0;3.2628;3.2743;-0.4878;0.0000;396;457;0.0929;0.0281;-0.0114;0.0479;0.0655;0.0000;1.0787
219.5;3.2692;3.2807;-0.2420;0.0000;400;449;0.0049;0.0281;-0.0114;0.0235;0.0655;0.0000;1.0709
220.0;3.2752;3.2871;-0.2160;0.0000;400;445;0.0049;0.0296;-0.0114;0.0215;0.0665;0.0000;1.0630
220.5;3.2811;3.2935;0.0145;0.0000;404;439;-0.0049;0.0311;-0.0114;-0.0020;0.0665;0.0000;1.0551
221.0;3.2862;3.2995;-0.1290;0.0000;398;439;-0.0831;0.0325;-0.0114;0.0127;0.0665;0.0000;1.0472
221.5;3.2921;3.3054;-0.2634;0.0000;394;439;-0.1515;0.0325;-0.0114;0.0254;0.0665;0.0000;1.0315
222.0;3.2995;3.3114;-0.4344;0.0000;386;441;-0.0635;0.0296;-0.0114;0.0430;0.0665;0.0000;1.0236
222.5;3.3072;3.3168;-0.4695;0.0000;384;437;-0.1417;0.0237;-0.0114;0.0469;0.0665;0.0000;1.0157
223.0;3.3146;3.3223;-0.2031;0.0000;388;427;-0.2297;0.0193;-0.0114;0.0196;0.0665;0.0000;1.0079
223.5;3.3205;3.3278;-0.3908;0.0000;380;427;-0.1515;0.0164;-0.0114;0.0381;0.0674;0.0000;0.9921
224.0;3.3269;3.3329;-0.2107;0.0000;382;419;-0.1515;0.0135;-0.0114;0.0205;0.0674;0.0000;0.9843
224.5;3.3324;3.3379;-0.4122;0.0000;374;421;-0.1417;0.0120;-0.0114;0.0411;0.0674;0.0000;0.9764
225.0;3.3388;3.3425;-0.1618;0.0000;378;412;-0.2297;0.0091;-0.0114;0.0156;0.0674;0.0000;0.9685
225.5;3.3448;3.3475;-0.1725;0.0000;374;408;-0.0733;0.0062;-0.0114;0.0166;0.0674;0.0000;0.9606
226.0;3.3494;3.3521;0.0878;0.0000;378;398;-0.0831;0.0047;-0.0114;-0.0098;0.0674;0.0000;0.9449
226.5;3.3535;3.3562;0.0985;0.0000;374;396;-0.0049;0.0062;-0.0100;-0.0108;0.0674;0.0000;0.9370
227.0;3.3562;3.3603;-0.0832;0.0000;369;398;-0.0831;0.0105;-0.0100;0.0078;0.0674;0.0000;0.9291
227.5;3.3590;3.3645;0.1779;0.0000;374;392;-0.0929;0.0135;-0.0100;-0.0186;0.0674;0.0000;0.9213
228.0;3.3608;3.3686;0.1481;0.0000;370;390;-0.0147;0.0179;-0.0100;-0.0156;0.0674;0.0000;0.9055
228.5;3.3626;3.3723;0.2954;0.0000;372;384;-0.0929;0.0223;-0.0100;-0.0303;0.0674;0.0000;0.8976
229.0;3.3645;3.3759;0.0092;0.0000;365;388;-0.1613;0.0281;-0.0100;-0.0010;0.0674;0.0000;0.8898
229.5;3.3649;3.3791;0.2160;0.0000;367;382;-0.0929;0.0340;-0.0100;-0.0225;0.0674;0.0000;0.8819
230.0;3.3668;3.3823;0.0023;0.0000;361;386;-0.0049;0.0398;-0.0100;-0.0010;0.0674;0.0000;0.8661
230.5;3.3690;3.3855;0.0779;0.0000;361;384;-0.0049;0.0413;-0.0100;-0.0088;0.0674;0.0000;0.8583
231.0;3.3723;3.3887;0.0977;0.0000;359;382;0.0733;0.0398;-0.0100;-0.0108;0.0665;0.0000;0.8504
231.5;3.3755;3.3915;0.2466;0.0000;359;376;0.1417;0.0398;-0.0100;-0.0254;0.0665;0.0000;0.8425
232.0;3.3782;3.3942;0.1099;0.0000;355;378;0.0733;0.0384;-0.0100;-0.0117;0.0665;0.0000;0.8268
232.5;3.3810;3.3965;-0.0099;0.0000;347;378;-0.0049;0.0384;-0.0085;0.0010;0.0665;0.0000;0.8189
233.0;3.3828;3.3988;0.1718;0.0000;349;372;0.0635;0.0398;-0.0085;-0.0176;0.0665;0.0000;0.8110
233.5;3.3855;3.4011;-0.0298;0.0000;339;374;-0.0049;0.0384;-0.0085;0.0029;0.0665;0.0000;0.8031
234.0;3.3883;3.4029;0.1725;0.0000;343;367;-0.0147;0.0369;-0.0085;-0.0176;0.0665;0.0000;0.7874
234.5;3.3906;3.4052;0.0153;0.0000;335;369;0.1515;0.0355;-0.0085;-0.0020;0.0665;0.0000;0.7795
235.0;3.3933;3.4066;-0.0649;0.0000;331;369;0.1515;0.0325;-0.0085;0.0059;0.0665;0.0000;0.7717
235.5;3.3965;3.4084;-0.2763;0.0000;324;370;0.0831;0.0281;-0.0085;0.0274;0.0665;0.0000;0.7559
236.0;3.3993;3.4098;-0.1954;0.0000;322;367;0.0831;0.0252;-0.0085;0.0186;0.0665;0.0000;0.7480
236.5;3.4020;3.4112;-0.0771;0.0000;322;361;0.0733;0.0208;-0.0085;0.0068;0.0665;0.0000;0.7402
237.0;3.4048;3.4121;-0.2321;0.0000;312;359;0.0831;0.0179;-0.0085;0.0225;0.0674;0.0000;0.7323
237.5;3.4071;3.4130;-0.1191;0.0000;312;355;0.0733;0.0135;-0.0085;0.0117;0.0674;0.0000;0.7165
238.0;3.4084;3.4139;-0.3099;0.0000;302;355;0.0831;0.0120;-0.0085;0.0303;0.0674;0.0000;0.7087
238.5;3.4080;3.4144;-0.0649;0.0000;306;345;0.0733;0.0149;-0.0085;0.0059;0.0674;0.0000;0.7008
239.0;3.4071;3.4148;-0.0931;0.0000;304;347;0.0733;0.0193;-0.0085;0.0088;0.0674;0.0000;0.6850
239.5;3.4061;3.4153;0.1137;0.0000;308;339;-0.0831;0.0223;-0.0070;-0.0117;0.0674;0.0000;0.6772
240.0;3.4052;3.4153;-0.1122;0.0000;300;341;-0.0049;0.0252;-0.0070;0.0108;0.0674;0.0000;0.6693
240.5;3.4043;3.4153;-0.0374;0.0000;298;337;0.1515;0.0267;-0.0070;0.0029;0.0674;0.0000;0.6614
241.0;3.4025;3.4153;-0.1145;0.0000;294;337;0.0733;0.0311;-0.0070;0.0108;0.0674;0.0000;0.6535
241.5;3.4006;3.4148;0.0260;0.0000;296;331;0.0733;0.0340;-0.0070;-0.0029;0.0674;0.0000;0.6457
242.0;3.3979;3.4144;0.2038;0.0000;300;327;-0.0147;0.0398;-0.0070;-0.0205;0.0674;0.0000;0.6378
242.5;3.3951;3.4139;0.0573;0.0000;296;329;-0.0049;0.0457;-0.0070;-0.0059;0.0674;0.0000;0.6299
243.0;3.3933;3.4130;0.1634;0.0000;298;326;-0.0147;0.0486;-0.0070;-0.0166;0.0674;0.0000;0.6220
243.5;3.3919;3.4121;0.1099;0.0000;296;326;-0.0831;0.0501;-0.0070;-0.0117;0.0674;0.0000;0.6142
244.0;3.3906;3.4112;0.3542;0.0000;300;318;-0.0147;0.0501;-0.0056;-0.0362;0.0665;0.0000;0.5984
244.5;3.3897;3.4098;0.3275;0.0000;298;314;-0.1711;0.0486;-0.0056;-0.0332;0.0665;0.0000;0.5906
245.0;3.3887;3.4084;0.5282;0.0000;300;308;-0.1808;0.0486;-0.0056;-0.0538;0.0665;0.0000;0.5827
245.5;3.3878;3.4066;0.4595;0.0000;296;306;-0.1808;0.0472;-0.0056;-0.0469;0.0665;0.0000;0.5748
246.0;3.3864;3.4052;0.3160;0.0000;292;308;-0.0147;0.0457;-0.0056;-0.0323;0.0665;0.0000;0.5669
246.5;3.3860;3.4029;0.2389;0.0000;290;306;-0.0929;0.0413;-0.0056;-0.0244;0.0655;0.0000;0.5591
247.0;3.3855;3.4011;0.2901;0.0000;288;302;-0.1711;0.0384;-0.0056;-0.0293;0.0655;0.0000;0.5512
247.5;3.3842;3.3988;0.5031;0.0000;290;294;-0.1026;0.0369;-0.0056;-0.0508;0.0655;0.0000;0.5433
248.0;3.3828;3.3965;0.3916;0.0000;284;292;-0.0929;0.0340;-0.0056;-0.0401;0.0655;0.0000;0.5354
248.5;3.3814;3.3942;0.5916;0.0000;286;284;-0.1026;0.0311;-0.0041;-0.0596;0.0655;0.0000;0.5276
249.0;3.3791;3.3915;0.4473;0.0000;281;286;-0.1808;0.0296;-0.0041;-0.0450;0.0645;0.0000;0.5197
249.5;3.3773;3.3887;0.5962;0.0000;283;281;-0.1026;0.0281;-0.0041;-0.0606;0.0645;0.0000;0.5118
250.0;3.3736;3.3855;0.7000;0.0000;283;277;0.0440;0.0281;-0.0041;-0.0704;0.0645;0.0000;0.5039
250.5;3.3700;3.3823;0.8137;0.0000;283;271;-0.0342;0.0311;-0.0041;-0.0821;0.0635;0.0000;0.4961
251.0;3.3668;3.3791;0.7588;0.0000;281;271;-0.1124;0.0296;-0.0041;-0.0762;0.0635;0.0000;0.4882
251.5;3.3640;3.3759;0.6557;0.0000;275;271;-0.0244;0.0296;-0.0041;-0.0665;0.0635;0.0000;0.4803
252.0;3.3599;3.3723;0.7756;0.0000;275;265;-0.0342;0.0296;-0.0041;-0.0782;0.0626;0.0000;0.4724
252.5;3.3567;3.3686;0.5832;0.0000;267;267;0.0538;0.0281;-0.0041;-0.0587;0.0626;0.0000;0.4646
253.0;3.3526;3.3645;0.7145;0.0000;269;263;-0.1026;0.0296;-0.0041;-0.0723;0.0616;0.0000;0.4567
253.5;3.3494;3.3603;0.4679;0.0000;261;265;-0.0244;0.0281;-0.0041;-0.0469;0.0616;0.0000;0.4488
254.0;3.3457;3.3562;0.3908;0.0000;255;267;-0.0147;0.0252;-0.0041;-0.0391;0.0616;0.0000;0.4409
254.5;3.3420;3.3521;0.2000;0.0000;247;269;0.0635;0.0237;-0.0041;-0.0205;0.0616;0.0000;0.4331
255.0;3.3379;3.3475;0.2260;0.0000;247;267;0.1417;0.0223;-0.0026;-0.0235;0.0616;0.0000;0.4252
255.5;3.3342;3.3425;0.3206;0.0000;243;261;0.0635;0.0208;-0.0026;-0.0323;0.0616;0.0000;0.4094
256.0;3.3297;3.3379;0.4473;0.0000;245;253;0.0538;0.0193;-0.0026;-0.0450;0.0606;0.0000;0.4016
256.5;3.3255;3.3329;0.5290;0.0000;243;249;0.1320;0.0179;-0.0026;-0.0538;0.0606;0.0000;0.3937
257.0;3.3210;3.3278;0.3305;0.0000;236;253;0.1417;0.0164;-0.0026;-0.0332;0.0606;0.0000;0.3858
257.5;3.3178;3.3223;0.4664;0.0000;238;247;0.0538;0.0120;-0.0026;-0.0469;0.0606;0.0000;0.3780
258.0;3.3146;3.3168;0.3191;0.0000;230;247;0.1417;0.0047;-0.0026;-0.0323;0.0606;0.0000;0.3701
258.5;3.3114;3.3114;0.4458;0.0000;230;241;0.1320;-0.0012;-0.0026;-0.0450;0.0596;0.0000;0.3622
259.0;3.3086;3.3054;0.4641;0.0000;226;238;0.1320;-0.0085;-0.0026;-0.0469;0.0596;0.0000;0.3543
259.5;3.3054;3.2995;0.5038;0.0000;222;234;0.1320;-0.0158;-0.0026;-0.0508;0.0596;0.0000;0.3465
260.0;3.3027;3.2935;0.4489;0.0000;218;230;0.1320;-0.0231;-0.0026;-0.0450;0.0596;0.0000;0.3386
260.5;3.2976;3.2871;0.5336;0.0000;214;226;0.0538;-0.0261;-0.0026;-0.0538;0.0587;0.0000;0.3307
261.0;3.2917;3.2807;0.6878;0.0000;214;218;0.0538;-0.0290;-0.0026;-0.0694;0.0587;0.0000;0.3150
261.5;3.2857;3.2743;0.4916;0.0000;206;220;0.0538;-0.0305;-0.0041;-0.0499;0.0587;0.0000;0.3071
262.0;3.2793;3.2674;0.5733;0.0000;206;214;0.0538;-0.0305;-0.0041;-0.0577;0.0577;0.0000;0.2992
262.5;3.2720;3.2605;0.4557;0.0000;202;214;-0.0244;-0.0290;-0.0041;-0.0459;0.0577;0.0000;0.2913
263.0;3.2647;3.2537;0.4099;0.0000;198;212;0.0635;-0.0290;-0.0041;-0.0411;0.0577;0.0000;0.2835
263.5;3.2578;3.2463;0.1969;0.0000;193;214;0.0635;-0.0290;-0.0041;-0.0205;0.0577;0.0000;0.2756
264.0;3.2509;3.2390;0.3130;0.0000;193;208;0.0635;-0.0305;-0.0041;-0.0323;0.0577;0.0000;0.2677
264.5;3.2440;3.2317;0.3573;0.0000;191;204;0.0635;-0.0319;-0.0041;-0.0362;0.0577;0.0000;0.2598
265.0;3.2367;3.2239;0.3145;0.0000;187;202;0.0635;-0.0334;-0.0041;-0.0323;0.0567;0.0000;0.2441
265.5;3.2271;3.2161;0.4786;0.0000;189;196;-0.0244;-0.0290;-0.0041;-0.0489;0.0567;0.0000;0.2362
266.0;3.2179;3.2083;0.4382;0.0000;185;196;-0.0244;-0.0261;-0.0041;-0.0440;0.0567;0.0000;0.2283
266.5;3.2102;3.2001;0.6046;0.0000;187;191;-0.0244;-0.0261;-0.0041;-0.0606;0.0567;0.0000;0.2205
267.0;3.2019;3.1918;0.6191;0.0000;187;187;-0.1808;-0.0261;-0.0041;-0.0626;0.0557;0.0000;0.2126
267.5;3.1951;3.1832;0.7962;0.0000;187;179;-0.1124;-0.0305;-0.0041;-0.0802;0.0557;0.0000;0.2047
268.0;3.1877;3.1749;0.6763;0.0000;183;179;-0.1026;-0.0334;-0.0056;-0.0684;0.0557;0.0000;0.1969
268.5;3.1804;3.1658;0.6786;0.0000;179;175;-0.1026;-0.0363;-0.0056;-0.0684;0.0547;0.0000;0.1811
269.0;3.1735;3.1571;0.8183;0.0000;181;167;-0.1906;-0.0422;-0.0056;-0.0821;0.0547;0.0000;0.1732
269.5;3.1676;3.1479;0.7916;0.0000;177;163;-0.1906;-0.0495;-0.0056;-0.0802;0.0538;0.0000;0.1654
270.0;3.1612;3.1387;0.9618;0.0000;177;155;-0.1124;-0.0568;-0.0056;-0.0968;0.0538;0.0000;0.1575
270.5;3.1543;3.1296;0.8115;0.0000;169;153;-0.1124;-0.0627;-0.0056;-0.0821;0.0538;0.0000;0.1496
271.0;3.1479;3.1200;0.9176;0.0000;169;148;-0.1124;-0.0700;-0.0056;-0.0919;0.0528;0.0000;0.1417
271.5;3.1392;3.1103;0.8397;0.0000;163;146;-0.1124;-0.0744;-0.0070;-0.0841;0.0528;0.0000;0.1339
272.0;3.1305;3.1003;0.9618;0.0000;163;140;-0.1124;-0.0759;-0.0070;-0.0968;0.0518;0.0000;0.1181
272.5;3.1209;3.0902;0.8634;0.0000;157;138;-0.1124;-0.0759;-0.0070;-0.0870;0.0518;0.0000;0.1102
273.0;3.1099;3.0801;0.9107;0.0000;155;134;-0.0342;-0.0744;-0.0070;-0.0919;0.0508;0.0000;0.1024
273.5;3.0989;3.0701;0.8374;0.0000;152;134;-0.0342;-0.0730;-0.0070;-0.0841;0.0508;0.0000;0.0945
274.0;3.0875;3.0595;0.6832;0.0000;146;134;-0.0244;-0.0700;-0.0085;-0.0684;0.0499;0.0000;0.0866
274.5;3.0746;3.0490;0.8076;0.0000;148;130;-0.0342;-0.0656;-0.0085;-0.0811;0.0499;0.0000;0.0709
275.0;3.0627;3.0380;0.7435;0.0000;144;130;0.0440;-0.0627;-0.0085;-0.0753;0.0499;0.0000;0.0630
275.5;3.0508;3.0270;0.7588;0.0000;140;126;-0.0342;-0.0598;-0.0085;-0.0762;0.0489;0.0000;0.0551
276.0;3.0385;3.0160;0.5702;0.0000;134;128;0.0538;-0.0568;-0.0085;-0.0577;0.0489;0.0000;0.0472
276.5;3.0266;3.0046;0.4267;0.0000;128;132;0.0635;-0.0554;-0.0085;-0.0430;0.0489;0.0000;0.0394
277.0;3.0147;2.9931;0.2405;0.0000;120;132;0.0635;-0.0539;-0.0100;-0.0244;0.0489;0.0000;0.0315
277.5;3.0027;2.9817;0.1198;0.0000;116;134;0.1515;-0.0539;-0.0100;-0.0127;0.0489;0.0000;0.0157
278.0;2.9899;2.9702;0.1282;0.0000;112;132;0.1515;-0.0510;-0.0100;-0.0137;0.0479;0.0000;0.0079
278.5;2.9766;2.9583;0.0863;0.0000;110;132;-0.0049;-0.0466;-0.0100;-0.0088;0.0479;0.0000;-0.0000
279.0;2.9629;2.9460;0.1931;0.0000;110;126;0.0635;-0.0422;-0.0100;-0.0196;0.0479;0.0000;-0.0079
279.5;2.9492;2.9341;0.2802;0.0000;110;122;-0.0147;-0.0393;-0.0100;-0.0283;0.0479;0.0000;-0.0157
280.0;2.9364;2.9217;0.3176;0.0000;109;118;-0.0147;-0.0378;-0.0100;-0.0323;0.0479;0.0000;-0.0315
280.5;2.9226;2.9089;0.3595;0.0000;107;114;-0.0147;-0.0349;-0.0100;-0.0362;0.0479;0.0000;-0.0394
281.0;2.9093;2.8965;0.4595;0.0000;109;110;-0.0244;-0.0319;-0.0100;-0.0469;0.0479;0.0000;-0.0472
281.5;2.8956;2.8837;0.5359;0.0000;107;107;-0.1026;-0.0305;-0.0114;-0.0538;0.0469;0.0000;-0.0551
282.0;2.8814;2.8709;0.6252;0.0000;107;103;-0.1026;-0.0275;-0.0114;-0.0626;0.0469;0.0000;-0.0709
282.5;2.8658;2.8576;0.7763;0.0000;109;97;-0.0342;-0.0217;-0.0114;-0.0782;0.0469;0.0000;-0.0787
283.0;2.8507;2.8443;0.8198;0.0000;109;95;-0.0342;-0.0173;-0.0114;-0.0821;0.0459;0.0000;-0.0866
283.5;2.8365;2.8306;0.9947;0.0000;110;89;-0.1222;-0.0158;-0.0114;-0.0997;0.0459;0.0000;-0.0945
284.0;2.8223;2.8173;1.0870;0.0000;110;83;0.0342;-0.0144;-0.0114;-0.1095;0.0450;0.0000;-0.1102
284.5;2.8086;2.8036;1.2076;0.0000;110;77;-0.0440;-0.0129;-0.0114;-0.1212;0.0450;0.0000;-0.1181
285.0;2.7949;2.7894;1.0595;0.0000;105;79;-0.0440;-0.0144;-0.0114;-0.1065;0.0440;0.0000;-0.1260
285.5;2.7811;2.7756;0.8634;0.0000;97;81;-0.0342;-0.0144;-0.0114;-0.0870;0.0440;0.0000;-0.1339
286.0;2.7665;2.7614;0.6679;0.0000;91;83;0.2102;-0.0144;-0.0114;-0.0674;0.0430;0.0000;-0.1417
286.5;2.7523;2.7468;0.3710;0.0000;79;87;-0.0147;-0.0144;-0.0114;-0.0371;0.0430;0.0000;-0.1575
287.0;2.7372;2.7321;0.2122;0.0000;73;89;0.0635;-0.0129;-0.0114;-0.0215;0.0430;0.0000;-0.1654
287.5;2.7225;2.7175;0.0061;0.0000;67;89;-0.0049;-0.0129;-0.0114;-0.0010;0.0430;0.0000;-0.1732
288.0;2.7070;2.7028;-0.0931;0.0000;62;89;-0.0049;-0.0100;-0.0114;0.0088;0.0430;0.0000;-0.1811
288.5;2.6905;2.6882;-0.0786;0.0000;64;91;-0.0049;-0.0070;-0.0114;0.0078;0.0430;0.0000;-0.1811
289.0;2.6735;2.6735;0.1763;0.0000;69;87;0.0635;0.0003;-0.0114;-0.0186;0.0430;0.0000;-0.1732
289.5;2.6561;2.6593;0.2107;0.0000;73;87;-0.0147;0.0062;-0.0114;-0.0215;0.0430;0.0000;-0.1654
290.0;2.6392;2.6451;0.4183;0.0000;79;83;-0.0244;0.0135;-0.0114;-0.0420;0.0430;0.0000;-0.1654
290.5;2.6227;2.6310;0.3901;0.0000;81;87;-0.0147;0.0193;-0.0114;-0.0391;0.0420;0.0000;-0.1575
291.0;2.6076;2.6172;0.3527;0.0000;81;89;-0.0147;0.0237;-0.0114;-0.0362;0.0420;0.0000;-0.1496
291.5;2.5929;2.6035;0.4664;0.0000;87;89;-0.0244;0.0252;-0.0114;-0.0469;0.0420;0.0000;-0.1417
292.0;2.5783;2.5897;0.5405;0.0000;89;89;-0.0244;0.0281;-0.0114;-0.0547;0.0420;0.0000;-0.1417
292.5;2.5636;2.5765;0.5595;0.0000;91;89;0.0538;0.0311;-0.0114;-0.0567;0.0411;0.0000;-0.1339
293.0;2.5490;2.5632;0.4260;0.0000;91;93;-0.0244;0.0340;-0.0114;-0.0430;0.0411;0.0000;-0.1260
293.5;2.5348;2.5499;0.5244;0.0000;95;93;-0.1026;0.0369;-0.0100;-0.0528;0.0411;0.0000;-0.1181
294.0;2.5215;2.5371;0.3809;0.0000;93;97;-0.0147;0.0369;-0.0100;-0.0381;0.0411;0.0000;-0.1181
294.5;2.5096;2.5243;0.5137;0.0000;97;93;-0.1026;0.0355;-0.0100;-0.0518;0.0401;0.0000;-0.1102
295.0;2.4991;2.5114;0.5076;0.0000;97;93;-0.1808;0.0296;-0.0100;-0.0508;0.0401;0.0000;-0.1024
295.5;2.4895;2.4991;0.6176;0.0000;101;91;-0.0244;0.0223;-0.0100;-0.0626;0.0401;0.0000;-0.0945
296.0;2.4799;2.4867;0.5031;0.0000;99;93;-0.1808;0.0164;-0.0100;-0.0508;0.0401;0.0000;-0.0866
296.5;2.4689;2.4744;0.4351;0.0000;97;93;-0.1026;0.0135;-0.0100;-0.0440;0.0391;0.0000;-0.0866
297.0;2.4574;2.4625;0.5656;0.0000;101;91;-0.1026;0.0120;-0.0100;-0.0567;0.0391;0.0000;-0.0787
297.5;2.4460;2.4505;0.5008;0.0000;99;93;-0.1026;0.0105;-0.0100;-0.0508;0.0391;0.0000;-0.0709
298.0;2.4345;2.4386;0.5656;0.0000;101;91;-0.1026;0.0091;-0.0100;-0.0567;0.0391;0.0000;-0.0630
298.5;2.4235;2.4272;0.2351;0.0000;95;99;-0.1711;0.0076;-0.0100;-0.0244;0.0381;0.0000;-0.0630
299.0;2.4116;2.4158;0.2817;0.0000;97;99;-0.0929;0.0091;-0.0100;-0.0283;0.0381;0.0000;-0.0551
299.5;2.4011;2.4048;0.1023;0.0000;95;103;-0.0831;0.0076;-0.0100;-0.0108;0.0381;0.0000;-0.0472
300.0;2.3906;2.3933;0.1748;0.0000;97;103;-0.0147;0.0062;-0.0100;-0.0176;0.0381;0.0000;-0.0394
300.5;2.3800;2.3823;0.1435;0.0000;97;105;-0.0147;0.0062;-0.0100;-0.0147;0.0381;0.0000;-0.0315
301.0;2.3695;2.3718;0.0328;0.0000;95;107;-0.0831;0.0047;-0.0100;-0.0039;0.0381;0.0000;-0.0315
301.5;2.3581;2.3608;0.0557;0.0000;93;103;-0.0831;0.0062;-0.0100;-0.0059;0.0381;0.0000;-0.0394
302.0;2.3475;2.3498;-0.0420;0.0000;91;107;-0.0831;0.0047;-0.0100;0.0039;0.0381;0.0000;-0.0315
302.5;2.3370;2.3393;0.1855;0.0000;97;103;0.0635;0.0047;-0.0100;-0.0196;0.0381;0.0000;-0.0236
303.0;2.3251;2.3288;0.1519;0.0000;97;105;-0.0147;0.0091;-0.0100;-0.0156;0.0381;0.0000;-0.0157
303.5;2.3136;2.3187;0.3191;0.0000;103;103;0.0635;0.0120;-0.0100;-0.0323;0.0381;0.0000;-0.0157
304.0;2.3022;2.3086;0.1817;0.0000;101;107;-0.0929;0.0149;-0.0100;-0.0186;0.0381;0.0000;-0.0079
304.5;2.2903;2.2985;0.1450;0.0000;101;110;0.0635;0.0193;-0.0100;-0.0147;0.0381;0.0000;-0.0000
305.0;2.2793;2.2885;-0.0351;0.0000;99;114;-0.0831;0.0223;-0.0100;0.0029;0.0381;0.0000;0.0079
305.5;2.2688;2.2788;0.0634;0.0000;103;114;-0.0831;0.0252;-0.0085;-0.0068;0.0381;0.0000;0.0157
306.0;2.2578;2.2692;0.0901;0.0000;105;114;0.0733;0.0281;-0.0085;-0.0098;0.0371;0.0000;0.0157
306.5;2.2482;2.2601;-0.0847;0.0000;103;120;-0.0049;0.0296;-0.0085;0.0078;0.0381;0.0000;0.0236
307.0;2.2386;2.2509;-0.0237;0.0000;105;120;0.0733;0.0296;-0.0085;0.0020;0.0381;0.0000;0.0315
307.5;2.2289;2.2418;-0.0969;0.0000;105;124;-0.0049;0.0311;-0.0085;0.0088;0.0381;0.0000;0.0394
308.0;2.2189;2.2331;0.1473;0.0000;110;120;-0.0147;0.0340;-0.0085;-0.0156;0.0381;0.0000;0.0472
308.5;2.2083;2.2239;0.1282;0.0000;110;122;0.0733;0.0384;-0.0085;-0.0137;0.0371;0.0000;0.0551
309.0;2.1987;2.2157;0.4237;0.0000;120;118;-0.0244;0.0413;-0.0085;-0.0430;0.0371;0.0000;0.0551
309.5;2.1896;2.2070;0.3099;0.0000;118;122;-0.0147;0.0428;-0.0085;-0.0313;0.0371;0.0000;0.0630
310.0;2.1813;2.1987;0.3672;0.0000;122;122;0.0635;0.0428;-0.0085;-0.0371;0.0371;0.0000;0.0709
310.5;2.1740;2.1905;0.5191;0.0000;126;120;0.0538;0.0413;-0.0070;-0.0528;0.0371;0.0000;0.0787
311.0;2.1671;2.1827;0.5511;0.0000;128;120;0.0538;0.0384;-0.0070;-0.0557;0.0362;0.0000;0.0866
311.5;2.1607;2.1749;0.6008;0.0000;128;120;0.0538;0.0340;-0.0070;-0.0606;0.0362;0.0000;0.0945
312.0;2.1548;2.1671;0.4145;0.0000;124;124;-0.0244;0.0311;-0.0070;-0.0420;0.0362;0.0000;0.1024
312.5;2.1484;2.1598;0.4588;0.0000;126;124;0.0538;0.0281;-0.0070;-0.0459;0.0362;0.0000;0.1024
313.0;2.1424;2.1525;0.3511;0.0000;124;128;0.1417;0.0252;-0.0070;-0.0352;0.0352;0.0000;0.1102
313.5;2.1369;2.1451;0.4107;0.0000;126;128;0.0538;0.0208;-0.0070;-0.0420;0.0352;0.0000;0.1181
314.0;2.1310;2.1383;0.2817;0.0000;124;132;0.0635;0.0164;-0.0070;-0.0283;0.0352;0.0000;0.1260
314.5;2.1259;2.1314;0.4015;0.0000;126;130;0.0635;0.0135;-0.0070;-0.0411;0.0352;0.0000;0.1339
315.0;2.1200;2.1245;0.3427;0.0000;124;132;0.0635;0.0105;-0.0070;-0.0352;0.0352;0.0000;0.1417
315.5;2.1140;2.1181;0.2137;0.0000;122;136;0.0635;0.0091;-0.0070;-0.0215;0.0352;0.0000;0.1496
316.0;2.1081;2.1117;0.2924;0.0000;126;134;0.1417;0.0076;-0.0070;-0.0293;0.0342;0.0000;0.1496
316.5;2.1021;2.1053;0.3282;0.0000;128;136;0.1417;0.0076;-0.0070;-0.0332;0.0342;0.0000;0.1575
317.0;2.0957;2.0994;0.3542;0.0000;130;136;0.0635;0.0076;-0.0070;-0.0362;0.0342;0.0000;0.1654
317.5;2.0902;2.0934;0.2107;0.0000;128;140;-0.0147;0.0076;-0.0070;-0.0215;0.0342;0.0000;0.1732
318.0;2.0852;2.0875;0.2924;0.0000;132;140;0.0635;0.0062;-0.0070;-0.0293;0.0342;0.0000;0.1811
318.5;2.0797;2.0820;0.1603;0.0000;128;142;-0.0147;0.0047;-0.0070;-0.0166;0.0342;0.0000;0.1890
319.0;2.0737;2.0765;0.2198;0.0000;132;142;-0.0147;0.0062;-0.0070;-0.0225;0.0342;0.0000;0.1969
319.5;2.0673;2.0710;0.2458;0.0000;134;142;-0.0147;0.0091;-0.0070;-0.0254;0.0332;0.0000;0.2047
320.0;2.0618;2.0659;0.2595;0.0000;136;144;0.0635;0.0105;-0.0070;-0.0264;0.0332;0.0000;0.2126
320.5;2.0563;2.0609;0.1794;0.0000;136;148;0.0635;0.0105;-0.0070;-0.0186;0.0332;0.0000;0.2205
321.0;2.0508;2.0563;0.1481;0.0000;138;150;-0.0147;0.0120;-0.0070;-0.0156;0.0332;0.0000;0.2205
321.5;2.0453;2.0513;0.2374;0.0000;140;150;0.0635;0.0135;-0.0070;-0.0244;0.0332;0.0000;0.2283
322.0;2.0412;2.0467;0.1985;0.0000;142;152;0.0635;0.0135;-0.0056;-0.0205;0.0332;0.0000;0.2362
322.5;2.0366;2.0426;0.3603;0.0000;146;150;-0.0147;0.0135;-0.0056;-0.0362;0.0332;0.0000;0.2441
323.0;2.0316;2.0385;0.3466;0.0000;148;152;0.0635;0.0149;-0.0056;-0.0352;0.0332;0.0000;0.2520
323.5;2.0275;2.0343;0.4084;0.0000;152;152;-0.0147;0.0164;-0.0056;-0.0411;0.0323;0.0000;0.2598
324.0;2.0224;2.0302;0.3916;0.0000;153;153;-0.0147;0.0193;-0.0056;-0.0401;0.0323;0.0000;0.2677
324.5;2.0174;2.0266;0.4748;0.0000;155;153;-0.0244;0.0223;-0.0056;-0.0479;0.0323;0.0000;0.2756
325.0;2.0137;2.0229;0.4168;0.0000;157;157;0.0635;0.0223;-0.0056;-0.0420;0.0323;0.0000;0.2835
325.5;2.0110;2.0197;0.3267;0.0000;157;159;-0.0929;0.0208;-0.0056;-0.0332;0.0323;0.0000;0.2913
326.0;2.0092;2.0165;0.3153;0.0000;157;161;-0.0147;0.0164;-0.0056;-0.0323;0.0313;0.0000;0.2992
326.5;2.0073;2.0133;0.1718;0.0000;155;165;-0.0147;0.0135;-0.0056;-0.0176;0.0313;0.0000;0.3071
327.0;2.0046;2.0101;0.2672;0.0000;159;165;-0.0147;0.0135;-0.0056;-0.0274;0.0313;0.0000;0.3150
327.5;2.0027;2.0073;0.1260;0.0000;157;169;-0.0831;0.0105;-0.0056;-0.0127;0.0313;0.0000;0.3150
328.0;2.0018;2.0046;0.1588;0.0000;159;169;-0.0147;0.0076;-0.0056;-0.0166;0.0313;0.0000;0.3228
328.5;2.0009;2.0023;0.0992;0.0000;159;169;-0.0831;0.0018;-0.0056;-0.0108;0.0313;0.0000;0.3307
329.0;2.0005;2.0000;0.1824;0.0000;161;169;-0.0147;-0.0012;-0.0056;-0.0186;0.0313;0.0000;0.3386
329.5;2.0000;2.0000;0.0588;0.0000;185;196;-0.0831;-0.0012;-0.0056;-0.0068;0.0313;0.0000;0.4567
330.0;2.0009;2.0000;0.1687;0.0000;189;195;-0.0929;-0.0041;-0.0056;-0.0176;0.0313;0.0000;0.4567
330.5;2.0023;2.0000;0.2916;0.0000;193;193;-0.0929;-0.0070;-0.0056;-0.0293;0.0313;0.0000;0.4567
331.0;2.0041;2.0000;0.1870;0.0000;189;193;-0.0929;-0.0114;-0.0056;-0.0196;0.0313;0.0000;0.4567
331.5;2.0060;2.0000;0.2840;0.0000;191;191;-0.1711;-0.0158;-0.0056;-0.0293;0.0303;0.0000;0.4567
332.0;2.0078;2.0000;0.2992;0.0000;191;189;-0.1711;-0.0202;-0.0056;-0.0303;0.0303;0.0000;0.4567
332.5;2.0096;2.0000;0.4664;0.0000;193;183;-0.0244;-0.0261;-0.0056;-0.0469;0.0303;0.0000;0.4567
333.0;2.0119;2.0000;0.4519;0.0000;193;183;-0.1026;-0.0319;-0.0056;-0.0459;0.0303;0.0000;0.4567
333.5;2.0133;2.0000;0.5855;0.0000;195;179;-0.0244;-0.0349;-0.0056;-0.0587;0.0293;0.0000;0.4567
334.0;2.0142;2.0000;0.3931;0.0000;191;181;-0.0929;-0.0363;-0.0056;-0.0401;0.0293;0.0000;0.4567
334.5;2.0151;2.0000;0.3389;0.0000;189;183;-0.0147;-0.0393;-0.0070;-0.0342;0.0293;0.0000;0.4567
335.0;2.0160;2.0000;0.4023;0.0000;189;181;-0.0929;-0.0407;-0.0070;-0.0411;0.0293;0.0000;0.4567
335.5;2.0169;2.0000;0.3351;0.0000;187;181;-0.0929;-0.0437;-0.0070;-0.0342;0.0293;0.0000;0.4567
336.0;2.0183;2.0000;0.4046;0.0000;187;179;-0.0147;-0.0466;-0.0070;-0.0411;0.0283;0.0000;0.4567
336.5;2.0183;2.0000;0.3053;0.0000;185;181;-0.0929;-0.0481;-0.0070;-0.0313;0.0283;0.0000;0.4567
337.0;2.0188;2.0000;0.2817;0.0000;185;181;-0.0147;-0.0481;-0.0070;-0.0283;0.0283;0.0000;0.4567
337.5;2.0192;2.0000;0.1954;0.0000;181;183;-0.0147;-0.0495;-0.0070;-0.0205;0.0283;0.0000;0.4567
338.0;2.0197;2.0000;0.2733;0.0000;183;181;-0.0147;-0.0510;-0.0070;-0.0274;0.0283;0.0000;0.4567
338.5;2.0201;2.0000;0.1389;0.0000;179;183;-0.0049;-0.0524;-0.0085;-0.0147;0.0283;0.0000;0.4567
339.0;2.0206;2.0000;0.2435;0.0000;181;181;-0.0147;-0.0539;-0.0085;-0.0244;0.0283;0.0000;0.4567
339.5;2.0215;2.0000;0.1611;0.0000;179;181;-0.0147;-0.0554;-0.0085;-0.0166;0.0283;0.0000;0.4567
340.0;2.0220;2.0000;0.0229;0.0000;175;185;-0.0831;-0.0568;-0.0085;-0.0029;0.0283;0.0000;0.4567
340.5;2.0229;2.0000;0.1687;0.0000;179;181;-0.0147;-0.0583;-0.0085;-0.0176;0.0283;0.0000;0.4567
341.0;2.0238;2.0000;0.1634;0.0000;179;181;-0.0147;-0.0612;-0.0085;-0.0166;0.0274;0.0000;0.4567
341.5;2.0243;2.0000;0.1901;0.0000;177;181;-0.0147;-0.0627;-0.0100;-0.0196;0.0274;0.0000;0.4567
342.0;2.0252;2.0000;0.0649;0.0000;175;183;-0.0049;-0.0642;-0.0100;-0.0068;0.0274;0.0000;0.4567
342.5;2.0256;2.0000;0.0298;0.0000;171;183;-0.0831;-0.0656;-0.0100;-0.0039;0.0274;0.0000;0.4567
343.0;2.0266;2.0000;-0.1130;0.0000;167;185;0.0733;-0.0671;-0.0100;0.0108;0.0274;0.0000;0.4567
343.5;2.0266;2.0000;-0.0504;0.0000;169;183;-0.0049;-0.0686;-0.0100;0.0049;0.0274;0.0000;0.4567
344.0;2.0266;2.0000;-0.0992;0.0000;167;185;0.0733;-0.0671;-0.0100;0.0098;0.0274;0.0000;0.4567
344.5;2.0266;2.0000;-0.0374;0.0000;169;185;-0.0049;-0.0671;-0.0114;0.0029;0.0274;0.0000;0.4567
345.0;2.0256;2.0000;-0.1260;0.0000;167;187;0.0733;-0.0642;-0.0114;0.0117;0.0283;0.0000;0.4567
345.5;2.0247;2.0000;-0.1802;0.0000;165;187;0.0049;-0.0642;-0.0114;0.0176;0.0283;0.0000;0.4567
346.0;2.0243;2.0000;-0.0321;0.0000;169;185;0.0733;-0.0612;-0.0114;0.0029;0.0283;0.0000;0.4567
346.5;2.0234;2.0000;-0.0702;0.0000;167;185;-0.0049;-0.0598;-0.0114;0.0068;0.0283;0.0000;0.4567
347.0;2.0220;2.0000;0.1221;0.0000;171;183;0.0733;-0.0554;-0.0114;-0.0127;0.0283;0.0000;0.4567
347.5;2.0206;2.0000;0.0046;-0.0191;177;179;0.0733;-0.0524;-0.0129;-0.0029;0.0283;-0.0314;0.4567
348.0;2.0197;2.0000;-0.0397;-0.0565;185;171;-0.0049;-0.0495;-0.0129;-0.0020;0.0283;-0.0627;0.4567
348.5;2.0183;2.0000;-0.1000;-0.1130;193;165;0.0733;-0.0466;-0.0129;-0.0020;0.0283;-0.0941;0.4567
349.0;2.0169;2.0000;-0.1641;-0.1878;200;159;0.0049;-0.0437;-0.0129;-0.0029;0.0283;-0.1255;0.4567
349.5;2.0160;2.0000;-0.1664;-0.2817;208;150;0.0049;-0.0422;-0.0129;-0.0117;0.0283;-0.1529;0.4567
350.0;2.0156;2.0000;-0.1817;-0.3939;220;142;0.0049;-0.0393;-0.0129;-0.0215;0.0274;-0.1843;0.4567
350.5;2.0142;2.0000;-0.2321;-0.5252;228;134;0.0831;-0.0363;-0.0129;-0.0293;0.0274;-0.2157;0.4567
351.0;2.0133;2.0000;-0.2756;-0.6756;238;124;0.0049;-0.0334;-0.0129;-0.0401;0.0274;-0.2471;0.4567
351.5;2.0124;2.0000;-0.1542;-0.8443;251;110;0.0831;-0.0319;-0.0129;-0.0694;0.0274;-0.2784;0.4567
352.0;2.0114;2.0000;-0.3763;-1.0313;259;107;0.0831;-0.0290;-0.0144;-0.0665;0.0264;-0.3098;0.4567
352.5;2.0101;2.0000;-0.3275;-1.2382;273;95;0.0049;-0.0261;-0.0144;-0.0919;0.0264;-0.3412;0.4567
353.0;2.0092;2.0000;-0.5504;-1.4626;281;87;0.0929;-0.0231;-0.0144;-0.0919;0.0254;-0.3725;0.4567
353.5;2.0078;2.0000;-0.7084;-1.7069;292;77;-0.0538;-0.0202;-0.0144;-0.1007;0.0254;-0.4078;0.4567
354.0;2.0064;2.0000;-0.9779;-1.9695;300;71;-0.0538;-0.0173;-0.0144;-0.0997;0.0244;-0.4392;0.4567
354.5;2.0037;2.0000;-1.1038;-2.2504;312;62;0.0342;-0.0114;-0.0144;-0.1153;0.0244;-0.4706;0.4567
355.0;2.0014;2.0000;-1.3702;-2.5504;322;54;0.0440;-0.0041;-0.0144;-0.1183;0.0235;-0.5020;0.4567
355.5;1.9986;2.0000;-1.9321;-2.8695;326;54;-0.0147;0.0018;-0.0144;-0.0938;0.0235;-0.5373;0.4567
356.0;1.9973;2.0000;-2.0817;-3.2069;341;42;-0.0147;0.0047;-0.0144;-0.1134;0.0225;-0.5686;0.4567
356.5;1.9959;2.0000;-2.6634;-3.5626;345;38;-0.0635;0.0091;-0.0144;-0.0909;0.0225;-0.6039;0.4567
357.0;1.9945;2.0000;-3.0656;-3.9382;355;32;-0.1320;0.0120;-0.0144;-0.0880;0.0215;-0.6353;0.4567
357.5;1.9931;2.0000;-3.4145;-4.3313;365;22;-0.1222;0.0149;-0.0144;-0.0919;0.0215;-0.6706;0.4567
358.0;1.9913;2.0000;-3.7893;-4.7443;374;15;-0.1026;0.0208;-0.0144;-0.0958;0.0205;-0.7020;0.4567
358.5;1.9899;2.0000;-4.2046;-5.1756;386;7;-0.0929;0.0237;-0.0144;-0.0978;0.0205;-0.7373;0.4567
359.0;1.9876;2.0000;-4.8023;-5.6252;394;3;0.0049;0.0296;-0.0129;-0.0831;0.0196;-0.7686;0.4567
359.5;1.9853;2.0000;-5.3817;-6.0939;402;-1;-0.1320;0.0355;-0.0129;-0.0714;0.0196;-0.8039;0.4567
360.0;1.9831;2.0000;-6.0634;-6.5817;408;-5;-0.1026;0.0398;-0.0129;-0.0518;0.0196;-0.8392;0.4567
360.5;1.9817;2.0000;-6.5481;-7.0878;417;-13;-0.1711;0.0442;-0.0129;-0.0547;0.0196;-0.8706;0.4567
361.0;1.9812;2.0000;-7.2069;-7.6130;425;-17;-0.0635;0.0457;-0.0129;-0.0411;0.0186;-0.9059;0.4567
361.5;1.9803;2.0000;-7.8015;-8.1565;435;-24;-0.2004;0.0472;-0.0129;-0.0362;0.0186;-0.9412;0.4567
362.0;1.9799;2.0000;-8.3130;-8.7191;447;-34;-0.1026;0.0486;-0.0129;-0.0411;0.0186;-0.9765;0.4567
362.5;1.9789;2.0000;-9.0527;-9.3000;453;-38;-0.1613;0.0516;-0.0129;-0.0254;0.0186;-1.0118;0.4567
363.0;1.9789;2.0000;-9.6840;-9.9008;462;-48;-0.1320;0.0516;-0.0114;-0.0225;0.0186;-1.0471;0.4567
363.5;1.9803;2.0000;-10.2092;-10.5191;476;-60;-0.2590;0.0486;-0.0114;-0.0313;0.0186;-1.0824;0.4567
364.0;1.9826;2.0000;-10.7244;-11.1565;492;-73;-0.1808;0.0428;-0.0114;-0.0440;0.0176;-1.1176;0.4567
364.5;1.9844;2.0000;-11.2939;-11.8130;503;-87;-0.3177;0.0384;-0.0114;-0.0528;0.0176;-1.1529;0.4567
365.0;1.9853;2.0000;-11.9840;-12.4878;513;-97;-0.2004;0.0355;-0.0114;-0.0508;0.0176;-1.1882;0.4567
365.5;1.9858;2.0000;-12.6405;-13.1817;525;-109;-0.2004;0.0340;-0.0114;-0.0547;0.0166;-1.2235;0.4567
366.0;1.9863;2.0000;-13.4916;-13.8817;529;-110;-0.1613;0.0325;-0.0114;-0.0391;0.0166;-1.2392;0.4567
366.5;1.9872;2.0000;-14.1481;-14.5817;535;-114;-0.3666;0.0311;-0.0114;-0.0440;0.0166;-1.2471;0.4567
367.0;1.9886;2.0000;-15.0634;-15.2817;535;-112;-0.1808;0.0267;-0.0114;-0.0225;0.0166;-1.2510;0.4567
367.5;1.9904;2.0000;-15.7489;-15.9817;537;-116;-0.2395;0.0237;-0.0114;-0.0235;0.0166;-1.2588;0.4567
368.0;1.9913;2.0000;-16.5969;-16.6817;537;-118;-0.2884;0.0208;-0.0100;-0.0088;0.0166;-1.2627;0.4567
368.5;1.9918;2.0000;-17.3504;-17.3817;539;-120;-0.2493;0.0193;-0.0100;-0.0039;0.0166;-1.2706;0.4567
369.0;1.9931;2.0000;-18.2382;-18.0817;537;-118;-0.3079;0.0164;-0.0100;0.0156;0.0166;-1.2745;0.4567
369.5;1.9940;2.0000;-18.8130;-18.7817;544;-126;-0.2786;0.0135;-0.0100;0.0029;0.0166;-1.2824;0.4567
370.0;1.9950;2.0000;-19.6092;-19.4817;546;-126;-0.2688;0.0105;-0.0100;0.0127;0.0166;-1.2863;0.4567
370.5;1.9954;2.0000;-20.5641;-20.1626;537;-116;-0.2199;0.0105;-0.0100;0.0401;0.0166;-1.2627;0.4567
371.0;1.9950;2.0000;-21.3382;-20.8252;527;-109;-0.2004;0.0120;-0.0100;0.0508;0.0166;-1.2392;0.4567
371.5;1.9940;2.0000;-22.1580;-21.4695;517;-99;-0.0929;0.0135;-0.0100;0.0684;0.0176;-1.2157;0.4567
372.0;1.9931;2.0000;-22.7863;-22.0939;509;-93;-0.1417;0.0164;-0.0100;0.0684;0.0176;-1.1882;0.4567
372.5;1.9922;2.0000;-23.7664;-22.7008;496;-77;-0.1906;0.0179;-0.0100;0.1065;0.0186;-1.1647;0.4567
373.0;1.9913;2.0000;-24.3267;-23.2878;490;-73;-0.1711;0.0208;-0.0100;0.1036;0.0186;-1.1412;0.4567
373.5;1.9908;2.0000;-25.3046;-23.8565;474;-58;-0.2102;0.0223;-0.0100;0.1447;0.0196;-1.1137;0.4567
374.0;1.9904;2.0000;-25.8679;-24.4069;470;-52;-0.1222;0.0237;-0.0100;0.1457;0.0205;-1.0902;0.4567
374.5;1.9899;2.0000;-26.6366;-24.9382;457;-40;-0.1613;0.0237;-0.0100;0.1691;0.0215;-1.0627;0.4567
375.0;1.9904;2.0000;-27.1924;-25.4504;449;-34;-0.1613;0.0223;-0.0100;0.1740;0.0215;-1.0392;0.4567
375.5;1.9890;2.0000;-27.8389;-25.9443;437;-24;-0.0538;0.0252;-0.0100;0.1887;0.0225;-1.0118;0.4567
376.0;1.9872;2.0000;-28.5435;-26.4191;425;-13;-0.0244;0.0311;-0.0100;0.2121;0.0235;-0.9882;0.4567
376.5;1.9863;2.0000;-28.9901;-26.8756;419;-7;-0.0831;0.0325;-0.0100;0.2111;0.0254;-0.9608;0.4567
377.0;1.9849;2.0000;-29.5145;-27.3130;410;1;-0.0635;0.0369;-0.0085;0.2199;0.0264;-0.9333;0.4567
377.5;1.9831;2.0000;-29.8580;-27.7313;406;5;-0.1320;0.0413;-0.0085;0.2121;0.0274;-0.9059;0.4567
378.0;1.9812;2.0000;-30.3710;-28.1313;398;15;-0.1026;0.0457;-0.0085;0.2239;0.0283;-0.8824;0.4567
378.5;1.9803;2.0000;-30.5931;-28.5130;396;19;-0.0440;0.0472;-0.0085;0.2072;0.0293;-0.8549;0.4567
379.0;1.9803;2.0000;-31.0939;-28.8756;386;26;-0.1515;0.0486;-0.0085;0.2209;0.0303;-0.8275;0.4567
379.5;1.9803;2.0000;-31.4573;-29.2191;380;32;-0.1026;0.0486;-0.0085;0.2229;0.0313;-0.8000;0.4567
380.0;1.9803;2.0000;-31.6832;-29.5443;374;36;0.0147;0.0472;-0.0085;0.2131;0.0323;-0.7725;0.4567
380.5;1.9799;2.0000;-31.9344;-29.8504;370;42;-0.0635;0.0486;-0.0085;0.2082;0.0332;-0.7451;0.4567
381.0;1.9794;2.0000;-32.2282;-30.1382;363;48;-0.0538;0.0501;-0.0070;0.2082;0.0352;-0.7176;0.4567
381.5;1.9785;2.0000;-32.6130;-30.4069;355;58;-0.0342;0.0516;-0.0070;0.2199;0.0362;-0.6902;0.4567
382.0;1.9780;2.0000;-32.7160;-30.6565;351;60;-0.0342;0.0545;-0.0070;0.2053;0.0371;-0.6627;0.4567
382.5;1.9766;2.0000;-33.0962;-30.8878;341;71;-0.0635;0.0574;-0.0070;0.2199;0.0381;-0.6353;0.4567
383.0;1.9757;2.0000;-33.1641;-31.1008;337;73;0.0244;0.0604;-0.0070;0.2063;0.0391;-0.6078;0.4567
383.5;1.9748;2.0000;-33.4504;-31.2939;331;83;-0.0440;0.0618;-0.0070;0.2151;0.0401;-0.5765;0.4567
384.0;1.9744;2.0000;-33.6695;-31.4695;324;91;-0.0342;0.0618;-0.0056;0.2199;0.0411;-0.5490;0.4567
384.5;1.9744;2.0000;-33.8718;-31.6252;316;99;0.0147;0.0633;-0.0056;0.2239;0.0420;-0.5216;0.4567
385.0;1.9739;2.0000;-34.0237;-31.7626;310;107;0.0049;0.0648;-0.0056;0.2258;0.0430;-0.4902;0.4567
385.5;1.9734;2.0000;-34.0046;-31.8817;306;109;0.0147;0.0648;-0.0056;0.2121;0.0440;-0.4627;0.4567
386.0;1.9734;2.0000;-34.0550;-31.9817;300;114;-0.0635;0.0648;-0.0056;0.2072;0.0459;-0.4353;0.4567
386.5;1.9730;2.0000;-34.0489;-32.0000;271;144;-0.0635;0.0662;-0.0056;0.2043;0.0469;-0.3059;0.4567
387.0;1.9716;2.0000;-34.3275;-32.0000;257;157;0.0440;0.0691;-0.0041;0.2326;0.0479;-0.2745;0.4567
387.5;1.9707;2.0000;-34.2603;-32.0000;261;157;0.0049;0.0721;-0.0041;0.2258;0.0489;-0.2745;0.4567
388.0;1.9698;2.0000;-34.4191;-32.0000;257;161;0.0244;0.0750;-0.0041;0.2414;0.0499;-0.2745;0.4567
388.5;1.9693;2.0000;-34.1519;-32.0000;265;155;-0.0635;0.0750;-0.0041;0.2151;0.0508;-0.2745;0.4567
389.0;1.9702;2.0000;-33.8878;-32.0000;271;150;-0.2297;0.0735;-0.0041;0.1887;0.0518;-0.2745;0.4567
389.5;1.9702;2.0000;-33.6756;-32.0000;277;144;-0.1613;0.0721;-0.0026;0.1672;0.0528;-0.2745;0.4567
390.0;1.9702;2.0000;-33.5160;-32.0000;279;140;-0.0831;0.0721;-0.0026;0.1515;0.0538;-0.2745;0.4567
390.5;1.9716;2.0000;-33.3687;-32.0000;283;138;-0.0147;0.0691;-0.0026;0.1369;0.0547;-0.2745;0.4567
391.0;1.9583;2.0000;-33.0084;-32.0000;284;136;-0.1808;0.1028;-0.0026;0.1007;0.0547;-0.2745;0.4567
391.5;1.9515;2.0000;-32.9672;-32.0000;292;140;-0.3372;0.1204;-0.0012;0.0958;0.0557;-0.2745;0.4567
392.0;1.9473;2.0000;-32.6435;-32.0000;302;136;-0.0147;0.1292;-0.0012;0.0635;0.0557;-0.2745;0.4567
392.5;1.9469;2.0000;-32.6481;-32.0000;306;138;-0.1320;0.1321;-0.0012;0.0645;0.0557;-0.2745;0.4567
393.0;1.9469;2.0000;-32.3885;-32.0000;312;132;-0.1808;0.1321;0.0003;0.0381;0.0557;-0.2745;0.4567
393.5;1.9478;2.0000;-32.1695;-32.0000;318;126;0.0147;0.1292;0.0003;0.0166;0.0567;-0.2745;0.4567
394.0;1.9492;2.0000;-31.9267;-32.0000;324;120;0.0147;0.1263;0.0003;-0.0078;0.0567;-0.2745;0.4567
394.5;1.9501;2.0000;-31.8290;-32.0000;326;118;-0.0635;0.1234;0.0018;-0.0176;0.0557;-0.2745;0.4567
395.0;1.9501;2.0000;-31.7267;-32.0000;329;116;-0.0635;0.1234;0.0018;-0.0274;0.0557;-0.2745;0.4567
395.5;1.9501;2.0000;-31.6328;-32.0000;331;114;-0.0733;0.1234;0.0018;-0.0371;0.0557;-0.2745;0.4567
396.0;1.9505;2.0000;-31.6466;-32.0000;329;114;0.0049;0.1219;0.0032;-0.0362;0.0557;-0.2745;0.4567
396.5;1.9496;2.0000;-31.4618;-32.0000;333;110;0.0049;0.1234;0.0032;-0.0547;0.0557;-0.2745;0.4567
397.0;1.9492;2.0000;-31.5389;-32.0000;331;112;0.0244;0.1263;0.0032;-0.0469;0.0547;-0.2745;0.4567
397.5;1.9478;2.0000;-31.4672;-32.0000;335;112;-0.0147;0.1292;0.0047;-0.0538;0.0547;-0.2745;0.4567
398.0;1.9473;2.0000;-31.5176;-31.9817;327;120;0.0831;0.1307;0.0047;-0.0469;0.0547;-0.2431;0.4567
398.5;1.9460;2.0000;-31.5015;-31.9443;322;130;0.0831;0.1336;0.0062;-0.0450;0.0547;-0.2118;0.4567
399.0;1.9455;2.0000;-31.5435;-31.8878;312;140;0.0831;0.1351;0.0062;-0.0352;0.0538;-0.1843;0.4567
399.5;1.9441;2.0000;-31.4603;-31.8130;304;148;0.2395;0.1380;0.0062;-0.0362;0.0538;-0.1529;0.4567
400.0;1.9428;2.0000;-31.5107;-31.7191;294;159;0.0733;0.1409;0.0076;-0.0215;0.0538;-0.1216;0.4567
400.5;1.9428;2.0000;-31.5580;-31.6069;283;171;0.1613;0.1424;0.0076;-0.0049;0.0538;-0.0902;0.4567
401.0;1.9432;2.0000;-31.3557;-31.4756;279;177;0.1711;0.1409;0.0076;-0.0127;0.0538;-0.0588;0.4567
401.5;1.9432;2.0000;-31.3664;-31.3252;267;189;0.0831;0.1409;0.0091;0.0039;0.0538;-0.0275;0.4567
402.0;1.9432;2.0000;-31.1893;-31.1565;261;196;0.0440;0.1409;0.0091;0.0029;0.0538;0.0039;0.4567
402.5;1.9446;2.0000;-31.1565;-30.9695;249;206;0.1711;0.1365;0.0105;0.0186;0.0538;0.0353;0.4567
403.0;1.9418;2.0000;-30.9756;-30.7626;243;212;0.1124;0.1439;0.0105;0.0205;0.0538;0.0667;0.4567
403.5;1.9409;2.0000;-30.9977;-30.5382;232;228;0.1417;0.1453;0.0105;0.0459;0.0547;0.0980;0.4567
404.0;1.9409;2.0000;-30.8053;-30.2939;224;238;0.1417;0.1453;0.0120;0.0508;0.0547;0.1294;0.4567
404.5;1.9428;2.0000;-30.6168;-30.0313;212;245;0.1222;0.1424;0.0120;0.0577;0.0547;0.1647;0.4567
405.0;1.9446;2.0000;-30.3840;-29.7504;202;255;0.1222;0.1365;0.0135;0.0626;0.0547;0.1961;0.4567
405.5;1.9464;2.0000;-30.1260;-29.4504;195;265;0.1124;0.1321;0.0135;0.0674;0.0557;0.2275;0.4567
406.0;1.9492;2.0000;-29.8626;-29.1313;185;273;0.2102;0.1248;0.0135;0.0723;0.0557;0.2588;0.4567
406.5;1.9519;2.0000;-29.4214;-28.7939;179;279;0.1320;0.1190;0.0149;0.0626;0.0567;0.2941;0.4567
407.0;1.9538;2.0000;-29.1168;-28.4382;167;286;0.0929;0.1146;0.0149;0.0674;0.0567;0.3255;0.4567
407.5;1.9565;2.0000;-28.7031;-28.0626;159;292;0.2004;0.1072;0.0149;0.0635;0.0567;0.3608;0.4567
408.0;1.9579;2.0000;-28.3985;-27.6695;148;302;0.1320;0.1043;0.0164;0.0723;0.0577;0.3922;0.4567
408.5;1.9583;2.0000;-27.8763;-27.2565;142;308;0.1124;0.1028;0.0164;0.0616;0.0577;0.4275;0.4567
409.0;1.9588;2.0000;-27.5573;-26.8252;130;320;0.2590;0.1014;0.0164;0.0723;0.0577;0.4588;0.4567
409.5;1.9597;2.0000;-27.0443;-26.3756;122;329;0.3177;0.0999;0.0164;0.0665;0.0587;0.4941;0.4567
410.0;1.9602;2.0000;-26.5214;-25.9069;112;335;0.2981;0.0984;0.0179;0.0606;0.0587;0.5294;0.4567
410.5;1.9611;2.0000;-26.1099;-25.4191;103;345;0.2884;0.0970;0.0179;0.0684;0.0587;0.5608;0.4567
411.0;1.9643;2.0000;-25.6153;-24.9130;93;355;0.3372;0.0882;0.0179;0.0694;0.0596;0.5961;0.4567
411.5;1.9679;2.0000;-25.1115;-24.3878;81;363;0.3275;0.0779;0.0179;0.0723;0.0596;0.6314;0.4567
412.0;1.9725;2.0000;-24.4824;-23.8443;71;370;0.3763;0.0677;0.0193;0.0635;0.0596;0.6667;0.4567
412.5;1.9771;2.0000;-23.9763;-23.2817;60;378;0.2884;0.0560;0.0193;0.0694;0.0606;0.7020;0.4567
413.0;1.9812;2.0000;-23.2321;-22.7008;52;382;0.2590;0.0457;0.0193;0.0528;0.0606;0.7333;0.4567
413.5;1.9844;2.0000;-22.6145;-22.1000;42;388;0.1613;0.0384;0.0193;0.0508;0.0606;0.7686;0.4567
414.0;1.9872;2.0000;-21.7145;-21.4817;38;388;0.1320;0.0311;0.0193;0.0225;0.0606;0.8039;0.4567
414.5;1.9886;2.0000;-20.9687;-20.8443;30;396;0.2590;0.0267;0.0193;0.0117;0.0606;0.8392;0.4567
415.0;1.9904;2.0000;-20.0046;-20.1878;28;396;0.1711;0.0223;0.0193;-0.0186;0.0606;0.8745;0.4567
415.5;1.9913;2.0000;-19.1168;-19.5130;24;400;0.1026;0.0208;0.0193;-0.0401;0.0606;0.9137;0.4567
416.0;1.9922;2.0000;-18.2573;-18.8191;19;404;0.0733;0.0179;0.0193;-0.0567;0.0606;0.9490;0.4567
416.5;1.9931;2.0000;-17.4733;-18.1191;15;406;0.0733;0.0149;0.0193;-0.0655;0.0596;0.9647;0.4567
417.0;1.9950;2.0000;-16.7107;-17.4191;15;406;0.0929;0.0120;0.0193;-0.0714;0.0596;0.9686;0.4567
417.5;1.9963;2.0000;-15.6336;-16.7191;19;398;0.2297;0.0076;0.0193;-0.1095;0.0596;0.9765;0.4567
418.0;1.9986;2.0000;-14.8313;-16.0191;19;398;0.1222;0.0032;0.0193;-0.1193;0.0587;0.9804;0.4567
418.5;2.0009;2.0000;-13.7954;-15.3191;22;392;0.0831;-0.0041;0.0193;-0.1525;0.0577;0.9882;0.4567
419.0;2.0027;2.0000;-12.8618;-14.6191;24;386;0.1320;-0.0085;0.0193;-0.1760;0.0567;0.9922;0.4567
419.5;2.0037;2.0000;-11.8115;-13.9191;30;378;0.1711;-0.0114;0.0193;-0.2111;0.0557;1.0000;0.4567
420.0;2.0032;2.0000;-11.0153;-13.2191;30;378;-0.0049;-0.0100;0.0193;-0.2209;0.0547;1.0039;0.4567
420.5;2.0023;2.0000;-10.0099;-12.5382;40;367;0.1906;-0.0070;0.0193;-0.2532;0.0538;0.9804;0.4567
421.0;2.0005;2.0000;-9.0802;-11.8756;54;357;0.1515;-0.0026;0.0193;-0.2796;0.0518;0.9569;0.4567
421.5;1.9991;2.0000;-8.3771;-11.2313;60;349;0.0538;0.0003;0.0193;-0.2864;0.0508;0.9333;0.4567
422.0;1.9982;2.0000;-7.4985;-10.6069;71;337;0.1808;0.0032;0.0193;-0.3109;0.0489;0.9098;0.4567
422.5;1.9963;2.0000;-6.8237;-10.0000;77;331;0.2297;0.0091;0.0193;-0.3187;0.0479;0.8824;0.4567
423.0;1.9936;2.0000;-5.8336;-9.4130;93;320;0.2004;0.0149;0.0193;-0.3587;0.0459;0.8588;0.4567
423.5;1.9904;2.0000;-5.0595;-8.8443;103;312;0.2493;0.0223;0.0193;-0.3793;0.0440;0.8314;0.4567
424.0;1.9886;2.0000;-4.1412;-8.2939;118;298;0.1417;0.0267;0.0193;-0.4154;0.0420;0.8078;0.4567
424.5;1.9867;2.0000;-3.6420;-7.7626;122;292;0.0440;0.0311;0.0208;-0.4125;0.0401;0.7804;0.4567
425.0;1.9853;2.0000;-3.0023;-7.2504;132;284;0.0244;0.0355;0.0208;-0.4252;0.0371;0.7569;0.4567
425.5;1.9835;2.0000;-2.3840;-6.7565;142;277;0.0733;0.0398;0.0208;-0.4379;0.0352;0.7294;0.4567
426.0;1.9812;2.0000;-1.9092;-6.2817;148;273;0.0635;0.0457;0.0208;-0.4379;0.0332;0.7059;0.4567
426.5;1.9780;2.0000;-1.4290;-5.8252;155;267;0.1222;0.0530;0.0208;-0.4399;0.0313;0.6784;0.4567
427.0;1.9757;2.0000;-1.2931;-5.3878;155;269;0.1222;0.0589;0.0208;-0.4096;0.0293;0.6510;0.4567
427.5;1.9734;2.0000;-0.9702;-4.9695;159;267;0.1026;0.0648;0.0208;-0.4008;0.0274;0.6275;0.4567
428.0;1.9707;2.0000;-0.7130;-4.5695;163;265;0.0244;0.0721;0.0223;-0.3861;0.0254;0.6000;0.4567
428.5;1.9684;2.0000;-0.2916;-4.1878;171;259;0.0049;0.0779;0.0223;-0.3900;0.0235;0.5725;0.4567
429.0;1.9666;2.0000;-0.1069;-3.8252;175;257;-0.0049;0.0823;0.0223;-0.3724;0.0215;0.5451;0.4567
429.5;1.9652;2.0000;0.2588;-3.4817;183;253;-0.0147;0.0867;0.0223;-0.3744;0.0196;0.5176;0.4567
430.0;1.9634;2.0000;0.3450;-3.1565;185;253;-0.0147;0.0911;0.0237;-0.3509;0.0176;0.4902;0.4567
430.5;1.9625;2.0000;0.5282;-2.8504;189;249;-0.0244;0.0926;0.0237;-0.3382;0.0156;0.4627;0.4567
431.0;1.9611;2.0000;0.8031;-2.5626;196;245;-0.0342;0.0955;0.0237;-0.3372;0.0147;0.4353;0.4567
431.5;1.9606;2.0000;0.9527;-2.2939;200;241;0.0440;0.0970;0.0237;-0.3255;0.0127;0.4078;0.4567
432.0;1.9597;2.0000;1.1061;-2.0443;204;238;-0.0440;0.0984;0.0252;-0.3157;0.0108;0.3804;0.4567
432.5;1.9592;2.0000;1.1557;-1.8130;206;238;0.0342;0.0999;0.0252;-0.2972;0.0098;0.3529;0.4567
433.0;1.9583;2.0000;1.2031;-1.6000;210;236;0.0342;0.1028;0.0252;-0.2805;0.0078;0.3255;0.4567
433.5;1.9574;2.0000;1.1237;-1.4069;210;236;0.0342;0.1043;0.0252;-0.2532;0.0068;0.2980;0.4567
434.0;1.9560;2.0000;1.2603;-1.2313;218;230;0.0244;0.1087;0.0267;-0.2493;0.0059;0.2667;0.4567
434.5;1.9547;2.0000;1.3740;-1.0756;224;226;-0.0538;0.1116;0.0267;-0.2454;0.0049;0.2392;0.4567
435.0;1.9538;2.0000;1.3145;-0.9382;228;224;-0.0538;0.1146;0.0267;-0.2258;0.0029;0.2118;0.4567
435.5;1.9528;2.0000;1.4420;-0.8191;236;218;-0.0538;0.1160;0.0281;-0.2268;0.0020;0.1804;0.4567
436.0;1.9519;2.0000;1.3198;-0.7191;238;216;0.0244;0.1190;0.0281;-0.2043;0.0010;0.1529;0.4567
436.5;1.9510;2.0000;1.4809;-0.6382;247;208;0.0244;0.1204;0.0281;-0.2121;-0.0000;0.1216;0.4567
437.0;1.9505;2.0000;1.3756;-0.5756;249;204;-0.0538;0.1219;0.0296;-0.1955;-0.0010;0.0941;0.4567
437.5;1.9501;2.0000;1.4870;-0.5313;257;198;0.0244;0.1234;0.0296;-0.2023;-0.0020;0.0627;0.4567
438.0;1.9505;2.0000;1.2206;-0.5069;259;198;-0.0440;0.1219;0.0296;-0.1730;-0.0029;0.0353;0.4567
438.5;1.9505;2.0000;1.2313;-0.5000;267;191;0.0342;0.1219;0.0311;-0.1740;-0.0039;0.0039;0.4567
439.0;1.9501;2.0000;0.9832;-0.5000;263;195;-0.0342;0.1234;0.0311;-0.1486;-0.0039;-0.0078;0.4567
439.5;1.9496;2.0000;1.0000;0.0000;69;388;-0.0049;0.1248;0.0311;-0.1007;-0.0049;0.7961;0.4567
440.0;1.9487;2.0000;1.0405;0.0000;255;206;-0.0440;0.1263;0.0325;-0.1046;-0.0049;0.0000;0.4567
440.5;1.9478;2.0000;0.7954;0.0000;251;212;-0.0342;0.1292;0.0325;-0.0802;-0.0059;0.0000;0.4567
441.0;1.9464;2.0000;0.6924;0.0000;249;216;-0.1026;0.1321;0.0325;-0.0694;-0.0059;0.0000;0.4567
441.5;1.9451;2.0000;0.5305;0.0000;245;220;0.0538;0.1365;0.0340;-0.0538;-0.0068;0.0000;0.4567
442.0;1.9441;2.0000;0.6496;0.0000;249;220;0.0538;0.1395;0.0340;-0.0655;-0.0068;0.0000;0.4567
442.5;1.9437;2.0000;0.6603;0.0000;249;218;-0.1026;0.1395;0.0355;-0.0665;-0.0068;0.0000;0.4567
443.0;1.9418;2.0000;0.8725;0.0000;255;212;-0.0342;0.1439;0.0355;-0.0880;-0.0078;0.0000;0.4567
443.5;1.9414;2.0000;0.7473;0.0000;253;216;-0.1124;0.1453;0.0355;-0.0753;-0.0078;0.0000;0.4567
444.0;1.9405;2.0000;0.4924;0.0000;247;224;-0.0244;0.1468;0.0369;-0.0499;-0.0078;0.0000;0.4567
444.5;1.9391;2.0000;0.5595;0.0000;251;222;0.0538;0.1512;0.0369;-0.0567;-0.0088;0.0000;0.4567
445.0;1.9386;2.0000;0.3748;0.0000;247;228;-0.0929;0.1527;0.0384;-0.0381;-0.0088;0.0000;0.4567
445.5;1.9382;2.0000;0.3710;0.0000;249;228;-0.0929;0.1527;0.0384;-0.0371;-0.0088;0.0000;0.4567
446.0;1.9382;2.0000;0.0427;0.0000;241;236;0.0733;0.1527;0.0384;-0.0049;-0.0088;0.0000;0.4567
446.5;1.9386;2.0000;0.0511;0.0000;241;236;0.1515;0.1527;0.0398;-0.0059;-0.0088;0.0000;0.4567
447.0;1.9396;2.0000;-0.3038;0.0000;232;243;0.0049;0.1497;0.0398;0.0303;-0.0088;0.0000;0.4567
447.5;1.9409;2.0000;-0.1885;0.0000;236;239;0.0049;0.1468;0.0413;0.0186;-0.0088;0.0000;0.4567
448.0;1.9428;2.0000;-0.2863;0.0000;234;243;0.0049;0.1424;0.0413;0.0283;-0.0088;0.0000;0.4567
448.5;1.9446;2.0000;-0.2038;0.0000;234;239;0.0049;0.1365;0.0413;0.0196;-0.0078;0.0000;0.4567
449.0;1.9469;2.0000;-0.2450;0.0000;232;239;-0.0733;0.1321;0.0428;0.0244;-0.0078;0.0000;0.4567
449.5;1.9483;2.0000;-0.4069;0.0000;230;245;0.0049;0.1277;0.0428;0.0401;-0.0078;0.0000;0.4646
450.0;1.9501;2.0005;-0.2740;0.0000;236;245;0.0049;0.1248;0.0428;0.0274;-0.0078;0.0000;0.4803
450.5;1.9524;2.0009;-0.3557;0.0000;234;247;-0.0733;0.1204;0.0442;0.0352;-0.0078;0.0000;0.4882
451.0;1.9547;2.0014;-0.2229;0.0000;239;247;0.0049;0.1160;0.0442;0.0215;-0.0078;0.0000;0.4961
451.5;1.9583;2.0023;-0.4939;0.0000;236;255;0.0147;0.1087;0.0442;0.0489;-0.0068;0.0000;0.5118
452.0;1.9625;2.0032;-0.4664;0.0000;238;255;-0.0635;0.0999;0.0457;0.0459;-0.0068;0.0000;0.5197
452.5;1.9675;2.0041;-0.7519;0.0000;232;265;0.0244;0.0911;0.0457;0.0743;-0.0068;0.0000;0.5276
453.0;1.9721;2.0055;-0.7023;0.0000;234;263;0.1026;0.0823;0.0457;0.0694;-0.0059;0.0000;0.5433
453.5;1.9785;2.0069;-0.6489;0.0000;236;263;0.0147;0.0706;0.0457;0.0645;-0.0059;0.0000;0.5512
454.0;1.9840;2.0082;-0.8573;0.0000;230;269;0.0244;0.0604;0.0472;0.0850;-0.0059;0.0000;0.5591
454.5;1.9899;2.0101;-0.8305;0.0000;232;269;0.0244;0.0501;0.0472;0.0821;-0.0049;0.0000;0.5748
455.0;1.9959;2.0119;-0.8412;0.0000;232;269;0.0244;0.0398;0.0472;0.0831;-0.0049;0.0000;0.5827
455.5;2.0023;2.0142;-0.5794;0.0000;239;263;-0.0635;0.0281;0.0472;0.0577;-0.0049;0.0000;0.5906
456.0;2.0082;2.0160;-0.6847;0.0000;238;267;-0.0635;0.0193;0.0472;0.0674;-0.0039;0.0000;0.6063
456.5;2.0147;2.0183;-0.4153;0.0000;239;255;0.0049;0.0091;0.0472;0.0411;-0.0039;0.0000;0.5984
457.0;2.0197;2.0201;-0.6229;0.0000;230;255;0.0147;0.0003;0.0472;0.0616;-0.0039;0.0000;0.5827
457.5;2.0238;2.0220;-0.6779;0.0000;224;253;0.0244;-0.0056;0.0472;0.0674;-0.0029;0.0000;0.5748
458.0;2.0279;2.0234;-0.8733;0.0000;214;253;0.0244;-0.0129;0.0472;0.0870;-0.0029;0.0000;0.5669
458.5;2.0316;2.0247;-0.7748;0.0000;214;247;-0.0538;-0.0188;0.0472;0.0772;-0.0020;0.0000;0.5512
459.0;2.0348;2.0261;-0.6412;0.0000;212;239;0.0147;-0.0231;0.0472;0.0635;-0.0020;0.0000;0.5433
459.5;2.0375;2.0270;-0.7237;0.0000;206;239;0.0244;-0.0275;0.0472;0.0714;-0.0020;0.0000;0.5354
460.0;2.0398;2.0279;-0.5382;0.0000;208;232;0.0147;-0.0305;0.0472;0.0538;-0.0020;0.0000;0.5276
460.5;2.0421;2.0288;-0.6198;0.0000;202;230;-0.0635;-0.0349;0.0472;0.0616;-0.0010;0.0000;0.5118
461.0;2.0440;2.0293;-0.3748;0.0000;204;222;-0.0733;-0.0378;0.0457;0.0371;-0.0010;0.0000;0.5039
461.5;2.0453;2.0298;-0.4977;0.0000;198;220;0.0147;-0.0393;0.0457;0.0489;-0.0010;0.0000;0.4961
462.0;2.0472;2.0302;-0.3374;0.0000;198;212;0.0049;-0.0437;0.0457;0.0332;-0.0010;0.0000;0.4803
462.5;2.0485;2.0302;-0.3595;0.0000;195;208;0.0049;-0.0451;0.0457;0.0352;-0.0000;0.0000;0.4724
463.0;2.0495;2.0302;-0.4305;0.0000;191;208;0.0147;-0.0481;0.0457;0.0430;-0.0000;0.0000;0.4646
463.5;2.0504;2.0302;-0.4847;0.0000;187;206;0.0147;-0.0510;0.0457;0.0479;-0.0000;0.0000;0.4567
464.0;2.0513;2.0298;-0.3779;0.0000;185;202;0.0049;-0.0539;0.0457;0.0371;-0.0000;0.0000;0.4488
464.5;2.0513;2.0293;-0.1656;0.0000;189;195;0.0831;-0.0554;0.0457;0.0156;-0.0000;0.0000;0.4409
465.0;2.0522;2.0288;-0.2244;0.0000;185;193;-0.0733;-0.0583;0.0442;0.0215;-0.0000;0.0000;0.4331
465.5;2.0522;2.0279;0.0389;0.0000;187;185;-0.0049;-0.0612;0.0442;-0.0049;-0.0000;0.0000;0.4252
466.0;2.0522;2.0270;-0.0756;0.0000;181;185;0.0733;-0.0642;0.0442;0.0068;-0.0000;0.0000;0.4173
466.5;2.0531;2.0261;-0.0267;0.0000;179;181;-0.0049;-0.0686;0.0442;0.0020;0.0010;0.0000;0.4094
467.0;2.0531;2.0247;0.0916;0.0000;179;175;-0.0049;-0.0715;0.0442;-0.0098;-0.0000;0.0000;0.4016
467.5;2.0527;2.0234;0.1740;0.0000;179;169;-0.0929;-0.0744;0.0428;-0.0176;-0.0000;0.0000;0.3937
468.0;2.0517;2.0220;0.1504;0.0000;175;169;-0.0147;-0.0759;0.0428;-0.0156;-0.0000;0.0000;0.3858
468.5;2.0504;2.0201;0.0542;0.0000;171;169;-0.0049;-0.0774;0.0428;-0.0059;-0.0000;0.0000;0.3780
469.0;2.0485;2.0183;0.1672;0.0000;169;165;0.0635;-0.0759;0.0428;-0.0176;-0.0000;0.0000;0.3701
469.5;2.0462;2.0160;0.0305;0.0000;165;165;-0.0049;-0.0759;0.0428;-0.0039;-0.0000;0.0000;0.3622
470.0;2.0435;2.0142;0.2023;0.0000;167;159;-0.0929;-0.0744;0.0413;-0.0205;-0.0000;0.0000;0.3543
470.5;2.0394;2.0114;0.1695;0.0000;165;157;-0.0929;-0.0700;0.0413;-0.0176;-0.0000;0.0000;0.3465
471.0;2.0353;2.0092;0.3015;0.0000;165;152;-0.0929;-0.0656;0.0413;-0.0303;-0.0000;0.0000;0.3307
471.5;2.0302;2.0064;0.2634;0.0000;163;152;0.0635;-0.0598;0.0413;-0.0274;-0.0000;0.0000;0.3228
472.0;2.0256;2.0037;0.2023;0.0000;163;153;-0.0147;-0.0554;0.0413;-0.0205;-0.0000;0.0000;0.3150
472.5;2.0215;2.0009;0.2924;0.0000;163;150;-0.0147;-0.0524;0.0413;-0.0293;-0.0010;0.0000;0.3071
473.0;2.0179;1.9977;0.3305;0.0000;161;148;-0.0147;-0.0524;0.0398;-0.0332;-0.0010;0.0000;0.2992
473.5;2.0137;1.9945;0.3756;0.0000;161;144;-0.0929;-0.0495;0.0398;-0.0381;-0.0010;0.0000;0.2913
474.0;2.0092;1.9908;0.2420;0.0000;155;146;-0.0147;-0.0466;0.0398;-0.0244;-0.0010;0.0000;0.2835
474.5;2.0041;1.9872;0.3618;0.0000;157;142;0.0635;-0.0422;0.0398;-0.0371;-0.0010;0.0000;0.2756
475.0;1.9986;1.9835;0.2779;0.0000;153;142;0.0635;-0.0378;0.0398;-0.0283;-0.0010;0.0000;0.2677
475.5;1.9927;1.9794;0.3450;0.0000;155;140;-0.0147;-0.0334;0.0398;-0.0352;-0.0020;0.0000;0.2598
476.0;1.9863;1.9757;0.3336;0.0000;153;138;-0.0147;-0.0275;0.0398;-0.0342;-0.0020;0.0000;0.2520
476.5;1.9803;1.9712;0.1802;0.0000;150;140;-0.0929;-0.0231;0.0398;-0.0186;-0.0020;0.0000;0.2441
477.0;1.9744;1.9670;0.1168;0.0000;146;140;-0.0049;-0.0202;0.0398;-0.0117;-0.0020;0.0000;0.2362
477.5;1.9679;1.9625;0.1656;0.0000;146;138;-0.0147;-0.0144;0.0398;-0.0166;-0.0020;0.0000;0.2283
478.0;1.9620;1.9579;0.2702;0.0000;148;134;0.0635;-0.0114;0.0398;-0.0274;-0.0020;0.0000;0.2205
478.5;1.9556;1.9528;0.2168;0.0000;146;134;-0.0147;-0.0070;0.0398;-0.0225;-0.0020;0.0000;0.2126
479.0;1.9492;1.9478;0.3298;0.0000;146;130;-0.0929;-0.0041;0.0398;-0.0332;-0.0020;0.0000;0.1969
479.5;1.9428;1.9428;0.1779;0.0000;142;132;-0.0147;0.0003;0.0398;-0.0186;-0.0020;0.0000;0.1890
480.0;1.9364;1.9373;0.2069;0.0000;142;130;0.0635;0.0018;0.0398;-0.0215;-0.0029;0.0000;0.1811
480.5;1.9290;1.9318;0.0687;0.0000;136;132;-0.0049;0.0062;0.0398;-0.0078;-0.0029;0.0000;0.1732
481.0;1.9226;1.9263;0.0870;0.0000;134;128;-0.0049;0.0091;0.0398;-0.0088;-0.0029;0.0000;0.1654
481.5;1.9158;1.9203;0.0351;0.0000;132;128;-0.0049;0.0120;0.0398;-0.0039;-0.0029;0.0000;0.1575
482.0;1.9093;1.9148;-0.0779;0.0000;126;130;0.0733;0.0135;0.0398;0.0068;-0.0029;0.0000;0.1496
482.5;1.9034;1.9084;-0.1069;0.0000;124;128;-0.0049;0.0120;0.0398;0.0098;-0.0029;0.0000;0.1417
483.0;1.8970;1.9025;-0.2313;0.0000;120;130;0.0831;0.0120;0.0398;0.0225;-0.0020;0.0000;0.1339
483.5;1.8910;1.8961;-0.1802;0.0000;118;126;0.0049;0.0120;0.0398;0.0176;-0.0020;0.0000;0.1260
484.0;1.8855;1.8892;-0.3389;0.0000;112;128;0.0831;0.0091;0.0398;0.0332;-0.0020;0.0000;0.1181
484.5;1.8800;1.8828;-0.3412;0.0000;110;124;0.0049;0.0062;0.0398;0.0332;-0.0020;0.0000;0.1024
485.0;1.8741;1.8759;-0.3916;0.0000;107;122;0.0049;0.0032;0.0398;0.0381;-0.0020;0.0000;0.0945
485.5;1.8677;1.8686;-0.3802;0.0000;103;120;0.0049;0.0018;0.0398;0.0371;-0.0020;0.0000;0.0866
486.0;1.8617;1.8613;-0.4008;0.0000;101;118;0.0049;-0.0012;0.0398;0.0391;-0.0010;0.0000;0.0787
486.5;1.8558;1.8539;-0.2695;0.0000;101;112;0.0049;-0.0056;0.0398;0.0264;-0.0010;0.0000;0.0709
487.0;1.8507;1.8466;-0.0908;0.0000;101;107;0.0733;-0.0100;0.0398;0.0088;-0.0010;0.0000;0.0630
487.5;1.8452;1.8388;-0.1626;0.0000;97;105;0.0049;-0.0158;0.0398;0.0156;-0.0010;0.0000;0.0551
488.0;1.8393;1.8310;0.0008;0.0000;97;97;-0.0049;-0.0217;0.0398;-0.0010;-0.0010;0.0000;0.0472
488.5;1.8338;1.8233;-0.1153;0.0000;91;97;-0.0049;-0.0275;0.0398;0.0108;-0.0010;0.0000;0.0315
489.0;1.8274;1.8150;0.0221;0.0000;91;91;0.0733;-0.0305;0.0398;-0.0029;-0.0010;0.0000;0.0236
489.5;1.8210;1.8068;0.0756;0.0000;89;87;-0.0049;-0.0363;0.0398;-0.0078;-0.0010;0.0000;0.0157
490.0;1.8141;1.7985;0.1527;0.0000;87;81;-0.0147;-0.0407;0.0384;-0.0156;-0.0010;0.0000;0.0079
490.5;1.8072;1.7898;0.0710;0.0000;81;79;0.0733;-0.0451;0.0384;-0.0078;-0.0010;0.0000;-0.0000
491.0;1.8017;1.7811;-0.0092;0.0000;77;77;-0.0049;-0.0524;0.0384;-0.0000;-0.0010;0.0000;-0.0079
491.5;1.7958;1.7720;0.0763;0.0000;75;71;-0.0049;-0.0598;0.0384;-0.0078;-0.0010;0.0000;-0.0157
492.0;1.7903;1.7633;0.0290;0.0000;69;69;-0.0049;-0.0686;0.0384;-0.0039;-0.0010;0.0000;-0.0315
492.5;1.7853;1.7537;0.1344;0.0000;67;64;0.0733;-0.0788;0.0384;-0.0137;-0.0010;0.0000;-0.0394
493.0;1.7802;1.7445;-0.0053;0.0000;60;62;-0.0049;-0.0905;0.0369;-0.0000;-0.0010;0.0000;-0.0472
493.5;1.7734;1.7349;0.0305;0.0000;58;56;-0.0049;-0.0964;0.0369;-0.0039;-0.0010;0.0000;-0.0551
494.0;1.7669;1.7253;-0.0092;0.0000;52;54;-0.0049;-0.1052;0.0369;-0.0000;-0.0010;0.0000;-0.0630
494.5;1.7610;1.7152;-0.0366;0.0000;48;50;-0.0049;-0.1140;0.0369;0.0029;-0.0010;0.0000;-0.0709
495.0;1.7541;1.7056;-0.0611;0.0000;44;46;-0.0049;-0.1228;0.0355;0.0059;-0.0010;0.0000;-0.0866
495.5;1.7468;1.6951;0.0237;0.0000;40;38;-0.0831;-0.1301;0.0355;-0.0029;-0.0010;0.0000;-0.0945
496.0;1.7395;1.6850;-0.0458;0.0000;34;36;-0.0049;-0.1374;0.0340;0.0039;-0.0010;0.0000;-0.1024
496.5;1.7317;1.6745;-0.1237;0.0000;28;34;-0.0831;-0.1447;0.0340;0.0117;-0.0010;0.0000;-0.1102
497.0;1.7234;1.6639;0.0473;0.0000;28;26;-0.0049;-0.1491;0.0340;-0.0049;-0.0010;0.0000;-0.1181
497.5;1.7147;1.6529;-0.0672;0.0000;22;24;-0.0831;-0.1550;0.0325;0.0059;-0.0010;0.0000;-0.1260
498.0;1.7056;1.6419;-0.0015;0.0000;21;21;-0.0049;-0.1594;0.0325;-0.0000;-0.0010;0.0000;-0.1417
498.5;1.6960;1.6310;-0.0947;0.0000;15;19;-0.0831;-0.1623;0.0311;0.0088;-0.0010;0.0000;-0.1496
499.0;1.6854;1.6200;-0.1366;0.0000;11;17;-0.0831;-0.1653;0.0311;0.0127;-0.0010;0.0000;-0.1575
499.5;1.6749;1.6085;-0.2901;0.0000;5;17;-0.0733;-0.1682;0.0296;0.0283;-0.0010;0.0000;-0.1654
500.0;1.6648;1.5966;-0.2527;0.0000;3;13;0.0049;-0.1711;0.0296;0.0244;-0.0010;0.0000;-0.1732
500.5;1.6538;1.5852;-0.2244;0.0000;1;9;0.0049;-0.1726;0.0296;0.0215;-0.0010;0.0000;-0.1890
501.0;1.6424;1.5733;-0.2855;0.0000;-5;7;-0.0733;-0.1726;0.0281;0.0283;-0.0010;0.0000;-0.1969
501.5;1.6296;1.5614;-0.2374;0.0000;-7;3;0.0831;-0.1711;0.0281;0.0235;-0.0000;0.0000;-0.2047
502.0;1.6158;1.5490;-0.3168;0.0000;-11;3;-0.0733;-0.1682;0.0267;0.0313;-0.0000;0.0000;-0.2126
502.5;1.6021;1.5366;-0.1511;0.0000;-9;-3;-0.0733;-0.1653;0.0267;0.0147;-0.0000;0.0000;-0.2283
503.0;1.5875;1.5243;-0.1656;0.0000;-11;-5;0.0049;-0.1594;0.0252;0.0156;-0.0000;0.0000;-0.2362
503.5;1.5733;1.5114;-0.0321;0.0000;-9;-11;-0.0831;-0.1550;0.0252;0.0029;-0.0000;0.0000;-0.2441
504.0;1.5591;1.4991;-0.0634;0.0000;-9;-9;-0.0049;-0.1506;0.0237;0.0059;-0.0000;0.0000;-0.2362
504.5;1.5449;1.4867;-0.0588;0.0000;-7;-7;-0.0049;-0.1462;0.0237;0.0049;-0.0000;0.0000;-0.2283
505.0;1.5307;1.4744;-0.1565;0.0000;-9;-3;0.0049;-0.1403;0.0237;0.0147;-0.0000;0.0000;-0.2283
505.5;1.5156;1.4625;-0.1405;0.0000;-7;-1;0.0049;-0.1345;0.0223;0.0137;-0.0000;0.0000;-0.2205
506.0;1.5009;1.4505;-0.0374;0.0000;-3;-1;0.0733;-0.1272;0.0223;0.0029;-0.0000;0.0000;-0.2126
506.5;1.4876;1.4386;-0.1229;0.0000;-3;3;-0.0831;-0.1228;0.0223;0.0117;-0.0000;0.0000;-0.2047
507.0;1.4744;1.4272;-0.0557;0.0000;1;3;-0.0049;-0.1184;0.0208;0.0049;-0.0000;0.0000;-0.1969
507.5;1.4606;1.4158;-0.0771;0.0000;1;5;0.0733;-0.1125;0.0208;0.0068;-0.0000;0.0000;-0.1969
508.0;1.4464;1.4048;-0.0214;0.0000;5;7;-0.0049;-0.1052;0.0208;0.0020;-0.0000;0.0000;-0.1890
508.5;1.4322;1.3933;-0.0214;0.0000;7;9;0.0733;-0.0979;0.0193;0.0020;-0.0000;0.0000;-0.1811
509.0;1.4176;1.3828;0.0954;0.0000;11;7;-0.0049;-0.0876;0.0193;-0.0098;-0.0000;0.0000;-0.1732
509.5;1.4029;1.3713;0.0137;0.0000;9;9;-0.0049;-0.0788;0.0193;-0.0020;-0.0000;0.0000;-0.1890
510.0;1.3887;1.3603;0.0023;0.0000;11;11;0.0733;-0.0715;0.0193;-0.0010;-0.0000;0.0000;-0.1811
510.5;1.3750;1.3498;-0.0038;0.0000;13;15;-0.0049;-0.0642;0.0193;-0.0000;-0.0000;0.0000;-0.1732
511.0;1.3622;1.3393;-0.0252;0.0000;15;17;-0.0831;-0.0583;0.0179;0.0020;-0.0000;0.0000;-0.1654
511.5;1.3489;1.3288;0.0496;0.0000;19;17;0.0733;-0.0510;0.0179;-0.0059;-0.0000;0.0000;-0.1575
512.0;1.3356;1.3182;-0.0863;0.0000;17;22;-0.0049;-0.0437;0.0179;0.0078;-0.0000;0.0000;-0.1575
512.5;1.3223;1.3082;-0.0450;0.0000;21;24;-0.0049;-0.0363;0.0179;0.0039;-0.0000;0.0000;-0.1496
513.0;1.3082;1.2981;-0.1443;0.0000;21;28;0.0831;-0.0261;0.0179;0.0137;-0.0000;0.0000;-0.1417
513.5;1.2940;1.2885;-0.0786;0.0000;24;30;-0.0831;-0.0144;0.0179;0.0078;-0.0000;0.0000;-0.1339
514.0;1.2802;1.2788;-0.1191;0.0000;26;34;0.0733;-0.0041;0.0179;0.0117;-0.0000;0.0000;-0.1260
514.5;1.2660;1.2692;-0.0168;0.0000;32;34;-0.0831;0.0076;0.0179;0.0010;-0.0000;0.0000;-0.1181
515.0;1.2518;1.2596;-0.0267;0.0000;34;38;0.1515;0.0193;0.0179;0.0020;-0.0000;0.0000;-0.1181
515.5;1.2376;1.2505;-0.0802;0.0000;36;44;-0.0049;0.0311;0.0179;0.0078;-0.0000;0.0000;-0.1102
516.0;1.2244;1.2413;0.1183;0.0000;46;40;-0.0049;0.0428;0.0179;-0.0127;-0.0000;0.0000;-0.1024
516.5;1.2125;1.2326;0.0908;0.0000;48;46;-0.0049;0.0486;0.0179;-0.0098;-0.0000;0.0000;-0.0945
517.0;1.2010;1.2239;0.1626;0.0000;52;46;-0.0147;0.0560;0.0193;-0.0166;-0.0000;0.0000;-0.0866
517.5;1.1896;1.2152;0.1443;0.0000;54;50;-0.0147;0.0633;0.0193;-0.0147;-0.0000;0.0000;-0.0787
518.0;1.1781;1.2070;0.2603;0.0000;60;50;-0.0147;0.0706;0.0193;-0.0264;-0.0000;0.0000;-0.0787
518.5;1.1671;1.1987;0.1336;0.0000;60;54;-0.0049;0.0779;0.0193;-0.0137;-0.0000;0.0000;-0.0709
519.0;1.1571;1.1905;0.2473;0.0000;64;54;-0.0147;0.0823;0.0193;-0.0254;-0.0000;0.0000;-0.0630
519.5;1.1470;1.1822;0.3099;0.0000;67;56;-0.0147;0.0882;0.0208;-0.0313;-0.0000;0.0000;-0.0551
520.0;1.1369;1.1745;0.3252;0.0000;69;58;0.0635;0.0941;0.0208;-0.0332;-0.0000;0.0000;-0.0472
520.5;1.1264;1.1671;0.3351;0.0000;71;60;0.0635;0.1014;0.0208;-0.0342;-0.0010;0.0000;-0.0394
521.0;1.1154;1.1593;0.2527;0.0000;73;64;-0.0147;0.1102;0.0208;-0.0254;-0.0010;0.0000;-0.0315
521.5;1.1049;1.1520;0.2328;0.0000;75;67;-0.0929;0.1175;0.0223;-0.0235;-0.0010;0.0000;-0.0315
522.0;1.0952;1.1451;0.1618;0.0000;77;71;-0.0147;0.1234;0.0223;-0.0166;-0.0010;0.0000;-0.0236
522.5;1.0852;1.1378;0.2099;0.0000;81;73;-0.0147;0.1307;0.0223;-0.0215;-0.0010;0.0000;-0.0157
523.0;1.0746;1.1310;0.0557;0.0000;81;79;-0.0049;0.1395;0.0237;-0.0059;-0.0010;0.0000;-0.0079
523.5;1.0659;1.1241;-0.0015;0.0000;81;83;-0.0049;0.1453;0.0237;-0.0000;-0.0010;0.0000;-0.0000
524.0;1.0572;1.1177;-0.0443;0.0000;83;87;0.0733;0.1497;0.0252;0.0039;-0.0010;0.0000;0.0079
524.5;1.0485;1.1113;-0.1031;0.0000;85;91;-0.0049;0.1556;0.0252;0.0098;-0.0010;0.0000;0.0157
525.0;1.0412;1.1053;-0.0137;0.0000;89;91;-0.0049;0.1585;0.0267;0.0010;-0.0010;0.0000;0.0157
525.5;1.0334;1.0989;-0.0901;0.0000;91;95;-0.0049;0.1629;0.0267;0.0088;-0.0010;0.0000;0.0236
526.0;1.0270;1.0929;-0.0664;0.0000;93;97;-0.0049;0.1644;0.0267;0.0059;-0.0010;0.0000;0.0315
526.5;1.0197;1.0875;-0.0733;0.0000;95;99;-0.0049;0.1688;0.0281;0.0068;-0.0010;0.0000;0.0394
527.0;1.0124;1.0815;0.0275;0.0000;99;99;0.0733;0.1717;0.0281;-0.0029;-0.0010;0.0000;0.0472
527.5;1.0050;1.0760;-0.0802;0.0000;99;103;-0.0049;0.1776;0.0296;0.0078;-0.0010;0.0000;0.0551
528.0;0.9986;1.0710;0.0565;0.0000;105;103;-0.0831;0.1805;0.0296;-0.0059;-0.0010;0.0000;0.0630
528.5;0.9918;1.0659;0.0855;0.0000;109;105;0.0733;0.1834;0.0311;-0.0088;-0.0010;0.0000;0.0709
529.0;0.9853;1.0609;0.0824;0.0000;110;107;-0.0831;0.1878;0.0311;-0.0088;-0.0010;0.0000;0.0787
529.5;0.9789;1.0559;0.1435;0.0000;114;107;-0.0147;0.1907;0.0325;-0.0147;-0.0010;0.0000;0.0866
530.0;0.9730;1.0513;0.2015;0.0000;118;109;-0.0147;0.1951;0.0325;-0.0205;-0.0010;0.0000;0.0866
530.5;0.9679;1.0467;0.2580;0.0000;120;109;-0.0147;0.1966;0.0340;-0.0264;-0.0010;0.0000;0.0945
531.0;0.9634;1.0421;0.2023;0.0000;122;110;-0.0929;0.1966;0.0340;-0.0205;-0.0010;0.0000;0.1024
531.5;0.9592;1.0380;0.2435;0.0000;124;112;0.0635;0.1951;0.0355;-0.0244;-0.0020;0.0000;0.1102
532.0;0.9551;1.0339;0.0496;0.0000;122;118;-0.0049;0.1966;0.0369;-0.0059;-0.0020;0.0000;0.1181
532.5;0.9515;1.0302;0.0260;0.0000;122;122;0.0733;0.1951;0.0369;-0.0029;-0.0020;0.0000;0.1260
533.0;0.9478;1.0266;-0.0313;0.0000;124;124;-0.0049;0.1951;0.0384;0.0029;-0.0020;0.0000;0.1339
533.5;0.9446;1.0229;-0.0511;0.0000;124;126;0.0733;0.1937;0.0384;0.0049;-0.0020;0.0000;0.1417
534.0;0.9418;1.0192;-0.0534;0.0000;126;128;-0.0049;0.1937;0.0398;0.0049;-0.0010;0.0000;0.1496
534.5;0.9386;1.0160;-0.1145;0.0000;126;132;-0.0831;0.1937;0.0398;0.0108;-0.0010;0.0000;0.1575
535.0;0.9359;1.0128;-0.2420;0.0000;124;136;0.0831;0.1922;0.0413;0.0235;-0.0010;0.0000;0.1654
535.5;0.9350;1.0101;-0.2603;0.0000;126;138;0.0049;0.1878;0.0413;0.0254;-0.0010;0.0000;0.1732
536.0;0.9336;1.0073;-0.2450;0.0000;126;138;0.0049;0.1820;0.0428;0.0244;-0.0010;0.0000;0.1811
536.5;0.9322;1.0046;-0.3809;0.0000;126;144;-0.0733;0.1790;0.0428;0.0371;-0.0010;0.0000;0.1811
537.0;0.9313;1.0018;-0.3595;0.0000;126;144;0.0831;0.1761;0.0442;0.0352;-0.0010;0.0000;0.1890
537.5;0.9304;1.0000;-0.4634;0.0000;126;148;-0.0635;0.1732;0.0442;0.0459;-0.0000;0.0000;0.2047
538.0;0.9299;1.0000;-0.4855;0.0000;152;173;-0.0635;0.1732;0.0457;0.0479;-0.0000;0.0000;0.3150
538.5;0.9313;1.0000;-0.4427;0.0000;153;171;0.0147;0.1702;0.0457;0.0440;-0.0000;0.0000;0.3150
539.0;0.9327;1.0000;-0.4008;0.0000;153;171;0.0831;0.1673;0.0472;0.0391;-0.0000;0.0000;0.3150
539.5;0.9345;1.0000;-0.4344;0.0000;152;173;0.0929;0.1629;0.0472;0.0430;-0.0000;0.0000;0.3150
540.0;0.9364;1.0000;-0.4573;0.0000;152;171;-0.0635;0.1570;0.0472;0.0450;0.0010;0.0000;0.3150
540.5;0.9391;1.0000;-0.4015;0.0000;152;171;0.0831;0.1512;0.0486;0.0401;0.0010;0.0000;0.3150
541.0;0.9409;1.0000;-0.5023;0.0000;148;171;-0.0635;0.1468;0.0486;0.0499;0.0010;0.0000;0.3150
541.5;0.9432;1.0000;-0.4389;0.0000;148;169;0.1711;0.1395;0.0501;0.0430;0.0010;0.0000;0.3150
542.0;0.9460;1.0000;-0.5679;0.0000;144;171;0.0147;0.1336;0.0501;0.0567;0.0020;0.0000;0.3150
542.5;0.9487;1.0000;-0.6160;0.0000;142;171;0.0147;0.1263;0.0501;0.0616;0.0020;0.0000;0.3150
543.0;0.9505;1.0000;-0.6855;0.0000;140;171;0.0147;0.1219;0.0516;0.0684;0.0020;0.0000;0.3150
543.5;0.9528;1.0000;-0.6931;0.0000;138;171;0.0929;0.1175;0.0516;0.0684;0.0029;0.0000;0.3150
544.0;0.9547;1.0000;-0.6527;0.0000;138;169;0.0147;0.1116;0.0516;0.0645;0.0029;0.0000;0.3150
544.5;0.9556;1.0000;-0.5695;0.0000;138;165;-0.0635;0.1087;0.0530;0.0567;0.0029;0.0000;0.3150
545.0;0.9570;1.0000;-0.5626;0.0000;138;165;0.0929;0.1058;0.0530;0.0557;0.0039;0.0000;0.3150
545.5;0.9588;1.0000;-0.6511;0.0000;136;165;-0.0635;0.1028;0.0530;0.0645;0.0039;0.0000;0.3150
546.0;0.9602;1.0000;-0.5450;0.0000;138;163;0.0929;0.0984;0.0545;0.0538;0.0039;0.0000;0.3150
546.5;0.9615;1.0000;-0.6405;0.0000;134;165;-0.0635;0.0955;0.0545;0.0635;0.0049;0.0000;0.3150
547.0;0.9629;1.0000;-0.5672;0.0000;134;163;0.0929;0.0911;0.0545;0.0557;0.0049;0.0000;0.3150
547.5;0.9643;1.0000;-0.5878;0.0000;134;161;-0.0635;0.0882;0.0545;0.0587;0.0049;0.0000;0.3150
548.0;0.9652;1.0000;-0.6389;0.0000;132;161;-0.0635;0.0853;0.0560;0.0635;0.0049;0.0000;0.3150
548.5;0.9661;1.0000;-0.7099;0.0000;128;163;0.1026;0.0823;0.0560;0.0704;0.0059;0.0000;0.3150
549.0;0.9670;1.0000;-0.6336;0.0000;130;161;0.0147;0.0823;0.0560;0.0626;0.0059;0.0000;0.3150
549.5;0.9684;1.0000;-0.5366;0.0000;132;159;0.0147;0.0779;0.0560;0.0528;0.0059;0.0000;0.3150
550.0;0.9707;1.0000;-0.5893;0.0000;130;159;0.0147;0.0721;0.0560;0.0587;0.0068;0.0000;0.3150
550.5;0.9730;1.0000;-0.4328;0.0000;132;155;0.0147;0.0662;0.0574;0.0430;0.0068;0.0000;0.3150
551.0;0.9753;1.0000;-0.5550;0.0000;128;157;-0.0635;0.0604;0.0574;0.0547;0.0068;0.0000;0.3150
551.5;0.9780;1.0000;-0.4565;0.0000;128;153;0.0147;0.0545;0.0574;0.0450;0.0068;0.0000;0.3150
552.0;0.9794;1.0000;-0.4824;0.0000;128;152;-0.0635;0.0501;0.0574;0.0479;0.0078;0.0000;0.3150
552.5;0.9799;1.0000;-0.4473;0.0000;128;152;0.0929;0.0486;0.0574;0.0440;0.0078;0.0000;0.3150
553.0;0.9808;1.0000;-0.4267;0.0000;128;150;-0.0635;0.0472;0.0574;0.0420;0.0078;0.0000;0.3150
553.5;0.9808;1.0000;-0.4015;0.0000;128;150;0.0831;0.0472;0.0574;0.0401;0.0078;0.0000;0.3150
554.0;0.9812;1.0000;-0.4634;0.0000;126;152;-0.1417;0.0457;0.0589;0.0459;0.0088;0.0000;0.3150
554.5;0.9812;1.0000;-0.4313;0.0000;126;150;-0.0635;0.0457;0.0589;0.0430;0.0088;0.0000;0.3150
555.0;0.9831;1.0000;-0.2634;0.0000;130;146;0.0831;0.0413;0.0589;0.0254;0.0088;0.0000;0.3150
555.5;0.9849;1.0000;-0.3489;0.0000;126;148;0.0049;0.0369;0.0589;0.0342;0.0088;0.0000;0.3150
556.0;0.9881;1.0000;-0.2229;0.0000;128;142;-0.0733;0.0296;0.0589;0.0215;0.0088;0.0000;0.3150
556.5;0.9904;1.0000;-0.2565;0.0000;128;142;-0.0733;0.0223;0.0589;0.0254;0.0088;0.0000;0.3150
557.0;0.9936;1.0000;-0.2702;0.0000;126;142;-0.0733;0.0149;0.0589;0.0264;0.0098;0.0000;0.3150
557.5;0.9968;1.0000;-0.1977;0.0000;126;138;0.0049;0.0062;0.0589;0.0196;0.0098;0.0000;0.3150
558.0;1.0000;1.0000;-0.1550;0.0000;124;136;-0.0733;-0.0012;0.0589;0.0147;0.0098;0.0000;0.3150
558.5;1.0041;1.0000;-0.2328;0.0000;122;136;0.0831;-0.0114;0.0589;0.0225;0.0098;0.0000;0.3150
559.0;1.0073;1.0000;-0.2481;0.0000;118;134;-0.0733;-0.0202;0.0589;0.0244;0.0098;0.0000;0.3150
559.5;1.0105;1.0000;-0.3092;0.0000;116;134;0.0049;-0.0275;0.0589;0.0303;0.0098;0.0000;0.3150
560.0;1.0133;1.0000;-0.4015;0.0000;112;134;0.0049;-0.0349;0.0589;0.0401;0.0098;0.0000;0.3150
560.5;1.0160;1.0000;-0.2679;0.0000;114;130;0.0049;-0.0422;0.0589;0.0264;0.0098;0.0000;0.3150
561.0;1.0197;1.0000;-0.3656;0.0000;110;130;-0.0733;-0.0510;0.0589;0.0362;0.0108;0.0000;0.3150
561.5;1.0234;1.0000;-0.2832;0.0000;110;126;0.0049;-0.0598;0.0574;0.0274;0.0108;0.0000;0.3150
562.0;1.0256;1.0000;-0.3351;0.0000;107;126;-0.0733;-0.0656;0.0574;0.0332;0.0108;0.0000;0.3150
562.5;1.0288;1.0000;-0.3473;0.0000;105;124;0.0831;-0.0744;0.0574;0.0342;0.0108;0.0000;0.3150
563.0;1.0321;1.0000;-0.3145;0.0000;105;122;0.0049;-0.0803;0.0574;0.0313;0.0108;0.0000;0.3150
563.5;1.0343;1.0000;-0.2695;0.0000;103;120;-0.0049;-0.0876;0.0574;0.0264;0.0108;0.0000;0.3150
564.0;1.0366;1.0000;-0.2855;0.0000;101;118;0.0049;-0.0935;0.0560;0.0283;0.0117;0.0000;0.3150
564.5;1.0389;1.0000;-0.4069;0.0000;97;120;0.0049;-0.0979;0.0560;0.0401;0.0117;0.0000;0.3150
565.0;1.0408;1.0000;-0.2672;0.0000;99;116;0.0049;-0.1037;0.0560;0.0264;0.0117;0.0000;0.3150
565.5;1.0430;1.0000;-0.3313;0.0000;97;116;-0.0733;-0.1081;0.0560;0.0323;0.0117;0.0000;0.3150
566.0;1.0440;1.0000;-0.2130;0.0000;99;110;-0.0733;-0.1110;0.0545;0.0205;0.0117;0.0000;0.3150
566.5;1.0444;1.0000;-0.2183;0.0000;99;110;0.0049;-0.1125;0.0545;0.0215;0.0117;0.0000;0.3150
567.0;1.0449;1.0000;-0.2863;0.0000;97;110;-0.0733;-0.1140;0.0545;0.0283;0.0117;0.0000;0.3150
567.5;1.0458;1.0000;-0.3275;0.0000;95;112;0.0049;-0.1154;0.0530;0.0323;0.0127;0.0000;0.3150
568.0;1.0467;1.0000;-0.2832;0.0000;95;110;0.0049;-0.1184;0.0530;0.0274;0.0127;0.0000;0.3150
568.5;1.0476;1.0000;-0.2313;0.0000;97;109;0.0049;-0.1213;0.0530;0.0225;0.0127;0.0000;0.3150
569.0;1.0490;1.0000;-0.2641;0.0000;95;109;0.0049;-0.1242;0.0516;0.0254;0.0127;0.0000;0.3150
569.5;1.0495;1.0000;-0.1992;0.0000;95;107;0.0049;-0.1242;0.0516;0.0196;0.0127;0.0000;0.3150
570.0;1.0504;1.0000;-0.2679;0.0000;93;109;0.0049;-0.1272;0.0516;0.0264;0.0127;0.0000;0.3150
570.5;1.0508;1.0000;-0.1542;0.0000;95;105;-0.0733;-0.1286;0.0501;0.0147;0.0127;0.0000;0.3150
571.0;1.0517;1.0000;-0.1511;0.0000;95;105;0.0049;-0.1301;0.0501;0.0147;0.0127;0.0000;0.3150
571.5;1.0513;1.0000;-0.0282;0.0000;97;101;-0.0049;-0.1301;0.0501;0.0020;0.0127;0.0000;0.3150
572.0;1.0508;1.0000;-0.0809;0.0000;95;103;0.0733;-0.1286;0.0486;0.0078;0.0127;0.0000;0.3150
572.5;1.0508;1.0000;-0.0466;0.0000;95;103;-0.0049;-0.1286;0.0486;0.0039;0.0127;0.0000;0.3150
573.0;1.0508;1.0000;-0.1168;0.0000;93;103;-0.0049;-0.1286;0.0486;0.0108;0.0137;0.0000;0.3150
573.5;1.0499;1.0000;-0.1038;0.0000;93;103;-0.0831;-0.1257;0.0472;0.0098;0.0137;0.0000;0.3150
574.0;1.0490;1.0000;0.0962;0.0000;97;99;0.0733;-0.1228;0.0472;-0.0098;0.0137;0.0000;0.3150
574.5;1.0472;1.0000;0.0031;0.0000;97;101;0.0733;-0.1184;0.0472;-0.0010;0.0137;0.0000;0.3150
575.0;1.0453;1.0000;0.1198;0.0000;99;99;-0.0049;-0.1140;0.0457;-0.0127;0.0127;0.0000;0.3150
575.5;1.0435;1.0000;0.1176;0.0000;101;101;0.0733;-0.1096;0.0457;-0.0127;0.0127;0.0000;0.3150
576.0;1.0421;1.0000;0.1046;0.0000;101;101;-0.0831;-0.1067;0.0457;-0.0108;0.0127;0.0000;0.3150
576.5;1.0412;1.0000;0.0710;0.0000;99;103;0.0733;-0.1052;0.0442;-0.0078;0.0127;0.0000;0.3150
577.0;1.0403;1.0000;0.1733;0.0000;103;101;-0.0147;-0.1023;0.0442;-0.0176;0.0127;0.0000;0.3150
577.5;1.0389;1.0000;0.1313;0.0000;103;101;0.0733;-0.0993;0.0442;-0.0137;0.0127;0.0000;0.3150
578.0;1.0380;1.0000;0.1489;0.0000;103;101;-0.0929;-0.0964;0.0442;-0.0156;0.0127;0.0000;0.3150
578.5;1.0371;1.0000;0.1519;0.0000;103;103;0.0635;-0.0935;0.0428;-0.0156;0.0127;0.0000;0.3150
579.0;1.0362;1.0000;0.1489;0.0000;105;103;-0.0929;-0.0920;0.0428;-0.0156;0.0127;0.0000;0.3150
579.5;1.0348;1.0000;0.2328;0.0000;107;101;-0.0147;-0.0891;0.0428;-0.0235;0.0127;0.0000;0.3150
580.0;1.0339;1.0000;0.1634;0.0000;105;103;-0.0929;-0.0861;0.0428;-0.0166;0.0127;0.0000;0.3150
580.5;1.0330;1.0000;0.2252;0.0000;107;101;0.0635;-0.0832;0.0413;-0.0235;0.0127;0.0000;0.3150
581.0;1.0325;1.0000;0.1153;0.0000;105;105;-0.0831;-0.0817;0.0413;-0.0117;0.0127;0.0000;0.3150
581.5;1.0311;1.0000;0.1832;0.0000;107;103;-0.0147;-0.0788;0.0413;-0.0186;0.0117;0.0000;0.3150
582.0;1.0311;1.0000;0.2397;0.0000;109;103;-0.0147;-0.0788;0.0413;-0.0244;0.0117;0.0000;0.3150
582.5;1.0302;0.9995;0.2611;0.0000;107;101;-0.0147;-0.0774;0.0398;-0.0264;0.0117;0.0000;0.3071
583.0;1.0288;0.9991;0.3359;0.0000;109;97;-0.0147;-0.0744;0.0398;-0.0342;0.0117;0.0000;0.2992
583.5;1.0266;0.9986;0.2076;0.0000;103;99;0.0635;-0.0700;0.0398;-0.0215;0.0117;0.0000;0.2913
584.0;1.0243;0.9982;0.2588;0.0000;103;97;-0.0147;-0.0656;0.0398;-0.0264;0.0117;0.0000;0.2835
584.5;1.0220;0.9973;0.2046;0.0000;101;97;0.0635;-0.0627;0.0398;-0.0205;0.0117;0.0000;0.2756
585.0;1.0192;0.9963;0.1573;0.0000;99;97;-0.0929;-0.0583;0.0398;-0.0166;0.0117;0.0000;0.2677
585.5;1.0174;0.9954;0.1939;0.0000;99;95;-0.0147;-0.0554;0.0384;-0.0196;0.0117;0.0000;0.2598
586.0;1.0151;0.9940;0.1939;0.0000;97;95;-0.0147;-0.0524;0.0384;-0.0196;0.0108;0.0000;0.2520
586.5;1.0133;0.9927;0.1244;0.0000;95;95;0.0733;-0.0524;0.0384;-0.0127;0.0108;0.0000;0.2441
587.0;1.0110;0.9913;0.1649;0.0000;93;91;-0.0147;-0.0495;0.0384;-0.0166;0.0108;0.0000;0.2362
587.5;1.0092;0.9895;0.1382;0.0000;91;91;0.0733;-0.0495;0.0384;-0.0147;0.0108;0.0000;0.2283
588.0;1.0069;0.9876;0.1733;0.0000;89;89;-0.0929;-0.0481;0.0384;-0.0176;0.0108;0.0000;0.2205
588.5;1.0046;0.9853;0.1466;0.0000;87;87;0.0635;-0.0481;0.0384;-0.0156;0.0108;0.0000;0.2126
589.0;1.0018;0.9835;0.1282;0.0000;85;87;-0.0049;-0.0466;0.0369;-0.0137;0.0108;0.0000;0.2047
589.5;0.9991;0.9812;0.2137;0.0000;85;81;-0.0147;-0.0451;0.0369;-0.0215;0.0108;0.0000;0.1969
590.0;0.9973;0.9785;0.2115;0.0000;83;81;-0.0147;-0.0481;0.0369;-0.0215;0.0108;0.0000;0.1890
590.5;0.9950;0.9757;0.3260;0.0000;83;75;-0.0147;-0.0481;0.0369;-0.0332;0.0108;0.0000;0.1811
591.0;0.9918;0.9730;0.1947;0.0000;79;75;-0.0147;-0.0481;0.0369;-0.0196;0.0098;0.0000;0.1732
591.5;0.9886;0.9702;0.3214;0.0000;79;71;0.1417;-0.0466;0.0369;-0.0323;0.0098;0.0000;0.1654
592.0;0.9849;0.9670;0.2061;0.0000;75;73;-0.0147;-0.0451;0.0369;-0.0215;0.0098;0.0000;0.1575
592.5;0.9812;0.9638;0.1374;0.0000;71;71;-0.0049;-0.0451;0.0369;-0.0147;0.0098;0.0000;0.1496
593.0;0.9771;0.9602;0.2779;0.0000;73;67;-0.0147;-0.0437;0.0355;-0.0283;0.0098;0.0000;0.1417
593.5;0.9734;0.9565;0.2550;0.0000;71;65;-0.0147;-0.0422;0.0355;-0.0264;0.0098;0.0000;0.1339
594.0;0.9693;0.9528;0.3061;0.0000;71;64;-0.0147;-0.0422;0.0355;-0.0313;0.0098;0.0000;0.1260
594.5;0.9652;0.9492;0.2344;0.0000;67;64;-0.0147;-0.0407;0.0355;-0.0244;0.0098;0.0000;0.1181
595.0;0.9611;0.9451;0.1740;0.0000;64;62;-0.0147;-0.0407;0.0355;-0.0176;0.0098;0.0000;0.1024
595.5;0.9570;0.9409;0.0763;0.0000;60;62;-0.0049;-0.0407;0.0355;-0.0078;0.0088;0.0000;0.0945
596.0;0.9528;0.9364;0.0641;0.0000;58;60;-0.0049;-0.0422;0.0355;-0.0068;0.0088;0.0000;0.0866
596.5;0.9478;0.9318;0.0412;0.0000;56;60;0.0733;-0.0407;0.0355;-0.0049;0.0088;0.0000;0.0787
597.0;0.9386;0.9272;-0.0466;0.0000;54;58;-0.0049;-0.0305;0.0355;0.0039;0.0088;0.0000;0.0709
597.5;0.9304;0.9222;-0.0061;0.0000;54;56;0.0733;-0.0217;0.0355;-0.0000;0.0088;0.0000;0.0630
598.0;0.9222;0.9171;0.0092;0.0000;54;56;-0.0049;-0.0129;0.0355;-0.0010;0.0088;0.0000;0.0551
598.5;0.9144;0.9121;0.0198;0.0000;54;54;-0.0831;-0.0070;0.0355;-0.0029;0.0088;0.0000;0.0472
599.0;0.9080;0.9066;0.1618;0.0000;56;52;-0.0147;-0.0041;0.0355;-0.0166;0.0088;0.0000;0.0394
599.5;0.9011;0.9016;0.1496;0.0000;54;50;-0.0147;0.0003;0.0355;-0.0156;0.0088;0.0000;0.0315
600.0;0.8947;0.8956;0.2519;0.0000;54;46;-0.0147;0.0018;0.0355;-0.0254;0.0088;0.0000;0.0236
600.5;0.8883;0.8901;0.3718;0.0000;56;42;-0.0147;0.0032;0.0355;-0.0381;0.0088;0.0000;0.0157
601.0;0.8810;0.8842;0.4359;0.0000;56;38;-0.0244;0.0076;0.0355;-0.0440;0.0088;0.0000;-0.0000
601.5;0.8741;0.8777;0.4473;0.0000;54;36;-0.1026;0.0091;0.0355;-0.0450;0.0088;0.0000;-0.0079
602.0;0.8668;0.8718;0.3237;0.0000;50;38;-0.0147;0.0120;0.0355;-0.0332;0.0078;0.0000;-0.0157
602.5;0.8599;0.8654;0.3298;0.0000;48;36;0.0635;0.0120;0.0355;-0.0332;0.0078;0.0000;-0.0236
603.0;0.8526;0.8585;0.1099;0.0000;40;38;-0.0049;0.0149;0.0355;-0.0117;0.0078;0.0000;-0.0315
603.5;0.8443;0.8521;0.2885;0.0000;44;34;0.0635;0.0179;0.0355;-0.0293;0.0078;0.0000;-0.0394
604.0;0.8370;0.8452;0.2229;0.0000;40;34;0.0635;0.0193;0.0355;-0.0225;0.0078;0.0000;-0.0472
604.5;0.8288;0.8379;0.0763;0.0000;34;34;-0.1613;0.0223;0.0355;-0.0078;0.0078;0.0000;-0.0551
605.0;0.8201;0.8310;0.1702;0.0000;34;32;0.0635;0.0267;0.0355;-0.0176;0.0078;0.0000;-0.0630
605.5;0.8114;0.8237;-0.0321;0.0000;30;34;-0.0049;0.0296;0.0355;0.0029;0.0078;0.0000;-0.0787
606.0;0.8036;0.8159;0.2145;0.0000;32;28;-0.0147;0.0311;0.0355;-0.0215;0.0078;0.0000;-0.0866
606.5;0.7953;0.8082;0.1985;0.0000;30;26;-0.0147;0.0311;0.0355;-0.0205;0.0078;0.0000;-0.0945
607.0;0.7871;0.8004;0.3290;0.0000;32;22;0.0635;0.0340;0.0355;-0.0332;0.0068;0.0000;-0.1024
607.5;0.7779;0.7926;0.2298;0.0000;28;22;-0.0929;0.0355;0.0355;-0.0235;0.0068;0.0000;-0.1102
608.0;0.7697;0.7843;0.0885;0.0000;24;22;-0.0049;0.0355;0.0369;-0.0098;0.0068;0.0000;-0.1181
608.5;0.7605;0.7761;0.2656;0.0000;24;17;-0.0147;0.0384;0.0369;-0.0274;0.0068;0.0000;-0.1260
609.0;0.7514;0.7679;0.1260;0.0000;21;19;-0.0831;0.0413;0.0369;-0.0127;0.0068;0.0000;-0.1339
609.5;0.7413;0.7592;0.3611;0.0000;24;11;-0.0147;0.0442;0.0369;-0.0362;0.0068;0.0000;-0.1496
610.0;0.7317;0.7505;0.0786;0.0000;17;17;0.0733;0.0457;0.0369;-0.0088;0.0068;0.0000;-0.1575
610.5;0.7225;0.7413;0.2687;0.0000;19;11;-0.0929;0.0472;0.0369;-0.0274;0.0068;0.0000;-0.1654
611.0;0.7129;0.7326;0.0252;0.0000;11;13;-0.0049;0.0486;0.0369;-0.0029;0.0068;0.0000;-0.1732
611.5;0.7024;0.7230;-0.0550;0.0000;9;13;-0.0049;0.0516;0.0369;0.0049;0.0068;0.0000;-0.1811
612.0;0.6923;0.7138;0.0901;0.0000;9;9;-0.0049;0.0530;0.0384;-0.0098;0.0068;0.0000;-0.1890
612.5;0.6818;0.7042;0.0740;0.0000;7;7;-0.0049;0.0560;0.0384;-0.0078;0.0068;0.0000;-0.2047
613.0;0.6726;0.6946;0.0611;0.0000;5;5;-0.0049;0.0545;0.0384;-0.0068;0.0068;0.0000;-0.2126
613.5;0.6635;0.6850;-0.3473;0.0000;-7;11;0.0049;0.0530;0.0384;0.0342;0.0068;0.0000;-0.2205
614.0;0.6538;0.6749;-0.2466;0.0000;-7;7;0.0049;0.0516;0.0384;0.0244;0.0068;0.0000;-0.2283
614.5;0.6433;0.6648;-0.6069;0.0000;-15;13;-0.0635;0.0530;0.0384;0.0606;0.0068;0.0000;-0.2283
615.0;0.6342;0.6548;-0.3489;0.0000;-9;9;0.0831;0.0516;0.0384;0.0342;0.0068;0.0000;-0.2283
615.5;0.6245;0.6447;-0.4389;0.0000;-13;9;0.0147;0.0501;0.0398;0.0430;0.0078;0.0000;-0.2362
616.0;0.6145;0.6346;-0.2038;0.0000;-9;3;-0.0733;0.0501;0.0398;0.0196;0.0078;0.0000;-0.2362
616.5;0.6049;0.6250;-0.3160;0.0000;-11;5;0.0049;0.0501;0.0398;0.0313;0.0078;0.0000;-0.2362
617.0;0.5948;0.6149;-0.6221;0.0000;-19;11;0.0929;0.0501;0.0398;0.0616;0.0078;0.0000;-0.2362
617.5;0.5847;0.6049;-0.2855;0.0000;-13;5;0.0831;0.0501;0.0398;0.0283;0.0078;0.0000;-0.2362
618.0;0.5742;0.5948;-0.4481;0.0000;-17;7;-0.0635;0.0501;0.0398;0.0440;0.0088;0.0000;-0.2362
618.5;0.5650;0.5847;-0.0901;0.0000;-9;-1;-0.0049;0.0486;0.0398;0.0088;0.0088;0.0000;-0.2441
619.0;0.5554;0.5746;-0.5718;0.0000;-21;7;-0.0635;0.0472;0.0398;0.0567;0.0088;0.0000;-0.2441
619.5;0.5453;0.5646;-0.4901;0.0000;-19;5;0.0147;0.0486;0.0413;0.0489;0.0088;0.0000;-0.2441
620.0;0.5348;0.5549;-0.8779;0.0000;-28;13;0.0244;0.0501;0.0413;0.0870;0.0098;0.0000;-0.2441
620.5;0.5238;0.5449;-0.7229;0.0000;-24;9;0.0244;0.0516;0.0413;0.0714;0.0098;0.0000;-0.2441
621.0;0.5137;0.5348;-0.4618;0.0000;-21;3;-0.0635;0.0516;0.0413;0.0459;0.0098;0.0000;-0.2520
621.5;0.5050;0.5247;-0.9473;0.0000;-30;13;0.0244;0.0486;0.0413;0.0938;0.0108;0.0000;-0.2520
622.0;0.4959;0.5147;-0.7618;0.0000;-28;7;0.0244;0.0457;0.0413;0.0753;0.0108;0.0000;-0.2520
622.5;0.4867;0.5046;-1.1168;0.0000;-36;15;-0.0440;0.0442;0.0413;0.1114;0.0117;0.0000;-0.2520
623.0;0.4771;0.4950;-0.6450;0.0000;-28;3;0.0147;0.0428;0.0428;0.0635;0.0117;0.0000;-0.2520
623.5;0.4684;0.4849;-1.0550;0.0000;-38;13;0.1124;0.0398;0.0428;0.1046;0.0117;0.0000;-0.2520
624.0;0.4597;0.4748;-0.4450;0.0000;-26;-3;-0.1417;0.0369;0.0428;0.0440;0.0127;0.0000;-0.2598
624.5;0.4505;0.4647;-0.7267;0.0000;-32;3;0.0244;0.0340;0.0428;0.0723;0.0127;0.0000;-0.2598
625.0;0.4418;0.4547;-0.8718;0.0000;-38;5;0.1026;0.0311;0.0428;0.0870;0.0137;0.0000;-0.2598
625.5;0.4332;0.4446;-1.1328;0.0000;-46;9;0.0342;0.0281;0.0428;0.1124;0.0137;0.0000;-0.2598
626.0;0.4249;0.4350;-1.1206;0.0000;-46;7;0.0342;0.0237;0.0428;0.1114;0.0147;0.0000;-0.2598
626.5;0.4167;0.4249;-0.5260;0.0000;-34;-7;0.0147;0.0208;0.0428;0.0518;0.0147;0.0000;-0.2677
627.0;0.4075;0.4148;-1.0191;0.0000;-46;3;-0.0440;0.0179;0.0428;0.1017;0.0147;0.0000;-0.2677
627.5;0.3993;0.4048;-0.5160;0.0000;-36;-9;0.0147;0.0135;0.0428;0.0508;0.0156;0.0000;-0.2677
628.0;0.3915;0.3947;-1.0641;0.0000;-50;1;0.0342;0.0076;0.0428;0.1056;0.0156;0.0000;-0.2677
628.5;0.3837;0.3846;-0.5115;0.0000;-40;-13;0.0147;0.0018;0.0428;0.0508;0.0166;0.0000;-0.2677
629.0;0.3759;0.3750;-0.3748;0.0000;-40;-17;0.0831;-0.0026;0.0428;0.0371;0.0166;0.0000;-0.2677
629.5;0.3677;0.3649;0.1641;0.0000;-28;-30;-0.0929;-0.0070;0.0428;-0.0166;0.0166;0.0000;-0.2756
630.0;0.3594;0.3549;0.0908;0.0000;-32;-30;0.0733;-0.0114;0.0428;-0.0098;0.0166;0.0000;-0.2756
630.5;0.3512;0.3448;-0.4710;0.0000;-46;-21;-0.0635;-0.0158;0.0428;0.0469;0.0166;0.0000;-0.2756
631.0;0.3434;0.3347;-0.6374;0.0000;-52;-19;0.0147;-0.0231;0.0428;0.0635;0.0166;0.0000;-0.2756
631.5;0.3361;0.3246;-0.8725;0.0000;-60;-15;0.1026;-0.0290;0.0428;0.0870;0.0176;0.0000;-0.2756
632.0;0.3278;0.3146;-0.1099;0.0000;-46;-32;-0.0049;-0.0334;0.0428;0.0108;0.0176;0.0000;-0.2756
632.5;0.3196;0.3049;-0.6176;0.0000;-56;-22;-0.0635;-0.0378;0.0428;0.0616;0.0176;0.0000;-0.2756
633.0;0.3123;0.2953;0.1412;0.0000;-38;-36;0.0635;-0.0437;0.0428;-0.0147;0.0176;0.0000;-0.2677
633.5;0.3045;0.2857;-0.5664;0.0000;-56;-22;0.0147;-0.0466;0.0428;0.0557;0.0176;0.0000;-0.2598
634.0;0.2967;0.2766;-0.1832;0.0000;-46;-30;0.0831;-0.0524;0.0413;0.0176;0.0176;0.0000;-0.2520
634.5;0.2894;0.2669;0.2710;0.0000;-36;-40;-0.0147;-0.0568;0.0413;-0.0274;0.0176;0.0000;-0.2441
635.0;0.2816;0.2582;0.6450;0.0000;-28;-48;-0.0244;-0.0598;0.0413;-0.0655;0.0176;0.0000;-0.2441
635.5;0.2743;0.2491;0.8099;0.0000;-24;-52;-0.0342;-0.0627;0.0413;-0.0811;0.0166;0.0000;-0.2362
636.0;0.2669;0.2404;0.0206;0.0000;-40;-34;-0.0049;-0.0671;0.0413;-0.0029;0.0166;0.0000;-0.2283
636.5;0.2596;0.2317;0.7458;0.0000;-24;-50;-0.0342;-0.0700;0.0413;-0.0753;0.0166;0.0000;-0.2205
637.0;0.2527;0.2234;0.0634;0.0000;-38;-34;-0.0049;-0.0744;0.0398;-0.0068;0.0166;0.0000;-0.2126
637.5;0.2463;0.2152;0.8115;0.0000;-22;-50;-0.0342;-0.0788;0.0398;-0.0821;0.0166;0.0000;-0.2047
638.0;0.2404;0.2070;0.1290;0.0000;-38;-36;-0.0049;-0.0832;0.0398;-0.0137;0.0156;0.0000;-0.2047
638.5;0.2344;0.1992;-0.1160;0.0000;-42;-30;-0.0049;-0.0891;0.0398;0.0108;0.0166;0.0000;-0.1969
639.0;0.2271;0.1914;-0.7221;0.0000;-56;-17;0.0244;-0.0905;0.0384;0.0714;0.0166;0.0000;-0.1890
639.5;0.2202;0.1836;-0.5748;0.0000;-52;-19;0.0929;-0.0935;0.0384;0.0567;0.0166;0.0000;-0.1811
640.0;0.2143;0.1758;0.0847;0.0000;-38;-32;-0.0049;-0.0964;0.0384;-0.0088;0.0166;0.0000;-0.1732
640.5;0.2088;0.1685;0.2855;0.0000;-32;-36;-0.0147;-0.1008;0.0384;-0.0293;0.0166;0.0000;-0.1654
641.0;0.2033;0.1616;0.5130;0.0000;-28;-42;0.0538;-0.1052;0.0369;-0.0518;0.0166;0.0000;-0.1575
641.5;0.1987;0.1543;-0.3000;0.0000;-46;-24;0.0049;-0.1110;0.0369;0.0293;0.0166;0.0000;-0.1575
642.0;0.1941;0.1474;0.3710;0.0000;-30;-38;-0.0147;-0.1184;0.0369;-0.0381;0.0166;0.0000;-0.1496
642.5;0.1900;0.1410;-0.3634;0.0000;-48;-22;-0.0733;-0.1228;0.0355;0.0362;0.0166;0.0000;-0.1417
643.0;0.1854;0.1342;0.4527;0.0000;-28;-40;0.0538;-0.1286;0.0355;-0.0459;0.0166;0.0000;-0.1339
643.5;0.1809;0.1277;0.0832;0.0000;-36;-32;-0.0831;-0.1330;0.0355;-0.0088;0.0166;0.0000;-0.1260
644.0;0.1772;0.1218;-0.2351;0.0000;-44;-26;0.0049;-0.1389;0.0340;0.0225;0.0166;0.0000;-0.1181
644.5;0.1726;0.1154;-0.6290;0.0000;-52;-19;0.0147;-0.1433;0.0340;0.0626;0.0166;0.0000;-0.1102
645.0;0.1690;0.1094;-0.6832;0.0000;-54;-17;0.0147;-0.1491;0.0340;0.0674;0.0166;0.0000;-0.1024
645.5;0.1658;0.1039;-0.0855;0.0000;-40;-28;0.0733;-0.1550;0.0325;0.0078;0.0166;0.0000;-0.0945
646.0;0.1625;0.0980;-0.6885;0.0000;-54;-17;-0.0538;-0.1609;0.0325;0.0684;0.0176;0.0000;-0.0945
646.5;0.1584;0.0929;-0.2405;0.0000;-44;-26;0.0049;-0.1653;0.0311;0.0235;0.0176;0.0000;-0.0866
647.0;0.1552;0.0875;-0.7740;0.0000;-56;-15;0.1026;-0.1696;0.0311;0.0772;0.0176;0.0000;-0.0787
647.5;0.1511;0.0824;-0.1679;0.0000;-42;-26;0.0049;-0.1726;0.0296;0.0166;0.0176;0.0000;-0.0709
648.0;0.1470;0.0774;-0.6069;0.0000;-52;-17;0.0147;-0.1755;0.0296;0.0606;0.0186;0.0000;-0.0630
648.5;0.1447;0.0723;0.0366;0.0000;-36;-30;-0.0049;-0.1814;0.0281;-0.0039;0.0186;0.0000;-0.0551
649.0;0.1415;0.0678;0.0519;0.0000;-36;-30;-0.0049;-0.1858;0.0281;-0.0059;0.0186;0.0000;-0.0472
649.5;0.1383;0.0632;-0.1695;0.0000;-40;-24;0.0049;-0.1887;0.0267;0.0166;0.0186;0.0000;-0.0394
650.0;0.1351;0.0586;-0.2817;0.0000;-42;-22;0.0049;-0.1916;0.0267;0.0274;0.0186;0.0000;-0.0315
650.5;0.1323;0.0545;-0.2908;0.0000;-42;-21;0.0831;-0.1960;0.0252;0.0283;0.0186;0.0000;-0.0236
651.0;0.1300;0.0504;0.1969;0.0000;-32;-30;-0.0147;-0.1989;0.0252;-0.0205;0.0186;0.0000;-0.0236
651.5;0.1273;0.0467;-0.1198;0.0000;-38;-24;-0.0049;-0.2019;0.0237;0.0117;0.0186;0.0000;-0.0157
652.0;0.1245;0.0430;0.3176;0.0000;-28;-32;-0.0147;-0.2048;0.0237;-0.0323;0.0186;0.0000;-0.0079
652.5;0.1223;0.0394;-0.1313;0.0000;-36;-22;-0.0049;-0.2077;0.0223;0.0127;0.0186;0.0000;-0.0000
653.0;0.1204;0.0357;0.0992;0.0000;-32;-26;0.0733;-0.2121;0.0208;-0.0108;0.0186;0.0000;0.0079
653.5;0.1181;0.0325;0.3595;0.0000;-26;-32;-0.0929;-0.2136;0.0208;-0.0362;0.0186;0.0000;0.0157
654.0;0.1158;0.0293;0.5130;0.0000;-21;-34;-0.0244;-0.2165;0.0193;-0.0518;0.0176;0.0000;0.0236
654.5;0.1131;0.0266;0.6466;0.0000;-17;-38;-0.1026;-0.2180;0.0193;-0.0655;0.0176;0.0000;0.0315
655.0;0.1103;0.0238;0.2420;0.0000;-24;-28;0.0635;-0.2165;0.0179;-0.0244;0.0176;0.0000;0.0394
655.5;0.1085;0.0211;0.2802;0.0000;-22;-28;-0.0929;-0.2195;0.0179;-0.0283;0.0176;0.0000;0.0472
656.0;0.1067;0.0183;-0.0656;0.0000;-30;-19;0.0733;-0.2209;0.0164;0.0059;0.0176;0.0000;0.0551
656.5;0.1049;0.0160;0.3397;0.0000;-21;-26;-0.0147;-0.2224;0.0149;-0.0342;0.0176;0.0000;0.0630
657.0;0.1039;0.0142;0.1191;0.0000;-24;-21;-0.0049;-0.2253;0.0149;-0.0127;0.0176;0.0000;0.0709
657.5;0.1030;0.0119;0.5137;0.0000;-15;-28;-0.0244;-0.2282;0.0135;-0.0518;0.0166;0.0000;0.0787
658.0;0.1016;0.0101;0.1817;0.0000;-22;-21;0.0635;-0.2297;0.0120;-0.0186;0.0166;0.0000;0.0866
658.5;0.0998;0.0082;-0.0282;0.0000;-24;-17;-0.0831;-0.2297;0.0120;0.0020;0.0166;0.0000;0.0945
659.0;0.0989;0.0069;0.4344;0.0000;-13;-24;-0.0244;-0.2312;0.0105;-0.0440;0.0166;0.0000;0.1024
659.5;0.0984;0.0055;0.3550;0.0000;-15;-22;-0.0147;-0.2326;0.0105;-0.0362;0.0166;0.0000;0.1102
660.0;0.0984;0.0041;0.6359;0.0000;-7;-26;-0.0244;-0.2356;0.0091;-0.0645;0.0166;0.0000;0.1181
660.5;0.0971;0.0032;0.0527;0.0000;-19;-15;-0.0049;-0.2356;0.0076;-0.0059;0.0166;0.0000;0.1181
661.0;0.0966;0.0023;0.2817;0.0000;-13;-17;-0.0147;-0.2370;0.0076;-0.0283;0.0156;0.0000;0.1260
661.5;0.0962;0.0014;-0.3046;0.0000;-24;-5;0.0049;-0.2385;0.0062;0.0303;0.0166;0.0000;0.1339
662.0;0.0962;0.0009;0.2008;0.0000;-52;-52;0.0635;-0.2385;0.0047;-0.0205;0.0156;0.0000;-0.0315
662.5;0.0957;0.0005;0.1206;0.0000;-52;-50;-0.0831;-0.2385;0.0047;-0.0127;0.0156;0.0000;-0.0236
663.0;0.0957;0.0000;0.5641;0.0000;-40;-58;-0.0244;-0.2400;0.0032;-0.0567;0.0156;0.0000;-0.0157
663.5;0.0948;0.0000;0.2954;0.0000;-46;-50;-0.0147;-0.2385;0.0018;-0.0303;0.0156;0.0000;-0.0079
664.0;0.0934;0.0000;-0.0153;0.0000;-50;-42;-0.0049;-0.2356;0.0018;0.0010;0.0156;0.0000;-0.0000
664.5;0.0934;0.0000;0.4725;0.0000;-38;-52;-0.0244;-0.2341;0.0003;-0.0479;0.0156;0.0000;-0.0079