Time(ms);ActualLinearVel;TargetLinearVel;ActualAngularVel;TargetAngularVel;PWML;PWMR;ImuDiff;VelP;VelI;AngP;AngI;RotationFF;LinearFF
general_params = {
fan_speed = 600.000000,
angular_kp = 0.100000,
angular_ki = 0.000500,
angular_kd = 0.000000,
angular_acc_feed_forward_k = 0.000550,
angular_vel_feed_forward_k = 0.009400,
linear_vel_acc_feed_forward_k = 0.033000,
linear_vel_brake_feed_forward_k = 0.025000,
linear_vel_feed_forward_k = 0.141000,
wall_kp = 0.000000,
wall_ki = 0.000000,
wall_kd = 0.000000,
linear_vel_kp = 2.500000,
linear_vel_ki = 0.010000,
linear_vel_kd = 0.000000,
diagonal_walls_kp = 0.000000,
diagonal_walls_ki = 0.000000,
diagonal_walls_kd = 0.000000,
start_wall_break_mm_left = 5.500000,
start_wall_break_mm_right = 7.200000,
enable_wall_break_correction = 1.000000,
max_linear_acc_jerk = 625.000000,
max_linear_brake_jerk = 625.000000,
wheel_radius_mm = 12.750000,
coulomb_ff = 0.180000,
angular_coulomb_ff = 0.010000,
};
t;Vel;TgtVel;AngVel;TgtAngVel;PWM_L;PWM_R;ImuDiff;VelP;VelI;AngP;AngI;RotFF;LinFF
0.0;0.0000;0.0000;0.0053;0.0000;-1;3;0.0733;0.0003;-0.0012;-0.0010;-0.0010;0.0078;0.0079
0.5;0.0000;0.0005;0.0099;0.0000;1;5;-0.0049;0.0003;-0.0012;-0.0020;-0.0010;0.0078;0.0157
1.0;0.0000;0.0009;0.0321;0.0000;5;7;-0.0049;0.0018;-0.0012;-0.0039;-0.0010;0.0078;0.0236
1.5;0.0000;0.0014;-0.0695;0.0000;46;54;-0.0049;0.0018;-0.0012;0.0068;-0.0000;0.0078;0.2205
2.0;0.0005;0.0023;-0.1511;0.0000;46;58;-0.0049;0.0032;-0.0012;0.0147;-0.0000;0.0078;0.2283
2.5;0.0009;0.0032;-0.0672;0.0000;50;58;-0.0049;0.0047;-0.0012;0.0059;-0.0000;0.0078;0.2362
3.0;0.0014;0.0041;0.0420;0.0000;56;58;-0.0049;0.0062;-0.0012;-0.0049;-0.0000;0.0078;0.2520
3.5;0.0023;0.0055;0.1290;0.0000;60;60;-0.0049;0.0076;-0.0012;-0.0137;-0.0000;0.0078;0.2598
4.0;0.0032;0.0069;0.0298;0.0000;62;64;-0.0049;0.0091;-0.0012;-0.0039;-0.0000;0.0078;0.2677
4.5;0.0041;0.0082;-0.0237;0.0000;62;67;-0.0049;0.0105;-0.0012;0.0020;-0.0000;0.0078;0.2835
5.0;0.0050;0.0101;-0.0664;0.0000;64;71;-0.0049;0.0120;-0.0012;0.0059;-0.0000;0.0078;0.2913
5.5;0.0060;0.0119;-0.0336;0.0000;67;73;-0.0049;0.0135;0.0003;0.0029;-0.0000;0.0078;0.2992
6.0;0.0073;0.0142;-0.0344;0.0000;71;77;-0.0049;0.0164;0.0003;0.0029;-0.0000;0.0078;0.3150
6.5;0.0087;0.0160;-0.0351;0.0000;73;79;-0.0049;0.0179;0.0003;0.0029;-0.0000;0.0078;0.3228
7.0;0.0101;0.0183;-0.0191;0.0000;77;81;-0.0049;0.0193;0.0003;0.0010;-0.0000;0.0078;0.3307
7.5;0.0119;0.0211;0.0649;0.0000;81;83;-0.0049;0.0223;0.0003;-0.0068;-0.0000;0.0078;0.3465
8.0;0.0156;0.0238;0.1328;0.0000;85;87;0.0733;0.0193;0.0003;-0.0137;-0.0000;0.0078;0.3543
8.5;0.0183;0.0266;0.0802;0.0000;87;89;-0.0049;0.0193;0.0003;-0.0088;-0.0010;0.0078;0.3622
9.0;0.0211;0.0293;-0.0092;0.0000;87;95;-0.0049;0.0193;0.0003;-0.0000;-0.0010;0.0078;0.3780
9.5;0.0256;0.0325;-0.0794;0.0000;89;97;-0.0831;0.0164;0.0003;0.0078;-0.0000;0.0078;0.3858
10.0;0.0293;0.0357;0.0351;0.0000;95;97;-0.0049;0.0149;0.0003;-0.0039;-0.0000;0.0078;0.4016
10.5;0.0325;0.0394;0.0939;0.0000;99;97;-0.0049;0.0164;0.0003;-0.0098;-0.0010;0.0078;0.4094
11.0;0.0353;0.0430;0.1412;0.0000;101;99;-0.0049;0.0179;0.0003;-0.0147;-0.0010;0.0078;0.4173
11.5;0.0380;0.0467;0.1046;0.0000;105;103;-0.0049;0.0208;0.0003;-0.0108;-0.0010;0.0078;0.4331
12.0;0.0426;0.0504;0.1687;0.0000;107;107;0.0733;0.0193;0.0003;-0.0176;-0.0010;0.0078;0.4409
12.5;0.0472;0.0545;0.1206;0.0000;110;109;-0.0831;0.0179;0.0003;-0.0127;-0.0010;0.0078;0.4488
13.0;0.0513;0.0586;0.1466;0.0000;112;112;-0.0147;0.0193;0.0003;-0.0147;-0.0010;0.0078;0.4646
13.5;0.0554;0.0632;0.0588;0.0000;114;116;0.0733;0.0193;0.0003;-0.0068;-0.0010;0.0078;0.4724
14.0;0.0595;0.0678;0.0115;0.0000;116;120;-0.0831;0.0193;0.0003;-0.0020;-0.0010;0.0078;0.4882
14.5;0.0636;0.0723;-0.0542;0.0000;116;124;-0.0049;0.0208;0.0003;0.0049;-0.0010;0.0078;0.4961
15.0;0.0678;0.0774;0.0115;0.0000;122;126;-0.0049;0.0237;0.0018;-0.0020;-0.0010;0.0078;0.5039
15.5;0.0723;0.0824;-0.1153;0.0000;122;134;-0.0049;0.0237;0.0018;0.0108;-0.0010;0.0078;0.5197
16.0;0.0765;0.0875;-0.0473;0.0000;126;136;-0.0049;0.0267;0.0018;0.0039;-0.0010;0.0078;0.5276
16.5;0.0815;0.0929;-0.1023;0.0000;130;140;-0.0049;0.0281;0.0018;0.0098;-0.0010;0.0078;0.5433
17.0;0.0870;0.0980;-0.1840;0.0000;132;146;0.0049;0.0267;0.0018;0.0176;-0.0010;0.0078;0.5512
17.5;0.0929;0.1039;-0.2305;0.0000;134;150;0.0049;0.0267;0.0018;0.0225;-0.0010;0.0078;0.5591
18.0;0.0980;0.1094;-0.2008;0.0000;136;152;0.0049;0.0281;0.0018;0.0196;-0.0000;0.0078;0.5748
18.5;0.1044;0.1154;-0.1885;0.0000;140;153;-0.0733;0.0281;0.0018;0.0186;-0.0000;0.0078;0.5827
19.0;0.1108;0.1218;-0.2489;0.0000;142;157;0.0049;0.0267;0.0018;0.0244;-0.0000;0.0078;0.5984
19.5;0.1172;0.1277;-0.1771;0.0000;148;159;0.0049;0.0267;0.0018;0.0176;-0.0000;0.0078;0.6063
20.0;0.1232;0.1342;-0.3000;0.0000;148;165;-0.0733;0.0267;0.0018;0.0293;-0.0000;0.0078;0.6142
20.5;0.1291;0.1410;-0.2481;0.0000;152;167;0.0049;0.0281;0.0018;0.0244;-0.0000;0.0078;0.6299
21.0;0.1364;0.1474;-0.2290;0.0000;155;171;0.0831;0.0267;0.0018;0.0225;-0.0000;0.0078;0.6378
21.5;0.1433;0.1543;-0.2359;0.0000;157;175;0.0049;0.0267;0.0032;0.0235;-0.0000;0.0078;0.6535
22.0;0.1502;0.1616;-0.2863;0.0000;159;179;0.0049;0.0281;0.0032;0.0283;0.0010;0.0078;0.6614
22.5;0.1571;0.1685;-0.2962;0.0000;161;183;0.0049;0.0281;0.0032;0.0293;0.0010;0.0078;0.6772
23.0;0.1644;0.1758;-0.2641;0.0000;167;185;-0.0733;0.0281;0.0032;0.0264;0.0010;0.0078;0.6850
23.5;0.1717;0.1836;-0.2878;0.0000;169;189;0.0049;0.0296;0.0032;0.0283;0.0010;0.0078;0.7008
24.0;0.1799;0.1914;-0.1847;0.0000;177;189;0.0049;0.0281;0.0032;0.0176;0.0010;0.0078;0.7087
24.5;0.1873;0.1992;-0.2840;0.0000;177;195;0.0049;0.0281;0.0032;0.0283;0.0010;0.0078;0.7165
25.0;0.1951;0.2070;-0.2336;0.0000;181;196;-0.0733;0.0281;0.0032;0.0225;0.0010;0.0078;0.7323
25.5;0.2033;0.2152;-0.2359;0.0000;185;200;0.0049;0.0281;0.0032;0.0235;0.0010;0.0078;0.7402
26.0;0.2106;0.2234;-0.2405;0.0000;189;204;0.0049;0.0311;0.0032;0.0235;0.0020;0.0078;0.7559
26.5;0.2193;0.2317;-0.2847;0.0000;191;210;0.0049;0.0311;0.0032;0.0283;0.0020;0.0078;0.7638
27.0;0.2280;0.2404;-0.2450;0.0000;195;212;0.0049;0.0296;0.0032;0.0244;0.0020;0.0078;0.7795
27.5;0.2367;0.2491;-0.3221;0.0000;196;218;0.0049;0.0296;0.0032;0.0313;0.0020;0.0078;0.7874
28.0;0.2454;0.2582;-0.4008;0.0000;198;222;-0.0733;0.0311;0.0047;0.0391;0.0020;0.0078;0.8031
28.5;0.2541;0.2669;-0.3092;0.0000;204;224;0.0049;0.0325;0.0047;0.0303;0.0020;0.0078;0.8110
29.0;0.2628;0.2766;-0.3771;0.0000;206;230;-0.0733;0.0340;0.0047;0.0371;0.0029;0.0078;0.8268
29.5;0.2715;0.2857;-0.3405;0.0000;210;232;0.0049;0.0340;0.0047;0.0332;0.0029;0.0078;0.8346
30.0;0.2821;0.2953;-0.3206;0.0000;214;236;0.0049;0.0325;0.0047;0.0313;0.0029;0.0078;0.8504
30.5;0.2926;0.3049;-0.3527;0.0000;218;239;0.0049;0.0311;0.0047;0.0352;0.0029;0.0078;0.8583
31.0;0.3031;0.3146;-0.4359;0.0000;220;245;-0.0635;0.0281;0.0047;0.0430;0.0029;0.0078;0.8740
31.5;0.3132;0.3246;-0.3710;0.0000;224;247;0.0049;0.0281;0.0047;0.0362;0.0029;0.0078;0.8819
32.0;0.3233;0.3347;-0.3840;0.0000;226;249;0.0049;0.0281;0.0047;0.0381;0.0039;0.0078;0.8819
32.5;0.3342;0.3448;-0.3748;0.0000;226;249;0.0049;0.0252;0.0047;0.0371;0.0039;0.0078;0.8819
33.0;0.3452;0.3549;-0.3565;0.0000;228;249;-0.0733;0.0237;0.0047;0.0352;0.0039;0.0078;0.8898
33.5;0.3567;0.3649;-0.4580;0.0000;226;251;0.0147;0.0193;0.0047;0.0450;0.0039;0.0078;0.8898
34.0;0.3677;0.3750;-0.4099;0.0000;226;251;0.0049;0.0179;0.0062;0.0401;0.0039;0.0078;0.8898
34.5;0.3787;0.3846;-0.4061;0.0000;226;253;0.0049;0.0135;0.0062;0.0401;0.0049;0.0078;0.8898
35.0;0.3897;0.3947;-0.3756;0.0000;228;251;-0.0733;0.0120;0.0062;0.0371;0.0049;0.0078;0.8898
35.5;0.4006;0.4048;-0.4374;0.0000;228;255;0.0147;0.0105;0.0062;0.0430;0.0049;0.0078;0.8898
36.0;0.4116;0.4148;-0.3885;0.0000;228;253;0.0049;0.0076;0.0062;0.0381;0.0049;0.0078;0.8976
36.5;0.4226;0.4249;-0.4489;0.0000;226;255;0.0147;0.0047;0.0062;0.0440;0.0059;0.0078;0.8976
37.0;0.4332;0.4350;-0.4336;0.0000;228;255;0.0147;0.0032;0.0062;0.0430;0.0059;0.0078;0.8976
37.5;0.4446;0.4446;-0.3397;0.0000;230;253;-0.0733;0.0003;0.0062;0.0332;0.0059;0.0078;0.8976
38.0;0.4560;0.4547;-0.4046;0.0000;230;255;-0.0733;-0.0041;0.0062;0.0401;0.0059;0.0078;0.8976
38.5;0.4675;0.4647;-0.3863;0.0000;230;255;0.0831;-0.0070;0.0062;0.0381;0.0059;0.0078;0.9055
39.0;0.4785;0.4748;-0.3855;0.0000;230;255;0.0049;-0.0100;0.0062;0.0381;0.0068;0.0078;0.9055
39.5;0.4890;0.4849;-0.3359;0.0000;232;253;-0.0733;-0.0114;0.0062;0.0332;0.0068;0.0078;0.9055
40.0;0.5000;0.4950;-0.3763;0.0000;230;255;-0.0733;-0.0144;0.0062;0.0371;0.0068;0.0078;0.9055
40.5;0.5110;0.5046;-0.3137;0.0000;232;253;-0.0733;-0.0158;0.0062;0.0313;0.0068;0.0078;0.9055
41.0;0.5206;0.5147;-0.3718;0.0000;232;255;0.0049;-0.0158;0.0047;0.0362;0.0068;0.0078;0.9055
41.5;0.5307;0.5247;-0.4206;0.0000;232;257;-0.0635;-0.0158;0.0047;0.0420;0.0068;0.0078;0.9134
42.0;0.5412;0.5348;-0.4252;0.0000;234;257;-0.1417;-0.0173;0.0047;0.0420;0.0078;0.0078;0.9134
42.5;0.5522;0.5449;-0.4481;0.0000;234;261;0.0147;-0.0188;0.0047;0.0440;0.0078;0.0078;0.9134
43.0;0.5627;0.5549;-0.4260;0.0000;234;259;0.0147;-0.0202;0.0047;0.0420;0.0078;0.0078;0.9134
43.5;0.5733;0.5646;-0.4053;0.0000;234;261;0.0831;-0.0217;0.0047;0.0401;0.0078;0.0078;0.9134
44.0;0.5842;0.5746;-0.3573;0.0000;236;259;-0.0733;-0.0246;0.0047;0.0352;0.0088;0.0078;0.9134
44.5;0.5952;0.5847;-0.4298;0.0000;234;261;0.0147;-0.0261;0.0047;0.0420;0.0088;0.0078;0.9213
45.0;0.6058;0.5948;-0.3580;0.0000;236;261;0.0049;-0.0275;0.0047;0.0352;0.0088;0.0078;0.9213
45.5;0.6168;0.6049;-0.3466;0.0000;238;261;-0.0733;-0.0305;0.0047;0.0342;0.0088;0.0078;0.9213
46.0;0.6282;0.6149;-0.3573;0.0000;238;261;-0.0733;-0.0334;0.0047;0.0352;0.0088;0.0078;0.9213
46.5;0.6401;0.6250;-0.3328;0.0000;238;261;0.0049;-0.0393;0.0047;0.0332;0.0088;0.0078;0.9213
47.0;0.6511;0.6346;-0.3603;0.0000;236;261;0.0049;-0.0407;0.0047;0.0352;0.0098;0.0078;0.9291
47.5;0.6616;0.6447;-0.3802;0.0000;236;261;-0.0733;-0.0437;0.0047;0.0371;0.0098;0.0078;0.9291
48.0;0.6740;0.6548;-0.3916;0.0000;236;263;-0.0733;-0.0481;0.0032;0.0381;0.0098;0.0078;0.9291
48.5;0.6854;0.6648;-0.3595;0.0000;238;261;0.0049;-0.0524;0.0032;0.0352;0.0098;0.0078;0.9291
49.0;0.6964;0.6749;-0.4397;0.0000;236;263;-0.0635;-0.0539;0.0032;0.0430;0.0098;0.0078;0.9291
49.5;0.7065;0.6850;-0.4267;0.0000;236;263;0.0147;-0.0554;0.0032;0.0420;0.0108;0.0078;0.9291
50.0;0.7166;0.6946;-0.4435;0.0000;236;263;0.0147;-0.0554;0.0032;0.0440;0.0108;0.0078;0.9370
50.5;0.7271;0.7047;-0.4481;0.0000;238;263;-0.1417;-0.0568;0.0032;0.0440;0.0108;0.0078;0.9370
51.0;0.7376;0.7147;-0.3733;0.0000;238;263;0.0049;-0.0568;0.0018;0.0371;0.0108;0.0078;0.9370
51.5;0.7486;0.7248;-0.3015;0.0000;241;261;-0.0733;-0.0598;0.0018;0.0293;0.0108;0.0078;0.9370
52.0;0.7592;0.7349;-0.3015;0.0000;241;263;-0.0733;-0.0612;0.0018;0.0293;0.0117;0.0078;0.9370
52.5;0.7697;0.7450;-0.2901;0.0000;241;263;0.0049;-0.0627;0.0018;0.0283;0.0117;0.0078;0.9449
53.0;0.7807;0.7546;-0.2473;0.0000;243;263;-0.0733;-0.0656;0.0018;0.0244;0.0117;0.0078;0.9449
53.5;0.7912;0.7647;-0.2878;0.0000;243;263;-0.0733;-0.0671;0.0018;0.0283;0.0117;0.0078;0.9449
54.0;0.8013;0.7747;-0.2298;0.0000;243;263;0.0049;-0.0671;0.0003;0.0225;0.0117;0.0078;0.9449
54.5;0.8114;0.7848;-0.3305;0.0000;241;265;-0.0733;-0.0671;0.0003;0.0323;0.0117;0.0078;0.9449
55.0;0.8219;0.7949;-0.3985;0.0000;241;267;-0.0733;-0.0686;0.0003;0.0391;0.0127;0.0078;0.9449
55.5;0.8320;0.8049;-0.4618;0.0000;239;271;0.0929;-0.0686;0.0003;0.0459;0.0127;0.0078;0.9528
56.0;0.8429;0.8146;-0.4420;0.0000;241;271;-0.1417;-0.0715;0.0003;0.0440;0.0127;0.0078;0.9528
56.5;0.8535;0.8246;-0.4565;0.0000;241;273;0.0929;-0.0730;0.0003;0.0450;0.0127;0.0078;0.9528
57.0;0.8636;0.8347;-0.4863;0.0000;241;273;-0.0635;-0.0730;-0.0012;0.0479;0.0127;0.0078;0.9528
57.5;0.8741;0.8448;-0.4275;0.0000;241;271;0.0147;-0.0744;-0.0012;0.0420;0.0137;0.0078;0.9528
58.0;0.8851;0.8549;-0.4710;0.0000;241;273;0.0147;-0.0759;-0.0012;0.0469;0.0137;0.0078;0.9528
58.5;0.8956;0.8649;-0.3626;0.0000;245;271;-0.1515;-0.0774;-0.0012;0.0362;0.0137;0.0078;0.9606
59.0;0.9061;0.8745;-0.3824;0.0000;245;273;0.0049;-0.0803;-0.0026;0.0381;0.0137;0.0078;0.9606
59.5;0.9167;0.8846;-0.3084;0.0000;247;271;-0.0733;-0.0803;-0.0026;0.0303;0.0137;0.0078;0.9606
60.0;0.9272;0.8947;-0.3260;0.0000;247;273;0.0049;-0.0817;-0.0026;0.0323;0.0147;0.0078;0.9606
60.5;0.9373;0.9048;-0.3092;0.0000;247;273;0.0049;-0.0817;-0.0026;0.0303;0.0147;0.0078;0.9606
61.0;0.9469;0.9148;-0.3374;0.0000;247;273;-0.1515;-0.0803;-0.0026;0.0332;0.0147;0.0078;0.9685
61.5;0.9556;0.9249;-0.3489;0.0000;249;275;-0.0733;-0.0774;-0.0041;0.0342;0.0147;0.0078;0.9685
62.0;0.9657;0.9350;-0.3015;0.0000;251;275;0.0049;-0.0788;-0.0041;0.0293;0.0147;0.0078;0.9685
62.5;0.9753;0.9446;-0.3519;0.0000;251;277;0.0049;-0.0774;-0.0041;0.0342;0.0147;0.0078;0.9685
63.0;0.9853;0.9547;-0.3107;0.0000;251;279;0.0831;-0.0774;-0.0041;0.0303;0.0156;0.0078;0.9685
63.5;0.9954;0.9647;-0.3115;0.0000;253;279;-0.0733;-0.0774;-0.0041;0.0303;0.0156;0.0078;0.9685
64.0;1.0050;0.9748;-0.2969;0.0000;255;279;-0.0733;-0.0774;-0.0056;0.0293;0.0156;0.0078;0.9764
64.5;1.0151;0.9849;-0.2573;0.0000;255;279;0.0831;-0.0759;-0.0056;0.0254;0.0156;0.0078;0.9764
65.0;1.0238;0.9950;-0.1687;0.0000;257;277;0.0049;-0.0730;-0.0056;0.0166;0.0156;0.0078;0.9764
65.5;1.0334;1.0046;-0.2359;0.0000;257;281;0.0049;-0.0730;-0.0056;0.0235;0.0156;0.0078;0.9764
66.0;1.0435;1.0147;-0.2809;0.0000;259;284;0.0049;-0.0715;-0.0056;0.0274;0.0156;0.0078;0.9764
66.5;1.0527;1.0247;-0.2267;0.0000;261;283;-0.0733;-0.0700;-0.0070;0.0225;0.0166;0.0078;0.9843
67.0;1.0614;1.0348;-0.2473;0.0000;263;286;0.0049;-0.0671;-0.0070;0.0244;0.0166;0.0078;0.9843
67.5;1.0691;1.0449;-0.2603;0.0000;263;286;-0.0733;-0.0627;-0.0070;0.0254;0.0166;0.0078;0.9843
68.0;1.0774;1.0549;-0.3000;0.0000;263;288;-0.0733;-0.0583;-0.0070;0.0293;0.0166;0.0078;0.9843
68.5;1.0861;1.0646;-0.2687;0.0000;265;288;0.0049;-0.0539;-0.0070;0.0264;0.0166;0.0078;0.9843
69.0;1.0952;1.0746;-0.3672;0.0000;265;294;0.0049;-0.0510;-0.0070;0.0362;0.0166;0.0078;0.9843
69.5;1.1049;1.0847;-0.3092;0.0000;269;294;-0.0733;-0.0510;-0.0085;0.0303;0.0166;0.0078;0.9921
70.0;1.1140;1.0948;-0.2985;0.0000;271;296;0.0049;-0.0495;-0.0085;0.0293;0.0176;0.0078;0.9921
70.5;1.1232;1.1049;-0.2756;0.0000;273;296;0.0049;-0.0466;-0.0085;0.0274;0.0176;0.0078;0.9921
71.0;1.1310;1.1149;-0.2359;0.0000;275;296;-0.0733;-0.0422;-0.0085;0.0235;0.0176;0.0078;0.9921
71.5;1.1397;1.1245;-0.3214;0.0000;273;300;0.0049;-0.0378;-0.0085;0.0313;0.0176;0.0078;0.9921
72.0;1.1479;1.1346;-0.3015;0.0000;277;300;-0.1515;-0.0334;-0.0085;0.0293;0.0176;0.0078;1.0000
72.5;1.1557;1.1447;-0.3802;0.0000;277;308;0.0831;-0.0290;-0.0085;0.0371;0.0176;0.0078;1.0000
73.0;1.1635;1.1548;-0.4031;0.0000;277;310;0.0049;-0.0231;-0.0085;0.0401;0.0186;0.0078;1.0000
73.5;1.1717;1.1648;-0.5191;0.0000;279;316;-0.0635;-0.0188;-0.0085;0.0518;0.0186;0.0078;1.0000
74.0;1.1804;1.1749;-0.5695;0.0000;279;318;-0.0635;-0.0144;-0.0085;0.0567;0.0186;0.0078;1.0000
74.5;1.1882;1.1850;-0.6122;0.0000;279;322;-0.0635;-0.0100;-0.0085;0.0606;0.0186;0.0078;1.0000
75.0;1.1973;1.1946;-0.7305;0.0000;277;326;0.0244;-0.0070;-0.0085;0.0723;0.0196;0.0078;1.0079
75.5;1.2065;1.2047;-0.7084;0.0000;279;327;0.0244;-0.0056;-0.0085;0.0704;0.0196;0.0078;1.0079
76.0;1.2161;1.2147;-0.7405;0.0000;279;329;0.0244;-0.0041;-0.0085;0.0733;0.0205;0.0078;1.0079
76.5;1.2262;1.2248;-0.7511;0.0000;281;333;0.0244;-0.0041;-0.0085;0.0743;0.0205;0.0078;1.0079
77.0;1.2367;1.2349;-0.7321;0.0000;284;333;0.0244;-0.0056;-0.0085;0.0723;0.0205;0.0078;1.0079
77.5;1.2468;1.2450;-0.7023;0.0000;284;333;0.0147;-0.0056;-0.0085;0.0694;0.0215;0.0078;1.0079
78.0;1.2569;1.2546;-0.7458;0.0000;284;335;0.0244;-0.0056;-0.0085;0.0743;0.0215;0.0078;1.0157
78.5;1.2669;1.2647;-0.6878;0.0000;284;333;0.0929;-0.0070;-0.0085;0.0684;0.0215;0.0078;1.0157
79.0;1.2770;1.2747;-0.6733;0.0000;286;335;0.0147;-0.0056;-0.0085;0.0665;0.0225;0.0078;1.0157
79.5;1.2871;1.2848;-0.7275;0.0000;286;337;-0.0538;-0.0056;-0.0085;0.0723;0.0225;0.0078;1.0157
80.0;1.2967;1.2949;-0.7015;0.0000;288;339;0.0244;-0.0056;-0.0100;0.0694;0.0225;0.0078;1.0157
80.5;1.3059;1.3049;-0.7069;0.0000;288;341;0.1026;-0.0041;-0.0100;0.0704;0.0235;0.0078;1.0236
81.0;1.3150;1.3146;-0.6305;0.0000;292;339;0.0147;-0.0012;-0.0100;0.0626;0.0235;0.0078;1.0236
81.5;1.3233;1.3246;-0.6023;0.0000;292;341;0.0147;0.0032;-0.0100;0.0596;0.0235;0.0078;1.0236
82.0;1.3320;1.3347;-0.4595;0.0000;298;339;0.0929;0.0062;-0.0085;0.0450;0.0244;0.0078;1.0236
82.5;1.3416;1.3448;-0.5435;0.0000;298;343;0.0147;0.0076;-0.0085;0.0538;0.0244;0.0078;1.0236
83.0;1.3507;1.3549;-0.5115;0.0000;300;343;-0.0635;0.0091;-0.0085;0.0508;0.0244;0.0078;1.0236
83.5;1.3599;1.3649;-0.4366;0.0000;306;343;-0.0635;0.0120;-0.0085;0.0430;0.0244;0.0078;1.0315
84.0;1.3695;1.3745;-0.4611;0.0000;306;345;0.0147;0.0135;-0.0085;0.0459;0.0254;0.0078;1.0315
84.5;1.3791;1.3846;-0.4611;0.0000;306;347;0.0147;0.0135;-0.0085;0.0459;0.0254;0.0078;1.0315
85.0;1.3897;1.3947;-0.4679;0.0000;308;349;0.0929;0.0120;-0.0085;0.0459;0.0254;0.0078;1.0315
85.5;1.3997;1.4048;-0.5260;0.0000;306;351;0.0147;0.0120;-0.0085;0.0518;0.0254;0.0078;1.0315
86.0;1.4089;1.4148;-0.5695;0.0000;306;355;0.0147;0.0135;-0.0085;0.0567;0.0264;0.0078;1.0394
86.5;1.4180;1.4249;-0.4305;0.0000;312;353;0.0929;0.0164;-0.0085;0.0420;0.0264;0.0078;1.0394
87.0;1.4272;1.4350;-0.4802;0.0000;312;357;0.0147;0.0179;-0.0085;0.0479;0.0264;0.0078;1.0394
87.5;1.4368;1.4446;-0.3740;0.0000;318;355;0.0049;0.0193;-0.0085;0.0371;0.0264;0.0078;1.0394
88.0;1.4464;1.4547;-0.3214;0.0000;318;355;0.0831;0.0193;-0.0085;0.0313;0.0274;0.0078;1.0394
88.5;1.4570;1.4647;-0.3595;0.0000;318;355;0.0049;0.0179;-0.0085;0.0352;0.0274;0.0078;1.0394
89.0;1.4675;1.4748;-0.3153;0.0000;320;357;0.0049;0.0179;-0.0085;0.0313;0.0274;0.0078;1.0472
89.5;1.4776;1.4849;-0.2756;0.0000;322;357;0.0049;0.0179;-0.0085;0.0274;0.0274;0.0078;1.0472
90.0;1.4872;1.4950;-0.2878;0.0000;322;359;0.0049;0.0179;-0.0085;0.0283;0.0274;0.0078;1.0472
90.5;1.4968;1.5046;-0.3863;0.0000;322;363;0.0831;0.0193;-0.0085;0.0381;0.0274;0.0078;1.0472
91.0;1.5073;1.5147;-0.3267;0.0000;324;363;0.0831;0.0179;-0.0085;0.0323;0.0283;0.0078;1.0472
91.5;1.5183;1.5247;-0.4282;0.0000;322;365;0.0049;0.0149;-0.0085;0.0420;0.0283;0.0078;1.0472
92.0;1.5293;1.5348;-0.3947;0.0000;322;365;0.0831;0.0135;-0.0085;0.0391;0.0283;0.0078;1.0551
92.5;1.5398;1.5449;-0.3664;0.0000;324;365;0.0049;0.0120;-0.0085;0.0362;0.0283;0.0078;1.0551
93.0;1.5495;1.5549;-0.4344;0.0000;322;367;0.0929;0.0135;-0.0085;0.0430;0.0283;0.0078;1.0551
93.5;1.5586;1.5646;-0.5031;0.0000;322;369;0.0147;0.0135;-0.0085;0.0499;0.0293;0.0078;1.0551
94.0;1.5682;1.5746;-0.4664;0.0000;324;370;-0.0635;0.0149;-0.0070;0.0459;0.0293;0.0078;1.0551
94.5;1.5774;1.5847;-0.4351;0.0000;326;370;-0.0635;0.0179;-0.0070;0.0430;0.0293;0.0078;1.0630
95.0;1.5865;1.5948;-0.5214;0.0000;326;374;0.0147;0.0208;-0.0070;0.0518;0.0293;0.0078;1.0630
95.5;1.5957;1.6049;-0.4534;0.0000;327;372;0.0929;0.0208;-0.0070;0.0450;0.0303;0.0078;1.0630
96.0;1.6053;1.6149;-0.5099;0.0000;327;376;0.0147;0.0237;-0.0070;0.0508;0.0303;0.0078;1.0630
96.5;1.6149;1.6245;-0.5053;0.0000;327;376;-0.0635;0.0237;-0.0070;0.0499;0.0303;0.0078;1.0630
97.0;1.6236;1.6346;-0.5756;0.0000;329;380;0.0147;0.0267;-0.0070;0.0567;0.0303;0.0078;1.0630
97.5;1.6328;1.6447;-0.4969;0.0000;333;380;0.0147;0.0296;-0.0070;0.0489;0.0313;0.0078;1.0709
98.0;1.6429;1.6548;-0.4992;0.0000;335;382;0.0147;0.0296;-0.0070;0.0499;0.0313;0.0078;1.0709
98.5;1.6525;1.6648;-0.5115;0.0000;335;384;0.0147;0.0296;-0.0070;0.0508;0.0313;0.0078;1.0709
99.0;1.6625;1.6749;-0.5069;0.0000;335;384;0.0147;0.0296;-0.0070;0.0499;0.0313;0.0078;1.0709
99.5;1.6726;1.6850;-0.5275;0.0000;335;386;0.0147;0.0296;-0.0070;0.0518;0.0323;0.0078;1.0709
100.0;1.6832;1.6946;-0.3786;0.0000;341;384;0.0049;0.0281;-0.0070;0.0371;0.0323;0.0078;1.0787
100.5;1.6941;1.7047;-0.4504;0.0000;341;386;-0.0635;0.0267;-0.0070;0.0450;0.0323;0.0078;1.0787
101.0;1.7047;1.7147;-0.3931;0.0000;343;386;0.0049;0.0252;-0.0056;0.0391;0.0323;0.0078;1.0787
101.5;1.7157;1.7248;-0.4214;0.0000;343;386;-0.0635;0.0223;-0.0056;0.0420;0.0332;0.0078;1.0787
102.0;1.7271;1.7349;-0.3565;0.0000;345;384;0.0049;0.0179;-0.0056;0.0352;0.0332;0.0078;1.0787
102.5;1.7390;1.7450;-0.4832;0.0000;341;388;0.0929;0.0135;-0.0056;0.0479;0.0332;0.0078;1.0787
103.0;1.7500;1.7546;-0.3756;0.0000;343;384;-0.0733;0.0105;-0.0056;0.0371;0.0332;0.0078;1.0866
103.5;1.7614;1.7647;-0.3664;0.0000;343;384;0.0049;0.0076;-0.0056;0.0362;0.0332;0.0078;1.0866
104.0;1.7724;1.7747;-0.4725;0.0000;343;390;-0.0635;0.0047;-0.0056;0.0469;0.0342;0.0078;1.0866
104.5;1.7834;1.7848;-0.4076;0.0000;345;388;-0.0733;0.0032;-0.0056;0.0401;0.0342;0.0078;1.0866
105.0;1.7944;1.7949;-0.3580;0.0000;347;386;0.0831;0.0003;-0.0056;0.0352;0.0342;0.0078;1.0866
105.5;1.8049;1.8049;-0.2832;0.0000;349;384;-0.0733;-0.0012;-0.0056;0.0274;0.0342;0.0078;1.0945
106.0;1.8155;1.8146;-0.2748;0.0000;351;384;-0.0733;-0.0026;-0.0056;0.0274;0.0342;0.0078;1.0945
106.5;1.8269;1.8246;-0.0542;0.0000;357;378;-0.1613;-0.0056;-0.0056;0.0049;0.0342;0.0078;1.0945
107.0;1.8379;1.8347;-0.0992;0.0000;355;378;-0.0831;-0.0085;-0.0056;0.0098;0.0342;0.0078;1.0945
107.5;1.8484;1.8448;0.0198;0.0000;361;376;-0.1613;-0.0100;-0.0056;-0.0029;0.0342;0.0078;1.0945
108.0;1.8594;1.8549;0.1802;0.0000;365;372;-0.1711;-0.0114;-0.0056;-0.0186;0.0342;0.0078;1.0945
108.5;1.8704;1.8649;0.1496;0.0000;365;372;-0.0929;-0.0144;-0.0056;-0.0156;0.0342;0.0078;1.1024
109.0;1.8819;1.8745;0.1008;0.0000;363;374;-0.0831;-0.0188;-0.0056;-0.0108;0.0342;0.0078;1.1024
109.5;1.8924;1.8846;-0.0015;0.0000;361;376;-0.0049;-0.0188;-0.0056;-0.0000;0.0342;0.0078;1.1024
110.0;1.9025;1.8947;-0.0046;0.0000;361;378;-0.0049;-0.0202;-0.0056;-0.0000;0.0342;0.0078;1.1024
110.5;1.9135;1.9048;-0.0275;0.0000;361;380;-0.0049;-0.0217;-0.0070;0.0020;0.0342;0.0078;1.1024
111.0;1.9240;1.9148;0.1435;0.0000;367;376;-0.0929;-0.0246;-0.0070;-0.0147;0.0342;0.0078;1.1024
111.5;1.9345;1.9249;0.1160;0.0000;367;378;-0.0831;-0.0246;-0.0070;-0.0117;0.0342;0.0078;1.1102
112.0;1.9451;1.9350;0.1702;0.0000;369;376;-0.0929;-0.0261;-0.0070;-0.0176;0.0342;0.0078;1.1102
112.5;1.9547;1.9446;0.1427;0.0000;367;376;-0.1711;-0.0261;-0.0070;-0.0147;0.0342;0.0078;1.1102
113.0;1.9652;1.9547;0.1252;0.0000;367;378;-0.0049;-0.0261;-0.0070;-0.0127;0.0342;0.0078;1.1102
113.5;1.9762;1.9647;0.1702;0.0000;369;376;-0.0929;-0.0290;-0.0070;-0.0176;0.0342;0.0078;1.1102
114.0;1.9872;1.9748;0.2046;0.0000;370;376;-0.0147;-0.0319;-0.0070;-0.0205;0.0342;0.0078;1.1181
114.5;1.9982;1.9849;0.1580;0.0000;369;380;-0.0929;-0.0349;-0.0070;-0.0166;0.0342;0.0078;1.1181
115.0;2.0092;1.9950;0.0115;0.0000;367;384;-0.0049;-0.0363;-0.0070;-0.0020;0.0342;0.0078;1.1181
115.5;2.0192;2.0046;0.0626;0.0000;367;382;-0.0049;-0.0378;-0.0070;-0.0068;0.0332;0.0078;1.1181
116.0;2.0298;2.0147;-0.0519;0.0000;365;386;-0.0049;-0.0378;-0.0070;0.0049;0.0342;0.0078;1.1181
116.5;2.0394;2.0247;0.0244;0.0000;367;384;-0.0049;-0.0378;-0.0085;-0.0029;0.0332;0.0078;1.1181
117.0;2.0490;2.0348;0.0992;0.0000;369;384;-0.0049;-0.0363;-0.0085;-0.0108;0.0332;0.0078;1.1260
117.5;2.0582;2.0449;0.0847;0.0000;370;386;-0.0049;-0.0334;-0.0085;-0.0088;0.0332;0.0078;1.1260
118.0;2.0678;2.0549;0.0198;0.0000;370;388;-0.0831;-0.0334;-0.0085;-0.0029;0.0332;0.0078;1.1260
118.5;2.0774;2.0650;0.0305;0.0000;374;394;-0.0049;-0.0319;-0.0085;-0.0039;0.0332;0.0078;1.1339
119.0;2.0865;2.0751;0.0076;0.0000;378;398;-0.0831;-0.0290;-0.0085;-0.0010;0.0332;0.0078;1.1496
119.5;2.0957;2.0856;-0.2008;0.0000;376;406;-0.0733;-0.0261;-0.0085;0.0196;0.0332;0.0078;1.1575
120.0;2.1053;2.0962;-0.1260;0.0000;382;410;0.0733;-0.0231;-0.0085;0.0117;0.0342;0.0078;1.1732
120.5;2.1154;2.1071;-0.3450;0.0000;380;419;0.0049;-0.0217;-0.0085;0.0342;0.0342;0.0078;1.1811
121.0;2.1250;2.1181;-0.3786;0.0000;384;425;0.0831;-0.0173;-0.0085;0.0371;0.0342;0.0078;1.1969
121.5;2.1337;2.1291;-0.3969;0.0000;390;431;0.0049;-0.0129;-0.0085;0.0391;0.0342;0.0078;1.2047
122.0;2.1419;2.1406;-0.2099;0.0000;400;433;0.0049;-0.0056;-0.0085;0.0205;0.0342;0.0078;1.2205
122.5;2.1506;2.1520;-0.1809;0.0000;406;439;0.0049;0.0018;-0.0085;0.0176;0.0342;0.0078;1.2362
123.0;2.1612;2.1635;-0.2794;0.0000;410;447;0.0049;0.0047;-0.0085;0.0274;0.0342;0.0078;1.2441
123.5;2.1717;2.1749;-0.2916;0.0000;413;453;0.1613;0.0076;-0.0085;0.0283;0.0352;0.0078;1.2598
124.0;2.1841;2.1868;-0.3702;0.0000;417;460;0.0049;0.0076;-0.0085;0.0362;0.0352;0.0078;1.2677
124.5;2.1955;2.1992;-0.1191;0.0000;427;458;0.0733;0.0076;-0.0085;0.0117;0.0352;0.0078;1.2835
125.0;2.2065;2.2111;-0.1893;0.0000;429;464;0.0049;0.0105;-0.0085;0.0186;0.0352;0.0078;1.2913
125.5;2.2179;2.2234;-0.0580;0.0000;439;466;0.0733;0.0135;-0.0085;0.0049;0.0352;0.0078;1.3071
126.0;2.2289;2.2358;-0.1221;0.0000;443;474;0.0733;0.0164;-0.0085;0.0117;0.0352;0.0078;1.3150
126.5;2.2413;2.2486;-0.0557;0.0000;447;476;-0.0049;0.0179;-0.0085;0.0049;0.0352;0.0078;1.3150
127.0;2.2537;2.2610;0.0015;0.0000;453;478;0.0733;0.0179;-0.0085;-0.0010;0.0352;0.0078;1.3228
127.5;2.2665;2.2734;0.0008;0.0000;455;480;-0.0049;0.0164;-0.0085;-0.0010;0.0352;0.0078;1.3228
128.0;2.2807;2.2862;0.0634;0.0000;455;478;0.0733;0.0120;-0.0085;-0.0068;0.0352;0.0078;1.3228
128.5;2.2953;2.2985;-0.1336;0.0000;451;486;0.0733;0.0076;-0.0085;0.0127;0.0352;0.0078;1.3228
129.0;2.3095;2.3109;-0.1641;0.0000;451;486;0.0049;0.0032;-0.0085;0.0156;0.0352;0.0078;1.3307
129.5;2.3233;2.3237;-0.2870;0.0000;449;490;0.0831;0.0003;-0.0085;0.0283;0.0352;0.0078;1.3307
130.0;2.3370;2.3361;-0.2954;0.0000;449;492;0.0831;-0.0026;-0.0085;0.0293;0.0352;0.0078;1.3307
130.5;2.3494;2.3484;-0.3901;0.0000;449;496;0.0831;-0.0026;-0.0085;0.0381;0.0362;0.0078;1.3307
131.0;2.3622;2.3608;-0.2527;0.0000;453;494;0.0831;-0.0026;-0.0085;0.0244;0.0362;0.0078;1.3307
131.5;2.3755;2.3736;-0.3725;0.0000;447;496;0.0831;-0.0056;-0.0085;0.0371;0.0362;0.0078;1.3386
132.0;2.3892;2.3860;-0.4420;0.0000;447;500;0.0929;-0.0085;-0.0085;0.0440;0.0362;0.0078;1.3386
132.5;2.4020;2.3984;-0.4733;0.0000;445;501;0.0929;-0.0100;-0.0085;0.0469;0.0362;0.0078;1.3386
133.0;2.4148;2.4112;-0.5893;0.0000;445;505;0.0147;-0.0100;-0.0085;0.0587;0.0371;0.0078;1.3386
133.5;2.4281;2.4235;-0.6427;0.0000;443;507;0.0929;-0.0114;-0.0085;0.0635;0.0371;0.0078;1.3465
134.0;2.4405;2.4359;-0.7275;0.0000;443;511;0.0244;-0.0114;-0.0085;0.0723;0.0371;0.0078;1.3465
134.5;2.4524;2.4487;-0.6840;0.0000;443;511;0.0147;-0.0100;-0.0085;0.0674;0.0381;0.0078;1.3465
135.0;2.4634;2.4611;-0.7344;0.0000;445;513;-0.0538;-0.0056;-0.0085;0.0733;0.0381;0.0078;1.3465
135.5;2.4739;2.4734;-0.5145;0.0000;453;509;-0.0635;-0.0012;-0.0085;0.0508;0.0381;0.0078;1.3465
136.0;2.4844;2.4858;-0.5053;0.0000;457;511;-0.0635;0.0032;-0.0085;0.0499;0.0391;0.0078;1.3543
136.5;2.4950;2.4986;-0.5473;0.0000;458;515;0.0147;0.0076;-0.0085;0.0538;0.0391;0.0078;1.3543
137.0;2.5060;2.5110;-0.5053;0.0000;462;517;0.0147;0.0120;-0.0085;0.0499;0.0391;0.0078;1.3543
137.5;2.5174;2.5234;-0.6061;0.0000;460;523;0.0147;0.0149;-0.0085;0.0596;0.0401;0.0078;1.3543
138.0;2.5284;2.5362;-0.4206;0.0000;466;517;0.0147;0.0179;-0.0085;0.0420;0.0401;0.0078;1.3622
138.5;2.5398;2.5485;-0.4527;0.0000;468;521;-0.1417;0.0208;-0.0085;0.0450;0.0401;0.0078;1.3622
139.0;2.5527;2.5609;-0.2794;0.0000;474;517;0.0049;0.0208;-0.0085;0.0274;0.0401;0.0078;1.3622
139.5;2.5659;2.5737;-0.2252;0.0000;480;517;-0.1515;0.0193;-0.0085;0.0225;0.0401;0.0078;1.3622
140.0;2.5792;2.5861;-0.1824;0.0000;482;515;-0.1515;0.0164;-0.0085;0.0176;0.0401;0.0078;1.3622
140.5;2.5806;2.5984;-0.2229;0.0000;476;529;-0.1515;0.0442;-0.0085;0.0215;0.0401;0.0078;1.3701
141.0;2.5861;2.6108;-0.3023;0.0000;482;537;-0.0733;0.0618;-0.0070;0.0293;0.0411;0.0078;1.3701
141.5;2.5957;2.6236;-0.1366;0.0000;492;535;-0.1613;0.0691;-0.0070;0.0127;0.0411;0.0078;1.3701
142.0;2.6076;2.6360;-0.0870;0.0000;498;535;-0.0831;0.0706;-0.0070;0.0078;0.0411;0.0078;1.3701
142.5;2.6195;2.6484;0.0710;0.0000;505;533;-0.1613;0.0721;-0.0070;-0.0078;0.0411;0.0078;1.3780
143.0;2.6314;2.6612;0.1977;0.0000;511;531;-0.0929;0.0735;-0.0070;-0.0205;0.0411;0.0078;1.3780
143.5;2.6442;2.6735;0.0977;0.0000;513;537;-0.0049;0.0721;-0.0056;-0.0108;0.0411;0.0078;1.3780
144.0;2.6575;2.6859;0.2244;0.0000;519;537;-0.0929;0.0706;-0.0056;-0.0235;0.0401;0.0078;1.3780
144.5;2.6703;2.6987;0.1061;0.0000;517;541;-0.0831;0.0691;-0.0056;-0.0108;0.0401;0.0078;1.3780
145.0;2.6832;2.7111;0.2374;0.0000;523;537;-0.0147;0.0691;-0.0056;-0.0244;0.0401;0.0078;1.3858
145.5;2.6955;2.7234;0.0901;0.0000;517;541;-0.0049;0.0691;-0.0056;-0.0098;0.0401;0.0078;1.3858
146.0;2.7074;2.7358;0.1137;0.0000;521;543;-0.0831;0.0706;-0.0041;-0.0117;0.0401;0.0078;1.3858
146.5;2.7189;2.7486;0.0061;0.0000;523;548;-0.0049;0.0735;-0.0041;-0.0010;0.0401;0.0078;1.3858
147.0;2.7308;2.7610;0.0870;0.0000;527;548;-0.0049;0.0750;-0.0041;-0.0088;0.0401;0.0078;1.3937
147.5;2.7431;2.7734;0.1542;0.0000;531;548;-0.0147;0.0750;-0.0041;-0.0156;0.0401;0.0078;1.3937
148.0;2.7560;2.7862;0.2145;0.0000;533;548;-0.0147;0.0750;-0.0041;-0.0215;0.0401;0.0078;1.3937
148.5;2.7683;2.7985;0.1099;0.0000;531;550;-0.0049;0.0750;-0.0026;-0.0117;0.0401;0.0078;1.3937
149.0;2.7807;2.8109;-0.0733;0.0000;527;556;-0.0831;0.0750;-0.0026;0.0068;0.0401;0.0078;1.3937
149.5;2.7917;2.8237;0.1015;0.0000;533;552;-0.0831;0.0779;-0.0026;-0.0108;0.0401;0.0078;1.4016
150.0;2.8040;2.8361;-0.0008;0.0000;537;560;-0.0831;0.0794;-0.0026;-0.0000;0.0401;0.0078;1.4016
150.5;2.8168;2.8484;0.0840;0.0000;539;560;-0.0049;0.0794;-0.0026;-0.0088;0.0401;0.0078;1.4016
151.0;2.8297;2.8608;-0.0374;0.0000;537;566;0.0733;0.0779;-0.0012;0.0029;0.0401;0.0078;1.4016
151.5;2.8434;2.8736;-0.1115;0.0000;535;568;-0.0049;0.0750;-0.0012;0.0108;0.0401;0.0078;1.4094
152.0;2.8567;2.8860;-0.2840;0.0000;531;574;-0.0733;0.0721;-0.0012;0.0283;0.0401;0.0078;1.4094
152.5;2.8704;2.8984;-0.2992;0.0000;531;574;0.0831;0.0691;-0.0012;0.0293;0.0401;0.0078;1.4094
153.0;2.8855;2.9112;-0.2427;0.0000;533;572;-0.0733;0.0633;-0.0012;0.0235;0.0401;0.0078;1.4094
153.5;2.8997;2.9235;-0.2855;0.0000;533;576;0.0049;0.0589;0.0003;0.0283;0.0401;0.0078;1.4094
154.0;2.9130;2.9359;-0.1107;0.0000;539;574;0.0733;0.0560;0.0003;0.0108;0.0411;0.0078;1.4173
154.5;2.9267;2.9487;-0.2679;0.0000;535;578;0.0049;0.0530;0.0003;0.0264;0.0411;0.0078;1.4173
155.0;2.9414;2.9611;-0.1412;0.0000;537;574;0.0831;0.0486;0.0003;0.0137;0.0411;0.0078;1.4173
155.5;2.9570;2.9734;-0.1916;0.0000;535;576;0.1613;0.0398;0.0003;0.0186;0.0411;0.0078;1.4173
156.0;2.9721;2.9858;-0.1344;0.0000;531;572;0.0733;0.0340;0.0003;0.0127;0.0411;0.0078;1.4094
156.5;2.9863;2.9982;-0.1954;0.0000;527;570;0.0831;0.0281;0.0003;0.0186;0.0411;0.0078;1.4016
157.0;2.9995;3.0101;-0.2634;0.0000;523;570;0.0831;0.0252;0.0003;0.0254;0.0411;0.0078;1.3937
157.5;3.0142;3.0220;-0.3153;0.0000;517;570;0.0831;0.0193;0.0003;0.0313;0.0411;0.0078;1.3858
158.0;3.0288;3.0339;-0.3733;0.0000;511;568;0.0831;0.0105;0.0003;0.0371;0.0411;0.0078;1.3780
158.5;3.0435;3.0453;-0.2115;0.0000;511;558;0.1613;0.0032;0.0018;0.0205;0.0420;0.0078;1.3701
159.0;3.0582;3.0568;-0.4458;0.0000;500;558;0.1711;-0.0041;0.0003;0.0440;0.0420;0.0078;1.3622
159.5;3.0728;3.0678;-0.3588;0.0000;496;550;0.0831;-0.0129;0.0003;0.0352;0.0420;0.0078;1.3543
160.0;3.0856;3.0792;-0.4282;0.0000;490;548;0.0147;-0.0173;0.0003;0.0420;0.0420;0.0078;1.3386
160.5;3.0975;3.0897;-0.3664;0.0000;488;543;0.0049;-0.0202;0.0003;0.0362;0.0420;0.0078;1.3307
161.0;3.1094;3.1007;-0.3374;0.0000;488;541;0.0049;-0.0217;0.0003;0.0332;0.0430;0.0078;1.3228
161.5;3.1204;3.1113;-0.2466;0.0000;488;535;0.0831;-0.0231;0.0003;0.0244;0.0430;0.0078;1.3150
162.0;3.1310;3.1218;-0.2496;0.0000;484;531;0.0049;-0.0246;0.0003;0.0244;0.0430;0.0078;1.3071
162.5;3.1415;3.1323;-0.3565;0.0000;476;531;0.0049;-0.0246;0.0003;0.0352;0.0430;0.0078;1.2992
163.0;3.1516;3.1424;-0.1870;0.0000;480;523;0.0831;-0.0231;0.0003;0.0186;0.0430;0.0078;1.2913
163.5;3.1612;3.1525;-0.2038;0.0000;474;517;0.0831;-0.0231;0.0003;0.0196;0.0430;0.0078;1.2835
164.0;3.1708;3.1621;-0.1527;0.0000;474;515;0.0049;-0.0231;0.0003;0.0147;0.0430;0.0078;1.2677
164.5;3.1818;3.1717;-0.1878;0.0000;470;513;-0.0733;-0.0261;0.0003;0.0186;0.0430;0.0078;1.2598
165.0;3.1928;3.1813;-0.0740;0.0000;472;505;-0.1613;-0.0290;0.0003;0.0068;0.0430;0.0078;1.2520
165.5;3.2038;3.1909;-0.2260;0.0000;466;507;-0.0733;-0.0334;0.0003;0.0225;0.0440;0.0078;1.2441
166.0;3.2143;3.2001;-0.0840;0.0000;468;500;-0.0831;-0.0363;0.0003;0.0078;0.0440;0.0078;1.2362
166.5;3.2244;3.2088;-0.0550;0.0000;464;494;-0.0831;-0.0393;-0.0012;0.0049;0.0440;0.0078;1.2283
167.0;3.2335;3.2179;0.0855;0.0000;464;486;-0.0831;-0.0393;-0.0012;-0.0088;0.0440;0.0078;1.2205
167.5;3.2445;3.2266;0.0557;0.0000;460;482;-0.1613;-0.0451;-0.0012;-0.0059;0.0440;0.0078;1.2047
168.0;3.2555;3.2353;-0.0282;0.0000;457;480;-0.1613;-0.0510;-0.0012;0.0020;0.0440;0.0078;1.1969
168.5;3.2665;3.2436;0.1061;0.0000;457;474;-0.0831;-0.0568;-0.0012;-0.0108;0.0430;0.0078;1.1890
169.0;3.2770;3.2518;0.0206;0.0000;453;472;-0.1613;-0.0642;-0.0012;-0.0029;0.0430;0.0078;1.1811
169.5;3.2880;3.2601;0.1702;0.0000;451;462;-0.0929;-0.0700;-0.0012;-0.0176;0.0430;0.0078;1.1732
170.0;3.2981;3.2679;-0.0099;0.0000;443;464;-0.0049;-0.0759;-0.0026;0.0010;0.0430;0.0078;1.1654
170.5;3.3072;3.2756;0.0008;0.0000;437;458;-0.1613;-0.0788;-0.0026;-0.0010;0.0430;0.0078;1.1575
171.0;3.3155;3.2834;-0.1069;0.0000;431;457;-0.0831;-0.0817;-0.0026;0.0098;0.0430;0.0078;1.1417
171.5;3.3233;3.2912;-0.1107;0.0000;427;455;-0.0831;-0.0817;-0.0026;0.0108;0.0440;0.0078;1.1339
172.0;3.3297;3.2985;-0.0908;0.0000;425;451;-0.0049;-0.0788;-0.0026;0.0088;0.0440;0.0078;1.1260
172.5;3.3356;3.3054;-0.1916;0.0000;419;453;0.0049;-0.0759;-0.0041;0.0186;0.0440;0.0078;1.1181
173.0;3.3416;3.3127;-0.2282;0.0000;417;451;0.0049;-0.0730;-0.0041;0.0225;0.0440;0.0078;1.1102
173.5;3.3466;3.3196;-0.2687;0.0000;415;451;0.0049;-0.0686;-0.0041;0.0264;0.0440;0.0078;1.0945
174.0;3.3498;3.3260;-0.1779;0.0000;415;447;0.0049;-0.0598;-0.0041;0.0176;0.0440;0.0078;1.0866
174.5;3.3539;3.3329;-0.1847;0.0000;413;447;0.0049;-0.0539;-0.0041;0.0176;0.0440;0.0078;1.0787
175.0;3.3599;3.3393;-0.1481;0.0000;412;445;0.1613;-0.0524;-0.0056;0.0147;0.0440;0.0078;1.0709
175.5;3.3649;3.3452;-0.3069;0.0000;406;447;0.0049;-0.0495;-0.0056;0.0303;0.0440;0.0078;1.0630
176.0;3.3713;3.3516;-0.1733;0.0000;408;441;0.0049;-0.0495;-0.0056;0.0166;0.0440;0.0078;1.0472
176.5;3.3768;3.3576;-0.3618;0.0000;402;445;-0.0733;-0.0495;-0.0056;0.0352;0.0450;0.0078;1.0394
177.0;3.3823;3.3631;-0.1275;0.0000;404;437;-0.0049;-0.0495;-0.0056;0.0117;0.0450;0.0078;1.0315
177.5;3.3878;3.3690;-0.1183;0.0000;402;435;0.0733;-0.0481;-0.0056;0.0117;0.0450;0.0078;1.0236
178.0;3.3924;3.3741;-0.3313;0.0000;394;439;0.0049;-0.0466;-0.0056;0.0323;0.0450;0.0078;1.0157
178.5;3.3974;3.3796;-0.3206;0.0000;390;435;0.0049;-0.0451;-0.0056;0.0313;0.0450;0.0078;1.0000
179.0;3.4016;3.3846;-0.3542;0.0000;386;435;0.0831;-0.0422;-0.0070;0.0352;0.0450;0.0078;0.9921
179.5;3.4071;3.3897;-0.1756;0.0000;388;427;0.0831;-0.0437;-0.0070;0.0166;0.0450;0.0078;0.9843
180.0;3.4121;3.3947;-0.2328;0.0000;384;427;0.2395;-0.0451;-0.0070;0.0225;0.0450;0.0078;0.9764
180.5;3.4176;3.3993;-0.0565;0.0000;384;421;0.1515;-0.0466;-0.0070;0.0049;0.0450;0.0078;0.9685
181.0;3.4226;3.4038;-0.2092;0.0000;378;425;0.0831;-0.0481;-0.0070;0.0205;0.0459;0.0078;0.9528
181.5;3.4272;3.4084;-0.0481;0.0000;378;417;0.0733;-0.0481;-0.0070;0.0039;0.0459;0.0078;0.9449
182.0;3.4309;3.4125;0.0420;0.0000;378;412;0.0733;-0.0466;-0.0070;-0.0049;0.0459;0.0078;0.9370
182.5;3.4345;3.4167;0.1595;0.0000;378;406;0.0635;-0.0451;-0.0070;-0.0166;0.0450;0.0078;0.9291
183.0;3.4391;3.4203;0.1740;0.0000;374;402;0.0635;-0.0481;-0.0085;-0.0176;0.0450;0.0078;0.9134
183.5;3.4437;3.4240;-0.0336;0.0000;367;406;0.1515;-0.0495;-0.0085;0.0029;0.0450;0.0078;0.9055
184.0;3.4473;3.4277;-0.1153;0.0000;361;406;0.0733;-0.0495;-0.0085;0.0108;0.0450;0.0078;0.8976
184.5;3.4501;3.4313;-0.2031;0.0000;357;404;0.0049;-0.0481;-0.0085;0.0196;0.0459;0.0078;0.8898
185.0;3.4524;3.4345;0.0656;0.0000;363;396;0.0733;-0.0451;-0.0085;-0.0068;0.0459;0.0078;0.8740
185.5;3.4538;3.4377;-0.1145;0.0000;357;398;-0.0049;-0.0407;-0.0085;0.0108;0.0459;0.0078;0.8661
186.0;3.4560;3.4405;0.0634;0.0000;359;390;-0.0831;-0.0393;-0.0085;-0.0068;0.0459;0.0078;0.8583
186.5;3.4579;3.4432;-0.1397;0.0000;353;394;-0.0049;-0.0363;-0.0085;0.0137;0.0459;0.0078;0.8504
187.0;3.4597;3.4460;-0.0244;0.0000;353;386;-0.0049;-0.0349;-0.0085;0.0020;0.0459;0.0078;0.8346
187.5;3.4620;3.4487;0.0664;0.0000;353;380;-0.1613;-0.0334;-0.0100;-0.0068;0.0459;0.0078;0.8268
188.0;3.4629;3.4510;0.3122;0.0000;359;372;-0.0929;-0.0319;-0.0100;-0.0313;0.0450;0.0078;0.8189
188.5;3.4657;3.4528;0.2115;0.0000;355;372;-0.1711;-0.0319;-0.0100;-0.0215;0.0450;0.0078;0.8110
189.0;3.4693;3.4551;0.0947;0.0000;351;372;-0.0831;-0.0363;-0.0100;-0.0098;0.0450;0.0078;0.7953
189.5;3.4730;3.4570;0.3634;0.0000;353;361;-0.0929;-0.0407;-0.0100;-0.0371;0.0450;0.0078;0.7874
190.0;3.4757;3.4588;0.2656;0.0000;347;361;-0.0929;-0.0437;-0.0100;-0.0274;0.0450;0.0078;0.7795
190.5;3.4785;3.4602;0.4344;0.0000;347;351;-0.1808;-0.0466;-0.0100;-0.0440;0.0450;0.0078;0.7638
191.0;3.4808;3.4615;0.2489;0.0000;339;353;-0.1711;-0.0495;-0.0100;-0.0254;0.0450;0.0078;0.7559
191.5;3.4835;3.4629;0.2931;0.0000;337;345;-0.0929;-0.0524;-0.0100;-0.0303;0.0440;0.0078;0.7480
192.0;3.4867;3.4638;0.1076;0.0000;329;349;-0.0049;-0.0583;-0.0114;-0.0117;0.0440;0.0078;0.7402
192.5;3.4895;3.4647;0.2191;0.0000;329;343;-0.0147;-0.0627;-0.0114;-0.0225;0.0440;0.0078;0.7244
193.0;3.4908;3.4657;0.2198;0.0000;326;339;-0.0147;-0.0642;-0.0114;-0.0225;0.0440;0.0078;0.7165
193.5;3.4908;3.4661;0.3298;0.0000;326;333;-0.0929;-0.0612;-0.0114;-0.0332;0.0440;0.0078;0.7087
194.0;3.4904;3.4666;0.4092;0.0000;324;327;-0.1026;-0.0598;-0.0114;-0.0411;0.0440;0.0078;0.6929
194.5;3.4895;3.4670;0.3145;0.0000;318;327;-0.0147;-0.0568;-0.0114;-0.0323;0.0440;0.0078;0.6850
195.0;3.4872;3.4675;0.4908;0.0000;320;320;-0.0244;-0.0510;-0.0129;-0.0499;0.0430;0.0078;0.6772
195.5;3.4840;3.4675;0.4084;0.0000;316;322;0.0635;-0.0422;-0.0129;-0.0411;0.0430;0.0078;0.6614
196.0;3.4799;3.4670;0.5565;0.0000;320;318;-0.0244;-0.0334;-0.0129;-0.0557;0.0430;0.0078;0.6535
196.5;3.4762;3.4666;0.3130;0.0000;314;324;-0.0147;-0.0246;-0.0129;-0.0323;0.0430;0.0078;0.6457
197.0;3.4730;3.4661;0.1947;0.0000;310;326;-0.0147;-0.0173;-0.0129;-0.0196;0.0430;0.0078;0.6378
197.5;3.4707;3.4657;0.0214;0.0000;304;329;0.1515;-0.0129;-0.0129;-0.0029;0.0430;0.0078;0.6299
198.0;3.4698;3.4647;-0.0947;0.0000;298;331;0.0733;-0.0129;-0.0129;0.0088;0.0430;0.0078;0.6220
198.5;3.4689;3.4638;0.0084;0.0000;298;327;0.0733;-0.0129;-0.0129;-0.0010;0.0430;0.0078;0.6142
199.0;3.4661;3.4629;-0.1504;0.0000;292;329;0.0831;-0.0085;-0.0129;0.0147;0.0430;0.0078;0.6063
199.5;3.4629;3.4615;-0.0779;0.0000;294;327;0.0733;-0.0041;-0.0129;0.0068;0.0430;0.0078;0.5984
200.0;3.4602;3.4602;-0.0939;0.0000;294;327;-0.0049;-0.0012;-0.0129;0.0088;0.0430;0.0078;0.5906
200.5;3.4570;3.4588;0.0863;0.0000;296;322;0.1515;0.0032;-0.0129;-0.0088;0.0430;0.0078;0.5827
201.0;3.4551;3.4570;-0.0046;0.0000;292;322;0.0733;0.0032;-0.0129;-0.0000;0.0430;0.0078;0.5748
201.5;3.4368;3.4551;0.1763;0.0000;302;308;0.1417;0.0442;-0.0129;-0.0186;0.0430;0.0078;0.5669
202.0;3.4245;3.4528;0.1840;0.0000;306;314;0.1417;0.0706;-0.0129;-0.0186;0.0430;0.0078;0.5591
202.5;3.4158;3.4510;0.2046;0.0000;310;318;0.1417;0.0867;-0.0114;-0.0205;0.0430;0.0078;0.5512
203.0;3.4093;3.4487;0.1580;0.0000;310;322;0.1417;0.0970;-0.0114;-0.0166;0.0420;0.0078;0.5433
203.5;3.4043;3.4460;0.2702;0.0000;312;322;0.1417;0.1028;-0.0114;-0.0274;0.0420;0.0078;0.5354
204.0;3.4011;3.4432;0.2893;0.0000;312;322;0.1417;0.1058;-0.0114;-0.0293;0.0420;0.0078;0.5276
204.5;3.3979;3.4405;0.2053;0.0000;308;324;0.0635;0.1058;-0.0100;-0.0215;0.0420;0.0078;0.5197
205.0;3.3947;3.4377;0.3420;0.0000;308;318;0.0635;0.1072;-0.0100;-0.0352;0.0420;0.0078;0.5118
205.5;3.3910;3.4345;0.2519;0.0000;302;318;0.0635;0.1087;-0.0100;-0.0254;0.0420;0.0078;0.5039
206.0;3.3869;3.4313;0.2924;0.0000;302;316;-0.0147;0.1102;-0.0085;-0.0293;0.0420;0.0078;0.4961
206.5;3.3837;3.4277;0.2916;0.0000;300;314;-0.0147;0.1102;-0.0085;-0.0293;0.0411;0.0078;0.4882
207.0;3.3814;3.4240;0.3122;0.0000;300;312;0.0635;0.1072;-0.0085;-0.0313;0.0411;0.0078;0.4803
207.5;3.3782;3.4203;0.3313;0.0000;298;310;0.0635;0.1043;-0.0070;-0.0332;0.0411;0.0078;0.4724
208.0;3.3750;3.4167;0.2985;0.0000;294;308;-0.0147;0.1028;-0.0070;-0.0303;0.0411;0.0078;0.4646
208.5;3.3718;3.4125;0.3565;0.0000;292;302;-0.0929;0.1014;-0.0070;-0.0362;0.0411;0.0078;0.4567
209.0;3.3686;3.4084;0.2664;0.0000;288;300;-0.0147;0.0984;-0.0070;-0.0274;0.0411;0.0078;0.4488
209.5;3.3658;3.4038;0.3939;0.0000;288;294;-0.0147;0.0941;-0.0056;-0.0401;0.0401;0.0078;0.4409
210.0;3.3636;3.3993;0.2771;0.0000;284;294;-0.0929;0.0882;-0.0056;-0.0283;0.0401;0.0078;0.4252
210.5;3.3608;3.3947;0.3351;0.0000;283;288;-0.0929;0.0838;-0.0056;-0.0342;0.0401;0.0078;0.4173
211.0;3.3581;3.3897;0.3084;0.0000;279;286;-0.1711;0.0779;-0.0056;-0.0313;0.0401;0.0078;0.4094
211.5;3.3535;3.3846;0.3168;0.0000;277;283;-0.1711;0.0765;-0.0056;-0.0323;0.0401;0.0078;0.4016
212.0;3.3503;3.3796;0.3634;0.0000;277;277;-0.1711;0.0721;-0.0041;-0.0371;0.0401;0.0078;0.3937
212.5;3.3466;3.3741;0.3794;0.0000;273;273;-0.1711;0.0677;-0.0041;-0.0381;0.0391;0.0078;0.3858
213.0;3.3439;3.3690;0.4664;0.0000;271;267;-0.1026;0.0618;-0.0041;-0.0469;0.0391;0.0078;0.3780
213.5;3.3402;3.3631;0.3550;0.0000;265;265;-0.0929;0.0574;-0.0041;-0.0362;0.0391;0.0078;0.3701
214.0;3.3361;3.3576;0.4137;0.0000;263;261;-0.0929;0.0516;-0.0041;-0.0420;0.0391;0.0078;0.3622
214.5;3.3320;3.3516;0.3954;0.0000;261;257;-0.0147;0.0472;-0.0041;-0.0401;0.0391;0.0078;0.3543
215.0;3.3278;3.3452;0.4473;0.0000;257;253;-0.0244;0.0428;-0.0026;-0.0450;0.0381;0.0078;0.3465
215.5;3.3228;3.3393;0.4802;0.0000;255;249;-0.0244;0.0398;-0.0026;-0.0489;0.0381;0.0078;0.3307
216.0;3.3173;3.3329;0.4595;0.0000;251;245;-0.1026;0.0369;-0.0026;-0.0469;0.0381;0.0078;0.3228
216.5;3.3127;3.3260;0.4076;0.0000;245;243;-0.0147;0.0325;-0.0026;-0.0411;0.0381;0.0078;0.3150
217.0;3.3072;3.3196;0.3756;0.0000;241;241;0.0635;0.0296;-0.0026;-0.0381;0.0371;0.0078;0.3071
217.5;3.3008;3.3127;0.4954;0.0000;239;236;0.0538;0.0281;-0.0026;-0.0499;0.0371;0.0078;0.2992
218.0;3.2949;3.3054;0.4916;0.0000;238;234;-0.0244;0.0252;-0.0026;-0.0499;0.0371;0.0078;0.2913
218.5;3.2889;3.2985;0.6344;0.0000;238;226;-0.0244;0.0237;-0.0026;-0.0635;0.0371;0.0078;0.2835
219.0;3.2825;3.2912;0.5168;0.0000;232;228;0.0538;0.0208;-0.0026;-0.0518;0.0362;0.0078;0.2756
219.5;3.2775;3.2834;0.3527;0.0000;224;228;-0.0147;0.0149;-0.0026;-0.0362;0.0362;0.0078;0.2677
220.0;3.2715;3.2756;0.2061;0.0000;216;228;-0.0147;0.0105;-0.0026;-0.0215;0.0362;0.0078;0.2520
220.5;3.2651;3.2679;0.2099;0.0000;212;224;0.1417;0.0062;-0.0026;-0.0215;0.0362;0.0078;0.2441
221.0;3.2578;3.2601;0.1672;0.0000;206;222;-0.0147;0.0047;-0.0026;-0.0176;0.0362;0.0078;0.2362
221.5;3.2509;3.2518;0.1878;0.0000;204;220;0.0635;0.0018;-0.0026;-0.0196;0.0362;0.0078;0.2283
222.0;3.2440;3.2436;0.2618;0.0000;202;214;0.0635;-0.0012;-0.0026;-0.0264;0.0362;0.0078;0.2205
222.5;3.2372;3.2353;0.2435;0.0000;198;210;0.0635;-0.0056;-0.0026;-0.0244;0.0362;0.0078;0.2126
223.0;3.2294;3.2266;0.3107;0.0000;196;206;0.0635;-0.0070;-0.0026;-0.0313;0.0352;0.0078;0.2047
223.5;3.2216;3.2179;0.3878;0.0000;195;202;0.0635;-0.0100;-0.0026;-0.0391;0.0352;0.0078;0.1890
224.0;3.2138;3.2088;0.4206;0.0000;193;198;0.1417;-0.0129;-0.0026;-0.0430;0.0352;0.0078;0.1811
224.5;3.2065;3.2001;0.4412;0.0000;189;195;0.1320;-0.0173;-0.0026;-0.0450;0.0352;0.0078;0.1732
225.0;3.2001;3.1909;0.5832;0.0000;189;189;0.1320;-0.0231;-0.0026;-0.0587;0.0342;0.0078;0.1654
225.5;3.1918;3.1813;0.4321;0.0000;179;187;0.0538;-0.0275;-0.0026;-0.0440;0.0342;0.0078;0.1575
226.0;3.1845;3.1717;0.5954;0.0000;181;181;0.1320;-0.0319;-0.0026;-0.0596;0.0342;0.0078;0.1496
226.5;3.1763;3.1621;0.5214;0.0000;175;179;0.0538;-0.0363;-0.0026;-0.0528;0.0342;0.0078;0.1339
227.0;3.1685;3.1525;0.4267;0.0000;167;177;0.1320;-0.0422;-0.0026;-0.0430;0.0332;0.0078;0.1260
227.5;3.1603;3.1424;0.3183;0.0000;161;177;0.0635;-0.0466;-0.0026;-0.0323;0.0332;0.0078;0.1181
228.0;3.1511;3.1323;0.4328;0.0000;161;169;-0.0244;-0.0481;-0.0026;-0.0440;0.0332;0.0078;0.1102
228.5;3.1406;3.1218;0.4336;0.0000;157;165;0.0538;-0.0481;-0.0041;-0.0440;0.0332;0.0078;0.1024
229.0;3.1300;3.1113;0.4427;0.0000;155;163;0.0538;-0.0466;-0.0041;-0.0450;0.0332;0.0078;0.0945
229.5;3.1186;3.1007;0.4802;0.0000;153;159;0.0538;-0.0451;-0.0041;-0.0489;0.0323;0.0078;0.0787
230.0;3.1076;3.0897;0.5046;0.0000;152;155;-0.0244;-0.0451;-0.0041;-0.0508;0.0323;0.0078;0.0709
230.5;3.0957;3.0792;0.6084;0.0000;152;150;0.0538;-0.0422;-0.0041;-0.0616;0.0323;0.0078;0.0630
231.0;3.0842;3.0678;0.5802;0.0000;150;148;0.0538;-0.0422;-0.0041;-0.0587;0.0323;0.0078;0.0551
231.5;3.0723;3.0568;0.7046;0.0000;150;142;-0.0342;-0.0393;-0.0041;-0.0714;0.0313;0.0078;0.0472
232.0;3.0595;3.0453;0.6321;0.0000;146;142;0.0538;-0.0363;-0.0041;-0.0635;0.0313;0.0078;0.0315
232.5;3.0467;3.0339;0.7084;0.0000;146;138;-0.0342;-0.0334;-0.0041;-0.0714;0.0303;0.0078;0.0236
233.0;3.0325;3.0220;0.7015;0.0000;144;134;0.0538;-0.0275;-0.0056;-0.0704;0.0303;0.0078;0.0157
233.5;3.0192;3.0101;0.6489;0.0000;140;134;-0.1026;-0.0231;-0.0056;-0.0655;0.0303;0.0078;0.0079
234.0;3.0073;2.9982;0.5931;0.0000;138;132;-0.1808;-0.0246;-0.0056;-0.0596;0.0293;0.0078;-0.0000
234.5;2.9968;2.9858;0.4817;0.0000;134;130;-0.1026;-0.0290;-0.0056;-0.0489;0.0293;0.0078;-0.0157
235.0;2.9849;2.9734;0.3832;0.0000;128;128;-0.0147;-0.0290;-0.0056;-0.0391;0.0293;0.0078;-0.0236
235.5;2.9725;2.9611;0.3435;0.0000;124;126;-0.1711;-0.0290;-0.0056;-0.0352;0.0293;0.0078;-0.0315
236.0;2.9606;2.9483;0.4656;0.0000;124;120;-0.1026;-0.0319;-0.0056;-0.0469;0.0293;0.0078;-0.0394
236.5;2.9492;2.9354;0.4557;0.0000;122;116;-0.1808;-0.0349;-0.0056;-0.0459;0.0283;0.0078;-0.0472
237.0;2.9377;2.9226;0.5740;0.0000;122;109;-0.1808;-0.0393;-0.0056;-0.0577;0.0283;0.0078;-0.0630
237.5;2.9258;2.9093;0.6168;0.0000;118;105;-0.1026;-0.0422;-0.0056;-0.0626;0.0283;0.0078;-0.0709
238.0;2.9130;2.8961;0.7221;0.0000;118;99;-0.1906;-0.0422;-0.0056;-0.0723;0.0274;0.0078;-0.0787
238.5;2.8979;2.8828;0.9137;0.0000;120;91;-0.1906;-0.0393;-0.0056;-0.0919;0.0274;0.0078;-0.0866
239.0;2.8819;2.8690;1.0023;0.0000;120;85;-0.2786;-0.0319;-0.0070;-0.1007;0.0264;0.0078;-0.1024
239.5;2.8654;2.8553;1.0802;0.0000;122;81;-0.3568;-0.0261;-0.0070;-0.1085;0.0264;0.0078;-0.1102
240.0;2.8494;2.8416;1.0466;0.0000;120;79;-0.2004;-0.0202;-0.0070;-0.1056;0.0254;0.0078;-0.1181
240.5;2.8329;2.8274;1.2069;0.0000;120;73;-0.1222;-0.0144;-0.0070;-0.1212;0.0254;0.0078;-0.1260
241.0;2.8178;2.8132;1.0435;0.0000;116;75;-0.2004;-0.0114;-0.0070;-0.1046;0.0244;0.0078;-0.1417
241.5;2.8017;2.7990;0.9947;0.0000;112;73;-0.0440;-0.0085;-0.0070;-0.0997;0.0244;0.0078;-0.1496
242.0;2.7862;2.7843;0.7664;0.0000;105;77;-0.0342;-0.0056;-0.0070;-0.0772;0.0235;0.0078;-0.1575
242.5;2.7715;2.7697;0.4656;0.0000;95;83;-0.0244;-0.0056;-0.0070;-0.0469;0.0235;0.0078;-0.1654
243.0;2.7564;2.7546;0.2092;0.0000;85;87;0.1417;-0.0056;-0.0070;-0.0215;0.0235;0.0078;-0.1811
243.5;2.7418;2.7399;0.0351;0.0000;77;89;-0.0049;-0.0056;-0.0070;-0.0039;0.0235;0.0078;-0.1890
244.0;2.7276;2.7248;-0.0221;0.0000;73;87;-0.0831;-0.0085;-0.0070;0.0020;0.0235;0.0078;-0.1969
244.5;2.7129;2.7092;-0.1382;0.0000;65;87;0.0831;-0.0100;-0.0070;0.0137;0.0235;0.0078;-0.2047
245.0;2.6978;2.6937;-0.0855;0.0000;64;81;-0.0049;-0.0100;-0.0070;0.0078;0.0235;0.0078;-0.2205
245.5;2.6822;2.6781;-0.1534;0.0000;60;81;0.0049;-0.0114;-0.0070;0.0147;0.0235;0.0078;-0.2283
246.0;2.6658;2.6625;-0.0405;0.0000;58;75;-0.0049;-0.0085;-0.0070;0.0039;0.0235;0.0078;-0.2362
246.5;2.6484;2.6465;-0.0328;0.0000;56;73;-0.0049;-0.0056;-0.0070;0.0029;0.0235;0.0078;-0.2441
247.0;2.6314;2.6305;0.0237;0.0000;56;69;0.0733;-0.0026;-0.0070;-0.0029;0.0235;0.0078;-0.2598
247.5;2.6149;2.6140;0.1023;0.0000;54;65;0.0733;-0.0026;-0.0070;-0.0108;0.0235;0.0078;-0.2677
248.0;2.5994;2.5975;0.0473;0.0000;50;64;0.0733;-0.0041;-0.0070;-0.0049;0.0235;0.0078;-0.2756
248.5;2.5838;2.5810;0.1092;0.0000;48;60;0.1515;-0.0070;-0.0070;-0.0117;0.0235;0.0078;-0.2913
249.0;2.5678;2.5646;0.0321;0.0000;40;58;0.0733;-0.0085;-0.0070;-0.0039;0.0235;0.0078;-0.2992
249.5;2.5508;2.5476;0.2038;0.0000;42;52;-0.0147;-0.0085;-0.0070;-0.0205;0.0235;0.0078;-0.3071
250.0;2.5334;2.5307;0.2489;0.0000;40;48;0.0635;-0.0085;-0.0070;-0.0254;0.0235;0.0078;-0.3150
250.5;2.5165;2.5133;0.3672;0.0000;40;40;0.0635;-0.0085;-0.0070;-0.0371;0.0235;0.0078;-0.3307
251.0;2.4986;2.4959;0.3931;0.0000;36;38;0.0635;-0.0070;-0.0070;-0.0401;0.0225;0.0078;-0.3386
251.5;2.4803;2.4785;0.3977;0.0000;34;34;-0.0147;-0.0056;-0.0070;-0.0401;0.0225;0.0078;-0.3465
252.0;2.4615;2.4611;0.4191;0.0000;34;32;0.0635;-0.0026;-0.0070;-0.0420;0.0225;0.0078;-0.3543
252.5;2.4428;2.4437;0.5229;0.0000;36;30;-0.1026;0.0003;-0.0070;-0.0528;0.0225;0.0078;-0.3543
253.0;2.4240;2.4258;0.6679;0.0000;38;26;-0.0244;0.0047;-0.0070;-0.0674;0.0215;0.0078;-0.3543
253.5;2.4043;2.4084;0.7198;0.0000;38;24;-0.0342;0.0091;-0.0070;-0.0723;0.0215;0.0078;-0.3622
254.0;2.3842;2.3910;0.7878;0.0000;40;22;-0.0342;0.0164;-0.0070;-0.0792;0.0215;0.0078;-0.3622
254.5;2.3631;2.3736;0.7412;0.0000;40;22;-0.0342;0.0252;-0.0070;-0.0743;0.0205;0.0078;-0.3622
255.0;2.3411;2.3562;0.7412;0.0000;40;22;-0.0342;0.0369;-0.0070;-0.0743;0.0205;0.0078;-0.3701
255.5;2.3187;2.3384;0.7687;0.0000;44;22;-0.0342;0.0501;-0.0070;-0.0772;0.0196;0.0078;-0.3701
256.0;2.2958;2.3210;0.7305;0.0000;44;24;0.0440;0.0618;-0.0070;-0.0733;0.0196;0.0078;-0.3701
256.5;2.2747;2.3036;0.5893;0.0000;40;28;-0.0244;0.0721;-0.0056;-0.0596;0.0196;0.0078;-0.3780
257.0;2.2537;2.2862;0.4771;0.0000;38;32;-0.0244;0.0809;-0.0056;-0.0479;0.0186;0.0078;-0.3780
257.5;2.2335;2.2683;0.3076;0.0000;36;36;-0.0147;0.0867;-0.0056;-0.0313;0.0186;0.0078;-0.3780
258.0;2.2143;2.2514;0.1267;0.0000;32;44;-0.0049;0.0911;-0.0056;-0.0137;0.0186;0.0078;-0.3701
258.5;2.1951;2.2340;0.1282;0.0000;34;44;0.0733;0.0970;-0.0041;-0.0137;0.0186;0.0078;-0.3701
259.0;2.1767;2.2170;0.1130;0.0000;36;46;-0.0049;0.0999;-0.0041;-0.0117;0.0186;0.0078;-0.3622
259.5;2.1589;2.2001;0.1076;0.0000;38;48;-0.0049;0.1028;-0.0041;-0.0117;0.0186;0.0078;-0.3543
260.0;2.1406;2.1832;0.1153;0.0000;40;48;-0.0831;0.1058;-0.0041;-0.0117;0.0186;0.0078;-0.3543
260.5;2.1223;2.1667;0.1832;0.0000;44;48;-0.0147;0.1102;-0.0026;-0.0186;0.0186;0.0078;-0.3465
261.0;2.1044;2.1502;0.1344;0.0000;44;52;-0.0831;0.1146;-0.0026;-0.0137;0.0186;0.0078;-0.3386
261.5;2.0865;2.1342;0.0832;0.0000;44;54;-0.0049;0.1190;-0.0026;-0.0088;0.0186;0.0078;-0.3386
262.0;2.0691;2.1181;0.0649;0.0000;46;56;-0.0049;0.1219;-0.0012;-0.0068;0.0186;0.0078;-0.3307
262.5;2.0522;2.1021;0.0191;0.0000;46;58;-0.0049;0.1234;-0.0012;-0.0020;0.0186;0.0078;-0.3228
263.0;2.0348;2.0865;0.0122;0.0000;48;60;-0.0049;0.1277;-0.0012;-0.0020;0.0186;0.0078;-0.3150
263.5;2.0174;2.0705;0.0679;0.0000;50;60;-0.0049;0.1321;0.0003;-0.0068;0.0186;0.0078;-0.3150
264.0;2.0000;2.0554;0.1046;0.0000;52;60;-0.0831;0.1380;0.0003;-0.0108;0.0186;0.0078;-0.3071
264.5;1.9826;2.0398;0.2046;0.0000;58;58;-0.0929;0.1424;0.0018;-0.0205;0.0186;0.0078;-0.2992
265.0;1.9661;2.0247;0.2893;0.0000;62;58;-0.0929;0.1453;0.0018;-0.0293;0.0176;0.0078;-0.2992
265.5;1.9515;2.0096;0.3168;0.0000;64;60;-0.0147;0.1453;0.0018;-0.0323;0.0176;0.0078;-0.2913
266.0;1.9277;1.9950;0.4099;0.0000;62;62;-0.1711;0.1673;0.0032;-0.0411;0.0176;0.0078;-0.2835
266.5;1.9066;1.9803;0.4145;0.0000;67;65;-0.0929;0.1834;0.0032;-0.0420;0.0176;0.0078;-0.2756
267.0;1.8883;1.9657;0.4504;0.0000;73;67;-0.1026;0.1922;0.0047;-0.0459;0.0176;0.0078;-0.2756
267.5;1.8727;1.9515;0.4649;0.0000;75;69;-0.0244;0.1951;0.0047;-0.0469;0.0166;0.0078;-0.2677
268.0;1.8576;1.9373;0.4725;0.0000;79;71;-0.1026;0.1981;0.0062;-0.0479;0.0166;0.0078;-0.2598
268.5;1.8429;1.9231;0.4214;0.0000;79;73;-0.1711;0.1995;0.0076;-0.0430;0.0166;0.0078;-0.2520
269.0;1.8288;1.9093;0.4702;0.0000;81;71;-0.1808;0.1995;0.0076;-0.0479;0.0166;0.0078;-0.2520
269.5;1.8155;1.8956;0.5847;0.0000;87;69;-0.1026;0.1995;0.0091;-0.0587;0.0156;0.0078;-0.2441
270.0;1.8027;1.8819;0.5229;0.0000;87;73;-0.1026;0.1981;0.0091;-0.0528;0.0156;0.0078;-0.2362
270.5;1.7903;1.8686;0.4626;0.0000;85;75;-0.0244;0.1937;0.0105;-0.0469;0.0156;0.0078;-0.2362
271.0;1.7784;1.8553;0.4427;0.0000;87;75;-0.0244;0.1907;0.0105;-0.0450;0.0156;0.0078;-0.2283
271.5;1.7665;1.8420;0.3702;0.0000;85;77;-0.0929;0.1878;0.0120;-0.0371;0.0147;0.0078;-0.2205
272.0;1.7555;1.8292;0.2427;0.0000;81;81;-0.0147;0.1834;0.0120;-0.0244;0.0147;0.0078;-0.2126
272.5;1.7445;1.8164;0.1534;0.0000;79;83;0.0635;0.1790;0.0135;-0.0156;0.0147;0.0078;-0.2047
273.0;1.7344;1.8036;0.0924;0.0000;79;83;-0.0831;0.1732;0.0135;-0.0098;0.0147;0.0078;-0.2047
273.5;1.7234;1.7912;0.0649;0.0000;77;83;-0.0049;0.1673;0.0149;-0.0068;0.0147;0.0078;-0.1969
274.0;1.7125;1.7788;0.1779;0.0000;81;81;-0.0147;0.1644;0.0149;-0.0186;0.0147;0.0078;-0.1890
274.5;1.7010;1.7665;0.1748;0.0000;81;81;-0.0147;0.1629;0.0164;-0.0176;0.0147;0.0078;-0.1811
275.0;1.6900;1.7546;0.2321;0.0000;83;81;-0.0147;0.1600;0.0164;-0.0235;0.0147;0.0078;-0.1811
275.5;1.6795;1.7427;0.2595;0.0000;83;81;-0.0147;0.1570;0.0164;-0.0264;0.0147;0.0078;-0.1732
276.0;1.6690;1.7308;0.2840;0.0000;85;81;-0.0147;0.1541;0.0179;-0.0293;0.0147;0.0078;-0.1654
276.5;1.6580;1.7193;0.1908;0.0000;83;83;-0.0147;0.1527;0.0179;-0.0196;0.0147;0.0078;-0.1575
277.0;1.6474;1.7079;0.2756;0.0000;87;83;0.0635;0.1512;0.0193;-0.0283;0.0137;0.0078;-0.1496
277.5;1.6378;1.6964;0.2366;0.0000;87;83;-0.0929;0.1468;0.0193;-0.0244;0.0137;0.0078;-0.1496
278.0;1.6277;1.6854;0.1618;0.0000;83;87;-0.0147;0.1439;0.0193;-0.0166;0.0137;0.0078;-0.1417
278.5;1.6172;1.6745;0.1382;0.0000;83;89;0.0733;0.1424;0.0208;-0.0147;0.0137;0.0078;-0.1339
279.0;1.6076;1.6639;-0.0275;0.0000;81;93;0.0733;0.1409;0.0208;0.0020;0.0137;0.0078;-0.1260
279.5;1.5984;1.6534;-0.0076;0.0000;81;93;-0.0049;0.1365;0.0223;-0.0000;0.0137;0.0078;-0.1260
280.0;1.5893;1.6429;-0.0153;0.0000;81;93;-0.0049;0.1336;0.0223;0.0010;0.0137;0.0078;-0.1181
280.5;1.5801;1.6323;0.1046;0.0000;85;91;-0.0831;0.1307;0.0223;-0.0108;0.0137;0.0078;-0.1102
281.0;1.5710;1.6223;0.0397;0.0000;83;93;-0.0049;0.1277;0.0237;-0.0049;0.0137;0.0078;-0.1024
281.5;1.5618;1.6122;0.0924;0.0000;85;93;0.0733;0.1263;0.0237;-0.0098;0.0137;0.0078;-0.0945
282.0;1.5536;1.6026;0.1168;0.0000;87;93;0.0733;0.1219;0.0237;-0.0117;0.0137;0.0078;-0.0866
282.5;1.5453;1.5929;0.0809;0.0000;87;95;-0.0049;0.1175;0.0252;-0.0088;0.0137;0.0078;-0.0866
283.0;1.5375;1.5833;0.1344;0.0000;87;93;0.0733;0.1131;0.0252;-0.0137;0.0137;0.0078;-0.0787
283.5;1.5307;1.5737;-0.0336;0.0000;83;97;0.0733;0.1072;0.0252;0.0029;0.0137;0.0078;-0.0709
284.0;1.5238;1.5646;-0.0534;0.0000;81;99;0.0733;0.1014;0.0267;0.0049;0.0137;0.0078;-0.0630
284.5;1.5165;1.5554;-0.0939;0.0000;81;99;-0.0049;0.0970;0.0267;0.0088;0.0137;0.0078;-0.0551
285.0;1.5101;1.5467;-0.0267;0.0000;83;99;0.0733;0.0911;0.0267;0.0020;0.0137;0.0078;-0.0472
285.5;1.5046;1.5380;-0.0580;0.0000;81;99;0.0733;0.0823;0.0267;0.0049;0.0137;0.0078;-0.0472
286.0;1.4986;1.5293;0.0710;0.0000;83;95;0.0733;0.0765;0.0281;-0.0078;0.0137;0.0078;-0.0394
286.5;1.4918;1.5211;0.1000;0.0000;85;95;0.0733;0.0721;0.0281;-0.0108;0.0137;0.0078;-0.0315
287.0;1.4853;1.5124;0.1443;0.0000;87;93;-0.0147;0.0662;0.0281;-0.0147;0.0137;0.0078;-0.0236
287.5;1.4794;1.5046;0.2557;0.0000;89;91;0.0635;0.0618;0.0281;-0.0264;0.0137;0.0078;-0.0157
288.0;1.4739;1.4963;0.3481;0.0000;91;89;-0.0147;0.0560;0.0281;-0.0352;0.0127;0.0078;-0.0079
288.5;1.4689;1.4886;0.3008;0.0000;91;91;-0.0147;0.0486;0.0281;-0.0303;0.0127;0.0078;-0.0079
289.0;1.4638;1.4812;0.3107;0.0000;91;91;0.1417;0.0428;0.0281;-0.0313;0.0127;0.0078;-0.0000
289.5;1.4583;1.4734;0.3595;0.0000;91;89;0.0635;0.0369;0.0296;-0.0362;0.0127;0.0078;0.0079
290.0;1.4533;1.4661;0.2695;0.0000;89;91;0.1417;0.0311;0.0296;-0.0274;0.0127;0.0078;0.0157
290.5;1.4483;1.4588;0.3015;0.0000;89;91;0.0635;0.0267;0.0296;-0.0303;0.0127;0.0078;0.0236
291.0;1.4432;1.4519;0.3145;0.0000;89;91;0.0635;0.0208;0.0296;-0.0323;0.0127;0.0078;0.0315
291.5;1.4377;1.4451;0.2763;0.0000;89;93;0.0635;0.0179;0.0296;-0.0283;0.0117;0.0078;0.0394
292.0;1.4327;1.4382;0.2939;0.0000;89;93;0.0635;0.0135;0.0296;-0.0303;0.0117;0.0078;0.0394
292.5;1.4281;1.4318;0.3634;0.0000;91;91;0.0635;0.0091;0.0296;-0.0371;0.0117;0.0078;0.0472
293.0;1.4240;1.4254;0.3313;0.0000;91;91;-0.0147;0.0032;0.0296;-0.0332;0.0117;0.0078;0.0551
293.5;1.4199;1.4190;0.4137;0.0000;93;89;0.0635;-0.0026;0.0296;-0.0420;0.0117;0.0078;0.0630
294.0;1.4162;1.4130;0.4916;0.0000;95;89;-0.0244;-0.0085;0.0296;-0.0499;0.0108;0.0078;0.0709
294.5;1.4125;1.4071;0.3901;0.0000;93;91;0.0635;-0.0144;0.0296;-0.0391;0.0108;0.0078;0.0787
295.0;1.4089;1.4016;0.3328;0.0000;91;91;0.0635;-0.0202;0.0296;-0.0342;0.0108;0.0078;0.0866
295.5;1.4048;1.3956;0.3504;0.0000;93;91;-0.0147;-0.0231;0.0296;-0.0352;0.0108;0.0078;0.0945
296.0;1.4006;1.3901;0.2534;0.0000;91;95;0.0635;-0.0261;0.0296;-0.0254;0.0108;0.0078;0.1024
296.5;1.3970;1.3851;0.1618;0.0000;89;97;0.0635;-0.0305;0.0296;-0.0166;0.0108;0.0078;0.1024
297.0;1.3929;1.3796;0.1847;0.0000;91;97;-0.0147;-0.0334;0.0296;-0.0186;0.0108;0.0078;0.1102
297.5;1.3897;1.3750;0.0656;0.0000;89;99;0.0733;-0.0378;0.0281;-0.0068;0.0108;0.0078;0.1181
298.0;1.3869;1.3700;0.0664;0.0000;89;99;0.0733;-0.0422;0.0281;-0.0068;0.0108;0.0078;0.1260
298.5;1.3837;1.3654;0.1573;0.0000;91;99;-0.0147;-0.0466;0.0281;-0.0166;0.0098;0.0078;0.1339
299.0;1.3814;1.3608;0.0908;0.0000;91;101;0.0733;-0.0524;0.0281;-0.0098;0.0098;0.0078;0.1417
299.5;1.3777;1.3562;0.1198;0.0000;91;101;-0.0049;-0.0539;0.0281;-0.0127;0.0098;0.0078;0.1496
300.0;1.3741;1.3521;0.1672;0.0000;93;101;0.0635;-0.0554;0.0281;-0.0176;0.0098;0.0078;0.1575
300.5;1.3695;1.3480;0.1504;0.0000;93;101;-0.0147;-0.0539;0.0281;-0.0156;0.0098;0.0078;0.1654
301.0;1.3645;1.3443;0.1260;0.0000;95;103;0.0733;-0.0510;0.0267;-0.0127;0.0098;0.0078;0.1732
301.5;1.3599;1.3402;0.1985;0.0000;99;103;-0.0147;-0.0495;0.0267;-0.0205;0.0098;0.0078;0.1811
302.0;1.3567;1.3370;0.0687;0.0000;97;107;-0.0049;-0.0510;0.0267;-0.0078;0.0098;0.0078;0.1811
302.5;1.3539;1.3333;-0.0206;0.0000;97;110;-0.0049;-0.0524;0.0267;0.0020;0.0098;0.0078;0.1890
303.0;1.3516;1.3301;-0.0076;0.0000;99;110;-0.0049;-0.0539;0.0267;-0.0000;0.0098;0.0078;0.1969
303.5;1.3489;1.3269;-0.0718;0.0000;97;114;0.0733;-0.0554;0.0267;0.0068;0.0098;0.0078;0.2047
304.0;1.3462;1.3242;-0.0397;0.0000;99;114;0.0733;-0.0554;0.0267;0.0039;0.0098;0.0078;0.2126
304.5;1.3429;1.3210;-0.0099;0.0000;101;114;0.0733;-0.0554;0.0252;-0.0000;0.0098;0.0078;0.2205
305.0;1.3407;1.3187;-0.0031;0.0000;103;116;-0.0049;-0.0568;0.0252;-0.0000;0.0098;0.0078;0.2283
305.5;1.3393;1.3159;-0.0038;0.0000;105;116;-0.0049;-0.0583;0.0252;-0.0000;0.0098;0.0078;0.2362
306.0;1.3365;1.3136;0.1603;0.0000;109;114;-0.0147;-0.0583;0.0252;-0.0166;0.0098;0.0078;0.2441
306.5;1.3342;1.3114;0.1824;0.0000;112;116;0.0635;-0.0583;0.0252;-0.0186;0.0098;0.0078;0.2520
307.0;1.3329;1.3095;0.2618;0.0000;114;114;-0.0147;-0.0583;0.0252;-0.0264;0.0098;0.0078;0.2598
307.5;1.3310;1.3077;0.2977;0.0000;116;116;0.0635;-0.0598;0.0252;-0.0303;0.0098;0.0078;0.2677
308.0;1.3297;1.3059;0.2092;0.0000;116;118;0.0635;-0.0598;0.0237;-0.0215;0.0088;0.0078;0.2756
308.5;1.3288;1.3045;0.2359;0.0000;118;120;-0.0147;-0.0627;0.0237;-0.0244;0.0088;0.0078;0.2835
309.0;1.3278;1.3031;0.2618;0.0000;120;120;-0.0929;-0.0627;0.0237;-0.0264;0.0088;0.0078;0.2913
309.5;1.3265;1.3017;0.2412;0.0000;122;122;-0.0147;-0.0627;0.0237;-0.0244;0.0088;0.0078;0.2992
310.0;1.3255;1.3004;0.1130;0.0000;122;126;-0.0831;-0.0642;0.0237;-0.0117;0.0088;0.0078;0.3071
310.5;1.3255;1.2999;0.1252;0.0000;124;128;-0.0049;-0.0656;0.0223;-0.0127;0.0088;0.0078;0.3228
311.0;1.3251;1.2999;0.0427;0.0000;132;140;0.0733;-0.0642;0.0223;-0.0049;0.0088;0.0078;0.3622
311.5;1.3251;1.2999;0.1244;0.0000;134;138;0.0733;-0.0642;0.0223;-0.0127;0.0088;0.0078;0.3622
312.0;1.3255;1.2999;0.2198;0.0000;136;136;-0.0929;-0.0642;0.0223;-0.0225;0.0088;0.0078;0.3622
312.5;1.3269;1.2999;0.3092;0.0000;138;134;-0.0929;-0.0686;0.0223;-0.0313;0.0088;0.0078;0.3622
313.0;1.3288;1.2999;0.3145;0.0000;138;132;-0.0929;-0.0730;0.0223;-0.0323;0.0078;0.0078;0.3622
313.5;1.3301;1.2999;0.2389;0.0000;136;132;-0.0929;-0.0774;0.0208;-0.0244;0.0078;0.0078;0.3622
314.0;1.3320;1.2999;0.1962;0.0000;134;132;-0.0147;-0.0803;0.0208;-0.0205;0.0078;0.0078;0.3622
314.5;1.3320;1.2999;0.0718;0.0000;130;134;-0.0831;-0.0817;0.0208;-0.0078;0.0078;0.0078;0.3622
315.0;1.3324;1.2999;0.0885;0.0000;128;134;-0.0049;-0.0817;0.0208;-0.0098;0.0078;0.0078;0.3622
315.5;1.3329;1.2999;-0.0046;0.0000;126;136;-0.0831;-0.0832;0.0193;-0.0000;0.0078;0.0078;0.3622
316.0;1.3338;1.2999;0.0321;0.0000;128;134;-0.0049;-0.0861;0.0193;-0.0039;0.0078;0.0078;0.3622
316.5;1.3347;1.2999;-0.0366;0.0000;126;136;-0.0831;-0.0876;0.0193;0.0029;0.0078;0.0078;0.3622
317.0;1.3356;1.2999;0.0466;0.0000;128;132;-0.0049;-0.0905;0.0193;-0.0049;0.0078;0.0078;0.3622
317.5;1.3365;1.2999;0.0847;0.0000;128;130;-0.0831;-0.0920;0.0193;-0.0088;0.0078;0.0078;0.3622
318.0;1.3370;1.2999;0.1336;0.0000;128;128;-0.0831;-0.0935;0.0179;-0.0137;0.0078;0.0078;0.3622
318.5;1.3375;1.2999;0.1771;0.0000;128;126;-0.0929;-0.0949;0.0179;-0.0186;0.0078;0.0078;0.3622
319.0;1.3375;1.2999;0.0679;0.0000;126;128;-0.0831;-0.0949;0.0179;-0.0068;0.0078;0.0078;0.3622
319.5;1.3384;1.2999;0.1351;0.0000;128;126;-0.0049;-0.0964;0.0164;-0.0137;0.0078;0.0078;0.3622
320.0;1.3384;1.2999;0.1336;0.0000;128;126;-0.0049;-0.0964;0.0164;-0.0137;0.0078;0.0078;0.3622
320.5;1.3393;1.2999;0.1351;0.0000;128;126;-0.0831;-0.0993;0.0164;-0.0137;0.0078;0.0078;0.3622
321.0;1.3393;1.2999;0.0588;0.0000;124;128;-0.0049;-0.0993;0.0164;-0.0068;0.0078;0.0078;0.3622
321.5;1.3388;1.2999;0.1000;0.0000;124;126;-0.0049;-0.0979;0.0149;-0.0108;0.0078;0.0078;0.3622
322.0;1.3384;1.2999;-0.0198;0.0000;122;130;0.0733;-0.0979;0.0149;0.0010;0.0078;0.0078;0.3622
322.5;1.3384;1.2999;0.0389;0.0000;124;128;-0.0831;-0.0964;0.0149;-0.0049;0.0078;0.0078;0.3622
323.0;1.3375;1.2999;0.1221;0.0000;126;126;-0.0831;-0.0949;0.0149;-0.0127;0.0078;0.0078;0.3622
323.5;1.3365;1.2999;-0.0298;0.0000;122;130;-0.0831;-0.0935;0.0135;0.0020;0.0078;0.0078;0.3622
324.0;1.3365;1.2999;0.0519;0.0000;124;128;-0.0049;-0.0935;0.0135;-0.0059;0.0078;0.0078;0.3622
324.5;1.3361;1.2999;-0.0176;0.0000;122;130;-0.0049;-0.0920;0.0135;0.0010;0.0078;0.0078;0.3622
325.0;1.3356;1.2999;0.0153;0.0000;124;128;-0.0049;-0.0905;0.0135;-0.0020;0.0078;0.0078;0.3622
325.5;1.3342;1.2999;-0.0252;0.0000;122;130;-0.0831;-0.0861;0.0120;0.0020;0.0078;0.0078;0.3622
326.0;1.3329;1.2999;0.0855;0.0000;126;126;-0.0831;-0.0847;0.0120;-0.0088;0.0068;0.0078;0.3622
326.5;1.3315;1.2999;0.0519;0.0000;126;128;-0.0049;-0.0803;0.0120;-0.0059;0.0068;0.0078;0.3622
327.0;1.3301;1.2999;0.1069;-0.0130;132;124;-0.0049;-0.0774;0.0120;-0.0127;0.0068;-0.0039;0.3622
327.5;1.3283;1.2999;0.0366;-0.0382;136;124;-0.0049;-0.0730;0.0120;-0.0078;0.0068;-0.0196;0.3622
328.0;1.3274;1.2999;0.0046;-0.0756;140;120;-0.0831;-0.0700;0.0105;-0.0088;0.0068;-0.0353;0.3622
328.5;1.3251;1.2999;0.0435;-0.1252;146;116;-0.0831;-0.0642;0.0105;-0.0176;0.0068;-0.0471;0.3622
329.0;1.3223;1.2999;-0.0786;-0.1878;148;114;-0.0831;-0.0568;0.0105;-0.0117;0.0068;-0.0627;0.3622
329.5;1.3196;1.2999;-0.0832;-0.2626;153;110;-0.0049;-0.0510;0.0105;-0.0186;0.0068;-0.0784;0.3622
330.0;1.3168;1.2999;-0.1939;-0.3504;159;110;-0.0733;-0.0437;0.0105;-0.0166;0.0068;-0.0902;0.3622
330.5;1.3136;1.2999;-0.1206;-0.4504;167;105;-0.0049;-0.0349;0.0105;-0.0332;0.0068;-0.1059;0.3622
331.0;1.3104;1.2999;-0.1450;-0.5626;175;101;0.0049;-0.0275;0.0105;-0.0420;0.0068;-0.1216;0.3622
331.5;1.3077;1.2999;-0.1809;-0.6878;183;97;-0.0733;-0.0202;0.0105;-0.0508;0.0059;-0.1373;0.3622
332.0;1.3040;1.2999;-0.2107;-0.8252;191;91;-0.0733;-0.0114;0.0105;-0.0616;0.0059;-0.1490;0.3622
332.5;1.3008;1.2999;-0.3763;-0.9756;195;91;-0.0733;-0.0041;0.0105;-0.0606;0.0059;-0.1647;0.3622
333.0;1.2972;1.2999;-0.6046;-1.1382;198;89;-0.0635;0.0062;0.0105;-0.0538;0.0049;-0.1804;0.3622
333.5;1.2944;1.2999;-0.7626;-1.3130;204;87;0.0244;0.0135;0.0105;-0.0557;0.0049;-0.1961;0.3622
334.0;1.2912;1.2999;-1.0763;-1.5000;206;89;-0.0440;0.0208;0.0105;-0.0430;0.0049;-0.2118;0.3622
334.5;1.2898;1.2999;-1.3336;-1.7000;212;87;-0.0342;0.0252;0.0105;-0.0371;0.0049;-0.2275;0.3622
335.0;1.2875;1.2999;-1.4817;-1.9130;218;83;-0.0342;0.0296;0.0105;-0.0440;0.0049;-0.2431;0.3622
335.5;1.2857;1.2999;-1.6947;-2.1382;224;79;-0.0244;0.0340;0.0105;-0.0450;0.0039;-0.2588;0.3622
336.0;1.2839;1.2999;-1.7573;-2.3756;234;73;-0.1026;0.0398;0.0105;-0.0626;0.0039;-0.2745;0.3622
336.5;1.2811;1.2999;-1.9687;-2.6252;239;69;-0.0147;0.0457;0.0105;-0.0665;0.0039;-0.2902;0.3622
337.0;1.2784;1.2999;-2.1496;-2.8756;243;67;-0.0049;0.0530;0.0105;-0.0733;0.0029;-0.2941;0.3622
337.5;1.2766;1.2999;-2.4023;-3.1252;245;69;0.0049;0.0574;0.0105;-0.0723;0.0029;-0.2980;0.3622
338.0;1.2738;1.2999;-2.6237;-3.3756;249;69;0.0049;0.0633;0.0120;-0.0753;0.0029;-0.2980;0.3622
338.5;1.2715;1.2999;-2.7847;-3.6252;253;67;0.0147;0.0706;0.0120;-0.0850;0.0020;-0.3020;0.3622
339.0;1.2692;1.2999;-3.0634;-3.8756;255;69;-0.0538;0.0750;0.0120;-0.0821;0.0020;-0.3020;0.3622
339.5;1.2679;1.2999;-3.2160;-4.1252;261;67;-0.0538;0.0779;0.0120;-0.0909;0.0010;-0.3059;0.3622
340.0;1.2674;1.2999;-3.4740;-4.3756;263;65;-0.1222;0.0794;0.0120;-0.0909;0.0010;-0.3098;0.3622
340.5;1.2669;1.2999;-3.8992;-4.6252;259;69;-0.0244;0.0809;0.0135;-0.0733;-0.0000;-0.3098;0.3622
341.0;1.2674;1.2999;-4.1710;-4.8756;261;69;0.0635;0.0809;0.0135;-0.0714;-0.0000;-0.3137;0.3622
341.5;1.2679;1.2999;-4.6435;-5.1252;255;75;-0.0733;0.0779;0.0135;-0.0489;-0.0000;-0.3137;0.3622
342.0;1.2683;1.2999;-5.0061;-5.3756;255;77;0.0147;0.0779;0.0135;-0.0371;-0.0000;-0.3176;0.3622
342.5;1.2683;1.2999;-5.3076;-5.6252;255;77;0.0244;0.0779;0.0149;-0.0323;-0.0010;-0.3216;0.3622
343.0;1.2679;1.2999;-5.5817;-5.8756;255;77;-0.0440;0.0794;0.0149;-0.0303;-0.0010;-0.3216;0.3622
343.5;1.2660;1.2999;-5.7985;-6.1252;257;75;0.0440;0.0838;0.0149;-0.0332;-0.0010;-0.3255;0.3622
344.0;1.2651;1.2999;-6.0260;-6.3756;259;73;-0.1026;0.0867;0.0149;-0.0352;-0.0010;-0.3255;0.3622
344.5;1.2642;1.2999;-6.1908;-6.6252;263;71;-0.0244;0.0882;0.0149;-0.0440;-0.0010;-0.3294;0.3622
345.0;1.2633;1.2999;-6.4466;-6.8756;265;73;0.0635;0.0897;0.0164;-0.0430;-0.0010;-0.3333;0.3622
345.5;1.2628;1.2999;-6.6840;-7.1252;267;71;0.0733;0.0926;0.0164;-0.0450;-0.0020;-0.3333;0.3622
346.0;1.2614;1.2999;-6.8779;-7.3756;269;71;0.0049;0.0955;0.0164;-0.0499;-0.0020;-0.3373;0.3622
346.5;1.2614;1.2999;-7.1756;-7.6252;271;71;0.0147;0.0955;0.0164;-0.0459;-0.0020;-0.3373;0.3622
347.0;1.2614;1.2999;-7.2763;-7.8756;275;67;0.0147;0.0955;0.0179;-0.0606;-0.0029;-0.3412;0.3622
347.5;1.2614;1.2999;-7.4565;-8.1252;277;64;0.0342;0.0955;0.0179;-0.0674;-0.0029;-0.3451;0.3622
348.0;1.2614;1.2999;-7.7443;-8.3756;279;64;-0.0538;0.0955;0.0179;-0.0635;-0.0029;-0.3451;0.3622
348.5;1.2624;1.2999;-7.8496;-8.6252;283;60;-0.0342;0.0926;0.0193;-0.0782;-0.0039;-0.3490;0.3622
349.0;1.2628;1.2999;-8.1542;-8.8756;283;60;0.0342;0.0926;0.0193;-0.0723;-0.0039;-0.3490;0.3622
349.5;1.2628;1.2999;-8.2588;-9.1252;286;56;-0.0244;0.0911;0.0193;-0.0870;-0.0039;-0.3529;0.3622
350.0;1.2628;1.2999;-8.4084;-9.3756;290;52;-0.1026;0.0926;0.0193;-0.0968;-0.0049;-0.3569;0.3622
350.5;1.2624;1.2999;-8.5878;-9.6252;292;50;-0.0147;0.0926;0.0208;-0.1046;-0.0049;-0.3569;0.3622
351.0;1.2624;1.2999;-8.8954;-9.8756;294;50;-0.1613;0.0926;0.0208;-0.0987;-0.0059;-0.3608;0.3622
351.5;1.2628;1.2999;-9.3084;-10.1252;290;54;0.0049;0.0926;0.0208;-0.0821;-0.0059;-0.3608;0.3622
352.0;1.2619;1.2999;-9.5771;-10.3756;292;54;-0.1320;0.0941;0.0208;-0.0802;-0.0068;-0.3647;0.3622
352.5;1.2624;1.2999;-10.0336;-10.6252;288;58;0.1026;0.0926;0.0223;-0.0596;-0.0068;-0.3686;0.3622
353.0;1.2628;1.2999;-10.2160;-10.8756;290;56;-0.0244;0.0911;0.0223;-0.0665;-0.0068;-0.3686;0.3622
353.5;1.2642;1.2999;-10.5550;-11.1252;288;56;-0.0342;0.0882;0.0223;-0.0577;-0.0078;-0.3725;0.3622
354.0;1.2656;1.2999;-10.7893;-11.3756;290;54;0.0635;0.0853;0.0223;-0.0587;-0.0078;-0.3725;0.3622
354.5;1.2665;1.2999;-11.0847;-11.6252;288;52;-0.0831;0.0823;0.0237;-0.0547;-0.0078;-0.3765;0.3622
355.0;1.2669;1.2999;-11.4977;-11.8756;286;56;0.0049;0.0823;0.0237;-0.0381;-0.0078;-0.3804;0.3622
355.5;1.2674;1.2999;-11.6595;-12.1252;288;52;0.0147;0.0794;0.0237;-0.0469;-0.0088;-0.3804;0.3622
356.0;1.2683;1.2999;-12.0282;-12.3756;286;54;-0.0538;0.0779;0.0237;-0.0352;-0.0088;-0.3843;0.3622
356.5;1.2688;1.2999;-12.1557;-12.6252;290;50;-0.0440;0.0765;0.0237;-0.0479;-0.0088;-0.3843;0.3622
357.0;1.2683;1.2999;-12.5298;-12.8756;288;52;-0.1222;0.0779;0.0252;-0.0352;-0.0088;-0.3882;0.3622
357.5;1.2688;1.2999;-12.8015;-13.1252;288;50;-0.1026;0.0765;0.0252;-0.0332;-0.0088;-0.3922;0.3622
358.0;1.2697;1.2999;-13.1145;-13.3756;288;50;0.0635;0.0750;0.0252;-0.0264;-0.0098;-0.3922;0.3622
358.5;1.2701;1.2999;-13.4000;-13.6252;288;50;-0.0049;0.0735;0.0252;-0.0235;-0.0098;-0.3961;0.3622
359.0;1.2715;1.2999;-13.4305;-13.8756;294;44;-0.0049;0.0706;0.0252;-0.0450;-0.0098;-0.3961;0.3622
359.5;1.2729;1.2999;-13.6679;-14.1252;296;40;-0.0733;0.0662;0.0267;-0.0459;-0.0098;-0.4000;0.3622
360.0;1.2738;1.2999;-13.7908;-14.3756;300;36;-0.0733;0.0633;0.0267;-0.0587;-0.0098;-0.4039;0.3622
360.5;1.2752;1.2999;-14.2397;-14.6252;294;40;0.0244;0.0618;0.0267;-0.0391;-0.0108;-0.4039;0.3622
361.0;1.2756;1.2999;-14.4229;-14.8756;298;36;-0.2004;0.0589;0.0267;-0.0459;-0.0108;-0.4078;0.3622
361.5;1.2779;1.2999;-14.9206;-15.1252;292;40;-0.1026;0.0545;0.0267;-0.0205;-0.0108;-0.4078;0.3622
362.0;1.2811;1.2999;-14.9679;-15.3756;298;32;-0.0342;0.0457;0.0267;-0.0411;-0.0108;-0.4118;0.3622
362.5;1.2843;1.2999;-15.1366;-15.6252;300;28;-0.0929;0.0369;0.0267;-0.0499;-0.0108;-0.4157;0.3622
363.0;1.2880;1.2999;-15.6649;-15.8756;292;32;-0.0929;0.0281;0.0281;-0.0215;-0.0117;-0.4157;0.3622
363.5;1.2917;1.2999;-15.8061;-16.1252;294;26;-0.0733;0.0193;0.0281;-0.0323;-0.0117;-0.4196;0.3622
364.0;1.2944;1.2999;-16.2534;-16.3756;288;28;-0.1417;0.0135;0.0281;-0.0127;-0.0117;-0.4196;0.3622
364.5;1.2958;1.2999;-16.2412;-16.6252;294;21;-0.0635;0.0091;0.0281;-0.0391;-0.0117;-0.4235;0.3622
365.0;1.2981;1.2999;-16.6191;-16.8756;290;21;-0.0538;0.0032;0.0281;-0.0264;-0.0117;-0.4275;0.3622
365.5;1.3004;1.2999;-16.6229;-17.1252;298;13;-0.0538;-0.0026;0.0281;-0.0508;-0.0117;-0.4275;0.3622
366.0;1.3022;1.2999;-17.1679;-17.3756;290;17;-0.1124;-0.0070;0.0281;-0.0215;-0.0117;-0.4314;0.3622
366.5;1.3049;1.2999;-17.4153;-17.6252;290;15;-0.0929;-0.0144;0.0281;-0.0215;-0.0127;-0.4314;0.3622
367.0;1.3072;1.2999;-17.3626;-17.8756;298;5;-0.1124;-0.0202;0.0281;-0.0518;-0.0127;-0.4353;0.3622
367.5;1.3091;1.2999;-17.5389;-18.1252;298;1;-0.0929;-0.0246;0.0281;-0.0596;-0.0127;-0.4392;0.3622
368.0;1.3114;1.2999;-17.4840;-18.3756;306;-7;-0.0929;-0.0290;0.0267;-0.0899;-0.0137;-0.4392;0.3622
368.5;1.3132;1.2999;-18.1153;-18.6252;296;-1;-0.1515;-0.0334;0.0267;-0.0518;-0.0137;-0.4431;0.3622
369.0;1.3141;1.2999;-18.2115;-18.8756;300;-7;-0.0733;-0.0363;0.0267;-0.0665;-0.0137;-0.4431;0.3622
369.5;1.3159;1.2999;-18.7779;-19.1252;292;-1;0.0244;-0.0407;0.0267;-0.0352;-0.0137;-0.4471;0.3622
370.0;1.3182;1.2999;-18.7137;-19.3756;302;-9;-0.1320;-0.0466;0.0267;-0.0665;-0.0147;-0.4510;0.3622
370.5;1.3201;1.2999;-19.0893;-19.6252;298;-9;-0.1124;-0.0510;0.0267;-0.0538;-0.0147;-0.4510;0.3622
371.0;1.3214;1.2999;-18.9321;-19.8756;308;-21;-0.0440;-0.0554;0.0267;-0.0948;-0.0147;-0.4549;0.3622
371.5;1.3228;1.2999;-19.3763;-20.1252;302;-19;-0.1222;-0.0583;0.0267;-0.0753;-0.0156;-0.4549;0.3622
372.0;1.3242;1.2999;-19.7275;-20.3756;300;-17;-0.0733;-0.0627;0.0252;-0.0655;-0.0156;-0.4588;0.3622
372.5;1.3251;1.2999;-19.4771;-20.6252;314;-30;-0.1222;-0.0642;0.0252;-0.1153;-0.0166;-0.4627;0.3622
373.0;1.3260;1.2999;-19.6252;-20.8756;316;-34;-0.1026;-0.0671;0.0252;-0.1251;-0.0166;-0.4627;0.3622
373.5;1.3288;1.2999;-19.6267;-21.1252;324;-42;-0.0244;-0.0730;0.0252;-0.1505;-0.0176;-0.4667;0.3622
374.0;1.3301;1.2999;-20.3145;-21.3756;314;-34;-0.1515;-0.0774;0.0252;-0.1065;-0.0186;-0.4667;0.3622
374.5;1.3320;1.2999;-20.2985;-21.6252;320;-44;-0.0733;-0.0817;0.0237;-0.1329;-0.0186;-0.4706;0.3622
375.0;1.3333;1.2999;-21.0069;-21.8756;310;-34;-0.2102;-0.0847;0.0237;-0.0870;-0.0196;-0.4745;0.3622
375.5;1.3338;1.2999;-20.8672;-22.1252;318;-46;-0.1124;-0.0861;0.0237;-0.1261;-0.0196;-0.4745;0.3622
376.0;1.3352;1.2999;-21.2359;-22.3756;316;-46;-0.0635;-0.0891;0.0237;-0.1144;-0.0205;-0.4784;0.3622
376.5;1.3365;1.2999;-21.7076;-22.6252;312;-42;-0.1613;-0.0935;0.0223;-0.0919;-0.0215;-0.4784;0.3622
377.0;1.3375;1.2999;-22.0817;-22.8756;310;-40;-0.0342;-0.0949;0.0223;-0.0802;-0.0215;-0.4824;0.3622
377.5;1.3278;1.2999;-22.3084;-23.1130;302;-32;-0.0049;-0.0700;0.0223;-0.0811;-0.0215;-0.4706;0.3622
378.0;1.3205;1.2999;-22.1229;-23.3382;314;-36;-0.0147;-0.0524;0.0223;-0.1222;-0.0225;-0.4588;0.3622
378.5;1.3146;1.2999;-22.2710;-23.5504;314;-32;-0.0049;-0.0378;0.0223;-0.1281;-0.0235;-0.4471;0.3622
379.0;1.3095;1.2999;-22.2092;-23.7504;322;-34;-0.0147;-0.0261;0.0223;-0.1544;-0.0235;-0.4353;0.3622
379.5;1.3059;1.2999;-22.8878;-23.9382;310;-17;-0.0635;-0.0158;0.0223;-0.1056;-0.0244;-0.4235;0.3622
380.0;1.3031;1.2999;-22.8870;-24.1130;314;-17;0.0147;-0.0085;0.0223;-0.1232;-0.0254;-0.4118;0.3622
380.5;1.3013;1.2999;-23.3878;-24.2756;306;-7;-0.0440;-0.0041;0.0223;-0.0890;-0.0254;-0.4000;0.3622
381.0;1.3004;1.2999;-23.2947;-24.4252;310;-9;-0.0538;-0.0026;0.0223;-0.1134;-0.0264;-0.3882;0.3622
381.5;1.2990;1.2999;-23.4382;-24.5626;308;-5;0.0342;0.0003;0.0223;-0.1134;-0.0264;-0.3725;0.3622
382.0;1.2981;1.2999;-23.8992;-24.6878;296;5;0.0538;0.0032;0.0223;-0.0792;-0.0274;-0.3608;0.3622
382.5;1.2976;1.2999;-24.0786;-24.8008;292;11;-0.0244;0.0047;0.0223;-0.0723;-0.0274;-0.3490;0.3622
383.0;1.2976;1.2999;-24.3725;-24.9008;286;17;-0.0147;0.0047;0.0223;-0.0528;-0.0274;-0.3373;0.3622
383.5;1.2976;1.2999;-24.1565;-24.9878;292;13;-0.0147;0.0047;0.0223;-0.0841;-0.0283;-0.3216;0.3622
384.0;1.2990;1.2999;-24.5969;-25.0000;263;42;-0.0049;0.0018;0.0223;-0.0411;-0.0283;-0.2392;0.3622
384.5;1.2990;1.2999;-24.3649;-25.0000;265;38;0.0147;0.0018;0.0223;-0.0635;-0.0283;-0.2275;0.3622
385.0;1.2981;1.2999;-24.8137;-25.0000;253;50;-0.0049;0.0032;0.0223;-0.0196;-0.0283;-0.2275;0.3622
385.5;1.2972;1.2999;-24.9130;-25.0000;251;52;0.0733;0.0062;0.0223;-0.0088;-0.0283;-0.2275;0.3622
386.0;1.2967;1.2999;-25.2962;-25.0000;241;62;0.0342;0.0076;0.0223;0.0293;-0.0283;-0.2275;0.3622
386.5;1.2962;1.2999;-25.1214;-25.0000;245;58;-0.0049;0.0076;0.0223;0.0117;-0.0283;-0.2275;0.3622
387.0;1.2962;1.2999;-25.0336;-25.0000;249;56;0.0147;0.0076;0.0223;0.0029;-0.0283;-0.2275;0.3622
387.5;1.2962;1.2999;-25.2702;-25.0000;243;60;-0.1320;0.0076;0.0223;0.0264;-0.0283;-0.2275;0.3622
388.0;1.2972;1.2999;-25.1672;-25.0000;247;58;0.0147;0.0062;0.0223;0.0166;-0.0283;-0.2275;0.3622
388.5;1.2976;1.2999;-25.3992;-25.0000;241;62;0.0244;0.0047;0.0223;0.0391;-0.0283;-0.2275;0.3622
389.0;1.2985;1.2999;-25.0084;-25.0000;249;54;0.0147;0.0032;0.0223;-0.0000;-0.0283;-0.2275;0.3622
389.5;1.2985;1.2999;-25.1351;-25.0000;245;56;0.1026;0.0032;0.0223;0.0127;-0.0283;-0.2275;0.3622
390.0;1.2981;1.2999;-24.8397;-25.0000;253;50;0.0733;0.0032;0.0223;-0.0166;-0.0283;-0.2275;0.3622
390.5;1.2981;1.2999;-25.0031;-25.0000;249;54;0.0244;0.0032;0.0223;-0.0000;-0.0283;-0.2275;0.3622
391.0;1.2985;1.2999;-24.9679;-25.0000;249;52;-0.0049;0.0032;0.0223;-0.0039;-0.0283;-0.2275;0.3622
391.5;1.2981;1.2999;-24.7595;-25.0000;255;48;0.0831;0.0032;0.0223;-0.0244;-0.0283;-0.2275;0.3622
392.0;1.2985;1.2999;-24.6885;-25.0000;257;46;0.0049;0.0032;0.0223;-0.0313;-0.0283;-0.2275;0.3622
392.5;1.2981;1.2999;-24.5489;-25.0000;261;42;-0.0049;0.0032;0.0223;-0.0459;-0.0283;-0.2275;0.3622
393.0;1.2981;1.2999;-24.9214;-25.0000;251;52;0.0049;0.0032;0.0223;-0.0088;-0.0283;-0.2275;0.3622
393.5;1.2985;1.2999;-24.8305;-25.0000;253;48;0.0049;0.0018;0.0223;-0.0176;-0.0283;-0.2275;0.3622
394.0;1.2990;1.2999;-25.0969;-25.0000;247;54;0.0147;0.0003;0.0223;0.0088;-0.0283;-0.2275;0.3622
394.5;1.2990;1.2999;-24.9374;-25.0000;249;52;0.0929;0.0018;0.0223;-0.0068;-0.0283;-0.2275;0.3622
395.0;1.2985;1.2999;-25.0427;-25.0000;247;54;0.0831;0.0018;0.0223;0.0039;-0.0283;-0.2275;0.3622
395.5;1.2985;1.2999;-24.7641;-25.0000;255;48;0.0147;0.0032;0.0223;-0.0244;-0.0283;-0.2275;0.3622
396.0;1.2990;1.2999;-25.0244;-25.0000;249;54;0.0049;0.0018;0.0223;0.0020;-0.0283;-0.2275;0.3622
396.5;1.2985;1.2999;-25.0267;-25.0000;249;52;-0.1417;0.0018;0.0223;0.0020;-0.0283;-0.2275;0.3622
397.0;1.2990;1.2999;-24.7511;-25.0000;255;46;-0.0831;0.0018;0.0223;-0.0254;-0.0293;-0.2275;0.3622
397.5;1.2999;1.2999;-24.7420;-25.0000;255;46;-0.0733;-0.0012;0.0223;-0.0264;-0.0293;-0.2275;0.3622
398.0;1.3017;1.2999;-24.6008;-25.0000;259;40;-0.1613;-0.0056;0.0223;-0.0401;-0.0293;-0.2275;0.3622
398.5;1.3036;1.2999;-24.9221;-25.0000;251;48;-0.0733;-0.0100;0.0223;-0.0088;-0.0293;-0.2275;0.3622
399.0;1.3059;1.2999;-24.8290;-25.0000;253;44;-0.0635;-0.0158;0.0223;-0.0176;-0.0293;-0.2275;0.3622
399.5;1.3086;1.2999;-25.1344;-25.0000;245;50;-0.0733;-0.0231;0.0223;0.0127;-0.0293;-0.2275;0.3622
400.0;1.3109;1.2999;-25.0015;-25.0000;247;46;-0.0538;-0.0290;0.0223;-0.0000;-0.0293;-0.2275;0.3622
400.5;1.3136;1.2999;-25.1908;-25.0000;241;48;-0.0733;-0.0363;0.0223;0.0186;-0.0293;-0.2275;0.3622
401.0;1.3173;1.2999;-25.4214;-25.0000;236;52;-0.1320;-0.0451;0.0223;0.0420;-0.0293;-0.2275;0.3622
401.5;1.3205;1.2999;-25.4947;-25.0000;232;52;-0.1320;-0.0524;0.0208;0.0489;-0.0283;-0.2275;0.3622
402.0;1.3237;1.2999;-25.6412;-25.0000;226;52;-0.1222;-0.0612;0.0208;0.0635;-0.0283;-0.2275;0.3622
402.5;1.3265;1.2999;-25.3107;-25.0000;232;44;-0.0538;-0.0671;0.0208;0.0303;-0.0283;-0.2275;0.3622
403.0;1.3292;1.2999;-25.3137;-25.0000;232;40;-0.0635;-0.0744;0.0208;0.0313;-0.0283;-0.2275;0.3622
403.5;1.3306;1.2999;-25.0710;-25.0000;236;34;-0.0440;-0.0788;0.0208;0.0068;-0.0283;-0.2275;0.3622
404.0;1.3324;1.2999;-25.2962;-25.0000;228;38;-0.0831;-0.0817;0.0193;0.0293;-0.0283;-0.2275;0.3622
404.5;1.3333;1.2999;-25.1214;-25.0000;232;34;-0.0342;-0.0847;0.0193;0.0117;-0.0274;-0.2275;0.3622
405.0;1.3347;1.2999;-25.4595;-25.0000;222;40;-0.0049;-0.0876;0.0193;0.0450;-0.0274;-0.2275;0.3622
405.5;1.3356;1.2999;-25.2443;-25.0000;228;34;-0.1417;-0.0905;0.0193;0.0235;-0.0274;-0.2275;0.3622
406.0;1.3370;1.2999;-25.2321;-25.0000;228;34;-0.0635;-0.0935;0.0193;0.0225;-0.0274;-0.2275;0.3622
406.5;1.3384;1.2999;-25.4656;-25.0000;220;38;-0.0538;-0.0979;0.0179;0.0459;-0.0274;-0.2275;0.3622
407.0;1.3397;1.2999;-25.4534;-25.0000;220;38;0.0244;-0.1008;0.0179;0.0450;-0.0264;-0.2275;0.3622
407.5;1.3411;1.2999;-25.5458;-25.0000;218;38;-0.0538;-0.1037;0.0179;0.0538;-0.0264;-0.2275;0.3622
408.0;1.3425;1.2999;-25.3206;-25.0000;220;32;-0.0440;-0.1067;0.0164;0.0313;-0.0264;-0.2275;0.3622
408.5;1.3434;1.2999;-25.4542;-25.0000;216;34;0.0147;-0.1096;0.0164;0.0450;-0.0264;-0.2275;0.3622
409.0;1.3439;1.2999;-25.1634;-25.0000;222;28;0.0147;-0.1110;0.0164;0.0156;-0.0264;-0.2275;0.3622
409.5;1.3443;1.2999;-25.4008;-25.0000;216;34;0.0244;-0.1125;0.0149;0.0391;-0.0264;-0.2275;0.3622
410.0;1.3443;1.2999;-25.3122;-25.0000;218;30;0.0147;-0.1125;0.0149;0.0303;-0.0254;-0.2275;0.3622
410.5;1.3439;1.2999;-25.4611;-25.0000;214;34;-0.0538;-0.1110;0.0149;0.0459;-0.0254;-0.2275;0.3622
411.0;1.3425;1.2999;-25.3450;-25.0000;216;32;0.0244;-0.1081;0.0149;0.0342;-0.0254;-0.2275;0.3622
411.5;1.3411;1.2999;-25.1763;-25.0000;220;30;0.0147;-0.1037;0.0135;0.0176;-0.0254;-0.2275;0.3622
412.0;1.3393;1.2999;-25.3962;-25.0000;214;36;0.1026;-0.0993;0.0135;0.0391;-0.0254;-0.2275;0.3622
412.5;1.3370;1.2999;-25.3489;-25.0000;216;36;0.0244;-0.0935;0.0135;0.0342;-0.0244;-0.2275;0.3622
413.0;1.3338;1.2999;-25.4794;-25.0000;214;40;0.0342;-0.0861;0.0135;0.0479;-0.0244;-0.2275;0.3622
413.5;1.3315;1.2999;-25.2191;-25.0000;222;34;0.0831;-0.0803;0.0120;0.0215;-0.0244;-0.2275;0.3622
414.0;1.3297;1.2999;-25.3252;-25.0000;220;38;0.0342;-0.0759;0.0120;0.0323;-0.0244;-0.2275;0.3622
414.5;1.3278;1.2999;-25.0840;-25.0000;226;34;0.0733;-0.0715;0.0120;0.0078;-0.0244;-0.2275;0.3622
415.0;1.3260;1.2999;-25.1679;-25.0000;224;38;0.0929;-0.0671;0.0120;0.0166;-0.0244;-0.2275;0.3622
415.5;1.3242;1.2999;-25.2267;-25.0000;224;40;0.0147;-0.0612;0.0120;0.0225;-0.0244;-0.2275;0.3622
416.0;1.3214;1.2999;-24.9557;-25.0000;232;34;0.0049;-0.0554;0.0105;-0.0049;-0.0244;-0.2275;0.3622
416.5;1.3196;1.2999;-24.9321;-25.0000;232;34;0.0049;-0.0510;0.0105;-0.0078;-0.0244;-0.2275;0.3622
417.0;1.3187;1.2999;-24.8366;-25.0000;236;34;0.0049;-0.0481;0.0105;-0.0166;-0.0244;-0.2275;0.3622
417.5;1.3159;1.2999;-25.0756;-25.0000;232;40;0.0929;-0.0407;0.0105;0.0068;-0.0244;-0.2275;0.3622
418.0;1.3136;1.2999;-24.9305;-25.0000;236;38;0.0147;-0.0349;0.0105;-0.0078;-0.0244;-0.2275;0.3622
418.5;1.3114;1.2999;-25.2008;-25.0000;230;46;0.0049;-0.0290;0.0105;0.0196;-0.0244;-0.2275;0.3622
419.0;1.3095;1.2999;-24.9817;-25.0000;236;42;0.0049;-0.0246;0.0105;-0.0020;-0.0244;-0.2275;0.3622
419.5;1.3072;1.2999;-25.0198;-25.0000;236;44;0.0147;-0.0202;0.0105;0.0010;-0.0244;-0.2275;0.3622
420.0;1.3049;1.2999;-24.9114;-25.0000;239;44;-0.0733;-0.0144;0.0105;-0.0098;-0.0244;-0.2275;0.3622
420.5;1.3036;1.2999;-25.0649;-25.0000;238;48;0.0147;-0.0100;0.0105;0.0059;-0.0244;-0.2275;0.3622
421.0;1.3022;1.2999;-25.1924;-25.0000;236;52;0.0929;-0.0070;0.0105;0.0186;-0.0244;-0.2275;0.3622
421.5;1.3008;1.2999;-24.9924;-25.0000;241;48;0.0049;-0.0026;0.0105;-0.0010;-0.0244;-0.2275;0.3622
422.0;1.2990;1.2999;-24.9931;-25.0000;241;48;-0.0538;0.0018;0.0105;-0.0010;-0.0244;-0.2275;0.3622
422.5;1.2981;1.2999;-24.7802;-25.0000;247;44;0.0147;0.0032;0.0105;-0.0225;-0.0244;-0.2275;0.3622
423.0;1.2981;1.2999;-25.0298;-25.0000;243;50;-0.0147;0.0032;0.0105;0.0029;-0.0244;-0.2275;0.3622
423.5;1.2981;1.2999;-24.8687;-25.0000;247;46;0.0244;0.0032;0.0105;-0.0137;-0.0244;-0.2275;0.3622
424.0;1.2985;1.2999;-25.0023;-25.0000;243;50;-0.0147;0.0018;0.0105;-0.0000;-0.0244;-0.2275;0.3622
424.5;1.2985;1.2999;-24.8748;-25.0000;247;46;-0.0733;0.0018;0.0105;-0.0127;-0.0244;-0.2275;0.3622
425.0;1.2990;1.2999;-24.8672;-25.0000;247;46;0.0049;0.0018;0.0105;-0.0137;-0.0244;-0.2275;0.3622
425.5;1.2995;1.2999;-25.0664;-25.0000;243;50;0.0147;0.0003;0.0105;0.0059;-0.0244;-0.2275;0.3622
426.0;1.2995;1.2999;-25.1687;-25.0000;239;54;0.0929;0.0003;0.0105;0.0166;-0.0244;-0.2275;0.3622
426.5;1.2995;1.2999;-25.2916;-25.0000;238;56;0.0244;0.0003;0.0105;0.0283;-0.0244;-0.2275;0.3622
427.0;1.2985;1.2999;-25.0962;-25.0000;241;52;-0.0342;0.0018;0.0105;0.0088;-0.0244;-0.2275;0.3622
427.5;1.2990;1.2999;-25.2351;-25.0000;239;54;-0.0147;0.0018;0.0105;0.0235;-0.0244;-0.2275;0.3622
428.0;1.2990;1.2999;-25.0740;-25.0000;243;52;0.0440;0.0018;0.0105;0.0068;-0.0244;-0.2275;0.3622
428.5;1.2976;1.2999;-25.2565;-25.0000;239;56;-0.0049;0.0047;0.0105;0.0254;-0.0235;-0.2275;0.3622
429.0;1.2967;1.2999;-25.2084;-25.0000;239;56;0.0147;0.0062;0.0105;0.0205;-0.0235;-0.2275;0.3622
429.5;1.2967;1.2999;-25.3641;-25.0000;238;60;-0.0538;0.0076;0.0105;0.0362;-0.0235;-0.2275;0.3622
430.0;1.2962;1.2999;-25.2176;-25.0000;239;56;0.0929;0.0076;0.0105;0.0215;-0.0235;-0.2275;0.3622
430.5;1.2953;1.2999;-25.1519;-25.0000;241;56;0.0147;0.0105;0.0105;0.0147;-0.0235;-0.2275;0.3622
431.0;1.2953;1.2999;-25.2580;-25.0000;241;58;0.0244;0.0105;0.0105;0.0254;-0.0235;-0.2275;0.3622
431.5;1.2953;1.2999;-25.1336;-25.0000;243;56;-0.0635;0.0105;0.0105;0.0127;-0.0235;-0.2275;0.3622
432.0;1.2958;1.2999;-25.2084;-25.0000;241;56;-0.0635;0.0091;0.0105;0.0205;-0.0235;-0.2275;0.3622
432.5;1.2972;1.2999;-24.8947;-25.0000;249;48;-0.0733;0.0062;0.0105;-0.0108;-0.0235;-0.2275;0.3622
433.0;1.2990;1.2999;-24.9618;-25.0000;247;50;-0.0733;0.0018;0.0105;-0.0039;-0.0235;-0.2275;0.3622
433.5;1.3013;1.2999;-24.7542;-25.0000;251;44;-0.0733;-0.0041;0.0105;-0.0254;-0.0235;-0.2275;0.3622
434.0;1.3036;1.2999;-24.8595;-25.0000;249;44;-0.0733;-0.0100;0.0105;-0.0147;-0.0235;-0.2275;0.3622
434.5;1.3068;1.2999;-24.8687;-25.0000;247;42;-0.1515;-0.0188;0.0105;-0.0137;-0.0235;-0.2275;0.3622
435.0;1.3095;1.2999;-24.8267;-25.0000;247;38;-0.1515;-0.0246;0.0105;-0.0176;-0.0235;-0.2275;0.3622
435.5;1.3114;1.2999;-24.8168;-25.0000;247;36;-0.1515;-0.0305;0.0105;-0.0186;-0.0235;-0.2275;0.3622
436.0;1.3132;1.2999;-24.7962;-25.0000;247;36;-0.0440;-0.0349;0.0105;-0.0205;-0.0235;-0.2275;0.3622
436.5;1.3146;1.2999;-25.0687;-25.0000;239;40;0.0049;-0.0378;0.0105;0.0068;-0.0235;-0.2275;0.3622
437.0;1.3155;1.2999;-25.0344;-25.0000;239;38;-0.0929;-0.0393;0.0091;0.0029;-0.0235;-0.2275;0.3622
437.5;1.3164;1.2999;-25.1038;-25.0000;238;40;-0.0440;-0.0422;0.0091;0.0098;-0.0235;-0.2275;0.3622
438.0;1.3182;1.2999;-24.9344;-25.0000;241;36;-0.0929;-0.0466;0.0091;-0.0068;-0.0235;-0.2275;0.3622
438.5;1.3196;1.2999;-25.0107;-25.0000;238;36;-0.0635;-0.0510;0.0091;0.0010;-0.0235;-0.2275;0.3622
439.0;1.3201;1.2999;-24.9130;-25.0000;239;34;-0.0733;-0.0510;0.0091;-0.0088;-0.0235;-0.2275;0.3622
439.5;1.3205;1.2999;-25.1817;-25.0000;232;40;0.0147;-0.0524;0.0091;0.0176;-0.0235;-0.2275;0.3622
440.0;1.3201;1.2999;-25.2359;-25.0000;232;40;-0.0538;-0.0510;0.0091;0.0235;-0.0235;-0.2275;0.3622
440.5;1.3201;1.2999;-25.1550;-25.0000;232;38;-0.0635;-0.0510;0.0091;0.0147;-0.0235;-0.2275;0.3622
441.0;1.3191;1.2999;-25.2053;-25.0000;232;40;-0.0538;-0.0495;0.0076;0.0196;-0.0235;-0.2275;0.3622
441.5;1.3187;1.2999;-25.1130;-25.0000;234;38;0.0049;-0.0481;0.0076;0.0108;-0.0235;-0.2275;0.3622
442.0;1.3178;1.2999;-25.2733;-25.0000;230;42;0.0342;-0.0466;0.0076;0.0264;-0.0235;-0.2275;0.3622
442.5;1.3168;1.2999;-25.1176;-25.0000;234;38;-0.0733;-0.0437;0.0076;0.0117;-0.0235;-0.2275;0.3622
443.0;1.3150;1.2999;-25.2214;-25.0000;232;42;0.0929;-0.0378;0.0076;0.0215;-0.0225;-0.2275;0.3622
443.5;1.3127;1.2999;-25.1351;-25.0000;236;40;-0.0635;-0.0334;0.0076;0.0127;-0.0225;-0.2275;0.3622
444.0;1.3109;1.2999;-25.3427;-25.0000;232;46;-0.0538;-0.0290;0.0076;0.0342;-0.0225;-0.2275;0.3622
444.5;1.3091;1.2999;-25.2313;-25.0000;234;46;0.0929;-0.0246;0.0076;0.0225;-0.0225;-0.2275;0.3622
445.0;1.3077;1.2999;-25.3695;-25.0000;232;50;-0.0538;-0.0202;0.0076;0.0362;-0.0225;-0.2275;0.3622
445.5;1.3049;1.2999;-25.4420;-25.0000;232;52;0.0244;-0.0144;0.0076;0.0440;-0.0225;-0.2275;0.3622
446.0;1.3022;1.2999;-25.3092;-25.0000;236;50;0.0244;-0.0070;0.0076;0.0303;-0.0215;-0.2275;0.3622
446.5;1.2999;1.2999;-25.2122;-25.0000;238;50;0.0831;-0.0012;0.0076;0.0205;-0.0215;-0.2275;0.3622
447.0;1.2976;1.2999;-25.1992;-25.0000;239;52;-0.0538;0.0047;0.0076;0.0196;-0.0215;-0.2275;0.3622
447.5;1.2967;1.2999;-25.3802;-25.0000;236;56;0.0147;0.0076;0.0076;0.0371;-0.0215;-0.2275;0.3622
448.0;1.2953;1.2999;-25.3031;-25.0000;239;56;-0.0538;0.0105;0.0076;0.0293;-0.0215;-0.2275;0.3622
448.5;1.2944;1.2999;-25.4718;-25.0000;236;60;0.0244;0.0135;0.0076;0.0469;-0.0215;-0.2275;0.3622
449.0;1.2926;1.2999;-25.3275;-25.0000;239;58;0.0244;0.0179;0.0076;0.0323;-0.0215;-0.2275;0.3622
449.5;1.2917;1.2999;-25.4427;-25.0000;238;62;0.0244;0.0193;0.0076;0.0440;-0.0205;-0.2275;0.3622
450.0;1.2908;1.2999;-25.4992;-25.0000;236;64;0.0244;0.0208;0.0076;0.0499;-0.0205;-0.2275;0.3622
450.5;1.2894;1.2999;-25.5260;-25.0000;236;64;0.0440;0.0252;0.0076;0.0518;-0.0205;-0.2275;0.3622
451.0;1.2885;1.2999;-25.4695;-25.0000;238;64;0.0929;0.0281;0.0076;0.0459;-0.0205;-0.2275;0.3622
451.5;1.2875;1.2999;-25.3756;-25.0000;239;64;0.0342;0.0296;0.0076;0.0371;-0.0196;-0.2275;0.3622
452.0;1.2866;1.2999;-25.4206;-25.0000;239;64;-0.0733;0.0325;0.0076;0.0420;-0.0196;-0.2275;0.3622
452.5;1.2862;1.2999;-25.3038;-25.0000;243;62;0.0244;0.0340;0.0076;0.0303;-0.0196;-0.2275;0.3622
453.0;1.2862;1.2999;-25.4130;-25.0000;241;65;0.0244;0.0340;0.0076;0.0411;-0.0196;-0.2275;0.3622
453.5;1.2866;1.2999;-25.2252;-25.0000;245;62;0.0147;0.0325;0.0076;0.0225;-0.0196;-0.2275;0.3622
454.0;1.2871;1.2999;-25.2450;-25.0000;245;62;0.0244;0.0311;0.0091;0.0244;-0.0196;-0.2275;0.3622
454.5;1.2871;1.2999;-25.0618;-25.0000;249;58;-0.0635;0.0311;0.0091;0.0059;-0.0186;-0.2275;0.3622
455.0;1.2862;1.2999;-24.9511;-25.0000;251;54;0.0342;0.0340;0.0091;-0.0059;-0.0196;-0.2275;0.3622
455.5;1.2853;1.2999;-24.9107;-25.0000;253;54;-0.0244;0.0355;0.0091;-0.0098;-0.0196;-0.2275;0.3622
456.0;1.2848;1.2999;-24.8733;-25.0000;255;54;0.0342;0.0369;0.0091;-0.0137;-0.0196;-0.2275;0.3622
456.5;1.2848;1.2999;-24.7794;-25.0000;257;52;-0.0244;0.0369;0.0091;-0.0225;-0.0196;-0.2275;0.3622
457.0;1.2857;1.2999;-24.6122;-25.0000;261;48;-0.0049;0.0340;0.0091;-0.0391;-0.0196;-0.2275;0.3622
457.5;1.2857;1.2999;-24.6504;-25.0000;261;48;-0.0831;0.0340;0.0091;-0.0352;-0.0196;-0.2275;0.3622
458.0;1.2862;1.2999;-24.5244;-25.0000;265;46;-0.0049;0.0325;0.0091;-0.0479;-0.0196;-0.2275;0.3622
458.5;1.2871;1.2999;-24.6084;-25.0000;263;48;-0.0049;0.0311;0.0091;-0.0401;-0.0205;-0.2275;0.3622
459.0;1.2866;1.2999;-24.5756;-25.0000;263;46;-0.0049;0.0325;0.0105;-0.0430;-0.0205;-0.2275;0.3622
459.5;1.2862;1.2999;-24.5328;-25.0000;265;46;0.0147;0.0325;0.0105;-0.0469;-0.0205;-0.2275;0.3622
460.0;1.2857;1.2999;-24.5214;-25.0000;265;46;-0.0147;0.0340;0.0105;-0.0489;-0.0205;-0.2275;0.3622
460.5;1.2853;1.2999;-24.6336;-25.0000;261;48;-0.0831;0.0355;0.0105;-0.0371;-0.0205;-0.2275;0.3622
461.0;1.2848;1.2999;-24.7466;-25.0000;259;52;-0.0733;0.0369;0.0105;-0.0254;-0.0215;-0.2275;0.3622
461.5;1.2839;1.2999;-24.8076;-25.0000;257;54;-0.0049;0.0384;0.0105;-0.0196;-0.0215;-0.2275;0.3622
462.0;1.2839;1.2999;-24.9931;-25.0000;255;58;0.0049;0.0398;0.0105;-0.0010;-0.0215;-0.2275;0.3622
462.5;1.2843;1.2999;-25.0359;-25.0000;253;60;0.0147;0.0384;0.0105;0.0029;-0.0215;-0.2275;0.3622
463.0;1.2848;1.2999;-25.2229;-25.0000;249;64;0.0147;0.0369;0.0105;0.0215;-0.0215;-0.2275;0.3622
463.5;1.2848;1.2999;-25.2718;-25.0000;247;64;-0.0635;0.0369;0.0105;0.0264;-0.0205;-0.2275;0.3622
464.0;1.2843;1.2999;-25.3290;-25.0000;245;65;-0.0538;0.0384;0.0120;0.0323;-0.0205;-0.2275;0.3622
464.5;1.2848;1.2999;-25.3344;-25.0000;247;65;0.0342;0.0369;0.0120;0.0332;-0.0205;-0.2275;0.3622
465.0;1.2853;1.2999;-25.2962;-25.0000;247;64;0.0049;0.0355;0.0120;0.0293;-0.0205;-0.2275;0.3622
465.5;1.2866;1.2999;-25.2191;-25.0000;249;62;-0.0440;0.0325;0.0120;0.0215;-0.0205;-0.2275;0.3622
466.0;1.2885;1.2999;-25.1679;-25.0000;249;60;-0.0049;0.0281;0.0120;0.0166;-0.0205;-0.2275;0.3622
466.5;1.2898;1.2999;-25.1435;-25.0000;249;60;0.0147;0.0252;0.0120;0.0137;-0.0205;-0.2275;0.3622
467.0;1.2908;1.2999;-24.9725;-25.0000;253;54;-0.1515;0.0208;0.0120;-0.0029;-0.0205;-0.2275;0.3622
467.5;1.2930;1.2999;-24.9183;-25.0000;253;52;-0.0733;0.0164;0.0120;-0.0088;-0.0205;-0.2275;0.3622
468.0;1.2953;1.2999;-24.8382;-25.0000;255;48;-0.0733;0.0105;0.0120;-0.0166;-0.0205;-0.2275;0.3622
468.5;1.2981;1.2999;-24.8160;-25.0000;255;46;-0.0733;0.0047;0.0120;-0.0186;-0.0205;-0.2275;0.3622
469.0;1.2999;1.2999;-24.9160;-25.0000;251;48;0.0049;-0.0012;0.0120;-0.0088;-0.0205;-0.2275;0.3622
469.5;1.3022;1.2999;-25.0092;-25.0000;247;50;-0.0635;-0.0070;0.0120;-0.0000;-0.0205;-0.2275;0.3622
470.0;1.3054;1.2999;-24.9595;-25.0000;249;46;-0.1515;-0.0158;0.0120;-0.0049;-0.0205;-0.2275;0.3622
470.5;1.3086;1.2999;-24.9786;-25.0000;245;44;-0.0733;-0.0231;0.0120;-0.0029;-0.0205;-0.2275;0.3622
471.0;1.3104;1.2999;-25.0191;-25.0000;243;44;-0.1417;-0.0275;0.0120;0.0010;-0.0205;-0.2275;0.3622
471.5;1.3123;1.2999;-24.9916;-25.0000;243;42;-0.0733;-0.0319;0.0120;-0.0010;-0.0205;-0.2275;0.3622
472.0;1.3141;1.2999;-25.0870;-25.0000;239;44;-0.0635;-0.0363;0.0120;0.0078;-0.0205;-0.2275;0.3622
472.5;1.3159;1.2999;-25.0824;-25.0000;239;42;-0.0635;-0.0407;0.0120;0.0078;-0.0205;-0.2275;0.3622
473.0;1.3182;1.2999;-25.1542;-25.0000;236;44;-0.0635;-0.0466;0.0120;0.0147;-0.0205;-0.2275;0.3622
473.5;1.3201;1.2999;-25.1824;-25.0000;234;44;0.1124;-0.0510;0.0105;0.0176;-0.0205;-0.2275;0.3622
474.0;1.3210;1.2999;-25.2527;-25.0000;232;44;-0.1320;-0.0539;0.0105;0.0244;-0.0205;-0.2275;0.3622
474.5;1.3219;1.2999;-25.2718;-25.0000;230;44;-0.0049;-0.0554;0.0105;0.0264;-0.0196;-0.2275;0.3622
475.0;1.3228;1.2999;-25.3656;-25.0000;228;46;-0.1026;-0.0583;0.0105;0.0362;-0.0196;-0.2275;0.3622
475.5;1.3246;1.2999;-25.4565;-25.0000;224;48;0.0831;-0.0627;0.0105;0.0450;-0.0196;-0.2275;0.3622
476.0;1.3260;1.2999;-25.3985;-25.0000;224;44;-0.1320;-0.0656;0.0105;0.0391;-0.0196;-0.2275;0.3622
476.5;1.3269;1.2999;-25.5008;-25.0000;222;46;0.0244;-0.0686;0.0091;0.0499;-0.0196;-0.2275;0.3622
477.0;1.3278;1.2999;-25.4840;-25.0000;220;46;0.0244;-0.0700;0.0091;0.0479;-0.0186;-0.2275;0.3622
477.5;1.3283;1.2999;-25.5267;-25.0000;220;46;0.0244;-0.0715;0.0091;0.0518;-0.0186;-0.2275;0.3622
478.0;1.3288;1.2999;-25.4924;-25.0000;220;46;-0.0538;-0.0730;0.0091;0.0489;-0.0186;-0.2275;0.3622
478.5;1.3283;1.2999;-25.6069;-25.0000;214;48;0.0440;-0.0715;0.0091;0.0606;-0.0176;-0.2275;0.3622
479.0;1.3274;1.2999;-25.5015;-25.0000;218;46;0.0929;-0.0700;0.0076;0.0499;-0.0176;-0.2275;0.3622
479.5;1.3265;1.2999;-25.5260;-25.0000;216;48;0.0440;-0.0671;0.0076;0.0518;-0.0176;-0.2275;0.3622
480.0;1.3255;1.2999;-25.5443;-25.0000;216;48;0.0929;-0.0656;0.0076;0.0538;-0.0176;-0.2275;0.3622
480.5;1.3237;1.2999;-25.5847;-25.0000;214;50;0.0244;-0.0598;0.0076;0.0577;-0.0166;-0.2275;0.3622
481.0;1.3214;1.2999;-25.5992;-25.0000;214;52;0.1124;-0.0554;0.0076;0.0596;-0.0166;-0.2275;0.3622
481.5;1.3201;1.2999;-25.5557;-25.0000;218;52;0.0342;-0.0524;0.0076;0.0547;-0.0166;-0.2275;0.3622
482.0;1.3187;1.2999;-25.5473;-25.0000;218;52;0.0244;-0.0481;0.0062;0.0538;-0.0156;-0.2275;0.3622
482.5;1.3173;1.2999;-25.4786;-25.0000;220;52;0.1026;-0.0451;0.0062;0.0469;-0.0156;-0.2275;0.3622
483.0;1.3155;1.2999;-25.5183;-25.0000;218;54;0.1124;-0.0407;0.0062;0.0508;-0.0156;-0.2275;0.3622
483.5;1.3141;1.2999;-25.4206;-25.0000;222;52;0.1026;-0.0363;0.0062;0.0411;-0.0156;-0.2275;0.3622
484.0;1.3123;1.2999;-25.4420;-25.0000;222;54;0.1026;-0.0319;0.0062;0.0440;-0.0156;-0.2275;0.3622
484.5;1.3104;1.2999;-25.4053;-25.0000;224;54;0.0244;-0.0275;0.0062;0.0401;-0.0147;-0.2275;0.3622
485.0;1.3082;1.2999;-25.3344;-25.0000;226;52;0.1026;-0.0217;0.0062;0.0332;-0.0147;-0.2275;0.3622
485.5;1.3054;1.2999;-25.4130;-25.0000;226;56;0.0244;-0.0144;0.0062;0.0411;-0.0147;-0.2275;0.3622
486.0;1.3031;1.2999;-25.3977;-25.0000;228;56;0.1026;-0.0085;0.0062;0.0391;-0.0147;-0.2275;0.3622
486.5;1.3017;1.2999;-25.4252;-25.0000;228;58;0.0244;-0.0056;0.0062;0.0420;-0.0147;-0.2275;0.3622
487.0;1.3004;1.2999;-25.3832;-25.0000;230;58;0.0244;-0.0012;0.0062;0.0381;-0.0137;-0.2275;0.3622
487.5;1.2990;1.2999;-25.3481;-25.0000;232;58;0.0244;0.0003;0.0062;0.0342;-0.0137;-0.2275;0.3622
488.0;1.2981;1.2999;-25.2588;-25.0000;234;58;0.0342;0.0032;0.0062;0.0254;-0.0137;-0.2275;0.3622
488.5;1.2972;1.2999;-25.2641;-25.0000;234;58;0.0831;0.0062;0.0062;0.0254;-0.0137;-0.2275;0.3622
489.0;1.2967;1.2999;-25.1954;-25.0000;236;56;0.0342;0.0076;0.0062;0.0186;-0.0137;-0.2275;0.3622
489.5;1.2962;1.2999;-25.0992;-25.0000;238;56;-0.0049;0.0091;0.0062;0.0098;-0.0137;-0.2275;0.3622
490.0;1.2944;1.2999;-25.1412;-25.0000;238;56;0.0147;0.0120;0.0062;0.0137;-0.0137;-0.2275;0.3622
490.5;1.2926;1.2999;-25.1160;-25.0000;239;56;0.0147;0.0179;0.0062;0.0108;-0.0137;-0.2275;0.3622
491.0;1.2917;1.2999;-25.0763;-25.0000;241;56;0.0147;0.0193;0.0062;0.0068;-0.0137;-0.2275;0.3622
491.5;1.2912;1.2999;-25.0641;-25.0000;243;56;0.0147;0.0208;0.0062;0.0059;-0.0137;-0.2275;0.3622
492.0;1.2912;1.2999;-25.0595;-25.0000;243;56;0.0147;0.0208;0.0062;0.0059;-0.0127;-0.2275;0.3622
492.5;1.2908;1.2999;-24.9557;-25.0000;245;54;0.1026;0.0223;0.0062;-0.0049;-0.0137;-0.2275;0.3622
493.0;1.2908;1.2999;-24.9450;-25.0000;245;54;-0.0049;0.0223;0.0062;-0.0059;-0.0137;-0.2275;0.3622
493.5;1.2912;1.2999;-24.8847;-25.0000;247;54;0.0147;0.0208;0.0062;-0.0117;-0.0137;-0.2275;0.3622
494.0;1.2917;1.2999;-24.8321;-25.0000;249;52;-0.0049;0.0193;0.0062;-0.0176;-0.0137;-0.2275;0.3622
494.5;1.2926;1.2999;-24.8626;-25.0000;249;52;0.0049;0.0164;0.0062;-0.0147;-0.0137;-0.2275;0.3622
495.0;1.2944;1.2999;-24.8351;-25.0000;249;52;0.0831;0.0135;0.0076;-0.0166;-0.0137;-0.2275;0.3622
495.5;1.2944;1.2999;-24.8275;-25.0000;247;50;0.0831;0.0135;0.0076;-0.0176;-0.0137;-0.2275;0.3622
496.0;1.2949;1.2999;-24.8481;-25.0000;247;50;0.0049;0.0120;0.0076;-0.0156;-0.0137;-0.2275;0.3622
496.5;1.2944;1.2999;-24.8924;-25.0000;245;52;0.0831;0.0120;0.0076;-0.0117;-0.0137;-0.2275;0.3622
497.0;1.2940;1.2999;-24.8588;-25.0000;247;52;0.0831;0.0135;0.0076;-0.0147;-0.0137;-0.2275;0.3622
497.5;1.2930;1.2999;-24.8893;-25.0000;247;52;0.0929;0.0164;0.0076;-0.0117;-0.0137;-0.2275;0.3622
498.0;1.2917;1.2999;-24.8504;-25.0000;247;52;-0.0049;0.0193;0.0076;-0.0156;-0.0137;-0.2275;0.3622
498.5;1.2903;1.2999;-24.8191;-25.0000;249;52;0.0147;0.0237;0.0076;-0.0186;-0.0137;-0.2275;0.3622
499.0;1.2894;1.2999;-24.9229;-25.0000;247;56;-0.0049;0.0252;0.0076;-0.0078;-0.0137;-0.2275;0.3622
499.5;1.2894;1.2999;-24.9473;-25.0000;247;56;0.0049;0.0252;0.0076;-0.0059;-0.0137;-0.2275;0.3622
500.0;1.2898;1.2999;-24.9450;-25.0000;247;56;0.0049;0.0237;0.0076;-0.0059;-0.0137;-0.2275;0.3622
500.5;1.2903;1.2999;-24.9542;-25.0000;247;56;0.0049;0.0223;0.0076;-0.0049;-0.0137;-0.2275;0.3622
501.0;1.2912;1.2999;-24.9779;-25.0000;247;56;0.0147;0.0208;0.0076;-0.0029;-0.0137;-0.2275;0.3622
501.5;1.2926;1.2999;-24.8817;-25.0000;249;54;-0.0733;0.0179;0.0076;-0.0127;-0.0147;-0.2275;0.3622
502.0;1.2935;1.2999;-24.9214;-25.0000;247;54;-0.0538;0.0149;0.0076;-0.0088;-0.0147;-0.2275;0.3622
502.5;1.2958;1.2999;-24.8603;-25.0000;249;50;-0.0929;0.0091;0.0076;-0.0147;-0.0147;-0.2275;0.3622
503.0;1.2981;1.2999;-24.7924;-24.9878;245;52;-0.0635;0.0032;0.0076;-0.0196;-0.0147;-0.2118;0.3622
503.5;1.3008;1.2999;-24.7977;-24.9626;241;54;-0.0929;-0.0026;0.0076;-0.0166;-0.0147;-0.2000;0.3622
504.0;1.3036;1.2999;-24.7977;-24.9252;238;56;-0.1515;-0.0100;0.0076;-0.0137;-0.0147;-0.1843;0.3622
504.5;1.3059;1.2999;-24.9328;-24.8756;228;62;0.0049;-0.0158;0.0076;0.0049;-0.0147;-0.1725;0.3622
505.0;1.3072;1.2999;-25.0107;-24.8130;220;67;0.0147;-0.0202;0.0076;0.0196;-0.0147;-0.1569;0.3622
505.5;1.3095;1.2999;-25.1145;-24.7382;212;75;-0.0635;-0.0246;0.0076;0.0371;-0.0147;-0.1412;0.3622
506.0;1.3118;1.2999;-25.0519;-24.6504;206;77;-0.0733;-0.0305;0.0076;0.0401;-0.0137;-0.1255;0.3622
506.5;1.3141;1.2999;-25.0496;-24.5504;200;81;-0.0342;-0.0363;0.0076;0.0499;-0.0137;-0.1137;0.3622
507.0;1.3159;1.2999;-24.9504;-24.4382;195;83;-0.0244;-0.0407;0.0076;0.0508;-0.0137;-0.0980;0.3622
507.5;1.3182;1.2999;-24.8405;-24.3130;191;87;-0.0733;-0.0466;0.0076;0.0518;-0.0137;-0.0824;0.3622
508.0;1.3205;1.2999;-24.7931;-24.1756;183;93;0.0831;-0.0524;0.0076;0.0616;-0.0127;-0.0667;0.3622
508.5;1.3233;1.2999;-24.6710;-24.0252;177;95;0.0049;-0.0598;0.0062;0.0645;-0.0127;-0.0510;0.3622
509.0;1.3255;1.2999;-24.5809;-23.8626;169;99;-0.0147;-0.0656;0.0062;0.0714;-0.0127;-0.0392;0.3622
509.5;1.3278;1.2999;-24.5160;-23.6878;161;105;0.0733;-0.0715;0.0062;0.0821;-0.0117;-0.0235;0.3622
510.0;1.3310;1.2999;-24.4389;-23.5000;153;109;-0.0147;-0.0788;0.0062;0.0929;-0.0117;-0.0078;0.3622
510.5;1.3329;1.2999;-24.2191;-23.3000;150;110;-0.0147;-0.0832;0.0062;0.0909;-0.0108;0.0078;0.3622
511.0;1.3356;1.2999;-24.0885;-23.0878;142;114;-0.0049;-0.0905;0.0047;0.0997;-0.0108;0.0235;0.3622
511.5;1.3365;1.2999;-23.7878;-22.8626;138;116;-0.0440;-0.0935;0.0047;0.0919;-0.0098;0.0392;0.3622
512.0;1.3375;1.2999;-23.5328;-22.6252;134;120;0.1124;-0.0949;0.0047;0.0899;-0.0098;0.0549;0.3622
512.5;1.3384;1.2999;-23.3977;-22.3756;126;126;0.0342;-0.0979;0.0047;0.1017;-0.0088;0.0745;0.3622
513.0;1.3388;1.2999;-23.1802;-22.1252;122;126;0.1711;-0.0979;0.0032;0.1046;-0.0088;0.0745;0.3622
513.5;1.3388;1.2999;-22.9740;-21.8756;120;128;0.0147;-0.0979;0.0032;0.1095;-0.0078;0.0784;0.3622
514.0;1.3384;1.2999;-22.6710;-21.6252;120;128;0.0831;-0.0964;0.0032;0.1036;-0.0078;0.0784;0.3622
514.5;1.3375;1.2999;-22.3924;-21.3756;120;128;0.0733;-0.0949;0.0032;0.1017;-0.0068;0.0824;0.3622
515.0;1.3375;1.2999;-21.9878;-21.1252;122;126;0.0635;-0.0949;0.0018;0.0860;-0.0068;0.0863;0.3622
515.5;1.3370;1.2999;-21.7122;-20.8756;122;126;0.1320;-0.0935;0.0018;0.0831;-0.0059;0.0863;0.3622
516.0;1.3352;1.2999;-21.3458;-20.6252;124;124;0.0538;-0.0891;0.0018;0.0714;-0.0059;0.0902;0.3622
516.5;1.3324;1.2999;-21.0275;-20.3756;124;126;0.1711;-0.0832;0.0018;0.0645;-0.0059;0.0902;0.3622
517.0;1.3301;1.2999;-20.7160;-20.1252;126;126;0.1124;-0.0759;0.0003;0.0587;-0.0049;0.0941;0.3622
517.5;1.3278;1.2999;-20.3427;-19.8756;128;126;0.0635;-0.0700;0.0003;0.0459;-0.0049;0.0980;0.3622
518.0;1.3255;1.2999;-20.0794;-19.6252;128;128;0.0733;-0.0656;0.0003;0.0450;-0.0049;0.0980;0.3622
518.5;1.3233;1.2999;-19.8198;-19.3756;130;130;0.0635;-0.0598;0.0003;0.0440;-0.0049;0.1020;0.3622
519.0;1.3219;1.2999;-19.5496;-19.1252;128;132;0.1320;-0.0568;0.0003;0.0420;-0.0039;0.1020;0.3622
519.5;1.3210;1.2999;-19.2458;-18.8756;130;132;0.1222;-0.0539;0.0003;0.0362;-0.0039;0.1059;0.3622
520.0;1.3205;1.2999;-18.9886;-18.6252;128;134;0.1124;-0.0524;-0.0012;0.0362;-0.0039;0.1098;0.3622
520.5;1.3196;1.2999;-18.6427;-18.3756;130;134;0.1808;-0.0510;-0.0012;0.0264;-0.0039;0.1098;0.3622
521.0;1.3191;1.2999;-18.3702;-18.1252;130;134;0.0929;-0.0495;-0.0012;0.0244;-0.0039;0.1137;0.3622
521.5;1.3182;1.2999;-18.0603;-17.8756;132;134;0.0831;-0.0466;-0.0012;0.0176;-0.0039;0.1137;0.3622
522.0;1.3178;1.2999;-17.7824;-17.6252;132;136;0.0733;-0.0451;-0.0012;0.0156;-0.0029;0.1176;0.3622
522.5;1.3159;1.2999;-17.4481;-17.3756;134;134;0.0538;-0.0422;-0.0012;0.0068;-0.0029;0.1216;0.3622
523.0;1.3136;1.2999;-17.1885;-17.1252;134;136;0.0538;-0.0349;-0.0012;0.0059;-0.0029;0.1216;0.3622
523.5;1.3127;1.2999;-16.8908;-16.8756;134;136;0.1124;-0.0334;-0.0012;0.0010;-0.0029;0.1255;0.3622
524.0;1.3127;1.2999;-16.5710;-16.6252;136;136;0.0244;-0.0319;-0.0026;-0.0059;-0.0029;0.1255;0.3622
524.5;1.3118;1.2999;-16.3756;-16.3756;134;140;0.1026;-0.0305;-0.0026;-0.0000;-0.0029;0.1294;0.3622
525.0;1.3109;1.2999;-16.0649;-16.1252;136;140;0.0244;-0.0290;-0.0026;-0.0068;-0.0029;0.1333;0.3622
525.5;1.3100;1.2999;-15.7931;-15.8756;134;140;0.0831;-0.0261;-0.0026;-0.0088;-0.0039;0.1333;0.3622
526.0;1.3091;1.2999;-15.5305;-15.6252;134;142;0.0538;-0.0246;-0.0026;-0.0098;-0.0039;0.1373;0.3622
526.5;1.3077;1.2999;-15.2244;-15.3756;136;142;0.0733;-0.0202;-0.0026;-0.0156;-0.0039;0.1373;0.3622
527.0;1.3063;1.2999;-14.9672;-15.1252;136;142;0.0342;-0.0173;-0.0026;-0.0166;-0.0039;0.1412;0.3622
527.5;1.3054;1.2999;-14.6840;-14.8756;136;144;0.0440;-0.0144;-0.0026;-0.0196;-0.0039;0.1451;0.3622
528.0;1.3045;1.2999;-14.3992;-14.6252;136;144;0.1124;-0.0129;-0.0026;-0.0235;-0.0039;0.1451;0.3622
528.5;1.3036;1.2999;-14.1435;-14.3756;136;146;0.0244;-0.0100;-0.0026;-0.0235;-0.0039;0.1490;0.3622
529.0;1.3031;1.2999;-13.8947;-14.1252;136;148;0.0929;-0.0100;-0.0026;-0.0235;-0.0039;0.1490;0.3622
529.5;1.3027;1.2999;-13.5672;-13.8756;136;146;-0.0049;-0.0070;-0.0026;-0.0313;-0.0039;0.1529;0.3622
530.0;1.3008;1.2999;-13.3275;-13.6252;136;148;0.0831;-0.0026;-0.0026;-0.0303;-0.0039;0.1569;0.3622
530.5;1.2999;1.2999;-13.0855;-13.3756;136;150;0.0538;-0.0012;-0.0026;-0.0293;-0.0049;0.1569;0.3622
531.0;1.2990;1.2999;-12.7664;-13.1252;138;150;-0.0244;0.0018;-0.0026;-0.0362;-0.0049;0.1608;0.3622
531.5;1.2990;1.2999;-12.4847;-12.8756;138;150;0.1124;0.0003;-0.0026;-0.0391;-0.0049;0.1608;0.3622
532.0;1.2990;1.2999;-12.2809;-12.6252;136;152;-0.0440;0.0018;-0.0026;-0.0352;-0.0049;0.1647;0.3622
532.5;1.2985;1.2999;-12.0084;-12.3756;136;152;-0.0538;0.0032;-0.0026;-0.0371;-0.0049;0.1686;0.3622
533.0;1.2976;1.2999;-11.7473;-12.1252;136;153;0.1711;0.0047;-0.0026;-0.0381;-0.0059;0.1686;0.3622
533.5;1.2967;1.2999;-11.5763;-11.8756;132;155;0.0831;0.0062;-0.0026;-0.0303;-0.0059;0.1725;0.3622
534.0;1.2958;1.2999;-11.2809;-11.6252;134;155;0.0733;0.0091;-0.0026;-0.0352;-0.0059;0.1725;0.3622
534.5;1.2944;1.2999;-11.0702;-11.3756;132;159;-0.0049;0.0120;-0.0026;-0.0313;-0.0059;0.1765;0.3622
535.0;1.2935;1.2999;-10.8221;-11.1252;132;161;0.0635;0.0149;-0.0026;-0.0303;-0.0059;0.1804;0.3622
535.5;1.2930;1.2999;-10.5672;-10.8756;132;163;0.1320;0.0164;-0.0026;-0.0313;-0.0059;0.1804;0.3622
536.0;1.2921;1.2999;-10.3313;-10.6252;130;165;-0.0342;0.0179;-0.0026;-0.0303;-0.0068;0.1843;0.3622
536.5;1.2917;1.2999;-10.0550;-10.3756;130;165;0.0342;0.0193;-0.0026;-0.0323;-0.0068;0.1843;0.3622
537.0;1.2908;1.2999;-9.7603;-10.1252;132;165;0.0244;0.0223;-0.0026;-0.0371;-0.0068;0.1882;0.3622
537.5;1.2894;1.2999;-9.4832;-9.8756;132;165;0.0147;0.0252;-0.0026;-0.0401;-0.0068;0.1922;0.3622
538.0;1.2880;1.2999;-9.2687;-9.6252;130;167;0.0831;0.0296;-0.0026;-0.0362;-0.0068;0.1922;0.3622
538.5;1.2857;1.2999;-8.9389;-9.3756;132;167;0.0733;0.0355;-0.0012;-0.0440;-0.0068;0.1961;0.3622
539.0;1.2834;1.2999;-8.6939;-9.1252;132;171;0.0635;0.0398;-0.0012;-0.0440;-0.0078;0.1961;0.3622
539.5;1.2816;1.2999;-8.4397;-8.8756;134;171;-0.0147;0.0442;-0.0012;-0.0440;-0.0078;0.2000;0.3622
540.0;1.2811;1.2999;-8.1550;-8.6252;134;173;0.0440;0.0457;-0.0012;-0.0479;-0.0078;0.2039;0.3622
540.5;1.2807;1.2999;-7.9298;-8.3756;132;175;0.0440;0.0472;-0.0012;-0.0450;-0.0078;0.2039;0.3622
541.0;1.2816;1.2999;-7.7298;-8.1252;130;177;0.0244;0.0457;-0.0012;-0.0401;-0.0088;0.2078;0.3622
541.5;1.2825;1.2999;-7.4473;-7.8756;130;177;0.0244;0.0428;-0.0012;-0.0430;-0.0088;0.2078;0.3622
542.0;1.2834;1.2999;-7.2038;-7.6252;128;179;0.0147;0.0398;-0.0012;-0.0430;-0.0088;0.2118;0.3622
542.5;1.2843;1.2999;-6.9580;-7.3756;128;179;0.0049;0.0384;0.0003;-0.0420;-0.0088;0.2118;0.3622
543.0;1.2853;1.2999;-6.6687;-7.1252;128;179;-0.0049;0.0355;0.0003;-0.0459;-0.0088;0.2157;0.3622
543.5;1.2853;1.2999;-6.5130;-6.8756;124;181;0.0635;0.0355;0.0003;-0.0371;-0.0098;0.2196;0.3622
544.0;1.2853;1.2999;-6.3313;-6.6252;122;183;-0.0147;0.0355;0.0003;-0.0303;-0.0098;0.2196;0.3622
544.5;1.2857;1.2999;-6.0573;-6.3756;122;183;-0.0342;0.0340;0.0003;-0.0323;-0.0098;0.2235;0.3622
545.0;1.2875;1.2999;-5.8534;-6.1252;120;185;-0.0342;0.0296;0.0003;-0.0274;-0.0098;0.2235;0.3622
545.5;1.2894;1.2999;-5.6573;-5.8756;116;187;-0.0440;0.0252;0.0003;-0.0225;-0.0098;0.2275;0.3622
546.0;1.2912;1.2999;-5.4481;-5.6252;114;187;-0.0538;0.0208;0.0003;-0.0186;-0.0098;0.2314;0.3622
546.5;1.2926;1.2999;-5.2542;-5.3756;112;189;-0.0538;0.0164;0.0003;-0.0127;-0.0098;0.2314;0.3622
547.0;1.2949;1.2999;-5.0748;-5.1252;109;191;0.0147;0.0120;0.0003;-0.0059;-0.0098;0.2353;0.3622
547.5;1.2962;1.2999;-4.7947;-4.8756;109;189;-0.0733;0.0076;0.0003;-0.0088;-0.0098;0.2353;0.3622
548.0;1.2981;1.2999;-4.6023;-4.6252;105;191;0.0733;0.0047;0.0003;-0.0029;-0.0098;0.2392;0.3622
548.5;1.2999;1.2999;-4.3679;-4.3756;103;191;-0.0049;-0.0012;0.0003;-0.0010;-0.0098;0.2431;0.3622
549.0;1.3013;1.2999;-4.0931;-4.1252;103;191;-0.0147;-0.0041;0.0003;-0.0039;-0.0098;0.2431;0.3622
549.5;1.3022;1.2999;-3.9229;-3.8756;99;193;-0.0244;-0.0056;0.0003;0.0039;-0.0098;0.2471;0.3622
550.0;1.3031;1.2999;-3.6733;-3.6252;97;193;-0.0342;-0.0100;0.0003;0.0039;-0.0098;0.2471;0.3622
550.5;1.3045;1.2999;-3.4221;-3.3756;95;193;0.0342;-0.0129;0.0003;0.0039;-0.0098;0.2510;0.3622
551.0;1.3049;1.2999;-3.1939;-3.1252;93;193;0.0244;-0.0144;0.0003;0.0068;-0.0098;0.2549;0.3622
551.5;1.3049;1.2999;-2.9550;-2.8756;93;195;-0.0538;-0.0129;0.0003;0.0078;-0.0098;0.2549;0.3622
552.0;1.3040;1.2999;-2.6672;-2.6252;93;193;-0.0635;-0.0114;0.0003;0.0039;-0.0098;0.2588;0.3622
552.5;1.3031;1.2999;-2.4214;-2.3756;91;195;0.0049;-0.0100;0.0003;0.0039;-0.0098;0.2588;0.3622
553.0;1.3027;1.2999;-2.1710;-2.1382;95;193;-0.0831;-0.0085;0.0003;0.0029;-0.0098;0.2510;0.3622
553.5;1.3017;1.2999;-1.8641;-1.9130;99;189;-0.0147;-0.0056;0.0003;-0.0049;-0.0098;0.2392;0.3622
554.0;1.3008;1.2999;-1.6847;-1.7000;101;189;0.0538;-0.0041;0.0003;-0.0020;-0.0098;0.2275;0.3622
554.5;1.3004;1.2999;-1.4649;-1.5000;105;185;-0.0342;-0.0026;0.0003;-0.0039;-0.0098;0.2157;0.3622
555.0;1.2999;1.2999;-1.2084;-1.3130;107;181;0.0342;-0.0012;0.0003;-0.0108;-0.0098;0.2000;0.3622
555.5;1.2981;1.2999;-1.0565;-1.1382;110;179;0.0342;0.0032;0.0003;-0.0088;-0.0098;0.1882;0.3622
556.0;1.2976;1.2999;-0.9176;-0.9756;112;179;-0.0538;0.0047;0.0003;-0.0059;-0.0098;0.1765;0.3622
556.5;1.2967;1.2999;-0.7069;-0.8252;116;175;-0.0538;0.0076;0.0003;-0.0127;-0.0098;0.1647;0.3622
557.0;1.2962;1.2999;-0.5450;-0.6878;120;173;0.0929;0.0076;0.0003;-0.0147;-0.0108;0.1529;0.3622
557.5;1.2962;1.2999;-0.3557;-0.5626;124;167;-0.0733;0.0076;0.0003;-0.0215;-0.0108;0.1412;0.3622
558.0;1.2958;1.2999;-0.1756;-0.4504;128;163;0.0049;0.0091;0.0003;-0.0283;-0.0108;0.1294;0.3622
558.5;1.2953;1.2999;-0.0191;-0.3504;134;159;-0.0049;0.0105;0.0003;-0.0332;-0.0108;0.1137;0.3622
559.0;1.2949;1.2999;0.1542;-0.2626;138;155;-0.0147;0.0120;0.0003;-0.0420;-0.0108;0.1020;0.3622
559.5;1.2935;1.2999;0.3695;-0.1878;144;150;0.0635;0.0149;0.0003;-0.0567;-0.0108;0.0902;0.3622
560.0;1.2926;1.2999;0.4802;-0.1252;150;148;-0.0244;0.0179;0.0003;-0.0606;-0.0117;0.0745;0.3622
560.5;1.2912;1.2999;0.6107;-0.0756;153;144;-0.0244;0.0208;0.0003;-0.0694;-0.0117;0.0627;0.3622
561.0;1.2903;1.2999;0.6702;-0.0382;157;140;-0.0244;0.0237;0.0003;-0.0714;-0.0127;0.0471;0.3622
561.5;1.2889;1.2999;0.6191;-0.0130;159;140;0.1320;0.0267;0.0003;-0.0635;-0.0127;0.0353;0.3622
562.0;1.2880;1.2999;0.5053;0.0000;159;140;-0.0244;0.0281;0.0018;-0.0508;-0.0127;0.0235;0.3622
562.5;1.2866;1.2999;0.5137;0.0000;163;138;-0.0244;0.0325;0.0018;-0.0518;-0.0127;0.0078;0.3622
563.0;1.2853;1.2999;0.4664;0.0000;163;140;-0.0244;0.0355;0.0018;-0.0469;-0.0137;0.0078;0.3622
563.5;1.2839;1.2999;0.4038;0.0000;163;142;0.0733;0.0398;0.0018;-0.0411;-0.0137;0.0078;0.3622
564.0;1.2821;1.2999;0.4221;0.0000;163;144;-0.0244;0.0428;0.0018;-0.0430;-0.0137;0.0078;0.3622
564.5;1.2811;1.2999;0.3359;0.0000;163;146;-0.0147;0.0457;0.0018;-0.0342;-0.0137;0.0078;0.3622
565.0;1.2798;1.2999;0.3740;0.0000;163;146;-0.0147;0.0486;0.0018;-0.0381;-0.0137;0.0078;0.3622
565.5;1.2788;1.2999;0.2931;0.0000;163;148;-0.0147;0.0516;0.0018;-0.0303;-0.0147;0.0078;0.3622
566.0;1.2779;1.2999;0.2344;0.0000;161;150;-0.0147;0.0545;0.0032;-0.0235;-0.0147;0.0078;0.3622
566.5;1.2775;1.2999;0.0137;0.0000;157;155;0.0733;0.0545;0.0032;-0.0020;-0.0147;0.0078;0.3622
567.0;1.2779;1.2999;-0.0870;0.0000;155;159;0.0733;0.0545;0.0032;0.0078;-0.0147;0.0078;0.3622
567.5;1.2784;1.2999;-0.2466;0.0000;152;161;-0.0733;0.0530;0.0032;0.0244;-0.0137;0.0078;0.3622
568.0;1.2784;1.2999;-0.2603;0.0000;152;161;0.0049;0.0516;0.0032;0.0254;-0.0137;0.0078;0.3622
568.5;1.2784;1.2999;-0.2985;0.0000;150;163;0.0049;0.0530;0.0032;0.0293;-0.0137;0.0078;0.3622
569.0;1.2788;1.2999;-0.4618;0.0000;148;165;-0.0635;0.0516;0.0032;0.0459;-0.0137;0.0078;0.3622
569.5;1.2793;1.2999;-0.5290;0.0000;146;167;-0.0635;0.0501;0.0047;0.0528;-0.0137;0.0078;0.3622
570.0;1.2798;1.2999;-0.6206;0.0000;142;169;0.1711;0.0486;0.0047;0.0616;-0.0127;0.0078;0.3622
570.5;1.2802;1.2999;-0.5618;0.0000;146;169;-0.0635;0.0486;0.0047;0.0557;-0.0127;0.0078;0.3622
571.0;1.2802;1.2999;-0.4977;0.0000;146;167;0.0147;0.0472;0.0047;0.0489;-0.0127;0.0078;0.3622
571.5;1.2816;1.2999;-0.3832;0.0000;148;165;0.0049;0.0442;0.0047;0.0381;-0.0127;0.0078;0.3622
572.0;1.2821;1.2999;-0.4649;0.0000;146;165;0.0929;0.0428;0.0047;0.0459;-0.0117;0.0078;0.3622
572.5;1.2816;1.2999;-0.4977;0.0000;144;167;0.0147;0.0442;0.0047;0.0489;-0.0117;0.0078;0.3622
573.0;1.2816;1.2999;-0.5321;0.0000;144;167;0.0929;0.0442;0.0047;0.0528;-0.0117;0.0078;0.3622
573.5;1.2811;1.2999;-0.5641;0.0000;142;169;0.0147;0.0457;0.0062;0.0557;-0.0117;0.0078;0.3622
574.0;1.2816;1.2999;-0.4802;0.0000;146;167;0.0147;0.0442;0.0062;0.0479;-0.0108;0.0078;0.3622
574.5;1.2816;1.2999;-0.4275;0.0000;148;167;0.0147;0.0457;0.0062;0.0420;-0.0108;0.0078;0.3622
575.0;1.2816;1.2999;-0.4046;0.0000;148;165;0.0831;0.0442;0.0062;0.0401;-0.0108;0.0078;0.3622
575.5;1.2816;1.2999;-0.3695;0.0000;148;165;-0.0733;0.0442;0.0062;0.0362;-0.0108;0.0078;0.3622
576.0;1.2811;1.2999;-0.3122;0.0000;148;163;0.0049;0.0457;0.0062;0.0303;-0.0108;0.0078;0.3622
576.5;1.2807;1.2999;-0.3382;0.0000;148;165;0.0049;0.0472;0.0062;0.0332;-0.0098;0.0078;0.3622
577.0;1.2802;1.2999;-0.3313;0.0000;148;165;0.0049;0.0472;0.0062;0.0323;-0.0098;0.0078;0.3622
577.5;1.2798;1.2999;-0.3252;0.0000;150;165;0.0049;0.0501;0.0076;0.0323;-0.0098;0.0078;0.3622
578.0;1.2793;1.2999;-0.3458;0.0000;148;167;0.0831;0.0501;0.0076;0.0342;-0.0098;0.0078;0.3622
578.5;1.2788;1.2999;-0.2985;0.0000;152;169;0.0049;0.0516;0.0076;0.0293;-0.0098;0.0078;0.3701
579.0;1.2788;1.3004;-0.2473;0.0000;155;169;-0.0733;0.0530;0.0076;0.0244;-0.0098;0.0078;0.3780
579.5;1.2788;1.3008;-0.2832;0.0000;157;175;0.0831;0.0530;0.0076;0.0274;-0.0088;0.0078;0.3937
580.0;1.2793;1.3013;-0.2550;0.0000;161;177;0.0831;0.0545;0.0076;0.0254;-0.0088;0.0078;0.4016
580.5;1.2788;1.3022;-0.2137;0.0000;165;179;0.0049;0.0574;0.0076;0.0205;-0.0088;0.0078;0.4094
581.0;1.2798;1.3031;-0.2313;0.0000;167;183;0.0049;0.0574;0.0091;0.0225;-0.0088;0.0078;0.4252
581.5;1.2807;1.3040;-0.1672;0.0000;171;185;0.0831;0.0574;0.0091;0.0166;-0.0088;0.0078;0.4331
582.0;1.2821;1.3054;-0.1374;0.0000;175;187;0.0733;0.0574;0.0091;0.0127;-0.0088;0.0078;0.4409
582.5;1.2830;1.3068;-0.1771;0.0000;177;189;0.0049;0.0589;0.0091;0.0176;-0.0088;0.0078;0.4567
583.0;1.2839;1.3082;-0.1504;0.0000;181;193;0.0831;0.0604;0.0091;0.0147;-0.0088;0.0078;0.4646
583.5;1.2848;1.3100;-0.0962;0.0000;185;193;-0.0049;0.0618;0.0091;0.0088;-0.0088;0.0078;0.4724
584.0;1.2857;1.3118;-0.1221;0.0000;189;196;-0.0831;0.0648;0.0105;0.0117;-0.0088;0.0078;0.4882
584.5;1.2871;1.3141;-0.0908;0.0000;193;200;0.0733;0.0662;0.0105;0.0088;-0.0088;0.0078;0.4961
585.0;1.2889;1.3164;-0.1000;0.0000;195;204;0.1515;0.0677;0.0105;0.0098;-0.0088;0.0078;0.5039
585.5;1.2908;1.3187;-0.1412;0.0000;196;206;0.0049;0.0691;0.0105;0.0137;-0.0078;0.0078;0.5197
586.0;1.2926;1.3210;-0.1366;0.0000;200;210;-0.0049;0.0706;0.0105;0.0127;-0.0078;0.0078;0.5276
586.5;1.2953;1.3237;-0.1557;0.0000;202;214;0.0831;0.0706;0.0120;0.0147;-0.0078;0.0078;0.5354
587.0;1.2981;1.3265;-0.2634;0.0000;202;222;0.0049;0.0706;0.0120;0.0254;-0.0078;0.0078;0.5512
587.5;1.3004;1.3297;-0.3275;0.0000;204;226;0.0049;0.0721;0.0120;0.0323;-0.0078;0.0078;0.5591
588.0;1.3027;1.3324;-0.3427;0.0000;208;228;-0.0733;0.0735;0.0120;0.0332;-0.0078;0.0078;0.5669
588.5;1.3059;1.3361;-0.4641;0.0000;208;236;0.0929;0.0750;0.0120;0.0459;-0.0078;0.0078;0.5827
589.0;1.3091;1.3393;-0.4595;0.0000;210;238;0.0929;0.0750;0.0135;0.0459;-0.0068;0.0078;0.5906
589.5;1.3127;1.3429;-0.4634;0.0000;214;241;0.0147;0.0735;0.0135;0.0459;-0.0068;0.0078;0.6063
590.0;1.3168;1.3466;-0.5137;0.0000;216;245;0.0929;0.0735;0.0135;0.0508;-0.0068;0.0078;0.6142
590.5;1.3205;1.3507;-0.4870;0.0000;220;249;0.0929;0.0750;0.0135;0.0479;-0.0068;0.0078;0.6220
591.0;1.3237;1.3544;-0.4855;0.0000;224;251;0.0147;0.0765;0.0135;0.0479;-0.0059;0.0078;0.6378
591.5;1.3269;1.3590;-0.5000;0.0000;228;255;-0.0635;0.0794;0.0149;0.0499;-0.0059;0.0078;0.6457
592.0;1.3306;1.3631;-0.5038;0.0000;230;261;0.0147;0.0809;0.0149;0.0499;-0.0059;0.0078;0.6535
592.5;1.3342;1.3677;-0.4794;0.0000;234;263;0.0929;0.0838;0.0149;0.0469;-0.0059;0.0078;0.6693
593.0;1.3388;1.3723;-0.5122;0.0000;238;269;0.0147;0.0838;0.0149;0.0508;-0.0049;0.0078;0.6772
593.5;1.3434;1.3773;-0.5336;0.0000;241;273;0.0147;0.0838;0.0164;0.0528;-0.0049;0.0078;0.6929
594.0;1.3489;1.3823;-0.4977;0.0000;245;275;-0.0635;0.0823;0.0164;0.0489;-0.0049;0.0078;0.7008
594.5;1.3549;1.3874;-0.5954;0.0000;245;279;0.0147;0.0809;0.0164;0.0587;-0.0049;0.0078;0.7087
595.0;1.3603;1.3929;-0.5557;0.0000;249;281;0.0147;0.0794;0.0164;0.0547;-0.0039;0.0078;0.7244
595.5;1.3663;1.3984;-0.5305;0.0000;253;284;0.0147;0.0794;0.0164;0.0528;-0.0039;0.0078;0.7323
596.0;1.3723;1.4038;-0.5466;0.0000;257;286;-0.1417;0.0779;0.0179;0.0538;-0.0039;0.0078;0.7480
596.5;1.3782;1.4098;-0.4901;0.0000;263;290;-0.0635;0.0779;0.0179;0.0489;-0.0029;0.0078;0.7559
597.0;1.3842;1.4158;-0.4603;0.0000;267;292;0.0147;0.0779;0.0179;0.0459;-0.0029;0.0078;0.7638
597.5;1.3906;1.4217;-0.3962;0.0000;271;294;0.0831;0.0779;0.0179;0.0391;-0.0029;0.0078;0.7795
598.0;1.3956;1.4281;-0.3168;0.0000;277;294;0.0049;0.0794;0.0193;0.0313;-0.0029;0.0078;0.7874
598.5;1.4016;1.4345;-0.2740;0.0000;281;296;0.0049;0.0823;0.0193;0.0274;-0.0029;0.0078;0.8031
599.0;1.4084;1.4409;-0.3504;0.0000;283;302;0.0049;0.0809;0.0193;0.0342;-0.0029;0.0078;0.8110
599.5;1.4158;1.4478;-0.3305;0.0000;286;306;-0.0733;0.0794;0.0193;0.0323;-0.0020;0.0078;0.8268
600.0;1.4240;1.4547;-0.3527;0.0000;290;312;0.0049;0.0750;0.0193;0.0352;-0.0020;0.0078;0.8346
600.5;1.4322;1.4615;-0.4305;0.0000;290;316;0.0147;0.0721;0.0208;0.0430;-0.0020;0.0078;0.8425
601.0;1.4405;1.4689;-0.4382;0.0000;294;318;-0.0635;0.0706;0.0208;0.0430;-0.0020;0.0078;0.8583
601.5;1.4492;1.4757;-0.4573;0.0000;290;316;0.0147;0.0662;0.0208;0.0450;-0.0020;0.0078;0.8504
602.0;1.4574;1.4826;-0.5511;0.0000;286;316;-0.0635;0.0618;0.0208;0.0547;-0.0010;0.0078;0.8425
602.5;1.4670;1.4895;-0.5397;0.0000;284;314;-0.0635;0.0560;0.0208;0.0538;-0.0010;0.0078;0.8268
603.0;1.4766;1.4959;-0.5427;0.0000;281;310;-0.0635;0.0472;0.0208;0.0538;-0.0010;0.0078;0.8189
603.5;1.4863;1.5023;-0.5664;0.0000;277;308;0.0147;0.0398;0.0223;0.0557;-0.0000;0.0078;0.8110
604.0;1.4959;1.5087;-0.4901;0.0000;275;300;-0.0635;0.0311;0.0223;0.0489;-0.0000;0.0078;0.8031
604.5;1.5046;1.5147;-0.4519;0.0000;271;294;-0.1417;0.0237;0.0223;0.0450;-0.0000;0.0078;0.7953
605.0;1.5128;1.5206;-0.4214;0.0000;269;288;-0.1417;0.0179;0.0223;0.0420;-0.0000;0.0078;0.7795
605.5;1.5211;1.5266;-0.4168;0.0000;265;284;-0.1515;0.0120;0.0223;0.0411;0.0010;0.0078;0.7717
606.0;1.5284;1.5321;-0.4305;0.0000;261;281;-0.0635;0.0076;0.0223;0.0430;0.0010;0.0078;0.7638
606.5;1.5357;1.5375;-0.5046;0.0000;255;281;0.0147;0.0032;0.0223;0.0499;0.0010;0.0078;0.7559
607.0;1.5430;1.5426;-0.4794;0.0000;253;277;-0.0635;-0.0012;0.0223;0.0479;0.0010;0.0078;0.7480
607.5;1.5508;1.5481;-0.5321;0.0000;249;275;-0.0635;-0.0085;0.0223;0.0528;0.0020;0.0078;0.7323
608.0;1.5582;1.5531;-0.5954;0.0000;243;273;-0.0635;-0.0144;0.0223;0.0587;0.0020;0.0078;0.7244
608.5;1.5655;1.5577;-0.5565;0.0000;239;267;-0.0635;-0.0202;0.0223;0.0547;0.0020;0.0078;0.7165
609.0;1.5719;1.5623;-0.5649;0.0000;236;263;0.0147;-0.0246;0.0223;0.0557;0.0020;0.0078;0.7087
609.5;1.5778;1.5668;-0.5794;0.0000;232;261;0.0147;-0.0275;0.0223;0.0577;0.0029;0.0078;0.6929
610.0;1.5820;1.5714;-0.4931;0.0000;230;255;-0.0635;-0.0275;0.0208;0.0489;0.0029;0.0078;0.6850
610.5;1.5856;1.5755;-0.4382;0.0000;230;251;0.0147;-0.0261;0.0208;0.0430;0.0029;0.0078;0.6772
611.0;1.5888;1.5797;-0.4061;0.0000;228;247;-0.0733;-0.0246;0.0208;0.0401;0.0029;0.0078;0.6693
611.5;1.5929;1.5833;-0.3336;0.0000;228;243;-0.0733;-0.0246;0.0208;0.0332;0.0039;0.0078;0.6535
612.0;1.5966;1.5875;-0.3092;0.0000;226;241;0.0049;-0.0246;0.0208;0.0303;0.0039;0.0078;0.6457
612.5;1.5998;1.5907;-0.3519;0.0000;222;239;-0.0733;-0.0231;0.0208;0.0342;0.0039;0.0078;0.6378
613.0;1.6030;1.5943;-0.3145;0.0000;220;236;-0.0733;-0.0231;0.0208;0.0313;0.0039;0.0078;0.6299
613.5;1.6058;1.5975;-0.3023;0.0000;218;234;0.0049;-0.0217;0.0208;0.0293;0.0039;0.0078;0.6142
614.0;1.6081;1.6007;-0.3275;0.0000;214;232;0.0049;-0.0188;0.0208;0.0323;0.0039;0.0078;0.6063
614.5;1.6099;1.6035;-0.2351;0.0000;214;228;0.0049;-0.0158;0.0208;0.0235;0.0039;0.0078;0.5984
615.0;1.6117;1.6067;-0.1908;0.0000;212;226;0.0049;-0.0144;0.0208;0.0186;0.0049;0.0078;0.5906
615.5;1.6136;1.6090;-0.1290;0.0000;212;222;-0.0049;-0.0114;0.0208;0.0127;0.0049;0.0078;0.5748
616.0;1.6145;1.6117;-0.1023;0.0000;210;220;-0.0831;-0.0085;0.0208;0.0098;0.0049;0.0078;0.5669
616.5;1.6154;1.6140;-0.0626;0.0000;210;218;-0.0049;-0.0041;0.0208;0.0059;0.0049;0.0078;0.5591
617.0;1.6172;1.6163;-0.1328;0.0000;206;216;-0.0049;-0.0026;0.0208;0.0127;0.0049;0.0078;0.5512
617.5;1.6186;1.6181;-0.0931;0.0000;204;214;-0.0049;-0.0012;0.0208;0.0088;0.0049;0.0078;0.5354
618.0;1.6200;1.6200;-0.1214;0.0000;202;212;0.0733;-0.0012;0.0208;0.0117;0.0049;0.0078;0.5276
618.5;1.6227;1.6218;-0.0969;0.0000;200;208;-0.0049;-0.0026;0.0208;0.0088;0.0049;0.0078;0.5197
619.0;1.6245;1.6232;-0.0740;0.0000;198;206;-0.0831;-0.0041;0.0208;0.0068;0.0049;0.0078;0.5118
619.5;1.6264;1.6250;-0.1328;0.0000;195;204;-0.0049;-0.0041;0.0208;0.0127;0.0049;0.0078;0.4961
620.0;1.6282;1.6259;-0.1130;0.0000;193;202;-0.0049;-0.0056;0.0208;0.0108;0.0049;0.0078;0.4882
620.5;1.6287;1.6273;-0.1427;0.0000;189;198;0.0049;-0.0041;0.0208;0.0137;0.0049;0.0078;0.4803
621.0;1.6300;1.6282;-0.2084;0.0000;185;198;0.0049;-0.0056;0.0208;0.0205;0.0049;0.0078;0.4646
621.5;1.6319;1.6287;-0.4305;0.0000;177;200;0.0147;-0.0085;0.0208;0.0430;0.0059;0.0078;0.4567
622.0;1.6328;1.6296;-0.4878;0.0000;171;200;-0.0635;-0.0100;0.0208;0.0479;0.0059;0.0078;0.4488
622.5;1.6337;1.6300;-0.5618;0.0000;165;198;0.0929;-0.0100;0.0208;0.0557;0.0059;0.0078;0.4331
623.0;1.6346;1.6300;-0.6176;0.0000;161;198;0.0929;-0.0114;0.0208;0.0616;0.0059;0.0078;0.4252
623.5;1.6346;1.6305;-0.5397;0.0000;161;195;0.0147;-0.0114;0.0208;0.0538;0.0068;0.0078;0.4173
624.0;1.6355;1.6305;-0.5557;0.0000;157;193;0.0147;-0.0144;0.0208;0.0547;0.0068;0.0078;0.4094
624.5;1.6360;1.6300;-0.5481;0.0000;155;191;0.0929;-0.0158;0.0208;0.0538;0.0068;0.0078;0.4016
625.0;1.6369;1.6300;-0.4962;0.0000;153;187;0.0147;-0.0173;0.0208;0.0489;0.0068;0.0078;0.3937
625.5;1.6364;1.6296;-0.4649;0.0000;153;183;0.0147;-0.0173;0.0193;0.0459;0.0078;0.0078;0.3858
626.0;1.6364;1.6287;-0.5313;0.0000;150;183;0.0147;-0.0202;0.0193;0.0528;0.0078;0.0078;0.3780
626.5;1.6374;1.6282;-0.5023;0.0000;148;179;0.0147;-0.0246;0.0193;0.0499;0.0078;0.0078;0.3701
627.0;1.6378;1.6273;-0.5679;0.0000;144;179;0.0929;-0.0275;0.0193;0.0567;0.0088;0.0078;0.3622
627.5;1.6387;1.6259;-0.5336;0.0000;142;175;0.0147;-0.0319;0.0193;0.0528;0.0088;0.0078;0.3543
628.0;1.6392;1.6250;-0.4863;0.0000;138;171;0.0147;-0.0363;0.0193;0.0479;0.0088;0.0078;0.3465
628.5;1.6392;1.6232;-0.3939;0.0000;138;165;0.0831;-0.0407;0.0193;0.0391;0.0088;0.0078;0.3386
629.0;1.6387;1.6218;-0.3237;0.0000;136;161;0.0049;-0.0422;0.0193;0.0323;0.0088;0.0078;0.3228
629.5;1.6374;1.6200;-0.2313;0.0000;136;157;0.0831;-0.0437;0.0193;0.0225;0.0098;0.0078;0.3150
630.0;1.6360;1.6181;-0.1481;0.0000;136;153;0.0049;-0.0451;0.0193;0.0147;0.0098;0.0078;0.3071
630.5;1.6342;1.6163;-0.1168;0.0000;134;150;0.0733;-0.0466;0.0193;0.0108;0.0098;0.0078;0.2992
631.0;1.6328;1.6140;0.0084;0.0000;134;146;0.0733;-0.0481;0.0179;-0.0010;0.0098;0.0078;0.2913
631.5;1.6310;1.6117;0.0038;0.0000;132;144;0.0733;-0.0495;0.0179;-0.0010;0.0098;0.0078;0.2835
632.0;1.6296;1.6090;0.0504;0.0000;128;140;0.0733;-0.0510;0.0179;-0.0059;0.0098;0.0078;0.2756
632.5;1.6287;1.6067;0.1176;0.0000;128;134;-0.0049;-0.0554;0.0179;-0.0127;0.0098;0.0078;0.2677
633.0;1.6268;1.6035;0.0969;0.0000;124;132;0.0733;-0.0583;0.0179;-0.0098;0.0098;0.0078;0.2598
633.5;1.6255;1.6007;0.0557;0.0000;120;132;0.0733;-0.0627;0.0179;-0.0059;0.0088;0.0078;0.2520
634.0;1.6236;1.5975;0.1221;0.0000;118;126;0.0733;-0.0656;0.0164;-0.0127;0.0088;0.0078;0.2441
634.5;1.6209;1.5943;0.0931;0.0000;114;124;0.1515;-0.0671;0.0164;-0.0098;0.0088;0.0078;0.2362
635.0;1.6186;1.5907;0.0519;0.0000;110;124;0.0733;-0.0700;0.0164;-0.0059;0.0088;0.0078;0.2283
635.5;1.6163;1.5875;0.0687;0.0000;109;120;0.0733;-0.0730;0.0164;-0.0078;0.0088;0.0078;0.2205
636.0;1.6131;1.5833;0.0580;0.0000;105;118;0.0733;-0.0744;0.0164;-0.0059;0.0088;0.0078;0.2126
636.5;1.6103;1.5797;0.0351;0.0000;103;116;0.0733;-0.0774;0.0149;-0.0039;0.0088;0.0078;0.2047
637.0;1.6067;1.5755;0.0534;0.0000;101;112;-0.0049;-0.0788;0.0149;-0.0059;0.0088;0.0078;0.1969
637.5;1.6035;1.5714;0.0328;0.0000;97;110;0.0733;-0.0803;0.0149;-0.0039;0.0088;0.0078;0.1890
638.0;1.5994;1.5668;-0.0351;0.0000;93;109;-0.0049;-0.0817;0.0149;0.0029;0.0088;0.0078;0.1811
638.5;1.5948;1.5623;-0.0328;0.0000;91;107;0.0733;-0.0817;0.0149;0.0029;0.0088;0.0078;0.1732
639.0;1.5897;1.5577;0.0046;0.0000;89;103;0.0733;-0.0803;0.0135;-0.0010;0.0088;0.0078;0.1575
639.5;1.5852;1.5531;0.0412;0.0000;89;101;-0.0049;-0.0803;0.0135;-0.0049;0.0088;0.0078;0.1496
640.0;1.5801;1.5481;0.1504;0.0000;89;95;-0.0147;-0.0817;0.0135;-0.0156;0.0088;0.0078;0.1417
640.5;1.5737;1.5426;0.1687;0.0000;87;91;-0.0147;-0.0788;0.0135;-0.0176;0.0088;0.0078;0.1339
641.0;1.5668;1.5375;0.2130;0.0000;87;89;-0.0147;-0.0744;0.0135;-0.0215;0.0088;0.0078;0.1260
641.5;1.5595;1.5321;0.1855;0.0000;83;87;-0.0929;-0.0700;0.0120;-0.0196;0.0088;0.0078;0.1181
642.0;1.5531;1.5266;0.0855;0.0000;79;89;0.0733;-0.0686;0.0120;-0.0088;0.0088;0.0078;0.1102
642.5;1.5462;1.5206;0.0313;0.0000;77;87;-0.0049;-0.0656;0.0120;-0.0039;0.0088;0.0078;0.1024
643.0;1.5403;1.5147;0.0275;0.0000;75;85;-0.0049;-0.0642;0.0120;-0.0029;0.0088;0.0078;0.0945
643.5;1.5330;1.5087;-0.0229;0.0000;71;83;0.0733;-0.0627;0.0120;0.0020;0.0088;0.0078;0.0866
644.0;1.5256;1.5023;-0.0405;0.0000;69;81;-0.0049;-0.0583;0.0105;0.0039;0.0088;0.0078;0.0787
644.5;1.5174;1.4959;-0.0130;0.0000;69;79;-0.0049;-0.0554;0.0105;0.0010;0.0088;0.0078;0.0630
645.0;1.5092;1.4895;0.0412;0.0000;69;77;-0.0049;-0.0510;0.0105;-0.0049;0.0088;0.0078;0.0551
645.5;1.5009;1.4826;0.1084;0.0000;69;73;-0.0049;-0.0466;0.0105;-0.0117;0.0088;0.0078;0.0472
646.0;1.4922;1.4757;0.2008;0.0000;69;69;-0.0147;-0.0422;0.0105;-0.0205;0.0088;0.0078;0.0394
646.5;1.4835;1.4689;0.2359;0.0000;69;67;-0.0147;-0.0378;0.0105;-0.0244;0.0088;0.0078;0.0315
647.0;1.4748;1.4615;0.2595;0.0000;67;65;-0.0147;-0.0334;0.0105;-0.0264;0.0078;0.0078;0.0236
647.5;1.4657;1.4542;0.2725;0.0000;65;64;-0.0147;-0.0290;0.0105;-0.0274;0.0078;0.0078;0.0157
648.0;1.4570;1.4464;0.1481;0.0000;62;65;0.0635;-0.0261;0.0105;-0.0156;0.0078;0.0078;0.0079
648.5;1.4483;1.4391;0.0878;0.0000;58;65;0.0733;-0.0231;0.0105;-0.0098;0.0078;0.0078;-0.0000
649.0;1.4405;1.4313;0.0824;0.0000;58;64;-0.0831;-0.0231;0.0105;-0.0088;0.0078;0.0078;-0.0157
649.5;1.4322;1.4231;0.0176;0.0000;54;62;-0.0049;-0.0231;0.0091;-0.0020;0.0078;0.0078;-0.0236
650.0;1.4245;1.4153;0.0626;0.0000;52;60;-0.0049;-0.0246;0.0091;-0.0068;0.0078;0.0078;-0.0315
650.5;1.4167;1.4066;0.1534;0.0000;52;54;-0.0147;-0.0246;0.0091;-0.0156;0.0078;0.0078;-0.0394
651.0;1.4080;1.3984;0.2206;0.0000;50;50;0.0635;-0.0246;0.0091;-0.0225;0.0078;0.0078;-0.0472
651.5;1.3988;1.3897;0.3076;0.0000;50;46;-0.0929;-0.0231;0.0091;-0.0313;0.0078;0.0078;-0.0551
652.0;1.3897;1.3810;0.3969;0.0000;52;40;-0.0929;-0.0217;0.0091;-0.0401;0.0068;0.0078;-0.0630
652.5;1.3800;1.3723;0.4420;0.0000;50;36;-0.1026;-0.0202;0.0091;-0.0450;0.0068;0.0078;-0.0787
653.0;1.3704;1.3631;0.4061;0.0000;48;36;-0.0147;-0.0202;0.0091;-0.0411;0.0068;0.0078;-0.0866
653.5;1.3613;1.3539;0.4191;0.0000;46;32;-0.0929;-0.0188;0.0091;-0.0420;0.0068;0.0078;-0.0945
654.0;1.3512;1.3443;0.2611;0.0000;40;34;-0.0929;-0.0173;0.0091;-0.0264;0.0068;0.0078;-0.1024
654.5;1.3407;1.3347;0.1931;0.0000;36;32;-0.0147;-0.0158;0.0091;-0.0196;0.0068;0.0078;-0.1102
655.0;1.3306;1.3251;0.1473;0.0000;32;32;-0.0929;-0.0144;0.0091;-0.0156;0.0068;0.0078;-0.1181
655.5;1.3205;1.3155;0.0595;0.0000;28;32;-0.0831;-0.0129;0.0091;-0.0068;0.0068;0.0078;-0.1339
656.0;1.3095;1.3054;0.0901;0.0000;26;28;-0.0049;-0.0114;0.0091;-0.0098;0.0059;0.0078;-0.1417
656.5;1.2995;1.2953;0.1115;0.0000;30;30;-0.0831;-0.0114;0.0091;-0.0117;0.0059;0.0078;-0.1339
657.0;1.2889;1.2857;0.1145;0.0000;30;30;-0.0831;-0.0085;0.0091;-0.0117;0.0059;0.0078;-0.1260
657.5;1.2788;1.2766;0.0740;0.0000;32;32;-0.0831;-0.0070;0.0091;-0.0078;0.0059;0.0078;-0.1181
658.0;1.2688;1.2669;0.0511;0.0000;32;36;0.0733;-0.0056;0.0091;-0.0059;0.0059;0.0078;-0.1102
658.5;1.2582;1.2578;0.0137;0.0000;34;38;-0.0831;-0.0026;0.0091;-0.0020;0.0059;0.0078;-0.1102
659.0;1.2477;1.2486;0.0130;0.0000;36;38;-0.0831;0.0018;0.0091;-0.0020;0.0059;0.0078;-0.1024
659.5;1.2376;1.2399;0.0527;0.0000;38;40;-0.0049;0.0047;0.0091;-0.0059;0.0059;0.0078;-0.0945
660.0;1.2276;1.2312;0.0580;0.0000;40;42;-0.0831;0.0076;0.0091;-0.0059;0.0059;0.0078;-0.0866
660.5;1.2170;1.2225;0.0641;0.0000;42;44;-0.0049;0.0120;0.0091;-0.0068;0.0059;0.0078;-0.0787
661.0;1.2074;1.2138;0.0908;0.0000;46;46;-0.0831;0.0164;0.0091;-0.0098;0.0059;0.0078;-0.0709
661.5;1.1960;1.2056;0.0824;0.0000;48;48;-0.0049;0.0237;0.0091;-0.0088;0.0059;0.0078;-0.0709
662.0;1.1859;1.1978;0.0588;0.0000;50;50;-0.0831;0.0281;0.0091;-0.0068;0.0059;0.0078;-0.0630
662.5;1.1758;1.1896;0.1084;0.0000;52;52;-0.0049;0.0340;0.0091;-0.0117;0.0059;0.0078;-0.0551
663.0;1.1662;1.1818;0.0397;0.0000;54;56;-0.0831;0.0384;0.0091;-0.0049;0.0059;0.0078;-0.0472
663.5;1.1557;1.1740;0.0504;0.0000;56;58;-0.0049;0.0457;0.0091;-0.0059;0.0059;0.0078;-0.0394
664.0;1.1456;1.1667;0.0397;0.0000;58;62;-0.0049;0.0516;0.0091;-0.0049;0.0059;0.0078;-0.0315
664.5;1.1314;1.1593;0.0519;0.0000;64;62;-0.0049;0.0691;0.0105;-0.0059;0.0059;0.0078;-0.0315
665.0;1.1186;1.1520;0.0878;0.0000;67;64;-0.0831;0.0838;0.0105;-0.0088;0.0059;0.0078;-0.0236
665.5;1.1062;1.1451;0.1099;0.0000;71;67;-0.0049;0.0970;0.0105;-0.0117;0.0059;0.0078;-0.0157
666.0;1.0952;1.1383;0.1313;0.0000;77;71;-0.0831;0.1072;0.0105;-0.0137;0.0059;0.0078;-0.0079
666.5;1.0852;1.1314;0.1443;0.0000;79;75;0.0635;0.1146;0.0120;-0.0147;0.0059;0.0078;-0.0000
667.0;1.0755;1.1250;0.2267;0.0000;85;75;-0.0929;0.1234;0.0120;-0.0235;0.0059;0.0078;0.0079
667.5;1.0673;1.1186;0.1924;0.0000;87;79;-0.0147;0.1277;0.0120;-0.0196;0.0049;0.0078;0.0157
668.0;1.0586;1.1122;0.2374;0.0000;91;81;-0.0147;0.1336;0.0135;-0.0244;0.0049;0.0078;0.0236
668.5;1.0508;1.1062;0.2450;0.0000;93;83;-0.0929;0.1380;0.0135;-0.0254;0.0049;0.0078;0.0236
669.0;1.0435;1.1003;0.2008;0.0000;95;89;-0.0147;0.1409;0.0149;-0.0205;0.0049;0.0078;0.0315
669.5;1.0362;1.0943;0.1573;0.0000;95;91;-0.0147;0.1453;0.0149;-0.0166;0.0049;0.0078;0.0394
670.0;1.0284;1.0888;0.1817;0.0000;99;95;-0.0929;0.1497;0.0149;-0.0186;0.0049;0.0078;0.0472
670.5;1.0206;1.0833;0.1473;0.0000;101;97;-0.0929;0.1556;0.0164;-0.0156;0.0049;0.0078;0.0551
671.0;1.0137;1.0778;0.1359;0.0000;103;101;0.0733;0.1600;0.0164;-0.0137;0.0049;0.0078;0.0630
671.5;1.0069;1.0728;0.1496;0.0000;105;103;-0.0929;0.1644;0.0179;-0.0156;0.0049;0.0078;0.0709
672.0;1.0000;1.0678;0.0893;0.0000;107;107;-0.0049;0.1702;0.0179;-0.0098;0.0049;0.0078;0.0787
672.5;0.9936;1.0632;0.0992;0.0000;109;110;0.0733;0.1732;0.0193;-0.0108;0.0049;0.0078;0.0866
673.0;0.9886;1.0582;0.0832;0.0000;110;112;-0.0831;0.1746;0.0193;-0.0088;0.0049;0.0078;0.0945
673.5;0.9831;1.0540;0.0794;0.0000;112;114;-0.0831;0.1761;0.0208;-0.0088;0.0049;0.0078;0.0945
674.0;0.9780;1.0495;0.0176;0.0000;112;118;0.0733;0.1776;0.0208;-0.0020;0.0049;0.0078;0.1024
674.5;0.9739;1.0453;-0.0282;0.0000;114;120;-0.0831;0.1776;0.0223;0.0020;0.0049;0.0078;0.1102
675.0;0.9702;1.0412;-0.1824;0.0000;112;126;0.0831;0.1776;0.0223;0.0176;0.0049;0.0078;0.1181
675.5;0.9666;1.0371;-0.2435;0.0000;112;128;-0.0733;0.1761;0.0237;0.0235;0.0049;0.0078;0.1260
676.0;0.9643;1.0334;-0.2473;0.0000;114;132;0.0049;0.1732;0.0237;0.0244;0.0049;0.0078;0.1339
676.5;0.9620;1.0298;-0.3344;0.0000;114;136;-0.0733;0.1688;0.0237;0.0332;0.0049;0.0078;0.1417
677.0;0.9592;1.0266;-0.3511;0.0000;114;138;0.0049;0.1673;0.0252;0.0342;0.0049;0.0078;0.1496
677.5;0.9574;1.0234;-0.3718;0.0000;114;140;0.0049;0.1644;0.0252;0.0371;0.0049;0.0078;0.1575
678.0;0.9547;1.0201;-0.3947;0.0000;116;140;0.0049;0.1629;0.0267;0.0391;0.0059;0.0078;0.1654
678.5;0.9538;1.0169;-0.4168;0.0000;116;142;0.0049;0.1585;0.0267;0.0411;0.0059;0.0078;0.1732
679.0;0.9524;1.0142;-0.4511;0.0000;116;144;-0.0635;0.1541;0.0281;0.0450;0.0059;0.0078;0.1811
679.5;0.9519;1.0114;-0.5573;0.0000;114;148;0.0147;0.1483;0.0281;0.0547;0.0059;0.0078;0.1890
680.0;0.9510;1.0092;-0.5397;0.0000;116;148;0.0929;0.1439;0.0281;0.0538;0.0068;0.0078;0.1969
680.5;0.9501;1.0069;-0.4527;0.0000;118;148;0.0147;0.1409;0.0296;0.0450;0.0068;0.0078;0.2047
681.0;0.9496;1.0046;-0.4069;0.0000;120;148;0.0049;0.1365;0.0296;0.0401;0.0068;0.0078;0.2047
681.5;0.9496;1.0027;-0.3305;0.0000;124;146;-0.0733;0.1321;0.0311;0.0323;0.0068;0.0078;0.2126
682.0;0.9487;1.0009;-0.3122;0.0000;124;148;0.0049;0.1292;0.0311;0.0303;0.0068;0.0078;0.2205
682.5;0.9473;1.0000;-0.3489;0.0000;136;157;0.0049;0.1307;0.0311;0.0342;0.0078;0.0078;0.2677
683.0;0.9478;1.0000;-0.3893;0.0000;146;171;0.0049;0.1292;0.0325;0.0381;0.0078;0.0078;0.3150
683.5;0.9483;1.0000;-0.3466;0.0000;146;171;0.0831;0.1277;0.0325;0.0342;0.0078;0.0078;0.3150
684.0;0.9501;1.0000;-0.3595;0.0000;146;171;0.0049;0.1234;0.0325;0.0352;0.0078;0.0078;0.3150
684.5;0.9524;1.0000;-0.2863;0.0000;146;167;0.0049;0.1175;0.0340;0.0283;0.0078;0.0078;0.3150
685.0;0.9556;1.0000;-0.2328;0.0000;146;165;0.0049;0.1102;0.0340;0.0225;0.0078;0.0078;0.3150
685.5;0.9579;1.0000;-0.2183;0.0000;146;163;0.0831;0.1043;0.0340;0.0215;0.0088;0.0078;0.3150
686.0;0.9597;1.0000;-0.1412;0.0000;146;161;-0.0049;0.0999;0.0355;0.0137;0.0088;0.0078;0.3150
686.5;0.9606;1.0000;-0.1359;0.0000;146;161;-0.0049;0.0970;0.0355;0.0127;0.0088;0.0078;0.3150
687.0;0.9615;1.0000;-0.1977;0.0000;144;161;0.0831;0.0941;0.0355;0.0196;0.0088;0.0078;0.3150
687.5;0.9629;1.0000;-0.2305;0.0000;142;163;0.0049;0.0911;0.0355;0.0225;0.0088;0.0078;0.3150
688.0;0.9634;1.0000;-0.2435;0.0000;140;161;0.0049;0.0897;0.0369;0.0235;0.0088;0.0078;0.3150
688.5;0.9643;1.0000;-0.3160;0.0000;138;163;0.0831;0.0882;0.0369;0.0313;0.0088;0.0078;0.3150
689.0;0.9647;1.0000;-0.2496;0.0000;138;161;0.0049;0.0867;0.0369;0.0244;0.0088;0.0078;0.3150
689.5;0.9652;1.0000;-0.2542;0.0000;138;161;0.0049;0.0853;0.0369;0.0244;0.0088;0.0078;0.3150
690.0;0.9661;1.0000;-0.3000;0.0000;136;163;0.0831;0.0823;0.0384;0.0293;0.0098;0.0078;0.3150
690.5;0.9666;1.0000;-0.3092;0.0000;138;161;-0.0733;0.0823;0.0384;0.0303;0.0098;0.0078;0.3150
691.0;0.9675;1.0000;-0.2840;0.0000;138;161;0.0831;0.0809;0.0384;0.0283;0.0098;0.0078;0.3150
691.5;0.9684;1.0000;-0.2939;0.0000;138;161;-0.0733;0.0779;0.0384;0.0293;0.0098;0.0078;0.3150
692.0;0.9693;1.0000;-0.2824;0.0000;136;159;0.0831;0.0750;0.0384;0.0274;0.0098;0.0078;0.3150
692.5;0.9698;1.0000;-0.2412;0.0000;136;157;0.0049;0.0735;0.0398;0.0235;0.0098;0.0078;0.3150
693.0;0.9707;1.0000;-0.2649;0.0000;136;157;-0.0733;0.0721;0.0398;0.0264;0.0098;0.0078;0.3150
693.5;0.9712;1.0000;-0.1466;0.0000;138;155;0.0831;0.0706;0.0398;0.0137;0.0098;0.0078;0.3150
694.0;0.9712;1.0000;-0.0878;0.0000;140;153;-0.0049;0.0721;0.0398;0.0078;0.0108;0.0078;0.3150
694.5;0.9712;1.0000;-0.0229;0.0000;140;153;0.0733;0.0706;0.0398;0.0020;0.0108;0.0078;0.3150
695.0;0.9716;1.0000;0.0397;0.0000;142;152;-0.0049;0.0691;0.0413;-0.0049;0.0108;0.0078;0.3150
695.5;0.9712;1.0000;0.0244;0.0000;142;152;0.1515;0.0706;0.0413;-0.0029;0.0108;0.0078;0.3150
696.0;0.9702;1.0000;0.0031;0.0000;142;152;-0.0049;0.0735;0.0413;-0.0010;0.0108;0.0078;0.3150
696.5;0.9693;1.0000;0.0527;0.0000;142;152;-0.0049;0.0750;0.0413;-0.0059;0.0098;0.0078;0.3150
697.0;0.9702;1.0000;0.0878;0.0000;144;152;-0.0049;0.0735;0.0413;-0.0098;0.0098;0.0078;0.3150
697.5;0.9712;1.0000;0.0786;0.0000;144;152;0.0733;0.0706;0.0428;-0.0088;0.0098;0.0078;0.3150
698.0;0.9721;1.0000;0.1580;0.0000;146;150;0.0635;0.0691;0.0428;-0.0166;0.0098;0.0078;0.3150
698.5;0.9734;1.0000;0.1443;0.0000;144;150;-0.0147;0.0648;0.0428;-0.0147;0.0098;0.0078;0.3150
699.0;0.9744;1.0000;0.1107;0.0000;142;150;-0.0049;0.0633;0.0428;-0.0117;0.0098;0.0078;0.3150
699.5;0.9762;1.0000;0.1198;0.0000;142;148;-0.0049;0.0589;0.0428;-0.0127;0.0098;0.0078;0.3150
700.0;0.9776;1.0000;0.1275;0.0000;142;148;0.0733;0.0545;0.0428;-0.0137;0.0098;0.0078;0.3150
700.5;0.9799;1.0000;0.0664;0.0000;140;148;-0.0049;0.0486;0.0442;-0.0068;0.0098;0.0078;0.3150
701.0;0.9821;1.0000;0.0168;0.0000;136;148;0.0733;0.0428;0.0442;-0.0020;0.0098;0.0078;0.3150
701.5;0.9844;1.0000;0.0153;0.0000;136;148;0.0733;0.0384;0.0442;-0.0020;0.0098;0.0078;0.3150
702.0;0.9867;1.0000;-0.0832;0.0000;132;150;-0.0049;0.0325;0.0442;0.0078;0.0098;0.0078;0.3150
702.5;0.9895;1.0000;-0.0504;0.0000;132;148;-0.0049;0.0252;0.0442;0.0049;0.0098;0.0078;0.3150
703.0;0.9913;1.0000;-0.1214;0.0000;128;146;-0.0049;0.0208;0.0442;0.0117;0.0098;0.0078;0.3150
703.5;0.9927;1.0000;-0.1260;0.0000;126;146;0.0733;0.0164;0.0442;0.0117;0.0098;0.0078;0.3150
704.0;0.9936;1.0000;-0.1176;0.0000;126;146;-0.0049;0.0149;0.0442;0.0108;0.0098;0.0078;0.3150
704.5;0.9954;1.0000;-0.1573;0.0000;124;146;0.0831;0.0105;0.0442;0.0156;0.0098;0.0078;0.3150
705.0;0.9973;1.0000;-0.1336;0.0000;124;146;0.0733;0.0062;0.0442;0.0127;0.0098;0.0078;0.3150
705.5;0.9991;1.0000;-0.0969;0.0000;124;142;-0.0049;0.0003;0.0442;0.0088;0.0098;0.0078;0.3150
706.0;1.0014;1.0000;-0.0840;0.0000;124;142;-0.0049;-0.0056;0.0442;0.0078;0.0108;0.0078;0.3150
706.5;1.0037;1.0000;-0.1229;0.0000;120;140;-0.0049;-0.0114;0.0442;0.0117;0.0108;0.0078;0.3150
707.0;1.0050;1.0000;-0.0710;0.0000;120;138;-0.0049;-0.0144;0.0442;0.0068;0.0108;0.0078;0.3150
707.5;1.0064;1.0000;-0.0649;0.0000;120;136;-0.0049;-0.0173;0.0442;0.0059;0.0108;0.0078;0.3150
708.0;1.0073;1.0000;-0.0687;0.0000;120;136;-0.0831;-0.0202;0.0442;0.0059;0.0108;0.0078;0.3150
708.5;1.0087;1.0000;-0.0450;0.0000;120;134;0.0733;-0.0231;0.0442;0.0039;0.0108;0.0078;0.3150
709.0;1.0096;1.0000;-0.0924;0.0000;118;136;-0.0049;-0.0261;0.0442;0.0088;0.0108;0.0078;0.3150
709.5;1.0119;1.0000;-0.1214;0.0000;116;136;-0.0049;-0.0305;0.0442;0.0117;0.0108;0.0078;0.3150
710.0;1.0133;1.0000;-0.1023;0.0000;116;134;0.0733;-0.0349;0.0442;0.0098;0.0108;0.0078;0.3150
710.5;1.0137;1.0000;-0.1458;0.0000;114;134;0.0049;-0.0349;0.0442;0.0137;0.0108;0.0078;0.3150
711.0;1.0147;1.0000;-0.1550;0.0000;114;134;0.0049;-0.0378;0.0428;0.0147;0.0108;0.0078;0.3150
711.5;1.0151;1.0000;-0.1130;0.0000;114;132;-0.0831;-0.0393;0.0428;0.0108;0.0108;0.0078;0.3150
712.0;1.0160;1.0000;-0.1618;0.0000;112;132;0.0049;-0.0407;0.0428;0.0156;0.0108;0.0078;0.3150
712.5;1.0160;1.0000;-0.1443;0.0000;112;132;0.0831;-0.0422;0.0428;0.0137;0.0108;0.0078;0.3150
713.0;1.0165;1.0000;-0.1130;0.0000;112;132;0.0733;-0.0422;0.0428;0.0108;0.0108;0.0078;0.3150
713.5;1.0169;1.0000;-0.1328;0.0000;112;130;-0.0831;-0.0437;0.0428;0.0127;0.0108;0.0078;0.3150
714.0;1.0179;1.0000;-0.1351;0.0000;112;130;-0.0049;-0.0451;0.0428;0.0127;0.0108;0.0078;0.3150
714.5;1.0192;1.0000;-0.0725;0.0000;112;128;-0.0049;-0.0495;0.0428;0.0068;0.0108;0.0078;0.3150
715.0;1.0201;1.0000;-0.0695;0.0000;112;126;0.0733;-0.0510;0.0428;0.0068;0.0108;0.0078;0.3150
715.5;1.0206;1.0000;-0.0573;0.0000;112;126;0.0733;-0.0524;0.0413;0.0049;0.0117;0.0078;0.3150
716.0;1.0220;1.0000;0.0137;0.0000;112;124;-0.0049;-0.0554;0.0413;-0.0020;0.0117;0.0078;0.3150
716.5;1.0224;1.0000;0.0237;0.0000;112;124;-0.0831;-0.0583;0.0413;-0.0029;0.0108;0.0078;0.3150
717.0;1.0234;1.0000;0.0107;0.0000;112;122;-0.0049;-0.0598;0.0413;-0.0020;0.0108;0.0078;0.3150
717.5;1.0252;1.0000;0.0565;0.0000;112;120;-0.0049;-0.0642;0.0413;-0.0059;0.0108;0.0078;0.3150
718.0;1.0261;1.0000;0.0420;0.0000;112;120;-0.0049;-0.0671;0.0413;-0.0049;0.0108;0.0078;0.3150
718.5;1.0275;1.0000;0.0397;0.0000;110;118;-0.0049;-0.0700;0.0398;-0.0049;0.0108;0.0078;0.3150
719.0;1.0284;1.0000;0.0427;0.0000;110;118;-0.0831;-0.0715;0.0398;-0.0049;0.0108;0.0078;0.3150
719.5;1.0298;1.0000;0.0076;0.0000;110;118;-0.0049;-0.0759;0.0398;-0.0010;0.0108;0.0078;0.3150
720.0;1.0311;1.0000;0.0313;0.0000;109;118;-0.0049;-0.0788;0.0398;-0.0039;0.0108;0.0078;0.3150
720.5;1.0316;1.0000;0.0168;0.0000;109;116;-0.0049;-0.0803;0.0398;-0.0020;0.0108;0.0078;0.3150
721.0;1.0316;1.0000;-0.0122;0.0000;107;116;-0.0831;-0.0803;0.0384;0.0010;0.0108;0.0078;0.3150
721.5;1.0321;1.0000;-0.0237;0.0000;107;116;-0.0049;-0.0817;0.0384;0.0020;0.0108;0.0078;0.3150
722.0;1.0334;1.0000;-0.0160;0.0000;107;116;-0.0049;-0.0847;0.0384;0.0010;0.0108;0.0078;0.3150
722.5;1.0330;1.0000;-0.0557;0.0000;105;116;-0.0049;-0.0847;0.0384;0.0049;0.0108;0.0078;0.3150
723.0;1.0330;1.0000;-0.0656;0.0000;105;116;-0.0049;-0.0832;0.0369;0.0059;0.0108;0.0078;0.3150
723.5;1.0334;1.0000;0.0008;0.0000;107;116;-0.0049;-0.0847;0.0369;-0.0010;0.0108;0.0078;0.3150
724.0;1.0339;1.0000;-0.0351;0.0000;105;116;-0.0831;-0.0861;0.0369;0.0029;0.0108;0.0078;0.3150
724.5;1.0339;1.0000;-0.0137;0.0000;105;114;-0.0831;-0.0861;0.0369;0.0010;0.0108;0.0078;0.3150
725.0;1.0343;1.0000;0.0527;0.0000;107;112;-0.0049;-0.0876;0.0355;-0.0059;0.0108;0.0078;0.3150
725.5;1.0348;1.0000;0.0267;0.0000;105;112;-0.0831;-0.0876;0.0355;-0.0029;0.0108;0.0078;0.3150
726.0;1.0357;1.0000;0.0382;0.0000;107;112;-0.0049;-0.0905;0.0355;-0.0039;0.0108;0.0078;0.3150
726.5;1.0362;1.0000;0.0779;0.0000;107;110;-0.0831;-0.0920;0.0355;-0.0078;0.0108;0.0078;0.3150
727.0;1.0362;1.0000;0.0053;0.0000;105;112;0.0733;-0.0920;0.0355;-0.0010;0.0108;0.0078;0.3150
727.5;1.0366;0.9995;0.0031;0.0000;103;110;-0.0049;-0.0935;0.0340;-0.0010;0.0108;0.0078;0.3071
728.0;1.0375;0.9991;0.0389;0.0000;101;107;-0.1613;-0.0964;0.0340;-0.0049;0.0108;0.0078;0.2992
728.5;1.0375;0.9986;0.0107;0.0000;97;105;0.0733;-0.0979;0.0340;-0.0020;0.0108;0.0078;0.2913
729.0;1.0371;0.9982;0.0267;0.0000;97;103;-0.0831;-0.0979;0.0325;-0.0029;0.0108;0.0078;0.2835
729.5;1.0366;0.9973;0.0420;0.0000;95;99;-0.0831;-0.0979;0.0325;-0.0049;0.0108;0.0078;0.2756
730.0;1.0357;0.9963;0.0145;0.0000;93;97;-0.0831;-0.0993;0.0325;-0.0020;0.0108;0.0078;0.2677
730.5;1.0339;0.9954;0.0122;0.0000;91;97;-0.0049;-0.0979;0.0325;-0.0020;0.0108;0.0078;0.2598
731.0;1.0321;0.9940;0.0275;0.0000;89;93;-0.0831;-0.0964;0.0311;-0.0029;0.0108;0.0078;0.2520
731.5;1.0298;0.9927;-0.0107;0.0000;85;93;-0.0049;-0.0935;0.0311;0.0010;0.0108;0.0078;0.2441
732.0;1.0279;0.9913;-0.0107;0.0000;83;91;-0.0831;-0.0935;0.0311;0.0010;0.0108;0.0078;0.2362
732.5;1.0261;0.9895;0.0176;0.0000;81;87;-0.0831;-0.0920;0.0311;-0.0020;0.0108;0.0078;0.2283
733.0;1.0243;0.9876;0.0099;0.0000;79;87;0.0733;-0.0935;0.0296;-0.0020;0.0108;0.0078;0.2205
733.5;1.0229;0.9853;0.0649;0.0000;79;83;-0.0831;-0.0935;0.0296;-0.0068;0.0108;0.0078;0.2126
734.0;1.0201;0.9835;0.0847;0.0000;77;79;-0.0049;-0.0935;0.0296;-0.0088;0.0108;0.0078;0.2047
734.5;1.0179;0.9812;0.0473;0.0000;73;79;0.0733;-0.0935;0.0296;-0.0049;0.0108;0.0078;0.1969
735.0;1.0156;0.9785;0.1076;0.0000;73;75;-0.0831;-0.0935;0.0281;-0.0117;0.0108;0.0078;0.1890
735.5;1.0128;0.9757;0.1420;0.0000;71;73;-0.0147;-0.0935;0.0281;-0.0147;0.0108;0.0078;0.1811
736.0;1.0105;0.9730;0.1275;0.0000;69;71;-0.0049;-0.0949;0.0281;-0.0137;0.0108;0.0078;0.1732
736.5;1.0078;0.9702;0.1573;0.0000;67;67;-0.0147;-0.0949;0.0281;-0.0166;0.0108;0.0078;0.1654
737.0;1.0041;0.9670;0.1679;0.0000;65;65;-0.0147;-0.0935;0.0267;-0.0176;0.0108;0.0078;0.1575
737.5;1.0014;0.9638;0.1626;0.0000;64;64;-0.0929;-0.0949;0.0267;-0.0166;0.0108;0.0078;0.1496
738.0;0.9977;0.9602;0.2397;0.0000;64;60;-0.0147;-0.0949;0.0267;-0.0244;0.0108;0.0078;0.1417
738.5;0.9940;0.9565;0.3626;0.0000;64;56;-0.0147;-0.0949;0.0267;-0.0371;0.0098;0.0078;0.1339
739.0;0.9899;0.9528;0.4076;0.0000;64;52;-0.0147;-0.0935;0.0252;-0.0411;0.0098;0.0078;0.1260
739.5;0.9849;0.9492;0.4664;0.0000;62;50;0.0538;-0.0905;0.0252;-0.0469;0.0098;0.0078;0.1181
740.0;0.9794;0.9451;0.4885;0.0000;60;48;0.0538;-0.0861;0.0252;-0.0489;0.0098;0.0078;0.1024
740.5;0.9730;0.9409;0.4099;0.0000;58;48;0.0635;-0.0817;0.0252;-0.0411;0.0098;0.0078;0.0945
741.0;0.9675;0.9364;0.3389;0.0000;54;48;-0.0147;-0.0788;0.0237;-0.0342;0.0088;0.0078;0.0866
741.5;0.9620;0.9318;0.3076;0.0000;52;48;-0.0147;-0.0759;0.0237;-0.0313;0.0088;0.0078;0.0787
742.0;0.9560;0.9272;0.1962;0.0000;48;48;-0.0929;-0.0730;0.0237;-0.0205;0.0088;0.0078;0.0709
742.5;0.9501;0.9222;0.1740;0.0000;46;48;0.0635;-0.0700;0.0237;-0.0176;0.0088;0.0078;0.0630
743.0;0.9437;0.9171;0.1931;0.0000;46;44;-0.0929;-0.0671;0.0237;-0.0196;0.0088;0.0078;0.0551
743.5;0.9377;0.9121;0.1214;0.0000;40;44;-0.0049;-0.0656;0.0223;-0.0127;0.0088;0.0078;0.0472
744.0;0.9309;0.9066;0.1351;0.0000;40;42;-0.0049;-0.0612;0.0223;-0.0137;0.0088;0.0078;0.0394
744.5;0.9235;0.9016;0.1221;0.0000;38;40;-0.0049;-0.0568;0.0223;-0.0127;0.0088;0.0078;0.0315
745.0;0.9162;0.8956;0.0664;0.0000;36;40;-0.0049;-0.0510;0.0223;-0.0068;0.0088;0.0078;0.0236
745.5;0.9084;0.8901;0.0679;0.0000;34;40;-0.0049;-0.0466;0.0223;-0.0068;0.0088;0.0078;0.0157
746.0;0.9002;0.8842;0.0885;0.0000;34;38;-0.0049;-0.0407;0.0223;-0.0098;0.0088;0.0078;-0.0000
746.5;0.8919;0.8777;0.1069;0.0000;32;36;-0.0049;-0.0349;0.0223;-0.0117;0.0088;0.0078;-0.0079
747.0;0.8837;0.8718;0.1382;0.0000;32;34;-0.0831;-0.0305;0.0223;-0.0147;0.0078;0.0078;-0.0157
747.5;0.8745;0.8654;0.1603;0.0000;32;32;0.0635;-0.0231;0.0223;-0.0166;0.0078;0.0078;-0.0236
748.0;0.8654;0.8585;0.1023;0.0000;28;32;-0.0049;-0.0173;0.0223;-0.0108;0.0078;0.0078;-0.0315
748.5;0.8562;0.8521;0.1443;0.0000;30;30;-0.0929;-0.0114;0.0208;-0.0147;0.0078;0.0078;-0.0394
749.0;0.8471;0.8452;0.1595;0.0000;28;30;-0.0147;-0.0056;0.0208;-0.0166;0.0078;0.0078;-0.0472
749.5;0.8375;0.8379;0.2038;0.0000;28;28;-0.0147;0.0003;0.0208;-0.0205;0.0078;0.0078;-0.0551
750.0;0.8278;0.8310;0.2473;0.0000;28;26;0.0635;0.0062;0.0223;-0.0254;0.0078;0.0078;-0.0630
750.5;0.8178;0.8237;0.2305;0.0000;26;24;-0.0929;0.0135;0.0223;-0.0235;0.0078;0.0078;-0.0787
751.0;0.8082;0.8159;0.2672;0.0000;28;22;-0.0929;0.0193;0.0223;-0.0274;0.0078;0.0078;-0.0866
751.5;0.7981;0.8082;0.2450;0.0000;26;22;0.0635;0.0252;0.0223;-0.0254;0.0078;0.0078;-0.0945
752.0;0.7885;0.8004;0.1702;0.0000;22;22;-0.0929;0.0296;0.0223;-0.0176;0.0068;0.0078;-0.1024
752.5;0.7793;0.7926;0.1290;0.0000;21;22;-0.0049;0.0325;0.0223;-0.0137;0.0068;0.0078;-0.1102
753.0;0.7697;0.7843;0.0489;0.0000;17;22;-0.0049;0.0369;0.0223;-0.0059;0.0068;0.0078;-0.1181
753.5;0.7592;0.7761;-0.0641;0.0000;13;24;-0.0049;0.0413;0.0223;0.0059;0.0068;0.0078;-0.1260
754.0;0.7491;0.7679;-0.0916;0.0000;13;22;-0.1613;0.0457;0.0223;0.0088;0.0068;0.0078;-0.1339
754.5;0.7386;0.7592;-0.1550;0.0000;9;24;0.1613;0.0501;0.0223;0.0147;0.0078;0.0078;-0.1496
755.0;0.7285;0.7505;-0.2145;0.0000;7;22;-0.0733;0.0530;0.0223;0.0205;0.0078;0.0078;-0.1575
755.5;0.7193;0.7413;-0.2626;0.0000;3;22;-0.0733;0.0545;0.0237;0.0254;0.0078;0.0078;-0.1654
756.0;0.7092;0.7326;-0.3084;0.0000;1;22;0.0049;0.0574;0.0237;0.0303;0.0078;0.0078;-0.1732
756.5;0.6992;0.7230;-0.3817;0.0000;-3;22;0.0049;0.0604;0.0237;0.0381;0.0078;0.0078;-0.1811
757.0;0.6886;0.7138;-0.4420;0.0000;-7;21;0.0147;0.0618;0.0237;0.0440;0.0078;0.0078;-0.1890
757.5;0.6786;0.7042;-0.4198;0.0000;-7;19;0.0147;0.0633;0.0237;0.0411;0.0088;0.0078;-0.2047
758.0;0.6680;0.6946;-0.5420;0.0000;-13;21;0.0147;0.0648;0.0237;0.0538;0.0088;0.0078;-0.2126
758.5;0.6580;0.6850;-0.5412;0.0000;-15;19;0.0147;0.0662;0.0252;0.0538;0.0088;0.0078;-0.2205
759.0;0.6479;0.6749;-0.5168;0.0000;-17;15;0.0147;0.0662;0.0252;0.0508;0.0088;0.0078;-0.2283
759.5;0.6369;0.6648;-0.5321;0.0000;-17;15;0.0147;0.0691;0.0252;0.0528;0.0098;0.0078;-0.2283
760.0;0.6259;0.6548;-0.5863;0.0000;-19;17;0.0929;0.0721;0.0252;0.0577;0.0098;0.0078;-0.2283
760.5;0.6145;0.6447;-0.5466;0.0000;-17;15;-0.0635;0.0750;0.0252;0.0538;0.0098;0.0078;-0.2362
761.0;0.6044;0.6346;-0.5237;0.0000;-17;15;0.0147;0.0765;0.0267;0.0518;0.0108;0.0078;-0.2362
761.5;0.5943;0.6250;-0.5389;0.0000;-17;15;0.0147;0.0750;0.0267;0.0538;0.0108;0.0078;-0.2362
762.0;0.5842;0.6149;-0.5481;0.0000;-19;15;0.0929;0.0750;0.0267;0.0547;0.0108;0.0078;-0.2362
762.5;0.5742;0.6049;-0.5618;0.0000;-19;15;-0.0635;0.0750;0.0267;0.0557;0.0108;0.0078;-0.2362
763.0;0.5641;0.5948;-0.4863;0.0000;-19;13;-0.0635;0.0765;0.0267;0.0479;0.0117;0.0078;-0.2362
763.5;0.5536;0.5847;-0.4809;0.0000;-19;11;0.0147;0.0779;0.0281;0.0479;0.0117;0.0078;-0.2441
764.0;0.5440;0.5746;-0.4771;0.0000;-19;11;0.0147;0.0765;0.0281;0.0469;0.0117;0.0078;-0.2441
764.5;0.5343;0.5646;-0.4794;0.0000;-19;11;-0.0635;0.0750;0.0281;0.0479;0.0117;0.0078;-0.2441
765.0;0.5247;0.5549;-0.4351;0.0000;-19;9;0.0147;0.0750;0.0281;0.0430;0.0127;0.0078;-0.2441
765.5;0.5142;0.5449;-0.4855;0.0000;-21;9;0.0929;0.0750;0.0296;0.0479;0.0127;0.0078;-0.2441
766.0;0.5046;0.5348;-0.4885;0.0000;-21;9;-0.0635;0.0735;0.0296;0.0479;0.0127;0.0078;-0.2520
766.5;0.4950;0.5247;-0.4313;0.0000;-21;7;0.0929;0.0735;0.0296;0.0430;0.0127;0.0078;-0.2520
767.0;0.4844;0.5147;-0.5015;0.0000;-22;7;-0.0635;0.0750;0.0296;0.0499;0.0137;0.0078;-0.2520
767.5;0.4757;0.5046;-0.4656;0.0000;-22;7;0.0147;0.0721;0.0296;0.0459;0.0137;0.0078;-0.2520
768.0;0.4666;0.4950;-0.4954;0.0000;-24;5;0.0147;0.0691;0.0311;0.0489;0.0137;0.0078;-0.2520
768.5;0.4574;0.4849;-0.5031;0.0000;-26;5;0.0147;0.0677;0.0311;0.0499;0.0137;0.0078;-0.2520
769.0;0.4478;0.4748;-0.4588;0.0000;-26;3;-0.0635;0.0662;0.0311;0.0450;0.0147;0.0078;-0.2598
769.5;0.4386;0.4647;-0.3702;0.0000;-24;-1;0.0049;0.0648;0.0311;0.0362;0.0147;0.0078;-0.2598
770.0;0.4295;0.4547;-0.4206;0.0000;-28;1;0.0147;0.0633;0.0311;0.0420;0.0147;0.0078;-0.2598
770.5;0.4208;0.4446;-0.4160;0.0000;-28;-1;0.0049;0.0589;0.0311;0.0411;0.0147;0.0078;-0.2598
771.0;0.4125;0.4350;-0.3359;0.0000;-28;-3;0.0049;0.0560;0.0325;0.0332;0.0147;0.0078;-0.2598
771.5;0.4043;0.4249;-0.3443;0.0000;-30;-5;0.0049;0.0501;0.0325;0.0342;0.0147;0.0078;-0.2677
772.0;0.3956;0.4148;-0.2931;0.0000;-30;-9;-0.0733;0.0472;0.0325;0.0283;0.0156;0.0078;-0.2677
772.5;0.3874;0.4048;-0.3420;0.0000;-32;-9;0.0049;0.0428;0.0325;0.0332;0.0156;0.0078;-0.2677
773.0;0.3791;0.3947;-0.4015;0.0000;-36;-9;0.0049;0.0384;0.0325;0.0401;0.0156;0.0078;-0.2677
773.5;0.3713;0.3846;-0.4389;0.0000;-38;-9;0.0147;0.0325;0.0325;0.0430;0.0156;0.0078;-0.2677
774.0;0.3631;0.3750;-0.3733;0.0000;-40;-11;0.0831;0.0281;0.0325;0.0371;0.0156;0.0078;-0.2677
774.5;0.3549;0.3649;-0.4321;0.0000;-42;-13;-0.0635;0.0237;0.0325;0.0430;0.0166;0.0078;-0.2756
775.0;0.3471;0.3549;-0.4069;0.0000;-44;-13;0.0831;0.0193;0.0325;0.0401;0.0166;0.0078;-0.2756
775.5;0.3388;0.3448;-0.4115;0.0000;-46;-15;-0.0733;0.0135;0.0325;0.0411;0.0166;0.0078;-0.2756
776.0;0.3310;0.3347;-0.4481;0.0000;-50;-17;0.0929;0.0091;0.0325;0.0440;0.0166;0.0078;-0.2756
776.5;0.3237;0.3246;-0.3183;0.0000;-48;-21;0.0049;0.0018;0.0325;0.0313;0.0166;0.0078;-0.2756
777.0;0.3159;0.3146;-0.2405;0.0000;-48;-24;0.0049;-0.0041;0.0325;0.0235;0.0176;0.0078;-0.2756
777.5;0.3086;0.3049;-0.1809;0.0000;-46;-26;-0.0733;-0.0100;0.0325;0.0176;0.0176;0.0078;-0.2756
778.0;0.3013;0.2953;-0.1275;0.0000;-46;-26;0.0733;-0.0158;0.0325;0.0117;0.0176;0.0078;-0.2677
778.5;0.2935;0.2857;-0.0214;0.0000;-42;-30;-0.0049;-0.0202;0.0325;0.0020;0.0176;0.0078;-0.2598
779.0;0.2866;0.2766;-0.0412;0.0000;-44;-28;0.0733;-0.0261;0.0325;0.0039;0.0176;0.0078;-0.2520
779.5;0.2793;0.2669;0.0863;0.0000;-40;-32;-0.0049;-0.0305;0.0325;-0.0088;0.0176;0.0078;-0.2441
780.0;0.2720;0.2582;0.1878;0.0000;-38;-34;-0.0147;-0.0349;0.0325;-0.0196;0.0176;0.0078;-0.2441
780.5;0.2647;0.2491;0.1939;0.0000;-38;-34;-0.0147;-0.0393;0.0325;-0.0196;0.0176;0.0078;-0.2362
781.0;0.2578;0.2404;0.2786;0.0000;-36;-36;-0.0147;-0.0437;0.0325;-0.0283;0.0166;0.0078;-0.2283
781.5;0.2509;0.2317;0.3107;0.0000;-34;-36;-0.0147;-0.0481;0.0325;-0.0313;0.0166;0.0078;-0.2205
782.0;0.2450;0.2234;0.2931;0.0000;-36;-36;0.0635;-0.0554;0.0325;-0.0303;0.0166;0.0078;-0.2126
782.5;0.2390;0.2152;0.2962;0.0000;-36;-36;-0.0147;-0.0612;0.0311;-0.0303;0.0166;0.0078;-0.2047
783.0;0.2326;0.2070;0.3389;0.0000;-34;-36;-0.0147;-0.0656;0.0311;-0.0342;0.0166;0.0078;-0.2047
783.5;0.2266;0.1992;0.2435;0.0000;-36;-34;-0.0147;-0.0700;0.0311;-0.0244;0.0166;0.0078;-0.1969
784.0;0.2212;0.1914;0.3489;0.0000;-34;-36;-0.0147;-0.0759;0.0311;-0.0352;0.0156;0.0078;-0.1890
784.5;0.2147;0.1836;0.3237;0.0000;-34;-36;-0.0147;-0.0788;0.0311;-0.0332;0.0156;0.0078;-0.1811
785.0;0.2088;0.1758;0.2878;0.0000;-36;-36;-0.0147;-0.0832;0.0296;-0.0293;0.0156;0.0078;-0.1732
785.5;0.2028;0.1685;0.2885;0.0000;-36;-34;0.0635;-0.0861;0.0296;-0.0293;0.0156;0.0078;-0.1654
786.0;0.1978;0.1616;0.2519;0.0000;-36;-34;-0.0147;-0.0920;0.0296;-0.0254;0.0156;0.0078;-0.1575
786.5;0.1932;0.1543;0.1992;0.0000;-36;-32;-0.0147;-0.0979;0.0296;-0.0205;0.0156;0.0078;-0.1575
787.0;0.1877;0.1474;0.2466;0.0000;-36;-34;-0.0147;-0.1023;0.0281;-0.0254;0.0156;0.0078;-0.1496
787.5;0.1832;0.1410;0.3046;0.0000;-34;-36;-0.0147;-0.1067;0.0281;-0.0313;0.0147;0.0078;-0.1417
788.0;0.1790;0.1342;0.2588;0.0000;-36;-34;-0.0147;-0.1125;0.0281;-0.0264;0.0147;0.0078;-0.1339
788.5;0.1735;0.1277;0.3542;0.0000;-32;-36;-0.0147;-0.1154;0.0267;-0.0362;0.0147;0.0078;-0.1260
789.0;0.1690;0.1218;0.3000;0.0000;-34;-34;0.0635;-0.1198;0.0267;-0.0303;0.0147;0.0078;-0.1181
789.5;0.1648;0.1154;0.2374;0.0000;-34;-32;-0.0929;-0.1228;0.0267;-0.0244;0.0147;0.0078;-0.1102
790.0;0.1598;0.1094;0.2504;0.0000;-34;-32;-0.0147;-0.1257;0.0252;-0.0254;0.0147;0.0078;-0.1024
790.5;0.1561;0.1039;0.2496;0.0000;-34;-32;-0.0147;-0.1316;0.0252;-0.0254;0.0147;0.0078;-0.0945
791.0;0.1529;0.0980;0.1725;0.0000;-36;-30;0.0635;-0.1374;0.0252;-0.0176;0.0147;0.0078;-0.0945
791.5;0.1493;0.0929;0.1786;0.0000;-36;-30;-0.0147;-0.1418;0.0237;-0.0186;0.0137;0.0078;-0.0866
792.0;0.1465;0.0875;0.2191;0.0000;-34;-32;-0.0147;-0.1477;0.0237;-0.0225;0.0137;0.0078;-0.0787
792.5;0.1433;0.0824;0.1718;0.0000;-34;-30;-0.0147;-0.1535;0.0237;-0.0176;0.0137;0.0078;-0.0709
793.0;0.1397;0.0774;0.2863;0.0000;-32;-32;-0.0147;-0.1565;0.0223;-0.0293;0.0137;0.0078;-0.0630
793.5;0.1355;0.0723;0.2290;0.0000;-32;-32;0.0635;-0.1579;0.0223;-0.0235;0.0137;0.0078;-0.0551
794.0;0.1314;0.0678;0.2244;0.0000;-32;-30;-0.0147;-0.1594;0.0208;-0.0235;0.0137;0.0078;-0.0472
794.5;0.1273;0.0632;0.2107;0.0000;-32;-30;-0.0147;-0.1609;0.0208;-0.0215;0.0137;0.0078;-0.0394
795.0;0.1245;0.0586;0.1664;0.0000;-32;-28;0.0635;-0.1653;0.0193;-0.0176;0.0137;0.0078;-0.0315
795.5;0.1223;0.0545;0.1359;0.0000;-32;-26;-0.0831;-0.1696;0.0193;-0.0137;0.0137;0.0078;-0.0236
796.0;0.1200;0.0504;0.1924;0.0000;-30;-28;-0.0147;-0.1740;0.0179;-0.0196;0.0137;0.0078;-0.0236
796.5;0.1181;0.0467;0.1679;0.0000;-30;-26;0.0635;-0.1799;0.0179;-0.0176;0.0127;0.0078;-0.0157
797.0;0.1163;0.0430;0.1305;0.0000;-32;-26;-0.0049;-0.1843;0.0164;-0.0137;0.0127;0.0078;-0.0079
797.5;0.1145;0.0394;0.2275;0.0000;-28;-28;-0.0147;-0.1887;0.0164;-0.0235;0.0127;0.0078;-0.0000
798.0;0.1131;0.0357;0.1947;0.0000;-28;-26;-0.0929;-0.1946;0.0149;-0.0196;0.0127;0.0078;0.0079
798.5;0.1113;0.0325;0.2122;0.0000;-28;-26;0.0635;-0.1975;0.0149;-0.0215;0.0127;0.0078;0.0157
799.0;0.1094;0.0293;0.2221;0.0000;-28;-26;-0.0147;-0.2004;0.0135;-0.0225;0.0127;0.0078;0.0236
799.5;0.1090;0.0266;0.1313;0.0000;-28;-24;-0.0049;-0.2063;0.0135;-0.0137;0.0127;0.0078;0.0315
800.0;0.1085;0.0238;0.0473;0.0000;-30;-22;-0.0049;-0.2121;0.0120;-0.0049;0.0127;0.0078;0.0394
800.5;0.1071;0.0211;0.0641;0.0000;-30;-22;-0.0049;-0.2165;0.0120;-0.0068;0.0127;0.0078;0.0472
801.0;0.1053;0.0183;-0.0191;0.0000;-32;-19;0.0733;-0.2180;0.0105;0.0010;0.0127;0.0078;0.0551
801.5;0.1035;0.0160;-0.0298;0.0000;-32;-19;-0.0049;-0.2195;0.0091;0.0020;0.0127;0.0078;0.0630
802.0;0.1026;0.0142;0.0275;0.0000;-28;-19;-0.0049;-0.2224;0.0091;-0.0029;0.0127;0.0078;0.0709
802.5;0.1016;0.0119;-0.0092;0.0000;-28;-17;-0.0049;-0.2253;0.0076;-0.0000;0.0127;0.0078;0.0787
803.0;0.1012;0.0101;0.0565;0.0000;-26;-19;-0.0049;-0.2282;0.0076;-0.0059;0.0127;0.0078;0.0866
803.5;0.1007;0.0082;0.1031;0.0000;-24;-19;-0.0049;-0.2312;0.0062;-0.0108;0.0127;0.0078;0.0945
804.0;0.1007;0.0069;0.1000;0.0000;-24;-19;-0.0049;-0.2356;0.0047;-0.0108;0.0127;0.0078;0.1024
804.5;0.1007;0.0055;0.1023;0.0000;-24;-17;-0.0049;-0.2385;0.0047;-0.0108;0.0127;0.0078;0.1102
805.0;0.1007;0.0041;0.1534;0.0000;-22;-19;-0.0147;-0.2429;0.0032;-0.0156;0.0127;0.0078;0.1181
805.5;0.1012;0.0032;0.0901;0.0000;-22;-17;-0.0049;-0.2458;0.0018;-0.0098;0.0117;0.0078;0.1181
806.0;0.1012;0.0023;0.0817;0.0000;-22;-17;-0.0831;-0.2473;0.0018;-0.0088;0.0117;0.0078;0.1260
806.5;0.1003;0.0014;0.0992;0.0000;-21;-15;0.0733;-0.2488;0.0003;-0.0108;0.0117;0.0078;0.1339
807.0;0.1007;0.0009;-0.0336;0.0000;-64;-52;-0.0049;-0.2502;-0.0012;0.0029;0.0117;0.0078;-0.0315
807.5;0.1007;0.0005;-0.0328;0.0000;-62;-50;-0.0049;-0.2531;-0.0012;0.0029;0.0117;0.0078;-0.0236
808.0;0.1016;0.0000;-0.0504;0.0000;-62;-50;-0.0049;-0.2546;-0.0026;0.0049;0.0117;0.0078;-0.0157