Time(ms);ActualLinearVel;TargetLinearVel;ActualAngularVel;TargetAngularVel;PWML;PWMR;ImuDiff;VelP;VelI;AngP;AngI;RotationFF;LinearFF
general_params = {
fan_speed = 600.000000,
angular_kp = 0.090000,
angular_ki = 0.000500,
angular_kd = 0.050000,
angular_acc_feed_forward_k = 0.000650,
angular_vel_feed_forward_k = 0.008500,
linear_vel_acc_feed_forward_k = 0.033000,
linear_vel_brake_feed_forward_k = 0.025000,
linear_vel_feed_forward_k = 0.141000,
wall_kp = 0.000000,
wall_ki = 0.000000,
wall_kd = 0.000000,
linear_vel_kp = 2.500000,
linear_vel_ki = 0.010000,
linear_vel_kd = 0.000000,
diagonal_walls_kp = 0.000000,
diagonal_walls_ki = 0.000000,
diagonal_walls_kd = 0.000000,
start_wall_break_mm_left = 5.500000,
start_wall_break_mm_right = 7.200000,
enable_wall_break_correction = 1.000000,
max_linear_acc_jerk = 625.000000,
max_linear_brake_jerk = 625.000000,
wheel_radius_mm = 12.750000,
coulomb_ff = 0.180000,
angular_coulomb_ff = 0.000000,
};
t;Vel;TgtVel;AngVel;TgtAngVel;PWM_L;PWM_R;ImuDiff;VelP;VelI;AngP;AngI;RotFF;LinFF
0.0;0.0000;0.0000;-0.0664;0.0000;-1;3;-0.1613;0.0003;-0.0012;0.0059;-0.0000;0.0000;0.0079
0.5;0.0000;0.0005;-0.1198;0.0000;1;7;-0.0049;0.0003;-0.0012;0.0098;-0.0000;0.0000;0.0157
1.0;0.0000;0.0009;-0.0450;0.0000;5;7;-0.0049;0.0018;-0.0012;0.0039;-0.0000;0.0000;0.0236
1.5;0.0000;0.0014;0.0527;0.0000;48;46;-0.0049;0.0018;-0.0012;-0.0049;-0.0000;0.0000;0.2205
2.0;0.0005;0.0023;0.1298;0.0000;52;48;-0.0049;0.0032;-0.0012;-0.0127;-0.0000;0.0000;0.2283
2.5;0.0009;0.0032;-0.0015;0.0000;52;52;-0.0049;0.0047;-0.0012;-0.0000;-0.0000;0.0000;0.2362
3.0;0.0014;0.0041;-0.0534;0.0000;54;56;-0.0049;0.0062;-0.0012;0.0039;-0.0000;0.0000;0.2520
3.5;0.0023;0.0055;-0.0939;0.0000;56;60;-0.0049;0.0076;-0.0012;0.0078;-0.0000;0.0000;0.2598
4.0;0.0032;0.0069;-0.0282;0.0000;60;62;-0.0049;0.0091;-0.0012;0.0020;-0.0000;0.0000;0.2677
4.5;0.0041;0.0082;-0.0328;0.0000;62;64;-0.0049;0.0105;-0.0012;0.0020;-0.0000;0.0000;0.2835
5.0;0.0050;0.0101;-0.0359;0.0000;65;65;-0.0049;0.0120;-0.0012;0.0029;-0.0000;0.0000;0.2913
5.5;0.0060;0.0119;-0.0389;0.0000;67;69;-0.0049;0.0135;0.0003;0.0029;-0.0000;0.0000;0.2992
6.0;0.0073;0.0142;0.0481;0.0000;71;69;-0.0049;0.0164;0.0003;-0.0049;-0.0000;0.0000;0.3150
6.5;0.0087;0.0160;0.1176;0.0000;77;71;-0.0049;0.0179;0.0003;-0.0108;-0.0000;0.0000;0.3228
7.0;0.0101;0.0183;0.0649;0.0000;77;75;-0.0049;0.0193;0.0003;-0.0059;-0.0000;0.0000;0.3307
7.5;0.0119;0.0211;-0.0489;0.0000;79;81;-0.0049;0.0223;0.0003;0.0039;-0.0000;0.0000;0.3465
8.0;0.0137;0.0238;-0.1397;0.0000;79;87;-0.0049;0.0252;0.0003;0.0117;-0.0000;0.0000;0.3543
8.5;0.0156;0.0266;-0.0198;0.0000;85;87;-0.0049;0.0267;0.0003;0.0010;-0.0000;0.0000;0.3622
9.0;0.0174;0.0293;0.0687;0.0000;91;87;-0.0049;0.0296;0.0003;-0.0068;-0.0000;0.0000;0.3780
9.5;0.0211;0.0325;0.1397;0.0000;97;89;-0.0831;0.0281;0.0003;-0.0127;-0.0000;0.0000;0.3858
10.0;0.0247;0.0357;0.1069;0.0000;97;91;-0.0049;0.0281;0.0003;-0.0098;-0.0010;0.0000;0.4016
10.5;0.0275;0.0394;0.1954;0.0000;101;93;-0.0049;0.0281;0.0003;-0.0186;-0.0010;0.0000;0.4094
11.0;0.0302;0.0430;0.2664;0.0000;107;93;-0.0049;0.0311;0.0003;-0.0244;-0.0010;0.0000;0.4173
11.5;0.0348;0.0467;0.2542;0.0000;109;97;0.0733;0.0296;0.0003;-0.0235;-0.0010;0.0000;0.4331
12.0;0.0385;0.0504;0.0771;0.0000;107;103;-0.0049;0.0296;0.0003;-0.0078;-0.0010;0.0000;0.4409
12.5;0.0426;0.0545;0.0947;0.0000;110;107;-0.0831;0.0296;0.0018;-0.0088;-0.0010;0.0000;0.4488
13.0;0.0462;0.0586;-0.0122;0.0000;110;110;-0.0049;0.0311;0.0018;0.0010;-0.0010;0.0000;0.4646
13.5;0.0504;0.0632;-0.0168;0.0000;114;114;0.0733;0.0311;0.0018;0.0010;-0.0010;0.0000;0.4724
14.0;0.0545;0.0678;-0.1603;0.0000;114;120;-0.0733;0.0325;0.0018;0.0137;-0.0010;0.0000;0.4882
14.5;0.0595;0.0723;-0.0725;0.0000;118;120;-0.0049;0.0311;0.0018;0.0059;-0.0010;0.0000;0.4961
15.0;0.0646;0.0774;-0.0763;0.0000;120;124;0.0733;0.0311;0.0018;0.0059;-0.0010;0.0000;0.5039
15.5;0.0701;0.0824;-0.0656;0.0000;124;126;-0.0049;0.0296;0.0018;0.0049;-0.0010;0.0000;0.5197
16.0;0.0755;0.0875;-0.1374;0.0000;124;132;-0.0831;0.0296;0.0018;0.0117;-0.0010;0.0000;0.5276
16.5;0.0815;0.0929;-0.1550;0.0000;128;134;0.0049;0.0281;0.0018;0.0137;-0.0010;0.0000;0.5433
17.0;0.0879;0.0980;-0.2115;0.0000;128;138;0.0049;0.0252;0.0018;0.0186;-0.0000;0.0000;0.5512
17.5;0.0943;0.1039;-0.2550;0.0000;132;142;0.0049;0.0237;0.0018;0.0225;-0.0000;0.0000;0.5591
18.0;0.0998;0.1094;-0.2511;0.0000;134;144;-0.0733;0.0237;0.0018;0.0225;-0.0000;0.0000;0.5748
18.5;0.1062;0.1154;-0.3534;0.0000;134;148;0.0049;0.0223;0.0018;0.0313;-0.0000;0.0000;0.5827
19.0;0.1117;0.1213;-0.3267;0.0000;136;150;0.0831;0.0237;0.0032;0.0293;-0.0000;0.0000;0.5906
19.5;0.1172;0.1277;-0.3916;0.0000;136;152;-0.0733;0.0252;0.0032;0.0342;-0.0000;0.0000;0.5906
20.0;0.1227;0.1337;-0.3137;0.0000;138;152;0.0049;0.0252;0.0032;0.0274;-0.0000;0.0000;0.5906
20.5;0.1287;0.1397;-0.4069;0.0000;138;153;0.0049;0.0267;0.0032;0.0362;0.0010;0.0000;0.5906
21.0;0.1351;0.1456;-0.4031;0.0000;138;153;0.0049;0.0267;0.0032;0.0362;0.0010;0.0000;0.5906
21.5;0.1410;0.1516;-0.4389;0.0000;138;155;0.0147;0.0252;0.0032;0.0391;0.0010;0.0000;0.5906
22.0;0.1470;0.1575;-0.4153;0.0000;138;155;-0.0733;0.0252;0.0032;0.0371;0.0010;0.0000;0.5906
22.5;0.1534;0.1635;-0.3809;0.0000;138;155;0.0831;0.0237;0.0032;0.0342;0.0020;0.0000;0.5984
23.0;0.1598;0.1694;-0.3214;0.0000;140;153;0.0049;0.0237;0.0032;0.0283;0.0020;0.0000;0.5984
23.5;0.1667;0.1754;-0.3359;0.0000;142;155;-0.0733;0.0223;0.0032;0.0293;0.0020;0.0000;0.5984
24.0;0.1726;0.1818;-0.4198;0.0000;140;157;0.0147;0.0208;0.0032;0.0371;0.0020;0.0000;0.5984
24.5;0.1799;0.1877;-0.3473;0.0000;140;155;0.0049;0.0179;0.0032;0.0303;0.0020;0.0000;0.5984
25.0;0.1864;0.1937;-0.3824;0.0000;140;155;0.0049;0.0179;0.0032;0.0342;0.0020;0.0000;0.5984
25.5;0.1937;0.1996;-0.3817;0.0000;140;155;0.0049;0.0135;0.0032;0.0342;0.0029;0.0000;0.5984
26.0;0.2001;0.2056;-0.4985;0.0000;138;159;0.0147;0.0135;0.0032;0.0440;0.0029;0.0000;0.5984
26.5;0.2065;0.2115;-0.4618;0.0000;140;159;-0.0635;0.0120;0.0032;0.0411;0.0029;0.0000;0.5984
27.0;0.2129;0.2175;-0.5473;0.0000;138;161;0.0929;0.0120;0.0032;0.0489;0.0029;0.0000;0.6063
27.5;0.2189;0.2234;-0.5550;0.0000;138;161;-0.0635;0.0105;0.0047;0.0499;0.0039;0.0000;0.6063
28.0;0.2257;0.2294;-0.4756;0.0000;140;159;0.0147;0.0091;0.0047;0.0420;0.0039;0.0000;0.6063
28.5;0.2321;0.2353;-0.5290;0.0000;138;161;-0.0635;0.0076;0.0047;0.0469;0.0039;0.0000;0.6063
29.0;0.2386;0.2418;-0.5351;0.0000;138;159;-0.0635;0.0076;0.0047;0.0479;0.0039;0.0000;0.6063
29.5;0.2450;0.2477;-0.5649;0.0000;138;161;0.0147;0.0047;0.0047;0.0499;0.0049;0.0000;0.6063
30.0;0.2518;0.2537;-0.4679;0.0000;140;159;0.0147;0.0032;0.0047;0.0420;0.0049;0.0000;0.6063
30.5;0.2592;0.2596;-0.5573;0.0000;140;163;0.0147;0.0003;0.0047;0.0499;0.0049;0.0000;0.6063
31.0;0.2660;0.2656;-0.4870;0.0000;140;161;0.0147;-0.0026;0.0047;0.0430;0.0059;0.0000;0.6063
31.5;0.2729;0.2715;-0.5061;0.0000;140;161;0.0147;-0.0041;0.0047;0.0450;0.0059;0.0000;0.6142
32.0;0.2798;0.2775;-0.5458;0.0000;138;161;0.0147;-0.0070;0.0047;0.0489;0.0059;0.0000;0.6142
32.5;0.2871;0.2834;-0.5802;0.0000;138;161;-0.0635;-0.0100;0.0047;0.0518;0.0059;0.0000;0.6142
33.0;0.2944;0.2894;-0.4916;0.0000;140;159;0.0147;-0.0129;0.0047;0.0440;0.0068;0.0000;0.6142
33.5;0.3017;0.2953;-0.4244;0.0000;142;159;-0.0635;-0.0158;0.0032;0.0381;0.0068;0.0000;0.6142
34.0;0.3086;0.3017;-0.5519;0.0000;138;161;0.0147;-0.0188;0.0032;0.0489;0.0068;0.0000;0.6142
34.5;0.3150;0.3077;-0.4664;0.0000;140;159;0.0147;-0.0202;0.0032;0.0411;0.0068;0.0000;0.6142
35.0;0.3228;0.3136;-0.5305;0.0000;138;161;0.0147;-0.0231;0.0032;0.0469;0.0078;0.0000;0.6142
35.5;0.3310;0.3196;-0.5443;0.0000;138;161;0.0147;-0.0290;0.0032;0.0489;0.0078;0.0000;0.6142
36.0;0.3379;0.3255;-0.5786;0.0000;136;161;0.0147;-0.0319;0.0032;0.0518;0.0078;0.0000;0.6142
36.5;0.3462;0.3315;-0.4687;0.0000;138;159;0.0147;-0.0363;0.0032;0.0420;0.0078;0.0000;0.6220
37.0;0.3535;0.3375;-0.5145;0.0000;136;159;-0.0635;-0.0407;0.0032;0.0459;0.0088;0.0000;0.6220
37.5;0.3599;0.3434;-0.5603;0.0000;136;161;0.0147;-0.0422;0.0032;0.0499;0.0088;0.0000;0.6220
38.0;0.3672;0.3494;-0.4756;0.0000;138;159;0.0147;-0.0451;0.0032;0.0420;0.0088;0.0000;0.6220
38.5;0.3745;0.3558;-0.5092;0.0000;136;159;0.0147;-0.0481;0.0032;0.0450;0.0088;0.0000;0.6220
39.0;0.3819;0.3617;-0.5466;0.0000;134;159;-0.0635;-0.0510;0.0018;0.0489;0.0098;0.0000;0.6220
39.5;0.3892;0.3677;-0.6214;0.0000;132;161;0.0147;-0.0539;0.0018;0.0557;0.0098;0.0000;0.6220
40.0;0.3965;0.3736;-0.5481;0.0000;134;159;0.0147;-0.0583;0.0018;0.0489;0.0098;0.0000;0.6220
40.5;0.4034;0.3796;-0.6351;0.0000;132;161;-0.0635;-0.0598;0.0018;0.0567;0.0108;0.0000;0.6220
41.0;0.4103;0.3855;-0.6092;0.0000;132;161;0.0147;-0.0627;0.0018;0.0547;0.0108;0.0000;0.6299
41.5;0.4176;0.3915;-0.6336;0.0000;132;161;0.0147;-0.0656;0.0018;0.0567;0.0108;0.0000;0.6299
42.0;0.4245;0.3974;-0.6092;0.0000;132;159;0.0147;-0.0686;0.0003;0.0547;0.0117;0.0000;0.6299
42.5;0.4309;0.4034;-0.6344;0.0000;132;159;0.0147;-0.0686;0.0003;0.0567;0.0117;0.0000;0.6299
43.0;0.4373;0.4093;-0.6328;0.0000;132;159;0.0147;-0.0700;0.0003;0.0567;0.0117;0.0000;0.6299
43.5;0.4432;0.4158;-0.6237;0.0000;132;159;-0.0635;-0.0700;0.0003;0.0557;0.0127;0.0000;0.6299
44.0;0.4496;0.4217;-0.7176;0.0000;130;163;-0.0538;-0.0715;0.0003;0.0645;0.0127;0.0000;0.6299
44.5;0.4560;0.4277;-0.6504;0.0000;132;161;0.0147;-0.0715;-0.0012;0.0577;0.0127;0.0000;0.6299
45.0;0.4629;0.4336;-0.6466;0.0000;132;161;-0.0635;-0.0744;-0.0012;0.0577;0.0137;0.0000;0.6299
45.5;0.4698;0.4396;-0.6427;0.0000;132;161;0.0929;-0.0759;-0.0012;0.0577;0.0137;0.0000;0.6378
46.0;0.4766;0.4455;-0.7153;0.0000;130;163;-0.0538;-0.0788;-0.0012;0.0635;0.0137;0.0000;0.6378
46.5;0.4831;0.4515;-0.6534;0.0000;132;161;0.0147;-0.0788;-0.0012;0.0587;0.0147;0.0000;0.6378
47.0;0.4899;0.4574;-0.6565;0.0000;132;161;-0.0635;-0.0817;-0.0026;0.0587;0.0147;0.0000;0.6378
47.5;0.4973;0.4634;-0.5802;0.0000;134;161;0.0147;-0.0847;-0.0026;0.0518;0.0147;0.0000;0.6378
48.0;0.5046;0.4698;-0.5450;0.0000;134;159;-0.0635;-0.0876;-0.0026;0.0489;0.0156;0.0000;0.6378
48.5;0.5119;0.4757;-0.5664;0.0000;132;159;0.0929;-0.0920;-0.0026;0.0508;0.0156;0.0000;0.6378
49.0;0.5188;0.4817;-0.4947;0.0000;134;157;0.0147;-0.0935;-0.0041;0.0440;0.0156;0.0000;0.6378
49.5;0.5256;0.4876;-0.4962;0.0000;134;157;-0.0635;-0.0964;-0.0041;0.0440;0.0156;0.0000;0.6378
50.0;0.5321;0.4936;-0.4351;0.0000;134;155;-0.0635;-0.0979;-0.0041;0.0391;0.0166;0.0000;0.6378
50.5;0.5389;0.4995;-0.5351;0.0000;132;159;0.0929;-0.0979;-0.0041;0.0479;0.0166;0.0000;0.6457
51.0;0.5449;0.5055;-0.4962;0.0000;134;157;0.0147;-0.0993;-0.0056;0.0440;0.0166;0.0000;0.6457
51.5;0.5508;0.5114;-0.5053;0.0000;134;159;-0.0635;-0.0993;-0.0056;0.0450;0.0166;0.0000;0.6457
52.0;0.5568;0.5174;-0.5313;0.0000;134;159;0.0147;-0.0993;-0.0056;0.0469;0.0176;0.0000;0.6457
52.5;0.5618;0.5234;-0.4977;0.0000;134;159;0.0147;-0.0964;-0.0056;0.0440;0.0176;0.0000;0.6457
53.0;0.5668;0.5298;-0.5374;0.0000;134;161;0.0929;-0.0949;-0.0070;0.0479;0.0176;0.0000;0.6457
53.5;0.5733;0.5357;-0.5076;0.0000;134;161;-0.0635;-0.0949;-0.0070;0.0450;0.0176;0.0000;0.6457
54.0;0.5801;0.5417;-0.6015;0.0000;132;163;0.0147;-0.0964;-0.0070;0.0538;0.0186;0.0000;0.6457
54.5;0.5865;0.5476;-0.5084;0.0000;134;161;0.0147;-0.0979;-0.0070;0.0450;0.0186;0.0000;0.6457
55.0;0.5925;0.5536;-0.5473;0.0000;134;163;-0.0635;-0.0979;-0.0085;0.0489;0.0186;0.0000;0.6535
55.5;0.5989;0.5595;-0.4985;0.0000;136;163;0.0147;-0.0993;-0.0085;0.0440;0.0196;0.0000;0.6535
56.0;0.6049;0.5655;-0.5115;0.0000;136;163;0.0147;-0.0993;-0.0085;0.0459;0.0196;0.0000;0.6535
56.5;0.6113;0.5714;-0.5267;0.0000;134;163;0.0147;-0.0993;-0.0100;0.0469;0.0196;0.0000;0.6535
57.0;0.6172;0.5774;-0.6069;0.0000;134;165;0.0147;-0.1008;-0.0100;0.0538;0.0196;0.0000;0.6535
57.5;0.6232;0.5833;-0.6229;0.0000;134;165;0.0147;-0.1008;-0.0100;0.0557;0.0205;0.0000;0.6535
58.0;0.6291;0.5897;-0.5466;0.0000;136;165;0.0147;-0.1008;-0.0100;0.0489;0.0205;0.0000;0.6535
58.5;0.6342;0.5957;-0.6550;0.0000;134;169;0.0929;-0.0979;-0.0114;0.0587;0.0205;0.0000;0.6535
59.0;0.6397;0.6016;-0.5832;0.0000;136;167;-0.1417;-0.0949;-0.0114;0.0518;0.0215;0.0000;0.6535
59.5;0.6447;0.6076;-0.6008;0.0000;136;169;0.0147;-0.0935;-0.0114;0.0538;0.0215;0.0000;0.6614
60.0;0.6497;0.6136;-0.5168;0.0000;138;167;0.0147;-0.0920;-0.0114;0.0459;0.0215;0.0000;0.6614
60.5;0.6557;0.6195;-0.5290;0.0000;138;169;0.0929;-0.0905;-0.0129;0.0469;0.0215;0.0000;0.6614
61.0;0.6616;0.6255;-0.4550;0.0000;140;167;-0.0635;-0.0905;-0.0129;0.0401;0.0225;0.0000;0.6614
61.5;0.6685;0.6314;-0.4763;0.0000;142;169;0.0147;-0.0935;-0.0129;0.0420;0.0225;0.0000;0.6614
62.0;0.6754;0.6374;-0.5420;0.0000;140;171;-0.0635;-0.0949;-0.0129;0.0479;0.0225;0.0000;0.6614
62.5;0.6818;0.6438;-0.4313;0.0000;142;169;0.0929;-0.0964;-0.0144;0.0381;0.0225;0.0000;0.6614
63.0;0.6882;0.6497;-0.4893;0.0000;140;169;-0.0635;-0.0979;-0.0144;0.0440;0.0235;0.0000;0.6614
63.5;0.6941;0.6557;-0.4802;0.0000;140;169;0.0147;-0.0964;-0.0144;0.0430;0.0235;0.0000;0.6614
64.0;0.6996;0.6616;-0.5710;0.0000;140;171;-0.0635;-0.0964;-0.0144;0.0508;0.0235;0.0000;0.6693
64.5;0.7056;0.6676;-0.4779;0.0000;142;169;-0.0635;-0.0964;-0.0158;0.0420;0.0235;0.0000;0.6693
65.0;0.7111;0.6735;-0.5733;0.0000;140;173;0.0929;-0.0949;-0.0158;0.0508;0.0244;0.0000;0.6693
65.5;0.7184;0.6795;-0.5733;0.0000;142;175;-0.0635;-0.0979;-0.0158;0.0508;0.0244;0.0000;0.6693
66.0;0.7244;0.6854;-0.5313;0.0000;142;171;-0.0635;-0.0979;-0.0158;0.0469;0.0244;0.0000;0.6693
66.5;0.7303;0.6914;-0.4336;0.0000;144;171;0.0147;-0.0979;-0.0173;0.0381;0.0254;0.0000;0.6693
67.0;0.7367;0.6973;-0.4183;0.0000;144;171;0.0049;-0.0993;-0.0173;0.0371;0.0254;0.0000;0.6693
67.5;0.7422;0.7038;-0.4344;0.0000;144;171;-0.0635;-0.0979;-0.0173;0.0381;0.0254;0.0000;0.6693
68.0;0.7477;0.7097;-0.3504;0.0000;146;169;0.0831;-0.0964;-0.0173;0.0313;0.0254;0.0000;0.6693
68.5;0.7537;0.7157;-0.4053;0.0000;146;173;0.0049;-0.0949;-0.0188;0.0362;0.0254;0.0000;0.6693
69.0;0.7596;0.7216;-0.2840;0.0000;150;171;0.0049;-0.0949;-0.0188;0.0254;0.0264;0.0000;0.6772
69.5;0.7656;0.7276;-0.2718;0.0000;150;171;0.0049;-0.0949;-0.0188;0.0235;0.0264;0.0000;0.6772
70.0;0.7715;0.7335;-0.3344;0.0000;148;173;0.0049;-0.0949;-0.0202;0.0293;0.0264;0.0000;0.6772
70.5;0.7775;0.7395;-0.3473;0.0000;148;175;0.0049;-0.0949;-0.0202;0.0303;0.0264;0.0000;0.6772
71.0;0.7834;0.7454;-0.2573;0.0000;150;171;0.0049;-0.0949;-0.0202;0.0225;0.0264;0.0000;0.6772
71.5;0.7885;0.7514;-0.2145;0.0000;152;171;-0.1515;-0.0920;-0.0202;0.0186;0.0264;0.0000;0.6772
72.0;0.7935;0.7573;-0.2137;0.0000;153;173;0.0049;-0.0905;-0.0217;0.0186;0.0264;0.0000;0.6772
72.5;0.7985;0.7637;-0.1122;0.0000;155;171;-0.0049;-0.0876;-0.0217;0.0098;0.0264;0.0000;0.6772
73.0;0.8036;0.7697;-0.1855;0.0000;155;175;0.0049;-0.0861;-0.0217;0.0166;0.0264;0.0000;0.6772
73.5;0.8095;0.7756;-0.1733;0.0000;155;175;-0.0733;-0.0847;-0.0217;0.0147;0.0274;0.0000;0.6850
74.0;0.8150;0.7816;-0.2160;0.0000;155;177;0.0831;-0.0847;-0.0217;0.0186;0.0274;0.0000;0.6850
74.5;0.8201;0.7875;-0.1389;0.0000;157;175;-0.0831;-0.0817;-0.0231;0.0117;0.0274;0.0000;0.6850
75.0;0.8251;0.7935;-0.2115;0.0000;157;177;0.0049;-0.0788;-0.0231;0.0186;0.0274;0.0000;0.6850
75.5;0.8301;0.7995;-0.2458;0.0000;157;179;-0.0733;-0.0774;-0.0231;0.0215;0.0274;0.0000;0.6850
76.0;0.8352;0.8054;-0.2443;0.0000;159;181;0.0049;-0.0744;-0.0231;0.0215;0.0274;0.0000;0.6850
76.5;0.8416;0.8114;-0.2634;0.0000;159;183;0.0049;-0.0759;-0.0246;0.0235;0.0274;0.0000;0.6850
77.0;0.8466;0.8178;-0.2137;0.0000;159;181;0.0049;-0.0730;-0.0246;0.0186;0.0274;0.0000;0.6850
77.5;0.8526;0.8237;-0.2855;0.0000;159;183;0.0831;-0.0730;-0.0246;0.0254;0.0283;0.0000;0.6850
78.0;0.8571;0.8297;-0.2519;0.0000;159;183;0.0049;-0.0700;-0.0246;0.0225;0.0283;0.0000;0.6929
78.5;0.8617;0.8356;-0.3435;0.0000;159;187;0.0049;-0.0671;-0.0246;0.0303;0.0283;0.0000;0.6929
79.0;0.8668;0.8416;-0.2992;0.0000;161;187;-0.0733;-0.0642;-0.0246;0.0264;0.0283;0.0000;0.6929
79.5;0.8723;0.8475;-0.3092;0.0000;163;189;0.0049;-0.0627;-0.0261;0.0274;0.0283;0.0000;0.6929
80.0;0.8773;0.8535;-0.3053;0.0000;163;189;0.0049;-0.0598;-0.0261;0.0274;0.0283;0.0000;0.6929
80.5;0.8823;0.8594;-0.2626;0.0000;165;189;0.0049;-0.0583;-0.0261;0.0235;0.0283;0.0000;0.6929
81.0;0.8869;0.8654;-0.2573;0.0000;165;189;-0.0733;-0.0539;-0.0261;0.0225;0.0293;0.0000;0.6929
81.5;0.8919;0.8713;-0.3092;0.0000;165;191;-0.0733;-0.0510;-0.0261;0.0274;0.0293;0.0000;0.6929
82.0;0.8965;0.8777;-0.2702;0.0000;167;193;0.0831;-0.0481;-0.0261;0.0235;0.0293;0.0000;0.6929
82.5;0.9016;0.8837;-0.1809;0.0000;171;191;0.0049;-0.0466;-0.0261;0.0156;0.0293;0.0000;0.6929
83.0;0.9075;0.8897;-0.1855;0.0000;171;193;0.0049;-0.0451;-0.0275;0.0166;0.0293;0.0000;0.7008
83.5;0.9125;0.8956;-0.1267;0.0000;175;191;-0.0831;-0.0437;-0.0275;0.0108;0.0293;0.0000;0.7008
84.0;0.9167;0.9016;-0.0985;0.0000;175;193;-0.0049;-0.0393;-0.0275;0.0088;0.0293;0.0000;0.7008
84.5;0.9208;0.9075;-0.0748;0.0000;177;193;-0.0049;-0.0334;-0.0275;0.0059;0.0293;0.0000;0.7008
85.0;0.9245;0.9135;-0.0878;0.0000;179;195;-0.0049;-0.0275;-0.0275;0.0078;0.0293;0.0000;0.7008
85.5;0.9290;0.9194;0.0412;0.0000;183;195;-0.0049;-0.0246;-0.0275;-0.0039;0.0293;0.0000;0.7008
86.0;0.9332;0.9254;0.0053;0.0000;183;196;0.0733;-0.0202;-0.0275;-0.0010;0.0293;0.0000;0.7008
86.5;0.9386;0.9318;-0.0939;0.0000;183;200;-0.0831;-0.0188;-0.0275;0.0078;0.0293;0.0000;0.7008
87.0;0.9441;0.9377;0.0260;0.0000;187;198;-0.0049;-0.0173;-0.0275;-0.0029;0.0293;0.0000;0.7008
87.5;0.9487;0.9437;-0.0450;0.0000;185;200;0.1515;-0.0129;-0.0275;0.0039;0.0293;0.0000;0.7087
88.0;0.9533;0.9496;-0.0214;0.0000;187;200;-0.0049;-0.0100;-0.0275;0.0010;0.0293;0.0000;0.7087
88.5;0.9583;0.9556;0.0008;0.0000;189;202;-0.0049;-0.0085;-0.0275;-0.0010;0.0293;0.0000;0.7087
89.0;0.9634;0.9615;0.0176;0.0000;189;202;-0.0049;-0.0056;-0.0275;-0.0020;0.0293;0.0000;0.7087
89.5;0.9693;0.9675;-0.0374;0.0000;189;204;-0.0049;-0.0056;-0.0275;0.0029;0.0293;0.0000;0.7087
90.0;0.9748;0.9734;0.0298;0.0000;193;204;-0.0049;-0.0041;-0.0275;-0.0029;0.0293;0.0000;0.7087
90.5;0.9803;0.9794;0.0069;0.0000;193;206;-0.0049;-0.0026;-0.0275;-0.0010;0.0293;0.0000;0.7087
91.0;0.9863;0.9853;0.0450;0.0000;193;206;-0.0049;-0.0026;-0.0275;-0.0049;0.0293;0.0000;0.7087
91.5;0.9922;0.9918;-0.0076;0.0000;193;206;-0.0049;-0.0026;-0.0275;-0.0000;0.0293;0.0000;0.7087
92.0;0.9982;0.9977;-0.0695;0.0000;193;210;0.0733;-0.0012;-0.0275;0.0059;0.0293;0.0000;0.7165
92.5;1.0037;1.0037;0.0198;0.0000;195;208;-0.0831;-0.0012;-0.0275;-0.0020;0.0293;0.0000;0.7165
93.0;1.0105;1.0096;-0.0924;0.0000;193;212;-0.0049;-0.0026;-0.0275;0.0078;0.0293;0.0000;0.7165
93.5;1.0160;1.0156;0.0977;0.0000;198;208;-0.0049;-0.0012;-0.0275;-0.0098;0.0293;0.0000;0.7165
94.0;1.0220;1.0215;0.0427;0.0000;196;208;-0.0049;-0.0026;-0.0275;-0.0039;0.0293;0.0000;0.7165
94.5;1.0279;1.0275;-0.0221;0.0000;196;210;-0.0049;-0.0026;-0.0275;0.0010;0.0293;0.0000;0.7165
95.0;1.0330;1.0334;0.0145;0.0000;198;210;-0.0049;0.0003;-0.0275;-0.0020;0.0293;0.0000;0.7165
95.5;1.0380;1.0394;-0.0282;0.0000;198;212;0.0733;0.0032;-0.0275;0.0020;0.0293;0.0000;0.7165
96.0;1.0435;1.0453;-0.0053;0.0000;198;214;-0.0049;0.0047;-0.0275;-0.0000;0.0293;0.0000;0.7165
96.5;1.0481;1.0517;-0.1115;0.0000;198;218;-0.0049;0.0076;-0.0275;0.0098;0.0293;0.0000;0.7165
97.0;1.0527;1.0577;-0.1015;0.0000;198;220;0.0733;0.0105;-0.0275;0.0088;0.0293;0.0000;0.7244
97.5;1.0572;1.0636;-0.1122;0.0000;200;220;0.0733;0.0149;-0.0275;0.0098;0.0293;0.0000;0.7244
98.0;1.0618;1.0696;-0.1473;0.0000;200;222;0.0831;0.0193;-0.0275;0.0127;0.0303;0.0000;0.7244
98.5;1.0668;1.0755;-0.0466;0.0000;202;222;-0.0049;0.0208;-0.0275;0.0039;0.0303;0.0000;0.7244
99.0;1.0719;1.0815;-0.1534;0.0000;202;226;0.0049;0.0237;-0.0275;0.0137;0.0303;0.0000;0.7244
99.5;1.0774;1.0875;-0.1397;0.0000;204;226;0.0049;0.0252;-0.0275;0.0117;0.0303;0.0000;0.7244
100.0;1.0824;1.0934;0.0008;0.0000;208;224;0.0733;0.0267;-0.0275;-0.0010;0.0303;0.0000;0.7244
100.5;1.0875;1.0994;-0.0229;0.0000;208;226;-0.0049;0.0296;-0.0275;0.0020;0.0303;0.0000;0.7244
101.0;1.0929;1.1058;0.0718;0.0000;210;224;-0.0049;0.0311;-0.0275;-0.0068;0.0303;0.0000;0.7244
101.5;1.0984;1.1117;-0.0313;0.0000;210;228;-0.0049;0.0325;-0.0275;0.0020;0.0303;0.0000;0.7323
102.0;1.1039;1.1177;-0.0405;0.0000;210;228;-0.0049;0.0340;-0.0275;0.0029;0.0303;0.0000;0.7323
102.5;1.1094;1.1236;-0.1695;0.0000;208;232;-0.0733;0.0355;-0.0261;0.0147;0.0303;0.0000;0.7323
103.0;1.1154;1.1296;-0.0557;0.0000;212;232;0.0733;0.0355;-0.0261;0.0049;0.0303;0.0000;0.7323
103.5;1.1209;1.1355;0.0603;0.0000;216;228;-0.0049;0.0355;-0.0261;-0.0059;0.0303;0.0000;0.7323
104.0;1.1268;1.1415;0.0656;0.0000;216;230;0.0733;0.0369;-0.0261;-0.0068;0.0303;0.0000;0.7323
104.5;1.1323;1.1474;0.1870;0.0000;220;228;-0.0147;0.0384;-0.0261;-0.0176;0.0303;0.0000;0.7323
105.0;1.1383;1.1534;-0.0328;0.0000;214;234;-0.0049;0.0369;-0.0261;0.0020;0.0303;0.0000;0.7323
105.5;1.1442;1.1593;0.0634;0.0000;218;232;-0.0831;0.0369;-0.0261;-0.0059;0.0303;0.0000;0.7323
106.0;1.1502;1.1658;-0.1870;0.0000;212;238;0.0831;0.0369;-0.0261;0.0166;0.0303;0.0000;0.7402
106.5;1.1561;1.1717;0.0565;0.0000;220;234;-0.0831;0.0369;-0.0261;-0.0059;0.0303;0.0000;0.7402
107.0;1.1621;1.1777;0.0145;0.0000;220;234;0.0733;0.0369;-0.0261;-0.0020;0.0303;0.0000;0.7402
107.5;1.1676;1.1836;-0.2267;0.0000;214;239;-0.0733;0.0398;-0.0246;0.0196;0.0303;0.0000;0.7402
108.0;1.1726;1.1896;-0.2496;0.0000;214;241;0.0831;0.0413;-0.0246;0.0215;0.0303;0.0000;0.7402
108.5;1.1786;1.1955;-0.4481;0.0000;210;247;0.0147;0.0413;-0.0246;0.0401;0.0303;0.0000;0.7402
109.0;1.1836;1.2015;-0.0397;0.0000;222;239;-0.0049;0.0442;-0.0246;0.0029;0.0303;0.0000;0.7402
109.5;1.1896;1.2074;-0.3069;0.0000;216;245;0.0049;0.0442;-0.0246;0.0274;0.0303;0.0000;0.7402
110.0;1.1955;1.2134;0.0756;0.0000;226;238;-0.0049;0.0442;-0.0246;-0.0078;0.0303;0.0000;0.7402
110.5;1.2019;1.2198;-0.3168;0.0000;218;247;0.0049;0.0428;-0.0246;0.0283;0.0303;0.0000;0.7402
111.0;1.2088;1.2257;-0.0802;0.0000;224;241;-0.0049;0.0413;-0.0246;0.0068;0.0313;0.0000;0.7480
111.5;1.2152;1.2317;0.0832;0.0000;228;238;-0.0049;0.0398;-0.0231;-0.0078;0.0303;0.0000;0.7480
112.0;1.2216;1.2376;0.2641;0.0000;232;236;-0.0147;0.0384;-0.0231;-0.0244;0.0303;0.0000;0.7480
112.5;1.2280;1.2436;0.2252;0.0000;232;236;-0.0147;0.0369;-0.0231;-0.0205;0.0303;0.0000;0.7480
113.0;1.2353;1.2495;-0.2336;0.0000;222;247;0.0049;0.0340;-0.0231;0.0205;0.0303;0.0000;0.7480
113.5;1.2422;1.2555;-0.4275;0.0000;218;251;0.0147;0.0325;-0.0231;0.0381;0.0313;0.0000;0.7480
114.0;1.2491;1.2614;-0.6267;0.0000;212;255;0.0147;0.0296;-0.0231;0.0557;0.0313;0.0000;0.7480
114.5;1.2555;1.2674;-0.2542;0.0000;222;247;-0.0733;0.0296;-0.0231;0.0225;0.0313;0.0000;0.7480
115.0;1.2614;1.2734;-0.6985;0.0000;210;257;0.0147;0.0296;-0.0231;0.0626;0.0313;0.0000;0.7480
115.5;1.2674;1.2798;-0.4374;0.0000;218;251;0.0147;0.0296;-0.0231;0.0391;0.0323;0.0000;0.7559
116.0;1.2729;1.2857;-0.7618;0.0000;210;261;0.1026;0.0311;-0.0231;0.0684;0.0323;0.0000;0.7559
116.5;1.2775;1.2917;-0.6405;0.0000;214;259;-0.0635;0.0340;-0.0231;0.0567;0.0323;0.0000;0.7559
117.0;1.2821;1.2976;-0.4687;0.0000;220;255;0.0147;0.0384;-0.0217;0.0420;0.0332;0.0000;0.7559
117.5;1.2866;1.3036;-0.3214;0.0000;224;253;0.0049;0.0413;-0.0217;0.0283;0.0332;0.0000;0.7559
118.0;1.2912;1.3095;-0.3565;0.0000;224;255;0.0049;0.0457;-0.0217;0.0313;0.0332;0.0000;0.7559
118.5;1.2967;1.3155;-0.7099;0.0000;218;265;0.0244;0.0457;-0.0217;0.0635;0.0332;0.0000;0.7559
119.0;1.3027;1.3214;-0.4076;0.0000;226;259;-0.0733;0.0457;-0.0217;0.0362;0.0332;0.0000;0.7559
119.5;1.3082;1.3274;-0.7038;0.0000;220;267;0.0147;0.0472;-0.0217;0.0626;0.0342;0.0000;0.7559
120.0;1.3146;1.3333;-0.3802;0.0000;228;261;0.0049;0.0472;-0.0217;0.0332;0.0342;0.0000;0.7638
120.5;1.3214;1.3397;-0.5252;0.0000;226;263;0.0147;0.0442;-0.0217;0.0469;0.0342;0.0000;0.7638
121.0;1.3278;1.3457;-0.1321;0.0000;234;255;0.0733;0.0428;-0.0202;0.0117;0.0342;0.0000;0.7638
121.5;1.3347;1.3516;-0.4969;0.0000;226;263;0.0147;0.0413;-0.0202;0.0440;0.0352;0.0000;0.7638
122.0;1.3416;1.3576;-0.4435;0.0000;226;263;0.0147;0.0384;-0.0202;0.0391;0.0352;0.0000;0.7638
122.5;1.3480;1.3636;-0.2359;0.0000;232;257;0.0831;0.0384;-0.0202;0.0205;0.0352;0.0000;0.7638
123.0;1.3549;1.3695;-0.2603;0.0000;232;259;0.0049;0.0369;-0.0202;0.0225;0.0352;0.0000;0.7638
123.5;1.3613;1.3755;-0.1954;0.0000;234;257;0.0049;0.0340;-0.0202;0.0166;0.0352;0.0000;0.7638
124.0;1.3686;1.3814;-0.5351;0.0000;226;267;0.0929;0.0311;-0.0202;0.0479;0.0352;0.0000;0.7638
124.5;1.3759;1.3874;-0.3779;0.0000;228;263;0.0049;0.0281;-0.0202;0.0332;0.0362;0.0000;0.7717
125.0;1.3828;1.3938;-0.6748;0.0000;222;269;-0.0635;0.0267;-0.0202;0.0606;0.0362;0.0000;0.7717
125.5;1.3897;1.3997;-0.3328;0.0000;230;261;0.0049;0.0252;-0.0202;0.0293;0.0362;0.0000;0.7717
126.0;1.3965;1.4057;-0.5015;0.0000;226;265;-0.0635;0.0223;-0.0202;0.0450;0.0362;0.0000;0.7717
126.5;1.4038;1.4116;-0.6374;0.0000;224;269;-0.0635;0.0179;-0.0202;0.0567;0.0371;0.0000;0.7717
127.0;1.4121;1.4176;-0.7595;0.0000;220;271;0.0244;0.0135;-0.0188;0.0674;0.0371;0.0000;0.7717
127.5;1.4199;1.4235;-0.8115;0.0000;220;271;-0.0538;0.0091;-0.0188;0.0723;0.0381;0.0000;0.7717
128.0;1.4277;1.4295;-0.5374;0.0000;226;265;-0.0635;0.0047;-0.0188;0.0479;0.0381;0.0000;0.7717
128.5;1.4354;1.4354;-0.7786;0.0000;220;269;0.0244;-0.0012;-0.0188;0.0694;0.0381;0.0000;0.7717
129.0;1.4428;1.4414;-0.5481;0.0000;224;263;0.0147;-0.0041;-0.0188;0.0489;0.0381;0.0000;0.7717
129.5;1.4505;1.4473;-0.8290;0.0000;216;271;0.0244;-0.0085;-0.0188;0.0743;0.0391;0.0000;0.7795
130.0;1.4579;1.4538;-0.5779;0.0000;222;263;0.0147;-0.0114;-0.0188;0.0518;0.0391;0.0000;0.7795
130.5;1.4652;1.4597;-0.8176;0.0000;218;269;-0.0538;-0.0144;-0.0202;0.0733;0.0401;0.0000;0.7795
131.0;1.4716;1.4657;-0.5473;0.0000;224;263;-0.0635;-0.0158;-0.0202;0.0489;0.0401;0.0000;0.7795
131.5;1.4789;1.4716;-0.5290;0.0000;224;261;-0.0635;-0.0188;-0.0202;0.0469;0.0401;0.0000;0.7795
132.0;1.4863;1.4776;-0.7038;0.0000;220;265;0.0244;-0.0217;-0.0202;0.0626;0.0411;0.0000;0.7795
132.5;1.4936;1.4835;-0.7809;0.0000;218;267;0.0244;-0.0261;-0.0202;0.0694;0.0411;0.0000;0.7795
133.0;1.5018;1.4895;-0.7878;0.0000;216;267;-0.0538;-0.0319;-0.0202;0.0704;0.0411;0.0000;0.7795
133.5;1.5096;1.4954;-0.4527;0.0000;224;257;0.0147;-0.0363;-0.0202;0.0401;0.0420;0.0000;0.7795
134.0;1.5179;1.5014;-0.6565;0.0000;218;263;0.0929;-0.0422;-0.0202;0.0587;0.0420;0.0000;0.7874
134.5;1.5256;1.5078;-0.3542;0.0000;224;255;0.0049;-0.0466;-0.0202;0.0313;0.0420;0.0000;0.7874
135.0;1.5334;1.5137;-0.6107;0.0000;218;261;0.0147;-0.0495;-0.0202;0.0547;0.0420;0.0000;0.7874
135.5;1.5412;1.5197;-0.4550;0.0000;220;255;0.0147;-0.0554;-0.0202;0.0401;0.0430;0.0000;0.7874
136.0;1.5485;1.5256;-0.3015;0.0000;222;251;0.0049;-0.0583;-0.0217;0.0264;0.0430;0.0000;0.7874
136.5;1.5559;1.5316;-0.1160;0.0000;228;247;-0.0831;-0.0612;-0.0217;0.0098;0.0430;0.0000;0.7874
137.0;1.5618;1.5375;-0.1412;0.0000;226;247;-0.0831;-0.0612;-0.0217;0.0117;0.0430;0.0000;0.7874
137.5;1.5678;1.5435;-0.3672;0.0000;220;253;0.0049;-0.0612;-0.0217;0.0323;0.0430;0.0000;0.7874
138.0;1.5737;1.5495;-0.0374;0.0000;228;247;-0.0049;-0.0612;-0.0217;0.0029;0.0430;0.0000;0.7874
138.5;1.5788;1.5554;-0.2481;0.0000;224;251;-0.0733;-0.0583;-0.0217;0.0215;0.0430;0.0000;0.7953
139.0;1.5852;1.5614;0.0389;0.0000;232;245;-0.0049;-0.0598;-0.0231;-0.0039;0.0430;0.0000;0.7953
139.5;1.5911;1.5678;-0.1466;0.0000;226;249;0.0049;-0.0598;-0.0231;0.0127;0.0430;0.0000;0.7953
140.0;1.5975;1.5737;0.1336;0.0000;234;243;-0.0831;-0.0612;-0.0231;-0.0127;0.0430;0.0000;0.7953
140.5;1.6039;1.5797;-0.1565;0.0000;226;251;0.0831;-0.0612;-0.0231;0.0137;0.0430;0.0000;0.7953
141.0;1.6103;1.5856;-0.0626;0.0000;230;249;-0.0831;-0.0627;-0.0231;0.0049;0.0430;0.0000;0.7953
141.5;1.6158;1.5916;0.0542;0.0000;232;247;0.0733;-0.0612;-0.0231;-0.0059;0.0430;0.0000;0.7953
142.0;1.6213;1.5975;0.0947;0.0000;234;247;-0.0049;-0.0598;-0.0246;-0.0088;0.0430;0.0000;0.7953
142.5;1.6259;1.6039;0.1756;0.0000;238;247;-0.0049;-0.0568;-0.0246;-0.0166;0.0430;0.0000;0.8110
143.0;1.6305;1.6099;-0.1679;0.0000;234;259;0.0049;-0.0524;-0.0246;0.0147;0.0430;0.0000;0.8189
143.5;1.6351;1.6163;0.0000;0.0000;241;261;-0.0049;-0.0466;-0.0246;-0.0010;0.0430;0.0000;0.8346
144.0;1.6397;1.6232;-0.2275;0.0000;239;269;-0.0733;-0.0422;-0.0246;0.0196;0.0430;0.0000;0.8425
144.5;1.6451;1.6300;0.0183;0.0000;249;269;0.0733;-0.0393;-0.0246;-0.0020;0.0430;0.0000;0.8504
145.0;1.6516;1.6369;-0.1924;0.0000;249;277;0.0049;-0.0378;-0.0246;0.0166;0.0430;0.0000;0.8661
145.5;1.6571;1.6438;-0.2588;0.0000;249;281;-0.0733;-0.0334;-0.0246;0.0225;0.0440;0.0000;0.8740
146.0;1.6621;1.6511;-0.3641;0.0000;251;288;0.0049;-0.0275;-0.0246;0.0323;0.0440;0.0000;0.8898
146.5;1.6680;1.6584;-0.3313;0.0000;257;292;0.0049;-0.0246;-0.0261;0.0293;0.0440;0.0000;0.8976
147.0;1.6735;1.6662;-0.0626;0.0000;269;290;-0.0049;-0.0188;-0.0261;0.0049;0.0440;0.0000;0.9134
147.5;1.6781;1.6740;0.0084;0.0000;275;294;-0.0049;-0.0114;-0.0261;-0.0010;0.0440;0.0000;0.9213
148.0;1.6841;1.6818;0.1046;0.0000;283;296;-0.0049;-0.0070;-0.0261;-0.0098;0.0440;0.0000;0.9291
148.5;1.6900;1.6896;-0.2122;0.0000;279;310;0.0049;-0.0012;-0.0261;0.0186;0.0440;0.0000;0.9449
149.0;1.6960;1.6978;-0.0023;0.0000;286;310;0.0733;0.0047;-0.0261;-0.0000;0.0440;0.0000;0.9528
149.5;1.7024;1.7065;-0.2931;0.0000;284;320;0.0049;0.0091;-0.0261;0.0254;0.0440;0.0000;0.9685
150.0;1.7097;1.7147;-0.0908;0.0000;294;320;-0.1613;0.0120;-0.0261;0.0078;0.0440;0.0000;0.9764
150.5;1.7166;1.7234;-0.0794;0.0000;300;326;-0.0049;0.0164;-0.0261;0.0068;0.0440;0.0000;0.9921
151.0;1.7239;1.7321;-0.2359;0.0000;302;333;0.0049;0.0193;-0.0246;0.0205;0.0440;0.0000;1.0000
151.5;1.7312;1.7413;-0.3481;0.0000;304;339;0.0049;0.0237;-0.0246;0.0313;0.0450;0.0000;1.0157
152.0;1.7381;1.7505;-0.3557;0.0000;308;343;0.0049;0.0296;-0.0246;0.0313;0.0450;0.0000;1.0236
152.5;1.7445;1.7596;-0.0313;0.0000;320;341;0.0733;0.0369;-0.0246;0.0020;0.0450;0.0000;1.0394
153.0;1.7514;1.7692;-0.2679;0.0000;320;353;0.0049;0.0442;-0.0246;0.0235;0.0450;0.0000;1.0472
153.5;1.7582;1.7788;-0.0046;0.0000;331;353;-0.0831;0.0501;-0.0246;-0.0000;0.0450;0.0000;1.0630
154.0;1.7656;1.7885;-0.2748;0.0000;331;367;0.0831;0.0560;-0.0246;0.0244;0.0450;0.0000;1.0709
154.5;1.7729;1.7985;-0.1344;0.0000;341;369;-0.0831;0.0633;-0.0246;0.0117;0.0450;0.0000;1.0866
155.0;1.7802;1.8086;-0.3901;0.0000;339;378;0.0831;0.0691;-0.0231;0.0342;0.0450;0.0000;1.0945
155.5;1.7871;1.8187;-0.1450;0.0000;351;378;0.0049;0.0779;-0.0231;0.0127;0.0450;0.0000;1.1102
156.0;1.7940;1.8292;-0.1618;0.0000;357;384;0.0049;0.0867;-0.0231;0.0137;0.0450;0.0000;1.1181
156.5;1.8013;1.8397;-0.3260;0.0000;359;396;0.0049;0.0955;-0.0231;0.0283;0.0459;0.0000;1.1339
157.0;1.8091;1.8503;-0.2847;0.0000;369;402;0.0049;0.1028;-0.0217;0.0254;0.0459;0.0000;1.1417
157.5;1.8178;1.8613;-0.4305;0.0000;369;410;0.0147;0.1072;-0.0217;0.0381;0.0459;0.0000;1.1575
158.0;1.8274;1.8723;-0.1069;0.0000;382;408;-0.0049;0.1116;-0.0217;0.0088;0.0459;0.0000;1.1654
158.5;1.8375;1.8832;-0.2931;0.0000;382;417;0.0049;0.1131;-0.0217;0.0254;0.0459;0.0000;1.1811
159.0;1.8471;1.8947;-0.0435;0.0000;394;417;-0.0831;0.1175;-0.0202;0.0029;0.0459;0.0000;1.1890
159.5;1.8590;1.9061;-0.3206;0.0000;394;431;0.0049;0.1175;-0.0202;0.0283;0.0459;0.0000;1.2047
160.0;1.8700;1.9176;-0.2260;0.0000;402;433;0.0049;0.1190;-0.0202;0.0196;0.0469;0.0000;1.2126
160.5;1.8810;1.9295;-0.1092;0.0000;408;435;-0.0049;0.1204;-0.0188;0.0088;0.0469;0.0000;1.2283
161.0;1.8919;1.9414;-0.0466;0.0000;415;439;-0.0831;0.1219;-0.0188;0.0039;0.0469;0.0000;1.2362
161.5;1.9029;1.9533;-0.0382;0.0000;421;445;-0.0049;0.1263;-0.0188;0.0029;0.0469;0.0000;1.2520
162.0;1.9148;1.9657;-0.4099;0.0000;415;458;0.0049;0.1263;-0.0173;0.0362;0.0469;0.0000;1.2598
162.5;1.9267;1.9780;-0.2130;0.0000;427;460;-0.0733;0.1277;-0.0173;0.0186;0.0469;0.0000;1.2756
163.0;1.9391;1.9904;-0.3924;0.0000;427;466;-0.0733;0.1277;-0.0158;0.0352;0.0469;0.0000;1.2835
163.5;1.9501;2.0032;-0.1611;0.0000;435;462;0.0049;0.1321;-0.0158;0.0137;0.0469;0.0000;1.2835
164.0;1.9620;2.0156;-0.4649;0.0000;427;472;0.0147;0.1336;-0.0158;0.0411;0.0469;0.0000;1.2835
164.5;1.9753;2.0279;-0.3038;0.0000;437;472;0.0049;0.1307;-0.0144;0.0264;0.0479;0.0000;1.2835
165.0;1.9886;2.0408;-0.5939;0.0000;431;482;0.0147;0.1292;-0.0144;0.0528;0.0479;0.0000;1.2913
165.5;2.0018;2.0531;-0.7809;0.0000;427;490;-0.0538;0.1277;-0.0144;0.0694;0.0479;0.0000;1.2913
166.0;2.0156;2.0655;-0.6595;0.0000;431;488;0.0929;0.1248;-0.0129;0.0587;0.0489;0.0000;1.2913
166.5;2.0293;2.0783;-0.7840;0.0000;429;492;0.0244;0.1204;-0.0129;0.0704;0.0489;0.0000;1.2913
167.0;2.0430;2.0907;-0.8344;0.0000;427;492;0.0244;0.1175;-0.0129;0.0743;0.0489;0.0000;1.2992
167.5;2.0568;2.1030;-1.1397;0.0000;421;500;0.0342;0.1146;-0.0114;0.1017;0.0499;0.0000;1.2992
168.0;2.0710;2.1154;-1.0290;0.0000;425;500;0.0342;0.1102;-0.0114;0.0919;0.0508;0.0000;1.2992
168.5;2.0852;2.1282;-1.2931;0.0000;417;505;0.1222;0.1058;-0.0114;0.1153;0.0508;0.0000;1.2992
169.0;2.0994;2.1406;-1.0969;0.0000;425;503;0.0342;0.1028;-0.0100;0.0978;0.0518;0.0000;1.2992
169.5;2.1131;2.1529;-1.1809;0.0000;423;505;-0.1222;0.0984;-0.0100;0.1056;0.0518;0.0000;1.3071
170.0;2.1273;2.1658;-1.4794;0.0000;415;511;-0.0342;0.0955;-0.0100;0.1329;0.0528;0.0000;1.3071
170.5;2.1433;2.1781;-1.6183;0.0000;412;515;0.0538;0.0867;-0.0100;0.1447;0.0538;0.0000;1.3071
171.0;2.1593;2.1905;-1.7481;0.0000;408;519;0.1320;0.0779;-0.0100;0.1564;0.0547;0.0000;1.3071
171.5;2.1763;2.2033;-1.6809;0.0000;408;515;0.1320;0.0662;-0.0085;0.1505;0.0557;0.0000;1.3150
172.0;2.1946;2.2157;-1.7275;0.0000;406;517;0.2102;0.0516;-0.0085;0.1554;0.0567;0.0000;1.3150
172.5;2.2134;2.2280;-1.6191;0.0000;406;513;0.2102;0.0369;-0.0085;0.1457;0.0567;0.0000;1.3150
173.0;2.2321;2.2404;-1.8977;0.0000;394;517;0.2199;0.0208;-0.0085;0.1701;0.0577;0.0000;1.3150
173.5;2.2505;2.2532;-1.8977;0.0000;390;513;0.2199;0.0047;-0.0085;0.1701;0.0587;0.0000;1.3150
174.0;2.2697;2.2656;-2.1107;0.0000;382;517;-0.0049;-0.0100;-0.0085;0.1896;0.0596;0.0000;1.3228
174.5;2.2875;2.2779;-1.9489;0.0000;384;511;0.2199;-0.0231;-0.0085;0.1750;0.0606;0.0000;1.3228
175.0;2.3040;2.2908;-1.8336;0.0000;386;507;0.0538;-0.0349;-0.0085;0.1642;0.0616;0.0000;1.3228
175.5;2.3201;2.3031;-1.6664;0.0000;388;500;0.0538;-0.0437;-0.0085;0.1496;0.0626;0.0000;1.3228
176.0;2.3356;2.3155;-1.4656;0.0000;394;496;0.0440;-0.0510;-0.0085;0.1310;0.0635;0.0000;1.3307
176.5;2.3503;2.3283;-1.3092;0.0000;396;490;-0.0342;-0.0568;-0.0100;0.1173;0.0645;0.0000;1.3307
177.0;2.3658;2.3407;-0.9382;0.0000;404;478;0.0244;-0.0642;-0.0100;0.0841;0.0645;0.0000;1.3307
177.5;2.3810;2.3530;-0.9344;0.0000;402;476;0.0244;-0.0700;-0.0100;0.0831;0.0655;0.0000;1.3307
178.0;2.3961;2.3654;-0.7389;0.0000;406;470;0.0244;-0.0774;-0.0100;0.0655;0.0655;0.0000;1.3386
178.5;2.4107;2.3782;-0.7229;0.0000;404;468;0.0244;-0.0817;-0.0100;0.0645;0.0655;0.0000;1.3386
179.0;2.4245;2.3906;-0.5206;0.0000;408;464;0.0929;-0.0847;-0.0114;0.0459;0.0665;0.0000;1.3386
179.5;2.4263;2.4029;-0.3229;0.0000;408;466;-0.0733;-0.0583;-0.0114;0.0283;0.0665;0.0000;1.3386
180.0;2.4313;2.4158;-0.1824;0.0000;417;468;0.0049;-0.0407;-0.0114;0.0156;0.0665;0.0000;1.3386
180.5;2.4386;2.4281;-0.1053;0.0000;423;470;0.0733;-0.0261;-0.0114;0.0088;0.0665;0.0000;1.3465
181.0;2.4469;2.4405;-0.1779;0.0000;425;474;-0.0733;-0.0158;-0.0114;0.0156;0.0665;0.0000;1.3465
181.5;2.4565;2.4533;-0.1779;0.0000;429;478;0.0049;-0.0085;-0.0114;0.0156;0.0665;0.0000;1.3465
182.0;2.4670;2.4657;-0.1649;0.0000;431;480;0.0049;-0.0041;-0.0114;0.0147;0.0665;0.0000;1.3465
182.5;2.4789;2.4780;-0.0061;0.0000;441;478;-0.0831;-0.0041;-0.0114;-0.0000;0.0665;0.0000;1.3543
183.0;2.4904;2.4904;-0.0992;0.0000;441;484;-0.0049;0.0003;-0.0114;0.0088;0.0665;0.0000;1.3543
183.5;2.4899;2.5032;0.0901;0.0000;455;476;-0.0049;0.0325;-0.0114;-0.0088;0.0665;0.0000;1.3543
184.0;2.4931;2.5156;-0.1137;0.0000;457;490;0.0733;0.0560;-0.0114;0.0098;0.0665;0.0000;1.3543
184.5;2.4991;2.5279;-0.0191;0.0000;462;492;-0.0831;0.0721;-0.0114;0.0010;0.0665;0.0000;1.3543
185.0;2.5069;2.5408;0.0779;0.0000;470;496;-0.0049;0.0838;-0.0100;-0.0078;0.0665;0.0000;1.3622
185.5;2.5165;2.5531;0.2198;0.0000;480;498;-0.0929;0.0911;-0.0100;-0.0205;0.0665;0.0000;1.3622
186.0;2.5270;2.5655;0.1420;0.0000;482;503;-0.0929;0.0955;-0.0100;-0.0137;0.0665;0.0000;1.3622
186.5;2.5385;2.5783;0.0901;0.0000;484;507;-0.0049;0.0984;-0.0100;-0.0088;0.0665;0.0000;1.3622
187.0;2.5504;2.5907;0.1603;0.0000;490;509;-0.0147;0.0999;-0.0085;-0.0147;0.0665;0.0000;1.3701
187.5;2.5623;2.6030;-0.0313;0.0000;486;517;0.0733;0.1014;-0.0085;0.0020;0.0665;0.0000;1.3701
188.0;2.5742;2.6154;-0.0176;0.0000;486;517;0.1515;0.1028;-0.0085;0.0010;0.0665;0.0000;1.3701
188.5;2.5861;2.6282;-0.3267;0.0000;480;529;0.0831;0.1043;-0.0070;0.0293;0.0665;0.0000;1.3701
189.0;2.5994;2.6406;-0.4641;0.0000;478;535;0.0929;0.1014;-0.0070;0.0411;0.0665;0.0000;1.3701
189.5;2.6131;2.6529;-0.7252;0.0000;472;544;0.1026;0.0984;-0.0070;0.0645;0.0674;0.0000;1.3780
190.0;2.6277;2.6658;-0.7718;0.0000;472;546;0.1026;0.0941;-0.0070;0.0684;0.0674;0.0000;1.3780
190.5;2.6429;2.6781;-0.9008;0.0000;468;550;0.1808;0.0882;-0.0056;0.0802;0.0684;0.0000;1.3780
191.0;2.6584;2.6905;-0.9656;0.0000;466;552;0.1026;0.0809;-0.0056;0.0860;0.0684;0.0000;1.3780
191.5;2.6735;2.7033;-1.1198;0.0000;460;556;0.1906;0.0735;-0.0056;0.1007;0.0694;0.0000;1.3858
192.0;2.6905;2.7157;-1.5359;0.0000;449;568;0.2004;0.0618;-0.0056;0.1378;0.0694;0.0000;1.3858
192.5;2.7083;2.7280;-1.3641;0.0000;453;562;0.2004;0.0486;-0.0056;0.1222;0.0704;0.0000;1.3858
193.0;2.7234;2.7404;-1.5924;0.0000;447;568;0.1320;0.0413;-0.0056;0.1427;0.0714;0.0000;1.3858
193.5;2.7381;2.7532;-1.2282;0.0000;455;556;-0.0440;0.0369;-0.0041;0.1105;0.0723;0.0000;1.3858
194.0;2.7527;2.7656;-1.2634;0.0000;457;558;0.0440;0.0325;-0.0041;0.1134;0.0723;0.0000;1.3937
194.5;2.7660;2.7779;-0.9679;0.0000;462;550;0.1026;0.0296;-0.0041;0.0870;0.0733;0.0000;1.3937
195.0;2.7793;2.7908;-0.9611;0.0000;464;552;0.0244;0.0281;-0.0041;0.0860;0.0733;0.0000;1.3937
195.5;2.7912;2.8031;-0.5863;0.0000;472;543;0.0929;0.0281;-0.0041;0.0518;0.0743;0.0000;1.3937
196.0;2.8036;2.8155;-0.1863;0.0000;484;535;0.0831;0.0296;-0.0041;0.0166;0.0743;0.0000;1.4016
196.5;2.8164;2.8283;-0.4580;0.0000;480;546;0.0929;0.0281;-0.0041;0.0411;0.0743;0.0000;1.4016
197.0;2.8292;2.8407;-0.3641;0.0000;484;544;0.0831;0.0281;-0.0041;0.0323;0.0743;0.0000;1.4016
197.5;2.8425;2.8530;-0.5924;0.0000;476;550;0.0929;0.0267;-0.0041;0.0528;0.0743;0.0000;1.4016
198.0;2.8558;2.8654;-0.2893;0.0000;484;543;0.1613;0.0237;-0.0041;0.0254;0.0743;0.0000;1.4016
198.5;2.8704;2.8782;-0.3130;0.0000;484;544;0.0831;0.0179;-0.0041;0.0274;0.0753;0.0000;1.4094
199.0;2.8851;2.8906;0.0069;0.0000;492;535;-0.0049;0.0135;-0.0041;-0.0010;0.0753;0.0000;1.4094
199.5;2.8993;2.9029;-0.1893;0.0000;488;541;0.0831;0.0076;-0.0041;0.0166;0.0753;0.0000;1.4094
200.0;2.9153;2.9158;-0.3176;0.0000;484;544;0.0831;0.0003;-0.0041;0.0283;0.0753;0.0000;1.4094
200.5;2.9304;2.9281;-0.4160;0.0000;480;544;-0.0733;-0.0070;-0.0041;0.0371;0.0753;0.0000;1.4016
201.0;2.9455;2.9400;-0.3176;0.0000;478;537;0.0049;-0.0144;-0.0041;0.0283;0.0753;0.0000;1.3937
201.5;2.9611;2.9524;-0.1954;0.0000;476;529;-0.0733;-0.0231;-0.0041;0.0166;0.0753;0.0000;1.3858
202.0;2.9776;2.9638;-0.4420;0.0000;464;529;-0.0635;-0.0349;-0.0041;0.0391;0.0762;0.0000;1.3780
202.5;2.9940;2.9757;-0.3382;0.0000;462;521;0.0831;-0.0466;-0.0041;0.0303;0.0762;0.0000;1.3701
203.0;3.0101;2.9872;-0.5985;0.0000;451;523;0.0929;-0.0568;-0.0041;0.0538;0.0762;0.0000;1.3622
203.5;3.0266;2.9986;-0.2771;0.0000;457;511;-0.0733;-0.0700;-0.0041;0.0244;0.0762;0.0000;1.3543
204.0;3.0412;3.0101;-0.3412;0.0000;451;507;0.0049;-0.0788;-0.0056;0.0303;0.0762;0.0000;1.3465
204.5;3.0549;3.0211;-0.1817;0.0000;449;500;0.0049;-0.0861;-0.0056;0.0156;0.0772;0.0000;1.3307
205.0;3.0682;3.0321;-0.3901;0.0000;441;501;0.0049;-0.0920;-0.0056;0.0342;0.0772;0.0000;1.3228
205.5;3.0806;3.0426;-0.5183;0.0000;431;498;0.0929;-0.0949;-0.0056;0.0459;0.0772;0.0000;1.3150
206.0;3.0916;3.0536;-0.2366;0.0000;435;488;-0.0733;-0.0964;-0.0070;0.0205;0.0772;0.0000;1.3071
206.5;3.1021;3.0636;-0.1695;0.0000;435;482;-0.0733;-0.0964;-0.0070;0.0147;0.0772;0.0000;1.2992
207.0;3.1113;3.0742;0.1260;0.0000;439;470;-0.0831;-0.0935;-0.0070;-0.0117;0.0772;0.0000;1.2913
207.5;3.1195;3.0842;-0.1328;0.0000;429;474;-0.0831;-0.0891;-0.0070;0.0117;0.0772;0.0000;1.2835
208.0;3.1277;3.0943;-0.0008;0.0000;431;470;-0.0049;-0.0847;-0.0070;-0.0000;0.0772;0.0000;1.2756
208.5;3.1355;3.1044;-0.2092;0.0000;423;474;0.0831;-0.0788;-0.0085;0.0186;0.0772;0.0000;1.2598
209.0;3.1433;3.1140;-0.0679;0.0000;425;470;-0.0049;-0.0744;-0.0085;0.0059;0.0772;0.0000;1.2520
209.5;3.1511;3.1236;-0.1107;0.0000;423;468;-0.0049;-0.0700;-0.0085;0.0098;0.0772;0.0000;1.2441
210.0;3.1575;3.1328;0.1038;0.0000;427;462;-0.0049;-0.0627;-0.0085;-0.0098;0.0772;0.0000;1.2362
210.5;3.1630;3.1419;0.0321;0.0000;425;462;0.0733;-0.0524;-0.0085;-0.0029;0.0772;0.0000;1.2283
211.0;3.1685;3.1511;-0.1206;0.0000;421;466;-0.0049;-0.0437;-0.0100;0.0108;0.0772;0.0000;1.2205
211.5;3.1740;3.1598;0.1664;0.0000;427;458;0.0635;-0.0363;-0.0100;-0.0156;0.0772;0.0000;1.2126
212.0;3.1804;3.1685;0.0992;0.0000;427;462;-0.0049;-0.0305;-0.0100;-0.0098;0.0772;0.0000;1.1969
212.5;3.1868;3.1772;0.2885;0.0000;429;455;-0.0147;-0.0246;-0.0100;-0.0264;0.0772;0.0000;1.1890
213.0;3.1937;3.1859;0.1351;0.0000;425;457;-0.0831;-0.0202;-0.0100;-0.0127;0.0772;0.0000;1.1811
213.5;3.2005;3.1941;0.1702;0.0000;423;455;-0.0147;-0.0173;-0.0100;-0.0156;0.0772;0.0000;1.1732
214.0;3.2070;3.2024;-0.1244;0.0000;415;460;-0.0049;-0.0129;-0.0100;0.0108;0.0772;0.0000;1.1654
214.5;3.2125;3.2102;-0.0084;0.0000;417;457;0.0733;-0.0070;-0.0100;-0.0000;0.0772;0.0000;1.1575
215.0;3.2184;3.2179;0.0435;0.0000;417;455;0.0733;-0.0012;-0.0100;-0.0049;0.0772;0.0000;1.1417
215.5;3.2239;3.2257;-0.1740;0.0000;412;460;0.0831;0.0032;-0.0100;0.0147;0.0772;0.0000;1.1339
216.0;3.2285;3.2331;-0.1321;0.0000;412;458;-0.0049;0.0105;-0.0100;0.0117;0.0772;0.0000;1.1260
216.5;3.2340;3.2404;-0.2221;0.0000;408;458;0.0049;0.0164;-0.0100;0.0196;0.0772;0.0000;1.1181
217.0;3.2390;3.2477;0.0206;0.0000;413;451;-0.0831;0.0208;-0.0100;-0.0020;0.0772;0.0000;1.1102
217.5;3.2431;3.2546;0.0344;0.0000;413;451;-0.0049;0.0281;-0.0100;-0.0039;0.0772;0.0000;1.1024
218.0;3.2468;3.2614;0.2763;0.0000;417;445;0.0635;0.0355;-0.0100;-0.0254;0.0772;0.0000;1.0866
218.5;3.2505;3.2683;0.1344;0.0000;415;449;-0.0831;0.0442;-0.0085;-0.0127;0.0772;0.0000;1.0787
219.0;3.2550;3.2747;0.1588;0.0000;415;447;-0.0147;0.0486;-0.0085;-0.0147;0.0772;0.0000;1.0709
219.5;3.2601;3.2811;0.0908;0.0000;413;449;-0.0049;0.0530;-0.0085;-0.0088;0.0772;0.0000;1.0630
220.0;3.2647;3.2875;0.1275;0.0000;413;447;-0.0049;0.0560;-0.0085;-0.0117;0.0772;0.0000;1.0551
220.5;3.2701;3.2935;0.1214;0.0000;410;445;0.0733;0.0574;-0.0085;-0.0117;0.0772;0.0000;1.0394
221.0;3.2756;3.2995;-0.0649;0.0000;404;449;0.1515;0.0589;-0.0085;0.0049;0.0772;0.0000;1.0315
221.5;3.2811;3.3054;-0.0435;0.0000;402;445;0.0733;0.0589;-0.0085;0.0029;0.0772;0.0000;1.0236
222.0;3.2885;3.3109;-0.1672;0.0000;398;447;0.0831;0.0560;-0.0070;0.0147;0.0772;0.0000;1.0157
222.5;3.2953;3.3164;0.0618;0.0000;400;439;-0.0049;0.0516;-0.0070;-0.0059;0.0772;0.0000;1.0079
223.0;3.3022;3.3219;0.0015;0.0000;398;439;-0.0049;0.0486;-0.0070;-0.0010;0.0772;0.0000;0.9921
223.5;3.3091;3.3269;0.1076;0.0000;396;431;-0.0049;0.0442;-0.0070;-0.0098;0.0772;0.0000;0.9843
224.0;3.3159;3.3320;0.0389;0.0000;392;429;-0.0831;0.0398;-0.0070;-0.0039;0.0772;0.0000;0.9764
224.5;3.3223;3.3365;-0.0542;0.0000;384;427;-0.0049;0.0355;-0.0070;0.0039;0.0772;0.0000;0.9685
225.0;3.3297;3.3416;-0.0160;0.0000;384;423;-0.0049;0.0281;-0.0070;0.0010;0.0772;0.0000;0.9528
225.5;3.3370;3.3457;-0.0534;0.0000;378;419;0.0733;0.0208;-0.0070;0.0039;0.0772;0.0000;0.9449
226.0;3.3443;3.3503;0.0435;0.0000;376;413;-0.0049;0.0149;-0.0070;-0.0049;0.0772;0.0000;0.9370
226.5;3.3516;3.3544;-0.1298;0.0000;369;413;-0.0831;0.0062;-0.0070;0.0108;0.0772;0.0000;0.9291
227.0;3.3594;3.3585;-0.0802;0.0000;367;408;-0.0831;-0.0026;-0.0070;0.0068;0.0772;0.0000;0.9213
227.5;3.3668;3.3626;-0.1885;0.0000;359;406;0.0831;-0.0114;-0.0070;0.0166;0.0772;0.0000;0.9055
228.0;3.3727;3.3663;-0.1611;0.0000;355;402;0.0049;-0.0173;-0.0070;0.0137;0.0772;0.0000;0.8976
228.5;3.3777;3.3700;-0.1939;0.0000;351;398;-0.0733;-0.0202;-0.0070;0.0166;0.0772;0.0000;0.8898
229.0;3.3819;3.3732;-0.1275;0.0000;349;392;-0.0831;-0.0231;-0.0070;0.0108;0.0772;0.0000;0.8819
229.5;3.3860;3.3764;-0.2221;0.0000;343;390;-0.0733;-0.0246;-0.0070;0.0196;0.0772;0.0000;0.8661
230.0;3.3892;3.3796;-0.2382;0.0000;339;386;0.0831;-0.0246;-0.0070;0.0205;0.0782;0.0000;0.8583
230.5;3.3915;3.3828;-0.1206;0.0000;339;380;-0.0049;-0.0231;-0.0070;0.0108;0.0782;0.0000;0.8504
231.0;3.3938;3.3855;-0.0908;0.0000;339;380;-0.0049;-0.0217;-0.0070;0.0078;0.0782;0.0000;0.8425
231.5;3.3947;3.3883;0.0763;0.0000;341;372;-0.0049;-0.0173;-0.0070;-0.0078;0.0782;0.0000;0.8268
232.0;3.3961;3.3906;0.0939;0.0000;339;370;-0.0049;-0.0144;-0.0070;-0.0088;0.0782;0.0000;0.8189
232.5;3.3974;3.3929;0.1473;0.0000;337;367;-0.0147;-0.0114;-0.0070;-0.0137;0.0772;0.0000;0.8110
233.0;3.3984;3.3951;0.0069;0.0000;331;367;-0.0049;-0.0085;-0.0070;-0.0010;0.0772;0.0000;0.7953
233.5;3.3988;3.3970;0.1344;0.0000;331;363;0.0733;-0.0056;-0.0070;-0.0127;0.0772;0.0000;0.7874
234.0;3.4006;3.3988;0.1397;0.0000;329;361;-0.0147;-0.0041;-0.0070;-0.0127;0.0772;0.0000;0.7795
234.5;3.4020;3.4006;0.2366;0.0000;329;357;-0.0147;-0.0026;-0.0070;-0.0215;0.0772;0.0000;0.7717
235.0;3.4016;3.4025;0.2977;0.0000;329;353;-0.0929;0.0003;-0.0070;-0.0274;0.0772;0.0000;0.7559
235.5;3.4006;3.4038;0.2908;0.0000;327;351;-0.0147;0.0076;-0.0070;-0.0264;0.0772;0.0000;0.7480
236.0;3.4006;3.4048;0.4519;0.0000;329;345;-0.0244;0.0105;-0.0070;-0.0411;0.0772;0.0000;0.7402
236.5;3.4006;3.4061;0.5130;0.0000;327;341;0.0538;0.0120;-0.0070;-0.0469;0.0762;0.0000;0.7323
237.0;3.4011;3.4071;0.6504;0.0000;329;335;-0.0244;0.0149;-0.0070;-0.0587;0.0762;0.0000;0.7165
237.5;3.4016;3.4080;0.5130;0.0000;324;337;-0.0244;0.0149;-0.0070;-0.0469;0.0762;0.0000;0.7087
238.0;3.4020;3.4084;0.6695;0.0000;326;331;0.0538;0.0149;-0.0070;-0.0606;0.0753;0.0000;0.7008
238.5;3.4020;3.4089;0.6069;0.0000;322;331;0.0538;0.0164;-0.0070;-0.0547;0.0753;0.0000;0.6850
239.0;3.4011;3.4093;0.6687;0.0000;322;327;-0.0244;0.0193;-0.0070;-0.0606;0.0753;0.0000;0.6772
239.5;3.3993;3.4093;0.6847;0.0000;318;326;0.0440;0.0237;-0.0070;-0.0626;0.0743;0.0000;0.6693
240.0;3.3974;3.4093;0.5901;0.0000;314;326;-0.0244;0.0296;-0.0070;-0.0538;0.0743;0.0000;0.6535
240.5;3.3947;3.4093;0.5389;0.0000;312;326;0.0538;0.0355;-0.0070;-0.0489;0.0743;0.0000;0.6457
241.0;3.3915;3.4089;0.4863;0.0000;310;326;-0.0244;0.0428;-0.0056;-0.0440;0.0743;0.0000;0.6378
241.5;3.3883;3.4084;0.5931;0.0000;312;324;-0.0244;0.0501;-0.0056;-0.0538;0.0733;0.0000;0.6299
242.0;3.3860;3.4080;0.3718;0.0000;306;329;0.1417;0.0530;-0.0056;-0.0342;0.0733;0.0000;0.6220
242.5;3.3837;3.4071;0.4420;0.0000;306;327;0.0538;0.0574;-0.0056;-0.0401;0.0733;0.0000;0.6142
243.0;3.3823;3.4061;0.3198;0.0000;302;329;0.1417;0.0589;-0.0056;-0.0293;0.0733;0.0000;0.6063
243.5;3.3814;3.4048;0.3130;0.0000;300;327;-0.0147;0.0574;-0.0056;-0.0283;0.0733;0.0000;0.5984
244.0;3.3828;3.4038;0.2282;0.0000;294;326;-0.0147;0.0516;-0.0056;-0.0215;0.0723;0.0000;0.5906
244.5;3.3814;3.4025;0.3466;0.0000;294;320;0.0635;0.0516;-0.0041;-0.0313;0.0723;0.0000;0.5827
245.0;3.3810;3.4006;0.4206;0.0000;294;316;0.0538;0.0486;-0.0041;-0.0381;0.0723;0.0000;0.5748
245.5;3.3800;3.3988;0.3405;0.0000;290;316;-0.0147;0.0457;-0.0041;-0.0313;0.0723;0.0000;0.5669
246.0;3.3800;3.3970;0.4359;0.0000;290;312;0.0538;0.0428;-0.0041;-0.0401;0.0723;0.0000;0.5591
246.5;3.3805;3.3951;0.3145;0.0000;286;312;0.0635;0.0369;-0.0041;-0.0283;0.0723;0.0000;0.5512
247.0;3.3814;3.3929;0.4244;0.0000;284;306;0.0538;0.0281;-0.0041;-0.0391;0.0714;0.0000;0.5433
247.5;3.3832;3.3906;0.4145;0.0000;281;300;-0.0929;0.0179;-0.0041;-0.0381;0.0714;0.0000;0.5354
248.0;3.3860;3.3883;0.5588;0.0000;279;292;-0.0244;0.0047;-0.0041;-0.0508;0.0714;0.0000;0.5276
248.5;3.3887;3.3855;0.4366;0.0000;271;290;0.0538;-0.0085;-0.0041;-0.0401;0.0714;0.0000;0.5197
249.0;3.3919;3.3828;0.4046;0.0000;267;286;-0.0147;-0.0231;-0.0041;-0.0371;0.0704;0.0000;0.5118
249.5;3.3942;3.3796;0.5160;0.0000;265;279;-0.0244;-0.0363;-0.0041;-0.0469;0.0704;0.0000;0.5039
250.0;3.3951;3.3764;0.4557;0.0000;257;275;-0.0244;-0.0481;-0.0041;-0.0411;0.0704;0.0000;0.4961
250.5;3.3956;3.3732;0.5924;0.0000;257;267;-0.1808;-0.0568;-0.0041;-0.0538;0.0704;0.0000;0.4882
251.0;3.3938;3.3700;0.4069;0.0000;249;267;-0.0147;-0.0612;-0.0041;-0.0371;0.0694;0.0000;0.4803
251.5;3.3924;3.3663;0.4595;0.0000;245;261;-0.0244;-0.0656;-0.0056;-0.0420;0.0694;0.0000;0.4724
252.0;3.3892;3.3626;0.3244;0.0000;239;259;-0.0147;-0.0671;-0.0056;-0.0293;0.0694;0.0000;0.4646
252.5;3.3851;3.3585;0.4611;0.0000;239;253;-0.1026;-0.0671;-0.0056;-0.0420;0.0694;0.0000;0.4567
253.0;3.3800;3.3544;0.4412;0.0000;238;251;-0.0244;-0.0656;-0.0056;-0.0401;0.0684;0.0000;0.4488
253.5;3.3745;3.3503;0.5389;0.0000;238;247;-0.1026;-0.0612;-0.0056;-0.0489;0.0684;0.0000;0.4409
254.0;3.3690;3.3457;0.5122;0.0000;236;245;0.0538;-0.0583;-0.0056;-0.0469;0.0684;0.0000;0.4252
254.5;3.3631;3.3416;0.4145;0.0000;232;245;-0.0147;-0.0554;-0.0070;-0.0381;0.0684;0.0000;0.4173
255.0;3.3567;3.3365;0.6046;0.0000;234;239;-0.0244;-0.0510;-0.0070;-0.0547;0.0674;0.0000;0.4094
255.5;3.3507;3.3320;0.5847;0.0000;230;239;0.0538;-0.0481;-0.0070;-0.0528;0.0674;0.0000;0.4016
256.0;3.3457;3.3269;0.7053;0.0000;232;234;-0.1124;-0.0481;-0.0070;-0.0635;0.0674;0.0000;0.3937
256.5;3.3388;3.3219;0.6809;0.0000;230;232;-0.0244;-0.0437;-0.0070;-0.0616;0.0665;0.0000;0.3858
257.0;3.3315;3.3164;0.6992;0.0000;228;230;-0.0342;-0.0378;-0.0070;-0.0635;0.0665;0.0000;0.3780
257.5;3.3228;3.3109;0.5550;0.0000;224;232;-0.0244;-0.0305;-0.0070;-0.0508;0.0665;0.0000;0.3701
258.0;3.3150;3.3054;0.5595;0.0000;222;232;0.0538;-0.0246;-0.0070;-0.0508;0.0655;0.0000;0.3622
258.5;3.3059;3.2995;0.6511;0.0000;224;228;-0.0244;-0.0173;-0.0070;-0.0596;0.0655;0.0000;0.3543
259.0;3.2972;3.2935;0.7282;0.0000;224;226;-0.0342;-0.0100;-0.0070;-0.0665;0.0655;0.0000;0.3465
259.5;3.2898;3.2875;0.7344;0.0000;222;224;-0.0342;-0.0070;-0.0070;-0.0665;0.0645;0.0000;0.3386
260.0;3.2825;3.2811;0.8550;0.0000;224;220;-0.0342;-0.0041;-0.0070;-0.0772;0.0645;0.0000;0.3228
260.5;3.2747;3.2747;0.8695;0.0000;222;218;0.0440;-0.0012;-0.0070;-0.0792;0.0645;0.0000;0.3150
261.0;3.2674;3.2683;0.9053;0.0000;222;214;-0.0342;0.0018;-0.0070;-0.0821;0.0635;0.0000;0.3071
261.5;3.2596;3.2614;0.9817;0.0000;222;212;0.0342;0.0047;-0.0070;-0.0890;0.0635;0.0000;0.2992
262.0;3.2518;3.2546;0.9275;0.0000;218;212;0.0440;0.0062;-0.0070;-0.0841;0.0626;0.0000;0.2913
262.5;3.2450;3.2477;1.0466;0.0000;220;206;-0.0440;0.0062;-0.0070;-0.0948;0.0626;0.0000;0.2835
263.0;3.2372;3.2404;0.9427;0.0000;214;206;0.0440;0.0076;-0.0070;-0.0850;0.0616;0.0000;0.2756
263.5;3.2303;3.2331;0.9473;0.0000;210;204;0.0440;0.0062;-0.0070;-0.0860;0.0616;0.0000;0.2677
264.0;3.2221;3.2257;0.7702;0.0000;204;206;0.0440;0.0076;-0.0070;-0.0694;0.0606;0.0000;0.2598
264.5;3.2147;3.2179;0.6740;0.0000;200;206;0.0538;0.0076;-0.0070;-0.0616;0.0606;0.0000;0.2441
265.0;3.2060;3.2102;0.4557;0.0000;193;208;0.1320;0.0091;-0.0070;-0.0420;0.0606;0.0000;0.2362
265.5;3.1973;3.2024;0.4603;0.0000;191;206;0.1320;0.0105;-0.0070;-0.0420;0.0596;0.0000;0.2283
266.0;3.1891;3.1941;0.5092;0.0000;189;204;0.1320;0.0120;-0.0070;-0.0459;0.0596;0.0000;0.2205
266.5;3.1809;3.1859;0.3328;0.0000;185;206;0.0635;0.0120;-0.0070;-0.0303;0.0596;0.0000;0.2126
267.0;3.1731;3.1772;0.3496;0.0000;181;202;0.0635;0.0105;-0.0070;-0.0323;0.0596;0.0000;0.2047
267.5;3.1648;3.1685;0.3229;0.0000;179;200;0.0635;0.0091;-0.0070;-0.0293;0.0596;0.0000;0.1969
268.0;3.1571;3.1598;0.5718;0.0000;181;193;0.0538;0.0062;-0.0070;-0.0518;0.0587;0.0000;0.1811
268.5;3.1488;3.1511;0.5084;0.0000;177;191;-0.0244;0.0047;-0.0070;-0.0459;0.0587;0.0000;0.1732
269.0;3.1410;3.1419;0.8031;0.0000;181;181;0.0440;0.0018;-0.0070;-0.0723;0.0587;0.0000;0.1654
269.5;3.1332;3.1328;0.7771;0.0000;177;179;0.0440;-0.0026;-0.0070;-0.0704;0.0577;0.0000;0.1575
270.0;3.1264;3.1236;0.7176;0.0000;173;177;0.0440;-0.0085;-0.0070;-0.0655;0.0577;0.0000;0.1496
270.5;3.1200;3.1140;0.5649;0.0000;165;175;-0.0244;-0.0158;-0.0070;-0.0518;0.0577;0.0000;0.1417
271.0;3.1131;3.1044;0.6191;0.0000;163;169;-0.0244;-0.0231;-0.0070;-0.0567;0.0567;0.0000;0.1260
271.5;3.1071;3.0943;0.7145;0.0000;161;163;0.0440;-0.0319;-0.0070;-0.0645;0.0567;0.0000;0.1181
272.0;3.1016;3.0842;0.5588;0.0000;153;161;-0.0244;-0.0437;-0.0070;-0.0508;0.0567;0.0000;0.1102
272.5;3.0962;3.0742;0.6244;0.0000;152;155;-0.0244;-0.0554;-0.0085;-0.0567;0.0557;0.0000;0.1024
273.0;3.0897;3.0636;0.4466;0.0000;142;153;-0.0244;-0.0656;-0.0085;-0.0411;0.0557;0.0000;0.0945
273.5;3.0842;3.0536;0.6168;0.0000;142;146;-0.0244;-0.0774;-0.0085;-0.0557;0.0557;0.0000;0.0866
274.0;3.0769;3.0426;0.5809;0.0000;138;140;-0.1026;-0.0861;-0.0085;-0.0528;0.0547;0.0000;0.0709
274.5;3.0687;3.0321;0.7145;0.0000;136;132;-0.1906;-0.0920;-0.0085;-0.0645;0.0547;0.0000;0.0630
275.0;3.0595;3.0211;0.6405;0.0000;132;128;-0.1026;-0.0979;-0.0100;-0.0577;0.0547;0.0000;0.0551
275.5;3.0490;3.0101;0.5695;0.0000;126;126;-0.0244;-0.0979;-0.0100;-0.0518;0.0538;0.0000;0.0472
276.0;3.0389;2.9986;0.4282;0.0000;118;126;-0.0244;-0.1023;-0.0100;-0.0391;0.0538;0.0000;0.0394
276.5;3.0288;2.9872;0.3420;0.0000;114;124;0.0635;-0.1037;-0.0114;-0.0313;0.0538;0.0000;0.0236
277.0;3.0174;2.9757;0.4771;0.0000;114;118;-0.0244;-0.1052;-0.0114;-0.0430;0.0538;0.0000;0.0157
277.5;3.0055;2.9638;0.4122;0.0000;109;116;-0.0147;-0.1052;-0.0114;-0.0381;0.0538;0.0000;0.0079
278.0;2.9936;2.9524;0.4985;0.0000;109;112;0.0538;-0.1052;-0.0114;-0.0450;0.0528;0.0000;-0.0000
278.5;2.9821;2.9400;0.4725;0.0000;105;110;-0.0244;-0.1052;-0.0129;-0.0430;0.0528;0.0000;-0.0079
279.0;2.9702;2.9281;0.4924;0.0000;103;107;-0.0244;-0.1067;-0.0129;-0.0450;0.0528;0.0000;-0.0236
279.5;2.9570;2.9158;0.5542;0.0000;101;103;0.0538;-0.1037;-0.0129;-0.0508;0.0528;0.0000;-0.0315
280.0;2.9432;2.9029;0.5290;0.0000;97;101;-0.0244;-0.1008;-0.0144;-0.0479;0.0518;0.0000;-0.0394
280.5;2.9290;2.8906;0.5229;0.0000;95;99;-0.1026;-0.0964;-0.0144;-0.0479;0.0518;0.0000;-0.0472
281.0;2.9139;2.8777;0.4023;0.0000;91;99;-0.0929;-0.0920;-0.0144;-0.0371;0.0518;0.0000;-0.0551
281.5;2.8974;2.8645;0.5076;0.0000;91;95;0.0538;-0.0832;-0.0144;-0.0459;0.0518;0.0000;-0.0709
282.0;2.8819;2.8516;0.3740;0.0000;87;97;-0.0147;-0.0759;-0.0144;-0.0342;0.0508;0.0000;-0.0787
282.5;2.8668;2.8384;0.4832;0.0000;89;91;-0.1026;-0.0730;-0.0158;-0.0440;0.0508;0.0000;-0.0866
283.0;2.8516;2.8246;0.5771;0.0000;89;87;-0.0244;-0.0671;-0.0158;-0.0528;0.0508;0.0000;-0.0945
283.5;2.8365;2.8114;0.6908;0.0000;89;83;-0.0244;-0.0642;-0.0158;-0.0626;0.0499;0.0000;-0.1102
284.0;2.8210;2.7976;0.6366;0.0000;85;81;0.0538;-0.0598;-0.0158;-0.0577;0.0499;0.0000;-0.1181
284.5;2.8063;2.7834;0.6260;0.0000;81;81;-0.0244;-0.0568;-0.0158;-0.0567;0.0499;0.0000;-0.1260
285.0;2.7908;2.7697;0.7015;0.0000;81;77;-0.0342;-0.0539;-0.0158;-0.0635;0.0489;0.0000;-0.1339
285.5;2.7747;2.7555;0.6466;0.0000;79;75;-0.0244;-0.0495;-0.0173;-0.0587;0.0489;0.0000;-0.1496
286.0;2.7587;2.7408;0.7412;0.0000;79;71;-0.0342;-0.0451;-0.0173;-0.0674;0.0489;0.0000;-0.1575
286.5;2.7418;2.7262;0.5779;0.0000;73;73;-0.1026;-0.0393;-0.0173;-0.0528;0.0479;0.0000;-0.1654
287.0;2.7248;2.7115;0.6015;0.0000;73;69;-0.0244;-0.0334;-0.0173;-0.0547;0.0479;0.0000;-0.1732
287.5;2.7079;2.6969;0.5534;0.0000;69;69;-0.1026;-0.0275;-0.0173;-0.0508;0.0479;0.0000;-0.1890
288.0;2.6900;2.6822;0.6458;0.0000;73;69;-0.1026;-0.0202;-0.0173;-0.0587;0.0479;0.0000;-0.1811
288.5;2.6717;2.6676;0.6679;0.0000;77;69;0.0538;-0.0114;-0.0173;-0.0606;0.0469;0.0000;-0.1732
289.0;2.6543;2.6534;0.5382;0.0000;75;75;0.0538;-0.0026;-0.0173;-0.0489;0.0469;0.0000;-0.1654
289.5;2.6378;2.6392;0.4565;0.0000;77;79;0.0538;0.0032;-0.0173;-0.0420;0.0469;0.0000;-0.1654
290.0;2.6209;2.6250;0.2794;0.0000;75;87;-0.0147;0.0091;-0.0173;-0.0254;0.0469;0.0000;-0.1575
290.5;2.6044;2.6113;0.3427;0.0000;77;87;0.0635;0.0164;-0.0173;-0.0313;0.0459;0.0000;-0.1496
291.0;2.5879;2.5975;0.2176;0.0000;77;91;-0.0147;0.0223;-0.0173;-0.0205;0.0459;0.0000;-0.1417
291.5;2.5719;2.5838;0.2656;0.0000;81;93;0.0635;0.0296;-0.0173;-0.0244;0.0459;0.0000;-0.1417
292.0;2.5559;2.5701;0.2420;0.0000;81;97;0.1417;0.0355;-0.0173;-0.0225;0.0459;0.0000;-0.1339
292.5;2.5408;2.5568;0.3893;0.0000;87;95;0.0635;0.0398;-0.0173;-0.0352;0.0459;0.0000;-0.1260
293.0;2.5261;2.5440;0.3687;0.0000;89;97;0.0635;0.0442;-0.0173;-0.0342;0.0459;0.0000;-0.1181
293.5;2.5119;2.5307;0.5061;0.0000;93;97;0.1320;0.0472;-0.0158;-0.0459;0.0450;0.0000;-0.1181
294.0;2.4986;2.5183;0.5611;0.0000;95;97;0.1320;0.0486;-0.0158;-0.0508;0.0450;0.0000;-0.1102
294.5;2.4849;2.5055;0.4641;0.0000;95;101;0.1320;0.0501;-0.0158;-0.0420;0.0450;0.0000;-0.1024
295.0;2.4716;2.4931;0.4908;0.0000;97;101;-0.0244;0.0530;-0.0158;-0.0450;0.0450;0.0000;-0.0945
295.5;2.4583;2.4808;0.4061;0.0000;95;105;-0.0147;0.0560;-0.0158;-0.0371;0.0440;0.0000;-0.0945
296.0;2.4437;2.4684;0.5076;0.0000;99;105;0.0538;0.0604;-0.0158;-0.0459;0.0440;0.0000;-0.0866
296.5;2.4299;2.4565;0.5107;0.0000;101;107;0.0538;0.0648;-0.0144;-0.0469;0.0440;0.0000;-0.0787
297.0;2.4176;2.4446;0.5924;0.0000;105;105;-0.0244;0.0662;-0.0144;-0.0538;0.0440;0.0000;-0.0709
297.5;2.4071;2.4327;0.4893;0.0000;105;109;-0.0244;0.0633;-0.0144;-0.0450;0.0430;0.0000;-0.0630
298.0;2.3974;2.4212;0.4649;0.0000;105;109;-0.1026;0.0589;-0.0144;-0.0420;0.0430;0.0000;-0.0630
298.5;2.3883;2.4098;0.5893;0.0000;107;107;-0.0244;0.0530;-0.0144;-0.0538;0.0430;0.0000;-0.0551
299.0;2.3805;2.3984;0.5336;0.0000;107;109;0.0538;0.0442;-0.0144;-0.0489;0.0430;0.0000;-0.0472
299.5;2.3727;2.3874;0.6031;0.0000;107;107;-0.1026;0.0355;-0.0144;-0.0547;0.0420;0.0000;-0.0394
300.0;2.3658;2.3764;0.5786;0.0000;107;105;-0.0244;0.0267;-0.0144;-0.0528;0.0420;0.0000;-0.0394
300.5;2.3581;2.3658;0.5954;0.0000;107;103;-0.1026;0.0179;-0.0129;-0.0538;0.0420;0.0000;-0.0315
301.0;2.3512;2.3553;0.4878;0.0000;103;105;-0.0244;0.0091;-0.0129;-0.0440;0.0411;0.0000;-0.0236
301.5;2.3434;2.3448;0.5954;0.0000;105;103;0.0538;0.0032;-0.0129;-0.0538;0.0411;0.0000;-0.0157
302.0;2.3347;2.3342;0.4847;0.0000;103;105;-0.0244;-0.0012;-0.0129;-0.0440;0.0411;0.0000;-0.0079
302.5;2.3265;2.3242;0.5099;0.0000;105;103;-0.0244;-0.0056;-0.0129;-0.0459;0.0411;0.0000;-0.0079
303.0;2.3168;2.3141;0.4588;0.0000;103;105;-0.1026;-0.0070;-0.0129;-0.0420;0.0401;0.0000;-0.0000
303.5;2.3072;2.3045;0.3313;0.0000;103;107;-0.0929;-0.0085;-0.0129;-0.0303;0.0401;0.0000;0.0079
304.0;2.2976;2.2949;0.4176;0.0000;105;105;-0.0929;-0.0085;-0.0129;-0.0381;0.0401;0.0000;0.0157
304.5;2.2885;2.2853;0.4328;0.0000;107;107;-0.0244;-0.0100;-0.0144;-0.0391;0.0401;0.0000;0.0236
305.0;2.2788;2.2756;0.5305;0.0000;109;105;-0.1026;-0.0085;-0.0144;-0.0479;0.0391;0.0000;0.0315
305.5;2.2688;2.2665;0.4023;0.0000;107;109;-0.0147;-0.0056;-0.0144;-0.0371;0.0391;0.0000;0.0315
306.0;2.2592;2.2573;0.4290;0.0000;109;109;-0.0147;-0.0041;-0.0144;-0.0391;0.0391;0.0000;0.0394
306.5;2.2495;2.2486;0.3145;0.0000;109;112;0.0635;-0.0026;-0.0144;-0.0283;0.0391;0.0000;0.0472
307.0;2.2404;2.2399;0.3351;0.0000;110;114;0.0635;-0.0026;-0.0144;-0.0303;0.0391;0.0000;0.0551
307.5;2.2312;2.2312;0.3275;0.0000;110;114;-0.0147;0.0003;-0.0144;-0.0303;0.0381;0.0000;0.0630
308.0;2.2225;2.2230;0.3985;0.0000;112;114;0.0635;0.0003;-0.0144;-0.0362;0.0381;0.0000;0.0709
308.5;2.2138;2.2143;0.3557;0.0000;112;116;-0.0147;0.0003;-0.0144;-0.0323;0.0381;0.0000;0.0709
309.0;2.2056;2.2065;0.3702;0.0000;114;118;-0.0929;0.0018;-0.0144;-0.0342;0.0381;0.0000;0.0787
309.5;2.1964;2.1983;0.5061;0.0000;118;116;0.0538;0.0032;-0.0144;-0.0459;0.0381;0.0000;0.0866
310.0;2.1868;2.1905;0.3573;0.0000;116;122;-0.0147;0.0091;-0.0144;-0.0323;0.0371;0.0000;0.0945
310.5;2.1772;2.1832;0.4664;0.0000;122;120;-0.0244;0.0135;-0.0129;-0.0420;0.0371;0.0000;0.1024
311.0;2.1680;2.1754;0.4076;0.0000;122;124;-0.0244;0.0179;-0.0129;-0.0371;0.0371;0.0000;0.1102
311.5;2.1589;2.1680;0.3771;0.0000;124;126;0.0635;0.0223;-0.0129;-0.0342;0.0371;0.0000;0.1181
312.0;2.1493;2.1607;0.3115;0.0000;124;130;-0.0147;0.0281;-0.0129;-0.0283;0.0371;0.0000;0.1181
312.5;2.1397;2.1538;0.3901;0.0000;128;132;-0.0147;0.0340;-0.0129;-0.0352;0.0362;0.0000;0.1260
313.0;2.1310;2.1470;0.4496;0.0000;134;132;-0.1026;0.0398;-0.0129;-0.0411;0.0362;0.0000;0.1339
313.5;2.1227;2.1401;0.4053;0.0000;134;136;0.0635;0.0428;-0.0129;-0.0371;0.0362;0.0000;0.1417
314.0;2.1145;2.1337;0.5092;0.0000;138;136;-0.1026;0.0472;-0.0129;-0.0459;0.0362;0.0000;0.1496
314.5;2.1058;2.1273;0.4374;0.0000;140;138;-0.0244;0.0530;-0.0129;-0.0401;0.0362;0.0000;0.1575
315.0;2.0975;2.1209;0.5511;0.0000;144;138;-0.0244;0.0589;-0.0129;-0.0499;0.0352;0.0000;0.1654
315.5;2.0897;2.1149;0.5412;0.0000;146;140;0.0538;0.0633;-0.0114;-0.0489;0.0352;0.0000;0.1732
316.0;2.0824;2.1090;0.5000;0.0000;148;144;-0.1026;0.0662;-0.0114;-0.0459;0.0352;0.0000;0.1732
316.5;2.0755;2.1030;0.4397;0.0000;150;148;-0.0244;0.0691;-0.0114;-0.0401;0.0352;0.0000;0.1811
317.0;2.0687;2.0975;0.4107;0.0000;150;150;-0.0147;0.0721;-0.0114;-0.0371;0.0342;0.0000;0.1890
317.5;2.0623;2.0920;0.3076;0.0000;150;153;-0.0929;0.0735;-0.0114;-0.0283;0.0342;0.0000;0.1969
318.0;2.0559;2.0870;0.3542;0.0000;153;153;-0.0147;0.0765;-0.0100;-0.0323;0.0342;0.0000;0.2047
318.5;2.0499;2.0815;0.4542;0.0000;157;153;-0.0244;0.0794;-0.0100;-0.0411;0.0342;0.0000;0.2126
319.0;2.0449;2.0765;0.3015;0.0000;155;159;-0.0147;0.0794;-0.0100;-0.0274;0.0342;0.0000;0.2205
319.5;2.0403;2.0719;0.4282;0.0000;161;159;-0.0244;0.0779;-0.0100;-0.0391;0.0332;0.0000;0.2283
320.0;2.0366;2.0673;0.3901;0.0000;161;161;0.0635;0.0765;-0.0100;-0.0352;0.0332;0.0000;0.2362
320.5;2.0325;2.0627;0.3748;0.0000;161;163;-0.0147;0.0750;-0.0085;-0.0342;0.0332;0.0000;0.2441
321.0;2.0279;2.0582;0.4557;0.0000;165;161;-0.1026;0.0750;-0.0085;-0.0411;0.0332;0.0000;0.2441
321.5;2.0234;2.0540;0.5053;0.0000;167;161;-0.0244;0.0765;-0.0085;-0.0459;0.0323;0.0000;0.2520
322.0;2.0192;2.0499;0.4450;0.0000;167;165;-0.0244;0.0765;-0.0085;-0.0401;0.0323;0.0000;0.2598
322.5;2.0156;2.0462;0.4107;0.0000;169;167;-0.0147;0.0765;-0.0070;-0.0371;0.0323;0.0000;0.2677
323.0;2.0119;2.0421;0.3794;0.0000;169;169;0.1417;0.0750;-0.0070;-0.0342;0.0323;0.0000;0.2756
323.5;2.0092;2.0389;0.2122;0.0000;167;177;0.0635;0.0735;-0.0070;-0.0196;0.0323;0.0000;0.2835
324.0;2.0055;2.0353;0.2649;0.0000;169;177;0.0635;0.0735;-0.0070;-0.0244;0.0323;0.0000;0.2913
324.5;2.0023;2.0321;0.1145;0.0000;167;181;0.0733;0.0735;-0.0070;-0.0108;0.0323;0.0000;0.2992
325.0;2.0000;2.0288;0.1595;0.0000;171;181;-0.0147;0.0721;-0.0056;-0.0147;0.0313;0.0000;0.3071
325.5;1.9982;2.0261;0.0137;0.0000;169;187;0.0733;0.0691;-0.0056;-0.0020;0.0313;0.0000;0.3150
326.0;1.9963;2.0229;0.0191;0.0000;169;187;0.0733;0.0662;-0.0056;-0.0020;0.0313;0.0000;0.3228
326.5;1.9954;2.0206;0.0718;0.0000;173;187;0.0733;0.0618;-0.0056;-0.0068;0.0313;0.0000;0.3307
327.0;1.9936;2.0179;0.0443;0.0000;173;189;0.0733;0.0604;-0.0056;-0.0049;0.0313;0.0000;0.3386
327.5;1.9913;2.0156;0.1038;0.0000;175;189;-0.0049;0.0604;-0.0056;-0.0098;0.0313;0.0000;0.3465
328.0;1.9895;2.0133;0.0046;0.0000;175;193;-0.0049;0.0589;-0.0041;-0.0010;0.0313;0.0000;0.3543
328.5;1.9876;2.0114;0.0802;0.0000;179;193;-0.0049;0.0589;-0.0041;-0.0078;0.0313;0.0000;0.3543
329.0;1.9863;2.0096;0.0168;0.0000;179;195;0.0733;0.0574;-0.0041;-0.0020;0.0313;0.0000;0.3622
329.5;1.9853;2.0078;0.0206;0.0000;181;196;-0.0049;0.0560;-0.0041;-0.0020;0.0313;0.0000;0.3701
330.0;1.9858;2.0064;-0.1176;0.0000;179;200;-0.0049;0.0501;-0.0041;0.0098;0.0313;0.0000;0.3780
330.5;1.9858;2.0050;-0.0962;0.0000;181;200;-0.0049;0.0472;-0.0041;0.0078;0.0313;0.0000;0.3858
331.0;1.9858;2.0037;-0.1977;0.0000;179;204;0.0049;0.0442;-0.0041;0.0176;0.0313;0.0000;0.3937
331.5;1.9863;2.0023;-0.1046;0.0000;183;202;-0.0831;0.0398;-0.0026;0.0088;0.0323;0.0000;0.4016
332.0;1.9872;2.0014;0.1115;0.0000;189;198;-0.0049;0.0355;-0.0026;-0.0108;0.0313;0.0000;0.4094
332.5;1.9881;2.0009;0.1069;0.0000;189;200;0.0733;0.0311;-0.0026;-0.0098;0.0313;0.0000;0.4173
333.0;1.9899;2.0000;0.1427;0.0000;191;200;-0.0147;0.0237;-0.0026;-0.0137;0.0313;0.0000;0.4252
333.5;1.9927;2.0000;-0.0389;0.0000;189;206;-0.0049;0.0179;-0.0026;0.0029;0.0313;0.0000;0.4409
334.0;1.9950;2.0000;-0.0794;0.0000;191;210;-0.0049;0.0120;-0.0026;0.0068;0.0313;0.0000;0.4567
334.5;1.9982;2.0000;-0.2397;0.0000;185;212;0.0049;0.0032;-0.0026;0.0215;0.0323;0.0000;0.4567
335.0;2.0023;2.0000;-0.1702;0.0000;185;208;0.0831;-0.0070;-0.0026;0.0147;0.0323;0.0000;0.4567
335.5;2.0069;2.0000;-0.1595;0.0000;183;206;0.0049;-0.0188;-0.0026;0.0137;0.0323;0.0000;0.4567
336.0;2.0114;2.0000;-0.1527;0.0000;181;204;0.0049;-0.0305;-0.0026;0.0127;0.0323;0.0000;0.4567
336.5;2.0156;2.0000;-0.0718;0.0000;181;198;-0.0049;-0.0407;-0.0026;0.0059;0.0323;0.0000;0.4567
337.0;2.0197;2.0000;-0.0840;0.0000;179;198;-0.0831;-0.0495;-0.0026;0.0068;0.0323;0.0000;0.4567
337.5;2.0224;2.0000;-0.0656;0.0000;179;195;-0.0831;-0.0568;-0.0041;0.0049;0.0323;0.0000;0.4567
338.0;2.0247;2.0000;-0.1595;0.0000;175;195;-0.0733;-0.0642;-0.0041;0.0137;0.0323;0.0000;0.4567
338.5;2.0275;2.0000;-0.1733;0.0000;173;193;-0.0733;-0.0700;-0.0041;0.0147;0.0323;0.0000;0.4567
339.0;2.0298;2.0000;-0.3168;0.0000;167;195;-0.0733;-0.0759;-0.0041;0.0283;0.0323;0.0000;0.4567
339.5;2.0311;2.0000;-0.2412;0.0000;167;193;0.0049;-0.0788;-0.0041;0.0215;0.0323;0.0000;0.4567
340.0;2.0311;2.0000;-0.2580;0.0000;167;191;-0.0733;-0.0788;-0.0056;0.0225;0.0323;0.0000;0.4567
340.5;2.0307;2.0000;-0.1977;0.0000;169;189;-0.0733;-0.0788;-0.0056;0.0176;0.0332;0.0000;0.4567
341.0;2.0307;2.0000;-0.1374;0.0000;169;189;-0.0049;-0.0774;-0.0056;0.0117;0.0332;0.0000;0.4567
341.5;2.0298;2.0000;-0.2969;0.0000;165;191;-0.0733;-0.0759;-0.0056;0.0264;0.0332;0.0000;0.4567
342.0;2.0302;2.0000;-0.2313;0.0000;167;189;-0.0733;-0.0774;-0.0056;0.0205;0.0332;0.0000;0.4567
342.5;2.0293;2.0000;-0.2969;0.0000;165;191;-0.0733;-0.0744;-0.0070;0.0264;0.0332;0.0000;0.4567
343.0;2.0279;2.0000;-0.1107;0.0000;171;187;-0.0831;-0.0715;-0.0070;0.0098;0.0332;0.0000;0.4567
343.5;2.0270;2.0000;-0.0962;0.0000;171;187;-0.0831;-0.0686;-0.0070;0.0078;0.0332;0.0000;0.4567
344.0;2.0266;2.0000;0.0992;0.0000;177;183;0.0733;-0.0686;-0.0070;-0.0098;0.0332;0.0000;0.4567
344.5;2.0270;2.0000;0.0435;0.0000;175;185;-0.0049;-0.0686;-0.0070;-0.0049;0.0332;0.0000;0.4567
345.0;2.0275;2.0000;-0.0206;0.0000;171;185;-0.0049;-0.0700;-0.0085;0.0010;0.0332;0.0000;0.4567
345.5;2.0270;2.0000;0.2695;0.0000;179;179;-0.0147;-0.0686;-0.0085;-0.0244;0.0332;0.0000;0.4567
346.0;2.0270;2.0000;0.2191;0.0000;177;179;-0.0147;-0.0686;-0.0085;-0.0205;0.0332;0.0000;0.4567
346.5;2.0270;2.0000;0.3374;0.0000;179;177;-0.0147;-0.0686;-0.0085;-0.0313;0.0332;0.0000;0.4567
347.0;2.0256;2.0000;0.2618;0.0000;177;179;-0.0147;-0.0656;-0.0085;-0.0244;0.0332;0.0000;0.4567
347.5;2.0247;2.0000;0.1916;-0.0191;183;177;-0.0147;-0.0627;-0.0085;-0.0196;0.0323;-0.0275;0.4567
348.0;2.0229;2.0000;0.1191;-0.0565;189;171;0.0733;-0.0583;-0.0100;-0.0166;0.0323;-0.0510;0.4567
348.5;2.0201;2.0000;0.1847;-0.1130;196;163;-0.0147;-0.0524;-0.0100;-0.0274;0.0323;-0.0745;0.4567
349.0;2.0174;2.0000;0.2534;-0.1878;206;155;-0.0147;-0.0451;-0.0100;-0.0401;0.0323;-0.1020;0.4567
349.5;2.0151;2.0000;0.1878;-0.2817;212;152;-0.0147;-0.0393;-0.0100;-0.0430;0.0323;-0.1255;0.4567
350.0;2.0128;2.0000;0.2763;-0.3939;224;142;0.0635;-0.0334;-0.0100;-0.0606;0.0313;-0.1529;0.4567
350.5;2.0114;2.0000;0.2336;-0.5252;234;136;-0.0147;-0.0290;-0.0100;-0.0684;0.0313;-0.1765;0.4567
351.0;2.0101;2.0000;0.1756;-0.6756;241;128;-0.0929;-0.0261;-0.0100;-0.0772;0.0313;-0.2039;0.4567
351.5;2.0078;2.0000;0.1664;-0.8443;251;120;-0.0147;-0.0217;-0.0100;-0.0919;0.0303;-0.2275;0.4567
352.0;2.0060;2.0000;0.0870;-1.0313;263;112;-0.0831;-0.0158;-0.0100;-0.1007;0.0293;-0.2549;0.4567
352.5;2.0050;2.0000;0.0817;-1.2382;275;103;-0.0049;-0.0144;-0.0100;-0.1193;0.0293;-0.2824;0.4567
353.0;2.0032;2.0000;-0.0115;-1.4626;284;95;-0.0831;-0.0085;-0.0100;-0.1310;0.0283;-0.3059;0.4567
353.5;2.0014;2.0000;-0.0321;-1.7069;296;83;-0.0831;-0.0041;-0.0100;-0.1515;0.0274;-0.3333;0.4567
354.0;2.0000;2.0000;-0.2725;-1.9695;304;77;-0.0733;-0.0012;-0.0100;-0.1535;0.0264;-0.3608;0.4567
354.5;1.9991;2.0000;-0.5687;-2.2504;310;73;0.0147;0.0003;-0.0100;-0.1515;0.0254;-0.3882;0.4567
355.0;1.9982;2.0000;-0.7794;-2.5504;320;65;-0.0538;0.0032;-0.0100;-0.1603;0.0254;-0.4118;0.4567
355.5;1.9982;2.0000;-1.1969;-2.8695;326;62;-0.1222;0.0032;-0.0100;-0.1505;0.0244;-0.4392;0.4567
356.0;1.9982;2.0000;-1.3542;-3.2069;337;52;-0.1124;0.0032;-0.0100;-0.1672;0.0235;-0.4667;0.4567
356.5;1.9986;2.0000;-1.8809;-3.5626;339;48;-0.0147;0.0018;-0.0100;-0.1515;0.0225;-0.4941;0.4567
357.0;1.9991;2.0000;-2.2656;-3.9382;347;40;-0.1613;0.0003;-0.0100;-0.1505;0.0215;-0.5216;0.4567
357.5;2.0000;2.0000;-2.6786;-4.3313;355;34;-0.0733;-0.0012;-0.0100;-0.1496;0.0205;-0.5490;0.4567
358.0;1.9995;2.0000;-2.9565;-4.7443;365;24;-0.1320;0.0003;-0.0100;-0.1613;0.0196;-0.5804;0.4567
358.5;1.9995;2.0000;-3.2229;-5.1756;376;15;-0.1320;0.0003;-0.0100;-0.1760;0.0186;-0.6078;0.4567
359.0;1.9982;2.0000;-3.5893;-5.6252;386;5;-0.0342;0.0032;-0.0100;-0.1838;0.0176;-0.6353;0.4567
359.5;1.9973;2.0000;-4.0267;-6.0939;396;-1;-0.1026;0.0062;-0.0100;-0.1867;0.0166;-0.6627;0.4567
360.0;1.9963;2.0000;-4.9427;-6.5817;396;1;-0.1417;0.0076;-0.0100;-0.1476;0.0156;-0.6902;0.4567
360.5;1.9963;2.0000;-5.3092;-7.0878;408;-9;-0.1320;0.0076;-0.0100;-0.1603;0.0147;-0.7216;0.4567
361.0;1.9963;2.0000;-6.1916;-7.6130;408;-9;-0.1026;0.0076;-0.0100;-0.1281;0.0147;-0.7490;0.4567
361.5;1.9950;2.0000;-6.5107;-8.1565;421;-21;-0.0831;0.0105;-0.0100;-0.1486;0.0137;-0.7765;0.4567
362.0;1.9936;2.0000;-7.2405;-8.7191;427;-24;-0.0733;0.0149;-0.0100;-0.1339;0.0127;-0.8078;0.4567
362.5;1.9927;2.0000;-7.9878;-9.3000;431;-26;-0.0342;0.0164;-0.0100;-0.1183;0.0117;-0.8353;0.4567
363.0;1.9922;2.0000;-8.7695;-9.9008;437;-30;-0.1026;0.0179;-0.0100;-0.1026;0.0117;-0.8667;0.4567
363.5;1.9931;2.0000;-9.2809;-10.5191;449;-40;-0.0733;0.0164;-0.0100;-0.1124;0.0108;-0.8941;0.4567
364.0;1.9931;2.0000;-9.7824;-11.1565;460;-54;-0.1320;0.0164;-0.0100;-0.1241;0.0108;-0.9255;0.4567
364.5;1.9931;2.0000;-10.7809;-11.8130;460;-54;-0.0147;0.0164;-0.0100;-0.0938;0.0098;-0.9569;0.4567
365.0;1.9922;2.0000;-11.2939;-12.4878;474;-65;-0.0831;0.0179;-0.0100;-0.1075;0.0088;-0.9843;0.4567
365.5;1.9918;2.0000;-12.1771;-13.1817;478;-69;-0.1222;0.0193;-0.0100;-0.0909;0.0088;-1.0157;0.4567
366.0;1.9913;2.0000;-12.5313;-13.8817;496;-81;-0.0244;0.0208;-0.0100;-0.1222;0.0078;-1.0314;0.4567
366.5;1.9908;2.0000;-13.3183;-14.5817;500;-81;-0.1711;0.0208;-0.0100;-0.1144;0.0078;-1.0353;0.4567
367.0;1.9913;2.0000;-13.6153;-15.2817;513;-95;-0.3079;0.0208;-0.0100;-0.1505;0.0068;-1.0431;0.4567
367.5;1.9931;2.0000;-14.5214;-15.9817;511;-93;-0.1222;0.0164;-0.0100;-0.1320;0.0059;-1.0471;0.4567
368.0;1.9950;2.0000;-15.3084;-16.6817;511;-95;-0.2590;0.0120;-0.0100;-0.1241;0.0049;-1.0549;0.4567
368.5;1.9963;2.0000;-16.0832;-17.3817;513;-99;-0.2297;0.0076;-0.0100;-0.1173;0.0049;-1.0588;0.4567
369.0;1.9991;2.0000;-16.8397;-18.0817;515;-101;-0.2786;0.0003;-0.0100;-0.1124;0.0039;-1.0667;0.4567
369.5;2.0023;2.0000;-17.2473;-18.7817;527;-112;-0.2590;-0.0070;-0.0100;-0.1388;0.0029;-1.0706;0.4567
370.0;2.0046;2.0000;-18.3611;-19.4817;517;-107;-0.1417;-0.0129;-0.0100;-0.1017;0.0029;-1.0784;0.4567
370.5;2.0064;2.0000;-18.9282;-20.1626;517;-109;-0.2004;-0.0173;-0.0100;-0.1114;0.0020;-1.0588;0.4567
371.0;2.0073;2.0000;-20.0130;-20.8252;503;-97;-0.1515;-0.0202;-0.0100;-0.0733;0.0020;-1.0392;0.4567
371.5;2.0082;2.0000;-20.6115;-21.4695;500;-95;-0.3861;-0.0217;-0.0100;-0.0772;0.0010;-1.0196;0.4567
372.0;2.0105;2.0000;-21.4527;-22.0939;492;-87;-0.2590;-0.0275;-0.0100;-0.0587;0.0010;-1.0039;0.4567
372.5;2.0128;2.0000;-21.9557;-22.7008;490;-89;-0.3470;-0.0334;-0.0100;-0.0674;-0.0000;-0.9843;0.4567
373.0;2.0151;2.0000;-22.8221;-23.2878;478;-79;-0.0635;-0.0393;-0.0100;-0.0420;-0.0000;-0.9647;0.4567
373.5;2.0179;2.0000;-23.7725;-23.8565;464;-69;-0.3470;-0.0451;-0.0100;-0.0078;-0.0000;-0.9451;0.4567
374.0;2.0211;2.0000;-24.2649;-24.4069;460;-67;-0.3275;-0.0539;-0.0100;-0.0137;-0.0000;-0.9255;0.4567
374.5;2.0234;2.0000;-25.0519;-24.9382;449;-60;-0.0635;-0.0598;-0.0100;0.0098;-0.0000;-0.9059;0.4567
375.0;2.0252;2.0000;-25.5580;-25.4504;439;-58;-0.0538;-0.0642;-0.0114;0.0088;-0.0000;-0.8863;0.4567
375.5;2.0256;2.0000;-26.4634;-25.9443;421;-44;-0.0929;-0.0656;-0.0114;0.0459;-0.0000;-0.8627;0.4567
376.0;2.0247;2.0000;-26.8092;-26.4191;419;-42;-0.2297;-0.0627;-0.0114;0.0342;0.0010;-0.8431;0.4567
376.5;2.0243;2.0000;-27.6916;-26.8756;404;-28;0.0147;-0.0627;-0.0114;0.0733;0.0010;-0.8235;0.4567
377.0;2.0238;2.0000;-28.0244;-27.3130;402;-26;-0.0440;-0.0598;-0.0114;0.0635;0.0010;-0.8039;0.4567
377.5;2.0215;2.0000;-28.5008;-27.7313;396;-21;0.0538;-0.0554;-0.0114;0.0684;0.0020;-0.7804;0.4567
378.0;2.0206;2.0000;-28.8069;-28.1313;392;-17;-0.0147;-0.0524;-0.0129;0.0606;0.0020;-0.7608;0.4567
378.5;2.0192;2.0000;-29.3137;-28.5130;384;-11;-0.0733;-0.0495;-0.0129;0.0714;0.0029;-0.7412;0.4567
379.0;2.0169;2.0000;-30.0649;-28.8756;372;3;0.1124;-0.0437;-0.0129;0.1065;0.0029;-0.7176;0.4567
379.5;2.0142;2.0000;-30.2008;-29.2191;372;5;-0.0440;-0.0378;-0.0129;0.0880;0.0039;-0.6980;0.4567
380.0;2.0124;2.0000;-30.7092;-29.5443;365;13;-0.0049;-0.0319;-0.0129;0.1046;0.0039;-0.6745;0.4567
380.5;2.0110;2.0000;-30.7305;-29.8504;367;13;-0.0147;-0.0290;-0.0129;0.0792;0.0049;-0.6549;0.4567
381.0;2.0096;2.0000;-31.2740;-30.1382;357;22;-0.1124;-0.0246;-0.0129;0.1017;0.0049;-0.6314;0.4567
381.5;2.0082;2.0000;-31.5313;-30.4069;351;28;-0.0440;-0.0217;-0.0129;0.1007;0.0059;-0.6078;0.4567
382.0;2.0069;2.0000;-31.9901;-30.6565;341;38;-0.0147;-0.0173;-0.0129;0.1193;0.0068;-0.5882;0.4567
382.5;2.0050;2.0000;-32.1924;-30.8878;339;44;-0.0538;-0.0144;-0.0129;0.1173;0.0068;-0.5647;0.4567
383.0;2.0037;2.0000;-32.2198;-31.1008;339;46;0.0244;-0.0100;-0.0129;0.1007;0.0078;-0.5412;0.4567
383.5;2.0023;2.0000;-32.3084;-31.2939;337;48;-0.0538;-0.0070;-0.0129;0.0909;0.0078;-0.5216;0.4567
384.0;2.0014;2.0000;-32.4947;-31.4695;331;54;0.0342;-0.0056;-0.0129;0.0919;0.0088;-0.4980;0.4567
384.5;2.0000;2.0000;-32.9397;-31.6252;320;65;-0.0929;-0.0012;-0.0129;0.1183;0.0088;-0.4745;0.4567
385.0;1.9986;2.0000;-32.9336;-31.7626;320;67;0.0049;0.0018;-0.0129;0.1046;0.0098;-0.4510;0.4567
385.5;1.9986;2.0000;-33.3267;-31.8817;308;79;0.0244;0.0018;-0.0129;0.1300;0.0108;-0.4275;0.4567
386.0;1.9982;2.0000;-33.1504;-31.9817;308;77;-0.0538;0.0032;-0.0129;0.1046;0.0108;-0.4039;0.4567
386.5;1.9977;2.0000;-33.4427;-32.0000;279;109;0.0342;0.0047;-0.0129;0.1290;0.0117;-0.2980;0.4567
387.0;1.9977;2.0000;-33.6191;-32.0000;269;118;0.0733;0.0047;-0.0129;0.1457;0.0127;-0.2745;0.4567
387.5;1.9977;2.0000;-33.8885;-32.0000;265;124;0.0831;0.0047;-0.0129;0.1691;0.0137;-0.2745;0.4567
388.0;1.9982;2.0000;-33.8481;-32.0000;265;124;0.0929;0.0032;-0.0129;0.1662;0.0147;-0.2745;0.4567
388.5;1.9977;2.0000;-33.6733;-32.0000;269;120;0.0831;0.0047;-0.0129;0.1505;0.0156;-0.2745;0.4567
389.0;1.9973;2.0000;-33.9290;-32.0000;263;126;0.0831;0.0047;-0.0129;0.1730;0.0166;-0.2745;0.4567
389.5;1.9982;2.0000;-33.7397;-32.0000;265;122;0.1613;0.0032;-0.0129;0.1564;0.0176;-0.2745;0.4567
390.0;1.9991;2.0000;-34.0427;-32.0000;257;128;0.0929;0.0003;-0.0129;0.1838;0.0186;-0.2745;0.4567
390.5;2.0000;2.0000;-33.6626;-32.0000;267;118;0.0733;-0.0012;-0.0129;0.1496;0.0196;-0.2745;0.4567
391.0;2.0014;2.0000;-33.6214;-32.0000;267;118;0.0733;-0.0041;-0.0129;0.1457;0.0196;-0.2745;0.4567
391.5;2.0023;2.0000;-33.1954;-32.0000;277;109;0.0635;-0.0070;-0.0129;0.1075;0.0205;-0.2745;0.4567
392.0;2.0032;2.0000;-33.0740;-32.0000;279;105;-0.0929;-0.0085;-0.0129;0.0958;0.0215;-0.2745;0.4567
392.5;2.0041;2.0000;-32.8473;-32.0000;283;99;-0.1124;-0.0114;-0.0129;0.0753;0.0215;-0.2745;0.4567
393.0;2.0050;2.0000;-32.8405;-32.0000;283;99;-0.0244;-0.0144;-0.0129;0.0753;0.0215;-0.2745;0.4567
393.5;2.0050;2.0000;-32.5328;-32.0000;288;91;-0.0342;-0.0144;-0.0129;0.0479;0.0225;-0.2745;0.4567
394.0;2.0055;2.0000;-32.1756;-32.0000;296;83;-0.0147;-0.0158;-0.0129;0.0156;0.0225;-0.2745;0.4567
394.5;2.0078;2.0000;-32.3137;-32.0000;294;85;-0.1417;-0.0217;-0.0144;0.0274;0.0225;-0.2745;0.4567
395.0;2.0101;2.0000;-32.0504;-32.0000;300;77;-0.2395;-0.0261;-0.0144;0.0039;0.0225;-0.2745;0.4567
395.5;2.0133;2.0000;-32.2176;-32.0000;296;79;-0.1808;-0.0349;-0.0144;0.0196;0.0225;-0.2745;0.4567
396.0;2.0165;2.0000;-32.0534;-32.0000;296;75;-0.1613;-0.0422;-0.0144;0.0039;0.0225;-0.2745;0.4567
396.5;2.0179;2.0000;-32.0450;-32.0000;294;73;-0.0538;-0.0451;-0.0144;0.0039;0.0225;-0.2745;0.4567
397.0;2.0183;2.0000;-31.8153;-32.0000;298;67;-0.0733;-0.0466;-0.0144;-0.0176;0.0225;-0.2745;0.4567
397.5;2.0188;2.0000;-31.9298;-32.0000;296;69;-0.1417;-0.0481;-0.0144;-0.0068;0.0225;-0.2745;0.4567
398.0;2.0192;2.0000;-31.9573;-31.9817;290;77;0.0244;-0.0495;-0.0144;-0.0029;0.0225;-0.2510;0.4567
398.5;2.0183;2.0000;-31.7626;-31.9443;286;79;-0.0733;-0.0466;-0.0144;-0.0166;0.0225;-0.2235;0.4567
399.0;2.0169;2.0000;-31.7702;-31.8878;281;87;0.1026;-0.0437;-0.0158;-0.0108;0.0225;-0.2000;0.4567
399.5;2.0151;2.0000;-31.5557;-31.8130;277;91;-0.0049;-0.0393;-0.0158;-0.0235;0.0225;-0.1765;0.4567
400.0;2.0133;2.0000;-31.7855;-31.7191;263;105;0.0342;-0.0349;-0.0158;0.0059;0.0225;-0.1490;0.4567
400.5;2.0114;2.0000;-31.6672;-31.6069;257;110;-0.0147;-0.0305;-0.0158;0.0049;0.0225;-0.1255;0.4567
401.0;2.0092;2.0000;-31.8389;-31.4756;247;124;0.1026;-0.0231;-0.0158;0.0323;0.0225;-0.0980;0.4567
401.5;2.0060;2.0000;-31.6565;-31.3252;243;132;0.0049;-0.0173;-0.0158;0.0293;0.0225;-0.0745;0.4567
402.0;2.0032;2.0000;-31.6145;-31.1565;234;142;0.1613;-0.0085;-0.0158;0.0411;0.0225;-0.0471;0.4567
402.5;2.0000;2.0000;-31.3359;-30.9695;232;148;0.0049;-0.0012;-0.0158;0.0323;0.0235;-0.0196;0.4567
403.0;1.9959;2.0000;-31.3015;-30.7626;224;159;0.0733;0.0091;-0.0158;0.0479;0.0235;0.0039;0.4567
403.5;1.9927;2.0000;-31.3458;-30.5382;212;175;0.0733;0.0164;-0.0158;0.0723;0.0235;0.0314;0.4567
404.0;1.9899;2.0000;-30.9076;-30.2939;212;177;0.0635;0.0237;-0.0158;0.0547;0.0244;0.0588;0.4567
404.5;1.9872;2.0000;-30.8908;-30.0313;202;191;0.1320;0.0296;-0.0158;0.0772;0.0244;0.0824;0.4567
405.0;1.9844;2.0000;-30.5443;-29.7504;198;198;0.1320;0.0369;-0.0158;0.0714;0.0244;0.1098;0.4567
405.5;1.9821;2.0000;-30.5679;-29.4504;185;214;0.2004;0.0428;-0.0158;0.0997;0.0254;0.1373;0.4567
406.0;1.9799;2.0000;-30.3298;-29.1313;179;224;0.1124;0.0486;-0.0144;0.1075;0.0264;0.1647;0.4567
406.5;1.9766;2.0000;-30.3893;-28.7939;163;241;0.2004;0.0574;-0.0144;0.1427;0.0264;0.1922;0.4567
407.0;1.9734;2.0000;-29.9656;-28.4382;161;247;0.1026;0.0648;-0.0144;0.1369;0.0274;0.2196;0.4567
407.5;1.9712;2.0000;-29.5466;-28.0626;155;255;0.0929;0.0706;-0.0144;0.1329;0.0283;0.2471;0.4567
408.0;1.9689;2.0000;-29.3382;-27.6695;148;269;0.0831;0.0765;-0.0144;0.1496;0.0293;0.2745;0.4567
408.5;1.9661;2.0000;-28.8145;-27.2565;144;275;0.1613;0.0838;-0.0129;0.1398;0.0303;0.3020;0.4567
409.0;1.9629;2.0000;-28.5145;-26.8252;136;286;0.1124;0.0911;-0.0129;0.1515;0.0303;0.3294;0.4567
409.5;1.9597;2.0000;-27.7206;-26.3756;138;288;0.2004;0.0999;-0.0129;0.1202;0.0313;0.3608;0.4567
410.0;1.9570;2.0000;-27.3779;-25.9069;130;300;0.1515;0.1072;-0.0129;0.1320;0.0323;0.3882;0.4567
410.5;1.9542;2.0000;-26.6099;-25.4191;130;304;0.1417;0.1131;-0.0114;0.1065;0.0323;0.4157;0.4567
411.0;1.9524;2.0000;-26.1824;-24.9130;122;316;0.1320;0.1175;-0.0114;0.1134;0.0332;0.4431;0.4567
411.5;1.9505;2.0000;-25.5908;-24.3878;118;324;0.1124;0.1219;-0.0114;0.1075;0.0342;0.4745;0.4567
412.0;1.9483;2.0000;-25.1595;-23.8443;110;335;0.0929;0.1277;-0.0100;0.1183;0.0342;0.5020;0.4567
412.5;1.9469;2.0000;-24.5008;-23.2817;107;343;0.1515;0.1307;-0.0100;0.1095;0.0352;0.5333;0.4567
413.0;1.9451;2.0000;-23.6359;-22.7008;105;345;0.2981;0.1365;-0.0100;0.0841;0.0352;0.5608;0.4567
413.5;1.9432;2.0000;-23.2473;-22.1000;93;359;0.1613;0.1395;-0.0085;0.1026;0.0362;0.5882;0.4567
414.0;1.9432;2.0000;-22.5321;-21.4817;89;367;0.2590;0.1409;-0.0085;0.0938;0.0371;0.6196;0.4567
414.5;1.9432;2.0000;-22.0954;-20.8443;75;378;0.2004;0.1409;-0.0070;0.1124;0.0371;0.6510;0.4567
415.0;1.9428;2.0000;-21.2954;-20.1878;71;386;0.2004;0.1409;-0.0070;0.0987;0.0381;0.6784;0.4567
415.5;1.9437;2.0000;-20.6260;-19.5130;64;396;0.2493;0.1395;-0.0070;0.0997;0.0381;0.7098;0.4567
416.0;1.9441;2.0000;-19.7595;-18.8191;60;400;0.1417;0.1380;-0.0056;0.0841;0.0391;0.7412;0.4567
416.5;1.9441;2.0000;-19.1260;-18.1191;54;406;0.1906;0.1380;-0.0056;0.0899;0.0391;0.7529;0.4567
417.0;1.9437;2.0000;-18.3366;-17.4191;54;408;0.0929;0.1395;-0.0041;0.0821;0.0401;0.7608;0.4567
417.5;1.9428;2.0000;-17.6115;-16.7191;52;410;0.1515;0.1424;-0.0041;0.0802;0.0401;0.7647;0.4567
418.0;1.9409;2.0000;-16.7336;-16.0191;54;408;0.1808;0.1468;-0.0041;0.0635;0.0411;0.7725;0.4567
418.5;1.9396;2.0000;-15.6397;-15.3191;62;404;0.1515;0.1497;-0.0026;0.0283;0.0411;0.7765;0.4567
419.0;1.9391;2.0000;-14.9137;-14.6191;62;408;0.0538;0.1512;-0.0026;0.0264;0.0411;0.7843;0.4567
419.5;1.9396;2.0000;-14.0038;-13.9191;64;406;0.1711;0.1497;-0.0012;0.0068;0.0411;0.7882;0.4567
420.0;1.9405;2.0000;-13.4641;-13.2191;58;413;0.1515;0.1468;-0.0012;0.0215;0.0411;0.7961;0.4567
420.5;1.9414;2.0000;-12.5496;-12.5382;65;404;-0.0342;0.1453;-0.0012;0.0010;0.0411;0.7765;0.4567
421.0;1.9428;2.0000;-11.7733;-11.8756;71;398;0.0929;0.1409;0.0003;-0.0098;0.0411;0.7569;0.4567
421.5;1.9446;2.0000;-10.9885;-11.2313;77;390;0.0635;0.1365;0.0003;-0.0225;0.0411;0.7412;0.4567
422.0;1.9460;2.0000;-10.2206;-10.6069;83;382;0.0440;0.1336;0.0003;-0.0352;0.0411;0.7216;0.4567
422.5;1.9464;2.0000;-9.5901;-10.0000;89;378;0.0244;0.1321;0.0018;-0.0371;0.0411;0.7020;0.4567
423.0;1.9473;2.0000;-8.4702;-9.4130;105;361;-0.1026;0.1307;0.0018;-0.0850;0.0401;0.6824;0.4567
423.5;1.9473;2.0000;-7.7618;-8.8443;110;353;-0.0440;0.1307;0.0032;-0.0978;0.0401;0.6627;0.4567
424.0;1.9473;2.0000;-6.8458;-8.2939;122;339;0.0733;0.1307;0.0032;-0.1310;0.0391;0.6431;0.4567
424.5;1.9478;2.0000;-6.3191;-7.7626;126;337;0.0635;0.1292;0.0032;-0.1300;0.0381;0.6235;0.4567
425.0;1.9483;2.0000;-5.6595;-7.2504;134;329;0.0342;0.1277;0.0047;-0.1437;0.0371;0.6039;0.4567
425.5;1.9487;2.0000;-5.3641;-6.7565;132;329;0.1026;0.1277;0.0047;-0.1261;0.0371;0.5843;0.4567
426.0;1.9492;2.0000;-4.8580;-6.2817;136;326;0.0831;0.1263;0.0047;-0.1290;0.0362;0.5608;0.4567
426.5;1.9487;2.0000;-4.3046;-5.8252;142;320;-0.0929;0.1277;0.0062;-0.1378;0.0352;0.5412;0.4567
427.0;1.9483;2.0000;-3.7870;-5.3878;148;314;0.0538;0.1277;0.0062;-0.1447;0.0342;0.5216;0.4567
427.5;1.9483;2.0000;-3.3076;-4.9695;153;308;0.0342;0.1292;0.0062;-0.1496;0.0332;0.5020;0.4567
428.0;1.9478;2.0000;-2.9893;-4.5695;155;306;0.0244;0.1292;0.0076;-0.1427;0.0332;0.4784;0.4567
428.5;1.9487;2.0000;-2.4725;-4.1878;161;298;0.0831;0.1277;0.0076;-0.1544;0.0323;0.4588;0.4567
429.0;1.9501;2.0000;-2.3000;-3.8252;161;298;0.0733;0.1234;0.0076;-0.1378;0.0313;0.4353;0.4567
429.5;1.9501;2.0000;-1.7435;-3.4817;169;288;-0.0244;0.1234;0.0091;-0.1574;0.0303;0.4157;0.4567
430.0;1.9501;2.0000;-1.5435;-3.1565;171;286;0.0538;0.1234;0.0091;-0.1457;0.0293;0.3922;0.4567
430.5;1.9510;2.0000;-1.2977;-2.8504;175;283;0.0440;0.1219;0.0091;-0.1398;0.0283;0.3725;0.4567
431.0;1.9510;2.0000;-1.0870;-2.5626;177;281;0.1124;0.1219;0.0105;-0.1329;0.0283;0.3490;0.4567
431.5;1.9510;2.0000;-0.8176;-2.2939;181;275;0.1026;0.1204;0.0105;-0.1329;0.0274;0.3294;0.4567
432.0;1.9519;2.0000;-0.4473;-2.0443;189;267;0.0147;0.1190;0.0105;-0.1447;0.0264;0.3059;0.4567
432.5;1.9519;2.0000;-0.3405;-1.8130;191;265;0.0049;0.1190;0.0120;-0.1329;0.0254;0.2824;0.4567
433.0;1.9524;2.0000;-0.0878;-1.6000;196;259;-0.0049;0.1175;0.0120;-0.1369;0.0254;0.2588;0.4567
433.5;1.9533;2.0000;-0.0275;-1.4069;198;257;0.0733;0.1160;0.0120;-0.1241;0.0244;0.2392;0.4567
434.0;1.9538;2.0000;0.2290;-1.2313;204;249;0.0635;0.1146;0.0135;-0.1320;0.0235;0.2157;0.4567
434.5;1.9551;2.0000;0.2809;-1.0756;206;247;0.1417;0.1116;0.0135;-0.1222;0.0225;0.1922;0.4567
435.0;1.9570;2.0000;0.4473;-0.9382;210;241;0.0538;0.1058;0.0135;-0.1251;0.0225;0.1686;0.4567
435.5;1.9592;2.0000;0.5160;-0.8191;214;238;-0.0244;0.0999;0.0149;-0.1202;0.0215;0.1451;0.4567
436.0;1.9615;2.0000;0.4885;-0.7191;216;232;-0.0244;0.0955;0.0149;-0.1095;0.0205;0.1216;0.4567
436.5;1.9629;2.0000;0.4763;-0.6382;218;230;0.1320;0.0911;0.0149;-0.1007;0.0205;0.0980;0.4567
437.0;1.9643;2.0000;0.5160;-0.5756;222;224;0.0538;0.0882;0.0149;-0.0987;0.0196;0.0745;0.4567
437.5;1.9657;2.0000;0.6573;-0.5313;230;214;0.0538;0.0838;0.0164;-0.1075;0.0196;0.0510;0.4567
438.0;1.9675;2.0000;0.5504;-0.5069;232;210;-0.0244;0.0794;0.0164;-0.0958;0.0186;0.0275;0.4567
438.5;1.9689;2.0000;0.7405;-0.5000;239;200;0.0440;0.0765;0.0164;-0.1124;0.0176;0.0000;0.4567
439.0;1.9693;2.0000;0.5779;-0.5000;238;200;-0.0244;0.0750;0.0164;-0.0978;0.0176;-0.0078;0.4567
439.5;1.9698;2.0000;0.5969;0.0000;75;363;0.0733;0.0735;0.0164;-0.0547;0.0176;0.6471;0.4567
440.0;1.9698;2.0000;0.6664;0.0000;226;210;-0.0244;0.0735;0.0179;-0.0606;0.0166;0.0000;0.4567
440.5;1.9707;2.0000;0.6687;0.0000;228;212;0.1320;0.0721;0.0179;-0.0606;0.0166;0.0000;0.4567
441.0;1.9716;2.0000;0.6550;0.0000;226;212;0.1320;0.0706;0.0179;-0.0596;0.0166;0.0000;0.4567
441.5;1.9725;2.0000;0.6634;0.0000;226;210;0.0538;0.0662;0.0179;-0.0606;0.0156;0.0000;0.4567
442.0;1.9734;2.0000;0.7405;0.0000;226;208;0.0440;0.0648;0.0179;-0.0674;0.0156;0.0000;0.4567
442.5;1.9744;2.0000;0.7115;0.0000;226;208;-0.0342;0.0618;0.0193;-0.0645;0.0156;0.0000;0.4567
443.0;1.9748;2.0000;0.8878;0.0000;230;202;-0.1124;0.0618;0.0193;-0.0802;0.0147;0.0000;0.4567
443.5;1.9757;2.0000;0.8229;0.0000;228;204;-0.0342;0.0589;0.0193;-0.0743;0.0147;0.0000;0.4567
444.0;1.9771;2.0000;0.8580;0.0000;230;202;-0.0342;0.0560;0.0193;-0.0782;0.0137;0.0000;0.4567
444.5;1.9776;2.0000;0.7389;0.0000;226;204;0.0440;0.0545;0.0193;-0.0674;0.0137;0.0000;0.4567
445.0;1.9771;2.0000;0.6099;0.0000;222;206;0.0538;0.0560;0.0193;-0.0557;0.0137;0.0000;0.4567
445.5;1.9766;2.0000;0.7061;0.0000;226;204;-0.1124;0.0574;0.0208;-0.0645;0.0127;0.0000;0.4567
446.0;1.9762;2.0000;0.7298;0.0000;226;204;0.0440;0.0589;0.0208;-0.0665;0.0127;0.0000;0.4567
446.5;1.9753;2.0000;0.7458;0.0000;226;204;-0.0342;0.0604;0.0208;-0.0674;0.0117;0.0000;0.4567
447.0;1.9753;2.0000;0.5733;0.0000;224;208;0.0538;0.0604;0.0208;-0.0518;0.0117;0.0000;0.4567
447.5;1.9757;2.0000;0.6221;0.0000;224;206;-0.0244;0.0589;0.0208;-0.0567;0.0117;0.0000;0.4567
448.0;1.9766;2.0000;0.5023;0.0000;222;208;-0.0244;0.0560;0.0208;-0.0459;0.0117;0.0000;0.4567
448.5;1.9789;2.0000;0.4809;0.0000;220;208;0.0538;0.0516;0.0208;-0.0440;0.0108;0.0000;0.4567
449.0;1.9808;2.0000;0.4802;0.0000;224;210;-0.0244;0.0472;0.0223;-0.0440;0.0108;0.0000;0.4646
449.5;1.9826;2.0005;0.2763;0.0000;220;216;0.0635;0.0442;0.0223;-0.0254;0.0108;0.0000;0.4803
450.0;1.9844;2.0009;0.2153;0.0000;220;220;-0.0147;0.0398;0.0223;-0.0196;0.0108;0.0000;0.4882
450.5;1.9844;2.0014;0.1534;0.0000;222;224;-0.0147;0.0413;0.0223;-0.0147;0.0108;0.0000;0.4961
451.0;1.9844;2.0023;0.2466;0.0000;226;224;0.0635;0.0428;0.0223;-0.0225;0.0108;0.0000;0.5118
451.5;1.9858;2.0032;0.1443;0.0000;226;228;0.0635;0.0428;0.0223;-0.0137;0.0108;0.0000;0.5197
452.0;1.9876;2.0041;0.2328;0.0000;230;230;-0.0147;0.0398;0.0223;-0.0215;0.0098;0.0000;0.5276
452.5;1.9895;2.0055;0.1153;0.0000;232;234;-0.0049;0.0384;0.0223;-0.0108;0.0098;0.0000;0.5433
453.0;1.9918;2.0069;0.1015;0.0000;234;236;-0.0049;0.0369;0.0237;-0.0098;0.0098;0.0000;0.5512
453.5;1.9950;2.0082;0.0794;0.0000;234;239;0.0733;0.0325;0.0237;-0.0078;0.0098;0.0000;0.5591
454.0;1.9963;2.0101;0.0802;0.0000;236;239;-0.0049;0.0340;0.0237;-0.0078;0.0098;0.0000;0.5748
454.5;1.9973;2.0119;0.1328;0.0000;241;241;-0.0049;0.0355;0.0237;-0.0127;0.0098;0.0000;0.5827
455.0;1.9991;2.0142;0.0557;0.0000;241;247;-0.0049;0.0369;0.0237;-0.0059;0.0098;0.0000;0.5906
455.5;2.0009;2.0160;0.0466;0.0000;245;249;-0.0049;0.0384;0.0237;-0.0049;0.0098;0.0000;0.6063
456.0;2.0023;2.0183;-0.0573;0.0000;241;249;-0.0831;0.0384;0.0237;0.0049;0.0098;0.0000;0.5984
456.5;2.0055;2.0201;0.0229;0.0000;241;245;-0.0831;0.0355;0.0237;-0.0029;0.0098;0.0000;0.5827
457.0;2.0087;2.0220;-0.1008;0.0000;236;245;-0.0049;0.0311;0.0237;0.0088;0.0098;0.0000;0.5748
457.5;2.0124;2.0234;-0.1252;0.0000;232;241;-0.0831;0.0267;0.0237;0.0108;0.0098;0.0000;0.5669
458.0;2.0165;2.0247;-0.1565;0.0000;228;239;-0.0733;0.0208;0.0237;0.0137;0.0098;0.0000;0.5512
458.5;2.0201;2.0261;-0.2550;0.0000;224;238;-0.0733;0.0135;0.0237;0.0225;0.0098;0.0000;0.5433
459.0;2.0243;2.0270;-0.3160;0.0000;218;236;0.0049;0.0062;0.0237;0.0283;0.0108;0.0000;0.5354
459.5;2.0275;2.0279;-0.2664;0.0000;216;230;-0.0733;0.0003;0.0237;0.0235;0.0108;0.0000;0.5276
460.0;2.0298;2.0288;-0.2328;0.0000;212;226;0.0831;-0.0026;0.0237;0.0205;0.0108;0.0000;0.5118
460.5;2.0311;2.0293;-0.2565;0.0000;208;224;-0.1515;-0.0041;0.0237;0.0225;0.0108;0.0000;0.5039
461.0;2.0325;2.0298;-0.1496;0.0000;208;218;-0.1515;-0.0070;0.0237;0.0127;0.0108;0.0000;0.4961
461.5;2.0339;2.0302;-0.1504;0.0000;204;214;-0.0733;-0.0100;0.0237;0.0127;0.0108;0.0000;0.4803
462.0;2.0357;2.0302;-0.1023;0.0000;202;208;-0.0831;-0.0144;0.0237;0.0088;0.0108;0.0000;0.4724
462.5;2.0375;2.0302;-0.1198;0.0000;198;206;-0.1613;-0.0188;0.0237;0.0098;0.0108;0.0000;0.4646
463.0;2.0389;2.0302;-0.1473;0.0000;195;204;0.0049;-0.0231;0.0237;0.0127;0.0108;0.0000;0.4567
463.5;2.0398;2.0298;-0.2153;0.0000;191;202;-0.1515;-0.0261;0.0237;0.0186;0.0108;0.0000;0.4488
464.0;2.0403;2.0293;-0.2687;0.0000;189;200;-0.0733;-0.0275;0.0237;0.0235;0.0117;0.0000;0.4409
464.5;2.0412;2.0288;-0.3076;0.0000;185;198;0.0049;-0.0319;0.0237;0.0274;0.0117;0.0000;0.4331
465.0;2.0417;2.0279;-0.3580;0.0000;181;196;-0.0733;-0.0349;0.0237;0.0313;0.0117;0.0000;0.4252
465.5;2.0421;2.0270;-0.2534;0.0000;181;193;-0.0733;-0.0378;0.0237;0.0225;0.0117;0.0000;0.4173
466.0;2.0430;2.0261;-0.3168;0.0000;177;191;-0.0733;-0.0437;0.0237;0.0283;0.0117;0.0000;0.4094
466.5;2.0440;2.0247;-0.3061;0.0000;171;187;0.0049;-0.0481;0.0237;0.0274;0.0117;0.0000;0.4016
467.0;2.0440;2.0234;-0.3168;0.0000;169;185;0.0049;-0.0524;0.0223;0.0283;0.0127;0.0000;0.3937
467.5;2.0453;2.0220;-0.3366;0.0000;165;183;0.0049;-0.0583;0.0223;0.0293;0.0127;0.0000;0.3858
468.0;2.0462;2.0201;-0.3145;0.0000;163;179;0.0049;-0.0656;0.0223;0.0274;0.0127;0.0000;0.3780
468.5;2.0462;2.0183;-0.2916;0.0000;159;175;0.0049;-0.0700;0.0223;0.0254;0.0127;0.0000;0.3701
469.0;2.0458;2.0160;-0.3122;0.0000;155;171;0.0831;-0.0744;0.0223;0.0274;0.0127;0.0000;0.3622
469.5;2.0444;2.0142;-0.2985;0.0000;153;169;-0.0733;-0.0774;0.0223;0.0264;0.0127;0.0000;0.3543
470.0;2.0430;2.0114;-0.0931;0.0000;153;161;-0.0049;-0.0788;0.0208;0.0078;0.0127;0.0000;0.3465
470.5;2.0421;2.0092;-0.0855;0.0000;152;159;0.0733;-0.0832;0.0208;0.0068;0.0127;0.0000;0.3307
471.0;2.0408;2.0064;-0.0344;0.0000;150;155;0.1515;-0.0861;0.0208;0.0029;0.0127;0.0000;0.3228
471.5;2.0385;2.0037;-0.1198;0.0000;144;155;0.0733;-0.0876;0.0208;0.0098;0.0127;0.0000;0.3150
472.0;2.0362;2.0009;-0.1298;0.0000;142;153;-0.0049;-0.0891;0.0193;0.0108;0.0137;0.0000;0.3071
472.5;2.0334;1.9977;-0.2206;0.0000;138;153;0.0049;-0.0905;0.0193;0.0196;0.0137;0.0000;0.2992
473.0;2.0311;1.9945;-0.1679;0.0000;136;150;0.0831;-0.0920;0.0193;0.0147;0.0137;0.0000;0.2913
473.5;2.0284;1.9908;-0.1466;0.0000;132;146;0.0831;-0.0949;0.0193;0.0127;0.0137;0.0000;0.2835
474.0;2.0261;1.9872;-0.2153;0.0000;128;146;0.0831;-0.0979;0.0179;0.0186;0.0137;0.0000;0.2756
474.5;2.0229;1.9835;-0.1595;0.0000;126;142;0.0831;-0.0993;0.0179;0.0137;0.0137;0.0000;0.2677
475.0;2.0197;1.9794;-0.2832;0.0000;120;142;0.1613;-0.1008;0.0179;0.0254;0.0137;0.0000;0.2598
475.5;2.0160;1.9757;-0.0634;0.0000;122;136;0.0733;-0.1023;0.0179;0.0049;0.0137;0.0000;0.2520
476.0;2.0128;1.9712;0.0008;0.0000;122;132;-0.0049;-0.1037;0.0164;-0.0010;0.0137;0.0000;0.2441
476.5;2.0096;1.9670;0.2092;0.0000;124;122;-0.0147;-0.1067;0.0164;-0.0196;0.0137;0.0000;0.2362
477.0;2.0055;1.9625;0.2336;0.0000;120;120;0.0635;-0.1081;0.0164;-0.0215;0.0137;0.0000;0.2283
477.5;2.0014;1.9579;0.2656;0.0000;118;116;0.0635;-0.1096;0.0149;-0.0244;0.0137;0.0000;0.2205
478.0;1.9963;1.9528;0.1809;0.0000;114;116;0.1417;-0.1096;0.0149;-0.0166;0.0137;0.0000;0.2126
478.5;1.9922;1.9478;0.1802;0.0000;112;114;-0.0147;-0.1110;0.0149;-0.0166;0.0137;0.0000;0.1969
479.0;1.9876;1.9428;0.2588;0.0000;110;110;-0.0147;-0.1125;0.0135;-0.0235;0.0127;0.0000;0.1890
479.5;1.9821;1.9373;0.0733;0.0000;105;112;0.0733;-0.1125;0.0135;-0.0068;0.0127;0.0000;0.1811
480.0;1.9766;1.9318;0.0649;0.0000;103;109;-0.0831;-0.1125;0.0135;-0.0068;0.0127;0.0000;0.1732
480.5;1.9702;1.9263;0.0221;0.0000;101;107;-0.0049;-0.1110;0.0135;-0.0029;0.0127;0.0000;0.1654
481.0;1.9643;1.9203;0.0649;0.0000;99;105;-0.0049;-0.1096;0.0120;-0.0059;0.0127;0.0000;0.1575
481.5;1.9579;1.9148;0.1069;0.0000;97;101;-0.0049;-0.1081;0.0120;-0.0098;0.0127;0.0000;0.1496
482.0;1.9510;1.9084;0.2336;0.0000;99;97;-0.0147;-0.1067;0.0120;-0.0215;0.0127;0.0000;0.1417
482.5;1.9446;1.9025;0.1985;0.0000;95;95;0.0635;-0.1067;0.0105;-0.0186;0.0127;0.0000;0.1339
483.0;1.9377;1.8961;0.2061;0.0000;93;93;-0.0147;-0.1052;0.0105;-0.0186;0.0127;0.0000;0.1260
483.5;1.9304;1.8892;0.2931;0.0000;93;89;-0.0147;-0.1037;0.0105;-0.0274;0.0127;0.0000;0.1181
484.0;1.9231;1.8828;0.2305;0.0000;89;89;0.0635;-0.1023;0.0105;-0.0215;0.0127;0.0000;0.1024
484.5;1.9158;1.8759;0.3092;0.0000;89;83;0.0635;-0.1008;0.0091;-0.0283;0.0127;0.0000;0.0945
485.0;1.9075;1.8686;0.2672;0.0000;87;83;-0.0147;-0.0979;0.0091;-0.0244;0.0117;0.0000;0.0866
485.5;1.8984;1.8613;0.2603;0.0000;83;81;0.0635;-0.0920;0.0091;-0.0235;0.0117;0.0000;0.0787
486.0;1.8883;1.8539;0.1588;0.0000;81;81;-0.0147;-0.0861;0.0091;-0.0147;0.0117;0.0000;0.0709
486.5;1.8777;1.8466;0.2229;0.0000;81;79;-0.0147;-0.0788;0.0076;-0.0205;0.0117;0.0000;0.0630
487.0;1.8681;1.8388;0.2275;0.0000;79;77;-0.0147;-0.0730;0.0076;-0.0205;0.0117;0.0000;0.0551
487.5;1.8576;1.8310;0.1870;0.0000;77;77;-0.0147;-0.0671;0.0076;-0.0176;0.0117;0.0000;0.0472
488.0;1.8471;1.8233;0.2069;0.0000;77;75;0.0635;-0.0598;0.0076;-0.0196;0.0117;0.0000;0.0315
488.5;1.8365;1.8150;0.1038;0.0000;73;75;-0.0049;-0.0539;0.0076;-0.0098;0.0117;0.0000;0.0236
489.0;1.8255;1.8068;0.2237;0.0000;75;73;-0.0147;-0.0481;0.0076;-0.0205;0.0117;0.0000;0.0157
489.5;1.8159;1.7985;0.1840;0.0000;73;73;0.0635;-0.0451;0.0062;-0.0166;0.0117;0.0000;0.0079
490.0;1.8059;1.7898;0.2298;0.0000;73;69;0.0635;-0.0407;0.0062;-0.0215;0.0108;0.0000;-0.0000
490.5;1.7958;1.7811;0.2489;0.0000;71;67;-0.0147;-0.0378;0.0062;-0.0225;0.0108;0.0000;-0.0079
491.0;1.7862;1.7720;0.2885;0.0000;71;65;-0.0147;-0.0349;0.0062;-0.0264;0.0108;0.0000;-0.0157
491.5;1.7752;1.7633;0.2580;0.0000;67;64;0.0635;-0.0319;0.0062;-0.0235;0.0108;0.0000;-0.0315
492.0;1.7642;1.7537;0.2519;0.0000;65;64;-0.0147;-0.0261;0.0062;-0.0235;0.0108;0.0000;-0.0394
492.5;1.7527;1.7445;0.2916;0.0000;65;62;0.0635;-0.0217;0.0062;-0.0264;0.0108;0.0000;-0.0472
493.0;1.7413;1.7349;0.1496;0.0000;60;64;0.0635;-0.0173;0.0062;-0.0137;0.0108;0.0000;-0.0551
493.5;1.7308;1.7253;0.0824;0.0000;58;62;-0.0049;-0.0144;0.0062;-0.0078;0.0108;0.0000;-0.0630
494.0;1.7202;1.7152;-0.0015;0.0000;54;62;-0.0049;-0.0129;0.0062;-0.0000;0.0108;0.0000;-0.0709
494.5;1.7092;1.7056;-0.0641;0.0000;52;62;-0.0049;-0.0100;0.0062;0.0049;0.0108;0.0000;-0.0866
495.0;1.6983;1.6951;-0.2092;0.0000;46;62;-0.0733;-0.0085;0.0062;0.0186;0.0108;0.0000;-0.0945
495.5;1.6868;1.6850;-0.2206;0.0000;44;60;0.0831;-0.0056;0.0062;0.0196;0.0108;0.0000;-0.1024
496.0;1.6763;1.6745;-0.2595;0.0000;40;60;0.0831;-0.0041;0.0062;0.0225;0.0108;0.0000;-0.1102
496.5;1.6653;1.6639;-0.2504;0.0000;38;56;-0.0733;-0.0041;0.0062;0.0215;0.0108;0.0000;-0.1181
497.0;1.6543;1.6529;-0.2611;0.0000;36;54;0.0831;-0.0041;0.0062;0.0235;0.0108;0.0000;-0.1260
497.5;1.6433;1.6419;-0.2695;0.0000;34;52;-0.0733;-0.0041;0.0062;0.0235;0.0108;0.0000;-0.1417
498.0;1.6332;1.6310;-0.1573;0.0000;34;46;-0.0733;-0.0070;0.0062;0.0137;0.0108;0.0000;-0.1496
498.5;1.6227;1.6200;-0.1351;0.0000;32;44;-0.0049;-0.0070;0.0062;0.0117;0.0117;0.0000;-0.1575
499.0;1.6108;1.6085;-0.1382;0.0000;30;40;-0.0831;-0.0070;0.0062;0.0117;0.0117;0.0000;-0.1654
499.5;1.5998;1.5966;-0.1427;0.0000;28;38;0.0049;-0.0085;0.0062;0.0127;0.0117;0.0000;-0.1732
500.0;1.5893;1.5852;-0.0763;0.0000;26;32;-0.0831;-0.0114;0.0062;0.0059;0.0117;0.0000;-0.1890
500.5;1.5783;1.5733;-0.1366;0.0000;22;30;-0.1613;-0.0144;0.0062;0.0117;0.0117;0.0000;-0.1969
501.0;1.5678;1.5614;-0.0267;0.0000;22;24;-0.1613;-0.0173;0.0047;0.0020;0.0117;0.0000;-0.2047
501.5;1.5572;1.5490;0.0725;0.0000;22;21;-0.0831;-0.0217;0.0047;-0.0068;0.0117;0.0000;-0.2126
502.0;1.5458;1.5366;0.0229;0.0000;17;19;-0.0049;-0.0246;0.0047;-0.0029;0.0117;0.0000;-0.2283
502.5;1.5343;1.5243;0.0542;0.0000;15;15;-0.0831;-0.0261;0.0047;-0.0059;0.0117;0.0000;-0.2362
503.0;1.5220;1.5114;0.0710;0.0000;13;11;-0.0831;-0.0275;0.0047;-0.0068;0.0117;0.0000;-0.2441
503.5;1.5101;1.4991;0.0611;0.0000;13;11;-0.0831;-0.0275;0.0047;-0.0059;0.0117;0.0000;-0.2362
504.0;1.4977;1.4867;0.1122;0.0000;15;11;-0.0831;-0.0290;0.0047;-0.0108;0.0117;0.0000;-0.2283
504.5;1.4853;1.4744;0.1420;0.0000;17;11;-0.0929;-0.0275;0.0047;-0.0137;0.0117;0.0000;-0.2283
505.0;1.4730;1.4625;0.0664;0.0000;17;13;-0.0831;-0.0275;0.0047;-0.0068;0.0108;0.0000;-0.2205
505.5;1.4606;1.4505;0.0992;0.0000;19;15;-0.0049;-0.0261;0.0047;-0.0098;0.0108;0.0000;-0.2126
506.0;1.4478;1.4386;0.1366;0.0000;21;15;-0.0049;-0.0231;0.0047;-0.0127;0.0108;0.0000;-0.2047
506.5;1.4354;1.4272;0.0687;0.0000;21;17;-0.0831;-0.0217;0.0047;-0.0068;0.0108;0.0000;-0.1969
507.0;1.4231;1.4158;0.0939;0.0000;22;17;-0.0831;-0.0188;0.0047;-0.0088;0.0108;0.0000;-0.1969
507.5;1.4098;1.4048;0.0198;0.0000;21;21;0.0733;-0.0144;0.0047;-0.0020;0.0108;0.0000;-0.1890
508.0;1.3965;1.3933;-0.0305;0.0000;21;24;0.0733;-0.0085;0.0047;0.0020;0.0108;0.0000;-0.1811
508.5;1.3832;1.3828;-0.0992;0.0000;22;28;-0.0049;-0.0026;0.0047;0.0088;0.0108;0.0000;-0.1732
509.0;1.3704;1.3713;-0.0076;0.0000;22;24;-0.0831;0.0018;0.0047;-0.0000;0.0108;0.0000;-0.1890
509.5;1.3576;1.3603;-0.0122;0.0000;24;26;-0.0049;0.0076;0.0047;0.0010;0.0108;0.0000;-0.1811
510.0;1.3452;1.3498;0.0092;0.0000;26;26;-0.0049;0.0105;0.0047;-0.0010;0.0108;0.0000;-0.1732
510.5;1.3320;1.3393;0.0336;0.0000;28;28;-0.0049;0.0164;0.0047;-0.0039;0.0108;0.0000;-0.1654
511.0;1.3191;1.3288;-0.0496;0.0000;28;32;-0.0049;0.0237;0.0047;0.0039;0.0108;0.0000;-0.1575
511.5;1.3068;1.3182;0.0046;0.0000;32;32;-0.0049;0.0281;0.0047;-0.0010;0.0108;0.0000;-0.1575
512.0;1.2944;1.3082;-0.0046;0.0000;32;36;0.0733;0.0340;0.0047;-0.0000;0.0108;0.0000;-0.1496
512.5;1.2821;1.2981;-0.0076;0.0000;34;38;-0.0049;0.0398;0.0047;-0.0000;0.0108;0.0000;-0.1417
513.0;1.2701;1.2885;-0.0389;0.0000;36;40;-0.0831;0.0442;0.0047;0.0029;0.0108;0.0000;-0.1339
513.5;1.2582;1.2788;-0.1031;0.0000;36;44;0.0733;0.0501;0.0047;0.0088;0.0108;0.0000;-0.1260
514.0;1.2468;1.2692;-0.1588;0.0000;38;48;-0.0733;0.0560;0.0062;0.0137;0.0117;0.0000;-0.1181
514.5;1.2353;1.2596;-0.1305;0.0000;40;50;-0.0049;0.0604;0.0062;0.0108;0.0117;0.0000;-0.1181
515.0;1.2244;1.2505;-0.1588;0.0000;40;52;0.0831;0.0648;0.0062;0.0137;0.0117;0.0000;-0.1102
515.5;1.2134;1.2413;-0.1046;0.0000;44;54;0.0733;0.0691;0.0062;0.0088;0.0117;0.0000;-0.1024
516.0;1.2024;1.2326;-0.1130;0.0000;46;56;-0.0049;0.0750;0.0062;0.0098;0.0117;0.0000;-0.0945
516.5;1.1923;1.2239;-0.1794;0.0000;46;60;0.0831;0.0779;0.0062;0.0156;0.0117;0.0000;-0.0866
517.0;1.1818;1.2152;-0.1840;0.0000;48;62;0.0049;0.0838;0.0076;0.0156;0.0117;0.0000;-0.0787
517.5;1.1712;1.2070;-0.1328;0.0000;50;64;0.1515;0.0882;0.0076;0.0117;0.0117;0.0000;-0.0787
518.0;1.1607;1.1987;-0.0931;0.0000;54;64;-0.0831;0.0926;0.0076;0.0078;0.0117;0.0000;-0.0709
518.5;1.1511;1.1905;-0.1229;0.0000;56;67;-0.0049;0.0984;0.0076;0.0108;0.0117;0.0000;-0.0630
519.0;1.1410;1.1822;-0.0122;0.0000;60;67;-0.0049;0.1028;0.0091;0.0010;0.0117;0.0000;-0.0551
519.5;1.1319;1.1745;0.0214;0.0000;62;69;0.1515;0.1058;0.0091;-0.0029;0.0117;0.0000;-0.0472
520.0;1.1236;1.1671;0.0405;0.0000;65;69;-0.0831;0.1087;0.0091;-0.0039;0.0117;0.0000;-0.0394
520.5;1.1158;1.1593;0.1298;0.0000;67;69;0.0733;0.1087;0.0105;-0.0127;0.0117;0.0000;-0.0315
521.0;1.1076;1.1520;0.0954;0.0000;67;71;-0.0049;0.1116;0.0105;-0.0088;0.0117;0.0000;-0.0315
521.5;1.0994;1.1451;0.0740;0.0000;69;73;-0.0049;0.1131;0.0105;-0.0068;0.0117;0.0000;-0.0236
522.0;1.0911;1.1378;0.0779;0.0000;71;77;0.0733;0.1160;0.0120;-0.0078;0.0117;0.0000;-0.0157
522.5;1.0838;1.1310;0.1481;0.0000;75;77;-0.0147;0.1175;0.0120;-0.0137;0.0117;0.0000;-0.0079
523.0;1.0765;1.1241;0.1336;0.0000;77;79;0.0733;0.1190;0.0120;-0.0127;0.0117;0.0000;-0.0000
523.5;1.0691;1.1177;0.2176;0.0000;79;77;0.0635;0.1204;0.0135;-0.0205;0.0117;0.0000;0.0079
524.0;1.0627;1.1113;0.2115;0.0000;81;79;-0.0147;0.1204;0.0135;-0.0196;0.0117;0.0000;0.0157
524.5;1.0563;1.1053;0.2221;0.0000;83;81;0.0635;0.1204;0.0135;-0.0205;0.0108;0.0000;0.0157
525.0;1.0499;1.0989;0.2099;0.0000;83;83;-0.0147;0.1219;0.0149;-0.0196;0.0108;0.0000;0.0236
525.5;1.0435;1.0929;0.2534;0.0000;87;83;0.0635;0.1234;0.0149;-0.0235;0.0108;0.0000;0.0315
526.0;1.0380;1.0875;0.2786;0.0000;89;87;-0.0147;0.1234;0.0149;-0.0254;0.0108;0.0000;0.0394
526.5;1.0321;1.0815;0.2664;0.0000;91;87;-0.0147;0.1234;0.0164;-0.0244;0.0108;0.0000;0.0472
527.0;1.0261;1.0760;0.3015;0.0000;93;89;0.0635;0.1234;0.0164;-0.0274;0.0108;0.0000;0.0551
527.5;1.0215;1.0710;0.2443;0.0000;93;91;-0.0147;0.1234;0.0164;-0.0225;0.0108;0.0000;0.0630
528.0;1.0165;1.0659;0.3122;0.0000;95;91;0.0635;0.1219;0.0179;-0.0283;0.0098;0.0000;0.0709
528.5;1.0124;1.0609;0.2344;0.0000;95;95;0.0635;0.1204;0.0179;-0.0215;0.0098;0.0000;0.0787
529.0;1.0087;1.0559;0.2618;0.0000;97;95;-0.0147;0.1175;0.0179;-0.0244;0.0098;0.0000;0.0866
529.5;1.0050;1.0513;0.2794;0.0000;99;95;0.0635;0.1146;0.0193;-0.0254;0.0098;0.0000;0.0866
530.0;1.0018;1.0467;0.2053;0.0000;99;97;-0.0147;0.1116;0.0193;-0.0186;0.0098;0.0000;0.0945
530.5;0.9986;1.0421;0.2275;0.0000;99;97;0.0635;0.1087;0.0193;-0.0205;0.0098;0.0000;0.1024
531.0;0.9950;1.0380;0.2542;0.0000;101;99;0.0635;0.1072;0.0193;-0.0235;0.0098;0.0000;0.1102
531.5;0.9918;1.0339;0.2405;0.0000;101;101;0.0635;0.1043;0.0208;-0.0225;0.0098;0.0000;0.1181
532.0;0.9890;1.0302;0.1901;0.0000;103;103;-0.0147;0.1014;0.0208;-0.0176;0.0098;0.0000;0.1260
532.5;0.9872;1.0266;0.2534;0.0000;105;101;-0.0147;0.0970;0.0208;-0.0235;0.0088;0.0000;0.1339
533.0;0.9849;1.0229;0.1794;0.0000;103;105;0.0635;0.0941;0.0223;-0.0166;0.0088;0.0000;0.1417
533.5;0.9826;1.0192;0.1779;0.0000;105;105;-0.0147;0.0911;0.0223;-0.0166;0.0088;0.0000;0.1496
534.0;0.9808;1.0160;0.2244;0.0000;107;103;-0.0929;0.0882;0.0223;-0.0205;0.0088;0.0000;0.1575
534.5;0.9789;1.0128;0.2053;0.0000;107;105;0.0635;0.0838;0.0223;-0.0186;0.0088;0.0000;0.1654
535.0;0.9771;1.0101;0.1366;0.0000;107;107;-0.0831;0.0809;0.0223;-0.0127;0.0088;0.0000;0.1732
535.5;0.9748;1.0073;0.1611;0.0000;109;107;-0.0147;0.0794;0.0237;-0.0147;0.0088;0.0000;0.1811
536.0;0.9725;1.0046;0.1435;0.0000;110;109;0.0635;0.0779;0.0237;-0.0137;0.0088;0.0000;0.1811
536.5;0.9702;1.0018;0.0863;0.0000;110;112;-0.0049;0.0779;0.0237;-0.0078;0.0088;0.0000;0.1890
537.0;0.9693;1.0000;0.1817;0.0000;114;112;-0.0147;0.0750;0.0237;-0.0166;0.0088;0.0000;0.2047
537.5;0.9675;1.0000;0.1336;0.0000;140;138;-0.0831;0.0794;0.0252;-0.0127;0.0088;0.0000;0.3150
538.0;0.9666;1.0000;0.1321;0.0000;140;140;0.0733;0.0823;0.0252;-0.0127;0.0078;0.0000;0.3150
538.5;0.9675;1.0000;0.1435;0.0000;140;140;-0.0147;0.0809;0.0252;-0.0137;0.0078;0.0000;0.3150
539.0;0.9684;1.0000;0.1573;0.0000;142;140;-0.0147;0.0779;0.0252;-0.0147;0.0078;0.0000;0.3150
539.5;0.9698;1.0000;0.1450;0.0000;140;140;-0.0147;0.0735;0.0252;-0.0137;0.0078;0.0000;0.3150
540.0;0.9716;1.0000;0.2168;0.0000;140;138;0.0635;0.0706;0.0267;-0.0196;0.0078;0.0000;0.3150
540.5;0.9730;1.0000;0.1435;0.0000;138;138;-0.0929;0.0662;0.0267;-0.0137;0.0078;0.0000;0.3150
541.0;0.9739;1.0000;0.0588;0.0000;136;138;-0.0049;0.0648;0.0267;-0.0059;0.0078;0.0000;0.3150
541.5;0.9739;1.0000;0.1031;0.0000;136;138;-0.0049;0.0633;0.0267;-0.0098;0.0078;0.0000;0.3150
542.0;0.9753;1.0000;0.0702;0.0000;136;138;-0.0049;0.0604;0.0267;-0.0068;0.0078;0.0000;0.3150
542.5;0.9771;1.0000;0.0802;0.0000;136;136;-0.0049;0.0560;0.0267;-0.0078;0.0078;0.0000;0.3150
543.0;0.9794;1.0000;0.0504;0.0000;134;138;-0.0049;0.0501;0.0281;-0.0049;0.0078;0.0000;0.3150
543.5;0.9817;1.0000;0.0313;0.0000;132;136;0.0733;0.0457;0.0281;-0.0029;0.0078;0.0000;0.3150
544.0;0.9831;1.0000;-0.0710;0.0000;128;138;-0.0049;0.0413;0.0281;0.0059;0.0078;0.0000;0.3150
544.5;0.9844;1.0000;-0.0382;0.0000;126;136;0.0733;0.0369;0.0281;0.0029;0.0078;0.0000;0.3150
545.0;0.9858;1.0000;-0.0885;0.0000;126;136;-0.0831;0.0340;0.0281;0.0078;0.0078;0.0000;0.3150
545.5;0.9863;1.0000;-0.1412;0.0000;124;136;-0.0831;0.0325;0.0281;0.0117;0.0078;0.0000;0.3150
546.0;0.9863;1.0000;-0.1977;0.0000;122;138;0.0049;0.0325;0.0281;0.0176;0.0078;0.0000;0.3150
546.5;0.9867;1.0000;-0.3130;0.0000;120;140;-0.0733;0.0325;0.0281;0.0274;0.0078;0.0000;0.3150
547.0;0.9853;1.0000;-0.2664;0.0000;122;138;0.0049;0.0355;0.0281;0.0235;0.0078;0.0000;0.3150
547.5;0.9853;1.0000;-0.3458;0.0000;120;140;-0.0733;0.0355;0.0296;0.0303;0.0088;0.0000;0.3150
548.0;0.9844;1.0000;-0.3206;0.0000;122;138;-0.0733;0.0369;0.0296;0.0283;0.0088;0.0000;0.3150
548.5;0.9835;1.0000;-0.3740;0.0000;120;140;0.0049;0.0398;0.0296;0.0332;0.0088;0.0000;0.3150
549.0;0.9835;1.0000;-0.3901;0.0000;120;142;-0.0733;0.0398;0.0296;0.0342;0.0088;0.0000;0.3150
549.5;0.9826;1.0000;-0.4359;0.0000;120;142;0.0147;0.0413;0.0296;0.0391;0.0088;0.0000;0.3150
550.0;0.9826;1.0000;-0.4000;0.0000;122;142;-0.0733;0.0413;0.0296;0.0352;0.0098;0.0000;0.3150
550.5;0.9826;1.0000;-0.4038;0.0000;122;142;0.0049;0.0428;0.0296;0.0362;0.0098;0.0000;0.3150
551.0;0.9826;1.0000;-0.4817;0.0000;120;144;0.0147;0.0428;0.0296;0.0430;0.0098;0.0000;0.3150
551.5;0.9821;1.0000;-0.4969;0.0000;118;144;0.0147;0.0428;0.0296;0.0440;0.0098;0.0000;0.3150
552.0;0.9817;1.0000;-0.4901;0.0000;120;144;0.0147;0.0442;0.0311;0.0440;0.0108;0.0000;0.3150
552.5;0.9808;1.0000;-0.4160;0.0000;122;142;0.0049;0.0472;0.0311;0.0371;0.0108;0.0000;0.3150
553.0;0.9799;1.0000;-0.3374;0.0000;124;142;0.0049;0.0486;0.0311;0.0303;0.0108;0.0000;0.3150
553.5;0.9789;1.0000;-0.2382;0.0000;126;140;0.0049;0.0516;0.0311;0.0205;0.0108;0.0000;0.3150
554.0;0.9785;1.0000;-0.2725;0.0000;126;142;0.0831;0.0530;0.0311;0.0244;0.0108;0.0000;0.3150
554.5;0.9785;1.0000;-0.1641;0.0000;128;138;-0.0733;0.0530;0.0311;0.0147;0.0108;0.0000;0.3150
555.0;0.9799;1.0000;-0.1092;0.0000;128;138;-0.0049;0.0501;0.0311;0.0098;0.0108;0.0000;0.3150
555.5;0.9803;1.0000;-0.0763;0.0000;128;136;0.0733;0.0486;0.0325;0.0068;0.0108;0.0000;0.3150
556.0;0.9803;1.0000;-0.0305;0.0000;130;136;-0.0049;0.0486;0.0325;0.0020;0.0108;0.0000;0.3150
556.5;0.9812;1.0000;-0.0893;0.0000;128;138;-0.0049;0.0457;0.0325;0.0078;0.0108;0.0000;0.3150
557.0;0.9821;1.0000;-0.1099;0.0000;128;138;-0.0831;0.0428;0.0325;0.0098;0.0108;0.0000;0.3150
557.5;0.9831;1.0000;-0.1107;0.0000;128;138;-0.0049;0.0413;0.0325;0.0098;0.0117;0.0000;0.3150
558.0;0.9840;1.0000;-0.0977;0.0000;126;136;0.0733;0.0384;0.0325;0.0078;0.0117;0.0000;0.3150
558.5;0.9849;1.0000;-0.1565;0.0000;124;138;0.0831;0.0355;0.0325;0.0137;0.0117;0.0000;0.3150
559.0;0.9863;1.0000;-0.1282;0.0000;124;136;-0.0831;0.0340;0.0325;0.0108;0.0117;0.0000;0.3150
559.5;0.9876;1.0000;-0.1496;0.0000;124;136;0.0049;0.0296;0.0325;0.0127;0.0117;0.0000;0.3150
560.0;0.9890;1.0000;-0.1115;0.0000;124;134;-0.0049;0.0252;0.0325;0.0098;0.0117;0.0000;0.3150
560.5;0.9904;1.0000;-0.0412;0.0000;126;132;-0.0831;0.0223;0.0340;0.0029;0.0117;0.0000;0.3150
561.0;0.9922;1.0000;0.0046;0.0000;126;130;-0.0049;0.0179;0.0340;-0.0010;0.0117;0.0000;0.3150
561.5;0.9945;1.0000;-0.0160;0.0000;124;130;-0.0049;0.0120;0.0340;0.0010;0.0117;0.0000;0.3150
562.0;0.9954;1.0000;-0.0565;0.0000;122;128;-0.0049;0.0105;0.0340;0.0049;0.0117;0.0000;0.3150
562.5;0.9968;1.0000;-0.0802;0.0000;120;128;-0.0049;0.0062;0.0340;0.0068;0.0117;0.0000;0.3150
563.0;0.9982;1.0000;-0.1664;0.0000;118;130;-0.0733;0.0032;0.0340;0.0147;0.0117;0.0000;0.3150
563.5;1.0000;1.0000;-0.1145;0.0000;120;128;-0.0049;-0.0012;0.0340;0.0098;0.0117;0.0000;0.3150
564.0;1.0018;1.0000;-0.2260;0.0000;116;132;0.0049;-0.0056;0.0340;0.0196;0.0117;0.0000;0.3150
564.5;1.0027;1.0000;-0.2122;0.0000;116;130;-0.0049;-0.0085;0.0340;0.0186;0.0117;0.0000;0.3150
565.0;1.0046;1.0000;-0.2641;0.0000;114;128;-0.1515;-0.0129;0.0340;0.0235;0.0117;0.0000;0.3150
565.5;1.0064;1.0000;-0.2840;0.0000;112;128;0.0049;-0.0173;0.0340;0.0254;0.0127;0.0000;0.3150
566.0;1.0082;1.0000;-0.2305;0.0000;112;126;-0.0733;-0.0217;0.0340;0.0205;0.0127;0.0000;0.3150
566.5;1.0105;1.0000;-0.2191;0.0000;112;124;0.0049;-0.0275;0.0325;0.0196;0.0127;0.0000;0.3150
567.0;1.0124;1.0000;-0.1618;0.0000;112;122;-0.0733;-0.0319;0.0325;0.0137;0.0127;0.0000;0.3150
567.5;1.0142;1.0000;-0.1863;0.0000;112;122;0.0049;-0.0363;0.0325;0.0166;0.0127;0.0000;0.3150
568.0;1.0169;1.0000;-0.1183;0.0000;112;120;-0.0831;-0.0437;0.0325;0.0098;0.0127;0.0000;0.3150
568.5;1.0188;1.0000;-0.1153;0.0000;110;118;-0.0831;-0.0481;0.0325;0.0098;0.0127;0.0000;0.3150
569.0;1.0206;1.0000;-0.1076;0.0000;110;116;-0.0049;-0.0524;0.0325;0.0088;0.0127;0.0000;0.3150
569.5;1.0229;1.0000;-0.1450;0.0000;109;116;-0.1515;-0.0583;0.0325;0.0127;0.0127;0.0000;0.3150
570.0;1.0234;1.0000;-0.2412;0.0000;105;116;-0.0733;-0.0598;0.0325;0.0215;0.0127;0.0000;0.3150
570.5;1.0247;1.0000;-0.3229;0.0000;103;118;0.0049;-0.0627;0.0311;0.0283;0.0137;0.0000;0.3150
571.0;1.0261;1.0000;-0.3420;0.0000;101;118;0.0049;-0.0671;0.0311;0.0303;0.0137;0.0000;0.3150
571.5;1.0270;1.0000;-0.3145;0.0000;101;116;-0.0733;-0.0686;0.0311;0.0274;0.0137;0.0000;0.3150
572.0;1.0279;1.0000;-0.2809;0.0000;101;116;0.0049;-0.0715;0.0311;0.0244;0.0137;0.0000;0.3150
572.5;1.0288;1.0000;-0.2214;0.0000;103;114;-0.0733;-0.0730;0.0311;0.0196;0.0137;0.0000;0.3150
573.0;1.0293;1.0000;-0.2115;0.0000;101;112;-0.0733;-0.0744;0.0296;0.0186;0.0137;0.0000;0.3150
573.5;1.0302;1.0000;-0.1847;0.0000;103;112;0.0049;-0.0774;0.0296;0.0156;0.0137;0.0000;0.3150
574.0;1.0302;1.0000;-0.1611;0.0000;101;110;0.0049;-0.0774;0.0296;0.0137;0.0137;0.0000;0.3150
574.5;1.0302;1.0000;-0.1221;0.0000;103;110;0.0733;-0.0774;0.0296;0.0108;0.0137;0.0000;0.3150
575.0;1.0293;1.0000;-0.1832;0.0000;101;112;0.0049;-0.0744;0.0296;0.0156;0.0147;0.0000;0.3150
575.5;1.0279;1.0000;-0.2069;0.0000;101;112;0.0049;-0.0715;0.0281;0.0186;0.0147;0.0000;0.3150
576.0;1.0270;1.0000;-0.2458;0.0000;99;114;0.0049;-0.0686;0.0281;0.0215;0.0147;0.0000;0.3150
576.5;1.0266;1.0000;-0.3183;0.0000;97;116;0.0049;-0.0671;0.0281;0.0283;0.0147;0.0000;0.3150
577.0;1.0256;1.0000;-0.2725;0.0000;99;114;-0.0733;-0.0656;0.0281;0.0244;0.0147;0.0000;0.3150
577.5;1.0261;1.0000;-0.2817;0.0000;99;116;0.0049;-0.0656;0.0281;0.0244;0.0147;0.0000;0.3150
578.0;1.0261;1.0000;-0.3031;0.0000;99;116;-0.0733;-0.0671;0.0281;0.0264;0.0147;0.0000;0.3150
578.5;1.0270;1.0000;-0.2397;0.0000;101;114;0.0049;-0.0686;0.0267;0.0215;0.0156;0.0000;0.3150
579.0;1.0284;1.0000;-0.2313;0.0000;101;114;0.0049;-0.0715;0.0267;0.0205;0.0156;0.0000;0.3150
579.5;1.0288;1.0000;-0.2282;0.0000;99;112;0.0049;-0.0744;0.0267;0.0205;0.0156;0.0000;0.3150
580.0;1.0293;1.0000;-0.1191;0.0000;101;110;-0.0831;-0.0744;0.0267;0.0098;0.0156;0.0000;0.3150
580.5;1.0302;1.0000;-0.1901;0.0000;99;110;0.0049;-0.0774;0.0267;0.0166;0.0156;0.0000;0.3150
581.0;1.0311;1.0000;-0.2176;0.0000;97;112;0.0049;-0.0788;0.0252;0.0186;0.0156;0.0000;0.3150
581.5;1.0311;1.0000;-0.1557;0.0000;99;110;0.0831;-0.0788;0.0252;0.0137;0.0156;0.0000;0.3150
582.0;1.0321;1.0000;-0.2260;0.0000;97;112;0.0049;-0.0817;0.0252;0.0196;0.0156;0.0000;0.3150
582.5;1.0334;1.0000;-0.1427;0.0000;99;110;0.0049;-0.0847;0.0252;0.0127;0.0156;0.0000;0.3150
583.0;1.0348;0.9995;-0.0740;0.0000;97;107;-0.0049;-0.0876;0.0237;0.0059;0.0156;0.0000;0.3071
583.5;1.0353;0.9991;-0.0679;0.0000;93;103;-0.0049;-0.0905;0.0237;0.0059;0.0156;0.0000;0.2992
584.0;1.0357;0.9986;-0.0176;0.0000;91;101;0.0733;-0.0935;0.0237;0.0010;0.0156;0.0000;0.2913
584.5;1.0357;0.9982;0.0397;0.0000;91;97;-0.0831;-0.0949;0.0237;-0.0039;0.0156;0.0000;0.2835
585.0;1.0362;0.9973;-0.0397;0.0000;87;97;-0.0049;-0.0979;0.0223;0.0029;0.0156;0.0000;0.2756
585.5;1.0362;0.9963;0.0351;0.0000;87;93;0.0733;-0.0993;0.0223;-0.0039;0.0156;0.0000;0.2677
586.0;1.0353;0.9954;0.0366;0.0000;83;91;0.0733;-0.1008;0.0223;-0.0039;0.0156;0.0000;0.2598
586.5;1.0343;0.9940;-0.0038;0.0000;79;89;-0.0049;-0.1008;0.0223;-0.0000;0.0156;0.0000;0.2520
587.0;1.0330;0.9927;0.1252;0.0000;79;83;0.0733;-0.1008;0.0208;-0.0117;0.0156;0.0000;0.2441
587.5;1.0316;0.9913;0.1137;0.0000;77;81;-0.0049;-0.1023;0.0208;-0.0108;0.0156;0.0000;0.2362
588.0;1.0298;0.9895;0.1237;0.0000;75;79;-0.0049;-0.1023;0.0208;-0.0117;0.0156;0.0000;0.2283
588.5;1.0288;0.9876;0.1290;0.0000;73;77;-0.0049;-0.1037;0.0193;-0.0117;0.0156;0.0000;0.2205
589.0;1.0275;0.9853;0.1840;0.0000;73;73;0.0635;-0.1052;0.0193;-0.0166;0.0156;0.0000;0.2126
589.5;1.0252;0.9835;0.1344;0.0000;69;73;-0.0049;-0.1052;0.0193;-0.0127;0.0156;0.0000;0.2047
590.0;1.0224;0.9812;0.1130;0.0000;67;71;-0.0049;-0.1037;0.0193;-0.0108;0.0156;0.0000;0.1969
590.5;1.0197;0.9785;0.1046;0.0000;65;69;0.0733;-0.1037;0.0179;-0.0098;0.0156;0.0000;0.1890
591.0;1.0174;0.9757;0.0351;0.0000;62;69;-0.0049;-0.1052;0.0179;-0.0039;0.0156;0.0000;0.1811
591.5;1.0142;0.9730;0.0420;0.0000;60;67;0.0733;-0.1037;0.0179;-0.0039;0.0156;0.0000;0.1732
592.0;1.0110;0.9702;0.1427;0.0000;60;64;0.0635;-0.1023;0.0164;-0.0137;0.0156;0.0000;0.1654
592.5;1.0082;0.9670;0.2603;0.0000;60;60;0.0635;-0.1037;0.0164;-0.0235;0.0156;0.0000;0.1575
593.0;1.0041;0.9638;0.3679;0.0000;60;56;0.0635;-0.1023;0.0164;-0.0332;0.0147;0.0000;0.1496
593.5;1.0000;0.9602;0.5237;0.0000;62;50;-0.1026;-0.0993;0.0164;-0.0479;0.0147;0.0000;0.1417
594.0;0.9945;0.9565;0.5099;0.0000;60;48;-0.0244;-0.0964;0.0149;-0.0459;0.0147;0.0000;0.1339
594.5;0.9895;0.9528;0.5374;0.0000;60;46;-0.0244;-0.0920;0.0149;-0.0489;0.0147;0.0000;0.1260
595.0;0.9840;0.9492;0.4786;0.0000;56;46;0.0538;-0.0891;0.0149;-0.0440;0.0137;0.0000;0.1181
595.5;0.9794;0.9451;0.2969;0.0000;50;50;-0.0147;-0.0861;0.0149;-0.0274;0.0137;0.0000;0.1024
596.0;0.9739;0.9409;0.2802;0.0000;48;48;0.0635;-0.0832;0.0135;-0.0254;0.0137;0.0000;0.0945
596.5;0.9689;0.9364;0.1748;0.0000;44;50;0.1417;-0.0817;0.0135;-0.0166;0.0137;0.0000;0.0866
597.0;0.9638;0.9318;0.0817;0.0000;40;50;-0.0049;-0.0803;0.0135;-0.0078;0.0137;0.0000;0.0787
597.5;0.9579;0.9272;0.1366;0.0000;40;46;0.0733;-0.0774;0.0135;-0.0127;0.0137;0.0000;0.0709
598.0;0.9528;0.9222;0.1084;0.0000;38;44;-0.0049;-0.0774;0.0135;-0.0108;0.0137;0.0000;0.0630
598.5;0.9469;0.9171;0.1718;0.0000;36;40;0.0635;-0.0744;0.0120;-0.0156;0.0137;0.0000;0.0551
599.0;0.9405;0.9121;0.2740;0.0000;36;36;0.0635;-0.0715;0.0120;-0.0254;0.0137;0.0000;0.0472
599.5;0.9336;0.9066;0.2290;0.0000;34;36;-0.0147;-0.0671;0.0120;-0.0215;0.0127;0.0000;0.0394
600.0;0.9267;0.9016;0.2809;0.0000;34;34;-0.0147;-0.0642;0.0120;-0.0254;0.0127;0.0000;0.0315
600.5;0.9203;0.8956;0.2145;0.0000;32;34;0.0635;-0.0627;0.0120;-0.0196;0.0127;0.0000;0.0236
601.0;0.9130;0.8901;0.2031;0.0000;30;32;-0.0147;-0.0583;0.0120;-0.0186;0.0127;0.0000;0.0157
601.5;0.9052;0.8842;0.1908;0.0000;28;30;-0.0147;-0.0539;0.0105;-0.0176;0.0127;0.0000;-0.0000
602.0;0.8979;0.8777;0.1000;0.0000;24;30;0.0733;-0.0510;0.0105;-0.0098;0.0127;0.0000;-0.0079
602.5;0.8897;0.8718;0.1565;0.0000;24;28;0.0635;-0.0451;0.0105;-0.0147;0.0127;0.0000;-0.0157
603.0;0.8814;0.8654;0.0786;0.0000;22;28;-0.0049;-0.0422;0.0105;-0.0078;0.0127;0.0000;-0.0236
603.5;0.8736;0.8585;0.1053;0.0000;22;26;-0.0049;-0.0378;0.0105;-0.0098;0.0127;0.0000;-0.0315
604.0;0.8645;0.8521;0.1748;0.0000;22;24;0.0635;-0.0319;0.0105;-0.0166;0.0127;0.0000;-0.0394
604.5;0.8567;0.8452;0.1122;0.0000;19;24;0.0733;-0.0290;0.0105;-0.0108;0.0127;0.0000;-0.0472
605.0;0.8475;0.8379;0.2237;0.0000;21;21;-0.0929;-0.0246;0.0105;-0.0205;0.0127;0.0000;-0.0551
605.5;0.8388;0.8310;0.2000;0.0000;19;19;0.0635;-0.0202;0.0105;-0.0186;0.0117;0.0000;-0.0630
606.0;0.8297;0.8237;0.1145;0.0000;15;21;0.0733;-0.0158;0.0105;-0.0108;0.0117;0.0000;-0.0787
606.5;0.8191;0.8159;0.1740;0.0000;15;17;-0.0147;-0.0085;0.0105;-0.0166;0.0117;0.0000;-0.0866
607.0;0.8091;0.8082;0.0435;0.0000;13;19;-0.0831;-0.0026;0.0105;-0.0049;0.0117;0.0000;-0.0945
607.5;0.7985;0.8004;0.0168;0.0000;11;19;-0.0049;0.0047;0.0105;-0.0020;0.0117;0.0000;-0.1024
608.0;0.7880;0.7926;-0.0802;0.0000;9;19;-0.0831;0.0105;0.0105;0.0068;0.0117;0.0000;-0.1102
608.5;0.7784;0.7843;-0.1015;0.0000;7;19;-0.0049;0.0149;0.0105;0.0088;0.0117;0.0000;-0.1181
609.0;0.7688;0.7761;-0.0282;0.0000;7;15;0.0733;0.0179;0.0105;0.0020;0.0117;0.0000;-0.1260
609.5;0.7592;0.7679;-0.1435;0.0000;3;15;-0.0733;0.0208;0.0105;0.0127;0.0117;0.0000;-0.1339
610.0;0.7491;0.7592;-0.0847;0.0000;3;13;-0.0049;0.0252;0.0105;0.0068;0.0117;0.0000;-0.1496
610.5;0.7395;0.7505;-0.1618;0.0000;1;13;-0.0733;0.0267;0.0105;0.0137;0.0127;0.0000;-0.1575
611.0;0.7294;0.7413;-0.1267;0.0000;-1;11;0.0733;0.0296;0.0105;0.0108;0.0127;0.0000;-0.1654
611.5;0.7202;0.7326;-0.0695;0.0000;-1;7;-0.0831;0.0296;0.0105;0.0059;0.0127;0.0000;-0.1732
612.0;0.7106;0.7230;-0.0672;0.0000;-3;5;-0.0049;0.0311;0.0105;0.0059;0.0127;0.0000;-0.1811
612.5;0.7001;0.7138;-0.0130;0.0000;-3;1;-0.0049;0.0325;0.0105;0.0010;0.0127;0.0000;-0.1890
613.0;0.6900;0.7042;-0.1649;0.0000;-9;3;-0.0733;0.0355;0.0105;0.0147;0.0127;0.0000;-0.2047
613.5;0.6795;0.6946;-0.0802;0.0000;-9;-1;-0.0049;0.0369;0.0105;0.0068;0.0127;0.0000;-0.2126
614.0;0.6690;0.6850;-0.1542;0.0000;-13;-1;0.0831;0.0384;0.0120;0.0137;0.0127;0.0000;-0.2205
614.5;0.6584;0.6749;-0.2000;0.0000;-15;-1;0.0049;0.0398;0.0120;0.0176;0.0127;0.0000;-0.2283
615.0;0.6474;0.6648;-0.0893;0.0000;-13;-5;-0.0831;0.0428;0.0120;0.0078;0.0127;0.0000;-0.2283
615.5;0.6374;0.6548;-0.0870;0.0000;-13;-5;0.0733;0.0428;0.0120;0.0068;0.0127;0.0000;-0.2283
616.0;0.6273;0.6447;-0.1053;0.0000;-15;-5;-0.0831;0.0428;0.0120;0.0088;0.0127;0.0000;-0.2362
616.5;0.6172;0.6346;-0.0511;0.0000;-13;-7;-0.0049;0.0442;0.0120;0.0039;0.0127;0.0000;-0.2362
617.0;0.6067;0.6250;-0.0870;0.0000;-15;-5;0.0733;0.0442;0.0120;0.0068;0.0127;0.0000;-0.2362
617.5;0.5962;0.6149;-0.1290;0.0000;-17;-5;-0.0831;0.0457;0.0120;0.0108;0.0127;0.0000;-0.2362
618.0;0.5856;0.6049;-0.1733;0.0000;-17;-5;0.0049;0.0472;0.0120;0.0147;0.0127;0.0000;-0.2362
618.5;0.5746;0.5948;-0.1252;0.0000;-17;-7;-0.0049;0.0501;0.0135;0.0108;0.0127;0.0000;-0.2362
619.0;0.5636;0.5847;-0.0611;0.0000;-15;-9;-0.0831;0.0516;0.0135;0.0049;0.0127;0.0000;-0.2441
619.5;0.5531;0.5746;-0.0733;0.0000;-15;-9;0.0733;0.0530;0.0135;0.0059;0.0127;0.0000;-0.2441
620.0;0.5440;0.5646;0.0198;0.0000;-15;-11;-0.0049;0.0516;0.0135;-0.0020;0.0127;0.0000;-0.2441
620.5;0.5339;0.5549;-0.0740;0.0000;-17;-9;-0.0049;0.0516;0.0135;0.0059;0.0137;0.0000;-0.2441
621.0;0.5234;0.5449;0.0641;0.0000;-15;-13;-0.0049;0.0530;0.0135;-0.0059;0.0127;0.0000;-0.2441
621.5;0.5137;0.5348;-0.0290;0.0000;-19;-11;0.0733;0.0516;0.0149;0.0020;0.0127;0.0000;-0.2520
622.0;0.5037;0.5247;-0.0901;0.0000;-21;-11;-0.0049;0.0516;0.0149;0.0078;0.0137;0.0000;-0.2520
622.5;0.4936;0.5147;0.0519;0.0000;-17;-15;-0.0049;0.0516;0.0149;-0.0049;0.0137;0.0000;-0.2520
623.0;0.4844;0.5046;0.0420;0.0000;-19;-15;0.0733;0.0501;0.0149;-0.0039;0.0127;0.0000;-0.2520
623.5;0.4753;0.4950;0.0885;0.0000;-19;-17;-0.0049;0.0486;0.0149;-0.0088;0.0127;0.0000;-0.2520
624.0;0.4657;0.4849;-0.0008;0.0000;-21;-15;-0.0049;0.0472;0.0149;-0.0000;0.0127;0.0000;-0.2520
624.5;0.4565;0.4748;-0.0107;0.0000;-22;-15;-0.0049;0.0457;0.0149;-0.0000;0.0127;0.0000;-0.2598
625.0;0.4478;0.4647;-0.1275;0.0000;-24;-15;-0.0831;0.0413;0.0149;0.0108;0.0137;0.0000;-0.2598
625.5;0.4386;0.4547;-0.0603;0.0000;-26;-17;0.0733;0.0398;0.0164;0.0049;0.0137;0.0000;-0.2598
626.0;0.4290;0.4446;0.0130;0.0000;-26;-19;0.0733;0.0384;0.0164;-0.0020;0.0137;0.0000;-0.2598
626.5;0.4203;0.4350;-0.0832;0.0000;-28;-19;-0.0049;0.0355;0.0164;0.0068;0.0137;0.0000;-0.2598
627.0;0.4116;0.4249;0.0466;0.0000;-26;-22;-0.0049;0.0325;0.0164;-0.0049;0.0137;0.0000;-0.2677
627.5;0.4034;0.4148;-0.0176;0.0000;-28;-22;-0.0049;0.0281;0.0164;0.0010;0.0137;0.0000;-0.2677
628.0;0.3951;0.4048;-0.0511;0.0000;-32;-22;-0.0049;0.0237;0.0164;0.0039;0.0137;0.0000;-0.2677
628.5;0.3874;0.3947;0.0137;0.0000;-32;-26;-0.0049;0.0179;0.0164;-0.0020;0.0137;0.0000;-0.2677
629.0;0.3796;0.3846;-0.0397;0.0000;-34;-26;0.0733;0.0135;0.0164;0.0029;0.0137;0.0000;-0.2677
629.5;0.3709;0.3750;0.0244;0.0000;-34;-28;-0.0831;0.0091;0.0164;-0.0029;0.0137;0.0000;-0.2677
630.0;0.3636;0.3649;0.0366;0.0000;-36;-30;-0.0049;0.0032;0.0164;-0.0039;0.0137;0.0000;-0.2756
630.5;0.3562;0.3549;0.0725;0.0000;-36;-34;-0.0049;-0.0041;0.0164;-0.0068;0.0137;0.0000;-0.2756
631.0;0.3484;0.3448;0.0115;0.0000;-40;-34;0.0733;-0.0100;0.0164;-0.0020;0.0137;0.0000;-0.2756
631.5;0.3411;0.3347;-0.0221;0.0000;-42;-36;-0.0831;-0.0158;0.0164;0.0020;0.0137;0.0000;-0.2756
632.0;0.3333;0.3246;0.0084;0.0000;-46;-38;0.0733;-0.0217;0.0164;-0.0010;0.0137;0.0000;-0.2756
632.5;0.3260;0.3146;-0.0863;0.0000;-48;-38;-0.0831;-0.0290;0.0164;0.0068;0.0137;0.0000;-0.2756
633.0;0.3182;0.3049;0.0313;0.0000;-46;-40;0.0733;-0.0349;0.0164;-0.0029;0.0137;0.0000;-0.2756
633.5;0.3104;0.2953;0.0137;0.0000;-48;-40;-0.0831;-0.0393;0.0164;-0.0020;0.0137;0.0000;-0.2677
634.0;0.3027;0.2857;-0.0840;0.0000;-50;-38;0.0733;-0.0437;0.0164;0.0068;0.0137;0.0000;-0.2598
634.5;0.2949;0.2766;0.0053;0.0000;-48;-40;-0.0049;-0.0481;0.0149;-0.0010;0.0137;0.0000;-0.2520
635.0;0.2880;0.2669;-0.0916;0.0000;-50;-38;0.0733;-0.0524;0.0149;0.0078;0.0137;0.0000;-0.2441
635.5;0.2798;0.2582;0.0992;0.0000;-46;-42;-0.0049;-0.0554;0.0149;-0.0098;0.0137;0.0000;-0.2441
636.0;0.2724;0.2491;0.1992;0.0000;-42;-44;-0.0147;-0.0583;0.0149;-0.0186;0.0127;0.0000;-0.2362
636.5;0.2647;0.2404;0.2794;0.0000;-40;-46;-0.0147;-0.0612;0.0149;-0.0254;0.0127;0.0000;-0.2283
637.0;0.2582;0.2317;0.3053;0.0000;-38;-46;-0.0929;-0.0671;0.0149;-0.0283;0.0127;0.0000;-0.2205
637.5;0.2523;0.2234;0.1832;0.0000;-42;-42;0.0635;-0.0730;0.0135;-0.0166;0.0127;0.0000;-0.2126
638.0;0.2459;0.2152;0.2107;0.0000;-42;-42;0.0635;-0.0774;0.0135;-0.0196;0.0127;0.0000;-0.2047
638.5;0.2399;0.2070;0.1130;0.0000;-44;-40;-0.0049;-0.0832;0.0135;-0.0108;0.0127;0.0000;-0.2047
639.0;0.2331;0.1992;0.2855;0.0000;-40;-46;-0.0929;-0.0861;0.0135;-0.0264;0.0127;0.0000;-0.1969
639.5;0.2271;0.1914;0.2221;0.0000;-40;-44;0.0635;-0.0905;0.0135;-0.0205;0.0127;0.0000;-0.1890
640.0;0.2212;0.1836;0.3229;0.0000;-38;-46;-0.0929;-0.0949;0.0120;-0.0293;0.0117;0.0000;-0.1811
640.5;0.2152;0.1758;0.2908;0.0000;-38;-46;-0.0147;-0.0993;0.0120;-0.0264;0.0117;0.0000;-0.1732
641.0;0.2097;0.1685;0.0725;0.0000;-42;-40;0.0733;-0.1037;0.0120;-0.0068;0.0117;0.0000;-0.1654
641.5;0.2047;0.1616;0.2481;0.0000;-38;-42;-0.0147;-0.1081;0.0105;-0.0225;0.0117;0.0000;-0.1575
642.0;0.2001;0.1543;0.1573;0.0000;-40;-42;-0.0147;-0.1140;0.0105;-0.0147;0.0117;0.0000;-0.1575
642.5;0.1946;0.1474;0.2626;0.0000;-38;-44;-0.0147;-0.1184;0.0105;-0.0244;0.0117;0.0000;-0.1496
643.0;0.1891;0.1410;0.2420;0.0000;-38;-44;-0.0929;-0.1213;0.0091;-0.0225;0.0117;0.0000;-0.1417
643.5;0.1841;0.1342;0.1015;0.0000;-42;-40;0.0733;-0.1257;0.0091;-0.0098;0.0117;0.0000;-0.1339
644.0;0.1790;0.1277;0.0084;0.0000;-42;-38;-0.0831;-0.1286;0.0091;-0.0010;0.0117;0.0000;-0.1260
644.5;0.1754;0.1218;-0.0756;0.0000;-44;-36;-0.0049;-0.1345;0.0076;0.0059;0.0117;0.0000;-0.1181
645.0;0.1712;0.1154;0.0420;0.0000;-42;-38;0.0733;-0.1403;0.0076;-0.0039;0.0117;0.0000;-0.1102
645.5;0.1667;0.1094;-0.1023;0.0000;-46;-34;-0.0049;-0.1433;0.0076;0.0088;0.0117;0.0000;-0.1024
646.0;0.1625;0.1039;0.0519;0.0000;-40;-38;-0.0831;-0.1477;0.0062;-0.0049;0.0117;0.0000;-0.0945
646.5;0.1589;0.0980;0.0649;0.0000;-40;-38;0.0733;-0.1521;0.0062;-0.0059;0.0117;0.0000;-0.0945
647.0;0.1548;0.0929;-0.0092;0.0000;-42;-36;-0.0049;-0.1565;0.0047;-0.0000;0.0117;0.0000;-0.0866
647.5;0.1506;0.0875;0.0374;0.0000;-40;-36;-0.0049;-0.1579;0.0047;-0.0039;0.0117;0.0000;-0.0787
648.0;0.1474;0.0824;0.0191;0.0000;-40;-36;-0.0049;-0.1638;0.0047;-0.0020;0.0117;0.0000;-0.0709
648.5;0.1442;0.0774;0.1183;0.0000;-38;-38;-0.0049;-0.1682;0.0032;-0.0108;0.0117;0.0000;-0.0630
649.0;0.1410;0.0723;0.1489;0.0000;-38;-38;0.0635;-0.1726;0.0032;-0.0137;0.0117;0.0000;-0.0551
649.5;0.1378;0.0678;0.2687;0.0000;-34;-40;-0.0147;-0.1770;0.0018;-0.0244;0.0108;0.0000;-0.0472
650.0;0.1355;0.0632;0.2313;0.0000;-34;-40;-0.0929;-0.1814;0.0018;-0.0215;0.0108;0.0000;-0.0394
650.5;0.1332;0.0586;0.1916;0.0000;-36;-38;0.0635;-0.1872;0.0003;-0.0176;0.0108;0.0000;-0.0315
651.0;0.1300;0.0545;0.2489;0.0000;-34;-40;-0.0929;-0.1902;0.0003;-0.0225;0.0108;0.0000;-0.0236
651.5;0.1277;0.0504;0.1282;0.0000;-36;-36;0.0733;-0.1931;-0.0012;-0.0117;0.0108;0.0000;-0.0236
652.0;0.1255;0.0467;0.2511;0.0000;-34;-38;-0.0147;-0.1975;-0.0012;-0.0235;0.0108;0.0000;-0.0157
652.5;0.1227;0.0430;0.2122;0.0000;-34;-36;-0.0147;-0.2004;-0.0026;-0.0196;0.0108;0.0000;-0.0079
653.0;0.1204;0.0394;0.1015;0.0000;-36;-34;-0.0049;-0.2033;-0.0041;-0.0098;0.0108;0.0000;-0.0000
653.5;0.1181;0.0357;0.1443;0.0000;-34;-34;-0.0147;-0.2063;-0.0041;-0.0137;0.0108;0.0000;0.0079
654.0;0.1163;0.0325;0.0244;0.0000;-36;-32;-0.0049;-0.2092;-0.0056;-0.0029;0.0108;0.0000;0.0157
654.5;0.1140;0.0293;0.1053;0.0000;-34;-32;-0.0049;-0.2121;-0.0056;-0.0098;0.0108;0.0000;0.0236
655.0;0.1122;0.0266;0.0366;0.0000;-34;-30;-0.0049;-0.2151;-0.0070;-0.0039;0.0108;0.0000;0.0315
655.5;0.1108;0.0238;0.1160;0.0000;-32;-32;-0.0049;-0.2180;-0.0070;-0.0108;0.0108;0.0000;0.0394
656.0;0.1085;0.0211;0.1229;0.0000;-32;-30;0.0733;-0.2195;-0.0085;-0.0117;0.0108;0.0000;0.0472
656.5;0.1067;0.0183;0.0412;0.0000;-32;-28;-0.0049;-0.2209;-0.0100;-0.0039;0.0098;0.0000;0.0551
657.0;0.1053;0.0160;0.0588;0.0000;-30;-28;-0.0049;-0.2238;-0.0100;-0.0059;0.0098;0.0000;0.0630
657.5;0.1044;0.0142;-0.0740;0.0000;-32;-24;-0.0049;-0.2268;-0.0114;0.0059;0.0108;0.0000;0.0709
658.0;0.1035;0.0119;0.1115;0.0000;-28;-28;-0.0049;-0.2297;-0.0114;-0.0108;0.0098;0.0000;0.0787
658.5;0.1030;0.0101;0.0496;0.0000;-28;-26;-0.0049;-0.2326;-0.0129;-0.0049;0.0098;0.0000;0.0866
659.0;0.1021;0.0082;0.1916;0.0000;-26;-28;0.0635;-0.2341;-0.0144;-0.0176;0.0098;0.0000;0.0945
659.5;0.1007;0.0069;0.1947;0.0000;-24;-26;-0.0929;-0.2356;-0.0144;-0.0176;0.0098;0.0000;0.1024
660.0;0.0998;0.0055;0.0336;0.0000;-26;-22;-0.0049;-0.2370;-0.0158;-0.0039;0.0098;0.0000;0.1102
660.5;0.0994;0.0041;0.2374;0.0000;-21;-26;-0.0147;-0.2385;-0.0173;-0.0215;0.0098;0.0000;0.1181
661.0;0.0989;0.0032;0.1305;0.0000;-22;-22;0.0733;-0.2400;-0.0173;-0.0127;0.0098;0.0000;0.1181
661.5;0.0980;0.0023;0.2626;0.0000;-19;-24;-0.0929;-0.2400;-0.0188;-0.0244;0.0098;0.0000;0.1260
662.0;0.0975;0.0014;0.1710;0.0000;-19;-21;-0.0147;-0.2414;-0.0202;-0.0156;0.0098;0.0000;0.1339
662.5;0.0971;0.0009;0.3504;0.0000;-54;-64;0.0635;-0.2414;-0.0202;-0.0323;0.0098;0.0000;-0.0315
663.0;0.0971;0.0005;0.1450;0.0000;-58;-58;-0.0147;-0.2429;-0.0217;-0.0137;0.0098;0.0000;-0.0236
663.5;0.0971;0.0000;0.0687;0.0000;-58;-56;-0.0831;-0.2429;-0.0231;-0.0068;0.0098;0.0000;-0.0157
664.0;0.0962;0.0000;0.2366;0.0000;-52;-58;-0.0147;-0.2414;-0.0231;-0.0215;0.0088;0.0000;-0.0079
664.5;0.0957;0.0000;0.1336;0.0000;-52;-54;-0.0049;-0.2414;-0.0246;-0.0127;0.0088;0.0000;-0.0000