Time(ms);ActualLinearVel;TargetLinearVel;ActualAngularVel;TargetAngularVel;PWML;PWMR;ImuDiff;VelP;VelI;AngP;AngI;RotationFF;LinearFF
general_params = {
fan_speed = 0.000000,
angular_kp = 0.042000,
angular_ki = 0.000210,
angular_kd = 0.000000,
angular_acc_feed_forward_k = 0.000400,
angular_vel_feed_forward_k = 0.004000,
linear_vel_acc_feed_forward_k = 0.031250,
linear_vel_brake_feed_forward_k = 0.018000,
linear_vel_feed_forward_k = 0.105000,
linear_jerk_ff_k = 0.000000,
linear_jerk_ff_ms = 0.000000,
angular_jerk_ff_k = 0.000000,
angular_jerk_ff_ms = 0.000000,
wall_kp = 0.000000,
wall_ki = 0.000000,
wall_kd = 0.000000,
linear_vel_kp = 1.000000,
linear_vel_ki = 0.010000,
linear_vel_kd = 10.000000,
diagonal_walls_kp = 0.004500,
diagonal_walls_ki = 0.000000,
diagonal_walls_kd = 0.004500,
start_wall_break_mm_left = 5.500000,
start_wall_break_mm_right = 7.200000,
enable_wall_break_correction = 1.000000,
};
t;Vel;TgtVel;AngVel;TgtAngVel;PWM_L;PWM_R;ImuDiff;VelP;VelI;AngP;AngI;RotFF;LinFF
0.0;0.0000;0.0000;-0.0030;0.0000;-1;-1;-0.0012;-0.0012;-0.0012;-0.0000;-0.0000;0.0000;-0.0000
0.5;0.0000;0.0000;0.0050;0.0000;-1;-1;-0.0012;-0.0012;-0.0012;-0.0010;-0.0010;0.0000;-0.0000
1.0;0.0000;0.0000;-0.0065;0.0000;1;1;-0.0012;-0.0012;-0.0012;-0.0000;-0.0000;0.0000;-0.0000
1.5;0.0000;0.0000;-0.0100;0.0000;1;1;-0.0012;-0.0012;-0.0012;-0.0000;-0.0000;0.0000;-0.0000
2.0;0.0000;0.0000;0.0215;0.0000;1;1;-0.0012;0.0003;-0.0012;-0.0010;-0.0010;0.0000;-0.0000
2.5;0.0000;0.0005;-0.0065;0.0000;1;1;-0.0012;0.0003;-0.0012;-0.0000;-0.0010;0.0000;0.0079
3.0;0.0000;0.0005;-0.0150;0.0000;1;1;-0.0012;0.0003;-0.0012;-0.0000;-0.0000;0.0000;0.0079
3.5;0.0000;0.0005;-0.0040;0.0000;3;3;-0.0012;0.0003;-0.0012;-0.0000;-0.0000;0.0000;0.0079
4.0;0.0000;0.0009;-0.0090;0.0000;30;30;-0.0012;0.0003;-0.0012;-0.0000;-0.0000;0.0000;0.1417
4.5;0.0000;0.0014;-0.0105;0.0000;30;30;-0.0012;0.0003;-0.0012;-0.0000;-0.0000;0.0000;0.1417
5.0;0.0000;0.0014;0.0130;0.0000;30;30;-0.0012;0.0003;-0.0012;-0.0010;-0.0000;0.0000;0.1417
5.5;0.0000;0.0018;-0.0075;0.0000;30;30;-0.0012;0.0018;-0.0012;-0.0000;-0.0000;0.0000;0.1417
6.0;0.0000;0.0018;-0.0135;0.0000;32;32;-0.0012;0.0018;-0.0012;-0.0000;-0.0000;0.0000;0.1496
6.5;0.0000;0.0023;-0.0155;0.0000;32;32;-0.0012;0.0018;-0.0012;-0.0000;-0.0000;0.0000;0.1496
7.0;0.0000;0.0027;0.0270;0.0000;32;32;-0.0012;0.0018;-0.0012;-0.0020;-0.0000;0.0000;0.1496
7.5;0.0000;0.0032;0.0395;0.0000;34;32;-0.0012;0.0032;-0.0012;-0.0020;-0.0010;0.0000;0.1496
8.0;0.0000;0.0037;-0.0095;0.0000;34;34;-0.0012;0.0032;-0.0012;-0.0000;-0.0010;0.0000;0.1496
8.5;0.0000;0.0041;-0.0140;0.0000;34;34;-0.0012;0.0032;-0.0012;-0.0000;-0.0000;0.0000;0.1575
9.0;0.0000;0.0046;-0.0155;0.0000;34;34;-0.0012;0.0047;0.0003;-0.0000;-0.0000;0.0000;0.1575
9.5;0.0000;0.0050;-0.0025;0.0000;34;34;-0.0012;0.0047;0.0003;-0.0000;-0.0000;0.0000;0.1575
10.0;0.0000;0.0055;-0.0035;0.0000;36;36;-0.0012;0.0047;0.0003;-0.0000;-0.0000;0.0000;0.1575
10.5;0.0000;0.0060;-0.0260;0.0000;36;36;-0.0012;0.0062;0.0003;0.0010;-0.0000;0.0000;0.1575
11.0;0.0000;0.0069;-0.0330;0.0000;36;36;-0.0012;0.0062;0.0003;0.0010;-0.0000;0.0000;0.1654
11.5;0.0000;0.0073;-0.0260;0.0000;36;38;-0.0012;0.0062;0.0003;0.0010;-0.0000;0.0000;0.1654
12.0;0.0000;0.0078;-0.0245;0.0000;38;38;-0.0012;0.0076;0.0003;0.0010;-0.0000;0.0000;0.1654
12.5;0.0000;0.0087;-0.0290;0.0000;38;38;-0.0012;0.0076;0.0003;0.0010;-0.0000;0.0000;0.1654
13.0;0.0000;0.0092;-0.0250;0.0000;38;38;-0.0012;0.0091;0.0003;0.0010;-0.0000;0.0000;0.1654
13.5;0.0000;0.0101;-0.0445;0.0000;38;40;0.0012;0.0091;0.0003;0.0010;-0.0000;0.0000;0.1732
14.0;0.0000;0.0105;-0.0930;0.0000;38;40;0.0012;0.0105;0.0003;0.0029;-0.0000;0.0000;0.1732
14.5;0.0000;0.0114;-0.0495;0.0000;40;40;0.0012;0.0105;0.0003;0.0020;-0.0000;0.0000;0.1732
15.0;0.0000;0.0124;-0.0280;0.0000;40;42;-0.0012;0.0120;0.0003;0.0010;-0.0000;0.0000;0.1732
15.5;0.0037;0.0128;0.0385;0.0000;40;40;0.0745;0.0091;0.0003;-0.0020;-0.0000;0.0000;0.1811
16.0;0.0037;0.0137;0.0805;0.0000;42;40;-0.0037;0.0091;0.0003;-0.0039;-0.0000;0.0000;0.1811
16.5;0.0032;0.0147;0.0525;0.0000;42;42;-0.0037;0.0105;0.0003;-0.0029;-0.0000;0.0000;0.1811
17.0;0.0032;0.0156;0.0625;0.0000;44;42;-0.0037;0.0120;0.0018;-0.0029;-0.0000;0.0000;0.1811
17.5;0.0032;0.0165;0.0760;0.0000;44;44;-0.0037;0.0120;0.0018;-0.0039;-0.0000;0.0000;0.1811
18.0;0.0027;0.0174;0.1075;0.0000;46;44;-0.0061;0.0135;0.0018;-0.0049;-0.0010;0.0000;0.1890
18.5;0.0027;0.0183;0.0670;0.0000;46;46;-0.0037;0.0149;0.0018;-0.0029;-0.0010;0.0000;0.1890
19.0;0.0064;0.0192;0.1010;0.0000;46;44;0.0745;0.0120;0.0018;-0.0049;-0.0010;0.0000;0.1890
19.5;0.0101;0.0201;0.0890;0.0000;44;44;-0.0818;0.0091;0.0018;-0.0039;-0.0010;0.0000;0.1890
20.0;0.0096;0.0211;0.0875;0.0000;46;44;-0.0037;0.0105;0.0018;-0.0039;-0.0010;0.0000;0.1890
20.5;0.0092;0.0224;0.0935;0.0000;46;44;-0.0037;0.0120;0.0018;-0.0049;-0.0010;0.0000;0.1890
21.0;0.0087;0.0234;0.0990;0.0000;46;46;-0.0037;0.0135;0.0018;-0.0049;-0.0010;0.0000;0.1890
21.5;0.0119;0.0243;0.0935;0.0000;46;44;0.0745;0.0120;0.0018;-0.0049;-0.0010;0.0000;0.1890
22.0;0.0114;0.0252;0.0990;0.0000;46;46;-0.0037;0.0135;0.0018;-0.0049;-0.0010;0.0000;0.1890
22.5;0.0147;0.0261;0.0765;0.0000;46;44;-0.0818;0.0105;0.0032;-0.0039;-0.0010;0.0000;0.1890
23.0;0.0142;0.0275;0.0525;0.0000;46;46;-0.0037;0.0120;0.0032;-0.0029;-0.0010;0.0000;0.1890
23.5;0.0174;0.0284;0.1070;0.0000;46;44;0.0745;0.0105;0.0032;-0.0049;-0.0010;0.0000;0.1890
24.0;0.0165;0.0293;0.0895;0.0000;46;46;-0.0037;0.0120;0.0032;-0.0039;-0.0010;0.0000;0.1890
24.5;0.0197;0.0302;0.1045;0.0000;46;44;-0.0842;0.0105;0.0032;-0.0049;-0.0010;0.0000;0.1890
25.0;0.0224;0.0311;0.0850;0.0000;44;44;0.0745;0.0076;0.0032;-0.0039;-0.0010;0.0000;0.1890
25.5;0.0215;0.0321;0.1205;0.0000;46;44;-0.0061;0.0105;0.0032;-0.0059;-0.0010;0.0000;0.1890
26.0;0.0243;0.0334;0.0660;0.0000;46;44;-0.0818;0.0076;0.0032;-0.0029;-0.0010;0.0000;0.1890
26.5;0.0270;0.0343;0.0905;0.0000;44;44;0.0745;0.0062;0.0032;-0.0039;-0.0010;0.0000;0.1890
27.0;0.0256;0.0353;0.0810;0.0000;46;44;-0.0037;0.0091;0.0032;-0.0039;-0.0010;0.0000;0.1890
27.5;0.0321;0.0362;0.0590;0.0000;44;42;-0.0037;0.0032;0.0032;-0.0029;-0.0010;0.0000;0.1890
28.0;0.0302;0.0371;0.0665;0.0000;46;44;-0.0037;0.0062;0.0032;-0.0029;-0.0010;0.0000;0.1890
28.5;0.0330;0.0385;0.0550;0.0000;44;44;0.0745;0.0047;0.0032;-0.0029;-0.0010;0.0000;0.1890
29.0;0.0311;0.0394;0.1025;0.0000;46;46;-0.0037;0.0076;0.0032;-0.0049;-0.0010;0.0000;0.1890
29.5;0.0334;0.0403;0.0980;0.0000;46;44;0.0745;0.0062;0.0032;-0.0049;-0.0010;0.0000;0.1890
30.0;0.0357;0.0412;0.1345;0.0000;46;44;-0.0842;0.0047;0.0032;-0.0059;-0.0010;0.0000;0.1969
30.5;0.0339;0.0421;0.0750;0.0000;46;46;-0.0037;0.0076;0.0032;-0.0039;-0.0010;0.0000;0.1969
31.0;0.0362;0.0435;0.0710;0.0000;46;46;0.0745;0.0062;0.0032;-0.0039;-0.0010;0.0000;0.1969
31.5;0.0385;0.0444;0.0615;0.0000;46;44;-0.0818;0.0047;0.0047;-0.0029;-0.0010;0.0000;0.1969
32.0;0.0403;0.0453;0.0805;0.0000;46;44;0.0745;0.0047;0.0047;-0.0039;-0.0010;0.0000;0.1969
32.5;0.0421;0.0462;0.1465;0.0000;46;44;-0.0842;0.0032;0.0047;-0.0068;-0.0010;0.0000;0.1969
33.0;0.0440;0.0472;0.1080;0.0000;46;44;0.0745;0.0018;0.0047;-0.0049;-0.0010;0.0000;0.1969
33.5;0.0458;0.0481;0.1700;0.0000;46;42;-0.0842;0.0018;0.0047;-0.0078;-0.0010;0.0000;0.1969
34.0;0.0476;0.0495;0.1200;0.0000;46;44;0.0720;0.0003;0.0047;-0.0059;-0.0010;0.0000;0.1969
34.5;0.0490;0.0504;0.1925;0.0000;46;44;0.0696;0.0003;0.0047;-0.0088;-0.0010;0.0000;0.1969
35.0;0.0504;0.0513;0.1355;0.0000;46;44;-0.0842;0.0003;0.0047;-0.0059;-0.0010;0.0000;0.1969
35.5;0.0517;0.0522;0.1780;0.0000;46;44;0.0696;0.0003;0.0047;-0.0078;-0.0010;0.0000;0.1969
36.0;0.0531;0.0531;0.2010;0.0000;46;42;-0.0867;-0.0012;0.0047;-0.0088;-0.0010;0.0000;0.1969
36.5;0.0545;0.0545;0.1980;0.0000;46;44;0.0696;-0.0012;0.0047;-0.0088;-0.0010;0.0000;0.1969
37.0;0.0559;0.0554;0.1920;0.0000;46;42;-0.0085;-0.0012;0.0047;-0.0088;-0.0010;0.0000;0.1969
37.5;0.0527;0.0563;0.2175;0.0000;48;44;-0.0085;0.0032;0.0047;-0.0098;-0.0010;0.0000;0.1969
38.0;0.0582;0.0572;0.2850;0.0000;48;42;-0.0110;-0.0012;0.0047;-0.0127;-0.0010;0.0000;0.1969
38.5;0.0549;0.0582;0.2125;0.0000;48;44;-0.0085;0.0018;0.0047;-0.0098;-0.0020;0.0000;0.1969
39.0;0.0604;0.0591;0.2475;0.0000;48;42;-0.0110;-0.0012;0.0047;-0.0108;-0.0020;0.0000;0.1969
39.5;0.0614;0.0604;0.1775;0.0000;46;44;0.0696;-0.0012;0.0047;-0.0078;-0.0020;0.0000;0.1969
40.0;0.0618;0.0614;0.1910;0.0000;48;44;-0.0867;-0.0012;0.0047;-0.0088;-0.0020;0.0000;0.1969
40.5;0.0668;0.0623;0.2275;0.0000;46;40;-0.0085;-0.0056;0.0047;-0.0098;-0.0020;0.0000;0.1969
41.0;0.0673;0.0632;0.2195;0.0000;46;42;0.0696;-0.0056;0.0047;-0.0098;-0.0020;0.0000;0.1969
41.5;0.0678;0.0641;0.2445;0.0000;48;42;-0.0891;-0.0041;0.0047;-0.0108;-0.0020;0.0000;0.1969
42.0;0.0687;0.0655;0.2055;0.0000;46;44;0.0696;-0.0041;0.0047;-0.0088;-0.0020;0.0000;0.1969
42.5;0.0728;0.0664;0.1890;0.0000;46;40;-0.0085;-0.0070;0.0047;-0.0088;-0.0020;0.0000;0.1969
43.0;0.0691;0.0673;0.1550;0.0000;48;44;-0.0061;-0.0026;0.0047;-0.0068;-0.0020;0.0000;0.1969
43.5;0.0737;0.0682;0.2285;0.0000;46;42;-0.0085;-0.0056;0.0032;-0.0098;-0.0020;0.0000;0.1969
44.0;0.0737;0.0691;0.1720;0.0000;46;44;0.0720;-0.0056;0.0032;-0.0078;-0.0020;0.0000;0.1969
44.5;0.0742;0.0701;0.2180;0.0000;48;44;-0.0867;-0.0041;0.0032;-0.0098;-0.0020;0.0000;0.1969
45.0;0.0778;0.0714;0.1365;0.0000;46;42;-0.0061;-0.0070;0.0032;-0.0059;-0.0020;0.0000;0.1969
45.5;0.0783;0.0723;0.1735;0.0000;46;44;0.0720;-0.0070;0.0032;-0.0078;-0.0020;0.0000;0.1969
46.0;0.0820;0.0733;0.2185;0.0000;46;40;-0.0085;-0.0100;0.0032;-0.0098;-0.0020;0.0000;0.1969
46.5;0.0820;0.0742;0.2170;0.0000;46;42;-0.0085;-0.0085;0.0032;-0.0098;-0.0020;0.0000;0.1969
47.0;0.0778;0.0751;0.2400;0.0000;50;44;-0.0085;-0.0026;0.0032;-0.0108;-0.0020;0.0000;0.1969
47.5;0.0815;0.0765;0.2130;0.0000;48;44;-0.0085;-0.0056;0.0032;-0.0098;-0.0020;0.0000;0.1969
48.0;0.0815;0.0774;0.2765;0.0000;48;44;0.0672;-0.0056;0.0032;-0.0117;-0.0020;0.0000;0.1969
48.5;0.0815;0.0783;0.2190;0.0000;50;44;-0.0867;-0.0041;0.0032;-0.0098;-0.0020;0.0000;0.1969
49.0;0.0852;0.0792;0.2440;0.0000;48;42;-0.0110;-0.0070;0.0032;-0.0108;-0.0020;0.0000;0.1969
49.5;0.0888;0.0801;0.1545;0.0000;46;42;-0.0061;-0.0085;0.0032;-0.0068;-0.0029;0.0000;0.1969
50.0;0.0920;0.0810;0.1840;0.0000;46;40;-0.0085;-0.0114;0.0032;-0.0078;-0.0029;0.0000;0.1969
50.5;0.0916;0.0824;0.0935;0.0000;46;44;0.0745;-0.0100;0.0032;-0.0049;-0.0029;0.0000;0.1969
51.0;0.0907;0.0833;0.0170;0.0000;46;46;-0.0794;-0.0085;0.0032;-0.0010;-0.0029;0.0000;0.1969
51.5;0.0943;0.0842;0.0350;0.0000;46;44;-0.0012;-0.0100;0.0032;-0.0020;-0.0029;0.0000;0.1969
52.0;0.0934;0.0852;-0.0195;0.0000;46;46;0.0769;-0.0085;0.0032;-0.0000;-0.0029;0.0000;0.1969
52.5;0.0966;0.0861;0.0070;0.0000;44;44;-0.0012;-0.0114;0.0032;-0.0010;-0.0029;0.0000;0.1969
53.0;0.0957;0.0875;-0.0435;0.0000;46;46;-0.0769;-0.0085;0.0032;0.0010;-0.0029;0.0000;0.1969
53.5;0.0984;0.0884;0.0050;0.0000;46;44;-0.0012;-0.0114;0.0032;-0.0010;-0.0029;0.0000;0.1969
54.0;0.0975;0.0893;-0.0905;0.0000;46;46;0.0794;-0.0085;0.0018;0.0029;-0.0029;0.0000;0.1969
54.5;0.1007;0.0902;-0.0675;0.0000;44;46;0.0012;-0.0114;0.0018;0.0020;-0.0029;0.0000;0.1969
55.0;0.1035;0.0911;-0.1340;0.0000;44;46;0.0037;-0.0129;0.0018;0.0049;-0.0029;0.0000;0.1969
55.5;0.1021;0.0925;-0.2260;0.0000;44;48;-0.0720;-0.0100;0.0018;0.0088;-0.0020;0.0000;0.1969
56.0;0.1007;0.0934;-0.2570;0.0000;44;48;0.0867;-0.0085;0.0018;0.0108;-0.0020;0.0000;0.1969
56.5;0.1039;0.0943;-0.3005;0.0000;44;48;0.0085;-0.0100;0.0018;0.0117;-0.0020;0.0000;0.1969
57.0;0.0984;0.0952;-0.2245;0.0000;46;50;0.0061;-0.0041;0.0018;0.0088;-0.0020;0.0000;0.1969
57.5;0.1012;0.0962;-0.2035;0.0000;46;50;0.0061;-0.0056;0.0018;0.0078;-0.0020;0.0000;0.1969
58.0;0.1003;0.0971;-0.0930;0.0000;48;48;-0.0769;-0.0041;0.0018;0.0029;-0.0020;0.0000;0.1969
58.5;0.0989;0.0984;-0.0855;0.0000;50;50;0.0794;-0.0012;0.0018;0.0029;-0.0020;0.0000;0.1969
59.0;0.0980;0.0994;-0.0285;0.0000;50;50;-0.0794;0.0003;0.0018;0.0010;-0.0020;0.0000;0.1969
59.5;0.1007;0.1003;-0.0590;0.0000;50;50;0.0012;-0.0012;0.0018;0.0020;-0.0020;0.0000;0.1969
60.0;0.0998;0.1012;-0.0305;0.0000;50;50;-0.0794;0.0003;0.0018;0.0010;-0.0020;0.0000;0.1969
60.5;0.0984;0.1021;-0.0460;0.0000;50;50;0.0794;0.0032;0.0018;0.0010;-0.0020;0.0000;0.1969
61.0;0.1016;0.1035;-0.2045;0.0000;48;52;0.0061;0.0003;0.0018;0.0078;-0.0020;0.0000;0.1969
61.5;0.1007;0.1044;-0.2350;0.0000;50;52;-0.0720;0.0032;0.0018;0.0098;-0.0020;0.0000;0.1969
62.0;0.1035;0.1053;-0.2495;0.0000;48;52;0.0085;0.0018;0.0018;0.0098;-0.0020;0.0000;0.1969
62.5;0.1062;0.1062;-0.2350;0.0000;48;50;0.0061;-0.0012;0.0018;0.0098;-0.0020;0.0000;0.1969
63.0;0.1049;0.1071;-0.3245;0.0000;48;52;0.0110;0.0018;0.0018;0.0127;-0.0020;0.0000;0.1969
63.5;0.1035;0.1081;-0.2590;0.0000;48;54;0.0867;0.0047;0.0018;0.0108;-0.0020;0.0000;0.1969
64.0;0.1021;0.1094;-0.3695;0.0000;48;54;-0.0672;0.0062;0.0018;0.0147;-0.0020;0.0000;0.1969
64.5;0.1049;0.1103;-0.3135;0.0000;48;54;0.0085;0.0047;0.0018;0.0127;-0.0020;0.0000;0.1969
65.0;0.1035;0.1113;-0.3040;0.0000;48;54;0.0891;0.0076;0.0018;0.0127;-0.0020;0.0000;0.1969
65.5;0.1062;0.1122;-0.3180;0.0000;48;54;0.0085;0.0047;0.0018;0.0127;-0.0020;0.0000;0.1969
66.0;0.1090;0.1131;-0.3375;0.0000;46;54;0.0110;0.0032;0.0018;0.0137;-0.0010;0.0000;0.1969
66.5;0.1071;0.1145;-0.3555;0.0000;48;54;-0.0672;0.0062;0.0018;0.0147;-0.0010;0.0000;0.1969
67.0;0.1058;0.1154;-0.2975;0.0000;50;54;0.0867;0.0091;0.0032;0.0117;-0.0010;0.0000;0.1969
67.5;0.1122;0.1163;-0.2645;0.0000;48;52;-0.0696;0.0032;0.0032;0.0108;-0.0010;0.0000;0.2047
68.0;0.1103;0.1172;-0.0975;0.0000;50;52;0.0794;0.0062;0.0032;0.0039;-0.0010;0.0000;0.2047
68.5;0.1126;0.1181;-0.1295;0.0000;50;52;0.0037;0.0047;0.0032;0.0049;-0.0010;0.0000;0.2047
69.0;0.1113;0.1190;-0.0040;0.0000;52;52;-0.0794;0.0076;0.0032;-0.0000;-0.0010;0.0000;0.2047
69.5;0.1136;0.1204;-0.0520;0.0000;52;52;0.0012;0.0062;0.0032;0.0020;-0.0010;0.0000;0.2047
70.0;0.1154;0.1213;-0.0080;0.0000;50;50;-0.0012;0.0047;0.0032;-0.0000;-0.0010;0.0000;0.2047
70.5;0.1136;0.1223;0.0085;0.0000;52;52;0.0769;0.0076;0.0032;-0.0010;-0.0010;0.0000;0.2047
71.0;0.1200;0.1232;0.0375;0.0000;50;50;-0.0818;0.0032;0.0032;-0.0020;-0.0010;0.0000;0.2047
71.5;0.1136;0.1241;-0.0105;0.0000;54;52;-0.0012;0.0105;0.0032;-0.0000;-0.0010;0.0000;0.2047
72.0;0.1158;0.1255;-0.1275;0.0000;52;54;0.0037;0.0091;0.0032;0.0049;-0.0010;0.0000;0.2047
72.5;0.1177;0.1264;-0.1060;0.0000;52;52;0.0037;0.0076;0.0032;0.0039;-0.0010;0.0000;0.2047
73.0;0.1195;0.1273;-0.1780;0.0000;50;54;0.0061;0.0076;0.0032;0.0068;-0.0010;0.0000;0.2047
73.5;0.1218;0.1282;-0.0855;0.0000;50;52;0.0012;0.0062;0.0032;0.0029;-0.0010;0.0000;0.2047
74.0;0.1232;0.1291;-0.1975;0.0000;50;52;0.0061;0.0047;0.0032;0.0078;-0.0010;0.0000;0.2047
74.5;0.1250;0.1305;-0.1560;0.0000;50;52;0.0037;0.0047;0.0032;0.0059;-0.0010;0.0000;0.2047
75.0;0.1268;0.1314;-0.2120;0.0000;48;52;0.0061;0.0032;0.0032;0.0088;-0.0010;0.0000;0.2047
75.5;0.1282;0.1323;-0.1655;0.0000;50;52;0.0037;0.0032;0.0032;0.0068;-0.0010;0.0000;0.2047
76.0;0.1296;0.1332;-0.0180;0.0000;50;50;-0.0012;0.0032;0.0032;-0.0000;-0.0010;0.0000;0.2047
76.5;0.1310;0.1342;0.0160;0.0000;50;50;-0.0012;0.0032;0.0032;-0.0010;-0.0010;0.0000;0.2047
77.0;0.1364;0.1351;0.0670;0.0000;50;48;0.0745;-0.0012;0.0032;-0.0029;-0.0010;0.0000;0.2047
77.5;0.1374;0.1364;0.0090;0.0000;50;50;-0.0012;-0.0012;0.0032;-0.0010;-0.0010;0.0000;0.2047
78.0;0.1383;0.1374;0.1400;0.0000;50;48;-0.0061;-0.0012;0.0032;-0.0068;-0.0010;0.0000;0.2047
78.5;0.1392;0.1383;0.0530;0.0000;50;50;-0.0037;-0.0012;0.0032;-0.0029;-0.0010;0.0000;0.2047
79.0;0.1401;0.1392;0.1190;0.0000;52;50;-0.0061;-0.0012;0.0032;-0.0059;-0.0010;0.0000;0.2047
79.5;0.1369;0.1401;0.0175;0.0000;52;52;0.0769;0.0032;0.0032;-0.0010;-0.0010;0.0000;0.2047
80.0;0.1419;0.1415;0.0675;0.0000;52;50;-0.0818;-0.0012;0.0032;-0.0029;-0.0010;0.0000;0.2047
80.5;0.1424;0.1424;-0.0955;0.0000;50;52;0.0012;-0.0012;0.0032;0.0039;-0.0010;0.0000;0.2047
81.0;0.1474;0.1433;-0.1305;0.0000;48;50;0.0818;-0.0041;0.0032;0.0049;-0.0010;0.0000;0.2047
81.5;0.1479;0.1442;-0.0695;0.0000;48;50;0.0012;-0.0041;0.0032;0.0020;-0.0010;0.0000;0.2047
82.0;0.1484;0.1451;-0.0935;0.0000;50;52;0.0012;-0.0041;0.0032;0.0039;-0.0010;0.0000;0.2047
82.5;0.1484;0.1461;-0.0410;0.0000;50;52;0.0012;-0.0026;0.0032;0.0010;-0.0010;0.0000;0.2047
83.0;0.1488;0.1474;-0.1230;0.0000;50;54;0.1600;-0.0026;0.0032;0.0049;-0.0010;0.0000;0.2047
83.5;0.1534;0.1484;0.0440;0.0000;50;50;-0.0818;-0.0056;0.0032;-0.0020;-0.0010;0.0000;0.2047
84.0;0.1534;0.1493;0.0070;0.0000;50;50;-0.0012;-0.0041;0.0032;-0.0010;-0.0010;0.0000;0.2047
84.5;0.1538;0.1502;0.1960;0.0000;52;50;-0.0085;-0.0041;0.0032;-0.0088;-0.0010;0.0000;0.2047
85.0;0.1580;0.1511;0.2015;0.0000;50;48;0.0696;-0.0070;0.0032;-0.0088;-0.0010;0.0000;0.2047
85.5;0.1616;0.1525;0.1365;0.0000;50;48;-0.0842;-0.0100;0.0032;-0.0059;-0.0010;0.0000;0.2047
86.0;0.1616;0.1534;0.0980;0.0000;50;48;-0.0037;-0.0085;0.0032;-0.0049;-0.0010;0.0000;0.2047
86.5;0.1612;0.1543;0.0590;0.0000;50;50;-0.0037;-0.0070;0.0032;-0.0029;-0.0010;0.0000;0.2047
87.0;0.1648;0.1552;0.0850;0.0000;50;48;0.0745;-0.0100;0.0032;-0.0039;-0.0010;0.0000;0.2047
87.5;0.1644;0.1561;0.0125;0.0000;50;50;-0.0012;-0.0085;0.0032;-0.0010;-0.0010;0.0000;0.2047
88.0;0.1639;0.1571;0.0250;0.0000;50;50;-0.0012;-0.0070;0.0032;-0.0020;-0.0010;0.0000;0.2047
88.5;0.1671;0.1584;-0.1080;0.0000;48;50;-0.0745;-0.0100;0.0032;0.0039;-0.0010;0.0000;0.2047
89.0;0.1712;0.1593;-0.0455;0.0000;48;50;0.0794;-0.0129;0.0032;0.0010;-0.0010;0.0000;0.2047
89.5;0.1703;0.1603;-0.1155;0.0000;48;52;0.0037;-0.0114;0.0032;0.0039;-0.0010;0.0000;0.2047
90.0;0.1777;0.1612;0.0515;0.0000;48;46;-0.0037;-0.0173;0.0018;-0.0029;-0.0010;0.0000;0.2047
90.5;0.1763;0.1621;0.0625;0.0000;48;48;-0.0037;-0.0144;0.0018;-0.0029;-0.0010;0.0000;0.2047
91.0;0.1754;0.1635;0.0075;0.0000;50;50;-0.0012;-0.0129;0.0018;-0.0010;-0.0010;0.0000;0.2047
91.5;0.1786;0.1644;0.0285;0.0000;48;48;0.0769;-0.0144;0.0018;-0.0020;-0.0010;0.0000;0.2047
92.0;0.1772;0.1653;0.0005;0.0000;50;50;-0.0012;-0.0129;0.0018;-0.0010;-0.0010;0.0000;0.2047
92.5;0.1804;0.1662;0.1035;0.0000;50;48;-0.0842;-0.0144;0.0018;-0.0049;-0.0010;0.0000;0.2047
93.0;0.1790;0.1671;0.0435;0.0000;50;50;-0.0037;-0.0129;0.0018;-0.0020;-0.0010;0.0000;0.2047
93.5;0.1818;0.1685;0.0615;0.0000;50;50;0.0745;-0.0144;0.0018;-0.0029;-0.0010;0.0000;0.2047
94.0;0.1804;0.1694;-0.0785;0.0000;50;52;0.0012;-0.0114;0.0018;0.0029;-0.0010;0.0000;0.2047
94.5;0.1832;0.1703;-0.0210;0.0000;50;50;-0.0794;-0.0144;0.0018;-0.0000;-0.0010;0.0000;0.2047
95.0;0.1859;0.1712;-0.1255;0.0000;48;50;0.0818;-0.0158;0.0018;0.0049;-0.0010;0.0000;0.2047
95.5;0.1845;0.1722;-0.0165;0.0000;50;50;-0.0012;-0.0129;0.0003;-0.0000;-0.0010;0.0000;0.2047
96.0;0.1909;0.1731;0.0215;0.0000;48;48;-0.0012;-0.0188;0.0003;-0.0010;-0.0010;0.0000;0.2047
96.5;0.1891;0.1745;0.0035;0.0000;50;50;-0.0012;-0.0158;0.0003;-0.0010;-0.0010;0.0000;0.2047
97.0;0.1873;0.1754;0.0225;0.0000;52;52;-0.0012;-0.0129;0.0003;-0.0010;-0.0010;0.0000;0.2047
97.5;0.1900;0.1763;0.0140;0.0000;50;50;0.0769;-0.0144;0.0003;-0.0010;-0.0010;0.0000;0.2047
98.0;0.1882;0.1772;0.1230;0.0000;52;50;-0.0061;-0.0114;0.0003;-0.0059;-0.0010;0.0000;0.2047
98.5;0.1909;0.1781;0.0015;0.0000;50;52;0.0769;-0.0129;0.0003;-0.0010;-0.0010;0.0000;0.2047
99.0;0.1928;0.1795;0.0610;0.0000;50;50;-0.0818;-0.0144;0.0003;-0.0029;-0.0010;0.0000;0.2047
99.5;0.1909;0.1804;-0.0700;0.0000;50;52;0.0012;-0.0114;0.0003;0.0020;-0.0010;0.0000;0.2047
100.0;0.1932;0.1813;-0.0700;0.0000;50;52;0.0794;-0.0129;0.0003;0.0020;-0.0010;0.0000;0.2047
100.5;0.1955;0.1822;-0.1025;0.0000;50;52;0.0012;-0.0144;0.0003;0.0039;-0.0010;0.0000;0.2047
101.0;0.1932;0.1832;-0.0335;0.0000;52;52;-0.0012;-0.0114;-0.0012;0.0010;-0.0010;0.0000;0.2047
101.5;0.1914;0.1841;0.0230;0.0000;54;54;-0.0012;-0.0085;-0.0012;-0.0020;-0.0010;0.0000;0.2047
102.0;0.1973;0.1854;0.0180;0.0000;50;50;-0.0012;-0.0129;-0.0012;-0.0010;-0.0010;0.0000;0.2047
102.5;0.1955;0.1864;0.0590;0.0000;52;52;-0.0037;-0.0100;-0.0012;-0.0029;-0.0010;0.0000;0.2047
103.0;0.2015;0.1873;0.0715;0.0000;50;50;-0.0037;-0.0144;-0.0012;-0.0039;-0.0010;0.0000;0.2047
103.5;0.1992;0.1882;0.1590;0.0000;54;50;-0.0061;-0.0114;-0.0012;-0.0068;-0.0010;0.0000;0.2047
104.0;0.2010;0.1891;0.0400;0.0000;52;52;0.0745;-0.0129;-0.0012;-0.0020;-0.0010;0.0000;0.2047
104.5;0.2028;0.1905;0.1015;0.0000;52;50;-0.0818;-0.0129;-0.0012;-0.0049;-0.0010;0.0000;0.2047
105.0;0.2042;0.1914;-0.0475;0.0000;50;52;0.0794;-0.0144;-0.0012;0.0020;-0.0010;0.0000;0.2126
105.5;0.2060;0.1923;-0.0410;0.0000;50;50;-0.0769;-0.0144;-0.0012;0.0010;-0.0010;0.0000;0.2126
106.0;0.2074;0.1932;0.0210;0.0000;50;50;0.0769;-0.0144;-0.0012;-0.0010;-0.0010;0.0000;0.2126
106.5;0.2088;0.1941;0.0530;0.0000;50;50;0.0745;-0.0158;-0.0012;-0.0029;-0.0010;0.0000;0.2126
107.0;0.2102;0.1951;0.0935;0.0000;52;50;-0.0818;-0.0158;-0.0026;-0.0049;-0.0010;0.0000;0.2126
107.5;0.2111;0.1964;0.0115;0.0000;50;50;0.0769;-0.0158;-0.0026;-0.0010;-0.0010;0.0000;0.2126
108.0;0.2125;0.1973;0.0895;0.0000;52;50;-0.0818;-0.0158;-0.0026;-0.0039;-0.0010;0.0000;0.2126
108.5;0.2138;0.1983;0.0155;0.0000;50;50;0.0769;-0.0158;-0.0026;-0.0010;-0.0010;0.0000;0.2126
109.0;0.2147;0.1992;0.1095;0.0000;52;50;-0.0842;-0.0158;-0.0026;-0.0049;-0.0010;0.0000;0.2126
109.5;0.2157;0.2001;-0.0315;0.0000;50;52;0.0769;-0.0158;-0.0026;0.0010;-0.0010;0.0000;0.2126
110.0;0.2166;0.2015;0.0205;0.0000;52;50;-0.0794;-0.0158;-0.0026;-0.0010;-0.0010;0.0000;0.2126
110.5;0.2175;0.2024;-0.1130;0.0000;50;52;0.0818;-0.0158;-0.0026;0.0039;-0.0010;0.0000;0.2126
111.0;0.2221;0.2033;-0.0915;0.0000;48;50;0.0012;-0.0202;-0.0026;0.0029;-0.0010;0.0000;0.2126
111.5;0.2189;0.2042;-0.0300;0.0000;52;52;-0.0012;-0.0158;-0.0026;0.0010;-0.0010;0.0000;0.2126
112.0;0.2198;0.2051;0.0310;0.0000;52;52;0.0769;-0.0158;-0.0041;-0.0020;-0.0010;0.0000;0.2126
112.5;0.2207;0.2060;0.0750;0.0000;52;50;-0.0818;-0.0144;-0.0041;-0.0039;-0.0010;0.0000;0.2126
113.0;0.2212;0.2074;0.0110;0.0000;52;52;0.0769;-0.0144;-0.0041;-0.0010;-0.0010;0.0000;0.2126
113.5;0.2221;0.2083;0.0740;0.0000;52;52;-0.0818;-0.0144;-0.0041;-0.0039;-0.0010;0.0000;0.2126
114.0;0.2225;0.2092;-0.0540;0.0000;52;52;0.0794;-0.0144;-0.0041;0.0020;-0.0010;0.0000;0.2126
114.5;0.2271;0.2102;-0.0410;0.0000;50;52;0.0012;-0.0173;-0.0041;0.0010;-0.0010;0.0000;0.2126
115.0;0.2234;0.2111;-0.1535;0.0000;52;54;0.0037;-0.0129;-0.0041;0.0059;-0.0010;0.0000;0.2126
115.5;0.2239;0.2125;-0.1085;0.0000;52;54;0.0818;-0.0129;-0.0041;0.0039;-0.0010;0.0000;0.2126
116.0;0.2248;0.2134;-0.1380;0.0000;50;54;0.0818;-0.0129;-0.0041;0.0049;-0.0010;0.0000;0.2126
116.5;0.2248;0.2143;-0.0785;0.0000;52;54;-0.0769;-0.0114;-0.0041;0.0029;-0.0010;0.0000;0.2126
117.0;0.2257;0.2152;0.0335;0.0000;52;54;-0.0012;-0.0114;-0.0041;-0.0020;-0.0010;0.0000;0.2126
117.5;0.2262;0.2161;0.0570;0.0000;52;54;0.0745;-0.0100;-0.0056;-0.0029;-0.0010;0.0000;0.2126
118.0;0.2266;0.2175;0.1000;0.0000;54;54;-0.0818;-0.0100;-0.0056;-0.0049;-0.0010;0.0000;0.2126
118.5;0.2271;0.2184;-0.0020;0.0000;54;54;0.0769;-0.0100;-0.0056;-0.0000;-0.0010;0.0000;0.2126
119.0;0.2312;0.2193;0.0325;0.0000;52;52;-0.0012;-0.0129;-0.0056;-0.0020;-0.0010;0.0000;0.2126
119.5;0.2276;0.2202;-0.0735;0.0000;54;56;0.0012;-0.0085;-0.0056;0.0029;-0.0010;0.0000;0.2126
120.0;0.2317;0.2212;-0.0400;0.0000;52;54;0.0012;-0.0114;-0.0056;0.0010;-0.0010;0.0000;0.2126
120.5;0.2317;0.2221;-0.0525;0.0000;52;54;0.0794;-0.0100;-0.0056;0.0020;-0.0010;0.0000;0.2126
121.0;0.2321;0.2234;-0.0375;0.0000;52;54;-0.0794;-0.0100;-0.0056;0.0010;-0.0010;0.0000;0.2126
121.5;0.2321;0.2244;-0.0225;0.0000;54;54;-0.0794;-0.0085;-0.0056;-0.0000;-0.0010;0.0000;0.2126
122.0;0.2321;0.2253;0.0060;0.0000;54;54;0.0769;-0.0085;-0.0056;-0.0010;-0.0010;0.0000;0.2126
122.5;0.2363;0.2262;0.0830;0.0000;54;52;-0.0037;-0.0114;-0.0056;-0.0039;-0.0010;0.0000;0.2126
123.0;0.2321;0.2271;0.0410;0.0000;56;56;-0.0037;-0.0056;-0.0056;-0.0020;-0.0010;0.0000;0.2126
123.5;0.2326;0.2285;0.0555;0.0000;56;56;0.0745;-0.0056;-0.0056;-0.0029;-0.0010;0.0000;0.2126
124.0;0.2367;0.2294;-0.0700;0.0000;52;54;0.0012;-0.0085;-0.0056;0.0020;-0.0010;0.0000;0.2126
124.5;0.2399;0.2303;-0.0735;0.0000;52;54;0.0012;-0.0100;-0.0056;0.0029;-0.0010;0.0000;0.2126
125.0;0.2358;0.2312;-0.1135;0.0000;54;56;0.0818;-0.0056;-0.0056;0.0039;-0.0010;0.0000;0.2126
125.5;0.2399;0.2321;-0.0265;0.0000;54;54;-0.0012;-0.0085;-0.0056;0.0010;-0.0010;0.0000;0.2126
126.0;0.2353;0.2331;-0.0260;0.0000;56;56;-0.0012;-0.0026;-0.0056;0.0010;-0.0010;0.0000;0.2126
126.5;0.2353;0.2344;-0.0310;0.0000;56;58;0.0769;-0.0026;-0.0056;0.0010;-0.0010;0.0000;0.2126
127.0;0.2395;0.2353;-0.0205;0.0000;54;56;-0.0012;-0.0056;-0.0056;-0.0000;-0.0010;0.0000;0.2126
127.5;0.2353;0.2363;-0.0430;0.0000;56;58;0.0012;0.0003;-0.0056;0.0010;-0.0010;0.0000;0.2126
128.0;0.2353;0.2372;-0.0005;0.0000;56;58;0.0769;0.0018;-0.0056;-0.0000;-0.0010;0.0000;0.2126
128.5;0.2390;0.2381;-0.0970;0.0000;54;58;0.0012;-0.0012;-0.0056;0.0039;-0.0010;0.0000;0.2126
129.0;0.2431;0.2395;-0.0060;0.0000;54;56;-0.0012;-0.0041;-0.0056;-0.0000;-0.0010;0.0000;0.2126
129.5;0.2422;0.2404;-0.0730;0.0000;54;58;0.0794;-0.0026;-0.0056;0.0029;-0.0010;0.0000;0.2126
130.0;0.2459;0.2413;-0.0450;0.0000;54;56;0.0012;-0.0056;-0.0070;0.0010;-0.0010;0.0000;0.2126
130.5;0.2495;0.2422;-0.0490;0.0000;52;54;0.0012;-0.0085;-0.0070;0.0020;-0.0010;0.0000;0.2126
131.0;0.2450;0.2431;0.0135;0.0000;56;56;-0.0012;-0.0026;-0.0070;-0.0010;-0.0010;0.0000;0.2126
131.5;0.2482;0.2440;-0.0040;0.0000;54;56;-0.0012;-0.0041;-0.0070;-0.0000;-0.0010;0.0000;0.2126
132.0;0.2518;0.2454;-0.0895;0.0000;52;56;0.0012;-0.0070;-0.0070;0.0029;-0.0010;0.0000;0.2126
132.5;0.2509;0.2463;-0.0705;0.0000;54;56;0.0012;-0.0056;-0.0070;0.0029;-0.0010;0.0000;0.2126
133.0;0.2500;0.2473;-0.1215;0.0000;54;58;0.0818;-0.0026;-0.0070;0.0049;-0.0010;0.0000;0.2126
133.5;0.2491;0.2482;0.0070;0.0000;56;58;-0.0794;-0.0012;-0.0070;-0.0010;-0.0010;0.0000;0.2126
134.0;0.2523;0.2491;0.0030;0.0000;56;56;-0.0012;-0.0041;-0.0070;-0.0010;-0.0010;0.0000;0.2126
134.5;0.2550;0.2505;0.0820;0.0000;56;54;-0.0037;-0.0056;-0.0070;-0.0039;-0.0010;0.0000;0.2126
135.0;0.2505;0.2514;0.0630;0.0000;58;58;-0.0818;0.0003;-0.0070;-0.0029;-0.0010;0.0000;0.2126
135.5;0.2491;0.2523;0.0160;0.0000;58;60;0.0769;0.0018;-0.0070;-0.0010;-0.0010;0.0000;0.2126
136.0;0.2527;0.2532;0.0620;0.0000;58;58;-0.0037;0.0003;-0.0070;-0.0029;-0.0010;0.0000;0.2126
136.5;0.2560;0.2541;-0.0185;0.0000;56;58;-0.0012;-0.0026;-0.0070;-0.0000;-0.0010;0.0000;0.2126
137.0;0.2587;0.2555;0.0380;0.0000;56;56;-0.0037;-0.0041;-0.0070;-0.0020;-0.0010;0.0000;0.2126
137.5;0.2614;0.2564;-0.0600;0.0000;54;56;0.0012;-0.0056;-0.0070;0.0020;-0.0010;0.0000;0.2126
138.0;0.2642;0.2573;0.0445;0.0000;54;54;-0.0037;-0.0070;-0.0070;-0.0020;-0.0010;0.0000;0.2126
138.5;0.2628;0.2582;-0.0255;0.0000;54;56;0.0769;-0.0056;-0.0070;0.0010;-0.0010;0.0000;0.2126
139.0;0.2647;0.2592;0.0720;0.0000;56;56;-0.0037;-0.0056;-0.0070;-0.0039;-0.0010;0.0000;0.2126
139.5;0.2679;0.2601;0.0290;0.0000;54;54;-0.0012;-0.0085;-0.0070;-0.0020;-0.0010;0.0000;0.2126
140.0;0.2697;0.2614;0.0760;0.0000;54;54;-0.0037;-0.0085;-0.0070;-0.0039;-0.0010;0.0000;0.2126
140.5;0.2683;0.2624;-0.0020;0.0000;56;56;-0.0794;-0.0070;-0.0070;-0.0000;-0.0010;0.0000;0.2126
141.0;0.2706;0.2633;-0.0480;0.0000;54;56;0.0012;-0.0085;-0.0070;0.0020;-0.0010;0.0000;0.2126
141.5;0.2766;0.2642;0.0240;0.0000;52;54;0.0769;-0.0129;-0.0070;-0.0020;-0.0010;0.0000;0.2126
142.0;0.2784;0.2651;-0.0570;0.0000;52;54;0.0012;-0.0144;-0.0070;0.0020;-0.0010;0.0000;0.2126
142.5;0.2761;0.2665;0.0505;0.0000;54;54;0.0745;-0.0100;-0.0070;-0.0029;-0.0010;0.0000;0.2205
143.0;0.2743;0.2674;-0.0630;0.0000;56;58;0.0012;-0.0070;-0.0070;0.0020;-0.0010;0.0000;0.2205
143.5;0.2761;0.2683;0.0385;0.0000;56;56;-0.0037;-0.0085;-0.0070;-0.0020;-0.0010;0.0000;0.2205
144.0;0.2738;0.2692;-0.0530;0.0000;58;58;-0.0769;-0.0056;-0.0070;0.0020;-0.0010;0.0000;0.2205
144.5;0.2720;0.2701;0.0175;0.0000;60;58;-0.0794;-0.0026;-0.0070;-0.0010;-0.0010;0.0000;0.2205
145.0;0.2779;0.2711;0.0215;0.0000;56;56;0.0769;-0.0070;-0.0085;-0.0010;-0.0010;0.0000;0.2205
145.5;0.2798;0.2724;0.0585;0.0000;56;56;-0.0037;-0.0085;-0.0085;-0.0029;-0.0010;0.0000;0.2205
146.0;0.2816;0.2734;0.0475;0.0000;56;56;-0.0037;-0.0085;-0.0085;-0.0029;-0.0010;0.0000;0.2205
146.5;0.2830;0.2743;-0.0160;0.0000;56;56;-0.0012;-0.0100;-0.0085;-0.0000;-0.0010;0.0000;0.2205
147.0;0.2843;0.2752;0.0900;0.0000;56;54;-0.0037;-0.0100;-0.0085;-0.0039;-0.0010;0.0000;0.2205
147.5;0.2862;0.2761;-0.0235;0.0000;56;56;-0.0012;-0.0100;-0.0085;0.0010;-0.0010;0.0000;0.2205
148.0;0.2871;0.2775;0.0365;0.0000;56;54;-0.0037;-0.0100;-0.0085;-0.0020;-0.0010;0.0000;0.2205
148.5;0.2885;0.2784;-0.0945;0.0000;54;56;0.0012;-0.0114;-0.0085;0.0039;-0.0010;0.0000;0.2205
149.0;0.2898;0.2793;-0.0980;0.0000;54;56;0.0012;-0.0114;-0.0085;0.0039;-0.0010;0.0000;0.2205
149.5;0.2866;0.2802;-0.1175;0.0000;56;58;0.0818;-0.0070;-0.0085;0.0049;-0.0010;0.0000;0.2205
150.0;0.2843;0.2811;-0.0210;0.0000;58;60;0.0769;-0.0041;-0.0085;-0.0000;-0.0010;0.0000;0.2205
150.5;0.2857;0.2821;0.0645;0.0000;58;58;-0.0037;-0.0041;-0.0085;-0.0029;-0.0010;0.0000;0.2205
151.0;0.2871;0.2834;0.1160;0.0000;58;58;-0.0061;-0.0041;-0.0085;-0.0049;-0.0010;0.0000;0.2205
151.5;0.2885;0.2843;0.0545;0.0000;58;58;-0.0037;-0.0056;-0.0085;-0.0029;-0.0010;0.0000;0.2205
152.0;0.2898;0.2853;-0.0565;0.0000;56;58;0.0012;-0.0056;-0.0085;0.0020;-0.0010;0.0000;0.2205
152.5;0.2908;0.2862;0.0265;0.0000;58;58;0.0769;-0.0056;-0.0085;-0.0020;-0.0010;0.0000;0.2205
153.0;0.2880;0.2871;-0.0135;0.0000;60;60;-0.0794;-0.0012;-0.0085;-0.0000;-0.0010;0.0000;0.2205
153.5;0.2894;0.2885;0.0785;0.0000;60;58;-0.0037;-0.0012;-0.0085;-0.0039;-0.0010;0.0000;0.2205
154.0;0.2903;0.2894;0.0310;0.0000;60;58;-0.0012;-0.0012;-0.0085;-0.0020;-0.0010;0.0000;0.2205
154.5;0.2875;0.2903;-0.0550;0.0000;60;60;-0.0769;0.0018;-0.0085;0.0020;-0.0010;0.0000;0.2205
155.0;0.2930;0.2912;-0.0980;0.0000;58;60;0.0794;-0.0026;-0.0085;0.0039;-0.0010;0.0000;0.2205
155.5;0.2940;0.2921;-0.1110;0.0000;58;60;0.0037;-0.0026;-0.0085;0.0039;-0.0010;0.0000;0.2205
156.0;0.2949;0.2935;-0.0460;0.0000;58;58;0.0012;-0.0026;-0.0085;0.0010;-0.0010;0.0000;0.2205
156.5;0.3040;0.2944;-0.0390;0.0000;54;56;0.0012;-0.0100;-0.0085;0.0010;-0.0010;0.0000;0.2205
157.0;0.3004;0.2953;0.0405;0.0000;58;58;0.0745;-0.0056;-0.0085;-0.0020;-0.0010;0.0000;0.2205
157.5;0.3008;0.2962;0.0365;0.0000;58;58;-0.0818;-0.0056;-0.0085;-0.0020;-0.0010;0.0000;0.2205
158.0;0.3013;0.2972;0.1160;0.0000;60;56;-0.0061;-0.0056;-0.0085;-0.0049;-0.0010;0.0000;0.2205
158.5;0.3022;0.2981;0.0460;0.0000;58;58;-0.0037;-0.0041;-0.0085;-0.0020;-0.0010;0.0000;0.2205
159.0;0.3027;0.2995;0.0540;0.0000;60;58;-0.0037;-0.0041;-0.0085;-0.0029;-0.0010;0.0000;0.2205
159.5;0.3072;0.3004;-0.0345;0.0000;56;58;0.0794;-0.0070;-0.0100;0.0010;-0.0010;0.0000;0.2205
160.0;0.3077;0.3013;-0.0505;0.0000;58;58;0.0012;-0.0070;-0.0100;0.0020;-0.0010;0.0000;0.2205
160.5;0.3077;0.3022;-0.0590;0.0000;58;58;0.0012;-0.0056;-0.0100;0.0020;-0.0010;0.0000;0.2205
161.0;0.3118;0.3031;-0.0255;0.0000;56;56;-0.0794;-0.0100;-0.0100;0.0010;-0.0010;0.0000;0.2205
161.5;0.3123;0.3045;0.0495;0.0000;58;56;-0.0037;-0.0085;-0.0100;-0.0029;-0.0010;0.0000;0.2205
162.0;0.3118;0.3054;-0.0735;0.0000;58;58;0.0012;-0.0070;-0.0100;0.0029;-0.0010;0.0000;0.2205
162.5;0.3114;0.3063;0.0095;0.0000;58;58;-0.0012;-0.0056;-0.0100;-0.0010;-0.0010;0.0000;0.2205
163.0;0.3123;0.3072;-0.1075;0.0000;58;60;0.0012;-0.0056;-0.0100;0.0039;-0.0010;0.0000;0.2205
163.5;0.3118;0.3082;0.0575;0.0000;60;58;-0.0037;-0.0041;-0.0100;-0.0029;-0.0010;0.0000;0.2205
164.0;0.3123;0.3091;0.0710;0.0000;60;58;-0.0037;-0.0041;-0.0100;-0.0039;-0.0010;0.0000;0.2205
164.5;0.3164;0.3104;0.1005;0.0000;60;56;-0.0818;-0.0070;-0.0100;-0.0049;-0.0010;0.0000;0.2205
165.0;0.3164;0.3114;0.0170;0.0000;60;58;-0.0012;-0.0056;-0.0100;-0.0010;-0.0010;0.0000;0.2205
165.5;0.3159;0.3123;-0.0455;0.0000;60;60;0.0012;-0.0041;-0.0100;0.0010;-0.0010;0.0000;0.2205
166.0;0.3196;0.3132;-0.0730;0.0000;58;58;-0.0769;-0.0070;-0.0100;0.0029;-0.0010;0.0000;0.2205
166.5;0.3233;0.3141;-0.0825;0.0000;56;58;0.0794;-0.0100;-0.0100;0.0029;-0.0010;0.0000;0.2205
167.0;0.3223;0.3155;0.0030;0.0000;58;58;-0.0012;-0.0085;-0.0100;-0.0010;-0.0010;0.0000;0.2205
167.5;0.3223;0.3164;-0.0960;0.0000;58;60;0.0012;-0.0070;-0.0100;0.0039;-0.0010;0.0000;0.2205
168.0;0.3214;0.3173;-0.0315;0.0000;60;60;-0.0012;-0.0056;-0.0100;0.0010;-0.0010;0.0000;0.2205
168.5;0.3214;0.3182;-0.1540;0.0000;60;62;0.0037;-0.0041;-0.0100;0.0059;-0.0010;0.0000;0.2205
169.0;0.3210;0.3191;-0.1175;0.0000;60;62;-0.0745;-0.0026;-0.0100;0.0049;-0.0010;0.0000;0.2205
169.5;0.3246;0.3201;-0.1525;0.0000;58;60;0.0818;-0.0056;-0.0100;0.0059;-0.0010;0.0000;0.2205
170.0;0.3242;0.3214;-0.0860;0.0000;60;62;0.0012;-0.0041;-0.0100;0.0029;-0.0010;0.0000;0.2205
170.5;0.3233;0.3223;-0.1225;0.0000;60;62;0.0037;-0.0026;-0.0100;0.0049;-0.0010;0.0000;0.2205
171.0;0.3228;0.3233;-0.1505;0.0000;60;64;0.0037;0.0003;-0.0100;0.0059;-0.0010;0.0000;0.2205
171.5;0.3260;0.3242;-0.0170;0.0000;60;60;-0.0794;-0.0026;-0.0100;-0.0000;-0.0010;0.0000;0.2205
172.0;0.3255;0.3251;-0.1055;0.0000;60;62;0.0012;-0.0012;-0.0100;0.0039;-0.0010;0.0000;0.2205
172.5;0.3251;0.3265;-0.0155;0.0000;62;62;-0.0012;0.0003;-0.0100;-0.0000;-0.0010;0.0000;0.2205
173.0;0.3242;0.3274;-0.1100;0.0000;62;64;0.0037;0.0018;-0.0100;0.0039;-0.0010;0.0000;0.2205
173.5;0.3237;0.3283;-0.0255;0.0000;62;64;-0.0012;0.0032;-0.0100;0.0010;-0.0010;0.0000;0.2205
174.0;0.3233;0.3292;-0.1115;0.0000;62;64;0.0037;0.0047;-0.0100;0.0039;-0.0010;0.0000;0.2205
174.5;0.3269;0.3301;-0.0600;0.0000;62;62;-0.0769;0.0032;-0.0100;0.0020;-0.0010;0.0000;0.2205
175.0;0.3301;0.3310;-0.0430;0.0000;62;62;0.0794;0.0003;-0.0100;0.0010;-0.0010;0.0000;0.2205
175.5;0.3292;0.3324;0.0205;0.0000;62;62;-0.0012;0.0018;-0.0100;-0.0010;-0.0010;0.0000;0.2205
176.0;0.3356;0.3333;-0.0105;0.0000;60;60;-0.0012;-0.0026;-0.0100;-0.0000;-0.0010;0.0000;0.2205
176.5;0.3347;0.3342;-0.1185;0.0000;60;62;0.0037;-0.0012;-0.0100;0.0049;-0.0010;0.0000;0.2205
177.0;0.3338;0.3352;0.0080;0.0000;62;62;-0.0012;0.0003;-0.0100;-0.0010;-0.0010;0.0000;0.2205
177.5;0.3365;0.3361;-0.0875;0.0000;60;62;-0.0769;-0.0012;-0.0100;0.0029;-0.0010;0.0000;0.2205
178.0;0.3393;0.3375;0.0135;0.0000;60;60;0.0769;-0.0026;-0.0100;-0.0010;-0.0010;0.0000;0.2205
178.5;0.3420;0.3384;-0.0550;0.0000;60;60;-0.0769;-0.0041;-0.0100;0.0020;-0.0010;0.0000;0.2205
179.0;0.3407;0.3393;-0.0195;0.0000;62;60;-0.0012;-0.0026;-0.0100;-0.0000;-0.0010;0.0000;0.2205
179.5;0.3471;0.3402;-0.0360;0.0000;58;58;0.0012;-0.0070;-0.0100;0.0010;-0.0010;0.0000;0.2205
180.0;0.3452;0.3411;0.0000;0.0000;60;60;-0.0012;-0.0056;-0.0100;-0.0010;-0.0010;0.0000;0.2283
180.5;0.3475;0.3425;0.0300;0.0000;60;60;0.0769;-0.0056;-0.0100;-0.0020;-0.0010;0.0000;0.2283
181.0;0.3498;0.3434;0.0405;0.0000;60;58;-0.0818;-0.0070;-0.0100;-0.0020;-0.0010;0.0000;0.2283
181.5;0.3480;0.3443;0.1120;0.0000;62;60;0.0720;-0.0041;-0.0100;-0.0049;-0.0010;0.0000;0.2283
182.0;0.3503;0.3452;0.1285;0.0000;62;58;-0.0842;-0.0056;-0.0100;-0.0059;-0.0010;0.0000;0.2283
182.5;0.3484;0.3462;0.1985;0.0000;64;60;-0.0085;-0.0026;-0.0100;-0.0088;-0.0010;0.0000;0.2283
183.0;0.3507;0.3471;0.1850;0.0000;64;58;-0.0867;-0.0041;-0.0100;-0.0078;-0.0010;0.0000;0.2283
183.5;0.3489;0.3484;0.2100;0.0000;65;60;-0.0085;-0.0012;-0.0100;-0.0098;-0.0010;0.0000;0.2283
184.0;0.3549;0.3494;0.1100;0.0000;62;58;-0.0061;-0.0056;-0.0114;-0.0049;-0.0010;0.0000;0.2283
184.5;0.3526;0.3503;0.0950;0.0000;64;60;-0.0818;-0.0026;-0.0114;-0.0049;-0.0010;0.0000;0.2283
185.0;0.3549;0.3512;0.0395;0.0000;62;60;0.0745;-0.0041;-0.0114;-0.0020;-0.0010;0.0000;0.2283
185.5;0.3599;0.3521;0.0260;0.0000;60;60;-0.0012;-0.0085;-0.0114;-0.0020;-0.0010;0.0000;0.2283
186.0;0.3576;0.3535;0.0460;0.0000;62;60;-0.0037;-0.0056;-0.0114;-0.0020;-0.0010;0.0000;0.2283
186.5;0.3594;0.3544;0.0385;0.0000;62;60;-0.0818;-0.0056;-0.0114;-0.0020;-0.0010;0.0000;0.2283
187.0;0.3608;0.3553;0.1250;0.0000;62;58;-0.0842;-0.0056;-0.0114;-0.0059;-0.0010;0.0000;0.2283
187.5;0.3626;0.3562;0.0760;0.0000;62;60;0.0745;-0.0070;-0.0114;-0.0039;-0.0010;0.0000;0.2283
188.0;0.3603;0.3571;0.0510;0.0000;64;62;-0.0037;-0.0041;-0.0114;-0.0029;-0.0010;0.0000;0.2283
188.5;0.3658;0.3581;-0.0595;0.0000;60;60;0.0012;-0.0085;-0.0114;0.0020;-0.0010;0.0000;0.2283
189.0;0.3672;0.3594;-0.0905;0.0000;60;62;0.0794;-0.0085;-0.0114;0.0029;-0.0010;0.0000;0.2283
189.5;0.3686;0.3603;-0.1940;0.0000;60;62;-0.0720;-0.0085;-0.0114;0.0078;-0.0010;0.0000;0.2283
190.0;0.3736;0.3613;-0.2560;0.0000;56;60;0.0085;-0.0129;-0.0114;0.0098;-0.0010;0.0000;0.2283
190.5;0.3736;0.3622;-0.2555;0.0000;56;62;0.0867;-0.0129;-0.0114;0.0098;-0.0010;0.0000;0.2283
191.0;0.3796;0.3631;-0.2095;0.0000;56;60;0.0061;-0.0173;-0.0114;0.0078;-0.0010;0.0000;0.2283
191.5;0.3755;0.3645;-0.0725;0.0000;60;60;0.0012;-0.0114;-0.0114;0.0029;-0.0010;0.0000;0.2283
192.0;0.3814;0.3654;-0.0605;0.0000;58;58;0.0012;-0.0173;-0.0114;0.0020;-0.0010;0.0000;0.2283
192.5;0.3777;0.3663;0.0495;0.0000;60;60;-0.0037;-0.0114;-0.0114;-0.0029;-0.0010;0.0000;0.2283
193.0;0.3745;0.3672;0.0495;0.0000;64;62;-0.0037;-0.0085;-0.0129;-0.0029;-0.0010;0.0000;0.2283
193.5;0.3791;0.3681;0.1010;0.0000;62;60;-0.0037;-0.0114;-0.0129;-0.0049;-0.0010;0.0000;0.2283
194.0;0.3837;0.3690;0.0975;0.0000;60;58;-0.0037;-0.0158;-0.0129;-0.0049;-0.0010;0.0000;0.2283
194.5;0.3800;0.3704;0.1000;0.0000;62;60;-0.0037;-0.0100;-0.0129;-0.0049;-0.0010;0.0000;0.2283
195.0;0.3846;0.3713;0.0255;0.0000;60;60;-0.0012;-0.0144;-0.0129;-0.0020;-0.0010;0.0000;0.2283
195.5;0.3892;0.3723;-0.0620;0.0000;58;60;0.0012;-0.0173;-0.0129;0.0020;-0.0010;0.0000;0.2283
196.0;0.3892;0.3732;-0.1155;0.0000;58;60;-0.0745;-0.0173;-0.0129;0.0039;-0.0010;0.0000;0.2283
196.5;0.3892;0.3741;-0.1400;0.0000;58;62;0.0818;-0.0158;-0.0129;0.0059;-0.0010;0.0000;0.2283
197.0;0.3892;0.3755;-0.0825;0.0000;60;62;0.0012;-0.0144;-0.0129;0.0029;-0.0010;0.0000;0.2283
197.5;0.3855;0.3764;-0.0700;0.0000;62;64;0.0012;-0.0100;-0.0129;0.0029;-0.0010;0.0000;0.2283
198.0;0.3897;0.3773;-0.0410;0.0000;60;62;0.0012;-0.0129;-0.0129;0.0010;-0.0010;0.0000;0.2283
198.5;0.3938;0.3782;-0.0200;0.0000;60;60;-0.0012;-0.0158;-0.0144;-0.0000;-0.0010;0.0000;0.2283
199.0;0.3938;0.3791;0.1075;0.0000;62;60;-0.0842;-0.0144;-0.0144;-0.0049;-0.0010;0.0000;0.2283
199.5;0.3965;0.3805;0.2005;0.0000;62;58;-0.0085;-0.0173;-0.0144;-0.0088;-0.0010;0.0000;0.2283
200.0;0.4006;0.3814;0.1790;0.0000;60;56;-0.0085;-0.0202;-0.0144;-0.0078;-0.0010;0.0000;0.2283
200.5;0.4006;0.3823;0.1895;0.0000;62;56;-0.0867;-0.0188;-0.0144;-0.0088;-0.0010;0.0000;0.2283
201.0;0.4034;0.3832;0.1190;0.0000;60;56;-0.0061;-0.0217;-0.0144;-0.0059;-0.0010;0.0000;0.2283
201.5;0.3993;0.3842;0.1525;0.0000;62;60;-0.0061;-0.0158;-0.0144;-0.0068;-0.0010;0.0000;0.2283
202.0;0.4029;0.3851;0.0620;0.0000;60;58;-0.0037;-0.0188;-0.0144;-0.0029;-0.0010;0.0000;0.2283
202.5;0.4061;0.3864;0.0020;0.0000;60;58;-0.0012;-0.0202;-0.0158;-0.0010;-0.0010;0.0000;0.2283
203.0;0.4057;0.3874;-0.0670;0.0000;60;60;-0.0769;-0.0188;-0.0158;0.0020;-0.0010;0.0000;0.2283
203.5;0.4089;0.3883;-0.0845;0.0000;58;60;0.0012;-0.0217;-0.0158;0.0029;-0.0010;0.0000;0.2283
204.0;0.4116;0.3892;-0.1530;0.0000;58;60;0.0037;-0.0231;-0.0158;0.0059;-0.0010;0.0000;0.2283
204.5;0.4107;0.3901;-0.1015;0.0000;60;60;-0.0769;-0.0217;-0.0158;0.0039;-0.0010;0.0000;0.2283
205.0;0.4098;0.3915;-0.0880;0.0000;60;60;0.0794;-0.0188;-0.0158;0.0029;-0.0010;0.0000;0.2283
205.5;0.4125;0.3924;-0.0990;0.0000;60;60;0.0012;-0.0217;-0.0158;0.0039;-0.0010;0.0000;0.2283
206.0;0.4116;0.3933;-0.0530;0.0000;60;60;-0.0769;-0.0188;-0.0158;0.0020;-0.0010;0.0000;0.2283
206.5;0.4144;0.3942;-0.0475;0.0000;60;60;0.0012;-0.0217;-0.0173;0.0020;-0.0010;0.0000;0.2283
207.0;0.4176;0.3951;-0.0305;0.0000;60;58;-0.0012;-0.0231;-0.0173;0.0010;-0.0010;0.0000;0.2283
207.5;0.4121;0.3961;-0.0120;0.0000;62;62;-0.0012;-0.0158;-0.0173;-0.0000;-0.0010;0.0000;0.2283
208.0;0.4148;0.3974;0.0690;0.0000;62;60;-0.0037;-0.0188;-0.0173;-0.0029;-0.0010;0.0000;0.2283
208.5;0.4139;0.3984;0.0640;0.0000;64;60;-0.0818;-0.0158;-0.0173;-0.0029;-0.0010;0.0000;0.2283
209.0;0.4167;0.3993;0.0270;0.0000;62;60;-0.0012;-0.0188;-0.0173;-0.0020;-0.0010;0.0000;0.2283
209.5;0.4153;0.4002;0.0410;0.0000;64;60;-0.0818;-0.0158;-0.0173;-0.0020;-0.0010;0.0000;0.2283
210.0;0.4180;0.4011;0.0130;0.0000;62;60;-0.0012;-0.0173;-0.0173;-0.0010;-0.0010;0.0000;0.2283
210.5;0.4167;0.4025;-0.0040;0.0000;64;62;-0.0794;-0.0144;-0.0188;-0.0000;-0.0010;0.0000;0.2283
211.0;0.4153;0.4034;-0.0740;0.0000;64;64;0.0794;-0.0129;-0.0188;0.0029;-0.0010;0.0000;0.2283
211.5;0.4180;0.4043;-0.0780;0.0000;62;62;-0.0769;-0.0144;-0.0188;0.0029;-0.0010;0.0000;0.2283
212.0;0.4130;0.4052;-0.1665;0.0000;64;65;0.0037;-0.0085;-0.0188;0.0068;-0.0010;0.0000;0.2283
212.5;0.4158;0.4061;-0.1810;0.0000;62;64;0.0061;-0.0100;-0.0188;0.0068;-0.0010;0.0000;0.2283
213.0;0.4185;0.4071;-0.2075;0.0000;62;64;0.0061;-0.0114;-0.0188;0.0078;-0.0010;0.0000;0.2283
213.5;0.4167;0.4084;-0.1730;0.0000;64;65;-0.0745;-0.0085;-0.0188;0.0068;-0.0010;0.0000;0.2283
214.0;0.4153;0.4093;-0.0820;0.0000;64;65;0.0794;-0.0070;-0.0188;0.0029;-0.0010;0.0000;0.2283
214.5;0.4144;0.4103;-0.0870;0.0000;65;65;-0.0769;-0.0056;-0.0188;0.0029;-0.0010;0.0000;0.2283
215.0;0.4167;0.4112;-0.0615;0.0000;64;64;0.0012;-0.0070;-0.0188;0.0020;-0.0010;0.0000;0.2283
215.5;0.4199;0.4121;-0.0415;0.0000;64;64;0.0012;-0.0085;-0.0188;0.0010;-0.0010;0.0000;0.2283
216.0;0.4185;0.4135;0.0410;0.0000;65;64;-0.0818;-0.0056;-0.0188;-0.0020;-0.0010;0.0000;0.2283
216.5;0.4212;0.4144;0.0335;0.0000;65;62;-0.0012;-0.0070;-0.0188;-0.0020;-0.0010;0.0000;0.2283
217.0;0.4194;0.4153;0.0400;0.0000;65;64;-0.0037;-0.0056;-0.0188;-0.0020;-0.0010;0.0000;0.2283
217.5;0.4180;0.4162;0.0060;0.0000;67;64;-0.0794;-0.0026;-0.0188;-0.0010;-0.0010;0.0000;0.2362
218.0;0.4167;0.4171;0.0075;0.0000;67;65;0.0769;0.0003;-0.0188;-0.0010;-0.0010;0.0000;0.2362
218.5;0.4185;0.4185;-0.0620;0.0000;65;65;0.0012;-0.0012;-0.0188;0.0020;-0.0010;0.0000;0.2362
219.0;0.4139;0.4194;-0.0435;0.0000;67;67;0.0012;0.0047;-0.0188;0.0010;-0.0010;0.0000;0.2362
219.5;0.4194;0.4203;-0.0910;0.0000;65;65;-0.0769;0.0003;-0.0188;0.0029;-0.0010;0.0000;0.2362
220.0;0.4190;0.4212;-0.1190;0.0000;65;67;0.0818;0.0018;-0.0188;0.0049;-0.0010;0.0000;0.2362
220.5;0.4212;0.4222;-0.1410;0.0000;65;65;0.0037;0.0003;-0.0188;0.0059;-0.0010;0.0000;0.2362
221.0;0.4240;0.4231;-0.1170;0.0000;64;65;0.0037;-0.0012;-0.0188;0.0049;-0.0000;0.0000;0.2362
221.5;0.4222;0.4245;-0.0890;0.0000;65;65;-0.0769;0.0018;-0.0188;0.0029;-0.0000;0.0000;0.2362
222.0;0.4245;0.4254;-0.0840;0.0000;65;65;0.0012;0.0003;-0.0188;0.0029;-0.0000;0.0000;0.2362
222.5;0.4267;0.4263;-0.0605;0.0000;65;65;0.0012;-0.0012;-0.0188;0.0020;-0.0000;0.0000;0.2362
223.0;0.4286;0.4272;-0.0875;0.0000;64;65;0.0012;-0.0026;-0.0188;0.0029;-0.0000;0.0000;0.2362
223.5;0.4309;0.4281;-0.0565;0.0000;64;64;0.0012;-0.0026;-0.0188;0.0020;-0.0000;0.0000;0.2362
224.0;0.4290;0.4295;-0.0470;0.0000;65;65;-0.0769;0.0003;-0.0188;0.0020;-0.0000;0.0000;0.2362
224.5;0.4309;0.4304;-0.0185;0.0000;65;65;-0.0012;-0.0012;-0.0188;-0.0000;-0.0000;0.0000;0.2362
225.0;0.4332;0.4313;0.0005;0.0000;65;64;-0.0012;-0.0026;-0.0188;-0.0010;-0.0000;0.0000;0.2362
225.5;0.4350;0.4322;-0.0250;0.0000;65;64;-0.0012;-0.0026;-0.0188;0.0010;-0.0000;0.0000;0.2362
226.0;0.4368;0.4332;-0.0305;0.0000;64;64;-0.0012;-0.0041;-0.0188;0.0010;-0.0000;0.0000;0.2362
226.5;0.4382;0.4341;-0.0635;0.0000;64;64;0.0012;-0.0041;-0.0188;0.0020;-0.0000;0.0000;0.2362
227.0;0.4359;0.4354;-0.0405;0.0000;65;65;0.0012;-0.0012;-0.0188;0.0010;-0.0000;0.0000;0.2362
227.5;0.4368;0.4364;-0.0850;0.0000;65;65;0.0012;-0.0012;-0.0188;0.0029;-0.0000;0.0000;0.2362
228.0;0.4350;0.4373;-0.0470;0.0000;67;67;-0.0769;0.0018;-0.0188;0.0020;-0.0000;0.0000;0.2362
228.5;0.4368;0.4382;-0.0920;0.0000;65;67;0.0012;0.0003;-0.0188;0.0029;-0.0000;0.0000;0.2362
229.0;0.4382;0.4391;-0.0715;0.0000;65;65;0.0012;0.0003;-0.0188;0.0029;-0.0000;0.0000;0.2362
229.5;0.4400;0.4405;-0.0480;0.0000;65;65;0.0012;-0.0012;-0.0188;0.0020;-0.0000;0.0000;0.2362
230.0;0.4418;0.4414;-0.0430;0.0000;65;65;0.0012;-0.0012;-0.0188;0.0010;-0.0000;0.0000;0.2362
230.5;0.4432;0.4423;-0.0205;0.0000;65;65;-0.0012;-0.0012;-0.0188;-0.0000;-0.0000;0.0000;0.2362
231.0;0.4446;0.4432;-0.0605;0.0000;65;65;0.0012;-0.0026;-0.0188;0.0020;-0.0000;0.0000;0.2362
231.5;0.4455;0.4441;-0.0210;0.0000;65;65;-0.0012;-0.0026;-0.0188;-0.0000;-0.0000;0.0000;0.2362
232.0;0.4469;0.4451;-0.0175;0.0000;65;65;-0.0012;-0.0026;-0.0188;-0.0000;-0.0000;0.0000;0.2362
232.5;0.4483;0.4464;0.0295;0.0000;65;65;-0.0012;-0.0026;-0.0188;-0.0020;-0.0000;0.0000;0.2362
233.0;0.4451;0.4473;0.0025;0.0000;67;67;0.0769;0.0018;-0.0188;-0.0010;-0.0000;0.0000;0.2362
233.5;0.4464;0.4483;0.0410;0.0000;67;67;-0.0037;0.0018;-0.0188;-0.0020;-0.0000;0.0000;0.2362
234.0;0.4437;0.4492;-0.0145;0.0000;69;69;-0.0794;0.0047;-0.0188;-0.0000;-0.0000;0.0000;0.2362
234.5;0.4451;0.4501;0.0235;0.0000;69;67;-0.0012;0.0047;-0.0188;-0.0020;-0.0000;0.0000;0.2362
235.0;0.4464;0.4515;0.0525;0.0000;69;67;-0.0037;0.0047;-0.0188;-0.0029;-0.0000;0.0000;0.2362
235.5;0.4473;0.4524;0.0490;0.0000;69;67;-0.0037;0.0047;-0.0188;-0.0029;-0.0000;0.0000;0.2362
236.0;0.4487;0.4533;0.0805;0.0000;69;67;-0.0037;0.0047;-0.0188;-0.0039;-0.0000;0.0000;0.2362
236.5;0.4496;0.4542;0.0180;0.0000;67;67;-0.0012;0.0047;-0.0188;-0.0010;-0.0000;0.0000;0.2362
237.0;0.4501;0.4551;0.0730;0.0000;69;67;-0.0037;0.0047;-0.0188;-0.0039;-0.0000;0.0000;0.2362
237.5;0.4510;0.4560;-0.0085;0.0000;69;67;-0.0012;0.0047;-0.0188;-0.0000;-0.0000;0.0000;0.2362
238.0;0.4524;0.4574;0.0545;0.0000;69;67;-0.0037;0.0047;-0.0188;-0.0029;-0.0000;0.0000;0.2362
238.5;0.4528;0.4583;0.0375;0.0000;69;67;-0.0037;0.0047;-0.0188;-0.0020;-0.0000;0.0000;0.2362
239.0;0.4501;0.4592;0.0375;0.0000;71;69;-0.0818;0.0076;-0.0188;-0.0020;-0.0000;0.0000;0.2362
239.5;0.4510;0.4602;0.0220;0.0000;71;69;-0.0012;0.0076;-0.0188;-0.0010;-0.0000;0.0000;0.2362
240.0;0.4519;0.4611;-0.0390;0.0000;69;69;0.0012;0.0091;-0.0188;0.0010;-0.0000;0.0000;0.2362
240.5;0.4492;0.4625;-0.0180;0.0000;71;71;-0.0012;0.0120;-0.0188;-0.0000;-0.0000;0.0000;0.2362
241.0;0.4460;0.4634;-0.0645;0.0000;73;73;0.0794;0.0164;-0.0173;0.0020;-0.0000;0.0000;0.2362
241.5;0.4505;0.4643;-0.0460;0.0000;71;71;0.0012;0.0135;-0.0173;0.0010;-0.0000;0.0000;0.2362
242.0;0.4473;0.4652;-0.0625;0.0000;73;73;0.0012;0.0179;-0.0173;0.0020;-0.0000;0.0000;0.2362
242.5;0.4492;0.4661;-0.0180;0.0000;73;73;-0.0012;0.0164;-0.0173;-0.0000;-0.0000;0.0000;0.2362
243.0;0.4496;0.4675;-0.0405;0.0000;71;73;0.0012;0.0164;-0.0173;0.0010;-0.0000;0.0000;0.2362
243.5;0.4473;0.4684;0.0415;0.0000;75;73;-0.0818;0.0208;-0.0173;-0.0020;-0.0000;0.0000;0.2362
244.0;0.4483;0.4693;0.0335;0.0000;75;73;0.0769;0.0208;-0.0173;-0.0020;-0.0000;0.0000;0.2362
244.5;0.4496;0.4702;-0.0065;0.0000;73;73;-0.0012;0.0208;-0.0173;-0.0000;-0.0000;0.0000;0.2362
245.0;0.4547;0.4712;0.0315;0.0000;73;71;-0.0794;0.0164;-0.0173;-0.0020;-0.0000;0.0000;0.2362
245.5;0.4551;0.4721;0.0050;0.0000;73;71;-0.0012;0.0164;-0.0158;-0.0010;-0.0000;0.0000;0.2362
246.0;0.4560;0.4734;0.0415;0.0000;73;71;-0.0037;0.0164;-0.0158;-0.0020;-0.0000;0.0000;0.2362
246.5;0.4565;0.4744;-0.0055;0.0000;73;71;0.0769;0.0164;-0.0158;-0.0000;-0.0000;0.0000;0.2362
247.0;0.4615;0.4753;0.0180;0.0000;71;69;-0.0794;0.0135;-0.0158;-0.0010;-0.0000;0.0000;0.2362
247.5;0.4615;0.4762;-0.0250;0.0000;71;69;-0.0012;0.0135;-0.0158;0.0010;-0.0000;0.0000;0.2362
248.0;0.4620;0.4771;-0.0480;0.0000;71;71;0.0012;0.0149;-0.0158;0.0020;-0.0000;0.0000;0.2362
248.5;0.4625;0.4785;-0.1045;0.0000;71;71;0.0012;0.0149;-0.0158;0.0039;-0.0000;0.0000;0.2362
249.0;0.4629;0.4794;-0.0800;0.0000;71;73;0.0012;0.0164;-0.0158;0.0029;-0.0000;0.0000;0.2362
249.5;0.4670;0.4803;-0.0970;0.0000;71;71;-0.0769;0.0120;-0.0158;0.0039;-0.0000;0.0000;0.2362
250.0;0.4675;0.4812;-0.1770;0.0000;71;71;0.0061;0.0135;-0.0144;0.0068;-0.0000;0.0000;0.2362
250.5;0.4675;0.4821;-0.1810;0.0000;71;73;0.0061;0.0135;-0.0144;0.0068;-0.0000;0.0000;0.2362
251.0;0.4666;0.4831;-0.2825;0.0000;71;75;0.0085;0.0164;-0.0144;0.0117;-0.0000;0.0000;0.2362
251.5;0.4712;0.4844;-0.2960;0.0000;69;73;0.0085;0.0120;-0.0144;0.0117;-0.0000;0.0000;0.2362
252.0;0.4716;0.4853;-0.3260;0.0000;69;75;0.0110;0.0135;-0.0144;0.0127;-0.0000;0.0000;0.2362
252.5;0.4707;0.4863;-0.3570;0.0000;69;75;0.0110;0.0149;-0.0144;0.0147;-0.0000;0.0000;0.2362
253.0;0.4716;0.4872;-0.3715;0.0000;69;77;0.0110;0.0149;-0.0144;0.0147;-0.0000;0.0000;0.2362
253.5;0.4712;0.4881;-0.3280;0.0000;71;77;0.0110;0.0164;-0.0144;0.0137;-0.0000;0.0000;0.2362
254.0;0.4712;0.4895;-0.2310;0.0000;71;75;0.0061;0.0179;-0.0144;0.0088;-0.0000;0.0000;0.2362
254.5;0.4712;0.4904;-0.1660;0.0000;73;75;0.0037;0.0179;-0.0129;0.0068;-0.0000;0.0000;0.2362
255.0;0.4712;0.4913;-0.1125;0.0000;73;75;0.0037;0.0193;-0.0129;0.0039;-0.0000;0.0000;0.2441
255.5;0.4707;0.4922;-0.0775;0.0000;75;77;0.0012;0.0208;-0.0129;0.0029;-0.0000;0.0000;0.2441
256.0;0.4707;0.4931;-0.0500;0.0000;75;77;0.0012;0.0223;-0.0129;0.0020;-0.0000;0.0000;0.2441
256.5;0.4748;0.4940;-0.0500;0.0000;73;75;0.0012;0.0193;-0.0129;0.0020;-0.0000;0.0000;0.2441
257.0;0.4744;0.4954;-0.0350;0.0000;75;75;0.0012;0.0208;-0.0129;0.0010;-0.0000;0.0000;0.2441
257.5;0.4702;0.4963;-0.0455;0.0000;77;77;0.0012;0.0252;-0.0129;0.0010;-0.0000;0.0000;0.2441
258.0;0.4702;0.4973;-0.0540;0.0000;77;77;0.0012;0.0267;-0.0114;0.0020;-0.0000;0.0000;0.2441
258.5;0.4780;0.4982;-0.0600;0.0000;75;75;0.0012;0.0193;-0.0114;0.0020;-0.0000;0.0000;0.2441
259.0;0.4776;0.4991;-0.0945;0.0000;75;75;0.0012;0.0208;-0.0114;0.0039;-0.0000;0.0000;0.2441
259.5;0.4771;0.5000;-0.0720;0.0000;69;69;0.0012;0.0223;-0.0114;0.0029;-0.0000;0.0000;0.2126
260.0;0.4808;0.5000;-0.0995;0.0000;60;62;0.0794;0.0179;-0.0114;0.0039;-0.0000;0.0000;0.1811
260.5;0.4840;0.5000;-0.1115;0.0000;58;60;-0.0745;0.0149;-0.0114;0.0039;0.0010;0.0000;0.1811
261.0;0.4872;0.5000;-0.1355;0.0000;56;60;0.0818;0.0120;-0.0114;0.0049;0.0010;0.0000;0.1811
261.5;0.4863;0.5000;-0.0795;0.0000;58;60;0.0012;0.0120;-0.0114;0.0029;0.0010;0.0000;0.1811
262.0;0.4931;0.5000;-0.0965;0.0000;56;58;0.0012;0.0062;-0.0100;0.0039;0.0010;0.0000;0.1811
262.5;0.4922;0.5000;-0.1565;0.0000;56;58;0.0037;0.0062;-0.0100;0.0059;0.0010;0.0000;0.1811
263.0;0.4950;0.5000;-0.1335;0.0000;56;58;-0.0745;0.0047;-0.0100;0.0049;0.0010;0.0000;0.1811
263.5;0.4977;0.5000;-0.1505;0.0000;54;58;0.0818;0.0018;-0.0100;0.0059;0.0010;0.0000;0.1811
264.0;0.4963;0.5000;-0.1420;0.0000;54;58;-0.0745;0.0032;-0.0100;0.0059;0.0010;0.0000;0.1811
264.5;0.4986;0.5000;-0.1480;0.0000;54;58;0.0818;0.0003;-0.0100;0.0059;0.0010;0.0000;0.1811
265.0;0.4968;0.5000;-0.1515;0.0000;54;58;0.0037;0.0018;-0.0100;0.0059;0.0010;0.0000;0.1811
265.5;0.4954;0.5000;-0.1885;0.0000;56;60;0.0061;0.0032;-0.0100;0.0078;0.0010;0.0000;0.1811
266.0;0.4986;0.5000;-0.0950;0.0000;54;58;0.0794;0.0003;-0.0100;0.0039;0.0010;0.0000;0.1811
266.5;0.5005;0.5000;0.1175;0.0000;56;56;-0.0842;-0.0012;-0.0100;-0.0059;0.0010;0.0000;0.1811
267.0;0.4995;0.5000;0.2360;0.0000;58;56;-0.0085;-0.0012;-0.0100;-0.0108;0.0010;0.0000;0.1811
267.5;0.4982;0.5000;0.2835;0.0000;60;56;-0.0110;0.0018;-0.0100;-0.0127;0.0010;0.0000;0.1811
268.0;0.4963;0.5000;0.2450;0.0000;60;56;-0.0110;0.0018;-0.0100;-0.0108;0.0010;0.0000;0.1811
268.5;0.4991;0.5000;0.2485;0.0000;58;56;0.0672;0.0003;-0.0100;-0.0108;0.0010;0.0000;0.1811
269.0;0.5018;0.5000;0.2585;0.0000;58;54;-0.0891;-0.0026;-0.0100;-0.0117;0.0010;0.0000;0.1811
269.5;0.5000;0.5000;0.2490;0.0000;60;56;-0.0110;-0.0012;-0.0100;-0.0108;-0.0000;0.0000;0.1811
270.0;0.5014;0.5000;0.2395;0.0000;58;54;0.0672;-0.0026;-0.0100;-0.0108;-0.0000;0.0000;0.1811
270.5;0.5009;0.5000;0.2605;0.0000;58;56;-0.0110;-0.0012;-0.0100;-0.0117;-0.0000;0.0000;0.1811
271.0;0.4991;0.5000;0.2480;0.0000;60;56;-0.0110;0.0003;-0.0100;-0.0108;-0.0000;0.0000;0.1811
271.5;0.5014;0.5000;0.2720;0.0000;58;56;0.0672;-0.0026;-0.0100;-0.0117;-0.0000;0.0000;0.1811
272.0;0.5000;0.5000;0.2740;0.0000;60;56;-0.0110;-0.0012;-0.0100;-0.0117;-0.0000;0.0000;0.1811
272.5;0.4982;0.5000;0.2575;0.0000;60;56;-0.0110;0.0003;-0.0100;-0.0117;-0.0000;0.0000;0.1811
273.0;0.5009;0.5000;0.2320;0.0000;58;56;0.0696;-0.0012;-0.0100;-0.0098;-0.0000;0.0000;0.1811
273.5;0.4991;0.5000;0.2770;0.0000;60;56;-0.0110;0.0003;-0.0100;-0.0117;-0.0000;0.0000;0.1811
274.0;0.4977;0.5000;0.2975;0.0000;60;56;-0.0891;0.0018;-0.0100;-0.0127;-0.0000;0.0000;0.1811
274.5;0.4995;0.5000;0.2885;0.0000;60;56;0.0672;-0.0012;-0.0100;-0.0127;-0.0000;0.0000;0.1811
275.0;0.4982;0.5000;0.3165;0.0000;60;56;-0.0110;0.0003;-0.0100;-0.0137;-0.0000;0.0000;0.1811
275.5;0.4931;0.5000;0.2870;0.0000;62;60;0.0672;0.0062;-0.0100;-0.0127;-0.0000;0.0000;0.1811
276.0;0.4954;0.5000;0.3400;0.0000;62;58;-0.0916;0.0032;-0.0100;-0.0147;-0.0000;0.0000;0.1811
276.5;0.4945;0.5000;0.2755;0.0000;62;58;-0.0110;0.0047;-0.0100;-0.0117;-0.0000;0.0000;0.1811
277.0;0.4973;0.5000;0.2905;0.0000;60;56;0.0672;0.0018;-0.0100;-0.0127;-0.0000;0.0000;0.1811
277.5;0.4959;0.5000;0.2590;0.0000;60;58;-0.0110;0.0032;-0.0100;-0.0117;-0.0000;0.0000;0.1811
278.0;0.4945;0.5000;0.2510;0.0000;62;58;0.0672;0.0047;-0.0100;-0.0108;-0.0010;0.0000;0.1811
278.5;0.4931;0.5000;0.2505;0.0000;62;58;-0.0110;0.0062;-0.0100;-0.0108;-0.0010;0.0000;0.1811
279.0;0.4913;0.5000;0.2775;0.0000;62;58;-0.0110;0.0076;-0.0100;-0.0117;-0.0010;0.0000;0.1811
279.5;0.4908;0.5000;0.3320;0.0000;64;58;-0.0134;0.0091;-0.0100;-0.0147;-0.0010;0.0000;0.1811
280.0;0.4899;0.5000;0.3210;0.0000;64;58;-0.0134;0.0091;-0.0100;-0.0137;-0.0010;0.0000;0.1811
280.5;0.4922;0.5000;0.3210;0.0000;62;58;0.0647;0.0076;-0.0100;-0.0137;-0.0010;0.0000;0.1811
281.0;0.4918;0.5000;0.2320;0.0000;62;58;-0.0085;0.0076;-0.0100;-0.0098;-0.0010;0.0000;0.1811
281.5;0.4904;0.5000;0.2090;0.0000;62;60;-0.0085;0.0091;-0.0100;-0.0088;-0.0010;0.0000;0.1811
282.0;0.4895;0.5000;0.1265;0.0000;62;60;-0.0061;0.0091;-0.0100;-0.0059;-0.0010;0.0000;0.1811
282.5;0.4886;0.5000;0.1295;0.0000;62;60;-0.0061;0.0105;-0.0100;-0.0059;-0.0010;0.0000;0.1811
283.0;0.4876;0.5000;0.1060;0.0000;62;60;-0.0061;0.0120;-0.0085;-0.0049;-0.0010;0.0000;0.1811
283.5;0.4867;0.5000;0.1335;0.0000;62;60;-0.0061;0.0120;-0.0085;-0.0059;-0.0010;0.0000;0.1811
284.0;0.4858;0.5000;0.1435;0.0000;64;62;-0.0061;0.0135;-0.0085;-0.0068;-0.0010;0.0000;0.1811
284.5;0.4844;0.5000;0.1635;0.0000;64;62;-0.0061;0.0149;-0.0085;-0.0078;-0.0010;0.0000;0.1811
285.0;0.4840;0.5000;0.1385;0.0000;64;62;-0.0061;0.0149;-0.0085;-0.0059;-0.0010;0.0000;0.1811
285.5;0.4835;0.5000;0.0800;0.0000;64;62;-0.0037;0.0164;-0.0085;-0.0039;-0.0010;0.0000;0.1811
286.0;0.4826;0.5000;0.0745;0.0000;64;62;-0.0037;0.0164;-0.0085;-0.0039;-0.0010;0.0000;0.1811
286.5;0.4817;0.5000;0.0675;0.0000;64;62;-0.0037;0.0179;-0.0085;-0.0029;-0.0010;0.0000;0.1811
287.0;0.4812;0.5000;0.0875;0.0000;64;62;-0.0037;0.0179;-0.0085;-0.0039;-0.0010;0.0000;0.1811
287.5;0.4808;0.5000;0.1175;0.0000;64;62;-0.0061;0.0179;-0.0070;-0.0059;-0.0010;0.0000;0.1811
288.0;0.4840;0.5000;0.1505;0.0000;64;60;-0.0842;0.0149;-0.0070;-0.0068;-0.0010;0.0000;0.1811
288.5;0.4826;0.5000;0.1945;0.0000;64;60;-0.0085;0.0164;-0.0070;-0.0088;-0.0010;0.0000;0.1811
289.0;0.4863;0.5000;0.2420;0.0000;62;58;0.0696;0.0135;-0.0070;-0.0108;-0.0010;0.0000;0.1811
289.5;0.4858;0.5000;0.2700;0.0000;64;58;-0.0110;0.0135;-0.0070;-0.0117;-0.0010;0.0000;0.1811
290.0;0.4844;0.5000;0.2595;0.0000;64;60;-0.0110;0.0149;-0.0070;-0.0117;-0.0010;0.0000;0.1811
290.5;0.4844;0.5000;0.1880;0.0000;64;60;-0.0085;0.0149;-0.0070;-0.0088;-0.0020;0.0000;0.1811
291.0;0.4835;0.5000;0.1085;0.0000;64;60;-0.0061;0.0149;-0.0070;-0.0049;-0.0020;0.0000;0.1811
291.5;0.4867;0.5000;0.0895;0.0000;62;60;0.0745;0.0120;-0.0070;-0.0039;-0.0020;0.0000;0.1811
292.0;0.4858;0.5000;0.0465;0.0000;62;60;-0.0037;0.0135;-0.0070;-0.0029;-0.0020;0.0000;0.1811
292.5;0.4849;0.5000;0.0610;0.0000;62;62;-0.0037;0.0135;-0.0056;-0.0029;-0.0020;0.0000;0.1811
293.0;0.4881;0.5000;0.0530;0.0000;60;60;0.0745;0.0105;-0.0056;-0.0029;-0.0020;0.0000;0.1811
293.5;0.4867;0.5000;0.1105;0.0000;62;60;-0.0061;0.0120;-0.0056;-0.0049;-0.0020;0.0000;0.1811
294.0;0.4863;0.5000;0.1195;0.0000;62;60;-0.0061;0.0120;-0.0056;-0.0059;-0.0020;0.0000;0.1811
294.5;0.4890;0.5000;0.1510;0.0000;60;60;0.0720;0.0105;-0.0056;-0.0068;-0.0020;0.0000;0.1811
295.0;0.4886;0.5000;0.1965;0.0000;62;60;-0.0085;0.0105;-0.0056;-0.0088;-0.0020;0.0000;0.1811
295.5;0.4876;0.5000;0.2100;0.0000;62;60;-0.0085;0.0120;-0.0056;-0.0098;-0.0020;0.0000;0.1811
296.0;0.4867;0.5000;0.2365;0.0000;64;60;-0.0867;0.0120;-0.0056;-0.0108;-0.0020;0.0000;0.1811
296.5;0.4776;0.5000;0.2580;0.0000;67;64;-0.0110;0.0208;-0.0056;-0.0117;-0.0020;0.0000;0.1811
297.0;0.4771;0.5000;0.2200;0.0000;67;64;-0.0085;0.0223;-0.0056;-0.0098;-0.0020;0.0000;0.1811
297.5;0.4766;0.5000;0.1795;0.0000;65;64;-0.0085;0.0223;-0.0041;-0.0078;-0.0020;0.0000;0.1811
298.0;0.4762;0.5000;0.1590;0.0000;65;64;0.0720;0.0223;-0.0041;-0.0068;-0.0020;0.0000;0.1811
298.5;0.4721;0.5000;0.0860;0.0000;67;65;-0.0037;0.0267;-0.0041;-0.0039;-0.0020;0.0000;0.1811
299.0;0.4721;0.5000;0.0780;0.0000;67;65;-0.0037;0.0267;-0.0041;-0.0039;-0.0020;0.0000;0.1811
299.5;0.4757;0.5000;0.0290;0.0000;64;64;0.0769;0.0237;-0.0041;-0.0020;-0.0020;0.0000;0.1811
300.0;0.4753;0.5000;0.0640;0.0000;64;64;-0.0037;0.0237;-0.0041;-0.0029;-0.0020;0.0000;0.1811
300.5;0.4753;0.5000;0.1005;0.0000;65;64;0.0745;0.0237;-0.0026;-0.0049;-0.0020;0.0000;0.1811
301.0;0.4748;0.5000;0.1195;0.0000;65;64;-0.0061;0.0237;-0.0026;-0.0059;-0.0020;0.0000;0.1811
301.5;0.4744;0.5000;0.1650;0.0000;65;64;-0.0061;0.0237;-0.0026;-0.0078;-0.0020;0.0000;0.1811
302.0;0.4785;0.5000;0.1440;0.0000;64;62;0.0720;0.0208;-0.0026;-0.0068;-0.0020;0.0000;0.1811
302.5;0.4771;0.5000;0.1515;0.0000;64;62;-0.0842;0.0223;-0.0026;-0.0068;-0.0020;0.0000;0.1811
303.0;0.4730;0.5000;0.1455;0.0000;65;65;0.0720;0.0267;-0.0026;-0.0068;-0.0020;0.0000;0.1811
303.5;0.4693;0.5000;0.1420;0.0000;67;65;0.0720;0.0296;-0.0012;-0.0068;-0.0020;0.0000;0.1811
304.0;0.4730;0.5000;0.0725;0.0000;65;65;-0.0818;0.0267;-0.0012;-0.0039;-0.0020;0.0000;0.1811
304.5;0.4730;0.5000;0.0530;0.0000;65;65;-0.0037;0.0267;-0.0012;-0.0029;-0.0020;0.0000;0.1811
305.0;0.4766;0.5000;0.0045;0.0000;64;64;0.0769;0.0223;-0.0012;-0.0010;-0.0020;0.0000;0.1811
305.5;0.4766;0.5000;-0.0220;0.0000;64;64;-0.0012;0.0223;-0.0012;-0.0000;-0.0020;0.0000;0.1811
306.0;0.4803;0.5000;-0.0145;0.0000;62;64;0.0769;0.0193;-0.0012;-0.0000;-0.0020;0.0000;0.1811
306.5;0.4794;0.5000;-0.0120;0.0000;62;64;-0.0012;0.0193;0.0003;-0.0000;-0.0020;0.0000;0.1811
307.0;0.4789;0.5000;0.0075;0.0000;62;64;-0.0012;0.0193;0.0003;-0.0010;-0.0020;0.0000;0.1811
307.5;0.4744;0.5000;-0.0330;0.0000;64;65;0.0794;0.0252;0.0003;0.0010;-0.0020;0.0000;0.1811
308.0;0.4744;0.5000;0.0095;0.0000;64;65;-0.0012;0.0252;0.0003;-0.0010;-0.0020;0.0000;0.1811
308.5;0.4739;0.5000;0.0105;0.0000;65;65;0.0769;0.0252;0.0003;-0.0010;-0.0020;0.0000;0.1811
309.0;0.4739;0.5000;0.0070;0.0000;65;65;-0.0012;0.0252;0.0003;-0.0010;-0.0020;0.0000;0.1811
309.5;0.4734;0.5000;-0.0110;0.0000;65;65;-0.0012;0.0252;0.0018;-0.0000;-0.0020;0.0000;0.1811
310.0;0.4776;0.5000;-0.0230;0.0000;62;64;0.0769;0.0223;0.0018;-0.0000;-0.0020;0.0000;0.1811
310.5;0.4771;0.5000;-0.0060;0.0000;64;64;-0.0012;0.0223;0.0018;-0.0000;-0.0020;0.0000;0.1811
311.0;0.4844;0.5000;-0.0045;0.0000;60;62;-0.0012;0.0149;0.0018;-0.0000;-0.0020;0.0000;0.1811
311.5;0.4840;0.5000;-0.0210;0.0000;62;62;-0.0012;0.0149;0.0018;-0.0000;-0.0020;0.0000;0.1811
312.0;0.4831;0.5000;0.0150;0.0000;62;62;-0.0012;0.0164;0.0018;-0.0010;-0.0020;0.0000;0.1811
312.5;0.4863;0.5000;0.0395;0.0000;60;62;0.0745;0.0135;0.0018;-0.0020;-0.0020;0.0000;0.1811
313.0;0.4853;0.5000;0.0295;0.0000;62;62;-0.0012;0.0135;0.0018;-0.0020;-0.0020;0.0000;0.1811
313.5;0.4844;0.5000;0.0470;0.0000;62;62;-0.0037;0.0149;0.0032;-0.0029;-0.0020;0.0000;0.1811
314.0;0.4881;0.5000;0.0950;0.0000;62;60;-0.0818;0.0105;0.0032;-0.0049;-0.0020;0.0000;0.1811
314.5;0.4831;0.5000;0.0790;0.0000;64;64;-0.0037;0.0164;0.0032;-0.0039;-0.0020;0.0000;0.1811
315.0;0.4821;0.5000;0.0910;0.0000;64;64;-0.0037;0.0164;0.0032;-0.0039;-0.0020;0.0000;0.1811
315.5;0.4817;0.5000;0.0845;0.0000;65;64;-0.0037;0.0179;0.0032;-0.0039;-0.0020;0.0000;0.1811
316.0;0.4812;0.5000;0.0925;0.0000;65;64;-0.0037;0.0179;0.0032;-0.0039;-0.0020;0.0000;0.1811
316.5;0.4799;0.5000;0.1275;0.0000;65;64;-0.0061;0.0193;0.0032;-0.0059;-0.0020;0.0000;0.1811
317.0;0.4794;0.5000;0.1330;0.0000;65;64;-0.0061;0.0193;0.0032;-0.0059;-0.0020;0.0000;0.1811
317.5;0.4794;0.5000;0.1125;0.0000;65;64;-0.0061;0.0193;0.0047;-0.0049;-0.0020;0.0000;0.1811
318.0;0.4785;0.5000;0.0910;0.0000;65;64;-0.0037;0.0208;0.0047;-0.0039;-0.0020;0.0000;0.1811
318.5;0.4785;0.5000;0.0640;0.0000;65;64;-0.0037;0.0208;0.0047;-0.0029;-0.0020;0.0000;0.1811
319.0;0.4780;0.5000;0.0660;0.0000;65;65;-0.0037;0.0208;0.0047;-0.0029;-0.0029;0.0000;0.1811
319.5;0.4812;0.5000;0.0495;0.0000;64;64;0.0745;0.0179;0.0047;-0.0029;-0.0029;0.0000;0.1811
320.0;0.4849;0.5000;0.0275;0.0000;64;62;-0.0794;0.0135;0.0047;-0.0020;-0.0029;0.0000;0.1811
320.5;0.4840;0.5000;-0.0030;0.0000;64;64;0.0769;0.0149;0.0047;-0.0000;-0.0029;0.0000;0.1811
321.0;0.4835;0.5000;-0.0480;0.0000;64;64;0.0012;0.0164;0.0047;0.0020;-0.0029;0.0000;0.1811
321.5;0.4817;0.5000;0.0050;0.0000;64;64;-0.0012;0.0179;0.0062;-0.0010;-0.0029;0.0000;0.1811
322.0;0.4821;0.5000;0.0090;0.0000;64;64;-0.0012;0.0164;0.0062;-0.0010;-0.0029;0.0000;0.1811
322.5;0.4853;0.5000;-0.0105;0.0000;62;64;-0.0012;0.0135;0.0062;-0.0000;-0.0029;0.0000;0.1811
323.0;0.4844;0.5000;0.0130;0.0000;64;64;-0.0012;0.0149;0.0062;-0.0010;-0.0029;0.0000;0.1811
323.5;0.4840;0.5000;-0.0090;0.0000;64;64;-0.0012;0.0149;0.0062;-0.0000;-0.0029;0.0000;0.1811
324.0;0.4831;0.5000;0.0730;0.0000;65;64;-0.0037;0.0164;0.0062;-0.0039;-0.0029;0.0000;0.1811
324.5;0.4826;0.5000;0.0055;0.0000;64;64;-0.0012;0.0164;0.0062;-0.0010;-0.0029;0.0000;0.1811
325.0;0.4817;0.5000;-0.0180;0.0000;65;65;-0.0794;0.0179;0.0062;-0.0000;-0.0029;0.0000;0.1811
325.5;0.4812;0.5000;-0.0285;0.0000;65;65;-0.0012;0.0179;0.0062;0.0010;-0.0029;0.0000;0.1811
326.0;0.4840;0.5000;0.0435;0.0000;64;64;0.0745;0.0149;0.0076;-0.0020;-0.0029;0.0000;0.1811
326.5;0.4835;0.5000;0.0325;0.0000;64;64;-0.0012;0.0149;0.0076;-0.0020;-0.0029;0.0000;0.1811
327.0;0.4826;0.5000;0.0635;0.0000;65;64;-0.0037;0.0164;0.0076;-0.0029;-0.0029;0.0000;0.1811
327.5;0.4895;0.5000;0.0025;0.0000;62;62;-0.0012;0.0091;0.0076;-0.0010;-0.0029;0.0000;0.1811
328.0;0.4890;0.5000;-0.0805;0.0000;62;62;0.0012;0.0105;0.0076;0.0029;-0.0029;0.0000;0.1811
328.5;0.4881;0.5000;-0.0185;0.0000;62;64;-0.0012;0.0105;0.0076;-0.0000;-0.0029;0.0000;0.1811
329.0;0.4908;0.5000;-0.0700;0.0000;60;62;0.0794;0.0076;0.0076;0.0020;-0.0029;0.0000;0.1811
329.5;0.4899;0.5000;0.0005;0.0000;62;62;-0.0012;0.0091;0.0076;-0.0010;-0.0029;0.0000;0.1811
330.0;0.4890;0.5000;-0.0385;0.0000;62;64;0.0012;0.0105;0.0076;0.0010;-0.0029;0.0000;0.1811
330.5;0.4831;0.5000;0.0030;0.0000;65;65;0.0769;0.0164;0.0076;-0.0010;-0.0029;0.0000;0.1811
331.0;0.4831;0.5000;0.0000;0.0000;65;65;-0.0012;0.0164;0.0076;-0.0010;-0.0029;0.0000;0.1811
331.5;0.4826;0.5000;0.0385;0.0000;65;65;-0.0037;0.0164;0.0091;-0.0020;-0.0029;0.0000;0.1811
332.0;0.4817;0.5000;0.0875;0.0000;67;65;-0.0037;0.0179;0.0091;-0.0039;-0.0029;0.0000;0.1811
332.5;0.4817;0.5000;0.0870;0.0000;65;65;0.0745;0.0179;0.0091;-0.0039;-0.0029;0.0000;0.1811
333.0;0.4808;0.5000;0.1120;0.0000;67;65;-0.0061;0.0179;0.0091;-0.0049;-0.0029;0.0000;0.1811
333.5;0.4844;0.5000;0.1045;0.0000;65;64;-0.0842;0.0149;0.0091;-0.0049;-0.0029;0.0000;0.1811
334.0;0.4835;0.5000;0.1520;0.0000;67;64;-0.0061;0.0149;0.0091;-0.0068;-0.0029;0.0000;0.1811
334.5;0.4826;0.5000;0.1060;0.0000;67;64;-0.0061;0.0164;0.0091;-0.0049;-0.0029;0.0000;0.1811
335.0;0.4821;0.5000;0.1455;0.0000;67;64;-0.0061;0.0164;0.0091;-0.0068;-0.0029;0.0000;0.1811
335.5;0.4812;0.5000;0.1180;0.0000;67;64;0.0720;0.0179;0.0105;-0.0059;-0.0029;0.0000;0.1811
336.0;0.4808;0.5000;0.1590;0.0000;67;64;-0.0061;0.0179;0.0105;-0.0068;-0.0029;0.0000;0.1811
336.5;0.4803;0.5000;0.1325;0.0000;67;65;-0.0061;0.0193;0.0105;-0.0059;-0.0029;0.0000;0.1811
337.0;0.4799;0.5000;0.1635;0.0000;67;64;0.0720;0.0193;0.0105;-0.0078;-0.0029;0.0000;0.1811
337.5;0.4753;0.5000;0.2240;0.0000;71;65;-0.0867;0.0237;0.0105;-0.0098;-0.0029;0.0000;0.1811
338.0;0.4789;0.5000;0.1725;0.0000;67;64;0.0720;0.0208;0.0105;-0.0078;-0.0029;0.0000;0.1811
338.5;0.4785;0.5000;0.1465;0.0000;67;65;-0.0061;0.0208;0.0105;-0.0068;-0.0029;0.0000;0.1811
339.0;0.4858;0.5000;0.0465;0.0000;64;62;-0.0037;0.0135;0.0120;-0.0029;-0.0029;0.0000;0.1811
339.5;0.4849;0.5000;0.0285;0.0000;64;64;-0.0012;0.0135;0.0120;-0.0020;-0.0029;0.0000;0.1811
340.0;0.4876;0.5000;-0.0235;0.0000;64;64;0.0769;0.0120;0.0120;-0.0000;-0.0029;0.0000;0.1811
340.5;0.4863;0.5000;0.0040;0.0000;64;64;-0.0012;0.0120;0.0120;-0.0010;-0.0029;0.0000;0.1811
341.0;0.4904;0.5000;0.0175;0.0000;64;62;-0.0794;0.0091;0.0120;-0.0010;-0.0029;0.0000;0.1811
341.5;0.4922;0.5000;0.0385;0.0000;64;62;0.0745;0.0062;0.0120;-0.0020;-0.0029;0.0000;0.1811
342.0;0.4922;0.5000;0.0035;0.0000;64;64;-0.0012;0.0076;0.0120;-0.0010;-0.0029;0.0000;0.1811
342.5;0.4950;0.5000;0.0975;0.0000;64;62;-0.0037;0.0047;0.0120;-0.0049;-0.0029;0.0000;0.1811
343.0;0.4936;0.5000;0.1720;0.0000;65;62;-0.0061;0.0062;0.0120;-0.0078;-0.0029;0.0000;0.1890
343.5;0.4963;0.5005;0.1705;0.0000;65;62;-0.0842;0.0032;0.0120;-0.0078;-0.0029;0.0000;0.1890
344.0;0.4950;0.5005;0.1835;0.0000;67;62;-0.0085;0.0047;0.0120;-0.0078;-0.0029;0.0000;0.1890
344.5;0.4977;0.5005;0.0985;0.0000;65;64;0.0745;0.0018;0.0120;-0.0049;-0.0029;0.0000;0.1890
345.0;0.4995;0.5009;0.1055;0.0000;65;62;-0.0842;0.0003;0.0120;-0.0049;-0.0029;0.0000;0.1890
345.5;0.5027;0.5014;0.0375;0.0000;64;62;0.0769;-0.0026;0.0120;-0.0020;-0.0029;0.0000;0.1969
346.0;0.5041;0.5014;0.1025;0.0000;65;62;-0.0842;-0.0041;0.0120;-0.0049;-0.0029;0.0000;0.1969
346.5;0.5032;0.5018;0.0365;0.0000;65;64;-0.0037;-0.0026;0.0120;-0.0020;-0.0029;0.0000;0.1969
347.0;0.5055;0.5018;0.0150;0.0000;65;64;0.0769;-0.0041;0.0120;-0.0010;-0.0029;0.0000;0.1969
347.5;0.5073;0.5023;0.0995;0.0000;65;64;-0.0818;-0.0056;0.0120;-0.0049;-0.0029;0.0000;0.1969
348.0;0.5055;0.5027;0.0970;0.0000;67;65;-0.0037;-0.0041;0.0120;-0.0049;-0.0029;0.0000;0.2047
348.5;0.5078;0.5032;0.0965;0.0000;67;65;0.0745;-0.0056;0.0120;-0.0049;-0.0029;0.0000;0.2047
349.0;0.5055;0.5037;0.0230;0.0000;67;67;-0.0012;-0.0026;0.0120;-0.0010;-0.0029;0.0000;0.2047
349.5;0.5073;0.5041;0.0330;0.0000;67;67;0.0769;-0.0041;0.0120;-0.0020;-0.0029;0.0000;0.2047
350.0;0.5096;0.5046;-0.0030;0.0000;67;67;-0.0794;-0.0056;0.0120;-0.0000;-0.0029;0.0000;0.2126
350.5;0.5078;0.5050;0.0235;0.0000;69;67;-0.0012;-0.0041;0.0120;-0.0020;-0.0029;0.0000;0.2126
351.0;0.5060;0.5055;0.0045;0.0000;71;69;0.0769;-0.0012;0.0120;-0.0010;-0.0029;0.0000;0.2126
351.5;0.5041;0.5060;-0.0185;0.0000;71;71;-0.0012;0.0018;0.0120;-0.0000;-0.0029;0.0000;0.2126
352.0;0.5023;0.5069;-0.0410;0.0000;73;73;-0.0769;0.0032;0.0120;0.0010;-0.0029;0.0000;0.2126
352.5;0.5046;0.5073;-0.0015;0.0000;73;71;0.0769;0.0018;0.0120;-0.0000;-0.0029;0.0000;0.2205
353.0;0.5069;0.5078;0.0310;0.0000;73;71;-0.0794;0.0003;0.0120;-0.0020;-0.0029;0.0000;0.2205
353.5;0.5087;0.5087;0.0100;0.0000;71;71;0.0769;-0.0012;0.0120;-0.0010;-0.0029;0.0000;0.2205
354.0;0.5060;0.5092;0.0190;0.0000;73;73;-0.0012;0.0018;0.0120;-0.0010;-0.0029;0.0000;0.2205
354.5;0.5082;0.5101;0.0305;0.0000;73;73;0.0769;0.0003;0.0120;-0.0020;-0.0029;0.0000;0.2205
355.0;0.5069;0.5105;0.0200;0.0000;75;75;-0.0012;0.0032;0.0120;-0.0010;-0.0029;0.0000;0.2283
355.5;0.5087;0.5114;0.0085;0.0000;75;75;0.0769;0.0018;0.0120;-0.0010;-0.0029;0.0000;0.2283
356.0;0.5110;0.5124;0.0100;0.0000;73;73;-0.0794;0.0003;0.0120;-0.0010;-0.0029;0.0000;0.2283
356.5;0.5128;0.5128;0.0890;0.0000;75;73;-0.0818;-0.0012;0.0120;-0.0039;-0.0029;0.0000;0.2283
357.0;0.5105;0.5137;0.1230;0.0000;77;73;-0.0061;0.0018;0.0120;-0.0059;-0.0029;0.0000;0.2283
357.5;0.5165;0.5147;0.0940;0.0000;75;73;-0.0037;-0.0026;0.0120;-0.0049;-0.0029;0.0000;0.2362
358.0;0.5183;0.5156;-0.0635;0.0000;75;73;-0.0769;-0.0026;0.0120;0.0020;-0.0029;0.0000;0.2362
358.5;0.5234;0.5165;-0.1635;0.0000;71;73;0.0037;-0.0085;0.0120;0.0068;-0.0029;0.0000;0.2362
359.0;0.5243;0.5174;-0.2110;0.0000;71;75;0.0842;-0.0070;0.0120;0.0088;-0.0029;0.0000;0.2362
359.5;0.5261;0.5183;-0.2850;0.0000;71;75;-0.0696;-0.0085;0.0120;0.0117;-0.0029;0.0000;0.2362
360.0;0.5302;0.5192;-0.2985;0.0000;71;75;0.0085;-0.0114;0.0120;0.0117;-0.0029;0.0000;0.2441
360.5;0.5321;0.5201;-0.2685;0.0000;71;75;-0.0696;-0.0129;0.0120;0.0108;-0.0029;0.0000;0.2441
361.0;0.5325;0.5215;-0.2560;0.0000;73;75;0.0867;-0.0114;0.0120;0.0098;-0.0029;0.0000;0.2441
361.5;0.5334;0.5224;-0.2815;0.0000;73;77;-0.0696;-0.0114;0.0120;0.0117;-0.0029;0.0000;0.2441
362.0;0.5339;0.5234;-0.1780;0.0000;75;77;-0.0720;-0.0114;0.0105;0.0068;-0.0029;0.0000;0.2520
362.5;0.5389;0.5247;-0.1350;0.0000;75;75;0.0037;-0.0144;0.0105;0.0049;-0.0029;0.0000;0.2520
363.0;0.5394;0.5256;-0.0995;0.0000;77;75;-0.0769;-0.0144;0.0105;0.0039;-0.0029;0.0000;0.2520
363.5;0.5357;0.5270;-0.0975;0.0000;79;77;0.0012;-0.0100;0.0105;0.0039;-0.0029;0.0000;0.2520
364.0;0.5357;0.5279;-0.0985;0.0000;79;79;-0.0769;-0.0085;0.0105;0.0039;-0.0029;0.0000;0.2520
364.5;0.5371;0.5293;-0.1215;0.0000;81;79;-0.0745;-0.0085;0.0105;0.0049;-0.0029;0.0000;0.2598
365.0;0.5371;0.5302;-0.1485;0.0000;81;81;-0.0745;-0.0070;0.0105;0.0059;-0.0029;0.0000;0.2598
365.5;0.5417;0.5316;-0.1535;0.0000;81;79;0.0037;-0.0114;0.0105;0.0059;-0.0029;0.0000;0.2598
366.0;0.5421;0.5330;-0.2215;0.0000;81;81;-0.0720;-0.0100;0.0105;0.0088;-0.0029;0.0000;0.2598
366.5;0.5462;0.5343;-0.2230;0.0000;79;79;0.0061;-0.0129;0.0105;0.0088;-0.0029;0.0000;0.2598
367.0;0.5426;0.5357;-0.3160;0.0000;81;83;0.0110;-0.0070;0.0105;0.0127;-0.0029;0.0000;0.2677
367.5;0.5467;0.5371;-0.3540;0.0000;79;83;0.0110;-0.0100;0.0105;0.0147;-0.0020;0.0000;0.2677
368.0;0.5462;0.5385;-0.4085;0.0000;81;85;-0.0647;-0.0085;0.0105;0.0166;-0.0020;0.0000;0.2677
368.5;0.5462;0.5398;-0.4125;0.0000;81;87;-0.0647;-0.0070;0.0105;0.0166;-0.0020;0.0000;0.2677
369.0;0.5508;0.5412;-0.4035;0.0000;81;85;0.0134;-0.0100;0.0105;0.0166;-0.0020;0.0000;0.2756
369.5;0.5504;0.5426;-0.4180;0.0000;83;87;-0.0647;-0.0085;0.0105;0.0166;-0.0020;0.0000;0.2756
370.0;0.5467;0.5440;-0.3285;0.0000;87;89;0.0110;-0.0041;0.0105;0.0137;-0.0020;0.0000;0.2756
370.5;0.5504;0.5453;-0.2980;0.0000;85;87;0.0085;-0.0056;0.0091;0.0117;-0.0020;0.0000;0.2756
371.0;0.5504;0.5472;-0.2460;0.0000;87;89;-0.0720;-0.0041;0.0091;0.0098;-0.0020;0.0000;0.2756
371.5;0.5545;0.5485;-0.2510;0.0000;87;87;0.0085;-0.0070;0.0091;0.0098;-0.0020;0.0000;0.2835
372.0;0.5540;0.5504;-0.1890;0.0000;89;89;-0.0720;-0.0041;0.0091;0.0078;-0.0020;0.0000;0.2835
372.5;0.5577;0.5517;-0.1930;0.0000;89;89;0.0061;-0.0070;0.0091;0.0078;-0.0020;0.0000;0.2835
373.0;0.5572;0.5536;-0.1580;0.0000;89;89;-0.0745;-0.0041;0.0091;0.0059;-0.0020;0.0000;0.2835
373.5;0.5563;0.5549;-0.0640;0.0000;93;89;-0.0769;-0.0026;0.0091;0.0020;-0.0020;0.0000;0.2913
374.0;0.5522;0.5568;-0.0680;0.0000;95;93;0.0012;0.0032;0.0091;0.0020;-0.0020;0.0000;0.2913
374.5;0.5559;0.5586;-0.0520;0.0000;95;91;0.0012;0.0018;0.0091;0.0020;-0.0020;0.0000;0.2913
375.0;0.5554;0.5600;-0.1435;0.0000;95;93;-0.0745;0.0047;0.0091;0.0059;-0.0020;0.0000;0.2913
375.5;0.5508;0.5618;-0.1825;0.0000;97;97;0.0061;0.0105;0.0091;0.0068;-0.0020;0.0000;0.2913
376.0;0.5508;0.5636;-0.2335;0.0000;97;99;0.0061;0.0120;0.0105;0.0098;-0.0020;0.0000;0.2992
376.5;0.5508;0.5655;-0.2370;0.0000;97;101;0.0842;0.0135;0.0105;0.0098;-0.0020;0.0000;0.2992
377.0;0.5545;0.5673;-0.2690;0.0000;97;99;0.0085;0.0120;0.0105;0.0108;-0.0020;0.0000;0.2992
377.5;0.5572;0.5691;-0.3350;0.0000;95;99;0.0110;0.0105;0.0105;0.0137;-0.0010;0.0000;0.2992
378.0;0.5572;0.5710;-0.3410;0.0000;97;101;-0.0672;0.0135;0.0105;0.0137;-0.0010;0.0000;0.3071
378.5;0.5609;0.5728;-0.2760;0.0000;97;101;0.0085;0.0120;0.0105;0.0108;-0.0010;0.0000;0.3071
379.0;0.5636;0.5746;-0.1660;0.0000;97;99;0.0037;0.0105;0.0105;0.0068;-0.0010;0.0000;0.3071
379.5;0.5636;0.5769;-0.2165;0.0000;99;101;-0.0720;0.0120;0.0105;0.0088;-0.0010;0.0000;0.3071
380.0;0.5668;0.5788;-0.1240;0.0000;99;99;0.0037;0.0105;0.0105;0.0049;-0.0010;0.0000;0.3071
380.5;0.5737;0.5806;-0.1240;0.0000;97;97;-0.0745;0.0062;0.0105;0.0049;-0.0010;0.0000;0.3150
381.0;0.5765;0.5829;-0.1235;0.0000;97;97;0.0037;0.0062;0.0105;0.0049;-0.0010;0.0000;0.3150
381.5;0.5788;0.5847;-0.1645;0.0000;97;99;0.0037;0.0047;0.0105;0.0068;-0.0010;0.0000;0.3150
382.0;0.5801;0.5870;-0.1085;0.0000;99;99;0.0037;0.0062;0.0105;0.0039;-0.0010;0.0000;0.3150
382.5;0.5829;0.5888;-0.1500;0.0000;99;101;0.0037;0.0047;0.0105;0.0059;-0.0010;0.0000;0.3228
383.0;0.5856;0.5911;-0.2990;0.0000;97;103;0.0085;0.0047;0.0120;0.0117;-0.0010;0.0000;0.3228
383.5;0.5870;0.5934;-0.3130;0.0000;99;103;0.0110;0.0047;0.0120;0.0127;-0.0010;0.0000;0.3228
384.0;0.5902;0.5957;-0.3055;0.0000;99;103;0.0085;0.0047;0.0120;0.0127;-0.0010;0.0000;0.3228
384.5;0.5916;0.5975;-0.2260;0.0000;99;103;0.0061;0.0047;0.0120;0.0088;-0.0010;0.0000;0.3228
385.0;0.5934;0.5998;-0.2945;0.0000;101;105;0.0085;0.0062;0.0120;0.0117;-0.0010;0.0000;0.3307
385.5;0.5952;0.6021;-0.2400;0.0000;101;105;-0.0720;0.0062;0.0120;0.0098;-0.0010;0.0000;0.3307
386.0;0.5966;0.6044;-0.2715;0.0000;103;107;0.0085;0.0076;0.0120;0.0108;-0.0010;0.0000;0.3307
386.5;0.5980;0.6067;-0.2280;0.0000;103;107;0.0061;0.0076;0.0120;0.0088;-0.0010;0.0000;0.3307
387.0;0.5998;0.6090;-0.2250;0.0000;105;109;0.0061;0.0091;0.0120;0.0088;-0.0010;0.0000;0.3386
387.5;0.6049;0.6113;-0.1765;0.0000;105;107;-0.0720;0.0062;0.0120;0.0068;-0.0000;0.0000;0.3386
388.0;0.6099;0.6136;-0.1225;0.0000;103;105;0.0818;0.0032;0.0120;0.0049;-0.0000;0.0000;0.3386
388.5;0.6108;0.6163;-0.1900;0.0000;105;107;0.0061;0.0047;0.0120;0.0078;-0.0000;0.0000;0.3386
389.0;0.6154;0.6186;-0.1300;0.0000;105;107;-0.0745;0.0018;0.0120;0.0049;-0.0000;0.0000;0.3465
389.5;0.6158;0.6209;-0.1545;0.0000;107;109;0.0037;0.0047;0.0120;0.0059;-0.0000;0.0000;0.3465
390.0;0.6163;0.6236;-0.1005;0.0000;109;109;0.0012;0.0062;0.0120;0.0039;-0.0000;0.0000;0.3465
390.5;0.6209;0.6259;-0.1015;0.0000;109;109;-0.0769;0.0047;0.0120;0.0039;-0.0000;0.0000;0.3465
391.0;0.6250;0.6287;-0.0570;0.0000;107;109;0.0794;0.0032;0.0120;0.0020;-0.0000;0.0000;0.3465
391.5;0.6245;0.6310;-0.0950;0.0000;109;110;0.0012;0.0062;0.0120;0.0039;-0.0000;0.0000;0.3543
392.0;0.6323;0.6337;-0.1100;0.0000;107;109;0.0037;0.0003;0.0120;0.0039;-0.0000;0.0000;0.3543
392.5;0.6328;0.6364;-0.1180;0.0000;109;110;0.0037;0.0032;0.0120;0.0049;-0.0000;0.0000;0.3543
393.0;0.6351;0.6387;-0.0605;0.0000;110;110;-0.0769;0.0032;0.0120;0.0020;-0.0000;0.0000;0.3543
393.5;0.6360;0.6415;-0.0635;0.0000;112;112;0.0012;0.0047;0.0120;0.0020;-0.0000;0.0000;0.3622
394.0;0.6397;0.6442;-0.1160;0.0000;112;112;-0.0745;0.0047;0.0120;0.0039;-0.0000;0.0000;0.3622
394.5;0.6387;0.6470;-0.0510;0.0000;114;114;0.0012;0.0076;0.0120;0.0020;-0.0000;0.0000;0.3622
395.0;0.6419;0.6497;-0.1685;0.0000;112;114;-0.0745;0.0062;0.0120;0.0068;-0.0000;0.0000;0.3622
395.5;0.6410;0.6525;-0.1320;0.0000;116;116;0.0037;0.0105;0.0135;0.0049;-0.0000;0.0000;0.3701
396.0;0.6406;0.6552;-0.1875;0.0000;116;120;0.0061;0.0135;0.0135;0.0078;-0.0000;0.0000;0.3701
396.5;0.6392;0.6580;-0.1890;0.0000;120;122;-0.0720;0.0179;0.0135;0.0078;-0.0000;0.0000;0.3701
397.0;0.6392;0.6607;-0.2820;0.0000;120;124;0.0085;0.0208;0.0135;0.0117;-0.0000;0.0000;0.3701
397.5;0.6456;0.6635;-0.3865;0.0000;116;122;0.0134;0.0179;0.0135;0.0156;-0.0000;0.0000;0.3701
398.0;0.6493;0.6667;-0.4640;0.0000;116;124;0.0940;0.0164;0.0135;0.0186;-0.0000;0.0000;0.3780
398.5;0.6479;0.6694;-0.4415;0.0000;118;126;0.0134;0.0208;0.0135;0.0176;-0.0000;0.0000;0.3780
399.0;0.6548;0.6722;-0.5455;0.0000;116;126;0.0183;0.0164;0.0135;0.0225;-0.0000;0.0000;0.3780
399.5;0.6575;0.6754;-0.7070;0.0000;114;128;0.1013;0.0179;0.0149;0.0293;0.0010;0.0000;0.3780
400.0;0.6557;0.6781;-0.7570;0.0000;116;132;0.0256;0.0223;0.0149;0.0313;0.0010;0.0000;0.3858
400.5;0.6621;0.6813;-0.7565;0.0000;116;132;0.0256;0.0179;0.0149;0.0313;0.0010;0.0000;0.3858
401.0;0.6680;0.6845;-0.7155;0.0000;114;128;0.0232;0.0164;0.0149;0.0293;0.0010;0.0000;0.3858
401.5;0.6703;0.6873;-0.5460;0.0000;118;128;-0.0598;0.0164;0.0149;0.0225;0.0010;0.0000;0.3858
402.0;0.6717;0.6905;-0.4745;0.0000;118;128;0.0159;0.0179;0.0149;0.0196;0.0010;0.0000;0.3937
402.5;0.6735;0.6937;-0.3315;0.0000;122;130;0.0891;0.0193;0.0149;0.0137;0.0010;0.0000;0.3937
403.0;0.6749;0.6964;-0.3535;0.0000;122;132;0.0891;0.0208;0.0149;0.0147;0.0010;0.0000;0.3937
403.5;0.6767;0.6996;-0.3945;0.0000;124;134;-0.0647;0.0223;0.0164;0.0156;0.0020;0.0000;0.3937
404.0;0.6859;0.7028;-0.4000;0.0000;120;132;0.0916;0.0164;0.0164;0.0166;0.0020;0.0000;0.4016
404.5;0.6909;0.7060;-0.4510;0.0000;120;132;0.0134;0.0149;0.0164;0.0186;0.0020;0.0000;0.4016
405.0;0.6955;0.7092;-0.3400;0.0000;120;130;0.0110;0.0135;0.0164;0.0137;0.0020;0.0000;0.4016
405.5;0.6987;0.7125;-0.4330;0.0000;120;132;0.0134;0.0135;0.0164;0.0176;0.0020;0.0000;0.4016
406.0;0.7042;0.7161;-0.3295;0.0000;122;130;0.0110;0.0105;0.0164;0.0137;0.0020;0.0000;0.4094
406.5;0.7115;0.7193;-0.2930;0.0000;122;128;-0.0696;0.0062;0.0164;0.0117;0.0020;0.0000;0.4094
407.0;0.7157;0.7225;-0.1335;0.0000;124;128;0.0037;0.0062;0.0164;0.0049;0.0020;0.0000;0.4094
407.5;0.7193;0.7257;-0.2155;0.0000;124;130;0.0842;0.0062;0.0164;0.0088;0.0020;0.0000;0.4094
408.0;0.7184;0.7294;-0.1050;0.0000;128;132;-0.0769;0.0105;0.0164;0.0039;0.0020;0.0000;0.4173
408.5;0.7257;0.7326;-0.2155;0.0000;126;132;0.0842;0.0062;0.0164;0.0088;0.0020;0.0000;0.4173
409.0;0.7326;0.7363;-0.2810;0.0000;124;132;-0.0696;0.0032;0.0164;0.0117;0.0020;0.0000;0.4173
409.5;0.7349;0.7395;-0.3285;0.0000;124;132;0.0110;0.0032;0.0164;0.0137;0.0020;0.0000;0.4173
410.0;0.7413;0.7431;-0.3630;0.0000;124;134;0.0891;0.0003;0.0164;0.0147;0.0020;0.0000;0.4252
410.5;0.7427;0.7463;-0.1270;0.0000;128;134;-0.0745;0.0032;0.0164;0.0049;0.0020;0.0000;0.4252
411.0;0.7454;0.7500;-0.3075;0.0000;128;136;0.0085;0.0047;0.0179;0.0127;0.0020;0.0000;0.4252
411.5;0.7468;0.7537;-0.1140;0.0000;132;136;0.0037;0.0062;0.0179;0.0039;0.0020;0.0000;0.4252
412.0;0.7454;0.7573;-0.2695;0.0000;134;140;-0.0696;0.0105;0.0179;0.0108;0.0029;0.0000;0.4252
412.5;0.7550;0.7610;-0.2580;0.0000;132;138;0.0085;0.0047;0.0179;0.0108;0.0029;0.0000;0.4331
413.0;0.7605;0.7642;-0.4035;0.0000;128;140;0.0916;0.0032;0.0179;0.0166;0.0029;0.0000;0.4331
413.5;0.7656;0.7679;-0.4230;0.0000;128;140;0.0916;0.0018;0.0179;0.0176;0.0029;0.0000;0.4331
414.0;0.7701;0.7715;-0.6395;0.0000;128;144;0.0989;0.0003;0.0179;0.0264;0.0029;0.0000;0.4331
414.5;0.7752;0.7756;-0.6940;0.0000;126;144;0.0232;0.0003;0.0179;0.0283;0.0029;0.0000;0.4409
415.0;0.7788;0.7793;-0.5480;0.0000;128;144;0.0965;0.0003;0.0179;0.0225;0.0029;0.0000;0.4409
415.5;0.7866;0.7830;-0.7180;0.0000;126;144;0.1013;-0.0041;0.0179;0.0293;0.0029;0.0000;0.4409
416.0;0.7912;0.7866;-0.6335;0.0000;126;144;0.0989;-0.0056;0.0179;0.0264;0.0029;0.0000;0.4409
416.5;0.8013;0.7903;-0.7760;0.0000;122;144;0.1062;-0.0114;0.0179;0.0323;0.0039;0.0000;0.4488
417.0;0.8059;0.7944;-0.6050;0.0000;126;144;0.0965;-0.0129;0.0179;0.0244;0.0039;0.0000;0.4488
417.5;0.8164;0.7981;-0.7915;0.0000;122;144;0.1038;-0.0188;0.0164;0.0323;0.0039;0.0000;0.4488
418.0;0.8269;0.8022;-0.6885;0.0000;120;140;0.1013;-0.0261;0.0164;0.0283;0.0039;0.0000;0.4488
418.5;0.8288;0.8059;-0.5975;0.0000;124;142;0.0989;-0.0231;0.0164;0.0244;0.0039;0.0000;0.4567
419.0;0.8379;0.8100;-0.6675;0.0000;122;142;0.1013;-0.0290;0.0164;0.0274;0.0039;0.0000;0.4567
419.5;0.8462;0.8136;-0.6890;0.0000;120;140;0.1013;-0.0334;0.0164;0.0283;0.0039;0.0000;0.4567
420.0;0.8549;0.8178;-1.0850;0.0000;116;144;0.1160;-0.0378;0.0149;0.0450;0.0049;0.0000;0.4567
420.5;0.8603;0.8219;-1.0620;0.0000;116;146;0.1917;-0.0393;0.0149;0.0440;0.0049;0.0000;0.4646
421.0;0.8709;0.8255;-1.2195;0.0000;112;146;0.1990;-0.0451;0.0149;0.0508;0.0049;0.0000;0.4646
421.5;0.8842;0.8297;-1.1740;0.0000;110;142;0.1941;-0.0554;0.0135;0.0489;0.0049;0.0000;0.4646
422.0;0.8869;0.8338;-1.1710;0.0000;110;144;0.1184;-0.0539;0.0135;0.0489;0.0059;0.0000;0.4646
422.5;0.8933;0.8379;-1.1510;0.0000;110;144;0.1966;-0.0568;0.0135;0.0479;0.0059;0.0000;0.4646
423.0;0.8956;0.8416;-1.2360;0.0000;110;148;0.1990;-0.0539;0.0120;0.0518;0.0059;0.0000;0.4646
423.5;0.9057;0.8457;-1.4785;0.0000;107;148;0.2063;-0.0612;0.0120;0.0616;0.0068;0.0000;0.4646
424.0;0.9112;0.8498;-1.1220;0.0000;110;146;0.1160;-0.0627;0.0120;0.0469;0.0068;0.0000;0.4646
424.5;0.9089;0.8539;-1.0305;0.0000;116;148;0.1136;-0.0554;0.0105;0.0430;0.0068;0.0000;0.4646
425.0;0.9144;0.8576;-0.5255;0.0000;120;144;0.0965;-0.0568;0.0105;0.0215;0.0068;0.0000;0.4646
425.5;0.9199;0.8617;-0.4035;0.0000;122;142;0.0916;-0.0583;0.0091;0.0166;0.0068;0.0000;0.4646
426.0;0.9167;0.8658;-0.0965;0.0000;128;142;0.0012;-0.0524;0.0091;0.0039;0.0068;0.0000;0.4646
426.5;0.9176;0.8700;0.0335;0.0000;132;144;0.1551;-0.0481;0.0091;-0.0020;0.0068;0.0000;0.4646
427.0;0.9190;0.8736;0.3270;0.0000;136;142;-0.0134;-0.0451;0.0076;-0.0147;0.0068;0.0000;0.4646
427.5;0.9199;0.8777;0.5145;0.0000;140;142;-0.0183;-0.0422;0.0076;-0.0225;0.0068;0.0000;0.4646
428.0;0.9208;0.8819;0.3945;0.0000;140;144;-0.0159;-0.0393;0.0076;-0.0166;0.0068;0.0000;0.4724
428.5;0.9217;0.8860;0.3345;0.0000;142;146;0.1429;-0.0363;0.0076;-0.0147;0.0068;0.0000;0.4724
429.0;0.9212;0.8897;0.2380;0.0000;142;148;-0.0110;-0.0319;0.0062;-0.0108;0.0068;0.0000;0.4724
429.5;0.9185;0.8938;0.2395;0.0000;144;150;0.1477;-0.0261;0.0062;-0.0108;0.0068;0.0000;0.4724
430.0;0.9167;0.8979;0.1255;0.0000;146;153;0.0720;-0.0202;0.0062;-0.0059;0.0068;0.0000;0.4724
430.5;0.9203;0.9016;0.2300;0.0000;146;152;0.0696;-0.0188;0.0062;-0.0098;0.0068;0.0000;0.4724
431.0;0.9185;0.9057;0.2990;0.0000;150;153;0.0672;-0.0129;0.0062;-0.0127;0.0068;0.0000;0.4724
431.5;0.9194;0.9098;0.2820;0.0000;152;155;0.0672;-0.0100;0.0062;-0.0127;0.0068;0.0000;0.4724
432.0;0.9208;0.9139;0.3625;0.0000;152;153;-0.0134;-0.0070;0.0062;-0.0156;0.0059;0.0000;0.4724
432.5;0.9212;0.9176;0.2975;0.0000;153;155;-0.0110;-0.0041;0.0062;-0.0127;0.0059;0.0000;0.4724
433.0;0.9222;0.9217;0.3430;0.0000;153;155;-0.0134;-0.0012;0.0062;-0.0147;0.0059;0.0000;0.4724
433.5;0.9254;0.9258;0.0555;0.0000;152;157;0.0745;0.0003;0.0062;-0.0029;0.0059;0.0000;0.4724
434.0;0.9263;0.9299;0.0620;0.0000;152;157;-0.0818;0.0032;0.0062;-0.0029;0.0059;0.0000;0.4724
434.5;0.9240;0.9336;-0.0680;0.0000;153;161;0.0794;0.0091;0.0062;0.0020;0.0059;0.0000;0.4724
435.0;0.9208;0.9377;-0.1290;0.0000;155;165;0.0037;0.0164;0.0062;0.0049;0.0059;0.0000;0.4724
435.5;0.9222;0.9418;-0.0705;0.0000;157;165;0.0794;0.0193;0.0062;0.0029;0.0059;0.0000;0.4724
436.0;0.9231;0.9460;-0.0495;0.0000;157;165;0.0012;0.0223;0.0062;0.0020;0.0059;0.0000;0.4724
436.5;0.9272;0.9496;0.0235;0.0000;157;163;0.0769;0.0223;0.0062;-0.0020;0.0059;0.0000;0.4724
437.0;0.9322;0.9538;-0.1580;0.0000;155;165;0.0818;0.0208;0.0076;0.0059;0.0059;0.0000;0.4724
437.5;0.9327;0.9579;-0.0365;0.0000;157;165;0.0012;0.0252;0.0076;0.0010;0.0059;0.0000;0.4803
438.0;0.9368;0.9620;-0.0940;0.0000;157;165;0.0012;0.0237;0.0076;0.0039;0.0059;0.0000;0.4803
438.5;0.9368;0.9657;0.0800;0.0000;159;165;-0.0037;0.0281;0.0076;-0.0039;0.0059;0.0000;0.4803
439.0;0.9446;0.9698;-0.0845;0.0000;155;163;0.0012;0.0237;0.0076;0.0029;0.0059;0.0000;0.4803
439.5;0.9483;0.9739;-0.0040;0.0000;157;163;0.0769;0.0252;0.0076;-0.0000;0.0059;0.0000;0.4803
440.0;0.9478;0.9776;-0.0690;0.0000;157;165;0.0794;0.0296;0.0091;0.0020;0.0059;0.0000;0.4803
440.5;0.9515;0.9817;-0.0630;0.0000;159;165;-0.0769;0.0296;0.0091;0.0020;0.0059;0.0000;0.4803
441.0;0.9551;0.9858;0.0620;0.0000;159;163;0.0745;0.0296;0.0091;-0.0029;0.0059;0.0000;0.4803
441.5;0.9583;0.9899;-0.0235;0.0000;159;165;0.0769;0.0311;0.0091;-0.0000;0.0059;0.0000;0.4803
442.0;0.9652;0.9936;-0.0150;0.0000;159;165;-0.0012;0.0281;0.0091;-0.0000;0.0059;0.0000;0.4803
442.5;0.9721;0.9977;-0.1100;0.0000;157;163;0.0037;0.0252;0.0105;0.0039;0.0059;0.0000;0.4803
443.0;0.9766;1.0018;-0.0270;0.0000;157;163;-0.0012;0.0237;0.0105;0.0010;0.0068;0.0000;0.4803
443.5;0.9826;1.0060;-0.1015;0.0000;155;163;0.0012;0.0223;0.0105;0.0039;0.0068;0.0000;0.4803
444.0;0.9899;1.0096;-0.1035;0.0000;155;161;0.0012;0.0193;0.0105;0.0039;0.0068;0.0000;0.4803
444.5;0.9936;1.0137;-0.1570;0.0000;155;163;0.0037;0.0193;0.0105;0.0059;0.0068;0.0000;0.4803
445.0;0.9927;1.0179;-0.1095;0.0000;159;165;0.0037;0.0252;0.0105;0.0039;0.0068;0.0000;0.4803
445.5;0.9977;1.0220;-0.1860;0.0000;157;165;0.0061;0.0237;0.0120;0.0068;0.0068;0.0000;0.4803
446.0;1.0023;1.0256;-0.2075;0.0000;157;165;0.0061;0.0223;0.0120;0.0078;0.0068;0.0000;0.4803
446.5;1.0032;1.0298;-0.0240;0.0000;161;165;-0.0012;0.0252;0.0120;0.0010;0.0068;0.0000;0.4803
447.0;1.0041;1.0339;-0.0750;0.0000;163;167;-0.0769;0.0296;0.0120;0.0029;0.0068;0.0000;0.4882
447.5;1.0087;1.0375;0.1610;0.0000;165;165;-0.0842;0.0281;0.0120;-0.0068;0.0068;0.0000;0.4882
448.0;1.0114;1.0417;-0.0025;0.0000;163;167;-0.0012;0.0296;0.0135;-0.0000;0.0068;0.0000;0.4882
448.5;1.0174;1.0458;0.0340;0.0000;163;167;-0.0012;0.0281;0.0135;-0.0020;0.0068;0.0000;0.4882
449.0;1.0238;1.0499;-0.0950;0.0000;163;167;-0.0769;0.0252;0.0135;0.0039;0.0068;0.0000;0.4882
449.5;1.0330;1.0536;-0.0775;0.0000;159;165;0.0794;0.0193;0.0135;0.0029;0.0068;0.0000;0.4882
450.0;1.0362;1.0577;-0.3235;0.0000;157;167;0.0110;0.0208;0.0135;0.0127;0.0068;0.0000;0.4882
450.5;1.0430;1.0618;-0.4865;0.0000;155;167;0.0159;0.0179;0.0135;0.0196;0.0068;0.0000;0.4882
451.0;1.0458;1.0659;-0.4430;0.0000;157;169;0.0134;0.0193;0.0135;0.0186;0.0068;0.0000;0.4882
451.5;1.0522;1.0696;-0.4400;0.0000;157;167;-0.0647;0.0164;0.0149;0.0176;0.0068;0.0000;0.4882
452.0;1.0586;1.0737;-0.3025;0.0000;157;167;-0.0696;0.0149;0.0149;0.0117;0.0068;0.0000;0.4882
452.5;1.0632;1.0778;-0.4200;0.0000;157;167;-0.0647;0.0135;0.0149;0.0176;0.0068;0.0000;0.4882
453.0;1.0655;1.0820;-0.3870;0.0000;159;169;0.0916;0.0149;0.0149;0.0156;0.0068;0.0000;0.4882
453.5;1.0714;1.0856;-0.6355;0.0000;157;169;0.0208;0.0135;0.0149;0.0264;0.0068;0.0000;0.4882
454.0;1.0765;1.0897;-0.5955;0.0000;157;169;0.0208;0.0120;0.0149;0.0244;0.0078;0.0000;0.4882
454.5;1.0856;1.0939;-0.7100;0.0000;153;169;0.0232;0.0076;0.0149;0.0293;0.0078;0.0000;0.4882
455.0;1.0939;1.0980;-0.6020;0.0000;153;165;0.0208;0.0032;0.0149;0.0244;0.0078;0.0000;0.4882
455.5;1.1016;1.1016;-0.6605;0.0000;152;167;0.0989;-0.0012;0.0149;0.0274;0.0078;0.0000;0.4882
456.0;1.1058;1.1058;-0.9430;0.0000;150;171;0.1111;-0.0012;0.0149;0.0391;0.0078;0.0000;0.4961
456.5;1.1090;1.1099;-0.8775;0.0000;152;171;0.0305;0.0003;0.0149;0.0362;0.0078;0.0000;0.4961
457.0;1.1181;1.1136;-0.9790;0.0000;148;171;0.1111;-0.0056;0.0149;0.0411;0.0088;0.0000;0.4961
457.5;1.1268;1.1177;-0.7290;0.0000;150;167;0.0256;-0.0100;0.0149;0.0303;0.0088;0.0000;0.4961
458.0;1.1328;1.1218;-0.6780;0.0000;150;167;0.0232;-0.0114;0.0149;0.0283;0.0088;0.0000;0.4961
458.5;1.1433;1.1259;-0.5500;0.0000;148;163;0.0965;-0.0188;0.0149;0.0225;0.0088;0.0000;0.4961
459.0;1.1534;1.1296;-0.6945;0.0000;146;163;0.0232;-0.0246;0.0149;0.0283;0.0088;0.0000;0.4961
459.5;1.1580;1.1337;-0.6420;0.0000;148;163;0.0208;-0.0246;0.0149;0.0264;0.0088;0.0000;0.4961
460.0;1.1630;1.1378;-0.6435;0.0000;148;165;0.0208;-0.0261;0.0135;0.0264;0.0088;0.0000;0.4961
460.5;1.1671;1.1419;-0.8250;0.0000;146;167;0.1844;-0.0261;0.0135;0.0342;0.0098;0.0000;0.4961
461.0;1.1722;1.1456;-0.8900;0.0000;146;167;0.0305;-0.0275;0.0135;0.0371;0.0098;0.0000;0.4961
461.5;1.1804;1.1497;-1.1230;0.0000;142;169;0.1160;-0.0305;0.0135;0.0469;0.0098;0.0000;0.4961
462.0;1.1822;1.1538;-1.0990;0.0000;144;171;0.0379;-0.0290;0.0135;0.0459;0.0098;0.0000;0.4961
462.5;1.1868;1.1580;-1.0695;0.0000;146;171;0.0354;-0.0305;0.0120;0.0440;0.0108;0.0000;0.4961
463.0;1.1928;1.1616;-0.9550;0.0000;146;171;0.1111;-0.0319;0.0120;0.0401;0.0108;0.0000;0.4961
463.5;1.1973;1.1658;-0.6485;0.0000;150;167;0.0208;-0.0319;0.0120;0.0264;0.0108;0.0000;0.4961
464.0;1.2005;1.1699;-0.4110;0.0000;152;167;0.0134;-0.0319;0.0120;0.0166;0.0108;0.0000;0.4961
464.5;1.2028;1.1740;-0.0010;0.0000;157;163;-0.0794;-0.0305;0.0120;-0.0000;0.0108;0.0000;0.4961
465.0;1.1978;1.1777;-0.0595;0.0000;161;169;0.0012;-0.0202;0.0105;0.0020;0.0108;0.0000;0.4961
465.5;1.2001;1.1818;0.1025;0.0000;163;167;-0.0037;-0.0188;0.0105;-0.0049;0.0108;0.0000;0.5039
466.0;1.1992;1.1859;0.1650;0.0000;167;169;-0.0842;-0.0144;0.0105;-0.0078;0.0108;0.0000;0.5039
466.5;1.1969;1.1896;0.2795;0.0000;171;171;-0.0110;-0.0085;0.0105;-0.0127;0.0108;0.0000;0.5039
467.0;1.1951;1.1937;0.2485;0.0000;175;175;-0.1673;-0.0026;0.0105;-0.0108;0.0108;0.0000;0.5039
467.5;1.1951;1.1978;0.0925;0.0000;175;177;-0.0037;0.0018;0.0105;-0.0039;0.0108;0.0000;0.5039
468.0;1.1969;1.2019;0.1035;0.0000;175;177;-0.0061;0.0047;0.0105;-0.0049;0.0108;0.0000;0.5039
468.5;1.2010;1.2056;-0.0145;0.0000;173;179;-0.0012;0.0047;0.0105;-0.0000;0.0108;0.0000;0.5039
469.0;1.2038;1.2097;0.0085;0.0000;173;179;-0.0012;0.0047;0.0105;-0.0010;0.0108;0.0000;0.5039
469.5;1.2060;1.2138;-0.0620;0.0000;173;179;0.0012;0.0076;0.0105;0.0020;0.0108;0.0000;0.5039
470.0;1.2125;1.2179;0.0080;0.0000;173;177;-0.0794;0.0047;0.0105;-0.0010;0.0108;0.0000;0.5039
470.5;1.2143;1.2216;-0.0105;0.0000;175;179;-0.0012;0.0062;0.0105;-0.0000;0.0108;0.0000;0.5039
471.0;1.2184;1.2257;-0.0215;0.0000;173;177;-0.0794;0.0062;0.0105;-0.0000;0.0108;0.0000;0.5039
471.5;1.2202;1.2299;0.0850;0.0000;175;177;-0.0037;0.0091;0.0120;-0.0039;0.0108;0.0000;0.5039
472.0;1.2193;1.2340;0.1870;0.0000;179;179;-0.0867;0.0135;0.0120;-0.0088;0.0108;0.0000;0.5039
472.5;1.2193;1.2376;-0.0170;0.0000;179;183;-0.0012;0.0179;0.0120;-0.0000;0.0108;0.0000;0.5039
473.0;1.2230;1.2418;-0.0640;0.0000;179;183;0.0012;0.0179;0.0120;0.0020;0.0108;0.0000;0.5039
473.5;1.2244;1.2459;-0.1090;0.0000;179;185;0.0037;0.0208;0.0120;0.0039;0.0108;0.0000;0.5039
474.0;1.2335;1.2495;-0.1020;0.0000;177;183;0.0012;0.0164;0.0120;0.0039;0.0108;0.0000;0.5039
474.5;1.2349;1.2537;-0.1260;0.0000;177;183;0.0818;0.0179;0.0120;0.0049;0.0108;0.0000;0.5039
475.0;1.2399;1.2578;-0.4460;0.0000;171;185;0.0916;0.0164;0.0120;0.0186;0.0108;0.0000;0.5118
475.5;1.2518;1.2619;-0.5335;0.0000;167;183;0.0965;0.0091;0.0120;0.0215;0.0108;0.0000;0.5118
476.0;1.2605;1.2656;-0.8400;0.0000;163;185;0.0281;0.0047;0.0120;0.0352;0.0108;0.0000;0.5118
476.5;1.2715;1.2697;-0.7300;0.0000;159;183;0.2601;-0.0026;0.0120;0.0303;0.0108;0.0000;0.5118
477.0;1.2784;1.2738;-1.0755;0.0000;155;187;0.2698;-0.0056;0.0120;0.0450;0.0117;0.0000;0.5118
477.5;1.2894;1.2779;-1.0385;0.0000;152;185;0.2698;-0.0129;0.0120;0.0430;0.0117;0.0000;0.5118
478.0;1.2995;1.2816;-1.4330;0.0000;146;187;0.2063;-0.0188;0.0120;0.0596;0.0117;0.0000;0.5118
478.5;1.3086;1.2857;-1.4860;0.0000;144;187;0.2063;-0.0231;0.0120;0.0616;0.0117;0.0000;0.5118
479.0;1.3182;1.2898;-1.6100;0.0000;140;187;0.2894;-0.0290;0.0120;0.0674;0.0127;0.0000;0.5118
479.5;1.3269;1.2940;-1.5205;0.0000;140;185;0.3651;-0.0334;0.0120;0.0635;0.0127;0.0000;0.5118
480.0;1.3347;1.2976;-1.4255;0.0000;140;185;0.2845;-0.0378;0.0105;0.0596;0.0127;0.0000;0.5118
480.5;1.3475;1.3017;-1.6755;0.0000;134;185;0.2943;-0.0466;0.0105;0.0694;0.0137;0.0000;0.5118
481.0;1.3562;1.3059;-1.6395;0.0000;134;185;0.3675;-0.0510;0.0105;0.0684;0.0137;0.0000;0.5118
481.5;1.3645;1.3100;-1.7690;0.0000;132;185;0.2943;-0.0554;0.0091;0.0733;0.0147;0.0000;0.5118
482.0;1.3727;1.3136;-1.6245;0.0000;132;185;0.2918;-0.0598;0.0091;0.0674;0.0147;0.0000;0.5118
482.5;1.3842;1.3178;-1.8670;0.0000;124;185;0.3748;-0.0671;0.0091;0.0782;0.0147;0.0000;0.5118
483.0;1.3979;1.3219;-1.5875;0.0000;124;179;0.3675;-0.0774;0.0076;0.0665;0.0156;0.0000;0.5118
483.5;1.4139;1.3255;-1.9430;0.0000;116;179;0.3797;-0.0891;0.0062;0.0811;0.0156;0.0000;0.5118
484.0;1.4258;1.3297;-1.9760;0.0000;114;179;0.3797;-0.0964;0.0062;0.0821;0.0156;0.0000;0.5118
484.5;1.4364;1.3338;-2.1335;0.0000;110;181;0.4652;-0.1037;0.0047;0.0890;0.0166;0.0000;0.5197
485.0;1.4515;1.3379;-1.9595;0.0000;109;177;0.4579;-0.1140;0.0032;0.0821;0.0166;0.0000;0.5197
485.5;1.4592;1.3416;-1.8510;0.0000;109;177;0.4554;-0.1184;0.0018;0.0772;0.0176;0.0000;0.5197
486.0;1.4693;1.3457;-2.0870;0.0000;105;177;0.4628;-0.1242;0.0018;0.0870;0.0176;0.0000;0.5197
486.5;1.4789;1.3498;-1.8415;0.0000;107;175;0.4530;-0.1301;0.0003;0.0772;0.0186;0.0000;0.5197
487.0;1.4881;1.3539;-1.9680;0.0000;105;177;0.5360;-0.1345;-0.0012;0.0821;0.0186;0.0000;0.5197
487.5;1.4995;1.3576;-1.5920;0.0000;107;171;0.3675;-0.1418;-0.0026;0.0665;0.0186;0.0000;0.5197
488.0;1.5110;1.3617;-1.7460;0.0000;103;171;0.5287;-0.1506;-0.0041;0.0733;0.0196;0.0000;0.5197
488.5;1.5179;1.3658;-1.4845;0.0000;105;171;0.5189;-0.1535;-0.0056;0.0616;0.0196;0.0000;0.5197
489.0;1.5243;1.3700;-1.7070;0.0000;103;173;0.5287;-0.1550;-0.0070;0.0714;0.0196;0.0000;0.5197
489.5;1.5266;1.3736;-1.6640;0.0000;105;177;0.4481;-0.1535;-0.0085;0.0694;0.0205;0.0000;0.5197
490.0;1.5321;1.3777;-1.3145;0.0000;109;173;0.4359;-0.1550;-0.0100;0.0547;0.0205;0.0000;0.5197
490.5;1.5412;1.3819;-1.3960;0.0000;105;173;0.5165;-0.1594;-0.0114;0.0577;0.0205;0.0000;0.5197
491.0;1.5467;1.3860;-1.2615;0.0000;107;173;0.5116;-0.1609;-0.0144;0.0528;0.0215;0.0000;0.5197
491.5;1.5513;1.3897;-1.6880;0.0000;105;179;0.4505;-0.1623;-0.0158;0.0704;0.0215;0.0000;0.5197
492.0;1.5527;1.3938;-1.3350;0.0000;109;177;0.5140;-0.1594;-0.0173;0.0557;0.0215;0.0000;0.5197
492.5;1.5572;1.3979;-1.6705;0.0000;105;181;0.4481;-0.1609;-0.0188;0.0694;0.0225;0.0000;0.5197
493.0;1.5572;1.4016;-1.1760;0.0000;112;179;0.2747;-0.1565;-0.0202;0.0489;0.0225;0.0000;0.5197
493.5;1.5531;1.4057;-0.2925;0.0000;124;173;0.3211;-0.1477;-0.0217;0.0117;0.0225;0.0000;0.5276
494.0;1.5462;1.4098;0.1745;0.0000;136;173;0.1502;-0.1374;-0.0231;-0.0078;0.0225;0.0000;0.5276
494.5;1.5339;1.4139;0.8930;0.0000;152;173;0.0452;-0.1213;-0.0246;-0.0381;0.0225;0.0000;0.5276
495.0;1.5188;1.4176;1.6095;0.0000;167;173;-0.0574;-0.1023;-0.0246;-0.0684;0.0215;0.0000;0.5276
495.5;1.5073;1.4217;2.7740;0.0000;185;165;-0.0965;-0.0861;-0.0261;-0.1173;0.0215;0.0000;0.5276
496.0;1.4895;1.4258;2.8150;0.0000;195;173;-0.1013;-0.0642;-0.0261;-0.1183;0.0205;0.0000;0.5276
496.5;1.4785;1.4299;3.2400;0.0000;204;171;-0.1136;-0.0495;-0.0275;-0.1369;0.0196;0.0000;0.5276
497.0;1.4707;1.4336;2.8285;0.0000;202;179;-0.1013;-0.0378;-0.0275;-0.1193;0.0196;0.0000;0.5276
497.5;1.4634;1.4377;2.5955;0.0000;204;183;-0.0134;-0.0261;-0.0275;-0.1095;0.0186;0.0000;0.5276
498.0;1.4606;1.4418;1.9665;0.0000;200;189;-0.0696;-0.0202;-0.0275;-0.0831;0.0186;0.0000;0.5276
498.5;1.4574;1.4460;1.7725;0.0000;200;191;0.0134;-0.0129;-0.0275;-0.0753;0.0176;0.0000;0.5276
499.0;1.4519;1.4496;1.2765;0.0000;196;196;0.1111;-0.0026;-0.0275;-0.0538;0.0176;0.0000;0.5276
499.5;1.4437;1.4538;1.1720;0.0000;200;200;0.0354;0.0091;-0.0275;-0.0499;0.0176;0.0000;0.5276
500.0;1.4437;1.4579;0.7885;0.0000;196;202;0.1282;0.0135;-0.0275;-0.0332;0.0176;0.0000;0.5276
500.5;1.4437;1.4615;0.3055;0.0000;191;206;0.0672;0.0179;-0.0275;-0.0137;0.0176;0.0000;0.5276
501.0;1.4400;1.4657;1.1650;0.0000;200;200;0.0379;0.0252;-0.0275;-0.0499;0.0166;0.0000;0.5276
501.5;1.4382;1.4698;0.8375;0.0000;200;202;-0.0305;0.0311;-0.0275;-0.0352;0.0166;0.0000;0.5276
502.0;1.4368;1.4739;1.5585;0.0000;208;196;-0.0549;0.0355;-0.0261;-0.0655;0.0166;0.0000;0.5276
502.5;1.4354;1.4776;1.2345;0.0000;206;198;-0.0452;0.0413;-0.0261;-0.0528;0.0166;0.0000;0.5276
503.0;1.4341;1.4817;1.0965;0.0000;206;200;-0.0403;0.0472;-0.0261;-0.0469;0.0156;0.0000;0.5354
503.5;1.4322;1.4858;0.8805;0.0000;204;204;-0.0330;0.0530;-0.0246;-0.0371;0.0156;0.0000;0.5354
504.0;1.4299;1.4899;1.0395;0.0000;208;202;-0.0379;0.0589;-0.0246;-0.0440;0.0156;0.0000;0.5354
504.5;1.4341;1.4936;1.2035;0.0000;208;200;0.0354;0.0589;-0.0246;-0.0508;0.0156;0.0000;0.5354
505.0;1.4332;1.4977;0.7415;0.0000;206;206;-0.1062;0.0648;-0.0231;-0.0313;0.0156;0.0000;0.5354
505.5;1.4350;1.5018;0.9620;0.0000;208;202;0.0427;0.0662;-0.0231;-0.0411;0.0147;0.0000;0.5354
506.0;1.4345;1.5060;0.5475;0.0000;204;208;-0.0208;0.0706;-0.0217;-0.0235;0.0147;0.0000;0.5354
506.5;1.4400;1.5096;1.0475;0.0000;208;200;-0.0379;0.0691;-0.0217;-0.0450;0.0147;0.0000;0.5354
507.0;1.4469;1.5137;0.7510;0.0000;204;200;-0.0281;0.0662;-0.0202;-0.0323;0.0147;0.0000;0.5354
507.5;1.4487;1.5179;1.0810;0.0000;208;198;-0.0403;0.0677;-0.0202;-0.0459;0.0147;0.0000;0.5354
508.0;1.4547;1.5220;0.8465;0.0000;204;198;-0.0305;0.0662;-0.0188;-0.0362;0.0137;0.0000;0.5354
508.5;1.4611;1.5256;0.9100;0.0000;204;196;-0.1111;0.0633;-0.0188;-0.0391;0.0137;0.0000;0.5354
509.0;1.4689;1.5298;0.5920;0.0000;200;198;-0.0232;0.0604;-0.0173;-0.0254;0.0137;0.0000;0.5354
509.5;1.4730;1.5339;0.7290;0.0000;200;196;-0.0281;0.0604;-0.0173;-0.0313;0.0137;0.0000;0.5354
510.0;1.4702;1.5375;0.7840;0.0000;204;198;-0.1062;0.0662;-0.0173;-0.0332;0.0137;0.0000;0.5354
510.5;1.4684;1.5417;0.2135;0.0000;202;206;-0.0867;0.0721;-0.0158;-0.0098;0.0137;0.0000;0.5354
511.0;1.4730;1.5458;0.4480;0.0000;206;204;-0.1722;0.0721;-0.0158;-0.0196;0.0137;0.0000;0.5354
511.5;1.4776;1.5499;-0.0085;0.0000;200;208;-0.0794;0.0721;-0.0144;-0.0000;0.0137;0.0000;0.5354
512.0;1.4821;1.5536;0.2545;0.0000;204;206;-0.0110;0.0706;-0.0144;-0.0108;0.0137;0.0000;0.5354
512.5;1.4899;1.5577;0.2465;0.0000;202;202;-0.0891;0.0662;-0.0129;-0.0108;0.0137;0.0000;0.5433
513.0;1.4982;1.5618;0.3825;0.0000;200;200;-0.0134;0.0633;-0.0129;-0.0166;0.0137;0.0000;0.5433
513.5;1.5037;1.5659;0.1735;0.0000;198;202;0.0696;0.0618;-0.0114;-0.0078;0.0127;0.0000;0.5433
514.0;1.5041;1.5696;-0.1560;0.0000;198;208;-0.0745;0.0648;-0.0114;0.0059;0.0137;0.0000;0.5433
514.5;1.5041;1.5737;-0.1760;0.0000;200;210;-0.0745;0.0691;-0.0100;0.0068;0.0137;0.0000;0.5433
515.0;1.5069;1.5778;-0.3290;0.0000;200;212;0.0110;0.0706;-0.0100;0.0137;0.0137;0.0000;0.5433
515.5;1.5133;1.5820;-0.0965;0.0000;202;210;-0.0769;0.0677;-0.0085;0.0039;0.0137;0.0000;0.5433
516.0;1.5169;1.5856;-0.5910;0.0000;198;214;-0.0598;0.0677;-0.0085;0.0244;0.0137;0.0000;0.5433
516.5;1.5229;1.5897;-0.1885;0.0000;200;210;0.0842;0.0662;-0.0070;0.0078;0.0137;0.0000;0.5433
517.0;1.5293;1.5939;-0.7365;0.0000;195;214;0.1038;0.0633;-0.0070;0.0303;0.0137;0.0000;0.5433
517.5;1.5353;1.5980;-0.6430;0.0000;195;214;0.0989;0.0618;-0.0070;0.0264;0.0137;0.0000;0.5433
518.0;1.5430;1.6016;-0.5550;0.0000;195;212;0.2527;0.0574;-0.0056;0.0225;0.0137;0.0000;0.5433
518.5;1.5549;1.6058;-0.8380;0.0000;189;212;0.1062;0.0501;-0.0056;0.0342;0.0137;0.0000;0.5433
519.0;1.5659;1.6099;-0.9160;0.0000;185;212;0.1868;0.0428;-0.0056;0.0381;0.0147;0.0000;0.5433
519.5;1.5788;1.6136;-1.3825;0.0000;177;214;0.2039;0.0340;-0.0041;0.0577;0.0147;0.0000;0.5433
520.0;1.5925;1.6177;-1.2540;0.0000;173;210;0.2772;0.0252;-0.0041;0.0518;0.0147;0.0000;0.5433
520.5;1.6035;1.6218;-1.6840;0.0000;165;212;0.2918;0.0179;-0.0041;0.0704;0.0156;0.0000;0.5433
521.0;1.6136;1.6259;-1.4315;0.0000;167;210;0.2845;0.0120;-0.0041;0.0596;0.0156;0.0000;0.5433
521.5;1.6305;1.6296;-1.6500;0.0000;159;208;0.2918;-0.0012;-0.0041;0.0684;0.0156;0.0000;0.5433
522.0;1.6433;1.6337;-1.4915;0.0000;157;206;0.2845;-0.0100;-0.0041;0.0626;0.0166;0.0000;0.5512
522.5;1.6534;1.6378;-1.6490;0.0000;155;208;0.2918;-0.0158;-0.0041;0.0684;0.0166;0.0000;0.5512
523.0;1.6644;1.6419;-1.5650;0.0000;153;206;0.3675;-0.0231;-0.0041;0.0655;0.0166;0.0000;0.5512
523.5;1.6740;1.6456;-1.5770;0.0000;153;206;0.2869;-0.0290;-0.0041;0.0655;0.0176;0.0000;0.5512
524.0;1.6882;1.6497;-1.6850;0.0000;150;204;0.3724;-0.0393;-0.0056;0.0704;0.0176;0.0000;0.5512
524.5;1.6978;1.6538;-1.5535;0.0000;148;204;0.4432;-0.0451;-0.0056;0.0645;0.0176;0.0000;0.5512
525.0;1.7033;1.6580;-2.1005;0.0000;144;212;0.3846;-0.0466;-0.0056;0.0880;0.0186;0.0000;0.5512
525.5;1.7115;1.6616;-1.7345;0.0000;146;208;0.3724;-0.0510;-0.0070;0.0723;0.0186;0.0000;0.5512
526.0;1.7280;1.6658;-1.9255;0.0000;140;206;0.3797;-0.0627;-0.0070;0.0802;0.0186;0.0000;0.5512
526.5;1.7395;1.6699;-1.4525;0.0000;144;202;0.3626;-0.0700;-0.0085;0.0606;0.0196;0.0000;0.5512
527.0;1.7505;1.6735;-1.7505;0.0000;138;204;0.4505;-0.0774;-0.0085;0.0733;0.0196;0.0000;0.5512
527.5;1.7610;1.6777;-2.0555;0.0000;134;206;0.4628;-0.0832;-0.0100;0.0860;0.0205;0.0000;0.5512
528.0;1.7715;1.6818;-2.0835;0.0000;132;206;0.4628;-0.0905;-0.0100;0.0870;0.0205;0.0000;0.5512
528.5;1.7807;1.6859;-2.0680;0.0000;132;206;0.4628;-0.0949;-0.0114;0.0860;0.0205;0.0000;0.5512
529.0;1.7930;1.6896;-1.4870;0.0000;134;198;0.5214;-0.1037;-0.0129;0.0616;0.0215;0.0000;0.5512
529.5;1.8022;1.6937;-1.7555;0.0000;130;202;0.4505;-0.1096;-0.0129;0.0733;0.0215;0.0000;0.5512
530.0;1.8022;1.6978;-1.3385;0.0000;138;202;0.3578;-0.1052;-0.0144;0.0557;0.0215;0.0000;0.5512
530.5;1.7976;1.7019;-1.4355;0.0000;142;208;0.3626;-0.0964;-0.0158;0.0596;0.0225;0.0000;0.5512
531.0;1.7940;1.7056;-0.4435;0.0000;155;204;0.3260;-0.0891;-0.0158;0.0186;0.0225;0.0000;0.5591
531.5;1.7940;1.7097;-0.6710;0.0000;155;208;0.2576;-0.0847;-0.0173;0.0274;0.0225;0.0000;0.5591
532.0;1.7880;1.7138;0.5040;0.0000;173;200;0.1380;-0.0744;-0.0173;-0.0215;0.0225;0.0000;0.5591
532.5;1.7811;1.7179;1.0295;0.0000;185;200;0.0403;-0.0642;-0.0188;-0.0440;0.0225;0.0000;0.5591
533.0;1.7756;1.7216;1.1220;0.0000;191;202;0.0379;-0.0554;-0.0188;-0.0479;0.0215;0.0000;0.5591
533.5;1.7674;1.7257;1.5040;0.0000;200;202;0.0232;-0.0422;-0.0202;-0.0635;0.0215;0.0000;0.5591
534.0;1.7555;1.7299;1.4645;0.0000;206;208;0.1062;-0.0261;-0.0202;-0.0616;0.0215;0.0000;0.5591
534.5;1.7450;1.7340;2.0480;0.0000;218;208;0.0061;-0.0114;-0.0202;-0.0860;0.0205;0.0000;0.5591
535.0;1.7404;1.7376;1.5590;0.0000;216;214;0.0232;-0.0026;-0.0202;-0.0665;0.0205;0.0000;0.5591
535.5;1.7353;1.7418;1.9515;0.0000;224;212;-0.0696;0.0062;-0.0202;-0.0821;0.0205;0.0000;0.5591
536.0;1.7308;1.7459;1.4175;0.0000;222;220;0.0281;0.0149;-0.0202;-0.0596;0.0196;0.0000;0.5591
536.5;1.7266;1.7495;1.5325;0.0000;226;220;0.0232;0.0223;-0.0188;-0.0645;0.0196;0.0000;0.5591
537.0;1.7207;1.7537;1.2950;0.0000;226;226;0.0305;0.0325;-0.0188;-0.0547;0.0196;0.0000;0.5591
537.5;1.7202;1.7578;1.6960;0.0000;230;220;-0.0623;0.0369;-0.0188;-0.0714;0.0186;0.0000;0.5591
538.0;1.7175;1.7619;1.5290;0.0000;232;224;0.1013;0.0442;-0.0188;-0.0645;0.0186;0.0000;0.5591
538.5;1.7179;1.7656;0.9555;0.0000;226;228;-0.0354;0.0472;-0.0173;-0.0411;0.0186;0.0000;0.5591
539.0;1.7184;1.7697;1.1085;0.0000;228;226;-0.0403;0.0501;-0.0173;-0.0469;0.0186;0.0000;0.5591
539.5;1.7147;1.7738;0.9625;0.0000;230;230;0.0427;0.0589;-0.0173;-0.0411;0.0176;0.0000;0.5591
540.0;1.7111;1.7779;1.4030;0.0000;236;228;0.0281;0.0662;-0.0158;-0.0596;0.0176;0.0000;0.5591
540.5;1.7079;1.7816;1.2650;0.0000;238;230;-0.1233;0.0735;-0.0158;-0.0538;0.0176;0.0000;0.5669
541.0;1.7079;1.7857;1.6870;0.0000;241;226;0.0183;0.0765;-0.0144;-0.0714;0.0166;0.0000;0.5669
541.5;1.7079;1.7898;1.1090;0.0000;238;232;-0.0403;0.0809;-0.0144;-0.0469;0.0166;0.0000;0.5669
542.0;1.7047;1.7940;1.1080;0.0000;239;234;0.0379;0.0882;-0.0129;-0.0469;0.0166;0.0000;0.5669
542.5;1.7024;1.7976;0.9970;0.0000;241;236;-0.0354;0.0941;-0.0114;-0.0420;0.0166;0.0000;0.5669
543.0;1.7019;1.8017;1.0555;0.0000;241;236;0.1184;0.0984;-0.0114;-0.0450;0.0166;0.0000;0.5669
543.5;1.7005;1.8059;0.8255;0.0000;241;239;0.0476;0.1043;-0.0100;-0.0352;0.0156;0.0000;0.5669
544.0;1.7015;1.8100;0.2550;0.0000;236;245;0.1453;0.1072;-0.0085;-0.0108;0.0156;0.0000;0.5669
544.5;1.7024;1.8136;0.5200;0.0000;238;243;0.1380;0.1102;-0.0070;-0.0225;0.0156;0.0000;0.5669
545.0;1.7070;1.8178;0.3585;0.0000;236;243;-0.0134;0.1102;-0.0070;-0.0156;0.0156;0.0000;0.5669
545.5;1.7115;1.8219;0.6880;0.0000;238;239;0.1306;0.1087;-0.0056;-0.0293;0.0156;0.0000;0.5669
546.0;1.7138;1.8255;0.5200;0.0000;236;241;-0.0183;0.1116;-0.0041;-0.0225;0.0156;0.0000;0.5669
546.5;1.7175;1.8297;0.6440;0.0000;238;241;0.0525;0.1116;-0.0026;-0.0274;0.0156;0.0000;0.5669
547.0;1.7212;1.8338;0.3615;0.0000;234;243;0.0647;0.1116;-0.0026;-0.0156;0.0156;0.0000;0.5669
547.5;1.7308;1.8379;-0.1540;0.0000;226;245;0.0818;0.1058;-0.0012;0.0059;0.0156;0.0000;0.5669
548.0;1.7408;1.8416;-0.2900;0.0000;222;243;0.0867;0.0999;0.0003;0.0117;0.0156;0.0000;0.5669
548.5;1.7477;1.8457;-0.3055;0.0000;220;243;0.0867;0.0970;0.0003;0.0127;0.0156;0.0000;0.5669
549.0;1.7582;1.8498;-0.2945;0.0000;218;241;0.0867;0.0911;0.0018;0.0117;0.0156;0.0000;0.5669
549.5;1.7683;1.8539;-0.5955;0.0000;212;241;0.0208;0.0853;0.0032;0.0244;0.0156;0.0000;0.5669
550.0;1.7816;1.8576;-0.3475;0.0000;212;236;0.1673;0.0750;0.0032;0.0137;0.0156;0.0000;0.5748
550.5;1.7981;1.8617;-0.4475;0.0000;206;232;0.1722;0.0633;0.0047;0.0186;0.0156;0.0000;0.5748
551.0;1.8082;1.8658;-0.2415;0.0000;206;230;0.2430;0.0574;0.0047;0.0098;0.0156;0.0000;0.5748
551.5;1.8223;1.8700;-0.4650;0.0000;200;228;0.1722;0.0472;0.0047;0.0186;0.0156;0.0000;0.5748
552.0;1.8379;1.8736;-0.6895;0.0000;195;226;0.2576;0.0355;0.0062;0.0283;0.0156;0.0000;0.5748
552.5;1.8507;1.8777;-0.5600;0.0000;195;224;0.1746;0.0267;0.0062;0.0235;0.0166;0.0000;0.5748
553.0;1.8645;1.8819;-0.5830;0.0000;191;222;0.0965;0.0164;0.0062;0.0244;0.0166;0.0000;0.5748
553.5;1.8814;1.8860;-0.4755;0.0000;189;216;0.1722;0.0032;0.0062;0.0196;0.0166;0.0000;0.5748
554.0;1.9006;1.8897;-0.4995;0.0000;185;212;0.1722;-0.0114;0.0062;0.0205;0.0166;0.0000;0.5748
554.5;1.9231;1.8938;-0.4705;0.0000;179;204;0.0159;-0.0305;0.0062;0.0196;0.0166;0.0000;0.5748
555.0;1.9487;1.8979;-0.7890;0.0000;169;200;0.1038;-0.0510;0.0047;0.0323;0.0166;0.0000;0.5748
555.5;1.9670;1.9016;-0.6465;0.0000;165;196;0.1795;-0.0656;0.0047;0.0264;0.0166;0.0000;0.5748
556.0;1.9835;1.9057;-0.8875;0.0000;161;196;0.1087;-0.0788;0.0032;0.0371;0.0166;0.0000;0.5748
556.5;1.9991;1.9098;-0.8490;0.0000;159;195;0.1844;-0.0905;0.0032;0.0352;0.0176;0.0000;0.5748
557.0;2.0119;1.9139;-0.9790;0.0000;157;195;0.1111;-0.0993;0.0018;0.0411;0.0176;0.0000;0.5748
557.5;2.0261;1.9176;-1.2405;0.0000;155;196;0.1990;-0.1096;0.0003;0.0518;0.0176;0.0000;0.5748
558.0;2.0389;1.9217;-1.4250;0.0000;152;198;0.2063;-0.1184;-0.0012;0.0596;0.0176;0.0000;0.5748
558.5;2.0540;1.9258;-1.3490;0.0000;150;195;0.2015;-0.1286;-0.0012;0.0557;0.0186;0.0000;0.5748
559.0;2.0650;1.9299;-1.0505;0.0000;153;193;0.1917;-0.1360;-0.0026;0.0440;0.0186;0.0000;0.5748
559.5;2.0755;1.9336;-0.9900;0.0000;152;193;0.2674;-0.1418;-0.0041;0.0411;0.0186;0.0000;0.5827
560.0;2.0815;1.9377;-0.7755;0.0000;155;193;0.2601;-0.1447;-0.0056;0.0323;0.0186;0.0000;0.5827
560.5;2.0897;1.9418;-0.8970;0.0000;155;195;0.2650;-0.1491;-0.0070;0.0371;0.0196;0.0000;0.5827
561.0;2.0925;1.9460;-0.6980;0.0000;159;196;0.3358;-0.1477;-0.0085;0.0283;0.0196;0.0000;0.5827
561.5;2.0875;1.9496;-1.1015;0.0000;161;208;0.5067;-0.1389;-0.0100;0.0459;0.0196;0.0000;0.5827
562.0;2.0943;1.9538;-1.0105;0.0000;161;206;0.3480;-0.1418;-0.0114;0.0420;0.0196;0.0000;0.5827
562.5;2.0962;1.9579;-1.4535;0.0000;159;214;0.3626;-0.1389;-0.0129;0.0606;0.0196;0.0000;0.5827
563.0;2.0971;1.9615;-1.6855;0.0000;157;220;0.5263;-0.1360;-0.0144;0.0704;0.0205;0.0000;0.5827
563.5;2.1012;1.9657;-1.7965;0.0000;157;222;0.3748;-0.1360;-0.0158;0.0753;0.0205;0.0000;0.5827
564.0;2.1021;1.9698;-1.8110;0.0000;157;224;0.3748;-0.1330;-0.0173;0.0753;0.0215;0.0000;0.5827
564.5;2.0943;1.9739;-1.2970;0.0000;167;226;0.4359;-0.1213;-0.0188;0.0538;0.0215;0.0000;0.5827
565.0;2.0879;1.9776;-1.2505;0.0000;175;230;0.1209;-0.1110;-0.0188;0.0518;0.0215;0.0000;0.5827
565.5;2.0833;1.9817;-0.4050;0.0000;187;226;0.1697;-0.1023;-0.0202;0.0166;0.0215;0.0000;0.5827
566.0;2.0737;1.9858;-0.1465;0.0000;195;228;0.3162;-0.0891;-0.0217;0.0059;0.0215;0.0000;0.5827
566.5;2.0604;1.9899;0.7745;0.0000;210;226;0.1282;-0.0715;-0.0217;-0.0332;0.0215;0.0000;0.5827
567.0;2.0472;1.9936;1.1995;0.0000;222;228;-0.0427;-0.0539;-0.0231;-0.0508;0.0215;0.0000;0.5827
567.5;2.0343;1.9977;1.8880;0.0000;234;226;-0.0672;-0.0378;-0.0231;-0.0802;0.0205;0.0000;0.5827
568.0;2.0229;2.0018;1.8925;0.0000;241;232;0.0110;-0.0217;-0.0231;-0.0802;0.0205;0.0000;0.5827
568.5;2.0110;2.0060;1.7590;0.0000;245;238;0.0159;-0.0056;-0.0231;-0.0743;0.0205;0.0000;0.5906
569.0;2.0046;2.0096;1.6160;0.0000;245;239;-0.0574;0.0047;-0.0231;-0.0684;0.0196;0.0000;0.5906
569.5;2.0000;2.0137;1.5030;0.0000;247;241;0.0232;0.0135;-0.0231;-0.0635;0.0196;0.0000;0.5906
570.0;1.9968;2.0179;1.7140;0.0000;249;239;0.0159;0.0208;-0.0231;-0.0723;0.0196;0.0000;0.5906
570.5;1.9890;2.0220;1.0590;0.0000;247;249;0.0403;0.0325;-0.0231;-0.0450;0.0186;0.0000;0.5906
571.0;1.9853;2.0256;1.2250;0.0000;251;247;0.1111;0.0398;-0.0217;-0.0518;0.0186;0.0000;0.5906
571.5;1.9785;2.0298;0.5975;0.0000;247;257;0.1355;0.0501;-0.0217;-0.0254;0.0186;0.0000;0.5906
572.0;1.9689;2.0339;0.8420;0.0000;253;257;-0.0305;0.0633;-0.0202;-0.0362;0.0186;0.0000;0.5906
572.5;1.9675;2.0375;0.9255;0.0000;255;255;0.0452;0.0691;-0.0202;-0.0391;0.0186;0.0000;0.5906
573.0;1.9638;2.0417;1.1610;0.0000;259;255;-0.0427;0.0779;-0.0188;-0.0489;0.0176;0.0000;0.5906
573.5;1.9597;2.0458;1.0210;0.0000;261;257;0.0403;0.0853;-0.0188;-0.0430;0.0176;0.0000;0.5906
574.0;1.9560;2.0499;0.7825;0.0000;261;263;-0.1062;0.0926;-0.0173;-0.0332;0.0176;0.0000;0.5906
574.5;1.9505;2.0536;1.2395;0.0000;269;259;-0.0452;0.1028;-0.0158;-0.0528;0.0176;0.0000;0.5906
575.0;1.9501;2.0577;1.0550;0.0000;267;261;-0.0379;0.1072;-0.0158;-0.0450;0.0166;0.0000;0.5906
575.5;1.9547;2.0618;1.2940;0.0000;267;255;0.0305;0.1072;-0.0144;-0.0547;0.0166;0.0000;0.5906
576.0;1.9547;2.0659;0.8145;0.0000;263;261;-0.0281;0.1102;-0.0129;-0.0352;0.0166;0.0000;0.5906
576.5;1.9505;2.0696;1.0030;0.0000;267;261;-0.0354;0.1190;-0.0114;-0.0430;0.0166;0.0000;0.5906
577.0;1.9547;2.0737;0.4330;0.0000;261;265;-0.0159;0.1190;-0.0114;-0.0186;0.0166;0.0000;0.5906
577.5;1.9583;2.0778;0.5290;0.0000;261;263;-0.0208;0.1190;-0.0100;-0.0225;0.0166;0.0000;0.5906
578.0;1.9588;2.0820;0.5065;0.0000;263;265;0.0598;0.1219;-0.0085;-0.0215;0.0156;0.0000;0.5984
578.5;1.9588;2.0856;0.6760;0.0000;263;263;0.0525;0.1263;-0.0070;-0.0293;0.0156;0.0000;0.5984
579.0;1.9620;2.0897;0.4620;0.0000;261;265;0.0598;0.1263;-0.0056;-0.0196;0.0156;0.0000;0.5984
579.5;1.9698;2.0939;-0.2715;0.0000;251;269;0.0867;0.1234;-0.0041;0.0108;0.0156;0.0000;0.5984
580.0;1.9730;2.0980;-0.1630;0.0000;253;269;0.1600;0.1248;-0.0041;0.0059;0.0156;0.0000;0.5984
580.5;1.9799;2.1016;-0.6330;0.0000;245;273;0.1770;0.1204;-0.0026;0.0264;0.0156;0.0000;0.5984
581.0;1.9835;2.1058;-0.3570;0.0000;247;271;0.2454;0.1219;-0.0012;0.0147;0.0166;0.0000;0.5984
581.5;1.9899;2.1099;-0.8060;0.0000;243;275;0.1844;0.1190;0.0003;0.0332;0.0166;0.0000;0.5984
582.0;1.9963;2.1136;-1.0880;0.0000;238;277;0.1941;0.1175;0.0018;0.0450;0.0166;0.0000;0.5984
582.5;2.0055;2.1177;-1.4580;0.0000;232;279;0.2845;0.1116;0.0032;0.0606;0.0166;0.0000;0.5984
583.0;2.0151;2.1218;-1.5795;0.0000;226;279;0.3675;0.1058;0.0032;0.0655;0.0176;0.0000;0.5984
583.5;2.0279;2.1259;-1.5355;0.0000;224;277;0.3675;0.0970;0.0047;0.0635;0.0176;0.0000;0.5984
584.0;2.0380;2.1296;-1.5305;0.0000;220;275;0.3651;0.0911;0.0062;0.0635;0.0176;0.0000;0.5984
584.5;2.0485;2.1337;-1.5995;0.0000;218;275;0.4457;0.0853;0.0062;0.0665;0.0186;0.0000;0.5984
585.0;2.0600;2.1378;-1.8545;0.0000;212;277;0.3773;0.0765;0.0076;0.0772;0.0186;0.0000;0.5984
585.5;2.0705;2.1419;-1.7290;0.0000;210;273;0.3700;0.0706;0.0076;0.0723;0.0186;0.0000;0.5984
586.0;2.0842;2.1456;-1.9820;0.0000;204;273;0.4603;0.0604;0.0091;0.0831;0.0196;0.0000;0.5984
586.5;2.1012;2.1497;-1.8495;0.0000;200;269;0.4554;0.0472;0.0091;0.0772;0.0196;0.0000;0.5984
587.0;2.1140;2.1538;-2.0215;0.0000;196;269;0.3822;0.0384;0.0091;0.0841;0.0205;0.0000;0.5984
587.5;2.1310;2.1580;-2.1590;0.0000;191;267;0.4652;0.0267;0.0091;0.0899;0.0205;0.0000;0.6063
588.0;2.1488;2.1616;-2.1575;0.0000;187;263;0.4652;0.0120;0.0091;0.0899;0.0215;0.0000;0.6063
588.5;2.1575;2.1658;-2.2045;0.0000;187;263;0.4676;0.0076;0.0091;0.0919;0.0215;0.0000;0.6063
589.0;2.1735;2.1699;-2.0000;0.0000;185;259;0.5360;-0.0041;0.0091;0.0831;0.0215;0.0000;0.6063
589.5;2.1918;2.1735;-2.0960;0.0000;179;255;0.4652;-0.0188;0.0091;0.0880;0.0225;0.0000;0.6063
590.0;2.2106;2.1777;-1.8870;0.0000;177;251;0.5336;-0.0334;0.0091;0.0792;0.0225;0.0000;0.6063
590.5;2.2248;2.1818;-2.1220;0.0000;171;251;0.4652;-0.0437;0.0091;0.0890;0.0235;0.0000;0.6063
591.0;2.2431;2.1859;-2.1000;0.0000;167;247;0.4628;-0.0583;0.0076;0.0880;0.0235;0.0000;0.6063
591.5;2.2637;2.1896;-2.1910;0.0000;161;245;0.5458;-0.0744;0.0076;0.0919;0.0244;0.0000;0.6063
592.0;2.2885;2.1937;-2.2335;0.0000;153;239;0.4676;-0.0949;0.0062;0.0929;0.0244;0.0000;0.6063
592.5;2.3077;2.1978;-2.3150;0.0000;150;238;0.6288;-0.1110;0.0062;0.0968;0.0254;0.0000;0.6063
593.0;2.3265;2.2019;-2.3800;0.0000;146;236;0.5507;-0.1257;0.0047;0.0997;0.0254;0.0000;0.6063
593.5;2.3452;2.2056;-2.4990;0.0000;140;234;0.6337;-0.1403;0.0032;0.1046;0.0264;0.0000;0.6063
594.0;2.3594;2.2097;-2.6510;0.0000;138;236;0.5604;-0.1506;0.0018;0.1105;0.0264;0.0000;0.6063
594.5;2.3723;2.2138;-2.6350;0.0000;136;236;0.6410;-0.1594;0.0003;0.1105;0.0274;0.0000;0.6063
595.0;2.3814;2.2179;-2.8475;0.0000;134;239;0.7241;-0.1638;-0.0026;0.1193;0.0274;0.0000;0.6063
595.5;2.3951;2.2216;-2.7575;0.0000;132;238;0.6435;-0.1740;-0.0041;0.1153;0.0283;0.0000;0.6063
596.0;2.4048;2.2257;-2.9575;0.0000;130;241;0.6508;-0.1799;-0.0056;0.1241;0.0293;0.0000;0.6063
596.5;2.4148;2.2299;-2.8930;0.0000;130;239;0.7265;-0.1858;-0.0070;0.1212;0.0293;0.0000;0.6063
597.0;2.4263;2.2340;-2.8170;0.0000;128;239;0.7241;-0.1931;-0.0100;0.1183;0.0303;0.0000;0.6142
597.5;2.4414;2.2376;-2.6215;0.0000;128;236;0.5604;-0.2048;-0.0114;0.1095;0.0303;0.0000;0.6142
598.0;2.4556;2.2418;-2.6230;0.0000;126;234;0.5604;-0.2151;-0.0129;0.1095;0.0313;0.0000;0.6142
598.5;2.4634;2.2459;-2.6845;0.0000;126;236;0.6386;-0.2180;-0.0158;0.1124;0.0323;0.0000;0.6142
599.0;2.4670;2.2495;-2.2500;0.0000;132;234;0.5482;-0.2180;-0.0173;0.0938;0.0323;0.0000;0.6142
599.5;2.4707;2.2537;-2.1745;0.0000;136;236;0.5433;-0.2180;-0.0202;0.0909;0.0332;0.0000;0.6142
600.0;2.4780;2.2578;-1.6400;0.0000;140;230;0.4481;-0.2209;-0.0217;0.0684;0.0332;0.0000;0.6142
600.5;2.4702;2.2619;-1.3755;0.0000;150;234;0.3602;-0.2092;-0.0246;0.0577;0.0332;0.0000;0.6142
601.0;2.4570;2.2656;-0.2665;0.0000;171;230;0.0867;-0.1916;-0.0261;0.0108;0.0332;0.0000;0.6142
601.5;2.4345;2.2697;0.8220;0.0000;195;232;0.2039;-0.1653;-0.0275;-0.0352;0.0332;0.0000;0.6142
602.0;2.4144;2.2738;2.3800;0.0000;222;226;-0.1624;-0.1418;-0.0290;-0.1007;0.0332;0.0000;0.6142
602.5;2.3883;2.2779;3.4120;0.0000;247;228;-0.1233;-0.1110;-0.0305;-0.1437;0.0323;0.0000;0.6142
603.0;2.3613;2.2816;4.1850;0.0000;267;232;-0.0647;-0.0803;-0.0305;-0.1760;0.0313;0.0000;0.6142
603.5;2.3402;2.2857;4.4530;0.0000;279;236;-0.0061;-0.0554;-0.0319;-0.1877;0.0303;0.0000;0.6142
604.0;2.3205;2.2898;3.7655;0.0000;281;249;0.0281;-0.0319;-0.0319;-0.1584;0.0293;0.0000;0.6142
604.5;2.3095;2.2940;3.1230;0.0000;279;257;0.1233;-0.0158;-0.0319;-0.1320;0.0293;0.0000;0.6142
605.0;2.2999;2.2976;2.5710;0.0000;277;265;-0.0134;-0.0026;-0.0319;-0.1085;0.0283;0.0000;0.6142
605.5;2.2866;2.3017;2.4910;0.0000;283;269;-0.0891;0.0149;-0.0319;-0.1056;0.0274;0.0000;0.6142
606.0;2.2770;2.3059;1.9130;0.0000;279;275;0.0110;0.0281;-0.0319;-0.0811;0.0274;0.0000;0.6220
606.5;2.2734;2.3100;1.9890;0.0000;281;273;0.0867;0.0355;-0.0319;-0.0841;0.0274;0.0000;0.6220
607.0;2.2669;2.3136;1.7655;0.0000;279;277;0.0916;0.0457;-0.0305;-0.0743;0.0264;0.0000;0.6220
607.5;2.2647;2.3178;2.0065;0.0000;281;273;0.1648;0.0530;-0.0305;-0.0850;0.0264;0.0000;0.6220
608.0;2.2610;2.3219;2.0735;0.0000;283;273;0.0818;0.0604;-0.0290;-0.0880;0.0254;0.0000;0.6220
608.5;2.2560;2.3255;1.7755;0.0000;283;277;0.0134;0.0691;-0.0290;-0.0753;0.0254;0.0000;0.6220
609.0;2.2587;2.3297;1.8215;0.0000;281;275;0.0916;0.0706;-0.0290;-0.0772;0.0254;0.0000;0.6220
609.5;2.2628;2.3338;1.3375;0.0000;273;277;0.1087;0.0706;-0.0275;-0.0567;0.0244;0.0000;0.6220
610.0;2.2669;2.3379;1.5070;0.0000;273;273;0.1038;0.0706;-0.0275;-0.0635;0.0244;0.0000;0.6220
610.5;2.2747;2.3416;0.9250;0.0000;263;273;0.1233;0.0662;-0.0261;-0.0391;0.0244;0.0000;0.6220
611.0;2.2830;2.3457;1.3215;0.0000;263;267;0.1087;0.0618;-0.0261;-0.0557;0.0235;0.0000;0.6220
611.5;2.2976;2.3498;1.3175;0.0000;255;261;0.0305;0.0516;-0.0246;-0.0557;0.0235;0.0000;0.6220
612.0;2.3150;2.3539;1.1380;0.0000;249;255;0.1160;0.0384;-0.0246;-0.0479;0.0235;0.0000;0.6220
612.5;2.3297;2.3576;1.1000;0.0000;243;249;0.0379;0.0267;-0.0246;-0.0469;0.0235;0.0000;0.6220
613.0;2.3448;2.3617;1.0780;0.0000;239;245;0.1160;0.0164;-0.0246;-0.0459;0.0225;0.0000;0.6220
613.5;2.3562;2.3658;1.3930;0.0000;239;239;0.0281;0.0091;-0.0246;-0.0587;0.0225;0.0000;0.6220
614.0;2.3672;2.3700;1.2775;0.0000;238;238;0.0330;0.0018;-0.0246;-0.0538;0.0225;0.0000;0.6220
614.5;2.3810;2.3736;1.3385;0.0000;234;234;0.1087;-0.0085;-0.0246;-0.0567;0.0225;0.0000;0.6220
615.0;2.3961;2.3777;1.1635;0.0000;230;232;0.1136;-0.0188;-0.0246;-0.0489;0.0215;0.0000;0.6220
615.5;2.4135;2.3819;1.1810;0.0000;226;226;0.1136;-0.0319;-0.0246;-0.0499;0.0215;0.0000;0.6299
616.0;2.4295;2.3855;0.8920;0.0000;220;226;0.0452;-0.0451;-0.0246;-0.0381;0.0215;0.0000;0.6299
616.5;2.4428;2.3897;1.1750;0.0000;220;222;0.0354;-0.0539;-0.0261;-0.0499;0.0215;0.0000;0.6299
617.0;2.4583;2.3938;1.1175;0.0000;218;218;0.1160;-0.0656;-0.0261;-0.0479;0.0205;0.0000;0.6299
617.5;2.4757;2.3979;1.0235;0.0000;212;216;0.1990;-0.0788;-0.0275;-0.0430;0.0205;0.0000;0.6299
618.0;2.4876;2.4016;0.9765;0.0000;208;214;0.1990;-0.0861;-0.0275;-0.0411;0.0205;0.0000;0.6299
618.5;2.4973;2.4057;0.8120;0.0000;208;218;0.1258;-0.0920;-0.0290;-0.0342;0.0205;0.0000;0.6299
619.0;2.5023;2.4098;0.7080;0.0000;208;220;0.2869;-0.0935;-0.0305;-0.0303;0.0205;0.0000;0.6299
619.5;2.5060;2.4139;0.5500;0.0000;208;226;0.2918;-0.0920;-0.0305;-0.0235;0.0205;0.0000;0.6299
620.0;2.5101;2.4176;0.3710;0.0000;208;230;0.2991;-0.0935;-0.0319;-0.0156;0.0196;0.0000;0.6299
620.5;2.5160;2.4217;0.1120;0.0000;206;234;0.3089;-0.0949;-0.0319;-0.0049;0.0196;0.0000;0.6299
621.0;2.5183;2.4258;-0.2805;0.0000;204;239;0.3211;-0.0935;-0.0334;0.0117;0.0205;0.0000;0.6299
621.5;2.5201;2.4299;-0.8020;0.0000;200;247;0.4969;-0.0920;-0.0349;0.0332;0.0205;0.0000;0.6299
622.0;2.5266;2.4336;-0.9465;0.0000;198;249;0.4212;-0.0935;-0.0349;0.0391;0.0205;0.0000;0.6299
622.5;2.5298;2.4377;-1.1795;0.0000;196;253;0.5116;-0.0920;-0.0363;0.0489;0.0205;0.0000;0.6299
623.0;2.5325;2.4418;-1.4100;0.0000;195;259;0.5165;-0.0920;-0.0378;0.0587;0.0205;0.0000;0.6299
623.5;2.5380;2.4460;-1.4400;0.0000;193;261;0.5189;-0.0935;-0.0378;0.0596;0.0215;0.0000;0.6299
624.0;2.5417;2.4496;-1.6340;0.0000;193;265;0.5238;-0.0920;-0.0393;0.0684;0.0215;0.0000;0.6299
624.5;2.5435;2.4538;-1.9535;0.0000;189;269;0.5360;-0.0905;-0.0393;0.0811;0.0225;0.0000;0.6299
625.0;2.5490;2.4579;-2.1040;0.0000;187;271;0.5409;-0.0920;-0.0407;0.0880;0.0225;0.0000;0.6378
625.5;2.5549;2.4615;-2.3905;0.0000;183;275;0.6313;-0.0935;-0.0422;0.0997;0.0235;0.0000;0.6378
626.0;2.5559;2.4657;-2.3895;0.0000;185;277;0.4774;-0.0905;-0.0422;0.0997;0.0235;0.0000;0.6378
626.5;2.5609;2.4698;-2.3480;0.0000;185;275;0.4701;-0.0920;-0.0437;0.0978;0.0244;0.0000;0.6378
627.0;2.5682;2.4739;-2.3285;0.0000;183;275;0.5507;-0.0949;-0.0451;0.0978;0.0244;0.0000;0.6378
627.5;2.5710;2.4776;-2.2885;0.0000;183;277;0.5458;-0.0935;-0.0451;0.0958;0.0254;0.0000;0.6378
628.0;2.5719;2.4817;-2.3910;0.0000;183;279;0.5507;-0.0905;-0.0466;0.0997;0.0254;0.0000;0.6378
628.5;2.5769;2.4858;-2.3535;0.0000;183;279;0.5507;-0.0920;-0.0466;0.0987;0.0264;0.0000;0.6378
629.0;2.5815;2.4899;-2.2755;0.0000;185;277;0.4701;-0.0920;-0.0481;0.0948;0.0264;0.0000;0.6378
629.5;2.5842;2.4936;-2.1305;0.0000;187;277;0.4652;-0.0905;-0.0495;0.0890;0.0264;0.0000;0.6378
630.0;2.5810;2.4977;-1.6650;0.0000;195;275;0.2918;-0.0832;-0.0495;0.0694;0.0274;0.0000;0.6378
630.5;2.5641;2.5018;-0.8800;0.0000;212;277;0.0305;-0.0627;-0.0510;0.0362;0.0274;0.0000;0.6378
631.0;2.5536;2.5060;0.1540;0.0000;232;273;-0.0061;-0.0481;-0.0510;-0.0068;0.0274;0.0000;0.6378
631.5;2.5430;2.5096;1.1380;0.0000;247;267;-0.0403;-0.0334;-0.0510;-0.0479;0.0274;0.0000;0.6378
632.0;2.5247;2.5137;2.4135;0.0000;271;263;-0.1648;-0.0114;-0.0510;-0.1017;0.0264;0.0000;0.6378
632.5;2.5124;2.5179;2.8150;0.0000;281;263;-0.0208;0.0047;-0.0510;-0.1183;0.0264;0.0000;0.6378
633.0;2.4954;2.5220;3.0945;0.0000;292;267;-0.1087;0.0252;-0.0510;-0.1300;0.0254;0.0000;0.6378
633.5;2.4840;2.5256;2.9270;0.0000;298;273;-0.1819;0.0413;-0.0510;-0.1232;0.0244;0.0000;0.6378
634.0;2.4689;2.5298;2.5995;0.0000;302;281;-0.0916;0.0604;-0.0495;-0.1095;0.0244;0.0000;0.6378
634.5;2.4556;2.5339;2.1230;0.0000;304;288;-0.1526;0.0779;-0.0495;-0.0899;0.0235;0.0000;0.6457
635.0;2.4446;2.5375;1.9410;0.0000;306;292;-0.0720;0.0926;-0.0481;-0.0821;0.0235;0.0000;0.6457
635.5;2.4377;2.5417;1.7750;0.0000;308;296;0.0159;0.1028;-0.0466;-0.0753;0.0235;0.0000;0.6457
636.0;2.4318;2.5458;1.4400;0.0000;306;300;0.0281;0.1131;-0.0466;-0.0606;0.0225;0.0000;0.6457
636.5;2.4281;2.5499;1.6060;0.0000;310;300;-0.0598;0.1204;-0.0451;-0.0684;0.0225;0.0000;0.6457
637.0;2.4235;2.5536;1.5310;0.0000;310;302;0.0256;0.1292;-0.0437;-0.0645;0.0225;0.0000;0.6457
637.5;2.4158;2.5577;1.7395;0.0000;316;302;0.0159;0.1409;-0.0422;-0.0733;0.0215;0.0000;0.6457
638.0;2.4116;2.5618;1.7080;0.0000;316;302;-0.0598;0.1497;-0.0407;-0.0723;0.0215;0.0000;0.6457
638.5;2.4125;2.5659;1.7445;0.0000;316;300;-0.0623;0.1527;-0.0393;-0.0733;0.0205;0.0000;0.6457
639.0;2.4130;2.5696;1.5740;0.0000;314;302;0.0232;0.1556;-0.0378;-0.0665;0.0205;0.0000;0.6457
639.5;2.4139;2.5737;1.7985;0.0000;318;298;-0.0647;0.1585;-0.0363;-0.0762;0.0205;0.0000;0.6457
640.0;2.4125;2.5778;1.6590;0.0000;318;302;0.0183;0.1644;-0.0349;-0.0704;0.0196;0.0000;0.6457
640.5;2.4190;2.5820;1.8990;0.0000;318;296;-0.0672;0.1614;-0.0334;-0.0802;0.0196;0.0000;0.6457
641.0;2.4249;2.5856;1.8430;0.0000;316;294;-0.1453;0.1600;-0.0305;-0.0782;0.0196;0.0000;0.6457
641.5;2.4322;2.5897;1.4360;0.0000;308;294;-0.0501;0.1570;-0.0290;-0.0606;0.0186;0.0000;0.6457
642.0;2.4405;2.5939;2.0205;0.0000;312;284;-0.0720;0.1527;-0.0275;-0.0850;0.0186;0.0000;0.6457
642.5;2.4510;2.5975;1.5510;0.0000;302;284;-0.1331;0.1453;-0.0261;-0.0655;0.0176;0.0000;0.6457
643.0;2.4657;2.6016;2.0345;0.0000;304;275;-0.1502;0.1351;-0.0246;-0.0860;0.0176;0.0000;0.6457
643.5;2.4794;2.6058;1.6200;0.0000;296;275;-0.0574;0.1263;-0.0246;-0.0684;0.0176;0.0000;0.6535
644.0;2.4927;2.6099;1.5695;0.0000;292;271;-0.1355;0.1160;-0.0231;-0.0665;0.0166;0.0000;0.6535
644.5;2.5014;2.6136;1.2995;0.0000;290;273;-0.0476;0.1116;-0.0217;-0.0547;0.0166;0.0000;0.6535
645.0;2.5151;2.6177;1.6000;0.0000;288;267;0.0208;0.1014;-0.0202;-0.0674;0.0166;0.0000;0.6535
645.5;2.5325;2.6218;1.8335;0.0000;286;257;-0.0647;0.0882;-0.0202;-0.0772;0.0156;0.0000;0.6535
646.0;2.5540;2.6259;1.3035;0.0000;275;255;-0.0476;0.0706;-0.0188;-0.0557;0.0156;0.0000;0.6535
646.5;2.5687;2.6296;1.5720;0.0000;275;251;0.0232;0.0604;-0.0188;-0.0665;0.0156;0.0000;0.6535
647.0;2.5801;2.6337;1.0930;0.0000;269;255;0.0379;0.0530;-0.0173;-0.0459;0.0147;0.0000;0.6535
647.5;2.5920;2.6378;0.9820;0.0000;265;255;0.1209;0.0442;-0.0173;-0.0420;0.0147;0.0000;0.6535
648.0;2.6090;2.6419;0.3535;0.0000;255;261;0.2210;0.0325;-0.0173;-0.0156;0.0147;0.0000;0.6535
648.5;2.6195;2.6456;-0.0145;0.0000;249;265;0.3114;0.0252;-0.0173;-0.0000;0.0147;0.0000;0.6535
649.0;2.6259;2.6497;-1.2250;0.0000;239;279;0.4335;0.0237;-0.0173;0.0508;0.0147;0.0000;0.6535
649.5;2.6328;2.6538;-1.5760;0.0000;236;284;0.4457;0.0208;-0.0158;0.0655;0.0156;0.0000;0.6535
650.0;2.6360;2.6580;-2.4270;0.0000;228;296;0.5507;0.0208;-0.0158;0.1017;0.0156;0.0000;0.6535
650.5;2.6346;2.6616;-2.3030;0.0000;232;302;0.5507;0.0267;-0.0158;0.0958;0.0166;0.0000;0.6535
651.0;2.6401;2.6658;-2.3355;0.0000;232;306;0.5482;0.0252;-0.0158;0.0978;0.0166;0.0000;0.6535
651.5;2.6447;2.6699;-2.9525;0.0000;226;314;0.6484;0.0237;-0.0158;0.1232;0.0176;0.0000;0.6535
652.0;2.6493;2.6735;-2.6350;0.0000;228;314;0.6386;0.0237;-0.0158;0.1105;0.0176;0.0000;0.6535
652.5;2.6621;2.6777;-2.9485;0.0000;220;314;0.6484;0.0149;-0.0144;0.1232;0.0186;0.0000;0.6535
653.0;2.6740;2.6818;-2.2590;0.0000;224;308;0.6264;0.0076;-0.0144;0.0948;0.0196;0.0000;0.6614
653.5;2.6804;2.6859;-2.8100;0.0000;218;314;0.5678;0.0047;-0.0144;0.1173;0.0196;0.0000;0.6614
654.0;2.6832;2.6896;-2.1475;0.0000;226;310;0.4676;0.0062;-0.0144;0.0899;0.0205;0.0000;0.6614
654.5;2.6946;2.6937;-2.7970;0.0000;216;314;0.5629;-0.0012;-0.0144;0.1173;0.0205;0.0000;0.6614
655.0;2.7074;2.6978;-2.6240;0.0000;214;310;0.6410;-0.0100;-0.0144;0.1095;0.0215;0.0000;0.6614
655.5;2.7179;2.7019;-2.9555;0.0000;208;312;0.5678;-0.0173;-0.0144;0.1232;0.0215;0.0000;0.6614
656.0;2.7198;2.7056;-2.5090;0.0000;214;310;0.3993;-0.0144;-0.0158;0.1046;0.0225;0.0000;0.6614
656.5;2.7248;2.7097;-1.9905;0.0000;222;306;0.3822;-0.0158;-0.0158;0.0831;0.0225;0.0000;0.6614
657.0;2.7248;2.7138;-1.3950;0.0000;232;302;0.2821;-0.0114;-0.0158;0.0577;0.0235;0.0000;0.6614
657.5;2.7299;2.7179;-0.3340;0.0000;243;292;0.1673;-0.0129;-0.0158;0.0137;0.0235;0.0000;0.6614
658.0;2.7303;2.7216;-0.0705;0.0000;249;290;0.0794;-0.0100;-0.0158;0.0029;0.0235;0.0000;0.6614
658.5;2.7321;2.7257;0.9545;0.0000;263;283;0.0427;-0.0070;-0.0158;-0.0411;0.0235;0.0000;0.6614
659.0;2.7299;2.7299;1.3270;0.0000;271;283;0.0305;-0.0012;-0.0158;-0.0567;0.0225;0.0000;0.6614
659.5;2.7276;2.7340;1.7895;0.0000;281;279;-0.1429;0.0062;-0.0158;-0.0753;0.0225;0.0000;0.6614
660.0;2.7257;2.7376;1.5910;0.0000;283;281;-0.1355;0.0120;-0.0158;-0.0674;0.0225;0.0000;0.6614
660.5;2.7248;2.7418;1.6685;0.0000;286;281;-0.2161;0.0164;-0.0158;-0.0704;0.0215;0.0000;0.6614
661.0;2.7294;2.7459;1.8645;0.0000;290;279;-0.2234;0.0149;-0.0158;-0.0792;0.0215;0.0000;0.6614
661.5;2.7271;2.7495;1.6615;0.0000;292;283;-0.0598;0.0223;-0.0144;-0.0704;0.0215;0.0000;0.6614
662.0;2.7280;2.7537;1.6810;0.0000;294;283;-0.0598;0.0252;-0.0144;-0.0714;0.0205;0.0000;0.6614
662.5;2.7321;2.7578;1.0935;0.0000;288;286;-0.0403;0.0252;-0.0144;-0.0459;0.0205;0.0000;0.6693
663.0;2.7271;2.7619;1.0625;0.0000;292;290;-0.0379;0.0340;-0.0144;-0.0450;0.0205;0.0000;0.6693
663.5;2.7262;2.7656;0.5195;0.0000;288;296;-0.0208;0.0384;-0.0144;-0.0225;0.0205;0.0000;0.6693
664.0;2.7253;2.7697;0.6100;0.0000;290;298;0.0549;0.0442;-0.0129;-0.0264;0.0196;0.0000;0.6693
664.5;2.7234;2.7738;-0.2355;0.0000;284;310;0.1648;0.0501;-0.0129;0.0098;0.0196;0.0000;0.6693
665.0;2.7230;2.7779;-0.1640;0.0000;288;312;0.2381;0.0545;-0.0129;0.0068;0.0205;0.0000;0.6693
665.5;2.7234;2.7816;-1.0370;0.0000;281;322;0.2698;0.0574;-0.0114;0.0430;0.0205;0.0000;0.6693
666.0;2.7212;2.7857;-1.2510;0.0000;279;327;0.3553;0.0633;-0.0114;0.0518;0.0205;0.0000;0.6693
666.5;2.7212;2.7898;-0.9135;0.0000;283;326;0.2650;0.0677;-0.0100;0.0381;0.0205;0.0000;0.6693
667.0;2.7184;2.7940;-1.1270;0.0000;281;329;0.2723;0.0750;-0.0100;0.0469;0.0205;0.0000;0.6693
667.5;2.7230;2.7976;-0.9515;0.0000;283;327;0.3455;0.0735;-0.0085;0.0391;0.0215;0.0000;0.6693
668.0;2.7207;2.8017;-1.4955;0.0000;279;335;0.4432;0.0809;-0.0085;0.0626;0.0215;0.0000;0.6693
668.5;2.7289;2.8059;-1.4265;0.0000;277;333;0.4408;0.0765;-0.0070;0.0596;0.0215;0.0000;0.6693
669.0;2.7340;2.8095;-1.6245;0.0000;273;335;0.3700;0.0750;-0.0070;0.0674;0.0225;0.0000;0.6693
669.5;2.7422;2.8136;-1.5865;0.0000;271;333;0.5238;0.0706;-0.0056;0.0665;0.0225;0.0000;0.6693
670.0;2.7495;2.8178;-1.9445;0.0000;263;335;0.4579;0.0677;-0.0056;0.0811;0.0225;0.0000;0.6693
670.5;2.7578;2.8219;-1.8415;0.0000;261;333;0.5336;0.0633;-0.0041;0.0772;0.0235;0.0000;0.6693
671.0;2.7683;2.8255;-2.2825;0.0000;253;337;0.6264;0.0574;-0.0041;0.0958;0.0235;0.0000;0.6693
671.5;2.7779;2.8297;-2.0985;0.0000;251;333;0.4628;0.0516;-0.0026;0.0880;0.0244;0.0000;0.6693
672.0;2.7885;2.8338;-1.8125;0.0000;251;329;0.6093;0.0442;-0.0026;0.0753;0.0244;0.0000;0.6772
672.5;2.7953;2.8379;-1.5695;0.0000;253;327;0.5238;0.0413;-0.0026;0.0655;0.0244;0.0000;0.6772
673.0;2.8027;2.8416;-1.2415;0.0000;255;324;0.4335;0.0384;-0.0026;0.0518;0.0254;0.0000;0.6772
673.5;2.8082;2.8457;-1.3040;0.0000;255;326;0.3553;0.0369;-0.0012;0.0547;0.0254;0.0000;0.6772
674.0;2.8077;2.8498;-0.7430;0.0000;263;322;0.4164;0.0413;-0.0012;0.0303;0.0254;0.0000;0.6772
674.5;2.8132;2.8539;-1.1135;0.0000;259;327;0.5067;0.0398;-0.0012;0.0459;0.0254;0.0000;0.6772
675.0;2.8210;2.8576;-0.6670;0.0000;263;322;0.5702;0.0369;-0.0012;0.0274;0.0264;0.0000;0.6772
675.5;2.8210;2.8617;-1.1965;0.0000;261;331;0.5092;0.0398;0.0003;0.0499;0.0264;0.0000;0.6772
676.0;2.8315;2.8658;-1.2715;0.0000;257;329;0.4335;0.0340;0.0003;0.0528;0.0264;0.0000;0.6772
676.5;2.8407;2.8700;-1.5420;0.0000;251;331;0.4432;0.0281;0.0003;0.0645;0.0264;0.0000;0.6772
677.0;2.8512;2.8736;-1.4300;0.0000;249;329;0.5189;0.0223;0.0003;0.0596;0.0274;0.0000;0.6772
677.5;2.8553;2.8777;-1.4445;0.0000;249;329;0.5214;0.0223;0.0003;0.0606;0.0274;0.0000;0.6772
678.0;2.8663;2.8819;-1.3920;0.0000;247;327;0.5140;0.0149;0.0018;0.0577;0.0274;0.0000;0.6772
678.5;2.8764;2.8855;-1.5115;0.0000;243;327;0.5214;0.0091;0.0018;0.0626;0.0283;0.0000;0.6772
679.0;2.8814;2.8897;-1.7920;0.0000;243;331;0.4505;0.0076;0.0018;0.0743;0.0283;0.0000;0.6772
679.5;2.8828;2.8938;-1.3940;0.0000;249;329;0.5165;0.0105;0.0018;0.0577;0.0283;0.0000;0.6772
680.0;2.8828;2.8979;-1.6710;0.0000;249;335;0.5263;0.0149;0.0018;0.0694;0.0293;0.0000;0.6772
680.5;2.8800;2.9016;-1.0410;0.0000;261;331;0.3480;0.0208;0.0018;0.0430;0.0293;0.0000;0.6772
681.0;2.8755;2.9057;-0.2640;0.0000;273;329;0.3211;0.0296;0.0018;0.0108;0.0293;0.0000;0.6850
681.5;2.8649;2.9098;0.7050;0.0000;290;326;0.2088;0.0442;0.0032;-0.0303;0.0293;0.0000;0.6850
682.0;2.8498;2.9139;1.0710;0.0000;306;331;0.1184;0.0633;0.0032;-0.0459;0.0293;0.0000;0.6850
682.5;2.8370;2.9176;1.7090;0.0000;322;331;0.0965;0.0794;0.0047;-0.0723;0.0283;0.0000;0.6850
683.0;2.8242;2.9217;2.1880;0.0000;333;333;0.0012;0.0970;0.0047;-0.0929;0.0283;0.0000;0.6850
683.5;2.8155;2.9258;2.3145;0.0000;339;333;-0.0818;0.1087;0.0062;-0.0978;0.0274;0.0000;0.6850
684.0;2.8036;2.9299;2.5440;0.0000;349;335;-0.0110;0.1248;0.0076;-0.1075;0.0274;0.0000;0.6850
684.5;2.7967;2.9336;2.4965;0.0000;353;339;-0.0110;0.1365;0.0091;-0.1056;0.0264;0.0000;0.6850
685.0;2.7935;2.9377;2.2580;0.0000;353;341;-0.0037;0.1439;0.0105;-0.0958;0.0264;0.0000;0.6850
685.5;2.7903;2.9418;2.0755;0.0000;355;345;0.0037;0.1512;0.0120;-0.0880;0.0254;0.0000;0.6850
686.0;2.7889;2.9460;1.7165;0.0000;353;351;0.0183;0.1556;0.0135;-0.0723;0.0254;0.0000;0.6850
686.5;2.7885;2.9496;1.5540;0.0000;353;351;0.1013;0.1600;0.0149;-0.0655;0.0254;0.0000;0.6850
687.0;2.7949;2.9538;1.2555;0.0000;345;351;0.0305;0.1585;0.0164;-0.0528;0.0244;0.0000;0.6850
687.5;2.7990;2.9579;1.2085;0.0000;343;347;0.0354;0.1585;0.0179;-0.0508;0.0244;0.0000;0.6850
688.0;2.8127;2.9615;0.8950;0.0000;335;343;0.0452;0.1483;0.0193;-0.0381;0.0244;0.0000;0.6850
688.5;2.8223;2.9657;0.5975;0.0000;329;343;0.1355;0.1424;0.0208;-0.0254;0.0244;0.0000;0.6850
689.0;2.8320;2.9698;0.5325;0.0000;327;341;0.0574;0.1365;0.0223;-0.0225;0.0244;0.0000;0.6850
689.5;2.8443;2.9739;0.3980;0.0000;322;339;-0.0159;0.1292;0.0237;-0.0176;0.0235;0.0000;0.6850
690.0;2.8549;2.9776;0.2435;0.0000;320;337;-0.0085;0.1219;0.0252;-0.0108;0.0235;0.0000;0.6850
690.5;2.8695;2.9817;-0.1845;0.0000;310;337;0.0842;0.1116;0.0267;0.0068;0.0235;0.0000;0.6929
691.0;2.8828;2.9858;-0.2255;0.0000;304;331;0.2405;0.1028;0.0267;0.0088;0.0244;0.0000;0.6929
691.5;2.8924;2.9899;-0.3355;0.0000;300;331;0.0891;0.0970;0.0281;0.0137;0.0244;0.0000;0.6929
692.0;2.9107;2.9936;-0.3170;0.0000;296;326;0.0891;0.0823;0.0281;0.0127;0.0244;0.0000;0.6929
692.5;2.9267;2.9977;-0.3785;0.0000;292;324;0.1697;0.0706;0.0296;0.0156;0.0244;0.0000;0.6929
693.0;2.9451;3.0018;-0.3455;0.0000;286;320;0.2454;0.0560;0.0296;0.0137;0.0244;0.0000;0.6929
693.5;2.9620;3.0060;-0.4465;0.0000;283;318;0.2503;0.0428;0.0311;0.0186;0.0244;0.0000;0.6929
694.0;2.9826;3.0096;-0.2905;0.0000;279;310;0.2430;0.0267;0.0311;0.0117;0.0244;0.0000;0.6929
694.5;3.0023;3.0137;-0.0575;0.0000;275;302;0.2357;0.0105;0.0311;0.0020;0.0244;0.0000;0.6929
695.0;3.0234;3.0179;-0.2560;0.0000;267;300;0.3211;-0.0070;0.0311;0.0098;0.0244;0.0000;0.6929
695.5;3.0412;3.0215;-0.2710;0.0000;263;296;0.2430;-0.0202;0.0311;0.0108;0.0244;0.0000;0.6929
696.0;3.0655;3.0256;-0.6640;0.0000;253;294;0.2576;-0.0407;0.0296;0.0274;0.0244;0.0000;0.6929
696.5;3.0861;3.0298;-0.3200;0.0000;251;288;0.4799;-0.0568;0.0296;0.0127;0.0244;0.0000;0.6929
697.0;3.1035;3.0339;-0.4820;0.0000;245;288;0.4847;-0.0700;0.0296;0.0196;0.0244;0.0000;0.6929
697.5;3.1255;3.0375;-0.3080;0.0000;241;283;0.4799;-0.0876;0.0281;0.0127;0.0244;0.0000;0.6929
698.0;3.1406;3.0417;-0.3655;0.0000;239;283;0.4017;-0.0993;0.0267;0.0147;0.0254;0.0000;0.6929
698.5;3.1575;3.0458;-0.6030;0.0000;236;283;0.3333;-0.1125;0.0267;0.0244;0.0254;0.0000;0.6929
699.0;3.1749;3.0499;-0.4590;0.0000;234;279;0.4847;-0.1257;0.0252;0.0186;0.0254;0.0000;0.6929
699.5;3.1923;3.0536;-0.5645;0.0000;230;279;0.4872;-0.1389;0.0237;0.0235;0.0254;0.0000;0.6929
700.0;3.2088;3.0577;-0.2235;0.0000;230;273;0.3187;-0.1521;0.0223;0.0088;0.0254;0.0000;0.7008
700.5;3.2212;3.0618;-0.3795;0.0000;228;275;0.3260;-0.1609;0.0208;0.0156;0.0254;0.0000;0.7008
701.0;3.2289;3.0659;-0.1010;0.0000;232;275;0.1600;-0.1638;0.0193;0.0039;0.0254;0.0000;0.7008
701.5;3.2308;3.0696;-0.3990;0.0000;234;281;0.2479;-0.1623;0.0164;0.0166;0.0254;0.0000;0.7008
702.0;3.2372;3.0737;-0.4545;0.0000;236;283;0.3284;-0.1638;0.0149;0.0186;0.0254;0.0000;0.7008
702.5;3.2431;3.0778;-0.4040;0.0000;236;283;0.3260;-0.1653;0.0135;0.0166;0.0254;0.0000;0.7008
703.0;3.2463;3.0820;-0.3070;0.0000;239;284;0.3236;-0.1653;0.0120;0.0127;0.0254;0.0000;0.7008
703.5;3.2491;3.0856;-0.1375;0.0000;243;286;0.3944;-0.1638;0.0105;0.0049;0.0254;0.0000;0.7008
704.0;3.2500;3.0897;-0.3845;0.0000;243;290;0.4042;-0.1609;0.0091;0.0156;0.0264;0.0000;0.7008
704.5;3.2486;3.0939;-0.3010;0.0000;247;294;0.4799;-0.1565;0.0076;0.0117;0.0264;0.0000;0.7008
705.0;3.2463;3.0975;-0.4625;0.0000;249;300;0.6410;-0.1491;0.0062;0.0186;0.0264;0.0000;0.7008
705.5;3.2422;3.1016;-0.3465;0.0000;253;304;0.5580;-0.1418;0.0047;0.0137;0.0264;0.0000;0.7008
706.0;3.2408;3.1058;-1.0580;0.0000;249;314;0.5043;-0.1360;0.0032;0.0440;0.0264;0.0000;0.7008
706.5;3.2376;3.1099;-1.1600;0.0000;251;320;0.5897;-0.1286;0.0018;0.0479;0.0264;0.0000;0.7008
707.0;3.2312;3.1136;-2.3435;0.0000;243;335;0.5458;-0.1184;0.0003;0.0978;0.0274;0.0000;0.7008
707.5;3.2262;3.1177;-2.8915;0.0000;241;345;0.6484;-0.1096;-0.0012;0.1212;0.0274;0.0000;0.7008
708.0;3.2212;3.1218;-2.4970;0.0000;247;349;0.6337;-0.1008;-0.0012;0.1046;0.0283;0.0000;0.7008
708.5;3.2129;3.1259;-2.9735;0.0000;247;357;0.4945;-0.0876;-0.0026;0.1241;0.0293;0.0000;0.7008
709.0;3.1932;3.1296;-2.3060;0.0000;265;361;0.3919;-0.0642;-0.0026;0.0968;0.0293;0.0000;0.7008
709.5;3.1859;3.1337;-1.6985;0.0000;273;357;0.4505;-0.0524;-0.0041;0.0704;0.0293;0.0000;0.7087
710.0;3.1703;3.1378;0.1085;0.0000;298;347;0.1502;-0.0334;-0.0041;-0.0049;0.0293;0.0000;0.7087
710.5;3.1502;3.1419;0.8200;0.0000;320;349;-0.1087;-0.0085;-0.0041;-0.0352;0.0293;0.0000;0.7087
711.0;3.1332;3.1456;2.5095;0.0000;345;337;-0.0891;0.0120;-0.0041;-0.1056;0.0293;0.0000;0.7087
711.5;3.1131;3.1497;3.0830;0.0000;361;339;-0.1868;0.0355;-0.0041;-0.1300;0.0283;0.0000;0.7087
712.0;3.0998;3.1538;3.2980;0.0000;369;339;-0.1160;0.0530;-0.0026;-0.1388;0.0274;0.0000;0.7087
712.5;3.0861;3.1580;2.8340;0.0000;370;349;-0.1770;0.0706;-0.0026;-0.1193;0.0274;0.0000;0.7087
713.0;3.0760;3.1616;1.8530;0.0000;365;359;-0.2234;0.0853;-0.0012;-0.0782;0.0264;0.0000;0.7087
713.5;3.0668;3.1658;2.4620;0.0000;376;355;-0.0867;0.0984;0.0003;-0.1036;0.0264;0.0000;0.7087
714.0;3.0536;3.1699;1.4390;0.0000;372;370;-0.0525;0.1160;0.0003;-0.0606;0.0254;0.0000;0.7087
714.5;3.0449;3.1735;1.8880;0.0000;378;367;-0.1453;0.1277;0.0018;-0.0802;0.0254;0.0000;0.7087
715.0;3.0426;3.1777;0.8100;0.0000;369;376;-0.1087;0.1351;0.0032;-0.0342;0.0254;0.0000;0.7087
715.5;3.0458;3.1818;0.6970;0.0000;365;372;-0.0256;0.1351;0.0047;-0.0293;0.0254;0.0000;0.7087
716.0;3.0472;3.1859;0.1960;0.0000;359;376;0.1477;0.1380;0.0062;-0.0088;0.0254;0.0000;0.7087
716.5;3.0522;3.1896;0.6190;0.0000;359;369;0.1331;0.1365;0.0076;-0.0264;0.0254;0.0000;0.7087
717.0;3.0508;3.1937;1.0740;0.0000;365;367;0.0403;0.1424;0.0091;-0.0459;0.0244;0.0000;0.7087
717.5;3.0504;3.1978;1.0685;0.0000;367;367;0.0403;0.1468;0.0105;-0.0450;0.0244;0.0000;0.7087
718.0;3.0513;3.2019;1.1715;0.0000;367;365;0.0354;0.1497;0.0120;-0.0499;0.0244;0.0000;0.7087
718.5;3.0508;3.2056;0.1740;0.0000;357;374;0.0720;0.1541;0.0135;-0.0078;0.0244;0.0000;0.7165
719.0;3.0517;3.2097;0.9645;0.0000;365;367;0.0427;0.1570;0.0149;-0.0411;0.0244;0.0000;0.7165
719.5;3.0554;3.2138;-0.1445;0.0000;353;376;0.0818;0.1585;0.0164;0.0059;0.0244;0.0000;0.7165
720.0;3.0664;3.2179;0.8415;0.0000;357;363;0.1258;0.1512;0.0179;-0.0362;0.0235;0.0000;0.7165
720.5;3.0737;3.2216;0.1575;0.0000;349;369;0.2283;0.1468;0.0193;-0.0068;0.0235;0.0000;0.7165
721.0;3.0852;3.2257;-0.2310;0.0000;341;370;0.2405;0.1395;0.0208;0.0088;0.0235;0.0000;0.7165
721.5;3.1035;3.2299;-0.2360;0.0000;333;363;0.1624;0.1248;0.0223;0.0098;0.0235;0.0000;0.7165
722.0;3.1172;3.2335;-0.2000;0.0000;327;359;0.2405;0.1160;0.0237;0.0078;0.0244;0.0000;0.7165
722.5;3.1328;3.2376;0.6280;0.0000;331;345;0.1331;0.1043;0.0252;-0.0274;0.0235;0.0000;0.7165
723.0;3.1571;3.2418;-0.3735;0.0000;312;345;0.1673;0.0838;0.0252;0.0156;0.0235;0.0000;0.7165
723.5;3.1754;3.2459;0.6600;0.0000;318;329;0.1331;0.0691;0.0267;-0.0283;0.0235;0.0000;0.7165
724.0;3.1882;3.2495;-0.3420;0.0000;306;337;0.2454;0.0604;0.0267;0.0137;0.0235;0.0000;0.7165
724.5;3.2001;3.2537;0.5530;0.0000;314;327;0.0574;0.0530;0.0267;-0.0235;0.0235;0.0000;0.7165
725.0;3.2143;3.2578;-0.6955;0.0000;300;339;0.1795;0.0428;0.0281;0.0283;0.0235;0.0000;0.7165
725.5;3.2271;3.2619;0.5260;0.0000;310;324;0.1355;0.0340;0.0281;-0.0225;0.0235;0.0000;0.7165
726.0;3.2454;3.2656;0.1875;0.0000;302;324;0.1502;0.0193;0.0281;-0.0088;0.0235;0.0000;0.7165
726.5;3.2592;3.2697;-0.4220;0.0000;292;326;0.0134;0.0105;0.0281;0.0176;0.0235;0.0000;0.7165
727.0;3.2688;3.2738;-0.3160;0.0000;294;326;0.1673;0.0047;0.0281;0.0127;0.0235;0.0000;0.7165
727.5;3.2821;3.2779;-0.2050;0.0000;292;322;0.1624;-0.0056;0.0281;0.0078;0.0235;0.0000;0.7165
728.0;3.2972;3.2816;0.8045;0.0000;300;310;0.2063;-0.0158;0.0281;-0.0342;0.0235;0.0000;0.7244
728.5;3.3091;3.2857;-0.5535;0.0000;286;324;0.3309;-0.0246;0.0281;0.0225;0.0235;0.0000;0.7244
729.0;3.3118;3.2898;0.4695;0.0000;298;318;0.3724;-0.0231;0.0281;-0.0205;0.0235;0.0000;0.7244
729.5;3.3091;3.2940;-1.5895;0.0000;284;343;0.3651;-0.0158;0.0281;0.0665;0.0244;0.0000;0.7244
730.0;3.3091;3.2976;-1.1755;0.0000;290;343;0.4310;-0.0114;0.0281;0.0489;0.0244;0.0000;0.7244
730.5;3.3086;3.3017;-1.8810;0.0000;286;357;0.4530;-0.0070;0.0281;0.0782;0.0244;0.0000;0.7244
731.0;3.3072;3.3059;-1.7575;0.0000;290;361;0.5287;-0.0026;0.0281;0.0733;0.0254;0.0000;0.7244
731.5;3.3059;3.3095;-2.5020;0.0000;286;372;0.5556;0.0032;0.0281;0.1046;0.0254;0.0000;0.7244
732.0;3.3123;3.3136;-3.5790;0.0000;275;384;0.5922;0.0003;0.0281;0.1496;0.0264;0.0000;0.7244
732.5;3.3059;3.3178;-3.3310;0.0000;283;386;0.3504;0.0105;0.0281;0.1398;0.0274;0.0000;0.7244
733.0;3.3054;3.3219;-3.2325;0.0000;286;388;0.4237;0.0149;0.0281;0.1349;0.0274;0.0000;0.7244
733.5;3.3077;3.3255;-1.1075;0.0000;306;370;0.5849;0.0179;0.0281;0.0459;0.0283;0.0000;0.7244
734.0;3.3031;3.3297;-1.8810;0.0000;302;382;0.4554;0.0267;0.0281;0.0782;0.0283;0.0000;0.7244
734.5;3.2958;3.3338;-0.4780;0.0000;322;374;0.2503;0.0369;0.0281;0.0196;0.0283;0.0000;0.7244
735.0;3.2940;3.3379;-1.1160;0.0000;320;382;0.2723;0.0428;0.0296;0.0459;0.0283;0.0000;0.7244
735.5;3.2976;3.3416;-1.2595;0.0000;318;382;0.2772;0.0428;0.0296;0.0528;0.0293;0.0000;0.7244
736.0;3.2976;3.3457;0.0335;0.0000;331;372;0.1551;0.0472;0.0296;-0.0020;0.0293;0.0000;0.7244
736.5;3.2940;3.3498;-0.1945;0.0000;333;376;0.2405;0.0545;0.0311;0.0078;0.0293;0.0000;0.7244
737.0;3.2962;3.3539;0.8540;0.0000;343;365;0.2821;0.0560;0.0311;-0.0362;0.0293;0.0000;0.7244
737.5;3.2999;3.3576;-0.1435;0.0000;333;374;0.0037;0.0574;0.0311;0.0059;0.0293;0.0000;0.7323
738.0;3.3008;3.3617;0.9190;0.0000;347;365;0.0452;0.0604;0.0325;-0.0391;0.0283;0.0000;0.7323
738.5;3.3017;3.3658;-0.0485;0.0000;339;376;0.1575;0.0633;0.0325;0.0020;0.0283;0.0000;0.7323
739.0;3.3077;3.3700;1.2005;0.0000;353;361;0.0354;0.0618;0.0340;-0.0508;0.0283;0.0000;0.7323
739.5;3.3109;3.3736;0.9115;0.0000;349;363;0.0452;0.0618;0.0340;-0.0391;0.0283;0.0000;0.7323
740.0;3.3150;3.3777;0.1030;0.0000;339;369;0.1526;0.0618;0.0355;-0.0049;0.0283;0.0000;0.7323
740.5;3.3214;3.3819;-0.2215;0.0000;335;370;0.1624;0.0604;0.0355;0.0088;0.0283;0.0000;0.7323
741.0;3.3356;3.3855;-0.3035;0.0000;331;367;0.0085;0.0501;0.0355;0.0127;0.0283;0.0000;0.7323
741.5;3.3448;3.3897;0.8245;0.0000;339;353;0.2039;0.0442;0.0369;-0.0352;0.0283;0.0000;0.7323
742.0;3.3567;3.3938;0.1440;0.0000;329;357;0.3065;0.0369;0.0369;-0.0068;0.0283;0.0000;0.7323
742.5;3.3654;3.3979;0.5690;0.0000;331;353;0.3700;0.0311;0.0369;-0.0244;0.0283;0.0000;0.7323
743.0;3.3668;3.4016;-1.1865;0.0000;316;372;0.4335;0.0340;0.0369;0.0489;0.0283;0.0000;0.7323
743.5;3.3777;3.4057;-0.7640;0.0000;316;365;0.3382;0.0267;0.0384;0.0313;0.0283;0.0000;0.7323
744.0;3.3860;3.4098;-1.8945;0.0000;304;376;0.3797;0.0237;0.0384;0.0792;0.0283;0.0000;0.7323
744.5;3.3915;3.4139;-0.7610;0.0000;314;365;0.2601;0.0208;0.0384;0.0313;0.0293;0.0000;0.7323
745.0;3.3951;3.4176;-1.0710;0.0000;312;370;0.3480;0.0223;0.0384;0.0440;0.0293;0.0000;0.7323
745.5;3.4002;3.4217;-1.4820;0.0000;308;374;0.3626;0.0208;0.0384;0.0616;0.0293;0.0000;0.7323
746.0;3.4029;3.4258;-1.4310;0.0000;312;378;0.4408;0.0223;0.0384;0.0596;0.0303;0.0000;0.7323
746.5;3.4080;3.4299;-1.5660;0.0000;308;378;0.4457;0.0208;0.0384;0.0655;0.0303;0.0000;0.7323
747.0;3.4158;3.4336;-0.6335;0.0000;316;369;0.3333;0.0179;0.0398;0.0264;0.0303;0.0000;0.7402
747.5;3.4267;3.4377;-1.9530;0.0000;298;380;0.4579;0.0105;0.0398;0.0811;0.0303;0.0000;0.7402
748.0;3.4345;3.4418;-1.0605;0.0000;306;370;0.5067;0.0062;0.0398;0.0440;0.0313;0.0000;0.7402
748.5;3.4455;3.4455;-2.2415;0.0000;290;380;0.5458;0.0003;0.0398;0.0938;0.0313;0.0000;0.7402
749.0;3.4533;3.4496;-1.6175;0.0000;296;374;0.5263;-0.0041;0.0398;0.0674;0.0313;0.0000;0.7402
749.5;3.4570;3.4538;-2.6210;0.0000;286;386;0.4799;-0.0041;0.0398;0.1095;0.0323;0.0000;0.7402
750.0;3.4638;3.4579;-1.6835;0.0000;294;376;0.5263;-0.0070;0.0398;0.0704;0.0323;0.0000;0.7402
750.5;3.4799;3.4615;-1.9445;0.0000;288;376;0.4579;-0.0188;0.0384;0.0811;0.0332;0.0000;0.7402
751.0;3.4899;3.4657;-2.8200;0.0000;277;382;0.4896;-0.0246;0.0384;0.1183;0.0332;0.0000;0.7402
751.5;3.4991;3.4698;-2.4240;0.0000;279;378;0.5531;-0.0305;0.0384;0.1017;0.0342;0.0000;0.7402
752.0;3.5032;3.4739;-2.7415;0.0000;277;382;0.6435;-0.0305;0.0384;0.1144;0.0352;0.0000;0.7402
752.5;3.5165;3.4776;-1.8580;0.0000;281;372;0.6923;-0.0393;0.0384;0.0772;0.0352;0.0000;0.7402
753.0;3.5270;3.4817;-2.3235;0.0000;275;376;0.6264;-0.0466;0.0369;0.0968;0.0352;0.0000;0.7402
753.5;3.5357;3.4858;-1.9315;0.0000;277;372;0.6142;-0.0510;0.0369;0.0802;0.0362;0.0000;0.7402
754.0;3.5440;3.4899;-2.7990;0.0000;269;380;0.6410;-0.0554;0.0369;0.1173;0.0362;0.0000;0.7402
754.5;3.5540;3.4936;-3.0405;0.0000;263;382;0.7314;-0.0612;0.0355;0.1271;0.0371;0.0000;0.7402
755.0;3.5623;3.4977;-2.8100;0.0000;265;380;0.7998;-0.0656;0.0355;0.1173;0.0381;0.0000;0.7402
755.5;3.5673;3.5018;-3.2285;0.0000;259;386;0.8169;-0.0656;0.0340;0.1349;0.0381;0.0000;0.7402
756.0;3.5723;3.5060;-3.1365;0.0000;261;386;0.8901;-0.0671;0.0340;0.1310;0.0391;0.0000;0.7480
756.5;3.5742;3.5096;-3.8380;0.0000;255;398;0.8364;-0.0656;0.0325;0.1603;0.0401;0.0000;0.7480
757.0;3.5801;3.5137;-3.2015;0.0000;261;392;0.8144;-0.0671;0.0325;0.1339;0.0411;0.0000;0.7480
757.5;3.5801;3.5179;-2.7675;0.0000;267;392;0.7216;-0.0627;0.0325;0.1153;0.0411;0.0000;0.7480
758.0;3.5788;3.5215;-0.9170;0.0000;288;376;0.5800;-0.0583;0.0311;0.0381;0.0411;0.0000;0.7480
758.5;3.5714;3.5256;-0.2690;0.0000;302;378;0.4774;-0.0466;0.0311;0.0108;0.0411;0.0000;0.7480
759.0;3.5714;3.5298;0.1815;0.0000;308;374;0.5409;-0.0422;0.0311;-0.0078;0.0411;0.0000;0.7480
759.5;3.5723;3.5339;0.1255;0.0000;310;376;0.4628;-0.0393;0.0296;-0.0059;0.0411;0.0000;0.7480
760.0;3.5728;3.5375;-0.4680;0.0000;308;384;0.4847;-0.0363;0.0296;0.0196;0.0411;0.0000;0.7480
760.5;3.5710;3.5417;0.1885;0.0000;316;380;0.3822;-0.0305;0.0296;-0.0088;0.0411;0.0000;0.7480
761.0;3.5810;3.5458;-0.4455;0.0000;308;380;0.4066;-0.0363;0.0296;0.0186;0.0420;0.0000;0.7480
761.5;3.5925;3.5499;0.1165;0.0000;308;370;0.4628;-0.0437;0.0281;-0.0059;0.0411;0.0000;0.7480
762.0;3.6085;3.5536;-0.4160;0.0000;298;370;0.4042;-0.0554;0.0281;0.0166;0.0420;0.0000;0.7480
762.5;3.6195;3.5577;-0.4080;0.0000;294;367;0.3260;-0.0627;0.0281;0.0166;0.0420;0.0000;0.7480
763.0;3.6218;3.5618;-0.9495;0.0000;292;374;0.4237;-0.0612;0.0267;0.0391;0.0420;0.0000;0.7480
763.5;3.6277;3.5659;-0.8075;0.0000;294;370;0.3382;-0.0627;0.0267;0.0332;0.0420;0.0000;0.7480
764.0;3.6346;3.5696;-0.5975;0.0000;296;369;0.4896;-0.0656;0.0252;0.0244;0.0420;0.0000;0.7480
764.5;3.6374;3.5737;-0.7090;0.0000;296;370;0.4921;-0.0642;0.0252;0.0293;0.0420;0.0000;0.7480
765.0;3.6470;3.5778;-0.7115;0.0000;294;367;0.3358;-0.0700;0.0237;0.0293;0.0420;0.0000;0.7480
765.5;3.6534;3.5820;-1.3465;0.0000;288;372;0.3578;-0.0730;0.0237;0.0557;0.0430;0.0000;0.7559
766.0;3.6484;3.5856;-0.4955;0.0000;300;369;0.6410;-0.0627;0.0223;0.0205;0.0430;0.0000;0.7559
766.5;3.6511;3.5897;-1.0650;0.0000;296;376;0.5849;-0.0627;0.0223;0.0440;0.0430;0.0000;0.7559
767.0;3.6538;3.5939;-0.4010;0.0000;304;370;0.2479;-0.0612;0.0223;0.0166;0.0430;0.0000;0.7559
767.5;3.6488;3.5975;-0.5610;0.0000;308;376;0.4090;-0.0524;0.0208;0.0235;0.0430;0.0000;0.7559
768.0;3.6392;3.6016;-0.5625;0.0000;314;382;0.3309;-0.0378;0.0208;0.0235;0.0430;0.0000;0.7559
768.5;3.6259;3.6058;-0.4095;0.0000;324;388;0.3260;-0.0202;0.0208;0.0166;0.0440;0.0000;0.7559
769.0;3.6122;3.6099;0.9895;0.0000;345;382;0.1990;-0.0026;0.0208;-0.0420;0.0430;0.0000;0.7559
769.5;3.6030;3.6136;1.8250;0.0000;359;378;0.2479;0.0105;0.0208;-0.0772;0.0430;0.0000;0.7559
770.0;3.5911;3.6177;2.0005;0.0000;369;382;0.1648;0.0252;0.0208;-0.0841;0.0420;0.0000;0.7559
770.5;3.5792;3.6218;1.8630;0.0000;374;392;0.2454;0.0413;0.0208;-0.0792;0.0420;0.0000;0.7559
771.0;3.5609;3.6259;1.6885;0.0000;382;402;0.2527;0.0648;0.0223;-0.0714;0.0420;0.0000;0.7559
771.5;3.5531;3.6296;1.6650;0.0000;384;404;0.3309;0.0765;0.0223;-0.0704;0.0411;0.0000;0.7559
772.0;3.5485;3.6337;1.1040;0.0000;380;412;0.2723;0.0853;0.0237;-0.0469;0.0411;0.0000;0.7559
772.5;3.5408;3.6378;1.3360;0.0000;388;412;0.1087;0.0955;0.0252;-0.0567;0.0411;0.0000;0.7559
773.0;3.5343;3.6419;0.9575;0.0000;386;417;0.1990;0.1072;0.0252;-0.0411;0.0411;0.0000;0.7559
773.5;3.5307;3.6456;1.6975;0.0000;398;410;0.1746;0.1146;0.0267;-0.0714;0.0401;0.0000;0.7559
774.0;3.5293;3.6497;1.7840;0.0000;400;410;0.1697;0.1190;0.0281;-0.0753;0.0401;0.0000;0.7559
774.5;3.5252;3.6538;2.5595;0.0000;408;402;0.0672;0.1277;0.0296;-0.1075;0.0391;0.0000;0.7559
775.0;3.5165;3.6580;2.2120;0.0000;410;410;0.0769;0.1409;0.0311;-0.0938;0.0391;0.0000;0.7638
775.5;3.5092;3.6616;2.3595;0.0000;417;412;0.0696;0.1512;0.0325;-0.0997;0.0381;0.0000;0.7638
776.0;3.5078;3.6658;2.2530;0.0000;417;412;0.0769;0.1570;0.0340;-0.0948;0.0381;0.0000;0.7638
776.5;3.5027;3.6699;2.4365;0.0000;423;413;0.0720;0.1658;0.0355;-0.1026;0.0371;0.0000;0.7638
777.0;3.5005;3.6735;2.6950;0.0000;425;412;0.1355;0.1732;0.0369;-0.1134;0.0371;0.0000;0.7638
777.5;3.5005;3.6777;2.1500;0.0000;421;415;0.0061;0.1761;0.0384;-0.0909;0.0362;0.0000;0.7638
778.0;3.4973;3.6818;2.4740;0.0000;425;413;0.0696;0.1834;0.0413;-0.1046;0.0362;0.0000;0.7638
778.5;3.5037;3.6859;1.4340;0.0000;413;421;0.1844;0.1820;0.0428;-0.0606;0.0352;0.0000;0.7638
779.0;3.5082;3.6896;1.5170;0.0000;413;419;0.1795;0.1805;0.0442;-0.0645;0.0352;0.0000;0.7638
779.5;3.5160;3.6937;1.2595;0.0000;408;419;0.2674;0.1761;0.0457;-0.0538;0.0352;0.0000;0.7638
780.0;3.5261;3.6978;1.4820;0.0000;406;415;0.4164;0.1717;0.0486;-0.0626;0.0352;0.0000;0.7638
780.5;3.5357;3.7019;1.0010;0.0000;398;415;0.3529;0.1658;0.0501;-0.0430;0.0342;0.0000;0.7638
781.0;3.5568;3.7056;0.2890;0.0000;380;415;0.3016;0.1483;0.0516;-0.0127;0.0342;0.0000;0.7638
781.5;3.5696;3.7097;0.8915;0.0000;380;404;0.2015;0.1395;0.0530;-0.0381;0.0342;0.0000;0.7638
782.0;3.5829;3.7138;0.4545;0.0000;374;406;0.2186;0.1307;0.0545;-0.0196;0.0342;0.0000;0.7638
782.5;3.6007;3.7179;1.3105;0.0000;376;390;0.2650;0.1160;0.0545;-0.0557;0.0342;0.0000;0.7638
783.0;3.6186;3.7216;0.1815;0.0000;361;396;0.2259;0.1028;0.0560;-0.0078;0.0342;0.0000;0.7638
783.5;3.6360;3.7257;0.9240;0.0000;363;382;0.0452;0.0882;0.0574;-0.0391;0.0332;0.0000;0.7638
784.0;3.6561;3.7299;-0.0195;0.0000;349;386;0.0769;0.0735;0.0574;-0.0000;0.0332;0.0000;0.7638
784.5;3.6781;3.7335;0.8225;0.0000;353;370;0.0476;0.0545;0.0589;-0.0352;0.0332;0.0000;0.7717
785.0;3.6960;3.7376;1.0600;0.0000;351;363;0.0403;0.0413;0.0589;-0.0450;0.0332;0.0000;0.7717
785.5;3.7234;3.7418;1.6205;0.0000;349;349;-0.0574;0.0179;0.0589;-0.0684;0.0332;0.0000;0.7717
786.0;3.7550;3.7459;0.9640;0.0000;331;341;-0.0354;-0.0100;0.0589;-0.0411;0.0332;0.0000;0.7717
786.5;3.7729;3.7495;0.2490;0.0000;324;345;-0.0110;-0.0231;0.0589;-0.0108;0.0323;0.0000;0.7717
787.0;3.7935;3.7537;1.5190;0.0000;331;329;0.0232;-0.0407;0.0574;-0.0645;0.0323;0.0000;0.7717
787.5;3.8114;3.7578;0.7745;0.0000;324;333;0.1282;-0.0539;0.0574;-0.0332;0.0323;0.0000;0.7717
788.0;3.8223;3.7619;1.6150;0.0000;333;327;0.0208;-0.0612;0.0574;-0.0684;0.0323;0.0000;0.7717
788.5;3.8347;3.7656;0.7485;0.0000;324;335;0.1282;-0.0700;0.0560;-0.0323;0.0313;0.0000;0.7717
789.0;3.8457;3.7697;1.3130;0.0000;329;331;0.1087;-0.0774;0.0560;-0.0557;0.0313;0.0000;0.7717
789.5;3.8494;3.7738;0.4885;0.0000;324;341;0.1380;-0.0759;0.0545;-0.0215;0.0313;0.0000;0.7717
790.0;3.8590;3.7779;0.9240;0.0000;329;337;0.0452;-0.0817;0.0545;-0.0391;0.0313;0.0000;0.7717
790.5;3.8727;3.7816;1.0935;0.0000;329;333;0.0379;-0.0920;0.0530;-0.0469;0.0313;0.0000;0.7717
791.0;3.8755;3.7857;1.2300;0.0000;333;335;0.0330;-0.0905;0.0516;-0.0518;0.0303;0.0000;0.7717
791.5;3.8864;3.7898;0.9015;0.0000;329;339;0.1233;-0.0979;0.0516;-0.0381;0.0303;0.0000;0.7717
792.0;3.9048;3.7940;0.0575;0.0000;318;343;0.1526;-0.1110;0.0501;-0.0029;0.0303;0.0000;0.7717
792.5;3.9135;3.7976;1.1055;0.0000;329;333;0.0379;-0.1169;0.0486;-0.0469;0.0303;0.0000;0.7717
793.0;3.9254;3.8017;0.4300;0.0000;320;337;0.0623;-0.1242;0.0472;-0.0186;0.0303;0.0000;0.7717
793.5;3.9364;3.8059;1.2395;0.0000;326;327;0.1893;-0.1316;0.0457;-0.0528;0.0303;0.0000;0.7795
794.0;3.9473;3.8095;0.2715;0.0000;314;335;0.2234;-0.1389;0.0457;-0.0117;0.0303;0.0000;0.7795
794.5;3.9528;3.8136;0.5425;0.0000;318;335;0.2137;-0.1403;0.0442;-0.0235;0.0293;0.0000;0.7795
795.0;3.9657;3.8178;-0.0865;0.0000;310;339;0.2357;-0.1491;0.0428;0.0029;0.0293;0.0000;0.7795
795.5;3.9785;3.8219;0.6795;0.0000;316;331;0.1306;-0.1579;0.0413;-0.0293;0.0293;0.0000;0.7795
796.0;3.9908;3.8255;1.1060;0.0000;318;326;0.1966;-0.1653;0.0384;-0.0469;0.0293;0.0000;0.7795
796.5;4.0005;3.8297;1.0645;0.0000;316;326;0.1966;-0.1711;0.0369;-0.0450;0.0293;0.0000;0.7795
797.0;4.0133;3.8338;0.9750;0.0000;312;324;0.2772;-0.1799;0.0355;-0.0411;0.0293;0.0000;0.7795
797.5;4.0270;3.8379;0.0555;0.0000;298;329;0.3089;-0.1902;0.0340;-0.0029;0.0293;0.0000;0.7795
798.0;4.0339;3.8416;1.1460;0.0000;310;320;0.2723;-0.1931;0.0311;-0.0489;0.0283;0.0000;0.7795
798.5;4.0403;3.8457;0.0025;0.0000;298;333;0.3895;-0.1946;0.0296;-0.0010;0.0283;0.0000;0.7795
799.0;4.0508;3.8498;1.1680;0.0000;310;322;0.3480;-0.2019;0.0281;-0.0499;0.0283;0.0000;0.7795
799.5;4.0577;3.8539;0.5255;0.0000;302;327;0.3724;-0.2048;0.0252;-0.0225;0.0283;0.0000;0.7795
800.0;4.0549;3.8576;0.0250;0.0000;302;337;0.3895;-0.1975;0.0237;-0.0020;0.0283;0.0000;0.7795
800.5;4.0540;3.8617;0.0730;0.0000;304;339;0.3089;-0.1931;0.0223;-0.0039;0.0283;0.0000;0.7795
801.0;4.0559;3.8658;0.0415;0.0000;306;341;0.2332;-0.1902;0.0193;-0.0020;0.0283;0.0000;0.7795
801.5;4.0485;3.8700;0.4750;0.0000;316;343;0.2943;-0.1799;0.0179;-0.0205;0.0283;0.0000;0.7795
802.0;4.0435;3.8736;-1.0920;0.0000;306;365;0.3504;-0.1711;0.0164;0.0450;0.0283;0.0000;0.7795
802.5;4.0472;3.8777;-0.7270;0.0000;310;363;0.2601;-0.1696;0.0149;0.0303;0.0283;0.0000;0.7795
803.0;4.0403;3.8819;-1.9520;0.0000;302;380;0.4579;-0.1594;0.0135;0.0811;0.0293;0.0000;0.7874
803.5;4.0307;3.8855;-1.7275;0.0000;312;384;0.4505;-0.1462;0.0120;0.0723;0.0293;0.0000;0.7874
804.0;4.0151;3.8897;-1.4735;0.0000;322;390;0.2869;-0.1257;0.0105;0.0616;0.0293;0.0000;0.7874
804.5;3.9977;3.8938;-0.6690;0.0000;339;390;0.0208;-0.1052;0.0091;0.0274;0.0293;0.0000;0.7874
805.0;3.9776;3.8979;0.1285;0.0000;359;392;-0.0061;-0.0803;0.0091;-0.0059;0.0293;0.0000;0.7874
805.5;3.9588;3.9016;0.8570;0.0000;378;394;-0.1087;-0.0583;0.0076;-0.0362;0.0293;0.0000;0.7874
806.0;3.9368;3.9057;1.6960;0.0000;398;394;-0.1380;-0.0319;0.0076;-0.0714;0.0293;0.0000;0.7874
806.5;3.9116;3.9098;2.1395;0.0000;413;398;-0.1551;-0.0026;0.0076;-0.0899;0.0283;0.0000;0.7874
807.0;3.8956;3.9139;2.5205;0.0000;423;400;-0.1673;0.0179;0.0076;-0.1065;0.0283;0.0000;0.7874
807.5;3.8768;3.9176;1.9610;0.0000;427;412;-0.2259;0.0398;0.0076;-0.0831;0.0274;0.0000;0.7874
808.0;3.8590;3.9217;2.2755;0.0000;439;415;-0.1600;0.0618;0.0091;-0.0958;0.0274;0.0000;0.7874
808.5;3.8388;3.9258;1.6140;0.0000;441;427;-0.0598;0.0867;0.0091;-0.0684;0.0274;0.0000;0.7874
809.0;3.8324;3.9299;1.3245;0.0000;439;431;-0.0452;0.0970;0.0105;-0.0557;0.0264;0.0000;0.7874
809.5;3.8214;3.9336;1.6315;0.0000;445;429;-0.0574;0.1116;0.0120;-0.0694;0.0264;0.0000;0.7874
810.0;3.8141;3.9377;1.3880;0.0000;445;433;-0.1282;0.1234;0.0135;-0.0587;0.0264;0.0000;0.7874
810.5;3.8072;3.9418;1.6505;0.0000;447;431;0.0183;0.1336;0.0149;-0.0694;0.0254;0.0000;0.7874
811.0;3.7999;3.9455;1.1970;0.0000;447;439;-0.1209;0.1453;0.0164;-0.0508;0.0254;0.0000;0.7874
811.5;3.7903;3.9496;2.1880;0.0000;460;429;-0.3138;0.1585;0.0179;-0.0929;0.0254;0.0000;0.7874
812.0;3.7848;3.9538;2.0855;0.0000;460;429;-0.2308;0.1688;0.0193;-0.0880;0.0244;0.0000;0.7874
812.5;3.7949;3.9579;2.7610;0.0000;460;415;-0.2552;0.1629;0.0208;-0.1163;0.0244;0.0000;0.7953
813.0;3.8059;3.9615;3.1395;0.0000;458;404;-0.3504;0.1556;0.0223;-0.1320;0.0235;0.0000;0.7953
813.5;3.8141;3.9657;3.6350;0.0000;460;396;-0.2845;0.1512;0.0237;-0.1535;0.0225;0.0000;0.7953
814.0;3.8191;3.9698;3.3645;0.0000;457;396;-0.1160;0.1497;0.0252;-0.1417;0.0215;0.0000;0.7953
814.5;3.8306;3.9739;3.0575;0.0000;449;394;-0.1893;0.1424;0.0267;-0.1290;0.0215;0.0000;0.7953
815.0;3.8443;3.9776;3.8580;0.0000;453;378;-0.2894;0.1336;0.0281;-0.1623;0.0205;0.0000;0.7953
815.5;3.8640;3.9817;3.2450;0.0000;439;374;-0.3504;0.1175;0.0296;-0.1369;0.0196;0.0000;0.7953
816.0;3.8819;3.9858;3.8170;0.0000;437;361;-0.2918;0.1028;0.0296;-0.1613;0.0186;0.0000;0.7953
816.5;3.9038;3.9899;3.0820;0.0000;423;361;-0.1868;0.0853;0.0311;-0.1300;0.0186;0.0000;0.7953
817.0;3.9235;3.9936;3.1080;0.0000;415;355;-0.2674;0.0691;0.0325;-0.1310;0.0176;0.0000;0.7953
817.5;3.9382;3.9977;2.7120;0.0000;408;353;-0.0965;0.0589;0.0325;-0.1144;0.0166;0.0000;0.7953
818.0;3.9556;4.0000;3.0070;0.0000;374;316;-0.1087;0.0428;0.0325;-0.1271;0.0166;0.0000;0.6772
818.5;3.9679;4.0000;2.9690;0.0000;339;283;-0.2601;0.0311;0.0325;-0.1251;0.0156;0.0000;0.5433
819.0;3.9821;4.0000;1.8785;0.0000;324;286;-0.2234;0.0164;0.0340;-0.0792;0.0156;0.0000;0.5433
819.5;3.9927;4.0000;1.9755;0.0000;322;283;-0.2259;0.0062;0.0340;-0.0831;0.0147;0.0000;0.5433
820.0;4.0014;4.0000;1.3320;0.0000;314;286;-0.2039;-0.0026;0.0340;-0.0567;0.0147;0.0000;0.5433
820.5;3.9968;4.0000;1.8800;0.0000;324;286;-0.2234;0.0018;0.0340;-0.0792;0.0147;0.0000;0.5433
821.0;3.9931;4.0000;1.0930;0.0000;320;296;-0.1184;0.0062;0.0340;-0.0459;0.0137;0.0000;0.5433
821.5;3.9890;4.0000;1.4405;0.0000;326;296;-0.2088;0.0105;0.0340;-0.0606;0.0137;0.0000;0.5433
822.0;4.0005;4.0000;0.9150;0.0000;316;296;-0.1893;-0.0012;0.0340;-0.0391;0.0137;0.0000;0.5433
822.5;3.9918;4.0000;0.3095;0.0000;316;308;0.0672;0.0076;0.0340;-0.0137;0.0137;0.0000;0.5433
823.0;3.9867;4.0000;-0.1440;0.0000;316;318;-0.0745;0.0120;0.0340;0.0059;0.0137;0.0000;0.5433
823.5;3.9844;4.0000;-0.2700;0.0000;318;320;-0.1477;0.0149;0.0340;0.0108;0.0137;0.0000;0.5433
824.0;3.9867;4.0000;0.3285;0.0000;322;314;-0.0916;0.0120;0.0340;-0.0147;0.0137;0.0000;0.5433
824.5;3.9844;4.0000;-0.1935;0.0000;318;322;0.0061;0.0149;0.0340;0.0078;0.0137;0.0000;0.5433
825.0;3.9844;4.0000;0.2815;0.0000;322;316;-0.1673;0.0149;0.0340;-0.0127;0.0137;0.0000;0.5433
825.5;3.9780;4.0000;-0.2485;0.0000;320;326;-0.0696;0.0208;0.0340;0.0098;0.0137;0.0000;0.5433
826.0;3.9698;4.0000;-0.1715;0.0000;324;327;-0.0745;0.0296;0.0355;0.0068;0.0137;0.0000;0.5433
826.5;3.9670;4.0000;0.0810;0.0000;327;326;-0.0818;0.0325;0.0355;-0.0039;0.0137;0.0000;0.5433
827.0;3.9693;4.0000;0.0560;0.0000;327;326;-0.0818;0.0296;0.0355;-0.0029;0.0137;0.0000;0.5433
827.5;3.9661;4.0000;0.2295;0.0000;329;327;-0.0085;0.0325;0.0355;-0.0098;0.0137;0.0000;0.5433
828.0;3.9657;4.0000;-0.5170;0.0000;322;333;0.0940;0.0340;0.0369;0.0215;0.0137;0.0000;0.5433
828.5;3.9597;4.0000;0.0955;0.0000;329;329;0.0745;0.0398;0.0369;-0.0049;0.0137;0.0000;0.5433
829.0;3.9556;4.0000;-0.5010;0.0000;326;337;0.0940;0.0442;0.0369;0.0205;0.0137;0.0000;0.5433
829.5;3.9492;4.0000;-0.0335;0.0000;329;335;0.1575;0.0501;0.0369;0.0010;0.0137;0.0000;0.5433
830.0;3.9455;4.0000;-0.1015;0.0000;331;337;0.0794;0.0530;0.0384;0.0039;0.0137;0.0000;0.5433
830.5;3.9469;4.0000;0.2385;0.0000;333;333;-0.0085;0.0516;0.0384;-0.0108;0.0137;0.0000;0.5433
831.0;3.9492;4.0000;-0.1430;0.0000;327;337;0.0818;0.0501;0.0398;0.0059;0.0137;0.0000;0.5433
831.5;3.9519;4.0000;-0.6135;0.0000;322;341;0.0989;0.0472;0.0398;0.0254;0.0137;0.0000;0.5433
832.0;3.9519;4.0000;0.1895;0.0000;327;331;0.0696;0.0472;0.0398;-0.0088;0.0137;0.0000;0.5433
832.5;3.9592;4.0000;-0.3135;0.0000;318;333;0.0867;0.0398;0.0398;0.0127;0.0137;0.0000;0.5433
833.0;3.9675;4.0000;0.3275;0.0000;320;324;0.1429;0.0311;0.0413;-0.0147;0.0137;0.0000;0.5433
833.5;3.9739;4.0000;-0.5390;0.0000;308;329;0.1746;0.0252;0.0413;0.0225;0.0137;0.0000;0.5433
834.0;3.9789;4.0000;-0.4175;0.0000;308;327;0.1697;0.0193;0.0413;0.0166;0.0137;0.0000;0.5433
834.5;3.9867;4.0000;-0.9405;0.0000;298;331;0.3455;0.0120;0.0413;0.0391;0.0147;0.0000;0.5433
835.0;3.9950;4.0000;-0.2730;0.0000;300;322;0.3211;0.0047;0.0413;0.0108;0.0147;0.0000;0.5433
835.5;4.0037;4.0000;0.0215;0.0000;300;318;0.2332;-0.0041;0.0413;-0.0010;0.0147;0.0000;0.5433
836.0;4.0027;4.0000;0.1010;0.0000;300;318;0.3871;-0.0041;0.0413;-0.0049;0.0147;0.0000;0.5433
836.5;3.9986;4.0000;-0.1945;0.0000;298;324;0.3968;0.0003;0.0413;0.0078;0.0147;0.0000;0.5433
837.0;4.0046;4.0000;-1.0120;0.0000;288;331;0.3455;-0.0056;0.0413;0.0420;0.0147;0.0000;0.5433
837.5;4.0092;4.0000;-0.4295;0.0000;292;326;0.3260;-0.0100;0.0413;0.0176;0.0147;0.0000;0.5433
838.0;4.0023;4.0000;-1.2980;0.0000;288;339;0.4359;-0.0041;0.0413;0.0538;0.0147;0.0000;0.5433
838.5;3.9986;4.0000;-0.7720;0.0000;296;337;0.3382;0.0003;0.0413;0.0323;0.0147;0.0000;0.5433
839.0;3.9913;4.0000;-1.7755;0.0000;290;351;0.2967;0.0076;0.0413;0.0743;0.0156;0.0000;0.5433
839.5;3.9899;4.0000;-1.8815;0.0000;288;353;0.2991;0.0091;0.0413;0.0782;0.0156;0.0000;0.5433
840.0;3.9789;4.0000;-2.5820;0.0000;286;365;0.4017;0.0208;0.0413;0.1075;0.0166;0.0000;0.5433
840.5;3.9721;4.0000;-1.9115;0.0000;294;361;0.2991;0.0267;0.0413;0.0802;0.0166;0.0000;0.5433
841.0;3.9657;4.0000;-0.9710;0.0000;310;357;0.2674;0.0340;0.0428;0.0401;0.0166;0.0000;0.5433
841.5;3.9524;4.0000;-1.3495;0.0000;314;367;0.1258;0.0472;0.0428;0.0557;0.0176;0.0000;0.5433
842.0;3.9368;4.0000;0.0320;0.0000;333;359;-0.0012;0.0618;0.0428;-0.0020;0.0176;0.0000;0.5433
842.5;3.9235;4.0000;0.0410;0.0000;339;361;-0.1600;0.0750;0.0442;-0.0020;0.0176;0.0000;0.5433
843.0;3.9139;4.0000;1.5405;0.0000;359;349;-0.2112;0.0853;0.0457;-0.0655;0.0166;0.0000;0.5433
843.5;3.9011;4.0000;1.4190;0.0000;365;353;-0.2869;0.0984;0.0457;-0.0596;0.0166;0.0000;0.5433
844.0;3.8901;4.0000;2.2290;0.0000;376;347;-0.2357;0.1087;0.0472;-0.0938;0.0166;0.0000;0.5433
844.5;3.8828;4.0000;1.2665;0.0000;370;359;-0.2796;0.1160;0.0486;-0.0538;0.0156;0.0000;0.5433
845.0;3.8755;4.0000;1.0150;0.0000;370;361;-0.2723;0.1234;0.0501;-0.0430;0.0156;0.0000;0.5433
845.5;3.8668;4.0000;0.5975;0.0000;369;367;-0.1795;0.1321;0.0516;-0.0254;0.0156;0.0000;0.5433
846.0;3.8521;4.0000;0.5460;0.0000;372;370;-0.0989;0.1468;0.0530;-0.0235;0.0156;0.0000;0.5433
846.5;3.8462;4.0000;1.2350;0.0000;380;365;-0.0427;0.1527;0.0545;-0.0528;0.0156;0.0000;0.5433
847.0;3.8420;4.0000;0.3625;0.0000;372;374;-0.0134;0.1570;0.0560;-0.0156;0.0147;0.0000;0.5433
847.5;3.8315;4.0000;0.9030;0.0000;380;370;-0.1111;0.1673;0.0574;-0.0381;0.0147;0.0000;0.5433
848.0;3.8274;4.0000;-0.0040;0.0000;374;380;-0.0012;0.1717;0.0589;-0.0000;0.0147;0.0000;0.5433
848.5;3.8288;4.0000;0.8310;0.0000;378;370;-0.0305;0.1702;0.0604;-0.0352;0.0147;0.0000;0.5433
849.0;3.8214;4.0000;0.9425;0.0000;382;370;-0.1136;0.1776;0.0618;-0.0401;0.0147;0.0000;0.5433
849.5;3.8164;4.0000;1.4910;0.0000;388;365;-0.0525;0.1834;0.0648;-0.0635;0.0147;0.0000;0.5433
850.0;3.8132;4.0000;1.2110;0.0000;386;367;-0.1233;0.1863;0.0662;-0.0518;0.0137;0.0000;0.5433
850.5;3.8168;4.0000;1.0960;0.0000;382;367;-0.0403;0.1820;0.0677;-0.0469;0.0137;0.0000;0.5433
851.0;3.8260;4.0000;1.9580;0.0000;384;353;0.0085;0.1732;0.0691;-0.0831;0.0137;0.0000;0.5433
851.5;3.8361;4.0000;1.6845;0.0000;378;351;-0.1355;0.1629;0.0706;-0.0714;0.0127;0.0000;0.5433
852.0;3.8434;4.0000;2.1530;0.0000;378;339;-0.1575;0.1556;0.0735;-0.0909;0.0127;0.0000;0.5433
852.5;3.7495;4.0000;1.4950;0.0000;427;384;-0.1306;0.2493;0.0750;-0.0635;0.0117;0.0000;0.5433
853.0;3.7619;4.0000;2.3390;0.0000;425;367;-0.1600;0.2376;0.0779;-0.0987;0.0117;0.0000;0.5433
853.5;3.7715;4.0000;1.4550;0.0000;412;370;-0.1306;0.2274;0.0794;-0.0616;0.0117;0.0000;0.5433
854.0;3.7811;4.0000;2.3905;0.0000;413;357;-0.0842;0.2186;0.0823;-0.1007;0.0108;0.0000;0.5433
854.5;3.7995;4.0000;2.3275;0.0000;402;347;-0.0818;0.1995;0.0838;-0.0987;0.0108;0.0000;0.5433
855.0;3.8182;4.0000;2.7855;0.0000;396;333;-0.0989;0.1805;0.0867;-0.1173;0.0098;0.0000;0.5433
855.5;3.8306;4.0000;1.7410;0.0000;380;339;0.0134;0.1688;0.0882;-0.0733;0.0098;0.0000;0.5433
856.0;3.8361;4.0000;0.0765;0.0000;361;357;0.2308;0.1629;0.0897;-0.0039;0.0098;0.0000;0.5433
856.5;3.8342;4.0000;0.2270;0.0000;363;357;0.1477;0.1644;0.0911;-0.0098;0.0098;0.0000;0.5433
857.0;3.8420;4.0000;-0.6410;0.0000;351;365;0.1770;0.1570;0.0926;0.0264;0.0098;0.0000;0.5433
857.5;3.8480;4.0000;-0.2000;0.0000;353;361;0.1624;0.1512;0.0941;0.0078;0.0098;0.0000;0.5433
858.0;3.8480;4.0000;-1.3405;0.0000;341;372;0.1233;0.1512;0.0955;0.0557;0.0098;0.0000;0.5433
858.5;3.8475;4.0000;-0.9880;0.0000;347;372;0.1111;0.1512;0.0970;0.0411;0.0098;0.0000;0.5433
859.0;3.8452;4.0000;-1.6895;0.0000;341;382;0.0574;0.1541;0.0984;0.0704;0.0108;0.0000;0.5433
859.5;3.8452;4.0000;-0.7560;0.0000;351;374;0.1038;0.1541;0.0999;0.0313;0.0108;0.0000;0.5433
860.0;3.8489;4.0000;-0.8400;0.0000;349;374;0.1844;0.1497;0.1014;0.0352;0.0108;0.0000;0.5433
860.5;3.8553;4.0000;-0.3250;0.0000;353;367;0.0110;0.1439;0.1028;0.0127;0.0108;0.0000;0.5433
861.0;3.8663;4.0000;-0.7965;0.0000;341;367;0.0256;0.1321;0.1043;0.0332;0.0108;0.0000;0.5433
861.5;3.8709;4.0000;-0.9705;0.0000;339;369;0.0330;0.1277;0.1058;0.0401;0.0108;0.0000;0.5433
862.0;3.8842;4.0000;0.0755;0.0000;345;353;-0.0818;0.1146;0.1072;-0.0039;0.0108;0.0000;0.5433
862.5;3.9029;4.0000;-0.5770;0.0000;333;353;-0.1380;0.0955;0.1072;0.0235;0.0117;0.0000;0.5433
863.0;3.9103;4.0000;-0.0030;0.0000;339;343;-0.0794;0.0897;0.1087;-0.0000;0.0117;0.0000;0.5433
863.5;3.9180;4.0000;-1.1035;0.0000;326;351;-0.0403;0.0809;0.1102;0.0459;0.0117;0.0000;0.5433
864.0;3.9258;4.0000;-1.0520;0.0000;326;349;-0.1209;0.0735;0.1102;0.0440;0.0117;0.0000;0.5433
864.5;3.9309;4.0000;-1.4200;0.0000;322;351;-0.0281;0.0677;0.1116;0.0587;0.0117;0.0000;0.5433
865.0;3.9414;4.0000;-0.8685;0.0000;324;341;0.0281;0.0574;0.1116;0.0362;0.0127;0.0000;0.5433
865.5;3.9473;4.0000;-0.4785;0.0000;326;339;0.0940;0.0516;0.1116;0.0196;0.0127;0.0000;0.5433
866.0;3.9519;4.0000;-1.3505;0.0000;318;349;0.1258;0.0472;0.1131;0.0567;0.0127;0.0000;0.5433
866.5;3.9510;4.0000;-0.6185;0.0000;327;343;0.0989;0.0486;0.1131;0.0254;0.0127;0.0000;0.5433
867.0;3.9492;4.0000;-1.1685;0.0000;324;353;0.1966;0.0501;0.1131;0.0489;0.0127;0.0000;0.5433
867.5;3.9505;4.0000;-0.0555;0.0000;333;341;0.0794;0.0486;0.1146;0.0020;0.0127;0.0000;0.5433
868.0;3.9492;4.0000;-0.9125;0.0000;327;353;0.1087;0.0501;0.1146;0.0381;0.0137;0.0000;0.5433
868.5;3.9519;4.0000;-0.0130;0.0000;333;343;0.0769;0.0472;0.1146;-0.0000;0.0137;0.0000;0.5433
869.0;3.9629;4.0000;-0.7950;0.0000;322;351;0.2332;0.0355;0.1160;0.0332;0.0137;0.0000;0.5433
869.5;3.9606;4.0000;-0.6825;0.0000;326;353;0.1795;0.0384;0.1160;0.0283;0.0137;0.0000;0.5433
870.0;3.9657;4.0000;-1.1070;0.0000;320;357;0.1941;0.0340;0.1160;0.0459;0.0137;0.0000;0.5433
870.5;3.9744;4.0000;-0.6395;0.0000;320;349;0.1770;0.0252;0.1160;0.0264;0.0137;0.0000;0.5433
871.0;3.9826;4.0000;0.2790;0.0000;326;335;0.2234;0.0164;0.1160;-0.0127;0.0137;0.0000;0.5433
871.5;3.9899;4.0000;-0.1055;0.0000;320;337;0.0818;0.0091;0.1160;0.0039;0.0137;0.0000;0.5433
872.0;3.9904;4.0000;1.0295;0.0000;333;327;-0.0379;0.0091;0.1175;-0.0440;0.0137;0.0000;0.5433
872.5;3.9867;4.0000;0.1640;0.0000;327;339;0.0720;0.0120;0.1175;-0.0078;0.0137;0.0000;0.5433
873.0;3.9876;4.0000;1.0760;0.0000;337;331;0.0403;0.0120;0.1175;-0.0459;0.0137;0.0000;0.5433
873.5;3.9881;4.0000;0.9325;0.0000;337;335;0.1233;0.0105;0.1175;-0.0401;0.0127;0.0000;0.5433
874.0;3.9794;4.0000;1.0195;0.0000;341;339;0.1966;0.0193;0.1175;-0.0430;0.0127;0.0000;0.5433
874.5;3.9794;4.0000;0.2635;0.0000;333;349;0.1453;0.0193;0.1175;-0.0117;0.0127;0.0000;0.5433
875.0;3.9730;4.0000;-0.7820;0.0000;327;363;0.2601;0.0267;0.1175;0.0323;0.0127;0.0000;0.5433
875.5;3.9716;4.0000;-0.0510;0.0000;333;357;0.1575;0.0281;0.1175;0.0020;0.0127;0.0000;0.5433
876.0;3.9670;4.0000;-0.7965;0.0000;329;367;0.1038;0.0325;0.1190;0.0332;0.0137;0.0000;0.5433
876.5;3.9570;4.0000;0.3230;0.0000;345;361;0.1429;0.0413;0.1190;-0.0137;0.0127;0.0000;0.5433
877.0;3.9565;4.0000;-1.0415;0.0000;333;374;0.1917;0.0428;0.1190;0.0430;0.0137;0.0000;0.5433
877.5;3.9464;4.0000;0.0150;0.0000;347;369;0.0769;0.0530;0.1204;-0.0010;0.0137;0.0000;0.5433
878.0;3.9414;4.0000;-0.9645;0.0000;339;378;0.1111;0.0574;0.1204;0.0401;0.0137;0.0000;0.5433
878.5;3.9386;4.0000;0.4110;0.0000;355;365;0.0623;0.0604;0.1204;-0.0176;0.0137;0.0000;0.5433
879.0;3.9345;4.0000;1.2390;0.0000;363;357;-0.0452;0.0648;0.1219;-0.0528;0.0137;0.0000;0.5433
879.5;3.9263;4.0000;1.5680;0.0000;370;359;-0.0549;0.0721;0.1219;-0.0665;0.0127;0.0000;0.5433
880.0;3.9281;4.0000;1.3775;0.0000;369;357;-0.1306;0.0706;0.1234;-0.0587;0.0127;0.0000;0.5433
880.5;3.9286;4.0000;0.3405;0.0000;359;365;-0.1697;0.0706;0.1234;-0.0147;0.0127;0.0000;0.5433
881.0;3.9313;4.0000;1.8150;0.0000;372;345;-0.2991;0.0677;0.1248;-0.0762;0.0117;0.0000;0.5433
881.5;3.9341;4.0000;0.5040;0.0000;359;357;-0.1746;0.0648;0.1248;-0.0215;0.0117;0.0000;0.5433
882.0;3.9414;4.0000;1.8640;0.0000;369;337;-0.1453;0.0574;0.1263;-0.0792;0.0117;0.0000;0.5433
882.5;3.9437;4.0000;0.4900;0.0000;355;351;-0.0965;0.0560;0.1263;-0.0215;0.0117;0.0000;0.5433
883.0;3.9528;4.0000;0.3325;0.0000;351;347;-0.2479;0.0457;0.1263;-0.0147;0.0117;0.0000;0.5433
883.5;3.9538;4.0000;-0.5100;0.0000;341;355;-0.1404;0.0457;0.1277;0.0205;0.0117;0.0000;0.5433
884.0;3.9538;4.0000;0.7080;0.0000;355;343;-0.0256;0.0457;0.1277;-0.0303;0.0117;0.0000;0.5433
884.5;3.9565;4.0000;1.3815;0.0000;359;335;0.0256;0.0428;0.1277;-0.0587;0.0108;0.0000;0.5433
885.0;3.9602;4.0000;1.4515;0.0000;359;333;-0.0501;0.0384;0.1292;-0.0616;0.0108;0.0000;0.5433
885.5;3.9583;4.0000;0.8075;0.0000;353;341;-0.0305;0.0413;0.1292;-0.0342;0.0108;0.0000;0.5433
886.0;3.9556;4.0000;-0.4500;0.0000;343;355;0.0940;0.0442;0.1292;0.0186;0.0108;0.0000;0.5433
886.5;3.9542;4.0000;0.2730;0.0000;351;349;0.1453;0.0442;0.1292;-0.0117;0.0108;0.0000;0.5433
887.0;3.9528;4.0000;-0.4340;0.0000;343;359;0.1697;0.0457;0.1307;0.0176;0.0108;0.0000;0.5433
887.5;3.9547;3.9959;0.4400;0.0000;316;314;0.1404;0.0398;0.1307;-0.0186;0.0108;0.0000;0.4016
888.0;3.9533;3.9918;-0.3890;0.0000;306;320;0.0134;0.0384;0.1307;0.0156;0.0108;0.0000;0.4016
888.5;3.9560;3.9876;-0.1380;0.0000;302;314;0.0818;0.0311;0.1321;0.0049;0.0108;0.0000;0.4016
889.0;3.9588;3.9840;-0.5010;0.0000;294;314;0.1722;0.0237;0.1321;0.0205;0.0108;0.0000;0.4016
889.5;3.9592;3.9799;0.3465;0.0000;300;302;0.0647;0.0193;0.1321;-0.0147;0.0108;0.0000;0.4016
890.0;3.9515;3.9757;1.3445;0.0000;312;296;0.0305;0.0237;0.1321;-0.0567;0.0108;0.0000;0.4016
890.5;3.9501;3.9716;0.2605;0.0000;302;306;0.0672;0.0208;0.1321;-0.0117;0.0108;0.0000;0.4016
891.0;3.9473;3.9679;1.0025;0.0000;308;298;0.0427;0.0193;0.1321;-0.0430;0.0108;0.0000;0.4016
891.5;3.9487;3.9638;0.1630;0.0000;298;306;0.0720;0.0149;0.1321;-0.0078;0.0108;0.0000;0.4016
892.0;3.9483;3.9597;1.1460;0.0000;306;294;0.1160;0.0105;0.1336;-0.0489;0.0098;0.0000;0.4016
892.5;3.9533;3.9556;0.2675;0.0000;290;298;0.1453;0.0018;0.1336;-0.0117;0.0098;0.0000;0.3937
893.0;3.9542;3.9519;1.2815;0.0000;298;286;0.1111;-0.0026;0.1336;-0.0547;0.0098;0.0000;0.3937
893.5;3.9592;3.9478;0.6690;0.0000;288;288;0.1306;-0.0114;0.1321;-0.0283;0.0098;0.0000;0.3937
894.0;3.9638;3.9437;0.3605;0.0000;283;290;0.0647;-0.0202;0.1321;-0.0156;0.0098;0.0000;0.3937
894.5;3.9570;3.9396;0.4135;0.0000;284;292;0.0623;-0.0188;0.1321;-0.0176;0.0098;0.0000;0.3937
895.0;3.9542;3.9359;0.5780;0.0000;288;290;-0.0208;-0.0188;0.1321;-0.0244;0.0098;0.0000;0.3937
895.5;3.9409;3.9318;1.5425;0.0000;302;286;-0.0549;-0.0100;0.1321;-0.0655;0.0088;0.0000;0.3937
896.0;3.9313;3.9277;0.4925;0.0000;294;298;-0.0183;-0.0041;0.1321;-0.0215;0.0088;0.0000;0.3937
896.5;3.9212;3.9240;1.1865;0.0000;304;294;0.0354;0.0018;0.1321;-0.0499;0.0088;0.0000;0.3937
897.0;3.9171;3.9199;0.4095;0.0000;296;300;0.1404;0.0018;0.1321;-0.0176;0.0088;0.0000;0.3937
897.5;3.8997;3.9158;0.8435;0.0000;308;302;0.0476;0.0149;0.1321;-0.0362;0.0088;0.0000;0.3937
898.0;3.8961;3.9116;0.6385;0.0000;304;306;0.0549;0.0149;0.1321;-0.0274;0.0078;0.0000;0.3937
898.5;3.8933;3.9080;0.8405;0.0000;306;302;0.0476;0.0135;0.1321;-0.0362;0.0078;0.0000;0.3937
899.0;3.8919;3.9038;0.6975;0.0000;302;300;-0.0256;0.0105;0.1321;-0.0293;0.0078;0.0000;0.3937
899.5;3.8929;3.8997;0.0575;0.0000;294;302;-0.0037;0.0062;0.1321;-0.0029;0.0078;0.0000;0.3937
900.0;3.8974;3.8956;0.2985;0.0000;292;294;-0.0891;-0.0026;0.1321;-0.0127;0.0078;0.0000;0.3937
900.5;3.8988;3.8919;0.0900;0.0000;288;292;-0.1600;-0.0070;0.1321;-0.0039;0.0078;0.0000;0.3937
901.0;3.9011;3.8878;0.8605;0.0000;292;283;-0.1868;-0.0144;0.1321;-0.0362;0.0078;0.0000;0.3937
901.5;3.9084;3.8837;0.2265;0.0000;283;283;-0.1648;-0.0246;0.1321;-0.0098;0.0078;0.0000;0.3937
902.0;3.9103;3.8796;1.0760;0.0000;290;273;-0.1184;-0.0305;0.1321;-0.0459;0.0078;0.0000;0.3858
902.5;3.9158;3.8759;0.2450;0.0000;279;275;-0.2454;-0.0407;0.1321;-0.0108;0.0068;0.0000;0.3858
903.0;3.9162;3.8718;0.6300;0.0000;283;269;-0.2576;-0.0451;0.1307;-0.0274;0.0068;0.0000;0.3858
903.5;3.9180;3.8677;1.1015;0.0000;284;263;-0.1966;-0.0510;0.1307;-0.0469;0.0068;0.0000;0.3858
904.0;3.9043;3.8636;1.0510;0.0000;288;269;0.0403;-0.0407;0.1307;-0.0450;0.0068;0.0000;0.3858
904.5;3.8993;3.8599;1.2040;0.0000;290;269;-0.1209;-0.0407;0.1292;-0.0508;0.0068;0.0000;0.3858
905.0;3.8887;3.8558;0.3860;0.0000;286;281;-0.0159;-0.0334;0.1292;-0.0166;0.0068;0.0000;0.3858
905.5;3.8823;3.8516;1.2690;0.0000;296;273;0.0330;-0.0305;0.1292;-0.0538;0.0059;0.0000;0.3858
906.0;3.8755;3.8480;0.7475;0.0000;292;281;0.0501;-0.0275;0.1292;-0.0323;0.0059;0.0000;0.3858
906.5;3.8750;3.8439;1.5695;0.0000;298;269;-0.0549;-0.0319;0.1292;-0.0665;0.0059;0.0000;0.3858
907.0;3.8723;3.8397;1.1385;0.0000;292;273;0.0354;-0.0334;0.1277;-0.0479;0.0059;0.0000;0.3858
907.5;3.8695;3.8356;1.8680;0.0000;298;265;0.0134;-0.0349;0.1277;-0.0792;0.0049;0.0000;0.3858
908.0;3.8690;3.8320;1.0280;0.0000;288;273;0.0403;-0.0378;0.1277;-0.0440;0.0049;0.0000;0.3858
908.5;3.8690;3.8278;0.7470;0.0000;283;275;0.0525;-0.0422;0.1277;-0.0323;0.0049;0.0000;0.3858
909.0;3.8718;3.8237;1.3930;0.0000;286;265;0.0281;-0.0481;0.1263;-0.0587;0.0039;0.0000;0.3858
909.5;3.8736;3.8196;1.2740;0.0000;283;263;0.1111;-0.0554;0.1263;-0.0538;0.0039;0.0000;0.3858
910.0;3.8713;3.8159;1.4995;0.0000;284;261;0.0256;-0.0568;0.1263;-0.0635;0.0039;0.0000;0.3858
910.5;3.8690;3.8118;0.6865;0.0000;275;269;0.0525;-0.0583;0.1248;-0.0293;0.0039;0.0000;0.3858
911.0;3.8672;3.8077;1.2570;0.0000;279;261;0.1111;-0.0598;0.1248;-0.0538;0.0029;0.0000;0.3858
911.5;3.8668;3.8036;0.5455;0.0000;271;267;0.0574;-0.0642;0.1234;-0.0235;0.0029;0.0000;0.3780
912.0;3.8727;3.7999;1.0110;0.0000;271;259;0.1990;-0.0744;0.1234;-0.0430;0.0029;0.0000;0.3780
912.5;3.8787;3.7958;0.2580;0.0000;259;263;0.2234;-0.0832;0.1219;-0.0117;0.0029;0.0000;0.3780
913.0;3.8791;3.7917;-0.0060;0.0000;253;265;0.2332;-0.0876;0.1219;-0.0000;0.0029;0.0000;0.3780
913.5;3.8709;3.7875;0.0110;0.0000;255;267;0.2332;-0.0832;0.1204;-0.0010;0.0029;0.0000;0.3780
914.0;3.8672;3.7839;-0.1310;0.0000;255;271;0.1600;-0.0847;0.1204;0.0049;0.0029;0.0000;0.3780
914.5;3.8668;3.7798;0.5790;0.0000;259;261;0.0574;-0.0876;0.1190;-0.0244;0.0029;0.0000;0.3780
915.0;3.8608;3.7756;0.3060;0.0000;257;265;0.1453;-0.0861;0.1175;-0.0137;0.0029;0.0000;0.3780
915.5;3.8585;3.7720;0.7560;0.0000;263;259;0.0501;-0.0876;0.1175;-0.0323;0.0029;0.0000;0.3780
916.0;3.8475;3.7679;-0.0650;0.0000;257;271;0.0794;-0.0803;0.1160;0.0020;0.0029;0.0000;0.3780
916.5;3.8407;3.7637;0.6450;0.0000;267;265;0.0549;-0.0774;0.1160;-0.0274;0.0029;0.0000;0.3780
917.0;3.8288;3.7596;0.2470;0.0000;267;273;0.0696;-0.0700;0.1146;-0.0108;0.0029;0.0000;0.3780
917.5;3.8320;3.7560;0.8550;0.0000;269;263;0.0476;-0.0774;0.1146;-0.0362;0.0020;0.0000;0.3780
918.0;3.8292;3.7518;0.6080;0.0000;265;263;0.0574;-0.0788;0.1131;-0.0264;0.0020;0.0000;0.3780
918.5;3.8292;3.7477;0.2805;0.0000;259;265;-0.0110;-0.0817;0.1131;-0.0127;0.0020;0.0000;0.3780
919.0;3.8251;3.7436;0.2920;0.0000;261;263;-0.0110;-0.0817;0.1116;-0.0127;0.0020;0.0000;0.3780
919.5;3.8187;3.7399;0.2115;0.0000;261;265;-0.0867;-0.0803;0.1116;-0.0098;0.0020;0.0000;0.3780
920.0;3.7234;3.7358;0.8340;0.0000;320;292;-0.1087;0.0120;0.1116;-0.0352;0.0020;0.0000;0.3780
920.5;3.7335;3.7317;0.6305;0.0000;306;284;-0.1013;-0.0026;0.1116;-0.0274;0.0020;0.0000;0.3701
921.0;3.7289;3.7276;0.8860;0.0000;306;281;-0.1893;-0.0012;0.1116;-0.0381;0.0020;0.0000;0.3701
921.5;3.7331;3.7239;0.4255;0.0000;296;277;-0.1722;-0.0100;0.1116;-0.0186;0.0010;0.0000;0.3701
922.0;3.7349;3.7198;0.6620;0.0000;294;271;-0.2601;-0.0158;0.1102;-0.0283;0.0010;0.0000;0.3701
922.5;3.7344;3.7157;0.1855;0.0000;286;271;-0.1648;-0.0202;0.1102;-0.0078;0.0010;0.0000;0.3701
923.0;3.7363;3.7120;0.6685;0.0000;286;265;-0.1038;-0.0246;0.1102;-0.0283;0.0010;0.0000;0.3701
923.5;3.7367;3.7079;0.7655;0.0000;284;259;-0.1844;-0.0305;0.1102;-0.0323;0.0010;0.0000;0.3701
924.0;3.7422;3.7038;0.5450;0.0000;279;257;-0.0989;-0.0393;0.1102;-0.0235;0.0010;0.0000;0.3701
924.5;3.7395;3.6996;0.6040;0.0000;277;255;0.0549;-0.0407;0.1087;-0.0254;0.0010;0.0000;0.3701
925.0;3.7363;3.6960;0.3940;0.0000;273;257;-0.0159;-0.0407;0.1087;-0.0166;0.0010;0.0000;0.3701
925.5;3.7202;3.6918;1.0100;0.0000;283;257;-0.0379;-0.0290;0.1087;-0.0430;-0.0000;0.0000;0.3701
926.0;3.7097;3.6877;0.6545;0.0000;283;265;0.0549;-0.0231;0.1087;-0.0283;-0.0000;0.0000;0.3701
926.5;3.7083;3.6836;1.0710;0.0000;284;259;-0.0379;-0.0261;0.1087;-0.0459;-0.0000;0.0000;0.3701
927.0;3.7088;3.6799;0.5805;0.0000;277;263;0.0574;-0.0290;0.1072;-0.0244;-0.0000;0.0000;0.3701
927.5;3.7065;3.6758;0.5545;0.0000;275;263;-0.0208;-0.0319;0.1072;-0.0235;-0.0000;0.0000;0.3701
928.0;3.7079;3.6717;0.8715;0.0000;273;255;0.1258;-0.0363;0.1072;-0.0371;-0.0000;0.0000;0.3701
928.5;3.7065;3.6676;0.8130;0.0000;271;255;0.0476;-0.0393;0.1072;-0.0342;-0.0010;0.0000;0.3701
929.0;3.7125;3.6639;0.8725;0.0000;265;249;0.0476;-0.0495;0.1058;-0.0371;-0.0010;0.0000;0.3701
929.5;3.7152;3.6598;-0.0025;0.0000;253;255;0.0769;-0.0554;0.1058;-0.0000;-0.0010;0.0000;0.3701
930.0;3.7125;3.6557;0.1145;0.0000;255;255;0.0720;-0.0583;0.1058;-0.0049;-0.0010;0.0000;0.3622
930.5;3.7038;3.6516;-0.6660;0.0000;249;265;0.1013;-0.0524;0.1043;0.0274;-0.0010;0.0000;0.3622
931.0;3.6983;3.6479;-0.0915;0.0000;255;261;0.0012;-0.0510;0.1043;0.0029;-0.0010;0.0000;0.3622
931.5;3.6978;3.6438;-0.1515;0.0000;253;261;0.0818;-0.0554;0.1043;0.0059;-0.0010;0.0000;0.3622
932.0;3.6960;3.6397;0.4720;0.0000;257;253;0.0598;-0.0568;0.1028;-0.0205;-0.0010;0.0000;0.3622
932.5;3.6909;3.6360;-0.0715;0.0000;251;259;0.1575;-0.0554;0.1028;0.0029;-0.0010;0.0000;0.3622
933.0;3.6896;3.6319;-0.1305;0.0000;249;259;0.1600;-0.0583;0.1014;0.0049;-0.0010;0.0000;0.3622
933.5;3.6850;3.6277;0.2745;0.0000;253;255;0.0672;-0.0583;0.1014;-0.0117;-0.0010;0.0000;0.3622
934.0;3.6850;3.6236;0.0645;0.0000;249;257;0.0745;-0.0612;0.1014;-0.0029;-0.0010;0.0000;0.3622
934.5;3.6818;3.6200;0.2850;0.0000;253;255;-0.0110;-0.0627;0.0999;-0.0127;-0.0010;0.0000;0.3622
935.0;3.6644;3.6158;-0.0850;0.0000;255;265;-0.0769;-0.0495;0.0999;0.0029;-0.0010;0.0000;0.3622
935.5;3.6497;3.6117;0.2505;0.0000;263;265;0.0696;-0.0393;0.0999;-0.0108;-0.0010;0.0000;0.3622
936.0;3.6374;3.6076;0.1205;0.0000;265;269;0.0720;-0.0305;0.0984;-0.0059;-0.0010;0.0000;0.3622
936.5;3.6296;3.6039;0.8920;0.0000;273;263;0.0476;-0.0261;0.0984;-0.0381;-0.0010;0.0000;0.3622
937.0;3.6319;3.5998;0.9505;0.0000;271;255;-0.1136;-0.0334;0.0984;-0.0401;-0.0010;0.0000;0.3622
937.5;3.6259;3.5957;1.4525;0.0000;275;251;-0.1306;-0.0305;0.0984;-0.0616;-0.0020;0.0000;0.3622
938.0;3.6209;3.5916;0.9190;0.0000;271;255;-0.1111;-0.0290;0.0984;-0.0391;-0.0020;0.0000;0.3622
938.5;3.6117;3.5879;1.4635;0.0000;279;251;-0.0525;-0.0246;0.0970;-0.0616;-0.0020;0.0000;0.3622
939.0;3.6103;3.5838;1.8780;0.0000;279;243;-0.1453;-0.0275;0.0970;-0.0792;-0.0020;0.0000;0.3622
939.5;3.6149;3.5797;2.2180;0.0000;277;236;-0.3138;-0.0363;0.0970;-0.0938;-0.0029;0.0000;0.3543
940.0;3.6113;3.5755;2.1095;0.0000;279;236;-0.3089;-0.0363;0.0970;-0.0890;-0.0029;0.0000;0.3543
940.5;3.6122;3.5719;1.8290;0.0000;273;234;-0.2991;-0.0407;0.0955;-0.0772;-0.0039;0.0000;0.3543
941.0;3.6145;3.5678;2.2685;0.0000;275;226;-0.3162;-0.0481;0.0955;-0.0958;-0.0039;0.0000;0.3543
941.5;3.6223;3.5636;1.9950;0.0000;269;222;-0.4628;-0.0598;0.0955;-0.0841;-0.0049;0.0000;0.3543
942.0;3.6255;3.5600;2.2530;0.0000;269;214;-0.3919;-0.0671;0.0941;-0.0948;-0.0049;0.0000;0.3543
942.5;3.6287;3.5559;1.9270;0.0000;265;214;-0.3822;-0.0730;0.0941;-0.0811;-0.0059;0.0000;0.3543
943.0;3.6273;3.5517;2.2035;0.0000;267;210;-0.3919;-0.0759;0.0926;-0.0929;-0.0059;0.0000;0.3543
943.5;3.6218;3.5476;1.7735;0.0000;265;214;-0.2967;-0.0744;0.0926;-0.0753;-0.0059;0.0000;0.3543
944.0;3.6062;3.5440;2.0515;0.0000;273;218;-0.3089;-0.0627;0.0911;-0.0870;-0.0068;0.0000;0.3543
944.5;3.5971;3.5398;1.7090;0.0000;273;224;-0.2210;-0.0583;0.0911;-0.0723;-0.0068;0.0000;0.3543
945.0;3.5888;3.5357;1.9690;0.0000;277;224;-0.2234;-0.0539;0.0911;-0.0831;-0.0078;0.0000;0.3543
945.5;3.5893;3.5316;1.6655;0.0000;271;224;-0.0598;-0.0583;0.0897;-0.0704;-0.0078;0.0000;0.3543
946.0;3.5852;3.5279;1.5165;0.0000;269;226;-0.1306;-0.0583;0.0897;-0.0645;-0.0078;0.0000;0.3543
946.5;3.5783;3.5238;1.1995;0.0000;267;228;-0.1209;-0.0554;0.0882;-0.0508;-0.0088;0.0000;0.3543
947.0;3.5755;3.5197;0.6600;0.0000;259;234;0.0549;-0.0568;0.0882;-0.0283;-0.0088;0.0000;0.3543
947.5;3.5801;3.5156;-0.2700;0.0000;245;238;0.1648;-0.0656;0.0882;0.0108;-0.0088;0.0000;0.3543
948.0;3.5852;3.5119;-1.2265;0.0000;232;243;0.1209;-0.0744;0.0867;0.0508;-0.0078;0.0000;0.3543
948.5;3.5856;3.5078;-0.9110;0.0000;232;239;0.1868;-0.0788;0.0867;0.0381;-0.0078;0.0000;0.3543
949.0;3.5783;3.5037;-1.3450;0.0000;228;247;0.2039;-0.0759;0.0853;0.0557;-0.0078;0.0000;0.3465
949.5;3.5742;3.5000;-0.9280;0.0000;232;243;0.1868;-0.0744;0.0853;0.0381;-0.0078;0.0000;0.3465
950.0;3.5769;3.4959;-1.3535;0.0000;224;245;0.2015;-0.0817;0.0838;0.0567;-0.0068;0.0000;0.3465
950.5;3.5746;3.4918;-1.3425;0.0000;222;245;0.2796;-0.0832;0.0823;0.0557;-0.0068;0.0000;0.3465
951.0;3.5682;3.4876;-1.2965;0.0000;222;247;0.2015;-0.0817;0.0823;0.0538;-0.0068;0.0000;0.3465
951.5;3.5696;3.4840;-1.1135;0.0000;222;243;0.1941;-0.0861;0.0809;0.0459;-0.0068;0.0000;0.3465
952.0;3.5678;3.4799;-0.7935;0.0000;222;239;0.2601;-0.0891;0.0809;0.0332;-0.0059;0.0000;0.3465
952.5;3.5678;3.4757;-1.3545;0.0000;214;245;0.3602;-0.0935;0.0794;0.0567;-0.0059;0.0000;0.3465
953.0;3.5664;3.4716;-0.9785;0.0000;216;241;0.2674;-0.0949;0.0779;0.0411;-0.0059;0.0000;0.3465
953.5;3.5655;3.4679;-1.7330;0.0000;206;247;0.4530;-0.0979;0.0779;0.0723;-0.0059;0.0000;0.3465
954.0;3.5646;3.4638;-1.1230;0.0000;210;241;0.3504;-0.1023;0.0765;0.0469;-0.0049;0.0000;0.3465
954.5;3.5586;3.4597;-1.8140;0.0000;204;249;0.2967;-0.0993;0.0750;0.0753;-0.0049;0.0000;0.3465
955.0;3.5440;3.4556;-1.0360;0.0000;216;247;0.2698;-0.0891;0.0750;0.0430;-0.0049;0.0000;0.3465
955.5;3.5353;3.4519;-1.1600;0.0000;218;251;0.1160;-0.0847;0.0735;0.0479;-0.0049;0.0000;0.3465
956.0;3.5279;3.4478;-1.6300;0.0000;212;255;0.1331;-0.0803;0.0735;0.0684;-0.0039;0.0000;0.3465
956.5;3.5201;3.4437;-0.9025;0.0000;222;251;0.2650;-0.0774;0.0721;0.0371;-0.0039;0.0000;0.3465
957.0;3.5128;3.4396;-0.8445;0.0000;222;251;0.1844;-0.0730;0.0721;0.0352;-0.0039;0.0000;0.3465
957.5;3.5009;3.4359;0.3510;0.0000;236;243;0.0647;-0.0656;0.0706;-0.0156;-0.0039;0.0000;0.3465
958.0;3.4886;3.4318;0.5405;0.0000;241;243;-0.0208;-0.0583;0.0706;-0.0235;-0.0039;0.0000;0.3386
958.5;3.4858;3.4277;1.3480;0.0000;247;234;-0.0501;-0.0583;0.0691;-0.0567;-0.0039;0.0000;0.3386
959.0;3.4840;3.4240;1.2705;0.0000;245;232;0.0330;-0.0612;0.0691;-0.0538;-0.0049;0.0000;0.3386
959.5;3.4766;3.4199;1.7075;0.0000;249;228;-0.0623;-0.0583;0.0691;-0.0723;-0.0049;0.0000;0.3386
960.0;3.4734;3.4158;2.0435;0.0000;253;222;-0.0696;-0.0583;0.0677;-0.0860;-0.0049;0.0000;0.3386
960.5;3.4675;3.4116;2.0710;0.0000;253;220;-0.1526;-0.0568;0.0677;-0.0870;-0.0059;0.0000;0.3386
961.0;3.4629;3.4080;2.1630;0.0000;253;218;-0.1551;-0.0554;0.0662;-0.0909;-0.0059;0.0000;0.3386
961.5;3.4620;3.4038;1.8675;0.0000;249;218;-0.2234;-0.0583;0.0662;-0.0792;-0.0068;0.0000;0.3386
962.0;3.4679;3.3997;2.2935;0.0000;251;206;-0.3162;-0.0686;0.0662;-0.0968;-0.0068;0.0000;0.3386
962.5;3.4707;3.3956;1.8980;0.0000;243;206;-0.3016;-0.0759;0.0648;-0.0802;-0.0078;0.0000;0.3386
963.0;3.4657;3.3919;2.4705;0.0000;251;200;-0.3236;-0.0744;0.0648;-0.1046;-0.0078;0.0000;0.3386
963.5;3.4647;3.3878;2.2420;0.0000;249;198;-0.3138;-0.0774;0.0633;-0.0948;-0.0088;0.0000;0.3386
964.0;3.4666;3.3837;2.5190;0.0000;249;193;-0.3236;-0.0832;0.0633;-0.1065;-0.0088;0.0000;0.3386
964.5;3.4657;3.3796;2.0820;0.0000;245;195;-0.3089;-0.0861;0.0618;-0.0880;-0.0098;0.0000;0.3386
965.0;3.4647;3.3759;1.9455;0.0000;243;193;-0.3822;-0.0891;0.0604;-0.0821;-0.0098;0.0000;0.3386
965.5;3.4592;3.3718;2.3685;0.0000;249;191;-0.3968;-0.0876;0.0604;-0.0997;-0.0098;0.0000;0.3386
966.0;3.4505;3.3677;1.9975;0.0000;247;195;-0.2283;-0.0832;0.0589;-0.0841;-0.0108;0.0000;0.3386
966.5;3.4304;3.3636;2.1255;0.0000;257;202;-0.2308;-0.0671;0.0589;-0.0899;-0.0108;0.0000;0.3386
967.0;3.4185;3.3599;1.5310;0.0000;253;210;-0.1331;-0.0598;0.0574;-0.0645;-0.0117;0.0000;0.3386
967.5;3.4066;3.3558;1.5495;0.0000;255;212;-0.0574;-0.0510;0.0574;-0.0655;-0.0117;0.0000;0.3307
968.0;3.4029;3.3516;0.8590;0.0000;249;218;-0.1868;-0.0510;0.0574;-0.0362;-0.0117;0.0000;0.3307
968.5;3.3956;3.3480;1.1065;0.0000;251;216;-0.1966;-0.0481;0.0560;-0.0469;-0.0117;0.0000;0.3307
969.0;3.3897;3.3439;0.9260;0.0000;249;218;-0.1136;-0.0466;0.0560;-0.0391;-0.0127;0.0000;0.3307
969.5;3.3814;3.3397;1.1320;0.0000;251;218;0.0379;-0.0422;0.0560;-0.0479;-0.0127;0.0000;0.3307
970.0;3.3814;3.3356;0.5370;0.0000;243;220;-0.0208;-0.0466;0.0545;-0.0235;-0.0127;0.0000;0.3307
970.5;3.3837;3.3320;0.2505;0.0000;236;220;0.0672;-0.0524;0.0545;-0.0108;-0.0127;0.0000;0.3307
971.0;3.3864;3.3278;0.3050;0.0000;232;216;0.0672;-0.0598;0.0545;-0.0137;-0.0127;0.0000;0.3307
971.5;3.3901;3.3237;-0.1130;0.0000;222;216;0.0818;-0.0671;0.0530;0.0039;-0.0127;0.0000;0.3307
972.0;3.3924;3.3196;-0.3275;0.0000;214;216;0.1673;-0.0730;0.0530;0.0137;-0.0127;0.0000;0.3307
972.5;3.3892;3.3159;-0.8825;0.0000;208;222;0.2650;-0.0744;0.0516;0.0362;-0.0127;0.0000;0.3307
973.0;3.3901;3.3118;-0.5325;0.0000;208;218;0.3309;-0.0788;0.0516;0.0215;-0.0127;0.0000;0.3307
973.5;3.3864;3.3077;-1.0860;0.0000;202;224;0.2723;-0.0788;0.0501;0.0450;-0.0117;0.0000;0.3307
974.0;3.3837;3.3036;-0.6825;0.0000;206;222;0.2576;-0.0803;0.0501;0.0283;-0.0117;0.0000;0.3307
974.5;3.3860;3.2999;-0.9310;0.0000;200;222;0.1868;-0.0861;0.0486;0.0381;-0.0117;0.0000;0.3307
975.0;3.3842;3.2958;-1.2195;0.0000;196;224;0.1990;-0.0891;0.0472;0.0508;-0.0117;0.0000;0.3307
975.5;3.3805;3.2917;-1.3435;0.0000;195;226;0.2796;-0.0891;0.0472;0.0557;-0.0117;0.0000;0.3307
976.0;3.3750;3.2880;-1.3275;0.0000;195;226;0.2015;-0.0876;0.0457;0.0557;-0.0108;0.0000;0.3307
976.5;3.3782;3.2839;-0.5635;0.0000;198;214;0.0965;-0.0949;0.0457;0.0235;-0.0108;0.0000;0.3307
977.0;3.3773;3.2798;-0.5635;0.0000;196;212;0.0965;-0.0979;0.0442;0.0235;-0.0108;0.0000;0.3228
977.5;3.3796;3.2756;0.3070;0.0000;202;202;0.0672;-0.1037;0.0428;-0.0137;-0.0108;0.0000;0.3228
978.0;3.3800;3.2720;0.4280;0.0000;202;200;0.0623;-0.1096;0.0413;-0.0186;-0.0108;0.0000;0.3228
978.5;3.3759;3.2679;1.4975;0.0000;214;189;-0.1331;-0.1096;0.0413;-0.0635;-0.0117;0.0000;0.3228
979.0;3.3713;3.2637;1.3155;0.0000;212;191;-0.2039;-0.1081;0.0398;-0.0557;-0.0117;0.0000;0.3228
979.5;3.3663;3.2596;1.9105;0.0000;220;185;-0.0672;-0.1081;0.0384;-0.0811;-0.0117;0.0000;0.3228
980.0;3.3631;3.2560;1.4755;0.0000;216;189;-0.0525;-0.1081;0.0369;-0.0626;-0.0127;0.0000;0.3228
980.5;3.3590;3.2518;0.5220;0.0000;206;196;0.0598;-0.1081;0.0369;-0.0225;-0.0127;0.0000;0.3228
981.0;3.3521;3.2477;0.3730;0.0000;206;200;0.0647;-0.1052;0.0355;-0.0166;-0.0127;0.0000;0.3228
981.5;3.3516;3.2436;-0.4195;0.0000;196;206;0.0916;-0.1081;0.0340;0.0176;-0.0127;0.0000;0.3228
982.0;3.3539;3.2399;0.0580;0.0000;198;198;0.1526;-0.1154;0.0340;-0.0029;-0.0127;0.0000;0.3228
982.5;3.3562;3.2358;-0.7570;0.0000;187;202;0.1795;-0.1213;0.0325;0.0313;-0.0127;0.0000;0.3228
983.0;3.3549;3.2317;-0.3460;0.0000;191;198;0.0110;-0.1242;0.0311;0.0137;-0.0117;0.0000;0.3228
983.5;3.3549;3.2276;-0.9275;0.0000;183;202;0.1087;-0.1272;0.0296;0.0381;-0.0117;0.0000;0.3228
984.0;3.3471;3.2239;-0.4590;0.0000;189;198;0.0159;-0.1242;0.0281;0.0186;-0.0117;0.0000;0.3228
984.5;3.3402;3.2198;-0.7085;0.0000;189;202;-0.1331;-0.1213;0.0267;0.0293;-0.0117;0.0000;0.3228
985.0;3.3329;3.2157;0.0535;0.0000;198;196;-0.0818;-0.1184;0.0267;-0.0029;-0.0117;0.0000;0.3228
985.5;3.3342;3.2120;0.3860;0.0000;198;191;-0.0940;-0.1228;0.0252;-0.0166;-0.0117;0.0000;0.3228
986.0;3.3361;3.2079;-0.0235;0.0000;193;191;-0.2357;-0.1286;0.0237;0.0010;-0.0117;0.0000;0.3228
986.5;3.3361;3.2038;0.4930;0.0000;196;183;-0.1746;-0.1330;0.0223;-0.0215;-0.0117;0.0000;0.3150
987.0;3.3315;3.1996;0.0735;0.0000;195;185;-0.1600;-0.1330;0.0208;-0.0039;-0.0117;0.0000;0.3150
987.5;3.3191;3.1960;0.4950;0.0000;202;185;-0.0965;-0.1242;0.0193;-0.0215;-0.0117;0.0000;0.3150
988.0;3.3077;3.1918;0.3235;0.0000;202;191;-0.0916;-0.1169;0.0179;-0.0137;-0.0117;0.0000;0.3150
988.5;3.2944;3.1877;0.6655;0.0000;210;191;-0.0256;-0.1067;0.0179;-0.0283;-0.0127;0.0000;0.3150
989.0;3.2821;3.1836;0.2705;0.0000;210;196;-0.0110;-0.0993;0.0164;-0.0117;-0.0127;0.0000;0.3150
989.5;3.2665;3.1799;0.0320;0.0000;212;202;-0.0818;-0.0876;0.0149;-0.0020;-0.0127;0.0000;0.3150
990.0;3.2518;3.1758;0.5370;0.0000;220;202;-0.0208;-0.0774;0.0149;-0.0235;-0.0127;0.0000;0.3150
990.5;3.2367;3.1717;0.2095;0.0000;220;208;-0.0085;-0.0656;0.0135;-0.0098;-0.0127;0.0000;0.3150
991.0;3.2239;3.1676;0.5495;0.0000;226;208;0.0574;-0.0568;0.0135;-0.0235;-0.0127;0.0000;0.3150
991.5;3.2056;3.1639;0.0165;0.0000;224;218;0.0769;-0.0422;0.0135;-0.0010;-0.0127;0.0000;0.3150
992.0;3.1941;3.1598;0.4025;0.0000;228;214;0.0623;-0.0349;0.0135;-0.0176;-0.0127;0.0000;0.3150
992.5;3.1850;3.1557;-0.1420;0.0000;224;222;0.0818;-0.0305;0.0120;0.0059;-0.0127;0.0000;0.3150
993.0;3.1731;3.1516;0.2540;0.0000;228;220;0.0672;-0.0217;0.0120;-0.0108;-0.0127;0.0000;0.3150
993.5;3.1667;3.1479;0.4500;0.0000;228;216;0.1404;-0.0188;0.0120;-0.0196;-0.0127;0.0000;0.3150
994.0;3.1644;3.1438;0.5240;0.0000;226;212;0.1380;-0.0217;0.0120;-0.0225;-0.0127;0.0000;0.3150
994.5;3.1616;3.1397;0.4315;0.0000;222;212;0.1404;-0.0231;0.0120;-0.0186;-0.0127;0.0000;0.3150
995.0;3.1538;3.1360;-0.2015;0.0000;214;218;0.2405;-0.0188;0.0120;0.0078;-0.0127;0.0000;0.3150
995.5;3.1465;3.1319;0.1850;0.0000;218;214;0.1477;-0.0158;0.0120;-0.0078;-0.0127;0.0000;0.3071
996.0;3.1401;3.1277;-0.0720;0.0000;214;218;0.0794;-0.0129;0.0105;0.0029;-0.0127;0.0000;0.3071
996.5;3.1424;3.1236;0.3520;0.0000;214;208;-0.0134;-0.0188;0.0105;-0.0156;-0.0127;0.0000;0.3071
997.0;3.1506;3.1200;0.2925;0.0000;206;202;0.0672;-0.0319;0.0105;-0.0127;-0.0127;0.0000;0.3071
997.5;3.1451;3.1158;0.5145;0.0000;208;200;0.2161;-0.0305;0.0105;-0.0225;-0.0137;0.0000;0.3071
998.0;3.1438;3.1117;0.6560;0.0000;206;198;0.0549;-0.0334;0.0105;-0.0283;-0.0137;0.0000;0.3071
998.5;3.1465;3.1076;0.8065;0.0000;204;193;0.0476;-0.0393;0.0091;-0.0342;-0.0137;0.0000;0.3071
999.0;3.1506;3.1039;1.1305;0.0000;204;187;0.0379;-0.0481;0.0091;-0.0479;-0.0137;0.0000;0.3071
999.5;3.1488;3.0998;1.1110;0.0000;204;185;0.0379;-0.0495;0.0091;-0.0469;-0.0137;0.0000;0.3071
1000.0;3.1484;3.0957;1.4135;0.0000;206;181;-0.0501;-0.0539;0.0076;-0.0596;-0.0147;0.0000;0.3071
1000.5;3.1392;3.0916;1.1140;0.0000;204;187;0.0379;-0.0481;0.0076;-0.0469;-0.0147;0.0000;0.3071
1001.0;3.1364;3.0879;1.1475;0.0000;204;185;-0.0427;-0.0495;0.0076;-0.0489;-0.0147;0.0000;0.3071
1001.5;3.1346;3.0838;0.8835;0.0000;202;187;-0.0305;-0.0510;0.0062;-0.0371;-0.0147;0.0000;0.3071
1002.0;3.1337;3.0797;1.2355;0.0000;204;181;-0.0452;-0.0554;0.0062;-0.0528;-0.0156;0.0000;0.3071
1002.5;3.1296;3.0760;1.1565;0.0000;204;181;-0.1209;-0.0539;0.0062;-0.0489;-0.0156;0.0000;0.3071
1003.0;3.1296;3.0719;0.8095;0.0000;198;183;-0.0305;-0.0583;0.0047;-0.0342;-0.0156;0.0000;0.3071
1003.5;3.1223;3.0678;0.7445;0.0000;200;185;0.0501;-0.0554;0.0047;-0.0323;-0.0156;0.0000;0.3071
1004.0;3.1181;3.0636;0.3045;0.0000;196;189;0.0672;-0.0554;0.0047;-0.0137;-0.0156;0.0000;0.3071
1004.5;3.1145;3.0600;0.0835;0.0000;193;191;0.0745;-0.0554;0.0032;-0.0039;-0.0156;0.0000;0.3071
1005.0;3.1126;3.0559;-0.6155;0.0000;185;196;0.0989;-0.0583;0.0032;0.0254;-0.0156;0.0000;0.2992
1005.5;3.1085;3.0517;-0.3685;0.0000;187;195;0.0891;-0.0583;0.0018;0.0147;-0.0156;0.0000;0.2992
1006.0;3.1094;3.0476;-0.6520;0.0000;183;195;0.0989;-0.0627;0.0018;0.0274;-0.0156;0.0000;0.2992
1006.5;3.1062;3.0440;-0.4875;0.0000;185;193;0.0940;-0.0627;0.0018;0.0196;-0.0156;0.0000;0.2992
1007.0;3.0998;3.0398;-0.6295;0.0000;183;195;0.1770;-0.0612;0.0003;0.0264;-0.0156;0.0000;0.2992
1007.5;3.0980;3.0357;-0.3405;0.0000;185;191;0.0891;-0.0627;0.0003;0.0137;-0.0156;0.0000;0.2992
1008.0;3.0989;3.0316;-0.1135;0.0000;185;187;0.0037;-0.0671;-0.0012;0.0039;-0.0156;0.0000;0.2992
1008.5;3.1007;3.0279;-0.1700;0.0000;181;183;-0.0745;-0.0730;-0.0012;0.0068;-0.0147;0.0000;0.2992
1009.0;3.1026;3.0238;0.1465;0.0000;183;179;-0.0842;-0.0788;-0.0026;-0.0068;-0.0156;0.0000;0.2992
1009.5;3.1039;3.0197;0.1590;0.0000;181;175;-0.0842;-0.0847;-0.0026;-0.0068;-0.0156;0.0000;0.2992
1010.0;3.1003;3.0156;0.3820;0.0000;183;171;-0.0940;-0.0847;-0.0041;-0.0166;-0.0156;0.0000;0.2992
1010.5;3.0952;3.0119;0.2605;0.0000;185;175;-0.0891;-0.0847;-0.0041;-0.0117;-0.0156;0.0000;0.2992
1011.0;3.0943;3.0078;0.4690;0.0000;185;169;-0.1746;-0.0876;-0.0056;-0.0205;-0.0156;0.0000;0.2992
1011.5;3.0939;3.0037;0.5055;0.0000;185;167;-0.0965;-0.0905;-0.0070;-0.0215;-0.0156;0.0000;0.2992
1012.0;3.0925;3.0000;0.4160;0.0000;183;165;-0.2503;-0.0935;-0.0070;-0.0176;-0.0156;0.0000;0.2992
1012.5;3.0824;2.9959;0.6830;0.0000;189;165;-0.1038;-0.0876;-0.0085;-0.0293;-0.0156;0.0000;0.2992
1013.0;3.0765;2.9918;0.4725;0.0000;189;167;-0.0965;-0.0847;-0.0100;-0.0205;-0.0156;0.0000;0.2992
1013.5;3.0673;2.9876;0.6760;0.0000;193;169;-0.1819;-0.0803;-0.0100;-0.0293;-0.0156;0.0000;0.2992
1014.0;3.0545;2.9840;0.6805;0.0000;198;173;-0.1038;-0.0715;-0.0114;-0.0293;-0.0166;0.0000;0.2992
1014.5;3.0339;2.9799;0.7745;0.0000;204;179;-0.0281;-0.0554;-0.0114;-0.0332;-0.0166;0.0000;0.2913
1015.0;3.0234;2.9757;0.6725;0.0000;206;183;-0.0256;-0.0481;-0.0114;-0.0283;-0.0166;0.0000;0.2913
1015.5;3.0055;2.9716;0.6590;0.0000;210;187;-0.0232;-0.0349;-0.0114;-0.0283;-0.0166;0.0000;0.2913
1016.0;2.9995;2.9679;0.7545;0.0000;210;185;-0.1062;-0.0319;-0.0129;-0.0323;-0.0166;0.0000;0.2913
1016.5;2.9940;2.9638;0.6580;0.0000;208;185;-0.1819;-0.0305;-0.0129;-0.0283;-0.0166;0.0000;0.2913
1017.0;2.9812;2.9597;0.7695;0.0000;212;187;-0.0281;-0.0217;-0.0129;-0.0332;-0.0166;0.0000;0.2913
1017.5;2.9693;2.9556;0.6095;0.0000;212;191;0.0549;-0.0144;-0.0129;-0.0264;-0.0176;0.0000;0.2913
1018.0;2.9574;2.9519;0.6695;0.0000;214;193;0.0525;-0.0070;-0.0129;-0.0283;-0.0176;0.0000;0.2913
1018.5;2.9574;2.9478;0.5350;0.0000;208;189;-0.0208;-0.0100;-0.0129;-0.0225;-0.0176;0.0000;0.2913
1019.0;2.9675;2.9437;0.7635;0.0000;202;179;-0.0281;-0.0246;-0.0129;-0.0323;-0.0176;0.0000;0.2913
1019.5;2.9629;2.9396;0.5495;0.0000;200;181;0.0574;-0.0246;-0.0144;-0.0235;-0.0176;0.0000;0.2913
1020.0;2.9574;2.9359;0.4375;0.0000;198;183;0.0623;-0.0231;-0.0144;-0.0186;-0.0176;0.0000;0.2913
1020.5;2.9592;2.9318;0.5065;0.0000;195;179;0.0598;-0.0275;-0.0144;-0.0215;-0.0176;0.0000;0.2913
1021.0;2.9638;2.9277;0.2980;0.0000;189;175;-0.0110;-0.0363;-0.0144;-0.0127;-0.0176;0.0000;0.2913
1021.5;2.9670;2.9240;0.6255;0.0000;189;169;0.0549;-0.0437;-0.0144;-0.0264;-0.0186;0.0000;0.2913
1022.0;2.9693;2.9199;0.3900;0.0000;183;169;0.1429;-0.0510;-0.0158;-0.0166;-0.0186;0.0000;0.2913
1022.5;2.9730;2.9158;0.3930;0.0000;179;165;-0.0159;-0.0583;-0.0158;-0.0166;-0.0186;0.0000;0.2913
1023.0;2.9771;2.9116;0.0175;0.0000;171;165;0.0769;-0.0656;-0.0173;-0.0010;-0.0186;0.0000;0.2913
1023.5;2.9840;2.9080;0.1360;0.0000;167;161;0.1502;-0.0774;-0.0173;-0.0059;-0.0186;0.0000;0.2913
1024.0;2.9821;2.9038;-0.0970;0.0000;163;163;0.1575;-0.0788;-0.0188;0.0039;-0.0186;0.0000;0.2835
1024.5;2.9867;2.8997;0.0555;0.0000;163;159;0.0745;-0.0876;-0.0188;-0.0029;-0.0186;0.0000;0.2835
1025.0;2.9886;2.8956;-0.1350;0.0000;159;159;0.0818;-0.0935;-0.0202;0.0049;-0.0186;0.0000;0.2835
1025.5;2.9858;2.8919;-0.1765;0.0000;159;159;0.0842;-0.0949;-0.0217;0.0068;-0.0186;0.0000;0.2835
1026.0;2.9808;2.8878;-0.2800;0.0000;159;161;0.0085;-0.0935;-0.0217;0.0117;-0.0186;0.0000;0.2835
1026.5;2.9725;2.8837;-0.1705;0.0000;163;163;-0.0745;-0.0891;-0.0231;0.0068;-0.0186;0.0000;0.2835
1027.0;2.9693;2.8796;0.1225;0.0000;165;161;-0.0061;-0.0905;-0.0231;-0.0059;-0.0186;0.0000;0.2835
1027.5;2.9602;2.8759;0.1535;0.0000;169;163;-0.0061;-0.0847;-0.0246;-0.0068;-0.0186;0.0000;0.2835
1028.0;2.9501;2.8718;0.2570;0.0000;175;165;-0.0110;-0.0788;-0.0246;-0.0117;-0.0186;0.0000;0.2835
1028.5;2.9386;2.8677;0.2230;0.0000;177;167;-0.0085;-0.0715;-0.0261;-0.0098;-0.0186;0.0000;0.2835
1029.0;2.9309;2.8640;0.5755;0.0000;181;165;-0.0989;-0.0671;-0.0261;-0.0244;-0.0186;0.0000;0.2835
1029.5;2.9194;2.8599;0.3460;0.0000;181;169;-0.0916;-0.0598;-0.0275;-0.0147;-0.0186;0.0000;0.2835
1030.0;2.9116;2.8558;0.6555;0.0000;185;167;-0.0256;-0.0568;-0.0275;-0.0283;-0.0186;0.0000;0.2835
1030.5;2.9048;2.8516;0.1820;0.0000;181;173;0.0696;-0.0539;-0.0290;-0.0078;-0.0186;0.0000;0.2835
1031.0;2.9016;2.8480;-0.3260;0.0000;175;177;0.1673;-0.0539;-0.0290;0.0137;-0.0186;0.0000;0.2835
1031.5;2.8961;2.8439;-0.6085;0.0000;171;181;0.0989;-0.0524;-0.0290;0.0254;-0.0186;0.0000;0.2835
1032.0;2.8919;2.8397;-0.6250;0.0000;169;179;0.0989;-0.0524;-0.0305;0.0254;-0.0186;0.0000;0.2835
1032.5;2.8878;2.8356;-0.4230;0.0000;171;177;0.0134;-0.0524;-0.0305;0.0176;-0.0186;0.0000;0.2835
1033.0;2.8883;2.8320;-0.5745;0.0000;165;175;0.0183;-0.0568;-0.0305;0.0235;-0.0186;0.0000;0.2756
1033.5;2.8823;2.8278;-0.2725;0.0000;169;171;-0.0696;-0.0554;-0.0319;0.0108;-0.0176;0.0000;0.2756
1034.0;2.8695;2.8237;-0.4385;0.0000;171;177;0.0916;-0.0466;-0.0319;0.0176;-0.0176;0.0000;0.2756
1034.5;2.8636;2.8196;-0.3205;0.0000;173;175;-0.0672;-0.0451;-0.0319;0.0127;-0.0176;0.0000;0.2756
1035.0;2.8599;2.8159;-0.1265;0.0000;175;171;-0.0745;-0.0451;-0.0334;0.0049;-0.0176;0.0000;0.2756
1035.5;2.8549;2.8118;0.0330;0.0000;177;169;-0.1600;-0.0437;-0.0334;-0.0020;-0.0176;0.0000;0.2756
1036.0;2.8526;2.8077;0.0670;0.0000;177;167;-0.0818;-0.0451;-0.0334;-0.0029;-0.0176;0.0000;0.2756
1036.5;2.8471;2.8036;-0.0530;0.0000;175;167;-0.0769;-0.0437;-0.0349;0.0020;-0.0176;0.0000;0.2756
1037.0;2.8420;2.7999;0.2005;0.0000;179;163;-0.1648;-0.0437;-0.0349;-0.0088;-0.0176;0.0000;0.2756
1037.5;2.8397;2.7958;0.2815;0.0000;179;161;-0.0891;-0.0451;-0.0349;-0.0127;-0.0176;0.0000;0.2756
1038.0;2.8338;2.7917;0.6035;0.0000;181;157;-0.1795;-0.0422;-0.0349;-0.0254;-0.0186;0.0000;0.2756
1038.5;2.8255;2.7880;0.2585;0.0000;181;161;-0.0891;-0.0378;-0.0363;-0.0117;-0.0186;0.0000;0.2756
1039.0;2.8168;2.7839;0.4800;0.0000;185;161;-0.0183;-0.0334;-0.0363;-0.0205;-0.0186;0.0000;0.2756
1039.5;2.8054;2.7798;0.0200;0.0000;183;169;-0.0012;-0.0261;-0.0363;-0.0010;-0.0186;0.0000;0.2756
1040.0;2.8095;2.7756;0.0650;0.0000;179;161;-0.2381;-0.0349;-0.0363;-0.0029;-0.0186;0.0000;0.2756
1040.5;2.7981;2.7720;0.2200;0.0000;181;163;-0.0085;-0.0275;-0.0378;-0.0098;-0.0186;0.0000;0.2756
1041.0;2.7990;2.7679;0.8040;0.0000;185;155;-0.1868;-0.0319;-0.0378;-0.0342;-0.0186;0.0000;0.2756
1041.5;2.7921;2.7637;0.5925;0.0000;183;157;-0.0208;-0.0290;-0.0378;-0.0254;-0.0186;0.0000;0.2756
1042.0;2.7816;2.7596;0.3905;0.0000;183;161;-0.0940;-0.0231;-0.0378;-0.0166;-0.0186;0.0000;0.2756
1042.5;2.7766;2.7560;1.2485;0.0000;191;153;-0.2015;-0.0217;-0.0378;-0.0528;-0.0186;0.0000;0.2677
1043.0;2.7729;2.7518;0.9395;0.0000;187;155;-0.1111;-0.0217;-0.0378;-0.0401;-0.0196;0.0000;0.2677
1043.5;2.7711;2.7477;1.4540;0.0000;191;150;-0.1306;-0.0246;-0.0393;-0.0616;-0.0196;0.0000;0.2677
1044.0;2.7642;2.7436;1.0115;0.0000;187;153;-0.1941;-0.0217;-0.0393;-0.0430;-0.0196;0.0000;0.2677
1044.5;2.7578;2.7399;1.6210;0.0000;193;148;-0.2137;-0.0188;-0.0393;-0.0684;-0.0205;0.0000;0.2677
1045.0;2.7560;2.7358;0.8670;0.0000;185;153;-0.1087;-0.0202;-0.0393;-0.0371;-0.0205;0.0000;0.2677
1045.5;2.7628;2.7317;0.8010;0.0000;179;150;0.0501;-0.0319;-0.0393;-0.0342;-0.0205;0.0000;0.2677
1046.0;2.7697;2.7276;0.7800;0.0000;171;144;0.0501;-0.0422;-0.0393;-0.0332;-0.0205;0.0000;0.2677
1046.5;2.7752;2.7239;0.4520;0.0000;163;144;0.0623;-0.0524;-0.0407;-0.0196;-0.0205;0.0000;0.2677
1047.0;2.7811;2.7198;0.3670;0.0000;159;142;-0.0134;-0.0612;-0.0407;-0.0156;-0.0205;0.0000;0.2677
1047.5;2.7770;2.7157;-0.3680;0.0000;152;148;0.0891;-0.0612;-0.0422;0.0147;-0.0205;0.0000;0.2677
1048.0;2.7761;2.7120;0.0970;0.0000;155;144;0.0745;-0.0656;-0.0422;-0.0049;-0.0205;0.0000;0.2677
1048.5;2.7724;2.7079;-0.5310;0.0000;150;150;0.0183;-0.0656;-0.0422;0.0215;-0.0205;0.0000;0.2677
1049.0;2.7701;2.7038;0.0395;0.0000;153;144;0.0745;-0.0671;-0.0437;-0.0020;-0.0205;0.0000;0.2677
1049.5;2.7683;2.6996;-0.5125;0.0000;150;150;0.1722;-0.0686;-0.0437;0.0215;-0.0205;0.0000;0.2677
1050.0;2.7674;2.6960;-0.5740;0.0000;148;150;0.0965;-0.0730;-0.0451;0.0235;-0.0205;0.0000;0.2677
1050.5;2.7697;2.6918;-0.7545;0.0000;142;150;0.1819;-0.0788;-0.0451;0.0313;-0.0205;0.0000;0.2677
1051.0;2.7683;2.6877;-0.5215;0.0000;144;148;0.0940;-0.0817;-0.0466;0.0215;-0.0205;0.0000;0.2677
1051.5;2.7592;2.6836;0.1110;0.0000;152;144;0.0720;-0.0759;-0.0466;-0.0049;-0.0205;0.0000;0.2677
1052.0;2.7537;2.6799;-0.0805;0.0000;152;146;0.0012;-0.0744;-0.0481;0.0029;-0.0205;0.0000;0.2598
1052.5;2.7491;2.6758;0.0945;0.0000;153;146;-0.0818;-0.0744;-0.0481;-0.0049;-0.0205;0.0000;0.2598
1053.0;2.7440;2.6717;-0.2325;0.0000;152;150;0.0061;-0.0730;-0.0495;0.0088;-0.0205;0.0000;0.2598
1053.5;2.7367;2.6676;0.6030;0.0000;159;142;0.0549;-0.0700;-0.0495;-0.0254;-0.0205;0.0000;0.2598
1054.0;2.7321;2.6639;0.3050;0.0000;157;146;-0.0110;-0.0686;-0.0510;-0.0137;-0.0205;0.0000;0.2598
1054.5;2.7285;2.6598;1.0275;0.0000;163;138;-0.0379;-0.0700;-0.0510;-0.0440;-0.0205;0.0000;0.2598
1055.0;2.7207;2.6557;0.9180;0.0000;163;140;-0.1893;-0.0656;-0.0524;-0.0391;-0.0205;0.0000;0.2598
1055.5;2.7065;2.6520;1.0100;0.0000;169;142;-0.1136;-0.0554;-0.0524;-0.0430;-0.0205;0.0000;0.2598
1056.0;2.6923;2.6479;0.6835;0.0000;169;148;-0.1819;-0.0451;-0.0539;-0.0293;-0.0205;0.0000;0.2598
1056.5;2.6799;2.6438;0.8745;0.0000;175;150;-0.1111;-0.0363;-0.0539;-0.0371;-0.0215;0.0000;0.2598
1057.0;2.6699;2.6397;1.0055;0.0000;179;150;-0.0379;-0.0305;-0.0539;-0.0430;-0.0215;0.0000;0.2598
1057.5;2.6561;2.6360;0.0100;0.0000;171;161;-0.0012;-0.0217;-0.0539;-0.0010;-0.0215;0.0000;0.2598
1058.0;2.6447;2.6319;0.1165;0.0000;175;161;-0.0842;-0.0144;-0.0539;-0.0059;-0.0215;0.0000;0.2598
1058.5;2.6342;2.6277;-0.3150;0.0000;171;167;-0.0696;-0.0070;-0.0539;0.0127;-0.0215;0.0000;0.2598
1059.0;2.6273;2.6236;0.3355;0.0000;177;161;-0.0916;-0.0041;-0.0539;-0.0147;-0.0215;0.0000;0.2598
1059.5;2.6209;2.6200;-0.1690;0.0000;171;165;0.0037;-0.0026;-0.0539;0.0068;-0.0215;0.0000;0.2598
1060.0;2.6108;2.6158;0.4085;0.0000;179;161;-0.0159;0.0047;-0.0539;-0.0176;-0.0215;0.0000;0.2598
1060.5;2.6053;2.6117;0.1370;0.0000;175;163;-0.0061;0.0062;-0.0539;-0.0059;-0.0215;0.0000;0.2598
1061.0;2.6003;2.6076;0.1050;0.0000;173;161;-0.0842;0.0062;-0.0539;-0.0049;-0.0215;0.0000;0.2598
1061.5;2.5934;2.6039;0.0290;0.0000;173;161;-0.0794;0.0091;-0.0539;-0.0020;-0.0215;0.0000;0.2520
1062.0;2.5865;2.5998;0.1000;0.0000;175;159;-0.0818;0.0120;-0.0539;-0.0049;-0.0215;0.0000;0.2520
1062.5;2.5870;2.5957;0.5370;0.0000;175;152;-0.1770;0.0076;-0.0539;-0.0235;-0.0215;0.0000;0.2520
1063.0;2.5829;2.5916;0.1035;0.0000;171;155;-0.1624;0.0076;-0.0539;-0.0049;-0.0215;0.0000;0.2520
1063.5;2.5746;2.5879;0.5020;0.0000;177;152;-0.0965;0.0120;-0.0539;-0.0215;-0.0215;0.0000;0.2520
1064.0;2.5714;2.5838;0.2385;0.0000;175;153;-0.2454;0.0120;-0.0539;-0.0108;-0.0215;0.0000;0.2520
1064.5;2.5682;2.5797;0.6555;0.0000;177;148;-0.1795;0.0105;-0.0539;-0.0283;-0.0215;0.0000;0.2520
1065.0;2.5646;2.5760;0.7685;0.0000;177;146;-0.1844;0.0105;-0.0539;-0.0332;-0.0225;0.0000;0.2520
1065.5;2.5733;2.5719;0.8725;0.0000;171;138;-0.1893;-0.0026;-0.0539;-0.0371;-0.0225;0.0000;0.2520
1066.0;2.5728;2.5678;0.7330;0.0000;167;136;-0.1062;-0.0056;-0.0539;-0.0313;-0.0225;0.0000;0.2520
1066.5;2.5705;2.5636;0.0955;0.0000;161;142;-0.1600;-0.0070;-0.0539;-0.0049;-0.0225;0.0000;0.2520
1067.0;2.5705;2.5600;-0.2390;0.0000;157;144;-0.0720;-0.0114;-0.0539;0.0098;-0.0225;0.0000;0.2520
1067.5;2.5682;2.5559;-0.6250;0.0000;153;148;0.0989;-0.0129;-0.0539;0.0254;-0.0225;0.0000;0.2520
1068.0;2.5609;2.5517;-0.6160;0.0000;153;150;0.0208;-0.0100;-0.0539;0.0254;-0.0225;0.0000;0.2520
1068.5;2.5646;2.5476;-0.6530;0.0000;150;146;-0.2137;-0.0173;-0.0539;0.0274;-0.0225;0.0000;0.2520
1069.0;2.5737;2.5440;-0.1235;0.0000;150;134;-0.0745;-0.0305;-0.0539;0.0049;-0.0225;0.0000;0.2520
1069.5;2.5742;2.5398;-0.1045;0.0000;148;134;0.0818;-0.0349;-0.0539;0.0039;-0.0225;0.0000;0.2520
1070.0;2.5788;2.5357;0.3165;0.0000;148;126;-0.0134;-0.0437;-0.0554;-0.0137;-0.0225;0.0000;0.2520
1070.5;2.5783;2.5316;0.7490;0.0000;150;122;-0.0281;-0.0466;-0.0554;-0.0323;-0.0225;0.0000;0.2441
1071.0;2.5797;2.5279;0.6515;0.0000;148;120;-0.1013;-0.0524;-0.0554;-0.0274;-0.0225;0.0000;0.2441
1071.5;2.5737;2.5238;0.5825;0.0000;150;124;-0.0989;-0.0510;-0.0568;-0.0254;-0.0225;0.0000;0.2441
1072.0;2.5742;2.5197;-0.2760;0.0000;140;132;0.0085;-0.0554;-0.0568;0.0108;-0.0225;0.0000;0.2441
1072.5;2.5723;2.5156;-0.1455;0.0000;140;128;0.0037;-0.0568;-0.0568;0.0059;-0.0225;0.0000;0.2441
1073.0;2.5691;2.5119;-0.6435;0.0000;136;134;0.0208;-0.0583;-0.0583;0.0264;-0.0225;0.0000;0.2441
1073.5;2.5696;2.5078;-0.2315;0.0000;136;128;0.0842;-0.0627;-0.0583;0.0088;-0.0225;0.0000;0.2441
1074.0;2.5701;2.5037;-0.5050;0.0000;132;132;0.0159;-0.0671;-0.0598;0.0205;-0.0225;0.0000;0.2441
1074.5;2.5705;2.5000;-0.6025;0.0000;128;132;0.0989;-0.0715;-0.0598;0.0244;-0.0215;0.0000;0.2441
1075.0;2.5595;2.4959;-0.7015;0.0000;132;136;0.1795;-0.0642;-0.0612;0.0293;-0.0215;0.0000;0.2441
1075.5;2.5462;2.4918;-0.7435;0.0000;136;142;0.1819;-0.0554;-0.0612;0.0303;-0.0215;0.0000;0.2441
1076.0;2.5426;2.4876;-0.3885;0.0000;138;138;0.0891;-0.0554;-0.0612;0.0156;-0.0215;0.0000;0.2441
1076.5;2.5375;2.4840;-0.7215;0.0000;134;142;0.1819;-0.0539;-0.0627;0.0293;-0.0215;0.0000;0.2441
1077.0;2.5307;2.4799;-0.4910;0.0000;136;142;0.0940;-0.0510;-0.0627;0.0205;-0.0215;0.0000;0.2441
1077.5;2.5252;2.4757;-0.7810;0.0000;134;144;0.1038;-0.0495;-0.0627;0.0323;-0.0215;0.0000;0.2441
1078.0;2.5243;2.4716;-0.2420;0.0000;138;138;0.1648;-0.0539;-0.0642;0.0098;-0.0215;0.0000;0.2441
1078.5;2.5229;2.4679;-0.5900;0.0000;132;142;0.1770;-0.0554;-0.0642;0.0244;-0.0205;0.0000;0.2441
1079.0;2.5183;2.4638;0.0015;0.0000;138;136;0.0769;-0.0554;-0.0656;-0.0010;-0.0205;0.0000;0.2441
1079.5;2.5101;2.4597;-0.0210;0.0000;140;136;0.0769;-0.0510;-0.0656;-0.0000;-0.0205;0.0000;0.2441
1080.0;2.5005;2.4556;-0.3785;0.0000;138;142;0.0916;-0.0451;-0.0656;0.0156;-0.0205;0.0000;0.2362
1080.5;2.4959;2.4519;-0.0890;0.0000;140;140;0.1575;-0.0451;-0.0656;0.0029;-0.0205;0.0000;0.2362
1081.0;2.4895;2.4478;-0.2075;0.0000;138;142;0.1624;-0.0422;-0.0671;0.0078;-0.0205;0.0000;0.2362
1081.5;2.4881;2.4437;0.3830;0.0000;142;134;0.1404;-0.0451;-0.0671;-0.0166;-0.0205;0.0000;0.2362
1082.0;2.4799;2.4400;-0.0385;0.0000;140;140;0.0794;-0.0407;-0.0671;0.0010;-0.0205;0.0000;0.2362
1082.5;2.4689;2.4359;0.4100;0.0000;146;138;0.0623;-0.0334;-0.0686;-0.0176;-0.0215;0.0000;0.2362
1083.0;2.4634;2.4318;-0.0765;0.0000;142;142;0.0012;-0.0319;-0.0686;0.0029;-0.0205;0.0000;0.2362
1083.5;2.4492;2.4277;0.1795;0.0000;148;142;-0.0085;-0.0217;-0.0686;-0.0078;-0.0215;0.0000;0.2362
1084.0;2.4396;2.4240;-0.0840;0.0000;148;146;0.0794;-0.0173;-0.0686;0.0029;-0.0215;0.0000;0.2362
1084.5;2.4277;2.4199;0.3655;0.0000;153;144;0.0647;-0.0085;-0.0686;-0.0156;-0.0215;0.0000;0.2362
1085.0;2.4203;2.4158;0.5535;0.0000;155;144;0.0574;-0.0056;-0.0686;-0.0235;-0.0215;0.0000;0.2362
1085.5;2.4112;2.4116;0.2915;0.0000;153;146;-0.0110;0.0003;-0.0686;-0.0127;-0.0215;0.0000;0.2362
1086.0;2.4048;2.4080;0.5415;0.0000;155;142;-0.0208;0.0018;-0.0686;-0.0235;-0.0215;0.0000;0.2362
1086.5;2.3970;2.4038;0.3375;0.0000;155;144;-0.0134;0.0062;-0.0686;-0.0147;-0.0215;0.0000;0.2362
1087.0;2.3864;2.3997;0.9005;0.0000;161;140;-0.0330;0.0120;-0.0686;-0.0381;-0.0215;0.0000;0.2362
1087.5;2.3768;2.3956;0.6540;0.0000;161;144;-0.0232;0.0179;-0.0686;-0.0283;-0.0215;0.0000;0.2362
1088.0;2.3636;2.3919;1.0040;0.0000;167;144;0.0427;0.0281;-0.0686;-0.0430;-0.0225;0.0000;0.2362
1088.5;2.3544;2.3878;0.5925;0.0000;165;148;-0.0208;0.0325;-0.0671;-0.0254;-0.0225;0.0000;0.2362
1089.0;2.3462;2.3837;0.5940;0.0000;165;148;-0.0232;0.0369;-0.0671;-0.0254;-0.0225;0.0000;0.2362
1089.5;2.3269;2.3796;0.3430;0.0000;167;155;-0.0916;0.0516;-0.0671;-0.0147;-0.0225;0.0000;0.2283
1090.0;2.3155;2.3759;0.6510;0.0000;173;153;-0.1013;0.0604;-0.0656;-0.0274;-0.0225;0.0000;0.2283
1090.5;2.3091;2.3718;0.9860;0.0000;175;150;-0.0354;0.0618;-0.0656;-0.0420;-0.0225;0.0000;0.2283
1091.0;2.3027;2.3677;0.6675;0.0000;171;152;-0.0256;0.0648;-0.0656;-0.0283;-0.0225;0.0000;0.2283
1091.5;2.2972;2.3640;0.9520;0.0000;175;148;-0.1917;0.0662;-0.0642;-0.0401;-0.0235;0.0000;0.2283
1092.0;2.2958;2.3599;0.7500;0.0000;169;146;-0.1062;0.0633;-0.0642;-0.0323;-0.0235;0.0000;0.2283
1092.5;2.2949;2.3558;1.2025;0.0000;171;140;-0.1209;0.0604;-0.0627;-0.0508;-0.0235;0.0000;0.2283
1093.0;2.2853;2.3516;1.0540;0.0000;173;142;-0.1941;0.0662;-0.0627;-0.0450;-0.0235;0.0000;0.2283
1093.5;2.2807;2.3480;1.3225;0.0000;175;138;-0.2039;0.0662;-0.0612;-0.0557;-0.0235;0.0000;0.2283
1094.0;2.2770;2.3439;1.1020;0.0000;171;138;-0.2747;0.0662;-0.0612;-0.0469;-0.0244;0.0000;0.2283
1094.5;2.2743;2.3397;1.1470;0.0000;171;136;-0.1966;0.0648;-0.0598;-0.0489;-0.0244;0.0000;0.2283
1095.0;2.2775;2.3356;1.4925;0.0000;171;126;-0.2112;0.0574;-0.0598;-0.0635;-0.0244;0.0000;0.2283
1095.5;2.2843;2.3320;1.2950;0.0000;165;122;-0.2821;0.0472;-0.0598;-0.0547;-0.0254;0.0000;0.2283
1096.0;2.2821;2.3278;1.3400;0.0000;167;120;-0.3602;0.0442;-0.0583;-0.0567;-0.0254;0.0000;0.2283
1096.5;2.2816;2.3237;0.7790;0.0000;161;124;-0.3407;0.0413;-0.0583;-0.0332;-0.0254;0.0000;0.2283
1097.0;2.2848;2.3196;1.0090;0.0000;159;118;-0.2723;0.0340;-0.0583;-0.0430;-0.0254;0.0000;0.2283
1097.5;2.2880;2.3159;0.6540;0.0000;153;118;-0.1013;0.0267;-0.0583;-0.0283;-0.0254;0.0000;0.2283
1098.0;2.2866;2.3118;1.0985;0.0000;157;112;-0.2747;0.0252;-0.0568;-0.0469;-0.0264;0.0000;0.2283
1098.5;2.2894;2.3077;0.9595;0.0000;153;112;-0.2698;0.0179;-0.0568;-0.0411;-0.0264;0.0000;0.2205
1099.0;2.2985;2.3036;1.1780;0.0000;152;105;-0.2772;0.0047;-0.0568;-0.0499;-0.0264;0.0000;0.2205
1099.5;2.3063;2.2999;0.3745;0.0000;140;109;-0.0916;-0.0070;-0.0568;-0.0166;-0.0264;0.0000;0.2205
1100.0;2.3109;2.2958;-0.1930;0.0000;132;110;-0.1502;-0.0158;-0.0568;0.0078;-0.0264;0.0000;0.2205
1100.5;2.3191;2.2917;0.0780;0.0000;130;105;-0.0818;-0.0275;-0.0583;-0.0039;-0.0264;0.0000;0.2205
1101.0;2.3246;2.2880;-0.4020;0.0000;122;107;-0.0647;-0.0378;-0.0583;0.0166;-0.0264;0.0000;0.2205
1101.5;2.3260;2.2839;-0.0685;0.0000;124;103;-0.1551;-0.0437;-0.0583;0.0020;-0.0264;0.0000;0.2205
1102.0;2.3274;2.2798;-0.6850;0.0000;118;107;-0.0549;-0.0481;-0.0583;0.0283;-0.0264;0.0000;0.2205
1102.5;2.3283;2.2756;-0.5385;0.0000;118;107;-0.0598;-0.0539;-0.0598;0.0225;-0.0264;0.0000;0.2205
1103.0;2.3255;2.2720;-0.8640;0.0000;116;110;-0.0501;-0.0539;-0.0598;0.0362;-0.0264;0.0000;0.2205
1103.5;2.3219;2.2679;-0.3920;0.0000;122;107;0.0134;-0.0554;-0.0612;0.0156;-0.0254;0.0000;0.2205
1104.0;2.3205;2.2637;-0.3975;0.0000;120;107;-0.0647;-0.0568;-0.0612;0.0166;-0.0254;0.0000;0.2205
1104.5;2.3168;2.2596;-0.2435;0.0000;122;107;0.0061;-0.0583;-0.0612;0.0098;-0.0254;0.0000;0.2205
1105.0;2.3182;2.2560;-0.5615;0.0000;116;109;0.0183;-0.0627;-0.0627;0.0235;-0.0254;0.0000;0.2205
1105.5;2.3159;2.2518;-1.0675;0.0000;112;112;-0.0427;-0.0656;-0.0627;0.0440;-0.0254;0.0000;0.2205
1106.0;2.3100;2.2477;-0.4925;0.0000;118;110;0.0159;-0.0627;-0.0642;0.0205;-0.0254;0.0000;0.2205
1106.5;2.2995;2.2436;-0.9285;0.0000;118;118;0.1087;-0.0568;-0.0642;0.0381;-0.0254;0.0000;0.2205
1107.0;2.2981;2.2399;-0.8165;0.0000;116;116;0.1062;-0.0598;-0.0642;0.0342;-0.0254;0.0000;0.2205
1107.5;2.2930;2.2358;-1.2605;0.0000;112;122;0.0427;-0.0583;-0.0656;0.0528;-0.0244;0.0000;0.2205
1108.0;2.2926;2.2317;-1.1555;0.0000;112;118;0.0403;-0.0612;-0.0656;0.0479;-0.0244;0.0000;0.2126
1108.5;2.2908;2.2280;-1.3210;0.0000;109;120;0.0452;-0.0642;-0.0671;0.0547;-0.0244;0.0000;0.2126
1109.0;2.2853;2.2239;-1.0800;0.0000;110;120;0.1917;-0.0627;-0.0671;0.0450;-0.0235;0.0000;0.2126
1109.5;2.2802;2.2198;-0.5830;0.0000;116;116;0.0989;-0.0612;-0.0686;0.0244;-0.0235;0.0000;0.2126
1110.0;2.2756;2.2157;-0.5880;0.0000;116;116;0.0965;-0.0598;-0.0686;0.0244;-0.0235;0.0000;0.2126
1110.5;2.2720;2.2120;-0.3295;0.0000;118;114;-0.0672;-0.0612;-0.0686;0.0137;-0.0235;0.0000;0.2126
1111.0;2.2669;2.2079;-0.3905;0.0000;118;114;0.0134;-0.0598;-0.0700;0.0156;-0.0235;0.0000;0.2126
1111.5;2.2633;2.2038;0.1040;0.0000;120;109;-0.0842;-0.0598;-0.0700;-0.0049;-0.0235;0.0000;0.2126
1112.0;2.2596;2.1996;-0.1735;0.0000;118;110;0.0037;-0.0612;-0.0715;0.0068;-0.0235;0.0000;0.2126
1112.5;2.2564;2.1960;0.1985;0.0000;120;107;-0.0085;-0.0612;-0.0715;-0.0088;-0.0235;0.0000;0.2126
1113.0;2.2486;2.1918;0.1130;0.0000;122;110;-0.0842;-0.0583;-0.0715;-0.0049;-0.0235;0.0000;0.2126
1113.5;2.2454;2.1877;0.0725;0.0000;120;110;0.0745;-0.0583;-0.0730;-0.0039;-0.0235;0.0000;0.2126
1114.0;2.2372;2.1836;-0.0240;0.0000;120;112;-0.0012;-0.0539;-0.0730;0.0010;-0.0235;0.0000;0.2126
1114.5;2.2285;2.1799;0.0740;0.0000;124;112;-0.0037;-0.0495;-0.0730;-0.0039;-0.0235;0.0000;0.2126
1115.0;2.2189;2.1758;0.2655;0.0000;126;112;-0.0110;-0.0437;-0.0744;-0.0117;-0.0235;0.0000;0.2126
1115.5;2.2134;2.1717;0.0070;0.0000;124;114;-0.0794;-0.0422;-0.0744;-0.0010;-0.0235;0.0000;0.2126
1116.0;2.2005;2.1676;0.2370;0.0000;130;114;-0.0867;-0.0334;-0.0744;-0.0108;-0.0235;0.0000;0.2126
1116.5;2.1877;2.1639;-0.0155;0.0000;132;120;-0.0794;-0.0246;-0.0744;-0.0000;-0.0235;0.0000;0.2126
1117.0;2.1795;2.1598;0.3945;0.0000;136;116;-0.0159;-0.0202;-0.0759;-0.0166;-0.0235;0.0000;0.2126
1117.5;2.1754;2.1557;0.5810;0.0000;138;114;-0.0989;-0.0202;-0.0759;-0.0244;-0.0235;0.0000;0.2047
1118.0;2.1690;2.1520;0.8250;0.0000;138;110;-0.1087;-0.0188;-0.0759;-0.0352;-0.0244;0.0000;0.2047
1118.5;2.1584;2.1479;0.8175;0.0000;140;112;-0.1087;-0.0114;-0.0759;-0.0352;-0.0244;0.0000;0.2047
1119.0;2.1479;2.1438;0.6855;0.0000;142;114;-0.1819;-0.0056;-0.0759;-0.0293;-0.0244;0.0000;0.2047
1119.5;2.1387;2.1397;0.8990;0.0000;144;114;-0.1111;0.0003;-0.0759;-0.0381;-0.0244;0.0000;0.2047
1120.0;2.1255;2.1360;0.9065;0.0000;148;116;-0.2674;0.0091;-0.0759;-0.0381;-0.0244;0.0000;0.2047
1120.5;2.1168;2.1319;1.1690;0.0000;152;114;-0.1209;0.0149;-0.0759;-0.0499;-0.0254;0.0000;0.2047
1121.0;2.1049;2.1277;0.9775;0.0000;152;118;-0.1917;0.0223;-0.0759;-0.0420;-0.0254;0.0000;0.2047
1121.5;2.0929;2.1236;1.1815;0.0000;155;116;-0.1990;0.0296;-0.0744;-0.0499;-0.0254;0.0000;0.2047
1122.0;2.0783;2.1200;0.9660;0.0000;157;122;-0.1917;0.0413;-0.0744;-0.0411;-0.0254;0.0000;0.2047
1122.5;2.0696;2.1158;1.1030;0.0000;159;120;-0.1966;0.0457;-0.0744;-0.0469;-0.0264;0.0000;0.2047
1123.0;2.0604;2.1117;1.2415;0.0000;161;118;-0.2015;0.0501;-0.0730;-0.0528;-0.0264;0.0000;0.2047
1123.5;2.0600;2.1076;1.2045;0.0000;157;116;-0.0427;0.0472;-0.0730;-0.0508;-0.0264;0.0000;0.2047
1124.0;2.0554;2.1039;1.2445;0.0000;157;114;-0.2015;0.0472;-0.0730;-0.0528;-0.0264;0.0000;0.2047
1124.5;2.0499;2.0998;0.6460;0.0000;152;120;-0.1013;0.0486;-0.0715;-0.0274;-0.0264;0.0000;0.2047
1125.0;2.0536;2.0957;0.1295;0.0000;142;120;-0.0842;0.0413;-0.0715;-0.0059;-0.0264;0.0000;0.2047
1125.5;2.0563;2.0916;-0.2070;0.0000;134;118;-0.0720;0.0355;-0.0715;0.0078;-0.0264;0.0000;0.2047
1126.0;2.0595;2.0879;-0.3060;0.0000;128;114;0.0085;0.0267;-0.0715;0.0127;-0.0264;0.0000;0.2047
1126.5;2.0705;2.0838;-0.7105;0.0000;118;112;-0.0549;0.0120;-0.0715;0.0293;-0.0264;0.0000;0.2047
1127.0;2.0664;2.0797;-0.8660;0.0000;116;114;0.0305;0.0135;-0.0700;0.0362;-0.0264;0.0000;0.1969
1127.5;2.0668;2.0760;-1.2085;0.0000;112;116;0.0403;0.0076;-0.0700;0.0499;-0.0264;0.0000;0.1969
1128.0;2.0710;2.0719;-1.0135;0.0000;110;112;0.0354;0.0003;-0.0700;0.0420;-0.0264;0.0000;0.1969
1128.5;2.0788;2.0678;-0.6950;0.0000;109;105;0.0232;-0.0114;-0.0700;0.0283;-0.0254;0.0000;0.1969
1129.0;2.0815;2.0636;-0.6815;0.0000;107;103;-0.0549;-0.0188;-0.0715;0.0283;-0.0254;0.0000;0.1969
1129.5;2.0824;2.0600;-0.5765;0.0000;107;101;-0.0598;-0.0231;-0.0715;0.0235;-0.0254;0.0000;0.1969
1130.0;2.0842;2.0559;-0.5535;0.0000;105;99;-0.0598;-0.0290;-0.0715;0.0225;-0.0254;0.0000;0.1969
1130.5;2.0852;2.0517;-0.3330;0.0000;105;95;-0.0672;-0.0349;-0.0715;0.0137;-0.0254;0.0000;0.1969
1131.0;2.0833;2.0476;-0.2855;0.0000;107;95;-0.2259;-0.0363;-0.0715;0.0117;-0.0254;0.0000;0.1969
1131.5;2.0833;2.0440;-0.1860;0.0000;107;93;-0.1502;-0.0407;-0.0730;0.0068;-0.0254;0.0000;0.1969
1132.0;2.0842;2.0398;-0.3715;0.0000;103;93;-0.0672;-0.0451;-0.0730;0.0147;-0.0254;0.0000;0.1969
1132.5;2.0792;2.0357;-0.2630;0.0000;107;95;-0.1477;-0.0437;-0.0730;0.0108;-0.0254;0.0000;0.1969
1133.0;2.0829;2.0316;-0.3145;0.0000;103;91;-0.1453;-0.0510;-0.0744;0.0127;-0.0254;0.0000;0.1969
1133.5;2.0861;2.0279;-0.2320;0.0000;101;87;-0.0720;-0.0598;-0.0744;0.0088;-0.0254;0.0000;0.1969
1134.0;2.0842;2.0238;-0.1715;0.0000;103;87;-0.1526;-0.0612;-0.0744;0.0068;-0.0254;0.0000;0.1969
1134.5;2.0774;2.0197;-0.2630;0.0000;103;91;-0.0696;-0.0583;-0.0759;0.0108;-0.0244;0.0000;0.1969
1135.0;2.0636;2.0160;-0.2850;0.0000;109;95;-0.0696;-0.0481;-0.0759;0.0117;-0.0244;0.0000;0.1969
1135.5;2.0536;2.0119;-0.3840;0.0000;110;99;-0.1453;-0.0422;-0.0759;0.0156;-0.0244;0.0000;0.1969
1136.0;2.0426;2.0078;-0.2960;0.0000;114;101;-0.0696;-0.0349;-0.0774;0.0117;-0.0244;0.0000;0.1890
1136.5;2.0343;2.0037;-0.2640;0.0000;116;101;-0.1477;-0.0319;-0.0774;0.0108;-0.0244;0.0000;0.1890
1137.0;2.0243;2.0000;-0.1760;0.0000;118;103;-0.0745;-0.0246;-0.0774;0.0068;-0.0244;0.0000;0.1890
1137.5;2.0179;1.9959;-0.2795;0.0000;118;105;-0.0696;-0.0231;-0.0774;0.0117;-0.0244;0.0000;0.1890
1138.0;2.0055;1.9918;-0.3090;0.0000;120;109;0.0085;-0.0144;-0.0774;0.0127;-0.0244;0.0000;0.1890
1138.5;1.9950;1.9876;-0.3625;0.0000;122;110;-0.0672;-0.0085;-0.0774;0.0147;-0.0244;0.0000;0.1890
1139.0;1.9890;1.9840;-0.2875;0.0000;122;110;0.0085;-0.0056;-0.0774;0.0117;-0.0244;0.0000;0.1890
1139.5;1.9794;1.9799;-0.3045;0.0000;122;110;-0.0696;0.0003;-0.0774;0.0127;-0.0244;0.0000;0.1890
1140.0;1.9702;1.9757;-0.3695;0.0000;122;112;-0.0672;0.0047;-0.0774;0.0147;-0.0244;0.0000;0.1890
1140.5;1.9615;1.9716;-0.3325;0.0000;124;112;-0.1453;0.0091;-0.0774;0.0137;-0.0244;0.0000;0.1890
1141.0;1.9579;1.9679;-0.5215;0.0000;120;112;-0.0598;0.0091;-0.0774;0.0215;-0.0244;0.0000;0.1890
1141.5;1.9574;1.9638;-0.4810;0.0000;118;110;-0.1404;0.0062;-0.0774;0.0196;-0.0235;0.0000;0.1890
1142.0;1.9492;1.9597;-0.4650;0.0000;120;110;-0.0623;0.0091;-0.0774;0.0186;-0.0235;0.0000;0.1890
1142.5;1.9455;1.9556;-0.2930;0.0000;120;109;0.0085;0.0091;-0.0774;0.0117;-0.0235;0.0000;0.1890
1143.0;1.9423;1.9519;-0.1575;0.0000;120;105;-0.0745;0.0091;-0.0774;0.0059;-0.0235;0.0000;0.1890
1143.5;1.9428;1.9478;-0.1065;0.0000;116;103;-0.0769;0.0047;-0.0774;0.0039;-0.0235;0.0000;0.1890
1144.0;1.9437;1.9437;-0.0160;0.0000;114;99;-0.0794;-0.0012;-0.0774;-0.0000;-0.0235;0.0000;0.1890
1144.5;1.9405;1.9400;0.0420;0.0000;116;97;-0.1600;-0.0012;-0.0774;-0.0020;-0.0235;0.0000;0.1890
1145.0;1.9373;1.9359;0.1125;0.0000;116;97;-0.0061;-0.0026;-0.0774;-0.0049;-0.0235;0.0000;0.1890
1145.5;1.9313;1.9318;0.0480;0.0000;114;99;-0.0037;0.0003;-0.0774;-0.0029;-0.0235;0.0000;0.1811
1146.0;1.9299;1.9277;0.1280;0.0000;114;97;-0.0061;-0.0026;-0.0774;-0.0059;-0.0235;0.0000;0.1811
1146.5;1.9277;1.9240;0.0185;0.0000;112;95;-0.0794;-0.0041;-0.0774;-0.0010;-0.0235;0.0000;0.1811
1147.0;1.9212;1.9199;0.1380;0.0000;114;95;-0.1624;-0.0026;-0.0774;-0.0059;-0.0235;0.0000;0.1811
1147.5;1.9125;1.9158;0.0815;0.0000;116;99;-0.0818;0.0032;-0.0774;-0.0039;-0.0235;0.0000;0.1811
1148.0;1.9066;1.9116;0.1190;0.0000;116;99;-0.0842;0.0047;-0.0774;-0.0059;-0.0235;0.0000;0.1811
1148.5;1.9043;1.9080;0.0295;0.0000;114;99;0.0769;0.0032;-0.0774;-0.0020;-0.0235;0.0000;0.1811
1149.0;1.9034;1.9038;-0.0450;0.0000;112;97;0.0012;-0.0012;-0.0774;0.0010;-0.0235;0.0000;0.1811
1149.5;1.9020;1.8997;0.0300;0.0000;110;95;-0.0794;-0.0026;-0.0774;-0.0020;-0.0235;0.0000;0.1811
1150.0;1.9011;1.8956;-0.0230;0.0000;109;95;0.0769;-0.0056;-0.0774;-0.0000;-0.0235;0.0000;0.1811
1150.5;1.9057;1.8919;0.0810;0.0000;105;91;0.0745;-0.0144;-0.0774;-0.0039;-0.0235;0.0000;0.1811
1151.0;1.9066;1.8878;-0.1000;0.0000;101;91;0.0012;-0.0188;-0.0774;0.0039;-0.0235;0.0000;0.1811
1151.5;1.9029;1.8837;-0.0295;0.0000;101;91;-0.0794;-0.0202;-0.0774;0.0010;-0.0235;0.0000;0.1811
1152.0;1.8961;1.8796;-0.2440;0.0000;101;93;0.0842;-0.0173;-0.0774;0.0098;-0.0235;0.0000;0.1811
1152.5;1.8988;1.8759;-0.1870;0.0000;99;91;-0.0720;-0.0231;-0.0788;0.0078;-0.0235;0.0000;0.1811
1153.0;1.8979;1.8718;-0.1565;0.0000;99;89;0.0818;-0.0275;-0.0788;0.0059;-0.0235;0.0000;0.1811
1153.5;1.8970;1.8677;-0.1230;0.0000;97;87;0.0037;-0.0305;-0.0788;0.0049;-0.0235;0.0000;0.1811
1154.0;1.8919;1.8640;-0.0960;0.0000;97;89;0.0794;-0.0290;-0.0788;0.0039;-0.0235;0.0000;0.1811
1154.5;1.8910;1.8599;-0.1155;0.0000;95;89;0.0818;-0.0319;-0.0788;0.0039;-0.0235;0.0000;0.1811
1155.0;1.8864;1.8558;-0.1485;0.0000;95;89;0.0818;-0.0319;-0.0803;0.0059;-0.0235;0.0000;0.1732
1155.5;1.8819;1.8516;-0.1360;0.0000;95;91;0.1600;-0.0305;-0.0803;0.0049;-0.0235;0.0000;0.1732
1156.0;1.8777;1.8480;-0.1495;0.0000;95;91;0.0818;-0.0305;-0.0803;0.0059;-0.0235;0.0000;0.1732
1156.5;1.8773;1.8439;-0.3230;0.0000;91;91;0.1673;-0.0334;-0.0803;0.0127;-0.0235;0.0000;0.1732
1157.0;1.8745;1.8397;-0.3050;0.0000;91;91;0.0867;-0.0349;-0.0803;0.0127;-0.0235;0.0000;0.1732
1157.5;1.8700;1.8356;-0.4260;0.0000;91;93;0.0916;-0.0349;-0.0817;0.0176;-0.0235;0.0000;0.1732
1158.0;1.8700;1.8320;-0.3325;0.0000;89;89;0.0110;-0.0393;-0.0817;0.0137;-0.0235;0.0000;0.1732
1158.5;1.8668;1.8278;-0.2205;0.0000;89;87;0.0061;-0.0393;-0.0817;0.0088;-0.0235;0.0000;0.1732
1159.0;1.8553;1.8237;-0.1405;0.0000;93;91;0.0037;-0.0319;-0.0817;0.0059;-0.0235;0.0000;0.1732
1159.5;1.8503;1.8196;0.0010;0.0000;95;91;0.0769;-0.0305;-0.0832;-0.0010;-0.0235;0.0000;0.1732
1160.0;1.8393;1.8159;-0.0040;0.0000;99;93;-0.0012;-0.0246;-0.0832;-0.0000;-0.0235;0.0000;0.1732
1160.5;1.8278;1.8118;0.1550;0.0000;103;95;-0.0061;-0.0173;-0.0832;-0.0068;-0.0235;0.0000;0.1732
1161.0;1.8196;1.8077;0.0440;0.0000;103;97;0.0745;-0.0129;-0.0832;-0.0020;-0.0235;0.0000;0.1732
1161.5;1.8095;1.8036;0.0035;0.0000;103;99;-0.0012;-0.0070;-0.0832;-0.0010;-0.0235;0.0000;0.1732
1162.0;1.8045;1.7999;-0.2360;0.0000;101;99;0.0061;-0.0056;-0.0832;0.0098;-0.0235;0.0000;0.1732
1162.5;1.7967;1.7958;-0.2600;0.0000;103;101;0.0085;-0.0012;-0.0832;0.0108;-0.0235;0.0000;0.1732
1163.0;1.7889;1.7917;-0.3820;0.0000;103;101;-0.0672;0.0018;-0.0832;0.0156;-0.0235;0.0000;0.1732
1163.5;1.7775;1.7880;-0.3310;0.0000;105;103;0.0891;0.0091;-0.0832;0.0137;-0.0235;0.0000;0.1732
1164.0;1.7665;1.7839;-0.4185;0.0000;107;107;0.0916;0.0164;-0.0832;0.0166;-0.0225;0.0000;0.1732
1164.5;1.7546;1.7798;-0.2360;0.0000;110;107;-0.0720;0.0252;-0.0832;0.0098;-0.0225;0.0000;0.1654
1165.0;1.7468;1.7756;-0.2495;0.0000;110;107;0.0061;0.0281;-0.0817;0.0098;-0.0225;0.0000;0.1654
1165.5;1.7358;1.7720;-0.3255;0.0000;110;109;0.0891;0.0355;-0.0817;0.0127;-0.0225;0.0000;0.1654
1166.0;1.7253;1.7679;-0.0715;0.0000;114;109;0.0794;0.0413;-0.0817;0.0029;-0.0225;0.0000;0.1654
1166.5;1.7170;1.7637;-0.1730;0.0000;114;109;0.0037;0.0457;-0.0817;0.0068;-0.0225;0.0000;0.1654
1167.0;1.7092;1.7596;-0.0085;0.0000;116;109;-0.0012;0.0501;-0.0803;-0.0000;-0.0225;0.0000;0.1654
1167.5;1.7019;1.7560;-0.1850;0.0000;114;110;0.0061;0.0530;-0.0803;0.0068;-0.0225;0.0000;0.1654
1168.0;1.6951;1.7518;-0.3575;0.0000;112;110;0.0110;0.0560;-0.0803;0.0147;-0.0225;0.0000;0.1654
1168.5;1.6877;1.7477;-0.4010;0.0000;112;110;0.0134;0.0589;-0.0788;0.0166;-0.0225;0.0000;0.1654
1169.0;1.6813;1.7436;-0.3195;0.0000;114;109;-0.0672;0.0618;-0.0788;0.0127;-0.0225;0.0000;0.1654
1169.5;1.6758;1.7399;-0.0660;0.0000;116;107;-0.1551;0.0633;-0.0774;0.0020;-0.0225;0.0000;0.1654
1170.0;1.6745;1.7358;-0.2655;0.0000;112;105;-0.0696;0.0604;-0.0774;0.0108;-0.0225;0.0000;0.1654
1170.5;1.6726;1.7317;-0.0655;0.0000;112;103;-0.0769;0.0589;-0.0759;0.0020;-0.0225;0.0000;0.1654
1171.0;1.6717;1.7280;-0.2890;0.0000;109;101;-0.0696;0.0560;-0.0759;0.0117;-0.0225;0.0000;0.1654
1171.5;1.6694;1.7239;-0.0605;0.0000;109;99;-0.0769;0.0530;-0.0759;0.0020;-0.0225;0.0000;0.1654
1172.0;1.6685;1.7198;-0.2345;0.0000;107;97;-0.0720;0.0501;-0.0744;0.0098;-0.0225;0.0000;0.1654
1172.5;1.6593;1.7157;0.0810;0.0000;110;97;-0.1600;0.0560;-0.0744;-0.0039;-0.0225;0.0000;0.1654
1173.0;1.6506;1.7120;0.0675;0.0000;112;99;-0.0818;0.0604;-0.0744;-0.0029;-0.0225;0.0000;0.1654
1173.5;1.6397;1.7079;-0.0715;0.0000;114;103;-0.0769;0.0677;-0.0730;0.0029;-0.0225;0.0000;0.1575
1174.0;1.6323;1.7038;-0.0620;0.0000;116;103;-0.0769;0.0706;-0.0730;0.0020;-0.0225;0.0000;0.1575
1174.5;1.6264;1.6996;0.0060;0.0000;116;103;-0.0794;0.0721;-0.0715;-0.0010;-0.0225;0.0000;0.1575
1175.0;1.6232;1.6960;0.3070;0.0000;118;99;-0.0110;0.0721;-0.0715;-0.0137;-0.0225;0.0000;0.1575
1175.5;1.6168;1.6918;0.0810;0.0000;116;101;-0.0818;0.0735;-0.0700;-0.0039;-0.0225;0.0000;0.1575
1176.0;1.6103;1.6877;0.2695;0.0000;118;99;-0.0891;0.0765;-0.0700;-0.0117;-0.0225;0.0000;0.1575
1176.5;1.5998;1.6836;0.0920;0.0000;118;103;-0.0818;0.0823;-0.0686;-0.0039;-0.0225;0.0000;0.1575
1177.0;1.5902;1.6799;0.2200;0.0000;122;105;-0.0085;0.0882;-0.0671;-0.0098;-0.0225;0.0000;0.1575
1177.5;1.5847;1.6758;0.2960;0.0000;122;103;-0.0891;0.0897;-0.0671;-0.0127;-0.0225;0.0000;0.1575
1178.0;1.5760;1.6717;0.2775;0.0000;124;105;-0.0110;0.0955;-0.0656;-0.0117;-0.0225;0.0000;0.1575
1178.5;1.5659;1.6676;0.2720;0.0000;124;107;-0.0110;0.1014;-0.0642;-0.0117;-0.0225;0.0000;0.1575
1179.0;1.5586;1.6639;0.0480;0.0000;122;109;-0.0037;0.1043;-0.0642;-0.0029;-0.0225;0.0000;0.1575
1179.5;1.5536;1.6598;0.3245;0.0000;124;107;-0.0916;0.1058;-0.0627;-0.0137;-0.0225;0.0000;0.1575
1180.0;1.5481;1.6557;0.1085;0.0000;122;109;-0.0061;0.1072;-0.0612;-0.0049;-0.0225;0.0000;0.1575
1180.5;1.5375;1.6520;0.3840;0.0000;128;109;-0.0940;0.1131;-0.0598;-0.0166;-0.0225;0.0000;0.1575
1181.0;1.5307;1.6479;0.2100;0.0000;128;109;-0.1648;0.1160;-0.0598;-0.0098;-0.0225;0.0000;0.1575
1181.5;1.5279;1.6438;0.4110;0.0000;128;105;-0.2503;0.1146;-0.0583;-0.0176;-0.0225;0.0000;0.1575
1182.0;1.5261;1.6397;0.2095;0.0000;126;105;-0.2430;0.1131;-0.0568;-0.0098;-0.0225;0.0000;0.1575
1182.5;1.5284;1.6360;0.3220;0.0000;122;99;-0.2479;0.1072;-0.0554;-0.0137;-0.0235;0.0000;0.1575
1183.0;1.5334;1.6319;0.7730;0.0000;124;91;-0.2625;0.0984;-0.0554;-0.0332;-0.0235;0.0000;0.1496
1183.5;1.5302;1.6277;0.8210;0.0000;124;89;-0.0305;0.0970;-0.0539;-0.0352;-0.0235;0.0000;0.1496
1184.0;1.5293;1.6236;1.0080;0.0000;124;87;-0.1136;0.0941;-0.0524;-0.0430;-0.0235;0.0000;0.1496
1184.5;1.5334;1.6200;0.8145;0.0000;118;85;-0.1087;0.0853;-0.0524;-0.0352;-0.0235;0.0000;0.1496
1185.0;1.5362;1.6158;0.7310;0.0000;116;83;-0.1819;0.0794;-0.0510;-0.0313;-0.0235;0.0000;0.1496
1185.5;1.5467;1.6117;0.4545;0.0000;109;79;-0.1746;0.0648;-0.0510;-0.0196;-0.0244;0.0000;0.1496
1186.0;1.5476;1.6076;0.1950;0.0000;105;81;-0.0085;0.0589;-0.0495;-0.0088;-0.0244;0.0000;0.1496
1186.5;1.5522;1.6039;-0.4215;0.0000;95;83;0.0916;0.0501;-0.0495;0.0176;-0.0235;0.0000;0.1496
1187.0;1.5609;1.5998;-0.6010;0.0000;89;81;0.0208;0.0384;-0.0495;0.0244;-0.0235;0.0000;0.1496
1187.5;1.5705;1.5957;-0.9150;0.0000;79;79;-0.0476;0.0252;-0.0495;0.0381;-0.0235;0.0000;0.1496
1188.0;1.5742;1.5916;-1.1340;0.0000;77;81;-0.0379;0.0164;-0.0481;0.0469;-0.0235;0.0000;0.1496
1188.5;1.5838;1.5879;-0.9265;0.0000;73;75;0.0305;0.0032;-0.0481;0.0381;-0.0235;0.0000;0.1496
1189.0;1.5888;1.5838;-1.0485;0.0000;69;75;0.0354;-0.0056;-0.0481;0.0440;-0.0225;0.0000;0.1496
1189.5;1.5897;1.5797;-0.8135;0.0000;71;71;0.0256;-0.0100;-0.0495;0.0332;-0.0225;0.0000;0.1496
1190.0;1.5884;1.5760;-0.6435;0.0000;73;71;0.0989;-0.0129;-0.0495;0.0264;-0.0225;0.0000;0.1496
1190.5;1.5875;1.5719;-0.3650;0.0000;75;69;0.0110;-0.0158;-0.0495;0.0147;-0.0225;0.0000;0.1496
1191.0;1.5861;1.5678;-0.2525;0.0000;77;69;0.0085;-0.0188;-0.0495;0.0098;-0.0225;0.0000;0.1496
1191.5;1.5852;1.5636;0.0085;0.0000;79;67;-0.0012;-0.0217;-0.0495;-0.0010;-0.0225;0.0000;0.1496
1192.0;1.5801;1.5600;0.0460;0.0000;81;69;-0.0037;-0.0217;-0.0495;-0.0020;-0.0225;0.0000;0.1496
1192.5;1.5797;1.5559;-0.0985;0.0000;79;69;0.0012;-0.0246;-0.0495;0.0039;-0.0225;0.0000;0.1417
1193.0;1.5820;1.5517;-0.2065;0.0000;75;69;0.0061;-0.0305;-0.0495;0.0078;-0.0225;0.0000;0.1417
1193.5;1.5852;1.5476;-0.3810;0.0000;71;69;0.0916;-0.0378;-0.0510;0.0156;-0.0225;0.0000;0.1417
1194.0;1.5884;1.5440;-0.3515;0.0000;69;67;0.0110;-0.0451;-0.0510;0.0147;-0.0225;0.0000;0.1417
1194.5;1.5833;1.5398;-0.4060;0.0000;69;69;0.0134;-0.0437;-0.0510;0.0166;-0.0225;0.0000;0.1417
1195.0;1.5861;1.5357;-0.3090;0.0000;67;67;0.0867;-0.0510;-0.0524;0.0127;-0.0225;0.0000;0.1417
1195.5;1.5815;1.5316;-0.4035;0.0000;69;69;0.0916;-0.0495;-0.0524;0.0166;-0.0225;0.0000;0.1417
1196.0;1.5728;1.5279;-0.4265;0.0000;71;71;0.0916;-0.0451;-0.0524;0.0176;-0.0225;0.0000;0.1417
1196.5;1.5641;1.5238;-0.3975;0.0000;73;73;0.0134;-0.0407;-0.0539;0.0166;-0.0215;0.0000;0.1417
1197.0;1.5540;1.5197;-0.3630;0.0000;77;75;0.0110;-0.0349;-0.0539;0.0147;-0.0215;0.0000;0.1417
1197.5;1.5517;1.5160;-0.2060;0.0000;77;75;0.0842;-0.0363;-0.0539;0.0078;-0.0215;0.0000;0.1417
1198.0;1.5444;1.5119;-0.0285;0.0000;81;73;-0.0012;-0.0334;-0.0539;0.0010;-0.0215;0.0000;0.1417
1198.5;1.5408;1.5078;-0.0490;0.0000;81;73;0.0012;-0.0334;-0.0554;0.0020;-0.0215;0.0000;0.1417
1199.0;1.5321;1.5037;0.2170;0.0000;85;71;-0.0867;-0.0290;-0.0554;-0.0098;-0.0215;0.0000;0.1417
1199.5;1.5215;1.5000;0.6065;0.0000;93;71;-0.1013;-0.0231;-0.0554;-0.0264;-0.0215;0.0000;0.1417
1200.0;1.5119;1.4959;0.6495;0.0000;95;71;-0.0232;-0.0173;-0.0554;-0.0274;-0.0225;0.0000;0.1417
1200.5;1.5069;1.4918;0.9000;0.0000;97;67;-0.1893;-0.0158;-0.0554;-0.0381;-0.0225;0.0000;0.1417
1201.0;1.5018;1.4876;0.8610;0.0000;97;67;-0.1868;-0.0144;-0.0554;-0.0362;-0.0225;0.0000;0.1417
1201.5;1.5005;1.4840;0.9980;0.0000;97;64;-0.1136;-0.0173;-0.0554;-0.0420;-0.0225;0.0000;0.1417
1202.0;1.4945;1.4799;1.0220;0.0000;97;64;-0.1941;-0.0158;-0.0554;-0.0430;-0.0225;0.0000;0.1339
1202.5;1.4867;1.4757;1.1435;0.0000;99;64;-0.1184;-0.0114;-0.0554;-0.0489;-0.0235;0.0000;0.1339
1203.0;1.4776;1.4716;1.0860;0.0000;101;65;-0.2747;-0.0070;-0.0568;-0.0459;-0.0235;0.0000;0.1339
1203.5;1.4679;1.4679;0.9715;0.0000;103;67;-0.1917;-0.0012;-0.0568;-0.0411;-0.0235;0.0000;0.1339
1204.0;1.4570;1.4638;1.0055;0.0000;105;67;-0.1917;0.0062;-0.0554;-0.0430;-0.0235;0.0000;0.1339
1204.5;1.4464;1.4597;1.0360;0.0000;107;69;-0.0379;0.0120;-0.0554;-0.0440;-0.0244;0.0000;0.1339
1205.0;1.4368;1.4556;1.2405;0.0000;110;69;-0.2015;0.0179;-0.0554;-0.0528;-0.0244;0.0000;0.1339
1205.5;1.4231;1.4519;1.0175;0.0000;110;73;-0.1941;0.0281;-0.0554;-0.0430;-0.0244;0.0000;0.1339
1206.0;1.4107;1.4478;1.2245;0.0000;114;75;-0.1233;0.0369;-0.0554;-0.0518;-0.0244;0.0000;0.1339
1206.5;1.3984;1.4437;0.9425;0.0000;114;79;-0.1136;0.0442;-0.0539;-0.0401;-0.0244;0.0000;0.1339
1207.0;1.3864;1.4400;1.0635;0.0000;118;79;-0.1941;0.0530;-0.0539;-0.0450;-0.0254;0.0000;0.1339
1207.5;1.3759;1.4359;1.0620;0.0000;120;79;-0.2723;0.0589;-0.0539;-0.0450;-0.0254;0.0000;0.1339
1208.0;1.3654;1.4318;1.0855;0.0000;122;79;-0.2747;0.0662;-0.0524;-0.0459;-0.0254;0.0000;0.1339
1208.5;1.3599;1.4277;0.9900;0.0000;120;79;-0.1917;0.0677;-0.0524;-0.0420;-0.0254;0.0000;0.1339
1209.0;1.3544;1.4240;0.7935;0.0000;118;79;-0.1844;0.0691;-0.0510;-0.0342;-0.0264;0.0000;0.1339
1209.5;1.3489;1.4199;0.9040;0.0000;118;77;-0.1893;0.0706;-0.0510;-0.0381;-0.0264;0.0000;0.1339
1210.0;1.3443;1.4158;0.8550;0.0000;116;77;-0.1868;0.0706;-0.0495;-0.0362;-0.0264;0.0000;0.1339
1210.5;1.3393;1.4116;1.0885;0.0000;118;73;-0.1966;0.0721;-0.0495;-0.0459;-0.0264;0.0000;0.1339
1211.0;1.3333;1.4080;0.8235;0.0000;114;75;-0.1868;0.0735;-0.0481;-0.0352;-0.0264;0.0000;0.1260
1211.5;1.3288;1.4038;1.0415;0.0000;116;73;-0.1941;0.0750;-0.0481;-0.0440;-0.0274;0.0000;0.1260
1212.0;1.3269;1.3997;0.7700;0.0000;112;73;-0.1844;0.0721;-0.0466;-0.0332;-0.0274;0.0000;0.1260
1212.5;1.3210;1.3956;0.8405;0.0000;114;73;-0.1893;0.0735;-0.0466;-0.0362;-0.0274;0.0000;0.1260
1213.0;1.3201;1.3919;0.9250;0.0000;112;71;-0.1893;0.0706;-0.0451;-0.0391;-0.0274;0.0000;0.1260
1213.5;1.3164;1.3878;0.8565;0.0000;112;69;-0.3431;0.0706;-0.0451;-0.0362;-0.0274;0.0000;0.1260
1214.0;1.3091;1.3837;0.6065;0.0000;110;73;-0.2576;0.0735;-0.0437;-0.0264;-0.0274;0.0000;0.1260
1214.5;1.3100;1.3796;0.3570;0.0000;107;71;-0.2479;0.0691;-0.0437;-0.0156;-0.0283;0.0000;0.1260
1215.0;1.3114;1.3759;0.5660;0.0000;105;67;-0.1770;0.0633;-0.0422;-0.0244;-0.0283;0.0000;0.1260
1215.5;1.3082;1.3718;0.3760;0.0000;103;69;-0.1697;0.0633;-0.0422;-0.0166;-0.0283;0.0000;0.1260
1216.0;1.3114;1.3677;0.4420;0.0000;101;65;-0.1746;0.0560;-0.0422;-0.0186;-0.0283;0.0000;0.1260
1216.5;1.3182;1.3640;-0.2705;0.0000;89;67;-0.1477;0.0442;-0.0407;0.0108;-0.0283;0.0000;0.1260
1217.0;1.3210;1.3599;-1.1170;0.0000;77;73;-0.0403;0.0384;-0.0407;0.0459;-0.0283;0.0000;0.1260
1217.5;1.3274;1.3558;-1.6240;0.0000;69;75;0.0549;0.0281;-0.0407;0.0674;-0.0274;0.0000;0.1260
1218.0;1.3356;1.3516;-1.8755;0.0000;62;73;-0.0134;0.0149;-0.0407;0.0782;-0.0274;0.0000;0.1260
1218.5;1.3434;1.3480;-1.7915;0.0000;58;67;-0.0159;0.0032;-0.0407;0.0743;-0.0264;0.0000;0.1260
1219.0;1.3507;1.3439;-1.8690;0.0000;54;65;-0.0134;-0.0085;-0.0407;0.0782;-0.0264;0.0000;0.1260
1219.5;1.3613;1.3397;-1.5950;0.0000;50;60;0.0549;-0.0217;-0.0407;0.0665;-0.0264;0.0000;0.1260
1220.0;1.3640;1.3356;-1.5400;0.0000;50;58;-0.1038;-0.0290;-0.0407;0.0645;-0.0254;0.0000;0.1260
1220.5;1.3613;1.3320;-0.9370;0.0000;58;54;-0.0452;-0.0305;-0.0407;0.0391;-0.0254;0.0000;0.1181
1221.0;1.3603;1.3278;-0.9320;0.0000;58;54;-0.0476;-0.0334;-0.0407;0.0391;-0.0254;0.0000;0.1181
1221.5;1.3626;1.3237;-0.4005;0.0000;62;48;-0.1429;-0.0393;-0.0422;0.0166;-0.0254;0.0000;0.1181
1222.0;1.3603;1.3196;-0.3980;0.0000;62;48;-0.1429;-0.0407;-0.0422;0.0166;-0.0254;0.0000;0.1181
1222.5;1.3594;1.3159;-0.6215;0.0000;60;50;-0.0574;-0.0451;-0.0422;0.0254;-0.0254;0.0000;0.1181
1223.0;1.3581;1.3118;-0.8340;0.0000;58;52;-0.0501;-0.0466;-0.0437;0.0342;-0.0244;0.0000;0.1181
1223.5;1.3571;1.3077;-1.0840;0.0000;56;54;-0.0427;-0.0495;-0.0437;0.0450;-0.0244;0.0000;0.1181
1224.0;1.3558;1.3040;-0.9180;0.0000;56;54;-0.0476;-0.0524;-0.0437;0.0381;-0.0244;0.0000;0.1181
1224.5;1.3544;1.2999;-1.2360;0.0000;52;56;0.0427;-0.0554;-0.0451;0.0518;-0.0244;0.0000;0.1181
1225.0;1.3466;1.2958;-1.1315;0.0000;56;58;0.0379;-0.0510;-0.0451;0.0469;-0.0235;0.0000;0.1181
1225.5;1.3439;1.2917;-1.4695;0.0000;52;62;0.0501;-0.0524;-0.0451;0.0616;-0.0235;0.0000;0.1181
1226.0;1.3347;1.2880;-1.2870;0.0000;56;62;0.1233;-0.0481;-0.0466;0.0538;-0.0235;0.0000;0.1181
1226.5;1.3306;1.2839;-1.5880;0.0000;52;65;0.0549;-0.0481;-0.0466;0.0665;-0.0235;0.0000;0.1181
1227.0;1.3196;1.2798;-1.3410;0.0000;58;67;0.0452;-0.0407;-0.0466;0.0557;-0.0225;0.0000;0.1181
1227.5;1.3040;1.2756;-1.3425;0.0000;62;73;0.1233;-0.0290;-0.0481;0.0557;-0.0225;0.0000;0.1181
1228.0;1.2853;1.2720;-1.4915;0.0000;65;81;0.2063;-0.0144;-0.0481;0.0626;-0.0225;0.0000;0.1181
1228.5;1.2720;1.2679;-1.3260;0.0000;69;81;-0.0330;-0.0041;-0.0481;0.0547;-0.0215;0.0000;0.1181
1229.0;1.2550;1.2637;-1.3480;0.0000;73;87;0.0452;0.0076;-0.0481;0.0557;-0.0215;0.0000;0.1181
1229.5;1.2427;1.2596;-1.1170;0.0000;77;87;0.1160;0.0164;-0.0466;0.0459;-0.0215;0.0000;0.1181
1230.0;1.2262;1.2560;-1.2015;0.0000;79;93;0.0427;0.0296;-0.0466;0.0499;-0.0215;0.0000;0.1102
1230.5;1.2166;1.2518;-1.0865;0.0000;81;93;0.1136;0.0340;-0.0466;0.0450;-0.0205;0.0000;0.1102
1231.0;1.2092;1.2477;-1.1925;0.0000;79;93;0.0403;0.0384;-0.0466;0.0499;-0.0205;0.0000;0.1102
1231.5;1.1964;1.2436;-1.0825;0.0000;81;95;0.1917;0.0472;-0.0451;0.0450;-0.0205;0.0000;0.1102
1232.0;1.1873;1.2399;-1.1860;0.0000;79;95;0.1184;0.0516;-0.0451;0.0489;-0.0205;0.0000;0.1102
1232.5;1.1749;1.2358;-1.0545;0.0000;83;97;0.1917;0.0604;-0.0451;0.0440;-0.0196;0.0000;0.1102
1233.0;1.1625;1.2317;-1.0305;0.0000;83;99;0.1917;0.0677;-0.0437;0.0430;-0.0196;0.0000;0.1102
1233.5;1.1511;1.2280;-1.0680;0.0000;85;101;0.1917;0.0765;-0.0437;0.0440;-0.0196;0.0000;0.1102
1234.0;1.1406;1.2239;-1.0245;0.0000;87;101;0.1136;0.0823;-0.0422;0.0430;-0.0196;0.0000;0.1102
1234.5;1.1332;1.2198;-1.0080;0.0000;87;101;0.1136;0.0853;-0.0422;0.0420;-0.0186;0.0000;0.1102
1235.0;1.1273;1.2157;-0.9155;0.0000;85;99;0.1087;0.0882;-0.0407;0.0381;-0.0186;0.0000;0.1102
1235.5;1.1227;1.2120;-1.0540;0.0000;81;99;0.1136;0.0882;-0.0393;0.0440;-0.0186;0.0000;0.1102
1236.0;1.1200;1.2079;-1.0115;0.0000;81;97;0.0354;0.0867;-0.0393;0.0420;-0.0186;0.0000;0.1102
1236.5;1.1200;1.2038;-1.0535;0.0000;77;93;0.0354;0.0823;-0.0378;0.0440;-0.0186;0.0000;0.1102
1237.0;1.1190;1.1996;-0.9740;0.0000;75;91;0.0330;0.0809;-0.0378;0.0401;-0.0176;0.0000;0.1102
1237.5;1.1177;1.1960;-1.0045;0.0000;73;89;0.1917;0.0779;-0.0363;0.0420;-0.0176;0.0000;0.1102
1238.0;1.1122;1.1918;-0.7165;0.0000;75;87;0.1013;0.0794;-0.0349;0.0293;-0.0176;0.0000;0.1102
1238.5;1.1076;1.1877;-0.7495;0.0000;75;87;0.1038;0.0794;-0.0349;0.0313;-0.0176;0.0000;0.1102
1239.0;1.1058;1.1836;-0.8055;0.0000;73;87;0.1844;0.0779;-0.0334;0.0332;-0.0176;0.0000;0.1102
1239.5;1.1044;1.1799;-0.7950;0.0000;71;85;0.1844;0.0750;-0.0334;0.0332;-0.0176;0.0000;0.1024
1240.0;1.1058;1.1758;-0.6280;0.0000;69;81;0.0208;0.0691;-0.0319;0.0254;-0.0166;0.0000;0.1024
1240.5;1.0998;1.1717;-0.7795;0.0000;69;83;0.1062;0.0706;-0.0319;0.0323;-0.0166;0.0000;0.1024
1241.0;1.1012;1.1676;-1.0715;0.0000;65;83;0.0354;0.0662;-0.0305;0.0450;-0.0166;0.0000;0.1024
1241.5;1.1049;1.1639;-0.8680;0.0000;64;77;0.0281;0.0574;-0.0305;0.0362;-0.0166;0.0000;0.1024
1242.0;1.1085;1.1598;-0.9730;0.0000;60;75;0.0330;0.0501;-0.0305;0.0401;-0.0166;0.0000;0.1024
1242.5;1.1117;1.1557;-0.6865;0.0000;60;69;0.1013;0.0428;-0.0290;0.0283;-0.0156;0.0000;0.1024
1243.0;1.1149;1.1520;-0.4805;0.0000;60;65;0.0159;0.0355;-0.0290;0.0196;-0.0156;0.0000;0.1024
1243.5;1.1223;1.1479;-0.1690;0.0000;58;60;0.0037;0.0252;-0.0290;0.0068;-0.0156;0.0000;0.1024
1244.0;1.1245;1.1438;-0.0020;0.0000;60;56;-0.0794;0.0179;-0.0290;-0.0000;-0.0156;0.0000;0.1024
1244.5;1.1232;1.1397;0.1080;0.0000;60;54;-0.0061;0.0164;-0.0290;-0.0049;-0.0156;0.0000;0.1024
1245.0;1.1259;1.1360;0.5425;0.0000;64;48;-0.0989;0.0091;-0.0290;-0.0235;-0.0156;0.0000;0.1024
1245.5;1.1282;1.1319;0.5295;0.0000;62;48;0.0574;0.0032;-0.0290;-0.0225;-0.0166;0.0000;0.1024
1246.0;1.1264;1.1277;0.6230;0.0000;62;46;-0.0232;0.0003;-0.0290;-0.0264;-0.0166;0.0000;0.1024
1246.5;1.1328;1.1236;0.3365;0.0000;56;46;-0.0134;-0.0100;-0.0290;-0.0147;-0.0166;0.0000;0.1024
1247.0;1.1351;1.1200;0.4435;0.0000;56;42;-0.0940;-0.0158;-0.0290;-0.0196;-0.0166;0.0000;0.1024
1247.5;1.1332;1.1158;0.1425;0.0000;54;46;-0.0061;-0.0173;-0.0290;-0.0068;-0.0166;0.0000;0.1024
1248.0;1.1351;1.1117;0.0195;0.0000;52;44;-0.0794;-0.0231;-0.0290;-0.0010;-0.0166;0.0000;0.1024
1248.5;1.1351;1.1076;-0.0055;0.0000;50;44;-0.0012;-0.0275;-0.0290;-0.0000;-0.0166;0.0000;0.0945
1249.0;1.1342;1.1039;0.0010;0.0000;50;44;-0.0012;-0.0305;-0.0290;-0.0010;-0.0166;0.0000;0.0945
1249.5;1.1355;1.0998;-0.0400;0.0000;48;44;0.0794;-0.0363;-0.0305;0.0010;-0.0166;0.0000;0.0945
1250.0;1.1337;1.0957;-0.0320;0.0000;48;44;-0.0794;-0.0393;-0.0305;0.0010;-0.0166;0.0000;0.0945
1250.5;1.1291;1.0920;0.1365;0.0000;50;44;0.0720;-0.0378;-0.0305;-0.0059;-0.0166;0.0000;0.0945
1251.0;1.1273;1.0879;0.1460;0.0000;50;42;-0.0061;-0.0407;-0.0319;-0.0068;-0.0166;0.0000;0.0945
1251.5;1.1213;1.0838;0.2790;0.0000;54;44;0.0672;-0.0378;-0.0319;-0.0117;-0.0166;0.0000;0.0945
1252.0;1.1200;1.0797;0.1680;0.0000;52;44;-0.0061;-0.0407;-0.0319;-0.0078;-0.0166;0.0000;0.0945
1252.5;1.1190;1.0760;0.2665;0.0000;52;40;-0.0110;-0.0437;-0.0319;-0.0117;-0.0166;0.0000;0.0945
1253.0;1.1094;1.0719;0.1765;0.0000;54;44;-0.0085;-0.0393;-0.0334;-0.0078;-0.0166;0.0000;0.0945
1253.5;1.1007;1.0678;0.2640;0.0000;56;46;-0.0110;-0.0334;-0.0334;-0.0117;-0.0166;0.0000;0.0945
1254.0;1.0920;1.0636;0.2490;0.0000;58;48;-0.0110;-0.0290;-0.0334;-0.0108;-0.0166;0.0000;0.0945
1254.5;1.0888;1.0600;0.2550;0.0000;58;48;0.0672;-0.0290;-0.0334;-0.0108;-0.0166;0.0000;0.0945
1255.0;1.0774;1.0559;0.2245;0.0000;60;50;-0.0867;-0.0217;-0.0334;-0.0098;-0.0166;0.0000;0.0945
1255.5;1.0664;1.0517;0.1195;0.0000;62;54;-0.0842;-0.0158;-0.0334;-0.0059;-0.0166;0.0000;0.0945
1256.0;1.0559;1.0476;0.1390;0.0000;64;56;-0.0061;-0.0085;-0.0349;-0.0059;-0.0166;0.0000;0.0945
1256.5;1.0458;1.0440;0.0800;0.0000;65;58;0.0745;-0.0026;-0.0349;-0.0039;-0.0166;0.0000;0.0945
1257.0;1.0325;1.0398;0.0570;0.0000;67;62;-0.0037;0.0062;-0.0334;-0.0029;-0.0166;0.0000;0.0945
1257.5;1.0275;1.0357;-0.0505;0.0000;65;62;0.0012;0.0076;-0.0334;0.0020;-0.0166;0.0000;0.0945
1258.0;1.0188;1.0316;-0.0040;0.0000;67;62;0.0769;0.0120;-0.0334;-0.0000;-0.0166;0.0000;0.0866
1258.5;1.0069;1.0279;-0.0880;0.0000;69;65;0.0012;0.0208;-0.0334;0.0029;-0.0166;0.0000;0.0866
1259.0;0.9954;1.0238;-0.0395;0.0000;71;65;0.0012;0.0281;-0.0334;0.0010;-0.0166;0.0000;0.0866
1259.5;0.9922;1.0197;-0.0745;0.0000;69;64;0.0012;0.0267;-0.0334;0.0029;-0.0166;0.0000;0.0866
1260.0;0.9858;1.0160;-0.1600;0.0000;67;65;0.0818;0.0296;-0.0334;0.0059;-0.0166;0.0000;0.0866
1260.5;0.9794;1.0119;-0.1450;0.0000;67;65;0.0818;0.0311;-0.0319;0.0059;-0.0166;0.0000;0.0866
1261.0;0.9693;1.0078;-0.2445;0.0000;67;67;-0.0720;0.0384;-0.0319;0.0098;-0.0166;0.0000;0.0866
1261.5;0.9560;1.0037;-0.1650;0.0000;71;69;0.0037;0.0472;-0.0319;0.0068;-0.0166;0.0000;0.0866
1262.0;0.9510;1.0000;-0.3515;0.0000;67;71;0.0891;0.0486;-0.0305;0.0147;-0.0166;0.0000;0.0866
1262.5;0.9455;0.9959;-0.2380;0.0000;69;69;0.1648;0.0501;-0.0305;0.0098;-0.0166;0.0000;0.0866
1263.0;0.9446;0.9918;-0.3410;0.0000;65;67;0.0110;0.0457;-0.0305;0.0137;-0.0166;0.0000;0.0866
1263.5;0.9460;0.9876;-0.3960;0.0000;62;64;0.0110;0.0413;-0.0305;0.0156;-0.0166;0.0000;0.0866
1264.0;0.9492;0.9840;-0.2890;0.0000;58;60;0.0867;0.0340;-0.0290;0.0117;-0.0166;0.0000;0.0866
1264.5;0.9492;0.9799;-0.1645;0.0000;58;56;0.0037;0.0296;-0.0290;0.0068;-0.0166;0.0000;0.0866
1265.0;0.9524;0.9757;0.1395;0.0000;56;50;0.0720;0.0223;-0.0290;-0.0068;-0.0166;0.0000;0.0866
1265.5;0.9597;0.9716;0.1880;0.0000;52;46;-0.0085;0.0120;-0.0290;-0.0088;-0.0166;0.0000;0.0866
1266.0;0.9629;0.9679;0.3255;0.0000;52;40;0.0647;0.0047;-0.0290;-0.0147;-0.0166;0.0000;0.0866
1266.5;0.9615;0.9638;0.3565;0.0000;52;40;-0.0916;0.0018;-0.0290;-0.0156;-0.0166;0.0000;0.0866
1267.0;0.9643;0.9597;0.4685;0.0000;50;36;0.0598;-0.0056;-0.0290;-0.0205;-0.0166;0.0000;0.0866
1267.5;0.9615;0.9556;0.5260;0.0000;50;36;-0.0208;-0.0070;-0.0290;-0.0225;-0.0166;0.0000;0.0787
1268.0;0.9620;0.9519;0.4820;0.0000;50;34;-0.0183;-0.0114;-0.0290;-0.0205;-0.0166;0.0000;0.0787
1268.5;0.9629;0.9478;0.3930;0.0000;46;34;0.0623;-0.0158;-0.0290;-0.0166;-0.0166;0.0000;0.0787
1269.0;0.9634;0.9437;0.2640;0.0000;44;34;-0.0110;-0.0202;-0.0290;-0.0117;-0.0176;0.0000;0.0787
1269.5;0.9625;0.9400;0.2990;0.0000;44;34;0.1453;-0.0231;-0.0290;-0.0127;-0.0176;0.0000;0.0787
1270.0;0.9570;0.9359;0.2800;0.0000;44;36;-0.0110;-0.0217;-0.0290;-0.0127;-0.0176;0.0000;0.0787
1270.5;0.9560;0.9318;0.2865;0.0000;44;36;0.1453;-0.0246;-0.0305;-0.0127;-0.0176;0.0000;0.0787
1271.0;0.9551;0.9277;0.2405;0.0000;42;34;-0.0085;-0.0275;-0.0305;-0.0108;-0.0176;0.0000;0.0787
1271.5;0.9505;0.9240;0.2030;0.0000;42;36;0.0696;-0.0275;-0.0305;-0.0088;-0.0176;0.0000;0.0787
1272.0;0.9451;0.9199;0.2255;0.0000;44;36;0.0696;-0.0261;-0.0305;-0.0098;-0.0176;0.0000;0.0787
1272.5;0.9409;0.9158;0.1625;0.0000;44;38;0.0720;-0.0261;-0.0305;-0.0068;-0.0176;0.0000;0.0787
1273.0;0.9373;0.9116;0.2135;0.0000;44;38;0.0696;-0.0261;-0.0305;-0.0098;-0.0176;0.0000;0.0787
1273.5;0.9290;0.9080;0.2050;0.0000;46;38;0.0696;-0.0217;-0.0319;-0.0088;-0.0176;0.0000;0.0787
1274.0;0.9180;0.9038;0.2540;0.0000;50;42;0.0672;-0.0144;-0.0319;-0.0108;-0.0176;0.0000;0.0787
1274.5;0.9107;0.8997;0.2310;0.0000;50;44;-0.0085;-0.0114;-0.0319;-0.0098;-0.0176;0.0000;0.0787
1275.0;0.9006;0.8956;0.2770;0.0000;54;46;0.0672;-0.0056;-0.0319;-0.0117;-0.0176;0.0000;0.0787
1275.5;0.8864;0.8919;0.3110;0.0000;58;48;-0.0110;0.0047;-0.0319;-0.0137;-0.0176;0.0000;0.0787
1276.0;0.8768;0.8878;0.3660;0.0000;60;50;0.0647;0.0105;-0.0319;-0.0156;-0.0176;0.0000;0.0787
1276.5;0.8709;0.8837;0.4885;0.0000;60;48;-0.0183;0.0120;-0.0319;-0.0205;-0.0176;0.0000;0.0787
1277.0;0.8594;0.8800;0.5045;0.0000;64;50;-0.0183;0.0193;-0.0319;-0.0215;-0.0186;0.0000;0.0709
1277.5;0.8512;0.8759;0.5745;0.0000;64;50;-0.0208;0.0237;-0.0305;-0.0244;-0.0186;0.0000;0.0709
1278.0;0.8397;0.8718;0.7065;0.0000;67;50;-0.0256;0.0311;-0.0305;-0.0303;-0.0186;0.0000;0.0709
1278.5;0.8255;0.8677;0.8710;0.0000;71;52;-0.1087;0.0413;-0.0305;-0.0371;-0.0186;0.0000;0.0709
1279.0;0.8150;0.8640;0.9925;0.0000;75;52;-0.1917;0.0486;-0.0290;-0.0420;-0.0186;0.0000;0.0709
1279.5;0.8095;0.8599;1.0700;0.0000;75;48;-0.1160;0.0501;-0.0290;-0.0450;-0.0186;0.0000;0.0709
1280.0;0.7999;0.8558;1.1890;0.0000;79;48;-0.1990;0.0545;-0.0290;-0.0508;-0.0196;0.0000;0.0709
1280.5;0.7953;0.8516;1.4040;0.0000;79;44;-0.1282;0.0560;-0.0275;-0.0596;-0.0196;0.0000;0.0709
1281.0;0.7866;0.8480;1.4395;0.0000;81;44;-0.2088;0.0604;-0.0275;-0.0606;-0.0196;0.0000;0.0709
1281.5;0.7775;0.8439;1.5615;0.0000;83;44;-0.2137;0.0662;-0.0275;-0.0665;-0.0205;0.0000;0.0709
1282.0;0.7784;0.8397;1.5790;0.0000;81;38;-0.2112;0.0604;-0.0261;-0.0665;-0.0205;0.0000;0.0709
1282.5;0.7701;0.8356;1.6000;0.0000;83;38;-0.2137;0.0648;-0.0261;-0.0674;-0.0205;0.0000;0.0709
1283.0;0.7637;0.8320;1.5580;0.0000;83;38;-0.2894;0.0677;-0.0246;-0.0655;-0.0215;0.0000;0.0709
1283.5;0.7523;0.8278;1.4395;0.0000;85;42;-0.2869;0.0750;-0.0246;-0.0606;-0.0215;0.0000;0.0709
1284.0;0.7463;0.8237;1.3975;0.0000;87;40;-0.3626;0.0765;-0.0231;-0.0596;-0.0215;0.0000;0.0709
1284.5;0.7399;0.8196;1.3245;0.0000;85;40;-0.2039;0.0794;-0.0231;-0.0557;-0.0225;0.0000;0.0709
1285.0;0.7422;0.8159;1.2685;0.0000;81;38;-0.2015;0.0735;-0.0217;-0.0538;-0.0225;0.0000;0.0709
1285.5;0.7321;0.8118;1.2005;0.0000;83;40;-0.2772;0.0794;-0.0217;-0.0508;-0.0225;0.0000;0.0709
1286.0;0.7262;0.8077;1.1270;0.0000;81;40;-0.2747;0.0809;-0.0202;-0.0479;-0.0225;0.0000;0.0630
1286.5;0.7248;0.8040;1.0265;0.0000;79;40;-0.1160;0.0779;-0.0188;-0.0440;-0.0235;0.0000;0.0630
1287.0;0.7244;0.7999;0.9020;0.0000;77;38;-0.2674;0.0750;-0.0188;-0.0381;-0.0235;0.0000;0.0630
1287.5;0.7184;0.7958;0.6410;0.0000;75;40;-0.1819;0.0765;-0.0173;-0.0274;-0.0235;0.0000;0.0630
1288.0;0.7189;0.7917;0.3760;0.0000;69;40;-0.2479;0.0721;-0.0173;-0.0166;-0.0235;0.0000;0.0630
1288.5;0.7221;0.7880;0.2180;0.0000;65;38;-0.0085;0.0648;-0.0158;-0.0098;-0.0235;0.0000;0.0630
1289.0;0.7253;0.7839;-0.1065;0.0000;60;38;-0.1551;0.0574;-0.0158;0.0039;-0.0235;0.0000;0.0630
1289.5;0.7321;0.7798;-0.4625;0.0000;52;38;-0.0623;0.0472;-0.0158;0.0186;-0.0235;0.0000;0.0630
1290.0;0.7349;0.7756;-0.9640;0.0000;44;40;-0.0452;0.0398;-0.0144;0.0401;-0.0235;0.0000;0.0630
1290.5;0.7436;0.7720;-1.2240;0.0000;34;38;0.0427;0.0281;-0.0144;0.0508;-0.0225;0.0000;0.0630
1291.0;0.7459;0.7679;-1.5640;0.0000;30;40;0.0549;0.0208;-0.0144;0.0655;-0.0225;0.0000;0.0630
1291.5;0.7527;0.7637;-1.8025;0.0000;24;38;-0.0183;0.0105;-0.0144;0.0753;-0.0225;0.0000;0.0630
1292.0;0.7527;0.7596;-1.9155;0.0000;22;40;0.2234;0.0062;-0.0144;0.0802;-0.0215;0.0000;0.0630
1292.5;0.7477;0.7560;-1.8225;0.0000;24;44;0.0598;0.0076;-0.0144;0.0762;-0.0215;0.0000;0.0630
1293.0;0.7495;0.7518;-1.4595;0.0000;26;38;-0.0281;0.0018;-0.0144;0.0606;-0.0215;0.0000;0.0630
1293.5;0.7514;0.7477;-1.0700;0.0000;26;34;0.1136;-0.0041;-0.0144;0.0440;-0.0205;0.0000;0.0630
1294.0;0.7527;0.7436;-0.7990;0.0000;28;28;-0.1306;-0.0100;-0.0144;0.0332;-0.0205;0.0000;0.0630
1294.5;0.7546;0.7399;-0.5230;0.0000;30;26;0.0183;-0.0158;-0.0144;0.0215;-0.0205;0.0000;0.0630
1295.0;0.7560;0.7358;-0.3185;0.0000;30;22;-0.1477;-0.0202;-0.0144;0.0127;-0.0205;0.0000;0.0630
1295.5;0.7532;0.7317;-0.3705;0.0000;30;22;-0.1453;-0.0217;-0.0144;0.0147;-0.0205;0.0000;0.0551
1296.0;0.7546;0.7280;-0.3945;0.0000;28;22;0.0134;-0.0275;-0.0158;0.0156;-0.0205;0.0000;0.0551
1296.5;0.7523;0.7239;-0.6255;0.0000;26;24;-0.0574;-0.0290;-0.0158;0.0254;-0.0205;0.0000;0.0551
1297.0;0.7537;0.7198;-0.7600;0.0000;24;24;0.0256;-0.0349;-0.0158;0.0313;-0.0205;0.0000;0.0551
1297.5;0.7509;0.7157;-0.9030;0.0000;22;26;0.0305;-0.0363;-0.0158;0.0371;-0.0196;0.0000;0.0551
1298.0;0.7445;0.7120;-0.9185;0.0000;24;28;0.0305;-0.0334;-0.0158;0.0381;-0.0196;0.0000;0.0551
1298.5;0.7427;0.7079;-0.8990;0.0000;24;28;-0.0476;-0.0349;-0.0173;0.0371;-0.0196;0.0000;0.0551
1299.0;0.7404;0.7038;-0.8610;0.0000;22;28;0.1062;-0.0378;-0.0173;0.0352;-0.0196;0.0000;0.0551
1299.5;0.7349;0.6996;-0.8220;0.0000;24;28;-0.0501;-0.0363;-0.0173;0.0342;-0.0196;0.0000;0.0551
1300.0;0.7285;0.6960;-0.7780;0.0000;26;30;0.0281;-0.0334;-0.0173;0.0323;-0.0186;0.0000;0.0551
1300.5;0.7230;0.6918;-0.8245;0.0000;26;30;0.0281;-0.0319;-0.0188;0.0342;-0.0186;0.0000;0.0551
1301.0;0.7193;0.6877;-1.0145;0.0000;24;32;0.0330;-0.0319;-0.0188;0.0420;-0.0186;0.0000;0.0551
1301.5;0.7175;0.6836;-1.0615;0.0000;22;32;0.1160;-0.0349;-0.0188;0.0440;-0.0186;0.0000;0.0551
1302.0;0.7092;0.6799;-1.1680;0.0000;22;36;0.1160;-0.0305;-0.0188;0.0489;-0.0186;0.0000;0.0551
1302.5;0.7010;0.6758;-1.2580;0.0000;22;38;0.0427;-0.0261;-0.0188;0.0528;-0.0176;0.0000;0.0551
1303.0;0.6896;0.6717;-1.3875;0.0000;24;44;0.0476;-0.0188;-0.0202;0.0577;-0.0176;0.0000;0.0551
1303.5;0.6822;0.6676;-1.4315;0.0000;24;46;0.1282;-0.0144;-0.0202;0.0596;-0.0176;0.0000;0.0551
1304.0;0.6754;0.6639;-1.4890;0.0000;24;46;0.1282;-0.0129;-0.0202;0.0616;-0.0166;0.0000;0.0551
1304.5;0.6690;0.6598;-1.5390;0.0000;24;48;0.1306;-0.0100;-0.0202;0.0645;-0.0166;0.0000;0.0551
1305.0;0.6625;0.6557;-1.5505;0.0000;24;48;0.1306;-0.0070;-0.0202;0.0645;-0.0166;0.0000;0.0472
1305.5;0.6561;0.6520;-1.5865;0.0000;22;48;0.1331;-0.0056;-0.0202;0.0665;-0.0156;0.0000;0.0472
1306.0;0.6429;0.6479;-1.6180;0.0000;26;52;0.1331;0.0047;-0.0202;0.0674;-0.0156;0.0000;0.0472
1306.5;0.6383;0.6438;-1.6460;0.0000;24;52;0.1331;0.0047;-0.0202;0.0684;-0.0156;0.0000;0.0472
1307.0;0.6296;0.6397;-1.6905;0.0000;24;54;0.0574;0.0091;-0.0202;0.0704;-0.0147;0.0000;0.0472
1307.5;0.6177;0.6360;-1.6710;0.0000;28;56;0.1355;0.0179;-0.0202;0.0694;-0.0147;0.0000;0.0472
1308.0;0.6062;0.6319;-1.6295;0.0000;30;58;0.1331;0.0252;-0.0188;0.0684;-0.0147;0.0000;0.0472
1308.5;0.5989;0.6277;-1.5930;0.0000;30;58;0.0549;0.0281;-0.0188;0.0665;-0.0137;0.0000;0.0472
1309.0;0.5884;0.6236;-1.5550;0.0000;32;60;0.1306;0.0340;-0.0188;0.0645;-0.0137;0.0000;0.0472
1309.5;0.5824;0.6200;-1.4905;0.0000;32;58;0.2088;0.0369;-0.0188;0.0626;-0.0137;0.0000;0.0472
1310.0;0.5723;0.6158;-1.4385;0.0000;32;60;0.1282;0.0428;-0.0173;0.0596;-0.0127;0.0000;0.0472
1310.5;0.5673;0.6117;-1.4060;0.0000;32;58;0.2039;0.0442;-0.0173;0.0587;-0.0127;0.0000;0.0472
1311.0;0.5623;0.6076;-1.3430;0.0000;32;58;0.2015;0.0457;-0.0173;0.0557;-0.0127;0.0000;0.0472
1311.5;0.5536;0.6039;-1.3345;0.0000;32;58;0.2015;0.0501;-0.0158;0.0557;-0.0117;0.0000;0.0472
1312.0;0.5453;0.5998;-1.3405;0.0000;32;60;0.1233;0.0545;-0.0158;0.0557;-0.0117;0.0000;0.0472
1312.5;0.5375;0.5957;-1.2805;0.0000;34;60;0.1209;0.0574;-0.0158;0.0538;-0.0117;0.0000;0.0472
1313.0;0.5339;0.5920;-1.2695;0.0000;32;58;0.1990;0.0574;-0.0144;0.0528;-0.0117;0.0000;0.0472
1313.5;0.5307;0.5879;-1.1960;0.0000;30;58;0.1966;0.0560;-0.0144;0.0499;-0.0108;0.0000;0.0472
1314.0;0.5270;0.5838;-1.2015;0.0000;30;56;0.0403;0.0560;-0.0144;0.0499;-0.0108;0.0000;0.0472
1314.5;0.5238;0.5797;-1.1600;0.0000;30;54;0.1966;0.0560;-0.0129;0.0479;-0.0108;0.0000;0.0394
1315.0;0.5220;0.5760;-1.1495;0.0000;28;52;0.0379;0.0530;-0.0129;0.0479;-0.0108;0.0000;0.0394
1315.5;0.5229;0.5719;-1.0110;0.0000;26;48;0.1136;0.0486;-0.0114;0.0420;-0.0098;0.0000;0.0394
1316.0;0.5284;0.5678;-0.7270;0.0000;24;40;0.1795;0.0384;-0.0114;0.0303;-0.0098;0.0000;0.0394
1316.5;0.5252;0.5636;-0.5560;0.0000;26;38;0.0183;0.0384;-0.0114;0.0225;-0.0098;0.0000;0.0394
1317.0;0.5266;0.5600;-0.2670;0.0000;26;34;0.0867;0.0325;-0.0114;0.0108;-0.0098;0.0000;0.0394
1317.5;0.5316;0.5559;0.0060;0.0000;26;28;-0.0012;0.0237;-0.0114;-0.0010;-0.0098;0.0000;0.0394
1318.0;0.5362;0.5517;0.2520;0.0000;24;22;-0.0110;0.0149;-0.0100;-0.0108;-0.0098;0.0000;0.0394
1318.5;0.5371;0.5476;0.3605;0.0000;24;19;-0.0916;0.0105;-0.0100;-0.0156;-0.0098;0.0000;0.0394
1319.0;0.5366;0.5440;0.4185;0.0000;24;19;0.0623;0.0062;-0.0100;-0.0176;-0.0098;0.0000;0.0394
1319.5;0.5339;0.5398;0.3350;0.0000;24;19;-0.0134;0.0047;-0.0100;-0.0147;-0.0098;0.0000;0.0394
1320.0;0.5375;0.5357;0.2670;0.0000;22;17;-0.0110;-0.0026;-0.0100;-0.0117;-0.0098;0.0000;0.0394
1320.5;0.5353;0.5316;0.1850;0.0000;22;17;-0.0085;-0.0041;-0.0100;-0.0078;-0.0098;0.0000;0.0394
1321.0;0.5398;0.5279;0.0530;0.0000;17;15;-0.0037;-0.0129;-0.0100;-0.0029;-0.0098;0.0000;0.0394
1321.5;0.5398;0.5238;-0.0210;0.0000;17;15;-0.0012;-0.0173;-0.0100;-0.0000;-0.0098;0.0000;0.0394
1322.0;0.5366;0.5197;-0.0415;0.0000;17;17;0.0012;-0.0173;-0.0114;0.0010;-0.0098;0.0000;0.0394
1322.5;0.5408;0.5160;0.0500;0.0000;15;13;-0.0037;-0.0261;-0.0114;-0.0029;-0.0098;0.0000;0.0394
1323.0;0.5371;0.5119;0.1815;0.0000;17;11;-0.0085;-0.0261;-0.0114;-0.0078;-0.0098;0.0000;0.0394
1323.5;0.5375;0.5078;0.2980;0.0000;17;9;-0.0891;-0.0305;-0.0114;-0.0127;-0.0098;0.0000;0.0315
1324.0;0.5343;0.5037;0.3570;0.0000;19;9;-0.0134;-0.0305;-0.0114;-0.0156;-0.0108;0.0000;0.0315
1324.5;0.5348;0.5000;0.4445;0.0000;17;7;0.0623;-0.0363;-0.0129;-0.0196;-0.0108;0.0000;0.0315
1325.0;0.5353;0.5000;0.4575;0.0000;50;38;-0.0965;-0.0363;-0.0129;-0.0196;-0.0108;0.0000;0.1811
1325.5;0.5321;0.5000;0.3810;0.0000;52;40;-0.0134;-0.0334;-0.0129;-0.0166;-0.0108;0.0000;0.1811
1326.0;0.5288;0.5000;0.3100;0.0000;54;44;-0.0110;-0.0305;-0.0129;-0.0137;-0.0108;0.0000;0.1811
1326.5;0.5261;0.5000;0.2030;0.0000;54;46;-0.0085;-0.0275;-0.0129;-0.0088;-0.0108;0.0000;0.1811
1327.0;0.5270;0.5000;0.1780;0.0000;54;46;-0.0867;-0.0275;-0.0144;-0.0078;-0.0108;0.0000;0.1811
1327.5;0.5243;0.5000;0.1910;0.0000;56;48;-0.0085;-0.0246;-0.0144;-0.0088;-0.0108;0.0000;0.1811
1328.0;0.5206;0.5000;0.2120;0.0000;58;50;-0.0085;-0.0217;-0.0144;-0.0098;-0.0108;0.0000;0.1811
1328.5;0.5183;0.5000;0.1995;0.0000;58;50;-0.0085;-0.0188;-0.0144;-0.0088;-0.0108;0.0000;0.1811
1329.0;0.5165;0.5000;0.2110;0.0000;60;52;-0.0085;-0.0173;-0.0144;-0.0098;-0.0108;0.0000;0.1811
1329.5;0.5174;0.5000;0.1715;0.0000;58;50;-0.0867;-0.0188;-0.0144;-0.0078;-0.0108;0.0000;0.1811
1330.0;0.5156;0.5000;0.1670;0.0000;60;52;-0.0061;-0.0158;-0.0144;-0.0078;-0.0108;0.0000;0.1811
1330.5;0.5128;0.5000;0.1295;0.0000;60;52;-0.0061;-0.0144;-0.0144;-0.0059;-0.0108;0.0000;0.1811
1331.0;0.5105;0.5000;0.0120;0.0000;60;54;-0.0794;-0.0114;-0.0158;-0.0010;-0.0108;0.0000;0.1811
1331.5;0.5046;0.5000;-0.0060;0.0000;62;58;0.0769;-0.0056;-0.0158;-0.0000;-0.0108;0.0000;0.1811
1332.0;0.5027;0.5000;-0.0985;0.0000;60;58;0.0012;-0.0041;-0.0158;0.0039;-0.0108;0.0000;0.1811
1332.5;0.4973;0.5000;-0.1160;0.0000;62;62;0.0818;0.0018;-0.0158;0.0039;-0.0108;0.0000;0.1811
1333.0;0.4959;0.5000;-0.1590;0.0000;62;62;0.0037;0.0032;-0.0158;0.0059;-0.0108;0.0000;0.1811
1333.5;0.4982;0.5000;-0.1720;0.0000;60;60;-0.0745;0.0003;-0.0158;0.0068;-0.0108;0.0000;0.1811
1334.0;0.4968;0.5000;-0.1725;0.0000;62;60;0.0037;0.0018;-0.0158;0.0068;-0.0108;0.0000;0.1811
1334.5;0.4954;0.5000;-0.1195;0.0000;62;60;0.0037;0.0032;-0.0158;0.0049;-0.0108;0.0000;0.1811
1335.0;0.4940;0.5000;-0.1465;0.0000;62;60;0.0037;0.0047;-0.0144;0.0059;-0.0108;0.0000;0.1811
1335.5;0.4931;0.5000;-0.1080;0.0000;62;60;0.0037;0.0062;-0.0144;0.0039;-0.0108;0.0000;0.1811
1336.0;0.4918;0.5000;-0.1205;0.0000;62;60;0.0037;0.0076;-0.0144;0.0049;-0.0108;0.0000;0.1811
1336.5;0.4904;0.5000;-0.0715;0.0000;62;60;0.0012;0.0091;-0.0144;0.0029;-0.0108;0.0000;0.1811
1337.0;0.4895;0.5000;-0.0620;0.0000;64;60;0.0012;0.0091;-0.0144;0.0020;-0.0108;0.0000;0.1811
1337.5;0.4881;0.5000;-0.0245;0.0000;64;60;-0.0012;0.0105;-0.0144;0.0010;-0.0108;0.0000;0.1811
1338.0;0.4867;0.5000;0.0430;0.0000;64;60;-0.0037;0.0120;-0.0144;-0.0020;-0.0108;0.0000;0.1811
1338.5;0.4867;0.5000;0.0240;0.0000;64;60;-0.0012;0.0120;-0.0144;-0.0020;-0.0108;0.0000;0.1811
1339.0;0.4849;0.5000;0.0215;0.0000;64;60;-0.0012;0.0135;-0.0144;-0.0010;-0.0108;0.0000;0.1811
1339.5;0.4849;0.5000;-0.0850;0.0000;64;60;0.0012;0.0135;-0.0144;0.0029;-0.0108;0.0000;0.1811
1340.0;0.4803;0.5000;-0.1705;0.0000;64;62;0.0037;0.0193;-0.0144;0.0068;-0.0108;0.0000;0.1811
1340.5;0.4794;0.5000;-0.2640;0.0000;64;64;0.0085;0.0193;-0.0144;0.0108;-0.0108;0.0000;0.1811
1341.0;0.4831;0.5000;-0.2410;0.0000;62;62;-0.0720;0.0164;-0.0129;0.0098;-0.0108;0.0000;0.1811
1341.5;0.4821;0.5000;-0.2205;0.0000;62;62;0.0061;0.0164;-0.0129;0.0088;-0.0108;0.0000;0.1811
1342.0;0.4817;0.5000;-0.1785;0.0000;62;60;0.0061;0.0179;-0.0129;0.0068;-0.0108;0.0000;0.1811
1342.5;0.4803;0.5000;-0.1535;0.0000;64;62;0.0037;0.0193;-0.0129;0.0059;-0.0108;0.0000;0.1811
1343.0;0.4803;0.5000;-0.0850;0.0000;64;60;0.0012;0.0179;-0.0129;0.0029;-0.0108;0.0000;0.1811
1343.5;0.4794;0.5000;-0.0245;0.0000;64;60;-0.0794;0.0193;-0.0129;0.0010;-0.0108;0.0000;0.1811
1344.0;0.4753;0.5000;-0.0715;0.0000;65;62;0.0794;0.0237;-0.0129;0.0029;-0.0108;0.0000;0.1811
1344.5;0.4789;0.5000;-0.0245;0.0000;64;60;-0.0794;0.0193;-0.0114;0.0010;-0.0108;0.0000;0.1811
1345.0;0.4785;0.5000;-0.1060;0.0000;64;60;0.0037;0.0208;-0.0114;0.0039;-0.0108;0.0000;0.1811
1345.5;0.4744;0.5000;-0.0910;0.0000;65;62;0.0012;0.0252;-0.0114;0.0029;-0.0108;0.0000;0.1811
1346.0;0.4739;0.5000;-0.1480;0.0000;64;64;0.0037;0.0252;-0.0114;0.0059;-0.0108;0.0000;0.1811
1346.5;0.4734;0.5000;-0.1055;0.0000;65;64;0.0037;0.0252;-0.0114;0.0039;-0.0108;0.0000;0.1811
1347.0;0.4734;0.5000;-0.1710;0.0000;64;64;0.0037;0.0252;-0.0114;0.0068;-0.0108;0.0000;0.1811
1347.5;0.4734;0.5000;-0.1445;0.0000;64;64;0.0037;0.0252;-0.0100;0.0059;-0.0098;0.0000;0.1811
1348.0;0.4730;0.5000;-0.1095;0.0000;65;64;0.0037;0.0267;-0.0100;0.0039;-0.0098;0.0000;0.1811
1348.5;0.4730;0.5000;-0.1295;0.0000;64;64;0.0037;0.0267;-0.0100;0.0049;-0.0098;0.0000;0.1811
1349.0;0.4725;0.5000;-0.0980;0.0000;64;62;-0.0769;0.0267;-0.0100;0.0039;-0.0098;0.0000;0.1811
1349.5;0.4725;0.5000;-0.1450;0.0000;64;64;0.0037;0.0267;-0.0100;0.0059;-0.0098;0.0000;0.1811
1350.0;0.4725;0.5000;-0.0890;0.0000;65;62;0.0012;0.0267;-0.0085;0.0029;-0.0098;0.0000;0.1811
1350.5;0.4721;0.5000;-0.1185;0.0000;65;64;0.0037;0.0267;-0.0085;0.0049;-0.0098;0.0000;0.1811
1351.0;0.4679;0.5000;-0.0675;0.0000;67;64;-0.0769;0.0311;-0.0085;0.0020;-0.0098;0.0000;0.1811
1351.5;0.4748;0.5000;-0.0965;0.0000;64;62;0.0012;0.0237;-0.0085;0.0039;-0.0098;0.0000;0.1811
1352.0;0.4748;0.5000;-0.0505;0.0000;64;60;0.0012;0.0237;-0.0085;0.0020;-0.0098;0.0000;0.1811
1352.5;0.4753;0.5000;-0.1240;0.0000;64;62;0.0037;0.0237;-0.0085;0.0049;-0.0098;0.0000;0.1811
1353.0;0.4744;0.5000;-0.1120;0.0000;64;62;0.0037;0.0252;-0.0070;0.0039;-0.0098;0.0000;0.1811
1353.5;0.4748;0.5000;-0.1285;0.0000;64;62;0.0037;0.0237;-0.0070;0.0049;-0.0098;0.0000;0.1811
1354.0;0.4744;0.5000;-0.1525;0.0000;64;62;0.0037;0.0252;-0.0070;0.0059;-0.0098;0.0000;0.1811
1354.5;0.4744;0.5000;-0.1510;0.0000;64;62;0.0037;0.0252;-0.0070;0.0059;-0.0098;0.0000;0.1811
1355.0;0.4739;0.5000;-0.2125;0.0000;64;64;0.0061;0.0252;-0.0070;0.0088;-0.0098;0.0000;0.1811
1355.5;0.4739;0.5000;-0.2050;0.0000;64;64;0.0061;0.0252;-0.0070;0.0078;-0.0098;0.0000;0.1811
1356.0;0.4734;0.5000;-0.2505;0.0000;64;64;0.0085;0.0252;-0.0056;0.0098;-0.0098;0.0000;0.1811
1356.5;0.4730;0.5000;-0.1940;0.0000;64;64;0.0061;0.0267;-0.0056;0.0078;-0.0098;0.0000;0.1811
1357.0;0.4725;0.5000;-0.2390;0.0000;64;64;0.0842;0.0267;-0.0056;0.0098;-0.0098;0.0000;0.1811
1357.5;0.4684;0.5000;-0.2710;0.0000;65;65;-0.0696;0.0311;-0.0056;0.0108;-0.0098;0.0000;0.1811
1358.0;0.4730;0.5000;-0.2860;0.0000;64;64;-0.0696;0.0267;-0.0056;0.0117;-0.0098;0.0000;0.1811
1358.5;0.4725;0.5000;-0.2340;0.0000;64;64;0.0061;0.0267;-0.0041;0.0098;-0.0098;0.0000;0.1811
1359.0;0.4725;0.5000;-0.1415;0.0000;65;64;0.0037;0.0267;-0.0041;0.0059;-0.0098;0.0000;0.1811
1359.5;0.4725;0.5000;-0.1340;0.0000;65;64;0.0037;0.0267;-0.0041;0.0049;-0.0098;0.0000;0.1811
1360.0;0.4721;0.5000;-0.1215;0.0000;65;64;-0.0745;0.0267;-0.0041;0.0049;-0.0098;0.0000;0.1811
1360.5;0.4721;0.5000;-0.2015;0.0000;65;64;0.0061;0.0267;-0.0041;0.0078;-0.0098;0.0000;0.1811
1361.0;0.4721;0.5000;-0.2035;0.0000;65;64;0.0061;0.0267;-0.0026;0.0078;-0.0098;0.0000;0.1811
1361.5;0.4716;0.5000;-0.2810;0.0000;64;65;0.0085;0.0281;-0.0026;0.0117;-0.0098;0.0000;0.1811
1362.0;0.4716;0.5000;-0.2685;0.0000;64;65;0.0085;0.0267;-0.0026;0.0108;-0.0088;0.0000;0.1811
1362.5;0.4712;0.5000;-0.2835;0.0000;64;65;0.0085;0.0281;-0.0026;0.0117;-0.0088;0.0000;0.1811
1363.0;0.4716;0.5000;-0.3085;0.0000;64;65;0.0867;0.0281;-0.0026;0.0127;-0.0088;0.0000;0.1811
1363.5;0.4716;0.5000;-0.2595;0.0000;64;65;0.0085;0.0281;-0.0012;0.0108;-0.0088;0.0000;0.1811
1364.0;0.4712;0.5000;-0.2670;0.0000;64;65;0.0085;0.0281;-0.0012;0.0108;-0.0088;0.0000;0.1811
1364.5;0.4712;0.5000;-0.1890;0.0000;65;65;0.0061;0.0281;-0.0012;0.0078;-0.0088;0.0000;0.1811
1365.0;0.4712;0.5000;-0.2495;0.0000;65;65;0.0085;0.0281;-0.0012;0.0098;-0.0088;0.0000;0.1811
1365.5;0.4702;0.5000;-0.1905;0.0000;65;65;0.0842;0.0281;-0.0012;0.0078;-0.0088;0.0000;0.1811
1366.0;0.4666;0.5000;-0.1640;0.0000;67;65;-0.0745;0.0325;0.0003;0.0068;-0.0088;0.0000;0.1811
1366.5;0.4588;0.5000;-0.1920;0.0000;71;69;0.0061;0.0398;0.0003;0.0078;-0.0088;0.0000;0.1811
1367.0;0.4551;0.5000;-0.2040;0.0000;71;71;0.0842;0.0442;0.0003;0.0078;-0.0088;0.0000;0.1811
1367.5;0.4565;0.5000;-0.1990;0.0000;71;71;0.0061;0.0428;0.0003;0.0078;-0.0088;0.0000;0.1811
1368.0;0.4570;0.5000;-0.1565;0.0000;71;69;0.0037;0.0413;0.0018;0.0059;-0.0088;0.0000;0.1811
1368.5;0.4615;0.5000;-0.2140;0.0000;67;67;0.0061;0.0369;0.0018;0.0088;-0.0088;0.0000;0.1811
1369.0;0.4620;0.5000;-0.1370;0.0000;67;67;0.0037;0.0369;0.0018;0.0049;-0.0088;0.0000;0.1811
1369.5;0.4625;0.5000;-0.1565;0.0000;67;67;0.0037;0.0369;0.0018;0.0059;-0.0088;0.0000;0.1811
1370.0;0.4666;0.5000;-0.1165;0.0000;65;65;-0.0745;0.0325;0.0032;0.0039;-0.0088;0.0000;0.1811
1370.5;0.4661;0.5000;-0.1110;0.0000;67;65;-0.0745;0.0325;0.0032;0.0039;-0.0088;0.0000;0.1811
1371.0;0.4670;0.5000;-0.0465;0.0000;67;64;0.0012;0.0325;0.0032;0.0010;-0.0088;0.0000;0.1811
1371.5;0.4666;0.5000;-0.0920;0.0000;67;65;0.0012;0.0325;0.0032;0.0029;-0.0088;0.0000;0.1811
1372.0;0.4675;0.5000;-0.1825;0.0000;65;65;0.0061;0.0311;0.0047;0.0068;-0.0088;0.0000;0.1811
1372.5;0.4716;0.5000;-0.2575;0.0000;64;64;-0.0696;0.0281;0.0047;0.0108;-0.0088;0.0000;0.1811
1373.0;0.4753;0.5000;-0.3655;0.0000;62;64;-0.0672;0.0237;0.0047;0.0147;-0.0088;0.0000;0.1811
1373.5;0.4748;0.5000;-0.4220;0.0000;62;65;0.0134;0.0237;0.0047;0.0176;-0.0078;0.0000;0.1811
1374.0;0.4748;0.5000;-0.5040;0.0000;62;65;0.0159;0.0237;0.0047;0.0205;-0.0078;0.0000;0.1811
1374.5;0.4785;0.5000;-0.5455;0.0000;60;65;-0.0598;0.0208;0.0047;0.0225;-0.0078;0.0000;0.1811
1375.0;0.4812;0.5000;-0.5530;0.0000;60;65;0.0965;0.0179;0.0062;0.0225;-0.0078;0.0000;0.1811
1375.5;0.4812;0.5000;-0.5345;0.0000;60;65;-0.0598;0.0179;0.0062;0.0215;-0.0078;0.0000;0.1811
1376.0;0.4803;0.5000;-0.5105;0.0000;60;65;0.0159;0.0179;0.0062;0.0205;-0.0078;0.0000;0.1811
1376.5;0.4799;0.5000;-0.4875;0.0000;62;65;0.0159;0.0193;0.0062;0.0196;-0.0078;0.0000;0.1811
1377.0;0.4794;0.5000;-0.4605;0.0000;62;65;-0.1429;0.0193;0.0062;0.0186;-0.0078;0.0000;0.1811
1377.5;0.4789;0.5000;-0.4300;0.0000;64;65;0.0134;0.0208;0.0062;0.0176;-0.0078;0.0000;0.1811
1378.0;0.4785;0.5000;-0.3575;0.0000;64;65;0.0110;0.0208;0.0062;0.0147;-0.0068;0.0000;0.1811
1378.5;0.4780;0.5000;-0.3445;0.0000;64;65;-0.0672;0.0208;0.0076;0.0137;-0.0068;0.0000;0.1811
1379.0;0.4776;0.5000;-0.2875;0.0000;65;65;0.0085;0.0208;0.0076;0.0117;-0.0068;0.0000;0.1811
1379.5;0.4762;0.5000;-0.2515;0.0000;65;65;0.0085;0.0223;0.0076;0.0098;-0.0068;0.0000;0.1811
1380.0;0.4803;0.5000;-0.2370;0.0000;64;64;-0.0720;0.0179;0.0076;0.0098;-0.0068;0.0000;0.1811
1380.5;0.4803;0.5000;-0.2315;0.0000;64;64;0.0061;0.0193;0.0076;0.0088;-0.0068;0.0000;0.1811
1381.0;0.4831;0.5000;-0.2345;0.0000;64;64;0.0842;0.0164;0.0076;0.0098;-0.0068;0.0000;0.1811
1381.5;0.4831;0.5000;-0.2080;0.0000;64;64;0.0061;0.0164;0.0076;0.0078;-0.0068;0.0000;0.1811
1382.0;0.4863;0.5000;-0.2245;0.0000;62;62;-0.0720;0.0120;0.0076;0.0088;-0.0068;0.0000;0.1811
1382.5;0.4895;0.5000;-0.2155;0.0000;62;62;0.0842;0.0091;0.0076;0.0088;-0.0068;0.0000;0.1811
1383.0;0.4886;0.5000;-0.1990;0.0000;62;62;-0.0720;0.0105;0.0091;0.0078;-0.0068;0.0000;0.1811
1383.5;0.4872;0.5000;-0.1735;0.0000;64;64;0.0842;0.0120;0.0091;0.0068;-0.0068;0.0000;0.1811
1384.0;0.4826;0.5000;-0.2360;0.0000;65;65;0.0061;0.0164;0.0091;0.0098;-0.0068;0.0000;0.1811
1384.5;0.4817;0.5000;-0.2275;0.0000;65;65;-0.0012;0.0179;0.0091;0.0088;-0.0068;0.0000;0.1811
1385.0;0.4844;0.5000;-0.2575;0.0000;64;65;0.0867;0.0149;0.0091;0.0108;-0.0068;0.0000;0.1811
1385.5;0.4840;0.5000;-0.2680;0.0000;64;65;0.0085;0.0149;0.0091;0.0108;-0.0068;0.0000;0.1811
1386.0;0.4835;0.5000;-0.2645;0.0000;64;65;0.0085;0.0149;0.0091;0.0108;-0.0068;0.0000;0.1811
1386.5;0.4826;0.5000;-0.2550;0.0000;65;65;0.0085;0.0164;0.0091;0.0098;-0.0068;0.0000;0.1811
1387.0;0.4858;0.5000;-0.2280;0.0000;64;65;0.0842;0.0135;0.0091;0.0088;-0.0068;0.0000;0.1811
1387.5;0.4853;0.5000;-0.2300;0.0000;64;65;0.0061;0.0135;0.0105;0.0088;-0.0068;0.0000;0.1811
1388.0;0.4844;0.5000;-0.1985;0.0000;64;65;0.0061;0.0149;0.0105;0.0078;-0.0059;0.0000;0.1811
1388.5;0.4835;0.5000;-0.1750;0.0000;65;65;0.0061;0.0149;0.0105;0.0068;-0.0059;0.0000;0.1811
1389.0;0.4826;0.5000;-0.1255;0.0000;65;65;-0.0745;0.0164;0.0105;0.0049;-0.0059;0.0000;0.1811
1389.5;0.4858;0.5000;-0.1620;0.0000;64;65;0.0818;0.0135;0.0105;0.0059;-0.0059;0.0000;0.1811
1390.0;0.4853;0.5000;-0.1180;0.0000;64;65;0.0037;0.0135;0.0105;0.0049;-0.0059;0.0000;0.1811
1390.5;0.4840;0.5000;-0.0845;0.0000;65;65;0.0012;0.0149;0.0105;0.0029;-0.0059;0.0000;0.1811
1391.0;0.4840;0.5000;-0.1255;0.0000;65;65;0.0037;0.0149;0.0105;0.0049;-0.0059;0.0000;0.1811
1391.5;0.4831;0.5000;-0.0865;0.0000;65;65;0.1575;0.0164;0.0105;0.0029;-0.0059;0.0000;0.1811
1392.0;0.4826;0.5000;-0.1025;0.0000;65;67;0.0012;0.0164;0.0120;0.0039;-0.0059;0.0000;0.1811
1392.5;0.4817;0.5000;-0.0435;0.0000;65;65;0.0012;0.0179;0.0120;0.0010;-0.0059;0.0000;0.1811
1393.0;0.4812;0.5000;-0.0520;0.0000;67;67;0.0012;0.0179;0.0120;0.0020;-0.0059;0.0000;0.1811
1393.5;0.4803;0.5000;-0.0745;0.0000;67;67;0.0012;0.0179;0.0120;0.0029;-0.0059;0.0000;0.1811
1394.0;0.4831;0.5000;-0.1090;0.0000;65;65;0.0818;0.0164;0.0120;0.0039;-0.0059;0.0000;0.1811
1394.5;0.4831;0.5000;-0.1415;0.0000;65;65;0.0037;0.0164;0.0120;0.0059;-0.0059;0.0000;0.1811
1395.0;0.4821;0.5000;-0.1205;0.0000;65;67;-0.0745;0.0164;0.0120;0.0049;-0.0059;0.0000;0.1811
1395.5;0.4776;0.5000;-0.0900;0.0000;67;67;-0.0769;0.0208;0.0120;0.0029;-0.0059;0.0000;0.1811
1396.0;0.4812;0.5000;-0.0195;0.0000;67;65;0.0769;0.0179;0.0135;-0.0000;-0.0059;0.0000;0.1811
1396.5;0.4808;0.5000;0.0290;0.0000;67;65;-0.0012;0.0179;0.0135;-0.0020;-0.0059;0.0000;0.1811
1397.0;0.4881;0.5000;0.0575;0.0000;65;62;-0.0037;0.0105;0.0135;-0.0029;-0.0059;0.0000;0.1811
1397.5;0.4872;0.5000;0.0420;0.0000;65;64;-0.0037;0.0120;0.0135;-0.0020;-0.0059;0.0000;0.1811
1398.0;0.4863;0.5000;0.0235;0.0000;65;64;-0.0012;0.0135;0.0135;-0.0020;-0.0059;0.0000;0.1811
1398.5;0.4895;0.5000;0.0230;0.0000;64;64;0.0769;0.0091;0.0135;-0.0020;-0.0059;0.0000;0.1811
1399.0;0.4922;0.5000;-0.0145;0.0000;64;62;-0.0794;0.0062;0.0135;-0.0000;-0.0059;0.0000;0.1811
1399.5;0.4913;0.5000;0.0115;0.0000;64;62;0.0769;0.0076;0.0135;-0.0010;-0.0059;0.0000;0.1811
1400.0;0.4899;0.5000;-0.0265;0.0000;65;64;-0.0012;0.0091;0.0135;0.0010;-0.0059;0.0000;0.1811
1400.5;0.4890;0.5000;-0.0620;0.0000;65;64;0.0012;0.0105;0.0135;0.0020;-0.0059;0.0000;0.1811
1401.0;0.4918;0.5000;-0.0350;0.0000;64;62;-0.0794;0.0076;0.0135;0.0010;-0.0059;0.0000;0.1811
1401.5;0.4908;0.5000;-0.0200;0.0000;65;64;-0.0012;0.0076;0.0135;-0.0000;-0.0059;0.0000;0.1811
1402.0;0.4936;0.5000;-0.0070;0.0000;64;62;0.0769;0.0047;0.0135;-0.0000;-0.0059;0.0000;0.1811
1402.5;0.4922;0.5000;0.0140;0.0000;65;62;-0.0012;0.0062;0.0135;-0.0010;-0.0059;0.0000;0.1811
1403.0;0.4940;0.5000;0.0050;0.0000;64;62;0.0769;0.0047;0.0135;-0.0010;-0.0059;0.0000;0.1811
1403.5;0.4931;0.5000;-0.0250;0.0000;64;64;-0.0012;0.0062;0.0149;0.0010;-0.0059;0.0000;0.1811
1404.0;0.4927;0.5000;-0.0105;0.0000;65;64;-0.0794;0.0062;0.0149;-0.0000;-0.0059;0.0000;0.1811
1404.5;0.4945;0.5000;-0.0230;0.0000;64;64;0.0769;0.0047;0.0149;-0.0000;-0.0059;0.0000;0.1811
1405.0;0.4940;0.5000;0.0195;0.0000;64;64;-0.0012;0.0047;0.0149;-0.0010;-0.0059;0.0000;0.1811
1405.5;0.4968;0.5000;0.0080;0.0000;64;62;0.0769;0.0018;0.0149;-0.0010;-0.0059;0.0000;0.1811
1406.0;0.4954;0.5000;-0.0225;0.0000;64;64;-0.0012;0.0032;0.0149;-0.0000;-0.0059;0.0000;0.1811
1406.5;0.4982;0.5000;-0.0250;0.0000;64;62;-0.0012;0.0018;0.0149;0.0010;-0.0059;0.0000;0.1811
1407.0;0.4968;0.5000;-0.0375;0.0000;64;64;0.0012;0.0018;0.0149;0.0010;-0.0059;0.0000;0.1811
1407.5;0.4991;0.5000;0.0015;0.0000;64;62;0.0769;0.0003;0.0149;-0.0010;-0.0059;0.0000;0.1811
1408.0;0.4973;0.5000;-0.0315;0.0000;64;64;-0.0012;0.0018;0.0149;0.0010;-0.0059;0.0000;0.1811
1408.5;0.5000;0.5000;0.0240;0.0000;62;62;0.0769;-0.0012;0.0149;-0.0020;-0.0059;0.0000;0.1811
1409.0;0.4982;0.5000;-0.0195;0.0000;64;64;-0.0012;0.0003;0.0149;-0.0000;-0.0059;0.0000;0.1811
1409.5;0.4973;0.5000;-0.0035;0.0000;64;64;-0.0012;0.0018;0.0149;-0.0000;-0.0059;0.0000;0.1811
1410.0;0.4995;0.5000;-0.0705;0.0000;64;62;-0.0769;-0.0012;0.0149;0.0029;-0.0059;0.0000;0.1811
1410.5;0.4982;0.5000;-0.0480;0.0000;64;64;0.0012;0.0003;0.0149;0.0020;-0.0059;0.0000;0.1811
1411.0;0.4968;0.5000;-0.0255;0.0000;65;64;-0.0012;0.0018;0.0149;0.0010;-0.0059;0.0000;0.1811
1411.5;0.4954;0.5000;-0.0720;0.0000;65;64;0.0012;0.0032;0.0149;0.0029;-0.0059;0.0000;0.1811
1412.0;0.4982;0.5000;-0.0705;0.0000;64;64;0.0794;0.0018;0.0149;0.0029;-0.0059;0.0000;0.1811
1412.5;0.4963;0.5000;-0.0805;0.0000;64;64;0.0012;0.0032;0.0149;0.0029;-0.0059;0.0000;0.1811
1413.0;0.4950;0.5000;-0.0305;0.0000;65;64;-0.0012;0.0047;0.0149;0.0010;-0.0059;0.0000;0.1811
1413.5;0.4977;0.5000;-0.0580;0.0000;64;64;-0.0769;0.0018;0.0149;0.0020;-0.0059;0.0000;0.1811
1414.0;0.5000;0.5000;-0.0220;0.0000;64;62;0.0769;-0.0012;0.0149;-0.0000;-0.0059;0.0000;0.1811
1414.5;0.4986;0.5000;-0.0845;0.0000;64;64;0.0012;0.0003;0.0149;0.0029;-0.0059;0.0000;0.1811
1415.0;0.5014;0.5000;-0.0725;0.0000;62;62;0.0794;-0.0026;0.0149;0.0029;-0.0059;0.0000;0.1811
1415.5;0.5037;0.5000;-0.0295;0.0000;62;62;-0.0794;-0.0041;0.0149;0.0010;-0.0059;0.0000;0.1811
1416.0;0.5060;0.5000;-0.0080;0.0000;62;60;0.0769;-0.0070;0.0149;-0.0000;-0.0059;0.0000;0.1811
1416.5;0.5041;0.5000;0.0120;0.0000;62;62;-0.0012;-0.0056;0.0149;-0.0010;-0.0059;0.0000;0.1811
1417.0;0.5096;0.5000;-0.0505;0.0000;60;60;0.0012;-0.0100;0.0149;0.0020;-0.0059;0.0000;0.1811
1417.5;0.5073;0.5000;-0.0180;0.0000;62;60;-0.0012;-0.0085;0.0149;-0.0000;-0.0059;0.0000;0.1811
1418.0;0.5101;0.5000;-0.0545;0.0000;60;60;0.0794;-0.0114;0.0149;0.0020;-0.0059;0.0000;0.1811
1418.5;0.5073;0.5000;-0.0345;0.0000;62;62;0.0012;-0.0085;0.0149;0.0010;-0.0059;0.0000;0.1811
1419.0;0.5060;0.5000;-0.0080;0.0000;62;62;0.0769;-0.0070;0.0149;-0.0000;-0.0059;0.0000;0.1811
1419.5;0.5041;0.5000;-0.0015;0.0000;62;62;-0.0012;-0.0056;0.0149;-0.0000;-0.0059;0.0000;0.1811
1420.0;0.5064;0.5000;-0.0460;0.0000;62;62;0.0794;-0.0070;0.0135;0.0010;-0.0059;0.0000;0.1811
1420.5;0.5046;0.5000;-0.0715;0.0000;62;64;0.0012;-0.0056;0.0135;0.0029;-0.0059;0.0000;0.1811
1421.0;0.5105;0.5000;0.0220;0.0000;60;60;-0.0012;-0.0114;0.0135;-0.0010;-0.0059;0.0000;0.1811
1421.5;0.5124;0.5000;0.0090;0.0000;60;60;0.0769;-0.0129;0.0135;-0.0010;-0.0059;0.0000;0.1811
1422.0;0.5096;0.5000;0.0515;0.0000;62;60;-0.0037;-0.0100;0.0135;-0.0029;-0.0059;0.0000;0.1811
1422.5;0.5124;0.5000;0.0110;0.0000;60;60;0.0769;-0.0129;0.0135;-0.0010;-0.0059;0.0000;0.1811
1423.0;0.5133;0.5000;0.0570;0.0000;60;58;-0.0818;-0.0144;0.0135;-0.0029;-0.0059;0.0000;0.1811
1423.5;0.5160;0.4986;0.0385;0.0000;50;50;0.0769;-0.0173;0.0135;-0.0020;-0.0059;0.0000;0.1417
1424.0;0.5137;0.4977;0.0890;0.0000;52;50;-0.0037;-0.0158;0.0135;-0.0039;-0.0059;0.0000;0.1417
1424.5;0.5151;0.4968;0.1505;0.0000;52;48;0.0720;-0.0188;0.0135;-0.0068;-0.0059;0.0000;0.1417
1425.0;0.5128;0.4959;0.1230;0.0000;52;50;-0.0061;-0.0173;0.0135;-0.0059;-0.0059;0.0000;0.1417
1425.5;0.5147;0.4950;0.1075;0.0000;50;48;0.0720;-0.0202;0.0120;-0.0049;-0.0059;0.0000;0.1417
1426.0;0.5124;0.4936;0.0260;0.0000;50;50;-0.0012;-0.0202;0.0120;-0.0020;-0.0059;0.0000;0.1417
1426.5;0.5137;0.4927;0.0650;0.0000;50;48;0.0745;-0.0217;0.0120;-0.0029;-0.0059;0.0000;0.1417
1427.0;0.5119;0.4918;0.0630;0.0000;50;50;-0.0037;-0.0202;0.0120;-0.0029;-0.0059;0.0000;0.1417
1427.5;0.5137;0.4908;0.1240;0.0000;50;48;0.0720;-0.0231;0.0120;-0.0059;-0.0059;0.0000;0.1417
1428.0;0.5073;0.4899;0.2620;0.0000;54;48;-0.0891;-0.0188;0.0120;-0.0117;-0.0059;0.0000;0.1417
1428.5;0.5018;0.4886;0.3940;0.0000;56;50;0.0623;-0.0129;0.0120;-0.0166;-0.0059;0.0000;0.1417
1429.0;0.5000;0.4876;0.3755;0.0000;56;50;-0.0134;-0.0129;0.0120;-0.0166;-0.0059;0.0000;0.1417
1429.5;0.5023;0.4867;0.2365;0.0000;54;50;0.0696;-0.0158;0.0105;-0.0108;-0.0059;0.0000;0.1417
1430.0;0.5005;0.4858;0.1470;0.0000;52;50;-0.0842;-0.0158;0.0105;-0.0068;-0.0059;0.0000;0.1417
1430.5;0.4991;0.4849;0.2055;0.0000;54;50;-0.0085;-0.0144;0.0105;-0.0088;-0.0059;0.0000;0.1417
1431.0;0.5005;0.4840;0.1785;0.0000;52;48;0.0696;-0.0173;0.0105;-0.0078;-0.0059;0.0000;0.1417
1431.5;0.4954;0.4826;0.1550;0.0000;54;50;-0.0842;-0.0129;0.0105;-0.0068;-0.0068;0.0000;0.1417
1432.0;0.4863;0.4817;0.1310;0.0000;58;54;-0.0061;-0.0056;0.0105;-0.0059;-0.0068;0.0000;0.1417
1432.5;0.4812;0.4808;0.0620;0.0000;58;56;0.0745;-0.0012;0.0105;-0.0029;-0.0068;0.0000;0.1417
1433.0;0.4808;0.4799;0.0775;0.0000;56;54;-0.0037;-0.0026;0.0105;-0.0039;-0.0068;0.0000;0.1417
1433.5;0.4803;0.4789;0.0755;0.0000;56;54;-0.0037;-0.0026;0.0105;-0.0039;-0.0068;0.0000;0.1417
1434.0;0.4799;0.4776;0.1175;0.0000;56;52;-0.0061;-0.0026;0.0105;-0.0059;-0.0068;0.0000;0.1417
1434.5;0.4753;0.4766;0.1250;0.0000;58;54;0.0720;0.0003;0.0105;-0.0059;-0.0068;0.0000;0.1417
1435.0;0.4748;0.4757;0.1410;0.0000;56;54;-0.0061;0.0003;0.0105;-0.0068;-0.0068;0.0000;0.1417
1435.5;0.4748;0.4748;0.1710;0.0000;56;52;-0.0061;-0.0012;0.0105;-0.0078;-0.0068;0.0000;0.1417
1436.0;0.4744;0.4739;0.1905;0.0000;56;52;-0.0085;-0.0012;0.0105;-0.0088;-0.0068;0.0000;0.1417
1436.5;0.4744;0.4730;0.2120;0.0000;56;50;-0.0085;-0.0026;0.0105;-0.0098;-0.0068;0.0000;0.1417
1437.0;0.4698;0.4716;0.1820;0.0000;56;52;0.1477;0.0018;0.0105;-0.0078;-0.0068;0.0000;0.1417
1437.5;0.4661;0.4707;0.2245;0.0000;58;52;-0.0867;0.0047;0.0105;-0.0098;-0.0068;0.0000;0.1417
1438.0;0.4661;0.4698;0.2000;0.0000;58;52;-0.0085;0.0032;0.0105;-0.0088;-0.0068;0.0000;0.1417
1438.5;0.4666;0.4689;0.1785;0.0000;56;52;-0.0085;0.0018;0.0105;-0.0078;-0.0068;0.0000;0.1417
1439.0;0.4666;0.4679;0.0340;0.0000;54;52;-0.0012;0.0003;0.0105;-0.0020;-0.0068;0.0000;0.1417
1439.5;0.4625;0.4666;0.0055;0.0000;54;54;0.0769;0.0032;0.0105;-0.0010;-0.0068;0.0000;0.1417
1440.0;0.4629;0.4657;-0.0095;0.0000;54;52;-0.0012;0.0018;0.0105;-0.0000;-0.0068;0.0000;0.1417
1440.5;0.4629;0.4647;0.0455;0.0000;54;52;-0.0037;0.0018;0.0105;-0.0020;-0.0068;0.0000;0.1417
1441.0;0.4629;0.4638;0.0060;0.0000;52;52;-0.0012;0.0003;0.0105;-0.0010;-0.0068;0.0000;0.1417
1441.5;0.4597;0.4629;-0.0525;0.0000;54;52;0.0012;0.0018;0.0105;0.0020;-0.0068;0.0000;0.1417
1442.0;0.4519;0.4620;-0.0595;0.0000;56;56;0.0012;0.0091;0.0105;0.0020;-0.0068;0.0000;0.1417
1442.5;0.4538;0.4606;-0.0240;0.0000;56;54;-0.0012;0.0062;0.0105;0.0010;-0.0068;0.0000;0.1417
1443.0;0.4501;0.4597;0.0005;0.0000;56;54;0.0769;0.0091;0.0105;-0.0010;-0.0068;0.0000;0.1417
1443.5;0.4515;0.4588;-0.0315;0.0000;54;54;-0.0012;0.0062;0.0105;0.0010;-0.0068;0.0000;0.1417
1444.0;0.4483;0.4579;-0.0635;0.0000;56;54;-0.0769;0.0091;0.0105;0.0020;-0.0068;0.0000;0.1417
1444.5;0.4492;0.4570;-0.0630;0.0000;54;52;0.0794;0.0062;0.0120;0.0020;-0.0068;0.0000;0.1417
1445.0;0.4423;0.4556;-0.0915;0.0000;56;56;0.0012;0.0120;0.0120;0.0029;-0.0068;0.0000;0.1417
1445.5;0.4391;0.4547;-0.0595;0.0000;58;56;0.0794;0.0149;0.0120;0.0020;-0.0068;0.0000;0.1417
1446.0;0.4414;0.4538;-0.0960;0.0000;56;54;0.0012;0.0120;0.0120;0.0039;-0.0068;0.0000;0.1339
1446.5;0.4423;0.4528;-0.1305;0.0000;54;54;0.0037;0.0091;0.0120;0.0049;-0.0068;0.0000;0.1339
1447.0;0.4400;0.4519;-0.1600;0.0000;54;54;-0.0745;0.0105;0.0120;0.0059;-0.0068;0.0000;0.1339
1447.5;0.4377;0.4505;-0.1945;0.0000;54;56;0.0842;0.0120;0.0120;0.0078;-0.0068;0.0000;0.1339
1448.0;0.4354;0.4496;-0.2065;0.0000;54;56;0.0842;0.0135;0.0120;0.0078;-0.0068;0.0000;0.1339
1448.5;0.4368;0.4487;-0.1535;0.0000;54;54;0.0037;0.0105;0.0120;0.0059;-0.0068;0.0000;0.1339
1449.0;0.4386;0.4478;-0.0935;0.0000;52;52;0.0012;0.0091;0.0120;0.0029;-0.0068;0.0000;0.1339
1449.5;0.4364;0.4469;-0.0495;0.0000;54;52;-0.0769;0.0105;0.0120;0.0020;-0.0068;0.0000;0.1339
1450.0;0.4377;0.4460;0.0010;0.0000;54;50;-0.0012;0.0076;0.0120;-0.0010;-0.0068;0.0000;0.1339
1450.5;0.4354;0.4446;0.0200;0.0000;54;52;0.0769;0.0091;0.0120;-0.0010;-0.0068;0.0000;0.1339
1451.0;0.4332;0.4437;0.1280;0.0000;56;50;-0.0842;0.0105;0.0135;-0.0059;-0.0068;0.0000;0.1339
1451.5;0.4350;0.4428;0.0905;0.0000;54;50;-0.0037;0.0076;0.0135;-0.0039;-0.0068;0.0000;0.1339
1452.0;0.4327;0.4418;0.1170;0.0000;54;50;-0.0061;0.0076;0.0135;-0.0059;-0.0068;0.0000;0.1339
1452.5;0.4304;0.4409;0.0885;0.0000;54;52;0.0745;0.0091;0.0135;-0.0039;-0.0068;0.0000;0.1339
1453.0;0.4286;0.4396;0.0685;0.0000;54;52;-0.0818;0.0105;0.0135;-0.0029;-0.0068;0.0000;0.1339
1453.5;0.4309;0.4386;0.0535;0.0000;54;50;-0.0037;0.0076;0.0135;-0.0029;-0.0068;0.0000;0.1339
1454.0;0.4327;0.4377;0.0510;0.0000;52;48;-0.0037;0.0047;0.0135;-0.0029;-0.0068;0.0000;0.1339
1454.5;0.4263;0.4368;0.0500;0.0000;54;52;-0.0037;0.0105;0.0135;-0.0029;-0.0068;0.0000;0.1339
1455.0;0.4203;0.4359;0.0620;0.0000;56;54;-0.0037;0.0149;0.0135;-0.0029;-0.0068;0.0000;0.1339
1455.5;0.4235;0.4350;0.0570;0.0000;54;52;-0.0037;0.0105;0.0135;-0.0029;-0.0068;0.0000;0.1339
1456.0;0.4212;0.4336;0.0570;0.0000;56;52;-0.0818;0.0120;0.0135;-0.0029;-0.0068;0.0000;0.1339
1456.5;0.4203;0.4327;0.0555;0.0000;54;52;-0.0037;0.0120;0.0135;-0.0029;-0.0068;0.0000;0.1339
1457.0;0.4148;0.4318;0.0515;0.0000;56;54;-0.0037;0.0164;0.0135;-0.0029;-0.0068;0.0000;0.1339
1457.5;0.4176;0.4309;0.0365;0.0000;54;52;-0.0037;0.0120;0.0149;-0.0020;-0.0068;0.0000;0.1339
1458.0;0.4203;0.4299;0.0200;0.0000;54;50;-0.0012;0.0091;0.0149;-0.0010;-0.0068;0.0000;0.1339
1458.5;0.4226;0.4286;0.0120;0.0000;52;48;-0.0012;0.0047;0.0149;-0.0010;-0.0068;0.0000;0.1339
1459.0;0.4171;0.4277;-0.0045;0.0000;54;50;-0.0794;0.0105;0.0149;-0.0000;-0.0068;0.0000;0.1339
1459.5;0.4153;0.4267;0.0045;0.0000;54;52;0.0769;0.0105;0.0149;-0.0010;-0.0068;0.0000;0.1339
1460.0;0.4148;0.4258;-0.0610;0.0000;54;52;-0.0769;0.0105;0.0149;0.0020;-0.0068;0.0000;0.1339
1460.5;0.4171;0.4249;-0.0895;0.0000;52;50;0.0012;0.0076;0.0149;0.0029;-0.0068;0.0000;0.1339
1461.0;0.4121;0.4240;-0.1150;0.0000;52;52;0.0037;0.0105;0.0149;0.0039;-0.0068;0.0000;0.1339
1461.5;0.4107;0.4226;-0.1465;0.0000;54;52;-0.0745;0.0105;0.0149;0.0059;-0.0068;0.0000;0.1339
1462.0;0.4139;0.4217;-0.1835;0.0000;50;50;0.0061;0.0076;0.0149;0.0068;-0.0068;0.0000;0.1339
1462.5;0.4084;0.4208;-0.2050;0.0000;52;54;0.0061;0.0120;0.0149;0.0078;-0.0068;0.0000;0.1339
1463.0;0.4038;0.4199;-0.1875;0.0000;54;54;0.0061;0.0149;0.0149;0.0078;-0.0068;0.0000;0.1339
1463.5;0.4029;0.4190;-0.1770;0.0000;54;54;0.0061;0.0149;0.0149;0.0068;-0.0068;0.0000;0.1339
1464.0;0.3984;0.4176;-0.1775;0.0000;56;56;0.0061;0.0179;0.0164;0.0068;-0.0068;0.0000;0.1339
1464.5;0.4020;0.4167;-0.1515;0.0000;52;54;0.0037;0.0149;0.0164;0.0059;-0.0068;0.0000;0.1339
1465.0;0.4016;0.4158;-0.0535;0.0000;54;52;-0.0769;0.0135;0.0164;0.0020;-0.0068;0.0000;0.1339
1465.5;0.4048;0.4148;-0.0070;0.0000;52;50;-0.0012;0.0091;0.0164;-0.0000;-0.0068;0.0000;0.1339
1466.0;0.4084;0.4139;-0.0340;0.0000;50;48;-0.0012;0.0047;0.0164;0.0010;-0.0068;0.0000;0.1339
1466.5;0.4034;0.4125;-0.0180;0.0000;52;50;-0.0012;0.0091;0.0164;-0.0000;-0.0068;0.0000;0.1339
1467.0;0.4029;0.4116;-0.0235;0.0000;52;50;0.0769;0.0076;0.0164;0.0010;-0.0068;0.0000;0.1339
1467.5;0.4020;0.4107;0.0415;0.0000;52;48;-0.0818;0.0076;0.0164;-0.0020;-0.0068;0.0000;0.1339
1468.0;0.4016;0.4098;0.0610;0.0000;52;48;-0.0037;0.0076;0.0164;-0.0029;-0.0068;0.0000;0.1339
1468.5;0.3965;0.4089;0.1560;0.0000;54;50;-0.0061;0.0120;0.0164;-0.0068;-0.0068;0.0000;0.1339
1469.0;0.3965;0.4080;0.1330;0.0000;54;48;-0.0061;0.0105;0.0164;-0.0059;-0.0068;0.0000;0.1339
1469.5;0.3924;0.4066;0.0425;0.0000;54;52;-0.0037;0.0135;0.0164;-0.0020;-0.0068;0.0000;0.1339
1470.0;0.3961;0.4057;0.0100;0.0000;52;50;-0.0012;0.0091;0.0164;-0.0010;-0.0068;0.0000;0.1339
1470.5;0.3919;0.4048;0.0175;0.0000;54;50;-0.0012;0.0120;0.0179;-0.0010;-0.0068;0.0000;0.1339
1471.0;0.3961;0.4038;0.0125;0.0000;52;48;-0.0012;0.0076;0.0179;-0.0010;-0.0068;0.0000;0.1339
1471.5;0.3956;0.4029;0.0215;0.0000;52;48;-0.0794;0.0062;0.0179;-0.0010;-0.0068;0.0000;0.1339
1472.0;0.3997;0.4016;0.0105;0.0000;50;46;-0.0012;0.0018;0.0179;-0.0010;-0.0068;0.0000;0.1339
1472.5;0.3951;0.4006;-0.0370;0.0000;50;48;0.0012;0.0047;0.0179;0.0010;-0.0068;0.0000;0.1339
1473.0;0.3988;0.3997;-0.0105;0.0000;48;46;-0.0012;0.0003;0.0179;-0.0000;-0.0068;0.0000;0.1339
1473.5;0.3979;0.3988;-0.0245;0.0000;50;46;-0.0794;0.0003;0.0179;0.0010;-0.0068;0.0000;0.1339
1474.0;0.3984;0.3979;0.0495;0.0000;50;46;0.0745;-0.0012;0.0179;-0.0029;-0.0068;0.0000;0.1339
1474.5;0.3938;0.3970;0.0415;0.0000;50;46;-0.0037;0.0018;0.0179;-0.0020;-0.0068;0.0000;0.1339
1475.0;0.3938;0.3956;0.0590;0.0000;50;46;-0.0818;0.0018;0.0179;-0.0029;-0.0068;0.0000;0.1339
1475.5;0.3897;0.3947;0.0285;0.0000;52;48;-0.0012;0.0047;0.0179;-0.0020;-0.0068;0.0000;0.1339
1476.0;0.3938;0.3938;0.0245;0.0000;50;46;-0.0012;-0.0012;0.0179;-0.0020;-0.0068;0.0000;0.1339
1476.5;0.3897;0.3929;0.0185;0.0000;50;48;-0.0012;0.0018;0.0179;-0.0010;-0.0068;0.0000;0.1339
1477.0;0.3938;0.3919;-0.0400;0.0000;48;46;0.0012;-0.0026;0.0179;0.0010;-0.0068;0.0000;0.1339
1477.5;0.3933;0.3906;-0.0985;0.0000;48;46;-0.0769;-0.0041;0.0179;0.0039;-0.0068;0.0000;0.1339
1478.0;0.3892;0.3897;-0.1075;0.0000;50;48;0.0037;0.0003;0.0179;0.0039;-0.0068;0.0000;0.1339
1478.5;0.3851;0.3887;-0.0915;0.0000;50;48;0.0012;0.0032;0.0179;0.0029;-0.0068;0.0000;0.1339
1479.0;0.3855;0.3878;-0.1105;0.0000;50;48;-0.0745;0.0018;0.0179;0.0039;-0.0068;0.0000;0.1339
1479.5;0.3819;0.3869;-0.0565;0.0000;52;48;0.0012;0.0047;0.0179;0.0020;-0.0068;0.0000;0.1339
1480.0;0.3828;0.3860;-0.0675;0.0000;50;48;-0.0769;0.0018;0.0179;0.0020;-0.0068;0.0000;0.1339
1480.5;0.3791;0.3846;-0.0195;0.0000;52;48;-0.0012;0.0047;0.0179;-0.0000;-0.0068;0.0000;0.1339
1481.0;0.3837;0.3837;-0.0035;0.0000;50;46;-0.0012;-0.0012;0.0179;-0.0000;-0.0068;0.0000;0.1339
1481.5;0.3800;0.3828;-0.0090;0.0000;50;46;-0.0012;0.0018;0.0179;-0.0000;-0.0068;0.0000;0.1339
1482.0;0.3768;0.3819;-0.0070;0.0000;52;48;-0.0012;0.0047;0.0179;-0.0000;-0.0068;0.0000;0.1339
1482.5;0.3690;0.3810;-0.0220;0.0000;54;52;0.0769;0.0105;0.0179;-0.0000;-0.0068;0.0000;0.1339
1483.0;0.3663;0.3796;0.0165;0.0000;54;52;-0.0012;0.0120;0.0179;-0.0010;-0.0068;0.0000;0.1339
1483.5;0.3640;0.3787;0.0245;0.0000;54;52;-0.0012;0.0135;0.0179;-0.0020;-0.0068;0.0000;0.1260
1484.0;0.3608;0.3777;0.0525;0.0000;56;52;-0.0037;0.0164;0.0179;-0.0029;-0.0068;0.0000;0.1260
1484.5;0.3590;0.3768;0.0130;0.0000;56;52;-0.0012;0.0179;0.0179;-0.0010;-0.0068;0.0000;0.1260
1485.0;0.3603;0.3759;-0.0090;0.0000;54;50;-0.0794;0.0149;0.0193;-0.0000;-0.0068;0.0000;0.1260
1485.5;0.3581;0.3750;-0.0380;0.0000;54;52;0.0794;0.0164;0.0193;0.0010;-0.0068;0.0000;0.1260
1486.0;0.3558;0.3736;-0.0365;0.0000;54;52;0.0012;0.0179;0.0193;0.0010;-0.0068;0.0000;0.1260
1486.5;0.3535;0.3727;-0.0220;0.0000;54;52;-0.0012;0.0179;0.0193;-0.0000;-0.0068;0.0000;0.1260
1487.0;0.3553;0.3718;-0.0145;0.0000;54;50;-0.0794;0.0149;0.0193;-0.0000;-0.0068;0.0000;0.1260
1487.5;0.3535;0.3709;0.0170;0.0000;54;50;0.0769;0.0164;0.0193;-0.0010;-0.0068;0.0000;0.1260
1488.0;0.3512;0.3700;0.0400;0.0000;54;50;-0.0037;0.0179;0.0193;-0.0020;-0.0068;0.0000;0.1260
1488.5;0.3494;0.3686;0.1100;0.0000;56;50;-0.0061;0.0193;0.0193;-0.0049;-0.0068;0.0000;0.1260
1489.0;0.3475;0.3677;0.0935;0.0000;56;50;-0.0037;0.0193;0.0208;-0.0049;-0.0068;0.0000;0.1260
1489.5;0.3457;0.3668;0.1605;0.0000;56;50;-0.0061;0.0208;0.0208;-0.0068;-0.0068;0.0000;0.1260
1490.0;0.3521;0.3658;0.1190;0.0000;52;46;-0.0061;0.0135;0.0208;-0.0059;-0.0068;0.0000;0.1260
1490.5;0.3498;0.3649;0.1460;0.0000;52;46;-0.0061;0.0135;0.0208;-0.0068;-0.0068;0.0000;0.1260
1491.0;0.3480;0.3636;0.0820;0.0000;52;48;-0.0818;0.0149;0.0208;-0.0039;-0.0068;0.0000;0.1260
1491.5;0.3462;0.3626;0.0375;0.0000;52;48;-0.0037;0.0164;0.0208;-0.0020;-0.0068;0.0000;0.1260
1492.0;0.3443;0.3617;0.0120;0.0000;52;50;-0.0012;0.0164;0.0208;-0.0010;-0.0068;0.0000;0.1260
1492.5;0.3425;0.3608;-0.0215;0.0000;52;50;-0.0012;0.0179;0.0208;-0.0000;-0.0068;0.0000;0.1260
1493.0;0.3457;0.3599;-0.0500;0.0000;50;48;0.0794;0.0135;0.0208;0.0020;-0.0068;0.0000;0.1260
1493.5;0.3471;0.3590;-0.1000;0.0000;48;48;-0.0769;0.0105;0.0223;0.0039;-0.0068;0.0000;0.1260
1494.0;0.3462;0.3576;-0.0345;0.0000;50;48;-0.0012;0.0105;0.0223;0.0010;-0.0068;0.0000;0.1260
1494.5;0.3484;0.3567;-0.0865;0.0000;48;46;-0.0769;0.0076;0.0223;0.0029;-0.0068;0.0000;0.1260
1495.0;0.3466;0.3558;-0.0440;0.0000;48;46;0.0012;0.0091;0.0223;0.0010;-0.0068;0.0000;0.1260
1495.5;0.3448;0.3549;-0.0775;0.0000;48;46;0.0012;0.0091;0.0223;0.0029;-0.0068;0.0000;0.1260
1496.0;0.3434;0.3539;-0.1065;0.0000;50;48;0.0037;0.0091;0.0223;0.0039;-0.0068;0.0000;0.1260
1496.5;0.3457;0.3526;-0.0995;0.0000;48;46;-0.0769;0.0062;0.0223;0.0039;-0.0068;0.0000;0.1260
1497.0;0.3439;0.3516;-0.0755;0.0000;48;46;0.0012;0.0076;0.0223;0.0029;-0.0068;0.0000;0.1260
1497.5;0.3425;0.3507;-0.0440;0.0000;50;46;0.0012;0.0076;0.0223;0.0010;-0.0068;0.0000;0.1260
1498.0;0.3443;0.3498;-0.1100;0.0000;48;46;-0.0745;0.0047;0.0223;0.0039;-0.0068;0.0000;0.1260
1498.5;0.3393;0.3489;-0.1895;0.0000;48;48;0.0061;0.0091;0.0223;0.0078;-0.0059;0.0000;0.1260
1499.0;0.3416;0.3480;-0.2035;0.0000;46;48;0.0842;0.0047;0.0223;0.0078;-0.0059;0.0000;0.1260
1499.5;0.3402;0.3466;-0.1665;0.0000;46;48;0.0037;0.0062;0.0223;0.0068;-0.0059;0.0000;0.1260
1500.0;0.3388;0.3457;-0.0920;0.0000;48;48;0.0012;0.0062;0.0223;0.0029;-0.0059;0.0000;0.1260
1500.5;0.3375;0.3448;-0.0575;0.0000;48;46;0.0012;0.0062;0.0223;0.0020;-0.0059;0.0000;0.1260
1501.0;0.3402;0.3439;-0.0100;0.0000;48;44;-0.0794;0.0032;0.0223;-0.0000;-0.0059;0.0000;0.1260
1501.5;0.3388;0.3429;-0.0380;0.0000;48;46;0.0012;0.0032;0.0223;0.0010;-0.0059;0.0000;0.1260
1502.0;0.3375;0.3416;-0.0520;0.0000;48;46;0.0012;0.0032;0.0223;0.0020;-0.0059;0.0000;0.1260
1502.5;0.3365;0.3407;-0.0370;0.0000;48;46;0.0012;0.0032;0.0223;0.0010;-0.0059;0.0000;0.1260
1503.0;0.3352;0.3397;-0.0055;0.0000;48;46;-0.0012;0.0032;0.0223;-0.0000;-0.0059;0.0000;0.1260
1503.5;0.3338;0.3388;0.0040;0.0000;48;46;-0.0012;0.0047;0.0223;-0.0010;-0.0059;0.0000;0.1260
1504.0;0.3329;0.3379;0.0415;0.0000;48;46;-0.0037;0.0047;0.0237;-0.0020;-0.0059;0.0000;0.1260
1504.5;0.3320;0.3370;0.0730;0.0000;48;44;-0.0037;0.0047;0.0237;-0.0039;-0.0059;0.0000;0.1260
1505.0;0.3310;0.3356;0.0415;0.0000;48;46;-0.0037;0.0047;0.0237;-0.0020;-0.0059;0.0000;0.1260
1505.5;0.3301;0.3347;0.0370;0.0000;48;46;-0.0037;0.0047;0.0237;-0.0020;-0.0059;0.0000;0.1260
1506.0;0.3246;0.3338;0.0065;0.0000;50;48;-0.0794;0.0091;0.0237;-0.0010;-0.0059;0.0000;0.1260
1506.5;0.3242;0.3329;-0.0280;0.0000;50;46;-0.0012;0.0076;0.0237;0.0010;-0.0059;0.0000;0.1260
1507.0;0.3278;0.3320;-0.0845;0.0000;48;44;-0.0769;0.0032;0.0237;0.0029;-0.0059;0.0000;0.1260
1507.5;0.3233;0.3306;-0.1015;0.0000;50;46;-0.0769;0.0062;0.0237;0.0039;-0.0059;0.0000;0.1260
1508.0;0.3228;0.3297;-0.1515;0.0000;48;46;0.0037;0.0062;0.0237;0.0059;-0.0059;0.0000;0.1260
1508.5;0.3223;0.3288;-0.1695;0.0000;48;46;0.0818;0.0062;0.0237;0.0068;-0.0059;0.0000;0.1260
1509.0;0.3178;0.3278;-0.1715;0.0000;50;48;-0.0745;0.0091;0.0237;0.0068;-0.0059;0.0000;0.1260
1509.5;0.3178;0.3269;-0.1620;0.0000;48;48;0.0037;0.0091;0.0237;0.0059;-0.0059;0.0000;0.1260
1510.0;0.3173;0.3255;-0.1760;0.0000;48;48;0.0061;0.0076;0.0237;0.0068;-0.0059;0.0000;0.1260
1510.5;0.3168;0.3246;-0.2230;0.0000;46;48;0.0061;0.0076;0.0237;0.0088;-0.0059;0.0000;0.1260
1511.0;0.3164;0.3237;-0.1775;0.0000;48;46;0.0061;0.0062;0.0237;0.0068;-0.0059;0.0000;0.1260
1511.5;0.3164;0.3228;-0.2100;0.0000;46;46;0.0061;0.0062;0.0237;0.0088;-0.0059;0.0000;0.1260
1512.0;0.3123;0.3219;-0.1835;0.0000;48;48;0.0061;0.0091;0.0237;0.0068;-0.0059;0.0000;0.1260
1512.5;0.3086;0.3210;-0.1895;0.0000;50;48;0.0061;0.0120;0.0237;0.0078;-0.0059;0.0000;0.1260
1513.0;0.3049;0.3196;-0.1675;0.0000;50;48;-0.0745;0.0149;0.0237;0.0068;-0.0059;0.0000;0.1260
1513.5;0.3049;0.3187;-0.1505;0.0000;50;48;0.0037;0.0135;0.0252;0.0059;-0.0059;0.0000;0.1260
1514.0;0.3054;0.3178;-0.0650;0.0000;50;46;0.0012;0.0120;0.0252;0.0020;-0.0059;0.0000;0.1260
1514.5;0.3059;0.3168;-0.0375;0.0000;50;46;0.0012;0.0105;0.0252;0.0010;-0.0059;0.0000;0.1260
1515.0;0.2981;0.3159;-0.0480;0.0000;52;48;-0.0769;0.0164;0.0252;0.0020;-0.0059;0.0000;0.1260
1515.5;0.2949;0.3146;-0.0960;0.0000;52;50;0.0012;0.0193;0.0252;0.0039;-0.0059;0.0000;0.1260
1516.0;0.2880;0.3136;-0.1205;0.0000;54;52;0.0037;0.0252;0.0252;0.0049;-0.0059;0.0000;0.1260
1516.5;0.2894;0.3127;-0.1105;0.0000;52;50;0.0037;0.0223;0.0252;0.0039;-0.0059;0.0000;0.1260
1517.0;0.2903;0.3118;-0.1555;0.0000;52;50;0.0037;0.0208;0.0252;0.0059;-0.0059;0.0000;0.1260
1517.5;0.2917;0.3109;-0.1435;0.0000;50;48;0.0037;0.0179;0.0267;0.0059;-0.0059;0.0000;0.1260
1518.0;0.2926;0.3100;-0.1315;0.0000;48;48;0.0037;0.0164;0.0267;0.0049;-0.0059;0.0000;0.1260
1518.5;0.2898;0.3086;-0.1155;0.0000;50;48;-0.0745;0.0179;0.0267;0.0039;-0.0059;0.0000;0.1260
1519.0;0.2908;0.3077;-0.1350;0.0000;48;48;0.0037;0.0164;0.0267;0.0049;-0.0059;0.0000;0.1260
1519.5;0.2880;0.3068;-0.1460;0.0000;50;48;-0.0745;0.0179;0.0267;0.0059;-0.0059;0.0000;0.1260
1520.0;0.2889;0.3059;-0.0890;0.0000;50;46;0.0012;0.0164;0.0267;0.0029;-0.0059;0.0000;0.1260
1520.5;0.2903;0.3049;-0.0620;0.0000;48;46;0.0012;0.0135;0.0267;0.0020;-0.0059;0.0000;0.1260
1521.0;0.2834;0.3036;-0.0315;0.0000;52;48;0.0769;0.0193;0.0267;0.0010;-0.0059;0.0000;0.1181
1521.5;0.2807;0.3027;-0.0720;0.0000;52;48;-0.0769;0.0208;0.0281;0.0029;-0.0059;0.0000;0.1181
1522.0;0.2830;0.3017;-0.0635;0.0000;50;48;0.0012;0.0179;0.0281;0.0020;-0.0059;0.0000;0.1181
1522.5;0.2843;0.3008;-0.0510;0.0000;48;46;0.0012;0.0164;0.0281;0.0020;-0.0059;0.0000;0.1181
1523.0;0.2816;0.2999;-0.0695;0.0000;50;46;-0.0769;0.0179;0.0281;0.0020;-0.0059;0.0000;0.1181
1523.5;0.2871;0.2990;-0.1040;0.0000;46;44;0.0818;0.0105;0.0281;0.0039;-0.0049;0.0000;0.1181
1524.0;0.2848;0.2976;-0.1930;0.0000;46;46;-0.0720;0.0120;0.0281;0.0078;-0.0049;0.0000;0.1181
1524.5;0.2862;0.2967;-0.2045;0.0000;46;46;0.0061;0.0105;0.0281;0.0078;-0.0049;0.0000;0.1181
1525.0;0.2834;0.2958;-0.2520;0.0000;46;46;0.0085;0.0120;0.0281;0.0098;-0.0049;0.0000;0.1181
1525.5;0.2807;0.2949;-0.2000;0.0000;46;48;0.0842;0.0135;0.0281;0.0078;-0.0049;0.0000;0.1181
1526.0;0.2825;0.2940;-0.2130;0.0000;44;46;-0.0720;0.0105;0.0281;0.0088;-0.0049;0.0000;0.1181
1526.5;0.2761;0.2926;-0.1555;0.0000;48;48;0.0037;0.0164;0.0296;0.0059;-0.0049;0.0000;0.1181
1527.0;0.2779;0.2917;-0.1605;0.0000;46;48;0.0037;0.0135;0.0296;0.0059;-0.0049;0.0000;0.1181
1527.5;0.2798;0.2908;-0.1995;0.0000;44;46;0.0061;0.0105;0.0296;0.0078;-0.0049;0.0000;0.1181
1528.0;0.2775;0.2898;-0.1805;0.0000;46;46;-0.0720;0.0120;0.0296;0.0068;-0.0049;0.0000;0.1181
1528.5;0.2715;0.2889;-0.1820;0.0000;48;48;0.0061;0.0164;0.0296;0.0068;-0.0049;0.0000;0.1181
1529.0;0.2734;0.2875;-0.1050;0.0000;48;46;0.0037;0.0135;0.0296;0.0039;-0.0049;0.0000;0.1181
1529.5;0.2752;0.2866;-0.1335;0.0000;46;46;0.0037;0.0105;0.0296;0.0049;-0.0049;0.0000;0.1181
1530.0;0.2729;0.2857;-0.0785;0.0000;48;46;0.0012;0.0120;0.0296;0.0029;-0.0049;0.0000;0.1181
1530.5;0.2711;0.2848;-0.0415;0.0000;48;46;-0.0769;0.0135;0.0296;0.0010;-0.0049;0.0000;0.1181
1531.0;0.2734;0.2839;0.0410;0.0000;48;44;-0.0037;0.0105;0.0296;-0.0020;-0.0049;0.0000;0.1181
1531.5;0.2715;0.2830;0.0320;0.0000;48;44;0.0769;0.0105;0.0296;-0.0020;-0.0049;0.0000;0.1181
1532.0;0.2734;0.2816;0.0565;0.0000;46;42;-0.0037;0.0076;0.0311;-0.0029;-0.0049;0.0000;0.1181
1532.5;0.2715;0.2807;0.0140;0.0000;46;44;-0.0794;0.0091;0.0311;-0.0010;-0.0049;0.0000;0.1181
1533.0;0.2738;0.2798;-0.0840;0.0000;44;42;0.0012;0.0047;0.0311;0.0029;-0.0049;0.0000;0.1181
1533.5;0.2756;0.2788;-0.0555;0.0000;44;40;0.0012;0.0018;0.0311;0.0020;-0.0049;0.0000;0.1181
1534.0;0.2734;0.2779;-0.0605;0.0000;44;42;0.0794;0.0032;0.0311;0.0020;-0.0049;0.0000;0.1181
1534.5;0.2752;0.2766;-0.0125;0.0000;44;40;-0.0012;0.0003;0.0311;-0.0000;-0.0049;0.0000;0.1181
1535.0;0.2734;0.2756;-0.0715;0.0000;44;40;-0.0769;0.0018;0.0311;0.0029;-0.0049;0.0000;0.1181
1535.5;0.2711;0.2747;-0.0275;0.0000;44;42;-0.0012;0.0032;0.0311;0.0010;-0.0049;0.0000;0.1181
1536.0;0.2697;0.2738;-0.1275;0.0000;44;44;0.0818;0.0032;0.0311;0.0049;-0.0049;0.0000;0.1181
1536.5;0.2679;0.2729;-0.0920;0.0000;44;44;-0.0769;0.0047;0.0311;0.0029;-0.0049;0.0000;0.1181
1537.0;0.2660;0.2720;-0.0460;0.0000;44;44;0.0794;0.0047;0.0311;0.0010;-0.0049;0.0000;0.1181
1537.5;0.2605;0.2706;-0.0165;0.0000;48;46;-0.0012;0.0091;0.0311;-0.0000;-0.0049;0.0000;0.1181
1538.0;0.2633;0.2697;-0.0145;0.0000;46;44;-0.0012;0.0062;0.0311;-0.0000;-0.0049;0.0000;0.1181
1538.5;0.2656;0.2688;-0.0910;0.0000;42;44;0.0012;0.0018;0.0311;0.0029;-0.0049;0.0000;0.1181
1539.0;0.2683;0.2679;-0.0915;0.0000;40;40;0.0012;-0.0012;0.0311;0.0029;-0.0049;0.0000;0.1181
1539.5;0.2624;0.2669;-0.1430;0.0000;44;44;-0.0745;0.0032;0.0311;0.0059;-0.0049;0.0000;0.1181
1540.0;0.2610;0.2656;-0.1620;0.0000;44;46;0.0818;0.0047;0.0311;0.0059;-0.0049;0.0000;0.1181
1540.5;0.2596;0.2647;-0.2105;0.0000;42;46;0.0842;0.0047;0.0311;0.0088;-0.0049;0.0000;0.1181
1541.0;0.2582;0.2637;-0.1275;0.0000;44;44;-0.0745;0.0047;0.0311;0.0049;-0.0049;0.0000;0.1181
1541.5;0.2610;0.2628;-0.1250;0.0000;40;42;0.0037;0.0003;0.0311;0.0049;-0.0049;0.0000;0.1181
1542.0;0.2560;0.2619;-0.0865;0.0000;44;44;0.0012;0.0047;0.0311;0.0029;-0.0049;0.0000;0.1181
1542.5;0.2587;0.2610;-0.0200;0.0000;44;42;-0.0012;0.0018;0.0311;-0.0000;-0.0049;0.0000;0.1181
1543.0;0.2573;0.2596;0.0030;0.0000;44;40;-0.0794;0.0018;0.0311;-0.0010;-0.0049;0.0000;0.1181
1543.5;0.2523;0.2587;0.0070;0.0000;46;44;-0.0012;0.0062;0.0311;-0.0010;-0.0049;0.0000;0.1181
1544.0;0.2550;0.2578;-0.0930;0.0000;42;42;0.0012;0.0018;0.0311;0.0029;-0.0049;0.0000;0.1181
1544.5;0.2505;0.2569;-0.0820;0.0000;44;44;0.0012;0.0062;0.0311;0.0029;-0.0049;0.0000;0.1181
1545.0;0.2491;0.2560;-0.1300;0.0000;44;46;0.0818;0.0062;0.0311;0.0049;-0.0049;0.0000;0.1181
1545.5;0.2486;0.2546;-0.0895;0.0000;44;44;-0.0769;0.0047;0.0311;0.0029;-0.0049;0.0000;0.1181
1546.0;0.2482;0.2537;-0.0535;0.0000;44;44;0.0794;0.0047;0.0311;0.0020;-0.0049;0.0000;0.1181
1546.5;0.2473;0.2527;-0.0340;0.0000;44;42;-0.0794;0.0047;0.0311;0.0010;-0.0049;0.0000;0.1181
1547.0;0.2468;0.2518;-0.0095;0.0000;44;42;0.0769;0.0047;0.0311;-0.0000;-0.0049;0.0000;0.1181
1547.5;0.2500;0.2509;0.0425;0.0000;42;40;-0.0037;0.0003;0.0311;-0.0020;-0.0049;0.0000;0.1181
1548.0;0.2454;0.2500;0.0580;0.0000;44;40;-0.0818;0.0032;0.0311;-0.0029;-0.0049;0.0000;0.1181
1548.5;0.2445;0.2486;0.0435;0.0000;44;42;0.0745;0.0032;0.0325;-0.0020;-0.0049;0.0000;0.1181
1549.0;0.2404;0.2477;0.0395;0.0000;46;44;-0.0037;0.0062;0.0325;-0.0020;-0.0049;0.0000;0.1181
1549.5;0.2395;0.2468;-0.0335;0.0000;44;44;-0.0794;0.0062;0.0325;0.0010;-0.0049;0.0000;0.1181
1550.0;0.2395;0.2459;-0.0180;0.0000;44;44;0.0769;0.0047;0.0325;-0.0000;-0.0049;0.0000;0.1181
1550.5;0.2395;0.2450;-0.0165;0.0000;44;42;-0.0794;0.0047;0.0325;-0.0000;-0.0049;0.0000;0.1181
1551.0;0.2390;0.2436;0.0110;0.0000;44;42;0.0769;0.0032;0.0325;-0.0010;-0.0049;0.0000;0.1181
1551.5;0.2349;0.2427;-0.0235;0.0000;44;44;-0.0012;0.0076;0.0325;-0.0000;-0.0049;0.0000;0.1181
1552.0;0.2349;0.2418;-0.1125;0.0000;42;44;0.0037;0.0062;0.0325;0.0039;-0.0049;0.0000;0.1181
1552.5;0.2308;0.2408;-0.0880;0.0000;44;46;0.0012;0.0091;0.0325;0.0029;-0.0049;0.0000;0.1181
1553.0;0.2308;0.2399;-0.1725;0.0000;42;46;0.0842;0.0076;0.0325;0.0068;-0.0049;0.0000;0.1181
1553.5;0.2271;0.2386;-0.1330;0.0000;44;46;0.0037;0.0105;0.0325;0.0049;-0.0039;0.0000;0.1181
1554.0;0.2276;0.2376;-0.1025;0.0000;44;46;0.0794;0.0091;0.0325;0.0039;-0.0039;0.0000;0.1181
1554.5;0.2280;0.2367;-0.1000;0.0000;42;44;-0.0769;0.0076;0.0325;0.0039;-0.0039;0.0000;0.1181
1555.0;0.2285;0.2358;-0.0515;0.0000;42;44;0.0794;0.0062;0.0325;0.0020;-0.0039;0.0000;0.1181
1555.5;0.2248;0.2349;-0.0150;0.0000;44;44;-0.0012;0.0091;0.0325;-0.0000;-0.0039;0.0000;0.1181
1556.0;0.2212;0.2340;0.0255;0.0000;46;44;-0.0012;0.0120;0.0325;-0.0020;-0.0039;0.0000;0.1181
1556.5;0.2216;0.2326;0.0030;0.0000;44;44;-0.0794;0.0105;0.0325;-0.0010;-0.0039;0.0000;0.1181
1557.0;0.2225;0.2317;0.0325;0.0000;44;42;0.0769;0.0091;0.0340;-0.0020;-0.0039;0.0000;0.1181
1557.5;0.2225;0.2308;-0.0135;0.0000;42;42;0.0769;0.0076;0.0340;-0.0000;-0.0039;0.0000;0.1181
1558.0;0.2239;0.2299;-0.0255;0.0000;40;40;-0.0794;0.0047;0.0340;0.0010;-0.0039;0.0000;0.1181
1558.5;0.2244;0.2289;-0.0720;0.0000;40;40;0.0794;0.0032;0.0340;0.0029;-0.0039;0.0000;0.1102
1559.0;0.2248;0.2276;-0.1015;0.0000;40;40;-0.0769;0.0018;0.0340;0.0039;-0.0039;0.0000;0.1102
1559.5;0.2212;0.2266;-0.0655;0.0000;40;40;0.0012;0.0047;0.0340;0.0020;-0.0039;0.0000;0.1102
1560.0;0.2221;0.2257;-0.0310;0.0000;40;40;0.0769;0.0032;0.0340;0.0010;-0.0039;0.0000;0.1102
1560.5;0.2225;0.2248;0.0445;0.0000;40;38;-0.0818;0.0018;0.0340;-0.0020;-0.0039;0.0000;0.1102
1561.0;0.2234;0.2239;0.0790;0.0000;40;38;0.0745;0.0003;0.0340;-0.0039;-0.0039;0.0000;0.1102
1561.5;0.2239;0.2230;0.1065;0.0000;40;36;-0.0842;-0.0012;0.0340;-0.0049;-0.0039;0.0000;0.1102
1562.0;0.2202;0.2216;0.0940;0.0000;40;38;-0.0037;0.0003;0.0340;-0.0049;-0.0039;0.0000;0.1102
1562.5;0.2248;0.2207;0.0665;0.0000;38;36;-0.0037;-0.0041;0.0340;-0.0029;-0.0039;0.0000;0.1102
1563.0;0.2212;0.2198;0.0395;0.0000;40;38;-0.0037;-0.0026;0.0340;-0.0020;-0.0039;0.0000;0.1102
1563.5;0.2216;0.2189;0.0055;0.0000;38;38;0.0769;-0.0041;0.0340;-0.0010;-0.0039;0.0000;0.1102
1564.0;0.2189;0.2179;-0.0045;0.0000;40;38;-0.0012;-0.0012;0.0340;-0.0000;-0.0039;0.0000;0.1102
1564.5;0.2193;0.2166;0.0250;0.0000;40;38;-0.0794;-0.0041;0.0340;-0.0020;-0.0039;0.0000;0.1102
1565.0;0.2161;0.2157;0.0785;0.0000;40;38;-0.0037;-0.0012;0.0340;-0.0039;-0.0039;0.0000;0.1102
1565.5;0.2170;0.2147;0.0825;0.0000;40;36;-0.0818;-0.0026;0.0340;-0.0039;-0.0049;0.0000;0.1102
1566.0;0.2179;0.2138;0.0645;0.0000;38;36;0.0745;-0.0056;0.0340;-0.0029;-0.0049;0.0000;0.1102
1566.5;0.2189;0.2129;-0.0365;0.0000;38;36;-0.0794;-0.0070;0.0340;0.0010;-0.0049;0.0000;0.1102
1567.0;0.2198;0.2120;-0.1165;0.0000;36;36;0.0818;-0.0085;0.0340;0.0039;-0.0039;0.0000;0.1102
1567.5;0.2202;0.2106;-0.1780;0.0000;36;36;-0.0720;-0.0100;0.0325;0.0068;-0.0039;0.0000;0.1102
1568.0;0.2170;0.2097;-0.2390;0.0000;36;38;0.0061;-0.0085;0.0325;0.0098;-0.0039;0.0000;0.1102
1568.5;0.2179;0.2088;-0.2850;0.0000;34;38;0.0867;-0.0100;0.0325;0.0117;-0.0039;0.0000;0.1102
1569.0;0.2147;0.2079;-0.3140;0.0000;34;40;0.0085;-0.0085;0.0325;0.0127;-0.0039;0.0000;0.1102
1569.5;0.2120;0.2070;-0.2610;0.0000;36;40;0.0085;-0.0056;0.0325;0.0108;-0.0039;0.0000;0.1102
1570.0;0.2088;0.2056;-0.1600;0.0000;38;40;0.0037;-0.0041;0.0325;0.0059;-0.0039;0.0000;0.1102
1570.5;0.2102;0.2047;-0.0525;0.0000;38;36;-0.0769;-0.0056;0.0325;0.0020;-0.0039;0.0000;0.1102
1571.0;0.2074;0.2038;-0.0185;0.0000;40;38;-0.0012;-0.0041;0.0325;-0.0000;-0.0039;0.0000;0.1102
1571.5;0.2047;0.2028;-0.0115;0.0000;40;38;-0.0012;-0.0026;0.0325;-0.0000;-0.0039;0.0000;0.1102
1572.0;0.2065;0.2019;-0.0235;0.0000;38;36;-0.0794;-0.0056;0.0325;-0.0000;-0.0039;0.0000;0.1102
1572.5;0.2038;0.2005;-0.0800;0.0000;38;38;0.0012;-0.0041;0.0325;0.0029;-0.0039;0.0000;0.1102
1573.0;0.2015;0.1996;-0.1345;0.0000;38;38;-0.0745;-0.0026;0.0325;0.0049;-0.0039;0.0000;0.1102
1573.5;0.1992;0.1996;-0.2260;0.0000;48;50;0.0061;0.0003;0.0325;0.0088;-0.0039;0.0000;0.1496
1574.0;0.1969;0.1996;-0.2760;0.0000;48;50;0.0085;0.0018;0.0325;0.0108;-0.0039;0.0000;0.1496
1574.5;0.1951;0.1996;-0.3590;0.0000;48;52;0.0110;0.0047;0.0325;0.0147;-0.0039;0.0000;0.1496
1575.0;0.1928;0.1996;-0.3960;0.0000;48;54;0.0134;0.0062;0.0325;0.0166;-0.0039;0.0000;0.1496
1575.5;0.1951;0.1996;-0.4190;0.0000;46;52;-0.0647;0.0047;0.0325;0.0176;-0.0039;0.0000;0.1496
1576.0;0.1932;0.1996;-0.4825;0.0000;46;54;0.0159;0.0062;0.0325;0.0196;-0.0039;0.0000;0.1496
1576.5;0.1914;0.1996;-0.5100;0.0000;48;54;0.0159;0.0076;0.0325;0.0205;-0.0039;0.0000;0.1496
1577.0;0.1932;0.1996;-0.5575;0.0000;46;54;0.0965;0.0062;0.0325;0.0225;-0.0029;0.0000;0.1496
1577.5;0.1914;0.1996;-0.5260;0.0000;46;54;0.0183;0.0076;0.0325;0.0215;-0.0029;0.0000;0.1496
1578.0;0.1937;0.1996;-0.4480;0.0000;46;52;-0.0647;0.0047;0.0325;0.0186;-0.0029;0.0000;0.1496
1578.5;0.1918;0.1996;-0.3250;0.0000;48;52;0.0110;0.0076;0.0340;0.0127;-0.0029;0.0000;0.1496
1579.0;0.1900;0.1996;-0.2250;0.0000;50;52;0.0061;0.0091;0.0340;0.0088;-0.0029;0.0000;0.1496
1579.5;0.1882;0.1996;-0.1385;0.0000;50;52;0.0037;0.0105;0.0340;0.0049;-0.0029;0.0000;0.1496
1580.0;0.1946;0.1996;-0.0480;0.0000;48;48;0.0012;0.0047;0.0340;0.0020;-0.0029;0.0000;0.1496
1580.5;0.1886;0.1996;-0.0205;0.0000;52;50;-0.0794;0.0105;0.0340;-0.0000;-0.0029;0.0000;0.1496
1581.0;0.1868;0.1996;0.0150;0.0000;52;50;-0.0012;0.0120;0.0340;-0.0010;-0.0029;0.0000;0.1496
1581.5;0.1896;0.1996;-0.0035;0.0000;50;50;0.0769;0.0091;0.0340;-0.0000;-0.0029;0.0000;0.1496
1582.0;0.1918;0.1996;-0.0035;0.0000;50;48;-0.0794;0.0076;0.0340;-0.0000;-0.0029;0.0000;0.1496
1582.5;0.1900;0.1996;-0.0725;0.0000;50;50;0.0012;0.0091;0.0340;0.0029;-0.0029;0.0000;0.1496
1583.0;0.1882;0.1996;-0.1355;0.0000;50;50;0.0818;0.0105;0.0340;0.0049;-0.0029;0.0000;0.1496
1583.5;0.1905;0.1996;-0.2110;0.0000;48;50;-0.0720;0.0091;0.0340;0.0088;-0.0029;0.0000;0.1496
1584.0;0.1891;0.1996;-0.2815;0.0000;48;52;0.0085;0.0105;0.0340;0.0117;-0.0029;0.0000;0.1496
1584.5;0.1914;0.1996;-0.2875;0.0000;48;52;0.0867;0.0076;0.0340;0.0117;-0.0029;0.0000;0.1496
1585.0;0.1896;0.1996;-0.2995;0.0000;48;52;-0.0696;0.0091;0.0340;0.0117;-0.0029;0.0000;0.1496
1585.5;0.1877;0.1996;-0.2705;0.0000;48;52;0.0085;0.0105;0.0340;0.0108;-0.0029;0.0000;0.1496
1586.0;0.1859;0.1996;-0.2720;0.0000;50;54;0.0085;0.0135;0.0355;0.0108;-0.0029;0.0000;0.1496
1586.5;0.1845;0.1996;-0.1920;0.0000;50;54;0.0061;0.0149;0.0355;0.0078;-0.0029;0.0000;0.1496
1587.0;0.1909;0.1996;-0.1440;0.0000;48;50;0.0037;0.0076;0.0355;0.0059;-0.0029;0.0000;0.1496
1587.5;0.1896;0.1996;-0.0920;0.0000;50;50;0.0012;0.0091;0.0355;0.0029;-0.0029;0.0000;0.1496
1588.0;0.1877;0.1996;-0.0955;0.0000;50;50;0.0012;0.0120;0.0355;0.0039;-0.0029;0.0000;0.1496
1588.5;0.1941;0.1996;-0.0690;0.0000;48;48;0.0012;0.0047;0.0355;0.0020;-0.0029;0.0000;0.1496
1589.0;0.1923;0.1996;-0.0370;0.0000;50;48;0.0012;0.0062;0.0355;0.0010;-0.0029;0.0000;0.1496
1589.5;0.1905;0.1996;-0.0500;0.0000;50;50;0.0012;0.0091;0.0355;0.0020;-0.0029;0.0000;0.1496
1590.0;0.1964;0.1996;-0.0775;0.0000;46;48;0.0012;0.0018;0.0355;0.0029;-0.0020;0.0000;0.1496
1590.5;0.1946;0.1996;-0.1100;0.0000;48;48;0.0037;0.0047;0.0355;0.0039;-0.0020;0.0000;0.1496
1591.0;0.1964;0.1996;-0.1640;0.0000;46;48;-0.0745;0.0032;0.0355;0.0068;-0.0020;0.0000;0.1496
1591.5;0.1987;0.1996;-0.1975;0.0000;46;48;0.0842;0.0003;0.0355;0.0078;-0.0020;0.0000;0.1496
1592.0;0.1964;0.1996;-0.1920;0.0000;46;50;0.0061;0.0032;0.0355;0.0078;-0.0020;0.0000;0.1496
1592.5;0.2024;0.1996;-0.1580;0.0000;44;46;0.0037;-0.0026;0.0355;0.0059;-0.0020;0.0000;0.1496
1593.0;0.2001;0.1996;-0.1375;0.0000;46;48;0.0037;-0.0012;0.0355;0.0049;-0.0020;0.0000;0.1496
1593.5;0.1978;0.1996;-0.0865;0.0000;48;48;0.0012;0.0018;0.0355;0.0029;-0.0020;0.0000;0.1496
1594.0;0.2038;0.1996;-0.0820;0.0000;46;46;0.0012;-0.0041;0.0355;0.0029;-0.0020;0.0000;0.1496
1594.5;0.2010;0.1996;-0.0510;0.0000;46;46;0.0012;-0.0026;0.0355;0.0020;-0.0020;0.0000;0.1496
1595.0;0.1987;0.1996;-0.0095;0.0000;48;48;-0.0012;0.0003;0.0355;-0.0000;-0.0020;0.0000;0.1496
1595.5;0.2005;0.1996;-0.0210;0.0000;48;48;0.0769;-0.0012;0.0355;-0.0000;-0.0020;0.0000;0.1496
1596.0;0.2028;0.1996;-0.0790;0.0000;46;46;-0.0769;-0.0041;0.0355;0.0029;-0.0020;0.0000;0.1496
1596.5;0.2001;0.1996;-0.0675;0.0000;48;48;0.0012;-0.0012;0.0355;0.0020;-0.0020;0.0000;0.1496
1597.0;0.2024;0.1996;-0.0965;0.0000;46;48;0.0794;-0.0026;0.0355;0.0039;-0.0020;0.0000;0.1496
1597.5;0.2038;0.1996;-0.1290;0.0000;46;48;-0.0745;-0.0056;0.0355;0.0049;-0.0020;0.0000;0.1496
1598.0;0.2056;0.1996;-0.1150;0.0000;44;46;0.0818;-0.0070;0.0355;0.0039;-0.0020;0.0000;0.1496
1598.5;0.2070;0.1996;-0.0750;0.0000;46;46;-0.0769;-0.0085;0.0355;0.0029;-0.0020;0.0000;0.1496
1599.0;0.2083;0.1996;-0.0440;0.0000;44;46;0.0794;-0.0100;0.0355;0.0010;-0.0020;0.0000;0.1496
1599.5;0.2056;0.1996;-0.0400;0.0000;46;46;-0.0769;-0.0070;0.0355;0.0010;-0.0020;0.0000;0.1496
1600.0;0.2028;0.1996;0.0075;0.0000;48;48;-0.0012;-0.0041;0.0355;-0.0010;-0.0020;0.0000;0.1496
1600.5;0.2051;0.1996;-0.0105;0.0000;46;48;0.0769;-0.0056;0.0355;-0.0000;-0.0020;0.0000;0.1496
1601.0;0.2060;0.1996;-0.0095;0.0000;46;46;-0.0794;-0.0070;0.0355;-0.0000;-0.0020;0.0000;0.1496
1601.5;0.2038;0.1996;-0.0245;0.0000;48;48;-0.0012;-0.0041;0.0355;0.0010;-0.0020;0.0000;0.1496
1602.0;0.2092;0.1996;-0.0425;0.0000;44;46;0.0012;-0.0100;0.0355;0.0010;-0.0020;0.0000;0.1496
1602.5;0.2065;0.1996;-0.1215;0.0000;46;48;0.0037;-0.0070;0.0355;0.0049;-0.0020;0.0000;0.1496
1603.0;0.2083;0.1996;-0.1335;0.0000;44;48;0.0818;-0.0085;0.0355;0.0049;-0.0020;0.0000;0.1496
1603.5;0.2092;0.1996;-0.1315;0.0000;44;46;-0.0745;-0.0100;0.0355;0.0049;-0.0020;0.0000;0.1496
1604.0;0.2106;0.1996;-0.1175;0.0000;44;46;0.0818;-0.0114;0.0340;0.0049;-0.0020;0.0000;0.1496
1604.5;0.2120;0.1996;-0.0450;0.0000;44;44;-0.0769;-0.0129;0.0340;0.0010;-0.0020;0.0000;0.1496
1605.0;0.2129;0.1996;-0.0760;0.0000;44;44;0.0794;-0.0144;0.0340;0.0029;-0.0020;0.0000;0.1496
1605.5;0.2143;0.1996;-0.0065;0.0000;44;44;-0.0794;-0.0158;0.0340;-0.0000;-0.0020;0.0000;0.1496
1606.0;0.2111;0.1996;0.0140;0.0000;46;44;-0.0012;-0.0129;0.0340;-0.0010;-0.0020;0.0000;0.1496
1606.5;0.2125;0.1996;0.0290;0.0000;46;44;0.0769;-0.0129;0.0340;-0.0020;-0.0020;0.0000;0.1496
1607.0;0.2138;0.1996;0.0110;0.0000;44;44;-0.0794;-0.0144;0.0340;-0.0010;-0.0020;0.0000;0.1496
1607.5;0.2106;0.1996;-0.0200;0.0000;46;46;-0.0012;-0.0114;0.0340;-0.0000;-0.0020;0.0000;0.1496
1608.0;0.2157;0.1996;-0.0735;0.0000;44;44;0.0012;-0.0173;0.0340;0.0029;-0.0020;0.0000;0.1496
1608.5;0.2129;0.1996;-0.0490;0.0000;44;46;0.0012;-0.0144;0.0340;0.0020;-0.0020;0.0000;0.1496
1609.0;0.2134;0.1996;-0.0790;0.0000;44;46;0.0794;-0.0144;0.0340;0.0029;-0.0020;0.0000;0.1496
1609.5;0.2189;0.1996;-0.0690;0.0000;40;42;0.0012;-0.0202;0.0325;0.0020;-0.0020;0.0000;0.1496
1610.0;0.2157;0.1996;-0.0660;0.0000;44;44;0.0012;-0.0173;0.0325;0.0020;-0.0020;0.0000;0.1496
1610.5;0.2166;0.1996;-0.0500;0.0000;44;44;-0.0769;-0.0173;0.0325;0.0020;-0.0020;0.0000;0.1496
1611.0;0.2179;0.1996;-0.0075;0.0000;44;44;0.0769;-0.0188;0.0325;-0.0000;-0.0020;0.0000;0.1496
1611.5;0.2147;0.1996;-0.0665;0.0000;44;46;0.0012;-0.0158;0.0325;0.0020;-0.0020;0.0000;0.1496
1612.0;0.2157;0.1996;-0.0280;0.0000;44;44;-0.0794;-0.0173;0.0325;0.0010;-0.0020;0.0000;0.1496
1612.5;0.2166;0.1996;-0.0865;0.0000;44;44;0.0794;-0.0173;0.0325;0.0029;-0.0020;0.0000;0.1496
1613.0;0.2134;0.1996;-0.0475;0.0000;46;46;0.0012;-0.0144;0.0325;0.0020;-0.0020;0.0000;0.1496
1613.5;0.2147;0.1996;-0.0685;0.0000;44;46;0.0794;-0.0158;0.0325;0.0020;-0.0020;0.0000;0.1496
1614.0;0.2115;0.1996;-0.0830;0.0000;46;48;0.0012;-0.0129;0.0311;0.0029;-0.0020;0.0000;0.1496
1614.5;0.2129;0.1996;-0.0790;0.0000;44;46;-0.0769;-0.0144;0.0311;0.0029;-0.0020;0.0000;0.1496
1615.0;0.2102;0.1996;-0.0930;0.0000;46;48;0.0012;-0.0114;0.0311;0.0029;-0.0020;0.0000;0.1496
1615.5;0.2111;0.1996;-0.0360;0.0000;46;46;-0.0794;-0.0129;0.0311;0.0010;-0.0020;0.0000;0.1496
1616.0;0.2125;0.1996;-0.0355;0.0000;46;46;0.0794;-0.0129;0.0311;0.0010;-0.0020;0.0000;0.1496
1616.5;0.2097;0.1996;-0.0030;0.0000;46;46;-0.0012;-0.0100;0.0311;-0.0000;-0.0020;0.0000;0.1496
1617.0;0.2070;0.1996;-0.0120;0.0000;48;48;0.0769;-0.0085;0.0311;-0.0000;-0.0020;0.0000;0.1496
1617.5;0.2042;0.1996;0.0310;0.0000;48;48;-0.0012;-0.0056;0.0311;-0.0020;-0.0020;0.0000;0.1496
1618.0;0.2019;0.1996;-0.0345;0.0000;50;50;-0.0012;-0.0026;0.0311;0.0010;-0.0020;0.0000;0.1496
1618.5;0.2074;0.1996;0.0040;0.0000;46;46;-0.0012;-0.0085;0.0311;-0.0010;-0.0020;0.0000;0.1496
1619.0;0.2047;0.1996;0.0105;0.0000;48;48;-0.0012;-0.0056;0.0311;-0.0010;-0.0020;0.0000;0.1496
1619.5;0.2065;0.1996;0.0190;0.0000;46;46;0.0769;-0.0070;0.0311;-0.0010;-0.0020;0.0000;0.1496
1620.0;0.2074;0.1996;0.0490;0.0000;46;46;-0.0818;-0.0085;0.0311;-0.0029;-0.0020;0.0000;0.1496
1620.5;0.2051;0.1996;0.0755;0.0000;48;46;-0.0037;-0.0056;0.0311;-0.0039;-0.0020;0.0000;0.1496
1621.0;0.2106;0.1996;0.1600;0.0000;46;42;-0.0061;-0.0114;0.0311;-0.0068;-0.0020;0.0000;0.1496
1621.5;0.2079;0.1996;0.1650;0.0000;48;44;-0.0061;-0.0085;0.0311;-0.0078;-0.0020;0.0000;0.1496
1622.0;0.2092;0.1996;0.2160;0.0000;46;44;0.0696;-0.0100;0.0311;-0.0098;-0.0020;0.0000;0.1496
1622.5;0.2106;0.1996;0.1580;0.0000;46;42;-0.0842;-0.0114;0.0296;-0.0068;-0.0020;0.0000;0.1496
1623.0;0.2074;0.1996;0.1150;0.0000;48;44;-0.0061;-0.0085;0.0296;-0.0049;-0.0020;0.0000;0.1496
1623.5;0.2088;0.1996;0.0865;0.0000;46;44;0.0745;-0.0100;0.0296;-0.0039;-0.0020;0.0000;0.1496