general_params = {
fan_speed = 150.000000,
angular_kp = 0.042000,
angular_ki = 0.000000,
angular_kd = 0.000000,
angular_acc_feed_forward_k = 0.000600,
angular_brake_feed_forward_k = 0.000600,
angular_vel_feed_forward_k = 0.005600,
linear_vel_acc_feed_forward_k = 0.000550,
linear_vel_brake_feed_forward_k = 0.000550,
linear_vel_feed_forward_k = 0.105000,
wall_kp = 0.000000,
wall_ki = 0.000000,
wall_kd = 0.000000,
linear_vel_kp = 2.500000,
linear_vel_ki = 0.010000,
linear_vel_kd = 0.000000,
diagonal_walls_kp = 0.000000,
diagonal_walls_ki = 0.000000,
diagonal_walls_kd = 0.000000,
start_wall_break_mm_left = 56.000000,
start_wall_break_mm_right = 64.000000,
enable_wall_break_correction = 1.000000,
max_linear_acc_jerk = 40.000000,
max_linear_brake_jerk = 40.000000,
wheel_radius_mm = 13.250000,
coulomb_ff = 0.150000,
angular_coulomb_ff = 0.020000,
angular_static_ff = 0.020000,
angular_coulomb_ff_inplace = 0.110000,
angular_static_ff_inplace = 0.130000,
};
t;Vel;TgtVel;AngVel;TgtAngVel;PWM_L;PWM_R;ImuDiff;VelP;VelI;AngP;AngI;RotFF;LinFF;Batt_mV
0.0;0.0000;0.0000;0.0124;0.0000;-1;-1;-0.0049;-0.0012;-0.0012;-0.0010;-0.0000;0.0000;-0.0000;10256
0.5;0.0000;0.0000;-0.0069;0.0000;-1;-1;-0.0049;-0.0012;-0.0012;-0.0000;-0.0000;0.0000;-0.0000;10256
1.0;0.0000;0.0000;-0.0302;0.0000;-1;-1;-0.0049;-0.0012;-0.0012;0.0010;-0.0000;0.0000;-0.0000;10256
1.5;0.0000;0.0000;-0.0467;0.0000;-1;-1;-0.0049;-0.0012;-0.0012;0.0010;-0.0000;0.0000;-0.0000;10256
2.0;0.0000;0.0000;-0.0288;0.0000;-1;-1;-0.0049;0.0003;-0.0012;0.0010;-0.0000;0.0000;-0.0000;10256
2.5;0.0000;0.0000;-0.0288;0.0000;-1;-1;-0.0049;0.0003;-0.0012;0.0010;-0.0000;0.0000;-0.0000;10256
3.0;0.0000;0.0000;-0.0288;0.0000;-1;-1;-0.0049;0.0003;-0.0012;0.0010;-0.0000;0.0000;-0.0000;10256
3.5;0.0000;0.0000;-0.0494;0.0000;-1;-1;-0.0049;0.0003;-0.0012;0.0020;-0.0000;0.0000;-0.0000;10256
4.0;0.0000;0.0000;-0.0234;0.0000;-1;-1;-0.0049;0.0003;-0.0012;-0.0000;-0.0000;0.0000;-0.0000;10256
4.5;0.0000;0.0005;-0.0055;0.0000;-1;-1;-0.0049;0.0003;-0.0012;-0.0000;-0.0000;0.0000;-0.0000;10256
5.0;0.0000;0.0005;-0.0069;0.0000;-1;-1;-0.0049;0.0003;-0.0012;-0.0000;-0.0000;0.0000;-0.0000;10256
5.5;0.0000;0.0005;-0.0192;0.0000;-1;-1;-0.0049;0.0018;-0.0012;-0.0000;-0.0000;0.0000;-0.0000;10256
6.0;0.0000;0.0005;-0.0261;0.0000;-1;-1;-0.0049;0.0018;-0.0012;0.0010;-0.0000;0.0000;-0.0000;10256
6.5;0.0000;0.0009;0.0096;0.0000;36;36;-0.0049;0.0018;-0.0012;-0.0010;-0.0000;0.0000;0.1496;10256
7.0;0.0000;0.0009;0.0206;0.0000;36;36;-0.0049;0.0018;-0.0012;-0.0010;-0.0000;0.0000;0.1496;10256
7.5;0.0000;0.0009;0.0288;0.0000;36;36;-0.0049;0.0018;-0.0012;-0.0020;-0.0000;0.0000;0.1496;10256
8.0;0.0000;0.0014;0.0110;0.0000;36;36;-0.0049;0.0032;-0.0012;-0.0010;-0.0000;0.0000;0.1496;10256
8.5;0.0000;0.0014;0.0302;0.0000;36;36;-0.0049;0.0032;-0.0012;-0.0020;-0.0000;0.0000;0.1496;10205
9.0;0.0000;0.0018;0.0440;0.0000;36;36;-0.0049;0.0032;-0.0012;-0.0020;-0.0000;0.0000;0.1496;10205
9.5;0.0005;0.0018;0.0549;0.0000;36;36;-0.0049;0.0032;-0.0012;-0.0029;-0.0000;0.0000;0.1496;10205
10.0;0.0005;0.0023;0.0027;0.0000;36;36;-0.0049;0.0032;-0.0012;-0.0010;-0.0000;0.0000;0.1496;10256
10.5;0.0005;0.0023;-0.0330;0.0000;36;36;-0.0049;0.0032;-0.0012;0.0010;-0.0000;0.0000;0.1496;10205
11.0;0.0009;0.0027;-0.0082;0.0000;36;36;-0.0049;0.0032;-0.0012;-0.0000;-0.0000;0.0000;0.1496;10205
11.5;0.0009;0.0027;0.0110;0.0000;36;36;-0.0049;0.0032;-0.0012;-0.0010;-0.0000;0.0000;0.1496;10205
12.0;0.0014;0.0032;0.0247;0.0000;36;36;-0.0049;0.0047;-0.0012;-0.0020;-0.0000;0.0000;0.1496;10205
12.5;0.0014;0.0032;0.0069;0.0000;36;36;-0.0049;0.0047;-0.0012;-0.0010;-0.0000;0.0000;0.1496;10205
13.0;0.0014;0.0037;0.0261;0.0000;36;36;-0.0049;0.0047;-0.0012;-0.0020;-0.0000;0.0000;0.1496;10205
13.5;0.0018;0.0037;0.0192;0.0000;36;36;-0.0049;0.0047;-0.0012;-0.0010;-0.0000;0.0000;0.1496;10205
14.0;0.0018;0.0041;0.0247;0.0000;36;36;-0.0049;0.0047;0.0003;-0.0020;-0.0000;0.0000;0.1496;10205
14.5;0.0023;0.0046;0.0728;0.0000;38;36;-0.0049;0.0047;0.0003;-0.0039;-0.0000;0.0000;0.1496;10205
15.0;0.0023;0.0046;0.0591;0.0000;38;36;-0.0049;0.0062;0.0003;-0.0029;-0.0000;0.0000;0.1496;10205
15.5;0.0023;0.0050;0.0769;0.0000;38;36;-0.0049;0.0062;0.0003;-0.0039;-0.0000;0.0000;0.1496;10205
16.0;0.0027;0.0055;0.0206;0.0000;36;36;-0.0049;0.0062;0.0003;-0.0010;-0.0000;0.0000;0.1496;10205
16.5;0.0027;0.0055;0.0206;0.0000;36;36;-0.0049;0.0062;0.0003;-0.0010;-0.0000;0.0000;0.1496;10205
17.0;0.0032;0.0060;-0.0330;0.0000;36;38;-0.0049;0.0062;0.0003;0.0010;-0.0000;0.0000;0.1496;10205
17.5;0.0032;0.0064;-0.0041;0.0000;36;36;-0.0049;0.0076;0.0003;-0.0000;-0.0000;0.0000;0.1496;10256
18.0;0.0037;0.0069;0.0247;0.0000;38;36;-0.0049;0.0076;0.0003;-0.0020;-0.0000;0.0000;0.1496;10205
18.5;0.0037;0.0073;0.0151;0.0000;38;36;-0.0049;0.0076;0.0003;-0.0010;-0.0000;0.0000;0.1496;10205
19.0;0.0041;0.0078;0.0453;0.0000;38;36;-0.0049;0.0076;0.0003;-0.0020;-0.0000;0.0000;0.1496;10256
19.5;0.0041;0.0078;0.0330;0.0000;38;38;-0.0049;0.0091;0.0003;-0.0020;-0.0000;0.0000;0.1496;10205
20.0;0.0050;0.0082;0.0536;0.0000;38;38;0.0733;0.0076;0.0003;-0.0029;-0.0000;0.0000;0.1496;10205
20.5;0.0060;0.0087;0.0137;0.0000;38;38;-0.0049;0.0062;0.0003;-0.0010;-0.0000;0.0000;0.1496;10205
21.0;0.0064;0.0092;0.0247;0.0000;38;38;-0.0049;0.0062;0.0003;-0.0020;-0.0000;0.0000;0.1496;10205
21.5;0.0069;0.0096;0.0165;0.0000;36;38;-0.0049;0.0062;0.0003;-0.0010;-0.0000;0.0000;0.1496;10205
22.0;0.0073;0.0101;0.0247;0.0000;38;38;-0.0049;0.0062;0.0003;-0.0020;-0.0000;0.0000;0.1496;10205
22.5;0.0078;0.0105;0.0247;0.0000;38;38;-0.0049;0.0062;0.0003;-0.0020;-0.0000;0.0000;0.1496;10205
23.0;0.0087;0.0110;0.0522;0.0000;38;36;-0.0929;0.0047;0.0003;-0.0029;-0.0000;0.0000;0.1496;10205
23.5;0.0092;0.0114;0.0879;0.0000;38;36;-0.0049;0.0047;0.0003;-0.0039;-0.0000;0.0000;0.1496;10205
24.0;0.0105;0.0119;0.0591;0.0000;38;36;0.0733;0.0032;0.0003;-0.0029;-0.0000;0.0000;0.1496;10205
24.5;0.0114;0.0124;0.0687;0.0000;38;36;-0.0049;0.0018;0.0003;-0.0029;-0.0000;0.0000;0.1496;10205
25.0;0.0124;0.0128;0.0288;0.0000;36;36;-0.0049;0.0018;0.0003;-0.0020;-0.0000;0.0000;0.1496;10205
25.5;0.0128;0.0137;0.0234;0.0000;36;36;-0.0049;0.0018;0.0003;-0.0020;-0.0000;0.0000;0.1496;10205
26.0;0.0137;0.0142;0.0137;0.0000;36;36;-0.0831;0.0003;0.0003;-0.0010;-0.0000;0.0000;0.1496;10205
26.5;0.0147;0.0147;0.0330;0.0000;36;36;-0.0049;-0.0012;0.0003;-0.0020;-0.0000;0.0000;0.1496;10205
27.0;0.0151;0.0151;0.0426;0.0000;36;36;-0.0049;-0.0012;0.0003;-0.0020;-0.0000;0.0000;0.1496;10205
27.5;0.0160;0.0156;0.0577;0.0000;36;36;0.0733;-0.0026;0.0003;-0.0029;-0.0000;0.0000;0.1496;10205
28.0;0.0169;0.0165;0.0440;0.0000;36;36;-0.0049;-0.0026;0.0003;-0.0020;-0.0000;0.0000;0.1496;10205
28.5;0.0174;0.0169;0.0453;0.0000;36;36;-0.0049;-0.0026;0.0003;-0.0020;-0.0000;0.0000;0.1496;10205
29.0;0.0179;0.0174;0.0398;0.0000;36;36;-0.0049;-0.0012;0.0003;-0.0020;-0.0000;0.0000;0.1496;10256
29.5;0.0183;0.0179;0.0055;0.0000;36;36;-0.0049;-0.0012;0.0003;-0.0010;-0.0000;0.0000;0.1496;10205
30.0;0.0192;0.0188;-0.0041;0.0000;36;36;-0.0831;-0.0012;0.0003;-0.0000;-0.0000;0.0000;0.1496;10205
30.5;0.0206;0.0192;-0.0124;0.0000;36;36;0.0733;-0.0041;0.0003;-0.0000;-0.0000;0.0000;0.1496;10205
31.0;0.0215;0.0201;0.0316;0.0000;36;36;-0.0049;-0.0041;0.0003;-0.0020;-0.0000;0.0000;0.1496;10205
31.5;0.0220;0.0206;0.0302;0.0000;36;36;-0.0049;-0.0041;0.0003;-0.0020;-0.0000;0.0000;0.1496;10205
32.0;0.0224;0.0211;0.0728;0.0000;36;36;-0.0049;-0.0041;0.0003;-0.0039;-0.0000;0.0000;0.1496;10205
32.5;0.0243;0.0220;0.0536;0.0000;36;36;-0.0049;-0.0070;0.0003;-0.0029;-0.0000;0.0000;0.1496;10205
33.0;0.0252;0.0224;0.0563;0.0000;36;34;-0.0049;-0.0070;0.0003;-0.0029;-0.0000;0.0000;0.1496;10205
33.5;0.0261;0.0234;0.0563;0.0000;36;34;-0.0049;-0.0085;0.0003;-0.0029;-0.0000;0.0000;0.1496;10205
34.0;0.0266;0.0238;0.0467;0.0000;36;34;-0.0049;-0.0070;0.0003;-0.0029;-0.0000;0.0000;0.1496;10205
34.5;0.0270;0.0247;0.0453;0.0000;36;34;-0.0049;-0.0070;0.0003;-0.0020;-0.0000;0.0000;0.1496;10205
35.0;0.0270;0.0252;0.0357;0.0000;36;36;0.0733;-0.0056;0.0003;-0.0020;-0.0000;0.0000;0.1496;10205
35.5;0.0270;0.0261;0.0275;0.0000;36;36;-0.0049;-0.0041;0.0003;-0.0020;-0.0000;0.0000;0.1496;10205
36.0;0.0279;0.0266;0.0302;0.0000;36;36;-0.0831;-0.0041;0.0003;-0.0020;-0.0000;0.0000;0.1496;10205
36.5;0.0284;0.0275;0.0577;0.0000;38;36;-0.0049;-0.0026;0.0003;-0.0029;-0.0000;0.0000;0.1496;10205
37.0;0.0288;0.0284;0.0385;0.0000;38;36;-0.0049;-0.0012;0.0003;-0.0020;-0.0000;0.0000;0.1496;10205
37.5;0.0288;0.0288;0.0508;0.0000;38;36;-0.0049;0.0003;0.0003;-0.0029;-0.0000;0.0000;0.1496;10205
38.0;0.0298;0.0298;0.0206;0.0000;38;36;0.0733;0.0003;0.0003;-0.0010;-0.0000;0.0000;0.1496;10205
38.5;0.0307;0.0307;0.0096;0.0000;38;36;-0.0831;-0.0012;0.0003;-0.0010;-0.0000;0.0000;0.1496;10205
39.0;0.0316;0.0316;0.0234;0.0000;38;36;-0.0049;-0.0012;0.0003;-0.0020;-0.0000;0.0000;0.1496;10205
39.5;0.0321;0.0321;0.0453;0.0000;38;36;-0.0049;-0.0012;0.0003;-0.0020;-0.0000;0.0000;0.1496;10205
40.0;0.0325;0.0330;0.0618;0.0000;38;36;-0.0049;0.0003;0.0003;-0.0029;-0.0000;0.0000;0.1496;10205
40.5;0.0334;0.0339;0.0563;0.0000;38;38;0.0733;0.0003;0.0003;-0.0029;-0.0000;0.0000;0.1496;10205
41.0;0.0339;0.0348;0.0824;0.0000;38;36;-0.0049;0.0018;0.0003;-0.0039;-0.0000;0.0000;0.1496;10205
41.5;0.0348;0.0353;0.0495;0.0000;38;38;-0.0831;0.0003;0.0003;-0.0029;-0.0000;0.0000;0.1496;10205
42.0;0.0353;0.0362;0.0522;0.0000;38;38;-0.0049;0.0018;0.0003;-0.0029;-0.0000;0.0000;0.1496;10205
42.5;0.0366;0.0371;0.0247;0.0000;38;38;0.0733;0.0003;0.0003;-0.0020;-0.0000;0.0000;0.1496;10205
43.0;0.0371;0.0380;0.0192;0.0000;38;38;-0.0049;0.0018;0.0003;-0.0010;-0.0000;0.0000;0.1496;10205
43.5;0.0385;0.0389;0.0014;0.0000;38;38;-0.0831;0.0003;0.0003;-0.0010;-0.0000;0.0000;0.1496;10205
44.0;0.0389;0.0398;0.0206;0.0000;38;38;-0.0049;0.0018;0.0003;-0.0010;-0.0000;0.0000;0.1496;10205
44.5;0.0394;0.0408;0.0522;0.0000;38;38;-0.0049;0.0032;0.0003;-0.0029;-0.0000;0.0000;0.1496;10205
45.0;0.0403;0.0417;0.0769;0.0000;40;38;0.0733;0.0032;0.0003;-0.0039;-0.0000;0.0000;0.1496;10205
45.5;0.0417;0.0426;0.0920;0.0000;40;38;-0.0929;0.0018;0.0003;-0.0049;-0.0000;0.0000;0.1496;10205
46.0;0.0421;0.0435;0.0838;0.0000;40;38;-0.0049;0.0032;0.0003;-0.0039;-0.0000;0.0000;0.1496;10205
46.5;0.0435;0.0444;0.0673;0.0000;40;38;0.0733;0.0018;0.0003;-0.0029;-0.0000;0.0000;0.1496;10205
47.0;0.0440;0.0453;0.0522;0.0000;40;38;-0.0049;0.0032;0.0003;-0.0029;-0.0000;0.0000;0.1496;10205
47.5;0.0449;0.0462;0.0371;0.0000;40;38;-0.0831;0.0032;0.0003;-0.0020;-0.0000;0.0000;0.1496;10205
48.0;0.0458;0.0472;0.0440;0.0000;40;38;-0.0049;0.0032;0.0003;-0.0020;-0.0000;0.0000;0.1496;10205
48.5;0.0467;0.0481;0.0701;0.0000;40;38;0.0733;0.0032;0.0003;-0.0039;-0.0000;0.0000;0.1496;10205
49.0;0.0472;0.0495;0.0714;0.0000;40;38;-0.0049;0.0047;0.0003;-0.0039;-0.0000;0.0000;0.1496;10205
49.5;0.0481;0.0504;0.0742;0.0000;40;38;-0.0929;0.0047;0.0003;-0.0039;-0.0000;0.0000;0.1496;10205
50.0;0.0485;0.0513;0.0522;0.0000;40;40;-0.0049;0.0062;0.0003;-0.0029;-0.0000;0.0000;0.1496;10205
50.5;0.0495;0.0522;0.0453;0.0000;40;40;0.0733;0.0062;0.0003;-0.0020;-0.0000;0.0000;0.1496;10205
51.0;0.0499;0.0531;0.0151;0.0000;40;40;-0.0049;0.0076;0.0003;-0.0010;-0.0000;0.0000;0.1496;10205
51.5;0.0508;0.0545;0.0110;0.0000;40;40;-0.0831;0.0076;0.0003;-0.0010;-0.0000;0.0000;0.1496;10205
52.0;0.0522;0.0554;-0.0069;0.0000;40;40;0.0733;0.0076;0.0003;-0.0000;-0.0000;0.0000;0.1496;10205
52.5;0.0531;0.0563;0.0192;0.0000;40;40;-0.0049;0.0076;0.0003;-0.0010;-0.0000;0.0000;0.1496;10205
53.0;0.0540;0.0577;0.0179;0.0000;42;40;-0.0831;0.0076;0.0003;-0.0010;-0.0000;0.0000;0.1496;10205
53.5;0.0549;0.0586;0.0522;0.0000;42;40;0.0733;0.0076;0.0003;-0.0029;-0.0000;0.0000;0.1496;10205
54.0;0.0559;0.0595;0.0714;0.0000;42;40;-0.0049;0.0091;0.0003;-0.0039;-0.0000;0.0000;0.1575;10205
54.5;0.0577;0.0609;0.0824;0.0000;44;40;-0.0049;0.0076;0.0003;-0.0039;-0.0000;0.0000;0.1575;10205
55.0;0.0586;0.0618;0.0756;0.0000;42;40;-0.0049;0.0076;0.0003;-0.0039;-0.0000;0.0000;0.1575;10205
55.5;0.0595;0.0632;0.0371;0.0000;44;40;-0.0831;0.0076;0.0003;-0.0020;-0.0000;0.0000;0.1575;10205
56.0;0.0609;0.0641;0.0632;0.0000;44;42;0.0733;0.0076;0.0003;-0.0029;-0.0000;0.0000;0.1575;10205
56.5;0.0618;0.0655;0.0440;0.0000;42;42;-0.0049;0.0091;0.0003;-0.0020;-0.0000;0.0000;0.1575;10205
57.0;0.0627;0.0664;0.0838;0.0000;44;40;-0.0929;0.0091;0.0003;-0.0039;-0.0000;0.0000;0.1575;10205
57.5;0.0636;0.0678;0.0646;0.0000;44;42;0.0733;0.0091;0.0003;-0.0029;-0.0000;0.0000;0.1575;10205
58.0;0.0641;0.0687;0.0838;0.0000;44;42;-0.0049;0.0105;0.0003;-0.0039;-0.0000;0.0000;0.1575;10205
58.5;0.0659;0.0701;0.0618;0.0000;44;44;-0.0049;0.0091;0.0003;-0.0029;-0.0000;0.0000;0.1575;10205
59.0;0.0668;0.0710;0.0577;0.0000;44;44;-0.0049;0.0105;0.0003;-0.0029;-0.0000;0.0000;0.1575;10205
59.5;0.0687;0.0723;0.0536;0.0000;44;44;-0.0049;0.0091;0.0003;-0.0029;-0.0000;0.0000;0.1575;10205
60.0;0.0696;0.0737;0.0467;0.0000;44;44;-0.0049;0.0091;0.0003;-0.0029;-0.0000;0.0000;0.1575;10205
60.5;0.0705;0.0746;0.0577;0.0000;44;44;0.0733;0.0105;0.0003;-0.0029;-0.0000;0.0000;0.1575;10205
61.0;0.0719;0.0760;0.0302;0.0000;44;44;-0.0831;0.0105;0.0003;-0.0020;-0.0000;0.0000;0.1575;10205
61.5;0.0728;0.0774;0.0618;0.0000;46;44;-0.0929;0.0105;0.0003;-0.0029;-0.0000;0.0000;0.1575;10205
62.0;0.0742;0.0783;0.0659;0.0000;44;44;0.0733;0.0105;0.0018;-0.0029;-0.0000;0.0000;0.1575;10205
62.5;0.0746;0.0797;0.0714;0.0000;46;44;-0.0049;0.0120;0.0018;-0.0039;-0.0000;0.0000;0.1575;10205
63.0;0.0765;0.0810;0.0316;0.0000;46;44;-0.0049;0.0105;0.0018;-0.0020;-0.0000;0.0000;0.1575;10205
63.5;0.0774;0.0824;-0.0014;0.0000;44;44;-0.0049;0.0120;0.0018;-0.0000;-0.0000;0.0000;0.1575;10205
64.0;0.0788;0.0838;-0.0316;0.0000;44;46;-0.0049;0.0105;0.0018;0.0010;-0.0000;0.0000;0.1575;10205
64.5;0.0801;0.0847;-0.0275;0.0000;44;46;0.0733;0.0105;0.0018;0.0010;-0.0000;0.0000;0.1575;10205
65.0;0.0820;0.0861;0.0137;0.0000;46;44;-0.0831;0.0105;0.0018;-0.0010;-0.0000;0.0000;0.1575;10205
65.5;0.0838;0.0875;0.0330;0.0000;46;44;-0.0049;0.0091;0.0018;-0.0020;-0.0000;0.0000;0.1575;10205
66.0;0.0847;0.0888;0.0618;0.0000;46;44;-0.0049;0.0091;0.0018;-0.0029;-0.0000;0.0000;0.1575;10205
66.5;0.0865;0.0902;0.0687;0.0000;46;44;-0.0049;0.0076;0.0018;-0.0029;-0.0000;0.0000;0.1575;10205
67.0;0.0875;0.0916;0.0810;0.0000;46;44;-0.0049;0.0091;0.0018;-0.0039;-0.0000;0.0000;0.1575;10205
67.5;0.0893;0.0929;0.0549;0.0000;46;44;-0.0049;0.0091;0.0018;-0.0029;-0.0000;0.0000;0.1575;10205
68.0;0.0907;0.0943;0.0632;0.0000;46;44;0.0733;0.0076;0.0018;-0.0029;-0.0000;0.0000;0.1575;10205
68.5;0.0911;0.0957;0.0302;0.0000;46;46;-0.0049;0.0105;0.0018;-0.0020;-0.0000;0.0000;0.1575;10205
69.0;0.0920;0.0971;0.0371;0.0000;46;46;0.0733;0.0120;0.0018;-0.0020;-0.0000;0.0000;0.1575;10205
69.5;0.0934;0.0984;0.0453;0.0000;46;46;-0.0049;0.0120;0.0018;-0.0020;-0.0000;0.0000;0.1575;10205
70.0;0.0948;0.0998;0.0838;0.0000;48;46;-0.0929;0.0120;0.0018;-0.0039;-0.0000;0.0000;0.1575;10205
70.5;0.0966;0.1012;0.1223;0.0000;48;46;-0.0049;0.0105;0.0018;-0.0059;-0.0000;0.0000;0.1575;10205
71.0;0.0975;0.1026;0.0934;0.0000;48;46;0.0733;0.0120;0.0018;-0.0049;-0.0000;0.0000;0.1575;10205
71.5;0.0984;0.1044;0.0810;0.0000;48;46;-0.0929;0.0135;0.0018;-0.0039;-0.0000;0.0000;0.1575;10205
72.0;0.0998;0.1058;0.0288;0.0000;48;46;-0.0049;0.0135;0.0018;-0.0020;-0.0000;0.0000;0.1575;10205
72.5;0.1012;0.1071;0.0288;0.0000;48;48;0.0733;0.0135;0.0018;-0.0020;-0.0000;0.0000;0.1575;10205
73.0;0.1026;0.1085;0.0055;0.0000;48;48;-0.0831;0.0149;0.0018;-0.0010;-0.0000;0.0000;0.1575;10205
73.5;0.1035;0.1099;0.0220;0.0000;48;48;0.0733;0.0164;0.0018;-0.0010;-0.0000;0.0000;0.1575;10205
74.0;0.1049;0.1117;0.0041;0.0000;48;48;-0.0049;0.0149;0.0018;-0.0010;-0.0000;0.0000;0.1575;10205
74.5;0.1062;0.1131;-0.0412;0.0000;48;48;-0.0831;0.0164;0.0018;0.0010;-0.0000;0.0000;0.1575;10205
75.0;0.1076;0.1145;-0.0714;0.0000;48;50;0.0831;0.0164;0.0018;0.0029;-0.0000;0.0000;0.1575;10205
75.5;0.1085;0.1158;-0.1099;0.0000;48;50;-0.0831;0.0179;0.0018;0.0039;-0.0000;0.0000;0.1575;10205
76.0;0.1099;0.1177;-0.1511;0.0000;48;50;0.0049;0.0179;0.0032;0.0059;-0.0000;0.0000;0.1575;10154
76.5;0.1103;0.1190;-0.1909;0.0000;48;52;0.0049;0.0208;0.0032;0.0078;-0.0000;0.0000;0.1575;10205
77.0;0.1117;0.1204;-0.1937;0.0000;48;52;0.0049;0.0208;0.0032;0.0078;-0.0000;0.0000;0.1575;10154
77.5;0.1122;0.1218;-0.1868;0.0000;48;52;0.0049;0.0237;0.0032;0.0068;-0.0000;0.0000;0.1575;10154
78.0;0.1131;0.1236;-0.1154;0.0000;50;52;-0.0049;0.0252;0.0032;0.0039;-0.0000;0.0000;0.1575;10205
78.5;0.1140;0.1250;-0.0701;0.0000;52;52;-0.0831;0.0267;0.0032;0.0020;-0.0000;0.0000;0.1575;10154
79.0;0.1145;0.1264;-0.0082;0.0000;52;52;0.0733;0.0296;0.0032;-0.0000;-0.0000;0.0000;0.1575;10154
79.5;0.1158;0.1282;-0.0069;0.0000;52;52;-0.0049;0.0296;0.0032;-0.0000;-0.0000;0.0000;0.1575;10205
80.0;0.1172;0.1296;-0.0440;0.0000;52;52;-0.0831;0.0311;0.0032;0.0010;-0.0000;0.0000;0.1575;10154
80.5;0.1177;0.1310;-0.0440;0.0000;52;54;0.0733;0.0325;0.0032;0.0010;-0.0000;0.0000;0.1654;10154
81.0;0.1186;0.1323;-0.0659;0.0000;52;54;0.0831;0.0340;0.0032;0.0020;-0.0000;0.0000;0.1654;10154
81.5;0.1195;0.1342;-0.0604;0.0000;54;56;-0.0049;0.0355;0.0032;0.0020;-0.0000;0.0000;0.1654;10154
82.0;0.1200;0.1355;-0.1044;0.0000;54;56;-0.0831;0.0384;0.0032;0.0039;-0.0000;0.0000;0.1654;10154
82.5;0.1200;0.1369;-0.0563;0.0000;54;56;0.0831;0.0413;0.0047;0.0020;-0.0000;0.0000;0.1654;10154
83.0;0.1209;0.1387;-0.0797;0.0000;54;58;-0.0049;0.0428;0.0047;0.0029;-0.0000;0.0000;0.1654;10154
83.5;0.1218;0.1401;-0.0659;0.0000;56;58;-0.0831;0.0442;0.0047;0.0020;-0.0000;0.0000;0.1654;10154
84.0;0.1232;0.1415;-0.0618;0.0000;56;58;-0.0049;0.0457;0.0047;0.0020;-0.0000;0.0000;0.1654;10154
84.5;0.1241;0.1429;-0.0714;0.0000;56;60;0.0831;0.0472;0.0047;0.0029;-0.0000;0.0000;0.1654;10154
85.0;0.1255;0.1447;-0.0865;0.0000;56;60;-0.0049;0.0472;0.0047;0.0029;-0.0000;0.0000;0.1654;10154
85.5;0.1264;0.1461;-0.1387;0.0000;58;60;-0.0831;0.0486;0.0047;0.0049;-0.0000;0.0000;0.1654;10154
86.0;0.1268;0.1474;-0.1016;0.0000;58;60;0.0831;0.0501;0.0062;0.0039;-0.0000;0.0000;0.1654;10154
86.5;0.1282;0.1488;-0.1195;0.0000;58;62;-0.0049;0.0516;0.0062;0.0049;-0.0000;0.0000;0.1654;10154
87.0;0.1296;0.1506;-0.0549;0.0000;60;62;-0.0049;0.0516;0.0062;0.0020;-0.0000;0.0000;0.1654;10103
87.5;0.1314;0.1520;-0.0714;0.0000;60;62;-0.0049;0.0501;0.0062;0.0029;-0.0000;0.0000;0.1654;10154
88.0;0.1328;0.1534;-0.0604;0.0000;60;60;-0.0831;0.0516;0.0062;0.0020;-0.0000;0.0000;0.1654;10154
88.5;0.1342;0.1552;-0.0975;0.0000;60;62;-0.0049;0.0516;0.0062;0.0039;-0.0000;0.0000;0.1654;10103
89.0;0.1360;0.1566;-0.0646;0.0000;60;62;-0.0049;0.0516;0.0062;0.0020;-0.0000;0.0000;0.1654;10154
89.5;0.1374;0.1580;-0.0371;0.0000;60;62;-0.0049;0.0501;0.0076;0.0010;-0.0000;0.0000;0.1654;10103
90.0;0.1392;0.1593;-0.0769;0.0000;60;62;-0.0049;0.0501;0.0076;0.0029;-0.0000;0.0000;0.1654;10103
90.5;0.1406;0.1612;-0.0440;0.0000;60;62;0.0733;0.0501;0.0076;0.0010;-0.0000;0.0000;0.1654;10154
91.0;0.1419;0.1625;-0.0494;0.0000;60;62;-0.0049;0.0501;0.0076;0.0020;-0.0000;0.0000;0.1654;10154
91.5;0.1438;0.1639;0.0027;0.0000;62;62;-0.0049;0.0501;0.0076;-0.0010;-0.0000;0.0000;0.1654;10103
92.0;0.1451;0.1653;-0.0371;0.0000;62;62;-0.0049;0.0501;0.0076;0.0010;-0.0000;0.0000;0.1654;10154
92.5;0.1470;0.1671;-0.0288;0.0000;62;62;-0.0049;0.0501;0.0076;0.0010;-0.0000;0.0000;0.1654;10103
93.0;0.1488;0.1685;-0.0755;0.0000;60;62;-0.0049;0.0486;0.0076;0.0029;-0.0000;0.0000;0.1654;10103
93.5;0.1502;0.1699;-0.1442;0.0000;60;64;0.0049;0.0486;0.0091;0.0059;-0.0000;0.0000;0.1654;10154
94.0;0.1520;0.1717;-0.1717;0.0000;60;64;0.0049;0.0472;0.0091;0.0068;-0.0000;0.0000;0.1654;10103
94.5;0.1543;0.1731;-0.1621;0.0000;60;64;-0.0831;0.0457;0.0091;0.0059;-0.0000;0.0000;0.1654;10103
95.0;0.1566;0.1745;-0.1113;0.0000;60;62;-0.0049;0.0442;0.0091;0.0039;-0.0000;0.0000;0.1654;10154
95.5;0.1584;0.1758;-0.0975;0.0000;60;62;-0.0049;0.0428;0.0091;0.0039;-0.0000;0.0000;0.1654;10103
96.0;0.1603;0.1777;-0.0549;0.0000;62;62;-0.0049;0.0428;0.0091;0.0020;-0.0000;0.0000;0.1654;10154
96.5;0.1625;0.1790;-0.0659;0.0000;60;62;0.0831;0.0398;0.0091;0.0020;-0.0000;0.0000;0.1654;10154
97.0;0.1648;0.1804;-0.0659;0.0000;60;62;-0.0049;0.0384;0.0091;0.0020;-0.0000;0.0000;0.1654;10103
97.5;0.1671;0.1822;-0.0687;0.0000;60;62;-0.0831;0.0355;0.0105;0.0020;-0.0000;0.0000;0.1654;10154
98.0;0.1694;0.1836;-0.0604;0.0000;60;62;-0.0049;0.0340;0.0105;0.0020;-0.0000;0.0000;0.1654;10103
98.5;0.1712;0.1850;-0.0659;0.0000;60;60;-0.0049;0.0340;0.0105;0.0020;-0.0000;0.0000;0.1654;10154
99.0;0.1735;0.1864;-0.0536;0.0000;60;60;-0.0831;0.0325;0.0105;0.0020;-0.0000;0.0000;0.1654;10154
99.5;0.1763;0.1882;-0.0646;0.0000;60;60;0.0831;0.0296;0.0105;0.0020;-0.0000;0.0000;0.1654;10154
100.0;0.1781;0.1896;-0.0618;0.0000;60;60;-0.0049;0.0281;0.0105;0.0020;-0.0000;0.0000;0.1654;10103
100.5;0.1799;0.1909;-0.0687;0.0000;58;60;-0.0049;0.0267;0.0105;0.0020;-0.0000;0.0000;0.1654;10154
101.0;0.1827;0.1923;-0.1168;0.0000;58;60;-0.0049;0.0237;0.0105;0.0039;-0.0000;0.0000;0.1654;10103
101.5;0.1850;0.1941;-0.1264;0.0000;58;60;-0.0049;0.0223;0.0105;0.0049;-0.0000;0.0000;0.1654;10103
102.0;0.1877;0.1955;-0.1415;0.0000;56;60;0.0831;0.0193;0.0105;0.0059;-0.0000;0.0000;0.1654;10154
102.5;0.1900;0.1969;-0.1346;0.0000;56;60;-0.0831;0.0164;0.0105;0.0049;-0.0000;0.0000;0.1654;10103
103.0;0.1923;0.1987;-0.0797;0.0000;56;58;-0.0049;0.0149;0.0105;0.0029;-0.0000;0.0000;0.1654;10154
103.5;0.1946;0.2001;-0.0604;0.0000;56;58;0.0831;0.0135;0.0105;0.0020;-0.0000;0.0000;0.1654;10154
104.0;0.1960;0.2015;-0.0330;0.0000;56;58;-0.0049;0.0135;0.0105;0.0010;-0.0000;0.0000;0.1654;10103
104.5;0.1973;0.2028;-0.0453;0.0000;56;58;-0.0049;0.0135;0.0105;0.0010;-0.0000;0.0000;0.1654;10154
105.0;0.1992;0.2047;-0.0824;0.0000;56;58;-0.0049;0.0135;0.0105;0.0029;-0.0000;0.0000;0.1654;10154
105.5;0.2005;0.2060;-0.1209;0.0000;56;58;-0.0049;0.0135;0.0120;0.0049;-0.0000;0.0000;0.1732;10103
106.0;0.2028;0.2074;-0.1442;0.0000;56;58;-0.0049;0.0105;0.0120;0.0059;-0.0000;0.0000;0.1732;10154
106.5;0.2047;0.2092;-0.1415;0.0000;56;58;0.0049;0.0105;0.0120;0.0059;-0.0000;0.0000;0.1732;10154
107.0;0.2065;0.2106;-0.1236;0.0000;56;58;0.0831;0.0091;0.0120;0.0049;-0.0000;0.0000;0.1732;10154
107.5;0.2088;0.2120;-0.0962;0.0000;56;58;-0.0831;0.0076;0.0120;0.0039;-0.0000;0.0000;0.1732;10154
108.0;0.2106;0.2134;-0.0481;0.0000;56;58;0.0733;0.0062;0.0120;0.0020;-0.0000;0.0000;0.1732;10154
108.5;0.2129;0.2152;-0.0247;0.0000;56;56;-0.0831;0.0047;0.0120;0.0010;-0.0000;0.0000;0.1732;10154
109.0;0.2152;0.2166;-0.0124;0.0000;56;56;0.0733;0.0018;0.0120;-0.0000;-0.0000;0.0000;0.1732;10154
109.5;0.2175;0.2179;-0.0192;0.0000;56;56;-0.0831;0.0003;0.0120;-0.0000;-0.0000;0.0000;0.1732;10103
110.0;0.2189;0.2193;-0.0714;0.0000;54;56;-0.0049;0.0003;0.0120;0.0029;-0.0000;0.0000;0.1732;10154
110.5;0.2216;0.2212;-0.0865;0.0000;54;56;-0.0049;-0.0012;0.0120;0.0029;-0.0000;0.0000;0.1732;10154
111.0;0.2239;0.2225;-0.1250;0.0000;54;56;0.0831;-0.0041;0.0120;0.0049;-0.0000;0.0000;0.1732;10154
111.5;0.2262;0.2239;-0.0989;0.0000;54;56;-0.0831;-0.0056;0.0120;0.0039;-0.0000;0.0000;0.1732;10154
112.0;0.2280;0.2257;-0.0494;0.0000;54;56;0.0733;-0.0070;0.0120;0.0020;-0.0000;0.0000;0.1732;10154
112.5;0.2299;0.2271;-0.0563;0.0000;54;54;-0.0831;-0.0085;0.0120;0.0020;-0.0000;0.0000;0.1732;10154
113.0;0.2321;0.2285;-0.0165;0.0000;54;54;0.0733;-0.0100;0.0120;-0.0000;-0.0000;0.0000;0.1732;10154
113.5;0.2340;0.2299;-0.0467;0.0000;54;54;-0.0831;-0.0100;0.0120;0.0010;-0.0000;0.0000;0.1732;10154
114.0;0.2363;0.2317;-0.0192;0.0000;54;54;-0.0049;-0.0129;0.0120;-0.0000;-0.0000;0.0000;0.1732;10154
114.5;0.2381;0.2331;-0.0426;0.0000;54;54;-0.0049;-0.0129;0.0120;0.0010;-0.0000;0.0000;0.1732;10154
115.0;0.2404;0.2344;0.0041;0.0000;54;54;-0.0049;-0.0144;0.0105;-0.0010;-0.0000;0.0000;0.1732;10154
115.5;0.2422;0.2358;0.0041;0.0000;54;52;-0.0831;-0.0158;0.0105;-0.0010;-0.0000;0.0000;0.1732;10154
116.0;0.2440;0.2376;-0.0247;0.0000;52;54;0.0733;-0.0173;0.0105;0.0010;-0.0000;0.0000;0.1732;10154
116.5;0.2459;0.2390;-0.0302;0.0000;52;54;0.0733;-0.0173;0.0105;0.0010;-0.0000;0.0000;0.1732;10154
117.0;0.2482;0.2404;-0.0591;0.0000;52;54;-0.0049;-0.0202;0.0105;0.0020;-0.0000;0.0000;0.1732;10154
117.5;0.2500;0.2422;-0.0137;0.0000;52;52;-0.0831;-0.0202;0.0105;-0.0000;-0.0000;0.0000;0.1732;10154
118.0;0.2527;0.2436;-0.0508;0.0000;52;52;-0.0049;-0.0231;0.0105;0.0020;-0.0000;0.0000;0.1732;10154
118.5;0.2546;0.2450;0.0192;0.0000;52;52;0.0733;-0.0246;0.0105;-0.0010;-0.0000;0.0000;0.1732;10154
119.0;0.2564;0.2463;-0.0096;0.0000;52;52;-0.0831;-0.0246;0.0105;-0.0000;-0.0000;0.0000;0.1732;10205
119.5;0.2578;0.2482;0.0275;0.0000;52;52;0.0733;-0.0261;0.0105;-0.0020;-0.0000;0.0000;0.1732;10154
120.0;0.2592;0.2495;0.0481;0.0000;52;50;-0.0049;-0.0246;0.0105;-0.0029;-0.0000;0.0000;0.1732;10205
120.5;0.2605;0.2509;0.0783;0.0000;52;50;0.0733;-0.0246;0.0105;-0.0039;-0.0000;0.0000;0.1732;10154
121.0;0.2614;0.2527;0.0563;0.0000;52;52;0.0733;-0.0231;0.0105;-0.0029;-0.0000;0.0000;0.1732;10154
121.5;0.2628;0.2541;0.0082;0.0000;52;52;-0.0831;-0.0217;0.0105;-0.0010;-0.0000;0.0000;0.1732;10154
122.0;0.2647;0.2555;-0.0192;0.0000;52;52;-0.0049;-0.0231;0.0105;-0.0000;-0.0000;0.0000;0.1732;10154
122.5;0.2660;0.2569;-0.0288;0.0000;52;52;0.0733;-0.0231;0.0105;0.0010;-0.0000;0.0000;0.1732;10154
123.0;0.2669;0.2587;0.0412;0.0000;52;52;-0.0831;-0.0217;0.0105;-0.0020;-0.0000;0.0000;0.1732;10205
123.5;0.2688;0.2601;0.0398;0.0000;52;52;-0.0049;-0.0231;0.0091;-0.0020;-0.0000;0.0000;0.1732;10154
124.0;0.2701;0.2614;0.1071;0.0000;54;52;0.0733;-0.0231;0.0091;-0.0049;-0.0000;0.0000;0.1732;10154
124.5;0.2715;0.2628;0.0783;0.0000;54;52;-0.0929;-0.0217;0.0091;-0.0039;-0.0000;0.0000;0.1732;10205
125.0;0.2734;0.2647;0.0522;0.0000;54;52;-0.0049;-0.0231;0.0091;-0.0029;-0.0000;0.0000;0.1732;10154
125.5;0.2738;0.2660;0.0536;0.0000;54;52;-0.0049;-0.0202;0.0091;-0.0029;-0.0000;0.0000;0.1732;10154
126.0;0.2752;0.2674;0.0275;0.0000;54;54;-0.0049;-0.0202;0.0091;-0.0020;-0.0000;0.0000;0.1732;10154
126.5;0.2770;0.2692;0.0192;0.0000;54;54;-0.0049;-0.0202;0.0091;-0.0010;-0.0000;0.0000;0.1732;10154
127.0;0.2793;0.2706;-0.0041;0.0000;54;54;-0.0049;-0.0217;0.0091;-0.0000;-0.0000;0.0000;0.1732;10154
127.5;0.2802;0.2720;0.0646;0.0000;54;52;-0.0049;-0.0202;0.0091;-0.0029;-0.0000;0.0000;0.1732;10154
128.0;0.2816;0.2734;0.0412;0.0000;54;54;-0.0049;-0.0202;0.0091;-0.0020;-0.0000;0.0000;0.1732;10154
128.5;0.2830;0.2752;0.0865;0.0000;54;52;-0.0049;-0.0217;0.0091;-0.0039;-0.0000;0.0000;0.1732;10154
129.0;0.2853;0.2766;0.0385;0.0000;54;54;-0.0049;-0.0231;0.0091;-0.0020;-0.0000;0.0000;0.1732;10154
129.5;0.2866;0.2779;-0.0288;0.0000;52;54;-0.0049;-0.0217;0.0091;0.0010;-0.0000;0.0000;0.1732;10154
130.0;0.2875;0.2793;-0.0701;0.0000;52;54;0.0831;-0.0217;0.0091;0.0020;-0.0000;0.0000;0.1732;10205
130.5;0.2894;0.2811;-0.0838;0.0000;52;56;-0.0049;-0.0217;0.0091;0.0029;-0.0000;0.0000;0.1811;10154
131.0;0.2903;0.2825;-0.0192;0.0000;54;54;-0.0831;-0.0202;0.0091;-0.0000;-0.0000;0.0000;0.1811;10154
131.5;0.2912;0.2839;-0.0220;0.0000;54;56;0.0733;-0.0188;0.0091;-0.0000;-0.0000;0.0000;0.1811;10154
132.0;0.2921;0.2857;0.0495;0.0000;54;54;-0.0049;-0.0173;0.0091;-0.0029;-0.0000;0.0000;0.1811;10154
132.5;0.2940;0.2871;0.0316;0.0000;54;56;-0.0049;-0.0173;0.0076;-0.0020;-0.0000;0.0000;0.1811;10154
133.0;0.2949;0.2885;0.0453;0.0000;56;54;-0.0831;-0.0173;0.0076;-0.0020;-0.0000;0.0000;0.1811;10154
133.5;0.2958;0.2898;-0.0014;0.0000;56;56;0.0733;-0.0144;0.0076;-0.0000;-0.0000;0.0000;0.1811;10154
134.0;0.2967;0.2917;0.0096;0.0000;56;56;-0.0049;-0.0144;0.0076;-0.0010;-0.0000;0.0000;0.1811;10154
134.5;0.2985;0.2930;0.0096;0.0000;56;56;-0.0049;-0.0144;0.0076;-0.0010;-0.0000;0.0000;0.1811;10154
135.0;0.2999;0.2944;-0.0151;0.0000;56;56;-0.0049;-0.0144;0.0076;-0.0000;-0.0000;0.0000;0.1811;10154
135.5;0.3017;0.2962;0.0137;0.0000;56;56;-0.0049;-0.0158;0.0076;-0.0010;-0.0000;0.0000;0.1811;10154
136.0;0.3040;0.2976;-0.0014;0.0000;56;56;-0.0049;-0.0158;0.0076;-0.0000;-0.0000;0.0000;0.1811;10154
136.5;0.3059;0.2990;0.0714;0.0000;56;56;-0.0049;-0.0173;0.0076;-0.0039;-0.0000;0.0000;0.1811;10154
137.0;0.3077;0.3004;0.0481;0.0000;56;56;-0.0049;-0.0188;0.0076;-0.0029;-0.0000;0.0000;0.1811;10154
137.5;0.3095;0.3022;0.0646;0.0000;56;56;-0.0049;-0.0202;0.0076;-0.0029;-0.0000;0.0000;0.1811;10154
138.0;0.3100;0.3036;-0.0055;0.0000;56;56;0.0733;-0.0173;0.0076;-0.0000;-0.0000;0.0000;0.1811;10154
138.5;0.3109;0.3049;-0.0247;0.0000;56;56;-0.0049;-0.0158;0.0076;0.0010;-0.0000;0.0000;0.1811;10154
139.0;0.3123;0.3063;-0.0769;0.0000;56;58;-0.0049;-0.0144;0.0076;0.0029;-0.0000;0.0000;0.1811;10154
139.5;0.3127;0.3082;-0.0522;0.0000;56;58;-0.0831;-0.0129;0.0076;0.0020;-0.0000;0.0000;0.1811;10154
140.0;0.3136;0.3095;0.0000;0.0000;58;58;-0.0049;-0.0114;0.0076;-0.0010;-0.0000;0.0000;0.1811;10154
140.5;0.3150;0.3109;-0.0110;0.0000;58;58;-0.0049;-0.0100;0.0076;-0.0000;-0.0000;0.0000;0.1811;10154
141.0;0.3164;0.3127;0.0220;0.0000;58;58;-0.0049;-0.0100;0.0076;-0.0010;-0.0000;0.0000;0.1811;10154
141.5;0.3168;0.3141;-0.0220;0.0000;58;58;0.0733;-0.0085;0.0076;-0.0000;-0.0000;0.0000;0.1811;10154
142.0;0.3178;0.3155;0.0110;0.0000;60;60;-0.0049;-0.0070;0.0076;-0.0010;-0.0000;0.0000;0.1811;10154
142.5;0.3182;0.3168;-0.0137;0.0000;58;60;0.0733;-0.0041;0.0076;-0.0000;-0.0000;0.0000;0.1811;10154
143.0;0.3191;0.3187;0.0165;0.0000;60;60;-0.0049;-0.0026;0.0076;-0.0010;-0.0000;0.0000;0.1811;10154
143.5;0.3201;0.3201;0.0014;0.0000;60;62;-0.0049;-0.0012;0.0076;-0.0010;-0.0000;0.0000;0.1811;10154
144.0;0.3214;0.3214;-0.0082;0.0000;60;62;-0.0049;0.0003;0.0076;-0.0000;-0.0000;0.0000;0.1811;10154
144.5;0.3228;0.3228;0.0371;0.0000;62;62;-0.0049;0.0003;0.0076;-0.0020;-0.0000;0.0000;0.1811;10154
145.0;0.3242;0.3246;0.0234;0.0000;62;62;-0.0049;0.0003;0.0076;-0.0020;-0.0000;0.0000;0.1811;10103
145.5;0.3260;0.3260;0.0412;0.0000;62;62;0.0733;-0.0012;0.0076;-0.0020;-0.0000;0.0000;0.1811;10154
146.0;0.3278;0.3274;-0.0330;0.0000;60;62;-0.0049;-0.0012;0.0076;0.0010;-0.0000;0.0000;0.1811;10103
146.5;0.3297;0.3292;-0.0302;0.0000;60;62;-0.0049;-0.0026;0.0076;0.0010;-0.0000;0.0000;0.1811;10103
147.0;0.3310;0.3306;-0.1085;0.0000;60;64;-0.0049;-0.0026;0.0076;0.0039;-0.0000;0.0000;0.1811;10154
147.5;0.3324;0.3320;-0.0755;0.0000;60;62;-0.0049;-0.0026;0.0076;0.0029;-0.0000;0.0000;0.1811;10103
148.0;0.3338;0.3333;-0.0440;0.0000;60;62;-0.0049;-0.0012;0.0076;0.0010;-0.0000;0.0000;0.1811;10154
148.5;0.3352;0.3352;-0.0165;0.0000;62;62;-0.0049;-0.0012;0.0076;-0.0000;-0.0000;0.0000;0.1811;10154
149.0;0.3365;0.3365;-0.0302;0.0000;62;62;-0.0049;-0.0012;0.0076;0.0010;-0.0000;0.0000;0.1811;10103
149.5;0.3375;0.3379;-0.0659;0.0000;62;64;-0.0049;0.0003;0.0076;0.0020;-0.0000;0.0000;0.1811;10154
150.0;0.3393;0.3397;-0.0687;0.0000;62;64;-0.0831;-0.0012;0.0076;0.0020;-0.0000;0.0000;0.1811;10154
150.5;0.3411;0.3411;-0.1016;0.0000;62;64;-0.0049;-0.0012;0.0076;0.0039;-0.0000;0.0000;0.1811;10103
151.0;0.3425;0.3425;-0.0907;0.0000;62;64;-0.0049;0.0003;0.0076;0.0029;-0.0000;0.0000;0.1811;10154
151.5;0.3434;0.3439;-0.1058;0.0000;62;64;-0.0049;0.0003;0.0076;0.0039;-0.0000;0.0000;0.1811;10154
152.0;0.3448;0.3457;-0.0783;0.0000;62;64;-0.0049;0.0018;0.0076;0.0029;-0.0000;0.0000;0.1811;10103
152.5;0.3462;0.3471;-0.0797;0.0000;64;64;-0.0831;0.0003;0.0076;0.0029;-0.0000;0.0000;0.1811;10154
153.0;0.3475;0.3484;-0.0398;0.0000;64;64;-0.0049;0.0018;0.0076;0.0010;-0.0000;0.0000;0.1811;10154
153.5;0.3489;0.3498;-0.0247;0.0000;64;64;-0.0049;0.0018;0.0076;0.0010;-0.0000;0.0000;0.1811;10103
154.0;0.3503;0.3516;-0.0852;0.0000;64;64;-0.0049;0.0032;0.0076;0.0029;-0.0000;0.0000;0.1811;10154
154.5;0.3512;0.3530;-0.0962;0.0000;64;65;-0.0049;0.0047;0.0076;0.0039;-0.0000;0.0000;0.1811;10103
155.0;0.3516;0.3544;-0.1374;0.0000;64;65;-0.0049;0.0062;0.0076;0.0049;-0.0000;0.0000;0.1811;10154
155.5;0.3526;0.3562;-0.0989;0.0000;64;65;-0.0049;0.0076;0.0076;0.0039;-0.0000;0.0000;0.1890;10154
156.0;0.3549;0.3576;-0.1209;0.0000;64;67;-0.0049;0.0062;0.0076;0.0049;-0.0000;0.0000;0.1890;10103
156.5;0.3562;0.3590;-0.0824;0.0000;65;65;-0.0049;0.0062;0.0076;0.0029;-0.0000;0.0000;0.1890;10103
157.0;0.3576;0.3603;-0.0838;0.0000;65;65;-0.0049;0.0062;0.0076;0.0029;-0.0000;0.0000;0.1890;10103
157.5;0.3594;0.3622;-0.1154;0.0000;64;67;0.0831;0.0062;0.0076;0.0039;-0.0000;0.0000;0.1890;10103
158.0;0.3608;0.3636;-0.1552;0.0000;64;67;0.0049;0.0062;0.0076;0.0059;-0.0000;0.0000;0.1890;10103
158.5;0.3617;0.3649;-0.1662;0.0000;64;67;0.0831;0.0076;0.0076;0.0068;-0.0000;0.0000;0.1890;10103
159.0;0.3631;0.3663;-0.1525;0.0000;65;67;-0.0831;0.0076;0.0076;0.0059;-0.0000;0.0000;0.1890;10103
159.5;0.3645;0.3681;-0.1758;0.0000;65;67;0.0049;0.0091;0.0076;0.0068;-0.0000;0.0000;0.1890;10154
160.0;0.3658;0.3695;-0.1497;0.0000;65;69;0.0831;0.0091;0.0076;0.0059;-0.0000;0.0000;0.1890;10103
160.5;0.3672;0.3709;-0.1648;0.0000;65;69;-0.0831;0.0091;0.0076;0.0068;-0.0000;0.0000;0.1890;10103
161.0;0.3686;0.3727;-0.1195;0.0000;65;69;0.0831;0.0091;0.0076;0.0049;-0.0000;0.0000;0.1890;10103
161.5;0.3695;0.3741;-0.1264;0.0000;65;69;-0.0049;0.0105;0.0076;0.0049;-0.0000;0.0000;0.1890;10103
162.0;0.3709;0.3755;-0.1113;0.0000;65;69;-0.0831;0.0105;0.0076;0.0039;-0.0000;0.0000;0.1890;10103
162.5;0.3727;0.3768;-0.1538;0.0000;65;69;0.0831;0.0091;0.0076;0.0059;-0.0000;0.0000;0.1890;10154
163.0;0.3750;0.3787;-0.1868;0.0000;65;69;-0.0831;0.0076;0.0076;0.0078;-0.0000;0.0000;0.1890;10103
163.5;0.3768;0.3800;-0.1744;0.0000;65;69;0.0831;0.0076;0.0076;0.0068;-0.0000;0.0000;0.1890;10103
164.0;0.3791;0.3814;-0.1484;0.0000;65;69;-0.0831;0.0062;0.0076;0.0059;-0.0000;0.0000;0.1890;10103
164.5;0.3810;0.3832;-0.1003;0.0000;65;69;0.0831;0.0047;0.0076;0.0039;-0.0000;0.0000;0.1890;10103
165.0;0.3832;0.3846;-0.1058;0.0000;65;67;-0.0831;0.0032;0.0076;0.0039;-0.0000;0.0000;0.1890;10103
165.5;0.3860;0.3860;-0.0989;0.0000;65;67;-0.0049;-0.0012;0.0076;0.0039;-0.0000;0.0000;0.1890;10103
166.0;0.3892;0.3874;-0.1470;0.0000;65;67;0.0049;-0.0056;0.0076;0.0059;-0.0000;0.0000;0.1890;10103
166.5;0.3915;0.3892;-0.1538;0.0000;64;67;0.0049;-0.0070;0.0076;0.0059;-0.0000;0.0000;0.1890;10103
167.0;0.3942;0.3906;-0.1607;0.0000;64;67;0.0049;-0.0100;0.0076;0.0059;-0.0000;0.0000;0.1890;10103
167.5;0.3961;0.3919;-0.1236;0.0000;64;65;-0.0049;-0.0100;0.0076;0.0049;-0.0000;0.0000;0.1890;10103
168.0;0.3984;0.3933;-0.1071;0.0000;64;65;-0.0049;-0.0129;0.0076;0.0039;-0.0000;0.0000;0.1890;10103
168.5;0.4011;0.3947;-0.1305;0.0000;64;65;-0.0049;-0.0158;0.0076;0.0049;-0.0000;0.0000;0.1890;10103
169.0;0.4034;0.3965;-0.1113;0.0000;64;64;-0.0831;-0.0188;0.0076;0.0039;-0.0000;0.0000;0.1890;10103
169.5;0.4057;0.3979;-0.1387;0.0000;62;64;0.0831;-0.0202;0.0076;0.0049;-0.0000;0.0000;0.1890;10154
170.0;0.4075;0.3993;-0.1223;0.0000;62;64;-0.0049;-0.0217;0.0076;0.0049;-0.0000;0.0000;0.1890;10103
170.5;0.4084;0.4006;-0.1511;0.0000;62;64;0.0049;-0.0202;0.0076;0.0059;-0.0000;0.0000;0.1890;10154
171.0;0.4103;0.4020;-0.1346;0.0000;62;64;-0.0049;-0.0217;0.0076;0.0049;-0.0000;0.0000;0.1890;10154
171.5;0.4116;0.4034;-0.1456;0.0000;62;64;-0.0831;-0.0217;0.0076;0.0059;-0.0000;0.0000;0.1890;10103
172.0;0.4135;0.4048;-0.1099;0.0000;62;64;0.0831;-0.0217;0.0076;0.0039;-0.0000;0.0000;0.1890;10103
172.5;0.4153;0.4061;-0.0646;0.0000;62;64;-0.0049;-0.0231;0.0076;0.0020;-0.0000;0.0000;0.1890;10154
173.0;0.4171;0.4075;-0.0330;0.0000;62;62;-0.0831;-0.0246;0.0076;0.0010;-0.0000;0.0000;0.1890;10103
173.5;0.4190;0.4089;-0.0275;0.0000;62;62;-0.0049;-0.0261;0.0076;0.0010;-0.0000;0.0000;0.1890;10103
174.0;0.4203;0.4103;-0.0810;0.0000;62;62;-0.0049;-0.0261;0.0062;0.0029;-0.0000;0.0000;0.1890;10154
174.5;0.4212;0.4116;-0.0577;0.0000;62;62;-0.0831;-0.0246;0.0062;0.0020;-0.0000;0.0000;0.1890;10103
175.0;0.4231;0.4130;-0.1016;0.0000;62;62;-0.0049;-0.0261;0.0062;0.0039;-0.0000;0.0000;0.1890;10154
175.5;0.4249;0.4139;-0.0563;0.0000;62;62;-0.0049;-0.0275;0.0062;0.0020;-0.0000;0.0000;0.1890;10154
176.0;0.4258;0.4153;-0.0467;0.0000;62;62;-0.0049;-0.0261;0.0062;0.0010;-0.0000;0.0000;0.1890;10103
176.5;0.4277;0.4167;-0.0398;0.0000;62;62;-0.0049;-0.0275;0.0062;0.0010;-0.0000;0.0000;0.1890;10154
177.0;0.4295;0.4180;-0.0412;0.0000;62;62;-0.0049;-0.0290;0.0062;0.0010;-0.0000;0.0000;0.1890;10103
177.5;0.4309;0.4194;-0.0508;0.0000;62;62;0.0733;-0.0305;0.0062;0.0020;-0.0000;0.0000;0.1890;10154
178.0;0.4322;0.4203;-0.0453;0.0000;62;62;-0.0831;-0.0290;0.0062;0.0010;-0.0000;0.0000;0.1890;10154
178.5;0.4341;0.4217;-0.0494;0.0000;62;62;-0.0049;-0.0305;0.0062;0.0020;-0.0000;0.0000;0.1890;10103
179.0;0.4359;0.4231;-0.0316;0.0000;62;62;-0.0049;-0.0334;0.0062;0.0010;-0.0000;0.0000;0.1890;10154
179.5;0.4373;0.4245;-0.0646;0.0000;62;62;-0.0831;-0.0334;0.0062;0.0020;-0.0000;0.0000;0.1890;10154
180.0;0.4391;0.4254;-0.0014;0.0000;62;60;-0.0049;-0.0349;0.0062;-0.0000;-0.0000;0.0000;0.1890;10154
180.5;0.4405;0.4267;-0.0220;0.0000;60;60;0.0733;-0.0349;0.0047;-0.0000;-0.0000;0.0000;0.1890;10154
181.0;0.4423;0.4277;0.0371;0.0000;62;60;-0.0049;-0.0363;0.0047;-0.0020;-0.0000;0.0000;0.1890;10154
181.5;0.4441;0.4290;0.0275;0.0000;62;60;-0.0049;-0.0378;0.0047;-0.0020;-0.0000;0.0000;0.1890;10103
182.0;0.4460;0.4304;-0.0082;0.0000;60;60;-0.0049;-0.0407;0.0047;-0.0000;-0.0000;0.0000;0.1890;10154
182.5;0.4469;0.4313;-0.0220;0.0000;60;60;-0.0049;-0.0393;0.0047;-0.0000;-0.0000;0.0000;0.1890;10154
183.0;0.4478;0.4327;-0.0357;0.0000;60;60;-0.0049;-0.0393;0.0047;0.0010;-0.0000;0.0000;0.1890;10154
183.5;0.4492;0.4336;0.0096;0.0000;60;60;-0.0049;-0.0393;0.0047;-0.0010;-0.0000;0.0000;0.1890;10154
184.0;0.4510;0.4350;0.0027;0.0000;60;60;-0.0049;-0.0407;0.0047;-0.0010;-0.0000;0.0000;0.1969;10103
184.5;0.4524;0.4359;0.0398;0.0000;60;60;-0.0049;-0.0407;0.0047;-0.0020;-0.0000;0.0000;0.1969;10154
185.0;0.4528;0.4373;0.0110;0.0000;60;60;0.0733;-0.0407;0.0032;-0.0010;-0.0000;0.0000;0.1969;10154
185.5;0.4533;0.4382;0.0275;0.0000;60;60;-0.0831;-0.0393;0.0032;-0.0020;-0.0000;0.0000;0.1969;10154
186.0;0.4542;0.4391;0.0316;0.0000;60;60;-0.0049;-0.0378;0.0032;-0.0020;-0.0000;0.0000;0.1969;10154
186.5;0.4556;0.4405;0.0536;0.0000;60;60;-0.0049;-0.0378;0.0032;-0.0029;-0.0000;0.0000;0.1969;10154
187.0;0.4570;0.4414;0.0673;0.0000;62;60;-0.0049;-0.0393;0.0032;-0.0029;-0.0000;0.0000;0.1969;10154
187.5;0.4583;0.4428;0.0604;0.0000;60;60;-0.0049;-0.0407;0.0032;-0.0029;-0.0000;0.0000;0.1969;10154
188.0;0.4592;0.4437;0.0934;0.0000;62;58;-0.0929;-0.0407;0.0032;-0.0049;-0.0000;0.0000;0.1969;10154
188.5;0.4602;0.4446;0.0893;0.0000;62;60;0.0733;-0.0393;0.0032;-0.0039;-0.0000;0.0000;0.1969;10154
189.0;0.4606;0.4455;0.1305;0.0000;62;60;-0.0049;-0.0378;0.0032;-0.0059;-0.0000;0.0000;0.1969;10154
189.5;0.4620;0.4469;0.0838;0.0000;62;60;-0.0049;-0.0393;0.0032;-0.0039;-0.0000;0.0000;0.1969;10154
190.0;0.4634;0.4478;0.0989;0.0000;62;60;-0.0049;-0.0393;0.0018;-0.0049;-0.0000;0.0000;0.1969;10154
190.5;0.4647;0.4487;0.0453;0.0000;60;60;-0.0049;-0.0407;0.0018;-0.0020;-0.0000;0.0000;0.1969;10154
191.0;0.4661;0.4496;0.0412;0.0000;60;60;-0.0049;-0.0422;0.0018;-0.0020;-0.0000;0.0000;0.1969;10154
191.5;0.4661;0.4505;0.0742;0.0000;60;60;-0.0049;-0.0393;0.0018;-0.0039;-0.0000;0.0000;0.1969;10154
192.0;0.4670;0.4519;0.0852;0.0000;62;60;-0.0049;-0.0393;0.0018;-0.0039;-0.0000;0.0000;0.1969;10154
192.5;0.4675;0.4528;0.1058;0.0000;62;60;-0.0049;-0.0378;0.0018;-0.0049;-0.0000;0.0000;0.1969;10154
193.0;0.4689;0.4538;0.0659;0.0000;62;60;-0.0049;-0.0378;0.0018;-0.0029;-0.0000;0.0000;0.1969;10154
193.5;0.4693;0.4547;0.0701;0.0000;62;60;0.0733;-0.0378;0.0018;-0.0039;-0.0000;0.0000;0.1969;10154
194.0;0.4693;0.4556;0.0288;0.0000;62;62;-0.0049;-0.0349;0.0018;-0.0020;-0.0000;0.0000;0.1969;10154
194.5;0.4684;0.4565;0.0618;0.0000;62;62;-0.0049;-0.0305;0.0018;-0.0029;-0.0000;0.0000;0.1969;10154
195.0;0.4666;0.4574;0.0687;0.0000;64;62;-0.0049;-0.0231;0.0003;-0.0029;-0.0000;0.0000;0.1969;10154
195.5;0.4661;0.4583;0.0948;0.0000;65;64;-0.0049;-0.0202;0.0003;-0.0049;-0.0000;0.0000;0.1969;10154
196.0;0.4661;0.4592;0.0920;0.0000;65;64;-0.0049;-0.0173;0.0003;-0.0039;-0.0000;0.0000;0.1969;10154
196.5;0.4666;0.4602;0.0756;0.0000;65;65;-0.0049;-0.0158;0.0003;-0.0039;-0.0000;0.0000;0.1969;10154
197.0;0.4670;0.4611;0.0591;0.0000;65;65;-0.0049;-0.0158;0.0003;-0.0029;-0.0000;0.0000;0.1969;10103
197.5;0.4675;0.4620;0.0137;0.0000;65;65;0.0733;-0.0144;0.0003;-0.0010;-0.0000;0.0000;0.1969;10154
198.0;0.4675;0.4629;-0.0124;0.0000;65;67;0.0733;-0.0114;0.0003;-0.0000;-0.0000;0.0000;0.1969;10103
198.5;0.4661;0.4638;-0.0577;0.0000;65;67;-0.0049;-0.0070;0.0003;0.0020;-0.0000;0.0000;0.1969;10103
199.0;0.4661;0.4647;-0.0440;0.0000;67;69;-0.0049;-0.0041;0.0003;0.0010;-0.0000;0.0000;0.1969;10154
199.5;0.4661;0.4657;-0.0522;0.0000;67;69;-0.0049;-0.0026;0.0003;0.0020;-0.0000;0.0000;0.1969;10103
200.0;0.4670;0.4666;-0.0165;0.0000;67;69;-0.0049;-0.0012;0.0003;-0.0000;-0.0000;0.0000;0.1969;10103
200.5;0.4675;0.4670;0.0096;0.0000;69;69;-0.0049;-0.0012;0.0003;-0.0010;-0.0000;0.0000;0.1969;10154
201.0;0.4684;0.4679;-0.0110;0.0000;69;69;-0.0049;-0.0026;0.0003;-0.0000;-0.0000;0.0000;0.1969;10103
201.5;0.4698;0.4689;-0.0082;0.0000;69;69;-0.0049;-0.0026;0.0003;-0.0000;-0.0000;0.0000;0.1969;10103
202.0;0.4702;0.4698;-0.0220;0.0000;69;69;-0.0831;-0.0026;0.0003;-0.0000;-0.0000;0.0000;0.1969;10154
202.5;0.4698;0.4702;-0.0124;0.0000;69;69;-0.0831;0.0003;0.0003;-0.0000;-0.0000;0.0000;0.1969;10103
203.0;0.4698;0.4712;0.0000;0.0000;69;69;0.0733;0.0032;0.0003;-0.0010;-0.0000;0.0000;0.1969;10103
203.5;0.4698;0.4721;0.0343;0.0000;71;69;-0.0049;0.0047;0.0003;-0.0020;-0.0000;0.0000;0.1969;10154
204.0;0.4693;0.4730;0.0371;0.0000;71;71;0.0733;0.0076;0.0003;-0.0020;-0.0000;0.0000;0.1969;10103
204.5;0.4698;0.4734;0.0220;0.0000;71;71;-0.0049;0.0091;0.0003;-0.0010;-0.0000;0.0000;0.1969;10103
205.0;0.4702;0.4744;-0.0096;0.0000;71;73;-0.0049;0.0091;0.0003;-0.0000;-0.0000;0.0000;0.1969;10103
205.5;0.4712;0.4748;-0.0343;0.0000;71;73;-0.0049;0.0091;0.0003;0.0010;-0.0000;0.0000;0.1969;10103
206.0;0.4716;0.4757;-0.0343;0.0000;71;73;-0.0049;0.0091;0.0003;0.0010;-0.0000;0.0000;0.1969;10103
206.5;0.4725;0.4762;-0.0522;0.0000;71;73;-0.0049;0.0091;0.0003;0.0020;-0.0000;0.0000;0.1969;10103
207.0;0.4734;0.4771;-0.0453;0.0000;71;73;-0.0049;0.0076;0.0003;0.0010;-0.0000;0.0000;0.1969;10103
207.5;0.4744;0.4780;-0.0481;0.0000;71;73;-0.0049;0.0076;0.0003;0.0020;-0.0000;0.0000;0.1969;10103
208.0;0.4757;0.4785;-0.0151;0.0000;71;73;-0.0049;0.0062;0.0003;-0.0000;-0.0000;0.0000;0.1969;10103
208.5;0.4766;0.4789;-0.0179;0.0000;71;73;-0.0049;0.0062;0.0003;-0.0000;-0.0000;0.0000;0.1969;10103
209.0;0.4766;0.4799;-0.0330;0.0000;71;73;0.0733;0.0076;0.0003;0.0010;-0.0000;0.0000;0.1969;10103
209.5;0.4771;0.4803;-0.0810;0.0000;71;73;-0.0831;0.0076;0.0003;0.0029;-0.0000;0.0000;0.1969;10103
210.0;0.4776;0.4812;-0.1030;0.0000;71;75;-0.0049;0.0076;0.0018;0.0039;-0.0000;0.0000;0.1969;10103
210.5;0.4785;0.4817;-0.1223;0.0000;71;75;-0.0049;0.0076;0.0018;0.0049;-0.0000;0.0000;0.1969;10103
211.0;0.4789;0.4821;-0.0742;0.0000;71;73;-0.0049;0.0076;0.0018;0.0029;-0.0000;0.0000;0.1969;10103
211.5;0.4799;0.4831;-0.0426;0.0000;71;73;-0.0049;0.0076;0.0018;0.0010;-0.0000;0.0000;0.1969;10103
212.0;0.4803;0.4835;-0.0591;0.0000;71;73;-0.0049;0.0076;0.0018;0.0020;-0.0000;0.0000;0.1969;10103
212.5;0.4803;0.4840;-0.0481;0.0000;73;73;-0.0831;0.0091;0.0018;0.0020;-0.0000;0.0000;0.1969;10103
213.0;0.4799;0.4849;-0.0728;0.0000;73;75;-0.0049;0.0105;0.0018;0.0029;-0.0000;0.0000;0.1969;10103
213.5;0.4808;0.4853;-0.0769;0.0000;73;75;0.0831;0.0105;0.0018;0.0029;-0.0000;0.0000;0.1969;10103
214.0;0.4812;0.4858;-0.0893;0.0000;73;75;-0.0049;0.0105;0.0018;0.0029;-0.0000;0.0000;0.1969;10103
214.5;0.4821;0.4863;-0.0728;0.0000;73;75;-0.0049;0.0105;0.0018;0.0029;-0.0000;0.0000;0.1969;10103
215.0;0.4826;0.4872;-0.0522;0.0000;73;75;-0.0049;0.0105;0.0018;0.0020;-0.0000;0.0000;0.1969;10103
215.5;0.4835;0.4876;-0.0220;0.0000;73;75;-0.0049;0.0091;0.0018;-0.0000;-0.0000;0.0000;0.1969;10103
216.0;0.4844;0.4881;-0.0124;0.0000;73;75;0.0733;0.0076;0.0018;-0.0000;-0.0000;0.0000;0.1969;10103
216.5;0.4858;0.4886;-0.0192;0.0000;73;75;-0.0049;0.0062;0.0018;-0.0000;-0.0000;0.0000;0.1969;10103
217.0;0.4867;0.4890;-0.0316;0.0000;73;75;-0.0049;0.0047;0.0018;0.0010;-0.0000;0.0000;0.1969;10103
217.5;0.4890;0.4895;-0.0810;0.0000;71;75;-0.0049;0.0018;0.0018;0.0029;-0.0000;0.0000;0.1969;10103
218.0;0.4904;0.4899;-0.0687;0.0000;71;73;-0.0049;-0.0026;0.0018;0.0020;-0.0000;0.0000;0.1969;10103
218.5;0.4922;0.4904;-0.0838;0.0000;69;73;0.0831;-0.0056;0.0018;0.0029;-0.0000;0.0000;0.1969;10103
219.0;0.4936;0.4908;-0.0385;0.0000;69;73;-0.0049;-0.0085;0.0018;0.0010;-0.0000;0.0000;0.1969;10103
219.5;0.4950;0.4913;0.0000;0.0000;69;71;-0.0831;-0.0100;0.0018;-0.0010;-0.0000;0.0000;0.1969;10103
220.0;0.4954;0.4918;0.0536;0.0000;69;71;-0.0049;-0.0100;0.0018;-0.0029;-0.0000;0.0000;0.1969;10103
220.5;0.4968;0.4922;0.0385;0.0000;69;71;0.0733;-0.0114;0.0018;-0.0020;-0.0000;0.0000;0.1969;10103
221.0;0.4977;0.4927;0.0192;0.0000;69;71;-0.0049;-0.0129;0.0018;-0.0010;-0.0000;0.0000;0.1969;10103
221.5;0.4986;0.4931;0.0247;0.0000;69;69;-0.0831;-0.0144;0.0018;-0.0020;-0.0000;0.0000;0.1969;10103
222.0;0.4995;0.4936;0.0234;0.0000;69;69;0.0733;-0.0158;0.0018;-0.0020;-0.0000;0.0000;0.1969;10103
222.5;0.5005;0.4940;0.0440;0.0000;69;69;-0.0049;-0.0173;0.0018;-0.0020;-0.0000;0.0000;0.1969;10103
223.0;0.5009;0.4940;0.0371;0.0000;67;69;-0.0049;-0.0173;0.0018;-0.0020;-0.0000;0.0000;0.1969;10103
223.5;0.5014;0.4945;0.0398;0.0000;67;69;-0.0049;-0.0173;0.0018;-0.0020;-0.0000;0.0000;0.1969;10103
224.0;0.5018;0.4950;0.0206;0.0000;67;69;-0.0049;-0.0173;0.0003;-0.0010;-0.0000;0.0000;0.1969;10103
224.5;0.5018;0.4954;0.0000;0.0000;67;69;-0.0049;-0.0173;0.0003;-0.0010;-0.0000;0.0000;0.1969;10103
225.0;0.5018;0.4959;-0.0192;0.0000;67;69;-0.0049;-0.0158;0.0003;-0.0000;-0.0000;0.0000;0.1969;10103
225.5;0.5018;0.4959;-0.0453;0.0000;67;69;-0.0049;-0.0158;0.0003;0.0010;-0.0000;0.0000;0.1969;10103
226.0;0.5027;0.4963;-0.0618;0.0000;67;69;0.0831;-0.0173;0.0003;0.0020;-0.0000;0.0000;0.1969;10154
226.5;0.5032;0.4968;-0.0893;0.0000;67;71;-0.0049;-0.0173;0.0003;0.0029;-0.0000;0.0000;0.1969;10103
227.0;0.5041;0.4968;-0.0701;0.0000;67;69;0.0831;-0.0188;0.0003;0.0020;-0.0000;0.0000;0.1969;10103
227.5;0.5046;0.4973;-0.0673;0.0000;67;69;-0.0831;-0.0202;0.0003;0.0020;-0.0000;0.0000;0.1969;10103
228.0;0.5050;0.4977;-0.0371;0.0000;67;69;-0.0049;-0.0202;0.0003;0.0010;-0.0000;0.0000;0.1969;10103
228.5;0.5055;0.4977;-0.0110;0.0000;67;69;-0.0049;-0.0202;0.0003;-0.0000;-0.0000;0.0000;0.1969;10103
229.0;0.5055;0.4982;0.0027;0.0000;67;69;-0.0049;-0.0188;0.0003;-0.0010;-0.0000;0.0000;0.1969;10103
229.5;0.5050;0.4982;0.0137;0.0000;67;69;-0.0049;-0.0188;0.0003;-0.0010;-0.0000;0.0000;0.1969;10103
230.0;0.5060;0.4986;0.0179;0.0000;67;67;-0.0831;-0.0188;0.0003;-0.0010;-0.0000;0.0000;0.1969;10103
230.5;0.5060;0.4986;0.0591;0.0000;69;67;-0.0049;-0.0188;0.0003;-0.0029;-0.0000;0.0000;0.1969;10103
231.0;0.5064;0.4991;0.0673;0.0000;69;67;-0.0049;-0.0188;0.0003;-0.0029;-0.0000;0.0000;0.1969;10103
231.5;0.5069;0.4991;0.0838;0.0000;67;67;0.0733;-0.0202;0.0003;-0.0039;-0.0000;0.0000;0.1969;10103
232.0;0.5073;0.4995;0.0577;0.0000;67;67;-0.0049;-0.0202;0.0003;-0.0029;-0.0000;0.0000;0.1969;10103
232.5;0.5082;0.4995;0.0275;0.0000;67;67;-0.0831;-0.0231;0.0003;-0.0020;-0.0000;0.0000;0.1969;10103
233.0;0.5096;0.4995;-0.0027;0.0000;67;67;0.0733;-0.0246;0.0003;-0.0000;-0.0000;0.0000;0.1969;10154
233.5;0.5101;0.5000;-0.0069;0.0000;65;67;-0.0049;-0.0275;-0.0012;-0.0000;-0.0000;0.0000;0.1969;10103
234.0;0.5105;0.5000;-0.0179;0.0000;65;67;-0.0049;-0.0275;-0.0012;-0.0000;-0.0000;0.0000;0.1969;10154
234.5;0.5105;0.5000;-0.0179;0.0000;67;65;-0.1711;-0.0275;-0.0012;-0.0000;-0.0000;0.0000;0.1969;10154
235.0;0.5110;0.5000;-0.0041;0.0000;65;65;0.0733;-0.0290;-0.0012;-0.0000;-0.0000;0.0000;0.1969;10103
235.5;0.5119;0.5000;0.0055;0.0000;65;65;-0.0831;-0.0305;-0.0012;-0.0010;-0.0000;0.0000;0.1969;10154
236.0;0.5124;0.5000;0.0151;0.0000;65;65;-0.0049;-0.0319;-0.0012;-0.0010;-0.0000;0.0000;0.1969;10154
236.5;0.5124;0.5000;-0.0069;0.0000;65;65;-0.0049;-0.0319;-0.0012;-0.0000;-0.0000;0.0000;0.1969;10154
237.0;0.5124;0.5000;-0.0014;0.0000;65;65;-0.0049;-0.0319;-0.0012;-0.0000;-0.0000;0.0000;0.1969;10154
237.5;0.5128;0.5000;-0.0069;0.0000;65;64;-0.0831;-0.0334;-0.0012;-0.0000;-0.0000;0.0000;0.1969;10103
238.0;0.5128;0.5000;0.0110;0.0000;65;64;-0.0049;-0.0334;-0.0012;-0.0010;-0.0000;0.0000;0.1969;10154
238.5;0.5124;0.5000;0.0343;0.0000;65;64;-0.0049;-0.0319;-0.0012;-0.0020;-0.0000;0.0000;0.1969;10154
239.0;0.5137;0.5000;0.0701;0.0000;65;64;-0.0049;-0.0349;-0.0012;-0.0039;-0.0000;0.0000;0.1969;10154
239.5;0.5142;0.5000;0.0673;0.0000;65;64;-0.0049;-0.0363;-0.0026;-0.0029;-0.0000;0.0000;0.1969;10154
240.0;0.5156;0.5000;0.0453;0.0000;64;64;-0.0049;-0.0407;-0.0026;-0.0020;-0.0000;0.0000;0.1969;10154
240.5;0.5165;0.5000;0.0137;0.0000;64;62;-0.0049;-0.0422;-0.0026;-0.0010;-0.0000;0.0000;0.1969;10154
241.0;0.5169;0.5000;-0.0234;0.0000;62;62;-0.0049;-0.0437;-0.0026;-0.0000;-0.0000;0.0000;0.1969;10154
241.5;0.5169;0.5000;-0.0357;0.0000;62;62;-0.0049;-0.0437;-0.0026;0.0010;-0.0000;0.0000;0.1969;10154
242.0;0.5174;0.5000;-0.0302;0.0000;62;64;0.0733;-0.0451;-0.0026;0.0010;-0.0000;0.0000;0.1969;10154
242.5;0.5179;0.5000;-0.0041;0.0000;62;62;-0.0831;-0.0466;-0.0026;-0.0000;-0.0000;0.0000;0.1969;10154
243.0;0.5183;0.5000;0.0082;0.0000;62;62;-0.0049;-0.0466;-0.0026;-0.0010;-0.0000;0.0000;0.1969;10154
243.5;0.5183;0.5000;0.0082;0.0000;62;62;-0.0049;-0.0466;-0.0026;-0.0010;-0.0000;0.0000;0.1969;10154
244.0;0.5188;0.5000;-0.0137;0.0000;62;62;-0.0831;-0.0481;-0.0041;-0.0000;-0.0000;0.0000;0.1969;10154
244.5;0.5192;0.5000;-0.0371;0.0000;60;62;0.0733;-0.0495;-0.0041;0.0010;-0.0000;0.0000;0.1969;10154
245.0;0.5197;0.5000;-0.0646;0.0000;60;62;-0.0049;-0.0510;-0.0041;0.0020;-0.0000;0.0000;0.1969;10154
245.5;0.5201;0.5000;-0.0687;0.0000;60;62;0.0831;-0.0524;-0.0041;0.0020;-0.0000;0.0000;0.1969;10154
246.0;0.5211;0.5000;-0.0234;0.0000;60;60;-0.0831;-0.0539;-0.0041;-0.0000;-0.0000;0.0000;0.1969;10154
246.5;0.5215;0.5000;-0.0261;0.0000;60;60;-0.0049;-0.0554;-0.0041;0.0010;-0.0000;0.0000;0.1969;10154
247.0;0.5211;0.5000;0.0137;0.0000;60;60;0.0733;-0.0539;-0.0041;-0.0010;-0.0000;0.0000;0.1969;10154
247.5;0.5215;0.5000;-0.0110;0.0000;60;60;-0.0831;-0.0554;-0.0056;-0.0000;-0.0000;0.0000;0.1969;10154
248.0;0.5215;0.5000;-0.0508;0.0000;60;60;-0.0049;-0.0554;-0.0056;0.0020;-0.0000;0.0000;0.1969;10154
248.5;0.5220;0.5000;-0.0907;0.0000;58;60;0.0831;-0.0568;-0.0056;0.0029;-0.0000;0.0000;0.1969;10154
249.0;0.5229;0.5000;-0.1126;0.0000;58;60;-0.0831;-0.0583;-0.0056;0.0039;-0.0000;0.0000;0.1969;10154
249.5;0.5229;0.5000;-0.0714;0.0000;58;58;-0.0049;-0.0598;-0.0056;0.0029;-0.0000;0.0000;0.1969;10154
250.0;0.5229;0.5000;-0.0467;0.0000;58;58;-0.0049;-0.0583;-0.0056;0.0010;-0.0000;0.0000;0.1969;10154
250.5;0.5224;0.5000;-0.0014;0.0000;58;58;-0.0831;-0.0568;-0.0070;-0.0000;-0.0000;0.0000;0.1969;10154
251.0;0.5220;0.5000;0.0385;0.0000;58;58;-0.0049;-0.0568;-0.0070;-0.0020;-0.0000;0.0000;0.1969;10154
251.5;0.5224;0.5000;0.0824;0.0000;60;58;-0.0049;-0.0583;-0.0070;-0.0039;-0.0000;0.0000;0.1969;10154
252.0;0.5229;0.5000;0.1016;0.0000;60;56;-0.0049;-0.0583;-0.0070;-0.0049;-0.0000;0.0000;0.1969;10154
252.5;0.5224;0.5000;0.1016;0.0000;58;56;-0.0049;-0.0583;-0.0070;-0.0049;-0.0000;0.0000;0.1969;10205
253.0;0.5224;0.5000;0.1003;0.0000;60;56;-0.0929;-0.0568;-0.0070;-0.0049;-0.0000;0.0000;0.1969;10154
253.5;0.5224;0.5000;0.1305;0.0000;60;56;0.0733;-0.0568;-0.0070;-0.0059;-0.0000;0.0000;0.1969;10154
254.0;0.5224;0.5000;0.1209;0.0000;58;56;-0.0049;-0.0568;-0.0085;-0.0059;-0.0000;0.0000;0.1969;10205
254.5;0.5215;0.5000;0.1497;0.0000;60;56;-0.0147;-0.0554;-0.0085;-0.0068;-0.0000;0.0000;0.1969;10154
255.0;0.5211;0.5000;0.1690;0.0000;60;56;-0.0147;-0.0539;-0.0085;-0.0078;-0.0000;0.0000;0.1969;10154
255.5;0.5206;0.5000;0.1429;0.0000;60;56;-0.0147;-0.0524;-0.0085;-0.0068;-0.0000;0.0000;0.1969;10205
256.0;0.5197;0.5000;0.1332;0.0000;60;58;-0.0049;-0.0510;-0.0085;-0.0059;-0.0000;0.0000;0.1969;10154
256.5;0.5188;0.5000;0.0824;0.0000;60;58;-0.0929;-0.0495;-0.0085;-0.0039;-0.0000;0.0000;0.1969;10154
257.0;0.5183;0.5000;0.0852;0.0000;60;58;-0.0049;-0.0466;-0.0085;-0.0039;-0.0000;0.0000;0.1969;10154
257.5;0.5183;0.5000;0.1016;0.0000;60;58;0.0733;-0.0466;-0.0100;-0.0049;-0.0000;0.0000;0.1969;10154
258.0;0.5179;0.5000;0.1181;0.0000;60;58;-0.0049;-0.0466;-0.0100;-0.0059;-0.0000;0.0000;0.1969;10154
258.5;0.5183;0.5000;0.1250;0.0000;60;58;-0.0929;-0.0466;-0.0100;-0.0059;-0.0000;0.0000;0.1969;10154
259.0;0.5179;0.5000;0.0879;0.0000;60;58;-0.0049;-0.0466;-0.0100;-0.0039;-0.0000;0.0000;0.1969;10154
259.5;0.5174;0.5000;0.0852;0.0000;60;58;-0.0049;-0.0451;-0.0100;-0.0039;-0.0000;0.0000;0.1969;10154
260.0;0.5179;0.5000;0.0577;0.0000;60;60;0.0733;-0.0466;-0.0100;-0.0029;-0.0000;0.0000;0.1969;10154
260.5;0.5179;0.5000;0.0783;0.0000;60;60;-0.0049;-0.0451;-0.0100;-0.0039;-0.0000;0.0000;0.1969;10154
261.0;0.5174;0.5000;0.0563;0.0000;60;60;-0.0049;-0.0451;-0.0100;-0.0029;-0.0000;0.0000;0.1969;10205
261.5;0.5169;0.5000;0.1044;0.0000;60;58;-0.0049;-0.0437;-0.0114;-0.0049;-0.0000;0.0000;0.1969;10154
262.0;0.5174;0.5000;0.1209;0.0000;60;60;0.0733;-0.0437;-0.0114;-0.0059;-0.0000;0.0000;0.1969;10154
262.5;0.5169;0.5000;0.1415;0.0000;60;58;-0.0147;-0.0437;-0.0114;-0.0068;-0.0000;0.0000;0.1969;10154
263.0;0.5174;0.5000;0.1841;0.0000;62;58;-0.0929;-0.0451;-0.0114;-0.0078;-0.0000;0.0000;0.1969;10154
263.5;0.5174;0.5000;0.1978;0.0000;62;58;-0.0147;-0.0451;-0.0114;-0.0088;-0.0000;0.0000;0.1969;10154
264.0;0.5169;0.5000;0.2170;0.0000;62;58;-0.0147;-0.0437;-0.0114;-0.0098;-0.0000;0.0000;0.1969;10154
264.5;0.5165;0.5000;0.1923;0.0000;62;58;-0.0147;-0.0422;-0.0114;-0.0088;-0.0000;0.0000;0.1969;10154
265.0;0.5160;0.5000;0.1978;0.0000;62;58;-0.0147;-0.0407;-0.0114;-0.0088;-0.0000;0.0000;0.1969;10154
265.5;0.5156;0.5000;0.1868;0.0000;62;58;-0.0147;-0.0393;-0.0114;-0.0088;-0.0000;0.0000;0.1969;10154
266.0;0.5147;0.5000;0.2047;0.0000;62;58;-0.0147;-0.0378;-0.0129;-0.0088;-0.0000;0.0000;0.1969;10154
266.5;0.5142;0.5000;0.2198;0.0000;64;58;-0.0147;-0.0363;-0.0129;-0.0098;-0.0000;0.0000;0.1969;10154
267.0;0.5133;0.5000;0.2349;0.0000;64;58;0.0635;-0.0349;-0.0129;-0.0108;-0.0000;0.0000;0.1969;10154
267.5;0.5128;0.5000;0.2349;0.0000;64;60;-0.0147;-0.0334;-0.0129;-0.0108;-0.0000;0.0000;0.1969;10154
268.0;0.5128;0.5000;0.1951;0.0000;64;60;-0.0929;-0.0334;-0.0129;-0.0088;-0.0000;0.0000;0.1969;10205
268.5;0.5124;0.5000;0.2170;0.0000;64;60;-0.0147;-0.0319;-0.0129;-0.0098;-0.0000;0.0000;0.1969;10154
269.0;0.5119;0.5000;0.1896;0.0000;64;60;-0.0147;-0.0319;-0.0129;-0.0088;-0.0000;0.0000;0.1969;10154
269.5;0.5114;0.5000;0.2184;0.0000;64;60;-0.0147;-0.0305;-0.0129;-0.0098;-0.0000;0.0000;0.1969;10154
270.0;0.5119;0.5000;0.1854;0.0000;64;60;0.0733;-0.0305;-0.0129;-0.0078;-0.0000;0.0000;0.1969;10154
270.5;0.5114;0.5000;0.1580;0.0000;64;60;-0.0147;-0.0305;-0.0129;-0.0068;-0.0000;0.0000;0.1969;10154
271.0;0.5114;0.5000;0.1126;0.0000;64;62;-0.0049;-0.0305;-0.0129;-0.0049;-0.0000;0.0000;0.1969;10154
271.5;0.5119;0.5000;0.1030;0.0000;64;62;-0.0929;-0.0305;-0.0144;-0.0049;-0.0000;0.0000;0.1969;10154
272.0;0.5119;0.5000;0.1360;0.0000;64;60;-0.0049;-0.0305;-0.0144;-0.0059;-0.0000;0.0000;0.1969;10154
272.5;0.5114;0.5000;0.0907;0.0000;64;62;-0.0049;-0.0305;-0.0144;-0.0039;-0.0000;0.0000;0.1969;10154
273.0;0.5114;0.5000;0.1415;0.0000;64;60;-0.0147;-0.0290;-0.0144;-0.0068;-0.0000;0.0000;0.1969;10154
273.5;0.5101;0.5000;0.1085;0.0000;64;60;-0.0929;-0.0261;-0.0144;-0.0049;-0.0000;0.0000;0.1969;10154
274.0;0.5092;0.5000;0.1635;0.0000;65;60;-0.0147;-0.0246;-0.0144;-0.0078;-0.0000;0.0000;0.1969;10154
274.5;0.5082;0.5000;0.1786;0.0000;65;62;-0.0147;-0.0217;-0.0144;-0.0078;-0.0000;0.0000;0.1969;10154
275.0;0.5078;0.5000;0.2280;0.0000;67;60;-0.0929;-0.0217;-0.0144;-0.0098;-0.0000;0.0000;0.1969;10154
275.5;0.5078;0.5000;0.2006;0.0000;67;62;-0.0147;-0.0202;-0.0144;-0.0088;-0.0000;0.0000;0.1969;10154
276.0;0.5078;0.5000;0.1635;0.0000;65;62;-0.0929;-0.0202;-0.0144;-0.0078;-0.0000;0.0000;0.1969;10154
276.5;0.5073;0.5000;0.1360;0.0000;65;62;-0.0049;-0.0188;-0.0144;-0.0059;-0.0000;0.0000;0.1969;10154
277.0;0.5064;0.5000;0.1140;0.0000;65;64;0.0733;-0.0173;-0.0144;-0.0049;-0.0000;0.0000;0.1969;10154
277.5;0.5060;0.5000;0.1071;0.0000;65;64;-0.0049;-0.0173;-0.0144;-0.0049;-0.0000;0.0000;0.1969;10154
278.0;0.5055;0.5000;0.0000;0.0000;65;64;-0.0049;-0.0158;-0.0144;-0.0010;-0.0000;0.0000;0.1969;10154
278.5;0.5050;0.5000;-0.0096;0.0000;65;65;-0.0049;-0.0144;-0.0144;-0.0000;-0.0000;0.0000;0.1969;10154
279.0;0.5055;0.5000;-0.0907;0.0000;65;65;-0.0831;-0.0144;-0.0144;0.0029;-0.0000;0.0000;0.1969;10154
279.5;0.5055;0.5000;-0.0549;0.0000;65;65;0.0831;-0.0144;-0.0144;0.0020;-0.0000;0.0000;0.1969;10154
280.0;0.5046;0.5000;-0.0192;0.0000;65;64;-0.0049;-0.0129;-0.0144;-0.0000;-0.0000;0.0000;0.1969;10154
280.5;0.5037;0.5000;0.0288;0.0000;67;64;-0.0049;-0.0114;-0.0144;-0.0020;-0.0000;0.0000;0.1969;10154
281.0;0.5032;0.5000;0.0549;0.0000;67;65;-0.0049;-0.0085;-0.0158;-0.0029;-0.0000;0.0000;0.1969;10103
281.5;0.5023;0.5000;0.0206;0.0000;67;65;-0.0831;-0.0070;-0.0158;-0.0010;-0.0000;0.0000;0.1969;10154
282.0;0.5018;0.5000;0.0371;0.0000;67;65;-0.0049;-0.0056;-0.0158;-0.0020;-0.0000;0.0000;0.1969;10154
282.5;0.5014;0.5000;-0.0206;0.0000;67;67;-0.0049;-0.0056;-0.0158;-0.0000;-0.0000;0.0000;0.1969;10154
283.0;0.5009;0.5000;-0.0206;0.0000;67;67;-0.0049;-0.0041;-0.0158;-0.0000;-0.0000;0.0000;0.1969;10154
283.5;0.5014;0.5000;-0.0549;0.0000;67;67;-0.0831;-0.0041;-0.0158;0.0020;-0.0000;0.0000;0.1969;10154
284.0;0.5005;0.5000;-0.0343;0.0000;67;67;-0.0049;-0.0026;-0.0158;0.0010;-0.0000;0.0000;0.1969;10103
284.5;0.5000;0.5000;-0.0673;0.0000;67;67;-0.0049;-0.0012;-0.0158;0.0020;-0.0000;0.0000;0.1969;10103
285.0;0.5005;0.5000;-0.0453;0.0000;67;69;0.0733;-0.0026;-0.0158;0.0010;-0.0000;0.0000;0.1969;10154
285.5;0.5005;0.5000;0.0110;0.0000;67;67;-0.0049;-0.0026;-0.0158;-0.0010;-0.0000;0.0000;0.1969;10103
286.0;0.5000;0.5000;0.0110;0.0000;67;67;-0.0049;-0.0012;-0.0158;-0.0010;-0.0000;0.0000;0.1969;10154
286.5;0.5005;0.5000;0.0041;0.0000;69;67;-0.0831;-0.0026;-0.0158;-0.0010;-0.0000;0.0000;0.1969;10103
287.0;0.5009;0.5000;-0.0659;0.0000;67;67;-0.0049;-0.0041;-0.0158;0.0020;-0.0000;0.0000;0.1969;10103
287.5;0.5018;0.5000;-0.0247;0.0000;67;67;0.0733;-0.0056;-0.0158;0.0010;-0.0000;0.0000;0.1969;10154
288.0;0.5023;0.5000;-0.0646;0.0000;67;67;-0.0831;-0.0070;-0.0158;0.0020;-0.0000;0.0000;0.1969;10103
288.5;0.5023;0.5000;-0.0151;0.0000;67;67;0.0733;-0.0070;-0.0158;-0.0000;-0.0000;0.0000;0.1969;10103
289.0;0.5023;0.5000;-0.0165;0.0000;67;67;-0.0049;-0.0070;-0.0158;-0.0000;-0.0000;0.0000;0.1969;10154
289.5;0.5027;0.5000;-0.0453;0.0000;67;67;-0.0831;-0.0085;-0.0158;0.0010;-0.0000;0.0000;0.1969;10154
290.0;0.5027;0.5000;-0.0577;0.0000;67;67;0.0831;-0.0085;-0.0158;0.0020;-0.0000;0.0000;0.1969;10154
290.5;0.5027;0.5000;-0.1016;0.0000;65;67;-0.0049;-0.0085;-0.0158;0.0039;-0.0000;0.0000;0.1969;10154
291.0;0.5027;0.5000;-0.0632;0.0000;67;67;-0.0049;-0.0085;-0.0158;0.0020;-0.0000;0.0000;0.1969;10103
291.5;0.5027;0.5000;-0.0755;0.0000;65;67;-0.0831;-0.0085;-0.0158;0.0029;-0.0000;0.0000;0.1969;10103
292.0;0.5032;0.5000;-0.0357;0.0000;65;67;0.0733;-0.0085;-0.0158;0.0010;-0.0000;0.0000;0.1969;10154
292.5;0.5032;0.5000;-0.0522;0.0000;65;67;-0.0049;-0.0100;-0.0158;0.0020;-0.0000;0.0000;0.1969;10103
293.0;0.5032;0.5000;0.0096;0.0000;65;67;-0.0049;-0.0085;-0.0158;-0.0010;-0.0000;0.0000;0.1969;10154
293.5;0.5037;0.5000;-0.0137;0.0000;65;67;0.0733;-0.0100;-0.0158;-0.0000;-0.0000;0.0000;0.1969;10154
294.0;0.5046;0.5000;0.0247;0.0000;67;65;-0.0831;-0.0129;-0.0158;-0.0020;-0.0000;0.0000;0.1969;10103
294.5;0.5050;0.5000;0.0055;0.0000;65;65;0.0733;-0.0144;-0.0158;-0.0010;-0.0000;0.0000;0.1969;10103
295.0;0.5055;0.5000;-0.0357;0.0000;65;65;-0.0049;-0.0144;-0.0158;0.0010;-0.0000;0.0000;0.1969;10154
295.5;0.5055;0.5000;-0.0371;0.0000;65;65;-0.0049;-0.0144;-0.0158;0.0010;-0.0000;0.0000;0.1969;10103
296.0;0.5069;0.5000;-0.0412;0.0000;65;65;-0.0049;-0.0173;-0.0158;0.0010;-0.0000;0.0000;0.1969;10154
296.5;0.5073;0.5000;0.0563;0.0000;65;64;-0.0049;-0.0202;-0.0158;-0.0029;-0.0000;0.0000;0.1969;10154
297.0;0.5078;0.5000;0.0261;0.0000;65;64;-0.0049;-0.0202;-0.0158;-0.0020;-0.0000;0.0000;0.1969;10154
297.5;0.5082;0.5000;0.0701;0.0000;64;64;-0.0049;-0.0217;-0.0158;-0.0039;-0.0000;0.0000;0.1969;10154
298.0;0.5087;0.5000;-0.0027;0.0000;64;64;-0.0049;-0.0231;-0.0158;-0.0000;-0.0000;0.0000;0.1969;10154
298.5;0.5087;0.5000;-0.0165;0.0000;64;64;-0.0049;-0.0231;-0.0158;-0.0000;-0.0000;0.0000;0.1969;10154
299.0;0.5087;0.5000;-0.0508;0.0000;62;64;-0.0049;-0.0231;-0.0158;0.0020;-0.0000;0.0000;0.1969;10154
299.5;0.5082;0.5000;0.0055;0.0000;64;64;-0.0049;-0.0217;-0.0158;-0.0010;-0.0000;0.0000;0.1969;10103
300.0;0.5087;0.5000;0.0810;0.0000;64;62;-0.0929;-0.0231;-0.0173;-0.0039;-0.0000;0.0000;0.1969;10154
300.5;0.5092;0.5000;0.0522;0.0000;64;64;0.0733;-0.0246;-0.0173;-0.0029;-0.0000;0.0000;0.1969;10154
301.0;0.5096;0.5000;0.0962;0.0000;64;62;-0.0049;-0.0261;-0.0173;-0.0049;-0.0000;0.0000;0.1969;10154
301.5;0.5114;0.5000;0.0481;0.0000;64;62;-0.0049;-0.0290;-0.0173;-0.0029;-0.0000;0.0000;0.1969;10154
302.0;0.5119;0.5000;0.1085;0.0000;64;62;-0.0049;-0.0319;-0.0173;-0.0049;-0.0000;0.0000;0.1969;10154
302.5;0.5128;0.5000;0.0989;0.0000;62;62;0.0733;-0.0334;-0.0173;-0.0049;-0.0000;0.0000;0.1969;10154
303.0;0.5137;0.5000;0.1552;0.0000;62;60;-0.0147;-0.0349;-0.0173;-0.0068;-0.0000;0.0000;0.1969;10154
303.5;0.5137;0.5000;0.1593;0.0000;62;60;-0.0929;-0.0349;-0.0173;-0.0068;-0.0000;0.0000;0.1969;10154
304.0;0.5142;0.5000;0.1593;0.0000;62;60;0.0733;-0.0378;-0.0173;-0.0068;-0.0000;0.0000;0.1969;10154
304.5;0.5151;0.5000;0.2088;0.0000;62;60;0.0733;-0.0393;-0.0173;-0.0088;-0.0000;0.0000;0.1969;10154
305.0;0.5156;0.5000;0.1827;0.0000;60;60;-0.0147;-0.0407;-0.0173;-0.0078;-0.0000;0.0000;0.1969;10154
305.5;0.5165;0.5000;0.2047;0.0000;60;58;0.0733;-0.0422;-0.0188;-0.0088;-0.0000;0.0000;0.1969;10154
306.0;0.5165;0.5000;0.1442;0.0000;60;58;-0.0147;-0.0422;-0.0188;-0.0068;-0.0000;0.0000;0.1969;10154
306.5;0.5174;0.5000;0.1456;0.0000;58;58;0.0733;-0.0437;-0.0188;-0.0068;-0.0000;0.0000;0.1969;10154
307.0;0.5183;0.5000;0.1003;0.0000;58;58;-0.0929;-0.0466;-0.0188;-0.0049;-0.0000;0.0000;0.1969;10154
307.5;0.5183;0.5000;0.1332;0.0000;58;58;-0.0049;-0.0481;-0.0188;-0.0059;-0.0000;0.0000;0.1969;10154
308.0;0.5192;0.5000;0.1676;0.0000;58;58;0.0733;-0.0495;-0.0188;-0.0078;-0.0000;0.0000;0.1969;10154
308.5;0.5201;0.5000;0.1978;0.0000;58;56;-0.0929;-0.0510;-0.0188;-0.0088;-0.0000;0.0000;0.1969;10154
309.0;0.5211;0.5000;0.1745;0.0000;58;56;0.0733;-0.0539;-0.0188;-0.0078;-0.0000;0.0000;0.1969;10205
309.5;0.5215;0.5000;0.1236;0.0000;56;56;-0.0049;-0.0554;-0.0202;-0.0059;-0.0000;0.0000;0.1969;10154
310.0;0.5229;0.5000;0.1277;0.0000;56;54;-0.0049;-0.0583;-0.0202;-0.0059;-0.0000;0.0000;0.1969;10205
310.5;0.5238;0.5000;0.0920;0.0000;56;54;-0.0049;-0.0612;-0.0202;-0.0049;-0.0000;0.0000;0.1969;10154
311.0;0.5247;0.5000;0.1442;0.0000;54;54;0.0733;-0.0627;-0.0202;-0.0068;-0.0000;0.0000;0.1969;10154
311.5;0.5247;0.5000;0.1497;0.0000;54;54;-0.0147;-0.0627;-0.0202;-0.0068;-0.0000;0.0000;0.1969;10205
312.0;0.5247;0.5000;0.1662;0.0000;54;52;0.0733;-0.0627;-0.0202;-0.0078;-0.0000;0.0000;0.1969;10205
312.5;0.5243;0.5000;0.1772;0.0000;54;52;-0.0147;-0.0627;-0.0217;-0.0078;-0.0000;0.0000;0.1969;10205
313.0;0.5229;0.5000;0.2212;0.0000;54;52;0.0733;-0.0583;-0.0217;-0.0098;-0.0000;0.0000;0.1969;10205
313.5;0.5224;0.5000;0.2830;0.0000;56;52;0.0635;-0.0568;-0.0217;-0.0127;-0.0000;0.0000;0.1969;10205
314.0;0.5224;0.5000;0.3063;0.0000;56;52;-0.0929;-0.0583;-0.0217;-0.0137;-0.0000;0.0000;0.1969;10205
314.5;0.5234;0.5000;0.3558;0.0000;56;52;0.0635;-0.0598;-0.0217;-0.0156;-0.0000;0.0000;0.1969;10205
315.0;0.5234;0.5000;0.3681;0.0000;56;52;-0.0147;-0.0598;-0.0217;-0.0156;-0.0000;0.0000;0.1969;10154
315.5;0.5229;0.5000;0.4560;0.0000;58;50;-0.0244;-0.0583;-0.0231;-0.0196;-0.0000;0.0000;0.1969;10205
316.0;0.5224;0.5000;0.4739;0.0000;58;50;-0.0244;-0.0568;-0.0231;-0.0205;-0.0000;0.0000;0.1969;10205
316.5;0.5224;0.5000;0.4739;0.0000;58;50;-0.1026;-0.0583;-0.0231;-0.0205;-0.0000;0.0000;0.1969;10205
317.0;0.5224;0.5000;0.4011;0.0000;58;50;-0.0147;-0.0568;-0.0231;-0.0176;-0.0000;0.0000;0.1969;10205
317.5;0.5220;0.5000;0.2830;0.0000;56;52;-0.0147;-0.0554;-0.0231;-0.0127;-0.0000;0.0000;0.1969;10205
318.0;0.5211;0.5000;0.1896;0.0000;56;52;-0.0147;-0.0539;-0.0231;-0.0088;-0.0000;0.0000;0.1969;10205
318.5;0.5220;0.5000;0.1277;0.0000;56;54;-0.0049;-0.0568;-0.0231;-0.0059;-0.0000;0.0000;0.1969;10205
319.0;0.5224;0.5000;0.1113;0.0000;54;52;-0.0049;-0.0568;-0.0246;-0.0049;-0.0000;0.0000;0.1969;10205
319.5;0.5220;0.5000;0.0165;0.0000;54;54;-0.0049;-0.0568;-0.0246;-0.0010;-0.0000;0.0000;0.1969;10205
320.0;0.5224;0.5000;0.0014;0.0000;54;54;0.0733;-0.0568;-0.0246;-0.0010;-0.0000;0.0000;0.1969;10205
320.5;0.5224;0.5000;-0.0577;0.0000;52;54;-0.0049;-0.0568;-0.0246;0.0020;-0.0000;0.0000;0.1969;10205
321.0;0.5220;0.5000;-0.0385;0.0000;52;54;-0.0049;-0.0568;-0.0246;0.0010;-0.0000;0.0000;0.1969;10205
321.5;0.5215;0.5000;0.0247;0.0000;54;54;-0.0049;-0.0554;-0.0246;-0.0020;-0.0000;0.0000;0.1969;10205
322.0;0.5201;0.5000;0.0742;0.0000;54;54;-0.0929;-0.0510;-0.0246;-0.0039;-0.0000;0.0000;0.1969;10205
322.5;0.5179;0.5000;0.1387;0.0000;56;54;0.0733;-0.0466;-0.0261;-0.0059;-0.0000;0.0000;0.1969;10205
323.0;0.5165;0.5000;0.1758;0.0000;58;54;-0.0147;-0.0422;-0.0261;-0.0078;-0.0000;0.0000;0.1969;10205
323.5;0.5142;0.5000;0.2143;0.0000;58;54;-0.0147;-0.0378;-0.0261;-0.0098;-0.0000;0.0000;0.1969;10154
324.0;0.5128;0.5000;0.1909;0.0000;60;56;-0.0147;-0.0334;-0.0261;-0.0088;-0.0000;0.0000;0.1969;10205
324.5;0.5114;0.5000;0.2060;0.0000;60;56;-0.0147;-0.0290;-0.0261;-0.0088;-0.0000;0.0000;0.1969;10205
325.0;0.5110;0.5000;0.1346;0.0000;60;58;0.0733;-0.0290;-0.0261;-0.0059;-0.0000;0.0000;0.1969;10154
325.5;0.5105;0.5000;0.1745;0.0000;60;58;-0.0147;-0.0275;-0.0261;-0.0078;-0.0000;0.0000;0.1969;10154
326.0;0.5105;0.5000;0.1552;0.0000;62;58;-0.0929;-0.0275;-0.0261;-0.0068;-0.0000;0.0000;0.1969;10154
326.5;0.5105;0.5000;0.1978;0.0000;62;58;-0.0147;-0.0275;-0.0261;-0.0088;-0.0000;0.0000;0.1969;10154
327.0;0.5105;0.5000;0.2143;0.0000;62;56;-0.0147;-0.0275;-0.0261;-0.0098;-0.0000;0.0000;0.1969;10205
327.5;0.5101;0.5000;0.2390;0.0000;62;58;-0.0147;-0.0261;-0.0261;-0.0108;-0.0000;0.0000;0.1969;10154
328.0;0.5096;0.5000;0.2006;0.0000;62;58;-0.0147;-0.0261;-0.0261;-0.0088;-0.0000;0.0000;0.1969;10154
328.5;0.5092;0.5000;0.1236;0.0000;62;58;0.0733;-0.0246;-0.0275;-0.0059;-0.0000;0.0000;0.1969;10205
329.0;0.5087;0.5000;0.1387;0.0000;62;58;-0.0147;-0.0231;-0.0275;-0.0059;-0.0000;0.0000;0.1969;10154
329.5;0.5078;0.5000;0.1044;0.0000;62;60;-0.0049;-0.0217;-0.0275;-0.0049;-0.0000;0.0000;0.1969;10154
330.0;0.5082;0.5000;0.1538;0.0000;62;58;-0.0929;-0.0217;-0.0275;-0.0068;-0.0000;0.0000;0.1969;10154
330.5;0.5082;0.5000;0.1538;0.0000;62;58;-0.0147;-0.0217;-0.0275;-0.0068;-0.0000;0.0000;0.1969;10154
331.0;0.5078;0.5000;0.1690;0.0000;64;58;-0.0147;-0.0217;-0.0275;-0.0078;-0.0000;0.0000;0.1969;10154
331.5;0.5082;0.5000;0.1250;0.0000;62;60;0.0733;-0.0217;-0.0275;-0.0059;-0.0000;0.0000;0.1969;10154
332.0;0.5082;0.5000;0.0797;0.0000;62;60;-0.0929;-0.0217;-0.0275;-0.0039;-0.0000;0.0000;0.1969;10154
332.5;0.5082;0.5000;0.0275;0.0000;62;60;-0.0049;-0.0217;-0.0275;-0.0020;-0.0000;0.0000;0.1969;10154
333.0;0.5078;0.5000;-0.0192;0.0000;62;60;-0.0049;-0.0217;-0.0275;-0.0000;-0.0000;0.0000;0.1969;10154
333.5;0.5073;0.5000;-0.0508;0.0000;62;62;-0.0049;-0.0202;-0.0275;0.0020;-0.0000;0.0000;0.1969;10154
334.0;0.5069;0.5000;-0.0962;0.0000;60;62;-0.0049;-0.0188;-0.0275;0.0039;-0.0000;0.0000;0.1969;10154
334.5;0.5064;0.5000;-0.0659;0.0000;62;62;-0.0049;-0.0173;-0.0275;0.0020;-0.0000;0.0000;0.1969;10154
335.0;0.5060;0.5000;-0.0673;0.0000;62;62;-0.0049;-0.0158;-0.0275;0.0020;-0.0000;0.0000;0.1969;10154
335.5;0.5055;0.5000;-0.0179;0.0000;62;62;-0.0049;-0.0158;-0.0275;-0.0000;-0.0000;0.0000;0.1969;10154
336.0;0.5060;0.5000;0.0220;0.0000;64;62;-0.0831;-0.0158;-0.0275;-0.0010;-0.0000;0.0000;0.1969;10154
336.5;0.5060;0.5000;0.0302;0.0000;64;62;-0.0049;-0.0158;-0.0275;-0.0020;-0.0000;0.0000;0.1969;10154
337.0;0.5055;0.5000;0.0701;0.0000;64;60;-0.0049;-0.0158;-0.0275;-0.0039;-0.0000;0.0000;0.1969;10154
337.5;0.5055;0.5000;0.0907;0.0000;64;60;-0.0929;-0.0144;-0.0275;-0.0039;-0.0000;0.0000;0.1969;10154
338.0;0.5055;0.5000;0.1236;0.0000;64;62;0.0733;-0.0158;-0.0275;-0.0059;-0.0000;0.0000;0.1969;10154
338.5;0.5060;0.5000;0.1223;0.0000;64;60;-0.0049;-0.0158;-0.0290;-0.0059;-0.0000;0.0000;0.1969;10154
339.0;0.5055;0.5000;0.1085;0.0000;64;62;-0.0049;-0.0158;-0.0290;-0.0049;-0.0000;0.0000;0.1969;10154
339.5;0.5055;0.5000;0.0495;0.0000;62;62;-0.0049;-0.0144;-0.0290;-0.0029;-0.0000;0.0000;0.1969;10154
340.0;0.5064;0.5000;0.0398;0.0000;62;62;-0.0049;-0.0173;-0.0290;-0.0020;-0.0000;0.0000;0.1969;10154
340.5;0.5073;0.5000;0.0041;0.0000;62;62;-0.0049;-0.0188;-0.0290;-0.0010;-0.0000;0.0000;0.1969;10154
341.0;0.5073;0.5000;0.0440;0.0000;62;60;-0.0049;-0.0202;-0.0290;-0.0020;-0.0000;0.0000;0.1969;10154
341.5;0.5073;0.5000;0.0865;0.0000;62;60;-0.0049;-0.0202;-0.0290;-0.0039;-0.0000;0.0000;0.1969;10154
342.0;0.5078;0.5000;0.1030;0.0000;62;60;0.0733;-0.0217;-0.0290;-0.0049;-0.0000;0.0000;0.1969;10154
342.5;0.5082;0.5000;0.1250;0.0000;62;60;-0.0929;-0.0217;-0.0290;-0.0059;-0.0000;0.0000;0.1969;10154
343.0;0.5078;0.5000;0.1195;0.0000;62;60;-0.0049;-0.0217;-0.0290;-0.0059;-0.0000;0.0000;0.1969;10154
343.5;0.5078;0.5000;0.1264;0.0000;62;60;-0.0049;-0.0202;-0.0290;-0.0059;-0.0000;0.0000;0.1969;10154
344.0;0.5069;0.5000;0.1250;0.0000;62;60;-0.0929;-0.0188;-0.0290;-0.0059;-0.0000;0.0000;0.1969;10154
344.5;0.5060;0.5000;0.1497;0.0000;64;60;-0.0147;-0.0158;-0.0290;-0.0068;-0.0000;0.0000;0.1969;10154
345.0;0.5050;0.5000;0.1635;0.0000;64;60;-0.0929;-0.0144;-0.0290;-0.0078;-0.0000;0.0000;0.1969;10154
345.5;0.5046;0.5000;0.1552;0.0000;64;60;-0.0147;-0.0129;-0.0290;-0.0068;-0.0000;0.0000;0.1969;10154
346.0;0.5037;0.5000;0.1731;0.0000;64;60;-0.0147;-0.0114;-0.0290;-0.0078;-0.0000;0.0000;0.1969;10154
346.5;0.5032;0.5000;0.1607;0.0000;64;62;-0.0147;-0.0100;-0.0290;-0.0068;-0.0000;0.0000;0.1969;10154
347.0;0.5027;0.5000;0.1566;0.0000;65;62;-0.0147;-0.0085;-0.0290;-0.0068;-0.0000;0.0000;0.1969;10154
347.5;0.5027;0.5000;0.1168;0.0000;65;62;-0.0929;-0.0085;-0.0290;-0.0059;-0.0000;0.0000;0.1969;10154
348.0;0.5027;0.5000;0.0975;0.0000;64;62;-0.0049;-0.0085;-0.0290;-0.0049;-0.0000;0.0000;0.1969;10154
348.5;0.5027;0.5000;0.0742;0.0000;64;62;-0.0049;-0.0085;-0.0290;-0.0039;-0.0000;0.0000;0.1969;10154
349.0;0.5027;0.5000;0.0975;0.0000;65;62;-0.0049;-0.0070;-0.0290;-0.0049;-0.0000;0.0000;0.1969;10154
349.5;0.5023;0.5000;0.0989;0.0000;65;62;-0.0049;-0.0070;-0.0290;-0.0049;-0.0000;0.0000;0.1969;10154
350.0;0.5009;0.5000;0.1085;0.0000;65;64;0.0733;-0.0041;-0.0290;-0.0049;-0.0000;0.0000;0.1969;10154
350.5;0.5005;0.5000;0.0824;0.0000;65;64;-0.0049;-0.0026;-0.0290;-0.0039;-0.0000;0.0000;0.1969;10154
351.0;0.4995;0.5000;0.0453;0.0000;65;64;-0.0049;0.0003;-0.0290;-0.0020;-0.0000;0.0000;0.1969;10154
351.5;0.4991;0.5000;0.0343;0.0000;65;65;-0.0049;0.0018;-0.0290;-0.0020;-0.0000;0.0000;0.1969;10103
352.0;0.4991;0.5000;0.0192;0.0000;65;65;-0.0049;0.0003;-0.0290;-0.0010;-0.0000;0.0000;0.1969;10154
352.5;0.4991;0.5000;0.0426;0.0000;65;64;-0.0049;0.0003;-0.0290;-0.0020;-0.0000;0.0000;0.1969;10154
353.0;0.4991;0.5000;0.0426;0.0000;65;65;-0.0049;0.0003;-0.0290;-0.0020;-0.0000;0.0000;0.1969;10103
353.5;0.4991;0.5000;0.0440;0.0000;65;64;-0.0049;0.0018;-0.0290;-0.0020;-0.0000;0.0000;0.1969;10154
354.0;0.4995;0.5000;0.0275;0.0000;65;65;0.0733;0.0003;-0.0290;-0.0020;-0.0000;0.0000;0.1969;10154
354.5;0.4995;0.5000;0.0055;0.0000;65;65;-0.0049;0.0003;-0.0290;-0.0010;-0.0000;0.0000;0.1969;10103
355.0;0.4995;0.5000;-0.0151;0.0000;65;65;-0.0049;0.0003;-0.0290;-0.0000;-0.0000;0.0000;0.1969;10154
355.5;0.4986;0.5000;-0.0234;0.0000;64;65;0.0733;0.0018;-0.0290;-0.0000;-0.0000;0.0000;0.1969;10154
356.0;0.4982;0.5000;-0.0385;0.0000;65;65;-0.0049;0.0032;-0.0290;0.0010;-0.0000;0.0000;0.1969;10154
356.5;0.4982;0.5000;-0.0467;0.0000;64;67;0.0733;0.0032;-0.0290;0.0020;-0.0000;0.0000;0.1969;10154
357.0;0.4977;0.5000;0.0192;0.0000;65;67;0.0733;0.0047;-0.0290;-0.0010;-0.0000;0.0000;0.1969;10154
357.5;0.4977;0.5000;0.0082;0.0000;65;67;-0.0831;0.0047;-0.0290;-0.0010;-0.0000;0.0000;0.1969;10154
358.0;0.4986;0.5000;0.0343;0.0000;65;67;0.0733;0.0032;-0.0290;-0.0020;-0.0000;0.0000;0.1969;10154
358.5;0.4986;0.5000;0.0206;0.0000;65;65;-0.0049;0.0018;-0.0290;-0.0010;-0.0000;0.0000;0.1969;10103
359.0;0.4995;0.5000;0.0343;0.0000;65;65;-0.0831;0.0003;-0.0290;-0.0020;-0.0000;0.0000;0.1969;10103
359.5;0.5000;0.5000;0.0165;0.0000;65;65;-0.0049;-0.0012;-0.0290;-0.0010;-0.0000;0.0000;0.1969;10154
360.0;0.5009;0.5000;0.0206;0.0000;65;65;0.0733;-0.0041;-0.0290;-0.0010;-0.0000;0.0000;0.1969;10103
360.5;0.5014;0.5000;0.0495;0.0000;64;65;-0.0049;-0.0056;-0.0290;-0.0029;-0.0000;0.0000;0.1969;10154
361.0;0.5023;0.5000;0.0275;0.0000;64;64;-0.0831;-0.0070;-0.0290;-0.0020;-0.0000;0.0000;0.1969;10154
361.5;0.5032;0.5000;0.0604;0.0000;64;64;-0.0049;-0.0085;-0.0290;-0.0029;-0.0000;0.0000;0.1969;10103
362.0;0.5032;0.5000;0.0165;0.0000;64;64;-0.0049;-0.0100;-0.0290;-0.0010;-0.0000;0.0000;0.1969;10154
362.5;0.5032;0.5000;0.0220;0.0000;64;64;-0.0049;-0.0100;-0.0290;-0.0010;-0.0000;0.0000;0.1969;10154
363.0;0.5032;0.5000;-0.0247;0.0000;64;64;-0.0049;-0.0085;-0.0290;0.0010;-0.0000;0.0000;0.1969;10154
363.5;0.5037;0.5000;0.0288;0.0000;64;64;-0.0831;-0.0100;-0.0290;-0.0020;-0.0000;0.0000;0.1969;10154
364.0;0.5037;0.5000;0.0343;0.0000;64;62;-0.0049;-0.0100;-0.0290;-0.0020;-0.0000;0.0000;0.1969;10154
364.5;0.5041;0.5000;0.0426;0.0000;64;64;0.0733;-0.0114;-0.0290;-0.0020;-0.0000;0.0000;0.1969;10103
365.0;0.5046;0.5000;0.0522;0.0000;64;62;-0.0049;-0.0129;-0.0305;-0.0029;-0.0000;0.0000;0.1969;10154
365.5;0.5046;0.5000;0.0481;0.0000;64;62;-0.0049;-0.0129;-0.0305;-0.0029;-0.0000;0.0000;0.1969;10154
366.0;0.5046;0.5000;0.0687;0.0000;64;62;-0.0049;-0.0129;-0.0305;-0.0029;-0.0000;0.0000;0.1969;10154
366.5;0.5050;0.5000;0.0275;0.0000;64;62;-0.0831;-0.0144;-0.0305;-0.0020;-0.0000;0.0000;0.1969;10154
367.0;0.5055;0.5000;0.0714;0.0000;64;62;-0.0049;-0.0144;-0.0305;-0.0039;-0.0000;0.0000;0.1969;10154
367.5;0.5050;0.5000;0.0426;0.0000;64;62;-0.0049;-0.0144;-0.0305;-0.0020;-0.0000;0.0000;0.1969;10154
368.0;0.5050;0.5000;0.0948;0.0000;64;62;-0.0049;-0.0144;-0.0305;-0.0049;-0.0000;0.0000;0.1969;10154
368.5;0.5041;0.5000;0.0962;0.0000;64;60;-0.0929;-0.0114;-0.0305;-0.0049;-0.0000;0.0000;0.1969;10154
369.0;0.5032;0.5000;0.1332;0.0000;64;62;-0.0049;-0.0100;-0.0305;-0.0059;-0.0000;0.0000;0.1969;10154
369.5;0.5018;0.5000;0.1126;0.0000;64;62;0.0733;-0.0056;-0.0305;-0.0049;-0.0000;0.0000;0.1969;10154
370.0;0.5005;0.5000;0.0701;0.0000;65;64;-0.0049;-0.0026;-0.0305;-0.0039;-0.0000;0.0000;0.1969;10103
370.5;0.4995;0.5000;0.0453;0.0000;65;64;-0.0049;-0.0012;-0.0305;-0.0029;-0.0000;0.0000;0.1969;10154
371.0;0.4991;0.5000;0.0467;0.0000;65;64;-0.0049;0.0018;-0.0305;-0.0029;-0.0000;0.0000;0.1969;10154
371.5;0.4986;0.5000;0.0920;0.0000;65;64;-0.0049;0.0032;-0.0305;-0.0039;-0.0000;0.0000;0.1969;10103
372.0;0.4977;0.5000;0.0577;0.0000;65;65;-0.0049;0.0047;-0.0305;-0.0029;-0.0000;0.0000;0.1969;10154
372.5;0.4973;0.5000;0.0810;0.0000;67;65;-0.0049;0.0047;-0.0305;-0.0039;-0.0000;0.0000;0.1969;10154
373.0;0.4973;0.5000;0.0234;0.0000;65;65;-0.0049;0.0062;-0.0305;-0.0020;-0.0000;0.0000;0.1969;10103
373.5;0.4973;0.5000;0.0206;0.0000;65;65;0.0733;0.0047;-0.0305;-0.0010;-0.0000;0.0000;0.1969;10154
374.0;0.4977;0.5000;0.0124;0.0000;65;65;-0.0049;0.0047;-0.0305;-0.0010;-0.0000;0.0000;0.1969;10103
374.5;0.4977;0.5000;0.0316;0.0000;65;65;-0.0049;0.0047;-0.0305;-0.0020;-0.0000;0.0000;0.1969;10154
375.0;0.4982;0.5000;0.0330;0.0000;65;65;0.0733;0.0032;-0.0305;-0.0020;-0.0000;0.0000;0.1969;10154
375.5;0.4986;0.5000;0.0330;0.0000;65;65;-0.0049;0.0018;-0.0305;-0.0020;-0.0000;0.0000;0.1969;10103
376.0;0.4986;0.5000;0.0879;0.0000;65;65;-0.0049;0.0018;-0.0305;-0.0039;-0.0000;0.0000;0.1969;10154
376.5;0.4991;0.5000;0.0893;0.0000;65;65;0.0733;0.0003;-0.0305;-0.0039;-0.0000;0.0000;0.1969;10154
377.0;0.4995;0.5000;0.1126;0.0000;65;65;-0.0049;0.0003;-0.0305;-0.0049;-0.0000;0.0000;0.1969;10154
377.5;0.5000;0.5000;0.0357;0.0000;65;65;-0.0049;-0.0012;-0.0305;-0.0020;-0.0000;0.0000;0.1969;10154
378.0;0.5005;0.5000;0.0110;0.0000;65;65;-0.0831;-0.0026;-0.0305;-0.0010;-0.0000;0.0000;0.1969;10154
378.5;0.5009;0.5000;-0.0261;0.0000;64;65;-0.0049;-0.0041;-0.0305;0.0010;-0.0000;0.0000;0.1969;10154
379.0;0.5018;0.5000;0.0041;0.0000;64;65;0.0733;-0.0056;-0.0305;-0.0010;-0.0000;0.0000;0.1969;10154
379.5;0.5023;0.5000;0.0288;0.0000;64;64;-0.0049;-0.0070;-0.0305;-0.0020;-0.0000;0.0000;0.1969;10154
380.0;0.5023;0.5000;0.0453;0.0000;64;64;-0.0049;-0.0070;-0.0305;-0.0020;-0.0000;0.0000;0.1969;10154
380.5;0.5023;0.5000;0.0481;0.0000;64;64;-0.0049;-0.0070;-0.0305;-0.0029;-0.0000;0.0000;0.1969;10154
381.0;0.5023;0.5000;-0.0096;0.0000;64;64;-0.0049;-0.0070;-0.0305;-0.0000;-0.0000;0.0000;0.1969;10103
381.5;0.5027;0.5000;0.0110;0.0000;64;64;0.0733;-0.0070;-0.0305;-0.0010;-0.0000;0.0000;0.1969;10103
382.0;0.5037;0.5000;-0.0014;0.0000;64;64;-0.0831;-0.0100;-0.0305;-0.0000;-0.0000;0.0000;0.1969;10154
382.5;0.5041;0.5000;0.0604;0.0000;64;62;-0.0049;-0.0114;-0.0305;-0.0029;-0.0000;0.0000;0.1969;10103
383.0;0.5041;0.5000;0.0659;0.0000;64;62;-0.0049;-0.0114;-0.0305;-0.0029;-0.0000;0.0000;0.1969;10154
383.5;0.5041;0.5000;0.0728;0.0000;64;62;-0.0049;-0.0114;-0.0305;-0.0039;-0.0000;0.0000;0.1969;10154
384.0;0.5050;0.5000;0.0247;0.0000;62;64;0.0733;-0.0129;-0.0305;-0.0020;-0.0000;0.0000;0.1969;10154
384.5;0.5050;0.5000;0.0179;0.0000;62;62;-0.0049;-0.0144;-0.0305;-0.0010;-0.0000;0.0000;0.1969;10154
385.0;0.5060;0.5000;0.0096;0.0000;62;62;-0.0831;-0.0158;-0.0305;-0.0010;-0.0000;0.0000;0.1969;10154
385.5;0.5060;0.5000;-0.0385;0.0000;62;62;-0.0049;-0.0158;-0.0305;0.0010;-0.0000;0.0000;0.1969;10154
386.0;0.5060;0.5000;-0.0206;0.0000;62;62;-0.0049;-0.0158;-0.0305;-0.0000;-0.0000;0.0000;0.1969;10154
386.5;0.5069;0.5000;-0.0192;0.0000;62;62;0.0733;-0.0188;-0.0305;-0.0000;-0.0000;0.0000;0.1969;10154
387.0;0.5069;0.5000;0.0220;0.0000;62;62;-0.0049;-0.0188;-0.0305;-0.0010;-0.0000;0.0000;0.1969;10154
387.5;0.5069;0.5000;0.0220;0.0000;62;62;-0.0049;-0.0188;-0.0305;-0.0010;-0.0000;0.0000;0.1969;10154
388.0;0.5069;0.5000;0.0426;0.0000;62;62;-0.0049;-0.0188;-0.0305;-0.0020;-0.0000;0.0000;0.1969;10154
388.5;0.5073;0.5000;0.0165;0.0000;60;62;0.0733;-0.0202;-0.0305;-0.0010;-0.0000;0.0000;0.1969;10154
389.0;0.5073;0.5000;0.0082;0.0000;62;60;-0.1711;-0.0202;-0.0305;-0.0010;-0.0000;0.0000;0.1969;10154
389.5;0.5073;0.5000;-0.0151;0.0000;60;60;-0.0049;-0.0202;-0.0305;-0.0000;-0.0000;0.0000;0.1969;10154
390.0;0.5073;0.5000;-0.0041;0.0000;60;60;-0.0049;-0.0188;-0.0319;-0.0000;-0.0000;0.0000;0.1969;10154
390.5;0.5069;0.5000;0.0124;0.0000;62;60;-0.0049;-0.0188;-0.0319;-0.0010;-0.0000;0.0000;0.1969;10154
391.0;0.5064;0.5000;0.0165;0.0000;62;60;-0.0049;-0.0173;-0.0319;-0.0010;-0.0000;0.0000;0.1969;10154
391.5;0.5073;0.5000;0.0124;0.0000;62;60;-0.0049;-0.0202;-0.0319;-0.0010;-0.0000;0.0000;0.1969;10154
392.0;0.5078;0.5000;-0.0261;0.0000;60;60;-0.0049;-0.0217;-0.0319;0.0010;-0.0000;0.0000;0.1969;10154
392.5;0.5082;0.5000;-0.0508;0.0000;60;60;-0.0049;-0.0217;-0.0319;0.0020;-0.0000;0.0000;0.1969;10154
393.0;0.5078;0.5000;-0.0865;0.0000;60;62;-0.0049;-0.0217;-0.0319;0.0029;-0.0000;0.0000;0.1969;10154
393.5;0.5078;0.5000;-0.0536;0.0000;60;60;-0.1613;-0.0202;-0.0319;0.0020;-0.0000;0.0000;0.1969;10154
394.0;0.5073;0.5000;-0.0508;0.0000;60;60;-0.0049;-0.0202;-0.0319;0.0020;-0.0000;0.0000;0.1969;10154
394.5;0.5069;0.5000;-0.0151;0.0000;62;60;-0.0049;-0.0188;-0.0319;-0.0000;-0.0000;0.0000;0.1969;10154
395.0;0.5064;0.5000;-0.0137;0.0000;62;60;-0.0049;-0.0173;-0.0319;-0.0000;-0.0000;0.0000;0.1969;10154
395.5;0.5060;0.5000;-0.0055;0.0000;62;60;-0.0049;-0.0173;-0.0319;-0.0000;-0.0000;0.0000;0.1969;10154
396.0;0.5055;0.5000;-0.0151;0.0000;62;60;-0.0049;-0.0158;-0.0319;-0.0000;-0.0000;0.0000;0.1969;10154
396.5;0.5060;0.5000;-0.0728;0.0000;60;62;0.0831;-0.0158;-0.0319;0.0029;-0.0000;0.0000;0.1969;10154
397.0;0.5060;0.5000;-0.0563;0.0000;60;62;-0.0049;-0.0158;-0.0319;0.0020;-0.0000;0.0000;0.1969;10154
397.5;0.5055;0.5000;-0.0453;0.0000;60;62;-0.0049;-0.0158;-0.0319;0.0010;-0.0000;0.0000;0.1969;10154
398.0;0.5055;0.5000;0.0343;0.0000;62;60;-0.0049;-0.0144;-0.0319;-0.0020;-0.0000;0.0000;0.1969;10154
398.5;0.5060;0.5000;0.0604;0.0000;62;60;-0.0929;-0.0158;-0.0319;-0.0029;-0.0000;0.0000;0.1969;10154
399.0;0.5050;0.5000;0.0824;0.0000;62;60;-0.0929;-0.0144;-0.0319;-0.0039;-0.0000;0.0000;0.1969;10154
399.5;0.5046;0.5000;0.0357;0.0000;62;60;-0.0049;-0.0129;-0.0319;-0.0020;-0.0000;0.0000;0.1969;10154
400.0;0.5041;0.5000;-0.0096;0.0000;62;62;-0.0049;-0.0114;-0.0319;-0.0000;-0.0000;0.0000;0.1969;10154
400.5;0.5032;0.5000;0.0041;0.0000;62;62;-0.0049;-0.0100;-0.0319;-0.0010;-0.0000;0.0000;0.1969;10154
401.0;0.5037;0.5000;-0.0082;0.0000;64;62;-0.0831;-0.0100;-0.0319;-0.0000;-0.0000;0.0000;0.1969;10154
401.5;0.5041;0.5000;0.0412;0.0000;64;62;0.0733;-0.0114;-0.0319;-0.0020;-0.0000;0.0000;0.1969;10154
402.0;0.5046;0.5000;0.0275;0.0000;62;62;-0.0049;-0.0129;-0.0334;-0.0020;-0.0000;0.0000;0.1969;10154
402.5;0.5046;0.5000;0.0852;0.0000;64;60;-0.0049;-0.0129;-0.0334;-0.0039;-0.0000;0.0000;0.1969;10154
403.0;0.5046;0.5000;0.0357;0.0000;62;62;-0.0049;-0.0129;-0.0334;-0.0020;-0.0000;0.0000;0.1969;10154
403.5;0.5046;0.5000;0.0481;0.0000;62;62;-0.0049;-0.0129;-0.0334;-0.0029;-0.0000;0.0000;0.1969;10154
404.0;0.5046;0.5000;0.0385;0.0000;62;60;-0.0831;-0.0129;-0.0334;-0.0020;-0.0000;0.0000;0.1969;10154
404.5;0.5055;0.5000;0.0412;0.0000;62;62;0.0733;-0.0158;-0.0334;-0.0020;-0.0000;0.0000;0.1969;10154
405.0;0.5064;0.5000;0.0288;0.0000;62;60;-0.0049;-0.0173;-0.0334;-0.0020;-0.0000;0.0000;0.1969;10154
405.5;0.5064;0.5000;0.0110;0.0000;62;60;-0.0049;-0.0173;-0.0334;-0.0010;-0.0000;0.0000;0.1969;10154
406.0;0.5064;0.5000;0.0989;0.0000;62;60;-0.0049;-0.0173;-0.0334;-0.0049;-0.0000;0.0000;0.1969;10154
406.5;0.5060;0.5000;0.0701;0.0000;62;60;-0.0049;-0.0158;-0.0334;-0.0039;-0.0000;0.0000;0.1969;10154
407.0;0.5050;0.5000;0.1209;0.0000;62;60;0.0733;-0.0144;-0.0334;-0.0059;-0.0000;0.0000;0.1969;10154
407.5;0.5041;0.5000;0.0646;0.0000;62;62;-0.0049;-0.0114;-0.0334;-0.0029;-0.0000;0.0000;0.1969;10154
408.0;0.5032;0.5000;0.0371;0.0000;62;62;-0.0049;-0.0100;-0.0334;-0.0020;-0.0000;0.0000;0.1969;10154
408.5;0.5032;0.5000;-0.0082;0.0000;62;62;0.0733;-0.0100;-0.0334;-0.0000;-0.0000;0.0000;0.1969;10154
409.0;0.5032;0.5000;0.0412;0.0000;62;62;-0.0049;-0.0100;-0.0334;-0.0020;-0.0000;0.0000;0.1969;10154
409.5;0.5037;0.5000;0.0879;0.0000;64;62;-0.0929;-0.0114;-0.0334;-0.0039;-0.0000;0.0000;0.1969;10154
410.0;0.5041;0.5000;0.1250;0.0000;64;60;-0.0049;-0.0114;-0.0334;-0.0059;-0.0000;0.0000;0.1969;10154
410.5;0.5041;0.5000;0.1181;0.0000;64;60;-0.0049;-0.0114;-0.0334;-0.0059;-0.0000;0.0000;0.1969;10154
411.0;0.5046;0.5000;0.0426;0.0000;62;62;0.0733;-0.0129;-0.0334;-0.0020;-0.0000;0.0000;0.1969;10154
411.5;0.5046;0.5000;0.0865;0.0000;62;62;-0.0049;-0.0129;-0.0334;-0.0039;-0.0000;0.0000;0.1969;10154
412.0;0.5055;0.5000;0.0192;0.0000;62;62;-0.0831;-0.0144;-0.0334;-0.0010;-0.0000;0.0000;0.1969;10154
412.5;0.5060;0.5000;0.0948;0.0000;62;60;-0.0049;-0.0158;-0.0334;-0.0049;-0.0000;0.0000;0.1969;10154
413.0;0.5060;0.5000;0.0673;0.0000;62;60;-0.0049;-0.0158;-0.0334;-0.0029;-0.0000;0.0000;0.1969;10154
413.5;0.5060;0.5000;0.1016;0.0000;62;60;-0.0049;-0.0158;-0.0334;-0.0049;-0.0000;0.0000;0.1969;10154
414.0;0.5064;0.5000;0.0797;0.0000;62;60;-0.0929;-0.0173;-0.0334;-0.0039;-0.0000;0.0000;0.1969;10154
414.5;0.5064;0.5000;0.1085;0.0000;62;60;-0.0049;-0.0173;-0.0334;-0.0049;-0.0000;0.0000;0.1969;10154
415.0;0.5069;0.5000;0.1291;0.0000;62;60;0.0733;-0.0188;-0.0334;-0.0059;-0.0000;0.0000;0.1969;10154
415.5;0.5073;0.5000;0.0357;0.0000;60;60;-0.0049;-0.0202;-0.0349;-0.0020;-0.0000;0.0000;0.1969;10154
416.0;0.5073;0.5000;0.0440;0.0000;60;60;-0.0831;-0.0202;-0.0349;-0.0020;-0.0000;0.0000;0.1969;10154
416.5;0.5073;0.5000;0.0137;0.0000;60;60;-0.0049;-0.0188;-0.0349;-0.0010;-0.0000;0.0000;0.1969;10154
417.0;0.5069;0.5000;0.0783;0.0000;60;60;-0.0049;-0.0188;-0.0349;-0.0039;-0.0000;0.0000;0.1969;10154
417.5;0.5073;0.5000;0.0577;0.0000;60;60;0.0733;-0.0188;-0.0349;-0.0029;-0.0000;0.0000;0.1969;10154
418.0;0.5073;0.5000;0.0962;0.0000;60;60;-0.0049;-0.0202;-0.0349;-0.0049;-0.0000;0.0000;0.1969;10154
418.5;0.5073;0.5000;0.0440;0.0000;60;60;-0.0049;-0.0202;-0.0349;-0.0020;-0.0000;0.0000;0.1969;10154
419.0;0.5069;0.5000;0.0495;0.0000;60;60;-0.0049;-0.0188;-0.0349;-0.0029;-0.0000;0.0000;0.1969;10154
419.5;0.5073;0.5000;-0.0151;0.0000;60;60;-0.0831;-0.0202;-0.0349;-0.0000;-0.0000;0.0000;0.1969;10154
420.0;0.5073;0.5000;0.0426;0.0000;60;60;-0.0049;-0.0202;-0.0349;-0.0020;-0.0000;0.0000;0.1969;10154
420.5;0.5073;0.5000;0.1085;0.0000;60;58;-0.0049;-0.0202;-0.0349;-0.0049;-0.0000;0.0000;0.1969;10154
421.0;0.5069;0.5000;0.0879;0.0000;60;58;-0.0049;-0.0188;-0.0349;-0.0039;-0.0000;0.0000;0.1969;10154
421.5;0.5069;0.5000;0.1181;0.0000;62;58;-0.0049;-0.0188;-0.0349;-0.0059;-0.0000;0.0000;0.1969;10154
422.0;0.5064;0.5000;0.0742;0.0000;60;60;-0.0049;-0.0173;-0.0349;-0.0039;-0.0000;0.0000;0.1969;10154
422.5;0.5060;0.5000;0.0907;0.0000;62;60;-0.0049;-0.0158;-0.0349;-0.0039;-0.0000;0.0000;0.1969;10154
423.0;0.5055;0.5000;0.0742;0.0000;62;60;-0.0049;-0.0144;-0.0349;-0.0039;-0.0000;0.0000;0.1969;10154
423.5;0.5050;0.5000;0.1071;0.0000;62;60;-0.0049;-0.0144;-0.0349;-0.0049;-0.0000;0.0000;0.1969;10154
424.0;0.5046;0.5000;0.0948;0.0000;62;60;-0.0049;-0.0129;-0.0349;-0.0049;-0.0000;0.0000;0.1969;10154
424.5;0.5032;0.5000;0.0975;0.0000;62;60;-0.0929;-0.0085;-0.0349;-0.0049;-0.0000;0.0000;0.1969;10154
425.0;0.5014;0.5000;0.1552;0.0000;64;60;-0.0147;-0.0056;-0.0349;-0.0068;-0.0000;0.0000;0.1969;10154
425.5;0.4995;0.5000;0.1264;0.0000;64;62;0.1515;0.0003;-0.0349;-0.0059;-0.0000;0.0000;0.1969;10154
426.0;0.4963;0.5000;0.1415;0.0000;65;62;-0.0147;0.0076;-0.0349;-0.0068;-0.0000;0.0000;0.1969;10154
426.5;0.4959;0.5000;0.0742;0.0000;65;64;-0.0049;0.0091;-0.0349;-0.0039;-0.0000;0.0000;0.1969;10103
427.0;0.4954;0.5000;0.1264;0.0000;65;64;-0.0049;0.0105;-0.0349;-0.0059;-0.0000;0.0000;0.1969;10154
427.5;0.4950;0.5000;0.0975;0.0000;65;65;-0.0049;0.0120;-0.0349;-0.0049;-0.0000;0.0000;0.1969;10154
428.0;0.4945;0.5000;0.1401;0.0000;67;65;-0.0147;0.0120;-0.0349;-0.0068;-0.0000;0.0000;0.1969;10154
428.5;0.4940;0.5000;0.1552;0.0000;67;65;-0.0147;0.0135;-0.0349;-0.0068;-0.0000;0.0000;0.1969;10154
429.0;0.4936;0.5000;0.1937;0.0000;67;65;-0.0147;0.0149;-0.0349;-0.0088;-0.0000;0.0000;0.1969;10103
429.5;0.4936;0.5000;0.1525;0.0000;67;65;-0.0147;0.0149;-0.0349;-0.0068;-0.0000;0.0000;0.1969;10103
430.0;0.4940;0.5000;0.0783;0.0000;67;65;-0.0929;0.0135;-0.0349;-0.0039;-0.0000;0.0000;0.1969;10154
430.5;0.4936;0.5000;0.0975;0.0000;69;65;-0.0929;0.0149;-0.0349;-0.0049;-0.0000;0.0000;0.1969;10103
431.0;0.4931;0.5000;0.0591;0.0000;67;65;-0.0049;0.0164;-0.0349;-0.0029;-0.0000;0.0000;0.1969;10154
431.5;0.4927;0.5000;0.1071;0.0000;69;65;-0.0049;0.0164;-0.0349;-0.0049;-0.0000;0.0000;0.1969;10154
432.0;0.4927;0.5000;0.0742;0.0000;69;65;-0.0049;0.0179;-0.0349;-0.0039;-0.0000;0.0000;0.1969;10103
432.5;0.4922;0.5000;0.0742;0.0000;69;65;-0.0049;0.0179;-0.0349;-0.0039;-0.0000;0.0000;0.1969;10154
433.0;0.4927;0.5000;0.0343;0.0000;69;67;-0.0831;0.0164;-0.0349;-0.0020;-0.0000;0.0000;0.1969;10103
433.5;0.4931;0.5000;0.0549;0.0000;69;65;-0.0049;0.0164;-0.0349;-0.0029;-0.0000;0.0000;0.1969;10103
434.0;0.4931;0.5000;0.0797;0.0000;69;65;-0.0049;0.0149;-0.0349;-0.0039;-0.0000;0.0000;0.1969;10154
434.5;0.4940;0.5000;0.0728;0.0000;67;65;0.0733;0.0135;-0.0349;-0.0039;-0.0000;0.0000;0.1969;10103
435.0;0.4945;0.5000;0.0687;0.0000;67;65;-0.0049;0.0120;-0.0349;-0.0029;-0.0000;0.0000;0.1969;10103
435.5;0.4945;0.5000;0.0247;0.0000;67;65;-0.0049;0.0120;-0.0349;-0.0020;-0.0000;0.0000;0.1969;10154
436.0;0.4950;0.5000;0.0865;0.0000;67;65;-0.0049;0.0120;-0.0349;-0.0039;-0.0000;0.0000;0.1969;10154
436.5;0.4954;0.5000;0.0481;0.0000;67;67;0.0733;0.0105;-0.0334;-0.0029;-0.0000;0.0000;0.1969;10103
437.0;0.4959;0.5000;0.0742;0.0000;67;65;-0.0049;0.0091;-0.0334;-0.0039;-0.0000;0.0000;0.1969;10154
437.5;0.4968;0.5000;0.0124;0.0000;67;65;-0.0831;0.0062;-0.0334;-0.0010;-0.0000;0.0000;0.1969;10103
438.0;0.4973;0.5000;0.0000;0.0000;65;65;-0.0049;0.0062;-0.0334;-0.0010;-0.0000;0.0000;0.1969;10103
438.5;0.4977;0.5000;-0.0549;0.0000;65;65;0.0831;0.0047;-0.0334;0.0020;-0.0000;0.0000;0.1969;10154
439.0;0.4977;0.5000;-0.0247;0.0000;65;65;-0.0049;0.0047;-0.0334;0.0010;-0.0000;0.0000;0.1969;10103
439.5;0.4977;0.5000;0.0481;0.0000;65;65;-0.0049;0.0047;-0.0334;-0.0029;-0.0000;0.0000;0.1969;10154
440.0;0.4977;0.5000;0.0137;0.0000;65;65;-0.0049;0.0047;-0.0334;-0.0010;-0.0000;0.0000;0.1969;10103
440.5;0.4982;0.5000;0.0604;0.0000;65;65;0.0733;0.0032;-0.0334;-0.0029;-0.0000;0.0000;0.1969;10103
441.0;0.4986;0.5000;-0.0027;0.0000;65;65;-0.0049;0.0032;-0.0334;-0.0000;-0.0000;0.0000;0.1969;10154
441.5;0.4986;0.5000;0.0220;0.0000;65;65;-0.0049;0.0018;-0.0334;-0.0010;-0.0000;0.0000;0.1969;10154
442.0;0.4986;0.5000;-0.0440;0.0000;64;65;-0.0049;0.0018;-0.0334;0.0010;-0.0000;0.0000;0.1969;10154
442.5;0.4991;0.5000;-0.0069;0.0000;64;65;0.0733;0.0003;-0.0334;-0.0000;-0.0000;0.0000;0.1969;10154
443.0;0.4995;0.5000;0.0000;0.0000;64;65;-0.0049;0.0003;-0.0334;-0.0010;-0.0000;0.0000;0.1969;10154
443.5;0.5000;0.5000;-0.0041;0.0000;64;64;-0.0831;-0.0012;-0.0334;-0.0000;-0.0000;0.0000;0.1969;10103
444.0;0.5009;0.5000;-0.0316;0.0000;64;64;-0.0049;-0.0026;-0.0334;0.0010;-0.0000;0.0000;0.1969;10154
444.5;0.5009;0.5000;-0.0453;0.0000;64;64;-0.0049;-0.0041;-0.0334;0.0010;-0.0000;0.0000;0.1969;10103
445.0;0.5009;0.5000;-0.0234;0.0000;64;64;-0.0049;-0.0041;-0.0334;-0.0000;-0.0000;0.0000;0.1969;10154
445.5;0.5014;0.5000;-0.0494;0.0000;62;64;0.0733;-0.0056;-0.0334;0.0020;-0.0000;0.0000;0.1969;10154
446.0;0.5018;0.5000;-0.0206;0.0000;64;64;-0.0049;-0.0056;-0.0334;-0.0000;-0.0000;0.0000;0.1969;10154
446.5;0.5018;0.5000;-0.0385;0.0000;62;64;-0.0049;-0.0056;-0.0334;0.0010;-0.0000;0.0000;0.1969;10154
447.0;0.5018;0.5000;0.0371;0.0000;64;64;-0.0049;-0.0056;-0.0334;-0.0020;-0.0000;0.0000;0.1969;10154
447.5;0.5018;0.5000;0.0810;0.0000;64;62;-0.0049;-0.0056;-0.0334;-0.0039;-0.0000;0.0000;0.1969;10103
448.0;0.5023;0.5000;0.1209;0.0000;64;62;0.0733;-0.0070;-0.0334;-0.0059;-0.0000;0.0000;0.1969;10154
448.5;0.5023;0.5000;0.1044;0.0000;64;62;-0.0049;-0.0070;-0.0334;-0.0049;-0.0000;0.0000;0.1969;10154
449.0;0.5023;0.5000;0.0536;0.0000;64;62;-0.0929;-0.0070;-0.0334;-0.0029;-0.0000;0.0000;0.1969;10154
449.5;0.5023;0.5000;0.0962;0.0000;64;62;-0.0049;-0.0070;-0.0334;-0.0049;-0.0000;0.0000;0.1969;10154
450.0;0.5018;0.5000;0.0646;0.0000;64;62;-0.0049;-0.0056;-0.0334;-0.0029;-0.0000;0.0000;0.1969;10154
450.5;0.5018;0.5000;0.1181;0.0000;64;62;-0.0049;-0.0056;-0.0349;-0.0059;-0.0000;0.0000;0.1969;10154
451.0;0.5014;0.5000;0.0975;0.0000;64;62;-0.0049;-0.0041;-0.0349;-0.0049;-0.0000;0.0000;0.1969;10154
451.5;0.5018;0.5000;0.1346;0.0000;64;62;0.0733;-0.0056;-0.0349;-0.0059;-0.0000;0.0000;0.1969;10154
452.0;0.5018;0.5000;0.0714;0.0000;64;64;-0.0049;-0.0056;-0.0349;-0.0039;-0.0000;0.0000;0.1969;10154
452.5;0.5027;0.5000;0.0577;0.0000;62;64;0.0733;-0.0085;-0.0349;-0.0029;-0.0000;0.0000;0.1969;10154
453.0;0.5027;0.5000;0.0879;0.0000;62;62;-0.0049;-0.0085;-0.0349;-0.0039;-0.0000;0.0000;0.1969;10103
453.5;0.5032;0.5000;0.1003;0.0000;62;62;-0.0049;-0.0085;-0.0349;-0.0049;-0.0000;0.0000;0.1969;10154
454.0;0.5037;0.5000;0.1305;0.0000;62;62;0.0733;-0.0100;-0.0349;-0.0059;-0.0000;0.0000;0.1969;10154
454.5;0.5041;0.5000;0.1277;0.0000;62;62;-0.0049;-0.0114;-0.0349;-0.0059;-0.0000;0.0000;0.1969;10103
455.0;0.5041;0.5000;0.1676;0.0000;62;62;-0.0929;-0.0114;-0.0349;-0.0078;-0.0000;0.0000;0.1969;10154
455.5;0.5041;0.5000;0.1236;0.0000;62;62;0.1515;-0.0114;-0.0349;-0.0059;-0.0000;0.0000;0.1969;10154
456.0;0.5037;0.5000;0.1332;0.0000;62;62;-0.0049;-0.0100;-0.0349;-0.0059;-0.0000;0.0000;0.1969;10154
456.5;0.5041;0.5000;0.1168;0.0000;62;62;0.0733;-0.0114;-0.0349;-0.0059;-0.0000;0.0000;0.1969;10154
457.0;0.5041;0.5000;0.1264;0.0000;62;62;-0.0049;-0.0129;-0.0349;-0.0059;-0.0000;0.0000;0.1969;10154
457.5;0.5041;0.5000;0.1030;0.0000;62;62;-0.0049;-0.0114;-0.0349;-0.0049;-0.0000;0.0000;0.1969;10154
458.0;0.5046;0.5000;0.1511;0.0000;62;60;-0.0147;-0.0129;-0.0349;-0.0068;-0.0000;0.0000;0.1969;10154
458.5;0.5050;0.5000;0.1978;0.0000;62;60;-0.0147;-0.0144;-0.0349;-0.0088;-0.0000;0.0000;0.1969;10154
459.0;0.5050;0.5000;0.2102;0.0000;62;60;-0.0147;-0.0144;-0.0349;-0.0098;-0.0000;0.0000;0.1969;10154
459.5;0.5055;0.5000;0.2074;0.0000;62;60;0.0733;-0.0158;-0.0349;-0.0088;-0.0000;0.0000;0.1969;10154
460.0;0.5060;0.5000;0.1635;0.0000;62;60;-0.0147;-0.0158;-0.0349;-0.0078;-0.0000;0.0000;0.1969;10154
460.5;0.5064;0.5000;0.2047;0.0000;62;60;0.0733;-0.0173;-0.0349;-0.0088;-0.0000;0.0000;0.1969;10154
461.0;0.5069;0.5000;0.1690;0.0000;62;60;-0.0147;-0.0188;-0.0349;-0.0078;-0.0000;0.0000;0.1969;10154
461.5;0.5069;0.5000;0.2390;0.0000;62;58;0.0635;-0.0188;-0.0349;-0.0108;-0.0000;0.0000;0.1969;10154
462.0;0.5069;0.5000;0.2473;0.0000;62;58;-0.0147;-0.0188;-0.0349;-0.0108;-0.0000;0.0000;0.1969;10154
462.5;0.5064;0.5000;0.2596;0.0000;62;58;-0.0147;-0.0173;-0.0349;-0.0117;-0.0000;0.0000;0.1969;10154
463.0;0.5060;0.5000;0.2212;0.0000;62;58;-0.0147;-0.0158;-0.0349;-0.0098;-0.0000;0.0000;0.1969;10154
463.5;0.5064;0.5000;0.2143;0.0000;62;60;0.0733;-0.0173;-0.0349;-0.0098;-0.0000;0.0000;0.1969;10154
464.0;0.5064;0.5000;0.2212;0.0000;62;58;0.0733;-0.0173;-0.0349;-0.0098;-0.0000;0.0000;0.1969;10154
464.5;0.5064;0.5000;0.1758;0.0000;62;60;-0.0147;-0.0173;-0.0349;-0.0078;-0.0000;0.0000;0.1969;10154
465.0;0.5064;0.5000;0.1923;0.0000;62;58;-0.0147;-0.0173;-0.0349;-0.0088;-0.0000;0.0000;0.1969;10154
465.5;0.5060;0.5000;0.1841;0.0000;62;60;0.0733;-0.0158;-0.0363;-0.0078;-0.0000;0.0000;0.1969;10154
466.0;0.5055;0.5000;0.2321;0.0000;62;58;-0.0147;-0.0158;-0.0363;-0.0098;-0.0000;0.0000;0.1969;10154
466.5;0.5050;0.5000;0.2088;0.0000;62;58;-0.0147;-0.0144;-0.0363;-0.0098;-0.0000;0.0000;0.1969;10154
467.0;0.5060;0.5000;0.2418;0.0000;62;58;-0.0147;-0.0158;-0.0363;-0.0108;-0.0000;0.0000;0.1969;10154
467.5;0.5064;0.5000;0.2033;0.0000;62;58;-0.0147;-0.0173;-0.0363;-0.0088;-0.0000;0.0000;0.1969;10154
468.0;0.5069;0.5000;0.1703;0.0000;62;58;-0.0147;-0.0188;-0.0363;-0.0078;-0.0000;0.0000;0.1969;10154
468.5;0.5073;0.5000;0.1635;0.0000;62;58;-0.0929;-0.0202;-0.0363;-0.0078;-0.0000;0.0000;0.1969;10154
469.0;0.5078;0.5000;0.1648;0.0000;62;58;-0.0147;-0.0202;-0.0363;-0.0078;-0.0000;0.0000;0.1969;10154
469.5;0.5082;0.5000;0.1978;0.0000;60;58;0.0733;-0.0217;-0.0363;-0.0088;-0.0000;0.0000;0.1969;10205
470.0;0.5087;0.5000;0.1854;0.0000;60;58;-0.0147;-0.0231;-0.0363;-0.0078;-0.0000;0.0000;0.1969;10154
470.5;0.5087;0.5000;0.1896;0.0000;60;58;-0.0929;-0.0231;-0.0363;-0.0088;-0.0000;0.0000;0.1969;10154
471.0;0.5092;0.5000;0.1525;0.0000;60;58;0.0733;-0.0246;-0.0363;-0.0068;-0.0000;0.0000;0.1969;10154
471.5;0.5096;0.5000;0.1552;0.0000;60;58;-0.0147;-0.0246;-0.0363;-0.0068;-0.0000;0.0000;0.1969;10154
472.0;0.5096;0.5000;0.1538;0.0000;60;58;0.0733;-0.0246;-0.0363;-0.0068;-0.0000;0.0000;0.1969;10154
472.5;0.5101;0.5000;0.1868;0.0000;60;56;-0.0929;-0.0261;-0.0363;-0.0088;-0.0000;0.0000;0.1969;10154
473.0;0.5101;0.5000;0.1937;0.0000;60;56;-0.0147;-0.0261;-0.0363;-0.0088;-0.0000;0.0000;0.1969;10154
473.5;0.5110;0.5000;0.1978;0.0000;60;56;0.0733;-0.0290;-0.0363;-0.0088;-0.0000;0.0000;0.1969;10205
474.0;0.5110;0.5000;0.2170;0.0000;60;56;-0.0147;-0.0290;-0.0378;-0.0098;-0.0000;0.0000;0.1969;10154
474.5;0.5110;0.5000;0.1909;0.0000;58;56;-0.0147;-0.0290;-0.0378;-0.0088;-0.0000;0.0000;0.1969;10154
475.0;0.5114;0.5000;0.1813;0.0000;58;56;0.0733;-0.0305;-0.0378;-0.0078;-0.0000;0.0000;0.1969;10154
475.5;0.5114;0.5000;0.1319;0.0000;58;56;-0.0049;-0.0305;-0.0378;-0.0059;-0.0000;0.0000;0.1969;10154
476.0;0.5124;0.5000;0.1607;0.0000;58;56;-0.0929;-0.0319;-0.0378;-0.0068;-0.0000;0.0000;0.1969;10154
476.5;0.5133;0.5000;0.1538;0.0000;58;56;0.0733;-0.0349;-0.0378;-0.0068;-0.0000;0.0000;0.1969;10154
477.0;0.5137;0.5000;0.1896;0.0000;58;54;-0.0147;-0.0349;-0.0378;-0.0088;-0.0000;0.0000;0.1969;10154
477.5;0.5142;0.5000;0.1992;0.0000;56;54;0.0733;-0.0378;-0.0378;-0.0088;-0.0000;0.0000;0.1969;10205
478.0;0.5147;0.5000;0.2060;0.0000;56;54;-0.0929;-0.0378;-0.0378;-0.0088;-0.0000;0.0000;0.1969;10205
478.5;0.5151;0.5000;0.1758;0.0000;56;54;0.0733;-0.0393;-0.0378;-0.0078;-0.0000;0.0000;0.1969;10154
479.0;0.5156;0.5000;0.1140;0.0000;54;54;-0.0049;-0.0407;-0.0378;-0.0049;-0.0000;0.0000;0.1969;10205
479.5;0.5156;0.5000;0.1538;0.0000;56;54;-0.0147;-0.0407;-0.0393;-0.0068;-0.0000;0.0000;0.1969;10205
480.0;0.5160;0.5000;0.1538;0.0000;54;54;0.0733;-0.0407;-0.0393;-0.0068;-0.0000;0.0000;0.1969;10205
480.5;0.5165;0.5000;0.2115;0.0000;56;52;-0.0929;-0.0422;-0.0393;-0.0098;-0.0000;0.0000;0.1969;10205
481.0;0.5169;0.5000;0.2321;0.0000;56;52;-0.0147;-0.0437;-0.0393;-0.0108;-0.0000;0.0000;0.1969;10205
481.5;0.5169;0.5000;0.2953;0.0000;56;50;-0.0147;-0.0437;-0.0393;-0.0127;-0.0000;0.0000;0.1969;10205
482.0;0.5174;0.5000;0.3063;0.0000;56;50;-0.0929;-0.0451;-0.0393;-0.0137;-0.0000;0.0000;0.1969;10205
482.5;0.5174;0.5000;0.3393;0.0000;56;50;-0.0147;-0.0451;-0.0393;-0.0147;-0.0000;0.0000;0.1969;10205
483.0;0.5169;0.5000;0.3544;0.0000;56;50;-0.0147;-0.0437;-0.0393;-0.0156;-0.0000;0.0000;0.1969;10205
483.5;0.5169;0.5000;0.2940;0.0000;56;50;-0.0147;-0.0437;-0.0393;-0.0127;-0.0000;0.0000;0.1969;10205
484.0;0.5169;0.5000;0.2473;0.0000;56;52;0.0635;-0.0437;-0.0407;-0.0108;-0.0000;0.0000;0.1969;10154
484.5;0.5160;0.5000;0.1909;0.0000;54;52;-0.0929;-0.0422;-0.0407;-0.0088;-0.0000;0.0000;0.1969;10205
485.0;0.5151;0.5000;0.1566;0.0000;54;52;-0.0147;-0.0393;-0.0407;-0.0068;-0.0000;0.0000;0.1969;10205
485.5;0.5147;0.5000;0.1016;0.0000;54;52;-0.0049;-0.0378;-0.0407;-0.0049;-0.0000;0.0000;0.1969;10205
486.0;0.5137;0.5000;0.0646;0.0000;54;54;-0.0049;-0.0363;-0.0407;-0.0029;-0.0000;0.0000;0.1969;10205
486.5;0.5137;0.5000;-0.0069;0.0000;54;54;0.0733;-0.0349;-0.0407;-0.0000;-0.0000;0.0000;0.1969;10205
487.0;0.5133;0.5000;-0.0494;0.0000;54;56;-0.0049;-0.0349;-0.0407;0.0020;-0.0000;0.0000;0.1969;10205
487.5;0.5128;0.5000;-0.0659;0.0000;54;56;-0.0049;-0.0334;-0.0407;0.0020;-0.0000;0.0000;0.1969;10205
488.0;0.5124;0.5000;-0.0412;0.0000;54;56;-0.0049;-0.0334;-0.0407;0.0010;-0.0000;0.0000;0.1969;10205
488.5;0.5119;0.5000;0.0082;0.0000;54;56;-0.0049;-0.0319;-0.0407;-0.0010;-0.0000;0.0000;0.1969;10154
489.0;0.5114;0.5000;0.0522;0.0000;56;54;-0.0049;-0.0305;-0.0422;-0.0029;-0.0000;0.0000;0.1969;10205
489.5;0.5110;0.5000;0.0934;0.0000;56;54;-0.0049;-0.0275;-0.0422;-0.0049;-0.0000;0.0000;0.1969;10154
490.0;0.5101;0.5000;0.1140;0.0000;56;54;0.0733;-0.0261;-0.0422;-0.0049;-0.0000;0.0000;0.1969;10154
490.5;0.5096;0.5000;0.1415;0.0000;58;54;-0.0049;-0.0246;-0.0422;-0.0068;-0.0000;0.0000;0.1969;10205
491.0;0.5096;0.5000;0.1291;0.0000;58;54;-0.0929;-0.0246;-0.0422;-0.0059;-0.0000;0.0000;0.1969;10154
491.5;0.5087;0.5000;0.1841;0.0000;58;54;0.0733;-0.0231;-0.0422;-0.0078;-0.0000;0.0000;0.1969;10205
492.0;0.5078;0.5000;0.2473;0.0000;60;54;-0.0929;-0.0217;-0.0422;-0.0108;-0.0000;0.0000;0.1969;10205
492.5;0.5073;0.5000;0.2486;0.0000;60;54;-0.0147;-0.0188;-0.0422;-0.0108;-0.0000;0.0000;0.1969;10154
493.0;0.5069;0.5000;0.2569;0.0000;60;56;-0.0147;-0.0173;-0.0422;-0.0117;-0.0000;0.0000;0.1969;10205
493.5;0.5060;0.5000;0.2349;0.0000;60;56;-0.0147;-0.0158;-0.0422;-0.0108;-0.0000;0.0000;0.1969;10205
494.0;0.5055;0.5000;0.2582;0.0000;60;56;-0.0147;-0.0144;-0.0422;-0.0117;-0.0000;0.0000;0.1969;10154
494.5;0.5046;0.5000;0.2308;0.0000;60;56;0.0635;-0.0129;-0.0422;-0.0098;-0.0000;0.0000;0.1969;10154
495.0;0.5037;0.5000;0.2679;0.0000;62;56;-0.0929;-0.0100;-0.0422;-0.0117;-0.0000;0.0000;0.1969;10154
495.5;0.5023;0.5000;0.2514;0.0000;62;56;-0.0147;-0.0070;-0.0422;-0.0108;-0.0000;0.0000;0.1969;10154
496.0;0.5018;0.5000;0.2596;0.0000;64;58;-0.0147;-0.0056;-0.0422;-0.0117;-0.0000;0.0000;0.1969;10154
496.5;0.5009;0.5000;0.2459;0.0000;64;58;-0.0147;-0.0041;-0.0422;-0.0108;-0.0000;0.0000;0.1969;10154
497.0;0.5005;0.5000;0.2363;0.0000;64;58;-0.0147;-0.0026;-0.0422;-0.0108;-0.0000;0.0000;0.1969;10154
497.5;0.5000;0.5000;0.2198;0.0000;64;58;-0.0147;-0.0012;-0.0422;-0.0098;-0.0000;0.0000;0.1969;10154
498.0;0.4995;0.5000;0.1827;0.0000;64;60;-0.0147;0.0003;-0.0422;-0.0078;-0.0000;0.0000;0.1969;10154
498.5;0.4991;0.5000;0.1813;0.0000;64;60;-0.0147;0.0018;-0.0422;-0.0078;-0.0000;0.0000;0.1969;10154
499.0;0.4986;0.5000;0.1854;0.0000;64;60;-0.0147;0.0018;-0.0422;-0.0078;-0.0000;0.0000;0.1969;10154
499.5;0.4982;0.5000;0.1799;0.0000;64;60;-0.0147;0.0032;-0.0422;-0.0078;-0.0000;0.0000;0.1969;10103
500.0;0.4977;0.5000;0.0907;0.0000;64;62;-0.0049;0.0032;-0.0422;-0.0039;-0.0000;0.0000;0.1969;10154
500.5;0.4977;0.5000;0.0563;0.0000;64;62;-0.0049;0.0047;-0.0422;-0.0029;-0.0000;0.0000;0.1969;10154
501.0;0.4973;0.5000;-0.0440;0.0000;62;64;-0.0049;0.0062;-0.0422;0.0010;-0.0000;0.0000;0.1969;10154
501.5;0.4959;0.5000;-0.0865;0.0000;62;64;0.0831;0.0091;-0.0422;0.0029;-0.0000;0.0000;0.1969;10154
502.0;0.4954;0.5000;-0.1058;0.0000;62;65;-0.0049;0.0105;-0.0422;0.0039;-0.0000;0.0000;0.1969;10154
502.5;0.4945;0.5000;-0.0618;0.0000;64;65;-0.0049;0.0120;-0.0422;0.0020;-0.0000;0.0000;0.1969;10154
503.0;0.4940;0.5000;-0.0165;0.0000;64;65;-0.0049;0.0135;-0.0422;-0.0000;-0.0000;0.0000;0.1969;10154
503.5;0.4936;0.5000;0.0096;0.0000;65;65;0.0733;0.0149;-0.0422;-0.0010;-0.0000;0.0000;0.1969;10154
504.0;0.4927;0.5000;0.0728;0.0000;65;64;-0.0929;0.0164;-0.0422;-0.0039;-0.0000;0.0000;0.1969;10154
504.5;0.4918;0.5000;0.0810;0.0000;67;64;-0.0049;0.0193;-0.0422;-0.0039;-0.0000;0.0000;0.1969;10154
505.0;0.4904;0.5000;0.1195;0.0000;67;65;0.0733;0.0223;-0.0422;-0.0059;-0.0000;0.0000;0.1969;10103
505.5;0.4904;0.5000;0.1099;0.0000;67;65;-0.0929;0.0237;-0.0422;-0.0049;-0.0000;0.0000;0.1969;10154
506.0;0.4895;0.5000;0.1456;0.0000;69;65;-0.0929;0.0252;-0.0422;-0.0068;-0.0000;0.0000;0.1969;10154
506.5;0.4895;0.5000;0.1085;0.0000;69;65;0.0733;0.0252;-0.0422;-0.0049;-0.0000;0.0000;0.1969;10103
507.0;0.4895;0.5000;0.0810;0.0000;67;67;-0.0049;0.0252;-0.0422;-0.0039;-0.0000;0.0000;0.1969;10154
507.5;0.4895;0.5000;0.0536;0.0000;67;67;-0.0049;0.0252;-0.0407;-0.0029;-0.0000;0.0000;0.1969;10103
508.0;0.4895;0.5000;0.0288;0.0000;67;67;-0.0049;0.0252;-0.0407;-0.0020;-0.0000;0.0000;0.1969;10103
508.5;0.4895;0.5000;0.0096;0.0000;67;67;-0.0049;0.0252;-0.0407;-0.0010;-0.0000;0.0000;0.1969;10154
509.0;0.4895;0.5000;-0.0357;0.0000;67;67;-0.0831;0.0252;-0.0407;0.0010;-0.0000;0.0000;0.1969;10154
509.5;0.4895;0.5000;-0.0055;0.0000;67;67;-0.0049;0.0252;-0.0407;-0.0000;-0.0000;0.0000;0.1969;10103
510.0;0.4899;0.5000;-0.0027;0.0000;67;67;0.0733;0.0237;-0.0407;-0.0000;-0.0000;0.0000;0.1969;10154
510.5;0.4904;0.5000;0.0508;0.0000;67;67;-0.0049;0.0223;-0.0407;-0.0029;-0.0000;0.0000;0.1969;10154
511.0;0.4904;0.5000;0.0673;0.0000;67;67;-0.0049;0.0223;-0.0407;-0.0029;-0.0000;0.0000;0.1969;10103
511.5;0.4908;0.5000;0.0234;0.0000;67;67;-0.0831;0.0223;-0.0407;-0.0020;-0.0000;0.0000;0.1969;10154
512.0;0.4908;0.5000;0.0027;0.0000;67;67;-0.0049;0.0223;-0.0407;-0.0010;-0.0000;0.0000;0.1969;10103
512.5;0.4913;0.5000;-0.0522;0.0000;65;69;0.0831;0.0208;-0.0407;0.0020;-0.0000;0.0000;0.1969;10103
513.0;0.4918;0.5000;-0.0343;0.0000;65;67;-0.0049;0.0193;-0.0407;0.0010;-0.0000;0.0000;0.1969;10154
513.5;0.4922;0.5000;-0.0371;0.0000;65;67;-0.0049;0.0179;-0.0407;0.0010;-0.0000;0.0000;0.1969;10103
514.0;0.4931;0.5000;-0.0206;0.0000;67;67;-0.0831;0.0164;-0.0407;-0.0000;-0.0000;0.0000;0.1969;10154
514.5;0.4936;0.5000;-0.0453;0.0000;65;67;-0.0049;0.0149;-0.0407;0.0010;-0.0000;0.0000;0.1969;10154
515.0;0.4936;0.5000;-0.0646;0.0000;65;67;-0.0049;0.0149;-0.0407;0.0020;-0.0000;0.0000;0.1969;10103
515.5;0.4940;0.5000;-0.0989;0.0000;65;67;-0.0049;0.0135;-0.0407;0.0039;-0.0000;0.0000;0.1969;10103
516.0;0.4945;0.5000;-0.1168;0.0000;64;67;0.0831;0.0120;-0.0407;0.0039;-0.0000;0.0000;0.1969;10154
516.5;0.4950;0.5000;-0.1085;0.0000;65;65;-0.1613;0.0105;-0.0393;0.0039;-0.0000;0.0000;0.1969;10103
517.0;0.4954;0.5000;-0.0824;0.0000;65;65;-0.0049;0.0105;-0.0393;0.0029;-0.0000;0.0000;0.1969;10154
517.5;0.4945;0.5000;-0.0604;0.0000;65;65;0.0831;0.0120;-0.0393;0.0020;-0.0000;0.0000;0.1969;10154
518.0;0.4936;0.5000;-0.0467;0.0000;65;67;-0.0049;0.0149;-0.0393;0.0010;-0.0000;0.0000;0.1969;10103
518.5;0.4927;0.5000;-0.0275;0.0000;65;67;-0.0049;0.0179;-0.0393;0.0010;-0.0000;0.0000;0.1969;10154
519.0;0.4927;0.5000;-0.0412;0.0000;65;67;0.0733;0.0179;-0.0393;0.0010;-0.0000;0.0000;0.1969;10103
519.5;0.4922;0.5000;-0.0536;0.0000;65;67;-0.0049;0.0179;-0.0393;0.0020;-0.0000;0.0000;0.1969;10103
520.0;0.4918;0.5000;-0.1030;0.0000;65;67;-0.0831;0.0193;-0.0393;0.0039;-0.0000;0.0000;0.1969;10154
520.5;0.4904;0.5000;-0.0920;0.0000;65;69;-0.0049;0.0223;-0.0393;0.0029;-0.0000;0.0000;0.1969;10103
521.0;0.4886;0.5000;-0.0728;0.0000;65;69;0.0831;0.0267;-0.0393;0.0029;-0.0000;0.0000;0.1969;10103
521.5;0.4881;0.5000;-0.0508;0.0000;67;69;-0.0831;0.0281;-0.0393;0.0020;-0.0000;0.0000;0.1969;10154
522.0;0.4881;0.5000;-0.0275;0.0000;67;69;-0.0049;0.0296;-0.0393;0.0010;-0.0000;0.0000;0.1969;10103
522.5;0.4876;0.5000;-0.0316;0.0000;69;69;-0.0049;0.0296;-0.0393;0.0010;-0.0000;0.0000;0.1969;10103
523.0;0.4876;0.5000;-0.0192;0.0000;69;69;-0.0049;0.0296;-0.0393;-0.0000;-0.0000;0.0000;0.1969;10103
523.5;0.4872;0.5000;-0.0371;0.0000;69;69;-0.0049;0.0311;-0.0393;0.0010;-0.0000;0.0000;0.1969;10103
524.0;0.4863;0.5000;-0.0014;0.0000;69;69;-0.0831;0.0325;-0.0393;-0.0000;-0.0000;0.0000;0.1969;10103
524.5;0.4858;0.5000;0.0192;0.0000;71;69;-0.0049;0.0340;-0.0378;-0.0010;-0.0000;0.0000;0.1969;10103
525.0;0.4853;0.5000;0.0618;0.0000;71;69;-0.0049;0.0355;-0.0378;-0.0029;-0.0000;0.0000;0.1969;10103
525.5;0.4853;0.5000;0.0728;0.0000;71;69;-0.0049;0.0355;-0.0378;-0.0039;-0.0000;0.0000;0.1969;10103
526.0;0.4849;0.5000;0.0398;0.0000;71;71;0.0733;0.0355;-0.0378;-0.0020;-0.0000;0.0000;0.1969;10103
526.5;0.4858;0.5000;0.0302;0.0000;71;69;-0.0831;0.0340;-0.0378;-0.0020;-0.0000;0.0000;0.1969;10103
527.0;0.4863;0.5000;-0.0041;0.0000;71;69;-0.0049;0.0325;-0.0378;-0.0000;-0.0000;0.0000;0.1969;10103
527.5;0.4867;0.5000;0.0082;0.0000;71;69;-0.0049;0.0325;-0.0378;-0.0010;-0.0000;0.0000;0.1969;10103
528.0;0.4881;0.5000;-0.0206;0.0000;71;69;-0.0049;0.0281;-0.0378;-0.0000;-0.0000;0.0000;0.1969;10103
528.5;0.4890;0.5000;-0.0206;0.0000;69;69;-0.0049;0.0252;-0.0378;-0.0000;-0.0000;0.0000;0.1969;10103
529.0;0.4899;0.5000;-0.0069;0.0000;69;69;-0.0049;0.0237;-0.0378;-0.0000;-0.0000;0.0000;0.1969;10103
529.5;0.4913;0.5000;0.0041;0.0000;69;69;0.0733;0.0208;-0.0378;-0.0010;-0.0000;0.0000;0.1969;10103
530.0;0.4927;0.5000;0.0261;0.0000;69;67;-0.0831;0.0164;-0.0378;-0.0020;-0.0000;0.0000;0.1969;10103
530.5;0.4936;0.5000;0.0234;0.0000;67;67;-0.0049;0.0149;-0.0363;-0.0020;-0.0000;0.0000;0.1969;10103
531.0;0.4950;0.5000;0.0220;0.0000;67;67;0.0733;0.0105;-0.0363;-0.0010;-0.0000;0.0000;0.1969;10103
531.5;0.4959;0.5000;0.0000;0.0000;65;65;-0.0049;0.0091;-0.0363;-0.0010;-0.0000;0.0000;0.1969;10154
532.0;0.4963;0.5000;0.0357;0.0000;65;65;-0.0049;0.0076;-0.0363;-0.0020;-0.0000;0.0000;0.1969;10103
532.5;0.4968;0.5000;0.0453;0.0000;65;65;-0.0049;0.0076;-0.0363;-0.0020;-0.0000;0.0000;0.1969;10154
533.0;0.4968;0.5000;0.0536;0.0000;65;65;-0.0049;0.0062;-0.0363;-0.0029;-0.0000;0.0000;0.1969;10154
533.5;0.4968;0.5000;0.0330;0.0000;65;65;-0.0831;0.0062;-0.0363;-0.0020;-0.0000;0.0000;0.1969;10103
534.0;0.4973;0.5000;-0.0069;0.0000;65;65;0.0733;0.0047;-0.0363;-0.0000;-0.0000;0.0000;0.1969;10154
534.5;0.4977;0.5000;-0.0261;0.0000;64;65;-0.0049;0.0047;-0.0363;0.0010;-0.0000;0.0000;0.1969;10103
535.0;0.4977;0.5000;-0.0110;0.0000;64;65;-0.0049;0.0047;-0.0363;-0.0000;-0.0000;0.0000;0.1969;10154
535.5;0.4977;0.5000;0.0234;0.0000;65;65;-0.0049;0.0047;-0.0363;-0.0020;-0.0000;0.0000;0.1969;10154
536.0;0.4973;0.5000;0.0687;0.0000;65;65;0.0733;0.0062;-0.0363;-0.0039;-0.0000;0.0000;0.1969;10103
536.5;0.4963;0.5000;0.0934;0.0000;65;65;-0.0049;0.0076;-0.0363;-0.0049;-0.0000;0.0000;0.1969;10154
537.0;0.4963;0.5000;0.0962;0.0000;65;65;0.0733;0.0076;-0.0363;-0.0049;-0.0000;0.0000;0.1969;10154
537.5;0.4968;0.5000;0.0536;0.0000;65;65;-0.0049;0.0076;-0.0363;-0.0029;-0.0000;0.0000;0.1969;10154
538.0;0.4968;0.5000;0.0110;0.0000;65;65;-0.0049;0.0076;-0.0363;-0.0010;-0.0000;0.0000;0.1969;10154
538.5;0.4973;0.5000;-0.0481;0.0000;64;67;0.0733;0.0062;-0.0363;0.0020;-0.0000;0.0000;0.1969;10154
539.0;0.4982;0.5000;-0.0426;0.0000;64;65;-0.0831;0.0032;-0.0363;0.0010;-0.0000;0.0000;0.1969;10103
539.5;0.4991;0.5000;-0.0357;0.0000;64;65;-0.0049;0.0018;-0.0363;0.0010;-0.0000;0.0000;0.1969;10154
540.0;0.5000;0.5000;-0.0206;0.0000;64;65;0.0733;-0.0012;-0.0363;-0.0000;-0.0000;0.0000;0.1969;10154
540.5;0.5005;0.5000;-0.0151;0.0000;64;64;-0.0049;-0.0026;-0.0363;-0.0000;-0.0000;0.0000;0.1969;10103
541.0;0.5009;0.5000;-0.0151;0.0000;62;64;-0.0049;-0.0041;-0.0363;-0.0000;-0.0000;0.0000;0.1969;10154
541.5;0.5023;0.5000;0.0220;0.0000;62;64;-0.0049;-0.0070;-0.0363;-0.0010;-0.0000;0.0000;0.1969;10103
542.0;0.5032;0.5000;0.0467;0.0000;62;62;-0.0049;-0.0100;-0.0363;-0.0029;-0.0000;0.0000;0.1969;10154
542.5;0.5037;0.5000;0.0824;0.0000;62;62;-0.0049;-0.0114;-0.0363;-0.0039;-0.0000;0.0000;0.1969;10154
543.0;0.5041;0.5000;0.0907;0.0000;62;62;-0.0049;-0.0114;-0.0363;-0.0039;-0.0000;0.0000;0.1969;10103
543.5;0.5041;0.5000;0.0962;0.0000;62;60;-0.0049;-0.0114;-0.0363;-0.0049;-0.0000;0.0000;0.1969;10154
544.0;0.5041;0.5000;0.0893;0.0000;62;60;-0.0049;-0.0114;-0.0363;-0.0039;-0.0000;0.0000;0.1969;10154
544.5;0.5037;0.5000;0.0742;0.0000;62;62;-0.0049;-0.0100;-0.0363;-0.0039;-0.0000;0.0000;0.1969;10154
545.0;0.5032;0.5000;0.0728;0.0000;62;62;-0.0049;-0.0100;-0.0363;-0.0039;-0.0000;0.0000;0.1969;10154
545.5;0.5037;0.5000;0.0330;0.0000;62;62;0.0733;-0.0100;-0.0363;-0.0020;-0.0000;0.0000;0.1969;10154
546.0;0.5037;0.5000;0.0151;0.0000;62;62;-0.0049;-0.0114;-0.0363;-0.0010;-0.0000;0.0000;0.1969;10154
546.5;0.5046;0.5000;-0.0206;0.0000;60;62;-0.0831;-0.0129;-0.0363;-0.0000;-0.0000;0.0000;0.1969;10154
547.0;0.5050;0.5000;-0.0275;0.0000;60;62;-0.0049;-0.0129;-0.0363;0.0010;-0.0000;0.0000;0.1969;10154
547.5;0.5050;0.5000;-0.0261;0.0000;60;62;-0.0049;-0.0129;-0.0378;0.0010;-0.0000;0.0000;0.1969;10154
548.0;0.5041;0.5000;-0.0261;0.0000;60;60;-0.0831;-0.0114;-0.0378;0.0010;-0.0000;0.0000;0.1969;10154
548.5;0.5041;0.5000;-0.0618;0.0000;62;62;-0.0831;-0.0114;-0.0378;0.0020;-0.0000;0.0000;0.1969;10154
549.0;0.5037;0.5000;-0.1126;0.0000;60;62;-0.0049;-0.0114;-0.0378;0.0039;-0.0000;0.0000;0.1969;10154
549.5;0.5037;0.5000;-0.1319;0.0000;60;62;-0.0049;-0.0100;-0.0378;0.0049;-0.0000;0.0000;0.1969;10154
550.0;0.5041;0.5000;-0.1525;0.0000;60;62;-0.0831;-0.0114;-0.0378;0.0059;-0.0000;0.0000;0.1969;10154
550.5;0.5041;0.5000;-0.0962;0.0000;60;62;-0.0049;-0.0114;-0.0378;0.0039;-0.0000;0.0000;0.1969;10154
551.0;0.5041;0.5000;-0.0440;0.0000;62;60;-0.0049;-0.0114;-0.0378;0.0010;-0.0000;0.0000;0.1969;10154
551.5;0.5041;0.5000;0.0000;0.0000;62;60;-0.0049;-0.0114;-0.0378;-0.0010;-0.0000;0.0000;0.1969;10154
552.0;0.5037;0.5000;0.0000;0.0000;62;60;-0.0049;-0.0100;-0.0378;-0.0000;-0.0000;0.0000;0.1969;10154
552.5;0.5041;0.5000;-0.0151;0.0000;62;62;0.0733;-0.0114;-0.0378;-0.0000;-0.0000;0.0000;0.1969;10154
553.0;0.5041;0.5000;-0.0096;0.0000;60;60;-0.0049;-0.0114;-0.0378;-0.0000;-0.0000;0.0000;0.1969;10154
553.5;0.5041;0.5000;-0.0371;0.0000;60;62;-0.0049;-0.0114;-0.0378;0.0010;-0.0000;0.0000;0.1969;10154
554.0;0.5041;0.5000;-0.0014;0.0000;60;60;-0.0049;-0.0114;-0.0378;-0.0000;-0.0000;0.0000;0.1969;10154
554.5;0.5050;0.5000;-0.0165;0.0000;60;60;-0.0049;-0.0144;-0.0378;-0.0000;-0.0000;0.0000;0.1969;10154
555.0;0.5060;0.5000;0.0206;0.0000;60;60;-0.0049;-0.0158;-0.0378;-0.0010;-0.0000;0.0000;0.1969;10154
555.5;0.5060;0.5000;0.0234;0.0000;60;60;-0.0049;-0.0173;-0.0378;-0.0020;-0.0000;0.0000;0.1969;10154
556.0;0.5069;0.5000;0.0385;0.0000;60;58;-0.0831;-0.0188;-0.0378;-0.0020;-0.0000;0.0000;0.1969;10154
556.5;0.5078;0.5000;0.0179;0.0000;60;60;0.0733;-0.0217;-0.0378;-0.0010;-0.0000;0.0000;0.1969;10154
557.0;0.5087;0.5000;0.0192;0.0000;60;58;-0.0049;-0.0231;-0.0378;-0.0010;-0.0000;0.0000;0.1969;10154
557.5;0.5087;0.5000;0.0027;0.0000;58;58;-0.0049;-0.0231;-0.0378;-0.0010;-0.0000;0.0000;0.1969;10154
558.0;0.5092;0.5000;-0.0220;0.0000;58;58;0.0733;-0.0246;-0.0378;-0.0000;-0.0000;0.0000;0.1969;10154
558.5;0.5096;0.5000;0.0288;0.0000;58;58;-0.0049;-0.0261;-0.0378;-0.0020;-0.0000;0.0000;0.1969;10154
559.0;0.5105;0.5000;0.0357;0.0000;58;58;-0.0831;-0.0275;-0.0378;-0.0020;-0.0000;0.0000;0.1969;10154
559.5;0.5105;0.5000;0.0742;0.0000;58;56;-0.0049;-0.0275;-0.0393;-0.0039;-0.0000;0.0000;0.1969;10154
560.0;0.5105;0.5000;0.0481;0.0000;58;56;-0.0049;-0.0275;-0.0393;-0.0029;-0.0000;0.0000;0.1969;10205
560.5;0.5105;0.5000;0.0151;0.0000;58;56;-0.0049;-0.0275;-0.0393;-0.0010;-0.0000;0.0000;0.1969;10154
561.0;0.5101;0.5000;-0.0206;0.0000;56;58;-0.0049;-0.0275;-0.0393;-0.0000;-0.0000;0.0000;0.1969;10205
561.5;0.5105;0.5000;-0.0014;0.0000;58;56;-0.0831;-0.0275;-0.0393;-0.0000;-0.0000;0.0000;0.1969;10154
562.0;0.5105;0.5000;0.0879;0.0000;58;56;-0.0049;-0.0275;-0.0393;-0.0039;-0.0000;0.0000;0.1969;10205
562.5;0.5101;0.5000;0.1085;0.0000;58;56;-0.0049;-0.0275;-0.0393;-0.0049;-0.0000;0.0000;0.1969;10205
563.0;0.5101;0.5000;0.1484;0.0000;58;56;-0.0147;-0.0261;-0.0393;-0.0068;-0.0000;0.0000;0.1969;10154
563.5;0.5096;0.5000;0.0948;0.0000;58;56;-0.0049;-0.0261;-0.0393;-0.0049;-0.0000;0.0000;0.1969;10154
564.0;0.5101;0.5000;0.0783;0.0000;58;56;-0.0929;-0.0261;-0.0393;-0.0039;-0.0000;0.0000;0.1969;10154
564.5;0.5101;0.5000;0.0247;0.0000;58;56;0.0733;-0.0261;-0.0393;-0.0020;-0.0000;0.0000;0.1969;10205
565.0;0.5096;0.5000;0.0618;0.0000;58;56;-0.0049;-0.0261;-0.0393;-0.0029;-0.0000;0.0000;0.1969;10205
565.5;0.5096;0.5000;0.0701;0.0000;58;56;-0.0049;-0.0246;-0.0393;-0.0039;-0.0000;0.0000;0.1969;10154
566.0;0.5092;0.5000;0.0481;0.0000;58;56;-0.0049;-0.0231;-0.0393;-0.0029;-0.0000;0.0000;0.1969;10205
566.5;0.5087;0.5000;0.0577;0.0000;58;56;-0.0049;-0.0231;-0.0393;-0.0029;-0.0000;0.0000;0.1969;10154
567.0;0.5078;0.5000;0.0179;0.0000;58;58;-0.0049;-0.0217;-0.0407;-0.0010;-0.0000;0.0000;0.1969;10154
567.5;0.5073;0.5000;0.0247;0.0000;58;58;-0.0049;-0.0202;-0.0407;-0.0020;-0.0000;0.0000;0.1969;10154
568.0;0.5064;0.5000;-0.0371;0.0000;58;58;0.0733;-0.0173;-0.0407;0.0010;-0.0000;0.0000;0.1969;10154
568.5;0.5055;0.5000;-0.0124;0.0000;58;60;-0.0049;-0.0144;-0.0407;-0.0000;-0.0000;0.0000;0.1969;10154
569.0;0.5041;0.5000;-0.0453;0.0000;58;60;-0.0049;-0.0114;-0.0407;0.0010;-0.0000;0.0000;0.1969;10154
569.5;0.5037;0.5000;-0.0027;0.0000;60;60;-0.0049;-0.0100;-0.0407;-0.0000;-0.0000;0.0000;0.1969;10154
570.0;0.5023;0.5000;-0.0220;0.0000;60;60;-0.0831;-0.0070;-0.0407;-0.0000;-0.0000;0.0000;0.1969;10154
570.5;0.5014;0.5000;0.0096;0.0000;62;60;-0.0049;-0.0041;-0.0407;-0.0010;-0.0000;0.0000;0.1969;10154
571.0;0.4995;0.5000;0.0453;0.0000;62;60;-0.0831;0.0003;-0.0407;-0.0020;-0.0000;0.0000;0.1969;10154
571.5;0.4991;0.5000;0.0124;0.0000;64;62;-0.0831;0.0003;-0.0407;-0.0010;-0.0000;0.0000;0.1969;10154
572.0;0.4986;0.5000;0.0234;0.0000;64;62;-0.0049;0.0018;-0.0407;-0.0020;-0.0000;0.0000;0.1969;10154
572.5;0.4986;0.5000;0.0027;0.0000;64;62;-0.0049;0.0032;-0.0407;-0.0010;-0.0000;0.0000;0.1969;10154
573.0;0.4973;0.5000;0.1154;0.0000;65;60;-0.0929;0.0047;-0.0407;-0.0059;-0.0000;0.0000;0.1969;10154
573.5;0.4963;0.5000;0.1236;0.0000;65;62;-0.0049;0.0076;-0.0407;-0.0059;-0.0000;0.0000;0.1969;10154
574.0;0.4959;0.5000;0.1896;0.0000;67;62;-0.0147;0.0091;-0.0407;-0.0088;-0.0000;0.0000;0.1969;10154
574.5;0.4954;0.5000;0.1332;0.0000;65;62;-0.0049;0.0105;-0.0407;-0.0059;-0.0000;0.0000;0.1969;10154
575.0;0.4950;0.5000;0.1209;0.0000;65;62;-0.0049;0.0105;-0.0407;-0.0059;-0.0000;0.0000;0.1969;10154
575.5;0.4945;0.5000;0.1923;0.0000;67;62;-0.0147;0.0120;-0.0407;-0.0088;-0.0000;0.0000;0.1969;10154
576.0;0.4940;0.5000;0.2473;0.0000;67;62;-0.0147;0.0135;-0.0407;-0.0108;-0.0000;0.0000;0.1969;10154
576.5;0.4945;0.5000;0.3516;0.0000;69;62;-0.0147;0.0120;-0.0407;-0.0156;-0.0000;0.0000;0.1969;10154
577.0;0.4950;0.5000;0.3256;0.0000;67;62;-0.0147;0.0120;-0.0393;-0.0147;-0.0000;0.0000;0.1969;10154
577.5;0.4950;0.5000;0.4066;0.0000;69;60;-0.0147;0.0105;-0.0393;-0.0176;-0.0000;0.0000;0.1969;10154
578.0;0.4950;0.5000;0.3352;0.0000;69;62;-0.0147;0.0105;-0.0393;-0.0147;-0.0000;0.0000;0.1969;10103
578.5;0.4950;0.5000;0.3173;0.0000;67;62;-0.0147;0.0105;-0.0393;-0.0137;-0.0000;0.0000;0.1969;10103
579.0;0.4950;0.5000;0.2143;0.0000;67;64;-0.0147;0.0120;-0.0393;-0.0098;-0.0000;0.0000;0.1969;10154
579.5;0.4954;0.5000;0.1951;0.0000;67;64;-0.0147;0.0105;-0.0393;-0.0088;-0.0000;0.0000;0.1969;10154
580.0;0.4950;0.5000;0.0865;0.0000;65;64;-0.0929;0.0105;-0.0393;-0.0039;-0.0000;0.0000;0.1969;10154
580.5;0.4954;0.5000;0.0288;0.0000;65;64;0.0733;0.0105;-0.0393;-0.0020;-0.0000;0.0000;0.1969;10154
581.0;0.4954;0.5000;0.0920;0.0000;65;64;-0.0049;0.0091;-0.0393;-0.0039;-0.0000;0.0000;0.1969;10154
581.5;0.4959;0.5000;0.0536;0.0000;65;64;-0.0049;0.0091;-0.0393;-0.0029;-0.0000;0.0000;0.1969;10154
582.0;0.4959;0.5000;0.0934;0.0000;65;64;-0.0049;0.0091;-0.0393;-0.0049;-0.0000;0.0000;0.1969;10154
582.5;0.4963;0.5000;-0.0192;0.0000;65;64;-0.0831;0.0076;-0.0393;-0.0000;-0.0000;0.0000;0.1969;10154
583.0;0.4959;0.5000;0.0206;0.0000;65;64;-0.0831;0.0091;-0.0393;-0.0010;-0.0000;0.0000;0.1969;10154
583.5;0.4950;0.5000;-0.0577;0.0000;65;64;-0.0831;0.0120;-0.0393;0.0020;-0.0000;0.0000;0.1969;10154
584.0;0.4940;0.5000;0.0234;0.0000;67;64;-0.0049;0.0135;-0.0393;-0.0020;-0.0000;0.0000;0.1969;10154
584.5;0.4931;0.5000;0.0110;0.0000;67;65;-0.0049;0.0149;-0.0393;-0.0010;-0.0000;0.0000;0.1969;10154
585.0;0.4927;0.5000;-0.0646;0.0000;67;65;-0.0049;0.0164;-0.0393;0.0020;-0.0000;0.0000;0.1969;10154
585.5;0.4927;0.5000;-0.1154;0.0000;65;67;-0.0049;0.0179;-0.0393;0.0039;-0.0000;0.0000;0.1969;10103
586.0;0.4922;0.5000;-0.1758;0.0000;65;67;0.0049;0.0179;-0.0393;0.0068;-0.0000;0.0000;0.1969;10154
586.5;0.4918;0.5000;-0.1305;0.0000;65;67;-0.0049;0.0193;-0.0393;0.0049;-0.0000;0.0000;0.1969;10103
587.0;0.4918;0.5000;-0.1593;0.0000;65;67;0.0049;0.0193;-0.0393;0.0059;-0.0000;0.0000;0.1969;10154
587.5;0.4918;0.5000;-0.1113;0.0000;67;67;-0.0049;0.0193;-0.0393;0.0039;-0.0000;0.0000;0.1969;10154
588.0;0.4913;0.5000;-0.1607;0.0000;65;69;0.0049;0.0208;-0.0393;0.0059;-0.0000;0.0000;0.1969;10103
588.5;0.4913;0.5000;-0.0879;0.0000;67;67;-0.0049;0.0208;-0.0393;0.0029;-0.0000;0.0000;0.1969;10154
589.0;0.4908;0.5000;-0.1442;0.0000;65;69;0.0049;0.0208;-0.0393;0.0059;-0.0000;0.0000;0.1969;10154
589.5;0.4918;0.5000;-0.0742;0.0000;67;67;-0.0831;0.0193;-0.0378;0.0029;-0.0000;0.0000;0.1969;10103
590.0;0.4918;0.5000;-0.0838;0.0000;67;67;-0.0049;0.0193;-0.0378;0.0029;-0.0000;0.0000;0.1969;10103
590.5;0.4922;0.5000;-0.1360;0.0000;65;67;-0.0049;0.0179;-0.0378;0.0049;-0.0000;0.0000;0.1969;10103
591.0;0.4922;0.5000;-0.1236;0.0000;67;67;-0.0049;0.0179;-0.0378;0.0049;-0.0000;0.0000;0.1969;10103
591.5;0.4922;0.5000;-0.1058;0.0000;67;67;-0.0049;0.0179;-0.0378;0.0039;-0.0000;0.0000;0.1969;10154
592.0;0.4931;0.5000;-0.0234;0.0000;67;67;-0.0831;0.0164;-0.0378;-0.0000;-0.0000;0.0000;0.1969;10154
592.5;0.4936;0.5000;-0.0714;0.0000;67;67;-0.0049;0.0149;-0.0378;0.0029;-0.0000;0.0000;0.1969;10103
593.0;0.4936;0.5000;-0.0467;0.0000;67;65;-0.0049;0.0149;-0.0378;0.0010;-0.0000;0.0000;0.1969;10103
593.5;0.4936;0.5000;-0.1154;0.0000;65;67;-0.0049;0.0149;-0.0378;0.0039;-0.0000;0.0000;0.1969;10103
594.0;0.4936;0.5000;-0.0865;0.0000;65;67;-0.0049;0.0149;-0.0378;0.0029;-0.0000;0.0000;0.1969;10154
594.5;0.4936;0.5000;-0.1387;0.0000;65;67;-0.0049;0.0149;-0.0378;0.0049;-0.0000;0.0000;0.1969;10154
595.0;0.4945;0.5000;-0.0810;0.0000;65;67;-0.0831;0.0135;-0.0378;0.0029;-0.0000;0.0000;0.1969;10103
595.5;0.4945;0.5000;-0.0220;0.0000;67;65;-0.0049;0.0120;-0.0378;-0.0000;-0.0000;0.0000;0.1969;10154
596.0;0.4950;0.5000;-0.0522;0.0000;65;65;-0.0049;0.0120;-0.0378;0.0020;-0.0000;0.0000;0.1969;10154
596.5;0.4950;0.5000;-0.0302;0.0000;65;65;-0.0049;0.0120;-0.0378;0.0010;-0.0000;0.0000;0.1969;10103
597.0;0.4950;0.5000;-0.0632;0.0000;65;65;-0.0049;0.0120;-0.0378;0.0020;-0.0000;0.0000;0.1969;10103
597.5;0.4950;0.5000;-0.0192;0.0000;65;65;-0.0049;0.0120;-0.0378;-0.0000;-0.0000;0.0000;0.1969;10154
598.0;0.4954;0.5000;-0.0577;0.0000;65;67;0.0831;0.0105;-0.0378;0.0020;-0.0000;0.0000;0.1969;10103
598.5;0.4959;0.5000;0.0137;0.0000;65;65;-0.0831;0.0091;-0.0378;-0.0010;-0.0000;0.0000;0.1969;10154
599.0;0.4959;0.5000;-0.0124;0.0000;65;65;-0.0049;0.0091;-0.0378;-0.0000;-0.0000;0.0000;0.1969;10154
599.5;0.4959;0.5000;0.0014;0.0000;65;65;-0.0049;0.0091;-0.0378;-0.0010;-0.0000;0.0000;0.1969;10103
600.0;0.4959;0.5000;0.0549;0.0000;65;65;-0.0049;0.0091;-0.0378;-0.0029;-0.0000;0.0000;0.1969;10154
600.5;0.4963;0.5000;0.0412;0.0000;65;65;0.0733;0.0076;-0.0378;-0.0020;-0.0000;0.0000;0.1969;10103
601.0;0.4968;0.5000;0.0549;0.0000;65;65;-0.0049;0.0062;-0.0378;-0.0029;-0.0000;0.0000;0.1969;10103
601.5;0.4968;0.5000;-0.0110;0.0000;65;65;-0.0049;0.0062;-0.0378;-0.0000;-0.0000;0.0000;0.1969;10154
602.0;0.4968;0.5000;0.0000;0.0000;65;65;-0.0049;0.0062;-0.0378;-0.0010;-0.0000;0.0000;0.1969;10103
602.5;0.4977;0.5000;-0.0275;0.0000;65;65;-0.0831;0.0047;-0.0378;0.0010;-0.0000;0.0000;0.1969;10154
603.0;0.4977;0.5000;0.0701;0.0000;65;64;-0.0049;0.0032;-0.0378;-0.0039;-0.0000;0.0000;0.1969;10154
603.5;0.4982;0.5000;0.0371;0.0000;65;64;-0.0049;0.0032;-0.0378;-0.0020;-0.0000;0.0000;0.1969;10103
604.0;0.4991;0.5000;0.0852;0.0000;65;64;0.0733;0.0018;-0.0378;-0.0039;-0.0000;0.0000;0.1969;10154
604.5;0.4995;0.5000;0.0027;0.0000;64;64;-0.0049;0.0003;-0.0378;-0.0010;-0.0000;0.0000;0.1969;10154
605.0;0.5009;0.5000;-0.0357;0.0000;64;64;-0.0049;-0.0041;-0.0378;0.0010;-0.0000;0.0000;0.1969;10154
605.5;0.5018;0.5000;-0.0082;0.0000;62;64;-0.0049;-0.0056;-0.0378;-0.0000;-0.0000;0.0000;0.1969;10154
606.0;0.5023;0.5000;-0.0069;0.0000;62;62;-0.0049;-0.0070;-0.0378;-0.0000;-0.0000;0.0000;0.1969;10154
606.5;0.5032;0.5000;0.0247;0.0000;62;62;0.0733;-0.0100;-0.0378;-0.0020;-0.0000;0.0000;0.1969;10154
607.0;0.5046;0.5000;-0.0014;0.0000;62;62;-0.0831;-0.0129;-0.0378;-0.0000;-0.0000;0.0000;0.1969;10154
607.5;0.5055;0.5000;0.0192;0.0000;62;60;-0.0049;-0.0144;-0.0378;-0.0010;-0.0000;0.0000;0.1969;10154
608.0;0.5055;0.5000;-0.0275;0.0000;60;62;-0.0049;-0.0158;-0.0378;0.0010;-0.0000;0.0000;0.1969;10154
608.5;0.5060;0.5000;-0.0069;0.0000;60;60;-0.0049;-0.0158;-0.0378;-0.0000;-0.0000;0.0000;0.1969;10154
609.0;0.5064;0.5000;-0.0055;0.0000;60;60;-0.0049;-0.0173;-0.0378;-0.0000;-0.0000;0.0000;0.1969;10154
609.5;0.5064;0.5000;-0.0179;0.0000;60;60;-0.0049;-0.0173;-0.0378;-0.0000;-0.0000;0.0000;0.1969;10154
610.0;0.5064;0.5000;0.0220;0.0000;60;60;-0.0049;-0.0173;-0.0378;-0.0010;-0.0000;0.0000;0.1969;10154
610.5;0.5064;0.5000;0.0206;0.0000;60;60;0.0733;-0.0173;-0.0378;-0.0010;-0.0000;0.0000;0.1969;10154
611.0;0.5064;0.5000;0.0673;0.0000;60;60;-0.0049;-0.0173;-0.0378;-0.0029;-0.0000;0.0000;0.1969;10154
611.5;0.5069;0.5000;0.0371;0.0000;60;60;0.0733;-0.0173;-0.0378;-0.0020;-0.0000;0.0000;0.1969;10154
612.0;0.5073;0.5000;0.0646;0.0000;60;60;-0.0929;-0.0202;-0.0378;-0.0029;-0.0000;0.0000;0.1969;10154
612.5;0.5078;0.5000;0.0206;0.0000;60;60;-0.0049;-0.0217;-0.0378;-0.0010;-0.0000;0.0000;0.1969;10154
613.0;0.5087;0.5000;0.0549;0.0000;58;58;0.0733;-0.0231;-0.0378;-0.0029;-0.0000;0.0000;0.1969;10154
613.5;0.5092;0.5000;0.0357;0.0000;58;58;-0.0049;-0.0246;-0.0378;-0.0020;-0.0000;0.0000;0.1969;10154
614.0;0.5101;0.5000;0.1085;0.0000;60;58;-0.0929;-0.0261;-0.0378;-0.0049;-0.0000;0.0000;0.1969;10154
614.5;0.5110;0.5000;0.1223;0.0000;58;56;0.0733;-0.0290;-0.0378;-0.0059;-0.0000;0.0000;0.1969;10154
615.0;0.5114;0.5000;0.0742;0.0000;58;56;-0.0049;-0.0305;-0.0378;-0.0039;-0.0000;0.0000;0.1969;10154
615.5;0.5124;0.5000;0.0728;0.0000;56;56;0.0733;-0.0319;-0.0393;-0.0039;-0.0000;0.0000;0.1969;10154
616.0;0.5128;0.5000;0.0275;0.0000;56;56;-0.0049;-0.0334;-0.0393;-0.0020;-0.0000;0.0000;0.1969;10154
616.5;0.5133;0.5000;0.0962;0.0000;56;56;0.0733;-0.0349;-0.0393;-0.0049;-0.0000;0.0000;0.1969;10154
617.0;0.5137;0.5000;0.1154;0.0000;56;56;-0.0049;-0.0363;-0.0393;-0.0059;-0.0000;0.0000;0.1969;10205
617.5;0.5147;0.5000;0.2033;0.0000;56;54;-0.0929;-0.0378;-0.0393;-0.0088;-0.0000;0.0000;0.1969;10154
618.0;0.5142;0.5000;0.2486;0.0000;56;54;-0.0147;-0.0363;-0.0393;-0.0108;-0.0000;0.0000;0.1969;10205
618.5;0.5142;0.5000;0.3173;0.0000;58;52;0.0635;-0.0363;-0.0393;-0.0137;-0.0000;0.0000;0.1969;10205
619.0;0.5142;0.5000;0.3297;0.0000;58;52;-0.0147;-0.0363;-0.0393;-0.0147;-0.0000;0.0000;0.1969;10205
619.5;0.5147;0.5000;0.3503;0.0000;58;52;0.0635;-0.0378;-0.0393;-0.0156;-0.0000;0.0000;0.1969;10205
620.0;0.5147;0.5000;0.3585;0.0000;58;52;-0.0147;-0.0378;-0.0393;-0.0156;-0.0000;0.0000;0.1969;10205
620.5;0.5151;0.5000;0.3462;0.0000;56;52;0.0635;-0.0393;-0.0407;-0.0147;-0.0000;0.0000;0.1969;10154
621.0;0.5151;0.5000;0.3709;0.0000;56;52;-0.0147;-0.0393;-0.0407;-0.0156;-0.0000;0.0000;0.1969;10205
621.5;0.5151;0.5000;0.3709;0.0000;56;52;-0.0147;-0.0393;-0.0407;-0.0156;-0.0000;0.0000;0.1969;10205
622.0;0.5151;0.5000;0.4506;0.0000;58;50;-0.0244;-0.0393;-0.0407;-0.0196;-0.0000;0.0000;0.1969;10205
622.5;0.5147;0.5000;0.4245;0.0000;58;50;-0.0244;-0.0378;-0.0407;-0.0186;-0.0000;0.0000;0.1969;10205
623.0;0.5137;0.5000;0.4478;0.0000;58;50;-0.0244;-0.0363;-0.0407;-0.0196;-0.0000;0.0000;0.1969;10205
623.5;0.5147;0.5000;0.3613;0.0000;58;52;-0.0147;-0.0378;-0.0407;-0.0156;-0.0000;0.0000;0.1969;10154
624.0;0.5147;0.5000;0.2624;0.0000;56;52;-0.0147;-0.0378;-0.0407;-0.0117;-0.0000;0.0000;0.1969;10205
624.5;0.5133;0.5000;0.2541;0.0000;56;52;0.0635;-0.0349;-0.0407;-0.0108;-0.0000;0.0000;0.1969;10205
625.0;0.5128;0.5000;0.2308;0.0000;56;54;0.0635;-0.0334;-0.0407;-0.0098;-0.0000;0.0000;0.1969;10205
625.5;0.5133;0.5000;0.2376;0.0000;56;54;-0.0929;-0.0334;-0.0422;-0.0108;-0.0000;0.0000;0.1969;10205
626.0;0.5133;0.5000;0.1566;0.0000;56;54;-0.0147;-0.0349;-0.0422;-0.0068;-0.0000;0.0000;0.1969;10205
626.5;0.5137;0.5000;0.1223;0.0000;54;54;0.0733;-0.0349;-0.0422;-0.0059;-0.0000;0.0000;0.1969;10205
627.0;0.5137;0.5000;0.0426;0.0000;54;54;-0.0049;-0.0363;-0.0422;-0.0020;-0.0000;0.0000;0.1969;10205
627.5;0.5137;0.5000;0.0577;0.0000;54;54;-0.0049;-0.0349;-0.0422;-0.0029;-0.0000;0.0000;0.1969;10205
628.0;0.5133;0.5000;0.0714;0.0000;54;54;-0.0049;-0.0349;-0.0422;-0.0039;-0.0000;0.0000;0.1969;10205
628.5;0.5128;0.5000;0.1484;0.0000;56;54;-0.0147;-0.0334;-0.0422;-0.0068;-0.0000;0.0000;0.1969;10205
629.0;0.5124;0.5000;0.1731;0.0000;56;54;-0.0147;-0.0319;-0.0422;-0.0078;-0.0000;0.0000;0.1969;10205
629.5;0.5119;0.5000;0.1937;0.0000;56;54;-0.0147;-0.0305;-0.0422;-0.0088;-0.0000;0.0000;0.1969;10205
630.0;0.5119;0.5000;0.2651;0.0000;56;54;0.0635;-0.0305;-0.0422;-0.0117;-0.0000;0.0000;0.1969;10205
630.5;0.5119;0.5000;0.2624;0.0000;56;54;-0.0147;-0.0305;-0.0422;-0.0117;-0.0000;0.0000;0.1969;10154
631.0;0.5114;0.5000;0.2995;0.0000;58;52;-0.0147;-0.0305;-0.0437;-0.0127;-0.0000;0.0000;0.1969;10205
631.5;0.5110;0.5000;0.2679;0.0000;58;54;-0.0147;-0.0290;-0.0437;-0.0117;-0.0000;0.0000;0.1969;10205
632.0;0.5105;0.5000;0.2761;0.0000;58;54;-0.0147;-0.0275;-0.0437;-0.0117;-0.0000;0.0000;0.1969;10205
632.5;0.5101;0.5000;0.2651;0.0000;58;54;-0.0147;-0.0261;-0.0437;-0.0117;-0.0000;0.0000;0.1969;10205
633.0;0.5096;0.5000;0.2692;0.0000;58;54;-0.0147;-0.0246;-0.0437;-0.0117;-0.0000;0.0000;0.1969;10205
633.5;0.5092;0.5000;0.2610;0.0000;58;54;-0.0147;-0.0231;-0.0437;-0.0117;-0.0000;0.0000;0.1969;10205
634.0;0.5092;0.5000;0.2582;0.0000;58;54;0.0635;-0.0246;-0.0437;-0.0117;-0.0000;0.0000;0.1969;10205
634.5;0.5092;0.5000;0.2212;0.0000;58;54;-0.0147;-0.0246;-0.0437;-0.0098;-0.0000;0.0000;0.1969;10154
635.0;0.5087;0.5000;0.1593;0.0000;58;56;-0.0147;-0.0231;-0.0437;-0.0068;-0.0000;0.0000;0.1969;10154
635.5;0.5087;0.5000;0.1909;0.0000;58;54;-0.0147;-0.0231;-0.0437;-0.0088;-0.0000;0.0000;0.1969;10205
636.0;0.5082;0.5000;0.1484;0.0000;58;56;-0.0147;-0.0217;-0.0437;-0.0068;-0.0000;0.0000;0.1969;10154
636.5;0.5078;0.5000;0.2033;0.0000;58;56;-0.0147;-0.0202;-0.0437;-0.0088;-0.0000;0.0000;0.1969;10205
637.0;0.5073;0.5000;0.1648;0.0000;58;56;-0.0147;-0.0188;-0.0437;-0.0078;-0.0000;0.0000;0.1969;10154
637.5;0.5069;0.5000;0.1305;0.0000;58;56;-0.0049;-0.0173;-0.0437;-0.0059;-0.0000;0.0000;0.1969;10154
638.0;0.5060;0.5000;0.0783;0.0000;58;58;0.0733;-0.0173;-0.0437;-0.0039;-0.0000;0.0000;0.1969;10205
638.5;0.5050;0.5000;0.0783;0.0000;58;58;-0.0929;-0.0129;-0.0437;-0.0039;-0.0000;0.0000;0.1969;10154
639.0;0.5046;0.5000;0.1291;0.0000;60;58;0.0733;-0.0129;-0.0437;-0.0059;-0.0000;0.0000;0.1969;10154
639.5;0.5041;0.5000;0.1277;0.0000;60;58;-0.0049;-0.0114;-0.0437;-0.0059;-0.0000;0.0000;0.1969;10154
640.0;0.5041;0.5000;0.1593;0.0000;60;58;-0.0147;-0.0114;-0.0437;-0.0068;-0.0000;0.0000;0.1969;10154
640.5;0.5037;0.5000;0.1360;0.0000;60;58;-0.0049;-0.0100;-0.0451;-0.0059;-0.0000;0.0000;0.1969;10154
641.0;0.5032;0.5000;0.1484;0.0000;60;58;-0.0147;-0.0085;-0.0451;-0.0068;-0.0000;0.0000;0.1969;10205
641.5;0.5027;0.5000;0.1058;0.0000;60;58;-0.0049;-0.0070;-0.0451;-0.0049;-0.0000;0.0000;0.1969;10154
642.0;0.5023;0.5000;0.1346;0.0000;62;58;-0.0049;-0.0070;-0.0451;-0.0059;-0.0000;0.0000;0.1969;10154
642.5;0.5018;0.5000;0.1071;0.0000;60;58;-0.0049;-0.0056;-0.0451;-0.0049;-0.0000;0.0000;0.1969;10154
643.0;0.5014;0.5000;0.1016;0.0000;62;60;-0.0049;-0.0041;-0.0451;-0.0049;-0.0000;0.0000;0.1969;10154
643.5;0.5009;0.5000;0.0920;0.0000;62;60;-0.0049;-0.0041;-0.0451;-0.0049;-0.0000;0.0000;0.1969;10154
644.0;0.5000;0.5000;0.1058;0.0000;62;60;0.0733;-0.0012;-0.0451;-0.0049;-0.0000;0.0000;0.1969;10154
644.5;0.4991;0.5000;0.1429;0.0000;62;60;-0.0147;0.0018;-0.0451;-0.0068;-0.0000;0.0000;0.1969;10154
645.0;0.4982;0.5000;0.0810;0.0000;62;62;-0.0049;0.0032;-0.0451;-0.0039;-0.0000;0.0000;0.1969;10154
645.5;0.4977;0.5000;0.0975;0.0000;62;62;-0.0049;0.0047;-0.0451;-0.0049;-0.0000;0.0000;0.1969;10154
646.0;0.4973;0.5000;0.0591;0.0000;62;62;-0.0049;0.0062;-0.0451;-0.0029;-0.0000;0.0000;0.1969;10154
646.5;0.4977;0.5000;0.1140;0.0000;64;62;0.0733;0.0047;-0.0451;-0.0049;-0.0000;0.0000;0.1969;10154
647.0;0.4977;0.5000;0.1168;0.0000;64;62;-0.0049;0.0047;-0.0451;-0.0059;-0.0000;0.0000;0.1969;10154
647.5;0.4977;0.5000;0.1896;0.0000;64;62;-0.0147;0.0047;-0.0451;-0.0088;-0.0000;0.0000;0.1969;10154
648.0;0.4977;0.5000;0.1552;0.0000;64;62;-0.0147;0.0047;-0.0437;-0.0068;-0.0000;0.0000;0.1969;10154
648.5;0.4973;0.5000;0.1016;0.0000;64;62;-0.0049;0.0047;-0.0437;-0.0049;-0.0000;0.0000;0.1969;10154
649.0;0.4973;0.5000;0.1181;0.0000;64;62;-0.0049;0.0062;-0.0437;-0.0059;-0.0000;0.0000;0.1969;10154
649.5;0.4968;0.5000;0.0865;0.0000;64;62;-0.0049;0.0062;-0.0437;-0.0039;-0.0000;0.0000;0.1969;10154
650.0;0.4968;0.5000;0.1250;0.0000;64;62;-0.0049;0.0076;-0.0437;-0.0059;-0.0000;0.0000;0.1969;10154
650.5;0.4973;0.5000;0.1003;0.0000;64;62;-0.0049;0.0062;-0.0437;-0.0049;-0.0000;0.0000;0.1969;10154
651.0;0.4973;0.5000;0.1415;0.0000;64;62;-0.0049;0.0047;-0.0437;-0.0068;-0.0000;0.0000;0.1969;10154
651.5;0.4977;0.5000;0.1099;0.0000;64;62;-0.0049;0.0047;-0.0437;-0.0049;-0.0000;0.0000;0.1969;10103
652.0;0.4973;0.5000;0.1305;0.0000;64;62;-0.0049;0.0047;-0.0437;-0.0059;-0.0000;0.0000;0.1969;10154
652.5;0.4973;0.5000;0.1181;0.0000;64;62;-0.0049;0.0062;-0.0437;-0.0059;-0.0000;0.0000;0.1969;10154
653.0;0.4986;0.5000;0.1277;0.0000;64;62;-0.0049;0.0018;-0.0437;-0.0059;-0.0000;0.0000;0.1969;10154
653.5;0.4995;0.5000;0.1264;0.0000;64;62;-0.0049;0.0003;-0.0437;-0.0059;-0.0000;0.0000;0.1969;10154
654.0;0.4995;0.5000;0.0920;0.0000;62;62;-0.0049;-0.0012;-0.0437;-0.0049;-0.0000;0.0000;0.1969;10154
654.5;0.5000;0.5000;0.1676;0.0000;64;60;-0.0147;-0.0012;-0.0437;-0.0078;-0.0000;0.0000;0.1969;10154
655.0;0.5000;0.5000;0.1662;0.0000;64;60;-0.0147;-0.0012;-0.0437;-0.0078;-0.0000;0.0000;0.1969;10154
655.5;0.5000;0.5000;0.2115;0.0000;64;60;-0.0147;-0.0012;-0.0437;-0.0098;-0.0000;0.0000;0.1969;10154
656.0;0.4995;0.5000;0.1580;0.0000;64;60;-0.0147;-0.0012;-0.0437;-0.0068;-0.0000;0.0000;0.1969;10154
656.5;0.4995;0.5000;0.1319;0.0000;64;60;-0.0049;0.0003;-0.0437;-0.0059;-0.0000;0.0000;0.1969;10154
657.0;0.5000;0.5000;0.0893;0.0000;64;60;-0.0929;-0.0012;-0.0437;-0.0039;-0.0000;0.0000;0.1969;10154
657.5;0.5000;0.5000;0.1209;0.0000;64;60;-0.0049;-0.0012;-0.0437;-0.0059;-0.0000;0.0000;0.1969;10154
658.0;0.5000;0.5000;0.1868;0.0000;64;60;-0.0147;-0.0012;-0.0437;-0.0088;-0.0000;0.0000;0.1969;10154
658.5;0.5000;0.5000;0.2321;0.0000;64;60;-0.0147;-0.0012;-0.0437;-0.0108;-0.0000;0.0000;0.1969;10154
659.0;0.5000;0.5000;0.2610;0.0000;64;58;-0.0147;-0.0012;-0.0437;-0.0117;-0.0000;0.0000;0.1969;10154
659.5;0.5000;0.5000;0.1841;0.0000;64;60;0.0733;-0.0012;-0.0437;-0.0078;-0.0000;0.0000;0.1969;10154
660.0;0.5014;0.5000;0.1799;0.0000;64;60;-0.0929;-0.0041;-0.0437;-0.0078;-0.0000;0.0000;0.1969;10154
660.5;0.5018;0.5000;0.1099;0.0000;62;60;-0.0049;-0.0056;-0.0437;-0.0049;-0.0000;0.0000;0.1969;10154
661.0;0.5023;0.5000;0.1484;0.0000;62;60;-0.0147;-0.0070;-0.0437;-0.0068;-0.0000;0.0000;0.1969;10154
661.5;0.5018;0.5000;0.1126;0.0000;62;60;-0.0049;-0.0070;-0.0437;-0.0049;-0.0000;0.0000;0.1969;10154
662.0;0.5018;0.5000;0.1360;0.0000;62;60;-0.0049;-0.0056;-0.0437;-0.0059;-0.0000;0.0000;0.1969;10154
662.5;0.5018;0.5000;0.1168;0.0000;62;60;-0.0049;-0.0056;-0.0437;-0.0059;-0.0000;0.0000;0.1969;10154
663.0;0.5023;0.5000;0.1305;0.0000;62;60;0.0733;-0.0070;-0.0437;-0.0059;-0.0000;0.0000;0.1969;10154
663.5;0.5023;0.5000;0.1360;0.0000;62;60;-0.0049;-0.0070;-0.0437;-0.0059;-0.0000;0.0000;0.1969;10154
664.0;0.5023;0.5000;0.0426;0.0000;60;60;-0.0049;-0.0070;-0.0437;-0.0020;-0.0000;0.0000;0.1969;10154
664.5;0.5023;0.5000;0.0618;0.0000;60;60;-0.0049;-0.0070;-0.0437;-0.0029;-0.0000;0.0000;0.1969;10154
665.0;0.5027;0.5000;0.0275;0.0000;60;60;-0.0831;-0.0085;-0.0451;-0.0020;-0.0000;0.0000;0.1969;10154
665.5;0.5023;0.5000;0.1250;0.0000;62;60;0.0733;-0.0070;-0.0451;-0.0059;-0.0000;0.0000;0.1969;10154
666.0;0.5023;0.5000;0.1016;0.0000;62;60;-0.0929;-0.0070;-0.0451;-0.0049;-0.0000;0.0000;0.1969;10154
666.5;0.5023;0.5000;0.1580;0.0000;62;58;0.0733;-0.0070;-0.0451;-0.0068;-0.0000;0.0000;0.1969;10154
667.0;0.5018;0.5000;0.0934;0.0000;62;58;-0.0049;-0.0056;-0.0451;-0.0049;-0.0000;0.0000;0.1969;10154
667.5;0.5009;0.5000;0.0220;0.0000;62;60;-0.0049;-0.0041;-0.0451;-0.0010;-0.0000;0.0000;0.1969;10154
668.0;0.5005;0.5000;-0.0179;0.0000;62;60;-0.0049;-0.0026;-0.0451;-0.0000;-0.0000;0.0000;0.1969;10154
668.5;0.5005;0.5000;-0.0014;0.0000;62;60;-0.0831;-0.0026;-0.0451;-0.0000;-0.0000;0.0000;0.1969;10154
669.0;0.5005;0.5000;0.0797;0.0000;62;60;-0.0049;-0.0026;-0.0451;-0.0039;-0.0000;0.0000;0.1969;10154
669.5;0.5005;0.5000;0.0234;0.0000;62;60;-0.0049;-0.0026;-0.0451;-0.0020;-0.0000;0.0000;0.1969;10154
670.0;0.5005;0.5000;0.0687;0.0000;62;60;-0.0049;-0.0026;-0.0451;-0.0039;-0.0000;0.0000;0.1969;10154
670.5;0.5000;0.5000;-0.0151;0.0000;62;60;-0.0049;-0.0012;-0.0451;-0.0000;-0.0000;0.0000;0.1969;10154
671.0;0.4995;0.5000;0.0412;0.0000;62;60;-0.0049;0.0003;-0.0451;-0.0020;-0.0000;0.0000;0.1969;10154
671.5;0.4995;0.5000;0.0261;0.0000;62;62;-0.0049;0.0003;-0.0451;-0.0020;-0.0000;0.0000;0.1969;10154
672.0;0.4991;0.5000;0.0522;0.0000;62;60;-0.0049;0.0018;-0.0451;-0.0029;-0.0000;0.0000;0.1969;10154
672.5;0.4986;0.5000;0.0041;0.0000;62;62;-0.0049;0.0018;-0.0451;-0.0010;-0.0000;0.0000;0.1969;10154
673.0;0.4982;0.5000;-0.0192;0.0000;62;62;-0.0049;0.0032;-0.0451;-0.0000;-0.0000;0.0000;0.1969;10154
673.5;0.4982;0.5000;-0.0522;0.0000;62;62;-0.0049;0.0032;-0.0451;0.0020;-0.0000;0.0000;0.1969;10154
674.0;0.4977;0.5000;-0.0440;0.0000;62;62;0.0733;0.0047;-0.0451;0.0010;-0.0000;0.0000;0.1969;10154
674.5;0.4977;0.5000;0.0137;0.0000;64;62;-0.0049;0.0047;-0.0451;-0.0010;-0.0000;0.0000;0.1969;10154
675.0;0.4973;0.5000;-0.0357;0.0000;62;64;-0.0049;0.0062;-0.0451;0.0010;-0.0000;0.0000;0.1969;10154
675.5;0.4968;0.5000;0.0151;0.0000;64;62;-0.0049;0.0062;-0.0451;-0.0010;-0.0000;0.0000;0.1969;10103
676.0;0.4968;0.5000;-0.0426;0.0000;64;64;-0.0049;0.0076;-0.0437;0.0010;-0.0000;0.0000;0.1969;10154
676.5;0.4963;0.5000;0.0371;0.0000;64;62;-0.0049;0.0076;-0.0437;-0.0020;-0.0000;0.0000;0.1969;10154
677.0;0.4959;0.5000;0.0549;0.0000;64;62;-0.0049;0.0091;-0.0437;-0.0029;-0.0000;0.0000;0.1969;10154
677.5;0.4959;0.5000;0.1016;0.0000;64;62;-0.0049;0.0091;-0.0437;-0.0049;-0.0000;0.0000;0.1969;10154
678.0;0.4954;0.5000;0.0701;0.0000;64;64;-0.0049;0.0105;-0.0437;-0.0039;-0.0000;0.0000;0.1969;10154
678.5;0.4954;0.5000;0.0110;0.0000;64;64;-0.0049;0.0105;-0.0437;-0.0010;-0.0000;0.0000;0.1969;10154
679.0;0.4950;0.5000;0.0591;0.0000;64;64;-0.0049;0.0105;-0.0437;-0.0029;-0.0000;0.0000;0.1969;10154
679.5;0.4950;0.5000;0.0220;0.0000;64;64;-0.0049;0.0120;-0.0437;-0.0010;-0.0000;0.0000;0.1969;10154
680.0;0.4945;0.5000;0.0783;0.0000;65;64;-0.0049;0.0120;-0.0437;-0.0039;-0.0000;0.0000;0.1969;10154
680.5;0.4945;0.5000;0.0398;0.0000;65;64;-0.0049;0.0135;-0.0437;-0.0020;-0.0000;0.0000;0.1969;10154
681.0;0.4940;0.5000;0.0852;0.0000;65;64;-0.0049;0.0135;-0.0437;-0.0039;-0.0000;0.0000;0.1969;10103
681.5;0.4940;0.5000;0.0398;0.0000;65;64;-0.0049;0.0135;-0.0437;-0.0020;-0.0000;0.0000;0.1969;10154
682.0;0.4945;0.5000;0.0673;0.0000;65;64;-0.0929;0.0135;-0.0437;-0.0029;-0.0000;0.0000;0.1969;10154
682.5;0.4945;0.5000;0.0536;0.0000;65;64;-0.0049;0.0120;-0.0437;-0.0029;-0.0000;0.0000;0.1969;10103
683.0;0.4950;0.5000;0.0687;0.0000;65;64;-0.0049;0.0120;-0.0437;-0.0039;-0.0000;0.0000;0.1969;10154
683.5;0.4940;0.5000;0.0316;0.0000;65;64;-0.0049;0.0135;-0.0437;-0.0020;-0.0000;0.0000;0.1969;10154
684.0;0.4927;0.5000;-0.0385;0.0000;65;64;-0.0049;0.0164;-0.0437;0.0010;-0.0000;0.0000;0.1969;10154
684.5;0.4918;0.5000;0.0508;0.0000;67;64;-0.0049;0.0193;-0.0437;-0.0029;-0.0000;0.0000;0.1969;10154
685.0;0.4913;0.5000;0.0000;0.0000;67;65;-0.0049;0.0208;-0.0437;-0.0010;-0.0000;0.0000;0.1969;10103
685.5;0.4908;0.5000;0.0687;0.0000;67;65;-0.0049;0.0223;-0.0437;-0.0029;-0.0000;0.0000;0.1969;10103
686.0;0.4904;0.5000;-0.0027;0.0000;67;65;-0.0049;0.0223;-0.0437;-0.0000;-0.0000;0.0000;0.1969;10154
686.5;0.4899;0.5000;-0.0014;0.0000;67;65;-0.0049;0.0237;-0.0437;-0.0000;-0.0000;0.0000;0.1969;10103
687.0;0.4899;0.5000;-0.0714;0.0000;67;67;-0.0049;0.0237;-0.0437;0.0029;-0.0000;0.0000;0.1969;10103
687.5;0.4890;0.5000;-0.0247;0.0000;67;67;0.0733;0.0267;-0.0422;0.0010;-0.0000;0.0000;0.1969;10154
688.0;0.4876;0.5000;0.0398;0.0000;67;67;0.0733;0.0296;-0.0422;-0.0020;-0.0000;0.0000;0.1969;10103
688.5;0.4872;0.5000;-0.0440;0.0000;67;69;0.0733;0.0296;-0.0422;0.0010;-0.0000;0.0000;0.1969;10103
689.0;0.4872;0.5000;-0.0220;0.0000;67;69;-0.0049;0.0311;-0.0422;-0.0000;-0.0000;0.0000;0.1969;10103
689.5;0.4872;0.5000;-0.1154;0.0000;67;71;-0.0049;0.0311;-0.0422;0.0039;-0.0000;0.0000;0.1969;10103
690.0;0.4872;0.5000;-0.0728;0.0000;67;69;-0.0049;0.0311;-0.0422;0.0029;-0.0000;0.0000;0.1969;10103
690.5;0.4876;0.5000;-0.1442;0.0000;67;71;0.0831;0.0296;-0.0422;0.0059;-0.0000;0.0000;0.1969;10103
691.0;0.4881;0.5000;-0.0604;0.0000;67;69;-0.0831;0.0281;-0.0422;0.0020;-0.0000;0.0000;0.1969;10103
691.5;0.4876;0.5000;-0.1071;0.0000;65;71;0.0831;0.0296;-0.0422;0.0039;-0.0000;0.0000;0.1969;10103
692.0;0.4872;0.5000;-0.0962;0.0000;67;71;-0.0049;0.0296;-0.0422;0.0039;-0.0000;0.0000;0.1969;10103
692.5;0.4863;0.5000;-0.1291;0.0000;67;71;0.0831;0.0325;-0.0422;0.0049;-0.0000;0.0000;0.1969;10103
693.0;0.4858;0.5000;-0.0907;0.0000;67;71;-0.0831;0.0340;-0.0422;0.0029;-0.0000;0.0000;0.1969;10103
693.5;0.4853;0.5000;-0.0124;0.0000;69;71;-0.0049;0.0355;-0.0407;-0.0000;-0.0000;0.0000;0.1969;10103
694.0;0.4849;0.5000;-0.0522;0.0000;69;71;-0.0049;0.0355;-0.0407;0.0020;-0.0000;0.0000;0.1969;10103
694.5;0.4849;0.5000;0.0124;0.0000;69;71;-0.0049;0.0369;-0.0407;-0.0010;-0.0000;0.0000;0.1969;10103
695.0;0.4849;0.5000;-0.0371;0.0000;69;71;-0.0049;0.0369;-0.0407;0.0010;-0.0000;0.0000;0.1969;10103
695.5;0.4844;0.5000;0.1044;0.0000;71;69;-0.0049;0.0369;-0.0407;-0.0049;-0.0000;0.0000;0.1969;10103
696.0;0.4844;0.5000;0.1099;0.0000;71;69;-0.0049;0.0369;-0.0407;-0.0049;-0.0000;0.0000;0.1969;10103
696.5;0.4849;0.5000;0.1854;0.0000;71;69;-0.0147;0.0369;-0.0407;-0.0078;-0.0000;0.0000;0.1969;10103
697.0;0.4849;0.5000;0.0962;0.0000;71;69;-0.0049;0.0369;-0.0407;-0.0049;-0.0000;0.0000;0.1969;10103
697.5;0.4853;0.5000;0.0261;0.0000;71;71;-0.0049;0.0355;-0.0407;-0.0020;-0.0000;0.0000;0.1969;10103
698.0;0.4858;0.5000;-0.0536;0.0000;69;71;-0.0049;0.0340;-0.0407;0.0020;-0.0000;0.0000;0.1969;10103
698.5;0.4863;0.5000;-0.0453;0.0000;69;71;-0.0049;0.0325;-0.0393;0.0010;-0.0000;0.0000;0.1969;10103
699.0;0.4867;0.5000;0.0481;0.0000;71;69;-0.0049;0.0325;-0.0393;-0.0029;-0.0000;0.0000;0.1969;10103
699.5;0.4867;0.5000;-0.0247;0.0000;69;71;-0.0049;0.0311;-0.0393;0.0010;-0.0000;0.0000;0.1969;10103
700.0;0.4876;0.5000;0.0536;0.0000;69;69;0.0733;0.0296;-0.0393;-0.0029;-0.0000;0.0000;0.1969;10103
700.5;0.4890;0.5000;-0.0440;0.0000;69;69;-0.0831;0.0267;-0.0393;0.0010;-0.0000;0.0000;0.1969;10103
701.0;0.4899;0.5000;0.0137;0.0000;69;69;-0.0049;0.0237;-0.0393;-0.0010;-0.0000;0.0000;0.1969;10103
701.5;0.4904;0.5000;0.0261;0.0000;69;67;-0.0049;0.0223;-0.0393;-0.0020;-0.0000;0.0000;0.1969;10103
702.0;0.4908;0.5000;0.1058;0.0000;69;67;-0.0049;0.0223;-0.0393;-0.0049;-0.0000;0.0000;0.1969;10103
702.5;0.4918;0.5000;0.0563;0.0000;67;67;0.0733;0.0193;-0.0393;-0.0029;-0.0000;0.0000;0.1969;10103
703.0;0.4922;0.5000;0.0082;0.0000;67;67;-0.0831;0.0179;-0.0393;-0.0010;-0.0000;0.0000;0.1969;10103
703.5;0.4927;0.5000;0.0563;0.0000;67;67;-0.0049;0.0179;-0.0393;-0.0029;-0.0000;0.0000;0.1969;10103
704.0;0.4927;0.5000;-0.0082;0.0000;67;67;-0.0049;0.0164;-0.0393;-0.0000;-0.0000;0.0000;0.1969;10103
704.5;0.4927;0.5000;0.0041;0.0000;67;67;-0.0049;0.0164;-0.0393;-0.0010;-0.0000;0.0000;0.1969;10103
705.0;0.4927;0.5000;-0.1264;0.0000;65;69;-0.0049;0.0164;-0.0393;0.0049;-0.0000;0.0000;0.1969;10103
705.5;0.4927;0.5000;-0.1071;0.0000;65;67;-0.0049;0.0164;-0.0393;0.0039;-0.0000;0.0000;0.1969;10103
706.0;0.4927;0.5000;-0.1731;0.0000;65;69;0.0049;0.0164;-0.0393;0.0068;-0.0000;0.0000;0.1969;10154
706.5;0.4927;0.5000;-0.0962;0.0000;65;67;-0.0049;0.0164;-0.0378;0.0039;-0.0000;0.0000;0.1969;10103
707.0;0.4927;0.5000;-0.0797;0.0000;65;67;0.0831;0.0179;-0.0378;0.0029;-0.0000;0.0000;0.1969;10154
707.5;0.4922;0.5000;-0.0069;0.0000;67;67;-0.0049;0.0179;-0.0378;-0.0000;-0.0000;0.0000;0.1969;10154
708.0;0.4931;0.5000;-0.0179;0.0000;67;67;-0.0831;0.0164;-0.0378;-0.0000;-0.0000;0.0000;0.1969;10103
708.5;0.4936;0.5000;-0.0742;0.0000;65;67;-0.0049;0.0149;-0.0378;0.0029;-0.0000;0.0000;0.1969;10103
709.0;0.4936;0.5000;-0.0110;0.0000;67;67;-0.0049;0.0149;-0.0378;-0.0000;-0.0000;0.0000;0.1969;10103
709.5;0.4945;0.5000;-0.0371;0.0000;67;65;-0.0831;0.0135;-0.0378;0.0010;-0.0000;0.0000;0.1969;10103
710.0;0.4950;0.5000;0.0275;0.0000;67;65;-0.0049;0.0120;-0.0378;-0.0020;-0.0000;0.0000;0.1969;10154
710.5;0.4950;0.5000;-0.0096;0.0000;65;65;-0.0049;0.0105;-0.0378;-0.0000;-0.0000;0.0000;0.1969;10103
711.0;0.4959;0.5000;-0.0343;0.0000;65;65;-0.0049;0.0091;-0.0378;0.0010;-0.0000;0.0000;0.1969;10103
711.5;0.4963;0.5000;-0.1044;0.0000;64;65;-0.0049;0.0076;-0.0378;0.0039;-0.0000;0.0000;0.1969;10154
712.0;0.4968;0.5000;-0.1277;0.0000;64;65;-0.0049;0.0062;-0.0378;0.0049;-0.0000;0.0000;0.1969;10103
712.5;0.4982;0.5000;-0.1415;0.0000;64;65;0.0049;0.0032;-0.0378;0.0059;-0.0000;0.0000;0.1969;10103
713.0;0.4995;0.5000;-0.1484;0.0000;64;65;0.0049;0.0003;-0.0378;0.0059;-0.0000;0.0000;0.1969;10103
713.5;0.5000;0.5000;-0.1250;0.0000;62;65;-0.0049;-0.0012;-0.0378;0.0049;-0.0000;0.0000;0.1969;10103
714.0;0.5009;0.5000;-0.1607;0.0000;62;64;0.0049;-0.0026;-0.0378;0.0059;-0.0000;0.0000;0.1969;10103
714.5;0.5014;0.5000;-0.1016;0.0000;62;64;-0.0049;-0.0056;-0.0378;0.0039;-0.0000;0.0000;0.1969;10154
715.0;0.5023;0.5000;-0.1332;0.0000;62;64;-0.0831;-0.0070;-0.0378;0.0049;-0.0000;0.0000;0.1969;10154
715.5;0.5027;0.5000;-0.0852;0.0000;62;62;-0.0049;-0.0085;-0.0378;0.0029;-0.0000;0.0000;0.1969;10154
716.0;0.5037;0.5000;-0.1016;0.0000;62;62;0.0831;-0.0114;-0.0378;0.0039;-0.0000;0.0000;0.1969;10154
716.5;0.5050;0.5000;-0.1126;0.0000;60;62;-0.0831;-0.0144;-0.0378;0.0039;-0.0000;0.0000;0.1969;10154
717.0;0.5060;0.5000;-0.1305;0.0000;60;62;-0.0049;-0.0158;-0.0378;0.0049;-0.0000;0.0000;0.1969;10154
717.5;0.5064;0.5000;-0.1003;0.0000;60;60;-0.0049;-0.0173;-0.0378;0.0039;-0.0000;0.0000;0.1969;10154
718.0;0.5069;0.5000;-0.0288;0.0000;60;60;-0.0831;-0.0188;-0.0378;0.0010;-0.0000;0.0000;0.1969;10154
718.5;0.5073;0.5000;-0.0852;0.0000;60;60;-0.0049;-0.0188;-0.0378;0.0029;-0.0000;0.0000;0.1969;10154
719.0;0.5073;0.5000;-0.0577;0.0000;60;60;-0.0049;-0.0202;-0.0378;0.0020;-0.0000;0.0000;0.1969;10154
719.5;0.5073;0.5000;-0.1332;0.0000;58;60;-0.0049;-0.0188;-0.0378;0.0049;-0.0000;0.0000;0.1969;10154
720.0;0.5069;0.5000;-0.1099;0.0000;58;60;-0.0049;-0.0188;-0.0393;0.0039;-0.0000;0.0000;0.1969;10154
720.5;0.5073;0.5000;-0.0975;0.0000;60;60;-0.0831;-0.0202;-0.0393;0.0039;-0.0000;0.0000;0.1969;10154
721.0;0.5073;0.5000;-0.0467;0.0000;60;58;0.0733;-0.0202;-0.0393;0.0010;-0.0000;0.0000;0.1969;10154
721.5;0.5073;0.5000;-0.0577;0.0000;60;58;-0.0049;-0.0202;-0.0393;0.0020;-0.0000;0.0000;0.1969;10154
722.0;0.5073;0.5000;-0.1003;0.0000;58;60;-0.0049;-0.0188;-0.0393;0.0039;-0.0000;0.0000;0.1969;10154
722.5;0.5073;0.5000;-0.1250;0.0000;58;60;-0.0831;-0.0202;-0.0393;0.0049;-0.0000;0.0000;0.1969;10154
723.0;0.5078;0.5000;-0.1511;0.0000;58;60;0.0831;-0.0202;-0.0393;0.0059;-0.0000;0.0000;0.1969;10154
723.5;0.5073;0.5000;-0.0907;0.0000;58;58;-0.0049;-0.0202;-0.0393;0.0029;-0.0000;0.0000;0.1969;10154
724.0;0.5073;0.5000;-0.0907;0.0000;58;58;-0.0831;-0.0188;-0.0393;0.0029;-0.0000;0.0000;0.1969;10154
724.5;0.5069;0.5000;-0.0179;0.0000;60;58;-0.0049;-0.0188;-0.0393;-0.0000;-0.0000;0.0000;0.1969;10154
725.0;0.5064;0.5000;0.0192;0.0000;60;58;-0.0049;-0.0173;-0.0393;-0.0010;-0.0000;0.0000;0.1969;10154
725.5;0.5078;0.5000;0.0838;0.0000;60;58;-0.0049;-0.0202;-0.0393;-0.0039;-0.0000;0.0000;0.1969;10154
726.0;0.5082;0.5000;0.1319;0.0000;60;56;-0.0049;-0.0217;-0.0393;-0.0059;-0.0000;0.0000;0.1969;10154
726.5;0.5082;0.5000;0.1593;0.0000;60;56;-0.0147;-0.0217;-0.0393;-0.0068;-0.0000;0.0000;0.1969;10154
727.0;0.5082;0.5000;0.1690;0.0000;60;56;-0.0147;-0.0217;-0.0393;-0.0078;-0.0000;0.0000;0.1969;10154
727.5;0.5082;0.5000;0.1209;0.0000;60;56;-0.0049;-0.0217;-0.0393;-0.0059;-0.0000;0.0000;0.1969;10154
728.0;0.5078;0.5000;0.1607;0.0000;60;56;-0.0147;-0.0202;-0.0393;-0.0068;-0.0000;0.0000;0.1969;10154
728.5;0.5073;0.5000;0.1250;0.0000;60;56;-0.0049;-0.0202;-0.0393;-0.0059;-0.0000;0.0000;0.1969;10154
729.0;0.5078;0.5000;0.1676;0.0000;60;56;0.0733;-0.0202;-0.0393;-0.0078;-0.0000;0.0000;0.1969;10154
729.5;0.5078;0.5000;0.1676;0.0000;60;56;-0.0929;-0.0202;-0.0407;-0.0078;-0.0000;0.0000;0.1969;10154
730.0;0.5078;0.5000;0.1868;0.0000;60;56;-0.0147;-0.0202;-0.0407;-0.0088;-0.0000;0.0000;0.1969;10154
730.5;0.5073;0.5000;0.1525;0.0000;60;56;-0.0147;-0.0202;-0.0407;-0.0068;-0.0000;0.0000;0.1969;10154
731.0;0.5069;0.5000;0.1223;0.0000;60;58;-0.0049;-0.0188;-0.0407;-0.0059;-0.0000;0.0000;0.1969;10154
731.5;0.5064;0.5000;0.1538;0.0000;60;58;-0.0147;-0.0173;-0.0407;-0.0068;-0.0000;0.0000;0.1969;10154
732.0;0.5060;0.5000;0.1484;0.0000;60;58;-0.0147;-0.0158;-0.0407;-0.0068;-0.0000;0.0000;0.1969;10154
732.5;0.5064;0.5000;0.1580;0.0000;60;58;0.0733;-0.0173;-0.0407;-0.0068;-0.0000;0.0000;0.1969;10154
733.0;0.5064;0.5000;0.0962;0.0000;60;58;-0.0049;-0.0173;-0.0407;-0.0049;-0.0000;0.0000;0.1969;10154
733.5;0.5064;0.5000;0.1044;0.0000;60;58;-0.0049;-0.0173;-0.0407;-0.0049;-0.0000;0.0000;0.1969;10154
734.0;0.5069;0.5000;0.0426;0.0000;60;58;-0.0831;-0.0188;-0.0407;-0.0020;-0.0000;0.0000;0.1969;10154
734.5;0.5069;0.5000;0.0495;0.0000;60;58;-0.0049;-0.0188;-0.0407;-0.0029;-0.0000;0.0000;0.1969;10154
735.0;0.5069;0.5000;0.0330;0.0000;58;58;-0.0049;-0.0188;-0.0407;-0.0020;-0.0000;0.0000;0.1969;10154
735.5;0.5069;0.5000;0.0316;0.0000;58;58;-0.0049;-0.0188;-0.0407;-0.0020;-0.0000;0.0000;0.1969;10154
736.0;0.5064;0.5000;0.0591;0.0000;60;58;-0.0049;-0.0173;-0.0407;-0.0029;-0.0000;0.0000;0.1969;10154
736.5;0.5060;0.5000;0.0769;0.0000;60;58;-0.0049;-0.0158;-0.0407;-0.0039;-0.0000;0.0000;0.1969;10154
737.0;0.5055;0.5000;0.0989;0.0000;60;58;-0.0049;-0.0158;-0.0407;-0.0049;-0.0000;0.0000;0.1969;10154
737.5;0.5060;0.5000;0.0797;0.0000;60;58;0.0733;-0.0158;-0.0407;-0.0039;-0.0000;0.0000;0.1969;10154
738.0;0.5060;0.5000;0.0646;0.0000;60;58;-0.0049;-0.0158;-0.0407;-0.0029;-0.0000;0.0000;0.1969;10154
738.5;0.5064;0.5000;0.0412;0.0000;60;58;-0.0831;-0.0173;-0.0407;-0.0020;-0.0000;0.0000;0.1969;10154
739.0;0.5069;0.5000;0.0893;0.0000;60;58;-0.0049;-0.0188;-0.0407;-0.0039;-0.0000;0.0000;0.1969;10154
739.5;0.5069;0.5000;0.0632;0.0000;60;58;-0.0049;-0.0188;-0.0407;-0.0029;-0.0000;0.0000;0.1969;10154
740.0;0.5069;0.5000;0.0948;0.0000;60;58;-0.0049;-0.0173;-0.0407;-0.0049;-0.0000;0.0000;0.1969;10154
740.5;0.5064;0.5000;0.1030;0.0000;60;58;-0.0049;-0.0173;-0.0422;-0.0049;-0.0000;0.0000;0.1969;10154
741.0;0.5060;0.5000;0.0646;0.0000;60;58;-0.0049;-0.0158;-0.0422;-0.0029;-0.0000;0.0000;0.1969;10154
741.5;0.5055;0.5000;0.0742;0.0000;60;58;-0.0049;-0.0158;-0.0422;-0.0039;-0.0000;0.0000;0.1969;10154
742.0;0.5050;0.5000;0.0467;0.0000;60;58;-0.0049;-0.0144;-0.0422;-0.0029;-0.0000;0.0000;0.1969;10154
742.5;0.5046;0.5000;0.0907;0.0000;60;58;-0.0049;-0.0129;-0.0422;-0.0039;-0.0000;0.0000;0.1969;10154
743.0;0.5041;0.5000;0.0824;0.0000;60;58;-0.0049;-0.0114;-0.0422;-0.0039;-0.0000;0.0000;0.1969;10154
743.5;0.5037;0.5000;0.1085;0.0000;60;58;-0.0049;-0.0114;-0.0422;-0.0049;-0.0000;0.0000;0.1969;10154
744.0;0.5037;0.5000;0.0893;0.0000;60;58;-0.0049;-0.0100;-0.0422;-0.0039;-0.0000;0.0000;0.1969;10154
744.5;0.5037;0.5000;0.0810;0.0000;62;58;-0.0929;-0.0114;-0.0422;-0.0039;-0.0000;0.0000;0.1969;10154
745.0;0.5037;0.5000;0.0536;0.0000;60;58;-0.0049;-0.0114;-0.0422;-0.0029;-0.0000;0.0000;0.1969;10154
745.5;0.5037;0.5000;0.0522;0.0000;60;60;-0.0049;-0.0100;-0.0422;-0.0029;-0.0000;0.0000;0.1969;10154
746.0;0.5037;0.5000;0.0824;0.0000;62;58;-0.0049;-0.0100;-0.0422;-0.0039;-0.0000;0.0000;0.1969;10154
746.5;0.5032;0.5000;0.0536;0.0000;60;60;-0.0049;-0.0100;-0.0422;-0.0029;-0.0000;0.0000;0.1969;10154
747.0;0.5027;0.5000;0.1003;0.0000;62;58;-0.0049;-0.0085;-0.0422;-0.0049;-0.0000;0.0000;0.1969;10154
747.5;0.5027;0.5000;0.0865;0.0000;62;60;-0.0049;-0.0070;-0.0422;-0.0039;-0.0000;0.0000;0.1969;10154
748.0;0.5023;0.5000;0.1277;0.0000;62;60;-0.0049;-0.0070;-0.0422;-0.0059;-0.0000;0.0000;0.1969;10154
748.5;0.5009;0.5000;0.1580;0.0000;64;58;-0.0147;-0.0041;-0.0422;-0.0068;-0.0000;0.0000;0.1969;10154
749.0;0.5000;0.5000;0.1799;-0.0055;69;52;-0.0147;-0.0012;-0.0422;-0.0078;-0.0000;-0.0275;0.1969;10154
749.5;0.4995;0.5000;0.1731;-0.0151;71;52;-0.0147;0.0003;-0.0422;-0.0088;-0.0000;-0.0353;0.1969;10154
750.0;0.4986;0.5000;0.1415;-0.0302;73;50;-0.0147;0.0018;-0.0422;-0.0078;-0.0000;-0.0392;0.1969;10154
750.5;0.4982;0.5000;0.1607;-0.0508;75;50;-0.0147;0.0032;-0.0422;-0.0098;-0.0000;-0.0471;0.1969;10154
751.0;0.4982;0.5000;0.1566;-0.0755;77;48;-0.0147;0.0032;-0.0422;-0.0108;-0.0000;-0.0510;0.1969;10154
751.5;0.4977;0.5000;0.1703;-0.1058;79;46;-0.0147;0.0047;-0.0422;-0.0117;-0.0000;-0.0588;0.1969;10154
752.0;0.4973;0.5000;0.1360;-0.1401;81;44;-0.0147;0.0062;-0.0422;-0.0117;-0.0000;-0.0667;0.1969;10154
752.5;0.4968;0.5000;0.1113;-0.1813;83;44;-0.0049;0.0062;-0.0422;-0.0127;-0.0000;-0.0706;0.1969;10154
753.0;0.4963;0.5000;0.0549;-0.2253;85;42;-0.0049;0.0076;-0.0422;-0.0127;-0.0000;-0.0784;0.1969;10154
753.5;0.4968;0.5000;0.0247;-0.2761;87;40;-0.0831;0.0062;-0.0422;-0.0127;-0.0000;-0.0824;0.1969;10154
754.0;0.4973;0.5000;0.0110;-0.3310;89;38;-0.0049;0.0062;-0.0422;-0.0147;-0.0000;-0.0902;0.1969;10103
754.5;0.4963;0.5000;-0.0440;-0.3901;91;36;-0.0831;0.0076;-0.0422;-0.0147;-0.0000;-0.0980;0.1969;10154
755.0;0.4959;0.5000;-0.1621;-0.4560;93;34;0.0049;0.0091;-0.0422;-0.0127;-0.0000;-0.1020;0.1969;10154
755.5;0.4963;0.5000;-0.4725;-0.5261;93;36;-0.0733;0.0076;-0.0422;-0.0029;-0.0000;-0.1098;0.1969;10103
756.0;0.4963;0.5000;-0.7596;-0.6003;91;36;0.0244;0.0076;-0.0422;0.0059;-0.0000;-0.1137;0.1969;10103
756.5;0.4963;0.5000;-1.0494;-0.6813;91;36;-0.0538;0.0076;-0.0422;0.0147;-0.0000;-0.1216;0.1969;10154
757.0;0.4963;0.5000;-1.2363;-0.7651;91;36;0.0342;0.0076;-0.0422;0.0196;-0.0000;-0.1294;0.1969;10154
757.5;0.4954;0.5000;-1.4093;-0.8558;93;36;-0.0342;0.0105;-0.0422;0.0225;-0.0000;-0.1333;0.1969;10103
758.0;0.4954;0.5000;-1.5522;-0.9505;95;34;-0.0342;0.0105;-0.0422;0.0244;-0.0000;-0.1412;0.1969;10154
758.5;0.4954;0.5000;-1.6731;-1.0508;95;34;0.0538;0.0105;-0.0422;0.0254;-0.0000;-0.1490;0.1969;10103
759.0;0.4959;0.5000;-1.7665;-1.1552;97;32;-0.0244;0.0091;-0.0422;0.0254;-0.0000;-0.1529;0.1969;10154
759.5;0.4963;0.5000;-1.8242;-1.2651;101;28;-0.1026;0.0076;-0.0422;0.0225;-0.0000;-0.1608;0.1969;10103
760.0;0.4963;0.5000;-1.9629;-1.3805;101;26;-0.0147;0.0076;-0.0422;0.0244;-0.0000;-0.1686;0.1969;10103
760.5;0.4959;0.5000;-2.0137;-1.5000;103;24;-0.0147;0.0091;-0.0422;0.0215;-0.0000;-0.1725;0.1969;10103
761.0;0.4959;0.5000;-2.1951;-1.6250;105;24;-0.0049;0.0091;-0.0407;0.0235;-0.0000;-0.1804;0.1969;10103
761.5;0.4968;0.5000;-2.3365;-1.7555;107;22;-0.0049;0.0076;-0.0407;0.0235;-0.0000;-0.1882;0.1969;10103
762.0;0.4973;0.5000;-2.5096;-1.8901;109;21;-0.0831;0.0062;-0.0407;0.0254;-0.0000;-0.1961;0.1969;10103
762.5;0.4982;0.5000;-2.6250;-2.0302;110;19;0.0049;0.0032;-0.0407;0.0244;-0.0000;-0.2000;0.1969;10103
763.0;0.4986;0.5000;-2.8201;-2.1758;110;17;-0.0733;0.0018;-0.0407;0.0264;-0.0000;-0.2078;0.1969;10103
763.5;0.4995;0.5000;-3.0907;-2.3255;110;15;0.0244;0.0003;-0.0407;0.0313;-0.0000;-0.2157;0.1969;10103
764.0;0.5009;0.5000;-3.2885;-2.4808;112;13;0.0244;-0.0041;-0.0407;0.0332;-0.0000;-0.2235;0.1969;10103
764.5;0.5018;0.5000;-3.4945;-2.6401;112;11;-0.0440;-0.0056;-0.0407;0.0352;-0.0000;-0.2275;0.1969;10103
765.0;0.5023;0.5000;-3.6071;-2.8063;114;9;-0.0440;-0.0070;-0.0407;0.0332;-0.0000;-0.2353;0.1969;10103
765.5;0.5027;0.5000;-3.7184;-2.9753;118;5;0.0440;-0.0085;-0.0407;0.0303;-0.0000;-0.2431;0.1969;10051
766.0;0.5032;0.5000;-3.7747;-3.1511;120;1;-0.0342;-0.0100;-0.0407;0.0254;-0.0000;-0.2510;0.1969;10051
766.5;0.5041;0.5000;-3.9643;-3.3310;122;-1;-0.1124;-0.0114;-0.0422;0.0264;-0.0000;-0.2549;0.1969;10103
767.0;0.5055;0.5000;-4.1250;-3.5151;124;-3;0.0538;-0.0144;-0.0422;0.0254;-0.0000;-0.2627;0.1969;10051
767.5;0.5064;0.5000;-4.3063;-3.7060;124;-5;-0.0147;-0.0173;-0.0422;0.0244;-0.0000;-0.2706;0.1969;10051
768.0;0.5073;0.5000;-4.4396;-3.9011;128;-9;-0.0929;-0.0188;-0.0422;0.0225;-0.0000;-0.2784;0.1969;10051
768.5;0.5078;0.5000;-4.5783;-4.1003;130;-13;-0.0147;-0.0202;-0.0422;0.0196;-0.0000;-0.2863;0.1969;10051
769.0;0.5087;0.5000;-4.7527;-4.3008;132;-13;-0.0831;-0.0231;-0.0422;0.0186;-0.0000;-0.2863;0.1969;10051
769.5;0.5092;0.5000;-4.8558;-4.5000;132;-15;-0.0733;-0.0246;-0.0422;0.0147;-0.0000;-0.2863;0.1969;10051
770.0;0.5101;0.5000;-5.0453;-4.7005;132;-17;-0.0733;-0.0261;-0.0422;0.0137;-0.0000;-0.2902;0.1969;10051
770.5;0.5105;0.5000;-5.1690;-4.9011;134;-19;0.0147;-0.0275;-0.0422;0.0108;-0.0000;-0.2902;0.1969;10051
771.0;0.5114;0.5000;-5.3970;-5.1003;134;-19;-0.0635;-0.0290;-0.0422;0.0117;-0.0000;-0.2902;0.1969;10051
771.5;0.5124;0.5000;-5.5275;-5.3008;134;-21;-0.0538;-0.0319;-0.0422;0.0088;-0.0000;-0.2902;0.1969;10051
772.0;0.5128;0.5000;-5.7184;-5.5000;134;-22;-0.1320;-0.0334;-0.0422;0.0088;-0.0000;-0.2941;0.1969;10051
772.5;0.5137;0.5000;-5.8640;-5.7005;136;-24;-0.0342;-0.0349;-0.0422;0.0059;-0.0000;-0.2941;0.1969;10051
773.0;0.5147;0.5000;-5.9574;-5.9011;136;-26;-0.0440;-0.0378;-0.0422;0.0020;-0.0000;-0.2941;0.1969;10000
773.5;0.5151;0.5000;-6.1071;-6.1003;138;-28;-0.1124;-0.0393;-0.0437;-0.0000;-0.0000;-0.2980;0.1969;10051
774.0;0.5160;0.5000;-6.2651;-6.3008;138;-28;-0.1124;-0.0422;-0.0437;-0.0020;-0.0000;-0.2980;0.1969;10051
774.5;0.5169;0.5000;-6.4849;-6.5000;138;-30;-0.0147;-0.0437;-0.0437;-0.0010;-0.0000;-0.2980;0.1969;10051
775.0;0.5183;0.5000;-6.6896;-6.7005;138;-30;-0.0147;-0.0466;-0.0437;-0.0010;-0.0000;-0.2980;0.1969;10051
775.5;0.5206;0.5000;-6.9080;-6.9011;138;-32;-0.0929;-0.0524;-0.0437;-0.0000;-0.0000;-0.3020;0.1969;10051
776.0;0.5215;0.5000;-7.0398;-7.1003;138;-34;-0.0831;-0.0554;-0.0437;-0.0029;-0.0000;-0.3020;0.1969;10051
776.5;0.5238;0.5000;-7.1841;-7.2953;136;-34;-0.0831;-0.0598;-0.0437;-0.0049;-0.0000;-0.2980;0.1969;10051
777.0;0.5247;0.5000;-7.3228;-7.4863;136;-36;-0.0635;-0.0627;-0.0451;-0.0078;-0.0000;-0.2902;0.1969;10051
777.5;0.5266;0.5000;-7.4849;-7.6703;134;-36;-0.0733;-0.0671;-0.0451;-0.0078;-0.0000;-0.2863;0.1969;10051
778.0;0.5284;0.5000;-7.6360;-7.8503;132;-36;-0.2297;-0.0715;-0.0451;-0.0098;-0.0000;-0.2824;0.1969;10051
778.5;0.5298;0.5000;-7.8654;-8.0261;128;-36;0.0244;-0.0759;-0.0451;-0.0068;-0.0000;-0.2784;0.1969;10000
779.0;0.5311;0.5000;-8.0110;-8.1951;128;-36;-0.0440;-0.0788;-0.0451;-0.0078;-0.0000;-0.2706;0.1969;10051
779.5;0.5334;0.5000;-8.2321;-8.3613;126;-36;-0.2102;-0.0847;-0.0466;-0.0059;-0.0000;-0.2667;0.1969;10051
780.0;0.5357;0.5000;-8.4231;-8.5206;124;-36;-0.0440;-0.0905;-0.0466;-0.0049;-0.0000;-0.2627;0.1969;10000
780.5;0.5371;0.5000;-8.5316;-8.6758;120;-36;-0.0342;-0.0935;-0.0466;-0.0068;-0.0000;-0.2549;0.1969;10103
781.0;0.5385;0.5000;-8.6813;-8.8255;118;-36;-0.1026;-0.0979;-0.0466;-0.0068;-0.0000;-0.2510;0.1969;10051
781.5;0.5394;0.5000;-8.8201;-8.9712;116;-36;-0.1026;-0.1008;-0.0481;-0.0068;-0.0000;-0.2471;0.1969;10051
782.0;0.5417;0.5000;-9.0783;-9.1113;114;-34;-0.0147;-0.1052;-0.0481;-0.0020;-0.0000;-0.2392;0.1969;10103
782.5;0.5430;0.5000;-9.2157;-9.2459;112;-36;-0.0929;-0.1096;-0.0481;-0.0020;-0.0000;-0.2353;0.1969;10051
783.0;0.5444;0.5000;-9.4437;-9.3750;109;-34;-0.0733;-0.1125;-0.0481;0.0020;-0.0000;-0.2314;0.1969;10103
783.5;0.5444;0.5000;-9.4931;-9.5000;107;-34;0.0147;-0.1125;-0.0495;-0.0010;-0.0000;-0.2235;0.1969;10103
784.0;0.5458;0.5000;-9.5701;-9.6209;107;-34;-0.0049;-0.1154;-0.0495;-0.0029;-0.0000;-0.2196;0.1969;10103
784.5;0.5462;0.5000;-9.7390;-9.7363;103;-32;0.0049;-0.1169;-0.0495;-0.0000;-0.0000;-0.2157;0.1969;10103
785.0;0.5467;0.5000;-9.8146;-9.8462;103;-32;-0.0635;-0.1184;-0.0510;-0.0020;-0.0000;-0.2078;0.1969;10103
785.5;0.5481;0.5000;-9.9286;-9.9505;101;-32;0.0147;-0.1213;-0.0510;-0.0010;-0.0000;-0.2039;0.1969;10103
786.0;0.5490;0.5000;-9.8874;-10.0508;99;-32;-0.1320;-0.1242;-0.0510;-0.0078;-0.0000;-0.2000;0.1969;10103
786.5;0.5504;0.5000;-9.9670;-10.1456;99;-32;-0.0733;-0.1272;-0.0524;-0.0078;-0.0000;-0.1922;0.1969;10103
787.0;0.5513;0.5000;-9.8915;-10.2363;99;-34;-0.0635;-0.1286;-0.0524;-0.0147;-0.0000;-0.1882;0.1969;10103
787.5;0.5527;0.5000;-9.9588;-10.3201;97;-34;-0.1417;-0.1330;-0.0524;-0.0156;-0.0000;-0.1804;0.1969;10103
788.0;0.5540;0.5000;-9.9409;-10.4011;95;-34;-0.0635;-0.1360;-0.0539;-0.0196;-0.0000;-0.1765;0.1969;10103
788.5;0.5554;0.5000;-10.0275;-10.4753;93;-34;-0.1417;-0.1403;-0.0539;-0.0196;-0.0000;-0.1725;0.1969;10103
789.0;0.5563;0.5000;-10.0467;-10.5453;91;-34;-0.0635;-0.1418;-0.0554;-0.0215;-0.0000;-0.1647;0.1969;10154
789.5;0.5568;0.5000;-10.1071;-10.6113;91;-34;-0.0538;-0.1433;-0.0554;-0.0215;-0.0000;-0.1608;0.1969;10103
790.0;0.5572;0.5000;-10.3159;-10.6703;87;-32;0.0342;-0.1447;-0.0554;-0.0156;-0.0000;-0.1529;0.1969;10103
790.5;0.5582;0.5000;-10.3338;-10.7253;85;-30;-0.0440;-0.1462;-0.0568;-0.0166;-0.0000;-0.1490;0.1969;10103
791.0;0.5586;0.5000;-10.4712;-10.7761;81;-30;-0.0440;-0.1477;-0.0568;-0.0137;-0.0000;-0.1412;0.1969;10103
791.5;0.5591;0.5000;-10.3860;-10.8201;81;-30;-0.0538;-0.1491;-0.0583;-0.0186;-0.0000;-0.1373;0.1969;10154
792.0;0.5595;0.5000;-10.4464;-10.8613;79;-28;-0.0440;-0.1491;-0.0583;-0.0176;-0.0000;-0.1294;0.1969;10154
792.5;0.5600;0.5000;-10.3736;-10.8956;79;-28;-0.0440;-0.1506;-0.0583;-0.0225;-0.0000;-0.1255;0.1969;10154
793.0;0.5600;0.5000;-10.4602;-10.9258;75;-26;-0.0440;-0.1521;-0.0598;-0.0196;-0.0000;-0.1176;0.1969;10154
793.5;0.5604;0.5000;-10.4945;-10.9505;73;-26;-0.0538;-0.1535;-0.0598;-0.0196;-0.0000;-0.1137;0.1969;10154
794.0;0.5609;0.5000;-10.5371;-10.9712;71;-24;-0.0440;-0.1535;-0.0612;-0.0186;-0.0000;-0.1059;0.1969;10154
794.5;0.5609;0.5000;-10.4794;-10.9863;71;-24;0.0342;-0.1535;-0.0612;-0.0215;-0.0000;-0.1020;0.1969;10154
795.0;0.5600;0.5000;-10.3365;-10.9959;71;-24;0.0342;-0.1506;-0.0612;-0.0283;-0.0000;-0.0941;0.1969;10154
795.5;0.5595;0.5000;-10.4533;-11.0000;67;-22;-0.0538;-0.1491;-0.0627;-0.0235;-0.0000;-0.0902;0.1969;10154
796.0;0.5595;0.5000;-10.3681;-11.0000;67;-21;-0.0538;-0.1491;-0.0627;-0.0274;-0.0000;-0.0824;0.1969;10154
796.5;0.5591;0.5000;-10.5082;-11.0000;65;-21;-0.0342;-0.1491;-0.0642;-0.0215;-0.0000;-0.0824;0.1969;10154
797.0;0.5595;0.5000;-10.4437;-11.0000;67;-21;-0.0538;-0.1506;-0.0642;-0.0235;-0.0000;-0.0824;0.1969;10154
797.5;0.5595;0.5000;-10.4396;-11.0000;67;-21;-0.0342;-0.1506;-0.0642;-0.0244;-0.0000;-0.0824;0.1969;10154
798.0;0.5600;0.5000;-10.3352;-11.0000;67;-22;-0.1417;-0.1506;-0.0656;-0.0283;-0.0000;-0.0824;0.1969;10154
798.5;0.5595;0.5000;-10.3489;-11.0000;67;-22;0.0342;-0.1506;-0.0656;-0.0274;-0.0000;-0.0824;0.1969;10205
799.0;0.5600;0.5000;-10.3736;-11.0000;65;-22;0.0342;-0.1521;-0.0671;-0.0264;-0.0000;-0.0824;0.1969;10205
799.5;0.5604;0.5000;-10.1717;-11.0000;67;-24;-0.0440;-0.1535;-0.0671;-0.0352;-0.0000;-0.0824;0.1969;10205
800.0;0.5609;0.5000;-10.1937;-11.0000;67;-24;-0.0635;-0.1535;-0.0686;-0.0342;-0.0000;-0.0824;0.1969;10154
800.5;0.5609;0.5000;-10.0440;-11.0000;67;-26;0.0147;-0.1535;-0.0686;-0.0411;-0.0000;-0.0824;0.1969;10154
801.0;0.5609;0.5000;-10.1442;-11.0000;67;-24;-0.0538;-0.1535;-0.0686;-0.0362;-0.0000;-0.0824;0.1969;10154
801.5;0.5600;0.5000;-9.9863;-11.0000;69;-26;0.0147;-0.1521;-0.0700;-0.0430;-0.0000;-0.0824;0.1969;10154
802.0;0.5595;0.5000;-10.0838;-11.0000;67;-26;-0.0538;-0.1506;-0.0700;-0.0391;-0.0000;-0.0824;0.1969;10154
802.5;0.5582;0.5000;-9.9492;-11.0000;69;-26;-0.0733;-0.1462;-0.0715;-0.0450;-0.0000;-0.0824;0.1969;10154
803.0;0.5572;0.5000;-9.8640;-11.0000;71;-28;-0.0635;-0.1447;-0.0715;-0.0479;-0.0000;-0.0824;0.1969;10154
803.5;0.5559;0.5000;-9.7775;-11.0000;71;-28;0.0147;-0.1403;-0.0715;-0.0518;-0.0000;-0.0824;0.1969;10154
804.0;0.5545;0.5000;-9.7871;-11.0000;71;-26;0.0147;-0.1374;-0.0730;-0.0518;-0.0000;-0.0824;0.1969;10154
804.5;0.5531;0.5000;-9.9203;-11.0000;71;-24;0.0147;-0.1330;-0.0730;-0.0459;-0.0000;-0.0824;0.1969;10154
805.0;0.5513;0.5000;-9.7692;-11.0000;73;-26;0.0049;-0.1301;-0.0730;-0.0518;-0.0000;-0.0824;0.1969;10154
805.5;0.5490;0.5000;-9.8613;-11.0000;73;-22;0.1026;-0.1242;-0.0744;-0.0479;-0.0000;-0.0824;0.1969;10154
806.0;0.5476;0.5000;-9.6758;-11.0000;75;-24;-0.0831;-0.1198;-0.0744;-0.0557;-0.0000;-0.0824;0.1969;10154
806.5;0.5462;0.5000;-9.7596;-11.0000;75;-22;0.0244;-0.1169;-0.0744;-0.0528;-0.0000;-0.0824;0.1969;10154
807.0;0.5444;0.5000;-9.7294;-11.0000;75;-22;0.0049;-0.1125;-0.0759;-0.0538;-0.0000;-0.0824;0.1969;10154
807.5;0.5430;0.5000;-9.7967;-11.0000;75;-21;0.0147;-0.1096;-0.0759;-0.0508;-0.0000;-0.0824;0.1969;10154
808.0;0.5408;0.5000;-9.7143;-11.0000;77;-21;-0.0733;-0.1037;-0.0759;-0.0547;-0.0000;-0.0824;0.1969;10154
808.5;0.5394;0.5000;-9.5714;-11.0000;81;-22;-0.0635;-0.1008;-0.0774;-0.0606;-0.0000;-0.0824;0.1969;10154
809.0;0.5380;0.5000;-9.6690;-11.0000;81;-21;0.0049;-0.0964;-0.0774;-0.0567;-0.0000;-0.0824;0.1969;10154
809.5;0.5371;0.5000;-9.5453;-11.0000;81;-21;-0.0049;-0.0935;-0.0774;-0.0616;-0.0000;-0.0824;0.1969;10154
810.0;0.5357;0.5000;-9.6181;-11.0000;81;-19;0.0147;-0.0905;-0.0774;-0.0587;-0.0000;-0.0824;0.1969;10154
810.5;0.5334;0.5000;-9.4753;-11.0000;85;-21;-0.0831;-0.0847;-0.0788;-0.0645;-0.0000;-0.0824;0.1969;10154
811.0;0.5316;0.5000;-9.5783;-11.0000;83;-19;0.0147;-0.0803;-0.0788;-0.0606;-0.0000;-0.0824;0.1969;10154
811.5;0.5302;0.5000;-9.4533;-11.0000;87;-19;-0.0049;-0.0759;-0.0788;-0.0655;-0.0000;-0.0824;0.1969;10154
812.0;0.5288;0.5000;-9.5206;-11.0000;87;-17;0.0049;-0.0730;-0.0788;-0.0626;-0.0000;-0.0824;0.1969;10154
812.5;0.5275;0.5000;-9.5948;-11.0000;87;-15;0.0049;-0.0700;-0.0788;-0.0596;-0.0000;-0.0824;0.1969;10154
813.0;0.5252;0.5000;-9.6552;-11.0000;87;-15;0.0147;-0.0642;-0.0803;-0.0567;-0.0000;-0.0824;0.1969;10154
813.5;0.5229;0.5000;-9.6635;-11.0000;89;-13;-0.0733;-0.0583;-0.0803;-0.0567;-0.0000;-0.0824;0.1969;10154
814.0;0.5201;0.5000;-9.5426;-11.0000;91;-13;0.0831;-0.0510;-0.0803;-0.0616;-0.0000;-0.0824;0.1969;10154
814.5;0.5188;0.5000;-9.6690;-11.0000;91;-11;-0.0733;-0.0481;-0.0803;-0.0567;-0.0000;-0.0824;0.1969;10154
815.0;0.5165;0.5000;-9.6003;-11.0000;91;-9;0.0831;-0.0437;-0.0803;-0.0596;-0.0000;-0.0824;0.1969;10154
815.5;0.5151;0.5000;-9.7734;-11.0000;91;-7;0.0147;-0.0393;-0.0803;-0.0518;-0.0000;-0.0824;0.1969;10154
816.0;0.5147;0.5000;-9.7212;-11.0000;93;-7;-0.0733;-0.0378;-0.0803;-0.0538;-0.0000;-0.0824;0.1969;10154
816.5;0.5137;0.5000;-9.7102;-11.0000;95;-7;-0.1515;-0.0363;-0.0803;-0.0547;-0.0000;-0.0824;0.1969;10103
817.0;0.5133;0.5000;-9.6360;-11.0000;95;-7;0.0049;-0.0334;-0.0817;-0.0577;-0.0000;-0.0824;0.1969;10154
817.5;0.5128;0.5000;-9.6868;-11.0000;95;-7;-0.0635;-0.0334;-0.0817;-0.0557;-0.0000;-0.0824;0.1969;10154
818.0;0.5128;0.5000;-9.8310;-11.0000;93;-5;0.0147;-0.0334;-0.0817;-0.0499;-0.0000;-0.0824;0.1969;10103
818.5;0.5114;0.5000;-9.9011;-11.0000;93;-5;-0.0733;-0.0305;-0.0817;-0.0469;-0.0000;-0.0824;0.1969;10154
819.0;0.5105;0.5000;-10.0096;-11.0000;93;-3;0.0147;-0.0275;-0.0817;-0.0420;-0.0000;-0.0824;0.1969;10103
819.5;0.5096;0.5000;-9.9231;-11.0000;93;-3;0.0147;-0.0261;-0.0817;-0.0459;-0.0000;-0.0824;0.1969;10154
820.0;0.5082;0.5000;-10.0755;-11.0000;93;-1;-0.0440;-0.0217;-0.0817;-0.0391;-0.0000;-0.0824;0.1969;10154
820.5;0.5069;0.5000;-9.9945;-11.0000;95;-1;-0.0733;-0.0188;-0.0817;-0.0430;-0.0000;-0.0824;0.1969;10103
821.0;0.5060;0.5000;-10.1264;-11.0000;93;1;0.0244;-0.0158;-0.0817;-0.0371;-0.0000;-0.0824;0.1969;10154
821.5;0.5060;0.5000;-10.0852;-11.0000;95;1;-0.0538;-0.0158;-0.0817;-0.0391;-0.0000;-0.0824;0.1969;10154
822.0;0.5046;0.5000;-10.1058;-11.0000;95;1;-0.0538;-0.0129;-0.0817;-0.0381;-0.0000;-0.0824;0.1969;10103
822.5;0.5037;0.5000;-10.0797;-11.0000;95;3;0.0147;-0.0114;-0.0817;-0.0391;-0.0000;-0.0824;0.1969;10103
823.0;0.5032;0.5000;-10.1332;-11.0000;95;3;0.0147;-0.0100;-0.0817;-0.0371;-0.0000;-0.0824;0.1969;10154
823.5;0.5032;0.5000;-10.2761;-11.0000;95;5;-0.0538;-0.0100;-0.0817;-0.0313;-0.0000;-0.0824;0.1969;10103
824.0;0.5023;0.5000;-10.1703;-11.0000;97;3;-0.0538;-0.0070;-0.0817;-0.0352;-0.0000;-0.0824;0.1969;10154
824.5;0.5018;0.5000;-10.3091;-11.0000;95;7;0.0440;-0.0056;-0.0817;-0.0293;-0.0000;-0.0824;0.1969;10103
825.0;0.5009;0.5000;-10.2184;-11.0000;97;5;0.0147;-0.0041;-0.0817;-0.0332;-0.0000;-0.0824;0.1969;10103
825.5;0.5005;0.5000;-10.3695;-11.0000;95;7;0.0342;-0.0026;-0.0817;-0.0274;-0.0000;-0.0824;0.1969;10154
826.0;0.4991;0.5000;-10.3338;-11.0000;97;7;-0.0440;0.0003;-0.0817;-0.0283;-0.0000;-0.0824;0.1969;10103
826.5;0.4982;0.5000;-10.5110;-11.0000;95;11;0.0440;0.0032;-0.0817;-0.0215;-0.0000;-0.0824;0.1969;10154
827.0;0.4973;0.5000;-10.5481;-11.0000;95;11;0.0440;0.0047;-0.0817;-0.0196;-0.0000;-0.0824;0.1969;10154
827.5;0.4977;0.5000;-10.5096;-11.0000;95;11;-0.0538;0.0047;-0.0817;-0.0215;-0.0000;-0.0824;0.1969;10103
828.0;0.4968;0.5000;-10.4876;-11.0000;97;11;-0.0440;0.0062;-0.0817;-0.0225;-0.0000;-0.0824;0.1969;10154
828.5;0.4968;0.5000;-10.4918;-11.0000;97;11;-0.0440;0.0062;-0.0817;-0.0215;-0.0000;-0.0824;0.1969;10103
829.0;0.4968;0.5000;-10.6387;-11.0000;95;13;0.0538;0.0062;-0.0817;-0.0156;-0.0000;-0.0824;0.1969;10103
829.5;0.4968;0.5000;-10.5728;-11.0000;97;11;-0.1320;0.0062;-0.0817;-0.0186;-0.0000;-0.0824;0.1969;10154
830.0;0.4968;0.5000;-10.6909;-11.0000;95;13;0.0440;0.0076;-0.0817;-0.0137;-0.0000;-0.0824;0.1969;10154
830.5;0.4973;0.5000;-10.5907;-11.0000;97;11;-0.0342;0.0062;-0.0817;-0.0176;-0.0000;-0.0824;0.1969;10103
831.0;0.4968;0.5000;-10.6799;-11.0000;95;13;-0.0342;0.0076;-0.0817;-0.0137;-0.0000;-0.0824;0.1969;10154
831.5;0.4968;0.5000;-10.7349;-11.0000;95;13;-0.0440;0.0062;-0.0817;-0.0117;-0.0000;-0.0824;0.1969;10154
832.0;0.4963;0.5000;-10.7967;-11.0000;95;13;-0.0440;0.0076;-0.0817;-0.0088;-0.0000;-0.0824;0.1969;10103
832.5;0.4963;0.5000;-10.8077;-11.0000;95;15;-0.0342;0.0076;-0.0817;-0.0088;-0.0000;-0.0824;0.1969;10154
833.0;0.4963;0.5000;-10.7651;-11.0000;95;13;0.0440;0.0076;-0.0817;-0.0108;-0.0000;-0.0824;0.1969;10103
833.5;0.4973;0.5000;-10.9464;-11.0000;93;15;-0.0147;0.0062;-0.0817;-0.0029;-0.0000;-0.0824;0.1969;10103
834.0;0.4968;0.5000;-10.9272;-11.0000;93;15;-0.0440;0.0076;-0.0817;-0.0039;-0.0000;-0.0824;0.1969;10154
834.5;0.4973;0.5000;-11.0728;-11.0000;93;17;-0.0244;0.0062;-0.0817;0.0029;-0.0000;-0.0824;0.1969;10103
835.0;0.4982;0.5000;-11.0137;-11.0000;93;15;-0.0244;0.0032;-0.0817;-0.0000;-0.0000;-0.0824;0.1969;10154
835.5;0.4982;0.5000;-11.1305;-11.0000;91;17;0.0733;0.0032;-0.0817;0.0049;-0.0000;-0.0824;0.1969;10154
836.0;0.4986;0.5000;-11.0508;-11.0000;91;15;-0.0244;0.0018;-0.0817;0.0020;-0.0000;-0.0824;0.1969;10103
836.5;0.4977;0.5000;-11.1250;-11.0000;91;15;-0.0342;0.0032;-0.0817;0.0049;-0.0000;-0.0824;0.1969;10154
837.0;0.4982;0.5000;-11.1758;-11.0000;91;17;-0.0244;0.0032;-0.0817;0.0068;-0.0000;-0.0824;0.1969;10154
837.5;0.4973;0.5000;-11.2376;-11.0000;91;17;-0.0147;0.0062;-0.0817;0.0098;-0.0000;-0.0824;0.1969;10154
838.0;0.4973;0.5000;-11.2157;-11.0000;91;17;-0.0147;0.0047;-0.0817;0.0088;-0.0000;-0.0824;0.1969;10154
838.5;0.4968;0.5000;-11.0948;-11.0000;93;17;-0.0244;0.0076;-0.0817;0.0039;-0.0000;-0.0824;0.1969;10154
839.0;0.4968;0.5000;-11.1374;-11.0000;93;17;-0.0244;0.0062;-0.0817;0.0049;-0.0000;-0.0824;0.1969;10103
839.5;0.4968;0.5000;-11.0385;-11.0000;93;17;0.0635;0.0076;-0.0817;0.0010;-0.0000;-0.0824;0.1969;10154
840.0;0.4963;0.5000;-11.0962;-11.0000;93;17;-0.1026;0.0076;-0.0817;0.0039;-0.0000;-0.0824;0.1969;10103
840.5;0.4963;0.5000;-11.0165;-11.0000;93;15;0.0538;0.0076;-0.0817;-0.0000;-0.0000;-0.0824;0.1969;10103
841.0;0.4963;0.5000;-11.0865;-11.0000;93;17;-0.0342;0.0076;-0.0817;0.0029;-0.0000;-0.0824;0.1969;10154
841.5;0.4950;0.5000;-11.0522;-11.0000;93;17;-0.0244;0.0105;-0.0817;0.0020;-0.0000;-0.0824;0.1969;10103
842.0;0.4954;0.5000;-11.1319;-11.0000;93;17;-0.0244;0.0105;-0.0817;0.0049;-0.0000;-0.0824;0.1969;10154
842.5;0.4945;0.5000;-11.2500;-11.0000;91;19;-0.0049;0.0135;-0.0817;0.0098;-0.0000;-0.0824;0.1969;10154
843.0;0.4936;0.5000;-11.3104;-11.0000;91;21;0.0538;0.0149;-0.0817;0.0127;-0.0000;-0.0824;0.1969;10103
843.5;0.4931;0.5000;-11.3695;-11.0000;91;21;0.0635;0.0149;-0.0817;0.0147;-0.0000;-0.0824;0.1969;10154
844.0;0.4931;0.5000;-11.3324;-11.0000;91;21;-0.0929;0.0164;-0.0803;0.0137;-0.0000;-0.0824;0.1969;10154
844.5;0.4927;0.5000;-11.4533;-11.0000;91;22;0.0733;0.0179;-0.0803;0.0186;-0.0000;-0.0824;0.1969;10103
845.0;0.4913;0.5000;-11.4176;-11.0000;91;22;-0.0147;0.0193;-0.0803;0.0166;-0.0000;-0.0824;0.1969;10154
845.5;0.4908;0.5000;-11.5343;-11.0000;91;24;0.0635;0.0223;-0.0803;0.0215;-0.0000;-0.0824;0.1969;10154
846.0;0.4904;0.5000;-11.4739;-11.0000;91;24;0.0733;0.0237;-0.0803;0.0196;-0.0000;-0.0824;0.1969;10103
846.5;0.4890;0.5000;-11.4368;-11.0000;91;24;-0.0147;0.0252;-0.0803;0.0176;-0.0000;-0.0824;0.1969;10154
847.0;0.4890;0.5000;-11.3846;-11.0000;93;24;-0.0049;0.0267;-0.0803;0.0156;-0.0000;-0.0824;0.1969;10103
847.5;0.4881;0.5000;-11.3956;-11.0000;93;24;-0.0147;0.0281;-0.0803;0.0156;-0.0000;-0.0824;0.1969;10103
848.0;0.4876;0.5000;-11.5069;-11.0000;93;26;0.0733;0.0296;-0.0803;0.0205;-0.0000;-0.0824;0.1969;10154
848.5;0.4872;0.5000;-11.4547;-11.0000;93;26;-0.0049;0.0311;-0.0803;0.0186;-0.0000;-0.0824;0.1969;10154
849.0;0.4863;0.5000;-11.5536;-11.0000;93;26;-0.0147;0.0340;-0.0803;0.0225;-0.0000;-0.0824;0.1969;10154
849.5;0.4863;0.5000;-11.4863;-11.0000;93;26;-0.0049;0.0340;-0.0803;0.0196;-0.0000;-0.0824;0.1969;10154
850.0;0.4853;0.5000;-11.5852;-11.0000;93;28;-0.0049;0.0355;-0.0803;0.0244;-0.0000;-0.0824;0.1969;10103
850.5;0.4853;0.5000;-11.5110;-11.0000;95;26;-0.0049;0.0355;-0.0788;0.0205;-0.0000;-0.0824;0.1969;10154
851.0;0.4849;0.5000;-11.6236;-11.0000;93;28;-0.0049;0.0369;-0.0788;0.0254;-0.0000;-0.0824;0.1969;10103
851.5;0.4844;0.5000;-11.6154;-11.0000;93;28;0.0831;0.0369;-0.0788;0.0254;-0.0000;-0.0824;0.1969;10103
852.0;0.4849;0.5000;-11.6277;-11.0000;93;28;-0.0049;0.0369;-0.0788;0.0254;-0.0000;-0.0824;0.1969;10103
852.5;0.4844;0.5000;-11.6099;-11.0000;93;28;-0.0147;0.0369;-0.0788;0.0254;-0.0000;-0.0824;0.1969;10154
853.0;0.4844;0.5000;-11.6374;-11.0000;93;30;0.0831;0.0384;-0.0788;0.0264;-0.0000;-0.0824;0.1969;10103
853.5;0.4840;0.5000;-11.7074;-11.0000;93;30;-0.0929;0.0384;-0.0788;0.0293;-0.0000;-0.0824;0.1969;10154
854.0;0.4840;0.5000;-11.6209;-11.0000;95;30;0.0929;0.0384;-0.0788;0.0254;-0.0000;-0.0824;0.1969;10154
854.5;0.4840;0.5000;-11.6662;-11.0000;95;30;-0.0929;0.0384;-0.0788;0.0274;-0.0000;-0.0824;0.1969;10154
855.0;0.4844;0.5000;-11.5962;-11.0000;95;28;-0.0049;0.0369;-0.0788;0.0244;-0.0000;-0.0824;0.1969;10154
855.5;0.4844;0.5000;-11.6827;-11.0000;95;30;-0.0049;0.0384;-0.0774;0.0283;-0.0000;-0.0824;0.1969;10103
856.0;0.4840;0.5000;-11.6937;-11.0000;93;30;0.0831;0.0384;-0.0774;0.0283;-0.0000;-0.0824;0.1969;10154
856.5;0.4840;0.5000;-11.7720;-11.0000;93;30;-0.0831;0.0384;-0.0774;0.0323;-0.0000;-0.0824;0.1969;10154
857.0;0.4840;0.5000;-11.7569;-11.0000;93;30;0.0733;0.0384;-0.0774;0.0313;-0.0000;-0.0824;0.1969;10154
857.5;0.4840;0.5000;-11.7253;-11.0000;95;30;-0.0733;0.0384;-0.0774;0.0303;-0.0000;-0.0824;0.1969;10154
858.0;0.4844;0.5000;-11.6923;-11.0000;95;30;-0.0049;0.0369;-0.0774;0.0283;-0.0000;-0.0824;0.1969;10154
858.5;0.4849;0.5000;-11.7143;-11.0000;95;30;0.0929;0.0355;-0.0774;0.0293;-0.0000;-0.0824;0.1969;10103
859.0;0.4853;0.5000;-11.7871;-11.0000;93;30;-0.0929;0.0355;-0.0774;0.0323;-0.0000;-0.0824;0.1969;10154
859.5;0.4863;0.5000;-11.7431;-11.0000;93;30;0.0049;0.0325;-0.0774;0.0303;-0.0000;-0.0824;0.1969;10154
860.0;0.4872;0.5000;-11.8063;-11.0000;93;30;-0.0831;0.0311;-0.0759;0.0332;-0.0000;-0.0824;0.1969;10103
860.5;0.4881;0.5000;-11.7473;-11.0000;93;28;-0.0049;0.0281;-0.0759;0.0313;-0.0000;-0.0824;0.1969;10154
861.0;0.4890;0.5000;-11.7692;-11.0000;93;28;-0.0831;0.0267;-0.0759;0.0323;-0.0000;-0.0824;0.1969;10154
861.5;0.4895;0.5000;-11.7473;-11.0000;93;28;-0.0049;0.0252;-0.0759;0.0313;-0.0000;-0.0824;0.1969;10103
862.0;0.4899;0.5000;-11.7679;-11.0000;93;28;-0.0733;0.0237;-0.0759;0.0313;-0.0000;-0.0824;0.1969;10154
862.5;0.4899;0.5000;-11.7418;-11.0000;93;28;0.0733;0.0237;-0.0759;0.0303;-0.0000;-0.0824;0.1969;10103
863.0;0.4908;0.5000;-11.7033;-11.0000;93;26;-0.1515;0.0223;-0.0759;0.0293;-0.0000;-0.0824;0.1969;10103
863.5;0.4922;0.5000;-11.7445;-11.0000;93;26;-0.0147;0.0193;-0.0759;0.0303;-0.0000;-0.0824;0.1969;10154
864.0;0.4927;0.5000;-11.7005;-11.0000;93;24;-0.0831;0.0164;-0.0759;0.0293;-0.0000;-0.0824;0.1969;10103
864.5;0.4940;0.5000;-11.7253;-11.0000;91;24;-0.0049;0.0135;-0.0759;0.0303;-0.0000;-0.0824;0.1969;10154
865.0;0.4945;0.5000;-11.6690;-11.0000;91;24;-0.0733;0.0120;-0.0759;0.0274;-0.0000;-0.0824;0.1969;10154
865.5;0.4950;0.5000;-11.6909;-11.0000;91;22;-0.0831;0.0105;-0.0759;0.0283;-0.0000;-0.0824;0.1969;10154
866.0;0.4963;0.5000;-11.6429;-11.0000;91;22;-0.0147;0.0076;-0.0759;0.0264;-0.0000;-0.0824;0.1969;10154
866.5;0.4968;0.5000;-11.6854;-11.0000;91;22;-0.0831;0.0062;-0.0759;0.0283;-0.0000;-0.0824;0.1969;10154
867.0;0.4986;0.5000;-11.7280;-11.0000;91;22;-0.0831;0.0018;-0.0759;0.0303;-0.0000;-0.0824;0.1969;10103
867.5;0.4995;0.5000;-11.7610;-11.0000;89;21;-0.0733;0.0003;-0.0759;0.0313;-0.0000;-0.0824;0.1969;10154
868.0;0.5009;0.5000;-11.7692;-11.0000;89;21;-0.0147;-0.0041;-0.0759;0.0323;-0.0000;-0.0824;0.1969;10154
868.5;0.5018;0.5000;-11.7157;-11.0000;89;19;-0.0831;-0.0056;-0.0759;0.0293;-0.0000;-0.0824;0.1969;10103
869.0;0.5032;0.5000;-11.7308;-11.0000;87;19;-0.0049;-0.0085;-0.0759;0.0303;-0.0000;-0.0824;0.1969;10154
869.5;0.5037;0.5000;-11.7294;-11.0000;87;19;-0.0733;-0.0100;-0.0759;0.0303;-0.0000;-0.0824;0.1969;10154
870.0;0.5046;0.5000;-11.8104;-11.0000;85;19;0.0049;-0.0129;-0.0759;0.0332;-0.0000;-0.0824;0.1969;10154
870.5;0.5055;0.5000;-11.8365;-11.0000;83;19;-0.0831;-0.0144;-0.0759;0.0342;-0.0000;-0.0824;0.1969;10154
871.0;0.5064;0.5000;-11.8516;-11.0000;83;19;0.0049;-0.0173;-0.0759;0.0352;-0.0000;-0.0824;0.1969;10154
871.5;0.5069;0.5000;-11.8420;-11.0000;83;19;-0.0831;-0.0188;-0.0759;0.0352;-0.0000;-0.0824;0.1969;10154
872.0;0.5078;0.5000;-11.8146;-11.0000;83;17;0.0049;-0.0202;-0.0759;0.0332;-0.0000;-0.0824;0.1969;10154
872.5;0.5073;0.5000;-11.7775;-11.0000;83;17;-0.0049;-0.0202;-0.0759;0.0323;-0.0000;-0.0824;0.1969;10154
873.0;0.5082;0.5000;-11.7253;-11.0000;83;17;-0.0831;-0.0217;-0.0759;0.0303;-0.0000;-0.0824;0.1969;10154
873.5;0.5092;0.5000;-11.6799;-11.0000;83;15;-0.0831;-0.0231;-0.0759;0.0283;-0.0000;-0.0824;0.1969;10154
874.0;0.5096;0.5000;-11.6291;-11.0000;83;15;0.0049;-0.0261;-0.0759;0.0254;-0.0000;-0.0824;0.1969;10154
874.5;0.5101;0.5000;-11.6071;-11.0000;83;13;-0.0929;-0.0261;-0.0759;0.0254;-0.0000;-0.0824;0.1969;10154
875.0;0.5110;0.5000;-11.5426;-11.0000;83;13;-0.0147;-0.0290;-0.0759;0.0225;-0.0000;-0.0824;0.1969;10154
875.5;0.5128;0.5000;-11.5124;-11.0000;83;11;-0.0929;-0.0334;-0.0774;0.0205;-0.0000;-0.0824;0.1969;10154
876.0;0.5137;0.5000;-11.4739;-11.0000;83;11;-0.0929;-0.0363;-0.0774;0.0196;-0.0000;-0.0824;0.1969;10154
876.5;0.5151;0.5000;-11.4560;-11.0000;81;9;0.0049;-0.0393;-0.0774;0.0186;-0.0000;-0.0824;0.1969;10154
877.0;0.5156;0.5000;-11.4560;-11.0000;81;9;0.0538;-0.0407;-0.0774;0.0186;-0.0000;-0.0824;0.1969;10154
877.5;0.5156;0.5000;-11.5069;-11.0000;79;11;0.0733;-0.0407;-0.0774;0.0205;-0.0000;-0.0824;0.1969;10154
878.0;0.5147;0.5000;-11.5604;-11.0000;79;11;-0.0831;-0.0378;-0.0774;0.0235;-0.0000;-0.0824;0.1969;10154
878.5;0.5147;0.5000;-11.5975;-11.0000;79;11;0.0049;-0.0378;-0.0774;0.0244;-0.0000;-0.0824;0.1969;10154
879.0;0.5151;0.5000;-11.6250;-11.0000;77;11;-0.0049;-0.0393;-0.0774;0.0254;-0.0000;-0.0824;0.1969;10154
879.5;0.5151;0.5000;-11.6442;-11.0000;77;11;-0.0929;-0.0393;-0.0774;0.0264;-0.0000;-0.0824;0.1969;10154
880.0;0.5156;0.5000;-11.6415;-11.0000;77;11;-0.0049;-0.0407;-0.0788;0.0264;-0.0000;-0.0824;0.1969;10154
880.5;0.5160;0.5000;-11.6346;-11.0000;77;11;-0.0831;-0.0407;-0.0788;0.0264;-0.0000;-0.0824;0.1969;10154
881.0;0.5165;0.5000;-11.6126;-11.0000;77;11;0.0049;-0.0422;-0.0788;0.0254;-0.0000;-0.0824;0.1969;10154
881.5;0.5165;0.5000;-11.5879;-11.0000;77;9;-0.0929;-0.0422;-0.0788;0.0244;-0.0000;-0.0824;0.1969;10154
882.0;0.5169;0.5000;-11.5687;-11.0000;77;9;-0.0049;-0.0437;-0.0788;0.0235;-0.0000;-0.0824;0.1969;10154
882.5;0.5174;0.5000;-11.5302;-11.0000;79;9;-0.0831;-0.0451;-0.0788;0.0215;-0.0000;-0.0824;0.1969;10154
883.0;0.5169;0.5000;-11.4808;-11.0000;79;7;-0.0929;-0.0437;-0.0788;0.0196;-0.0000;-0.0824;0.1969;10154
883.5;0.5165;0.5000;-11.4011;-11.0000;79;7;0.0733;-0.0437;-0.0788;0.0166;-0.0000;-0.0824;0.1969;10154
884.0;0.5156;0.5000;-11.3448;-11.0000;79;7;-0.0244;-0.0393;-0.0788;0.0137;-0.0000;-0.0824;0.1969;10154
884.5;0.5142;0.5000;-11.2994;-11.0000;81;7;-0.0929;-0.0378;-0.0803;0.0117;-0.0000;-0.0824;0.1969;10154
885.0;0.5142;0.5000;-11.2788;-11.0000;81;7;-0.0147;-0.0363;-0.0803;0.0108;-0.0000;-0.0824;0.1969;10154
885.5;0.5137;0.5000;-11.2898;-11.0000;81;7;-0.0831;-0.0349;-0.0803;0.0117;-0.0000;-0.0824;0.1969;10154
886.0;0.5142;0.5000;-11.2871;-11.0000;81;7;-0.0342;-0.0363;-0.0803;0.0117;-0.0000;-0.0824;0.1969;10154
886.5;0.5142;0.5000;-11.2720;-11.0000;83;7;-0.1026;-0.0363;-0.0803;0.0108;-0.0000;-0.0824;0.1969;10154
887.0;0.5137;0.5000;-11.2514;-11.0000;81;7;0.0733;-0.0363;-0.0803;0.0098;-0.0000;-0.0824;0.1969;10154
887.5;0.5137;0.5000;-11.2541;-11.0000;83;7;-0.1711;-0.0363;-0.0803;0.0098;-0.0000;-0.0824;0.1969;10154
888.0;0.5137;0.5000;-11.2335;-11.0000;81;7;0.0538;-0.0363;-0.0803;0.0088;-0.0000;-0.0824;0.1969;10154
888.5;0.5128;0.5000;-11.2404;-11.0000;81;7;-0.0244;-0.0334;-0.0803;0.0098;-0.0000;-0.0824;0.1969;10154
889.0;0.5119;0.5000;-11.2431;-11.0000;81;7;0.0635;-0.0319;-0.0803;0.0098;-0.0000;-0.0824;0.1969;10154
889.5;0.5105;0.5000;-11.2596;-11.0000;81;9;-0.0147;-0.0275;-0.0803;0.0108;-0.0000;-0.0824;0.1969;10154
890.0;0.5101;0.5000;-11.2527;-11.0000;83;9;-0.0147;-0.0261;-0.0817;0.0098;-0.0000;-0.0824;0.1969;10154
890.5;0.5087;0.5000;-11.2404;-11.0000;83;9;-0.0244;-0.0231;-0.0817;0.0098;-0.0000;-0.0824;0.1969;10154
891.0;0.5082;0.5000;-11.1992;-11.0000;85;9;-0.0244;-0.0217;-0.0817;0.0078;-0.0000;-0.0824;0.1969;10154
891.5;0.5073;0.5000;-11.1882;-11.0000;85;9;-0.0147;-0.0188;-0.0817;0.0078;-0.0000;-0.0824;0.1969;10154
892.0;0.5064;0.5000;-11.1813;-10.9959;83;13;0.0635;-0.0173;-0.0817;0.0068;-0.0000;-0.0784;0.1969;10154
892.5;0.5055;0.5000;-11.1799;-10.9863;83;13;-0.1026;-0.0144;-0.0817;0.0078;-0.0000;-0.0706;0.1969;10154
893.0;0.5041;0.5000;-11.1854;-10.9712;81;17;-0.0244;-0.0114;-0.0817;0.0088;-0.0000;-0.0667;0.1969;10154
893.5;0.5027;0.5000;-11.1786;-10.9505;81;19;-0.1026;-0.0085;-0.0817;0.0088;-0.0000;-0.0588;0.1969;10154
894.0;0.5018;0.5000;-11.1497;-10.9258;79;21;0.0635;-0.0056;-0.0817;0.0088;-0.0000;-0.0549;0.1969;10154
894.5;0.5009;0.5000;-11.1415;-10.8956;79;22;-0.0929;-0.0041;-0.0817;0.0098;-0.0000;-0.0471;0.1969;10154
895.0;0.5005;0.5000;-11.1154;-10.8613;77;24;-0.1124;-0.0026;-0.0817;0.0098;-0.0000;-0.0392;0.1969;10154
895.5;0.5000;0.5000;-11.0618;-10.8201;75;26;0.0538;-0.0012;-0.0817;0.0098;-0.0000;-0.0353;0.1969;10154
896.0;0.4986;0.5000;-11.0275;-10.7761;75;28;-0.0147;0.0018;-0.0817;0.0098;-0.0000;-0.0275;0.1969;10154
896.5;0.4977;0.5000;-11.0027;-10.7253;73;30;-0.1026;0.0047;-0.0817;0.0108;-0.0000;-0.0235;0.1969;10154
897.0;0.4968;0.5000;-10.9973;-10.6703;71;32;0.0538;0.0062;-0.0817;0.0137;-0.0000;-0.0157;0.1969;10154
897.5;0.4959;0.5000;-10.9821;-10.6113;71;36;-0.0342;0.0091;-0.0817;0.0147;-0.0000;-0.0078;0.1969;10154
898.0;0.4940;0.5000;-10.9505;-10.5453;69;38;-0.0244;0.0135;-0.0817;0.0166;-0.0000;-0.0039;0.1969;10154
898.5;0.4927;0.5000;-10.9011;-10.4753;67;40;0.0538;0.0164;-0.0817;0.0176;-0.0000;0.0039;0.1969;10154
899.0;0.4913;0.5000;-10.8846;-10.4011;67;44;-0.0244;0.0208;-0.0817;0.0196;-0.0000;0.0078;0.1969;10154
899.5;0.4908;0.5000;-10.8613;-10.3201;65;48;-0.0342;0.0223;-0.0817;0.0225;-0.0000;0.0157;0.1969;10154
900.0;0.4899;0.5000;-10.8571;-10.2363;64;50;-0.0342;0.0237;-0.0817;0.0254;-0.0000;0.0235;0.1969;10154
900.5;0.4890;0.5000;-10.8475;-10.1456;62;54;0.0538;0.0267;-0.0803;0.0293;-0.0000;0.0275;0.1969;10154
901.0;0.4876;0.5000;-10.8324;-10.0508;60;56;-0.0342;0.0296;-0.0803;0.0323;-0.0000;0.0353;0.1969;10154
901.5;0.4867;0.5000;-10.8104;-9.9505;58;60;0.0538;0.0325;-0.0803;0.0352;-0.0000;0.0431;0.1969;10154
902.0;0.4844;0.5000;-10.7651;-9.8462;56;64;0.0342;0.0369;-0.0803;0.0381;-0.0000;0.0471;0.1969;10154
902.5;0.4831;0.5000;-10.6552;-9.7363;56;65;-0.1222;0.0413;-0.0803;0.0381;-0.0000;0.0549;0.1969;10154
903.0;0.4821;0.5000;-10.4712;-9.6209;56;67;0.0342;0.0428;-0.0803;0.0352;-0.0000;0.0627;0.1969;10154
903.5;0.4821;0.5000;-10.2885;-9.5000;54;69;0.1124;0.0428;-0.0803;0.0323;-0.0000;0.0706;0.1969;10154
904.0;0.4817;0.5000;-10.1071;-9.3750;52;71;0.1026;0.0442;-0.0803;0.0303;-0.0000;0.0745;0.1969;10154
904.5;0.4812;0.5000;-9.9231;-9.2459;52;73;-0.0635;0.0457;-0.0803;0.0283;-0.0000;0.0824;0.1969;10154
905.0;0.4803;0.5000;-9.7212;-9.1113;50;75;0.1026;0.0486;-0.0788;0.0254;-0.0000;0.0902;0.1969;10154
905.5;0.4799;0.5000;-9.4505;-8.9712;52;75;-0.0049;0.0486;-0.0788;0.0196;-0.0000;0.0941;0.1969;10154
906.0;0.4780;0.5000;-9.1429;-8.8255;52;77;-0.0147;0.0545;-0.0788;0.0127;-0.0000;0.1020;0.1969;10103
906.5;0.4762;0.5000;-8.8709;-8.6758;52;79;0.0635;0.0589;-0.0788;0.0078;-0.0000;0.1098;0.1969;10103
907.0;0.4748;0.5000;-8.6305;-8.5206;52;81;0.1320;0.0618;-0.0788;0.0039;-0.0000;0.1176;0.1969;10154
907.5;0.4734;0.5000;-8.4203;-8.3613;50;83;0.0440;0.0648;-0.0788;0.0020;-0.0000;0.1216;0.1969;10103
908.0;0.4730;0.5000;-8.2198;-8.1951;50;87;0.0440;0.0662;-0.0774;0.0010;-0.0000;0.1294;0.1969;10103
908.5;0.4721;0.5000;-8.0179;-8.0261;48;89;0.0244;0.0677;-0.0774;-0.0010;-0.0000;0.1373;0.1969;10103
909.0;0.4712;0.5000;-7.8297;-7.8503;48;91;0.0244;0.0706;-0.0774;-0.0010;-0.0000;0.1451;0.1969;10103
909.5;0.4702;0.5000;-7.6058;-7.6703;46;93;0.0244;0.0721;-0.0774;-0.0029;-0.0000;0.1529;0.1969;10103
910.0;0.4702;0.5000;-7.3832;-7.4863;44;95;0.0831;0.0735;-0.0774;-0.0049;-0.0000;0.1569;0.1969;10103
910.5;0.4693;0.5000;-7.1552;-7.2953;44;97;0.0049;0.0750;-0.0759;-0.0068;-0.0000;0.1647;0.1969;10103
911.0;0.4689;0.5000;-6.9451;-7.1003;40;101;0.0635;0.0765;-0.0759;-0.0068;-0.0000;0.1725;0.1969;10103
911.5;0.4689;0.5000;-6.7170;-6.9011;40;103;0.0635;0.0765;-0.0759;-0.0078;-0.0000;0.1804;0.1969;10103
912.0;0.4679;0.5000;-6.4437;-6.7005;40;103;-0.0244;0.0779;-0.0759;-0.0117;-0.0000;0.1804;0.1969;10051
912.5;0.4679;0.5000;-6.1607;-6.5000;40;103;0.0538;0.0794;-0.0759;-0.0147;-0.0000;0.1804;0.1969;10103
913.0;0.4670;0.5000;-5.8777;-6.3008;40;103;0.1222;0.0809;-0.0744;-0.0186;-0.0000;0.1843;0.1969;10103
913.5;0.4666;0.5000;-5.6374;-6.1003;42;105;0.0244;0.0823;-0.0744;-0.0196;-0.0000;0.1843;0.1969;10051
914.0;0.4666;0.5000;-5.3544;-5.9011;42;103;0.0244;0.0823;-0.0744;-0.0235;-0.0000;0.1843;0.1969;10103
914.5;0.4666;0.5000;-5.1648;-5.7005;42;105;0.0147;0.0823;-0.0744;-0.0235;-0.0000;0.1843;0.1969;10051
915.0;0.4666;0.5000;-4.9368;-5.5000;42;105;0.0049;0.0823;-0.0730;-0.0244;-0.0000;0.1882;0.1969;10103
915.5;0.4670;0.5000;-4.7431;-5.3008;40;105;-0.0049;0.0809;-0.0730;-0.0235;-0.0000;0.1882;0.1969;10103
916.0;0.4675;0.5000;-4.4986;-5.1003;40;105;0.0733;0.0809;-0.0730;-0.0254;-0.0000;0.1882;0.1969;10103
916.5;0.4670;0.5000;-4.2994;-4.9011;40;107;0.0635;0.0809;-0.0730;-0.0254;-0.0000;0.1922;0.1969;10103
917.0;0.4670;0.5000;-4.0385;-4.7005;40;107;-0.0244;0.0809;-0.0730;-0.0283;-0.0000;0.1922;0.1969;10103
917.5;0.4670;0.5000;-3.7239;-4.5000;40;107;0.1222;0.0809;-0.0715;-0.0332;-0.0000;0.1922;0.1969;10051
918.0;0.4675;0.5000;-3.4766;-4.3008;40;107;-0.0440;0.0809;-0.0715;-0.0352;-0.0000;0.1922;0.1969;10051
918.5;0.4670;0.5000;-3.2294;-4.1003;40;107;0.0244;0.0809;-0.0715;-0.0371;-0.0000;0.1961;0.1969;10103
919.0;0.4670;0.5000;-3.0536;-3.9011;40;109;0.1026;0.0809;-0.0715;-0.0362;-0.0000;0.1961;0.1969;10051
919.5;0.4670;0.5000;-2.8352;-3.7060;40;107;0.0929;0.0823;-0.0700;-0.0371;-0.0000;0.1922;0.1969;10051
920.0;0.4661;0.5000;-2.5810;-3.5151;44;105;0.0049;0.0823;-0.0700;-0.0401;-0.0000;0.1882;0.1969;10103
920.5;0.4657;0.5000;-2.3709;-3.3310;46;105;-0.0049;0.0853;-0.0700;-0.0411;-0.0000;0.1804;0.1969;10051
921.0;0.4652;0.5000;-2.1525;-3.1511;46;105;0.0733;0.0867;-0.0700;-0.0420;-0.0000;0.1765;0.1969;10103
921.5;0.4657;0.5000;-1.9849;-2.9753;48;103;-0.0147;0.0853;-0.0700;-0.0420;-0.0000;0.1725;0.1969;10051
922.0;0.4661;0.5000;-1.7843;-2.8063;50;103;0.0538;0.0838;-0.0686;-0.0430;-0.0000;0.1647;0.1969;10051
922.5;0.4666;0.5000;-1.6360;-2.6401;50;101;0.0538;0.0823;-0.0686;-0.0430;-0.0000;0.1608;0.1969;10103
923.0;0.4666;0.5000;-1.4107;-2.4808;52;99;-0.0342;0.0823;-0.0686;-0.0450;-0.0000;0.1569;0.1969;10051
923.5;0.4666;0.5000;-1.2294;-2.3255;52;99;0.0342;0.0823;-0.0686;-0.0469;-0.0000;0.1529;0.1969;10103
924.0;0.4666;0.5000;-0.9918;-2.1758;54;97;0.0342;0.0823;-0.0671;-0.0499;-0.0000;0.1451;0.1969;10103
924.5;0.4661;0.5000;-0.8393;-2.0302;56;97;0.1026;0.0838;-0.0671;-0.0508;-0.0000;0.1412;0.1969;10103
925.0;0.4661;0.5000;-0.6827;-1.8901;56;95;0.1808;0.0838;-0.0671;-0.0508;-0.0000;0.1373;0.1969;10103
925.5;0.4670;0.5000;-0.4698;-1.7555;58;93;-0.0733;0.0809;-0.0671;-0.0547;-0.0000;0.1294;0.1969;10103
926.0;0.4675;0.5000;-0.3558;-1.6250;60;93;0.0049;0.0794;-0.0656;-0.0538;-0.0000;0.1255;0.1969;10051
926.5;0.4679;0.5000;-0.2294;-1.5000;60;91;0.0049;0.0779;-0.0656;-0.0538;-0.0000;0.1216;0.1969;10103
927.0;0.4689;0.5000;-0.1731;-1.3805;60;89;0.0049;0.0765;-0.0656;-0.0508;-0.0000;0.1137;0.1969;10103
927.5;0.4698;0.5000;-0.0151;-1.2651;62;89;0.0733;0.0735;-0.0656;-0.0528;-0.0000;0.1098;0.1969;10103
928.0;0.4712;0.5000;0.0412;-1.1552;62;87;-0.0049;0.0706;-0.0656;-0.0508;-0.0000;0.1020;0.1969;10103
928.5;0.4721;0.5000;0.1992;-1.0508;62;85;-0.0147;0.0691;-0.0642;-0.0528;-0.0000;0.0980;0.1969;10051
929.0;0.4725;0.5000;0.2857;-0.9505;64;83;-0.0147;0.0677;-0.0642;-0.0528;-0.0000;0.0941;0.1969;10051
929.5;0.4730;0.5000;0.3654;-0.8558;64;81;0.0635;0.0662;-0.0642;-0.0518;-0.0000;0.0863;0.1969;10103
930.0;0.4734;0.5000;0.3956;-0.7651;64;81;-0.0147;0.0648;-0.0642;-0.0489;-0.0000;0.0824;0.1969;10103
930.5;0.4739;0.5000;0.4190;-0.6813;65;79;-0.0244;0.0633;-0.0642;-0.0469;-0.0000;0.0745;0.1969;10103
931.0;0.4734;0.5000;0.5646;-0.6003;65;77;0.0538;0.0648;-0.0642;-0.0499;-0.0000;0.0706;0.1969;10103
931.5;0.4730;0.5000;0.6003;-0.5261;67;77;0.0538;0.0662;-0.0627;-0.0479;-0.0000;0.0667;0.1969;10103
932.0;0.4725;0.5000;0.7637;-0.4560;69;75;-0.0342;0.0677;-0.0627;-0.0518;-0.0000;0.0588;0.1969;10103
932.5;0.4721;0.5000;0.7940;-0.3901;71;75;-0.0342;0.0677;-0.0627;-0.0499;-0.0000;0.0549;0.1969;10103
933.0;0.4721;0.5000;0.8201;-0.3310;71;73;-0.0342;0.0691;-0.0627;-0.0489;-0.0000;0.0471;0.1969;10103
933.5;0.4721;0.5000;0.7843;-0.2761;73;73;-0.0342;0.0677;-0.0627;-0.0450;-0.0000;0.0431;0.1969;10103
934.0;0.4716;0.5000;0.7541;-0.2253;73;73;0.0538;0.0691;-0.0612;-0.0420;-0.0000;0.0353;0.1969;10103
934.5;0.4716;0.5000;0.7294;-0.1813;73;73;-0.0342;0.0691;-0.0612;-0.0391;-0.0000;0.0314;0.1969;10051
935.0;0.4721;0.5000;0.6346;-0.1401;75;71;-0.1124;0.0691;-0.0612;-0.0332;-0.0000;0.0235;0.1969;10103
935.5;0.4725;0.5000;0.6676;-0.1058;75;71;-0.0244;0.0677;-0.0612;-0.0332;-0.0000;0.0196;0.1969;10103
936.0;0.4739;0.5000;0.6168;-0.0755;75;69;0.0538;0.0633;-0.0612;-0.0293;-0.0000;0.0118;0.1969;10051
936.5;0.4748;0.5000;0.6635;-0.0508;77;67;-0.0244;0.0618;-0.0612;-0.0303;-0.0000;0.0078;0.1969;10103
937.0;0.4757;0.5000;0.6016;-0.0302;77;67;-0.0244;0.0589;-0.0598;-0.0274;-0.0000;0.0000;0.1969;10051
937.5;0.4771;0.5000;0.6360;-0.0151;77;65;0.0538;0.0560;-0.0598;-0.0274;-0.0000;-0.0039;0.1969;10103
938.0;0.4780;0.5000;0.5920;-0.0055;79;64;-0.0244;0.0530;-0.0598;-0.0254;-0.0000;-0.0118;0.1969;10103
938.5;0.4794;0.5000;0.5632;0.0000;73;67;-0.0244;0.0501;-0.0598;-0.0244;-0.0000;0.0039;0.1969;10103
939.0;0.4808;0.5000;0.5041;0.0000;73;65;-0.0244;0.0472;-0.0598;-0.0215;-0.0000;0.0000;0.1969;10103
939.5;0.4821;0.5000;0.4863;0.0000;73;65;0.0635;0.0428;-0.0598;-0.0205;-0.0000;0.0000;0.1969;10103
940.0;0.4831;0.5000;0.5330;0.0000;73;64;-0.0244;0.0413;-0.0598;-0.0225;-0.0000;0.0000;0.1969;10103
940.5;0.4849;0.5000;0.4135;0.0000;71;64;-0.1026;0.0369;-0.0583;-0.0176;-0.0000;0.0000;0.1969;10103
941.0;0.4858;0.5000;0.4121;0.0000;71;64;-0.0147;0.0340;-0.0583;-0.0176;-0.0000;0.0000;0.1969;10103
941.5;0.4872;0.5000;0.2995;0.0000;69;64;0.0635;0.0311;-0.0583;-0.0127;-0.0000;0.0000;0.1969;10103
942.0;0.4881;0.5000;0.3091;0.0000;67;64;-0.0147;0.0281;-0.0583;-0.0137;-0.0000;0.0000;0.1969;10103
942.5;0.4890;0.5000;0.2871;0.0000;67;64;-0.0147;0.0267;-0.0583;-0.0127;-0.0000;0.0000;0.1969;10154
943.0;0.4904;0.5000;0.3310;0.0000;67;62;0.0635;0.0237;-0.0583;-0.0147;-0.0000;0.0000;0.1969;10103
943.5;0.4908;0.5000;0.2802;0.0000;65;62;-0.0147;0.0208;-0.0583;-0.0127;-0.0000;0.0000;0.1969;10154
944.0;0.4922;0.5000;0.1937;0.0000;65;62;-0.0929;0.0179;-0.0583;-0.0088;-0.0000;0.0000;0.1969;10103
944.5;0.4936;0.5000;0.1401;0.0000;64;62;0.0733;0.0149;-0.0583;-0.0068;-0.0000;0.0000;0.1969;10103
945.0;0.4950;0.5000;0.0673;0.0000;62;62;-0.0049;0.0120;-0.0583;-0.0029;-0.0000;0.0000;0.1969;10154
945.5;0.4959;0.5000;0.1181;0.0000;62;62;0.0733;0.0091;-0.0583;-0.0059;-0.0000;0.0000;0.1969;10103
946.0;0.4968;0.5000;0.0797;0.0000;62;62;-0.0049;0.0062;-0.0583;-0.0039;-0.0000;0.0000;0.1969;10154
946.5;0.4982;0.5000;0.1484;0.0000;62;60;-0.0929;0.0032;-0.0583;-0.0068;-0.0000;0.0000;0.1969;10154
947.0;0.4991;0.5000;0.1016;0.0000;60;60;-0.0049;0.0018;-0.0583;-0.0049;-0.0000;0.0000;0.1969;10154
947.5;0.5000;0.5000;0.1538;0.0000;60;58;0.0733;-0.0012;-0.0583;-0.0068;-0.0000;0.0000;0.1969;10154
948.0;0.5009;0.5000;0.1703;0.0000;60;58;-0.0147;-0.0026;-0.0583;-0.0078;-0.0000;0.0000;0.1969;10154
948.5;0.5009;0.5000;0.1937;0.0000;60;58;-0.0147;-0.0041;-0.0583;-0.0088;-0.0000;0.0000;0.1969;10154
949.0;0.5014;0.5000;0.1758;0.0000;60;56;-0.0147;-0.0041;-0.0583;-0.0078;-0.0000;0.0000;0.1969;10154
949.5;0.5014;0.5000;0.1360;0.0000;60;58;-0.0049;-0.0041;-0.0583;-0.0059;-0.0000;0.0000;0.1969;10154
950.0;0.5009;0.5000;0.2102;0.0000;60;56;-0.0929;-0.0041;-0.0583;-0.0098;-0.0000;0.0000;0.1969;10154
950.5;0.5009;0.5000;0.1882;0.0000;60;56;-0.0147;-0.0041;-0.0583;-0.0088;-0.0000;0.0000;0.1969;10154
951.0;0.5005;0.5000;0.2143;0.0000;60;56;-0.0147;-0.0026;-0.0583;-0.0098;-0.0000;0.0000;0.1969;10154
951.5;0.5005;0.5000;0.1607;0.0000;60;56;-0.0147;-0.0026;-0.0583;-0.0068;-0.0000;0.0000;0.1969;10154
952.0;0.5000;0.5000;0.1291;0.0000;60;58;-0.0049;-0.0012;-0.0583;-0.0059;-0.0000;0.0000;0.1969;10154
952.5;0.5005;0.5000;0.0714;0.0000;58;58;0.0733;-0.0026;-0.0583;-0.0039;-0.0000;0.0000;0.1969;10154
953.0;0.5009;0.5000;0.0591;0.0000;58;58;-0.0049;-0.0026;-0.0583;-0.0029;-0.0000;0.0000;0.1969;10154
953.5;0.5005;0.5000;0.0852;0.0000;58;58;-0.0049;-0.0026;-0.0583;-0.0039;-0.0000;0.0000;0.1969;10154
954.0;0.5005;0.5000;0.1044;0.0000;58;58;-0.0049;-0.0026;-0.0583;-0.0049;-0.0000;0.0000;0.1969;10154
954.5;0.5018;0.5000;0.1195;0.0000;58;56;-0.0049;-0.0056;-0.0583;-0.0059;-0.0000;0.0000;0.1969;10154
955.0;0.5027;0.5000;0.0646;0.0000;58;56;-0.0049;-0.0085;-0.0583;-0.0029;-0.0000;0.0000;0.1969;10154
955.5;0.5037;0.5000;0.0962;0.0000;58;56;0.0733;-0.0100;-0.0583;-0.0049;-0.0000;0.0000;0.1969;10154
956.0;0.5041;0.5000;0.0069;0.0000;56;56;-0.0049;-0.0114;-0.0583;-0.0010;-0.0000;0.0000;0.1969;10154
956.5;0.5046;0.5000;0.0481;0.0000;56;56;-0.0049;-0.0129;-0.0583;-0.0029;-0.0000;0.0000;0.1969;10205
957.0;0.5055;0.5000;0.0618;0.0000;56;56;0.0733;-0.0144;-0.0583;-0.0029;-0.0000;0.0000;0.1969;10154
957.5;0.5050;0.5000;0.1113;0.0000;56;54;-0.0929;-0.0144;-0.0583;-0.0049;-0.0000;0.0000;0.1969;10205
958.0;0.5055;0.5000;0.1401;0.0000;56;54;0.0733;-0.0144;-0.0583;-0.0068;-0.0000;0.0000;0.1969;10154
958.5;0.5060;0.5000;0.2143;0.0000;58;54;-0.0929;-0.0173;-0.0583;-0.0098;-0.0000;0.0000;0.1969;10154
959.0;0.5064;0.5000;0.2953;0.0000;58;52;-0.0147;-0.0173;-0.0583;-0.0127;-0.0000;0.0000;0.1969;10154
959.5;0.5069;0.5000;0.2610;0.0000;58;52;-0.0147;-0.0188;-0.0583;-0.0117;-0.0000;0.0000;0.1969;10154
960.0;0.5064;0.5000;0.2871;0.0000;58;52;-0.0147;-0.0173;-0.0583;-0.0127;-0.0000;0.0000;0.1969;10154
960.5;0.5064;0.5000;0.2569;0.0000;56;52;-0.0147;-0.0173;-0.0583;-0.0117;-0.0000;0.0000;0.1969;10205
961.0;0.5060;0.5000;0.3159;0.0000;58;52;-0.0147;-0.0173;-0.0583;-0.0137;-0.0000;0.0000;0.1969;10154
961.5;0.5060;0.5000;0.2871;0.0000;58;52;-0.0147;-0.0158;-0.0583;-0.0127;-0.0000;0.0000;0.1969;10205
962.0;0.5060;0.5000;0.3338;0.0000;58;52;0.0635;-0.0173;-0.0583;-0.0147;-0.0000;0.0000;0.1969;10205
962.5;0.5064;0.5000;0.3132;0.0000;58;52;-0.0147;-0.0173;-0.0598;-0.0137;-0.0000;0.0000;0.1969;10154
963.0;0.5060;0.5000;0.2486;0.0000;56;52;-0.0147;-0.0173;-0.0598;-0.0108;-0.0000;0.0000;0.1969;10154
963.5;0.5060;0.5000;0.2060;0.0000;56;52;-0.0147;-0.0158;-0.0598;-0.0088;-0.0000;0.0000;0.1969;10205
964.0;0.5055;0.5000;0.1676;0.0000;56;54;-0.0147;-0.0158;-0.0598;-0.0078;-0.0000;0.0000;0.1969;10154
964.5;0.5050;0.5000;0.1854;0.0000;56;52;-0.0147;-0.0144;-0.0598;-0.0088;-0.0000;0.0000;0.1969;10205
965.0;0.5050;0.5000;0.1223;0.0000;56;54;-0.0049;-0.0129;-0.0598;-0.0059;-0.0000;0.0000;0.1969;10205
965.5;0.5046;0.5000;0.1566;0.0000;56;54;-0.0147;-0.0129;-0.0598;-0.0068;-0.0000;0.0000;0.1969;10154
966.0;0.5041;0.5000;0.0893;0.0000;56;54;-0.0049;-0.0114;-0.0598;-0.0039;-0.0000;0.0000;0.1969;10205
966.5;0.5027;0.5000;0.1030;0.0000;56;54;0.0733;-0.0085;-0.0598;-0.0049;-0.0000;0.0000;0.1969;10154
967.0;0.5018;0.5000;0.1030;0.0000;56;56;-0.0049;-0.0056;-0.0598;-0.0049;-0.0000;0.0000;0.1969;10205
967.5;0.5014;0.5000;0.1374;0.0000;58;56;-0.0049;-0.0041;-0.0598;-0.0059;-0.0000;0.0000;0.1969;10205
968.0;0.5000;0.5000;0.1635;0.0000;58;56;-0.0147;-0.0012;-0.0598;-0.0078;-0.0000;0.0000;0.1969;10154
968.5;0.4982;0.5000;0.1621;0.0000;60;56;-0.0929;0.0032;-0.0598;-0.0068;-0.0000;0.0000;0.1969;10154
969.0;0.4959;0.5000;0.2418;0.0000;62;56;-0.0929;0.0091;-0.0598;-0.0108;-0.0000;0.0000;0.1969;10154
969.5;0.4945;0.5000;0.2184;0.0000;62;56;0.0733;0.0120;-0.0598;-0.0098;-0.0000;0.0000;0.1969;10154
970.0;0.4936;0.5000;0.2720;0.0000;64;58;-0.0147;0.0149;-0.0598;-0.0117;-0.0000;0.0000;0.1969;10154
970.5;0.4927;0.5000;0.2363;0.0000;64;58;-0.0147;0.0164;-0.0598;-0.0108;-0.0000;0.0000;0.1969;10154
971.0;0.4918;0.5000;0.2734;0.0000;64;58;0.0635;0.0193;-0.0598;-0.0117;-0.0000;0.0000;0.1969;10154
971.5;0.4899;0.5000;0.2390;0.0000;64;60;0.0635;0.0237;-0.0598;-0.0108;-0.0000;0.0000;0.1969;10154
972.0;0.4872;0.5000;0.2679;0.0000;65;60;-0.0147;0.0311;-0.0583;-0.0117;-0.0000;0.0000;0.1969;10154
972.5;0.4853;0.5000;0.2926;0.0000;67;62;-0.0147;0.0355;-0.0583;-0.0127;-0.0000;0.0000;0.1969;10154
973.0;0.4844;0.5000;0.3077;0.0000;67;62;-0.0147;0.0384;-0.0583;-0.0137;-0.0000;0.0000;0.1969;10154
973.5;0.4835;0.5000;0.3036;0.0000;69;64;-0.0147;0.0398;-0.0583;-0.0137;-0.0000;0.0000;0.1969;10103
974.0;0.4835;0.5000;0.2459;0.0000;67;64;0.0635;0.0398;-0.0583;-0.0108;-0.0000;0.0000;0.1969;10103
974.5;0.4840;0.5000;0.2582;0.0000;67;64;-0.0147;0.0384;-0.0583;-0.0117;-0.0000;0.0000;0.1969;10154
975.0;0.4840;0.5000;0.2115;0.0000;67;65;-0.0147;0.0384;-0.0583;-0.0098;-0.0000;0.0000;0.1969;10103
975.5;0.4840;0.5000;0.2514;0.0000;69;64;-0.0147;0.0384;-0.0583;-0.0108;-0.0000;0.0000;0.1969;10154
976.0;0.4849;0.5000;0.2129;0.0000;69;64;-0.0929;0.0369;-0.0583;-0.0098;-0.0000;0.0000;0.1969;10154
976.5;0.4849;0.5000;0.1896;0.0000;67;65;0.0733;0.0369;-0.0583;-0.0088;-0.0000;0.0000;0.1969;10103
977.0;0.4849;0.5000;0.1456;0.0000;67;65;-0.0147;0.0369;-0.0568;-0.0068;-0.0000;0.0000;0.1969;10154
977.5;0.4844;0.5000;0.1113;0.0000;67;65;-0.0049;0.0369;-0.0568;-0.0049;-0.0000;0.0000;0.1969;10154
978.0;0.4844;0.5000;0.0865;0.0000;67;65;-0.0049;0.0369;-0.0568;-0.0039;-0.0000;0.0000;0.1969;10103
978.5;0.4844;0.5000;0.0646;0.0000;67;65;-0.0049;0.0369;-0.0568;-0.0029;-0.0000;0.0000;0.1969;10103
979.0;0.4844;0.5000;0.0797;0.0000;67;65;-0.0049;0.0369;-0.0568;-0.0039;-0.0000;0.0000;0.1969;10154
979.5;0.4853;0.5000;0.0481;0.0000;67;65;-0.0831;0.0355;-0.0568;-0.0029;-0.0000;0.0000;0.1969;10103
980.0;0.4853;0.5000;0.0838;0.0000;67;65;0.0733;0.0355;-0.0568;-0.0039;-0.0000;0.0000;0.1969;10154
980.5;0.4858;0.5000;0.0714;0.0000;67;65;-0.0929;0.0340;-0.0568;-0.0039;-0.0000;0.0000;0.1969;10154
981.0;0.4867;0.5000;0.1044;0.0000;67;65;0.0733;0.0311;-0.0568;-0.0049;-0.0000;0.0000;0.1969;10103
981.5;0.4876;0.5000;0.0907;0.0000;65;65;-0.0049;0.0296;-0.0568;-0.0039;-0.0000;0.0000;0.1969;10154
982.0;0.4886;0.5000;0.0426;0.0000;65;65;-0.0049;0.0281;-0.0554;-0.0020;-0.0000;0.0000;0.1969;10103
982.5;0.4895;0.5000;0.0330;0.0000;65;65;-0.0831;0.0252;-0.0554;-0.0020;-0.0000;0.0000;0.1969;10103
983.0;0.4895;0.5000;0.0481;0.0000;65;64;0.0733;0.0252;-0.0554;-0.0029;-0.0000;0.0000;0.1969;10154
983.5;0.4886;0.5000;0.1044;0.0000;65;64;0.0733;0.0267;-0.0554;-0.0049;-0.0000;0.0000;0.1969;10103
984.0;0.4886;0.5000;0.0673;0.0000;65;65;-0.0929;0.0267;-0.0554;-0.0029;-0.0000;0.0000;0.1969;10103
984.5;0.4890;0.5000;0.1085;0.0000;65;64;-0.0049;0.0267;-0.0554;-0.0049;-0.0000;0.0000;0.1969;10154
985.0;0.4890;0.5000;0.0412;0.0000;65;65;-0.0049;0.0267;-0.0554;-0.0020;-0.0000;0.0000;0.1969;10103
985.5;0.4899;0.5000;0.0247;0.0000;65;65;0.0733;0.0237;-0.0554;-0.0020;-0.0000;0.0000;0.1969;10103
986.0;0.4904;0.5000;-0.0481;0.0000;64;65;-0.0049;0.0237;-0.0554;0.0020;-0.0000;0.0000;0.1969;10154
986.5;0.4913;0.5000;-0.0179;0.0000;64;65;-0.0831;0.0208;-0.0554;-0.0000;-0.0000;0.0000;0.1969;10103
987.0;0.4918;0.5000;-0.0041;0.0000;64;64;-0.0049;0.0193;-0.0554;-0.0000;-0.0000;0.0000;0.1969;10154
987.5;0.4922;0.5000;-0.0302;0.0000;64;64;-0.0049;0.0179;-0.0554;0.0010;-0.0000;0.0000;0.1969;10154
988.0;0.4931;0.5000;-0.0027;0.0000;64;64;-0.0831;0.0149;-0.0554;-0.0000;-0.0000;0.0000;0.1969;10103
988.5;0.4945;0.5000;-0.0453;0.0000;62;64;0.0733;0.0120;-0.0554;0.0010;-0.0000;0.0000;0.1969;10154
989.0;0.4954;0.5000;-0.0096;0.0000;62;62;-0.0049;0.0091;-0.0554;-0.0000;-0.0000;0.0000;0.1969;10103
989.5;0.4968;0.5000;-0.0357;0.0000;62;62;-0.0831;0.0076;-0.0554;0.0010;-0.0000;0.0000;0.1969;10154
990.0;0.4977;0.5000;-0.0027;0.0000;62;62;-0.0049;0.0047;-0.0554;-0.0000;-0.0000;0.0000;0.1969;10154
990.5;0.4982;0.5000;-0.0137;0.0000;62;60;-0.0049;0.0032;-0.0554;-0.0000;-0.0000;0.0000;0.1969;10154
991.0;0.4982;0.5000;-0.0124;0.0000;60;60;-0.0049;0.0032;-0.0554;-0.0000;-0.0000;0.0000;0.1969;10154
991.5;0.4991;0.5000;0.0179;0.0000;62;60;-0.0831;0.0018;-0.0554;-0.0010;-0.0000;0.0000;0.1969;10154
992.0;0.5000;0.5000;0.0192;0.0000;60;60;0.0733;-0.0012;-0.0554;-0.0010;-0.0000;0.0000;0.1969;10154
992.5;0.5009;0.5000;0.0206;0.0000;60;60;-0.0049;-0.0041;-0.0554;-0.0010;-0.0000;0.0000;0.1969;10154
993.0;0.5014;0.5000;-0.0069;0.0000;60;58;-0.0049;-0.0041;-0.0554;-0.0000;-0.0000;0.0000;0.1969;10154
993.5;0.5014;0.5000;-0.0069;0.0000;58;58;-0.0049;-0.0041;-0.0554;-0.0000;-0.0000;0.0000;0.1969;10154
994.0;0.5018;0.5000;-0.0179;0.0000;58;58;-0.0831;-0.0070;-0.0554;-0.0000;-0.0000;0.0000;0.1969;10154
994.5;0.5023;0.5000;0.0027;0.0000;58;58;-0.0049;-0.0070;-0.0554;-0.0010;-0.0000;0.0000;0.1969;10154
995.0;0.5027;0.5000;-0.0027;0.0000;58;58;-0.0049;-0.0070;-0.0554;-0.0000;-0.0000;0.0000;0.1969;10154
995.5;0.5023;0.5000;0.0165;0.0000;58;58;-0.0049;-0.0070;-0.0554;-0.0010;-0.0000;0.0000;0.1969;10154
996.0;0.5023;0.5000;-0.0192;0.0000;58;58;-0.0831;-0.0070;-0.0554;-0.0000;-0.0000;0.0000;0.1969;10154
996.5;0.5023;0.5000;-0.0357;0.0000;58;58;-0.0049;-0.0070;-0.0554;0.0010;-0.0000;0.0000;0.1969;10154
997.0;0.5018;0.5000;-0.0234;0.0000;58;58;-0.0049;-0.0056;-0.0554;-0.0000;-0.0000;0.0000;0.1969;10154
997.5;0.5014;0.5000;-0.0096;0.0000;58;58;-0.0049;-0.0056;-0.0554;-0.0000;-0.0000;0.0000;0.1969;10154
998.0;0.5014;0.5000;0.0179;0.0000;58;58;-0.0049;-0.0041;-0.0554;-0.0010;-0.0000;0.0000;0.1969;10154
998.5;0.5014;0.5000;-0.0055;0.0000;58;58;-0.0831;-0.0056;-0.0554;-0.0000;-0.0000;0.0000;0.1969;10154
999.0;0.5018;0.5000;0.0275;0.0000;58;58;-0.0049;-0.0056;-0.0554;-0.0020;-0.0000;0.0000;0.1969;10154
999.5;0.5018;0.5000;0.0137;0.0000;58;58;-0.0049;-0.0056;-0.0554;-0.0010;-0.0000;0.0000;0.1969;10154
1000.0;0.5018;0.5000;0.0371;0.0000;58;58;-0.0049;-0.0056;-0.0554;-0.0020;-0.0000;0.0000;0.1969;10154
1000.5;0.5014;0.5000;0.0124;0.0000;58;58;-0.0049;-0.0041;-0.0554;-0.0010;-0.0000;0.0000;0.1969;10154
1001.0;0.5009;0.5000;0.0426;0.0000;58;58;-0.0049;-0.0041;-0.0554;-0.0020;-0.0000;0.0000;0.1969;10154
1001.5;0.5000;0.5000;0.0536;0.0000;60;58;-0.0929;-0.0012;-0.0554;-0.0029;-0.0000;0.0000;0.1969;10154
1002.0;0.4991;0.5000;0.0618;0.0000;60;58;-0.0049;0.0003;-0.0554;-0.0029;-0.0000;0.0000;0.1969;10154
1002.5;0.4995;0.5000;0.1113;0.0000;60;58;0.0733;0.0003;-0.0554;-0.0049;-0.0000;0.0000;0.1969;10154
1003.0;0.4986;0.5000;0.1223;0.0000;62;58;-0.0929;0.0018;-0.0554;-0.0059;-0.0000;0.0000;0.1969;10154
1003.5;0.4982;0.5000;0.1195;0.0000;62;58;-0.0049;0.0032;-0.0554;-0.0059;-0.0000;0.0000;0.1969;10154
1004.0;0.4977;0.5000;0.0893;0.0000;62;58;-0.0049;0.0047;-0.0554;-0.0039;-0.0000;0.0000;0.1969;10154
1004.5;0.4973;0.5000;0.0975;0.0000;62;58;-0.0929;0.0062;-0.0554;-0.0049;-0.0000;0.0000;0.1969;10154
1005.0;0.4968;0.5000;0.0824;0.0000;62;60;-0.0049;0.0062;-0.0554;-0.0039;-0.0000;0.0000;0.1969;10154
1005.5;0.4963;0.5000;0.0907;0.0000;62;60;-0.0049;0.0076;-0.0554;-0.0039;-0.0000;0.0000;0.1969;10154
1006.0;0.4963;0.5000;0.1181;0.0000;62;60;-0.0049;0.0076;-0.0554;-0.0059;-0.0000;0.0000;0.1969;10154
1006.5;0.4959;0.5000;0.1071;0.0000;62;60;-0.0049;0.0091;-0.0554;-0.0049;-0.0000;0.0000;0.1969;10154
1007.0;0.4959;0.5000;0.1236;0.0000;62;60;-0.0049;0.0091;-0.0554;-0.0059;-0.0000;0.0000;0.1969;10154
1007.5;0.4954;0.5000;0.0975;0.0000;62;60;-0.0049;0.0105;-0.0554;-0.0049;-0.0000;0.0000;0.1969;10154
1008.0;0.4954;0.5000;0.0989;0.0000;64;60;-0.1711;0.0105;-0.0554;-0.0049;-0.0000;0.0000;0.1969;10154
1008.5;0.4950;0.5000;0.1140;0.0000;64;60;-0.0049;0.0105;-0.0554;-0.0049;-0.0000;0.0000;0.1969;10154
1009.0;0.4945;0.5000;0.1181;0.0000;64;60;-0.0049;0.0120;-0.0539;-0.0059;-0.0000;0.0000;0.1969;10103
1009.5;0.4945;0.5000;0.1126;0.0000;64;60;-0.0049;0.0120;-0.0539;-0.0049;-0.0000;0.0000;0.1969;10154
1010.0;0.4940;0.5000;0.0920;0.0000;64;60;-0.0049;0.0135;-0.0539;-0.0039;-0.0000;0.0000;0.1969;10154
1010.5;0.4950;0.5000;0.0701;0.0000;64;60;-0.0929;0.0120;-0.0539;-0.0039;-0.0000;0.0000;0.1969;10154
1011.0;0.4954;0.5000;0.0247;0.0000;64;60;-0.0049;0.0105;-0.0539;-0.0020;-0.0000;0.0000;0.1969;10154
1011.5;0.4954;0.5000;-0.0302;0.0000;62;62;-0.0049;0.0105;-0.0539;0.0010;-0.0000;0.0000;0.1969;10154
1012.0;0.4954;0.5000;-0.0137;0.0000;62;62;-0.0049;0.0105;-0.0539;-0.0000;-0.0000;0.0000;0.1969;10154
1012.5;0.4954;0.5000;-0.0343;0.0000;62;62;-0.0049;0.0105;-0.0539;0.0010;-0.0000;0.0000;0.1969;10154
1013.0;0.4945;0.5000;0.0110;0.0000;64;60;-0.0831;0.0120;-0.0539;-0.0010;-0.0000;0.0000;0.1969;10154
1013.5;0.4936;0.5000;0.0343;0.0000;64;62;-0.0049;0.0149;-0.0539;-0.0020;-0.0000;0.0000;0.1969;10154
1014.0;0.4936;0.5000;0.0124;0.0000;64;62;-0.0049;0.0149;-0.0539;-0.0010;-0.0000;0.0000;0.1969;10154
1014.5;0.4927;0.5000;0.0014;0.0000;64;62;-0.0049;0.0164;-0.0539;-0.0010;-0.0000;0.0000;0.1969;10154
1015.0;0.4918;0.5000;-0.0302;0.0000;64;64;0.0733;0.0193;-0.0539;0.0010;-0.0000;0.0000;0.1969;10154
1015.5;0.4913;0.5000;-0.0055;0.0000;64;62;-0.1711;0.0208;-0.0539;-0.0000;-0.0000;0.0000;0.1969;10154
1016.0;0.4908;0.5000;-0.0082;0.0000;65;64;-0.0049;0.0223;-0.0539;-0.0000;-0.0000;0.0000;0.1969;10103
1016.5;0.4904;0.5000;0.0343;0.0000;65;64;-0.0049;0.0237;-0.0539;-0.0020;-0.0000;0.0000;0.1969;10154
1017.0;0.4899;0.5000;0.0261;0.0000;65;64;-0.0831;0.0237;-0.0539;-0.0020;-0.0000;0.0000;0.1969;10154
1017.5;0.4895;0.5000;0.0234;0.0000;65;64;-0.0049;0.0252;-0.0539;-0.0020;-0.0000;0.0000;0.1969;10103
1018.0;0.4886;0.5000;-0.0110;0.0000;65;64;-0.0831;0.0267;-0.0539;-0.0000;-0.0000;0.0000;0.1969;10154
1018.5;0.4881;0.5000;-0.0247;0.0000;65;65;-0.0049;0.0281;-0.0539;0.0010;-0.0000;0.0000;0.1969;10103
1019.0;0.4876;0.5000;0.0069;0.0000;65;65;-0.0049;0.0296;-0.0524;-0.0010;-0.0000;0.0000;0.1969;10103
1019.5;0.4867;0.5000;-0.0137;0.0000;67;65;-0.0831;0.0311;-0.0524;-0.0000;-0.0000;0.0000;0.1969;10154
1020.0;0.4863;0.5000;0.0412;0.0000;67;65;-0.0049;0.0340;-0.0524;-0.0020;-0.0000;0.0000;0.1969;10103
1020.5;0.4863;0.5000;0.0316;0.0000;67;65;0.0733;0.0325;-0.0524;-0.0020;-0.0000;0.0000;0.1969;10103
1021.0;0.4872;0.5000;0.0701;0.0000;67;65;-0.0929;0.0311;-0.0524;-0.0039;-0.0000;0.0000;0.1969;10103
1021.5;0.4872;0.5000;0.0797;0.0000;67;65;-0.0049;0.0311;-0.0524;-0.0039;-0.0000;0.0000;0.1969;10103
1022.0;0.4867;0.5000;0.0934;0.0000;67;65;-0.0049;0.0311;-0.0524;-0.0049;-0.0000;0.0000;0.1969;10103
1022.5;0.4867;0.5000;0.0701;0.0000;67;65;-0.0049;0.0311;-0.0524;-0.0039;-0.0000;0.0000;0.1969;10154
1023.0;0.4876;0.5000;0.0234;0.0000;67;65;-0.0831;0.0296;-0.0524;-0.0020;-0.0000;0.0000;0.1969;10103
1023.5;0.4881;0.5000;0.0701;0.0000;67;65;-0.0049;0.0281;-0.0524;-0.0039;-0.0000;0.0000;0.1969;10103
1024.0;0.4886;0.5000;0.0398;0.0000;67;65;-0.0049;0.0281;-0.0524;-0.0020;-0.0000;0.0000;0.1969;10154
1024.5;0.4886;0.5000;0.0852;0.0000;67;65;-0.0049;0.0267;-0.0524;-0.0039;-0.0000;0.0000;0.1969;10103
1025.0;0.4886;0.5000;0.0673;0.0000;67;65;-0.0049;0.0267;-0.0510;-0.0029;-0.0000;0.0000;0.1969;10154
1025.5;0.4886;0.5000;0.0618;0.0000;67;65;-0.0049;0.0267;-0.0510;-0.0029;-0.0000;0.0000;0.1969;10103
1026.0;0.4895;0.5000;0.0069;0.0000;67;65;-0.0831;0.0252;-0.0510;-0.0010;-0.0000;0.0000;0.1969;10103
1026.5;0.4908;0.5000;-0.0302;0.0000;65;65;0.0733;0.0223;-0.0510;0.0010;-0.0000;0.0000;0.1969;10103
1027.0;0.4918;0.5000;0.0041;0.0000;65;65;-0.0049;0.0193;-0.0510;-0.0010;-0.0000;0.0000;0.1969;10103
1027.5;0.4922;0.5000;-0.0165;0.0000;65;64;-0.0049;0.0179;-0.0510;-0.0000;-0.0000;0.0000;0.1969;10103
1028.0;0.4927;0.5000;0.0014;0.0000;64;64;-0.0049;0.0179;-0.0510;-0.0010;-0.0000;0.0000;0.1969;10154
1028.5;0.4936;0.5000;-0.0275;0.0000;64;65;0.0733;0.0149;-0.0510;0.0010;-0.0000;0.0000;0.1969;10103
1029.0;0.4940;0.5000;-0.0687;0.0000;64;65;-0.0049;0.0135;-0.0510;0.0020;-0.0000;0.0000;0.1969;10103
1029.5;0.4945;0.5000;-0.1346;0.0000;62;65;-0.0049;0.0120;-0.0510;0.0049;-0.0000;0.0000;0.1969;10154
1030.0;0.4954;0.5000;-0.1758;0.0000;62;65;-0.0831;0.0105;-0.0510;0.0068;-0.0000;0.0000;0.1969;10103
1030.5;0.4959;0.5000;-0.1662;0.0000;62;64;0.0049;0.0091;-0.0510;0.0068;-0.0000;0.0000;0.1969;10103
1031.0;0.4963;0.5000;-0.1937;0.0000;60;64;0.0049;0.0076;-0.0510;0.0078;-0.0000;0.0000;0.1969;10154
1031.5;0.4963;0.5000;-0.1470;0.0000;62;64;-0.0831;0.0076;-0.0510;0.0059;-0.0000;0.0000;0.1969;10103
1032.0;0.4963;0.5000;-0.1525;0.0000;62;64;0.0049;0.0076;-0.0510;0.0059;-0.0000;0.0000;0.1969;10154
1032.5;0.4968;0.5000;-0.1332;0.0000;60;64;0.0831;0.0062;-0.0510;0.0049;-0.0000;0.0000;0.1969;10154
1033.0;0.4973;0.5000;-0.1319;0.0000;60;64;-0.0049;0.0062;-0.0510;0.0049;-0.0000;0.0000;0.1969;10103
1033.5;0.4973;0.5000;-0.0948;0.0000;60;64;-0.0049;0.0047;-0.0510;0.0039;-0.0000;0.0000;0.1969;10154
1034.0;0.4973;0.5000;-0.0549;0.0000;62;62;-0.0049;0.0047;-0.0510;0.0020;-0.0000;0.0000;0.1969;10103
1034.5;0.4973;0.5000;-0.0701;0.0000;62;62;-0.0049;0.0062;-0.0510;0.0020;-0.0000;0.0000;0.1969;10154
1035.0;0.4973;0.5000;-0.0206;0.0000;62;62;-0.0049;0.0062;-0.0510;-0.0000;-0.0000;0.0000;0.1969;10154
1035.5;0.4977;0.5000;-0.0494;0.0000;62;62;-0.0831;0.0047;-0.0510;0.0020;-0.0000;0.0000;0.1969;10154
1036.0;0.4982;0.5000;-0.0357;0.0000;62;62;-0.0049;0.0032;-0.0510;0.0010;-0.0000;0.0000;0.1969;10154
1036.5;0.4982;0.5000;-0.0481;0.0000;62;62;-0.0049;0.0032;-0.0510;0.0020;-0.0000;0.0000;0.1969;10154
1037.0;0.4982;0.5000;-0.0385;0.0000;62;62;-0.0049;0.0032;-0.0510;0.0010;-0.0000;0.0000;0.1969;10154
1037.5;0.4982;0.5000;-0.0481;0.0000;62;62;-0.0049;0.0032;-0.0510;0.0020;-0.0000;0.0000;0.1969;10103
1038.0;0.4982;0.5000;-0.0646;0.0000;60;62;-0.0049;0.0032;-0.0510;0.0020;-0.0000;0.0000;0.1969;10154
1038.5;0.4977;0.5000;0.0096;0.0000;62;62;-0.0049;0.0047;-0.0510;-0.0010;-0.0000;0.0000;0.1969;10103
1039.0;0.4982;0.5000;0.0096;0.0000;62;60;-0.0831;0.0032;-0.0510;-0.0010;-0.0000;0.0000;0.1969;10154
1039.5;0.4986;0.5000;0.0728;0.0000;62;60;-0.0049;0.0032;-0.0510;-0.0039;-0.0000;0.0000;0.1969;10154
1040.0;0.4986;0.5000;0.0536;0.0000;62;60;-0.0049;0.0018;-0.0510;-0.0029;-0.0000;0.0000;0.1969;10103
1040.5;0.4986;0.5000;0.0426;0.0000;62;60;0.0733;0.0018;-0.0510;-0.0020;-0.0000;0.0000;0.1969;10154
1041.0;0.4986;0.5000;-0.0096;0.0000;62;60;-0.0049;0.0018;-0.0510;-0.0000;-0.0000;0.0000;0.1969;10154
1041.5;0.4982;0.5000;0.0137;0.0000;62;60;-0.0049;0.0032;-0.0510;-0.0010;-0.0000;0.0000;0.1969;10154
1042.0;0.4982;0.5000;0.0549;0.0000;62;60;-0.0049;0.0032;-0.0510;-0.0029;-0.0000;0.0000;0.1969;10154
1042.5;0.4982;0.5000;0.0948;0.0000;62;60;-0.0049;0.0032;-0.0510;-0.0049;-0.0000;0.0000;0.1969;10154
1043.0;0.4977;0.5000;0.1332;0.0000;64;60;-0.0049;0.0047;-0.0510;-0.0059;-0.0000;0.0000;0.1969;10154
1043.5;0.4973;0.5000;0.0879;0.0000;62;60;-0.0049;0.0047;-0.0510;-0.0039;-0.0000;0.0000;0.1969;10154
1044.0;0.4973;0.5000;0.1223;0.0000;64;60;-0.0049;0.0062;-0.0510;-0.0059;-0.0000;0.0000;0.1969;10154
1044.5;0.4977;0.5000;0.0659;0.0000;62;62;0.0733;0.0047;-0.0510;-0.0029;-0.0000;0.0000;0.1969;10154
1045.0;0.4977;0.5000;0.0975;0.0000;62;60;-0.0049;0.0047;-0.0510;-0.0049;-0.0000;0.0000;0.1969;10154
1045.5;0.4982;0.5000;0.0824;0.0000;62;60;-0.0049;0.0032;-0.0510;-0.0039;-0.0000;0.0000;0.1969;10154
1046.0;0.4977;0.5000;0.0508;0.0000;62;60;-0.0049;0.0032;-0.0495;-0.0029;-0.0000;0.0000;0.1969;10154
1046.5;0.4986;0.5000;0.0412;0.0000;62;60;-0.0831;0.0018;-0.0495;-0.0020;-0.0000;0.0000;0.1969;10154
1047.0;0.4991;0.5000;0.0261;0.0000;62;60;-0.0049;0.0018;-0.0495;-0.0020;-0.0000;0.0000;0.1969;10154
1047.5;0.4991;0.5000;0.0756;0.0000;62;60;-0.0049;0.0018;-0.0495;-0.0039;-0.0000;0.0000;0.1969;10154
1048.0;0.4991;0.5000;0.0096;0.0000;62;60;-0.0049;0.0018;-0.0495;-0.0010;-0.0000;0.0000;0.1969;10154
1048.5;0.4995;0.5000;0.0549;0.0000;62;60;0.0733;0.0003;-0.0495;-0.0029;-0.0000;0.0000;0.1969;10103
1049.0;0.5000;0.5000;-0.0027;0.0000;60;60;-0.0049;-0.0012;-0.0495;-0.0000;-0.0000;0.0000;0.1969;10154
1049.5;0.5000;0.5000;0.0412;0.0000;60;60;-0.0049;-0.0012;-0.0495;-0.0020;-0.0000;0.0000;0.1969;10154
1050.0;0.4995;0.5000;-0.0014;0.0000;60;60;0.0733;0.0003;-0.0495;-0.0000;-0.0000;0.0000;0.1969;10154
1050.5;0.5000;0.5000;0.0426;0.0000;60;60;-0.0049;-0.0012;-0.0495;-0.0020;-0.0000;0.0000;0.1969;10154
1051.0;0.5005;0.5000;0.0481;0.0000;60;60;-0.0049;-0.0026;-0.0495;-0.0029;-0.0000;0.0000;0.1969;10154
1051.5;0.5009;0.5000;-0.0206;0.0000;60;60;-0.0049;-0.0026;-0.0495;-0.0000;-0.0000;0.0000;0.1969;10154
1052.0;0.5014;0.5000;-0.0234;0.0000;58;60;0.0733;-0.0056;-0.0495;-0.0000;-0.0000;0.0000;0.1969;10154
1052.5;0.5018;0.5000;-0.0481;0.0000;58;60;-0.0049;-0.0056;-0.0510;0.0020;-0.0000;0.0000;0.1969;10154
1053.0;0.5023;0.5000;0.0536;0.0000;60;60;-0.0049;-0.0070;-0.0510;-0.0029;-0.0000;0.0000;0.1969;10154
1053.5;0.5023;0.5000;0.0618;0.0000;60;58;-0.0049;-0.0070;-0.0510;-0.0029;-0.0000;0.0000;0.1969;10154
1054.0;0.5027;0.5000;0.1401;0.0000;60;58;-0.0929;-0.0085;-0.0510;-0.0068;-0.0000;0.0000;0.1969;10154
1054.5;0.5023;0.5000;0.0948;0.0000;60;58;-0.0049;-0.0070;-0.0510;-0.0049;-0.0000;0.0000;0.1969;10154
1055.0;0.5014;0.5000;0.0618;0.0000;58;60;0.0733;-0.0041;-0.0510;-0.0029;-0.0000;0.0000;0.1969;10154
1055.5;0.4995;0.5000;0.1044;0.0000;60;58;-0.0049;0.0003;-0.0510;-0.0049;-0.0000;0.0000;0.1969;10154
1056.0;0.4977;0.5000;0.0756;0.0000;60;60;0.0733;0.0047;-0.0510;-0.0039;-0.0000;0.0000;0.1969;10154
1056.5;0.4963;0.5000;0.1195;0.0000;62;60;-0.0049;0.0076;-0.0510;-0.0059;-0.0000;0.0000;0.1969;10154
1057.0;0.4945;0.5000;0.0495;0.0000;62;62;-0.0049;0.0120;-0.0510;-0.0029;-0.0000;0.0000;0.1969;10154
1057.5;0.4931;0.5000;0.0879;0.0000;64;64;-0.0049;0.0164;-0.0495;-0.0039;-0.0000;0.0000;0.1969;10154
1058.0;0.4922;0.5000;0.0220;0.0000;62;65;0.0733;0.0179;-0.0495;-0.0010;-0.0000;0.0000;0.1969;10154
1058.5;0.4913;0.5000;0.0481;0.0000;64;65;-0.0049;0.0193;-0.0495;-0.0029;-0.0000;0.0000;0.1969;10154
1059.0;0.4913;0.5000;0.0288;0.0000;62;65;0.1613;0.0208;-0.0495;-0.0020;-0.0000;0.0000;0.1969;10154
1059.5;0.4913;0.5000;0.0838;0.0000;64;65;-0.0929;0.0208;-0.0495;-0.0039;-0.0000;0.0000;0.1969;10103
1060.0;0.4918;0.5000;0.0646;0.0000;64;65;-0.0049;0.0193;-0.0495;-0.0029;-0.0000;0.0000;0.1969;10103
1060.5;0.4918;0.5000;0.0302;0.0000;64;65;-0.0049;0.0193;-0.0495;-0.0020;-0.0000;0.0000;0.1969;10154
1061.0;0.4922;0.5000;0.1264;0.0000;64;65;0.0733;0.0179;-0.0495;-0.0059;-0.0000;0.0000;0.1969;10103
1061.5;0.4931;0.5000;0.0879;0.0000;64;64;-0.0049;0.0164;-0.0495;-0.0039;-0.0000;0.0000;0.1969;10154
1062.0;0.4931;0.5000;0.1346;0.0000;64;64;-0.0049;0.0164;-0.0495;-0.0059;-0.0000;0.0000;0.1969;10103
1062.5;0.4931;0.5000;0.0137;0.0000;64;65;-0.0049;0.0149;-0.0495;-0.0010;-0.0000;0.0000;0.1969;10103
1063.0;0.4936;0.5000;0.0247;0.0000;64;64;-0.0049;0.0149;-0.0495;-0.0020;-0.0000;0.0000;0.1969;10154
1063.5;0.4936;0.5000;-0.0494;0.0000;62;65;-0.0049;0.0149;-0.0495;0.0020;-0.0000;0.0000;0.1969;10154
1064.0;0.4931;0.5000;0.0151;0.0000;64;64;-0.0049;0.0149;-0.0495;-0.0010;-0.0000;0.0000;0.1969;10154
1064.5;0.4931;0.5000;0.0852;0.0000;64;64;-0.0049;0.0149;-0.0495;-0.0039;-0.0000;0.0000;0.1969;10103
1065.0;0.4931;0.5000;0.1360;0.0000;65;64;0.0733;0.0164;-0.0495;-0.0059;-0.0000;0.0000;0.1969;10103
1065.5;0.4931;0.5000;0.1236;0.0000;65;64;-0.0049;0.0164;-0.0495;-0.0059;-0.0000;0.0000;0.1969;10103
1066.0;0.4927;0.5000;-0.0027;0.0000;64;65;-0.0049;0.0164;-0.0495;-0.0000;-0.0000;0.0000;0.1969;10154
1066.5;0.4931;0.5000;0.0467;0.0000;64;65;0.0733;0.0149;-0.0495;-0.0029;-0.0000;0.0000;0.1969;10154
1067.0;0.4936;0.5000;-0.0426;0.0000;64;65;-0.0049;0.0149;-0.0495;0.0010;-0.0000;0.0000;0.1969;10154
1067.5;0.4940;0.5000;0.0495;0.0000;64;64;-0.0049;0.0135;-0.0495;-0.0029;-0.0000;0.0000;0.1969;10154
1068.0;0.4950;0.5000;-0.0151;0.0000;62;65;0.0733;0.0120;-0.0481;-0.0000;-0.0000;0.0000;0.1969;10103
1068.5;0.4950;0.5000;0.0151;0.0000;62;64;-0.0049;0.0105;-0.0481;-0.0010;-0.0000;0.0000;0.1969;10154
1069.0;0.4954;0.5000;-0.0316;0.0000;62;64;-0.0049;0.0105;-0.0481;0.0010;-0.0000;0.0000;0.1969;10154
1069.5;0.4963;0.5000;0.0247;0.0000;62;64;0.0733;0.0076;-0.0481;-0.0020;-0.0000;0.0000;0.1969;10103
1070.0;0.4973;0.5000;0.0920;0.0000;64;62;-0.0929;0.0047;-0.0481;-0.0049;-0.0000;0.0000;0.1969;10154
1070.5;0.4977;0.5000;0.0041;0.0000;62;64;-0.0049;0.0047;-0.0481;-0.0010;-0.0000;0.0000;0.1969;10154
1071.0;0.4982;0.5000;0.0563;0.0000;62;62;0.0733;0.0032;-0.0481;-0.0029;-0.0000;0.0000;0.1969;10154
1071.5;0.4986;0.5000;0.0000;0.0000;60;64;-0.0049;0.0032;-0.0481;-0.0010;-0.0000;0.0000;0.1969;10154
1072.0;0.4986;0.5000;0.1168;0.0000;62;62;-0.0049;0.0018;-0.0481;-0.0059;-0.0000;0.0000;0.1969;10154
1072.5;0.4995;0.5000;0.0440;0.0000;60;62;0.0733;0.0003;-0.0481;-0.0020;-0.0000;0.0000;0.1969;10154
1073.0;0.4995;0.5000;0.1195;0.0000;62;62;-0.0049;-0.0012;-0.0481;-0.0059;-0.0000;0.0000;0.1969;10154
1073.5;0.5000;0.5000;0.0137;0.0000;60;62;-0.0049;-0.0012;-0.0481;-0.0010;-0.0000;0.0000;0.1969;10154
1074.0;0.5005;0.5000;0.0041;0.0000;60;62;0.0733;-0.0026;-0.0481;-0.0010;-0.0000;0.0000;0.1969;10154
1074.5;0.5009;0.5000;-0.0577;0.0000;58;62;-0.0049;-0.0041;-0.0481;0.0020;-0.0000;0.0000;0.1969;10154
1075.0;0.5005;0.5000;0.0124;0.0000;60;62;-0.0049;-0.0026;-0.0481;-0.0010;-0.0000;0.0000;0.1969;10154
1075.5;0.5000;0.5000;0.0893;0.0000;60;62;0.1515;-0.0012;-0.0481;-0.0039;-0.0000;0.0000;0.1969;10154
1076.0;0.4995;0.5000;0.0385;0.0000;60;62;-0.0831;0.0003;-0.0481;-0.0020;-0.0000;0.0000;0.1969;10154
1076.5;0.4991;0.5000;0.0687;0.0000;60;62;-0.0049;0.0003;-0.0481;-0.0039;-0.0000;0.0000;0.1969;10154
1077.0;0.4995;0.5000;-0.0220;0.0000;58;64;0.0733;0.0003;-0.0481;-0.0000;-0.0000;0.0000;0.1969;10154
1077.5;0.4995;0.5000;0.0604;0.0000;60;62;-0.0049;0.0003;-0.0481;-0.0029;-0.0000;0.0000;0.1969;10154
1078.0;0.4995;0.5000;0.0591;0.0000;60;62;-0.0049;0.0003;-0.0481;-0.0029;-0.0000;0.0000;0.1969;10103
1078.5;0.4995;0.5000;0.1511;0.0000;62;60;-0.0147;0.0003;-0.0481;-0.0068;-0.0000;0.0000;0.1969;10154
1079.0;0.4991;0.5000;0.1429;0.0000;62;60;-0.0147;0.0003;-0.0481;-0.0068;-0.0000;0.0000;0.1969;10154
1079.5;0.4991;0.5000;0.1415;0.0000;62;60;-0.0147;0.0003;-0.0481;-0.0068;-0.0000;0.0000;0.1969;10154
1080.0;0.4995;0.5000;0.2074;0.0000;62;60;0.0733;0.0003;-0.0481;-0.0088;-0.0000;0.0000;0.1969;10154
1080.5;0.4995;0.5000;0.1758;0.0000;62;60;-0.0147;-0.0012;-0.0481;-0.0078;-0.0000;0.0000;0.1969;10154
1081.0;0.5000;0.5000;0.1964;0.0000;62;60;-0.0147;-0.0012;-0.0481;-0.0088;-0.0000;0.0000;0.1969;10154
1081.5;0.5005;0.5000;0.1250;0.0000;60;60;0.0733;-0.0026;-0.0481;-0.0059;-0.0000;0.0000;0.1969;10154
1082.0;0.5009;0.5000;0.1868;0.0000;62;60;-0.0147;-0.0026;-0.0481;-0.0088;-0.0000;0.0000;0.1969;10154
1082.5;0.5009;0.5000;0.1387;0.0000;60;60;-0.0049;-0.0026;-0.0481;-0.0059;-0.0000;0.0000;0.1969;10154
1083.0;0.5009;0.5000;0.2115;0.0000;62;60;-0.0147;-0.0041;-0.0481;-0.0098;-0.0000;0.0000;0.1969;10154
1083.5;0.5000;0.5000;0.2431;0.0000;62;60;0.0635;-0.0012;-0.0481;-0.0108;-0.0000;0.0000;0.1969;10154
1084.0;0.4986;0.5000;0.2637;0.0000;62;60;0.0635;0.0018;-0.0481;-0.0117;-0.0000;0.0000;0.1969;10154
1084.5;0.4982;0.5000;0.2170;0.0000;62;60;-0.0929;0.0032;-0.0481;-0.0098;-0.0000;0.0000;0.1969;10154
1085.0;0.4977;0.5000;0.1607;0.0000;62;60;0.0733;0.0047;-0.0481;-0.0068;-0.0000;0.0000;0.1969;10154
1085.5;0.4977;0.5000;0.2376;0.0000;64;60;-0.0147;0.0047;-0.0481;-0.0108;-0.0000;0.0000;0.1969;10154
1086.0;0.4973;0.5000;0.2157;0.0000;64;60;-0.0147;0.0062;-0.0481;-0.0098;-0.0000;0.0000;0.1969;10154
1086.5;0.4968;0.5000;0.3077;0.0000;64;60;-0.0147;0.0062;-0.0481;-0.0137;-0.0000;0.0000;0.1969;10154
1087.0;0.4968;0.5000;0.2404;0.0000;64;60;0.0635;0.0076;-0.0481;-0.0108;-0.0000;0.0000;0.1969;10154
1087.5;0.4963;0.5000;0.2459;0.0000;64;60;-0.0147;0.0076;-0.0481;-0.0108;-0.0000;0.0000;0.1969;10154
1088.0;0.4963;0.5000;0.1497;0.0000;64;62;-0.0147;0.0076;-0.0481;-0.0068;-0.0000;0.0000;0.1969;10154
1088.5;0.4959;0.5000;0.1703;0.0000;64;62;-0.0147;0.0091;-0.0481;-0.0078;-0.0000;0.0000;0.1969;10154
1089.0;0.4963;0.5000;0.1841;0.0000;64;62;0.0733;0.0076;-0.0481;-0.0078;-0.0000;0.0000;0.1969;10154
1089.5;0.4968;0.5000;0.2198;0.0000;64;62;-0.0147;0.0076;-0.0481;-0.0098;-0.0000;0.0000;0.1969;10103
1090.0;0.4968;0.5000;0.2129;0.0000;64;60;-0.0147;0.0062;-0.0481;-0.0098;-0.0000;0.0000;0.1969;10154
1090.5;0.4968;0.5000;0.1429;0.0000;64;62;-0.0147;0.0062;-0.0481;-0.0068;-0.0000;0.0000;0.1969;10103
1091.0;0.4968;0.5000;0.1566;0.0000;64;62;-0.0147;0.0076;-0.0481;-0.0068;-0.0000;0.0000;0.1969;10154
1091.5;0.4963;0.5000;0.0769;0.0000;62;62;-0.0049;0.0076;-0.0481;-0.0039;-0.0000;0.0000;0.1969;10154
1092.0;0.4963;0.5000;0.0920;0.0000;64;62;-0.0049;0.0076;-0.0481;-0.0039;-0.0000;0.0000;0.1969;10154
1092.5;0.4959;0.5000;0.0453;0.0000;62;62;-0.0049;0.0091;-0.0481;-0.0020;-0.0000;0.0000;0.1969;10154
1093.0;0.4968;0.5000;0.0591;0.0000;64;62;-0.0929;0.0076;-0.0481;-0.0029;-0.0000;0.0000;0.1969;10154
1093.5;0.4968;0.5000;0.0288;0.0000;64;62;-0.0049;0.0062;-0.0481;-0.0020;-0.0000;0.0000;0.1969;10154
1094.0;0.4977;0.5000;0.0687;0.0000;62;62;0.0733;0.0047;-0.0481;-0.0029;-0.0000;0.0000;0.1969;10154
1094.5;0.4982;0.5000;0.1264;0.0000;64;62;-0.0049;0.0032;-0.0481;-0.0059;-0.0000;0.0000;0.1969;10154
1095.0;0.4986;0.5000;0.0522;0.0000;62;62;-0.0049;0.0018;-0.0481;-0.0029;-0.0000;0.0000;0.1969;10154
1095.5;0.4986;0.5000;0.0797;0.0000;62;62;-0.0049;0.0018;-0.0481;-0.0039;-0.0000;0.0000;0.1969;10154
1096.0;0.4986;0.5000;0.0261;0.0000;62;62;0.0733;0.0018;-0.0481;-0.0020;-0.0000;0.0000;0.1969;10103
1096.5;0.4986;0.5000;0.1113;0.0000;62;60;-0.0049;0.0018;-0.0481;-0.0049;-0.0000;0.0000;0.1969;10154
1097.0;0.4982;0.5000;0.0865;0.0000;62;60;-0.0929;0.0032;-0.0481;-0.0039;-0.0000;0.0000;0.1969;10154
1097.5;0.4973;0.5000;0.1799;0.0000;64;60;0.0733;0.0047;-0.0481;-0.0078;-0.0000;0.0000;0.1969;10154
1098.0;0.4968;0.5000;0.1429;0.0000;64;62;-0.0147;0.0076;-0.0481;-0.0068;-0.0000;0.0000;0.1969;10154
1098.5;0.4959;0.5000;0.1126;0.0000;64;62;-0.0049;0.0091;-0.0481;-0.0049;-0.0000;0.0000;0.1969;10154
1099.0;0.4963;0.5000;0.0632;0.0000;62;64;0.0733;0.0076;-0.0481;-0.0029;-0.0000;0.0000;0.1969;10103
1099.5;0.4963;0.5000;0.0536;0.0000;62;64;-0.0049;0.0076;-0.0481;-0.0029;-0.0000;0.0000;0.1969;10154
1100.0;0.4973;0.5000;0.1140;0.0000;64;62;-0.0929;0.0062;-0.0481;-0.0049;-0.0000;0.0000;0.1969;10154
1100.5;0.4968;0.5000;0.0687;0.0000;62;62;0.0733;0.0062;-0.0481;-0.0029;-0.0000;0.0000;0.1969;10154
1101.0;0.4963;0.5000;0.1291;0.0000;64;62;-0.0929;0.0076;-0.0481;-0.0059;-0.0000;0.0000;0.1969;10154
1101.5;0.4963;0.5000;0.0632;0.0000;64;62;-0.0049;0.0076;-0.0481;-0.0029;-0.0000;0.0000;0.1969;10154
1102.0;0.4959;0.5000;0.1058;0.0000;64;62;-0.0049;0.0091;-0.0481;-0.0049;-0.0000;0.0000;0.1969;10154
1102.5;0.4959;0.5000;0.1126;0.0000;64;62;-0.0049;0.0091;-0.0481;-0.0049;-0.0000;0.0000;0.1969;10154
1103.0;0.4954;0.5000;0.1429;0.0000;64;62;-0.0147;0.0105;-0.0481;-0.0068;-0.0000;0.0000;0.1969;10154
1103.5;0.4954;0.5000;0.1291;0.0000;64;62;-0.0049;0.0105;-0.0481;-0.0059;-0.0000;0.0000;0.1969;10154
1104.0;0.4959;0.5000;0.1168;0.0000;64;62;0.0733;0.0091;-0.0481;-0.0059;-0.0000;0.0000;0.1969;10154
1104.5;0.4959;0.5000;0.1374;0.0000;64;62;-0.0049;0.0091;-0.0481;-0.0059;-0.0000;0.0000;0.1969;10103
1105.0;0.4968;0.5000;0.1580;0.0000;64;62;-0.0929;0.0076;-0.0466;-0.0068;-0.0000;0.0000;0.1969;10154
1105.5;0.4973;0.5000;0.2115;0.0000;64;60;-0.0147;0.0062;-0.0466;-0.0098;-0.0000;0.0000;0.1969;10154
1106.0;0.4977;0.5000;0.1387;0.0000;64;62;-0.0049;0.0047;-0.0466;-0.0059;-0.0000;0.0000;0.1969;10103
1106.5;0.4977;0.5000;0.1538;0.0000;64;60;-0.0147;0.0047;-0.0466;-0.0068;-0.0000;0.0000;0.1969;10154
1107.0;0.4982;0.5000;0.0701;0.0000;62;62;0.0733;0.0032;-0.0466;-0.0039;-0.0000;0.0000;0.1969;10154
1107.5;0.4986;0.5000;0.1264;0.0000;62;62;-0.0049;0.0018;-0.0466;-0.0059;-0.0000;0.0000;0.1969;10103
1108.0;0.4991;0.5000;0.1786;0.0000;64;60;-0.0147;0.0018;-0.0466;-0.0078;-0.0000;0.0000;0.1969;10154
1108.5;0.4991;0.5000;0.2143;0.0000;64;60;-0.0147;0.0018;-0.0466;-0.0098;-0.0000;0.0000;0.1969;10154
1109.0;0.4986;0.5000;0.2006;0.0000;64;60;-0.0147;0.0018;-0.0466;-0.0088;-0.0000;0.0000;0.1969;10154
1109.5;0.5000;0.5000;0.1209;0.0000;62;60;-0.0049;-0.0012;-0.0466;-0.0059;-0.0000;0.0000;0.1969;10154
1110.0;0.5009;0.5000;0.1497;0.0000;62;60;-0.0147;-0.0041;-0.0466;-0.0068;-0.0000;0.0000;0.1969;10154
1110.5;0.5023;0.5000;0.0838;0.0000;60;60;0.0733;-0.0070;-0.0466;-0.0039;-0.0000;0.0000;0.1969;10154
1111.0;0.5027;0.5000;0.1360;0.0000;60;60;-0.0049;-0.0085;-0.0466;-0.0059;-0.0000;0.0000;0.1969;10154
1111.5;0.5032;0.5000;0.1305;0.0000;60;58;-0.0049;-0.0085;-0.0466;-0.0059;-0.0000;0.0000;0.1969;10154
1112.0;0.5032;0.5000;0.1552;0.0000;60;58;-0.0147;-0.0085;-0.0481;-0.0068;-0.0000;0.0000;0.1969;10154
1112.5;0.5032;0.5000;0.1387;0.0000;60;58;-0.0049;-0.0085;-0.0481;-0.0059;-0.0000;0.0000;0.1969;10154
1113.0;0.5027;0.5000;0.1470;0.0000;60;58;-0.0147;-0.0085;-0.0481;-0.0068;-0.0000;0.0000;0.1969;10154
1113.5;0.5027;0.5000;0.1538;0.0000;60;58;-0.0147;-0.0085;-0.0481;-0.0068;-0.0000;0.0000;0.1969;10154
1114.0;0.5023;0.5000;0.1470;0.0000;60;58;-0.0147;-0.0070;-0.0481;-0.0068;-0.0000;0.0000;0.1969;10154
1114.5;0.5018;0.5000;0.1442;0.0000;60;58;-0.0147;-0.0056;-0.0481;-0.0068;-0.0000;0.0000;0.1969;10154
1115.0;0.5018;0.5000;0.1236;0.0000;60;58;-0.0929;-0.0056;-0.0481;-0.0059;-0.0000;0.0000;0.1969;10154
1115.5;0.5005;0.5000;0.1772;0.0000;62;58;0.0733;-0.0026;-0.0481;-0.0078;-0.0000;0.0000;0.1969;10154
1116.0;0.4995;0.5000;0.1580;0.0000;62;60;0.0733;0.0003;-0.0481;-0.0068;-0.0000;0.0000;0.1969;10154
1116.5;0.4973;0.5000;0.1896;0.0000;62;60;-0.0147;0.0047;-0.0481;-0.0088;-0.0000;0.0000;0.1969;10154
1117.0;0.4959;0.5000;0.1470;0.0000;62;62;0.1515;0.0091;-0.0481;-0.0068;-0.0000;0.0000;0.1969;10154
1117.5;0.4950;0.5000;0.1058;0.0000;64;62;-0.1711;0.0120;-0.0481;-0.0049;-0.0000;0.0000;0.1969;10154
1118.0;0.4950;0.5000;0.0769;0.0000;64;64;0.0733;0.0120;-0.0481;-0.0039;-0.0000;0.0000;0.1969;10154
1118.5;0.4945;0.5000;0.0893;0.0000;64;64;-0.0049;0.0120;-0.0466;-0.0039;-0.0000;0.0000;0.1969;10103
1119.0;0.4945;0.5000;0.1525;0.0000;64;62;-0.0147;0.0120;-0.0466;-0.0068;-0.0000;0.0000;0.1969;10103
1119.5;0.4945;0.5000;0.1168;0.0000;64;64;-0.0049;0.0135;-0.0466;-0.0059;-0.0000;0.0000;0.1969;10154
1120.0;0.4940;0.5000;0.1607;0.0000;65;62;-0.0147;0.0135;-0.0466;-0.0068;-0.0000;0.0000;0.1969;10103
1120.5;0.4940;0.5000;0.0934;0.0000;64;64;-0.0049;0.0135;-0.0466;-0.0049;-0.0000;0.0000;0.1969;10154
1121.0;0.4936;0.5000;0.0879;0.0000;64;64;-0.0049;0.0149;-0.0466;-0.0039;-0.0000;0.0000;0.1969;10154
1121.5;0.4936;0.5000;0.0192;0.0000;64;64;-0.0049;0.0149;-0.0466;-0.0010;-0.0000;0.0000;0.1969;10103
1122.0;0.4931;0.5000;0.0536;0.0000;64;64;-0.0049;0.0149;-0.0466;-0.0029;-0.0000;0.0000;0.1969;10154
1122.5;0.4931;0.5000;0.0783;0.0000;65;64;-0.0049;0.0149;-0.0466;-0.0039;-0.0000;0.0000;0.1969;10154
1123.0;0.4931;0.5000;0.0714;0.0000;65;64;-0.0049;0.0164;-0.0466;-0.0039;-0.0000;0.0000;0.1969;10154
1123.5;0.4922;0.5000;0.0742;0.0000;65;64;0.0733;0.0179;-0.0466;-0.0039;-0.0000;0.0000;0.1969;10154
1124.0;0.4913;0.5000;0.0563;0.0000;65;65;-0.0049;0.0193;-0.0466;-0.0029;-0.0000;0.0000;0.1969;10154
1124.5;0.4908;0.5000;0.0962;0.0000;65;65;-0.0049;0.0208;-0.0466;-0.0049;-0.0000;0.0000;0.1969;10103
1125.0;0.4904;0.5000;0.0879;0.0000;65;65;-0.0929;0.0223;-0.0466;-0.0039;-0.0000;0.0000;0.1969;10154
1125.5;0.4904;0.5000;0.1374;0.0000;67;65;-0.0049;0.0237;-0.0466;-0.0059;-0.0000;0.0000;0.1969;10154
1126.0;0.4895;0.5000;0.1126;0.0000;67;65;0.0733;0.0252;-0.0466;-0.0049;-0.0000;0.0000;0.1969;10103
1126.5;0.4886;0.5000;0.1387;0.0000;67;65;-0.0147;0.0267;-0.0466;-0.0068;-0.0000;0.0000;0.1969;10154
1127.0;0.4890;0.5000;0.1525;0.0000;67;67;0.0733;0.0267;-0.0466;-0.0068;-0.0000;0.0000;0.1969;10103
1127.5;0.4890;0.5000;0.1593;0.0000;67;65;-0.0147;0.0267;-0.0466;-0.0068;-0.0000;0.0000;0.1969;10103
1128.0;0.4890;0.5000;0.1442;0.0000;67;65;-0.0147;0.0252;-0.0451;-0.0068;-0.0000;0.0000;0.1969;10103
1128.5;0.4895;0.5000;0.1058;0.0000;67;67;-0.0049;0.0252;-0.0451;-0.0049;-0.0000;0.0000;0.1969;10103
1129.0;0.4899;0.5000;0.1126;0.0000;67;67;0.0733;0.0237;-0.0451;-0.0049;-0.0000;0.0000;0.1969;10103
1129.5;0.4904;0.5000;0.1223;0.0000;67;65;-0.0049;0.0223;-0.0451;-0.0059;-0.0000;0.0000;0.1969;10103
1130.0;0.4899;0.5000;0.2088;0.0000;67;65;-0.0147;0.0237;-0.0451;-0.0088;-0.0000;0.0000;0.1969;10103
1130.5;0.4895;0.5000;0.2006;0.0000;67;65;-0.0147;0.0252;-0.0451;-0.0088;-0.0000;0.0000;0.1969;10103
1131.0;0.4895;0.5000;0.2418;0.0000;67;65;-0.0147;0.0252;-0.0451;-0.0108;-0.0000;0.0000;0.1969;10103
1131.5;0.4899;0.5000;0.1841;0.0000;67;67;0.0733;0.0237;-0.0451;-0.0078;-0.0000;0.0000;0.1969;10103
1132.0;0.4904;0.5000;0.1786;0.0000;67;65;-0.0147;0.0223;-0.0451;-0.0078;-0.0000;0.0000;0.1969;10154
1132.5;0.4908;0.5000;0.1758;0.0000;67;65;-0.0147;0.0223;-0.0451;-0.0078;-0.0000;0.0000;0.1969;10154
1133.0;0.4913;0.5000;0.1607;0.0000;67;65;-0.0147;0.0193;-0.0451;-0.0068;-0.0000;0.0000;0.1969;10103
1133.5;0.4922;0.5000;0.1799;0.0000;67;65;-0.0147;0.0193;-0.0451;-0.0078;-0.0000;0.0000;0.1969;10154
1134.0;0.4922;0.5000;0.1401;0.0000;67;65;-0.0147;0.0179;-0.0451;-0.0068;-0.0000;0.0000;0.1969;10103
1134.5;0.4922;0.5000;0.1690;0.0000;67;64;-0.0147;0.0179;-0.0451;-0.0078;-0.0000;0.0000;0.1969;10103
1135.0;0.4927;0.5000;0.1250;0.0000;67;65;-0.0049;0.0179;-0.0451;-0.0059;-0.0000;0.0000;0.1969;10154
1135.5;0.4927;0.5000;0.1387;0.0000;67;65;-0.0147;0.0179;-0.0451;-0.0068;-0.0000;0.0000;0.1969;10103
1136.0;0.4927;0.5000;0.1113;0.0000;67;65;-0.0049;0.0179;-0.0437;-0.0049;-0.0000;0.0000;0.1969;10103
1136.5;0.4922;0.5000;0.0673;0.0000;65;65;-0.0049;0.0179;-0.0437;-0.0029;-0.0000;0.0000;0.1969;10154
1137.0;0.4922;0.5000;0.0563;0.0000;65;65;-0.0049;0.0179;-0.0437;-0.0029;-0.0000;0.0000;0.1969;10103
1137.5;0.4922;0.5000;0.0288;0.0000;65;65;-0.0049;0.0179;-0.0437;-0.0020;-0.0000;0.0000;0.1969;10154
1138.0;0.4922;0.5000;0.0398;0.0000;65;65;-0.0049;0.0179;-0.0437;-0.0020;-0.0000;0.0000;0.1969;10154
1138.5;0.4918;0.5000;-0.0014;0.0000;65;65;-0.0049;0.0193;-0.0437;-0.0000;-0.0000;0.0000;0.1969;10103
1139.0;0.4918;0.5000;-0.0014;0.0000;65;65;-0.0049;0.0193;-0.0437;-0.0000;-0.0000;0.0000;0.1969;10103
1139.5;0.4927;0.5000;-0.0549;0.0000;65;67;0.0831;0.0179;-0.0437;0.0020;-0.0000;0.0000;0.1969;10154
1140.0;0.4936;0.5000;-0.0481;0.0000;65;65;-0.0831;0.0149;-0.0437;0.0020;-0.0000;0.0000;0.1969;10103
1140.5;0.4945;0.5000;-0.0522;0.0000;64;65;-0.0049;0.0120;-0.0437;0.0020;-0.0000;0.0000;0.1969;10154
1141.0;0.4950;0.5000;0.0082;0.0000;65;65;-0.0049;0.0120;-0.0437;-0.0010;-0.0000;0.0000;0.1969;10103
1141.5;0.4959;0.5000;0.0701;0.0000;65;64;-0.0929;0.0091;-0.0437;-0.0039;-0.0000;0.0000;0.1969;10103
1142.0;0.4963;0.5000;0.0481;0.0000;65;64;-0.0049;0.0076;-0.0437;-0.0029;-0.0000;0.0000;0.1969;10154
1142.5;0.4973;0.5000;0.0714;0.0000;64;64;0.0733;0.0047;-0.0437;-0.0039;-0.0000;0.0000;0.1969;10103
1143.0;0.4982;0.5000;0.0206;0.0000;64;64;-0.0049;0.0032;-0.0437;-0.0010;-0.0000;0.0000;0.1969;10154
1143.5;0.4982;0.5000;0.0426;0.0000;64;62;-0.0049;0.0032;-0.0437;-0.0020;-0.0000;0.0000;0.1969;10154
1144.0;0.4986;0.5000;0.0247;0.0000;64;64;-0.0049;0.0018;-0.0437;-0.0020;-0.0000;0.0000;0.1969;10103
1144.5;0.4986;0.5000;0.0453;0.0000;64;62;0.0733;0.0018;-0.0437;-0.0020;-0.0000;0.0000;0.1969;10154
1145.0;0.4986;0.5000;0.0495;0.0000;64;62;-0.0049;0.0032;-0.0437;-0.0029;-0.0000;0.0000;0.1969;10154
1145.5;0.4991;0.5000;0.0371;0.0000;64;62;-0.0831;0.0018;-0.0437;-0.0020;-0.0000;0.0000;0.1969;10154
1146.0;0.4991;0.5000;0.0261;0.0000;64;62;-0.0049;0.0003;-0.0437;-0.0020;-0.0000;0.0000;0.1969;10154
1146.5;0.4995;0.5000;-0.0069;0.0000;62;62;-0.0049;0.0003;-0.0437;-0.0000;-0.0000;0.0000;0.1969;10154
1147.0;0.5000;0.5000;0.0165;0.0000;64;62;-0.0831;-0.0012;-0.0437;-0.0010;-0.0000;0.0000;0.1969;10154
1147.5;0.5009;0.5000;0.0206;0.0000;62;62;0.0733;-0.0041;-0.0437;-0.0010;-0.0000;0.0000;0.1969;10154
1148.0;0.5018;0.5000;0.0701;0.0000;62;60;-0.0049;-0.0056;-0.0437;-0.0039;-0.0000;0.0000;0.1969;10154
1148.5;0.5023;0.5000;0.0824;0.0000;62;60;-0.0049;-0.0070;-0.0437;-0.0039;-0.0000;0.0000;0.1969;10154
1149.0;0.5023;0.5000;0.0797;0.0000;62;60;-0.0049;-0.0070;-0.0437;-0.0039;-0.0000;0.0000;0.1969;10154
1149.5;0.5023;0.5000;0.0920;0.0000;62;60;-0.0049;-0.0070;-0.0437;-0.0049;-0.0000;0.0000;0.1969;10154
1150.0;0.5032;0.5000;0.0701;0.0000;62;60;-0.0049;-0.0100;-0.0437;-0.0039;-0.0000;0.0000;0.1969;10154
1150.5;0.5041;0.5000;0.0920;0.0000;62;60;-0.0049;-0.0114;-0.0437;-0.0039;-0.0000;0.0000;0.1969;10154
1151.0;0.5046;0.5000;0.0852;0.0000;60;58;-0.0049;-0.0129;-0.0437;-0.0039;-0.0000;0.0000;0.1969;10154
1151.5;0.5046;0.5000;0.0920;0.0000;60;58;-0.0049;-0.0129;-0.0437;-0.0039;-0.0000;0.0000;0.1969;10154
1152.0;0.5046;0.5000;0.1140;0.0000;60;58;-0.0049;-0.0129;-0.0437;-0.0049;-0.0000;0.0000;0.1969;10154
1152.5;0.5041;0.5000;0.1319;0.0000;60;58;-0.0049;-0.0114;-0.0437;-0.0059;-0.0000;0.0000;0.1969;10154
1153.0;0.5041;0.5000;0.1429;0.0000;62;58;-0.0147;-0.0114;-0.0437;-0.0068;-0.0000;0.0000;0.1969;10154
1153.5;0.5037;0.5000;0.1360;0.0000;62;58;-0.0049;-0.0100;-0.0437;-0.0059;-0.0000;0.0000;0.1969;10154
1154.0;0.5041;0.5000;0.1360;0.0000;62;58;-0.0929;-0.0114;-0.0437;-0.0059;-0.0000;0.0000;0.1969;10154
1154.5;0.5041;0.5000;0.0865;0.0000;60;58;-0.0049;-0.0114;-0.0437;-0.0039;-0.0000;0.0000;0.1969;10154
1155.0;0.5041;0.5000;0.0975;0.0000;60;58;-0.0049;-0.0114;-0.0437;-0.0049;-0.0000;0.0000;0.1969;10154
1155.5;0.5046;0.5000;0.0687;0.0000;60;58;-0.0929;-0.0129;-0.0437;-0.0029;-0.0000;0.0000;0.1969;10154
1156.0;0.5050;0.5000;0.0893;0.0000;60;58;-0.0049;-0.0144;-0.0437;-0.0039;-0.0000;0.0000;0.1969;10154
1156.5;0.5050;0.5000;0.0865;0.0000;60;58;-0.0049;-0.0144;-0.0437;-0.0039;-0.0000;0.0000;0.1969;10154
1157.0;0.5055;0.5000;0.0220;0.0000;60;58;-0.0831;-0.0158;-0.0437;-0.0010;-0.0000;0.0000;0.1969;10154
1157.5;0.5060;0.5000;0.0000;0.0000;60;58;-0.0049;-0.0158;-0.0437;-0.0010;-0.0000;0.0000;0.1969;10154
1158.0;0.5060;0.5000;-0.0247;0.0000;58;58;-0.0049;-0.0158;-0.0451;0.0010;-0.0000;0.0000;0.1969;10154
1158.5;0.5060;0.5000;0.0481;0.0000;60;58;-0.0049;-0.0158;-0.0451;-0.0029;-0.0000;0.0000;0.1969;10154
1159.0;0.5055;0.5000;0.0604;0.0000;60;58;-0.0049;-0.0144;-0.0451;-0.0029;-0.0000;0.0000;0.1969;10154
1159.5;0.5050;0.5000;0.1209;0.0000;60;56;-0.0049;-0.0144;-0.0451;-0.0059;-0.0000;0.0000;0.1969;10154
1160.0;0.5055;0.5000;0.0797;0.0000;60;56;-0.0929;-0.0144;-0.0451;-0.0039;-0.0000;0.0000;0.1969;10154
1160.5;0.5055;0.5000;0.0426;0.0000;60;58;-0.0049;-0.0158;-0.0451;-0.0020;-0.0000;0.0000;0.1969;10154
1161.0;0.5055;0.5000;-0.0124;0.0000;58;58;-0.0049;-0.0144;-0.0451;-0.0000;-0.0000;0.0000;0.1969;10154
1161.5;0.5050;0.5000;-0.0206;0.0000;58;58;-0.0049;-0.0144;-0.0451;-0.0000;-0.0000;0.0000;0.1969;10154
1162.0;0.5060;0.5000;0.0316;0.0000;60;58;-0.0831;-0.0158;-0.0451;-0.0020;-0.0000;0.0000;0.1969;10154
1162.5;0.5060;0.5000;0.0027;0.0000;60;58;-0.0049;-0.0158;-0.0451;-0.0010;-0.0000;0.0000;0.1969;10154
1163.0;0.5069;0.5000;0.0495;0.0000;60;56;-0.0831;-0.0173;-0.0451;-0.0029;-0.0000;0.0000;0.1969;10154
1163.5;0.5069;0.5000;-0.0069;0.0000;58;56;-0.0049;-0.0188;-0.0451;-0.0000;-0.0000;0.0000;0.1969;10154
1164.0;0.5069;0.5000;0.0000;0.0000;58;56;-0.0049;-0.0188;-0.0451;-0.0010;-0.0000;0.0000;0.1969;10154
1164.5;0.5069;0.5000;-0.0220;0.0000;58;56;-0.0049;-0.0188;-0.0451;-0.0000;-0.0000;0.0000;0.1969;10154
1165.0;0.5073;0.5000;0.0027;0.0000;58;56;-0.0831;-0.0188;-0.0451;-0.0010;-0.0000;0.0000;0.1969;10154
1165.5;0.5073;0.5000;-0.0096;0.0000;58;56;-0.0049;-0.0202;-0.0451;-0.0000;-0.0000;0.0000;0.1969;10154
1166.0;0.5073;0.5000;-0.0330;0.0000;58;56;-0.0049;-0.0202;-0.0451;0.0010;-0.0000;0.0000;0.1969;10154
1166.5;0.5073;0.5000;0.0220;0.0000;58;56;-0.0049;-0.0188;-0.0451;-0.0010;-0.0000;0.0000;0.1969;10154
1167.0;0.5069;0.5000;-0.0151;0.0000;58;56;-0.0831;-0.0188;-0.0451;-0.0000;-0.0000;0.0000;0.1969;10154
1167.5;0.5064;0.5000;0.0137;0.0000;58;56;-0.0049;-0.0173;-0.0451;-0.0010;-0.0000;0.0000;0.1969;10154
1168.0;0.5060;0.5000;-0.0522;0.0000;58;58;-0.0049;-0.0158;-0.0451;0.0020;-0.0000;0.0000;0.1969;10154
1168.5;0.5055;0.5000;-0.0467;0.0000;58;58;-0.0049;-0.0158;-0.0451;0.0010;-0.0000;0.0000;0.1969;10154
1169.0;0.5060;0.5000;-0.0865;0.0000;58;58;-0.0831;-0.0158;-0.0451;0.0029;-0.0000;0.0000;0.1969;10154
1169.5;0.5060;0.5000;-0.0234;0.0000;58;58;-0.0049;-0.0158;-0.0466;-0.0000;-0.0000;0.0000;0.1969;10154
1170.0;0.5050;0.5000;0.0302;0.0000;60;56;-0.0831;-0.0144;-0.0466;-0.0020;-0.0000;0.0000;0.1969;10154
1170.5;0.5050;0.5000;0.0810;0.0000;60;56;0.0733;-0.0129;-0.0466;-0.0039;-0.0000;0.0000;0.1969;10154
1171.0;0.5046;0.5000;0.0879;0.0000;60;56;-0.0049;-0.0129;-0.0466;-0.0039;-0.0000;0.0000;0.1969;10154
1171.5;0.5046;0.5000;0.0440;0.0000;60;56;-0.0831;-0.0129;-0.0466;-0.0020;-0.0000;0.0000;0.1969;10154
1172.0;0.5041;0.5000;0.1332;0.0000;60;56;-0.0049;-0.0114;-0.0466;-0.0059;-0.0000;0.0000;0.1969;10154
1172.5;0.5037;0.5000;0.0948;0.0000;60;56;-0.0049;-0.0114;-0.0466;-0.0049;-0.0000;0.0000;0.1969;10154
1173.0;0.5027;0.5000;0.1772;0.0000;62;56;-0.0929;-0.0085;-0.0466;-0.0078;-0.0000;0.0000;0.1969;10154
1173.5;0.5018;0.5000;0.1305;0.0000;62;56;-0.0049;-0.0056;-0.0466;-0.0059;-0.0000;0.0000;0.1969;10154
1174.0;0.5009;0.5000;0.1374;0.0000;62;58;-0.0049;-0.0041;-0.0466;-0.0059;-0.0000;0.0000;0.1969;10154
1174.5;0.5005;0.5000;0.0742;0.0000;62;58;-0.0049;-0.0026;-0.0466;-0.0039;-0.0000;0.0000;0.1969;10154
1175.0;0.5000;0.5000;0.0893;0.0000;62;58;-0.0049;-0.0012;-0.0466;-0.0039;-0.0000;0.0000;0.1969;10154
1175.5;0.4995;0.5000;0.1209;0.0000;62;58;-0.0049;0.0003;-0.0466;-0.0059;-0.0000;0.0000;0.1969;10154
1176.0;0.4991;0.5000;0.1538;0.0000;64;58;-0.0147;0.0003;-0.0466;-0.0068;-0.0000;0.0000;0.1969;10154
1176.5;0.4986;0.5000;0.1896;0.0000;64;58;-0.0147;0.0018;-0.0466;-0.0088;-0.0000;0.0000;0.1969;10154
1177.0;0.4991;0.5000;0.1236;0.0000;64;60;-0.0929;0.0018;-0.0466;-0.0059;-0.0000;0.0000;0.1969;10154
1177.5;0.4991;0.5000;0.1964;0.0000;64;58;-0.0147;0.0003;-0.0466;-0.0088;-0.0000;0.0000;0.1969;10154
1178.0;0.4991;0.5000;0.1071;0.0000;64;60;-0.0049;0.0003;-0.0466;-0.0049;-0.0000;0.0000;0.1969;10154
1178.5;0.4991;0.5000;0.1277;0.0000;64;60;-0.0049;0.0018;-0.0466;-0.0059;-0.0000;0.0000;0.1969;10154
1179.0;0.4991;0.5000;0.0137;0.0000;62;60;-0.0049;0.0018;-0.0466;-0.0010;-0.0000;0.0000;0.1969;10103
1179.5;0.4991;0.5000;-0.0659;0.0000;62;62;-0.0831;0.0003;-0.0466;0.0020;-0.0000;0.0000;0.1969;10103
1180.0;0.4995;0.5000;-0.1264;0.0000;62;62;-0.0049;0.0003;-0.0466;0.0049;-0.0000;0.0000;0.1969;10154
1180.5;0.4995;0.5000;-0.1071;0.0000;62;62;-0.0049;-0.0012;-0.0466;0.0039;-0.0000;0.0000;0.1969;10154
1181.0;0.4995;0.5000;0.0000;0.0000;62;60;-0.0049;0.0003;-0.0466;-0.0010;-0.0000;0.0000;0.1969;10154
1181.5;0.4995;0.5000;-0.0701;0.0000;62;62;-0.0049;0.0003;-0.0466;0.0020;-0.0000;0.0000;0.1969;10154
1182.0;0.4991;0.5000;0.0137;0.0000;62;60;-0.0049;0.0003;-0.0466;-0.0010;-0.0000;0.0000;0.1969;10154
1182.5;0.4991;0.5000;-0.0714;0.0000;62;62;-0.0049;0.0018;-0.0466;0.0029;-0.0000;0.0000;0.1969;10154
1183.0;0.4986;0.5000;-0.0151;0.0000;62;62;-0.0049;0.0018;-0.0466;-0.0000;-0.0000;0.0000;0.1969;10154
1183.5;0.4991;0.5000;0.0151;0.0000;62;60;-0.0831;0.0003;-0.0466;-0.0010;-0.0000;0.0000;0.1969;10154
1184.0;0.4995;0.5000;0.0962;0.0000;64;60;-0.0049;0.0003;-0.0466;-0.0049;-0.0000;0.0000;0.1969;10154
1184.5;0.4995;0.5000;0.0879;0.0000;64;60;-0.0049;0.0003;-0.0466;-0.0039;-0.0000;0.0000;0.1969;10154
1185.0;0.4995;0.5000;0.0330;0.0000;62;60;-0.0049;0.0003;-0.0466;-0.0020;-0.0000;0.0000;0.1969;10154
1185.5;0.5000;0.5000;0.0014;0.0000;62;62;0.0733;-0.0012;-0.0466;-0.0010;-0.0000;0.0000;0.1969;10154
1186.0;0.5009;0.5000;-0.0481;0.0000;62;62;-0.0831;-0.0041;-0.0466;0.0020;-0.0000;0.0000;0.1969;10154
1186.5;0.5014;0.5000;0.0481;0.0000;62;60;-0.0049;-0.0056;-0.0466;-0.0029;-0.0000;0.0000;0.1969;10154
1187.0;0.5018;0.5000;-0.0481;0.0000;60;60;-0.0049;-0.0056;-0.0466;0.0020;-0.0000;0.0000;0.1969;10154
1187.5;0.5018;0.5000;0.0508;0.0000;62;60;-0.0049;-0.0056;-0.0466;-0.0029;-0.0000;0.0000;0.1969;10154
1188.0;0.5018;0.5000;-0.0330;0.0000;60;60;-0.0049;-0.0056;-0.0466;0.0010;-0.0000;0.0000;0.1969;10154
1188.5;0.5014;0.5000;0.0261;0.0000;60;60;-0.0049;-0.0056;-0.0466;-0.0020;-0.0000;0.0000;0.1969;10154
1189.0;0.5005;0.5000;0.0797;0.0000;62;58;-0.0049;-0.0026;-0.0466;-0.0039;-0.0000;0.0000;0.1969;10154
1189.5;0.5005;0.5000;0.1071;0.0000;62;58;-0.0929;-0.0026;-0.0466;-0.0049;-0.0000;0.0000;0.1969;10154
1190.0;0.5005;0.5000;0.0879;0.0000;62;58;-0.0049;-0.0026;-0.0466;-0.0039;-0.0000;0.0000;0.1969;10154
1190.5;0.5000;0.5000;-0.0275;0.0000;62;60;-0.0049;-0.0012;-0.0466;0.0010;-0.0000;0.0000;0.1969;10154
1191.0;0.5000;0.5000;0.0769;0.0000;62;60;-0.0049;-0.0012;-0.0466;-0.0039;-0.0000;0.0000;0.1969;10154
1191.5;0.4995;0.5000;-0.0027;0.0000;62;60;0.0733;0.0003;-0.0466;-0.0000;-0.0000;0.0000;0.1969;10154
1192.0;0.4991;0.5000;0.0907;0.0000;64;60;-0.0049;0.0003;-0.0466;-0.0039;-0.0000;0.0000;0.1969;10103
1192.5;0.4991;0.5000;0.0288;0.0000;62;60;-0.0049;0.0018;-0.0466;-0.0020;-0.0000;0.0000;0.1969;10154
1193.0;0.4995;0.5000;0.0989;0.0000;64;60;-0.0929;0.0003;-0.0466;-0.0049;-0.0000;0.0000;0.1969;10154
1193.5;0.4995;0.5000;0.0165;0.0000;62;60;0.0733;0.0003;-0.0466;-0.0010;-0.0000;0.0000;0.1969;10154
1194.0;0.4995;0.5000;0.0055;0.0000;62;60;-0.0049;0.0003;-0.0466;-0.0010;-0.0000;0.0000;0.1969;10154
1194.5;0.4995;0.5000;0.0659;0.0000;62;60;-0.0049;0.0003;-0.0466;-0.0029;-0.0000;0.0000;0.1969;10154
1195.0;0.4995;0.5000;0.0673;0.0000;62;60;-0.0049;0.0003;-0.0466;-0.0029;-0.0000;0.0000;0.1969;10154
1195.5;0.5000;0.5000;0.1003;0.0000;64;60;-0.0929;-0.0012;-0.0466;-0.0049;-0.0000;0.0000;0.1969;10154
1196.0;0.5000;0.5000;-0.0275;0.0000;62;60;-0.0049;-0.0012;-0.0466;0.0010;-0.0000;0.0000;0.1969;10154
1196.5;0.5000;0.5000;0.0069;0.0000;62;60;-0.0049;-0.0012;-0.0466;-0.0010;-0.0000;0.0000;0.1969;10154
1197.0;0.5000;0.5000;-0.0907;0.0000;60;62;0.0831;-0.0012;-0.0466;0.0029;-0.0000;0.0000;0.1969;10154
1197.5;0.5000;0.5000;-0.0440;0.0000;62;62;-0.0049;-0.0012;-0.0466;0.0010;-0.0000;0.0000;0.1969;10154
1198.0;0.4995;0.5000;-0.0604;0.0000;62;62;-0.0049;-0.0012;-0.0466;0.0020;-0.0000;0.0000;0.1969;10154
1198.5;0.4995;0.5000;-0.1099;0.0000;60;62;-0.0049;0.0003;-0.0466;0.0039;-0.0000;0.0000;0.1969;10154
1199.0;0.5000;0.5000;-0.1236;0.0000;60;62;0.0831;-0.0012;-0.0466;0.0049;-0.0000;0.0000;0.1969;10154
1199.5;0.5009;0.5000;-0.1223;0.0000;60;62;-0.0831;-0.0026;-0.0466;0.0049;-0.0000;0.0000;0.1969;10154
1200.0;0.5014;0.5000;-0.0536;0.0000;60;60;-0.0049;-0.0041;-0.0466;0.0020;-0.0000;0.0000;0.1969;10154
1200.5;0.5014;0.5000;-0.0646;0.0000;60;60;-0.0049;-0.0056;-0.0466;0.0020;-0.0000;0.0000;0.1969;10154
1201.0;0.5014;0.5000;-0.0398;0.0000;60;60;-0.0049;-0.0056;-0.0466;0.0010;-0.0000;0.0000;0.1969;10154
1201.5;0.5014;0.5000;-0.1195;0.0000;60;62;-0.0049;-0.0056;-0.0466;0.0049;-0.0000;0.0000;0.1969;10154
1202.0;0.5014;0.5000;-0.0549;0.0000;60;60;-0.0049;-0.0041;-0.0466;0.0020;-0.0000;0.0000;0.1969;10154
1202.5;0.5009;0.5000;-0.1099;0.0000;60;62;-0.0049;-0.0041;-0.0466;0.0039;-0.0000;0.0000;0.1969;10154
1203.0;0.5009;0.5000;-0.0288;0.0000;60;60;-0.0049;-0.0026;-0.0466;0.0010;-0.0000;0.0000;0.1969;10154
1203.5;0.5005;0.5000;-0.0632;0.0000;60;62;-0.0049;-0.0026;-0.0466;0.0020;-0.0000;0.0000;0.1969;10154
1204.0;0.5000;0.5000;-0.0975;0.0000;60;62;-0.0049;-0.0012;-0.0466;0.0039;-0.0000;0.0000;0.1969;10154
1204.5;0.5005;0.5000;-0.1401;0.0000;60;62;0.0831;-0.0026;-0.0466;0.0059;-0.0000;0.0000;0.1969;10154
1205.0;0.5000;0.5000;-0.1525;0.0000;60;62;-0.0831;-0.0012;-0.0466;0.0059;-0.0000;0.0000;0.1969;10154
1205.5;0.4995;0.5000;-0.0604;0.0000;60;62;-0.0049;0.0003;-0.0466;0.0020;-0.0000;0.0000;0.1969;10154
1206.0;0.4991;0.5000;-0.1154;0.0000;60;62;-0.0049;0.0018;-0.0466;0.0039;-0.0000;0.0000;0.1969;10154
1206.5;0.4986;0.5000;-0.0357;0.0000;62;62;-0.0049;0.0018;-0.0466;0.0010;-0.0000;0.0000;0.1969;10154
1207.0;0.4982;0.5000;-0.0962;0.0000;62;62;-0.0049;0.0032;-0.0466;0.0039;-0.0000;0.0000;0.1969;10154
1207.5;0.4977;0.5000;-0.0453;0.0000;62;62;-0.0049;0.0047;-0.0466;0.0010;-0.0000;0.0000;0.1969;10103
1208.0;0.4973;0.5000;-0.1099;0.0000;62;64;-0.0049;0.0047;-0.0466;0.0039;-0.0000;0.0000;0.1969;10154
1208.5;0.4973;0.5000;-0.0302;0.0000;62;62;-0.0049;0.0062;-0.0466;0.0010;-0.0000;0.0000;0.1969;10103
1209.0;0.4977;0.5000;-0.0055;0.0000;62;62;0.0733;0.0047;-0.0466;-0.0000;-0.0000;0.0000;0.1969;10154
1209.5;0.4968;0.5000;-0.0371;0.0000;62;62;-0.0049;0.0062;-0.0466;0.0010;-0.0000;0.0000;0.1969;10154
1210.0;0.4963;0.5000;-0.0151;0.0000;62;62;-0.0049;0.0076;-0.0466;-0.0000;-0.0000;0.0000;0.1969;10154
1210.5;0.4963;0.5000;-0.0371;0.0000;62;64;-0.0049;0.0076;-0.0466;0.0010;-0.0000;0.0000;0.1969;10154
1211.0;0.4959;0.5000;0.0687;0.0000;64;62;-0.0049;0.0091;-0.0466;-0.0029;-0.0000;0.0000;0.1969;10154
1211.5;0.4954;0.5000;-0.0137;0.0000;64;64;-0.0049;0.0105;-0.0466;-0.0000;-0.0000;0.0000;0.1969;10154
1212.0;0.4954;0.5000;0.0495;0.0000;64;64;-0.0049;0.0105;-0.0466;-0.0029;-0.0000;0.0000;0.1969;10103
1212.5;0.4954;0.5000;-0.0385;0.0000;64;64;0.0733;0.0091;-0.0466;0.0010;-0.0000;0.0000;0.1969;10154
1213.0;0.4959;0.5000;-0.0343;0.0000;64;64;-0.0049;0.0091;-0.0466;0.0010;-0.0000;0.0000;0.1969;10103
1213.5;0.4959;0.5000;0.0549;0.0000;64;64;-0.0049;0.0091;-0.0466;-0.0029;-0.0000;0.0000;0.1969;10154
1214.0;0.4959;0.5000;0.0769;0.0000;64;64;-0.0049;0.0091;-0.0466;-0.0039;-0.0000;0.0000;0.1969;10154
1214.5;0.4959;0.5000;0.1374;0.0000;64;62;-0.0049;0.0091;-0.0451;-0.0059;-0.0000;0.0000;0.1969;10103
1215.0;0.4963;0.5000;0.0398;0.0000;64;64;0.0733;0.0076;-0.0451;-0.0020;-0.0000;0.0000;0.1969;10154
1215.5;0.4968;0.5000;0.0659;0.0000;64;64;-0.0049;0.0062;-0.0451;-0.0029;-0.0000;0.0000;0.1969;10154
1216.0;0.4968;0.5000;-0.0192;0.0000;62;64;-0.0049;0.0062;-0.0451;-0.0000;-0.0000;0.0000;0.1969;10103
1216.5;0.4968;0.5000;0.0426;0.0000;64;64;-0.0049;0.0062;-0.0451;-0.0020;-0.0000;0.0000;0.1969;10154
1217.0;0.4963;0.5000;0.0343;0.0000;64;62;-0.0831;0.0091;-0.0451;-0.0020;-0.0000;0.0000;0.1969;10154
1217.5;0.4963;0.5000;0.0783;0.0000;64;64;0.0733;0.0076;-0.0451;-0.0039;-0.0000;0.0000;0.1969;10154
1218.0;0.4963;0.5000;0.0426;0.0000;64;64;-0.0049;0.0076;-0.0451;-0.0020;-0.0000;0.0000;0.1969;10154
1218.5;0.4963;0.5000;-0.0261;0.0000;64;64;-0.0049;0.0076;-0.0451;0.0010;-0.0000;0.0000;0.1969;10103
1219.0;0.4963;0.5000;0.0165;0.0000;64;64;-0.0049;0.0091;-0.0451;-0.0010;-0.0000;0.0000;0.1969;10154
1219.5;0.4959;0.5000;-0.0412;0.0000;62;64;-0.0049;0.0091;-0.0451;0.0010;-0.0000;0.0000;0.1969;10154
1220.0;0.4959;0.5000;0.0000;0.0000;64;64;-0.0049;0.0091;-0.0451;-0.0010;-0.0000;0.0000;0.1969;10103
1220.5;0.4954;0.5000;-0.0440;0.0000;64;64;-0.0049;0.0105;-0.0451;0.0010;-0.0000;0.0000;0.1969;10154
1221.0;0.4954;0.5000;-0.0014;0.0000;64;64;-0.0049;0.0105;-0.0451;-0.0000;-0.0000;0.0000;0.1969;10154
1221.5;0.4950;0.5000;-0.0481;0.0000;64;64;-0.0049;0.0105;-0.0451;0.0020;-0.0000;0.0000;0.1969;10103
1222.0;0.4950;0.5000;-0.0288;0.0000;64;64;-0.0049;0.0120;-0.0451;0.0010;-0.0000;0.0000;0.1969;10154
1222.5;0.4945;0.5000;-0.0371;0.0000;64;64;-0.0049;0.0120;-0.0451;0.0010;-0.0000;0.0000;0.1969;10103
1223.0;0.4945;0.5000;-0.0989;0.0000;64;65;-0.0049;0.0120;-0.0451;0.0039;-0.0000;0.0000;0.1969;10103
1223.5;0.4950;0.5000;-0.0879;0.0000;64;65;0.0831;0.0105;-0.0451;0.0029;-0.0000;0.0000;0.1969;10154
1224.0;0.4954;0.5000;-0.1030;0.0000;62;65;-0.0049;0.0105;-0.0451;0.0039;-0.0000;0.0000;0.1969;10103
1224.5;0.4954;0.5000;-0.0549;0.0000;64;65;-0.0049;0.0105;-0.0451;0.0020;-0.0000;0.0000;0.1969;10154
1225.0;0.4954;0.5000;-0.0728;0.0000;64;65;-0.0049;0.0105;-0.0451;0.0029;-0.0000;0.0000;0.1969;10154
1225.5;0.4959;0.5000;-0.0591;0.0000;62;65;0.0831;0.0091;-0.0451;0.0020;-0.0000;0.0000;0.1969;10103
1226.0;0.4959;0.5000;-0.1058;0.0000;62;65;0.0831;0.0091;-0.0451;0.0039;-0.0000;0.0000;0.1969;10154
1226.5;0.4954;0.5000;-0.1168;0.0000;62;65;-0.0049;0.0105;-0.0451;0.0049;-0.0000;0.0000;0.1969;10154
1227.0;0.4950;0.5000;-0.1195;0.0000;62;67;0.0831;0.0105;-0.0451;0.0049;-0.0000;0.0000;0.1969;10154
1227.5;0.4940;0.5000;-0.0549;0.0000;62;65;0.0831;0.0135;-0.0451;0.0020;-0.0000;0.0000;0.1969;10154
1228.0;0.4940;0.5000;0.0041;0.0000;64;65;-0.0831;0.0135;-0.0451;-0.0010;-0.0000;0.0000;0.1969;10154
1228.5;0.4950;0.5000;0.0165;0.0000;64;65;0.0733;0.0120;-0.0451;-0.0010;-0.0000;0.0000;0.1969;10103
1229.0;0.4950;0.5000;0.0371;0.0000;64;65;-0.0049;0.0105;-0.0451;-0.0020;-0.0000;0.0000;0.1969;10154
1229.5;0.4954;0.5000;0.0261;0.0000;64;65;-0.0049;0.0105;-0.0451;-0.0020;-0.0000;0.0000;0.1969;10154
1230.0;0.4954;0.5000;0.0577;0.0000;64;65;-0.0049;0.0105;-0.0451;-0.0029;-0.0000;0.0000;0.1969;10103
1230.5;0.4963;0.5000;0.0385;0.0000;64;65;0.0733;0.0091;-0.0451;-0.0020;-0.0000;0.0000;0.1969;10154
1231.0;0.4968;0.5000;0.1030;0.0000;64;64;-0.0049;0.0076;-0.0451;-0.0049;-0.0000;0.0000;0.1969;10154
1231.5;0.4973;0.5000;0.0934;0.0000;64;64;0.0733;0.0047;-0.0451;-0.0049;-0.0000;0.0000;0.1969;10154
1232.0;0.4982;0.5000;0.1332;0.0000;64;64;-0.0049;0.0032;-0.0451;-0.0059;-0.0000;0.0000;0.1969;10154
1232.5;0.4982;0.5000;0.1099;0.0000;62;64;-0.0049;0.0032;-0.0451;-0.0049;-0.0000;0.0000;0.1969;10154
1233.0;0.4991;0.5000;0.1346;0.0000;62;62;0.0733;0.0003;-0.0451;-0.0059;-0.0000;0.0000;0.1969;10103
1233.5;0.4995;0.5000;0.1140;0.0000;62;62;-0.0049;0.0003;-0.0451;-0.0049;-0.0000;0.0000;0.1969;10154
1234.0;0.4995;0.5000;0.0687;0.0000;62;62;-0.0929;-0.0012;-0.0451;-0.0029;-0.0000;0.0000;0.1969;10154
1234.5;0.4991;0.5000;0.0728;0.0000;62;62;0.0733;0.0018;-0.0437;-0.0039;-0.0000;0.0000;0.1969;10103
1235.0;0.4991;0.5000;0.0934;0.0000;62;62;-0.0929;0.0003;-0.0437;-0.0049;-0.0000;0.0000;0.1969;10154
1235.5;0.4991;0.5000;0.1854;0.0000;64;62;-0.0147;0.0003;-0.0437;-0.0088;-0.0000;0.0000;0.1969;10154
1236.0;0.4991;0.5000;0.1511;0.0000;64;62;-0.0147;0.0018;-0.0437;-0.0068;-0.0000;0.0000;0.1969;10154
1236.5;0.4986;0.5000;0.1992;0.0000;64;62;-0.0147;0.0018;-0.0437;-0.0088;-0.0000;0.0000;0.1969;10154
1237.0;0.4986;0.5000;0.1168;0.0000;64;62;-0.0049;0.0018;-0.0437;-0.0059;-0.0000;0.0000;0.1969;10154
1237.5;0.4991;0.5000;0.1071;0.0000;62;62;0.0733;0.0003;-0.0437;-0.0049;-0.0000;0.0000;0.1969;10154
1238.0;0.4991;0.5000;0.1305;0.0000;62;62;-0.0049;0.0003;-0.0437;-0.0059;-0.0000;0.0000;0.1969;10154
1238.5;0.4991;0.5000;0.1607;0.0000;64;62;-0.0147;0.0003;-0.0437;-0.0068;-0.0000;0.0000;0.1969;10154
1239.0;0.5000;0.5000;0.1896;0.0000;62;62;0.0733;-0.0012;-0.0437;-0.0088;-0.0000;0.0000;0.1969;10154
1239.5;0.5005;0.5000;0.1195;0.0000;62;62;-0.0049;-0.0026;-0.0437;-0.0059;-0.0000;0.0000;0.1969;10154
1240.0;0.5000;0.5000;0.1168;0.0000;62;62;0.0733;-0.0012;-0.0437;-0.0059;-0.0000;0.0000;0.1969;10154
1240.5;0.5000;0.5000;0.0495;0.0000;60;62;-0.0049;-0.0012;-0.0437;-0.0029;-0.0000;0.0000;0.1969;10154
1241.0;0.5000;0.5000;0.0975;0.0000;62;62;-0.0049;-0.0012;-0.0437;-0.0049;-0.0000;0.0000;0.1969;10154
1241.5;0.5000;0.5000;0.0316;0.0000;60;62;-0.0049;-0.0012;-0.0437;-0.0020;-0.0000;0.0000;0.1969;10154
1242.0;0.4995;0.5000;0.0989;0.0000;62;62;-0.0049;-0.0012;-0.0437;-0.0049;-0.0000;0.0000;0.1969;10154
1242.5;0.5000;0.5000;0.0453;0.0000;62;62;0.0733;-0.0012;-0.0437;-0.0020;-0.0000;0.0000;0.1969;10103
1243.0;0.5005;0.5000;0.0907;0.0000;62;62;-0.0049;-0.0026;-0.0437;-0.0039;-0.0000;0.0000;0.1969;10154
1243.5;0.5005;0.5000;0.1607;0.0000;62;60;-0.0147;-0.0026;-0.0437;-0.0068;-0.0000;0.0000;0.1969;10154
1244.0;0.4995;0.5000;0.1841;0.0000;62;62;0.0733;0.0003;-0.0437;-0.0078;-0.0000;0.0000;0.1969;10154
1244.5;0.4991;0.5000;0.1813;0.0000;62;62;-0.0147;0.0018;-0.0437;-0.0078;-0.0000;0.0000;0.1969;10154
1245.0;0.4986;0.5000;0.0838;0.0000;62;62;-0.0049;0.0032;-0.0437;-0.0039;-0.0000;0.0000;0.1969;10154
1245.5;0.4982;0.5000;0.1799;0.0000;64;62;-0.0147;0.0032;-0.0437;-0.0078;-0.0000;0.0000;0.1969;10154
1246.0;0.4982;0.5000;0.1099;0.0000;62;62;0.0733;0.0032;-0.0437;-0.0049;-0.0000;0.0000;0.1969;10154
1246.5;0.4986;0.5000;0.1964;0.0000;64;62;-0.0147;0.0032;-0.0437;-0.0088;-0.0000;0.0000;0.1969;10154
1247.0;0.4986;0.5000;0.1484;0.0000;64;62;-0.0147;0.0032;-0.0437;-0.0068;-0.0000;0.0000;0.1969;10154
1247.5;0.4977;0.5000;0.0934;0.0000;62;62;-0.0929;0.0047;-0.0437;-0.0049;-0.0000;0.0000;0.1969;10154
1248.0;0.4986;0.5000;0.0316;0.0000;62;64;-0.0049;0.0032;-0.0437;-0.0020;-0.0000;0.0000;0.1969;10154
1248.5;0.4986;0.5000;0.0412;0.0000;62;62;-0.0049;0.0018;-0.0437;-0.0020;-0.0000;0.0000;0.1969;10154
1249.0;0.4991;0.5000;0.1442;0.0000;64;62;-0.0147;0.0003;-0.0437;-0.0068;-0.0000;0.0000;0.1969;10154
1249.5;0.4991;0.5000;0.1593;0.0000;64;62;-0.0147;0.0003;-0.0437;-0.0068;-0.0000;0.0000;0.1969;10154
1250.0;0.4991;0.5000;0.2363;0.0000;64;60;-0.0147;0.0003;-0.0437;-0.0108;-0.0000;0.0000;0.1969;10154
1250.5;0.4991;0.5000;0.1387;0.0000;64;62;-0.0049;0.0018;-0.0437;-0.0059;-0.0000;0.0000;0.1969;10154
1251.0;0.4995;0.5000;0.1758;0.0000;64;60;-0.0929;0.0003;-0.0437;-0.0078;-0.0000;0.0000;0.1969;10103
1251.5;0.5005;0.5000;0.0714;0.0000;62;62;0.0733;-0.0026;-0.0437;-0.0039;-0.0000;0.0000;0.1969;10154
1252.0;0.5009;0.5000;0.1621;0.0000;64;60;-0.0147;-0.0041;-0.0437;-0.0078;-0.0000;0.0000;0.1969;10154
1252.5;0.5014;0.5000;0.1690;0.0000;62;60;-0.0147;-0.0041;-0.0437;-0.0078;-0.0000;0.0000;0.1969;10154
1253.0;0.5014;0.5000;0.1126;0.0000;62;60;-0.0929;-0.0041;-0.0437;-0.0049;-0.0000;0.0000;0.1969;10154
1253.5;0.5018;0.5000;0.0948;0.0000;62;60;0.0733;-0.0056;-0.0437;-0.0049;-0.0000;0.0000;0.1969;10154
1254.0;0.5023;0.5000;0.0577;0.0000;60;60;-0.0049;-0.0070;-0.0437;-0.0029;-0.0000;0.0000;0.1969;10154
1254.5;0.5023;0.5000;0.1511;0.0000;62;60;-0.0147;-0.0070;-0.0437;-0.0068;-0.0000;0.0000;0.1969;10154
1255.0;0.5023;0.5000;0.0288;0.0000;60;60;-0.0049;-0.0070;-0.0437;-0.0020;-0.0000;0.0000;0.1969;10154
1255.5;0.5023;0.5000;0.1291;0.0000;62;60;-0.0049;-0.0070;-0.0437;-0.0059;-0.0000;0.0000;0.1969;10154
1256.0;0.5018;0.5000;0.0151;0.0000;60;60;-0.0049;-0.0056;-0.0437;-0.0010;-0.0000;0.0000;0.1969;10154
1256.5;0.5018;0.5000;0.1113;0.0000;62;60;-0.0049;-0.0056;-0.0451;-0.0049;-0.0000;0.0000;0.1969;10154
1257.0;0.5023;0.5000;0.0385;0.0000;62;60;-0.0831;-0.0070;-0.0451;-0.0020;-0.0000;0.0000;0.1969;10154
1257.5;0.5023;0.5000;0.1607;0.0000;62;60;0.1515;-0.0070;-0.0451;-0.0068;-0.0000;0.0000;0.1969;10154
1258.0;0.5014;0.5000;0.1648;0.0000;62;60;0.0733;-0.0056;-0.0451;-0.0078;-0.0000;0.0000;0.1969;10154
1258.5;0.5009;0.5000;0.0495;0.0000;60;62;-0.0049;-0.0026;-0.0451;-0.0029;-0.0000;0.0000;0.1969;10154
1259.0;0.5005;0.5000;0.0234;0.0000;60;62;-0.0049;-0.0026;-0.0451;-0.0020;-0.0000;0.0000;0.1969;10154
1259.5;0.5000;0.5000;-0.0110;0.0000;60;62;-0.0049;-0.0012;-0.0451;-0.0000;-0.0000;0.0000;0.1969;10154
1260.0;0.5000;0.5000;0.1552;0.0000;62;60;0.0733;-0.0012;-0.0451;-0.0068;-0.0000;0.0000;0.1969;10154
1260.5;0.5000;0.5000;0.0989;0.0000;62;62;-0.0049;-0.0012;-0.0451;-0.0049;-0.0000;0.0000;0.1969;10154
1261.0;0.5000;0.5000;0.2527;0.0000;64;60;-0.0147;-0.0012;-0.0451;-0.0108;-0.0000;0.0000;0.1969;10154
1261.5;0.5000;0.5000;0.1511;0.0000;62;60;-0.0147;-0.0012;-0.0451;-0.0068;-0.0000;0.0000;0.1969;10154
1262.0;0.5005;0.5000;0.1813;0.0000;64;60;-0.0929;-0.0026;-0.0451;-0.0078;-0.0000;0.0000;0.1969;10154
1262.5;0.5000;0.5000;0.2184;0.0000;62;60;0.1515;-0.0012;-0.0451;-0.0098;-0.0000;0.0000;0.1969;10154
1263.0;0.4986;0.5000;0.2527;0.0000;64;60;-0.0147;0.0018;-0.0451;-0.0108;-0.0000;0.0000;0.1969;10154
1263.5;0.4977;0.5000;0.2665;0.0000;64;60;-0.0147;0.0032;-0.0451;-0.0117;-0.0000;0.0000;0.1969;10154
1264.0;0.4973;0.5000;0.1648;0.0000;64;62;-0.0147;0.0062;-0.0451;-0.0078;-0.0000;0.0000;0.1969;10154
1264.5;0.4968;0.5000;0.1923;0.0000;64;62;-0.0147;0.0076;-0.0451;-0.0088;-0.0000;0.0000;0.1969;10154
1265.0;0.4963;0.5000;0.1291;0.0000;64;62;-0.0049;0.0076;-0.0451;-0.0059;-0.0000;0.0000;0.1969;10154
1265.5;0.4963;0.5000;0.2651;0.0000;65;62;0.0635;0.0076;-0.0437;-0.0117;-0.0000;0.0000;0.1969;10154
1266.0;0.4973;0.5000;0.1387;0.0000;64;62;-0.0929;0.0047;-0.0437;-0.0059;-0.0000;0.0000;0.1969;10154
1266.5;0.4982;0.5000;0.2157;0.0000;65;60;-0.0147;0.0032;-0.0437;-0.0098;-0.0000;0.0000;0.1969;10103
1267.0;0.4991;0.5000;0.0962;0.0000;64;62;0.0733;0.0018;-0.0437;-0.0049;-0.0000;0.0000;0.1969;10154
1267.5;0.4995;0.5000;0.1140;0.0000;62;62;-0.0049;0.0003;-0.0437;-0.0049;-0.0000;0.0000;0.1969;10154
1268.0;0.5000;0.5000;0.1731;0.0000;64;60;-0.0147;-0.0012;-0.0437;-0.0078;-0.0000;0.0000;0.1969;10103
1268.5;0.5000;0.5000;0.2033;0.0000;64;60;-0.0147;-0.0012;-0.0437;-0.0088;-0.0000;0.0000;0.1969;10154
1269.0;0.5000;0.5000;0.2115;0.0000;64;60;-0.0147;-0.0012;-0.0437;-0.0098;-0.0000;0.0000;0.1969;10154
1269.5;0.5000;0.5000;0.0962;0.0000;62;62;-0.0049;-0.0012;-0.0437;-0.0049;-0.0000;0.0000;0.1969;10154
1270.0;0.4986;0.5000;0.1799;0.0000;64;60;-0.0929;0.0018;-0.0437;-0.0078;-0.0000;0.0000;0.1969;10154
1270.5;0.4991;0.5000;0.1016;0.0000;64;60;-0.0929;0.0018;-0.0437;-0.0049;-0.0000;0.0000;0.1969;10154
1271.0;0.4986;0.5000;0.2349;0.0000;65;60;-0.0147;0.0018;-0.0437;-0.0108;-0.0000;0.0000;0.1969;10154
1271.5;0.4986;0.5000;0.2198;0.0000;64;60;-0.0147;0.0018;-0.0437;-0.0098;-0.0000;0.0000;0.1969;10154
1272.0;0.4986;0.5000;0.1580;0.0000;64;60;-0.0147;0.0032;-0.0437;-0.0068;-0.0000;0.0000;0.1969;10154
1272.5;0.4982;0.5000;0.0852;0.0000;64;62;-0.0049;0.0032;-0.0437;-0.0039;-0.0000;0.0000;0.1969;10154
1273.0;0.4986;0.5000;0.0206;0.0000;62;62;0.0733;0.0018;-0.0437;-0.0010;-0.0000;0.0000;0.1969;10154
1273.5;0.4991;0.5000;0.0769;0.0000;64;62;-0.0049;0.0018;-0.0437;-0.0039;-0.0000;0.0000;0.1969;10154
1274.0;0.4991;0.5000;0.0495;0.0000;62;62;-0.0049;0.0018;-0.0437;-0.0029;-0.0000;0.0000;0.1969;10154
1274.5;0.4995;0.5000;0.1113;0.0000;62;62;0.0733;0.0003;-0.0437;-0.0049;-0.0000;0.0000;0.1969;10154
1275.0;0.5000;0.5000;0.0302;0.0000;62;62;-0.0049;-0.0012;-0.0437;-0.0020;-0.0000;0.0000;0.1969;10103
1275.5;0.5000;0.5000;0.1044;0.0000;62;62;-0.0049;-0.0012;-0.0437;-0.0049;-0.0000;0.0000;0.1969;10154
1276.0;0.5000;0.5000;0.0151;0.0000;62;62;-0.0049;-0.0012;-0.0437;-0.0010;-0.0000;0.0000;0.1969;10154
1276.5;0.5005;0.5000;0.0673;0.0000;62;62;0.0733;-0.0026;-0.0437;-0.0029;-0.0000;0.0000;0.1969;10154
1277.0;0.5009;0.5000;0.0536;0.0000;62;62;-0.0049;-0.0041;-0.0437;-0.0029;-0.0000;0.0000;0.1969;10154
1277.5;0.5009;0.5000;-0.0069;0.0000;60;62;-0.0049;-0.0041;-0.0437;-0.0000;-0.0000;0.0000;0.1969;10154
1278.0;0.5009;0.5000;0.0247;0.0000;62;62;-0.0049;-0.0041;-0.0437;-0.0020;-0.0000;0.0000;0.1969;10154
1278.5;0.5009;0.5000;0.0357;0.0000;62;62;-0.0049;-0.0026;-0.0437;-0.0020;-0.0000;0.0000;0.1969;10154
1279.0;0.5005;0.5000;0.1827;0.0000;62;60;-0.0147;-0.0026;-0.0437;-0.0078;-0.0000;0.0000;0.1969;10154
1279.5;0.5005;0.5000;0.1511;0.0000;62;60;-0.0147;-0.0026;-0.0437;-0.0068;-0.0000;0.0000;0.1969;10103
1280.0;0.5000;0.5000;0.2184;0.0000;64;60;0.0733;-0.0012;-0.0437;-0.0098;-0.0000;0.0000;0.1969;10154
1280.5;0.4991;0.5000;0.0756;0.0000;62;60;-0.0929;0.0018;-0.0437;-0.0039;-0.0000;0.0000;0.1969;10154
1281.0;0.4986;0.5000;0.1223;0.0000;64;62;0.0733;0.0018;-0.0437;-0.0059;-0.0000;0.0000;0.1969;10154
1281.5;0.4986;0.5000;0.0165;0.0000;62;62;-0.0049;0.0018;-0.0437;-0.0010;-0.0000;0.0000;0.1969;10154
1282.0;0.4986;0.5000;0.1223;0.0000;64;62;-0.0049;0.0032;-0.0437;-0.0059;-0.0000;0.0000;0.1969;10154
1282.5;0.4982;0.5000;0.1580;0.0000;64;62;-0.0147;0.0032;-0.0437;-0.0068;-0.0000;0.0000;0.1969;10154
1283.0;0.4973;0.5000;0.0797;0.0000;62;62;0.0733;0.0062;-0.0437;-0.0039;-0.0000;0.0000;0.1969;10154
1283.5;0.4959;0.5000;0.0810;0.0000;64;64;-0.0049;0.0091;-0.0437;-0.0039;-0.0000;0.0000;0.1969;10154
1284.0;0.4940;0.5000;0.0275;0.0000;64;64;0.0733;0.0135;-0.0437;-0.0020;-0.0000;0.0000;0.1969;10154
1284.5;0.4936;0.5000;0.1223;0.0000;64;65;0.0733;0.0149;-0.0437;-0.0059;-0.0000;0.0000;0.1969;10154
1285.0;0.4931;0.5000;0.0673;0.0000;64;65;-0.0049;0.0164;-0.0437;-0.0029;-0.0000;0.0000;0.1969;10154
1285.5;0.4927;0.5000;0.1717;0.0000;65;64;-0.0147;0.0179;-0.0437;-0.0078;-0.0000;0.0000;0.1969;10154
1286.0;0.4922;0.5000;0.1181;0.0000;65;65;-0.0049;0.0179;-0.0437;-0.0059;-0.0000;0.0000;0.1969;10154
1286.5;0.4918;0.5000;0.1758;0.0000;65;65;-0.0147;0.0193;-0.0437;-0.0078;-0.0000;0.0000;0.1969;10103
1287.0;0.4918;0.5000;0.2157;0.0000;67;64;-0.0147;0.0193;-0.0437;-0.0098;-0.0000;0.0000;0.1969;10154
1287.5;0.4922;0.5000;0.2390;0.0000;67;65;0.0635;0.0179;-0.0437;-0.0108;-0.0000;0.0000;0.1969;10103
1288.0;0.4927;0.5000;0.2225;0.0000;67;64;-0.0147;0.0179;-0.0437;-0.0098;-0.0000;0.0000;0.1969;10103
1288.5;0.4927;0.5000;0.1126;0.0000;65;65;-0.0049;0.0164;-0.0437;-0.0049;-0.0000;0.0000;0.1969;10154
1289.0;0.4931;0.5000;0.1305;0.0000;65;65;-0.0049;0.0164;-0.0437;-0.0059;-0.0000;0.0000;0.1969;10103
1289.5;0.4936;0.5000;0.0783;0.0000;65;65;-0.0929;0.0149;-0.0437;-0.0039;-0.0000;0.0000;0.1969;10154
1290.0;0.4950;0.5000;0.1717;0.0000;65;64;0.0733;0.0120;-0.0437;-0.0078;-0.0000;0.0000;0.1969;10103
1290.5;0.4954;0.5000;0.1003;0.0000;65;64;-0.0049;0.0105;-0.0437;-0.0049;-0.0000;0.0000;0.1969;10103
1291.0;0.4959;0.5000;0.1690;0.0000;65;64;-0.0147;0.0091;-0.0437;-0.0078;-0.0000;0.0000;0.1969;10103
1291.5;0.4959;0.5000;0.0673;0.0000;64;64;-0.0049;0.0091;-0.0437;-0.0029;-0.0000;0.0000;0.1969;10154
1292.0;0.4963;0.5000;0.0756;0.0000;64;64;-0.0049;0.0076;-0.0437;-0.0039;-0.0000;0.0000;0.1969;10103
1292.5;0.4959;0.5000;0.1607;0.0000;65;62;-0.0147;0.0091;-0.0437;-0.0068;-0.0000;0.0000;0.1969;10154
1293.0;0.4959;0.5000;0.1731;0.0000;65;64;-0.0147;0.0091;-0.0437;-0.0078;-0.0000;0.0000;0.1969;10154
1293.5;0.4959;0.5000;0.2143;0.0000;65;62;-0.0147;0.0091;-0.0437;-0.0098;-0.0000;0.0000;0.1969;10103
1294.0;0.4950;0.5000;0.0907;0.0000;64;64;-0.0049;0.0105;-0.0437;-0.0039;-0.0000;0.0000;0.1969;10154
1294.5;0.4940;0.5000;0.1401;0.0000;65;64;-0.0147;0.0135;-0.0422;-0.0068;-0.0000;0.0000;0.1969;10103
1295.0;0.4936;0.5000;0.0192;0.0000;64;65;-0.0049;0.0149;-0.0422;-0.0010;-0.0000;0.0000;0.1969;10103
1295.5;0.4936;0.5000;0.0962;0.0000;65;65;-0.0049;0.0149;-0.0422;-0.0049;-0.0000;0.0000;0.1969;10154
1296.0;0.4931;0.5000;0.0591;0.0000;65;65;-0.0049;0.0164;-0.0422;-0.0029;-0.0000;0.0000;0.1969;10103
1296.5;0.4927;0.5000;0.1566;0.0000;67;64;-0.0147;0.0164;-0.0422;-0.0068;-0.0000;0.0000;0.1969;10154
1297.0;0.4927;0.5000;0.0989;0.0000;65;65;-0.0929;0.0179;-0.0422;-0.0049;-0.0000;0.0000;0.1969;10103
1297.5;0.4922;0.5000;0.0879;0.0000;65;65;-0.0049;0.0179;-0.0422;-0.0039;-0.0000;0.0000;0.1969;10103
1298.0;0.4922;0.5000;0.1662;0.0000;67;65;-0.0147;0.0179;-0.0422;-0.0078;-0.0000;0.0000;0.1969;10103
1298.5;0.4922;0.5000;0.1497;0.0000;67;65;-0.0147;0.0179;-0.0422;-0.0068;-0.0000;0.0000;0.1969;10154
1299.0;0.4918;0.5000;0.1772;0.0000;67;65;-0.0147;0.0193;-0.0422;-0.0078;-0.0000;0.0000;0.1969;10103
1299.5;0.4922;0.5000;0.0838;0.0000;67;65;-0.0929;0.0179;-0.0422;-0.0039;-0.0000;0.0000;0.1969;10154
1300.0;0.4913;0.5000;0.1305;0.0000;67;65;-0.0929;0.0208;-0.0422;-0.0059;-0.0000;0.0000;0.1969;10154
1300.5;0.4913;0.5000;0.0481;0.0000;67;65;0.0733;0.0208;-0.0422;-0.0029;-0.0000;0.0000;0.1969;10103
1301.0;0.4913;0.5000;0.0989;0.0000;67;65;-0.0049;0.0208;-0.0422;-0.0049;-0.0000;0.0000;0.1969;10154
1301.5;0.4908;0.5000;0.0646;0.0000;67;65;-0.0049;0.0208;-0.0422;-0.0029;-0.0000;0.0000;0.1969;10103
1302.0;0.4908;0.5000;-0.0343;0.0000;65;67;-0.0049;0.0208;-0.0422;0.0010;-0.0000;0.0000;0.1969;10103
1302.5;0.4918;0.5000;-0.0742;0.0000;65;67;-0.0831;0.0193;-0.0422;0.0029;-0.0000;0.0000;0.1969;10103
1303.0;0.4918;0.5000;-0.1168;0.0000;65;67;-0.0049;0.0193;-0.0422;0.0039;-0.0000;0.0000;0.1969;10103
1303.5;0.4927;0.5000;-0.0027;0.0000;67;65;-0.0831;0.0164;-0.0422;-0.0000;-0.0000;0.0000;0.1969;10154
1304.0;0.4931;0.5000;-0.0110;0.0000;65;65;-0.0049;0.0149;-0.0422;-0.0000;-0.0000;0.0000;0.1969;10154
1304.5;0.4936;0.5000;0.0769;0.0000;67;65;-0.0049;0.0149;-0.0407;-0.0039;-0.0000;0.0000;0.1969;10103
1305.0;0.4945;0.5000;-0.0179;0.0000;65;65;-0.0831;0.0120;-0.0407;-0.0000;-0.0000;0.0000;0.1969;10103
1305.5;0.4954;0.5000;-0.0055;0.0000;65;64;-0.0049;0.0105;-0.0407;-0.0000;-0.0000;0.0000;0.1969;10154
1306.0;0.4963;0.5000;-0.1113;0.0000;64;65;0.0831;0.0076;-0.0407;0.0039;-0.0000;0.0000;0.1969;10103
1306.5;0.4977;0.5000;-0.0522;0.0000;64;64;-0.0831;0.0047;-0.0407;0.0020;-0.0000;0.0000;0.1969;10154
1307.0;0.4986;0.5000;-0.0467;0.0000;64;64;-0.0049;0.0032;-0.0407;0.0010;-0.0000;0.0000;0.1969;10154
1307.5;0.4991;0.5000;-0.0975;0.0000;64;64;-0.0049;0.0018;-0.0407;0.0039;-0.0000;0.0000;0.1969;10103
1308.0;0.5005;0.5000;-0.0838;0.0000;62;64;-0.0049;-0.0026;-0.0407;0.0029;-0.0000;0.0000;0.1969;10154
1308.5;0.5018;0.5000;-0.1058;0.0000;62;64;-0.0049;-0.0056;-0.0407;0.0039;-0.0000;0.0000;0.1969;10103
1309.0;0.5032;0.5000;-0.0041;0.0000;62;62;-0.0831;-0.0085;-0.0407;-0.0000;-0.0000;0.0000;0.1969;10154
1309.5;0.5037;0.5000;-0.0701;0.0000;62;62;-0.0049;-0.0114;-0.0407;0.0020;-0.0000;0.0000;0.1969;10154
1310.0;0.5050;0.5000;0.0096;0.0000;62;60;0.0733;-0.0144;-0.0407;-0.0010;-0.0000;0.0000;0.1969;10154
1310.5;0.5064;0.5000;-0.0618;0.0000;60;60;-0.0831;-0.0173;-0.0407;0.0020;-0.0000;0.0000;0.1969;10154
1311.0;0.5069;0.5000;-0.0206;0.0000;60;60;-0.0049;-0.0188;-0.0422;-0.0000;-0.0000;0.0000;0.1969;10154
1311.5;0.5073;0.5000;0.0495;0.0000;60;58;-0.0049;-0.0202;-0.0422;-0.0029;-0.0000;0.0000;0.1969;10154
1312.0;0.5073;0.5000;0.0810;0.0000;60;58;-0.0049;-0.0202;-0.0422;-0.0039;-0.0000;0.0000;0.1969;10154
1312.5;0.5073;0.5000;0.1016;0.0000;60;58;-0.0049;-0.0202;-0.0422;-0.0049;-0.0000;0.0000;0.1969;10154
1313.0;0.5078;0.5000;-0.0096;0.0000;60;58;-0.0831;-0.0217;-0.0422;-0.0000;-0.0000;0.0000;0.1969;10154
1313.5;0.5082;0.5000;0.0082;0.0000;58;58;-0.0049;-0.0217;-0.0422;-0.0010;-0.0000;0.0000;0.1969;10154
1314.0;0.5078;0.5000;-0.0714;0.0000;58;58;-0.0049;-0.0217;-0.0422;0.0029;-0.0000;0.0000;0.1969;10154
1314.5;0.5078;0.5000;0.0288;0.0000;58;58;-0.0831;-0.0202;-0.0422;-0.0020;-0.0000;0.0000;0.1969;10154
1315.0;0.5082;0.5000;0.0137;0.0000;58;58;0.0733;-0.0217;-0.0422;-0.0010;-0.0000;0.0000;0.1969;10154
1315.5;0.5073;0.5000;0.1030;0.0000;60;56;-0.0929;-0.0202;-0.0422;-0.0049;-0.0000;0.0000;0.1969;10154
1316.0;0.5069;0.5000;0.0234;0.0000;58;58;-0.0049;-0.0188;-0.0422;-0.0020;-0.0000;0.0000;0.1969;10154
1316.5;0.5064;0.5000;0.0014;0.0000;60;58;-0.1711;-0.0173;-0.0422;-0.0010;-0.0000;0.0000;0.1969;10154
1317.0;0.5050;0.5000;0.0522;0.0000;60;56;-0.0929;-0.0144;-0.0422;-0.0029;-0.0000;0.0000;0.1969;10154
1317.5;0.5037;0.5000;0.0481;0.0000;62;58;-0.0049;-0.0114;-0.0422;-0.0029;-0.0000;0.0000;0.1969;10154
1318.0;0.5023;0.5000;0.0879;0.0000;62;58;-0.0929;-0.0070;-0.0422;-0.0039;-0.0000;0.0000;0.1969;10154
1318.5;0.5014;0.5000;0.0261;0.0000;64;58;-0.0831;-0.0041;-0.0422;-0.0020;-0.0000;0.0000;0.1969;10154
1319.0;0.4995;0.5000;0.0742;0.0000;64;58;-0.0929;0.0003;-0.0422;-0.0039;-0.0000;0.0000;0.1969;10154
1319.5;0.4982;0.5000;0.0014;0.0000;64;60;-0.0049;0.0032;-0.0422;-0.0010;-0.0000;0.0000;0.1969;10154
1320.0;0.4973;0.5000;0.0316;0.0000;65;60;-0.0049;0.0062;-0.0422;-0.0020;-0.0000;0.0000;0.1969;10154
1320.5;0.4963;0.5000;-0.0069;0.0000;65;60;-0.1711;0.0076;-0.0422;-0.0000;-0.0000;0.0000;0.1969;10154
1321.0;0.4954;0.5000;0.0481;0.0000;65;60;-0.0831;0.0105;-0.0422;-0.0029;-0.0000;0.0000;0.1969;10154
1321.5;0.4936;0.5000;0.0069;0.0000;67;62;-0.0049;0.0149;-0.0422;-0.0010;-0.0000;0.0000;0.1969;10154
1322.0;0.4922;0.5000;-0.0316;0.0000;67;62;-0.0831;0.0179;-0.0422;0.0010;-0.0000;0.0000;0.1969;10154
1322.5;0.4908;0.5000;0.0288;0.0000;69;62;-0.0831;0.0223;-0.0422;-0.0020;-0.0000;0.0000;0.1969;10154
1323.0;0.4895;0.5000;0.0041;0.0000;69;64;-0.0049;0.0252;-0.0422;-0.0010;-0.0000;0.0000;0.1969;10103
1323.5;0.4890;0.5000;0.0165;0.0000;71;64;-0.1711;0.0267;-0.0422;-0.0010;-0.0000;0.0000;0.1969;10154
1324.0;0.4881;0.5000;-0.1099;0.0000;69;65;-0.0049;0.0281;-0.0422;0.0039;-0.0000;0.0000;0.1969;10103
1324.5;0.4886;0.5000;-0.0893;0.0000;69;65;-0.0831;0.0281;-0.0422;0.0029;-0.0000;0.0000;0.1969;10103
1325.0;0.4881;0.5000;-0.1799;0.0000;69;67;-0.0831;0.0281;-0.0422;0.0068;-0.0000;0.0000;0.1969;10154
1325.5;0.4876;0.5000;-0.1305;0.0000;69;67;-0.0049;0.0296;-0.0422;0.0049;-0.0000;0.0000;0.1969;10103
1326.0;0.4881;0.5000;-0.1525;0.0000;69;67;0.0831;0.0281;-0.0407;0.0059;-0.0000;0.0000;0.1969;10103
1326.5;0.4881;0.5000;-0.2541;0.0000;67;69;0.0049;0.0281;-0.0407;0.0098;-0.0000;0.0000;0.1969;10154
1327.0;0.4886;0.5000;-0.2871;0.0000;67;69;0.0049;0.0267;-0.0407;0.0117;-0.0000;0.0000;0.1969;10103
1327.5;0.4881;0.5000;-0.3420;0.0000;67;69;-0.0733;0.0281;-0.0407;0.0137;-0.0000;0.0000;0.1969;10103
1328.0;0.4881;0.5000;-0.2624;0.0000;67;69;-0.0733;0.0281;-0.0407;0.0108;-0.0000;0.0000;0.1969;10103
1328.5;0.4886;0.5000;-0.2624;0.0000;67;69;0.0049;0.0281;-0.0407;0.0108;-0.0000;0.0000;0.1969;10103
1329.0;0.4890;0.5000;-0.1593;0.0000;69;67;-0.0831;0.0252;-0.0407;0.0059;-0.0000;0.0000;0.1969;10103
1329.5;0.4899;0.5000;-0.1758;0.0000;67;67;0.0049;0.0237;-0.0407;0.0068;-0.0000;0.0000;0.1969;10154
1330.0;0.4904;0.5000;-0.1209;0.0000;69;67;-0.0049;0.0237;-0.0407;0.0049;-0.0000;0.0000;0.1969;10103
1330.5;0.4913;0.5000;-0.1799;0.0000;67;67;-0.0831;0.0208;-0.0407;0.0068;-0.0000;0.0000;0.1969;10103
1331.0;0.4918;0.5000;-0.1511;0.0000;67;67;0.0049;0.0193;-0.0407;0.0059;-0.0000;0.0000;0.1969;10103
1331.5;0.4931;0.5000;-0.1209;0.0000;67;65;-0.0831;0.0164;-0.0407;0.0049;-0.0000;0.0000;0.1969;10103
1332.0;0.4936;0.5000;-0.2033;0.0000;65;67;0.0049;0.0149;-0.0407;0.0078;-0.0000;0.0000;0.1969;10154
1332.5;0.4940;0.5000;-0.1635;0.0000;65;65;0.0049;0.0135;-0.0407;0.0059;-0.0000;0.0000;0.1969;10103
1333.0;0.4945;0.5000;-0.2047;0.0000;65;67;0.0049;0.0120;-0.0407;0.0078;-0.0000;0.0000;0.1969;10103
1333.5;0.4959;0.5000;-0.1181;0.0000;65;65;-0.0049;0.0091;-0.0407;0.0049;-0.0000;0.0000;0.1969;10154
1334.0;0.4968;0.5000;-0.1538;0.0000;65;65;0.0049;0.0062;-0.0407;0.0059;-0.0000;0.0000;0.1969;10103
1334.5;0.4982;0.5000;-0.0907;0.0000;65;64;-0.0831;0.0032;-0.0407;0.0029;-0.0000;0.0000;0.1969;10154
1335.0;0.4991;0.5000;-0.1525;0.0000;64;64;0.0049;0.0003;-0.0407;0.0059;-0.0000;0.0000;0.1969;10154
1335.5;0.5005;0.5000;-0.1154;0.0000;64;64;-0.0831;-0.0026;-0.0407;0.0039;-0.0000;0.0000;0.1969;10103
1336.0;0.5009;0.5000;-0.1470;0.0000;62;64;0.0049;-0.0041;-0.0407;0.0059;-0.0000;0.0000;0.1969;10103
1336.5;0.5023;0.5000;-0.0797;0.0000;64;62;-0.0831;-0.0070;-0.0407;0.0029;-0.0000;0.0000;0.1969;10154
1337.0;0.5027;0.5000;-0.0124;0.0000;64;60;-0.0049;-0.0085;-0.0407;-0.0000;-0.0000;0.0000;0.1969;10103
1337.5;0.5027;0.5000;-0.0797;0.0000;62;62;-0.0049;-0.0085;-0.0407;0.0029;-0.0000;0.0000;0.1969;10154
1338.0;0.5037;0.5000;-0.0742;0.0000;62;62;0.0831;-0.0100;-0.0407;0.0029;-0.0000;0.0000;0.1969;10154
1338.5;0.5041;0.5000;-0.1607;0.0000;60;62;0.0049;-0.0114;-0.0407;0.0059;-0.0000;0.0000;0.1969;10154
1339.0;0.5050;0.5000;-0.1071;0.0000;60;60;-0.0831;-0.0144;-0.0407;0.0039;-0.0000;0.0000;0.1969;10154
1339.5;0.5055;0.5000;-0.1126;0.0000;60;60;-0.0049;-0.0144;-0.0407;0.0039;-0.0000;0.0000;0.1969;10154
1340.0;0.5064;0.5000;-0.0385;0.0000;60;60;0.0733;-0.0173;-0.0407;0.0010;-0.0000;0.0000;0.1969;10154
1340.5;0.5073;0.5000;-0.0440;0.0000;60;60;-0.0831;-0.0202;-0.0407;0.0010;-0.0000;0.0000;0.1969;10154
1341.0;0.5082;0.5000;-0.0549;0.0000;60;58;-0.0049;-0.0217;-0.0407;0.0020;-0.0000;0.0000;0.1969;10154
1341.5;0.5092;0.5000;-0.0041;0.0000;60;58;-0.0831;-0.0246;-0.0407;-0.0000;-0.0000;0.0000;0.1969;10154
1342.0;0.5096;0.5000;-0.0371;0.0000;58;58;-0.0049;-0.0246;-0.0407;0.0010;-0.0000;0.0000;0.1969;10154
1342.5;0.5105;0.5000;0.0027;0.0000;58;58;0.0733;-0.0275;-0.0407;-0.0010;-0.0000;0.0000;0.1969;10154
1343.0;0.5110;0.5000;-0.0659;0.0000;56;58;-0.0049;-0.0290;-0.0407;0.0020;-0.0000;0.0000;0.1969;10154
1343.5;0.5110;0.5000;-0.0261;0.0000;56;56;-0.0049;-0.0290;-0.0407;0.0010;-0.0000;0.0000;0.1969;10154
1344.0;0.5110;0.5000;-0.0797;0.0000;56;58;-0.0049;-0.0290;-0.0407;0.0029;-0.0000;0.0000;0.1969;10154
1344.5;0.5110;0.5000;-0.0659;0.0000;56;56;-0.0831;-0.0290;-0.0407;0.0020;-0.0000;0.0000;0.1969;10154
1345.0;0.5114;0.5000;-0.1099;0.0000;56;56;-0.0049;-0.0290;-0.0407;0.0039;-0.0000;0.0000;0.1969;10154
1345.5;0.5114;0.5000;-0.1140;0.0000;56;56;-0.0049;-0.0290;-0.0422;0.0039;-0.0000;0.0000;0.1969;10154
1346.0;0.5110;0.5000;-0.1717;0.0000;54;58;0.0049;-0.0290;-0.0422;0.0068;-0.0000;0.0000;0.1969;10154
1346.5;0.5105;0.5000;-0.1923;0.0000;54;58;0.0049;-0.0275;-0.0422;0.0078;-0.0000;0.0000;0.1969;10154
1347.0;0.5101;0.5000;-0.1374;0.0000;56;58;-0.0049;-0.0261;-0.0422;0.0049;-0.0000;0.0000;0.1969;10154
1347.5;0.5105;0.5000;-0.1195;0.0000;56;58;-0.0831;-0.0275;-0.0422;0.0049;-0.0000;0.0000;0.1969;10154
1348.0;0.5110;0.5000;-0.0124;0.0000;56;56;0.0733;-0.0290;-0.0422;-0.0000;-0.0000;0.0000;0.1969;10154
1348.5;0.5114;0.5000;-0.0014;0.0000;56;56;-0.0049;-0.0290;-0.0422;-0.0000;-0.0000;0.0000;0.1969;10154
1349.0;0.5114;0.5000;0.0234;0.0000;56;56;-0.0049;-0.0290;-0.0422;-0.0020;-0.0000;0.0000;0.1969;10154
1349.5;0.5124;0.5000;-0.0082;0.0000;56;56;-0.0049;-0.0319;-0.0422;-0.0000;-0.0000;0.0000;0.1969;10154
1350.0;0.5119;0.5000;0.0385;0.0000;56;54;-0.0831;-0.0305;-0.0422;-0.0020;-0.0000;0.0000;0.1969;10154
1350.5;0.5101;0.5000;0.0824;0.0000;56;54;0.0733;-0.0275;-0.0422;-0.0039;-0.0000;0.0000;0.1969;10154
1351.0;0.5092;0.5000;0.0481;0.0000;56;56;-0.0049;-0.0231;-0.0422;-0.0029;-0.0000;0.0000;0.1969;10154
1351.5;0.5078;0.5000;0.0797;0.0000;58;56;-0.0049;-0.0217;-0.0422;-0.0039;-0.0000;0.0000;0.1969;10154
1352.0;0.5073;0.5000;0.0577;0.0000;58;56;-0.0049;-0.0188;-0.0422;-0.0029;-0.0000;0.0000;0.1969;10205
1352.5;0.5064;0.5000;0.1030;0.0000;58;56;-0.0049;-0.0173;-0.0437;-0.0049;-0.0000;0.0000;0.1969;10154
1353.0;0.5060;0.5000;0.0673;0.0000;58;58;-0.0049;-0.0158;-0.0437;-0.0029;-0.0000;0.0000;0.1969;10154
1353.5;0.5050;0.5000;0.1085;0.0000;60;58;-0.0049;-0.0144;-0.0437;-0.0049;-0.0000;0.0000;0.1969;10154
1354.0;0.5046;0.5000;0.0948;0.0000;60;58;-0.0049;-0.0129;-0.0437;-0.0049;-0.0000;0.0000;0.1969;10154
1354.5;0.5041;0.5000;0.1401;0.0000;60;58;-0.0147;-0.0114;-0.0437;-0.0068;-0.0000;0.0000;0.1969;10154
1355.0;0.5037;0.5000;0.1236;0.0000;60;58;-0.0049;-0.0100;-0.0437;-0.0059;-0.0000;0.0000;0.1969;10154
1355.5;0.5032;0.5000;0.1731;0.0000;62;58;-0.0147;-0.0085;-0.0437;-0.0078;-0.0000;0.0000;0.1969;10154
1356.0;0.5027;0.5000;0.1827;0.0000;62;58;0.0733;-0.0070;-0.0437;-0.0078;-0.0000;0.0000;0.1969;10154
1356.5;0.5023;0.5000;0.1209;0.0000;62;58;-0.0049;-0.0070;-0.0437;-0.0059;-0.0000;0.0000;0.1969;10154
1357.0;0.5018;0.5000;0.1401;0.0000;62;58;-0.0147;-0.0056;-0.0437;-0.0068;-0.0000;0.0000;0.1969;10154
1357.5;0.5014;0.5000;0.1126;0.0000;62;60;-0.0049;-0.0041;-0.0437;-0.0049;-0.0000;0.0000;0.1969;10154
1358.0;0.5000;0.5000;0.1717;0.0000;62;60;0.0733;-0.0012;-0.0437;-0.0078;-0.0000;0.0000;0.1969;10154
1358.5;0.5000;0.5000;0.1635;0.0000;62;60;0.0733;-0.0012;-0.0437;-0.0078;-0.0000;0.0000;0.1969;10154
1359.0;0.5000;0.5000;0.2074;0.0000;62;60;-0.0147;-0.0012;-0.0437;-0.0088;-0.0000;0.0000;0.1969;10154
1359.5;0.4986;0.5000;0.1662;0.0000;62;62;0.0733;0.0018;-0.0437;-0.0078;-0.0000;0.0000;0.1969;10154
1360.0;0.4982;0.5000;0.1525;0.0000;62;62;-0.0147;0.0032;-0.0437;-0.0068;-0.0000;0.0000;0.1969;10154
1360.5;0.4982;0.5000;0.1236;0.0000;64;62;-0.0049;0.0032;-0.0437;-0.0059;-0.0000;0.0000;0.1969;10154
1361.0;0.4968;0.5000;0.1442;0.0000;64;62;0.0733;0.0076;-0.0437;-0.0068;-0.0000;0.0000;0.1969;10103
1361.5;0.4950;0.5000;0.2129;0.0000;65;62;-0.0147;0.0120;-0.0437;-0.0098;-0.0000;0.0000;0.1969;10154
1362.0;0.4927;0.5000;0.1992;0.0000;65;64;0.0733;0.0164;-0.0437;-0.0088;-0.0000;0.0000;0.1969;10154
1362.5;0.4913;0.5000;0.2418;0.0000;67;64;-0.0147;0.0208;-0.0437;-0.0108;-0.0000;0.0000;0.1969;10154
1363.0;0.4895;0.5000;0.2088;0.0000;67;65;0.0733;0.0252;-0.0422;-0.0088;-0.0000;0.0000;0.1969;10154
1363.5;0.4876;0.5000;0.2308;0.0000;69;65;-0.0049;0.0296;-0.0422;-0.0098;-0.0000;0.0000;0.1969;10103
1364.0;0.4863;0.5000;0.2129;0.0000;69;67;-0.0147;0.0340;-0.0422;-0.0098;-0.0000;0.0000;0.1969;10154
1364.5;0.4853;0.5000;0.2321;0.0000;71;67;-0.0147;0.0355;-0.0422;-0.0098;-0.0000;0.0000;0.1969;10154
1365.0;0.4853;0.5000;0.1690;0.0000;69;69;0.0733;0.0355;-0.0422;-0.0078;-0.0000;0.0000;0.1969;10103
1365.5;0.4853;0.5000;0.1319;0.0000;69;69;-0.0049;0.0355;-0.0422;-0.0059;-0.0000;0.0000;0.1969;10103
1366.0;0.4853;0.5000;0.1484;0.0000;69;69;-0.0147;0.0355;-0.0422;-0.0068;-0.0000;0.0000;0.1969;10103
1366.5;0.4858;0.5000;0.1113;0.0000;69;69;-0.0049;0.0355;-0.0422;-0.0049;-0.0000;0.0000;0.1969;10103
1367.0;0.4863;0.5000;0.0810;0.0000;69;69;0.0733;0.0325;-0.0422;-0.0039;-0.0000;0.0000;0.1969;10103
1367.5;0.4867;0.5000;0.0096;0.0000;69;69;-0.0049;0.0311;-0.0422;-0.0010;-0.0000;0.0000;0.1969;10103
1368.0;0.4872;0.5000;0.0124;0.0000;69;69;-0.0049;0.0311;-0.0422;-0.0010;-0.0000;0.0000;0.1969;10051
1368.5;0.4881;0.5000;-0.0027;0.0000;69;69;-0.0831;0.0281;-0.0407;-0.0000;-0.0000;0.0000;0.1969;10103
1369.0;0.4886;0.5000;0.0659;0.0000;69;67;-0.0049;0.0267;-0.0407;-0.0029;-0.0000;0.0000;0.1969;10103
1369.5;0.4899;0.5000;0.0824;0.0000;69;67;0.0733;0.0237;-0.0407;-0.0039;-0.0000;0.0000;0.1969;10103
1370.0;0.4908;0.5000;0.1044;0.0000;67;67;-0.0049;0.0223;-0.0407;-0.0049;-0.0000;0.0000;0.1969;10103
1370.5;0.4913;0.5000;0.0646;0.0000;67;67;0.0733;0.0208;-0.0407;-0.0029;-0.0000;0.0000;0.1969;10103
1371.0;0.4913;0.5000;0.0343;0.0000;67;67;-0.0049;0.0208;-0.0407;-0.0020;-0.0000;0.0000;0.1969;10103
1371.5;0.4913;0.5000;0.0426;0.0000;67;67;-0.0049;0.0193;-0.0407;-0.0020;-0.0000;0.0000;0.1969;10103
1372.0;0.4922;0.5000;0.0316;0.0000;67;67;0.0733;0.0179;-0.0407;-0.0020;-0.0000;0.0000;0.1969;10103
1372.5;0.4936;0.5000;0.0591;0.0000;67;65;-0.0929;0.0149;-0.0407;-0.0029;-0.0000;0.0000;0.1969;10103
1373.0;0.4950;0.5000;0.0275;0.0000;65;65;0.0733;0.0105;-0.0407;-0.0020;-0.0000;0.0000;0.1969;10154
1373.5;0.4959;0.5000;0.0440;0.0000;65;65;-0.0049;0.0091;-0.0407;-0.0020;-0.0000;0.0000;0.1969;10103
1374.0;0.4982;0.5000;0.0069;0.0000;64;65;-0.0049;0.0032;-0.0407;-0.0010;-0.0000;0.0000;0.1969;10103
1374.5;0.4991;0.5000;0.0137;0.0000;64;64;-0.0049;0.0003;-0.0407;-0.0010;-0.0000;0.0000;0.1969;10154
1375.0;0.5009;0.5000;0.0124;0.0000;62;64;0.0733;-0.0041;-0.0407;-0.0010;-0.0000;0.0000;0.1969;10103
1375.5;0.5018;0.5000;0.0055;0.0000;62;64;0.0733;-0.0056;-0.0407;-0.0010;-0.0000;0.0000;0.1969;10154
1376.0;0.5027;0.5000;0.0261;0.0000;62;62;-0.0831;-0.0085;-0.0407;-0.0020;-0.0000;0.0000;0.1969;10103
1376.5;0.5037;0.5000;0.0343;0.0000;62;62;-0.0049;-0.0100;-0.0407;-0.0020;-0.0000;0.0000;0.1969;10103
1377.0;0.5041;0.5000;0.0659;0.0000;62;60;-0.0049;-0.0114;-0.0407;-0.0029;-0.0000;0.0000;0.1969;10154
1377.5;0.5055;0.5000;0.0343;0.0000;60;60;-0.0049;-0.0144;-0.0407;-0.0020;-0.0000;0.0000;0.1969;10103
1378.0;0.5064;0.5000;0.0343;0.0000;60;60;-0.0049;-0.0173;-0.0407;-0.0020;-0.0000;0.0000;0.1969;10154
1378.5;0.5073;0.5000;0.0206;0.0000;60;60;0.0733;-0.0202;-0.0407;-0.0010;-0.0000;0.0000;0.1969;10154
1379.0;0.5082;0.5000;0.0014;0.0000;58;60;-0.0049;-0.0217;-0.0407;-0.0010;-0.0000;0.0000;0.1969;10154
1379.5;0.5092;0.5000;-0.0165;0.0000;58;60;0.0733;-0.0246;-0.0407;-0.0000;-0.0000;0.0000;0.1969;10154
1380.0;0.5092;0.5000;-0.0371;0.0000;56;60;0.0733;-0.0231;-0.0407;0.0010;-0.0000;0.0000;0.1969;10154
1380.5;0.5087;0.5000;-0.0412;0.0000;56;60;-0.0831;-0.0231;-0.0407;0.0010;-0.0000;0.0000;0.1969;10154
1381.0;0.5087;0.5000;-0.1071;0.0000;56;60;0.0831;-0.0231;-0.0407;0.0039;-0.0000;0.0000;0.1969;10154
1381.5;0.5092;0.5000;-0.1209;0.0000;56;60;-0.0049;-0.0231;-0.0422;0.0049;-0.0000;0.0000;0.1969;10154
1382.0;0.5096;0.5000;-0.1882;0.0000;54;60;-0.0831;-0.0246;-0.0422;0.0078;-0.0000;0.0000;0.1969;10154
1382.5;0.5092;0.5000;-0.1827;0.0000;54;60;0.0831;-0.0231;-0.0422;0.0068;-0.0000;0.0000;0.1969;10154
1383.0;0.5082;0.5000;-0.1525;0.0000;56;60;0.0049;-0.0217;-0.0422;0.0059;-0.0000;0.0000;0.1969;10154
1383.5;0.5069;0.5000;-0.1071;0.0000;56;60;0.0831;-0.0188;-0.0422;0.0039;-0.0000;0.0000;0.1969;10154
1384.0;0.5060;0.5000;-0.0920;0.0000;56;60;-0.0049;-0.0158;-0.0422;0.0029;-0.0000;0.0000;0.1969;10154
1384.5;0.5050;0.5000;-0.1332;0.0000;56;62;-0.0049;-0.0144;-0.0422;0.0049;-0.0000;0.0000;0.1969;10154
1385.0;0.5041;0.5000;-0.1538;0.0000;56;62;0.1613;-0.0114;-0.0422;0.0059;-0.0000;0.0000;0.1969;10154
1385.5;0.5041;0.5000;-0.1964;0.0000;56;62;-0.0831;-0.0129;-0.0422;0.0078;-0.0000;0.0000;0.1969;10154
1386.0;0.5041;0.5000;-0.1181;0.0000;58;62;-0.0049;-0.0114;-0.0422;0.0049;-0.0000;0.0000;0.1969;10154
1386.5;0.5050;0.5000;-0.0604;0.0000;58;62;0.0831;-0.0129;-0.0422;0.0020;-0.0000;0.0000;0.1969;10154
1387.0;0.5050;0.5000;0.0440;0.0000;58;60;-0.0049;-0.0144;-0.0422;-0.0020;-0.0000;0.0000;0.1969;10154
1387.5;0.5050;0.5000;0.0920;0.0000;60;60;-0.0049;-0.0144;-0.0422;-0.0039;-0.0000;0.0000;0.1969;10154
1388.0;0.5050;0.5000;0.1786;0.0000;60;58;-0.0147;-0.0129;-0.0422;-0.0078;-0.0000;0.0000;0.1969;10154
1388.5;0.5055;0.5000;0.2294;0.0000;60;58;0.0635;-0.0144;-0.0422;-0.0098;-0.0000;0.0000;0.1969;10154
1389.0;0.5055;0.5000;0.2418;0.0000;60;58;-0.0147;-0.0158;-0.0422;-0.0108;-0.0000;0.0000;0.1969;10154
1389.5;0.5055;0.5000;0.2404;0.0000;60;58;0.0635;-0.0144;-0.0422;-0.0108;-0.0000;0.0000;0.1969;10154
1390.0;0.5055;0.5000;0.1827;0.0000;60;58;-0.0147;-0.0144;-0.0422;-0.0078;-0.0000;0.0000;0.1969;10154
1390.5;0.5050;0.5000;0.2253;0.0000;60;58;-0.0147;-0.0144;-0.0422;-0.0098;-0.0000;0.0000;0.1969;10154
1391.0;0.5046;0.5000;0.1923;0.0000;60;58;-0.0147;-0.0129;-0.0422;-0.0088;-0.0000;0.0000;0.1969;10154
1391.5;0.5046;0.5000;0.2500;0.0000;62;58;-0.0147;-0.0129;-0.0422;-0.0108;-0.0000;0.0000;0.1969;10154
1392.0;0.5041;0.5000;0.2225;0.0000;62;58;-0.0147;-0.0114;-0.0422;-0.0098;-0.0000;0.0000;0.1969;10154
1392.5;0.5037;0.5000;0.2761;0.0000;62;58;-0.0147;-0.0100;-0.0422;-0.0117;-0.0000;0.0000;0.1969;10154
1393.0;0.5032;0.5000;0.2184;0.0000;62;58;-0.0147;-0.0100;-0.0422;-0.0098;-0.0000;0.0000;0.1969;10154
1393.5;0.5032;0.5000;0.2294;0.0000;62;58;0.0635;-0.0100;-0.0422;-0.0098;-0.0000;0.0000;0.1969;10154
1394.0;0.5032;0.5000;0.2445;0.0000;62;58;-0.0147;-0.0100;-0.0422;-0.0108;-0.0000;0.0000;0.1969;10154
1394.5;0.5032;0.5000;0.2610;0.0000;62;58;-0.0147;-0.0100;-0.0422;-0.0117;-0.0000;0.0000;0.1969;10154
1395.0;0.5032;0.5000;0.2445;0.0000;62;58;-0.0147;-0.0085;-0.0437;-0.0108;-0.0000;0.0000;0.1969;10154
1395.5;0.5037;0.5000;0.1951;0.0000;62;58;0.0733;-0.0100;-0.0437;-0.0088;-0.0000;0.0000;0.1969;10154
1396.0;0.5037;0.5000;0.2088;0.0000;62;58;-0.0147;-0.0114;-0.0437;-0.0088;-0.0000;0.0000;0.1969;10154
1396.5;0.5041;0.5000;0.1909;0.0000;62;58;-0.0929;-0.0114;-0.0437;-0.0088;-0.0000;0.0000;0.1969;10154
1397.0;0.5046;0.5000;0.2102;0.0000;60;58;0.1515;-0.0129;-0.0437;-0.0098;-0.0000;0.0000;0.1969;10154
1397.5;0.5041;0.5000;0.1896;0.0000;60;58;-0.0147;-0.0114;-0.0437;-0.0088;-0.0000;0.0000;0.1969;10154
1398.0;0.5037;0.5000;0.2006;0.0000;62;58;-0.0147;-0.0100;-0.0437;-0.0088;-0.0000;0.0000;0.1969;10154
1398.5;0.5027;0.5000;0.1690;0.0000;62;58;-0.0147;-0.0085;-0.0437;-0.0078;-0.0000;0.0000;0.1969;10154
1399.0;0.5023;0.5000;0.1703;0.0000;62;58;-0.0147;-0.0070;-0.0437;-0.0078;-0.0000;0.0000;0.1969;10154
1399.5;0.5027;0.5000;0.1484;0.0000;62;60;0.0733;-0.0085;-0.0437;-0.0068;-0.0000;0.0000;0.1969;10154
1400.0;0.5037;0.5000;0.1497;0.0000;62;58;-0.0929;-0.0100;-0.0437;-0.0068;-0.0000;0.0000;0.1969;10154
1400.5;0.5032;0.5000;0.1484;0.0000;60;60;0.0733;-0.0085;-0.0437;-0.0068;-0.0000;0.0000;0.1969;10154
1401.0;0.5027;0.5000;0.1593;0.0000;62;58;-0.0147;-0.0085;-0.0437;-0.0068;-0.0000;0.0000;0.1969;10154
1401.5;0.5023;0.5000;0.2033;0.0000;62;58;-0.0147;-0.0070;-0.0437;-0.0088;-0.0000;0.0000;0.1969;10154
1402.0;0.5018;0.5000;0.2143;0.0000;62;58;-0.0147;-0.0070;-0.0437;-0.0098;-0.0000;0.0000;0.1969;10154
1402.5;0.5023;0.5000;0.2019;0.0000;62;60;0.0733;-0.0070;-0.0437;-0.0088;-0.0000;0.0000;0.1969;10154
1403.0;0.5023;0.5000;0.1552;0.0000;62;60;-0.0147;-0.0070;-0.0437;-0.0068;-0.0000;0.0000;0.1969;10154
1403.5;0.5023;0.5000;0.1154;0.0000;60;60;-0.0049;-0.0070;-0.0437;-0.0049;-0.0000;0.0000;0.1969;10154
1404.0;0.5023;0.5000;0.1003;0.0000;60;60;-0.0049;-0.0070;-0.0437;-0.0049;-0.0000;0.0000;0.1969;10154
1404.5;0.5018;0.5000;0.0962;0.0000;62;60;-0.0049;-0.0056;-0.0437;-0.0049;-0.0000;0.0000;0.1969;10154
1405.0;0.5023;0.5000;0.1154;0.0000;60;60;0.0733;-0.0070;-0.0437;-0.0059;-0.0000;0.0000;0.1969;10154
1405.5;0.5023;0.5000;0.1154;0.0000;60;60;-0.0049;-0.0070;-0.0437;-0.0049;-0.0000;0.0000;0.1969;10154
1406.0;0.5032;0.5000;0.1154;0.0000;62;60;-0.0929;-0.0100;-0.0437;-0.0049;-0.0000;0.0000;0.1969;10154
1406.5;0.5037;0.5000;0.0756;0.0000;60;60;-0.0049;-0.0100;-0.0437;-0.0039;-0.0000;0.0000;0.1969;10154
1407.0;0.5037;0.5000;0.0316;0.0000;60;60;-0.0049;-0.0100;-0.0437;-0.0020;-0.0000;0.0000;0.1969;10154
1407.5;0.5037;0.5000;0.0385;0.0000;60;60;-0.0049;-0.0100;-0.0437;-0.0020;-0.0000;0.0000;0.1969;10154
1408.0;0.5032;0.5000;0.0453;0.0000;60;60;0.0733;-0.0100;-0.0437;-0.0020;-0.0000;0.0000;0.1969;10154
1408.5;0.5032;0.5000;0.0824;0.0000;60;60;-0.0049;-0.0100;-0.0437;-0.0039;-0.0000;0.0000;0.1969;10154
1409.0;0.5027;0.5000;0.0893;0.0000;60;60;-0.0049;-0.0085;-0.0437;-0.0039;-0.0000;0.0000;0.1969;10154
1409.5;0.5027;0.5000;0.1209;0.0000;62;58;-0.0049;-0.0085;-0.0437;-0.0059;-0.0000;0.0000;0.1969;10154
1410.0;0.5023;0.5000;0.1236;0.0000;62;60;-0.0049;-0.0070;-0.0437;-0.0059;-0.0000;0.0000;0.1969;10154
1410.5;0.5018;0.5000;0.1374;0.0000;62;60;-0.0049;-0.0056;-0.0437;-0.0059;-0.0000;0.0000;0.1969;10154
1411.0;0.5023;0.5000;0.1305;0.0000;62;60;0.0733;-0.0070;-0.0437;-0.0059;-0.0000;0.0000;0.1969;10154
1411.5;0.5023;0.5000;0.1387;0.0000;62;60;-0.0147;-0.0070;-0.0437;-0.0059;-0.0000;0.0000;0.1969;10154
1412.0;0.5023;0.5000;0.1415;0.0000;62;60;-0.0147;-0.0070;-0.0437;-0.0068;-0.0000;0.0000;0.1969;10154
1412.5;0.5023;0.5000;0.1621;0.0000;62;60;-0.0147;-0.0070;-0.0437;-0.0068;-0.0000;0.0000;0.1969;10154
1413.0;0.5018;0.5000;0.1758;0.0000;62;58;-0.0147;-0.0070;-0.0437;-0.0078;-0.0000;0.0000;0.1969;10103
1413.5;0.5018;0.5000;0.1854;0.0000;62;58;-0.0929;-0.0056;-0.0437;-0.0088;-0.0000;0.0000;0.1969;10154
1414.0;0.5009;0.5000;0.1827;0.0000;62;60;0.0733;-0.0026;-0.0437;-0.0078;-0.0000;0.0000;0.1969;10154
1414.5;0.4991;0.5000;0.1758;0.0000;62;60;0.0733;0.0003;-0.0437;-0.0078;-0.0000;0.0000;0.1969;10154
1415.0;0.4986;0.5000;0.1992;0.0000;64;60;-0.0929;0.0018;-0.0437;-0.0088;-0.0000;0.0000;0.1969;10154
1415.5;0.4982;0.5000;0.2006;0.0000;64;60;-0.0147;0.0032;-0.0437;-0.0088;-0.0000;0.0000;0.1969;10103
1416.0;0.4977;0.5000;0.2390;0.0000;64;60;-0.0147;0.0032;-0.0437;-0.0108;-0.0000;0.0000;0.1969;10154
1416.5;0.4977;0.5000;0.2225;0.0000;64;60;-0.0147;0.0047;-0.0437;-0.0098;-0.0000;0.0000;0.1969;10154
1417.0;0.4973;0.5000;0.2376;0.0000;65;60;-0.0147;0.0062;-0.0437;-0.0108;-0.0000;0.0000;0.1969;10103
1417.5;0.4968;0.5000;0.1813;0.0000;64;62;-0.0147;0.0062;-0.0437;-0.0078;-0.0000;0.0000;0.1969;10103
1418.0;0.4968;0.5000;0.1332;0.0000;64;62;-0.0049;0.0076;-0.0437;-0.0059;-0.0000;0.0000;0.1969;10154
1418.5;0.4963;0.5000;0.1099;0.0000;64;62;-0.0049;0.0076;-0.0437;-0.0049;-0.0000;0.0000;0.1969;10103
1419.0;0.4959;0.5000;0.1058;0.0000;64;62;-0.0049;0.0091;-0.0437;-0.0049;-0.0000;0.0000;0.1969;10154
1419.5;0.4963;0.5000;0.1305;0.0000;65;62;-0.0929;0.0076;-0.0437;-0.0059;-0.0000;0.0000;0.1969;10154
1420.0;0.4968;0.5000;0.1415;0.0000;65;62;-0.0147;0.0062;-0.0437;-0.0068;-0.0000;0.0000;0.1969;10103
1420.5;0.4968;0.5000;0.1497;0.0000;65;62;-0.0147;0.0062;-0.0437;-0.0068;-0.0000;0.0000;0.1969;10154
1421.0;0.4968;0.5000;0.1360;0.0000;65;62;-0.0049;0.0062;-0.0437;-0.0059;-0.0000;0.0000;0.1969;10154
1421.5;0.4968;0.5000;0.1264;0.0000;65;62;-0.0049;0.0076;-0.0437;-0.0059;-0.0000;0.0000;0.1969;10103
1422.0;0.4963;0.5000;0.1387;0.0000;65;62;-0.0049;0.0076;-0.0437;-0.0068;-0.0000;0.0000;0.1969;10154
1422.5;0.4963;0.5000;0.1305;0.0000;65;62;-0.0929;0.0076;-0.0437;-0.0059;-0.0000;0.0000;0.1969;10154
1423.0;0.4963;0.5000;0.1401;0.0000;64;64;0.1515;0.0076;-0.0437;-0.0068;-0.0000;0.0000;0.1969;10103
1423.5;0.4968;0.5000;0.1181;0.0000;64;62;-0.0929;0.0076;-0.0437;-0.0059;-0.0000;0.0000;0.1969;10154
1424.0;0.4968;0.5000;0.1305;0.0000;64;62;-0.0049;0.0062;-0.0437;-0.0059;-0.0000;0.0000;0.1969;10154
1424.5;0.4968;0.5000;0.0797;0.0000;64;64;-0.0049;0.0062;-0.0437;-0.0039;-0.0000;0.0000;0.1969;10103
1425.0;0.4977;0.5000;0.0769;0.0000;64;64;0.0733;0.0047;-0.0437;-0.0039;-0.0000;0.0000;0.1969;10154
1425.5;0.4982;0.5000;0.0247;0.0000;64;64;-0.0049;0.0032;-0.0437;-0.0020;-0.0000;0.0000;0.1969;10103
1426.0;0.4982;0.5000;0.0316;0.0000;62;64;-0.0831;0.0032;-0.0437;-0.0020;-0.0000;0.0000;0.1969;10154
1426.5;0.4991;0.5000;0.0179;0.0000;62;64;0.0733;0.0018;-0.0437;-0.0010;-0.0000;0.0000;0.1969;10154
1427.0;0.4986;0.5000;0.0453;0.0000;62;64;0.0733;0.0018;-0.0437;-0.0020;-0.0000;0.0000;0.1969;10103
1427.5;0.4986;0.5000;0.0659;0.0000;62;64;-0.0049;0.0032;-0.0437;-0.0029;-0.0000;0.0000;0.1969;10154
1428.0;0.4982;0.5000;0.0426;0.0000;62;64;-0.0049;0.0032;-0.0437;-0.0020;-0.0000;0.0000;0.1969;10103
1428.5;0.4977;0.5000;0.0316;0.0000;62;64;-0.0049;0.0047;-0.0437;-0.0020;-0.0000;0.0000;0.1969;10103
1429.0;0.4973;0.5000;0.0220;0.0000;62;64;-0.0049;0.0047;-0.0437;-0.0010;-0.0000;0.0000;0.1969;10154
1429.5;0.4973;0.5000;0.0604;0.0000;64;64;-0.0049;0.0062;-0.0437;-0.0029;-0.0000;0.0000;0.1969;10154
1430.0;0.4959;0.5000;0.0920;0.0000;64;62;-0.0929;0.0091;-0.0437;-0.0039;-0.0000;0.0000;0.1969;10154
1430.5;0.4959;0.5000;0.1374;0.0000;64;64;0.0733;0.0091;-0.0437;-0.0059;-0.0000;0.0000;0.1969;10154
1431.0;0.4959;0.5000;0.1525;0.0000;65;64;-0.0147;0.0091;-0.0437;-0.0068;-0.0000;0.0000;0.1969;10154
1431.5;0.4959;0.5000;0.1497;0.0000;65;64;-0.0147;0.0091;-0.0437;-0.0068;-0.0000;0.0000;0.1969;10103
1432.0;0.4954;0.5000;0.1264;0.0000;65;64;-0.0049;0.0091;-0.0437;-0.0059;-0.0000;0.0000;0.1969;10154
1432.5;0.4954;0.5000;0.1126;0.0000;65;64;-0.0049;0.0105;-0.0437;-0.0049;-0.0000;0.0000;0.1969;10103
1433.0;0.4950;0.5000;0.1277;0.0000;65;64;-0.0049;0.0105;-0.0437;-0.0059;-0.0000;0.0000;0.1969;10103
1433.5;0.4950;0.5000;0.1264;0.0000;65;64;0.0733;0.0120;-0.0437;-0.0059;-0.0000;0.0000;0.1969;10154
1434.0;0.4940;0.5000;0.1552;0.0000;65;64;-0.0147;0.0135;-0.0437;-0.0068;-0.0000;0.0000;0.1969;10103
1434.5;0.4931;0.5000;0.1456;0.0000;67;64;-0.0147;0.0149;-0.0422;-0.0068;-0.0000;0.0000;0.1969;10103
1435.0;0.4936;0.5000;0.1566;0.0000;67;64;-0.0929;0.0149;-0.0422;-0.0068;-0.0000;0.0000;0.1969;10154
1435.5;0.4927;0.5000;0.1236;0.0000;67;64;0.0733;0.0164;-0.0422;-0.0059;-0.0000;0.0000;0.1969;10103
1436.0;0.4918;0.5000;0.1140;0.0000;67;65;0.0733;0.0193;-0.0422;-0.0049;-0.0000;0.0000;0.1969;10103
1436.5;0.4908;0.5000;0.1003;0.0000;67;65;-0.0049;0.0223;-0.0422;-0.0049;-0.0000;0.0000;0.1969;10103
1437.0;0.4899;0.5000;0.0687;0.0000;67;65;-0.0049;0.0237;-0.0422;-0.0029;-0.0000;0.0000;0.1969;10103
1437.5;0.4895;0.5000;0.0769;0.0000;67;67;-0.0049;0.0252;-0.0422;-0.0039;-0.0000;0.0000;0.1969;10103
1438.0;0.4890;0.5000;0.0495;0.0000;67;67;-0.0049;0.0252;-0.0422;-0.0029;-0.0000;0.0000;0.1969;10103
1438.5;0.4895;0.5000;0.0481;0.0000;67;67;0.0733;0.0252;-0.0422;-0.0029;-0.0000;0.0000;0.1969;10103
1439.0;0.4899;0.5000;-0.0137;0.0000;67;67;-0.0049;0.0237;-0.0422;-0.0000;-0.0000;0.0000;0.1969;10103
1439.5;0.4913;0.5000;-0.0467;0.0000;65;67;-0.0049;0.0193;-0.0422;0.0010;-0.0000;0.0000;0.1969;10103
1440.0;0.4927;0.5000;-0.0646;0.0000;65;67;-0.0049;0.0179;-0.0422;0.0020;-0.0000;0.0000;0.1969;10103
1440.5;0.4931;0.4995;-0.0302;0.0000;65;67;-0.0049;0.0149;-0.0422;0.0010;-0.0000;0.0000;0.1969;10103
1441.0;0.4936;0.4995;0.0385;0.0000;65;65;-0.0049;0.0149;-0.0422;-0.0020;-0.0000;0.0000;0.1969;10103
1441.5;0.4936;0.4995;0.0783;0.0000;65;65;-0.0049;0.0135;-0.0422;-0.0039;-0.0000;0.0000;0.1969;10103
1442.0;0.4936;0.4995;0.1154;0.0000;65;65;-0.0049;0.0135;-0.0422;-0.0049;-0.0000;0.0000;0.1969;10154
1442.5;0.4918;0.4995;0.1099;0.0000;65;65;-0.0929;0.0193;-0.0422;-0.0049;-0.0000;0.0000;0.1969;10103
1443.0;0.4890;0.4995;0.1277;0.0000;65;67;0.0733;0.0252;-0.0422;-0.0059;-0.0000;0.0000;0.1969;10103
1443.5;0.4886;0.4991;0.1016;0.0000;67;67;-0.0929;0.0267;-0.0407;-0.0049;-0.0000;0.0000;0.1969;10103
1444.0;0.4876;0.4991;0.1236;0.0000;67;67;0.0733;0.0281;-0.0407;-0.0059;-0.0000;0.0000;0.1969;10103
1444.5;0.4863;0.4991;0.1113;0.0000;69;67;-0.0929;0.0311;-0.0407;-0.0049;-0.0000;0.0000;0.1969;10103
1445.0;0.4853;0.4986;0.1250;0.0000;69;67;-0.0049;0.0325;-0.0407;-0.0059;-0.0000;0.0000;0.1969;10103
1445.5;0.4849;0.4986;0.1195;0.0000;69;69;-0.0049;0.0340;-0.0407;-0.0059;-0.0000;0.0000;0.1969;10103
1446.0;0.4858;0.4982;0.1360;0.0000;69;67;-0.0147;0.0311;-0.0407;-0.0059;-0.0000;0.0000;0.1969;10103
1446.5;0.4863;0.4982;0.1305;0.0000;69;67;-0.0049;0.0281;-0.0407;-0.0059;-0.0000;0.0000;0.1969;10103
1447.0;0.4867;0.4977;0.1003;0.0000;69;67;-0.0049;0.0267;-0.0407;-0.0049;-0.0000;0.0000;0.1969;10103
1447.5;0.4867;0.4973;0.0975;0.0000;69;67;-0.0049;0.0252;-0.0407;-0.0049;-0.0000;0.0000;0.1969;10103
1448.0;0.4881;0.4973;0.1113;0.0000;69;67;-0.0049;0.0208;-0.0407;-0.0049;-0.0000;0.0000;0.1969;10103
1448.5;0.4890;0.4968;0.1772;0.0000;69;65;-0.0147;0.0179;-0.0407;-0.0078;-0.0000;0.0000;0.1969;10103
1449.0;0.4899;0.4963;0.1745;0.0000;67;65;-0.0147;0.0164;-0.0407;-0.0078;-0.0000;0.0000;0.1969;10103
1449.5;0.4899;0.4959;0.1703;0.0000;67;65;-0.0147;0.0149;-0.0407;-0.0078;-0.0000;0.0000;0.1969;10103
1450.0;0.4908;0.4954;0.0962;0.0000;65;65;-0.0049;0.0120;-0.0407;-0.0049;-0.0000;0.0000;0.1969;10103
1450.5;0.4908;0.4950;0.0357;0.0000;65;65;-0.0049;0.0091;-0.0407;-0.0020;-0.0000;0.0000;0.1969;10103
1451.0;0.4908;0.4945;-0.0247;0.0000;64;65;-0.0049;0.0091;-0.0407;0.0010;-0.0000;0.0000;0.1969;10103
1451.5;0.4908;0.4940;-0.0275;0.0000;64;65;-0.0049;0.0076;-0.0393;0.0010;-0.0000;0.0000;0.1969;10103
1452.0;0.4913;0.4936;0.0027;0.0000;64;65;-0.0049;0.0047;-0.0393;-0.0010;-0.0000;0.0000;0.1969;10103
1452.5;0.4918;0.4931;-0.0082;0.0000;64;64;-0.0049;0.0032;-0.0393;-0.0000;-0.0000;0.0000;0.1969;10103
1453.0;0.4918;0.4927;0.0096;0.0000;64;64;-0.0049;0.0018;-0.0393;-0.0010;-0.0000;0.0000;0.1969;10154
1453.5;0.4913;0.4922;0.0000;0.0000;62;64;-0.0049;0.0018;-0.0393;-0.0010;-0.0000;0.0000;0.1969;10154
1454.0;0.4908;0.4918;0.0165;0.0000;62;64;-0.0049;0.0003;-0.0393;-0.0010;-0.0000;0.0000;0.1969;10103
1454.5;0.4913;0.4908;0.0302;0.0000;64;62;-0.0831;-0.0012;-0.0393;-0.0020;-0.0000;0.0000;0.1969;10154
1455.0;0.4913;0.4904;0.0797;0.0000;64;62;-0.0049;-0.0026;-0.0393;-0.0039;-0.0000;0.0000;0.1969;10103
1455.5;0.4908;0.4899;0.1113;0.0000;64;60;-0.0049;-0.0041;-0.0393;-0.0049;-0.0000;0.0000;0.1969;10103
1456.0;0.4913;0.4890;0.1319;0.0000;64;60;-0.0929;-0.0070;-0.0393;-0.0059;-0.0000;0.0000;0.1969;10154
1456.5;0.4913;0.4886;0.1346;0.0000;62;60;0.0733;-0.0085;-0.0393;-0.0059;-0.0000;0.0000;0.1969;10103
1457.0;0.4913;0.4881;0.1332;0.0000;62;58;-0.0049;-0.0100;-0.0407;-0.0059;-0.0000;0.0000;0.1969;10154
1457.5;0.4908;0.4872;0.1140;0.0000;62;58;-0.0049;-0.0100;-0.0407;-0.0049;-0.0000;0.0000;0.1969;10103
1458.0;0.4904;0.4863;0.0934;0.0000;62;58;-0.0049;-0.0114;-0.0407;-0.0049;-0.0000;0.0000;0.1969;10103
1458.5;0.4899;0.4858;0.0728;0.0000;62;58;-0.1711;-0.0114;-0.0407;-0.0039;-0.0000;0.0000;0.1969;10154
1459.0;0.4895;0.4849;0.0797;0.0000;62;58;-0.0049;-0.0114;-0.0407;-0.0039;-0.0000;0.0000;0.1969;10154
1459.5;0.4886;0.4840;0.0879;0.0000;62;58;-0.0049;-0.0129;-0.0407;-0.0039;-0.0000;0.0000;0.1969;10154
1460.0;0.4881;0.4835;0.0783;0.0000;60;58;-0.0049;-0.0129;-0.0407;-0.0039;-0.0000;0.0000;0.1969;10154
1460.5;0.4876;0.4826;0.0797;0.0000;60;58;-0.0049;-0.0129;-0.0407;-0.0039;-0.0000;0.0000;0.1969;10154
1461.0;0.4867;0.4817;0.0440;0.0000;60;58;-0.0049;-0.0129;-0.0407;-0.0020;-0.0000;0.0000;0.1969;10154
1461.5;0.4867;0.4808;0.0192;0.0000;58;58;0.0733;-0.0158;-0.0407;-0.0010;-0.0000;0.0000;0.1969;10154
1462.0;0.4872;0.4799;0.0275;0.0000;58;58;-0.0831;-0.0188;-0.0407;-0.0020;-0.0000;0.0000;0.1969;10154
1462.5;0.4872;0.4789;0.0179;0.0000;58;56;-0.0049;-0.0217;-0.0407;-0.0010;-0.0000;0.0000;0.1969;10154
1463.0;0.4872;0.4780;0.0398;0.0000;58;56;-0.0049;-0.0231;-0.0407;-0.0020;-0.0000;0.0000;0.1969;10154
1463.5;0.4876;0.4771;0.0220;0.0000;58;56;-0.0831;-0.0261;-0.0407;-0.0010;-0.0000;0.0000;0.1969;10154
1464.0;0.4876;0.4762;0.0110;0.0000;56;54;-0.0049;-0.0290;-0.0407;-0.0010;-0.0000;0.0000;0.1969;10154
1464.5;0.4876;0.4753;0.0014;0.0000;54;54;0.0733;-0.0319;-0.0407;-0.0010;-0.0000;0.0000;0.1969;10154
1465.0;0.4872;0.4744;0.0082;0.0000;54;54;-0.0831;-0.0334;-0.0407;-0.0010;-0.0000;0.0000;0.1969;10154
1465.5;0.4863;0.4734;0.0014;0.0000;54;52;-0.0049;-0.0334;-0.0407;-0.0010;-0.0000;0.0000;0.1969;10154
1466.0;0.4863;0.4721;0.0371;0.0000;54;52;0.0733;-0.0363;-0.0407;-0.0020;-0.0000;0.0000;0.1969;10154
1466.5;0.4858;0.4712;0.0549;0.0000;54;52;-0.0049;-0.0378;-0.0422;-0.0029;-0.0000;0.0000;0.1969;10154
1467.0;0.4853;0.4702;0.0604;0.0000;52;52;-0.0049;-0.0393;-0.0422;-0.0029;-0.0000;0.0000;0.1969;10154
1467.5;0.4849;0.4689;0.0673;0.0000;52;50;-0.0049;-0.0407;-0.0422;-0.0029;-0.0000;0.0000;0.1969;10154
1468.0;0.4844;0.4679;0.0824;0.0000;52;50;-0.0049;-0.0422;-0.0422;-0.0039;-0.0000;0.0000;0.1969;10154
1468.5;0.4835;0.4666;0.1195;0.0000;52;50;-0.0049;-0.0422;-0.0422;-0.0059;-0.0000;0.0000;0.1969;10205
1469.0;0.4835;0.4657;0.1305;0.0000;52;48;-0.0929;-0.0451;-0.0422;-0.0059;-0.0000;0.0000;0.1969;10154
1469.5;0.4831;0.4643;0.1593;0.0000;52;48;-0.0147;-0.0481;-0.0422;-0.0068;-0.0000;0.0000;0.1969;10154
1470.0;0.4826;0.4634;0.1648;0.0000;50;46;-0.0147;-0.0495;-0.0422;-0.0078;-0.0000;0.0000;0.1969;10205
1470.5;0.4821;0.4620;0.2033;0.0000;50;46;-0.0147;-0.0510;-0.0437;-0.0088;-0.0000;0.0000;0.1969;10154
1471.0;0.4821;0.4606;0.2239;0.0000;50;44;-0.0929;-0.0539;-0.0437;-0.0098;-0.0000;0.0000;0.1969;10205
1471.5;0.4817;0.4592;0.2060;0.0000;50;44;-0.0147;-0.0568;-0.0437;-0.0088;-0.0000;0.0000;0.1969;10205
1472.0;0.4812;0.4583;0.1662;0.0000;48;44;-0.0147;-0.0583;-0.0437;-0.0078;-0.0000;0.0000;0.1890;10154
1472.5;0.4803;0.4570;0.1236;0.0000;48;44;-0.0049;-0.0598;-0.0437;-0.0059;-0.0000;0.0000;0.1890;10205
1473.0;0.4785;0.4556;0.1758;0.0000;48;44;-0.0147;-0.0583;-0.0437;-0.0078;-0.0000;0.0000;0.1890;10205
1473.5;0.4757;0.4542;0.2102;0.0000;48;42;-0.0929;-0.0539;-0.0437;-0.0098;-0.0000;0.0000;0.1890;10205
1474.0;0.4730;0.4528;0.2239;0.0000;50;42;-0.0929;-0.0510;-0.0451;-0.0098;-0.0000;0.0000;0.1890;10205
1474.5;0.4702;0.4515;0.1703;0.0000;50;44;-0.0929;-0.0481;-0.0451;-0.0078;-0.0000;0.0000;0.1890;10205
1475.0;0.4684;0.4501;0.1552;0.0000;50;44;-0.0147;-0.0466;-0.0451;-0.0068;-0.0000;0.0000;0.1890;10205
1475.5;0.4666;0.4487;0.1470;0.0000;50;44;-0.0147;-0.0451;-0.0451;-0.0068;-0.0000;0.0000;0.1890;10205
1476.0;0.4643;0.4473;0.1442;0.0000;50;44;-0.0929;-0.0437;-0.0451;-0.0068;-0.0000;0.0000;0.1890;10205
1476.5;0.4629;0.4460;0.1154;0.0000;50;44;-0.0049;-0.0437;-0.0451;-0.0049;-0.0000;0.0000;0.1890;10205
1477.0;0.4615;0.4441;0.0701;0.0000;50;46;-0.0049;-0.0437;-0.0451;-0.0039;-0.0000;0.0000;0.1890;10205
1477.5;0.4597;0.4428;0.0687;0.0000;48;46;0.0733;-0.0437;-0.0451;-0.0039;-0.0000;0.0000;0.1890;10205
1478.0;0.4574;0.4414;0.0577;0.0000;48;46;-0.1711;-0.0407;-0.0466;-0.0029;-0.0000;0.0000;0.1890;10205
1478.5;0.4551;0.4396;0.0701;0.0000;48;46;0.0733;-0.0393;-0.0466;-0.0039;-0.0000;0.0000;0.1890;10205
1479.0;0.4528;0.4382;0.0398;0.0000;48;46;-0.0831;-0.0378;-0.0466;-0.0020;-0.0000;0.0000;0.1890;10205
1479.5;0.4510;0.4364;0.0316;0.0000;48;46;-0.0049;-0.0363;-0.0466;-0.0020;-0.0000;0.0000;0.1890;10205
1480.0;0.4496;0.4350;-0.0247;0.0000;48;48;-0.0049;-0.0378;-0.0466;0.0010;-0.0000;0.0000;0.1890;10205
1480.5;0.4469;0.4332;-0.0055;0.0000;48;48;-0.0049;-0.0349;-0.0466;-0.0000;-0.0000;0.0000;0.1890;10205
1481.0;0.4446;0.4318;0.0179;0.0000;50;46;-0.0831;-0.0334;-0.0466;-0.0010;-0.0000;0.0000;0.1890;10205
1481.5;0.4418;0.4299;0.0673;0.0000;50;46;-0.0929;-0.0305;-0.0466;-0.0029;-0.0000;0.0000;0.1890;10205
1482.0;0.4400;0.4286;0.1003;0.0000;50;46;-0.0049;-0.0305;-0.0466;-0.0049;-0.0000;0.0000;0.1890;10205
1482.5;0.4373;0.4267;0.0591;0.0000;50;46;-0.0049;-0.0275;-0.0466;-0.0029;-0.0000;0.0000;0.1890;10205
1483.0;0.4354;0.4249;0.0453;0.0000;50;48;-0.0049;-0.0275;-0.0466;-0.0020;-0.0000;0.0000;0.1890;10205
1483.5;0.4336;0.4231;0.0604;0.0000;50;48;-0.0929;-0.0261;-0.0481;-0.0029;-0.0000;0.0000;0.1890;10205
1484.0;0.4313;0.4212;0.1277;0.0000;50;46;0.0733;-0.0261;-0.0481;-0.0059;-0.0000;0.0000;0.1890;10205
1484.5;0.4286;0.4199;0.1538;0.0000;52;46;-0.0147;-0.0231;-0.0481;-0.0068;-0.0000;0.0000;0.1890;10205
1485.0;0.4258;0.4180;0.1635;0.0000;52;46;-0.0929;-0.0202;-0.0481;-0.0078;-0.0000;0.0000;0.1890;10154
1485.5;0.4226;0.4162;0.1168;0.0000;52;48;-0.0049;-0.0173;-0.0481;-0.0059;-0.0000;0.0000;0.1890;10205
1486.0;0.4203;0.4144;0.0879;0.0000;52;48;-0.0049;-0.0158;-0.0481;-0.0039;-0.0000;0.0000;0.1890;10205
1486.5;0.4180;0.4125;0.1030;0.0000;52;48;-0.0929;-0.0158;-0.0481;-0.0049;-0.0000;0.0000;0.1890;10205
1487.0;0.4162;0.4103;0.1140;0.0000;52;48;-0.0929;-0.0144;-0.0481;-0.0049;-0.0000;0.0000;0.1890;10205
1487.5;0.4139;0.4084;0.1319;0.0000;52;48;0.0733;-0.0144;-0.0481;-0.0059;-0.0000;0.0000;0.1890;10205
1488.0;0.4121;0.4066;0.0948;0.0000;52;48;-0.0929;-0.0144;-0.0481;-0.0049;-0.0000;0.0000;0.1890;10205
1488.5;0.4103;0.4048;0.1016;0.0000;52;48;0.0733;-0.0144;-0.0481;-0.0049;-0.0000;0.0000;0.1890;10205
1489.0;0.4080;0.4029;0.0687;0.0000;52;48;-0.0929;-0.0144;-0.0481;-0.0029;-0.0000;0.0000;0.1890;10205
1489.5;0.4052;0.4006;0.0742;0.0000;52;48;-0.0049;-0.0129;-0.0481;-0.0039;-0.0000;0.0000;0.1890;10205
1490.0;0.4029;0.3988;0.0604;0.0000;52;48;-0.0929;-0.0114;-0.0481;-0.0029;-0.0000;0.0000;0.1890;10205
1490.5;0.4011;0.3970;0.0756;0.0000;52;48;-0.0929;-0.0114;-0.0481;-0.0039;-0.0000;0.0000;0.1890;10154
1491.0;0.3984;0.3947;0.0398;0.0000;52;48;-0.0049;-0.0100;-0.0481;-0.0020;-0.0000;0.0000;0.1890;10205
1491.5;0.3965;0.3929;0.0192;0.0000;52;50;-0.0049;-0.0100;-0.0481;-0.0010;-0.0000;0.0000;0.1890;10154
1492.0;0.3942;0.3906;0.0179;0.0000;52;50;-0.0049;-0.0100;-0.0481;-0.0010;-0.0000;0.0000;0.1811;10205
1492.5;0.3919;0.3883;0.0151;0.0000;52;48;-0.0831;-0.0100;-0.0481;-0.0010;-0.0000;0.0000;0.1811;10205
1493.0;0.3901;0.3864;0.0055;0.0000;50;50;0.0733;-0.0100;-0.0481;-0.0010;-0.0000;0.0000;0.1811;10154
1493.5;0.3883;0.3842;-0.0426;0.0000;50;50;-0.0831;-0.0100;-0.0481;0.0010;-0.0000;0.0000;0.1811;10205
1494.0;0.3855;0.3819;-0.0137;0.0000;50;48;-0.0049;-0.0100;-0.0481;-0.0000;-0.0000;0.0000;0.1811;10205
1494.5;0.3837;0.3800;0.0000;0.0000;50;48;-0.0831;-0.0100;-0.0481;-0.0010;-0.0000;0.0000;0.1811;10154
1495.0;0.3810;0.3777;0.0385;0.0000;50;48;-0.0049;-0.0100;-0.0481;-0.0020;-0.0000;0.0000;0.1811;10154
1495.5;0.3791;0.3755;0.0577;0.0000;52;48;-0.0929;-0.0100;-0.0481;-0.0029;-0.0000;0.0000;0.1811;10154
1496.0;0.3764;0.3732;0.1003;0.0000;52;46;-0.0049;-0.0085;-0.0481;-0.0049;-0.0000;0.0000;0.1811;10154
1496.5;0.3741;0.3709;0.0962;0.0000;50;48;0.0733;-0.0085;-0.0481;-0.0049;-0.0000;0.0000;0.1811;10154
1497.0;0.3718;0.3686;0.1250;0.0000;50;46;-0.0049;-0.0085;-0.0481;-0.0059;-0.0000;0.0000;0.1811;10205
1497.5;0.3695;0.3663;0.1140;0.0000;52;46;-0.0929;-0.0085;-0.0481;-0.0049;-0.0000;0.0000;0.1811;10205
1498.0;0.3672;0.3640;0.1003;0.0000;50;46;-0.0049;-0.0085;-0.0481;-0.0049;-0.0000;0.0000;0.1811;10205
1498.5;0.3649;0.3617;0.0659;0.0000;50;48;0.0733;-0.0085;-0.0481;-0.0029;-0.0000;0.0000;0.1811;10205
1499.0;0.3626;0.3594;0.0852;0.0000;50;48;-0.0049;-0.0085;-0.0481;-0.0039;-0.0000;0.0000;0.1811;10205
1499.5;0.3608;0.3571;0.1168;0.0000;50;46;-0.0929;-0.0100;-0.0495;-0.0059;-0.0000;0.0000;0.1811;10205
1500.0;0.3585;0.3544;0.1181;0.0000;50;46;-0.0049;-0.0100;-0.0495;-0.0059;-0.0000;0.0000;0.1811;10154
1500.5;0.3571;0.3521;0.0824;0.0000;48;46;-0.0049;-0.0129;-0.0495;-0.0039;-0.0000;0.0000;0.1811;10205
1501.0;0.3553;0.3498;0.0124;0.0000;48;46;-0.0049;-0.0158;-0.0495;-0.0010;-0.0000;0.0000;0.1811;10205
1501.5;0.3535;0.3471;0.0000;0.0000;46;46;-0.0049;-0.0158;-0.0495;-0.0010;-0.0000;0.0000;0.1811;10205
1502.0;0.3507;0.3448;-0.0179;0.0000;46;46;-0.0049;-0.0158;-0.0495;-0.0000;-0.0000;0.0000;0.1811;10205
1502.5;0.3489;0.3425;0.0343;0.0000;46;44;-0.0831;-0.0173;-0.0495;-0.0020;-0.0000;0.0000;0.1811;10205
1503.0;0.3466;0.3397;0.0412;0.0000;46;44;-0.0049;-0.0173;-0.0495;-0.0020;-0.0000;0.0000;0.1811;10205
1503.5;0.3448;0.3375;0.0412;0.0000;46;44;0.0733;-0.0202;-0.0495;-0.0020;-0.0000;0.0000;0.1811;10205
1504.0;0.3429;0.3347;-0.0385;0.0000;44;44;-0.0049;-0.0217;-0.0495;0.0010;-0.0000;0.0000;0.1811;10205
1504.5;0.3407;0.3324;-0.0962;0.0000;42;44;-0.0049;-0.0217;-0.0495;0.0039;-0.0000;0.0000;0.1811;10205
1505.0;0.3384;0.3297;-0.1181;0.0000;42;44;-0.0049;-0.0217;-0.0495;0.0049;-0.0000;0.0000;0.1811;10205
1505.5;0.3365;0.3274;-0.1071;0.0000;42;44;-0.0831;-0.0231;-0.0495;0.0039;-0.0000;0.0000;0.1811;10205
1506.0;0.3347;0.3246;-0.0962;0.0000;40;42;-0.0049;-0.0246;-0.0495;0.0039;-0.0000;0.0000;0.1811;10205
1506.5;0.3324;0.3223;-0.1429;0.0000;40;42;0.0049;-0.0261;-0.0495;0.0059;-0.0000;0.0000;0.1811;10205
1507.0;0.3306;0.3196;-0.1209;0.0000;40;42;-0.0831;-0.0275;-0.0495;0.0049;-0.0000;0.0000;0.1732;10205
1507.5;0.3288;0.3173;-0.2047;0.0000;38;42;0.0049;-0.0290;-0.0495;0.0078;-0.0000;0.0000;0.1732;10205
1508.0;0.3269;0.3146;-0.2212;0.0000;38;40;0.0049;-0.0305;-0.0495;0.0088;-0.0000;0.0000;0.1732;10205
1508.5;0.3246;0.3123;-0.2994;0.0000;36;42;0.0049;-0.0319;-0.0510;0.0117;-0.0000;0.0000;0.1732;10205
1509.0;0.3228;0.3100;-0.2940;0.0000;36;40;-0.0733;-0.0334;-0.0510;0.0117;-0.0000;0.0000;0.1732;10205
1509.5;0.3205;0.3072;-0.3146;0.0000;36;40;0.0049;-0.0334;-0.0510;0.0127;-0.0000;0.0000;0.1732;10205
1510.0;0.3182;0.3049;-0.2830;0.0000;36;40;0.0049;-0.0349;-0.0510;0.0117;-0.0000;0.0000;0.1732;10205
1510.5;0.3164;0.3022;-0.2212;0.0000;36;38;0.0049;-0.0363;-0.0510;0.0088;-0.0000;0.0000;0.1732;10205
1511.0;0.3141;0.2999;-0.2019;0.0000;34;38;0.0049;-0.0363;-0.0510;0.0078;-0.0000;0.0000;0.1732;10205
1511.5;0.3123;0.2972;-0.1799;0.0000;34;38;0.0049;-0.0378;-0.0510;0.0068;-0.0000;0.0000;0.1732;10205
1512.0;0.3100;0.2949;-0.2280;0.0000;34;38;0.0049;-0.0393;-0.0510;0.0088;-0.0000;0.0000;0.1732;10205
1512.5;0.3091;0.2921;-0.1772;0.0000;34;36;-0.0831;-0.0422;-0.0510;0.0068;-0.0000;0.0000;0.1732;10205
1513.0;0.3077;0.2898;-0.2074;0.0000;32;36;0.0049;-0.0451;-0.0510;0.0078;-0.0000;0.0000;0.1732;10205
1513.5;0.3054;0.2871;-0.1456;0.0000;32;34;0.0831;-0.0466;-0.0524;0.0059;-0.0000;0.0000;0.1732;10205
1514.0;0.3031;0.2848;-0.1580;0.0000;32;34;0.0049;-0.0466;-0.0524;0.0059;-0.0000;0.0000;0.1732;10205
1514.5;0.3013;0.2821;-0.2033;0.0000;30;34;0.0049;-0.0481;-0.0524;0.0078;-0.0000;0.0000;0.1732;10205
1515.0;0.2990;0.2798;-0.2679;0.0000;30;34;-0.0733;-0.0481;-0.0524;0.0108;-0.0000;0.0000;0.1732;10205
1515.5;0.2967;0.2775;-0.3091;0.0000;30;34;0.0049;-0.0495;-0.0524;0.0127;-0.0000;0.0000;0.1732;10205
1516.0;0.2940;0.2747;-0.2569;0.0000;30;34;-0.0733;-0.0481;-0.0524;0.0108;-0.0000;0.0000;0.1732;10205
1516.5;0.2926;0.2724;-0.2651;0.0000;28;34;0.0831;-0.0510;-0.0524;0.0108;-0.0000;0.0000;0.1732;10205
1517.0;0.2903;0.2697;-0.1635;0.0000;30;32;-0.0831;-0.0524;-0.0524;0.0059;-0.0000;0.0000;0.1732;10205
1517.5;0.2875;0.2674;-0.1250;0.0000;30;32;-0.0049;-0.0510;-0.0539;0.0049;-0.0000;0.0000;0.1732;10205
1518.0;0.2839;0.2647;-0.0852;0.0000;30;30;-0.0049;-0.0481;-0.0539;0.0029;-0.0000;0.0000;0.1732;10205
1518.5;0.2811;0.2624;-0.0989;0.0000;30;32;-0.0049;-0.0481;-0.0539;0.0039;-0.0000;0.0000;0.1732;10205
1519.0;0.2788;0.2596;-0.1305;0.0000;30;32;-0.0049;-0.0481;-0.0539;0.0049;-0.0000;0.0000;0.1732;10205
1519.5;0.2770;0.2573;-0.1758;0.0000;28;32;0.0049;-0.0495;-0.0539;0.0068;-0.0000;0.0000;0.1732;10205
1520.0;0.2743;0.2546;-0.1909;0.0000;28;32;0.0049;-0.0495;-0.0539;0.0078;-0.0000;0.0000;0.1732;10205
1520.5;0.2720;0.2523;-0.1758;0.0000;28;30;0.0049;-0.0495;-0.0539;0.0068;-0.0000;0.0000;0.1732;10205
1521.0;0.2701;0.2500;-0.1401;0.0000;28;30;0.0049;-0.0510;-0.0554;0.0049;-0.0000;0.0000;0.1732;10205
1521.5;0.2679;0.2473;-0.0467;0.0000;28;28;-0.0831;-0.0524;-0.0554;0.0010;-0.0000;0.0000;0.1732;10205
1522.0;0.2656;0.2450;-0.0659;0.0000;28;28;0.0831;-0.0524;-0.0554;0.0020;-0.0000;0.0000;0.1654;10205
1522.5;0.2628;0.2422;-0.0220;0.0000;28;28;-0.0831;-0.0524;-0.0554;-0.0000;-0.0000;0.0000;0.1654;10205
1523.0;0.2610;0.2399;-0.1085;0.0000;26;28;-0.0049;-0.0539;-0.0554;0.0039;-0.0000;0.0000;0.1654;10205
1523.5;0.2587;0.2372;-0.1346;0.0000;26;28;0.0831;-0.0539;-0.0554;0.0049;-0.0000;0.0000;0.1654;10205
1524.0;0.2564;0.2349;-0.1511;0.0000;26;28;-0.0831;-0.0554;-0.0554;0.0059;-0.0000;0.0000;0.1654;10205
1524.5;0.2541;0.2321;-0.1126;0.0000;24;28;0.0831;-0.0554;-0.0568;0.0039;-0.0000;0.0000;0.1654;10205
1525.0;0.2518;0.2299;-0.1058;0.0000;26;26;-0.0831;-0.0554;-0.0568;0.0039;-0.0000;0.0000;0.1654;10205
1525.5;0.2486;0.2271;-0.1236;0.0000;24;26;-0.0049;-0.0539;-0.0568;0.0049;-0.0000;0.0000;0.1654;10205
1526.0;0.2454;0.2248;-0.0618;0.0000;26;26;-0.0831;-0.0524;-0.0568;0.0020;-0.0000;0.0000;0.1654;10205
1526.5;0.2427;0.2221;-0.0879;0.0000;24;26;0.0831;-0.0524;-0.0568;0.0029;-0.0000;0.0000;0.1654;10205
1527.0;0.2404;0.2198;-0.0659;0.0000;26;26;-0.0831;-0.0524;-0.0568;0.0020;-0.0000;0.0000;0.1654;10205
1527.5;0.2372;0.2175;-0.1291;0.0000;24;26;-0.0049;-0.0510;-0.0568;0.0049;-0.0000;0.0000;0.1654;10205
1528.0;0.2349;0.2147;-0.1277;0.0000;24;26;-0.0049;-0.0510;-0.0583;0.0049;-0.0000;0.0000;0.1654;10205
1528.5;0.2321;0.2125;-0.1896;0.0000;24;26;0.0049;-0.0510;-0.0583;0.0078;-0.0000;0.0000;0.1654;10205
1529.0;0.2299;0.2097;-0.1621;0.0000;24;26;0.0831;-0.0510;-0.0583;0.0059;-0.0000;0.0000;0.1654;10205
1529.5;0.2266;0.2074;-0.1703;0.0000;22;26;0.0049;-0.0495;-0.0583;0.0068;-0.0000;0.0000;0.1654;10205
1530.0;0.2239;0.2047;-0.1511;0.0000;22;26;0.0831;-0.0495;-0.0583;0.0059;-0.0000;0.0000;0.1654;10205
1530.5;0.2216;0.2024;-0.1607;0.0000;22;26;-0.0831;-0.0495;-0.0583;0.0059;-0.0000;0.0000;0.1654;10205
1531.0;0.2189;0.1996;-0.1511;0.0000;22;26;0.0049;-0.0481;-0.0583;0.0059;-0.0000;0.0000;0.1654;10205
1531.5;0.2166;0.1973;-0.1030;0.0000;24;24;-0.0831;-0.0495;-0.0583;0.0039;-0.0000;0.0000;0.1654;10205
1532.0;0.2138;0.1946;-0.0783;0.0000;24;24;-0.0049;-0.0481;-0.0598;0.0029;-0.0000;0.0000;0.1654;10205
1532.5;0.2106;0.1923;-0.0838;0.0000;24;24;-0.0049;-0.0466;-0.0598;0.0029;-0.0000;0.0000;0.1654;10205
1533.0;0.2074;0.1896;-0.1703;0.0000;22;26;0.0049;-0.0437;-0.0598;0.0068;-0.0000;0.0000;0.1654;10205
1533.5;0.2051;0.1873;-0.2019;0.0000;22;26;0.0049;-0.0451;-0.0598;0.0078;-0.0000;0.0000;0.1654;10205
1534.0;0.2028;0.1850;-0.2665;0.0000;22;26;0.0049;-0.0466;-0.0598;0.0108;-0.0000;0.0000;0.1654;10205
1534.5;0.2010;0.1822;-0.2266;0.0000;22;24;-0.0733;-0.0466;-0.0598;0.0088;-0.0000;0.0000;0.1654;10205
1535.0;0.1983;0.1799;-0.2129;0.0000;22;24;0.0049;-0.0481;-0.0598;0.0088;-0.0000;0.0000;0.1654;10205
1535.5;0.1964;0.1772;-0.1319;0.0000;22;24;0.0831;-0.0495;-0.0598;0.0049;-0.0000;0.0000;0.1654;10205
1536.0;0.1941;0.1749;-0.1484;0.0000;21;24;0.0049;-0.0495;-0.0612;0.0059;-0.0000;0.0000;0.1654;10205
1536.5;0.1914;0.1722;-0.1566;0.0000;21;24;0.0049;-0.0495;-0.0612;0.0059;-0.0000;0.0000;0.1654;10205
1537.0;0.1896;0.1699;-0.1484;0.0000;21;22;-0.0831;-0.0495;-0.0612;0.0059;-0.0000;0.0000;0.1575;10205
1537.5;0.1873;0.1671;-0.1703;0.0000;21;22;0.0049;-0.0510;-0.0612;0.0068;-0.0000;0.0000;0.1575;10205
1538.0;0.1845;0.1648;-0.1470;0.0000;21;22;0.0049;-0.0510;-0.0612;0.0059;-0.0000;0.0000;0.1575;10205
1538.5;0.1822;0.1621;-0.2129;0.0000;19;22;0.0049;-0.0495;-0.0612;0.0088;-0.0000;0.0000;0.1575;10205
1539.0;0.1795;0.1598;-0.1744;0.0000;19;22;0.0049;-0.0495;-0.0612;0.0068;-0.0000;0.0000;0.1575;10205
1539.5;0.1772;0.1571;-0.2212;0.0000;19;22;0.0831;-0.0510;-0.0627;0.0088;-0.0000;0.0000;0.1575;10205
1540.0;0.1754;0.1548;-0.1854;0.0000;19;22;0.0049;-0.0524;-0.0627;0.0068;-0.0000;0.0000;0.1575;10205
1540.5;0.1731;0.1525;-0.1841;0.0000;19;22;0.0049;-0.0524;-0.0627;0.0068;-0.0000;0.0000;0.1575;10205
1541.0;0.1703;0.1497;-0.2280;0.0000;17;22;0.0049;-0.0524;-0.0627;0.0088;-0.0000;0.0000;0.1575;10205
1541.5;0.1680;0.1474;-0.2198;0.0000;17;22;0.0049;-0.0524;-0.0627;0.0088;-0.0000;0.0000;0.1575;10205
1542.0;0.1658;0.1451;-0.2376;0.0000;17;22;0.0049;-0.0524;-0.0627;0.0098;-0.0000;0.0000;0.1575;10205
1542.5;0.1635;0.1424;-0.1868;0.0000;17;21;0.0049;-0.0524;-0.0627;0.0078;-0.0000;0.0000;0.1575;10205
1543.0;0.1612;0.1401;-0.2047;0.0000;17;21;0.0049;-0.0524;-0.0642;0.0078;-0.0000;0.0000;0.1575;10205
1543.5;0.1589;0.1378;-0.1566;0.0000;17;21;0.0049;-0.0524;-0.0642;0.0059;-0.0000;0.0000;0.1575;10205
1544.0;0.1566;0.1355;-0.1909;0.0000;17;21;0.0049;-0.0539;-0.0642;0.0078;-0.0000;0.0000;0.1575;10205
1544.5;0.1548;0.1332;-0.1923;0.0000;17;21;0.0049;-0.0539;-0.0642;0.0078;-0.0000;0.0000;0.1575;10205
1545.0;0.1525;0.1310;-0.2115;0.0000;15;21;0.0049;-0.0554;-0.0642;0.0088;-0.0000;0.0000;0.1575;10205
1545.5;0.1506;0.1287;-0.1799;0.0000;15;19;0.0049;-0.0554;-0.0642;0.0068;-0.0000;0.0000;0.1575;10205
1546.0;0.1488;0.1264;-0.1580;0.0000;15;19;0.0049;-0.0568;-0.0642;0.0059;-0.0000;0.0000;0.1575;10205
1546.5;0.1470;0.1241;-0.1854;0.0000;15;19;0.0049;-0.0583;-0.0656;0.0068;-0.0000;0.0000;0.1575;10205
1547.0;0.1447;0.1218;-0.1676;0.0000;15;17;-0.0831;-0.0568;-0.0656;0.0068;-0.0000;0.0000;0.1575;10205
1547.5;0.1424;0.1195;-0.1923;0.0000;15;17;0.0049;-0.0568;-0.0656;0.0078;-0.0000;0.0000;0.1575;10205
1548.0;0.1406;0.1177;-0.1648;0.0000;15;17;0.0049;-0.0583;-0.0656;0.0068;-0.0000;0.0000;0.1575;10205
1548.5;0.1378;0.1154;-0.2074;0.0000;15;17;-0.0831;-0.0568;-0.0656;0.0078;-0.0000;0.0000;0.1575;10205
1549.0;0.1360;0.1131;-0.1882;0.0000;15;17;0.0049;-0.0583;-0.0656;0.0078;-0.0000;0.0000;0.1575;10205
1549.5;0.1342;0.1113;-0.2184;0.0000;13;17;0.0049;-0.0583;-0.0671;0.0088;-0.0000;0.0000;0.1575;10205
1550.0;0.1328;0.1090;-0.2280;0.0000;13;17;0.0049;-0.0598;-0.0671;0.0088;-0.0000;0.0000;0.1575;10205
1550.5;0.1314;0.1067;-0.2115;0.0000;13;15;0.0049;-0.0612;-0.0671;0.0088;-0.0000;0.0000;0.1575;10205
1551.0;0.1291;0.1049;-0.1717;0.0000;11;15;0.0831;-0.0612;-0.0671;0.0068;-0.0000;0.0000;0.1575;10205
1551.5;0.1277;0.1026;-0.1497;0.0000;11;15;0.0049;-0.0627;-0.0671;0.0059;-0.0000;0.0000;0.1575;10205
1552.0;0.1264;0.1007;-0.1827;0.0000;11;15;0.0049;-0.0642;-0.0671;0.0068;-0.0000;0.0000;0.1575;10205
1552.5;0.1241;0.0989;-0.1593;0.0000;11;13;-0.0831;-0.0642;-0.0686;0.0059;-0.0000;0.0000;0.1575;10205
1553.0;0.1227;0.0966;-0.1607;0.0000;11;13;0.0049;-0.0656;-0.0686;0.0059;-0.0000;0.0000;0.1575;10205
1553.5;0.1200;0.0948;-0.0838;0.0000;11;13;-0.0831;-0.0642;-0.0686;0.0029;-0.0000;0.0000;0.1575;10205
1554.0;0.1172;0.0929;-0.0591;0.0000;11;13;0.0831;-0.0612;-0.0686;0.0020;-0.0000;0.0000;0.1575;10205
1554.5;0.1154;0.0911;-0.0082;0.0000;11;13;-0.0049;-0.0612;-0.0686;-0.0000;-0.0000;0.0000;0.1496;10205
1555.0;0.1136;0.0893;-0.0522;0.0000;11;13;-0.0049;-0.0627;-0.0686;0.0020;-0.0000;0.0000;0.1496;10205
1555.5;0.1126;0.0870;-0.1016;0.0000;11;13;-0.0049;-0.0642;-0.0700;0.0039;-0.0000;0.0000;0.1496;10205
1556.0;0.1113;0.0852;-0.0989;0.0000;11;11;-0.0831;-0.0656;-0.0700;0.0039;-0.0000;0.0000;0.1496;10205
1556.5;0.1094;0.0833;-0.1442;0.0000;9;13;0.0831;-0.0656;-0.0700;0.0059;-0.0000;0.0000;0.1496;10205
1557.0;0.1081;0.0815;-0.1387;0.0000;9;11;0.0049;-0.0656;-0.0700;0.0049;-0.0000;0.0000;0.1496;10205
1557.5;0.1071;0.0797;-0.1703;0.0000;9;11;0.0049;-0.0686;-0.0700;0.0068;-0.0000;0.0000;0.1496;10205
1558.0;0.1049;0.0783;-0.1401;0.0000;7;11;-0.0049;-0.0671;-0.0700;0.0059;-0.0000;0.0000;0.1496;10205
1558.5;0.1035;0.0765;-0.1662;0.0000;7;11;0.0049;-0.0686;-0.0715;0.0068;-0.0000;0.0000;0.1496;10205
1559.0;0.1026;0.0746;-0.1415;0.0000;7;11;0.0049;-0.0700;-0.0715;0.0059;-0.0000;0.0000;0.1496;10205
1559.5;0.1021;0.0728;-0.1525;0.0000;7;9;0.0049;-0.0730;-0.0715;0.0059;-0.0000;0.0000;0.1496;10205
1560.0;0.1003;0.0710;-0.1305;0.0000;7;9;-0.0049;-0.0730;-0.0715;0.0049;-0.0000;0.0000;0.1496;10205
1560.5;0.0989;0.0696;-0.1264;0.0000;5;9;-0.0049;-0.0744;-0.0715;0.0049;-0.0000;0.0000;0.1496;10205
1561.0;0.0984;0.0678;-0.1058;0.0000;5;7;-0.0049;-0.0774;-0.0730;0.0039;-0.0000;0.0000;0.1496;10205
1561.5;0.0966;0.0664;-0.0385;0.0000;5;7;-0.0049;-0.0759;-0.0730;0.0010;-0.0000;0.0000;0.1496;10205
1562.0;0.0952;0.0646;-0.0041;0.0000;5;7;-0.0049;-0.0774;-0.0730;-0.0000;-0.0000;0.0000;0.1496;10205
1562.5;0.0934;0.0632;0.0179;0.0000;5;5;-0.0049;-0.0759;-0.0730;-0.0010;-0.0000;0.0000;0.1496;10205
1563.0;0.0916;0.0614;-0.0385;0.0000;5;7;0.0733;-0.0759;-0.0730;0.0010;-0.0000;0.0000;0.1496;10205
1563.5;0.0902;0.0600;-0.0398;0.0000;5;7;-0.0049;-0.0774;-0.0744;0.0010;-0.0000;0.0000;0.1496;10205
1564.0;0.0884;0.0582;-0.0852;0.0000;3;7;-0.0049;-0.0759;-0.0744;0.0029;-0.0000;0.0000;0.1496;10205
1564.5;0.0865;0.0568;-0.0701;0.0000;5;5;-0.0831;-0.0744;-0.0744;0.0020;-0.0000;0.0000;0.1496;10205
1565.0;0.0847;0.0554;-0.0810;0.0000;5;7;0.0831;-0.0744;-0.0744;0.0029;-0.0000;0.0000;0.1496;10205
1565.5;0.0838;0.0536;-0.0989;0.0000;3;7;-0.0049;-0.0759;-0.0744;0.0039;-0.0000;0.0000;0.1496;10205
1566.0;0.0829;0.0522;-0.1264;0.0000;3;5;-0.0831;-0.0759;-0.0759;0.0049;-0.0000;0.0000;0.1496;10205
1566.5;0.0815;0.0508;-0.1552;0.0000;3;7;0.0831;-0.0774;-0.0759;0.0059;-0.0000;0.0000;0.1496;10205
1567.0;0.0806;0.0495;-0.1635;0.0000;1;7;0.0831;-0.0774;-0.0759;0.0068;-0.0000;0.0000;0.1496;10205
1567.5;0.0792;0.0481;-0.1978;0.0000;1;5;-0.0831;-0.0788;-0.0759;0.0078;-0.0000;0.0000;0.1496;10205
1568.0;0.0788;0.0467;-0.1937;0.0000;1;5;0.0049;-0.0803;-0.0774;0.0078;-0.0000;0.0000;0.1496;10205
1568.5;0.0783;0.0453;-0.1827;0.0000;1;5;-0.0831;-0.0832;-0.0774;0.0068;-0.0000;0.0000;0.1496;10205
1569.0;0.0774;0.0440;-0.1181;0.0000;1;3;0.0831;-0.0847;-0.0774;0.0049;-0.0000;0.0000;0.1496;10205
1569.5;0.0755;0.0426;-0.1154;0.0000;1;3;-0.0049;-0.0832;-0.0774;0.0039;-0.0000;0.0000;0.1496;10205
1570.0;0.0742;0.0412;-0.0769;0.0000;1;3;-0.0831;-0.0832;-0.0774;0.0029;-0.0000;0.0000;0.1496;10205
1570.5;0.0728;0.0403;-0.1181;0.0000;1;3;0.0831;-0.0832;-0.0788;0.0049;-0.0000;0.0000;0.1496;10205
1571.0;0.0719;0.0389;-0.1305;0.0000;1;3;-0.0831;-0.0832;-0.0788;0.0049;-0.0000;0.0000;0.1496;10205
1571.5;0.0710;0.0375;-0.1607;0.0000;-1;1;-0.0831;-0.0832;-0.0788;0.0059;-0.0000;0.0000;0.1496;10205
1572.0;0.0691;0.0362;-0.1277;0.0000;-1;1;-0.0049;-0.0832;-0.0788;0.0049;-0.0000;0.0000;0.1496;10205
1572.5;0.0687;0.0353;-0.0948;0.0000;1;1;-0.0049;-0.0847;-0.0803;0.0039;-0.0000;0.0000;0.1496;10205
1573.0;0.0673;0.0339;-0.1250;0.0000;-1;1;-0.0049;-0.0832;-0.0803;0.0049;-0.0000;0.0000;0.1496;10205
1573.5;0.0668;0.0330;-0.1250;0.0000;-1;1;-0.0049;-0.0861;-0.0803;0.0049;-0.0000;0.0000;0.1496;10205
1574.0;0.0655;0.0316;-0.1662;0.0000;-1;1;0.0049;-0.0861;-0.0803;0.0068;-0.0000;0.0000;0.1496;10205
1574.5;0.0646;0.0307;-0.1456;0.0000;-3;1;0.0831;-0.0861;-0.0803;0.0059;-0.0000;0.0000;0.1496;10205
1575.0;0.0632;0.0293;-0.1799;0.0000;-3;1;0.0049;-0.0847;-0.0817;0.0068;-0.0000;0.0000;0.1496;10205
1575.5;0.0618;0.0284;-0.1277;0.0000;-3;1;0.0831;-0.0847;-0.0817;0.0049;-0.0000;0.0000;0.1496;10205
1576.0;0.0609;0.0275;-0.1236;0.0000;-3;1;-0.0831;-0.0847;-0.0817;0.0049;-0.0000;0.0000;0.1496;10205
1576.5;0.0595;0.0261;-0.1223;0.0000;-3;1;-0.0049;-0.0832;-0.0817;0.0049;-0.0000;0.0000;0.1496;10205
1577.0;0.0591;0.0252;-0.1332;0.0000;-3;1;-0.0049;-0.0847;-0.0832;0.0049;-0.0000;0.0000;0.1496;10205
1577.5;0.0582;0.0243;-0.1470;0.0000;-3;-1;0.0049;-0.0847;-0.0832;0.0059;-0.0000;0.0000;0.1496;10205
1578.0;0.0582;0.0234;-0.1456;0.0000;-3;-1;0.0049;-0.0876;-0.0832;0.0059;-0.0000;0.0000;0.1496;10205
1578.5;0.0572;0.0224;-0.1841;0.0000;-5;-1;0.0049;-0.0876;-0.0832;0.0068;-0.0000;0.0000;0.1496;10205
1579.0;0.0559;0.0215;-0.1360;0.0000;-3;-1;-0.0049;-0.0876;-0.0847;0.0049;-0.0000;0.0000;0.1496;10205
1579.5;0.0559;0.0206;-0.1236;0.0000;-3;-1;-0.0049;-0.0891;-0.0847;0.0049;-0.0000;0.0000;0.1496;10205
1580.0;0.0549;0.0197;-0.0742;0.0000;-3;-3;-0.0049;-0.0891;-0.0847;0.0029;-0.0000;0.0000;0.1496;10205
1580.5;0.0536;0.0188;-0.0426;0.0000;-3;-3;-0.0049;-0.0876;-0.0847;0.0010;-0.0000;0.0000;0.1496;10205
1581.0;0.0527;0.0179;-0.0041;0.0000;-3;-3;-0.0831;-0.0876;-0.0861;-0.0000;-0.0000;0.0000;0.1496;10205
1581.5;0.0513;0.0169;-0.0261;0.0000;-3;-3;-0.0049;-0.0861;-0.0861;0.0010;-0.0000;0.0000;0.1496;10205
1582.0;0.0504;0.0160;-0.0742;0.0000;-3;-3;-0.0831;-0.0861;-0.0861;0.0029;-0.0000;0.0000;0.1496;10205
1582.5;0.0499;0.0156;-0.0920;0.0000;-5;-3;0.0831;-0.0861;-0.0861;0.0029;-0.0000;0.0000;0.1496;10205
1583.0;0.0490;0.0147;-0.0989;0.0000;-5;-3;-0.0049;-0.0861;-0.0861;0.0039;-0.0000;0.0000;0.1496;10205
1583.5;0.0481;0.0137;-0.0659;0.0000;-3;-3;-0.0831;-0.0861;-0.0876;0.0020;-0.0000;0.0000;0.1496;10205
1584.0;0.0476;0.0133;-0.0865;0.0000;-5;-3;0.0831;-0.0876;-0.0876;0.0029;-0.0000;0.0000;0.1496;10205
1584.5;0.0472;0.0124;-0.0522;0.0000;-5;-3;-0.0049;-0.0876;-0.0876;0.0020;-0.0000;0.0000;0.1496;10205
1585.0;0.0467;0.0114;-0.0920;0.0000;-5;-3;-0.0831;-0.0876;-0.0876;0.0029;-0.0000;0.0000;0.1496;10205
1585.5;0.0458;0.0110;-0.1003;0.0000;-5;-3;-0.0049;-0.0876;-0.0891;0.0039;-0.0000;0.0000;0.1496;10205
1586.0;0.0453;0.0105;-0.1140;0.0000;-5;-3;0.0831;-0.0876;-0.0891;0.0039;-0.0000;0.0000;0.1496;10205
1586.5;0.0449;0.0096;-0.0948;0.0000;-5;-5;-0.0831;-0.0891;-0.0891;0.0039;-0.0000;0.0000;0.1496;10205
1587.0;0.0444;0.0092;-0.0824;0.0000;-5;-5;-0.0049;-0.0891;-0.0891;0.0029;-0.0000;0.0000;0.1496;10205
1587.5;0.0440;0.0087;-0.0934;0.0000;-7;-5;0.0831;-0.0891;-0.0905;0.0029;-0.0000;0.0000;0.1496;10205
1588.0;0.0430;0.0078;-0.0604;0.0000;-7;-5;-0.0049;-0.0891;-0.0905;0.0020;-0.0000;0.0000;0.1496;10205
1588.5;0.0426;0.0073;-0.0920;0.0000;-7;-5;-0.0831;-0.0891;-0.0905;0.0029;-0.0000;0.0000;0.1496;10205
1589.0;0.0421;0.0069;-0.0865;0.0000;-7;-5;-0.0049;-0.0891;-0.0905;0.0029;-0.0000;0.0000;0.1496;10205
1589.5;0.0417;0.0064;-0.1099;0.0000;-7;-5;0.0831;-0.0891;-0.0920;0.0039;-0.0000;0.0000;0.1496;10205
1590.0;0.0417;0.0060;-0.1030;0.0000;-7;-5;-0.0831;-0.0905;-0.0920;0.0039;-0.0000;0.0000;0.1496;10205
1590.5;0.0412;0.0055;-0.1085;0.0000;-7;-5;-0.0049;-0.0905;-0.0920;0.0039;-0.0000;0.0000;0.1496;10205
1591.0;0.0403;0.0050;-0.0728;0.0000;-7;-5;-0.0049;-0.0891;-0.0920;0.0029;-0.0000;0.0000;0.1496;10205
1591.5;0.0394;0.0046;-0.0398;0.0000;-7;-7;0.0733;-0.0876;-0.0935;0.0010;-0.0000;0.0000;0.1496;10205
1592.0;0.0380;0.0041;-0.0179;0.0000;-7;-7;-0.0049;-0.0861;-0.0935;-0.0000;-0.0000;0.0000;0.1496;10205
1592.5;0.0375;0.0037;-0.0330;0.0000;-5;-7;-0.0831;-0.0861;-0.0935;0.0010;-0.0000;0.0000;0.1496;10205
1593.0;0.0366;0.0032;-0.0865;0.0000;-7;-5;-0.0049;-0.0847;-0.0935;0.0029;-0.0000;0.0000;0.1496;10205
1593.5;0.0357;0.0027;-0.0673;0.0000;-7;-5;-0.0049;-0.0832;-0.0935;0.0020;-0.0000;0.0000;0.1496;10205
1594.0;0.0357;0.0023;-0.0948;0.0000;-7;-5;0.0831;-0.0832;-0.0949;0.0039;-0.0000;0.0000;0.1496;10205
1594.5;0.0348;0.0023;-0.0618;0.0000;-7;-5;-0.0049;-0.0832;-0.0949;0.0020;-0.0000;0.0000;0.1496;10205
1595.0;0.0348;0.0018;-0.0536;0.0000;-5;-5;-0.0831;-0.0832;-0.0949;0.0020;-0.0000;0.0000;0.1496;10205
1595.5;0.0343;0.0014;-0.0481;0.0000;-7;-5;-0.0049;-0.0832;-0.0949;0.0020;-0.0000;0.0000;0.1496;10205
1596.0;0.0339;0.0014;-0.0549;0.0000;-7;-5;-0.0049;-0.0817;-0.0964;0.0020;-0.0000;0.0000;0.1496;10205
1596.5;0.0334;0.0009;-0.0742;0.0000;-7;-5;0.0831;-0.0817;-0.0964;0.0029;-0.0000;0.0000;0.1496;10205
1597.0;0.0339;0.0009;-0.0755;0.0000;-7;-5;-0.0831;-0.0832;-0.0964;0.0029;-0.0000;0.0000;0.1496;10205
1597.5;0.0339;0.0005;-0.0920;0.0000;-42;-42;-0.0049;-0.0832;-0.0964;0.0029;-0.0000;0.0000;-0.0000;10205
1598.0;0.0334;0.0005;-0.0755;0.0000;-42;-42;-0.0049;-0.0832;-0.0964;0.0029;-0.0000;0.0000;-0.0000;10205
1598.5;0.0330;0.0005;-0.0755;0.0000;-42;-42;-0.0049;-0.0817;-0.0979;0.0029;-0.0000;0.0000;-0.0000;10205
1599.0;0.0321;0.0000;-0.0467;0.0000;-42;-42;-0.0049;-0.0803;-0.0979;0.0010;-0.0000;0.0000;-0.0000;10205
1599.5;0.0311;0.0000;-0.0536;0.0000;-42;-42;-0.0049;-0.0788;-0.0979;0.0020;-0.0000;0.0000;-0.0000;10205
1600.0;0.0307;0.0000;-0.0302;0.0000;-42;-42;-0.0049;-0.0774;-0.0979;0.0010;-0.0000;0.0000;-0.0000;10205
1600.5;0.0298;0.0000;-0.0481;0.0000;-42;-40;-0.0049;-0.0759;-0.0993;0.0020;-0.0000;0.0000;-0.0000;10205
1601.0;0.0288;0.0000;-0.0481;0.0000;-42;-40;-0.0049;-0.0730;-0.0993;0.0020;-0.0000;0.0000;-0.0000;10205
1601.5;0.0298;0.0000;-0.0398;0.0000;-42;-40;-0.0049;-0.0759;-0.0993;0.0010;-0.0000;0.0000;-0.0000;10205
1602.0;0.0298;0.0000;-0.0041;0.0000;-42;-42;-0.0049;-0.0759;-0.0993;-0.0000;-0.0000;0.0000;-0.0000;10205
1602.5;0.0298;0.0000;0.0453;0.0000;-40;-42;-0.0049;-0.0759;-0.0993;-0.0020;-0.0000;0.0000;-0.0000;10205