general_params = {
fan_speed = 0.000000,
angular_kp = 0.042000,
angular_ki = 0.000210,
angular_kd = 0.050000,
angular_acc_feed_forward_k = 0.000400,
angular_brake_feed_forward_k = 0.000400,
angular_vel_feed_forward_k = 0.004000,
linear_vel_acc_feed_forward_k = 0.031250,
linear_vel_brake_feed_forward_k = 0.018000,
linear_vel_feed_forward_k = 0.105000,
wall_kp = 0.005000,
wall_ki = 0.000000,
wall_kd = 0.000000,
linear_vel_kp = 2.500000,
linear_vel_ki = 0.010000,
linear_vel_kd = 25.000000,
diagonal_walls_kp = 0.000000,
diagonal_walls_ki = 0.000000,
diagonal_walls_kd = 0.000000,
start_wall_break_mm_left = 38.000000,
start_wall_break_mm_right = 38.000000,
enable_wall_break_correction = 1.000000,
max_linear_acc_jerk = 40.000000,
max_linear_brake_jerk = 40.000000,
wheel_radius_mm = 13.100000,
coulomb_ff = 0.130000,
angular_coulomb_ff = 0.000000,
angular_static_ff = 0.000000,
};
t;Vel;TgtVel;AngVel;TgtAngVel;PWM_L;PWM_R;ImuDiff;PosX;PosY;Angle;Dist;SensL;SensFL;SensFR;SensR
0.0;0.0000;0.0000;-0.0031;-0.2000;38;-40;-0.0049;0.0000;0.0000;-0.0109;-0.2439;164.2;288.3;300.0;204.1
0.5;0.0000;0.0000;-0.0008;-0.2702;15;-17;-0.0049;0.0000;0.0000;-0.0109;-0.2439;164.2;288.6;300.0;204.1
1.0;0.0000;0.0000;0.0000;-0.2756;3;-5;-0.0049;0.0000;0.0000;-0.0109;-0.2439;163.9;288.6;300.0;204.1
1.5;0.0000;0.0000;0.0015;-0.2756;3;-3;-0.0049;0.0000;0.0000;-0.0109;-0.2439;163.9;288.6;300.0;204.1
2.0;0.0000;0.0000;-0.0023;-0.2702;3;-3;-0.0049;0.0000;0.0000;-0.0109;-0.2439;164.2;288.6;300.0;204.1
2.5;0.0000;0.0000;-0.0053;-0.2702;3;-3;-0.0049;0.0000;0.0000;-0.0109;-0.2439;164.2;288.6;300.0;204.1
3.0;0.0000;0.0000;-0.0008;-0.2702;3;-3;-0.0049;0.0000;0.0000;-0.0109;-0.2439;164.2;289.1;300.0;204.1
3.5;0.0000;0.0000;-0.0023;-0.2756;5;-3;-0.0049;0.0000;0.0000;-0.0109;-0.2439;163.9;289.1;300.0;204.1
4.0;0.0000;0.0000;-0.0038;-0.2756;3;-3;-0.0049;0.0000;0.0000;-0.0109;-0.2439;163.9;289.1;300.0;204.1
4.5;0.0000;0.0005;-0.0076;-0.2702;3;-1;-0.0049;0.0000;0.0000;-0.0109;-0.2439;164.2;289.1;300.0;204.1
5.0;0.0000;0.0005;-0.0046;-0.2702;5;-3;-0.0049;0.0000;0.0000;-0.0109;-0.2439;164.2;289.1;300.0;204.1
5.5;0.0000;0.0005;-0.0031;-0.2702;5;-1;-0.0049;0.0000;0.0000;-0.0109;-0.2439;164.2;289.7;300.0;204.1
6.0;0.0005;0.0005;-0.0046;-0.2756;5;-3;-0.0049;0.0000;0.0000;-0.0109;-0.2439;163.6;289.7;300.0;204.1
6.5;0.0005;0.0009;0.0031;-0.2702;34;28;-0.0049;0.0000;0.0000;-0.0109;-0.2439;163.6;290.3;300.0;203.2
7.0;0.0005;0.0009;0.0076;-0.2656;34;28;-0.0049;0.0000;0.0000;-0.0109;-0.2439;164.2;290.3;300.0;203.2
7.5;0.0005;0.0009;0.0023;-0.2702;36;28;-0.0049;0.0000;0.0000;-0.0109;-0.2439;164.2;290.3;300.0;204.1
8.0;0.0005;0.0014;0.0038;-0.2702;34;28;-0.0049;0.0000;0.0000;-0.0109;-0.2439;164.2;290.3;300.0;204.1
8.5;0.0009;0.0014;0.0053;-0.2756;36;28;-0.0049;0.0000;0.0000;-0.0109;-0.2439;163.9;290.3;300.0;204.1
9.0;0.0009;0.0018;0.0061;-0.2901;38;26;-0.0049;0.0000;0.0000;-0.0109;-0.2439;163.9;290.9;300.0;207.0
9.5;0.0009;0.0018;0.0061;-0.2855;34;30;-0.0049;0.0000;0.0000;-0.0109;-0.2439;164.2;290.9;300.0;207.0
10.0;0.0014;0.0023;0.0061;-0.2756;34;30;-0.0049;0.0000;0.0000;-0.0109;-0.2439;164.2;290.9;300.0;205.6
10.5;0.0014;0.0023;0.0031;-0.2756;36;30;-0.0049;0.0000;0.0000;-0.0109;-0.2439;164.2;291.5;300.0;205.6
11.0;0.0014;0.0027;0.0008;-0.2802;36;28;-0.0049;0.0000;0.0000;-0.0109;-0.2439;163.9;291.5;300.0;205.6
11.5;0.0014;0.0027;-0.0008;-0.2756;36;30;-0.0049;0.0000;0.0000;-0.0109;-0.2439;163.9;290.9;300.0;204.1
12.0;0.0018;0.0032;-0.0061;-0.2702;36;30;-0.0049;0.0000;0.0000;-0.0109;-0.2439;164.2;290.9;300.0;204.1
12.5;0.0018;0.0032;0.0069;-0.2702;36;30;-0.0049;0.0000;0.0000;-0.0109;-0.2439;164.2;290.3;300.0;204.1
13.0;0.0023;0.0037;0.0023;-0.2702;38;30;-0.0049;0.0000;0.0000;-0.0109;-0.2439;163.9;290.3;300.0;204.1
13.5;0.0023;0.0037;0.0008;-0.2702;38;30;-0.0049;0.0000;0.0000;-0.0109;-0.2439;163.9;289.7;300.0;204.1
14.0;0.0023;0.0041;0.0000;-0.2702;38;30;-0.0049;0.0000;0.0000;-0.0109;-0.2439;164.5;289.7;300.0;204.1
14.5;0.0027;0.0046;-0.0031;-0.2702;38;32;-0.0049;0.0000;0.0000;-0.0109;-0.2439;163.9;289.1;300.0;204.1
15.0;0.0027;0.0046;-0.0023;-0.2702;38;32;-0.0049;0.0000;0.0000;-0.0109;-0.2439;164.2;289.1;300.0;204.1
15.5;0.0027;0.0050;-0.0168;-0.2756;38;30;-0.0049;0.0000;0.0000;-0.0109;-0.2439;163.9;289.1;300.0;204.1
16.0;0.0032;0.0055;-0.0290;-0.2656;36;34;-0.0049;0.0000;0.0000;-0.0109;-0.2439;164.2;289.1;300.0;203.2
16.5;0.0032;0.0055;-0.0557;-0.2702;40;32;-0.0049;0.0000;0.0000;-0.0109;-0.2439;163.9;289.1;300.0;203.2
17.0;0.0037;0.0060;-0.0924;-0.2656;38;34;-0.0049;0.0000;0.0000;-0.0109;-0.2439;164.2;288.6;300.0;203.2
17.5;0.0037;0.0064;-0.1237;-0.2702;38;34;-0.0049;0.0000;0.0000;-0.0109;-0.2439;163.6;288.6;300.0;203.2
18.0;0.0041;0.0069;-0.1435;-0.2603;36;36;0.0049;0.0000;0.0000;-0.0328;-0.2439;164.2;288.3;300.0;203.2
18.5;0.0041;0.0073;-0.1565;-0.2656;40;34;0.0049;0.0000;0.0000;-0.0328;-0.2439;163.9;287.7;300.0;202.6
19.0;0.0041;0.0078;-0.1824;-0.2603;38;36;0.0049;0.0000;0.0000;-0.0328;-0.2439;164.2;288.3;300.0;202.6
19.5;0.0046;0.0078;-0.1809;-0.2603;38;36;0.0049;0.0000;0.0000;-0.0328;-0.2439;163.9;288.3;300.0;202.6
20.0;0.0046;0.0082;-0.1931;-0.2656;40;36;0.0049;0.0000;0.0000;-0.0548;-0.2439;164.2;289.1;300.0;203.2
20.5;0.0050;0.0087;-0.1908;-0.2656;40;36;0.0049;0.0000;0.0000;-0.0548;-0.2439;163.9;290.3;300.0;203.2
21.0;0.0050;0.0092;-0.1832;-0.2656;40;36;0.0049;0.0000;0.0000;-0.0548;-0.2439;164.2;290.3;300.0;203.2
21.5;0.0060;0.0096;-0.1756;-0.2603;38;38;-0.0831;0.0382;-0.0076;-0.0548;-0.2439;164.2;290.9;300.0;202.6
22.0;0.0069;0.0101;-0.1779;-0.2603;40;36;0.0049;0.0382;-0.0076;-0.0548;-0.2439;164.5;290.9;300.0;202.6
22.5;0.0073;0.0105;-0.1626;-0.2603;40;36;0.0049;0.0382;-0.0076;-0.0768;-0.2439;164.2;290.9;300.0;201.8
23.0;0.0078;0.0110;-0.1450;-0.2603;40;36;0.0049;0.0382;-0.0076;-0.0768;-0.2439;164.8;290.9;300.0;201.8
23.5;0.0082;0.0114;-0.1328;-0.2557;40;36;-0.0049;0.0382;-0.0076;-0.0768;-0.2439;164.2;290.9;300.0;201.2
24.0;0.0087;0.0119;-0.1260;-0.2603;42;36;-0.0049;0.0382;-0.0076;-0.0768;-0.2439;164.8;290.9;300.0;201.8
24.5;0.0096;0.0124;-0.1214;-0.2557;40;38;0.0831;0.0763;-0.0076;-0.0768;-0.2439;164.5;290.3;300.0;201.2
25.0;0.0110;0.0128;-0.0962;-0.2557;40;34;-0.0831;0.1145;-0.0076;-0.0768;-0.2439;164.2;290.3;300.0;201.2
25.5;0.0119;0.0137;-0.1076;-0.2557;40;34;-0.0049;0.1145;-0.0076;-0.0988;-0.2439;164.8;289.7;300.0;201.2
26.0;0.0128;0.0142;-0.0985;-0.2557;40;34;-0.0049;0.1145;-0.0076;-0.0988;-0.2439;164.2;289.1;300.0;201.2
26.5;0.0133;0.0147;-0.1160;-0.2557;40;34;-0.0049;0.1145;-0.0076;-0.0988;-0.2439;164.5;289.7;300.0;201.2
27.0;0.0137;0.0151;-0.1336;-0.2557;40;36;-0.0049;0.1145;-0.0076;-0.0988;-0.2439;163.9;289.7;300.0;201.2
27.5;0.0142;0.0156;-0.1321;-0.2557;40;36;-0.0049;0.1145;-0.0076;-0.0988;-0.2439;164.5;290.3;300.0;201.2
28.0;0.0142;0.0165;-0.1336;-0.2557;40;36;-0.0049;0.1145;-0.0076;-0.0988;-0.2439;164.2;289.7;300.0;201.2
28.5;0.0147;0.0169;-0.1305;-0.2557;42;38;-0.0049;0.1145;-0.0076;-0.1207;-0.2439;164.8;289.7;300.0;201.2
29.0;0.0156;0.0174;-0.1183;-0.2603;44;36;-0.0831;0.1603;-0.0076;-0.1207;-0.2439;164.5;290.3;300.0;201.8
29.5;0.0160;0.0179;-0.1099;-0.2557;42;38;-0.0049;0.1603;-0.0076;-0.1207;-0.2439;165.1;289.7;300.0;201.8
30.0;0.0165;0.0188;-0.1130;-0.2557;44;38;-0.0049;0.1603;-0.0076;-0.1207;-0.2439;164.8;289.7;300.0;201.2
30.5;0.0174;0.0192;-0.0931;-0.2603;44;36;0.0831;0.1985;-0.0076;-0.1207;-0.2439;164.8;289.7;300.0;201.8
31.0;0.0188;0.0201;-0.0840;-0.2557;42;38;-0.0831;0.2366;-0.0076;-0.1207;-0.2439;164.2;289.7;300.0;201.2
31.5;0.0201;0.0206;-0.0763;-0.2603;44;34;-0.0049;0.2366;-0.0076;-0.1207;-0.2439;164.8;289.7;300.0;201.8
32.0;0.0206;0.0211;-0.0702;-0.2557;42;36;-0.0049;0.2366;-0.0076;-0.1207;-0.2439;164.5;290.3;300.0;201.2
32.5;0.0220;0.0220;-0.0679;-0.2504;40;38;0.0733;0.2748;-0.0076;-0.1427;-0.2439;164.8;290.3;300.0;200.6
33.0;0.0224;0.0224;-0.0710;-0.2504;42;36;-0.0049;0.2748;-0.0076;-0.1427;-0.2439;164.5;290.3;300.0;200.6
33.5;0.0238;0.0234;-0.0511;-0.2504;42;36;-0.0831;0.3206;-0.0076;-0.1427;-0.2439;164.5;290.3;300.0;200.6
34.0;0.0247;0.0238;-0.0427;-0.2504;42;36;-0.0049;0.3206;-0.0076;-0.1427;-0.2439;164.2;290.9;300.0;200.6
34.5;0.0252;0.0247;-0.0374;-0.2504;44;36;-0.0049;0.3206;-0.0076;-0.1427;-0.2439;164.8;290.9;300.0;200.6
35.0;0.0256;0.0252;-0.0313;-0.2450;44;38;-0.0049;0.3206;-0.0076;-0.1427;-0.2439;164.5;291.5;300.0;199.7
35.5;0.0266;0.0261;-0.0328;-0.2450;44;38;0.0733;0.3588;-0.0076;-0.1427;-0.2439;165.1;291.5;300.0;200.6
36.0;0.0279;0.0266;-0.0176;-0.2504;46;36;-0.0831;0.3969;-0.0076;-0.1427;-0.2439;165.1;291.5;300.0;200.6
36.5;0.0288;0.0275;-0.0092;-0.2557;46;34;-0.0049;0.3969;-0.0076;-0.1427;-0.2439;164.5;291.5;300.0;201.2
37.0;0.0293;0.0284;0.0084;-0.2504;44;38;-0.0049;0.3969;-0.0076;-0.1427;-0.2439;165.1;291.5;300.0;201.2
37.5;0.0302;0.0288;0.0137;-0.2603;46;34;0.0733;0.4351;-0.0076;-0.1427;-0.2439;164.8;290.9;300.0;201.8
38.0;0.0311;0.0298;0.0008;-0.2557;44;38;-0.0049;0.4351;-0.0076;-0.1427;-0.2439;165.1;290.9;300.0;201.8
38.5;0.0321;0.0307;0.0076;-0.2603;46;36;-0.0831;0.4809;-0.0076;-0.1427;-0.2439;164.8;290.9;300.0;202.6
39.0;0.0330;0.0316;-0.0076;-0.2504;44;38;-0.0049;0.4809;-0.0076;-0.1427;-0.2439;166.3;291.5;300.0;201.8
39.5;0.0334;0.0321;-0.0008;-0.2603;48;36;-0.0049;0.4809;-0.0076;-0.1427;-0.2439;164.8;290.9;300.0;201.8
40.0;0.0348;0.0330;-0.0099;-0.2557;44;38;-0.0049;0.5573;-0.0076;-0.1427;0.5557;165.1;291.5;300.0;201.8
40.5;0.0357;0.0339;-0.0099;-0.2603;46;36;-0.0049;0.5573;-0.0076;-0.1427;0.5557;164.5;290.9;300.0;201.8
41.0;0.0366;0.0348;-0.0153;-0.2603;46;38;-0.0049;0.5573;-0.0076;-0.1427;0.5557;165.1;290.3;300.0;203.2
41.5;0.0371;0.0353;-0.0115;-0.2557;46;40;-0.0049;0.5573;-0.0076;-0.1427;0.5557;165.1;290.3;300.0;202.6
42.0;0.0385;0.0362;-0.0160;-0.2557;46;38;-0.0049;0.6412;-0.0076;-0.1427;0.5557;165.1;289.7;300.0;202.6
42.5;0.0394;0.0371;-0.0107;-0.2603;48;38;-0.0049;0.6412;-0.0076;-0.1427;0.5557;164.8;289.7;300.0;201.8
43.0;0.0403;0.0380;-0.0099;-0.2603;46;38;-0.0049;0.6412;-0.0076;-0.1427;0.5557;164.8;289.7;300.0;201.8
43.5;0.0417;0.0389;-0.0061;-0.2557;46;40;-0.0049;0.7176;-0.0076;-0.1427;0.5557;164.5;289.7;300.0;201.2
44.0;0.0430;0.0398;-0.0053;-0.2557;46;38;-0.0049;0.7176;-0.0076;-0.1427;0.5557;164.8;290.3;300.0;201.2
44.5;0.0435;0.0408;-0.0046;-0.2557;46;38;-0.0049;0.7176;-0.0076;-0.1427;0.5557;164.5;290.9;300.0;201.2
45.0;0.0444;0.0417;-0.0023;-0.2557;48;38;-0.0831;0.7634;-0.0076;-0.1427;0.5557;164.8;290.3;300.0;201.2
45.5;0.0458;0.0426;-0.0153;-0.2603;48;38;0.0733;0.8015;-0.0076;-0.1427;0.5557;164.8;290.9;300.0;201.8
46.0;0.0467;0.0435;-0.0206;-0.2557;46;40;-0.0049;0.8015;-0.0076;-0.1427;0.5557;165.1;291.5;300.0;201.8
46.5;0.0476;0.0444;-0.0298;-0.2603;48;38;-0.0831;0.8397;-0.0076;-0.1427;0.5557;164.8;292.7;300.0;201.8
47.0;0.0490;0.0453;-0.0221;-0.2557;46;40;0.0733;0.8779;-0.0076;-0.1427;0.5557;164.8;292.7;300.0;202.6
47.5;0.0495;0.0462;-0.0351;-0.2603;48;40;-0.0049;0.8779;-0.0076;-0.1427;0.5557;165.4;293.3;300.0;202.6
48.0;0.0513;0.0472;-0.0244;-0.2702;50;38;-0.0049;0.9618;-0.0076;-0.1427;0.5557;166.0;292.7;300.0;205.6
48.5;0.0527;0.0481;-0.0344;-0.2603;46;42;-0.0049;0.9618;-0.0076;-0.1427;0.5557;165.4;292.1;300.0;203.2
49.0;0.0536;0.0495;-0.0321;-0.2603;48;38;-0.0831;1.0000;-0.0076;-0.1427;0.5557;165.1;291.5;300.0;203.2
49.5;0.0549;0.0504;-0.0489;-0.2557;46;40;0.0733;1.0382;-0.0076;-0.1427;0.5557;165.1;290.9;300.0;202.6
50.0;0.0563;0.0513;-0.0542;-0.2603;48;38;-0.0831;1.0840;-0.0076;-0.1427;0.5557;164.8;291.5;300.0;202.6
50.5;0.0582;0.0522;-0.0687;-0.2557;46;40;0.0733;1.1221;-0.0076;-0.1647;0.5557;165.1;291.5;300.0;202.6
51.0;0.0586;0.0531;-0.0748;-0.2603;48;38;-0.0049;1.1221;-0.0076;-0.1647;0.5557;164.8;291.5;300.0;202.6
51.5;0.0600;0.0545;-0.0527;-0.2603;48;38;-0.0831;1.1603;-0.0076;-0.1647;0.5557;164.8;292.1;300.0;201.8
52.0;0.0609;0.0554;-0.0634;-0.2603;46;40;0.0733;1.1985;-0.0076;-0.1647;0.5557;164.8;291.5;300.0;201.8
52.5;0.0623;0.0563;-0.0573;-0.2557;46;40;-0.0831;1.2443;-0.0076;-0.1647;0.5557;165.1;292.7;300.0;202.6
53.0;0.0636;0.0572;-0.0763;-0.2603;48;38;-0.0831;1.2824;-0.0076;-0.1647;0.5557;164.8;292.1;300.0;202.6
53.5;0.0641;0.0582;-0.0931;-0.2603;48;40;-0.0049;1.2824;-0.0076;-0.1647;0.5557;165.4;292.1;300.0;203.2
54.0;0.0659;0.0591;-0.1038;-0.2656;48;38;-0.0049;1.3664;-0.0076;-0.1647;1.3553;164.8;291.5;300.0;203.2
54.5;0.0664;0.0604;-0.1053;-0.2557;46;42;-0.0049;1.3664;-0.0076;-0.1647;1.3553;165.4;291.5;300.0;202.6
55.0;0.0673;0.0614;-0.1130;-0.2603;48;40;0.0831;1.4046;-0.0076;-0.1647;1.3553;164.8;291.5;300.0;202.6
55.5;0.0687;0.0623;-0.1130;-0.2557;46;42;-0.0831;1.4427;-0.0076;-0.1867;1.3553;165.1;292.1;300.0;202.6
56.0;0.0696;0.0632;-0.1084;-0.2603;48;38;-0.0831;1.4809;-0.0076;-0.1867;1.3553;164.8;292.7;300.0;201.8
56.5;0.0710;0.0641;-0.1107;-0.2557;46;42;0.0831;1.5267;-0.0076;-0.1867;1.3553;165.4;293.3;300.0;201.8
57.0;0.0719;0.0655;-0.1107;-0.2603;48;38;-0.0831;1.5649;-0.0076;-0.1867;1.3553;164.8;293.3;300.0;202.6
57.5;0.0733;0.0664;-0.1046;-0.2557;46;40;0.0831;1.6031;-0.0076;-0.1867;1.3553;165.4;293.3;300.0;201.8
58.0;0.0742;0.0673;-0.1084;-0.2557;48;40;-0.0831;1.6412;-0.0076;-0.1867;1.3553;165.1;293.8;300.0;201.8
58.5;0.0760;0.0682;-0.1107;-0.2504;46;40;-0.0049;1.7252;-0.0076;-0.1867;1.3553;164.8;293.8;300.0;201.2
59.0;0.0778;0.0691;-0.1260;-0.2504;46;38;-0.0831;1.7634;-0.0076;-0.2086;1.3553;165.4;295.0;300.0;201.2
59.5;0.0792;0.0701;-0.1275;-0.2557;46;38;0.0831;1.8015;-0.0076;-0.2086;1.3553;165.1;295.0;300.0;201.8
60.0;0.0806;0.0714;-0.1450;-0.2557;46;38;-0.0831;1.8473;-0.0076;-0.2086;1.3553;165.4;295.0;300.0;201.8
60.5;0.0815;0.0723;-0.1405;-0.2557;44;38;0.0831;1.8855;-0.0076;-0.2086;1.3553;165.1;295.0;300.0;201.8
61.0;0.0820;0.0733;-0.1382;-0.2557;46;38;-0.0049;1.8855;-0.0076;-0.2086;1.3553;165.4;294.4;300.0;201.8
61.5;0.0833;0.0742;-0.1420;-0.2557;46;40;0.0049;1.9618;-0.0076;-0.2306;1.3553;165.4;295.0;300.0;202.6
62.0;0.0838;0.0751;-0.1466;-0.2557;46;40;0.0049;1.9618;-0.0076;-0.2306;1.3553;165.7;295.0;300.0;201.8
62.5;0.0847;0.0765;-0.1687;-0.2557;46;40;0.0049;2.0458;-0.0076;-0.2306;1.3553;165.4;295.6;300.0;201.8
63.0;0.0865;0.0774;-0.1519;-0.2603;46;38;0.0049;2.1298;-0.0076;-0.2306;1.3553;166.0;295.6;300.0;206.2
63.5;0.0875;0.0783;-0.1649;-0.2756;48;36;0.0049;2.1298;-0.0076;-0.2306;1.3553;165.4;295.6;300.0;204.1
64.0;0.0888;0.0792;-0.1611;-0.2603;42;44;0.0049;2.2061;-0.0076;-0.2526;2.1549;166.0;296.2;300.0;203.2
64.5;0.0902;0.0801;-0.1824;-0.2557;44;40;-0.0831;2.2443;-0.0076;-0.2526;2.1549;165.4;296.2;300.0;201.8
65.0;0.0911;0.0810;-0.1802;-0.2504;44;40;0.0831;2.2901;-0.0076;-0.2526;2.1549;166.0;296.2;300.0;201.8
65.5;0.0929;0.0824;-0.1870;-0.2557;46;38;0.0049;2.3664;-0.0076;-0.2526;2.1549;165.4;296.2;300.0;201.8
66.0;0.0939;0.0833;-0.1847;-0.2557;44;38;-0.0831;2.4046;-0.0076;-0.2746;2.1549;165.7;295.6;300.0;201.8
66.5;0.0952;0.0842;-0.1664;-0.2504;44;40;0.0831;2.4504;-0.0076;-0.2746;2.1549;165.4;295.6;300.0;201.2
67.0;0.0962;0.0852;-0.1374;-0.2557;46;38;-0.0831;2.4886;-0.0076;-0.2746;2.1549;165.7;295.6;300.0;201.8
67.5;0.0975;0.0861;-0.1137;-0.2504;44;38;-0.0049;2.5649;-0.0076;-0.2746;2.1549;165.4;295.0;300.0;201.2
68.0;0.0980;0.0875;-0.0939;-0.2557;48;38;-0.0049;2.5649;-0.0076;-0.2746;2.1549;166.0;296.2;300.0;201.8
68.5;0.0989;0.0884;-0.0786;-0.2504;46;40;-0.0049;2.6489;-0.0153;-0.2746;2.1549;165.4;296.8;300.0;201.2
69.0;0.1007;0.0893;-0.0779;-0.2504;46;38;-0.0049;2.7328;-0.0153;-0.2746;2.1549;166.0;297.4;300.0;201.2
69.5;0.1016;0.0902;-0.0824;-0.2504;46;38;-0.0831;2.7710;-0.0153;-0.2746;2.1549;165.4;297.9;300.0;201.2
70.0;0.1026;0.0911;-0.1092;-0.2405;44;40;0.0831;2.8092;-0.0153;-0.2965;2.1549;166.3;299.1;300.0;201.2
70.5;0.1044;0.0925;-0.1389;-0.2504;46;36;-0.0049;2.8931;-0.0153;-0.2965;2.1549;166.6;299.7;300.0;201.8
71.0;0.1053;0.0934;-0.1458;-0.2504;44;38;-0.0831;2.9313;-0.0153;-0.2965;2.1549;166.3;300.0;300.0;202.6
71.5;0.1067;0.0943;-0.1481;-0.2504;44;38;0.0049;3.0076;-0.0153;-0.2965;2.9546;166.3;300.0;300.0;202.6
72.0;0.1071;0.0952;-0.1443;-0.2504;46;38;-0.0831;3.0534;-0.0153;-0.2965;2.9546;166.0;300.0;300.0;202.6
72.5;0.1076;0.0962;-0.1534;-0.2504;46;40;0.0831;3.0916;-0.0153;-0.3185;2.9546;166.6;300.0;300.0;201.8
73.0;0.1085;0.0971;-0.1412;-0.2504;46;40;0.0049;3.1679;-0.0153;-0.3185;2.9546;166.3;300.0;300.0;201.8
73.5;0.1099;0.0984;-0.1557;-0.2504;46;40;0.0049;3.2519;-0.0153;-0.3185;2.9546;166.6;300.0;300.0;202.6
74.0;0.1103;0.0994;-0.1481;-0.2603;48;38;0.0049;3.2519;-0.0153;-0.3185;2.9546;165.7;300.0;300.0;203.2
74.5;0.1113;0.1003;-0.1527;-0.2504;44;44;0.0049;3.3282;-0.0153;-0.3185;2.9546;166.3;300.0;300.0;201.8
75.0;0.1122;0.1012;-0.1397;-0.2504;48;40;-0.0831;3.3740;-0.0153;-0.3405;2.9546;165.4;300.0;300.0;201.2
75.5;0.1131;0.1021;-0.1382;-0.2450;46;42;-0.0049;3.4504;-0.0153;-0.3405;2.9546;166.3;300.0;300.0;201.2
76.0;0.1149;0.1035;-0.1344;-0.2450;46;40;-0.0049;3.5344;-0.0153;-0.3405;2.9546;166.0;300.0;300.0;200.6
76.5;0.1149;0.1044;-0.1214;-0.2450;48;40;-0.0049;3.5344;-0.0153;-0.3405;2.9546;166.3;300.0;300.0;201.2
77.0;0.1158;0.1053;-0.1244;-0.2405;46;42;-0.0049;3.6107;-0.0153;-0.3405;2.9546;166.0;300.0;300.0;200.6
77.5;0.1172;0.1062;-0.1137;-0.2450;48;40;-0.0049;3.6947;-0.0153;-0.3405;2.9546;166.6;300.0;300.0;201.2
78.0;0.1181;0.1071;-0.1481;-0.2450;48;40;-0.0831;3.7328;-0.0153;-0.3624;2.9546;166.3;300.0;300.0;201.2
78.5;0.1186;0.1081;-0.1344;-0.2450;48;42;0.0831;3.7710;-0.0153;-0.3624;3.7542;166.3;300.0;300.0;201.2
79.0;0.1200;0.1094;-0.1695;-0.2450;48;42;0.0049;3.8550;-0.0153;-0.3624;3.7542;166.3;300.0;300.0;201.2
79.5;0.1213;0.1103;-0.1779;-0.2504;48;40;0.0049;3.9313;-0.0153;-0.3624;3.7542;166.9;300.0;300.0;203.2
80.0;0.1227;0.1113;-0.1931;-0.2450;46;42;0.0049;4.0153;-0.0229;-0.3624;3.7542;167.7;300.0;300.0;201.8
80.5;0.1236;0.1122;-0.1908;-0.2405;46;42;-0.0831;4.0534;-0.0229;-0.3844;3.7542;168.9;300.0;300.0;201.8
81.0;0.1245;0.1131;-0.1763;-0.2450;48;40;0.0831;4.0992;-0.0229;-0.3844;3.7542;167.2;300.0;300.0;201.8
81.5;0.1255;0.1145;-0.2061;-0.2450;46;42;0.0049;4.1756;-0.0229;-0.3844;3.7542;166.6;300.0;300.0;201.8
82.0;0.1268;0.1154;-0.2015;-0.2405;44;42;0.0049;4.2595;-0.0229;-0.3844;3.7542;167.2;300.0;300.0;201.2
82.5;0.1273;0.1163;-0.2244;-0.2450;48;40;-0.0733;4.2977;-0.0229;-0.4064;3.7542;166.3;300.0;300.0;201.2
83.0;0.1287;0.1172;-0.2000;-0.2405;46;42;0.0049;4.3740;-0.0229;-0.4064;3.7542;166.9;300.0;300.0;201.2
83.5;0.1291;0.1181;-0.2122;-0.2405;46;42;0.0831;4.4198;-0.0229;-0.4064;3.7542;166.9;300.0;300.0;201.2
84.0;0.1296;0.1190;-0.1992;-0.2405;48;44;-0.0831;4.4580;-0.0229;-0.4284;3.7542;167.2;300.0;300.0;201.2
84.5;0.1300;0.1204;-0.2252;-0.2405;48;44;0.0049;4.5344;-0.0229;-0.4284;3.7542;166.6;300.0;300.0;200.6
85.0;0.1305;0.1213;-0.2328;-0.2305;46;46;-0.0733;4.5802;-0.0229;-0.4284;4.5538;167.2;300.0;300.0;199.7
85.5;0.1314;0.1223;-0.2321;-0.2405;52;42;0.0049;4.6565;-0.0229;-0.4284;4.5538;166.6;300.0;300.0;200.6
86.0;0.1319;0.1232;-0.2450;-0.2351;48;46;0.0831;4.6947;-0.0229;-0.4503;4.5538;167.2;300.0;300.0;200.6
86.5;0.1328;0.1241;-0.2458;-0.2405;50;46;0.0049;4.7786;-0.0229;-0.4503;4.5538;166.6;300.0;300.0;200.6
87.0;0.1337;0.1255;-0.2664;-0.2351;48;48;0.0049;4.8626;-0.0229;-0.4503;4.5538;167.2;300.0;300.0;200.6
87.5;0.1342;0.1264;-0.2527;-0.2351;50;46;-0.0733;4.9008;-0.0229;-0.4723;4.5538;166.3;300.0;300.0;199.7
88.0;0.1346;0.1273;-0.2519;-0.2252;48;50;0.0831;4.9389;-0.0229;-0.4723;4.5538;168.0;300.0;300.0;199.7
88.5;0.1351;0.1282;-0.1954;-0.2305;52;46;0.0049;5.0229;-0.0229;-0.4723;4.5538;167.4;300.0;300.0;199.1
89.0;0.1355;0.1291;-0.1763;-0.2305;52;48;-0.0831;5.0611;-0.0305;-0.4943;4.5538;167.4;300.0;300.0;199.1
89.5;0.1360;0.1305;-0.1298;-0.2305;54;48;-0.0049;5.1374;-0.0305;-0.4943;4.5538;167.2;300.0;300.0;199.1
90.0;0.1369;0.1314;-0.1321;-0.2305;54;48;-0.0049;5.2214;-0.0305;-0.4943;4.5538;167.4;300.0;300.0;199.1
90.5;0.1383;0.1323;-0.1504;-0.2252;52;48;0.0049;5.2977;-0.0305;-0.4943;4.5538;166.9;300.0;300.0;198.5
91.0;0.1383;0.1332;-0.1527;-0.2252;54;48;-0.0831;5.3435;-0.0305;-0.4943;4.5538;167.4;300.0;300.0;198.5
91.5;0.1378;0.1342;-0.1679;-0.2206;54;50;0.0831;5.3817;-0.0305;-0.5163;5.3534;168.0;300.0;300.0;198.5
92.0;0.1378;0.1351;-0.1702;-0.2252;56;50;0.0049;5.4656;-0.0305;-0.5163;5.3534;167.7;300.0;300.0;197.9
92.5;0.1387;0.1364;-0.2061;-0.2252;56;52;0.0049;5.5420;-0.0305;-0.5163;5.3534;167.7;300.0;300.0;197.9
93.0;0.1397;0.1374;-0.2229;-0.2252;54;52;0.0049;5.6260;-0.0305;-0.5163;5.3534;167.2;300.0;300.0;198.5
93.5;0.1401;0.1383;-0.2450;-0.2252;54;52;-0.0733;5.6641;-0.0305;-0.5382;5.3534;167.4;300.0;300.0;197.9
94.0;0.1406;0.1392;-0.2321;-0.2252;54;52;0.0049;5.7405;-0.0305;-0.5382;5.3534;167.2;300.0;300.0;197.9
94.5;0.1419;0.1401;-0.2221;-0.2206;54;52;0.0049;5.8244;-0.0305;-0.5382;5.3534;167.4;300.0;300.0;197.4
95.0;0.1429;0.1415;-0.2160;-0.2252;56;50;0.0049;5.9008;-0.0305;-0.5382;5.3534;167.4;300.0;300.0;197.9
95.5;0.1442;0.1424;-0.2221;-0.2252;54;50;0.0049;5.9847;-0.0382;-0.5602;5.3534;168.0;300.0;300.0;199.7
96.0;0.1451;0.1433;-0.2336;-0.2305;54;50;0.0049;6.0611;-0.0382;-0.5602;5.3534;167.4;300.0;300.0;199.1
96.5;0.1465;0.1442;-0.2031;-0.2305;54;50;0.0049;6.1450;-0.0382;-0.5602;5.3534;167.7;300.0;300.0;199.1
97.0;0.1479;0.1451;-0.2000;-0.2305;54;48;0.0049;6.2290;-0.0382;-0.5822;6.1530;167.4;300.0;300.0;198.5
97.5;0.1484;0.1461;-0.1809;-0.2206;52;50;-0.0831;6.2672;-0.0382;-0.5822;6.1530;168.3;300.0;300.0;198.5
98.0;0.1493;0.1474;-0.2053;-0.2252;56;48;0.0049;6.3435;-0.0382;-0.5822;6.1530;167.4;300.0;300.0;198.5
98.5;0.1511;0.1484;-0.2130;-0.2206;52;50;0.0831;6.4656;-0.0382;-0.5822;6.1530;168.0;300.0;300.0;197.9
99.0;0.1525;0.1493;-0.2389;-0.2206;52;50;0.0049;6.5496;-0.0382;-0.6042;6.1530;167.4;300.0;300.0;197.4
99.5;0.1538;0.1502;-0.2298;-0.2153;50;50;0.0049;6.6260;-0.0382;-0.6042;6.1530;168.0;300.0;300.0;197.4
100.0;0.1552;0.1511;-0.2160;-0.2153;52;48;-0.1613;6.7099;-0.0458;-0.6042;6.1530;167.4;300.0;300.0;196.5
100.5;0.1561;0.1525;-0.2160;-0.2153;52;48;0.0049;6.7863;-0.0458;-0.6261;6.1530;167.4;300.0;300.0;196.5
101.0;0.1580;0.1534;-0.2000;-0.2153;52;48;0.0831;6.9084;-0.0458;-0.6261;6.1530;167.2;300.0;300.0;195.9
101.5;0.1598;0.1543;-0.2084;-0.2153;50;46;0.0049;6.9924;-0.0458;-0.6261;6.9526;167.4;300.0;300.0;195.9
102.0;0.1612;0.1552;-0.1603;-0.2153;50;46;0.0049;7.0687;-0.0458;-0.6261;6.9526;167.2;300.0;300.0;195.9
102.5;0.1630;0.1561;-0.1656;-0.2153;50;44;-0.0831;7.1908;-0.0458;-0.6481;6.9526;167.7;300.0;300.0;196.5
103.0;0.1648;0.1571;-0.1405;-0.2107;48;44;0.0049;7.2672;-0.0458;-0.6481;6.9526;168.0;300.0;300.0;195.9
103.5;0.1662;0.1584;-0.1634;-0.2107;50;44;0.0049;7.3511;-0.0458;-0.6481;6.9526;168.3;300.0;300.0;196.5
104.0;0.1671;0.1593;-0.1885;-0.2107;50;44;0.0049;7.4275;-0.0534;-0.6481;6.9526;168.3;300.0;300.0;196.5
104.5;0.1680;0.1603;-0.2229;-0.2107;48;46;0.0049;7.5115;-0.0534;-0.6481;6.9526;168.0;300.0;300.0;196.5
105.0;0.1699;0.1612;-0.2573;-0.2107;48;44;-0.0733;7.6336;-0.0534;-0.6701;6.9526;168.3;300.0;300.0;195.9
105.5;0.1712;0.1621;-0.2656;-0.2107;48;44;0.0049;7.7099;-0.0534;-0.6701;6.9526;168.0;300.0;300.0;196.5
106.0;0.1722;0.1635;-0.3015;-0.2107;48;46;0.0049;7.7939;-0.0534;-0.6921;7.7522;168.3;300.0;300.0;195.9
106.5;0.1731;0.1644;-0.3084;-0.2153;50;44;0.0049;7.8702;-0.0534;-0.6921;7.7522;167.4;300.0;300.0;196.5
107.0;0.1754;0.1653;-0.3382;-0.2107;46;46;0.0049;8.0305;-0.0534;-0.6921;7.7522;168.0;300.0;300.0;195.9
107.5;0.1763;0.1662;-0.3237;-0.2153;48;44;-0.0733;8.0763;-0.0611;-0.7140;7.7522;167.4;300.0;300.0;195.9
108.0;0.1772;0.1671;-0.3191;-0.2053;46;48;0.0049;8.1527;-0.0611;-0.7140;7.7522;168.3;300.0;300.0;195.3
108.5;0.1777;0.1685;-0.3046;-0.2107;50;44;0.0049;8.2366;-0.0611;-0.7360;7.7522;168.0;300.0;300.0;194.7
109.0;0.1786;0.1694;-0.2939;-0.2000;48;48;-0.0733;8.3588;-0.0611;-0.7360;7.7522;168.3;300.0;300.0;194.7
109.5;0.1790;0.1703;-0.2901;-0.2053;50;46;0.0049;8.4351;-0.0611;-0.7360;7.7522;167.7;300.0;300.0;194.1
110.0;0.1795;0.1712;-0.2687;-0.2000;50;48;0.0049;8.5191;-0.0611;-0.7580;7.7522;168.0;300.0;300.0;194.1
110.5;0.1809;0.1722;-0.2557;-0.2053;52;46;-0.0733;8.6336;-0.0611;-0.7580;8.5518;167.7;300.0;300.0;194.1
111.0;0.1818;0.1731;-0.2321;-0.2000;50;48;0.0049;8.7176;-0.0687;-0.7580;8.5518;168.0;300.0;300.0;194.1
111.5;0.1832;0.1745;-0.2565;-0.2000;50;48;0.0831;8.8397;-0.0687;-0.7800;8.5518;168.0;300.0;300.0;194.1
112.0;0.1841;0.1754;-0.2305;-0.2000;50;48;0.0049;8.9160;-0.0687;-0.7800;8.5518;168.6;300.0;300.0;194.7
112.5;0.1859;0.1763;-0.2321;-0.2000;50;46;-0.0733;9.0382;-0.0687;-0.7800;8.5518;168.0;300.0;300.0;194.1
113.0;0.1868;0.1772;-0.2137;-0.2000;50;46;0.0049;9.1221;-0.0687;-0.8019;8.5518;168.3;300.0;300.0;194.1
113.5;0.1877;0.1781;-0.2221;-0.2107;52;44;0.0049;9.1985;-0.0687;-0.8019;8.5518;168.0;300.0;300.0;195.9
114.0;0.1882;0.1795;-0.2069;-0.2053;50;48;-0.0733;9.3206;-0.0763;-0.8019;8.5518;168.6;300.0;300.0;195.3
114.5;0.1896;0.1804;-0.2260;-0.2000;50;48;0.0831;9.4427;-0.0763;-0.8019;9.3514;168.3;300.0;300.0;194.7
115.0;0.1905;0.1813;-0.2412;-0.1954;50;50;0.0049;9.5191;-0.0763;-0.8239;9.3514;168.9;300.0;300.0;194.7
115.5;0.1914;0.1822;-0.2282;-0.2000;52;46;-0.0733;9.6412;-0.0763;-0.8239;9.3514;168.3;300.0;300.0;194.7
116.0;0.1923;0.1832;-0.2328;-0.2000;50;48;0.0049;9.7252;-0.0763;-0.8239;9.3514;168.0;300.0;300.0;194.7
116.5;0.1946;0.1841;-0.2298;-0.2000;50;46;0.0049;9.8855;-0.0840;-0.8459;9.3514;168.6;300.0;300.0;194.1
117.0;0.1960;0.1854;-0.2672;-0.2000;48;46;0.0049;9.9618;-0.0840;-0.8459;9.3514;168.3;300.0;300.0;194.1
117.5;0.1969;0.1864;-0.2847;-0.1901;46;48;0.0049;10.0458;-0.0840;-0.8459;9.3514;168.9;300.0;300.0;193.5
118.0;0.1983;0.1873;-0.2962;-0.1954;50;46;-0.0733;10.1603;-0.0840;-0.8679;10.1510;168.6;300.0;300.0;193.5
118.5;0.1992;0.1882;-0.2840;-0.1901;48;48;0.0049;10.2443;-0.0840;-0.8679;10.1510;169.2;300.0;300.0;193.0
119.0;0.2005;0.1891;-0.2725;-0.1954;50;44;-0.0733;10.3664;-0.0916;-0.8679;10.1510;168.6;300.0;300.0;193.5
119.5;0.2015;0.1905;-0.2511;-0.1901;48;48;0.0049;10.4427;-0.0916;-0.8898;10.1510;168.9;300.0;300.0;193.0
120.0;0.2033;0.1914;-0.2374;-0.1954;50;44;0.0049;10.6031;-0.0916;-0.8898;10.1510;168.6;300.0;300.0;193.0
120.5;0.2047;0.1923;-0.2260;-0.1901;48;46;0.0049;10.6870;-0.0916;-0.8898;10.1510;168.9;300.0;300.0;193.5
121.0;0.2051;0.1932;-0.1916;-0.1954;50;44;0.0049;10.7634;-0.0916;-0.9118;10.1510;168.6;300.0;300.0;193.0
121.5;0.2065;0.1941;-0.1924;-0.1901;48;46;-0.0831;10.8855;-0.0992;-0.9118;10.1510;169.2;300.0;300.0;193.0
122.0;0.2079;0.1951;-0.1855;-0.1855;48;46;0.0831;11.0076;-0.0992;-0.9118;10.9506;168.9;300.0;300.0;192.4
122.5;0.2092;0.1964;-0.2084;-0.1855;48;44;-0.0733;11.1298;-0.0992;-0.9118;10.9506;169.2;300.0;300.0;192.4
123.0;0.2102;0.1973;-0.2015;-0.1901;50;44;0.0049;11.2061;-0.0992;-0.9338;10.9506;168.9;300.0;300.0;191.8
123.5;0.2120;0.1983;-0.2298;-0.1855;46;46;0.0049;11.3664;-0.1069;-0.9338;10.9506;168.9;300.0;300.0;191.8
124.0;0.2134;0.1992;-0.2244;-0.1855;48;44;0.0049;11.4504;-0.1069;-0.9338;10.9506;168.9;300.0;300.0;191.2
124.5;0.2138;0.2001;-0.2336;-0.1855;48;46;0.0049;11.5267;-0.1069;-0.9557;10.9506;169.2;300.0;300.0;191.8
125.0;0.2147;0.2015;-0.2427;-0.1901;50;44;-0.0733;11.6489;-0.1069;-0.9557;10.9506;168.9;300.0;300.0;191.8
125.5;0.2166;0.2024;-0.2466;-0.1855;46;46;0.0049;11.8092;-0.1145;-0.9557;11.7503;168.9;300.0;300.0;191.8
126.0;0.2179;0.2033;-0.2550;-0.1855;48;44;0.0049;11.8931;-0.1145;-0.9777;11.7503;168.6;300.0;300.0;191.2
126.5;0.2184;0.2042;-0.2473;-0.1802;48;46;0.0049;11.9695;-0.1145;-0.9777;11.7503;168.9;300.0;300.0;191.2
127.0;0.2198;0.2051;-0.2397;-0.1802;48;44;0.0049;12.1298;-0.1145;-0.9777;11.7503;171.3;300.0;300.0;193.0
127.5;0.2216;0.2060;-0.2305;-0.1802;48;44;-0.0733;12.2519;-0.1221;-0.9777;11.7503;169.8;300.0;300.0;192.4
128.0;0.2230;0.2074;-0.2450;-0.1802;46;44;0.0831;12.3740;-0.1221;-0.9997;11.7503;170.4;300.0;300.0;191.8
128.5;0.2239;0.2083;-0.2534;-0.1855;48;44;0.0049;12.4580;-0.1221;-0.9997;11.7503;169.2;300.0;300.0;191.8
129.0;0.2248;0.2092;-0.2588;-0.1954;48;42;-0.0733;12.5725;-0.1221;-0.9997;12.5499;169.8;300.0;300.0;194.1
129.5;0.2253;0.2102;-0.2397;-0.1855;46;46;0.0049;12.6565;-0.1298;-1.0217;12.5499;169.2;300.0;300.0;192.4
130.0;0.2266;0.2111;-0.2168;-0.1855;48;44;0.0049;12.8168;-0.1298;-1.0217;12.5499;169.8;300.0;300.0;191.8
130.5;0.2276;0.2125;-0.1992;-0.1855;48;44;0.0049;12.8931;-0.1298;-1.0217;12.5499;169.2;300.0;300.0;191.8
131.0;0.2285;0.2134;-0.1924;-0.1855;50;44;-0.0831;13.0153;-0.1298;-1.0436;12.5499;170.7;300.0;300.0;191.8
131.5;0.2294;0.2143;-0.1863;-0.1802;48;46;0.0831;13.1374;-0.1374;-1.0436;12.5499;169.8;300.0;300.0;191.2
132.0;0.2303;0.2152;-0.1908;-0.1802;50;44;-0.0831;13.2595;-0.1374;-1.0436;12.5499;169.8;300.0;300.0;191.2
132.5;0.2308;0.2161;-0.2046;-0.1756;48;46;0.0049;13.3359;-0.1374;-1.0436;12.5499;169.2;300.0;300.0;190.9
133.0;0.2317;0.2175;-0.2145;-0.1756;50;46;-0.0733;13.4580;-0.1374;-1.0656;13.3495;169.5;300.0;300.0;190.3
133.5;0.2317;0.2184;-0.2366;-0.1702;50;48;0.0049;13.5420;-0.1450;-1.0656;13.3495;169.2;300.0;300.0;189.7
134.0;0.2331;0.2193;-0.2450;-0.1702;50;48;0.0049;13.7023;-0.1450;-1.0656;13.3495;169.5;300.0;300.0;189.7
134.5;0.2335;0.2202;-0.2626;-0.1702;50;48;0.0049;13.7786;-0.1450;-1.0876;13.3495;169.5;300.0;300.0;189.7
135.0;0.2340;0.2212;-0.2489;-0.1656;50;50;-0.0733;13.9008;-0.1450;-1.0876;13.3495;169.8;300.0;300.0;189.1
135.5;0.2349;0.2221;-0.2031;-0.1702;52;48;0.0831;14.0229;-0.1527;-1.0876;13.3495;169.2;300.0;300.0;189.1
136.0;0.2358;0.2234;-0.1885;-0.1702;52;48;-0.0831;14.1450;-0.1527;-1.0876;13.3495;169.2;300.0;300.0;189.1
136.5;0.2358;0.2244;-0.1695;-0.1702;54;48;0.0049;14.2214;-0.1527;-1.1096;14.1491;169.2;300.0;300.0;189.1
137.0;0.2372;0.2253;-0.1802;-0.1702;52;48;0.0049;14.3817;-0.1603;-1.1096;14.1491;169.8;300.0;300.0;189.7
137.5;0.2376;0.2262;-0.1802;-0.1855;56;46;0.0049;14.4656;-0.1603;-1.1096;14.1491;169.8;300.0;300.0;191.8
138.0;0.2390;0.2271;-0.2008;-0.1756;50;50;0.0049;14.6260;-0.1603;-1.1096;14.1491;169.8;300.0;300.0;191.2
138.5;0.2404;0.2285;-0.1992;-0.1756;52;48;-0.0831;14.7481;-0.1679;-1.1315;14.1491;171.0;300.0;300.0;191.8
139.0;0.2413;0.2294;-0.2290;-0.1702;50;50;0.0831;14.8626;-0.1679;-1.1315;14.1491;170.1;300.0;300.0;190.9
139.5;0.2427;0.2303;-0.2450;-0.1656;50;50;-0.0733;14.9847;-0.1679;-1.1315;14.9487;171.6;300.0;300.0;190.9
140.0;0.2436;0.2312;-0.2458;-0.1656;52;48;-0.0733;15.1069;-0.1756;-1.1535;14.9487;170.4;300.0;300.0;189.7
140.5;0.2445;0.2321;-0.2557;-0.1656;50;48;0.0831;15.2290;-0.1756;-1.1535;14.9487;170.4;300.0;300.0;189.1
141.0;0.2463;0.2331;-0.2595;-0.1656;50;48;0.0049;15.3893;-0.1756;-1.1535;14.9487;169.8;300.0;300.0;189.1
141.5;0.2468;0.2344;-0.2710;-0.1603;50;50;-0.0733;15.5115;-0.1832;-1.1755;14.9487;170.1;300.0;300.0;188.6
142.0;0.2473;0.2353;-0.2878;-0.1656;50;48;0.0831;15.6260;-0.1832;-1.1755;14.9487;169.5;300.0;300.0;188.3
142.5;0.2482;0.2363;-0.2824;-0.1603;50;50;-0.0733;15.7481;-0.1832;-1.1755;15.7483;169.8;300.0;300.0;188.3
143.0;0.2491;0.2372;-0.2954;-0.1656;52;50;0.0831;15.8702;-0.1908;-1.1975;15.7483;169.8;300.0;300.0;188.3
143.5;0.2495;0.2381;-0.2855;-0.1656;52;50;-0.0733;15.9924;-0.1908;-1.1975;15.7483;170.1;300.0;300.0;189.1
144.0;0.2509;0.2395;-0.2763;-0.1603;50;50;0.0049;16.1527;-0.1908;-1.1975;15.7483;170.7;300.0;300.0;188.3
144.5;0.2514;0.2404;-0.2504;-0.1603;52;50;0.0049;16.2290;-0.1985;-1.2194;15.7483;170.7;300.0;300.0;188.3
145.0;0.2527;0.2413;-0.2221;-0.1557;52;50;0.0049;16.3893;-0.1985;-1.2194;15.7483;169.8;300.0;300.0;187.1
145.5;0.2537;0.2422;-0.1908;-0.1557;52;50;-0.0831;16.5115;-0.1985;-1.2194;15.7483;170.4;300.0;300.0;187.1
146.0;0.2546;0.2431;-0.1824;-0.1557;52;50;0.0831;16.6336;-0.2061;-1.2414;16.5479;169.8;300.0;300.0;187.1
146.5;0.2555;0.2440;-0.1649;-0.1603;54;48;-0.0831;16.7557;-0.2061;-1.2414;16.5479;170.4;300.0;300.0;188.3
147.0;0.2569;0.2454;-0.1817;-0.1557;52;50;0.0049;16.9160;-0.2061;-1.2414;16.5479;170.1;300.0;300.0;187.7
147.5;0.2587;0.2463;-0.2038;-0.1702;54;46;0.0049;17.0763;-0.2137;-1.2414;16.5479;170.4;300.0;300.0;190.3
148.0;0.2592;0.2473;-0.2351;-0.1557;48;52;0.0049;17.1527;-0.2137;-1.2634;16.5479;171.0;300.0;300.0;188.6
148.5;0.2605;0.2482;-0.2580;-0.1603;52;48;0.0049;17.3130;-0.2214;-1.2634;16.5479;170.7;300.0;300.0;188.3
149.0;0.2614;0.2491;-0.2611;-0.1557;50;50;-0.0733;17.4351;-0.2214;-1.2634;17.3475;170.7;300.0;300.0;187.1
149.5;0.2624;0.2505;-0.2656;-0.1557;50;50;0.0831;17.5573;-0.2214;-1.2854;17.3475;170.4;300.0;300.0;187.1
150.0;0.2628;0.2514;-0.2595;-0.1504;50;50;0.0049;17.7176;-0.2290;-1.2854;17.3475;171.0;300.0;300.0;187.1
150.5;0.2637;0.2523;-0.2489;-0.1557;54;48;-0.0733;17.8397;-0.2290;-1.2854;17.3475;170.7;300.0;300.0;187.1
151.0;0.2647;0.2532;-0.2527;-0.1450;50;52;0.0049;18.0000;-0.2366;-1.3073;17.3475;171.0;300.0;300.0;186.5
151.5;0.2647;0.2541;-0.2397;-0.1603;56;48;0.0049;18.0763;-0.2366;-1.3073;17.3475;170.1;300.0;300.0;188.6
152.0;0.2656;0.2555;-0.2420;-0.1557;52;52;0.0049;18.2443;-0.2366;-1.3073;18.1471;170.7;300.0;300.0;187.1
152.5;0.2669;0.2564;-0.2519;-0.1557;52;50;0.0049;18.4046;-0.2443;-1.3073;18.1471;170.4;300.0;300.0;187.1
153.0;0.2683;0.2573;-0.2588;-0.1450;50;54;0.0831;18.5191;-0.2443;-1.3293;18.1471;171.0;300.0;300.0;186.5
153.5;0.2688;0.2582;-0.2542;-0.1504;54;50;-0.0733;18.6412;-0.2443;-1.3293;18.1471;170.7;300.0;300.0;186.5
154.0;0.2701;0.2592;-0.2496;-0.1504;52;52;0.0049;18.8015;-0.2519;-1.3293;18.1471;170.7;300.0;300.0;186.2
154.5;0.2711;0.2601;-0.2542;-0.1504;52;50;-0.0733;18.9237;-0.2519;-1.3513;18.1471;170.4;300.0;300.0;186.2
155.0;0.2724;0.2614;-0.2511;-0.1504;52;50;0.0049;19.0840;-0.2595;-1.3513;18.9467;170.4;300.0;300.0;186.2
155.5;0.2734;0.2624;-0.2504;-0.1504;52;50;0.0831;19.2061;-0.2595;-1.3513;18.9467;170.4;300.0;300.0;186.2
156.0;0.2734;0.2633;-0.2565;-0.1450;52;54;0.0049;19.2824;-0.2595;-1.3733;18.9467;170.7;300.0;300.0;185.6
156.5;0.2738;0.2642;-0.2649;-0.1450;54;54;0.0049;19.4427;-0.2672;-1.3733;18.9467;170.1;300.0;300.0;185.3
157.0;0.2752;0.2651;-0.2634;-0.1450;54;52;0.0049;19.6031;-0.2672;-1.3733;18.9467;170.7;300.0;300.0;185.6
157.5;0.2752;0.2665;-0.2618;-0.1450;54;54;0.0831;19.7252;-0.2748;-1.3952;18.9467;170.1;300.0;300.0;185.3
158.0;0.2752;0.2674;-0.2565;-0.1450;56;54;-0.0733;19.8473;-0.2748;-1.3952;19.7464;170.7;300.0;300.0;185.3
158.5;0.2761;0.2683;-0.2374;-0.1405;56;56;0.0049;20.0076;-0.2824;-1.3952;19.7464;170.4;300.0;300.0;184.8
159.0;0.2770;0.2692;-0.2328;-0.1405;56;54;0.0049;20.1679;-0.2824;-1.4172;19.7464;171.3;300.0;300.0;185.3
159.5;0.2784;0.2701;-0.2198;-0.1405;56;54;0.0049;20.3282;-0.2901;-1.4172;19.7464;170.7;300.0;300.0;184.8
160.0;0.2798;0.2711;-0.2191;-0.1351;54;54;-0.0733;20.4504;-0.2901;-1.4172;19.7464;171.3;300.0;300.0;184.8
160.5;0.2807;0.2724;-0.2183;-0.1405;56;52;0.0049;20.6107;-0.2977;-1.4392;20.5460;171.3;300.0;300.0;184.8
161.0;0.2816;0.2734;-0.2260;-0.1405;54;54;0.0831;20.7328;-0.2977;-1.4392;20.5460;170.7;300.0;300.0;184.8
161.5;0.2830;0.2743;-0.2275;-0.1405;54;54;0.0049;20.8931;-0.3053;-1.4392;20.5460;172.1;300.0;300.0;186.2
162.0;0.2839;0.2752;-0.2420;-0.1405;54;52;-0.0733;21.0153;-0.3053;-1.4612;20.5460;171.6;300.0;300.0;185.6
162.5;0.2839;0.2761;-0.2679;-0.1351;54;56;0.0831;21.1374;-0.3053;-1.4612;20.5460;171.8;300.0;300.0;185.3
163.0;0.2848;0.2775;-0.2771;-0.1405;56;54;0.0049;21.2977;-0.3130;-1.4612;20.5460;171.6;300.0;300.0;185.3
163.5;0.2862;0.2784;-0.2802;-0.1351;54;56;0.0049;21.4580;-0.3130;-1.4831;21.3456;171.3;300.0;300.0;184.8
164.0;0.2875;0.2793;-0.2924;-0.1405;54;54;0.0049;21.6183;-0.3206;-1.4831;21.3456;170.4;300.0;300.0;184.8
164.5;0.2885;0.2802;-0.2977;-0.1351;54;56;-0.0733;21.7328;-0.3206;-1.4831;21.3456;171.3;300.0;300.0;184.2
165.0;0.2889;0.2811;-0.2710;-0.1351;56;54;-0.0733;21.8550;-0.3282;-1.5051;21.3456;171.3;300.0;300.0;183.9
165.5;0.2898;0.2821;-0.2466;-0.1351;56;54;0.0049;22.0153;-0.3282;-1.5051;21.3456;171.6;300.0;300.0;184.2
166.0;0.2912;0.2834;-0.2366;-0.1305;54;56;0.0049;22.1756;-0.3359;-1.5051;22.1452;171.3;300.0;300.0;183.9
166.5;0.2926;0.2843;-0.2168;-0.1305;56;54;0.0049;22.3359;-0.3359;-1.5271;22.1452;171.8;300.0;300.0;183.9
167.0;0.2940;0.2853;-0.2031;-0.1305;56;52;0.0049;22.4962;-0.3435;-1.5271;22.1452;171.0;300.0;300.0;183.9
167.5;0.2953;0.2862;-0.2008;-0.1305;54;52;0.0049;22.6565;-0.3511;-1.5271;22.1452;171.3;300.0;300.0;183.9
168.0;0.2972;0.2871;-0.1947;-0.1305;54;52;0.0049;22.8244;-0.3511;-1.5271;22.1452;171.0;300.0;300.0;183.3
168.5;0.2981;0.2885;-0.2130;-0.1305;54;52;-0.0733;22.9389;-0.3588;-1.5490;22.9448;171.6;300.0;300.0;183.0
169.0;0.2990;0.2894;-0.2160;-0.1305;54;52;0.0831;23.1450;-0.3588;-1.5490;22.9448;171.3;300.0;300.0;183.0
169.5;0.2995;0.2903;-0.2221;-0.1252;54;54;-0.0733;23.2595;-0.3664;-1.5490;22.9448;171.8;300.0;300.0;183.3
170.0;0.2995;0.2912;-0.2290;-0.1305;58;52;-0.0733;23.3817;-0.3664;-1.5710;22.9448;171.6;300.0;300.0;183.0
170.5;0.2999;0.2921;-0.2298;-0.1305;56;54;0.0049;23.5420;-0.3740;-1.5710;22.9448;171.8;300.0;300.0;183.3
171.0;0.3017;0.2935;-0.2397;-0.1305;56;54;-0.0733;23.7481;-0.3740;-1.5710;23.7444;171.3;300.0;300.0;183.3
171.5;0.3031;0.2944;-0.2405;-0.1305;56;54;0.0049;23.9084;-0.3817;-1.5710;23.7444;171.3;300.0;300.0;183.9
172.0;0.3049;0.2953;-0.2527;-0.1305;54;52;0.0049;24.0687;-0.3893;-1.5930;23.7444;171.8;300.0;300.0;183.0
172.5;0.3063;0.2962;-0.2817;-0.1305;54;52;0.0049;24.2290;-0.3893;-1.5930;23.7444;171.8;300.0;300.0;183.3
173.0;0.3077;0.2972;-0.2969;-0.1252;52;54;0.0049;24.3893;-0.3969;-1.6150;23.7444;172.4;300.0;300.0;183.3
173.5;0.3091;0.2981;-0.3069;-0.1252;52;52;0.0049;24.5496;-0.3969;-1.6150;24.5440;171.8;300.0;300.0;183.3
174.0;0.3104;0.2995;-0.3115;-0.1252;52;52;0.0049;24.7099;-0.4046;-1.6150;24.5440;173.0;300.0;300.0;184.2
174.5;0.3118;0.3004;-0.3023;-0.1252;52;52;0.0049;24.8702;-0.4046;-1.6369;24.5440;172.4;300.0;300.0;183.3
175.0;0.3127;0.3013;-0.2947;-0.1252;52;52;0.0049;25.0305;-0.4122;-1.6369;24.5440;172.4;300.0;300.0;183.0
175.5;0.3141;0.3022;-0.2817;-0.1252;52;52;0.0049;25.1908;-0.4198;-1.6589;24.5440;171.8;300.0;300.0;182.4
176.0;0.3146;0.3031;-0.2664;-0.1206;52;54;0.0831;25.3130;-0.4198;-1.6589;24.5440;172.4;300.0;300.0;182.1
176.5;0.3155;0.3045;-0.2435;-0.1153;52;54;-0.0733;25.5115;-0.4275;-1.6589;25.3436;172.4;300.0;300.0;181.5
177.0;0.3155;0.3054;-0.2191;-0.1153;56;54;-0.0733;25.6336;-0.4275;-1.6589;25.3436;172.4;300.0;300.0;181.5
177.5;0.3146;0.3063;-0.1916;-0.1206;58;54;-0.0831;25.7557;-0.4351;-1.6809;25.3436;171.8;300.0;300.0;181.5
178.0;0.3132;0.3072;-0.1626;-0.1153;60;58;0.0831;25.8779;-0.4351;-1.6809;25.3436;172.4;300.0;300.0;181.5
178.5;0.3136;0.3082;-0.1405;-0.1153;62;58;-0.0831;26.0763;-0.4427;-1.6809;25.3436;171.8;300.0;300.0;181.5
179.0;0.3141;0.3091;-0.1168;-0.1153;62;58;-0.0049;26.2366;-0.4504;-1.6809;26.1432;172.4;300.0;300.0;181.5
179.5;0.3150;0.3104;-0.0985;-0.1252;64;56;0.0831;26.4351;-0.4504;-1.6809;26.1432;172.7;300.0;300.0;183.3
180.0;0.3159;0.3114;-0.0840;-0.1153;60;60;-0.0049;26.5954;-0.4580;-1.7029;26.1432;173.3;300.0;300.0;182.4
180.5;0.3173;0.3123;-0.0817;-0.1206;62;56;-0.0831;26.8015;-0.4656;-1.7029;26.1432;172.4;300.0;300.0;182.1
181.0;0.3191;0.3132;-0.0916;-0.1206;62;56;-0.0049;26.9618;-0.4656;-1.7029;26.9428;172.4;300.0;300.0;182.4
181.5;0.3201;0.3141;-0.1000;-0.1206;60;56;-0.0049;27.1221;-0.4733;-1.7029;26.9428;172.4;300.0;300.0;182.1
182.0;0.3214;0.3155;-0.1336;-0.1206;60;56;-0.0049;27.2824;-0.4809;-1.7029;26.9428;172.7;300.0;300.0;182.1
182.5;0.3223;0.3164;-0.1618;-0.1153;58;58;0.0049;27.4427;-0.4809;-1.7029;26.9428;172.4;300.0;300.0;181.5
183.0;0.3233;0.3173;-0.2023;-0.1153;58;56;0.0049;27.6031;-0.4885;-1.7248;26.9428;171.3;300.0;300.0;181.2
183.5;0.3242;0.3182;-0.2221;-0.1153;58;56;0.0049;27.7634;-0.4962;-1.7248;27.7425;172.4;300.0;300.0;181.2
184.0;0.3251;0.3191;-0.2435;-0.1206;58;56;0.0049;27.9237;-0.4962;-1.7248;27.7425;171.8;300.0;300.0;181.2
184.5;0.3260;0.3201;-0.2603;-0.1153;56;58;0.0049;28.0840;-0.5038;-1.7248;27.7425;172.4;300.0;300.0;181.2
185.0;0.3269;0.3214;-0.2542;-0.1153;56;58;0.1613;28.2443;-0.5038;-1.7468;27.7425;172.4;300.0;300.0;181.2
185.5;0.3278;0.3223;-0.2550;-0.1107;56;60;0.0049;28.4046;-0.5114;-1.7468;27.7425;172.4;300.0;300.0;180.6
186.0;0.3288;0.3233;-0.2496;-0.1107;58;60;0.0049;28.5649;-0.5191;-1.7468;28.5421;171.8;300.0;300.0;180.6
186.5;0.3297;0.3242;-0.2374;-0.1153;58;58;0.0049;28.7252;-0.5191;-1.7688;28.5421;173.6;300.0;300.0;182.1
187.0;0.3301;0.3251;-0.2107;-0.1153;58;60;0.0049;28.8855;-0.5267;-1.7688;28.5421;172.7;300.0;300.0;181.2
187.5;0.3315;0.3265;-0.2145;-0.1053;56;62;0.0831;29.0916;-0.5344;-1.7688;28.5421;173.0;300.0;300.0;182.1
188.0;0.3333;0.3274;-0.2107;-0.1053;58;58;-0.0733;29.2901;-0.5420;-1.7908;28.5421;173.9;300.0;300.0;181.2
188.5;0.3347;0.3283;-0.2031;-0.1107;58;56;0.0049;29.4504;-0.5420;-1.7908;29.3417;173.6;300.0;300.0;181.2
189.0;0.3361;0.3292;-0.2000;-0.1107;56;56;0.0049;29.6107;-0.5496;-1.7908;29.3417;172.4;299.7;300.0;180.4
189.5;0.3384;0.3301;-0.1954;-0.1107;56;56;0.0049;29.8550;-0.5573;-1.7908;29.3417;172.7;299.7;300.0;180.4
190.0;0.3402;0.3310;-0.1901;-0.1153;56;54;0.0049;30.0153;-0.5649;-1.8127;29.3417;172.4;300.0;300.0;181.2
190.5;0.3416;0.3324;-0.1885;-0.1153;54;54;0.0049;30.1756;-0.5649;-1.8127;30.1413;173.6;300.0;300.0;182.1
191.0;0.3425;0.3333;-0.1870;-0.1153;54;54;0.0049;30.3359;-0.5725;-1.8127;30.1413;173.6;300.0;300.0;182.4
191.5;0.3439;0.3342;-0.1863;-0.1053;54;56;-0.0831;30.5344;-0.5802;-1.8127;30.1413;174.2;300.0;300.0;181.5
192.0;0.3452;0.3352;-0.1962;-0.1053;54;54;0.0049;30.6947;-0.5802;-1.8347;30.1413;173.0;300.0;300.0;180.6
192.5;0.3462;0.3361;-0.1977;-0.1053;56;54;0.0049;30.8550;-0.5878;-1.8347;30.1413;173.0;300.0;300.0;180.4
193.0;0.3466;0.3375;-0.2031;-0.1053;56;56;0.0049;31.0153;-0.5954;-1.8347;30.9409;173.6;300.0;300.0;179.8
193.5;0.3471;0.3384;-0.2115;-0.1053;56;56;0.0049;31.1756;-0.5954;-1.8347;30.9409;173.6;300.0;300.0;179.8
194.0;0.3475;0.3393;-0.2015;-0.1107;58;56;0.0049;31.3359;-0.6031;-1.8567;30.9409;173.3;300.0;300.0;179.8
194.5;0.3480;0.3402;-0.1863;-0.1107;58;58;0.0049;31.4962;-0.6107;-1.8567;30.9409;172.4;300.0;300.0;181.5
195.0;0.3480;0.3411;-0.1695;-0.1153;60;58;0.0049;31.6565;-0.6107;-1.8567;30.9409;173.0;300.0;300.0;182.4
195.5;0.3498;0.3425;-0.1618;-0.1153;60;58;0.0049;31.9008;-0.6183;-1.8567;31.7405;172.7;300.0;300.0;181.5
196.0;0.3507;0.3434;-0.1618;-0.1107;58;58;0.0049;32.0611;-0.6260;-1.8787;31.7405;174.5;300.0;300.0;182.1
196.5;0.3526;0.3443;-0.1573;-0.1107;58;56;-0.0831;32.2595;-0.6336;-1.8787;31.7405;173.3;300.0;300.0;181.2
197.0;0.3544;0.3452;-0.1649;-0.1053;56;58;0.0831;32.4656;-0.6412;-1.8787;31.7405;173.6;300.0;300.0;180.4
197.5;0.3553;0.3462;-0.1763;-0.1053;56;56;0.0049;32.6260;-0.6489;-1.8787;32.5401;173.0;300.0;300.0;180.6
198.0;0.3571;0.3471;-0.1702;-0.1053;56;56;-0.0831;32.8244;-0.6489;-1.8787;32.5401;173.3;300.0;300.0;180.6
198.5;0.3590;0.3484;-0.1664;-0.1107;56;54;0.0831;33.0229;-0.6565;-1.9006;32.5401;172.4;300.0;300.0;180.4
199.0;0.3599;0.3494;-0.1740;-0.1053;54;56;-0.0831;33.2290;-0.6641;-1.9006;32.5401;173.0;300.0;300.0;181.5
199.5;0.3608;0.3503;-0.1756;-0.1000;54;56;0.0049;33.3893;-0.6718;-1.9006;33.3397;174.2;300.0;300.0;180.4
200.0;0.3613;0.3512;-0.1771;-0.1153;60;54;0.0049;33.5496;-0.6718;-1.9006;33.3397;173.6;300.0;300.0;182.1
200.5;0.3622;0.3521;-0.1672;-0.1053;54;58;0.0049;33.7863;-0.6870;-1.9226;33.3397;173.0;300.0;300.0;180.4
201.0;0.3626;0.3535;-0.1634;-0.1053;58;58;0.0049;33.9466;-0.6870;-1.9226;33.3397;173.6;298.5;300.0;179.8
201.5;0.3631;0.3544;-0.1672;-0.1000;58;60;0.0049;34.1069;-0.6947;-1.9226;33.3397;173.0;299.1;300.0;178.9
202.0;0.3645;0.3553;-0.1557;-0.1000;58;58;0.0049;34.3511;-0.7023;-1.9226;34.1393;173.3;299.7;300.0;178.9
202.5;0.3654;0.3562;-0.1679;-0.1000;58;58;0.0049;34.5115;-0.7099;-1.9226;34.1393;172.4;300.0;300.0;178.6
203.0;0.3672;0.3571;-0.1550;-0.0954;56;58;0.0049;34.7557;-0.7176;-1.9446;34.1393;173.0;300.0;300.0;178.6
203.5;0.3686;0.3581;-0.1473;-0.1000;58;56;0.0049;34.9160;-0.7176;-1.9446;34.1393;172.4;300.0;300.0;178.3
204.0;0.3695;0.3594;-0.1382;-0.1000;58;56;-0.0049;35.0763;-0.7252;-1.9446;34.9389;173.3;300.0;300.0;178.9
204.5;0.3709;0.3603;-0.1328;-0.1000;56;56;-0.0049;35.3130;-0.7328;-1.9446;34.9389;173.3;300.0;300.0;178.9
205.0;0.3727;0.3613;-0.1260;-0.1000;56;54;-0.0831;35.5115;-0.7405;-1.9446;34.9389;173.6;300.0;300.0;179.5
205.5;0.3736;0.3622;-0.1115;-0.1107;58;52;-0.0049;35.6794;-0.7481;-1.9446;34.9389;173.6;300.0;300.0;181.5
206.0;0.3745;0.3631;-0.1015;-0.1053;56;56;-0.0049;35.8397;-0.7557;-1.9666;35.7386;173.3;300.0;300.0;180.4
206.5;0.3759;0.3645;-0.0878;-0.1000;56;56;-0.0049;36.0763;-0.7634;-1.9666;35.7386;175.7;300.0;300.0;181.2
207.0;0.3768;0.3654;-0.1008;-0.1000;56;54;-0.0049;36.2366;-0.7634;-1.9666;35.7386;174.2;300.0;300.0;180.4
207.5;0.3787;0.3663;-0.1092;-0.0954;54;54;-0.0049;36.4809;-0.7710;-1.9666;35.7386;174.5;299.7;300.0;179.5
208.0;0.3796;0.3672;-0.1206;-0.1000;56;54;-0.0049;36.6412;-0.7786;-1.9666;36.5382;174.2;299.1;300.0;179.8
208.5;0.3800;0.3681;-0.1374;-0.0954;56;56;-0.0831;36.8397;-0.7863;-1.9666;36.5382;173.9;298.5;300.0;178.9
209.0;0.3800;0.3690;-0.1511;-0.1000;58;56;0.0049;37.0000;-0.7939;-1.9666;36.5382;173.0;298.5;300.0;178.9
209.5;0.3800;0.3704;-0.1519;-0.0954;58;60;-0.0831;37.1985;-0.8015;-1.9885;36.5382;173.6;298.5;300.0;178.3
210.0;0.3805;0.3713;-0.1580;-0.0954;60;60;0.0831;37.4046;-0.8092;-1.9885;37.3378;173.0;297.9;300.0;178.6
210.5;0.3805;0.3723;-0.1595;-0.1000;62;60;0.0049;37.5649;-0.8092;-1.9885;37.3378;173.6;298.5;300.0;178.9
211.0;0.3814;0.3732;-0.1473;-0.1000;60;60;0.0049;37.8015;-0.8168;-1.9885;37.3378;173.0;297.9;300.0;178.9
211.5;0.3823;0.3741;-0.1427;-0.0954;60;62;0.0049;37.9618;-0.8244;-1.9885;37.3378;173.6;297.9;300.0;178.6
212.0;0.3823;0.3755;-0.1328;-0.0954;62;62;-0.0049;38.1298;-0.8321;-2.0105;38.1374;173.0;297.9;300.0;178.3
212.5;0.3823;0.3764;-0.1198;-0.0954;64;62;-0.0831;38.3282;-0.8397;-2.0105;38.1374;173.3;296.8;300.0;178.3
213.0;0.3823;0.3773;-0.1069;-0.0954;64;64;0.0831;38.5267;-0.8473;-2.0105;38.1374;173.3;296.2;300.0;178.3
213.5;0.3832;0.3782;-0.0863;-0.0901;64;64;-0.0831;38.7252;-0.8550;-2.0105;38.1374;173.9;296.8;300.0;178.6
214.0;0.3842;0.3791;-0.0771;-0.0954;65;62;0.0733;38.9313;-0.8626;-2.0105;38.9370;173.3;296.8;300.0;178.3
214.5;0.3860;0.3805;-0.0733;-0.0954;64;62;-0.0049;39.1679;-0.8702;-2.0105;38.9370;173.6;297.4;300.0;178.3
215.0;0.3874;0.3814;-0.0702;-0.0901;62;62;-0.0831;39.3740;-0.8779;-2.0105;38.9370;173.0;297.4;300.0;177.7
215.5;0.3892;0.3823;-0.0687;-0.0954;62;58;0.0733;39.5725;-0.8779;-2.0105;38.9370;173.6;297.4;300.0;178.3
216.0;0.3906;0.3832;-0.0679;-0.0954;62;58;-0.0831;39.7710;-0.8855;-2.0325;39.7366;173.0;297.4;300.0;178.3
216.5;0.3924;0.3842;-0.0786;-0.0954;60;58;-0.0049;40.0153;-0.9008;-2.0325;39.7366;173.6;297.9;300.0;178.6
217.0;0.3942;0.3851;-0.0878;-0.0954;58;58;0.0831;40.2137;-0.9008;-2.0325;39.7366;173.9;298.5;300.0;178.3
217.5;0.3961;0.3864;-0.1076;-0.0954;58;56;-0.0831;40.4122;-0.9084;-2.0325;39.7366;173.0;298.5;300.0;178.3
218.0;0.3974;0.3874;-0.1229;-0.0901;56;58;0.0831;40.6183;-0.9160;-2.0325;40.5362;173.3;298.5;300.0;177.7
218.5;0.3988;0.3883;-0.1382;-0.0901;56;56;-0.0831;40.8168;-0.9237;-2.0325;40.5362;173.0;298.5;300.0;177.7
219.0;0.4006;0.3892;-0.1634;-0.0901;56;56;0.0049;41.0611;-0.9313;-2.0325;40.5362;173.6;298.5;300.0;177.7
219.5;0.4020;0.3901;-0.1634;-0.0901;56;56;0.0831;41.2595;-0.9389;-2.0544;40.5362;173.3;297.9;300.0;177.7
220.0;0.4034;0.3915;-0.1687;-0.0855;54;56;-0.0831;41.4580;-0.9466;-2.0544;41.3358;174.2;297.9;300.0;177.7
220.5;0.4048;0.3924;-0.1618;-0.0901;56;54;-0.0831;41.6641;-0.9542;-2.0544;41.3358;173.9;297.9;300.0;178.3
221.0;0.4052;0.3933;-0.1466;-0.0855;56;56;0.0049;41.8244;-0.9618;-2.0544;41.3358;174.5;297.9;300.0;177.7
221.5;0.4061;0.3942;-0.1214;-0.0954;60;54;-0.0049;42.0611;-0.9695;-2.0544;41.3358;174.8;297.9;300.0;178.6
222.0;0.4084;0.3951;-0.1160;-0.1000;58;54;-0.0049;42.3053;-0.9771;-2.0764;42.1354;174.8;298.5;300.0;179.8
222.5;0.4098;0.3961;-0.1031;-0.0954;56;56;0.0831;42.5038;-0.9847;-2.0764;42.1354;174.8;298.5;300.0;178.9
223.0;0.4112;0.3974;-0.1153;-0.0954;56;54;-0.0831;42.7023;-0.9924;-2.0764;42.1354;174.5;298.5;300.0;178.9
223.5;0.4121;0.3984;-0.1145;-0.0901;56;56;0.0831;42.9084;-1.0000;-2.0764;42.1354;174.2;297.9;300.0;178.3
224.0;0.4130;0.3993;-0.1038;-0.0855;54;56;0.0831;43.1069;-1.0076;-2.0764;42.9350;174.2;297.4;300.0;177.7
224.5;0.4139;0.4002;-0.1031;-0.1000;60;52;-0.0831;43.3053;-1.0153;-2.0764;42.9350;173.6;297.4;300.0;179.5
225.0;0.4153;0.4011;-0.0992;-0.0901;54;58;-0.0049;43.5496;-1.0229;-2.0764;42.9350;174.8;296.8;300.0;178.6
225.5;0.4162;0.4025;-0.1122;-0.0855;56;56;0.0831;43.7481;-1.0305;-2.0984;43.7346;173.9;296.8;300.0;177.7
226.0;0.4180;0.4034;-0.1160;-0.0954;58;54;-0.0049;43.9924;-1.0382;-2.0984;43.7346;174.2;296.8;300.0;178.9
226.5;0.4185;0.4043;-0.1244;-0.0954;56;56;-0.0049;44.1527;-1.0458;-2.0984;43.7346;173.3;297.4;300.0;178.3
227.0;0.4190;0.4052;-0.1305;-0.0855;54;58;0.0831;44.3511;-1.0534;-2.0984;43.7346;174.8;297.9;300.0;177.7
227.5;0.4203;0.4061;-0.1206;-0.0855;56;56;-0.0049;44.5954;-1.0611;-2.0984;44.5343;173.9;297.9;300.0;177.4
228.0;0.4208;0.4071;-0.1038;-0.0802;56;58;-0.0049;44.7557;-1.0687;-2.0984;44.5343;173.9;298.5;300.0;177.7
228.5;0.4203;0.4084;-0.0893;-0.0855;60;58;-0.0049;44.9160;-1.0763;-2.0984;44.5343;174.5;299.1;300.0;177.7
229.0;0.4208;0.4093;-0.0611;-0.0901;62;58;-0.0049;45.1527;-1.0840;-2.0984;44.5343;174.2;299.1;300.0;178.3
229.5;0.4212;0.4103;-0.0397;-0.1000;62;58;0.0733;45.3588;-1.0916;-2.1204;45.3339;174.2;299.7;300.0;180.4
230.0;0.4217;0.4112;-0.0336;-0.0954;60;60;-0.0831;45.5573;-1.0992;-2.1204;45.3339;173.9;299.7;300.0;178.9
230.5;0.4226;0.4121;-0.0313;-0.0901;60;60;-0.0049;45.7939;-1.1069;-2.1204;45.3339;173.9;300.0;300.0;178.6
231.0;0.4240;0.4135;-0.0374;-0.1000;64;58;0.0733;46.0000;-1.1145;-2.1204;45.3339;173.6;299.7;300.0;179.5
231.5;0.4254;0.4144;-0.0321;-0.0901;60;62;-0.0049;46.2366;-1.1221;-2.1204;46.1335;174.2;299.1;300.0;178.6
232.0;0.4272;0.4153;-0.0412;-0.0901;60;58;-0.0049;46.4809;-1.1298;-2.1204;46.1335;174.2;298.5;300.0;178.6
232.5;0.4290;0.4162;-0.0420;-0.0901;58;58;-0.0049;46.7176;-1.1374;-2.1204;46.1335;174.8;298.5;300.0;178.3
233.0;0.4295;0.4171;-0.0588;-0.0901;58;58;-0.0049;46.8855;-1.1450;-2.1204;46.1335;174.2;297.9;300.0;178.3
233.5;0.4309;0.4185;-0.0756;-0.0901;58;58;-0.0049;47.1221;-1.1527;-2.1204;46.9331;174.2;297.4;300.0;178.3
234.0;0.4322;0.4194;-0.0740;-0.0855;58;58;-0.0049;47.3664;-1.1603;-2.1204;46.9331;173.9;297.4;300.0;177.4
234.5;0.4336;0.4203;-0.0786;-0.0802;56;58;0.0831;47.5649;-1.1679;-2.1204;46.9331;175.1;297.9;300.0;177.7
235.0;0.4350;0.4212;-0.0656;-0.1000;62;52;-0.0049;47.8092;-1.1756;-2.1204;47.7327;174.2;298.5;300.0;179.8
235.5;0.4359;0.4222;-0.0634;-0.0855;56;60;-0.0831;48.0076;-1.1832;-2.1204;47.7327;175.4;297.9;300.0;178.6
236.0;0.4368;0.4231;-0.0504;-0.0901;60;56;0.0733;48.2061;-1.1908;-2.1204;47.7327;174.2;297.4;300.0;178.3
236.5;0.4377;0.4245;-0.0397;-0.0802;56;58;-0.0049;48.4504;-1.2061;-2.1204;47.7327;175.4;296.8;300.0;177.7
237.0;0.4391;0.4254;-0.0214;-0.1000;62;52;-0.0049;48.6870;-1.2137;-2.1423;48.5323;174.2;297.4;300.0;179.8
237.5;0.4409;0.4263;-0.0168;-0.1107;60;54;-0.0049;48.9313;-1.2214;-2.1423;48.5323;174.2;297.4;300.0;182.1
238.0;0.4414;0.4272;-0.0145;-0.1000;56;58;-0.0049;49.0916;-1.2290;-2.1423;48.5323;174.8;297.9;300.0;179.8
238.5;0.4423;0.4281;-0.0229;-0.0954;58;58;-0.0049;49.3282;-1.2366;-2.1423;49.3319;174.8;297.9;300.0;178.9
239.0;0.4432;0.4295;-0.0389;-0.0901;58;58;-0.0049;49.5725;-1.2443;-2.1423;49.3319;174.2;297.9;300.0;178.3
239.5;0.4441;0.4304;-0.0504;-0.0901;58;58;0.0733;49.7710;-1.2519;-2.1423;49.3319;173.9;297.9;300.0;178.6
240.0;0.4441;0.4313;-0.0779;-0.0901;60;58;-0.0049;49.9313;-1.2595;-2.1423;49.3319;174.2;297.9;300.0;178.3
240.5;0.4437;0.4322;-0.0794;-0.0954;62;60;-0.0831;50.1374;-1.2672;-2.1423;50.1315;173.6;297.9;300.0;178.3
241.0;0.4441;0.4332;-0.0939;-0.0855;60;62;-0.0049;50.3740;-1.2748;-2.1423;50.1315;174.2;298.5;300.0;177.7
241.5;0.4441;0.4341;-0.0809;-0.0901;64;60;0.0831;50.5802;-1.2824;-2.1423;50.1315;174.2;298.5;300.0;178.6
242.0;0.4451;0.4354;-0.0779;-0.0954;64;60;-0.0049;50.8168;-1.2901;-2.1423;50.1315;174.2;299.1;300.0;179.5
242.5;0.4464;0.4364;-0.0626;-0.0954;62;62;-0.0049;51.0611;-1.2977;-2.1423;50.9311;173.9;299.1;300.0;178.9
243.0;0.4478;0.4373;-0.0618;-0.0901;62;62;-0.0049;51.2977;-1.3053;-2.1423;50.9311;173.9;299.1;300.0;178.6
243.5;0.4492;0.4382;-0.0641;-0.0901;62;60;-0.0049;51.5420;-1.3206;-2.1423;50.9311;173.6;297.9;300.0;177.7
244.0;0.4501;0.4391;-0.0664;-0.0855;60;62;0.0733;51.7405;-1.3282;-2.1643;51.7307;173.9;297.9;300.0;177.7
244.5;0.4505;0.4405;-0.0710;-0.1000;65;58;-0.0831;51.9389;-1.3359;-2.1643;51.7307;174.5;297.9;300.0;179.8
245.0;0.4510;0.4414;-0.0588;-0.0901;62;62;-0.0831;52.1450;-1.3435;-2.1643;51.7307;174.8;297.9;300.0;178.6
245.5;0.4510;0.4423;-0.0763;-0.0901;64;62;0.0733;52.3435;-1.3511;-2.1643;51.7307;174.2;298.5;300.0;178.3
246.0;0.4505;0.4432;-0.0763;-0.0901;65;64;0.0733;52.5420;-1.3588;-2.1643;52.5304;174.8;297.9;300.0;178.3
246.5;0.4505;0.4441;-0.0786;-0.0855;65;65;0.0733;52.7481;-1.3664;-2.1643;52.5304;174.2;297.9;300.0;177.7
247.0;0.4510;0.4451;-0.0718;-0.0855;65;65;-0.0049;52.9847;-1.3740;-2.1643;52.5304;174.5;297.9;300.0;177.4
247.5;0.4515;0.4464;-0.0779;-0.0855;67;65;-0.0049;53.2290;-1.3817;-2.1643;52.5304;173.9;297.4;300.0;177.7
248.0;0.4528;0.4473;-0.0771;-0.0855;65;65;-0.0049;53.4656;-1.3893;-2.1643;53.3300;174.5;297.4;300.0;177.7
248.5;0.4538;0.4483;-0.0702;-0.0855;65;65;-0.0049;53.7099;-1.3969;-2.1643;53.3300;174.2;296.2;300.0;177.4
249.0;0.4556;0.4492;-0.0748;-0.0954;67;62;-0.0049;53.9542;-1.4122;-2.1863;53.3300;174.8;295.6;300.0;178.9
249.5;0.4570;0.4501;-0.0687;-0.0901;64;64;-0.0049;54.1908;-1.4198;-2.1863;54.1296;174.8;295.6;300.0;178.3
250.0;0.4579;0.4515;-0.0679;-0.0954;65;62;0.0733;54.3893;-1.4275;-2.1863;54.1296;174.8;295.6;300.0;179.5
250.5;0.4592;0.4524;-0.0740;-0.0954;64;62;-0.0831;54.6718;-1.4351;-2.1863;54.1296;175.1;296.2;300.0;178.9
251.0;0.4602;0.4533;-0.0908;-0.0855;62;65;0.0831;54.8779;-1.4427;-2.1863;54.1296;174.8;296.2;300.0;178.6
251.5;0.4615;0.4542;-0.0687;-0.0855;64;62;-0.0049;55.1145;-1.4504;-2.1863;54.9292;175.4;297.4;300.0;178.3
252.0;0.4629;0.4551;-0.0817;-0.0855;62;62;-0.0049;55.3588;-1.4580;-2.1863;54.9292;174.2;297.4;300.0;177.7
252.5;0.4638;0.4560;-0.1023;-0.0855;62;62;-0.0049;55.5954;-1.4733;-2.1863;54.9292;174.5;297.4;300.0;177.4
253.0;0.4652;0.4574;-0.1069;-0.0855;62;62;-0.0049;55.8397;-1.4809;-2.1863;55.7288;173.9;297.4;300.0;177.4
253.5;0.4661;0.4583;-0.1115;-0.0855;62;62;0.0831;56.0382;-1.4885;-2.2083;55.7288;174.5;297.4;300.0;177.1
254.0;0.4661;0.4592;-0.1076;-0.0855;64;64;0.0831;56.2366;-1.4962;-2.2083;55.7288;174.2;297.9;300.0;177.1
254.5;0.4666;0.4602;-0.1084;-0.0802;64;65;-0.0049;56.4809;-1.5038;-2.2083;55.7288;175.1;298.5;300.0;177.1
255.0;0.4675;0.4611;-0.1000;-0.0802;64;64;-0.0049;56.7252;-1.5114;-2.2083;56.5284;175.1;298.5;300.0;177.4
255.5;0.4679;0.4625;-0.0992;-0.0802;65;65;-0.0831;56.9237;-1.5191;-2.2083;56.5284;175.1;298.5;300.0;177.7
256.0;0.4684;0.4634;-0.0908;-0.0855;67;64;-0.0049;57.1603;-1.5344;-2.2083;56.5284;174.2;297.4;300.0;177.4
256.5;0.4693;0.4643;-0.0786;-0.0901;67;64;-0.0049;57.4046;-1.5420;-2.2083;57.3280;175.4;296.8;300.0;178.9
257.0;0.4707;0.4652;-0.0626;-0.0901;65;65;0.0733;57.6870;-1.5496;-2.2083;57.3280;175.7;296.2;300.0;178.9
257.5;0.4721;0.4661;-0.0328;-0.0855;64;65;-0.0049;57.9237;-1.5573;-2.2083;57.3280;176.0;295.6;300.0;178.9
258.0;0.4739;0.4675;-0.0321;-0.0802;64;64;-0.0049;58.1679;-1.5725;-2.2083;58.1276;175.4;295.6;300.0;177.7
258.5;0.4748;0.4684;-0.0382;-0.0802;64;64;-0.0049;58.4046;-1.5802;-2.2083;58.1276;175.4;295.0;300.0;177.7
259.0;0.4762;0.4693;-0.0427;-0.0855;65;62;-0.0049;58.6489;-1.5878;-2.2302;58.1276;174.2;295.0;300.0;177.1
259.5;0.4780;0.4702;-0.0427;-0.0802;62;64;0.0733;58.9313;-1.5954;-2.2302;58.9272;174.2;294.4;300.0;176.5
260.0;0.4799;0.4712;-0.0595;-0.0855;64;60;-0.0049;59.1679;-1.6107;-2.2302;58.9272;173.6;294.4;300.0;176.2
260.5;0.4812;0.4721;-0.0687;-0.0855;62;62;-0.0049;59.4122;-1.6183;-2.2302;58.9272;174.2;294.4;300.0;177.7
261.0;0.4826;0.4734;-0.0771;-0.0802;62;62;0.0831;59.6947;-1.6260;-2.2302;58.9272;175.4;293.8;300.0;177.4
261.5;0.4831;0.4744;-0.0863;-0.0802;64;62;-0.0831;59.8931;-1.6336;-2.2302;59.7268;175.1;293.8;300.0;177.1
262.0;0.4840;0.4753;-0.0771;-0.0901;65;60;0.0733;60.1756;-1.6489;-2.2302;59.7268;175.7;294.4;300.0;178.3
262.5;0.4853;0.4762;-0.0748;-0.0855;62;62;-0.0049;60.4198;-1.6565;-2.2302;59.7268;174.8;294.4;300.0;177.7
263.0;0.4863;0.4771;-0.0634;-0.0756;62;64;-0.0049;60.6565;-1.6641;-2.2302;60.5265;176.0;295.0;300.0;177.4
263.5;0.4876;0.4785;-0.0725;-0.0802;64;60;-0.0049;60.9008;-1.6718;-2.2302;60.5265;175.1;295.0;300.0;177.4
264.0;0.4890;0.4794;-0.0802;-0.0802;62;62;0.0831;61.1756;-1.6870;-2.2302;60.5265;175.4;295.6;300.0;177.1
264.5;0.4904;0.4803;-0.0809;-0.0855;62;60;-0.0049;61.4198;-1.6947;-2.2522;61.3261;174.2;295.0;300.0;177.1
265.0;0.4913;0.4812;-0.0763;-0.0855;62;62;-0.0049;61.6641;-1.7023;-2.2522;61.3261;175.4;295.0;300.0;178.3
265.5;0.4927;0.4821;-0.0710;-0.0802;62;62;-0.0049;61.9008;-1.7176;-2.2522;61.3261;175.4;295.6;300.0;177.7
266.0;0.4936;0.4831;-0.0916;-0.0855;64;62;-0.0049;62.1450;-1.7252;-2.2522;62.1257;175.7;295.6;300.0;178.3
266.5;0.4950;0.4844;-0.0893;-0.0855;62;62;0.0831;62.4275;-1.7328;-2.2522;62.1257;175.4;296.2;300.0;177.4
267.0;0.4959;0.4853;-0.0977;-0.0802;62;64;-0.0049;62.6641;-1.7405;-2.2522;62.1257;175.1;296.2;300.0;177.4
267.5;0.4968;0.4863;-0.0756;-0.0855;64;60;-0.0049;62.9084;-1.7557;-2.2522;62.9253;174.5;295.0;300.0;177.1
268.0;0.4977;0.4872;-0.0802;-0.0855;62;62;-0.0049;63.1450;-1.7634;-2.2522;62.9253;174.2;294.4;300.0;177.1
268.5;0.4986;0.4881;-0.0527;-0.0855;64;62;-0.0049;63.3893;-1.7710;-2.2522;62.9253;173.6;293.3;300.0;176.5
269.0;0.4991;0.4895;-0.0702;-0.0802;64;64;-0.0049;63.6260;-1.7786;-2.2522;62.9253;173.9;293.8;300.0;176.2
269.5;0.5014;0.4904;-0.0557;-0.0855;64;62;-0.0049;63.9466;-1.7939;-2.2742;63.7249;173.6;293.8;300.0;176.2
270.0;0.5027;0.4913;-0.0603;-0.0802;62;62;-0.0049;64.1908;-1.8015;-2.2742;63.7249;174.2;293.8;300.0;176.5
270.5;0.5037;0.4922;-0.0435;-0.0802;62;62;-0.0049;64.4351;-1.8168;-2.2742;63.7249;174.2;293.8;300.0;176.5
271.0;0.5055;0.4931;-0.0359;-0.0802;64;60;-0.0831;64.7099;-1.8244;-2.2742;64.5245;174.8;293.3;300.0;176.5
271.5;0.5064;0.4940;-0.0336;-0.0802;62;60;0.1613;64.9542;-1.8321;-2.2742;64.5245;173.9;293.3;300.0;176.2
272.0;0.5073;0.4954;-0.0282;-0.0802;62;60;-0.0049;65.1985;-1.8473;-2.2742;64.5245;174.2;293.3;300.0;176.5
272.5;0.5082;0.4963;-0.0267;-0.0855;64;60;-0.0049;65.4351;-1.8550;-2.2742;65.3241;173.6;292.7;300.0;176.2
273.0;0.5078;0.4973;0.0092;-0.0802;64;62;-0.0831;65.6336;-1.8626;-2.2742;65.3241;174.2;292.7;300.0;176.2
273.5;0.5078;0.4982;0.0176;-0.0802;65;64;-0.0049;65.8779;-1.8702;-2.2742;65.3241;174.5;292.1;300.0;176.2
274.0;0.5078;0.4991;0.0351;-0.0802;67;64;-0.0049;66.1221;-1.8779;-2.2742;66.1237;174.5;290.9;300.0;176.5
274.5;0.5087;0.5005;0.0305;-0.0802;67;64;0.0733;66.3969;-1.8931;-2.2742;66.1237;174.8;290.9;300.0;176.5
275.0;0.5101;0.5014;0.0267;-0.0855;67;62;-0.0831;66.6794;-1.9008;-2.2742;66.1237;173.6;290.3;300.0;176.5
275.5;0.5110;0.5023;0.0260;-0.0802;65;64;-0.0049;66.9237;-1.9084;-2.2742;66.9233;173.9;290.9;300.0;176.5
276.0;0.5114;0.5032;0.0267;-0.0855;67;62;-0.0049;67.1603;-1.9237;-2.2742;66.9233;173.6;291.5;300.0;176.5
276.5;0.5124;0.5041;0.0237;-0.0802;67;65;-0.0049;67.4046;-1.9313;-2.2742;66.9233;174.2;292.1;300.0;176.5
277.0;0.5133;0.5055;0.0214;-0.0855;69;64;-0.0831;67.6870;-1.9389;-2.2742;66.9233;173.6;292.7;300.0;176.5
277.5;0.5137;0.5064;0.0298;-0.0855;67;64;-0.0049;67.9237;-1.9542;-2.2742;67.7229;173.9;292.7;300.0;177.1
278.0;0.5151;0.5073;0.0473;-0.0901;69;64;0.0733;68.2061;-1.9618;-2.2522;67.7229;174.5;293.3;300.0;177.4
278.5;0.5160;0.5082;0.0840;-0.0901;69;64;-0.0049;68.4504;-1.9695;-2.2522;67.7229;174.2;293.3;300.0;178.3
279.0;0.5165;0.5092;0.1038;-0.0855;67;65;-0.0049;68.6870;-1.9847;-2.2522;68.5226;174.8;293.8;300.0;177.4
279.5;0.5169;0.5101;0.1305;-0.0855;69;64;-0.0049;68.9313;-1.9924;-2.2522;68.5226;174.8;293.8;300.0;177.4
280.0;0.5179;0.5114;0.1366;-0.0855;71;64;-0.0929;69.2137;-2.0000;-2.2522;68.5226;173.9;293.8;300.0;177.1
280.5;0.5183;0.5124;0.1359;-0.0901;71;64;-0.0049;69.4504;-2.0076;-2.2522;69.3222;173.6;292.7;300.0;177.4
281.0;0.5201;0.5133;0.1206;-0.0901;69;64;-0.0049;69.7710;-2.0229;-2.2522;69.3222;173.3;292.7;300.0;177.1
281.5;0.5215;0.5142;0.1092;-0.0802;67;65;-0.0049;70.0153;-2.0305;-2.2302;69.3222;174.8;292.7;300.0;176.5
282.0;0.5229;0.5151;0.0870;-0.0802;67;64;0.0733;70.2977;-2.0458;-2.2302;70.1218;173.9;292.7;300.0;176.5
282.5;0.5243;0.5165;0.0626;-0.0855;69;62;-0.0831;70.5802;-2.0534;-2.2302;70.1218;174.2;292.7;300.0;177.7
283.0;0.5256;0.5174;0.0725;-0.0855;67;62;-0.0049;70.8168;-2.0611;-2.2302;70.1218;174.8;292.1;300.0;177.1
283.5;0.5275;0.5183;0.0511;-0.0855;67;62;-0.0049;71.1374;-2.0763;-2.2302;70.9214;174.5;292.1;300.0;177.1
284.0;0.5288;0.5192;0.0603;-0.0802;65;62;-0.0049;71.3817;-2.0840;-2.2302;70.9214;174.8;292.1;300.0;176.5
284.5;0.5302;0.5201;0.0573;-0.0855;67;60;-0.0831;71.6641;-2.0992;-2.2302;70.9214;173.3;292.7;300.0;177.4
285.0;0.5316;0.5211;0.0595;-0.0855;65;60;0.0733;71.9389;-2.1069;-2.2302;71.7210;173.6;292.1;300.0;176.5
285.5;0.5334;0.5224;0.0405;-0.0901;65;58;-0.0831;72.2214;-2.1221;-2.2302;71.7210;173.6;292.1;300.0;177.1
286.0;0.5343;0.5234;0.0412;-0.0901;65;60;-0.0049;72.4657;-2.1298;-2.2302;71.7210;173.9;292.1;300.0;178.3
286.5;0.5357;0.5243;0.0366;-0.0901;65;60;0.0733;72.7481;-2.1374;-2.2302;72.5206;174.8;292.1;300.0;178.3
287.0;0.5366;0.5252;0.0443;-0.0802;64;62;-0.0831;73.0229;-2.1527;-2.2302;72.5206;175.1;292.7;300.0;177.4
287.5;0.5375;0.5261;0.0420;-0.0855;65;60;-0.0049;73.2672;-2.1603;-2.2302;72.5206;173.9;292.7;300.0;177.7
288.0;0.5385;0.5275;0.0244;-0.0954;67;58;-0.0831;73.5496;-2.1679;-2.2083;73.3202;174.5;293.3;300.0;178.9
288.5;0.5398;0.5284;0.0397;-0.0954;65;60;0.0733;73.8321;-2.1832;-2.2083;73.3202;173.6;293.3;300.0;178.3
289.0;0.5412;0.5293;0.0229;-0.0901;65;62;-0.0831;74.1145;-2.1908;-2.2083;74.1198;173.6;294.4;300.0;177.7
289.5;0.5426;0.5302;0.0328;-0.0901;65;60;-0.0831;74.3893;-2.1985;-2.2083;74.1198;173.0;294.4;300.0;177.7
290.0;0.5440;0.5311;0.0160;-0.0901;65;60;0.0733;74.6718;-2.2137;-2.2083;74.1198;173.3;294.4;300.0;177.7
290.5;0.5453;0.5321;0.0145;-0.0855;64;60;-0.0831;74.9542;-2.2214;-2.2083;74.9194;173.9;295.0;300.0;177.7
291.0;0.5462;0.5334;0.0038;-0.0901;65;60;-0.0049;75.1985;-2.2366;-2.2083;74.9194;173.6;295.0;300.0;177.7
291.5;0.5476;0.5343;0.0084;-0.0954;65;60;-0.0049;75.5191;-2.2443;-2.2083;74.9194;172.4;295.0;300.0;177.4
292.0;0.5485;0.5353;0.0153;-0.0901;64;62;-0.0049;75.7557;-2.2519;-2.2083;75.7190;173.0;295.0;300.0;177.1
292.5;0.5485;0.5362;0.0183;-0.0954;67;60;-0.0049;76.0000;-2.2672;-2.2083;75.7190;172.4;295.0;300.0;177.1
293.0;0.5495;0.5371;0.0298;-0.0954;67;62;-0.0831;76.2824;-2.2748;-2.2083;75.7190;173.0;294.4;300.0;178.6
293.5;0.5495;0.5385;0.0336;-0.0954;69;62;-0.0049;76.5191;-2.2824;-2.2083;76.5187;173.6;294.4;300.0;178.3
294.0;0.5499;0.5394;0.0466;-0.0901;69;64;-0.0831;76.8015;-2.2977;-2.2083;76.5187;173.6;293.8;300.0;177.7
294.5;0.5508;0.5403;0.0229;-0.0901;69;64;-0.0049;77.1221;-2.3053;-2.2083;76.5187;173.0;294.4;300.0;177.4
295.0;0.5508;0.5412;0.0237;-0.1000;71;62;-0.0049;77.3664;-2.3130;-2.2083;77.3183;173.6;294.4;300.0;178.9
295.5;0.5513;0.5421;0.0076;-0.0954;69;65;-0.0831;77.6412;-2.3282;-2.2083;77.3183;173.0;295.0;300.0;178.3
296.0;0.5513;0.5430;0.0107;-0.0954;71;65;-0.0831;77.9237;-2.3359;-2.2083;77.3183;173.3;295.0;300.0;178.3
296.5;0.5517;0.5444;0.0053;-0.0954;71;67;0.0733;78.2061;-2.3511;-2.2083;78.1179;173.6;295.0;300.0;178.3
297.0;0.5522;0.5453;-0.0015;-0.1000;73;65;-0.0831;78.4885;-2.3588;-2.2083;78.1179;172.7;295.6;300.0;178.6
297.5;0.5527;0.5462;-0.0084;-0.0901;71;69;-0.0049;78.7328;-2.3664;-2.2083;78.1179;173.0;295.0;300.0;177.7
298.0;0.5536;0.5472;-0.0290;-0.0901;73;67;-0.0049;79.0534;-2.3817;-2.2083;78.9175;173.6;295.0;300.0;177.7
298.5;0.5540;0.5481;-0.0397;-0.0901;71;67;-0.0049;79.2901;-2.3893;-2.2083;78.9175;173.6;295.0;300.0;177.4
299.0;0.5545;0.5495;-0.0573;-0.0954;73;67;-0.0831;79.5725;-2.4046;-2.2083;78.9175;173.0;295.6;300.0;178.3
299.5;0.5554;0.5504;-0.0450;-0.0901;71;69;-0.0831;79.8550;-2.4122;-2.2083;79.7171;173.3;296.8;300.0;177.7
300.0;0.5563;0.5513;-0.0321;-0.0901;73;67;0.0733;80.1374;-2.4198;-2.2083;79.7171;173.0;296.8;300.0;177.7
300.5;0.5572;0.5522;-0.0130;-0.0901;73;67;-0.0831;80.4122;-2.4351;-2.2083;79.7171;173.0;297.4;300.0;177.7
301.0;0.5591;0.5531;-0.0084;-0.0954;73;65;-0.0049;80.7405;-2.4427;-2.2083;80.5167;172.4;297.9;300.0;177.4
301.5;0.5595;0.5545;0.0000;-0.1053;75;65;-0.0049;80.9771;-2.4580;-2.2083;80.5167;172.7;298.5;300.0;179.5
302.0;0.5604;0.5554;0.0069;-0.1000;71;67;-0.0831;81.2595;-2.4656;-2.2083;80.5167;172.7;299.1;300.0;178.3
302.5;0.5623;0.5563;0.0115;-0.0901;71;67;-0.0049;81.5802;-2.4809;-2.2083;81.3163;173.3;299.7;300.0;177.7
303.0;0.5627;0.5572;0.0137;-0.0954;73;65;-0.0049;81.8244;-2.4885;-2.2083;81.3163;172.4;300.0;300.0;177.4
303.5;0.5646;0.5582;-0.0137;-0.0901;71;67;-0.0049;82.1450;-2.5038;-2.2083;82.1159;173.0;300.0;300.0;177.7
304.0;0.5655;0.5591;-0.0282;-0.0901;71;65;-0.0831;82.4275;-2.5114;-2.2083;82.1159;173.3;300.0;300.0;177.4
304.5;0.5659;0.5604;-0.0664;-0.0901;71;67;-0.0049;82.6641;-2.5191;-2.2083;82.1159;173.6;300.0;300.0;177.4
305.0;0.5673;0.5614;-0.0908;-0.0901;71;67;-0.0049;82.9847;-2.5344;-2.2302;82.9155;173.6;300.0;300.0;177.4
305.5;0.5682;0.5623;-0.1031;-0.0901;71;67;-0.0831;83.2672;-2.5420;-2.2302;82.9155;174.2;300.0;300.0;178.3
306.0;0.5701;0.5632;-0.1313;-0.0901;69;67;-0.0049;83.5878;-2.5573;-2.2302;82.9155;173.6;300.0;300.0;177.7
306.5;0.5705;0.5641;-0.1427;-0.0901;69;67;0.0049;83.8321;-2.5649;-2.2302;83.7151;173.6;300.0;300.0;177.7
307.0;0.5719;0.5655;-0.1672;-0.0901;69;67;0.0049;84.1527;-2.5802;-2.2302;83.7151;173.0;300.0;300.0;177.7
307.5;0.5733;0.5664;-0.1550;-0.0901;69;67;-0.0831;84.4351;-2.5878;-2.2302;83.7151;173.0;300.0;300.0;177.7
308.0;0.5742;0.5673;-0.1656;-0.0901;69;65;-0.0831;84.7099;-2.6031;-2.2522;84.5147;173.6;300.0;300.0;177.4
308.5;0.5751;0.5682;-0.1351;-0.0855;69;67;0.0831;84.9924;-2.6107;-2.2522;84.5147;174.2;300.0;300.0;177.7
309.0;0.5751;0.5691;-0.1305;-0.0954;73;65;-0.0049;85.2366;-2.6183;-2.2522;84.5147;175.1;300.0;300.0;179.8
309.5;0.5755;0.5701;-0.1145;-0.0954;71;67;-0.0049;85.5573;-2.6336;-2.2522;85.3144;173.9;300.0;300.0;178.9
310.0;0.5765;0.5714;-0.1069;-0.0901;71;69;-0.0831;85.8397;-2.6412;-2.2522;85.3144;173.6;300.0;300.0;177.7
310.5;0.5774;0.5723;-0.0924;-0.0954;73;67;0.0831;86.1221;-2.6565;-2.2522;86.1140;172.4;300.0;300.0;177.4
311.0;0.5788;0.5733;-0.0763;-0.0901;71;69;-0.0049;86.4427;-2.6641;-2.2742;86.1140;174.8;300.0;300.0;178.3
311.5;0.5797;0.5742;-0.0725;-0.0901;71;67;-0.0831;86.7176;-2.6794;-2.2742;86.1140;173.6;300.0;300.0;177.7
312.0;0.5815;0.5751;-0.0733;-0.0855;71;69;-0.0049;87.0458;-2.6947;-2.2742;86.9136;173.9;300.0;300.0;177.7
312.5;0.5820;0.5765;-0.0840;-0.0901;73;67;-0.0049;87.3664;-2.7023;-2.2742;86.9136;173.3;300.0;300.0;177.7
313.0;0.5815;0.5774;-0.0718;-0.0901;73;69;-0.0049;87.6031;-2.7099;-2.2742;86.9136;173.6;300.0;300.0;177.7
313.5;0.5824;0.5783;-0.0840;-0.0901;73;71;-0.0049;87.9237;-2.7252;-2.2742;87.7132;173.3;300.0;300.0;177.7
314.0;0.5829;0.5792;-0.0496;-0.1053;77;67;-0.0831;88.2061;-2.7405;-2.2742;87.7132;173.3;300.0;300.0;179.8
314.5;0.5838;0.5801;-0.0344;-0.0954;73;71;-0.0049;88.5267;-2.7481;-2.2742;88.5128;173.3;300.0;300.0;178.6
315.0;0.5856;0.5810;-0.0313;-0.0901;73;69;-0.0049;88.8473;-2.7634;-2.2742;88.5128;174.5;300.0;300.0;178.6
315.5;0.5861;0.5824;-0.0595;-0.0954;75;69;-0.0049;89.0916;-2.7710;-2.2742;88.5128;173.6;300.0;300.0;178.6
316.0;0.5870;0.5833;-0.0824;-0.0901;73;71;-0.0049;89.4122;-2.7863;-2.2742;89.3124;173.9;300.0;300.0;178.3
316.5;0.5888;0.5842;-0.1092;-0.0901;73;69;-0.0049;89.7328;-2.7939;-2.2742;89.3124;173.0;300.0;300.0;177.4
317.0;0.5907;0.5852;-0.1412;-0.0901;71;69;-0.0049;90.0534;-2.8092;-2.2962;89.3124;173.3;300.0;300.0;177.4
317.5;0.5916;0.5861;-0.1763;-0.0901;71;69;-0.0831;90.3359;-2.8244;-2.2962;90.1120;173.0;300.0;300.0;177.4
318.0;0.5920;0.5875;-0.2061;-0.0901;71;71;0.0049;90.5725;-2.8321;-2.2962;90.1120;173.6;300.0;300.0;177.7
318.5;0.5929;0.5884;-0.1756;-0.0901;71;71;0.0049;90.9008;-2.8473;-2.2962;90.9116;173.6;300.0;300.0;177.4
319.0;0.5934;0.5893;-0.1832;-0.0901;73;71;-0.0831;91.1756;-2.8550;-2.3181;90.9116;173.3;300.0;300.0;177.7
319.5;0.5943;0.5902;-0.1374;-0.0855;71;71;-0.0049;91.4962;-2.8702;-2.3181;90.9116;174.2;300.0;300.0;177.7
320.0;0.5952;0.5911;-0.1298;-0.0901;73;69;0.0831;91.7786;-2.8779;-2.3181;91.7112;173.6;300.0;300.0;177.7
320.5;0.5957;0.5925;-0.1107;-0.0855;73;71;-0.0831;92.0611;-2.8931;-2.3181;91.7112;173.9;300.0;300.0;177.4
321.0;0.5966;0.5934;-0.1198;-0.1000;77;67;-0.0049;92.3817;-2.9008;-2.3181;91.7112;173.6;300.0;300.0;179.5
321.5;0.5984;0.5943;-0.1069;-0.0901;71;71;-0.0049;92.7023;-2.9160;-2.3181;92.5108;174.2;300.0;300.0;178.6
322.0;0.5994;0.5952;-0.1031;-0.0954;75;69;-0.0831;92.9847;-2.9313;-2.3401;92.5108;173.3;300.0;300.0;178.6
322.5;0.6007;0.5962;-0.1176;-0.0954;73;69;-0.0049;93.3053;-2.9389;-2.3401;93.3105;173.6;300.0;300.0;178.3
323.0;0.6021;0.5971;-0.1321;-0.0954;73;69;-0.0049;93.6260;-2.9542;-2.3401;93.3105;173.6;300.0;300.0;179.5
323.5;0.6026;0.5984;-0.1511;-0.0855;71;73;-0.0831;93.9084;-2.9618;-2.3401;93.3105;176.0;300.0;300.0;178.9
324.0;0.6026;0.5994;-0.1511;-0.0855;73;73;0.0831;94.1908;-2.9771;-2.3401;94.1101;174.2;300.0;300.0;177.4
324.5;0.6035;0.6003;-0.1626;-0.0901;75;71;0.0049;94.5115;-2.9924;-2.3401;94.1101;174.8;300.0;300.0;178.3
325.0;0.6039;0.6012;-0.1489;-0.0855;73;73;-0.0831;94.7939;-3.0000;-2.3621;94.1101;174.5;300.0;300.0;177.4
325.5;0.6049;0.6021;-0.1725;-0.0855;75;73;0.0049;95.1145;-3.0153;-2.3621;94.9097;173.9;300.0;300.0;177.1
326.0;0.6053;0.6035;-0.1916;-0.0954;77;71;0.0049;95.4351;-3.0305;-2.3621;94.9097;173.3;300.0;300.0;178.3
326.5;0.6049;0.6044;-0.1924;-0.0855;75;77;0.0049;95.6794;-3.0382;-2.3621;95.7093;174.8;300.0;300.0;177.4
327.0;0.6053;0.6053;-0.1870;-0.0855;77;77;0.0049;96.0000;-3.0534;-2.3841;95.7093;174.2;300.0;300.0;177.1
327.5;0.6067;0.6062;-0.1847;-0.0855;77;75;-0.0831;96.3588;-3.0687;-2.3841;95.7093;174.8;300.0;300.0;177.1
328.0;0.6071;0.6071;-0.1962;-0.0802;77;77;0.0049;96.6031;-3.0763;-2.3841;96.5089;173.9;300.0;300.0;176.5
328.5;0.6071;0.6081;-0.2008;-0.0855;79;77;0.0831;96.8779;-3.0840;-2.3841;96.5089;174.5;300.0;300.0;177.1
329.0;0.6076;0.6094;-0.2336;-0.0802;77;79;0.0049;97.1985;-3.0992;-2.4060;96.5089;174.2;300.0;300.0;176.5
329.5;0.6085;0.6103;-0.2267;-0.0855;79;77;0.0049;97.5267;-3.1145;-2.4060;97.3085;174.5;300.0;300.0;177.7
330.0;0.6090;0.6113;-0.2076;-0.0855;79;79;0.0831;97.8015;-3.1298;-2.4060;97.3085;175.1;300.0;300.0;177.1
330.5;0.6094;0.6122;-0.2061;-0.0855;79;79;0.0049;98.1221;-3.1374;-2.4280;98.1081;175.7;300.0;300.0;178.6
331.0;0.6094;0.6131;-0.1893;-0.0802;79;79;-0.0831;98.4046;-3.1527;-2.4280;98.1081;175.4;300.0;300.0;177.4
331.5;0.6099;0.6145;-0.1817;-0.0855;81;79;0.0049;98.7252;-3.1679;-2.4280;98.1081;174.8;300.0;300.0;177.4
332.0;0.6108;0.6154;-0.1550;-0.0855;81;79;0.0049;99.0458;-3.1756;-2.4280;98.9077;174.5;300.0;300.0;177.1
332.5;0.6122;0.6163;-0.1542;-0.0855;81;79;0.0049;99.3740;-3.1908;-2.4280;98.9077;173.6;300.0;300.0;176.5
333.0;0.6136;0.6172;-0.1466;-0.0802;79;79;0.0049;99.6947;-3.2061;-2.4500;99.7073;175.1;300.0;300.0;177.4
333.5;0.6149;0.6181;-0.1351;-0.0855;81;77;-0.0049;100.0153;-3.2214;-2.4500;99.7073;174.5;300.0;300.0;177.1
334.0;0.6168;0.6190;-0.1374;-0.0802;77;77;0.0049;100.3359;-3.2366;-2.4500;99.7073;174.8;300.0;300.0;176.5
334.5;0.6172;0.6204;-0.1412;-0.0802;79;77;0.0049;100.6565;-3.2443;-2.4500;100.5069;174.2;300.0;300.0;176.2
335.0;0.6177;0.6213;-0.1496;-0.0802;79;77;-0.0831;100.9389;-3.2595;-2.4500;100.5069;174.5;300.0;300.0;176.2
335.5;0.6186;0.6223;-0.1649;-0.0802;79;77;0.0049;101.2595;-3.2748;-2.4720;101.3066;173.6;300.0;300.0;175.4
336.0;0.6190;0.6232;-0.1664;-0.0802;81;79;0.0831;101.5420;-3.2824;-2.4720;101.3066;174.2;300.0;300.0;176.0
336.5;0.6204;0.6241;-0.1641;-0.0802;81;79;-0.0831;101.9008;-3.2977;-2.4720;101.3066;173.6;300.0;300.0;175.4
337.0;0.6209;0.6255;-0.1756;-0.0802;81;79;-0.0831;102.1832;-3.3130;-2.4720;102.1062;174.8;300.0;300.0;176.0
337.5;0.6227;0.6264;-0.2000;-0.0756;79;79;0.0831;102.5420;-3.3282;-2.4720;102.1062;175.1;300.0;300.0;176.0
338.0;0.6241;0.6273;-0.2206;-0.0802;79;77;0.0049;102.8626;-3.3435;-2.4939;102.9058;174.8;300.0;300.0;176.0
338.5;0.6259;0.6282;-0.2168;-0.0802;77;77;0.0049;103.1832;-3.3588;-2.4939;102.9058;174.2;300.0;300.0;176.0
339.0;0.6277;0.6291;-0.2298;-0.0802;77;77;-0.0733;103.5496;-3.3740;-2.4939;102.9058;174.5;300.0;300.0;176.0
339.5;0.6300;0.6305;-0.2267;-0.0756;75;77;0.0049;103.8702;-3.3817;-2.5159;103.7054;174.2;300.0;300.0;175.4
340.0;0.6314;0.6314;-0.2214;-0.0855;77;73;0.0049;104.1908;-3.3969;-2.5159;103.7054;174.8;300.0;300.0;177.4
340.5;0.6332;0.6323;-0.2099;-0.0802;73;75;0.0049;104.5115;-3.4122;-2.5159;104.5050;174.5;300.0;300.0;176.5
341.0;0.6346;0.6332;-0.1977;-0.0802;75;73;0.0049;104.8321;-3.4275;-2.5159;104.5050;174.5;300.0;300.0;176.2
341.5;0.6360;0.6342;-0.2015;-0.0855;75;73;0.0049;105.1527;-3.4427;-2.5379;104.5050;174.8;300.0;300.0;177.4
342.0;0.6374;0.6351;-0.1992;-0.0802;73;75;0.0049;105.4733;-3.4580;-2.5379;105.3046;173.9;300.0;300.0;176.5
342.5;0.6392;0.6364;-0.2107;-0.0756;71;73;0.0831;105.8321;-3.4733;-2.5379;105.3046;175.4;300.0;300.0;176.0
343.0;0.6406;0.6374;-0.2061;-0.0802;73;71;0.0049;106.1527;-3.4885;-2.5599;106.1042;174.8;300.0;300.0;176.0
343.5;0.6415;0.6383;-0.2351;-0.0702;71;75;-0.0049;0.3206;0.0000;-0.0109;-0.2439;175.4;300.0;300.0;175.4
344.0;0.6424;0.6392;-0.2168;-0.0756;75;73;0.0049;0.6412;-0.0076;-0.0109;0.5557;175.7;300.0;300.0;176.0
344.5;0.6429;0.6401;-0.2275;-0.0702;73;77;0.0049;0.9618;-0.0076;-0.0328;0.5557;175.4;300.0;300.0;175.1
345.0;0.6438;0.6415;-0.2252;-0.0756;77;75;-0.0733;1.3206;-0.0076;-0.0328;0.5557;174.8;300.0;300.0;175.1
345.5;0.6447;0.6424;-0.2321;-0.0756;75;77;0.0049;1.6412;-0.0076;-0.0328;1.3553;174.8;300.0;300.0;177.7
346.0;0.6451;0.6433;-0.2015;-0.0802;79;77;0.0831;1.9237;-0.0076;-0.0328;1.3553;175.7;300.0;300.0;177.4
346.5;0.6456;0.6447;-0.1756;-0.0702;77;81;0.0049;2.2443;-0.0076;-0.0548;2.1549;176.0;300.0;300.0;176.0
347.0;0.6461;0.6456;-0.1695;-0.0702;79;79;0.0049;2.5649;-0.0076;-0.0548;2.1549;175.4;300.0;300.0;175.1
347.5;0.6465;0.6465;-0.1397;-0.0702;81;81;0.0049;2.8931;-0.0076;-0.0548;2.1549;175.4;300.0;300.0;175.1
348.0;0.6479;0.6479;-0.1534;-0.0702;81;79;-0.0831;3.2519;-0.0076;-0.0548;2.9546;174.8;300.0;300.0;174.8
348.5;0.6484;0.6488;-0.1328;-0.0802;83;77;-0.0831;3.5344;-0.0076;-0.0548;2.9546;174.8;300.0;300.0;176.5
349.0;0.6484;0.6502;-0.1344;-0.0756;83;83;-0.0831;3.8168;-0.0076;-0.0768;3.7542;174.2;300.0;300.0;175.4
349.5;0.6493;0.6511;-0.1229;-0.0756;83;81;0.0831;4.1756;-0.0076;-0.0768;3.7542;175.1;300.0;300.0;176.2
350.0;0.6506;0.6525;-0.1489;-0.0656;81;83;-0.0831;4.5344;-0.0076;-0.0768;3.7542;176.0;300.0;300.0;175.4
350.5;0.6525;0.6534;-0.1870;-0.0656;83;81;0.0049;4.8626;-0.0076;-0.0768;4.5538;176.0;300.0;300.0;175.4
351.0;0.6534;0.6548;-0.1939;-0.0702;83;81;0.0049;5.1832;-0.0076;-0.0768;4.5538;175.1;300.0;300.0;175.4
351.5;0.6552;0.6557;-0.2145;-0.0702;83;81;0.0049;5.5802;-0.0076;-0.0988;5.3534;175.4;300.0;300.0;175.1
352.0;0.6566;0.6571;-0.1969;-0.0702;83;81;0.0049;5.9008;-0.0076;-0.0988;5.3534;174.8;300.0;300.0;174.5
352.5;0.6575;0.6580;-0.1947;-0.0656;81;83;0.0049;6.2290;-0.0076;-0.0988;6.1530;175.4;300.0;300.0;174.5
353.0;0.6593;0.6593;-0.1733;-0.0603;81;81;-0.0831;6.5878;-0.0076;-0.0988;6.1530;176.0;300.0;300.0;173.9
353.5;0.6616;0.6607;-0.2053;-0.0656;81;79;0.0831;6.9466;-0.0076;-0.1207;6.9526;175.4;300.0;300.0;174.5
354.0;0.6625;0.6616;-0.1870;-0.0656;81;81;-0.0831;7.2290;-0.0076;-0.1207;6.9526;175.7;300.0;300.0;173.9
354.5;0.6644;0.6630;-0.1916;-0.0702;83;79;0.0049;7.6336;-0.0076;-0.1207;6.9526;174.8;300.0;300.0;174.5
355.0;0.6662;0.6644;-0.1786;-0.0656;79;81;0.0049;7.9542;-0.0153;-0.1207;7.7522;176.2;300.0;300.0;175.4
355.5;0.6676;0.6653;-0.1901;-0.0702;81;79;-0.0831;8.3130;-0.0153;-0.1427;7.7522;175.4;300.0;300.0;175.1
356.0;0.6685;0.6667;-0.2244;-0.0702;81;81;0.0049;8.6336;-0.0153;-0.1427;8.5518;176.0;300.0;300.0;176.0
356.5;0.6703;0.6680;-0.2313;-0.0702;81;81;-0.0733;9.0000;-0.0153;-0.1427;8.5518;175.4;300.0;300.0;175.1
357.0;0.6708;0.6694;-0.2412;-0.0656;81;83;-0.0733;9.2824;-0.0153;-0.1647;8.5518;175.4;300.0;300.0;174.5
357.5;0.6717;0.6708;-0.2122;-0.0702;87;81;-0.0733;9.6412;-0.0153;-0.1647;9.3514;174.8;300.0;300.0;173.9
358.0;0.6740;0.6717;-0.2450;-0.0603;81;85;0.0049;10.0458;-0.0153;-0.1647;9.3514;175.1;300.0;300.0;173.6
358.5;0.6749;0.6731;-0.2382;-0.0656;83;83;0.0831;10.3282;-0.0153;-0.1867;10.1510;174.8;300.0;300.0;173.6
359.0;0.6763;0.6745;-0.2649;-0.0603;83;85;-0.0733;10.6870;-0.0153;-0.1867;10.1510;175.4;300.0;300.0;173.6
359.5;0.6790;0.6758;-0.2359;-0.0656;83;81;0.0049;11.0916;-0.0229;-0.1867;10.9506;174.8;300.0;300.0;173.6
360.0;0.6809;0.6772;-0.2115;-0.0603;81;83;0.0049;11.4122;-0.0229;-0.1867;10.9506;176.0;300.0;300.0;173.9
360.5;0.6818;0.6786;-0.1702;-0.0603;83;81;0.0049;11.7328;-0.0229;-0.2086;10.9506;175.4;300.0;300.0;173.0
361.0;0.6836;0.6799;-0.1473;-0.0603;83;81;-0.0831;12.0916;-0.0229;-0.2086;11.7503;175.4;300.0;300.0;173.3
361.5;0.6859;0.6813;-0.1443;-0.0656;83;79;0.0049;12.4962;-0.0229;-0.2086;11.7503;174.5;300.0;300.0;173.3
362.0;0.6877;0.6827;-0.0885;-0.0656;83;79;-0.0049;12.8168;-0.0229;-0.2086;12.5499;175.4;300.0;300.0;174.8
362.5;0.6905;0.6841;-0.1031;-0.0656;81;79;-0.0049;13.2214;-0.0305;-0.2086;12.5499;175.7;300.0;300.0;173.9
363.0;0.6932;0.6854;-0.0672;-0.0656;81;77;-0.0831;13.5802;-0.0305;-0.2086;13.3495;176.5;300.0;300.0;175.1
363.5;0.6946;0.6868;-0.0954;-0.0656;81;79;-0.0049;13.9008;-0.0305;-0.2306;13.3495;175.7;300.0;300.0;174.5
364.0;0.6955;0.6882;-0.1336;-0.0656;81;79;0.0831;14.2672;-0.0305;-0.2306;14.1491;175.1;300.0;300.0;173.9
364.5;0.6973;0.6896;-0.1687;-0.0603;81;81;-0.0831;14.6260;-0.0305;-0.2306;14.1491;175.4;300.0;300.0;173.6
365.0;0.6987;0.6914;-0.1725;-0.0656;83;79;0.0049;15.0305;-0.0305;-0.2306;14.9487;174.8;300.0;300.0;173.6
365.5;0.6996;0.6928;-0.1924;-0.0656;83;83;0.0049;15.3511;-0.0382;-0.2306;14.9487;176.5;300.0;300.0;175.1
366.0;0.7019;0.6941;-0.1893;-0.0656;83;83;0.0049;15.7481;-0.0382;-0.2526;15.7483;176.5;300.0;300.0;175.4
366.5;0.7038;0.6955;-0.1817;-0.0557;79;85;0.0831;16.1145;-0.0382;-0.2526;15.7483;176.8;300.0;300.0;174.5
367.0;0.7056;0.6969;-0.2160;-0.0656;83;81;-0.0733;16.4733;-0.0382;-0.2526;15.7483;175.4;300.0;300.0;173.9
367.5;0.7079;0.6987;-0.1847;-0.0603;81;83;-0.0831;16.8397;-0.0382;-0.2526;16.5479;175.7;300.0;300.0;173.3
368.0;0.7097;0.7001;-0.2168;-0.0656;81;81;0.0831;17.1985;-0.0458;-0.2746;16.5479;174.8;300.0;300.0;173.3
368.5;0.7120;0.7015;-0.1916;-0.0557;79;83;0.0049;17.6031;-0.0458;-0.2746;17.3475;175.4;300.0;300.0;173.3
369.0;0.7138;0.7028;-0.2183;-0.0656;83;79;0.0831;17.9618;-0.0458;-0.2746;17.3475;174.8;300.0;300.0;173.0
369.5;0.7147;0.7047;-0.2267;-0.0504;79;87;0.0831;18.3206;-0.0458;-0.2965;18.1471;176.8;300.0;300.0;173.3
370.0;0.7157;0.7060;-0.2603;-0.0603;85;83;-0.0733;18.6870;-0.0534;-0.2965;18.1471;175.7;300.0;300.0;173.3
370.5;0.7166;0.7079;-0.2580;-0.0557;83;87;0.0831;19.0458;-0.0534;-0.2965;18.9467;175.4;300.0;300.0;172.7
371.0;0.7166;0.7092;-0.2450;-0.0656;89;87;0.0049;19.3664;-0.0534;-0.2965;18.9467;174.8;300.0;300.0;173.3
371.5;0.7179;0.7106;-0.2687;-0.0603;87;91;0.0049;19.7710;-0.0534;-0.3185;19.7464;175.7;300.0;300.0;173.0
372.0;0.7184;0.7125;-0.2588;-0.0603;89;91;0.0049;20.0916;-0.0611;-0.3185;19.7464;174.5;300.0;300.0;172.7
372.5;0.7202;0.7138;-0.2740;-0.0603;89;91;0.0049;20.4962;-0.0611;-0.3405;19.7464;174.8;300.0;300.0;172.7
373.0;0.7225;0.7157;-0.2267;-0.0656;89;89;0.0049;20.8931;-0.0611;-0.3405;20.5460;174.2;300.0;300.0;173.6
373.5;0.7239;0.7170;-0.2573;-0.0656;89;91;0.0049;21.2137;-0.0611;-0.3405;20.5460;175.7;300.0;300.0;174.8
374.0;0.7262;0.7189;-0.2000;-0.0656;89;91;0.1613;21.6183;-0.0687;-0.3405;21.3456;173.9;300.0;300.0;173.0
374.5;0.7289;0.7202;-0.2206;-0.0603;87;91;0.0049;22.0229;-0.0687;-0.3624;21.3456;174.2;300.0;300.0;172.7
375.0;0.7308;0.7221;-0.2511;-0.0656;87;89;-0.0733;22.3817;-0.0687;-0.3624;22.1452;173.9;300.0;300.0;171.8
375.5;0.7326;0.7239;-0.2580;-0.0656;85;89;0.0831;22.7405;-0.0763;-0.3624;22.1452;173.6;300.0;300.0;171.8
376.0;0.7344;0.7253;-0.2374;-0.0603;85;89;0.0049;23.1450;-0.0763;-0.3844;22.9448;173.6;300.0;300.0;171.6
376.5;0.7353;0.7271;-0.2290;-0.0702;89;87;0.0049;23.4657;-0.0763;-0.3844;22.9448;173.0;300.0;300.0;173.0
377.0;0.7372;0.7289;-0.2374;-0.0656;87;91;0.0049;23.8702;-0.0840;-0.3844;23.7444;173.6;300.0;300.0;171.8
377.5;0.7390;0.7303;-0.2130;-0.0603;87;91;0.0049;24.2672;-0.0840;-0.4064;23.7444;173.0;300.0;300.0;171.3
378.0;0.7404;0.7321;-0.2328;-0.0702;91;89;0.0049;24.5954;-0.0840;-0.4064;24.5440;173.0;300.0;300.0;173.0
378.5;0.7413;0.7340;-0.1740;-0.0603;89;93;0.0831;24.9542;-0.0840;-0.4064;24.5440;173.6;300.0;300.0;171.6
379.0;0.7431;0.7353;-0.1588;-0.0603;91;91;0.0049;25.3588;-0.0916;-0.4064;25.3436;173.0;300.0;300.0;171.0
379.5;0.7454;0.7372;-0.1206;-0.0656;91;91;-0.0049;25.7557;-0.0916;-0.4064;25.3436;171.8;300.0;300.0;170.7
380.0;0.7445;0.7390;-0.1313;-0.0603;95;93;-0.0049;26.1603;-0.0992;-0.4284;26.1432;173.0;300.0;300.0;171.6
380.5;0.7440;0.7408;-0.1519;-0.0756;101;93;0.0831;26.5191;-0.0992;-0.4284;26.1432;172.7;300.0;300.0;173.3
381.0;0.7440;0.7427;-0.1519;-0.0656;99;101;0.0049;26.9237;-0.0992;-0.4284;26.1432;173.0;300.0;300.0;172.1
381.5;0.7445;0.7445;-0.1786;-0.0702;103;99;-0.0831;27.2824;-0.1069;-0.4284;26.9428;171.8;300.0;300.0;171.8
382.0;0.7459;0.7459;-0.1420;-0.0702;103;101;0.0049;27.6870;-0.1069;-0.4284;26.9428;172.1;300.0;300.0;171.8
382.5;0.7463;0.7477;-0.1901;-0.0656;103;103;0.0049;28.0916;-0.1069;-0.4503;27.7425;171.8;300.0;300.0;170.4
383.0;0.7473;0.7495;-0.1832;-0.0802;107;101;0.0049;28.4886;-0.1145;-0.4503;27.7425;170.7;300.0;300.0;171.8
383.5;0.7495;0.7514;-0.2153;-0.0603;99;107;0.0049;28.8931;-0.1145;-0.4503;28.5421;171.8;300.0;300.0;170.1
384.0;0.7514;0.7532;-0.2336;-0.0603;103;103;0.0049;29.2977;-0.1221;-0.4723;28.5421;170.7;300.0;300.0;168.6
384.5;0.7550;0.7550;-0.2641;-0.0603;99;101;0.0831;29.7405;-0.1221;-0.4723;29.3417;170.1;300.0;300.0;168.0
385.0;0.7582;0.7569;-0.2718;-0.0557;97;101;0.0049;30.1374;-0.1298;-0.4723;30.1413;170.7;300.0;300.0;167.7
385.5;0.7614;0.7587;-0.3153;-0.0603;97;99;0.0049;30.5420;-0.1298;-0.4943;30.1413;169.5;300.0;300.0;167.4
386.0;0.7647;0.7605;-0.3542;-0.0656;95;97;0.0049;30.9389;-0.1298;-0.4943;30.9409;169.2;300.0;300.0;168.3
386.5;0.7674;0.7624;-0.3382;-0.0702;93;97;0.0049;31.3435;-0.1374;-0.5163;30.9409;169.2;300.0;300.0;168.3
387.0;0.7701;0.7647;-0.3779;-0.0656;91;97;0.0049;31.7481;-0.1374;-0.5163;31.7405;168.0;300.0;300.0;167.4
387.5;0.7734;0.7665;-0.3672;-0.0603;89;97;0.0049;32.1450;-0.1450;-0.5163;31.7405;168.3;300.0;300.0;166.6
388.0;0.7761;0.7683;-0.3634;-0.0603;89;95;0.0049;32.5496;-0.1450;-0.5382;32.5401;168.0;300.0;300.0;166.3
388.5;0.7784;0.7701;-0.3397;-0.0603;91;95;0.0049;32.9542;-0.1527;-0.5382;32.5401;167.4;300.0;300.0;165.4
389.0;0.7811;0.7720;-0.3595;-0.0603;89;95;0.0049;33.3511;-0.1527;-0.5602;33.3397;166.9;300.0;300.0;165.1
389.5;0.7843;0.7738;-0.3328;-0.0656;89;93;0.0831;33.7939;-0.1603;-0.5602;33.3397;166.6;300.0;300.0;164.5
390.0;0.7866;0.7761;-0.3160;-0.0603;89;95;-0.0733;34.1603;-0.1603;-0.5822;34.1393;167.2;300.0;300.0;163.9
390.5;0.7898;0.7779;-0.3031;-0.0603;89;93;0.0831;34.6031;-0.1679;-0.5822;34.1393;167.4;300.0;300.0;163.9
391.0;0.7930;0.7798;-0.2595;-0.0557;87;93;0.0831;35.0382;-0.1679;-0.5822;34.9389;166.3;300.0;300.0;162.5
391.5;0.7962;0.7816;-0.2847;-0.0504;87;93;0.0049;35.4427;-0.1756;-0.6042;34.9389;166.3;300.0;300.0;161.6
392.0;0.7995;0.7839;-0.2466;-0.0504;87;91;-0.0733;35.8855;-0.1832;-0.6042;35.7386;165.4;300.0;300.0;160.4
392.5;0.8027;0.7857;-0.2366;-0.0450;87;91;0.0049;36.2901;-0.1832;-0.6042;35.7386;165.7;300.0;300.0;159.5
393.0;0.8049;0.7875;-0.2183;-0.0504;87;89;0.0049;36.6870;-0.1908;-0.6261;36.5382;164.8;300.0;300.0;159.2
393.5;0.8068;0.7898;-0.1878;-0.0351;85;95;0.0831;37.0534;-0.1908;-0.6261;36.5382;166.6;300.0;300.0;158.1
394.0;0.8086;0.7917;-0.2198;-0.0305;89;95;0.0049;37.4504;-0.1985;-0.6261;37.3378;165.4;300.0;300.0;156.6
394.5;0.8100;0.7940;-0.2206;-0.0305;91;95;0.0049;37.8550;-0.1985;-0.6481;37.3378;165.4;300.0;300.0;156.0
395.0;0.8123;0.7958;-0.2206;-0.0305;91;95;0.0831;38.2977;-0.2061;-0.6481;38.1374;164.8;300.0;300.0;155.1
395.5;0.8159;0.7981;-0.1977;-0.0153;87;97;0.0049;38.7786;-0.2137;-0.6481;38.1374;166.0;300.0;300.0;154.5
396.0;0.8191;0.7999;-0.2046;-0.0107;87;95;0.0049;39.1832;-0.2137;-0.6481;38.9370;166.0;300.0;300.0;153.1
396.5;0.8214;0.8022;-0.1588;-0.0107;89;93;0.0049;39.5802;-0.2214;-0.6701;38.9370;165.7;300.0;300.0;152.5
397.0;0.8237;0.8040;-0.1733;0.0000;87;95;0.0049;39.9847;-0.2214;-0.6701;39.7366;166.0;300.0;300.0;151.3
397.5;0.8269;0.8063;-0.1420;0.0046;89;93;0.0049;40.4656;-0.2290;-0.6701;39.7366;165.4;300.0;300.0;150.4
398.0;0.8297;0.8082;-0.1191;0.0000;91;91;-0.0049;40.8702;-0.2366;-0.6701;40.5362;166.6;300.0;300.0;149.9
398.5;0.8324;0.8104;-0.0664;0.0145;87;93;-0.0831;41.3130;-0.2366;-0.6701;40.5362;166.6;300.0;300.0;149.0
399.0;0.8352;0.8127;0.0206;0.0244;89;91;-0.0049;41.7099;-0.2443;-0.6701;41.3358;167.2;300.0;300.0;147.5
399.5;0.8365;0.8146;0.0527;0.0244;91;91;-0.0831;42.1527;-0.2519;-0.6701;42.1354;166.0;300.0;300.0;146.6
400.0;0.8384;0.8168;0.1000;0.0298;93;91;-0.0049;42.5573;-0.2519;-0.6701;42.1354;166.6;300.0;300.0;145.5
400.5;0.8416;0.8191;0.0985;0.0298;93;91;-0.0049;43.0382;-0.2595;-0.6701;42.9350;166.6;300.0;300.0;144.9
401.0;0.8439;0.8210;0.1336;0.0397;91;93;-0.0049;43.4427;-0.2672;-0.6701;42.9350;167.2;300.0;300.0;144.0
401.5;0.8457;0.8233;0.1489;0.0397;95;91;-0.0147;43.9237;-0.2672;-0.6701;43.7346;166.6;300.0;300.0;143.4
402.0;0.8471;0.8255;0.1786;0.0443;95;93;-0.0147;44.3282;-0.2748;-0.6481;43.7346;166.6;300.0;300.0;141.9
402.5;0.8484;0.8278;0.1817;0.0550;95;97;-0.0147;44.7252;-0.2824;-0.6481;44.5343;167.4;300.0;300.0;141.6
403.0;0.8489;0.8297;0.2000;0.0649;99;99;-0.0147;45.1298;-0.2824;-0.6481;44.5343;169.2;300.0;300.0;141.3
403.5;0.8494;0.8320;0.2450;0.0695;103;99;-0.0147;45.5344;-0.2901;-0.6261;45.3339;170.4;300.0;300.0;140.8
404.0;0.8507;0.8342;0.2740;0.0748;105;101;-0.0929;45.9695;-0.2901;-0.6261;45.3339;169.8;300.0;300.0;140.5
404.5;0.8516;0.8365;0.3130;0.0695;107;99;-0.0147;46.3740;-0.2977;-0.6261;46.1335;168.9;300.0;300.0;140.2
405.0;0.8535;0.8388;0.3336;0.0748;107;101;-0.0929;46.8168;-0.3053;-0.6042;46.1335;169.2;300.0;300.0;139.6
405.5;0.8562;0.8411;0.3344;0.0695;109;99;-0.0147;47.2977;-0.3053;-0.6042;46.9331;168.9;300.0;300.0;139.3
406.0;0.8594;0.8434;0.3290;0.0748;105;99;-0.0929;47.7405;-0.3130;-0.5822;47.7327;169.2;300.0;300.0;139.3
406.5;0.8617;0.8457;0.3382;0.0794;105;99;-0.0147;48.2214;-0.3130;-0.5822;47.7327;169.2;300.0;300.0;138.7
407.0;0.8640;0.8480;0.3099;0.0847;105;101;-0.0147;48.6260;-0.3206;-0.5822;48.5323;170.1;300.0;300.0;138.7
407.5;0.8672;0.8503;0.3145;0.0893;103;99;-0.0147;49.1069;-0.3282;-0.5602;48.5323;171.0;300.0;300.0;138.4
408.0;0.8690;0.8526;0.2695;0.0893;105;99;-0.0147;49.5115;-0.3282;-0.5602;49.3319;171.3;300.0;300.0;138.1
408.5;0.8713;0.8549;0.2496;0.0847;105;99;-0.0147;49.9924;-0.3359;-0.5382;49.3319;170.7;300.0;300.0;137.8
409.0;0.8736;0.8571;0.2656;0.0893;105;101;-0.0929;50.4351;-0.3359;-0.5382;50.1315;173.3;300.0;300.0;138.1
409.5;0.8764;0.8594;0.2458;0.1046;103;103;-0.0147;50.9160;-0.3435;-0.5382;50.1315;173.3;300.0;300.0;137.8
410.0;0.8782;0.8617;0.2634;0.0992;107;97;-0.0929;51.3588;-0.3435;-0.5163;50.9311;172.4;300.0;300.0;137.8
410.5;0.8810;0.8640;0.2397;0.0992;105;99;0.0635;51.8015;-0.3511;-0.5163;51.7307;173.0;300.0;300.0;138.4
411.0;0.8837;0.8663;0.2282;0.0992;105;101;-0.0147;52.2824;-0.3511;-0.5163;51.7307;173.6;300.0;300.0;138.4
411.5;0.8869;0.8686;0.2084;0.1046;103;101;-0.0929;52.7252;-0.3588;-0.5163;52.5304;173.9;300.0;300.0;138.4
412.0;0.8892;0.8713;0.2206;0.1046;103;99;0.0635;53.1679;-0.3588;-0.4943;52.5304;174.8;300.0;300.0;138.7
412.5;0.8919;0.8736;0.2321;0.1046;105;101;0.0635;53.6107;-0.3664;-0.4943;53.3300;174.8;300.0;300.0;138.7
413.0;0.8933;0.8759;0.2573;0.0947;107;99;-0.0147;54.0076;-0.3664;-0.4943;53.3300;174.8;300.0;300.0;140.5
413.5;0.8956;0.8782;0.2626;0.0947;107;103;-0.0147;54.4962;-0.3740;-0.4723;54.1296;175.4;300.0;300.0;141.3
414.0;0.8988;0.8810;0.2786;0.0947;107;103;-0.0147;54.9771;-0.3740;-0.4723;54.9292;175.7;300.0;300.0;141.6
414.5;0.9011;0.8832;0.3420;0.0947;107;101;-0.0929;55.4198;-0.3817;-0.4503;54.9292;176.0;300.0;300.0;142.2
415.0;0.9043;0.8855;0.3779;0.0847;109;99;-0.0147;55.9008;-0.3817;-0.4503;55.7288;175.7;300.0;300.0;143.1
415.5;0.9071;0.8883;0.4290;0.0794;109;99;0.0635;56.3435;-0.3893;-0.4284;55.7288;175.7;300.0;300.0;144.0
416.0;0.9093;0.8906;0.3985;0.0794;109;101;-0.1026;56.7863;-0.3893;-0.4284;56.5284;176.0;300.0;300.0;145.2
416.5;0.9116;0.8929;0.3664;0.0794;109;101;0.1417;57.2672;-0.3969;-0.4064;56.5284;177.4;300.0;300.0;146.3
417.0;0.9135;0.8956;0.3053;0.0748;110;103;-0.0929;57.7099;-0.3969;-0.4064;57.3280;176.8;300.0;300.0;147.5
417.5;0.9158;0.8979;0.2725;0.0649;110;101;-0.0147;58.1908;-0.3969;-0.4064;58.1276;177.4;300.0;300.0;149.0
418.0;0.9185;0.9006;0.2435;0.0550;110;103;-0.0147;58.6718;-0.4046;-0.3844;58.1276;176.5;300.0;300.0;150.1
418.5;0.9217;0.9029;0.1740;0.0595;107;105;-0.0147;59.1527;-0.4046;-0.3844;58.9272;178.3;300.0;300.0;151.3
419.0;0.9249;0.9057;0.1290;0.0496;109;103;-0.0049;59.6336;-0.4122;-0.3844;58.9272;177.7;300.0;300.0;152.5
419.5;0.9277;0.9080;0.0878;0.0443;107;105;0.0733;60.0763;-0.4122;-0.3844;59.7268;178.6;300.0;300.0;154.0
420.0;0.9304;0.9107;0.0878;0.0397;107;105;-0.0049;60.5649;-0.4122;-0.3844;60.5265;178.9;300.0;300.0;155.1
420.5;0.9332;0.9130;0.0565;0.0397;107;107;-0.0049;61.0458;-0.4198;-0.3844;60.5265;179.5;300.0;300.0;156.9
421.0;0.9350;0.9158;0.1061;0.0344;109;105;-0.0929;61.4886;-0.4198;-0.3844;61.3261;179.8;300.0;300.0;157.2
421.5;0.9368;0.9185;0.0840;0.0298;109;105;-0.0049;61.9695;-0.4275;-0.3624;61.3261;180.1;300.0;300.0;158.4
422.0;0.9382;0.9208;0.1282;0.0244;112;107;-0.0049;62.3664;-0.4275;-0.3624;62.1257;179.8;300.0;300.0;159.8
422.5;0.9396;0.9235;0.1031;0.0244;112;110;-0.0049;62.8550;-0.4275;-0.3624;62.1257;179.8;300.0;300.0;159.5
423.0;0.9409;0.9263;0.1573;0.0198;116;110;-0.0929;63.2977;-0.4351;-0.3624;62.9253;180.4;300.0;300.0;160.7
423.5;0.9423;0.9286;0.1489;0.0145;118;112;-0.0147;63.7786;-0.4351;-0.3624;63.7249;178.9;300.0;300.0;161.0
424.0;0.9441;0.9313;0.1160;0.0145;116;114;-0.0049;64.2595;-0.4351;-0.3624;63.7249;179.2;300.0;300.0;161.3
424.5;0.9455;0.9341;0.1137;0.0046;120;114;-0.0049;64.7405;-0.4427;-0.3405;64.5245;178.0;300.0;300.0;161.9
425.0;0.9473;0.9364;0.0802;0.0046;118;118;-0.0049;65.2214;-0.4427;-0.3405;64.5245;178.9;300.0;300.0;163.0
425.5;0.9496;0.9391;0.1321;0.0000;120;116;-0.0049;65.7023;-0.4504;-0.3405;65.3241;178.3;300.0;300.0;163.3
426.0;0.9519;0.9418;0.1489;0.0000;120;116;-0.0147;66.1908;-0.4504;-0.3405;66.1237;178.9;300.0;300.0;164.2
426.5;0.9547;0.9446;0.1954;-0.0107;124;114;-0.0147;66.6718;-0.4504;-0.3405;66.1237;178.6;300.0;300.0;166.0
427.0;0.9565;0.9473;0.1137;-0.0053;118;118;-0.0049;67.1527;-0.4580;-0.3405;66.9233;180.1;300.0;300.0;166.3
427.5;0.9579;0.9501;0.1076;-0.0107;122;118;-0.0929;67.5954;-0.4580;-0.3185;66.9233;178.9;300.0;300.0;166.3
428.0;0.9597;0.9528;0.0901;-0.0107;124;122;-0.0049;68.0763;-0.4580;-0.3185;67.7229;178.3;300.0;300.0;166.9
428.5;0.9615;0.9551;0.0282;-0.0107;124;122;-0.0049;68.5573;-0.4656;-0.3185;68.5226;179.5;300.0;300.0;167.7
429.0;0.9638;0.9579;-0.0595;-0.0153;124;124;-0.0831;69.0840;-0.4656;-0.3185;68.5226;180.1;300.0;300.0;168.6
429.5;0.9647;0.9606;-0.1725;-0.0206;126;126;0.0831;69.5267;-0.4656;-0.3405;69.3222;178.9;300.0;300.0;168.9
430.0;0.9652;0.9634;-0.2420;-0.0206;126;130;-0.0733;70.0458;-0.4733;-0.3405;69.3222;178.9;300.0;300.0;169.5
430.5;0.9666;0.9661;-0.2985;-0.0252;128;132;0.0049;70.5267;-0.4733;-0.3405;70.1218;178.6;300.0;300.0;169.5
431.0;0.9679;0.9689;-0.2458;-0.0252;130;134;0.0831;71.0534;-0.4809;-0.3624;70.9214;178.9;300.0;300.0;170.1
431.5;0.9698;0.9716;-0.2351;-0.0252;130;134;-0.0733;71.5725;-0.4809;-0.3624;70.9214;179.5;300.0;300.0;169.2
432.0;0.9712;0.9744;-0.1412;-0.0206;132;136;-0.0049;72.0534;-0.4809;-0.3624;71.7210;178.9;300.0;300.0;169.5
432.5;0.9734;0.9776;-0.1580;-0.0252;134;134;0.0831;72.5802;-0.4885;-0.3624;72.5206;179.8;300.0;300.0;170.7
433.0;0.9757;0.9803;-0.1481;-0.0305;134;134;0.0049;73.0611;-0.4885;-0.3624;72.5206;178.9;300.0;300.0;170.1
433.5;0.9794;0.9831;-0.0687;-0.0206;132;136;-0.0049;73.6260;-0.4962;-0.3844;73.3202;179.5;300.0;300.0;168.9
434.0;0.9826;0.9858;-0.0397;-0.0252;134;132;-0.0049;74.1069;-0.4962;-0.3844;73.3202;178.9;300.0;300.0;168.9
434.5;0.9853;0.9886;-0.0328;-0.0252;132;132;-0.0049;74.5878;-0.4962;-0.3844;74.1198;179.2;300.0;300.0;170.4
435.0;0.9881;0.9913;-0.1641;-0.0252;132;134;0.0831;75.1069;-0.5038;-0.3844;74.9194;178.3;300.0;300.0;169.2
435.5;0.9904;0.9945;-0.1237;-0.0206;132;134;-0.0049;75.5954;-0.5038;-0.3844;74.9194;178.9;300.0;300.0;168.9
436.0;0.9936;0.9973;-0.2534;-0.0153;128;136;0.0049;76.1527;-0.5114;-0.3844;75.7190;178.9;300.0;300.0;168.0
436.5;0.9968;1.0000;-0.2023;-0.0153;130;134;0.0049;76.6336;-0.5114;-0.4064;76.5187;180.4;300.0;300.0;168.3
437.0;1.0005;1.0027;-0.2588;-0.0153;130;134;0.0049;77.1985;-0.5191;-0.4064;76.5187;178.6;300.0;300.0;167.4
437.5;1.0032;1.0060;-0.1878;-0.0206;132;134;0.0049;77.6794;-0.5191;-0.4064;77.3183;179.2;300.0;300.0;168.9
438.0;1.0060;1.0087;-0.2527;-0.0153;128;136;0.0831;78.2061;-0.5267;-0.4284;78.1179;180.1;300.0;300.0;168.0
438.5;1.0101;1.0114;-0.2977;-0.0206;130;134;0.0049;78.7634;-0.5267;-0.4284;78.1179;180.4;300.0;300.0;169.5
439.0;1.0147;1.0147;-0.1878;-0.0153;128;134;0.0049;79.3282;-0.5344;-0.4284;78.9175;179.5;300.0;300.0;168.6
439.5;1.0197;1.0174;-0.2183;-0.0153;126;130;0.0049;79.8931;-0.5344;-0.4284;79.7171;179.2;300.0;300.0;168.0
440.0;1.0243;1.0206;-0.1481;-0.0206;126;126;0.0049;80.4580;-0.5420;-0.4503;79.7171;178.9;300.0;300.0;168.6
440.5;1.0279;1.0234;-0.2939;-0.0107;120;132;0.0831;80.9771;-0.5420;-0.4503;80.5167;179.8;300.0;300.0;167.7
441.0;1.0325;1.0261;-0.2443;-0.0107;120;126;0.0049;81.5420;-0.5496;-0.4503;81.3163;179.2;300.0;300.0;167.7
441.5;1.0366;1.0293;-0.3794;-0.0206;120;126;0.0049;82.0992;-0.5496;-0.4723;81.3163;180.1;300.0;300.0;169.5
442.0;1.0398;1.0321;-0.3008;-0.0107;120;132;0.0049;82.5878;-0.5573;-0.4723;82.1159;180.9;300.0;300.0;168.3
442.5;1.0430;1.0353;-0.3031;-0.0107;120;128;0.0049;83.1450;-0.5649;-0.4943;82.9155;180.4;300.0;300.0;167.7
443.0;1.0462;1.0385;-0.3969;-0.0107;120;132;0.0929;83.6718;-0.5649;-0.4943;82.9155;179.5;300.0;300.0;167.2
443.5;1.0499;1.0412;-0.3771;-0.0153;122;128;-0.0733;84.1908;-0.5725;-0.5163;83.7151;178.9;300.0;300.0;167.2
444.0;1.0527;1.0444;-0.4206;-0.0107;120;132;-0.0733;84.7176;-0.5725;-0.5163;84.5147;180.4;300.0;300.0;167.7
444.5;1.0549;1.0472;-0.2374;-0.0107;126;130;0.0049;85.1985;-0.5802;-0.5163;84.5147;179.8;300.0;300.0;167.4
445.0;1.0577;1.0504;-0.2924;-0.0053;124;132;0.0049;85.7634;-0.5878;-0.5382;85.3144;179.8;300.0;300.0;166.9
445.5;1.0614;1.0531;-0.1237;-0.0107;128;128;-0.0049;86.3206;-0.5878;-0.5382;86.1140;179.5;300.0;300.0;167.4
446.0;1.0636;1.0563;-0.1878;-0.0107;128;132;0.0049;86.8855;-0.5954;-0.5382;86.1140;179.5;300.0;300.0;167.2
446.5;1.0655;1.0591;-0.1069;-0.0153;132;132;-0.0049;87.3664;-0.5954;-0.5382;86.9136;179.2;300.0;300.0;168.6
447.0;1.0682;1.0623;-0.1397;-0.0206;132;132;0.0831;87.9695;-0.6031;-0.5602;87.7132;180.4;300.0;300.0;168.9
447.5;1.0714;1.0655;-0.0489;-0.0107;132;136;-0.0831;88.4962;-0.6107;-0.5602;87.7132;181.8;300.0;300.0;168.0
448.0;1.0746;1.0682;0.0267;-0.0153;136;132;-0.0049;89.0534;-0.6183;-0.5602;88.5128;180.9;300.0;300.0;169.2
448.5;1.0783;1.0714;-0.0618;-0.0153;132;132;-0.0049;89.6183;-0.6183;-0.5602;89.3124;180.6;300.0;300.0;168.0
449.0;1.0810;1.0742;-0.0237;-0.0107;132;134;0.0733;90.1374;-0.6260;-0.5602;90.1120;181.5;300.0;300.0;168.0
449.5;1.0842;1.0774;-0.1076;-0.0053;130;134;-0.0049;90.7023;-0.6336;-0.5602;90.1120;181.5;300.0;300.0;167.2
450.0;1.0879;1.0801;0.0031;-0.0053;132;132;-0.0049;91.2672;-0.6336;-0.5602;90.9116;180.9;300.0;300.0;167.7
450.5;1.0916;1.0833;-0.0672;-0.0206;134;130;-0.0049;91.8321;-0.6412;-0.5602;91.7112;180.6;300.0;300.0;168.9
451.0;1.0948;1.0861;0.0115;-0.0053;128;136;0.0733;92.3511;-0.6489;-0.5602;91.7112;180.9;300.0;300.0;167.7
451.5;1.0980;1.0893;-0.0740;-0.0053;130;134;-0.0049;92.9924;-0.6489;-0.5602;92.5108;179.8;300.0;300.0;166.9
452.0;1.1012;1.0925;-0.0855;-0.0153;134;132;-0.0049;93.5573;-0.6565;-0.5602;93.3105;179.8;300.0;300.0;168.0
452.5;1.1035;1.0952;-0.0389;-0.0053;130;136;0.0733;94.0763;-0.6641;-0.5602;93.3105;180.9;300.0;300.0;167.7
453.0;1.1062;1.0984;-0.0496;0.0000;132;136;0.0733;94.6794;-0.6718;-0.5602;94.1101;181.8;300.0;300.0;166.9
453.5;1.1081;1.1012;-0.0008;-0.0107;138;134;0.0733;95.2061;-0.6718;-0.5602;94.9097;180.6;300.0;300.0;167.7
454.0;1.1103;1.1044;-0.0588;0.0000;134;140;-0.0831;95.8092;-0.6794;-0.5602;95.7093;180.4;300.0;300.0;166.9
454.5;1.1126;1.1071;-0.0328;-0.0053;138;136;0.0733;96.3282;-0.6870;-0.5602;95.7093;180.6;300.0;300.0;166.6
455.0;1.1149;1.1103;-0.0885;0.0000;136;142;0.0831;96.9313;-0.6870;-0.5602;96.5089;181.2;300.0;300.0;166.3
455.5;1.1177;1.1131;-0.0336;0.0000;136;140;-0.0049;97.4962;-0.6947;-0.5822;97.3085;180.9;300.0;300.0;166.3
456.0;1.1209;1.1163;-0.0168;-0.0053;138;140;0.0733;98.0992;-0.7023;-0.5822;97.3085;180.6;300.0;300.0;166.6
456.5;1.1241;1.1190;0.0382;-0.0053;138;138;-0.0049;98.6641;-0.7099;-0.5822;98.1081;180.6;300.0;300.0;166.3
457.0;1.1273;1.1223;0.0160;-0.0053;136;138;-0.0049;99.2214;-0.7099;-0.5602;98.9077;179.8;300.0;300.0;166.6
457.5;1.1305;1.1255;-0.0565;-0.0053;136;140;-0.0049;99.7863;-0.7176;-0.5822;99.7073;180.6;300.0;300.0;166.3
458.0;1.1332;1.1282;0.0023;0.0000;136;140;-0.0049;100.3511;-0.7252;-0.5822;99.7073;180.9;300.0;300.0;166.6
458.5;1.1364;1.1314;-0.0634;-0.0053;138;138;0.0733;100.9542;-0.7328;-0.5822;100.5069;180.1;300.0;300.0;166.3
459.0;1.1397;1.1342;-0.0328;-0.0053;138;140;-0.0049;101.5115;-0.7328;-0.5822;101.3066;180.9;300.0;300.0;166.9
459.5;1.1433;1.1374;-0.1550;-0.0053;134;140;0.0831;102.1145;-0.7405;-0.5822;102.1062;180.1;300.0;300.0;166.3
460.0;1.1465;1.1401;-0.1916;-0.0153;136;138;0.0049;102.6794;-0.7481;-0.5822;102.1062;180.4;300.0;300.0;168.3
460.5;1.1493;1.1433;-0.3176;0.0000;130;146;0.0049;103.2443;-0.7557;-0.6042;102.9058;181.2;300.0;300.0;166.9
461.0;1.1516;1.1461;-0.3115;-0.0053;136;142;0.0831;103.8473;-0.7557;-0.6042;103.7054;180.6;300.0;300.0;166.0
461.5;1.1534;1.1493;-0.3061;0.0046;134;148;0.0049;104.4046;-0.7634;-0.6042;103.7054;181.8;300.0;300.0;165.7
462.0;1.1566;1.1525;-0.2992;0.0000;138;146;0.1711;105.0534;-0.7710;-0.6261;104.5050;180.6;300.0;300.0;165.1
462.5;1.1603;1.1552;-0.3221;0.0000;136;146;0.0831;105.6565;-0.7786;-0.6261;105.3046;180.9;300.0;300.0;166.9
463.0;1.1644;1.1584;-0.3763;0.0046;132;148;0.0049;106.2977;-0.7863;-0.6481;106.1042;181.5;300.0;300.0;165.4
463.5;1.1685;1.1612;-0.2649;0.0099;132;144;0.0831;106.9008;-0.7939;-0.6481;106.9038;182.1;300.0;300.0;165.7
464.0;1.1722;1.1644;-0.2939;0.0046;134;142;0.0831;107.5038;-0.8015;-0.6481;106.9038;181.2;300.0;300.0;165.1
464.5;1.1754;1.1671;-0.1771;0.0099;134;142;0.0831;108.1069;-0.8015;-0.6701;107.7034;182.4;300.0;300.0;164.8
465.0;1.1790;1.1703;-0.2290;0.0046;134;140;0.0831;108.7099;-0.8092;-0.6701;108.5030;181.5;300.0;300.0;164.5
465.5;1.1822;1.1731;-0.2534;0.0046;132;142;0.0831;109.3130;-0.8168;-0.6701;109.3027;180.6;300.0;300.0;164.2
466.0;1.1868;1.1763;-0.2840;0.0046;128;142;0.0831;109.9924;-0.8244;-0.6921;109.3027;181.2;300.0;300.0;164.2
466.5;1.1905;1.1795;-0.2618;0.0000;128;140;0.0831;110.5954;-0.8321;-0.6921;110.1023;180.6;300.0;300.0;163.9
467.0;1.1941;1.1822;-0.2168;0.0046;126;140;0.0831;111.1985;-0.8397;-0.6921;110.9019;181.2;300.0;300.0;164.2
467.5;1.1992;1.1854;-0.2939;0.0046;126;140;0.0831;111.8855;-0.8473;-0.7140;111.7015;181.8;300.0;300.0;163.9
468.0;1.2033;1.1882;-0.2718;0.0046;124;138;0.0831;112.4885;-0.8550;-0.7140;111.7015;181.8;300.0;300.0;163.9
468.5;1.2079;1.1914;-0.3374;0.0000;124;136;0.0049;113.1298;-0.8626;-0.7140;112.5011;180.6;300.0;300.0;164.2
469.0;1.2125;1.1941;-0.2374;0.0046;122;136;0.1613;113.7710;-0.8702;-0.7360;113.3007;181.5;300.0;300.0;163.9
469.5;1.2175;1.1973;-0.1687;0.0046;122;132;0.0049;114.4122;-0.8779;-0.7360;114.1003;180.9;300.0;300.0;164.2
470.0;1.2221;1.2001;-0.0382;0.0099;122;130;-0.0049;115.0534;-0.8855;-0.7360;114.8999;181.2;300.0;300.0;163.9
470.5;1.2257;1.2033;-0.0069;0.0099;122;128;-0.0049;115.7023;-0.9008;-0.7360;115.6995;180.9;300.0;300.0;163.6
471.0;1.2294;1.2060;0.0137;0.0046;124;126;-0.0831;116.3053;-0.9084;-0.7360;115.6995;181.2;300.0;300.0;164.5
471.5;1.2331;1.2092;0.0489;0.0099;124;128;-0.0049;116.9466;-0.9160;-0.7360;116.4991;182.4;300.0;300.0;164.8
472.0;1.2367;1.2120;0.1145;0.0099;124;124;-0.0049;117.5878;-0.9237;-0.7360;117.2988;182.4;300.0;300.0;164.5
472.5;1.2404;1.2147;0.2374;0.0046;126;122;-0.0147;118.2290;-0.9313;-0.7140;118.0984;181.5;300.0;300.0;165.1
473.0;1.2445;1.2179;0.1786;0.0099;124;124;-0.0147;118.8779;-0.9389;-0.7140;118.0984;182.4;300.0;300.0;164.5
473.5;1.2486;1.2207;0.2130;0.0046;124;120;-0.0147;119.5191;-0.9466;-0.7140;118.8980;180.9;300.0;300.0;165.4
474.0;1.2518;1.2234;0.0832;0.0099;122;124;-0.0929;120.1221;-0.9542;-0.7140;119.6976;182.4;300.0;300.0;164.8
474.5;1.2555;1.2266;0.0023;0.0000;124;122;0.0733;120.8015;-0.9618;-0.7140;120.4972;180.6;300.0;300.0;165.4
475.0;1.2587;1.2294;-0.0939;0.0046;118;126;0.0831;121.4046;-0.9695;-0.7140;121.2968;180.9;300.0;300.0;164.8
475.5;1.2619;1.2321;-0.0939;0.0000;122;124;-0.0049;122.0534;-0.9771;-0.7140;121.2968;180.1;300.0;300.0;163.9
476.0;1.2656;1.2349;-0.0954;0.0046;120;126;-0.0049;122.6947;-0.9847;-0.7140;122.0964;180.9;300.0;300.0;163.9
476.5;1.2683;1.2381;-0.0832;0.0046;120;124;-0.0049;123.3359;-0.9924;-0.7140;122.8960;181.8;300.0;300.0;164.2
477.0;1.2724;1.2408;0.0924;0.0099;122;124;-0.0929;124.0153;-1.0000;-0.7140;123.6956;183.6;300.0;300.0;165.4
477.5;1.2756;1.2436;0.1214;0.0046;124;120;-0.0929;124.6183;-1.0076;-0.7140;124.4952;181.8;300.0;300.0;164.2
478.0;1.2775;1.2463;0.3015;0.0046;126;118;-0.0929;125.2214;-1.0153;-0.7140;124.4952;181.5;300.0;300.0;164.5
478.5;1.2802;1.2491;0.3198;0.0000;128;118;-0.0147;125.8702;-1.0229;-0.6921;125.2948;180.6;300.0;300.0;163.9
479.0;1.2816;1.2518;0.4725;0.0046;128;120;0.0538;126.4733;-1.0305;-0.6921;126.0945;180.6;300.0;300.0;163.6
479.5;1.2839;1.2546;0.4092;0.0099;132;122;-0.1808;127.1145;-1.0382;-0.6701;126.8941;181.5;300.0;300.0;163.6
480.0;1.2866;1.2573;0.4649;0.0046;134;120;-0.0244;127.7557;-1.0458;-0.6481;127.6937;181.2;300.0;300.0;163.9
480.5;1.2898;1.2601;0.4595;0.0046;134;120;-0.1026;128.4427;-1.0534;-0.6481;127.6937;181.5;300.0;300.0;164.2
481.0;1.2926;1.2628;0.4763;0.0046;134;120;-0.0244;129.0840;-1.0611;-0.6261;128.4933;181.5;300.0;300.0;165.4
481.5;1.2949;1.2656;0.4443;0.0046;134;122;-0.0244;129.7252;-1.0687;-0.6261;129.2929;181.2;300.0;300.0;164.8
482.0;1.2976;1.2683;0.3389;0.0000;132;122;-0.0147;130.3664;-1.0763;-0.6042;130.0925;179.8;300.0;300.0;164.2
482.5;1.3004;1.2711;0.3817;0.0000;132;122;-0.0147;131.0153;-1.0763;-0.6042;130.8921;180.4;300.0;300.0;165.7
483.0;1.3027;1.2738;0.3000;0.0000;132;124;-0.0147;131.6565;-1.0840;-0.5822;130.8921;179.8;300.0;300.0;164.8
483.5;1.3045;1.2766;0.3557;-0.0107;136;122;-0.0147;132.2977;-1.0916;-0.5822;131.6917;180.6;300.0;300.0;167.4
484.0;1.3072;1.2793;0.2206;-0.0053;132;128;-0.0147;132.9389;-1.0992;-0.5822;132.4913;180.1;300.0;300.0;166.0
484.5;1.3091;1.2821;0.1916;-0.0053;132;126;-0.0147;133.5802;-1.1069;-0.5602;133.2909;179.8;300.0;300.0;166.0
485.0;1.3118;1.2848;0.0817;0.0000;130;128;-0.0929;134.2672;-1.1145;-0.5602;134.0906;180.1;300.0;300.0;165.1
485.5;1.3141;1.2875;0.1282;0.0000;132;128;-0.0049;134.9084;-1.1145;-0.5602;134.8902;179.8;300.0;300.0;165.1
486.0;1.3164;1.2898;0.2176;0.0000;134;126;-0.0147;135.5496;-1.1221;-0.5602;134.8902;180.6;300.0;300.0;164.8
486.5;1.3182;1.2926;0.1870;0.0000;134;128;-0.0929;136.2366;-1.1298;-0.5382;135.6898;180.4;300.0;300.0;164.8
487.0;1.3201;1.2953;0.2710;-0.0053;138;126;-0.0147;136.8779;-1.1374;-0.5382;136.4894;179.2;300.0;300.0;166.0
487.5;1.3219;1.2981;0.2198;0.0099;132;132;-0.0147;137.5191;-1.1450;-0.5382;137.2890;182.1;300.0;300.0;165.4
488.0;1.3233;1.3004;0.3053;0.0046;138;128;-0.0147;138.1679;-1.1450;-0.5163;138.0886;180.6;300.0;300.0;164.8
488.5;1.3251;1.3031;0.2496;0.0000;140;130;-0.0147;138.8092;-1.1527;-0.5163;138.0886;179.8;300.0;300.0;165.1
489.0;1.3274;1.3059;0.3420;0.0046;138;130;-0.0929;139.4886;-1.1603;-0.5163;138.8882;181.2;300.0;300.0;165.7
489.5;1.3288;1.3082;0.3229;0.0000;140;128;-0.0929;140.0916;-1.1679;-0.4943;139.6878;180.1;300.0;300.0;165.7
490.0;1.3297;1.3109;0.2817;-0.0053;142;132;-0.0929;140.7786;-1.1679;-0.4943;140.4874;180.6;300.0;300.0;166.3
490.5;1.3306;1.3132;0.2351;-0.0053;142;134;-0.0147;141.4198;-1.1756;-0.4943;141.2870;180.6;300.0;300.0;166.9
491.0;1.3320;1.3159;0.2214;0.0000;142;138;-0.0147;142.0611;-1.1832;-0.4723;141.2870;180.9;300.0;300.0;166.6
491.5;1.3329;1.3187;0.2489;-0.0053;146;136;-0.0147;142.7099;-1.1832;-0.4723;142.0867;180.6;300.0;300.0;166.0
492.0;1.3342;1.3210;0.1252;0.0000;142;140;-0.0049;143.3512;-1.1908;-0.4723;142.8863;180.1;300.0;300.0;165.7
492.5;1.3356;1.3237;0.1443;0.0000;144;142;0.0733;144.0305;-1.1985;-0.4723;143.6859;180.4;300.0;300.0;165.1
493.0;1.3365;1.3260;0.0443;0.0000;144;142;-0.0049;144.6794;-1.2061;-0.4723;144.4855;180.6;300.0;300.0;166.6
493.5;1.3379;1.3283;0.0771;0.0000;146;142;-0.0929;145.3588;-1.2061;-0.4503;145.2851;180.1;300.0;300.0;165.4
494.0;1.3393;1.3310;0.0771;0.0000;148;144;-0.0049;146.0000;-1.2137;-0.4503;145.2851;180.9;300.0;300.0;166.3
494.5;1.3402;1.3333;0.1244;0.0000;148;144;-0.0049;146.6412;-1.2214;-0.4503;146.0847;180.4;300.0;300.0;165.1
495.0;1.3420;1.3361;0.1015;0.0000;148;146;0.0733;147.3282;-1.2214;-0.4503;146.8843;180.9;300.0;300.0;166.6
495.5;1.3429;1.3384;0.0878;0.0000;150;148;-0.0049;147.9695;-1.2290;-0.4503;147.6839;180.9;300.0;300.0;166.9
496.0;1.3434;1.3407;0.0985;-0.0053;152;148;-0.0049;148.6107;-1.2366;-0.4503;148.4835;181.5;300.0;300.0;167.2
496.5;1.3439;1.3434;0.1496;0.0000;152;150;0.0733;149.2977;-1.2366;-0.4503;149.2831;180.9;300.0;300.0;166.0
497.0;1.3452;1.3457;0.2832;-0.0107;159;148;-0.0929;149.9771;-1.2443;-0.4284;149.2831;181.5;300.0;300.0;168.3
497.5;1.3462;1.3480;0.2489;0.0000;153;152;-0.0147;150.6260;-1.2443;-0.4284;150.0827;181.2;300.0;300.0;166.9
498.0;1.3480;1.3507;0.3435;0.0000;157;148;-0.0147;151.3435;-1.2519;-0.4064;150.8824;181.2;300.0;300.0;166.0
498.5;1.3494;1.3530;0.2550;-0.0053;159;150;-0.0147;151.9924;-1.2595;-0.4064;151.6820;179.8;300.0;300.0;166.0
499.0;1.3512;1.3553;0.2458;0.0000;155;150;-0.0147;152.7099;-1.2595;-0.4064;152.4816;180.6;300.0;300.0;165.7
499.5;1.3530;1.3576;0.1817;-0.0053;157;150;-0.0147;153.3588;-1.2672;-0.4064;153.2812;179.8;300.0;300.0;166.0
500.0;1.3544;1.3599;0.1496;-0.0053;155;152;-0.0147;154.0000;-1.2748;-0.3844;153.2812;179.8;300.0;300.0;166.9
500.5;1.3553;1.3626;0.0511;-0.0053;155;152;-0.0049;154.6412;-1.2748;-0.3844;154.0808;180.1;300.0;300.0;166.0
501.0;1.3567;1.3649;-0.0908;0.0000;153;157;0.0831;155.3282;-1.2824;-0.3844;154.8804;179.8;300.0;300.0;165.7
501.5;1.3581;1.3672;-0.0863;0.0000;153;155;-0.0831;156.0076;-1.2824;-0.4064;155.6800;179.8;300.0;300.0;165.4
502.0;1.3594;1.3695;-0.2053;-0.0053;155;155;0.0049;156.6488;-1.2901;-0.4064;156.4796;180.4;300.0;300.0;166.6
502.5;1.3613;1.3718;-0.1550;-0.0053;155;157;0.0831;157.3359;-1.2977;-0.4064;157.2792;180.6;300.0;300.0;166.6
503.0;1.3631;1.3741;-0.2733;-0.0053;153;159;0.0049;158.0611;-1.2977;-0.4064;157.2792;179.8;300.0;300.0;166.0
503.5;1.3645;1.3764;-0.2748;0.0000;152;159;0.0049;158.7786;-1.3053;-0.4284;158.0788;179.8;300.0;300.0;165.1
504.0;1.3663;1.3787;-0.3168;0.0000;153;161;0.0831;159.4657;-1.3053;-0.4284;158.8785;179.5;300.0;300.0;165.7
504.5;1.3686;1.3810;-0.2473;0.0000;153;159;0.0831;160.1450;-1.3130;-0.4284;159.6781;180.1;300.0;300.0;165.4
505.0;1.3713;1.3832;-0.2076;0.0000;153;157;0.0831;160.9084;-1.3206;-0.4503;160.4777;179.2;300.0;300.0;165.1
505.5;1.3736;1.3855;-0.1458;0.0000;153;155;-0.0831;161.5954;-1.3282;-0.4503;161.2773;180.6;300.0;300.0;165.1
506.0;1.3773;1.3878;-0.1756;0.0000;150;155;0.0831;162.3588;-1.3282;-0.4503;162.0769;179.8;300.0;300.0;164.8
506.5;1.3805;1.3901;-0.2328;0.0000;150;153;-0.0733;163.0458;-1.3359;-0.4503;162.8765;180.6;300.0;300.0;165.7
507.0;1.3846;1.3924;-0.1618;0.0000;148;152;0.0049;163.8473;-1.3435;-0.4723;163.6761;181.2;300.0;300.0;166.0
507.5;1.3878;1.3942;-0.2458;-0.0053;146;150;0.0049;164.5725;-1.3511;-0.4723;164.4757;180.6;300.0;300.0;166.0
508.0;1.3910;1.3965;-0.1656;0.0000;144;152;0.0049;165.2901;-1.3511;-0.4723;165.2753;179.8;300.0;300.0;165.4
508.5;1.3942;1.3988;-0.2786;0.0000;142;150;0.0049;166.0153;-1.3588;-0.4943;165.2753;180.6;300.0;300.0;165.1
509.0;1.3974;1.4011;-0.2863;0.0000;142;148;0.0049;166.7405;-1.3664;-0.4943;166.0750;180.1;300.0;300.0;164.8
509.5;1.4011;1.4034;-0.3252;0.0000;140;148;0.0049;167.4657;-1.3740;-0.4943;166.8746;179.8;300.0;300.0;164.5
510.0;1.4043;1.4052;-0.2420;0.0000;140;146;0.0049;168.1832;-1.3817;-0.5163;167.6742;179.8;300.0;300.0;165.4
510.5;1.4075;1.4075;-0.1450;0.0145;138;146;0.0049;168.9084;-1.3817;-0.5163;168.4738;181.2;300.0;300.0;164.5
511.0;1.4103;1.4098;-0.2160;0.0000;142;142;0.0831;169.5954;-1.3893;-0.5163;169.2734;182.1;300.0;300.0;166.9
511.5;1.4121;1.4116;-0.1527;0.0000;140;144;0.0831;170.3588;-1.3969;-0.5163;170.0730;181.5;300.0;300.0;166.0
512.0;1.4135;1.4139;-0.1893;0.0046;138;148;0.0049;171.0763;-1.4046;-0.5382;170.8726;182.4;300.0;300.0;166.6
512.5;1.4148;1.4162;-0.0878;0.0046;142;148;0.0831;171.7634;-1.4122;-0.5382;171.6722;182.4;300.0;300.0;166.6
513.0;1.4162;1.4180;-0.1664;0.0046;142;148;0.0049;172.4886;-1.4198;-0.5382;172.4718;181.8;300.0;300.0;165.4
513.5;1.4171;1.4203;-0.0702;0.0000;146;148;-0.0831;173.1679;-1.4198;-0.5382;172.4718;180.6;300.0;300.0;165.4
514.0;1.4185;1.4226;-0.1328;0.0000;146;152;0.1613;173.8931;-1.4275;-0.5382;173.2714;180.6;300.0;300.0;164.5
514.5;1.4194;1.4245;-0.1733;0.0000;146;153;0.0831;174.5725;-1.4351;-0.5382;174.0710;180.4;300.0;300.0;164.8
515.0;1.4212;1.4267;-0.2397;0.0000;146;155;0.0831;175.3435;-1.4427;-0.5602;174.8707;180.4;300.0;300.0;164.5
515.5;1.4240;1.4286;-0.2168;0.0000;146;153;0.0049;176.0611;-1.4504;-0.5602;175.6703;180.1;300.0;300.0;164.2
516.0;1.4272;1.4309;-0.1008;0.0046;144;152;0.0831;176.8244;-1.4580;-0.5602;176.4699;180.9;300.0;300.0;164.5
516.5;1.4290;1.4327;-0.1634;0.0000;146;152;0.0831;177.5115;-1.4656;-0.5602;177.2695;180.6;300.0;300.0;164.5
517.0;1.4313;1.4345;-0.0611;0.0000;146;150;-0.0049;178.2366;-1.4733;-0.5602;178.0691;180.6;300.0;300.0;163.9
517.5;1.4332;1.4368;-0.1252;0.0000;146;150;-0.0831;178.9160;-1.4809;-0.5822;178.8687;180.4;300.0;300.0;163.9
518.0;1.4354;1.4386;-0.0443;0.0000;146;150;0.0733;179.6794;-1.4885;-0.5822;179.6683;180.6;300.0;300.0;163.9
518.5;1.4377;1.4409;-0.0153;0.0046;146;150;-0.0049;180.4046;-1.4962;-0.5822;179.6683;179.8;300.0;300.0;163.6
519.0;1.4391;1.4428;0.0634;0.0000;150;148;-0.0831;181.0840;-1.4962;-0.5822;180.4679;180.6;300.0;300.0;164.5
519.5;1.4400;1.4446;0.0420;0.0000;150;150;0.0733;181.7710;-1.5038;-0.5822;181.2675;179.5;300.0;300.0;163.9
520.0;1.4405;1.4469;-0.0458;0.0046;148;153;0.0733;182.4504;-1.5114;-0.5822;182.0671;181.2;300.0;300.0;164.8
520.5;1.4409;1.4487;-0.0794;0.0046;150;155;0.0831;183.1374;-1.5191;-0.5822;182.8667;180.9;300.0;300.0;163.9
521.0;1.4423;1.4505;-0.1466;0.0046;152;157;0.0831;183.9008;-1.5267;-0.5822;183.6664;181.5;300.0;300.0;165.1
521.5;1.4441;1.4524;-0.0450;0.0099;150;157;-0.0049;184.6260;-1.5344;-0.5822;184.4660;182.1;300.0;300.0;164.2
522.0;1.4464;1.4547;-0.1939;0.0046;150;157;0.0831;185.3893;-1.5420;-0.5822;185.2656;180.9;300.0;300.0;163.9
522.5;1.4496;1.4565;-0.1061;0.0145;146;155;0.0831;186.1527;-1.5496;-0.5822;186.0652;182.4;300.0;300.0;163.6
523.0;1.4524;1.4583;-0.2405;0.0099;144;153;0.0831;186.9160;-1.5573;-0.6042;186.8648;181.8;300.0;300.0;163.0
523.5;1.4547;1.4602;-0.2099;0.0145;144;153;0.0831;187.5954;-1.5649;-0.6042;186.8648;182.4;300.0;300.0;163.3
524.0;1.4565;1.4620;-0.1366;0.0198;144;153;-0.0049;188.3206;-1.5725;-0.6042;187.6644;183.6;300.0;300.0;163.0
524.5;1.4574;1.4638;-0.0863;0.0145;148;152;0.0831;189.0076;-1.5802;-0.6042;188.4640;182.4;300.0;300.0;163.0
525.0;1.4588;1.4657;-0.0588;0.0145;148;153;-0.0049;189.7252;-1.5878;-0.6042;189.2636;182.1;300.0;300.0;163.0
525.5;1.4602;1.4675;-0.1260;0.0145;148;155;0.0831;190.4886;-1.5954;-0.6042;190.0632;182.7;300.0;300.0;163.3
526.0;1.4629;1.4698;0.0168;0.0145;148;152;0.0733;191.2519;-1.6031;-0.6042;190.8629;183.0;300.0;300.0;164.2
526.5;1.4657;1.4716;-0.0473;0.0145;146;153;0.0733;192.0153;-1.6107;-0.6042;191.6625;182.1;300.0;300.0;163.0
527.0;1.4679;1.4734;0.0962;0.0145;148;150;-0.0049;192.7405;-1.6183;-0.6042;192.4621;181.2;300.0;300.0;162.5
527.5;1.4693;1.4753;0.0168;0.0145;146;150;-0.0049;193.4657;-1.6260;-0.6042;193.2617;180.9;300.0;300.0;162.5
528.0;1.4721;1.4766;-0.0168;0.0099;148;150;0.0733;194.2290;-1.6336;-0.6042;194.0613;180.6;300.0;300.0;162.2
528.5;1.4744;1.4785;-0.0733;0.0145;142;152;0.0733;194.9924;-1.6412;-0.6042;194.8609;181.5;300.0;300.0;162.5
529.0;1.4766;1.4803;-0.0466;0.0145;144;150;0.0733;195.7557;-1.6489;-0.6261;195.6605;181.8;300.0;300.0;162.2
529.5;1.4789;1.4821;0.1160;0.0099;148;146;-0.0929;196.5191;-1.6565;-0.6042;196.4601;181.5;300.0;300.0;163.0
530.0;1.4812;1.4840;0.0962;0.0046;148;144;-0.0049;197.3206;-1.6641;-0.6042;197.2597;180.6;300.0;300.0;163.0
530.5;1.4840;1.4858;0.1641;0.0000;148;144;-0.0929;198.0840;-1.6718;-0.6042;198.0593;180.6;300.0;300.0;164.5
531.0;1.4872;1.4876;0.0145;0.0099;142;146;-0.0049;198.8931;-1.6794;-0.6042;198.8589;180.9;300.0;300.0;163.3
531.5;1.4899;1.4895;0.0748;0.0046;144;142;0.0733;199.6565;-1.6870;-0.6042;199.6586;180.6;300.0;300.0;163.0
532.0;1.4918;1.4908;-0.0466;0.0099;142;146;-0.0049;200.4580;-1.7023;-0.6042;200.4582;179.5;300.0;300.0;162.5
532.5;1.4931;1.4927;0.0985;0.0046;146;142;-0.0049;201.1832;-1.7023;-0.6042;200.4582;179.8;300.0;300.0;163.0
533.0;1.4945;1.4945;0.0328;0.0099;144;146;0.0733;201.9466;-1.7176;-0.6042;201.2578;179.2;300.0;300.0;161.9
533.5;1.4959;1.4963;0.0084;0.0099;144;146;-0.0049;202.6641;-1.7176;-0.6042;202.0574;178.3;300.0;300.0;161.9
534.0;1.4977;1.4977;0.0092;0.0046;146;144;-0.0831;203.4351;-1.7328;-0.6042;202.8570;178.6;300.0;300.0;162.8
534.5;1.4991;1.4995;0.0710;0.0000;146;142;-0.0831;204.1985;-1.7405;-0.6042;203.6566;177.1;300.0;300.0;162.2
535.0;1.5014;1.5014;0.3809;0.0000;150;140;-0.1026;204.9618;-1.7481;-0.5822;204.4562;177.1;300.0;300.0;162.8
535.5;1.5032;1.5027;0.3244;-0.0107;150;136;-0.0929;205.8015;-1.7557;-0.5822;205.2558;175.4;300.0;300.0;162.2
536.0;1.5046;1.5046;0.4611;-0.0153;152;138;-0.0244;206.5267;-1.7634;-0.5602;206.0554;174.5;300.0;300.0;162.2
536.5;1.5064;1.5060;0.3046;-0.0206;152;140;-0.1808;207.3282;-1.7710;-0.5602;206.8550;174.2;300.0;300.0;163.0
537.0;1.5082;1.5078;0.3221;-0.0305;152;136;-0.0929;208.0916;-1.7786;-0.5382;207.6547;173.6;300.0;300.0;163.9
537.5;1.5105;1.5092;0.3168;-0.0405;152;136;-0.0147;208.9008;-1.7863;-0.5382;208.4543;171.3;300.0;300.0;165.7
538.0;1.5119;1.5110;0.3252;-0.0405;148;138;-0.0147;209.6183;-1.7863;-0.5382;209.2539;170.7;300.0;300.0;163.0
538.5;1.5133;1.5124;0.2802;-0.0405;148;140;-0.0147;210.4275;-1.7939;-0.5163;210.0535;169.2;300.0;300.0;162.8
539.0;1.5151;1.5142;0.1573;-0.0504;150;140;-0.0147;211.2290;-1.8015;-0.5163;210.8531;168.9;300.0;300.0;163.3
539.5;1.5169;1.5156;0.1550;-0.0450;146;142;-0.0929;211.9924;-1.8092;-0.5163;211.6527;168.0;300.0;300.0;162.8
540.0;1.5192;1.5174;0.0809;-0.0557;148;138;-0.0049;212.7939;-1.8168;-0.5163;212.4523;167.2;300.0;300.0;163.0
540.5;1.5220;1.5188;0.2374;-0.0557;148;138;-0.0929;213.5573;-1.8244;-0.4943;213.2519;166.3;300.0;300.0;162.5
541.0;1.5234;1.5206;0.1733;-0.0656;148;136;-0.0929;214.3206;-1.8321;-0.4943;214.0515;164.8;300.0;300.0;162.5
541.5;1.5247;1.5220;0.2832;-0.0656;148;138;-0.0147;215.1298;-1.8397;-0.4943;214.8512;163.9;300.0;300.0;162.2
542.0;1.5252;1.5234;0.1542;-0.0702;148;140;-0.0929;215.8931;-1.8397;-0.4943;215.6508;163.6;300.0;300.0;162.2
542.5;1.5261;1.5252;0.1687;-0.0656;146;142;0.0733;216.6565;-1.8473;-0.4723;216.4504;163.0;300.0;300.0;161.6
543.0;1.5266;1.5266;0.2412;-0.0656;150;142;-0.0147;217.3741;-1.8550;-0.4723;217.2500;162.5;300.0;300.0;160.7
543.5;1.5279;1.5279;0.2527;-0.0702;152;142;-0.0147;218.1832;-1.8626;-0.4723;218.0496;161.3;300.0;300.0;160.4
544.0;1.5293;1.5293;0.2710;-0.0656;150;142;-0.0929;218.9466;-1.8702;-0.4503;218.8492;161.0;300.0;300.0;159.2
544.5;1.5311;1.5311;0.1130;-0.0656;150;144;-0.0049;219.7481;-1.8779;-0.4503;219.6488;160.7;300.0;300.0;158.7
545.0;1.5325;1.5325;0.1824;-0.0702;150;142;-0.0147;220.4733;-1.8779;-0.4503;220.4484;161.9;300.0;300.0;160.7
545.5;1.5330;1.5339;0.0809;-0.0557;144;146;-0.0929;221.2366;-1.8855;-0.4503;220.4484;161.6;300.0;300.0;157.5
546.0;1.5334;1.5353;0.2000;-0.0504;150;146;0.0635;222.0000;-1.8931;-0.4503;221.2480;161.6;300.0;300.0;156.0
546.5;1.5348;1.5366;0.1366;-0.0405;148;148;-0.0147;222.8015;-1.9008;-0.4284;222.0476;161.9;300.0;300.0;154.3
547.0;1.5353;1.5385;0.2740;-0.0305;150;146;-0.0147;223.5267;-1.9008;-0.4284;222.8472;162.8;300.0;300.0;153.1
547.5;1.5348;1.5398;0.1573;-0.0153;150;150;-0.0147;224.2519;-1.9084;-0.4284;223.6469;163.0;300.0;300.0;151.3
548.0;1.5339;1.5412;0.1420;-0.0107;153;152;-0.0147;224.9695;-1.9160;-0.4284;224.4465;163.6;300.0;300.0;150.1
548.5;1.5339;1.5426;0.2756;0.0145;153;155;-0.0929;225.7328;-1.9160;-0.4064;225.2461;166.3;300.0;300.0;148.7
549.0;1.5343;1.5440;0.2450;0.0244;157;153;-0.0147;226.5420;-1.9237;-0.4064;226.0457;167.4;300.0;300.0;146.3
549.5;1.5348;1.5453;0.3092;0.0397;155;153;-0.0929;227.3053;-1.9313;-0.4064;226.8453;168.9;300.0;300.0;145.2
550.0;1.5353;1.5467;0.1458;0.0550;153;157;0.0733;228.0687;-1.9313;-0.3844;227.6449;169.5;300.0;300.0;143.7
550.5;1.5362;1.5481;0.1672;0.0695;155;159;0.0733;228.8321;-1.9389;-0.3844;228.4445;172.4;300.0;300.0;142.8
551.0;1.5357;1.5495;0.0313;0.0847;153;159;0.0733;229.5954;-1.9466;-0.3844;229.2441;174.2;300.0;300.0;142.5
551.5;1.5366;1.5508;0.1145;0.1649;142;175;-0.0049;230.3969;-1.9466;-0.3844;217.2500;179.8;300.0;300.0;142.5
552.0;1.5371;1.5522;0.1015;0.1695;157;161;-0.0049;231.1221;-1.9542;-0.3844;218.0496;182.4;300.0;300.0;141.3
552.5;1.5366;1.5531;0.0344;0.1695;157;161;0.0733;231.8855;-1.9618;-0.3844;218.8492;186.5;300.0;300.0;141.6
553.0;1.5362;1.5545;0.0634;0.1695;159;163;-0.0049;232.6107;-1.9618;-0.3844;219.6488;190.0;300.0;300.0;141.1
553.5;1.5366;1.5559;0.0870;0.1649;161;161;-0.0929;233.4504;-1.9695;-0.3844;220.4484;196.5;300.0;300.0;141.9
554.0;1.5366;1.5572;0.2389;0.1695;163;161;-0.0147;234.1756;-1.9771;-0.3624;221.2480;202.1;300.0;300.0;141.3
554.5;1.5375;1.5586;0.2229;0.1649;165;161;-0.0147;234.9771;-1.9771;-0.3624;222.0476;207.6;300.0;300.0;142.2
555.0;1.5394;1.5600;0.3153;0.1649;163;159;-0.0147;235.7863;-1.9847;-0.3624;222.8472;215.2;300.0;300.0;142.2
555.5;1.5417;1.5609;0.1832;0.1550;161;157;0.0733;236.6260;-1.9924;-0.3405;223.6469;222.3;300.0;300.0;143.4
556.0;1.5430;1.5623;0.1817;0.1550;159;159;0.0733;237.3893;-1.9924;-0.3405;224.4465;242.2;300.0;300.0;143.7
556.5;1.5444;1.5636;0.0580;0.1397;159;155;-0.0831;238.1527;-2.0000;-0.3405;225.2461;252.5;300.0;300.0;144.9
557.0;1.5458;1.5646;0.1000;0.1244;159;153;-0.0049;238.9618;-2.0000;-0.3405;226.0457;270.4;300.0;300.0;147.2
557.5;1.5472;1.5659;0.1107;0.1198;159;155;-0.0929;239.7252;-2.0076;-0.3405;226.8453;289.1;300.0;300.0;149.0
558.0;1.5490;1.5673;0.0191;0.1046;157;153;-0.0049;240.5267;-2.0076;-0.3405;227.6449;300.0;300.0;300.0;150.7
558.5;1.5513;1.5682;0.0328;0.0595;163;146;-0.0049;241.3282;-2.0153;-0.3405;228.4445;300.0;300.0;300.0;156.0
559.0;1.5536;1.5696;-0.0023;0.0000;165;142;-0.0049;242.1298;-2.0229;-0.3405;229.2441;300.0;300.0;300.0;159.2
559.5;1.5559;1.5705;0.1565;0.0000;153;150;-0.0929;242.9771;-2.0229;-0.3185;230.0437;300.0;300.0;300.0;161.9
560.0;1.5582;1.5719;0.1084;0.0000;153;150;-0.0049;243.7786;-2.0305;-0.3185;230.8433;300.0;300.0;300.0;165.7
560.5;1.5604;1.5733;0.2305;-0.0206;157;142;-0.0147;244.5878;-2.0305;-0.3185;231.6429;300.0;300.0;300.0;171.3
561.0;1.5636;1.5742;0.1389;-0.0603;157;136;-0.0929;245.4275;-2.0382;-0.3185;232.4426;300.0;300.0;300.0;173.3
561.5;1.5664;1.5755;0.1916;-0.0756;153;138;-0.0147;246.2290;-2.0458;-0.3185;233.2422;300.0;300.0;300.0;175.4
562.0;1.5691;1.5765;0.2649;-0.1107;155;132;-0.0147;247.0382;-2.0458;-0.2965;234.0418;300.0;300.0;300.0;180.6
562.5;1.5723;1.5774;0.2840;-0.1206;150;134;0.0635;247.8779;-2.0534;-0.2965;234.8414;300.0;300.0;300.0;181.2
563.0;1.5755;1.5788;0.2931;-0.1351;150;132;-0.0929;248.7252;-2.0534;-0.2746;235.6410;300.0;300.0;300.0;183.0
563.5;1.5783;1.5797;0.1580;-0.1405;144;134;-0.0147;249.5267;-2.0611;-0.2746;236.4406;300.0;300.0;300.0;184.2
564.0;1.5801;1.5810;0.1046;-0.1656;146;128;0.0733;250.2672;-2.0611;-0.2746;237.2402;300.0;300.0;300.0;187.1
564.5;1.5820;1.5820;0.0038;-0.1656;142;136;-0.0049;250.2672;-2.0687;-0.2746;238.0398;300.0;300.0;300.0;187.1
565.0;1.5838;1.5829;0.0611;-0.1802;144;132;-0.0049;250.2672;-2.0687;-0.2746;238.8394;300.0;300.0;300.0;189.7
565.5;1.5856;1.5842;-0.0885;-0.1702;136;138;-0.0049;250.2672;-2.0763;-0.2746;239.6391;300.0;300.0;300.0;188.3
566.0;1.5875;1.5852;-0.0107;-0.1656;140;136;-0.0049;250.2672;-2.0763;-0.2746;240.4387;300.0;300.0;300.0;187.1
566.5;1.5893;1.5861;-0.1107;-0.1557;136;138;-0.0049;250.2672;-2.0840;-0.2746;241.2383;300.0;300.0;300.0;186.5
567.0;1.5907;1.5875;-0.1595;-0.1351;134;142;0.0831;250.2672;-2.0840;-0.2965;242.8375;300.0;300.0;300.0;183.9
567.5;1.5916;1.5884;-0.0634;-0.1252;138;138;-0.0831;250.2672;-2.0916;-0.2965;242.8375;300.0;300.0;300.0;182.4
568.0;1.5929;1.5893;-0.0412;-0.1053;136;140;-0.0049;250.2672;-2.0916;-0.2965;243.6371;300.0;300.0;300.0;178.9
568.5;1.5929;1.5902;0.0382;-0.0954;140;138;-0.0049;250.2672;-2.0992;-0.2965;244.4367;300.0;300.0;300.0;178.6
569.0;1.5939;1.5911;-0.0695;-0.1053;144;136;-0.0049;250.2672;-2.0992;-0.2965;245.2363;300.0;300.0;300.0;178.9
569.5;1.5943;1.5920;-0.0557;-0.0802;138;144;-0.0049;250.2672;-2.1069;-0.2965;246.0359;300.0;300.0;300.0;176.2
570.0;1.5948;1.5934;-0.1664;-0.0802;142;142;0.0049;250.2672;-2.1069;-0.2965;246.8355;300.0;300.0;300.0;176.0
570.5;1.5952;1.5943;-0.1496;-0.0656;140;144;0.0049;250.2672;-2.1145;-0.2965;247.6351;300.0;300.0;300.0;173.9
571.0;1.5966;1.5952;-0.1626;-0.0603;142;144;0.0049;250.2672;-2.1145;-0.2965;248.4348;300.0;300.0;300.0;173.3
571.5;1.5980;1.5962;-0.1450;-0.0504;140;144;0.0831;250.2672;-2.1221;-0.3185;250.0340;300.0;300.0;300.0;171.8
572.0;1.5994;1.5971;-0.1863;-0.0504;140;142;0.0831;250.2672;-2.1221;-0.3185;250.8336;300.0;300.0;300.0;171.8
572.5;1.5998;1.5980;-0.2237;-0.0450;138;144;0.0049;250.2672;-2.1298;-0.3185;251.6332;300.0;300.0;300.0;171.6
573.0;1.6007;1.5989;-0.1099;-0.0450;142;142;-0.0049;250.2672;-2.1374;-0.3185;252.4328;300.0;300.0;300.0;171.0
573.5;1.6007;1.5998;-0.1580;-0.0603;144;140;0.0831;250.2672;-2.1374;-0.3185;253.2324;300.0;300.0;300.0;173.6
574.0;1.6021;1.6007;-0.0481;-0.0504;140;144;0.0733;250.2672;-2.1450;-0.3405;254.0320;300.0;300.0;300.0;172.1
574.5;1.6030;1.6016;-0.0763;-0.0450;140;144;0.0733;250.2672;-2.1450;-0.3405;254.8316;300.0;300.0;300.0;171.0
575.0;1.6039;1.6026;-0.0366;-0.0450;142;140;-0.0049;250.2672;-2.1527;-0.3405;255.6312;300.0;300.0;300.0;171.0
575.5;1.6053;1.6030;-0.0962;-0.0351;138;144;-0.0049;250.2672;-2.1603;-0.3405;256.4308;300.0;300.0;300.0;170.7
576.0;1.5989;1.6039;-0.0252;-0.0656;157;138;0.0733;250.2672;-2.1603;-0.3405;257.2305;300.0;300.0;300.0;173.9
576.5;1.5943;1.6049;-0.0038;-0.0656;159;152;0.1515;250.2672;-2.1679;-0.3405;258.0301;300.0;300.0;300.0;174.8
577.0;1.5907;1.6058;-0.1198;-0.0603;161;159;0.0831;250.2672;-2.1679;-0.3405;258.8297;300.0;300.0;300.0;173.0
577.5;1.5884;1.6067;-0.1206;-0.0450;161;165;0.0831;250.2672;-2.1756;-0.3405;259.6293;300.0;300.0;300.0;171.6
578.0;1.5884;1.6071;-0.1832;-0.0504;163;163;0.0831;250.2672;-2.1832;-0.3405;260.4289;300.0;300.0;300.0;172.7
578.5;1.5893;1.6081;-0.1008;-0.0450;161;163;-0.0049;250.2672;-2.1832;-0.3624;261.2285;300.0;300.0;300.0;171.3
579.0;1.5902;1.6090;-0.1214;-0.0351;157;163;0.0831;250.2672;-2.1908;-0.3624;262.0281;300.0;300.0;300.0;170.7
579.5;1.5920;1.6099;-0.0031;-0.0351;157;157;0.0733;250.2672;-2.1985;-0.3624;262.8277;300.0;300.0;300.0;170.4
580.0;1.5943;1.6103;-0.0450;-0.0351;155;157;0.0733;250.2672;-2.1985;-0.3624;263.6273;300.0;300.0;300.0;170.4
580.5;1.5971;1.6113;-0.0443;-0.0450;153;150;-0.0831;250.2672;-2.2061;-0.3624;264.4269;300.0;300.0;300.0;171.0
581.0;1.5989;1.6122;-0.0885;-0.0351;148;153;-0.0049;250.2672;-2.2137;-0.3624;265.2266;300.0;300.0;300.0;170.7
581.5;1.6007;1.6126;-0.0710;-0.0351;150;150;-0.0049;250.2672;-2.2137;-0.3624;266.0262;300.0;300.0;300.0;170.4
582.0;1.6030;1.6136;-0.0405;-0.0450;150;144;-0.0831;250.2672;-2.2214;-0.3624;266.8258;300.0;300.0;300.0;171.0
582.5;1.6053;1.6140;-0.1237;-0.0450;144;146;-0.0049;250.2672;-2.2290;-0.3624;267.6254;300.0;300.0;300.0;171.3
583.0;1.6076;1.6149;-0.0702;-0.0351;142;144;-0.0831;250.2672;-2.2290;-0.3624;268.4250;300.0;300.0;300.0;170.4
583.5;1.6099;1.6158;-0.1321;-0.0351;140;140;-0.0831;250.2672;-2.2366;-0.3624;270.0242;300.0;300.0;300.0;170.7
584.0;1.6117;1.6163;-0.0237;-0.0351;140;138;-0.0049;250.2672;-2.2443;-0.3844;270.8238;300.0;299.7;300.0;170.1
584.5;1.6145;1.6172;0.0321;-0.0351;140;136;-0.0831;250.2672;-2.2519;-0.3624;271.6234;300.0;299.7;300.0;170.1
585.0;1.6172;1.6177;0.1527;-0.0603;144;126;-0.0147;250.2672;-2.2519;-0.3624;272.4230;300.0;299.7;300.0;173.0
585.5;1.6195;1.6181;0.1908;-0.0450;136;134;-0.0147;250.2672;-2.2595;-0.3624;273.2227;300.0;299.1;300.0;171.6
586.0;1.6218;1.6190;0.2489;-0.0351;136;130;-0.0147;250.2672;-2.2672;-0.3624;274.0223;300.0;297.4;300.0;170.4
586.5;1.6232;1.6195;0.3832;-0.0305;138;126;-0.0147;250.2672;-2.2672;-0.3405;274.8219;300.0;296.2;300.0;169.5
587.0;1.6241;1.6204;0.3985;-0.0351;140;124;-0.1808;250.2672;-2.2748;-0.3405;275.6215;300.0;294.4;300.0;170.1
587.5;1.6250;1.6209;0.4550;-0.0305;140;124;-0.1026;250.2672;-2.2748;-0.3185;276.4211;300.0;294.4;300.0;169.5
588.0;1.6268;1.6213;0.3298;-0.0305;138;126;-0.0929;250.2672;-2.2824;-0.3185;277.2207;300.0;293.3;300.0;169.2
588.5;1.6291;1.6223;0.3458;-0.0305;138;124;-0.0147;250.2672;-2.2901;-0.2965;278.0203;300.0;292.1;300.0;169.5
589.0;1.6310;1.6227;0.2168;-0.0450;136;120;-0.0929;250.2672;-2.2901;-0.2965;278.8199;300.0;290.9;300.0;171.6
589.5;1.6319;1.6232;0.1992;-0.0450;134;124;-0.0147;250.2672;-2.2977;-0.2965;279.6195;300.0;290.3;300.0;171.0
590.0;1.6323;1.6236;0.1481;-0.0351;132;128;-0.0147;250.2672;-2.2977;-0.2746;280.4192;300.0;290.3;300.0;170.4
590.5;1.6332;1.6245;0.1634;-0.0305;132;126;-0.0147;250.2672;-2.3053;-0.2746;281.2188;300.0;289.7;300.0;169.5
591.0;1.6332;1.6250;0.1153;-0.0450;138;124;-0.0049;250.2672;-2.3053;-0.2746;282.0184;300.0;289.1;300.0;171.3
591.5;1.6337;1.6255;0.0832;-0.0351;132;132;-0.0049;250.2672;-2.3130;-0.2746;282.8180;300.0;287.7;300.0;170.4
592.0;1.6332;1.6259;0.1863;-0.0351;136;128;-0.0147;250.2672;-2.3130;-0.2746;283.6176;300.0;287.1;300.0;170.4
592.5;1.6337;1.6264;0.1550;-0.0450;140;128;-0.0147;250.2672;-2.3206;-0.2746;284.4172;300.0;286.5;300.0;171.0
593.0;1.6337;1.6268;0.2115;-0.0656;142;126;-0.0929;250.2672;-2.3206;-0.2526;285.2168;300.0;285.3;300.0;173.9
593.5;1.6342;1.6273;0.1389;-0.0603;136;132;0.0733;250.2672;-2.3282;-0.2526;286.0164;300.0;284.5;300.0;173.3
594.0;1.6342;1.6282;0.1664;-0.0603;138;132;-0.0147;250.2672;-2.3282;-0.2526;286.8160;300.0;283.9;300.0;173.0
594.5;1.6342;1.6287;0.1084;-0.0450;134;136;-0.0049;250.2672;-2.3359;-0.2526;287.6156;300.0;284.5;300.0;171.0
595.0;1.6346;1.6291;0.1344;-0.0504;140;132;-0.0049;250.2672;-2.3359;-0.2526;288.4153;300.0;284.5;300.0;172.1
595.5;1.6337;1.6296;0.1748;-0.0504;140;134;-0.0147;250.2672;-2.3359;-0.2306;289.2148;300.0;284.8;300.0;172.7
596.0;1.6323;1.6300;0.1878;-0.0450;142;136;-0.0147;250.2672;-2.3435;-0.2306;290.0145;300.0;283.3;300.0;171.0
596.5;1.6305;1.6305;0.1924;-0.0504;148;136;-0.0147;250.2672;-2.3435;-0.2306;290.8141;300.0;282.1;300.0;171.8
597.0;1.6296;1.6310;0.1374;-0.0351;144;142;-0.0049;250.2672;-2.3511;-0.2306;291.6137;300.0;283.9;300.0;170.7
597.5;1.6287;1.6310;0.1908;-0.0450;150;138;-0.0929;250.2672;-2.3511;-0.2086;293.2129;300.0;283.3;300.0;171.0
598.0;1.6273;1.6314;0.1328;-0.0351;148;144;-0.0049;250.2672;-2.3511;-0.2086;294.0125;300.0;282.1;300.0;170.7
598.5;1.6259;1.6319;0.1718;-0.0351;152;142;-0.0147;250.2672;-2.3588;-0.2086;294.8121;300.0;281.2;300.0;170.7
599.0;1.6241;1.6323;0.1206;-0.0351;152;146;-0.0049;250.2672;-2.3588;-0.2086;295.6117;300.0;281.2;300.0;170.4
599.5;1.6227;1.6328;0.0534;-0.0305;152;150;-0.0049;250.2672;-2.3588;-0.2086;296.4113;300.0;280.6;300.0;169.5
600.0;1.6213;1.6332;0.0237;-0.0351;153;150;-0.0049;250.2672;-2.3664;-0.2086;297.2109;300.0;280.6;300.0;170.1
600.5;1.6204;1.6332;0.0359;-0.0305;152;152;-0.0831;250.2672;-2.3664;-0.2086;298.0106;300.0;279.2;300.0;169.5
601.0;1.6204;1.6337;0.0687;-0.0351;155;150;0.0733;250.2672;-2.3740;-0.2086;298.8102;300.0;279.2;300.0;170.7
601.5;1.6200;1.6342;-0.0168;-0.0351;152;152;-0.0049;250.2672;-2.3740;-0.2086;299.6098;300.0;279.2;300.0;170.4
602.0;1.6195;1.6346;0.0008;-0.0351;152;150;0.0733;250.2672;-2.3740;-0.2086;300.4094;300.0;279.2;300.0;170.1
602.5;1.6190;1.6346;-0.0664;-0.0351;152;152;-0.0049;250.2672;-2.3817;-0.2086;301.2090;300.0;279.5;300.0;170.4
603.0;1.6186;1.6351;-0.0481;-0.0305;152;152;-0.0049;250.2672;-2.3817;-0.2086;302.0086;300.0;279.5;300.0;169.2
603.5;1.6181;1.6355;-0.0641;-0.0351;153;152;-0.0049;250.2672;-2.3817;-0.2086;302.8082;300.0;279.5;300.0;170.4
604.0;1.6181;1.6355;-0.0336;-0.0305;152;152;-0.0049;250.2672;-2.3893;-0.2086;303.6078;300.0;280.1;300.0;169.5
604.5;1.6190;1.6360;-0.0221;-0.0305;150;150;0.0733;250.2672;-2.3893;-0.2086;304.4074;300.0;281.2;300.0;169.5
605.0;1.6195;1.6364;-0.0244;-0.0504;153;146;-0.0049;250.2672;-2.3893;-0.2086;305.2071;300.0;281.2;300.0;171.8
605.5;1.6204;1.6364;0.0160;-0.0450;148;148;-0.0049;250.2672;-2.3969;-0.2086;306.0067;300.0;280.1;300.0;172.1
606.0;1.6213;1.6369;0.0550;-0.0504;150;144;-0.0831;250.2672;-2.3969;-0.2086;306.8063;300.0;281.8;300.0;170.7
606.5;1.6223;1.6369;0.1313;-0.0450;148;144;-0.0929;250.2672;-2.3969;-0.2086;307.6059;300.0;281.2;300.0;171.0
607.0;1.6227;1.6374;0.0832;-0.0351;146;144;-0.0049;250.2672;-2.4046;-0.2086;308.4055;300.0;282.1;300.0;170.4
607.5;1.6227;1.6374;0.1084;-0.0351;148;142;-0.0049;250.2672;-2.4046;-0.1867;309.2051;300.0;282.1;300.0;170.1
608.0;1.6236;1.6378;0.0595;-0.0351;148;142;-0.0831;250.2672;-2.4122;-0.1867;310.0047;300.0;282.7;300.0;170.1
608.5;1.6236;1.6378;0.0626;-0.0305;146;142;-0.0049;250.2672;-2.4122;-0.1867;310.8043;300.0;283.9;300.0;169.2
609.0;1.6232;1.6383;0.0542;-0.0450;150;138;-0.0049;250.2672;-2.4122;-0.1867;311.6039;300.0;284.8;300.0;171.3
609.5;1.6227;1.6383;0.0847;-0.0351;146;144;-0.0049;250.2672;-2.4198;-0.1867;312.4035;300.0;285.3;300.0;170.1
610.0;1.6236;1.6383;0.0901;-0.0351;148;142;-0.0049;250.2672;-2.4198;-0.1867;313.2032;300.0;287.1;300.0;170.1
610.5;1.6245;1.6387;0.0496;-0.0450;148;140;-0.0049;250.2672;-2.4198;-0.1867;314.0027;300.0;287.1;300.0;171.6
611.0;1.6250;1.6387;0.1137;-0.0351;144;142;-0.0049;250.2672;-2.4275;-0.1867;314.8024;300.0;288.3;300.0;170.7
611.5;1.6259;1.6387;0.0863;-0.0351;144;140;0.0733;250.2672;-2.4275;-0.1867;315.6020;300.0;288.6;300.0;170.1
612.0;1.6264;1.6392;0.1176;-0.0351;144;138;0.0733;250.2672;-2.4275;-0.1647;316.4016;300.0;288.6;300.0;170.1
612.5;1.6273;1.6392;0.0511;-0.0351;142;138;0.0733;250.2672;-2.4275;-0.1647;317.2012;300.0;289.7;300.0;170.1
613.0;1.6277;1.6392;0.0771;-0.0351;142;138;-0.0831;250.2672;-2.4351;-0.1647;318.0008;300.0;288.6;300.0;170.1
613.5;1.6282;1.6392;0.0191;-0.0351;140;138;0.0733;250.2672;-2.4351;-0.1647;318.8004;300.0;290.3;300.0;170.4
614.0;1.6296;1.6392;-0.0031;-0.0351;138;138;0.0733;250.2672;-2.4351;-0.1647;319.6000;300.0;290.9;300.0;170.4
614.5;1.6314;1.6397;0.0008;-0.0351;136;136;-0.0049;250.2672;-2.4427;-0.1647;321.1992;300.0;292.1;300.0;170.1
615.0;1.6337;1.6397;-0.0221;-0.0504;138;132;0.0733;250.2672;-2.4427;-0.1647;321.9988;300.0;292.1;300.0;172.1
615.5;1.6355;1.6397;-0.0397;-0.0351;128;136;0.0733;250.2672;-2.4427;-0.1647;322.7985;300.0;292.7;300.0;170.7
616.0;1.6374;1.6397;-0.1107;-0.0351;128;132;0.1613;250.2672;-2.4504;-0.1867;323.5981;300.0;294.4;300.0;170.7
616.5;1.6378;1.6397;-0.0527;-0.0450;132;128;0.0733;250.2672;-2.4504;-0.1867;324.3977;300.0;294.4;300.0;171.0
617.0;1.6383;1.6397;-0.0718;-0.0504;128;128;0.0733;250.2672;-2.4504;-0.1867;325.1973;300.0;296.2;300.0;171.0
617.5;1.6383;1.6397;0.0023;-0.0450;128;130;-0.0049;250.2672;-2.4580;-0.1867;325.9969;300.0;296.2;300.0;171.3
618.0;1.6392;1.6397;0.0168;-0.0450;130;128;-0.0049;250.2672;-2.4580;-0.1867;326.7965;300.0;296.8;300.0;171.0
618.5;1.6406;1.6397;0.0466;-0.0351;126;128;0.0733;250.2672;-2.4580;-0.1867;327.5961;300.0;297.4;300.0;170.4
619.0;1.6424;1.6397;0.0473;-0.0450;128;124;-0.0049;250.2672;-2.4656;-0.1867;328.3957;300.0;297.4;300.0;171.0
619.5;1.6442;1.6397;0.0565;-0.0305;122;126;0.0733;250.2672;-2.4656;-0.1647;329.1953;300.0;300.0;300.0;169.5
620.0;1.6461;1.6397;0.0832;-0.0450;126;118;0.0733;250.2672;-2.4656;-0.1647;329.9950;300.0;300.0;300.0;171.3
620.5;1.6474;1.6397;0.0664;-0.0351;120;122;-0.0049;250.2672;-2.4733;-0.1647;330.7946;300.0;300.0;300.0;170.7
621.0;1.6488;1.6397;0.0748;-0.0351;120;120;0.0733;250.2672;-2.4733;-0.1647;331.5942;300.0;300.0;300.0;170.1
621.5;1.6497;1.6397;0.0153;-0.0351;118;120;0.0733;250.2672;-2.4733;-0.1647;332.3938;300.0;300.0;300.0;170.7
622.0;1.6506;1.6397;0.0229;-0.0305;118;120;-0.0049;250.2672;-2.4733;-0.1647;333.1934;300.0;300.0;300.0;169.5
622.5;1.6511;1.6392;-0.0305;-0.0351;118;118;0.0733;250.2672;-2.4809;-0.1647;334.7926;300.0;300.0;300.0;170.1
623.0;1.6511;1.6392;0.0023;-0.0351;118;120;0.1515;250.2672;-2.4809;-0.1647;335.5922;300.0;300.0;300.0;170.4
623.5;1.6516;1.6392;0.0099;-0.0603;124;116;0.0733;250.2672;-2.4809;-0.1647;336.3918;300.0;300.0;300.0;173.3
624.0;1.6506;1.6392;-0.0298;-0.0504;116;124;0.0733;250.2672;-2.4885;-0.1647;337.1914;300.0;300.0;300.0;172.7
624.5;1.6497;1.6392;-0.0336;-0.0450;118;124;0.1613;250.2672;-2.4885;-0.1647;337.9911;300.0;300.0;300.0;171.0
625.0;1.6484;1.6387;-0.0374;-0.0351;120;128;0.1613;250.2672;-2.4885;-0.1647;338.7906;300.0;300.0;300.0;170.1
625.5;1.6484;1.6387;0.0099;-0.0603;126;120;0.0733;250.2672;-2.4962;-0.1647;339.5903;300.0;300.0;300.0;173.0
626.0;1.6479;1.6387;-0.0008;-0.0450;120;130;0.0733;250.2672;-2.4962;-0.1647;340.3899;300.0;300.0;300.0;171.0
626.5;1.6479;1.6383;0.0626;-0.0305;120;128;-0.0049;250.2672;-2.4962;-0.1647;341.1895;300.0;300.0;300.0;169.5
627.0;1.6479;1.6383;0.0275;-0.0351;124;124;0.1515;250.2672;-2.4962;-0.1647;341.9891;300.0;300.0;300.0;170.1
627.5;1.6484;1.6383;-0.0084;-0.0305;120;126;-0.0831;250.2672;-2.5038;-0.1647;342.7887;300.0;300.0;300.0;169.5
628.0;1.6488;1.6378;-0.0466;-0.0305;120;124;0.0733;250.2672;-2.5038;-0.1647;343.5883;300.0;300.0;300.0;168.9
628.5;1.6488;1.6378;-0.0298;-0.0305;120;124;-0.0049;250.2672;-2.5038;-0.1647;344.3879;300.0;300.0;300.0;171.6
629.0;1.6493;1.6374;-0.0420;-0.0351;122;122;-0.1613;250.2672;-2.5114;-0.1647;345.1875;300.0;300.0;300.0;170.7
629.5;1.6497;1.6374;-0.0061;-0.0305;120;122;-0.0049;250.2672;-2.5114;-0.1647;345.9872;300.0;300.0;300.0;169.2
630.0;1.6497;1.6369;0.0252;-0.0305;120;120;-0.0049;250.2672;-2.5114;-0.1647;346.7867;300.0;300.0;300.0;169.2
630.5;1.6506;1.6369;0.0618;-0.0351;122;116;-0.0049;250.2672;-2.5191;-0.1647;347.5864;300.0;300.0;300.0;170.1
631.0;1.6516;1.6364;0.2366;-0.0450;124;112;-0.1711;250.2672;-2.5191;-0.1647;348.3860;300.0;300.0;300.0;171.3
631.5;1.6525;1.6364;0.3206;-0.0450;122;110;-0.0929;250.2672;-2.5191;-0.1427;349.1856;300.0;300.0;300.0;171.0
632.0;1.6525;1.6360;0.4168;-0.0504;124;109;0.0635;250.2672;-2.5191;-0.1427;349.9852;300.0;300.0;300.0;172.1
632.5;1.6529;1.6355;0.4221;-0.0351;120;112;-0.1808;250.2672;-2.5267;-0.1207;351.5844;300.0;300.0;300.0;170.7
633.0;1.6525;1.6355;0.5015;-0.0450;126;107;-0.1026;250.2672;-2.5267;-0.1207;352.3840;300.0;300.0;300.0;171.0
633.5;1.6520;1.6351;0.5443;-0.0450;124;109;-0.0244;250.2672;-2.5267;-0.0988;353.1836;300.0;300.0;300.0;171.3
634.0;1.6516;1.6346;0.6313;-0.0351;124;109;-0.1124;250.2672;-2.5267;-0.0768;353.9832;300.0;300.0;300.0;170.7
634.5;1.6511;1.6346;0.6229;-0.0351;126;109;-0.0244;250.2672;-2.5267;-0.0548;354.7829;300.0;300.0;300.0;170.4
635.0;1.6516;1.6342;0.5718;-0.0351;124;109;-0.0244;250.2672;-2.5267;-0.0548;355.5825;300.0;300.0;300.0;170.4
635.5;1.6516;1.6337;0.6099;-0.0450;126;105;-0.0244;250.2672;-2.5344;-0.0328;356.3821;300.0;300.0;300.0;171.3
636.0;1.6511;1.6332;0.5397;-0.0450;124;109;0.0538;250.2672;-2.5344;-0.0109;357.1817;300.0;300.0;300.0;171.0
636.5;1.6506;1.6332;0.5550;-0.0351;122;110;-0.0244;250.2672;-2.5344;0.0111;357.9813;300.0;300.0;300.0;170.7
637.0;1.6497;1.6328;0.4611;-0.0351;124;109;-0.1026;250.2672;-2.5267;0.0111;358.7809;300.0;300.0;300.0;170.7
637.5;1.6493;1.6323;0.4733;-0.0351;124;110;-0.0244;250.2672;-2.5267;0.0331;359.5805;300.0;300.0;300.0;170.7
638.0;1.6479;1.6319;0.3947;-0.0504;128;109;-0.1026;250.2672;-2.5267;0.0331;360.3801;300.0;300.0;300.0;172.7
638.5;1.6461;1.6314;0.3794;-0.0603;128;110;-0.0147;250.2672;-2.5267;0.0551;361.1797;300.0;300.0;300.0;173.3
639.0;1.6438;1.6310;0.3466;-0.0603;128;114;-0.0929;250.2672;-2.5267;0.0551;361.9793;300.0;300.0;300.0;173.0
639.5;1.6424;1.6310;0.3397;-0.0450;126;118;-0.0929;250.2672;-2.5267;0.0770;362.7790;300.0;300.0;300.0;171.6
640.0;1.6415;1.6305;0.2809;-0.0450;128;116;-0.0147;250.2672;-2.5267;0.0770;363.5786;300.0;300.0;300.0;172.1
640.5;1.6401;1.6300;0.1863;-0.0504;128;118;-0.0929;250.2672;-2.5267;0.0770;364.3782;300.0;300.0;300.0;172.7
641.0;1.6392;1.6296;0.2298;-0.0450;128;118;-0.0147;250.2672;-2.5191;0.0990;365.1778;300.0;300.0;300.0;171.6
641.5;1.6374;1.6291;0.1740;-0.0603;134;116;-0.0929;250.2672;-2.5191;0.0990;365.9774;300.0;300.0;300.0;173.0
642.0;1.6360;1.6287;0.2229;-0.0450;128;122;-0.0147;250.2672;-2.5191;0.0990;366.7770;300.0;300.0;300.0;171.3
642.5;1.6351;1.6282;0.1710;-0.0450;130;120;-0.0147;250.2672;-2.5191;0.0990;367.5766;300.0;300.0;300.0;171.3
643.0;1.6337;1.6273;0.1687;-0.0450;130;122;-0.0147;250.2672;-2.5191;0.1210;368.3762;300.0;300.0;300.0;171.0
643.5;1.6328;1.6268;0.1115;-0.0450;130;122;-0.0049;250.2672;-2.5114;0.1210;369.1758;300.0;300.0;300.0;171.0
644.0;1.6319;1.6264;0.1321;-0.0351;128;122;-0.0929;250.2672;-2.5114;0.1210;369.9754;300.0;300.0;300.0;170.4
644.5;1.6305;1.6259;0.1435;-0.0351;132;120;-0.0929;250.2672;-2.5114;0.1210;370.7751;300.0;300.0;300.0;170.1
645.0;1.6296;1.6255;0.1687;-0.0351;132;120;0.0733;250.2672;-2.5114;0.1210;371.5746;300.0;300.0;300.0;170.4
645.5;1.6282;1.6250;0.1427;-0.0351;132;122;-0.0147;250.2672;-2.5038;0.1430;372.3743;300.0;300.0;300.0;170.4
646.0;1.6268;1.6245;0.0786;-0.0450;134;122;-0.0929;250.2672;-2.5038;0.1430;373.1739;300.0;300.0;300.0;171.0
646.5;1.6245;1.6236;0.1534;-0.0351;130;124;-0.0147;250.2672;-2.5038;0.1430;373.9735;300.0;300.0;300.0;170.7
647.0;1.6236;1.6232;0.1122;-0.0351;132;124;-0.0049;250.2672;-2.5038;0.1430;374.7731;300.0;300.0;300.0;170.4
647.5;1.6218;1.6227;0.1687;-0.0351;134;124;-0.0147;250.2672;-2.4962;0.1430;375.5727;300.0;300.0;300.0;170.7
648.0;1.6209;1.6223;0.0656;-0.0351;132;126;-0.0049;250.2672;-2.4962;0.1430;376.3723;300.0;300.0;300.0;170.4
648.5;1.6195;1.6213;0.0008;-0.0450;134;124;-0.0049;250.2672;-2.4962;0.1430;377.1719;300.0;300.0;300.0;171.6
649.0;1.6177;1.6209;-0.0763;-0.0351;128;130;-0.0049;250.2672;-2.4885;0.1430;377.9715;300.0;300.0;300.0;170.7
649.5;1.6158;1.6204;-0.0809;-0.0603;138;122;-0.0831;250.2672;-2.4885;0.1430;378.7711;300.0;300.0;300.0;173.0
650.0;1.6140;1.6195;-0.0702;-0.0656;136;128;-0.0049;250.2672;-2.4885;0.1430;379.5708;300.0;300.0;300.0;174.8
650.5;1.6122;1.6190;-0.1718;-0.0504;130;134;0.0049;250.2672;-2.4885;0.1430;380.3704;281.2;300.0;300.0;171.8
651.0;1.6113;1.6181;-0.1695;-0.0305;128;136;0.0049;250.2672;-2.4809;0.1430;381.1700;261.9;300.0;300.0;167.4
651.5;1.6103;1.6177;-0.2275;-0.0053;126;138;0.0049;250.2672;-2.4809;0.1210;381.9696;246.9;300.0;300.0;166.3
652.0;1.6090;1.6172;-0.1656;-0.0053;132;132;0.0049;250.2672;-2.4809;0.1210;382.7692;235.5;300.0;300.0;166.6
652.5;1.6076;1.6163;-0.2321;0.0000;132;134;0.0049;250.2672;-2.4809;0.1210;383.5688;223.8;300.0;300.0;163.9
653.0;1.6058;1.6158;-0.1733;0.0000;134;134;0.0049;250.2672;-2.4733;0.0990;384.3684;215.8;300.0;300.0;163.9
653.5;1.6035;1.6149;-0.1962;0.0198;128;138;0.0049;250.2672;-2.4733;0.0990;385.1680;207.9;300.0;300.0;161.0
654.0;1.6021;1.6140;-0.2008;0.0298;132;138;0.0049;250.2672;-2.4733;0.0990;385.9677;202.9;300.0;300.0;160.4
654.5;1.6007;1.6136;-0.2313;0.0443;132;140;0.0049;250.2672;-2.4733;0.0990;386.7672;196.2;300.0;300.0;158.1
655.0;1.5998;1.6126;-0.2092;0.0595;130;138;-0.0733;250.2672;-2.4656;0.0770;387.5669;193.0;300.0;300.0;156.9
655.5;1.5984;1.6122;-0.1214;0.0748;132;138;-0.0049;250.2672;-2.4656;0.0770;388.3665;188.3;300.0;300.0;154.3
656.0;1.5971;1.6113;-0.1672;0.0794;134;138;-0.0831;250.2672;-2.4656;0.0770;389.1661;183.6;300.0;300.0;153.4
656.5;1.5948;1.6103;-0.1031;0.0947;132;138;-0.0049;250.2672;-2.4656;0.0770;389.9657;179.8;300.0;300.0;151.0
657.0;1.5939;1.6099;-0.1626;0.1099;132;140;0.0049;250.2672;-2.4656;0.0770;390.7653;176.0;300.0;300.0;149.3
657.5;1.5929;1.6090;-0.1153;0.1198;134;138;-0.0049;250.2672;-2.4656;0.0770;392.3645;171.8;300.0;300.0;148.4
658.0;1.5925;1.6081;-0.0893;0.0496;148;118;-0.0049;250.2672;-2.4656;0.0551;393.1641;169.2;300.0;300.0;146.9
658.5;1.5925;1.6071;-0.0420;0.0344;136;126;-0.0049;250.2672;-2.4580;0.0551;393.9637;167.4;300.0;300.0;145.7
659.0;1.5929;1.6067;-0.0458;0.0244;134;126;0.0733;250.2672;-2.4580;0.0551;394.7633;165.4;300.0;300.0;145.2
659.5;1.5934;1.6058;-0.0756;0.0244;128;126;0.0733;250.2672;-2.4580;0.0551;395.5630;164.5;300.0;300.0;144.3
660.0;1.5939;1.6049;0.0176;0.0298;126;126;-0.0049;250.2672;-2.4580;0.0551;396.3625;165.1;300.0;300.0;144.3
660.5;1.5943;1.6039;0.0191;0.0244;126;122;-0.0049;250.2672;-2.4580;0.0551;397.1622;163.6;300.0;300.0;143.1
661.0;1.5952;1.6030;0.1153;0.0198;126;118;0.0733;250.2672;-2.4580;0.0551;397.9618;164.8;300.0;300.0;145.2
661.5;1.5957;1.6026;0.0809;0.0244;122;120;0.1515;250.2672;-2.4580;0.0551;398.7614;163.6;300.0;300.0;143.4
662.0;1.5957;1.6016;0.1290;0.0244;122;118;0.0733;250.2672;-2.4504;0.0770;399.5610;162.5;300.0;300.0;142.8
662.5;1.5957;1.6007;0.0947;0.0298;120;118;-0.0049;250.2672;-2.4504;0.0770;400.3606;163.0;300.0;300.0;141.9
663.0;1.5957;1.5998;0.1206;0.0244;122;116;0.0733;250.2672;-2.4504;0.0770;401.1602;162.2;300.0;300.0;142.2
663.5;1.5943;1.5989;0.1366;0.0244;120;116;-0.0049;250.2672;-2.4504;0.0770;401.9598;162.8;300.0;300.0;143.4
664.0;1.5943;1.5980;0.1443;0.0145;122;116;0.0733;250.2672;-2.4504;0.0770;402.7594;162.5;300.0;300.0;144.0
664.5;1.5939;1.5971;0.1321;0.0099;122;116;0.0733;250.2672;-2.4504;0.0770;403.5591;163.0;300.0;300.0;146.0
665.0;1.5934;1.5962;0.0573;0.0099;118;116;-0.0049;250.2672;-2.4427;0.0990;404.3587;163.0;300.0;300.0;146.9
665.5;1.5939;1.5952;0.0832;0.0046;118;114;0.0733;250.2672;-2.4427;0.0990;405.1583;164.2;300.0;300.0;148.1
666.0;1.5943;1.5943;0.0237;-0.0053;118;114;-0.0049;250.2672;-2.4427;0.0990;405.9579;164.2;300.0;300.0;150.4
666.5;1.5939;1.5934;0.0870;-0.0053;116;112;-0.0049;250.2672;-2.4427;0.0990;406.7575;166.0;300.0;300.0;151.9
667.0;1.5943;1.5920;0.0504;-0.0153;116;110;0.0733;250.2672;-2.4427;0.0990;407.5571;165.7;300.0;300.0;153.7
667.5;1.5943;1.5911;0.0221;-0.0206;114;112;-0.0049;250.2672;-2.4351;0.0990;408.3567;166.9;300.0;300.0;156.6
668.0;1.5934;1.5902;0.0153;-0.0252;114;110;-0.0049;250.2672;-2.4351;0.0990;409.1563;169.2;300.0;300.0;158.9
668.5;1.5929;1.5893;0.0473;-0.0252;112;112;0.1515;250.2672;-2.4351;0.0990;409.9559;170.7;299.1;300.0;160.7
669.0;1.5920;1.5884;0.0992;-0.0305;114;110;0.0733;250.2672;-2.4351;0.0990;410.7556;169.8;299.1;300.0;161.6
669.5;1.5902;1.5875;0.1168;-0.0305;114;112;0.0733;250.2672;-2.4351;0.0990;411.5551;171.3;300.0;300.0;162.8
670.0;1.5888;1.5861;0.1069;-0.0351;116;112;-0.0049;250.2672;-2.4275;0.0990;412.3548;172.1;300.0;300.0;163.9
670.5;1.5870;1.5852;0.0115;-0.0405;116;114;0.0733;250.2672;-2.4275;0.0990;413.1544;171.8;299.7;300.0;166.0
671.0;1.5852;1.5842;-0.0214;-0.0405;116;118;0.0733;250.2672;-2.4275;0.0990;413.9540;173.0;300.0;300.0;167.2
671.5;1.5829;1.5829;-0.1076;-0.0557;120;116;0.1613;250.2672;-2.4275;0.0990;414.7536;173.0;299.1;300.0;170.1
672.0;1.5810;1.5820;-0.0985;-0.0603;118;120;0.0831;250.2672;-2.4275;0.0990;415.5532;174.2;299.1;300.0;171.8
672.5;1.5792;1.5810;-0.1137;-0.0656;118;120;0.1613;250.2672;-2.4198;0.0990;416.3528;174.2;298.5;300.0;173.3
673.0;1.5783;1.5797;-0.1427;-0.0603;116;122;0.0049;250.2672;-2.4198;0.0990;417.1524;175.4;297.4;300.0;173.3
673.5;1.5778;1.5788;-0.1756;-0.0702;118;118;0.0831;250.2672;-2.4198;0.0990;417.9520;174.2;296.8;300.0;177.7
674.0;1.5769;1.5774;-0.1679;-0.0802;116;118;0.0831;250.2672;-2.4198;0.0770;418.7516;175.4;296.8;300.0;177.7
674.5;1.5765;1.5765;-0.1244;-0.0802;114;118;0.1613;250.2672;-2.4198;0.0770;419.5512;175.1;296.2;300.0;177.7
675.0;1.5755;1.5755;-0.1588;-0.0756;112;120;0.0831;250.2672;-2.4122;0.0770;420.3509;175.7;295.6;300.0;176.5
675.5;1.5737;1.5742;-0.1183;-0.0756;114;118;-0.0049;250.2672;-2.4122;0.0770;421.1505;175.1;294.4;300.0;176.2
676.0;1.5719;1.5733;-0.1382;-0.0702;114;120;0.0831;250.2672;-2.4122;0.0770;421.9501;174.8;292.1;300.0;174.8
676.5;1.5691;1.5719;-0.1122;-0.0702;116;120;0.0831;250.2672;-2.4122;0.0770;422.7497;174.2;292.7;300.0;173.9
677.0;1.5664;1.5705;-0.1550;-0.0656;118;124;0.0831;250.2672;-2.4122;0.0551;423.5493;174.2;291.5;300.0;173.0
677.5;1.5641;1.5696;-0.1237;-0.0756;122;122;-0.0049;250.2672;-2.4122;0.0551;424.3489;173.3;291.5;300.0;173.9
678.0;1.5623;1.5682;-0.0863;-0.0702;120;124;-0.0049;250.2672;-2.4122;0.0551;425.1485;174.8;290.3;300.0;174.5
678.5;1.5604;1.5673;-0.0237;-0.0656;122;124;-0.0831;250.2672;-2.4122;0.0551;425.9481;174.8;289.7;300.0;173.3
679.0;1.5600;1.5659;0.0366;-0.0656;122;120;-0.0831;250.2672;-2.4046;0.0551;426.7477;174.8;289.7;300.0;173.0
679.5;1.5600;1.5646;0.1115;-0.0802;124;114;-0.0049;250.2672;-2.4046;0.0551;427.5473;173.6;289.7;300.0;175.1
680.0;1.5595;1.5636;0.1832;-0.0702;118;116;-0.0147;250.2672;-2.4046;0.0551;428.3470;174.2;289.7;300.0;174.5
680.5;1.5595;1.5623;0.1641;-0.0702;118;112;-0.0147;250.2672;-2.4046;0.0770;429.1466;173.6;288.3;300.0;173.0
681.0;1.5591;1.5609;0.2214;-0.0756;118;109;-0.0929;250.2672;-2.4046;0.0770;429.9462;173.6;288.6;300.0;174.8
681.5;1.5586;1.5600;0.2298;-0.0756;118;109;-0.0147;250.2672;-2.4046;0.0770;430.7458;173.6;288.3;300.0;173.9
682.0;1.5582;1.5586;0.3260;-0.0702;116;107;-0.0929;250.2672;-2.3969;0.0990;431.5454;173.0;287.1;300.0;173.6
682.5;1.5577;1.5572;0.3916;-0.0702;118;105;-0.1026;250.2672;-2.3969;0.0990;432.3450;173.3;286.5;300.0;173.6
683.0;1.5577;1.5559;0.4649;-0.0802;120;101;-0.1026;250.2672;-2.3969;0.1210;433.1446;173.9;286.5;300.0;176.5
683.5;1.5568;1.5545;0.4832;-0.0802;118;101;-0.1026;250.2672;-2.3969;0.1210;433.9442;173.6;285.9;300.0;175.1
684.0;1.5554;1.5531;0.4710;-0.0802;118;101;-0.1808;250.2672;-2.3969;0.1430;434.7438;172.7;284.8;300.0;174.5
684.5;1.5545;1.5522;0.5069;-0.0702;116;103;-0.0244;250.2672;-2.3893;0.1649;435.5435;174.2;283.9;300.0;173.9
685.0;1.5545;1.5508;0.4534;-0.0756;118;99;-0.1026;250.2672;-2.3893;0.1649;436.3430;173.0;283.3;300.0;173.9
685.5;1.5549;1.5495;0.4122;-0.0702;114;99;-0.0147;250.2672;-2.3893;0.1869;437.1427;173.9;282.7;300.0;174.5
686.0;1.5554;1.5481;0.3069;-0.0756;112;97;-0.0147;250.2672;-2.3817;0.1869;437.9423;172.7;282.1;300.0;173.6
686.5;1.5554;1.5467;0.2519;-0.0756;109;97;-0.0147;250.2672;-2.3817;0.2089;438.7419;173.6;281.8;300.0;174.5
687.0;1.5559;1.5453;0.1756;-0.0901;109;93;-0.0147;250.2672;-2.3740;0.2089;439.5415;172.7;282.1;300.0;176.0
687.5;1.5563;1.5440;0.1557;-0.0855;103;95;-0.0147;250.2672;-2.3740;0.2089;440.3411;173.0;281.2;300.0;176.5
688.0;1.5563;1.5426;0.1229;-0.0855;103;93;-0.0049;250.2672;-2.3740;0.2089;441.1407;172.7;280.6;300.0;175.4
688.5;1.5568;1.5412;0.1313;-0.0802;101;93;-0.0049;250.2672;-2.3664;0.2089;441.9403;172.7;280.6;300.0;174.8
689.0;1.5559;1.5398;0.1145;-0.0855;101;91;-0.0929;250.2672;-2.3664;0.2089;442.7399;172.4;281.2;300.0;175.4
689.5;1.5540;1.5385;0.0809;-0.0756;99;95;-0.0049;250.2672;-2.3588;0.2308;443.5396;173.0;280.1;300.0;174.8
690.0;1.5527;1.5366;0.0725;-0.0756;103;93;-0.0831;250.2672;-2.3588;0.2308;444.3391;173.6;280.1;300.0;173.9
690.5;1.5499;1.5353;0.0595;-0.0756;103;95;-0.0049;250.2672;-2.3588;0.2308;445.1388;173.3;279.2;300.0;173.9
691.0;1.5476;1.5339;0.0603;-0.0702;105;97;-0.0831;250.2672;-2.3511;0.2308;445.9384;173.3;278.6;300.0;173.6
691.5;1.5453;1.5325;0.0168;-0.0802;109;95;-0.0831;250.2672;-2.3511;0.2308;446.7380;173.3;277.7;300.0;175.1
692.0;1.5435;1.5311;0.0130;-0.0802;109;99;-0.0831;250.2672;-2.3435;0.2308;447.5376;173.9;277.1;300.0;175.1
692.5;1.5421;1.5293;-0.0542;-0.0802;107;99;-0.0049;250.2672;-2.3435;0.2308;448.3372;172.4;276.5;300.0;174.5
693.0;1.5408;1.5279;-0.0290;-0.0702;103;101;0.0733;250.2672;-2.3435;0.2308;449.1368;173.0;276.0;300.0;173.3
693.5;1.5389;1.5266;-0.0473;-0.0756;107;97;-0.0831;250.2672;-2.3359;0.2308;449.9364;173.6;276.0;300.0;174.8
694.0;1.5375;1.5252;-0.0580;-0.0756;105;99;0.0733;250.2672;-2.3359;0.2308;450.7360;173.0;276.0;300.0;173.9
694.5;1.5353;1.5234;-0.0542;-0.0802;107;99;-0.0049;250.2672;-2.3282;0.2308;450.7360;174.5;275.7;300.0;176.0
695.0;1.5330;1.5220;-0.0405;-0.0855;107;99;-0.0831;250.2672;-2.3282;0.2308;451.5356;173.0;275.7;300.0;176.2
695.5;1.5307;1.5206;0.0084;-0.0901;109;99;-0.0049;250.2672;-2.3282;0.2308;452.3352;172.4;275.1;300.0;176.5
696.0;1.5288;1.5188;0.0069;-0.0802;105;101;-0.0049;250.2672;-2.3206;0.2308;453.1349;172.4;276.0;300.0;177.1
696.5;1.5270;1.5174;0.0244;-0.0901;110;99;-0.0049;250.2672;-2.3206;0.2308;453.9345;173.3;275.7;300.0;177.1
697.0;1.5243;1.5156;-0.0511;-0.0802;107;105;0.0733;250.2672;-2.3130;0.2089;454.7341;173.6;275.1;300.0;175.1
697.5;1.5211;1.5142;-0.0802;-0.0756;107;105;-0.0049;250.2672;-2.3130;0.2089;455.5337;173.0;274.5;300.0;173.9
698.0;1.5179;1.5124;-0.1710;-0.0802;110;105;0.0049;250.2672;-2.3130;0.2089;456.3333;173.0;274.5;300.0;175.4
698.5;1.5160;1.5110;-0.1824;-0.0855;110;105;0.0049;250.2672;-2.3053;0.2089;457.1329;171.8;274.2;300.0;175.4
699.0;1.5137;1.5092;-0.2069;-0.0802;107;107;0.0049;250.2672;-2.3053;0.2089;457.9325;172.4;275.1;300.0;174.5
699.5;1.5124;1.5078;-0.2779;-0.0702;105;109;0.0049;250.2672;-2.2977;0.1869;458.7321;171.8;274.2;300.0;172.7
700.0;1.5110;1.5060;-0.2756;-0.0656;105;107;0.0049;250.2672;-2.2977;0.1869;459.5317;173.6;274.2;300.0;172.7
700.5;1.5096;1.5046;-0.3000;-0.0656;105;105;0.0049;250.2672;-2.2977;0.1869;460.3314;173.0;273.6;300.0;172.1
701.0;1.5082;1.5027;-0.2282;-0.0603;105;105;0.0049;250.2672;-2.2901;0.1649;461.1310;174.2;273.6;300.0;171.8
701.5;1.5064;1.5014;-0.2366;-0.0656;105;103;0.0049;250.2672;-2.2901;0.1649;461.9306;173.3;274.2;300.0;171.8
702.0;1.5037;1.4995;-0.1695;-0.0656;107;103;0.0049;250.2672;-2.2901;0.1649;461.9306;173.3;273.0;300.0;171.8
702.5;1.5014;1.4977;-0.1809;-0.0702;107;103;-0.0831;250.2672;-2.2901;0.1430;462.7302;172.7;273.0;300.0;172.1
703.0;1.4982;1.4963;-0.1618;-0.0656;107;105;-0.0831;250.2672;-2.2824;0.1430;463.5298;172.7;272.7;300.0;171.8
703.5;1.4950;1.4945;-0.1817;-0.0656;109;105;-0.0831;250.2672;-2.2824;0.1430;464.3294;173.6;273.0;300.0;171.8
704.0;1.4927;1.4927;-0.1405;-0.0656;110;105;0.0049;250.2672;-2.2824;0.1430;465.1290;174.8;272.7;300.0;173.6
704.5;1.4904;1.4908;-0.0931;-0.0702;110;103;-0.0049;250.2672;-2.2824;0.1430;465.9286;174.8;272.1;300.0;173.9
705.0;1.4886;1.4895;-0.1183;-0.0702;110;105;-0.0831;250.2672;-2.2748;0.1430;466.7282;173.3;273.0;300.0;173.3
705.5;1.4858;1.4876;-0.1137;-0.0756;110;103;-0.0831;250.2672;-2.2748;0.1210;467.5278;173.6;272.1;300.0;174.5
706.0;1.4844;1.4858;-0.1511;-0.0802;110;103;0.0049;250.2672;-2.2748;0.1210;468.3275;173.0;273.0;300.0;175.1
706.5;1.4831;1.4840;-0.1702;-0.0702;107;107;0.0049;250.2672;-2.2748;0.1210;469.1270;173.0;273.0;300.0;173.3
707.0;1.4812;1.4821;-0.2084;-0.0756;109;103;-0.0733;250.2672;-2.2672;0.1210;469.9267;172.7;272.7;300.0;173.0
707.5;1.4794;1.4803;-0.2038;-0.0802;109;103;0.0049;250.2672;-2.2672;0.0990;470.7263;172.4;271.8;300.0;173.0
708.0;1.4785;1.4785;-0.2275;-0.0702;103;105;0.0831;250.2672;-2.2672;0.0990;471.5259;172.4;271.3;300.0;172.1
708.5;1.4766;1.4766;-0.2198;-0.0603;103;105;0.0049;250.2672;-2.2672;0.0990;471.5259;173.6;271.3;300.0;171.6
709.0;1.4748;1.4753;-0.1519;-0.0557;103;103;0.0049;250.2672;-2.2672;0.0990;472.3255;174.2;270.4;300.0;171.6
709.5;1.4734;1.4734;-0.1092;-0.0557;105;101;0.0831;250.2672;-2.2595;0.0990;473.1251;174.8;270.4;300.0;171.6
710.0;1.4721;1.4716;-0.0695;-0.0603;105;99;-0.0049;250.2672;-2.2595;0.0770;473.9247;174.8;270.4;300.0;172.7
710.5;1.4712;1.4698;-0.0618;-0.0656;103;97;0.0733;250.2672;-2.2595;0.0770;474.7243;175.1;270.4;300.0;173.9
711.0;1.4693;1.4675;-0.0397;-0.0603;101;99;-0.0049;250.2672;-2.2595;0.0770;475.5239;174.8;269.8;300.0;172.1
711.5;1.4675;1.4657;-0.0511;-0.0603;101;97;-0.0049;250.2672;-2.2595;0.0770;476.3235;173.9;270.4;300.0;172.1
712.0;1.4652;1.4638;0.0000;-0.0603;103;97;-0.0049;250.2672;-2.2595;0.0770;477.1231;173.0;270.4;300.0;171.6
712.5;1.4643;1.4620;-0.0015;-0.0656;103;97;0.0733;250.2672;-2.2519;0.0770;477.9228;173.3;271.3;300.0;171.8
713.0;1.4625;1.4602;0.0122;-0.0603;101;97;-0.0049;250.2672;-2.2519;0.0770;478.7224;173.0;271.3;300.0;171.6
713.5;1.4602;1.4583;-0.0183;-0.0656;103;95;-0.0049;250.2672;-2.2519;0.0770;479.5220;173.3;270.4;300.0;171.8
714.0;1.4579;1.4565;-0.0672;-0.0656;101;97;-0.0049;250.2672;-2.2519;0.0770;480.3216;173.0;270.7;300.0;171.8
714.5;1.4547;1.4547;-0.0779;-0.0603;101;101;0.0733;250.2672;-2.2519;0.0770;481.1212;173.6;270.4;300.0;171.6
715.0;1.4524;1.4524;-0.0954;-0.0557;101;101;-0.0049;250.2672;-2.2519;0.0770;481.1212;175.1;270.4;300.0;172.1
715.5;1.4492;1.4505;-0.0893;-0.0603;103;99;0.0831;250.2672;-2.2519;0.0770;481.9208;175.1;270.4;300.0;173.0
716.0;1.4460;1.4487;-0.1038;-0.0756;107;99;-0.0049;250.2672;-2.2443;0.0770;482.7204;174.8;270.7;300.0;175.1
716.5;1.4437;1.4469;-0.0321;-0.0702;103;103;-0.0049;250.2672;-2.2443;0.0770;483.5200;173.3;270.4;300.0;173.6
717.0;1.4418;1.4446;-0.0099;-0.0656;103;101;-0.0049;250.2672;-2.2443;0.0770;484.3196;173.3;270.4;300.0;172.1
717.5;1.4396;1.4428;0.0580;-0.0702;107;99;-0.0049;250.2672;-2.2443;0.0770;485.1193;172.4;270.4;300.0;171.8
718.0;1.4364;1.4409;0.1176;-0.0603;105;101;-0.0049;250.2672;-2.2443;0.0770;485.9189;173.0;269.8;300.0;171.0
718.5;1.4336;1.4386;0.1550;-0.0656;107;99;0.1515;250.2672;-2.2443;0.0770;486.7185;172.4;270.4;300.0;171.0
719.0;1.4313;1.4368;0.2000;-0.0603;107;101;-0.0147;250.2672;-2.2443;0.0770;487.5181;173.0;270.4;300.0;171.3
719.5;1.4286;1.4345;0.1412;-0.0656;109;101;0.0733;250.2672;-2.2366;0.0990;487.5181;173.0;271.3;300.0;172.1
720.0;1.4254;1.4327;0.1580;-0.0603;107;103;0.0733;250.2672;-2.2366;0.0990;488.3177;173.0;271.3;300.0;171.6
720.5;1.4231;1.4309;0.1252;-0.0603;107;103;-0.0049;250.2672;-2.2366;0.0990;489.1173;173.0;271.3;300.0;171.6
721.0;1.4212;1.4286;0.1328;-0.0702;109;99;-0.0049;250.2672;-2.2366;0.0990;489.9169;173.0;271.8;300.0;173.0
721.5;1.4194;1.4267;0.0779;-0.0756;107;99;-0.0049;250.2672;-2.2366;0.0990;490.7165;172.4;272.7;300.0;173.0
722.0;1.4176;1.4245;0.0557;-0.0656;103;103;-0.0049;250.2672;-2.2366;0.0990;491.5161;173.3;273.6;300.0;171.8
722.5;1.4158;1.4226;0.0176;-0.0702;105;99;0.0733;250.2672;-2.2290;0.0990;492.3157;173.3;274.5;300.0;173.0
723.0;1.4135;1.4203;0.0076;-0.0603;101;101;-0.0049;250.2672;-2.2290;0.0990;493.1154;174.5;275.1;300.0;172.1
723.5;1.4112;1.4180;-0.0115;-0.0656;103;99;-0.0049;250.2672;-2.2290;0.0990;493.9149;173.6;275.7;300.0;172.7
724.0;1.4089;1.4162;-0.0870;-0.0603;101;101;0.0831;250.2672;-2.2290;0.0990;493.9149;174.5;275.1;300.0;171.8
724.5;1.4061;1.4139;-0.1038;-0.0603;101;101;0.0831;250.2672;-2.2290;0.0990;494.7146;173.3;275.1;300.0;171.0
725.0;1.4025;1.4116;-0.1672;-0.0603;103;103;0.0049;250.2672;-2.2214;0.0990;495.5142;173.6;276.0;300.0;171.3
725.5;1.3997;1.4098;-0.1504;-0.0603;103;105;0.1613;250.2672;-2.2214;0.0990;496.3138;174.5;276.5;300.0;171.0
726.0;1.3970;1.4075;-0.1824;-0.0603;101;105;0.0831;250.2672;-2.2214;0.0770;497.1134;173.6;277.1;300.0;171.3
726.5;1.3951;1.4052;-0.1794;-0.0603;101;103;0.0049;250.2672;-2.2214;0.0770;497.9130;173.6;277.7;300.0;171.0
727.0;1.3938;1.4034;-0.2382;-0.0603;99;103;0.0049;250.2672;-2.2214;0.0770;498.7126;174.2;279.2;300.0;171.8
727.5;1.3924;1.4011;-0.3160;-0.0557;95;105;0.1711;250.2672;-2.2214;0.0551;499.5122;174.2;280.1;300.0;171.3
728.0;1.3915;1.3988;-0.3397;-0.0603;95;99;0.0049;250.2672;-2.2214;0.0551;499.5122;173.6;280.6;300.0;171.0
728.5;1.3906;1.3965;-0.3855;-0.0504;91;101;0.0049;250.2672;-2.2137;0.0331;500.3118;175.7;282.7;300.0;171.6
729.0;1.3892;1.3942;-0.3527;-0.0504;91;99;0.1711;250.2672;-2.2137;0.0331;501.1115;176.5;283.9;300.0;172.1
729.5;1.3874;1.3924;-0.3099;-0.0557;93;95;-0.0733;250.2672;-2.2137;0.0331;501.9110;175.7;284.8;300.0;171.8
730.0;1.3860;1.3901;-0.2481;-0.0603;93;93;-0.0733;250.2672;-2.2137;0.0111;502.7107;175.7;285.9;300.0;173.6
730.5;1.3851;1.3878;-0.1832;-0.0557;91;93;0.0049;250.2672;-2.2137;0.0111;503.5103;176.0;285.9;300.0;173.6
731.0;1.3842;1.3855;-0.0748;-0.0557;91;89;-0.0049;250.2672;-2.2137;0.0111;504.3099;175.4;287.1;300.0;172.1
731.5;1.3837;1.3832;0.0298;-0.0557;91;85;-0.0831;250.2672;-2.2137;0.0111;505.1095;175.1;288.6;300.0;172.1
732.0;1.3823;1.3810;0.1656;-0.0603;93;81;-0.1711;250.2672;-2.2137;0.0111;505.9091;174.2;289.1;300.0;171.8
732.5;1.3810;1.3787;0.2084;-0.0603;93;79;-0.0929;250.2672;-2.2137;0.0111;506.7087;174.2;289.7;300.0;171.8
733.0;1.3791;1.3764;0.2046;-0.0603;93;79;-0.0929;250.2672;-2.2137;0.0331;506.7087;174.8;290.9;300.0;171.8
733.5;1.3782;1.3741;0.2206;-0.0557;91;79;-0.0929;250.2672;-2.2137;0.0331;507.5083;174.2;290.9;300.0;171.6
734.0;1.3777;1.3718;0.2145;-0.0603;91;75;-0.0147;250.2672;-2.2137;0.0331;508.3079;173.6;292.1;300.0;171.6
734.5;1.3777;1.3695;0.2153;-0.0702;89;71;-0.0929;250.2672;-2.2137;0.0551;509.1075;173.3;291.5;300.0;173.0
735.0;1.3777;1.3672;0.2198;-0.0603;83;73;-0.0929;250.2672;-2.2137;0.0551;509.9072;174.2;292.7;300.0;172.1
735.5;1.3764;1.3649;0.2588;-0.0603;83;69;-0.0929;250.2672;-2.2137;0.0551;510.7068;174.2;293.3;300.0;172.1
736.0;1.3750;1.3626;0.2634;-0.0603;83;69;-0.0929;250.2672;-2.2061;0.0770;511.5064;174.8;293.8;300.0;172.1
736.5;1.3736;1.3599;0.2618;-0.0603;83;67;-0.0147;250.2672;-2.2061;0.0770;512.3060;174.8;295.0;300.0;172.7
737.0;1.3732;1.3576;0.2198;-0.0603;79;67;-0.0147;250.2672;-2.2061;0.0770;513.1056;173.9;295.0;300.0;172.7
737.5;1.3713;1.3553;0.1947;-0.0756;83;64;-0.0929;250.2672;-2.2061;0.0770;513.9052;173.0;295.6;300.0;174.5
738.0;1.3690;1.3530;0.1534;-0.0855;81;65;-0.0929;250.2672;-2.2061;0.0990;513.9052;173.6;296.8;300.0;176.2
738.5;1.3672;1.3507;0.1382;-0.0756;77;69;0.0733;250.2672;-2.2061;0.0990;514.7048;173.3;297.9;300.0;174.8
739.0;1.3654;1.3480;0.1107;-0.0702;77;67;-0.1711;250.2672;-2.2061;0.0990;515.5044;173.9;299.1;300.0;174.8
739.5;1.3631;1.3457;0.1084;-0.0802;79;65;-0.0929;250.2672;-2.1985;0.0990;516.3040;173.6;299.1;300.0;175.4
740.0;1.3603;1.3434;0.0756;-0.0756;77;69;0.0733;250.2672;-2.1985;0.0990;517.1036;173.6;299.7;300.0;174.5
740.5;1.3576;1.3407;0.0076;-0.0702;77;71;-0.0831;250.2672;-2.1985;0.0990;517.9033;173.0;300.0;300.0;173.6
741.0;1.3553;1.3384;-0.0305;-0.0702;79;71;-0.0831;250.2672;-2.1985;0.0990;518.7029;173.0;300.0;300.0;173.3
741.5;1.3521;1.3361;-0.0550;-0.0702;79;71;-0.0049;250.2672;-2.1985;0.0990;518.7029;173.0;300.0;300.0;173.3
742.0;1.3480;1.3333;-0.1099;-0.0557;77;77;-0.0831;250.2672;-2.1908;0.0990;519.5024;175.4;300.0;300.0;172.7
742.5;1.3439;1.3310;-0.1870;-0.0603;81;75;0.0049;250.2672;-2.1908;0.0990;520.3021;174.2;300.0;300.0;172.1
743.0;1.3393;1.3283;-0.2145;-0.0656;83;77;-0.0733;250.2672;-2.1908;0.0770;521.1017;174.8;300.0;300.0;173.3
743.5;1.3342;1.3260;-0.2756;-0.0702;87;81;-0.0733;250.2672;-2.1908;0.0770;521.1017;173.6;300.0;300.0;173.0
744.0;1.3297;1.3237;-0.2855;-0.0656;87;85;0.0049;250.2672;-2.1908;0.0770;521.9013;174.5;300.0;300.0;173.3
744.5;1.3251;1.3210;-0.2832;-0.0656;91;87;0.0049;250.2672;-2.1908;0.0551;522.7009;174.5;300.0;300.0;173.3
745.0;1.3205;1.3187;-0.2748;-0.0603;91;89;0.0049;250.2672;-2.1908;0.0551;523.5005;174.8;300.0;300.0;172.7
745.5;1.3159;1.3159;-0.2664;-0.0656;93;89;0.0049;250.2672;-2.1908;0.0551;524.3001;173.9;300.0;300.0;173.0
746.0;1.3114;1.3132;-0.2412;-0.0603;93;91;-0.0733;250.2672;-2.1908;0.0331;524.3001;174.8;300.0;300.0;172.7
746.5;1.3077;1.3109;-0.2130;-0.0603;95;91;0.0049;250.2672;-2.1832;0.0331;525.0997;174.8;300.0;300.0;171.8
747.0;1.3031;1.3082;-0.1725;-0.0603;97;91;-0.0831;250.2672;-2.1832;0.0331;525.8994;174.2;300.0;300.0;172.7
747.5;1.2985;1.3059;-0.1481;-0.0557;97;93;-0.0831;250.2672;-2.1832;0.0331;526.6990;175.4;300.0;300.0;172.1
748.0;1.2935;1.3031;-0.1107;-0.0656;103;91;-0.0831;250.2672;-2.1832;0.0111;527.4986;174.5;300.0;300.0;173.3
748.5;1.2889;1.3004;-0.0504;-0.0656;103;93;-0.0831;250.2672;-2.1832;0.0111;527.4986;175.4;300.0;300.0;173.6
749.0;1.2843;1.2981;-0.0168;-0.0656;105;93;-0.0049;250.2672;-2.1832;0.0111;528.2982;174.2;300.0;300.0;173.0
749.5;1.2802;1.2953;0.0351;-0.0656;105;93;-0.0049;250.2672;-2.1832;0.0111;529.0978;174.8;300.0;300.0;173.3
750.0;1.2766;1.2926;0.0214;-0.0656;105;95;-0.0831;250.2672;-2.1832;0.0111;529.8974;174.8;300.0;300.0;173.6
750.5;1.2729;1.2898;0.0046;-0.0603;103;95;-0.0831;250.2672;-2.1832;0.0111;529.8974;174.5;300.0;300.0;172.1
751.0;1.2697;1.2875;-0.0237;-0.0656;103;93;-0.0049;250.2672;-2.1832;0.0111;530.6970;173.6;300.0;300.0;172.1
751.5;1.2669;1.2848;-0.0420;-0.0557;101;95;-0.0049;250.2672;-2.1832;0.0111;531.4966;175.7;300.0;300.0;172.7
752.0;1.2647;1.2821;-0.0924;-0.0656;101;91;-0.0049;250.2672;-2.1832;0.0111;532.2962;174.2;300.0;300.0;173.0
752.5;1.2619;1.2793;-0.1092;-0.0603;97;93;-0.0831;250.2672;-2.1832;0.0111;533.0958;173.9;300.0;300.0;173.3
753.0;1.2601;1.2766;-0.1565;-0.0702;97;89;0.0049;250.2672;-2.1832;0.0111;533.8954;173.0;300.0;300.0;173.6
753.5;1.2582;1.2738;-0.2267;-0.0603;91;93;0.0049;250.2672;-2.1832;0.0111;533.8954;175.1;300.0;300.0;173.0
754.0;1.2560;1.2711;-0.2519;-0.0702;93;87;0.0831;250.2672;-2.1832;-0.0109;534.6951;174.8;300.0;300.0;173.9
754.5;1.2532;1.2683;-0.3214;-0.0656;89;89;-0.0733;250.2672;-2.1832;-0.0109;535.4947;174.8;300.0;300.0;173.6
755.0;1.2505;1.2656;-0.3260;-0.0557;87;91;-0.0733;250.2672;-2.1832;-0.0328;536.2943;175.1;300.0;300.0;172.7
755.5;1.2463;1.2628;-0.3916;-0.0603;91;89;0.0049;250.2672;-2.1832;-0.0328;536.2943;174.8;300.0;300.0;172.7
756.0;1.2427;1.2601;-0.3908;-0.0557;91;93;-0.0733;250.2672;-2.1832;-0.0548;537.0939;173.9;300.0;300.0;171.6
756.5;1.2381;1.2573;-0.4023;-0.0557;93;93;0.0049;250.2672;-2.1832;-0.0548;537.8935;174.2;300.0;300.0;171.3
757.0;1.2349;1.2546;-0.3626;-0.0504;93;93;-0.0733;250.2672;-2.1832;-0.0768;538.6931;174.5;300.0;300.0;170.7
757.5;1.2321;1.2518;-0.3267;-0.0450;93;93;-0.0733;250.2672;-2.1832;-0.0768;538.6931;175.4;300.0;300.0;170.7
758.0;1.2299;1.2491;-0.3359;-0.0557;95;89;0.0049;250.2672;-2.1832;-0.0768;539.4927;174.8;300.0;300.0;171.3
758.5;1.2280;1.2463;-0.2718;-0.0450;89;91;0.0049;250.2672;-2.1832;-0.0988;540.2923;176.0;300.0;300.0;171.0
759.0;1.2266;1.2436;-0.3031;-0.0603;91;83;-0.0733;250.2672;-2.1832;-0.0988;541.0919;175.7;300.0;300.0;173.0
759.5;1.2253;1.2408;-0.2924;-0.0557;85;85;0.0831;250.2672;-2.1908;-0.1207;541.8915;175.4;300.0;300.0;172.1
760.0;1.2225;1.2381;-0.3313;-0.0557;83;83;0.0049;250.2672;-2.1908;-0.1207;541.8915;174.8;300.0;300.0;171.3
760.5;1.2189;1.2349;-0.3046;-0.0557;85;83;0.0831;250.2672;-2.1908;-0.1207;542.6912;174.8;300.0;300.0;171.3
761.0;1.2147;1.2321;-0.3122;-0.0603;87;85;0.0049;250.2672;-2.1908;-0.1427;543.4908;174.8;300.0;300.0;171.8
761.5;1.2115;1.2294;-0.3214;-0.0450;83;91;0.0049;250.2672;-2.1908;-0.1427;544.2903;177.1;300.0;300.0;171.8
762.0;1.2083;1.2266;-0.3053;-0.0504;87;85;-0.0733;250.2672;-2.1908;-0.1647;544.2903;175.7;300.0;300.0;171.0
762.5;1.2051;1.2234;-0.2687;-0.0504;87;87;0.0049;250.2672;-2.1985;-0.1647;545.0900;174.2;300.0;300.0;170.7
763.0;1.2010;1.2207;-0.1916;-0.0504;89;87;0.0049;250.2672;-2.1985;-0.1647;545.8896;174.8;300.0;300.0;170.1
763.5;1.1983;1.2179;-0.1901;-0.0504;89;87;0.0049;250.2672;-2.1985;-0.1647;546.6892;173.6;300.0;300.0;169.5
764.0;1.1951;1.2147;-0.1244;-0.0405;89;89;-0.0049;250.2672;-2.1985;-0.1867;546.6892;176.2;300.0;300.0;170.4
764.5;1.1918;1.2120;-0.1695;-0.0557;91;83;0.0831;250.2672;-2.2061;-0.1867;547.4888;174.8;300.0;300.0;171.0
765.0;1.1896;1.2092;-0.1603;-0.0504;87;87;0.0049;250.2672;-2.2061;-0.1867;548.2885;174.8;300.0;300.0;170.4
765.5;1.1882;1.2060;-0.1618;-0.0557;87;81;0.0049;250.2672;-2.2061;-0.1867;549.0880;173.0;300.0;300.0;170.1
766.0;1.1873;1.2033;-0.1740;-0.0557;81;81;0.0049;250.2672;-2.2061;-0.1867;549.8876;172.4;300.0;300.0;169.2
766.5;1.1859;1.2001;-0.1962;-0.0557;79;77;0.0049;250.2672;-2.2137;-0.2086;549.8876;171.6;300.0;300.0;168.6
767.0;1.1836;1.1973;-0.2321;-0.0557;79;77;0.0831;250.2672;-2.2137;-0.2086;550.6873;171.6;300.0;300.0;168.3
767.5;1.1804;1.1941;-0.2634;-0.0603;79;77;0.0049;250.2672;-2.2137;-0.2086;551.4869;170.7;300.0;300.0;168.6
768.0;1.1786;1.1914;-0.2878;-0.0557;75;79;0.0049;250.2672;-2.2137;-0.2306;552.2865;171.3;300.0;300.0;168.3
768.5;1.1763;1.1882;-0.2580;-0.0557;75;77;0.0831;250.2672;-2.2214;-0.2306;552.2865;172.1;300.0;300.0;168.9
769.0;1.1740;1.1854;-0.2420;-0.0603;77;75;0.0049;250.2672;-2.2214;-0.2306;553.0861;170.7;300.0;300.0;168.3
769.5;1.1726;1.1822;-0.1771;-0.0656;75;73;0.0831;250.2672;-2.2214;-0.2526;553.8857;170.4;300.0;300.0;169.2
770.0;1.1708;1.1795;-0.1534;-0.0504;69;75;0.0049;250.2672;-2.2290;-0.2526;554.6853;172.7;300.0;300.0;168.6
770.5;1.1694;1.1763;-0.0702;-0.0557;73;67;-0.0049;250.2672;-2.2290;-0.2526;554.6853;170.4;300.0;300.0;167.7
771.0;1.1680;1.1731;-0.0183;-0.0656;73;65;0.0733;250.2672;-2.2290;-0.2526;555.4849;168.0;300.0;300.0;167.7
771.5;1.1662;1.1703;0.0389;-0.0756;73;64;-0.0049;250.2672;-2.2366;-0.2526;556.2845;167.4;300.0;300.0;168.6
772.0;1.1635;1.1671;0.0397;-0.0802;71;64;-0.0049;250.2672;-2.2366;-0.2526;557.0841;165.4;300.0;300.0;167.7
772.5;1.1612;1.1644;0.0359;-0.0855;71;64;-0.0831;250.2672;-2.2366;-0.2526;557.0841;165.4;300.0;300.0;168.0
773.0;1.1593;1.1612;0.0580;-0.0954;71;62;0.0733;250.2672;-2.2443;-0.2526;557.8837;163.6;300.0;300.0;168.6
773.5;1.1566;1.1584;0.0313;-0.0901;69;65;-0.0831;250.2672;-2.2443;-0.2526;558.6833;162.8;300.0;300.0;167.2
774.0;1.1543;1.1552;0.0244;-0.0954;69;64;0.0733;250.2672;-2.2443;-0.2526;559.4830;161.6;300.0;300.0;166.3
774.5;1.1520;1.1525;-0.0282;-0.0901;67;65;-0.0049;250.2672;-2.2519;-0.2526;559.4830;161.0;300.0;300.0;165.4
775.0;1.1488;1.1493;0.0008;-0.1000;71;62;-0.0049;250.2672;-2.2519;-0.2526;560.2826;159.5;300.0;300.0;164.8
775.5;1.1456;1.1461;-0.0290;-0.1000;69;65;-0.0049;250.2672;-2.2519;-0.2526;561.0822;159.2;300.0;300.0;164.2
776.0;1.1419;1.1433;0.0229;-0.1000;69;65;0.0733;250.2672;-2.2519;-0.2526;561.0822;158.7;300.0;300.0;163.3
776.5;1.1383;1.1401;0.0573;-0.0901;69;67;-0.0049;250.2672;-2.2595;-0.2526;561.8818;158.9;300.0;300.0;161.9
777.0;1.1342;1.1374;0.1061;-0.0901;73;67;0.0733;250.2672;-2.2595;-0.2306;562.6814;157.5;300.0;300.0;160.4
777.5;1.1296;1.1342;0.1580;-0.0901;75;67;-0.0929;250.2672;-2.2595;-0.2306;562.6814;156.6;300.0;300.0;159.2
778.0;1.1241;1.1314;0.1733;-0.0901;79;69;0.0733;250.2672;-2.2672;-0.2306;563.4810;155.4;300.0;300.0;158.1
778.5;1.1195;1.1282;0.2893;-0.0901;81;71;-0.0147;250.2672;-2.2672;-0.2306;564.2806;155.1;300.0;300.0;158.1
779.0;1.1149;1.1255;0.3168;-0.0855;83;71;-0.0929;250.2672;-2.2672;-0.2086;564.2806;154.3;300.0;300.0;156.3
779.5;1.1108;1.1223;0.3885;-0.0802;87;71;-0.1808;250.2672;-2.2672;-0.2086;565.0802;154.8;300.0;300.0;155.4
780.0;1.1067;1.1190;0.4130;-0.0802;89;71;-0.1026;250.2672;-2.2748;-0.1867;565.8798;154.0;300.0;300.0;155.1
780.5;1.1016;1.1163;0.4405;-0.0756;89;73;-0.1026;250.2672;-2.2748;-0.1867;565.8798;153.7;300.0;300.0;153.7
781.0;1.0962;1.1131;0.4328;-0.0656;89;77;-0.0244;250.2672;-2.2748;-0.1647;566.6794;154.0;300.0;300.0;152.5
781.5;1.0902;1.1103;0.4573;-0.0656;95;77;-0.0244;250.2672;-2.2748;-0.1427;567.4791;153.4;300.0;300.0;151.6
782.0;1.0856;1.1071;0.4588;-0.0603;95;79;-0.0244;250.2672;-2.2748;-0.1427;567.4791;152.8;300.0;300.0;150.4
782.5;1.0815;1.1044;0.3511;-0.0603;95;79;-0.0929;250.2672;-2.2748;-0.1207;568.2787;152.2;300.0;300.0;149.6
783.0;1.0774;1.1012;0.3496;-0.0557;93;81;-0.0929;250.2672;-2.2824;-0.1207;569.0782;152.2;300.0;300.0;148.7
783.5;1.0742;1.0984;0.2679;-0.0557;93;79;-0.0147;250.2672;-2.2824;-0.1207;569.0782;152.2;300.0;300.0;148.1
784.0;1.0710;1.0952;0.2863;-0.0504;91;79;-0.0147;250.2672;-2.2824;-0.0988;569.8779;152.5;300.0;300.0;147.5
784.5;1.0691;1.0925;0.2107;-0.0504;89;77;-0.0147;250.2672;-2.2824;-0.0988;570.6775;151.9;300.0;300.0;147.2
785.0;1.0673;1.0893;0.2084;-0.0450;85;77;-0.0147;250.2672;-2.2824;-0.0988;570.6775;153.1;300.0;300.0;146.9
785.5;1.0655;1.0861;0.1397;-0.0405;81;75;-0.0147;250.2672;-2.2824;-0.0768;571.4771;153.1;300.0;300.0;146.3
786.0;1.0641;1.0833;0.0427;-0.0405;79;73;-0.0049;250.2672;-2.2824;-0.0768;572.2767;153.7;300.0;300.0;146.0
786.5;1.0627;1.0801;-0.0282;-0.0405;77;71;-0.0049;250.2672;-2.2824;-0.0768;573.0764;153.7;300.0;300.0;146.9
787.0;1.0604;1.0774;-0.1053;-0.0351;73;73;-0.0831;250.2672;-2.2824;-0.0988;573.0764;154.8;300.0;300.0;146.3
787.5;1.0572;1.0742;-0.1328;-0.0305;73;73;-0.0049;250.2672;-2.2901;-0.0988;573.8759;154.8;300.0;300.0;145.7
788.0;1.0545;1.0714;-0.2412;-0.0252;71;75;0.0831;250.2672;-2.2901;-0.0988;574.6755;155.4;300.0;300.0;145.7
788.5;1.0522;1.0682;-0.2595;-0.0206;69;73;0.0831;250.2672;-2.2901;-0.0988;574.6755;156.3;300.0;300.0;145.7
789.0;1.0504;1.0655;-0.3542;-0.0153;67;73;0.0049;250.2672;-2.2901;-0.1207;575.4752;157.2;300.0;300.0;145.7
789.5;1.0490;1.0623;-0.3237;-0.0153;67;71;0.0049;250.2672;-2.2901;-0.1207;576.2748;158.1;300.0;300.0;146.3
790.0;1.0485;1.0591;-0.2679;-0.0107;64;69;0.0831;250.2672;-2.2901;-0.1427;577.0744;158.9;300.0;300.0;146.6
790.5;1.0481;1.0563;-0.1740;-0.0107;64;64;0.0049;250.2672;-2.2901;-0.1427;577.0744;158.9;300.0;300.0;146.9
791.0;1.0476;1.0531;-0.0916;-0.0107;62;60;-0.0049;250.2672;-2.2977;-0.1427;577.8740;160.7;300.0;300.0;147.5
791.5;1.0472;1.0504;-0.0489;-0.0153;62;56;-0.0049;250.2672;-2.2977;-0.1427;578.6736;160.4;300.0;300.0;148.1
792.0;1.0467;1.0472;0.0359;-0.0107;58;54;-0.0831;250.2672;-2.2977;-0.1427;578.6736;161.9;300.0;300.0;149.3
792.5;1.0462;1.0444;0.0901;-0.0153;58;50;-0.0049;250.2672;-2.2977;-0.1427;579.4732;162.8;300.0;300.0;150.4
793.0;1.0458;1.0412;0.1519;-0.0107;54;50;-0.0147;250.2672;-2.2977;-0.1427;580.2728;163.9;300.0;300.0;150.7
793.5;1.0453;1.0385;0.1221;-0.0107;54;46;-0.0049;250.2672;-2.2977;-0.1427;581.0724;164.2;300.0;300.0;151.3
794.0;1.0449;1.0353;0.1344;-0.0107;50;44;-0.0049;250.2672;-2.3053;-0.1207;581.0724;166.3;300.0;300.0;153.7
794.5;1.0435;1.0321;0.0550;-0.0153;50;42;-0.0831;250.2672;-2.3053;-0.1207;581.8720;166.3;300.0;300.0;154.0
795.0;1.0430;1.0293;0.0176;-0.0153;48;42;-0.0049;250.2672;-2.3053;-0.1207;582.6716;167.2;300.0;300.0;155.4
795.5;1.0421;1.0261;0.0298;-0.0206;46;38;-0.0049;250.2672;-2.3053;-0.1207;582.6716;167.4;300.0;300.0;156.0
796.0;1.0403;1.0234;0.0290;-0.0252;46;38;0.0733;250.2672;-2.3053;-0.1207;583.4713;167.4;300.0;300.0;157.5
796.5;1.0371;1.0201;0.0473;-0.0252;46;40;-0.0049;250.2672;-2.3053;-0.1207;584.2709;169.2;300.0;300.0;158.9
797.0;1.0339;1.0174;0.0420;-0.0305;48;40;-0.0049;250.2672;-2.3053;-0.1207;584.2709;169.8;300.0;300.0;160.4
797.5;1.0298;1.0142;0.1038;-0.0305;50;44;-0.0049;250.2672;-2.3130;-0.1207;585.0705;170.4;300.0;300.0;161.3
798.0;1.0256;1.0114;0.1076;-0.0351;54;44;-0.0049;250.2672;-2.3130;-0.1207;585.0705;170.4;300.0;300.0;163.6
798.5;1.0215;1.0082;0.1763;-0.0405;56;46;-0.0147;250.2672;-2.3130;-0.1207;585.8701;171.0;300.0;300.0;164.8
799.0;1.0174;1.0055;0.1962;-0.0450;58;46;-0.0147;250.2672;-2.3130;-0.0988;586.6697;171.6;299.1;300.0;166.0
799.5;1.0133;1.0023;0.2282;-0.0405;58;50;-0.0147;250.2672;-2.3130;-0.0988;586.6697;172.1;298.5;300.0;166.9
800.0;1.0082;0.9991;0.2305;-0.0504;64;48;-0.0929;250.2672;-2.3130;-0.0988;587.4693;172.4;297.9;300.0;168.6
800.5;1.0041;0.9963;0.2664;-0.0557;64;50;-0.0929;250.2672;-2.3130;-0.0768;587.4693;172.7;295.6;300.0;168.9
801.0;0.9991;0.9931;0.3557;-0.0557;65;52;-0.0929;250.2672;-2.3130;-0.0768;588.2689;172.4;294.4;300.0;168.9
801.5;0.9936;0.9904;0.4038;-0.0557;69;54;-0.1808;250.2672;-2.3130;-0.0548;589.0685;173.6;295.0;300.0;170.1
802.0;0.9881;0.9872;0.4847;-0.0557;73;54;-0.1026;250.2672;-2.3130;-0.0548;589.0685;173.0;293.8;300.0;170.7
802.5;0.9831;0.9844;0.5015;-0.0603;75;54;-0.1808;250.2672;-2.3130;-0.0328;589.8681;173.3;293.3;300.0;171.3
803.0;0.9776;0.9812;0.5756;-0.0656;79;56;-0.1808;250.2672;-2.3130;-0.0109;589.8681;173.0;293.3;300.0;171.8
803.5;0.9712;0.9785;0.5817;-0.0656;81;58;-0.1906;250.2672;-2.3130;-0.0109;590.6677;174.2;292.1;300.0;173.3
804.0;0.9647;0.9753;0.6321;-0.0702;87;60;-0.1026;250.2672;-2.3130;0.0111;590.6677;174.5;293.3;300.0;173.9
804.5;0.9583;0.9721;0.6550;-0.0656;89;64;-0.2688;250.2672;-2.3130;0.0331;591.4673;173.9;292.7;300.0;174.5
805.0;0.9519;0.9693;0.6565;-0.0702;95;64;-0.1906;250.2672;-2.3130;0.0551;591.4673;174.2;292.7;300.0;174.8
805.5;0.9455;0.9661;0.6832;-0.0855;99;64;-0.1906;250.2672;-2.3130;0.0770;592.2670;173.6;292.1;300.0;176.0
806.0;0.9386;0.9634;0.7038;-0.0802;99;69;-0.1124;250.2672;-2.3130;0.0990;592.2670;174.2;292.1;300.0;176.2
806.5;0.9327;0.9602;0.7611;-0.0901;105;67;-0.2688;250.2672;-2.3130;0.1210;593.0666;173.6;292.1;300.0;177.1
807.0;0.9267;0.9574;0.7679;-0.0901;105;69;-0.1124;250.2672;-2.3130;0.1430;593.0666;173.6;290.9;300.0;177.4
807.5;0.9203;0.9542;0.7954;-0.0901;107;71;-0.1906;250.2672;-2.3130;0.1649;593.8661;173.6;290.3;300.0;177.7
808.0;0.9153;0.9515;0.7885;-0.0855;107;73;-0.1124;250.2672;-2.3053;0.1869;593.8661;174.8;289.7;300.0;177.1
808.5;0.9093;0.9483;0.7992;-0.0855;109;73;-0.1906;250.2672;-2.3053;0.2089;594.6658;174.2;289.1;300.0;177.1
809.0;0.9038;0.9451;0.7878;-0.0802;110;75;-0.1906;250.2672;-2.3053;0.2308;595.4654;174.2;289.7;300.0;176.5
809.5;0.8988;0.9423;0.8000;-0.0855;112;75;-0.1124;250.2672;-2.3053;0.2528;595.4654;173.3;288.6;300.0;176.2
810.0;0.8947;0.9391;0.8031;-0.0855;112;75;-0.2786;250.2672;-2.3053;0.2748;596.2650;173.0;289.1;300.0;176.2
810.5;0.8915;0.9364;0.7687;-0.0901;112;73;-0.1906;250.2672;-2.2977;0.2968;596.2650;172.4;288.6;300.0;176.5
811.0;0.8883;0.9336;0.7496;-0.0954;110;73;-0.1124;250.2672;-2.2977;0.3187;597.0646;172.4;289.1;300.0;177.7
811.5;0.8851;0.9304;0.6595;-0.0954;107;73;-0.1124;250.2672;-2.2977;0.3407;597.0646;172.1;288.6;300.0;177.1
812.0;0.8837;0.9277;0.4802;-0.1000;103;71;-0.1026;250.2672;-2.2901;0.3407;597.8643;172.4;288.6;300.0;178.3
812.5;0.8828;0.9245;0.2168;-0.0901;93;75;-0.0929;250.2672;-2.2901;0.3627;598.6638;172.1;288.6;300.0;176.5
813.0;0.8819;0.9217;-0.0084;-0.0855;89;73;-0.0831;250.2672;-2.2824;0.3627;598.6638;173.0;289.1;300.0;176.2
813.5;0.8810;0.9190;-0.2206;-0.0954;87;69;-0.0733;250.2672;-2.2824;0.3407;599.4634;172.7;288.6;300.0;177.1
814.0;0.8796;0.9158;-0.4244;-0.0802;75;75;-0.0733;250.2672;-2.2824;0.3407;599.4634;174.2;288.6;300.0;176.2
814.5;0.8782;0.9130;-0.5954;-0.0802;75;71;-0.1417;250.2672;-2.2748;0.3187;600.2631;174.2;288.6;300.0;176.2
815.0;0.8773;0.9103;-0.7977;-0.0702;67;73;0.0244;250.2672;-2.2748;0.2968;601.0627;175.1;288.6;300.0;175.4
815.5;0.8768;0.9075;-0.9412;-0.0603;64;73;0.0244;250.2672;-2.2672;0.2748;601.0627;176.0;288.6;300.0;174.5
816.0;0.8764;0.9043;-1.0214;-0.0656;64;69;-0.0538;250.2672;-2.2672;0.2528;601.8623;175.1;288.6;300.0;174.5
816.5;0.8750;0.9016;-1.0786;-0.0702;62;67;0.0342;250.2672;-2.2672;0.2089;601.8623;174.8;288.6;300.0;173.9
817.0;0.8736;0.8988;-1.0740;-0.0756;60;67;-0.0440;250.2672;-2.2672;0.1869;602.6619;174.5;288.3;300.0;175.1
817.5;0.8727;0.8961;-1.0573;-0.0656;56;67;0.0342;250.2672;-2.2672;0.1430;603.4615;174.8;288.3;300.0;173.3
818.0;0.8686;0.8933;-0.9511;-0.0656;64;65;-0.0538;250.2672;-2.2595;0.1210;603.4615;174.8;288.3;300.0;173.0
818.5;0.8654;0.8906;-0.8397;-0.0557;64;67;-0.1320;250.2672;-2.2595;0.0990;604.2611;175.4;288.6;300.0;172.1
819.0;0.8640;0.8874;-0.6901;-0.0557;67;64;0.0147;250.2672;-2.2595;0.0770;604.2611;175.4;288.3;300.0;171.8
819.5;0.8626;0.8846;-0.5725;-0.0450;64;64;0.0147;250.2672;-2.2595;0.0551;605.0607;177.4;287.7;300.0;171.8
820.0;0.8617;0.8819;-0.4870;-0.0504;65;58;0.0147;250.2672;-2.2595;0.0551;605.8604;176.8;288.3;300.0;173.0
820.5;0.8608;0.8791;-0.4130;-0.0557;65;56;-0.0733;250.2672;-2.2595;0.0331;605.8604;177.4;288.3;300.0;173.0
821.0;0.8585;0.8764;-0.3366;-0.0450;62;58;0.0049;250.2672;-2.2595;0.0331;606.6599;177.4;288.6;300.0;172.7
821.5;0.8558;0.8736;-0.3031;-0.0450;64;58;0.0049;250.2672;-2.2595;0.0111;606.6599;177.7;288.3;300.0;172.1
822.0;0.8544;0.8709;-0.3931;-0.0450;62;58;0.0049;250.2672;-2.2595;0.0111;607.4595;176.5;288.3;300.0;171.6
822.5;0.8526;0.8681;-0.4519;-0.0450;60;58;0.0929;250.2672;-2.2595;-0.0109;607.4595;176.5;288.6;300.0;171.6
823.0;0.8503;0.8658;-0.5313;-0.0450;60;60;-0.0635;250.2672;-2.2595;-0.0109;608.2592;176.2;288.6;300.0;171.0
823.5;0.8489;0.8631;-0.5931;-0.0405;56;62;0.0147;250.2672;-2.2595;-0.0328;609.0588;176.2;288.3;300.0;170.7
824.0;0.8466;0.8603;-0.6023;-0.0405;56;60;0.0147;250.2672;-2.2595;-0.0548;609.0588;176.0;287.7;300.0;170.4
824.5;0.8448;0.8576;-0.5237;-0.0405;58;58;-0.0635;250.2672;-2.2595;-0.0768;609.8584;176.5;287.1;300.0;170.1
825.0;0.8439;0.8549;-0.4641;-0.0351;56;58;0.0147;250.2672;-2.2595;-0.0768;609.8584;176.2;285.9;300.0;169.2
825.5;0.8420;0.8521;-0.4061;-0.0405;56;56;0.0929;250.2672;-2.2595;-0.0988;610.6580;176.8;285.3;300.0;171.0
826.0;0.8388;0.8494;-0.3687;-0.0252;54;60;-0.0733;250.2672;-2.2595;-0.0988;610.6580;178.0;285.3;300.0;169.5
826.5;0.8375;0.8471;-0.3656;-0.0305;58;56;0.0049;250.2672;-2.2595;-0.1207;611.4576;177.4;284.8;300.0;169.5
827.0;0.8352;0.8443;-0.3611;-0.0305;56;56;0.0049;250.2672;-2.2595;-0.1207;611.4576;176.8;284.5;300.0;168.9
827.5;0.8324;0.8416;-0.4160;-0.0351;58;56;0.0049;250.2672;-2.2595;-0.1427;612.2572;179.2;284.5;300.0;170.1
828.0;0.8310;0.8393;-0.4534;-0.0252;52;58;0.0147;250.2672;-2.2672;-0.1427;613.0568;179.5;284.5;300.0;170.1
828.5;0.8288;0.8365;-0.4786;-0.0252;54;58;0.0929;250.2672;-2.2672;-0.1647;613.0568;178.0;284.5;300.0;169.2
829.0;0.8260;0.8338;-0.5053;-0.0206;52;60;0.0147;250.2672;-2.2672;-0.1867;613.0568;178.0;284.5;300.0;168.6
829.5;0.8228;0.8315;-0.4809;-0.0252;56;58;0.0147;250.2672;-2.2672;-0.1867;613.8564;178.6;284.5;300.0;169.2
830.0;0.8205;0.8288;-0.4748;-0.0206;54;60;0.0147;250.2672;-2.2672;-0.2086;613.8564;179.2;284.8;300.0;169.5
830.5;0.8173;0.8260;-0.4710;-0.0206;56;60;0.0147;250.2672;-2.2672;-0.2306;614.6560;178.0;284.5;300.0;168.6
831.0;0.8141;0.8237;-0.4099;-0.0206;56;60;0.0929;250.2672;-2.2748;-0.2306;614.6560;178.6;284.8;300.0;168.3
831.5;0.8109;0.8210;-0.3504;-0.0206;58;62;0.0049;250.2672;-2.2748;-0.2526;615.4556;178.0;284.5;300.0;168.0
832.0;0.8077;0.8187;-0.3099;-0.0252;60;60;0.0049;250.2672;-2.2748;-0.2526;615.4556;178.0;284.5;300.0;170.1
832.5;0.8036;0.8159;-0.2366;-0.0252;62;62;0.0049;250.2672;-2.2748;-0.2526;616.2552;177.4;283.9;300.0;168.3
833.0;0.7999;0.8136;-0.1786;-0.0206;64;64;0.0049;250.2672;-2.2748;-0.2526;616.2552;177.7;283.3;300.0;167.7
833.5;0.7967;0.8109;-0.1244;-0.0206;65;62;-0.0049;250.2672;-2.2824;-0.2746;617.0549;177.4;283.3;300.0;167.2
834.0;0.7935;0.8086;-0.0786;-0.0206;67;62;-0.0831;250.2672;-2.2824;-0.2746;617.0549;177.7;283.3;300.0;167.2
834.5;0.7903;0.8059;-0.0298;-0.0153;65;64;-0.0049;250.2672;-2.2824;-0.2746;617.8545;177.1;282.7;300.0;166.9
835.0;0.7871;0.8036;0.0145;-0.0107;67;64;-0.0831;250.2672;-2.2824;-0.2746;617.8545;178.0;282.7;300.0;166.9
835.5;0.7839;0.8013;0.0565;-0.0153;69;62;-0.0049;250.2672;-2.2824;-0.2746;618.6541;177.4;283.3;300.0;166.9
836.0;0.7807;0.7985;0.0924;-0.0107;69;64;-0.0049;250.2672;-2.2901;-0.2746;618.6541;178.0;282.7;300.0;166.6
836.5;0.7779;0.7962;0.1122;-0.0206;73;60;-0.1711;250.2672;-2.2901;-0.2526;619.4537;177.4;283.3;300.0;167.7
837.0;0.7743;0.7940;0.1237;-0.0107;69;64;0.0733;250.2672;-2.2901;-0.2526;619.4537;178.9;282.7;300.0;167.7
837.5;0.7706;0.7912;0.1198;-0.0153;75;62;-0.0929;250.2672;-2.2901;-0.2526;620.2533;179.2;282.7;300.0;168.6
838.0;0.7669;0.7889;0.1046;-0.0153;75;64;-0.0929;250.2672;-2.2977;-0.2526;620.2533;180.4;282.7;300.0;168.3
838.5;0.7647;0.7866;0.0565;-0.0153;73;65;0.0733;250.2672;-2.2977;-0.2526;621.0529;178.9;282.7;300.0;167.4
839.0;0.7628;0.7843;-0.0275;-0.0153;71;64;-0.1613;250.2672;-2.2977;-0.2526;621.0529;178.0;283.3;300.0;167.7
839.5;0.7614;0.7816;-0.1099;-0.0153;67;64;-0.0049;250.2672;-2.2977;-0.2526;621.8525;178.6;283.3;300.0;167.2
840.0;0.7605;0.7793;-0.1992;-0.0153;65;64;0.0831;250.2672;-2.2977;-0.2526;621.8525;178.0;283.3;300.0;167.4
840.5;0.7596;0.7770;-0.2802;-0.0252;64;60;-0.1515;250.2672;-2.3053;-0.2746;622.6522;179.8;283.3;300.0;170.4
841.0;0.7587;0.7747;-0.3557;-0.0206;58;62;0.0049;250.2672;-2.3053;-0.2746;622.6522;178.6;282.7;300.0;168.6
841.5;0.7582;0.7724;-0.3962;-0.0153;56;60;0.0049;250.2672;-2.3053;-0.2965;623.4517;178.6;282.7;300.0;167.4
842.0;0.7569;0.7701;-0.4481;-0.0153;56;58;-0.0733;250.2672;-2.3053;-0.2965;623.4517;178.3;282.7;300.0;167.2
842.5;0.7546;0.7679;-0.4710;-0.0107;54;60;0.0929;250.2672;-2.3130;-0.3185;624.2513;178.6;282.7;300.0;166.9
843.0;0.7537;0.7656;-0.5046;-0.0107;54;58;-0.0635;250.2672;-2.3130;-0.3405;624.2513;178.0;282.1;300.0;166.3
843.5;0.7523;0.7633;-0.4687;-0.0107;54;58;0.0929;250.2672;-2.3130;-0.3405;625.0510;178.6;282.7;300.0;166.3
844.0;0.7505;0.7610;-0.4328;-0.0107;54;56;-0.0733;250.2672;-2.3206;-0.3624;625.0510;178.3;282.7;300.0;166.0
844.5;0.7495;0.7587;-0.3611;-0.0053;52;56;-0.0733;250.2672;-2.3206;-0.3624;625.8506;178.9;283.3;300.0;166.0
845.0;0.7473;0.7564;-0.3183;0.0000;54;56;0.0049;250.2672;-2.3206;-0.3844;625.8506;179.8;283.9;300.0;165.7
845.5;0.7454;0.7541;-0.2542;-0.0053;56;52;0.0049;250.2672;-2.3206;-0.3844;626.6502;179.8;283.3;300.0;166.0
846.0;0.7431;0.7518;-0.1916;0.0000;54;54;0.0049;250.2672;-2.3282;-0.3844;626.6502;179.2;283.3;300.0;165.4
846.5;0.7404;0.7495;-0.1931;0.0000;56;54;-0.0831;250.2672;-2.3282;-0.3844;626.6502;179.8;283.9;300.0;165.7
847.0;0.7376;0.7473;-0.1786;0.0000;58;54;-0.0831;250.2672;-2.3282;-0.4064;627.4498;179.2;284.5;300.0;165.4
847.5;0.7349;0.7450;-0.2237;-0.0053;60;54;-0.0733;250.2672;-2.3359;-0.4064;627.4498;179.8;283.9;300.0;166.6
848.0;0.7317;0.7427;-0.1870;-0.0053;60;56;0.0049;250.2672;-2.3359;-0.4064;628.2494;180.1;283.3;300.0;166.0
848.5;0.7299;0.7408;-0.2084;0.0000;58;58;0.0049;250.2672;-2.3359;-0.4064;628.2494;179.8;282.1;300.0;165.7
849.0;0.7276;0.7386;-0.1588;0.0000;60;56;-0.0831;250.2672;-2.3435;-0.4284;629.0490;179.2;282.1;300.0;165.4
849.5;0.7253;0.7363;-0.1427;0.0000;60;56;0.0831;250.2672;-2.3435;-0.4284;629.0490;179.2;282.1;300.0;165.4
850.0;0.7239;0.7340;-0.1649;-0.0053;60;56;0.0049;250.2672;-2.3435;-0.4284;629.8486;179.5;281.8;300.0;165.4
850.5;0.7225;0.7321;-0.1664;0.0000;56;56;-0.0831;250.2672;-2.3511;-0.4284;629.8486;180.1;281.2;300.0;165.4
851.0;0.7207;0.7299;-0.1656;0.0000;56;56;0.0831;250.2672;-2.3511;-0.4284;630.6483;180.1;281.2;300.0;165.4
851.5;0.7189;0.7276;-0.1427;-0.0053;58;52;-0.0831;250.2672;-2.3511;-0.4503;630.6483;180.6;280.6;300.0;166.3
852.0;0.7179;0.7257;-0.1725;-0.0053;56;54;0.0049;250.2672;-2.3588;-0.4503;630.6483;180.1;280.1;300.0;166.9
852.5;0.7161;0.7234;-0.1397;-0.0053;56;52;-0.0049;250.2672;-2.3588;-0.4503;631.4478;178.9;280.6;300.0;166.0
853.0;0.7143;0.7212;-0.1802;0.0000;54;54;-0.0831;250.2672;-2.3664;-0.4503;631.4478;180.6;280.1;300.0;165.4
853.5;0.7115;0.7193;-0.1641;0.0000;56;54;0.0049;250.2672;-2.3664;-0.4723;632.2474;180.6;280.1;300.0;165.1
854.0;0.7092;0.7170;-0.1405;0.0000;56;54;-0.0831;250.2672;-2.3664;-0.4723;632.2474;180.4;280.1;300.0;164.8
854.5;0.7056;0.7152;-0.1160;0.0000;58;54;-0.0831;250.2672;-2.3740;-0.4723;633.0471;179.8;280.1;300.0;166.6
855.0;0.7028;0.7129;-0.1183;0.0000;60;56;-0.0831;250.2672;-2.3740;-0.4723;633.0471;180.1;280.1;300.0;165.7
855.5;0.7005;0.7111;-0.1489;0.0000;60;56;0.0831;250.2672;-2.3740;-0.4723;633.0471;179.5;279.5;300.0;165.1
856.0;0.6983;0.7088;-0.1031;0.0000;60;56;-0.0049;250.2672;-2.3817;-0.4723;633.8467;179.8;280.1;300.0;165.1
856.5;0.6960;0.7070;-0.1191;0.0000;60;58;-0.0831;250.2672;-2.3817;-0.4723;633.8467;179.2;280.1;300.0;164.8
857.0;0.6932;0.7047;-0.0710;0.0000;62;56;-0.0049;250.2672;-2.3817;-0.4943;634.6463;179.8;279.2;300.0;165.1
857.5;0.6914;0.7028;-0.0824;0.0000;60;58;0.0831;250.2672;-2.3893;-0.4943;634.6463;179.5;279.2;300.0;164.5
858.0;0.6896;0.7005;-0.0489;0.0000;60;56;-0.0831;250.2672;-2.3893;-0.4943;635.4459;179.8;279.2;300.0;164.8
858.5;0.6873;0.6987;-0.0870;0.0000;60;56;-0.0049;250.2672;-2.3969;-0.4943;635.4459;178.9;279.2;300.0;165.1
859.0;0.6850;0.6969;-0.0939;0.0046;60;58;-0.0049;250.2672;-2.3969;-0.4943;635.4459;181.2;278.6;300.0;164.8
859.5;0.6832;0.6946;-0.0847;0.0046;60;58;0.0831;250.2672;-2.3969;-0.4943;636.2455;180.9;278.6;300.0;164.8
860.0;0.6813;0.6928;-0.0824;0.0000;60;56;-0.0831;250.2672;-2.4046;-0.4943;636.2455;180.6;278.0;300.0;164.5
860.5;0.6795;0.6909;-0.0550;0.0000;60;56;-0.0049;250.2672;-2.4046;-0.4943;637.0451;179.8;278.6;300.0;164.2
861.0;0.6781;0.6891;-0.0969;0.0000;58;56;0.0831;250.2672;-2.4046;-0.4943;637.0451;179.5;278.0;300.0;164.5
861.5;0.6763;0.6868;-0.0458;0.0000;58;56;-0.0049;250.2672;-2.4122;-0.4943;637.8447;180.1;278.6;300.0;164.5
862.0;0.6740;0.6850;-0.0893;0.0000;58;56;-0.0049;250.2672;-2.4122;-0.5163;637.8447;179.8;279.2;300.0;164.5
862.5;0.6726;0.6832;-0.0183;0.0000;58;54;-0.0831;250.2672;-2.4198;-0.5163;637.8447;180.1;279.5;300.0;164.2
863.0;0.6712;0.6813;-0.0198;0.0000;58;54;0.0733;250.2672;-2.4198;-0.5163;638.6443;179.8;279.2;300.0;164.5
863.5;0.6699;0.6795;0.0344;0.0000;58;54;-0.0049;250.2672;-2.4198;-0.5163;638.6443;180.1;279.2;300.0;164.5
864.0;0.6680;0.6777;0.0191;0.0000;58;54;-0.0049;250.2672;-2.4275;-0.5163;639.4439;180.6;279.2;300.0;164.8
864.5;0.6667;0.6754;-0.0092;0.0046;56;54;0.0733;250.2672;-2.4275;-0.5163;639.4439;180.9;279.2;300.0;164.8
865.0;0.6644;0.6735;0.0519;0.0000;58;52;-0.0831;250.2672;-2.4275;-0.4943;639.4439;180.1;279.2;300.0;165.1
865.5;0.6616;0.6717;0.0191;0.0046;58;56;-0.0049;250.2672;-2.4351;-0.4943;640.2435;182.1;279.5;300.0;166.9
866.0;0.6593;0.6699;0.0603;0.0000;60;54;-0.0049;250.2672;-2.4351;-0.4943;640.2435;180.6;279.5;300.0;164.8
866.5;0.6580;0.6680;0.0107;0.0000;58;54;-0.0049;250.2672;-2.4427;-0.4943;641.0432;180.6;280.1;300.0;164.8
867.0;0.6557;0.6662;0.0084;0.0000;60;54;-0.0831;250.2672;-2.4427;-0.4943;641.0432;180.1;280.1;300.0;164.5
867.5;0.6538;0.6644;-0.0328;0.0000;58;56;0.0733;250.2672;-2.4427;-0.4943;641.8428;179.8;279.5;300.0;165.4
868.0;0.6520;0.6625;-0.0298;0.0000;58;56;0.0733;250.2672;-2.4504;-0.4943;641.8428;180.6;279.5;300.0;164.8
868.5;0.6497;0.6607;-0.0443;0.0000;60;56;-0.0831;250.2672;-2.4504;-0.4943;641.8428;180.6;279.5;300.0;164.2
869.0;0.6474;0.6589;-0.1092;0.0046;58;58;-0.0049;250.2672;-2.4504;-0.5163;642.6424;180.9;280.1;300.0;163.9
869.5;0.6447;0.6575;-0.1328;0.0000;60;58;0.1613;250.2672;-2.4580;-0.5163;642.6424;180.6;279.5;300.0;163.9
870.0;0.6424;0.6557;-0.1695;0.0000;60;60;0.0049;250.2672;-2.4580;-0.5163;643.4420;180.1;280.1;300.0;164.2
870.5;0.6392;0.6538;-0.1344;0.0046;60;62;-0.0831;250.2672;-2.4656;-0.5163;643.4420;180.9;280.1;300.0;164.2
871.0;0.6369;0.6520;-0.1351;0.0046;62;62;-0.0049;250.2672;-2.4656;-0.5163;643.4420;179.8;280.1;300.0;163.6
871.5;0.6346;0.6502;-0.0702;0.0000;64;60;-0.0049;250.2672;-2.4656;-0.5163;644.2416;180.4;280.1;300.0;164.5
872.0;0.6328;0.6484;-0.0710;0.0000;64;60;-0.0049;250.2672;-2.4733;-0.5382;644.2416;179.8;280.6;300.0;163.9
872.5;0.6305;0.6470;-0.0382;0.0000;64;62;0.0733;250.2672;-2.4733;-0.5382;645.0412;180.4;280.1;300.0;164.2
873.0;0.6277;0.6451;-0.0435;0.0046;62;62;0.0733;250.2672;-2.4733;-0.5382;645.0412;180.9;280.6;300.0;164.2
873.5;0.6255;0.6433;-0.0252;0.0000;64;62;0.1613;250.2672;-2.4809;-0.5382;645.0412;180.6;280.6;300.0;164.5
874.0;0.6236;0.6419;0.0000;0.0046;62;64;-0.0049;250.2672;-2.4809;-0.5382;645.8408;180.9;280.6;300.0;164.5
874.5;0.6218;0.6401;-0.0313;0.0000;64;62;-0.0049;250.2672;-2.4809;-0.5382;645.8408;180.4;280.1;300.0;164.2
875.0;0.6200;0.6383;-0.0298;0.0000;64;62;-0.0831;250.2672;-2.4885;-0.5382;645.8408;180.6;280.6;300.0;163.9
875.5;0.6181;0.6369;-0.0687;0.0000;64;62;-0.0049;250.2672;-2.4885;-0.5382;646.6404;180.4;280.1;300.0;163.9
876.0;0.6168;0.6351;-0.0519;0.0046;62;62;-0.0049;250.2672;-2.4962;-0.5382;646.6404;180.6;280.6;300.0;163.6
876.5;0.6158;0.6332;-0.0786;0.0046;62;62;-0.0049;250.2672;-2.4962;-0.5382;647.4401;180.1;281.2;300.0;163.6
877.0;0.6140;0.6319;-0.0634;0.0046;62;62;0.0733;250.2672;-2.4962;-0.5382;647.4401;180.6;281.2;300.0;163.6
877.5;0.6126;0.6300;-0.1115;0.0000;62;60;-0.0049;250.2672;-2.5038;-0.5382;647.4401;180.1;281.2;300.0;164.8
878.0;0.6113;0.6287;-0.1130;0.0000;60;62;-0.0049;250.2672;-2.5038;-0.5382;648.2396;180.4;281.8;300.0;164.2
878.5;0.6094;0.6268;-0.0702;0.0000;60;60;0.0733;250.2672;-2.5038;-0.5382;648.2396;180.4;281.8;300.0;164.8
879.0;0.6081;0.6255;-0.0618;0.0046;60;62;-0.0049;250.2672;-2.5114;-0.5602;649.0392;180.9;282.1;300.0;164.5
879.5;0.6071;0.6236;-0.0183;0.0000;60;58;0.1613;250.2672;-2.5114;-0.5602;649.0392;180.6;282.1;300.0;163.9
880.0;0.6062;0.6223;-0.0275;0.0000;60;58;-0.0049;250.2672;-2.5191;-0.5602;649.0392;180.6;282.1;300.0;163.9
880.5;0.6058;0.6209;0.0145;0.0000;58;58;-0.0049;250.2672;-2.5191;-0.5602;649.8389;180.4;282.7;300.0;163.9
881.0;0.6049;0.6190;0.0031;0.0046;56;58;-0.0049;250.2672;-2.5191;-0.5602;649.8389;180.6;282.7;300.0;163.6
881.5;0.6044;0.6177;0.0611;0.0046;58;54;-0.0049;250.2672;-2.5267;-0.5602;650.6385;180.6;283.9;300.0;163.6
882.0;0.6039;0.6158;0.0901;0.0000;58;52;-0.0049;250.2672;-2.5267;-0.5382;650.6385;180.6;283.3;300.0;163.9
882.5;0.6030;0.6145;0.1313;0.0000;56;52;0.0733;250.2672;-2.5344;-0.5382;650.6385;180.4;283.3;300.0;165.1
883.0;0.6021;0.6131;0.1160;0.0000;56;52;-0.0049;250.2672;-2.5344;-0.5382;651.4381;180.6;282.7;300.0;164.5
883.5;0.6016;0.6117;0.1137;0.0000;56;52;-0.0049;250.2672;-2.5344;-0.5382;651.4381;180.4;282.1;300.0;165.1
884.0;0.6007;0.6099;0.1290;0.0000;56;50;-0.0049;250.2672;-2.5420;-0.5382;652.2377;180.4;282.7;300.0;164.5
884.5;0.6007;0.6085;0.1137;0.0000;54;50;-0.0049;250.2672;-2.5420;-0.5382;652.2377;180.6;282.1;300.0;163.9
885.0;0.5998;0.6071;0.1130;0.0000;54;50;0.0733;250.2672;-2.5420;-0.5163;652.2377;180.1;282.7;300.0;163.9
885.5;0.5984;0.6058;0.0664;0.0000;54;50;-0.0831;250.2672;-2.5496;-0.5163;653.0373;180.6;282.7;300.0;163.9
886.0;0.5966;0.6044;0.0573;0.0000;54;50;-0.0831;250.2672;-2.5496;-0.5163;653.0373;180.1;283.9;300.0;163.9
886.5;0.5948;0.6026;0.0084;0.0000;56;52;-0.0831;250.2672;-2.5496;-0.5163;653.0373;180.6;283.9;300.0;163.9
887.0;0.5920;0.6012;0.0130;0.0000;56;54;-0.0049;250.2672;-2.5573;-0.5163;653.8369;180.4;283.9;300.0;163.9
887.5;0.5893;0.5998;0.0198;0.0046;58;56;0.0733;250.2672;-2.5573;-0.5163;653.8369;181.5;283.9;300.0;165.1
888.0;0.5879;0.5984;0.0267;0.0000;60;54;-0.0049;250.2672;-2.5573;-0.5163;653.8369;180.6;283.9;300.0;164.8
888.5;0.5865;0.5971;0.0153;0.0046;58;56;-0.0049;250.2672;-2.5649;-0.5163;654.6365;180.9;284.5;300.0;164.2
889.0;0.5856;0.5957;-0.0221;0.0000;58;56;0.0733;250.2672;-2.5649;-0.5163;654.6365;180.6;284.5;300.0;164.8
889.5;0.5838;0.5943;0.0076;0.0046;58;56;-0.0831;250.2672;-2.5649;-0.5163;654.6365;181.8;284.5;300.0;164.8
890.0;0.5829;0.5929;0.0046;0.0046;58;54;-0.0049;250.2672;-2.5725;-0.5163;655.4362;180.9;284.5;300.0;164.2
890.5;0.5820;0.5916;0.0267;0.0046;58;54;-0.0049;250.2672;-2.5725;-0.5163;655.4362;180.9;284.5;300.0;165.4
891.0;0.5806;0.5902;-0.0198;0.0046;56;56;0.0733;250.2672;-2.5802;-0.5163;656.2357;180.9;285.3;300.0;165.7
891.5;0.5792;0.5888;-0.0206;0.0046;58;56;-0.0831;250.2672;-2.5802;-0.5163;656.2357;180.9;285.3;300.0;165.7
892.0;0.5769;0.5875;-0.0389;0.0000;60;56;-0.0049;250.2672;-2.5802;-0.5163;656.2357;180.4;285.3;300.0;164.5
892.5;0.5760;0.5861;-0.0115;0.0000;58;56;0.0733;250.2672;-2.5878;-0.5163;657.0353;180.6;284.8;300.0;164.2
893.0;0.5760;0.5847;0.0229;0.0000;58;54;-0.0049;250.2672;-2.5878;-0.5163;657.0353;180.4;285.9;300.0;163.9
893.5;0.5746;0.5838;0.0496;0.0000;58;54;-0.0049;250.2672;-2.5878;-0.5163;657.0353;180.6;286.5;300.0;164.8
894.0;0.5723;0.5824;0.0763;0.0000;58;54;-0.0049;250.2672;-2.5954;-0.5163;657.8350;180.1;286.5;300.0;163.9
894.5;0.5705;0.5810;0.1000;0.0000;60;56;0.0733;250.2672;-2.5954;-0.5163;657.8350;180.6;285.9;300.0;163.9
895.0;0.5696;0.5797;0.1229;0.0046;58;56;-0.0929;250.2672;-2.5954;-0.5163;658.6346;180.6;286.5;300.0;163.6
895.5;0.5678;0.5783;0.1115;0.0046;60;56;-0.0049;250.2672;-2.6031;-0.5163;658.6346;181.5;287.1;300.0;163.6
896.0;0.5668;0.5774;0.1290;0.0099;58;56;-0.0049;250.2672;-2.6031;-0.4943;658.6346;181.8;287.1;300.0;163.6
896.5;0.5659;0.5760;0.1145;0.0046;60;54;0.0733;250.2672;-2.6031;-0.4943;659.4342;181.8;287.7;300.0;165.7
897.0;0.5646;0.5746;0.0954;0.0046;58;54;-0.0929;250.2672;-2.6107;-0.4943;659.4342;181.5;288.3;300.0;164.8
897.5;0.5632;0.5737;0.0756;0.0000;60;54;0.0733;250.2672;-2.6107;-0.4943;659.4342;180.6;288.3;300.0;164.5
898.0;0.5618;0.5723;0.0802;0.0046;58;56;-0.0049;250.2672;-2.6107;-0.4943;660.2338;180.9;288.6;300.0;164.2
898.5;0.5609;0.5710;0.0969;0.0000;60;54;-0.0049;250.2672;-2.6107;-0.4943;660.2338;180.4;289.1;300.0;164.2
899.0;0.5591;0.5701;0.0885;0.0000;60;56;-0.0049;250.2672;-2.6183;-0.4943;660.2338;180.6;289.1;300.0;163.9
899.5;0.5582;0.5687;0.0992;0.0099;58;56;-0.0049;250.2672;-2.6183;-0.4943;661.0334;182.4;288.3;300.0;164.8
900.0;0.5577;0.5678;0.0924;0.0046;60;54;-0.0929;250.2672;-2.6183;-0.4943;661.0334;181.5;288.6;300.0;166.0
900.5;0.5568;0.5664;0.1168;0.0046;58;54;0.0733;250.2672;-2.6260;-0.4723;661.0334;181.5;288.3;300.0;164.8
901.0;0.5559;0.5655;0.1206;0.0046;58;54;-0.0929;250.2672;-2.6260;-0.4723;661.8330;181.5;288.6;300.0;164.5
901.5;0.5545;0.5641;0.1397;0.0046;60;54;0.0733;250.2672;-2.6260;-0.4723;661.8330;180.9;288.3;300.0;163.9
902.0;0.5522;0.5632;0.1473;0.0046;60;54;-0.0147;250.2672;-2.6336;-0.4723;661.8330;181.2;288.6;300.0;163.9
902.5;0.5508;0.5618;0.1282;0.0046;62;56;-0.0929;250.2672;-2.6336;-0.4723;662.6326;180.4;288.3;300.0;163.6
903.0;0.5485;0.5609;0.1084;0.0000;64;56;-0.0929;250.2672;-2.6336;-0.4723;662.6326;180.6;289.1;300.0;163.9
903.5;0.5462;0.5595;0.0748;0.0000;64;58;-0.0049;250.2672;-2.6336;-0.4503;662.6326;180.1;289.1;300.0;163.9
904.0;0.5444;0.5586;0.0710;0.0000;64;58;-0.0831;250.2672;-2.6412;-0.4503;663.4323;180.6;289.7;300.0;163.9
904.5;0.5435;0.5577;0.0496;0.0000;64;60;0.0733;250.2672;-2.6412;-0.4503;663.4323;180.4;289.7;300.0;163.9
905.0;0.5421;0.5563;0.0511;0.0000;64;58;-0.0831;250.2672;-2.6412;-0.4503;664.2318;180.6;290.3;300.0;164.2
905.5;0.5408;0.5554;-0.0038;-0.0053;64;58;-0.0049;250.2672;-2.6412;-0.4503;664.2318;180.6;290.9;300.0;166.0
906.0;0.5389;0.5545;0.0046;0.0000;64;62;-0.0831;250.2672;-2.6489;-0.4503;664.2318;180.6;290.9;300.0;165.1
906.5;0.5366;0.5531;0.0198;0.0000;65;62;-0.0049;250.2672;-2.6489;-0.4503;664.2318;180.4;291.5;300.0;164.8
907.0;0.5343;0.5522;0.0305;0.0000;65;62;-0.0049;250.2672;-2.6489;-0.4503;665.0314;180.6;290.9;300.0;164.8
907.5;0.5334;0.5513;0.0267;0.0046;65;64;-0.0049;250.2672;-2.6565;-0.4503;665.0314;180.9;291.5;300.0;164.2
908.0;0.5325;0.5504;0.0115;0.0000;67;62;-0.0049;250.2672;-2.6565;-0.4503;665.0314;180.6;292.1;300.0;164.2
908.5;0.5311;0.5495;0.0405;0.0099;64;64;-0.0831;250.2672;-2.6565;-0.4503;665.8311;182.1;291.5;300.0;165.4
909.0;0.5307;0.5481;0.0252;0.0000;67;58;-0.0831;250.2672;-2.6565;-0.4503;665.8311;180.4;291.5;300.0;165.1
909.5;0.5298;0.5472;0.0466;0.0000;65;60;-0.0049;250.2672;-2.6641;-0.4503;665.8311;180.4;291.5;300.0;164.5
910.0;0.5279;0.5462;0.0092;0.0000;65;62;-0.0831;250.2672;-2.6641;-0.4503;666.6307;179.8;292.7;300.0;164.5
910.5;0.5270;0.5453;-0.0260;0.0000;65;62;0.0733;250.2672;-2.6641;-0.4503;666.6307;180.1;292.7;300.0;163.9
911.0;0.5261;0.5444;-0.0672;0.0000;64;62;-0.0831;250.2672;-2.6641;-0.4503;667.4303;179.8;293.3;300.0;163.9
911.5;0.5252;0.5435;-0.0847;0.0000;64;62;-0.0049;250.2672;-2.6718;-0.4503;667.4303;180.6;293.8;300.0;164.2
912.0;0.5252;0.5426;-0.0870;0.0000;64;62;-0.0049;250.2672;-2.6718;-0.4503;667.4303;180.1;293.8;300.0;164.2
912.5;0.5247;0.5417;-0.0832;0.0000;62;60;-0.0049;250.2672;-2.6718;-0.4503;668.2299;180.6;293.8;300.0;164.2
913.0;0.5243;0.5408;-0.0473;0.0000;64;60;-0.0831;250.2672;-2.6794;-0.4503;668.2299;180.1;293.8;300.0;164.5
913.5;0.5234;0.5398;-0.0221;0.0000;64;58;-0.0049;250.2672;-2.6794;-0.4503;668.2299;180.6;294.4;300.0;164.5
914.0;0.5238;0.5389;0.0153;0.0000;62;58;-0.0049;250.2672;-2.6794;-0.4503;669.0295;180.4;295.0;300.0;164.2
914.5;0.5234;0.5380;0.0244;0.0046;62;58;-0.0049;250.2672;-2.6794;-0.4503;669.0295;180.9;295.6;300.0;164.2
915.0;0.5229;0.5371;0.0641;0.0046;62;56;-0.0831;250.2672;-2.6870;-0.4503;669.0295;180.9;295.6;300.0;163.9
915.5;0.5229;0.5362;0.0595;0.0046;62;56;-0.0049;250.2672;-2.6870;-0.4503;669.8291;181.2;296.2;300.0;164.2
916.0;0.5220;0.5353;0.0626;0.0000;62;54;-0.0049;250.2672;-2.6870;-0.4503;669.8291;180.4;296.2;300.0;163.9
916.5;0.5211;0.5348;0.0504;0.0000;62;56;-0.0049;250.2672;-2.6947;-0.4503;669.8291;180.6;296.2;300.0;164.8
917.0;0.5206;0.5339;0.0603;0.0046;62;56;-0.0831;250.2672;-2.6947;-0.4503;670.6287;181.2;296.2;300.0;164.2
917.5;0.5197;0.5330;0.0595;0.0046;62;56;-0.0049;250.2672;-2.6947;-0.4503;670.6287;181.2;296.8;300.0;164.2
918.0;0.5183;0.5321;0.0229;0.0000;64;56;-0.0831;250.2672;-2.6947;-0.4503;670.6287;181.2;297.4;300.0;163.9
918.5;0.5169;0.5316;-0.0008;0.0000;62;58;-0.0049;250.2672;-2.7023;-0.4503;671.4283;180.6;296.8;300.0;163.9
919.0;0.5160;0.5307;-0.0389;0.0000;62;60;0.0733;250.2672;-2.7023;-0.4503;671.4283;180.6;297.4;300.0;163.9
919.5;0.5160;0.5298;-0.0382;0.0000;62;58;-0.0831;250.2672;-2.7023;-0.4503;671.4283;180.4;297.9;300.0;163.9
920.0;0.5151;0.5288;-0.0595;0.0046;60;60;-0.0049;250.2672;-2.7023;-0.4503;672.2280;180.6;297.9;300.0;163.6
920.5;0.5147;0.5284;-0.0489;0.0099;62;60;-0.0831;250.2672;-2.7099;-0.4503;672.2280;181.5;298.5;300.0;163.6
921.0;0.5142;0.5275;-0.0489;0.0099;62;58;-0.0049;250.2672;-2.7099;-0.4503;672.2280;181.5;298.5;300.0;163.6
921.5;0.5137;0.5266;-0.0542;0.0000;64;56;-0.0831;250.2672;-2.7099;-0.4503;673.0275;180.6;299.1;300.0;163.9
922.0;0.5133;0.5261;-0.0687;0.0046;60;60;-0.0049;250.2672;-2.7099;-0.4503;673.0275;180.6;299.1;300.0;163.6
922.5;0.5124;0.5252;-0.0733;0.0000;62;58;-0.0049;250.2672;-2.7176;-0.4503;673.0275;180.1;299.7;300.0;164.5
923.0;0.5128;0.5247;-0.0595;0.0046;60;58;-0.0049;250.2672;-2.7176;-0.4723;673.8271;181.8;300.0;300.0;164.2
923.5;0.5124;0.5238;-0.0763;0.0046;60;58;-0.0049;250.2672;-2.7176;-0.4723;673.8271;180.9;300.0;300.0;163.9
924.0;0.5124;0.5234;-0.0626;0.0046;60;56;-0.0831;250.2672;-2.7252;-0.4723;673.8271;181.5;300.0;300.0;164.2
924.5;0.5128;0.5224;-0.0847;0.0046;58;56;0.0831;250.2672;-2.7252;-0.4723;674.6268;180.6;300.0;300.0;163.6
925.0;0.5128;0.5220;-0.0740;0.0145;56;58;-0.0049;250.2672;-2.7252;-0.4723;674.6268;182.1;300.0;300.0;163.6
925.5;0.5119;0.5211;-0.0740;0.0099;60;56;-0.0831;250.2672;-2.7252;-0.4723;674.6268;181.5;300.0;300.0;163.6
926.0;0.5110;0.5206;-0.0649;0.0145;58;58;-0.0049;250.2672;-2.7328;-0.4723;675.4264;182.4;300.0;300.0;163.6
926.5;0.5092;0.5201;-0.0687;0.0099;62;56;-0.0831;250.2672;-2.7328;-0.4723;675.4264;181.5;300.0;300.0;163.3
927.0;0.5082;0.5192;-0.0779;0.0099;62;60;0.0733;250.2672;-2.7328;-0.4723;675.4264;181.8;300.0;300.0;163.3
927.5;0.5073;0.5188;-0.0939;0.0046;62;58;-0.0049;250.2672;-2.7328;-0.4723;675.4264;181.5;300.0;300.0;165.1
928.0;0.5064;0.5179;-0.0809;0.0198;60;64;-0.0049;250.2672;-2.7405;-0.4943;676.2260;183.9;300.0;300.0;164.2
928.5;0.5050;0.5174;-0.0634;0.0145;64;60;-0.0049;250.2672;-2.7405;-0.4943;676.2260;182.4;300.0;300.0;163.6
929.0;0.5041;0.5169;-0.1015;0.0198;62;64;0.0831;250.2672;-2.7405;-0.4943;676.2260;182.4;300.0;300.0;163.6
929.5;0.5027;0.5165;-0.1115;0.0145;64;62;-0.0049;250.2672;-2.7481;-0.4943;677.0256;182.4;300.0;300.0;163.3
930.0;0.5023;0.5156;-0.1397;0.0099;64;62;-0.0831;250.2672;-2.7481;-0.4943;677.0256;181.8;300.0;300.0;163.3
930.5;0.5027;0.5151;-0.1534;0.0145;62;64;0.0831;250.2672;-2.7481;-0.4943;677.0256;182.4;300.0;300.0;163.0
931.0;0.5023;0.5147;-0.1656;0.0145;62;62;0.0049;250.2672;-2.7481;-0.4943;677.8252;182.4;300.0;300.0;163.6
931.5;0.5018;0.5142;-0.1550;0.0145;62;62;0.0049;250.2672;-2.7557;-0.5163;677.8252;182.7;300.0;300.0;163.6
932.0;0.5009;0.5137;-0.1420;0.0145;62;62;0.0049;250.2672;-2.7557;-0.5163;677.8252;182.1;300.0;300.0;163.6
932.5;0.5005;0.5128;-0.0985;0.0145;62;62;-0.0049;250.2672;-2.7557;-0.5163;678.6248;183.3;300.0;300.0;164.2
933.0;0.5000;0.5124;-0.0328;0.0145;64;60;-0.0831;250.2672;-2.7634;-0.5163;678.6248;182.4;300.0;300.0;163.6
933.5;0.4995;0.5119;0.0115;0.0145;64;60;-0.0049;250.2672;-2.7634;-0.5163;678.6248;182.4;300.0;300.0;163.3
934.0;0.4991;0.5114;0.0473;0.0099;65;58;-0.0049;250.2672;-2.7634;-0.5163;679.4244;181.8;300.0;300.0;163.0
934.5;0.5000;0.5110;0.0641;0.0145;62;60;-0.0049;250.2672;-2.7634;-0.5163;679.4244;182.4;300.0;300.0;163.0
935.0;0.5000;0.5105;0.0863;0.0099;64;56;-0.0049;250.2672;-2.7710;-0.5163;679.4244;181.5;300.0;300.0;163.0
935.5;0.5000;0.5101;0.0794;0.0145;62;58;-0.0049;250.2672;-2.7710;-0.5163;680.2241;182.1;300.0;300.0;163.0
936.0;0.4995;0.5096;0.0870;0.0099;64;56;-0.0929;250.2672;-2.7710;-0.5163;680.2241;181.5;300.0;300.0;163.6
936.5;0.4991;0.5092;0.0802;0.0198;60;60;-0.0049;250.2672;-2.7786;-0.4943;680.2241;183.0;300.0;300.0;163.3
937.0;0.4991;0.5087;0.0611;0.0145;62;58;0.0733;250.2672;-2.7786;-0.4943;681.0236;182.1;300.0;300.0;163.0
937.5;0.4991;0.5082;0.0214;0.0145;62;58;-0.0049;250.2672;-2.7786;-0.4943;681.0236;182.4;300.0;300.0;163.0
938.0;0.4991;0.5078;-0.0237;0.0145;60;58;-0.0831;250.2672;-2.7863;-0.4943;681.0236;182.4;300.0;300.0;163.0
938.5;0.4991;0.5078;-0.0504;0.0145;60;58;0.0733;250.2672;-2.7863;-0.4943;681.8232;182.4;300.0;300.0;163.0
939.0;0.4991;0.5073;-0.0832;0.0145;60;58;-0.0049;250.2672;-2.7863;-0.5163;681.8232;182.1;300.0;300.0;163.0
939.5;0.4986;0.5069;-0.0947;0.0145;60;60;-0.0831;250.2672;-2.7863;-0.5163;681.8232;182.4;300.0;300.0;163.0
940.0;0.4977;0.5064;-0.1053;0.0099;62;58;-0.0049;250.2672;-2.7939;-0.5163;682.6229;182.4;300.0;300.0;163.9
940.5;0.4973;0.5060;-0.1076;0.0244;58;64;-0.0049;250.2672;-2.7939;-0.5163;682.6229;183.6;300.0;300.0;163.3
941.0;0.4973;0.5055;-0.1137;0.0198;62;58;-0.0049;250.2672;-2.7939;-0.5163;682.6229;183.3;300.0;300.0;163.0
941.5;0.4973;0.5055;-0.0947;0.0099;62;58;-0.0049;250.2672;-2.8015;-0.5163;683.4225;181.8;300.0;300.0;163.3
942.0;0.4968;0.5050;-0.0977;0.0099;60;60;-0.0049;250.2672;-2.8015;-0.5163;683.4225;182.4;300.0;300.0;164.2
942.5;0.4963;0.5046;-0.1038;0.0145;60;60;-0.0049;250.2672;-2.8015;-0.5163;683.4225;182.4;300.0;300.0;163.3
943.0;0.4963;0.5046;-0.0977;0.0145;62;60;-0.0831;250.2672;-2.8092;-0.5382;683.4225;182.7;300.0;300.0;163.0
943.5;0.4963;0.5041;-0.1145;0.0198;60;60;-0.0049;250.2672;-2.8092;-0.5382;684.2221;183.6;300.0;300.0;163.0
944.0;0.4963;0.5037;-0.1023;0.0244;60;60;-0.0049;250.2672;-2.8092;-0.5382;684.2221;183.3;300.0;300.0;162.8
944.5;0.4959;0.5037;-0.0962;0.0145;64;58;-0.0049;250.2672;-2.8092;-0.5382;684.2221;182.4;300.0;300.0;163.0
945.0;0.4963;0.5032;-0.0756;0.0198;60;60;-0.0831;250.2672;-2.8168;-0.5382;685.0217;182.4;300.0;300.0;162.8
945.5;0.4963;0.5032;-0.0725;0.0198;62;58;-0.0049;250.2672;-2.8168;-0.5382;685.0217;182.1;300.0;300.0;162.8
946.0;0.4968;0.5027;-0.0588;0.0198;60;58;0.0733;250.2672;-2.8168;-0.5382;685.0217;182.7;300.0;300.0;162.8
946.5;0.4968;0.5027;-0.0618;0.0198;60;58;-0.0831;250.2672;-2.8244;-0.5382;685.8213;182.4;300.0;300.0;162.8
947.0;0.4968;0.5023;-0.0588;0.0198;60;58;-0.0049;250.2672;-2.8244;-0.5382;685.8213;183.0;300.0;300.0;163.0
947.5;0.4968;0.5023;-0.0412;0.0198;60;58;-0.0049;250.2672;-2.8244;-0.5382;685.8213;183.6;300.0;300.0;163.6
948.0;0.4968;0.5018;-0.0412;0.0244;58;60;0.0733;250.2672;-2.8321;-0.5602;686.6209;184.8;300.0;300.0;163.0
948.5;0.4977;0.5018;-0.0382;0.0244;60;56;-0.0831;250.2672;-2.8321;-0.5602;686.6209;183.0;300.0;300.0;162.8
949.0;0.4982;0.5014;-0.0443;0.0244;58;56;-0.0049;250.2672;-2.8321;-0.5602;686.6209;183.3;300.0;300.0;162.5
949.5;0.4982;0.5014;-0.0359;0.0198;60;56;-0.0049;250.2672;-2.8397;-0.5602;687.4205;182.7;300.0;300.0;162.5
950.0;0.4982;0.5009;-0.0527;0.0244;58;58;-0.0049;250.2672;-2.8397;-0.5602;687.4205;183.3;300.0;300.0;162.5
950.5;0.4982;0.5009;-0.0450;0.0244;58;56;-0.0049;250.2672;-2.8397;-0.5602;687.4205;183.3;300.0;300.0;162.5
951.0;0.4977;0.5009;-0.0649;0.0244;60;56;-0.0831;250.2672;-2.8473;-0.5602;688.2202;183.3;300.0;300.0;162.2
951.5;0.4973;0.5005;-0.0611;0.0198;62;56;-0.0049;250.2672;-2.8473;-0.5602;688.2202;183.0;300.0;300.0;162.2
952.0;0.4968;0.5005;-0.0893;0.0244;60;60;-0.0049;250.2672;-2.8473;-0.5602;688.2202;182.7;300.0;300.0;162.2
952.5;0.4959;0.5005;-0.0901;0.0344;58;62;-0.0049;250.2672;-2.8473;-0.5602;689.0197;185.0;300.0;300.0;161.9
953.0;0.4954;0.5005;-0.0664;0.0198;64;56;-0.0831;250.2672;-2.8550;-0.5602;689.0197;183.6;300.0;300.0;163.0
953.5;0.4950;0.5000;-0.0817;0.0344;60;64;-0.0049;250.2672;-2.8550;-0.5602;689.0197;184.8;300.0;300.0;162.8
954.0;0.4954;0.5000;-0.0687;0.0244;64;58;0.0733;250.2672;-2.8550;-0.5602;689.8193;183.3;300.0;300.0;162.8
954.5;0.4959;0.5000;-0.0885;0.0244;62;60;-0.0831;250.2672;-2.8626;-0.5822;689.8193;183.6;300.0;300.0;162.2
955.0;0.4963;0.5000;-0.0786;0.0244;60;60;-0.0049;250.2672;-2.8626;-0.5822;689.8193;183.0;300.0;300.0;162.2
955.5;0.4968;0.5000;-0.0870;0.0244;60;60;-0.0049;250.2672;-2.8626;-0.5822;689.8193;183.6;300.0;300.0;162.2
956.0;0.4963;0.5000;-0.0824;0.0244;60;60;-0.0049;250.2672;-2.8702;-0.5822;690.6190;183.0;300.0;300.0;161.9
956.5;0.4973;0.5000;-0.0908;0.0244;60;58;-0.0831;250.2672;-2.8702;-0.5822;690.6190;183.6;300.0;300.0;162.8
957.0;0.4973;0.5000;-0.0954;0.0244;60;58;-0.0049;250.2672;-2.8702;-0.5822;690.6190;183.6;300.0;300.0;162.5
957.5;0.4973;0.5000;-0.0840;0.0298;60;60;-0.0049;250.2672;-2.8779;-0.5822;691.4186;183.9;300.0;300.0;162.2
958.0;0.4973;0.5000;-0.0901;0.0244;62;58;-0.0049;250.2672;-2.8779;-0.5822;691.4186;183.0;300.0;300.0;161.9
958.5;0.4977;0.5000;-0.0664;0.0244;60;58;-0.0831;250.2672;-2.8779;-0.5822;691.4186;183.3;300.0;300.0;162.2
959.0;0.4982;0.5000;-0.0695;0.0198;62;56;-0.0049;250.2672;-2.8855;-0.6042;692.2182;183.0;300.0;300.0;163.0
959.5;0.4982;0.5000;-0.0718;0.0298;58;60;-0.0049;250.2672;-2.8855;-0.6042;692.2182;184.2;300.0;300.0;162.5
960.0;0.4982;0.5000;-0.1008;0.0198;62;56;-0.0049;250.2672;-2.8855;-0.6042;692.2182;183.6;300.0;300.0;163.0
960.5;0.4986;0.5000;-0.0832;0.0298;58;60;0.0831;250.2672;-2.8931;-0.6042;693.0178;184.8;300.0;300.0;162.5
961.0;0.4986;0.5000;-0.0878;0.0298;60;58;-0.0049;250.2672;-2.8931;-0.6042;693.0178;184.8;300.0;300.0;162.8
961.5;0.4986;0.5000;-0.0702;0.0298;60;58;-0.0049;250.2672;-2.8931;-0.6042;693.0178;185.6;300.0;300.0;163.0
962.0;0.4986;0.5000;-0.0832;0.0298;60;58;-0.0049;250.2672;-2.9008;-0.6042;693.8174;184.5;300.0;300.0;162.2
962.5;0.4991;0.5000;-0.0786;0.0298;60;58;-0.0831;250.2672;-2.9008;-0.6042;693.8174;184.2;300.0;300.0;161.9
963.0;0.4991;0.5000;-0.0481;0.0298;60;58;-0.0049;250.2672;-2.9084;-0.6042;693.8174;184.8;300.0;300.0;161.6
963.5;0.4991;0.5000;-0.0450;0.0298;60;58;-0.0049;250.2672;-2.9084;-0.6042;693.8174;184.8;300.0;300.0;161.9
964.0;0.4991;0.5000;-0.0321;0.0344;58;58;-0.0049;250.2672;-2.9084;-0.6042;694.6170;184.8;300.0;300.0;161.6
964.5;0.4991;0.5000;-0.0534;0.0244;62;56;-0.0831;250.2672;-2.9160;-0.6261;694.6170;183.6;300.0;300.0;161.9
965.0;0.4986;0.5000;-0.0496;0.0344;58;60;-0.0049;250.2672;-2.9160;-0.6261;694.6170;184.2;300.0;300.0;161.6
965.5;0.4982;0.5000;-0.0649;0.0244;62;58;-0.0049;250.2672;-2.9160;-0.6261;695.4166;183.6;300.0;300.0;161.9
966.0;0.4977;0.5000;-0.0550;0.0344;60;62;-0.0049;250.2672;-2.9237;-0.6261;695.4166;185.3;300.0;300.0;161.9
966.5;0.4977;0.5000;-0.0435;0.0298;62;60;-0.0049;250.2672;-2.9237;-0.6261;695.4166;184.5;300.0;300.0;161.9
967.0;0.4973;0.5000;-0.0565;0.0344;60;62;-0.0049;250.2672;-2.9237;-0.6261;696.2162;183.9;300.0;300.0;161.6
967.5;0.4968;0.5000;-0.0374;0.0298;64;60;-0.0049;250.2672;-2.9313;-0.6261;696.2162;184.5;300.0;300.0;161.9
968.0;0.4963;0.5000;-0.0618;0.0244;64;60;-0.0049;250.2672;-2.9313;-0.6261;696.2162;184.2;300.0;300.0;163.0
968.5;0.4959;0.5000;-0.0389;0.0244;64;62;-0.0049;250.2672;-2.9313;-0.6261;697.0159;183.6;300.0;300.0;162.2
969.0;0.4954;0.5000;-0.0527;0.0298;62;64;-0.0049;250.2672;-2.9389;-0.6261;697.0159;183.9;300.0;300.0;161.9
969.5;0.4954;0.5000;-0.0458;0.0244;64;62;-0.0049;250.2672;-2.9389;-0.6261;697.0159;183.6;300.0;300.0;161.9
970.0;0.4950;0.5000;-0.0718;0.0344;62;64;-0.0049;250.2672;-2.9389;-0.6261;697.0159;184.5;300.0;300.0;161.3
970.5;0.4945;0.5000;-0.0763;0.0298;64;62;-0.0049;250.2672;-2.9466;-0.6261;697.8154;183.6;300.0;300.0;161.0
971.0;0.4940;0.5000;-0.0916;0.0344;64;65;-0.0049;250.2672;-2.9466;-0.6481;697.8154;183.9;300.0;300.0;161.0
971.5;0.4936;0.5000;-0.0733;0.0298;65;64;-0.0049;250.2672;-2.9466;-0.6481;697.8154;183.9;300.0;300.0;161.9
972.0;0.4940;0.5000;-0.0626;0.0397;62;65;0.0733;250.2672;-2.9542;-0.6481;698.6151;186.5;300.0;300.0;161.9
972.5;0.4945;0.5000;-0.0534;0.0397;64;64;-0.0049;250.2672;-2.9542;-0.6481;698.6151;185.0;300.0;300.0;161.6
973.0;0.4945;0.5000;-0.0267;0.0397;64;62;-0.0049;250.2672;-2.9542;-0.6481;698.6151;185.0;300.0;300.0;161.6
973.5;0.4945;0.5000;-0.0099;0.0344;64;62;-0.0049;250.2672;-2.9618;-0.6481;699.4147;184.5;300.0;300.0;161.3
974.0;0.4940;0.5000;0.0321;0.0298;65;62;-0.0049;250.2672;-2.9618;-0.6481;699.4147;184.5;300.0;300.0;162.2
974.5;0.4940;0.5000;0.0573;0.0298;64;62;-0.0049;250.2672;-2.9618;-0.6481;699.4147;184.8;300.0;300.0;161.9
975.0;0.4936;0.5000;0.0840;0.0344;64;62;-0.0049;250.2672;-2.9695;-0.6481;700.2143;184.2;300.0;300.0;161.6
975.5;0.4936;0.5000;0.0733;0.0344;65;62;-0.0049;250.2672;-2.9695;-0.6261;700.2143;184.8;300.0;300.0;161.3
976.0;0.4931;0.5000;0.0710;0.0344;65;62;-0.0049;250.2672;-2.9771;-0.6261;700.2143;183.9;300.0;300.0;161.6
976.5;0.4927;0.5000;0.0580;0.0298;65;62;-0.0049;250.2672;-2.9771;-0.6261;700.2143;183.6;300.0;300.0;161.6
977.0;0.4927;0.5000;0.0351;0.0298;65;64;-0.0049;250.2672;-2.9771;-0.6261;701.0139;183.3;300.0;300.0;161.6
977.5;0.4936;0.5000;0.0053;0.0244;65;62;-0.0049;250.2672;-2.9847;-0.6261;701.0139;183.9;300.0;300.0;163.0
978.0;0.4945;0.5000;-0.0489;0.0244;62;62;-0.0049;250.2672;-2.9847;-0.6261;701.0139;184.5;300.0;300.0;163.3
978.5;0.4950;0.5000;-0.0885;0.0298;60;62;-0.0049;250.2672;-2.9847;-0.6261;701.8135;184.5;300.0;300.0;162.5
979.0;0.4950;0.5000;-0.1198;0.0298;60;62;-0.0049;250.2672;-2.9924;-0.6481;701.8135;183.9;300.0;300.0;162.8
979.5;0.4954;0.5000;-0.1351;0.0344;58;64;-0.0049;250.2672;-2.9924;-0.6481;701.8135;185.3;300.0;300.0;162.2
980.0;0.4959;0.5000;-0.1313;0.0344;60;62;-0.0049;250.2672;-3.0000;-0.6481;702.6131;184.2;300.0;300.0;161.6
980.5;0.4963;0.5000;-0.1214;0.0298;60;60;-0.0049;250.2672;-3.0000;-0.6481;702.6131;184.8;300.0;300.0;161.9
981.0;0.4963;0.5000;-0.1076;0.0298;60;62;-0.0049;250.2672;-3.0000;-0.6481;702.6131;184.2;300.0;300.0;161.9
981.5;0.4954;0.5000;-0.0893;0.0244;62;60;-0.0831;250.2672;-3.0076;-0.6481;703.4127;184.8;300.0;300.0;163.0
982.0;0.4954;0.5000;-0.0733;0.0298;60;64;0.0733;250.2672;-3.0076;-0.6481;703.4127;184.8;300.0;300.0;162.5
982.5;0.4954;0.5000;-0.0626;0.0344;62;64;-0.0049;250.2672;-3.0076;-0.6701;703.4127;184.8;300.0;300.0;162.2
983.0;0.4950;0.5000;-0.0618;0.0344;62;62;-0.0831;250.2672;-3.0153;-0.6701;704.2123;184.2;300.0;300.0;161.6
983.5;0.4954;0.5000;-0.0679;0.0397;60;64;0.0733;250.2672;-3.0153;-0.6701;704.2123;185.9;300.0;300.0;161.6
984.0;0.4959;0.5000;-0.0580;0.0344;62;62;-0.0049;250.2672;-3.0153;-0.6701;704.2123;184.8;300.0;300.0;161.0
984.5;0.4959;0.5000;-0.0595;0.0298;62;60;-0.0049;250.2672;-3.0229;-0.6701;705.0120;184.8;300.0;300.0;162.5
985.0;0.4954;0.5000;-0.0511;0.0298;62;62;-0.0049;250.2672;-3.0229;-0.6701;705.0120;184.5;300.0;300.0;161.9
985.5;0.4959;0.5000;-0.0328;0.0344;60;62;0.0733;250.2672;-3.0305;-0.6701;705.0120;185.6;300.0;300.0;162.8
986.0;0.4963;0.5000;-0.0198;0.0344;62;62;-0.0049;250.2672;-3.0305;-0.6701;705.8115;186.2;300.0;300.0;162.8
986.5;0.4973;0.5000;-0.0046;0.0298;62;58;-0.0831;250.2672;-3.0305;-0.6701;705.8115;184.8;300.0;300.0;162.2
987.0;0.4977;0.5000;-0.0061;0.0397;58;60;-0.0049;250.2672;-3.0382;-0.6701;705.8115;184.8;300.0;300.0;161.6
987.5;0.4982;0.5000;0.0031;0.0344;60;58;0.0733;250.2672;-3.0382;-0.6701;706.6111;184.8;300.0;300.0;161.6
988.0;0.4986;0.5000;0.0046;0.0397;58;58;-0.0831;250.2672;-3.0458;-0.6701;706.6111;185.0;300.0;300.0;161.3
988.5;0.4991;0.5000;0.0160;0.0397;58;58;-0.0049;250.2672;-3.0458;-0.6701;706.6111;185.6;300.0;300.0;161.6
989.0;0.4991;0.5000;0.0122;0.0397;58;58;-0.0049;250.2672;-3.0458;-0.6701;706.6111;186.5;300.0;300.0;162.5
989.5;0.4986;0.5000;0.0015;0.0344;60;58;-0.0049;250.2672;-3.0534;-0.6701;707.4108;185.0;300.0;300.0;161.9
990.0;0.4991;0.5000;-0.0176;0.0397;58;60;0.0733;250.2672;-3.0534;-0.6701;707.4108;184.8;300.0;300.0;161.9
990.5;0.5000;0.5000;-0.0275;0.0298;60;56;-0.0831;250.2672;-3.0611;-0.6701;707.4108;184.5;300.0;300.0;161.6
991.0;0.5005;0.5000;-0.0366;0.0344;56;58;-0.0049;250.2672;-3.0611;-0.6701;708.2104;184.8;300.0;300.0;161.6
991.5;0.5009;0.5000;-0.0420;0.0344;58;58;-0.0049;250.2672;-3.0611;-0.6701;708.2104;184.5;300.0;300.0;161.3
992.0;0.5009;0.5000;-0.0466;0.0443;56;60;-0.0049;250.2672;-3.0687;-0.6701;708.2104;186.5;300.0;300.0;161.3
992.5;0.5014;0.5000;-0.0542;0.0397;58;56;-0.0831;250.2672;-3.0687;-0.6701;709.0100;185.0;300.0;300.0;161.0
993.0;0.5014;0.5000;-0.0450;0.0397;58;56;-0.0049;250.2672;-3.0687;-0.6701;709.0100;184.8;300.0;300.0;161.0
993.5;0.5014;0.5000;-0.0489;0.0344;58;56;-0.0049;250.2672;-3.0763;-0.6701;709.0100;183.9;300.0;300.0;161.0
994.0;0.5014;0.5000;-0.0458;0.0344;58;58;0.0733;250.2672;-3.0763;-0.6701;709.8096;184.8;300.0;300.0;161.3
994.5;0.5009;0.5000;-0.0496;0.0344;58;58;-0.0049;250.2672;-3.0840;-0.6701;709.8096;184.5;300.0;300.0;161.0
995.0;0.5005;0.5000;-0.0557;0.0397;58;60;-0.0049;250.2672;-3.0840;-0.6921;709.8096;185.9;300.0;300.0;161.0
995.5;0.5009;0.5000;-0.0656;0.0344;60;58;-0.0831;250.2672;-3.0840;-0.6921;710.6092;184.8;300.0;300.0;161.0
996.0;0.5009;0.5000;-0.0511;0.0344;60;58;-0.0049;250.2672;-3.0916;-0.6921;710.6092;184.8;300.0;300.0;161.3
996.5;0.5009;0.5000;-0.0191;0.0344;60;58;-0.0049;250.2672;-3.0916;-0.6921;710.6092;184.5;300.0;300.0;161.3
997.0;0.5005;0.5000;0.0076;0.0397;60;58;-0.0049;250.2672;-3.0992;-0.6921;711.4088;184.8;300.0;300.0;161.3
997.5;0.5005;0.5000;0.0267;0.0397;60;58;-0.0049;250.2672;-3.0992;-0.6921;711.4088;185.3;300.0;300.0;161.3
998.0;0.4991;0.5000;0.0382;0.0344;62;58;0.0733;250.2672;-3.0992;-0.6921;711.4088;184.8;300.0;300.0;161.6
998.5;0.5000;0.5000;0.0611;0.0344;62;58;-0.0049;250.2672;-3.1069;-0.6921;712.2084;184.8;300.0;300.0;161.6
999.0;0.5000;0.5000;0.0679;0.0344;60;58;-0.0049;250.2672;-3.1069;-0.6701;712.2084;183.9;300.0;300.0;161.6
999.5;0.5000;0.5000;0.0847;0.0344;60;58;-0.0049;250.2672;-3.1069;-0.6701;712.2084;184.5;300.0;300.0;161.3
1000.0;0.5009;0.5000;0.0748;0.0344;60;58;0.0733;250.2672;-3.1145;-0.6701;712.2084;183.9;300.0;300.0;161.3
1000.5;0.5005;0.5000;0.0519;0.0344;60;58;-0.0831;250.2672;-3.1145;-0.6701;713.0081;184.5;300.0;300.0;161.3
1001.0;0.4995;0.5000;0.0412;0.0344;60;58;-0.0049;250.2672;-3.1221;-0.6701;713.0081;184.2;300.0;300.0;161.6
1001.5;0.4991;0.5000;0.0374;0.0344;62;60;-0.0049;250.2672;-3.1221;-0.6701;713.0081;184.2;300.0;300.0;161.0
1002.0;0.4986;0.5000;0.0504;0.0344;62;60;-0.0049;250.2672;-3.1221;-0.6701;713.8076;183.6;300.0;300.0;160.7
1002.5;0.4995;0.5000;0.0580;0.0344;62;58;-0.0049;250.2672;-3.1298;-0.6701;713.8076;183.9;300.0;300.0;161.0
1003.0;0.5005;0.5000;0.0695;0.0298;62;56;-0.0049;250.2672;-3.1298;-0.6701;713.8076;183.6;300.0;300.0;161.0
1003.5;0.5005;0.5000;0.0679;0.0344;60;58;-0.0049;250.2672;-3.1298;-0.6701;714.6072;184.2;300.0;300.0;161.3
1004.0;0.5005;0.5000;0.0649;0.0344;60;58;-0.0049;250.2672;-3.1374;-0.6701;714.6072;183.9;300.0;300.0;161.3
1004.5;0.5005;0.5000;0.0679;0.0344;60;58;0.0733;250.2672;-3.1374;-0.6701;714.6072;184.5;300.0;300.0;161.3
1005.0;0.5000;0.5000;0.0611;0.0244;62;56;-0.0049;250.2672;-3.1450;-0.6701;715.4069;183.6;300.0;300.0;162.5
1005.5;0.4995;0.5000;0.0611;0.0244;62;58;-0.0049;250.2672;-3.1450;-0.6481;715.4069;183.6;300.0;300.0;162.2
1006.0;0.4991;0.5000;0.0603;0.0244;62;60;-0.0049;250.2672;-3.1450;-0.6481;715.4069;182.7;300.0;300.0;161.3
1006.5;0.4995;0.5000;0.0649;0.0298;60;60;0.0733;250.2672;-3.1527;-0.6481;716.2065;183.6;300.0;300.0;161.6
1007.0;0.4995;0.5000;0.0725;0.0298;62;58;-0.0049;250.2672;-3.1527;-0.6481;716.2065;183.3;300.0;300.0;161.3
1007.5;0.4995;0.5000;0.0710;0.0298;62;58;-0.0049;250.2672;-3.1527;-0.6481;716.2065;183.6;300.0;300.0;161.6
1008.0;0.5000;0.5000;0.0527;0.0298;60;58;-0.0831;250.2672;-3.1603;-0.6481;716.2065;183.6;300.0;300.0;161.3
1008.5;0.5009;0.5000;0.0412;0.0244;60;56;0.0733;250.2672;-3.1603;-0.6481;717.0061;184.2;300.0;300.0;162.2
1009.0;0.5014;0.5000;0.0145;0.0344;56;58;-0.0049;250.2672;-3.1679;-0.6481;717.0061;183.9;300.0;300.0;161.3
1009.5;0.5018;0.5000;0.0031;0.0298;58;56;-0.0049;250.2672;-3.1679;-0.6481;717.0061;183.0;300.0;300.0;161.0
1010.0;0.5014;0.5000;-0.0008;0.0344;56;58;-0.0049;250.2672;-3.1679;-0.6481;717.8057;183.0;300.0;300.0;160.7
1010.5;0.5014;0.5000;0.0000;0.0298;60;56;-0.0049;250.2672;-3.1756;-0.6481;717.8057;182.4;300.0;300.0;160.7
1011.0;0.5018;0.5000;0.0092;0.0298;58;58;0.0733;250.2672;-3.1756;-0.6481;717.8057;182.7;300.0;300.0;160.7
1011.5;0.5018;0.5000;-0.0031;0.0198;60;56;-0.0049;250.2672;-3.1756;-0.6481;718.6053;181.8;300.0;300.0;161.0
1012.0;0.5018;0.5000;0.0023;0.0298;56;60;-0.0049;250.2672;-3.1832;-0.6481;718.6053;182.4;300.0;300.0;160.7
1012.5;0.5014;0.5000;0.0061;0.0244;60;56;-0.0049;250.2672;-3.1832;-0.6481;718.6053;181.8;300.0;300.0;160.7
1013.0;0.5014;0.5000;0.0015;0.0298;58;58;-0.0049;250.2672;-3.1832;-0.6481;719.4049;182.4;300.0;300.0;160.7
1013.5;0.5018;0.5000;-0.0069;0.0244;60;58;0.0733;250.2672;-3.1908;-0.6481;719.4049;181.5;300.0;300.0;160.7
1014.0;0.5018;0.5000;-0.0153;0.0244;58;58;-0.0049;250.2672;-3.1908;-0.6481;719.4049;182.4;300.0;300.0;161.6
1014.5;0.5018;0.5000;-0.0260;0.0000;64;54;-0.0049;0.2366;0.0000;-0.0109;-0.2439;183.0;300.0;300.0;161.0
1015.0;0.5014;0.5000;-0.0237;0.0000;58;58;-0.0049;0.4809;0.0000;-0.0109;-0.2439;182.4;300.0;300.0;161.0
1015.5;0.5018;0.5000;-0.0153;0.0000;58;58;0.0733;0.7634;0.0000;-0.0109;0.5557;181.5;300.0;300.0;160.7
1016.0;0.5018;0.5000;-0.0237;0.0000;58;58;-0.0049;1.0000;-0.0076;-0.0109;0.5557;182.4;300.0;300.0;160.7
1016.5;0.5018;0.5000;-0.0168;0.0000;58;58;-0.0049;1.2443;-0.0076;-0.0109;0.5557;181.5;299.1;300.0;160.4
1017.0;0.5014;0.5000;-0.0267;0.0000;58;58;-0.0049;1.4809;-0.0076;-0.0109;1.3553;181.5;297.9;300.0;160.1
1017.5;0.5014;0.5000;-0.0260;0.0000;60;58;-0.0049;1.7252;-0.0076;-0.0109;1.3553;180.6;297.4;300.0;161.0
1018.0;0.5009;0.5000;-0.0229;0.0000;60;58;-0.0049;1.9618;-0.0076;-0.0109;1.3553;180.6;297.4;300.0;160.7
1018.5;0.5005;0.5000;-0.0168;0.0000;60;60;-0.0049;2.2061;-0.0076;-0.0109;2.1549;179.8;296.2;300.0;160.1
1019.0;0.5000;0.5000;-0.0008;0.0000;62;60;-0.0049;2.4504;-0.0076;-0.0109;2.1549;180.1;296.8;300.0;159.8
1019.5;0.4995;0.5000;0.0107;0.0000;62;60;-0.0049;2.6870;-0.0076;-0.0109;2.1549;180.1;295.6;300.0;159.8
1020.0;0.4991;0.5000;0.0183;0.0000;62;60;-0.0049;2.9313;-0.0076;-0.0109;2.1549;179.5;295.0;300.0;159.8
1020.5;0.4991;0.5000;0.0321;0.0000;62;60;0.0733;3.2137;-0.0076;-0.0109;2.9546;178.9;294.4;300.0;159.8
1021.0;0.4995;0.5000;0.0511;0.0000;62;60;-0.0049;3.4504;-0.0076;-0.0109;2.9546;178.3;293.3;300.0;159.8
1021.5;0.4991;0.5000;0.0588;0.0000;62;60;-0.0049;3.6947;-0.0076;-0.0109;2.9546;178.3;292.1;300.0;159.8
1022.0;0.4991;0.5000;0.0595;0.0000;62;60;-0.0049;3.9313;-0.0076;-0.0109;3.7542;178.9;291.5;300.0;160.7
1022.5;0.4986;0.5000;0.0458;0.0000;62;60;-0.0049;4.1756;-0.0076;-0.0109;3.7542;178.6;290.9;300.0;159.8
1023.0;0.4982;0.5000;0.0397;0.0000;62;60;-0.0049;4.4198;-0.0076;-0.0109;3.7542;177.7;289.7;300.0;160.1
1023.5;0.4982;0.5000;0.0366;0.0000;62;60;-0.0049;4.6565;-0.0076;-0.0109;4.5538;177.7;289.7;300.0;160.1
1024.0;0.4977;0.5000;0.0305;0.0000;64;60;-0.0049;4.9008;-0.0076;-0.0109;4.5538;176.5;290.9;300.0;160.1
1024.5;0.4977;0.5000;0.0267;0.0000;62;62;0.0733;5.1832;-0.0076;-0.0109;4.5538;176.8;290.9;300.0;159.8
1025.0;0.4982;0.5000;0.0237;0.0000;62;60;-0.0049;5.4198;-0.0076;-0.0109;5.3534;176.0;291.5;300.0;161.9
1025.5;0.4977;0.5000;0.0275;0.0000;62;60;-0.0049;5.6641;0.0000;-0.0109;5.3534;177.1;292.1;300.0;160.7
1026.0;0.4982;0.5000;0.0328;0.0000;62;60;0.0733;5.9466;0.0000;-0.0109;5.3534;176.0;292.7;300.0;161.6
1026.5;0.4995;0.5000;0.0282;0.0000;60;58;-0.0831;6.2290;0.0000;-0.0109;6.1530;177.1;293.3;300.0;160.7
1027.0;0.5000;0.5000;0.0221;0.0000;60;58;-0.0049;6.4656;0.0000;-0.0109;6.1530;176.0;294.4;300.0;160.4
1027.5;0.5000;0.5000;0.0099;0.0000;60;58;-0.0049;6.7099;0.0000;0.0111;6.1530;175.4;293.8;300.0;159.8
1028.0;0.5009;0.5000;0.0092;0.0000;58;58;0.0733;6.9924;0.0000;0.0111;6.9526;174.2;294.4;300.0;159.2
1028.5;0.5009;0.5000;-0.0046;0.0000;58;58;-0.0049;7.2290;0.0000;0.0111;6.9526;174.5;293.8;300.0;159.5
1029.0;0.5009;0.5000;-0.0229;0.0000;58;58;-0.0049;7.4733;0.0000;-0.0109;6.9526;173.9;293.3;300.0;159.2
1029.5;0.5009;0.5000;-0.0382;0.0000;58;58;-0.0049;7.7099;0.0000;-0.0109;6.9526;173.9;292.7;300.0;159.2
1030.0;0.5009;0.5000;-0.0489;0.0000;58;58;-0.0049;7.9542;0.0000;-0.0109;7.7522;173.0;292.1;300.0;159.5
1030.5;0.5005;0.5000;-0.0679;0.0000;58;58;-0.0049;8.1985;0.0000;-0.0109;7.7522;173.0;292.7;300.0;159.5
1031.0;0.5000;0.5000;-0.0695;0.0000;60;60;-0.0049;8.4351;0.0000;-0.0109;7.7522;173.0;292.7;300.0;159.2
1031.5;0.4991;0.5000;-0.0679;0.0000;60;60;-0.0831;8.6336;0.0000;-0.0109;8.5518;172.1;292.1;300.0;159.2
1032.0;0.4982;0.5000;-0.0496;0.0000;62;60;-0.0049;8.8779;0.0000;-0.0109;8.5518;173.3;292.1;300.0;160.4
1032.5;0.4973;0.5000;-0.0496;0.0000;62;62;-0.0049;9.1221;0.0000;-0.0109;8.5518;171.8;291.5;300.0;160.1
1033.0;0.4973;0.5000;-0.0519;0.0000;62;62;0.0733;9.3969;0.0000;-0.0109;9.3514;171.8;290.9;300.0;161.0
1033.5;0.4973;0.5000;-0.0595;0.0000;62;62;-0.0049;9.6412;0.0000;-0.0109;9.3514;170.7;290.9;300.0;160.4
1034.0;0.4977;0.5000;-0.0511;0.0000;62;60;-0.0831;9.9237;0.0000;-0.0109;9.3514;170.7;290.3;300.0;159.8
1034.5;0.4982;0.5000;-0.0344;0.0000;62;60;0.1613;10.1679;0.0000;-0.0109;10.1510;169.8;289.1;300.0;159.2
1035.0;0.4982;0.5000;-0.0305;0.0000;62;60;-0.0049;10.4046;0.0000;-0.0109;10.1510;169.5;288.6;300.0;158.9
1035.5;0.4977;0.5000;-0.0122;0.0000;62;60;-0.0049;10.6489;0.0000;-0.0109;10.1510;168.9;288.6;300.0;159.2
1036.0;0.4977;0.5000;0.0061;0.0000;62;60;-0.0049;10.8855;0.0000;-0.0109;10.1510;168.9;288.6;300.0;159.2
1036.5;0.4973;0.5000;0.0237;0.0000;62;60;-0.0049;11.1298;0.0000;-0.0109;10.9506;168.3;289.1;300.0;158.9
1037.0;0.4963;0.5000;0.0519;0.0000;64;62;0.0733;11.3282;0.0000;-0.0109;10.9506;169.2;289.1;300.0;159.2
1037.5;0.4963;0.5000;0.0656;0.0000;64;62;-0.0831;11.6107;0.0000;-0.0109;10.9506;168.3;289.7;300.0;159.2
1038.0;0.4959;0.5000;0.0733;0.0000;64;62;-0.0049;11.8550;0.0000;-0.0109;11.7503;168.0;291.5;300.0;159.2
1038.5;0.4963;0.5000;0.0786;0.0000;64;62;0.0733;12.1374;0.0000;-0.0109;11.7503;167.4;292.7;300.0;159.2
1039.0;0.4968;0.5000;0.0809;0.0000;64;60;-0.0049;12.3740;0.0000;-0.0109;11.7503;167.4;293.3;300.0;159.2
1039.5;0.4973;0.5000;0.0916;0.0000;64;60;-0.0049;12.6947;0.0000;-0.0109;12.5499;166.9;293.3;300.0;159.2
1040.0;0.4977;0.5000;0.0969;0.0000;62;58;-0.0049;12.9389;0.0000;-0.0109;12.5499;166.6;293.8;300.0;160.1
1040.5;0.4986;0.5000;0.0992;0.0000;62;58;-0.0929;13.2214;0.0000;0.0111;12.5499;167.2;294.4;300.0;159.2
1041.0;0.4995;0.5000;0.1122;0.0000;60;56;0.0733;13.5038;0.0000;0.0111;13.3495;166.3;293.8;300.0;159.8
1041.5;0.5005;0.5000;0.0916;0.0000;60;56;-0.0049;13.7405;0.0000;0.0111;13.3495;165.4;293.8;300.0;159.2
1042.0;0.5014;0.5000;0.0863;0.0000;58;56;0.0733;14.0229;0.0000;0.0111;13.3495;165.4;292.7;300.0;159.2
1042.5;0.5018;0.5000;0.0511;0.0000;58;56;-0.0049;14.2672;0.0000;0.0111;14.1491;166.3;291.5;300.0;159.5
1043.0;0.5018;0.5000;0.0412;0.0000;58;54;-0.0049;14.5038;0.0000;0.0111;14.1491;165.1;291.5;300.0;159.2
1043.5;0.5027;0.5000;0.0542;0.0000;56;54;0.0733;14.7863;0.0000;0.0111;14.1491;164.8;291.5;300.0;158.7
1044.0;0.5037;0.5000;0.0710;0.0000;56;54;-0.0831;15.0687;0.0000;0.0111;14.9487;164.8;291.5;300.0;159.2
1044.5;0.5041;0.5000;0.0855;0.0000;56;52;-0.0049;15.3053;0.0000;0.0111;14.9487;165.4;291.5;300.0;159.5
1045.0;0.5041;0.5000;0.0954;0.0000;56;52;0.0733;15.5878;0.0000;0.0111;14.9487;164.2;291.5;300.0;158.9
1045.5;0.5041;0.5000;0.1153;0.0000;58;52;-0.0049;15.8321;0.0000;0.0331;15.7483;164.2;292.1;300.0;158.4
1046.0;0.5037;0.5000;0.1221;0.0000;58;54;-0.0049;16.0687;0.0000;0.0331;15.7483;163.6;291.5;300.0;158.4
1046.5;0.5041;0.5000;0.1573;0.0000;58;54;0.0733;16.3511;0.0000;0.0331;15.7483;163.9;291.5;300.0;158.1
1047.0;0.5041;0.5000;0.1817;0.0000;58;52;-0.0929;16.6336;0.0000;0.0331;16.5479;163.0;290.3;300.0;157.5
1047.5;0.5041;0.5000;0.2244;0.0000;60;52;-0.0147;16.8779;0.0000;0.0331;16.5479;163.0;290.3;300.0;157.5
1048.0;0.5037;0.5000;0.2412;0.0000;60;54;-0.0147;17.1145;0.0000;0.0551;16.5479;162.5;289.7;300.0;157.5
1048.5;0.5041;0.5000;0.2695;0.0000;60;54;0.0635;17.3969;0.0000;0.0551;17.3475;163.6;289.7;300.0;157.5
1049.0;0.5032;0.5000;0.2519;0.0000;60;54;-0.0929;17.6031;0.0000;0.0551;17.3475;162.8;289.7;300.0;156.9
1049.5;0.5037;0.5000;0.1794;0.0000;60;54;0.0733;17.8779;0.0000;0.0770;17.3475;162.8;290.3;300.0;156.9
1050.0;0.5032;0.5000;0.1099;0.0000;60;56;-0.0049;18.1221;0.0000;0.0770;17.3475;162.8;290.9;300.0;156.3
1050.5;0.5023;0.5000;0.0420;0.0000;60;58;-0.0831;18.3206;0.0000;0.0770;18.1471;162.5;291.5;300.0;156.0
1051.0;0.5014;0.5000;0.0282;0.0000;60;58;-0.0049;18.5649;0.0000;0.0770;18.1471;161.9;291.5;300.0;155.7
1051.5;0.5009;0.5000;0.0305;0.0000;62;60;-0.0049;18.8015;0.0000;0.0770;18.1471;161.9;290.9;300.0;155.4
1052.0;0.5000;0.5000;0.0519;0.0000;62;60;-0.0049;19.0458;0.0000;0.0770;18.9467;161.6;291.5;300.0;155.1
1052.5;0.4995;0.5000;0.0588;0.0000;64;60;-0.0049;19.2901;0.0000;0.0770;18.9467;161.6;291.5;300.0;155.1
1053.0;0.4986;0.5000;0.0924;0.0000;64;60;-0.0049;19.5267;0.0000;0.0770;18.9467;161.0;291.5;300.0;154.5
1053.5;0.4991;0.5000;0.1107;0.0000;64;60;0.0733;19.8092;0.0000;0.0770;19.7464;161.0;290.9;300.0;154.3
1054.0;0.4982;0.4995;0.1328;0.0000;64;60;-0.0929;20.0076;0.0000;0.0990;19.7464;161.3;290.3;300.0;153.7
1054.5;0.4982;0.4995;0.1405;0.0000;64;60;0.0733;20.2901;0.0000;0.0990;19.7464;162.2;289.1;300.0;154.5
1055.0;0.4982;0.4995;0.1290;0.0000;64;60;-0.0049;20.5344;0.0076;0.0990;19.7464;162.2;288.3;300.0;153.7
1055.5;0.4986;0.4995;0.1496;0.0000;64;58;-0.0929;20.8168;0.0076;0.0990;20.5460;161.6;287.7;300.0;153.1
1056.0;0.4991;0.4995;0.1496;0.0000;62;56;-0.0147;21.0534;0.0076;0.0990;20.5460;161.6;287.7;300.0;152.5
1056.5;0.4991;0.4995;0.1504;0.0000;62;56;-0.0147;21.2977;0.0076;0.1210;20.5460;161.9;287.1;300.0;152.8
1057.0;0.4995;0.4995;0.1053;0.0000;62;56;-0.0929;21.5802;0.0076;0.1210;21.3456;161.9;286.5;300.0;151.9
1057.5;0.4995;0.4995;0.0992;0.0000;60;56;-0.0049;21.8168;0.0076;0.1210;21.3456;161.6;285.9;300.0;151.9
1058.0;0.4995;0.4995;0.0763;0.0000;60;56;-0.0049;22.0611;0.0076;0.1210;21.3456;161.9;285.9;300.0;151.3
1058.5;0.4995;0.4991;0.0824;0.0000;60;56;-0.0049;22.3053;0.0076;0.1210;22.1452;161.9;285.3;300.0;150.7
1059.0;0.4991;0.4991;0.0969;0.0000;62;56;-0.0929;22.5802;0.0076;0.1210;22.1452;162.2;284.8;300.0;150.4
1059.5;0.4986;0.4991;0.1000;0.0000;62;56;-0.0049;22.8244;0.0076;0.1210;22.1452;161.6;283.3;300.0;149.9
1060.0;0.4982;0.4991;0.1084;0.0000;62;56;-0.0049;23.0687;0.0076;0.1210;22.9448;161.9;283.3;300.0;150.1
1060.5;0.4977;0.4986;0.1069;0.0000;62;56;-0.0049;23.3053;0.0076;0.1430;22.9448;162.5;283.3;300.0;149.3
1061.0;0.4982;0.4986;0.1405;0.0000;62;56;-0.0929;23.5878;0.0076;0.1430;22.9448;162.8;282.7;300.0;149.0
1061.5;0.4977;0.4986;0.1260;0.0000;62;56;-0.0049;23.8321;0.0153;0.1430;23.7444;162.8;282.7;300.0;148.7
1062.0;0.4982;0.4982;0.1344;0.0000;60;56;0.0733;24.1069;0.0153;0.1430;23.7444;163.3;283.3;300.0;148.7
1062.5;0.4991;0.4982;0.1191;0.0000;60;54;-0.0929;24.3893;0.0153;0.1430;23.7444;163.0;283.9;300.0;148.1
1063.0;0.4991;0.4977;0.0924;0.0000;60;54;-0.0929;24.5954;0.0153;0.1430;24.5440;163.6;284.5;300.0;148.4
1063.5;0.4991;0.4977;0.0649;0.0000;58;54;0.0733;24.8702;0.0153;0.1430;24.5440;164.5;284.8;300.0;147.8
1064.0;0.4991;0.4973;0.0267;0.0000;58;54;-0.0049;25.1145;0.0153;0.1430;24.5440;165.1;284.8;300.0;147.5
1064.5;0.4995;0.4973;0.0130;0.0000;58;54;-0.0831;25.3969;0.0153;0.1430;25.3436;166.0;285.3;300.0;147.2
1065.0;0.4991;0.4968;-0.0122;0.0000;58;54;-0.0049;25.6412;0.0153;0.1430;25.3436;166.9;285.3;300.0;147.2
1065.5;0.4977;0.4968;-0.0176;0.0000;58;54;-0.0831;25.8397;0.0153;0.1430;25.3436;167.4;285.3;300.0;147.5
1066.0;0.4963;0.4963;-0.0504;0.0000;60;56;-0.0049;26.0763;0.0153;0.1430;25.3436;167.2;285.3;300.0;146.9
1066.5;0.4954;0.4963;-0.0595;0.0000;60;56;-0.1613;26.3206;0.0153;0.1430;26.1432;168.3;284.8;300.0;146.3
1067.0;0.4945;0.4959;-0.0878;0.0000;60;56;-0.0049;26.5649;0.0229;0.1430;26.1432;168.3;283.3;300.0;146.0
1067.5;0.4940;0.4959;-0.0908;0.0000;60;58;-0.0049;26.8015;0.0229;0.1430;26.1432;169.2;282.7;300.0;146.0
1068.0;0.4931;0.4954;-0.0947;0.0000;62;58;-0.0049;27.0458;0.0229;0.1430;26.9428;170.4;281.8;300.0;146.0
1068.5;0.4918;0.4950;-0.1145;0.0000;62;60;0.0831;27.2443;0.0229;0.1430;26.9428;170.7;280.6;300.0;145.2
1069.0;0.4913;0.4950;-0.1176;0.0000;62;60;-0.0831;27.5267;0.0229;0.1430;26.9428;170.7;280.1;300.0;144.9
1069.5;0.4908;0.4945;-0.1153;0.0000;62;60;-0.0049;27.7710;0.0229;0.1210;27.7425;171.8;279.5;300.0;144.3
1070.0;0.4904;0.4940;-0.1092;0.0000;62;60;-0.0049;28.0076;0.0229;0.1210;27.7425;171.8;279.5;300.0;144.0
1070.5;0.4899;0.4940;-0.1092;0.0000;60;58;-0.0049;28.2519;0.0229;0.1210;27.7425;173.6;279.2;300.0;144.0
1071.0;0.4895;0.4936;-0.0870;0.0000;60;58;-0.0049;28.4886;0.0229;0.1210;27.7425;174.2;278.6;300.0;144.3
1071.5;0.4881;0.4931;-0.0710;0.0000;62;60;-0.0049;28.7328;0.0229;0.1210;28.5421;175.4;277.1;300.0;144.0
1072.0;0.4872;0.4927;-0.0405;0.0000;62;60;-0.0049;28.9771;0.0229;0.1210;28.5421;175.7;277.1;299.1;144.0
1072.5;0.4863;0.4922;-0.0305;0.0000;62;60;-0.0049;29.2137;0.0229;0.1210;28.5421;177.1;276.0;300.0;144.3
1073.0;0.4858;0.4918;-0.0023;0.0000;62;60;-0.0049;29.4580;0.0229;0.1210;29.3417;178.3;276.0;298.2;143.7
1073.5;0.4849;0.4918;0.0130;0.0000;64;60;-0.0049;29.6947;0.0305;0.1210;29.3417;180.6;275.7;296.2;143.7
1074.0;0.4844;0.4913;0.0008;0.0000;62;60;-0.0049;29.9389;0.0305;0.1210;29.3417;181.5;275.7;295.3;143.7
1074.5;0.4840;0.4908;0.0191;0.0000;62;60;-0.0049;30.1756;0.0305;0.1210;30.1413;182.4;276.0;295.3;143.7
1075.0;0.4840;0.4904;0.0122;0.0000;62;58;-0.0831;30.4580;0.0305;0.1210;30.1413;181.8;276.0;294.1;143.4
1075.5;0.4831;0.4899;0.0176;0.0000;62;58;-0.0049;30.7023;0.0305;0.1210;30.1413;183.0;276.0;294.1;144.0
1076.0;0.4826;0.4895;0.0115;0.0000;62;58;-0.0049;30.9389;0.0305;0.1210;30.9409;185.9;276.0;293.3;143.7
1076.5;0.4821;0.4890;0.0244;0.0000;62;58;-0.0049;31.1832;0.0305;0.1210;30.9409;186.5;276.5;294.1;143.7
1077.0;0.4808;0.4886;0.0137;0.0000;62;58;-0.0831;31.3817;0.0305;0.1210;30.9409;188.6;276.5;293.3;143.4
1077.5;0.4789;0.4881;0.0191;0.0000;64;58;-0.0831;31.5878;0.0305;0.1210;30.9409;189.4;277.7;294.1;143.4
1078.0;0.4785;0.4876;0.0366;0.0000;64;58;-0.0831;31.8702;0.0305;0.1210;31.7405;192.4;277.1;293.3;143.4
1078.5;0.4780;0.4872;0.0336;0.0000;64;58;-0.0049;32.1069;0.0305;0.1210;31.7405;192.4;276.0;293.3;143.4
1079.0;0.4776;0.4867;0.0374;0.0000;64;58;-0.0049;32.3511;0.0305;0.1210;31.7405;194.7;276.0;292.4;143.7
1079.5;0.4771;0.4858;0.0107;0.0000;62;58;-0.0049;32.5878;0.0305;0.1210;32.5401;196.8;275.1;292.4;144.0
1080.0;0.4766;0.4853;0.0153;0.0000;62;58;-0.0049;32.8321;0.0305;0.1210;32.5401;197.7;275.1;292.4;144.0
1080.5;0.4762;0.4849;-0.0061;0.0000;62;58;-0.0049;33.0763;0.0382;0.1210;32.5401;198.8;274.5;293.3;144.0
1081.0;0.4766;0.4844;-0.0069;0.0000;60;56;-0.0831;33.3511;0.0382;0.1210;33.3397;200.9;274.2;293.3;144.6
1081.5;0.4762;0.4840;0.0008;0.0000;60;56;-0.0831;33.5573;0.0382;0.1210;33.3397;202.6;273.6;293.3;144.6
1082.0;0.4766;0.4831;0.0038;0.0000;60;56;0.0733;33.8397;0.0382;0.1210;33.3397;205.6;273.0;293.3;144.6
1082.5;0.4766;0.4826;-0.0244;0.0000;58;54;-0.0049;34.0763;0.0382;0.1210;33.3397;205.6;273.0;295.3;144.3
1083.0;0.4762;0.4821;-0.0748;0.0000;56;54;-0.0049;34.3206;0.0382;0.1210;34.1393;207.9;271.8;293.3;144.6
1083.5;0.4762;0.4817;-0.0847;0.0000;56;54;-0.0049;34.5573;0.0382;0.1210;34.1393;209.7;271.3;292.4;144.6
1084.0;0.4757;0.4808;-0.0954;0.0000;56;54;-0.0049;34.8015;0.0382;0.1210;34.1393;212.3;270.4;291.5;144.6
1084.5;0.4757;0.4803;-0.0824;0.0000;56;54;-0.0049;35.0458;0.0382;0.1210;34.9389;213.8;269.8;291.5;144.6
1085.0;0.4753;0.4794;-0.0832;0.0000;56;54;-0.0049;35.2824;0.0382;0.1210;34.9389;216.1;268.9;289.4;144.9
1085.5;0.4748;0.4789;-0.0863;0.0000;54;54;-0.0049;35.5267;0.0382;0.1210;34.9389;219.4;268.9;288.6;145.2
1086.0;0.4744;0.4785;-0.1115;0.0000;54;54;-0.0049;35.7634;0.0382;0.0990;35.7386;222.0;268.9;288.6;145.2
1086.5;0.4744;0.4776;-0.1061;0.0000;54;54;-0.0049;36.0076;0.0382;0.0990;35.7386;224.0;269.2;287.7;145.7
1087.0;0.4739;0.4771;-0.0809;0.0000;54;52;-0.0049;36.2443;0.0382;0.0990;35.7386;229.6;269.8;287.7;145.7
1087.5;0.4739;0.4762;-0.0863;0.0000;54;52;-0.0831;36.5267;0.0458;0.0990;35.7386;236.1;269.8;286.8;146.0
1088.0;0.4744;0.4757;-0.0908;0.0000;52;50;-0.0049;36.7710;0.0458;0.0990;36.5382;239.3;270.4;286.8;146.3
1088.5;0.4730;0.4748;-0.1252;0.0000;52;52;-0.0831;36.9695;0.0458;0.0990;36.5382;244.0;271.3;285.0;146.3
1089.0;0.4712;0.4744;-0.1244;0.0000;54;54;0.0831;37.1756;0.0458;0.0990;36.5382;247.5;271.3;284.2;146.6
1089.5;0.4693;0.4734;-0.1420;0.0000;54;54;0.0049;37.4122;0.0458;0.0770;37.3378;252.5;271.3;283.3;147.5
1090.0;0.4684;0.4730;-0.1229;0.0000;54;54;-0.0049;37.6565;0.0458;0.0770;37.3378;256.6;270.7;283.3;147.5
1090.5;0.4670;0.4721;-0.1046;0.0000;56;56;0.0831;37.8550;0.0458;0.0770;37.3378;262.5;269.2;286.8;147.8
1091.0;0.4661;0.4712;-0.0870;0.0000;56;56;-0.0049;38.0992;0.0458;0.0770;37.3378;265.7;268.0;285.9;148.1
1091.5;0.4652;0.4707;-0.0649;0.0000;56;56;-0.0049;38.3359;0.0458;0.0770;38.1374;270.4;268.9;285.0;148.4
1092.0;0.4643;0.4698;-0.0344;0.0000;56;54;-0.0049;38.5802;0.0458;0.0770;38.1374;273.9;267.4;285.0;149.9
1092.5;0.4638;0.4689;-0.0092;0.0000;56;54;-0.0049;38.8168;0.0458;0.0770;38.1374;278.3;266.6;283.3;150.1
1093.0;0.4629;0.4679;-0.0229;0.0000;56;54;0.0733;39.0229;0.0458;0.0770;38.9370;283.0;266.3;283.3;149.9
1093.5;0.4611;0.4675;-0.0092;0.0000;56;54;-0.0049;39.2595;0.0458;0.0770;38.9370;289.1;264.8;282.4;150.4
1094.0;0.4602;0.4666;-0.0489;0.0000;56;54;-0.0049;39.5038;0.0458;0.0770;38.9370;294.7;264.8;282.4;150.7
1094.5;0.4588;0.4657;-0.0435;0.0000;58;56;-0.0831;39.7023;0.0458;0.0770;38.9370;300.0;263.9;281.5;151.3
1095.0;0.4579;0.4647;-0.0748;0.0000;56;56;-0.0049;39.9466;0.0458;0.0770;39.7366;300.0;263.9;281.5;152.2
1095.5;0.4570;0.4643;-0.0695;0.0000;56;56;-0.0049;40.1832;0.0458;0.0770;39.7366;300.0;263.3;280.9;152.5
1096.0;0.4560;0.4634;-0.0710;0.0000;56;54;-0.0049;40.4275;0.0458;0.0551;39.7366;300.0;263.3;280.9;152.8
1096.5;0.4560;0.4625;-0.0885;0.0000;56;54;-0.0049;40.6718;0.0458;0.0551;40.5362;300.0;263.9;282.4;154.0
1097.0;0.4556;0.4615;-0.0969;0.0000;54;54;-0.0049;40.9084;0.0458;0.0551;40.5362;300.0;263.3;281.5;154.3
1097.5;0.4556;0.4606;-0.1008;0.0000;52;52;-0.0049;41.1527;0.0458;0.0551;40.5362;300.0;262.5;281.5;154.8
1098.0;0.4538;0.4597;-0.0855;0.0000;54;52;-0.0049;41.3130;0.0458;0.0551;40.5362;300.0;262.2;279.2;156.0
1098.5;0.4533;0.4588;-0.0847;0.0000;52;52;0.0831;41.5954;0.0534;0.0551;41.3358;300.0;262.2;280.1;156.0
1099.0;0.4524;0.4579;-0.0527;0.0000;54;52;-0.0831;41.7939;0.0534;0.0551;41.3358;300.0;262.5;279.2;156.0
1099.5;0.4519;0.4570;-0.0237;0.0000;54;50;-0.0049;42.0382;0.0534;0.0551;41.3358;300.0;262.2;279.2;156.6
1100.0;0.4515;0.4560;0.0282;0.0000;54;50;-0.0049;42.2748;0.0534;0.0551;42.1354;300.0;261.6;278.3;156.9
1100.5;0.4510;0.4551;0.0649;0.0000;52;48;-0.0049;42.5191;0.0534;0.0551;42.1354;300.0;261.6;278.3;157.8
1101.0;0.4501;0.4542;0.1076;0.0000;54;48;-0.0929;42.7176;0.0534;0.0551;42.1354;300.0;261.6;277.7;158.1
1101.5;0.4487;0.4533;0.1000;0.0000;54;48;-0.0049;42.9618;0.0534;0.0551;42.9350;300.0;261.3;277.7;159.2
1102.0;0.4469;0.4524;0.0794;0.0000;54;50;0.0733;43.1603;0.0534;0.0551;42.9350;300.0;261.3;279.2;159.2
1102.5;0.4451;0.4515;0.0481;0.0000;54;50;-0.0049;43.4046;0.0534;0.0551;42.9350;300.0;261.3;277.7;161.0
1103.0;0.4432;0.4501;-0.0092;0.0000;56;52;-0.0831;43.6031;0.0534;0.0551;42.9350;300.0;260.7;276.8;160.4
1103.5;0.4423;0.4492;-0.0397;0.0000;54;52;-0.0049;43.8473;0.0534;0.0551;43.7346;300.0;260.7;276.8;160.7
1104.0;0.4405;0.4483;-0.0863;0.0000;54;54;0.0831;44.0458;0.0534;0.0551;43.7346;300.0;261.3;276.8;160.7
1104.5;0.4396;0.4473;-0.0916;0.0000;54;54;-0.0049;44.2824;0.0534;0.0551;43.7346;300.0;260.7;276.8;160.7
1105.0;0.4382;0.4464;-0.1137;0.0000;54;54;-0.0831;44.4886;0.0534;0.0551;43.7346;300.0;260.7;275.1;160.7
1105.5;0.4377;0.4451;-0.1305;0.0000;54;54;-0.0049;44.7252;0.0534;0.0551;44.5343;300.0;259.8;276.0;161.0
1106.0;0.4373;0.4441;-0.1275;0.0000;52;52;-0.0049;44.9695;0.0534;0.0551;44.5343;300.0;259.5;276.0;161.3
1106.5;0.4364;0.4432;-0.1282;0.0000;52;52;0.0831;45.1679;0.0534;0.0331;44.5343;300.0;259.5;276.0;161.0
1107.0;0.4345;0.4423;-0.0931;0.0000;54;52;-0.0049;45.3282;0.0534;0.0331;45.3339;300.0;259.2;276.8;161.6
1107.5;0.4332;0.4414;-0.0771;0.0000;54;54;-0.0049;45.5725;0.0534;0.0331;45.3339;300.0;258.7;276.8;160.7
1108.0;0.4327;0.4405;-0.0443;0.0000;54;52;-0.0049;45.8168;0.0534;0.0331;45.3339;300.0;258.7;275.1;160.7
1108.5;0.4309;0.4391;-0.0435;0.0000;54;52;-0.0049;45.9771;0.0534;0.0331;45.3339;300.0;258.7;274.5;160.7
1109.0;0.4299;0.4382;-0.0344;0.0000;54;52;-0.0049;46.2137;0.0534;0.0331;46.1335;300.0;258.4;276.8;160.7
1109.5;0.4290;0.4373;-0.0542;0.0000;54;52;-0.0049;46.4580;0.0534;0.0331;46.1335;300.0;258.4;274.5;161.0
1110.0;0.4281;0.4364;-0.0359;0.0000;54;52;-0.0831;46.6565;0.0534;0.0331;46.1335;300.0;257.8;273.6;161.9
1110.5;0.4272;0.4354;-0.0359;0.0000;54;52;-0.0831;46.8550;0.0534;0.0331;46.1335;300.0;258.4;272.1;161.0
1111.0;0.4258;0.4341;-0.0053;0.0000;54;52;0.0733;47.0611;0.0534;0.0331;46.9331;300.0;258.4;272.1;160.7
1111.5;0.4254;0.4332;0.0191;0.0000;54;50;-0.0049;47.2977;0.0534;0.0331;46.9331;300.0;258.4;273.0;160.4
1112.0;0.4240;0.4322;0.0244;0.0000;54;50;-0.0831;47.5038;0.0534;0.0331;46.9331;300.0;257.8;272.1;160.4
1112.5;0.4231;0.4313;0.0443;0.0000;54;50;0.0733;47.7023;0.0534;0.0331;46.9331;300.0;257.5;272.1;160.4
1113.0;0.4212;0.4304;0.0221;0.0000;54;52;-0.0049;47.8626;0.0534;0.0331;47.7327;300.0;257.5;272.1;160.7
1113.5;0.4199;0.4295;0.0198;0.0000;54;52;-0.0049;48.1069;0.0534;0.0331;47.7327;300.0;256.9;272.1;161.0
1114.0;0.4194;0.4281;-0.0153;0.0000;54;52;-0.0049;48.3435;0.0534;0.0331;47.7327;300.0;257.5;273.0;161.6
1114.5;0.4180;0.4272;-0.0435;0.0000;54;52;-0.0049;48.5038;0.0534;0.0331;47.7327;300.0;256.9;272.1;162.2
1115.0;0.4171;0.4263;-0.0740;0.0000;54;52;-0.0049;48.7481;0.0534;0.0331;48.5323;300.0;256.6;271.6;161.0
1115.5;0.4171;0.4254;-0.1053;0.0000;52;52;-0.0049;48.9847;0.0534;0.0331;48.5323;300.0;256.3;270.7;161.6
1116.0;0.4158;0.4245;-0.1282;0.0000;52;52;-0.0049;49.1527;0.0534;0.0331;48.5323;300.0;255.7;269.8;160.7
1116.5;0.4144;0.4231;-0.1664;0.0000;52;54;0.0831;49.3511;0.0534;0.0111;49.3319;300.0;255.7;269.2;160.7
1117.0;0.4125;0.4222;-0.1748;0.0000;52;54;0.0049;49.5115;0.0534;0.0111;49.3319;300.0;254.5;269.8;160.1
1117.5;0.4112;0.4212;-0.1947;0.0000;52;54;0.0049;49.7481;0.0534;0.0111;49.3319;300.0;254.5;267.7;159.8
1118.0;0.4107;0.4203;-0.1710;0.0000;52;54;0.0049;49.9924;0.0611;0.0111;49.3319;300.0;254.8;267.7;159.5
1118.5;0.4103;0.4194;-0.1511;0.0000;52;52;-0.0831;50.1908;0.0611;-0.0109;50.1315;300.0;254.3;267.2;159.5
1119.0;0.4093;0.4185;-0.1267;0.0000;52;52;0.0831;50.3969;0.0611;-0.0109;50.1315;300.0;253.7;267.7;160.4
1119.5;0.4080;0.4171;-0.1221;0.0000;52;52;-0.0049;50.5573;0.0611;-0.0109;50.1315;300.0;253.7;267.7;160.7
1120.0;0.4061;0.4162;-0.1023;0.0000;54;52;-0.0831;50.7557;0.0611;-0.0109;50.1315;300.0;253.4;267.2;160.1
1120.5;0.4057;0.4153;-0.0702;0.0000;54;52;-0.0049;51.0000;0.0611;-0.0109;50.9311;300.0;253.4;267.7;160.1
1121.0;0.4048;0.4144;-0.0466;0.0000;54;50;-0.0831;51.1985;0.0611;-0.0109;50.9311;300.0;253.1;267.2;160.1
1121.5;0.4034;0.4135;-0.0397;0.0000;54;52;-0.0049;51.3588;0.0611;-0.0109;50.9311;300.0;252.5;269.2;160.1
1122.0;0.4029;0.4121;-0.0244;0.0000;54;50;-0.0049;51.6031;0.0611;-0.0109;50.9311;300.0;252.2;269.2;160.1
1122.5;0.4020;0.4112;-0.0237;0.0000;52;50;0.0733;51.8015;0.0611;-0.0109;51.7307;300.0;251.6;269.2;160.4
1123.0;0.4006;0.4103;-0.0290;0.0000;54;52;-0.0049;51.9618;0.0611;-0.0109;51.7307;300.0;251.6;267.2;160.4
1123.5;0.3984;0.4093;-0.0061;0.0000;54;52;-0.0049;52.1221;0.0534;-0.0109;51.7307;300.0;251.3;266.3;160.4
1124.0;0.3970;0.4084;-0.0115;0.0000;56;52;-0.0831;52.3206;0.0534;-0.0109;51.7307;300.0;251.3;265.1;160.4
1124.5;0.3951;0.4071;0.0084;0.0000;56;54;0.0733;52.5267;0.0534;-0.0109;51.7307;300.0;251.0;265.1;160.4
1125.0;0.3942;0.4061;-0.0053;0.0000;56;52;-0.0831;52.7252;0.0534;-0.0109;52.5304;300.0;250.4;264.2;160.4
1125.5;0.3933;0.4052;0.0084;0.0000;56;54;0.0733;52.9237;0.0534;-0.0109;52.5304;300.0;250.1;264.2;160.4
1126.0;0.3924;0.4043;0.0038;0.0000;56;52;-0.0831;53.1298;0.0534;-0.0109;52.5304;300.0;250.4;263.0;160.1
1126.5;0.3915;0.4034;-0.0008;0.0000;54;52;0.0733;53.3282;0.0534;-0.0109;53.3300;300.0;249.9;263.6;161.0
1127.0;0.3915;0.4025;-0.0092;0.0000;54;52;-0.0049;53.5725;0.0534;-0.0109;53.3300;300.0;249.9;262.2;160.4
1127.5;0.3906;0.4011;-0.0069;0.0000;54;52;-0.0049;53.7328;0.0534;-0.0109;53.3300;300.0;249.3;262.2;160.1
1128.0;0.3887;0.4002;-0.0023;0.0000;54;52;-0.0049;53.8931;0.0534;-0.0109;53.3300;300.0;249.3;261.6;159.8
1128.5;0.3883;0.3993;-0.0092;0.0000;54;52;-0.0049;54.1298;0.0534;-0.0109;54.1296;300.0;249.3;261.6;159.5
1129.0;0.3878;0.3984;-0.0214;0.0000;52;52;0.0733;54.3359;0.0534;-0.0109;54.1296;300.0;249.3;261.6;159.5
1129.5;0.3874;0.3974;-0.0344;0.0000;52;50;-0.0831;54.5344;0.0534;-0.0109;54.1296;300.0;249.3;262.2;159.2
1130.0;0.3864;0.3961;-0.0290;0.0000;50;50;0.0733;54.7328;0.0534;-0.0109;54.1296;300.0;249.3;261.6;159.2
1130.5;0.3860;0.3951;-0.0260;0.0000;50;50;-0.0831;54.9389;0.0534;-0.0328;54.9292;300.0;249.9;262.2;159.2
1131.0;0.3855;0.3942;-0.0366;0.0000;50;50;0.0733;55.1374;0.0534;-0.0328;54.9292;300.0;249.3;262.2;159.2
1131.5;0.3851;0.3933;-0.0489;0.0000;50;48;-0.0831;55.3359;0.0534;-0.0328;54.9292;300.0;249.3;263.0;159.5
1132.0;0.3842;0.3924;-0.0389;0.0000;50;48;-0.0049;55.4962;0.0534;-0.0328;54.9292;300.0;249.0;263.0;160.4
1132.5;0.3837;0.3915;-0.0305;0.0000;50;48;-0.0049;55.7405;0.0534;-0.0328;55.7288;300.0;249.0;261.6;159.2
1133.0;0.3832;0.3901;-0.0275;0.0000;48;48;0.0733;55.9389;0.0534;-0.0328;55.7288;300.0;249.0;263.0;158.7
1133.5;0.3823;0.3892;-0.0366;0.0000;48;48;-0.0049;56.0992;0.0534;-0.0328;55.7288;300.0;249.0;261.6;158.1
1134.0;0.3823;0.3883;-0.0542;0.0000;48;46;-0.0049;56.3435;0.0534;-0.0328;55.7288;300.0;248.7;261.0;158.1
1134.5;0.3814;0.3874;-0.0397;0.0000;48;46;-0.0831;56.5420;0.0534;-0.0328;56.5284;300.0;248.7;260.4;158.9
1135.0;0.3800;0.3864;-0.0542;0.0000;48;48;-0.0049;56.7023;0.0534;-0.0328;56.5284;300.0;248.7;260.4;158.1
1135.5;0.3796;0.3851;-0.0527;0.0000;48;46;-0.0049;56.9466;0.0534;-0.0328;56.5284;300.0;249.0;258.9;157.8
1136.0;0.3787;0.3842;-0.0878;0.0000;48;48;-0.0049;57.1069;0.0534;-0.0328;56.5284;300.0;248.7;259.5;157.8
1136.5;0.3777;0.3832;-0.0885;0.0000;46;48;0.0831;57.3053;0.0534;-0.0328;56.5284;300.0;248.4;258.9;157.5
1137.0;0.3773;0.3823;-0.1023;0.0000;46;48;-0.0831;57.5115;0.0534;-0.0328;57.3280;300.0;248.4;258.9;157.5
1137.5;0.3759;0.3814;-0.0809;0.0000;48;46;-0.0049;57.6718;0.0534;-0.0548;57.3280;300.0;248.4;258.4;157.5
1138.0;0.3759;0.3805;-0.0305;0.0000;48;46;-0.0049;57.9084;0.0534;-0.0548;57.3280;300.0;248.4;258.4;157.2
1138.5;0.3750;0.3791;-0.0168;0.0000;48;46;-0.0049;58.0687;0.0534;-0.0548;57.3280;300.0;248.7;257.8;157.2
1139.0;0.3736;0.3782;-0.0137;0.0000;48;46;-0.0049;58.2290;0.0534;-0.0548;58.1276;300.0;248.4;258.4;156.9
1139.5;0.3723;0.3773;-0.0458;0.0000;48;46;0.0733;58.4351;0.0534;-0.0548;58.1276;300.0;247.8;258.4;156.9
1140.0;0.3718;0.3764;-0.0473;0.0000;48;46;-0.0831;58.6336;0.0534;-0.0548;58.1276;300.0;247.5;258.9;156.9
1140.5;0.3704;0.3755;-0.0450;0.0000;48;46;-0.0049;58.7939;0.0534;-0.0548;58.1276;300.0;246.6;257.8;156.9
1141.0;0.3690;0.3741;-0.0305;0.0000;48;46;-0.0049;58.9542;0.0534;-0.0548;58.9272;300.0;246.6;257.8;156.6
1141.5;0.3681;0.3732;-0.0153;0.0000;48;46;-0.0831;59.1527;0.0534;-0.0548;58.9272;300.0;246.0;257.2;156.6
1142.0;0.3672;0.3723;-0.0466;0.0000;48;46;0.0733;59.3588;0.0534;-0.0548;58.9272;300.0;245.7;256.0;156.6
1142.5;0.3663;0.3713;-0.0664;0.0000;48;48;-0.0049;59.5191;0.0534;-0.0548;58.9272;300.0;244.9;256.0;156.6
1143.0;0.3654;0.3704;-0.0901;0.0000;46;48;0.0831;59.7176;0.0534;-0.0548;58.9272;300.0;244.6;254.5;156.3
1143.5;0.3649;0.3690;-0.0725;0.0000;46;46;-0.0831;59.9237;0.0534;-0.0548;59.7268;300.0;243.7;254.5;156.3
1144.0;0.3636;0.3681;-0.0656;0.0000;46;46;-0.0049;60.0840;0.0534;-0.0548;59.7268;300.0;243.7;254.5;156.0
1144.5;0.3622;0.3672;-0.0214;0.0000;48;46;-0.0049;60.2443;0.0534;-0.0548;59.7268;300.0;243.4;254.0;156.3
1145.0;0.3608;0.3663;-0.0267;0.0000;48;46;-0.0049;60.4046;0.0534;-0.0548;59.7268;300.0;243.4;253.4;156.3
1145.5;0.3590;0.3654;-0.0267;0.0000;48;48;-0.0049;60.5649;0.0534;-0.0548;60.5265;300.0;243.1;254.0;156.6
1146.0;0.3571;0.3645;-0.0534;0.0000;50;48;-0.0831;60.7634;0.0534;-0.0548;60.5265;300.0;242.8;254.0;156.3
1146.5;0.3553;0.3631;-0.0481;0.0000;50;50;-0.0049;60.9237;0.0534;-0.0768;60.5265;300.0;242.2;254.0;156.6
1147.0;0.3535;0.3622;-0.0450;0.0000;52;50;-0.0049;61.0840;0.0534;-0.0768;60.5265;300.0;242.2;253.4;156.6
1147.5;0.3516;0.3613;-0.0443;0.0000;52;50;-0.0049;61.2443;0.0534;-0.0768;60.5265;300.0;242.2;253.4;156.9
1148.0;0.3512;0.3603;-0.0489;0.0000;52;50;-0.0049;61.4886;0.0534;-0.0768;61.3261;300.0;241.9;252.8;156.3
1148.5;0.3503;0.3594;-0.0496;0.0000;50;50;-0.0049;61.6489;0.0534;-0.0768;61.3261;300.0;241.6;252.8;156.9
1149.0;0.3494;0.3581;-0.0458;0.0000;50;50;-0.0049;61.8092;0.0534;-0.0768;61.3261;300.0;241.9;252.2;157.8
1149.5;0.3489;0.3571;-0.0573;0.0000;50;50;-0.0049;62.0534;0.0534;-0.0768;61.3261;300.0;241.6;253.4;156.9
1150.0;0.3471;0.3562;-0.0565;0.0000;50;50;-0.0049;62.2137;0.0534;-0.0768;62.1257;300.0;241.6;252.2;157.5
1150.5;0.3452;0.3553;-0.0771;0.0000;50;50;-0.0049;62.3740;0.0534;-0.0768;62.1257;300.0;241.3;252.2;156.9
1151.0;0.3439;0.3544;-0.0908;0.0000;50;52;-0.0049;62.5344;0.0534;-0.0768;62.1257;300.0;240.8;251.6;156.6
1151.5;0.3420;0.3535;-0.1053;0.0000;50;52;-0.0049;62.6947;0.0534;-0.0768;62.1257;300.0;240.8;252.2;156.3
1152.0;0.3407;0.3521;-0.0947;0.0000;52;52;-0.0049;62.8550;0.0534;-0.0768;62.1257;300.0;240.5;251.0;156.3
1152.5;0.3388;0.3512;-0.0954;0.0000;52;52;-0.0049;63.0153;0.0534;-0.0988;62.9253;300.0;240.5;251.0;156.0
1153.0;0.3384;0.3503;-0.1176;0.0000;52;52;-0.0831;63.2137;0.0534;-0.0988;62.9253;300.0;240.5;251.0;156.0
1153.5;0.3375;0.3494;-0.1214;0.0000;52;52;-0.0049;63.3740;0.0534;-0.0988;62.9253;300.0;240.8;251.0;156.0
1154.0;0.3361;0.3484;-0.1176;0.0000;52;52;-0.0049;63.5344;0.0534;-0.0988;62.9253;300.0;240.8;251.6;156.3
1154.5;0.3352;0.3471;-0.0977;0.0000;52;52;-0.0049;63.6947;0.0534;-0.0988;62.9253;300.0;241.3;251.0;156.0
1155.0;0.3342;0.3462;-0.1145;0.0000;50;50;-0.0831;63.9008;0.0534;-0.0988;63.7249;300.0;240.8;251.6;156.0
1155.5;0.3329;0.3452;-0.0931;0.0000;50;50;0.0831;64.0229;0.0458;-0.0988;63.7249;300.0;241.3;250.4;156.0
1156.0;0.3324;0.3443;-0.1046;0.0000;50;50;-0.0831;64.2214;0.0458;-0.1207;63.7249;300.0;240.8;251.0;156.3
1156.5;0.3320;0.3434;-0.0855;0.0000;50;50;0.0831;64.4198;0.0458;-0.1207;63.7249;300.0;240.8;251.0;156.0
1157.0;0.3315;0.3425;-0.0450;0.0000;50;48;-0.0049;64.5802;0.0458;-0.1207;64.5245;300.0;240.8;251.0;156.3
1157.5;0.3310;0.3411;-0.0198;0.0000;48;48;-0.0049;64.7405;0.0458;-0.1207;64.5245;300.0;240.8;250.4;156.0
1158.0;0.3306;0.3402;0.0130;0.0000;48;46;-0.0831;64.9466;0.0458;-0.1207;64.5245;300.0;240.8;251.0;156.6
1158.5;0.3301;0.3393;0.0099;0.0000;48;46;-0.0049;65.1069;0.0458;-0.1207;64.5245;300.0;240.8;250.4;156.9
1159.0;0.3297;0.3384;0.0313;0.0000;48;44;-0.0049;65.2672;0.0458;-0.1207;64.5245;300.0;241.3;249.9;156.9
1159.5;0.3288;0.3375;0.0153;0.0000;48;44;-0.0049;65.4275;0.0458;-0.1207;65.3241;300.0;241.3;251.0;156.3
1160.0;0.3288;0.3361;0.0237;0.0000;46;44;0.0733;65.6260;0.0458;-0.1207;65.3241;300.0;240.8;250.4;156.0
1160.5;0.3283;0.3352;0.0176;0.0000;46;44;-0.0049;65.7863;0.0458;-0.1207;65.3241;300.0;240.8;249.3;156.3
1161.0;0.3274;0.3342;0.0252;0.0000;46;44;-0.0049;65.9466;0.0458;-0.1207;65.3241;300.0;240.8;249.3;156.3
1161.5;0.3260;0.3333;0.0214;0.0000;46;44;-0.0049;66.1069;0.0458;-0.1207;65.3241;300.0;240.8;249.3;156.6
1162.0;0.3237;0.3324;0.0092;0.0000;46;46;0.0733;66.2290;0.0458;-0.1207;66.1237;300.0;240.8;249.9;156.6
1162.5;0.3219;0.3310;0.0252;0.0000;48;48;-0.0049;66.3893;0.0458;-0.1207;66.1237;300.0;240.5;249.0;156.6
1163.0;0.3214;0.3301;0.0565;0.0000;50;46;-0.0831;66.5878;0.0458;-0.0988;66.1237;300.0;240.8;249.3;157.8
1163.5;0.3205;0.3292;0.0931;0.0000;50;46;-0.0049;66.7557;0.0458;-0.0988;66.1237;300.0;240.5;250.4;156.9
1164.0;0.3196;0.3283;0.1015;0.0000;50;46;-0.0049;66.9160;0.0458;-0.0988;66.1237;300.0;240.5;249.0;157.8
1164.5;0.3187;0.3274;0.1015;0.0000;48;46;-0.0049;67.0763;0.0458;-0.0988;66.9233;300.0;240.2;249.0;157.2
1165.0;0.3178;0.3265;0.0603;0.0000;48;46;-0.0049;67.2366;0.0458;-0.0988;66.9233;300.0;239.9;249.9;156.9
1165.5;0.3173;0.3251;0.0336;0.0000;48;46;-0.0049;67.3969;0.0458;-0.0988;66.9233;300.0;239.9;249.3;156.9
1166.0;0.3164;0.3242;-0.0176;0.0000;46;46;-0.0049;67.5573;0.0458;-0.0988;66.9233;300.0;239.6;248.4;156.9
1166.5;0.3155;0.3233;-0.0550;0.0000;46;46;-0.0049;67.7176;0.0458;-0.0988;66.9233;300.0;239.0;248.4;156.6
1167.0;0.3146;0.3223;-0.0893;0.0000;46;46;-0.0049;67.8779;0.0458;-0.0988;67.7229;300.0;238.7;247.8;156.0
1167.5;0.3132;0.3214;-0.1076;0.0000;46;46;-0.0831;68.0000;0.0458;-0.0988;67.7229;300.0;238.4;247.8;156.3
1168.0;0.3118;0.3201;-0.0954;0.0000;46;46;-0.0049;68.1603;0.0458;-0.0988;67.7229;300.0;238.1;246.6;156.3
1168.5;0.3109;0.3191;-0.0863;0.0000;46;46;0.0831;68.3588;0.0458;-0.1207;67.7229;300.0;237.2;246.6;156.3
1169.0;0.3095;0.3182;-0.0679;0.0000;48;46;-0.0831;68.4809;0.0382;-0.1207;67.7229;300.0;237.2;246.0;156.3
1169.5;0.3082;0.3173;-0.0679;0.0000;48;46;-0.0049;68.6412;0.0382;-0.1207;68.5226;300.0;236.7;245.5;156.9
1170.0;0.3068;0.3164;-0.0466;0.0000;48;46;-0.0049;68.8015;0.0382;-0.1207;68.5226;300.0;236.7;244.9;156.6
1170.5;0.3059;0.3155;-0.0153;0.0000;48;46;-0.0049;68.9618;0.0382;-0.1207;68.5226;300.0;236.1;244.9;157.2
1171.0;0.3054;0.3141;0.0282;0.0000;48;46;-0.0049;69.1221;0.0382;-0.1207;68.5226;300.0;236.1;244.6;156.6
1171.5;0.3045;0.3132;0.0489;0.0000;48;44;-0.0049;69.2824;0.0382;-0.1207;68.5226;300.0;235.8;244.6;156.3
1172.0;0.3040;0.3123;0.0595;0.0000;48;44;-0.0049;69.4427;0.0382;-0.1207;69.3222;300.0;235.5;244.0;156.3
1172.5;0.3036;0.3114;0.0542;0.0000;48;44;-0.0049;69.6031;0.0382;-0.1207;69.3222;300.0;234.9;244.6;156.3
1173.0;0.3031;0.3104;0.0168;0.0000;46;44;-0.0049;69.7634;0.0382;-0.1207;69.3222;300.0;234.6;243.4;156.9
1173.5;0.3017;0.3091;-0.0214;0.0000;46;44;0.0733;69.8855;0.0382;-0.1207;69.3222;300.0;234.6;243.4;156.3
1174.0;0.3008;0.3082;-0.0824;0.0000;44;44;-0.0049;70.0458;0.0382;-0.1207;69.3222;300.0;233.7;242.8;156.3
1174.5;0.3004;0.3072;-0.1206;0.0000;44;46;-0.0049;70.2061;0.0382;-0.1207;70.1218;300.0;233.4;242.8;156.0
1175.0;0.2995;0.3063;-0.1527;0.0000;44;46;0.0049;70.3664;0.0382;-0.1207;70.1218;300.0;233.1;241.9;156.0
1175.5;0.2985;0.3054;-0.1466;0.0000;44;44;-0.0831;70.4885;0.0382;-0.1207;70.1218;300.0;232.6;241.3;155.7
1176.0;0.2976;0.3045;-0.1473;0.0000;44;44;0.0049;70.6489;0.0382;-0.1207;70.1218;300.0;232.0;241.3;155.7
1176.5;0.2967;0.3031;-0.1511;0.0000;44;44;0.0049;70.8092;0.0382;-0.1427;70.1218;300.0;232.0;241.3;155.4
1177.0;0.2953;0.3022;-0.1618;0.0000;44;46;0.0831;70.9313;0.0382;-0.1427;70.9214;300.0;231.7;241.3;155.7
1177.5;0.2940;0.3013;-0.1580;0.0000;44;46;0.0831;71.0534;0.0382;-0.1427;70.9214;300.0;231.7;241.9;155.1
1178.0;0.2926;0.3004;-0.1336;0.0000;44;46;-0.0049;71.2137;0.0382;-0.1427;70.9214;300.0;231.4;240.8;155.4
1178.5;0.2917;0.2995;-0.1130;0.0000;44;46;-0.0049;71.3740;0.0382;-0.1427;70.9214;300.0;231.4;240.2;155.4
1179.0;0.2908;0.2981;-0.0824;0.0000;46;46;-0.0831;71.4962;0.0382;-0.1427;70.9214;300.0;231.1;240.8;155.4
1179.5;0.2898;0.2972;-0.0542;0.0000;46;44;-0.0049;71.6565;0.0382;-0.1427;70.9214;300.0;231.4;240.2;155.4
1180.0;0.2889;0.2962;-0.0374;0.0000;46;44;-0.0049;71.8168;0.0382;-0.1647;71.7210;300.0;231.4;240.2;155.7
1180.5;0.2880;0.2953;-0.0374;0.0000;44;44;0.0733;71.9389;0.0382;-0.1647;71.7210;300.0;231.4;239.9;155.7
1181.0;0.2871;0.2944;-0.0588;0.0000;44;44;-0.0049;72.0992;0.0382;-0.1647;71.7210;300.0;231.1;239.9;155.7
1181.5;0.2866;0.2935;-0.0580;0.0000;44;44;-0.0049;72.2595;0.0305;-0.1647;71.7210;300.0;230.8;239.3;155.4
1182.0;0.2862;0.2921;-0.0786;0.0000;42;44;-0.0049;72.4198;0.0305;-0.1647;71.7210;300.0;230.5;239.9;156.0
1182.5;0.2853;0.2912;-0.0763;0.0000;42;44;-0.0049;72.5802;0.0305;-0.1647;72.5206;300.0;230.5;239.3;155.4
1183.0;0.2834;0.2903;-0.0786;0.0000;44;44;-0.0049;72.6565;0.0305;-0.1647;72.5206;300.0;230.2;239.3;156.0
1183.5;0.2821;0.2894;-0.0641;0.0000;44;44;-0.0049;72.8244;0.0305;-0.1647;72.5206;300.0;230.2;238.4;156.9
1184.0;0.2811;0.2885;-0.0519;0.0000;44;44;-0.0049;72.9847;0.0305;-0.1647;72.5206;300.0;229.9;237.8;156.0
1184.5;0.2798;0.2871;-0.0252;0.0000;44;44;0.0733;73.0992;0.0305;-0.1647;72.5206;300.0;229.3;237.2;156.0
1185.0;0.2779;0.2862;-0.0061;0.0000;46;46;-0.0049;73.1832;0.0305;-0.1647;72.5206;300.0;229.3;237.2;156.3
1185.5;0.2770;0.2853;0.0122;0.0000;46;46;0.0733;73.3817;0.0305;-0.1647;73.3202;300.0;229.9;237.2;155.7
1186.0;0.2761;0.2843;0.0435;0.0000;46;44;-0.0831;73.5038;0.0305;-0.1647;73.3202;300.0;229.3;239.3;156.3
1186.5;0.2752;0.2834;0.0702;0.0000;46;44;-0.0049;73.6641;0.0305;-0.1647;73.3202;300.0;229.0;239.9;155.7
1187.0;0.2743;0.2821;0.0954;0.0000;46;44;0.0733;73.7863;0.0305;-0.1647;73.3202;300.0;229.3;237.8;155.1
1187.5;0.2738;0.2811;0.1076;0.0000;46;42;-0.0049;73.9466;0.0305;-0.1647;73.3202;300.0;229.3;237.8;155.1
1188.0;0.2729;0.2802;0.1099;0.0000;46;42;-0.0929;74.0687;0.0305;-0.1647;73.3202;300.0;229.3;237.2;155.1
1188.5;0.2715;0.2793;0.0969;0.0000;46;42;0.0733;74.1908;0.0305;-0.1647;74.1198;300.0;229.0;237.8;155.1
1189.0;0.2706;0.2784;0.0817;0.0000;46;42;-0.0049;74.3511;0.0305;-0.1427;74.1198;300.0;229.0;237.2;156.0
1189.5;0.2697;0.2775;0.0718;0.0000;44;42;0.0733;74.4657;0.0305;-0.1427;74.1198;300.0;228.7;237.8;156.0
1190.0;0.2688;0.2761;0.0641;0.0000;44;42;-0.0831;74.5878;0.0305;-0.1427;74.1198;300.0;228.7;237.2;155.7
1190.5;0.2679;0.2752;0.0603;0.0000;44;42;-0.0049;74.7481;0.0305;-0.1427;74.1198;300.0;228.7;237.0;156.6
1191.0;0.2669;0.2743;0.0489;0.0000;44;42;0.0733;74.8702;0.0305;-0.1427;74.1198;300.0;228.7;237.0;156.0
1191.5;0.2665;0.2734;0.0595;0.0000;44;42;-0.0049;75.0305;0.0305;-0.1427;74.9194;300.0;229.0;237.0;155.7
1192.0;0.2656;0.2724;0.0733;0.0000;44;40;-0.0831;75.1527;0.0229;-0.1427;74.9194;300.0;229.3;236.4;155.4
1192.5;0.2647;0.2711;0.0786;0.0000;44;40;0.0733;75.2748;0.0229;-0.1427;74.9194;300.0;228.4;236.4;155.1
1193.0;0.2633;0.2701;0.0779;0.0000;44;40;-0.0831;75.3893;0.0229;-0.1427;74.9194;300.0;228.4;235.8;155.1
1193.5;0.2619;0.2692;0.0656;0.0000;44;42;0.0733;75.5115;0.0229;-0.1427;74.9194;300.0;227.9;235.8;155.1
1194.0;0.2614;0.2683;0.0511;0.0000;44;42;-0.0049;75.6718;0.0229;-0.1427;74.9194;300.0;228.4;235.5;155.1
1194.5;0.2610;0.2674;0.0427;0.0000;42;40;-0.0049;75.8321;0.0229;-0.1427;75.7190;300.0;227.9;235.5;154.8
1195.0;0.2605;0.2665;0.0573;0.0000;42;40;0.0733;75.9542;0.0229;-0.1207;75.7190;300.0;227.9;234.9;155.1
1195.5;0.2596;0.2651;0.0443;0.0000;42;40;-0.0831;76.0763;0.0229;-0.1207;75.7190;300.0;228.4;234.9;155.1
1196.0;0.2587;0.2642;0.0649;0.0000;42;40;-0.0049;76.2366;0.0229;-0.1207;75.7190;300.0;227.6;234.9;155.1
1196.5;0.2569;0.2633;0.0748;0.0000;44;40;-0.0049;76.3206;0.0229;-0.1207;75.7190;300.0;227.3;235.5;155.1
1197.0;0.2550;0.2624;0.0824;0.0000;44;42;0.0733;76.4351;0.0229;-0.1207;75.7190;300.0;227.3;234.9;155.1
1197.5;0.2537;0.2614;0.0588;0.0000;44;42;-0.0831;76.5573;0.0229;-0.1207;76.5187;300.0;227.3;235.5;155.1
1198.0;0.2518;0.2601;0.0519;0.0000;46;44;0.0733;76.6794;0.0229;-0.1207;76.5187;300.0;227.0;234.9;155.1
1198.5;0.2514;0.2592;0.0389;0.0000;44;44;-0.0049;76.8397;0.0229;-0.1207;76.5187;300.0;226.7;234.6;155.1
1199.0;0.2505;0.2582;0.0435;0.0000;44;44;0.0733;76.9618;0.0229;-0.1207;76.5187;300.0;226.7;234.6;155.1
1199.5;0.2495;0.2573;0.0511;0.0000;44;42;-0.0831;77.0840;0.0229;-0.1207;76.5187;300.0;226.7;234.6;155.1
1200.0;0.2486;0.2564;0.0519;0.0000;44;42;0.0733;77.1985;0.0229;-0.1207;76.5187;300.0;226.4;234.0;154.8
1200.5;0.2482;0.2555;0.0481;0.0000;42;40;-0.0049;77.3588;0.0229;-0.1207;77.3183;300.0;226.1;233.4;154.8
1201.0;0.2468;0.2541;0.0450;0.0000;42;40;-0.0049;77.4427;0.0229;-0.1207;77.3183;300.0;225.8;234.9;154.8
1201.5;0.2463;0.2532;0.0542;0.0000;42;40;-0.0049;77.6031;0.0229;-0.1207;77.3183;300.0;225.8;234.0;154.8
1202.0;0.2450;0.2523;0.0458;0.0000;42;40;-0.0049;77.6870;0.0229;-0.0988;77.3183;300.0;225.5;233.4;154.8
1202.5;0.2445;0.2514;0.0305;0.0000;42;40;-0.0049;77.8473;0.0229;-0.0988;77.3183;300.0;225.5;232.6;154.8
1203.0;0.2431;0.2505;0.0221;0.0000;42;40;-0.0049;77.9237;0.0229;-0.0988;77.3183;300.0;225.5;232.6;155.1
1203.5;0.2418;0.2491;0.0244;0.0000;42;42;0.0733;78.0458;0.0229;-0.0988;77.3183;300.0;225.5;232.3;154.5
1204.0;0.2413;0.2482;0.0458;0.0000;42;40;-0.0049;78.2061;0.0229;-0.0988;78.1179;300.0;225.2;232.6;154.8
1204.5;0.2399;0.2473;0.0389;0.0000;42;40;-0.0049;78.2901;0.0229;-0.0988;78.1179;300.0;225.5;232.6;154.8
1205.0;0.2395;0.2463;0.0504;0.0000;42;40;-0.0049;78.4504;0.0229;-0.0988;78.1179;300.0;225.2;232.6;154.8
1205.5;0.2381;0.2454;0.0519;0.0000;42;40;-0.0049;78.5267;0.0229;-0.0988;78.1179;300.0;225.2;232.3;155.1
1206.0;0.2376;0.2440;0.0634;0.0000;42;40;-0.0049;78.6870;0.0229;-0.0988;78.1179;300.0;224.9;232.6;155.1
1206.5;0.2372;0.2431;0.0794;0.0000;42;38;-0.0929;78.8092;0.0229;-0.0988;78.1179;300.0;225.2;231.7;155.1
1207.0;0.2363;0.2422;0.0939;0.0000;40;38;0.0733;78.9313;0.0229;-0.0988;78.9175;300.0;224.9;232.3;155.1
1207.5;0.2349;0.2413;0.0809;0.0000;40;38;-0.0049;79.0076;0.0229;-0.0988;78.9175;300.0;224.6;231.7;155.7
1208.0;0.2344;0.2404;0.0695;0.0000;40;38;-0.0049;79.1679;0.0229;-0.0988;78.9175;300.0;224.6;231.7;155.1
1208.5;0.2335;0.2395;0.0267;0.0000;40;38;-0.0049;79.2519;0.0229;-0.0988;78.9175;300.0;224.3;231.7;154.8
1209.0;0.2321;0.2381;-0.0198;0.0000;40;40;0.0733;79.3740;0.0153;-0.0988;78.9175;300.0;224.3;231.7;154.5
1209.5;0.2312;0.2372;-0.0344;0.0000;40;40;-0.0831;79.4885;0.0153;-0.0988;78.9175;300.0;224.6;231.4;154.8
1210.0;0.2303;0.2363;-0.0427;0.0000;40;40;0.0733;79.6107;0.0153;-0.0988;78.9175;300.0;224.3;230.8;154.5
1210.5;0.2289;0.2353;-0.0229;0.0000;40;40;-0.0049;79.6947;0.0153;-0.0988;78.9175;300.0;224.0;230.5;154.8