Time(ms);ActualLinearVel;TargetLinearVel;ActualAngularVel;TargetAngularVel;PWML;PWMR;ImuDiff;VelP;VelI;AngP;AngI;RotationFF;LinearFF
general_params = {
fan_speed = 0.000000,
angular_kp = 0.042000,
angular_ki = 0.000210,
angular_kd = 0.050000,
angular_acc_feed_forward_k = 0.000400,
angular_vel_feed_forward_k = 0.004000,
linear_vel_acc_feed_forward_k = 0.031250,
linear_vel_brake_feed_forward_k = 0.018000,
linear_vel_feed_forward_k = 0.105000,
linear_jerk_ff_k = 0.000000,
linear_jerk_ff_ms = 0.000000,
angular_jerk_ff_k = 0.000000,
angular_jerk_ff_ms = 0.000000,
wall_kp = 0.000000,
wall_ki = 0.000000,
wall_kd = 0.000000,
linear_vel_kp = 2.500000,
linear_vel_ki = 0.010000,
linear_vel_kd = 25.000000,
diagonal_walls_kp = 0.000000,
diagonal_walls_ki = 0.000000,
diagonal_walls_kd = 0.000000,
start_wall_break_mm_left = 5.500000,
start_wall_break_mm_right = 7.200000,
enable_wall_break_correction = 1.000000,
max_linear_acc_jerk = 40.000000,
max_linear_brake_jerk = 40.000000,
wheel_radius_mm = 12.750000,
coulomb_ff = 0.130000,
};
t;Vel;TgtVel;AngVel;TgtAngVel;PWM_L;PWM_R;ImuDiff;VelP;VelI;AngP;AngI;RotFF;LinFF
0.0;0.0000;0.0000;-0.0005;0.0000;-1;-1;-0.0012;-0.0012;-0.0012;-0.0000;-0.0000;0.0000;-0.0000
0.5;0.0000;0.0000;-0.0010;0.0000;-1;-1;-0.0012;-0.0012;-0.0012;-0.0000;-0.0000;0.0000;-0.0000
1.0;0.0000;0.0000;-0.0015;0.0000;-1;-1;-0.0012;-0.0012;-0.0012;-0.0000;-0.0000;0.0000;-0.0000
1.5;0.0000;0.0000;-0.0015;0.0000;-1;-1;-0.0012;-0.0012;-0.0012;-0.0000;-0.0000;0.0000;-0.0000
2.0;0.0000;0.0000;0.0010;0.0000;-1;-1;-0.0012;-0.0012;-0.0012;-0.0010;-0.0000;0.0000;-0.0000
2.5;0.0000;0.0000;0.0030;0.0000;-1;-1;-0.0012;0.0003;-0.0012;-0.0010;-0.0000;0.0000;-0.0000
3.0;0.0000;0.0000;0.0055;0.0000;1;1;-0.0012;0.0003;-0.0012;-0.0010;-0.0010;0.0000;-0.0000
3.5;0.0000;0.0000;0.0010;0.0000;1;1;-0.0012;0.0003;-0.0012;-0.0010;-0.0010;0.0000;-0.0000
4.0;0.0000;0.0000;-0.0025;0.0000;1;1;-0.0012;0.0003;-0.0012;-0.0000;-0.0010;0.0000;-0.0000
4.5;0.0000;0.0005;-0.0035;0.0000;1;1;-0.0012;0.0003;-0.0012;-0.0000;-0.0010;0.0000;-0.0000
5.0;0.0000;0.0005;0.0005;0.0000;1;1;-0.0012;0.0003;-0.0012;-0.0010;-0.0010;0.0000;-0.0000
5.5;0.0000;0.0005;0.0040;0.0000;1;1;-0.0012;0.0003;-0.0012;-0.0010;-0.0010;0.0000;-0.0000
6.0;0.0005;0.0005;-0.0005;0.0000;1;1;-0.0012;0.0003;-0.0012;-0.0000;-0.0010;0.0000;0.0079
6.5;0.0005;0.0009;0.0045;0.0000;28;28;-0.0012;0.0003;-0.0012;-0.0010;-0.0010;0.0000;0.1339
7.0;0.0005;0.0009;0.0080;0.0000;28;28;-0.0012;0.0003;-0.0012;-0.0010;-0.0010;0.0000;0.1339
7.5;0.0005;0.0009;-0.0005;0.0000;28;28;-0.0012;0.0003;-0.0012;-0.0000;-0.0010;0.0000;0.1339
8.0;0.0005;0.0014;0.0080;0.0000;28;28;-0.0012;0.0003;-0.0012;-0.0010;-0.0010;0.0000;0.1339
8.5;0.0009;0.0014;0.0150;0.0000;28;28;-0.0012;0.0018;-0.0012;-0.0010;-0.0010;0.0000;0.1339
9.0;0.0009;0.0018;0.0060;0.0000;28;28;-0.0012;0.0018;-0.0012;-0.0010;-0.0010;0.0000;0.1417
9.5;0.0009;0.0018;-0.0005;0.0000;30;30;-0.0012;0.0018;-0.0012;-0.0000;-0.0010;0.0000;0.1417
10.0;0.0014;0.0023;0.0020;0.0000;30;30;-0.0012;0.0018;-0.0012;-0.0010;-0.0010;0.0000;0.1417
10.5;0.0014;0.0023;0.0010;0.0000;30;30;-0.0012;0.0018;-0.0012;-0.0010;-0.0010;0.0000;0.1417
11.0;0.0014;0.0027;0.0000;0.0000;30;30;-0.0012;0.0018;-0.0012;-0.0010;-0.0010;0.0000;0.1417
11.5;0.0014;0.0027;0.0045;0.0000;30;30;-0.0012;0.0018;-0.0012;-0.0010;-0.0010;0.0000;0.1417
12.0;0.0018;0.0032;0.0045;0.0000;30;30;-0.0012;0.0018;-0.0012;-0.0010;-0.0010;0.0000;0.1417
12.5;0.0018;0.0032;-0.0005;0.0000;30;30;-0.0012;0.0032;-0.0012;-0.0000;-0.0010;0.0000;0.1417
13.0;0.0023;0.0037;-0.0020;0.0000;30;30;-0.0012;0.0032;-0.0012;-0.0000;-0.0010;0.0000;0.1417
13.5;0.0023;0.0037;0.0005;0.0000;30;30;-0.0012;0.0032;-0.0012;-0.0010;-0.0010;0.0000;0.1417
14.0;0.0023;0.0041;-0.0015;0.0000;30;30;-0.0012;0.0032;-0.0012;-0.0000;-0.0010;0.0000;0.1417
14.5;0.0027;0.0046;-0.0030;0.0000;32;32;-0.0012;0.0032;-0.0012;-0.0000;-0.0010;0.0000;0.1417
15.0;0.0027;0.0046;-0.0100;0.0000;32;32;-0.0012;0.0047;-0.0012;-0.0000;-0.0010;0.0000;0.1496
15.5;0.0027;0.0050;-0.0140;0.0000;32;32;-0.0012;0.0047;-0.0012;-0.0000;-0.0010;0.0000;0.1496
16.0;0.0032;0.0055;-0.0115;0.0000;32;32;-0.0012;0.0047;-0.0012;-0.0000;-0.0010;0.0000;0.1496
16.5;0.0032;0.0055;-0.0100;0.0000;32;32;-0.0012;0.0047;-0.0012;-0.0000;-0.0010;0.0000;0.1496
17.0;0.0037;0.0060;-0.0080;0.0000;32;32;-0.0012;0.0062;0.0003;-0.0000;-0.0010;0.0000;0.1496
17.5;0.0037;0.0064;-0.0105;0.0000;32;32;-0.0012;0.0062;0.0003;-0.0000;-0.0000;0.0000;0.1496
18.0;0.0041;0.0069;-0.0090;0.0000;32;34;-0.0012;0.0062;0.0003;-0.0000;-0.0000;0.0000;0.1496
18.5;0.0041;0.0073;-0.0105;0.0000;34;34;-0.0012;0.0062;0.0003;-0.0000;-0.0000;0.0000;0.1496
19.0;0.0041;0.0078;-0.0090;0.0000;34;34;-0.0012;0.0076;0.0003;-0.0000;-0.0000;0.0000;0.1496
19.5;0.0046;0.0078;-0.0075;0.0000;34;34;-0.0012;0.0076;0.0003;-0.0000;-0.0000;0.0000;0.1496
20.0;0.0046;0.0082;-0.0090;0.0000;34;34;-0.0012;0.0076;0.0003;-0.0000;-0.0000;0.0000;0.1496
20.5;0.0050;0.0087;-0.0030;0.0000;34;34;-0.0012;0.0091;0.0003;-0.0000;-0.0000;0.0000;0.1496
21.0;0.0050;0.0092;0.0035;0.0000;34;34;-0.0012;0.0091;0.0003;-0.0010;-0.0000;0.0000;0.1575
21.5;0.0055;0.0096;0.0155;0.0000;36;34;-0.0012;0.0105;0.0003;-0.0010;-0.0000;0.0000;0.1575
22.0;0.0055;0.0101;0.0280;0.0000;36;34;-0.0012;0.0105;0.0003;-0.0020;-0.0000;0.0000;0.1575
22.5;0.0060;0.0105;0.0395;0.0000;36;36;-0.0037;0.0105;0.0003;-0.0020;-0.0010;0.0000;0.1575
23.0;0.0060;0.0110;0.0470;0.0000;36;36;-0.0037;0.0120;0.0003;-0.0029;-0.0010;0.0000;0.1575
23.5;0.0064;0.0114;0.0475;0.0000;36;36;-0.0037;0.0120;0.0003;-0.0029;-0.0010;0.0000;0.1575
24.0;0.0064;0.0119;0.0450;0.0000;38;36;-0.0037;0.0135;0.0003;-0.0020;-0.0010;0.0000;0.1575
24.5;0.0073;0.0124;0.0460;0.0000;36;36;0.0745;0.0120;0.0003;-0.0020;-0.0010;0.0000;0.1575
25.0;0.0082;0.0128;0.0570;0.0000;36;36;-0.0037;0.0105;0.0003;-0.0029;-0.0010;0.0000;0.1575
25.5;0.0087;0.0137;0.0530;0.0000;36;36;-0.0037;0.0105;0.0003;-0.0029;-0.0010;0.0000;0.1575
26.0;0.0092;0.0142;0.0655;0.0000;36;36;-0.0037;0.0120;0.0003;-0.0029;-0.0010;0.0000;0.1575
26.5;0.0096;0.0147;0.0625;0.0000;36;36;-0.0037;0.0120;0.0003;-0.0029;-0.0010;0.0000;0.1575
27.0;0.0101;0.0151;0.0610;0.0000;38;36;-0.0037;0.0120;0.0003;-0.0029;-0.0010;0.0000;0.1654
27.5;0.0101;0.0156;0.0575;0.0000;38;38;-0.0037;0.0135;0.0003;-0.0029;-0.0010;0.0000;0.1654
28.0;0.0105;0.0165;0.0525;0.0000;38;38;-0.0037;0.0135;0.0003;-0.0029;-0.0010;0.0000;0.1654
28.5;0.0105;0.0169;0.0565;0.0000;38;38;-0.0037;0.0149;0.0003;-0.0029;-0.0010;0.0000;0.1654
29.0;0.0110;0.0174;0.0600;0.0000;40;38;-0.0037;0.0164;0.0003;-0.0029;-0.0010;0.0000;0.1654
29.5;0.0110;0.0179;0.0640;0.0000;40;38;-0.0037;0.0164;0.0003;-0.0029;-0.0010;0.0000;0.1654
30.0;0.0119;0.0188;0.0670;0.0000;40;40;0.0745;0.0164;0.0003;-0.0029;-0.0010;0.0000;0.1654
30.5;0.0128;0.0192;0.0680;0.0000;40;38;-0.0037;0.0149;0.0003;-0.0029;-0.0010;0.0000;0.1654
31.0;0.0133;0.0201;0.0715;0.0000;40;38;-0.0037;0.0164;0.0003;-0.0039;-0.0010;0.0000;0.1654
31.5;0.0137;0.0206;0.0750;0.0000;40;40;-0.0037;0.0164;0.0003;-0.0039;-0.0010;0.0000;0.1654
32.0;0.0142;0.0211;0.0630;0.0000;40;40;-0.0037;0.0179;0.0018;-0.0029;-0.0010;0.0000;0.1654
32.5;0.0151;0.0220;0.0740;0.0000;40;40;-0.0818;0.0164;0.0018;-0.0039;-0.0010;0.0000;0.1732
33.0;0.0156;0.0224;0.0675;0.0000;40;40;-0.0037;0.0164;0.0018;-0.0029;-0.0010;0.0000;0.1732
33.5;0.0169;0.0234;0.0780;0.0000;40;40;0.0745;0.0149;0.0018;-0.0039;-0.0010;0.0000;0.1732
34.0;0.0179;0.0238;0.0800;0.0000;40;38;-0.0037;0.0149;0.0018;-0.0039;-0.0010;0.0000;0.1732
34.5;0.0183;0.0247;0.0730;0.0000;40;40;-0.0037;0.0149;0.0018;-0.0039;-0.0010;0.0000;0.1732
35.0;0.0188;0.0252;0.0690;0.0000;40;40;-0.0037;0.0149;0.0018;-0.0029;-0.0010;0.0000;0.1732
35.5;0.0197;0.0261;0.0605;0.0000;42;40;-0.0818;0.0149;0.0018;-0.0029;-0.0010;0.0000;0.1732
36.0;0.0215;0.0266;0.0730;0.0000;40;40;0.0745;0.0135;0.0018;-0.0039;-0.0010;0.0000;0.1732
36.5;0.0224;0.0275;0.0645;0.0000;40;40;-0.0037;0.0120;0.0018;-0.0029;-0.0010;0.0000;0.1732
37.0;0.0229;0.0284;0.0780;0.0000;40;40;-0.0037;0.0120;0.0018;-0.0039;-0.0010;0.0000;0.1732
37.5;0.0234;0.0288;0.0725;0.0000;40;40;-0.0037;0.0135;0.0018;-0.0039;-0.0010;0.0000;0.1732
38.0;0.0252;0.0298;0.0785;0.0000;40;40;-0.0037;0.0105;0.0018;-0.0039;-0.0010;0.0000;0.1811
38.5;0.0266;0.0307;0.0690;0.0000;40;38;-0.0037;0.0091;0.0018;-0.0029;-0.0010;0.0000;0.1811
39.0;0.0270;0.0316;0.0780;0.0000;40;40;-0.0037;0.0091;0.0018;-0.0039;-0.0010;0.0000;0.1811
39.5;0.0284;0.0321;0.0700;0.0000;40;40;0.0745;0.0091;0.0018;-0.0039;-0.0010;0.0000;0.1811
40.0;0.0298;0.0330;0.0555;0.0000;40;38;-0.0818;0.0062;0.0018;-0.0029;-0.0010;0.0000;0.1811
40.5;0.0311;0.0339;0.0615;0.0000;40;38;-0.0037;0.0062;0.0018;-0.0029;-0.0010;0.0000;0.1811
41.0;0.0316;0.0348;0.0585;0.0000;40;40;-0.0037;0.0076;0.0018;-0.0029;-0.0010;0.0000;0.1811
41.5;0.0334;0.0353;0.0715;0.0000;40;38;-0.0037;0.0047;0.0018;-0.0039;-0.0010;0.0000;0.1811
42.0;0.0343;0.0362;0.0680;0.0000;40;38;-0.0037;0.0032;0.0018;-0.0029;-0.0010;0.0000;0.1811
42.5;0.0353;0.0371;0.0770;0.0000;40;38;-0.0037;0.0047;0.0018;-0.0039;-0.0010;0.0000;0.1811
43.0;0.0371;0.0380;0.0635;0.0000;40;38;-0.0037;0.0018;0.0018;-0.0029;-0.0010;0.0000;0.1811
43.5;0.0380;0.0389;0.0620;0.0000;40;38;-0.0037;0.0018;0.0018;-0.0029;-0.0010;0.0000;0.1890
44.0;0.0398;0.0398;0.0635;0.0000;40;38;0.0745;0.0003;0.0018;-0.0029;-0.0010;0.0000;0.1890
44.5;0.0412;0.0408;0.0710;0.0000;40;38;-0.0818;-0.0012;0.0018;-0.0039;-0.0010;0.0000;0.1890
45.0;0.0421;0.0417;0.0655;0.0000;40;38;-0.0037;-0.0026;0.0018;-0.0029;-0.0010;0.0000;0.1890
45.5;0.0426;0.0426;0.0390;0.0000;40;40;-0.0037;-0.0012;0.0018;-0.0020;-0.0010;0.0000;0.1890
46.0;0.0444;0.0435;0.0420;0.0000;40;40;-0.0037;-0.0026;0.0018;-0.0020;-0.0010;0.0000;0.1890
46.5;0.0453;0.0444;0.0315;0.0000;40;40;-0.0012;-0.0026;0.0018;-0.0020;-0.0010;0.0000;0.1890
47.0;0.0467;0.0453;0.0415;0.0000;40;40;0.0745;-0.0041;0.0018;-0.0020;-0.0010;0.0000;0.1890
47.5;0.0481;0.0462;0.0295;0.0000;40;40;-0.0794;-0.0056;0.0018;-0.0020;-0.0010;0.0000;0.1890
48.0;0.0490;0.0472;0.0275;0.0000;40;40;-0.0012;-0.0041;0.0018;-0.0020;-0.0010;0.0000;0.1890
48.5;0.0508;0.0481;0.0160;0.0000;40;40;-0.0012;-0.0070;0.0018;-0.0010;-0.0010;0.0000;0.1890
49.0;0.0517;0.0495;0.0020;0.0000;40;40;-0.0012;-0.0070;0.0018;-0.0010;-0.0010;0.0000;0.1969
49.5;0.0531;0.0504;0.0130;0.0000;40;40;-0.0794;-0.0070;0.0018;-0.0010;-0.0010;0.0000;0.1969
50.0;0.0545;0.0513;0.0050;0.0000;40;40;0.0769;-0.0085;0.0018;-0.0010;-0.0010;0.0000;0.1969
50.5;0.0549;0.0522;0.0125;0.0000;40;40;-0.0012;-0.0070;0.0018;-0.0010;-0.0010;0.0000;0.1969
51.0;0.0568;0.0531;0.0040;0.0000;40;40;-0.0012;-0.0100;0.0018;-0.0010;-0.0010;0.0000;0.1969
51.5;0.0577;0.0545;0.0095;0.0000;40;40;-0.0012;-0.0085;0.0018;-0.0010;-0.0010;0.0000;0.1969
52.0;0.0586;0.0554;-0.0010;0.0000;40;40;-0.0794;-0.0100;0.0018;-0.0000;-0.0010;0.0000;0.1969
52.5;0.0600;0.0563;0.0045;0.0000;40;40;0.0769;-0.0100;0.0018;-0.0010;-0.0010;0.0000;0.1969
53.0;0.0614;0.0572;-0.0050;0.0000;40;40;-0.0794;-0.0114;0.0018;-0.0000;-0.0010;0.0000;0.1969
53.5;0.0627;0.0582;0.0060;0.0000;40;40;0.0769;-0.0114;0.0018;-0.0010;-0.0010;0.0000;0.1969
54.0;0.0632;0.0591;-0.0080;0.0000;40;40;-0.0012;-0.0114;0.0018;-0.0000;-0.0010;0.0000;0.1969
54.5;0.0650;0.0604;-0.0280;0.0000;40;40;-0.0012;-0.0129;0.0018;0.0010;-0.0010;0.0000;0.1969
55.0;0.0655;0.0614;-0.0180;0.0000;40;40;-0.0012;-0.0114;0.0018;-0.0000;-0.0010;0.0000;0.1969
55.5;0.0664;0.0623;-0.0290;0.0000;40;40;-0.0794;-0.0114;0.0018;0.0010;-0.0010;0.0000;0.1969
56.0;0.0678;0.0632;-0.0140;0.0000;40;40;0.0769;-0.0114;0.0018;-0.0000;-0.0010;0.0000;0.1969
56.5;0.0696;0.0641;-0.0260;0.0000;40;40;-0.0012;-0.0129;0.0018;0.0010;-0.0010;0.0000;0.1969
57.0;0.0705;0.0655;-0.0120;0.0000;40;40;-0.0012;-0.0129;0.0018;-0.0000;-0.0010;0.0000;0.1969
57.5;0.0705;0.0664;-0.0230;0.0000;40;42;-0.0012;-0.0114;0.0018;-0.0000;-0.0010;0.0000;0.1969
58.0;0.0710;0.0673;0.0035;0.0000;42;42;0.0769;-0.0100;0.0018;-0.0010;-0.0010;0.0000;0.1969
58.5;0.0710;0.0682;0.0150;0.0000;44;44;-0.0012;-0.0085;0.0018;-0.0010;-0.0010;0.0000;0.1969
59.0;0.0723;0.0691;0.0320;0.0000;44;44;-0.0012;-0.0085;0.0018;-0.0020;-0.0010;0.0000;0.1969
59.5;0.0728;0.0701;0.0290;0.0000;44;44;-0.0012;-0.0070;0.0018;-0.0020;-0.0010;0.0000;0.1969
60.0;0.0742;0.0714;0.0070;0.0000;44;44;-0.0012;-0.0070;0.0018;-0.0010;-0.0010;0.0000;0.1969
60.5;0.0751;0.0723;0.0215;0.0000;44;44;0.0769;-0.0085;0.0018;-0.0010;-0.0010;0.0000;0.1969
61.0;0.0765;0.0733;-0.0050;0.0000;44;44;-0.0794;-0.0085;0.0018;-0.0000;-0.0010;0.0000;0.1969
61.5;0.0783;0.0742;0.0125;0.0000;44;42;-0.0012;-0.0100;0.0018;-0.0010;-0.0010;0.0000;0.1969
62.0;0.0788;0.0751;-0.0110;0.0000;42;44;-0.0012;-0.0100;0.0003;-0.0000;-0.0010;0.0000;0.1969
62.5;0.0806;0.0765;-0.0025;0.0000;42;42;-0.0012;-0.0114;0.0003;-0.0000;-0.0010;0.0000;0.1969
63.0;0.0820;0.0774;-0.0200;0.0000;40;42;0.0769;-0.0114;0.0003;-0.0000;-0.0010;0.0000;0.1969
63.5;0.0829;0.0783;0.0005;0.0000;42;42;-0.0794;-0.0129;0.0003;-0.0010;-0.0010;0.0000;0.1969
64.0;0.0833;0.0792;0.0225;0.0000;44;42;-0.0012;-0.0114;0.0003;-0.0010;-0.0010;0.0000;0.1969
64.5;0.0847;0.0801;0.0080;0.0000;44;42;-0.0012;-0.0114;0.0003;-0.0010;-0.0010;0.0000;0.1969
65.0;0.0847;0.0810;0.0265;0.0000;44;44;-0.0012;-0.0100;0.0003;-0.0020;-0.0010;0.0000;0.1969
65.5;0.0861;0.0824;0.0080;0.0000;44;44;-0.0012;-0.0100;0.0003;-0.0010;-0.0010;0.0000;0.1969
66.0;0.0879;0.0833;0.0215;0.0000;44;42;-0.0012;-0.0114;0.0003;-0.0010;-0.0010;0.0000;0.1969
66.5;0.0884;0.0842;-0.0005;0.0000;44;44;-0.0012;-0.0114;0.0003;-0.0000;-0.0010;0.0000;0.1969
67.0;0.0897;0.0852;0.0140;0.0000;44;42;-0.0012;-0.0129;0.0003;-0.0010;-0.0010;0.0000;0.1969
67.5;0.0911;0.0861;-0.0065;0.0000;44;42;-0.0794;-0.0129;0.0003;-0.0000;-0.0010;0.0000;0.1969
68.0;0.0920;0.0875;-0.0255;0.0000;42;44;0.0769;-0.0129;0.0003;0.0010;-0.0010;0.0000;0.1969
68.5;0.0934;0.0884;-0.0385;0.0000;42;42;0.0012;-0.0144;0.0003;0.0010;-0.0010;0.0000;0.1969
69.0;0.0948;0.0893;-0.0410;0.0000;42;42;0.0012;-0.0144;0.0003;0.0010;-0.0010;0.0000;0.1969
69.5;0.0948;0.0902;-0.0220;0.0000;44;42;-0.0012;-0.0129;0.0003;-0.0000;-0.0010;0.0000;0.1969
70.0;0.0962;0.0911;-0.0365;0.0000;44;44;0.0012;-0.0129;0.0003;0.0010;-0.0010;0.0000;0.1969
70.5;0.0966;0.0925;-0.0230;0.0000;44;44;-0.0794;-0.0114;0.0003;-0.0000;-0.0010;0.0000;0.1969
71.0;0.0975;0.0934;-0.0430;0.0000;44;44;0.0794;-0.0114;0.0003;0.0010;-0.0010;0.0000;0.1969
71.5;0.0989;0.0943;-0.0325;0.0000;44;44;-0.0012;-0.0114;0.0003;0.0010;-0.0010;0.0000;0.1969
72.0;0.0998;0.0952;-0.0255;0.0000;44;44;0.0769;-0.0114;0.0003;0.0010;-0.0010;0.0000;0.1969
72.5;0.0998;0.0962;-0.0145;0.0000;44;44;-0.0012;-0.0100;0.0003;-0.0000;-0.0010;0.0000;0.1969
73.0;0.1007;0.0971;-0.0185;0.0000;44;46;-0.0012;-0.0100;0.0003;-0.0000;-0.0010;0.0000;0.1969
73.5;0.1012;0.0984;-0.0205;0.0000;46;46;-0.0794;-0.0085;0.0003;-0.0000;-0.0010;0.0000;0.1969
74.0;0.1012;0.0994;-0.0170;0.0000;46;46;-0.0012;-0.0056;0.0003;-0.0000;-0.0010;0.0000;0.1969
74.5;0.1021;0.1003;-0.0120;0.0000;48;46;-0.0012;-0.0041;0.0003;-0.0000;-0.0010;0.0000;0.1969
75.0;0.1030;0.1012;0.0085;0.0000;48;46;-0.0012;-0.0056;0.0003;-0.0010;-0.0010;0.0000;0.1969
75.5;0.1039;0.1021;0.0085;0.0000;48;46;-0.0794;-0.0056;0.0003;-0.0010;-0.0010;0.0000;0.1969
76.0;0.1053;0.1035;0.0225;0.0000;48;46;-0.0012;-0.0056;0.0003;-0.0010;-0.0010;0.0000;0.1969
76.5;0.1062;0.1044;0.0185;0.0000;46;46;0.0769;-0.0056;0.0003;-0.0010;-0.0010;0.0000;0.1969
77.0;0.1076;0.1053;0.0275;0.0000;46;46;-0.0012;-0.0070;0.0003;-0.0020;-0.0010;0.0000;0.1969
77.5;0.1094;0.1062;0.0400;0.0000;46;44;-0.0037;-0.0085;0.0003;-0.0020;-0.0010;0.0000;0.1969
78.0;0.1108;0.1071;0.0515;0.0000;46;44;-0.0818;-0.0085;0.0003;-0.0029;-0.0010;0.0000;0.1969
78.5;0.1122;0.1081;0.0590;0.0000;46;44;-0.0037;-0.0100;0.0003;-0.0029;-0.0010;0.0000;0.1969
79.0;0.1140;0.1094;0.0455;0.0000;44;42;-0.0037;-0.0114;0.0003;-0.0020;-0.0010;0.0000;0.1969
79.5;0.1149;0.1103;0.0665;0.0000;44;42;0.0745;-0.0129;0.0003;-0.0029;-0.0010;0.0000;0.1969
80.0;0.1163;0.1113;0.0575;0.0000;44;42;-0.0037;-0.0129;0.0003;-0.0029;-0.0010;0.0000;0.1969
80.5;0.1172;0.1122;0.0670;0.0000;44;42;-0.0818;-0.0129;0.0003;-0.0029;-0.0010;0.0000;0.1969
81.0;0.1186;0.1131;0.0570;0.0000;44;42;-0.0037;-0.0144;-0.0012;-0.0029;-0.0010;0.0000;0.1969
81.5;0.1200;0.1145;0.0595;0.0000;44;42;-0.0037;-0.0158;-0.0012;-0.0029;-0.0010;0.0000;0.1969
82.0;0.1218;0.1154;0.0425;0.0000;44;42;-0.0037;-0.0173;-0.0012;-0.0020;-0.0010;0.0000;0.1969
82.5;0.1227;0.1163;0.0265;0.0000;42;42;0.0769;-0.0173;-0.0012;-0.0020;-0.0010;0.0000;0.2047
83.0;0.1241;0.1172;0.0235;0.0000;42;42;-0.0012;-0.0173;-0.0012;-0.0020;-0.0010;0.0000;0.2047
83.5;0.1255;0.1181;0.0155;0.0000;42;42;-0.0012;-0.0188;-0.0012;-0.0010;-0.0010;0.0000;0.2047
84.0;0.1264;0.1190;0.0155;0.0000;44;42;-0.0794;-0.0188;-0.0012;-0.0010;-0.0010;0.0000;0.2047
84.5;0.1277;0.1204;0.0050;0.0000;44;42;-0.0012;-0.0188;-0.0012;-0.0010;-0.0010;0.0000;0.2047
85.0;0.1291;0.1213;0.0155;0.0000;44;42;-0.0012;-0.0202;-0.0012;-0.0010;-0.0010;0.0000;0.2047
85.5;0.1305;0.1223;0.0030;0.0000;42;42;-0.0012;-0.0217;-0.0012;-0.0010;-0.0010;0.0000;0.2047
86.0;0.1319;0.1232;0.0100;0.0000;42;40;-0.0012;-0.0231;-0.0012;-0.0010;-0.0010;0.0000;0.2047
86.5;0.1337;0.1241;0.0100;0.0000;42;40;-0.0012;-0.0231;-0.0012;-0.0010;-0.0010;0.0000;0.2047
87.0;0.1337;0.1255;0.0170;0.0000;42;42;-0.0012;-0.0217;-0.0012;-0.0010;-0.0010;0.0000;0.2047
87.5;0.1342;0.1264;0.0115;0.0000;44;42;-0.0012;-0.0202;-0.0012;-0.0010;-0.0010;0.0000;0.2047
88.0;0.1351;0.1273;0.0005;0.0000;44;44;-0.0012;-0.0202;-0.0012;-0.0010;-0.0010;0.0000;0.2047
88.5;0.1364;0.1282;-0.0070;0.0000;44;44;-0.0012;-0.0202;-0.0012;-0.0000;-0.0010;0.0000;0.2047
89.0;0.1374;0.1291;-0.0170;0.0000;44;44;-0.0012;-0.0217;-0.0012;-0.0000;-0.0010;0.0000;0.2047
89.5;0.1383;0.1305;-0.0215;0.0000;44;44;-0.0794;-0.0202;-0.0012;-0.0000;-0.0010;0.0000;0.2047
90.0;0.1383;0.1314;-0.0350;0.0000;44;46;0.0794;-0.0188;-0.0012;0.0010;-0.0010;0.0000;0.2047
90.5;0.1387;0.1323;-0.0420;0.0000;46;46;0.0012;-0.0173;-0.0026;0.0010;-0.0010;0.0000;0.2047
91.0;0.1397;0.1332;-0.0500;0.0000;46;46;0.0012;-0.0173;-0.0026;0.0020;-0.0010;0.0000;0.2047
91.5;0.1401;0.1342;-0.0440;0.0000;46;46;-0.0769;-0.0144;-0.0026;0.0010;-0.0010;0.0000;0.2047
92.0;0.1406;0.1351;-0.0320;0.0000;46;46;-0.0012;-0.0144;-0.0026;0.0010;-0.0010;0.0000;0.2047
92.5;0.1410;0.1364;-0.0265;0.0000;48;48;0.0769;-0.0114;-0.0026;0.0010;-0.0010;0.0000;0.2047
93.0;0.1415;0.1374;-0.0115;0.0000;48;48;-0.0012;-0.0114;-0.0026;-0.0000;-0.0010;0.0000;0.2047
93.5;0.1419;0.1383;-0.0045;0.0000;48;48;-0.0012;-0.0100;-0.0026;-0.0000;-0.0010;0.0000;0.2047
94.0;0.1424;0.1392;0.0225;0.0000;50;48;-0.0794;-0.0085;-0.0026;-0.0010;-0.0010;0.0000;0.2047
94.5;0.1424;0.1401;0.0305;0.0000;50;48;-0.0794;-0.0056;-0.0026;-0.0020;-0.0010;0.0000;0.2047
95.0;0.1429;0.1415;0.0575;0.0000;52;48;-0.0037;-0.0041;-0.0026;-0.0029;-0.0010;0.0000;0.2047
95.5;0.1424;0.1424;0.0555;0.0000;52;50;0.0745;-0.0012;-0.0026;-0.0029;-0.0010;0.0000;0.2047
96.0;0.1429;0.1433;0.0555;0.0000;52;50;-0.0037;0.0003;-0.0026;-0.0029;-0.0010;0.0000;0.2047
96.5;0.1438;0.1442;0.0465;0.0000;52;50;-0.0037;0.0003;-0.0026;-0.0029;-0.0010;0.0000;0.2047
97.0;0.1447;0.1451;0.0405;0.0000;52;50;-0.0037;0.0018;-0.0026;-0.0020;-0.0010;0.0000;0.2047
97.5;0.1447;0.1461;0.0410;0.0000;54;52;-0.0818;0.0032;-0.0026;-0.0020;-0.0010;0.0000;0.2047
98.0;0.1451;0.1474;0.0135;0.0000;54;52;-0.0012;0.0047;-0.0026;-0.0010;-0.0010;0.0000;0.2047
98.5;0.1461;0.1484;0.0035;0.0000;54;52;-0.0012;0.0047;-0.0026;-0.0010;-0.0010;0.0000;0.2047
99.0;0.1470;0.1493;-0.0270;0.0000;52;52;-0.0012;0.0047;-0.0026;0.0010;-0.0010;0.0000;0.2047
99.5;0.1479;0.1502;-0.0440;0.0000;52;52;0.0012;0.0047;-0.0026;0.0010;-0.0010;0.0000;0.2047
100.0;0.1493;0.1511;-0.0595;0.0000;52;52;0.0012;0.0047;-0.0026;0.0020;-0.0010;0.0000;0.2047
100.5;0.1502;0.1525;-0.0500;0.0000;52;52;0.0012;0.0047;-0.0026;0.0020;-0.0010;0.0000;0.2047
101.0;0.1511;0.1534;-0.0480;0.0000;52;52;0.0012;0.0047;-0.0026;0.0020;-0.0010;0.0000;0.2047
101.5;0.1520;0.1543;-0.0505;0.0000;52;52;0.0012;0.0047;-0.0026;0.0020;-0.0010;0.0000;0.2047
102.0;0.1534;0.1552;-0.0370;0.0000;52;52;0.0012;0.0047;-0.0026;0.0010;-0.0010;0.0000;0.2047
102.5;0.1548;0.1561;-0.0305;0.0000;52;50;-0.0794;0.0032;-0.0026;0.0010;-0.0010;0.0000;0.2047
103.0;0.1566;0.1571;-0.0010;0.0000;50;50;-0.0012;0.0018;-0.0026;-0.0000;-0.0010;0.0000;0.2047
103.5;0.1575;0.1584;-0.0050;0.0000;50;50;-0.0012;0.0003;-0.0026;-0.0000;-0.0010;0.0000;0.2047
104.0;0.1593;0.1593;0.0060;0.0000;50;48;0.0769;-0.0012;-0.0026;-0.0010;-0.0010;0.0000;0.2047
104.5;0.1612;0.1603;0.0000;0.0000;48;48;-0.0012;-0.0026;-0.0026;-0.0010;-0.0010;0.0000;0.2047
105.0;0.1630;0.1612;0.0115;0.0000;48;48;-0.0794;-0.0056;-0.0026;-0.0010;-0.0010;0.0000;0.2047
105.5;0.1644;0.1621;0.0100;0.0000;48;46;-0.0012;-0.0070;-0.0026;-0.0010;-0.0010;0.0000;0.2047
106.0;0.1658;0.1635;0.0005;0.0000;48;46;-0.0012;-0.0070;-0.0026;-0.0010;-0.0010;0.0000;0.2047
106.5;0.1671;0.1644;-0.0135;0.0000;48;48;-0.0012;-0.0070;-0.0026;-0.0000;-0.0010;0.0000;0.2047
107.0;0.1680;0.1653;-0.0365;0.0000;48;48;0.0012;-0.0070;-0.0026;0.0010;-0.0010;0.0000;0.2047
107.5;0.1694;0.1662;-0.0405;0.0000;48;48;0.0012;-0.0085;-0.0026;0.0010;-0.0010;0.0000;0.2047
108.0;0.1708;0.1671;-0.0555;0.0000;46;48;0.0012;-0.0085;-0.0026;0.0020;-0.0010;0.0000;0.2047
108.5;0.1717;0.1685;-0.0530;0.0000;48;48;0.0012;-0.0085;-0.0026;0.0020;-0.0010;0.0000;0.2047
109.0;0.1726;0.1694;-0.0590;0.0000;48;48;0.0012;-0.0085;-0.0026;0.0020;-0.0010;0.0000;0.2047
109.5;0.1731;0.1703;-0.0510;0.0000;48;50;0.0012;-0.0085;-0.0026;0.0020;-0.0010;0.0000;0.2047
110.0;0.1745;0.1712;-0.0560;0.0000;48;50;0.0794;-0.0085;-0.0026;0.0020;-0.0010;0.0000;0.2047
110.5;0.1763;0.1722;-0.0480;0.0000;48;48;-0.0769;-0.0100;-0.0026;0.0020;-0.0010;0.0000;0.2047
111.0;0.1777;0.1731;-0.0215;0.0000;48;48;-0.0012;-0.0114;-0.0026;-0.0000;-0.0010;0.0000;0.2047
111.5;0.1786;0.1745;-0.0125;0.0000;48;48;-0.0012;-0.0114;-0.0026;-0.0000;-0.0010;0.0000;0.2047
112.0;0.1799;0.1754;0.0080;0.0000;48;48;0.0769;-0.0129;-0.0026;-0.0010;-0.0010;0.0000;0.2047
112.5;0.1809;0.1763;0.0030;0.0000;48;48;-0.0012;-0.0129;-0.0026;-0.0010;-0.0010;0.0000;0.2047
113.0;0.1818;0.1772;0.0110;0.0000;48;48;-0.0012;-0.0129;-0.0026;-0.0010;-0.0010;0.0000;0.2047
113.5;0.1822;0.1781;0.0175;0.0000;48;48;-0.0012;-0.0114;-0.0026;-0.0010;-0.0010;0.0000;0.2047
114.0;0.1832;0.1795;0.0340;0.0000;50;48;-0.0012;-0.0100;-0.0026;-0.0020;-0.0010;0.0000;0.2047
114.5;0.1845;0.1804;0.0285;0.0000;50;48;-0.0012;-0.0114;-0.0026;-0.0020;-0.0010;0.0000;0.2047
115.0;0.1859;0.1813;0.0260;0.0000;48;48;-0.0012;-0.0129;-0.0026;-0.0020;-0.0010;0.0000;0.2047
115.5;0.1868;0.1822;0.0305;0.0000;48;48;-0.0012;-0.0114;-0.0026;-0.0020;-0.0010;0.0000;0.2047
116.0;0.1873;0.1832;0.0355;0.0000;50;48;-0.0037;-0.0114;-0.0026;-0.0020;-0.0010;0.0000;0.2047
116.5;0.1891;0.1841;0.0535;0.0000;50;48;-0.0037;-0.0129;-0.0026;-0.0029;-0.0010;0.0000;0.2047
117.0;0.1905;0.1854;0.0480;0.0000;48;48;-0.0037;-0.0144;-0.0026;-0.0029;-0.0010;0.0000;0.2047
117.5;0.1914;0.1864;0.0585;0.0000;50;48;-0.0037;-0.0129;-0.0026;-0.0029;-0.0010;0.0000;0.2047
118.0;0.1932;0.1873;0.0410;0.0000;48;48;-0.0037;-0.0158;-0.0026;-0.0020;-0.0010;0.0000;0.2047
118.5;0.1946;0.1882;0.0420;0.0000;48;48;-0.0037;-0.0158;-0.0026;-0.0020;-0.0010;0.0000;0.2047
119.0;0.1955;0.1891;0.0320;0.0000;48;48;-0.0012;-0.0158;-0.0026;-0.0020;-0.0010;0.0000;0.2047
119.5;0.1973;0.1905;0.0385;0.0000;48;46;-0.0037;-0.0188;-0.0026;-0.0020;-0.0010;0.0000;0.2047
120.0;0.1983;0.1914;0.0420;0.0000;48;46;-0.0037;-0.0188;-0.0026;-0.0020;-0.0010;0.0000;0.2126
120.5;0.1992;0.1923;0.0415;0.0000;48;46;-0.0037;-0.0188;-0.0041;-0.0020;-0.0010;0.0000;0.2126
121.0;0.2005;0.1932;0.0520;0.0000;48;46;-0.0818;-0.0188;-0.0041;-0.0029;-0.0010;0.0000;0.2126
121.5;0.2015;0.1941;0.0555;0.0000;48;46;0.0745;-0.0188;-0.0041;-0.0029;-0.0010;0.0000;0.2126
122.0;0.2024;0.1951;0.0785;0.0000;48;46;-0.0037;-0.0188;-0.0041;-0.0039;-0.0010;0.0000;0.2126
122.5;0.2038;0.1964;0.0875;0.0000;50;46;-0.0818;-0.0188;-0.0041;-0.0039;-0.0010;0.0000;0.2126
123.0;0.2042;0.1973;0.0975;0.0000;50;46;-0.0037;-0.0188;-0.0041;-0.0049;-0.0010;0.0000;0.2126
123.5;0.2047;0.1983;0.0855;0.0000;50;48;-0.0037;-0.0158;-0.0041;-0.0039;-0.0010;0.0000;0.2126
124.0;0.2060;0.1992;0.0590;0.0000;50;48;-0.0037;-0.0173;-0.0041;-0.0029;-0.0010;0.0000;0.2126
124.5;0.2070;0.2001;0.0350;0.0000;50;48;-0.0037;-0.0173;-0.0041;-0.0020;-0.0010;0.0000;0.2126
125.0;0.2074;0.2015;0.0110;0.0000;50;50;-0.0012;-0.0158;-0.0041;-0.0010;-0.0010;0.0000;0.2126
125.5;0.2088;0.2024;-0.0060;0.0000;50;50;-0.0012;-0.0173;-0.0041;-0.0000;-0.0010;0.0000;0.2126
126.0;0.2097;0.2033;-0.0225;0.0000;50;50;-0.0012;-0.0173;-0.0041;-0.0000;-0.0010;0.0000;0.2126
126.5;0.2106;0.2042;-0.0175;0.0000;50;48;-0.0794;-0.0173;-0.0041;-0.0000;-0.0010;0.0000;0.2126
127.0;0.2120;0.2051;-0.0135;0.0000;50;50;0.0769;-0.0173;-0.0041;-0.0000;-0.0010;0.0000;0.2126
127.5;0.2134;0.2060;0.0030;0.0000;50;48;-0.0794;-0.0188;-0.0041;-0.0010;-0.0010;0.0000;0.2126
128.0;0.2147;0.2074;0.0110;0.0000;48;48;0.0769;-0.0188;-0.0041;-0.0010;-0.0010;0.0000;0.2126
128.5;0.2161;0.2083;0.0220;0.0000;48;48;-0.0794;-0.0202;-0.0041;-0.0010;-0.0010;0.0000;0.2126
129.0;0.2175;0.2092;0.0125;0.0000;48;48;0.0769;-0.0217;-0.0041;-0.0010;-0.0010;0.0000;0.2126
129.5;0.2184;0.2102;-0.0050;0.0000;48;48;-0.0012;-0.0217;-0.0041;-0.0000;-0.0010;0.0000;0.2126
130.0;0.2193;0.2111;-0.0205;0.0000;48;48;-0.0794;-0.0202;-0.0041;-0.0000;-0.0010;0.0000;0.2126
130.5;0.2212;0.2125;-0.0280;0.0000;48;48;-0.0012;-0.0231;-0.0056;0.0010;-0.0010;0.0000;0.2126
131.0;0.2221;0.2134;-0.0225;0.0000;48;48;-0.0012;-0.0217;-0.0056;-0.0000;-0.0010;0.0000;0.2126
131.5;0.2230;0.2143;-0.0280;0.0000;48;48;0.0769;-0.0217;-0.0056;0.0010;-0.0010;0.0000;0.2126
132.0;0.2234;0.2152;-0.0165;0.0000;48;48;-0.0012;-0.0202;-0.0056;-0.0000;-0.0010;0.0000;0.2126
132.5;0.2239;0.2161;-0.0245;0.0000;50;48;-0.0794;-0.0202;-0.0056;0.0010;-0.0010;0.0000;0.2126
133.0;0.2248;0.2175;-0.0090;0.0000;50;50;0.0769;-0.0202;-0.0056;-0.0000;-0.0010;0.0000;0.2126
133.5;0.2257;0.2184;-0.0040;0.0000;50;50;-0.0794;-0.0202;-0.0056;-0.0000;-0.0010;0.0000;0.2126
134.0;0.2271;0.2193;-0.0075;0.0000;50;50;0.0769;-0.0202;-0.0056;-0.0000;-0.0010;0.0000;0.2126
134.5;0.2280;0.2202;-0.0230;0.0000;50;50;-0.0794;-0.0202;-0.0056;-0.0000;-0.0010;0.0000;0.2126
135.0;0.2289;0.2212;-0.0555;0.0000;48;50;0.0794;-0.0202;-0.0056;0.0020;-0.0010;0.0000;0.2126
135.5;0.2303;0.2221;-0.0540;0.0000;50;50;-0.0769;-0.0202;-0.0056;0.0020;-0.0010;0.0000;0.2126
136.0;0.2312;0.2234;-0.0730;0.0000;48;50;0.0794;-0.0202;-0.0056;0.0029;-0.0010;0.0000;0.2126
136.5;0.2321;0.2244;-0.0635;0.0000;50;50;-0.0769;-0.0202;-0.0056;0.0020;-0.0010;0.0000;0.2126
137.0;0.2331;0.2253;-0.0735;0.0000;48;50;0.0794;-0.0202;-0.0056;0.0029;-0.0010;0.0000;0.2126
137.5;0.2344;0.2262;-0.0520;0.0000;50;50;-0.0769;-0.0202;-0.0056;0.0020;-0.0010;0.0000;0.2126
138.0;0.2344;0.2271;-0.0490;0.0000;50;50;0.0794;-0.0188;-0.0056;0.0020;-0.0010;0.0000;0.2126
138.5;0.2349;0.2285;-0.0330;0.0000;52;50;-0.0794;-0.0173;-0.0056;0.0010;-0.0010;0.0000;0.2126
139.0;0.2363;0.2294;-0.0335;0.0000;50;50;-0.0012;-0.0188;-0.0056;0.0010;-0.0010;0.0000;0.2126
139.5;0.2367;0.2303;-0.0350;0.0000;52;50;-0.0012;-0.0173;-0.0056;0.0010;-0.0010;0.0000;0.2126
140.0;0.2372;0.2312;-0.0490;0.0000;52;52;0.0794;-0.0158;-0.0056;0.0020;-0.0010;0.0000;0.2126
140.5;0.2372;0.2321;-0.0855;0.0000;52;54;0.0012;-0.0129;-0.0070;0.0029;-0.0010;0.0000;0.2126
141.0;0.2381;0.2331;-0.0850;0.0000;52;54;0.0012;-0.0129;-0.0070;0.0029;-0.0010;0.0000;0.2126
141.5;0.2386;0.2344;-0.1120;0.0000;52;54;0.0037;-0.0114;-0.0070;0.0039;-0.0010;0.0000;0.2126
142.0;0.2395;0.2353;-0.0975;0.0000;52;54;0.0012;-0.0114;-0.0070;0.0039;-0.0010;0.0000;0.2126
142.5;0.2399;0.2363;-0.0970;0.0000;52;54;-0.0769;-0.0100;-0.0070;0.0039;-0.0010;0.0000;0.2126
143.0;0.2404;0.2372;-0.0895;0.0000;54;56;0.0794;-0.0085;-0.0070;0.0029;-0.0010;0.0000;0.2126
143.5;0.2408;0.2381;-0.0970;0.0000;54;56;0.0794;-0.0070;-0.0070;0.0039;-0.0010;0.0000;0.2126
144.0;0.2413;0.2395;-0.0925;0.0000;54;56;-0.0769;-0.0056;-0.0070;0.0029;-0.0010;0.0000;0.2126
144.5;0.2422;0.2404;-0.0825;0.0000;54;56;0.0012;-0.0056;-0.0070;0.0029;-0.0010;0.0000;0.2126
145.0;0.2427;0.2413;-0.0800;0.0000;54;56;0.0794;-0.0041;-0.0070;0.0029;-0.0010;0.0000;0.2126
145.5;0.2436;0.2422;-0.0735;0.0000;54;56;-0.0769;-0.0041;-0.0070;0.0029;-0.0010;0.0000;0.2126
146.0;0.2445;0.2431;-0.0870;0.0000;54;56;0.0012;-0.0041;-0.0070;0.0029;-0.0010;0.0000;0.2126
146.5;0.2450;0.2440;-0.0620;0.0000;54;56;0.0794;-0.0026;-0.0070;0.0020;-0.0010;0.0000;0.2126
147.0;0.2454;0.2454;-0.0620;0.0000;56;56;-0.0769;-0.0012;-0.0070;0.0020;-0.0010;0.0000;0.2126
147.5;0.2468;0.2463;-0.0355;0.0000;56;56;0.0012;-0.0026;-0.0070;0.0010;-0.0010;0.0000;0.2126
148.0;0.2486;0.2473;-0.0410;0.0000;54;56;0.0012;-0.0041;-0.0070;0.0010;-0.0010;0.0000;0.2126
148.5;0.2500;0.2482;-0.0505;0.0000;54;54;-0.0769;-0.0041;-0.0070;0.0020;-0.0010;0.0000;0.2126
149.0;0.2509;0.2491;-0.0650;0.0000;54;54;0.0794;-0.0041;-0.0070;0.0020;-0.0010;0.0000;0.2126
149.5;0.2523;0.2505;-0.0645;0.0000;54;54;0.0012;-0.0056;-0.0070;0.0020;-0.0010;0.0000;0.2126
150.0;0.2537;0.2514;-0.0430;0.0000;52;54;0.0794;-0.0070;-0.0070;0.0010;-0.0010;0.0000;0.2126
150.5;0.2546;0.2523;-0.0580;0.0000;54;54;-0.0769;-0.0070;-0.0070;0.0020;-0.0010;0.0000;0.2126
151.0;0.2560;0.2532;-0.0410;0.0000;54;54;0.0012;-0.0070;-0.0070;0.0010;-0.0010;0.0000;0.2126
151.5;0.2578;0.2541;-0.0590;0.0000;52;54;0.0012;-0.0100;-0.0070;0.0020;-0.0010;0.0000;0.2126
152.0;0.2596;0.2555;-0.0545;0.0000;52;52;0.0012;-0.0114;-0.0070;0.0020;-0.0010;0.0000;0.2126
152.5;0.2610;0.2564;-0.0760;0.0000;52;52;-0.0769;-0.0129;-0.0070;0.0029;-0.0010;0.0000;0.2126
153.0;0.2624;0.2573;-0.0740;0.0000;50;52;0.0794;-0.0129;-0.0070;0.0029;-0.0010;0.0000;0.2126
153.5;0.2637;0.2582;-0.0915;0.0000;50;52;0.0012;-0.0144;-0.0070;0.0029;-0.0010;0.0000;0.2126
154.0;0.2651;0.2592;-0.1125;0.0000;50;52;0.0037;-0.0158;-0.0070;0.0039;-0.0010;0.0000;0.2126
154.5;0.2665;0.2601;-0.1265;0.0000;50;52;-0.0745;-0.0158;-0.0070;0.0049;-0.0010;0.0000;0.2126
155.0;0.2674;0.2614;-0.1285;0.0000;50;52;0.0818;-0.0158;-0.0070;0.0049;-0.0010;0.0000;0.2126
155.5;0.2683;0.2624;-0.1035;0.0000;50;52;0.0037;-0.0158;-0.0070;0.0039;-0.0010;0.0000;0.2126
156.0;0.2692;0.2633;-0.1085;0.0000;52;52;-0.0769;-0.0158;-0.0070;0.0039;-0.0010;0.0000;0.2126
156.5;0.2706;0.2642;-0.0885;0.0000;52;52;0.0012;-0.0158;-0.0070;0.0029;-0.0010;0.0000;0.2126
157.0;0.2720;0.2651;-0.0910;0.0000;50;52;0.0012;-0.0173;-0.0070;0.0029;-0.0010;0.0000;0.2126
157.5;0.2729;0.2665;-0.0700;0.0000;50;52;0.0794;-0.0173;-0.0070;0.0020;-0.0010;0.0000;0.2205
158.0;0.2738;0.2674;-0.0775;0.0000;52;52;-0.0769;-0.0173;-0.0070;0.0029;-0.0010;0.0000;0.2205
158.5;0.2743;0.2683;-0.0550;0.0000;54;52;-0.0769;-0.0158;-0.0070;0.0020;-0.0010;0.0000;0.2205
159.0;0.2747;0.2692;-0.0465;0.0000;54;54;0.0012;-0.0144;-0.0070;0.0010;-0.0010;0.0000;0.2205
159.5;0.2761;0.2701;-0.0605;0.0000;54;54;0.0012;-0.0158;-0.0085;0.0020;-0.0010;0.0000;0.2205
160.0;0.2761;0.2711;-0.0685;0.0000;54;54;0.0012;-0.0129;-0.0085;0.0020;-0.0010;0.0000;0.2205
160.5;0.2761;0.2724;-0.0905;0.0000;54;56;-0.0769;-0.0100;-0.0085;0.0029;-0.0010;0.0000;0.2205
161.0;0.2770;0.2734;-0.0885;0.0000;56;56;0.0012;-0.0100;-0.0085;0.0029;-0.0010;0.0000;0.2205
161.5;0.2779;0.2743;-0.1150;0.0000;56;56;0.0037;-0.0100;-0.0085;0.0039;-0.0010;0.0000;0.2205
162.0;0.2793;0.2752;-0.1110;0.0000;54;56;0.0037;-0.0100;-0.0085;0.0039;-0.0000;0.0000;0.2205
162.5;0.2807;0.2761;-0.1225;0.0000;54;56;0.0037;-0.0114;-0.0085;0.0049;-0.0000;0.0000;0.2205
163.0;0.2816;0.2775;-0.1120;0.0000;54;54;-0.0745;-0.0114;-0.0085;0.0039;-0.0000;0.0000;0.2205
163.5;0.2825;0.2784;-0.1000;0.0000;54;54;0.0012;-0.0114;-0.0085;0.0039;-0.0000;0.0000;0.2205
164.0;0.2839;0.2793;-0.0910;0.0000;54;54;0.0012;-0.0129;-0.0085;0.0029;-0.0000;0.0000;0.2205
164.5;0.2848;0.2802;-0.0840;0.0000;54;54;0.0794;-0.0114;-0.0085;0.0029;-0.0000;0.0000;0.2205
165.0;0.2857;0.2811;-0.1035;0.0000;54;56;0.0012;-0.0114;-0.0085;0.0039;-0.0000;0.0000;0.2205
165.5;0.2862;0.2821;-0.1070;0.0000;54;56;0.0818;-0.0114;-0.0085;0.0039;-0.0000;0.0000;0.2205
166.0;0.2871;0.2834;-0.1300;0.0000;54;56;0.0037;-0.0114;-0.0085;0.0049;-0.0000;0.0000;0.2205
166.5;0.2885;0.2843;-0.1235;0.0000;54;56;0.0037;-0.0114;-0.0085;0.0049;-0.0000;0.0000;0.2205
167.0;0.2898;0.2853;-0.1445;0.0000;54;56;0.0037;-0.0114;-0.0085;0.0059;-0.0000;0.0000;0.2205
167.5;0.2912;0.2862;-0.1400;0.0000;52;56;0.0037;-0.0129;-0.0085;0.0059;-0.0000;0.0000;0.2205
168.0;0.2926;0.2871;-0.1645;0.0000;52;56;0.0037;-0.0129;-0.0085;0.0068;-0.0000;0.0000;0.2205
168.5;0.2930;0.2885;-0.1640;0.0000;54;56;-0.0745;-0.0129;-0.0085;0.0068;-0.0000;0.0000;0.2205
169.0;0.2949;0.2894;-0.1545;0.0000;52;56;0.0818;-0.0144;-0.0085;0.0059;-0.0000;0.0000;0.2205
169.5;0.2962;0.2903;-0.1505;0.0000;52;56;0.0037;-0.0158;-0.0085;0.0059;-0.0000;0.0000;0.2205
170.0;0.2981;0.2912;-0.1360;0.0000;52;54;0.0037;-0.0173;-0.0085;0.0049;-0.0000;0.0000;0.2205
170.5;0.2995;0.2921;-0.1385;0.0000;52;54;0.0037;-0.0188;-0.0085;0.0049;-0.0000;0.0000;0.2205
171.0;0.3008;0.2935;-0.1060;0.0000;52;54;0.0037;-0.0202;-0.0085;0.0039;-0.0000;0.0000;0.2205
171.5;0.3013;0.2944;-0.0990;0.0000;52;54;0.0012;-0.0188;-0.0085;0.0039;-0.0000;0.0000;0.2205
172.0;0.3017;0.2953;-0.0685;0.0000;54;54;0.0012;-0.0173;-0.0085;0.0020;-0.0000;0.0000;0.2205
172.5;0.3013;0.2962;-0.0540;0.0000;54;56;0.0794;-0.0129;-0.0085;0.0020;-0.0000;0.0000;0.2205
173.0;0.3017;0.2972;-0.0280;0.0000;56;58;-0.0012;-0.0114;-0.0085;0.0010;-0.0000;0.0000;0.2205
173.5;0.3022;0.2981;-0.0260;0.0000;56;58;-0.0012;-0.0100;-0.0085;0.0010;-0.0000;0.0000;0.2205
174.0;0.3027;0.2995;-0.0225;0.0000;56;58;-0.0794;-0.0100;-0.0085;-0.0000;-0.0000;0.0000;0.2205
174.5;0.3031;0.3004;-0.0020;0.0000;58;58;0.0769;-0.0070;-0.0085;-0.0000;-0.0000;0.0000;0.2205
175.0;0.3045;0.3013;-0.0045;0.0000;58;58;-0.0794;-0.0085;-0.0100;-0.0000;-0.0000;0.0000;0.2205
175.5;0.3054;0.3022;0.0010;0.0000;58;58;-0.0012;-0.0085;-0.0100;-0.0010;-0.0000;0.0000;0.2205
176.0;0.3072;0.3031;-0.0210;0.0000;56;58;0.0769;-0.0114;-0.0100;-0.0000;-0.0000;0.0000;0.2205
176.5;0.3091;0.3045;-0.0170;0.0000;56;56;-0.0012;-0.0129;-0.0100;-0.0000;-0.0000;0.0000;0.2205
177.0;0.3104;0.3054;-0.0355;0.0000;54;56;0.0012;-0.0129;-0.0100;0.0010;-0.0000;0.0000;0.2205
177.5;0.3118;0.3063;-0.0285;0.0000;54;56;-0.0012;-0.0144;-0.0100;0.0010;-0.0000;0.0000;0.2205
178.0;0.3127;0.3072;-0.0330;0.0000;54;56;-0.0012;-0.0144;-0.0100;0.0010;-0.0000;0.0000;0.2205
178.5;0.3141;0.3082;-0.0390;0.0000;54;56;0.0012;-0.0144;-0.0100;0.0010;-0.0000;0.0000;0.2205
179.0;0.3150;0.3091;-0.0435;0.0000;54;56;0.0012;-0.0144;-0.0100;0.0010;-0.0000;0.0000;0.2205
179.5;0.3159;0.3104;-0.0405;0.0000;54;56;0.0012;-0.0144;-0.0100;0.0010;-0.0000;0.0000;0.2205
180.0;0.3178;0.3114;-0.0310;0.0000;54;56;0.0769;-0.0158;-0.0100;0.0010;-0.0000;0.0000;0.2205
180.5;0.3191;0.3123;-0.0280;0.0000;54;56;-0.0012;-0.0173;-0.0100;0.0010;-0.0000;0.0000;0.2205
181.0;0.3201;0.3132;-0.0135;0.0000;54;54;-0.0012;-0.0173;-0.0100;-0.0000;-0.0000;0.0000;0.2205
181.5;0.3210;0.3141;-0.0195;0.0000;54;54;-0.0012;-0.0173;-0.0100;-0.0000;-0.0000;0.0000;0.2205
182.0;0.3219;0.3155;0.0005;0.0000;54;56;-0.0012;-0.0173;-0.0100;-0.0010;-0.0000;0.0000;0.2205
182.5;0.3228;0.3164;-0.0050;0.0000;54;56;-0.0012;-0.0173;-0.0100;-0.0000;-0.0000;0.0000;0.2205
183.0;0.3237;0.3173;0.0070;0.0000;56;56;0.0769;-0.0158;-0.0100;-0.0010;-0.0000;0.0000;0.2205
183.5;0.3242;0.3182;0.0165;0.0000;56;56;-0.0012;-0.0158;-0.0100;-0.0010;-0.0000;0.0000;0.2205
184.0;0.3251;0.3191;0.0125;0.0000;56;56;-0.0012;-0.0144;-0.0100;-0.0010;-0.0000;0.0000;0.2205
184.5;0.3265;0.3201;0.0185;0.0000;56;56;-0.0794;-0.0158;-0.0100;-0.0010;-0.0000;0.0000;0.2205
185.0;0.3283;0.3214;0.0140;0.0000;54;56;0.0769;-0.0173;-0.0100;-0.0010;-0.0000;0.0000;0.2205
185.5;0.3297;0.3223;0.0200;0.0000;54;54;-0.0012;-0.0188;-0.0100;-0.0010;-0.0000;0.0000;0.2205
186.0;0.3306;0.3233;0.0080;0.0000;54;54;-0.0012;-0.0188;-0.0100;-0.0010;-0.0000;0.0000;0.2205
186.5;0.3320;0.3242;0.0260;0.0000;54;54;0.0769;-0.0202;-0.0100;-0.0020;-0.0000;0.0000;0.2205
187.0;0.3333;0.3251;0.0305;0.0000;54;54;-0.0012;-0.0217;-0.0114;-0.0020;-0.0000;0.0000;0.2205
187.5;0.3352;0.3265;0.0385;0.0000;54;54;-0.0818;-0.0231;-0.0114;-0.0020;-0.0000;0.0000;0.2205
188.0;0.3361;0.3274;0.0390;0.0000;54;54;-0.0037;-0.0231;-0.0114;-0.0020;-0.0000;0.0000;0.2205
188.5;0.3379;0.3283;0.0465;0.0000;54;54;0.0745;-0.0246;-0.0114;-0.0029;-0.0000;0.0000;0.2205
189.0;0.3397;0.3292;0.0505;0.0000;52;52;-0.0818;-0.0261;-0.0114;-0.0029;-0.0000;0.0000;0.2205
189.5;0.3416;0.3301;0.0360;0.0000;52;52;0.0769;-0.0290;-0.0114;-0.0020;-0.0000;0.0000;0.2205
190.0;0.3429;0.3310;0.0330;0.0000;52;52;-0.0012;-0.0305;-0.0114;-0.0020;-0.0000;0.0000;0.2205
190.5;0.3439;0.3324;0.0185;0.0000;52;52;-0.0012;-0.0305;-0.0114;-0.0010;-0.0000;0.0000;0.2205
191.0;0.3452;0.3333;0.0320;0.0000;52;52;0.0769;-0.0319;-0.0114;-0.0020;-0.0000;0.0000;0.2205
191.5;0.3462;0.3342;0.0330;0.0000;52;52;-0.0012;-0.0305;-0.0114;-0.0020;-0.0000;0.0000;0.2205
192.0;0.3471;0.3352;0.0430;0.0000;52;52;-0.0037;-0.0305;-0.0114;-0.0020;-0.0000;0.0000;0.2205
192.5;0.3480;0.3361;0.0415;0.0000;52;54;0.0745;-0.0305;-0.0114;-0.0020;-0.0000;0.0000;0.2205
193.0;0.3494;0.3375;0.0470;0.0000;52;52;-0.0818;-0.0319;-0.0114;-0.0029;-0.0000;0.0000;0.2205
193.5;0.3512;0.3384;0.0450;0.0000;52;52;0.0745;-0.0334;-0.0129;-0.0020;-0.0000;0.0000;0.2205
194.0;0.3526;0.3393;0.0615;0.0000;52;52;-0.0037;-0.0334;-0.0129;-0.0029;-0.0000;0.0000;0.2205
194.5;0.3530;0.3402;0.0790;0.0000;52;52;-0.0037;-0.0334;-0.0129;-0.0039;-0.0000;0.0000;0.2205
195.0;0.3549;0.3411;0.0800;0.0000;52;52;-0.0037;-0.0349;-0.0129;-0.0039;-0.0000;0.0000;0.2283
195.5;0.3562;0.3425;0.0850;0.0000;52;52;-0.0037;-0.0349;-0.0129;-0.0039;-0.0000;0.0000;0.2283
196.0;0.3567;0.3434;0.0855;0.0000;52;52;-0.0037;-0.0349;-0.0129;-0.0039;-0.0000;0.0000;0.2283
196.5;0.3576;0.3443;0.1040;0.0000;52;52;0.0745;-0.0349;-0.0129;-0.0049;-0.0000;0.0000;0.2283
197.0;0.3590;0.3452;0.1055;0.0000;52;52;-0.0842;-0.0349;-0.0129;-0.0049;-0.0000;0.0000;0.2283
197.5;0.3599;0.3462;0.1220;0.0000;54;52;-0.0061;-0.0349;-0.0129;-0.0059;-0.0000;0.0000;0.2283
198.0;0.3603;0.3471;0.1085;0.0000;54;52;-0.0061;-0.0334;-0.0129;-0.0049;-0.0000;0.0000;0.2283
198.5;0.3603;0.3484;0.1125;0.0000;54;54;-0.0842;-0.0305;-0.0129;-0.0049;-0.0000;0.0000;0.2283
199.0;0.3613;0.3494;0.1175;0.0000;56;54;0.0720;-0.0305;-0.0129;-0.0059;-0.0000;0.0000;0.2283
199.5;0.3613;0.3503;0.1320;0.0000;56;54;-0.0061;-0.0290;-0.0144;-0.0059;-0.0000;0.0000;0.2283
200.0;0.3617;0.3512;0.1400;0.0000;58;56;-0.0061;-0.0261;-0.0144;-0.0068;-0.0000;0.0000;0.2283
200.5;0.3622;0.3521;0.1485;0.0000;58;56;-0.0061;-0.0261;-0.0144;-0.0068;-0.0000;0.0000;0.2283
201.0;0.3622;0.3535;0.1540;0.0000;58;56;-0.0061;-0.0231;-0.0144;-0.0068;-0.0000;0.0000;0.2283
201.5;0.3631;0.3544;0.1585;0.0000;58;56;0.0720;-0.0231;-0.0144;-0.0068;-0.0000;0.0000;0.2283
202.0;0.3640;0.3553;0.1730;0.0000;58;56;-0.0867;-0.0231;-0.0144;-0.0078;-0.0000;0.0000;0.2283
202.5;0.3654;0.3562;0.1710;0.0000;58;56;0.0720;-0.0231;-0.0144;-0.0078;-0.0000;0.0000;0.2283
203.0;0.3658;0.3571;0.1745;0.0000;58;56;-0.0085;-0.0231;-0.0144;-0.0078;-0.0000;0.0000;0.2283
203.5;0.3672;0.3581;0.1565;0.0000;58;56;0.0720;-0.0231;-0.0144;-0.0068;-0.0010;0.0000;0.2283
204.0;0.3681;0.3594;0.1450;0.0000;58;56;-0.0842;-0.0231;-0.0144;-0.0068;-0.0010;0.0000;0.2283
204.5;0.3686;0.3603;0.1325;0.0000;58;56;-0.0061;-0.0217;-0.0144;-0.0059;-0.0010;0.0000;0.2283
205.0;0.3695;0.3613;0.1210;0.0000;58;58;0.0720;-0.0217;-0.0144;-0.0059;-0.0010;0.0000;0.2283
205.5;0.3713;0.3622;0.1105;0.0000;56;56;-0.0061;-0.0231;-0.0144;-0.0049;-0.0010;0.0000;0.2283
206.0;0.3723;0.3631;0.0830;0.0000;56;56;-0.0037;-0.0231;-0.0144;-0.0039;-0.0010;0.0000;0.2283
206.5;0.3736;0.3645;0.0955;0.0000;56;56;-0.0818;-0.0231;-0.0144;-0.0049;-0.0010;0.0000;0.2283
207.0;0.3745;0.3654;0.0750;0.0000;56;56;0.0745;-0.0246;-0.0158;-0.0039;-0.0010;0.0000;0.2283
207.5;0.3755;0.3663;0.0780;0.0000;56;56;-0.0037;-0.0231;-0.0158;-0.0039;-0.0010;0.0000;0.2283
208.0;0.3759;0.3672;0.0785;0.0000;56;56;0.0745;-0.0231;-0.0158;-0.0039;-0.0010;0.0000;0.2283
208.5;0.3773;0.3681;0.0915;0.0000;58;56;-0.0818;-0.0231;-0.0158;-0.0039;-0.0010;0.0000;0.2283
209.0;0.3782;0.3690;0.0835;0.0000;56;56;0.0745;-0.0231;-0.0158;-0.0039;-0.0010;0.0000;0.2283
209.5;0.3796;0.3704;0.0860;0.0000;58;56;-0.0818;-0.0231;-0.0158;-0.0039;-0.0010;0.0000;0.2283
210.0;0.3805;0.3713;0.0975;0.0000;56;56;0.0745;-0.0246;-0.0158;-0.0049;-0.0010;0.0000;0.2283
210.5;0.3810;0.3723;0.1050;0.0000;58;56;-0.0061;-0.0231;-0.0158;-0.0049;-0.0010;0.0000;0.2283
211.0;0.3819;0.3732;0.1075;0.0000;58;58;0.0745;-0.0217;-0.0158;-0.0049;-0.0010;0.0000;0.2283
211.5;0.3819;0.3741;0.1015;0.0000;58;58;-0.0037;-0.0202;-0.0158;-0.0049;-0.0010;0.0000;0.2283
212.0;0.3823;0.3755;0.1085;0.0000;58;58;0.0745;-0.0188;-0.0158;-0.0049;-0.0010;0.0000;0.2283
212.5;0.3832;0.3764;0.1025;0.0000;58;60;0.0745;-0.0173;-0.0158;-0.0049;-0.0010;0.0000;0.2283
213.0;0.3832;0.3773;0.1025;0.0000;60;60;-0.0037;-0.0158;-0.0158;-0.0049;-0.0010;0.0000;0.2283
213.5;0.3837;0.3782;0.0890;0.0000;60;60;-0.0037;-0.0144;-0.0158;-0.0039;-0.0010;0.0000;0.2283
214.0;0.3837;0.3791;0.0760;0.0000;62;62;-0.0037;-0.0114;-0.0158;-0.0039;-0.0010;0.0000;0.2283
214.5;0.3846;0.3805;0.0660;0.0000;62;62;-0.0037;-0.0114;-0.0158;-0.0029;-0.0010;0.0000;0.2283
215.0;0.3855;0.3814;0.0640;0.0000;60;62;0.0745;-0.0114;-0.0158;-0.0029;-0.0010;0.0000;0.2283
215.5;0.3869;0.3823;0.0650;0.0000;62;60;-0.0818;-0.0114;-0.0158;-0.0029;-0.0010;0.0000;0.2283
216.0;0.3878;0.3832;0.0740;0.0000;60;60;0.0745;-0.0129;-0.0158;-0.0039;-0.0010;0.0000;0.2283
216.5;0.3883;0.3842;0.0735;0.0000;62;60;-0.0037;-0.0100;-0.0158;-0.0039;-0.0010;0.0000;0.2283
217.0;0.3892;0.3851;0.0650;0.0000;60;60;-0.0037;-0.0114;-0.0158;-0.0029;-0.0010;0.0000;0.2283
217.5;0.3897;0.3864;0.0580;0.0000;62;62;0.0745;-0.0100;-0.0158;-0.0029;-0.0010;0.0000;0.2283
218.0;0.3906;0.3874;0.0500;0.0000;62;62;-0.0818;-0.0085;-0.0158;-0.0029;-0.0010;0.0000;0.2283
218.5;0.3910;0.3883;0.0575;0.0000;62;62;0.0745;-0.0085;-0.0158;-0.0029;-0.0010;0.0000;0.2283
219.0;0.3910;0.3892;0.0505;0.0000;64;62;-0.0037;-0.0056;-0.0173;-0.0029;-0.0010;0.0000;0.2283
219.5;0.3915;0.3901;0.0425;0.0000;64;64;-0.0037;-0.0041;-0.0173;-0.0020;-0.0010;0.0000;0.2283
220.0;0.3919;0.3915;0.0365;0.0000;64;64;0.0769;-0.0026;-0.0173;-0.0020;-0.0010;0.0000;0.2283
220.5;0.3924;0.3924;0.0235;0.0000;64;64;-0.0794;-0.0012;-0.0173;-0.0020;-0.0010;0.0000;0.2283
221.0;0.3924;0.3933;0.0105;0.0000;64;65;-0.0012;0.0018;-0.0173;-0.0010;-0.0010;0.0000;0.2283
221.5;0.3933;0.3942;0.0000;0.0000;64;65;-0.0012;0.0018;-0.0173;-0.0010;-0.0010;0.0000;0.2283
222.0;0.3947;0.3951;-0.0060;0.0000;64;65;0.0769;0.0018;-0.0158;-0.0000;-0.0010;0.0000;0.2283
222.5;0.3961;0.3961;-0.0165;0.0000;64;64;-0.0012;0.0003;-0.0158;-0.0000;-0.0010;0.0000;0.2283
223.0;0.3965;0.3974;-0.0220;0.0000;64;64;-0.0012;0.0003;-0.0158;-0.0000;-0.0010;0.0000;0.2283
223.5;0.3979;0.3984;-0.0395;0.0000;62;64;0.0012;0.0003;-0.0158;0.0010;-0.0010;0.0000;0.2283
224.0;0.3997;0.3993;-0.0375;0.0000;62;64;0.0012;-0.0026;-0.0158;0.0010;-0.0010;0.0000;0.2283
224.5;0.4011;0.4002;-0.0430;0.0000;62;64;0.0794;-0.0026;-0.0173;0.0010;-0.0010;0.0000;0.2283
225.0;0.4025;0.4011;-0.0480;0.0000;60;64;0.0794;-0.0041;-0.0173;0.0020;-0.0010;0.0000;0.2283
225.5;0.4034;0.4025;-0.0545;0.0000;62;64;-0.0769;-0.0041;-0.0173;0.0020;-0.0010;0.0000;0.2283
226.0;0.4043;0.4034;-0.0600;0.0000;62;64;0.0794;-0.0026;-0.0173;0.0020;-0.0010;0.0000;0.2283
226.5;0.4052;0.4043;-0.0615;0.0000;62;64;-0.0769;-0.0026;-0.0173;0.0020;-0.0010;0.0000;0.2283
227.0;0.4066;0.4052;-0.0645;0.0000;62;64;0.0012;-0.0041;-0.0173;0.0020;-0.0010;0.0000;0.2283
227.5;0.4075;0.4061;-0.0620;0.0000;62;64;0.0794;-0.0041;-0.0173;0.0020;-0.0010;0.0000;0.2283
228.0;0.4084;0.4071;-0.0630;0.0000;62;64;0.0794;-0.0041;-0.0173;0.0020;-0.0010;0.0000;0.2283
228.5;0.4098;0.4084;-0.0620;0.0000;62;64;0.0012;-0.0041;-0.0173;0.0020;-0.0010;0.0000;0.2283
229.0;0.4116;0.4093;-0.0745;0.0000;60;64;0.0012;-0.0070;-0.0173;0.0029;-0.0010;0.0000;0.2283
229.5;0.4130;0.4103;-0.0745;0.0000;60;64;0.0794;-0.0070;-0.0173;0.0029;-0.0010;0.0000;0.2283
230.0;0.4148;0.4112;-0.0760;0.0000;60;62;0.0012;-0.0085;-0.0173;0.0029;-0.0010;0.0000;0.2283
230.5;0.4158;0.4121;-0.0845;0.0000;60;62;-0.0769;-0.0100;-0.0173;0.0029;-0.0010;0.0000;0.2283
231.0;0.4162;0.4135;-0.0910;0.0000;60;62;0.0012;-0.0070;-0.0173;0.0029;-0.0010;0.0000;0.2283
231.5;0.4171;0.4144;-0.0950;0.0000;60;64;0.1575;-0.0070;-0.0173;0.0039;-0.0010;0.0000;0.2283
232.0;0.4185;0.4153;-0.0950;0.0000;60;64;0.0012;-0.0085;-0.0173;0.0039;-0.0010;0.0000;0.2283
232.5;0.4194;0.4162;-0.1005;0.0000;60;64;-0.0769;-0.0085;-0.0173;0.0039;-0.0010;0.0000;0.2362
233.0;0.4208;0.4171;-0.0875;0.0000;60;64;0.0012;-0.0100;-0.0173;0.0029;-0.0010;0.0000;0.2362
233.5;0.4217;0.4185;-0.0900;0.0000;60;64;0.0794;-0.0100;-0.0173;0.0029;-0.0010;0.0000;0.2362
234.0;0.4231;0.4194;-0.0780;0.0000;60;62;0.0012;-0.0100;-0.0173;0.0029;-0.0010;0.0000;0.2362
234.5;0.4240;0.4203;-0.0765;0.0000;60;62;-0.0769;-0.0100;-0.0173;0.0029;-0.0010;0.0000;0.2362
235.0;0.4254;0.4212;-0.0630;0.0000;60;62;0.0012;-0.0100;-0.0173;0.0020;-0.0010;0.0000;0.2362
235.5;0.4263;0.4222;-0.0525;0.0000;62;62;0.0794;-0.0100;-0.0173;0.0020;-0.0010;0.0000;0.2362
236.0;0.4272;0.4231;-0.0410;0.0000;62;62;0.0012;-0.0114;-0.0173;0.0010;-0.0010;0.0000;0.2362
236.5;0.4290;0.4245;-0.0225;0.0000;60;62;-0.0012;-0.0129;-0.0173;-0.0000;-0.0010;0.0000;0.2362
237.0;0.4299;0.4254;-0.0045;0.0000;60;62;0.0769;-0.0129;-0.0173;-0.0000;-0.0010;0.0000;0.2362
237.5;0.4313;0.4263;0.0110;0.0000;60;62;-0.0794;-0.0129;-0.0173;-0.0010;-0.0010;0.0000;0.2362
238.0;0.4322;0.4272;0.0165;0.0000;60;62;0.0769;-0.0129;-0.0173;-0.0010;-0.0010;0.0000;0.2362
238.5;0.4332;0.4281;0.0380;0.0000;62;62;-0.0037;-0.0129;-0.0173;-0.0020;-0.0010;0.0000;0.2362
239.0;0.4341;0.4295;0.0435;0.0000;62;62;0.0745;-0.0129;-0.0173;-0.0020;-0.0010;0.0000;0.2362
239.5;0.4350;0.4304;0.0460;0.0000;62;62;-0.0037;-0.0129;-0.0173;-0.0020;-0.0010;0.0000;0.2362
240.0;0.4364;0.4313;0.0460;0.0000;62;62;-0.0037;-0.0144;-0.0173;-0.0020;-0.0010;0.0000;0.2362
240.5;0.4377;0.4322;0.0480;0.0000;62;62;-0.0037;-0.0144;-0.0173;-0.0029;-0.0010;0.0000;0.2362
241.0;0.4386;0.4332;0.0445;0.0000;60;62;0.0745;-0.0144;-0.0173;-0.0020;-0.0010;0.0000;0.2362
241.5;0.4391;0.4341;0.0415;0.0000;62;62;0.0745;-0.0129;-0.0173;-0.0020;-0.0010;0.0000;0.2362
242.0;0.4400;0.4354;0.0540;0.0000;62;64;-0.0037;-0.0129;-0.0173;-0.0029;-0.0010;0.0000;0.2362
242.5;0.4414;0.4364;0.0540;0.0000;62;62;-0.0037;-0.0129;-0.0173;-0.0029;-0.0010;0.0000;0.2362
243.0;0.4428;0.4373;0.0580;0.0000;62;62;-0.0037;-0.0144;-0.0173;-0.0029;-0.0010;0.0000;0.2362
243.5;0.4441;0.4382;0.0670;0.0000;62;62;-0.0037;-0.0144;-0.0173;-0.0029;-0.0010;0.0000;0.2362
244.0;0.4446;0.4391;0.0765;0.0000;62;62;0.0745;-0.0144;-0.0173;-0.0039;-0.0010;0.0000;0.2362
244.5;0.4460;0.4405;0.0810;0.0000;62;62;-0.0037;-0.0144;-0.0188;-0.0039;-0.0010;0.0000;0.2362
245.0;0.4469;0.4414;0.0845;0.0000;62;62;-0.0037;-0.0158;-0.0188;-0.0039;-0.0010;0.0000;0.2362
245.5;0.4483;0.4423;0.0895;0.0000;62;62;-0.0037;-0.0158;-0.0188;-0.0039;-0.0010;0.0000;0.2362
246.0;0.4496;0.4432;0.0900;0.0000;62;62;-0.0037;-0.0173;-0.0188;-0.0039;-0.0010;0.0000;0.2362
246.5;0.4505;0.4441;0.0915;0.0000;62;62;0.0745;-0.0158;-0.0188;-0.0039;-0.0010;0.0000;0.2362
247.0;0.4505;0.4451;0.0885;0.0000;62;64;0.1526;-0.0144;-0.0188;-0.0039;-0.0010;0.0000;0.2362
247.5;0.4515;0.4464;0.0890;0.0000;64;64;-0.0037;-0.0129;-0.0188;-0.0039;-0.0010;0.0000;0.2362
248.0;0.4524;0.4473;0.0855;0.0000;64;64;-0.0037;-0.0129;-0.0188;-0.0039;-0.0010;0.0000;0.2362
248.5;0.4533;0.4483;0.0880;0.0000;64;64;-0.0037;-0.0129;-0.0188;-0.0039;-0.0010;0.0000;0.2362
249.0;0.4542;0.4492;0.0855;0.0000;64;64;-0.0037;-0.0129;-0.0188;-0.0039;-0.0010;0.0000;0.2362
249.5;0.4556;0.4501;0.0865;0.0000;64;64;-0.0037;-0.0144;-0.0188;-0.0039;-0.0010;0.0000;0.2362
250.0;0.4570;0.4515;0.0975;0.0000;64;62;-0.0037;-0.0144;-0.0188;-0.0049;-0.0010;0.0000;0.2362
250.5;0.4579;0.4524;0.0960;0.0000;64;62;-0.0037;-0.0158;-0.0188;-0.0049;-0.0010;0.0000;0.2362
251.0;0.4592;0.4533;0.1000;0.0000;62;62;-0.0037;-0.0158;-0.0188;-0.0049;-0.0010;0.0000;0.2362
251.5;0.4606;0.4542;0.1060;0.0000;62;62;0.0745;-0.0158;-0.0188;-0.0049;-0.0010;0.0000;0.2362
252.0;0.4611;0.4551;0.1050;0.0000;64;62;-0.0842;-0.0158;-0.0188;-0.0049;-0.0010;0.0000;0.2362
252.5;0.4615;0.4560;0.0905;0.0000;62;62;0.1526;-0.0144;-0.0188;-0.0039;-0.0010;0.0000;0.2362
253.0;0.4615;0.4570;0.0865;0.0000;64;64;-0.0037;-0.0129;-0.0188;-0.0039;-0.0010;0.0000;0.2283
253.5;0.4615;0.4579;0.0780;0.0000;64;64;0.0745;-0.0100;-0.0188;-0.0039;-0.0010;0.0000;0.2283
254.0;0.4615;0.4588;0.0795;0.0000;65;65;-0.0037;-0.0070;-0.0188;-0.0039;-0.0010;0.0000;0.2283
254.5;0.4620;0.4597;0.0785;0.0000;65;65;-0.0037;-0.0056;-0.0188;-0.0039;-0.0010;0.0000;0.2283
255.0;0.4625;0.4606;0.0845;0.0000;65;65;-0.0037;-0.0056;-0.0188;-0.0039;-0.0010;0.0000;0.2283
255.5;0.4634;0.4615;0.0865;0.0000;65;65;-0.0037;-0.0056;-0.0188;-0.0039;-0.0010;0.0000;0.2283
256.0;0.4643;0.4625;0.1020;0.0000;65;64;-0.0037;-0.0056;-0.0188;-0.0049;-0.0010;0.0000;0.2283
256.5;0.4647;0.4634;0.1170;0.0000;65;64;-0.0061;-0.0056;-0.0188;-0.0059;-0.0010;0.0000;0.2283
257.0;0.4657;0.4643;0.1090;0.0000;65;64;-0.0061;-0.0041;-0.0188;-0.0049;-0.0010;0.0000;0.2283
257.5;0.4666;0.4647;0.1100;0.0000;65;64;-0.0061;-0.0041;-0.0188;-0.0049;-0.0010;0.0000;0.2283
258.0;0.4675;0.4657;0.1115;0.0000;65;64;-0.0061;-0.0056;-0.0188;-0.0049;-0.0010;0.0000;0.2283
258.5;0.4689;0.4666;0.1200;0.0000;64;62;0.0720;-0.0070;-0.0188;-0.0059;-0.0010;0.0000;0.2283
259.0;0.4702;0.4675;0.1175;0.0000;64;62;-0.0061;-0.0070;-0.0188;-0.0059;-0.0010;0.0000;0.2283
259.5;0.4712;0.4679;0.1235;0.0000;64;62;-0.0061;-0.0085;-0.0188;-0.0059;-0.0020;0.0000;0.2283
260.0;0.4725;0.4689;0.1115;0.0000;62;62;-0.0061;-0.0085;-0.0188;-0.0049;-0.0020;0.0000;0.2283
260.5;0.4730;0.4698;0.1135;0.0000;62;62;-0.0061;-0.0100;-0.0188;-0.0049;-0.0020;0.0000;0.2205
261.0;0.4748;0.4707;0.1170;0.0000;62;60;0.0720;-0.0114;-0.0188;-0.0059;-0.0020;0.0000;0.2205
261.5;0.4757;0.4712;0.1115;0.0000;60;60;-0.0061;-0.0129;-0.0188;-0.0049;-0.0020;0.0000;0.2205
262.0;0.4766;0.4721;0.1065;0.0000;60;60;-0.0061;-0.0129;-0.0188;-0.0049;-0.0020;0.0000;0.2205
262.5;0.4776;0.4730;0.1070;0.0000;60;60;-0.0061;-0.0129;-0.0202;-0.0049;-0.0020;0.0000;0.2205
263.0;0.4789;0.4734;0.1100;0.0000;60;60;0.0720;-0.0144;-0.0202;-0.0049;-0.0020;0.0000;0.2205
263.5;0.4799;0.4744;0.1090;0.0000;60;58;-0.0061;-0.0158;-0.0202;-0.0049;-0.0020;0.0000;0.2205
264.0;0.4803;0.4748;0.1310;0.0000;60;60;0.0720;-0.0144;-0.0202;-0.0059;-0.0020;0.0000;0.2205
264.5;0.4812;0.4757;0.1350;0.0000;60;58;-0.0842;-0.0144;-0.0202;-0.0059;-0.0020;0.0000;0.2205
265.0;0.4817;0.4762;0.1425;0.0000;60;58;-0.0061;-0.0144;-0.0202;-0.0068;-0.0020;0.0000;0.2205
265.5;0.4831;0.4771;0.1530;0.0000;60;58;0.0720;-0.0158;-0.0202;-0.0068;-0.0020;0.0000;0.2205
266.0;0.4840;0.4776;0.1635;0.0000;60;58;-0.0061;-0.0173;-0.0202;-0.0078;-0.0020;0.0000;0.2205
266.5;0.4844;0.4785;0.1795;0.0000;60;58;-0.0085;-0.0173;-0.0202;-0.0078;-0.0020;0.0000;0.2205
267.0;0.4853;0.4789;0.1895;0.0000;60;58;-0.0085;-0.0158;-0.0202;-0.0088;-0.0020;0.0000;0.2205
267.5;0.4863;0.4794;0.2015;0.0000;60;56;-0.0085;-0.0173;-0.0202;-0.0088;-0.0020;0.0000;0.2126
268.0;0.4863;0.4803;0.2130;0.0000;62;56;-0.0867;-0.0158;-0.0202;-0.0098;-0.0020;0.0000;0.2126
268.5;0.4867;0.4808;0.2190;0.0000;62;56;-0.0085;-0.0144;-0.0202;-0.0098;-0.0020;0.0000;0.2126
269.0;0.4867;0.4817;0.2235;0.0000;62;58;-0.0085;-0.0129;-0.0202;-0.0098;-0.0020;0.0000;0.2126
269.5;0.4867;0.4821;0.2235;0.0000;62;58;-0.0085;-0.0129;-0.0202;-0.0098;-0.0020;0.0000;0.2126
270.0;0.4867;0.4826;0.2290;0.0000;64;58;-0.0867;-0.0114;-0.0202;-0.0098;-0.0020;0.0000;0.2126
270.5;0.4867;0.4831;0.2240;0.0000;62;60;0.0696;-0.0100;-0.0202;-0.0098;-0.0020;0.0000;0.2126
271.0;0.4867;0.4840;0.2280;0.0000;64;60;-0.0085;-0.0085;-0.0202;-0.0098;-0.0020;0.0000;0.2126
271.5;0.4867;0.4844;0.2230;0.0000;64;60;-0.0085;-0.0070;-0.0202;-0.0098;-0.0020;0.0000;0.2126
272.0;0.4867;0.4849;0.2225;0.0000;64;60;-0.0085;-0.0056;-0.0202;-0.0098;-0.0020;0.0000;0.2126
272.5;0.4881;0.4853;0.2210;0.0000;64;60;-0.0085;-0.0070;-0.0202;-0.0098;-0.0020;0.0000;0.2126
273.0;0.4890;0.4858;0.2135;0.0000;62;58;-0.0085;-0.0085;-0.0202;-0.0098;-0.0029;0.0000;0.2126
273.5;0.4899;0.4867;0.2100;0.0000;62;58;-0.0085;-0.0085;-0.0202;-0.0098;-0.0029;0.0000;0.2126
274.0;0.4908;0.4872;0.2135;0.0000;60;58;0.0696;-0.0100;-0.0202;-0.0098;-0.0029;0.0000;0.2126
274.5;0.4918;0.4876;0.2095;0.0000;60;56;-0.0085;-0.0114;-0.0202;-0.0098;-0.0029;0.0000;0.2047
275.0;0.4922;0.4881;0.2055;0.0000;60;56;-0.0085;-0.0114;-0.0202;-0.0088;-0.0029;0.0000;0.2047
275.5;0.4922;0.4886;0.2095;0.0000;60;56;-0.0867;-0.0100;-0.0202;-0.0098;-0.0029;0.0000;0.2047
276.0;0.4931;0.4890;0.2150;0.0000;60;56;0.0696;-0.0114;-0.0202;-0.0098;-0.0029;0.0000;0.2047
276.5;0.4936;0.4895;0.2140;0.0000;60;56;-0.0085;-0.0114;-0.0202;-0.0098;-0.0029;0.0000;0.2047
277.0;0.4936;0.4899;0.2145;0.0000;60;56;-0.0085;-0.0100;-0.0202;-0.0098;-0.0029;0.0000;0.2047
277.5;0.4945;0.4904;0.2160;0.0000;60;56;-0.0867;-0.0114;-0.0202;-0.0098;-0.0029;0.0000;0.2047
278.0;0.4950;0.4908;0.2130;0.0000;60;56;-0.0085;-0.0114;-0.0202;-0.0098;-0.0029;0.0000;0.2047
278.5;0.4950;0.4913;0.2020;0.0000;60;56;-0.0085;-0.0100;-0.0217;-0.0088;-0.0029;0.0000;0.2047
279.0;0.4950;0.4918;0.1890;0.0000;60;56;-0.0085;-0.0100;-0.0217;-0.0088;-0.0029;0.0000;0.2047
279.5;0.4963;0.4918;0.1750;0.0000;60;56;-0.0085;-0.0114;-0.0217;-0.0078;-0.0029;0.0000;0.2047
280.0;0.4973;0.4922;0.1640;0.0000;58;54;-0.0061;-0.0129;-0.0217;-0.0078;-0.0029;0.0000;0.2047
280.5;0.4977;0.4927;0.1465;0.0000;58;56;-0.0061;-0.0129;-0.0217;-0.0068;-0.0029;0.0000;0.2047
281.0;0.4982;0.4931;0.1310;0.0000;58;56;0.0720;-0.0129;-0.0217;-0.0059;-0.0029;0.0000;0.2047
281.5;0.4995;0.4936;0.1120;0.0000;58;54;-0.0842;-0.0158;-0.0217;-0.0049;-0.0029;0.0000;0.1969
282.0;0.5000;0.4940;0.1080;0.0000;56;54;-0.0061;-0.0158;-0.0217;-0.0049;-0.0029;0.0000;0.1969
282.5;0.5000;0.4940;0.1005;0.0000;56;54;-0.0037;-0.0158;-0.0217;-0.0049;-0.0029;0.0000;0.1969
283.0;0.5000;0.4945;0.1035;0.0000;56;54;0.0745;-0.0144;-0.0217;-0.0049;-0.0029;0.0000;0.1969
283.5;0.5000;0.4950;0.0985;0.0000;58;54;-0.0037;-0.0144;-0.0217;-0.0049;-0.0029;0.0000;0.1969
284.0;0.5005;0.4950;0.1020;0.0000;58;54;-0.0842;-0.0144;-0.0217;-0.0049;-0.0029;0.0000;0.1969
284.5;0.5005;0.4954;0.1070;0.0000;58;54;-0.0061;-0.0129;-0.0217;-0.0049;-0.0029;0.0000;0.1969
285.0;0.5005;0.4959;0.1105;0.0000;58;54;-0.0842;-0.0129;-0.0217;-0.0049;-0.0029;0.0000;0.1969
285.5;0.5000;0.4959;0.1145;0.0000;58;56;-0.0061;-0.0114;-0.0217;-0.0049;-0.0029;0.0000;0.1969
286.0;0.4995;0.4963;0.1005;0.0000;60;56;-0.0037;-0.0085;-0.0217;-0.0049;-0.0029;0.0000;0.1969
286.5;0.5005;0.4963;0.0955;0.0000;58;56;-0.0037;-0.0100;-0.0217;-0.0049;-0.0029;0.0000;0.1969
287.0;0.5009;0.4968;0.0825;0.0000;58;54;-0.0037;-0.0114;-0.0217;-0.0039;-0.0029;0.0000;0.1969
287.5;0.5009;0.4968;0.0685;0.0000;58;54;-0.0037;-0.0114;-0.0217;-0.0029;-0.0029;0.0000;0.1969
288.0;0.5009;0.4973;0.0645;0.0000;58;56;-0.0037;-0.0100;-0.0217;-0.0029;-0.0029;0.0000;0.1890
288.5;0.5005;0.4973;0.0615;0.0000;58;56;-0.0037;-0.0085;-0.0217;-0.0029;-0.0029;0.0000;0.1890
289.0;0.5009;0.4977;0.0630;0.0000;58;56;-0.0818;-0.0085;-0.0217;-0.0029;-0.0039;0.0000;0.1890
289.5;0.5009;0.4977;0.0675;0.0000;58;56;-0.0037;-0.0085;-0.0217;-0.0029;-0.0039;0.0000;0.1890
290.0;0.5014;0.4982;0.0880;0.0000;58;54;-0.0818;-0.0085;-0.0217;-0.0039;-0.0039;0.0000;0.1890
290.5;0.5014;0.4982;0.1040;0.0000;58;54;-0.0037;-0.0085;-0.0217;-0.0049;-0.0039;0.0000;0.1890
291.0;0.5009;0.4986;0.1195;0.0000;58;54;-0.0061;-0.0070;-0.0217;-0.0059;-0.0039;0.0000;0.1890
291.5;0.5000;0.4986;0.1215;0.0000;60;54;-0.0842;-0.0041;-0.0217;-0.0059;-0.0039;0.0000;0.1890
292.0;0.5005;0.4986;0.1215;0.0000;60;54;-0.0061;-0.0056;-0.0217;-0.0059;-0.0039;0.0000;0.1890
292.5;0.5005;0.4991;0.1335;0.0000;60;54;-0.0061;-0.0041;-0.0217;-0.0059;-0.0039;0.0000;0.1890
293.0;0.5005;0.4991;0.1440;0.0000;60;54;-0.0061;-0.0041;-0.0217;-0.0068;-0.0039;0.0000;0.1890
293.5;0.5000;0.4991;0.1575;0.0000;60;54;-0.0061;-0.0026;-0.0217;-0.0068;-0.0039;0.0000;0.1890
294.0;0.4995;0.4991;0.1700;0.0000;60;54;-0.0061;-0.0012;-0.0217;-0.0078;-0.0039;0.0000;0.1890
294.5;0.4991;0.4995;0.1845;0.0000;60;54;-0.0867;-0.0012;-0.0217;-0.0078;-0.0039;0.0000;0.1811
295.0;0.4991;0.4995;0.1885;0.0000;60;54;-0.0085;0.0003;-0.0217;-0.0088;-0.0039;0.0000;0.1811
295.5;0.4986;0.4995;0.2090;0.0000;60;54;-0.0085;0.0018;-0.0217;-0.0088;-0.0039;0.0000;0.1811
296.0;0.4982;0.4995;0.2215;0.0000;62;54;-0.0085;0.0032;-0.0217;-0.0098;-0.0039;0.0000;0.1811
296.5;0.4986;0.4995;0.2315;0.0000;62;54;-0.0867;0.0018;-0.0217;-0.0098;-0.0039;0.0000;0.1811
297.0;0.4977;0.4995;0.2460;0.0000;62;54;0.0696;0.0047;-0.0217;-0.0108;-0.0039;0.0000;0.1811
297.5;0.4968;0.4995;0.2495;0.0000;62;56;-0.0110;0.0062;-0.0217;-0.0108;-0.0039;0.0000;0.1811
298.0;0.4959;0.4995;0.2335;0.0000;62;56;-0.0085;0.0091;-0.0217;-0.0108;-0.0039;0.0000;0.1811
298.5;0.4954;0.4995;0.2215;0.0000;62;56;-0.0085;0.0105;-0.0217;-0.0098;-0.0039;0.0000;0.1811
299.0;0.4945;0.4995;0.1950;0.0000;64;58;-0.0085;0.0120;-0.0217;-0.0088;-0.0039;0.0000;0.1811
299.5;0.4936;0.4995;0.1525;0.0000;64;58;-0.0061;0.0149;-0.0217;-0.0068;-0.0039;0.0000;0.1811
300.0;0.4927;0.5000;0.1280;0.0000;64;60;-0.0061;0.0164;-0.0217;-0.0059;-0.0039;0.0000;0.1811
300.5;0.4922;0.5000;0.0965;0.0000;64;60;-0.0037;0.0179;-0.0217;-0.0049;-0.0039;0.0000;0.1811
301.0;0.4913;0.5000;0.0840;0.0000;64;60;-0.0037;0.0208;-0.0217;-0.0039;-0.0039;0.0000;0.1811
301.5;0.4908;0.5000;0.0750;0.0000;64;60;-0.0037;0.0223;-0.0217;-0.0039;-0.0039;0.0000;0.1811
302.0;0.4908;0.5000;0.0645;0.0000;64;60;-0.0818;0.0223;-0.0217;-0.0029;-0.0039;0.0000;0.1811
302.5;0.4904;0.5000;0.0500;0.0000;64;60;-0.0037;0.0223;-0.0217;-0.0029;-0.0039;0.0000;0.1811
303.0;0.4904;0.5000;0.0315;0.0000;64;60;-0.0012;0.0237;-0.0217;-0.0020;-0.0039;0.0000;0.1811
303.5;0.4899;0.5000;0.0240;0.0000;64;62;-0.0012;0.0237;-0.0217;-0.0020;-0.0039;0.0000;0.1811
304.0;0.4895;0.5000;0.0120;0.0000;64;62;-0.0012;0.0252;-0.0217;-0.0010;-0.0039;0.0000;0.1811
304.5;0.4895;0.5000;0.0090;0.0000;64;60;-0.0794;0.0252;-0.0202;-0.0010;-0.0039;0.0000;0.1811
305.0;0.4895;0.5000;0.0055;0.0000;64;60;-0.0012;0.0252;-0.0202;-0.0010;-0.0039;0.0000;0.1811
305.5;0.4886;0.5000;0.0090;0.0000;64;60;-0.0794;0.0281;-0.0202;-0.0010;-0.0039;0.0000;0.1811
306.0;0.4876;0.5000;0.0055;0.0000;65;62;-0.0012;0.0296;-0.0202;-0.0010;-0.0039;0.0000;0.1811
306.5;0.4867;0.5000;0.0090;0.0000;65;62;-0.0012;0.0311;-0.0202;-0.0010;-0.0039;0.0000;0.1811
307.0;0.4863;0.5000;0.0030;0.0000;65;64;-0.0012;0.0340;-0.0202;-0.0010;-0.0039;0.0000;0.1811
307.5;0.4853;0.5000;0.0175;0.0000;65;64;-0.0012;0.0355;-0.0202;-0.0010;-0.0039;0.0000;0.1811
308.0;0.4849;0.5000;0.0115;0.0000;65;64;-0.0012;0.0369;-0.0202;-0.0010;-0.0039;0.0000;0.1811
308.5;0.4844;0.5000;0.0085;0.0000;67;64;-0.0012;0.0384;-0.0202;-0.0010;-0.0039;0.0000;0.1811
309.0;0.4844;0.5000;0.0045;0.0000;67;64;-0.0794;0.0369;-0.0202;-0.0010;-0.0039;0.0000;0.1811
309.5;0.4844;0.5000;-0.0035;0.0000;65;64;-0.0012;0.0369;-0.0202;-0.0000;-0.0039;0.0000;0.1811
310.0;0.4844;0.5000;-0.0115;0.0000;65;64;-0.0012;0.0384;-0.0188;-0.0000;-0.0039;0.0000;0.1811
310.5;0.4849;0.5000;-0.0165;0.0000;65;64;0.0769;0.0369;-0.0188;-0.0000;-0.0039;0.0000;0.1811
311.0;0.4858;0.5000;-0.0165;0.0000;64;62;-0.0794;0.0340;-0.0188;-0.0000;-0.0039;0.0000;0.1811
311.5;0.4863;0.5000;-0.0205;0.0000;64;62;-0.0012;0.0340;-0.0188;-0.0000;-0.0039;0.0000;0.1811
312.0;0.4867;0.5000;-0.0315;0.0000;62;60;-0.0794;0.0311;-0.0188;0.0010;-0.0039;0.0000;0.1811
312.5;0.4872;0.5000;-0.0390;0.0000;62;60;0.0012;0.0311;-0.0188;0.0010;-0.0039;0.0000;0.1811
313.0;0.4872;0.5000;-0.0445;0.0000;62;60;0.0012;0.0296;-0.0188;0.0010;-0.0039;0.0000;0.1811
313.5;0.4872;0.5000;-0.0505;0.0000;62;60;0.0012;0.0311;-0.0188;0.0020;-0.0039;0.0000;0.1811
314.0;0.4886;0.5000;-0.0530;0.0000;62;60;0.0012;0.0281;-0.0188;0.0020;-0.0039;0.0000;0.1811
314.5;0.4890;0.5000;-0.0520;0.0000;60;60;0.0012;0.0267;-0.0188;0.0020;-0.0039;0.0000;0.1811
315.0;0.4890;0.5000;-0.0425;0.0000;60;58;0.0012;0.0252;-0.0188;0.0010;-0.0039;0.0000;0.1811
315.5;0.4890;0.5000;-0.0285;0.0000;60;58;-0.0012;0.0252;-0.0188;0.0010;-0.0039;0.0000;0.1811
316.0;0.4899;0.5000;-0.0210;0.0000;60;58;-0.0794;0.0237;-0.0173;-0.0000;-0.0039;0.0000;0.1811
316.5;0.4904;0.5000;-0.0155;0.0000;60;58;0.0769;0.0223;-0.0173;-0.0000;-0.0039;0.0000;0.1811
317.0;0.4904;0.5000;-0.0090;0.0000;60;58;-0.0794;0.0223;-0.0173;-0.0000;-0.0039;0.0000;0.1811
317.5;0.4899;0.5000;0.0000;0.0000;62;58;-0.0012;0.0237;-0.0173;-0.0010;-0.0039;0.0000;0.1811
318.0;0.4899;0.5000;-0.0015;0.0000;62;58;-0.0794;0.0237;-0.0173;-0.0000;-0.0039;0.0000;0.1811
318.5;0.4899;0.5000;0.0030;0.0000;62;58;-0.0012;0.0237;-0.0173;-0.0010;-0.0039;0.0000;0.1811
319.0;0.4899;0.5000;0.0100;0.0000;62;58;-0.0012;0.0237;-0.0173;-0.0010;-0.0039;0.0000;0.1811
319.5;0.4895;0.5000;0.0195;0.0000;62;60;-0.0012;0.0252;-0.0173;-0.0010;-0.0039;0.0000;0.1811
320.0;0.4899;0.5000;0.0285;0.0000;62;60;-0.0012;0.0237;-0.0173;-0.0020;-0.0039;0.0000;0.1811
320.5;0.4899;0.5000;0.0305;0.0000;62;60;-0.0012;0.0237;-0.0173;-0.0020;-0.0039;0.0000;0.1811
321.0;0.4895;0.5000;0.0320;0.0000;62;60;-0.0012;0.0252;-0.0173;-0.0020;-0.0039;0.0000;0.1811
321.5;0.4890;0.5000;0.0395;0.0000;62;60;-0.0037;0.0252;-0.0173;-0.0020;-0.0039;0.0000;0.1811
322.0;0.4881;0.5000;0.0420;0.0000;64;62;0.0745;0.0281;-0.0173;-0.0020;-0.0039;0.0000;0.1811
322.5;0.4876;0.5000;0.0425;0.0000;64;62;-0.0818;0.0296;-0.0173;-0.0020;-0.0039;0.0000;0.1811
323.0;0.4881;0.5000;0.0430;0.0000;64;62;0.0745;0.0281;-0.0158;-0.0020;-0.0039;0.0000;0.1811
323.5;0.4881;0.5000;0.0395;0.0000;64;62;-0.0037;0.0281;-0.0158;-0.0020;-0.0039;0.0000;0.1811
324.0;0.4881;0.5000;0.0345;0.0000;64;62;-0.0037;0.0281;-0.0158;-0.0020;-0.0039;0.0000;0.1811
324.5;0.4886;0.5000;0.0260;0.0000;64;62;-0.0794;0.0267;-0.0158;-0.0020;-0.0039;0.0000;0.1811
325.0;0.4886;0.5000;0.0145;0.0000;64;60;-0.0012;0.0267;-0.0158;-0.0010;-0.0039;0.0000;0.1811
325.5;0.4886;0.5000;-0.0015;0.0000;62;60;-0.0012;0.0267;-0.0158;-0.0000;-0.0039;0.0000;0.1811
326.0;0.4890;0.5000;-0.0180;0.0000;62;62;0.0769;0.0267;-0.0158;-0.0000;-0.0039;0.0000;0.1811
326.5;0.4890;0.5000;-0.0245;0.0000;62;60;-0.0012;0.0252;-0.0158;0.0010;-0.0039;0.0000;0.1811
327.0;0.4890;0.5000;-0.0400;0.0000;62;62;0.0012;0.0267;-0.0158;0.0010;-0.0039;0.0000;0.1811
327.5;0.4890;0.5000;-0.0575;0.0000;62;62;0.0012;0.0267;-0.0158;0.0020;-0.0039;0.0000;0.1811
328.0;0.4886;0.5000;-0.0750;0.0000;62;62;0.0012;0.0281;-0.0158;0.0029;-0.0039;0.0000;0.1811
328.5;0.4881;0.5000;-0.0905;0.0000;62;64;0.0012;0.0281;-0.0158;0.0029;-0.0039;0.0000;0.1811
329.0;0.4881;0.5000;-0.1000;0.0000;62;64;0.0794;0.0281;-0.0158;0.0039;-0.0039;0.0000;0.1811
329.5;0.4881;0.5000;-0.1150;0.0000;62;64;0.0037;0.0281;-0.0144;0.0039;-0.0039;0.0000;0.1811
330.0;0.4881;0.5000;-0.1255;0.0000;62;64;0.0037;0.0281;-0.0144;0.0049;-0.0039;0.0000;0.1811
330.5;0.4886;0.5000;-0.1300;0.0000;62;62;-0.0745;0.0281;-0.0144;0.0049;-0.0039;0.0000;0.1811
331.0;0.4895;0.5000;-0.1340;0.0000;60;62;0.0818;0.0252;-0.0144;0.0049;-0.0039;0.0000;0.1811
331.5;0.4895;0.5000;-0.1430;0.0000;60;62;0.0037;0.0252;-0.0144;0.0059;-0.0039;0.0000;0.1811
332.0;0.4895;0.5000;-0.1470;0.0000;60;62;0.0037;0.0252;-0.0144;0.0059;-0.0039;0.0000;0.1811
332.5;0.4908;0.5000;-0.1530;0.0000;60;62;0.0037;0.0223;-0.0144;0.0059;-0.0039;0.0000;0.1811
333.0;0.4913;0.5000;-0.1505;0.0000;58;60;0.0037;0.0193;-0.0144;0.0059;-0.0039;0.0000;0.1811
333.5;0.4918;0.5000;-0.1520;0.0000;58;60;0.0037;0.0193;-0.0144;0.0059;-0.0039;0.0000;0.1811
334.0;0.4922;0.5000;-0.1510;0.0000;58;60;-0.0745;0.0179;-0.0144;0.0059;-0.0039;0.0000;0.1811
334.5;0.4931;0.5000;-0.1525;0.0000;58;58;0.0818;0.0149;-0.0144;0.0059;-0.0039;0.0000;0.1811
335.0;0.4936;0.5000;-0.1535;0.0000;56;58;0.0037;0.0135;-0.0144;0.0059;-0.0039;0.0000;0.1811
335.5;0.4945;0.5000;-0.1415;0.0000;56;58;-0.0745;0.0120;-0.0144;0.0059;-0.0039;0.0000;0.1811
336.0;0.4954;0.5000;-0.1330;0.0000;56;58;0.0818;0.0091;-0.0144;0.0049;-0.0039;0.0000;0.1811
336.5;0.4959;0.5000;-0.1235;0.0000;56;56;0.0037;0.0091;-0.0144;0.0049;-0.0039;0.0000;0.1811
337.0;0.4968;0.5000;-0.1115;0.0000;56;56;-0.0745;0.0076;-0.0144;0.0039;-0.0039;0.0000;0.1811
337.5;0.4968;0.5000;-0.0965;0.0000;56;56;0.0012;0.0062;-0.0144;0.0039;-0.0039;0.0000;0.1811
338.0;0.4968;0.5000;-0.0835;0.0000;56;56;0.0012;0.0062;-0.0144;0.0029;-0.0039;0.0000;0.1811
338.5;0.4968;0.5000;-0.0605;0.0000;58;56;0.0012;0.0076;-0.0144;0.0020;-0.0039;0.0000;0.1811
339.0;0.4963;0.5000;-0.0685;0.0000;58;58;0.0012;0.0076;-0.0144;0.0020;-0.0039;0.0000;0.1811
339.5;0.4963;0.5000;-0.0715;0.0000;58;58;0.0794;0.0076;-0.0144;0.0029;-0.0039;0.0000;0.1811
340.0;0.4968;0.5000;-0.0805;0.0000;58;56;-0.0769;0.0062;-0.0144;0.0029;-0.0039;0.0000;0.1811
340.5;0.4986;0.5000;-0.0520;0.0000;56;56;0.0012;0.0018;-0.0144;0.0020;-0.0039;0.0000;0.1811
341.0;0.4991;0.5000;-0.0085;0.0000;56;54;-0.0012;0.0003;-0.0144;-0.0000;-0.0039;0.0000;0.1811
341.5;0.4995;0.5000;0.0255;0.0000;56;54;-0.0012;0.0003;-0.0144;-0.0020;-0.0039;0.0000;0.1811
342.0;0.4995;0.5000;0.0420;0.0000;56;54;-0.0037;0.0003;-0.0144;-0.0020;-0.0039;0.0000;0.1811
342.5;0.4991;0.5000;0.0540;0.0000;58;54;-0.0037;0.0003;-0.0144;-0.0029;-0.0039;0.0000;0.1811
343.0;0.4986;0.5000;0.0890;0.0000;58;54;-0.0037;0.0018;-0.0144;-0.0039;-0.0039;0.0000;0.1811
343.5;0.4986;0.5000;0.1235;0.0000;58;54;-0.0842;0.0018;-0.0144;-0.0059;-0.0039;0.0000;0.1811
344.0;0.4986;0.5000;0.1675;0.0000;60;54;0.0720;0.0018;-0.0144;-0.0078;-0.0039;0.0000;0.1811
344.5;0.4982;0.5000;0.1735;0.0000;60;54;-0.0061;0.0032;-0.0129;-0.0078;-0.0039;0.0000;0.1811
345.0;0.4977;0.5000;0.1865;0.0000;60;56;-0.0085;0.0047;-0.0129;-0.0088;-0.0039;0.0000;0.1811
345.5;0.4968;0.5000;0.1700;0.0000;62;56;-0.0061;0.0062;-0.0129;-0.0078;-0.0039;0.0000;0.1811
346.0;0.4977;0.5000;0.1565;0.0000;60;56;-0.0061;0.0047;-0.0129;-0.0068;-0.0039;0.0000;0.1811
346.5;0.4977;0.5000;0.1550;0.0000;60;56;-0.0061;0.0047;-0.0129;-0.0068;-0.0039;0.0000;0.1811
347.0;0.4977;0.5000;0.1480;0.0000;60;56;-0.0061;0.0047;-0.0129;-0.0068;-0.0039;0.0000;0.1811
347.5;0.4973;0.5000;0.1460;0.0000;60;56;-0.0061;0.0062;-0.0129;-0.0068;-0.0039;0.0000;0.1811
348.0;0.4977;0.5000;0.1275;0.0000;60;56;-0.0842;0.0047;-0.0129;-0.0059;-0.0039;0.0000;0.1811
348.5;0.4977;0.5000;0.1110;0.0000;60;56;0.1502;0.0047;-0.0129;-0.0049;-0.0039;0.0000;0.1811
349.0;0.4982;0.5000;0.0920;0.0000;60;56;-0.0818;0.0032;-0.0129;-0.0039;-0.0039;0.0000;0.1811
349.5;0.4982;0.5000;0.0745;0.0000;60;56;-0.0037;0.0032;-0.0129;-0.0039;-0.0039;0.0000;0.1811
350.0;0.4977;0.5000;0.0480;0.0000;58;56;-0.0037;0.0047;-0.0129;-0.0029;-0.0039;0.0000;0.1811
350.5;0.4982;0.5000;0.0445;0.0000;58;56;0.0745;0.0032;-0.0129;-0.0020;-0.0039;0.0000;0.1811
351.0;0.4973;0.5000;0.0175;0.0000;58;58;0.0769;0.0062;-0.0129;-0.0010;-0.0039;0.0000;0.1811
351.5;0.4963;0.5000;0.0055;0.0000;60;58;-0.0012;0.0076;-0.0129;-0.0010;-0.0039;0.0000;0.1811
352.0;0.4963;0.5000;0.0105;0.0000;60;58;-0.0794;0.0076;-0.0129;-0.0010;-0.0039;0.0000;0.1811
352.5;0.4968;0.5000;0.0105;0.0000;60;58;0.0769;0.0062;-0.0129;-0.0010;-0.0039;0.0000;0.1811
353.0;0.4968;0.5000;0.0155;0.0000;60;58;-0.0012;0.0062;-0.0129;-0.0010;-0.0039;0.0000;0.1811
353.5;0.4968;0.5000;-0.0070;0.0000;58;58;-0.0012;0.0076;-0.0129;-0.0000;-0.0039;0.0000;0.1811
354.0;0.4963;0.5000;-0.0075;0.0000;60;58;-0.0012;0.0076;-0.0129;-0.0000;-0.0039;0.0000;0.1811
354.5;0.4959;0.5000;-0.0200;0.0000;60;60;-0.0012;0.0091;-0.0129;-0.0000;-0.0039;0.0000;0.1811
355.0;0.4959;0.5000;-0.0190;0.0000;60;60;0.0769;0.0091;-0.0129;-0.0000;-0.0039;0.0000;0.1811
355.5;0.4959;0.5000;-0.0305;0.0000;60;60;-0.0012;0.0091;-0.0129;0.0010;-0.0039;0.0000;0.1811
356.0;0.4954;0.5000;-0.0430;0.0000;60;60;0.0012;0.0105;-0.0129;0.0010;-0.0039;0.0000;0.1811
356.5;0.4950;0.5000;-0.0575;0.0000;60;60;0.0012;0.0120;-0.0129;0.0020;-0.0039;0.0000;0.1811
357.0;0.4940;0.5000;-0.0710;0.0000;60;62;0.0794;0.0135;-0.0129;0.0029;-0.0039;0.0000;0.1811
357.5;0.4936;0.5000;-0.0695;0.0000;60;62;0.0012;0.0149;-0.0129;0.0020;-0.0039;0.0000;0.1811
358.0;0.4931;0.5000;-0.0745;0.0000;62;62;0.0012;0.0164;-0.0129;0.0029;-0.0039;0.0000;0.1811
358.5;0.4931;0.5000;-0.0615;0.0000;62;62;0.0794;0.0164;-0.0129;0.0020;-0.0039;0.0000;0.1811
359.0;0.4931;0.5000;-0.0500;0.0000;62;62;0.0012;0.0164;-0.0129;0.0020;-0.0039;0.0000;0.1811
359.5;0.4918;0.5000;-0.0195;0.0000;62;62;-0.0012;0.0193;-0.0129;-0.0000;-0.0039;0.0000;0.1811
360.0;0.4908;0.5000;0.0035;0.0000;64;64;-0.0012;0.0223;-0.0129;-0.0010;-0.0039;0.0000;0.1811
360.5;0.4908;0.5000;0.0445;0.0000;64;64;0.0745;0.0223;-0.0129;-0.0020;-0.0039;0.0000;0.1811
361.0;0.4904;0.5000;0.0880;0.0000;64;62;-0.0037;0.0223;-0.0129;-0.0039;-0.0039;0.0000;0.1811
361.5;0.4899;0.5000;0.1180;0.0000;64;62;-0.0061;0.0237;-0.0114;-0.0059;-0.0039;0.0000;0.1811
362.0;0.4895;0.5000;0.1550;0.0000;65;62;-0.0061;0.0252;-0.0114;-0.0068;-0.0039;0.0000;0.1811
362.5;0.4890;0.5000;0.1740;0.0000;65;62;0.0720;0.0252;-0.0114;-0.0078;-0.0039;0.0000;0.1811
363.0;0.4886;0.5000;0.1970;0.0000;65;62;-0.0085;0.0267;-0.0114;-0.0088;-0.0039;0.0000;0.1811
363.5;0.4881;0.5000;0.2130;0.0000;67;62;0.0769;0.0281;-0.0114;-0.0098;-0.0039;0.0000;0.1811
364.0;0.4881;0.5000;0.2330;0.0000;67;62;-0.0867;0.0281;-0.0114;-0.0108;-0.0039;0.0000;0.1811
364.5;0.4876;0.5000;0.2310;0.0000;67;62;0.0696;0.0296;-0.0114;-0.0098;-0.0039;0.0000;0.1811
365.0;0.4876;0.5000;0.2405;0.0000;67;64;0.0696;0.0311;-0.0114;-0.0108;-0.0039;0.0000;0.1811
365.5;0.4872;0.5000;0.2370;0.0000;67;64;-0.0085;0.0311;-0.0114;-0.0108;-0.0049;0.0000;0.1811
366.0;0.4881;0.5000;0.2235;0.0000;67;62;-0.0085;0.0281;-0.0114;-0.0098;-0.0049;0.0000;0.1811
366.5;0.4890;0.5000;0.2105;0.0000;65;62;-0.0085;0.0267;-0.0114;-0.0098;-0.0049;0.0000;0.1811
367.0;0.4895;0.5000;0.1785;0.0000;65;62;-0.0085;0.0267;-0.0114;-0.0078;-0.0049;0.0000;0.1811
367.5;0.4899;0.5000;0.1750;0.0000;65;62;0.0720;0.0252;-0.0114;-0.0078;-0.0049;0.0000;0.1811
368.0;0.4904;0.5005;0.1540;0.0000;64;62;-0.0842;0.0237;-0.0114;-0.0068;-0.0049;0.0000;0.1811
368.5;0.4904;0.5005;0.1440;0.0000;65;62;-0.0061;0.0237;-0.0100;-0.0068;-0.0049;0.0000;0.1890
369.0;0.4895;0.5005;0.1370;0.0000;65;62;-0.0061;0.0267;-0.0100;-0.0059;-0.0049;0.0000;0.1890
369.5;0.4886;0.5005;0.1350;0.0000;67;64;-0.0061;0.0296;-0.0100;-0.0059;-0.0049;0.0000;0.1890
370.0;0.4890;0.5009;0.1385;0.0000;67;64;0.0720;0.0296;-0.0100;-0.0059;-0.0049;0.0000;0.1890
370.5;0.4895;0.5009;0.1285;0.0000;67;64;-0.0842;0.0281;-0.0100;-0.0059;-0.0049;0.0000;0.1890
371.0;0.4904;0.5009;0.1245;0.0000;65;64;0.0720;0.0267;-0.0100;-0.0059;-0.0049;0.0000;0.1890
371.5;0.4908;0.5014;0.1180;0.0000;65;64;-0.0061;0.0252;-0.0100;-0.0059;-0.0049;0.0000;0.1890
372.0;0.4918;0.5014;0.1080;0.0000;65;64;0.0720;0.0237;-0.0100;-0.0049;-0.0049;0.0000;0.1890
372.5;0.4922;0.5018;0.0910;0.0000;65;64;-0.0037;0.0223;-0.0100;-0.0039;-0.0049;0.0000;0.1890
373.0;0.4931;0.5018;0.0885;0.0000;64;64;0.0745;0.0208;-0.0100;-0.0039;-0.0049;0.0000;0.1890
373.5;0.4945;0.5023;0.0795;0.0000;64;62;-0.0818;0.0179;-0.0100;-0.0039;-0.0049;0.0000;0.1890
374.0;0.4954;0.5023;0.0765;0.0000;64;62;0.0745;0.0164;-0.0100;-0.0039;-0.0049;0.0000;0.1890
374.5;0.4963;0.5027;0.0720;0.0000;64;62;-0.0037;0.0149;-0.0100;-0.0039;-0.0049;0.0000;0.1969
375.0;0.4982;0.5027;0.0775;0.0000;62;60;-0.0037;0.0120;-0.0100;-0.0039;-0.0049;0.0000;0.1969
375.5;0.4991;0.5032;0.0770;0.0000;62;60;-0.0037;0.0091;-0.0100;-0.0039;-0.0049;0.0000;0.1969
376.0;0.5000;0.5032;0.0680;0.0000;60;60;0.0745;0.0076;-0.0100;-0.0029;-0.0049;0.0000;0.1969
376.5;0.5009;0.5037;0.0670;0.0000;60;60;-0.0037;0.0062;-0.0100;-0.0029;-0.0049;0.0000;0.1969
377.0;0.5018;0.5037;0.0510;0.0000;60;60;0.0745;0.0047;-0.0100;-0.0029;-0.0049;0.0000;0.1969
377.5;0.5023;0.5041;0.0465;0.0000;60;60;-0.0037;0.0047;-0.0100;-0.0029;-0.0049;0.0000;0.1969
378.0;0.5023;0.5046;0.0390;0.0000;62;60;-0.0037;0.0047;-0.0085;-0.0020;-0.0049;0.0000;0.1969
378.5;0.5027;0.5046;0.0335;0.0000;62;60;-0.0818;0.0047;-0.0085;-0.0020;-0.0049;0.0000;0.1969
379.0;0.5037;0.5050;0.0280;0.0000;62;60;0.0769;0.0032;-0.0085;-0.0020;-0.0049;0.0000;0.1969
379.5;0.5041;0.5055;0.0270;0.0000;62;60;-0.0012;0.0032;-0.0085;-0.0020;-0.0049;0.0000;0.1969
380.0;0.5055;0.5055;0.0305;0.0000;62;60;-0.0012;0.0003;-0.0085;-0.0020;-0.0049;0.0000;0.1969
380.5;0.5069;0.5060;0.0330;0.0000;60;60;0.0769;-0.0026;-0.0085;-0.0020;-0.0049;0.0000;0.2047
381.0;0.5078;0.5064;0.0365;0.0000;60;60;-0.0037;-0.0041;-0.0085;-0.0020;-0.0049;0.0000;0.2047
381.5;0.5096;0.5069;0.0425;0.0000;60;58;-0.0037;-0.0070;-0.0100;-0.0020;-0.0049;0.0000;0.2047
382.0;0.5105;0.5073;0.0500;0.0000;60;58;-0.0037;-0.0085;-0.0100;-0.0029;-0.0049;0.0000;0.2047
382.5;0.5114;0.5078;0.0560;0.0000;60;58;0.0745;-0.0100;-0.0100;-0.0029;-0.0049;0.0000;0.2047
383.0;0.5119;0.5078;0.0740;0.0000;60;58;-0.0037;-0.0114;-0.0100;-0.0039;-0.0049;0.0000;0.2047
383.5;0.5133;0.5082;0.0715;0.0000;60;58;-0.0037;-0.0129;-0.0100;-0.0039;-0.0049;0.0000;0.2047
384.0;0.5147;0.5087;0.0710;0.0000;58;58;0.0745;-0.0158;-0.0100;-0.0039;-0.0049;0.0000;0.2047
384.5;0.5156;0.5092;0.0730;0.0000;58;58;-0.0037;-0.0158;-0.0100;-0.0039;-0.0049;0.0000;0.2047
385.0;0.5165;0.5096;0.0685;0.0000;58;58;0.0745;-0.0173;-0.0100;-0.0029;-0.0049;0.0000;0.2047
385.5;0.5165;0.5101;0.0700;0.0000;60;58;-0.0037;-0.0173;-0.0100;-0.0039;-0.0049;0.0000;0.2047
386.0;0.5174;0.5105;0.0620;0.0000;60;58;0.0745;-0.0173;-0.0100;-0.0029;-0.0049;0.0000;0.2047
386.5;0.5174;0.5110;0.0520;0.0000;60;60;-0.0037;-0.0173;-0.0100;-0.0029;-0.0049;0.0000;0.2126
387.0;0.5179;0.5114;0.0475;0.0000;60;60;0.0745;-0.0173;-0.0100;-0.0029;-0.0049;0.0000;0.2126
387.5;0.5188;0.5119;0.0485;0.0000;60;60;-0.0818;-0.0173;-0.0100;-0.0029;-0.0049;0.0000;0.2126
388.0;0.5192;0.5124;0.0410;0.0000;62;60;-0.0037;-0.0173;-0.0100;-0.0020;-0.0049;0.0000;0.2126
388.5;0.5197;0.5128;0.0440;0.0000;62;60;0.0745;-0.0173;-0.0100;-0.0020;-0.0049;0.0000;0.2126
389.0;0.5197;0.5137;0.0375;0.0000;62;62;-0.0037;-0.0158;-0.0100;-0.0020;-0.0049;0.0000;0.2126
389.5;0.5201;0.5142;0.0285;0.0000;62;62;0.0769;-0.0158;-0.0100;-0.0020;-0.0049;0.0000;0.2126
390.0;0.5201;0.5147;0.0275;0.0000;64;62;-0.0794;-0.0144;-0.0100;-0.0020;-0.0049;0.0000;0.2126
390.5;0.5206;0.5151;0.0310;0.0000;64;64;0.0769;-0.0144;-0.0100;-0.0020;-0.0049;0.0000;0.2126
391.0;0.5215;0.5156;0.0485;0.0000;64;64;0.0745;-0.0144;-0.0100;-0.0029;-0.0049;0.0000;0.2126
391.5;0.5220;0.5165;0.0605;0.0000;64;62;-0.0818;-0.0158;-0.0100;-0.0029;-0.0049;0.0000;0.2126
392.0;0.5234;0.5169;0.0690;0.0000;64;62;0.0745;-0.0158;-0.0100;-0.0029;-0.0049;0.0000;0.2205
392.5;0.5234;0.5174;0.0880;0.0000;64;62;-0.0037;-0.0158;-0.0100;-0.0039;-0.0049;0.0000;0.2205
393.0;0.5243;0.5179;0.1240;0.0000;64;62;0.0720;-0.0158;-0.0100;-0.0059;-0.0049;0.0000;0.2205
393.5;0.5243;0.5188;0.1510;0.0000;65;62;-0.0061;-0.0144;-0.0100;-0.0068;-0.0049;0.0000;0.2205
394.0;0.5247;0.5192;0.1840;0.0000;65;62;0.0696;-0.0144;-0.0100;-0.0078;-0.0059;0.0000;0.2205
394.5;0.5256;0.5201;0.2245;0.0000;65;62;-0.0867;-0.0144;-0.0114;-0.0098;-0.0059;0.0000;0.2205
395.0;0.5266;0.5206;0.2545;0.0000;65;62;0.0672;-0.0158;-0.0114;-0.0108;-0.0059;0.0000;0.2205
395.5;0.5275;0.5211;0.2750;0.0000;65;62;0.0672;-0.0158;-0.0114;-0.0117;-0.0059;0.0000;0.2205
396.0;0.5279;0.5220;0.2865;0.0000;67;62;-0.0110;-0.0158;-0.0114;-0.0127;-0.0059;0.0000;0.2205
396.5;0.5293;0.5224;0.2910;0.0000;65;62;-0.0110;-0.0173;-0.0114;-0.0127;-0.0059;0.0000;0.2205
397.0;0.5298;0.5234;0.2855;0.0000;67;62;-0.0110;-0.0173;-0.0114;-0.0127;-0.0059;0.0000;0.2205
397.5;0.5311;0.5238;0.2730;0.0000;67;62;-0.0110;-0.0188;-0.0114;-0.0117;-0.0059;0.0000;0.2205
398.0;0.5321;0.5247;0.2615;0.0000;65;62;0.0672;-0.0202;-0.0114;-0.0117;-0.0059;0.0000;0.2283
398.5;0.5330;0.5252;0.2325;0.0000;65;62;-0.0085;-0.0188;-0.0114;-0.0108;-0.0059;0.0000;0.2283
399.0;0.5334;0.5261;0.2030;0.0000;65;62;-0.0085;-0.0188;-0.0114;-0.0088;-0.0059;0.0000;0.2283
399.5;0.5330;0.5266;0.1725;0.0000;67;64;-0.0061;-0.0158;-0.0114;-0.0078;-0.0059;0.0000;0.2283
400.0;0.5330;0.5275;0.1530;0.0000;67;65;0.0720;-0.0144;-0.0114;-0.0068;-0.0059;0.0000;0.2283
400.5;0.5325;0.5284;0.1395;0.0000;69;65;-0.0061;-0.0114;-0.0114;-0.0059;-0.0059;0.0000;0.2283
401.0;0.5325;0.5288;0.1270;0.0000;69;67;0.0720;-0.0100;-0.0114;-0.0059;-0.0059;0.0000;0.2283
401.5;0.5330;0.5298;0.1125;0.0000;69;67;-0.0842;-0.0085;-0.0114;-0.0049;-0.0059;0.0000;0.2283
402.0;0.5339;0.5307;0.1075;0.0000;69;67;0.0720;-0.0085;-0.0114;-0.0049;-0.0059;0.0000;0.2283
402.5;0.5343;0.5316;0.1095;0.0000;69;69;0.0720;-0.0085;-0.0114;-0.0049;-0.0059;0.0000;0.2283
403.0;0.5353;0.5321;0.1080;0.0000;69;67;-0.0842;-0.0085;-0.0114;-0.0049;-0.0059;0.0000;0.2283
403.5;0.5362;0.5330;0.1050;0.0000;69;67;0.0745;-0.0085;-0.0114;-0.0049;-0.0059;0.0000;0.2362
404.0;0.5375;0.5339;0.1075;0.0000;69;67;-0.0842;-0.0100;-0.0114;-0.0049;-0.0059;0.0000;0.2362
404.5;0.5385;0.5348;0.1265;0.0000;69;67;0.0720;-0.0100;-0.0114;-0.0059;-0.0059;0.0000;0.2362
405.0;0.5403;0.5353;0.1215;0.0000;69;67;-0.0061;-0.0129;-0.0114;-0.0059;-0.0059;0.0000;0.2362
405.5;0.5408;0.5362;0.1270;0.0000;69;65;-0.0061;-0.0129;-0.0114;-0.0059;-0.0059;0.0000;0.2362
406.0;0.5417;0.5371;0.1060;0.0000;69;67;0.0745;-0.0129;-0.0114;-0.0049;-0.0059;0.0000;0.2362
406.5;0.5421;0.5380;0.0960;0.0000;69;67;-0.0037;-0.0100;-0.0114;-0.0049;-0.0059;0.0000;0.2362
407.0;0.5430;0.5389;0.0780;0.0000;69;67;-0.0037;-0.0114;-0.0114;-0.0039;-0.0059;0.0000;0.2362
407.5;0.5440;0.5398;0.0645;0.0000;69;67;0.0745;-0.0114;-0.0114;-0.0029;-0.0059;0.0000;0.2362
408.0;0.5444;0.5408;0.0495;0.0000;71;69;-0.0037;-0.0100;-0.0114;-0.0029;-0.0068;0.0000;0.2362
408.5;0.5449;0.5417;0.0260;0.0000;71;69;0.0769;-0.0085;-0.0114;-0.0020;-0.0068;0.0000;0.2362
409.0;0.5458;0.5426;0.0095;0.0000;71;71;-0.0794;-0.0085;-0.0114;-0.0010;-0.0068;0.0000;0.2441
409.5;0.5462;0.5435;0.0005;0.0000;71;71;0.0769;-0.0085;-0.0129;-0.0010;-0.0068;0.0000;0.2441
410.0;0.5462;0.5444;0.0115;0.0000;73;71;-0.0012;-0.0056;-0.0129;-0.0010;-0.0068;0.0000;0.2441
410.5;0.5467;0.5453;0.0160;0.0000;73;71;-0.0794;-0.0041;-0.0129;-0.0010;-0.0068;0.0000;0.2441
411.0;0.5472;0.5462;0.0315;0.0000;73;73;0.0769;-0.0026;-0.0129;-0.0020;-0.0068;0.0000;0.2441
411.5;0.5485;0.5472;0.0220;0.0000;73;73;-0.0012;-0.0041;-0.0129;-0.0010;-0.0068;0.0000;0.2441
412.0;0.5495;0.5481;0.0250;0.0000;75;71;-0.0794;-0.0041;-0.0129;-0.0020;-0.0068;0.0000;0.2441
412.5;0.5508;0.5495;0.0175;0.0000;73;73;0.0769;-0.0041;-0.0129;-0.0010;-0.0068;0.0000;0.2441
413.0;0.5517;0.5504;0.0230;0.0000;73;73;0.0769;-0.0041;-0.0129;-0.0020;-0.0068;0.0000;0.2441
413.5;0.5527;0.5513;0.0310;0.0000;75;71;-0.0794;-0.0041;-0.0129;-0.0020;-0.0068;0.0000;0.2441
414.0;0.5545;0.5522;0.0170;0.0000;73;71;-0.0012;-0.0056;-0.0129;-0.0010;-0.0068;0.0000;0.2441
414.5;0.5559;0.5531;0.0195;0.0000;73;71;0.0769;-0.0070;-0.0129;-0.0010;-0.0068;0.0000;0.2520
415.0;0.5568;0.5545;0.0175;0.0000;73;71;-0.0012;-0.0070;-0.0129;-0.0010;-0.0068;0.0000;0.2520
415.5;0.5572;0.5554;0.0170;0.0000;75;73;-0.0012;-0.0056;-0.0129;-0.0010;-0.0068;0.0000;0.2520
416.0;0.5582;0.5563;0.0045;0.0000;75;73;-0.0012;-0.0056;-0.0129;-0.0010;-0.0068;0.0000;0.2520
416.5;0.5595;0.5577;0.0080;0.0000;75;73;-0.0012;-0.0056;-0.0129;-0.0010;-0.0068;0.0000;0.2520
417.0;0.5618;0.5586;-0.0055;0.0000;73;71;-0.0012;-0.0085;-0.0129;-0.0000;-0.0068;0.0000;0.2520
417.5;0.5632;0.5595;-0.0060;0.0000;73;71;0.0769;-0.0100;-0.0129;-0.0000;-0.0068;0.0000;0.2520
418.0;0.5646;0.5609;-0.0175;0.0000;73;71;-0.0794;-0.0100;-0.0129;-0.0000;-0.0068;0.0000;0.2520
418.5;0.5664;0.5618;0.0060;0.0000;73;71;-0.0012;-0.0114;-0.0129;-0.0010;-0.0068;0.0000;0.2520
419.0;0.5687;0.5632;0.0345;0.0000;73;69;-0.0037;-0.0144;-0.0129;-0.0020;-0.0068;0.0000;0.2520
419.5;0.5696;0.5641;0.0445;0.0000;73;69;-0.0818;-0.0144;-0.0129;-0.0020;-0.0068;0.0000;0.2598
420.0;0.5701;0.5655;0.0470;0.0000;73;71;0.0745;-0.0129;-0.0129;-0.0029;-0.0068;0.0000;0.2598
420.5;0.5714;0.5664;0.0465;0.0000;75;71;-0.0037;-0.0129;-0.0129;-0.0029;-0.0068;0.0000;0.2598
421.0;0.5733;0.5678;0.0610;0.0000;73;71;-0.0037;-0.0144;-0.0129;-0.0029;-0.0068;0.0000;0.2598
421.5;0.5751;0.5687;0.0550;0.0000;73;71;-0.0037;-0.0158;-0.0129;-0.0029;-0.0068;0.0000;0.2598
422.0;0.5774;0.5701;0.0630;0.0000;73;69;-0.0037;-0.0188;-0.0129;-0.0029;-0.0068;0.0000;0.2598
422.5;0.5797;0.5710;0.0555;0.0000;73;69;-0.0037;-0.0217;-0.0129;-0.0029;-0.0068;0.0000;0.2598
423.0;0.5820;0.5723;0.0625;0.0000;71;69;-0.0037;-0.0246;-0.0129;-0.0029;-0.0068;0.0000;0.2598
423.5;0.5842;0.5737;0.0605;0.0000;71;67;-0.0037;-0.0275;-0.0129;-0.0029;-0.0068;0.0000;0.2598
424.0;0.5865;0.5746;0.0745;0.0000;71;67;-0.0037;-0.0305;-0.0129;-0.0039;-0.0068;0.0000;0.2598
424.5;0.5888;0.5760;0.0925;0.0000;69;65;-0.0037;-0.0334;-0.0129;-0.0039;-0.0068;0.0000;0.2598
425.0;0.5907;0.5774;0.0920;0.0000;69;65;-0.0037;-0.0334;-0.0129;-0.0039;-0.0068;0.0000;0.2677
425.5;0.5925;0.5783;0.0945;0.0000;69;65;-0.0037;-0.0349;-0.0144;-0.0049;-0.0068;0.0000;0.2677
426.0;0.5934;0.5797;0.0900;0.0000;69;67;0.0745;-0.0349;-0.0144;-0.0039;-0.0068;0.0000;0.2677
426.5;0.5943;0.5810;0.0975;0.0000;71;67;-0.0818;-0.0334;-0.0144;-0.0049;-0.0068;0.0000;0.2677
427.0;0.5948;0.5824;0.0895;0.0000;73;69;-0.0037;-0.0319;-0.0144;-0.0039;-0.0068;0.0000;0.2677
427.5;0.5948;0.5838;0.0785;0.0000;75;69;-0.0818;-0.0290;-0.0144;-0.0039;-0.0068;0.0000;0.2677
428.0;0.5957;0.5847;0.0580;0.0000;75;71;0.0745;-0.0275;-0.0144;-0.0029;-0.0068;0.0000;0.2677
428.5;0.5962;0.5861;0.0575;0.0000;77;71;-0.0037;-0.0261;-0.0144;-0.0029;-0.0068;0.0000;0.2677
429.0;0.5966;0.5875;0.0610;0.0000;79;73;-0.0037;-0.0231;-0.0144;-0.0029;-0.0068;0.0000;0.2677
429.5;0.5975;0.5888;0.0720;0.0000;79;73;-0.0037;-0.0217;-0.0144;-0.0039;-0.0068;0.0000;0.2677
430.0;0.5989;0.5902;0.0805;0.0000;79;73;-0.0037;-0.0217;-0.0144;-0.0039;-0.0068;0.0000;0.2756
430.5;0.6007;0.5916;0.0675;0.0000;79;73;-0.0818;-0.0246;-0.0144;-0.0029;-0.0068;0.0000;0.2756
431.0;0.6039;0.5929;0.0610;0.0000;77;71;-0.0818;-0.0275;-0.0144;-0.0029;-0.0068;0.0000;0.2756
431.5;0.6062;0.5943;0.0240;0.0000;75;71;-0.0012;-0.0305;-0.0144;-0.0020;-0.0068;0.0000;0.2756
432.0;0.6085;0.5957;0.0135;0.0000;75;69;-0.0012;-0.0334;-0.0158;-0.0010;-0.0068;0.0000;0.2756
432.5;0.6113;0.5971;-0.0200;0.0000;73;69;-0.0794;-0.0363;-0.0158;-0.0000;-0.0068;0.0000;0.2756
433.0;0.6140;0.5984;-0.0365;0.0000;73;69;0.0012;-0.0393;-0.0158;0.0010;-0.0068;0.0000;0.2756
433.5;0.6154;0.5998;-0.0405;0.0000;73;69;-0.0769;-0.0393;-0.0158;0.0010;-0.0068;0.0000;0.2756
434.0;0.6172;0.6012;-0.0410;0.0000;73;69;0.0012;-0.0407;-0.0158;0.0010;-0.0068;0.0000;0.2756
434.5;0.6186;0.6026;-0.0325;0.0000;73;69;-0.0012;-0.0407;-0.0158;0.0010;-0.0068;0.0000;0.2756
435.0;0.6200;0.6044;-0.0355;0.0000;75;69;-0.1575;-0.0407;-0.0158;0.0010;-0.0068;0.0000;0.2756
435.5;0.6209;0.6058;-0.0640;0.0000;75;71;0.0794;-0.0393;-0.0158;0.0020;-0.0068;0.0000;0.2835
436.0;0.6218;0.6071;-0.1385;0.0000;75;73;0.0037;-0.0378;-0.0158;0.0049;-0.0068;0.0000;0.2835
436.5;0.6232;0.6085;-0.2095;0.0000;75;75;-0.0720;-0.0363;-0.0173;0.0078;-0.0068;0.0000;0.2835
437.0;0.6245;0.6099;-0.2600;0.0000;75;75;0.0085;-0.0363;-0.0173;0.0108;-0.0068;0.0000;0.2835
437.5;0.6250;0.6117;-0.2955;0.0000;75;77;0.0867;-0.0349;-0.0173;0.0117;-0.0068;0.0000;0.2835
438.0;0.6259;0.6131;-0.3355;0.0000;75;79;0.0110;-0.0334;-0.0173;0.0137;-0.0068;0.0000;0.2835
438.5;0.6268;0.6145;-0.3460;0.0000;75;79;0.0110;-0.0319;-0.0173;0.0137;-0.0068;0.0000;0.2835
439.0;0.6282;0.6158;-0.3540;0.0000;77;81;0.0110;-0.0305;-0.0173;0.0147;-0.0059;0.0000;0.2835
439.5;0.6300;0.6177;-0.3635;0.0000;77;79;-0.0672;-0.0319;-0.0173;0.0147;-0.0059;0.0000;0.2835
440.0;0.6314;0.6190;-0.3120;0.0000;77;79;0.0110;-0.0319;-0.0173;0.0127;-0.0059;0.0000;0.2835
440.5;0.6332;0.6209;-0.3010;0.0000;77;79;0.0085;-0.0319;-0.0173;0.0117;-0.0059;0.0000;0.2913
441.0;0.6346;0.6223;-0.2670;0.0000;77;79;0.0085;-0.0319;-0.0173;0.0108;-0.0059;0.0000;0.2913
441.5;0.6360;0.6236;-0.2575;0.0000;77;79;0.0085;-0.0319;-0.0173;0.0108;-0.0059;0.0000;0.2913
442.0;0.6383;0.6255;-0.2240;0.0000;79;79;-0.0720;-0.0334;-0.0173;0.0088;-0.0059;0.0000;0.2913
442.5;0.6401;0.6268;-0.2255;0.0000;77;79;0.0061;-0.0334;-0.0188;0.0088;-0.0059;0.0000;0.2913
443.0;0.6406;0.6287;-0.2025;0.0000;79;79;-0.0720;-0.0319;-0.0188;0.0078;-0.0059;0.0000;0.2913
443.5;0.6410;0.6300;-0.1745;0.0000;81;81;-0.0745;-0.0275;-0.0188;0.0068;-0.0059;0.0000;0.2913
444.0;0.6415;0.6319;-0.1775;0.0000;83;81;0.0061;-0.0246;-0.0188;0.0068;-0.0059;0.0000;0.2913
444.5;0.6419;0.6332;-0.1530;0.0000;85;83;0.0037;-0.0231;-0.0188;0.0059;-0.0059;0.0000;0.2913
445.0;0.6438;0.6351;-0.1580;0.0000;85;83;-0.0745;-0.0217;-0.0188;0.0059;-0.0059;0.0000;0.2913
445.5;0.6442;0.6369;-0.1565;0.0000;87;83;0.0037;-0.0202;-0.0188;0.0059;-0.0059;0.0000;0.2992
446.0;0.6451;0.6383;-0.1635;0.0000;87;85;0.0037;-0.0173;-0.0188;0.0068;-0.0059;0.0000;0.2992
446.5;0.6465;0.6401;-0.1730;0.0000;89;85;-0.0745;-0.0173;-0.0188;0.0068;-0.0059;0.0000;0.2992
447.0;0.6479;0.6419;-0.2005;0.0000;89;87;0.0061;-0.0158;-0.0188;0.0078;-0.0059;0.0000;0.2992
447.5;0.6493;0.6433;-0.1990;0.0000;89;87;0.0061;-0.0144;-0.0188;0.0078;-0.0059;0.0000;0.2992
448.0;0.6511;0.6451;-0.2165;0.0000;89;87;-0.0720;-0.0158;-0.0188;0.0088;-0.0059;0.0000;0.2992
448.5;0.6525;0.6470;-0.1995;0.0000;89;87;0.0061;-0.0144;-0.0188;0.0078;-0.0059;0.0000;0.2992
449.0;0.6543;0.6484;-0.1910;0.0000;89;87;-0.0720;-0.0144;-0.0188;0.0078;-0.0059;0.0000;0.2992
449.5;0.6557;0.6502;-0.1960;0.0000;89;87;0.0061;-0.0144;-0.0188;0.0078;-0.0059;0.0000;0.2992
450.0;0.6571;0.6520;-0.1925;0.0000;89;87;0.0061;-0.0129;-0.0188;0.0078;-0.0049;0.0000;0.3071
450.5;0.6589;0.6538;-0.1970;0.0000;89;89;-0.0720;-0.0129;-0.0188;0.0078;-0.0049;0.0000;0.3071
451.0;0.6612;0.6557;-0.1850;0.0000;89;89;0.0842;-0.0144;-0.0188;0.0068;-0.0049;0.0000;0.3071
451.5;0.6625;0.6575;-0.1900;0.0000;89;89;0.0061;-0.0144;-0.0188;0.0078;-0.0049;0.0000;0.3071
452.0;0.6639;0.6589;-0.1780;0.0000;89;89;0.0061;-0.0129;-0.0188;0.0068;-0.0049;0.0000;0.3071
452.5;0.6653;0.6607;-0.1825;0.0000;89;89;0.0061;-0.0114;-0.0188;0.0068;-0.0049;0.0000;0.3071
453.0;0.6667;0.6625;-0.1795;0.0000;91;89;-0.0720;-0.0114;-0.0188;0.0068;-0.0049;0.0000;0.3071
453.5;0.6680;0.6644;-0.1800;0.0000;91;91;0.0061;-0.0100;-0.0202;0.0068;-0.0049;0.0000;0.3071
454.0;0.6690;0.6662;-0.1635;0.0000;93;91;0.0037;-0.0070;-0.0202;0.0068;-0.0049;0.0000;0.3071
454.5;0.6708;0.6680;-0.1500;0.0000;93;91;0.0037;-0.0070;-0.0202;0.0059;-0.0049;0.0000;0.3071
455.0;0.6717;0.6699;-0.1485;0.0000;93;93;0.0037;-0.0056;-0.0202;0.0059;-0.0049;0.0000;0.3150
455.5;0.6735;0.6717;-0.1435;0.0000;95;93;-0.0745;-0.0041;-0.0202;0.0059;-0.0049;0.0000;0.3150
456.0;0.6745;0.6735;-0.1425;0.0000;95;93;0.0818;-0.0026;-0.0202;0.0059;-0.0049;0.0000;0.3150
456.5;0.6763;0.6754;-0.1400;0.0000;95;93;-0.0745;-0.0026;-0.0202;0.0059;-0.0049;0.0000;0.3150
457.0;0.6777;0.6777;-0.1445;0.0000;95;95;0.0037;-0.0012;-0.0202;0.0059;-0.0049;0.0000;0.3150
457.5;0.6799;0.6795;-0.1420;0.0000;95;95;0.0037;-0.0026;-0.0202;0.0059;-0.0049;0.0000;0.3150
458.0;0.6827;0.6813;-0.1575;0.0000;95;93;0.0037;-0.0041;-0.0202;0.0059;-0.0049;0.0000;0.3150
458.5;0.6850;0.6832;-0.1660;0.0000;93;93;0.0037;-0.0056;-0.0202;0.0068;-0.0049;0.0000;0.3150
459.0;0.6877;0.6850;-0.1735;0.0000;93;93;0.0061;-0.0070;-0.0202;0.0068;-0.0049;0.0000;0.3150
459.5;0.6905;0.6868;-0.1730;0.0000;93;91;-0.0745;-0.0100;-0.0202;0.0068;-0.0049;0.0000;0.3150
460.0;0.6928;0.6891;-0.1735;0.0000;91;91;0.0842;-0.0100;-0.0202;0.0068;-0.0049;0.0000;0.3228
460.5;0.6951;0.6909;-0.1890;0.0000;91;91;-0.0720;-0.0114;-0.0202;0.0078;-0.0049;0.0000;0.3228
461.0;0.6983;0.6928;-0.1925;0.0000;91;91;0.0061;-0.0144;-0.0202;0.0078;-0.0049;0.0000;0.3228
461.5;0.7001;0.6946;-0.2040;0.0000;91;91;0.0061;-0.0144;-0.0202;0.0078;-0.0049;0.0000;0.3228
462.0;0.7019;0.6969;-0.2020;0.0000;93;93;-0.0720;-0.0144;-0.0202;0.0078;-0.0049;0.0000;0.3228
462.5;0.7042;0.6987;-0.2100;0.0000;93;93;-0.0720;-0.0144;-0.0202;0.0088;-0.0049;0.0000;0.3228
463.0;0.7056;0.7005;-0.2015;0.0000;93;93;-0.0720;-0.0129;-0.0202;0.0078;-0.0039;0.0000;0.3228
463.5;0.7070;0.7028;-0.2085;0.0000;95;93;0.0061;-0.0100;-0.0202;0.0078;-0.0039;0.0000;0.3228
464.0;0.7088;0.7047;-0.2025;0.0000;95;95;0.0061;-0.0114;-0.0202;0.0078;-0.0039;0.0000;0.3228
464.5;0.7102;0.7070;-0.1820;0.0000;97;95;-0.0720;-0.0085;-0.0202;0.0068;-0.0039;0.0000;0.3307
465.0;0.7106;0.7088;-0.1790;0.0000;97;97;0.0061;-0.0056;-0.0202;0.0068;-0.0039;0.0000;0.3307
465.5;0.7125;0.7111;-0.1675;0.0000;99;99;0.0037;-0.0041;-0.0202;0.0068;-0.0039;0.0000;0.3307
466.0;0.7147;0.7129;-0.1785;0.0000;99;99;0.0061;-0.0056;-0.0202;0.0068;-0.0039;0.0000;0.3307
466.5;0.7166;0.7152;-0.1725;0.0000;99;99;0.0037;-0.0041;-0.0202;0.0068;-0.0039;0.0000;0.3307
467.0;0.7184;0.7170;-0.2010;0.0000;99;99;0.0061;-0.0041;-0.0202;0.0078;-0.0039;0.0000;0.3307
467.5;0.7212;0.7193;-0.2185;0.0000;97;99;0.0061;-0.0056;-0.0202;0.0088;-0.0039;0.0000;0.3307
468.0;0.7225;0.7212;-0.2345;0.0000;99;101;0.0061;-0.0041;-0.0202;0.0098;-0.0039;0.0000;0.3307
468.5;0.7248;0.7234;-0.2720;0.0000;99;101;0.0085;-0.0041;-0.0202;0.0108;-0.0039;0.0000;0.3307
469.0;0.7276;0.7257;-0.3060;0.0000;97;101;0.0085;-0.0056;-0.0202;0.0127;-0.0039;0.0000;0.3386
469.5;0.7303;0.7276;-0.3225;0.0000;97;101;0.0110;-0.0070;-0.0202;0.0127;-0.0039;0.0000;0.3386
470.0;0.7335;0.7299;-0.3200;0.0000;95;99;0.0110;-0.0100;-0.0202;0.0127;-0.0039;0.0000;0.3386
470.5;0.7367;0.7321;-0.3425;0.0000;95;99;0.0110;-0.0129;-0.0202;0.0137;-0.0039;0.0000;0.3386
471.0;0.7390;0.7340;-0.3340;0.0000;93;99;0.0891;-0.0129;-0.0202;0.0137;-0.0039;0.0000;0.3386
471.5;0.7418;0.7363;-0.3645;0.0000;93;99;0.0891;-0.0144;-0.0202;0.0147;-0.0039;0.0000;0.3386
472.0;0.7440;0.7386;-0.3695;0.0000;95;99;-0.0672;-0.0144;-0.0202;0.0147;-0.0039;0.0000;0.3386
472.5;0.7454;0.7408;-0.3740;0.0000;95;101;0.0916;-0.0129;-0.0202;0.0156;-0.0029;0.0000;0.3386
473.0;0.7473;0.7427;-0.3655;0.0000;97;101;-0.0672;-0.0114;-0.0202;0.0147;-0.0029;0.0000;0.3386
473.5;0.7482;0.7450;-0.3440;0.0000;99;103;-0.0672;-0.0085;-0.0202;0.0137;-0.0029;0.0000;0.3386
474.0;0.7500;0.7473;-0.3410;0.0000;99;103;0.0110;-0.0070;-0.0202;0.0137;-0.0029;0.0000;0.3465
474.5;0.7523;0.7495;-0.3350;0.0000;99;105;0.0110;-0.0070;-0.0202;0.0137;-0.0029;0.0000;0.3465
475.0;0.7541;0.7518;-0.3520;0.0000;101;105;0.0891;-0.0056;-0.0202;0.0147;-0.0029;0.0000;0.3465
475.5;0.7560;0.7541;-0.3380;0.0000;101;105;0.0110;-0.0056;-0.0202;0.0137;-0.0029;0.0000;0.3465
476.0;0.7582;0.7564;-0.3485;0.0000;101;107;0.0110;-0.0056;-0.0202;0.0137;-0.0029;0.0000;0.3465
476.5;0.7610;0.7587;-0.3460;0.0000;101;107;0.0110;-0.0056;-0.0202;0.0137;-0.0029;0.0000;0.3465
477.0;0.7642;0.7610;-0.3510;0.0000;99;105;0.0891;-0.0085;-0.0202;0.0147;-0.0029;0.0000;0.3465
477.5;0.7669;0.7633;-0.3400;0.0000;99;105;0.0110;-0.0100;-0.0202;0.0137;-0.0029;0.0000;0.3465
478.0;0.7706;0.7656;-0.3420;0.0000;99;103;-0.0672;-0.0129;-0.0217;0.0137;-0.0029;0.0000;0.3465
478.5;0.7738;0.7679;-0.3205;0.0000;99;103;0.0110;-0.0158;-0.0217;0.0127;-0.0029;0.0000;0.3543
479.0;0.7766;0.7701;-0.2865;0.0000;99;103;0.0085;-0.0173;-0.0217;0.0117;-0.0020;0.0000;0.3543
479.5;0.7793;0.7724;-0.2780;0.0000;99;101;-0.1477;-0.0188;-0.0217;0.0108;-0.0020;0.0000;0.3543
480.0;0.7825;0.7747;-0.2330;0.0000;99;101;0.0842;-0.0202;-0.0217;0.0088;-0.0020;0.0000;0.3543
480.5;0.7857;0.7770;-0.2280;0.0000;99;101;0.0061;-0.0217;-0.0217;0.0088;-0.0020;0.0000;0.3543
481.0;0.7885;0.7793;-0.2230;0.0000;99;101;0.0061;-0.0231;-0.0217;0.0088;-0.0020;0.0000;0.3543
481.5;0.7912;0.7816;-0.2335;0.0000;97;101;0.0842;-0.0246;-0.0217;0.0098;-0.0020;0.0000;0.3543
482.0;0.7940;0.7843;-0.2185;0.0000;99;101;0.0061;-0.0261;-0.0217;0.0088;-0.0020;0.0000;0.3543
482.5;0.7967;0.7866;-0.2290;0.0000;99;101;-0.0720;-0.0261;-0.0217;0.0088;-0.0020;0.0000;0.3543
483.0;0.7990;0.7889;-0.2395;0.0000;99;103;0.0061;-0.0261;-0.0217;0.0098;-0.0020;0.0000;0.3622
483.5;0.8008;0.7912;-0.2310;0.0000;99;103;0.0061;-0.0246;-0.0217;0.0088;-0.0020;0.0000;0.3622
484.0;0.8031;0.7940;-0.2475;0.0000;101;105;0.0085;-0.0231;-0.0217;0.0098;-0.0020;0.0000;0.3622
484.5;0.8054;0.7962;-0.2345;0.0000;101;105;0.0842;-0.0231;-0.0217;0.0098;-0.0020;0.0000;0.3622
485.0;0.8077;0.7985;-0.2465;0.0000;101;105;0.0085;-0.0231;-0.0217;0.0098;-0.0020;0.0000;0.3622
485.5;0.8095;0.8013;-0.2335;0.0000;103;107;0.0061;-0.0217;-0.0217;0.0098;-0.0020;0.0000;0.3622
486.0;0.8123;0.8036;-0.2435;0.0000;103;107;0.0867;-0.0217;-0.0217;0.0098;-0.0020;0.0000;0.3622
486.5;0.8141;0.8059;-0.2350;0.0000;103;109;0.0061;-0.0217;-0.0231;0.0098;-0.0020;0.0000;0.3622
487.0;0.8168;0.8086;-0.2325;0.0000;103;107;-0.0720;-0.0217;-0.0231;0.0088;-0.0020;0.0000;0.3622
487.5;0.8191;0.8109;-0.2140;0.0000;105;107;0.0842;-0.0202;-0.0231;0.0088;-0.0020;0.0000;0.3701
488.0;0.8210;0.8136;-0.2275;0.0000;105;109;-0.0720;-0.0188;-0.0231;0.0088;-0.0020;0.0000;0.3701
488.5;0.8233;0.8159;-0.2480;0.0000;105;110;0.0842;-0.0188;-0.0231;0.0098;-0.0020;0.0000;0.3701
489.0;0.8260;0.8187;-0.2445;0.0000;105;110;0.0867;-0.0202;-0.0231;0.0098;-0.0010;0.0000;0.3701
489.5;0.8292;0.8210;-0.2800;0.0000;105;110;-0.0696;-0.0202;-0.0231;0.0117;-0.0010;0.0000;0.3701
490.0;0.8320;0.8237;-0.2980;0.0000;105;110;0.0867;-0.0217;-0.0231;0.0117;-0.0010;0.0000;0.3701
490.5;0.8342;0.8260;-0.3110;0.0000;105;110;-0.0696;-0.0217;-0.0231;0.0127;-0.0010;0.0000;0.3701
491.0;0.8370;0.8288;-0.3290;0.0000;103;110;0.0891;-0.0217;-0.0231;0.0137;-0.0010;0.0000;0.3701
491.5;0.8397;0.8315;-0.3095;0.0000;105;110;0.0891;-0.0217;-0.0231;0.0127;-0.0010;0.0000;0.3701
492.0;0.8429;0.8338;-0.3295;0.0000;103;110;0.0110;-0.0231;-0.0231;0.0137;-0.0010;0.0000;0.3780
492.5;0.8457;0.8365;-0.3130;0.0000;105;110;0.0110;-0.0231;-0.0231;0.0127;-0.0010;0.0000;0.3780
493.0;0.8484;0.8393;-0.2870;0.0000;105;110;-0.0696;-0.0231;-0.0231;0.0117;-0.0010;0.0000;0.3780
493.5;0.8512;0.8416;-0.2795;0.0000;105;112;0.0867;-0.0246;-0.0231;0.0117;-0.0010;0.0000;0.3780
494.0;0.8539;0.8443;-0.2275;0.0000;105;110;0.0061;-0.0246;-0.0231;0.0088;-0.0010;0.0000;0.3780
494.5;0.8558;0.8471;-0.2160;0.0000;107;112;0.0061;-0.0231;-0.0231;0.0088;-0.0010;0.0000;0.3780
495.0;0.8581;0.8494;-0.1675;0.0000;109;112;-0.0745;-0.0217;-0.0231;0.0068;-0.0010;0.0000;0.3780
495.5;0.8603;0.8521;-0.1225;0.0000;109;112;0.0818;-0.0202;-0.0246;0.0049;-0.0010;0.0000;0.3780
496.0;0.8617;0.8549;-0.1045;0.0000;110;114;0.0037;-0.0173;-0.0246;0.0039;-0.0010;0.0000;0.3858
496.5;0.8645;0.8576;-0.0880;0.0000;112;114;0.0012;-0.0173;-0.0246;0.0029;-0.0010;0.0000;0.3858
497.0;0.8668;0.8603;-0.0650;0.0000;112;114;0.0794;-0.0173;-0.0246;0.0020;-0.0010;0.0000;0.3858
497.5;0.8700;0.8631;-0.0665;0.0000;112;114;0.0012;-0.0188;-0.0246;0.0020;-0.0010;0.0000;0.3858
498.0;0.8727;0.8658;-0.0940;0.0000;110;114;0.0794;-0.0188;-0.0246;0.0039;-0.0010;0.0000;0.3858
498.5;0.8755;0.8681;-0.1175;0.0000;110;114;0.0818;-0.0188;-0.0246;0.0049;-0.0010;0.0000;0.3858
499.0;0.8782;0.8709;-0.1680;0.0000;110;116;0.0037;-0.0188;-0.0246;0.0068;-0.0010;0.0000;0.3858
499.5;0.8819;0.8736;-0.1605;0.0000;110;114;0.0037;-0.0217;-0.0246;0.0059;-0.0010;0.0000;0.3858
500.0;0.8851;0.8764;-0.1720;0.0000;110;116;0.0818;-0.0217;-0.0246;0.0068;-0.0010;0.0000;0.3858
500.5;0.8887;0.8791;-0.1555;0.0000;109;114;0.0818;-0.0231;-0.0246;0.0059;-0.0000;0.0000;0.3937
501.0;0.8910;0.8819;-0.1800;0.0000;109;116;0.0061;-0.0231;-0.0246;0.0068;-0.0000;0.0000;0.3937
501.5;0.8942;0.8846;-0.1980;0.0000;109;116;0.0061;-0.0246;-0.0246;0.0078;-0.0000;0.0000;0.3937
502.0;0.8979;0.8874;-0.1555;0.0000;109;114;0.0818;-0.0275;-0.0246;0.0059;-0.0000;0.0000;0.3937
502.5;0.9011;0.8906;-0.1680;0.0000;109;114;-0.0745;-0.0275;-0.0246;0.0068;-0.0000;0.0000;0.3937
503.0;0.9048;0.8933;-0.0885;0.0000;110;112;0.0012;-0.0290;-0.0246;0.0029;-0.0000;0.0000;0.3937
503.5;0.9071;0.8961;-0.1165;0.0000;110;114;0.0037;-0.0290;-0.0246;0.0049;-0.0000;0.0000;0.3937
504.0;0.9093;0.8988;-0.0755;0.0000;112;116;0.0794;-0.0275;-0.0261;0.0029;-0.0000;0.0000;0.3937
504.5;0.9116;0.9016;-0.1100;0.0000;112;118;0.1600;-0.0246;-0.0261;0.0039;-0.0000;0.0000;0.3937
505.0;0.9125;0.9043;-0.0925;0.0000;114;118;0.0012;-0.0202;-0.0261;0.0029;-0.0000;0.0000;0.4016
505.5;0.9130;0.9075;-0.0520;0.0000;116;120;0.0794;-0.0158;-0.0261;0.0020;-0.0000;0.0000;0.4016
506.0;0.9158;0.9103;-0.0160;0.0000;118;122;0.0769;-0.0144;-0.0261;-0.0000;-0.0000;0.0000;0.4016
506.5;0.9190;0.9130;-0.0305;0.0000;118;122;-0.0794;-0.0158;-0.0261;0.0010;-0.0000;0.0000;0.4016
507.0;0.9217;0.9158;-0.1055;0.0000;118;122;0.0818;-0.0158;-0.0261;0.0039;-0.0000;0.0000;0.4016
507.5;0.9254;0.9190;-0.0555;0.0000;118;122;-0.0769;-0.0173;-0.0261;0.0020;-0.0000;0.0000;0.4016
508.0;0.9286;0.9217;-0.0985;0.0000;118;122;0.0012;-0.0173;-0.0261;0.0039;-0.0000;0.0000;0.4016
508.5;0.9318;0.9245;-0.0725;0.0000;118;120;0.0794;-0.0188;-0.0261;0.0029;-0.0000;0.0000;0.4016
509.0;0.9350;0.9277;-0.1360;0.0000;116;120;0.0037;-0.0188;-0.0261;0.0049;-0.0000;0.0000;0.4094
509.5;0.9377;0.9304;-0.1870;0.0000;116;122;0.0061;-0.0188;-0.0261;0.0078;-0.0000;0.0000;0.4094
510.0;0.9414;0.9336;-0.2635;0.0000;116;122;0.0867;-0.0202;-0.0261;0.0108;-0.0000;0.0000;0.4094
510.5;0.9446;0.9364;-0.2820;0.0000;116;124;0.0085;-0.0217;-0.0261;0.0117;-0.0000;0.0000;0.4094
511.0;0.9478;0.9391;-0.2790;0.0000;116;124;0.0085;-0.0217;-0.0261;0.0108;-0.0000;0.0000;0.4094
511.5;0.9505;0.9423;-0.2710;0.0000;116;124;0.0085;-0.0217;-0.0261;0.0108;-0.0000;0.0000;0.4094
512.0;0.9533;0.9451;-0.2665;0.0000;116;124;0.0085;-0.0202;-0.0261;0.0108;-0.0000;0.0000;0.4094
512.5;0.9560;0.9483;-0.3005;0.0000;116;124;0.0085;-0.0202;-0.0261;0.0117;-0.0000;0.0000;0.4094
513.0;0.9583;0.9515;-0.2265;0.0000;118;124;0.0061;-0.0188;-0.0261;0.0088;-0.0000;0.0000;0.4173
513.5;0.9606;0.9542;-0.2400;0.0000;120;126;0.0061;-0.0173;-0.0261;0.0098;-0.0000;0.0000;0.4173
514.0;0.9638;0.9574;-0.1605;0.0000;122;126;0.0818;-0.0173;-0.0275;0.0059;-0.0000;0.0000;0.4173
514.5;0.9670;0.9602;-0.1570;0.0000;122;126;-0.0745;-0.0173;-0.0275;0.0059;-0.0000;0.0000;0.4173
515.0;0.9698;0.9634;-0.1320;0.0000;122;126;0.0037;-0.0173;-0.0275;0.0049;-0.0000;0.0000;0.4173
515.5;0.9730;0.9666;-0.1510;0.0000;122;126;0.0818;-0.0173;-0.0275;0.0059;0.0010;0.0000;0.4173
516.0;0.9766;0.9693;-0.1095;0.0000;122;124;-0.0745;-0.0188;-0.0275;0.0039;0.0010;0.0000;0.4173
516.5;0.9799;0.9725;-0.0720;0.0000;122;124;0.0012;-0.0188;-0.0275;0.0029;0.0010;0.0000;0.4173
517.0;0.9821;0.9757;-0.1065;0.0000;124;126;0.0818;-0.0173;-0.0275;0.0039;0.0010;0.0000;0.4173
517.5;0.9844;0.9789;-0.0785;0.0000;126;128;0.0012;-0.0158;-0.0275;0.0029;0.0010;0.0000;0.4252
518.0;0.9872;0.9817;-0.1285;0.0000;126;128;-0.0745;-0.0144;-0.0275;0.0049;0.0010;0.0000;0.4252
518.5;0.9904;0.9849;-0.0710;0.0000;126;128;0.0794;-0.0144;-0.0275;0.0029;0.0010;0.0000;0.4252
519.0;0.9936;0.9881;-0.1180;0.0000;126;128;-0.0745;-0.0144;-0.0275;0.0049;0.0010;0.0000;0.4252
519.5;0.9968;0.9913;-0.0670;0.0000;126;128;0.0794;-0.0144;-0.0275;0.0020;0.0010;0.0000;0.4252
520.0;1.0005;0.9945;-0.1235;0.0000;126;128;0.0037;-0.0158;-0.0275;0.0049;0.0010;0.0000;0.4252
520.5;1.0037;0.9973;-0.1325;0.0000;126;128;-0.0745;-0.0158;-0.0275;0.0049;0.0010;0.0000;0.4252
521.0;1.0069;1.0005;-0.1800;0.0000;126;132;0.0842;-0.0158;-0.0275;0.0068;0.0010;0.0000;0.4252
521.5;1.0101;1.0037;-0.1490;0.0000;126;130;-0.0745;-0.0173;-0.0275;0.0059;0.0010;0.0000;0.4331
522.0;1.0133;1.0069;-0.1105;0.0000;128;128;-0.0745;-0.0173;-0.0275;0.0039;0.0010;0.0000;0.4331
522.5;1.0165;1.0101;-0.1360;0.0000;128;130;0.0037;-0.0158;-0.0275;0.0049;0.0010;0.0000;0.4331
523.0;1.0197;1.0133;-0.0965;0.0000;128;132;0.0794;-0.0158;-0.0275;0.0039;0.0010;0.0000;0.4331
523.5;1.0224;1.0165;-0.0850;0.0000;128;132;-0.0769;-0.0158;-0.0275;0.0029;0.0010;0.0000;0.4331
524.0;1.0261;1.0197;0.0075;0.0000;132;130;-0.0012;-0.0158;-0.0275;-0.0010;0.0010;0.0000;0.4331
524.5;1.0284;1.0229;-0.0360;0.0000;132;132;-0.0794;-0.0144;-0.0275;0.0010;0.0010;0.0000;0.4331
525.0;1.0311;1.0261;-0.0720;0.0000;132;134;0.0794;-0.0129;-0.0275;0.0029;0.0010;0.0000;0.4331
525.5;1.0343;1.0293;-0.1410;0.0000;132;136;0.0037;-0.0129;-0.0275;0.0059;0.0010;0.0000;0.4409
526.0;1.0380;1.0330;-0.1530;0.0000;130;134;-0.0745;-0.0144;-0.0290;0.0059;0.0010;0.0000;0.4409
526.5;1.0417;1.0362;-0.2085;0.0000;128;136;0.0842;-0.0144;-0.0290;0.0078;0.0010;0.0000;0.4409
527.0;1.0453;1.0394;-0.2050;0.0000;128;136;0.0061;-0.0158;-0.0290;0.0078;0.0010;0.0000;0.4409
527.5;1.0495;1.0426;-0.2190;0.0000;128;136;0.0061;-0.0173;-0.0290;0.0088;0.0010;0.0000;0.4409
528.0;1.0540;1.0458;-0.2305;0.0000;128;134;-0.0720;-0.0217;-0.0290;0.0088;0.0010;0.0000;0.4409
528.5;1.0586;1.0495;-0.1915;0.0000;128;132;0.0061;-0.0246;-0.0290;0.0078;0.0010;0.0000;0.4409
529.0;1.0627;1.0527;-0.1670;0.0000;126;132;-0.0745;-0.0261;-0.0290;0.0068;0.0010;0.0000;0.4409
529.5;1.0668;1.0559;-0.1105;0.0000;126;130;0.0037;-0.0290;-0.0290;0.0039;0.0010;0.0000;0.4488
530.0;1.0710;1.0591;-0.1605;0.0000;126;130;-0.0745;-0.0305;-0.0290;0.0059;0.0010;0.0000;0.4488
530.5;1.0751;1.0627;-0.1225;0.0000;126;130;0.0037;-0.0319;-0.0290;0.0049;0.0010;0.0000;0.4488
531.0;1.0797;1.0659;-0.1705;0.0000;126;130;-0.0745;-0.0349;-0.0290;0.0068;0.0010;0.0000;0.4488
531.5;1.0842;1.0691;-0.0605;0.0000;128;126;-0.1551;-0.0378;-0.0290;0.0020;0.0010;0.0000;0.4488
532.0;1.0888;1.0728;-0.0095;0.0000;128;126;-0.0794;-0.0407;-0.0290;-0.0000;0.0010;0.0000;0.4488
532.5;1.0939;1.0760;0.1090;0.0000;128;124;-0.0842;-0.0451;-0.0305;-0.0049;0.0010;0.0000;0.4488
533.0;1.0989;1.0797;0.1995;0.0000;128;120;-0.0867;-0.0495;-0.0305;-0.0088;0.0010;0.0000;0.4488
533.5;1.1039;1.0829;0.2855;0.0000;128;118;-0.0110;-0.0539;-0.0305;-0.0127;0.0010;0.0000;0.4567
534.0;1.1085;1.0861;0.3305;0.0000;128;118;-0.1697;-0.0568;-0.0305;-0.0147;0.0010;0.0000;0.4567
534.5;1.1122;1.0897;0.2895;0.0000;128;118;-0.0110;-0.0568;-0.0305;-0.0127;0.0010;0.0000;0.4567
535.0;1.1158;1.0929;0.2400;0.0000;128;120;-0.0085;-0.0583;-0.0305;-0.0108;0.0010;0.0000;0.4567
535.5;1.1190;1.0966;-0.0390;0.0000;126;126;0.0794;-0.0568;-0.0305;0.0010;0.0010;0.0000;0.4567
536.0;1.1213;1.1003;-0.0810;0.0000;128;128;-0.0769;-0.0539;-0.0319;0.0029;0.0010;0.0000;0.4567
536.5;1.1232;1.1035;-0.3100;0.0000;128;132;-0.0696;-0.0495;-0.0319;0.0127;0.0010;0.0000;0.4567
537.0;1.1241;1.1071;-0.3125;0.0000;132;136;-0.0696;-0.0437;-0.0319;0.0127;0.0010;0.0000;0.4567
537.5;1.1259;1.1103;-0.3075;0.0000;134;140;0.0867;-0.0393;-0.0319;0.0127;0.0010;0.0000;0.4646
538.0;1.1273;1.1140;-0.2445;0.0000;138;142;0.0085;-0.0349;-0.0319;0.0098;0.0010;0.0000;0.4646
538.5;1.1305;1.1177;-0.2430;0.0000;140;142;0.0085;-0.0334;-0.0319;0.0098;0.0010;0.0000;0.4646
539.0;1.1328;1.1209;-0.2975;0.0000;140;144;-0.0696;-0.0305;-0.0319;0.0117;0.0010;0.0000;0.4646
539.5;1.1355;1.1245;-0.1630;0.0000;142;144;-0.0745;-0.0275;-0.0319;0.0059;0.0020;0.0000;0.4646
540.0;1.1369;1.1282;-0.2015;0.0000;144;146;0.0061;-0.0231;-0.0319;0.0078;0.0020;0.0000;0.4646
540.5;1.1383;1.1319;-0.0635;0.0000;146;146;-0.0769;-0.0173;-0.0319;0.0020;0.0020;0.0000;0.4646
541.0;1.1401;1.1351;-0.1245;0.0000;148;150;0.0037;-0.0129;-0.0319;0.0049;0.0020;0.0000;0.4646
541.5;1.1429;1.1387;0.0115;0.0000;152;148;-0.0794;-0.0100;-0.0319;-0.0010;0.0020;0.0000;0.4724
542.0;1.1451;1.1424;-0.0835;0.0000;152;152;0.0012;-0.0070;-0.0319;0.0029;0.0020;0.0000;0.4724
542.5;1.1479;1.1461;-0.0715;0.0000;152;152;0.0012;-0.0056;-0.0319;0.0029;0.0020;0.0000;0.4724
543.0;1.1502;1.1497;-0.0220;0.0000;152;152;-0.0012;-0.0026;-0.0319;-0.0000;0.0020;0.0000;0.4724
543.5;1.1534;1.1534;0.0030;0.0000;153;152;-0.0794;-0.0012;-0.0319;-0.0010;0.0020;0.0000;0.4724
544.0;1.1561;1.1566;-0.0045;0.0000;153;153;0.0769;0.0003;-0.0319;-0.0000;0.0020;0.0000;0.4724
544.5;1.1598;1.1603;-0.1175;0.0000;152;153;-0.0745;0.0003;-0.0319;0.0049;0.0020;0.0000;0.4724
545.0;1.1635;1.1639;-0.0400;0.0000;153;153;-0.0769;0.0003;-0.0319;0.0010;0.0020;0.0000;0.4724
545.5;1.1662;1.1676;-0.1355;0.0000;153;155;0.0037;0.0032;-0.0319;0.0049;0.0020;0.0000;0.4803
546.0;1.1694;1.1712;-0.0490;0.0000;155;153;0.0012;0.0047;-0.0319;0.0020;0.0020;0.0000;0.4803
546.5;1.1726;1.1749;-0.0745;0.0000;155;155;-0.0769;0.0062;-0.0319;0.0029;0.0020;0.0000;0.4803
547.0;1.1749;1.1786;-0.0950;0.0000;155;155;-0.0769;0.0091;-0.0319;0.0039;0.0020;0.0000;0.4803
547.5;1.1772;1.1822;-0.1525;0.0000;157;157;0.0037;0.0135;-0.0319;0.0059;0.0020;0.0000;0.4803
548.0;1.1795;1.1859;-0.1725;0.0000;159;159;-0.0745;0.0164;-0.0319;0.0068;0.0020;0.0000;0.4803
548.5;1.1822;1.1900;-0.1120;0.0000;161;159;0.0037;0.0179;-0.0319;0.0039;0.0020;0.0000;0.4803
549.0;1.1841;1.1937;-0.1625;0.0000;161;163;-0.0745;0.0223;-0.0319;0.0059;0.0020;0.0000;0.4803
549.5;1.1868;1.1973;-0.1585;0.0000;161;163;0.0818;0.0252;-0.0319;0.0059;0.0020;0.0000;0.4803
550.0;1.1900;1.2010;-0.3155;0.0000;159;165;0.0085;0.0267;-0.0319;0.0127;0.0020;0.0000;0.4803
550.5;1.1932;1.2047;-0.3065;0.0000;159;165;-0.0696;0.0281;-0.0319;0.0127;0.0020;0.0000;0.4803
551.0;1.1969;1.2083;-0.4165;0.0000;159;165;0.0916;0.0281;-0.0319;0.0166;0.0020;0.0000;0.4803
551.5;1.2001;1.2115;-0.3595;0.0000;157;165;0.0891;0.0281;-0.0319;0.0147;0.0020;0.0000;0.4803
552.0;1.2033;1.2152;-0.3710;0.0000;159;165;0.0891;0.0296;-0.0319;0.0147;0.0020;0.0000;0.4803
552.5;1.2070;1.2189;-0.3905;0.0000;159;167;0.0134;0.0296;-0.0319;0.0156;0.0020;0.0000;0.4803
553.0;1.2111;1.2225;-0.3755;0.0000;157;165;-0.0672;0.0281;-0.0319;0.0156;0.0020;0.0000;0.4803
553.5;1.2157;1.2262;-0.3515;0.0000;157;163;0.0110;0.0252;-0.0305;0.0147;0.0029;0.0000;0.4803
554.0;1.2198;1.2299;-0.2350;0.0000;157;161;0.0061;0.0237;-0.0305;0.0098;0.0029;0.0000;0.4803
554.5;1.2234;1.2335;-0.2750;0.0000;157;161;0.0085;0.0237;-0.0305;0.0108;0.0029;0.0000;0.4803
555.0;1.2280;1.2367;-0.1915;0.0000;157;159;-0.0720;0.0208;-0.0305;0.0078;0.0029;0.0000;0.4803
555.5;1.2340;1.2404;-0.2525;0.0000;153;157;0.0085;0.0164;-0.0305;0.0098;0.0029;0.0000;0.4803
556.0;1.2404;1.2440;-0.2185;0.0000;152;155;0.0061;0.0091;-0.0305;0.0088;0.0029;0.0000;0.4803
556.5;1.2463;1.2477;-0.3070;0.0000;148;153;0.0085;0.0018;-0.0305;0.0127;0.0029;0.0000;0.4803
557.0;1.2523;1.2509;-0.2550;0.0000;146;150;0.0867;-0.0041;-0.0305;0.0098;0.0029;0.0000;0.4803
557.5;1.2582;1.2546;-0.3215;0.0000;142;150;0.1673;-0.0100;-0.0305;0.0127;0.0029;0.0000;0.4803
558.0;1.2633;1.2582;-0.4580;0.0000;140;150;0.0940;-0.0144;-0.0305;0.0186;0.0029;0.0000;0.4803
558.5;1.2692;1.2614;-0.5360;0.0000;136;150;0.0965;-0.0202;-0.0305;0.0225;0.0029;0.0000;0.4803
559.0;1.2738;1.2651;-0.6435;0.0000;134;152;0.0989;-0.0231;-0.0305;0.0264;0.0029;0.0000;0.4803
559.5;1.2793;1.2683;-0.6670;0.0000;134;152;0.1795;-0.0275;-0.0305;0.0274;0.0029;0.0000;0.4724
560.0;1.2848;1.2720;-0.8070;0.0000;128;152;0.2625;-0.0334;-0.0319;0.0332;0.0039;0.0000;0.4724
560.5;1.2912;1.2752;-0.8420;0.0000;126;150;0.1844;-0.0393;-0.0319;0.0352;0.0039;0.0000;0.4724
561.0;1.2967;1.2788;-1.0180;0.0000;122;152;0.1917;-0.0451;-0.0319;0.0420;0.0039;0.0000;0.4724
561.5;1.3022;1.2821;-1.0500;0.0000;120;150;0.1136;-0.0510;-0.0319;0.0440;0.0039;0.0000;0.4724
562.0;1.3072;1.2857;-1.0935;0.0000;118;150;0.1160;-0.0554;-0.0319;0.0450;0.0039;0.0000;0.4724
562.5;1.3123;1.2889;-1.1105;0.0000;118;150;0.1160;-0.0583;-0.0319;0.0459;0.0049;0.0000;0.4724
563.0;1.3168;1.2926;-1.1720;0.0000;116;150;0.2747;-0.0627;-0.0319;0.0489;0.0049;0.0000;0.4724
563.5;1.3223;1.2958;-1.3080;0.0000;114;152;0.2015;-0.0671;-0.0334;0.0547;0.0049;0.0000;0.4724
564.0;1.3292;1.2995;-1.3755;0.0000;110;150;0.2039;-0.0759;-0.0334;0.0577;0.0059;0.0000;0.4724
564.5;1.3365;1.3027;-1.4565;0.0000;107;148;0.2845;-0.0847;-0.0334;0.0606;0.0059;0.0000;0.4724
565.0;1.3429;1.3059;-1.4230;0.0000;103;146;0.2845;-0.0935;-0.0334;0.0596;0.0059;0.0000;0.4724
565.5;1.3494;1.3095;-1.5355;0.0000;99;144;0.2869;-0.1008;-0.0349;0.0635;0.0068;0.0000;0.4724
566.0;1.3562;1.3127;-1.5065;0.0000;97;142;0.2869;-0.1096;-0.0349;0.0626;0.0068;0.0000;0.4724
566.5;1.3626;1.3159;-1.6035;0.0000;93;142;0.2918;-0.1169;-0.0349;0.0665;0.0068;0.0000;0.4724
567.0;1.3695;1.3191;-1.5935;0.0000;91;140;0.2869;-0.1257;-0.0349;0.0665;0.0078;0.0000;0.4724
567.5;1.3759;1.3228;-1.5660;0.0000;89;138;0.3675;-0.1345;-0.0363;0.0655;0.0078;0.0000;0.4724
568.0;1.3819;1.3260;-1.5380;0.0000;89;136;0.2869;-0.1418;-0.0363;0.0645;0.0078;0.0000;0.4724
568.5;1.3869;1.3292;-1.5360;0.0000;87;136;0.2869;-0.1447;-0.0378;0.0635;0.0088;0.0000;0.4724
569.0;1.3915;1.3324;-1.6060;0.0000;87;136;0.2894;-0.1491;-0.0378;0.0665;0.0088;0.0000;0.4724
569.5;1.3961;1.3356;-1.5195;0.0000;87;136;0.3651;-0.1521;-0.0378;0.0635;0.0088;0.0000;0.4724
570.0;1.4006;1.3388;-1.5385;0.0000;87;136;0.2088;-0.1550;-0.0393;0.0645;0.0098;0.0000;0.4724
570.5;1.4029;1.3425;-1.3815;0.0000;91;138;0.2039;-0.1521;-0.0393;0.0577;0.0098;0.0000;0.4724
571.0;1.4038;1.3457;-1.2360;0.0000;97;138;0.1209;-0.1462;-0.0407;0.0518;0.0098;0.0000;0.4724
571.5;1.4038;1.3489;-0.9350;0.0000;105;140;0.1893;-0.1389;-0.0407;0.0391;0.0098;0.0000;0.4724
572.0;1.4029;1.3521;-0.6820;0.0000;112;142;0.1013;-0.1272;-0.0407;0.0283;0.0098;0.0000;0.4724
572.5;1.4016;1.3553;-0.3275;0.0000;120;142;0.0110;-0.1169;-0.0422;0.0137;0.0098;0.0000;0.4724
573.0;1.3997;1.3585;0.0440;0.0000;132;144;0.0745;-0.1037;-0.0422;-0.0020;0.0098;0.0000;0.4724
573.5;1.3984;1.3617;0.3330;0.0000;140;146;-0.0134;-0.0920;-0.0422;-0.0147;0.0098;0.0000;0.4646
574.0;1.3961;1.3649;0.5680;0.0000;148;148;-0.0208;-0.0788;-0.0422;-0.0244;0.0098;0.0000;0.4646
574.5;1.3933;1.3681;0.6615;0.0000;155;152;-0.1038;-0.0642;-0.0437;-0.0283;0.0098;0.0000;0.4646
575.0;1.3915;1.3709;0.8175;0.0000;161;153;-0.0305;-0.0510;-0.0437;-0.0352;0.0098;0.0000;0.4646
575.5;1.3892;1.3741;0.8210;0.0000;165;157;-0.0305;-0.0378;-0.0437;-0.0352;0.0098;0.0000;0.4646
576.0;1.3869;1.3773;0.9195;0.0000;171;161;0.0452;-0.0246;-0.0437;-0.0391;0.0098;0.0000;0.4646
576.5;1.3846;1.3805;0.8730;0.0000;175;167;0.0452;-0.0114;-0.0437;-0.0371;0.0088;0.0000;0.4646
577.0;1.3832;1.3837;0.8005;0.0000;179;171;0.0501;0.0003;-0.0437;-0.0342;0.0088;0.0000;0.4646
577.5;1.3828;1.3869;0.7120;0.0000;179;175;-0.0256;0.0091;-0.0437;-0.0303;0.0088;0.0000;0.4646
578.0;1.3828;1.3897;0.6435;0.0000;179;177;0.0549;0.0164;-0.0437;-0.0274;0.0088;0.0000;0.4646
578.5;1.3828;1.3929;0.6195;0.0000;179;177;0.0549;0.0252;-0.0437;-0.0264;0.0088;0.0000;0.4646
579.0;1.3823;1.3961;0.5520;0.0000;181;179;-0.0208;0.0340;-0.0437;-0.0235;0.0088;0.0000;0.4646
579.5;1.3823;1.3993;0.5585;0.0000;183;181;0.0574;0.0413;-0.0437;-0.0244;0.0088;0.0000;0.4646
580.0;1.3828;1.4020;0.5060;0.0000;183;183;-0.0183;0.0472;-0.0422;-0.0215;0.0078;0.0000;0.4646
580.5;1.3832;1.4052;0.5720;0.0000;185;183;0.0574;0.0530;-0.0422;-0.0244;0.0078;0.0000;0.4646
581.0;1.3837;1.4084;0.5515;0.0000;185;185;0.0574;0.0604;-0.0422;-0.0235;0.0078;0.0000;0.4646
581.5;1.3832;1.4112;0.6330;0.0000;189;185;-0.0232;0.0691;-0.0422;-0.0274;0.0078;0.0000;0.4646
582.0;1.3828;1.4144;0.6255;0.0000;191;187;-0.0232;0.0779;-0.0422;-0.0264;0.0078;0.0000;0.4646
582.5;1.3828;1.4171;0.5730;0.0000;193;189;0.0574;0.0853;-0.0422;-0.0244;0.0078;0.0000;0.4646
583.0;1.3842;1.4203;0.5380;0.0000;193;189;-0.0208;0.0897;-0.0407;-0.0235;0.0078;0.0000;0.4646
583.5;1.3851;1.4231;0.4985;0.0000;193;191;-0.0965;0.0941;-0.0407;-0.0215;0.0078;0.0000;0.4646
584.0;1.3869;1.4263;0.5430;0.0000;195;191;-0.0208;0.0970;-0.0407;-0.0235;0.0068;0.0000;0.4646
584.5;1.3897;1.4290;0.4940;0.0000;193;189;-0.0965;0.0984;-0.0393;-0.0215;0.0068;0.0000;0.4646
585.0;1.3929;1.4322;0.5490;0.0000;191;187;-0.0208;0.0984;-0.0393;-0.0235;0.0068;0.0000;0.4646
585.5;1.3970;1.4350;0.4925;0.0000;189;183;-0.0183;0.0941;-0.0393;-0.0215;0.0068;0.0000;0.4646
586.0;1.4016;1.4382;0.5370;0.0000;187;181;-0.0989;0.0897;-0.0393;-0.0235;0.0068;0.0000;0.4646
586.5;1.4061;1.4409;0.5275;0.0000;183;177;-0.0989;0.0853;-0.0378;-0.0225;0.0068;0.0000;0.4567
587.0;1.4103;1.4441;0.5730;0.0000;183;175;-0.0208;0.0838;-0.0378;-0.0244;0.0068;0.0000;0.4567
587.5;1.4139;1.4469;0.5470;0.0000;181;175;-0.0208;0.0809;-0.0378;-0.0235;0.0068;0.0000;0.4567
588.0;1.4180;1.4496;0.4700;0.0000;181;173;-0.0965;0.0794;-0.0378;-0.0205;0.0068;0.0000;0.4567
588.5;1.4226;1.4528;0.4170;0.0000;177;171;-0.0159;0.0750;-0.0378;-0.0176;0.0059;0.0000;0.4567
589.0;1.4263;1.4556;0.3235;0.0000;175;171;-0.0134;0.0721;-0.0363;-0.0137;0.0059;0.0000;0.4567
589.5;1.4309;1.4583;0.3660;0.0000;173;169;-0.0134;0.0677;-0.0363;-0.0156;0.0059;0.0000;0.4567
590.0;1.4364;1.4611;0.2710;0.0000;169;167;-0.0891;0.0618;-0.0363;-0.0117;0.0059;0.0000;0.4567
590.5;1.4428;1.4643;0.3030;0.0000;167;163;-0.0110;0.0530;-0.0363;-0.0137;0.0059;0.0000;0.4567
591.0;1.4483;1.4670;0.1965;0.0000;163;163;-0.0085;0.0457;-0.0363;-0.0088;0.0059;0.0000;0.4567
591.5;1.4538;1.4698;0.1020;0.0000;159;161;0.0745;0.0398;-0.0363;-0.0049;0.0059;0.0000;0.4567
592.0;1.4592;1.4725;0.1220;0.0000;157;159;-0.0061;0.0325;-0.0363;-0.0059;0.0059;0.0000;0.4567
592.5;1.4652;1.4753;0.0640;0.0000;153;157;0.0745;0.0237;-0.0363;-0.0029;0.0059;0.0000;0.4567
593.0;1.4725;1.4780;0.0595;0.0000;150;153;-0.0037;0.0135;-0.0349;-0.0029;0.0059;0.0000;0.4567
593.5;1.4808;1.4808;-0.0705;0.0000;144;150;0.0012;0.0003;-0.0349;0.0029;0.0059;0.0000;0.4567
594.0;1.4886;1.4835;-0.0745;0.0000;140;146;0.0012;-0.0129;-0.0349;0.0029;0.0059;0.0000;0.4567
594.5;1.4959;1.4867;-0.1895;0.0000;136;142;0.0061;-0.0231;-0.0363;0.0078;0.0059;0.0000;0.4567
595.0;1.5023;1.4895;-0.1730;0.0000;134;140;0.0037;-0.0334;-0.0363;0.0068;0.0059;0.0000;0.4567
595.5;1.5087;1.4922;-0.2430;0.0000;130;140;0.0867;-0.0422;-0.0363;0.0098;0.0059;0.0000;0.4567
596.0;1.5137;1.4950;-0.2470;0.0000;128;138;0.0842;-0.0481;-0.0363;0.0098;0.0059;0.0000;0.4567
596.5;1.5179;1.4977;-0.3600;0.0000;126;140;0.0891;-0.0510;-0.0363;0.0147;0.0059;0.0000;0.4567
597.0;1.5211;1.5000;-0.5220;0.0000;126;142;0.0965;-0.0524;-0.0363;0.0215;0.0068;0.0000;0.4567
597.5;1.5252;1.5027;-0.6270;0.0000;124;144;0.0989;-0.0568;-0.0363;0.0254;0.0068;0.0000;0.4567
598.0;1.5293;1.5055;-0.7705;0.0000;124;148;0.1819;-0.0598;-0.0363;0.0323;0.0068;0.0000;0.4567
598.5;1.5330;1.5082;-0.8250;0.0000;122;148;0.1844;-0.0627;-0.0378;0.0342;0.0068;0.0000;0.4488
599.0;1.5362;1.5110;-0.9675;0.0000;122;152;0.2674;-0.0627;-0.0378;0.0401;0.0068;0.0000;0.4488
599.5;1.5375;1.5137;-1.0115;0.0000;122;153;0.1111;-0.0612;-0.0378;0.0420;0.0068;0.0000;0.4488
600.0;1.5394;1.5165;-1.1065;0.0000;124;157;0.1941;-0.0583;-0.0378;0.0459;0.0078;0.0000;0.4488
600.5;1.5412;1.5188;-1.1040;0.0000;124;159;0.1941;-0.0568;-0.0378;0.0459;0.0078;0.0000;0.4488
601.0;1.5435;1.5215;-1.1465;0.0000;124;161;0.1160;-0.0554;-0.0378;0.0479;0.0078;0.0000;0.4488
601.5;1.5462;1.5243;-1.1920;0.0000;126;163;0.1966;-0.0554;-0.0393;0.0499;0.0078;0.0000;0.4488
602.0;1.5490;1.5270;-1.2115;0.0000;126;163;0.1966;-0.0554;-0.0393;0.0508;0.0088;0.0000;0.4488
602.5;1.5517;1.5293;-1.2415;0.0000;126;165;0.1990;-0.0568;-0.0393;0.0518;0.0088;0.0000;0.4488
603.0;1.5531;1.5321;-1.2005;0.0000;126;165;0.1966;-0.0524;-0.0393;0.0499;0.0088;0.0000;0.4488
603.5;1.5545;1.5348;-1.1790;0.0000;128;167;0.1966;-0.0495;-0.0393;0.0489;0.0088;0.0000;0.4488
604.0;1.5563;1.5371;-1.0960;0.0000;130;167;0.1941;-0.0481;-0.0393;0.0459;0.0098;0.0000;0.4488
604.5;1.5572;1.5398;-1.0235;0.0000;134;167;0.1136;-0.0437;-0.0393;0.0420;0.0098;0.0000;0.4488
605.0;1.5568;1.5426;-0.7155;0.0000;142;167;-0.0549;-0.0363;-0.0407;0.0293;0.0098;0.0000;0.4488
605.5;1.5563;1.5449;-0.4370;0.0000;148;167;0.0916;-0.0290;-0.0407;0.0176;0.0098;0.0000;0.4488
606.0;1.5549;1.5476;-0.1785;0.0000;153;167;0.0842;-0.0188;-0.0407;0.0068;0.0098;0.0000;0.4488
606.5;1.5527;1.5499;0.0735;0.0000;161;169;-0.0818;-0.0070;-0.0407;-0.0039;0.0098;0.0000;0.4488
607.0;1.5513;1.5527;0.2210;0.0000;167;171;0.0696;0.0032;-0.0407;-0.0098;0.0098;0.0000;0.4488
607.5;1.5495;1.5549;0.3435;0.0000;171;173;-0.0134;0.0120;-0.0407;-0.0147;0.0098;0.0000;0.4488
608.0;1.5485;1.5577;0.3690;0.0000;175;177;0.0647;0.0208;-0.0407;-0.0156;0.0098;0.0000;0.4488
608.5;1.5481;1.5600;0.3810;0.0000;179;181;0.0623;0.0296;-0.0393;-0.0166;0.0098;0.0000;0.4488
609.0;1.5476;1.5623;0.3455;0.0000;179;183;0.0647;0.0355;-0.0393;-0.0147;0.0098;0.0000;0.4488
609.5;1.5481;1.5650;0.2965;0.0000;181;183;-0.0110;0.0413;-0.0393;-0.0127;0.0098;0.0000;0.4409
610.0;1.5499;1.5673;0.2285;0.0000;179;185;0.1477;0.0428;-0.0393;-0.0098;0.0098;0.0000;0.4409
610.5;1.5517;1.5701;0.2250;0.0000;177;183;-0.0085;0.0442;-0.0393;-0.0098;0.0098;0.0000;0.4409
611.0;1.5531;1.5723;0.1740;0.0000;177;183;-0.0085;0.0472;-0.0393;-0.0078;0.0098;0.0000;0.4409
611.5;1.5540;1.5746;0.2090;0.0000;177;183;0.1477;0.0516;-0.0393;-0.0098;0.0098;0.0000;0.4409
612.0;1.5554;1.5774;0.2290;0.0000;179;183;-0.0085;0.0530;-0.0393;-0.0098;0.0098;0.0000;0.4409
612.5;1.5572;1.5797;0.2495;0.0000;179;183;-0.0110;0.0545;-0.0378;-0.0108;0.0088;0.0000;0.4409
613.0;1.5582;1.5820;0.2915;0.0000;179;183;-0.0110;0.0589;-0.0378;-0.0127;0.0088;0.0000;0.4409
613.5;1.5595;1.5842;0.2980;0.0000;179;183;-0.0110;0.0604;-0.0378;-0.0127;0.0088;0.0000;0.4409
614.0;1.5623;1.5865;0.3665;0.0000;179;181;0.0647;0.0604;-0.0378;-0.0156;0.0088;0.0000;0.4409
614.5;1.5646;1.5893;0.3950;0.0000;179;179;-0.0159;0.0604;-0.0378;-0.0166;0.0088;0.0000;0.4409
615.0;1.5664;1.5916;0.4110;0.0000;179;179;0.1404;0.0618;-0.0378;-0.0176;0.0088;0.0000;0.4409
615.5;1.5687;1.5939;0.4030;0.0000;179;179;0.0623;0.0618;-0.0363;-0.0176;0.0088;0.0000;0.4409
616.0;1.5714;1.5962;0.4090;0.0000;177;179;0.0623;0.0604;-0.0363;-0.0176;0.0088;0.0000;0.4409
616.5;1.5765;1.5984;0.3980;0.0000;175;175;0.0623;0.0545;-0.0363;-0.0176;0.0088;0.0000;0.4409
617.0;1.5810;1.6007;0.3845;0.0000;171;173;0.0647;0.0486;-0.0363;-0.0166;0.0088;0.0000;0.4409
617.5;1.5847;1.6030;0.3505;0.0000;167;171;0.0647;0.0442;-0.0363;-0.0156;0.0088;0.0000;0.4409
618.0;1.5893;1.6053;0.2730;0.0000;165;169;-0.0110;0.0398;-0.0363;-0.0117;0.0088;0.0000;0.4409
618.5;1.5939;1.6076;0.2215;0.0000;161;167;0.0696;0.0340;-0.0363;-0.0098;0.0088;0.0000;0.4409
619.0;1.5994;1.6099;0.1255;0.0000;157;165;0.0720;0.0267;-0.0363;-0.0059;0.0088;0.0000;0.4409
619.5;1.6039;1.6122;0.0810;0.0000;155;163;0.0745;0.0193;-0.0363;-0.0039;0.0088;0.0000;0.4409
620.0;1.6085;1.6145;-0.0205;0.0000;152;163;0.0769;0.0149;-0.0349;-0.0000;0.0088;0.0000;0.4331
620.5;1.6131;1.6168;-0.0365;0.0000;150;161;0.1575;0.0091;-0.0349;0.0010;0.0088;0.0000;0.4331
621.0;1.6168;1.6190;-0.1220;0.0000;148;161;0.0818;0.0062;-0.0349;0.0049;0.0088;0.0000;0.4331
621.5;1.6200;1.6213;-0.1965;0.0000;146;163;0.2405;0.0032;-0.0349;0.0078;0.0088;0.0000;0.4331
622.0;1.6227;1.6236;-0.2925;0.0000;144;165;0.2430;0.0003;-0.0349;0.0117;0.0088;0.0000;0.4331
622.5;1.6255;1.6255;-0.3815;0.0000;144;167;0.1697;-0.0012;-0.0349;0.0156;0.0088;0.0000;0.4331
623.0;1.6282;1.6277;-0.5095;0.0000;142;169;0.2503;-0.0026;-0.0349;0.0205;0.0088;0.0000;0.4331
623.5;1.6310;1.6300;-0.6280;0.0000;142;169;0.0989;-0.0026;-0.0349;0.0254;0.0088;0.0000;0.4331
624.0;1.6328;1.6323;-0.6940;0.0000;142;171;0.1795;-0.0026;-0.0349;0.0283;0.0088;0.0000;0.4331
624.5;1.6342;1.6346;-0.7515;0.0000;142;175;0.1819;0.0003;-0.0349;0.0313;0.0088;0.0000;0.4331
625.0;1.6351;1.6364;-0.7650;0.0000;144;177;0.1819;0.0032;-0.0349;0.0313;0.0088;0.0000;0.4331
625.5;1.6355;1.6387;-0.7405;0.0000;146;177;0.1819;0.0076;-0.0349;0.0303;0.0098;0.0000;0.4331
626.0;1.6360;1.6410;-0.6425;0.0000;150;179;0.0208;0.0120;-0.0349;0.0264;0.0098;0.0000;0.4331
626.5;1.6355;1.6429;-0.4130;0.0000;155;179;0.0134;0.0179;-0.0349;0.0166;0.0098;0.0000;0.4331
627.0;1.6337;1.6451;-0.1510;0.0000;163;181;0.0818;0.0267;-0.0349;0.0059;0.0098;0.0000;0.4331
627.5;1.6323;1.6474;-0.0315;0.0000;167;183;0.0769;0.0369;-0.0349;0.0010;0.0098;0.0000;0.4331
628.0;1.6310;1.6493;0.1935;0.0000;175;183;-0.0867;0.0457;-0.0349;-0.0088;0.0098;0.0000;0.4331
628.5;1.6296;1.6516;0.2465;0.0000;179;185;-0.0110;0.0545;-0.0349;-0.0108;0.0098;0.0000;0.4331
629.0;1.6287;1.6534;0.3230;0.0000;183;187;-0.0134;0.0604;-0.0349;-0.0137;0.0098;0.0000;0.4331
629.5;1.6282;1.6557;0.4020;0.0000;187;187;-0.0159;0.0677;-0.0349;-0.0176;0.0098;0.0000;0.4331
630.0;1.6282;1.6575;0.4800;0.0000;189;189;-0.0183;0.0735;-0.0334;-0.0205;0.0098;0.0000;0.4252
630.5;1.6287;1.6598;0.4965;0.0000;191;189;0.0598;0.0765;-0.0334;-0.0215;0.0088;0.0000;0.4252
631.0;1.6296;1.6616;0.4560;0.0000;189;189;0.0623;0.0794;-0.0334;-0.0196;0.0088;0.0000;0.4252
631.5;1.6305;1.6639;0.4590;0.0000;189;189;-0.0183;0.0823;-0.0334;-0.0196;0.0088;0.0000;0.4252
632.0;1.6300;1.6658;0.4265;0.0000;191;191;0.1404;0.0882;-0.0319;-0.0186;0.0088;0.0000;0.4252
632.5;1.6291;1.6676;0.4300;0.0000;193;193;-0.0159;0.0970;-0.0319;-0.0186;0.0088;0.0000;0.4252
633.0;1.6282;1.6699;0.3980;0.0000;195;196;-0.0159;0.1028;-0.0319;-0.0176;0.0088;0.0000;0.4252
633.5;1.6282;1.6717;0.3645;0.0000;196;198;0.0647;0.1072;-0.0319;-0.0156;0.0088;0.0000;0.4252
634.0;1.6287;1.6735;0.3455;0.0000;196;198;-0.0134;0.1116;-0.0305;-0.0147;0.0088;0.0000;0.4252
634.5;1.6287;1.6758;0.3450;0.0000;196;198;-0.0134;0.1175;-0.0305;-0.0147;0.0088;0.0000;0.4252
635.0;1.6300;1.6777;0.3710;0.0000;198;198;-0.0134;0.1190;-0.0305;-0.0156;0.0088;0.0000;0.4252
635.5;1.6319;1.6795;0.4060;0.0000;198;196;-0.0940;0.1190;-0.0290;-0.0176;0.0088;0.0000;0.4252
636.0;1.6342;1.6818;0.4595;0.0000;196;195;-0.0965;0.1175;-0.0290;-0.0196;0.0078;0.0000;0.4252
636.5;1.6369;1.6836;0.4795;0.0000;196;193;-0.0183;0.1160;-0.0290;-0.0205;0.0078;0.0000;0.4252
637.0;1.6392;1.6854;0.5120;0.0000;195;191;-0.0183;0.1146;-0.0275;-0.0225;0.0078;0.0000;0.4252
637.5;1.6419;1.6873;0.4515;0.0000;195;191;-0.0940;0.1131;-0.0275;-0.0196;0.0078;0.0000;0.4252
638.0;1.6438;1.6891;0.3670;0.0000;193;189;-0.1697;0.1131;-0.0275;-0.0156;0.0078;0.0000;0.4252
638.5;1.6465;1.6909;0.3520;0.0000;191;189;0.0647;0.1102;-0.0261;-0.0156;0.0078;0.0000;0.4252
639.0;1.6493;1.6928;0.2570;0.0000;189;189;-0.0110;0.1087;-0.0261;-0.0117;0.0078;0.0000;0.4252
639.5;1.6534;1.6951;0.2100;0.0000;187;187;-0.0867;0.1028;-0.0261;-0.0098;0.0078;0.0000;0.4173
640.0;1.6575;1.6969;0.1060;0.0000;183;185;-0.0842;0.0970;-0.0261;-0.0049;0.0078;0.0000;0.4173
640.5;1.6630;1.6987;0.0425;0.0000;179;181;-0.0037;0.0882;-0.0246;-0.0020;0.0078;0.0000;0.4173
641.0;1.6690;1.7005;-0.0525;0.0000;173;179;0.0012;0.0779;-0.0246;0.0020;0.0078;0.0000;0.4173
641.5;1.6754;1.7024;-0.0490;0.0000;169;173;0.0012;0.0662;-0.0246;0.0020;0.0078;0.0000;0.4173
642.0;1.6809;1.7042;-0.0080;0.0000;165;169;-0.0012;0.0574;-0.0246;-0.0000;0.0078;0.0000;0.4173
642.5;1.6873;1.7060;-0.0825;0.0000;161;165;-0.0769;0.0457;-0.0246;0.0029;0.0078;0.0000;0.4173
643.0;1.6937;1.7079;-0.0685;0.0000;157;161;-0.0769;0.0340;-0.0246;0.0020;0.0078;0.0000;0.4173
643.5;1.6992;1.7092;-0.1460;0.0000;153;157;0.0037;0.0252;-0.0231;0.0059;0.0078;0.0000;0.4173
644.0;1.7047;1.7111;-0.0605;0.0000;152;153;0.0012;0.0149;-0.0231;0.0020;0.0078;0.0000;0.4173
644.5;1.7097;1.7129;-0.0705;0.0000;152;153;-0.0769;0.0076;-0.0231;0.0029;0.0078;0.0000;0.4173
645.0;1.7138;1.7147;-0.0035;0.0000;150;152;0.1551;0.0018;-0.0231;-0.0000;0.0078;0.0000;0.4173
645.5;1.7184;1.7166;-0.0595;0.0000;148;152;0.0012;-0.0056;-0.0231;0.0020;0.0078;0.0000;0.4173
646.0;1.7225;1.7184;-0.1255;0.0000;146;150;0.0818;-0.0114;-0.0231;0.0049;0.0078;0.0000;0.4173
646.5;1.7262;1.7198;-0.1860;0.0000;144;152;0.0842;-0.0158;-0.0231;0.0068;0.0078;0.0000;0.4173
647.0;1.7294;1.7216;-0.2710;0.0000;142;152;0.0867;-0.0202;-0.0246;0.0108;0.0078;0.0000;0.4173
647.5;1.7317;1.7234;-0.3520;0.0000;142;153;0.1673;-0.0217;-0.0246;0.0147;0.0078;0.0000;0.4173
648.0;1.7331;1.7253;-0.5015;0.0000;142;157;0.0940;-0.0202;-0.0246;0.0205;0.0078;0.0000;0.4173
648.5;1.7344;1.7266;-0.5435;0.0000;144;159;0.0183;-0.0202;-0.0246;0.0225;0.0078;0.0000;0.4094
649.0;1.7358;1.7285;-0.6485;0.0000;144;161;0.0208;-0.0188;-0.0246;0.0264;0.0088;0.0000;0.4094
649.5;1.7367;1.7303;-0.5855;0.0000;146;163;0.1746;-0.0173;-0.0246;0.0244;0.0088;0.0000;0.4094
650.0;1.7372;1.7317;-0.5315;0.0000;148;165;0.0965;-0.0144;-0.0246;0.0215;0.0088;0.0000;0.4094
650.5;1.7372;1.7335;-0.4045;0.0000;152;165;0.0916;-0.0100;-0.0246;0.0166;0.0088;0.0000;0.4094
651.0;1.7367;1.7349;-0.3200;0.0000;155;169;0.0891;-0.0056;-0.0246;0.0127;0.0088;0.0000;0.4094
651.5;1.7367;1.7367;-0.1825;0.0000;159;169;0.0061;-0.0012;-0.0246;0.0068;0.0088;0.0000;0.4094
652.0;1.7367;1.7386;-0.0110;0.0000;163;169;0.0769;0.0032;-0.0246;-0.0000;0.0088;0.0000;0.4094
652.5;1.7353;1.7399;0.0890;0.0000;167;171;0.0745;0.0105;-0.0246;-0.0039;0.0088;0.0000;0.4094
653.0;1.7344;1.7418;0.2215;0.0000;171;171;-0.0867;0.0179;-0.0246;-0.0098;0.0088;0.0000;0.4094
653.5;1.7331;1.7431;0.2210;0.0000;175;175;-0.0085;0.0252;-0.0246;-0.0098;0.0088;0.0000;0.4094
654.0;1.7312;1.7450;0.3025;0.0000;179;177;-0.0891;0.0340;-0.0246;-0.0137;0.0088;0.0000;0.4094
654.5;1.7289;1.7463;0.2815;0.0000;183;181;-0.0110;0.0428;-0.0231;-0.0127;0.0088;0.0000;0.4094
655.0;1.7276;1.7477;0.3265;0.0000;185;183;0.0647;0.0501;-0.0231;-0.0147;0.0088;0.0000;0.4094
655.5;1.7271;1.7495;0.3145;0.0000;187;185;0.0647;0.0560;-0.0231;-0.0137;0.0088;0.0000;0.4094
656.0;1.7271;1.7509;0.3350;0.0000;187;187;0.0647;0.0589;-0.0231;-0.0147;0.0088;0.0000;0.4094
656.5;1.7280;1.7523;0.2940;0.0000;185;187;0.0672;0.0604;-0.0231;-0.0127;0.0078;0.0000;0.4094
657.0;1.7294;1.7541;0.2565;0.0000;185;187;0.0672;0.0604;-0.0231;-0.0117;0.0078;0.0000;0.4016
657.5;1.7312;1.7555;0.2915;0.0000;183;185;-0.0891;0.0604;-0.0231;-0.0127;0.0078;0.0000;0.4016
658.0;1.7326;1.7569;0.2910;0.0000;183;183;0.0672;0.0604;-0.0217;-0.0127;0.0078;0.0000;0.4016
658.5;1.7335;1.7587;0.3355;0.0000;183;183;0.0647;0.0618;-0.0217;-0.0147;0.0078;0.0000;0.4016
659.0;1.7344;1.7601;0.3090;0.0000;183;183;-0.0110;0.0633;-0.0217;-0.0137;0.0078;0.0000;0.4016
659.5;1.7349;1.7614;0.3785;0.0000;183;181;0.0647;0.0648;-0.0217;-0.0166;0.0078;0.0000;0.4016
660.0;1.7363;1.7628;0.3395;0.0000;183;183;0.0647;0.0662;-0.0217;-0.0147;0.0078;0.0000;0.4016
660.5;1.7367;1.7642;0.3945;0.0000;183;183;0.0623;0.0691;-0.0202;-0.0166;0.0078;0.0000;0.4016
661.0;1.7376;1.7660;0.3960;0.0000;183;183;0.0623;0.0691;-0.0202;-0.0176;0.0078;0.0000;0.4016
661.5;1.7399;1.7674;0.3715;0.0000;183;183;0.0647;0.0677;-0.0202;-0.0156;0.0078;0.0000;0.4016
662.0;1.7422;1.7688;0.3100;0.0000;181;183;0.0672;0.0648;-0.0202;-0.0137;0.0078;0.0000;0.4016
662.5;1.7450;1.7701;0.2675;0.0000;177;181;-0.0110;0.0618;-0.0202;-0.0117;0.0078;0.0000;0.4016
663.0;1.7482;1.7715;0.2560;0.0000;175;179;0.1453;0.0574;-0.0202;-0.0117;0.0078;0.0000;0.4016
663.5;1.7514;1.7729;0.2375;0.0000;171;177;0.0696;0.0530;-0.0188;-0.0108;0.0078;0.0000;0.4016
664.0;1.7541;1.7743;0.2205;0.0000;169;175;0.0696;0.0501;-0.0188;-0.0098;0.0068;0.0000;0.4016
664.5;1.7573;1.7756;0.1045;0.0000;167;175;-0.0061;0.0457;-0.0188;-0.0049;0.0068;0.0000;0.4016
665.0;1.7610;1.7770;0.1015;0.0000;165;173;0.1526;0.0398;-0.0188;-0.0049;0.0068;0.0000;0.4016
665.5;1.7647;1.7784;0.0075;0.0000;161;171;0.0769;0.0340;-0.0188;-0.0010;0.0068;0.0000;0.3937
666.0;1.7674;1.7798;0.0345;0.0000;159;169;0.0769;0.0311;-0.0188;-0.0020;0.0068;0.0000;0.3937
666.5;1.7701;1.7811;0.0410;0.0000;159;169;0.0745;0.0267;-0.0188;-0.0020;0.0068;0.0000;0.3937
667.0;1.7715;1.7825;0.0470;0.0000;159;169;0.0745;0.0267;-0.0188;-0.0029;0.0068;0.0000;0.3937
667.5;1.7720;1.7834;-0.0120;0.0000;159;169;-0.0012;0.0281;-0.0188;-0.0000;0.0068;0.0000;0.3937
668.0;1.7724;1.7848;-0.0220;0.0000;161;171;-0.0012;0.0311;-0.0188;-0.0000;0.0068;0.0000;0.3937
668.5;1.7724;1.7862;0.0210;0.0000;165;173;-0.0012;0.0340;-0.0173;-0.0010;0.0068;0.0000;0.3937
669.0;1.7724;1.7875;0.0495;0.0000;167;175;-0.0037;0.0369;-0.0173;-0.0029;0.0068;0.0000;0.3937
669.5;1.7720;1.7889;0.1175;0.0000;171;177;0.0720;0.0413;-0.0173;-0.0059;0.0068;0.0000;0.3937
670.0;1.7715;1.7898;0.1315;0.0000;173;177;-0.0842;0.0457;-0.0173;-0.0059;0.0068;0.0000;0.3937
670.5;1.7706;1.7912;0.1930;0.0000;177;179;-0.0085;0.0516;-0.0173;-0.0088;0.0068;0.0000;0.3937
671.0;1.7688;1.7926;0.2060;0.0000;181;181;-0.0085;0.0589;-0.0173;-0.0088;0.0068;0.0000;0.3937
671.5;1.7669;1.7940;0.2575;0.0000;183;185;0.0672;0.0662;-0.0173;-0.0117;0.0068;0.0000;0.3937
672.0;1.7660;1.7949;0.2530;0.0000;185;187;0.0672;0.0721;-0.0158;-0.0108;0.0068;0.0000;0.3937
672.5;1.7656;1.7962;0.2640;0.0000;187;189;0.0672;0.0765;-0.0158;-0.0117;0.0068;0.0000;0.3937
673.0;1.7651;1.7972;0.2415;0.0000;189;189;-0.0085;0.0794;-0.0158;-0.0108;0.0068;0.0000;0.3937
673.5;1.7647;1.7985;0.2500;0.0000;189;189;-0.0891;0.0838;-0.0158;-0.0108;0.0068;0.0000;0.3858
674.0;1.7651;1.7999;0.2740;0.0000;189;191;0.0672;0.0867;-0.0158;-0.0117;0.0068;0.0000;0.3858
674.5;1.7665;1.8008;0.2375;0.0000;189;189;-0.0085;0.0853;-0.0144;-0.0108;0.0068;0.0000;0.3858
675.0;1.7674;1.8022;0.2490;0.0000;187;189;0.0672;0.0853;-0.0144;-0.0108;0.0068;0.0000;0.3858
675.5;1.7679;1.8031;0.2190;0.0000;189;189;-0.0085;0.0867;-0.0144;-0.0098;0.0068;0.0000;0.3858
676.0;1.7683;1.8045;0.2495;0.0000;189;189;-0.0110;0.0897;-0.0144;-0.0108;0.0068;0.0000;0.3858
676.5;1.7683;1.8054;0.2405;0.0000;189;189;-0.0085;0.0911;-0.0129;-0.0108;0.0068;0.0000;0.3858
677.0;1.7683;1.8068;0.2615;0.0000;191;189;-0.0110;0.0941;-0.0129;-0.0117;0.0068;0.0000;0.3858
677.5;1.7688;1.8077;0.1795;0.0000;189;191;0.0696;0.0955;-0.0129;-0.0078;0.0068;0.0000;0.3858
678.0;1.7697;1.8086;0.1055;0.0000;187;191;0.0745;0.0970;-0.0129;-0.0049;0.0068;0.0000;0.3858
678.5;1.7706;1.8100;0.0990;0.0000;187;191;0.0745;0.0970;-0.0114;-0.0049;0.0068;0.0000;0.3858
679.0;1.7720;1.8109;0.0265;0.0000;187;193;0.0769;0.0970;-0.0114;-0.0020;0.0068;0.0000;0.3858
679.5;1.7734;1.8123;0.0265;0.0000;185;191;-0.0794;0.0955;-0.0114;-0.0020;0.0068;0.0000;0.3858
680.0;1.7756;1.8132;-0.0405;0.0000;183;191;0.0012;0.0926;-0.0100;0.0010;0.0068;0.0000;0.3858
680.5;1.7784;1.8141;-0.0325;0.0000;181;187;-0.0012;0.0882;-0.0100;0.0010;0.0068;0.0000;0.3858
681.0;1.7816;1.8150;-0.0695;0.0000;179;185;0.0012;0.0838;-0.0100;0.0020;0.0068;0.0000;0.3780
681.5;1.7853;1.8164;-0.0460;0.0000;175;181;0.0012;0.0779;-0.0100;0.0010;0.0068;0.0000;0.3780
682.0;1.7875;1.8173;0.0130;0.0000;175;179;-0.0794;0.0735;-0.0100;-0.0010;0.0068;0.0000;0.3780
682.5;1.7912;1.8182;0.0880;0.0000;173;175;0.0745;0.0662;-0.0085;-0.0039;0.0068;0.0000;0.3780
683.0;1.7949;1.8191;0.1005;0.0000;171;173;-0.0037;0.0604;-0.0085;-0.0049;0.0068;0.0000;0.3780
683.5;1.7967;1.8201;0.0765;0.0000;169;173;-0.0818;0.0589;-0.0085;-0.0039;0.0059;0.0000;0.3780
684.0;1.7990;1.8214;0.1125;0.0000;169;171;-0.0061;0.0545;-0.0085;-0.0049;0.0059;0.0000;0.3780
684.5;1.8013;1.8223;0.0845;0.0000;167;169;-0.0037;0.0516;-0.0085;-0.0039;0.0059;0.0000;0.3780
685.0;1.8045;1.8233;0.1135;0.0000;167;167;-0.0061;0.0472;-0.0085;-0.0049;0.0059;0.0000;0.3780
685.5;1.8072;1.8242;0.0335;0.0000;165;167;-0.0012;0.0413;-0.0085;-0.0020;0.0059;0.0000;0.3780
686.0;1.8100;1.8251;0.0430;0.0000;163;165;-0.0818;0.0369;-0.0070;-0.0020;0.0059;0.0000;0.3780
686.5;1.8127;1.8260;-0.0065;0.0000;161;165;-0.0012;0.0325;-0.0070;-0.0000;0.0059;0.0000;0.3780
687.0;1.8155;1.8269;0.0485;0.0000;161;163;-0.0818;0.0267;-0.0070;-0.0029;0.0059;0.0000;0.3780
687.5;1.8178;1.8278;0.1060;0.0000;161;161;-0.0842;0.0237;-0.0070;-0.0049;0.0059;0.0000;0.3780
688.0;1.8191;1.8288;0.1770;0.0000;163;159;-0.0867;0.0223;-0.0070;-0.0078;0.0059;0.0000;0.3780
688.5;1.8210;1.8297;0.1505;0.0000;161;159;-0.0061;0.0208;-0.0070;-0.0068;0.0059;0.0000;0.3701
689.0;1.8223;1.8306;0.1090;0.0000;163;161;-0.0842;0.0193;-0.0070;-0.0049;0.0059;0.0000;0.3701
689.5;1.8228;1.8315;0.1280;0.0000;163;161;-0.0061;0.0208;-0.0070;-0.0059;0.0059;0.0000;0.3701
690.0;1.8237;1.8324;0.0950;0.0000;165;163;-0.0818;0.0208;-0.0070;-0.0049;0.0059;0.0000;0.3701
690.5;1.8242;1.8329;0.1365;0.0000;167;163;-0.0842;0.0208;-0.0070;-0.0059;0.0059;0.0000;0.3701
691.0;1.8246;1.8338;0.1165;0.0000;167;165;0.0720;0.0223;-0.0070;-0.0059;0.0059;0.0000;0.3701
691.5;1.8255;1.8347;0.1845;0.0000;167;163;-0.0085;0.0223;-0.0070;-0.0078;0.0059;0.0000;0.3701
692.0;1.8265;1.8356;0.2025;0.0000;167;163;-0.0867;0.0223;-0.0070;-0.0088;0.0059;0.0000;0.3701
692.5;1.8278;1.8365;0.2755;0.0000;167;163;0.0672;0.0208;-0.0070;-0.0117;0.0059;0.0000;0.3701
693.0;1.8292;1.8370;0.3055;0.0000;167;163;-0.0134;0.0193;-0.0070;-0.0137;0.0059;0.0000;0.3701
693.5;1.8306;1.8379;0.2480;0.0000;165;163;0.0696;0.0179;-0.0070;-0.0108;0.0059;0.0000;0.3701
694.0;1.8324;1.8388;0.2285;0.0000;165;163;0.0696;0.0149;-0.0056;-0.0098;0.0059;0.0000;0.3701
694.5;1.8333;1.8393;0.1645;0.0000;163;163;-0.0061;0.0149;-0.0056;-0.0078;0.0059;0.0000;0.3701
695.0;1.8342;1.8402;0.1935;0.0000;163;163;0.0696;0.0149;-0.0056;-0.0088;0.0059;0.0000;0.3701
695.5;1.8347;1.8411;0.1475;0.0000;163;165;0.0720;0.0149;-0.0056;-0.0068;0.0059;0.0000;0.3701
696.0;1.8361;1.8416;0.2000;0.0000;163;163;0.0696;0.0135;-0.0056;-0.0088;0.0059;0.0000;0.3622
696.5;1.8370;1.8425;0.1980;0.0000;163;163;0.0696;0.0120;-0.0056;-0.0088;0.0059;0.0000;0.3622
697.0;1.8393;1.8434;0.2095;0.0000;161;163;0.0696;0.0091;-0.0056;-0.0098;0.0059;0.0000;0.3622
697.5;1.8407;1.8439;0.1930;0.0000;161;163;-0.0085;0.0076;-0.0056;-0.0088;0.0059;0.0000;0.3622
698.0;1.8425;1.8448;0.2190;0.0000;159;161;-0.0085;0.0047;-0.0056;-0.0098;0.0059;0.0000;0.3622
698.5;1.8448;1.8452;0.2595;0.0000;159;159;0.0672;0.0003;-0.0056;-0.0117;0.0049;0.0000;0.3622
699.0;1.8471;1.8462;0.2150;0.0000;157;157;-0.0085;-0.0026;-0.0056;-0.0098;0.0049;0.0000;0.3622
699.5;1.8494;1.8466;0.2170;0.0000;155;155;-0.0085;-0.0070;-0.0056;-0.0098;0.0049;0.0000;0.3622
700.0;1.8512;1.8475;0.1760;0.0000;153;155;0.0720;-0.0100;-0.0056;-0.0078;0.0049;0.0000;0.3622
700.5;1.8530;1.8480;0.2170;0.0000;153;155;0.0696;-0.0129;-0.0056;-0.0098;0.0049;0.0000;0.3622
701.0;1.8539;1.8484;0.1905;0.0000;153;155;-0.0085;-0.0144;-0.0056;-0.0088;0.0049;0.0000;0.3622
701.5;1.8549;1.8494;0.2285;0.0000;153;155;0.1477;-0.0144;-0.0056;-0.0098;0.0049;0.0000;0.3622
702.0;1.8558;1.8498;0.1900;0.0000;152;155;0.1477;-0.0158;-0.0056;-0.0088;0.0049;0.0000;0.3622
702.5;1.8567;1.8503;0.1700;0.0000;152;155;-0.0061;-0.0173;-0.0056;-0.0078;0.0049;0.0000;0.3622
703.0;1.8581;1.8512;0.1540;0.0000;150;155;0.0720;-0.0188;-0.0056;-0.0068;0.0049;0.0000;0.3543
703.5;1.8590;1.8516;0.1810;0.0000;150;155;0.0696;-0.0188;-0.0070;-0.0078;0.0049;0.0000;0.3543
704.0;1.8603;1.8521;0.2610;0.0000;152;155;0.1453;-0.0217;-0.0070;-0.0117;0.0049;0.0000;0.3543
704.5;1.8608;1.8530;0.2760;0.0000;152;155;0.1453;-0.0202;-0.0070;-0.0117;0.0049;0.0000;0.3543
705.0;1.8608;1.8535;0.3430;0.0000;153;155;0.0647;-0.0188;-0.0070;-0.0147;0.0049;0.0000;0.3543
705.5;1.8603;1.8539;0.3230;0.0000;153;157;0.0647;-0.0173;-0.0070;-0.0137;0.0049;0.0000;0.3543
706.0;1.8599;1.8544;0.3830;0.0000;155;157;-0.0159;-0.0144;-0.0070;-0.0166;0.0049;0.0000;0.3543
706.5;1.8585;1.8549;0.4035;0.0000;157;159;-0.0159;-0.0085;-0.0070;-0.0176;0.0049;0.0000;0.3543
707.0;1.8576;1.8553;0.4355;0.0000;159;161;0.0623;-0.0056;-0.0070;-0.0186;0.0049;0.0000;0.3543
707.5;1.8571;1.8562;0.4070;0.0000;161;161;-0.0159;-0.0041;-0.0070;-0.0176;0.0039;0.0000;0.3543
708.0;1.8581;1.8567;0.3850;0.0000;161;161;0.0623;-0.0041;-0.0070;-0.0166;0.0039;0.0000;0.3543
708.5;1.8590;1.8571;0.4605;0.0000;159;159;-0.0183;-0.0056;-0.0070;-0.0196;0.0039;0.0000;0.3543
709.0;1.8594;1.8576;0.4745;0.0000;159;159;0.0598;-0.0056;-0.0070;-0.0205;0.0039;0.0000;0.3543
709.5;1.8599;1.8581;0.5555;0.0000;159;157;0.1355;-0.0056;-0.0070;-0.0235;0.0039;0.0000;0.3543
710.0;1.8599;1.8585;0.5105;0.0000;159;157;-0.0183;-0.0041;-0.0070;-0.0215;0.0039;0.0000;0.3465
710.5;1.8594;1.8590;0.5540;0.0000;159;157;0.0574;-0.0026;-0.0070;-0.0235;0.0039;0.0000;0.3465
711.0;1.8594;1.8594;0.4685;0.0000;161;159;-0.0183;-0.0012;-0.0070;-0.0205;0.0039;0.0000;0.3465
711.5;1.8585;1.8599;0.4545;0.0000;161;161;-0.0183;0.0018;-0.0070;-0.0196;0.0039;0.0000;0.3465
712.0;1.8571;1.8603;0.4005;0.0000;163;163;0.0623;0.0062;-0.0070;-0.0176;0.0039;0.0000;0.3465
712.5;1.8558;1.8603;0.3980;0.0000;165;163;-0.0159;0.0105;-0.0070;-0.0176;0.0029;0.0000;0.3465
713.0;1.8549;1.8608;0.3580;0.0000;165;165;0.0647;0.0149;-0.0070;-0.0156;0.0029;0.0000;0.3465
713.5;1.8539;1.8613;0.3360;0.0000;165;167;0.1429;0.0179;-0.0070;-0.0147;0.0029;0.0000;0.3465
714.0;1.8530;1.8617;0.3950;0.0000;167;167;-0.0159;0.0208;-0.0070;-0.0166;0.0029;0.0000;0.3465
714.5;1.8530;1.8622;0.3925;0.0000;167;167;-0.0159;0.0208;-0.0070;-0.0166;0.0029;0.0000;0.3465
715.0;1.8535;1.8626;0.4395;0.0000;169;165;-0.0159;0.0208;-0.0070;-0.0186;0.0029;0.0000;0.3465
715.5;1.8539;1.8626;0.3895;0.0000;167;165;-0.0159;0.0208;-0.0056;-0.0166;0.0029;0.0000;0.3465
716.0;1.8539;1.8631;0.4020;0.0000;167;163;-0.0159;0.0223;-0.0056;-0.0176;0.0029;0.0000;0.3465
716.5;1.8539;1.8636;0.3545;0.0000;165;163;-0.0134;0.0237;-0.0056;-0.0156;0.0029;0.0000;0.3386
717.0;1.8539;1.8640;0.3560;0.0000;165;165;0.0647;0.0237;-0.0056;-0.0156;0.0029;0.0000;0.3386
717.5;1.8530;1.8640;0.3590;0.0000;167;165;0.1429;0.0267;-0.0056;-0.0156;0.0029;0.0000;0.3386
718.0;1.8530;1.8645;0.3600;0.0000;167;165;-0.0134;0.0267;-0.0056;-0.0156;0.0029;0.0000;0.3386
718.5;1.8535;1.8649;0.3435;0.0000;167;165;-0.0134;0.0267;-0.0056;-0.0147;0.0020;0.0000;0.3386
719.0;1.8535;1.8649;0.3075;0.0000;165;165;0.0672;0.0281;-0.0056;-0.0137;0.0020;0.0000;0.3386
719.5;1.8535;1.8654;0.3170;0.0000;165;165;0.0647;0.0281;-0.0056;-0.0137;0.0020;0.0000;0.3386
720.0;1.8535;1.8654;0.3025;0.0000;165;165;0.0672;0.0296;-0.0056;-0.0137;0.0020;0.0000;0.3386
720.5;1.8549;1.8658;0.3080;0.0000;163;163;-0.0110;0.0267;-0.0056;-0.0137;0.0020;0.0000;0.3386
721.0;1.8562;1.8658;0.2595;0.0000;163;161;-0.0891;0.0237;-0.0056;-0.0117;0.0020;0.0000;0.3386
721.5;1.8581;1.8663;0.2960;0.0000;161;159;-0.0110;0.0193;-0.0056;-0.0127;0.0020;0.0000;0.3386
722.0;1.8608;1.8663;0.2535;0.0000;159;157;-0.0891;0.0135;-0.0056;-0.0108;0.0020;0.0000;0.3386
722.5;1.8640;1.8668;0.3005;0.0000;157;153;-0.0110;0.0062;-0.0056;-0.0127;0.0020;0.0000;0.3386
723.0;1.8658;1.8668;0.3270;0.0000;153;150;-0.0134;0.0018;-0.0056;-0.0147;0.0020;0.0000;0.3307
723.5;1.8677;1.8672;0.3115;0.0000;153;150;-0.0110;-0.0026;-0.0056;-0.0137;0.0020;0.0000;0.3307
724.0;1.8690;1.8672;0.3565;0.0000;152;148;-0.0134;-0.0056;-0.0056;-0.0156;0.0020;0.0000;0.3307
724.5;1.8709;1.8672;0.3740;0.0000;152;146;-0.0916;-0.0085;-0.0056;-0.0166;0.0020;0.0000;0.3307
725.0;1.8718;1.8677;0.4290;0.0000;152;144;-0.0159;-0.0114;-0.0056;-0.0186;0.0020;0.0000;0.3307
725.5;1.8736;1.8677;0.4310;0.0000;152;144;-0.0940;-0.0158;-0.0056;-0.0186;0.0020;0.0000;0.3307
726.0;1.8755;1.8677;0.4770;0.0000;152;142;-0.0183;-0.0202;-0.0056;-0.0205;0.0010;0.0000;0.3307
726.5;1.8777;1.8681;0.4425;0.0000;150;140;-0.0940;-0.0246;-0.0056;-0.0196;0.0010;0.0000;0.3307
727.0;1.8791;1.8681;0.4520;0.0000;148;138;-0.0965;-0.0275;-0.0056;-0.0196;0.0010;0.0000;0.3307
727.5;1.8800;1.8681;0.4110;0.0000;148;138;-0.0159;-0.0305;-0.0056;-0.0176;0.0010;0.0000;0.3307
728.0;1.8814;1.8681;0.4265;0.0000;148;136;-0.0940;-0.0334;-0.0056;-0.0186;0.0010;0.0000;0.3307
728.5;1.8823;1.8686;0.4350;0.0000;146;136;-0.0159;-0.0363;-0.0056;-0.0186;0.0010;0.0000;0.3307
729.0;1.8832;1.8686;0.3935;0.0000;146;136;-0.0159;-0.0378;-0.0056;-0.0166;0.0010;0.0000;0.3307
729.5;1.8837;1.8686;0.4120;0.0000;146;138;-0.0159;-0.0393;-0.0056;-0.0176;0.0010;0.0000;0.3228
730.0;1.8832;1.8686;0.4005;0.0000;148;138;-0.0940;-0.0378;-0.0056;-0.0176;0.0010;0.0000;0.3228
730.5;1.8832;1.8686;0.4260;0.0000;148;138;-0.0159;-0.0378;-0.0070;-0.0186;0.0010;0.0000;0.3228
731.0;1.8837;1.8686;0.4155;0.0000;148;138;-0.0159;-0.0378;-0.0070;-0.0176;0.0010;0.0000;0.3228
731.5;1.8842;1.8686;0.4260;0.0000;148;138;-0.0940;-0.0393;-0.0070;-0.0186;-0.0000;0.0000;0.3228
732.0;1.8851;1.8686;0.4095;0.0000;148;138;-0.0159;-0.0407;-0.0070;-0.0176;-0.0000;0.0000;0.3228
732.5;1.8855;1.8686;0.4105;0.0000;148;138;-0.0159;-0.0422;-0.0070;-0.0176;-0.0000;0.0000;0.3228
733.0;1.8864;1.8686;0.4155;0.0000;146;136;0.0623;-0.0451;-0.0070;-0.0176;-0.0000;0.0000;0.3228
733.5;1.8869;1.8686;0.4330;0.0000;146;136;-0.0159;-0.0466;-0.0070;-0.0186;-0.0000;0.0000;0.3228
734.0;1.8874;1.8686;0.4670;0.0000;146;136;-0.0183;-0.0466;-0.0070;-0.0205;-0.0000;0.0000;0.3228
734.5;1.8874;1.8686;0.4285;0.0000;144;136;-0.0159;-0.0481;-0.0070;-0.0186;-0.0000;0.0000;0.3228
735.0;1.8869;1.8686;0.4415;0.0000;146;136;0.0623;-0.0466;-0.0085;-0.0186;-0.0000;0.0000;0.3228
735.5;1.8869;1.8686;0.4110;0.0000;144;138;0.0623;-0.0466;-0.0085;-0.0176;-0.0000;0.0000;0.3228
736.0;1.8869;1.8686;0.4190;0.0000;146;138;-0.0159;-0.0466;-0.0085;-0.0186;-0.0000;0.0000;0.3228
736.5;1.8874;1.8686;0.4090;0.0000;144;138;0.0623;-0.0481;-0.0085;-0.0176;-0.0000;0.0000;0.3228
737.0;1.8874;1.8686;0.4200;0.0000;144;138;0.0623;-0.0481;-0.0085;-0.0186;-0.0010;0.0000;0.3228
737.5;1.8869;1.8681;0.3820;0.0000;144;138;-0.0134;-0.0481;-0.0085;-0.0166;-0.0010;0.0000;0.3228
738.0;1.8860;1.8681;0.3420;0.0000;144;140;0.1429;-0.0451;-0.0085;-0.0147;-0.0010;0.0000;0.3150
738.5;1.8855;1.8681;0.3580;0.0000;144;140;-0.0134;-0.0437;-0.0085;-0.0156;-0.0010;0.0000;0.3150
739.0;1.8851;1.8681;0.3280;0.0000;146;140;-0.0134;-0.0422;-0.0100;-0.0147;-0.0010;0.0000;0.3150
739.5;1.8842;1.8677;0.3420;0.0000;146;142;-0.0134;-0.0422;-0.0100;-0.0147;-0.0010;0.0000;0.3150
740.0;1.8846;1.8677;0.3020;0.0000;146;142;0.0672;-0.0422;-0.0100;-0.0127;-0.0010;0.0000;0.3150
740.5;1.8855;1.8677;0.3145;0.0000;144;140;0.0672;-0.0451;-0.0100;-0.0137;-0.0010;0.0000;0.3150
741.0;1.8864;1.8672;0.2760;0.0000;142;140;0.0672;-0.0481;-0.0100;-0.0117;-0.0010;0.0000;0.3150
741.5;1.8878;1.8672;0.2870;0.0000;140;138;0.0672;-0.0524;-0.0100;-0.0127;-0.0010;0.0000;0.3150
742.0;1.8887;1.8672;0.2940;0.0000;138;136;-0.0110;-0.0554;-0.0100;-0.0127;-0.0010;0.0000;0.3150
742.5;1.8892;1.8668;0.3025;0.0000;138;134;-0.0110;-0.0568;-0.0114;-0.0137;-0.0010;0.0000;0.3150
743.0;1.8887;1.8668;0.3105;0.0000;138;136;0.0672;-0.0554;-0.0114;-0.0137;-0.0010;0.0000;0.3150
743.5;1.8887;1.8663;0.3040;0.0000;138;136;0.0672;-0.0568;-0.0114;-0.0137;-0.0010;0.0000;0.3150
744.0;1.8892;1.8663;0.3185;0.0000;138;136;0.0647;-0.0583;-0.0114;-0.0137;-0.0020;0.0000;0.3150
744.5;1.8887;1.8658;0.3305;0.0000;138;134;-0.0134;-0.0583;-0.0114;-0.0147;-0.0020;0.0000;0.3150
745.0;1.8887;1.8658;0.3480;0.0000;138;134;0.0647;-0.0583;-0.0114;-0.0147;-0.0020;0.0000;0.3150
745.5;1.8874;1.8654;0.3535;0.0000;138;136;0.0647;-0.0554;-0.0114;-0.0156;-0.0020;0.0000;0.3150
746.0;1.8860;1.8654;0.3975;0.0000;140;136;0.0623;-0.0524;-0.0129;-0.0176;-0.0020;0.0000;0.3150
746.5;1.8846;1.8649;0.4110;0.0000;142;138;0.0623;-0.0495;-0.0129;-0.0176;-0.0020;0.0000;0.3150
747.0;1.8837;1.8649;0.4520;0.0000;144;138;-0.0159;-0.0481;-0.0129;-0.0196;-0.0020;0.0000;0.3150
747.5;1.8832;1.8645;0.4595;0.0000;144;138;-0.0183;-0.0481;-0.0129;-0.0196;-0.0020;0.0000;0.3150
748.0;1.8823;1.8640;0.4640;0.0000;144;138;-0.0183;-0.0466;-0.0129;-0.0196;-0.0020;0.0000;0.3071
748.5;1.8819;1.8640;0.4205;0.0000;144;138;-0.0159;-0.0466;-0.0129;-0.0186;-0.0020;0.0000;0.3071
749.0;1.8810;1.8636;0.3660;0.0000;142;138;-0.0134;-0.0451;-0.0129;-0.0156;-0.0020;0.0000;0.3071
749.5;1.8796;1.8631;0.3295;0.0000;144;140;-0.0916;-0.0422;-0.0129;-0.0147;-0.0020;0.0000;0.3071
750.0;1.8777;1.8626;0.2880;0.0000;144;140;0.0672;-0.0378;-0.0144;-0.0127;-0.0029;0.0000;0.3071
750.5;1.8755;1.8626;0.2725;0.0000;146;142;-0.0110;-0.0334;-0.0144;-0.0117;-0.0029;0.0000;0.3071
751.0;1.8732;1.8622;0.2175;0.0000;148;146;0.0696;-0.0290;-0.0144;-0.0098;-0.0029;0.0000;0.3071
751.5;1.8718;1.8617;0.2140;0.0000;148;146;0.0696;-0.0261;-0.0144;-0.0098;-0.0029;0.0000;0.3071
752.0;1.8700;1.8613;0.2030;0.0000;148;148;0.0696;-0.0217;-0.0144;-0.0088;-0.0029;0.0000;0.3071
752.5;1.8672;1.8608;0.2575;0.0000;150;148;-0.0110;-0.0158;-0.0144;-0.0117;-0.0029;0.0000;0.3071
753.0;1.8640;1.8603;0.3030;0.0000;153;150;-0.0110;-0.0085;-0.0144;-0.0137;-0.0029;0.0000;0.3071
753.5;1.8608;1.8603;0.3175;0.0000;157;152;-0.0134;-0.0026;-0.0144;-0.0137;-0.0029;0.0000;0.3071
754.0;1.8571;1.8599;0.3275;0.0000;159;153;-0.0134;0.0062;-0.0144;-0.0147;-0.0029;0.0000;0.3071
754.5;1.8544;1.8594;0.3360;0.0000;161;155;0.0647;0.0120;-0.0144;-0.0147;-0.0029;0.0000;0.3071
755.0;1.8516;1.8590;0.3825;0.0000;163;157;0.0647;0.0179;-0.0144;-0.0166;-0.0029;0.0000;0.3071
755.5;1.8494;1.8585;0.3775;0.0000;163;157;0.0647;0.0223;-0.0144;-0.0166;-0.0029;0.0000;0.3071
756.0;1.8471;1.8581;0.4120;0.0000;163;159;0.0623;0.0267;-0.0144;-0.0176;-0.0029;0.0000;0.3071
756.5;1.8452;1.8576;0.3945;0.0000;163;159;0.0623;0.0296;-0.0144;-0.0166;-0.0029;0.0000;0.3071
757.0;1.8429;1.8571;0.3840;0.0000;165;161;-0.0159;0.0340;-0.0129;-0.0166;-0.0029;0.0000;0.3071
757.5;1.8411;1.8567;0.3730;0.0000;165;161;0.0647;0.0369;-0.0129;-0.0166;-0.0039;0.0000;0.3071
758.0;1.8388;1.8562;0.3870;0.0000;165;161;-0.0159;0.0428;-0.0129;-0.0166;-0.0039;0.0000;0.2992
758.5;1.8370;1.8553;0.3660;0.0000;165;163;-0.0134;0.0457;-0.0129;-0.0156;-0.0039;0.0000;0.2992
759.0;1.8356;1.8549;0.3280;0.0000;165;163;0.0647;0.0472;-0.0129;-0.0147;-0.0039;0.0000;0.2992
759.5;1.8347;1.8544;0.2935;0.0000;165;163;-0.0110;0.0486;-0.0129;-0.0127;-0.0039;0.0000;0.2992
760.0;1.8338;1.8539;0.2530;0.0000;163;161;-0.0891;0.0501;-0.0129;-0.0108;-0.0039;0.0000;0.2992
760.5;1.8338;1.8535;0.2435;0.0000;163;161;0.0696;0.0486;-0.0129;-0.0108;-0.0039;0.0000;0.2992
761.0;1.8342;1.8530;0.2255;0.0000;161;159;-0.0085;0.0457;-0.0114;-0.0098;-0.0039;0.0000;0.2992
761.5;1.8333;1.8521;0.2425;0.0000;161;157;-0.0085;0.0472;-0.0114;-0.0108;-0.0039;0.0000;0.2992
762.0;1.8329;1.8516;0.2365;0.0000;159;157;-0.0085;0.0457;-0.0114;-0.0108;-0.0039;0.0000;0.2992
762.5;1.8333;1.8512;0.2110;0.0000;157;155;-0.0867;0.0428;-0.0114;-0.0098;-0.0039;0.0000;0.2992
763.0;1.8342;1.8503;0.2185;0.0000;157;153;-0.0867;0.0398;-0.0114;-0.0098;-0.0039;0.0000;0.2992
763.5;1.8347;1.8498;0.2350;0.0000;155;152;-0.0085;0.0369;-0.0114;-0.0108;-0.0039;0.0000;0.2992
764.0;1.8352;1.8494;0.2860;0.0000;155;150;-0.0110;0.0340;-0.0114;-0.0127;-0.0039;0.0000;0.2992
764.5;1.8361;1.8484;0.3170;0.0000;153;148;-0.0134;0.0311;-0.0114;-0.0137;-0.0039;0.0000;0.2992
765.0;1.8361;1.8480;0.3500;0.0000;153;146;-0.0916;0.0296;-0.0114;-0.0156;-0.0039;0.0000;0.2992
765.5;1.8356;1.8475;0.3245;0.0000;153;146;-0.0134;0.0281;-0.0114;-0.0137;-0.0049;0.0000;0.2992
766.0;1.8352;1.8466;0.2775;0.0000;153;146;-0.0110;0.0281;-0.0100;-0.0117;-0.0049;0.0000;0.2992
766.5;1.8352;1.8462;0.2210;0.0000;152;146;-0.0085;0.0252;-0.0100;-0.0098;-0.0049;0.0000;0.2992
767.0;1.8361;1.8452;0.1805;0.0000;150;144;-0.0867;0.0223;-0.0100;-0.0078;-0.0049;0.0000;0.2992
767.5;1.8375;1.8448;0.1795;0.0000;150;142;-0.0867;0.0179;-0.0100;-0.0078;-0.0049;0.0000;0.2913
768.0;1.8384;1.8439;0.2265;0.0000;148;140;-0.1648;0.0135;-0.0100;-0.0098;-0.0049;0.0000;0.2913
768.5;1.8388;1.8434;0.2680;0.0000;148;138;-0.0891;0.0105;-0.0100;-0.0117;-0.0049;0.0000;0.2913
769.0;1.8393;1.8425;0.2740;0.0000;148;136;-0.0891;0.0076;-0.0100;-0.0117;-0.0049;0.0000;0.2913
769.5;1.8388;1.8416;0.2825;0.0000;148;136;-0.0891;0.0062;-0.0100;-0.0127;-0.0049;0.0000;0.2913
770.0;1.8384;1.8411;0.2800;0.0000;148;136;-0.0891;0.0062;-0.0100;-0.0127;-0.0049;0.0000;0.2913
770.5;1.8384;1.8402;0.3005;0.0000;148;136;-0.0891;0.0032;-0.0100;-0.0127;-0.0049;0.0000;0.2913
771.0;1.8379;1.8393;0.2755;0.0000;148;136;-0.0891;0.0032;-0.0100;-0.0117;-0.0049;0.0000;0.2913
771.5;1.8379;1.8388;0.2555;0.0000;148;136;-0.0110;0.0018;-0.0100;-0.0108;-0.0049;0.0000;0.2913
772.0;1.8379;1.8379;0.2555;0.0000;146;136;-0.0891;-0.0012;-0.0100;-0.0108;-0.0049;0.0000;0.2913
772.5;1.8375;1.8370;0.2555;0.0000;146;136;-0.0110;-0.0012;-0.0100;-0.0108;-0.0049;0.0000;0.2913
773.0;1.8375;1.8365;0.2660;0.0000;146;134;-0.0891;-0.0026;-0.0100;-0.0117;-0.0049;0.0000;0.2913
773.5;1.8370;1.8356;0.2770;0.0000;146;134;-0.0110;-0.0041;-0.0100;-0.0117;-0.0049;0.0000;0.2913
774.0;1.8365;1.8347;0.3035;0.0000;146;134;-0.0110;-0.0056;-0.0100;-0.0137;-0.0049;0.0000;0.2913
774.5;1.8361;1.8338;0.3205;0.0000;146;134;-0.0134;-0.0070;-0.0100;-0.0137;-0.0059;0.0000;0.2913
775.0;1.8361;1.8329;0.3225;0.0000;144;134;-0.0134;-0.0085;-0.0100;-0.0137;-0.0059;0.0000;0.2913
775.5;1.8356;1.8324;0.2935;0.0000;144;134;0.0672;-0.0100;-0.0100;-0.0127;-0.0059;0.0000;0.2913
776.0;1.8342;1.8315;0.3060;0.0000;144;134;0.0672;-0.0070;-0.0100;-0.0137;-0.0059;0.0000;0.2913
776.5;1.8324;1.8306;0.2825;0.0000;144;136;0.0672;-0.0056;-0.0100;-0.0127;-0.0059;0.0000;0.2835
777.0;1.8306;1.8297;0.2995;0.0000;146;138;0.0672;-0.0026;-0.0100;-0.0127;-0.0059;0.0000;0.2835
777.5;1.8297;1.8288;0.2805;0.0000;146;138;0.1453;-0.0026;-0.0100;-0.0127;-0.0059;0.0000;0.2835
778.0;1.8292;1.8278;0.2955;0.0000;146;138;-0.0110;-0.0041;-0.0100;-0.0127;-0.0059;0.0000;0.2835
778.5;1.8288;1.8269;0.2695;0.0000;144;138;-0.0110;-0.0056;-0.0100;-0.0117;-0.0059;0.0000;0.2835
779.0;1.8297;1.8260;0.2610;0.0000;142;136;0.0672;-0.0100;-0.0100;-0.0117;-0.0059;0.0000;0.2835
779.5;1.8301;1.8251;0.2625;0.0000;140;134;-0.0110;-0.0144;-0.0100;-0.0117;-0.0059;0.0000;0.2835
780.0;1.8310;1.8242;0.2345;0.0000;138;132;-0.0085;-0.0173;-0.0100;-0.0108;-0.0059;0.0000;0.2835
780.5;1.8315;1.8233;0.2345;0.0000;136;132;0.0696;-0.0217;-0.0100;-0.0108;-0.0059;0.0000;0.2835
781.0;1.8315;1.8223;0.1880;0.0000;134;130;0.0696;-0.0231;-0.0114;-0.0088;-0.0059;0.0000;0.2835
781.5;1.8315;1.8214;0.1855;0.0000;134;130;-0.0085;-0.0261;-0.0114;-0.0078;-0.0059;0.0000;0.2835
782.0;1.8315;1.8201;0.1400;0.0000;132;130;0.0720;-0.0290;-0.0114;-0.0068;-0.0059;0.0000;0.2835
782.5;1.8301;1.8191;0.1555;0.0000;132;130;0.0720;-0.0290;-0.0114;-0.0068;-0.0059;0.0000;0.2835
783.0;1.8301;1.8182;0.1555;0.0000;132;130;0.0720;-0.0305;-0.0114;-0.0068;-0.0059;0.0000;0.2835
783.5;1.8297;1.8173;0.1135;0.0000;130;130;0.0720;-0.0319;-0.0114;-0.0049;-0.0059;0.0000;0.2835
784.0;1.8297;1.8164;0.1250;0.0000;128;130;0.1502;-0.0334;-0.0114;-0.0059;-0.0059;0.0000;0.2835
784.5;1.8297;1.8150;0.0900;0.0000;128;128;-0.0037;-0.0363;-0.0114;-0.0039;-0.0068;0.0000;0.2835
785.0;1.8306;1.8141;0.1005;0.0000;126;126;0.0745;-0.0422;-0.0114;-0.0049;-0.0068;0.0000;0.2756
785.5;1.8306;1.8132;0.0820;0.0000;124;126;0.0745;-0.0451;-0.0114;-0.0039;-0.0068;0.0000;0.2756
786.0;1.8301;1.8123;0.1035;0.0000;124;126;0.0745;-0.0451;-0.0114;-0.0049;-0.0068;0.0000;0.2756
786.5;1.8274;1.8109;0.0915;0.0000;126;126;-0.0037;-0.0422;-0.0129;-0.0039;-0.0068;0.0000;0.2756
787.0;1.8246;1.8100;0.1175;0.0000;128;128;-0.0061;-0.0378;-0.0129;-0.0059;-0.0068;0.0000;0.2756
787.5;1.8219;1.8086;0.1225;0.0000;132;130;0.0720;-0.0334;-0.0129;-0.0059;-0.0068;0.0000;0.2756
788.0;1.8187;1.8077;0.1680;0.0000;134;132;0.0720;-0.0275;-0.0129;-0.0078;-0.0068;0.0000;0.2756
788.5;1.8150;1.8068;0.2155;0.0000;138;134;0.0696;-0.0217;-0.0129;-0.0098;-0.0068;0.0000;0.2756
789.0;1.8114;1.8054;0.1940;0.0000;140;138;-0.0085;-0.0158;-0.0129;-0.0088;-0.0068;0.0000;0.2756
789.5;1.8082;1.8045;0.2175;0.0000;142;140;0.1477;-0.0100;-0.0129;-0.0098;-0.0068;0.0000;0.2756
790.0;1.8045;1.8031;0.1925;0.0000;144;142;-0.0085;-0.0041;-0.0129;-0.0088;-0.0068;0.0000;0.2756
790.5;1.8017;1.8022;0.2280;0.0000;146;144;0.0696;0.0003;-0.0129;-0.0098;-0.0068;0.0000;0.2756
791.0;1.7995;1.8008;0.2370;0.0000;146;144;0.0696;0.0032;-0.0129;-0.0108;-0.0068;0.0000;0.2756
791.5;1.7972;1.7999;0.2780;0.0000;146;144;0.0672;0.0062;-0.0129;-0.0117;-0.0068;0.0000;0.2756
792.0;1.7949;1.7985;0.2925;0.0000;148;144;-0.0110;0.0091;-0.0129;-0.0127;-0.0068;0.0000;0.2756
792.5;1.7930;1.7972;0.2415;0.0000;148;144;-0.0891;0.0105;-0.0129;-0.0108;-0.0068;0.0000;0.2756
793.0;1.7908;1.7962;0.2210;0.0000;148;144;-0.0085;0.0135;-0.0129;-0.0098;-0.0068;0.0000;0.2677
793.5;1.7894;1.7949;0.1445;0.0000;146;144;-0.0061;0.0120;-0.0129;-0.0068;-0.0068;0.0000;0.2677
794.0;1.7885;1.7940;0.1480;0.0000;144;142;-0.0061;0.0120;-0.0129;-0.0068;-0.0068;0.0000;0.2677
794.5;1.7875;1.7926;0.1020;0.0000;142;142;0.0745;0.0120;-0.0129;-0.0049;-0.0068;0.0000;0.2677
795.0;1.7875;1.7912;0.1250;0.0000;142;140;-0.0061;0.0091;-0.0129;-0.0059;-0.0068;0.0000;0.2677
795.5;1.7866;1.7898;0.0950;0.0000;140;140;0.0745;0.0076;-0.0129;-0.0049;-0.0068;0.0000;0.2677
796.0;1.7857;1.7889;0.1565;0.0000;140;138;0.0720;0.0062;-0.0129;-0.0068;-0.0068;0.0000;0.2677
796.5;1.7848;1.7875;0.2355;0.0000;140;136;-0.0085;0.0062;-0.0129;-0.0108;-0.0068;0.0000;0.2677
797.0;1.7834;1.7862;0.2850;0.0000;142;134;-0.0891;0.0062;-0.0129;-0.0127;-0.0068;0.0000;0.2677
797.5;1.7811;1.7848;0.3205;0.0000;142;134;-0.0134;0.0091;-0.0129;-0.0137;-0.0078;0.0000;0.2677
798.0;1.7788;1.7834;0.2860;0.0000;142;136;-0.0110;0.0105;-0.0129;-0.0127;-0.0078;0.0000;0.2677
798.5;1.7770;1.7825;0.3330;0.0000;144;136;-0.0134;0.0135;-0.0129;-0.0147;-0.0078;0.0000;0.2677
799.0;1.7747;1.7811;0.2805;0.0000;144;136;-0.0110;0.0149;-0.0114;-0.0127;-0.0078;0.0000;0.2677
799.5;1.7724;1.7798;0.3140;0.0000;146;136;-0.0134;0.0179;-0.0114;-0.0137;-0.0078;0.0000;0.2677
800.0;1.7706;1.7784;0.2640;0.0000;146;138;0.0672;0.0179;-0.0114;-0.0117;-0.0078;0.0000;0.2677
800.5;1.7688;1.7770;0.2850;0.0000;146;138;-0.0110;0.0193;-0.0114;-0.0127;-0.0078;0.0000;0.2677
801.0;1.7665;1.7756;0.2025;0.0000;144;140;0.0696;0.0223;-0.0114;-0.0088;-0.0078;0.0000;0.2598
801.5;1.7637;1.7743;0.1490;0.0000;144;140;-0.0061;0.0252;-0.0114;-0.0068;-0.0078;0.0000;0.2598
802.0;1.7614;1.7729;0.1690;0.0000;146;142;-0.0842;0.0281;-0.0114;-0.0078;-0.0078;0.0000;0.2598
802.5;1.7592;1.7715;0.1355;0.0000;146;142;-0.0061;0.0296;-0.0114;-0.0059;-0.0078;0.0000;0.2598
803.0;1.7569;1.7701;0.1625;0.0000;148;142;-0.0061;0.0325;-0.0114;-0.0068;-0.0078;0.0000;0.2598
803.5;1.7546;1.7688;0.1000;0.0000;148;144;-0.0037;0.0340;-0.0114;-0.0049;-0.0078;0.0000;0.2598
804.0;1.7527;1.7674;0.1205;0.0000;148;142;-0.0842;0.0355;-0.0114;-0.0059;-0.0078;0.0000;0.2598
804.5;1.7518;1.7660;0.0810;0.0000;146;142;-0.0818;0.0340;-0.0114;-0.0039;-0.0078;0.0000;0.2598
805.0;1.7509;1.7642;0.1230;0.0000;146;140;-0.0842;0.0340;-0.0114;-0.0059;-0.0078;0.0000;0.2598
805.5;1.7509;1.7628;0.1335;0.0000;144;138;-0.0061;0.0296;-0.0100;-0.0059;-0.0078;0.0000;0.2598
806.0;1.7514;1.7614;0.1305;0.0000;142;134;-0.0061;0.0252;-0.0100;-0.0059;-0.0078;0.0000;0.2598
806.5;1.7514;1.7601;0.1335;0.0000;140;132;-0.0061;0.0208;-0.0100;-0.0059;-0.0078;0.0000;0.2598
807.0;1.7514;1.7587;0.1235;0.0000;138;130;-0.0842;0.0164;-0.0100;-0.0059;-0.0078;0.0000;0.2598
807.5;1.7509;1.7569;0.1685;0.0000;138;128;-0.0842;0.0149;-0.0100;-0.0078;-0.0078;0.0000;0.2598
808.0;1.7500;1.7555;0.1435;0.0000;136;128;-0.0842;0.0135;-0.0100;-0.0068;-0.0078;0.0000;0.2598
808.5;1.7500;1.7541;0.1635;0.0000;136;126;-0.0061;0.0105;-0.0100;-0.0078;-0.0078;0.0000;0.2520
809.0;1.7500;1.7523;0.1045;0.0000;134;124;-0.0842;0.0062;-0.0100;-0.0049;-0.0078;0.0000;0.2520
809.5;1.7500;1.7509;0.1280;0.0000;132;122;-0.1624;0.0018;-0.0100;-0.0059;-0.0078;0.0000;0.2520
810.0;1.7500;1.7495;0.0880;0.0000;130;122;-0.0037;-0.0026;-0.0100;-0.0039;-0.0078;0.0000;0.2520
810.5;1.7509;1.7477;0.1480;0.0000;128;120;-0.0842;-0.0085;-0.0100;-0.0068;-0.0078;0.0000;0.2520
811.0;1.7514;1.7463;0.1500;0.0000;126;118;-0.0842;-0.0144;-0.0100;-0.0068;-0.0088;0.0000;0.2520
811.5;1.7523;1.7450;0.1245;0.0000;124;116;-0.0842;-0.0202;-0.0100;-0.0059;-0.0088;0.0000;0.2520
812.0;1.7527;1.7431;0.1660;0.0000;122;112;-0.0842;-0.0246;-0.0100;-0.0078;-0.0088;0.0000;0.2520
812.5;1.7532;1.7418;0.2155;0.0000;122;110;-0.0867;-0.0305;-0.0100;-0.0098;-0.0088;0.0000;0.2520
813.0;1.7527;1.7399;0.3305;0.0000;122;109;-0.0916;-0.0334;-0.0100;-0.0147;-0.0088;0.0000;0.2520
813.5;1.7518;1.7386;0.3430;0.0000;122;109;-0.0134;-0.0349;-0.0114;-0.0147;-0.0088;0.0000;0.2520
814.0;1.7495;1.7367;0.4295;0.0000;124;109;-0.0159;-0.0334;-0.0114;-0.0186;-0.0088;0.0000;0.2520
814.5;1.7482;1.7349;0.3970;0.0000;126;110;-0.0940;-0.0334;-0.0114;-0.0176;-0.0088;0.0000;0.2520
815.0;1.7473;1.7335;0.3815;0.0000;124;110;0.0647;-0.0349;-0.0114;-0.0166;-0.0088;0.0000;0.2520
815.5;1.7463;1.7317;0.2910;0.0000;122;110;-0.0110;-0.0378;-0.0114;-0.0127;-0.0088;0.0000;0.2520
816.0;1.7468;1.7303;0.2715;0.0000;120;109;-0.0110;-0.0422;-0.0114;-0.0117;-0.0088;0.0000;0.2441
816.5;1.7468;1.7285;0.1910;0.0000;118;109;0.0696;-0.0466;-0.0114;-0.0088;-0.0088;0.0000;0.2441
817.0;1.7463;1.7266;0.1400;0.0000;116;109;-0.0842;-0.0495;-0.0114;-0.0068;-0.0088;0.0000;0.2441
817.5;1.7454;1.7253;0.0760;0.0000;116;109;-0.0037;-0.0510;-0.0114;-0.0039;-0.0088;0.0000;0.2441
818.0;1.7440;1.7234;0.0525;0.0000;114;109;-0.0037;-0.0524;-0.0129;-0.0029;-0.0088;0.0000;0.2441
818.5;1.7344;1.7216;0.0825;0.0000;126;112;0.0745;-0.0319;-0.0129;-0.0039;-0.0088;0.0000;0.2441
819.0;1.7271;1.7198;0.0430;0.0000;134;120;0.0745;-0.0188;-0.0129;-0.0020;-0.0088;0.0000;0.2441
819.5;1.7221;1.7184;0.0845;0.0000;136;124;0.0745;-0.0100;-0.0129;-0.0039;-0.0088;0.0000;0.2441
820.0;1.7189;1.7166;0.0650;0.0000;138;126;-0.0037;-0.0056;-0.0129;-0.0029;-0.0088;0.0000;0.2441
820.5;1.7161;1.7147;0.1220;0.0000;138;126;-0.0061;-0.0041;-0.0129;-0.0059;-0.0088;0.0000;0.2441
821.0;1.7143;1.7129;0.1695;0.0000;138;126;-0.0061;-0.0041;-0.0129;-0.0078;-0.0088;0.0000;0.2441
821.5;1.7129;1.7111;0.2345;0.0000;138;124;-0.0085;-0.0041;-0.0129;-0.0108;-0.0088;0.0000;0.2441
822.0;1.7111;1.7092;0.2415;0.0000;136;122;-0.0085;-0.0056;-0.0129;-0.0108;-0.0088;0.0000;0.2441
822.5;1.7097;1.7079;0.2495;0.0000;134;122;-0.0110;-0.0056;-0.0129;-0.0108;-0.0098;0.0000;0.2441
823.0;1.7083;1.7060;0.2370;0.0000;132;120;-0.0085;-0.0070;-0.0129;-0.0108;-0.0098;0.0000;0.2441
823.5;1.7079;1.7042;0.2395;0.0000;130;118;-0.0085;-0.0100;-0.0129;-0.0108;-0.0098;0.0000;0.2362
824.0;1.7065;1.7024;0.2725;0.0000;128;118;0.0672;-0.0114;-0.0129;-0.0117;-0.0098;0.0000;0.2362
824.5;1.7056;1.7005;0.2240;0.0000;126;116;-0.0085;-0.0144;-0.0129;-0.0098;-0.0098;0.0000;0.2362
825.0;1.7051;1.6987;0.2505;0.0000;124;116;0.0672;-0.0173;-0.0129;-0.0108;-0.0098;0.0000;0.2362
825.5;1.7047;1.6969;0.1930;0.0000;122;114;0.0696;-0.0202;-0.0129;-0.0088;-0.0098;0.0000;0.2362
826.0;1.7047;1.6951;0.2190;0.0000;120;112;0.0696;-0.0261;-0.0129;-0.0098;-0.0098;0.0000;0.2362
826.5;1.7051;1.6928;0.2235;0.0000;118;109;-0.0085;-0.0305;-0.0129;-0.0098;-0.0098;0.0000;0.2362
827.0;1.7051;1.6909;0.2595;0.0000;116;107;-0.0110;-0.0349;-0.0129;-0.0117;-0.0098;0.0000;0.2362
827.5;1.7047;1.6891;0.2495;0.0000;114;107;-0.0110;-0.0393;-0.0129;-0.0108;-0.0098;0.0000;0.2362
828.0;1.7038;1.6873;0.2210;0.0000;114;105;-0.0085;-0.0422;-0.0144;-0.0098;-0.0098;0.0000;0.2362
828.5;1.7033;1.6854;0.2615;0.0000;112;105;0.0672;-0.0451;-0.0144;-0.0117;-0.0098;0.0000;0.2362
829.0;1.7028;1.6836;0.2155;0.0000;110;103;-0.0085;-0.0495;-0.0144;-0.0098;-0.0098;0.0000;0.2362
829.5;1.7028;1.6818;0.2220;0.0000;109;103;0.0696;-0.0539;-0.0144;-0.0098;-0.0098;0.0000;0.2362
830.0;1.6951;1.6795;0.1140;0.0000;116;105;0.0720;-0.0393;-0.0144;-0.0049;-0.0098;0.0000;0.2362
830.5;1.6891;1.6777;0.0880;0.0000;122;110;-0.0037;-0.0290;-0.0144;-0.0039;-0.0098;0.0000;0.2283
831.0;1.6850;1.6758;-0.0130;0.0000;122;114;-0.0012;-0.0231;-0.0144;-0.0000;-0.0098;0.0000;0.2283
831.5;1.6818;1.6735;0.0135;0.0000;124;116;0.0769;-0.0202;-0.0144;-0.0010;-0.0098;0.0000;0.2283
832.0;1.6786;1.6717;0.0315;0.0000;126;116;-0.0794;-0.0173;-0.0144;-0.0020;-0.0098;0.0000;0.2283
832.5;1.6763;1.6699;0.0630;0.0000;126;116;-0.0037;-0.0173;-0.0144;-0.0029;-0.0098;0.0000;0.2283
833.0;1.6740;1.6676;0.0510;0.0000;124;116;0.0745;-0.0173;-0.0144;-0.0029;-0.0098;0.0000;0.2283
833.5;1.6722;1.6658;-0.0105;0.0000;124;116;-0.0794;-0.0158;-0.0144;-0.0000;-0.0098;0.0000;0.2283
834.0;1.6708;1.6639;0.0480;0.0000;122;114;-0.0037;-0.0173;-0.0144;-0.0029;-0.0098;0.0000;0.2283
834.5;1.6694;1.6616;-0.0110;0.0000;120;114;-0.0012;-0.0202;-0.0144;-0.0000;-0.0098;0.0000;0.2283
835.0;1.6685;1.6598;0.0250;0.0000;118;112;-0.0012;-0.0231;-0.0158;-0.0020;-0.0098;0.0000;0.2283
835.5;1.6680;1.6575;-0.0405;0.0000;116;110;0.0012;-0.0275;-0.0158;0.0010;-0.0098;0.0000;0.2283
836.0;1.6671;1.6557;-0.0725;0.0000;114;110;0.0794;-0.0290;-0.0158;0.0029;-0.0098;0.0000;0.2283
836.5;1.6653;1.6534;-0.1300;0.0000;112;110;0.0818;-0.0305;-0.0158;0.0049;-0.0098;0.0000;0.2283
837.0;1.6644;1.6516;-0.1240;0.0000;110;109;0.0037;-0.0319;-0.0158;0.0049;-0.0098;0.0000;0.2283
837.5;1.6625;1.6493;-0.0935;0.0000;110;109;0.0012;-0.0334;-0.0158;0.0029;-0.0098;0.0000;0.2205
838.0;1.6598;1.6474;-0.0555;0.0000;110;109;0.0012;-0.0319;-0.0158;0.0020;-0.0098;0.0000;0.2205
838.5;1.6575;1.6451;-0.0640;0.0000;112;109;0.0012;-0.0319;-0.0158;0.0020;-0.0098;0.0000;0.2205
839.0;1.6548;1.6429;-0.1425;0.0000;112;110;0.0818;-0.0305;-0.0158;0.0059;-0.0098;0.0000;0.2205
839.5;1.6511;1.6410;-0.0985;0.0000;112;112;0.1575;-0.0261;-0.0158;0.0039;-0.0098;0.0000;0.2205
840.0;1.6470;1.6387;-0.1610;0.0000;114;114;0.0818;-0.0217;-0.0158;0.0059;-0.0098;0.0000;0.2205
840.5;1.6433;1.6364;-0.0865;0.0000;116;114;0.0012;-0.0173;-0.0158;0.0029;-0.0098;0.0000;0.2205
841.0;1.6397;1.6346;-0.1030;0.0000;116;116;0.0818;-0.0144;-0.0158;0.0039;-0.0098;0.0000;0.2205
841.5;1.6355;1.6323;-0.0925;0.0000;118;118;0.0012;-0.0085;-0.0158;0.0029;-0.0098;0.0000;0.2205
842.0;1.6319;1.6300;-0.0950;0.0000;118;118;0.0794;-0.0056;-0.0158;0.0039;-0.0098;0.0000;0.2205
842.5;1.6291;1.6277;-0.0505;0.0000;120;120;0.0794;-0.0041;-0.0158;0.0020;-0.0098;0.0000;0.2205
843.0;1.6273;1.6255;0.0310;0.0000;120;118;-0.0012;-0.0041;-0.0158;-0.0020;-0.0098;0.0000;0.2205
843.5;1.6255;1.6236;0.0190;0.0000;118;116;0.0769;-0.0056;-0.0158;-0.0010;-0.0098;0.0000;0.2205
844.0;1.6227;1.6213;0.0880;0.0000;118;114;-0.0037;-0.0056;-0.0158;-0.0039;-0.0098;0.0000;0.2126
844.5;1.6209;1.6190;0.0705;0.0000;116;114;0.0745;-0.0056;-0.0158;-0.0039;-0.0098;0.0000;0.2126
845.0;1.6190;1.6168;0.1460;0.0000;116;112;0.0720;-0.0070;-0.0173;-0.0068;-0.0098;0.0000;0.2126
845.5;1.6168;1.6145;0.1215;0.0000;116;112;-0.0842;-0.0070;-0.0173;-0.0059;-0.0098;0.0000;0.2126
846.0;1.6149;1.6122;0.1735;0.0000;116;112;0.0720;-0.0070;-0.0173;-0.0078;-0.0098;0.0000;0.2126
846.5;1.6131;1.6099;0.1335;0.0000;114;112;0.0720;-0.0085;-0.0173;-0.0059;-0.0098;0.0000;0.2126
847.0;1.6113;1.6076;0.1025;0.0000;112;110;-0.0037;-0.0085;-0.0173;-0.0049;-0.0098;0.0000;0.2126
847.5;1.6090;1.6053;0.0710;0.0000;112;110;-0.0037;-0.0085;-0.0173;-0.0039;-0.0098;0.0000;0.2126
848.0;1.6071;1.6030;0.0815;0.0000;112;110;-0.0037;-0.0100;-0.0173;-0.0039;-0.0098;0.0000;0.2126
848.5;1.6044;1.6007;0.1515;0.0000;112;109;-0.0061;-0.0100;-0.0173;-0.0068;-0.0098;0.0000;0.2126
849.0;1.6021;1.5984;0.1365;0.0000;112;109;-0.0061;-0.0100;-0.0173;-0.0059;-0.0098;0.0000;0.2126
849.5;1.6007;1.5962;0.2305;0.0000;112;107;-0.0085;-0.0129;-0.0173;-0.0098;-0.0098;0.0000;0.2126
850.0;1.5989;1.5939;0.2370;0.0000;112;107;-0.0085;-0.0144;-0.0173;-0.0108;-0.0098;0.0000;0.2126
850.5;1.5975;1.5916;0.3115;0.0000;112;105;-0.0110;-0.0158;-0.0173;-0.0137;-0.0098;0.0000;0.2047
851.0;1.5952;1.5893;0.3285;0.0000;110;103;-0.0134;-0.0158;-0.0173;-0.0147;-0.0108;0.0000;0.2047
851.5;1.5929;1.5865;0.3705;0.0000;110;103;-0.0916;-0.0173;-0.0173;-0.0156;-0.0108;0.0000;0.2047
852.0;1.5916;1.5842;0.3315;0.0000;110;103;-0.0134;-0.0188;-0.0173;-0.0147;-0.0108;0.0000;0.2047
852.5;1.5907;1.5820;0.2975;0.0000;109;101;-0.0891;-0.0217;-0.0173;-0.0127;-0.0108;0.0000;0.2047
853.0;1.5907;1.5797;0.2670;0.0000;107;99;-0.0110;-0.0275;-0.0173;-0.0117;-0.0108;0.0000;0.2047
853.5;1.5902;1.5774;0.2600;0.0000;105;95;-0.0891;-0.0334;-0.0173;-0.0117;-0.0108;0.0000;0.2047
854.0;1.5897;1.5746;0.2995;0.0000;103;93;0.0672;-0.0378;-0.0173;-0.0127;-0.0108;0.0000;0.2047
854.5;1.5888;1.5723;0.2625;0.0000;101;93;-0.0110;-0.0422;-0.0173;-0.0117;-0.0108;0.0000;0.2047
855.0;1.5875;1.5701;0.2950;0.0000;101;91;-0.0891;-0.0451;-0.0173;-0.0127;-0.0108;0.0000;0.2047
855.5;1.5870;1.5673;0.2540;0.0000;99;89;-0.0891;-0.0495;-0.0188;-0.0108;-0.0108;0.0000;0.2047
856.0;1.5861;1.5650;0.2840;0.0000;99;87;-0.1673;-0.0539;-0.0188;-0.0127;-0.0108;0.0000;0.2047
856.5;1.5847;1.5623;0.2680;0.0000;97;87;-0.0891;-0.0568;-0.0188;-0.0117;-0.0108;0.0000;0.2047
857.0;1.5833;1.5600;0.3000;0.0000;97;85;-0.0110;-0.0598;-0.0188;-0.0127;-0.0108;0.0000;0.1969
857.5;1.5824;1.5577;0.3060;0.0000;97;83;-0.0891;-0.0627;-0.0188;-0.0137;-0.0108;0.0000;0.1969
858.0;1.5806;1.5549;0.3085;0.0000;95;83;0.0672;-0.0642;-0.0188;-0.0137;-0.0108;0.0000;0.1969
858.5;1.5788;1.5527;0.4445;0.0000;97;81;-0.0159;-0.0671;-0.0202;-0.0196;-0.0117;0.0000;0.1969
859.0;1.5774;1.5499;0.4635;0.0000;95;79;-0.0965;-0.0700;-0.0202;-0.0196;-0.0117;0.0000;0.1969
859.5;1.5755;1.5476;0.5935;0.0000;97;77;-0.0232;-0.0715;-0.0202;-0.0254;-0.0117;0.0000;0.1969
860.0;1.5737;1.5449;0.6270;0.0000;97;77;-0.0232;-0.0730;-0.0202;-0.0264;-0.0117;0.0000;0.1969
860.5;1.5714;1.5426;0.7370;0.0000;97;75;-0.0281;-0.0730;-0.0202;-0.0313;-0.0117;0.0000;0.1969
861.0;1.5691;1.5398;0.7140;0.0000;97;77;-0.0256;-0.0744;-0.0217;-0.0303;-0.0117;0.0000;0.1969
861.5;1.5659;1.5371;0.7090;0.0000;99;77;-0.1038;-0.0730;-0.0217;-0.0303;-0.0117;0.0000;0.1969
862.0;1.5618;1.5348;0.7370;0.0000;99;79;-0.1038;-0.0686;-0.0217;-0.0313;-0.0127;0.0000;0.1969
862.5;1.5582;1.5321;0.7005;0.0000;101;79;-0.0256;-0.0656;-0.0217;-0.0303;-0.0127;0.0000;0.1969
863.0;1.5545;1.5293;0.6635;0.0000;101;81;0.0549;-0.0627;-0.0217;-0.0283;-0.0127;0.0000;0.1969
863.5;1.5499;1.5270;0.5785;0.0000;103;85;0.0574;-0.0583;-0.0217;-0.0244;-0.0127;0.0000;0.1890
864.0;1.5462;1.5243;0.5700;0.0000;103;87;-0.0208;-0.0554;-0.0231;-0.0244;-0.0127;0.0000;0.1890
864.5;1.5426;1.5215;0.4805;0.0000;103;89;0.0598;-0.0524;-0.0231;-0.0205;-0.0127;0.0000;0.1890
865.0;1.5389;1.5188;0.5095;0.0000;103;89;0.0598;-0.0495;-0.0231;-0.0215;-0.0127;0.0000;0.1890
865.5;1.5357;1.5165;0.4260;0.0000;101;91;0.1404;-0.0481;-0.0231;-0.0186;-0.0127;0.0000;0.1890
866.0;1.5321;1.5137;0.3825;0.0000;101;91;0.0647;-0.0466;-0.0231;-0.0166;-0.0127;0.0000;0.1890
866.5;1.5288;1.5110;0.3290;0.0000;101;93;0.0647;-0.0451;-0.0231;-0.0147;-0.0137;0.0000;0.1890
867.0;1.5252;1.5082;0.3405;0.0000;101;93;0.0647;-0.0437;-0.0231;-0.0147;-0.0137;0.0000;0.1890
867.5;1.5224;1.5055;0.4095;0.0000;101;91;-0.0159;-0.0437;-0.0246;-0.0176;-0.0137;0.0000;0.1890
868.0;1.5201;1.5027;0.4385;0.0000;101;91;-0.0159;-0.0437;-0.0246;-0.0186;-0.0137;0.0000;0.1890
868.5;1.5174;1.5000;0.4885;0.0000;101;89;0.0598;-0.0437;-0.0246;-0.0205;-0.0137;0.0000;0.1890
869.0;1.5147;1.4977;0.4530;0.0000;99;89;0.0623;-0.0437;-0.0246;-0.0196;-0.0137;0.0000;0.1890
869.5;1.5124;1.4950;0.5455;0.0000;99;87;-0.0208;-0.0451;-0.0246;-0.0235;-0.0137;0.0000;0.1811
870.0;1.5096;1.4922;0.5040;0.0000;97;87;0.0598;-0.0451;-0.0246;-0.0215;-0.0137;0.0000;0.1811
870.5;1.5055;1.4895;0.5870;0.0000;99;87;0.0549;-0.0407;-0.0246;-0.0254;-0.0137;0.0000;0.1811
871.0;1.5009;1.4867;0.5435;0.0000;101;89;-0.0208;-0.0363;-0.0246;-0.0235;-0.0137;0.0000;0.1811
871.5;1.4963;1.4835;0.5230;0.0000;103;91;-0.0183;-0.0319;-0.0246;-0.0225;-0.0147;0.0000;0.1811
872.0;1.4918;1.4808;0.4615;0.0000;103;93;0.1380;-0.0275;-0.0246;-0.0196;-0.0147;0.0000;0.1811
872.5;1.4872;1.4780;0.4710;0.0000;105;93;0.0623;-0.0231;-0.0261;-0.0205;-0.0147;0.0000;0.1811
873.0;1.4821;1.4753;0.4710;0.0000;105;95;0.1380;-0.0188;-0.0261;-0.0205;-0.0147;0.0000;0.1811
873.5;1.4771;1.4725;0.3655;0.0000;105;99;-0.0134;-0.0114;-0.0261;-0.0156;-0.0147;0.0000;0.1811
874.0;1.4716;1.4698;0.3645;0.0000;107;99;-0.0134;-0.0056;-0.0261;-0.0156;-0.0147;0.0000;0.1811
874.5;1.4670;1.4670;0.2590;0.0000;109;103;0.0672;-0.0012;-0.0261;-0.0117;-0.0147;0.0000;0.1811
875.0;1.4629;1.4643;0.2915;0.0000;109;103;0.0672;0.0018;-0.0261;-0.0127;-0.0147;0.0000;0.1811
875.5;1.4592;1.4611;0.1980;0.0000;107;103;0.0696;0.0047;-0.0261;-0.0088;-0.0147;0.0000;0.1732
876.0;1.4565;1.4583;0.2445;0.0000;107;101;0.0696;0.0047;-0.0261;-0.0108;-0.0147;0.0000;0.1732
876.5;1.4538;1.4556;0.1790;0.0000;105;101;0.0696;0.0032;-0.0261;-0.0078;-0.0147;0.0000;0.1732
877.0;1.4515;1.4528;0.1795;0.0000;103;99;0.0696;0.0018;-0.0261;-0.0078;-0.0147;0.0000;0.1732
877.5;1.4496;1.4496;0.1420;0.0000;101;97;-0.0061;0.0003;-0.0261;-0.0068;-0.0147;0.0000;0.1732
878.0;1.4478;1.4469;0.2090;0.0000;99;95;0.0696;-0.0026;-0.0261;-0.0088;-0.0147;0.0000;0.1732
878.5;1.4460;1.4441;0.2945;0.0000;99;93;0.0672;-0.0056;-0.0261;-0.0127;-0.0147;0.0000;0.1732
879.0;1.4441;1.4409;0.2505;0.0000;97;91;0.0672;-0.0085;-0.0261;-0.0108;-0.0147;0.0000;0.1732
879.5;1.4418;1.4382;0.3130;0.0000;95;89;-0.0110;-0.0100;-0.0261;-0.0137;-0.0156;0.0000;0.1732
880.0;1.4391;1.4350;0.2495;0.0000;95;89;-0.0110;-0.0114;-0.0261;-0.0108;-0.0156;0.0000;0.1732
880.5;1.4364;1.4322;0.3360;0.0000;95;87;-0.0134;-0.0114;-0.0261;-0.0147;-0.0156;0.0000;0.1732
881.0;1.4336;1.4290;0.3260;0.0000;95;87;0.0647;-0.0129;-0.0261;-0.0147;-0.0156;0.0000;0.1732
881.5;1.4313;1.4263;0.3800;0.0000;95;85;0.0647;-0.0129;-0.0261;-0.0166;-0.0156;0.0000;0.1654
882.0;1.4281;1.4231;0.2970;0.0000;95;87;-0.0110;-0.0129;-0.0261;-0.0127;-0.0156;0.0000;0.1654
882.5;1.4249;1.4203;0.2645;0.0000;95;87;0.0672;-0.0129;-0.0261;-0.0117;-0.0156;0.0000;0.1654
883.0;1.4226;1.4171;0.2125;0.0000;93;85;-0.0867;-0.0144;-0.0261;-0.0098;-0.0156;0.0000;0.1654
883.5;1.4208;1.4144;0.1970;0.0000;91;83;0.0696;-0.0173;-0.0261;-0.0088;-0.0156;0.0000;0.1654
884.0;1.4185;1.4112;0.2600;0.0000;91;81;-0.0110;-0.0188;-0.0261;-0.0117;-0.0156;0.0000;0.1654
884.5;1.4171;1.4084;0.1815;0.0000;89;81;-0.0085;-0.0231;-0.0261;-0.0078;-0.0156;0.0000;0.1654
885.0;1.4153;1.4052;0.2395;0.0000;89;79;-0.0085;-0.0261;-0.0261;-0.0108;-0.0156;0.0000;0.1654
885.5;1.4135;1.4020;0.1775;0.0000;87;77;-0.0085;-0.0290;-0.0261;-0.0078;-0.0156;0.0000;0.1654
886.0;1.4107;1.3993;0.2540;0.0000;87;77;0.0672;-0.0305;-0.0261;-0.0108;-0.0156;0.0000;0.1654
886.5;1.4080;1.3961;0.2425;0.0000;87;77;0.0696;-0.0305;-0.0261;-0.0108;-0.0156;0.0000;0.1654
887.0;1.4038;1.3929;0.3080;0.0000;87;77;0.0672;-0.0290;-0.0261;-0.0137;-0.0156;0.0000;0.1654
887.5;1.4006;1.3897;0.2725;0.0000;87;77;-0.0110;-0.0275;-0.0261;-0.0117;-0.0156;0.0000;0.1575
888.0;1.3970;1.3869;0.2120;0.0000;87;79;0.0696;-0.0261;-0.0275;-0.0098;-0.0166;0.0000;0.1575
888.5;1.3919;1.3837;0.2660;0.0000;91;79;-0.0110;-0.0217;-0.0275;-0.0117;-0.0166;0.0000;0.1575
889.0;1.3860;1.3805;0.2055;0.0000;93;83;0.1477;-0.0144;-0.0275;-0.0088;-0.0166;0.0000;0.1575
889.5;1.3791;1.3773;0.2290;0.0000;97;87;0.0696;-0.0056;-0.0275;-0.0098;-0.0166;0.0000;0.1575
890.0;1.3723;1.3741;0.0945;0.0000;97;93;0.0745;0.0032;-0.0275;-0.0049;-0.0166;0.0000;0.1575
890.5;1.3658;1.3709;0.0640;0.0000;99;95;0.0745;0.0120;-0.0275;-0.0029;-0.0166;0.0000;0.1575
891.0;1.3608;1.3681;-0.0445;0.0000;101;99;0.0794;0.0164;-0.0275;0.0010;-0.0166;0.0000;0.1575
891.5;1.3553;1.3649;-0.0270;0.0000;103;99;0.0769;0.0237;-0.0261;0.0010;-0.0166;0.0000;0.1575
892.0;1.3494;1.3617;-0.0405;0.0000;103;103;0.0794;0.0296;-0.0261;0.0010;-0.0166;0.0000;0.1575
892.5;1.3434;1.3585;-0.0065;0.0000;105;103;0.0769;0.0369;-0.0261;-0.0000;-0.0166;0.0000;0.1575
893.0;1.3365;1.3553;-0.0380;0.0000;107;107;0.0794;0.0457;-0.0261;0.0010;-0.0166;0.0000;0.1496
893.5;1.3301;1.3521;-0.1045;0.0000;109;110;0.0818;0.0545;-0.0261;0.0039;-0.0166;0.0000;0.1496
894.0;1.3246;1.3489;-0.0400;0.0000;109;109;0.0794;0.0589;-0.0261;0.0010;-0.0166;0.0000;0.1496
894.5;1.3201;1.3457;-0.1225;0.0000;109;110;0.0818;0.0633;-0.0261;0.0049;-0.0166;0.0000;0.1496
895.0;1.3155;1.3425;-0.0775;0.0000;110;110;0.0012;0.0662;-0.0261;0.0029;-0.0166;0.0000;0.1496
895.5;1.3114;1.3388;-0.1650;0.0000;109;110;0.0818;0.0677;-0.0246;0.0068;-0.0166;0.0000;0.1496
896.0;1.3082;1.3356;-0.1875;0.0000;107;110;0.0842;0.0691;-0.0246;0.0078;-0.0166;0.0000;0.1496
896.5;1.3040;1.3324;-0.2610;0.0000;105;109;0.0085;0.0706;-0.0246;0.0108;-0.0156;0.0000;0.1496
897.0;1.2999;1.3292;-0.2370;0.0000;105;109;0.0061;0.0721;-0.0246;0.0098;-0.0156;0.0000;0.1496
897.5;1.2967;1.3260;-0.1965;0.0000;105;107;0.0061;0.0721;-0.0246;0.0078;-0.0156;0.0000;0.1496
898.0;1.2935;1.3228;-0.1215;0.0000;105;105;0.0818;0.0721;-0.0231;0.0049;-0.0156;0.0000;0.1496
898.5;1.2912;1.3191;-0.0885;0.0000;103;103;0.0012;0.0691;-0.0231;0.0029;-0.0156;0.0000;0.1417
899.0;1.2903;1.3159;-0.0660;0.0000;101;99;0.0012;0.0633;-0.0231;0.0020;-0.0156;0.0000;0.1417
899.5;1.2889;1.3127;0.1000;0.0000;101;93;-0.0037;0.0589;-0.0231;-0.0049;-0.0156;0.0000;0.1417
900.0;1.2875;1.3095;0.1235;0.0000;97;91;-0.0061;0.0530;-0.0231;-0.0059;-0.0156;0.0000;0.1417
900.5;1.2871;1.3059;0.2525;0.0000;95;85;-0.0110;0.0472;-0.0231;-0.0108;-0.0156;0.0000;0.1417
901.0;1.2866;1.3027;0.2255;0.0000;91;81;-0.0085;0.0384;-0.0217;-0.0098;-0.0156;0.0000;0.1417
901.5;1.2866;1.2995;0.2615;0.0000;89;77;-0.0110;0.0311;-0.0217;-0.0117;-0.0166;0.0000;0.1417
902.0;1.2866;1.2958;0.2340;0.0000;85;75;-0.0085;0.0223;-0.0217;-0.0108;-0.0166;0.0000;0.1417
902.5;1.2871;1.2926;0.2975;0.0000;81;71;-0.0110;0.0135;-0.0217;-0.0127;-0.0166;0.0000;0.1417
903.0;1.2871;1.2889;0.3955;0.0000;79;67;-0.0159;0.0047;-0.0217;-0.0176;-0.0166;0.0000;0.1417
903.5;1.2866;1.2857;0.3775;0.0000;77;64;-0.0916;-0.0026;-0.0217;-0.0166;-0.0166;0.0000;0.1417
904.0;1.2857;1.2821;0.4230;0.0000;77;62;-0.0940;-0.0100;-0.0217;-0.0186;-0.0166;0.0000;0.1339
904.5;1.2848;1.2788;0.3570;0.0000;75;60;-0.0134;-0.0158;-0.0217;-0.0156;-0.0166;0.0000;0.1339
905.0;1.2830;1.2752;0.3715;0.0000;73;58;-0.0916;-0.0202;-0.0217;-0.0156;-0.0166;0.0000;0.1339
905.5;1.2816;1.2720;0.2940;0.0000;71;58;-0.0891;-0.0246;-0.0217;-0.0127;-0.0166;0.0000;0.1339
906.0;1.2802;1.2683;0.2920;0.0000;71;58;-0.0891;-0.0305;-0.0217;-0.0127;-0.0166;0.0000;0.1339
906.5;1.2793;1.2651;0.1750;0.0000;67;56;-0.0085;-0.0363;-0.0231;-0.0078;-0.0166;0.0000;0.1339
907.0;1.2775;1.2614;0.1035;0.0000;67;56;-0.0037;-0.0407;-0.0231;-0.0049;-0.0166;0.0000;0.1339
907.5;1.2756;1.2582;0.0010;0.0000;65;56;-0.0794;-0.0451;-0.0231;-0.0010;-0.0166;0.0000;0.1339
908.0;1.2729;1.2546;-0.0185;0.0000;64;56;-0.0012;-0.0466;-0.0231;-0.0000;-0.0166;0.0000;0.1339
908.5;1.2701;1.2509;-0.0005;0.0000;65;56;-0.0012;-0.0481;-0.0231;-0.0000;-0.0166;0.0000;0.1339
909.0;1.2679;1.2477;-0.0395;0.0000;64;56;-0.0769;-0.0510;-0.0231;0.0010;-0.0166;0.0000;0.1339
909.5;1.2656;1.2440;0.0140;0.0000;64;54;-0.0794;-0.0539;-0.0231;-0.0010;-0.0166;0.0000;0.1260
910.0;1.2628;1.2404;0.0015;0.0000;64;54;-0.0012;-0.0568;-0.0246;-0.0010;-0.0166;0.0000;0.1260
910.5;1.2596;1.2367;0.1005;0.0000;65;54;-0.0818;-0.0583;-0.0246;-0.0049;-0.0166;0.0000;0.1260
911.0;1.2569;1.2335;0.1555;0.0000;65;52;-0.0842;-0.0598;-0.0246;-0.0068;-0.0166;0.0000;0.1260
911.5;1.2532;1.2299;0.2345;0.0000;67;52;-0.1648;-0.0598;-0.0246;-0.0108;-0.0166;0.0000;0.1260
912.0;1.2491;1.2262;0.2800;0.0000;67;52;-0.0891;-0.0583;-0.0246;-0.0127;-0.0166;0.0000;0.1260
912.5;1.2445;1.2225;0.3480;0.0000;71;52;-0.2479;-0.0554;-0.0246;-0.0147;-0.0166;0.0000;0.1260
913.0;1.2386;1.2189;0.4150;0.0000;73;54;-0.2503;-0.0495;-0.0246;-0.0176;-0.0176;0.0000;0.1260
913.5;1.2335;1.2152;0.5095;0.0000;77;54;-0.0965;-0.0451;-0.0261;-0.0215;-0.0176;0.0000;0.1260
914.0;1.2289;1.2115;0.6335;0.0000;79;54;-0.1795;-0.0437;-0.0261;-0.0274;-0.0176;0.0000;0.1260
914.5;1.2234;1.2083;0.6730;0.0000;81;54;-0.1795;-0.0393;-0.0261;-0.0283;-0.0176;0.0000;0.1260
915.0;1.2184;1.2047;0.7615;0.0000;83;54;-0.2625;-0.0363;-0.0261;-0.0323;-0.0176;0.0000;0.1181
915.5;1.2134;1.2010;0.7555;0.0000;85;54;-0.1062;-0.0319;-0.0261;-0.0323;-0.0176;0.0000;0.1181
916.0;1.2083;1.1973;0.8075;0.0000;87;54;-0.1868;-0.0275;-0.0261;-0.0342;-0.0176;0.0000;0.1181
916.5;1.2024;1.1937;0.8325;0.0000;89;56;-0.1868;-0.0231;-0.0261;-0.0352;-0.0186;0.0000;0.1181
917.0;1.1964;1.1900;0.8625;0.0000;91;58;-0.1868;-0.0173;-0.0261;-0.0371;-0.0186;0.0000;0.1181
917.5;1.1896;1.1859;0.8350;0.0000;93;60;-0.1087;-0.0100;-0.0261;-0.0352;-0.0186;0.0000;0.1181
918.0;1.1841;1.1822;0.7815;0.0000;93;62;-0.1062;-0.0041;-0.0261;-0.0332;-0.0186;0.0000;0.1181
918.5;1.1772;1.1786;0.7815;0.0000;95;64;-0.1062;0.0032;-0.0261;-0.0332;-0.0186;0.0000;0.1181
919.0;1.1703;1.1749;0.7200;0.0000;97;65;-0.1038;0.0105;-0.0261;-0.0303;-0.0186;0.0000;0.1181
919.5;1.1630;1.1712;0.7195;0.0000;99;69;-0.1819;0.0193;-0.0261;-0.0303;-0.0196;0.0000;0.1181
920.0;1.1557;1.1676;0.6250;0.0000;101;73;-0.1013;0.0296;-0.0261;-0.0264;-0.0196;0.0000;0.1181
920.5;1.1488;1.1639;0.6275;0.0000;105;75;-0.1013;0.0384;-0.0261;-0.0264;-0.0196;0.0000;0.1181
921.0;1.1419;1.1603;0.5385;0.0000;105;77;-0.1770;0.0457;-0.0261;-0.0235;-0.0196;0.0000;0.1181
921.5;1.1369;1.1566;0.5255;0.0000;105;79;-0.0989;0.0486;-0.0261;-0.0225;-0.0196;0.0000;0.1181
922.0;1.1314;1.1534;0.4875;0.0000;105;79;-0.1746;0.0530;-0.0246;-0.0205;-0.0196;0.0000;0.1181
922.5;1.1264;1.1497;0.4790;0.0000;105;79;-0.1746;0.0574;-0.0246;-0.0205;-0.0196;0.0000;0.1181
923.0;1.1223;1.1461;0.4495;0.0000;105;79;-0.0159;0.0589;-0.0246;-0.0196;-0.0196;0.0000;0.1181
923.5;1.1181;1.1424;0.4050;0.0000;103;79;-0.1722;0.0604;-0.0246;-0.0176;-0.0205;0.0000;0.1181
924.0;1.1136;1.1387;0.4085;0.0000;103;77;-0.0940;0.0618;-0.0246;-0.0176;-0.0205;0.0000;0.1181
924.5;1.1085;1.1351;0.3505;0.0000;103;79;-0.0916;0.0662;-0.0246;-0.0156;-0.0205;0.0000;0.1181
925.0;1.1044;1.1319;0.3630;0.0000;103;79;-0.1697;0.0677;-0.0231;-0.0156;-0.0205;0.0000;0.1181
925.5;1.0998;1.1282;0.2725;0.0000;101;79;-0.0110;0.0691;-0.0231;-0.0117;-0.0205;0.0000;0.1181
926.0;1.0962;1.1245;0.2250;0.0000;99;79;-0.0085;0.0706;-0.0231;-0.0098;-0.0205;0.0000;0.1181
926.5;1.0920;1.1209;0.1320;0.0000;97;81;-0.0061;0.0721;-0.0231;-0.0059;-0.0205;0.0000;0.1181
927.0;1.0884;1.1177;0.0955;0.0000;97;81;-0.0037;0.0721;-0.0231;-0.0049;-0.0205;0.0000;0.1181
927.5;1.0852;1.1140;0.0480;0.0000;95;81;-0.0037;0.0721;-0.0217;-0.0029;-0.0205;0.0000;0.1181
928.0;1.0824;1.1103;-0.0080;0.0000;93;79;-0.0012;0.0691;-0.0217;-0.0000;-0.0205;0.0000;0.1181
928.5;1.0806;1.1071;-0.0855;0.0000;91;79;-0.0769;0.0662;-0.0217;0.0029;-0.0205;0.0000;0.1181
929.0;1.0797;1.1035;-0.2110;0.0000;85;77;0.0061;0.0589;-0.0217;0.0088;-0.0205;0.0000;0.1181
929.5;1.0797;1.1003;-0.2735;0.0000;79;73;0.0085;0.0501;-0.0217;0.0108;-0.0205;0.0000;0.1181
930.0;1.0801;1.0966;-0.4055;0.0000;73;71;0.0134;0.0398;-0.0217;0.0166;-0.0205;0.0000;0.1181
930.5;1.0810;1.0929;-0.4850;0.0000;69;67;0.0159;0.0296;-0.0217;0.0196;-0.0205;0.0000;0.1181
931.0;1.0806;1.0897;-0.6285;0.0000;64;65;0.0989;0.0223;-0.0217;0.0254;-0.0196;0.0000;0.1181
931.5;1.0810;1.0861;-0.7305;0.0000;60;64;0.0256;0.0120;-0.0202;0.0303;-0.0196;0.0000;0.1181
932.0;1.0801;1.0829;-0.8210;0.0000;58;62;0.1062;0.0062;-0.0202;0.0342;-0.0196;0.0000;0.1181
932.5;1.0797;1.0797;-0.8620;0.0000;54;62;-0.0501;-0.0012;-0.0202;0.0362;-0.0196;0.0000;0.1181
933.0;1.0792;1.0760;-0.8475;0.0000;52;60;0.1062;-0.0085;-0.0217;0.0352;-0.0196;0.0000;0.1181
933.5;1.0788;1.0728;-0.8750;0.0000;50;58;0.0305;-0.0158;-0.0217;0.0362;-0.0196;0.0000;0.1181
934.0;1.0774;1.0691;-0.8305;0.0000;50;56;0.1062;-0.0217;-0.0217;0.0342;-0.0186;0.0000;0.1181
934.5;1.0760;1.0659;-0.8140;0.0000;48;56;0.0281;-0.0261;-0.0217;0.0332;-0.0186;0.0000;0.1181
935.0;1.0746;1.0627;-0.7315;0.0000;48;54;-0.0549;-0.0319;-0.0217;0.0303;-0.0186;0.0000;0.1181
935.5;1.0737;1.0591;-0.6960;0.0000;48;52;0.1013;-0.0378;-0.0217;0.0283;-0.0186;0.0000;0.1181
936.0;1.0723;1.0559;-0.5865;0.0000;48;50;-0.0598;-0.0422;-0.0217;0.0244;-0.0186;0.0000;0.1181
936.5;1.0701;1.0527;-0.5140;0.0000;48;50;0.0940;-0.0437;-0.0217;0.0215;-0.0186;0.0000;0.1181
937.0;1.0668;1.0495;-0.4660;0.0000;48;50;0.0940;-0.0451;-0.0217;0.0196;-0.0186;0.0000;0.1181
937.5;1.0641;1.0458;-0.4055;0.0000;50;50;0.0916;-0.0466;-0.0217;0.0166;-0.0176;0.0000;0.1181
938.0;1.0604;1.0426;-0.3415;0.0000;52;50;0.0110;-0.0451;-0.0217;0.0137;-0.0176;0.0000;0.1181
938.5;1.0554;1.0394;-0.2180;0.0000;56;52;-0.0720;-0.0407;-0.0231;0.0088;-0.0176;0.0000;0.1181
939.0;1.0504;1.0362;-0.1840;0.0000;58;54;0.0061;-0.0363;-0.0231;0.0068;-0.0176;0.0000;0.1181
939.5;1.0458;1.0330;-0.0835;0.0000;62;54;-0.0769;-0.0334;-0.0231;0.0029;-0.0176;0.0000;0.1181
940.0;1.0412;1.0293;-0.0605;0.0000;64;56;-0.0769;-0.0305;-0.0231;0.0020;-0.0176;0.0000;0.1181
940.5;1.0362;1.0261;-0.0025;0.0000;65;56;-0.0012;-0.0261;-0.0231;-0.0000;-0.0176;0.0000;0.1181
941.0;1.0302;1.0229;0.0540;0.0000;67;58;-0.0037;-0.0188;-0.0231;-0.0029;-0.0176;0.0000;0.1181
941.5;1.0238;1.0197;0.1115;0.0000;71;62;-0.0842;-0.0114;-0.0231;-0.0049;-0.0176;0.0000;0.1181
942.0;1.0169;1.0165;0.1495;0.0000;75;64;-0.1624;-0.0026;-0.0231;-0.0068;-0.0176;0.0000;0.1181
942.5;1.0096;1.0133;0.1440;0.0000;79;67;-0.0061;0.0091;-0.0231;-0.0068;-0.0176;0.0000;0.1181
943.0;1.0027;1.0101;0.1490;0.0000;83;71;-0.0061;0.0179;-0.0231;-0.0068;-0.0176;0.0000;0.1181
943.5;0.9959;1.0069;0.1475;0.0000;87;73;-0.0842;0.0267;-0.0231;-0.0068;-0.0176;0.0000;0.1181
944.0;0.9890;1.0037;0.1995;0.0000;89;75;-0.0867;0.0355;-0.0231;-0.0088;-0.0186;0.0000;0.1181
944.5;0.9831;1.0005;0.1600;0.0000;91;77;-0.0061;0.0428;-0.0231;-0.0068;-0.0186;0.0000;0.1181
945.0;0.9771;0.9973;0.1975;0.0000;93;79;-0.0867;0.0501;-0.0217;-0.0088;-0.0186;0.0000;0.1181
945.5;0.9716;0.9945;0.1690;0.0000;95;79;-0.1648;0.0560;-0.0217;-0.0078;-0.0186;0.0000;0.1181
946.0;0.9666;0.9913;0.2010;0.0000;97;79;-0.1648;0.0604;-0.0217;-0.0088;-0.0186;0.0000;0.1181
946.5;0.9620;0.9881;0.2770;0.0000;97;77;-0.0891;0.0648;-0.0217;-0.0117;-0.0186;0.0000;0.1181
947.0;0.9579;0.9849;0.3425;0.0000;97;77;-0.1697;0.0677;-0.0217;-0.0147;-0.0186;0.0000;0.1181
947.5;0.9538;0.9817;0.4025;0.0000;97;75;-0.0159;0.0691;-0.0217;-0.0176;-0.0186;0.0000;0.1181
948.0;0.9510;0.9789;0.4020;0.0000;97;75;-0.0940;0.0691;-0.0202;-0.0176;-0.0186;0.0000;0.1181
948.5;0.9492;0.9757;0.4400;0.0000;95;71;-0.0159;0.0662;-0.0202;-0.0186;-0.0186;0.0000;0.1181
949.0;0.9469;0.9725;0.3845;0.0000;91;71;-0.0134;0.0633;-0.0202;-0.0166;-0.0186;0.0000;0.1181
949.5;0.9451;0.9693;0.3280;0.0000;89;69;-0.0916;0.0604;-0.0202;-0.0147;-0.0186;0.0000;0.1181
950.0;0.9437;0.9666;0.1740;0.0000;83;67;-0.0867;0.0560;-0.0202;-0.0078;-0.0186;0.0000;0.1181
950.5;0.9423;0.9634;0.0665;0.0000;79;67;0.0745;0.0516;-0.0202;-0.0029;-0.0186;0.0000;0.1181
951.0;0.9405;0.9602;-0.1215;0.0000;75;67;0.0037;0.0486;-0.0188;0.0049;-0.0186;0.0000;0.1181
951.5;0.9396;0.9574;-0.2535;0.0000;71;67;0.0085;0.0428;-0.0188;0.0098;-0.0186;0.0000;0.1181
952.0;0.9400;0.9542;-0.3430;0.0000;67;65;0.0110;0.0355;-0.0188;0.0137;-0.0186;0.0000;0.1181
952.5;0.9396;0.9515;-0.4175;0.0000;65;64;-0.0647;0.0281;-0.0188;0.0166;-0.0186;0.0000;0.1181
953.0;0.9386;0.9483;-0.4700;0.0000;62;62;0.0159;0.0223;-0.0188;0.0196;-0.0186;0.0000;0.1181
953.5;0.9386;0.9451;-0.5405;0.0000;60;60;0.0183;0.0164;-0.0188;0.0225;-0.0186;0.0000;0.1181
954.0;0.9386;0.9423;-0.5560;0.0000;58;58;-0.0598;0.0091;-0.0188;0.0225;-0.0186;0.0000;0.1181
954.5;0.9382;0.9391;-0.6050;0.0000;54;56;-0.0574;0.0018;-0.0188;0.0244;-0.0186;0.0000;0.1181
955.0;0.9373;0.9364;-0.6040;0.0000;54;54;0.0208;-0.0026;-0.0188;0.0244;-0.0176;0.0000;0.1181
955.5;0.9354;0.9336;-0.6265;0.0000;52;54;0.0208;-0.0056;-0.0188;0.0254;-0.0176;0.0000;0.1181
956.0;0.9332;0.9304;-0.6410;0.0000;52;56;0.0208;-0.0070;-0.0188;0.0264;-0.0176;0.0000;0.1181
956.5;0.9295;0.9277;-0.6425;0.0000;52;56;0.0989;-0.0056;-0.0188;0.0264;-0.0176;0.0000;0.1181
957.0;0.9272;0.9245;-0.6200;0.0000;52;58;0.0989;-0.0070;-0.0188;0.0254;-0.0176;0.0000;0.1181
957.5;0.9258;0.9217;-0.5500;0.0000;54;56;-0.0598;-0.0114;-0.0188;0.0225;-0.0176;0.0000;0.1181
958.0;0.9240;0.9190;-0.5040;0.0000;52;56;0.1722;-0.0144;-0.0188;0.0205;-0.0176;0.0000;0.1181
958.5;0.9222;0.9158;-0.4540;0.0000;52;54;0.0159;-0.0158;-0.0188;0.0186;-0.0176;0.0000;0.1181
959.0;0.9208;0.9130;-0.4250;0.0000;52;54;0.0916;-0.0202;-0.0188;0.0176;-0.0166;0.0000;0.1181
959.5;0.9190;0.9103;-0.3390;0.0000;52;52;0.0891;-0.0231;-0.0188;0.0137;-0.0166;0.0000;0.1181
960.0;0.9158;0.9075;-0.2995;0.0000;52;52;0.0085;-0.0217;-0.0188;0.0117;-0.0166;0.0000;0.1181
960.5;0.9125;0.9043;-0.2100;0.0000;54;52;0.0842;-0.0202;-0.0188;0.0088;-0.0166;0.0000;0.1181
961.0;0.9093;0.9016;-0.1355;0.0000;56;52;0.0037;-0.0202;-0.0188;0.0049;-0.0166;0.0000;0.1181
961.5;0.9071;0.8988;-0.0905;0.0000;56;52;0.0012;-0.0217;-0.0202;0.0029;-0.0166;0.0000;0.1181
962.0;0.9034;0.8961;-0.0240;0.0000;58;52;-0.0012;-0.0188;-0.0202;0.0010;-0.0166;0.0000;0.1181
962.5;0.8997;0.8933;0.0285;0.0000;60;52;-0.0794;-0.0173;-0.0202;-0.0020;-0.0166;0.0000;0.1181
963.0;0.8961;0.8906;0.1340;0.0000;62;52;-0.0842;-0.0158;-0.0202;-0.0059;-0.0166;0.0000;0.1181
963.5;0.8919;0.8874;0.1920;0.0000;64;52;-0.0085;-0.0114;-0.0202;-0.0088;-0.0166;0.0000;0.1181
964.0;0.8864;0.8846;0.2830;0.0000;67;54;-0.1673;-0.0056;-0.0202;-0.0127;-0.0166;0.0000;0.1181
964.5;0.8810;0.8819;0.3190;0.0000;71;56;-0.0134;0.0018;-0.0202;-0.0137;-0.0166;0.0000;0.1181
965.0;0.8755;0.8791;0.3815;0.0000;73;58;-0.0134;0.0091;-0.0202;-0.0166;-0.0176;0.0000;0.1181
965.5;0.8700;0.8764;0.3950;0.0000;77;60;-0.1722;0.0149;-0.0202;-0.0166;-0.0176;0.0000;0.1181
966.0;0.8658;0.8736;0.4340;0.0000;79;60;-0.0940;0.0193;-0.0202;-0.0186;-0.0176;0.0000;0.1181
966.5;0.8613;0.8709;0.4715;0.0000;79;62;-0.0183;0.0237;-0.0188;-0.0205;-0.0176;0.0000;0.1181
967.0;0.8567;0.8681;0.4725;0.0000;81;62;-0.1746;0.0281;-0.0188;-0.0205;-0.0176;0.0000;0.1181
967.5;0.8512;0.8658;0.4880;0.0000;83;64;-0.1746;0.0355;-0.0188;-0.0205;-0.0176;0.0000;0.1181
968.0;0.8457;0.8631;0.4900;0.0000;87;65;-0.0965;0.0428;-0.0188;-0.0215;-0.0176;0.0000;0.1181
968.5;0.8402;0.8603;0.5365;0.0000;89;65;-0.1770;0.0486;-0.0188;-0.0235;-0.0176;0.0000;0.1181
969.0;0.8352;0.8576;0.5525;0.0000;91;67;-0.1770;0.0545;-0.0188;-0.0235;-0.0176;0.0000;0.1181
969.5;0.8315;0.8549;0.5930;0.0000;93;67;-0.1013;0.0574;-0.0188;-0.0254;-0.0176;0.0000;0.1181
970.0;0.8274;0.8521;0.5985;0.0000;93;67;-0.1013;0.0604;-0.0188;-0.0254;-0.0186;0.0000;0.1181
970.5;0.8237;0.8494;0.6045;0.0000;93;65;-0.1795;0.0648;-0.0173;-0.0254;-0.0186;0.0000;0.1181
971.0;0.8214;0.8471;0.5885;0.0000;93;65;-0.1770;0.0633;-0.0173;-0.0254;-0.0186;0.0000;0.1181
971.5;0.8191;0.8443;0.6015;0.0000;91;64;-0.1013;0.0618;-0.0173;-0.0254;-0.0186;0.0000;0.1181
972.0;0.8173;0.8416;0.6085;0.0000;89;62;-0.1013;0.0604;-0.0173;-0.0264;-0.0186;0.0000;0.1181
972.5;0.8159;0.8393;0.5565;0.0000;87;60;-0.0989;0.0574;-0.0173;-0.0235;-0.0186;0.0000;0.1181
973.0;0.8136;0.8365;0.5230;0.0000;85;60;-0.1770;0.0560;-0.0173;-0.0225;-0.0186;0.0000;0.1181
973.5;0.8118;0.8338;0.4535;0.0000;83;60;-0.0965;0.0545;-0.0158;-0.0196;-0.0186;0.0000;0.1181
974.0;0.8104;0.8315;0.4180;0.0000;81;58;-0.0159;0.0516;-0.0158;-0.0176;-0.0196;0.0000;0.1181
974.5;0.8091;0.8288;0.3375;0.0000;79;58;-0.1697;0.0486;-0.0158;-0.0147;-0.0196;0.0000;0.1181
975.0;0.8091;0.8260;0.2800;0.0000;75;56;-0.0891;0.0428;-0.0158;-0.0127;-0.0196;0.0000;0.1181
975.5;0.8086;0.8237;0.1450;0.0000;71;54;-0.0842;0.0369;-0.0158;-0.0068;-0.0196;0.0000;0.1181
976.0;0.8091;0.8210;-0.0190;0.0000;65;54;-0.0012;0.0296;-0.0158;-0.0000;-0.0196;0.0000;0.1181
976.5;0.8095;0.8187;-0.1860;0.0000;62;52;0.0061;0.0208;-0.0158;0.0068;-0.0196;0.0000;0.1181
977.0;0.8104;0.8159;-0.3595;0.0000;58;50;-0.1453;0.0135;-0.0158;0.0147;-0.0196;0.0000;0.1181
977.5;0.8118;0.8136;-0.5155;0.0000;52;50;0.0159;0.0047;-0.0158;0.0215;-0.0186;0.0000;0.1181
978.0;0.8127;0.8109;-0.6765;0.0000;48;48;0.0232;-0.0056;-0.0158;0.0283;-0.0186;0.0000;0.1181
978.5;0.8132;0.8086;-0.7935;0.0000;44;48;-0.0501;-0.0129;-0.0158;0.0332;-0.0186;0.0000;0.1181
979.0;0.8132;0.8059;-0.8895;0.0000;40;46;-0.0476;-0.0188;-0.0158;0.0371;-0.0186;0.0000;0.1181
979.5;0.8127;0.8036;-0.8830;0.0000;40;46;0.1087;-0.0231;-0.0158;0.0362;-0.0186;0.0000;0.1181
980.0;0.8123;0.8013;-0.7990;0.0000;40;44;-0.0525;-0.0290;-0.0158;0.0332;-0.0186;0.0000;0.1181
980.5;0.8127;0.7985;-0.6775;0.0000;40;40;-0.1331;-0.0363;-0.0158;0.0283;-0.0176;0.0000;0.1181
981.0;0.8127;0.7962;-0.5900;0.0000;40;38;-0.0598;-0.0422;-0.0158;0.0244;-0.0176;0.0000;0.1181
981.5;0.8123;0.7940;-0.5355;0.0000;38;36;-0.0598;-0.0466;-0.0158;0.0225;-0.0176;0.0000;0.1181
982.0;0.8123;0.7912;-0.4730;0.0000;38;34;0.0159;-0.0539;-0.0158;0.0196;-0.0176;0.0000;0.1260
982.5;0.8109;0.7889;-0.4585;0.0000;38;34;-0.0623;-0.0554;-0.0173;0.0186;-0.0176;0.0000;0.1260
983.0;0.8104;0.7866;-0.4365;0.0000;38;32;-0.1429;-0.0598;-0.0173;0.0176;-0.0176;0.0000;0.1260
983.5;0.8082;0.7843;-0.4375;0.0000;38;32;-0.0647;-0.0612;-0.0173;0.0176;-0.0176;0.0000;0.1260
984.0;0.8059;0.7816;-0.4150;0.0000;40;34;-0.1429;-0.0612;-0.0173;0.0166;-0.0176;0.0000;0.1260
984.5;0.8031;0.7793;-0.4485;0.0000;42;36;-0.0647;-0.0598;-0.0173;0.0186;-0.0176;0.0000;0.1260
985.0;0.7995;0.7770;-0.4400;0.0000;44;38;0.0916;-0.0568;-0.0173;0.0176;-0.0176;0.0000;0.1260
985.5;0.7944;0.7747;-0.4325;0.0000;46;42;0.0134;-0.0510;-0.0188;0.0176;-0.0166;0.0000;0.1260
986.0;0.7908;0.7724;-0.4010;0.0000;50;44;-0.1429;-0.0466;-0.0188;0.0166;-0.0166;0.0000;0.1260
986.5;0.7866;0.7701;-0.3465;0.0000;52;46;-0.0672;-0.0422;-0.0188;0.0137;-0.0166;0.0000;0.1260
987.0;0.7816;0.7679;-0.2555;0.0000;56;46;-0.0696;-0.0349;-0.0188;0.0098;-0.0166;0.0000;0.1260
987.5;0.7761;0.7656;-0.1000;0.0000;60;48;-0.1551;-0.0275;-0.0188;0.0039;-0.0166;0.0000;0.1260
988.0;0.7711;0.7633;0.0270;0.0000;64;50;-0.0794;-0.0202;-0.0188;-0.0020;-0.0166;0.0000;0.1260
988.5;0.7656;0.7610;0.1595;0.0000;67;50;-0.1624;-0.0129;-0.0188;-0.0068;-0.0166;0.0000;0.1260
989.0;0.7610;0.7587;0.2750;0.0000;71;52;-0.0891;-0.0070;-0.0188;-0.0117;-0.0166;0.0000;0.1260
989.5;0.7555;0.7564;0.3890;0.0000;75;52;-0.1722;0.0003;-0.0188;-0.0166;-0.0166;0.0000;0.1260
990.0;0.7505;0.7541;0.4400;0.0000;77;54;-0.1722;0.0076;-0.0188;-0.0186;-0.0176;0.0000;0.1260
990.5;0.7450;0.7518;0.4895;0.0000;81;56;-0.1746;0.0164;-0.0188;-0.0215;-0.0176;0.0000;0.1260
991.0;0.7395;0.7495;0.5185;0.0000;83;56;-0.1770;0.0237;-0.0188;-0.0225;-0.0176;0.0000;0.1260
991.5;0.7344;0.7473;0.5325;0.0000;87;58;-0.1770;0.0325;-0.0188;-0.0225;-0.0176;0.0000;0.1260
992.0;0.7289;0.7450;0.5560;0.0000;89;60;-0.1770;0.0398;-0.0188;-0.0235;-0.0176;0.0000;0.1260
992.5;0.7239;0.7427;0.5695;0.0000;91;62;-0.1770;0.0472;-0.0188;-0.0244;-0.0176;0.0000;0.1260
993.0;0.7189;0.7408;0.5735;0.0000;93;64;-0.1770;0.0545;-0.0173;-0.0244;-0.0176;0.0000;0.1260
993.5;0.7138;0.7386;0.5710;0.0000;95;64;-0.1770;0.0618;-0.0173;-0.0244;-0.0176;0.0000;0.1260
994.0;0.7083;0.7363;0.5640;0.0000;95;67;-0.0989;0.0691;-0.0173;-0.0244;-0.0176;0.0000;0.1260
994.5;0.7028;0.7340;0.5430;0.0000;97;69;-0.2552;0.0765;-0.0173;-0.0235;-0.0186;0.0000;0.1260
995.0;0.6983;0.7321;0.5110;0.0000;99;69;-0.1746;0.0838;-0.0173;-0.0215;-0.0186;0.0000;0.1260
995.5;0.6941;0.7299;0.4745;0.0000;99;71;-0.0965;0.0882;-0.0158;-0.0205;-0.0186;0.0000;0.1260
996.0;0.6905;0.7276;0.4390;0.0000;99;71;-0.1722;0.0926;-0.0158;-0.0186;-0.0186;0.0000;0.1260
996.5;0.6873;0.7257;0.3780;0.0000;97;71;-0.0916;0.0955;-0.0158;-0.0166;-0.0186;0.0000;0.1260
997.0;0.6845;0.7234;0.3030;0.0000;97;73;-0.1673;0.0970;-0.0158;-0.0137;-0.0186;0.0000;0.1260
997.5;0.6827;0.7212;0.2245;0.0000;93;71;-0.0085;0.0955;-0.0144;-0.0098;-0.0186;0.0000;0.1260
998.0;0.6822;0.7193;0.1235;0.0000;91;71;-0.0842;0.0926;-0.0144;-0.0059;-0.0186;0.0000;0.1260
998.5;0.6809;0.7170;0.0270;0.0000;87;69;-0.0012;0.0897;-0.0144;-0.0020;-0.0186;0.0000;0.1260
999.0;0.6799;0.7152;-0.0945;0.0000;83;69;-0.0769;0.0867;-0.0144;0.0039;-0.0186;0.0000;0.1260
999.5;0.6790;0.7129;-0.2125;0.0000;79;69;-0.1502;0.0853;-0.0129;0.0088;-0.0186;0.0000;0.1260
1000.0;0.6777;0.7111;-0.3400;0.0000;77;69;0.0891;0.0823;-0.0129;0.0137;-0.0186;0.0000;0.1260
1000.5;0.6772;0.7088;-0.4760;0.0000;73;69;0.0159;0.0779;-0.0129;0.0196;-0.0186;0.0000;0.1260
1001.0;0.6772;0.7070;-0.5930;0.0000;69;67;0.0183;0.0735;-0.0129;0.0244;-0.0186;0.0000;0.1260
1001.5;0.6790;0.7047;-0.6905;0.0000;64;65;0.0232;0.0633;-0.0129;0.0283;-0.0186;0.0000;0.1260
1002.0;0.6809;0.7028;-0.7565;0.0000;60;62;-0.0525;0.0545;-0.0114;0.0313;-0.0176;0.0000;0.1260
1002.5;0.6813;0.7005;-0.8000;0.0000;56;60;0.0256;0.0472;-0.0114;0.0332;-0.0176;0.0000;0.1260
1003.0;0.6827;0.6987;-0.8340;0.0000;54;58;-0.0501;0.0398;-0.0114;0.0342;-0.0176;0.0000;0.1260
1003.5;0.6836;0.6969;-0.8565;0.0000;52;56;0.0281;0.0325;-0.0114;0.0352;-0.0176;0.0000;0.1260
1004.0;0.6850;0.6946;-0.8815;0.0000;48;54;0.0305;0.0237;-0.0114;0.0362;-0.0176;0.0000;0.1260
1004.5;0.6854;0.6928;-0.8945;0.0000;46;52;-0.0476;0.0179;-0.0114;0.0371;-0.0166;0.0000;0.1260
1005.0;0.6859;0.6909;-0.9160;0.0000;44;52;0.0305;0.0120;-0.0114;0.0381;-0.0166;0.0000;0.1260
1005.5;0.6868;0.6891;-0.8795;0.0000;44;50;0.0305;0.0047;-0.0114;0.0362;-0.0166;0.0000;0.1260
1006.0;0.6873;0.6868;-0.8090;0.0000;42;48;0.0281;-0.0012;-0.0114;0.0332;-0.0166;0.0000;0.1260
1006.5;0.6877;0.6850;-0.7050;0.0000;42;44;-0.0549;-0.0070;-0.0114;0.0293;-0.0166;0.0000;0.1260
1007.0;0.6864;0.6832;-0.6245;0.0000;44;44;-0.0574;-0.0085;-0.0114;0.0254;-0.0166;0.0000;0.1260
1007.5;0.6854;0.6813;-0.5510;0.0000;44;44;0.0965;-0.0114;-0.0114;0.0225;-0.0166;0.0000;0.1260
1008.0;0.6850;0.6795;-0.4925;0.0000;44;44;0.0159;-0.0144;-0.0114;0.0205;-0.0156;0.0000;0.1260
1008.5;0.6836;0.6777;-0.4640;0.0000;44;44;0.0159;-0.0158;-0.0114;0.0186;-0.0156;0.0000;0.1260
1009.0;0.6822;0.6754;-0.4650;0.0000;46;44;-0.0623;-0.0173;-0.0114;0.0186;-0.0156;0.0000;0.1260
1009.5;0.6804;0.6735;-0.4670;0.0000;46;46;0.1722;-0.0173;-0.0114;0.0196;-0.0156;0.0000;0.1260
1010.0;0.6790;0.6717;-0.4955;0.0000;46;48;0.0940;-0.0188;-0.0114;0.0205;-0.0156;0.0000;0.1260
1010.5;0.6763;0.6699;-0.5140;0.0000;46;48;-0.0623;-0.0158;-0.0114;0.0215;-0.0156;0.0000;0.1260
1011.0;0.6731;0.6680;-0.5395;0.0000;48;50;0.0183;-0.0129;-0.0114;0.0225;-0.0156;0.0000;0.1339
1011.5;0.6708;0.6662;-0.5455;0.0000;48;52;0.0965;-0.0114;-0.0114;0.0225;-0.0156;0.0000;0.1339
1012.0;0.6685;0.6644;-0.5445;0.0000;48;54;0.1746;-0.0114;-0.0114;0.0225;-0.0156;0.0000;0.1339
1012.5;0.6653;0.6625;-0.5445;0.0000;50;54;0.0183;-0.0070;-0.0114;0.0225;-0.0147;0.0000;0.1339
1013.0;0.6607;0.6607;-0.5610;0.0000;54;58;0.0965;-0.0012;-0.0114;0.0235;-0.0147;0.0000;0.1339
1013.5;0.6561;0.6589;-0.5440;0.0000;56;60;0.0965;0.0062;-0.0114;0.0225;-0.0147;0.0000;0.1339
1014.0;0.6525;0.6575;-0.5385;0.0000;58;64;0.0183;0.0120;-0.0114;0.0225;-0.0147;0.0000;0.1339
1014.5;0.6488;0.6557;-0.5290;0.0000;60;64;0.0183;0.0164;-0.0114;0.0215;-0.0147;0.0000;0.1339
1015.0;0.6461;0.6538;-0.5145;0.0000;60;64;0.0159;0.0193;-0.0114;0.0215;-0.0147;0.0000;0.1339
1015.5;0.6424;0.6520;-0.4905;0.0000;62;65;0.0940;0.0237;-0.0114;0.0205;-0.0147;0.0000;0.1339
1016.0;0.6392;0.6502;-0.4690;0.0000;64;65;0.0159;0.0267;-0.0114;0.0196;-0.0147;0.0000;0.1339
1016.5;0.6369;0.6484;-0.4100;0.0000;64;65;-0.0647;0.0296;-0.0114;0.0166;-0.0147;0.0000;0.1339
1017.0;0.6342;0.6470;-0.3260;0.0000;65;65;0.0110;0.0311;-0.0114;0.0127;-0.0147;0.0000;0.1339
1017.5;0.6328;0.6451;-0.2610;0.0000;64;64;0.0867;0.0296;-0.0114;0.0108;-0.0137;0.0000;0.1339
1018.0;0.6319;0.6433;-0.1865;0.0000;64;62;-0.0720;0.0281;-0.0114;0.0078;-0.0137;0.0000;0.1339
1018.5;0.6310;0.6419;-0.1410;0.0000;64;60;0.0818;0.0267;-0.0114;0.0059;-0.0137;0.0000;0.1339
1019.0;0.6296;0.6401;-0.0935;0.0000;64;58;0.0012;0.0252;-0.0114;0.0039;-0.0137;0.0000;0.1339
1019.5;0.6287;0.6383;-0.0635;0.0000;62;58;-0.0769;0.0237;-0.0100;0.0020;-0.0137;0.0000;0.1339
1020.0;0.6282;0.6369;-0.0290;0.0000;62;56;0.0769;0.0193;-0.0100;0.0010;-0.0137;0.0000;0.1339
1020.5;0.6277;0.6351;-0.0140;0.0000;60;54;-0.0012;0.0179;-0.0100;-0.0000;-0.0137;0.0000;0.1339
1021.0;0.6268;0.6332;-0.0155;0.0000;60;54;-0.0012;0.0164;-0.0100;-0.0000;-0.0137;0.0000;0.1339
1021.5;0.6255;0.6319;-0.0210;0.0000;58;52;-0.0012;0.0149;-0.0100;-0.0000;-0.0137;0.0000;0.1339
1022.0;0.6236;0.6300;-0.0295;0.0000;58;54;0.0769;0.0149;-0.0100;0.0010;-0.0137;0.0000;0.1339
1022.5;0.6213;0.6287;-0.0160;0.0000;60;54;-0.0012;0.0179;-0.0100;-0.0000;-0.0137;0.0000;0.1339
1023.0;0.6186;0.6268;-0.0320;0.0000;60;56;0.0769;0.0208;-0.0100;0.0010;-0.0137;0.0000;0.1339
1023.5;0.6158;0.6255;-0.0155;0.0000;62;58;-0.0012;0.0223;-0.0100;-0.0000;-0.0137;0.0000;0.1339
1024.0;0.6140;0.6236;-0.0255;0.0000;62;58;-0.0012;0.0237;-0.0100;0.0010;-0.0137;0.0000;0.1339
1024.5;0.6117;0.6223;-0.0150;0.0000;64;58;-0.0794;0.0252;-0.0100;-0.0000;-0.0137;0.0000;0.1339
1025.0;0.6090;0.6209;-0.0050;0.0000;64;58;-0.0794;0.0281;-0.0100;-0.0000;-0.0137;0.0000;0.1339
1025.5;0.6053;0.6190;0.0085;0.0000;65;60;-0.0012;0.0340;-0.0100;-0.0010;-0.0137;0.0000;0.1339
1026.0;0.6026;0.6177;0.0090;0.0000;67;62;-0.0794;0.0369;-0.0100;-0.0010;-0.0137;0.0000;0.1339
1026.5;0.6007;0.6158;0.0105;0.0000;67;62;-0.0012;0.0384;-0.0100;-0.0010;-0.0137;0.0000;0.1339
1027.0;0.5998;0.6145;0.0350;0.0000;67;60;-0.0818;0.0355;-0.0085;-0.0020;-0.0137;0.0000;0.1339
1027.5;0.5984;0.6131;0.0195;0.0000;65;60;0.0769;0.0355;-0.0085;-0.0010;-0.0137;0.0000;0.1339
1028.0;0.5971;0.6117;0.0055;0.0000;65;60;-0.0012;0.0355;-0.0085;-0.0010;-0.0137;0.0000;0.1339
1028.5;0.5971;0.6099;-0.0310;0.0000;64;60;-0.0012;0.0325;-0.0085;0.0010;-0.0137;0.0000;0.1339
1029.0;0.5966;0.6085;-0.0640;0.0000;62;58;0.0012;0.0296;-0.0085;0.0020;-0.0137;0.0000;0.1339
1029.5;0.5962;0.6071;-0.1220;0.0000;60;58;0.0037;0.0267;-0.0085;0.0049;-0.0137;0.0000;0.1339
1030.0;0.5962;0.6058;-0.1580;0.0000;58;56;-0.0745;0.0223;-0.0085;0.0059;-0.0137;0.0000;0.1339
1030.5;0.5962;0.6044;-0.2135;0.0000;56;54;0.0061;0.0193;-0.0085;0.0088;-0.0137;0.0000;0.1339
1031.0;0.5962;0.6026;-0.2435;0.0000;54;54;0.1648;0.0164;-0.0085;0.0098;-0.0137;0.0000;0.1339
1031.5;0.5957;0.6012;-0.2790;0.0000;52;54;0.0085;0.0135;-0.0085;0.0108;-0.0137;0.0000;0.1339
1032.0;0.5948;0.5998;-0.2920;0.0000;52;54;0.0085;0.0120;-0.0085;0.0117;-0.0137;0.0000;0.1417
1032.5;0.5943;0.5984;-0.2635;0.0000;52;54;0.0085;0.0105;-0.0085;0.0108;-0.0137;0.0000;0.1417
1033.0;0.5934;0.5971;-0.2455;0.0000;52;52;0.0085;0.0076;-0.0085;0.0098;-0.0137;0.0000;0.1417
1033.5;0.5929;0.5957;-0.1825;0.0000;52;52;0.0061;0.0062;-0.0085;0.0068;-0.0137;0.0000;0.1417
1034.0;0.5920;0.5943;-0.1330;0.0000;54;50;-0.0745;0.0062;-0.0085;0.0049;-0.0137;0.0000;0.1417
1034.5;0.5902;0.5929;-0.0865;0.0000;54;52;0.0794;0.0062;-0.0085;0.0029;-0.0137;0.0000;0.1417
1035.0;0.5884;0.5916;-0.0780;0.0000;56;52;0.0794;0.0076;-0.0085;0.0029;-0.0137;0.0000;0.1417
1035.5;0.5870;0.5902;-0.0740;0.0000;56;52;-0.0769;0.0076;-0.0085;0.0029;-0.0137;0.0000;0.1417
1036.0;0.5852;0.5888;-0.0755;0.0000;56;54;0.0794;0.0076;-0.0085;0.0029;-0.0137;0.0000;0.1417
1036.5;0.5842;0.5875;-0.0800;0.0000;56;54;0.0012;0.0076;-0.0085;0.0029;-0.0137;0.0000;0.1417
1037.0;0.5842;0.5861;-0.1025;0.0000;54;52;0.0818;0.0047;-0.0085;0.0039;-0.0137;0.0000;0.1417
1037.5;0.5842;0.5847;-0.1250;0.0000;52;52;0.0037;0.0018;-0.0085;0.0049;-0.0137;0.0000;0.1417
1038.0;0.5829;0.5838;-0.1310;0.0000;52;52;0.0037;0.0018;-0.0085;0.0049;-0.0137;0.0000;0.1417
1038.5;0.5820;0.5824;-0.1440;0.0000;52;52;0.0037;0.0003;-0.0085;0.0059;-0.0137;0.0000;0.1417
1039.0;0.5810;0.5810;-0.1345;0.0000;52;52;0.0037;-0.0012;-0.0085;0.0049;-0.0137;0.0000;0.1417
1039.5;0.5792;0.5797;-0.1335;0.0000;54;52;0.0037;0.0003;-0.0085;0.0049;-0.0137;0.0000;0.1417
1040.0;0.5774;0.5783;-0.1070;0.0000;54;52;0.0037;0.0018;-0.0085;0.0039;-0.0137;0.0000;0.1417
1040.5;0.5755;0.5774;-0.1100;0.0000;54;54;0.0818;0.0047;-0.0085;0.0039;-0.0137;0.0000;0.1417
1041.0;0.5742;0.5760;-0.1135;0.0000;56;54;0.0037;0.0032;-0.0085;0.0039;-0.0137;0.0000;0.1417
1041.5;0.5728;0.5746;-0.1275;0.0000;56;54;-0.0745;0.0047;-0.0085;0.0049;-0.0127;0.0000;0.1417
1042.0;0.5714;0.5737;-0.1520;0.0000;56;54;0.0818;0.0047;-0.0070;0.0059;-0.0127;0.0000;0.1417
1042.5;0.5696;0.5723;-0.1690;0.0000;56;56;0.0818;0.0062;-0.0070;0.0068;-0.0127;0.0000;0.1417
1043.0;0.5687;0.5710;-0.1825;0.0000;56;56;0.0061;0.0047;-0.0070;0.0068;-0.0127;0.0000;0.1417
1043.5;0.5678;0.5701;-0.1320;0.0000;56;54;-0.0745;0.0047;-0.0070;0.0049;-0.0127;0.0000;0.1417
1044.0;0.5655;0.5687;-0.1140;0.0000;58;54;0.0037;0.0076;-0.0070;0.0039;-0.0127;0.0000;0.1417
1044.5;0.5646;0.5678;-0.0695;0.0000;58;54;0.0012;0.0076;-0.0070;0.0020;-0.0127;0.0000;0.1417
1045.0;0.5623;0.5664;-0.0525;0.0000;58;54;-0.0769;0.0091;-0.0070;0.0020;-0.0127;0.0000;0.1417
1045.5;0.5609;0.5655;-0.0195;0.0000;60;56;0.0769;0.0105;-0.0070;-0.0000;-0.0127;0.0000;0.1417
1046.0;0.5595;0.5641;-0.0040;0.0000;60;54;-0.0012;0.0105;-0.0070;-0.0000;-0.0127;0.0000;0.1417
1046.5;0.5586;0.5632;0.0160;0.0000;58;54;0.0769;0.0105;-0.0070;-0.0010;-0.0127;0.0000;0.1417
1047.0;0.5577;0.5618;0.0265;0.0000;60;54;-0.0794;0.0105;-0.0070;-0.0020;-0.0127;0.0000;0.1417
1047.5;0.5554;0.5609;0.0165;0.0000;60;54;-0.0012;0.0120;-0.0070;-0.0010;-0.0127;0.0000;0.1417
1048.0;0.5545;0.5595;0.0270;0.0000;60;54;-0.0012;0.0120;-0.0070;-0.0020;-0.0127;0.0000;0.1417
1048.5;0.5527;0.5586;0.0090;0.0000;60;56;-0.0012;0.0135;-0.0070;-0.0010;-0.0127;0.0000;0.1417
1049.0;0.5517;0.5577;-0.0005;0.0000;60;56;-0.0012;0.0135;-0.0070;-0.0000;-0.0127;0.0000;0.1496
1049.5;0.5508;0.5563;-0.0440;0.0000;60;56;0.0794;0.0135;-0.0070;0.0010;-0.0127;0.0000;0.1496
1050.0;0.5499;0.5554;-0.0515;0.0000;60;56;-0.0769;0.0135;-0.0070;0.0020;-0.0127;0.0000;0.1496
1050.5;0.5490;0.5545;-0.0765;0.0000;58;56;0.0794;0.0120;-0.0070;0.0029;-0.0127;0.0000;0.1496
1051.0;0.5481;0.5531;-0.0970;0.0000;58;56;0.0794;0.0120;-0.0070;0.0039;-0.0127;0.0000;0.1496
1051.5;0.5472;0.5522;-0.1290;0.0000;58;56;-0.0745;0.0120;-0.0070;0.0049;-0.0127;0.0000;0.1496
1052.0;0.5453;0.5513;-0.1255;0.0000;58;56;0.0818;0.0135;-0.0070;0.0049;-0.0127;0.0000;0.1496
1052.5;0.5435;0.5504;-0.1065;0.0000;60;58;0.0037;0.0164;-0.0070;0.0039;-0.0127;0.0000;0.1496
1053.0;0.5426;0.5495;-0.1375;0.0000;60;58;0.0037;0.0164;-0.0070;0.0049;-0.0127;0.0000;0.1496
1053.5;0.5412;0.5481;-0.1370;0.0000;60;58;0.0818;0.0164;-0.0070;0.0049;-0.0127;0.0000;0.1496
1054.0;0.5408;0.5472;-0.1385;0.0000;60;58;-0.0745;0.0164;-0.0070;0.0049;-0.0127;0.0000;0.1496
1054.5;0.5398;0.5462;-0.1240;0.0000;58;56;0.0818;0.0164;-0.0070;0.0049;-0.0127;0.0000;0.1496
1055.0;0.5385;0.5453;-0.1255;0.0000;60;58;0.0037;0.0164;-0.0070;0.0049;-0.0127;0.0000;0.1496
1055.5;0.5380;0.5444;-0.1035;0.0000;60;56;0.0012;0.0164;-0.0070;0.0039;-0.0127;0.0000;0.1496
1056.0;0.5366;0.5435;-0.0870;0.0000;60;56;0.0012;0.0164;-0.0056;0.0029;-0.0127;0.0000;0.1496
1056.5;0.5357;0.5426;-0.0775;0.0000;60;56;-0.0769;0.0164;-0.0056;0.0029;-0.0127;0.0000;0.1496
1057.0;0.5343;0.5417;-0.0580;0.0000;60;56;0.0012;0.0179;-0.0056;0.0020;-0.0127;0.0000;0.1496
1057.5;0.5334;0.5408;-0.0520;0.0000;60;56;0.0012;0.0164;-0.0056;0.0020;-0.0127;0.0000;0.1496
1058.0;0.5325;0.5398;-0.0350;0.0000;60;56;-0.0012;0.0179;-0.0056;0.0010;-0.0127;0.0000;0.1496
1058.5;0.5307;0.5389;-0.0425;0.0000;62;56;0.0012;0.0193;-0.0056;0.0010;-0.0127;0.0000;0.1496
1059.0;0.5298;0.5380;-0.0330;0.0000;62;58;0.0794;0.0208;-0.0056;0.0010;-0.0127;0.0000;0.1496
1059.5;0.5279;0.5371;-0.0540;0.0000;62;58;0.0012;0.0223;-0.0056;0.0020;-0.0127;0.0000;0.1496
1060.0;0.5261;0.5362;-0.0600;0.0000;62;60;0.0794;0.0252;-0.0056;0.0020;-0.0127;0.0000;0.1496
1060.5;0.5243;0.5353;-0.0575;0.0000;64;60;0.0012;0.0281;-0.0056;0.0020;-0.0127;0.0000;0.1496
1061.0;0.5220;0.5348;-0.0555;0.0000;65;62;0.0012;0.0311;-0.0056;0.0020;-0.0127;0.0000;0.1496
1061.5;0.5206;0.5339;-0.0660;0.0000;65;62;0.0794;0.0325;-0.0056;0.0020;-0.0127;0.0000;0.1496
1062.0;0.5188;0.5330;-0.0775;0.0000;65;64;0.0012;0.0355;-0.0056;0.0029;-0.0127;0.0000;0.1496
1062.5;0.5174;0.5321;-0.0685;0.0000;65;64;0.0794;0.0355;-0.0056;0.0020;-0.0127;0.0000;0.1496
1063.0;0.5160;0.5316;-0.0740;0.0000;65;64;-0.0769;0.0384;-0.0041;0.0029;-0.0127;0.0000;0.1496
1063.5;0.5142;0.5307;-0.0640;0.0000;67;64;0.0012;0.0398;-0.0041;0.0020;-0.0127;0.0000;0.1496
1064.0;0.5133;0.5298;-0.0600;0.0000;67;64;0.0794;0.0413;-0.0041;0.0020;-0.0127;0.0000;0.1575
1064.5;0.5128;0.5288;-0.0345;0.0000;65;64;0.0794;0.0398;-0.0041;0.0010;-0.0127;0.0000;0.1575
1065.0;0.5124;0.5284;-0.0190;0.0000;65;64;-0.0794;0.0398;-0.0041;-0.0000;-0.0127;0.0000;0.1575
1065.5;0.5114;0.5275;0.0280;0.0000;67;62;-0.0012;0.0398;-0.0041;-0.0020;-0.0127;0.0000;0.1575
1066.0;0.5110;0.5266;0.0765;0.0000;67;62;0.0745;0.0384;-0.0041;-0.0039;-0.0127;0.0000;0.1575
1066.5;0.5110;0.5261;0.1135;0.0000;67;60;-0.0842;0.0369;-0.0041;-0.0049;-0.0127;0.0000;0.1575
1067.0;0.5101;0.5252;0.1315;0.0000;65;60;-0.0061;0.0369;-0.0041;-0.0059;-0.0127;0.0000;0.1575
1067.5;0.5105;0.5247;0.1385;0.0000;65;58;-0.0061;0.0355;-0.0041;-0.0059;-0.0127;0.0000;0.1575
1068.0;0.5101;0.5238;0.1420;0.0000;65;58;-0.0061;0.0340;-0.0026;-0.0068;-0.0127;0.0000;0.1575
1068.5;0.5105;0.5234;0.1340;0.0000;64;58;-0.0061;0.0311;-0.0026;-0.0059;-0.0127;0.0000;0.1575
1069.0;0.5105;0.5224;0.1195;0.0000;64;56;-0.0061;0.0296;-0.0026;-0.0059;-0.0127;0.0000;0.1575
1069.5;0.5105;0.5220;0.0785;0.0000;62;58;0.0745;0.0281;-0.0026;-0.0039;-0.0127;0.0000;0.1575
1070.0;0.5101;0.5211;0.0420;0.0000;62;58;0.0745;0.0281;-0.0026;-0.0020;-0.0127;0.0000;0.1575
1070.5;0.5092;0.5206;-0.0005;0.0000;62;58;-0.0012;0.0281;-0.0026;-0.0000;-0.0127;0.0000;0.1575
1071.0;0.5078;0.5201;-0.0335;0.0000;62;60;-0.0012;0.0296;-0.0026;0.0010;-0.0127;0.0000;0.1575
1071.5;0.5064;0.5192;-0.0500;0.0000;64;60;0.0012;0.0311;-0.0026;0.0020;-0.0127;0.0000;0.1575
1072.0;0.5064;0.5188;-0.0730;0.0000;64;60;0.0012;0.0296;-0.0026;0.0029;-0.0127;0.0000;0.1575
1072.5;0.5060;0.5179;-0.0860;0.0000;64;60;0.0012;0.0296;-0.0026;0.0029;-0.0127;0.0000;0.1575
1073.0;0.5060;0.5174;-0.1040;0.0000;62;60;0.0818;0.0281;-0.0026;0.0039;-0.0127;0.0000;0.1575
1073.5;0.5050;0.5169;-0.1100;0.0000;62;60;0.0037;0.0281;-0.0026;0.0039;-0.0127;0.0000;0.1575
1074.0;0.5050;0.5165;-0.1260;0.0000;62;60;0.0818;0.0281;-0.0012;0.0049;-0.0127;0.0000;0.1575
1074.5;0.5050;0.5156;-0.1240;0.0000;62;60;-0.0745;0.0252;-0.0012;0.0049;-0.0127;0.0000;0.1575
1075.0;0.5055;0.5151;-0.1320;0.0000;60;60;0.0818;0.0237;-0.0012;0.0049;-0.0127;0.0000;0.1575
1075.5;0.5060;0.5147;-0.1370;0.0000;60;58;-0.0745;0.0208;-0.0012;0.0049;-0.0127;0.0000;0.1575
1076.0;0.5064;0.5142;-0.1395;0.0000;58;58;0.0818;0.0193;-0.0012;0.0049;-0.0127;0.0000;0.1575
1076.5;0.5060;0.5137;-0.1260;0.0000;58;58;0.0037;0.0179;-0.0012;0.0049;-0.0127;0.0000;0.1575
1077.0;0.5069;0.5128;-0.1280;0.0000;58;56;0.0037;0.0149;-0.0012;0.0049;-0.0127;0.0000;0.1575
1077.5;0.5069;0.5124;-0.1425;0.0000;58;56;0.0037;0.0135;-0.0012;0.0059;-0.0127;0.0000;0.1654
1078.0;0.5073;0.5119;-0.1365;0.0000;58;56;0.0037;0.0120;-0.0012;0.0049;-0.0127;0.0000;0.1654
1078.5;0.5069;0.5114;-0.1435;0.0000;58;56;0.0037;0.0105;-0.0012;0.0059;-0.0127;0.0000;0.1654
1079.0;0.5064;0.5110;-0.1290;0.0000;58;56;0.0037;0.0105;-0.0012;0.0049;-0.0127;0.0000;0.1654
1079.5;0.5055;0.5105;-0.1355;0.0000;60;56;-0.1526;0.0120;-0.0012;0.0049;-0.0127;0.0000;0.1654
1080.0;0.5046;0.5101;-0.1235;0.0000;60;56;0.0037;0.0135;-0.0012;0.0049;-0.0127;0.0000;0.1654
1080.5;0.5032;0.5096;-0.1340;0.0000;62;58;0.0037;0.0149;-0.0012;0.0049;-0.0127;0.0000;0.1654
1081.0;0.5027;0.5092;-0.1260;0.0000;62;58;0.0818;0.0164;-0.0012;0.0049;-0.0117;0.0000;0.1654
1081.5;0.5023;0.5087;-0.1255;0.0000;62;58;-0.0745;0.0149;-0.0012;0.0049;-0.0117;0.0000;0.1654
1082.0;0.5018;0.5082;-0.1140;0.0000;62;58;0.0037;0.0149;-0.0012;0.0039;-0.0117;0.0000;0.1654
1082.5;0.5018;0.5078;-0.1020;0.0000;62;58;0.0818;0.0149;-0.0012;0.0039;-0.0117;0.0000;0.1654
1083.0;0.5023;0.5078;-0.1085;0.0000;62;58;-0.0769;0.0120;-0.0012;0.0039;-0.0117;0.0000;0.1654
1083.5;0.5018;0.5073;-0.0890;0.0000;62;58;0.0012;0.0120;-0.0012;0.0029;-0.0117;0.0000;0.1654
1084.0;0.5023;0.5069;-0.0920;0.0000;60;58;0.0794;0.0105;-0.0012;0.0029;-0.0117;0.0000;0.1654
1084.5;0.5027;0.5064;-0.0755;0.0000;60;56;-0.0769;0.0091;-0.0012;0.0029;-0.0117;0.0000;0.1654
1085.0;0.5027;0.5060;-0.0600;0.0000;60;56;0.0012;0.0076;-0.0012;0.0020;-0.0117;0.0000;0.1654
1085.5;0.5027;0.5055;-0.0380;0.0000;60;56;0.0794;0.0062;-0.0012;0.0010;-0.0117;0.0000;0.1654
1086.0;0.5032;0.5055;-0.0430;0.0000;60;54;-0.0769;0.0047;0.0003;0.0010;-0.0117;0.0000;0.1654
1086.5;0.5032;0.5050;-0.0600;0.0000;60;54;0.0012;0.0047;0.0003;0.0020;-0.0117;0.0000;0.1654
1087.0;0.5041;0.5046;-0.0700;0.0000;58;54;0.0012;0.0003;0.0003;0.0020;-0.0117;0.0000;0.1654
1087.5;0.5041;0.5046;-0.0860;0.0000;58;54;0.0012;0.0003;0.0003;0.0029;-0.0117;0.0000;0.1654
1088.0;0.5041;0.5041;-0.0655;0.0000;58;54;0.0012;-0.0012;0.0003;0.0020;-0.0117;0.0000;0.1654
1088.5;0.5041;0.5037;-0.0605;0.0000;58;54;-0.0769;-0.0012;0.0003;0.0020;-0.0117;0.0000;0.1654
1089.0;0.5041;0.5037;-0.0490;0.0000;58;54;0.0012;-0.0012;0.0003;0.0020;-0.0117;0.0000;0.1654
1089.5;0.5041;0.5032;-0.0490;0.0000;58;52;-0.0769;-0.0026;0.0003;0.0020;-0.0117;0.0000;0.1654
1090.0;0.5037;0.5032;-0.0225;0.0000;58;52;-0.0012;-0.0026;0.0003;-0.0000;-0.0117;0.0000;0.1732
1090.5;0.5032;0.5027;-0.0110;0.0000;60;54;0.0769;-0.0012;0.0003;-0.0000;-0.0117;0.0000;0.1732
1091.0;0.5023;0.5027;-0.0030;0.0000;60;54;-0.0012;0.0003;0.0003;-0.0000;-0.0117;0.0000;0.1732
1091.5;0.5023;0.5023;-0.0140;0.0000;60;54;-0.0794;-0.0012;0.0003;-0.0000;-0.0117;0.0000;0.1732
1092.0;0.5018;0.5023;-0.0240;0.0000;60;56;-0.0012;0.0003;0.0003;0.0010;-0.0117;0.0000;0.1732
1092.5;0.5009;0.5018;-0.0170;0.0000;62;56;-0.0794;0.0018;0.0003;-0.0000;-0.0117;0.0000;0.1732
1093.0;0.5009;0.5018;-0.0175;0.0000;62;56;0.0769;0.0003;0.0003;-0.0000;-0.0117;0.0000;0.1732
1093.5;0.5005;0.5014;-0.0175;0.0000;62;56;-0.0012;0.0018;0.0003;-0.0000;-0.0117;0.0000;0.1732
1094.0;0.5009;0.5014;-0.0395;0.0000;62;56;-0.0769;0.0003;0.0003;0.0010;-0.0117;0.0000;0.1732
1094.5;0.5005;0.5009;-0.0360;0.0000;62;56;0.0012;0.0003;0.0003;0.0010;-0.0117;0.0000;0.1732
1095.0;0.5000;0.5009;-0.0615;0.0000;62;56;-0.0769;0.0018;0.0003;0.0020;-0.0117;0.0000;0.1732
1095.5;0.4995;0.5009;-0.0650;0.0000;62;58;0.0012;0.0032;0.0003;0.0020;-0.0117;0.0000;0.1732
1096.0;0.4986;0.5005;-0.0670;0.0000;62;58;0.0012;0.0047;0.0003;0.0020;-0.0117;0.0000;0.1732
1096.5;0.4977;0.5005;-0.0625;0.0000;64;58;0.0794;0.0062;0.0003;0.0020;-0.0117;0.0000;0.1732
1097.0;0.4977;0.5005;-0.0685;0.0000;64;58;-0.0769;0.0062;0.0003;0.0020;-0.0117;0.0000;0.1732
1097.5;0.4973;0.5005;-0.0885;0.0000;64;60;0.0012;0.0062;0.0003;0.0029;-0.0117;0.0000;0.1732
1098.0;0.4968;0.5000;-0.0850;0.0000;64;60;0.0012;0.0076;0.0003;0.0029;-0.0117;0.0000;0.1732
1098.5;0.4968;0.5000;-0.1180;0.0000;64;60;-0.0745;0.0076;0.0003;0.0049;-0.0117;0.0000;0.1732
1099.0;0.4968;0.5000;-0.1375;0.0000;64;60;0.0037;0.0076;0.0003;0.0049;-0.0117;0.0000;0.1732
1099.5;0.4968;0.5000;-0.1835;0.0000;62;60;-0.0720;0.0062;0.0003;0.0068;-0.0117;0.0000;0.1732
1100.0;0.4968;0.5000;-0.2025;0.0000;62;60;0.0061;0.0076;0.0003;0.0078;-0.0117;0.0000;0.1732
1100.5;0.4973;0.5000;-0.2415;0.0000;62;60;-0.0720;0.0062;0.0003;0.0098;-0.0117;0.0000;0.1732
1101.0;0.4973;0.5000;-0.2495;0.0000;62;60;0.0085;0.0062;0.0003;0.0098;-0.0117;0.0000;0.1732
1101.5;0.4977;0.5000;-0.2530;0.0000;62;60;-0.0696;0.0047;0.0003;0.0098;-0.0117;0.0000;0.1811
1102.0;0.4977;0.5000;-0.2650;0.0000;62;60;0.0085;0.0047;0.0003;0.0108;-0.0117;0.0000;0.1811
1102.5;0.4982;0.5000;-0.2660;0.0000;62;58;-0.0696;0.0032;0.0003;0.0108;-0.0117;0.0000;0.1811
1103.0;0.4991;0.5000;-0.2695;0.0000;60;58;0.0867;0.0018;0.0003;0.0108;-0.0117;0.0000;0.1811
1103.5;0.5000;0.5000;-0.2395;0.0000;60;58;-0.0720;-0.0012;0.0003;0.0098;-0.0117;0.0000;0.1811
1104.0;0.5005;0.5000;-0.2285;0.0000;60;56;0.0061;-0.0026;0.0003;0.0088;-0.0108;0.0000;0.1811
1104.5;0.5005;0.5000;-0.1905;0.0000;60;56;-0.0720;-0.0026;0.0003;0.0078;-0.0108;0.0000;0.1811
1105.0;0.5000;0.5000;-0.1725;0.0000;60;56;0.0061;-0.0012;0.0003;0.0068;-0.0108;0.0000;0.1811
1105.5;0.5005;0.5000;-0.1590;0.0000;60;56;-0.0745;-0.0026;0.0003;0.0059;-0.0108;0.0000;0.1811
1106.0;0.5005;0.5000;-0.1610;0.0000;60;56;0.0037;-0.0026;0.0003;0.0059;-0.0108;0.0000;0.1811
1106.5;0.4991;0.5000;-0.1600;0.0000;62;58;0.0037;0.0003;0.0003;0.0059;-0.0108;0.0000;0.1811
1107.0;0.4982;0.5000;-0.1645;0.0000;62;60;0.0037;0.0032;0.0003;0.0068;-0.0108;0.0000;0.1811
1107.5;0.4982;0.5000;-0.1810;0.0000;62;60;-0.0720;0.0032;0.0003;0.0068;-0.0108;0.0000;0.1811
1108.0;0.4977;0.5000;-0.1855;0.0000;62;60;0.0061;0.0047;0.0003;0.0068;-0.0108;0.0000;0.1811
1108.5;0.4982;0.5000;-0.1940;0.0000;62;60;-0.0720;0.0032;0.0003;0.0078;-0.0108;0.0000;0.1811
1109.0;0.4977;0.5000;-0.1795;0.0000;62;60;0.0842;0.0047;0.0003;0.0068;-0.0108;0.0000;0.1811
1109.5;0.4977;0.5000;-0.1760;0.0000;64;60;-0.0745;0.0047;0.0003;0.0068;-0.0108;0.0000;0.1811
1110.0;0.4973;0.5000;-0.1600;0.0000;64;60;0.0037;0.0062;0.0003;0.0059;-0.0108;0.0000;0.1811
1110.5;0.4973;0.5000;-0.1600;0.0000;64;60;-0.0745;0.0062;0.0003;0.0059;-0.0108;0.0000;0.1811
1111.0;0.4968;0.5000;-0.1610;0.0000;64;60;0.0037;0.0062;0.0003;0.0059;-0.0108;0.0000;0.1811
1111.5;0.4968;0.5000;-0.1575;0.0000;64;60;0.0037;0.0076;0.0003;0.0059;-0.0108;0.0000;0.1811
1112.0;0.4968;0.5000;-0.1515;0.0000;64;60;-0.0745;0.0062;0.0003;0.0059;-0.0108;0.0000;0.1811
1112.5;0.4977;0.5000;-0.1390;0.0000;64;60;0.0037;0.0047;0.0003;0.0049;-0.0108;0.0000;0.1811
1113.0;0.4977;0.5000;-0.1450;0.0000;62;60;0.0037;0.0047;0.0003;0.0059;-0.0108;0.0000;0.1811
1113.5;0.4977;0.5000;-0.1495;0.0000;62;60;0.0037;0.0047;0.0003;0.0059;-0.0108;0.0000;0.1811
1114.0;0.4973;0.5000;-0.1690;0.0000;62;60;0.0061;0.0062;0.0003;0.0068;-0.0108;0.0000;0.1811
1114.5;0.4963;0.5000;-0.1670;0.0000;64;60;-0.0745;0.0076;0.0003;0.0068;-0.0108;0.0000;0.1811
1115.0;0.4959;0.5000;-0.1730;0.0000;64;62;0.0037;0.0091;0.0003;0.0068;-0.0108;0.0000;0.1811
1115.5;0.4959;0.5000;-0.1645;0.0000;64;62;0.0818;0.0091;0.0003;0.0068;-0.0108;0.0000;0.1811
1116.0;0.4968;0.5000;-0.1605;0.0000;64;60;-0.0745;0.0076;0.0003;0.0059;-0.0108;0.0000;0.1811
1116.5;0.4968;0.5000;-0.1610;0.0000;62;60;0.0037;0.0062;0.0003;0.0059;-0.0108;0.0000;0.1811
1117.0;0.4973;0.5000;-0.1545;0.0000;62;60;-0.0745;0.0047;0.0003;0.0059;-0.0108;0.0000;0.1811
1117.5;0.4977;0.5000;-0.1545;0.0000;62;60;0.0037;0.0047;0.0003;0.0059;-0.0108;0.0000;0.1811
1118.0;0.4973;0.5000;-0.1310;0.0000;62;60;0.0037;0.0047;0.0003;0.0049;-0.0108;0.0000;0.1811
1118.5;0.4982;0.5000;-0.1315;0.0000;62;58;0.0037;0.0032;0.0003;0.0049;-0.0098;0.0000;0.1811
1119.0;0.4986;0.5000;-0.1220;0.0000;62;58;0.0037;0.0018;0.0003;0.0049;-0.0098;0.0000;0.1811
1119.5;0.4995;0.5000;-0.1180;0.0000;60;58;-0.0745;0.0003;0.0003;0.0049;-0.0098;0.0000;0.1811
1120.0;0.5000;0.5000;-0.1125;0.0000;60;56;0.0037;-0.0012;0.0003;0.0039;-0.0098;0.0000;0.1811
1120.5;0.4995;0.5000;-0.1025;0.0000;60;56;0.0012;-0.0012;0.0003;0.0039;-0.0098;0.0000;0.1811
1121.0;0.4995;0.5000;-0.1025;0.0000;60;58;0.0012;0.0003;0.0003;0.0039;-0.0098;0.0000;0.1811
1121.5;0.4991;0.5000;-0.0995;0.0000;62;58;0.0012;0.0018;0.0003;0.0039;-0.0098;0.0000;0.1811
1122.0;0.4982;0.5000;-0.1115;0.0000;62;60;0.0037;0.0032;0.0003;0.0039;-0.0098;0.0000;0.1811
1122.5;0.4977;0.5000;-0.1125;0.0000;62;60;0.0037;0.0047;0.0003;0.0039;-0.0098;0.0000;0.1811
1123.0;0.4977;0.5000;-0.1145;0.0000;62;60;0.0818;0.0047;0.0003;0.0039;-0.0098;0.0000;0.1811
1123.5;0.4973;0.5000;-0.1145;0.0000;62;60;-0.0745;0.0047;0.0003;0.0039;-0.0098;0.0000;0.1811
1124.0;0.4968;0.5000;-0.1265;0.0000;62;62;0.0037;0.0062;0.0003;0.0049;-0.0098;0.0000;0.1811
1124.5;0.4963;0.5000;-0.1285;0.0000;64;62;0.0037;0.0076;0.0003;0.0049;-0.0098;0.0000;0.1811
1125.0;0.4959;0.5000;-0.1345;0.0000;64;62;0.0037;0.0091;0.0003;0.0049;-0.0098;0.0000;0.1811
1125.5;0.4959;0.5000;-0.1385;0.0000;64;62;-0.0745;0.0091;0.0003;0.0049;-0.0098;0.0000;0.1811
1126.0;0.4959;0.5000;-0.1310;0.0000;64;62;-0.0745;0.0091;0.0003;0.0049;-0.0098;0.0000;0.1811
1126.5;0.4954;0.5000;-0.1270;0.0000;64;62;0.1600;0.0105;0.0003;0.0049;-0.0098;0.0000;0.1811
1127.0;0.4950;0.5000;-0.1225;0.0000;64;64;0.0037;0.0120;0.0003;0.0049;-0.0098;0.0000;0.1811
1127.5;0.4945;0.5000;-0.1185;0.0000;64;64;0.0037;0.0135;0.0003;0.0049;-0.0098;0.0000;0.1811
1128.0;0.4945;0.5000;-0.1110;0.0000;65;64;-0.0794;0.0135;0.0018;0.0039;-0.0098;0.0000;0.1811
1128.5;0.4940;0.5000;-0.1155;0.0000;65;64;0.0818;0.0135;0.0018;0.0039;-0.0098;0.0000;0.1811
1129.0;0.4931;0.5000;-0.1035;0.0000;65;64;-0.0769;0.0164;0.0018;0.0039;-0.0098;0.0000;0.1811
1129.5;0.4913;0.5000;-0.1045;0.0000;67;64;-0.0769;0.0193;0.0018;0.0039;-0.0098;0.0000;0.1811
1130.0;0.4904;0.5000;-0.0920;0.0000;69;65;0.0012;0.0237;0.0018;0.0029;-0.0098;0.0000;0.1811
1130.5;0.4890;0.5000;-0.0945;0.0000;69;67;0.0012;0.0252;0.0018;0.0039;-0.0098;0.0000;0.1811
1131.0;0.4890;0.5000;-0.0865;0.0000;69;67;0.0794;0.0267;0.0018;0.0029;-0.0098;0.0000;0.1811
1131.5;0.4881;0.5000;-0.0785;0.0000;69;67;-0.0769;0.0296;0.0018;0.0029;-0.0098;0.0000;0.1811
1132.0;0.4872;0.5000;-0.0675;0.0000;71;67;0.0012;0.0311;0.0018;0.0020;-0.0098;0.0000;0.1811
1132.5;0.4872;0.5000;-0.0600;0.0000;71;67;-0.0769;0.0311;0.0018;0.0020;-0.0098;0.0000;0.1811
1133.0;0.4867;0.5000;-0.0695;0.0000;71;67;0.0012;0.0325;0.0018;0.0020;-0.0098;0.0000;0.1811
1133.5;0.4872;0.5000;-0.0725;0.0000;71;65;-0.0769;0.0311;0.0018;0.0029;-0.0098;0.0000;0.1811
1134.0;0.4872;0.5000;-0.0855;0.0000;69;65;0.0012;0.0311;0.0018;0.0029;-0.0098;0.0000;0.1811
1134.5;0.4872;0.5000;-0.0860;0.0000;69;65;0.0012;0.0311;0.0018;0.0029;-0.0098;0.0000;0.1811
1135.0;0.4886;0.5000;-0.1000;0.0000;67;65;0.0012;0.0281;0.0032;0.0039;-0.0098;0.0000;0.1811
1135.5;0.4890;0.5000;-0.1270;0.0000;67;64;0.0037;0.0267;0.0032;0.0049;-0.0098;0.0000;0.1811
1136.0;0.4899;0.5000;-0.1545;0.0000;65;64;-0.0745;0.0237;0.0032;0.0059;-0.0098;0.0000;0.1811
1136.5;0.4904;0.5000;-0.1735;0.0000;65;64;0.0037;0.0223;0.0032;0.0068;-0.0098;0.0000;0.1811
1137.0;0.4922;0.5000;-0.1930;0.0000;64;62;0.0061;0.0179;0.0032;0.0078;-0.0098;0.0000;0.1811
1137.5;0.4927;0.5000;-0.2070;0.0000;62;62;0.0061;0.0164;0.0032;0.0078;-0.0098;0.0000;0.1811
1138.0;0.4940;0.5000;-0.2115;0.0000;62;60;-0.0720;0.0135;0.0032;0.0088;-0.0098;0.0000;0.1811
1138.5;0.4950;0.5000;-0.2345;0.0000;60;60;0.0842;0.0105;0.0032;0.0098;-0.0088;0.0000;0.1811
1139.0;0.4963;0.5000;-0.2395;0.0000;60;58;-0.0720;0.0076;0.0032;0.0098;-0.0088;0.0000;0.1811
1139.5;0.4973;0.5000;-0.2575;0.0000;58;58;0.0085;0.0062;0.0032;0.0108;-0.0088;0.0000;0.1811
1140.0;0.4982;0.5000;-0.2440;0.0000;58;58;-0.0720;0.0032;0.0032;0.0098;-0.0088;0.0000;0.1811
1140.5;0.4991;0.5000;-0.2395;0.0000;58;58;0.0842;0.0003;0.0032;0.0098;-0.0088;0.0000;0.1811
1141.0;0.5005;0.5000;-0.2360;0.0000;58;56;-0.0720;-0.0026;0.0032;0.0098;-0.0088;0.0000;0.1811
1141.5;0.5009;0.5000;-0.2440;0.0000;56;56;0.0061;-0.0026;0.0032;0.0098;-0.0088;0.0000;0.1811
1142.0;0.5014;0.5000;-0.2440;0.0000;56;56;0.0867;-0.0056;0.0032;0.0098;-0.0088;0.0000;0.1811
1142.5;0.5018;0.5000;-0.2325;0.0000;56;56;0.0061;-0.0056;0.0032;0.0088;-0.0088;0.0000;0.1811
1143.0;0.5014;0.5000;-0.2475;0.0000;56;56;0.0061;-0.0056;0.0032;0.0098;-0.0088;0.0000;0.1811
1143.5;0.5018;0.5000;-0.2415;0.0000;56;58;0.0867;-0.0056;0.0032;0.0098;-0.0088;0.0000;0.1811
1144.0;0.5027;0.5000;-0.2480;0.0000;56;56;-0.0720;-0.0085;0.0032;0.0098;-0.0088;0.0000;0.1811
1144.5;0.5027;0.5000;-0.2205;0.0000;56;56;0.0061;-0.0085;0.0032;0.0088;-0.0088;0.0000;0.1811
1145.0;0.5032;0.5000;-0.2120;0.0000;56;56;0.0842;-0.0100;0.0032;0.0088;-0.0088;0.0000;0.1811
1145.5;0.5041;0.5000;-0.1810;0.0000;56;56;-0.0720;-0.0114;0.0032;0.0068;-0.0088;0.0000;0.1811
1146.0;0.5041;0.5000;-0.1540;0.0000;56;56;0.0037;-0.0114;0.0032;0.0059;-0.0088;0.0000;0.1811
1146.5;0.5050;0.5000;-0.1325;0.0000;56;56;0.0818;-0.0129;0.0032;0.0049;-0.0088;0.0000;0.1811
1147.0;0.5050;0.5000;-0.1115;0.0000;56;56;0.0037;-0.0129;0.0032;0.0039;-0.0088;0.0000;0.1811
1147.5;0.5055;0.5000;-0.0845;0.0000;58;54;-0.0769;-0.0144;0.0032;0.0029;-0.0088;0.0000;0.1811
1148.0;0.5046;0.5000;-0.0420;0.0000;58;54;-0.0769;-0.0129;0.0032;0.0010;-0.0088;0.0000;0.1811
1148.5;0.5037;0.5000;-0.0355;0.0000;60;56;0.0012;-0.0114;0.0032;0.0010;-0.0088;0.0000;0.1811
1149.0;0.5027;0.5000;-0.0065;0.0000;60;56;0.0769;-0.0085;0.0032;-0.0000;-0.0088;0.0000;0.1811
1149.5;0.5023;0.5000;-0.0100;0.0000;62;58;-0.0012;-0.0070;0.0032;-0.0000;-0.0088;0.0000;0.1811
1150.0;0.5018;0.5000;0.0085;0.0000;62;58;-0.0794;-0.0056;0.0032;-0.0010;-0.0088;0.0000;0.1811
1150.5;0.5014;0.5000;0.0365;0.0000;64;58;-0.0037;-0.0056;0.0032;-0.0020;-0.0088;0.0000;0.1811
1151.0;0.5018;0.5000;0.0540;0.0000;62;58;0.0745;-0.0056;0.0032;-0.0029;-0.0088;0.0000;0.1811
1151.5;0.5014;0.5000;0.0600;0.0000;64;58;-0.0037;-0.0041;0.0032;-0.0029;-0.0088;0.0000;0.1811
1152.0;0.5018;0.5000;0.0475;0.0000;62;58;0.0745;-0.0056;0.0032;-0.0029;-0.0088;0.0000;0.1811
1152.5;0.5014;0.5000;0.0495;0.0000;62;58;-0.0037;-0.0056;0.0032;-0.0029;-0.0088;0.0000;0.1811
1153.0;0.5014;0.5000;0.0450;0.0000;62;58;-0.0037;-0.0041;0.0032;-0.0020;-0.0088;0.0000;0.1811
1153.5;0.5009;0.5000;0.0430;0.0000;62;58;-0.0037;-0.0026;0.0032;-0.0020;-0.0088;0.0000;0.1811
1154.0;0.5000;0.5000;0.0275;0.0000;64;60;-0.0012;-0.0012;0.0018;-0.0020;-0.0088;0.0000;0.1811
1154.5;0.5000;0.5000;0.0200;0.0000;62;60;-0.0012;-0.0012;0.0018;-0.0010;-0.0088;0.0000;0.1811
1155.0;0.5000;0.5000;-0.0005;0.0000;62;60;-0.0012;-0.0012;0.0018;-0.0000;-0.0088;0.0000;0.1811
1155.5;0.4995;0.5000;-0.0130;0.0000;62;60;-0.0012;0.0003;0.0018;-0.0000;-0.0088;0.0000;0.1811
1156.0;0.4995;0.5000;-0.0245;0.0000;62;60;0.0769;0.0003;0.0018;0.0010;-0.0088;0.0000;0.1811
1156.5;0.5000;0.5000;-0.0380;0.0000;62;60;-0.0769;-0.0012;0.0018;0.0010;-0.0088;0.0000;0.1811
1157.0;0.5000;0.5000;-0.0540;0.0000;62;60;0.0012;-0.0012;0.0018;0.0020;-0.0088;0.0000;0.1811
1157.5;0.5000;0.5000;-0.0695;0.0000;62;60;0.0012;-0.0012;0.0018;0.0020;-0.0088;0.0000;0.1811
1158.0;0.4995;0.5000;-0.0780;0.0000;62;60;0.0012;0.0003;0.0018;0.0029;-0.0088;0.0000;0.1811
1158.5;0.4982;0.5000;-0.0940;0.0000;62;62;0.0794;0.0032;0.0032;0.0039;-0.0088;0.0000;0.1811
1159.0;0.4963;0.5000;-0.1225;0.0000;64;64;0.0037;0.0076;0.0032;0.0049;-0.0088;0.0000;0.1811
1159.5;0.4950;0.5000;-0.1605;0.0000;64;65;0.0037;0.0105;0.0032;0.0059;-0.0088;0.0000;0.1811
1160.0;0.4945;0.5000;-0.1875;-0.0015;64;65;0.0842;0.0120;0.0032;0.0068;-0.0088;-0.0039;0.1811
1160.5;0.4945;0.5000;-0.2135;-0.0040;65;65;-0.0720;0.0120;0.0032;0.0078;-0.0078;-0.0039;0.1811
1161.0;0.4945;0.5000;-0.2285;-0.0075;65;65;0.0061;0.0120;0.0032;0.0088;-0.0078;-0.0039;0.1811
1161.5;0.4950;0.5000;-0.2540;-0.0125;64;65;0.0867;0.0120;0.0032;0.0098;-0.0078;-0.0078;0.1811
1162.0;0.4950;0.5000;-0.2620;-0.0190;64;64;0.0085;0.0120;0.0032;0.0098;-0.0078;-0.0078;0.1811
1162.5;0.4945;0.5000;-0.2660;-0.0265;64;64;0.0085;0.0120;0.0032;0.0098;-0.0078;-0.0078;0.1811
1163.0;0.4940;0.5000;-0.2535;-0.0350;64;64;0.0085;0.0135;0.0032;0.0088;-0.0078;-0.0078;0.1811
1163.5;0.4950;0.5000;-0.2300;-0.0450;64;62;0.0061;0.0105;0.0032;0.0068;-0.0078;-0.0118;0.1811
1164.0;0.4954;0.5000;-0.1960;-0.0565;64;60;0.0061;0.0091;0.0032;0.0049;-0.0078;-0.0118;0.1811
1164.5;0.4954;0.5000;-0.1705;-0.0690;65;60;0.0037;0.0091;0.0032;0.0039;-0.0078;-0.0118;0.1811
1165.0;0.4954;0.5000;-0.1460;-0.0825;65;60;0.0037;0.0105;0.0032;0.0020;-0.0078;-0.0118;0.1811
1165.5;0.4954;0.5000;-0.1185;-0.0975;67;58;-0.0745;0.0091;0.0032;-0.0000;-0.0078;-0.0157;0.1811
1166.0;0.4963;0.5000;-0.1040;-0.1140;65;58;0.0818;0.0076;0.0032;-0.0010;-0.0078;-0.0157;0.1811
1166.5;0.4963;0.5000;-0.0890;-0.1315;65;56;0.0012;0.0076;0.0032;-0.0020;-0.0078;-0.0157;0.1811
1167.0;0.4973;0.5000;-0.0860;-0.1500;67;56;-0.0769;0.0062;0.0032;-0.0029;-0.0078;-0.0157;0.1811
1167.5;0.4973;0.5000;-0.0705;-0.1700;67;54;0.0012;0.0062;0.0032;-0.0049;-0.0078;-0.0196;0.1811
1168.0;0.4977;0.5000;-0.0820;-0.1915;67;54;0.0012;0.0047;0.0032;-0.0049;-0.0078;-0.0196;0.1811
1168.5;0.4982;0.5000;-0.1130;-0.2140;67;54;0.0037;0.0032;0.0032;-0.0049;-0.0078;-0.0196;0.1811
1169.0;0.4977;0.5000;-0.1450;-0.2375;67;54;0.0037;0.0047;0.0032;-0.0039;-0.0078;-0.0235;0.1811
1169.5;0.4991;0.5000;-0.1780;-0.2625;67;52;0.0061;0.0018;0.0032;-0.0039;-0.0078;-0.0235;0.1811
1170.0;0.4995;0.5000;-0.2050;-0.2890;65;52;0.0061;0.0003;0.0032;-0.0039;-0.0078;-0.0235;0.1811
1170.5;0.5009;0.5000;-0.2375;-0.3165;65;50;0.0061;-0.0026;0.0032;-0.0039;-0.0078;-0.0235;0.1811
1171.0;0.5014;0.5000;-0.2625;-0.3450;65;50;0.0085;-0.0041;0.0032;-0.0039;-0.0078;-0.0275;0.1811
1171.5;0.5023;0.5000;-0.2835;-0.3750;64;50;0.0867;-0.0070;0.0032;-0.0039;-0.0078;-0.0275;0.1811
1172.0;0.5032;0.5000;-0.3020;-0.4065;64;48;-0.0696;-0.0100;0.0032;-0.0049;-0.0078;-0.0275;0.1811
1172.5;0.5037;0.5000;-0.3230;-0.4390;64;46;0.0110;-0.0100;0.0032;-0.0049;-0.0078;-0.0314;0.1811
1173.0;0.5046;0.5000;-0.3375;-0.4725;64;46;0.0891;-0.0129;0.0032;-0.0059;-0.0078;-0.0314;0.1811
1173.5;0.5046;0.5000;-0.3430;-0.5075;65;46;-0.1453;-0.0129;0.0032;-0.0078;-0.0078;-0.0314;0.1811
1174.0;0.5060;0.5000;-0.3565;-0.5440;65;44;0.0110;-0.0158;0.0032;-0.0088;-0.0078;-0.0314;0.1811
1174.5;0.5064;0.5000;-0.3910;-0.5815;65;44;0.0134;-0.0173;0.0032;-0.0088;-0.0088;-0.0353;0.1811
1175.0;0.5069;0.5000;-0.4600;-0.6200;65;44;-0.0623;-0.0188;0.0032;-0.0068;-0.0088;-0.0353;0.1811
1175.5;0.5069;0.5000;-0.5475;-0.6600;64;44;0.0183;-0.0188;0.0032;-0.0049;-0.0088;-0.0353;0.1811
1176.0;0.5069;0.5000;-0.6570;-0.7015;65;44;0.0208;-0.0188;0.0032;-0.0020;-0.0088;-0.0392;0.1811
1176.5;0.5078;0.5000;-0.7585;-0.7440;64;44;0.0256;-0.0202;0.0032;-0.0000;-0.0088;-0.0392;0.1811
1177.0;0.5082;0.5000;-0.8480;-0.7875;64;44;0.0281;-0.0217;0.0032;0.0020;-0.0088;-0.0392;0.1811
1177.5;0.5087;0.5000;-0.9425;-0.8325;64;44;-0.0476;-0.0231;0.0032;0.0039;-0.0088;-0.0431;0.1811
1178.0;0.5087;0.5000;-1.0180;-0.8790;64;44;0.0354;-0.0231;0.0018;0.0049;-0.0088;-0.0431;0.1811
1178.5;0.5092;0.5000;-1.0835;-0.9265;64;44;-0.0427;-0.0246;0.0018;0.0059;-0.0078;-0.0431;0.1811
1179.0;0.5092;0.5000;-1.1400;-0.9750;64;44;0.0379;-0.0231;0.0018;0.0068;-0.0078;-0.0431;0.1811
1179.5;0.5087;0.5000;-1.1825;-1.0250;64;44;0.1184;-0.0231;0.0018;0.0059;-0.0078;-0.0471;0.1811
1180.0;0.5073;0.5000;-1.2165;-1.0765;67;46;-0.0354;-0.0188;0.0018;0.0059;-0.0078;-0.0471;0.1811
1180.5;0.5060;0.5000;-1.2480;-1.1290;67;46;0.0427;-0.0158;0.0018;0.0049;-0.0078;-0.0471;0.1811
1181.0;0.5055;0.5000;-1.2810;-1.1825;69;46;-0.0330;-0.0144;0.0018;0.0039;-0.0078;-0.0510;0.1811
1181.5;0.5050;0.5000;-1.3235;-1.2375;71;46;-0.0330;-0.0129;0.0018;0.0029;-0.0078;-0.0510;0.1811
1182.0;0.5041;0.5000;-1.3945;-1.2940;71;48;0.0476;-0.0114;0.0018;0.0039;-0.0078;-0.0510;0.1811
1182.5;0.5032;0.5000;-1.4685;-1.3515;71;48;-0.0281;-0.0100;0.0018;0.0049;-0.0078;-0.0549;0.1811
1183.0;0.5027;0.5000;-1.5500;-1.4100;73;48;0.0525;-0.0070;0.0018;0.0059;-0.0078;-0.0549;0.1811
1183.5;0.5009;0.5000;-1.6215;-1.4700;73;50;-0.0232;-0.0041;0.0018;0.0059;-0.0078;-0.0549;0.1811
1184.0;0.5009;0.5000;-1.6905;-1.5315;73;50;0.0574;-0.0041;0.0018;0.0059;-0.0078;-0.0588;0.1811
1184.5;0.5005;0.5000;-1.7550;-1.5940;75;48;-0.0940;-0.0026;0.0018;0.0059;-0.0078;-0.0588;0.1811
1185.0;0.4995;0.5000;-1.8160;-1.6575;77;48;-0.0183;0.0003;0.0018;0.0059;-0.0078;-0.0588;0.1811
1185.5;0.4991;0.5000;-1.8845;-1.7225;77;48;-0.0110;0.0018;0.0018;0.0059;-0.0078;-0.0627;0.1811
1186.0;0.4995;0.5000;-1.9650;-1.7890;77;48;-0.0134;0.0003;0.0018;0.0068;-0.0078;-0.0627;0.1811
1186.5;0.5000;0.5000;-2.0275;-1.8565;77;46;-0.0085;-0.0012;0.0018;0.0068;-0.0078;-0.0627;0.1811
1187.0;0.5000;0.5000;-2.0875;-1.9250;75;46;0.0720;-0.0012;0.0018;0.0059;-0.0078;-0.0627;0.1811
1187.5;0.5000;0.5000;-2.1405;-1.9950;77;44;-0.0818;-0.0012;0.0018;0.0059;-0.0078;-0.0667;0.1811
1188.0;0.4995;0.5000;-2.1790;-2.0665;77;44;0.0745;0.0003;0.0018;0.0039;-0.0078;-0.0667;0.1811
1188.5;0.4995;0.5000;-2.2165;-2.1390;77;44;-0.0012;-0.0012;0.0018;0.0029;-0.0078;-0.0667;0.1811
1189.0;0.4986;0.5000;-2.2615;-2.2130;79;44;0.0012;0.0018;0.0018;0.0020;-0.0078;-0.0706;0.1811
1189.5;0.4977;0.5000;-2.3295;-2.2875;81;44;-0.0769;0.0032;0.0018;0.0010;-0.0078;-0.0706;0.1811
1190.0;0.4977;0.5000;-2.4035;-2.3625;81;44;0.0037;0.0047;0.0018;0.0010;-0.0078;-0.0706;0.1811
1190.5;0.4982;0.5000;-2.4965;-2.4375;81;44;0.0085;0.0032;0.0018;0.0020;-0.0078;-0.0706;0.1811
1191.0;0.4973;0.5000;-2.6030;-2.5130;81;44;0.0110;0.0047;0.0018;0.0029;-0.0078;-0.0706;0.1811
1191.5;0.4973;0.5000;-2.7060;-2.5880;81;44;0.0159;0.0047;0.0018;0.0049;-0.0078;-0.0706;0.1811
1192.0;0.4973;0.5000;-2.7885;-2.6625;81;44;-0.0598;0.0062;0.0018;0.0049;-0.0078;-0.0745;0.1811
1192.5;0.4959;0.5000;-2.8795;-2.7380;81;44;0.0208;0.0091;0.0018;0.0059;-0.0078;-0.0745;0.1811
1193.0;0.4950;0.5000;-2.9695;-2.8130;83;46;0.1038;0.0105;0.0018;0.0059;-0.0078;-0.0745;0.1811
1193.5;0.4945;0.5000;-3.0580;-2.8880;83;46;0.0281;0.0120;0.0018;0.0068;-0.0078;-0.0745;0.1811
1194.0;0.4940;0.5000;-3.1415;-2.9630;83;46;-0.0452;0.0135;0.0018;0.0068;-0.0078;-0.0745;0.1811
1194.5;0.4945;0.5000;-3.2115;-3.0380;83;46;0.0305;0.0120;0.0018;0.0068;-0.0078;-0.0745;0.1811
1195.0;0.4945;0.5000;-3.2845;-3.1130;83;46;-0.0403;0.0135;0.0018;0.0068;-0.0078;-0.0745;0.1811
1195.5;0.4950;0.5000;-3.3325;-3.1880;83;44;0.0354;0.0120;0.0018;0.0059;-0.0078;-0.0745;0.1811
1196.0;0.4954;0.5000;-3.4015;-3.2630;83;42;-0.1160;0.0091;0.0018;0.0049;-0.0078;-0.0745;0.1811
1196.5;0.4959;0.5000;-3.4785;-3.3380;81;42;0.0427;0.0091;0.0018;0.0059;-0.0068;-0.0745;0.1811
1197.0;0.4959;0.5000;-3.5565;-3.4130;81;42;-0.0330;0.0091;0.0018;0.0059;-0.0068;-0.0745;0.1811
1197.5;0.4954;0.5000;-3.6145;-3.4880;83;40;-0.0305;0.0091;0.0018;0.0049;-0.0068;-0.0745;0.1811
1198.0;0.4950;0.5000;-3.6855;-3.5630;83;40;-0.0281;0.0105;0.0032;0.0049;-0.0068;-0.0745;0.1811
1198.5;0.4954;0.5000;-3.7535;-3.6380;83;40;0.0525;0.0105;0.0032;0.0039;-0.0068;-0.0784;0.1811
1199.0;0.4959;0.5000;-3.8510;-3.7130;83;40;-0.1013;0.0091;0.0032;0.0049;-0.0068;-0.0784;0.1811
1199.5;0.4968;0.5000;-3.9350;-3.7880;81;40;0.0574;0.0062;0.0032;0.0059;-0.0068;-0.0784;0.1811
1200.0;0.4973;0.5000;-4.0195;-3.8630;81;38;-0.0183;0.0062;0.0032;0.0059;-0.0068;-0.0784;0.1811
1200.5;0.4973;0.5000;-4.1015;-3.9380;81;38;-0.0134;0.0062;0.0032;0.0068;-0.0068;-0.0784;0.1811
1201.0;0.4977;0.5000;-4.1780;-4.0130;81;38;0.0672;0.0047;0.0032;0.0068;-0.0068;-0.0784;0.1811
1201.5;0.4977;0.5000;-4.2460;-4.0880;81;38;-0.0085;0.0047;0.0032;0.0059;-0.0068;-0.0784;0.1811
1202.0;0.4973;0.5000;-4.3130;-4.1630;81;38;-0.0061;0.0047;0.0032;0.0059;-0.0068;-0.0784;0.1811
1202.5;0.4968;0.5000;-4.4080;-4.2380;83;38;-0.0037;0.0062;0.0032;0.0068;-0.0068;-0.0784;0.1811
1203.0;0.4977;0.5000;-4.4930;-4.3130;83;38;0.0037;0.0047;0.0032;0.0068;-0.0068;-0.0784;0.1811
1203.5;0.4982;0.5000;-4.5815;-4.3880;81;38;0.0037;0.0032;0.0032;0.0078;-0.0068;-0.0784;0.1811
1204.0;0.4982;0.5000;-4.6515;-4.4625;83;38;0.0012;0.0032;0.0032;0.0078;-0.0068;-0.0784;0.1811
1204.5;0.4982;0.5000;-4.7355;-4.5375;83;36;-0.0647;0.0032;0.0032;0.0078;-0.0068;-0.0784;0.1811
1205.0;0.4986;0.5000;-4.7920;-4.6125;83;36;0.0061;0.0032;0.0032;0.0068;-0.0068;-0.0824;0.1811
1205.5;0.4982;0.5000;-4.8870;-4.6875;83;36;0.0134;0.0032;0.0032;0.0078;-0.0068;-0.0824;0.1811
1206.0;0.4986;0.5000;-4.9900;-4.7625;83;36;-0.0623;0.0018;0.0032;0.0088;-0.0068;-0.0824;0.1811
1206.5;0.4986;0.5000;-5.0690;-4.8375;83;36;0.0208;0.0018;0.0032;0.0088;-0.0068;-0.0824;0.1811
1207.0;0.4991;0.5000;-5.1565;-4.9125;83;36;-0.0549;0.0018;0.0032;0.0098;-0.0068;-0.0824;0.1811
1207.5;0.4982;0.5000;-5.2120;-4.9875;83;36;-0.0549;0.0032;0.0032;0.0088;-0.0068;-0.0824;0.1811
1208.0;0.4973;0.5000;-5.2770;-5.0625;85;38;0.0305;0.0047;0.0032;0.0088;-0.0068;-0.0824;0.1811
1208.5;0.4968;0.5000;-5.3645;-5.1375;87;38;0.0281;0.0076;0.0032;0.0088;-0.0068;-0.0824;0.1811
1209.0;0.4959;0.5000;-5.4470;-5.2125;87;38;0.0354;0.0091;0.0032;0.0098;-0.0068;-0.0824;0.1811
1209.5;0.4959;0.5000;-5.5220;-5.2875;87;38;-0.0452;0.0091;0.0032;0.0098;-0.0059;-0.0824;0.1811
1210.0;0.4963;0.5000;-5.5970;-5.3625;87;38;0.0379;0.0076;0.0032;0.0098;-0.0059;-0.0824;0.1811
1210.5;0.4963;0.5000;-5.6495;-5.4375;87;38;0.0403;0.0076;0.0032;0.0088;-0.0059;-0.0824;0.1811
1211.0;0.4963;0.5000;-5.7150;-5.5125;87;38;-0.1136;0.0076;0.0032;0.0078;-0.0059;-0.0824;0.1811
1211.5;0.4959;0.5000;-5.7730;-5.5875;89;38;0.0452;0.0091;0.0032;0.0068;-0.0059;-0.0824;0.1811
1212.0;0.4959;0.5000;-5.8290;-5.6625;89;36;-0.0330;0.0091;0.0032;0.0068;-0.0059;-0.0863;0.1811
1212.5;0.4963;0.5000;-5.8970;-5.7375;89;36;-0.0281;0.0076;0.0032;0.0059;-0.0059;-0.0863;0.1811
1213.0;0.4968;0.5000;-5.9545;-5.8125;89;36;0.0501;0.0062;0.0032;0.0059;-0.0059;-0.0863;0.1811
1213.5;0.4973;0.5000;-6.0355;-5.8875;87;34;-0.0232;0.0062;0.0032;0.0059;-0.0059;-0.0863;0.1811
1214.0;0.4968;0.5000;-6.1170;-5.9625;89;34;-0.1013;0.0076;0.0032;0.0059;-0.0059;-0.0863;0.1811
1214.5;0.4959;0.5000;-6.1795;-6.0375;89;36;0.0574;0.0091;0.0032;0.0059;-0.0059;-0.0863;0.1811
1215.0;0.4959;0.5000;-6.2310;-6.1125;89;36;-0.0183;0.0091;0.0032;0.0049;-0.0059;-0.0863;0.1811
1215.5;0.4959;0.5000;-6.2845;-6.1875;91;34;-0.0940;0.0091;0.0032;0.0039;-0.0059;-0.0863;0.1811
1216.0;0.4954;0.5000;-6.3605;-6.2625;91;36;-0.0134;0.0105;0.0032;0.0039;-0.0059;-0.0863;0.1811
1216.5;0.4950;0.5000;-6.4185;-6.3375;91;36;0.0672;0.0105;0.0032;0.0029;-0.0059;-0.0863;0.1811
1217.0;0.4940;0.5000;-6.4910;-6.4125;91;36;0.0696;0.0135;0.0032;0.0029;-0.0059;-0.0863;0.1811
1217.5;0.4927;0.5000;-6.5590;-6.4875;93;38;-0.0012;0.0164;0.0032;0.0029;-0.0059;-0.0863;0.1811
1218.0;0.4918;0.5000;-6.6140;-6.5625;95;38;-0.0867;0.0193;0.0032;0.0020;-0.0059;-0.0863;0.1811
1218.5;0.4913;0.5000;-6.6825;-6.6375;95;38;0.0037;0.0193;0.0032;0.0010;-0.0059;-0.0902;0.1811
1219.0;0.4913;0.5000;-6.7640;-6.7125;97;38;-0.0037;0.0208;0.0032;0.0020;-0.0059;-0.0902;0.1811
1219.5;0.4908;0.5000;-6.8370;-6.7875;97;36;-0.0745;0.0223;0.0047;0.0020;-0.0059;-0.0902;0.1811
1220.0;0.4904;0.5000;-6.9300;-6.8625;97;36;-0.0720;0.0237;0.0047;0.0020;-0.0059;-0.0902;0.1811
1220.5;0.4895;0.5000;-6.9955;-6.9375;99;36;-0.0696;0.0252;0.0047;0.0020;-0.0059;-0.0902;0.1811
1221.0;0.4890;0.5000;-7.0630;-7.0125;99;38;0.0891;0.0252;0.0047;0.0020;-0.0059;-0.0902;0.1811
1221.5;0.4886;0.5000;-7.1540;-7.0875;99;38;-0.0623;0.0267;0.0047;0.0020;-0.0059;-0.0902;0.1811
1222.0;0.4886;0.5000;-7.2155;-7.1625;99;38;0.0208;0.0267;0.0047;0.0020;-0.0059;-0.0902;0.1811
1222.5;0.4886;0.5000;-7.2870;-7.2375;99;36;-0.0623;0.0267;0.0047;0.0020;-0.0059;-0.0902;0.1811
1223.0;0.4890;0.5000;-7.3565;-7.3125;99;36;0.0256;0.0267;0.0047;0.0010;-0.0059;-0.0902;0.1811
1223.5;0.4890;0.5000;-7.4240;-7.3875;99;36;-0.0598;0.0267;0.0047;0.0010;-0.0059;-0.0902;0.1811
1224.0;0.4899;0.5000;-7.4700;-7.4625;99;34;0.0256;0.0237;0.0047;-0.0000;-0.0059;-0.0902;0.1811
1224.5;0.4899;0.5000;-7.5405;-7.5375;99;34;-0.0501;0.0237;0.0047;-0.0000;-0.0059;-0.0902;0.1811
1225.0;0.4899;0.5000;-7.6050;-7.6125;99;34;-0.0476;0.0237;0.0047;-0.0010;-0.0059;-0.0941;0.1811
1225.5;0.4913;0.5000;-7.6645;-7.6875;97;32;-0.0452;0.0208;0.0047;-0.0010;-0.0059;-0.0941;0.1811
1226.0;0.4918;0.5000;-7.7265;-7.7625;97;30;-0.0427;0.0193;0.0047;-0.0020;-0.0059;-0.0941;0.1811
1226.5;0.4927;0.5000;-7.7770;-7.8375;97;30;0.0379;0.0179;0.0047;-0.0029;-0.0059;-0.0941;0.1811
1227.0;0.4931;0.5000;-7.8395;-7.9125;97;28;-0.0379;0.0164;0.0062;-0.0039;-0.0059;-0.0941;0.1811
1227.5;0.4931;0.5000;-7.8690;-7.9875;97;28;-0.1184;0.0164;0.0062;-0.0059;-0.0059;-0.0941;0.1811
1228.0;0.4927;0.5000;-7.9125;-8.0625;99;28;-0.0330;0.0164;0.0062;-0.0068;-0.0059;-0.0941;0.1811
1228.5;0.4931;0.5000;-7.9620;-8.1375;99;28;-0.1160;0.0149;0.0062;-0.0078;-0.0059;-0.0941;0.1811
1229.0;0.4940;0.5000;-8.0015;-8.2125;99;26;0.0427;0.0135;0.0062;-0.0098;-0.0059;-0.0941;0.1811
1229.5;0.4950;0.5000;-8.0375;-8.2875;99;24;-0.1111;0.0120;0.0062;-0.0108;-0.0059;-0.0941;0.1811
1230.0;0.4963;0.5000;-8.0870;-8.3625;99;22;-0.1111;0.0091;0.0062;-0.0117;-0.0059;-0.0941;0.1811
1230.5;0.4973;0.5000;-8.1480;-8.4365;97;22;-0.1062;0.0047;0.0062;-0.0127;-0.0059;-0.0941;0.1811
1231.0;0.4986;0.5000;-8.2090;-8.5090;97;21;-0.1038;0.0018;0.0062;-0.0127;-0.0059;-0.0941;0.1811
1231.5;0.5000;0.5000;-8.2685;-8.5800;97;19;-0.0989;-0.0012;0.0062;-0.0137;-0.0059;-0.0941;0.1811
1232.0;0.5005;0.5000;-8.3070;-8.6500;95;19;-0.0281;-0.0026;0.0062;-0.0147;-0.0059;-0.0941;0.1811
1232.5;0.5014;0.5000;-8.3640;-8.7190;95;19;-0.0940;-0.0041;0.0062;-0.0156;-0.0059;-0.0902;0.1811
1233.0;0.5018;0.5000;-8.3980;-8.7865;97;17;-0.1819;-0.0056;0.0062;-0.0166;-0.0068;-0.0902;0.1811
1233.5;0.5023;0.5000;-8.4550;-8.8525;97;17;-0.0965;-0.0070;0.0062;-0.0176;-0.0068;-0.0902;0.1811
1234.0;0.5032;0.5000;-8.5165;-8.9175;95;17;-0.0940;-0.0085;0.0062;-0.0176;-0.0068;-0.0902;0.1811
1234.5;0.5041;0.5000;-8.5625;-8.9815;95;17;-0.0916;-0.0114;0.0062;-0.0186;-0.0068;-0.0902;0.1811
1235.0;0.5050;0.5000;-8.6215;-9.0440;95;15;-0.0916;-0.0144;0.0062;-0.0186;-0.0068;-0.0863;0.1811
1235.5;0.5064;0.5000;-8.6825;-9.1050;95;15;-0.0891;-0.0173;0.0062;-0.0186;-0.0068;-0.0863;0.1811
1236.0;0.5073;0.5000;-8.7640;-9.1650;93;15;-0.1648;-0.0202;0.0062;-0.0176;-0.0068;-0.0863;0.1811
1236.5;0.5087;0.5000;-8.8430;-9.2240;91;13;-0.0818;-0.0231;0.0047;-0.0166;-0.0068;-0.0863;0.1811
1237.0;0.5096;0.5000;-8.9385;-9.2815;91;13;-0.0794;-0.0261;0.0047;-0.0147;-0.0068;-0.0863;0.1811
1237.5;0.5110;0.5000;-9.0245;-9.3375;89;13;-0.0745;-0.0290;0.0047;-0.0137;-0.0068;-0.0824;0.1811
1238.0;0.5114;0.5000;-9.1100;-9.3925;89;13;-0.1526;-0.0290;0.0047;-0.0127;-0.0068;-0.0824;0.1811
1238.5;0.5110;0.5000;-9.1865;-9.4465;89;15;0.0085;-0.0290;0.0047;-0.0117;-0.0068;-0.0824;0.1811
1239.0;0.5114;0.5000;-9.2635;-9.4990;89;15;-0.0672;-0.0305;0.0047;-0.0108;-0.0068;-0.0824;0.1811
1239.5;0.5105;0.5000;-9.3370;-9.5500;89;17;0.0916;-0.0275;0.0047;-0.0098;-0.0078;-0.0824;0.1811
1240.0;0.5110;0.5000;-9.3905;-9.6000;89;17;-0.1429;-0.0290;0.0047;-0.0098;-0.0078;-0.0784;0.1811
1240.5;0.5110;0.5000;-9.4445;-9.6490;89;19;0.0232;-0.0290;0.0047;-0.0088;-0.0078;-0.0784;0.1811
1241.0;0.5105;0.5000;-9.4715;-9.6965;91;19;0.0134;-0.0275;0.0047;-0.0098;-0.0078;-0.0784;0.1811
1241.5;0.5105;0.5000;-9.4930;-9.7425;91;19;-0.0598;-0.0275;0.0047;-0.0108;-0.0078;-0.0784;0.1811
1242.0;0.5110;0.5000;-9.5060;-9.7875;91;19;-0.0574;-0.0290;0.0047;-0.0127;-0.0078;-0.0784;0.1811
1242.5;0.5114;0.5000;-9.5145;-9.8315;91;17;-0.0623;-0.0305;0.0047;-0.0137;-0.0078;-0.0745;0.1811
1243.0;0.5114;0.5000;-9.5350;-9.8740;91;17;0.0208;-0.0305;0.0047;-0.0147;-0.0078;-0.0745;0.1811
1243.5;0.5114;0.5000;-9.5545;-9.9150;91;19;0.0208;-0.0290;0.0032;-0.0156;-0.0078;-0.0745;0.1811
1244.0;0.5114;0.5000;-9.5880;-9.9550;91;19;-0.0574;-0.0305;0.0032;-0.0156;-0.0078;-0.0745;0.1811
1244.5;0.5105;0.5000;-9.6105;-9.9940;91;19;-0.1355;-0.0275;0.0032;-0.0166;-0.0078;-0.0745;0.1811
1245.0;0.5101;0.5000;-9.6370;-10.0315;93;19;-0.0549;-0.0261;0.0032;-0.0166;-0.0078;-0.0706;0.1811
1245.5;0.5096;0.5000;-9.6545;-10.0675;93;21;0.0305;-0.0246;0.0032;-0.0176;-0.0078;-0.0706;0.1811
1246.0;0.5082;0.5000;-9.6705;-10.1025;95;21;-0.0598;-0.0217;0.0032;-0.0186;-0.0078;-0.0706;0.1811
1246.5;0.5064;0.5000;-9.6800;-10.1365;95;22;0.0305;-0.0173;0.0032;-0.0196;-0.0088;-0.0706;0.1811
1247.0;0.5046;0.5000;-9.7200;-10.1690;97;24;-0.0598;-0.0129;0.0032;-0.0196;-0.0088;-0.0706;0.1811
1247.5;0.5037;0.5000;-9.7410;-10.2000;97;24;-0.0501;-0.0114;0.0032;-0.0196;-0.0088;-0.0667;0.1811
1248.0;0.5037;0.5000;-9.7655;-10.2300;97;24;-0.0525;-0.0100;0.0032;-0.0196;-0.0088;-0.0667;0.1811
1248.5;0.5023;0.5000;-9.7830;-10.2590;99;26;-0.0501;-0.0070;0.0032;-0.0205;-0.0088;-0.0667;0.1811
1249.0;0.5018;0.5000;-9.8120;-10.2865;99;26;-0.0501;-0.0070;0.0032;-0.0205;-0.0088;-0.0667;0.1811
1249.5;0.5014;0.5000;-9.8610;-10.3125;99;26;-0.1258;-0.0056;0.0032;-0.0196;-0.0088;-0.0627;0.1811
1250.0;0.5014;0.5000;-9.9030;-10.3375;99;26;-0.0476;-0.0056;0.0032;-0.0186;-0.0088;-0.0627;0.1811
1250.5;0.5005;0.5000;-9.9485;-10.3615;97;26;-0.0427;-0.0026;0.0032;-0.0176;-0.0088;-0.0627;0.1811
1251.0;0.4995;0.5000;-9.9800;-10.3840;99;28;0.0354;0.0003;0.0032;-0.0176;-0.0088;-0.0627;0.1811
1251.5;0.4986;0.5000;-10.0310;-10.4050;99;28;-0.1184;0.0018;0.0032;-0.0166;-0.0088;-0.0588;0.1811
1252.0;0.4977;0.5000;-10.0630;-10.4250;99;30;0.0379;0.0047;0.0032;-0.0156;-0.0098;-0.0588;0.1811
1252.5;0.4963;0.5000;-10.1285;-10.4440;99;32;-0.0379;0.0076;0.0032;-0.0137;-0.0098;-0.0588;0.1811
1253.0;0.4954;0.5000;-10.1905;-10.4615;99;32;-0.0354;0.0091;0.0032;-0.0117;-0.0098;-0.0588;0.1811
1253.5;0.4940;0.5000;-10.2755;-10.4705;97;36;0.0452;0.0135;0.0032;-0.0088;-0.0098;-0.0510;0.1811
1254.0;0.4936;0.5000;-10.3650;-10.4705;95;40;-0.0305;0.0149;0.0032;-0.0049;-0.0098;-0.0431;0.1811
1254.5;0.4940;0.5000;-10.4325;-10.4705;93;40;-0.0183;0.0135;0.0032;-0.0020;-0.0098;-0.0431;0.1811
1255.0;0.4936;0.5000;-10.5220;-10.4705;93;40;0.0574;0.0149;0.0032;0.0020;-0.0098;-0.0431;0.1811
1255.5;0.4936;0.5000;-10.5805;-10.4705;93;40;-0.1111;0.0149;0.0032;0.0039;-0.0098;-0.0431;0.1811
1256.0;0.4936;0.5000;-10.6440;-10.4705;91;40;-0.0085;0.0149;0.0032;0.0068;-0.0098;-0.0431;0.1811
1256.5;0.4945;0.5000;-10.6635;-10.4705;91;40;-0.0305;0.0135;0.0032;0.0078;-0.0098;-0.0431;0.1811
1257.0;0.4945;0.5000;-10.6810;-10.4705;89;38;-0.0183;0.0120;0.0032;0.0088;-0.0098;-0.0431;0.1811
1257.5;0.4945;0.5000;-10.6850;-10.4705;89;38;0.0598;0.0120;0.0032;0.0088;-0.0098;-0.0431;0.1811
1258.0;0.4945;0.5000;-10.6935;-10.4705;89;38;-0.0965;0.0135;0.0032;0.0088;-0.0088;-0.0431;0.1811
1258.5;0.4940;0.5000;-10.6995;-10.4705;89;38;0.0623;0.0135;0.0032;0.0088;-0.0088;-0.0431;0.1811
1259.0;0.4936;0.5000;-10.6935;-10.4705;89;40;0.0598;0.0149;0.0032;0.0088;-0.0088;-0.0431;0.1811
1259.5;0.4936;0.5000;-10.7035;-10.4705;89;40;-0.0110;0.0149;0.0032;0.0098;-0.0088;-0.0431;0.1811
1260.0;0.4931;0.5000;-10.6845;-10.4705;89;40;-0.0232;0.0149;0.0047;0.0088;-0.0088;-0.0431;0.1811
1260.5;0.4922;0.5000;-10.6865;-10.4705;91;40;-0.0110;0.0179;0.0047;0.0088;-0.0088;-0.0431;0.1811
1261.0;0.4922;0.5000;-10.6850;-10.4705;91;40;-0.0281;0.0179;0.0047;0.0088;-0.0088;-0.0431;0.1811
1261.5;0.4918;0.5000;-10.6810;-10.4705;91;40;0.0598;0.0193;0.0047;0.0088;-0.0088;-0.0431;0.1811
1262.0;0.4913;0.5000;-10.6700;-10.4705;91;42;0.0598;0.0208;0.0047;0.0078;-0.0088;-0.0431;0.1811
1262.5;0.4904;0.5000;-10.6600;-10.4705;91;42;-0.0183;0.0237;0.0047;0.0078;-0.0088;-0.0431;0.1811
1263.0;0.4890;0.5000;-10.6470;-10.4705;93;44;-0.0208;0.0252;0.0047;0.0068;-0.0088;-0.0431;0.1811
1263.5;0.4881;0.5000;-10.6395;-10.4705;93;44;0.0574;0.0281;0.0047;0.0068;-0.0088;-0.0431;0.1811
1264.0;0.4876;0.5000;-10.6415;-10.4705;95;46;-0.0183;0.0296;0.0047;0.0068;-0.0088;-0.0431;0.1811
1264.5;0.4867;0.5000;-10.6300;-10.4705;95;46;0.0574;0.0311;0.0047;0.0059;-0.0088;-0.0431;0.1811
1265.0;0.4867;0.5000;-10.6310;-10.4705;95;46;-0.0208;0.0311;0.0047;0.0059;-0.0088;-0.0431;0.1811
1265.5;0.4876;0.5000;-10.6270;-10.4705;93;44;-0.0208;0.0296;0.0047;0.0059;-0.0088;-0.0431;0.1811
1266.0;0.4876;0.5000;-10.6400;-10.4705;93;44;0.0574;0.0296;0.0047;0.0068;-0.0088;-0.0431;0.1811
1266.5;0.4886;0.5000;-10.6620;-10.4705;93;44;-0.0183;0.0281;0.0047;0.0078;-0.0088;-0.0431;0.1811
1267.0;0.4886;0.5000;-10.6745;-10.4705;91;42;-0.0989;0.0267;0.0062;0.0078;-0.0088;-0.0431;0.1811
1267.5;0.4895;0.5000;-10.6670;-10.4705;91;40;-0.0159;0.0252;0.0062;0.0078;-0.0088;-0.0431;0.1811
1268.0;0.4895;0.5000;-10.6555;-10.4705;91;40;0.0574;0.0252;0.0062;0.0068;-0.0088;-0.0431;0.1811
1268.5;0.4895;0.5000;-10.6380;-10.4705;91;40;0.0574;0.0252;0.0062;0.0068;-0.0088;-0.0431;0.1811
1269.0;0.4899;0.5000;-10.6145;-10.4705;91;40;-0.0208;0.0237;0.0062;0.0059;-0.0088;-0.0431;0.1811
1269.5;0.4904;0.5000;-10.5885;-10.4705;91;40;0.0598;0.0237;0.0062;0.0049;-0.0088;-0.0431;0.1811
1270.0;0.4908;0.5000;-10.5555;-10.4705;91;38;-0.0232;0.0208;0.0062;0.0029;-0.0088;-0.0431;0.1811
1270.5;0.4918;0.5000;-10.5245;-10.4705;91;36;-0.0256;0.0193;0.0062;0.0020;-0.0088;-0.0431;0.1811
1271.0;0.4931;0.5000;-10.4940;-10.4705;89;36;-0.0256;0.0164;0.0062;0.0010;-0.0088;-0.0431;0.1811
1271.5;0.4940;0.5000;-10.4785;-10.4705;89;34;-0.0256;0.0135;0.0062;-0.0000;-0.0088;-0.0431;0.1811
1272.0;0.4954;0.5000;-10.4835;-10.4705;87;32;-0.0256;0.0091;0.0062;-0.0000;-0.0088;-0.0431;0.1811
1272.5;0.4963;0.5000;-10.4915;-10.4705;87;32;-0.0256;0.0076;0.0062;-0.0000;-0.0088;-0.0431;0.1811
1273.0;0.4963;0.5000;-10.4985;-10.4705;87;34;0.0525;0.0076;0.0062;0.0010;-0.0088;-0.0431;0.1811
1273.5;0.4968;0.5000;-10.4985;-10.4705;87;32;-0.0183;0.0062;0.0062;0.0010;-0.0088;-0.0431;0.1811
1274.0;0.4963;0.5000;-10.4930;-10.4705;87;34;-0.1111;0.0076;0.0062;-0.0000;-0.0088;-0.0431;0.1811
1274.5;0.4973;0.5000;-10.4820;-10.4705;87;34;0.0598;0.0062;0.0062;-0.0000;-0.0088;-0.0431;0.1811
1275.0;0.4968;0.5000;-10.4790;-10.4705;87;34;-0.0330;0.0062;0.0062;-0.0000;-0.0078;-0.0431;0.1811
1275.5;0.4968;0.5000;-10.4730;-10.4705;87;34;-0.0256;0.0062;0.0062;-0.0000;-0.0078;-0.0431;0.1811
1276.0;0.4977;0.5000;-10.4900;-10.4705;87;34;-0.0256;0.0047;0.0062;-0.0000;-0.0078;-0.0431;0.1811
1276.5;0.4977;0.5000;-10.4980;-10.4705;87;34;-0.0232;0.0047;0.0062;0.0010;-0.0078;-0.0431;0.1811
1277.0;0.4973;0.5000;-10.5165;-10.4705;87;34;0.0525;0.0047;0.0062;0.0010;-0.0078;-0.0431;0.1811
1277.5;0.4977;0.5000;-10.5430;-10.4705;87;34;-0.0232;0.0047;0.0062;0.0029;-0.0078;-0.0431;0.1811
1278.0;0.4986;0.5000;-10.5575;-10.4705;87;34;-0.0183;0.0032;0.0062;0.0029;-0.0078;-0.0431;0.1811
1278.5;0.4986;0.5000;-10.5900;-10.4705;85;34;0.0598;0.0018;0.0062;0.0049;-0.0078;-0.0431;0.1811
1279.0;0.4991;0.5000;-10.6230;-10.4705;83;34;-0.0256;0.0003;0.0062;0.0059;-0.0078;-0.0431;0.1811
1279.5;0.5000;0.5000;-10.6580;-10.4705;83;34;-0.0134;-0.0012;0.0062;0.0078;-0.0078;-0.0431;0.1811
1280.0;0.5009;0.5000;-10.6800;-10.4705;83;34;-0.0256;-0.0041;0.0062;0.0088;-0.0078;-0.0431;0.1811
1280.5;0.5014;0.5000;-10.7190;-10.4705;81;34;0.0623;-0.0056;0.0062;0.0098;-0.0078;-0.0431;0.1811
1281.0;0.5014;0.5000;-10.7480;-10.4705;81;34;0.0623;-0.0056;0.0062;0.0108;-0.0078;-0.0431;0.1811
1281.5;0.5018;0.5000;-10.7845;-10.4705;81;34;-0.0159;-0.0056;0.0062;0.0127;-0.0078;-0.0431;0.1811
1282.0;0.5027;0.5000;-10.8080;-10.4705;81;34;-0.0134;-0.0085;0.0062;0.0137;-0.0078;-0.0431;0.1811
1282.5;0.5032;0.5000;-10.8400;-10.4705;79;34;-0.0134;-0.0100;0.0062;0.0147;-0.0078;-0.0431;0.1811
1283.0;0.5041;0.5000;-10.8605;-10.4705;79;32;-0.0037;-0.0114;0.0062;0.0156;-0.0078;-0.0431;0.1811
1283.5;0.5055;0.5000;-10.8750;-10.4705;77;32;-0.0183;-0.0144;0.0062;0.0166;-0.0078;-0.0431;0.1811
1284.0;0.5064;0.5000;-10.8745;-10.4705;77;32;-0.0037;-0.0173;0.0062;0.0166;-0.0078;-0.0431;0.1811
1284.5;0.5078;0.5000;-10.8670;-10.4705;75;30;-0.0208;-0.0202;0.0062;0.0166;-0.0078;-0.0431;0.1811
1285.0;0.5087;0.5000;-10.8610;-10.4705;75;30;-0.0134;-0.0231;0.0062;0.0156;-0.0078;-0.0431;0.1811
1285.5;0.5101;0.5000;-10.8390;-10.4705;75;28;-0.0134;-0.0261;0.0062;0.0147;-0.0068;-0.0431;0.1811
1286.0;0.5110;0.5000;-10.8225;-10.4705;73;26;-0.0134;-0.0290;0.0062;0.0147;-0.0068;-0.0431;0.1811
1286.5;0.5114;0.5000;-10.8095;-10.4705;75;26;-0.0940;-0.0305;0.0062;0.0137;-0.0068;-0.0431;0.1811
1287.0;0.5114;0.5000;-10.8050;-10.4705;75;28;0.0647;-0.0305;0.0062;0.0137;-0.0068;-0.0431;0.1811
1287.5;0.5119;0.5000;-10.7815;-10.4705;75;28;-0.0159;-0.0305;0.0062;0.0127;-0.0068;-0.0431;0.1811
1288.0;0.5124;0.5000;-10.7350;-10.4705;75;26;-0.0159;-0.0319;0.0062;0.0108;-0.0068;-0.0431;0.1811
1288.5;0.5128;0.5000;-10.6860;-10.4705;75;26;-0.0183;-0.0334;0.0047;0.0088;-0.0068;-0.0431;0.1811
1289.0;0.5137;0.5000;-10.6290;-10.4705;75;24;-0.0208;-0.0363;0.0047;0.0059;-0.0068;-0.0431;0.1811
1289.5;0.5142;0.5000;-10.5825;-10.4705;75;24;0.0574;-0.0363;0.0047;0.0039;-0.0068;-0.0431;0.1811
1290.0;0.5142;0.5000;-10.5485;-10.4705;77;24;-0.0232;-0.0378;0.0047;0.0029;-0.0068;-0.0431;0.1811
1290.5;0.5142;0.5000;-10.5165;-10.4705;77;24;-0.1013;-0.0363;0.0047;0.0010;-0.0068;-0.0431;0.1811
1291.0;0.5151;0.5000;-10.4875;-10.4705;77;24;0.0525;-0.0393;0.0047;-0.0000;-0.0068;-0.0431;0.1811
1291.5;0.5147;0.5000;-10.4690;-10.4705;77;24;-0.1038;-0.0378;0.0047;-0.0010;-0.0068;-0.0431;0.1811
1292.0;0.5137;0.5000;-10.4530;-10.4705;79;24;0.0623;-0.0363;0.0047;-0.0010;-0.0068;-0.0431;0.1811
1292.5;0.5133;0.5000;-10.4630;-10.4705;79;26;0.0476;-0.0334;0.0047;-0.0010;-0.0068;-0.0431;0.1811
1293.0;0.5119;0.5000;-10.4580;-10.4705;81;28;-0.0256;-0.0319;0.0047;-0.0010;-0.0068;-0.0431;0.1811
1293.5;0.5110;0.5000;-10.4800;-10.4705;81;30;0.0549;-0.0290;0.0032;-0.0000;-0.0068;-0.0431;0.1811
1294.0;0.5101;0.5000;-10.4885;-10.4705;83;30;-0.1111;-0.0261;0.0032;-0.0000;-0.0068;-0.0431;0.1811
1294.5;0.5092;0.5000;-10.4930;-10.4705;83;32;0.0549;-0.0231;0.0032;-0.0000;-0.0068;-0.0431;0.1811
1295.0;0.5078;0.5000;-10.4965;-10.4705;83;32;0.0525;-0.0217;0.0032;0.0010;-0.0068;-0.0431;0.1811
1295.5;0.5069;0.5000;-10.4970;-10.4705;85;34;0.0549;-0.0188;0.0032;0.0010;-0.0068;-0.0431;0.1811
1296.0;0.5064;0.5000;-10.5045;-10.4705;85;34;-0.0256;-0.0173;0.0032;0.0010;-0.0068;-0.0431;0.1811
1296.5;0.5064;0.5000;-10.4950;-10.4705;85;32;-0.0232;-0.0173;0.0032;0.0010;-0.0068;-0.0431;0.1811
1297.0;0.5069;0.5000;-10.5055;-10.4705;83;32;-0.0159;-0.0188;0.0032;0.0010;-0.0068;-0.0431;0.1811
1297.5;0.5069;0.5000;-10.4900;-10.4705;83;32;0.0452;-0.0188;0.0032;-0.0000;-0.0068;-0.0431;0.1811
1298.0;0.5060;0.5000;-10.4965;-10.4705;83;32;-0.0183;-0.0158;0.0032;0.0010;-0.0068;-0.0431;0.1811
1298.5;0.5050;0.5000;-10.4930;-10.4705;85;34;0.0452;-0.0129;0.0032;-0.0000;-0.0068;-0.0431;0.1811
1299.0;0.5037;0.5000;-10.5095;-10.4705;87;34;-0.0256;-0.0114;0.0032;0.0010;-0.0068;-0.0431;0.1811
1299.5;0.5027;0.5000;-10.5135;-10.4705;87;36;0.0549;-0.0085;0.0032;0.0010;-0.0068;-0.0431;0.1811
1300.0;0.5027;0.5000;-10.5215;-10.4705;87;36;-0.0256;-0.0085;0.0032;0.0020;-0.0068;-0.0431;0.1811
1300.5;0.5023;0.5000;-10.5200;-10.4705;87;36;0.0549;-0.0070;0.0032;0.0020;-0.0068;-0.0431;0.1811
1301.0;0.5023;0.5000;-10.5145;-10.4705;87;36;-0.0232;-0.0070;0.0032;0.0010;-0.0068;-0.0431;0.1811
1301.5;0.5027;0.5000;-10.5190;-10.4705;87;34;-0.0256;-0.0085;0.0032;0.0020;-0.0068;-0.0431;0.1811
1302.0;0.5027;0.5000;-10.5040;-10.4705;85;34;0.0549;-0.0085;0.0032;0.0010;-0.0068;-0.0431;0.1811
1302.5;0.5023;0.5000;-10.5105;-10.4705;85;34;0.0525;-0.0070;0.0032;0.0010;-0.0068;-0.0431;0.1811
1303.0;0.5018;0.5000;-10.5065;-10.4705;85;34;0.0525;-0.0056;0.0032;0.0010;-0.0068;-0.0431;0.1811
1303.5;0.5014;0.5000;-10.5260;-10.4705;85;36;-0.0232;-0.0041;0.0032;0.0020;-0.0068;-0.0431;0.1811
1304.0;0.5005;0.5000;-10.5280;-10.4705;85;36;0.0525;-0.0026;0.0032;0.0020;-0.0068;-0.0431;0.1811
1304.5;0.5005;0.5000;-10.5290;-10.4705;87;36;-0.0232;-0.0026;0.0032;0.0020;-0.0068;-0.0431;0.1811
1305.0;0.5000;0.5000;-10.5210;-10.4705;87;36;-0.0256;-0.0012;0.0032;0.0020;-0.0068;-0.0431;0.1811
1305.5;0.4991;0.5000;-10.5095;-10.4705;87;36;-0.0232;0.0018;0.0032;0.0010;-0.0068;-0.0431;0.1811
1306.0;0.4986;0.5000;-10.5110;-10.4705;87;38;0.1404;0.0018;0.0032;0.0010;-0.0068;-0.0431;0.1811
1306.5;0.4977;0.5000;-10.5145;-10.4705;89;38;-0.1013;0.0047;0.0032;0.0010;-0.0068;-0.0431;0.1811
1307.0;0.4973;0.5000;-10.5395;-10.4705;89;38;0.0427;0.0062;0.0032;0.0020;-0.0068;-0.0431;0.1811
1307.5;0.4973;0.5000;-10.5695;-10.4705;89;38;-0.0110;0.0062;0.0032;0.0039;-0.0068;-0.0431;0.1811
1308.0;0.4977;0.5000;-10.5855;-10.4705;87;38;-0.0330;0.0047;0.0032;0.0039;-0.0068;-0.0431;0.1811
1308.5;0.4986;0.5000;-10.6010;-10.4705;87;36;-0.0232;0.0018;0.0032;0.0049;-0.0068;-0.0431;0.1811
1309.0;0.4995;0.5000;-10.6215;-10.4705;85;36;-0.0208;0.0003;0.0032;0.0059;-0.0068;-0.0431;0.1811
1309.5;0.5000;0.5000;-10.6275;-10.4705;83;36;0.0574;-0.0012;0.0032;0.0059;-0.0068;-0.0431;0.1811
1310.0;0.5005;0.5000;-10.6350;-10.4705;83;34;-0.0208;-0.0026;0.0032;0.0068;-0.0068;-0.0431;0.1811
1310.5;0.5014;0.5000;-10.6340;-10.4690;81;34;-0.0208;-0.0056;0.0032;0.0068;-0.0068;-0.0431;0.1811
1311.0;0.5018;0.5000;-10.6135;-10.4665;81;32;-0.0916;-0.0056;0.0032;0.0059;-0.0068;-0.0431;0.1811
1311.5;0.5023;0.5000;-10.6020;-10.4630;81;32;-0.0281;-0.0070;0.0032;0.0049;-0.0059;-0.0392;0.1811
1312.0;0.5032;0.5000;-10.5740;-10.4580;81;32;-0.0134;-0.0100;0.0032;0.0039;-0.0059;-0.0392;0.1811
1312.5;0.5041;0.5000;-10.5615;-10.4515;79;30;-0.0305;-0.0114;0.0032;0.0039;-0.0059;-0.0392;0.1811
1313.0;0.5046;0.5000;-10.5550;-10.4440;79;30;-0.1013;-0.0129;0.0032;0.0039;-0.0059;-0.0392;0.1811
1313.5;0.5055;0.5000;-10.5460;-10.4355;79;30;-0.0232;-0.0144;0.0032;0.0039;-0.0059;-0.0353;0.1811
1314.0;0.5060;0.5000;-10.5425;-10.4255;77;30;-0.0232;-0.0173;0.0032;0.0049;-0.0059;-0.0353;0.1811
1314.5;0.5073;0.5000;-10.5305;-10.4140;77;30;-0.0232;-0.0188;0.0032;0.0049;-0.0059;-0.0353;0.1811
1315.0;0.5082;0.5000;-10.5380;-10.4015;75;28;-0.0232;-0.0217;0.0032;0.0049;-0.0059;-0.0353;0.1811
1315.5;0.5078;0.5000;-10.5305;-10.3880;75;30;-0.0208;-0.0202;0.0018;0.0059;-0.0059;-0.0314;0.1811
1316.0;0.5078;0.5000;-10.5285;-10.3730;77;30;-0.0256;-0.0217;0.0018;0.0059;-0.0059;-0.0314;0.1811
1316.5;0.5082;0.5000;-10.5240;-10.3565;75;30;-0.0232;-0.0217;0.0018;0.0068;-0.0059;-0.0314;0.1811
1317.0;0.5092;0.5000;-10.5280;-10.3390;75;30;-0.0232;-0.0231;0.0018;0.0078;-0.0059;-0.0275;0.1811
1317.5;0.5096;0.5000;-10.5340;-10.3205;73;30;-0.0256;-0.0261;0.0018;0.0088;-0.0059;-0.0275;0.1811
1318.0;0.5105;0.5000;-10.5560;-10.3005;73;30;-0.0232;-0.0275;0.0018;0.0098;-0.0059;-0.0275;0.1811
1318.5;0.5114;0.5000;-10.5775;-10.2790;71;30;-0.0232;-0.0305;0.0018;0.0117;-0.0059;-0.0275;0.1811
1319.0;0.5128;0.5000;-10.5920;-10.2565;69;30;-0.0989;-0.0334;0.0018;0.0137;-0.0059;-0.0235;0.1811
1319.5;0.5128;0.5000;-10.6035;-10.2330;69;32;-0.0208;-0.0334;0.0018;0.0147;-0.0059;-0.0235;0.1811
1320.0;0.5128;0.5000;-10.6075;-10.2080;69;32;-0.1013;-0.0334;0.0018;0.0166;-0.0059;-0.0235;0.1811
1320.5;0.5124;0.5000;-10.6185;-10.1815;69;34;0.0598;-0.0319;0.0018;0.0176;-0.0059;-0.0235;0.1811
1321.0;0.5114;0.5000;-10.6180;-10.1540;69;36;0.0574;-0.0305;0.0018;0.0186;-0.0059;-0.0196;0.1811
1321.5;0.5114;0.5000;-10.6005;-10.1250;69;36;-0.0989;-0.0290;0.0018;0.0196;-0.0049;-0.0196;0.1811
1322.0;0.5114;0.5000;-10.5510;-10.0955;69;36;-0.0256;-0.0305;0.0003;0.0186;-0.0049;-0.0196;0.1811
1322.5;0.5114;0.5000;-10.5080;-10.0640;69;36;-0.1013;-0.0290;0.0003;0.0186;-0.0049;-0.0157;0.1811
1323.0;0.5114;0.5000;-10.4420;-10.0315;69;36;-0.0281;-0.0305;0.0003;0.0166;-0.0049;-0.0157;0.1811
1323.5;0.5119;0.5000;-10.3895;-9.9980;69;36;-0.0281;-0.0319;0.0003;0.0156;-0.0049;-0.0157;0.1811
1324.0;0.5119;0.5000;-10.3230;-9.9630;69;36;0.0452;-0.0319;0.0003;0.0147;-0.0049;-0.0157;0.1811
1324.5;0.5124;0.5000;-10.2430;-9.9265;69;36;-0.0330;-0.0319;0.0003;0.0127;-0.0049;-0.0118;0.1811
1325.0;0.5119;0.5000;-10.1845;-9.8890;69;36;0.0501;-0.0319;0.0003;0.0117;-0.0049;-0.0118;0.1811
1325.5;0.5110;0.5000;-10.1130;-9.8505;69;36;-0.0452;-0.0290;0.0003;0.0108;-0.0049;-0.0118;0.1811
1326.0;0.5096;0.5000;-10.0630;-9.8105;71;38;0.0452;-0.0246;0.0003;0.0098;-0.0049;-0.0078;0.1811
1326.5;0.5082;0.5000;-10.0130;-9.7690;71;40;0.0281;-0.0217;0.0003;0.0098;-0.0049;-0.0078;0.1811
1327.0;0.5073;0.5000;-9.9960;-9.7265;73;44;0.0354;-0.0202;0.0003;0.0108;-0.0049;-0.0078;0.1811
1327.5;0.5064;0.5000;-9.9615;-9.6830;73;44;-0.0427;-0.0173;0.0003;0.0108;-0.0049;-0.0039;0.1811
1328.0;0.5050;0.5000;-9.9275;-9.6380;73;46;0.0330;-0.0144;0.0003;0.0117;-0.0049;-0.0039;0.1811
1328.5;0.5055;0.5000;-9.8940;-9.5915;73;46;-0.1258;-0.0144;0.0003;0.0117;-0.0039;-0.0039;0.1811
1329.0;0.5055;0.5000;-9.8525;-9.5440;73;44;-0.1258;-0.0144;0.0003;0.0127;-0.0039;-0.0039;0.1811
1329.5;0.5041;0.5000;-9.8160;-9.4955;73;46;0.0330;-0.0114;0.0003;0.0127;-0.0039;0.0000;0.1811
1330.0;0.5032;0.5000;-9.7550;-9.4455;73;48;0.0305;-0.0100;0.0003;0.0127;-0.0039;0.0000;0.1811
1330.5;0.5023;0.5000;-9.7205;-9.3940;73;48;0.0208;-0.0070;0.0003;0.0137;-0.0039;0.0000;0.1811
1331.0;0.5014;0.5000;-9.6655;-9.3415;73;50;-0.0476;-0.0041;0.0003;0.0127;-0.0039;0.0039;0.1811
1331.5;0.4995;0.5000;-9.6160;-9.2880;73;52;0.0965;0.0003;0.0003;0.0137;-0.0039;0.0039;0.1811
1332.0;0.4986;0.5000;-9.5590;-9.2330;75;52;-0.0574;0.0018;0.0003;0.0137;-0.0039;0.0039;0.1811
1332.5;0.4982;0.5000;-9.5165;-9.1765;75;54;0.0208;0.0032;0.0003;0.0137;-0.0039;0.0078;0.1811
1333.0;0.4973;0.5000;-9.4630;-9.1190;73;54;0.0159;0.0047;0.0003;0.0137;-0.0039;0.0078;0.1811
1333.5;0.4973;0.5000;-9.4040;-9.0605;73;54;0.0940;0.0062;0.0003;0.0137;-0.0039;0.0078;0.1811
1334.0;0.4968;0.5000;-9.3605;-9.0000;73;56;0.0134;0.0062;0.0003;0.0147;-0.0039;0.0118;0.1811
1334.5;0.4973;0.5000;-9.3240;-8.9390;71;56;0.0965;0.0062;0.0003;0.0156;-0.0039;0.0118;0.1811
1335.0;0.4968;0.5000;-9.3180;-8.8765;69;56;-0.0720;0.0062;0.0003;0.0176;-0.0039;0.0118;0.1811
1335.5;0.4973;0.5000;-9.2820;-8.8125;67;56;0.0183;0.0047;0.0003;0.0196;-0.0029;0.0157;0.1811
1336.0;0.4973;0.5000;-9.2590;-8.7480;67;58;0.1575;0.0047;0.0003;0.0205;-0.0029;0.0157;0.1811
1336.5;0.4973;0.5000;-9.2065;-8.6815;65;58;0.0085;0.0062;0.0003;0.0215;-0.0029;0.0157;0.1811
1337.0;0.4959;0.5000;-9.1445;-8.6140;67;60;0.0842;0.0091;0.0003;0.0215;-0.0029;0.0157;0.1811
1337.5;0.4950;0.5000;-9.0360;-8.5450;67;60;0.0012;0.0105;0.0003;0.0205;-0.0029;0.0196;0.1811
1338.0;0.4940;0.5000;-8.9105;-8.4755;69;62;0.0769;0.0135;0.0003;0.0176;-0.0029;0.0196;0.1811
1338.5;0.4927;0.5000;-8.7515;-8.4040;69;62;0.0696;0.0179;0.0003;0.0137;-0.0029;0.0196;0.1811
1339.0;0.4913;0.5000;-8.5540;-8.3315;73;62;-0.0134;0.0208;0.0003;0.0088;-0.0029;0.0235;0.1811
1339.5;0.4904;0.5000;-8.3840;-8.2580;73;62;-0.0989;0.0237;0.0003;0.0049;-0.0029;0.0235;0.1811
1340.0;0.4890;0.5000;-8.2340;-8.1830;75;62;0.1282;0.0252;0.0003;0.0020;-0.0029;0.0235;0.1811
1340.5;0.4876;0.5000;-8.1305;-8.1080;75;64;0.0501;0.0296;0.0003;-0.0000;-0.0029;0.0275;0.1811
1341.0;0.4858;0.5000;-8.0305;-8.0330;77;65;0.0452;0.0340;0.0003;-0.0010;-0.0029;0.0275;0.1811
1341.5;0.4849;0.5000;-7.9650;-7.9580;77;65;0.0427;0.0369;0.0003;-0.0000;-0.0029;0.0275;0.1811
1342.0;0.4844;0.5000;-7.8895;-7.8830;77;67;0.0403;0.0384;0.0003;-0.0000;-0.0029;0.0275;0.1811
1342.5;0.4835;0.5000;-7.8205;-7.8080;77;67;0.1160;0.0398;0.0018;-0.0000;-0.0029;0.0275;0.1811
1343.0;0.4831;0.5000;-7.7700;-7.7330;77;67;-0.0427;0.0413;0.0018;0.0010;-0.0029;0.0275;0.1811
1343.5;0.4826;0.5000;-7.7065;-7.6580;77;67;-0.0379;0.0428;0.0018;0.0020;-0.0029;0.0275;0.1811
1344.0;0.4821;0.5000;-7.6270;-7.5830;77;67;0.0281;0.0442;0.0018;0.0010;-0.0029;0.0275;0.1811
1344.5;0.4817;0.5000;-7.5100;-7.5080;77;67;0.1038;0.0442;0.0018;-0.0000;-0.0029;0.0275;0.1811
1345.0;0.4812;0.5000;-7.3950;-7.4330;77;67;-0.0549;0.0457;0.0018;-0.0020;-0.0029;0.0275;0.1811
1345.5;0.4808;0.5000;-7.2850;-7.3580;77;67;0.0940;0.0472;0.0018;-0.0039;-0.0029;0.0275;0.1811
1346.0;0.4808;0.5000;-7.2060;-7.2830;77;67;0.0159;0.0457;0.0018;-0.0039;-0.0029;0.0275;0.1811
1346.5;0.4817;0.5000;-7.1075;-7.2080;75;65;0.0134;0.0442;0.0018;-0.0049;-0.0029;0.0275;0.1811
1347.0;0.4821;0.5000;-7.0310;-7.1330;75;65;0.0891;0.0428;0.0032;-0.0049;-0.0029;0.0314;0.1811
1347.5;0.4821;0.5000;-6.9685;-7.0580;73;65;0.0867;0.0428;0.0032;-0.0039;-0.0029;0.0314;0.1811
1348.0;0.4831;0.5000;-6.9215;-6.9830;73;65;0.0061;0.0413;0.0032;-0.0029;-0.0029;0.0314;0.1811
1348.5;0.4840;0.5000;-6.9070;-6.9080;71;65;0.0110;0.0384;0.0032;-0.0010;-0.0029;0.0314;0.1811
1349.0;0.4853;0.5000;-6.8750;-6.8330;69;64;0.0012;0.0355;0.0032;0.0010;-0.0029;0.0314;0.1811
1349.5;0.4867;0.5000;-6.8605;-6.7580;67;64;0.0037;0.0325;0.0032;0.0039;-0.0029;0.0314;0.1811
1350.0;0.4881;0.5000;-6.7955;-6.6830;65;62;-0.0012;0.0281;0.0032;0.0039;-0.0029;0.0314;0.1811
1350.5;0.4895;0.5000;-6.7510;-6.6080;64;62;0.0012;0.0237;0.0032;0.0059;-0.0029;0.0314;0.1811
1351.0;0.4904;0.5000;-6.6955;-6.5330;62;60;0.0769;0.0223;0.0032;0.0059;-0.0029;0.0314;0.1811
1351.5;0.4908;0.5000;-6.6515;-6.4580;62;62;0.0745;0.0208;0.0032;0.0078;-0.0029;0.0314;0.1811
1352.0;0.4922;0.5000;-6.5800;-6.3830;62;62;0.0720;0.0179;0.0032;0.0078;-0.0029;0.0314;0.1811
1352.5;0.4931;0.5000;-6.4815;-6.3080;60;60;0.0696;0.0149;0.0047;0.0068;-0.0029;0.0314;0.1811
1353.0;0.4936;0.5000;-6.3980;-6.2330;60;60;0.0672;0.0149;0.0047;0.0068;-0.0029;0.0314;0.1811
1353.5;0.4936;0.5000;-6.3330;-6.1580;60;62;0.0647;0.0149;0.0047;0.0068;-0.0020;0.0353;0.1811
1354.0;0.4931;0.5000;-6.3035;-6.0830;60;62;0.0623;0.0149;0.0047;0.0088;-0.0020;0.0353;0.1811
1354.5;0.4945;0.5000;-6.2185;-6.0080;60;62;0.0598;0.0135;0.0047;0.0088;-0.0020;0.0353;0.1811
1355.0;0.4950;0.5000;-6.1615;-5.9330;60;62;0.0574;0.0120;0.0047;0.0088;-0.0020;0.0353;0.1811
1355.5;0.4950;0.5000;-6.0370;-5.8580;60;62;0.0549;0.0120;0.0047;0.0068;-0.0020;0.0353;0.1811
1356.0;0.4954;0.5000;-5.9305;-5.7830;60;62;-0.0281;0.0105;0.0047;0.0059;-0.0020;0.0353;0.1811
1356.5;0.4954;0.5000;-5.8120;-5.7080;60;62;0.0476;0.0105;0.0047;0.0039;-0.0020;0.0353;0.1811
1357.0;0.4945;0.5000;-5.7330;-5.6330;62;64;0.1209;0.0120;0.0047;0.0039;-0.0020;0.0353;0.1811
1357.5;0.4936;0.5000;-5.6300;-5.5580;62;64;0.0452;0.0149;0.0047;0.0029;-0.0020;0.0353;0.1811
1358.0;0.4936;0.5000;-5.4905;-5.4830;64;64;-0.0427;0.0149;0.0047;-0.0000;-0.0020;0.0353;0.1811
1358.5;0.4940;0.5000;-5.3940;-5.4080;64;64;0.1038;0.0135;0.0047;-0.0010;-0.0020;0.0353;0.1811
1359.0;0.4950;0.5000;-5.2930;-5.3330;64;62;-0.0452;0.0120;0.0047;-0.0020;-0.0020;0.0353;0.1811
1359.5;0.4950;0.5000;-5.2440;-5.2580;62;62;0.0208;0.0105;0.0047;-0.0010;-0.0020;0.0353;0.1811
1360.0;0.4959;0.5000;-5.1575;-5.1830;62;62;0.1013;0.0091;0.0047;-0.0020;-0.0020;0.0392;0.1811
1360.5;0.4968;0.5000;-5.1035;-5.1080;60;62;-0.0574;0.0062;0.0047;-0.0010;-0.0020;0.0392;0.1811
1361.0;0.4973;0.5000;-4.9970;-5.0330;60;62;-0.0623;0.0062;0.0047;-0.0020;-0.0020;0.0392;0.1811
1361.5;0.4977;0.5000;-4.9260;-4.9580;60;62;0.0940;0.0047;0.0047;-0.0020;-0.0020;0.0392;0.1811
1362.0;0.4973;0.5000;-4.8490;-4.8830;60;62;0.0891;0.0047;0.0047;-0.0020;-0.0020;0.0392;0.1811
1362.5;0.4973;0.5000;-4.7820;-4.8080;60;62;0.0916;0.0047;0.0047;-0.0020;-0.0020;0.0392;0.1811
1363.0;0.4973;0.5000;-4.6820;-4.7330;60;64;0.0037;0.0062;0.0047;-0.0029;-0.0020;0.0392;0.1811
1363.5;0.4977;0.5000;-4.5620;-4.6580;60;62;0.0842;0.0047;0.0047;-0.0049;-0.0020;0.0392;0.1811
1364.0;0.4977;0.5000;-4.4735;-4.5830;60;62;-0.0037;0.0047;0.0047;-0.0049;-0.0020;0.0392;0.1811
1364.5;0.4982;0.5000;-4.3755;-4.5080;60;62;0.0745;0.0032;0.0047;-0.0059;-0.0020;0.0392;0.1811
1365.0;0.4982;0.5000;-4.3210;-4.4330;60;62;0.0720;0.0032;0.0047;-0.0049;-0.0020;0.0392;0.1811
1365.5;0.4977;0.5000;-4.2410;-4.3580;60;62;-0.0085;0.0047;0.0047;-0.0059;-0.0020;0.0392;0.1811
1366.0;0.4982;0.5000;-4.1985;-4.2830;58;64;0.0672;0.0032;0.0047;-0.0039;-0.0020;0.0392;0.1811
1366.5;0.4982;0.5000;-4.1155;-4.2080;60;64;-0.0134;0.0032;0.0047;-0.0039;-0.0020;0.0431;0.1811
1367.0;0.4986;0.5000;-4.0435;-4.1330;58;64;0.0623;0.0032;0.0047;-0.0039;-0.0020;0.0431;0.1811
1367.5;0.4991;0.5000;-3.9785;-4.0580;58;64;0.0574;0.0003;0.0047;-0.0039;-0.0020;0.0431;0.1811
1368.0;0.4995;0.5000;-3.8980;-3.9830;58;62;-0.0208;0.0003;0.0047;-0.0039;-0.0020;0.0431;0.1811
1368.5;0.4991;0.5000;-3.8120;-3.9080;58;64;0.1331;0.0003;0.0047;-0.0049;-0.0029;0.0431;0.1811
1369.0;0.4995;0.5000;-3.7250;-3.8330;56;64;0.0501;-0.0012;0.0047;-0.0049;-0.0029;0.0431;0.1811
1369.5;0.5005;0.5000;-3.6555;-3.7580;56;64;-0.0305;-0.0026;0.0047;-0.0049;-0.0029;0.0431;0.1811
1370.0;0.5005;0.5000;-3.5665;-3.6830;56;62;-0.0330;-0.0026;0.0047;-0.0059;-0.0029;0.0431;0.1811
1370.5;0.5005;0.5000;-3.5120;-3.6080;56;64;0.1209;-0.0026;0.0047;-0.0049;-0.0029;0.0431;0.1811
1371.0;0.5000;0.5000;-3.4255;-3.5330;56;64;0.0403;-0.0012;0.0047;-0.0049;-0.0029;0.0431;0.1811
1371.5;0.4995;0.5000;-3.3585;-3.4580;58;64;-0.1184;0.0003;0.0047;-0.0049;-0.0029;0.0431;0.1811
1372.0;0.4982;0.5000;-3.2675;-3.3830;58;65;0.0354;0.0032;0.0047;-0.0049;-0.0029;0.0431;0.1811
1372.5;0.4977;0.5000;-3.1870;-3.3080;60;67;0.0330;0.0047;0.0047;-0.0059;-0.0029;0.0431;0.1811
1373.0;0.4977;0.5000;-3.1080;-3.2330;60;67;0.0305;0.0047;0.0047;-0.0059;-0.0029;0.0471;0.1811
1373.5;0.4982;0.5000;-3.0280;-3.1580;58;65;0.0256;0.0032;0.0047;-0.0059;-0.0029;0.0471;0.1811
1374.0;0.4977;0.5000;-2.9370;-3.0830;58;65;0.0232;0.0047;0.0047;-0.0068;-0.0029;0.0471;0.1811
1374.5;0.4968;0.5000;-2.8415;-3.0080;60;67;-0.0574;0.0062;0.0047;-0.0078;-0.0029;0.0471;0.1811
1375.0;0.4968;0.5000;-2.7565;-2.9330;60;65;-0.1404;0.0062;0.0047;-0.0078;-0.0029;0.0471;0.1811
1375.5;0.4973;0.5000;-2.6665;-2.8580;60;65;0.0134;0.0047;0.0047;-0.0088;-0.0029;0.0471;0.1811
1376.0;0.4973;0.5000;-2.5985;-2.7830;58;65;0.0891;0.0047;0.0047;-0.0078;-0.0029;0.0471;0.1811
1376.5;0.4977;0.5000;-2.5020;-2.7080;58;65;0.0110;0.0047;0.0047;-0.0088;-0.0029;0.0471;0.1811
1377.0;0.4986;0.5000;-2.4220;-2.6330;58;65;0.0037;0.0018;0.0047;-0.0098;-0.0029;0.0471;0.1811
1377.5;0.4995;0.5000;-2.3350;-2.5580;56;64;0.0037;0.0003;0.0047;-0.0098;-0.0029;0.0471;0.1811
1378.0;0.5000;0.5000;-2.2690;-2.4830;56;64;0.0769;-0.0012;0.0047;-0.0098;-0.0029;0.0471;0.1811
1378.5;0.5009;0.5000;-2.2030;-2.4080;54;64;-0.0012;-0.0026;0.0047;-0.0088;-0.0029;0.0471;0.1811
1379.0;0.5018;0.5000;-2.1395;-2.3330;54;64;-0.0061;-0.0056;0.0047;-0.0088;-0.0029;0.0471;0.1811
1379.5;0.5018;0.5000;-2.0690;-2.2580;52;64;0.0720;-0.0070;0.0047;-0.0088;-0.0029;0.0471;0.1811
1380.0;0.5018;0.5000;-1.9935;-2.1830;52;64;0.0696;-0.0056;0.0047;-0.0088;-0.0029;0.0510;0.1811
1380.5;0.5023;0.5000;-1.9180;-2.1090;52;64;-0.0110;-0.0070;0.0047;-0.0088;-0.0029;0.0471;0.1811
1381.0;0.5014;0.5000;-1.8225;-2.0365;54;64;-0.0159;-0.0056;0.0047;-0.0098;-0.0029;0.0471;0.1811
1381.5;0.5014;0.5000;-1.7515;-1.9655;54;64;-0.0183;-0.0041;0.0047;-0.0098;-0.0029;0.0471;0.1811
1382.0;0.5005;0.5000;-1.6495;-1.8955;56;64;-0.0232;-0.0026;0.0047;-0.0108;-0.0029;0.0471;0.1811
1382.5;0.5000;0.5000;-1.5480;-1.8265;58;64;-0.0232;-0.0012;0.0047;-0.0117;-0.0039;0.0471;0.1811
1383.0;0.4995;0.5000;-1.4500;-1.7590;58;65;0.0476;0.0003;0.0047;-0.0137;-0.0039;0.0431;0.1811
1383.5;0.4995;0.5000;-1.3695;-1.6930;58;64;-0.0305;-0.0012;0.0047;-0.0137;-0.0039;0.0431;0.1811
1384.0;0.4995;0.5000;-1.2980;-1.6280;58;65;0.0452;0.0003;0.0047;-0.0147;-0.0039;0.0431;0.1811
1384.5;0.5000;0.5000;-1.2125;-1.5640;58;64;-0.0379;-0.0012;0.0047;-0.0156;-0.0039;0.0431;0.1811
1385.0;0.5005;0.5000;-1.1620;-1.5015;58;64;-0.0379;-0.0026;0.0047;-0.0147;-0.0039;0.0431;0.1811
1385.5;0.5005;0.5000;-1.0870;-1.4405;58;64;0.0379;-0.0026;0.0047;-0.0156;-0.0039;0.0431;0.1811
1386.0;0.5005;0.5000;-1.0385;-1.3805;58;64;0.0354;-0.0026;0.0047;-0.0147;-0.0039;0.0392;0.1811
1386.5;0.5000;0.5000;-0.9810;-1.3215;58;64;0.0330;-0.0012;0.0047;-0.0147;-0.0039;0.0392;0.1811
1387.0;0.4995;0.5000;-0.9495;-1.2640;58;64;0.0330;0.0003;0.0047;-0.0137;-0.0039;0.0392;0.1811
1387.5;0.4995;0.5000;-0.9010;-1.2080;58;64;-0.0476;0.0003;0.0047;-0.0137;-0.0039;0.0392;0.1811
1388.0;0.4995;0.5000;-0.8730;-1.1530;58;65;0.0281;0.0003;0.0047;-0.0127;-0.0039;0.0392;0.1811
1388.5;0.4991;0.5000;-0.8330;-1.0990;58;65;0.0281;0.0018;0.0047;-0.0117;-0.0039;0.0353;0.1811
1389.0;0.5000;0.5000;-0.8020;-1.0465;58;64;0.0256;-0.0012;0.0047;-0.0108;-0.0039;0.0353;0.1811
1389.5;0.5000;0.5000;-0.7725;-0.9955;56;64;0.0256;-0.0012;0.0047;-0.0098;-0.0039;0.0353;0.1811
1390.0;0.5000;0.5000;-0.7310;-0.9455;56;64;0.0232;-0.0012;0.0047;-0.0098;-0.0049;0.0353;0.1811
1390.5;0.4995;0.5000;-0.6925;-0.8965;56;64;0.0232;-0.0012;0.0047;-0.0088;-0.0049;0.0353;0.1811
1391.0;0.4991;0.5000;-0.6505;-0.8490;58;65;0.0208;0.0003;0.0047;-0.0088;-0.0049;0.0314;0.1811
1391.5;0.4986;0.5000;-0.6155;-0.8030;58;65;0.0989;0.0018;0.0047;-0.0088;-0.0049;0.0314;0.1811
1392.0;0.4982;0.5000;-0.5660;-0.7580;60;65;0.0183;0.0032;0.0047;-0.0088;-0.0049;0.0314;0.1811
1392.5;0.4968;0.5000;-0.5145;-0.7140;60;67;0.0940;0.0076;0.0047;-0.0088;-0.0049;0.0314;0.1811
1393.0;0.4959;0.5000;-0.4630;-0.6715;62;67;-0.0623;0.0091;0.0047;-0.0088;-0.0049;0.0275;0.1811
1393.5;0.4963;0.5000;-0.4140;-0.6305;62;67;0.0916;0.0076;0.0047;-0.0098;-0.0049;0.0275;0.1811
1394.0;0.4959;0.5000;-0.3665;-0.5905;62;67;0.0110;0.0091;0.0047;-0.0098;-0.0049;0.0275;0.1811
1394.5;0.4954;0.5000;-0.3065;-0.5515;62;67;0.0085;0.0091;0.0047;-0.0108;-0.0049;0.0275;0.1811
1395.0;0.4959;0.5000;-0.2510;-0.5140;62;65;-0.0696;0.0091;0.0047;-0.0117;-0.0049;0.0275;0.1811
1395.5;0.4954;0.5000;-0.1880;-0.4780;62;65;0.0061;0.0091;0.0062;-0.0127;-0.0049;0.0235;0.1811
1396.0;0.4954;0.5000;-0.1375;-0.4430;62;65;0.0037;0.0105;0.0062;-0.0137;-0.0049;0.0235;0.1811
1396.5;0.4954;0.5000;-0.0790;-0.4090;64;64;-0.0769;0.0105;0.0062;-0.0147;-0.0049;0.0235;0.1811
1397.0;0.4950;0.5000;-0.0340;-0.3765;64;65;0.0794;0.0120;0.0062;-0.0147;-0.0049;0.0235;0.1811
1397.5;0.4950;0.5000;0.0040;-0.3455;64;65;0.0769;0.0120;0.0062;-0.0156;-0.0049;0.0235;0.1811
1398.0;0.4945;0.5000;0.0270;-0.3155;64;65;-0.0012;0.0120;0.0062;-0.0147;-0.0049;0.0196;0.1811
1398.5;0.4940;0.5000;0.0540;-0.2865;64;65;-0.0037;0.0135;0.0062;-0.0147;-0.0049;0.0196;0.1811
1399.0;0.4945;0.5000;0.0705;-0.2590;64;65;0.0745;0.0135;0.0062;-0.0147;-0.0059;0.0196;0.1811
1399.5;0.4940;0.5000;0.0815;-0.2330;64;65;-0.0037;0.0135;0.0062;-0.0137;-0.0059;0.0196;0.1811
1400.0;0.4940;0.5000;0.0950;-0.2080;64;65;-0.0037;0.0135;0.0062;-0.0137;-0.0059;0.0157;0.1811
1400.5;0.4940;0.5000;0.1095;-0.1840;64;65;0.0720;0.0135;0.0062;-0.0127;-0.0059;0.0157;0.1811
1401.0;0.4950;0.5000;0.1255;-0.1615;64;64;-0.0842;0.0120;0.0062;-0.0127;-0.0059;0.0157;0.1811
1401.5;0.4950;0.5000;0.1415;-0.1405;64;64;-0.0061;0.0105;0.0062;-0.0127;-0.0059;0.0157;0.1811
1402.0;0.4954;0.5000;0.1550;-0.1205;62;64;0.0720;0.0091;0.0062;-0.0117;-0.0059;0.0118;0.1811
1402.5;0.4959;0.5000;0.1700;-0.1015;62;62;-0.0061;0.0091;0.0062;-0.0117;-0.0059;0.0118;0.1811
1403.0;0.4959;0.5000;0.1900;-0.0840;64;62;-0.0085;0.0091;0.0062;-0.0117;-0.0059;0.0118;0.1811
1403.5;0.4959;0.5000;0.2030;-0.0680;64;62;-0.0867;0.0091;0.0062;-0.0117;-0.0059;0.0118;0.1811
1404.0;0.4959;0.5000;0.2210;-0.0530;64;62;-0.0085;0.0091;0.0062;-0.0117;-0.0059;0.0118;0.1811
1404.5;0.4959;0.5000;0.2320;-0.0390;64;62;-0.0085;0.0091;0.0062;-0.0117;-0.0059;0.0078;0.1811
1405.0;0.4963;0.5000;0.2330;-0.0265;64;62;0.0696;0.0076;0.0062;-0.0117;-0.0059;0.0078;0.1811
1405.5;0.4963;0.5000;0.2350;-0.0155;64;62;-0.0085;0.0091;0.0062;-0.0108;-0.0059;0.0078;0.1811
1406.0;0.4973;0.5000;0.2215;-0.0055;64;60;-0.0085;0.0062;0.0062;-0.0098;-0.0059;0.0078;0.1811
1406.5;0.4977;0.5000;0.2120;0.0000;64;60;-0.0085;0.0047;0.0062;-0.0098;-0.0059;0.0039;0.1811
1407.0;0.4986;0.5000;0.1900;0.0000;62;58;0.0696;0.0018;0.0062;-0.0088;-0.0059;0.0000;0.1811
1407.5;0.4982;0.5000;0.1635;0.0000;62;60;0.0720;0.0032;0.0062;-0.0078;-0.0059;0.0000;0.1811
1408.0;0.4982;0.5000;0.1335;0.0000;62;60;-0.0842;0.0032;0.0062;-0.0059;-0.0068;0.0000;0.1811
1408.5;0.4991;0.5000;0.1135;0.0000;62;60;0.0720;0.0018;0.0062;-0.0049;-0.0068;0.0000;0.1811
1409.0;0.4991;0.5000;0.0885;0.0000;62;60;-0.0037;0.0018;0.0062;-0.0039;-0.0068;0.0000;0.1811
1409.5;0.4991;0.5000;0.0660;0.0000;62;60;0.0745;0.0003;0.0062;-0.0029;-0.0068;0.0000;0.1811
1410.0;0.4995;0.5000;0.0575;0.0000;62;60;-0.0037;0.0003;0.0062;-0.0029;-0.0068;0.0000;0.1811
1410.5;0.4991;0.5000;0.0315;0.0000;62;60;-0.0012;0.0003;0.0062;-0.0020;-0.0068;0.0000;0.1811
1411.0;0.5005;0.5000;0.0365;0.0000;60;60;-0.0012;-0.0012;0.0062;-0.0020;-0.0068;0.0000;0.1811
1411.5;0.5009;0.5000;0.0245;0.0000;60;58;-0.0012;-0.0026;0.0062;-0.0020;-0.0068;0.0000;0.1811
1412.0;0.5014;0.5000;0.0295;0.0000;60;58;0.0769;-0.0056;0.0062;-0.0020;-0.0068;0.0000;0.1811
1412.5;0.5018;0.5000;0.0390;0.0000;60;58;-0.0037;-0.0056;0.0062;-0.0020;-0.0068;0.0000;0.1811
1413.0;0.5023;0.5000;0.0460;0.0000;60;58;0.0745;-0.0070;0.0062;-0.0020;-0.0068;0.0000;0.1811
1413.5;0.5032;0.5000;0.0510;0.0000;60;58;-0.0818;-0.0085;0.0062;-0.0029;-0.0068;0.0000;0.1811
1414.0;0.5037;0.5000;0.0580;0.0000;60;58;-0.0037;-0.0085;0.0062;-0.0029;-0.0068;0.0000;0.1811
1414.5;0.5041;0.5000;0.0665;0.0000;60;58;0.0745;-0.0100;0.0062;-0.0029;-0.0068;0.0000;0.1811
1415.0;0.5055;0.5000;0.0670;0.0000;58;56;-0.0037;-0.0144;0.0062;-0.0029;-0.0068;0.0000;0.1811
1415.5;0.5055;0.5005;0.0760;0.0000;58;56;-0.0037;-0.0144;0.0062;-0.0039;-0.0068;0.0000;0.1811
1416.0;0.5055;0.5005;0.0715;0.0000;60;58;-0.0037;-0.0129;0.0062;-0.0039;-0.0068;0.0000;0.1890
1416.5;0.5050;0.5005;0.0770;0.0000;60;58;-0.0037;-0.0114;0.0062;-0.0039;-0.0068;0.0000;0.1890
1417.0;0.5050;0.5005;0.0625;0.0000;60;60;0.0745;-0.0114;0.0062;-0.0029;-0.0068;0.0000;0.1890
1417.5;0.5050;0.5009;0.0745;0.0000;62;60;0.0745;-0.0114;0.0062;-0.0039;-0.0068;0.0000;0.1890
1418.0;0.5050;0.5009;0.0760;0.0000;62;60;-0.0818;-0.0114;0.0062;-0.0039;-0.0068;0.0000;0.1890
1418.5;0.5050;0.5009;0.0855;0.0000;62;60;-0.0037;-0.0100;0.0062;-0.0039;-0.0068;0.0000;0.1890
1419.0;0.5055;0.5014;0.0865;0.0000;62;60;0.0745;-0.0114;0.0062;-0.0039;-0.0068;0.0000;0.1890
1419.5;0.5055;0.5014;0.0830;0.0000;62;60;-0.0037;-0.0100;0.0062;-0.0039;-0.0068;0.0000;0.1890
1420.0;0.5060;0.5018;0.0870;0.0000;64;60;-0.0818;-0.0114;0.0062;-0.0039;-0.0068;0.0000;0.1890
1420.5;0.5060;0.5018;0.0875;0.0000;64;60;-0.0037;-0.0114;0.0062;-0.0039;-0.0068;0.0000;0.1890
1421.0;0.5055;0.5023;0.0965;0.0000;64;60;-0.0037;-0.0100;0.0062;-0.0049;-0.0068;0.0000;0.1890
1421.5;0.5060;0.5023;0.0975;0.0000;64;60;0.0745;-0.0100;0.0062;-0.0049;-0.0068;0.0000;0.1890
1422.0;0.5060;0.5027;0.0995;0.0000;64;62;-0.0818;-0.0085;0.0062;-0.0049;-0.0068;0.0000;0.1969
1422.5;0.5055;0.5027;0.0915;0.0000;65;62;-0.0037;-0.0085;0.0062;-0.0039;-0.0068;0.0000;0.1969
1423.0;0.5050;0.5032;0.1050;0.0000;65;62;-0.0061;-0.0056;0.0062;-0.0049;-0.0068;0.0000;0.1969
1423.5;0.5046;0.5032;0.1060;0.0000;67;64;-0.0061;-0.0041;0.0062;-0.0049;-0.0068;0.0000;0.1969
1424.0;0.5046;0.5037;0.1140;0.0000;67;64;0.0720;-0.0026;0.0062;-0.0049;-0.0068;0.0000;0.1969
1424.5;0.5046;0.5037;0.1185;0.0000;67;64;-0.0061;-0.0026;0.0062;-0.0059;-0.0068;0.0000;0.1969
1425.0;0.5046;0.5041;0.1330;0.0000;67;64;0.0720;-0.0026;0.0062;-0.0059;-0.0068;0.0000;0.1969
1425.5;0.5055;0.5046;0.1485;0.0000;67;64;-0.0842;-0.0041;0.0062;-0.0068;-0.0068;0.0000;0.1969
1426.0;0.5073;0.5046;0.1530;0.0000;65;62;-0.0061;-0.0070;0.0062;-0.0068;-0.0068;0.0000;0.1969
1426.5;0.5082;0.5050;0.1795;0.0000;65;62;-0.0085;-0.0085;0.0062;-0.0078;-0.0068;0.0000;0.1969
1427.0;0.5092;0.5055;0.1620;0.0000;65;60;-0.0842;-0.0100;0.0062;-0.0068;-0.0068;0.0000;0.1969
1427.5;0.5096;0.5055;0.1520;0.0000;65;60;-0.0061;-0.0100;0.0062;-0.0068;-0.0068;0.0000;0.1969
1428.0;0.5101;0.5060;0.1155;0.0000;65;60;-0.0061;-0.0114;0.0047;-0.0049;-0.0068;0.0000;0.2047
1428.5;0.5105;0.5064;0.0970;0.0000;65;60;-0.0037;-0.0114;0.0047;-0.0049;-0.0068;0.0000;0.2047
1429.0;0.5105;0.5069;0.0640;0.0000;65;62;-0.0037;-0.0100;0.0047;-0.0029;-0.0068;0.0000;0.2047
1429.5;0.5101;0.5073;0.0150;0.0000;65;64;0.0769;-0.0085;0.0047;-0.0010;-0.0068;0.0000;0.2047
1430.0;0.5096;0.5078;-0.0170;0.0000;67;64;-0.0794;-0.0056;0.0047;-0.0000;-0.0068;0.0000;0.2047
1430.5;0.5092;0.5078;-0.0420;0.0000;67;67;0.1575;-0.0041;0.0047;0.0010;-0.0068;0.0000;0.2047
1431.0;0.5087;0.5082;-0.0345;0.0000;69;67;-0.0012;-0.0012;0.0047;0.0010;-0.0068;0.0000;0.2047
1431.5;0.5078;0.5087;-0.0475;0.0000;69;69;0.0012;0.0018;0.0047;0.0020;-0.0068;0.0000;0.2047
1432.0;0.5078;0.5092;-0.0410;0.0000;69;69;0.0794;0.0032;0.0047;0.0010;-0.0068;0.0000;0.2047
1432.5;0.5082;0.5096;-0.0545;0.0000;69;69;0.0794;0.0032;0.0047;0.0020;-0.0068;0.0000;0.2047
1433.0;0.5092;0.5101;-0.0325;0.0000;69;69;-0.0794;0.0018;0.0047;0.0010;-0.0068;0.0000;0.2047
1433.5;0.5101;0.5105;-0.0235;0.0000;69;69;0.0769;0.0003;0.0047;0.0010;-0.0068;0.0000;0.2047
1434.0;0.5114;0.5110;0.0035;0.0000;69;67;-0.0794;-0.0012;0.0047;-0.0010;-0.0068;0.0000;0.2126
1434.5;0.5133;0.5114;0.0285;0.0000;67;65;-0.0012;-0.0056;0.0047;-0.0020;-0.0068;0.0000;0.2126
1435.0;0.5147;0.5119;0.0395;0.0000;67;64;0.0745;-0.0070;0.0047;-0.0020;-0.0068;0.0000;0.2126
1435.5;0.5156;0.5124;0.0590;0.0000;67;64;-0.0818;-0.0085;0.0047;-0.0029;-0.0068;0.0000;0.2126
1436.0;0.5174;0.5128;0.0580;0.0000;65;62;-0.0037;-0.0129;0.0047;-0.0029;-0.0068;0.0000;0.2126
1436.5;0.5188;0.5137;0.0725;0.0000;65;62;-0.0037;-0.0129;0.0047;-0.0039;-0.0068;0.0000;0.2126
1437.0;0.5206;0.5142;0.0610;0.0000;65;62;-0.0037;-0.0173;0.0047;-0.0029;-0.0068;0.0000;0.2126
1437.5;0.5215;0.5147;0.0635;0.0000;65;62;-0.0037;-0.0173;0.0047;-0.0029;-0.0068;0.0000;0.2126
1438.0;0.5234;0.5151;0.0340;0.0000;64;60;-0.0012;-0.0202;0.0047;-0.0020;-0.0068;0.0000;0.2126
1438.5;0.5238;0.5156;0.0165;0.0000;64;60;-0.0012;-0.0217;0.0047;-0.0010;-0.0068;0.0000;0.2126
1439.0;0.5243;0.5165;-0.0155;0.0000;64;62;-0.0012;-0.0202;0.0047;-0.0000;-0.0068;0.0000;0.2126
1439.5;0.5252;0.5169;-0.0275;0.0000;64;64;0.0769;-0.0202;0.0047;0.0010;-0.0068;0.0000;0.2205
1440.0;0.5256;0.5174;-0.0465;0.0000;65;64;-0.0769;-0.0217;0.0047;0.0010;-0.0068;0.0000;0.2205
1440.5;0.5266;0.5179;-0.0815;0.0000;64;64;0.0794;-0.0217;0.0047;0.0029;-0.0068;0.0000;0.2205
1441.0;0.5284;0.5188;-0.1095;0.0000;64;64;0.0037;-0.0246;0.0047;0.0039;-0.0068;0.0000;0.2205
1441.5;0.5293;0.5192;-0.1360;0.0000;64;64;0.0037;-0.0261;0.0047;0.0049;-0.0068;0.0000;0.2205
1442.0;0.5302;0.5201;-0.1310;0.0000;64;64;-0.0745;-0.0261;0.0047;0.0049;-0.0068;0.0000;0.2205
1442.5;0.5316;0.5206;-0.1350;0.0000;64;62;0.0037;-0.0290;0.0047;0.0049;-0.0068;0.0000;0.2205
1443.0;0.5334;0.5211;-0.1245;0.0000;64;62;-0.0745;-0.0305;0.0047;0.0049;-0.0068;0.0000;0.2205
1443.5;0.5348;0.5220;-0.1270;0.0000;62;62;0.0818;-0.0319;0.0032;0.0049;-0.0068;0.0000;0.2205
1444.0;0.5366;0.5224;-0.1090;0.0000;62;62;0.0037;-0.0363;0.0032;0.0039;-0.0068;0.0000;0.2205
1444.5;0.5380;0.5234;-0.1045;0.0000;62;60;-0.0769;-0.0378;0.0032;0.0039;-0.0068;0.0000;0.2205
1445.0;0.5403;0.5238;-0.0845;0.0000;60;58;0.0012;-0.0422;0.0032;0.0029;-0.0068;0.0000;0.2205
1445.5;0.5421;0.5247;-0.0735;0.0000;60;58;0.0794;-0.0437;0.0032;0.0029;-0.0068;0.0000;0.2283
1446.0;0.5435;0.5252;-0.0650;0.0000;60;58;-0.0769;-0.0466;0.0032;0.0020;-0.0068;0.0000;0.2283
1446.5;0.5453;0.5261;-0.0620;0.0000;60;58;0.0012;-0.0481;0.0032;0.0020;-0.0068;0.0000;0.2283
1447.0;0.5467;0.5266;-0.0650;0.0000;60;58;0.0794;-0.0510;0.0032;0.0020;-0.0068;0.0000;0.2283
1447.5;0.5472;0.5275;-0.0505;0.0000;60;58;0.0012;-0.0510;0.0018;0.0020;-0.0068;0.0000;0.2283
1448.0;0.5485;0.5284;-0.0595;0.0000;60;58;0.0012;-0.0510;0.0018;0.0020;-0.0068;0.0000;0.2283
1448.5;0.5490;0.5288;-0.0565;0.0000;60;58;0.0012;-0.0510;0.0018;0.0020;-0.0068;0.0000;0.2283
1449.0;0.5495;0.5298;-0.0645;0.0000;62;60;-0.0769;-0.0510;0.0018;0.0020;-0.0068;0.0000;0.2283
1449.5;0.5508;0.5307;-0.0485;0.0000;62;60;0.0012;-0.0510;0.0018;0.0020;-0.0068;0.0000;0.2283
1450.0;0.5527;0.5316;-0.0355;0.0000;62;58;0.0012;-0.0539;0.0018;0.0010;-0.0068;0.0000;0.2283
1450.5;0.5536;0.5321;-0.0255;0.0000;62;58;-0.0012;-0.0539;0.0018;0.0010;-0.0068;0.0000;0.2283
1451.0;0.5549;0.5330;-0.0250;0.0000;62;58;-0.0012;-0.0554;0.0003;0.0010;-0.0068;0.0000;0.2362
1451.5;0.5559;0.5339;-0.0365;0.0000;62;58;-0.0794;-0.0568;0.0003;0.0010;-0.0068;0.0000;0.2362
1452.0;0.5568;0.5348;-0.0365;0.0000;62;60;0.0794;-0.0568;0.0003;0.0010;-0.0068;0.0000;0.2362
1452.5;0.5577;0.5353;-0.0390;0.0000;62;60;-0.0769;-0.0568;0.0003;0.0010;-0.0068;0.0000;0.2362
1453.0;0.5586;0.5362;-0.0230;0.0000;62;60;-0.0012;-0.0554;0.0003;-0.0000;-0.0068;0.0000;0.2362
1453.5;0.5586;0.5371;-0.0185;0.0000;64;62;-0.0012;-0.0539;0.0003;-0.0000;-0.0068;0.0000;0.2362
1454.0;0.5586;0.5380;-0.0080;0.0000;65;62;-0.0794;-0.0524;0.0003;-0.0000;-0.0068;0.0000;0.2362
1454.5;0.5591;0.5389;-0.0070;0.0000;65;64;0.0769;-0.0510;-0.0012;-0.0000;-0.0068;0.0000;0.2362
1455.0;0.5591;0.5398;0.0135;0.0000;67;64;-0.0794;-0.0495;-0.0012;-0.0010;-0.0068;0.0000;0.2362
1455.5;0.5595;0.5408;0.0370;0.0000;67;64;0.0769;-0.0481;-0.0012;-0.0020;-0.0068;0.0000;0.2362
1456.0;0.5595;0.5417;0.0530;0.0000;67;65;-0.0037;-0.0451;-0.0012;-0.0029;-0.0068;0.0000;0.2362
1456.5;0.5600;0.5426;0.0780;0.0000;69;65;-0.0037;-0.0451;-0.0012;-0.0039;-0.0068;0.0000;0.2441
1457.0;0.5609;0.5435;0.0925;0.0000;69;65;0.0745;-0.0437;-0.0012;-0.0039;-0.0068;0.0000;0.2441
1457.5;0.5614;0.5444;0.1250;0.0000;69;65;-0.0842;-0.0422;-0.0012;-0.0059;-0.0068;0.0000;0.2441
1458.0;0.5618;0.5453;0.1345;0.0000;71;65;0.0720;-0.0422;-0.0012;-0.0059;-0.0068;0.0000;0.2441
1458.5;0.5623;0.5462;0.1745;0.0000;71;65;-0.0867;-0.0407;-0.0012;-0.0078;-0.0068;0.0000;0.2441
1459.0;0.5627;0.5472;0.1920;0.0000;73;65;-0.0867;-0.0393;-0.0026;-0.0088;-0.0068;0.0000;0.2441
1459.5;0.5627;0.5481;0.2240;0.0000;73;65;-0.0085;-0.0363;-0.0026;-0.0098;-0.0068;0.0000;0.2441
1460.0;0.5636;0.5495;0.2245;0.0000;73;65;-0.0085;-0.0363;-0.0026;-0.0098;-0.0068;0.0000;0.2441
1460.5;0.5646;0.5504;0.2100;0.0000;73;67;-0.0085;-0.0363;-0.0026;-0.0098;-0.0068;0.0000;0.2441
1461.0;0.5655;0.5513;0.1855;0.0000;73;65;-0.0867;-0.0363;-0.0026;-0.0078;-0.0068;0.0000;0.2441
1461.5;0.5664;0.5522;0.1540;0.0000;73;67;0.0720;-0.0363;-0.0026;-0.0068;-0.0068;0.0000;0.2441
1462.0;0.5673;0.5531;0.1230;0.0000;73;67;-0.0842;-0.0363;-0.0026;-0.0059;-0.0068;0.0000;0.2520
1462.5;0.5678;0.5545;0.0760;0.0000;73;69;0.0745;-0.0349;-0.0026;-0.0039;-0.0068;0.0000;0.2520
1463.0;0.5678;0.5554;0.0430;0.0000;73;69;-0.0037;-0.0319;-0.0026;-0.0020;-0.0068;0.0000;0.2520
1463.5;0.5687;0.5563;-0.0020;0.0000;73;71;-0.0012;-0.0305;-0.0026;-0.0000;-0.0068;0.0000;0.2520
1464.0;0.5701;0.5577;-0.0235;0.0000;73;71;-0.0012;-0.0319;-0.0041;-0.0000;-0.0068;0.0000;0.2520
1464.5;0.5701;0.5586;-0.0470;0.0000;73;71;0.0012;-0.0305;-0.0041;0.0020;-0.0068;0.0000;0.2520
1465.0;0.5714;0.5595;-0.0570;0.0000;73;71;0.0012;-0.0290;-0.0041;0.0020;-0.0068;0.0000;0.2520
1465.5;0.5728;0.5609;-0.0755;0.0000;73;71;0.0012;-0.0305;-0.0041;0.0029;-0.0068;0.0000;0.2520
1466.0;0.5733;0.5618;-0.0790;0.0000;73;73;0.0012;-0.0290;-0.0041;0.0029;-0.0068;0.0000;0.2520
1466.5;0.5742;0.5632;-0.0730;0.0000;73;73;0.0012;-0.0275;-0.0041;0.0029;-0.0068;0.0000;0.2520
1467.0;0.5755;0.5641;-0.0660;0.0000;73;71;0.0012;-0.0290;-0.0041;0.0020;-0.0068;0.0000;0.2598
1467.5;0.5769;0.5655;-0.0600;0.0000;73;71;-0.0769;-0.0290;-0.0041;0.0020;-0.0068;0.0000;0.2598
1468.0;0.5778;0.5664;-0.0590;0.0000;73;73;0.0012;-0.0290;-0.0041;0.0020;-0.0068;0.0000;0.2598
1468.5;0.5783;0.5678;-0.0535;0.0000;75;73;0.0794;-0.0275;-0.0041;0.0020;-0.0068;0.0000;0.2598
1469.0;0.5788;0.5687;-0.0520;0.0000;75;73;-0.0769;-0.0261;-0.0041;0.0020;-0.0068;0.0000;0.2598
1469.5;0.5801;0.5701;-0.0470;0.0000;75;73;0.0012;-0.0261;-0.0041;0.0020;-0.0068;0.0000;0.2598
1470.0;0.5815;0.5710;-0.0330;0.0000;75;73;-0.0012;-0.0261;-0.0041;0.0010;-0.0068;0.0000;0.2598
1470.5;0.5824;0.5723;-0.0275;0.0000;77;73;-0.0794;-0.0261;-0.0041;0.0010;-0.0068;0.0000;0.2598
1471.0;0.5833;0.5737;-0.0285;0.0000;77;73;0.0769;-0.0246;-0.0056;0.0010;-0.0068;0.0000;0.2598
1471.5;0.5847;0.5746;-0.0270;0.0000;77;75;-0.0012;-0.0246;-0.0056;0.0010;-0.0068;0.0000;0.2598
1472.0;0.5856;0.5760;-0.0245;0.0000;77;75;-0.0012;-0.0246;-0.0056;0.0010;-0.0068;0.0000;0.2598
1472.5;0.5870;0.5774;-0.0260;0.0000;77;75;-0.0012;-0.0246;-0.0056;0.0010;-0.0068;0.0000;0.2677
1473.0;0.5879;0.5783;-0.0175;0.0000;79;75;-0.0794;-0.0231;-0.0056;-0.0000;-0.0068;0.0000;0.2677
1473.5;0.5893;0.5797;-0.0135;0.0000;79;75;-0.0012;-0.0246;-0.0056;-0.0000;-0.0068;0.0000;0.2677
1474.0;0.5902;0.5810;0.0045;0.0000;79;75;0.0769;-0.0231;-0.0056;-0.0010;-0.0068;0.0000;0.2677
1474.5;0.5911;0.5824;-0.0020;0.0000;79;75;-0.0012;-0.0231;-0.0056;-0.0000;-0.0068;0.0000;0.2677
1475.0;0.5934;0.5838;0.0210;0.0000;79;75;-0.0794;-0.0246;-0.0056;-0.0010;-0.0068;0.0000;0.2677
1475.5;0.5943;0.5847;0.0230;0.0000;79;75;-0.0012;-0.0246;-0.0056;-0.0010;-0.0068;0.0000;0.2677
1476.0;0.5948;0.5861;0.0170;0.0000;79;77;0.0769;-0.0217;-0.0056;-0.0010;-0.0068;0.0000;0.2677
1476.5;0.5957;0.5875;0.0185;0.0000;79;77;-0.0012;-0.0217;-0.0056;-0.0010;-0.0068;0.0000;0.2677
1477.0;0.5971;0.5888;0.0105;0.0000;79;77;-0.0012;-0.0217;-0.0056;-0.0010;-0.0068;0.0000;0.2677
1477.5;0.5980;0.5902;0.0165;0.0000;81;77;-0.0794;-0.0202;-0.0056;-0.0010;-0.0068;0.0000;0.2756
1478.0;0.5994;0.5916;0.0135;0.0000;81;77;-0.0012;-0.0202;-0.0056;-0.0010;-0.0068;0.0000;0.2756
1478.5;0.6007;0.5929;0.0225;0.0000;81;77;-0.0012;-0.0202;-0.0056;-0.0010;-0.0068;0.0000;0.2756
1479.0;0.6026;0.5943;0.0195;0.0000;81;77;-0.0012;-0.0217;-0.0070;-0.0010;-0.0068;0.0000;0.2756
1479.5;0.6044;0.5957;0.0180;0.0000;81;77;-0.0012;-0.0217;-0.0070;-0.0010;-0.0068;0.0000;0.2756
1480.0;0.6058;0.5971;0.0055;0.0000;81;77;-0.0012;-0.0231;-0.0070;-0.0010;-0.0068;0.0000;0.2756
1480.5;0.6076;0.5984;0.0160;0.0000;79;77;-0.0012;-0.0231;-0.0070;-0.0010;-0.0068;0.0000;0.2756
1481.0;0.6090;0.5998;0.0205;0.0000;81;77;-0.0794;-0.0231;-0.0070;-0.0010;-0.0068;0.0000;0.2756
1481.5;0.6108;0.6012;0.0160;0.0000;81;77;-0.0012;-0.0246;-0.0070;-0.0010;-0.0068;0.0000;0.2756
1482.0;0.6122;0.6026;0.0020;0.0000;81;77;0.0769;-0.0246;-0.0070;-0.0010;-0.0068;0.0000;0.2756
1482.5;0.6136;0.6044;-0.0080;0.0000;81;77;-0.0012;-0.0246;-0.0070;-0.0000;-0.0068;0.0000;0.2756
1483.0;0.6158;0.6058;-0.0005;0.0000;81;77;-0.0794;-0.0261;-0.0070;-0.0000;-0.0068;0.0000;0.2835
1483.5;0.6177;0.6071;-0.0090;0.0000;81;77;-0.0012;-0.0275;-0.0070;-0.0000;-0.0068;0.0000;0.2835
1484.0;0.6195;0.6085;-0.0055;0.0000;79;77;-0.0012;-0.0275;-0.0070;-0.0000;-0.0068;0.0000;0.2835
1484.5;0.6209;0.6099;-0.0280;0.0000;79;77;-0.0012;-0.0290;-0.0070;0.0010;-0.0068;0.0000;0.2835
1485.0;0.6236;0.6117;-0.0390;0.0000;79;75;0.0012;-0.0305;-0.0070;0.0010;-0.0068;0.0000;0.2835
1485.5;0.6255;0.6131;-0.0305;0.0000;79;75;-0.0012;-0.0319;-0.0070;0.0010;-0.0068;0.0000;0.2835
1486.0;0.6268;0.6145;-0.0255;0.0000;79;77;0.0769;-0.0319;-0.0085;0.0010;-0.0068;0.0000;0.2835
1486.5;0.6282;0.6158;-0.0155;0.0000;81;77;-0.0012;-0.0305;-0.0085;-0.0000;-0.0068;0.0000;0.2835
1487.0;0.6291;0.6177;-0.0095;0.0000;81;79;-0.0794;-0.0305;-0.0085;-0.0000;-0.0068;0.0000;0.2835
1487.5;0.6305;0.6190;-0.0005;0.0000;81;79;0.0769;-0.0290;-0.0085;-0.0000;-0.0068;0.0000;0.2835
1488.0;0.6319;0.6209;0.0010;0.0000;81;79;-0.0012;-0.0290;-0.0085;-0.0010;-0.0068;0.0000;0.2913
1488.5;0.6332;0.6223;0.0335;0.0000;83;79;-0.0012;-0.0275;-0.0085;-0.0020;-0.0068;0.0000;0.2913
1489.0;0.6342;0.6236;0.0370;0.0000;83;79;-0.0037;-0.0275;-0.0085;-0.0020;-0.0068;0.0000;0.2913
1489.5;0.6355;0.6255;0.0530;0.0000;85;81;-0.0037;-0.0261;-0.0085;-0.0029;-0.0068;0.0000;0.2913
1490.0;0.6374;0.6268;0.0310;0.0000;85;81;0.0769;-0.0261;-0.0085;-0.0020;-0.0068;0.0000;0.2913
1490.5;0.6392;0.6287;0.0160;0.0000;83;81;-0.0012;-0.0275;-0.0085;-0.0010;-0.0068;0.0000;0.2913
1491.0;0.6406;0.6300;0.0060;0.0000;83;81;-0.0012;-0.0275;-0.0085;-0.0010;-0.0068;0.0000;0.2913
1491.5;0.6419;0.6319;-0.0215;0.0000;83;81;-0.0012;-0.0261;-0.0085;-0.0000;-0.0068;0.0000;0.2913
1492.0;0.6433;0.6332;-0.0320;0.0000;85;83;-0.0012;-0.0261;-0.0085;0.0010;-0.0068;0.0000;0.2913
1492.5;0.6461;0.6351;-0.0660;0.0000;83;83;0.0012;-0.0275;-0.0085;0.0020;-0.0068;0.0000;0.2913
1493.0;0.6474;0.6369;-0.0560;0.0000;85;83;-0.0769;-0.0275;-0.0100;0.0020;-0.0068;0.0000;0.2992
1493.5;0.6484;0.6383;-0.0870;0.0000;85;83;0.0012;-0.0261;-0.0100;0.0029;-0.0068;0.0000;0.2992
1494.0;0.6511;0.6401;-0.0780;0.0000;85;83;0.0012;-0.0275;-0.0100;0.0029;-0.0068;0.0000;0.2992
1494.5;0.6520;0.6419;-0.0870;0.0000;85;83;-0.0769;-0.0275;-0.0100;0.0029;-0.0068;0.0000;0.2992
1495.0;0.6538;0.6433;-0.0580;0.0000;87;83;-0.0769;-0.0275;-0.0100;0.0020;-0.0068;0.0000;0.2992
1495.5;0.6557;0.6451;-0.0610;0.0000;87;83;0.0012;-0.0261;-0.0100;0.0020;-0.0068;0.0000;0.2992
1496.0;0.6580;0.6470;-0.0575;0.0000;87;83;0.0012;-0.0290;-0.0100;0.0020;-0.0068;0.0000;0.2992
1496.5;0.6603;0.6484;-0.0385;0.0000;87;83;0.0012;-0.0305;-0.0100;0.0010;-0.0068;0.0000;0.2992
1497.0;0.6630;0.6502;-0.0365;0.0000;85;81;0.0012;-0.0334;-0.0100;0.0010;-0.0068;0.0000;0.2992
1497.5;0.6653;0.6520;-0.0300;0.0000;85;81;-0.0012;-0.0334;-0.0100;0.0010;-0.0068;0.0000;0.3071
1498.0;0.6676;0.6538;-0.0615;0.0000;83;81;-0.0769;-0.0349;-0.0100;0.0020;-0.0068;0.0000;0.3071
1498.5;0.6699;0.6557;-0.0575;0.0000;83;81;-0.0769;-0.0363;-0.0100;0.0020;-0.0068;0.0000;0.3071
1499.0;0.6717;0.6575;-0.0770;0.0000;83;81;0.0012;-0.0363;-0.0114;0.0029;-0.0068;0.0000;0.3071
1499.5;0.6735;0.6589;-0.0595;0.0000;85;81;-0.0769;-0.0378;-0.0114;0.0020;-0.0068;0.0000;0.3071
1500.0;0.6754;0.6607;-0.0700;0.0000;87;81;0.0012;-0.0363;-0.0114;0.0020;-0.0068;0.0000;0.3071
1500.5;0.6772;0.6625;-0.0895;0.0000;87;83;0.0794;-0.0363;-0.0114;0.0029;-0.0068;0.0000;0.3071
1501.0;0.6790;0.6644;-0.1175;0.0000;87;83;-0.0745;-0.0378;-0.0114;0.0049;-0.0068;0.0000;0.3071
1501.5;0.6813;0.6662;-0.1335;0.0000;85;83;0.0818;-0.0378;-0.0114;0.0049;-0.0068;0.0000;0.3071
1502.0;0.6836;0.6680;-0.1260;0.0000;85;83;-0.0745;-0.0393;-0.0114;0.0049;-0.0068;0.0000;0.3071
1502.5;0.6864;0.6699;-0.1345;0.0000;83;83;0.0037;-0.0422;-0.0114;0.0049;-0.0068;0.0000;0.3150
1503.0;0.6882;0.6717;-0.1130;0.0000;85;83;0.0818;-0.0422;-0.0114;0.0039;-0.0068;0.0000;0.3150
1503.5;0.6905;0.6735;-0.1215;0.0000;85;83;-0.0745;-0.0422;-0.0114;0.0049;-0.0068;0.0000;0.3150
1504.0;0.6923;0.6754;-0.0900;0.0000;87;83;0.0012;-0.0422;-0.0129;0.0029;-0.0068;0.0000;0.3150
1504.5;0.6937;0.6777;-0.1010;0.0000;87;83;0.0012;-0.0407;-0.0129;0.0039;-0.0068;0.0000;0.3150
1505.0;0.6960;0.6795;-0.0745;0.0000;87;83;0.0012;-0.0422;-0.0129;0.0029;-0.0068;0.0000;0.3150
1505.5;0.6983;0.6813;-0.0900;0.0000;87;83;-0.0769;-0.0437;-0.0129;0.0029;-0.0068;0.0000;0.3150
1506.0;0.7001;0.6832;-0.1345;0.0000;87;85;0.0818;-0.0437;-0.0129;0.0049;-0.0068;0.0000;0.3150
1506.5;0.7028;0.6850;-0.1725;0.0000;85;85;0.0037;-0.0451;-0.0129;0.0068;-0.0068;0.0000;0.3150
1507.0;0.7047;0.6868;-0.2090;0.0000;85;87;0.0061;-0.0451;-0.0129;0.0078;-0.0068;0.0000;0.3150
1507.5;0.7065;0.6891;-0.2160;0.0000;87;87;0.0061;-0.0451;-0.0129;0.0088;-0.0068;0.0000;0.3228
1508.0;0.7074;0.6909;-0.2665;0.0000;87;89;0.0085;-0.0422;-0.0144;0.0108;-0.0068;0.0000;0.3228
1508.5;0.7092;0.6928;-0.2765;0.0000;87;89;0.0085;-0.0422;-0.0144;0.0108;-0.0059;0.0000;0.3228
1509.0;0.7120;0.6946;-0.3380;0.0000;87;89;0.0110;-0.0437;-0.0144;0.0137;-0.0059;0.0000;0.3228
1509.5;0.7143;0.6969;-0.3590;0.0000;85;91;0.0891;-0.0437;-0.0144;0.0147;-0.0059;0.0000;0.3228
1510.0;0.7161;0.6987;-0.4035;0.0000;85;91;-0.0647;-0.0437;-0.0144;0.0166;-0.0059;0.0000;0.3228
1510.5;0.7189;0.7005;-0.4105;0.0000;85;91;0.0134;-0.0451;-0.0144;0.0166;-0.0059;0.0000;0.3228
1511.0;0.7212;0.7028;-0.4340;0.0000;83;91;0.0916;-0.0466;-0.0144;0.0176;-0.0059;0.0000;0.3228
1511.5;0.7234;0.7047;-0.4785;0.0000;83;91;0.0159;-0.0481;-0.0144;0.0196;-0.0059;0.0000;0.3228
1512.0;0.7257;0.7070;-0.5240;0.0000;83;91;-0.0623;-0.0481;-0.0144;0.0215;-0.0059;0.0000;0.3307
1512.5;0.7285;0.7088;-0.5685;0.0000;83;91;0.0965;-0.0495;-0.0158;0.0235;-0.0059;0.0000;0.3307
1513.0;0.7303;0.7111;-0.5670;0.0000;83;93;0.0965;-0.0495;-0.0158;0.0235;-0.0059;0.0000;0.3307
1513.5;0.7331;0.7129;-0.6100;0.0000;81;93;0.0208;-0.0510;-0.0158;0.0254;-0.0049;0.0000;0.3307
1514.0;0.7353;0.7152;-0.6045;0.0000;81;93;0.0989;-0.0510;-0.0158;0.0244;-0.0049;0.0000;0.3307
1514.5;0.7372;0.7170;-0.6265;0.0000;81;95;0.1770;-0.0510;-0.0158;0.0254;-0.0049;0.0000;0.3307
1515.0;0.7390;0.7193;-0.6305;0.0000;83;95;0.0208;-0.0510;-0.0158;0.0264;-0.0049;0.0000;0.3307
1515.5;0.7418;0.7212;-0.6500;0.0000;81;95;0.1770;-0.0510;-0.0158;0.0264;-0.0049;0.0000;0.3307
1516.0;0.7436;0.7234;-0.6490;0.0000;81;95;0.0989;-0.0510;-0.0173;0.0264;-0.0049;0.0000;0.3307
1516.5;0.7468;0.7257;-0.6635;0.0000;81;95;0.1013;-0.0539;-0.0173;0.0274;-0.0049;0.0000;0.3386
1517.0;0.7495;0.7276;-0.7030;0.0000;79;95;0.0232;-0.0554;-0.0173;0.0293;-0.0049;0.0000;0.3386
1517.5;0.7518;0.7299;-0.7135;0.0000;79;95;0.1013;-0.0554;-0.0173;0.0293;-0.0039;0.0000;0.3386
1518.0;0.7550;0.7321;-0.7530;0.0000;79;97;0.1038;-0.0583;-0.0173;0.0313;-0.0039;0.0000;0.3386
1518.5;0.7578;0.7340;-0.7135;0.0000;79;95;0.0232;-0.0598;-0.0173;0.0293;-0.0039;0.0000;0.3386
1519.0;0.7601;0.7363;-0.7215;0.0000;79;95;0.1013;-0.0598;-0.0173;0.0293;-0.0039;0.0000;0.3386
1519.5;0.7619;0.7386;-0.6660;0.0000;81;95;-0.0549;-0.0598;-0.0188;0.0274;-0.0039;0.0000;0.3386
1520.0;0.7633;0.7408;-0.6600;0.0000;81;97;0.0989;-0.0568;-0.0188;0.0274;-0.0039;0.0000;0.3386
1520.5;0.7647;0.7427;-0.5935;0.0000;83;97;0.0208;-0.0554;-0.0188;0.0244;-0.0029;0.0000;0.3386
1521.0;0.7660;0.7450;-0.4970;0.0000;87;97;0.0940;-0.0539;-0.0188;0.0205;-0.0029;0.0000;0.3386
1521.5;0.7669;0.7473;-0.4035;0.0000;91;97;-0.0647;-0.0495;-0.0188;0.0166;-0.0029;0.0000;0.3465
1522.0;0.7679;0.7495;-0.2900;0.0000;93;99;0.0867;-0.0466;-0.0188;0.0117;-0.0029;0.0000;0.3465
1522.5;0.7688;0.7518;-0.2365;0.0000;95;99;0.0061;-0.0437;-0.0188;0.0098;-0.0029;0.0000;0.3465
1523.0;0.7697;0.7541;-0.1320;0.0000;97;99;-0.0745;-0.0407;-0.0202;0.0049;-0.0029;0.0000;0.3465
1523.5;0.7706;0.7564;-0.0845;0.0000;99;101;0.0794;-0.0363;-0.0202;0.0029;-0.0029;0.0000;0.3465
1524.0;0.7720;0.7587;-0.0005;0.0000;101;101;-0.0012;-0.0334;-0.0202;-0.0000;-0.0029;0.0000;0.3465
1524.5;0.7729;0.7610;0.0025;0.0000;103;101;-0.0794;-0.0305;-0.0202;-0.0010;-0.0029;0.0000;0.3465
1525.0;0.7743;0.7633;0.0535;0.0000;105;103;-0.0037;-0.0290;-0.0202;-0.0029;-0.0029;0.0000;0.3465
1525.5;0.7752;0.7656;0.0475;0.0000;105;103;0.0745;-0.0246;-0.0202;-0.0029;-0.0029;0.0000;0.3465
1526.0;0.7761;0.7679;0.0455;0.0000;105;105;-0.0037;-0.0217;-0.0202;-0.0020;-0.0029;0.0000;0.3543
1526.5;0.7779;0.7701;0.0755;0.0000;107;105;-0.0037;-0.0202;-0.0202;-0.0039;-0.0029;0.0000;0.3543
1527.0;0.7798;0.7724;0.0960;0.0000;107;105;-0.0037;-0.0188;-0.0202;-0.0049;-0.0029;0.0000;0.3543
1527.5;0.7816;0.7747;0.1185;0.0000;109;105;-0.0061;-0.0188;-0.0202;-0.0059;-0.0029;0.0000;0.3543
1528.0;0.7839;0.7770;0.0930;0.0000;107;105;-0.0037;-0.0173;-0.0202;-0.0049;-0.0029;0.0000;0.3543
1528.5;0.7857;0.7793;0.0855;0.0000;109;105;-0.0037;-0.0173;-0.0202;-0.0039;-0.0029;0.0000;0.3543
1529.0;0.7885;0.7816;0.0545;0.0000;107;105;-0.0818;-0.0173;-0.0202;-0.0029;-0.0029;0.0000;0.3543
1529.5;0.7903;0.7843;0.0520;0.0000;107;105;0.0745;-0.0158;-0.0202;-0.0029;-0.0029;0.0000;0.3543
1530.0;0.7917;0.7866;0.0230;0.0000;107;107;0.0769;-0.0129;-0.0202;-0.0020;-0.0029;0.0000;0.3543
1530.5;0.7930;0.7889;-0.0240;0.0000;109;109;-0.0012;-0.0114;-0.0202;0.0010;-0.0029;0.0000;0.3622
1531.0;0.7953;0.7912;-0.0610;0.0000;109;110;0.0794;-0.0100;-0.0202;0.0020;-0.0029;0.0000;0.3622
1531.5;0.7972;0.7940;-0.1175;0.0000;107;110;0.0037;-0.0100;-0.0217;0.0049;-0.0029;0.0000;0.3543
1532.0;0.7995;0.7962;-0.1410;0.0000;107;110;0.0037;-0.0085;-0.0217;0.0059;-0.0029;0.0000;0.3543
1532.5;0.8017;0.7985;-0.1785;0.0000;107;110;0.0842;-0.0085;-0.0217;0.0068;-0.0029;0.0000;0.3543
1533.0;0.8040;0.8008;-0.1970;0.0000;105;110;0.0061;-0.0085;-0.0217;0.0078;-0.0029;0.0000;0.3543
1533.5;0.8063;0.8031;-0.2380;0.0000;105;110;0.0061;-0.0085;-0.0217;0.0098;-0.0029;0.0000;0.3543
1534.0;0.8086;0.8054;-0.2720;0.0000;105;110;0.0867;-0.0085;-0.0217;0.0108;-0.0029;0.0000;0.3543
1534.5;0.8100;0.8077;-0.3005;0.0000;105;110;0.0085;-0.0070;-0.0217;0.0117;-0.0029;0.0000;0.3543
1535.0;0.8109;0.8100;-0.2915;0.0000;107;112;0.0867;-0.0026;-0.0217;0.0117;-0.0029;0.0000;0.3543
1535.5;0.8123;0.8123;-0.2685;0.0000;109;114;0.0867;0.0003;-0.0217;0.0108;-0.0029;0.0000;0.3543
1536.0;0.8136;0.8146;-0.3055;0.0000;109;114;0.0085;0.0018;-0.0217;0.0127;-0.0029;0.0000;0.3543
1536.5;0.8159;0.8168;-0.2845;0.0000;109;114;0.0867;0.0018;-0.0217;0.0117;-0.0029;0.0000;0.3543
1537.0;0.8173;0.8191;-0.3150;0.0000;107;114;0.0110;0.0047;-0.0217;0.0127;-0.0029;0.0000;0.3543
1537.5;0.8196;0.8214;-0.3055;0.0000;107;114;0.0867;0.0032;-0.0217;0.0127;-0.0029;0.0000;0.3543
1538.0;0.8228;0.8237;-0.2915;0.0000;107;114;0.0085;0.0018;-0.0217;0.0117;-0.0029;0.0000;0.3543
1538.5;0.8255;0.8260;-0.2645;0.0000;107;112;0.0085;0.0003;-0.0217;0.0108;-0.0020;0.0000;0.3543
1539.0;0.8274;0.8283;-0.2760;0.0000;107;112;0.0085;0.0003;-0.0217;0.0108;-0.0020;0.0000;0.3543
1539.5;0.8297;0.8306;-0.2735;0.0000;107;112;-0.0696;0.0003;-0.0217;0.0108;-0.0020;0.0000;0.3543
1540.0;0.8315;0.8329;-0.2850;0.0000;107;112;0.0085;0.0018;-0.0217;0.0117;-0.0020;0.0000;0.3543
1540.5;0.8333;0.8347;-0.2945;0.0000;107;112;-0.0696;0.0032;-0.0217;0.0117;-0.0020;0.0000;0.3543
1541.0;0.8352;0.8370;-0.2800;0.0000;109;112;0.0085;0.0047;-0.0217;0.0117;-0.0020;0.0000;0.3543
1541.5;0.8375;0.8393;-0.3125;0.0000;107;112;0.0110;0.0032;-0.0217;0.0127;-0.0020;0.0000;0.3543
1542.0;0.8402;0.8416;-0.2930;0.0000;107;112;0.0867;0.0018;-0.0217;0.0117;-0.0020;0.0000;0.3465
1542.5;0.8429;0.8434;-0.3250;0.0000;107;112;-0.0672;0.0003;-0.0217;0.0127;-0.0020;0.0000;0.3465
1543.0;0.8448;0.8457;-0.3140;0.0000;107;112;0.0110;0.0018;-0.0217;0.0127;-0.0020;0.0000;0.3465
1543.5;0.8475;0.8480;-0.3270;0.0000;105;112;0.1673;0.0003;-0.0217;0.0137;-0.0020;0.0000;0.3465
1544.0;0.8503;0.8498;-0.3115;0.0000;105;110;-0.0696;-0.0012;-0.0217;0.0127;-0.0020;0.0000;0.3465
1544.5;0.8526;0.8521;-0.3175;0.0000;105;110;0.0891;-0.0026;-0.0217;0.0127;-0.0020;0.0000;0.3465
1545.0;0.8549;0.8544;-0.3370;0.0000;105;110;-0.0672;-0.0026;-0.0217;0.0137;-0.0020;0.0000;0.3465
1545.5;0.8571;0.8562;-0.3350;0.0000;105;110;-0.0672;-0.0026;-0.0217;0.0137;-0.0020;0.0000;0.3465
1546.0;0.8608;0.8585;-0.3500;0.0000;103;109;0.0891;-0.0070;-0.0217;0.0147;-0.0010;0.0000;0.3465
1546.5;0.8640;0.8603;-0.3645;0.0000;101;109;0.0891;-0.0100;-0.0217;0.0147;-0.0010;0.0000;0.3465
1547.0;0.8668;0.8626;-0.4025;0.0000;99;109;0.0134;-0.0114;-0.0217;0.0166;-0.0010;0.0000;0.3465
1547.5;0.8695;0.8645;-0.4435;0.0000;97;109;0.1697;-0.0129;-0.0217;0.0186;-0.0010;0.0000;0.3465
1548.0;0.8723;0.8668;-0.5350;0.0000;97;109;0.0965;-0.0144;-0.0217;0.0215;-0.0010;0.0000;0.3465
1548.5;0.8759;0.8686;-0.5750;0.0000;95;109;0.0965;-0.0188;-0.0217;0.0235;-0.0010;0.0000;0.3465
1549.0;0.8796;0.8709;-0.6500;0.0000;93;109;0.0989;-0.0231;-0.0217;0.0264;-0.0010;0.0000;0.3465
1549.5;0.8828;0.8727;-0.6720;0.0000;91;107;0.0232;-0.0261;-0.0217;0.0274;-0.0010;0.0000;0.3465
1550.0;0.8864;0.8750;-0.7130;0.0000;89;107;0.1795;-0.0290;-0.0217;0.0293;-0.0010;0.0000;0.3465
1550.5;0.8906;0.8768;-0.7655;0.0000;87;105;0.1038;-0.0349;-0.0217;0.0313;-0.0000;0.0000;0.3465
1551.0;0.8951;0.8787;-0.7595;0.0000;83;103;0.1038;-0.0422;-0.0217;0.0313;-0.0000;0.0000;0.3465
1551.5;0.8993;0.8810;-0.7780;0.0000;81;101;0.0256;-0.0466;-0.0217;0.0323;-0.0000;0.0000;0.3386
1552.0;0.9025;0.8828;-0.6965;0.0000;81;101;0.1013;-0.0495;-0.0217;0.0283;-0.0000;0.0000;0.3386
1552.5;0.9057;0.8846;-0.6420;0.0000;81;99;0.0208;-0.0524;-0.0231;0.0264;-0.0000;0.0000;0.3386
1553.0;0.9075;0.8864;-0.5285;0.0000;85;97;0.0183;-0.0539;-0.0231;0.0215;-0.0000;0.0000;0.3386
1553.5;0.9093;0.8887;-0.4595;0.0000;87;97;0.0159;-0.0524;-0.0231;0.0186;-0.0000;0.0000;0.3386
1554.0;0.9107;0.8906;-0.3110;0.0000;91;97;-0.0696;-0.0510;-0.0231;0.0127;0.0010;0.0000;0.3386
1554.5;0.9121;0.8924;-0.1955;0.0000;93;97;0.0061;-0.0495;-0.0231;0.0078;0.0010;0.0000;0.3386
1555.0;0.9135;0.8942;-0.0910;0.0000;95;97;0.0794;-0.0481;-0.0231;0.0029;0.0010;0.0000;0.3386
1555.5;0.9144;0.8961;-0.0140;0.0000;97;97;-0.0012;-0.0466;-0.0231;-0.0000;0.0010;0.0000;0.3386
1556.0;0.9153;0.8979;-0.0105;0.0000;99;99;-0.0794;-0.0437;-0.0231;-0.0000;0.0010;0.0000;0.3386
1556.5;0.9162;0.9002;0.0665;0.0000;101;99;-0.0037;-0.0422;-0.0246;-0.0029;0.0010;0.0000;0.3386
1557.0;0.9180;0.9020;0.0530;0.0000;101;99;-0.0037;-0.0407;-0.0246;-0.0029;0.0010;0.0000;0.3386
1557.5;0.9194;0.9038;0.0950;0.0000;101;99;-0.0037;-0.0393;-0.0246;-0.0049;0.0010;0.0000;0.3386
1558.0;0.9208;0.9057;0.0245;0.0000;101;101;-0.0012;-0.0378;-0.0246;-0.0020;0.0010;0.0000;0.3386
1558.5;0.9231;0.9075;-0.0075;0.0000;99;101;0.0769;-0.0393;-0.0246;-0.0000;0.0010;0.0000;0.3386
1559.0;0.9254;0.9093;-0.0645;0.0000;99;101;0.0012;-0.0407;-0.0246;0.0020;0.0010;0.0000;0.3386
1559.5;0.9277;0.9112;-0.0680;0.0000;97;101;0.0012;-0.0422;-0.0246;0.0020;0.0010;0.0000;0.3386
1560.0;0.9299;0.9130;-0.0375;0.0000;97;99;0.0012;-0.0437;-0.0246;0.0010;0.0010;0.0000;0.3386
1560.5;0.9318;0.9148;-0.0785;0.0000;97;99;0.0012;-0.0437;-0.0246;0.0029;0.0010;0.0000;0.3307
1561.0;0.9336;0.9167;-0.0505;0.0000;97;99;0.0012;-0.0437;-0.0261;0.0020;0.0010;0.0000;0.3307
1561.5;0.9359;0.9180;-0.0870;0.0000;97;99;0.0012;-0.0451;-0.0261;0.0029;0.0010;0.0000;0.3307
1562.0;0.9377;0.9199;-0.0455;0.0000;97;99;0.0012;-0.0451;-0.0261;0.0010;0.0010;0.0000;0.3307
1562.5;0.9396;0.9217;-0.0595;0.0000;97;99;0.0012;-0.0451;-0.0261;0.0020;0.0010;0.0000;0.3307
1563.0;0.9405;0.9235;-0.0185;0.0000;97;99;-0.0794;-0.0437;-0.0261;-0.0000;0.0010;0.0000;0.3307
1563.5;0.9423;0.9254;-0.0210;0.0000;97;99;0.0769;-0.0437;-0.0261;-0.0000;0.0010;0.0000;0.3307
1564.0;0.9437;0.9272;-0.0155;0.0000;97;99;-0.0012;-0.0422;-0.0261;-0.0000;0.0010;0.0000;0.3307
1564.5;0.9451;0.9286;-0.0235;0.0000;99;99;-0.0794;-0.0407;-0.0261;-0.0000;0.0010;0.0000;0.3307
1565.0;0.9464;0.9304;0.0145;0.0000;99;99;-0.0794;-0.0407;-0.0261;-0.0010;0.0010;0.0000;0.3307
1565.5;0.9478;0.9322;0.0670;0.0000;99;99;0.0745;-0.0393;-0.0275;-0.0029;0.0010;0.0000;0.3307
1566.0;0.9487;0.9336;0.0590;0.0000;101;99;-0.0037;-0.0378;-0.0275;-0.0029;0.0010;0.0000;0.3307
1566.5;0.9492;0.9354;0.0985;0.0000;103;99;-0.0037;-0.0349;-0.0275;-0.0049;0.0010;0.0000;0.3307
1567.0;0.9501;0.9373;0.0915;0.0000;103;101;-0.0037;-0.0319;-0.0275;-0.0039;0.0010;0.0000;0.3307
1567.5;0.9501;0.9386;0.1535;0.0000;105;101;-0.0842;-0.0290;-0.0275;-0.0068;0.0010;0.0000;0.3307
1568.0;0.9505;0.9405;0.1555;0.0000;107;103;-0.0061;-0.0261;-0.0275;-0.0068;0.0010;0.0000;0.3307
1568.5;0.9510;0.9423;0.1970;0.0000;107;103;-0.0085;-0.0231;-0.0275;-0.0088;0.0010;0.0000;0.3307
1569.0;0.9515;0.9437;0.1610;0.0000;109;103;-0.0842;-0.0202;-0.0275;-0.0068;-0.0000;0.0000;0.3307
1569.5;0.9524;0.9455;0.1350;0.0000;109;105;-0.0842;-0.0173;-0.0275;-0.0059;-0.0000;0.0000;0.3228
1570.0;0.9528;0.9469;0.0920;0.0000;109;107;-0.0037;-0.0144;-0.0275;-0.0039;-0.0000;0.0000;0.3228
1570.5;0.9533;0.9487;0.0795;0.0000;109;107;-0.0037;-0.0129;-0.0275;-0.0039;-0.0000;0.0000;0.3228
1571.0;0.9542;0.9501;0.0920;0.0000;109;107;-0.0037;-0.0114;-0.0275;-0.0039;-0.0000;0.0000;0.3228
1571.5;0.9551;0.9519;0.0275;0.0000;109;109;-0.0012;-0.0085;-0.0275;-0.0020;-0.0000;0.0000;0.3228
1572.0;0.9560;0.9533;0.0415;0.0000;109;109;-0.0037;-0.0070;-0.0275;-0.0020;-0.0000;0.0000;0.3228
1572.5;0.9570;0.9547;0.0145;0.0000;109;109;-0.0012;-0.0056;-0.0275;-0.0010;-0.0000;0.0000;0.3228
1573.0;0.9588;0.9565;0.0550;0.0000;109;107;-0.0037;-0.0070;-0.0275;-0.0029;-0.0000;0.0000;0.3228
1573.5;0.9606;0.9579;0.0570;0.0000;107;107;-0.0037;-0.0070;-0.0275;-0.0029;-0.0000;0.0000;0.3228
1574.0;0.9620;0.9597;0.0970;0.0000;107;105;-0.0037;-0.0070;-0.0275;-0.0049;-0.0000;0.0000;0.3228
1574.5;0.9634;0.9611;0.0955;0.0000;109;107;-0.0037;-0.0070;-0.0275;-0.0049;-0.0000;0.0000;0.3228
1575.0;0.9638;0.9625;0.1115;0.0000;109;105;-0.0842;-0.0041;-0.0275;-0.0049;-0.0000;0.0000;0.3228
1575.5;0.9647;0.9638;0.1940;0.0000;109;105;0.0696;-0.0026;-0.0275;-0.0088;-0.0000;0.0000;0.3228
1576.0;0.9661;0.9657;0.2215;0.0000;109;105;-0.0867;-0.0012;-0.0275;-0.0098;-0.0000;0.0000;0.3228
1576.5;0.9666;0.9670;0.2685;0.0000;110;105;-0.0110;0.0003;-0.0275;-0.0117;-0.0000;0.0000;0.3228
1577.0;0.9684;0.9684;0.2395;0.0000;110;107;0.0696;0.0003;-0.0275;-0.0108;-0.0000;0.0000;0.3228
1577.5;0.9689;0.9698;0.2700;0.0000;110;107;-0.0891;0.0018;-0.0275;-0.0117;-0.0000;0.0000;0.3228
1578.0;0.9698;0.9712;0.2205;0.0000;110;107;-0.0085;0.0032;-0.0275;-0.0098;-0.0000;0.0000;0.3150
1578.5;0.9707;0.9730;0.2190;0.0000;110;107;-0.0085;0.0047;-0.0275;-0.0098;-0.0000;0.0000;0.3150
1579.0;0.9712;0.9744;0.1810;0.0000;110;109;-0.0085;0.0062;-0.0275;-0.0078;-0.0000;0.0000;0.3150
1579.5;0.9721;0.9757;0.1810;0.0000;110;109;-0.0085;0.0091;-0.0275;-0.0078;-0.0000;0.0000;0.3150
1580.0;0.9734;0.9771;0.1415;0.0000;110;109;-0.0061;0.0091;-0.0275;-0.0068;-0.0000;0.0000;0.3150
1580.5;0.9744;0.9785;0.0960;0.0000;110;109;0.0745;0.0105;-0.0275;-0.0049;-0.0000;0.0000;0.3150
1581.0;0.9748;0.9799;0.1135;0.0000;110;110;-0.0061;0.0120;-0.0275;-0.0049;-0.0000;0.0000;0.3150
1581.5;0.9762;0.9812;0.0825;0.0000;110;110;-0.0818;0.0120;-0.0275;-0.0039;-0.0000;0.0000;0.3150
1582.0;0.9762;0.9826;0.1245;0.0000;110;110;-0.0061;0.0149;-0.0275;-0.0059;-0.0000;0.0000;0.3150
1582.5;0.9766;0.9840;0.0885;0.0000;112;110;-0.0037;0.0179;-0.0275;-0.0039;-0.0000;0.0000;0.3150
1583.0;0.9766;0.9853;0.0945;0.0000;112;112;-0.0037;0.0208;-0.0275;-0.0049;-0.0000;0.0000;0.3150
1583.5;0.9776;0.9867;0.0525;0.0000;112;112;0.0745;0.0223;-0.0275;-0.0029;-0.0000;0.0000;0.3150
1584.0;0.9780;0.9881;0.0600;0.0000;112;112;-0.0037;0.0237;-0.0275;-0.0029;-0.0000;0.0000;0.3150
1584.5;0.9794;0.9895;0.0730;0.0000;112;114;0.0745;0.0237;-0.0275;-0.0039;-0.0000;0.0000;0.3150
1585.0;0.9799;0.9908;0.0950;0.0000;114;114;-0.0037;0.0252;-0.0275;-0.0049;-0.0000;0.0000;0.3150
1585.5;0.9803;0.9918;0.1140;0.0000;114;114;-0.0842;0.0281;-0.0275;-0.0049;-0.0000;0.0000;0.3150
1586.0;0.9808;0.9931;0.0880;0.0000;114;114;-0.0037;0.0296;-0.0275;-0.0039;-0.0000;0.0000;0.3071
1586.5;0.9812;0.9945;0.1060;0.0000;114;114;-0.0061;0.0325;-0.0275;-0.0049;-0.0000;0.0000;0.3071
1587.0;0.9821;0.9959;0.0530;0.0000;114;114;-0.0037;0.0325;-0.0261;-0.0029;-0.0000;0.0000;0.3071
1587.5;0.9831;0.9968;0.0685;0.0000;114;114;-0.0037;0.0340;-0.0261;-0.0029;-0.0000;0.0000;0.3071
1588.0;0.9840;0.9982;0.0465;0.0000;114;116;-0.0037;0.0355;-0.0261;-0.0020;-0.0000;0.0000;0.3071
1588.5;0.9849;0.9995;0.0470;0.0000;116;114;-0.0818;0.0355;-0.0261;-0.0029;-0.0000;0.0000;0.3071
1589.0;0.9863;1.0009;0.0380;0.0000;114;114;-0.0037;0.0355;-0.0261;-0.0020;-0.0000;0.0000;0.3071
1589.5;0.9872;1.0018;0.0385;0.0000;114;114;-0.0037;0.0369;-0.0261;-0.0020;-0.0010;0.0000;0.3071
1590.0;0.9886;1.0032;0.0415;0.0000;114;114;-0.0037;0.0355;-0.0261;-0.0020;-0.0010;0.0000;0.3071
1590.5;0.9899;1.0046;-0.0125;0.0000;112;114;0.0769;0.0355;-0.0261;-0.0000;-0.0010;0.0000;0.3071
1591.0;0.9908;1.0055;-0.0335;0.0000;112;114;-0.0012;0.0369;-0.0261;0.0010;-0.0010;0.0000;0.3071
1591.5;0.9918;1.0069;-0.1025;0.0000;112;116;0.0818;0.0369;-0.0261;0.0039;-0.0000;0.0000;0.3071
1592.0;0.9931;1.0078;-0.1110;0.0000;110;116;0.0818;0.0369;-0.0246;0.0039;-0.0000;0.0000;0.3071
1592.5;0.9945;1.0092;-0.1865;0.0000;110;116;0.0842;0.0355;-0.0246;0.0078;-0.0000;0.0000;0.3071
1593.0;0.9963;1.0101;-0.1880;0.0000;109;114;0.0061;0.0340;-0.0246;0.0078;-0.0000;0.0000;0.3071
1593.5;0.9977;1.0114;-0.2390;0.0000;107;114;0.0842;0.0325;-0.0246;0.0098;-0.0000;0.0000;0.3071
1594.0;0.9986;1.0124;-0.2885;0.0000;107;116;0.0085;0.0340;-0.0246;0.0117;-0.0000;0.0000;0.2992
1594.5;0.9995;1.0137;-0.3220;0.0000;107;116;0.0110;0.0340;-0.0246;0.0127;-0.0000;0.0000;0.2992
1595.0;1.0000;1.0147;-0.3580;0.0000;109;118;0.0110;0.0355;-0.0246;0.0147;-0.0000;0.0000;0.2992
1595.5;1.0000;1.0160;-0.3420;0.0000;109;118;0.0110;0.0384;-0.0246;0.0137;-0.0000;0.0000;0.2992
1596.0;1.0005;1.0169;-0.3540;0.0000;110;118;-0.0672;0.0398;-0.0246;0.0147;-0.0000;0.0000;0.2992
1596.5;1.0014;1.0179;-0.3235;0.0000;110;118;0.0891;0.0413;-0.0246;0.0127;-0.0000;0.0000;0.2992
1597.0;1.0014;1.0192;-0.3315;0.0000;110;118;0.0110;0.0428;-0.0231;0.0137;-0.0000;0.0000;0.2992
1597.5;1.0014;1.0201;-0.3105;0.0000;112;120;0.0085;0.0457;-0.0231;0.0127;-0.0000;0.0000;0.2992
1598.0;1.0023;1.0211;-0.2925;0.0000;112;120;-0.0696;0.0457;-0.0231;0.0117;-0.0000;0.0000;0.2992
1598.5;1.0037;1.0224;-0.2485;0.0000;112;120;0.0867;0.0457;-0.0231;0.0098;-0.0000;0.0000;0.2992
1599.0;1.0055;1.0234;-0.2395;0.0000;112;118;0.0061;0.0442;-0.0231;0.0098;-0.0000;0.0000;0.2992
1599.5;1.0064;1.0243;-0.2150;0.0000;112;118;0.0061;0.0442;-0.0231;0.0088;-0.0000;0.0000;0.2992
1600.0;1.0073;1.0252;-0.1830;0.0000;112;116;-0.0720;0.0442;-0.0231;0.0068;-0.0000;0.0000;0.2992
1600.5;1.0092;1.0261;-0.1540;0.0000;112;114;0.0037;0.0428;-0.0231;0.0059;0.0010;0.0000;0.2992
1601.0;1.0110;1.0275;-0.0665;0.0000;110;112;0.0012;0.0398;-0.0217;0.0020;0.0010;0.0000;0.2992
1601.5;1.0119;1.0284;-0.0030;0.0000;112;112;-0.0012;0.0398;-0.0217;-0.0000;0.0010;0.0000;0.2992
1602.0;1.0133;1.0293;0.0740;0.0000;112;110;-0.0818;0.0398;-0.0217;-0.0039;0.0010;0.0000;0.2913
1602.5;1.0142;1.0302;0.0980;0.0000;112;112;0.0745;0.0398;-0.0217;-0.0049;0.0010;0.0000;0.2913
1603.0;1.0151;1.0311;0.1045;0.0000;112;110;-0.0818;0.0384;-0.0217;-0.0049;-0.0000;0.0000;0.2913
1603.5;1.0169;1.0321;0.0700;0.0000;112;110;-0.0037;0.0369;-0.0217;-0.0039;-0.0000;0.0000;0.2913
1604.0;1.0179;1.0330;0.0395;0.0000;110;110;0.0745;0.0369;-0.0217;-0.0020;-0.0000;0.0000;0.2913
1604.5;1.0183;1.0339;-0.0045;0.0000;110;110;-0.0794;0.0384;-0.0217;-0.0000;-0.0000;0.0000;0.2913
1605.0;1.0183;1.0348;-0.0310;0.0000;112;112;-0.0012;0.0398;-0.0217;0.0010;-0.0000;0.0000;0.2913
1605.5;1.0192;1.0357;-0.0490;0.0000;112;112;0.0012;0.0398;-0.0202;0.0020;-0.0000;0.0000;0.2913
1606.0;1.0201;1.0366;-0.0625;0.0000;112;114;0.0794;0.0398;-0.0202;0.0020;-0.0000;0.0000;0.2913
1606.5;1.0211;1.0375;-0.0515;0.0000;112;114;0.0794;0.0398;-0.0202;0.0020;-0.0000;0.0000;0.2913
1607.0;1.0215;1.0385;-0.0415;0.0000;112;114;0.0012;0.0413;-0.0202;0.0010;0.0010;0.0000;0.2913
1607.5;1.0215;1.0394;-0.0285;0.0000;112;114;-0.0012;0.0428;-0.0202;0.0010;0.0010;0.0000;0.2913
1608.0;1.0211;1.0403;0.0000;0.0000;114;114;-0.0012;0.0472;-0.0202;-0.0010;0.0010;0.0000;0.2913
1608.5;1.0220;1.0408;0.0340;0.0000;114;114;-0.0012;0.0472;-0.0202;-0.0020;0.0010;0.0000;0.2913
1609.0;1.0229;1.0417;0.0585;0.0000;114;114;-0.0037;0.0457;-0.0202;-0.0029;-0.0000;0.0000;0.2835
1609.5;1.0247;1.0426;0.0710;0.0000;114;114;-0.0037;0.0442;-0.0202;-0.0039;-0.0000;0.0000;0.2835
1610.0;1.0270;1.0435;0.0900;0.0000;112;112;-0.0037;0.0398;-0.0188;-0.0039;-0.0000;0.0000;0.2835
1610.5;1.0288;1.0440;0.1055;0.0000;110;110;-0.0061;0.0369;-0.0188;-0.0049;-0.0000;0.0000;0.2835
1611.0;1.0311;1.0449;0.1225;0.0000;109;109;-0.0061;0.0340;-0.0188;-0.0059;-0.0000;0.0000;0.2835
1611.5;1.0339;1.0458;0.1200;0.0000;109;107;-0.0061;0.0296;-0.0188;-0.0059;-0.0000;0.0000;0.2835
1612.0;1.0362;1.0467;0.1310;0.0000;107;105;-0.0061;0.0252;-0.0188;-0.0059;-0.0000;0.0000;0.2835
1612.5;1.0375;1.0472;0.1550;0.0000;107;103;-0.0842;0.0237;-0.0188;-0.0068;-0.0000;0.0000;0.2835
1613.0;1.0394;1.0481;0.1330;0.0000;105;103;-0.0061;0.0208;-0.0188;-0.0059;-0.0000;0.0000;0.2835
1613.5;1.0417;1.0485;0.1320;0.0000;105;103;-0.0061;0.0179;-0.0188;-0.0059;-0.0000;0.0000;0.2835
1614.0;1.0430;1.0495;0.0780;0.0000;103;103;0.0745;0.0164;-0.0188;-0.0039;-0.0000;0.0000;0.2835
1614.5;1.0440;1.0504;0.0520;0.0000;103;103;0.0745;0.0149;-0.0188;-0.0029;-0.0000;0.0000;0.2835
1615.0;1.0449;1.0508;-0.0185;0.0000;103;105;-0.0012;0.0149;-0.0188;-0.0000;-0.0000;0.0000;0.2835
1615.5;1.0462;1.0517;-0.0365;0.0000;101;103;0.0012;0.0120;-0.0188;0.0010;-0.0000;0.0000;0.2835
1616.0;1.0472;1.0522;-0.0805;0.0000;101;105;0.1575;0.0120;-0.0188;0.0029;-0.0000;0.0000;0.2835
1616.5;1.0485;1.0531;-0.0925;0.0000;101;105;0.0012;0.0105;-0.0188;0.0029;-0.0000;0.0000;0.2756
1617.0;1.0504;1.0536;-0.0995;0.0000;101;105;0.0012;0.0076;-0.0188;0.0039;-0.0000;0.0000;0.2756
1617.5;1.0517;1.0545;-0.0750;0.0000;99;103;0.0012;0.0062;-0.0188;0.0029;-0.0000;0.0000;0.2756
1618.0;1.0536;1.0549;-0.0240;0.0000;99;101;-0.0012;0.0032;-0.0188;0.0010;-0.0000;0.0000;0.2756
1618.5;1.0559;1.0554;-0.0435;0.0000;97;99;0.0794;-0.0012;-0.0188;0.0010;-0.0000;0.0000;0.2756
1619.0;1.0582;1.0563;-0.0035;0.0000;97;97;-0.0012;-0.0056;-0.0188;-0.0000;-0.0000;0.0000;0.2756
1619.5;1.0595;1.0568;-0.0235;0.0000;95;99;0.0769;-0.0070;-0.0188;0.0010;-0.0000;0.0000;0.2756
1620.0;1.0604;1.0577;0.0025;0.0000;95;97;-0.0012;-0.0085;-0.0188;-0.0010;-0.0000;0.0000;0.2756
1620.5;1.0614;1.0582;0.0110;0.0000;95;99;-0.0012;-0.0085;-0.0188;-0.0010;-0.0000;0.0000;0.2756
1621.0;1.0609;1.0586;0.0335;0.0000;97;99;-0.0012;-0.0070;-0.0188;-0.0020;-0.0000;0.0000;0.2756
1621.5;1.0614;1.0591;0.0185;0.0000;99;99;-0.0012;-0.0056;-0.0188;-0.0010;-0.0000;0.0000;0.2756
1622.0;1.0618;1.0600;-0.0010;0.0000;97;99;-0.0012;-0.0056;-0.0188;-0.0000;-0.0000;0.0000;0.2756
1622.5;1.0623;1.0604;-0.0190;0.0000;99;101;-0.0012;-0.0056;-0.0188;-0.0000;-0.0000;0.0000;0.2756
1623.0;1.0618;1.0609;-0.0175;0.0000;99;103;0.0769;-0.0041;-0.0188;-0.0000;-0.0000;0.0000;0.2756
1623.5;1.0623;1.0614;0.0225;0.0000;99;103;-0.0012;-0.0026;-0.0188;-0.0010;-0.0000;0.0000;0.2677
1624.0;1.0632;1.0618;0.0100;0.0000;99;103;0.0769;-0.0041;-0.0188;-0.0010;-0.0000;0.0000;0.2677
1624.5;1.0632;1.0627;0.0325;0.0000;99;103;-0.0012;-0.0026;-0.0188;-0.0020;-0.0000;0.0000;0.2677
1625.0;1.0632;1.0632;0.0260;0.0000;101;103;0.1551;-0.0012;-0.0188;-0.0020;-0.0000;0.0000;0.2677
1625.5;1.0627;1.0636;0.0710;0.0000;101;103;-0.0818;0.0018;-0.0188;-0.0039;-0.0000;0.0000;0.2677
1626.0;1.0623;1.0641;0.1050;0.0000;103;103;-0.0061;0.0032;-0.0188;-0.0049;-0.0000;0.0000;0.2677
1626.5;1.0623;1.0646;0.1540;0.0000;103;103;0.0720;0.0047;-0.0188;-0.0068;-0.0000;0.0000;0.2677
1627.0;1.0627;1.0650;0.1695;0.0000;105;103;-0.0061;0.0047;-0.0188;-0.0078;-0.0000;0.0000;0.2677
1627.5;1.0646;1.0655;0.1600;0.0000;103;101;-0.0842;0.0018;-0.0188;-0.0068;-0.0000;0.0000;0.2677
1628.0;1.0664;1.0659;0.1885;0.0000;101;99;0.0696;-0.0026;-0.0188;-0.0088;-0.0000;0.0000;0.2677
1628.5;1.0691;1.0664;0.1875;0.0000;99;97;-0.0867;-0.0070;-0.0188;-0.0088;-0.0000;0.0000;0.2677
1629.0;1.0719;1.0668;0.2025;0.0000;95;93;0.0696;-0.0144;-0.0188;-0.0088;-0.0000;0.0000;0.2677
1629.5;1.0742;1.0673;0.1665;0.0000;93;93;-0.0061;-0.0173;-0.0188;-0.0078;-0.0000;0.0000;0.2677
1630.0;1.0760;1.0678;0.1765;0.0000;93;91;0.0720;-0.0217;-0.0188;-0.0078;-0.0000;0.0000;0.2677
1630.5;1.0774;1.0678;0.1370;0.0000;91;91;-0.0061;-0.0246;-0.0188;-0.0059;-0.0000;0.0000;0.2598
1631.0;1.0788;1.0682;0.1475;0.0000;91;89;-0.0061;-0.0261;-0.0188;-0.0068;-0.0000;0.0000;0.2598
1631.5;1.0801;1.0687;0.1310;0.0000;91;89;-0.0061;-0.0290;-0.0188;-0.0059;-0.0000;0.0000;0.2598
1632.0;1.0820;1.0691;0.1395;0.0000;89;87;-0.0842;-0.0334;-0.0188;-0.0068;-0.0000;0.0000;0.2598
1632.5;1.0833;1.0696;0.1125;0.0000;89;87;-0.0061;-0.0349;-0.0188;-0.0049;-0.0000;0.0000;0.2598
1633.0;1.0847;1.0696;0.0875;0.0000;87;87;-0.0037;-0.0378;-0.0188;-0.0039;-0.0000;0.0000;0.2598
1633.5;1.0856;1.0701;0.1200;0.0000;87;85;-0.0061;-0.0393;-0.0188;-0.0059;-0.0000;0.0000;0.2598
1634.0;1.0865;1.0705;0.1145;0.0000;87;85;-0.0061;-0.0407;-0.0202;-0.0049;-0.0000;0.0000;0.2598
1634.5;1.0879;1.0710;0.1385;0.0000;87;83;-0.0842;-0.0437;-0.0202;-0.0059;-0.0000;0.0000;0.2598
1635.0;1.0893;1.0710;0.1115;0.0000;87;83;-0.0061;-0.0466;-0.0202;-0.0049;-0.0000;0.0000;0.2598
1635.5;1.0902;1.0714;0.1330;0.0000;87;83;-0.0061;-0.0481;-0.0202;-0.0059;-0.0000;0.0000;0.2598
1636.0;1.0902;1.0719;0.1135;0.0000;85;83;0.0720;-0.0481;-0.0202;-0.0049;-0.0000;0.0000;0.2598
1636.5;1.0907;1.0719;0.1495;0.0000;87;83;-0.0061;-0.0466;-0.0202;-0.0068;-0.0000;0.0000;0.2598
1637.0;1.0911;1.0723;0.1485;0.0000;87;83;-0.0061;-0.0481;-0.0202;-0.0068;-0.0000;0.0000;0.2520
1637.5;1.0907;1.0723;0.1845;0.0000;87;85;0.0696;-0.0451;-0.0202;-0.0078;-0.0000;0.0000;0.2520
1638.0;1.0897;1.0728;0.1725;0.0000;89;87;0.0720;-0.0437;-0.0217;-0.0078;-0.0000;0.0000;0.2520
1638.5;1.0897;1.0728;0.1465;0.0000;89;87;-0.0842;-0.0422;-0.0217;-0.0068;-0.0010;0.0000;0.2520
1639.0;1.0897;1.0733;0.1795;0.0000;89;87;-0.0085;-0.0422;-0.0217;-0.0078;-0.0010;0.0000;0.2520
1639.5;1.0902;1.0733;0.1650;0.0000;89;87;-0.0061;-0.0422;-0.0217;-0.0078;-0.0010;0.0000;0.2520
1640.0;1.0907;1.0737;0.2335;0.0000;89;85;-0.0867;-0.0422;-0.0217;-0.0108;-0.0010;0.0000;0.2520
1640.5;1.0902;1.0737;0.2365;0.0000;91;87;0.0696;-0.0422;-0.0217;-0.0108;-0.0010;0.0000;0.2520
1641.0;1.0888;1.0742;0.2550;0.0000;91;87;0.0672;-0.0378;-0.0217;-0.0108;-0.0010;0.0000;0.2520
1641.5;1.0865;1.0742;0.2200;0.0000;93;91;-0.0085;-0.0319;-0.0217;-0.0098;-0.0010;0.0000;0.2520
1642.0;1.0842;1.0746;0.2210;0.0000;95;93;0.0696;-0.0261;-0.0217;-0.0098;-0.0010;0.0000;0.2520
1642.5;1.0824;1.0746;0.2295;0.0000;97;95;0.0696;-0.0202;-0.0217;-0.0098;-0.0010;0.0000;0.2520
1643.0;1.0810;1.0746;0.1820;0.0000;99;97;-0.0085;-0.0173;-0.0217;-0.0078;-0.0010;0.0000;0.2520
1643.5;1.0806;1.0746;0.1820;0.0000;99;97;-0.0085;-0.0144;-0.0231;-0.0078;-0.0010;0.0000;0.2441
1644.0;1.0797;1.0751;0.1615;0.0000;99;97;-0.0061;-0.0114;-0.0231;-0.0068;-0.0010;0.0000;0.2441
1644.5;1.0788;1.0751;0.2075;0.0000;101;97;-0.0085;-0.0100;-0.0231;-0.0088;-0.0010;0.0000;0.2441
1645.0;1.0783;1.0751;0.2105;0.0000;101;97;-0.0867;-0.0085;-0.0231;-0.0098;-0.0010;0.0000;0.2441
1645.5;1.0765;1.0755;0.2505;0.0000;103;97;-0.0891;-0.0026;-0.0231;-0.0108;-0.0010;0.0000;0.2441
1646.0;1.0746;1.0755;0.2465;0.0000;103;99;0.0672;0.0018;-0.0231;-0.0108;-0.0010;0.0000;0.2441
1646.5;1.0728;1.0755;0.2565;0.0000;103;99;-0.0110;0.0062;-0.0231;-0.0117;-0.0010;0.0000;0.2441
1647.0;1.0719;1.0755;0.2565;0.0000;105;101;-0.0110;0.0076;-0.0231;-0.0117;-0.0010;0.0000;0.2441
1647.5;1.0719;1.0755;0.2690;0.0000;105;99;-0.0110;0.0091;-0.0231;-0.0117;-0.0010;0.0000;0.2441
1648.0;1.0714;1.0755;0.3000;0.0000;105;99;-0.0110;0.0091;-0.0231;-0.0127;-0.0010;0.0000;0.2441
1648.5;1.0710;1.0755;0.2830;0.0000;103;99;0.0672;0.0105;-0.0217;-0.0127;-0.0010;0.0000;0.2441
1649.0;1.0714;1.0755;0.2950;0.0000;103;97;-0.0891;0.0091;-0.0217;-0.0127;-0.0020;0.0000;0.2441
1649.5;1.0723;1.0755;0.2635;0.0000;101;97;-0.0110;0.0076;-0.0217;-0.0117;-0.0020;0.0000;0.2441
1650.0;1.0728;1.0755;0.2610;0.0000;99;95;-0.0110;0.0062;-0.0217;-0.0117;-0.0020;0.0000;0.2362
1650.5;1.0728;1.0755;0.2680;0.0000;99;95;0.0672;0.0062;-0.0217;-0.0117;-0.0020;0.0000;0.2362
1651.0;1.0728;1.0755;0.2550;0.0000;99;95;-0.0110;0.0062;-0.0217;-0.0108;-0.0020;0.0000;0.2362
1651.5;1.0733;1.0755;0.2335;0.0000;97;95;-0.0085;0.0047;-0.0217;-0.0108;-0.0020;0.0000;0.2362
1652.0;1.0728;1.0755;0.1660;0.0000;97;95;0.0720;0.0062;-0.0217;-0.0078;-0.0020;0.0000;0.2362
1652.5;1.0719;1.0755;0.1250;0.0000;97;97;0.0720;0.0091;-0.0217;-0.0059;-0.0020;0.0000;0.2362
1653.0;1.0723;1.0755;0.0810;0.0000;95;97;0.0745;0.0076;-0.0217;-0.0039;-0.0020;0.0000;0.2362
1653.5;1.0728;1.0755;0.0810;0.0000;95;95;-0.0037;0.0062;-0.0217;-0.0039;-0.0020;0.0000;0.2362
1654.0;1.0728;1.0755;0.0390;0.0000;95;95;0.0745;0.0062;-0.0217;-0.0020;-0.0020;0.0000;0.2362
1654.5;1.0723;1.0755;0.0480;0.0000;95;97;-0.0037;0.0076;-0.0217;-0.0029;-0.0020;0.0000;0.2362
1655.0;1.0714;1.0755;0.0105;0.0000;95;99;0.0769;0.0091;-0.0217;-0.0010;-0.0020;0.0000;0.2362
1655.5;1.0710;1.0751;0.0070;0.0000;95;99;-0.0012;0.0105;-0.0217;-0.0010;-0.0020;0.0000;0.2362
1656.0;1.0705;1.0751;0.0620;0.0000;97;97;-0.0037;0.0105;-0.0217;-0.0029;-0.0020;0.0000;0.2362
1656.5;1.0710;1.0751;0.0940;0.0000;97;97;-0.0037;0.0105;-0.0217;-0.0049;-0.0020;0.0000;0.2362
1657.0;1.0705;1.0746;0.1805;0.0000;97;95;-0.0867;0.0105;-0.0217;-0.0078;-0.0020;0.0000;0.2362
1657.5;1.0687;1.0746;0.1960;0.0000;99;95;-0.0867;0.0149;-0.0217;-0.0088;-0.0020;0.0000;0.2362
1658.0;1.0673;1.0746;0.2130;0.0000;101;97;0.0696;0.0179;-0.0217;-0.0098;-0.0020;0.0000;0.2362
1658.5;1.0659;1.0746;0.1735;0.0000;101;99;-0.0085;0.0193;-0.0217;-0.0078;-0.0020;0.0000;0.2362
1659.0;1.0650;1.0742;0.1580;0.0000;101;99;0.0720;0.0223;-0.0217;-0.0068;-0.0020;0.0000;0.2362
1659.5;1.0636;1.0742;0.1110;0.0000;101;101;-0.0842;0.0252;-0.0217;-0.0049;-0.0020;0.0000;0.2362
1660.0;1.0632;1.0737;0.1025;0.0000;101;101;-0.0037;0.0252;-0.0217;-0.0049;-0.0020;0.0000;0.2283
1660.5;1.0623;1.0737;0.0555;0.0000;101;101;-0.0818;0.0281;-0.0217;-0.0029;-0.0020;0.0000;0.2283
1661.0;1.0614;1.0733;0.0265;0.0000;103;101;-0.0794;0.0296;-0.0217;-0.0020;-0.0020;0.0000;0.2283
1661.5;1.0609;1.0733;0.0485;0.0000;103;101;-0.0037;0.0311;-0.0202;-0.0029;-0.0020;0.0000;0.2283
1662.0;1.0591;1.0728;0.0410;0.0000;103;103;-0.0037;0.0340;-0.0202;-0.0020;-0.0020;0.0000;0.2283
1662.5;1.0568;1.0728;0.0645;0.0000;105;103;0.0745;0.0384;-0.0202;-0.0029;-0.0020;0.0000;0.2283
1663.0;1.0559;1.0723;0.0570;0.0000;107;105;-0.0037;0.0413;-0.0202;-0.0029;-0.0020;0.0000;0.2283
1663.5;1.0549;1.0723;0.1020;0.0000;107;103;-0.0037;0.0428;-0.0202;-0.0049;-0.0020;0.0000;0.2283
1664.0;1.0549;1.0719;0.1120;0.0000;105;103;-0.0061;0.0413;-0.0202;-0.0049;-0.0020;0.0000;0.2283
1664.5;1.0554;1.0719;0.1645;0.0000;105;101;-0.0061;0.0398;-0.0202;-0.0078;-0.0020;0.0000;0.2283
1665.0;1.0559;1.0714;0.1975;0.0000;105;99;-0.0085;0.0384;-0.0202;-0.0088;-0.0020;0.0000;0.2283
1665.5;1.0549;1.0710;0.1890;0.0000;105;99;-0.0085;0.0398;-0.0202;-0.0088;-0.0020;0.0000;0.2283
1666.0;1.0545;1.0710;0.2035;0.0000;105;99;-0.0085;0.0398;-0.0188;-0.0088;-0.0029;0.0000;0.2283
1666.5;1.0540;1.0705;0.1965;0.0000;105;99;-0.0085;0.0398;-0.0188;-0.0088;-0.0029;0.0000;0.2283
1667.0;1.0531;1.0701;0.2210;0.0000;105;99;-0.0085;0.0428;-0.0188;-0.0098;-0.0029;0.0000;0.2283
1667.5;1.0517;1.0696;0.1955;0.0000;105;101;0.0696;0.0442;-0.0188;-0.0088;-0.0029;0.0000;0.2283
1668.0;1.0513;1.0696;0.2040;0.0000;105;101;-0.0085;0.0442;-0.0188;-0.0088;-0.0029;0.0000;0.2283
1668.5;1.0513;1.0691;0.1610;0.0000;105;101;-0.0061;0.0442;-0.0188;-0.0068;-0.0029;0.0000;0.2283
1669.0;1.0517;1.0687;0.1435;0.0000;103;101;-0.0061;0.0428;-0.0188;-0.0068;-0.0029;0.0000;0.2283
1669.5;1.0522;1.0682;0.0860;0.0000;101;99;-0.0037;0.0398;-0.0188;-0.0039;-0.0029;0.0000;0.2283
1670.0;1.0527;1.0678;0.0820;0.0000;101;99;-0.0037;0.0369;-0.0188;-0.0039;-0.0029;0.0000;0.2205
1670.5;1.0536;1.0678;0.0785;0.0000;99;97;-0.0037;0.0355;-0.0173;-0.0039;-0.0029;0.0000;0.2205
1671.0;1.0540;1.0673;0.0400;0.0000;97;95;-0.0037;0.0325;-0.0173;-0.0020;-0.0029;0.0000;0.2205
1671.5;1.0549;1.0668;0.0535;0.0000;95;95;-0.0037;0.0296;-0.0173;-0.0029;-0.0029;0.0000;0.2205
1672.0;1.0554;1.0664;0.0425;0.0000;95;93;-0.0037;0.0267;-0.0173;-0.0020;-0.0029;0.0000;0.2205
1672.5;1.0563;1.0659;0.0755;0.0000;95;93;-0.0037;0.0237;-0.0173;-0.0039;-0.0029;0.0000;0.2205
1673.0;1.0568;1.0655;0.0425;0.0000;93;91;-0.0037;0.0208;-0.0173;-0.0020;-0.0029;0.0000;0.2205
1673.5;1.0577;1.0650;0.0530;0.0000;93;91;-0.0037;0.0179;-0.0173;-0.0029;-0.0029;0.0000;0.2205
1674.0;1.0582;1.0646;0.0260;0.0000;91;89;-0.0012;0.0149;-0.0173;-0.0020;-0.0029;0.0000;0.2205
1674.5;1.0591;1.0641;0.0300;0.0000;89;89;-0.0012;0.0120;-0.0173;-0.0020;-0.0029;0.0000;0.2205
1675.0;1.0595;1.0636;0.0030;0.0000;89;87;-0.0012;0.0091;-0.0173;-0.0010;-0.0029;0.0000;0.2205
1675.5;1.0600;1.0632;0.0140;0.0000;89;87;-0.0012;0.0062;-0.0173;-0.0010;-0.0029;0.0000;0.2205
1676.0;1.0604;1.0627;0.0295;0.0000;89;87;-0.0012;0.0047;-0.0173;-0.0020;-0.0029;0.0000;0.2205
1676.5;1.0609;1.0618;-0.0165;0.0000;87;87;-0.0012;0.0018;-0.0173;-0.0000;-0.0029;0.0000;0.2205
1677.0;1.0609;1.0614;-0.0125;0.0000;87;87;0.0769;0.0003;-0.0173;-0.0000;-0.0029;0.0000;0.2205
1677.5;1.0600;1.0609;-0.0515;0.0000;87;89;0.0012;0.0018;-0.0173;0.0020;-0.0029;0.0000;0.2205
1678.0;1.0591;1.0604;-0.0285;0.0000;87;89;0.0769;0.0018;-0.0173;0.0010;-0.0029;0.0000;0.2205
1678.5;1.0586;1.0600;-0.0345;0.0000;87;89;-0.0012;0.0018;-0.0173;0.0010;-0.0029;0.0000;0.2205
1679.0;1.0586;1.0591;-0.0220;0.0000;87;89;-0.0012;0.0018;-0.0173;-0.0000;-0.0029;0.0000;0.2205
1679.5;1.0586;1.0586;-0.0330;0.0000;87;89;-0.0012;-0.0012;-0.0173;0.0010;-0.0029;0.0000;0.2126
1680.0;1.0582;1.0582;-0.0545;0.0000;87;89;0.0012;-0.0012;-0.0173;0.0020;-0.0029;0.0000;0.2126
1680.5;1.0572;1.0577;-0.0215;0.0000;87;89;-0.0012;0.0003;-0.0173;-0.0000;-0.0029;0.0000;0.2126
1681.0;1.0559;1.0568;-0.0265;0.0000;87;91;0.0769;0.0018;-0.0173;0.0010;-0.0029;0.0000;0.2126
1681.5;1.0554;1.0563;-0.0115;0.0000;87;89;-0.0012;0.0018;-0.0173;-0.0000;-0.0029;0.0000;0.2126
1682.0;1.0549;1.0554;-0.0365;0.0000;87;89;0.0012;0.0003;-0.0173;0.0010;-0.0029;0.0000;0.2126
1682.5;1.0545;1.0549;-0.0190;0.0000;87;89;0.0769;0.0003;-0.0173;-0.0000;-0.0029;0.0000;0.2126
1683.0;1.0540;1.0545;-0.0515;0.0000;87;89;0.0012;0.0003;-0.0173;0.0020;-0.0029;0.0000;0.2126
1683.5;1.0536;1.0536;-0.0270;0.0000;87;89;0.0769;0.0003;-0.0173;0.0010;-0.0029;0.0000;0.2126
1684.0;1.0531;1.0531;-0.0105;0.0000;87;89;-0.0012;-0.0012;-0.0173;-0.0000;-0.0029;0.0000;0.2126
1684.5;1.0540;1.0522;0.0280;0.0000;85;87;0.0769;-0.0041;-0.0173;-0.0020;-0.0029;0.0000;0.2126
1685.0;1.0540;1.0517;0.0585;0.0000;83;85;0.0745;-0.0070;-0.0173;-0.0029;-0.0029;0.0000;0.2126
1685.5;1.0540;1.0508;0.0770;0.0000;83;83;-0.0037;-0.0085;-0.0173;-0.0039;-0.0029;0.0000;0.2126
1686.0;1.0545;1.0504;0.1475;0.0000;83;81;-0.0061;-0.0114;-0.0173;-0.0068;-0.0029;0.0000;0.2126
1686.5;1.0545;1.0495;0.1725;0.0000;83;81;-0.0061;-0.0129;-0.0173;-0.0078;-0.0029;0.0000;0.2126
1687.0;1.0545;1.0485;0.2370;0.0000;83;79;0.0696;-0.0144;-0.0173;-0.0108;-0.0029;0.0000;0.2126
1687.5;1.0540;1.0481;0.2515;0.0000;83;79;-0.0110;-0.0158;-0.0173;-0.0108;-0.0029;0.0000;0.2126
1688.0;1.0545;1.0472;0.3015;0.0000;83;77;-0.0110;-0.0188;-0.0173;-0.0127;-0.0029;0.0000;0.2126
1688.5;1.0540;1.0467;0.3090;0.0000;83;77;-0.0110;-0.0188;-0.0173;-0.0137;-0.0029;0.0000;0.2047
1689.0;1.0531;1.0458;0.3425;0.0000;83;77;0.0647;-0.0188;-0.0173;-0.0147;-0.0029;0.0000;0.2047
1689.5;1.0527;1.0449;0.3630;0.0000;83;77;-0.0134;-0.0202;-0.0173;-0.0156;-0.0029;0.0000;0.2047
1690.0;1.0517;1.0440;0.3930;0.0000;83;77;0.1404;-0.0202;-0.0173;-0.0166;-0.0029;0.0000;0.2047
1690.5;1.0513;1.0435;0.3985;0.0000;83;77;-0.0159;-0.0202;-0.0173;-0.0176;-0.0029;0.0000;0.2047
1691.0;1.0513;1.0426;0.3865;0.0000;83;77;-0.0134;-0.0217;-0.0173;-0.0166;-0.0039;0.0000;0.2047
1691.5;1.0504;1.0417;0.4110;0.0000;83;77;0.0623;-0.0217;-0.0173;-0.0176;-0.0039;0.0000;0.2047
1692.0;1.0504;1.0408;0.4095;0.0000;81;75;-0.0159;-0.0246;-0.0188;-0.0176;-0.0039;0.0000;0.2047
1692.5;1.0499;1.0403;0.4380;0.0000;81;75;0.0623;-0.0246;-0.0188;-0.0186;-0.0039;0.0000;0.2047
1693.0;1.0495;1.0394;0.4245;0.0000;81;75;-0.0159;-0.0261;-0.0188;-0.0186;-0.0039;0.0000;0.2047
1693.5;1.0490;1.0385;0.4570;0.0000;81;73;0.0598;-0.0275;-0.0188;-0.0196;-0.0039;0.0000;0.2047
1694.0;1.0472;1.0375;0.4525;0.0000;81;75;-0.0159;-0.0246;-0.0188;-0.0196;-0.0039;0.0000;0.2047
1694.5;1.0449;1.0366;0.4815;0.0000;83;75;-0.0965;-0.0217;-0.0188;-0.0205;-0.0039;0.0000;0.2047
1695.0;1.0430;1.0357;0.4390;0.0000;83;77;0.1404;-0.0202;-0.0188;-0.0186;-0.0039;0.0000;0.2047
1695.5;1.0426;1.0348;0.3975;0.0000;83;77;-0.0159;-0.0202;-0.0188;-0.0176;-0.0039;0.0000;0.2047
1696.0;1.0421;1.0339;0.3130;0.0000;81;77;-0.0134;-0.0217;-0.0188;-0.0137;-0.0039;0.0000;0.2047
1696.5;1.0421;1.0330;0.2370;0.0000;79;77;0.0696;-0.0231;-0.0188;-0.0108;-0.0039;0.0000;0.2047
1697.0;1.0426;1.0321;0.2185;0.0000;79;75;-0.0085;-0.0261;-0.0188;-0.0098;-0.0049;0.0000;0.2047
1697.5;1.0421;1.0311;0.1825;0.0000;77;75;0.0696;-0.0290;-0.0188;-0.0078;-0.0049;0.0000;0.1969
1698.0;1.0417;1.0302;0.1795;0.0000;77;75;-0.0085;-0.0290;-0.0188;-0.0078;-0.0049;0.0000;0.1969
1698.5;1.0398;1.0293;0.1385;0.0000;77;77;-0.0842;-0.0275;-0.0188;-0.0059;-0.0049;0.0000;0.1969
1699.0;1.0385;1.0284;0.1570;0.0000;77;77;0.0720;-0.0261;-0.0188;-0.0068;-0.0049;0.0000;0.1969
1699.5;1.0375;1.0275;0.1255;0.0000;77;77;0.1502;-0.0261;-0.0202;-0.0059;-0.0049;0.0000;0.1969
1700.0;1.0371;1.0261;0.1625;0.0000;77;77;-0.0061;-0.0275;-0.0202;-0.0068;-0.0049;0.0000;0.1969
1700.5;1.0366;1.0252;0.1795;0.0000;77;75;-0.0085;-0.0290;-0.0202;-0.0078;-0.0049;0.0000;0.1969
1701.0;1.0357;1.0243;0.1780;0.0000;75;75;0.0696;-0.0290;-0.0202;-0.0078;-0.0049;0.0000;0.1969
1701.5;1.0343;1.0234;0.1855;0.0000;75;75;0.0696;-0.0290;-0.0202;-0.0078;-0.0049;0.0000;0.1969
1702.0;1.0334;1.0224;0.1770;0.0000;75;75;0.0696;-0.0290;-0.0202;-0.0078;-0.0049;0.0000;0.1969
1702.5;1.0330;1.0211;0.1930;0.0000;75;75;-0.0085;-0.0290;-0.0202;-0.0088;-0.0049;0.0000;0.1969
1703.0;1.0325;1.0201;0.1870;0.0000;75;73;-0.0085;-0.0319;-0.0202;-0.0088;-0.0049;0.0000;0.1969
1703.5;1.0330;1.0192;0.1770;0.0000;73;71;-0.0085;-0.0349;-0.0202;-0.0078;-0.0049;0.0000;0.1969
1704.0;1.0330;1.0179;0.1175;0.0000;71;71;-0.0061;-0.0378;-0.0202;-0.0059;-0.0049;0.0000;0.1969
1704.5;1.0330;1.0169;0.0815;0.0000;71;71;0.0745;-0.0407;-0.0202;-0.0039;-0.0049;0.0000;0.1969
1705.0;1.0330;1.0160;0.0275;0.0000;69;69;-0.0012;-0.0437;-0.0202;-0.0020;-0.0049;0.0000;0.1969
1705.5;1.0321;1.0147;0.0225;0.0000;69;69;-0.0012;-0.0437;-0.0217;-0.0010;-0.0049;0.0000;0.1969
1706.0;1.0316;1.0137;0.0020;0.0000;69;69;-0.0012;-0.0451;-0.0217;-0.0010;-0.0049;0.0000;0.1890
1706.5;1.0302;1.0124;-0.0465;0.0000;67;71;0.1575;-0.0451;-0.0217;0.0010;-0.0049;0.0000;0.1890
1707.0;1.0279;1.0114;-0.0710;0.0000;67;71;0.1575;-0.0422;-0.0217;0.0029;-0.0049;0.0000;0.1890
1707.5;1.0256;1.0101;-0.0925;0.0000;69;73;0.0012;-0.0393;-0.0217;0.0029;-0.0049;0.0000;0.1890
1708.0;1.0234;1.0092;-0.0915;0.0000;71;75;0.0794;-0.0363;-0.0217;0.0029;-0.0049;0.0000;0.1890
1708.5;1.0206;1.0078;-0.1010;0.0000;71;77;0.0012;-0.0334;-0.0217;0.0039;-0.0049;0.0000;0.1890
1709.0;1.0183;1.0069;-0.0345;0.0000;75;77;-0.0794;-0.0305;-0.0217;0.0010;-0.0049;0.0000;0.1890
1709.5;1.0169;1.0055;0.0240;0.0000;75;75;0.0769;-0.0290;-0.0217;-0.0020;-0.0049;0.0000;0.1890
1710.0;1.0151;1.0046;0.1475;0.0000;77;75;0.0720;-0.0275;-0.0217;-0.0068;-0.0049;0.0000;0.1890
1710.5;1.0137;1.0032;0.2555;0.0000;77;73;-0.0891;-0.0275;-0.0231;-0.0108;-0.0049;0.0000;0.1890
1711.0;1.0128;1.0018;0.3695;0.0000;77;71;-0.0134;-0.0275;-0.0231;-0.0156;-0.0049;0.0000;0.1890
1711.5;1.0110;1.0009;0.4460;0.0000;79;71;-0.0159;-0.0261;-0.0231;-0.0196;-0.0049;0.0000;0.1890
1712.0;1.0087;0.9995;0.4495;0.0000;79;71;-0.0159;-0.0231;-0.0231;-0.0196;-0.0049;0.0000;0.1890
1712.5;1.0069;0.9982;0.4915;0.0000;81;71;-0.0965;-0.0217;-0.0231;-0.0215;-0.0049;0.0000;0.1890
1713.0;1.0050;0.9968;0.4855;0.0000;81;71;0.0598;-0.0217;-0.0231;-0.0205;-0.0059;0.0000;0.1890
1713.5;1.0032;0.9959;0.4890;0.0000;81;71;-0.0183;-0.0188;-0.0231;-0.0215;-0.0059;0.0000;0.1890
1714.0;1.0009;0.9945;0.4730;0.0000;81;71;-0.0183;-0.0173;-0.0231;-0.0205;-0.0059;0.0000;0.1811
1714.5;0.9986;0.9931;0.4735;0.0000;83;73;-0.0183;-0.0144;-0.0231;-0.0205;-0.0059;0.0000;0.1811
1715.0;0.9963;0.9918;0.4500;0.0000;83;73;-0.0965;-0.0114;-0.0231;-0.0196;-0.0059;0.0000;0.1811
1715.5;0.9940;0.9908;0.4485;0.0000;83;73;0.0623;-0.0100;-0.0231;-0.0196;-0.0059;0.0000;0.1811
1716.0;0.9927;0.9895;0.4685;0.0000;83;73;-0.0965;-0.0085;-0.0231;-0.0205;-0.0059;0.0000;0.1811
1716.5;0.9908;0.9881;0.4730;0.0000;83;73;-0.0183;-0.0070;-0.0231;-0.0205;-0.0059;0.0000;0.1811
1717.0;0.9886;0.9867;0.4875;0.0000;85;73;-0.0183;-0.0056;-0.0231;-0.0205;-0.0059;0.0000;0.1811
1717.5;0.9853;0.9853;0.4675;0.0000;87;73;-0.0965;-0.0012;-0.0231;-0.0205;-0.0059;0.0000;0.1811
1718.0;0.9826;0.9840;0.4690;0.0000;87;75;-0.0965;0.0032;-0.0231;-0.0205;-0.0068;0.0000;0.1811
1718.5;0.9794;0.9826;0.4440;0.0000;89;77;-0.0183;0.0076;-0.0231;-0.0196;-0.0068;0.0000;0.1811
1719.0;0.9771;0.9812;0.4515;0.0000;89;77;-0.0159;0.0091;-0.0231;-0.0196;-0.0068;0.0000;0.1811
1719.5;0.9753;0.9799;0.4365;0.0000;89;77;0.0623;0.0105;-0.0231;-0.0186;-0.0068;0.0000;0.1811
1720.0;0.9730;0.9785;0.4270;0.0000;89;77;-0.0159;0.0120;-0.0231;-0.0186;-0.0068;0.0000;0.1811
1720.5;0.9712;0.9771;0.3940;0.0000;87;77;-0.0159;0.0135;-0.0231;-0.0166;-0.0068;0.0000;0.1811
1721.0;0.9693;0.9757;0.3650;0.0000;87;77;-0.0134;0.0149;-0.0231;-0.0156;-0.0068;0.0000;0.1811
1721.5;0.9679;0.9744;0.3510;0.0000;87;77;-0.0916;0.0149;-0.0231;-0.0156;-0.0068;0.0000;0.1811
1722.0;0.9657;0.9730;0.3250;0.0000;87;77;-0.0134;0.0179;-0.0231;-0.0137;-0.0068;0.0000;0.1732
1722.5;0.9629;0.9712;0.3110;0.0000;87;77;-0.0110;0.0193;-0.0231;-0.0137;-0.0068;0.0000;0.1732
1723.0;0.9615;0.9698;0.2675;0.0000;87;77;-0.0110;0.0208;-0.0231;-0.0117;-0.0068;0.0000;0.1732
1723.5;0.9597;0.9684;0.2385;0.0000;87;77;-0.0085;0.0208;-0.0231;-0.0108;-0.0068;0.0000;0.1732
1724.0;0.9579;0.9670;0.1930;0.0000;85;77;-0.0085;0.0223;-0.0231;-0.0088;-0.0068;0.0000;0.1732
1724.5;0.9565;0.9657;0.1765;0.0000;85;77;-0.0085;0.0223;-0.0217;-0.0078;-0.0078;0.0000;0.1732
1725.0;0.9560;0.9638;0.1435;0.0000;83;77;-0.0061;0.0193;-0.0217;-0.0068;-0.0078;0.0000;0.1732
1725.5;0.9551;0.9625;0.1260;0.0000;81;75;-0.0061;0.0179;-0.0217;-0.0059;-0.0078;0.0000;0.1732
1726.0;0.9542;0.9611;0.0920;0.0000;79;75;-0.0037;0.0164;-0.0217;-0.0039;-0.0078;0.0000;0.1732
1726.5;0.9528;0.9597;0.0710;0.0000;79;75;-0.0037;0.0164;-0.0217;-0.0039;-0.0078;0.0000;0.1732
1727.0;0.9510;0.9579;0.0730;0.0000;79;75;-0.0037;0.0164;-0.0217;-0.0039;-0.0078;0.0000;0.1732
1727.5;0.9492;0.9565;0.0565;0.0000;79;75;-0.0037;0.0164;-0.0217;-0.0029;-0.0078;0.0000;0.1732
1728.0;0.9478;0.9547;0.0590;0.0000;79;75;-0.0037;0.0179;-0.0217;-0.0029;-0.0078;0.0000;0.1732
1728.5;0.9451;0.9533;0.0490;0.0000;79;75;-0.0818;0.0193;-0.0217;-0.0029;-0.0078;0.0000;0.1732
1729.0;0.9441;0.9519;0.0530;0.0000;79;75;-0.0037;0.0179;-0.0217;-0.0029;-0.0078;0.0000;0.1732
1729.5;0.9432;0.9501;0.0340;0.0000;77;73;-0.0012;0.0164;-0.0217;-0.0020;-0.0078;0.0000;0.1654
1730.0;0.9423;0.9487;0.0385;0.0000;77;73;-0.0037;0.0149;-0.0217;-0.0020;-0.0078;0.0000;0.1654
1730.5;0.9409;0.9469;0.0330;0.0000;77;73;-0.0012;0.0135;-0.0217;-0.0020;-0.0078;0.0000;0.1654
1731.0;0.9396;0.9455;0.0070;0.0000;75;73;-0.0012;0.0135;-0.0217;-0.0010;-0.0078;0.0000;0.1654
1731.5;0.9382;0.9437;0.0070;0.0000;75;71;-0.0012;0.0135;-0.0217;-0.0010;-0.0078;0.0000;0.1654
1732.0;0.9368;0.9423;0.0070;0.0000;75;71;-0.0012;0.0120;-0.0217;-0.0010;-0.0078;0.0000;0.1654
1732.5;0.9354;0.9405;0.0160;0.0000;75;71;-0.0012;0.0120;-0.0217;-0.0010;-0.0078;0.0000;0.1654
1733.0;0.9341;0.9386;-0.0010;0.0000;75;71;-0.0012;0.0120;-0.0217;-0.0000;-0.0078;0.0000;0.1654
1733.5;0.9318;0.9373;-0.0105;0.0000;75;73;0.0769;0.0120;-0.0217;-0.0000;-0.0078;0.0000;0.1654
1734.0;0.9290;0.9354;-0.0640;0.0000;75;73;0.0794;0.0149;-0.0217;0.0020;-0.0078;0.0000;0.1654
1734.5;0.9272;0.9336;-0.0885;0.0000;75;75;0.0012;0.0164;-0.0217;0.0029;-0.0078;0.0000;0.1654
1735.0;0.9245;0.9322;-0.1080;0.0000;75;75;-0.0745;0.0179;-0.0217;0.0039;-0.0078;0.0000;0.1654
1735.5;0.9217;0.9304;-0.1360;0.0000;77;75;-0.0745;0.0208;-0.0202;0.0049;-0.0078;0.0000;0.1654
1736.0;0.9194;0.9286;-0.1545;0.0000;77;77;0.0037;0.0223;-0.0202;0.0059;-0.0078;0.0000;0.1654
1736.5;0.9171;0.9272;-0.1715;0.0000;77;77;-0.0745;0.0237;-0.0202;0.0068;-0.0078;0.0000;0.1654
1737.0;0.9139;0.9254;-0.1850;0.0000;79;77;0.0061;0.0267;-0.0202;0.0068;-0.0068;0.0000;0.1575
1737.5;0.9107;0.9235;-0.1885;0.0000;79;79;0.0061;0.0311;-0.0202;0.0078;-0.0068;0.0000;0.1575
1738.0;0.9080;0.9217;-0.1690;0.0000;81;79;-0.0745;0.0340;-0.0202;0.0068;-0.0068;0.0000;0.1575
1738.5;0.9057;0.9199;-0.1640;0.0000;81;79;0.0037;0.0355;-0.0202;0.0068;-0.0068;0.0000;0.1575
1739.0;0.9043;0.9180;-0.1405;0.0000;79;79;0.0037;0.0340;-0.0202;0.0059;-0.0068;0.0000;0.1575
1739.5;0.9029;0.9167;-0.1175;0.0000;79;77;0.0037;0.0340;-0.0202;0.0049;-0.0068;0.0000;0.1575
1740.0;0.9016;0.9148;-0.1040;0.0000;79;77;0.0012;0.0311;-0.0202;0.0039;-0.0068;0.0000;0.1575
1740.5;0.9002;0.9130;-0.1025;0.0000;77;75;0.0818;0.0311;-0.0202;0.0039;-0.0068;0.0000;0.1575
1741.0;0.8988;0.9112;-0.0975;0.0000;77;75;0.0012;0.0296;-0.0202;0.0039;-0.0068;0.0000;0.1575
1741.5;0.8974;0.9093;-0.0945;0.0000;75;73;0.0012;0.0281;-0.0188;0.0039;-0.0068;0.0000;0.1575
1742.0;0.8970;0.9075;-0.1030;0.0000;73;73;0.0818;0.0252;-0.0188;0.0039;-0.0068;0.0000;0.1575
1742.5;0.8961;0.9057;-0.1045;0.0000;71;71;-0.0769;0.0223;-0.0188;0.0039;-0.0068;0.0000;0.1575
1743.0;0.8951;0.9038;-0.0955;0.0000;71;69;0.0012;0.0208;-0.0188;0.0039;-0.0068;0.0000;0.1575
1743.5;0.8938;0.9020;-0.0835;0.0000;71;69;-0.0769;0.0193;-0.0188;0.0029;-0.0068;0.0000;0.1575
1744.0;0.8929;0.9002;-0.0650;0.0000;71;67;0.0012;0.0179;-0.0188;0.0020;-0.0068;0.0000;0.1496
1744.5;0.8919;0.8979;-0.0445;0.0000;69;67;0.0012;0.0149;-0.0188;0.0010;-0.0068;0.0000;0.1496
1745.0;0.8906;0.8961;-0.0200;0.0000;69;67;0.0769;0.0135;-0.0188;-0.0000;-0.0068;0.0000;0.1496
1745.5;0.8887;0.8942;-0.0110;0.0000;69;65;-0.0012;0.0135;-0.0188;-0.0000;-0.0068;0.0000;0.1496
1746.0;0.8869;0.8924;-0.0090;0.0000;69;65;-0.0794;0.0135;-0.0188;-0.0000;-0.0068;0.0000;0.1496
1746.5;0.8846;0.8906;-0.0025;0.0000;71;65;-0.0794;0.0149;-0.0188;-0.0000;-0.0068;0.0000;0.1496
1747.0;0.8828;0.8887;-0.0075;0.0000;69;65;-0.0012;0.0135;-0.0188;-0.0000;-0.0068;0.0000;0.1496
1747.5;0.8819;0.8864;-0.0135;0.0000;69;65;-0.0012;0.0120;-0.0188;-0.0000;-0.0068;0.0000;0.1496
1748.0;0.8796;0.8846;-0.0300;0.0000;69;65;-0.0794;0.0120;-0.0188;0.0010;-0.0068;0.0000;0.1496
1748.5;0.8768;0.8828;-0.0485;0.0000;69;67;0.0012;0.0149;-0.0188;0.0020;-0.0068;0.0000;0.1496
1749.0;0.8741;0.8810;-0.0575;0.0000;71;67;-0.1551;0.0164;-0.0188;0.0020;-0.0068;0.0000;0.1496
1749.5;0.8713;0.8787;-0.0435;0.0000;71;67;0.0794;0.0179;-0.0188;0.0010;-0.0068;0.0000;0.1496
1750.0;0.8695;0.8768;-0.0365;0.0000;71;67;0.0012;0.0164;-0.0188;0.0010;-0.0068;0.0000;0.1496
1750.5;0.8677;0.8745;-0.0205;0.0000;71;67;-0.0794;0.0164;-0.0188;-0.0000;-0.0068;0.0000;0.1496
1751.0;0.8668;0.8727;0.0020;0.0000;69;65;-0.0012;0.0149;-0.0188;-0.0010;-0.0068;0.0000;0.1417
1751.5;0.8649;0.8709;0.0015;0.0000;69;65;0.0769;0.0135;-0.0188;-0.0010;-0.0068;0.0000;0.1417
1752.0;0.8636;0.8686;0.0165;0.0000;69;64;-0.0794;0.0120;-0.0188;-0.0010;-0.0068;0.0000;0.1417
1752.5;0.8626;0.8668;-0.0075;0.0000;67;64;-0.0012;0.0091;-0.0173;-0.0000;-0.0068;0.0000;0.1417
1753.0;0.8613;0.8645;-0.0195;0.0000;65;64;0.0769;0.0076;-0.0173;-0.0000;-0.0068;0.0000;0.1417
1753.5;0.8599;0.8626;-0.0345;0.0000;65;62;-0.0794;0.0062;-0.0173;0.0010;-0.0068;0.0000;0.1417
1754.0;0.8581;0.8603;-0.0400;0.0000;64;62;0.0794;0.0047;-0.0173;0.0010;-0.0068;0.0000;0.1417
1754.5;0.8562;0.8585;-0.0610;0.0000;64;62;-0.0769;0.0047;-0.0173;0.0020;-0.0068;0.0000;0.1417
1755.0;0.8549;0.8562;-0.0765;0.0000;64;62;0.0794;0.0032;-0.0173;0.0029;-0.0068;0.0000;0.1417
1755.5;0.8535;0.8544;-0.0820;0.0000;62;62;0.0012;0.0018;-0.0173;0.0029;-0.0068;0.0000;0.1417
1756.0;0.8516;0.8521;-0.1010;0.0000;62;62;0.0012;0.0003;-0.0173;0.0039;-0.0068;0.0000;0.1417
1756.5;0.8498;0.8498;-0.0805;0.0000;62;62;0.0794;0.0003;-0.0173;0.0029;-0.0068;0.0000;0.1417
1757.0;0.8480;0.8480;-0.0865;0.0000;62;60;-0.0769;-0.0012;-0.0173;0.0029;-0.0068;0.0000;0.1417
1757.5;0.8462;0.8457;-0.0815;0.0000;62;60;0.0794;-0.0012;-0.0173;0.0029;-0.0068;0.0000;0.1417
1758.0;0.8443;0.8434;-0.0870;0.0000;60;60;0.0794;-0.0026;-0.0173;0.0029;-0.0068;0.0000;0.1339
1758.5;0.8420;0.8416;-0.0860;0.0000;60;60;0.0012;-0.0026;-0.0173;0.0029;-0.0068;0.0000;0.1339
1759.0;0.8402;0.8393;-0.0615;0.0000;60;60;0.0794;-0.0026;-0.0173;0.0020;-0.0068;0.0000;0.1339
1759.5;0.8379;0.8370;-0.0715;0.0000;60;60;0.0012;-0.0026;-0.0173;0.0029;-0.0068;0.0000;0.1339
1760.0;0.8347;0.8347;-0.0695;0.0000;60;62;0.1575;-0.0012;-0.0173;0.0020;-0.0068;0.0000;0.1339
1760.5;0.8310;0.8329;-0.0805;0.0000;62;64;0.0794;0.0032;-0.0173;0.0029;-0.0068;0.0000;0.1339
1761.0;0.8278;0.8306;-0.0580;0.0000;62;64;0.0794;0.0047;-0.0173;0.0020;-0.0068;0.0000;0.1339
1761.5;0.8251;0.8283;-0.0660;0.0000;64;64;0.0012;0.0076;-0.0173;0.0020;-0.0068;0.0000;0.1339
1762.0;0.8219;0.8260;-0.0330;0.0000;64;65;0.1575;0.0091;-0.0173;0.0010;-0.0068;0.0000;0.1339
1762.5;0.8187;0.8237;-0.0190;0.0000;64;65;-0.0012;0.0120;-0.0173;-0.0000;-0.0068;0.0000;0.1339
1763.0;0.8164;0.8214;0.0055;0.0000;64;65;0.0769;0.0120;-0.0173;-0.0010;-0.0068;0.0000;0.1339
1763.5;0.8136;0.8191;0.0250;0.0000;64;64;-0.0012;0.0135;-0.0173;-0.0020;-0.0068;0.0000;0.1339
1764.0;0.8118;0.8168;0.0560;0.0000;64;64;0.0745;0.0120;-0.0173;-0.0029;-0.0068;0.0000;0.1339
1764.5;0.8095;0.8146;0.1095;0.0000;64;64;0.1502;0.0120;-0.0173;-0.0049;-0.0068;0.0000;0.1260
1765.0;0.8072;0.8123;0.1510;0.0000;64;62;-0.0061;0.0120;-0.0173;-0.0068;-0.0068;0.0000;0.1260
1765.5;0.8049;0.8100;0.1945;0.0000;64;62;-0.0867;0.0120;-0.0173;-0.0088;-0.0068;0.0000;0.1260
1766.0;0.8031;0.8077;0.2180;0.0000;64;60;0.1477;0.0120;-0.0173;-0.0098;-0.0068;0.0000;0.1260
1766.5;0.8013;0.8054;0.2640;0.0000;64;58;-0.0891;0.0105;-0.0173;-0.0117;-0.0068;0.0000;0.1260
1767.0;0.7999;0.8031;0.2815;0.0000;62;58;0.0672;0.0076;-0.0173;-0.0127;-0.0068;0.0000;0.1260
1767.5;0.7985;0.8008;0.3205;0.0000;62;56;-0.0134;0.0047;-0.0173;-0.0137;-0.0068;0.0000;0.1260
1768.0;0.7967;0.7985;0.3505;0.0000;62;54;-0.0134;0.0047;-0.0173;-0.0156;-0.0068;0.0000;0.1260
1768.5;0.7944;0.7962;0.3740;0.0000;62;54;-0.0134;0.0032;-0.0173;-0.0166;-0.0068;0.0000;0.1260
1769.0;0.7921;0.7940;0.3880;0.0000;62;54;-0.0159;0.0032;-0.0173;-0.0166;-0.0068;0.0000;0.1260
1769.5;0.7894;0.7912;0.3905;0.0000;62;54;0.0623;0.0047;-0.0173;-0.0166;-0.0068;0.0000;0.1260
1770.0;0.7857;0.7889;0.4130;0.0000;62;54;0.0623;0.0076;-0.0173;-0.0176;-0.0078;0.0000;0.1260
1770.5;0.7811;0.7866;0.4190;0.0000;64;56;-0.0159;0.0135;-0.0173;-0.0186;-0.0078;0.0000;0.1260
1771.0;0.7770;0.7843;0.4450;0.0000;65;58;-0.0183;0.0164;-0.0173;-0.0196;-0.0078;0.0000;0.1260
1771.5;0.7743;0.7816;0.4455;0.0000;67;58;-0.0159;0.0179;-0.0173;-0.0196;-0.0078;0.0000;0.1260
1772.0;0.7706;0.7793;0.4510;0.0000;67;60;0.0623;0.0208;-0.0173;-0.0196;-0.0078;0.0000;0.1260
1772.5;0.7679;0.7770;0.4370;0.0000;67;60;-0.0159;0.0223;-0.0173;-0.0186;-0.0078;0.0000;0.1260
1773.0;0.7651;0.7747;0.4260;0.0000;67;60;-0.0159;0.0237;-0.0173;-0.0186;-0.0078;0.0000;0.1260
1773.5;0.7624;0.7724;0.4135;0.0000;69;60;-0.0159;0.0252;-0.0173;-0.0176;-0.0078;0.0000;0.1260
1774.0;0.7592;0.7701;0.3620;0.0000;69;60;-0.0916;0.0267;-0.0158;-0.0156;-0.0078;0.0000;0.1260
1774.5;0.7555;0.7679;0.3435;0.0000;69;62;0.0647;0.0296;-0.0158;-0.0147;-0.0078;0.0000;0.1260
1775.0;0.7523;0.7656;0.3055;0.0000;69;64;0.0672;0.0325;-0.0158;-0.0137;-0.0078;0.0000;0.1260
1775.5;0.7495;0.7633;0.2885;0.0000;69;64;-0.0110;0.0340;-0.0158;-0.0127;-0.0078;0.0000;0.1260
1776.0;0.7473;0.7610;0.2440;0.0000;67;64;0.1477;0.0340;-0.0158;-0.0108;-0.0088;0.0000;0.1260
1776.5;0.7445;0.7587;0.2300;0.0000;67;64;0.0696;0.0340;-0.0158;-0.0098;-0.0088;0.0000;0.1260
1777.0;0.7422;0.7564;0.1835;0.0000;67;64;-0.0085;0.0340;-0.0158;-0.0078;-0.0088;0.0000;0.1260
1777.5;0.7408;0.7541;0.1600;0.0000;65;62;-0.0061;0.0325;-0.0158;-0.0068;-0.0088;0.0000;0.1260
1778.0;0.7390;0.7518;0.1380;0.0000;65;62;-0.0061;0.0311;-0.0158;-0.0059;-0.0088;0.0000;0.1260
1778.5;0.7376;0.7495;0.1355;0.0000;64;60;-0.0061;0.0281;-0.0158;-0.0059;-0.0088;0.0000;0.1260
1779.0;0.7372;0.7473;0.1415;0.0000;62;58;0.0720;0.0237;-0.0158;-0.0068;-0.0088;0.0000;0.1260
1779.5;0.7358;0.7450;0.1180;0.0000;62;58;-0.0061;0.0223;-0.0158;-0.0059;-0.0088;0.0000;0.1260
1780.0;0.7349;0.7427;0.1255;0.0000;60;56;-0.0061;0.0193;-0.0144;-0.0059;-0.0088;0.0000;0.1260
1780.5;0.7331;0.7408;0.1200;0.0000;60;56;0.0720;0.0179;-0.0144;-0.0059;-0.0088;0.0000;0.1260
1781.0;0.7312;0.7386;0.1380;0.0000;60;56;0.0720;0.0179;-0.0144;-0.0059;-0.0088;0.0000;0.1260
1781.5;0.7299;0.7363;0.1405;0.0000;58;56;-0.0061;0.0149;-0.0144;-0.0068;-0.0088;0.0000;0.1260
1782.0;0.7285;0.7340;0.1655;0.0000;58;54;-0.0061;0.0135;-0.0144;-0.0078;-0.0088;0.0000;0.1260
1782.5;0.7276;0.7321;0.1505;0.0000;58;54;-0.0061;0.0105;-0.0144;-0.0068;-0.0088;0.0000;0.1260
1783.0;0.7266;0.7299;0.1555;0.0000;56;52;-0.0061;0.0062;-0.0144;-0.0068;-0.0088;0.0000;0.1260
1783.5;0.7266;0.7276;0.1570;0.0000;54;50;0.0720;0.0018;-0.0144;-0.0068;-0.0088;0.0000;0.1260
1784.0;0.7262;0.7257;0.1680;0.0000;54;48;-0.0842;-0.0026;-0.0144;-0.0078;-0.0088;0.0000;0.1260
1784.5;0.7248;0.7234;0.1875;0.0000;54;48;0.0696;-0.0041;-0.0144;-0.0088;-0.0088;0.0000;0.1260
1785.0;0.7234;0.7212;0.1985;0.0000;52;48;-0.0085;-0.0070;-0.0144;-0.0088;-0.0088;0.0000;0.1260
1785.5;0.7221;0.7193;0.2155;0.0000;54;46;-0.0867;-0.0085;-0.0144;-0.0098;-0.0088;0.0000;0.1260
1786.0;0.7202;0.7170;0.2170;0.0000;52;46;0.0696;-0.0085;-0.0144;-0.0098;-0.0088;0.0000;0.1260
1786.5;0.7193;0.7152;0.2260;0.0000;52;46;-0.0085;-0.0114;-0.0144;-0.0098;-0.0088;0.0000;0.1260
1787.0;0.7175;0.7129;0.2375;0.0000;52;46;-0.0085;-0.0129;-0.0144;-0.0108;-0.0088;0.0000;0.1260
1787.5;0.7157;0.7111;0.2330;0.0000;52;46;0.0696;-0.0129;-0.0144;-0.0108;-0.0088;0.0000;0.1260
1788.0;0.7138;0.7088;0.2215;0.0000;52;48;-0.0085;-0.0129;-0.0144;-0.0098;-0.0088;0.0000;0.1260
1788.5;0.7111;0.7070;0.2115;0.0000;54;48;-0.0085;-0.0114;-0.0144;-0.0098;-0.0088;0.0000;0.1260
1789.0;0.7088;0.7047;0.1885;0.0000;54;50;0.0696;-0.0100;-0.0144;-0.0088;-0.0098;0.0000;0.1260
1789.5;0.7065;0.7028;0.1460;0.0000;54;50;0.0720;-0.0100;-0.0144;-0.0068;-0.0098;0.0000;0.1260
1790.0;0.7038;0.7005;0.1115;0.0000;54;52;0.1502;-0.0070;-0.0158;-0.0049;-0.0098;0.0000;0.1260
1790.5;0.6996;0.6987;0.0765;0.0000;54;54;-0.0037;-0.0026;-0.0158;-0.0039;-0.0098;0.0000;0.1260
1791.0;0.6955;0.6969;0.0565;0.0000;56;58;0.0745;0.0018;-0.0158;-0.0029;-0.0098;0.0000;0.1260
1791.5;0.6918;0.6946;0.0365;0.0000;58;60;-0.0037;0.0062;-0.0144;-0.0020;-0.0098;0.0000;0.1260
1792.0;0.6882;0.6928;0.0525;0.0000;60;60;-0.0037;0.0120;-0.0144;-0.0029;-0.0098;0.0000;0.1260
1792.5;0.6841;0.6909;0.0635;0.0000;62;62;-0.0037;0.0164;-0.0144;-0.0029;-0.0098;0.0000;0.1260
1793.0;0.6813;0.6891;0.0885;0.0000;64;62;0.0745;0.0179;-0.0144;-0.0039;-0.0098;0.0000;0.1260
1793.5;0.6781;0.6868;0.1105;0.0000;64;62;-0.0061;0.0223;-0.0144;-0.0049;-0.0098;0.0000;0.1260
1794.0;0.6749;0.6850;0.1285;0.0000;65;62;0.0720;0.0252;-0.0144;-0.0059;-0.0098;0.0000;0.1260
1794.5;0.6717;0.6832;0.1670;0.0000;65;62;-0.0061;0.0281;-0.0144;-0.0078;-0.0098;0.0000;0.1260
1795.0;0.6703;0.6813;0.1905;0.0000;65;62;-0.0085;0.0267;-0.0144;-0.0088;-0.0098;0.0000;0.1260
1795.5;0.6680;0.6795;0.2260;0.0000;65;60;-0.0085;0.0267;-0.0144;-0.0098;-0.0098;0.0000;0.1260
1796.0;0.6667;0.6777;0.2350;0.0000;65;60;-0.0867;0.0267;-0.0144;-0.0108;-0.0098;0.0000;0.1260
1796.5;0.6644;0.6754;0.2525;0.0000;65;58;-0.0891;0.0267;-0.0144;-0.0108;-0.0098;0.0000;0.1260
1797.0;0.6630;0.6735;0.2535;0.0000;65;58;0.0672;0.0267;-0.0144;-0.0108;-0.0098;0.0000;0.1260
1797.5;0.6612;0.6717;0.2720;0.0000;65;58;-0.0110;0.0267;-0.0144;-0.0117;-0.0098;0.0000;0.1260
1798.0;0.6593;0.6699;0.2885;0.0000;65;56;-0.0891;0.0252;-0.0144;-0.0127;-0.0098;0.0000;0.1260
1798.5;0.6584;0.6680;0.3035;0.0000;64;56;-0.0891;0.0237;-0.0144;-0.0137;-0.0098;0.0000;0.1339
1799.0;0.6566;0.6662;0.3140;0.0000;64;54;-0.0134;0.0237;-0.0144;-0.0137;-0.0098;0.0000;0.1339
1799.5;0.6548;0.6644;0.2945;0.0000;64;54;-0.0110;0.0237;-0.0129;-0.0127;-0.0098;0.0000;0.1339
1800.0;0.6534;0.6625;0.2865;0.0000;64;54;-0.0891;0.0223;-0.0129;-0.0127;-0.0098;0.0000;0.1339
1800.5;0.6516;0.6607;0.2485;0.0000;64;54;-0.0110;0.0223;-0.0129;-0.0108;-0.0098;0.0000;0.1339
1801.0;0.6497;0.6589;0.2350;0.0000;64;54;-0.0085;0.0223;-0.0129;-0.0108;-0.0098;0.0000;0.1339
1801.5;0.6479;0.6575;0.1950;0.0000;62;54;-0.0085;0.0223;-0.0129;-0.0088;-0.0108;0.0000;0.1339
1802.0;0.6465;0.6557;0.1490;0.0000;62;54;-0.0842;0.0223;-0.0129;-0.0068;-0.0108;0.0000;0.1339
1802.5;0.6451;0.6538;0.0995;0.0000;60;54;0.0745;0.0208;-0.0129;-0.0049;-0.0108;0.0000;0.1339
1803.0;0.6442;0.6520;0.0555;0.0000;60;54;-0.0037;0.0193;-0.0129;-0.0029;-0.0108;0.0000;0.1339
1803.5;0.6433;0.6502;0.0235;0.0000;58;54;-0.0794;0.0164;-0.0129;-0.0020;-0.0108;0.0000;0.1339
1804.0;0.6419;0.6484;-0.0295;0.0000;58;54;-0.0012;0.0164;-0.0129;0.0010;-0.0108;0.0000;0.1339
1804.5;0.6406;0.6470;-0.0385;0.0000;58;54;0.0012;0.0149;-0.0129;0.0010;-0.0108;0.0000;0.1339
1805.0;0.6397;0.6451;-0.0605;0.0000;58;54;-0.0769;0.0135;-0.0129;0.0020;-0.0108;0.0000;0.1339
1805.5;0.6383;0.6433;-0.0440;0.0000;56;52;0.0012;0.0120;-0.0129;0.0010;-0.0108;0.0000;0.1339
1806.0;0.6369;0.6419;-0.0460;0.0000;56;52;0.0012;0.0120;-0.0129;0.0010;-0.0108;0.0000;0.1339
1806.5;0.6351;0.6401;-0.0125;0.0000;58;52;-0.0012;0.0120;-0.0129;-0.0000;-0.0108;0.0000;0.1339
1807.0;0.6342;0.6383;0.0100;0.0000;58;52;-0.0794;0.0105;-0.0129;-0.0010;-0.0108;0.0000;0.1339
1807.5;0.6319;0.6369;0.0350;0.0000;58;52;-0.0818;0.0105;-0.0129;-0.0020;-0.0108;0.0000;0.1339
1808.0;0.6300;0.6351;0.0500;0.0000;58;52;-0.0037;0.0120;-0.0129;-0.0029;-0.0108;0.0000;0.1339
1808.5;0.6282;0.6332;0.0640;0.0000;60;52;-0.0037;0.0120;-0.0129;-0.0029;-0.0108;0.0000;0.1339
1809.0;0.6259;0.6319;0.0905;0.0000;60;52;-0.0818;0.0135;-0.0129;-0.0039;-0.0108;0.0000;0.1339
1809.5;0.6241;0.6300;0.0660;0.0000;60;54;-0.0037;0.0149;-0.0129;-0.0029;-0.0108;0.0000;0.1339
1810.0;0.6223;0.6287;0.0710;0.0000;60;54;-0.0037;0.0149;-0.0114;-0.0039;-0.0108;0.0000;0.1339
1810.5;0.6204;0.6268;0.0345;0.0000;60;54;-0.0012;0.0149;-0.0114;-0.0020;-0.0108;0.0000;0.1339
1811.0;0.6181;0.6255;0.0315;0.0000;62;54;-0.0794;0.0179;-0.0114;-0.0020;-0.0108;0.0000;0.1339
1811.5;0.6163;0.6236;0.0170;0.0000;62;56;-0.0012;0.0179;-0.0114;-0.0010;-0.0108;0.0000;0.1339
1812.0;0.6136;0.6223;0.0220;0.0000;62;56;-0.0012;0.0208;-0.0114;-0.0010;-0.0108;0.0000;0.1339
1812.5;0.6108;0.6209;0.0100;0.0000;64;56;-0.0794;0.0237;-0.0114;-0.0010;-0.0108;0.0000;0.1339
1813.0;0.6090;0.6190;-0.0215;0.0000;64;58;-0.0012;0.0252;-0.0114;-0.0000;-0.0108;0.0000;0.1339
1813.5;0.6071;0.6177;-0.0235;0.0000;64;58;-0.0012;0.0252;-0.0114;-0.0000;-0.0108;0.0000;0.1339
1814.0;0.6044;0.6158;-0.0470;0.0000;64;60;0.0012;0.0281;-0.0114;0.0020;-0.0108;0.0000;0.1339
1814.5;0.6012;0.6145;-0.0445;0.0000;65;60;0.0794;0.0325;-0.0114;0.0010;-0.0108;0.0000;0.1339
1815.0;0.5994;0.6131;-0.0745;0.0000;65;62;0.0012;0.0340;-0.0114;0.0029;-0.0108;0.0000;0.1339
1815.5;0.5966;0.6117;-0.0855;0.0000;65;62;0.0794;0.0369;-0.0114;0.0029;-0.0108;0.0000;0.1339
1816.0;0.5948;0.6099;-0.1520;0.0000;64;64;0.0037;0.0369;-0.0114;0.0059;-0.0108;0.0000;0.1339
1816.5;0.5934;0.6085;-0.1915;0.0000;64;64;0.0061;0.0369;-0.0100;0.0078;-0.0108;0.0000;0.1339
1817.0;0.5916;0.6071;-0.2050;0.0000;64;64;-0.0720;0.0384;-0.0100;0.0078;-0.0098;0.0000;0.1339
1817.5;0.5902;0.6058;-0.2155;0.0000;64;64;0.0061;0.0369;-0.0100;0.0088;-0.0098;0.0000;0.1339
1818.0;0.5893;0.6044;-0.2345;0.0000;62;62;0.0061;0.0369;-0.0100;0.0098;-0.0098;0.0000;0.1339
1818.5;0.5884;0.6026;-0.2520;0.0000;62;62;0.0085;0.0355;-0.0100;0.0098;-0.0098;0.0000;0.1339
1819.0;0.5870;0.6012;-0.2365;0.0000;62;62;0.0061;0.0340;-0.0100;0.0098;-0.0098;0.0000;0.1339
1819.5;0.5856;0.5998;-0.2405;0.0000;62;60;-0.0720;0.0355;-0.0100;0.0098;-0.0098;0.0000;0.1417
1820.0;0.5842;0.5984;-0.2125;0.0000;62;60;0.0061;0.0355;-0.0100;0.0088;-0.0098;0.0000;0.1417
1820.5;0.5833;0.5971;-0.1815;0.0000;62;60;0.0061;0.0340;-0.0100;0.0068;-0.0098;0.0000;0.1417
1821.0;0.5815;0.5957;-0.1340;0.0000;62;60;0.0037;0.0355;-0.0100;0.0049;-0.0098;0.0000;0.1417
1821.5;0.5792;0.5943;-0.1235;0.0000;64;60;0.0818;0.0369;-0.0085;0.0049;-0.0098;0.0000;0.1417
1822.0;0.5778;0.5929;-0.1225;0.0000;64;62;0.0037;0.0369;-0.0085;0.0049;-0.0098;0.0000;0.1417
1822.5;0.5769;0.5916;-0.1115;0.0000;64;60;0.0037;0.0369;-0.0085;0.0039;-0.0098;0.0000;0.1417
1823.0;0.5755;0.5902;-0.1205;0.0000;62;60;0.0037;0.0355;-0.0085;0.0049;-0.0098;0.0000;0.1417
1823.5;0.5746;0.5888;-0.1055;0.0000;62;60;0.0037;0.0340;-0.0085;0.0039;-0.0098;0.0000;0.1417
1824.0;0.5737;0.5875;-0.1175;0.0000;62;60;0.0037;0.0340;-0.0085;0.0049;-0.0098;0.0000;0.1417
1824.5;0.5714;0.5861;-0.1110;0.0000;62;60;0.0037;0.0369;-0.0085;0.0039;-0.0098;0.0000;0.1417
1825.0;0.5701;0.5847;-0.1220;0.0000;62;62;0.0037;0.0369;-0.0085;0.0049;-0.0098;0.0000;0.1417
1825.5;0.5664;0.5838;-0.1115;0.0000;65;62;0.0037;0.0428;-0.0085;0.0039;-0.0098;0.0000;0.1417
1826.0;0.5627;0.5824;-0.0925;0.0000;67;64;0.0012;0.0486;-0.0085;0.0029;-0.0098;0.0000;0.1417
1826.5;0.5595;0.5810;-0.0920;0.0000;69;65;0.0794;0.0530;-0.0070;0.0029;-0.0098;0.0000;0.1417
1827.0;0.5577;0.5797;-0.0805;0.0000;69;65;0.0012;0.0545;-0.0070;0.0029;-0.0098;0.0000;0.1417
1827.5;0.5563;0.5783;-0.0730;0.0000;69;65;-0.0769;0.0560;-0.0070;0.0029;-0.0098;0.0000;0.1417
1828.0;0.5545;0.5774;-0.0585;0.0000;69;67;0.0794;0.0560;-0.0070;0.0020;-0.0098;0.0000;0.1417
1828.5;0.5536;0.5760;-0.0620;0.0000;69;65;0.0012;0.0560;-0.0070;0.0020;-0.0098;0.0000;0.1417
1829.0;0.5531;0.5746;-0.0490;0.0000;67;65;0.0012;0.0530;-0.0070;0.0020;-0.0098;0.0000;0.1417
1829.5;0.5522;0.5737;-0.0600;0.0000;67;64;0.0794;0.0530;-0.0056;0.0020;-0.0098;0.0000;0.1417
1830.0;0.5499;0.5723;-0.0500;0.0000;67;65;0.0012;0.0560;-0.0056;0.0020;-0.0098;0.0000;0.1417
1830.5;0.5485;0.5710;-0.0555;0.0000;67;65;0.0012;0.0560;-0.0056;0.0020;-0.0098;0.0000;0.1417
1831.0;0.5485;0.5701;-0.0330;0.0000;67;64;-0.0012;0.0530;-0.0056;0.0010;-0.0098;0.0000;0.1417
1831.5;0.5472;0.5687;-0.0080;0.0000;67;64;-0.0794;0.0530;-0.0056;-0.0000;-0.0098;0.0000;0.1417
1832.0;0.5458;0.5678;-0.0085;0.0000;67;64;0.0769;0.0545;-0.0056;-0.0000;-0.0098;0.0000;0.1417
1832.5;0.5453;0.5664;0.0025;0.0000;67;64;-0.0012;0.0516;-0.0056;-0.0010;-0.0098;0.0000;0.1417
1833.0;0.5449;0.5655;-0.0195;0.0000;65;62;-0.0794;0.0501;-0.0041;-0.0000;-0.0098;0.0000;0.1417
1833.5;0.5440;0.5641;-0.0165;0.0000;65;62;0.0769;0.0501;-0.0041;-0.0000;-0.0098;0.0000;0.1417
1834.0;0.5440;0.5632;-0.0430;0.0000;64;62;0.0012;0.0472;-0.0041;0.0010;-0.0098;0.0000;0.1417
1834.5;0.5435;0.5618;-0.0360;0.0000;64;60;-0.0794;0.0457;-0.0041;0.0010;-0.0098;0.0000;0.1417
1835.0;0.5435;0.5609;-0.0605;0.0000;64;60;0.0012;0.0428;-0.0041;0.0020;-0.0098;0.0000;0.1417
1835.5;0.5435;0.5595;-0.0785;0.0000;62;60;0.0012;0.0398;-0.0041;0.0029;-0.0098;0.0000;0.1417
1836.0;0.5430;0.5586;-0.1140;0.0000;62;60;-0.0745;0.0384;-0.0041;0.0039;-0.0098;0.0000;0.1417
1836.5;0.5426;0.5577;-0.1145;0.0000;60;60;0.0818;0.0369;-0.0041;0.0039;-0.0098;0.0000;0.1496
1837.0;0.5426;0.5563;-0.1030;0.0000;60;58;0.0012;0.0340;-0.0041;0.0039;-0.0098;0.0000;0.1496
1837.5;0.5421;0.5554;-0.1315;0.0000;60;58;-0.0745;0.0325;-0.0026;0.0049;-0.0098;0.0000;0.1496
1838.0;0.5426;0.5545;-0.1275;0.0000;58;56;0.0037;0.0281;-0.0026;0.0049;-0.0098;0.0000;0.1496
1838.5;0.5430;0.5531;-0.1705;0.0000;56;56;0.0037;0.0252;-0.0026;0.0068;-0.0098;0.0000;0.1496
1839.0;0.5435;0.5522;-0.1760;0.0000;56;54;-0.0745;0.0208;-0.0026;0.0068;-0.0088;0.0000;0.1496
1839.5;0.5440;0.5513;-0.2055;0.0000;54;54;0.0061;0.0179;-0.0026;0.0078;-0.0088;0.0000;0.1496
1840.0;0.5440;0.5504;-0.2250;0.0000;54;54;0.0842;0.0149;-0.0026;0.0088;-0.0088;0.0000;0.1496
1840.5;0.5430;0.5495;-0.2760;0.0000;52;54;0.0085;0.0149;-0.0026;0.0108;-0.0088;0.0000;0.1496
1841.0;0.5417;0.5481;-0.2855;0.0000;54;56;0.0085;0.0164;-0.0026;0.0117;-0.0088;0.0000;0.1496
1841.5;0.5417;0.5472;-0.2330;0.0000;54;54;-0.0720;0.0135;-0.0026;0.0098;-0.0088;0.0000;0.1496
1842.0;0.5417;0.5462;-0.1950;0.0000;54;54;0.0842;0.0105;-0.0026;0.0078;-0.0088;0.0000;0.1496
1842.5;0.5408;0.5453;-0.1460;0.0000;54;54;0.0037;0.0105;-0.0026;0.0059;-0.0088;0.0000;0.1496
1843.0;0.5403;0.5444;-0.1310;0.0000;56;54;0.0037;0.0091;-0.0026;0.0049;-0.0088;0.0000;0.1496
1843.5;0.5403;0.5435;-0.0850;0.0000;56;52;-0.0769;0.0076;-0.0026;0.0029;-0.0088;0.0000;0.1496
1844.0;0.5398;0.5426;-0.0740;0.0000;56;52;0.0794;0.0062;-0.0026;0.0029;-0.0088;0.0000;0.1496
1844.5;0.5385;0.5417;-0.0500;0.0000;56;52;0.0012;0.0076;-0.0026;0.0020;-0.0088;0.0000;0.1496
1845.0;0.5366;0.5408;-0.0495;0.0000;58;54;0.0012;0.0091;-0.0026;0.0020;-0.0088;0.0000;0.1496
1845.5;0.5353;0.5398;-0.0375;0.0000;58;54;-0.0794;0.0105;-0.0026;0.0010;-0.0088;0.0000;0.1496
1846.0;0.5334;0.5389;-0.0375;0.0000;60;56;0.0012;0.0120;-0.0026;0.0010;-0.0088;0.0000;0.1496
1846.5;0.5325;0.5380;-0.0480;0.0000;60;56;-0.0769;0.0135;-0.0026;0.0020;-0.0088;0.0000;0.1496
1847.0;0.5307;0.5371;-0.0300;0.0000;62;56;-0.0012;0.0149;-0.0026;0.0010;-0.0088;0.0000;0.1496
1847.5;0.5293;0.5362;-0.0300;0.0000;62;58;-0.0794;0.0164;-0.0026;0.0010;-0.0088;0.0000;0.1496
1848.0;0.5284;0.5353;-0.0035;0.0000;62;58;0.0769;0.0164;-0.0026;-0.0000;-0.0088;0.0000;0.1496
1848.5;0.5270;0.5348;-0.0110;0.0000;62;58;-0.0012;0.0179;-0.0026;-0.0000;-0.0088;0.0000;0.1496
1849.0;0.5256;0.5339;0.0000;0.0000;64;58;-0.0012;0.0208;-0.0012;-0.0010;-0.0088;0.0000;0.1496
1849.5;0.5247;0.5330;-0.0210;0.0000;62;58;-0.0012;0.0193;-0.0012;-0.0000;-0.0088;0.0000;0.1496
1850.0;0.5238;0.5321;-0.0275;0.0000;62;60;-0.0012;0.0208;-0.0012;0.0010;-0.0088;0.0000;0.1496
1850.5;0.5220;0.5316;-0.0415;0.0000;64;60;0.0012;0.0223;-0.0012;0.0010;-0.0088;0.0000;0.1496
1851.0;0.5211;0.5307;-0.0645;0.0000;64;60;-0.0769;0.0223;-0.0012;0.0020;-0.0088;0.0000;0.1496
1851.5;0.5197;0.5298;-0.0880;0.0000;64;60;0.0012;0.0237;-0.0012;0.0029;-0.0088;0.0000;0.1575
1852.0;0.5197;0.5288;-0.1110;0.0000;62;60;0.0037;0.0223;-0.0012;0.0039;-0.0088;0.0000;0.1575
1852.5;0.5188;0.5284;-0.1175;0.0000;62;60;0.0037;0.0223;-0.0012;0.0049;-0.0088;0.0000;0.1575
1853.0;0.5179;0.5275;-0.1415;0.0000;62;60;0.0037;0.0237;-0.0012;0.0059;-0.0088;0.0000;0.1575
1853.5;0.5169;0.5266;-0.1440;0.0000;62;62;0.0818;0.0237;-0.0012;0.0059;-0.0088;0.0000;0.1575
1854.0;0.5156;0.5261;-0.1730;0.0000;62;62;0.0061;0.0252;-0.0012;0.0068;-0.0088;0.0000;0.1575
1854.5;0.5151;0.5252;-0.1845;0.0000;62;62;-0.0720;0.0252;-0.0012;0.0068;-0.0088;0.0000;0.1575
1855.0;0.5147;0.5247;-0.2120;0.0000;62;62;0.0842;0.0237;-0.0012;0.0088;-0.0088;0.0000;0.1575
1855.5;0.5147;0.5238;-0.2115;0.0000;62;62;-0.0720;0.0223;-0.0012;0.0088;-0.0088;0.0000;0.1575
1856.0;0.5137;0.5234;-0.2025;0.0000;60;60;0.0842;0.0223;-0.0012;0.0078;-0.0088;0.0000;0.1575
1856.5;0.5133;0.5224;-0.1965;0.0000;62;60;-0.0720;0.0223;-0.0012;0.0078;-0.0088;0.0000;0.1575
1857.0;0.5124;0.5220;-0.1920;0.0000;62;60;0.0061;0.0223;0.0003;0.0078;-0.0088;0.0000;0.1575
1857.5;0.5128;0.5211;-0.2100;0.0000;60;60;0.0061;0.0208;0.0003;0.0088;-0.0088;0.0000;0.1575
1858.0;0.5124;0.5206;-0.1715;0.0000;60;60;0.0037;0.0193;0.0003;0.0068;-0.0078;0.0000;0.1575
1858.5;0.5128;0.5201;-0.1775;0.0000;60;58;0.0061;0.0179;0.0003;0.0068;-0.0078;0.0000;0.1575
1859.0;0.5124;0.5192;-0.1345;0.0000;60;58;0.0037;0.0164;0.0003;0.0049;-0.0078;0.0000;0.1575
1859.5;0.5119;0.5188;-0.1310;0.0000;60;58;0.0037;0.0164;0.0003;0.0049;-0.0078;0.0000;0.1575
1860.0;0.5114;0.5179;-0.1165;0.0000;60;58;-0.0745;0.0164;0.0003;0.0049;-0.0078;0.0000;0.1575
1860.5;0.5114;0.5174;-0.1110;0.0000;60;56;-0.0745;0.0149;0.0003;0.0039;-0.0078;0.0000;0.1575
1861.0;0.5110;0.5169;-0.1000;0.0000;60;56;0.0012;0.0149;0.0003;0.0039;-0.0078;0.0000;0.1575
1861.5;0.5101;0.5165;-0.0970;0.0000;60;58;0.0012;0.0149;0.0003;0.0039;-0.0078;0.0000;0.1575
1862.0;0.5101;0.5156;-0.1195;0.0000;60;58;0.0037;0.0135;0.0003;0.0049;-0.0078;0.0000;0.1575
1862.5;0.5096;0.5151;-0.1015;0.0000;60;56;0.0012;0.0135;0.0003;0.0039;-0.0078;0.0000;0.1575
1863.0;0.5092;0.5147;-0.1170;0.0000;60;58;0.0037;0.0135;0.0003;0.0049;-0.0078;0.0000;0.1575
1863.5;0.5087;0.5142;-0.0980;0.0000;60;58;0.0794;0.0135;0.0003;0.0039;-0.0078;0.0000;0.1575
1864.0;0.5078;0.5137;-0.1155;0.0000;60;58;0.0037;0.0135;0.0003;0.0039;-0.0078;0.0000;0.1575
1864.5;0.5078;0.5128;-0.0890;0.0000;60;58;-0.0769;0.0120;0.0003;0.0029;-0.0078;0.0000;0.1575
1865.0;0.5078;0.5124;-0.1065;0.0000;60;58;0.0818;0.0120;0.0003;0.0039;-0.0078;0.0000;0.1654
1865.5;0.5073;0.5119;-0.1130;0.0000;60;58;0.0037;0.0120;0.0003;0.0039;-0.0078;0.0000;0.1654
1866.0;0.5073;0.5114;-0.1255;0.0000;60;58;-0.0745;0.0105;0.0003;0.0049;-0.0078;0.0000;0.1654
1866.5;0.5064;0.5110;-0.1250;0.0000;60;58;0.0037;0.0105;0.0003;0.0049;-0.0078;0.0000;0.1654
1867.0;0.5060;0.5105;-0.1125;0.0000;60;58;0.0037;0.0120;0.0003;0.0039;-0.0078;0.0000;0.1654
1867.5;0.5060;0.5101;-0.1375;0.0000;60;58;0.0037;0.0091;0.0003;0.0049;-0.0078;0.0000;0.1654
1868.0;0.5060;0.5096;-0.1280;0.0000;60;58;0.0037;0.0091;0.0003;0.0049;-0.0078;0.0000;0.1654
1868.5;0.5050;0.5092;-0.1535;0.0000;60;58;0.0037;0.0091;0.0003;0.0059;-0.0078;0.0000;0.1654
1869.0;0.5050;0.5087;-0.1245;0.0000;60;58;-0.0745;0.0091;0.0003;0.0049;-0.0078;0.0000;0.1654
1869.5;0.5050;0.5082;-0.1240;0.0000;58;58;0.0818;0.0076;0.0018;0.0049;-0.0078;0.0000;0.1654
1870.0;0.5050;0.5078;-0.0985;0.0000;58;58;0.0012;0.0062;0.0018;0.0039;-0.0078;0.0000;0.1654
1870.5;0.5050;0.5078;-0.1100;0.0000;58;56;-0.0745;0.0062;0.0018;0.0039;-0.0078;0.0000;0.1654
1871.0;0.5055;0.5073;-0.1045;0.0000;58;56;0.0818;0.0032;0.0018;0.0039;-0.0078;0.0000;0.1654
1871.5;0.5050;0.5069;-0.1080;0.0000;58;56;0.0037;0.0032;0.0018;0.0039;-0.0078;0.0000;0.1654
1872.0;0.5046;0.5064;-0.0960;0.0000;58;56;0.0012;0.0032;0.0018;0.0039;-0.0078;0.0000;0.1654
1872.5;0.5037;0.5060;-0.0590;0.0000;60;58;-0.0769;0.0047;0.0018;0.0020;-0.0078;0.0000;0.1654
1873.0;0.5027;0.5055;-0.0655;0.0000;60;58;0.0012;0.0062;0.0018;0.0020;-0.0078;0.0000;0.1654
1873.5;0.5023;0.5055;-0.0305;0.0000;60;58;0.0769;0.0062;0.0018;0.0010;-0.0078;0.0000;0.1654
1874.0;0.5018;0.5050;-0.0420;0.0000;60;58;0.0012;0.0076;0.0018;0.0010;-0.0078;0.0000;0.1654
1874.5;0.5009;0.5046;-0.0245;0.0000;62;60;-0.0012;0.0091;0.0018;0.0010;-0.0078;0.0000;0.1654
1875.0;0.5000;0.5046;-0.0255;0.0000;62;60;-0.0012;0.0105;0.0018;0.0010;-0.0078;0.0000;0.1654
1875.5;0.5005;0.5041;-0.0105;0.0000;62;60;-0.0012;0.0076;0.0018;-0.0000;-0.0078;0.0000;0.1654
1876.0;0.5005;0.5037;-0.0125;0.0000;62;58;-0.0012;0.0076;0.0018;-0.0000;-0.0078;0.0000;0.1654
1876.5;0.5000;0.5037;-0.0270;0.0000;62;58;-0.0012;0.0076;0.0018;0.0010;-0.0078;0.0000;0.1654
1877.0;0.4995;0.5032;-0.0060;0.0000;62;58;-0.0012;0.0091;0.0018;-0.0000;-0.0078;0.0000;0.1654
1877.5;0.4986;0.5032;-0.0190;0.0000;62;60;-0.0012;0.0091;0.0018;-0.0000;-0.0078;0.0000;0.1732
1878.0;0.4982;0.5027;-0.0060;0.0000;64;60;0.0769;0.0105;0.0018;-0.0000;-0.0078;0.0000;0.1732
1878.5;0.4973;0.5027;-0.0360;0.0000;64;62;0.0012;0.0135;0.0018;0.0010;-0.0078;0.0000;0.1732
1879.0;0.4963;0.5023;-0.0305;0.0000;64;62;-0.0012;0.0149;0.0018;0.0010;-0.0078;0.0000;0.1732
1879.5;0.4954;0.5023;-0.0625;0.0000;64;62;0.0012;0.0164;0.0018;0.0020;-0.0078;0.0000;0.1732
1880.0;0.4945;0.5018;-0.0545;0.0000;65;64;0.0012;0.0179;0.0018;0.0020;-0.0078;0.0000;0.1732
1880.5;0.4936;0.5018;-0.0600;0.0000;65;64;0.0012;0.0193;0.0018;0.0020;-0.0078;0.0000;0.1732
1881.0;0.4927;0.5014;-0.0460;0.0000;65;64;0.0012;0.0223;0.0018;0.0010;-0.0078;0.0000;0.1732
1881.5;0.4918;0.5014;-0.0485;0.0000;67;65;-0.0769;0.0237;0.0018;0.0020;-0.0078;0.0000;0.1732
1882.0;0.4913;0.5009;-0.0645;0.0000;65;65;0.0794;0.0237;0.0018;0.0020;-0.0078;0.0000;0.1732
1882.5;0.4908;0.5009;-0.0270;0.0000;67;65;-0.0012;0.0237;0.0018;0.0010;-0.0078;0.0000;0.1732
1883.0;0.4913;0.5009;-0.0390;0.0000;67;64;0.0012;0.0237;0.0018;0.0010;-0.0078;0.0000;0.1732
1883.5;0.4913;0.5005;0.0020;0.0000;67;64;-0.0012;0.0237;0.0018;-0.0010;-0.0078;0.0000;0.1732
1884.0;0.4908;0.5005;-0.0025;0.0000;65;64;-0.0012;0.0237;0.0032;-0.0000;-0.0078;0.0000;0.1732
1884.5;0.4904;0.5005;0.0035;0.0000;67;64;-0.0012;0.0237;0.0032;-0.0010;-0.0078;0.0000;0.1732
1885.0;0.4908;0.5005;-0.0165;0.0000;65;64;0.0769;0.0237;0.0032;-0.0000;-0.0078;0.0000;0.1732
1885.5;0.4908;0.5000;-0.0020;0.0000;65;64;-0.0012;0.0237;0.0032;-0.0000;-0.0078;0.0000;0.1732
1886.0;0.4908;0.5000;0.0015;0.0000;65;64;-0.0794;0.0223;0.0032;-0.0010;-0.0078;0.0000;0.1732
1886.5;0.4913;0.5000;0.0000;0.0000;65;62;-0.0012;0.0223;0.0032;-0.0010;-0.0078;0.0000;0.1732
1887.0;0.4908;0.5000;-0.0270;0.0000;65;64;-0.0012;0.0223;0.0032;0.0010;-0.0078;0.0000;0.1732
1887.5;0.4922;0.5000;-0.0860;0.0000;64;64;0.0012;0.0193;0.0032;0.0029;-0.0078;0.0000;0.1732
1888.0;0.4927;0.5000;-0.0990;0.0000;64;62;0.0012;0.0179;0.0032;0.0039;-0.0078;0.0000;0.1732
1888.5;0.4927;0.5000;-0.1505;0.0000;64;64;0.0037;0.0179;0.0032;0.0059;-0.0078;0.0000;0.1732
1889.0;0.4931;0.5000;-0.1625;0.0000;62;64;0.0818;0.0149;0.0032;0.0059;-0.0068;0.0000;0.1811
1889.5;0.4936;0.5000;-0.2025;0.0000;62;64;0.0061;0.0149;0.0032;0.0078;-0.0068;0.0000;0.1811
1890.0;0.4940;0.5000;-0.2210;0.0000;62;64;0.0842;0.0135;0.0032;0.0088;-0.0068;0.0000;0.1811
1890.5;0.4940;0.5000;-0.2305;0.0000;60;64;0.0061;0.0135;0.0032;0.0088;-0.0068;0.0000;0.1811
1891.0;0.4940;0.5000;-0.2145;0.0000;62;64;0.0061;0.0135;0.0032;0.0088;-0.0068;0.0000;0.1811
1891.5;0.4945;0.5000;-0.1800;0.0000;62;64;0.0842;0.0120;0.0032;0.0068;-0.0068;0.0000;0.1811
1892.0;0.4954;0.5000;-0.1900;0.0000;60;62;-0.0720;0.0105;0.0032;0.0078;-0.0068;0.0000;0.1811
1892.5;0.4954;0.5000;-0.1550;0.0000;62;62;0.0037;0.0091;0.0032;0.0059;-0.0068;0.0000;0.1811
1893.0;0.4963;0.5000;-0.1485;0.0000;60;62;0.0818;0.0076;0.0032;0.0059;-0.0068;0.0000;0.1811
1893.5;0.4963;0.5000;-0.1020;0.0000;60;60;0.0012;0.0076;0.0032;0.0039;-0.0068;0.0000;0.1811
1894.0;0.4973;0.5000;-0.0990;0.0000;60;60;0.0794;0.0062;0.0032;0.0039;-0.0068;0.0000;0.1811
1894.5;0.4973;0.5000;-0.0600;0.0000;60;60;0.0012;0.0062;0.0032;0.0020;-0.0068;0.0000;0.1811
1895.0;0.4977;0.5000;-0.0550;0.0000;60;60;0.0794;0.0047;0.0032;0.0020;-0.0068;0.0000;0.1811
1895.5;0.4973;0.5000;-0.0540;0.0000;60;60;0.0012;0.0062;0.0047;0.0020;-0.0068;0.0000;0.1811
1896.0;0.4973;0.5000;-0.0610;0.0000;60;62;0.0794;0.0062;0.0047;0.0020;-0.0068;0.0000;0.1811
1896.5;0.4973;0.5000;-0.0480;0.0000;62;62;0.0012;0.0062;0.0047;0.0020;-0.0068;0.0000;0.1811
1897.0;0.4968;0.5000;-0.0230;0.0000;62;62;-0.0012;0.0076;0.0047;-0.0000;-0.0068;0.0000;0.1811
1897.5;0.4968;0.5000;-0.0275;0.0000;62;62;0.0769;0.0062;0.0047;0.0010;-0.0068;0.0000;0.1811
1898.0;0.4968;0.5000;-0.0040;0.0000;62;62;-0.0012;0.0062;0.0047;-0.0000;-0.0068;0.0000;0.1811
1898.5;0.4973;0.5000;-0.0010;0.0000;62;62;0.0769;0.0062;0.0047;-0.0000;-0.0068;0.0000;0.1811
1899.0;0.4973;0.5000;0.0320;0.0000;62;62;-0.0012;0.0062;0.0047;-0.0020;-0.0068;0.0000;0.1811
1899.5;0.4968;0.5000;0.0440;0.0000;62;62;-0.0037;0.0062;0.0047;-0.0020;-0.0068;0.0000;0.1811
1900.0;0.4973;0.5000;0.0630;0.0000;64;60;-0.0818;0.0047;0.0047;-0.0029;-0.0068;0.0000;0.1811
1900.5;0.4973;0.5000;0.0575;0.0000;64;60;-0.0037;0.0062;0.0047;-0.0029;-0.0068;0.0000;0.1811
1901.0;0.4968;0.5000;0.0650;0.0000;64;60;-0.0037;0.0062;0.0047;-0.0029;-0.0068;0.0000;0.1811
1901.5;0.4973;0.5000;0.0750;0.0000;64;60;-0.0818;0.0062;0.0047;-0.0039;-0.0068;0.0000;0.1811
1902.0;0.4977;0.5000;0.0780;0.0000;64;60;0.0745;0.0047;0.0047;-0.0039;-0.0068;0.0000;0.1811
1902.5;0.4982;0.5000;0.0810;0.0000;62;60;-0.0037;0.0032;0.0047;-0.0039;-0.0068;0.0000;0.1811
1903.0;0.4995;0.5000;0.0760;0.0000;62;58;-0.0037;0.0003;0.0047;-0.0039;-0.0068;0.0000;0.1811
1903.5;0.5000;0.5000;0.0845;0.0000;62;58;-0.0037;-0.0012;0.0047;-0.0039;-0.0068;0.0000;0.1811
1904.0;0.5009;0.5000;0.0750;0.0000;60;56;0.0745;-0.0041;0.0047;-0.0039;-0.0068;0.0000;0.1811
1904.5;0.5014;0.5000;0.0770;0.0000;60;56;-0.0037;-0.0041;0.0047;-0.0039;-0.0068;0.0000;0.1811
1905.0;0.5027;0.5000;0.0720;0.0000;58;56;-0.0037;-0.0085;0.0047;-0.0039;-0.0068;0.0000;0.1811
1905.5;0.5032;0.5000;0.0750;0.0000;58;54;-0.0037;-0.0085;0.0047;-0.0039;-0.0068;0.0000;0.1811
1906.0;0.5041;0.5000;0.0670;0.0000;58;54;0.0745;-0.0114;0.0047;-0.0029;-0.0068;0.0000;0.1811
1906.5;0.5041;0.5000;0.0525;0.0000;58;54;-0.0818;-0.0114;0.0047;-0.0029;-0.0068;0.0000;0.1811
1907.0;0.5050;0.5000;0.0655;0.0000;56;54;0.0745;-0.0129;0.0047;-0.0029;-0.0068;0.0000;0.1811
1907.5;0.5050;0.5000;0.0610;0.0000;56;54;-0.0037;-0.0144;0.0047;-0.0029;-0.0068;0.0000;0.1811
1908.0;0.5064;0.5000;0.0695;0.0000;56;54;-0.0037;-0.0173;0.0047;-0.0029;-0.0068;0.0000;0.1811
1908.5;0.5069;0.5000;0.0735;0.0000;56;54;-0.0037;-0.0173;0.0032;-0.0039;-0.0068;0.0000;0.1811
1909.0;0.5069;0.5000;0.0900;0.0000;56;54;-0.0037;-0.0188;0.0032;-0.0039;-0.0068;0.0000;0.1811
1909.5;0.5064;0.5000;0.0940;0.0000;58;54;-0.0037;-0.0173;0.0032;-0.0049;-0.0068;0.0000;0.1811
1910.0;0.5037;0.5000;0.1010;0.0000;60;56;0.0745;-0.0100;0.0032;-0.0049;-0.0068;0.0000;0.1811
1910.5;0.5009;0.5000;0.1160;0.0000;64;58;0.0720;-0.0041;0.0032;-0.0049;-0.0068;0.0000;0.1811
1911.0;0.4986;0.5000;0.1330;0.0000;65;62;-0.0061;0.0018;0.0032;-0.0059;-0.0068;0.0000;0.1811
1911.5;0.4977;0.5000;0.1610;0.0000;67;62;0.0720;0.0047;0.0032;-0.0068;-0.0068;0.0000;0.1811
1912.0;0.4968;0.5000;0.1855;0.0000;67;62;-0.0085;0.0076;0.0032;-0.0078;-0.0078;0.0000;0.1811
1912.5;0.4963;0.5000;0.2285;0.0000;69;62;-0.0085;0.0076;0.0032;-0.0098;-0.0078;0.0000;0.1811
1913.0;0.4959;0.5000;0.2380;0.0000;69;62;-0.0085;0.0091;0.0032;-0.0108;-0.0078;0.0000;0.1811
1913.5;0.4954;0.5000;0.2440;0.0000;69;62;0.0696;0.0091;0.0032;-0.0108;-0.0078;0.0000;0.1811
1914.0;0.4950;0.5000;0.2240;0.0000;69;62;-0.0085;0.0105;0.0032;-0.0098;-0.0078;0.0000;0.1811
1914.5;0.4945;0.5000;0.2035;0.0000;69;62;-0.0085;0.0120;0.0047;-0.0088;-0.0078;0.0000;0.1811
1915.0;0.4950;0.5000;0.1660;0.0000;67;62;-0.0061;0.0105;0.0047;-0.0078;-0.0078;0.0000;0.1811
1915.5;0.4963;0.5000;0.1310;0.0000;65;60;-0.0842;0.0091;0.0047;-0.0059;-0.0078;0.0000;0.1811
1916.0;0.4973;0.5000;0.0940;0.0000;64;60;0.0745;0.0062;0.0047;-0.0049;-0.0078;0.0000;0.1811
1916.5;0.4986;0.5000;0.0410;0.0000;64;58;-0.0818;0.0018;0.0047;-0.0020;-0.0078;0.0000;0.1811
1917.0;0.5000;0.5000;-0.0185;0.0000;60;58;0.0769;-0.0012;0.0047;-0.0000;-0.0078;0.0000;0.1811
1917.5;0.5005;0.5000;-0.1100;0.0000;58;58;0.0037;-0.0026;0.0047;0.0039;-0.0078;0.0000;0.1811
1918.0;0.5014;0.5000;-0.1815;0.0000;58;58;-0.0720;-0.0041;0.0047;0.0068;-0.0078;0.0000;0.1811
1918.5;0.5018;0.5000;-0.2500;0.0000;56;60;0.0867;-0.0056;0.0047;0.0098;-0.0078;0.0000;0.1811
1919.0;0.5009;0.5000;-0.2765;0.0000;56;60;0.1648;-0.0026;0.0047;0.0108;-0.0078;0.0000;0.1811
1919.5;0.5000;0.5000;-0.2840;0.0000;58;62;0.0085;-0.0012;0.0047;0.0117;-0.0078;0.0000;0.1811
1920.0;0.4991;0.5000;-0.2700;0.0000;60;62;0.0085;0.0018;0.0047;0.0108;-0.0078;0.0000;0.1811
1920.5;0.4995;0.5000;-0.2475;0.0000;60;62;0.0061;-0.0012;0.0047;0.0098;-0.0078;0.0000;0.1811
1921.0;0.5005;0.5000;-0.2080;0.0000;60;60;-0.0720;-0.0026;0.0047;0.0078;-0.0068;0.0000;0.1811
1921.5;0.5009;0.5000;-0.1555;0.0000;60;60;0.0037;-0.0041;0.0047;0.0059;-0.0068;0.0000;0.1811
1922.0;0.5023;0.5000;-0.1170;0.0000;58;58;0.0037;-0.0070;0.0047;0.0049;-0.0068;0.0000;0.1811
1922.5;0.5027;0.5000;-0.0885;0.0000;58;56;0.0012;-0.0085;0.0047;0.0029;-0.0068;0.0000;0.1811
1923.0;0.5037;0.5000;-0.0890;0.0000;56;56;0.0794;-0.0114;0.0047;0.0029;-0.0068;0.0000;0.1811
1923.5;0.5041;0.5000;-0.0870;0.0000;56;56;0.0012;-0.0114;0.0032;0.0029;-0.0068;0.0000;0.1811
1924.0;0.5046;0.5000;-0.0885;0.0000;56;56;0.0012;-0.0129;0.0032;0.0029;-0.0068;0.0000;0.1811
1924.5;0.5055;0.5000;-0.0675;0.0000;56;56;0.0794;-0.0144;0.0032;0.0020;-0.0068;0.0000;0.1811
1925.0;0.5055;0.5000;-0.0450;0.0000;56;56;0.0012;-0.0158;0.0032;0.0010;-0.0068;0.0000;0.1811
1925.5;0.5055;0.5000;-0.0275;0.0000;56;56;-0.0012;-0.0144;0.0032;0.0010;-0.0068;0.0000;0.1811
1926.0;0.5060;0.5000;-0.0160;0.0000;56;56;0.0769;-0.0158;0.0032;-0.0000;-0.0068;0.0000;0.1811
1926.5;0.5055;0.5000;0.0015;0.0000;56;56;-0.0012;-0.0158;0.0032;-0.0010;-0.0068;0.0000;0.1811
1927.0;0.5060;0.5000;0.0335;0.0000;56;56;0.0769;-0.0158;0.0032;-0.0020;-0.0068;0.0000;0.1811
1927.5;0.5060;0.5000;0.0400;0.0000;58;56;-0.0037;-0.0158;0.0032;-0.0020;-0.0068;0.0000;0.1811
1928.0;0.5064;0.5000;0.0655;0.0000;58;56;0.0745;-0.0173;0.0032;-0.0029;-0.0068;0.0000;0.1811
1928.5;0.5060;0.5000;0.0690;0.0000;58;56;-0.0037;-0.0173;0.0032;-0.0029;-0.0068;0.0000;0.1811
1929.0;0.5055;0.5000;0.0855;0.0000;58;56;-0.0037;-0.0158;0.0032;-0.0039;-0.0068;0.0000;0.1811
1929.5;0.5050;0.5000;0.0830;0.0000;58;56;-0.0037;-0.0144;0.0032;-0.0039;-0.0068;0.0000;0.1811
1930.0;0.5050;0.5000;0.1070;0.0000;60;56;-0.0842;-0.0144;0.0032;-0.0049;-0.0068;0.0000;0.1811
1930.5;0.5055;0.5000;0.1220;0.0000;60;56;0.0720;-0.0144;0.0032;-0.0059;-0.0068;0.0000;0.1811
1931.0;0.5055;0.5000;0.1300;0.0000;60;56;-0.0061;-0.0144;0.0032;-0.0059;-0.0068;0.0000;0.1811
1931.5;0.5060;0.5000;0.1445;0.0000;60;54;-0.0842;-0.0158;0.0032;-0.0068;-0.0068;0.0000;0.1811
1932.0;0.5064;0.5000;0.1705;0.0000;60;54;0.0720;-0.0173;0.0032;-0.0078;-0.0078;0.0000;0.1811
1932.5;0.5064;0.5000;0.1915;0.0000;60;54;-0.0085;-0.0173;0.0032;-0.0088;-0.0078;0.0000;0.1811
1933.0;0.5069;0.5000;0.1835;0.0000;60;52;-0.0867;-0.0188;0.0032;-0.0078;-0.0078;0.0000;0.1811
1933.5;0.5073;0.5000;0.1940;0.0000;58;52;0.0696;-0.0202;0.0032;-0.0088;-0.0078;0.0000;0.1811
1934.0;0.5078;0.5000;0.1560;0.0000;58;52;-0.0061;-0.0202;0.0032;-0.0068;-0.0078;0.0000;0.1811
1934.5;0.5073;0.5000;0.1370;0.0000;58;54;-0.0061;-0.0202;0.0032;-0.0059;-0.0078;0.0000;0.1811
1935.0;0.5069;0.5000;0.1170;0.0000;58;54;-0.0061;-0.0188;0.0018;-0.0059;-0.0078;0.0000;0.1811
1935.5;0.5069;0.5000;0.1155;0.0000;58;54;0.0720;-0.0188;0.0018;-0.0049;-0.0078;0.0000;0.1811
1936.0;0.5069;0.5000;0.0840;0.0000;58;56;-0.0037;-0.0188;0.0018;-0.0039;-0.0078;0.0000;0.1811
1936.5;0.5064;0.5000;0.0470;0.0000;58;56;-0.0037;-0.0173;0.0018;-0.0029;-0.0078;0.0000;0.1811
1937.0;0.5064;0.5000;0.0250;0.0000;58;56;-0.0794;-0.0173;0.0018;-0.0020;-0.0078;0.0000;0.1811
1937.5;0.5069;0.5000;0.0105;0.0000;58;56;0.0769;-0.0173;0.0018;-0.0010;-0.0078;0.0000;0.1811
1938.0;0.5064;0.5000;0.0190;0.0000;58;56;-0.0012;-0.0173;0.0018;-0.0010;-0.0078;0.0000;0.1811
1938.5;0.5064;0.5000;0.0150;0.0000;58;56;-0.0012;-0.0173;0.0018;-0.0010;-0.0078;0.0000;0.1811
1939.0;0.5055;0.5000;0.0335;0.0000;60;56;-0.0012;-0.0158;0.0018;-0.0020;-0.0078;0.0000;0.1811
1939.5;0.5055;0.5000;0.0225;0.0000;60;56;0.0769;-0.0158;0.0018;-0.0010;-0.0078;0.0000;0.1811
1940.0;0.5060;0.5000;0.0400;0.0000;60;56;-0.0818;-0.0158;0.0018;-0.0020;-0.0078;0.0000;0.1811
1940.5;0.5060;0.5000;0.0660;0.0000;60;56;-0.0037;-0.0158;0.0018;-0.0029;-0.0078;0.0000;0.1811
1941.0;0.5055;0.5000;0.0890;0.0000;60;56;-0.0037;-0.0158;0.0018;-0.0039;-0.0078;0.0000;0.1811
1941.5;0.5060;0.5000;0.1010;0.0000;60;54;-0.0818;-0.0158;0.0018;-0.0049;-0.0078;0.0000;0.1811
1942.0;0.5055;0.5000;0.0980;0.0000;60;54;-0.0037;-0.0158;0.0018;-0.0049;-0.0078;0.0000;0.1811
1942.5;0.5050;0.5000;0.1060;0.0000;60;56;-0.0061;-0.0144;0.0018;-0.0049;-0.0078;0.0000;0.1811
1943.0;0.5046;0.5000;0.1030;0.0000;62;56;-0.0037;-0.0129;0.0018;-0.0049;-0.0078;0.0000;0.1811
1943.5;0.5037;0.5000;0.1175;0.0000;62;56;-0.0061;-0.0100;0.0018;-0.0059;-0.0078;0.0000;0.1811
1944.0;0.5027;0.5000;0.1180;0.0000;62;58;-0.0061;-0.0085;0.0018;-0.0059;-0.0078;0.0000;0.1811
1944.5;0.5018;0.5000;0.1320;0.0000;64;58;-0.0061;-0.0056;0.0018;-0.0059;-0.0078;0.0000;0.1811
1945.0;0.5009;0.5000;0.1210;0.0000;64;58;-0.0842;-0.0041;0.0018;-0.0059;-0.0078;0.0000;0.1811
1945.5;0.5005;0.5000;0.1135;0.0000;64;60;-0.0061;-0.0026;0.0018;-0.0049;-0.0078;0.0000;0.1811
1946.0;0.4995;0.5000;0.1330;0.0000;65;60;-0.0061;0.0003;0.0018;-0.0059;-0.0078;0.0000;0.1811
1946.5;0.4986;0.5000;0.1520;0.0000;65;60;-0.0061;0.0018;0.0018;-0.0068;-0.0078;0.0000;0.1811
1947.0;0.4977;0.5000;0.1580;0.0000;67;60;-0.0061;0.0047;0.0018;-0.0068;-0.0078;0.0000;0.1811
1947.5;0.4982;0.5000;0.1400;0.0000;65;60;-0.0061;0.0032;0.0018;-0.0068;-0.0078;0.0000;0.1811
1948.0;0.4982;0.5000;0.1315;0.0000;65;60;-0.0061;0.0032;0.0018;-0.0059;-0.0078;0.0000;0.1811
1948.5;0.4982;0.5000;0.1045;0.0000;65;60;-0.0037;0.0032;0.0018;-0.0049;-0.0078;0.0000;0.1811
1949.0;0.4982;0.5000;0.0835;0.0000;65;60;-0.0818;0.0032;0.0018;-0.0039;-0.0078;0.0000;0.1811
1949.5;0.4982;0.5000;0.0435;0.0000;64;60;-0.0037;0.0032;0.0018;-0.0020;-0.0078;0.0000;0.1811
1950.0;0.4982;0.5000;0.0155;0.0000;64;60;-0.0012;0.0032;0.0018;-0.0010;-0.0078;0.0000;0.1811
1950.5;0.4977;0.5000;0.0030;0.0000;64;60;-0.0012;0.0047;0.0018;-0.0010;-0.0078;0.0000;0.1811
1951.0;0.4973;0.5000;0.0020;0.0000;64;60;-0.0012;0.0062;0.0018;-0.0010;-0.0078;0.0000;0.1811
1951.5;0.4963;0.5000;0.0140;0.0000;65;62;-0.0012;0.0076;0.0018;-0.0010;-0.0078;0.0000;0.1811
1952.0;0.4959;0.5000;0.0220;0.0000;65;62;-0.0012;0.0091;0.0018;-0.0010;-0.0078;0.0000;0.1811
1952.5;0.4959;0.5000;0.0220;0.0000;65;62;0.0769;0.0091;0.0018;-0.0010;-0.0078;0.0000;0.1811
1953.0;0.4954;0.5000;0.0160;0.0000;65;62;-0.0012;0.0105;0.0018;-0.0010;-0.0078;0.0000;0.1811
1953.5;0.4954;0.5000;0.0165;0.0000;65;62;-0.0794;0.0091;0.0018;-0.0010;-0.0078;0.0000;0.1811
1954.0;0.4959;0.5000;0.0125;0.0000;65;62;-0.0012;0.0091;0.0018;-0.0010;-0.0078;0.0000;0.1811
1954.5;0.4954;0.5000;0.0145;0.0000;65;62;-0.0012;0.0105;0.0018;-0.0010;-0.0078;0.0000;0.1811
1955.0;0.4959;0.5000;0.0190;0.0000;65;60;-0.0794;0.0091;0.0018;-0.0010;-0.0078;0.0000;0.1811
1955.5;0.4963;0.5000;0.0090;0.0000;64;60;0.0769;0.0076;0.0018;-0.0010;-0.0078;0.0000;0.1811
1956.0;0.4968;0.5000;0.0080;0.0000;64;60;-0.0012;0.0076;0.0018;-0.0010;-0.0078;0.0000;0.1811
1956.5;0.4973;0.5000;0.0020;0.0000;64;60;-0.0794;0.0062;0.0018;-0.0010;-0.0078;0.0000;0.1811
1957.0;0.4973;0.5000;0.0055;0.0000;64;60;-0.0012;0.0047;0.0018;-0.0010;-0.0078;0.0000;0.1811
1957.5;0.4973;0.5000;0.0170;0.0000;64;60;-0.0012;0.0062;0.0018;-0.0010;-0.0078;0.0000;0.1811
1958.0;0.4977;0.5000;0.0290;0.0000;64;58;-0.0794;0.0047;0.0018;-0.0020;-0.0078;0.0000;0.1811
1958.5;0.4977;0.5000;0.0130;0.0000;64;58;-0.0012;0.0047;0.0018;-0.0010;-0.0078;0.0000;0.1811
1959.0;0.4973;0.5000;0.0160;0.0000;64;60;-0.0012;0.0062;0.0018;-0.0010;-0.0078;0.0000;0.1811
1959.5;0.4977;0.5000;-0.0035;0.0000;64;60;0.0769;0.0047;0.0018;-0.0000;-0.0078;0.0000;0.1811
1960.0;0.4982;0.5000;0.0035;0.0000;62;58;-0.0794;0.0032;0.0018;-0.0010;-0.0078;0.0000;0.1811
1960.5;0.4986;0.5000;0.0025;0.0000;62;58;-0.0012;0.0032;0.0018;-0.0010;-0.0078;0.0000;0.1811
1961.0;0.4991;0.5000;-0.0065;0.0000;62;58;0.0769;0.0018;0.0018;-0.0000;-0.0078;0.0000;0.1811
1961.5;0.5000;0.5000;0.0045;0.0000;62;56;-0.0794;-0.0012;0.0018;-0.0010;-0.0078;0.0000;0.1811
1962.0;0.5000;0.5000;-0.0065;0.0000;60;56;-0.0012;-0.0012;0.0018;-0.0000;-0.0078;0.0000;0.1811
1962.5;0.5000;0.5000;-0.0050;0.0000;60;58;-0.0012;-0.0012;0.0018;-0.0000;-0.0078;0.0000;0.1811
1963.0;0.4995;0.5000;-0.0155;0.0000;62;58;-0.0012;0.0003;0.0018;-0.0000;-0.0078;0.0000;0.1811
1963.5;0.5000;0.5000;-0.0205;0.0000;62;58;-0.0794;-0.0012;0.0018;-0.0000;-0.0078;0.0000;0.1811
1964.0;0.5000;0.5000;-0.0290;0.0000;62;58;-0.0012;-0.0012;0.0018;0.0010;-0.0078;0.0000;0.1811
1964.5;0.4995;0.5000;-0.0280;0.0000;62;58;-0.0012;0.0003;0.0018;0.0010;-0.0078;0.0000;0.1811
1965.0;0.4991;0.5000;-0.0320;0.0000;62;58;-0.0012;0.0018;0.0018;0.0010;-0.0078;0.0000;0.1811
1965.5;0.4991;0.5000;-0.0250;0.0000;62;58;-0.0794;0.0018;0.0018;0.0010;-0.0078;0.0000;0.1811
1966.0;0.4995;0.5000;-0.0085;0.0000;62;58;0.0769;0.0003;0.0018;-0.0000;-0.0078;0.0000;0.1811
1966.5;0.4995;0.5000;-0.0110;0.0000;62;58;-0.0012;0.0003;0.0018;-0.0000;-0.0078;0.0000;0.1811
1967.0;0.4995;0.4995;0.0010;0.0000;62;58;-0.0012;0.0003;0.0018;-0.0010;-0.0078;0.0000;0.1811
1967.5;0.4991;0.4995;0.0040;0.0000;62;58;-0.0012;0.0018;0.0018;-0.0010;-0.0078;0.0000;0.1811
1968.0;0.5000;0.4995;0.0190;0.0000;62;58;-0.0012;-0.0012;0.0018;-0.0010;-0.0078;0.0000;0.1811
1968.5;0.5000;0.4995;0.0300;0.0000;62;58;-0.0012;-0.0026;0.0018;-0.0020;-0.0078;0.0000;0.1732
1969.0;0.5000;0.4995;0.0265;0.0000;62;56;-0.0012;-0.0026;0.0018;-0.0020;-0.0078;0.0000;0.1732
1969.5;0.4995;0.4995;0.0245;0.0000;62;58;-0.0012;-0.0012;0.0018;-0.0020;-0.0078;0.0000;0.1732
1970.0;0.4991;0.4995;0.0145;0.0000;62;58;-0.0012;0.0003;0.0018;-0.0010;-0.0078;0.0000;0.1732
1970.5;0.5000;0.4995;0.0020;0.0000;62;58;-0.0012;-0.0026;0.0018;-0.0010;-0.0078;0.0000;0.1732
1971.0;0.5000;0.4995;-0.0070;0.0000;60;58;-0.0012;-0.0026;0.0018;-0.0000;-0.0078;0.0000;0.1732
1971.5;0.5000;0.4991;-0.0025;0.0000;60;56;-0.0012;-0.0026;0.0018;-0.0000;-0.0078;0.0000;0.1732
1972.0;0.4995;0.4991;0.0015;0.0000;60;58;-0.0012;-0.0012;0.0018;-0.0010;-0.0078;0.0000;0.1732
1972.5;0.4995;0.4991;0.0020;0.0000;60;56;-0.0794;-0.0026;0.0018;-0.0010;-0.0078;0.0000;0.1732
1973.0;0.4995;0.4991;0.0025;0.0000;60;56;-0.0012;-0.0026;0.0018;-0.0010;-0.0078;0.0000;0.1732
1973.5;0.4991;0.4986;0.0040;0.0000;62;56;-0.0012;-0.0012;0.0018;-0.0010;-0.0078;0.0000;0.1732
1974.0;0.4986;0.4986;0.0045;0.0000;62;58;-0.0012;0.0003;0.0018;-0.0010;-0.0078;0.0000;0.1732
1974.5;0.4977;0.4986;-0.0035;0.0000;62;58;-0.0012;0.0003;0.0018;-0.0000;-0.0078;0.0000;0.1732
1975.0;0.4968;0.4982;-0.0085;0.0000;62;58;-0.0012;0.0032;0.0018;-0.0000;-0.0078;0.0000;0.1732
1975.5;0.4968;0.4982;-0.0240;0.0000;62;58;-0.0794;0.0018;0.0018;0.0010;-0.0078;0.0000;0.1732
1976.0;0.4973;0.4977;-0.0320;0.0000;62;58;0.0769;0.0018;0.0018;0.0010;-0.0078;0.0000;0.1732
1976.5;0.4963;0.4977;-0.0445;0.0000;62;58;-0.0769;0.0032;0.0018;0.0010;-0.0078;0.0000;0.1732
1977.0;0.4954;0.4973;-0.0535;0.0000;62;60;0.0012;0.0047;0.0018;0.0020;-0.0078;0.0000;0.1732
1977.5;0.4936;0.4973;-0.0465;0.0000;64;60;-0.0769;0.0076;0.0018;0.0010;-0.0078;0.0000;0.1732
1978.0;0.4927;0.4968;-0.0430;0.0000;64;60;0.0794;0.0105;0.0018;0.0010;-0.0078;0.0000;0.1732
1978.5;0.4913;0.4968;-0.0520;0.0000;65;62;0.0012;0.0135;0.0018;0.0020;-0.0078;0.0000;0.1732
1979.0;0.4904;0.4963;-0.0635;0.0000;65;62;0.0012;0.0149;0.0018;0.0020;-0.0078;0.0000;0.1654
1979.5;0.4890;0.4963;-0.0755;0.0000;65;64;0.0012;0.0164;0.0018;0.0029;-0.0078;0.0000;0.1654
1980.0;0.4881;0.4959;-0.0955;0.0000;65;64;0.0012;0.0193;0.0032;0.0039;-0.0078;0.0000;0.1654
1980.5;0.4886;0.4959;-0.1080;0.0000;64;64;0.0037;0.0164;0.0032;0.0039;-0.0078;0.0000;0.1654
1981.0;0.4890;0.4954;-0.1345;0.0000;64;62;0.0037;0.0164;0.0032;0.0049;-0.0078;0.0000;0.1654
1981.5;0.4886;0.4950;-0.1360;0.0000;64;62;0.0037;0.0149;0.0032;0.0049;-0.0078;0.0000;0.1654
1982.0;0.4881;0.4950;-0.1545;0.0000;62;62;0.0037;0.0164;0.0032;0.0059;-0.0078;0.0000;0.1654
1982.5;0.4876;0.4945;-0.1420;0.0000;62;62;0.0037;0.0164;0.0032;0.0059;-0.0078;0.0000;0.1654
1983.0;0.4872;0.4940;-0.1215;0.0000;62;62;0.0037;0.0164;0.0032;0.0049;-0.0078;0.0000;0.1654
1983.5;0.4872;0.4940;-0.1175;0.0000;62;62;0.0818;0.0164;0.0032;0.0049;-0.0078;0.0000;0.1654
1984.0;0.4867;0.4936;-0.0945;0.0000;62;60;0.0012;0.0164;0.0032;0.0039;-0.0078;0.0000;0.1654
1984.5;0.4863;0.4931;-0.0805;0.0000;62;60;0.0012;0.0164;0.0032;0.0029;-0.0078;0.0000;0.1654
1985.0;0.4863;0.4927;-0.0610;0.0000;62;60;-0.0769;0.0149;0.0032;0.0020;-0.0078;0.0000;0.1654
1985.5;0.4863;0.4922;-0.0645;0.0000;62;60;0.0012;0.0149;0.0032;0.0020;-0.0078;0.0000;0.1654
1986.0;0.4858;0.4918;-0.0485;0.0000;62;58;0.0012;0.0149;0.0032;0.0020;-0.0078;0.0000;0.1654
1986.5;0.4853;0.4918;-0.0510;0.0000;62;58;0.0012;0.0149;0.0032;0.0020;-0.0078;0.0000;0.1654
1987.0;0.4853;0.4913;-0.0535;0.0000;60;58;0.0794;0.0135;0.0032;0.0020;-0.0078;0.0000;0.1654
1987.5;0.4853;0.4908;-0.0630;0.0000;60;58;0.0012;0.0135;0.0032;0.0020;-0.0078;0.0000;0.1654
1988.0;0.4853;0.4904;-0.0645;0.0000;60;58;-0.0769;0.0105;0.0032;0.0020;-0.0078;0.0000;0.1654
1988.5;0.4853;0.4899;-0.0590;0.0000;60;56;0.0012;0.0105;0.0032;0.0020;-0.0078;0.0000;0.1654
1989.0;0.4853;0.4895;-0.0630;0.0000;58;56;0.0012;0.0105;0.0032;0.0020;-0.0078;0.0000;0.1575
1989.5;0.4849;0.4890;-0.0665;0.0000;58;56;0.0012;0.0105;0.0032;0.0020;-0.0078;0.0000;0.1575
1990.0;0.4849;0.4886;-0.0890;0.0000;58;56;-0.0769;0.0091;0.0032;0.0029;-0.0078;0.0000;0.1575
1990.5;0.4844;0.4881;-0.0980;0.0000;58;56;0.0012;0.0076;0.0032;0.0039;-0.0078;0.0000;0.1575
1991.0;0.4849;0.4876;-0.1155;0.0000;58;56;-0.0745;0.0062;0.0032;0.0039;-0.0078;0.0000;0.1575
1991.5;0.4849;0.4872;-0.1175;0.0000;56;54;0.0037;0.0047;0.0032;0.0049;-0.0078;0.0000;0.1575
1992.0;0.4835;0.4867;-0.1250;0.0000;58;56;0.0037;0.0062;0.0032;0.0049;-0.0078;0.0000;0.1575
1992.5;0.4835;0.4858;-0.1350;0.0000;58;54;-0.0745;0.0062;0.0032;0.0049;-0.0078;0.0000;0.1575
1993.0;0.4831;0.4853;-0.1365;0.0000;58;54;0.0037;0.0062;0.0032;0.0049;-0.0078;0.0000;0.1575
1993.5;0.4821;0.4849;-0.1500;0.0000;58;56;0.0037;0.0062;0.0032;0.0059;-0.0078;0.0000;0.1575
1994.0;0.4817;0.4844;-0.1510;0.0000;58;56;0.0037;0.0062;0.0032;0.0059;-0.0078;0.0000;0.1575
1994.5;0.4808;0.4840;-0.1560;0.0000;58;56;0.0037;0.0062;0.0047;0.0059;-0.0078;0.0000;0.1575
1995.0;0.4808;0.4831;-0.1545;0.0000;58;56;-0.0745;0.0047;0.0047;0.0059;-0.0078;0.0000;0.1575
1995.5;0.4799;0.4826;-0.1750;0.0000;56;56;0.0842;0.0062;0.0047;0.0068;-0.0068;0.0000;0.1575
1996.0;0.4794;0.4821;-0.1835;0.0000;56;56;-0.0720;0.0062;0.0047;0.0068;-0.0068;0.0000;0.1575
1996.5;0.4785;0.4817;-0.1910;0.0000;56;56;0.0842;0.0076;0.0047;0.0078;-0.0068;0.0000;0.1575
1997.0;0.4776;0.4808;-0.1865;0.0000;56;56;0.0061;0.0076;0.0047;0.0078;-0.0068;0.0000;0.1575
1997.5;0.4762;0.4803;-0.1700;0.0000;58;56;0.0818;0.0091;0.0047;0.0068;-0.0068;0.0000;0.1575
1998.0;0.4757;0.4794;-0.1395;0.0000;58;56;0.0037;0.0091;0.0047;0.0049;-0.0068;0.0000;0.1575