Time(ms);ActualLinearVel;TargetLinearVel;ActualAngularVel;TargetAngularVel;PWML;PWMR;ImuDiff;VelP;VelI;AngP;AngI;RotationFF;LinearFF
general_params = {
fan_speed = 600.000000,
angular_kp = 0.084000,
angular_ki = 0.000420,
angular_kd = 0.000000,
angular_acc_feed_forward_k = 0.000400,
angular_vel_feed_forward_k = 0.004000,
linear_vel_acc_feed_forward_k = 0.031250,
linear_vel_brake_feed_forward_k = 0.018000,
linear_vel_feed_forward_k = 0.105000,
linear_jerk_ff_k = 0.000000,
linear_jerk_ff_ms = 0.000000,
angular_jerk_ff_k = 0.000000,
angular_jerk_ff_ms = 0.000000,
wall_kp = 0.000000,
wall_ki = 0.000000,
wall_kd = 0.000000,
linear_vel_kp = 2.500000,
linear_vel_ki = 0.010000,
linear_vel_kd = 0.000000,
diagonal_walls_kp = 0.000000,
diagonal_walls_ki = 0.000000,
diagonal_walls_kd = 0.000000,
start_wall_break_mm_left = 5.500000,
start_wall_break_mm_right = 7.200000,
enable_wall_break_correction = 1.000000,
max_linear_acc_jerk = 200.000000,
max_linear_brake_jerk = 200.000000,
wheel_radius_mm = 12.750000,
coulomb_ff = 0.200000,
};
t;Vel;TgtVel;AngVel;TgtAngVel;PWM_L;PWM_R;ImuDiff;VelP;VelI;AngP;AngI;RotFF;LinFF
0.0;0.0000;0.0000;-0.0060;0.0000;-1;-1;-0.4701;-0.0012;-0.0012;-0.0000;-0.0000;0.0000;-0.0000
0.5;0.0000;0.0000;0.0175;0.0000;1;1;-0.0012;0.0003;-0.0012;-0.0020;-0.0010;0.0000;-0.0000
1.0;0.0000;0.0000;-0.0505;0.0000;1;1;-0.0012;0.0003;-0.0012;0.0039;-0.0000;0.0000;0.0079
1.5;0.0000;0.0005;-0.1045;0.0000;-1;3;0.0012;0.0003;-0.0012;0.0078;-0.0000;0.0000;0.0079
2.0;0.0000;0.0005;-0.0350;0.0000;1;3;-0.0012;0.0003;-0.0012;0.0020;-0.0000;0.0000;0.0079
2.5;0.0000;0.0009;0.0205;0.0000;46;46;-0.0012;0.0003;-0.0012;-0.0020;-0.0000;0.0000;0.2126
3.0;0.0005;0.0014;0.0650;0.0000;48;46;-0.0012;0.0018;-0.0012;-0.0059;-0.0000;0.0000;0.2205
3.5;0.0005;0.0014;-0.0140;0.0000;46;48;-0.0012;0.0018;-0.0012;0.0010;-0.0000;0.0000;0.2205
4.0;0.0009;0.0018;-0.0505;0.0000;46;48;-0.0012;0.0018;-0.0012;0.0039;-0.0000;0.0000;0.2283
4.5;0.0009;0.0027;-0.0795;0.0000;48;50;-0.0012;0.0032;-0.0012;0.0059;-0.0000;0.0000;0.2283
5.0;0.0014;0.0032;-0.0060;0.0000;50;50;-0.0012;0.0032;-0.0012;-0.0000;-0.0000;0.0000;0.2283
5.5;0.0018;0.0037;-0.0195;0.0000;50;50;-0.0012;0.0032;-0.0012;0.0010;-0.0000;0.0000;0.2362
6.0;0.0023;0.0041;-0.0305;0.0000;50;52;-0.0012;0.0047;-0.0012;0.0020;-0.0000;0.0000;0.2362
6.5;0.0027;0.0050;-0.0330;0.0000;52;52;-0.0012;0.0047;-0.0012;0.0020;-0.0000;0.0000;0.2441
7.0;0.0032;0.0060;0.0385;0.0000;54;52;-0.0012;0.0062;-0.0012;-0.0039;-0.0000;0.0000;0.2441
7.5;0.0037;0.0064;0.0960;0.0000;56;52;-0.0037;0.0062;-0.0012;-0.0088;-0.0000;0.0000;0.2441
8.0;0.0041;0.0073;0.0295;0.0000;54;54;-0.0012;0.0076;-0.0012;-0.0029;-0.0000;0.0000;0.2520
8.5;0.0046;0.0082;0.0100;0.0000;56;56;-0.0012;0.0076;-0.0012;-0.0010;-0.0000;0.0000;0.2520
9.0;0.0055;0.0092;-0.0060;0.0000;56;56;-0.0012;0.0091;0.0003;-0.0000;-0.0000;0.0000;0.2598
9.5;0.0060;0.0101;0.1070;0.0000;58;56;-0.0037;0.0105;0.0003;-0.0098;-0.0000;0.0000;0.2598
10.0;0.0069;0.0114;0.1465;0.0000;60;56;-0.0037;0.0105;0.0003;-0.0127;-0.0010;0.0000;0.2598
10.5;0.0073;0.0124;0.1780;0.0000;62;56;-0.0037;0.0120;0.0003;-0.0156;-0.0010;0.0000;0.2677
11.0;0.0082;0.0137;0.1655;0.0000;62;56;-0.0037;0.0135;0.0003;-0.0147;-0.0010;0.0000;0.2677
11.5;0.0087;0.0147;0.1985;0.0000;64;58;-0.0037;0.0135;0.0003;-0.0176;-0.0010;0.0000;0.2756
12.0;0.0096;0.0160;0.2250;0.0000;65;58;-0.0037;0.0149;0.0003;-0.0196;-0.0010;0.0000;0.2756
12.5;0.0105;0.0174;0.1415;0.0000;65;60;-0.0061;0.0164;0.0003;-0.0127;-0.0010;0.0000;0.2756
13.0;0.0114;0.0188;0.1845;0.0000;67;60;-0.0085;0.0179;0.0003;-0.0156;-0.0010;0.0000;0.2835
13.5;0.0119;0.0201;0.0000;0.0000;65;64;-0.0012;0.0193;0.0003;-0.0010;-0.0010;0.0000;0.2835
14.0;0.0128;0.0215;-0.0530;0.0000;64;65;0.0012;0.0208;0.0003;0.0039;-0.0010;0.0000;0.2913
14.5;0.0147;0.0229;-0.0535;0.0000;65;67;0.0794;0.0208;0.0003;0.0039;-0.0010;0.0000;0.2913
15.0;0.0160;0.0247;-0.0635;0.0000;65;69;0.0012;0.0208;0.0003;0.0049;-0.0010;0.0000;0.2992
15.5;0.0179;0.0261;-0.0970;0.0000;67;69;-0.0769;0.0208;0.0003;0.0078;-0.0010;0.0000;0.2992
16.0;0.0197;0.0279;-0.1165;0.0000;67;71;0.0037;0.0208;0.0003;0.0088;-0.0010;0.0000;0.2992
16.5;0.0224;0.0293;-0.0985;0.0000;67;71;0.0012;0.0179;0.0003;0.0078;-0.0010;0.0000;0.3071
17.0;0.0247;0.0311;-0.1700;0.0000;67;73;0.0037;0.0164;0.0003;0.0137;-0.0010;0.0000;0.3071
17.5;0.0261;0.0330;-0.1100;0.0000;69;71;0.0037;0.0164;0.0003;0.0088;-0.0010;0.0000;0.3150
18.0;0.0293;0.0348;-0.1745;0.0000;67;73;0.0061;0.0135;0.0003;0.0137;-0.0010;0.0000;0.3150
18.5;0.0316;0.0366;-0.1770;0.0000;69;75;0.0061;0.0120;0.0003;0.0147;-0.0010;0.0000;0.3150
19.0;0.0334;0.0389;-0.1860;0.0000;69;75;0.0061;0.0135;0.0003;0.0147;-0.0000;0.0000;0.3228
19.5;0.0362;0.0408;-0.1560;0.0000;71;75;0.0037;0.0105;0.0003;0.0127;-0.0000;0.0000;0.3228
20.0;0.0389;0.0430;-0.1150;0.0000;71;75;-0.0745;0.0091;0.0003;0.0088;-0.0000;0.0000;0.3307
20.5;0.0421;0.0449;-0.0860;0.0000;73;75;0.0794;0.0062;0.0018;0.0068;-0.0000;0.0000;0.3307
21.0;0.0449;0.0472;-0.0865;0.0000;73;75;-0.0769;0.0047;0.0018;0.0068;-0.0000;0.0000;0.3386
21.5;0.0481;0.0495;-0.1420;0.0000;73;77;0.0818;0.0032;0.0018;0.0117;-0.0000;0.0000;0.3386
22.0;0.0508;0.0517;-0.0650;0.0000;75;77;-0.0769;0.0018;0.0018;0.0049;-0.0000;0.0000;0.3386
22.5;0.0545;0.0540;-0.0735;0.0000;75;77;0.0012;-0.0026;0.0018;0.0059;-0.0000;0.0000;0.3465
23.0;0.0577;0.0563;-0.0330;0.0000;75;77;0.0794;-0.0041;0.0018;0.0020;-0.0000;0.0000;0.3465
23.5;0.0600;0.0586;-0.0300;0.0000;77;77;-0.0012;-0.0041;0.0018;0.0020;-0.0000;0.0000;0.3543
24.0;0.0632;0.0609;-0.0725;0.0000;75;79;0.0012;-0.0070;0.0003;0.0059;-0.0000;0.0000;0.3543
24.5;0.0664;0.0636;-0.1240;0.0000;75;81;0.0818;-0.0085;0.0003;0.0098;-0.0000;0.0000;0.3622
25.0;0.0691;0.0659;-0.0785;0.0000;77;79;-0.0769;-0.0085;0.0003;0.0059;-0.0000;0.0000;0.3622
25.5;0.0728;0.0687;-0.1055;0.0000;77;81;0.0037;-0.0114;0.0003;0.0088;-0.0000;0.0000;0.3622
26.0;0.0769;0.0714;-0.1090;0.0000;77;81;0.0037;-0.0144;0.0003;0.0088;-0.0000;0.0000;0.3701
26.5;0.0810;0.0742;-0.0790;0.0000;79;81;0.0012;-0.0173;0.0003;0.0059;-0.0000;0.0000;0.3701
27.0;0.0838;0.0769;-0.1295;0.0000;77;83;0.0037;-0.0188;0.0003;0.0108;-0.0000;0.0000;0.3780
27.5;0.0875;0.0797;-0.1065;0.0000;79;83;0.0037;-0.0202;0.0003;0.0088;-0.0000;0.0000;0.3780
28.0;0.0911;0.0824;-0.1240;0.0000;79;83;0.0037;-0.0217;0.0003;0.0098;-0.0000;0.0000;0.3858
28.5;0.0952;0.0852;-0.0735;0.0000;79;83;0.0012;-0.0246;0.0003;0.0059;-0.0000;0.0000;0.3858
29.0;0.0994;0.0884;-0.1100;0.0000;79;83;0.0037;-0.0275;0.0003;0.0088;-0.0000;0.0000;0.3858
29.5;0.1035;0.0911;-0.0715;0.0000;81;83;0.0012;-0.0305;0.0003;0.0059;-0.0000;0.0000;0.3937
30.0;0.1076;0.0943;-0.0795;0.0000;81;85;0.0012;-0.0334;0.0003;0.0059;-0.0000;0.0000;0.3937
30.5;0.1117;0.0975;-0.0965;0.0000;81;85;0.0012;-0.0363;0.0003;0.0078;-0.0000;0.0000;0.4016
31.0;0.1158;0.1007;-0.0420;0.0000;81;83;0.0012;-0.0393;0.0003;0.0029;-0.0000;0.0000;0.4016
31.5;0.1200;0.1039;-0.1310;0.0000;81;87;0.0037;-0.0422;0.0003;0.0108;0.0010;0.0000;0.4094
32.0;0.1241;0.1071;-0.1305;0.0000;81;87;0.0037;-0.0437;-0.0012;0.0108;0.0010;0.0000;0.4094
32.5;0.1282;0.1103;-0.1300;0.0000;81;87;0.0037;-0.0451;-0.0012;0.0108;0.0010;0.0000;0.4173
33.0;0.1314;0.1136;-0.1115;0.0000;83;87;-0.0745;-0.0451;-0.0012;0.0088;0.0010;0.0000;0.4173
33.5;0.1351;0.1172;-0.1475;0.0000;83;89;0.0037;-0.0451;-0.0012;0.0117;0.0010;0.0000;0.4173
34.0;0.1392;0.1204;-0.0905;0.0000;85;89;0.0794;-0.0481;-0.0012;0.0068;0.0010;0.0000;0.4252
34.5;0.1433;0.1241;-0.1080;0.0000;85;89;0.0037;-0.0495;-0.0012;0.0088;0.0010;0.0000;0.4252
35.0;0.1474;0.1277;-0.1765;0.0000;83;91;0.0037;-0.0495;-0.0012;0.0147;0.0010;0.0000;0.4331
35.5;0.1511;0.1310;-0.2015;0.0000;83;93;0.0061;-0.0510;-0.0012;0.0166;0.0010;0.0000;0.4331
36.0;0.1548;0.1346;-0.1775;0.0000;87;93;0.0061;-0.0510;-0.0026;0.0147;0.0010;0.0000;0.4409
36.5;0.1593;0.1387;-0.1630;0.0000;87;93;-0.0745;-0.0524;-0.0026;0.0127;0.0010;0.0000;0.4409
37.0;0.1630;0.1424;-0.1585;0.0000;89;95;0.0037;-0.0524;-0.0026;0.0127;0.0010;0.0000;0.4488
37.5;0.1676;0.1461;-0.1085;0.0000;89;95;0.0818;-0.0554;-0.0026;0.0088;0.0010;0.0000;0.4488
38.0;0.1726;0.1497;-0.1610;0.0000;89;95;-0.0745;-0.0568;-0.0026;0.0127;0.0010;0.0000;0.4488
38.5;0.1767;0.1538;-0.0815;0.0000;91;95;0.0012;-0.0583;-0.0026;0.0059;0.0010;0.0000;0.4567
39.0;0.1804;0.1580;-0.1070;0.0000;91;95;0.0037;-0.0583;-0.0041;0.0088;0.0010;0.0000;0.4567
39.5;0.1854;0.1616;-0.0895;0.0000;93;97;0.0012;-0.0598;-0.0041;0.0068;0.0010;0.0000;0.4646
40.0;0.1900;0.1658;-0.1180;0.0000;93;97;0.0037;-0.0612;-0.0041;0.0098;0.0020;0.0000;0.4646
40.5;0.1946;0.1699;-0.1515;0.0000;93;99;-0.0745;-0.0627;-0.0041;0.0127;0.0020;0.0000;0.4724
41.0;0.1992;0.1740;-0.1800;0.0000;93;99;0.0842;-0.0627;-0.0041;0.0147;0.0020;0.0000;0.4724
41.5;0.2038;0.1781;-0.2330;0.0000;93;101;-0.0720;-0.0642;-0.0041;0.0186;0.0020;0.0000;0.4803
42.0;0.2088;0.1827;-0.1805;0.0000;93;101;0.0842;-0.0656;-0.0056;0.0147;0.0020;0.0000;0.4803
42.5;0.2134;0.1868;-0.2570;0.0000;93;103;-0.0696;-0.0671;-0.0056;0.0215;0.0020;0.0000;0.4882
43.0;0.2189;0.1914;-0.2685;0.0000;93;103;0.0085;-0.0700;-0.0056;0.0225;0.0020;0.0000;0.4882
43.5;0.2230;0.1955;-0.2700;0.0000;95;105;0.0085;-0.0700;-0.0056;0.0225;0.0020;0.0000;0.4882
44.0;0.2285;0.2001;-0.2625;0.0000;95;105;0.0085;-0.0715;-0.0056;0.0215;0.0020;0.0000;0.4961
44.5;0.2326;0.2047;-0.2530;0.0000;95;105;0.0085;-0.0700;-0.0056;0.0205;0.0020;0.0000;0.4961
45.0;0.2372;0.2092;-0.1955;0.0000;97;105;0.0061;-0.0715;-0.0070;0.0156;0.0020;0.0000;0.5039
45.5;0.2418;0.2138;-0.2275;0.0000;97;107;-0.0720;-0.0715;-0.0070;0.0186;0.0029;0.0000;0.5039
46.0;0.2473;0.2184;-0.3150;0.0000;97;109;0.0110;-0.0730;-0.0070;0.0264;0.0029;0.0000;0.5118
46.5;0.2514;0.2230;-0.2695;0.0000;99;109;0.0085;-0.0715;-0.0070;0.0225;0.0029;0.0000;0.5118
47.0;0.2560;0.2276;-0.3300;0.0000;99;110;0.0110;-0.0715;-0.0070;0.0274;0.0029;0.0000;0.5197
47.5;0.2610;0.2326;-0.3195;0.0000;101;112;0.0110;-0.0715;-0.0085;0.0264;0.0029;0.0000;0.5197
48.0;0.2656;0.2376;-0.3205;0.0000;101;112;-0.0672;-0.0715;-0.0085;0.0264;0.0029;0.0000;0.5276
48.5;0.2701;0.2422;-0.3145;0.0000;101;114;0.0891;-0.0700;-0.0085;0.0254;0.0029;0.0000;0.5276
49.0;0.2747;0.2473;-0.3815;0.0000;101;116;0.0110;-0.0700;-0.0085;0.0313;0.0039;0.0000;0.5276
49.5;0.2793;0.2523;-0.3115;0.0000;103;116;0.0867;-0.0686;-0.0085;0.0254;0.0039;0.0000;0.5354
50.0;0.2830;0.2573;-0.3255;0.0000;105;118;-0.0672;-0.0656;-0.0100;0.0264;0.0039;0.0000;0.5354
50.5;0.2875;0.2624;-0.3105;0.0000;107;118;0.0085;-0.0642;-0.0100;0.0254;0.0039;0.0000;0.5433
51.0;0.2926;0.2674;-0.2835;0.0000;109;120;0.0085;-0.0627;-0.0100;0.0235;0.0039;0.0000;0.5433
51.5;0.2976;0.2729;-0.3590;0.0000;109;122;0.0110;-0.0627;-0.0100;0.0293;0.0039;0.0000;0.5512
52.0;0.3027;0.2779;-0.3215;0.0000;110;122;-0.0672;-0.0627;-0.0100;0.0264;0.0039;0.0000;0.5512
52.5;0.3072;0.2834;-0.3295;0.0000;110;124;0.0891;-0.0598;-0.0100;0.0274;0.0039;0.0000;0.5591
53.0;0.3123;0.2885;-0.3255;0.0000;112;124;-0.0672;-0.0598;-0.0114;0.0264;0.0049;0.0000;0.5591
53.5;0.3173;0.2940;-0.3745;0.0000;112;126;0.0110;-0.0598;-0.0114;0.0313;0.0049;0.0000;0.5669
54.0;0.3223;0.2995;-0.3440;0.0000;114;128;0.0110;-0.0583;-0.0114;0.0283;0.0049;0.0000;0.5669
54.5;0.3274;0.3049;-0.3675;0.0000;114;130;0.0110;-0.0568;-0.0114;0.0303;0.0049;0.0000;0.5748
55.0;0.3333;0.3104;-0.3555;0.0000;116;132;-0.0672;-0.0568;-0.0114;0.0293;0.0049;0.0000;0.5748
55.5;0.3384;0.3164;-0.3355;0.0000;118;132;0.0110;-0.0568;-0.0114;0.0274;0.0049;0.0000;0.5827
56.0;0.3434;0.3219;-0.2955;0.0000;118;132;0.0085;-0.0539;-0.0114;0.0244;0.0059;0.0000;0.5827
56.5;0.3494;0.3274;-0.3565;0.0000;118;134;0.0110;-0.0554;-0.0129;0.0293;0.0059;0.0000;0.5906
57.0;0.3553;0.3333;-0.3910;0.0000;120;136;0.0134;-0.0554;-0.0129;0.0323;0.0059;0.0000;0.5906
57.5;0.3608;0.3393;-0.3845;0.0000;120;138;-0.0672;-0.0554;-0.0129;0.0323;0.0059;0.0000;0.5906
58.0;0.3663;0.3448;-0.4915;0.0000;120;140;0.0159;-0.0539;-0.0129;0.0411;0.0059;0.0000;0.5984
58.5;0.3718;0.3507;-0.4765;0.0000;122;142;-0.0623;-0.0524;-0.0129;0.0391;0.0059;0.0000;0.5984
59.0;0.3764;0.3567;-0.4750;0.0000;122;142;0.0159;-0.0510;-0.0129;0.0391;0.0068;0.0000;0.6063
59.5;0.3819;0.3626;-0.5115;0.0000;124;144;-0.0623;-0.0481;-0.0129;0.0420;0.0068;0.0000;0.6063
60.0;0.3874;0.3686;-0.5055;0.0000;124;146;0.0159;-0.0466;-0.0144;0.0420;0.0068;0.0000;0.6063
60.5;0.3919;0.3750;-0.5115;0.0000;124;146;-0.0623;-0.0437;-0.0144;0.0420;0.0068;0.0000;0.6142
61.0;0.3961;0.3810;-0.5520;0.0000;126;150;0.0183;-0.0393;-0.0144;0.0459;0.0078;0.0000;0.6142
61.5;0.4016;0.3869;-0.5475;0.0000;126;150;0.0183;-0.0378;-0.0144;0.0459;0.0078;0.0000;0.6142
62.0;0.4071;0.3929;-0.5395;0.0000;126;152;0.0965;-0.0363;-0.0144;0.0450;0.0078;0.0000;0.6142
62.5;0.4121;0.3988;-0.5895;0.0000;126;152;-0.0598;-0.0334;-0.0144;0.0489;0.0078;0.0000;0.6142
63.0;0.4162;0.4048;-0.4925;0.0000;130;152;0.0159;-0.0290;-0.0144;0.0411;0.0078;0.0000;0.6142
63.5;0.4217;0.4107;-0.4955;0.0000;132;152;0.0159;-0.0275;-0.0144;0.0411;0.0088;0.0000;0.6142
64.0;0.4267;0.4167;-0.4465;0.0000;134;152;-0.0647;-0.0261;-0.0144;0.0371;0.0088;0.0000;0.6142
64.5;0.4322;0.4226;-0.4210;0.0000;136;153;0.0134;-0.0246;-0.0144;0.0352;0.0088;0.0000;0.6142
65.0;0.4382;0.4286;-0.4455;0.0000;136;153;0.0134;-0.0246;-0.0144;0.0371;0.0088;0.0000;0.6142
65.5;0.4441;0.4350;-0.4765;0.0000;134;155;0.0159;-0.0246;-0.0158;0.0391;0.0088;0.0000;0.6142
66.0;0.4501;0.4409;-0.4765;0.0000;134;155;0.0159;-0.0246;-0.0158;0.0391;0.0098;0.0000;0.6142
66.5;0.4565;0.4469;-0.4065;0.0000;136;153;0.0134;-0.0246;-0.0158;0.0332;0.0098;0.0000;0.6142
67.0;0.4625;0.4528;-0.4100;0.0000;136;155;0.0134;-0.0246;-0.0158;0.0342;0.0098;0.0000;0.6220
67.5;0.4675;0.4588;-0.4020;0.0000;138;155;-0.0647;-0.0231;-0.0158;0.0332;0.0098;0.0000;0.6220
68.0;0.4730;0.4647;-0.3790;0.0000;138;157;0.1673;-0.0202;-0.0158;0.0313;0.0098;0.0000;0.6220
68.5;0.4780;0.4707;-0.4130;0.0000;138;157;0.0134;-0.0188;-0.0158;0.0342;0.0108;0.0000;0.6220
69.0;0.4835;0.4766;-0.3960;0.0000;140;157;0.0134;-0.0173;-0.0158;0.0332;0.0108;0.0000;0.6220
69.5;0.4895;0.4826;-0.3350;0.0000;142;157;-0.0672;-0.0173;-0.0158;0.0274;0.0108;0.0000;0.6220
70.0;0.4950;0.4886;-0.4280;0.0000;140;159;0.0134;-0.0158;-0.0158;0.0352;0.0108;0.0000;0.6220
70.5;0.5005;0.4950;-0.4760;0.0000;140;161;0.0159;-0.0144;-0.0158;0.0391;0.0108;0.0000;0.6220
71.0;0.5069;0.5009;-0.4280;0.0000;142;161;0.0134;-0.0158;-0.0158;0.0352;0.0108;0.0000;0.6220
71.5;0.5119;0.5069;-0.4840;0.0000;142;163;-0.0623;-0.0129;-0.0158;0.0401;0.0117;0.0000;0.6220
72.0;0.5183;0.5128;-0.4400;0.0000;142;163;0.0134;-0.0144;-0.0158;0.0362;0.0117;0.0000;0.6220
72.5;0.5238;0.5188;-0.5250;0.0000;142;165;0.0183;-0.0129;-0.0158;0.0440;0.0117;0.0000;0.6220
73.0;0.5293;0.5247;-0.5625;0.0000;140;165;0.0965;-0.0129;-0.0158;0.0469;0.0117;0.0000;0.6299
73.5;0.5353;0.5307;-0.5710;0.0000;142;167;-0.0598;-0.0114;-0.0158;0.0479;0.0127;0.0000;0.6299
74.0;0.5412;0.5366;-0.5630;0.0000;142;167;-0.0598;-0.0114;-0.0158;0.0469;0.0127;0.0000;0.6299
74.5;0.5467;0.5426;-0.6150;0.0000;142;169;0.0989;-0.0114;-0.0158;0.0508;0.0127;0.0000;0.6299
75.0;0.5531;0.5490;-0.7010;0.0000;140;171;0.0232;-0.0114;-0.0158;0.0587;0.0127;0.0000;0.6299
75.5;0.5591;0.5549;-0.6410;0.0000;142;171;-0.0574;-0.0114;-0.0158;0.0538;0.0137;0.0000;0.6299
76.0;0.5664;0.5609;-0.6550;0.0000;142;171;-0.0574;-0.0144;-0.0158;0.0547;0.0137;0.0000;0.6299
76.5;0.5728;0.5668;-0.6430;0.0000;142;171;0.0208;-0.0158;-0.0158;0.0538;0.0137;0.0000;0.6299
77.0;0.5788;0.5728;-0.6380;0.0000;142;171;0.0989;-0.0158;-0.0173;0.0528;0.0137;0.0000;0.6299
77.5;0.5842;0.5788;-0.6175;0.0000;142;171;-0.0574;-0.0144;-0.0173;0.0518;0.0147;0.0000;0.6299
78.0;0.5907;0.5847;-0.6190;0.0000;144;171;0.0208;-0.0158;-0.0173;0.0518;0.0147;0.0000;0.6299
78.5;0.5966;0.5907;-0.5855;0.0000;146;171;-0.0598;-0.0158;-0.0173;0.0489;0.0147;0.0000;0.6299
79.0;0.6026;0.5966;-0.6620;0.0000;144;175;0.0208;-0.0158;-0.0173;0.0547;0.0147;0.0000;0.6299
79.5;0.6085;0.6026;-0.6330;0.0000;144;173;0.0208;-0.0158;-0.0173;0.0528;0.0156;0.0000;0.6378
80.0;0.6145;0.6090;-0.5390;0.0000;146;171;0.0183;-0.0158;-0.0173;0.0450;0.0156;0.0000;0.6378
80.5;0.6204;0.6149;-0.5585;0.0000;146;173;0.0183;-0.0158;-0.0173;0.0459;0.0156;0.0000;0.6378
81.0;0.6264;0.6209;-0.5250;0.0000;148;173;0.0183;-0.0144;-0.0173;0.0440;0.0156;0.0000;0.6378
81.5;0.6323;0.6268;-0.5110;0.0000;148;175;0.0965;-0.0158;-0.0173;0.0420;0.0166;0.0000;0.6378
82.0;0.6378;0.6328;-0.5320;0.0000;148;175;-0.0623;-0.0129;-0.0173;0.0440;0.0166;0.0000;0.6378
82.5;0.6433;0.6387;-0.5745;0.0000;150;175;-0.1380;-0.0114;-0.0173;0.0479;0.0166;0.0000;0.6378
83.0;0.6484;0.6447;-0.5165;0.0000;150;175;0.0159;-0.0100;-0.0173;0.0430;0.0166;0.0000;0.6378
83.5;0.6534;0.6506;-0.5205;0.0000;150;177;0.0159;-0.0070;-0.0173;0.0430;0.0176;0.0000;0.6378
84.0;0.6584;0.6566;-0.5230;0.0000;152;177;0.0159;-0.0041;-0.0173;0.0430;0.0176;0.0000;0.6378
84.5;0.6639;0.6625;-0.5050;0.0000;152;177;-0.0623;-0.0041;-0.0173;0.0420;0.0176;0.0000;0.6378
85.0;0.6699;0.6690;-0.5170;0.0000;153;179;-0.0623;-0.0026;-0.0173;0.0430;0.0176;0.0000;0.6378
85.5;0.6763;0.6749;-0.5475;0.0000;153;181;0.0183;-0.0056;-0.0173;0.0459;0.0176;0.0000;0.6457
86.0;0.6827;0.6809;-0.5465;0.0000;153;181;-0.0598;-0.0056;-0.0173;0.0450;0.0186;0.0000;0.6457
86.5;0.6900;0.6868;-0.5455;0.0000;153;181;0.0183;-0.0085;-0.0173;0.0450;0.0186;0.0000;0.6457
87.0;0.6969;0.6928;-0.6095;0.0000;152;181;-0.0574;-0.0100;-0.0173;0.0508;0.0186;0.0000;0.6457
87.5;0.7038;0.6987;-0.5135;0.0000;153;179;0.0159;-0.0129;-0.0173;0.0430;0.0186;0.0000;0.6457
88.0;0.7111;0.7047;-0.5685;0.0000;152;181;0.0183;-0.0158;-0.0173;0.0469;0.0196;0.0000;0.6457
88.5;0.7175;0.7106;-0.5515;0.0000;153;181;-0.0598;-0.0188;-0.0173;0.0459;0.0196;0.0000;0.6457
89.0;0.7244;0.7166;-0.5315;0.0000;153;181;0.0183;-0.0202;-0.0173;0.0440;0.0196;0.0000;0.6457
89.5;0.7317;0.7230;-0.6245;0.0000;152;183;0.0208;-0.0231;-0.0173;0.0518;0.0196;0.0000;0.6457
90.0;0.7386;0.7289;-0.6210;0.0000;152;183;0.0208;-0.0246;-0.0173;0.0518;0.0205;0.0000;0.6457
90.5;0.7459;0.7349;-0.6380;0.0000;152;181;-0.0574;-0.0290;-0.0173;0.0528;0.0205;0.0000;0.6457
91.0;0.7527;0.7408;-0.5870;0.0000;152;181;0.0208;-0.0305;-0.0188;0.0489;0.0205;0.0000;0.6457
91.5;0.7605;0.7468;-0.5875;0.0000;152;181;-0.0598;-0.0349;-0.0188;0.0489;0.0205;0.0000;0.6457
92.0;0.7679;0.7527;-0.5415;0.0000;152;181;0.0183;-0.0378;-0.0188;0.0450;0.0215;0.0000;0.6535
92.5;0.7752;0.7587;-0.5430;0.0000;152;179;-0.0598;-0.0422;-0.0188;0.0450;0.0215;0.0000;0.6535
93.0;0.7825;0.7647;-0.5835;0.0000;152;181;0.0183;-0.0451;-0.0188;0.0489;0.0215;0.0000;0.6535
93.5;0.7889;0.7706;-0.5100;0.0000;152;179;-0.0623;-0.0466;-0.0188;0.0420;0.0215;0.0000;0.6535
94.0;0.7949;0.7766;-0.5210;0.0000;152;179;0.0159;-0.0466;-0.0188;0.0430;0.0225;0.0000;0.6535
94.5;0.8013;0.7766;-0.5565;0.0000;64;93;0.0183;-0.0627;-0.0188;0.0459;0.0225;0.0000;0.2756
95.0;0.8049;0.7766;-0.5405;0.0000;62;89;-0.0598;-0.0715;-0.0202;0.0450;0.0225;0.0000;0.2756
95.5;0.8072;0.7766;-0.5740;0.0000;60;87;-0.1380;-0.0774;-0.0202;0.0479;0.0225;0.0000;0.2756
96.0;0.8086;0.7766;-0.6425;0.0000;58;87;0.0208;-0.0803;-0.0202;0.0538;0.0235;0.0000;0.2756
96.5;0.8091;0.7766;-0.5970;0.0000;58;87;0.0208;-0.0817;-0.0202;0.0499;0.0235;0.0000;0.2756
97.0;0.8086;0.7766;-0.6470;0.0000;56;87;-0.0574;-0.0803;-0.0202;0.0538;0.0235;0.0000;0.2756
97.5;0.8082;0.7766;-0.6135;0.0000;58;87;0.0208;-0.0788;-0.0217;0.0508;0.0235;0.0000;0.2756
98.0;0.8082;0.7766;-0.6005;0.0000;58;87;-0.0574;-0.0788;-0.0217;0.0499;0.0244;0.0000;0.2756
98.5;0.8072;0.7766;-0.5765;0.0000;58;87;0.0183;-0.0774;-0.0217;0.0479;0.0244;0.0000;0.2756
99.0;0.8059;0.7766;-0.5070;0.0000;58;87;0.0940;-0.0730;-0.0217;0.0420;0.0244;0.0000;0.2756
99.5;0.8045;0.7766;-0.4425;0.0000;60;85;0.0134;-0.0700;-0.0217;0.0362;0.0244;0.0000;0.2756
100.0;0.8040;0.7766;-0.2615;0.0000;64;81;-0.0696;-0.0686;-0.0231;0.0215;0.0244;0.0000;0.2756
100.5;0.8036;0.7766;-0.1790;0.0000;65;81;0.0061;-0.0671;-0.0231;0.0147;0.0254;0.0000;0.2756
101.0;0.8031;0.7766;-0.0010;0.0000;69;77;-0.0012;-0.0671;-0.0231;-0.0000;0.0254;0.0000;0.2756
101.5;0.8017;0.7766;0.0640;0.0000;69;77;0.0745;-0.0642;-0.0231;-0.0059;0.0244;0.0000;0.2756
102.0;0.8004;0.7766;0.1140;0.0000;71;77;0.0720;-0.0598;-0.0231;-0.0098;0.0244;0.0000;0.2756
102.5;0.7985;0.7766;0.2650;0.0000;73;75;0.0672;-0.0554;-0.0231;-0.0225;0.0244;0.0000;0.2756
103.0;0.7967;0.7766;0.2685;0.0000;75;77;-0.0110;-0.0510;-0.0246;-0.0235;0.0244;0.0000;0.2756
103.5;0.7958;0.7766;0.3590;0.0000;77;75;-0.0134;-0.0481;-0.0246;-0.0303;0.0244;0.0000;0.2756
104.0;0.7949;0.7766;0.3770;0.0000;77;75;-0.0134;-0.0466;-0.0246;-0.0323;0.0244;0.0000;0.2756
104.5;0.7935;0.7766;0.3645;0.0000;79;77;-0.0134;-0.0422;-0.0246;-0.0313;0.0244;0.0000;0.2756
105.0;0.7921;0.7766;0.2895;0.0000;77;79;-0.0110;-0.0393;-0.0246;-0.0244;0.0244;0.0000;0.2756
105.5;0.7908;0.7766;0.2725;0.0000;77;79;0.0672;-0.0349;-0.0246;-0.0235;0.0235;0.0000;0.2756
106.0;0.7894;0.7766;0.3340;0.0000;79;79;-0.0134;-0.0319;-0.0246;-0.0283;0.0235;0.0000;0.2756
106.5;0.7880;0.7766;0.2850;0.0000;79;81;0.0672;-0.0290;-0.0246;-0.0244;0.0235;0.0000;0.2756
107.0;0.7862;0.7766;0.3375;0.0000;81;81;0.0647;-0.0246;-0.0246;-0.0293;0.0235;0.0000;0.2756
107.5;0.7848;0.7766;0.3265;0.0000;81;81;-0.0134;-0.0217;-0.0246;-0.0283;0.0235;0.0000;0.2756
108.0;0.7839;0.7766;0.2420;0.0000;81;83;-0.0085;-0.0188;-0.0261;-0.0205;0.0235;0.0000;0.2756
108.5;0.7825;0.7766;0.3115;0.0000;81;83;-0.0110;-0.0158;-0.0261;-0.0264;0.0235;0.0000;0.2756
109.0;0.7811;0.7766;0.3005;0.0000;81;83;0.0672;-0.0114;-0.0261;-0.0254;0.0235;0.0000;0.2756
109.5;0.7798;0.7766;0.3235;0.0000;83;85;-0.0134;-0.0085;-0.0261;-0.0274;0.0225;0.0000;0.2756
110.0;0.7793;0.7766;0.3435;0.0000;85;85;-0.0134;-0.0070;-0.0261;-0.0293;0.0225;0.0000;0.2756
110.5;0.7784;0.7766;0.2605;0.0000;83;87;-0.0110;-0.0056;-0.0261;-0.0225;0.0225;0.0000;0.2756
111.0;0.7775;0.7766;0.2170;0.0000;83;89;0.0696;-0.0026;-0.0261;-0.0186;0.0225;0.0000;0.2756
111.5;0.7770;0.7766;0.1730;0.0000;83;89;-0.0061;-0.0012;-0.0261;-0.0147;0.0225;0.0000;0.2756
112.0;0.7756;0.7766;0.2610;0.0000;85;89;0.0672;0.0018;-0.0261;-0.0225;0.0225;0.0000;0.2756
112.5;0.7738;0.7766;0.1755;0.0000;83;91;-0.0867;0.0076;-0.0261;-0.0156;0.0225;0.0000;0.2756
113.0;0.7724;0.7766;0.2860;0.0000;87;89;0.1453;0.0105;-0.0261;-0.0244;0.0225;0.0000;0.2756
113.5;0.7697;0.7766;0.2855;0.0000;87;91;-0.0110;0.0164;-0.0261;-0.0244;0.0225;0.0000;0.2756
114.0;0.7683;0.7766;0.1995;0.0000;87;93;-0.0085;0.0208;-0.0246;-0.0176;0.0215;0.0000;0.2756
114.5;0.7665;0.7766;0.2070;0.0000;89;95;0.0696;0.0252;-0.0246;-0.0176;0.0215;0.0000;0.2756
115.0;0.7656;0.7766;0.1945;0.0000;89;95;-0.0085;0.0267;-0.0246;-0.0166;0.0215;0.0000;0.2756
115.5;0.7651;0.7766;0.2895;0.0000;91;93;-0.0110;0.0281;-0.0246;-0.0244;0.0215;0.0000;0.2756
116.0;0.7651;0.7766;0.2920;0.0000;93;93;-0.0110;0.0296;-0.0246;-0.0254;0.0215;0.0000;0.2756
116.5;0.7642;0.7766;0.4460;0.0000;95;91;0.0623;0.0311;-0.0246;-0.0381;0.0215;0.0000;0.2756
117.0;0.7637;0.7766;0.3285;0.0000;93;93;-0.0134;0.0311;-0.0246;-0.0283;0.0215;0.0000;0.2756
117.5;0.7637;0.7766;0.2975;0.0000;93;95;-0.0110;0.0311;-0.0246;-0.0254;0.0215;0.0000;0.2756
118.0;0.7637;0.7766;0.4305;0.0000;97;91;-0.0159;0.0311;-0.0246;-0.0371;0.0205;0.0000;0.2756
118.5;0.7633;0.7766;0.3685;0.0000;95;93;0.0647;0.0325;-0.0246;-0.0313;0.0205;0.0000;0.2756
119.0;0.7628;0.7766;0.4795;0.0000;97;91;-0.0183;0.0340;-0.0246;-0.0411;0.0205;0.0000;0.2756
119.5;0.7633;0.7766;0.3615;0.0000;95;93;-0.0134;0.0340;-0.0246;-0.0313;0.0205;0.0000;0.2756
120.0;0.7633;0.7766;0.3325;0.0000;95;93;-0.0134;0.0340;-0.0231;-0.0283;0.0205;0.0000;0.2756
120.5;0.7633;0.7766;0.1960;0.0000;93;97;-0.0085;0.0325;-0.0231;-0.0166;0.0205;0.0000;0.2756
121.0;0.7637;0.7766;0.2310;0.0000;93;95;-0.0085;0.0325;-0.0231;-0.0196;0.0205;0.0000;0.2756
121.5;0.7633;0.7766;0.2625;0.0000;95;95;0.0672;0.0325;-0.0231;-0.0225;0.0196;0.0000;0.2756
122.0;0.7633;0.7766;0.3050;0.0000;95;95;-0.0110;0.0325;-0.0231;-0.0264;0.0196;0.0000;0.2756
122.5;0.7633;0.7766;0.3740;0.0000;97;93;-0.0134;0.0325;-0.0231;-0.0323;0.0196;0.0000;0.2756
123.0;0.7637;0.7766;0.1655;0.0000;93;97;-0.0061;0.0325;-0.0231;-0.0147;0.0196;0.0000;0.2756
123.5;0.7633;0.7766;0.2850;0.0000;95;95;0.0672;0.0325;-0.0231;-0.0244;0.0196;0.0000;0.2756
124.0;0.7624;0.7766;0.1875;0.0000;93;97;-0.0085;0.0355;-0.0231;-0.0166;0.0196;0.0000;0.2756
124.5;0.7610;0.7766;0.2335;0.0000;95;97;0.0696;0.0384;-0.0231;-0.0205;0.0196;0.0000;0.2756
125.0;0.7605;0.7766;0.2165;0.0000;95;97;-0.0085;0.0398;-0.0231;-0.0186;0.0196;0.0000;0.2756
125.5;0.7605;0.7766;0.0950;0.0000;93;101;-0.0037;0.0398;-0.0217;-0.0088;0.0196;0.0000;0.2756
126.0;0.7605;0.7766;0.0430;0.0000;93;101;-0.0037;0.0398;-0.0217;-0.0039;0.0196;0.0000;0.2756
126.5;0.7605;0.7766;-0.0305;0.0000;91;103;-0.0012;0.0398;-0.0217;0.0020;0.0196;0.0000;0.2756
127.0;0.7610;0.7766;0.1670;0.0000;95;99;-0.0061;0.0398;-0.0217;-0.0147;0.0196;0.0000;0.2756
127.5;0.7610;0.7766;0.0780;0.0000;93;99;-0.0037;0.0384;-0.0217;-0.0068;0.0196;0.0000;0.2756
128.0;0.7614;0.7766;0.2405;0.0000;97;97;-0.0085;0.0369;-0.0217;-0.0205;0.0186;0.0000;0.2756
128.5;0.7619;0.7766;0.1015;0.0000;93;99;-0.0037;0.0369;-0.0217;-0.0088;0.0186;0.0000;0.2756
129.0;0.7614;0.7766;0.0660;0.0000;93;101;0.0745;0.0369;-0.0217;-0.0059;0.0186;0.0000;0.2756
129.5;0.7614;0.7766;-0.1380;0.0000;89;103;0.0037;0.0369;-0.0217;0.0108;0.0186;0.0000;0.2756
130.0;0.7610;0.7766;-0.0525;0.0000;91;103;-0.0769;0.0384;-0.0202;0.0039;0.0186;0.0000;0.2756
130.5;0.7610;0.7766;0.0010;0.0000;91;101;-0.0012;0.0398;-0.0202;-0.0010;0.0186;0.0000;0.2756
131.0;0.7610;0.7766;-0.1950;0.0000;89;105;0.0061;0.0384;-0.0202;0.0156;0.0196;0.0000;0.2756
131.5;0.7596;0.7766;-0.0510;0.0000;91;103;0.0012;0.0413;-0.0202;0.0039;0.0196;0.0000;0.2756
132.0;0.7592;0.7766;-0.2110;0.0000;89;107;0.0061;0.0442;-0.0202;0.0176;0.0196;0.0000;0.2756
132.5;0.7582;0.7766;0.1010;0.0000;95;101;0.0745;0.0457;-0.0202;-0.0088;0.0196;0.0000;0.2756
133.0;0.7578;0.7766;0.0675;0.0000;95;101;-0.0037;0.0472;-0.0202;-0.0059;0.0196;0.0000;0.2756
133.5;0.7569;0.7766;0.2815;0.0000;99;97;-0.0891;0.0486;-0.0202;-0.0244;0.0186;0.0000;0.2756
134.0;0.7550;0.7766;0.0825;0.0000;97;101;-0.0037;0.0530;-0.0188;-0.0078;0.0186;0.0000;0.2756
134.5;0.7532;0.7766;0.0410;0.0000;97;103;0.0745;0.0574;-0.0188;-0.0039;0.0186;0.0000;0.2756
135.0;0.7523;0.7766;-0.1425;0.0000;93;107;0.0037;0.0604;-0.0188;0.0117;0.0186;0.0000;0.2756
135.5;0.7514;0.7766;-0.0490;0.0000;95;107;0.0794;0.0633;-0.0188;0.0039;0.0186;0.0000;0.2756
136.0;0.7500;0.7766;0.1835;0.0000;101;103;-0.0867;0.0662;-0.0188;-0.0156;0.0186;0.0000;0.2756
136.5;0.7491;0.7766;-0.0710;0.0000;97;109;-0.0769;0.0691;-0.0188;0.0059;0.0186;0.0000;0.2756
137.0;0.7482;0.7766;0.0385;0.0000;99;107;-0.0037;0.0706;-0.0173;-0.0039;0.0186;0.0000;0.2756
137.5;0.7473;0.7766;-0.1150;0.0000;97;109;0.0818;0.0735;-0.0173;0.0088;0.0186;0.0000;0.2756
138.0;0.7468;0.7766;0.1445;0.0000;103;105;-0.0061;0.0735;-0.0173;-0.0127;0.0186;0.0000;0.2756
138.5;0.7463;0.7766;0.0295;0.0000;101;109;0.0769;0.0750;-0.0173;-0.0029;0.0186;0.0000;0.2756
139.0;0.7463;0.7766;0.3655;0.0000;107;103;-0.0134;0.0750;-0.0173;-0.0313;0.0186;0.0000;0.2756
139.5;0.7463;0.7766;0.1425;0.0000;103;107;-0.0061;0.0750;-0.0158;-0.0127;0.0186;0.0000;0.2756
140.0;0.7468;0.7766;0.1710;0.0000;103;107;-0.0061;0.0735;-0.0158;-0.0147;0.0186;0.0000;0.2756
140.5;0.7477;0.7766;0.3830;0.0000;107;103;-0.0134;0.0721;-0.0158;-0.0323;0.0186;0.0000;0.2756
141.0;0.7477;0.7766;0.4305;0.0000;107;101;0.0623;0.0721;-0.0158;-0.0371;0.0186;0.0000;0.2756
141.5;0.7477;0.7766;0.4805;0.0000;109;101;-0.0183;0.0721;-0.0158;-0.0411;0.0186;0.0000;0.2756
142.0;0.7477;0.7766;0.2400;0.0000;105;105;-0.0085;0.0721;-0.0144;-0.0205;0.0176;0.0000;0.2756
142.5;0.7477;0.7766;0.3965;0.0000;109;103;-0.0159;0.0721;-0.0144;-0.0342;0.0176;0.0000;0.2756
143.0;0.7473;0.7766;0.1805;0.0000;105;107;0.0696;0.0735;-0.0144;-0.0156;0.0176;0.0000;0.2756
143.5;0.7473;0.7766;0.4100;0.0000;109;103;-0.0159;0.0735;-0.0144;-0.0352;0.0176;0.0000;0.2756
144.0;0.7468;0.7766;0.2330;0.0000;105;105;0.0696;0.0735;-0.0144;-0.0205;0.0176;0.0000;0.2756
144.5;0.7463;0.7766;0.3815;0.0000;107;103;-0.0134;0.0765;-0.0129;-0.0323;0.0176;0.0000;0.2756
145.0;0.7445;0.7766;0.2620;0.0000;105;105;-0.0110;0.0794;-0.0129;-0.0225;0.0176;0.0000;0.2756
145.5;0.7440;0.7766;0.2090;0.0000;107;107;-0.0085;0.0823;-0.0129;-0.0176;0.0176;0.0000;0.2756
146.0;0.7436;0.7766;0.3605;0.0000;109;105;-0.0134;0.0823;-0.0129;-0.0313;0.0166;0.0000;0.2756
146.5;0.7436;0.7766;0.3665;0.0000;110;105;-0.0134;0.0823;-0.0114;-0.0313;0.0166;0.0000;0.2756
147.0;0.7436;0.7766;0.4350;0.0000;110;105;0.0623;0.0823;-0.0114;-0.0371;0.0166;0.0000;0.2756
147.5;0.7436;0.7766;0.2040;0.0000;107;109;-0.0085;0.0823;-0.0114;-0.0176;0.0166;0.0000;0.2756
148.0;0.7431;0.7766;0.3195;0.0000;109;107;-0.0134;0.0823;-0.0114;-0.0274;0.0166;0.0000;0.2756
148.5;0.7427;0.7766;0.1070;0.0000;105;110;0.0720;0.0838;-0.0114;-0.0098;0.0166;0.0000;0.2756
149.0;0.7427;0.7766;0.2595;0.0000;109;109;-0.0110;0.0838;-0.0100;-0.0225;0.0166;0.0000;0.2756
149.5;0.7431;0.7766;0.3000;0.0000;109;107;-0.0110;0.0838;-0.0100;-0.0254;0.0166;0.0000;0.2756
150.0;0.7436;0.7766;0.1290;0.0000;107;110;-0.0061;0.0823;-0.0100;-0.0117;0.0156;0.0000;0.2756
150.5;0.7440;0.7766;0.0860;0.0000;105;110;-0.0037;0.0809;-0.0100;-0.0078;0.0156;0.0000;0.2756
151.0;0.7450;0.7766;0.0830;0.0000;105;110;-0.0037;0.0794;-0.0085;-0.0078;0.0156;0.0000;0.2756
151.5;0.7454;0.7766;0.2905;0.0000;109;107;-0.0110;0.0779;-0.0085;-0.0244;0.0156;0.0000;0.2756
152.0;0.7463;0.7766;0.2260;0.0000;107;107;-0.0085;0.0750;-0.0085;-0.0196;0.0156;0.0000;0.2756
152.5;0.7473;0.7766;0.3700;0.0000;110;105;-0.0134;0.0735;-0.0085;-0.0313;0.0156;0.0000;0.2756
153.0;0.7482;0.7766;0.1455;0.0000;105;109;-0.0061;0.0706;-0.0085;-0.0127;0.0156;0.0000;0.2756
153.5;0.7482;0.7766;0.2440;0.0000;107;107;0.0696;0.0706;-0.0070;-0.0205;0.0156;0.0000;0.2756
154.0;0.7482;0.7766;0.1150;0.0000;105;109;0.0720;0.0706;-0.0070;-0.0098;0.0156;0.0000;0.2756
154.5;0.7482;0.7766;0.2255;0.0000;107;107;-0.0085;0.0706;-0.0070;-0.0196;0.0156;0.0000;0.2756
155.0;0.7495;0.7766;0.2105;0.0000;107;107;-0.0867;0.0677;-0.0070;-0.0186;0.0156;0.0000;0.2756
155.5;0.7495;0.7766;0.0960;0.0000;103;109;0.0745;0.0662;-0.0070;-0.0088;0.0156;0.0000;0.2756
156.0;0.7500;0.7766;0.0645;0.0000;103;109;-0.0818;0.0662;-0.0056;-0.0059;0.0156;0.0000;0.2756
156.5;0.7500;0.7766;-0.0595;0.0000;101;110;0.0794;0.0662;-0.0056;0.0049;0.0156;0.0000;0.2756
157.0;0.7495;0.7766;0.1655;0.0000;105;109;0.0720;0.0677;-0.0056;-0.0147;0.0156;0.0000;0.2756
157.5;0.7495;0.7766;0.0215;0.0000;103;110;-0.0012;0.0677;-0.0056;-0.0020;0.0156;0.0000;0.2756
158.0;0.7491;0.7766;0.1555;0.0000;105;109;0.0720;0.0691;-0.0056;-0.0137;0.0147;0.0000;0.2756
158.5;0.7482;0.7766;0.0095;0.0000;101;110;-0.0012;0.0706;-0.0041;-0.0010;0.0147;0.0000;0.2756
159.0;0.7473;0.7766;0.0225;0.0000;103;110;-0.0794;0.0735;-0.0041;-0.0020;0.0147;0.0000;0.2756
159.5;0.7468;0.7766;-0.1680;0.0000;101;114;0.0037;0.0735;-0.0041;0.0137;0.0147;0.0000;0.2756
160.0;0.7477;0.7766;-0.0005;0.0000;103;112;0.0769;0.0721;-0.0041;-0.0000;0.0147;0.0000;0.2756
160.5;0.7486;0.7766;-0.0095;0.0000;103;112;-0.0012;0.0691;-0.0041;-0.0000;0.0156;0.0000;0.2756
161.0;0.7491;0.7766;-0.1630;0.0000;99;114;0.0037;0.0677;-0.0026;0.0127;0.0156;0.0000;0.2756
161.5;0.7500;0.7766;-0.1135;0.0000;101;112;0.0037;0.0662;-0.0026;0.0088;0.0156;0.0000;0.2756
162.0;0.7509;0.7766;-0.2200;0.0000;99;114;0.0061;0.0633;-0.0026;0.0176;0.0156;0.0000;0.2756
162.5;0.7518;0.7766;-0.0340;0.0000;101;110;-0.0012;0.0618;-0.0026;0.0020;0.0156;0.0000;0.2756
163.0;0.7527;0.7766;-0.0355;0.0000;101;110;0.0012;0.0589;-0.0026;0.0029;0.0156;0.0000;0.2756
163.5;0.7537;0.7766;0.1040;0.0000;103;107;-0.0037;0.0574;-0.0026;-0.0088;0.0156;0.0000;0.2756
164.0;0.7541;0.7766;-0.0105;0.0000;101;109;-0.0012;0.0560;-0.0012;-0.0000;0.0156;0.0000;0.2756
164.5;0.7550;0.7766;0.0205;0.0000;101;109;0.1551;0.0530;-0.0012;-0.0020;0.0156;0.0000;0.2756
165.0;0.7560;0.7766;0.1055;0.0000;103;107;-0.1624;0.0516;-0.0012;-0.0098;0.0156;0.0000;0.2756
165.5;0.7569;0.7766;0.1025;0.0000;101;107;0.0745;0.0486;-0.0012;-0.0088;0.0156;0.0000;0.2756
166.0;0.7573;0.7766;0.1680;0.0000;103;105;-0.0842;0.0472;-0.0012;-0.0147;0.0156;0.0000;0.2756
166.5;0.7582;0.7766;-0.0455;0.0000;99;107;0.0012;0.0457;-0.0012;0.0029;0.0156;0.0000;0.2756
167.0;0.7587;0.7766;-0.0470;0.0000;99;107;0.0012;0.0442;-0.0012;0.0039;0.0156;0.0000;0.2756
167.5;0.7592;0.7766;-0.1280;0.0000;97;109;0.0037;0.0428;-0.0012;0.0098;0.0156;0.0000;0.2756
168.0;0.7601;0.7766;-0.0820;0.0000;97;109;0.0012;0.0413;0.0003;0.0068;0.0156;0.0000;0.2756
168.5;0.7605;0.7766;-0.1490;0.0000;97;109;0.0037;0.0398;0.0003;0.0117;0.0156;0.0000;0.2756
169.0;0.7605;0.7766;-0.0105;0.0000;99;105;-0.0012;0.0398;0.0003;-0.0000;0.0156;0.0000;0.2756
169.5;0.7605;0.7766;-0.1280;0.0000;97;107;0.0037;0.0398;0.0003;0.0098;0.0156;0.0000;0.2756
170.0;0.7610;0.7766;-0.1800;0.0000;95;109;0.0061;0.0384;0.0003;0.0147;0.0156;0.0000;0.2756
170.5;0.7610;0.7766;-0.0305;0.0000;99;107;-0.0012;0.0384;0.0003;0.0020;0.0156;0.0000;0.2756
171.0;0.7614;0.7766;-0.0665;0.0000;97;107;0.0012;0.0369;0.0003;0.0049;0.0156;0.0000;0.2756
171.5;0.7619;0.7766;-0.0155;0.0000;99;105;-0.0012;0.0369;0.0003;0.0010;0.0156;0.0000;0.2756
172.0;0.7619;0.7766;-0.1250;0.0000;97;107;-0.1526;0.0369;0.0003;0.0098;0.0156;0.0000;0.2756
172.5;0.7610;0.7766;-0.0950;0.0000;97;107;0.0794;0.0384;0.0018;0.0078;0.0156;0.0000;0.2756
173.0;0.7610;0.7766;-0.2470;0.0000;93;109;0.0085;0.0384;0.0018;0.0205;0.0156;0.0000;0.2756
173.5;0.7610;0.7766;-0.1380;0.0000;95;107;0.0037;0.0384;0.0018;0.0108;0.0156;0.0000;0.2756
174.0;0.7610;0.7766;-0.1625;0.0000;95;109;0.0037;0.0384;0.0018;0.0127;0.0156;0.0000;0.2756
174.5;0.7614;0.7766;-0.0815;0.0000;97;107;0.0012;0.0369;0.0018;0.0059;0.0156;0.0000;0.2756
175.0;0.7624;0.7766;-0.1165;0.0000;97;107;-0.0745;0.0355;0.0018;0.0088;0.0156;0.0000;0.2756
175.5;0.7633;0.7766;-0.2445;0.0000;93;109;0.0085;0.0325;0.0018;0.0196;0.0156;0.0000;0.2756
176.0;0.7642;0.7766;-0.1585;0.0000;95;107;0.0037;0.0311;0.0018;0.0127;0.0156;0.0000;0.2756
176.5;0.7647;0.7766;-0.2065;0.0000;93;107;0.0061;0.0296;0.0018;0.0166;0.0166;0.0000;0.2756
177.0;0.7656;0.7766;-0.1965;0.0000;93;107;0.0061;0.0281;0.0018;0.0156;0.0166;0.0000;0.2756
177.5;0.7669;0.7766;-0.3590;0.0000;91;109;-0.0672;0.0237;0.0018;0.0293;0.0166;0.0000;0.2756
178.0;0.7679;0.7766;-0.3375;0.0000;91;109;0.0110;0.0223;0.0032;0.0274;0.0166;0.0000;0.2756
178.5;0.7688;0.7766;-0.4670;0.0000;87;110;0.0159;0.0193;0.0032;0.0391;0.0166;0.0000;0.2756
179.0;0.7692;0.7766;-0.4215;0.0000;87;109;0.0134;0.0179;0.0032;0.0352;0.0166;0.0000;0.2756
179.5;0.7706;0.7766;-0.3595;0.0000;89;107;-0.0672;0.0149;0.0032;0.0293;0.0176;0.0000;0.2756
180.0;0.7715;0.7766;-0.4935;0.0000;85;109;0.0159;0.0120;0.0032;0.0411;0.0176;0.0000;0.2756
180.5;0.7715;0.7766;-0.4995;0.0000;85;109;-0.0623;0.0120;0.0032;0.0411;0.0176;0.0000;0.2756
181.0;0.7724;0.7766;-0.4910;0.0000;83;109;0.0940;0.0105;0.0032;0.0411;0.0176;0.0000;0.2756
181.5;0.7729;0.7766;-0.3950;0.0000;87;107;0.0134;0.0091;0.0032;0.0323;0.0176;0.0000;0.2756
182.0;0.7743;0.7766;-0.4070;0.0000;85;107;-0.0647;0.0047;0.0032;0.0332;0.0176;0.0000;0.2756
182.5;0.7752;0.7766;-0.2510;0.0000;87;103;0.0085;0.0032;0.0032;0.0205;0.0186;0.0000;0.2756
183.0;0.7761;0.7766;-0.3160;0.0000;85;105;0.0110;0.0018;0.0032;0.0264;0.0186;0.0000;0.2756
183.5;0.7775;0.7766;-0.2730;0.0000;87;103;0.0085;-0.0026;0.0032;0.0225;0.0186;0.0000;0.2756
184.0;0.7784;0.7766;-0.3340;0.0000;83;103;0.0110;-0.0041;0.0032;0.0274;0.0186;0.0000;0.2756
184.5;0.7788;0.7766;-0.2975;0.0000;85;103;0.0867;-0.0056;0.0032;0.0244;0.0186;0.0000;0.2756
185.0;0.7788;0.7766;-0.2305;0.0000;87;101;0.0061;-0.0056;0.0032;0.0186;0.0186;0.0000;0.2756
185.5;0.7793;0.7766;-0.2740;0.0000;85;101;-0.0696;-0.0070;0.0032;0.0225;0.0186;0.0000;0.2756
186.0;0.7798;0.7766;-0.2615;0.0000;85;101;0.0085;-0.0085;0.0032;0.0215;0.0186;0.0000;0.2756
186.5;0.7802;0.7766;-0.3320;0.0000;83;101;0.0110;-0.0085;0.0032;0.0274;0.0196;0.0000;0.2756
187.0;0.7802;0.7766;-0.1665;0.0000;87;99;0.0037;-0.0100;0.0032;0.0137;0.0196;0.0000;0.2756
187.5;0.7811;0.7766;-0.1970;0.0000;85;99;-0.0720;-0.0114;0.0032;0.0156;0.0196;0.0000;0.2756
188.0;0.7821;0.7766;-0.0935;0.0000;87;97;0.0012;-0.0144;0.0032;0.0068;0.0196;0.0000;0.2756
188.5;0.7830;0.7766;-0.1235;0.0000;87;97;0.0037;-0.0173;0.0032;0.0098;0.0196;0.0000;0.2756
189.0;0.7839;0.7766;-0.1500;0.0000;85;97;0.0037;-0.0188;0.0032;0.0117;0.0196;0.0000;0.2756
189.5;0.7843;0.7766;-0.0635;0.0000;87;95;0.0012;-0.0188;0.0018;0.0049;0.0196;0.0000;0.2756
190.0;0.7848;0.7766;-0.0345;0.0000;87;95;-0.0794;-0.0202;0.0018;0.0020;0.0196;0.0000;0.2756
190.5;0.7848;0.7766;-0.0310;0.0000;85;95;-0.0012;-0.0202;0.0018;0.0020;0.0196;0.0000;0.2756
191.0;0.7866;0.7766;-0.1375;0.0000;83;95;0.0037;-0.0246;0.0018;0.0108;0.0196;0.0000;0.2756
191.5;0.7875;0.7766;-0.0660;0.0000;83;95;0.0012;-0.0275;0.0018;0.0049;0.0196;0.0000;0.2756
192.0;0.7885;0.7766;-0.2035;0.0000;81;97;0.0061;-0.0290;0.0018;0.0166;0.0196;0.0000;0.2756
192.5;0.7894;0.7766;-0.1055;0.0000;83;93;-0.0769;-0.0319;0.0018;0.0088;0.0196;0.0000;0.2756
193.0;0.7903;0.7766;-0.1315;0.0000;81;93;-0.1526;-0.0349;0.0018;0.0108;0.0196;0.0000;0.2756
193.5;0.7908;0.7766;-0.0780;0.0000;81;91;0.0794;-0.0363;0.0018;0.0059;0.0196;0.0000;0.2756
194.0;0.7908;0.7766;-0.1405;0.0000;81;93;-0.0745;-0.0363;0.0018;0.0117;0.0196;0.0000;0.2756
194.5;0.7912;0.7766;-0.1570;0.0000;79;93;0.0037;-0.0363;0.0018;0.0127;0.0196;0.0000;0.2756
195.0;0.7912;0.7766;-0.1040;0.0000;81;91;0.0012;-0.0363;0.0018;0.0078;0.0196;0.0000;0.2756
195.5;0.7917;0.7766;-0.1390;0.0000;79;93;-0.0745;-0.0378;0.0003;0.0108;0.0196;0.0000;0.2756
196.0;0.7921;0.7766;-0.0400;0.0000;81;91;0.0794;-0.0393;0.0003;0.0029;0.0205;0.0000;0.2756
196.5;0.7926;0.7766;-0.1925;0.0000;79;93;0.0061;-0.0393;0.0003;0.0156;0.0205;0.0000;0.2756
197.0;0.7930;0.7766;-0.1505;0.0000;79;91;-0.0745;-0.0422;0.0003;0.0117;0.0205;0.0000;0.2756
197.5;0.7935;0.7766;-0.1875;0.0000;77;91;0.0061;-0.0422;0.0003;0.0156;0.0205;0.0000;0.2756
198.0;0.7930;0.7766;-0.1625;0.0000;77;91;0.0818;-0.0422;0.0003;0.0127;0.0205;0.0000;0.2756
198.5;0.7926;0.7766;-0.1465;0.0000;77;91;0.0037;-0.0407;0.0003;0.0117;0.0205;0.0000;0.2756
199.0;0.7926;0.7766;-0.0115;0.0000;81;89;-0.0012;-0.0393;0.0003;-0.0000;0.0205;0.0000;0.2756
199.5;0.7921;0.7766;-0.0760;0.0000;79;91;0.0012;-0.0393;0.0003;0.0059;0.0205;0.0000;0.2756
200.0;0.7926;0.7770;-0.0825;0.0000;79;91;-0.0794;-0.0393;0.0003;0.0068;0.0205;0.0000;0.2835
200.5;0.7926;0.7770;0.0265;0.0000;83;89;-0.0012;-0.0407;-0.0012;-0.0029;0.0205;0.0000;0.2835
201.0;0.7930;0.7770;0.0095;0.0000;83;91;-0.0012;-0.0407;-0.0012;-0.0010;0.0205;0.0000;0.2835
201.5;0.7930;0.7775;0.0885;0.0000;85;89;-0.0037;-0.0393;-0.0012;-0.0078;0.0205;0.0000;0.2913
202.0;0.7935;0.7775;0.0335;0.0000;83;93;0.0769;-0.0407;-0.0012;-0.0029;0.0205;0.0000;0.2913
202.5;0.7935;0.7779;0.0225;0.0000;85;93;-0.0012;-0.0393;-0.0012;-0.0020;0.0205;0.0000;0.2992
203.0;0.7930;0.7784;-0.0415;0.0000;85;95;0.0012;-0.0378;-0.0012;0.0029;0.0205;0.0000;0.2992
203.5;0.7930;0.7784;0.0620;0.0000;89;95;-0.0037;-0.0363;-0.0012;-0.0059;0.0205;0.0000;0.2992
204.0;0.7921;0.7788;0.0140;0.0000;89;95;-0.0794;-0.0334;-0.0012;-0.0020;0.0205;0.0000;0.3071
204.5;0.7921;0.7793;-0.0390;0.0000;87;97;0.0794;-0.0319;-0.0012;0.0029;0.0205;0.0000;0.3071
205.0;0.7926;0.7802;0.0020;0.0000;89;97;-0.0012;-0.0319;-0.0026;-0.0010;0.0205;0.0000;0.3150
205.5;0.7930;0.7807;-0.0850;0.0000;89;101;0.0012;-0.0319;-0.0026;0.0068;0.0205;0.0000;0.3150
206.0;0.7940;0.7811;0.0035;0.0000;91;101;0.0769;-0.0319;-0.0026;-0.0010;0.0205;0.0000;0.3150
206.5;0.7949;0.7821;0.0330;0.0000;93;101;-0.0012;-0.0319;-0.0026;-0.0029;0.0205;0.0000;0.3228
207.0;0.7953;0.7830;0.0650;0.0000;93;101;-0.0037;-0.0319;-0.0026;-0.0059;0.0205;0.0000;0.3228
207.5;0.7958;0.7834;-0.0165;0.0000;93;103;0.0769;-0.0319;-0.0026;0.0010;0.0205;0.0000;0.3307
208.0;0.7962;0.7843;0.0020;0.0000;93;103;-0.0012;-0.0305;-0.0026;-0.0010;0.0205;0.0000;0.3307
208.5;0.7962;0.7853;-0.1065;0.0000;93;107;0.0012;-0.0275;-0.0026;0.0088;0.0205;0.0000;0.3386
209.0;0.7958;0.7862;-0.0540;0.0000;95;107;0.0012;-0.0246;-0.0026;0.0039;0.0205;0.0000;0.3386
209.5;0.7953;0.7871;-0.0185;0.0000;97;107;-0.0794;-0.0217;-0.0026;0.0010;0.0205;0.0000;0.3386
210.0;0.7953;0.7885;-0.1260;0.0000;97;110;0.0818;-0.0188;-0.0026;0.0098;0.0205;0.0000;0.3465
210.5;0.7953;0.7894;-0.0920;0.0000;99;110;0.0012;-0.0158;-0.0026;0.0068;0.0205;0.0000;0.3465
211.0;0.7958;0.7908;-0.0940;0.0000;99;110;0.0012;-0.0129;-0.0026;0.0078;0.0205;0.0000;0.3543
211.5;0.7962;0.7917;-0.0530;0.0000;101;112;0.0012;-0.0114;-0.0026;0.0039;0.0205;0.0000;0.3543
212.0;0.7972;0.7930;-0.0490;0.0000;101;112;0.0794;-0.0114;-0.0026;0.0039;0.0205;0.0000;0.3543
212.5;0.7981;0.7944;0.0755;0.0000;105;112;-0.0037;-0.0100;-0.0026;-0.0068;0.0205;0.0000;0.3622
213.0;0.7995;0.7958;-0.0205;0.0000;105;114;-0.0012;-0.0100;-0.0026;0.0010;0.0205;0.0000;0.3622
213.5;0.8004;0.7972;0.0125;0.0000;107;116;-0.0012;-0.0085;-0.0026;-0.0020;0.0205;0.0000;0.3701
214.0;0.8008;0.7985;0.0200;0.0000;107;116;-0.0012;-0.0070;-0.0026;-0.0020;0.0205;0.0000;0.3701
214.5;0.8027;0.7999;-0.0140;0.0000;107;118;0.0769;-0.0070;-0.0026;0.0010;0.0205;0.0000;0.3701
215.0;0.8040;0.8017;0.0525;0.0000;109;116;-0.0037;-0.0070;-0.0041;-0.0049;0.0205;0.0000;0.3780
215.5;0.8049;0.8031;0.0360;0.0000;110;118;-0.0037;-0.0056;-0.0041;-0.0039;0.0205;0.0000;0.3780
216.0;0.8063;0.8049;0.0135;0.0000;110;120;-0.0012;-0.0041;-0.0041;-0.0020;0.0205;0.0000;0.3858
216.5;0.8063;0.8063;-0.0180;0.0000;112;122;-0.0794;0.0003;-0.0041;0.0010;0.0205;0.0000;0.3858
217.0;0.8068;0.8082;0.0975;0.0000;116;120;-0.0037;0.0032;-0.0041;-0.0088;0.0205;0.0000;0.3937
217.5;0.8072;0.8100;0.0715;0.0000;116;122;-0.0037;0.0062;-0.0026;-0.0068;0.0205;0.0000;0.3937
218.0;0.8082;0.8118;0.1380;0.0000;118;122;-0.0061;0.0091;-0.0026;-0.0117;0.0205;0.0000;0.3937
218.5;0.8086;0.8136;0.0935;0.0000;118;124;-0.0037;0.0120;-0.0026;-0.0088;0.0205;0.0000;0.4016
219.0;0.8104;0.8159;0.0660;0.0000;120;126;0.0745;0.0120;-0.0026;-0.0059;0.0205;0.0000;0.4016
219.5;0.8118;0.8178;0.1640;0.0000;122;126;-0.0061;0.0135;-0.0026;-0.0147;0.0205;0.0000;0.4094
220.0;0.8132;0.8196;0.1345;0.0000;124;128;-0.0842;0.0164;-0.0026;-0.0117;0.0205;0.0000;0.4094
220.5;0.8136;0.8219;0.1320;0.0000;124;132;-0.0061;0.0193;-0.0026;-0.0117;0.0205;0.0000;0.4173
221.0;0.8141;0.8242;0.0835;0.0000;126;134;-0.0037;0.0237;-0.0026;-0.0078;0.0205;0.0000;0.4173
221.5;0.8150;0.8265;0.0955;0.0000;126;134;-0.0037;0.0267;-0.0026;-0.0088;0.0205;0.0000;0.4173
222.0;0.8164;0.8283;-0.0055;0.0000;126;138;-0.0012;0.0296;-0.0026;-0.0000;0.0205;0.0000;0.4252
222.5;0.8178;0.8310;0.0880;0.0000;130;136;-0.0037;0.0311;-0.0026;-0.0078;0.0205;0.0000;0.4252
223.0;0.8191;0.8333;0.0560;0.0000;132;140;-0.0037;0.0340;-0.0026;-0.0049;0.0205;0.0000;0.4331
223.5;0.8205;0.8356;0.0605;0.0000;134;140;-0.0037;0.0369;-0.0026;-0.0059;0.0205;0.0000;0.4331
224.0;0.8223;0.8379;0.0535;0.0000;134;142;0.0745;0.0384;-0.0026;-0.0049;0.0196;0.0000;0.4409
224.5;0.8242;0.8407;0.0170;0.0000;136;144;-0.0012;0.0413;-0.0026;-0.0020;0.0196;0.0000;0.4409
225.0;0.8255;0.8429;0.0340;0.0000;136;146;-0.0818;0.0428;-0.0012;-0.0029;0.0196;0.0000;0.4409
225.5;0.8274;0.8457;0.0315;0.0000;138;146;0.0769;0.0442;-0.0012;-0.0029;0.0196;0.0000;0.4488
226.0;0.8292;0.8484;0.0860;0.0000;140;148;-0.0037;0.0472;-0.0012;-0.0078;0.0196;0.0000;0.4488
226.5;0.8320;0.8512;-0.0505;0.0000;140;152;0.0012;0.0472;-0.0012;0.0039;0.0196;0.0000;0.4567
227.0;0.8342;0.8539;-0.0085;0.0000;142;152;-0.0012;0.0486;-0.0012;-0.0000;0.0196;0.0000;0.4567
227.5;0.8361;0.8567;-0.0915;0.0000;142;153;0.0012;0.0501;-0.0012;0.0068;0.0196;0.0000;0.4646
228.0;0.8388;0.8594;-0.0915;0.0000;142;155;-0.0769;0.0501;-0.0012;0.0068;0.0205;0.0000;0.4646
228.5;0.8416;0.8622;-0.0990;0.0000;144;155;0.0012;0.0516;0.0003;0.0078;0.0205;0.0000;0.4646
229.0;0.8439;0.8654;-0.1805;0.0000;142;159;0.0842;0.0516;0.0003;0.0147;0.0205;0.0000;0.4724
229.5;0.8471;0.8681;-0.1985;0.0000;144;159;-0.0720;0.0530;0.0003;0.0166;0.0205;0.0000;0.4724
230.0;0.8503;0.8713;-0.1730;0.0000;146;161;0.0037;0.0516;0.0003;0.0137;0.0205;0.0000;0.4803
230.5;0.8530;0.8745;-0.1100;0.0000;148;161;0.0818;0.0530;0.0003;0.0088;0.0205;0.0000;0.4803
231.0;0.8558;0.8777;-0.1445;0.0000;148;163;-0.0745;0.0530;0.0003;0.0117;0.0205;0.0000;0.4882
231.5;0.8594;0.8810;-0.0910;0.0000;150;161;0.0012;0.0530;0.0003;0.0068;0.0205;0.0000;0.4882
232.0;0.8617;0.8842;-0.1625;0.0000;150;165;0.0037;0.0545;0.0018;0.0127;0.0205;0.0000;0.4882
232.5;0.8649;0.8874;-0.1410;0.0000;152;165;0.0037;0.0545;0.0018;0.0117;0.0205;0.0000;0.4961
233.0;0.8686;0.8906;-0.1750;0.0000;152;167;0.0818;0.0545;0.0018;0.0137;0.0205;0.0000;0.4961
233.5;0.8713;0.8942;-0.1270;0.0000;153;169;0.0818;0.0560;0.0018;0.0098;0.0205;0.0000;0.5039
234.0;0.8750;0.8974;-0.1225;0.0000;155;169;0.0037;0.0545;0.0018;0.0098;0.0205;0.0000;0.5039
234.5;0.8787;0.9011;-0.0610;0.0000;157;169;-0.0769;0.0560;0.0018;0.0049;0.0205;0.0000;0.5118
235.0;0.8823;0.9048;-0.0650;0.0000;157;169;0.0012;0.0545;0.0018;0.0049;0.0205;0.0000;0.5118
235.5;0.8860;0.9080;-0.0990;0.0000;157;171;0.0794;0.0545;0.0032;0.0078;0.0205;0.0000;0.5197
236.0;0.8892;0.9116;-0.0290;0.0000;159;171;0.0769;0.0560;0.0032;0.0020;0.0205;0.0000;0.5197
236.5;0.8929;0.9153;-0.1090;0.0000;159;175;0.0037;0.0560;0.0032;0.0088;0.0205;0.0000;0.5197
237.0;0.8965;0.9194;-0.0935;0.0000;161;177;0.0012;0.0560;0.0032;0.0078;0.0205;0.0000;0.5276
237.5;0.9006;0.9231;-0.0490;0.0000;163;177;0.0012;0.0545;0.0032;0.0039;0.0205;0.0000;0.5276
238.0;0.9052;0.9267;-0.0270;0.0000;165;177;-0.0012;0.0545;0.0032;0.0020;0.0205;0.0000;0.5354
238.5;0.9084;0.9309;-0.0540;0.0000;165;179;-0.0769;0.0545;0.0047;0.0039;0.0215;0.0000;0.5354
239.0;0.9116;0.9350;0.0590;0.0000;169;177;-0.0818;0.0574;0.0047;-0.0059;0.0205;0.0000;0.5433
239.5;0.9153;0.9386;0.0285;0.0000;169;179;-0.0012;0.0574;0.0047;-0.0029;0.0205;0.0000;0.5433
240.0;0.9199;0.9428;0.0025;0.0000;171;179;-0.0794;0.0574;0.0047;-0.0010;0.0205;0.0000;0.5512
240.5;0.9240;0.9469;0.0305;0.0000;173;181;-0.0012;0.0574;0.0047;-0.0029;0.0205;0.0000;0.5512
241.0;0.9286;0.9510;0.0050;0.0000;173;183;0.0769;0.0545;0.0047;-0.0010;0.0205;0.0000;0.5591
241.5;0.9327;0.9551;0.0320;0.0000;175;183;-0.0794;0.0560;0.0047;-0.0029;0.0205;0.0000;0.5591
242.0;0.9382;0.9597;0.0260;0.0000;175;183;-0.0012;0.0530;0.0062;-0.0029;0.0205;0.0000;0.5591
242.5;0.9432;0.9638;0.0575;0.0000;177;183;-0.0037;0.0516;0.0062;-0.0049;0.0205;0.0000;0.5669
243.0;0.9478;0.9679;0.0095;0.0000;177;185;-0.0012;0.0501;0.0062;-0.0010;0.0205;0.0000;0.5669
243.5;0.9519;0.9725;0.0765;0.0000;179;185;-0.0037;0.0501;0.0062;-0.0068;0.0205;0.0000;0.5748
244.0;0.9570;0.9771;0.0825;0.0000;181;187;-0.0818;0.0501;0.0062;-0.0078;0.0205;0.0000;0.5748
244.5;0.9625;0.9817;0.1110;0.0000;183;187;-0.0061;0.0472;0.0062;-0.0098;0.0205;0.0000;0.5827
245.0;0.9675;0.9863;0.1495;0.0000;183;187;-0.0061;0.0457;0.0062;-0.0127;0.0205;0.0000;0.5827
245.5;0.9725;0.9908;0.0935;0.0000;183;189;0.0745;0.0442;0.0076;-0.0088;0.0205;0.0000;0.5906
246.0;0.9771;0.9954;0.0165;0.0000;183;191;-0.0012;0.0442;0.0076;-0.0020;0.0205;0.0000;0.5906
246.5;0.9821;1.0000;0.0085;0.0000;183;193;0.0769;0.0442;0.0076;-0.0010;0.0205;0.0000;0.5984
247.0;0.9872;1.0046;0.0285;0.0000;185;193;-0.0794;0.0442;0.0076;-0.0029;0.0205;0.0000;0.5984
247.5;0.9927;1.0096;-0.0065;0.0000;185;195;-0.0012;0.0413;0.0076;-0.0000;0.0205;0.0000;0.5984
248.0;0.9982;1.0142;0.0475;0.0000;187;195;0.0745;0.0398;0.0076;-0.0049;0.0205;0.0000;0.6063
248.5;1.0037;1.0192;-0.0360;0.0000;187;196;-0.0794;0.0384;0.0076;0.0029;0.0205;0.0000;0.6063
249.0;1.0096;1.0243;-0.0080;0.0000;187;196;-0.0012;0.0369;0.0076;-0.0000;0.0205;0.0000;0.6142
249.5;1.0151;1.0293;0.0185;0.0000;189;196;0.0769;0.0355;0.0076;-0.0020;0.0205;0.0000;0.6142
250.0;1.0201;1.0343;0.0325;0.0000;189;198;0.0769;0.0340;0.0091;-0.0029;0.0205;0.0000;0.6220
250.5;1.0243;1.0394;-0.0230;0.0000;189;200;-0.0012;0.0369;0.0091;0.0010;0.0205;0.0000;0.6220
251.0;1.0293;1.0444;-0.0935;0.0000;191;204;0.0012;0.0369;0.0091;0.0078;0.0205;0.0000;0.6299
251.5;1.0343;1.0499;-0.0960;0.0000;191;204;-0.0769;0.0384;0.0091;0.0078;0.0205;0.0000;0.6299
252.0;1.0389;1.0549;-0.1765;0.0000;191;206;-0.0745;0.0398;0.0091;0.0147;0.0205;0.0000;0.6378
252.5;1.0440;1.0604;-0.1350;0.0000;193;206;0.0037;0.0398;0.0091;0.0108;0.0205;0.0000;0.6378
253.0;1.0499;1.0655;-0.2605;0.0000;191;210;0.0085;0.0398;0.0091;0.0215;0.0205;0.0000;0.6457
253.5;1.0549;1.0710;-0.2410;0.0000;193;210;-0.0720;0.0398;0.0091;0.0196;0.0215;0.0000;0.6457
254.0;1.0609;1.0765;-0.2880;0.0000;193;214;0.0867;0.0384;0.0091;0.0235;0.0215;0.0000;0.6535
254.5;1.0664;1.0820;-0.2965;0.0000;195;214;0.0085;0.0384;0.0105;0.0244;0.0215;0.0000;0.6535
255.0;1.0723;1.0875;-0.2565;0.0000;196;216;0.0085;0.0384;0.0105;0.0215;0.0215;0.0000;0.6535
255.5;1.0783;1.0929;-0.2310;0.0000;198;216;-0.0720;0.0369;0.0105;0.0186;0.0215;0.0000;0.6614
256.0;1.0838;1.0989;-0.2560;0.0000;198;218;0.0085;0.0369;0.0105;0.0205;0.0215;0.0000;0.6614
256.5;1.0897;1.1044;-0.2790;0.0000;198;220;0.0085;0.0369;0.0105;0.0225;0.0215;0.0000;0.6693
257.0;1.0957;1.1103;-0.2265;0.0000;200;220;0.0061;0.0369;0.0105;0.0186;0.0215;0.0000;0.6693
257.5;1.1016;1.1158;-0.2975;0.0000;202;222;-0.0696;0.0355;0.0105;0.0244;0.0215;0.0000;0.6772
258.0;1.1076;1.1218;-0.2600;0.0000;202;222;0.0085;0.0355;0.0105;0.0215;0.0225;0.0000;0.6772
258.5;1.1131;1.1277;-0.3055;0.0000;202;224;0.0085;0.0355;0.0105;0.0254;0.0225;0.0000;0.6850
259.0;1.1195;1.1337;-0.4100;0.0000;202;228;0.0916;0.0355;0.0105;0.0342;0.0225;0.0000;0.6850
259.5;1.1255;1.1397;-0.4380;0.0000;202;230;-0.0647;0.0355;0.0120;0.0362;0.0225;0.0000;0.6929
260.0;1.1319;1.1456;-0.4255;0.0000;202;230;0.0916;0.0340;0.0120;0.0352;0.0225;0.0000;0.6929
260.5;1.1378;1.1516;-0.4630;0.0000;202;232;0.0940;0.0340;0.0120;0.0381;0.0225;0.0000;0.6929
261.0;1.1438;1.1580;-0.4885;0.0000;202;232;-0.0623;0.0340;0.0120;0.0401;0.0235;0.0000;0.6929
261.5;1.1502;1.1639;-0.4355;0.0000;204;232;0.0134;0.0340;0.0120;0.0362;0.0235;0.0000;0.6929
262.0;1.1561;1.1699;-0.5170;0.0000;204;234;-0.0623;0.0340;0.0120;0.0430;0.0235;0.0000;0.6929
262.5;1.1616;1.1758;-0.4810;0.0000;204;232;0.0940;0.0340;0.0120;0.0401;0.0235;0.0000;0.6929
263.0;1.1671;1.1818;-0.5000;0.0000;206;234;-0.0623;0.0355;0.0120;0.0411;0.0244;0.0000;0.6929
263.5;1.1726;1.1877;-0.5380;0.0000;204;236;0.0965;0.0369;0.0120;0.0450;0.0244;0.0000;0.6929
264.0;1.1786;1.1937;-0.5895;0.0000;204;238;0.0208;0.0369;0.0120;0.0489;0.0244;0.0000;0.6929
264.5;1.1845;1.1996;-0.5880;0.0000;206;238;-0.0598;0.0369;0.0135;0.0489;0.0244;0.0000;0.7008
265.0;1.1909;1.2056;-0.6655;0.0000;204;239;0.0232;0.0355;0.0135;0.0557;0.0254;0.0000;0.7008
265.5;1.1969;1.2120;-0.6315;0.0000;204;239;0.0208;0.0355;0.0135;0.0528;0.0254;0.0000;0.7008
266.0;1.2033;1.2179;-0.5715;0.0000;206;238;0.0183;0.0355;0.0135;0.0479;0.0254;0.0000;0.7008
266.5;1.2097;1.2239;-0.5950;0.0000;206;239;0.0208;0.0340;0.0135;0.0499;0.0254;0.0000;0.7008
267.0;1.2166;1.2299;-0.5495;0.0000;208;239;0.0183;0.0325;0.0135;0.0459;0.0264;0.0000;0.7008
267.5;1.2234;1.2358;-0.5380;0.0000;208;239;-0.0598;0.0296;0.0135;0.0450;0.0264;0.0000;0.7008
268.0;1.2312;1.2418;-0.5230;0.0000;208;239;-0.0623;0.0252;0.0135;0.0430;0.0264;0.0000;0.7008
268.5;1.2381;1.2477;-0.4880;0.0000;208;238;0.0159;0.0237;0.0135;0.0401;0.0264;0.0000;0.7008
269.0;1.2454;1.2537;-0.4535;0.0000;210;238;-0.0623;0.0208;0.0135;0.0371;0.0264;0.0000;0.7008
269.5;1.2523;1.2596;-0.5010;0.0000;208;238;0.0159;0.0179;0.0135;0.0420;0.0274;0.0000;0.7008
270.0;1.2592;1.2656;-0.5230;0.0000;208;238;-0.0623;0.0149;0.0135;0.0430;0.0274;0.0000;0.7008
270.5;1.2674;1.2720;-0.4885;0.0000;208;238;0.0159;0.0105;0.0135;0.0401;0.0274;0.0000;0.7008
271.0;1.2756;1.2779;-0.5475;0.0000;206;238;0.0183;0.0047;0.0135;0.0459;0.0274;0.0000;0.7087
271.5;1.2839;1.2839;-0.4850;0.0000;208;236;-0.0623;-0.0012;0.0135;0.0401;0.0274;0.0000;0.7087
272.0;1.2921;1.2898;-0.4975;0.0000;206;236;0.0159;-0.0070;0.0135;0.0411;0.0283;0.0000;0.7087
272.5;1.3008;1.2958;-0.4915;0.0000;204;236;0.0159;-0.0129;0.0135;0.0411;0.0283;0.0000;0.7087
273.0;1.3095;1.3017;-0.4840;0.0000;204;234;0.0159;-0.0202;0.0135;0.0401;0.0283;0.0000;0.7087
273.5;1.3173;1.3077;-0.4845;0.0000;202;234;0.0159;-0.0246;0.0135;0.0401;0.0283;0.0000;0.7087
274.0;1.3251;1.3136;-0.4875;0.0000;202;232;-0.0623;-0.0290;0.0135;0.0401;0.0293;0.0000;0.7087
274.5;1.3329;1.3196;-0.4785;0.0000;202;232;0.0159;-0.0334;0.0135;0.0401;0.0293;0.0000;0.7087
275.0;1.3416;1.3255;-0.4635;0.0000;202;232;-0.0623;-0.0393;0.0135;0.0381;0.0293;0.0000;0.7087
275.5;1.3494;1.3320;-0.5125;0.0000;200;232;0.0159;-0.0451;0.0135;0.0430;0.0293;0.0000;0.7087
276.0;1.3571;1.3379;-0.4545;0.0000;200;230;-0.0647;-0.0495;0.0135;0.0381;0.0293;0.0000;0.7087
276.5;1.3649;1.3439;-0.4920;0.0000;198;230;0.0159;-0.0539;0.0135;0.0411;0.0303;0.0000;0.7087
277.0;1.3723;1.3498;-0.4965;0.0000;198;230;0.0159;-0.0568;0.0120;0.0411;0.0303;0.0000;0.7165
277.5;1.3791;1.3558;-0.4275;0.0000;198;228;-0.0647;-0.0598;0.0120;0.0352;0.0303;0.0000;0.7165
278.0;1.3860;1.3617;-0.4635;0.0000;198;228;0.0159;-0.0612;0.0120;0.0381;0.0303;0.0000;0.7165
278.5;1.3924;1.3677;-0.4425;0.0000;198;228;0.0134;-0.0627;0.0120;0.0371;0.0303;0.0000;0.7165
279.0;1.3988;1.3736;-0.3890;0.0000;198;228;0.0110;-0.0642;0.0120;0.0323;0.0313;0.0000;0.7165
279.5;1.4057;1.3796;-0.3785;0.0000;198;226;-0.0672;-0.0656;0.0120;0.0313;0.0313;0.0000;0.7165
280.0;1.4116;1.3860;-0.4010;0.0000;198;226;-0.0647;-0.0656;0.0105;0.0332;0.0313;0.0000;0.7165
280.5;1.4180;1.3919;-0.3035;0.0000;200;226;0.0867;-0.0671;0.0105;0.0254;0.0313;0.0000;0.7165
281.0;1.4249;1.3979;-0.3090;0.0000;200;226;0.0867;-0.0686;0.0105;0.0254;0.0313;0.0000;0.7165
281.5;1.4318;1.4038;-0.3545;0.0000;198;226;-0.0672;-0.0715;0.0105;0.0293;0.0313;0.0000;0.7165
282.0;1.4382;1.4098;-0.3015;0.0000;200;226;0.0085;-0.0715;0.0105;0.0244;0.0313;0.0000;0.7165
282.5;1.4455;1.4158;-0.3200;0.0000;200;226;0.0110;-0.0744;0.0091;0.0264;0.0323;0.0000;0.7165
283.0;1.4515;1.4217;-0.2655;0.0000;200;224;0.0085;-0.0759;0.0091;0.0215;0.0323;0.0000;0.7165
283.5;1.4579;1.4277;-0.2335;0.0000;200;224;0.0842;-0.0759;0.0091;0.0196;0.0323;0.0000;0.7244
284.0;1.4647;1.4336;-0.2235;0.0000;200;224;0.0061;-0.0788;0.0091;0.0186;0.0323;0.0000;0.7244
284.5;1.4712;1.4396;-0.2570;0.0000;200;226;0.0085;-0.0788;0.0091;0.0215;0.0323;0.0000;0.7244
285.0;1.4766;1.4460;-0.2125;0.0000;200;224;0.0061;-0.0774;0.0076;0.0176;0.0323;0.0000;0.7244
285.5;1.4817;1.4519;-0.2300;0.0000;200;226;0.0061;-0.0759;0.0076;0.0186;0.0323;0.0000;0.7244
286.0;1.4876;1.4579;-0.2060;0.0000;202;226;0.0061;-0.0744;0.0076;0.0166;0.0323;0.0000;0.7244
286.5;1.4927;1.4638;-0.1595;0.0000;204;226;0.0037;-0.0730;0.0076;0.0127;0.0323;0.0000;0.7244
287.0;1.4977;1.4698;-0.1635;0.0000;204;226;0.0037;-0.0700;0.0076;0.0137;0.0323;0.0000;0.7244
287.5;1.5023;1.4757;-0.1705;0.0000;204;226;0.0818;-0.0671;0.0062;0.0137;0.0323;0.0000;0.7244
288.0;1.5060;1.4817;-0.1255;0.0000;206;228;0.0037;-0.0612;0.0062;0.0098;0.0332;0.0000;0.7244
288.5;1.5110;1.4876;-0.0780;0.0000;208;228;0.0012;-0.0598;0.0062;0.0059;0.0332;0.0000;0.7244
289.0;1.5156;1.4936;-0.0565;0.0000;210;228;0.0012;-0.0554;0.0062;0.0039;0.0332;0.0000;0.7244
289.5;1.5197;1.5000;-0.0260;0.0000;212;228;-0.0794;-0.0510;0.0062;0.0020;0.0332;0.0000;0.7323
290.0;1.5243;1.5060;-0.0305;0.0000;212;230;0.0769;-0.0466;0.0062;0.0020;0.0332;0.0000;0.7323
290.5;1.5284;1.5119;-0.0320;0.0000;214;230;-0.0794;-0.0422;0.0062;0.0020;0.0332;0.0000;0.7323
291.0;1.5334;1.5179;-0.0035;0.0000;216;232;-0.0012;-0.0407;0.0047;-0.0000;0.0332;0.0000;0.7323
291.5;1.5385;1.5238;0.0115;0.0000;218;232;0.0769;-0.0378;0.0047;-0.0010;0.0332;0.0000;0.7323
292.0;1.5435;1.5298;0.0190;0.0000;218;234;-0.0012;-0.0349;0.0047;-0.0020;0.0332;0.0000;0.7323
292.5;1.5481;1.5357;0.0210;0.0000;220;236;-0.0012;-0.0319;0.0047;-0.0020;0.0332;0.0000;0.7323
293.0;1.5527;1.5417;-0.0610;0.0000;220;238;0.0794;-0.0275;0.0047;0.0049;0.0332;0.0000;0.7323
293.5;1.5568;1.5476;-0.1000;0.0000;220;239;-0.0769;-0.0231;0.0047;0.0078;0.0332;0.0000;0.7323
294.0;1.5604;1.5536;-0.0275;0.0000;222;239;-0.0012;-0.0173;0.0047;0.0020;0.0332;0.0000;0.7323
294.5;1.5646;1.5600;-0.0455;0.0000;224;241;0.0012;-0.0129;0.0047;0.0029;0.0332;0.0000;0.7323
295.0;1.5691;1.5659;-0.0095;0.0000;226;241;-0.0012;-0.0085;0.0047;-0.0000;0.0332;0.0000;0.7323
295.5;1.5733;1.5719;0.0635;0.0000;228;241;-0.0037;-0.0041;0.0047;-0.0059;0.0332;0.0000;0.7323
296.0;1.5769;1.5778;0.0770;0.0000;230;243;0.0745;0.0018;0.0047;-0.0068;0.0332;0.0000;0.7402
296.5;1.5806;1.5838;0.1100;0.0000;232;245;-0.0061;0.0076;0.0047;-0.0098;0.0332;0.0000;0.7402
297.0;1.5829;1.5897;0.1635;0.0000;234;245;-0.0061;0.0164;0.0047;-0.0147;0.0332;0.0000;0.7402
297.5;1.5861;1.5957;0.1260;0.0000;236;247;-0.0061;0.0237;0.0047;-0.0108;0.0323;0.0000;0.7402
298.0;1.5897;1.6016;0.1320;0.0000;239;249;-0.0061;0.0296;0.0047;-0.0117;0.0323;0.0000;0.7402
298.5;1.5934;1.6076;0.1655;0.0000;239;251;-0.0061;0.0355;0.0047;-0.0147;0.0323;0.0000;0.7402
299.0;1.5966;1.6136;0.1490;0.0000;243;253;-0.0842;0.0428;0.0047;-0.0127;0.0323;0.0000;0.7402
299.5;1.5994;1.6200;0.1910;0.0000;247;255;-0.0085;0.0501;0.0062;-0.0166;0.0323;0.0000;0.7402
300.0;1.6021;1.6259;0.2305;0.0000;249;255;-0.0867;0.0589;0.0062;-0.0196;0.0323;0.0000;0.7402
300.5;1.6053;1.6319;0.1915;0.0000;249;257;-0.0085;0.0662;0.0062;-0.0166;0.0323;0.0000;0.7402
301.0;1.6090;1.6378;0.1645;0.0000;251;261;-0.0061;0.0721;0.0062;-0.0147;0.0323;0.0000;0.7402
301.5;1.6126;1.6438;0.2205;0.0000;255;263;0.0696;0.0779;0.0062;-0.0186;0.0323;0.0000;0.7402
302.0;1.6163;1.6497;0.2325;0.0000;257;265;-0.0085;0.0838;0.0076;-0.0205;0.0323;0.0000;0.7480
302.5;1.6200;1.6557;0.2500;0.0000;261;267;-0.0110;0.0882;0.0076;-0.0215;0.0323;0.0000;0.7480
303.0;1.6245;1.6616;0.3360;0.0000;263;267;-0.0134;0.0926;0.0076;-0.0283;0.0313;0.0000;0.7480
303.5;1.6287;1.6676;0.3115;0.0000;265;267;-0.0110;0.0970;0.0076;-0.0264;0.0313;0.0000;0.7480
304.0;1.6342;1.6740;0.3395;0.0000;267;269;-0.0134;0.0984;0.0091;-0.0293;0.0313;0.0000;0.7480
304.5;1.6392;1.6799;0.3345;0.0000;267;269;0.0647;0.1014;0.0091;-0.0283;0.0313;0.0000;0.7480
305.0;1.6442;1.6859;0.2950;0.0000;269;273;-0.0891;0.1028;0.0091;-0.0254;0.0313;0.0000;0.7480
305.5;1.6484;1.6918;0.2420;0.0000;271;275;-0.0085;0.1072;0.0091;-0.0205;0.0313;0.0000;0.7480
306.0;1.6534;1.6978;0.1775;0.0000;271;279;-0.0085;0.1102;0.0105;-0.0156;0.0313;0.0000;0.7480
306.5;1.6589;1.7038;0.1305;0.0000;269;279;-0.0061;0.1116;0.0105;-0.0117;0.0313;0.0000;0.7480
307.0;1.6635;1.7097;0.1145;0.0000;271;279;-0.0061;0.1146;0.0105;-0.0098;0.0313;0.0000;0.7480
307.5;1.6685;1.7157;0.1550;0.0000;273;281;-0.0061;0.1175;0.0120;-0.0137;0.0313;0.0000;0.7480
308.0;1.6735;1.7216;0.1005;0.0000;275;283;-0.0818;0.1204;0.0120;-0.0088;0.0313;0.0000;0.7480
308.5;1.6790;1.7276;0.0680;0.0000;275;284;-0.0037;0.1204;0.0120;-0.0059;0.0313;0.0000;0.7559
309.0;1.6850;1.7340;0.0325;0.0000;275;286;-0.0012;0.1219;0.0135;-0.0029;0.0303;0.0000;0.7559
309.5;1.6909;1.7399;-0.0270;0.0000;275;288;-0.0012;0.1204;0.0135;0.0020;0.0313;0.0000;0.7559
310.0;1.6969;1.7459;-0.0585;0.0000;275;290;0.0012;0.1204;0.0135;0.0049;0.0313;0.0000;0.7559
310.5;1.7024;1.7518;-0.0700;0.0000;275;290;0.0012;0.1234;0.0149;0.0059;0.0313;0.0000;0.7559
311.0;1.7074;1.7578;-0.1565;0.0000;275;292;0.0037;0.1248;0.0149;0.0127;0.0313;0.0000;0.7559
311.5;1.7125;1.7637;-0.1600;0.0000;277;294;-0.0745;0.1277;0.0149;0.0127;0.0313;0.0000;0.7559
312.0;1.7179;1.7697;-0.1500;0.0000;279;294;-0.0745;0.1292;0.0164;0.0117;0.0313;0.0000;0.7559
312.5;1.7225;1.7756;-0.2285;0.0000;279;298;0.0061;0.1321;0.0164;0.0186;0.0313;0.0000;0.7559
313.0;1.7271;1.7816;-0.1860;0.0000;279;298;0.0061;0.1351;0.0164;0.0147;0.0313;0.0000;0.7559
313.5;1.7321;1.7880;-0.2690;0.0000;279;302;0.0085;0.1380;0.0179;0.0225;0.0313;0.0000;0.7559
314.0;1.7376;1.7940;-0.3255;0.0000;279;304;0.0110;0.1395;0.0179;0.0264;0.0313;0.0000;0.7559
314.5;1.7431;1.7999;-0.4230;0.0000;277;308;-0.0647;0.1409;0.0193;0.0352;0.0313;0.0000;0.7638
315.0;1.7482;1.8059;-0.4250;0.0000;277;308;0.0134;0.1424;0.0193;0.0352;0.0323;0.0000;0.7638
315.5;1.7537;1.8118;-0.4935;0.0000;279;312;-0.0623;0.1453;0.0193;0.0411;0.0323;0.0000;0.7638
316.0;1.7587;1.8178;-0.5090;0.0000;279;314;-0.0623;0.1468;0.0208;0.0420;0.0323;0.0000;0.7638
316.5;1.7637;1.8237;-0.5455;0.0000;279;316;0.0183;0.1483;0.0208;0.0450;0.0323;0.0000;0.7638
317.0;1.7692;1.8297;-0.6555;0.0000;279;318;-0.0574;0.1512;0.0223;0.0547;0.0332;0.0000;0.7638
317.5;1.7752;1.8356;-0.6265;0.0000;281;318;-0.0574;0.1512;0.0223;0.0518;0.0332;0.0000;0.7638
318.0;1.7816;1.8416;-0.5915;0.0000;281;318;-0.0598;0.1497;0.0223;0.0489;0.0332;0.0000;0.7638
318.5;1.7885;1.8480;-0.5360;0.0000;283;318;0.0183;0.1483;0.0237;0.0450;0.0332;0.0000;0.7638
319.0;1.7962;1.8539;-0.4895;0.0000;284;318;-0.0623;0.1424;0.0237;0.0411;0.0332;0.0000;0.7638
319.5;1.8049;1.8599;-0.4750;0.0000;284;318;-0.0623;0.1365;0.0252;0.0391;0.0342;0.0000;0.7638
320.0;1.8132;1.8658;-0.4765;0.0000;284;316;-0.0623;0.1307;0.0252;0.0391;0.0342;0.0000;0.7638
320.5;1.8210;1.8718;-0.4075;0.0000;284;314;-0.0647;0.1263;0.0252;0.0332;0.0342;0.0000;0.7638
321.0;1.8288;1.8777;-0.3575;0.0000;284;312;0.0110;0.1219;0.0267;0.0293;0.0342;0.0000;0.7717
321.5;1.8365;1.8837;-0.3870;0.0000;283;312;0.0916;0.1175;0.0267;0.0323;0.0342;0.0000;0.7717
322.0;1.8439;1.8897;-0.3810;0.0000;283;314;0.0110;0.1131;0.0267;0.0313;0.0352;0.0000;0.7717
322.5;1.8516;1.8956;-0.4535;0.0000;283;314;-0.0647;0.1087;0.0281;0.0371;0.0352;0.0000;0.7717
323.0;1.8599;1.9016;-0.4915;0.0000;283;316;-0.0623;0.1043;0.0281;0.0411;0.0352;0.0000;0.7717
323.5;1.8686;1.9080;-0.5405;0.0000;281;316;0.0183;0.0970;0.0281;0.0450;0.0352;0.0000;0.7717
324.0;1.8773;1.9139;-0.4920;0.0000;281;314;0.0159;0.0911;0.0281;0.0411;0.0352;0.0000;0.7717
324.5;1.8855;1.9199;-0.5300;0.0000;277;312;-0.0598;0.0853;0.0296;0.0440;0.0362;0.0000;0.7717
325.0;1.8929;1.9258;-0.4660;0.0000;279;310;-0.0623;0.0823;0.0296;0.0391;0.0362;0.0000;0.7717
325.5;1.8997;1.9318;-0.4760;0.0000;279;310;0.0159;0.0794;0.0296;0.0391;0.0362;0.0000;0.7717
326.0;1.9071;1.9377;-0.5310;0.0000;277;312;-0.0598;0.0765;0.0296;0.0440;0.0362;0.0000;0.7717
326.5;1.9148;1.9437;-0.4585;0.0000;279;310;0.0159;0.0721;0.0296;0.0381;0.0362;0.0000;0.7717
327.0;1.9222;1.9496;-0.5415;0.0000;277;312;0.0183;0.0677;0.0311;0.0450;0.0371;0.0000;0.7795
327.5;1.9286;1.9556;-0.5125;0.0000;277;312;-0.0623;0.0662;0.0311;0.0430;0.0371;0.0000;0.7795
328.0;1.9350;1.9620;-0.5210;0.0000;275;312;0.0940;0.0662;0.0311;0.0430;0.0371;0.0000;0.7795
328.5;1.9414;1.9679;-0.5490;0.0000;273;312;0.0965;0.0648;0.0311;0.0459;0.0371;0.0000;0.7795
329.0;1.9473;1.9739;-0.6085;0.0000;273;314;0.0208;0.0648;0.0311;0.0508;0.0381;0.0000;0.7795
329.5;1.9538;1.9799;-0.5875;0.0000;275;314;0.0208;0.0648;0.0325;0.0489;0.0381;0.0000;0.7795
330.0;1.9606;1.9858;-0.5450;0.0000;277;314;0.0183;0.0618;0.0325;0.0450;0.0381;0.0000;0.7795
330.5;1.9679;1.9918;-0.5080;0.0000;277;314;0.0159;0.0589;0.0325;0.0420;0.0381;0.0000;0.7795
331.0;1.9734;1.9977;-0.4180;0.0000;277;312;0.0134;0.0604;0.0325;0.0342;0.0381;0.0000;0.7795
331.5;1.9799;2.0037;-0.3515;0.0000;279;310;0.0110;0.0589;0.0325;0.0293;0.0391;0.0000;0.7795
332.0;1.9863;2.0096;-0.3220;0.0000;279;310;0.0110;0.0574;0.0325;0.0264;0.0391;0.0000;0.7795
332.5;1.9931;2.0156;-0.2655;0.0000;281;310;0.0085;0.0560;0.0340;0.0215;0.0391;0.0000;0.7795
333.0;2.0000;2.0220;-0.2675;0.0000;281;310;0.0085;0.0545;0.0340;0.0215;0.0391;0.0000;0.7795
333.5;2.0064;2.0279;-0.3585;0.0000;281;312;0.0110;0.0530;0.0340;0.0293;0.0391;0.0000;0.7874
334.0;2.0124;2.0339;-0.2770;0.0000;283;310;0.0085;0.0530;0.0340;0.0225;0.0391;0.0000;0.7874
334.5;2.0174;2.0398;-0.2290;0.0000;283;310;0.0061;0.0545;0.0340;0.0186;0.0391;0.0000;0.7874
335.0;2.0229;2.0458;-0.1585;0.0000;284;308;-0.0745;0.0574;0.0340;0.0127;0.0391;0.0000;0.7874
335.5;2.0275;2.0517;-0.0770;0.0000;286;308;0.1575;0.0589;0.0340;0.0059;0.0391;0.0000;0.7874
336.0;2.0334;2.0577;-0.1280;0.0000;286;310;0.0037;0.0604;0.0355;0.0098;0.0401;0.0000;0.7874
336.5;2.0389;2.0636;-0.0790;0.0000;288;310;0.0012;0.0604;0.0355;0.0059;0.0401;0.0000;0.7874
337.0;2.0453;2.0696;-0.1105;0.0000;288;312;-0.0745;0.0604;0.0355;0.0088;0.0401;0.0000;0.7874
337.5;2.0517;2.0755;-0.0220;0.0000;290;310;0.0769;0.0589;0.0355;0.0010;0.0401;0.0000;0.7874
338.0;2.0595;2.0820;-0.0905;0.0000;288;312;0.0012;0.0560;0.0355;0.0068;0.0401;0.0000;0.7874
338.5;2.0659;2.0879;0.0180;0.0000;290;308;0.0769;0.0530;0.0355;-0.0020;0.0401;0.0000;0.7874
339.0;2.0719;2.0939;0.0040;0.0000;290;310;-0.0012;0.0545;0.0369;-0.0010;0.0401;0.0000;0.7874
339.5;2.0774;2.0998;0.0335;0.0000;292;310;-0.0012;0.0545;0.0369;-0.0029;0.0401;0.0000;0.7953
340.0;2.0824;2.1058;0.0965;0.0000;294;310;0.0745;0.0574;0.0369;-0.0088;0.0401;0.0000;0.7953
340.5;2.0884;2.1117;0.0920;0.0000;296;312;-0.0037;0.0574;0.0369;-0.0078;0.0401;0.0000;0.7953
341.0;2.0943;2.1177;0.0410;0.0000;294;312;-0.0818;0.0589;0.0369;-0.0039;0.0401;0.0000;0.7953
341.5;2.0989;2.1236;-0.0125;0.0000;294;314;-0.0012;0.0604;0.0369;0.0010;0.0401;0.0000;0.7953
342.0;2.1044;2.1296;-0.0320;0.0000;294;314;0.0769;0.0633;0.0384;0.0020;0.0401;0.0000;0.7953
342.5;2.1103;2.1360;-0.1395;0.0000;292;318;0.0037;0.0633;0.0384;0.0108;0.0401;0.0000;0.7953
343.0;2.1154;2.1419;-0.0500;0.0000;294;316;0.0012;0.0648;0.0384;0.0039;0.0401;0.0000;0.7953
343.5;2.1200;2.1479;-0.0300;0.0000;296;318;-0.0012;0.0677;0.0384;0.0020;0.0401;0.0000;0.7953
344.0;2.1245;2.1538;0.0030;0.0000;300;320;-0.0012;0.0721;0.0384;-0.0010;0.0401;0.0000;0.7953
344.5;2.1287;2.1598;0.0085;0.0000;300;320;0.0769;0.0765;0.0384;-0.0010;0.0401;0.0000;0.7953
345.0;2.1337;2.1658;0.0145;0.0000;302;320;-0.0012;0.0794;0.0398;-0.0020;0.0401;0.0000;0.7953
345.5;2.1392;2.1717;0.0230;0.0000;302;320;-0.0012;0.0809;0.0398;-0.0020;0.0401;0.0000;0.7953
346.0;2.1447;2.1777;0.0230;0.0000;302;322;0.0769;0.0809;0.0398;-0.0020;0.0401;0.0000;0.8031
346.5;2.1502;2.1836;0.0245;0.0000;304;324;0.0769;0.0838;0.0398;-0.0029;0.0401;0.0000;0.8031
347.0;2.1552;2.1896;-0.0520;0.0000;304;326;0.0012;0.0853;0.0413;0.0039;0.0401;0.0000;0.8031
347.5;2.1607;2.1960;0.0340;0.0000;308;326;-0.0012;0.0867;0.0413;-0.0029;0.0401;0.0000;0.8031
348.0;2.1662;2.2019;-0.0355;0.0000;308;327;0.0794;0.0882;0.0413;0.0029;0.0401;0.0000;0.8031
348.5;2.1712;2.2079;-0.0220;0.0000;308;327;-0.0794;0.0911;0.0413;0.0010;0.0401;0.0000;0.8031
349.0;2.1763;2.2138;-0.0025;0.0000;308;327;-0.0012;0.0926;0.0428;-0.0000;0.0401;0.0000;0.8031
349.5;2.1809;2.2198;-0.0155;0.0000;310;329;0.0769;0.0955;0.0428;0.0010;0.0401;0.0000;0.8031
350.0;2.1854;2.2257;-0.0850;0.0000;310;331;0.0012;0.0999;0.0428;0.0068;0.0401;0.0000;0.8031
350.5;2.1896;2.2317;-0.0490;0.0000;314;333;0.0012;0.1043;0.0428;0.0039;0.0401;0.0000;0.8031
351.0;2.1941;2.2376;-0.0695;0.0000;316;335;0.0012;0.1087;0.0442;0.0049;0.0401;0.0000;0.8031
351.5;2.1992;2.2436;-0.1880;0.0000;314;339;0.0842;0.1116;0.0442;0.0156;0.0401;0.0000;0.8031
352.0;2.2038;2.2500;-0.2240;0.0000;314;341;0.0061;0.1146;0.0442;0.0186;0.0401;0.0000;0.8110
352.5;2.2088;2.2560;-0.3130;0.0000;312;343;0.0085;0.1160;0.0457;0.0254;0.0401;0.0000;0.8110
353.0;2.2138;2.2619;-0.2840;0.0000;314;345;0.0085;0.1190;0.0457;0.0235;0.0401;0.0000;0.8110
353.5;2.2193;2.2679;-0.2465;0.0000;318;345;-0.0696;0.1204;0.0457;0.0205;0.0401;0.0000;0.8110
354.0;2.2257;2.2738;-0.2285;0.0000;320;347;0.0061;0.1190;0.0472;0.0186;0.0401;0.0000;0.8110
354.5;2.2335;2.2798;-0.2495;0.0000;320;347;-0.0696;0.1146;0.0472;0.0205;0.0401;0.0000;0.8110
355.0;2.2418;2.2857;-0.2750;0.0000;318;347;0.0085;0.1087;0.0472;0.0225;0.0411;0.0000;0.8110
355.5;2.2505;2.2917;-0.3220;0.0000;316;347;-0.0672;0.1028;0.0486;0.0264;0.0411;0.0000;0.8110
356.0;2.2587;2.2976;-0.4060;0.0000;314;349;0.0134;0.0970;0.0486;0.0332;0.0411;0.0000;0.8110
356.5;2.2679;2.3036;-0.3970;0.0000;314;347;0.0134;0.0882;0.0486;0.0332;0.0411;0.0000;0.8110
357.0;2.2770;2.3100;-0.4745;0.0000;310;349;0.0159;0.0809;0.0486;0.0391;0.0411;0.0000;0.8110
357.5;2.2853;2.3159;-0.4405;0.0000;312;349;0.0134;0.0765;0.0501;0.0362;0.0411;0.0000;0.8110
358.0;2.2935;2.3219;-0.3605;0.0000;314;345;-0.0672;0.0706;0.0501;0.0293;0.0420;0.0000;0.8110
358.5;2.3017;2.3278;-0.3040;0.0000;314;343;0.0085;0.0648;0.0501;0.0254;0.0420;0.0000;0.8189
359.0;2.3109;2.3338;-0.2840;0.0000;312;341;0.0085;0.0574;0.0501;0.0235;0.0420;0.0000;0.8189
359.5;2.3201;2.3397;-0.2095;0.0000;312;337;-0.0720;0.0486;0.0501;0.0166;0.0420;0.0000;0.8189
360.0;2.3292;2.3457;-0.3070;0.0000;308;337;-0.1477;0.0413;0.0501;0.0254;0.0420;0.0000;0.8189
360.5;2.3379;2.3516;-0.4390;0.0000;306;341;0.0916;0.0340;0.0501;0.0362;0.0420;0.0000;0.8189
361.0;2.3471;2.3576;-0.4405;0.0000;304;339;0.0134;0.0267;0.0501;0.0362;0.0420;0.0000;0.8189
361.5;2.3562;2.3636;-0.5450;0.0000;300;341;0.0183;0.0179;0.0516;0.0450;0.0430;0.0000;0.8189
362.0;2.3645;2.3700;-0.4885;0.0000;300;339;0.0159;0.0120;0.0516;0.0401;0.0430;0.0000;0.8189
362.5;2.3718;2.3759;-0.5220;0.0000;298;339;0.0965;0.0091;0.0516;0.0430;0.0430;0.0000;0.8189
363.0;2.3782;2.3819;-0.4500;0.0000;298;337;0.0916;0.0091;0.0516;0.0371;0.0430;0.0000;0.8189
363.5;2.3846;2.3878;-0.4660;0.0000;298;337;0.0159;0.0076;0.0516;0.0391;0.0440;0.0000;0.8189
364.0;2.3906;2.3938;-0.4070;0.0000;298;337;0.0916;0.0076;0.0516;0.0332;0.0440;0.0000;0.8189
364.5;2.3965;2.3997;-0.4510;0.0000;298;339;0.0916;0.0076;0.0516;0.0371;0.0440;0.0000;0.8268
365.0;2.4034;2.4057;-0.4215;0.0000;300;339;0.0134;0.0062;0.0516;0.0352;0.0440;0.0000;0.8268
365.5;2.4098;2.4116;-0.3690;0.0000;300;337;0.0891;0.0032;0.0516;0.0303;0.0440;0.0000;0.8268
366.0;2.4167;2.4176;-0.4980;0.0000;298;339;-0.0623;0.0032;0.0516;0.0411;0.0440;0.0000;0.8268
366.5;2.4222;2.4240;-0.3670;0.0000;300;337;-0.0672;0.0032;0.0516;0.0303;0.0450;0.0000;0.8268
367.0;2.4272;2.4299;-0.3220;0.0000;300;335;0.0110;0.0062;0.0516;0.0264;0.0450;0.0000;0.8268
367.5;2.4318;2.4359;-0.2620;0.0000;302;335;0.0085;0.0091;0.0516;0.0215;0.0450;0.0000;0.8268
368.0;2.4359;2.4418;-0.3620;0.0000;302;339;-0.0672;0.0135;0.0516;0.0303;0.0450;0.0000;0.8268
368.5;2.4405;2.4478;-0.3570;0.0000;306;341;0.0891;0.0179;0.0516;0.0293;0.0450;0.0000;0.8268
369.0;2.4455;2.4538;-0.4925;0.0000;302;345;0.0159;0.0193;0.0516;0.0411;0.0450;0.0000;0.8268
369.5;2.4510;2.4597;-0.3965;0.0000;306;343;0.0134;0.0208;0.0516;0.0332;0.0459;0.0000;0.8268
370.0;2.4565;2.4657;-0.2900;0.0000;308;343;0.0867;0.0223;0.0516;0.0235;0.0459;0.0000;0.8268
370.5;2.4611;2.4716;-0.4175;0.0000;306;345;0.0916;0.0252;0.0516;0.0342;0.0459;0.0000;0.8268
371.0;2.4661;2.4776;-0.2585;0.0000;310;343;-0.0696;0.0281;0.0516;0.0215;0.0459;0.0000;0.8346
371.5;2.4712;2.4840;-0.2130;0.0000;312;343;0.0061;0.0311;0.0516;0.0176;0.0459;0.0000;0.8346
372.0;2.4753;2.4899;-0.0760;0.0000;318;343;0.0012;0.0355;0.0516;0.0059;0.0459;0.0000;0.8346
372.5;2.4799;2.4959;-0.1240;0.0000;318;345;0.0818;0.0384;0.0516;0.0098;0.0459;0.0000;0.8346
373.0;2.4853;2.5018;0.0065;0.0000;320;343;0.0769;0.0413;0.0530;-0.0010;0.0459;0.0000;0.8346
373.5;2.4904;2.5078;-0.0875;0.0000;318;345;0.0794;0.0428;0.0530;0.0068;0.0459;0.0000;0.8346
374.0;2.4959;2.5137;-0.0230;0.0000;320;345;-0.0012;0.0442;0.0530;0.0010;0.0459;0.0000;0.8346
374.5;2.5014;2.5197;0.0185;0.0000;322;345;0.0769;0.0457;0.0530;-0.0020;0.0459;0.0000;0.8346
375.0;2.5064;2.5256;0.0570;0.0000;324;347;-0.0037;0.0486;0.0530;-0.0049;0.0459;0.0000;0.8346
375.5;2.5110;2.5316;0.1210;0.0000;327;349;-0.0061;0.0501;0.0530;-0.0108;0.0459;0.0000;0.8346
376.0;2.5156;2.5380;0.2185;0.0000;329;345;0.0696;0.0545;0.0530;-0.0186;0.0459;0.0000;0.8346
376.5;2.5188;2.5440;0.1430;0.0000;329;349;-0.0842;0.0618;0.0545;-0.0127;0.0459;0.0000;0.8346
377.0;2.5234;2.5499;0.1285;0.0000;331;351;0.0720;0.0662;0.0545;-0.0117;0.0459;0.0000;0.8425
377.5;2.5279;2.5559;0.2440;0.0000;335;351;-0.0085;0.0691;0.0545;-0.0205;0.0459;0.0000;0.8425
378.0;2.5325;2.5618;0.1210;0.0000;333;353;-0.0061;0.0721;0.0545;-0.0108;0.0459;0.0000;0.8425
378.5;2.5371;2.5678;0.2150;0.0000;337;355;-0.0085;0.0750;0.0545;-0.0186;0.0459;0.0000;0.8425
379.0;2.5417;2.5737;0.1845;0.0000;339;357;-0.0867;0.0794;0.0560;-0.0156;0.0459;0.0000;0.8425
379.5;2.5472;2.5797;0.2575;0.0000;341;357;0.0672;0.0809;0.0560;-0.0225;0.0450;0.0000;0.8425
380.0;2.5522;2.5856;0.1575;0.0000;337;357;-0.0061;0.0838;0.0560;-0.0137;0.0450;0.0000;0.8346
380.5;2.5563;2.5916;0.2080;0.0000;339;355;-0.0085;0.0867;0.0560;-0.0176;0.0450;0.0000;0.8346
381.0;2.5609;2.5971;0.1120;0.0000;339;357;-0.0842;0.0897;0.0560;-0.0098;0.0450;0.0000;0.8346
381.5;2.5655;2.6030;0.0140;0.0000;337;361;-0.0794;0.0941;0.0574;-0.0020;0.0450;0.0000;0.8268
382.0;2.5691;2.6085;-0.0360;0.0000;339;363;-0.0794;0.0984;0.0574;0.0029;0.0450;0.0000;0.8268
382.5;2.5728;2.6145;-0.1005;0.0000;339;365;-0.0769;0.1028;0.0574;0.0078;0.0450;0.0000;0.8268
383.0;2.5760;2.6200;0.0125;0.0000;341;363;-0.0794;0.1087;0.0589;-0.0020;0.0450;0.0000;0.8189
383.5;2.5792;2.6255;-0.0690;0.0000;341;365;0.0012;0.1146;0.0589;0.0049;0.0450;0.0000;0.8189
384.0;2.5833;2.6310;-0.0600;0.0000;341;365;0.0012;0.1190;0.0589;0.0049;0.0450;0.0000;0.8189
384.5;2.5875;2.6364;-0.1860;0.0000;339;369;-0.0720;0.1219;0.0604;0.0147;0.0450;0.0000;0.8110
385.0;2.5929;2.6419;-0.1505;0.0000;341;369;-0.0745;0.1219;0.0604;0.0117;0.0459;0.0000;0.8110
385.5;2.5984;2.6474;-0.1920;0.0000;341;370;0.0061;0.1204;0.0604;0.0156;0.0459;0.0000;0.8110
386.0;2.6039;2.6525;-0.1130;0.0000;343;369;-0.0745;0.1204;0.0618;0.0088;0.0459;0.0000;0.8031
386.5;2.6108;2.6580;-0.1125;0.0000;343;369;0.0037;0.1175;0.0618;0.0088;0.0459;0.0000;0.8031
387.0;2.6186;2.6630;-0.2695;0.0000;337;369;-0.0696;0.1102;0.0618;0.0225;0.0459;0.0000;0.8031
387.5;2.6259;2.6680;-0.1470;0.0000;339;365;0.0037;0.1058;0.0618;0.0117;0.0459;0.0000;0.7953
388.0;2.6332;2.6731;-0.2460;0.0000;335;365;-0.0720;0.0999;0.0633;0.0205;0.0459;0.0000;0.7953
388.5;2.6419;2.6781;-0.2160;0.0000;335;363;-0.0720;0.0897;0.0633;0.0176;0.0459;0.0000;0.7953
389.0;2.6516;2.6832;-0.3575;0.0000;329;363;-0.0672;0.0779;0.0633;0.0293;0.0459;0.0000;0.7874
389.5;2.6607;2.6882;-0.1895;0.0000;331;359;-0.0720;0.0691;0.0633;0.0156;0.0459;0.0000;0.7874
390.0;2.6690;2.6932;-0.3675;0.0000;327;359;-0.0672;0.0604;0.0648;0.0303;0.0459;0.0000;0.7874
390.5;2.6763;2.6978;-0.3900;0.0000;324;357;-0.0647;0.0530;0.0648;0.0323;0.0469;0.0000;0.7795
391.0;2.6836;2.7028;-0.3020;0.0000;324;353;-0.0696;0.0472;0.0648;0.0244;0.0469;0.0000;0.7795
391.5;2.6900;2.7074;-0.3390;0.0000;320;351;0.0110;0.0428;0.0648;0.0283;0.0469;0.0000;0.7795
392.0;2.6973;2.7125;-0.2845;0.0000;320;349;0.0085;0.0369;0.0648;0.0235;0.0469;0.0000;0.7717
392.5;2.7051;2.7170;-0.4660;0.0000;314;351;0.0940;0.0281;0.0648;0.0391;0.0469;0.0000;0.7717
393.0;2.7120;2.7216;-0.4300;0.0000;314;351;0.1697;0.0223;0.0648;0.0352;0.0469;0.0000;0.7717
393.5;2.7189;2.7262;-0.5805;0.0000;308;353;0.1746;0.0179;0.0648;0.0479;0.0479;0.0000;0.7638
394.0;2.7253;2.7303;-0.4425;0.0000;308;347;0.0134;0.0135;0.0648;0.0371;0.0479;0.0000;0.7638
394.5;2.7317;2.7349;-0.4475;0.0000;306;345;0.0916;0.0076;0.0648;0.0371;0.0479;0.0000;0.7638
395.0;2.7376;2.7395;-0.4630;0.0000;302;341;0.0159;0.0032;0.0648;0.0381;0.0479;0.0000;0.7559
395.5;2.7431;2.7436;-0.4135;0.0000;302;341;0.0916;0.0018;0.0648;0.0342;0.0479;0.0000;0.7559
396.0;2.7477;2.7482;-0.5060;0.0000;298;341;0.0940;0.0003;0.0648;0.0420;0.0489;0.0000;0.7559
396.5;2.7518;2.7523;-0.4365;0.0000;300;341;0.0916;0.0003;0.0648;0.0362;0.0489;0.0000;0.7480
397.0;2.7541;2.7564;-0.4480;0.0000;300;341;-0.0647;0.0062;0.0648;0.0371;0.0489;0.0000;0.7480
397.5;2.7560;2.7605;-0.2795;0.0000;302;337;0.0085;0.0105;0.0648;0.0235;0.0489;0.0000;0.7480
398.0;2.7582;2.7647;-0.2570;0.0000;304;337;-0.0696;0.0149;0.0648;0.0215;0.0489;0.0000;0.7402
398.5;2.7601;2.7688;-0.2265;0.0000;304;335;0.0842;0.0208;0.0662;0.0186;0.0489;0.0000;0.7402
399.0;2.7624;2.7729;-0.3270;0.0000;302;337;0.0110;0.0252;0.0662;0.0274;0.0489;0.0000;0.7402
399.5;2.7651;2.7766;-0.2845;0.0000;304;337;0.0085;0.0281;0.0662;0.0235;0.0499;0.0000;0.7323
400.0;2.7660;2.7807;-0.1840;0.0000;308;337;0.0842;0.0355;0.0662;0.0147;0.0499;0.0000;0.7323
400.5;2.7683;2.7843;-0.2765;0.0000;306;339;0.0085;0.0398;0.0662;0.0225;0.0499;0.0000;0.7323
401.0;2.7697;2.7885;-0.1700;0.0000;310;337;0.0818;0.0457;0.0662;0.0137;0.0499;0.0000;0.7244
401.5;2.7715;2.7921;-0.1885;0.0000;308;337;0.0842;0.0516;0.0662;0.0156;0.0499;0.0000;0.7244
402.0;2.7738;2.7958;0.0260;0.0000;312;333;-0.0012;0.0545;0.0662;-0.0029;0.0499;0.0000;0.7244
402.5;2.7761;2.7995;0.0300;0.0000;312;333;-0.0012;0.0574;0.0662;-0.0029;0.0499;0.0000;0.7165
403.0;2.7798;2.8031;0.2205;0.0000;318;331;-0.0085;0.0574;0.0677;-0.0186;0.0499;0.0000;0.7165
403.5;2.7830;2.8063;0.0890;0.0000;314;333;-0.0037;0.0574;0.0677;-0.0078;0.0499;0.0000;0.7165
404.0;2.7866;2.8100;0.0805;0.0000;316;335;-0.0037;0.0574;0.0677;-0.0068;0.0499;0.0000;0.7087
404.5;2.7894;2.8136;0.3085;0.0000;318;329;0.0672;0.0604;0.0677;-0.0264;0.0499;0.0000;0.7087
405.0;2.7917;2.8168;0.3650;0.0000;318;327;-0.0134;0.0618;0.0677;-0.0313;0.0489;0.0000;0.7008
405.5;2.7944;2.8201;0.5480;0.0000;322;324;-0.0208;0.0648;0.0677;-0.0469;0.0489;0.0000;0.7008
406.0;2.7976;2.8237;0.3835;0.0000;318;327;0.0623;0.0648;0.0691;-0.0323;0.0489;0.0000;0.7008
406.5;2.8013;2.8269;0.4030;0.0000;318;327;0.0623;0.0633;0.0691;-0.0342;0.0489;0.0000;0.6929
407.0;2.8049;2.8301;0.2150;0.0000;314;329;-0.0085;0.0618;0.0691;-0.0186;0.0489;0.0000;0.6929
407.5;2.8082;2.8333;0.3685;0.0000;318;327;-0.0134;0.0618;0.0691;-0.0313;0.0489;0.0000;0.6929
408.0;2.8118;2.8361;0.3455;0.0000;316;327;0.0647;0.0604;0.0691;-0.0293;0.0489;0.0000;0.6850
408.5;2.8150;2.8393;0.5775;0.0000;320;322;-0.0208;0.0604;0.0691;-0.0489;0.0479;0.0000;0.6850
409.0;2.8182;2.8425;0.5650;0.0000;318;320;-0.0208;0.0604;0.0706;-0.0479;0.0479;0.0000;0.6850
409.5;2.8205;2.8452;0.4325;0.0000;316;322;-0.0940;0.0618;0.0706;-0.0371;0.0479;0.0000;0.6772
410.0;2.8233;2.8480;0.5595;0.0000;320;320;-0.0989;0.0618;0.0706;-0.0479;0.0479;0.0000;0.6772
410.5;2.8265;2.8512;0.4350;0.0000;316;322;0.0623;0.0604;0.0706;-0.0371;0.0469;0.0000;0.6772
411.0;2.8283;2.8539;0.3815;0.0000;316;324;-0.0134;0.0633;0.0706;-0.0323;0.0469;0.0000;0.6693
411.5;2.8315;2.8567;0.0620;0.0000;308;329;-0.0037;0.0618;0.0706;-0.0059;0.0469;0.0000;0.6693
412.0;2.8347;2.8594;0.0475;0.0000;308;327;-0.0037;0.0604;0.0721;-0.0049;0.0469;0.0000;0.6614
412.5;2.8370;2.8617;-0.1930;0.0000;300;331;-0.0720;0.0604;0.0721;0.0156;0.0469;0.0000;0.6614
413.0;2.8402;2.8645;-0.0615;0.0000;302;327;-0.0769;0.0604;0.0721;0.0049;0.0469;0.0000;0.6614
413.5;2.8434;2.8672;-0.0740;0.0000;302;327;-0.0769;0.0574;0.0721;0.0059;0.0469;0.0000;0.6535
414.0;2.8466;2.8695;-0.2800;0.0000;298;331;-0.0696;0.0560;0.0721;0.0235;0.0469;0.0000;0.6535
414.5;2.8503;2.8718;-0.3765;0.0000;296;331;-0.0672;0.0530;0.0721;0.0313;0.0479;0.0000;0.6535
415.0;2.8539;2.8745;-0.4685;0.0000;294;333;0.0940;0.0501;0.0735;0.0391;0.0479;0.0000;0.6457
415.5;2.8567;2.8768;-0.2760;0.0000;294;327;0.0867;0.0501;0.0735;0.0225;0.0479;0.0000;0.6457
416.0;2.8608;2.8791;-0.2630;0.0000;294;326;-0.0696;0.0442;0.0735;0.0215;0.0479;0.0000;0.6457
416.5;2.8663;2.8814;-0.0610;0.0000;296;320;-0.0769;0.0369;0.0735;0.0049;0.0479;0.0000;0.6378
417.0;2.8718;2.8837;-0.3065;0.0000;290;322;-0.0696;0.0281;0.0735;0.0254;0.0479;0.0000;0.6378
417.5;2.8768;2.8855;-0.2015;0.0000;290;320;0.0061;0.0208;0.0735;0.0166;0.0479;0.0000;0.6299
418.0;2.8819;2.8878;-0.3885;0.0000;284;320;0.0134;0.0149;0.0735;0.0323;0.0479;0.0000;0.6299
418.5;2.8864;2.8897;-0.2815;0.0000;284;318;0.0867;0.0076;0.0735;0.0235;0.0489;0.0000;0.6299
419.0;2.8910;2.8919;-0.2255;0.0000;283;314;0.0842;0.0003;0.0735;0.0186;0.0489;0.0000;0.6220
419.5;2.8951;2.8938;-0.3465;0.0000;277;314;0.1673;-0.0041;0.0735;0.0283;0.0489;0.0000;0.6220
420.0;2.8984;2.8956;-0.3215;0.0000;277;312;0.0891;-0.0085;0.0735;0.0264;0.0489;0.0000;0.6220
420.5;2.9025;2.8974;-0.3530;0.0000;273;310;0.0891;-0.0129;0.0735;0.0293;0.0489;0.0000;0.6142
421.0;2.9057;2.8993;-0.1500;0.0000;275;306;0.0818;-0.0173;0.0735;0.0117;0.0489;0.0000;0.6142
421.5;2.9089;2.9011;-0.2645;0.0000;273;306;0.0085;-0.0202;0.0735;0.0215;0.0489;0.0000;0.6063
422.0;2.9116;2.9029;-0.0030;0.0000;277;300;-0.0012;-0.0231;0.0735;-0.0000;0.0489;0.0000;0.6063
422.5;2.9139;2.9043;-0.0560;0.0000;273;300;0.0794;-0.0246;0.0735;0.0039;0.0489;0.0000;0.6063
423.0;2.9148;2.9061;0.0065;0.0000;273;296;-0.0794;-0.0231;0.0735;-0.0010;0.0489;0.0000;0.5984
423.5;2.9153;2.9075;-0.0870;0.0000;271;296;0.0012;-0.0202;0.0735;0.0068;0.0489;0.0000;0.5984
424.0;2.9167;2.9089;0.0005;0.0000;271;294;0.0769;-0.0202;0.0735;-0.0010;0.0489;0.0000;0.5984
424.5;2.9180;2.9103;0.0295;0.0000;271;294;-0.0012;-0.0188;0.0735;-0.0029;0.0489;0.0000;0.5906
425.0;2.9190;2.9121;-0.1295;0.0000;267;296;0.0037;-0.0173;0.0735;0.0108;0.0489;0.0000;0.5906
425.5;2.9199;2.9130;-0.0800;0.0000;269;296;0.0794;-0.0173;0.0735;0.0059;0.0489;0.0000;0.5827
426.0;2.9203;2.9144;-0.2040;0.0000;265;298;0.0842;-0.0158;0.0735;0.0166;0.0499;0.0000;0.5827
426.5;2.9199;2.9158;0.1625;0.0000;273;292;0.0720;-0.0114;0.0721;-0.0137;0.0489;0.0000;0.5827
427.0;2.9190;2.9171;0.1740;0.0000;271;290;-0.0085;-0.0056;0.0721;-0.0147;0.0489;0.0000;0.5748
427.5;2.9176;2.9180;0.4505;0.0000;277;284;-0.0159;0.0003;0.0721;-0.0381;0.0489;0.0000;0.5748
428.0;2.9171;2.9194;0.3600;0.0000;277;286;0.0647;0.0047;0.0735;-0.0303;0.0489;0.0000;0.5748
428.5;2.9167;2.9203;0.3280;0.0000;275;288;0.0647;0.0091;0.0735;-0.0283;0.0489;0.0000;0.5669
429.0;2.9171;2.9212;0.4640;0.0000;279;286;-0.0183;0.0091;0.0735;-0.0391;0.0489;0.0000;0.5669
429.5;2.9167;2.9222;0.4780;0.0000;279;286;-0.0965;0.0120;0.0735;-0.0411;0.0479;0.0000;0.5591
430.0;2.9167;2.9231;0.6495;0.0000;283;283;0.0549;0.0149;0.0735;-0.0547;0.0479;0.0000;0.5591
430.5;2.9176;2.9240;0.4235;0.0000;277;284;-0.0159;0.0149;0.0735;-0.0362;0.0479;0.0000;0.5591
431.0;2.9176;2.9249;0.6060;0.0000;279;281;0.0549;0.0179;0.0735;-0.0518;0.0479;0.0000;0.5512
431.5;2.9167;2.9254;0.3920;0.0000;275;284;-0.0940;0.0208;0.0735;-0.0332;0.0479;0.0000;0.5512
432.0;2.9153;2.9263;0.5515;0.0000;279;283;0.0574;0.0267;0.0735;-0.0469;0.0469;0.0000;0.5433
432.5;2.9148;2.9267;0.5400;0.0000;281;283;-0.0208;0.0296;0.0735;-0.0459;0.0469;0.0000;0.5433
433.0;2.9139;2.9277;0.7585;0.0000;284;279;0.0501;0.0325;0.0735;-0.0645;0.0469;0.0000;0.5433
433.5;2.9125;2.9281;0.6130;0.0000;281;281;-0.0208;0.0384;0.0735;-0.0518;0.0469;0.0000;0.5354
434.0;2.9103;2.9286;0.5560;0.0000;279;283;-0.0208;0.0457;0.0735;-0.0469;0.0459;0.0000;0.5354
434.5;2.9080;2.9290;0.7120;0.0000;284;279;-0.0256;0.0516;0.0735;-0.0606;0.0459;0.0000;0.5354
435.0;2.9066;2.9295;0.6515;0.0000;284;281;-0.0232;0.0560;0.0750;-0.0547;0.0459;0.0000;0.5276
435.5;2.9052;2.9299;0.7785;0.0000;286;279;-0.0281;0.0604;0.0750;-0.0655;0.0450;0.0000;0.5276
436.0;2.9034;2.9299;0.5235;0.0000;283;284;-0.0183;0.0662;0.0750;-0.0450;0.0450;0.0000;0.5197
436.5;2.9016;2.9304;0.5685;0.0000;284;284;0.0574;0.0721;0.0750;-0.0479;0.0450;0.0000;0.5197
437.0;2.9002;2.9304;0.3795;0.0000;281;288;-0.0134;0.0750;0.0750;-0.0323;0.0450;0.0000;0.5197
437.5;2.8979;2.9304;0.4385;0.0000;281;286;-0.0940;0.0809;0.0765;-0.0371;0.0450;0.0000;0.5118
438.0;2.8965;2.9309;0.3185;0.0000;281;288;-0.0916;0.0853;0.0765;-0.0274;0.0440;0.0000;0.5118
438.5;2.8956;2.9309;0.1355;0.0000;277;292;-0.0842;0.0867;0.0765;-0.0117;0.0440;0.0000;0.5039
439.0;2.8951;2.9309;0.0585;0.0000;277;294;-0.0037;0.0882;0.0765;-0.0059;0.0440;0.0000;0.5039
439.5;2.8951;2.9309;-0.0545;0.0000;275;296;0.0012;0.0882;0.0779;0.0039;0.0440;0.0000;0.5039
440.0;2.8951;2.9304;0.1900;0.0000;279;292;-0.0085;0.0882;0.0779;-0.0166;0.0440;0.0000;0.5039
440.5;2.8956;2.9304;0.1450;0.0000;277;292;-0.0842;0.0867;0.0779;-0.0127;0.0440;0.0000;0.4961
441.0;2.8979;2.9304;0.2375;0.0000;279;290;-0.0085;0.0794;0.0779;-0.0205;0.0440;0.0000;0.4961
441.5;2.9016;2.9299;0.0830;0.0000;273;290;-0.0037;0.0706;0.0779;-0.0078;0.0440;0.0000;0.4961
442.0;2.9061;2.9299;0.1045;0.0000;273;288;-0.0061;0.0589;0.0794;-0.0098;0.0440;0.0000;0.4961
442.5;2.9098;2.9295;-0.0650;0.0000;267;288;0.0012;0.0486;0.0794;0.0049;0.0440;0.0000;0.4882
443.0;2.9125;2.9290;0.1135;0.0000;269;284;-0.0842;0.0398;0.0794;-0.0098;0.0440;0.0000;0.4882
443.5;2.9148;2.9286;0.1715;0.0000;267;281;-0.0061;0.0325;0.0794;-0.0147;0.0440;0.0000;0.4882
444.0;2.9176;2.9281;0.0390;0.0000;263;283;-0.0037;0.0252;0.0794;-0.0039;0.0440;0.0000;0.4882
444.5;2.9203;2.9277;0.0290;0.0000;259;281;-0.0012;0.0164;0.0794;-0.0029;0.0440;0.0000;0.4803
445.0;2.9231;2.9267;-0.0640;0.0000;255;279;0.0794;0.0091;0.0794;0.0049;0.0440;0.0000;0.4803
445.5;2.9254;2.9263;0.0560;0.0000;255;275;0.0745;0.0018;0.0794;-0.0049;0.0440;0.0000;0.4803
446.0;2.9272;2.9254;0.0505;0.0000;251;273;0.0745;-0.0056;0.0794;-0.0049;0.0440;0.0000;0.4803
446.5;2.9290;2.9249;0.2015;0.0000;253;269;0.1477;-0.0114;0.0794;-0.0176;0.0440;0.0000;0.4724
447.0;2.9295;2.9240;0.1070;0.0000;249;269;0.0720;-0.0144;0.0794;-0.0098;0.0440;0.0000;0.4724
447.5;2.9299;2.9231;0.2405;0.0000;251;265;0.0696;-0.0173;0.0794;-0.0205;0.0440;0.0000;0.4724
448.0;2.9299;2.9222;0.1280;0.0000;247;267;0.1502;-0.0202;0.0794;-0.0117;0.0440;0.0000;0.4724
448.5;2.9299;2.9212;0.1760;0.0000;245;263;-0.0085;-0.0217;0.0794;-0.0156;0.0440;0.0000;0.4724
449.0;2.9286;2.9203;0.1860;0.0000;245;261;0.0696;-0.0217;0.0794;-0.0166;0.0430;0.0000;0.4646
449.5;2.9272;2.9194;0.1675;0.0000;243;261;0.0720;-0.0202;0.0794;-0.0147;0.0430;0.0000;0.4646
450.0;2.9258;2.9180;0.0630;0.0000;243;263;-0.0037;-0.0202;0.0794;-0.0059;0.0430;0.0000;0.4646
450.5;2.9254;2.9171;0.0690;0.0000;241;263;-0.0037;-0.0217;0.0794;-0.0059;0.0430;0.0000;0.4646
451.0;2.9245;2.9158;0.1890;0.0000;243;261;0.0696;-0.0231;0.0794;-0.0166;0.0430;0.0000;0.4567
451.5;2.9226;2.9144;0.0915;0.0000;241;261;-0.0037;-0.0202;0.0779;-0.0078;0.0430;0.0000;0.4567
452.0;2.9208;2.9130;0.1960;0.0000;241;257;0.0696;-0.0188;0.0779;-0.0166;0.0430;0.0000;0.4567
452.5;2.9185;2.9121;0.0635;0.0000;239;261;0.0745;-0.0173;0.0779;-0.0059;0.0430;0.0000;0.4567
453.0;2.9162;2.9103;0.1855;0.0000;241;257;-0.0085;-0.0144;0.0779;-0.0156;0.0430;0.0000;0.4488
453.5;2.9144;2.9089;0.3395;0.0000;243;253;-0.0134;-0.0144;0.0779;-0.0293;0.0430;0.0000;0.4488
454.0;2.9125;2.9075;0.4970;0.0000;247;249;-0.0183;-0.0129;0.0779;-0.0420;0.0430;0.0000;0.4488
454.5;2.9093;2.9061;0.4885;0.0000;247;249;-0.0965;-0.0100;0.0779;-0.0420;0.0420;0.0000;0.4488
455.0;2.9061;2.9043;0.4665;0.0000;247;251;-0.0183;-0.0056;0.0779;-0.0401;0.0420;0.0000;0.4409
455.5;2.9038;2.9029;0.5490;0.0000;247;249;0.0574;-0.0026;0.0779;-0.0469;0.0420;0.0000;0.4409
456.0;2.9011;2.9011;0.4760;0.0000;245;249;-0.0183;-0.0012;0.0779;-0.0401;0.0420;0.0000;0.4409
456.5;2.8984;2.8993;0.6150;0.0000;247;247;0.0549;0.0018;0.0779;-0.0518;0.0420;0.0000;0.4409
457.0;2.8951;2.8974;0.5565;0.0000;247;249;0.1355;0.0047;0.0779;-0.0469;0.0411;0.0000;0.4331
457.5;2.8915;2.8956;0.6980;0.0000;251;245;-0.0256;0.0105;0.0779;-0.0596;0.0411;0.0000;0.4331
458.0;2.8878;2.8938;0.7135;0.0000;251;247;-0.0256;0.0135;0.0779;-0.0606;0.0411;0.0000;0.4331
458.5;2.8842;2.8919;0.7285;0.0000;253;245;-0.1038;0.0179;0.0779;-0.0616;0.0401;0.0000;0.4331
459.0;2.8814;2.8897;0.6955;0.0000;251;247;0.0525;0.0193;0.0779;-0.0587;0.0401;0.0000;0.4252
459.5;2.8782;2.8878;0.7385;0.0000;251;245;0.0501;0.0223;0.0779;-0.0626;0.0401;0.0000;0.4252
460.0;2.8755;2.8855;0.6855;0.0000;251;247;0.0525;0.0237;0.0794;-0.0577;0.0391;0.0000;0.4252
460.5;2.8727;2.8837;0.5985;0.0000;249;249;0.0549;0.0267;0.0794;-0.0508;0.0391;0.0000;0.4252
461.0;2.8686;2.8814;0.6850;0.0000;251;247;-0.0256;0.0311;0.0794;-0.0577;0.0391;0.0000;0.4173
461.5;2.8640;2.8791;0.6630;0.0000;251;247;-0.1013;0.0369;0.0794;-0.0557;0.0391;0.0000;0.4173
462.0;2.8603;2.8768;0.6480;0.0000;251;247;-0.0232;0.0398;0.0794;-0.0547;0.0381;0.0000;0.4173
462.5;2.8571;2.8745;0.6050;0.0000;251;249;-0.0208;0.0428;0.0794;-0.0508;0.0381;0.0000;0.4094
463.0;2.8539;2.8718;0.4880;0.0000;249;251;-0.0965;0.0442;0.0794;-0.0411;0.0381;0.0000;0.4094
463.5;2.8507;2.8695;0.3700;0.0000;247;253;-0.0134;0.0457;0.0794;-0.0313;0.0381;0.0000;0.4094
464.0;2.8475;2.8672;0.3940;0.0000;247;251;0.0623;0.0472;0.0794;-0.0332;0.0381;0.0000;0.4094
464.5;2.8443;2.8645;0.3065;0.0000;245;253;-0.0110;0.0501;0.0809;-0.0264;0.0371;0.0000;0.4016
465.0;2.8425;2.8617;0.2600;0.0000;245;255;-0.0110;0.0486;0.0809;-0.0225;0.0371;0.0000;0.4016
465.5;2.8416;2.8594;0.2740;0.0000;245;253;-0.0110;0.0442;0.0809;-0.0235;0.0371;0.0000;0.4016
466.0;2.8411;2.8567;0.1860;0.0000;241;253;-0.0085;0.0369;0.0809;-0.0166;0.0371;0.0000;0.4016
466.5;2.8416;2.8539;0.2505;0.0000;241;249;-0.0110;0.0296;0.0809;-0.0215;0.0371;0.0000;0.3937
467.0;2.8416;2.8512;0.2065;0.0000;239;247;-0.0867;0.0223;0.0809;-0.0176;0.0371;0.0000;0.3937
467.5;2.8429;2.8480;0.3000;0.0000;239;243;-0.0891;0.0120;0.0809;-0.0254;0.0371;0.0000;0.3937
468.0;2.8439;2.8452;0.2860;0.0000;238;241;-0.0110;0.0032;0.0809;-0.0244;0.0371;0.0000;0.3937
468.5;2.8448;2.8425;0.3095;0.0000;236;239;-0.0891;-0.0070;0.0809;-0.0264;0.0371;0.0000;0.3858
469.0;2.8457;2.8393;0.2520;0.0000;232;238;-0.0110;-0.0173;0.0809;-0.0215;0.0362;0.0000;0.3858
469.5;2.8471;2.8361;0.2155;0.0000;228;236;-0.0085;-0.0275;0.0809;-0.0186;0.0362;0.0000;0.3858
470.0;2.8471;2.8333;0.3195;0.0000;226;230;0.0647;-0.0363;0.0809;-0.0274;0.0362;0.0000;0.3858
470.5;2.8480;2.8301;0.2310;0.0000;222;230;-0.0085;-0.0451;0.0809;-0.0196;0.0362;0.0000;0.3780
471.0;2.8480;2.8269;0.3230;0.0000;222;224;-0.0134;-0.0539;0.0809;-0.0274;0.0362;0.0000;0.3780
471.5;2.8480;2.8237;0.2995;0.0000;218;224;0.1453;-0.0627;0.0794;-0.0254;0.0362;0.0000;0.3780
472.0;2.8494;2.8201;0.3255;0.0000;216;222;0.0647;-0.0744;0.0794;-0.0283;0.0362;0.0000;0.3701
472.5;2.8507;2.8168;0.3370;0.0000;212;218;0.0647;-0.0847;0.0794;-0.0283;0.0362;0.0000;0.3701
473.0;2.8507;2.8136;0.4325;0.0000;210;214;0.0623;-0.0949;0.0794;-0.0371;0.0352;0.0000;0.3701
473.5;2.8512;2.8100;0.3720;0.0000;206;212;-0.0134;-0.1037;0.0779;-0.0313;0.0352;0.0000;0.3701
474.0;2.8516;2.8063;0.3275;0.0000;204;210;-0.0134;-0.1125;0.0779;-0.0283;0.0352;0.0000;0.3622
474.5;2.8507;2.8031;0.2870;0.0000;200;206;-0.0110;-0.1213;0.0779;-0.0244;0.0352;0.0000;0.3622
475.0;2.8498;2.7995;0.2110;0.0000;196;206;-0.0085;-0.1272;0.0779;-0.0186;0.0352;0.0000;0.3622
475.5;2.8480;2.7958;0.2970;0.0000;196;202;-0.0110;-0.1316;0.0765;-0.0254;0.0352;0.0000;0.3543
476.0;2.8457;2.7921;0.2200;0.0000;193;202;0.0696;-0.1345;0.0765;-0.0186;0.0352;0.0000;0.3543
476.5;2.8420;2.7885;0.2750;0.0000;193;198;-0.0110;-0.1360;0.0750;-0.0235;0.0342;0.0000;0.3543
477.0;2.8384;2.7843;0.1385;0.0000;189;200;-0.0061;-0.1360;0.0750;-0.0117;0.0342;0.0000;0.3543
477.5;2.8342;2.7807;0.2665;0.0000;189;196;0.0672;-0.1345;0.0750;-0.0225;0.0342;0.0000;0.3465
478.0;2.8297;2.7766;0.3030;0.0000;189;196;-0.0110;-0.1330;0.0735;-0.0264;0.0342;0.0000;0.3465
478.5;2.8251;2.7729;0.4480;0.0000;191;193;0.0623;-0.1316;0.0735;-0.0381;0.0342;0.0000;0.3465
479.0;2.8205;2.7688;0.5335;0.0000;193;189;-0.0208;-0.1301;0.0735;-0.0450;0.0342;0.0000;0.3465
479.5;2.8150;2.7647;0.4485;0.0000;191;191;0.0623;-0.1257;0.0721;-0.0381;0.0342;0.0000;0.3386
480.0;2.8091;2.7605;0.6645;0.0000;193;187;0.0549;-0.1228;0.0721;-0.0567;0.0332;0.0000;0.3386
480.5;2.8040;2.7564;0.6170;0.0000;193;187;-0.0232;-0.1198;0.0721;-0.0528;0.0332;0.0000;0.3386
481.0;2.7999;2.7523;0.7390;0.0000;195;185;-0.0281;-0.1198;0.0706;-0.0626;0.0332;0.0000;0.3307
481.5;2.7944;2.7482;0.6295;0.0000;193;185;-0.0232;-0.1169;0.0706;-0.0538;0.0323;0.0000;0.3307
482.0;2.7885;2.7436;0.7755;0.0000;195;181;-0.1062;-0.1125;0.0706;-0.0655;0.0323;0.0000;0.3307
482.5;2.7821;2.7395;0.6650;0.0000;193;183;-0.1038;-0.1067;0.0691;-0.0567;0.0323;0.0000;0.3307
483.0;2.7752;2.7349;0.6940;0.0000;193;183;-0.0256;-0.1008;0.0691;-0.0587;0.0313;0.0000;0.3228
483.5;2.7688;2.7303;0.7715;0.0000;195;183;0.0501;-0.0964;0.0691;-0.0655;0.0313;0.0000;0.3228
484.0;2.7628;2.7262;0.7720;0.0000;195;183;0.0501;-0.0920;0.0691;-0.0655;0.0313;0.0000;0.3228
484.5;2.7560;2.7216;0.8625;0.0000;196;181;-0.0305;-0.0876;0.0677;-0.0733;0.0303;0.0000;0.3150
485.0;2.7495;2.7170;0.7945;0.0000;195;183;0.0501;-0.0817;0.0677;-0.0674;0.0303;0.0000;0.3150
485.5;2.7431;2.7125;0.8680;0.0000;196;181;-0.0330;-0.0774;0.0677;-0.0733;0.0303;0.0000;0.3150
486.0;2.7372;2.7074;0.7660;0.0000;195;183;-0.0281;-0.0744;0.0677;-0.0645;0.0293;0.0000;0.3150
486.5;2.7317;2.7028;0.8760;0.0000;196;181;0.0452;-0.0730;0.0677;-0.0743;0.0293;0.0000;0.3071
487.0;2.7138;2.6978;0.6985;0.0000;200;179;-0.0256;-0.0407;0.0662;-0.0596;0.0293;0.0000;0.3071
487.5;2.7005;2.6932;0.6835;0.0000;202;183;0.0525;-0.0188;0.0662;-0.0577;0.0283;0.0000;0.3071
488.0;2.6905;2.6882;0.5605;0.0000;204;189;-0.0208;-0.0070;0.0662;-0.0479;0.0283;0.0000;0.2992
488.5;2.6818;2.6832;0.5800;0.0000;206;191;-0.0208;0.0032;0.0662;-0.0489;0.0283;0.0000;0.2992
489.0;2.6735;2.6781;0.6635;0.0000;208;191;-0.0256;0.0105;0.0662;-0.0567;0.0283;0.0000;0.2992
489.5;2.6658;2.6731;0.6910;0.0000;210;191;-0.0256;0.0179;0.0662;-0.0587;0.0274;0.0000;0.2913
490.0;2.6584;2.6680;0.6585;0.0000;210;193;-0.1038;0.0237;0.0677;-0.0557;0.0274;0.0000;0.2913
490.5;2.6529;2.6630;0.4620;0.0000;206;198;0.0623;0.0237;0.0677;-0.0391;0.0274;0.0000;0.2913
491.0;2.6479;2.6580;0.5150;0.0000;206;196;-0.0183;0.0237;0.0677;-0.0440;0.0274;0.0000;0.2913
491.5;2.6433;2.6525;0.3270;0.0000;202;200;-0.0916;0.0223;0.0677;-0.0283;0.0274;0.0000;0.2835
492.0;2.6392;2.6474;0.3820;0.0000;202;196;-0.0159;0.0193;0.0677;-0.0323;0.0264;0.0000;0.2835
492.5;2.6351;2.6419;0.2960;0.0000;200;198;0.0672;0.0164;0.0677;-0.0254;0.0264;0.0000;0.2835
493.0;2.6323;2.6364;0.1765;0.0000;196;198;-0.0085;0.0091;0.0677;-0.0156;0.0264;0.0000;0.2756
493.5;2.6305;2.6310;0.0250;0.0000;193;198;-0.0794;0.0018;0.0677;-0.0029;0.0264;0.0000;0.2756
494.0;2.6291;2.6255;0.0100;0.0000;191;196;-0.0794;-0.0100;0.0677;-0.0010;0.0264;0.0000;0.2756
494.5;2.6277;2.6200;0.1060;0.0000;189;193;-0.0061;-0.0202;0.0677;-0.0098;0.0264;0.0000;0.2677
495.0;2.6277;2.6145;0.0055;0.0000;185;193;-0.0794;-0.0349;0.0677;-0.0010;0.0264;0.0000;0.2677
495.5;2.6277;2.6085;0.1180;0.0000;183;187;-0.0842;-0.0481;0.0677;-0.0108;0.0264;0.0000;0.2677
496.0;2.6273;2.6030;-0.0355;0.0000;177;185;0.0012;-0.0612;0.0662;0.0029;0.0264;0.0000;0.2677
496.5;2.6268;2.5971;0.0895;0.0000;175;181;-0.0037;-0.0744;0.0662;-0.0078;0.0264;0.0000;0.2598
497.0;2.6264;2.5916;-0.0065;0.0000;169;179;-0.0012;-0.0876;0.0662;-0.0000;0.0264;0.0000;0.2598
497.5;2.6259;2.5856;0.1345;0.0000;169;171;-0.0061;-0.1008;0.0662;-0.0117;0.0264;0.0000;0.2598
498.0;2.6250;2.5797;0.2080;0.0000;167;167;-0.0085;-0.1140;0.0648;-0.0176;0.0264;0.0000;0.2520
498.5;2.6245;2.5737;0.1895;0.0000;163;165;0.0696;-0.1272;0.0648;-0.0166;0.0264;0.0000;0.2520
499.0;2.6236;2.5678;0.1415;0.0000;157;163;0.0720;-0.1403;0.0648;-0.0127;0.0264;0.0000;0.2520
499.5;2.6232;2.5618;0.1480;0.0000;153;159;0.1502;-0.1550;0.0633;-0.0127;0.0264;0.0000;0.2520
500.0;2.6218;2.5559;0.3195;0.0000;153;153;-0.0134;-0.1653;0.0633;-0.0274;0.0264;0.0000;0.2520
500.5;2.6195;2.5499;0.2390;0.0000;150;152;0.0696;-0.1755;0.0618;-0.0205;0.0254;0.0000;0.2441
501.0;2.6163;2.5440;0.4265;0.0000;150;146;-0.0159;-0.1828;0.0618;-0.0362;0.0254;0.0000;0.2441
501.5;2.6131;2.5380;0.3410;0.0000;146;146;0.1429;-0.1887;0.0604;-0.0293;0.0254;0.0000;0.2441
502.0;2.6090;2.5316;0.3980;0.0000;144;144;-0.0159;-0.1931;0.0604;-0.0342;0.0254;0.0000;0.2441
502.5;2.6053;2.5256;0.3855;0.0000;144;142;0.0647;-0.1989;0.0589;-0.0332;0.0254;0.0000;0.2441
503.0;2.6003;2.5197;0.4630;0.0000;142;140;-0.0183;-0.2019;0.0589;-0.0391;0.0254;0.0000;0.2441
503.5;2.5943;2.5137;0.3310;0.0000;138;140;-0.0134;-0.2019;0.0574;-0.0283;0.0244;0.0000;0.2441
504.0;2.5879;2.5078;0.2405;0.0000;136;140;0.0696;-0.2019;0.0574;-0.0205;0.0244;0.0000;0.2441
504.5;2.5815;2.5018;0.2980;0.0000;136;140;0.1453;-0.2004;0.0560;-0.0254;0.0244;0.0000;0.2441
505.0;2.5742;2.4959;0.2670;0.0000;136;140;-0.0110;-0.1975;0.0545;-0.0225;0.0244;0.0000;0.2441
505.5;2.5664;2.4899;0.3490;0.0000;136;138;-0.0134;-0.1931;0.0545;-0.0303;0.0244;0.0000;0.2441
506.0;2.5595;2.4840;0.2900;0.0000;136;140;0.0672;-0.1902;0.0530;-0.0244;0.0244;0.0000;0.2441
506.5;2.5536;2.4776;0.3645;0.0000;136;138;-0.0134;-0.1902;0.0530;-0.0313;0.0244;0.0000;0.2441
507.0;2.5467;2.4716;0.3855;0.0000;136;136;0.0647;-0.1872;0.0516;-0.0332;0.0235;0.0000;0.2362
507.5;2.5394;2.4657;0.5395;0.0000;138;134;-0.0208;-0.1843;0.0516;-0.0459;0.0235;0.0000;0.2362
508.0;2.5325;2.4597;0.4720;0.0000;138;134;-0.0183;-0.1828;0.0501;-0.0401;0.0235;0.0000;0.2362
508.5;2.5256;2.4538;0.6030;0.0000;140;132;0.0549;-0.1799;0.0501;-0.0508;0.0235;0.0000;0.2362
509.0;2.5183;2.4478;0.5310;0.0000;138;132;-0.0208;-0.1770;0.0486;-0.0450;0.0235;0.0000;0.2362
509.5;2.5114;2.4418;0.4810;0.0000;138;134;-0.0183;-0.1740;0.0486;-0.0411;0.0225;0.0000;0.2362
510.0;2.5041;2.4359;0.6220;0.0000;140;132;-0.0232;-0.1726;0.0472;-0.0528;0.0225;0.0000;0.2362
510.5;2.4977;2.4299;0.6715;0.0000;140;128;-0.0256;-0.1696;0.0472;-0.0567;0.0225;0.0000;0.2362
511.0;2.4913;2.4240;0.7295;0.0000;142;126;-0.0256;-0.1696;0.0472;-0.0616;0.0215;0.0000;0.2362
511.5;2.4849;2.4176;0.7340;0.0000;140;126;-0.0281;-0.1682;0.0457;-0.0626;0.0215;0.0000;0.2362
512.0;2.4780;2.4116;0.8355;0.0000;144;124;-0.1087;-0.1653;0.0457;-0.0704;0.0215;0.0000;0.2362
512.5;2.4707;2.4057;0.8100;0.0000;142;124;0.0476;-0.1638;0.0442;-0.0684;0.0205;0.0000;0.2362
513.0;2.4643;2.3997;0.8775;0.0000;144;124;0.0476;-0.1623;0.0442;-0.0743;0.0205;0.0000;0.2283
513.5;2.4574;2.3938;0.8895;0.0000;144;122;0.0452;-0.1609;0.0428;-0.0753;0.0205;0.0000;0.2283
514.0;2.4501;2.3878;0.7750;0.0000;142;124;-0.0281;-0.1565;0.0428;-0.0655;0.0196;0.0000;0.2283
514.5;2.4432;2.3819;0.7480;0.0000;140;126;0.0501;-0.1535;0.0428;-0.0635;0.0196;0.0000;0.2283
515.0;2.4364;2.3759;0.6765;0.0000;140;126;0.0525;-0.1521;0.0413;-0.0577;0.0196;0.0000;0.2283
515.5;2.4290;2.3700;0.6745;0.0000;140;126;0.0525;-0.1491;0.0413;-0.0567;0.0186;0.0000;0.2283
516.0;2.4222;2.3636;0.6310;0.0000;138;126;-0.0232;-0.1462;0.0398;-0.0538;0.0186;0.0000;0.2283
516.5;2.4148;2.3576;0.6345;0.0000;140;126;-0.0232;-0.1433;0.0398;-0.0538;0.0186;0.0000;0.2283
517.0;2.4066;2.3516;0.5600;0.0000;138;128;0.0574;-0.1374;0.0398;-0.0479;0.0186;0.0000;0.2283
517.5;2.3984;2.3457;0.5390;0.0000;138;130;0.0574;-0.1316;0.0384;-0.0459;0.0176;0.0000;0.2283
518.0;2.3897;2.3397;0.4515;0.0000;136;132;0.0623;-0.1257;0.0384;-0.0381;0.0176;0.0000;0.2283
518.5;2.3819;2.3338;0.3650;0.0000;136;134;-0.0134;-0.1213;0.0369;-0.0313;0.0176;0.0000;0.2283
519.0;2.3745;2.3278;0.3975;0.0000;136;134;-0.0940;-0.1169;0.0369;-0.0342;0.0176;0.0000;0.2283
519.5;2.3681;2.3219;0.2430;0.0000;134;136;0.0696;-0.1154;0.0369;-0.0205;0.0176;0.0000;0.2205
520.0;2.3617;2.3159;0.1885;0.0000;134;138;-0.0085;-0.1154;0.0369;-0.0166;0.0176;0.0000;0.2205
520.5;2.3558;2.3100;0.2030;0.0000;134;138;-0.0867;-0.1154;0.0355;-0.0176;0.0176;0.0000;0.2205
521.0;2.3503;2.3036;0.2195;0.0000;134;136;0.0696;-0.1169;0.0355;-0.0186;0.0176;0.0000;0.2205
521.5;2.3457;2.2976;0.1190;0.0000;130;136;-0.0061;-0.1213;0.0355;-0.0108;0.0176;0.0000;0.2205
522.0;2.3411;2.2917;0.1775;0.0000;130;134;-0.0085;-0.1242;0.0340;-0.0156;0.0166;0.0000;0.2205
522.5;2.3365;2.2857;0.1750;0.0000;128;134;0.0720;-0.1272;0.0340;-0.0156;0.0166;0.0000;0.2205
523.0;2.3329;2.2798;0.1435;0.0000;128;132;-0.0061;-0.1330;0.0340;-0.0127;0.0166;0.0000;0.2205
523.5;2.3301;2.2738;0.1695;0.0000;126;130;-0.0842;-0.1418;0.0325;-0.0147;0.0166;0.0000;0.2205
524.0;2.3278;2.2679;0.1560;0.0000;124;128;-0.0061;-0.1506;0.0325;-0.0137;0.0166;0.0000;0.2205
524.5;2.3251;2.2619;0.2305;0.0000;124;124;-0.0867;-0.1594;0.0311;-0.0196;0.0166;0.0000;0.2205
525.0;2.3214;2.2560;0.2415;0.0000;122;122;-0.0085;-0.1653;0.0311;-0.0205;0.0166;0.0000;0.2205
525.5;2.3178;2.2500;0.3535;0.0000;122;118;-0.0134;-0.1696;0.0296;-0.0303;0.0166;0.0000;0.2126
526.0;2.3141;2.2436;0.2990;0.0000;120;116;-0.0110;-0.1770;0.0296;-0.0254;0.0166;0.0000;0.2126
526.5;2.3109;2.2376;0.3500;0.0000;120;114;-0.0134;-0.1828;0.0281;-0.0303;0.0166;0.0000;0.2126
527.0;2.3072;2.2317;0.3620;0.0000;118;112;-0.0134;-0.1902;0.0281;-0.0313;0.0156;0.0000;0.2126
527.5;2.3040;2.2257;0.3660;0.0000;116;110;0.0647;-0.1960;0.0267;-0.0313;0.0156;0.0000;0.2126
528.0;2.2995;2.2198;0.4030;0.0000;114;109;0.0623;-0.2004;0.0267;-0.0342;0.0156;0.0000;0.2126
528.5;2.2944;2.2138;0.3165;0.0000;112;109;-0.0134;-0.2033;0.0252;-0.0274;0.0156;0.0000;0.2126
529.0;2.2898;2.2079;0.3660;0.0000;110;107;-0.0134;-0.2063;0.0252;-0.0313;0.0156;0.0000;0.2126
529.5;2.2848;2.2019;0.3305;0.0000;109;107;-0.0134;-0.2092;0.0237;-0.0283;0.0156;0.0000;0.2126
530.0;2.2798;2.1960;0.2985;0.0000;107;107;0.0672;-0.2107;0.0237;-0.0254;0.0147;0.0000;0.2126
530.5;2.2743;2.1896;0.2780;0.0000;107;105;0.0672;-0.2121;0.0223;-0.0235;0.0147;0.0000;0.2126
531.0;2.2688;2.1836;0.3165;0.0000;107;105;0.0647;-0.2136;0.0208;-0.0274;0.0147;0.0000;0.2126
531.5;2.2642;2.1777;0.2690;0.0000;105;105;-0.0110;-0.2165;0.0208;-0.0235;0.0147;0.0000;0.2126
532.0;2.2596;2.1717;0.2490;0.0000;103;103;0.0672;-0.2195;0.0193;-0.0215;0.0147;0.0000;0.2047
532.5;2.2537;2.1658;0.3015;0.0000;103;101;-0.0110;-0.2209;0.0193;-0.0254;0.0147;0.0000;0.2047
533.0;2.2473;2.1598;0.3090;0.0000;101;99;-0.0110;-0.2195;0.0179;-0.0264;0.0147;0.0000;0.2047
533.5;2.2395;2.1538;0.2945;0.0000;101;99;0.0672;-0.2151;0.0164;-0.0254;0.0147;0.0000;0.2047
534.0;2.2317;2.1479;0.3455;0.0000;101;99;0.0647;-0.2107;0.0164;-0.0293;0.0137;0.0000;0.2047
534.5;2.2234;2.1419;0.3365;0.0000;103;99;-0.0916;-0.2048;0.0149;-0.0283;0.0137;0.0000;0.2047
535.0;2.2147;2.1360;0.3095;0.0000;103;101;0.0672;-0.1975;0.0149;-0.0264;0.0137;0.0000;0.2047
535.5;2.2060;2.1296;0.2870;0.0000;103;101;-0.0110;-0.1916;0.0135;-0.0244;0.0137;0.0000;0.2047
536.0;2.1983;2.1236;0.2130;0.0000;101;103;-0.0085;-0.1872;0.0135;-0.0186;0.0137;0.0000;0.2047
536.5;2.1900;2.1177;0.2415;0.0000;103;103;-0.0085;-0.1814;0.0120;-0.0205;0.0137;0.0000;0.2047
537.0;2.1804;2.1117;0.2790;0.0000;103;101;0.0672;-0.1726;0.0120;-0.0235;0.0137;0.0000;0.2047
537.5;2.1708;2.1058;0.2905;0.0000;105;103;-0.0110;-0.1623;0.0105;-0.0244;0.0137;0.0000;0.2047
538.0;2.1612;2.0998;0.3570;0.0000;109;103;-0.0916;-0.1535;0.0105;-0.0303;0.0127;0.0000;0.1969
538.5;2.1511;2.0939;0.4580;0.0000;110;103;-0.0183;-0.1447;0.0105;-0.0391;0.0127;0.0000;0.1969
539.0;2.1415;2.0879;0.4545;0.0000;110;103;0.1404;-0.1345;0.0091;-0.0391;0.0127;0.0000;0.1969
539.5;2.1337;2.0820;0.4345;0.0000;112;105;-0.0159;-0.1301;0.0091;-0.0371;0.0127;0.0000;0.1969
540.0;2.1250;2.0755;0.3830;0.0000;110;107;0.0647;-0.1242;0.0076;-0.0323;0.0127;0.0000;0.1969
540.5;2.1163;2.0696;0.4145;0.0000;112;107;-0.0159;-0.1169;0.0076;-0.0352;0.0127;0.0000;0.1969
541.0;2.1076;2.0636;0.3770;0.0000;112;109;0.0647;-0.1110;0.0076;-0.0323;0.0117;0.0000;0.1969
541.5;2.0994;2.0577;0.3820;0.0000;114;109;0.0623;-0.1052;0.0076;-0.0323;0.0117;0.0000;0.1969
542.0;2.0911;2.0517;0.4135;0.0000;114;109;-0.0159;-0.0993;0.0062;-0.0352;0.0117;0.0000;0.1969
542.5;2.0820;2.0458;0.4605;0.0000;116;109;0.0598;-0.0920;0.0062;-0.0391;0.0117;0.0000;0.1969
543.0;2.0723;2.0398;0.5330;0.0000;118;109;0.0574;-0.0817;0.0062;-0.0450;0.0117;0.0000;0.1969
543.5;2.0627;2.0339;0.4670;0.0000;118;110;0.0598;-0.0730;0.0062;-0.0401;0.0108;0.0000;0.1969
544.0;2.0527;2.0279;0.5685;0.0000;122;110;-0.0208;-0.0627;0.0047;-0.0479;0.0108;0.0000;0.1969
544.5;2.0440;2.0220;0.5660;0.0000;124;110;-0.0208;-0.0568;0.0047;-0.0479;0.0108;0.0000;0.1890
545.0;2.0362;2.0156;0.5330;0.0000;124;112;-0.0208;-0.0510;0.0047;-0.0450;0.0108;0.0000;0.1890
545.5;2.0288;2.0096;0.5280;0.0000;126;112;-0.0208;-0.0495;0.0047;-0.0450;0.0098;0.0000;0.1890
546.0;2.0220;2.0037;0.5910;0.0000;126;112;-0.0208;-0.0466;0.0047;-0.0499;0.0098;0.0000;0.1890
546.5;2.0147;1.9977;0.6015;0.0000;126;112;-0.0232;-0.0437;0.0047;-0.0508;0.0098;0.0000;0.1890
547.0;2.0073;1.9918;0.6060;0.0000;126;112;0.0549;-0.0407;0.0047;-0.0518;0.0098;0.0000;0.1890
547.5;2.0005;1.9858;0.6335;0.0000;128;112;-0.0232;-0.0378;0.0047;-0.0538;0.0088;0.0000;0.1890
548.0;1.9927;1.9799;0.5630;0.0000;126;112;-0.0208;-0.0334;0.0047;-0.0479;0.0088;0.0000;0.1890
548.5;1.9844;1.9739;0.5390;0.0000;128;114;-0.0208;-0.0275;0.0032;-0.0459;0.0088;0.0000;0.1890
549.0;1.9771;1.9679;0.4970;0.0000;126;116;0.0598;-0.0246;0.0032;-0.0420;0.0088;0.0000;0.1890
549.5;1.9693;1.9620;0.3745;0.0000;124;118;0.0647;-0.0202;0.0032;-0.0323;0.0088;0.0000;0.1890
550.0;1.9625;1.9556;0.2740;0.0000;124;120;-0.0110;-0.0173;0.0032;-0.0235;0.0078;0.0000;0.1890
550.5;1.9547;1.9496;0.3035;0.0000;124;120;-0.0891;-0.0129;0.0032;-0.0264;0.0078;0.0000;0.1811
551.0;1.9478;1.9437;0.2530;0.0000;124;120;0.0672;-0.0114;0.0032;-0.0215;0.0078;0.0000;0.1811
551.5;1.9409;1.9377;0.2630;0.0000;124;120;-0.0891;-0.0085;0.0032;-0.0225;0.0078;0.0000;0.1811
552.0;1.9336;1.9318;0.2935;0.0000;126;120;-0.0110;-0.0056;0.0032;-0.0254;0.0078;0.0000;0.1811
552.5;1.9267;1.9258;0.2300;0.0000;124;122;-0.0085;-0.0026;0.0032;-0.0196;0.0078;0.0000;0.1811
553.0;1.9199;1.9199;0.3040;0.0000;126;120;0.0672;-0.0012;0.0032;-0.0264;0.0078;0.0000;0.1811
553.5;1.9125;1.9139;0.3185;0.0000;126;120;-0.0134;0.0018;0.0032;-0.0274;0.0078;0.0000;0.1811
554.0;1.9052;1.9080;0.2315;0.0000;124;122;0.0696;0.0062;0.0032;-0.0196;0.0078;0.0000;0.1811
554.5;1.8979;1.9016;0.1515;0.0000;124;124;-0.0061;0.0091;0.0032;-0.0137;0.0068;0.0000;0.1811
555.0;1.8915;1.8956;0.0685;0.0000;122;126;0.0745;0.0091;0.0032;-0.0059;0.0068;0.0000;0.1811
555.5;1.8855;1.8897;-0.0670;0.0000;120;128;-0.0769;0.0105;0.0032;0.0049;0.0068;0.0000;0.1811
556.0;1.8787;1.8837;-0.0935;0.0000;120;128;-0.0769;0.0120;0.0032;0.0078;0.0068;0.0000;0.1811
556.5;1.8727;1.8777;-0.0850;0.0000;120;128;0.0012;0.0120;0.0032;0.0068;0.0078;0.0000;0.1811
557.0;1.8668;1.8718;-0.1035;0.0000;120;128;0.0012;0.0120;0.0032;0.0078;0.0078;0.0000;0.1732
557.5;1.8608;1.8658;-0.0865;0.0000;120;126;0.0794;0.0120;0.0032;0.0068;0.0078;0.0000;0.1732
558.0;1.8553;1.8599;-0.1205;0.0000;118;126;0.0037;0.0105;0.0032;0.0098;0.0078;0.0000;0.1732
558.5;1.8503;1.8539;-0.1365;0.0000;118;126;0.0818;0.0076;0.0032;0.0108;0.0078;0.0000;0.1732
559.0;1.8448;1.8480;-0.0465;0.0000;118;124;-0.0769;0.0062;0.0032;0.0029;0.0078;0.0000;0.1732
559.5;1.8388;1.8416;0.0220;0.0000;120;124;0.0769;0.0062;0.0047;-0.0020;0.0078;0.0000;0.1732
560.0;1.8338;1.8356;0.0470;0.0000;120;122;-0.0037;0.0047;0.0047;-0.0049;0.0078;0.0000;0.1732
560.5;1.8301;1.8297;0.0855;0.0000;118;120;-0.0037;-0.0012;0.0047;-0.0078;0.0078;0.0000;0.1732
561.0;1.8269;1.8237;0.1170;0.0000;118;118;-0.0842;-0.0085;0.0032;-0.0108;0.0078;0.0000;0.1732
561.5;1.8246;1.8178;0.0875;0.0000;116;116;-0.0037;-0.0173;0.0032;-0.0078;0.0078;0.0000;0.1732
562.0;1.8223;1.8118;0.1825;0.0000;116;112;-0.0867;-0.0261;0.0032;-0.0156;0.0068;0.0000;0.1732
562.5;1.8196;1.8059;0.1545;0.0000;114;112;0.0720;-0.0349;0.0032;-0.0137;0.0068;0.0000;0.1732
563.0;1.8164;1.7999;0.2025;0.0000;112;109;-0.0085;-0.0422;0.0032;-0.0176;0.0068;0.0000;0.1654
563.5;1.8136;1.7940;0.2135;0.0000;112;107;-0.0867;-0.0510;0.0032;-0.0186;0.0068;0.0000;0.1654
564.0;1.8095;1.7875;0.2315;0.0000;109;105;-0.0085;-0.0554;0.0032;-0.0196;0.0068;0.0000;0.1654
564.5;1.8059;1.7816;0.1535;0.0000;107;105;-0.0061;-0.0612;0.0032;-0.0137;0.0068;0.0000;0.1654
565.0;1.8027;1.7756;0.1890;0.0000;107;101;-0.0085;-0.0686;0.0032;-0.0166;0.0068;0.0000;0.1654
565.5;1.7999;1.7697;0.1305;0.0000;103;101;-0.0061;-0.0759;0.0018;-0.0117;0.0068;0.0000;0.1654
566.0;1.7972;1.7637;0.0390;0.0000;99;101;-0.0037;-0.0832;0.0018;-0.0039;0.0068;0.0000;0.1654
566.5;1.7949;1.7578;0.1160;0.0000;99;99;-0.0061;-0.0935;0.0018;-0.0098;0.0068;0.0000;0.1654
567.0;1.7921;1.7518;0.0950;0.0000;97;97;-0.0037;-0.1023;0.0018;-0.0088;0.0068;0.0000;0.1654
567.5;1.7898;1.7459;0.0965;0.0000;95;95;-0.0037;-0.1110;0.0003;-0.0088;0.0068;0.0000;0.1654
568.0;1.7862;1.7399;0.0650;0.0000;91;91;-0.0818;-0.1169;0.0003;-0.0059;0.0068;0.0000;0.1654
568.5;1.7807;1.7340;0.0545;0.0000;89;91;0.0745;-0.1184;0.0003;-0.0049;0.0068;0.0000;0.1654
569.0;1.7756;1.7276;-0.0835;0.0000;85;93;0.0012;-0.1198;-0.0012;0.0068;0.0068;0.0000;0.1654
569.5;1.7697;1.7216;-0.0035;0.0000;87;91;-0.0012;-0.1213;-0.0012;-0.0000;0.0068;0.0000;0.1575
570.0;1.7637;1.7157;-0.0095;0.0000;85;89;-0.0794;-0.1213;-0.0012;-0.0000;0.0068;0.0000;0.1575
570.5;1.7578;1.7097;-0.0110;0.0000;83;89;-0.0012;-0.1198;-0.0026;-0.0000;0.0068;0.0000;0.1575
571.0;1.7518;1.7038;0.0290;0.0000;83;89;0.0769;-0.1213;-0.0026;-0.0029;0.0068;0.0000;0.1575
571.5;1.7459;1.6978;0.0400;0.0000;83;87;-0.0037;-0.1213;-0.0026;-0.0039;0.0068;0.0000;0.1575
572.0;1.7404;1.6918;0.1350;0.0000;85;83;-0.0061;-0.1213;-0.0041;-0.0117;0.0068;0.0000;0.1575
572.5;1.7344;1.6859;0.1810;0.0000;85;81;-0.0085;-0.1213;-0.0041;-0.0156;0.0068;0.0000;0.1575
573.0;1.7280;1.6799;0.2150;0.0000;85;81;0.0696;-0.1213;-0.0041;-0.0186;0.0068;0.0000;0.1575
573.5;1.7216;1.6740;0.1680;0.0000;83;81;-0.0842;-0.1198;-0.0056;-0.0147;0.0059;0.0000;0.1575
574.0;1.7138;1.6676;0.1870;0.0000;83;79;-0.0085;-0.1154;-0.0056;-0.0166;0.0059;0.0000;0.1575
574.5;1.7070;1.6616;0.1475;0.0000;83;81;-0.0061;-0.1140;-0.0056;-0.0127;0.0059;0.0000;0.1575
575.0;1.6996;1.6557;0.1535;0.0000;83;81;0.0720;-0.1096;-0.0070;-0.0137;0.0059;0.0000;0.1575
575.5;1.6914;1.6497;0.1675;0.0000;83;81;-0.0061;-0.1052;-0.0070;-0.0147;0.0059;0.0000;0.1496
576.0;1.6841;1.6438;0.0840;0.0000;81;83;0.0745;-0.1008;-0.0070;-0.0078;0.0059;0.0000;0.1496
576.5;1.6772;1.6378;0.0685;0.0000;81;83;-0.0037;-0.0993;-0.0070;-0.0059;0.0059;0.0000;0.1496
577.0;1.6703;1.6319;0.1005;0.0000;83;81;0.0745;-0.0964;-0.0085;-0.0088;0.0059;0.0000;0.1496
577.5;1.6625;1.6259;0.2055;0.0000;85;81;-0.0867;-0.0935;-0.0085;-0.0176;0.0059;0.0000;0.1496
578.0;1.6557;1.6200;0.1945;0.0000;85;81;-0.0085;-0.0905;-0.0085;-0.0166;0.0059;0.0000;0.1496
578.5;1.6484;1.6136;0.3285;0.0000;87;79;0.1429;-0.0861;-0.0085;-0.0283;0.0059;0.0000;0.1496
579.0;1.6410;1.6076;0.2735;0.0000;87;79;-0.0891;-0.0832;-0.0100;-0.0235;0.0059;0.0000;0.1496
579.5;1.6337;1.6016;0.3205;0.0000;87;79;-0.0134;-0.0803;-0.0100;-0.0274;0.0059;0.0000;0.1496
580.0;1.6200;1.5957;0.3525;0.0000;93;75;-0.0134;-0.0612;-0.0100;-0.0303;0.0049;0.0000;0.1496
580.5;1.6081;1.5897;0.3545;0.0000;95;77;-0.0134;-0.0466;-0.0100;-0.0303;0.0049;0.0000;0.1496
581.0;1.5984;1.5838;0.3415;0.0000;97;81;0.0647;-0.0363;-0.0100;-0.0293;0.0049;0.0000;0.1496
581.5;1.5897;1.5778;0.2685;0.0000;97;83;-0.0110;-0.0305;-0.0100;-0.0235;0.0049;0.0000;0.1496
582.0;1.5820;1.5719;0.2755;0.0000;97;85;-0.0110;-0.0261;-0.0100;-0.0235;0.0049;0.0000;0.1417
582.5;1.5742;1.5659;0.1890;0.0000;95;87;0.0696;-0.0217;-0.0100;-0.0166;0.0049;0.0000;0.1417
583.0;1.5659;1.5600;0.2870;0.0000;97;87;0.0672;-0.0158;-0.0100;-0.0244;0.0049;0.0000;0.1417
583.5;1.5591;1.5536;0.2785;0.0000;97;89;-0.0110;-0.0129;-0.0114;-0.0235;0.0039;0.0000;0.1417
584.0;1.5522;1.5476;0.3570;0.0000;99;87;-0.0134;-0.0114;-0.0114;-0.0303;0.0039;0.0000;0.1417
584.5;1.5453;1.5417;0.3500;0.0000;99;87;-0.0134;-0.0100;-0.0114;-0.0303;0.0039;0.0000;0.1417
585.0;1.5385;1.5357;0.3260;0.0000;99;89;0.0647;-0.0070;-0.0114;-0.0283;0.0039;0.0000;0.1417
585.5;1.5307;1.5298;0.2700;0.0000;97;89;-0.0110;-0.0041;-0.0114;-0.0235;0.0039;0.0000;0.1417
586.0;1.5234;1.5238;0.3765;0.0000;99;89;0.0647;0.0003;-0.0114;-0.0323;0.0039;0.0000;0.1417
586.5;1.5165;1.5179;0.4715;0.0000;101;87;-0.0965;0.0032;-0.0114;-0.0401;0.0039;0.0000;0.1417
587.0;1.5105;1.5119;0.3935;0.0000;101;89;0.0623;0.0018;-0.0114;-0.0332;0.0029;0.0000;0.1417
587.5;1.5037;1.5060;0.4925;0.0000;101;87;-0.0965;0.0047;-0.0114;-0.0420;0.0029;0.0000;0.1417
588.0;1.4977;1.5000;0.3350;0.0000;99;89;0.0647;0.0047;-0.0114;-0.0283;0.0029;0.0000;0.1339
588.5;1.4918;1.4936;0.3590;0.0000;99;89;-0.0134;0.0032;-0.0114;-0.0303;0.0029;0.0000;0.1339
589.0;1.4858;1.4876;0.3560;0.0000;99;87;-0.0134;0.0032;-0.0114;-0.0303;0.0029;0.0000;0.1339
589.5;1.4803;1.4817;0.3730;0.0000;97;87;-0.0134;0.0032;-0.0114;-0.0323;0.0029;0.0000;0.1339
590.0;1.4739;1.4757;0.3685;0.0000;97;87;0.0647;0.0047;-0.0100;-0.0313;0.0020;0.0000;0.1339
590.5;1.4679;1.4698;0.3510;0.0000;97;87;-0.0916;0.0047;-0.0100;-0.0303;0.0020;0.0000;0.1339
591.0;1.4615;1.4638;0.4480;0.0000;99;83;-0.0159;0.0047;-0.0100;-0.0381;0.0020;0.0000;0.1339
591.5;1.4560;1.4579;0.3940;0.0000;99;85;-0.0159;0.0032;-0.0100;-0.0332;0.0020;0.0000;0.1339
592.0;1.4501;1.4519;0.5090;0.0000;99;81;-0.0183;0.0032;-0.0100;-0.0430;0.0020;0.0000;0.1339
592.5;1.4451;1.4460;0.3780;0.0000;97;83;-0.0134;0.0018;-0.0100;-0.0323;0.0020;0.0000;0.1339
593.0;1.4391;1.4396;0.4095;0.0000;97;83;-0.0159;0.0018;-0.0100;-0.0352;0.0010;0.0000;0.1339
593.5;1.4332;1.4336;0.3245;0.0000;95;83;-0.0134;0.0003;-0.0100;-0.0274;0.0010;0.0000;0.1339
594.0;1.4272;1.4277;0.2480;0.0000;93;85;-0.0110;0.0003;-0.0100;-0.0215;0.0010;0.0000;0.1339
594.5;1.4208;1.4217;0.2245;0.0000;91;85;-0.0085;0.0018;-0.0100;-0.0196;0.0010;0.0000;0.1260
595.0;1.4144;1.4158;0.2350;0.0000;91;85;-0.0085;0.0032;-0.0100;-0.0205;0.0010;0.0000;0.1260
595.5;1.4080;1.4098;0.0755;0.0000;89;89;-0.0037;0.0032;-0.0100;-0.0068;0.0010;0.0000;0.1260
596.0;1.4020;1.4038;-0.0045;0.0000;87;89;-0.0794;0.0032;-0.0100;-0.0000;0.0010;0.0000;0.1260
596.5;1.3956;1.3979;0.0595;0.0000;87;87;0.0745;0.0047;-0.0100;-0.0059;0.0010;0.0000;0.1260
597.0;1.3897;1.3919;-0.0755;0.0000;85;89;0.0012;0.0047;-0.0100;0.0059;0.0010;0.0000;0.1260
597.5;1.3832;1.3860;0.0455;0.0000;87;87;-0.0818;0.0062;-0.0100;-0.0039;0.0010;0.0000;0.1260
598.0;1.3773;1.3796;0.0340;0.0000;87;87;-0.0012;0.0062;-0.0100;-0.0029;0.0010;0.0000;0.1260
598.5;1.3718;1.3736;-0.0115;0.0000;85;87;0.0769;0.0047;-0.0100;-0.0000;0.0010;0.0000;0.1260
599.0;1.3658;1.3677;-0.0295;0.0000;85;87;-0.0794;0.0047;-0.0100;0.0020;0.0010;0.0000;0.1260
599.5;1.3603;1.3617;0.0065;0.0000;85;85;-0.0012;0.0032;-0.0100;-0.0010;0.0010;0.0000;0.1260
600.0;1.3553;1.3558;-0.0155;0.0000;83;85;-0.0012;0.0003;-0.0100;0.0010;0.0010;0.0000;0.1260
600.5;1.3503;1.3498;-0.1270;0.0000;81;87;0.0037;-0.0012;-0.0100;0.0098;0.0010;0.0000;0.1260
601.0;1.3448;1.3439;-0.1305;0.0000;81;87;0.0037;-0.0026;-0.0100;0.0108;0.0010;0.0000;0.1260
601.5;1.3388;1.3379;-0.2925;0.0000;77;89;0.0085;-0.0026;-0.0100;0.0244;0.0010;0.0000;0.1260
602.0;1.3324;1.3324;-0.2065;0.0000;79;87;0.0061;-0.0012;-0.0100;0.0166;0.0010;0.0000;0.1260
602.5;1.3255;1.3265;-0.3115;0.0000;77;91;0.0085;0.0018;-0.0100;0.0254;0.0010;0.0000;0.1260
603.0;1.3201;1.3210;-0.2820;0.0000;79;89;0.0085;0.0003;-0.0100;0.0235;0.0010;0.0000;0.1260
603.5;1.3155;1.3150;-0.2475;0.0000;79;89;0.0085;-0.0012;-0.0100;0.0205;0.0020;0.0000;0.1339
604.0;1.3109;1.3095;-0.2515;0.0000;77;89;0.0085;-0.0041;-0.0100;0.0205;0.0020;0.0000;0.1339
604.5;1.3063;1.3040;-0.2725;0.0000;77;89;0.0867;-0.0070;-0.0100;0.0225;0.0020;0.0000;0.1339
605.0;1.3022;1.2985;-0.1875;0.0000;77;87;0.0061;-0.0100;-0.0100;0.0156;0.0020;0.0000;0.1339
605.5;1.2990;1.2930;-0.1310;0.0000;79;85;0.0037;-0.0158;-0.0100;0.0108;0.0020;0.0000;0.1339
606.0;1.2962;1.2875;-0.2015;0.0000;77;87;0.0061;-0.0217;-0.0100;0.0166;0.0020;0.0000;0.1339
606.5;1.2935;1.2825;-0.1290;0.0000;77;83;0.0037;-0.0290;-0.0114;0.0108;0.0020;0.0000;0.1417
607.0;1.2898;1.2770;-0.1850;0.0000;75;83;-0.0720;-0.0319;-0.0114;0.0147;0.0020;0.0000;0.1417
607.5;1.2857;1.2720;-0.1075;0.0000;75;81;0.0037;-0.0349;-0.0114;0.0088;0.0020;0.0000;0.1417
608.0;1.2807;1.2665;-0.0470;0.0000;75;79;-0.0769;-0.0363;-0.0114;0.0039;0.0020;0.0000;0.1417
608.5;1.2766;1.2614;0.0505;0.0000;77;77;0.0745;-0.0393;-0.0114;-0.0049;0.0020;0.0000;0.1417
609.0;1.2729;1.2564;0.0560;0.0000;77;77;-0.0037;-0.0422;-0.0114;-0.0049;0.0020;0.0000;0.1417
609.5;1.2692;1.2514;0.0855;0.0000;77;75;-0.0818;-0.0451;-0.0114;-0.0078;0.0020;0.0000;0.1496
610.0;1.2592;1.2463;0.1105;0.0000;81;71;0.0720;-0.0334;-0.0114;-0.0098;0.0020;0.0000;0.1496
610.5;1.2509;1.2413;0.0945;0.0000;81;73;-0.0037;-0.0246;-0.0114;-0.0088;0.0020;0.0000;0.1496
611.0;1.2440;1.2363;0.1765;0.0000;83;73;-0.0085;-0.0188;-0.0114;-0.0156;0.0020;0.0000;0.1496
611.5;1.2386;1.2317;0.0750;0.0000;83;77;0.0745;-0.0188;-0.0114;-0.0068;0.0020;0.0000;0.1496
612.0;1.2340;1.2266;0.0595;0.0000;83;77;-0.0818;-0.0188;-0.0114;-0.0059;0.0020;0.0000;0.1496
612.5;1.2317;1.2221;-0.0075;0.0000;81;79;-0.0012;-0.0246;-0.0114;-0.0000;0.0020;0.0000;0.1496
613.0;1.2285;1.2175;0.0190;0.0000;81;77;-0.0012;-0.0290;-0.0129;-0.0020;0.0020;0.0000;0.1575
613.5;1.2266;1.2125;-0.0055;0.0000;79;77;-0.0012;-0.0363;-0.0129;-0.0000;0.0020;0.0000;0.1575
614.0;1.2253;1.2079;0.0745;0.0000;79;75;-0.0818;-0.0437;-0.0129;-0.0068;0.0020;0.0000;0.1575
614.5;1.2230;1.2033;0.0230;0.0000;77;75;-0.0012;-0.0495;-0.0129;-0.0020;0.0020;0.0000;0.1575
615.0;1.2207;1.1992;-0.0160;0.0000;75;73;-0.0012;-0.0539;-0.0129;0.0010;0.0020;0.0000;0.1575
615.5;1.2179;1.1946;0.0415;0.0000;75;71;-0.0818;-0.0598;-0.0129;-0.0039;0.0020;0.0000;0.1575
616.0;1.2152;1.1900;0.0225;0.0000;75;71;-0.0012;-0.0627;-0.0129;-0.0020;0.0020;0.0000;0.1654
616.5;1.2120;1.1859;0.0530;0.0000;75;71;-0.0818;-0.0656;-0.0144;-0.0049;0.0020;0.0000;0.1654
617.0;1.2088;1.1813;0.0415;0.0000;73;69;-0.0037;-0.0700;-0.0144;-0.0039;0.0020;0.0000;0.1654
617.5;1.2060;1.1772;0.0170;0.0000;71;69;-0.0012;-0.0730;-0.0144;-0.0020;0.0020;0.0000;0.1654
618.0;1.2028;1.1731;-0.1055;0.0000;69;71;-0.0769;-0.0759;-0.0144;0.0088;0.0020;0.0000;0.1654
618.5;1.1996;1.1690;-0.0475;0.0000;69;69;0.0012;-0.0774;-0.0144;0.0039;0.0020;0.0000;0.1732
619.0;1.1964;1.1648;-0.1400;0.0000;67;71;0.0037;-0.0788;-0.0158;0.0117;0.0020;0.0000;0.1732
619.5;1.1928;1.1607;-0.1045;0.0000;67;71;0.0012;-0.0803;-0.0158;0.0078;0.0020;0.0000;0.1732
620.0;1.1896;1.1566;-0.0645;0.0000;67;69;0.0012;-0.0817;-0.0158;0.0049;0.0020;0.0000;0.1732
620.5;1.1850;1.1529;-0.1510;0.0000;65;71;0.0037;-0.0817;-0.0158;0.0117;0.0020;0.0000;0.1732
621.0;1.1804;1.1488;-0.0515;0.0000;67;69;0.0012;-0.0788;-0.0158;0.0039;0.0020;0.0000;0.1732
621.5;1.1758;1.1451;0.0085;0.0000;69;69;0.0769;-0.0774;-0.0173;-0.0010;0.0020;0.0000;0.1811
622.0;1.1726;1.1415;0.0655;0.0000;69;69;-0.0037;-0.0788;-0.0173;-0.0059;0.0020;0.0000;0.1811
622.5;1.1690;1.1374;0.0765;0.0000;69;69;0.0745;-0.0803;-0.0173;-0.0068;0.0020;0.0000;0.1811
623.0;1.1667;1.1337;0.1615;0.0000;71;67;-0.0061;-0.0817;-0.0173;-0.0137;0.0020;0.0000;0.1811
623.5;1.1644;1.1300;0.1285;0.0000;69;67;-0.0061;-0.0861;-0.0188;-0.0117;0.0020;0.0000;0.1811
624.0;1.1612;1.1264;0.1945;0.0000;71;65;-0.0085;-0.0876;-0.0188;-0.0166;0.0020;0.0000;0.1811
624.5;1.1575;1.1232;0.1865;0.0000;69;65;0.1477;-0.0861;-0.0188;-0.0166;0.0020;0.0000;0.1890
625.0;1.1538;1.1195;0.2100;0.0000;71;65;-0.0867;-0.0861;-0.0188;-0.0186;0.0020;0.0000;0.1890
625.5;1.1502;1.1158;0.1895;0.0000;71;65;-0.0085;-0.0861;-0.0188;-0.0166;0.0020;0.0000;0.1890
626.0;1.1461;1.1126;0.1430;0.0000;69;67;-0.0842;-0.0832;-0.0202;-0.0127;0.0010;0.0000;0.1890
626.5;1.1410;1.1094;0.1775;0.0000;71;67;0.0720;-0.0803;-0.0202;-0.0156;0.0010;0.0000;0.1890
627.0;1.1364;1.1062;0.1445;0.0000;71;67;-0.0061;-0.0774;-0.0202;-0.0127;0.0010;0.0000;0.1969
627.5;1.1319;1.1026;0.2065;0.0000;73;67;-0.0085;-0.0744;-0.0202;-0.0176;0.0010;0.0000;0.1969
628.0;1.1277;1.0994;0.1565;0.0000;73;69;0.0720;-0.0715;-0.0217;-0.0137;0.0010;0.0000;0.1969
628.5;1.1223;1.0966;0.1875;0.0000;73;69;-0.0867;-0.0656;-0.0217;-0.0166;0.0010;0.0000;0.1969
629.0;1.1181;1.0934;0.1640;0.0000;73;69;0.0720;-0.0627;-0.0217;-0.0147;0.0010;0.0000;0.1969
629.5;1.1126;1.0902;0.1580;0.0000;75;71;-0.0061;-0.0568;-0.0217;-0.0137;0.0010;0.0000;0.1969
630.0;1.1071;1.0875;0.1765;0.0000;77;71;-0.0867;-0.0510;-0.0217;-0.0156;0.0010;0.0000;0.2047
630.5;1.1016;1.0842;0.1445;0.0000;77;73;0.0720;-0.0437;-0.0217;-0.0127;0.0010;0.0000;0.2047
631.0;1.0966;1.0815;0.0590;0.0000;77;75;-0.0037;-0.0378;-0.0217;-0.0059;0.0010;0.0000;0.2047
631.5;1.0916;1.0788;0.0715;0.0000;79;77;-0.0818;-0.0334;-0.0217;-0.0068;0.0010;0.0000;0.2047
632.0;1.0870;1.0755;0.1540;0.0000;81;75;-0.0061;-0.0290;-0.0231;-0.0137;0.0010;0.0000;0.2047
632.5;1.0833;1.0728;0.0995;0.0000;81;77;-0.0037;-0.0275;-0.0231;-0.0088;0.0010;0.0000;0.2126
633.0;1.0797;1.0705;0.1825;0.0000;83;77;0.0696;-0.0246;-0.0231;-0.0156;0.0010;0.0000;0.2126
633.5;1.0755;1.0678;0.1185;0.0000;83;79;-0.0061;-0.0202;-0.0231;-0.0108;0.0010;0.0000;0.2126
634.0;1.0714;1.0650;0.0835;0.0000;83;81;-0.0818;-0.0173;-0.0231;-0.0078;-0.0000;0.0000;0.2126
634.5;1.0682;1.0627;0.0555;0.0000;85;81;-0.0037;-0.0158;-0.0231;-0.0049;-0.0000;0.0000;0.2126
635.0;1.0650;1.0600;0.0805;0.0000;85;83;0.0745;-0.0129;-0.0231;-0.0068;-0.0000;0.0000;0.2205
635.5;1.0623;1.0577;0.0530;0.0000;85;83;-0.0037;-0.0114;-0.0231;-0.0049;-0.0000;0.0000;0.2205
636.0;1.0582;1.0549;0.0955;0.0000;87;83;-0.0037;-0.0085;-0.0231;-0.0088;-0.0000;0.0000;0.2205
636.5;1.0540;1.0527;0.1000;0.0000;89;83;-0.0037;-0.0041;-0.0231;-0.0088;-0.0000;0.0000;0.2205
637.0;1.0504;1.0504;0.0670;0.0000;89;87;0.0745;0.0003;-0.0231;-0.0059;-0.0000;0.0000;0.2205
637.5;1.0472;1.0481;0.1545;0.0000;91;87;-0.0061;0.0018;-0.0231;-0.0137;-0.0000;0.0000;0.2283
638.0;1.0435;1.0462;0.0990;0.0000;91;89;-0.0037;0.0062;-0.0231;-0.0088;-0.0000;0.0000;0.2283
638.5;1.0398;1.0440;0.1345;0.0000;93;89;-0.0061;0.0091;-0.0231;-0.0117;-0.0000;0.0000;0.2283
639.0;1.0366;1.0417;0.0995;0.0000;93;89;-0.0842;0.0120;-0.0231;-0.0088;-0.0000;0.0000;0.2283
639.5;1.0339;1.0398;0.1415;0.0000;95;89;0.0720;0.0149;-0.0231;-0.0127;-0.0000;0.0000;0.2283
640.0;1.0316;1.0375;0.1800;0.0000;97;89;-0.0085;0.0149;-0.0231;-0.0156;-0.0000;0.0000;0.2362
640.5;1.0288;1.0357;0.2355;0.0000;97;89;-0.0085;0.0164;-0.0231;-0.0205;-0.0000;0.0000;0.2362
641.0;1.0266;1.0339;0.2610;0.0000;99;89;0.0672;0.0179;-0.0231;-0.0225;-0.0000;0.0000;0.2362
641.5;1.0247;1.0321;0.1630;0.0000;97;93;-0.0061;0.0179;-0.0231;-0.0147;-0.0000;0.0000;0.2362
642.0;1.0224;1.0302;0.2290;0.0000;99;91;-0.0085;0.0193;-0.0231;-0.0196;-0.0000;0.0000;0.2362
642.5;1.0206;1.0284;0.1345;0.0000;97;93;-0.0061;0.0193;-0.0217;-0.0117;-0.0000;0.0000;0.2441
643.0;1.0183;1.0270;0.1665;0.0000;99;93;-0.0061;0.0208;-0.0217;-0.0147;-0.0010;0.0000;0.2441
643.5;1.0156;1.0252;0.1760;0.0000;99;93;-0.0085;0.0237;-0.0217;-0.0156;-0.0010;0.0000;0.2441
644.0;1.0137;1.0234;0.2110;0.0000;101;93;-0.0085;0.0237;-0.0217;-0.0186;-0.0010;0.0000;0.2441
644.5;1.0119;1.0220;0.1130;0.0000;101;95;-0.0842;0.0237;-0.0217;-0.0098;-0.0010;0.0000;0.2441
645.0;1.0092;1.0206;0.0950;0.0000;101;97;-0.0037;0.0281;-0.0217;-0.0088;-0.0010;0.0000;0.2520
645.5;1.0064;1.0192;0.0350;0.0000;99;99;-0.0037;0.0311;-0.0217;-0.0039;-0.0010;0.0000;0.2520
646.0;1.0037;1.0179;0.0390;0.0000;101;99;-0.0818;0.0340;-0.0217;-0.0039;-0.0010;0.0000;0.2520
646.5;1.0018;1.0165;0.1075;0.0000;103;99;0.0720;0.0355;-0.0217;-0.0098;-0.0010;0.0000;0.2520
647.0;0.9995;1.0151;0.0605;0.0000;103;101;-0.0037;0.0384;-0.0217;-0.0059;-0.0010;0.0000;0.2520
647.5;0.9973;1.0137;0.0570;0.0000;103;101;-0.0037;0.0413;-0.0217;-0.0049;-0.0010;0.0000;0.2598
648.0;0.9959;1.0124;0.0620;0.0000;105;103;-0.0037;0.0413;-0.0217;-0.0059;-0.0010;0.0000;0.2598
648.5;0.9940;1.0114;0.1635;0.0000;107;101;-0.0061;0.0428;-0.0202;-0.0147;-0.0010;0.0000;0.2598
649.0;0.9936;1.0105;0.1400;0.0000;107;101;-0.0061;0.0413;-0.0202;-0.0127;-0.0010;0.0000;0.2598
649.5;0.9931;1.0092;0.2785;0.0000;109;99;0.0672;0.0398;-0.0202;-0.0235;-0.0010;0.0000;0.2677
650.0;0.9927;1.0082;0.1310;0.0000;107;103;-0.0842;0.0384;-0.0202;-0.0117;-0.0010;0.0000;0.2677
650.5;0.9922;1.0073;0.1345;0.0000;107;103;0.0720;0.0369;-0.0202;-0.0117;-0.0010;0.0000;0.2677
651.0;0.9918;1.0064;0.2615;0.0000;110;101;-0.0891;0.0355;-0.0202;-0.0225;-0.0010;0.0000;0.2677
651.5;0.9908;1.0055;0.2420;0.0000;110;101;0.0696;0.0369;-0.0202;-0.0205;-0.0020;0.0000;0.2677
652.0;0.9899;1.0046;0.2650;0.0000;110;101;-0.0891;0.0355;-0.0202;-0.0225;-0.0020;0.0000;0.2756
652.5;0.9886;1.0041;0.2020;0.0000;110;103;-0.0085;0.0384;-0.0202;-0.0176;-0.0020;0.0000;0.2756
653.0;0.9881;1.0032;0.1770;0.0000;110;103;-0.0867;0.0384;-0.0188;-0.0156;-0.0020;0.0000;0.2756
653.5;0.9876;1.0027;0.1395;0.0000;110;105;0.0720;0.0369;-0.0188;-0.0117;-0.0020;0.0000;0.2756
654.0;0.9872;1.0023;0.1720;0.0000;110;103;-0.0867;0.0369;-0.0188;-0.0147;-0.0020;0.0000;0.2835
654.5;0.9872;1.0014;0.1275;0.0000;110;105;0.0720;0.0355;-0.0188;-0.0108;-0.0020;0.0000;0.2835
655.0;0.9872;1.0009;0.1335;0.0000;110;105;-0.0842;0.0340;-0.0188;-0.0117;-0.0020;0.0000;0.2835
655.5;0.9876;1.0005;0.1340;0.0000;110;105;0.0720;0.0325;-0.0188;-0.0117;-0.0020;0.0000;0.2835
656.0;0.9872;1.0000;0.0935;0.0000;110;107;-0.0037;0.0325;-0.0188;-0.0088;-0.0020;0.0000;0.2835
656.5;0.9867;1.0000;0.1130;0.0000;110;105;-0.0842;0.0311;-0.0188;-0.0098;-0.0020;0.0000;0.2913
657.0;0.9863;1.0000;0.1800;0.0000;114;107;-0.0085;0.0340;-0.0188;-0.0156;-0.0020;0.0000;0.2992
657.5;0.9849;1.0000;0.1015;0.0000;114;109;-0.0037;0.0355;-0.0188;-0.0088;-0.0020;0.0000;0.2992
658.0;0.9840;1.0000;0.0500;0.0000;114;110;-0.0037;0.0384;-0.0188;-0.0049;-0.0020;0.0000;0.2992
658.5;0.9835;1.0000;0.0940;0.0000;114;110;-0.0037;0.0398;-0.0173;-0.0088;-0.0020;0.0000;0.2992
659.0;0.9826;1.0000;-0.0305;0.0000;112;112;-0.0012;0.0413;-0.0173;0.0020;-0.0020;0.0000;0.2992
659.5;0.9821;1.0000;0.0440;0.0000;114;112;-0.0037;0.0442;-0.0173;-0.0039;-0.0020;0.0000;0.2992
660.0;0.9812;1.0000;-0.0650;0.0000;112;114;0.0794;0.0457;-0.0173;0.0049;-0.0020;0.0000;0.2992
660.5;0.9794;1.0000;-0.1820;0.0000;110;116;-0.0720;0.0501;-0.0173;0.0147;-0.0020;0.0000;0.2992
661.0;0.9785;1.0000;-0.2530;0.0000;110;118;0.0085;0.0530;-0.0173;0.0205;-0.0020;0.0000;0.2992
661.5;0.9766;1.0000;-0.2815;0.0000;110;118;-0.0696;0.0574;-0.0173;0.0235;-0.0020;0.0000;0.2992
662.0;0.9753;1.0000;-0.2275;0.0000;114;120;0.0061;0.0604;-0.0158;0.0186;-0.0020;0.0000;0.2992
662.5;0.9734;1.0000;-0.2790;0.0000;112;120;0.0085;0.0648;-0.0158;0.0225;-0.0020;0.0000;0.2992
663.0;0.9725;1.0000;-0.2295;0.0000;114;120;0.0061;0.0677;-0.0158;0.0186;-0.0020;0.0000;0.2992
663.5;0.9716;1.0000;-0.3580;0.0000;112;122;-0.0672;0.0691;-0.0158;0.0293;-0.0020;0.0000;0.2992
664.0;0.9712;1.0000;-0.3815;0.0000;112;124;0.0110;0.0706;-0.0158;0.0313;-0.0010;0.0000;0.2992
664.5;0.9707;1.0000;-0.4630;0.0000;110;126;0.0159;0.0721;-0.0144;0.0381;-0.0010;0.0000;0.2992
665.0;0.9689;1.0000;-0.5425;0.0000;110;128;0.0183;0.0765;-0.0144;0.0450;-0.0010;0.0000;0.2992
665.5;0.9670;1.0000;-0.4500;0.0000;114;128;-0.0647;0.0809;-0.0144;0.0371;-0.0010;0.0000;0.2992
666.0;0.9652;1.0000;-0.5015;0.0000;114;130;0.0159;0.0853;-0.0144;0.0420;-0.0010;0.0000;0.2992
666.5;0.9638;1.0000;-0.4670;0.0000;114;130;0.0159;0.0882;-0.0144;0.0391;-0.0000;0.0000;0.2992
667.0;0.9634;1.0000;-0.4140;0.0000;116;128;-0.0647;0.0911;-0.0129;0.0342;-0.0000;0.0000;0.2992
667.5;0.9629;1.0000;-0.4255;0.0000;116;130;0.0134;0.0926;-0.0129;0.0352;-0.0000;0.0000;0.2992
668.0;0.9620;1.0000;-0.4145;0.0000;116;132;0.0134;0.0941;-0.0129;0.0342;-0.0000;0.0000;0.2992
668.5;0.9615;1.0000;-0.3940;0.0000;118;132;0.0110;0.0955;-0.0129;0.0323;-0.0000;0.0000;0.2992
669.0;0.9615;1.0000;-0.3870;0.0000;118;132;-0.0647;0.0955;-0.0114;0.0323;-0.0000;0.0000;0.2992
669.5;0.9611;1.0000;-0.3920;0.0000;118;132;0.0916;0.0955;-0.0114;0.0323;0.0010;0.0000;0.2992
670.0;0.9611;1.0000;-0.4065;0.0000;118;132;-0.0012;0.0970;-0.0114;0.0332;0.0010;0.0000;0.2992
670.5;0.9611;1.0000;-0.4135;0.0000;118;132;-0.0647;0.0955;-0.0100;0.0342;0.0010;0.0000;0.2992
671.0;0.9611;1.0000;-0.4535;0.0000;118;134;0.0134;0.0955;-0.0100;0.0371;0.0010;0.0000;0.2992
671.5;0.9620;1.0000;-0.3810;0.0000;118;132;0.0110;0.0941;-0.0100;0.0313;0.0010;0.0000;0.2992
672.0;0.9625;1.0000;-0.4435;0.0000;118;134;0.0134;0.0926;-0.0100;0.0371;0.0020;0.0000;0.2992
672.5;0.9634;1.0000;-0.4290;0.0000;118;134;-0.0647;0.0897;-0.0085;0.0352;0.0020;0.0000;0.2992
673.0;0.9643;1.0000;-0.4040;0.0000;118;134;0.0916;0.0882;-0.0085;0.0332;0.0020;0.0000;0.2992
673.5;0.9657;1.0000;-0.4810;0.0000;116;134;-0.0623;0.0853;-0.0085;0.0401;0.0020;0.0000;0.2992
674.0;0.9666;1.0000;-0.4675;0.0000;116;134;0.0940;0.0823;-0.0085;0.0391;0.0020;0.0000;0.2992
674.5;0.9675;1.0000;-0.4795;0.0000;114;134;0.0159;0.0809;-0.0085;0.0401;0.0029;0.0000;0.2992
675.0;0.9679;1.0000;-0.4315;0.0000;114;132;0.0916;0.0779;-0.0070;0.0362;0.0029;0.0000;0.2992
675.5;0.9684;1.0000;-0.4455;0.0000;114;132;0.0134;0.0779;-0.0070;0.0371;0.0029;0.0000;0.2992
676.0;0.9693;1.0000;-0.3260;0.0000;116;130;0.0110;0.0750;-0.0070;0.0264;0.0029;0.0000;0.2992
676.5;0.9698;1.0000;-0.4290;0.0000;114;132;0.0134;0.0735;-0.0070;0.0352;0.0029;0.0000;0.2992
677.0;0.9716;1.0000;-0.4665;0.0000;112;132;0.0159;0.0691;-0.0070;0.0391;0.0029;0.0000;0.2992
677.5;0.9734;1.0000;-0.3385;0.0000;114;128;0.0110;0.0648;-0.0056;0.0283;0.0039;0.0000;0.2992
678.0;0.9748;1.0000;-0.4230;0.0000;112;128;0.0134;0.0618;-0.0056;0.0352;0.0039;0.0000;0.2992
678.5;0.9757;1.0000;-0.3110;0.0000;114;128;0.0867;0.0589;-0.0056;0.0254;0.0039;0.0000;0.2992
679.0;0.9762;1.0000;-0.4090;0.0000;112;128;-0.0647;0.0574;-0.0056;0.0342;0.0039;0.0000;0.2992
679.5;0.9762;1.0000;-0.3400;0.0000;114;126;0.0110;0.0574;-0.0056;0.0283;0.0039;0.0000;0.2992
680.0;0.9762;1.0000;-0.4590;0.0000;110;130;0.0159;0.0589;-0.0056;0.0381;0.0039;0.0000;0.2992
680.5;0.9753;1.0000;-0.4395;0.0000;110;128;-0.0647;0.0604;-0.0041;0.0362;0.0049;0.0000;0.2992
681.0;0.9753;1.0000;-0.3550;0.0000;112;128;0.0891;0.0604;-0.0041;0.0293;0.0049;0.0000;0.2992
681.5;0.9757;1.0000;-0.3720;0.0000;112;128;-0.0672;0.0604;-0.0041;0.0303;0.0049;0.0000;0.2992
682.0;0.9766;1.0000;-0.2875;0.0000;114;126;0.0085;0.0560;-0.0041;0.0235;0.0049;0.0000;0.2992
682.5;0.9780;1.0000;-0.4800;0.0000;110;128;-0.0623;0.0530;-0.0041;0.0401;0.0049;0.0000;0.2992
683.0;0.9785;1.0000;-0.3715;0.0000;112;126;0.0110;0.0516;-0.0041;0.0303;0.0049;0.0000;0.2992
683.5;0.9785;1.0000;-0.4575;0.0000;110;128;0.0159;0.0516;-0.0026;0.0381;0.0059;0.0000;0.2992
684.0;0.9785;1.0000;-0.3985;0.0000;110;128;0.0916;0.0530;-0.0026;0.0332;0.0059;0.0000;0.2992
684.5;0.9785;1.0000;-0.3235;0.0000;112;126;-0.0672;0.0530;-0.0026;0.0264;0.0059;0.0000;0.2992
685.0;0.9789;1.0000;-0.4555;0.0000;110;128;-0.0647;0.0516;-0.0026;0.0381;0.0059;0.0000;0.2992
685.5;0.9794;1.0000;-0.4560;0.0000;110;128;0.0159;0.0501;-0.0026;0.0381;0.0059;0.0000;0.2992
686.0;0.9803;1.0000;-0.5345;0.0000;109;128;-0.0598;0.0486;-0.0026;0.0440;0.0068;0.0000;0.2992
686.5;0.9817;1.0000;-0.3640;0.0000;112;126;0.0110;0.0442;-0.0026;0.0303;0.0068;0.0000;0.2992
687.0;0.9831;1.0000;-0.3770;0.0000;110;124;-0.0672;0.0413;-0.0012;0.0313;0.0068;0.0000;0.2992
687.5;0.9849;1.0000;-0.1905;0.0000;114;120;0.0061;0.0369;-0.0012;0.0156;0.0068;0.0000;0.2992
688.0;0.9867;1.0000;-0.2405;0.0000;112;120;0.0061;0.0325;-0.0012;0.0196;0.0068;0.0000;0.2992
688.5;0.9881;1.0000;-0.3220;0.0000;110;120;-0.0672;0.0296;-0.0012;0.0264;0.0068;0.0000;0.2992
689.0;0.9899;1.0000;-0.3565;0.0000;109;120;0.0110;0.0237;-0.0012;0.0293;0.0068;0.0000;0.2992
689.5;0.9908;0.9995;-0.3800;0.0000;107;120;-0.0672;0.0223;-0.0012;0.0313;0.0068;0.0000;0.2992
690.0;0.9922;0.9995;-0.2455;0.0000;109;118;0.0867;0.0179;-0.0012;0.0205;0.0078;0.0000;0.2992
690.5;0.9931;0.9995;-0.3585;0.0000;105;118;-0.0672;0.0149;-0.0012;0.0293;0.0078;0.0000;0.2992
691.0;0.9936;0.9991;-0.1875;0.0000;107;114;0.0061;0.0135;-0.0012;0.0156;0.0078;0.0000;0.2913
691.5;0.9931;0.9991;-0.3770;0.0000;103;116;0.0110;0.0149;-0.0012;0.0313;0.0078;0.0000;0.2913
692.0;0.9931;0.9986;-0.2975;0.0000;103;116;0.0867;0.0135;-0.0012;0.0244;0.0078;0.0000;0.2913
692.5;0.9940;0.9982;-0.2185;0.0000;103;114;0.0061;0.0105;-0.0012;0.0176;0.0078;0.0000;0.2913
693.0;0.9940;0.9982;-0.2020;0.0000;103;112;-0.0720;0.0091;-0.0012;0.0166;0.0078;0.0000;0.2835
693.5;0.9940;0.9977;-0.1220;0.0000;103;110;0.0818;0.0076;-0.0012;0.0098;0.0078;0.0000;0.2835
694.0;0.9940;0.9968;-0.3525;0.0000;99;114;-0.0672;0.0062;-0.0012;0.0293;0.0078;0.0000;0.2835
694.5;0.9950;0.9963;-0.1865;0.0000;101;110;0.0061;0.0032;-0.0012;0.0156;0.0088;0.0000;0.2835
695.0;0.9954;0.9959;-0.3400;0.0000;97;112;0.0891;0.0003;-0.0012;0.0283;0.0088;0.0000;0.2756
695.5;0.9954;0.9954;-0.1755;0.0000;99;109;0.0037;-0.0012;-0.0012;0.0147;0.0088;0.0000;0.2756
696.0;0.9950;0.9945;-0.2330;0.0000;97;109;-0.0720;-0.0012;-0.0012;0.0196;0.0088;0.0000;0.2756
696.5;0.9940;0.9936;0.0260;0.0000;101;103;-0.0012;-0.0012;-0.0012;-0.0029;0.0088;0.0000;0.2756
697.0;0.9936;0.9931;-0.1015;0.0000;99;105;0.0012;-0.0026;-0.0012;0.0078;0.0088;0.0000;0.2677
697.5;0.9936;0.9922;-0.1755;0.0000;97;107;0.0842;-0.0041;-0.0012;0.0147;0.0088;0.0000;0.2677
698.0;0.9922;0.9913;0.0625;0.0000;99;103;-0.0037;-0.0041;-0.0012;-0.0059;0.0088;0.0000;0.2677
698.5;0.9918;0.9904;-0.0225;0.0000;97;103;-0.0012;-0.0041;-0.0012;0.0010;0.0088;0.0000;0.2677
699.0;0.9904;0.9895;0.1610;0.0000;99;99;-0.0061;-0.0041;-0.0012;-0.0137;0.0088;0.0000;0.2677
699.5;0.9895;0.9881;-0.0240;0.0000;97;101;-0.0794;-0.0041;-0.0012;0.0020;0.0088;0.0000;0.2598
700.0;0.9890;0.9872;0.0180;0.0000;97;101;0.0769;-0.0056;-0.0012;-0.0020;0.0088;0.0000;0.2598
700.5;0.9876;0.9858;-0.1870;0.0000;93;103;0.0061;-0.0056;-0.0012;0.0156;0.0088;0.0000;0.2598
701.0;0.9867;0.9849;-0.0130;0.0000;95;101;0.0769;-0.0056;-0.0012;0.0010;0.0088;0.0000;0.2598
701.5;0.9853;0.9835;0.0425;0.0000;95;99;-0.0037;-0.0056;-0.0012;-0.0039;0.0088;0.0000;0.2520
702.0;0.9844;0.9821;-0.1585;0.0000;91;101;-0.0745;-0.0070;-0.0012;0.0127;0.0088;0.0000;0.2520
702.5;0.9831;0.9808;-0.0395;0.0000;93;99;0.0012;-0.0070;-0.0012;0.0029;0.0088;0.0000;0.2520
703.0;0.9826;0.9794;-0.2420;0.0000;89;101;0.0061;-0.0085;-0.0012;0.0196;0.0088;0.0000;0.2520
703.5;0.9817;0.9780;0.0820;0.0000;93;95;-0.0037;-0.0100;-0.0012;-0.0078;0.0088;0.0000;0.2441
704.0;0.9808;0.9766;-0.0520;0.0000;89;97;0.0794;-0.0114;-0.0012;0.0039;0.0088;0.0000;0.2441
704.5;0.9794;0.9748;0.1825;0.0000;93;93;-0.0085;-0.0114;-0.0012;-0.0156;0.0088;0.0000;0.2441
705.0;0.9776;0.9734;0.0535;0.0000;91;93;-0.0818;-0.0114;-0.0012;-0.0049;0.0088;0.0000;0.2441
705.5;0.9757;0.9716;-0.0215;0.0000;89;93;-0.0012;-0.0100;-0.0012;0.0010;0.0088;0.0000;0.2362
706.0;0.9734;0.9702;-0.2350;0.0000;83;97;0.0061;-0.0100;-0.0012;0.0196;0.0088;0.0000;0.2362
706.5;0.9712;0.9684;-0.1295;0.0000;87;95;-0.0745;-0.0085;-0.0012;0.0108;0.0088;0.0000;0.2362
707.0;0.9689;0.9666;0.1525;0.0000;91;89;-0.0061;-0.0070;-0.0012;-0.0137;0.0088;0.0000;0.2362
707.5;0.9666;0.9647;-0.1820;0.0000;83;95;0.0061;-0.0056;-0.0012;0.0147;0.0088;0.0000;0.2283
708.0;0.9643;0.9629;0.0850;0.0000;89;91;-0.0037;-0.0041;-0.0012;-0.0078;0.0088;0.0000;0.2283
708.5;0.9625;0.9606;-0.1855;0.0000;83;95;0.0842;-0.0056;-0.0012;0.0147;0.0088;0.0000;0.2283
709.0;0.9606;0.9588;0.0945;0.0000;89;89;-0.0037;-0.0056;-0.0012;-0.0088;0.0088;0.0000;0.2283
709.5;0.9583;0.9565;0.1835;0.0000;89;87;-0.0085;-0.0056;-0.0012;-0.0156;0.0088;0.0000;0.2205
710.0;0.9551;0.9547;0.5195;0.0000;95;79;0.0598;-0.0012;-0.0012;-0.0440;0.0088;0.0000;0.2205
710.5;0.9524;0.9524;0.3670;0.0000;93;81;-0.0916;-0.0012;-0.0012;-0.0313;0.0088;0.0000;0.2205
711.0;0.9501;0.9501;0.1660;0.0000;89;87;-0.0061;0.0003;-0.0012;-0.0147;0.0088;0.0000;0.2205
711.5;0.9478;0.9478;0.0480;0.0000;87;89;-0.0037;0.0003;-0.0012;-0.0049;0.0088;0.0000;0.2126
712.0;0.9460;0.9455;-0.0595;0.0000;83;91;0.0794;-0.0012;-0.0012;0.0049;0.0088;0.0000;0.2126
712.5;0.9441;0.9432;0.3660;0.0000;91;81;-0.0134;-0.0026;-0.0012;-0.0313;0.0088;0.0000;0.2126
713.0;0.9423;0.9409;0.0115;0.0000;83;87;-0.0012;-0.0041;-0.0012;-0.0020;0.0088;0.0000;0.2047
713.5;0.9400;0.9386;0.3250;0.0000;89;79;-0.0134;-0.0041;-0.0012;-0.0274;0.0078;0.0000;0.2047
714.0;0.9368;0.9359;-0.0415;0.0000;79;87;0.0794;-0.0026;-0.0012;0.0029;0.0078;0.0000;0.2047
714.5;0.9345;0.9336;0.1455;0.0000;83;83;0.0720;-0.0026;-0.0012;-0.0127;0.0078;0.0000;0.2047
715.0;0.9313;0.9309;0.2860;0.0000;87;79;-0.0891;-0.0012;-0.0012;-0.0244;0.0078;0.0000;0.1969
715.5;0.9267;0.9281;0.5790;0.0000;91;73;-0.0208;0.0018;-0.0012;-0.0489;0.0078;0.0000;0.1969
716.0;0.9235;0.9254;0.5090;0.0000;91;75;0.0598;0.0047;-0.0012;-0.0430;0.0078;0.0000;0.1969
716.5;0.9203;0.9226;0.0735;0.0000;81;81;-0.0037;0.0047;-0.0012;-0.0068;0.0078;0.0000;0.1969
717.0;0.9162;0.9199;0.5155;0.0000;89;73;-0.0183;0.0091;-0.0012;-0.0440;0.0078;0.0000;0.1890
717.5;0.9130;0.9171;0.1510;0.0000;81;79;-0.0061;0.0105;-0.0012;-0.0137;0.0068;0.0000;0.1890
718.0;0.9098;0.9144;0.5725;0.0000;91;73;-0.0208;0.0105;-0.0012;-0.0489;0.0068;0.0000;0.1890
718.5;0.9071;0.9112;0.1900;0.0000;83;79;-0.0085;0.0091;-0.0012;-0.0166;0.0068;0.0000;0.1890
719.0;0.9043;0.9084;0.1050;0.0000;79;79;-0.0037;0.0091;-0.0012;-0.0098;0.0068;0.0000;0.1811
719.5;0.9011;0.9052;-0.3185;0.0000;71;87;0.0110;0.0091;-0.0012;0.0264;0.0068;0.0000;0.1811
720.0;0.8979;0.9020;-0.1085;0.0000;75;83;0.0037;0.0105;-0.0012;0.0088;0.0068;0.0000;0.1811
720.5;0.8947;0.8988;0.1290;0.0000;79;77;-0.0061;0.0105;-0.0012;-0.0117;0.0068;0.0000;0.1732
721.0;0.8919;0.8956;0.3260;0.0000;81;73;-0.0134;0.0091;-0.0012;-0.0283;0.0068;0.0000;0.1732
721.5;0.8897;0.8924;0.4605;0.0000;83;69;-0.0183;0.0062;-0.0012;-0.0391;0.0068;0.0000;0.1732
722.0;0.8869;0.8892;-0.0595;0.0000;73;79;0.0794;0.0047;-0.0012;0.0049;0.0068;0.0000;0.1732
722.5;0.8842;0.8860;0.4700;0.0000;81;69;-0.0183;0.0032;-0.0012;-0.0401;0.0068;0.0000;0.1654
723.0;0.8810;0.8823;0.0560;0.0000;73;75;-0.0818;0.0032;-0.0012;-0.0049;0.0068;0.0000;0.1654
723.5;0.8768;0.8791;0.5420;0.0000;81;65;-0.0989;0.0047;-0.0012;-0.0459;0.0059;0.0000;0.1654
724.0;0.8727;0.8755;0.1950;0.0000;75;71;0.0696;0.0062;-0.0012;-0.0166;0.0059;0.0000;0.1654
724.5;0.8690;0.8718;0.1045;0.0000;73;71;-0.0061;0.0076;-0.0012;-0.0088;0.0059;0.0000;0.1575
725.0;0.8645;0.8686;-0.3085;0.0000;65;79;0.0085;0.0091;-0.0012;0.0254;0.0059;0.0000;0.1575
725.5;0.8599;0.8649;-0.1245;0.0000;69;75;0.0037;0.0120;-0.0012;0.0098;0.0059;0.0000;0.1575
726.0;0.8553;0.8608;0.2905;0.0000;75;69;-0.0110;0.0135;-0.0012;-0.0244;0.0059;0.0000;0.1496
726.5;0.8507;0.8571;-0.3155;0.0000;65;79;0.0110;0.0149;-0.0012;0.0264;0.0059;0.0000;0.1496
727.0;0.8471;0.8535;-0.0275;0.0000;69;73;-0.0012;0.0149;-0.0012;0.0020;0.0068;0.0000;0.1496
727.5;0.8439;0.8498;-0.4625;0.0000;62;79;0.0159;0.0149;-0.0012;0.0381;0.0068;0.0000;0.1496
728.0;0.8397;0.8457;0.0770;0.0000;69;69;-0.0037;0.0149;-0.0012;-0.0068;0.0068;0.0000;0.1417
728.5;0.8352;0.8416;-0.3055;0.0000;62;77;0.1648;0.0149;0.0003;0.0254;0.0068;0.0000;0.1417
729.0;0.8306;0.8379;0.2795;0.0000;71;65;-0.0110;0.0164;0.0003;-0.0244;0.0068;0.0000;0.1417
729.5;0.8269;0.8338;-0.0035;0.0000;65;71;0.0769;0.0164;0.0003;-0.0000;0.0068;0.0000;0.1417
730.0;0.8223;0.8297;0.0125;0.0000;65;69;-0.0012;0.0164;0.0003;-0.0020;0.0068;0.0000;0.1339
730.5;0.8196;0.8255;-0.2260;0.0000;62;73;0.0061;0.0149;0.0003;0.0186;0.0068;0.0000;0.1339
731.0;0.8159;0.8214;-0.0525;0.0000;64;69;0.0012;0.0135;0.0003;0.0039;0.0068;0.0000;0.1339
731.5;0.8118;0.8168;0.4620;0.0000;71;60;0.1380;0.0120;0.0003;-0.0391;0.0068;0.0000;0.1260
732.0;0.8082;0.8127;0.0295;0.0000;64;65;-0.0012;0.0105;0.0003;-0.0029;0.0068;0.0000;0.1260
732.5;0.8045;0.8082;0.3625;0.0000;67;60;-0.0134;0.0091;0.0003;-0.0313;0.0059;0.0000;0.1260
733.0;0.8004;0.8040;0.0450;0.0000;62;64;-0.0037;0.0091;0.0003;-0.0039;0.0059;0.0000;0.1260
733.5;0.7958;0.7995;0.5480;0.0000;69;54;-0.0208;0.0076;0.0003;-0.0469;0.0059;0.0000;0.1181
734.0;0.7917;0.7949;0.4870;0.0000;67;56;0.0598;0.0076;0.0003;-0.0411;0.0059;0.0000;0.1181
734.5;0.7875;0.7903;0.9535;0.0000;75;46;-0.0354;0.0062;0.0003;-0.0802;0.0059;0.0000;0.1181
735.0;0.7830;0.7857;0.6945;0.0000;71;50;-0.0256;0.0062;0.0003;-0.0587;0.0049;0.0000;0.1102
735.5;0.7788;0.7811;0.5475;0.0000;67;52;-0.0208;0.0047;0.0003;-0.0469;0.0049;0.0000;0.1102
736.0;0.7747;0.7766;0.3165;0.0000;62;54;-0.0134;0.0032;0.0003;-0.0274;0.0049;0.0000;0.1102
736.5;0.7711;0.7720;0.3100;0.0000;62;54;0.0672;0.0003;0.0003;-0.0264;0.0049;0.0000;0.1024
737.0;0.7669;0.7669;0.5670;0.0000;65;48;-0.0208;-0.0012;0.0003;-0.0479;0.0049;0.0000;0.1024
737.5;0.7628;0.7619;0.1495;0.0000;56;54;-0.0061;-0.0026;0.0003;-0.0127;0.0039;0.0000;0.1024
738.0;0.7578;0.7573;0.3415;0.0000;60;50;0.0647;-0.0026;0.0003;-0.0293;0.0039;0.0000;0.1024
738.5;0.7532;0.7523;-0.0695;0.0000;50;56;0.0012;-0.0026;0.0003;0.0049;0.0039;0.0000;0.0945
739.0;0.7482;0.7473;0.2100;0.0000;56;50;-0.0867;-0.0041;0.0003;-0.0186;0.0039;0.0000;0.0945
739.5;0.7431;0.7422;0.1455;0.0000;54;50;-0.0842;-0.0026;0.0003;-0.0127;0.0039;0.0000;0.0945
740.0;0.7376;0.7372;0.3525;0.0000;58;46;-0.0916;-0.0026;0.0003;-0.0303;0.0039;0.0000;0.0866
740.5;0.7326;0.7321;0.2720;0.0000;54;46;0.0672;-0.0012;0.0003;-0.0235;0.0039;0.0000;0.0866
741.0;0.7276;0.7266;-0.0225;0.0000;48;52;-0.0012;-0.0026;0.0003;0.0010;0.0039;0.0000;0.0866
741.5;0.7225;0.7216;0.3015;0.0000;54;44;-0.0891;-0.0026;0.0003;-0.0254;0.0039;0.0000;0.0866
742.0;0.7166;0.7161;0.0970;0.0000;50;48;0.0745;-0.0026;0.0003;-0.0088;0.0039;0.0000;0.0787
742.5;0.7111;0.7111;0.3170;0.0000;54;42;-0.0916;-0.0012;0.0003;-0.0274;0.0039;0.0000;0.0787
743.0;0.7065;0.7056;-0.0235;0.0000;46;48;-0.0012;-0.0026;0.0003;0.0020;0.0039;0.0000;0.0787
743.5;0.7010;0.7001;0.3025;0.0000;52;40;-0.0110;-0.0026;0.0003;-0.0264;0.0029;0.0000;0.0709
744.0;0.6955;0.6946;-0.1275;0.0000;42;48;0.0818;-0.0041;0.0003;0.0098;0.0039;0.0000;0.0709
744.5;0.6905;0.6891;-0.0265;0.0000;44;46;-0.0794;-0.0041;0.0003;0.0020;0.0039;0.0000;0.0709
745.0;0.6850;0.6832;0.1270;0.0000;46;40;-0.0061;-0.0041;0.0003;-0.0108;0.0039;0.0000;0.0630
745.5;0.6790;0.6777;0.2165;0.0000;46;38;0.0696;-0.0041;0.0003;-0.0186;0.0029;0.0000;0.0630
746.0;0.6726;0.6722;0.1970;0.0000;46;38;-0.0085;-0.0026;0.0003;-0.0166;0.0029;0.0000;0.0630
746.5;0.6662;0.6662;-0.1745;0.0000;38;46;0.0061;-0.0012;0.0003;0.0137;0.0029;0.0000;0.0551
747.0;0.6598;0.6603;0.1500;0.0000;44;38;-0.0061;0.0003;0.0003;-0.0127;0.0029;0.0000;0.0551
747.5;0.6543;0.6548;-0.1070;0.0000;38;42;-0.0745;0.0003;0.0003;0.0088;0.0029;0.0000;0.0551
748.0;0.6484;0.6488;0.2300;0.0000;44;36;-0.0085;0.0003;0.0003;-0.0196;0.0029;0.0000;0.0551
748.5;0.6429;0.6429;-0.1240;0.0000;36;40;0.0037;-0.0012;0.0003;0.0098;0.0029;0.0000;0.0472
749.0;0.6369;0.6369;-0.0490;0.0000;36;38;0.0012;-0.0012;0.0003;0.0039;0.0029;0.0000;0.0472
749.5;0.6310;0.6305;-0.3555;0.0000;30;44;0.0110;-0.0012;0.0003;0.0293;0.0039;0.0000;0.0472
750.0;0.6255;0.6245;-0.2170;0.0000;32;40;0.0061;-0.0026;0.0003;0.0176;0.0039;0.0000;0.0394
750.5;0.6181;0.6186;-0.0270;0.0000;34;36;-0.0794;0.0003;0.0003;0.0020;0.0039;0.0000;0.0394
751.0;0.6103;0.6122;0.1830;0.0000;38;32;-0.0085;0.0047;0.0003;-0.0156;0.0039;0.0000;0.0394
751.5;0.6016;0.6062;0.1165;0.0000;36;32;-0.0061;0.0105;0.0003;-0.0108;0.0029;0.0000;0.0315
752.0;0.5943;0.5998;-0.1565;0.0000;32;38;0.0037;0.0120;0.0003;0.0127;0.0039;0.0000;0.0315
752.5;0.5879;0.5934;0.1080;0.0000;36;32;-0.0061;0.0135;0.0003;-0.0098;0.0039;0.0000;0.0315
753.0;0.5810;0.5870;-0.1725;0.0000;30;36;-0.0745;0.0135;0.0003;0.0137;0.0039;0.0000;0.0236
753.5;0.5746;0.5806;0.0930;0.0000;34;32;0.0745;0.0149;0.0003;-0.0088;0.0039;0.0000;0.0236
754.0;0.5678;0.5742;-0.1310;0.0000;30;36;-0.0745;0.0149;0.0003;0.0108;0.0039;0.0000;0.0236
754.5;0.5614;0.5673;-0.2030;0.0000;28;36;0.0842;0.0149;0.0003;0.0166;0.0039;0.0000;0.0236
755.0;0.5540;0.5609;-0.3720;0.0000;24;38;0.0110;0.0164;0.0003;0.0303;0.0039;0.0000;0.0157
755.5;0.5476;0.5540;-0.3925;0.0000;22;38;0.0134;0.0164;0.0003;0.0323;0.0039;0.0000;0.0157
756.0;0.5408;0.5476;-0.1965;0.0000;26;34;0.0061;0.0164;0.0003;0.0156;0.0039;0.0000;0.0157
756.5;0.5339;0.5408;-0.4285;0.0000;21;38;-0.0647;0.0164;0.0003;0.0352;0.0039;0.0000;0.0079
757.0;0.5275;0.5339;-0.2525;0.0000;22;34;0.0867;0.0149;0.0003;0.0205;0.0039;0.0000;0.0079
757.5;0.5211;0.5270;-0.5875;0.0000;17;38;-0.0598;0.0149;0.0003;0.0489;0.0049;0.0000;0.0079
758.0;0.5137;0.5201;-0.3340;0.0000;21;34;0.0110;0.0149;0.0003;0.0274;0.0049;0.0000;-0.0000
758.5;0.5064;0.5133;-0.6015;0.0000;15;38;0.0989;0.0164;0.0018;0.0499;0.0049;0.0000;-0.0000
759.0;0.5000;0.5064;-0.2810;0.0000;21;30;-0.0696;0.0149;0.0018;0.0235;0.0049;0.0000;-0.0000
759.5;0.4931;0.4991;-0.3585;0.0000;17;32;0.0110;0.0135;0.0018;0.0293;0.0049;0.0000;-0.0079
760.0;0.4863;0.4922;-0.5670;0.0000;13;34;0.0183;0.0135;0.0018;0.0469;0.0059;0.0000;-0.0079
760.5;0.4794;0.4849;-0.7020;0.0000;11;36;0.0232;0.0135;0.0018;0.0587;0.0059;0.0000;-0.0079
761.0;0.4734;0.4780;-0.6795;0.0000;11;36;-0.0549;0.0105;0.0018;0.0567;0.0059;0.0000;-0.0079
761.5;0.4670;0.4712;-0.4145;0.0000;15;30;0.0134;0.0091;0.0018;0.0342;0.0059;0.0000;-0.0079
762.0;0.4615;0.4643;-0.7095;0.0000;9;36;0.1013;0.0062;0.0018;0.0587;0.0068;0.0000;-0.0000
762.5;0.4551;0.4574;-0.4060;0.0000;15;30;-0.0647;0.0047;0.0018;0.0332;0.0068;0.0000;-0.0000