Time(ms);ActualLinearVel;TargetLinearVel;ActualAngularVel;TargetAngularVel;PWML;PWMR;ImuDiff;VelP;VelI;AngP;AngI;RotationFF;LinearFF
0.0;0.0000;0.0009;0.0110;0.0000;7;7;-0.0012;0.0003;-0.0012;-0.0010;-0.0010;0.0000;0.0394
0.5;0.0000;0.0018;0.0140;0.0000;9;7;-0.0012;0.0003;-0.0012;-0.0010;-0.0010;0.0000;0.0394
1.0;0.0000;0.0027;0.0120;0.0000;9;7;-0.0012;0.0018;-0.0012;-0.0010;-0.0010;0.0000;0.0394
1.5;0.0000;0.0037;-0.0095;0.0000;9;9;-0.0012;0.0018;-0.0012;-0.0000;-0.0010;0.0000;0.0394
2.0;0.0000;0.0046;-0.0160;0.0000;9;9;-0.0012;0.0032;-0.0012;-0.0000;-0.0010;0.0000;0.0394
2.5;0.0000;0.0060;0.0060;0.0000;9;9;-0.0012;0.0032;-0.0012;-0.0010;-0.0010;0.0000;0.0394
3.0;0.0000;0.0069;-0.0010;0.0000;9;9;-0.0012;0.0047;-0.0012;-0.0000;-0.0010;0.0000;0.0394
3.5;0.0000;0.0078;-0.0030;0.0000;9;9;-0.0012;0.0047;0.0003;-0.0000;-0.0010;0.0000;0.0394
4.0;0.0000;0.0087;-0.0035;0.0000;9;9;-0.0012;0.0062;0.0003;-0.0000;-0.0010;0.0000;0.0394
4.5;0.0000;0.0096;-0.0020;0.0000;9;9;-0.0012;0.0062;0.0003;-0.0000;-0.0010;0.0000;0.0394
5.0;0.0000;0.0110;-0.0015;0.0000;9;9;-0.0012;0.0076;0.0003;-0.0000;-0.0010;0.0000;0.0394
5.5;0.0000;0.0119;0.0020;0.0000;11;9;-0.0012;0.0076;0.0003;-0.0010;-0.0010;0.0000;0.0394
6.0;0.0000;0.0128;-0.0020;0.0000;11;11;-0.0012;0.0091;0.0003;-0.0000;-0.0010;0.0000;0.0394
6.5;0.0000;0.0137;-0.0035;0.0000;11;11;-0.0012;0.0091;0.0003;-0.0000;-0.0010;0.0000;0.0394
7.0;0.0000;0.0147;0.0015;0.0000;11;11;-0.0012;0.0105;0.0003;-0.0010;-0.0010;0.0000;0.0394
7.5;0.0000;0.0156;0.0095;0.0000;11;11;-0.0012;0.0105;0.0003;-0.0010;-0.0010;0.0000;0.0394
8.0;0.0000;0.0169;0.0120;0.0000;11;11;-0.0012;0.0120;0.0003;-0.0010;-0.0010;0.0000;0.0394
8.5;0.0000;0.0179;-0.0025;0.0000;11;11;-0.0012;0.0135;0.0003;-0.0000;-0.0010;0.0000;0.0394
9.0;0.0000;0.0188;0.0000;0.0000;11;11;-0.0012;0.0135;0.0018;-0.0010;-0.0010;0.0000;0.0394
9.5;0.0000;0.0197;0.0005;0.0000;11;11;-0.0012;0.0149;0.0018;-0.0010;-0.0010;0.0000;0.0394
10.0;0.0000;0.0206;-0.0010;0.0000;13;13;-0.0012;0.0149;0.0018;-0.0000;-0.0010;0.0000;0.0394
10.5;0.0000;0.0220;-0.0015;0.0000;13;13;-0.0012;0.0164;0.0018;-0.0000;-0.0010;0.0000;0.0394
11.0;0.0000;0.0229;-0.0015;0.0000;13;13;-0.0012;0.0164;0.0018;-0.0000;-0.0010;0.0000;0.0394
11.5;0.0000;0.0238;-0.0030;0.0000;13;13;-0.0012;0.0179;0.0018;-0.0000;-0.0010;0.0000;0.0394
12.0;0.0000;0.0247;0.0115;0.0000;13;13;-0.0012;0.0179;0.0032;-0.0010;-0.0010;0.0000;0.0394
12.5;0.0000;0.0256;-0.0110;0.0000;13;13;-0.0012;0.0193;0.0032;-0.0000;-0.0010;0.0000;0.0394
13.0;0.0000;0.0266;-0.0045;0.0000;13;13;-0.0012;0.0193;0.0032;-0.0000;-0.0010;0.0000;0.0394
13.5;0.0000;0.0279;0.0095;0.0000;13;13;-0.0012;0.0208;0.0032;-0.0010;-0.0010;0.0000;0.0394
14.0;0.0000;0.0288;0.0190;0.0000;15;13;-0.0012;0.0208;0.0032;-0.0010;-0.0010;0.0000;0.0394
14.5;0.0000;0.0298;0.0185;0.0000;15;15;-0.0012;0.0223;0.0032;-0.0010;-0.0010;0.0000;0.0394
15.0;0.0000;0.0307;0.0095;0.0000;15;15;-0.0012;0.0223;0.0047;-0.0010;-0.0010;0.0000;0.0394
15.5;0.0000;0.0316;-0.0085;0.0000;15;15;-0.0012;0.0237;0.0047;-0.0000;-0.0010;0.0000;0.0394
16.0;0.0000;0.0330;-0.0085;0.0000;15;15;-0.0012;0.0237;0.0047;-0.0000;-0.0010;0.0000;0.0394
16.5;0.0000;0.0339;0.0015;0.0000;15;15;-0.0012;0.0252;0.0047;-0.0010;-0.0010;0.0000;0.0394
17.0;0.0000;0.0348;0.0080;0.0000;15;15;-0.0012;0.0252;0.0062;-0.0010;-0.0010;0.0000;0.0394
17.5;0.0000;0.0357;-0.0005;0.0000;17;17;-0.0012;0.0267;0.0062;-0.0000;-0.0010;0.0000;0.0394
18.0;0.0000;0.0366;0.0040;0.0000;17;17;-0.0012;0.0267;0.0062;-0.0010;-0.0010;0.0000;0.0394
18.5;0.0000;0.0375;-0.0015;0.0000;17;17;-0.0012;0.0281;0.0062;-0.0000;-0.0010;0.0000;0.0394
19.0;0.0000;0.0389;0.0055;0.0000;17;17;-0.0012;0.0281;0.0076;-0.0010;-0.0010;0.0000;0.0394
19.5;0.0000;0.0398;-0.0115;0.0000;17;17;-0.0012;0.0296;0.0076;-0.0000;-0.0010;0.0000;0.0394
20.0;0.0000;0.0408;0.0125;0.0000;17;17;-0.0012;0.0296;0.0076;-0.0010;-0.0010;0.0000;0.0472
20.5;0.0000;0.0417;0.0115;0.0000;17;17;-0.0012;0.0311;0.0076;-0.0010;-0.0010;0.0000;0.0472
21.0;0.0000;0.0426;-0.0115;0.0000;17;19;-0.0012;0.0311;0.0091;-0.0000;-0.0010;0.0000;0.0472
21.5;0.0000;0.0440;-0.0095;0.0000;19;19;-0.0012;0.0325;0.0091;-0.0000;-0.0010;0.0000;0.0472
22.0;0.0000;0.0449;-0.0040;0.0000;19;19;-0.0012;0.0325;0.0091;-0.0000;-0.0010;0.0000;0.0472
22.5;0.0000;0.0458;-0.0175;0.0000;19;19;-0.0012;0.0340;0.0105;-0.0000;-0.0010;0.0000;0.0472
23.0;0.0000;0.0467;0.0110;0.0000;19;19;-0.0012;0.0340;0.0105;-0.0010;-0.0010;0.0000;0.0472
23.5;0.0000;0.0476;0.0005;0.0000;19;19;-0.0012;0.0355;0.0105;-0.0010;-0.0010;0.0000;0.0472
24.0;0.0000;0.0490;0.0075;0.0000;19;19;-0.0012;0.0355;0.0120;-0.0010;-0.0010;0.0000;0.0472
24.5;0.0000;0.0499;0.0270;0.0000;21;19;-0.0012;0.0369;0.0120;-0.0020;-0.0010;0.0000;0.0472
25.0;0.0000;0.0508;-0.0170;0.0000;21;21;-0.0012;0.0369;0.0120;-0.0000;-0.0010;0.0000;0.0472
25.5;0.0000;0.0517;-0.0025;0.0000;21;21;-0.0012;0.0384;0.0135;-0.0000;-0.0010;0.0000;0.0472
26.0;0.0000;0.0527;-0.0035;0.0000;21;21;-0.0012;0.0384;0.0135;-0.0000;-0.0010;0.0000;0.0472
26.5;0.0000;0.0536;-0.0020;0.0000;21;21;-0.0012;0.0398;0.0135;-0.0000;-0.0010;0.0000;0.0472
27.0;0.0000;0.0549;0.0190;0.0000;21;21;-0.0012;0.0398;0.0149;-0.0010;-0.0010;0.0000;0.0472
27.5;0.0000;0.0559;0.0130;0.0000;22;21;-0.0012;0.0413;0.0149;-0.0010;-0.0010;0.0000;0.0472
28.0;0.0000;0.0568;0.0010;0.0000;22;22;-0.0012;0.0413;0.0164;-0.0010;-0.0010;0.0000;0.0472
28.5;0.0000;0.0577;-0.0060;0.0000;22;22;-0.0012;0.0428;0.0164;-0.0000;-0.0010;0.0000;0.0472
29.0;0.0000;0.0586;-0.0030;0.0000;22;22;-0.0012;0.0442;0.0164;-0.0000;-0.0010;0.0000;0.0472
29.5;0.0000;0.0600;-0.0120;0.0000;22;22;-0.0012;0.0442;0.0179;-0.0000;-0.0010;0.0000;0.0472
30.0;0.0000;0.0609;0.0175;0.0000;22;22;-0.0012;0.0457;0.0179;-0.0010;-0.0010;0.0000;0.0472
30.5;0.0000;0.0618;-0.0060;0.0000;22;22;-0.0012;0.0457;0.0193;-0.0000;-0.0010;0.0000;0.0472
31.0;0.0000;0.0627;-0.0060;0.0000;24;24;-0.0012;0.0472;0.0193;-0.0000;-0.0010;0.0000;0.0472
31.5;0.0000;0.0636;-0.0045;0.0000;24;24;-0.0012;0.0472;0.0193;-0.0000;-0.0010;0.0000;0.0472
32.0;0.0000;0.0646;0.0095;0.0000;24;24;-0.0012;0.0486;0.0208;-0.0010;-0.0010;0.0000;0.0472
32.5;0.0000;0.0659;0.0140;0.0000;24;24;-0.0012;0.0486;0.0208;-0.0010;-0.0010;0.0000;0.0472
33.0;0.0000;0.0668;-0.0035;0.0000;24;24;-0.0012;0.0501;0.0223;-0.0000;-0.0010;0.0000;0.0472
33.5;0.0000;0.0678;0.0165;0.0000;26;24;-0.0012;0.0501;0.0223;-0.0010;-0.0010;0.0000;0.0472
34.0;0.0000;0.0687;-0.0095;0.0000;26;26;-0.0012;0.0516;0.0237;-0.0000;-0.0010;0.0000;0.0472
34.5;0.0000;0.0696;-0.0055;0.0000;26;26;-0.0012;0.0516;0.0237;-0.0000;-0.0010;0.0000;0.0472
35.0;0.0000;0.0710;-0.0025;0.0000;26;26;-0.0012;0.0530;0.0252;-0.0000;-0.0010;0.0000;0.0472
35.5;0.0000;0.0719;-0.0170;0.0000;26;26;-0.0012;0.0530;0.0252;-0.0000;-0.0010;0.0000;0.0472
36.0;0.0000;0.0728;0.0110;0.0000;26;26;-0.0012;0.0545;0.0267;-0.0010;-0.0010;0.0000;0.0472
36.5;0.0000;0.0737;-0.0030;0.0000;26;28;-0.0012;0.0545;0.0267;-0.0000;-0.0010;0.0000;0.0472
37.0;0.0000;0.0746;0.0030;0.0000;28;28;-0.0012;0.0560;0.0281;-0.0010;-0.0010;0.0000;0.0472
37.5;0.0000;0.0755;-0.0155;0.0000;28;28;-0.0012;0.0560;0.0281;-0.0000;-0.0010;0.0000;0.0472
38.0;0.0000;0.0769;0.0065;0.0000;28;28;-0.0012;0.0574;0.0296;-0.0010;-0.0010;0.0000;0.0472
38.5;0.0000;0.0778;0.0075;0.0000;28;28;-0.0012;0.0574;0.0296;-0.0010;-0.0010;0.0000;0.0472
39.0;0.0000;0.0788;0.0045;0.0000;28;28;-0.0012;0.0589;0.0311;-0.0010;-0.0010;0.0000;0.0472
39.5;0.0000;0.0797;-0.0185;0.0000;28;30;-0.0012;0.0589;0.0311;-0.0000;-0.0010;0.0000;0.0472
40.0;0.0000;0.0806;-0.0085;0.0000;30;30;-0.0012;0.0604;0.0325;-0.0000;-0.0010;0.0000;0.0472
40.5;0.0000;0.0820;-0.0140;0.0000;30;30;-0.0012;0.0604;0.0340;-0.0000;-0.0010;0.0000;0.0472
41.0;0.0000;0.0829;-0.0170;0.0000;30;30;-0.0012;0.0618;0.0340;-0.0000;-0.0010;0.0000;0.0472
41.5;0.0000;0.0838;-0.0045;0.0000;30;30;-0.0012;0.0618;0.0355;-0.0000;-0.0010;0.0000;0.0551
42.0;0.0000;0.0847;0.0145;0.0000;32;30;-0.0012;0.0633;0.0355;-0.0010;-0.0010;0.0000;0.0551
42.5;0.0000;0.0856;0.0120;0.0000;32;32;-0.0012;0.0633;0.0369;-0.0010;-0.0010;0.0000;0.0551
43.0;0.0000;0.0870;-0.0165;0.0000;32;32;-0.0012;0.0648;0.0369;-0.0000;-0.0010;0.0000;0.0551
43.5;0.0000;0.0879;-0.0110;0.0000;32;32;-0.0012;0.0648;0.0384;-0.0000;-0.0010;0.0000;0.0551
44.0;0.0000;0.0888;-0.0145;0.0000;32;32;-0.0012;0.0662;0.0398;-0.0000;-0.0010;0.0000;0.0551
44.5;0.0000;0.0897;-0.0055;0.0000;32;34;-0.0012;0.0662;0.0398;-0.0000;-0.0010;0.0000;0.0551
45.0;0.0000;0.0907;-0.0130;0.0000;34;34;-0.0012;0.0677;0.0413;-0.0000;-0.0010;0.0000;0.0551
45.5;0.0000;0.0916;-0.0050;0.0000;34;34;-0.0012;0.0677;0.0428;-0.0000;-0.0010;0.0000;0.0551
46.0;0.0000;0.0929;-0.0215;0.0000;34;34;-0.0012;0.0691;0.0428;0.0010;-0.0000;0.0000;0.0551
46.5;0.0000;0.0939;-0.0090;0.0000;34;34;-0.0012;0.0691;0.0442;-0.0000;-0.0000;0.0000;0.0551
47.0;0.0000;0.0948;-0.0275;0.0000;34;36;-0.0012;0.0706;0.0442;0.0010;-0.0000;0.0000;0.0551
47.5;0.0000;0.0957;-0.0300;0.0000;36;36;-0.0012;0.0706;0.0457;0.0010;-0.0000;0.0000;0.0551
48.0;0.0000;0.0966;-0.0015;0.0000;36;36;-0.0012;0.0721;0.0472;-0.0000;-0.0000;0.0000;0.0551
48.5;0.0000;0.0980;0.0295;0.0000;36;36;-0.0012;0.0721;0.0472;-0.0020;-0.0000;0.0000;0.0551
49.0;0.0000;0.0989;0.0865;0.0000;38;36;-0.0037;0.0735;0.0486;-0.0049;-0.0010;0.0000;0.0551
49.5;0.0000;0.0998;0.1085;0.0000;38;36;-0.0061;0.0735;0.0501;-0.0059;-0.0010;0.0000;0.0551
50.0;0.0000;0.1007;0.1275;0.0000;38;36;-0.0061;0.0750;0.0501;-0.0068;-0.0010;0.0000;0.0551
50.5;0.0000;0.1016;0.1670;0.0000;40;36;-0.0061;0.0765;0.0516;-0.0088;-0.0010;0.0000;0.0551
51.0;0.0037;0.1026;0.1500;0.0000;40;36;0.0720;0.0735;0.0530;-0.0078;-0.0010;0.0000;0.0551
51.5;0.0037;0.1039;0.1775;0.0000;40;36;-0.0085;0.0750;0.0545;-0.0088;-0.0010;0.0000;0.0551
52.0;0.0032;0.1049;0.1345;0.0000;40;38;-0.0061;0.0750;0.0545;-0.0068;-0.0010;0.0000;0.0551
52.5;0.0032;0.1058;0.1300;0.0000;40;38;-0.0061;0.0765;0.0560;-0.0068;-0.0010;0.0000;0.0551
53.0;0.0032;0.1067;0.0275;0.0000;40;40;-0.0012;0.0765;0.0574;-0.0020;-0.0010;0.0000;0.0551
53.5;0.0027;0.1076;-0.0250;0.0000;40;40;-0.0012;0.0779;0.0574;0.0010;-0.0010;0.0000;0.0551
54.0;0.0027;0.1090;-0.0240;0.0000;40;40;-0.0012;0.0794;0.0589;0.0010;-0.0010;0.0000;0.0551
54.5;0.0027;0.1099;-0.0560;0.0000;40;42;0.0012;0.0794;0.0604;0.0020;-0.0010;0.0000;0.0551
55.0;0.0023;0.1108;-0.0315;0.0000;40;42;-0.0012;0.0809;0.0618;0.0010;-0.0010;0.0000;0.0551
55.5;0.0064;0.1117;-0.0155;0.0000;40;44;0.0769;0.0779;0.0618;-0.0000;-0.0010;0.0000;0.0551
56.0;0.0060;0.1126;0.0865;0.0000;44;42;-0.0037;0.0794;0.0633;-0.0049;-0.0010;0.0000;0.0551
56.5;0.0055;0.1136;0.0625;0.0000;44;44;-0.0037;0.0809;0.0648;-0.0039;-0.0010;0.0000;0.0551
57.0;0.0055;0.1149;0.0895;0.0000;44;44;-0.0037;0.0809;0.0648;-0.0049;-0.0010;0.0000;0.0551
57.5;0.0092;0.1158;0.0945;0.0000;44;44;0.0745;0.0794;0.0662;-0.0049;-0.0010;0.0000;0.0551
58.0;0.0087;0.1168;0.0955;0.0000;44;44;-0.0037;0.0809;0.0677;-0.0049;-0.0010;0.0000;0.0551
58.5;0.0082;0.1177;0.0310;0.0000;44;46;-0.0012;0.0809;0.0691;-0.0020;-0.0010;0.0000;0.0551
59.0;0.0078;0.1186;0.0680;0.0000;46;46;-0.0037;0.0823;0.0691;-0.0039;-0.0010;0.0000;0.0551
59.5;0.0114;0.1200;0.0500;0.0000;46;44;-0.0818;0.0809;0.0706;-0.0029;-0.0010;0.0000;0.0551
60.0;0.0147;0.1209;0.0790;0.0000;46;46;0.0745;0.0794;0.0721;-0.0039;-0.0010;0.0000;0.0551
60.5;0.0142;0.1218;0.0550;0.0000;46;46;-0.0037;0.0794;0.0735;-0.0029;-0.0010;0.0000;0.0551
61.0;0.0133;0.1227;0.0290;0.0000;46;46;0.0769;0.0809;0.0735;-0.0020;-0.0010;0.0000;0.0551
61.5;0.0165;0.1236;0.0575;0.0000;48;46;-0.0818;0.0794;0.0750;-0.0029;-0.0010;0.0000;0.0551
62.0;0.0156;0.1250;0.0570;0.0000;48;46;-0.0037;0.0809;0.0765;-0.0029;-0.0010;0.0000;0.0551
62.5;0.0151;0.1259;0.0690;0.0000;48;46;-0.0037;0.0823;0.0779;-0.0039;-0.0010;0.0000;0.0551
63.0;0.0220;0.1268;0.0060;0.0000;48;48;-0.0012;0.0779;0.0779;-0.0010;-0.0010;0.0000;0.0551
63.5;0.0211;0.1277;-0.0025;0.0000;48;48;-0.0012;0.0794;0.0794;-0.0000;-0.0010;0.0000;0.0630
64.0;0.0238;0.1287;-0.0070;0.0000;48;48;-0.0012;0.0779;0.0809;-0.0000;-0.0010;0.0000;0.0630
64.5;0.0224;0.1296;0.0035;0.0000;50;48;-0.0012;0.0794;0.0823;-0.0010;-0.0010;0.0000;0.0630
65.0;0.0293;0.1310;0.0170;0.0000;50;48;-0.0012;0.0750;0.0823;-0.0010;-0.0010;0.0000;0.0630
65.5;0.0279;0.1319;0.0180;0.0000;50;48;-0.0012;0.0779;0.0838;-0.0010;-0.0010;0.0000;0.0630
66.0;0.0302;0.1328;0.0180;0.0000;50;48;-0.0794;0.0765;0.0853;-0.0010;-0.0010;0.0000;0.0630
66.5;0.0330;0.1337;0.0435;0.0000;50;48;0.0745;0.0750;0.0853;-0.0029;-0.0010;0.0000;0.0630
67.0;0.0389;0.1346;0.0515;0.0000;50;48;-0.0037;0.0706;0.0867;-0.0029;-0.0010;0.0000;0.0630
67.5;0.0371;0.1360;0.0230;0.0000;50;50;-0.0012;0.0735;0.0882;-0.0020;-0.0010;0.0000;0.0630
68.0;0.0430;0.1369;0.0470;0.0000;50;48;-0.0037;0.0691;0.0882;-0.0029;-0.0010;0.0000;0.0630
68.5;0.0408;0.1378;-0.0245;0.0000;50;50;-0.0012;0.0721;0.0897;0.0010;-0.0010;0.0000;0.0630
69.0;0.0472;0.1387;-0.0325;0.0000;50;50;-0.0012;0.0677;0.0911;0.0010;-0.0010;0.0000;0.0630
69.5;0.0485;0.1397;-0.0585;0.0000;50;50;-0.0769;0.0677;0.0911;0.0020;-0.0010;0.0000;0.0630
70.0;0.0499;0.1406;-0.0015;0.0000;50;50;0.0769;0.0677;0.0926;-0.0000;-0.0010;0.0000;0.0630
70.5;0.0554;0.1419;-0.0510;0.0000;50;50;0.0012;0.0633;0.0926;0.0020;-0.0010;0.0000;0.0630
71.0;0.0527;0.1429;-0.1205;0.0000;50;52;0.0037;0.0662;0.0941;0.0049;-0.0010;0.0000;0.0630
71.5;0.0577;0.1438;-0.0730;0.0000;50;52;0.0012;0.0633;0.0955;0.0029;-0.0010;0.0000;0.0630
72.0;0.0627;0.1447;-0.0950;0.0000;50;52;0.0012;0.0604;0.0955;0.0039;-0.0010;0.0000;0.0630
72.5;0.0595;0.1456;-0.0585;0.0000;50;52;0.0012;0.0633;0.0970;0.0020;-0.0010;0.0000;0.0630
73.0;0.0646;0.1470;-0.0765;0.0000;50;52;0.0012;0.0604;0.0970;0.0029;-0.0010;0.0000;0.0630
73.5;0.0691;0.1479;0.0065;0.0000;52;50;-0.0012;0.0589;0.0984;-0.0010;-0.0010;0.0000;0.0630
74.0;0.0737;0.1488;-0.0145;0.0000;50;50;-0.0012;0.0560;0.0984;-0.0000;-0.0010;0.0000;0.0630
74.5;0.0778;0.1497;0.0000;0.0000;50;50;-0.0012;0.0530;0.0999;-0.0010;-0.0010;0.0000;0.0630
75.0;0.0737;0.1506;-0.0250;0.0000;52;52;-0.0012;0.0574;0.0999;0.0010;-0.0010;0.0000;0.0630
75.5;0.0742;0.1516;0.0085;0.0000;52;52;0.0769;0.0574;0.1014;-0.0010;-0.0010;0.0000;0.0630
76.0;0.0783;0.1529;-0.0035;0.0000;52;52;-0.0012;0.0545;0.1014;-0.0000;-0.0010;0.0000;0.0630
76.5;0.0820;0.1538;-0.0395;0.0000;52;52;0.0012;0.0530;0.1028;0.0010;-0.0010;0.0000;0.0630
77.0;0.0856;0.1548;-0.0385;0.0000;50;52;0.0012;0.0516;0.1028;0.0010;-0.0010;0.0000;0.0630
77.5;0.0893;0.1557;-0.0265;0.0000;52;52;-0.0012;0.0486;0.1043;0.0010;-0.0010;0.0000;0.0630
78.0;0.0929;0.1566;0.0355;0.0000;52;52;-0.0037;0.0472;0.1043;-0.0020;-0.0010;0.0000;0.0630
78.5;0.0920;0.1580;-0.0145;0.0000;52;52;0.0769;0.0486;0.1058;-0.0000;-0.0010;0.0000;0.0630
79.0;0.0952;0.1589;-0.0430;0.0000;50;52;0.0012;0.0472;0.1058;0.0020;-0.0010;0.0000;0.0630
79.5;0.0984;0.1598;-0.1235;0.0000;50;54;0.0037;0.0457;0.1072;0.0059;-0.0010;0.0000;0.0630
80.0;0.1016;0.1607;-0.0995;0.0000;50;54;0.0012;0.0442;0.1072;0.0039;-0.0010;0.0000;0.0630
80.5;0.1044;0.1616;-0.0820;0.0000;50;52;0.0012;0.0428;0.1072;0.0039;-0.0010;0.0000;0.0630
81.0;0.1026;0.1625;-0.0820;0.0000;52;52;-0.0769;0.0442;0.1087;0.0039;-0.0010;0.0000;0.0630
81.5;0.1058;0.1639;-0.0495;0.0000;52;52;0.0012;0.0428;0.1087;0.0020;-0.0010;0.0000;0.0630
82.0;0.1085;0.1648;-0.1495;0.0000;50;54;0.0037;0.0413;0.1102;0.0068;-0.0010;0.0000;0.0630
82.5;0.1108;0.1658;-0.1125;0.0000;52;54;0.0037;0.0413;0.1102;0.0049;-0.0010;0.0000;0.0630
83.0;0.1131;0.1667;-0.1530;0.0000;50;54;0.0037;0.0398;0.1102;0.0068;-0.0010;0.0000;0.0630
83.5;0.1154;0.1676;-0.0520;0.0000;52;52;0.0012;0.0384;0.1116;0.0020;-0.0010;0.0000;0.0630
84.0;0.1172;0.1690;-0.0370;0.0000;52;52;0.0012;0.0384;0.1116;0.0010;-0.0010;0.0000;0.0630
84.5;0.1154;0.1699;0.0425;0.0000;54;52;-0.0037;0.0398;0.1116;-0.0029;-0.0010;0.0000;0.0630
85.0;0.1136;0.1708;0.0340;0.0000;54;52;-0.0818;0.0428;0.1131;-0.0020;-0.0010;0.0000;0.0630
85.5;0.1158;0.1717;0.0265;0.0000;54;52;-0.0012;0.0413;0.1131;-0.0020;-0.0010;0.0000;0.0709
86.0;0.1177;0.1726;0.0325;0.0000;54;52;-0.0012;0.0398;0.1146;-0.0020;-0.0010;0.0000;0.0709
86.5;0.1158;0.1740;-0.0120;0.0000;54;54;0.0769;0.0428;0.1146;-0.0000;-0.0010;0.0000;0.0709
87.0;0.1177;0.1749;-0.0610;0.0000;54;54;0.0012;0.0413;0.1146;0.0020;-0.0010;0.0000;0.0709
87.5;0.1200;0.1758;-0.1750;0.0000;52;56;0.0061;0.0413;0.1160;0.0078;-0.0010;0.0000;0.0709
88.0;0.1218;0.1767;-0.2330;0.0000;52;56;0.0061;0.0413;0.1160;0.0108;-0.0010;0.0000;0.0709
88.5;0.1232;0.1777;-0.3290;0.0000;50;58;0.0110;0.0398;0.1160;0.0156;-0.0000;0.0000;0.0709
89.0;0.1250;0.1786;-0.3155;0.0000;52;58;0.0110;0.0398;0.1175;0.0147;-0.0000;0.0000;0.0709
89.5;0.1305;0.1799;-0.3455;0.0000;50;58;0.0891;0.0355;0.1175;0.0156;-0.0000;0.0000;0.0709
90.0;0.1319;0.1809;-0.2860;0.0000;52;58;0.0085;0.0355;0.1175;0.0137;-0.0000;0.0000;0.0709
90.5;0.1406;0.1818;-0.3435;0.0000;50;58;0.0110;0.0296;0.1190;0.0156;-0.0000;0.0000;0.0709
91.0;0.1415;0.1827;-0.3520;0.0000;50;58;0.0110;0.0296;0.1190;0.0166;-0.0000;0.0000;0.0709
91.5;0.1465;0.1836;-0.3650;0.0000;50;58;0.0891;0.0267;0.1190;0.0166;-0.0000;0.0000;0.0709
92.0;0.1543;0.1850;-0.4320;0.0000;48;58;0.0134;0.0223;0.1190;0.0205;-0.0000;0.0000;0.0709
92.5;0.1589;0.1859;-0.4590;0.0000;48;58;0.0916;0.0193;0.1204;0.0215;-0.0000;0.0000;0.0709
93.0;0.1589;0.1868;-0.5630;0.0000;46;60;0.0183;0.0208;0.1204;0.0264;-0.0000;0.0000;0.0709
93.5;0.1625;0.1877;-0.5170;0.0000;46;60;0.0940;0.0179;0.1204;0.0244;-0.0000;0.0000;0.0709
94.0;0.1625;0.1886;-0.5870;0.0000;46;60;0.0183;0.0193;0.1204;0.0274;0.0010;0.0000;0.0709
94.5;0.1662;0.1896;-0.4900;0.0000;46;60;0.0940;0.0164;0.1204;0.0235;0.0010;0.0000;0.0709
95.0;0.1658;0.1909;-0.3980;0.0000;48;58;0.0134;0.0179;0.1219;0.0186;0.0010;0.0000;0.0709
95.5;0.1648;0.1918;-0.2895;0.0000;50;58;0.0085;0.0193;0.1219;0.0137;0.0010;0.0000;0.0709
96.0;0.1648;0.1928;-0.1735;0.0000;50;56;0.0037;0.0208;0.1219;0.0078;0.0010;0.0000;0.0709
96.5;0.1680;0.1937;0.0650;0.0000;52;54;0.0745;0.0179;0.1219;-0.0039;0.0010;0.0000;0.0709
97.0;0.1717;0.1946;0.2355;0.0000;56;52;-0.0867;0.0164;0.1219;-0.0117;0.0010;0.0000;0.0709
97.5;0.1708;0.1960;0.3110;0.0000;56;52;-0.0110;0.0179;0.1219;-0.0156;0.0010;0.0000;0.0709
98.0;0.1703;0.1969;0.3145;0.0000;56;52;-0.0134;0.0193;0.1234;-0.0156;0.0010;0.0000;0.0709
98.5;0.1694;0.1978;0.2180;0.0000;56;52;-0.0085;0.0208;0.1234;-0.0108;0.0010;0.0000;0.0709
99.0;0.1690;0.1987;0.2630;0.0000;56;52;-0.0110;0.0223;0.1234;-0.0127;0.0010;0.0000;0.0709
99.5;0.1722;0.1996;0.1685;0.0000;56;52;-0.0842;0.0193;0.1234;-0.0088;-0.0000;0.0000;0.0709
100.0;0.1754;0.2005;0.2240;0.0000;56;52;0.0696;0.0179;0.1234;-0.0117;-0.0000;0.0000;0.0709
100.5;0.1745;0.2019;0.1395;0.0000;56;54;-0.0061;0.0193;0.1248;-0.0068;-0.0000;0.0000;0.0709
101.0;0.1735;0.2028;0.1180;0.0000;56;54;-0.0061;0.0208;0.1248;-0.0059;-0.0000;0.0000;0.0709
101.5;0.1804;0.2038;0.0515;0.0000;54;54;-0.0037;0.0164;0.1248;-0.0029;-0.0000;0.0000;0.0709
102.0;0.1790;0.2047;0.0450;0.0000;54;54;-0.0037;0.0179;0.1248;-0.0029;-0.0000;0.0000;0.0709
102.5;0.1781;0.2056;0.0520;0.0000;56;54;-0.0037;0.0193;0.1248;-0.0029;-0.0000;0.0000;0.0709
103.0;0.1809;0.2070;-0.0045;0.0000;54;56;-0.0794;0.0193;0.1248;-0.0000;-0.0000;0.0000;0.0709
103.5;0.1836;0.2079;-0.0280;0.0000;54;56;0.0769;0.0179;0.1263;0.0010;-0.0000;0.0000;0.0709
104.0;0.1822;0.2088;-0.0930;0.0000;54;56;0.0012;0.0193;0.1263;0.0039;-0.0000;0.0000;0.0709
104.5;0.1845;0.2097;-0.0340;0.0000;54;56;0.0794;0.0179;0.1263;0.0010;-0.0000;0.0000;0.0709
105.0;0.1873;0.2106;-0.1000;0.0000;54;56;-0.0769;0.0164;0.1263;0.0039;-0.0000;0.0000;0.0709
105.5;0.1859;0.2120;-0.0055;0.0000;56;56;0.0769;0.0193;0.1263;-0.0000;-0.0000;0.0000;0.0709
106.0;0.1841;0.2129;-0.0285;0.0000;56;56;-0.0012;0.0208;0.1277;0.0010;-0.0000;0.0000;0.0709
106.5;0.1868;0.2138;-0.0285;0.0000;56;56;-0.0794;0.0193;0.1277;0.0010;-0.0000;0.0000;0.0709
107.0;0.1891;0.2147;-0.0300;0.0000;56;56;0.0769;0.0179;0.1277;0.0010;-0.0000;0.0000;0.0709
107.5;0.1918;0.2157;-0.0050;0.0000;56;56;-0.0794;0.0179;0.1277;-0.0000;-0.0000;0.0000;0.0787
108.0;0.1937;0.2166;0.0780;0.0000;56;56;0.0745;0.0164;0.1277;-0.0039;-0.0000;0.0000;0.0787
108.5;0.1960;0.2179;0.0240;0.0000;56;56;-0.0794;0.0164;0.1277;-0.0020;-0.0000;0.0000;0.0787
109.0;0.1978;0.2189;0.0765;0.0000;56;56;-0.0037;0.0149;0.1277;-0.0039;-0.0000;0.0000;0.0787
109.5;0.1955;0.2198;-0.0040;0.0000;56;56;-0.0012;0.0179;0.1292;-0.0000;-0.0000;0.0000;0.0787
110.0;0.1978;0.2207;0.0680;0.0000;56;56;0.0745;0.0164;0.1292;-0.0039;-0.0000;0.0000;0.0787
110.5;0.1996;0.2216;0.0570;0.0000;56;58;0.0745;0.0164;0.1292;-0.0029;-0.0000;0.0000;0.0787
111.0;0.2015;0.2230;0.1360;0.0000;58;56;-0.0842;0.0149;0.1292;-0.0068;-0.0000;0.0000;0.0787
111.5;0.2033;0.2239;0.0775;0.0000;56;56;0.0745;0.0149;0.1292;-0.0039;-0.0000;0.0000;0.0787
112.0;0.2047;0.2248;-0.0205;0.0000;56;58;-0.0794;0.0149;0.1292;-0.0000;-0.0000;0.0000;0.0787
112.5;0.2102;0.2257;-0.0190;0.0000;56;58;-0.0012;0.0105;0.1292;-0.0000;-0.0000;0.0000;0.0787
113.0;0.2074;0.2266;-0.0820;0.0000;56;58;0.0012;0.0135;0.1307;0.0039;-0.0000;0.0000;0.0787
113.5;0.2129;0.2276;-0.0545;0.0000;56;58;0.0012;0.0105;0.1307;0.0020;-0.0000;0.0000;0.0787
114.0;0.2138;0.2289;-0.1355;0.0000;54;58;0.0818;0.0105;0.1307;0.0059;-0.0000;0.0000;0.0787
114.5;0.2147;0.2299;-0.0980;0.0000;56;58;0.0012;0.0105;0.1307;0.0039;-0.0000;0.0000;0.0787
115.0;0.2161;0.2308;-0.1145;0.0000;56;58;-0.0745;0.0105;0.1307;0.0049;-0.0000;0.0000;0.0787
115.5;0.2207;0.2317;-0.0490;0.0000;56;58;0.0012;0.0076;0.1307;0.0020;-0.0000;0.0000;0.0787
116.0;0.2175;0.2326;-0.0450;0.0000;56;58;0.0012;0.0105;0.1307;0.0020;-0.0000;0.0000;0.0787
116.5;0.2225;0.2340;-0.0350;0.0000;56;58;-0.0012;0.0076;0.1307;0.0010;-0.0000;0.0000;0.0787
117.0;0.2271;0.2349;-0.0610;0.0000;56;58;0.0012;0.0047;0.1307;0.0020;-0.0000;0.0000;0.0787
117.5;0.2276;0.2358;-0.1185;0.0000;56;58;0.0037;0.0062;0.1307;0.0049;0.0010;0.0000;0.0787
118.0;0.2239;0.2367;-0.1305;0.0000;56;58;0.0037;0.0091;0.1307;0.0059;0.0010;0.0000;0.0787
118.5;0.2239;0.2376;-0.1310;0.0000;56;58;-0.0745;0.0091;0.1321;0.0059;0.0010;0.0000;0.0787
119.0;0.2285;0.2386;-0.0505;0.0000;58;58;0.0012;0.0062;0.1321;0.0020;0.0010;0.0000;0.0787
119.5;0.2331;0.2399;-0.0880;0.0000;56;58;0.0012;0.0047;0.1321;0.0039;0.0010;0.0000;0.0787
120.0;0.2367;0.2408;0.0035;0.0000;58;56;-0.0012;0.0018;0.1321;-0.0010;0.0010;0.0000;0.0787
120.5;0.2413;0.2418;-0.0290;0.0000;56;56;-0.0012;0.0003;0.1321;0.0010;0.0010;0.0000;0.0787
121.0;0.2367;0.2427;-0.0215;0.0000;58;58;-0.0012;0.0032;0.1321;0.0010;0.0010;0.0000;0.0787
121.5;0.2408;0.2436;-0.0400;0.0000;56;58;0.0012;0.0018;0.1321;0.0010;0.0010;0.0000;0.0787
122.0;0.2445;0.2450;-0.0235;0.0000;56;58;-0.0012;-0.0012;0.1321;0.0010;0.0010;0.0000;0.0787
122.5;0.2477;0.2459;-0.0560;0.0000;56;58;0.0012;-0.0026;0.1321;0.0020;0.0010;0.0000;0.0787
123.0;0.2514;0.2468;-0.1035;0.0000;56;58;0.0012;-0.0041;0.1321;0.0049;0.0010;0.0000;0.0787
123.5;0.2537;0.2477;-0.1125;0.0000;56;58;0.0037;-0.0056;0.1321;0.0049;0.0010;0.0000;0.0787
124.0;0.2532;0.2486;-0.1750;0.0000;56;58;-0.0745;-0.0041;0.1321;0.0078;0.0010;0.0000;0.0787
124.5;0.2564;0.2500;-0.1100;0.0000;56;58;0.0037;-0.0056;0.1321;0.0049;0.0010;0.0000;0.0787
125.0;0.2550;0.2509;-0.1350;0.0000;56;58;0.0818;-0.0041;0.1321;0.0059;0.0010;0.0000;0.0787
125.5;0.2619;0.2518;-0.0725;0.0000;56;56;-0.0769;-0.0085;0.1321;0.0029;0.0010;0.0000;0.0787
126.0;0.2605;0.2527;-0.0860;0.0000;56;58;0.0794;-0.0070;0.1307;0.0039;0.0010;0.0000;0.0787
126.5;0.2633;0.2537;-0.1020;0.0000;56;58;0.0012;-0.0085;0.1307;0.0049;0.0010;0.0000;0.0787
127.0;0.2660;0.2546;-0.0280;0.0000;56;56;-0.0012;-0.0085;0.1307;0.0010;0.0010;0.0000;0.0787
127.5;0.2683;0.2560;-0.0470;0.0000;56;56;0.0012;-0.0100;0.1307;0.0020;0.0010;0.0000;0.0787
128.0;0.2701;0.2569;-0.0305;0.0000;56;56;-0.0012;-0.0114;0.1307;0.0010;0.0010;0.0000;0.0787
128.5;0.2683;0.2578;-0.0870;0.0000;56;58;-0.0769;-0.0085;0.1307;0.0039;0.0010;0.0000;0.0787
129.0;0.2706;0.2587;-0.0120;0.0000;56;56;-0.0012;-0.0100;0.1307;-0.0000;0.0010;0.0000;0.0866
129.5;0.2729;0.2596;-0.0575;0.0000;56;56;0.0012;-0.0100;0.1307;0.0020;0.0010;0.0000;0.0866
130.0;0.2752;0.2610;-0.0130;0.0000;56;56;-0.0012;-0.0114;0.1307;-0.0000;0.0010;0.0000;0.0866
130.5;0.2770;0.2619;-0.0240;0.0000;56;56;-0.0012;-0.0129;0.1307;0.0010;0.0010;0.0000;0.0866
131.0;0.2788;0.2628;0.0125;0.0000;56;56;-0.0012;-0.0129;0.1307;-0.0010;0.0010;0.0000;0.0866
131.5;0.2807;0.2637;-0.0315;0.0000;56;56;-0.0012;-0.0129;0.1292;0.0010;0.0010;0.0000;0.0866
132.0;0.2821;0.2647;-0.0790;0.0000;54;56;0.0012;-0.0144;0.1292;0.0029;0.0010;0.0000;0.0866
132.5;0.2834;0.2656;-0.0245;0.0000;56;56;-0.0012;-0.0144;0.1292;0.0010;0.0010;0.0000;0.0866
133.0;0.2848;0.2669;-0.0735;0.0000;54;56;0.0012;-0.0144;0.1292;0.0029;0.0010;0.0000;0.0866
133.5;0.2825;0.2679;-0.0625;0.0000;56;56;0.0012;-0.0114;0.1292;0.0029;0.0010;0.0000;0.0866
134.0;0.2798;0.2688;-0.1360;0.0000;56;58;-0.0745;-0.0085;0.1292;0.0059;0.0010;0.0000;0.0866
134.5;0.2821;0.2697;-0.1135;0.0000;56;58;0.0037;-0.0100;0.1292;0.0049;0.0010;0.0000;0.0866
135.0;0.2834;0.2706;-0.1615;0.0000;56;58;0.0037;-0.0100;0.1292;0.0068;0.0010;0.0000;0.0866
135.5;0.2853;0.2720;-0.1300;0.0000;56;58;0.0037;-0.0100;0.1292;0.0059;0.0010;0.0000;0.0866
136.0;0.2866;0.2729;-0.1035;0.0000;56;58;0.0012;-0.0114;0.1292;0.0049;0.0010;0.0000;0.0866
136.5;0.2875;0.2738;-0.1415;0.0000;56;58;0.0037;-0.0114;0.1277;0.0059;0.0010;0.0000;0.0866
137.0;0.2889;0.2747;-0.0625;0.0000;56;56;0.0012;-0.0114;0.1277;0.0029;0.0010;0.0000;0.0866
137.5;0.2862;0.2756;-0.0590;0.0000;56;56;-0.0769;-0.0085;0.1277;0.0020;0.0010;0.0000;0.0866
138.0;0.2953;0.2766;-0.0340;0.0000;56;56;-0.0012;-0.0144;0.1277;0.0010;0.0010;0.0000;0.0866
138.5;0.2962;0.2779;-0.0745;0.0000;56;56;0.0012;-0.0144;0.1277;0.0029;0.0010;0.0000;0.0866
139.0;0.2935;0.2788;-0.0660;0.0000;56;58;0.0794;-0.0114;0.1277;0.0029;0.0010;0.0000;0.0866
139.5;0.2944;0.2798;-0.0550;0.0000;56;58;0.0012;-0.0114;0.1277;0.0020;0.0010;0.0000;0.0866
140.0;0.2990;0.2807;-0.0755;0.0000;56;58;-0.0769;-0.0144;0.1277;0.0029;0.0010;0.0000;0.0866
140.5;0.2999;0.2816;-0.0665;0.0000;56;58;0.0012;-0.0144;0.1277;0.0029;0.0010;0.0000;0.0866
141.0;0.3004;0.2830;-0.0775;0.0000;56;58;0.0012;-0.0144;0.1263;0.0029;0.0010;0.0000;0.0866
141.5;0.3013;0.2839;-0.0670;0.0000;56;58;0.0012;-0.0144;0.1263;0.0029;0.0010;0.0000;0.0866
142.0;0.3054;0.2848;-0.0500;0.0000;56;58;0.0794;-0.0158;0.1263;0.0020;0.0010;0.0000;0.0866
142.5;0.3054;0.2857;-0.0210;0.0000;56;56;-0.0012;-0.0158;0.1263;0.0010;0.0010;0.0000;0.0866
143.0;0.3104;0.2866;-0.0075;0.0000;56;56;-0.0794;-0.0188;0.1263;-0.0000;0.0010;0.0000;0.0866
143.5;0.3100;0.2875;0.0480;0.0000;56;56;-0.0037;-0.0173;0.1263;-0.0029;0.0010;0.0000;0.0866
144.0;0.3109;0.2889;0.0525;0.0000;56;56;-0.0037;-0.0173;0.1263;-0.0029;0.0010;0.0000;0.0866
144.5;0.3109;0.2898;0.0505;0.0000;56;56;-0.0037;-0.0173;0.1248;-0.0029;0.0010;0.0000;0.0866
145.0;0.3150;0.2908;0.0330;0.0000;56;56;0.0769;-0.0188;0.1248;-0.0020;0.0010;0.0000;0.0866
145.5;0.3150;0.2917;-0.0220;0.0000;56;56;-0.0012;-0.0188;0.1248;0.0010;0.0010;0.0000;0.0866
146.0;0.3150;0.2926;-0.0450;0.0000;56;58;0.0012;-0.0173;0.1248;0.0020;0.0010;0.0000;0.0866
146.5;0.3146;0.2940;-0.0520;0.0000;56;58;0.0012;-0.0158;0.1248;0.0020;0.0010;0.0000;0.0866
147.0;0.3141;0.2949;-0.0510;0.0000;56;58;0.0012;-0.0158;0.1248;0.0020;0.0010;0.0000;0.0866
147.5;0.3182;0.2958;-0.0555;0.0000;54;58;0.0012;-0.0173;0.1248;0.0020;0.0010;0.0000;0.0866
148.0;0.3178;0.2967;-0.0400;0.0000;56;58;0.0012;-0.0173;0.1234;0.0010;0.0010;0.0000;0.0866
148.5;0.3178;0.2976;0.0195;0.0000;56;58;-0.0012;-0.0158;0.1234;-0.0010;0.0010;0.0000;0.0866
149.0;0.3178;0.2990;0.0495;0.0000;56;56;-0.0037;-0.0144;0.1234;-0.0029;0.0010;0.0000;0.0866
149.5;0.3214;0.2999;0.1095;0.0000;58;56;-0.0842;-0.0173;0.1234;-0.0059;0.0010;0.0000;0.0866
150.0;0.3210;0.3008;0.1260;0.0000;58;56;-0.0061;-0.0158;0.1234;-0.0068;0.0010;0.0000;0.0866
150.5;0.3205;0.3017;0.0965;0.0000;58;56;-0.0037;-0.0144;0.1234;-0.0049;0.0010;0.0000;0.0866
151.0;0.3242;0.3027;0.0315;0.0000;56;56;0.0769;-0.0173;0.1234;-0.0020;0.0010;0.0000;0.0945
151.5;0.3274;0.3036;-0.0205;0.0000;56;56;-0.0794;-0.0188;0.1219;0.0010;0.0010;0.0000;0.0945
152.0;0.3306;0.3049;-0.0365;0.0000;56;58;0.0794;-0.0202;0.1219;0.0010;0.0010;0.0000;0.0945
152.5;0.3301;0.3059;-0.0700;0.0000;56;58;0.0012;-0.0188;0.1219;0.0029;0.0010;0.0000;0.0945
153.0;0.3292;0.3068;-0.0565;0.0000;56;58;-0.0769;-0.0173;0.1219;0.0020;0.0010;0.0000;0.0945
153.5;0.3320;0.3077;-0.0810;0.0000;54;58;0.0794;-0.0188;0.1219;0.0029;0.0010;0.0000;0.0945
154.0;0.3310;0.3086;-0.0305;0.0000;56;58;-0.0012;-0.0173;0.1219;0.0010;0.0010;0.0000;0.0945
154.5;0.3301;0.3100;-0.0070;0.0000;56;58;0.0769;-0.0158;0.1204;-0.0000;0.0010;0.0000;0.0945
155.0;0.3333;0.3109;-0.0050;0.0000;56;58;-0.0794;-0.0173;0.1204;-0.0000;0.0010;0.0000;0.0945
155.5;0.3361;0.3118;0.0760;0.0000;56;56;0.0745;-0.0188;0.1204;-0.0039;0.0010;0.0000;0.0945
156.0;0.3384;0.3127;0.1040;0.0000;58;56;-0.0842;-0.0202;0.1204;-0.0059;0.0010;0.0000;0.0945
156.5;0.3375;0.3136;0.1225;0.0000;58;56;-0.0061;-0.0188;0.1204;-0.0068;0.0010;0.0000;0.0945
157.0;0.3402;0.3146;0.0580;0.0000;56;56;0.0745;-0.0202;0.1204;-0.0029;0.0010;0.0000;0.0945
157.5;0.3388;0.3159;0.0490;0.0000;56;58;-0.0037;-0.0188;0.1204;-0.0029;0.0010;0.0000;0.0945
158.0;0.3420;0.3168;-0.0105;0.0000;56;58;0.0769;-0.0202;0.1190;-0.0000;0.0010;0.0000;0.0945
158.5;0.3402;0.3178;0.0230;0.0000;56;58;-0.0012;-0.0173;0.1190;-0.0020;0.0010;0.0000;0.0945
159.0;0.3429;0.3187;0.0010;0.0000;56;58;0.0769;-0.0188;0.1190;-0.0010;0.0010;0.0000;0.0945
159.5;0.3452;0.3196;0.0180;0.0000;56;58;-0.0794;-0.0202;0.1190;-0.0010;0.0010;0.0000;0.0945
160.0;0.3439;0.3210;-0.0060;0.0000;56;58;-0.0012;-0.0173;0.1190;-0.0000;0.0010;0.0000;0.0945
160.5;0.3420;0.3219;0.0145;0.0000;56;58;-0.0012;-0.0158;0.1190;-0.0010;0.0010;0.0000;0.0945
161.0;0.3484;0.3228;0.0305;0.0000;56;58;-0.0012;-0.0202;0.1175;-0.0020;0.0010;0.0000;0.0945
161.5;0.3466;0.3237;0.0665;0.0000;58;56;-0.0037;-0.0173;0.1175;-0.0039;0.0010;0.0000;0.0945
162.0;0.3526;0.3246;0.1060;0.0000;58;56;-0.0061;-0.0217;0.1175;-0.0059;0.0010;0.0000;0.0945
162.5;0.3507;0.3255;0.0940;0.0000;58;56;-0.0037;-0.0188;0.1175;-0.0049;0.0010;0.0000;0.0945
163.0;0.3526;0.3269;0.1110;0.0000;58;56;0.0720;-0.0202;0.1175;-0.0059;0.0010;0.0000;0.0945
163.5;0.3507;0.3278;0.0770;0.0000;58;58;-0.0037;-0.0173;0.1175;-0.0039;0.0010;0.0000;0.0945
164.0;0.3530;0.3288;0.0715;0.0000;56;58;0.0745;-0.0188;0.1160;-0.0039;0.0010;0.0000;0.0945
164.5;0.3590;0.3297;0.0580;0.0000;56;58;-0.0037;-0.0231;0.1160;-0.0029;0.0010;0.0000;0.0945
165.0;0.3567;0.3306;0.0440;0.0000;56;58;-0.0037;-0.0202;0.1160;-0.0029;0.0010;0.0000;0.0945
165.5;0.3539;0.3320;0.0155;0.0000;56;58;0.0769;-0.0173;0.1160;-0.0010;0.0010;0.0000;0.0945
166.0;0.3558;0.3329;-0.0270;0.0000;56;58;-0.0794;-0.0173;0.1160;0.0010;0.0010;0.0000;0.0945
166.5;0.3581;0.3338;-0.0295;0.0000;56;58;0.0769;-0.0188;0.1160;0.0010;0.0010;0.0000;0.0945
167.0;0.3631;0.3347;-0.0235;0.0000;56;58;-0.0012;-0.0217;0.1146;0.0010;0.0010;0.0000;0.0945
167.5;0.3608;0.3356;0.0655;0.0000;58;58;-0.0037;-0.0202;0.1146;-0.0039;0.0010;0.0000;0.0945
168.0;0.3626;0.3370;0.0770;0.0000;58;56;-0.0818;-0.0202;0.1146;-0.0039;0.0010;0.0000;0.0945
168.5;0.3640;0.3379;0.1195;0.0000;58;56;0.0720;-0.0202;0.1146;-0.0059;0.0010;0.0000;0.0945
169.0;0.3613;0.3388;0.0760;0.0000;58;58;-0.0037;-0.0173;0.1146;-0.0039;0.0010;0.0000;0.0945
169.5;0.3668;0.3397;0.0630;0.0000;58;58;-0.0037;-0.0217;0.1131;-0.0039;0.0010;0.0000;0.0945
170.0;0.3713;0.3407;0.0860;0.0000;58;56;-0.0037;-0.0231;0.1131;-0.0049;0.0010;0.0000;0.0945
170.5;0.3727;0.3416;0.0760;0.0000;56;56;0.0745;-0.0231;0.1131;-0.0039;0.0010;0.0000;0.0945
171.0;0.3700;0.3429;0.0990;0.0000;58;56;-0.0037;-0.0217;0.1131;-0.0049;0.0010;0.0000;0.0945
171.5;0.3745;0.3439;0.0165;0.0000;56;58;-0.0012;-0.0231;0.1131;-0.0010;0.0010;0.0000;0.0945
172.0;0.3713;0.3448;0.0075;0.0000;56;58;-0.0012;-0.0202;0.1116;-0.0010;0.0010;0.0000;0.0945
172.5;0.3768;0.3457;-0.0690;0.0000;56;58;0.0012;-0.0231;0.1116;0.0029;0.0010;0.0000;0.0945
173.0;0.3773;0.3466;-0.0010;0.0000;56;58;0.0769;-0.0231;0.1116;-0.0000;0.0010;0.0000;0.1024
173.5;0.3782;0.3480;0.0105;0.0000;56;58;-0.0794;-0.0231;0.1116;-0.0010;0.0010;0.0000;0.1024
174.0;0.3787;0.3489;0.0330;0.0000;56;58;0.0769;-0.0231;0.1116;-0.0020;0.0010;0.0000;0.1024
174.5;0.3796;0.3498;0.0035;0.0000;56;58;-0.0794;-0.0231;0.1102;-0.0010;0.0010;0.0000;0.1024
175.0;0.3759;0.3507;0.0205;0.0000;58;58;-0.0012;-0.0202;0.1102;-0.0020;0.0010;0.0000;0.1024
175.5;0.3768;0.3516;0.0310;0.0000;58;58;-0.0012;-0.0188;0.1102;-0.0020;0.0010;0.0000;0.1024
176.0;0.3736;0.3526;0.0715;0.0000;58;58;-0.0037;-0.0158;0.1102;-0.0039;0.0010;0.0000;0.1024
176.5;0.3745;0.3539;0.0715;0.0000;58;58;0.0745;-0.0158;0.1102;-0.0039;0.0010;0.0000;0.1024
177.0;0.3750;0.3549;0.0530;0.0000;58;58;0.0745;-0.0158;0.1102;-0.0029;0.0010;0.0000;0.1024
177.5;0.3718;0.3558;0.1105;0.0000;58;58;-0.0061;-0.0129;0.1102;-0.0059;0.0010;0.0000;0.1024
178.0;0.3768;0.3567;0.0170;0.0000;58;60;-0.0012;-0.0158;0.1087;-0.0010;0.0010;0.0000;0.1024
178.5;0.3736;0.3576;0.0825;0.0000;58;58;-0.0037;-0.0129;0.1087;-0.0049;0.0010;0.0000;0.1024
179.0;0.3745;0.3590;0.0545;0.0000;58;58;-0.0818;-0.0129;0.1087;-0.0029;0.0010;0.0000;0.1024
179.5;0.3750;0.3599;0.0410;0.0000;58;60;0.0745;-0.0114;0.1087;-0.0029;0.0010;0.0000;0.1024
180.0;0.3800;0.3608;0.0490;0.0000;58;58;-0.0037;-0.0158;0.1087;-0.0029;0.0010;0.0000;0.1024
180.5;0.3768;0.3617;0.0460;0.0000;58;60;-0.0037;-0.0114;0.1087;-0.0029;0.0010;0.0000;0.1024
181.0;0.3814;0.3626;0.1360;0.0000;60;58;-0.0061;-0.0144;0.1087;-0.0068;0.0010;0.0000;0.1024
181.5;0.3823;0.3636;0.0740;0.0000;58;58;0.0745;-0.0144;0.1087;-0.0039;0.0010;0.0000;0.1024
182.0;0.3828;0.3649;0.1305;0.0000;60;58;-0.0842;-0.0144;0.1072;-0.0068;0.0010;0.0000;0.1024
182.5;0.3828;0.3658;0.0605;0.0000;58;60;0.0745;-0.0144;0.1072;-0.0029;0.0010;0.0000;0.1024
183.0;0.3832;0.3668;0.0940;0.0000;60;58;-0.0818;-0.0129;0.1072;-0.0049;0.0010;0.0000;0.1024
183.5;0.3837;0.3677;0.0205;0.0000;58;60;0.0769;-0.0129;0.1072;-0.0020;0.0010;0.0000;0.1024
184.0;0.3842;0.3686;0.1010;0.0000;60;60;0.0745;-0.0129;0.1072;-0.0049;0.0010;0.0000;0.1024
184.5;0.3842;0.3700;0.0840;0.0000;60;60;0.0745;-0.0114;0.1072;-0.0049;0.0010;0.0000;0.1024
185.0;0.3887;0.3709;0.0600;0.0000;58;60;-0.0037;-0.0144;0.1072;-0.0029;0.0010;0.0000;0.1024
185.5;0.3846;0.3718;0.0905;0.0000;60;60;-0.0037;-0.0100;0.1072;-0.0049;0.0010;0.0000;0.1024
186.0;0.3897;0.3727;0.0725;0.0000;60;60;-0.0037;-0.0129;0.1072;-0.0039;0.0010;0.0000;0.1024
186.5;0.3897;0.3736;0.1610;0.0000;60;60;0.0720;-0.0129;0.1072;-0.0078;0.0010;0.0000;0.1024
187.0;0.3938;0.3745;0.1055;0.0000;60;60;-0.0061;-0.0144;0.1058;-0.0059;-0.0000;0.0000;0.1024
187.5;0.3897;0.3759;0.1400;0.0000;60;60;-0.0842;-0.0114;0.1058;-0.0068;-0.0000;0.0000;0.1024
188.0;0.3897;0.3768;0.0600;0.0000;60;60;0.0745;-0.0100;0.1058;-0.0029;-0.0000;0.0000;0.1024
188.5;0.3938;0.3777;0.1005;0.0000;60;60;-0.0037;-0.0129;0.1058;-0.0049;-0.0000;0.0000;0.1024
189.0;0.3897;0.3787;0.0465;0.0000;60;60;-0.0037;-0.0085;0.1058;-0.0029;-0.0000;0.0000;0.1024
189.5;0.3897;0.3796;0.0575;0.0000;60;60;-0.0818;-0.0085;0.1058;-0.0029;-0.0000;0.0000;0.1024
190.0;0.3897;0.3810;0.0810;0.0000;60;60;0.0745;-0.0070;0.1058;-0.0039;-0.0000;0.0000;0.1024
190.5;0.3938;0.3819;-0.0025;0.0000;60;62;-0.0012;-0.0100;0.1058;-0.0000;-0.0000;0.0000;0.1024
191.0;0.3938;0.3828;0.0615;0.0000;60;60;-0.0037;-0.0085;0.1058;-0.0039;-0.0000;0.0000;0.1024
191.5;0.3897;0.3837;0.0070;0.0000;60;62;-0.0012;-0.0056;0.1058;-0.0010;-0.0000;0.0000;0.1024
192.0;0.3933;0.3846;0.0560;0.0000;60;62;-0.0037;-0.0070;0.1058;-0.0029;-0.0000;0.0000;0.1024
192.5;0.3933;0.3860;0.0515;0.0000;60;62;0.0745;-0.0070;0.1058;-0.0029;-0.0000;0.0000;0.1024
193.0;0.3974;0.3869;0.1015;0.0000;62;62;-0.0037;-0.0085;0.1058;-0.0059;-0.0000;0.0000;0.1024
193.5;0.4006;0.3878;0.0705;0.0000;60;62;-0.0037;-0.0100;0.1043;-0.0039;-0.0000;0.0000;0.1024
194.0;0.3997;0.3887;0.0885;0.0000;60;62;0.0745;-0.0085;0.1043;-0.0049;-0.0000;0.0000;0.1024
194.5;0.4043;0.3897;0.0700;0.0000;60;62;-0.0037;-0.0114;0.1043;-0.0039;-0.0000;0.0000;0.1024
195.0;0.4066;0.3906;0.0920;0.0000;60;60;-0.0037;-0.0129;0.1043;-0.0049;-0.0000;0.0000;0.1102
195.5;0.4066;0.3919;0.0965;0.0000;60;62;0.0745;-0.0114;0.1043;-0.0049;-0.0000;0.0000;0.1102
196.0;0.4057;0.3929;0.0265;0.0000;60;62;-0.0794;-0.0100;0.1043;-0.0020;-0.0000;0.0000;0.1102
196.5;0.4130;0.3938;0.0905;0.0000;60;60;0.0745;-0.0158;0.1043;-0.0049;-0.0000;0.0000;0.1102
197.0;0.4080;0.3947;0.0160;0.0000;60;62;-0.0012;-0.0100;0.1043;-0.0010;-0.0000;0.0000;0.1102
197.5;0.4029;0.3956;0.0685;0.0000;62;62;-0.0037;-0.0056;0.1043;-0.0039;-0.0000;0.0000;0.1102
198.0;0.4025;0.3970;0.0605;0.0000;62;62;-0.0037;-0.0056;0.1043;-0.0029;-0.0000;0.0000;0.1102
198.5;0.4016;0.3979;0.1010;0.0000;62;62;-0.0842;-0.0041;0.1043;-0.0049;-0.0000;0.0000;0.1102
199.0;0.4016;0.3988;0.1060;0.0000;62;62;0.0745;-0.0026;0.1043;-0.0059;-0.0000;0.0000;0.1102
199.5;0.4043;0.3997;0.0855;0.0000;62;62;-0.0037;-0.0041;0.1043;-0.0049;-0.0000;0.0000;0.1102
200.0;0.4084;0.4006;0.1120;0.0000;62;62;-0.0061;-0.0070;0.1043;-0.0059;-0.0000;0.0000;0.1102
200.5;0.4116;0.4016;0.0905;0.0000;62;62;-0.0037;-0.0085;0.1028;-0.0049;-0.0000;0.0000;0.1102
201.0;0.4144;0.4029;0.1410;0.0000;62;62;-0.0061;-0.0100;0.1028;-0.0068;-0.0000;0.0000;0.1102
201.5;0.4093;0.4038;0.1130;0.0000;62;62;-0.0061;-0.0041;0.1028;-0.0059;-0.0000;0.0000;0.1102
202.0;0.4121;0.4048;0.1100;0.0000;62;62;-0.0061;-0.0070;0.1028;-0.0059;-0.0000;0.0000;0.1102
202.5;0.4153;0.4057;0.0320;0.0000;62;62;-0.0012;-0.0085;0.1028;-0.0020;-0.0000;0.0000;0.1102
203.0;0.4217;0.4066;0.0635;0.0000;62;62;0.0745;-0.0114;0.1028;-0.0039;-0.0000;0.0000;0.1102
203.5;0.4245;0.4080;0.0165;0.0000;62;62;-0.0012;-0.0129;0.1028;-0.0010;-0.0000;0.0000;0.1102
204.0;0.4267;0.4089;0.0860;0.0000;62;62;-0.0037;-0.0144;0.1028;-0.0049;-0.0000;0.0000;0.1102
204.5;0.4249;0.4098;0.0520;0.0000;62;62;0.0745;-0.0114;0.1028;-0.0029;-0.0000;0.0000;0.1102
205.0;0.4231;0.4107;0.0350;0.0000;62;64;0.0769;-0.0100;0.1028;-0.0020;-0.0000;0.0000;0.1102
205.5;0.4254;0.4116;0.1000;0.0000;62;62;-0.0037;-0.0114;0.1028;-0.0049;-0.0000;0.0000;0.1102
206.0;0.4277;0.4125;0.0480;0.0000;62;62;-0.0037;-0.0114;0.1028;-0.0029;-0.0000;0.0000;0.1102
206.5;0.4299;0.4139;0.1415;0.0000;62;62;-0.0061;-0.0129;0.1014;-0.0068;-0.0000;0.0000;0.1102
207.0;0.4318;0.4148;0.1100;0.0000;62;62;-0.0061;-0.0129;0.1014;-0.0059;-0.0000;0.0000;0.1102
207.5;0.4327;0.4158;0.1190;0.0000;62;62;-0.0061;-0.0129;0.1014;-0.0059;-0.0000;0.0000;0.1102
208.0;0.4354;0.4167;0.0995;0.0000;62;62;0.0745;-0.0144;0.1014;-0.0049;-0.0000;0.0000;0.1102
208.5;0.4368;0.4176;0.1725;0.0000;64;60;-0.0085;-0.0158;0.1014;-0.0088;-0.0000;0.0000;0.1102
209.0;0.4386;0.4190;0.1875;0.0000;64;60;-0.0085;-0.0158;0.1014;-0.0098;-0.0000;0.0000;0.1102
209.5;0.4405;0.4199;0.1735;0.0000;64;60;-0.0061;-0.0158;0.1014;-0.0088;-0.0000;0.0000;0.1102
210.0;0.4418;0.4208;0.1655;0.0000;64;60;-0.0061;-0.0173;0.0999;-0.0088;-0.0000;0.0000;0.1102
210.5;0.4432;0.4217;0.0895;0.0000;62;62;-0.0037;-0.0173;0.0999;-0.0049;-0.0000;0.0000;0.1102
211.0;0.4446;0.4226;0.1455;0.0000;64;60;-0.0061;-0.0173;0.0999;-0.0078;-0.0000;0.0000;0.1102
211.5;0.4460;0.4240;0.1010;0.0000;62;60;-0.0037;-0.0173;0.0999;-0.0049;-0.0000;0.0000;0.1102
212.0;0.4473;0.4249;0.1660;0.0000;64;60;-0.0061;-0.0173;0.0999;-0.0088;-0.0000;0.0000;0.1102
212.5;0.4400;0.4258;0.1050;0.0000;64;62;-0.0061;-0.0114;0.0999;-0.0059;-0.0000;0.0000;0.1102
213.0;0.4382;0.4267;0.1075;0.0000;64;62;-0.0842;-0.0085;0.0999;-0.0059;-0.0010;0.0000;0.1102
213.5;0.4428;0.4277;0.0585;0.0000;64;62;0.0745;-0.0114;0.0999;-0.0029;-0.0010;0.0000;0.1102
214.0;0.4451;0.4286;0.1175;0.0000;64;62;-0.0061;-0.0129;0.0984;-0.0059;-0.0010;0.0000;0.1102
214.5;0.4460;0.4299;0.1730;0.0000;64;62;-0.0061;-0.0129;0.0984;-0.0088;-0.0010;0.0000;0.1102
215.0;0.4473;0.4309;0.1140;0.0000;64;62;-0.0061;-0.0129;0.0984;-0.0059;-0.0010;0.0000;0.1102
215.5;0.4524;0.4318;0.1630;0.0000;64;60;-0.0842;-0.0158;0.0984;-0.0088;-0.0010;0.0000;0.1102
216.0;0.4492;0.4327;0.0820;0.0000;64;62;-0.0037;-0.0129;0.0984;-0.0049;-0.0010;0.0000;0.1102
216.5;0.4501;0.4336;0.1400;0.0000;64;62;-0.0061;-0.0129;0.0984;-0.0068;-0.0010;0.0000;0.1181
217.0;0.4510;0.4350;0.0955;0.0000;64;62;-0.0037;-0.0129;0.0984;-0.0049;-0.0010;0.0000;0.1181
217.5;0.4519;0.4359;0.1475;0.0000;64;62;-0.0061;-0.0129;0.0984;-0.0078;-0.0010;0.0000;0.1181
218.0;0.4570;0.4368;0.0980;0.0000;64;62;0.0745;-0.0158;0.0984;-0.0049;-0.0010;0.0000;0.1181
218.5;0.4611;0.4377;0.0540;0.0000;62;62;-0.0818;-0.0188;0.0970;-0.0029;-0.0010;0.0000;0.1181
219.0;0.4620;0.4386;0.0340;0.0000;62;62;-0.0012;-0.0188;0.0970;-0.0020;-0.0010;0.0000;0.1181
219.5;0.4583;0.4396;0.0500;0.0000;62;62;-0.0037;-0.0144;0.0970;-0.0029;-0.0010;0.0000;0.1181
220.0;0.4588;0.4409;0.0825;0.0000;64;62;-0.0037;-0.0144;0.0970;-0.0049;-0.0010;0.0000;0.1181
220.5;0.4597;0.4418;-0.0430;0.0000;62;64;0.0012;-0.0144;0.0970;0.0020;-0.0010;0.0000;0.1181
221.0;0.4643;0.4428;-0.0070;0.0000;62;62;-0.0794;-0.0173;0.0970;-0.0000;-0.0010;0.0000;0.1181
221.5;0.4638;0.4437;-0.0560;0.0000;62;64;0.0012;-0.0158;0.0970;0.0020;-0.0010;0.0000;0.1181
222.0;0.4679;0.4446;-0.0180;0.0000;62;62;0.0769;-0.0188;0.0955;-0.0000;-0.0010;0.0000;0.1181
222.5;0.4689;0.4460;-0.0015;0.0000;62;62;-0.0012;-0.0173;0.0955;-0.0000;-0.0010;0.0000;0.1181
223.0;0.4679;0.4469;-0.0135;0.0000;62;64;-0.0012;-0.0173;0.0955;-0.0000;-0.0010;0.0000;0.1181
223.5;0.4689;0.4478;-0.0445;0.0000;62;64;0.0012;-0.0158;0.0955;0.0020;-0.0010;0.0000;0.1181
224.0;0.4689;0.4487;-0.0315;0.0000;62;64;-0.0012;-0.0158;0.0955;0.0010;-0.0010;0.0000;0.1181
224.5;0.4647;0.4496;-0.0500;0.0000;62;64;0.0012;-0.0114;0.0955;0.0020;-0.0010;0.0000;0.1181
225.0;0.4689;0.4505;-0.0315;0.0000;62;64;0.0769;-0.0144;0.0955;0.0010;-0.0010;0.0000;0.1181
225.5;0.4689;0.4519;0.0270;0.0000;62;64;-0.0012;-0.0144;0.0941;-0.0020;-0.0010;0.0000;0.1181
226.0;0.4689;0.4528;0.0360;0.0000;64;64;-0.0037;-0.0129;0.0941;-0.0020;-0.0010;0.0000;0.1181
226.5;0.4693;0.4538;0.1005;0.0000;64;64;-0.0037;-0.0129;0.0941;-0.0049;-0.0010;0.0000;0.1181
227.0;0.4693;0.4547;0.0785;0.0000;64;64;-0.0037;-0.0114;0.0941;-0.0039;-0.0010;0.0000;0.1181
227.5;0.4730;0.4556;0.1130;0.0000;64;62;-0.0842;-0.0144;0.0941;-0.0059;-0.0010;0.0000;0.1181
228.0;0.4730;0.4570;0.0980;0.0000;64;62;-0.0037;-0.0129;0.0941;-0.0049;-0.0010;0.0000;0.1181
228.5;0.4725;0.4579;0.1515;0.0000;65;62;-0.0061;-0.0114;0.0941;-0.0078;-0.0010;0.0000;0.1181
229.0;0.4725;0.4588;0.0855;0.0000;64;64;-0.0037;-0.0114;0.0941;-0.0049;-0.0010;0.0000;0.1181
229.5;0.4725;0.4597;0.0435;0.0000;64;64;-0.0037;-0.0100;0.0941;-0.0029;-0.0010;0.0000;0.1181
230.0;0.4721;0.4606;0.0395;0.0000;64;64;-0.0037;-0.0100;0.0941;-0.0020;-0.0010;0.0000;0.1181
230.5;0.4762;0.4620;0.0555;0.0000;64;64;-0.0037;-0.0114;0.0926;-0.0029;-0.0010;0.0000;0.1181
231.0;0.4753;0.4629;0.1130;0.0000;65;64;-0.0061;-0.0100;0.0926;-0.0059;-0.0010;0.0000;0.1181
231.5;0.4753;0.4638;0.1045;0.0000;65;64;-0.0842;-0.0100;0.0926;-0.0059;-0.0010;0.0000;0.1181
232.0;0.4748;0.4647;0.0990;0.0000;65;64;-0.0037;-0.0085;0.0926;-0.0049;-0.0010;0.0000;0.1181
232.5;0.4785;0.4657;0.0835;0.0000;64;64;0.0745;-0.0100;0.0926;-0.0049;-0.0010;0.0000;0.1181
233.0;0.4826;0.4666;0.1300;0.0000;65;64;-0.0842;-0.0129;0.0926;-0.0068;-0.0010;0.0000;0.1181
233.5;0.4817;0.4679;0.1115;0.0000;65;64;-0.0061;-0.0114;0.0926;-0.0059;-0.0010;0.0000;0.1181
234.0;0.4812;0.4689;0.1230;0.0000;65;64;-0.0061;-0.0100;0.0926;-0.0068;-0.0010;0.0000;0.1181
234.5;0.4886;0.4698;0.0480;0.0000;64;64;-0.0037;-0.0144;0.0926;-0.0029;-0.0010;0.0000;0.1181
235.0;0.4876;0.4707;0.0820;0.0000;65;64;-0.0037;-0.0129;0.0926;-0.0049;-0.0010;0.0000;0.1181
235.5;0.4867;0.4716;0.1345;0.0000;65;64;-0.0842;-0.0114;0.0926;-0.0068;-0.0010;0.0000;0.1181
236.0;0.4853;0.4730;0.1315;0.0000;65;64;-0.0061;-0.0100;0.0911;-0.0068;-0.0010;0.0000;0.1181
236.5;0.4927;0.4739;0.1700;0.0000;65;62;-0.0061;-0.0144;0.0911;-0.0088;-0.0010;0.0000;0.1181
237.0;0.4918;0.4748;0.1185;0.0000;65;64;-0.0061;-0.0129;0.0911;-0.0059;-0.0010;0.0000;0.1181
237.5;0.4908;0.4757;0.1320;0.0000;65;64;-0.0061;-0.0114;0.0911;-0.0068;-0.0010;0.0000;0.1181
238.0;0.4977;0.4766;0.1395;0.0000;65;62;-0.0061;-0.0158;0.0911;-0.0068;-0.0010;0.0000;0.1181
238.5;0.4959;0.4776;0.2065;0.0000;65;62;-0.0085;-0.0144;0.0911;-0.0108;-0.0010;0.0000;0.1260
239.0;0.4986;0.4789;0.1500;0.0000;65;62;-0.0842;-0.0158;0.0911;-0.0078;-0.0010;0.0000;0.1260
239.5;0.4973;0.4799;0.2045;0.0000;67;62;-0.0085;-0.0144;0.0911;-0.0108;-0.0010;0.0000;0.1260
240.0;0.5037;0.4808;0.1475;0.0000;65;62;-0.0061;-0.0173;0.0897;-0.0078;-0.0010;0.0000;0.1260
240.5;0.5018;0.4817;0.1460;0.0000;65;62;-0.0061;-0.0158;0.0897;-0.0078;-0.0010;0.0000;0.1260
241.0;0.5005;0.4826;0.1350;0.0000;65;64;-0.0061;-0.0144;0.0897;-0.0068;-0.0020;0.0000;0.1260
241.5;0.5027;0.4840;0.0890;0.0000;65;64;-0.0818;-0.0144;0.0897;-0.0049;-0.0020;0.0000;0.1260
242.0;0.5009;0.4849;0.0940;0.0000;65;64;-0.0037;-0.0129;0.0897;-0.0049;-0.0020;0.0000;0.1260
242.5;0.4995;0.4858;0.0360;0.0000;65;64;-0.0037;-0.0114;0.0897;-0.0020;-0.0020;0.0000;0.1260
243.0;0.5060;0.4867;0.0680;0.0000;65;64;-0.0037;-0.0144;0.0897;-0.0039;-0.0020;0.0000;0.1260
243.5;0.5041;0.4876;0.0020;0.0000;65;64;-0.0012;-0.0129;0.0897;-0.0010;-0.0020;0.0000;0.1260
244.0;0.5064;0.4886;0.0580;0.0000;65;64;-0.0818;-0.0144;0.0882;-0.0029;-0.0020;0.0000;0.1260
244.5;0.5082;0.4899;0.0520;0.0000;65;64;0.0745;-0.0144;0.0882;-0.0029;-0.0020;0.0000;0.1260
245.0;0.5060;0.4908;0.0660;0.0000;65;64;-0.0037;-0.0114;0.0882;-0.0039;-0.0020;0.0000;0.1260
245.5;0.5078;0.4918;0.0495;0.0000;65;64;0.0745;-0.0129;0.0882;-0.0029;-0.0020;0.0000;0.1260
246.0;0.5105;0.4927;0.0500;0.0000;65;64;-0.0818;-0.0144;0.0882;-0.0029;-0.0020;0.0000;0.1260
246.5;0.5078;0.4936;0.0635;0.0000;65;64;-0.0037;-0.0114;0.0882;-0.0039;-0.0020;0.0000;0.1260
247.0;0.5064;0.4950;0.1105;0.0000;67;64;-0.0061;-0.0100;0.0882;-0.0059;-0.0020;0.0000;0.1260
247.5;0.5087;0.4959;0.1380;0.0000;67;64;-0.0842;-0.0100;0.0882;-0.0068;-0.0020;0.0000;0.1260
248.0;0.5069;0.4968;0.0935;0.0000;67;64;-0.0037;-0.0085;0.0882;-0.0049;-0.0020;0.0000;0.1260
248.5;0.5128;0.4977;0.2115;0.0000;67;64;-0.0085;-0.0114;0.0882;-0.0108;-0.0020;0.0000;0.1260
249.0;0.5064;0.4986;0.2385;0.0000;69;64;-0.0867;-0.0070;0.0882;-0.0117;-0.0020;0.0000;0.1260
249.5;0.5087;0.4995;0.2775;0.0000;69;64;-0.0110;-0.0070;0.0867;-0.0137;-0.0020;0.0000;0.1260
250.0;0.5060;0.5000;0.1505;0.0000;60;56;-0.0061;-0.0056;0.0867;-0.0078;-0.0020;0.0000;0.0866
250.5;0.5128;0.5000;-0.0175;0.0000;58;58;-0.0012;-0.0100;0.0867;-0.0000;-0.0020;0.0000;0.0866
251.0;0.5142;0.5000;-0.0920;0.0000;56;58;0.0794;-0.0114;0.0867;0.0039;-0.0020;0.0000;0.0866
251.5;0.5124;0.5000;-0.1500;0.0000;56;58;0.0037;-0.0100;0.0867;0.0068;-0.0020;0.0000;0.0866
252.0;0.5101;0.5000;-0.0855;0.0000;56;58;0.0012;-0.0085;0.0867;0.0039;-0.0020;0.0000;0.0866
252.5;0.5082;0.5000;-0.1345;0.0000;56;58;0.0037;-0.0070;0.0867;0.0059;-0.0020;0.0000;0.0866
253.0;0.5101;0.5000;-0.0790;0.0000;56;58;0.0794;-0.0085;0.0867;0.0029;-0.0020;0.0000;0.0866
253.5;0.5078;0.5000;-0.0245;0.0000;58;58;-0.0012;-0.0070;0.0867;0.0010;-0.0020;0.0000;0.0866
254.0;0.5060;0.5000;0.0530;0.0000;58;56;-0.0818;-0.0056;0.0867;-0.0029;-0.0020;0.0000;0.0866
254.5;0.5078;0.5000;0.0250;0.0000;58;58;0.0769;-0.0070;0.0867;-0.0020;-0.0020;0.0000;0.0866
255.0;0.5060;0.5000;0.0270;0.0000;58;58;-0.0012;-0.0056;0.0867;-0.0020;-0.0020;0.0000;0.0866
255.5;0.5041;0.5000;0.0155;0.0000;58;58;-0.0012;-0.0041;0.0867;-0.0010;-0.0020;0.0000;0.0866
256.0;0.5060;0.5000;0.0020;0.0000;58;58;-0.0012;-0.0056;0.0867;-0.0010;-0.0020;0.0000;0.0866
256.5;0.5046;0.5000;0.0630;0.0000;58;58;-0.0037;-0.0041;0.0867;-0.0039;-0.0020;0.0000;0.0866
257.0;0.5027;0.5000;0.1135;0.0000;58;58;-0.0061;-0.0026;0.0867;-0.0059;-0.0020;0.0000;0.0866
257.5;0.5009;0.5000;0.2400;0.0000;60;56;-0.0867;-0.0012;0.0867;-0.0117;-0.0020;0.0000;0.0866
258.0;0.4995;0.5000;0.2470;0.0000;60;56;-0.0110;0.0003;0.0867;-0.0127;-0.0020;0.0000;0.0866
258.5;0.5018;0.5000;0.2665;0.0000;60;56;0.0672;-0.0026;0.0867;-0.0137;-0.0020;0.0000;0.0866
259.0;0.4995;0.5000;0.2415;0.0000;60;56;-0.0085;0.0003;0.0867;-0.0117;-0.0020;0.0000;0.0866
259.5;0.4986;0.5000;0.2135;0.0000;60;56;-0.0085;0.0003;0.0867;-0.0108;-0.0020;0.0000;0.0866
260.0;0.5046;0.5000;0.1880;0.0000;60;56;-0.0085;-0.0041;0.0867;-0.0098;-0.0020;0.0000;0.0866
260.5;0.5032;0.5000;0.1475;0.0000;60;56;-0.0061;-0.0026;0.0867;-0.0078;-0.0020;0.0000;0.0866
261.0;0.5014;0.5000;0.1615;0.0000;60;56;-0.0061;-0.0026;0.0867;-0.0078;-0.0020;0.0000;0.0866
261.5;0.5000;0.5000;0.1310;0.0000;60;56;-0.0061;-0.0012;0.0867;-0.0068;-0.0020;0.0000;0.0866
262.0;0.4982;0.5000;0.1480;0.0000;60;56;-0.0061;0.0003;0.0867;-0.0078;-0.0020;0.0000;0.0866
262.5;0.5009;0.5000;0.0895;0.0000;60;56;-0.0818;-0.0012;0.0867;-0.0049;-0.0020;0.0000;0.0866
263.0;0.4991;0.5000;0.1115;0.0000;60;56;-0.0061;0.0003;0.0867;-0.0059;-0.0020;0.0000;0.0866
263.5;0.4977;0.5000;0.0735;0.0000;60;58;-0.0037;0.0003;0.0867;-0.0039;-0.0020;0.0000;0.0866
264.0;0.4995;0.5000;0.1115;0.0000;60;56;0.0720;-0.0012;0.0867;-0.0059;-0.0020;0.0000;0.0866
264.5;0.4982;0.5000;0.0905;0.0000;60;58;-0.0037;0.0003;0.0867;-0.0049;-0.0020;0.0000;0.0866
265.0;0.4968;0.5000;0.0860;0.0000;60;58;-0.0037;0.0018;0.0867;-0.0049;-0.0020;0.0000;0.0866
265.5;0.4959;0.5000;0.1155;0.0000;60;58;-0.0061;0.0018;0.0867;-0.0059;-0.0020;0.0000;0.0866
266.0;0.4945;0.5000;0.1535;0.0000;60;56;-0.0061;0.0032;0.0867;-0.0078;-0.0020;0.0000;0.0866
266.5;0.4931;0.5000;0.1750;0.0000;60;56;-0.0085;0.0047;0.0867;-0.0088;-0.0020;0.0000;0.0866
267.0;0.4918;0.5000;0.1490;0.0000;60;58;-0.0061;0.0047;0.0867;-0.0078;-0.0029;0.0000;0.0866
267.5;0.4945;0.5000;0.1855;0.0000;62;56;-0.0867;0.0032;0.0867;-0.0098;-0.0029;0.0000;0.0866
268.0;0.4936;0.5000;0.1660;0.0000;62;56;-0.0061;0.0047;0.0867;-0.0088;-0.0029;0.0000;0.0866
268.5;0.4918;0.5000;0.1735;0.0000;62;56;-0.0085;0.0047;0.0867;-0.0088;-0.0029;0.0000;0.0866
269.0;0.4945;0.5000;0.1810;0.0000;60;56;0.0696;0.0032;0.0867;-0.0088;-0.0029;0.0000;0.0866
269.5;0.4936;0.5000;0.2210;0.0000;62;56;-0.0085;0.0032;0.0867;-0.0108;-0.0029;0.0000;0.0866
270.0;0.4922;0.5000;0.1885;0.0000;62;56;-0.0085;0.0047;0.0867;-0.0098;-0.0029;0.0000;0.0866
270.5;0.4913;0.5000;0.1155;0.0000;60;58;-0.0061;0.0062;0.0867;-0.0059;-0.0029;0.0000;0.0866
271.0;0.4904;0.5000;0.1020;0.0000;60;58;-0.0037;0.0062;0.0867;-0.0059;-0.0029;0.0000;0.0866
271.5;0.4895;0.5000;0.0570;0.0000;60;58;-0.0818;0.0076;0.0867;-0.0029;-0.0029;0.0000;0.0866
272.0;0.4844;0.5000;0.0365;0.0000;60;60;0.0769;0.0105;0.0867;-0.0020;-0.0029;0.0000;0.0866
272.5;0.4835;0.5000;-0.0275;0.0000;60;60;-0.0012;0.0120;0.0867;0.0010;-0.0029;0.0000;0.0866
273.0;0.4826;0.5000;-0.0385;0.0000;60;60;0.0012;0.0120;0.0882;0.0010;-0.0029;0.0000;0.0866
273.5;0.4780;0.5000;-0.0555;0.0000;60;60;-0.0769;0.0149;0.0882;0.0020;-0.0029;0.0000;0.0866
274.0;0.4821;0.5000;-0.0535;0.0000;60;60;0.0794;0.0120;0.0882;0.0020;-0.0029;0.0000;0.0866
274.5;0.4771;0.5000;-0.0135;0.0000;62;60;-0.0794;0.0164;0.0882;-0.0000;-0.0029;0.0000;0.0866
275.0;0.4776;0.5000;0.0360;0.0000;62;60;-0.0037;0.0164;0.0882;-0.0020;-0.0029;0.0000;0.0866
275.5;0.4771;0.5000;0.0490;0.0000;62;60;-0.0037;0.0164;0.0882;-0.0029;-0.0029;0.0000;0.0866
276.0;0.4766;0.5000;0.0255;0.0000;62;60;-0.0012;0.0164;0.0882;-0.0020;-0.0029;0.0000;0.0866
276.5;0.4762;0.5000;0.0530;0.0000;62;60;-0.0037;0.0164;0.0897;-0.0029;-0.0029;0.0000;0.0866
277.0;0.4757;0.5000;0.0540;0.0000;62;60;-0.0037;0.0164;0.0897;-0.0029;-0.0029;0.0000;0.0866
277.5;0.4757;0.5000;0.0870;0.0000;64;60;-0.0037;0.0179;0.0897;-0.0049;-0.0029;0.0000;0.0866
278.0;0.4794;0.5000;0.0835;0.0000;64;60;-0.0818;0.0149;0.0897;-0.0049;-0.0029;0.0000;0.0866
278.5;0.4785;0.5000;0.0840;0.0000;64;60;-0.0037;0.0149;0.0897;-0.0049;-0.0029;0.0000;0.0866
279.0;0.4785;0.5000;0.0825;0.0000;64;60;-0.0037;0.0149;0.0897;-0.0049;-0.0029;0.0000;0.0866
279.5;0.4780;0.5000;0.0495;0.0000;62;60;-0.0037;0.0164;0.0911;-0.0029;-0.0029;0.0000;0.0866
280.0;0.4776;0.5000;0.0120;0.0000;62;60;-0.0012;0.0164;0.0911;-0.0010;-0.0029;0.0000;0.0866
280.5;0.4808;0.5000;-0.0025;0.0000;62;62;0.0769;0.0135;0.0911;-0.0000;-0.0029;0.0000;0.0866
281.0;0.4803;0.5000;-0.0550;0.0000;62;62;0.0012;0.0135;0.0911;0.0020;-0.0029;0.0000;0.0866
281.5;0.4799;0.5000;-0.0720;0.0000;62;62;0.0012;0.0149;0.0911;0.0029;-0.0029;0.0000;0.0866
282.0;0.4789;0.5000;-0.0960;0.0000;62;62;0.0012;0.0149;0.0911;0.0039;-0.0029;0.0000;0.0866
282.5;0.4780;0.5000;-0.1395;0.0000;60;62;0.0037;0.0149;0.0911;0.0059;-0.0029;0.0000;0.0866
283.0;0.4780;0.5000;-0.1555;0.0000;60;64;0.0037;0.0164;0.0926;0.0068;-0.0029;0.0000;0.0866
283.5;0.4780;0.5000;-0.1895;0.0000;60;64;0.0061;0.0164;0.0926;0.0088;-0.0029;0.0000;0.0866
284.0;0.4771;0.5000;-0.2050;0.0000;60;64;0.0061;0.0164;0.0926;0.0098;-0.0029;0.0000;0.0866
284.5;0.4771;0.5000;-0.1395;0.0000;62;64;0.0037;0.0164;0.0926;0.0059;-0.0029;0.0000;0.0866
285.0;0.4808;0.5000;-0.1420;0.0000;60;64;0.0818;0.0135;0.0926;0.0059;-0.0029;0.0000;0.0866
285.5;0.4803;0.5000;-0.1020;0.0000;62;64;0.0012;0.0135;0.0926;0.0039;-0.0029;0.0000;0.0866
286.0;0.4794;0.5000;-0.0985;0.0000;62;64;0.0012;0.0149;0.0926;0.0039;-0.0029;0.0000;0.0866
286.5;0.4872;0.5000;-0.0905;0.0000;60;62;0.0012;0.0091;0.0926;0.0039;-0.0029;0.0000;0.0866
287.0;0.4863;0.5000;-0.0950;0.0000;62;62;0.0012;0.0091;0.0941;0.0039;-0.0029;0.0000;0.0866
287.5;0.4849;0.5000;-0.1425;0.0000;60;64;0.0818;0.0105;0.0941;0.0059;-0.0029;0.0000;0.0866
288.0;0.4881;0.5000;-0.1155;0.0000;62;62;-0.0745;0.0076;0.0941;0.0049;-0.0029;0.0000;0.0866
288.5;0.4872;0.5000;-0.1400;0.0000;60;62;0.0037;0.0091;0.0941;0.0059;-0.0029;0.0000;0.0866
289.0;0.4908;0.5000;-0.0670;0.0000;60;62;0.0794;0.0062;0.0941;0.0029;-0.0020;0.0000;0.0866
289.5;0.4936;0.5000;-0.1120;0.0000;60;62;-0.0745;0.0047;0.0941;0.0049;-0.0020;0.0000;0.0866
290.0;0.4922;0.5000;-0.0775;0.0000;60;62;0.0012;0.0047;0.0941;0.0029;-0.0020;0.0000;0.0866
290.5;0.4913;0.5000;-0.1095;0.0000;60;62;-0.0745;0.0062;0.0941;0.0049;-0.0020;0.0000;0.0866
291.0;0.4940;0.5000;-0.1005;0.0000;60;62;0.0794;0.0032;0.0941;0.0039;-0.0020;0.0000;0.0866
291.5;0.4927;0.5000;0.0150;0.0000;62;60;-0.0012;0.0047;0.0941;-0.0010;-0.0020;0.0000;0.0866
292.0;0.4954;0.5000;0.0225;0.0000;62;60;-0.0794;0.0018;0.0941;-0.0020;-0.0020;0.0000;0.0866
292.5;0.4940;0.5000;0.1390;0.0000;62;60;0.0720;0.0032;0.0941;-0.0068;-0.0020;0.0000;0.0866
293.0;0.4931;0.5000;0.0580;0.0000;62;60;-0.0037;0.0047;0.0941;-0.0029;-0.0020;0.0000;0.0866
293.5;0.4918;0.5000;0.1840;0.0000;62;60;-0.0085;0.0047;0.0941;-0.0098;-0.0020;0.0000;0.0866
294.0;0.4945;0.5000;0.0900;0.0000;62;60;-0.0818;0.0032;0.0941;-0.0049;-0.0029;0.0000;0.0866
294.5;0.4936;0.5000;0.2005;0.0000;64;58;-0.0085;0.0047;0.0941;-0.0098;-0.0029;0.0000;0.0866
295.0;0.4922;0.5000;0.1890;0.0000;64;58;-0.0085;0.0047;0.0941;-0.0098;-0.0029;0.0000;0.0866
295.5;0.4908;0.5000;0.2490;0.0000;64;58;-0.0110;0.0062;0.0941;-0.0127;-0.0029;0.0000;0.0866
296.0;0.4936;0.5000;0.1180;0.0000;64;60;-0.0842;0.0032;0.0955;-0.0059;-0.0029;0.0000;0.0866
296.5;0.4959;0.5000;0.0190;0.0000;62;60;0.0769;0.0018;0.0955;-0.0010;-0.0029;0.0000;0.0866
297.0;0.4945;0.5000;0.0815;0.0000;62;60;-0.0037;0.0032;0.0955;-0.0049;-0.0029;0.0000;0.0866
297.5;0.4940;0.5000;0.0030;0.0000;62;60;-0.0012;0.0032;0.0955;-0.0010;-0.0029;0.0000;0.0866
298.0;0.4995;0.5000;0.1095;0.0000;62;60;-0.0061;-0.0012;0.0955;-0.0059;-0.0029;0.0000;0.0866
298.5;0.4986;0.5000;0.0760;0.0000;62;60;-0.0037;0.0003;0.0955;-0.0039;-0.0029;0.0000;0.0866
299.0;0.4973;0.5000;0.1195;0.0000;62;60;-0.0061;0.0018;0.0955;-0.0059;-0.0029;0.0000;0.0866
299.5;0.4959;0.5000;0.0280;0.0000;62;60;-0.0794;0.0018;0.0955;-0.0020;-0.0029;0.0000;0.0866
300.0;0.4945;0.5000;0.0910;0.0000;62;60;-0.0037;0.0032;0.0955;-0.0049;-0.0029;0.0000;0.0866
300.5;0.4973;0.5000;0.0620;0.0000;62;60;0.0745;0.0018;0.0955;-0.0039;-0.0029;0.0000;0.0866
301.0;0.4959;0.5000;0.0845;0.0000;62;60;-0.0037;0.0018;0.0955;-0.0049;-0.0029;0.0000;0.0866
301.5;0.4940;0.5000;0.0175;0.0000;62;60;-0.0012;0.0032;0.0955;-0.0010;-0.0029;0.0000;0.0866
302.0;0.4973;0.5000;-0.0420;0.0000;60;62;0.0012;0.0018;0.0955;0.0020;-0.0029;0.0000;0.0866
302.5;0.4954;0.5000;0.0580;0.0000;62;60;-0.0037;0.0032;0.0955;-0.0029;-0.0029;0.0000;0.0866
303.0;0.4945;0.5000;-0.0060;0.0000;60;60;-0.0012;0.0032;0.0955;-0.0000;-0.0029;0.0000;0.0866
303.5;0.4936;0.5000;0.0760;0.0000;62;60;-0.0037;0.0047;0.0955;-0.0039;-0.0029;0.0000;0.0866
304.0;0.4959;0.5000;-0.0075;0.0000;62;60;-0.0794;0.0018;0.0955;-0.0000;-0.0029;0.0000;0.0866
304.5;0.4950;0.5000;0.0360;0.0000;62;60;-0.0037;0.0032;0.0955;-0.0020;-0.0029;0.0000;0.0866
305.0;0.4936;0.5000;-0.0225;0.0000;62;60;-0.0012;0.0047;0.0955;0.0010;-0.0029;0.0000;0.0866
305.5;0.4922;0.5000;0.0710;0.0000;62;60;-0.0037;0.0047;0.0955;-0.0039;-0.0029;0.0000;0.0866
306.0;0.4945;0.5000;0.1175;0.0000;64;60;-0.0842;0.0032;0.0955;-0.0059;-0.0029;0.0000;0.0866
306.5;0.4977;0.5000;0.0635;0.0000;62;60;0.0745;0.0003;0.0955;-0.0039;-0.0029;0.0000;0.0866
307.0;0.4963;0.5000;0.0950;0.0000;62;60;-0.0037;0.0018;0.0955;-0.0049;-0.0029;0.0000;0.0866
307.5;0.4950;0.5000;0.0410;0.0000;62;60;-0.0037;0.0032;0.0955;-0.0029;-0.0029;0.0000;0.0866
308.0;0.4977;0.5000;0.1275;0.0000;62;60;0.0720;0.0003;0.0955;-0.0068;-0.0029;0.0000;0.0866
308.5;0.5000;0.5000;0.0405;0.0000;62;60;-0.0818;-0.0012;0.0955;-0.0029;-0.0029;0.0000;0.0866
309.0;0.4986;0.5000;0.0845;0.0000;62;60;-0.0037;0.0003;0.0955;-0.0049;-0.0029;0.0000;0.0866
309.5;0.4973;0.5000;-0.0185;0.0000;62;60;-0.0012;0.0018;0.0955;-0.0000;-0.0029;0.0000;0.0866
310.0;0.4995;0.5000;-0.0185;0.0000;60;60;0.0769;-0.0012;0.0955;-0.0000;-0.0029;0.0000;0.0866
310.5;0.5014;0.5000;-0.0835;0.0000;60;60;-0.0769;-0.0012;0.0955;0.0039;-0.0029;0.0000;0.0866
311.0;0.5000;0.5000;-0.0345;0.0000;60;60;-0.0012;-0.0012;0.0955;0.0010;-0.0029;0.0000;0.0866
311.5;0.4986;0.5000;0.0400;0.0000;62;60;-0.0037;0.0003;0.0955;-0.0020;-0.0029;0.0000;0.0866
312.0;0.4968;0.5000;-0.0320;0.0000;60;62;0.0769;0.0018;0.0955;0.0010;-0.0029;0.0000;0.0866
312.5;0.4959;0.5000;0.0235;0.0000;62;60;-0.0012;0.0018;0.0955;-0.0020;-0.0029;0.0000;0.0866
313.0;0.4945;0.5000;-0.0230;0.0000;60;62;-0.0012;0.0032;0.0955;0.0010;-0.0029;0.0000;0.0866
313.5;0.4931;0.5000;0.0520;0.0000;62;60;-0.0037;0.0047;0.0955;-0.0029;-0.0029;0.0000;0.0866
314.0;0.5000;0.5000;0.0230;0.0000;60;60;-0.0012;-0.0012;0.0955;-0.0020;-0.0029;0.0000;0.0866
314.5;0.4986;0.5000;0.0605;0.0000;62;60;-0.0037;0.0003;0.0955;-0.0029;-0.0029;0.0000;0.0866
315.0;0.5009;0.5000;-0.0015;0.0000;60;60;0.0769;-0.0012;0.0955;-0.0000;-0.0029;0.0000;0.0866
315.5;0.4986;0.5000;-0.0030;0.0000;60;60;-0.0012;0.0003;0.0955;-0.0000;-0.0029;0.0000;0.0866
316.0;0.4977;0.5000;0.0135;0.0000;60;60;-0.0012;0.0003;0.0955;-0.0010;-0.0029;0.0000;0.0866
316.5;0.4963;0.5000;0.0475;0.0000;62;60;-0.0037;0.0018;0.0955;-0.0029;-0.0029;0.0000;0.0866
317.0;0.4950;0.5000;0.0730;0.0000;62;60;-0.0037;0.0032;0.0955;-0.0039;-0.0029;0.0000;0.0866
317.5;0.4936;0.5000;0.0105;0.0000;62;60;-0.0012;0.0032;0.0955;-0.0010;-0.0029;0.0000;0.0866
318.0;0.4963;0.5000;0.0400;0.0000;62;60;0.0745;0.0018;0.0955;-0.0020;-0.0029;0.0000;0.0866
318.5;0.4950;0.5000;0.0125;0.0000;60;60;-0.0012;0.0032;0.0970;-0.0010;-0.0029;0.0000;0.0866
319.0;0.4977;0.5000;0.0730;0.0000;62;60;-0.0818;0.0003;0.0970;-0.0039;-0.0029;0.0000;0.0866
319.5;0.4963;0.5000;0.0515;0.0000;62;60;-0.0037;0.0018;0.0970;-0.0029;-0.0029;0.0000;0.0866
320.0;0.4986;0.5000;0.0865;0.0000;62;60;0.0745;0.0003;0.0970;-0.0049;-0.0029;0.0000;0.0866
320.5;0.4968;0.5000;0.0660;0.0000;62;60;-0.0037;0.0018;0.0970;-0.0039;-0.0029;0.0000;0.0866
321.0;0.5000;0.5000;0.0410;0.0000;60;60;0.0745;-0.0012;0.0970;-0.0029;-0.0029;0.0000;0.0866
321.5;0.4977;0.5000;0.1055;0.0000;62;60;-0.0061;0.0003;0.0970;-0.0059;-0.0029;0.0000;0.0866
322.0;0.5009;0.5000;0.0905;0.0000;62;60;-0.0818;-0.0012;0.0970;-0.0049;-0.0029;0.0000;0.0866
322.5;0.5032;0.5000;0.1185;0.0000;62;60;0.0720;-0.0041;0.0970;-0.0059;-0.0029;0.0000;0.0866
323.0;0.5018;0.5000;0.0550;0.0000;62;60;-0.0037;-0.0026;0.0970;-0.0029;-0.0029;0.0000;0.0866
323.5;0.5000;0.5000;0.0670;0.0000;62;60;-0.0037;-0.0012;0.0970;-0.0039;-0.0029;0.0000;0.0866
324.0;0.5023;0.5000;0.0190;0.0000;60;60;0.0769;-0.0026;0.0970;-0.0010;-0.0029;0.0000;0.0866
324.5;0.5009;0.5000;0.0870;0.0000;62;60;-0.0037;-0.0012;0.0970;-0.0049;-0.0029;0.0000;0.0866
325.0;0.5023;0.5000;0.0695;0.0000;60;60;0.0745;-0.0026;0.0970;-0.0039;-0.0029;0.0000;0.0866
325.5;0.5014;0.5000;0.0745;0.0000;60;60;-0.0037;-0.0012;0.0955;-0.0039;-0.0029;0.0000;0.0866
326.0;0.4991;0.5000;0.0060;0.0000;60;60;-0.0012;0.0003;0.0970;-0.0010;-0.0029;0.0000;0.0866
326.5;0.4982;0.5000;-0.0675;0.0000;60;62;0.0012;0.0003;0.0970;0.0029;-0.0029;0.0000;0.0866
327.0;0.5005;0.5000;-0.0335;0.0000;60;62;0.0794;-0.0012;0.0970;0.0010;-0.0029;0.0000;0.0866
327.5;0.4991;0.5000;-0.0725;0.0000;60;62;0.0012;0.0003;0.0970;0.0029;-0.0029;0.0000;0.0866
328.0;0.5055;0.5000;-0.0195;0.0000;60;60;-0.0012;-0.0056;0.0955;-0.0000;-0.0029;0.0000;0.0866
328.5;0.5037;0.5000;-0.0650;0.0000;60;60;0.0012;-0.0041;0.0955;0.0029;-0.0029;0.0000;0.0866
329.0;0.5018;0.5000;0.0015;0.0000;60;60;-0.0012;-0.0026;0.0955;-0.0010;-0.0029;0.0000;0.0866
329.5;0.5041;0.5000;-0.0075;0.0000;60;60;0.0769;-0.0041;0.0955;-0.0000;-0.0029;0.0000;0.0866
330.0;0.5023;0.5000;0.0925;0.0000;62;60;-0.0818;-0.0026;0.0955;-0.0049;-0.0029;0.0000;0.0866
330.5;0.5009;0.5000;0.0865;0.0000;62;60;-0.0037;-0.0012;0.0955;-0.0049;-0.0029;0.0000;0.0866
331.0;0.5032;0.5000;0.1155;0.0000;62;60;0.0720;-0.0026;0.0955;-0.0059;-0.0029;0.0000;0.0866
331.5;0.5014;0.5000;0.0490;0.0000;60;60;-0.0037;-0.0026;0.0955;-0.0029;-0.0029;0.0000;0.0866
332.0;0.5000;0.5000;0.0770;0.0000;60;60;-0.0037;-0.0012;0.0955;-0.0039;-0.0029;0.0000;0.0866
332.5;0.5023;0.5000;0.1450;0.0000;62;60;0.0720;-0.0026;0.0955;-0.0078;-0.0029;0.0000;0.0866
333.0;0.5005;0.5000;0.0885;0.0000;60;60;-0.0037;-0.0012;0.0955;-0.0049;-0.0029;0.0000;0.0866
333.5;0.5027;0.5000;0.1160;0.0000;62;58;-0.0842;-0.0026;0.0955;-0.0059;-0.0029;0.0000;0.0866
334.0;0.5046;0.5000;0.0610;0.0000;60;60;0.0745;-0.0041;0.0955;-0.0039;-0.0029;0.0000;0.0866
334.5;0.5069;0.5000;0.0960;0.0000;60;60;0.0745;-0.0056;0.0955;-0.0049;-0.0029;0.0000;0.0866
335.0;0.5055;0.5000;0.0635;0.0000;60;60;-0.0037;-0.0056;0.0955;-0.0039;-0.0029;0.0000;0.0866
335.5;0.5032;0.5000;0.1140;0.0000;60;60;-0.0061;-0.0026;0.0955;-0.0059;-0.0029;0.0000;0.0866
336.0;0.5018;0.5000;0.1445;0.0000;62;58;-0.0061;-0.0026;0.0955;-0.0078;-0.0029;0.0000;0.0866
336.5;0.5082;0.5000;0.1740;0.0000;62;58;-0.0085;-0.0070;0.0955;-0.0088;-0.0029;0.0000;0.0866
337.0;0.5023;0.5000;0.1485;0.0000;62;58;-0.0061;-0.0026;0.0955;-0.0078;-0.0039;0.0000;0.0866
337.5;0.5005;0.5000;0.1310;0.0000;62;60;-0.0061;-0.0012;0.0955;-0.0068;-0.0039;0.0000;0.0866
338.0;0.5032;0.5000;0.1905;0.0000;62;58;0.0696;-0.0026;0.0955;-0.0098;-0.0039;0.0000;0.0866
338.5;0.5014;0.5000;0.1245;0.0000;60;60;-0.0061;-0.0026;0.0955;-0.0068;-0.0039;0.0000;0.0866
339.0;0.5032;0.5000;0.1765;0.0000;62;58;0.0696;-0.0041;0.0955;-0.0088;-0.0039;0.0000;0.0866
339.5;0.5014;0.5000;0.1255;0.0000;60;60;-0.0061;-0.0026;0.0955;-0.0068;-0.0039;0.0000;0.0866
340.0;0.5000;0.5000;0.0915;0.0000;60;60;-0.0037;-0.0012;0.0955;-0.0049;-0.0039;0.0000;0.0866
340.5;0.5027;0.5037;0.0860;0.0000;95;95;0.0769;0.0003;0.0955;-0.0049;-0.0039;0.0000;0.2441
341.0;0.5009;0.5078;0.0725;0.0000;97;95;-0.0818;0.0047;0.0955;-0.0039;-0.0039;0.0000;0.2441
341.5;0.5032;0.5119;0.1115;0.0000;97;97;0.0720;0.0062;0.0955;-0.0059;-0.0039;0.0000;0.2520
342.0;0.5018;0.5156;0.0785;0.0000;99;97;-0.0037;0.0091;0.0955;-0.0039;-0.0039;0.0000;0.2520
342.5;0.5078;0.5197;0.1425;0.0000;99;97;-0.0061;0.0076;0.0955;-0.0068;-0.0039;0.0000;0.2520
343.0;0.5101;0.5238;0.1185;0.0000;101;99;0.0720;0.0091;0.0955;-0.0059;-0.0039;0.0000;0.2520
343.5;0.5119;0.5279;0.1870;0.0000;103;99;-0.0867;0.0105;0.0955;-0.0098;-0.0039;0.0000;0.2520
344.0;0.5174;0.5316;0.1285;0.0000;103;101;-0.0061;0.0105;0.0970;-0.0068;-0.0039;0.0000;0.2520
344.5;0.5192;0.5357;0.1575;0.0000;103;101;0.0720;0.0120;0.0970;-0.0078;-0.0039;0.0000;0.2520
345.0;0.5243;0.5398;0.0785;0.0000;103;101;-0.0037;0.0105;0.0970;-0.0039;-0.0039;0.0000;0.2520
345.5;0.5215;0.5440;0.0690;0.0000;103;103;-0.0818;0.0164;0.0970;-0.0039;-0.0039;0.0000;0.2520
346.0;0.5229;0.5476;-0.0180;0.0000;103;105;0.0769;0.0179;0.0970;-0.0000;-0.0039;0.0000;0.2520
346.5;0.5243;0.5517;-0.0815;0.0000;103;107;0.0794;0.0193;0.0970;0.0029;-0.0039;0.0000;0.2520
347.0;0.5252;0.5559;-0.1335;0.0000;103;109;0.0818;0.0223;0.0984;0.0059;-0.0039;0.0000;0.2598
347.5;0.5307;0.5600;-0.2290;0.0000;103;109;0.0061;0.0208;0.0984;0.0108;-0.0039;0.0000;0.2598
348.0;0.5348;0.5636;-0.2100;0.0000;105;109;0.0061;0.0208;0.0984;0.0098;-0.0039;0.0000;0.2598
348.5;0.5389;0.5678;-0.2675;0.0000;103;110;0.0085;0.0208;0.0984;0.0127;-0.0039;0.0000;0.2598
349.0;0.5444;0.5719;-0.2935;0.0000;103;110;0.0085;0.0193;0.0984;0.0137;-0.0039;0.0000;0.2598
349.5;0.5481;0.5755;-0.2635;0.0000;105;110;0.0085;0.0193;0.0984;0.0117;-0.0039;0.0000;0.2598
350.0;0.5485;0.5797;-0.1845;0.0000;107;110;0.0842;0.0223;0.0999;0.0088;-0.0039;0.0000;0.2598
350.5;0.5604;0.5838;-0.2310;0.0000;107;110;0.0061;0.0164;0.0999;0.0108;-0.0039;0.0000;0.2598
351.0;0.5636;0.5879;-0.2020;0.0000;107;112;0.0061;0.0179;0.0999;0.0088;-0.0039;0.0000;0.2598
351.5;0.5668;0.5916;-0.2550;0.0000;107;112;0.0085;0.0179;0.0999;0.0117;-0.0029;0.0000;0.2598
352.0;0.5701;0.5957;-0.1615;0.0000;109;112;0.0037;0.0193;0.0999;0.0068;-0.0029;0.0000;0.2598
352.5;0.5728;0.5998;-0.1625;0.0000;109;112;-0.0745;0.0193;0.1014;0.0068;-0.0029;0.0000;0.2677
353.0;0.5783;0.6039;-0.2190;0.0000;109;112;0.0842;0.0179;0.1014;0.0098;-0.0029;0.0000;0.2677
353.5;0.5820;0.6076;-0.2140;0.0000;109;114;0.0061;0.0193;0.1014;0.0098;-0.0029;0.0000;0.2677
354.0;0.5833;0.6117;-0.2260;0.0000;109;114;0.0842;0.0208;0.1014;0.0108;-0.0029;0.0000;0.2677
354.5;0.5902;0.6158;-0.2330;0.0000;110;114;-0.0720;0.0179;0.1014;0.0108;-0.0029;0.0000;0.2677
355.0;0.5962;0.6200;-0.2575;0.0000;110;114;0.0867;0.0164;0.1014;0.0117;-0.0029;0.0000;0.2677
355.5;0.5975;0.6236;-0.3245;0.0000;109;116;0.0110;0.0193;0.1028;0.0147;-0.0029;0.0000;0.2677
356.0;0.6071;0.6277;-0.2865;0.0000;110;116;0.0085;0.0149;0.1028;0.0137;-0.0029;0.0000;0.2677
356.5;0.6158;0.6319;-0.2615;0.0000;110;114;0.0085;0.0105;0.1028;0.0117;-0.0029;0.0000;0.2677
357.0;0.6204;0.6360;-0.2470;0.0000;110;116;0.0867;0.0105;0.1028;0.0117;-0.0029;0.0000;0.2677
357.5;0.6241;0.6397;-0.2310;0.0000;112;116;-0.0720;0.0105;0.1028;0.0108;-0.0029;0.0000;0.2677
358.0;0.6328;0.6438;-0.2445;0.0000;112;116;0.0061;0.0076;0.1028;0.0117;-0.0029;0.0000;0.2756
358.5;0.6364;0.6479;-0.2850;0.0000;110;116;0.0867;0.0076;0.1028;0.0127;-0.0029;0.0000;0.2756
359.0;0.6397;0.6516;-0.3105;0.0000;110;118;0.0891;0.0091;0.1028;0.0147;-0.0029;0.0000;0.2756
359.5;0.6470;0.6557;-0.3235;0.0000;110;118;-0.0672;0.0062;0.1028;0.0147;-0.0029;0.0000;0.2756
360.0;0.6461;0.6598;-0.2245;0.0000;112;118;0.0061;0.0091;0.1028;0.0108;-0.0029;0.0000;0.2756
360.5;0.6529;0.6639;-0.3490;0.0000;110;118;0.0110;0.0076;0.1043;0.0166;-0.0020;0.0000;0.2756
361.0;0.6598;0.6676;-0.4100;0.0000;110;120;0.0134;0.0047;0.1043;0.0196;-0.0020;0.0000;0.2756
361.5;0.6658;0.6717;-0.3875;0.0000;112;120;0.0134;0.0032;0.1043;0.0186;-0.0020;0.0000;0.2756
362.0;0.6703;0.6758;-0.3860;0.0000;112;120;0.0134;0.0032;0.1043;0.0176;-0.0020;0.0000;0.2756
362.5;0.6772;0.6799;-0.4860;0.0000;110;120;0.0159;0.0018;0.1043;0.0225;-0.0020;0.0000;0.2756
363.0;0.6790;0.6836;-0.5300;0.0000;110;122;0.1746;0.0032;0.1043;0.0254;-0.0020;0.0000;0.2756
363.5;0.6836;0.6877;-0.7640;0.0000;109;124;0.0256;0.0018;0.1043;0.0362;-0.0020;0.0000;0.2835
364.0;0.6932;0.6918;-0.8645;0.0000;107;126;0.1062;-0.0012;0.1043;0.0411;-0.0020;0.0000;0.2835
364.5;0.7019;0.6960;-0.8985;0.0000;107;126;0.1087;-0.0056;0.1043;0.0430;-0.0010;0.0000;0.2835
365.0;0.7097;0.6996;-1.0265;0.0000;105;128;0.1136;-0.0085;0.1043;0.0489;-0.0010;0.0000;0.2835
365.5;0.7253;0.7038;-1.1060;0.0000;103;128;0.1160;-0.0173;0.1028;0.0528;-0.0010;0.0000;0.2835
366.0;0.7326;0.7079;-1.2565;0.0000;101;132;0.1209;-0.0188;0.1028;0.0596;-0.0010;0.0000;0.2835
366.5;0.7427;0.7120;-1.2505;0.0000;99;130;0.1990;-0.0246;0.1028;0.0596;-0.0000;0.0000;0.2835
367.0;0.7518;0.7157;-1.3100;0.0000;99;132;0.2015;-0.0275;0.1028;0.0626;-0.0000;0.0000;0.2835
367.5;0.7578;0.7198;-1.2150;0.0000;99;130;0.0403;-0.0290;0.1028;0.0577;-0.0000;0.0000;0.2835
368.0;0.7679;0.7239;-1.2705;0.0000;99;132;0.1990;-0.0334;0.1014;0.0606;-0.0000;0.0000;0.2835
368.5;0.7807;0.7276;-1.3520;0.0000;97;132;0.1233;-0.0407;0.1014;0.0645;0.0010;0.0000;0.2835
369.0;0.7926;0.7317;-1.4415;0.0000;95;132;0.1282;-0.0466;0.1014;0.0684;0.0010;0.0000;0.2913
369.5;0.8036;0.7358;-1.4735;0.0000;93;132;0.1282;-0.0510;0.0999;0.0704;0.0010;0.0000;0.2913
370.0;0.8109;0.7399;-1.5580;0.0000;93;132;0.1306;-0.0539;0.0999;0.0743;0.0020;0.0000;0.2913
370.5;0.8214;0.7436;-1.5735;0.0000;91;134;0.2894;-0.0583;0.0984;0.0753;0.0020;0.0000;0.2913
371.0;0.8315;0.7477;-1.5405;0.0000;89;134;0.2088;-0.0642;0.0970;0.0733;0.0020;0.0000;0.2913
371.5;0.8439;0.7518;-1.4875;0.0000;89;132;0.2088;-0.0700;0.0970;0.0714;0.0029;0.0000;0.2913
372.0;0.8567;0.7560;-1.4875;0.0000;89;132;0.2063;-0.0759;0.0955;0.0714;0.0029;0.0000;0.2913
372.5;0.8695;0.7596;-1.4240;0.0000;89;130;0.2039;-0.0832;0.0941;0.0674;0.0029;0.0000;0.2913
373.0;0.8800;0.7637;-1.2645;0.0000;89;126;0.2015;-0.0876;0.0941;0.0606;0.0029;0.0000;0.2913
373.5;0.8924;0.7679;-1.1330;0.0000;89;124;0.1941;-0.0949;0.0926;0.0538;0.0039;0.0000;0.2913
374.0;0.9029;0.7720;-1.1245;0.0000;87;124;0.1941;-0.0993;0.0911;0.0538;0.0039;0.0000;0.2913
374.5;0.9130;0.7756;-1.0585;0.0000;87;122;0.1917;-0.1037;0.0897;0.0499;0.0039;0.0000;0.2992
375.0;0.9180;0.7798;-1.1825;0.0000;87;124;0.1966;-0.1052;0.0882;0.0567;0.0039;0.0000;0.2992
375.5;0.9272;0.7839;-1.1970;0.0000;85;124;0.1184;-0.1081;0.0867;0.0567;0.0049;0.0000;0.2992
376.0;0.9345;0.7875;-1.3675;0.0000;83;126;0.2821;-0.1110;0.0853;0.0655;0.0049;0.0000;0.2992
376.5;0.9423;0.7917;-1.3040;0.0000;81;124;0.2015;-0.1140;0.0838;0.0626;0.0049;0.0000;0.2992
377.0;0.9478;0.7958;-1.2560;0.0000;83;122;0.1184;-0.1140;0.0823;0.0596;0.0059;0.0000;0.2992
377.5;0.9533;0.7999;-1.2980;0.0000;81;122;0.2015;-0.1154;0.0809;0.0616;0.0059;0.0000;0.2992
378.0;0.9583;0.8036;-1.1925;0.0000;81;122;0.2747;-0.1169;0.0794;0.0567;0.0059;0.0000;0.2992
378.5;0.9615;0.8077;-1.1900;0.0000;81;122;0.4310;-0.1154;0.0779;0.0567;0.0059;0.0000;0.2992
379.0;0.9602;0.8118;-1.1225;0.0000;81;124;0.2723;-0.1125;0.0765;0.0538;0.0068;0.0000;0.2992
379.5;0.9634;0.8159;-1.3690;0.0000;77;126;0.2821;-0.1110;0.0750;0.0655;0.0068;0.0000;0.2992
380.0;0.9657;0.8196;-1.6110;0.0000;75;128;0.2894;-0.1110;0.0735;0.0772;0.0068;0.0000;0.2992
380.5;0.9647;0.8237;-1.9125;0.0000;71;134;0.3773;-0.1067;0.0721;0.0909;0.0078;0.0000;0.3071
381.0;0.9592;0.8278;-1.5360;0.0000;75;130;0.2869;-0.0993;0.0706;0.0733;0.0078;0.0000;0.3071
381.5;0.9542;0.8315;-1.7600;0.0000;73;134;0.2943;-0.0935;0.0691;0.0841;0.0078;0.0000;0.3071
382.0;0.9533;0.8356;-1.4200;0.0000;79;130;0.2039;-0.0891;0.0677;0.0674;0.0088;0.0000;0.3071
382.5;0.9487;0.8397;-1.1265;0.0000;83;128;0.1160;-0.0832;0.0677;0.0538;0.0088;0.0000;0.3071
383.0;0.9441;0.8434;-0.9205;0.0000;87;126;0.1087;-0.0759;0.0662;0.0440;0.0088;0.0000;0.3071
383.5;0.9359;0.8475;-0.4190;0.0000;95;120;0.0134;-0.0671;0.0648;0.0196;0.0088;0.0000;0.3071
384.0;0.9281;0.8512;0.0150;0.0000;101;116;-0.0794;-0.0583;0.0648;-0.0010;0.0088;0.0000;0.3071
384.5;0.9167;0.8553;1.2795;0.0000;114;105;0.0330;-0.0466;0.0633;-0.0616;0.0088;0.0000;0.3071
385.0;0.9020;0.8594;1.6590;0.0000;122;103;-0.0598;-0.0334;0.0633;-0.0802;0.0088;0.0000;0.3071
385.5;0.8906;0.8631;1.9575;0.0000;126;101;0.0061;-0.0217;0.0633;-0.0948;0.0078;0.0000;0.3071
386.0;0.8897;0.8672;1.8055;0.0000;126;103;0.0159;-0.0173;0.0633;-0.0870;0.0078;0.0000;0.3071
386.5;0.8810;0.8709;1.3855;0.0000;124;109;-0.1282;-0.0085;0.0633;-0.0674;0.0068;0.0000;0.3071
387.0;0.8750;0.8750;1.9420;0.0000;134;103;-0.0696;-0.0012;0.0633;-0.0938;0.0068;0.0000;0.3071
387.5;0.8713;0.8787;1.1530;0.0000;126;110;-0.1184;0.0047;0.0633;-0.0557;0.0068;0.0000;0.3071
388.0;0.8663;0.8828;1.5745;0.0000;134;109;-0.0574;0.0120;0.0633;-0.0762;0.0059;0.0000;0.3150
388.5;0.8622;0.8864;0.6495;0.0000;124;118;-0.0232;0.0179;0.0633;-0.0313;0.0059;0.0000;0.3150
389.0;0.8622;0.8906;1.0985;0.0000;132;114;0.0379;0.0208;0.0633;-0.0528;0.0059;0.0000;0.3150
389.5;0.8622;0.8942;0.4005;0.0000;124;124;-0.0159;0.0237;0.0633;-0.0196;0.0059;0.0000;0.3150
390.0;0.8539;0.8984;0.5605;0.0000;128;124;0.0574;0.0325;0.0648;-0.0274;0.0059;0.0000;0.3150
390.5;0.8503;0.9020;0.8325;0.0000;132;122;-0.0305;0.0384;0.0648;-0.0401;0.0059;0.0000;0.3150
391.0;0.8549;0.9061;0.7260;0.0000;132;122;-0.0256;0.0369;0.0648;-0.0352;0.0059;0.0000;0.3150
391.5;0.8549;0.9098;0.8275;0.0000;134;122;0.0476;0.0413;0.0662;-0.0401;0.0049;0.0000;0.3150
392.0;0.8516;0.9139;0.3070;0.0000;130;130;-0.0891;0.0457;0.0662;-0.0156;0.0049;0.0000;0.3150
392.5;0.8480;0.9176;1.0060;0.0000;140;124;-0.0354;0.0516;0.0677;-0.0489;0.0049;0.0000;0.3150
393.0;0.8448;0.9217;0.5850;0.0000;138;130;-0.0208;0.0574;0.0677;-0.0283;0.0049;0.0000;0.3150
393.5;0.8494;0.9254;1.2025;0.0000;144;124;-0.0427;0.0560;0.0691;-0.0587;0.0049;0.0000;0.3150
394.0;0.8539;0.9290;0.8710;0.0000;142;128;-0.0305;0.0560;0.0691;-0.0420;0.0039;0.0000;0.3150
394.5;0.8581;0.9332;1.3770;0.0000;148;122;-0.2063;0.0560;0.0706;-0.0665;0.0039;0.0000;0.3150
395.0;0.8585;0.9368;0.7800;0.0000;142;128;-0.0281;0.0574;0.0706;-0.0381;0.0039;0.0000;0.3150
395.5;0.8622;0.9405;0.4980;0.0000;140;134;-0.0183;0.0574;0.0721;-0.0244;0.0039;0.0000;0.3150
396.0;0.8663;0.9446;0.8255;0.0000;146;132;-0.0305;0.0574;0.0721;-0.0401;0.0039;0.0000;0.3228
396.5;0.8617;0.9483;0.6540;0.0000;144;134;0.1331;0.0648;0.0735;-0.0323;0.0039;0.0000;0.3228
397.0;0.8741;0.9519;0.4310;0.0000;142;138;-0.0159;0.0574;0.0735;-0.0215;0.0029;0.0000;0.3228
397.5;0.8736;0.9560;-0.3145;0.0000;134;146;0.0891;0.0604;0.0750;0.0147;0.0039;0.0000;0.3228
398.0;0.8773;0.9597;0.3100;0.0000;142;140;-0.0110;0.0618;0.0765;-0.0156;0.0029;0.0000;0.3228
398.5;0.8800;0.9634;-0.6010;0.0000;132;150;0.0208;0.0618;0.0765;0.0283;0.0039;0.0000;0.3228
399.0;0.8832;0.9675;-0.1400;0.0000;138;146;0.0037;0.0618;0.0779;0.0059;0.0039;0.0000;0.3228
399.5;0.8924;0.9712;-0.5255;0.0000;136;150;0.0183;0.0589;0.0779;0.0244;0.0039;0.0000;0.3228
400.0;0.9020;0.9748;-0.7250;0.0000;132;153;0.1038;0.0545;0.0794;0.0342;0.0039;0.0000;0.3228
400.5;0.9061;0.9785;-0.9520;0.0000;128;155;0.1868;0.0545;0.0794;0.0450;0.0039;0.0000;0.3228
401.0;0.9148;0.9826;-0.8835;0.0000;128;155;0.1868;0.0501;0.0809;0.0420;0.0039;0.0000;0.3228
401.5;0.9208;0.9863;-0.5175;0.0000;134;152;0.0940;0.0486;0.0809;0.0244;0.0039;0.0000;0.3228
402.0;0.9295;0.9899;-0.7020;0.0000;132;153;0.1795;0.0442;0.0823;0.0332;0.0049;0.0000;0.3228
402.5;0.9377;0.9936;-0.6155;0.0000;132;153;0.1770;0.0413;0.0823;0.0293;0.0049;0.0000;0.3228
403.0;0.9460;0.9977;-1.3365;0.0000;124;161;0.2015;0.0384;0.0823;0.0635;0.0049;0.0000;0.3228
403.5;0.9538;1.0014;-1.0810;0.0000;126;159;0.1941;0.0355;0.0838;0.0518;0.0049;0.0000;0.3228
404.0;0.9647;1.0050;-1.5810;0.0000;120;165;0.2112;0.0296;0.0838;0.0753;0.0059;0.0000;0.3307
404.5;0.9698;1.0087;-0.9850;0.0000;126;157;0.1136;0.0281;0.0838;0.0469;0.0059;0.0000;0.3307
405.0;0.9821;1.0124;-1.1655;0.0000;124;159;0.1160;0.0223;0.0838;0.0557;0.0059;0.0000;0.3307
405.5;0.9899;1.0160;-1.4710;0.0000;120;161;0.1306;0.0193;0.0853;0.0704;0.0059;0.0000;0.3307
406.0;0.9973;1.0201;-0.9040;0.0000;128;155;0.1087;0.0164;0.0853;0.0430;0.0068;0.0000;0.3307
406.5;1.0064;1.0238;-0.9820;0.0000;126;157;0.1111;0.0120;0.0853;0.0469;0.0068;0.0000;0.3307
407.0;1.0105;1.0275;-0.0665;0.0000;138;148;0.0012;0.0120;0.0853;0.0029;0.0068;0.0000;0.3307
407.5;1.0151;1.0311;-0.3410;0.0000;134;152;0.1673;0.0120;0.0853;0.0156;0.0068;0.0000;0.3307
408.0;1.0114;1.0348;0.1945;0.0000;140;146;0.0696;0.0164;0.0853;-0.0098;0.0068;0.0000;0.3307
408.5;1.0114;1.0385;-0.4095;0.0000;134;152;0.0916;0.0193;0.0853;0.0196;0.0068;0.0000;0.3307
409.0;1.0069;1.0421;-0.5310;0.0000;134;155;0.1746;0.0252;0.0867;0.0254;0.0068;0.0000;0.3307
409.5;1.0082;1.0458;-0.7350;0.0000;132;157;0.1013;0.0281;0.0867;0.0352;0.0068;0.0000;0.3307
410.0;1.0046;1.0495;-0.4680;0.0000;138;155;0.0159;0.0325;0.0867;0.0215;0.0068;0.0000;0.3307
410.5;1.0050;1.0531;-0.0830;0.0000;142;153;0.0794;0.0355;0.0867;0.0039;0.0068;0.0000;0.3307
411.0;1.0064;1.0572;-0.5580;0.0000;138;157;0.0965;0.0369;0.0882;0.0264;0.0068;0.0000;0.3307
411.5;1.0064;1.0609;-0.1000;0.0000;142;153;0.0012;0.0398;0.0882;0.0039;0.0068;0.0000;0.3307
412.0;1.0032;1.0646;-0.4690;0.0000;140;159;0.0159;0.0442;0.0897;0.0225;0.0078;0.0000;0.3386
412.5;1.0000;1.0682;0.1835;0.0000;148;153;0.0696;0.0501;0.0897;-0.0098;0.0068;0.0000;0.3386
413.0;1.0009;1.0719;0.0610;0.0000;148;155;0.0745;0.0530;0.0911;-0.0029;0.0068;0.0000;0.3386
413.5;1.0037;1.0755;0.4720;0.0000;153;152;-0.0183;0.0530;0.0911;-0.0235;0.0068;0.0000;0.3386
414.0;1.0055;1.0792;0.0415;0.0000;150;157;0.0745;0.0545;0.0926;-0.0029;0.0068;0.0000;0.3386
414.5;1.0069;1.0829;-0.0605;0.0000;150;159;0.0794;0.0560;0.0926;0.0020;0.0068;0.0000;0.3386
415.0;1.0142;1.0865;0.5095;0.0000;155;153;0.0598;0.0530;0.0941;-0.0254;0.0068;0.0000;0.3386
415.5;1.0110;1.0897;0.1825;0.0000;152;157;-0.0085;0.0589;0.0941;-0.0088;0.0068;0.0000;0.3386
416.0;1.0197;1.0934;0.2520;0.0000;153;155;0.0672;0.0545;0.0955;-0.0127;0.0068;0.0000;0.3386
416.5;1.0270;1.0971;-0.6385;0.0000;144;165;0.0989;0.0516;0.0955;0.0303;0.0068;0.0000;0.3386
417.0;1.0307;1.1007;-0.2300;0.0000;148;163;0.1624;0.0516;0.0970;0.0108;0.0068;0.0000;0.3386
417.5;1.0385;1.1044;-0.7425;0.0000;144;169;0.1038;0.0486;0.0970;0.0352;0.0078;0.0000;0.3386
418.0;1.0490;1.1081;-0.5470;0.0000;144;167;0.1746;0.0428;0.0970;0.0254;0.0078;0.0000;0.3386
418.5;1.0554;1.1117;-0.6835;0.0000;144;167;0.1013;0.0413;0.0984;0.0323;0.0078;0.0000;0.3386
419.0;1.0641;1.1154;-0.5210;0.0000;144;165;0.1746;0.0369;0.0984;0.0244;0.0078;0.0000;0.3386
419.5;1.0668;1.1190;-0.8720;0.0000;140;171;0.2625;0.0384;0.0999;0.0411;0.0078;0.0000;0.3386
420.0;1.0760;1.1227;-1.3505;0.0000;136;177;0.2015;0.0340;0.0999;0.0645;0.0078;0.0000;0.3386
420.5;1.0893;1.1259;-0.8220;0.0000;140;171;0.2625;0.0267;0.0999;0.0391;0.0088;0.0000;0.3465
421.0;1.0975;1.1296;-1.2260;0.0000;136;177;0.1990;0.0237;0.0999;0.0587;0.0088;0.0000;0.3465
421.5;1.1094;1.1332;-0.9625;0.0000;138;173;0.2674;0.0179;0.0999;0.0459;0.0088;0.0000;0.3465
422.0;1.1204;1.1369;-1.6065;0.0000;128;181;0.2894;0.0120;0.1014;0.0762;0.0088;0.0000;0.3465
422.5;1.1273;1.1406;-1.3945;0.0000;130;179;0.3602;0.0091;0.1014;0.0665;0.0098;0.0000;0.3465
423.0;1.1328;1.1442;-1.8955;0.0000;124;185;0.3016;0.0076;0.1014;0.0909;0.0098;0.0000;0.3465
423.5;1.1419;1.1474;-1.4745;0.0000;128;181;0.2845;0.0032;0.1014;0.0704;0.0098;0.0000;0.3465
424.0;1.1538;1.1511;-1.3240;0.0000;128;179;0.2772;-0.0026;0.1014;0.0635;0.0108;0.0000;0.3465
424.5;1.1685;1.1548;-1.7615;0.0000;122;183;0.2967;-0.0114;0.1014;0.0841;0.0108;0.0000;0.3465
425.0;1.1749;1.1584;-1.3060;0.0000;128;177;0.1990;-0.0129;0.1014;0.0626;0.0108;0.0000;0.3465
425.5;1.1827;1.1616;-1.2515;0.0000;128;177;0.1209;-0.0158;0.0999;0.0596;0.0117;0.0000;0.3465
426.0;1.1864;1.1653;0.0545;0.0000;142;161;0.0745;-0.0158;0.0999;-0.0029;0.0117;0.0000;0.3465
426.5;1.1854;1.1690;-0.0550;0.0000;142;161;0.0794;-0.0129;0.0999;0.0020;0.0117;0.0000;0.3465
427.0;1.1891;1.1726;1.0585;0.0000;153;150;-0.0379;-0.0129;0.0999;-0.0508;0.0108;0.0000;0.3465
427.5;1.1923;1.1758;0.9150;0.0000;153;152;-0.1111;-0.0129;0.0999;-0.0440;0.0108;0.0000;0.3465
428.0;1.1854;1.1795;1.1645;0.0000;159;150;-0.1209;-0.0056;0.0999;-0.0567;0.0108;0.0000;0.3465
428.5;1.1827;1.1832;0.9710;0.0000;157;152;-0.0330;-0.0012;0.0999;-0.0469;0.0108;0.0000;0.3465
429.0;1.1886;1.1864;1.3045;0.0000;161;148;-0.1258;-0.0026;0.0999;-0.0635;0.0098;0.0000;0.3543
429.5;1.1896;1.1900;1.3860;0.0000;163;146;-0.0501;0.0003;0.0999;-0.0674;0.0098;0.0000;0.3543
430.0;1.1886;1.1937;0.5995;0.0000;155;155;-0.0232;0.0032;0.0999;-0.0293;0.0098;0.0000;0.3543
430.5;1.1882;1.1969;0.7365;0.0000;157;153;0.0501;0.0062;0.0999;-0.0362;0.0098;0.0000;0.3543
431.0;1.1909;1.2005;0.1035;0.0000;152;161;-0.0037;0.0062;0.0999;-0.0059;0.0098;0.0000;0.3543
431.5;1.1864;1.2042;0.3840;0.0000;157;159;0.0647;0.0120;0.0999;-0.0186;0.0098;0.0000;0.3543
432.0;1.1854;1.2074;-0.2725;0.0000;150;167;0.0085;0.0164;0.0999;0.0127;0.0098;0.0000;0.3543
432.5;1.1845;1.2111;0.0200;0.0000;153;163;0.0769;0.0193;0.0999;-0.0010;0.0098;0.0000;0.3543
433.0;1.1882;1.2147;-0.6570;0.0000;146;171;0.1770;0.0193;0.1014;0.0313;0.0098;0.0000;0.3543
433.5;1.1877;1.2179;-0.9200;0.0000;144;175;0.1087;0.0223;0.1014;0.0440;0.0098;0.0000;0.3543
434.0;1.1909;1.2216;-1.0705;0.0000;144;179;0.1917;0.0223;0.1014;0.0508;0.0098;0.0000;0.3543
434.5;1.1973;1.2248;-0.8695;0.0000;146;177;0.1087;0.0193;0.1014;0.0411;0.0108;0.0000;0.3543
435.0;1.1969;1.2285;-0.4225;0.0000;152;173;0.0916;0.0237;0.1014;0.0196;0.0108;0.0000;0.3543
435.5;1.2033;1.2321;-0.6460;0.0000;150;175;0.0989;0.0208;0.1028;0.0303;0.0108;0.0000;0.3543
436.0;1.2019;1.2353;-0.1915;0.0000;153;171;0.1624;0.0237;0.1028;0.0088;0.0108;0.0000;0.3543
436.5;1.2001;1.2390;-0.3165;0.0000;153;173;0.0891;0.0281;0.1028;0.0147;0.0108;0.0000;0.3543
437.0;1.2010;1.2422;0.2205;0.0000;159;167;-0.0085;0.0311;0.1028;-0.0108;0.0108;0.0000;0.3543
437.5;1.2001;1.2459;0.0550;0.0000;159;169;-0.0037;0.0340;0.1043;-0.0029;0.0108;0.0000;0.3543
438.0;1.2038;1.2491;0.3865;0.0000;165;165;-0.0134;0.0340;0.1043;-0.0186;0.0108;0.0000;0.3622
438.5;1.2051;1.2527;0.0720;0.0000;163;169;-0.0037;0.0355;0.1043;-0.0039;0.0108;0.0000;0.3622
439.0;1.2051;1.2560;0.0105;0.0000;163;171;-0.0794;0.0369;0.1058;-0.0010;0.0108;0.0000;0.3622
439.5;1.2074;1.2596;-0.0285;0.0000;163;171;-0.0012;0.0384;0.1058;0.0010;0.0108;0.0000;0.3622
440.0;1.2097;1.2628;0.1000;0.0000;165;169;0.0745;0.0384;0.1058;-0.0049;0.0108;0.0000;0.3622
440.5;1.2157;1.2665;0.4890;0.0000;169;165;-0.0965;0.0369;0.1072;-0.0244;0.0108;0.0000;0.3622
441.0;1.2179;1.2697;0.0600;0.0000;165;171;-0.0037;0.0384;0.1072;-0.0029;0.0108;0.0000;0.3622
441.5;1.2193;1.2734;0.3830;0.0000;171;169;-0.0159;0.0398;0.1087;-0.0186;0.0108;0.0000;0.3622
442.0;1.2161;1.2766;-0.0180;0.0000;167;175;-0.0794;0.0442;0.1087;-0.0000;0.0108;0.0000;0.3622
442.5;1.2147;1.2802;0.5395;0.0000;175;167;-0.0208;0.0486;0.1087;-0.0264;0.0098;0.0000;0.3622
443.0;1.2157;1.2834;0.4960;0.0000;175;169;-0.0183;0.0501;0.1102;-0.0244;0.0098;0.0000;0.3622
443.5;1.2184;1.2866;0.7395;0.0000;179;165;-0.0256;0.0501;0.1102;-0.0362;0.0098;0.0000;0.3622
444.0;1.2202;1.2903;0.1490;0.0000;171;175;-0.0061;0.0516;0.1116;-0.0078;0.0098;0.0000;0.3622
444.5;1.2221;1.2935;0.0230;0.0000;171;177;-0.0794;0.0530;0.1116;-0.0020;0.0098;0.0000;0.3622
445.0;1.2308;1.2972;0.1205;0.0000;173;175;-0.0061;0.0486;0.1131;-0.0059;0.0098;0.0000;0.3622
445.5;1.2399;1.3004;0.0165;0.0000;171;177;-0.0012;0.0442;0.1131;-0.0010;0.0098;0.0000;0.3622
446.0;1.2486;1.3036;0.0175;0.0000;171;177;-0.0012;0.0413;0.1146;-0.0010;0.0098;0.0000;0.3622
446.5;1.2564;1.3072;-0.2300;0.0000;169;179;0.0061;0.0369;0.1146;0.0108;0.0098;0.0000;0.3701
447.0;1.2633;1.3104;-0.0135;0.0000;171;177;-0.0012;0.0340;0.1146;-0.0000;0.0098;0.0000;0.3701
447.5;1.2637;1.3136;-0.1095;0.0000;171;179;0.0818;0.0369;0.1160;0.0049;0.0098;0.0000;0.3701
448.0;1.2706;1.3173;0.0155;0.0000;171;177;-0.0012;0.0340;0.1160;-0.0010;0.0098;0.0000;0.3701
448.5;1.2784;1.3205;0.1370;0.0000;175;177;0.0720;0.0311;0.1160;-0.0068;0.0098;0.0000;0.3701
449.0;1.2853;1.3237;0.0985;0.0000;175;177;-0.0818;0.0281;0.1160;-0.0049;0.0098;0.0000;0.3701
449.5;1.2990;1.3274;0.1210;0.0000;173;175;-0.0061;0.0208;0.1175;-0.0059;0.0098;0.0000;0.3701
450.0;1.3127;1.3306;-0.0415;0.0000;169;177;0.0012;0.0120;0.1175;0.0020;0.0098;0.0000;0.3701
450.5;1.3255;1.3338;-0.0205;0.0000;169;175;-0.0794;0.0062;0.1175;-0.0000;0.0098;0.0000;0.3701
451.0;1.3361;1.3370;-0.2005;0.0000;167;177;0.0061;0.0003;0.1175;0.0088;0.0098;0.0000;0.3701
451.5;1.3480;1.3407;-0.2680;0.0000;165;177;0.1648;-0.0056;0.1175;0.0127;0.0098;0.0000;0.3701
452.0;1.3562;1.3439;-0.4935;0.0000;163;181;0.1722;-0.0100;0.1175;0.0235;0.0098;0.0000;0.3701
452.5;1.3658;1.3471;-0.5835;0.0000;161;181;0.0183;-0.0144;0.1175;0.0274;0.0098;0.0000;0.3701
453.0;1.3732;1.3507;-0.7420;0.0000;159;183;0.1013;-0.0173;0.1160;0.0352;0.0108;0.0000;0.3701
453.5;1.3869;1.3539;-0.7900;0.0000;157;181;0.0256;-0.0261;0.1160;0.0371;0.0108;0.0000;0.3701
454.0;1.4002;1.3571;-0.9545;0.0000;153;183;0.1111;-0.0334;0.1160;0.0450;0.0108;0.0000;0.3701
454.5;1.4084;1.3603;-1.0160;0.0000;152;183;0.1136;-0.0363;0.1160;0.0479;0.0108;0.0000;0.3701
455.0;1.4121;1.3636;-1.1270;0.0000;150;185;0.2723;-0.0363;0.1146;0.0538;0.0108;0.0000;0.3701
455.5;1.4203;1.3672;-1.0610;0.0000;150;185;0.1917;-0.0407;0.1146;0.0508;0.0117;0.0000;0.3701
456.0;1.4254;1.3704;-1.2240;0.0000;148;187;0.1990;-0.0422;0.1131;0.0587;0.0117;0.0000;0.3780
456.5;1.4345;1.3736;-1.2285;0.0000;146;187;0.1966;-0.0466;0.1131;0.0587;0.0117;0.0000;0.3780
457.0;1.4423;1.3768;-1.4745;0.0000;142;189;0.2869;-0.0495;0.1131;0.0704;0.0117;0.0000;0.3780
457.5;1.4473;1.3800;-1.7965;0.0000;138;193;0.2943;-0.0510;0.1116;0.0860;0.0127;0.0000;0.3780
458.0;1.4533;1.3832;-2.1340;0.0000;134;196;0.3871;-0.0539;0.1116;0.1017;0.0127;0.0000;0.3780
458.5;1.4629;1.3869;-1.9670;0.0000;134;195;0.3016;-0.0583;0.1102;0.0938;0.0137;0.0000;0.3780
459.0;1.4643;1.3901;-1.8550;0.0000;134;195;0.2991;-0.0568;0.1102;0.0890;0.0137;0.0000;0.3780
459.5;1.4657;1.3933;-1.6675;0.0000;136;193;0.2918;-0.0554;0.1087;0.0792;0.0137;0.0000;0.3780
460.0;1.4657;1.3965;-1.3600;0.0000;140;191;0.1258;-0.0524;0.1087;0.0645;0.0147;0.0000;0.3780
460.5;1.4620;1.3997;-1.1870;0.0000;142;189;0.1966;-0.0481;0.1072;0.0567;0.0147;0.0000;0.3780
461.0;1.4560;1.4029;-0.5640;0.0000;150;183;0.0965;-0.0407;0.1072;0.0264;0.0147;0.0000;0.3780
461.5;1.4538;1.4061;0.0180;0.0000;157;175;-0.0012;-0.0363;0.1072;-0.0010;0.0147;0.0000;0.3780
462.0;1.4432;1.4093;0.4660;0.0000;163;171;-0.0183;-0.0261;0.1058;-0.0225;0.0147;0.0000;0.3780
462.5;1.4386;1.4125;0.8710;0.0000;169;167;-0.1087;-0.0202;0.1058;-0.0420;0.0147;0.0000;0.3780
463.0;1.4368;1.4158;1.0455;0.0000;175;165;-0.0379;-0.0158;0.1058;-0.0508;0.0147;0.0000;0.3780
463.5;1.4277;1.4194;1.0925;0.0000;177;167;-0.0403;-0.0070;0.1058;-0.0528;0.0137;0.0000;0.3780
464.0;1.4258;1.4226;0.9835;0.0000;175;169;0.0427;-0.0041;0.1058;-0.0479;0.0137;0.0000;0.3780
464.5;1.4176;1.4258;0.8515;0.0000;175;171;0.0476;0.0062;0.1058;-0.0411;0.0137;0.0000;0.3780
465.0;1.4139;1.4290;0.6170;0.0000;175;175;-0.0232;0.0105;0.1058;-0.0303;0.0137;0.0000;0.3858
465.5;1.4071;1.4322;0.5330;0.0000;175;177;0.0574;0.0179;0.1058;-0.0264;0.0137;0.0000;0.3858
466.0;1.4043;1.4354;0.3160;0.0000;175;179;0.0672;0.0223;0.1058;-0.0156;0.0137;0.0000;0.3858
466.5;1.4029;1.4386;0.2615;0.0000;175;181;0.0672;0.0252;0.1072;-0.0127;0.0137;0.0000;0.3858
467.0;1.4006;1.4418;0.1595;0.0000;175;183;0.0720;0.0296;0.1072;-0.0078;0.0137;0.0000;0.3858
467.5;1.4016;1.4451;0.2540;0.0000;177;183;0.0672;0.0325;0.1072;-0.0127;0.0137;0.0000;0.3858
468.0;1.4016;1.4483;0.1745;0.0000;177;183;-0.0085;0.0340;0.1087;-0.0088;0.0137;0.0000;0.3858
468.5;1.4020;1.4515;0.3215;0.0000;179;183;-0.0134;0.0355;0.1087;-0.0156;0.0127;0.0000;0.3858
469.0;1.4025;1.4547;0.6205;0.0000;185;181;-0.0232;0.0384;0.1087;-0.0303;0.0127;0.0000;0.3858
469.5;1.4061;1.4574;0.4485;0.0000;183;183;-0.0940;0.0384;0.1102;-0.0225;0.0127;0.0000;0.3858
470.0;1.4071;1.4606;0.6210;0.0000;187;181;-0.0232;0.0398;0.1102;-0.0303;0.0127;0.0000;0.3858
470.5;1.4071;1.4638;0.4640;0.0000;185;183;0.0598;0.0428;0.1102;-0.0225;0.0127;0.0000;0.3858
471.0;1.4066;1.4670;0.4275;0.0000;187;185;-0.0159;0.0442;0.1116;-0.0205;0.0127;0.0000;0.3858
471.5;1.4071;1.4702;0.4470;0.0000;187;185;-0.0159;0.0472;0.1116;-0.0215;0.0127;0.0000;0.3858
472.0;1.4153;1.4734;0.3845;0.0000;187;185;-0.0159;0.0428;0.1131;-0.0186;0.0127;0.0000;0.3858
472.5;1.4190;1.4766;0.1710;0.0000;185;189;0.0720;0.0428;0.1131;-0.0088;0.0127;0.0000;0.3858
473.0;1.4263;1.4799;-0.0060;0.0000;183;191;-0.0012;0.0398;0.1131;-0.0000;0.0127;0.0000;0.3858
473.5;1.4327;1.4831;-0.0985;0.0000;183;193;0.0012;0.0369;0.1146;0.0039;0.0127;0.0000;0.3858
474.0;1.4396;1.4863;-0.3950;0.0000;179;196;0.1697;0.0340;0.1146;0.0186;0.0127;0.0000;0.3858
474.5;1.4483;1.4890;-0.1300;0.0000;181;193;0.1600;0.0296;0.1146;0.0059;0.0127;0.0000;0.3937
475.0;1.4496;1.4922;-0.5085;0.0000;175;198;0.1722;0.0311;0.1160;0.0235;0.0127;0.0000;0.3937
475.5;1.4620;1.4954;-0.4530;0.0000;175;198;0.2479;0.0237;0.1160;0.0215;0.0127;0.0000;0.3937
476.0;1.4725;1.4986;-0.7955;0.0000;169;202;0.1844;0.0193;0.1160;0.0381;0.0127;0.0000;0.3937
476.5;1.4840;1.5018;-1.1580;0.0000;165;206;0.2723;0.0120;0.1160;0.0547;0.0127;0.0000;0.3937
477.0;1.4927;1.5050;-1.1660;0.0000;165;206;0.1966;0.0091;0.1160;0.0557;0.0137;0.0000;0.3937
477.5;1.4995;1.5078;-1.3170;0.0000;161;208;0.2796;0.0062;0.1160;0.0626;0.0137;0.0000;0.3937
478.0;1.5114;1.5110;-1.1520;0.0000;163;206;0.2747;-0.0012;0.1160;0.0547;0.0137;0.0000;0.3937
478.5;1.5183;1.5142;-1.5920;0.0000;157;212;0.2894;-0.0041;0.1160;0.0762;0.0147;0.0000;0.3937
479.0;1.5224;1.5174;-1.4295;0.0000;159;210;0.3626;-0.0041;0.1160;0.0684;0.0147;0.0000;0.3937
479.5;1.5330;1.5206;-1.7830;0.0000;153;214;0.2967;-0.0100;0.1160;0.0850;0.0147;0.0000;0.3937
480.0;1.5440;1.5234;-1.6595;0.0000;153;214;0.3700;-0.0158;0.1160;0.0792;0.0156;0.0000;0.3937
480.5;1.5517;1.5266;-1.7165;0.0000;152;214;0.4505;-0.0188;0.1160;0.0821;0.0156;0.0000;0.3937
481.0;1.5623;1.5298;-1.6125;0.0000;152;212;0.3675;-0.0246;0.1160;0.0772;0.0156;0.0000;0.3937
481.5;1.5737;1.5330;-1.7845;0.0000;150;214;0.4530;-0.0319;0.1146;0.0850;0.0166;0.0000;0.3937
482.0;1.5820;1.5357;-1.9870;0.0000;146;218;0.4603;-0.0349;0.1146;0.0948;0.0166;0.0000;0.3937
482.5;1.5893;1.5389;-1.6300;0.0000;148;212;0.4481;-0.0378;0.1146;0.0782;0.0166;0.0000;0.3937
483.0;1.5957;1.5421;-1.8535;0.0000;146;214;0.2991;-0.0407;0.1131;0.0880;0.0176;0.0000;0.3937
483.5;1.5975;1.5453;-1.4105;0.0000;150;210;0.2821;-0.0407;0.1131;0.0674;0.0176;0.0000;0.3937
484.0;1.5962;1.5481;-1.0965;0.0000;155;206;0.2723;-0.0363;0.1131;0.0518;0.0176;0.0000;0.3937
484.5;1.5989;1.5513;-0.2890;0.0000;163;198;0.0867;-0.0363;0.1116;0.0137;0.0176;0.0000;0.4016
485.0;1.5971;1.5545;-0.0160;0.0000;167;195;0.0769;-0.0334;0.1116;-0.0000;0.0176;0.0000;0.4016
485.5;1.5916;1.5572;0.4900;0.0000;175;189;-0.0183;-0.0261;0.1116;-0.0244;0.0176;0.0000;0.4016
486.0;1.5824;1.5604;1.0150;0.0000;183;185;-0.0379;-0.0173;0.1116;-0.0489;0.0176;0.0000;0.4016
486.5;1.5769;1.5636;0.9105;0.0000;183;187;0.0452;-0.0114;0.1116;-0.0440;0.0176;0.0000;0.4016
487.0;1.5769;1.5664;1.0400;0.0000;185;185;-0.0379;-0.0085;0.1102;-0.0508;0.0176;0.0000;0.4016
487.5;1.5723;1.5696;0.9355;0.0000;187;187;0.0452;-0.0026;0.1102;-0.0450;0.0176;0.0000;0.4016
488.0;1.5714;1.5728;0.8985;0.0000;187;187;0.1233;0.0003;0.1102;-0.0440;0.0166;0.0000;0.4016
488.5;1.5728;1.5755;0.7390;0.0000;185;189;0.0501;0.0018;0.1102;-0.0362;0.0166;0.0000;0.4016
489.0;1.5682;1.5788;0.7750;0.0000;187;189;0.1282;0.0076;0.1116;-0.0381;0.0166;0.0000;0.4016
489.5;1.5659;1.5815;0.5665;0.0000;185;193;-0.0208;0.0105;0.1116;-0.0274;0.0166;0.0000;0.4016
490.0;1.5682;1.5847;0.3245;0.0000;183;195;0.1429;0.0120;0.1116;-0.0156;0.0166;0.0000;0.4016
490.5;1.5659;1.5879;0.1990;0.0000;183;196;0.0696;0.0149;0.1116;-0.0098;0.0166;0.0000;0.4016
491.0;1.5701;1.5907;0.0450;0.0000;183;198;0.0745;0.0149;0.1116;-0.0029;0.0166;0.0000;0.4016
491.5;1.5737;1.5939;0.0485;0.0000;183;198;0.0745;0.0149;0.1116;-0.0029;0.0166;0.0000;0.4016
492.0;1.5737;1.5966;-0.0840;0.0000;181;200;0.1575;0.0164;0.1116;0.0039;0.0166;0.0000;0.4016
492.5;1.5769;1.5998;0.1020;0.0000;183;198;0.0745;0.0164;0.1131;-0.0059;0.0166;0.0000;0.4016
493.0;1.5875;1.6026;-0.1380;0.0000;181;200;0.0818;0.0105;0.1131;0.0059;0.0166;0.0000;0.4016
493.5;1.5925;1.6058;-0.0595;0.0000;183;200;0.0012;0.0091;0.1131;0.0020;0.0166;0.0000;0.4016
494.0;1.5971;1.6090;-0.1455;0.0000;183;200;0.0818;0.0076;0.1131;0.0068;0.0166;0.0000;0.4016
494.5;1.6021;1.6117;0.0270;0.0000;185;200;-0.0012;0.0062;0.1131;-0.0020;0.0166;0.0000;0.4094
495.0;1.6058;1.6149;0.4485;0.0000;189;195;0.0623;0.0062;0.1131;-0.0225;0.0166;0.0000;0.4094
495.5;1.6081;1.6177;0.3095;0.0000;189;196;-0.0891;0.0062;0.1131;-0.0156;0.0166;0.0000;0.4094
496.0;1.6094;1.6209;0.4085;0.0000;191;195;-0.1722;0.0076;0.1131;-0.0205;0.0166;0.0000;0.4094
496.5;1.6071;1.6236;0.0635;0.0000;189;198;-0.0037;0.0120;0.1131;-0.0039;0.0166;0.0000;0.4094
497.0;1.6053;1.6268;0.7930;0.0000;196;191;-0.0281;0.0149;0.1131;-0.0381;0.0156;0.0000;0.4094
497.5;1.6062;1.6296;0.2675;0.0000;193;196;-0.0891;0.0164;0.1131;-0.0137;0.0156;0.0000;0.4094
498.0;1.6126;1.6328;0.8285;0.0000;198;191;-0.0305;0.0149;0.1146;-0.0401;0.0156;0.0000;0.4094
498.5;1.6168;1.6355;0.1345;0.0000;191;198;-0.0061;0.0135;0.1146;-0.0068;0.0156;0.0000;0.4094
499.0;1.6236;1.6383;0.3935;0.0000;195;195;-0.0159;0.0105;0.1146;-0.0196;0.0156;0.0000;0.4094
499.5;1.6346;1.6415;1.1330;0.0000;202;187;-0.0427;0.0047;0.1146;-0.0547;0.0156;0.0000;0.4094
500.0;1.6374;1.6442;0.9890;0.0000;200;189;-0.0354;0.0047;0.1146;-0.0479;0.0156;0.0000;0.4094
500.5;1.6410;1.6474;1.0960;0.0000;202;187;-0.0403;0.0032;0.1146;-0.0528;0.0147;0.0000;0.4094
501.0;1.6488;1.6502;0.3860;0.0000;195;195;-0.0940;0.0003;0.1146;-0.0186;0.0147;0.0000;0.4094
501.5;1.6571;1.6534;0.7735;0.0000;200;189;-0.1062;-0.0041;0.1146;-0.0371;0.0147;0.0000;0.4094
502.0;1.6639;1.6561;0.2910;0.0000;195;195;-0.0891;-0.0070;0.1146;-0.0147;0.0147;0.0000;0.4094
502.5;1.6690;1.6589;1.1090;0.0000;204;185;-0.1184;-0.0085;0.1146;-0.0538;0.0147;0.0000;0.4094
503.0;1.6717;1.6621;0.6925;0.0000;198;189;-0.1038;-0.0085;0.1146;-0.0342;0.0147;0.0000;0.4094
503.5;1.6758;1.6648;1.1835;0.0000;204;185;0.0354;-0.0085;0.1146;-0.0577;0.0137;0.0000;0.4094
504.0;1.6845;1.6680;0.5900;0.0000;198;189;-0.1795;-0.0129;0.1146;-0.0283;0.0137;0.0000;0.4094
504.5;1.6923;1.6708;0.5730;0.0000;198;189;-0.0989;-0.0173;0.1131;-0.0283;0.0137;0.0000;0.4173
505.0;1.7019;1.6735;1.0260;0.0000;202;185;-0.0379;-0.0217;0.1131;-0.0499;0.0137;0.0000;0.4173
505.5;1.7106;1.6767;0.6610;0.0000;198;189;-0.0232;-0.0261;0.1131;-0.0323;0.0137;0.0000;0.4173
506.0;1.7152;1.6795;0.4245;0.0000;196;191;-0.0159;-0.0275;0.1131;-0.0205;0.0137;0.0000;0.4173
506.5;1.7161;1.6822;-0.4280;0.0000;187;198;0.0134;-0.0261;0.1131;0.0196;0.0137;0.0000;0.4173
507.0;1.7198;1.6854;-0.0985;0.0000;191;195;-0.0769;-0.0261;0.1116;0.0039;0.0137;0.0000;0.4173
507.5;1.7212;1.6882;-0.5780;0.0000;185;200;0.0989;-0.0261;0.1116;0.0274;0.0137;0.0000;0.4173
508.0;1.7193;1.6909;-0.1640;0.0000;189;196;0.0818;-0.0217;0.1116;0.0078;0.0137;0.0000;0.4173
508.5;1.7239;1.6941;-0.5035;0.0000;185;202;0.0940;-0.0231;0.1116;0.0235;0.0137;0.0000;0.4173
509.0;1.7276;1.6969;0.1915;0.0000;193;195;0.0696;-0.0246;0.1102;-0.0098;0.0137;0.0000;0.4173
509.5;1.7280;1.6996;-0.3540;0.0000;187;200;0.0891;-0.0217;0.1102;0.0166;0.0137;0.0000;0.4173
510.0;1.7276;1.7024;-0.2405;0.0000;189;200;0.0061;-0.0202;0.1102;0.0108;0.0137;0.0000;0.4173
510.5;1.7271;1.7056;0.1575;0.0000;193;196;-0.0061;-0.0173;0.1102;-0.0078;0.0137;0.0000;0.4173
511.0;1.7266;1.7083;0.3900;0.0000;196;195;-0.0159;-0.0144;0.1102;-0.0196;0.0137;0.0000;0.4173
511.5;1.7262;1.7111;0.4170;0.0000;196;195;-0.0159;-0.0114;0.1102;-0.0205;0.0137;0.0000;0.4173
512.0;1.7234;1.7138;-0.0555;0.0000;193;200;0.1575;-0.0085;0.1102;0.0020;0.0137;0.0000;0.4173
512.5;1.7207;1.7170;0.3875;0.0000;196;196;0.0647;-0.0041;0.1102;-0.0196;0.0137;0.0000;0.4173
513.0;1.7170;1.7198;0.0725;0.0000;195;200;0.0745;0.0018;0.1102;-0.0039;0.0137;0.0000;0.4173
513.5;1.7166;1.7225;0.5970;0.0000;200;196;-0.0232;0.0032;0.1102;-0.0293;0.0137;0.0000;0.4173
514.0;1.7147;1.7253;0.3250;0.0000;198;200;0.0647;0.0076;0.1102;-0.0156;0.0137;0.0000;0.4173
514.5;1.7147;1.7285;0.0895;0.0000;196;204;0.0745;0.0091;0.1102;-0.0049;0.0137;0.0000;0.4173
515.0;1.7147;1.7312;-0.0235;0.0000;195;204;-0.0012;0.0120;0.1102;0.0010;0.0137;0.0000;0.4252
515.5;1.7198;1.7340;0.0245;0.0000;196;206;0.0769;0.0105;0.1102;-0.0020;0.0137;0.0000;0.4252
516.0;1.7276;1.7367;0.3210;0.0000;198;202;0.0647;0.0062;0.1102;-0.0156;0.0137;0.0000;0.4252
516.5;1.7317;1.7395;0.0200;0.0000;195;206;0.0769;0.0047;0.1102;-0.0010;0.0137;0.0000;0.4252
517.0;1.7331;1.7422;0.1675;0.0000;198;204;-0.0061;0.0062;0.1102;-0.0088;0.0137;0.0000;0.4252
517.5;1.7372;1.7454;-0.3255;0.0000;193;210;0.0891;0.0047;0.1102;0.0147;0.0137;0.0000;0.4252
518.0;1.7395;1.7482;-0.0525;0.0000;196;208;0.0794;0.0062;0.1102;0.0020;0.0137;0.0000;0.4252
518.5;1.7367;1.7509;-0.4650;0.0000;193;212;0.0940;0.0105;0.1102;0.0215;0.0137;0.0000;0.4252
519.0;1.7390;1.7537;-0.1235;0.0000;196;210;0.0818;0.0105;0.1116;0.0059;0.0137;0.0000;0.4252
519.5;1.7463;1.7564;-0.4060;0.0000;193;214;0.1697;0.0076;0.1116;0.0186;0.0137;0.0000;0.4252
520.0;1.7495;1.7592;-0.5300;0.0000;191;214;0.0965;0.0062;0.1116;0.0254;0.0137;0.0000;0.4252
520.5;1.7518;1.7619;-0.5395;0.0000;191;214;0.0965;0.0062;0.1116;0.0254;0.0137;0.0000;0.4252
521.0;1.7582;1.7651;-0.6110;0.0000;191;216;0.1770;0.0047;0.1116;0.0283;0.0137;0.0000;0.4252
521.5;1.7601;1.7679;-0.5230;0.0000;191;218;0.2527;0.0047;0.1116;0.0244;0.0137;0.0000;0.4252
522.0;1.7624;1.7706;-0.9225;0.0000;187;222;0.1868;0.0047;0.1116;0.0440;0.0147;0.0000;0.4252
522.5;1.7647;1.7734;-0.8215;0.0000;189;222;0.1844;0.0062;0.1116;0.0391;0.0147;0.0000;0.4252
523.0;1.7743;1.7761;-0.8820;0.0000;187;222;0.1087;0.0003;0.1116;0.0420;0.0147;0.0000;0.4252
523.5;1.7788;1.7788;-0.4335;0.0000;191;218;0.1697;-0.0012;0.1116;0.0205;0.0147;0.0000;0.4252
524.0;1.7848;1.7816;-0.4080;0.0000;191;216;0.1697;-0.0026;0.1116;0.0196;0.0147;0.0000;0.4252
524.5;1.7889;1.7843;0.0425;0.0000;195;212;0.1526;-0.0041;0.1116;-0.0029;0.0147;0.0000;0.4252
525.0;1.7857;1.7871;0.1180;0.0000;196;212;0.0720;0.0003;0.1116;-0.0059;0.0147;0.0000;0.4252
525.5;1.7825;1.7898;0.1815;0.0000;198;212;-0.0085;0.0047;0.1116;-0.0088;0.0147;0.0000;0.4252
526.0;1.7775;1.7926;0.1595;0.0000;200;212;0.0720;0.0105;0.1116;-0.0078;0.0147;0.0000;0.4331
526.5;1.7734;1.7953;0.3580;0.0000;204;210;-0.0134;0.0164;0.1116;-0.0176;0.0147;0.0000;0.4331
527.0;1.7701;1.7981;0.9155;0.0000;210;204;-0.0330;0.0208;0.1116;-0.0440;0.0147;0.0000;0.4331
527.5;1.7711;1.8008;0.7595;0.0000;210;206;-0.0281;0.0223;0.1131;-0.0371;0.0147;0.0000;0.4331
528.0;1.7729;1.8036;1.0410;0.0000;214;204;-0.0354;0.0223;0.1131;-0.0508;0.0137;0.0000;0.4331
528.5;1.7701;1.8063;0.5060;0.0000;210;210;-0.0183;0.0267;0.1131;-0.0244;0.0137;0.0000;0.4331
529.0;1.7711;1.8091;0.5375;0.0000;210;210;-0.0208;0.0281;0.1131;-0.0264;0.0137;0.0000;0.4331
529.5;1.7729;1.8118;0.5965;0.0000;212;210;-0.0232;0.0281;0.1146;-0.0293;0.0137;0.0000;0.4331
530.0;1.7784;1.8146;0.6515;0.0000;212;210;0.0549;0.0267;0.1146;-0.0323;0.0137;0.0000;0.4331
530.5;1.7834;1.8173;0.6735;0.0000;214;208;-0.1038;0.0252;0.1146;-0.0332;0.0137;0.0000;0.4331
531.0;1.7898;1.8201;0.3155;0.0000;208;212;0.0647;0.0223;0.1146;-0.0156;0.0137;0.0000;0.4331
531.5;1.7926;1.8228;0.4545;0.0000;212;212;-0.0159;0.0223;0.1160;-0.0225;0.0127;0.0000;0.4331
532.0;1.7985;1.8255;0.4520;0.0000;212;212;0.0598;0.0193;0.1160;-0.0225;0.0127;0.0000;0.4331
532.5;1.8008;1.8283;0.8445;0.0000;218;206;-0.1087;0.0193;0.1160;-0.0411;0.0127;0.0000;0.4331
533.0;1.8045;1.8310;0.6200;0.0000;214;210;-0.1013;0.0193;0.1160;-0.0303;0.0127;0.0000;0.4331
533.5;1.8082;1.8338;0.9650;0.0000;220;206;-0.1136;0.0179;0.1160;-0.0469;0.0127;0.0000;0.4331
534.0;1.8123;1.8365;0.6065;0.0000;214;210;-0.1013;0.0179;0.1160;-0.0293;0.0127;0.0000;0.4331
534.5;1.8159;1.8393;0.6220;0.0000;216;210;-0.0232;0.0164;0.1175;-0.0303;0.0127;0.0000;0.4331
535.0;1.8269;1.8420;0.6030;0.0000;214;208;-0.0232;0.0105;0.1175;-0.0293;0.0117;0.0000;0.4331
535.5;1.8324;1.8443;0.4450;0.0000;212;210;0.0623;0.0076;0.1175;-0.0215;0.0117;0.0000;0.4331
536.0;1.8434;1.8471;0.2095;0.0000;210;212;-0.0085;0.0018;0.1175;-0.0108;0.0117;0.0000;0.4331
536.5;1.8498;1.8498;-0.2835;0.0000;204;220;0.0867;-0.0012;0.1175;0.0127;0.0117;0.0000;0.4331
537.0;1.8549;1.8526;-0.2655;0.0000;204;220;0.0867;-0.0026;0.1175;0.0127;0.0117;0.0000;0.4409
537.5;1.8636;1.8553;-0.6980;0.0000;198;224;0.0232;-0.0070;0.1175;0.0332;0.0127;0.0000;0.4409
538.0;1.8686;1.8581;-0.5665;0.0000;200;222;0.0965;-0.0085;0.1175;0.0264;0.0127;0.0000;0.4409
538.5;1.8773;1.8608;-0.9695;0.0000;195;226;0.1893;-0.0129;0.1175;0.0459;0.0127;0.0000;0.4409
539.0;1.8814;1.8631;-0.9965;0.0000;195;226;0.1111;-0.0144;0.1160;0.0469;0.0127;0.0000;0.4409
539.5;1.8887;1.8658;-1.3245;0.0000;191;230;0.1233;-0.0173;0.1160;0.0635;0.0127;0.0000;0.4409
540.0;1.8965;1.8686;-1.4710;0.0000;189;232;0.1282;-0.0217;0.1160;0.0704;0.0137;0.0000;0.4409
540.5;1.9084;1.8713;-1.1280;0.0000;191;228;0.1966;-0.0290;0.1160;0.0538;0.0137;0.0000;0.4409
541.0;1.9203;1.8741;-1.2735;0.0000;189;228;0.1209;-0.0363;0.1160;0.0606;0.0137;0.0000;0.4409
541.5;1.9309;1.8768;-1.0930;0.0000;189;226;0.1160;-0.0422;0.1146;0.0518;0.0137;0.0000;0.4409
542.0;1.9373;1.8791;-1.5740;0.0000;183;230;0.2088;-0.0437;0.1146;0.0753;0.0147;0.0000;0.4409
542.5;1.9460;1.8819;-1.4310;0.0000;185;228;0.1258;-0.0481;0.1131;0.0684;0.0147;0.0000;0.4409
543.0;1.9579;1.8846;-1.7030;0.0000;179;230;0.2137;-0.0554;0.1131;0.0811;0.0156;0.0000;0.4409
543.5;1.9702;1.8874;-1.1275;0.0000;185;224;0.1160;-0.0627;0.1116;0.0538;0.0156;0.0000;0.4409
544.0;1.9776;1.8897;-1.0250;0.0000;185;222;0.1917;-0.0671;0.1116;0.0489;0.0156;0.0000;0.4409
544.5;1.9808;1.8924;-1.1020;0.0000;185;222;0.0379;-0.0671;0.1102;0.0528;0.0156;0.0000;0.4409
545.0;1.9808;1.8951;-0.5420;0.0000;191;216;0.0183;-0.0642;0.1087;0.0254;0.0156;0.0000;0.4409
545.5;1.9858;1.8979;-0.6120;0.0000;189;214;0.0208;-0.0671;0.1087;0.0293;0.0156;0.0000;0.4409
546.0;1.9821;1.9002;-0.0545;0.0000;196;208;0.0012;-0.0627;0.1072;0.0020;0.0156;0.0000;0.4409
546.5;1.9794;1.9029;0.0800;0.0000;198;208;-0.0037;-0.0583;0.1072;-0.0039;0.0156;0.0000;0.4409
547.0;1.9744;1.9057;0.7995;0.0000;206;200;-0.0281;-0.0524;0.1058;-0.0391;0.0156;0.0000;0.4409
547.5;1.9693;1.9084;0.5910;0.0000;206;202;-0.1013;-0.0466;0.1058;-0.0293;0.0156;0.0000;0.4409
548.0;1.9721;1.9107;0.7680;0.0000;208;200;-0.0281;-0.0466;0.1043;-0.0371;0.0156;0.0000;0.4409
548.5;1.9716;1.9135;0.5680;0.0000;204;204;-0.0208;-0.0437;0.1043;-0.0274;0.0156;0.0000;0.4488
549.0;1.9670;1.9162;0.6400;0.0000;206;202;0.0549;-0.0393;0.1043;-0.0313;0.0156;0.0000;0.4488
549.5;1.9652;1.9185;0.4885;0.0000;206;206;0.0598;-0.0363;0.1028;-0.0244;0.0156;0.0000;0.4488
550.0;1.9602;1.9212;-0.1470;0.0000;200;212;0.0818;-0.0305;0.1028;0.0068;0.0156;0.0000;0.4488
550.5;1.9615;1.9240;0.0045;0.0000;202;212;0.0769;-0.0290;0.1028;-0.0010;0.0156;0.0000;0.4488
551.0;1.9670;1.9263;-0.1605;0.0000;200;214;0.0818;-0.0305;0.1028;0.0068;0.0156;0.0000;0.4488
551.5;1.9652;1.9290;0.5460;0.0000;208;206;-0.0208;-0.0275;0.1014;-0.0264;0.0156;0.0000;0.4488
552.0;1.9647;1.9318;0.5255;0.0000;208;208;0.0598;-0.0261;0.1014;-0.0254;0.0147;0.0000;0.4488
552.5;1.9597;1.9341;0.8920;0.0000;212;204;-0.0330;-0.0202;0.1014;-0.0430;0.0147;0.0000;0.4488
553.0;1.9556;1.9368;0.5405;0.0000;210;208;0.0574;-0.0144;0.1014;-0.0264;0.0147;0.0000;0.4488
553.5;1.9588;1.9396;0.5100;0.0000;210;208;-0.0183;-0.0158;0.1014;-0.0254;0.0147;0.0000;0.4488
554.0;1.9643;1.9418;0.2340;0.0000;208;212;0.0696;-0.0173;0.1014;-0.0117;0.0147;0.0000;0.4488
554.5;1.9647;1.9446;0.3325;0.0000;208;212;0.0647;-0.0158;0.0999;-0.0166;0.0147;0.0000;0.4488
555.0;1.9657;1.9473;0.2800;0.0000;208;212;0.0672;-0.0144;0.0999;-0.0137;0.0147;0.0000;0.4488
555.5;1.9712;1.9496;-0.1290;0.0000;204;218;0.0818;-0.0173;0.0999;0.0059;0.0147;0.0000;0.4488
556.0;1.9730;1.9524;0.1365;0.0000;206;214;0.0720;-0.0158;0.0999;-0.0068;0.0147;0.0000;0.4488
556.5;1.9803;1.9547;-0.0680;0.0000;204;218;0.0794;-0.0202;0.0999;0.0029;0.0147;0.0000;0.4488
557.0;1.9789;1.9574;0.2555;0.0000;208;214;0.1453;-0.0173;0.0999;-0.0127;0.0147;0.0000;0.4488
557.5;1.9817;1.9597;-0.1005;0.0000;204;220;0.1600;-0.0173;0.0999;0.0039;0.0147;0.0000;0.4488
558.0;1.9849;1.9625;0.0785;0.0000;206;218;0.1526;-0.0173;0.0984;-0.0039;0.0147;0.0000;0.4488
558.5;1.9913;1.9652;-0.3625;0.0000;200;222;0.0891;-0.0202;0.0984;0.0166;0.0147;0.0000;0.4488
559.0;1.9936;1.9675;-0.2960;0.0000;200;222;0.1648;-0.0202;0.0984;0.0137;0.0147;0.0000;0.4488
559.5;2.0032;1.9702;-0.3155;0.0000;200;222;0.1673;-0.0261;0.0984;0.0147;0.0147;0.0000;0.4488
560.0;2.0092;1.9725;-0.2225;0.0000;200;222;0.1624;-0.0275;0.0984;0.0098;0.0147;0.0000;0.4488
560.5;2.0137;1.9753;-0.3620;0.0000;198;224;0.2454;-0.0305;0.0970;0.0166;0.0147;0.0000;0.4567
561.0;2.0151;1.9776;-0.6895;0.0000;195;228;0.1795;-0.0290;0.0970;0.0323;0.0147;0.0000;0.4567
561.5;2.0160;1.9803;-0.5690;0.0000;196;228;0.1746;-0.0275;0.0970;0.0264;0.0147;0.0000;0.4567
562.0;2.0165;1.9826;-0.6335;0.0000;196;228;0.2552;-0.0261;0.0970;0.0303;0.0156;0.0000;0.4567
562.5;2.0220;1.9853;-0.0010;0.0000;202;220;0.0769;-0.0275;0.0955;-0.0000;0.0156;0.0000;0.4567
563.0;2.0229;1.9876;-0.4275;0.0000;198;224;0.0134;-0.0275;0.0955;0.0196;0.0156;0.0000;0.4567
563.5;2.0201;1.9904;0.2300;0.0000;206;218;-0.0085;-0.0231;0.0955;-0.0117;0.0156;0.0000;0.4567
564.0;2.0183;1.9927;-0.1015;0.0000;204;222;0.0794;-0.0202;0.0955;0.0039;0.0156;0.0000;0.4567
564.5;2.0192;1.9954;0.4015;0.0000;210;216;-0.0159;-0.0188;0.0955;-0.0196;0.0156;0.0000;0.4567
565.0;2.0234;1.9977;0.7095;0.0000;214;212;0.0525;-0.0202;0.0941;-0.0342;0.0147;0.0000;0.4567
565.5;2.0215;2.0000;0.8565;0.0000;210;206;0.0476;-0.0173;0.0941;-0.0420;0.0147;0.0000;0.4331
566.0;2.0183;2.0000;0.8890;0.0000;195;189;0.0452;-0.0144;0.0941;-0.0430;0.0147;0.0000;0.3543
566.5;2.0147;2.0000;0.3530;0.0000;189;195;0.0647;-0.0114;0.0941;-0.0176;0.0147;0.0000;0.3543
567.0;2.0160;2.0000;0.8575;0.0000;193;189;-0.0305;-0.0129;0.0941;-0.0420;0.0147;0.0000;0.3543
567.5;2.0133;2.0000;0.4580;0.0000;189;191;-0.0965;-0.0114;0.0941;-0.0225;0.0147;0.0000;0.3543
568.0;2.0101;2.0000;0.8430;0.0000;195;187;-0.1087;-0.0085;0.0941;-0.0411;0.0137;0.0000;0.3543
568.5;2.0055;2.0000;0.3100;0.0000;189;193;-0.0134;-0.0056;0.0941;-0.0156;0.0137;0.0000;0.3543
569.0;2.0037;2.0000;0.6955;0.0000;193;189;0.0525;-0.0041;0.0941;-0.0342;0.0137;0.0000;0.3543
569.5;2.0069;2.0000;0.1600;0.0000;187;195;0.0720;-0.0056;0.0941;-0.0078;0.0137;0.0000;0.3543
570.0;2.0078;2.0000;0.3515;0.0000;189;193;0.0647;-0.0070;0.0941;-0.0176;0.0137;0.0000;0.3543
570.5;2.0096;2.0000;0.4500;0.0000;189;191;-0.0159;-0.0085;0.0926;-0.0225;0.0137;0.0000;0.3543
571.0;2.0064;2.0000;0.6180;0.0000;191;189;0.0549;-0.0056;0.0926;-0.0303;0.0137;0.0000;0.3543
571.5;2.0078;2.0000;0.5365;0.0000;191;189;-0.0208;-0.0070;0.0926;-0.0264;0.0137;0.0000;0.3543
572.0;2.0092;2.0000;0.1910;0.0000;187;193;-0.0085;-0.0070;0.0926;-0.0098;0.0137;0.0000;0.3543
572.5;2.0064;2.0000;0.6345;0.0000;193;189;-0.0232;-0.0056;0.0926;-0.0313;0.0137;0.0000;0.3543
573.0;2.0037;2.0000;0.2250;0.0000;189;193;-0.0085;-0.0041;0.0926;-0.0117;0.0137;0.0000;0.3543
573.5;2.0050;2.0000;0.6295;0.0000;193;187;-0.0232;-0.0041;0.0926;-0.0303;0.0127;0.0000;0.3543
574.0;2.0069;2.0000;0.1690;0.0000;187;193;-0.0061;-0.0056;0.0926;-0.0088;0.0127;0.0000;0.3543
574.5;2.0156;2.0000;0.2670;0.0000;189;191;-0.0110;-0.0129;0.0926;-0.0137;0.0127;0.0000;0.3543
575.0;2.0211;2.0000;0.0260;0.0000;185;193;-0.0794;-0.0173;0.0926;-0.0020;0.0127;0.0000;0.3543
575.5;2.0252;2.0000;0.2650;0.0000;189;189;-0.0891;-0.0202;0.0926;-0.0137;0.0127;0.0000;0.3543
576.0;2.0261;2.0000;0.4975;0.0000;191;187;-0.0965;-0.0202;0.0926;-0.0244;0.0127;0.0000;0.3543
576.5;2.0307;2.0000;0.6750;0.0000;191;185;0.0525;-0.0246;0.0911;-0.0332;0.0127;0.0000;0.3543
577.0;2.0311;2.0000;0.6375;0.0000;193;183;-0.1795;-0.0246;0.0911;-0.0313;0.0127;0.0000;0.3543
577.5;2.0362;2.0000;0.2020;0.0000;187;187;-0.1648;-0.0275;0.0911;-0.0098;0.0127;0.0000;0.3543
578.0;2.0394;2.0000;0.6380;0.0000;191;181;-0.1013;-0.0305;0.0911;-0.0313;0.0127;0.0000;0.3543
578.5;2.0385;2.0000;0.3015;0.0000;189;185;-0.0891;-0.0290;0.0897;-0.0147;0.0127;0.0000;0.3543
579.0;2.0462;2.0000;0.7070;0.0000;193;179;-0.1062;-0.0349;0.0897;-0.0342;0.0117;0.0000;0.3543
579.5;2.0495;2.0000;0.2760;0.0000;187;183;-0.1673;-0.0378;0.0897;-0.0137;0.0117;0.0000;0.3543
580.0;2.0485;2.0000;0.2835;0.0000;187;183;-0.2454;-0.0378;0.0882;-0.0137;0.0117;0.0000;0.3543
580.5;2.0559;2.0000;0.1405;0.0000;185;183;-0.0061;-0.0422;0.0882;-0.0068;0.0117;0.0000;0.3543
581.0;2.0591;2.0000;0.3695;0.0000;187;179;-0.1697;-0.0451;0.0882;-0.0186;0.0117;0.0000;0.3543
581.5;2.0614;2.0000;0.5630;0.0000;189;177;-0.0989;-0.0466;0.0867;-0.0274;0.0117;0.0000;0.3543
582.0;2.0636;2.0000;0.0515;0.0000;183;183;-0.0818;-0.0481;0.0867;-0.0029;0.0117;0.0000;0.3543
582.5;2.0531;2.0000;0.3290;0.0000;187;179;-0.0134;-0.0407;0.0853;-0.0166;0.0117;0.0000;0.3543
583.0;2.0536;2.0000;-0.1025;0.0000;181;185;0.0012;-0.0407;0.0853;0.0049;0.0117;0.0000;0.3543
583.5;2.0577;2.0000;0.3020;0.0000;185;181;-0.0891;-0.0437;0.0853;-0.0147;0.0117;0.0000;0.3543
584.0;2.0595;2.0000;-0.0800;0.0000;181;183;0.0012;-0.0451;0.0838;0.0029;0.0117;0.0000;0.3543
584.5;2.0618;2.0000;0.3515;0.0000;185;179;-0.0916;-0.0466;0.0838;-0.0176;0.0117;0.0000;0.3543
585.0;2.0614;2.0000;-0.0870;0.0000;179;183;0.0012;-0.0466;0.0823;0.0039;0.0117;0.0000;0.3543
585.5;2.0595;2.0000;-0.1880;0.0000;177;185;0.0842;-0.0451;0.0823;0.0088;0.0117;0.0000;0.3543
586.0;2.0586;2.0000;-0.2780;0.0000;177;185;0.0867;-0.0451;0.0809;0.0127;0.0117;0.0000;0.3543
586.5;2.0572;2.0000;0.0525;0.0000;181;183;-0.0037;-0.0437;0.0809;-0.0029;0.0117;0.0000;0.3543
587.0;2.0545;2.0000;0.4250;0.0000;185;179;-0.0159;-0.0422;0.0809;-0.0205;0.0117;0.0000;0.3543
587.5;2.0549;2.0000;-0.0685;0.0000;177;183;0.0794;-0.0422;0.0794;0.0029;0.0117;0.0000;0.3543
588.0;2.0536;2.0000;0.1805;0.0000;179;181;-0.0085;-0.0407;0.0794;-0.0088;0.0117;0.0000;0.3543
588.5;2.0563;2.0000;-0.2000;0.0000;175;185;0.0842;-0.0437;0.0794;0.0088;0.0117;0.0000;0.3543
589.0;2.0554;2.0000;0.2915;0.0000;181;179;0.0672;-0.0422;0.0779;-0.0147;0.0117;0.0000;0.3543
589.5;2.0582;2.0000;0.1720;0.0000;179;181;-0.0061;-0.0451;0.0779;-0.0088;0.0117;0.0000;0.3543
590.0;2.0609;2.0000;0.5105;0.0000;183;179;0.0598;-0.0466;0.0765;-0.0254;0.0117;0.0000;0.3543
590.5;2.0641;2.0000;0.0855;0.0000;177;183;0.0745;-0.0495;0.0765;-0.0049;0.0117;0.0000;0.3543
591.0;2.0664;2.0000;0.1410;0.0000;177;181;-0.0061;-0.0510;0.0765;-0.0068;0.0117;0.0000;0.3543
591.5;2.0678;2.0000;-0.0425;0.0000;173;183;0.0012;-0.0524;0.0750;0.0020;0.0117;0.0000;0.3543
592.0;2.0742;2.0000;0.1590;0.0000;175;181;0.0720;-0.0568;0.0750;-0.0078;0.0117;0.0000;0.3543
592.5;2.0760;2.0000;0.5510;0.0000;179;175;-0.0208;-0.0583;0.0735;-0.0274;0.0117;0.0000;0.3543
593.0;2.0783;2.0000;-0.1025;0.0000;171;183;0.0794;-0.0598;0.0721;0.0049;0.0117;0.0000;0.3543
593.5;2.0765;2.0000;0.3805;0.0000;177;177;-0.0134;-0.0583;0.0721;-0.0186;0.0117;0.0000;0.3543
594.0;2.0783;2.0000;-0.1075;0.0000;171;183;0.0818;-0.0598;0.0706;0.0049;0.0117;0.0000;0.3543
594.5;2.0801;2.0000;0.4510;0.0000;177;175;0.0623;-0.0612;0.0706;-0.0225;0.0108;0.0000;0.3543
595.0;2.0783;2.0000;0.3565;0.0000;175;177;0.1429;-0.0598;0.0691;-0.0176;0.0108;0.0000;0.3543
595.5;2.0797;2.0000;0.7250;0.0000;177;171;0.0525;-0.0612;0.0691;-0.0352;0.0108;0.0000;0.3543
596.0;2.0856;2.0000;0.2710;0.0000;171;177;0.0672;-0.0656;0.0677;-0.0137;0.0108;0.0000;0.3543
596.5;2.0810;2.0000;0.1195;0.0000;169;179;0.0720;-0.0612;0.0677;-0.0059;0.0108;0.0000;0.3543
597.0;2.0765;2.0000;0.7140;0.0000;177;173;0.0525;-0.0583;0.0662;-0.0352;0.0108;0.0000;0.3543
597.5;2.0760;2.0000;0.2970;0.0000;173;177;-0.0110;-0.0583;0.0662;-0.0147;0.0108;0.0000;0.3543
598.0;2.0760;2.0000;0.5515;0.0000;175;173;-0.0208;-0.0583;0.0648;-0.0274;0.0108;0.0000;0.3543
598.5;2.0778;2.0000;-0.2205;0.0000;165;181;0.0061;-0.0598;0.0648;0.0098;0.0108;0.0000;0.3543
599.0;2.0755;2.0000;0.3055;0.0000;171;175;-0.0110;-0.0568;0.0633;-0.0156;0.0108;0.0000;0.3543
599.5;2.0778;2.0000;-0.3470;0.0000;163;183;0.0891;-0.0598;0.0633;0.0166;0.0108;0.0000;0.3543
600.0;2.0792;2.0000;0.3500;0.0000;171;175;-0.0134;-0.0598;0.0618;-0.0176;0.0108;0.0000;0.3543
600.5;2.0733;2.0000;0.4325;0.0000;173;175;0.0623;-0.0554;0.0604;-0.0215;0.0108;0.0000;0.3543
601.0;2.0696;2.0000;0.9105;0.0000;179;169;-0.0330;-0.0524;0.0604;-0.0440;0.0108;0.0000;0.3543
601.5;2.0673;2.0000;0.5560;0.0000;175;171;0.0574;-0.0510;0.0604;-0.0274;0.0098;0.0000;0.3543
602.0;2.0632;2.0000;0.1300;0.0000;169;177;0.0720;-0.0481;0.0589;-0.0068;0.0098;0.0000;0.3543
602.5;2.0600;2.0000;0.6090;0.0000;175;171;0.0549;-0.0466;0.0589;-0.0293;0.0098;0.0000;0.3543
603.0;2.0609;2.0000;0.1905;0.0000;171;177;-0.0085;-0.0466;0.0574;-0.0098;0.0098;0.0000;0.3543
603.5;2.0586;2.0000;0.5025;0.0000;175;173;-0.0183;-0.0451;0.0574;-0.0244;0.0098;0.0000;0.3543
604.0;2.0582;2.0000;-0.0245;0.0000;169;179;-0.0012;-0.0451;0.0560;0.0010;0.0098;0.0000;0.3543
604.5;2.0572;2.0000;0.4670;0.0000;175;173;-0.0183;-0.0437;0.0560;-0.0225;0.0098;0.0000;0.3543
605.0;2.0554;2.0000;-0.0680;0.0000;169;179;0.0012;-0.0422;0.0560;0.0029;0.0098;0.0000;0.3543
605.5;2.0595;2.0000;0.5450;0.0000;175;171;-0.0208;-0.0451;0.0545;-0.0264;0.0098;0.0000;0.3543
606.0;2.0586;2.0000;0.5505;0.0000;175;171;0.1355;-0.0451;0.0545;-0.0274;0.0098;0.0000;0.3543
606.5;2.0559;2.0000;0.7780;0.0000;177;169;0.0501;-0.0437;0.0530;-0.0381;0.0098;0.0000;0.3543
607.0;2.0527;2.0000;0.4685;0.0000;175;173;-0.0183;-0.0407;0.0530;-0.0235;0.0088;0.0000;0.3543
607.5;2.0462;2.0000;0.1140;0.0000;171;177;0.0720;-0.0349;0.0530;-0.0059;0.0088;0.0000;0.3543
608.0;2.0490;2.0000;0.7155;0.0000;179;169;-0.1038;-0.0378;0.0516;-0.0352;0.0088;0.0000;0.3543
608.5;2.0522;2.0000;0.2720;0.0000;173;175;0.0672;-0.0407;0.0516;-0.0137;0.0088;0.0000;0.3543
609.0;2.0522;2.0000;0.7750;0.0000;179;167;0.0501;-0.0407;0.0516;-0.0381;0.0088;0.0000;0.3543
609.5;2.0513;2.0000;0.1545;0.0000;171;175;-0.0061;-0.0393;0.0501;-0.0078;0.0088;0.0000;0.3543
610.0;2.0426;2.0000;0.3515;0.0000;175;173;-0.0134;-0.0334;0.0501;-0.0176;0.0088;0.0000;0.3543
610.5;2.0417;2.0000;0.0000;0.0000;171;177;-0.0012;-0.0319;0.0501;-0.0010;0.0088;0.0000;0.3543
611.0;2.0481;2.0000;0.3700;0.0000;175;173;-0.0134;-0.0363;0.0501;-0.0186;0.0088;0.0000;0.3543
611.5;2.0485;2.0000;0.4895;0.0000;177;171;-0.0183;-0.0378;0.0486;-0.0244;0.0088;0.0000;0.3543
612.0;2.0476;2.0000;-0.0455;0.0000;169;177;0.0012;-0.0363;0.0486;0.0020;0.0088;0.0000;0.3543
612.5;2.0476;2.0000;0.2485;0.0000;173;173;-0.0110;-0.0363;0.0486;-0.0127;0.0088;0.0000;0.3543
613.0;2.0467;2.0000;0.0120;0.0000;171;177;-0.0794;-0.0363;0.0472;-0.0010;0.0088;0.0000;0.3543
613.5;2.0499;2.0000;0.6525;0.0000;177;167;-0.1013;-0.0378;0.0472;-0.0323;0.0088;0.0000;0.3543
614.0;2.0572;2.0000;0.2630;0.0000;173;171;-0.0891;-0.0437;0.0457;-0.0127;0.0088;0.0000;0.3543
614.5;2.0600;2.0000;0.7640;0.0000;179;165;-0.1062;-0.0451;0.0457;-0.0371;0.0078;0.0000;0.3543
615.0;2.0595;2.0000;0.4045;0.0000;175;169;-0.0940;-0.0451;0.0457;-0.0196;0.0078;0.0000;0.3543
615.5;2.0636;2.0000;0.4350;0.0000;175;167;-0.0159;-0.0481;0.0442;-0.0215;0.0078;0.0000;0.3543
616.0;2.0618;2.0000;0.1755;0.0000;171;169;-0.0085;-0.0466;0.0442;-0.0088;0.0078;0.0000;0.3543
616.5;2.0641;2.0000;0.3715;0.0000;175;167;-0.0916;-0.0495;0.0428;-0.0186;0.0078;0.0000;0.3543
617.0;2.0650;2.0000;0.5105;0.0000;175;165;-0.0965;-0.0495;0.0428;-0.0254;0.0078;0.0000;0.3543
617.5;2.0668;2.0000;0.0410;0.0000;169;169;-0.0818;-0.0510;0.0413;-0.0029;0.0078;0.0000;0.3543
618.0;2.0733;2.0000;0.3655;0.0000;175;165;-0.1697;-0.0554;0.0413;-0.0176;0.0078;0.0000;0.3543
618.5;2.0751;2.0000;0.1770;0.0000;171;167;-0.0867;-0.0568;0.0398;-0.0088;0.0078;0.0000;0.3543
619.0;2.0737;2.0000;0.5395;0.0000;175;163;0.0574;-0.0568;0.0398;-0.0264;0.0078;0.0000;0.3543
619.5;2.0755;2.0000;0.3320;0.0000;171;163;-0.0134;-0.0568;0.0384;-0.0166;0.0078;0.0000;0.3543
620.0;2.0788;2.0000;0.6185;0.0000;175;161;-0.0232;-0.0598;0.0384;-0.0303;0.0078;0.0000;0.3543
620.5;2.0778;2.0000;0.2425;0.0000;169;165;0.0696;-0.0598;0.0369;-0.0117;0.0068;0.0000;0.3543
621.0;2.0765;2.0000;0.3505;0.0000;171;163;-0.0134;-0.0583;0.0369;-0.0176;0.0068;0.0000;0.3543
621.5;2.0788;2.0000;0.1710;0.0000;169;165;-0.0842;-0.0598;0.0355;-0.0088;0.0068;0.0000;0.3543
622.0;2.0769;2.0000;0.4540;0.0000;171;163;-0.0183;-0.0583;0.0355;-0.0225;0.0068;0.0000;0.3543
622.5;2.0746;2.0000;0.5525;0.0000;173;161;-0.0208;-0.0568;0.0340;-0.0274;0.0068;0.0000;0.3543
623.0;2.0765;2.0000;0.1305;0.0000;167;165;0.0720;-0.0583;0.0340;-0.0068;0.0068;0.0000;0.3543
623.5;2.0783;2.0000;0.2280;0.0000;167;165;-0.0085;-0.0598;0.0325;-0.0117;0.0068;0.0000;0.3543
624.0;2.0806;2.0000;-0.0915;0.0000;163;167;0.0794;-0.0612;0.0325;0.0039;0.0068;0.0000;0.3543
624.5;2.0774;2.0000;0.4455;0.0000;169;163;-0.0159;-0.0583;0.0311;-0.0215;0.0068;0.0000;0.3543
625.0;2.0797;2.0000;0.2350;0.0000;165;165;0.0696;-0.0612;0.0311;-0.0117;0.0068;0.0000;0.3543
625.5;2.0810;2.0000;0.5110;0.0000;169;163;0.0598;-0.0612;0.0296;-0.0254;0.0068;0.0000;0.3543
626.0;2.0778;2.0000;0.1045;0.0000;163;167;-0.0061;-0.0598;0.0281;-0.0059;0.0068;0.0000;0.3543
626.5;2.0769;2.0000;0.2150;0.0000;165;165;0.0696;-0.0583;0.0281;-0.0108;0.0068;0.0000;0.3543
627.0;2.0746;2.0000;0.5935;0.0000;169;161;-0.0232;-0.0568;0.0267;-0.0293;0.0068;0.0000;0.3543
627.5;2.0687;2.0000;0.4440;0.0000;167;163;-0.0159;-0.0524;0.0267;-0.0215;0.0068;0.0000;0.3543
628.0;2.0705;2.0000;0.5870;0.0000;167;161;0.0574;-0.0539;0.0252;-0.0283;0.0059;0.0000;0.3543
628.5;2.0765;2.0000;0.1650;0.0000;163;165;-0.0061;-0.0583;0.0252;-0.0088;0.0059;0.0000;0.3543
629.0;2.0833;2.0000;0.3530;0.0000;165;163;0.0647;-0.0642;0.0237;-0.0176;0.0059;0.0000;0.3543
629.5;2.0842;2.0000;0.0895;0.0000;161;165;-0.0037;-0.0642;0.0237;-0.0049;0.0059;0.0000;0.3543
630.0;2.0856;2.0000;0.5580;0.0000;165;161;0.0574;-0.0656;0.0223;-0.0274;0.0059;0.0000;0.3543
630.5;2.0833;2.0000;0.3750;0.0000;163;161;0.0623;-0.0627;0.0223;-0.0186;0.0059;0.0000;0.3543
631.0;2.0847;2.0000;0.5750;0.0000;163;159;0.1355;-0.0642;0.0208;-0.0283;0.0059;0.0000;0.3543
631.5;2.0865;2.0000;0.2450;0.0000;159;163;0.0696;-0.0656;0.0193;-0.0127;0.0059;0.0000;0.3543
632.0;2.0838;2.0000;0.1735;0.0000;159;163;0.0720;-0.0642;0.0193;-0.0088;0.0059;0.0000;0.3543
632.5;2.0852;2.0000;0.4410;0.0000;163;161;0.0623;-0.0642;0.0179;-0.0215;0.0059;0.0000;0.3543
633.0;2.0865;2.0000;0.2750;0.0000;161;163;0.0672;-0.0656;0.0179;-0.0137;0.0059;0.0000;0.3543
633.5;2.0884;2.0000;0.4630;0.0000;161;159;0.0598;-0.0671;0.0164;-0.0225;0.0059;0.0000;0.3543
634.0;2.0865;2.0000;0.2285;0.0000;159;161;0.0696;-0.0656;0.0164;-0.0117;0.0059;0.0000;0.3543
634.5;2.0824;2.0000;0.4540;0.0000;161;159;0.1404;-0.0627;0.0149;-0.0225;0.0049;0.0000;0.3543
635.0;2.0810;2.0000;0.1880;0.0000;159;163;0.0696;-0.0612;0.0135;-0.0098;0.0049;0.0000;0.3543
635.5;2.0778;2.0000;0.4505;0.0000;161;159;0.0623;-0.0598;0.0135;-0.0225;0.0049;0.0000;0.3543
636.0;2.0746;2.0000;0.3105;0.0000;161;161;-0.0110;-0.0568;0.0120;-0.0156;0.0049;0.0000;0.3543
636.5;2.0769;2.0000;0.3980;0.0000;161;161;0.0623;-0.0583;0.0120;-0.0196;0.0049;0.0000;0.3543
637.0;2.0755;2.0000;0.1870;0.0000;159;163;-0.0085;-0.0583;0.0105;-0.0098;0.0049;0.0000;0.3543
637.5;2.0774;2.0000;0.0740;0.0000;157;163;0.0745;-0.0583;0.0105;-0.0039;0.0049;0.0000;0.3543
638.0;2.0755;2.0000;0.4435;0.0000;161;159;-0.0159;-0.0568;0.0091;-0.0215;0.0049;0.0000;0.3543
638.5;2.0751;2.0000;0.2195;0.0000;159;161;0.0696;-0.0568;0.0091;-0.0108;0.0049;0.0000;0.3543
639.0;2.0705;2.0000;0.3865;0.0000;161;159;0.0647;-0.0539;0.0076;-0.0186;0.0049;0.0000;0.3543
639.5;2.0691;2.0000;0.0585;0.0000;157;163;-0.0037;-0.0524;0.0076;-0.0029;0.0049;0.0000;0.3543
640.0;2.0659;2.0000;0.1585;0.0000;159;163;-0.0061;-0.0510;0.0062;-0.0078;0.0049;0.0000;0.3543
640.5;2.0696;2.0000;0.0040;0.0000;157;163;0.0769;-0.0524;0.0062;-0.0010;0.0049;0.0000;0.3543
641.0;2.0678;2.0000;0.2770;0.0000;159;159;-0.0110;-0.0524;0.0047;-0.0137;0.0049;0.0000;0.3543
641.5;2.0659;2.0000;0.2995;0.0000;159;161;0.0672;-0.0510;0.0047;-0.0147;0.0049;0.0000;0.3543
642.0;2.0609;2.0000;0.1725;0.0000;159;161;0.0720;-0.0466;0.0047;-0.0088;0.0049;0.0000;0.3543
642.5;2.0554;2.0000;0.3280;0.0000;159;161;-0.0134;-0.0422;0.0032;-0.0166;0.0049;0.0000;0.3543
643.0;2.0545;2.0000;0.3130;0.0000;161;161;0.0672;-0.0422;0.0032;-0.0156;0.0049;0.0000;0.3543
643.5;2.0527;2.0000;0.6040;0.0000;163;159;-0.0232;-0.0407;0.0018;-0.0293;0.0039;0.0000;0.3543
644.0;2.0508;2.0000;0.3565;0.0000;161;161;0.0647;-0.0393;0.0018;-0.0176;0.0039;0.0000;0.3543
644.5;2.0458;2.0000;0.5385;0.0000;163;159;-0.0208;-0.0349;0.0018;-0.0264;0.0039;0.0000;0.3543
645.0;2.0426;2.0000;0.3040;0.0000;161;161;0.0672;-0.0334;0.0003;-0.0147;0.0039;0.0000;0.3543
645.5;2.0385;2.0000;0.3450;0.0000;161;161;0.0647;-0.0290;0.0003;-0.0166;0.0039;0.0000;0.3543
646.0;2.0385;2.0000;0.2105;0.0000;161;163;-0.0085;-0.0290;0.0003;-0.0108;0.0039;0.0000;0.3543
646.5;2.0375;2.0000;0.3355;0.0000;163;161;-0.0134;-0.0290;0.0003;-0.0166;0.0039;0.0000;0.3543
647.0;2.0385;2.0000;0.4385;0.0000;165;161;-0.0159;-0.0290;-0.0012;-0.0215;0.0039;0.0000;0.3543
647.5;2.0375;2.0000;0.2880;0.0000;163;161;-0.0110;-0.0290;-0.0012;-0.0147;0.0039;0.0000;0.3543
648.0;2.0343;2.0000;0.4805;0.0000;165;159;-0.0183;-0.0261;-0.0012;-0.0235;0.0039;0.0000;0.3543
648.5;2.0403;2.0000;0.2970;0.0000;163;161;-0.0891;-0.0319;-0.0012;-0.0147;0.0039;0.0000;0.3543
649.0;2.0467;2.0000;0.5805;0.0000;165;157;-0.0208;-0.0363;-0.0026;-0.0283;0.0039;0.0000;0.3543
649.5;2.0531;2.0000;0.6505;0.0000;165;155;-0.1013;-0.0407;-0.0026;-0.0313;0.0029;0.0000;0.3543
650.0;2.0604;2.0000;0.6370;0.0000;165;155;-0.0232;-0.0466;-0.0026;-0.0313;0.0029;0.0000;0.3543
650.5;2.0595;2.0000;0.5645;0.0000;165;155;-0.0208;-0.0451;-0.0041;-0.0274;0.0029;0.0000;0.3543
651.0;2.0582;2.0000;0.2865;0.0000;161;159;0.0672;-0.0451;-0.0041;-0.0147;0.0029;0.0000;0.3543
651.5;2.0568;2.0000;0.3930;0.0000;163;157;-0.0940;-0.0437;-0.0056;-0.0196;0.0029;0.0000;0.3543
652.0;2.0595;2.0000;0.2775;0.0000;161;157;-0.0891;-0.0451;-0.0056;-0.0137;0.0029;0.0000;0.3543
652.5;2.0572;2.0000;0.4910;0.0000;165;153;-0.0965;-0.0437;-0.0056;-0.0244;0.0029;0.0000;0.3543
653.0;2.0549;2.0000;0.3190;0.0000;163;155;-0.0134;-0.0422;-0.0070;-0.0156;0.0029;0.0000;0.3543
653.5;2.0554;2.0000;0.4950;0.0000;165;153;-0.0183;-0.0422;-0.0070;-0.0244;0.0029;0.0000;0.3543
654.0;2.0563;2.0000;0.2260;0.0000;161;157;-0.1648;-0.0437;-0.0085;-0.0117;0.0029;0.0000;0.3543
654.5;2.0536;2.0000;0.1815;0.0000;161;157;-0.0867;-0.0407;-0.0085;-0.0088;0.0029;0.0000;0.3543
655.0;2.0531;2.0000;0.2965;0.0000;163;155;-0.0110;-0.0407;-0.0085;-0.0147;0.0020;0.0000;0.3543
655.5;2.0559;2.0000;0.1530;0.0000;159;157;-0.0061;-0.0422;-0.0100;-0.0078;0.0020;0.0000;0.3543
656.0;2.0549;2.0000;0.0245;0.0000;157;157;-0.0012;-0.0422;-0.0100;-0.0020;0.0020;0.0000;0.3543
656.5;2.0536;2.0000;-0.1495;0.0000;157;159;-0.0745;-0.0407;-0.0100;0.0068;0.0020;0.0000;0.3543
657.0;2.0540;2.0000;0.0655;0.0000;159;159;-0.0037;-0.0422;-0.0114;-0.0039;0.0020;0.0000;0.3543
657.5;2.0527;2.0000;0.0220;0.0000;159;159;-0.0794;-0.0407;-0.0114;-0.0020;0.0020;0.0000;0.3543
658.0;2.0540;2.0000;0.2500;0.0000;161;157;-0.0085;-0.0422;-0.0129;-0.0127;0.0020;0.0000;0.3543
658.5;2.0572;2.0000;0.2825;0.0000;159;155;-0.0110;-0.0437;-0.0129;-0.0137;0.0020;0.0000;0.3543
659.0;2.0563;2.0000;0.4550;0.0000;161;153;-0.0940;-0.0437;-0.0129;-0.0225;0.0020;0.0000;0.3543
659.5;2.0554;2.0000;0.3610;0.0000;161;153;-0.0134;-0.0422;-0.0144;-0.0176;0.0020;0.0000;0.3543
660.0;2.0545;2.0000;0.2970;0.0000;161;155;-0.0110;-0.0422;-0.0144;-0.0147;0.0020;0.0000;0.3543
660.5;2.0531;2.0000;0.4285;0.0000;161;153;-0.0159;-0.0407;-0.0144;-0.0215;0.0020;0.0000;0.3543
661.0;2.0522;2.0000;0.3500;0.0000;161;155;-0.0134;-0.0407;-0.0158;-0.0176;0.0020;0.0000;0.3543
661.5;2.0517;2.0000;0.4050;0.0000;161;153;-0.0159;-0.0393;-0.0158;-0.0196;0.0020;0.0000;0.3543
662.0;2.0499;2.0000;0.2575;0.0000;159;155;-0.0110;-0.0378;-0.0173;-0.0127;0.0020;0.0000;0.3543
662.5;2.0536;2.0000;0.5825;0.0000;163;152;0.0574;-0.0407;-0.0173;-0.0283;0.0020;0.0000;0.3543
663.0;2.0563;2.0000;0.4100;0.0000;159;153;0.0623;-0.0437;-0.0173;-0.0205;0.0020;0.0000;0.3543
663.5;2.0559;2.0000;0.5565;0.0000;161;152;0.0574;-0.0422;-0.0188;-0.0274;0.0010;0.0000;0.3543
664.0;2.0504;2.0000;0.4395;0.0000;161;153;0.0623;-0.0393;-0.0188;-0.0215;0.0010;0.0000;0.3543
664.5;2.0458;2.0000;0.4235;0.0000;161;155;0.0623;-0.0349;-0.0188;-0.0205;0.0010;0.0000;0.3543
665.0;2.0449;2.0000;0.3670;0.0000;159;155;-0.0134;-0.0349;-0.0202;-0.0186;0.0010;0.0000;0.3543
665.5;2.0485;2.0000;0.3810;0.0000;159;155;0.0647;-0.0378;-0.0202;-0.0186;0.0010;0.0000;0.3543
666.0;2.0481;2.0000;0.3765;0.0000;159;153;-0.0916;-0.0363;-0.0202;-0.0186;0.0010;0.0000;0.3543
666.5;2.0476;2.0000;0.3855;0.0000;159;153;-0.0159;-0.0363;-0.0217;-0.0186;0.0010;0.0000;0.3543
667.0;2.0481;2.0000;0.3370;0.0000;159;155;0.0647;-0.0363;-0.0217;-0.0166;0.0010;0.0000;0.3543
667.5;2.0462;2.0000;0.2250;0.0000;157;155;-0.0085;-0.0349;-0.0217;-0.0117;0.0010;0.0000;0.3543
668.0;2.0462;2.0000;0.3760;0.0000;159;155;0.0647;-0.0349;-0.0231;-0.0186;0.0010;0.0000;0.3543
668.5;2.0485;2.0000;0.2195;0.0000;157;157;0.1477;-0.0378;-0.0231;-0.0108;0.0010;0.0000;0.3543
669.0;2.0513;2.0000;0.3575;0.0000;157;155;0.0647;-0.0393;-0.0231;-0.0176;0.0010;0.0000;0.3543
669.5;2.0545;2.0000;0.2480;0.0000;155;155;0.0672;-0.0422;-0.0246;-0.0127;0.0010;0.0000;0.3543
670.0;2.0540;2.0000;0.3230;0.0000;155;153;0.0647;-0.0407;-0.0246;-0.0156;0.0010;0.0000;0.3543
670.5;2.0490;2.0000;0.1540;0.0000;155;155;0.0720;-0.0378;-0.0246;-0.0078;-0.0000;0.0000;0.3543
671.0;2.0481;2.0000;0.3170;0.0000;157;155;-0.0134;-0.0363;-0.0261;-0.0156;-0.0000;0.0000;0.3543
671.5;2.0504;2.0000;0.1525;0.0000;155;155;-0.0061;-0.0393;-0.0261;-0.0078;-0.0000;0.0000;0.3543
672.0;2.0499;2.0000;0.0770;0.0000;155;157;0.0745;-0.0378;-0.0261;-0.0039;-0.0000;0.0000;0.3543
672.5;2.0444;2.0000;0.0360;0.0000;155;157;-0.0037;-0.0349;-0.0275;-0.0020;-0.0000;0.0000;0.3543
673.0;2.0408;2.0000;0.0215;0.0000;153;157;-0.0012;-0.0319;-0.0275;-0.0020;-0.0000;0.0000;0.3543
673.5;2.0375;2.0000;0.1850;0.0000;155;155;-0.0085;-0.0290;-0.0275;-0.0098;-0.0000;0.0000;0.3543
674.0;2.0330;2.0000;0.1570;0.0000;155;157;-0.0061;-0.0261;-0.0275;-0.0078;-0.0000;0.0000;0.3543
674.5;2.0252;2.0000;0.2275;0.0000;157;157;-0.0867;-0.0202;-0.0290;-0.0117;-0.0000;0.0000;0.3543
675.0;2.0206;2.0000;-0.0475;0.0000;155;159;0.0012;-0.0158;-0.0290;0.0020;-0.0000;0.0000;0.3543
675.5;2.0183;2.0000;0.1900;0.0000;157;157;0.0696;-0.0144;-0.0290;-0.0098;-0.0000;0.0000;0.3543
676.0;2.0151;2.0000;-0.1080;0.0000;155;161;0.1600;-0.0129;-0.0290;0.0049;-0.0000;0.0000;0.3543
676.5;2.0114;2.0000;0.1855;0.0000;157;159;0.0696;-0.0100;-0.0290;-0.0098;-0.0000;0.0000;0.3543
677.0;2.0133;2.0000;0.1640;0.0000;157;159;0.1502;-0.0114;-0.0290;-0.0088;-0.0000;0.0000;0.3543
677.5;2.0133;2.0000;0.0755;0.0000;155;159;-0.0037;-0.0114;-0.0290;-0.0039;-0.0000;0.0000;0.3543
678.0;2.0151;2.0000;0.1275;0.0000;157;159;-0.0061;-0.0129;-0.0290;-0.0068;-0.0000;0.0000;0.3543
678.5;2.0119;2.0000;0.1825;0.0000;157;159;0.0696;-0.0100;-0.0290;-0.0088;-0.0000;0.0000;0.3543
679.0;2.0096;2.0000;0.5685;0.0000;163;155;0.0574;-0.0085;-0.0290;-0.0274;-0.0000;0.0000;0.3543
679.5;2.0101;2.0000;0.2245;0.0000;159;159;-0.0085;-0.0085;-0.0305;-0.0117;-0.0000;0.0000;0.3543
680.0;2.0037;2.0000;0.5040;0.0000;163;155;-0.0183;-0.0041;-0.0305;-0.0244;-0.0000;0.0000;0.3543
680.5;1.9986;2.0000;0.1980;0.0000;159;159;-0.0085;0.0003;-0.0305;-0.0098;-0.0000;0.0000;0.3543
681.0;1.9991;2.0000;0.5270;0.0000;163;155;-0.0208;0.0003;-0.0305;-0.0254;-0.0000;0.0000;0.3543
681.5;1.9968;2.0000;0.2170;0.0000;161;159;0.0696;0.0018;-0.0305;-0.0108;-0.0000;0.0000;0.3543
682.0;1.9950;2.0000;0.5415;0.0000;165;155;-0.0208;0.0032;-0.0305;-0.0264;-0.0010;0.0000;0.3543
682.5;1.9931;2.0000;0.4025;0.0000;165;157;0.0623;0.0047;-0.0290;-0.0196;-0.0010;0.0000;0.3543
683.0;1.9908;2.0000;0.1780;0.0000;163;159;-0.0085;0.0062;-0.0290;-0.0088;-0.0010;0.0000;0.3543
683.5;1.9931;2.0000;0.2285;0.0000;163;159;-0.0085;0.0047;-0.0290;-0.0117;-0.0010;0.0000;0.3543
684.0;1.9867;2.0000;0.1940;0.0000;163;159;0.0696;0.0091;-0.0290;-0.0098;-0.0010;0.0000;0.3543
684.5;1.9853;2.0000;0.5105;0.0000;167;157;0.0598;0.0105;-0.0290;-0.0254;-0.0010;0.0000;0.3543
685.0;1.9886;2.0000;0.2105;0.0000;163;161;-0.0085;0.0076;-0.0290;-0.0108;-0.0010;0.0000;0.3543
685.5;1.9835;2.0000;0.4675;0.0000;167;157;-0.0183;0.0120;-0.0290;-0.0225;-0.0010;0.0000;0.3543
686.0;1.9890;2.0000;0.0810;0.0000;163;161;-0.0037;0.0076;-0.0290;-0.0039;-0.0010;0.0000;0.3543
686.5;1.9922;2.0000;0.2080;0.0000;163;159;-0.0867;0.0047;-0.0290;-0.0108;-0.0010;0.0000;0.3543
687.0;1.9936;2.0000;0.2870;0.0000;165;157;-0.0891;0.0032;-0.0290;-0.0147;-0.0010;0.0000;0.3543
687.5;1.9959;2.0000;0.4100;0.0000;165;157;-0.0159;0.0018;-0.0290;-0.0205;-0.0010;0.0000;0.3543
688.0;1.9977;2.0000;0.3390;0.0000;165;157;-0.0916;0.0003;-0.0290;-0.0166;-0.0010;0.0000;0.3543
688.5;2.0000;2.0000;0.1655;0.0000;165;157;-0.0842;-0.0012;-0.0290;-0.0088;-0.0010;0.0000;0.3543
689.0;2.0014;2.0000;0.3000;0.0000;165;157;-0.0110;-0.0026;-0.0290;-0.0147;-0.0010;0.0000;0.3543
689.5;1.9995;2.0000;0.1710;0.0000;165;157;-0.0061;-0.0012;-0.0290;-0.0088;-0.0010;0.0000;0.3543
690.0;1.9995;2.0000;0.4350;0.0000;167;155;-0.0159;-0.0012;-0.0290;-0.0215;-0.0020;0.0000;0.3543
690.5;2.0014;2.0000;0.0900;0.0000;163;159;-0.0037;-0.0026;-0.0290;-0.0049;-0.0020;0.0000;0.3543
691.0;2.0009;2.0000;0.3085;0.0000;165;155;-0.0891;-0.0012;-0.0290;-0.0156;-0.0020;0.0000;0.3543
691.5;1.9973;2.0000;-0.0080;0.0000;163;159;-0.0794;0.0018;-0.0290;-0.0000;-0.0020;0.0000;0.3543
692.0;1.9959;2.0000;0.1215;0.0000;165;157;-0.0842;0.0018;-0.0290;-0.0059;-0.0020;0.0000;0.3543
692.5;1.9977;2.0000;0.2545;0.0000;167;157;-0.0110;0.0003;-0.0290;-0.0127;-0.0020;0.0000;0.3543
693.0;2.0037;2.0000;0.1710;0.0000;165;157;0.0720;-0.0041;-0.0290;-0.0088;-0.0020;0.0000;0.3543
693.5;2.0046;2.0000;0.1545;0.0000;163;157;-0.0061;-0.0041;-0.0290;-0.0078;-0.0020;0.0000;0.3543
694.0;2.0032;2.0000;-0.2915;0.0000;159;163;-0.0696;-0.0026;-0.0290;0.0137;-0.0020;0.0000;0.3543
694.5;2.0005;2.0000;0.1390;0.0000;163;157;-0.0061;-0.0012;-0.0290;-0.0068;-0.0020;0.0000;0.3543
695.0;2.0014;2.0000;-0.2090;0.0000;159;161;0.0061;-0.0012;-0.0290;0.0098;-0.0020;0.0000;0.3543
695.5;2.0023;2.0000;0.3500;0.0000;165;155;0.0647;-0.0026;-0.0290;-0.0176;-0.0020;0.0000;0.3543
696.0;2.0000;2.0000;0.2565;0.0000;165;157;0.0672;-0.0012;-0.0290;-0.0127;-0.0020;0.0000;0.3543
696.5;1.9991;2.0000;0.5685;0.0000;167;155;-0.0208;0.0003;-0.0290;-0.0274;-0.0020;0.0000;0.3543
697.0;2.0009;2.0000;0.2395;0.0000;163;159;0.0696;-0.0012;-0.0290;-0.0117;-0.0020;0.0000;0.3543
697.5;2.0027;2.0000;0.1480;0.0000;163;159;-0.0061;-0.0026;-0.0290;-0.0078;-0.0020;0.0000;0.3543
698.0;2.0041;2.0000;0.5135;0.0000;167;155;-0.0183;-0.0041;-0.0290;-0.0254;-0.0020;0.0000;0.3543
698.5;2.0069;2.0000;0.2130;0.0000;161;159;0.1477;-0.0056;-0.0290;-0.0108;-0.0020;0.0000;0.3543
699.0;2.0037;2.0000;0.4375;0.0000;165;157;0.0623;-0.0041;-0.0290;-0.0215;-0.0020;0.0000;0.3543
699.5;2.0018;2.0000;0.0260;0.0000;161;161;-0.0012;-0.0026;-0.0290;-0.0020;-0.0020;0.0000;0.3543
700.0;2.0018;2.0000;0.1540;0.0000;161;161;-0.0061;-0.0026;-0.0290;-0.0078;-0.0020;0.0000;0.3543
700.5;2.0000;2.0000;-0.1330;0.0000;159;163;0.0818;-0.0012;-0.0290;0.0059;-0.0020;0.0000;0.3543
701.0;1.9982;2.0000;0.1920;0.0000;161;161;0.0696;0.0003;-0.0290;-0.0098;-0.0020;0.0000;0.3543
701.5;2.0005;2.0000;0.1850;0.0000;161;161;0.1477;-0.0012;-0.0290;-0.0098;-0.0020;0.0000;0.3543
702.0;2.0023;2.0000;-0.1150;0.0000;157;163;0.0037;-0.0026;-0.0290;0.0049;-0.0020;0.0000;0.3543
702.5;2.0032;2.0000;0.0105;0.0000;159;161;-0.0012;-0.0026;-0.0290;-0.0010;-0.0020;0.0000;0.3543
703.0;2.0046;2.0000;-0.0545;0.0000;157;163;0.1575;-0.0041;-0.0290;0.0020;-0.0020;0.0000;0.3543
703.5;2.0064;2.0000;0.2185;0.0000;161;161;-0.0085;-0.0056;-0.0290;-0.0108;-0.0020;0.0000;0.3543
704.0;2.0023;2.0000;0.0405;0.0000;159;163;0.0745;-0.0026;-0.0290;-0.0029;-0.0020;0.0000;0.3543
704.5;2.0037;2.0000;0.2010;0.0000;161;159;0.0696;-0.0041;-0.0290;-0.0098;-0.0020;0.0000;0.3543
705.0;2.0037;2.0000;-0.0965;0.0000;157;163;0.0012;-0.0041;-0.0290;0.0039;-0.0020;0.0000;0.3543
705.5;2.0050;2.0000;0.1225;0.0000;159;161;0.0720;-0.0056;-0.0290;-0.0068;-0.0020;0.0000;0.3543
706.0;2.0023;2.0000;-0.1285;0.0000;157;163;0.0818;-0.0026;-0.0290;0.0059;-0.0020;0.0000;0.3543
706.5;2.0000;2.0000;0.1025;0.0000;159;161;-0.0037;-0.0012;-0.0290;-0.0059;-0.0020;0.0000;0.3543
707.0;1.9977;2.0000;0.0265;0.0000;159;163;-0.0012;0.0003;-0.0290;-0.0020;-0.0020;0.0000;0.3543
707.5;1.9918;2.0000;-0.1110;0.0000;159;165;0.0037;0.0047;-0.0290;0.0049;-0.0020;0.0000;0.3543
708.0;1.9895;2.0000;-0.0500;0.0000;159;165;0.0794;0.0062;-0.0290;0.0020;-0.0020;0.0000;0.3543
708.5;1.9927;2.0000;-0.0535;0.0000;159;165;0.0794;0.0047;-0.0290;0.0020;-0.0020;0.0000;0.3543
709.0;1.9940;2.0000;0.4705;0.0000;165;159;-0.0183;0.0032;-0.0290;-0.0235;-0.0020;0.0000;0.3543
709.5;1.9954;2.0000;0.1810;0.0000;161;161;-0.0085;0.0018;-0.0290;-0.0088;-0.0029;0.0000;0.3543
710.0;1.9940;2.0000;0.4585;0.0000;165;157;-0.0183;0.0032;-0.0290;-0.0225;-0.0029;0.0000;0.3543
710.5;1.9959;2.0000;0.2135;0.0000;163;161;-0.0085;0.0018;-0.0290;-0.0108;-0.0029;0.0000;0.3543
711.0;1.9936;2.0000;0.3010;0.0000;163;161;0.0672;0.0032;-0.0290;-0.0147;-0.0029;0.0000;0.3543
711.5;1.9918;2.0000;0.1745;0.0000;161;161;0.0720;0.0047;-0.0290;-0.0088;-0.0029;0.0000;0.3543
712.0;1.9940;2.0000;0.4635;0.0000;165;157;0.0598;0.0032;-0.0290;-0.0225;-0.0029;0.0000;0.3543
712.5;1.9922;2.0000;0.5605;0.0000;167;157;-0.0208;0.0047;-0.0290;-0.0274;-0.0029;0.0000;0.3543
713.0;1.9904;2.0000;0.3435;0.0000;165;159;-0.0134;0.0062;-0.0290;-0.0166;-0.0029;0.0000;0.3543
713.5;1.9876;2.0000;0.4440;0.0000;165;159;0.0623;0.0076;-0.0290;-0.0215;-0.0029;0.0000;0.3543
714.0;1.9904;2.0000;0.3170;0.0000;165;161;-0.0134;0.0062;-0.0290;-0.0156;-0.0029;0.0000;0.3543
714.5;1.9890;2.0000;0.6330;0.0000;167;157;-0.0232;0.0076;-0.0275;-0.0313;-0.0029;0.0000;0.3543
715.0;1.9876;2.0000;0.3580;0.0000;165;159;-0.0134;0.0091;-0.0275;-0.0176;-0.0029;0.0000;0.3543
715.5;1.9858;2.0000;0.5700;0.0000;167;157;0.0574;0.0091;-0.0275;-0.0274;-0.0039;0.0000;0.3543
716.0;1.9886;2.0000;0.1510;0.0000;163;161;-0.0061;0.0076;-0.0275;-0.0078;-0.0039;0.0000;0.3543
716.5;1.9867;2.0000;0.1230;0.0000;163;161;-0.0061;0.0091;-0.0275;-0.0068;-0.0039;0.0000;0.3543
717.0;1.9849;2.0000;0.3045;0.0000;165;161;0.0672;0.0105;-0.0275;-0.0147;-0.0039;0.0000;0.3543
717.5;1.9835;2.0000;0.1500;0.0000;163;163;0.0720;0.0120;-0.0275;-0.0078;-0.0039;0.0000;0.3543
718.0;1.9831;2.0000;0.2475;0.0000;165;161;-0.0110;0.0120;-0.0275;-0.0127;-0.0039;0.0000;0.3543
718.5;1.9785;2.0000;-0.1560;0.0000;161;165;0.0037;0.0149;-0.0275;0.0068;-0.0039;0.0000;0.3543
719.0;1.9716;2.0000;0.0685;0.0000;163;165;0.0745;0.0208;-0.0261;-0.0039;-0.0039;0.0000;0.3543
719.5;1.9721;2.0000;-0.2270;0.0000;161;167;0.0061;0.0208;-0.0261;0.0108;-0.0039;0.0000;0.3543
720.0;1.9707;2.0000;0.2045;0.0000;165;163;0.0696;0.0208;-0.0261;-0.0108;-0.0039;0.0000;0.3543
720.5;1.9693;2.0000;0.0585;0.0000;165;165;0.0745;0.0223;-0.0261;-0.0029;-0.0039;0.0000;0.3543
721.0;1.9689;2.0000;0.3520;0.0000;169;163;0.0647;0.0223;-0.0261;-0.0176;-0.0039;0.0000;0.3543
721.5;1.9684;2.0000;0.0995;0.0000;167;165;-0.0037;0.0223;-0.0246;-0.0049;-0.0039;0.0000;0.3543
722.0;1.9716;2.0000;0.1590;0.0000;167;163;-0.0061;0.0208;-0.0246;-0.0078;-0.0039;0.0000;0.3543
722.5;1.9748;2.0000;0.3800;0.0000;169;161;-0.0916;0.0179;-0.0246;-0.0186;-0.0039;0.0000;0.3543
723.0;1.9657;2.0000;0.3475;0.0000;169;161;-0.1697;0.0252;-0.0246;-0.0176;-0.0039;0.0000;0.3543
723.5;1.9643;2.0000;0.4095;0.0000;171;161;-0.0940;0.0252;-0.0246;-0.0205;-0.0039;0.0000;0.3543
724.0;1.9679;2.0000;-0.0015;0.0000;167;165;-0.0012;0.0237;-0.0231;-0.0000;-0.0039;0.0000;0.3543
724.5;1.9721;2.0000;0.3100;0.0000;171;163;-0.0110;0.0193;-0.0231;-0.0156;-0.0039;0.0000;0.3543
725.0;1.9794;2.0000;-0.0020;0.0000;167;165;-0.0794;0.0149;-0.0231;-0.0000;-0.0039;0.0000;0.3543
725.5;1.9821;2.0000;0.3475;0.0000;171;159;-0.0916;0.0120;-0.0231;-0.0176;-0.0039;0.0000;0.3543
726.0;1.9808;2.0000;0.1475;0.0000;169;161;-0.0061;0.0135;-0.0231;-0.0078;-0.0039;0.0000;0.3543
726.5;1.9799;2.0000;0.4505;0.0000;173;157;-0.0940;0.0149;-0.0231;-0.0225;-0.0039;0.0000;0.3543
727.0;1.9789;2.0000;0.2060;0.0000;169;161;-0.0867;0.0149;-0.0231;-0.0108;-0.0039;0.0000;0.3543
727.5;1.9771;2.0000;0.3190;0.0000;171;159;-0.0916;0.0164;-0.0217;-0.0156;-0.0049;0.0000;0.3543
728.0;1.9789;2.0000;0.4215;0.0000;173;159;-0.0159;0.0149;-0.0217;-0.0205;-0.0049;0.0000;0.3543
728.5;1.9831;2.0000;0.3905;0.0000;173;159;-0.0940;0.0120;-0.0217;-0.0196;-0.0049;0.0000;0.3543
729.0;1.9881;2.0000;0.2375;0.0000;171;159;-0.0867;0.0076;-0.0217;-0.0117;-0.0049;0.0000;0.3543
729.5;1.9881;2.0000;-0.0270;0.0000;167;161;-0.0794;0.0076;-0.0217;0.0010;-0.0049;0.0000;0.3543
730.0;1.9945;2.0000;-0.0485;0.0000;167;161;-0.0769;0.0032;-0.0217;0.0020;-0.0049;0.0000;0.3543
730.5;2.0005;2.0000;-0.3440;0.0000;163;163;-0.0672;-0.0012;-0.0217;0.0156;-0.0049;0.0000;0.3543
731.0;2.0023;2.0000;-0.1385;0.0000;165;161;0.0037;-0.0026;-0.0217;0.0059;-0.0049;0.0000;0.3543
731.5;2.0005;2.0000;-0.1605;0.0000;165;163;0.0037;-0.0012;-0.0217;0.0068;-0.0049;0.0000;0.3543
732.0;1.9991;2.0000;-0.0510;0.0000;167;161;-0.0769;0.0003;-0.0217;0.0020;-0.0049;0.0000;0.3543
732.5;2.0037;2.0000;0.0455;0.0000;165;159;0.0745;-0.0041;-0.0217;-0.0029;-0.0049;0.0000;0.3543
733.0;2.0005;2.0000;0.1785;0.0000;167;159;-0.0061;-0.0012;-0.0217;-0.0088;-0.0049;0.0000;0.3543
733.5;1.9936;2.0000;0.2135;0.0000;167;159;-0.0867;0.0047;-0.0217;-0.0108;-0.0049;0.0000;0.3543
734.0;1.9890;2.0000;0.2410;0.0000;169;159;-0.0867;0.0076;-0.0217;-0.0117;-0.0049;0.0000;0.3543
734.5;1.9913;2.0000;0.1155;0.0000;167;161;-0.0061;0.0062;-0.0217;-0.0059;-0.0049;0.0000;0.3543
735.0;1.9940;2.0000;-0.0175;0.0000;165;163;0.0769;0.0032;-0.0217;-0.0000;-0.0049;0.0000;0.3543
735.5;1.9959;2.0000;0.0330;0.0000;167;161;0.0769;0.0018;-0.0217;-0.0020;-0.0049;0.0000;0.3543
736.0;1.9940;2.0000;-0.0440;0.0000;165;163;0.0012;0.0032;-0.0217;0.0020;-0.0049;0.0000;0.3543
736.5;1.9922;2.0000;0.1430;0.0000;167;161;0.0720;0.0047;-0.0217;-0.0078;-0.0049;0.0000;0.3543
737.0;1.9913;2.0000;0.0915;0.0000;165;161;0.0745;0.0062;-0.0217;-0.0049;-0.0049;0.0000;0.3543
737.5;1.9963;2.0000;0.1135;0.0000;165;161;-0.0061;0.0018;-0.0217;-0.0059;-0.0049;0.0000;0.3543
738.0;1.9950;2.0000;0.1065;0.0000;165;161;0.0720;0.0032;-0.0217;-0.0059;-0.0049;0.0000;0.3543
738.5;1.9922;2.0000;0.1320;0.0000;167;161;-0.0061;0.0047;-0.0202;-0.0068;-0.0049;0.0000;0.3543
739.0;1.9945;2.0000;0.1700;0.0000;167;161;-0.0061;0.0032;-0.0202;-0.0088;-0.0049;0.0000;0.3543
739.5;1.9931;2.0000;0.0725;0.0000;165;163;0.0745;0.0047;-0.0202;-0.0039;-0.0049;0.0000;0.3543
740.0;1.9913;2.0000;0.1165;0.0000;165;163;0.0720;0.0062;-0.0202;-0.0059;-0.0049;0.0000;0.3543
740.5;1.9931;2.0000;0.0885;0.0000;165;163;-0.0037;0.0047;-0.0202;-0.0049;-0.0049;0.0000;0.3543
741.0;1.9991;2.0000;0.1300;0.0000;165;161;0.0720;0.0003;-0.0202;-0.0068;-0.0049;0.0000;0.3543
741.5;2.0027;2.0000;0.0790;0.0000;163;163;0.0745;-0.0026;-0.0202;-0.0039;-0.0049;0.0000;0.3543
742.0;2.0101;2.0000;0.1885;0.0000;165;161;0.0696;-0.0085;-0.0202;-0.0098;-0.0049;0.0000;0.3543
742.5;2.0114;2.0000;0.1000;0.0000;163;161;0.0745;-0.0100;-0.0202;-0.0049;-0.0049;0.0000;0.3543
743.0;2.0114;2.0000;0.0925;0.0000;163;161;0.0745;-0.0100;-0.0217;-0.0049;-0.0049;0.0000;0.3543
743.5;2.0142;2.0000;0.0165;0.0000;161;161;-0.0012;-0.0114;-0.0217;-0.0010;-0.0049;0.0000;0.3543
744.0;2.0156;1.9973;0.0075;0.0000;161;161;-0.0012;-0.0144;-0.0217;-0.0010;-0.0049;0.0000;0.3543
744.5;2.0197;1.9950;0.0370;0.0000;161;159;0.0769;-0.0202;-0.0217;-0.0020;-0.0049;0.0000;0.3543
745.0;2.0169;1.9922;-0.0105;0.0000;159;161;0.0769;-0.0188;-0.0217;-0.0000;-0.0049;0.0000;0.3543
745.5;2.0133;1.9899;0.0110;0.0000;159;159;0.0769;-0.0188;-0.0217;-0.0010;-0.0049;0.0000;0.3543
746.0;2.0110;1.9872;0.0280;0.0000;159;159;0.0769;-0.0188;-0.0217;-0.0020;-0.0049;0.0000;0.3543
746.5;2.0110;1.9849;0.1715;0.0000;159;157;0.0720;-0.0202;-0.0231;-0.0088;-0.0049;0.0000;0.3543
747.0;2.0092;1.9821;0.0915;0.0000;157;157;0.0745;-0.0202;-0.0231;-0.0049;-0.0049;0.0000;0.3543
747.5;2.0124;1.9799;0.2520;0.0000;157;155;0.0672;-0.0246;-0.0231;-0.0127;-0.0049;0.0000;0.3543
748.0;2.0151;1.9771;0.0885;0.0000;155;155;-0.0037;-0.0290;-0.0231;-0.0049;-0.0049;0.0000;0.3543
748.5;2.0165;1.9748;0.1385;0.0000;155;155;-0.0061;-0.0319;-0.0246;-0.0068;-0.0049;0.0000;0.3543
749.0;2.0137;1.9721;0.0010;0.0000;153;155;-0.0012;-0.0319;-0.0246;-0.0010;-0.0049;0.0000;0.3543
749.5;2.0110;1.9698;0.1020;0.0000;155;155;0.0745;-0.0319;-0.0246;-0.0059;-0.0049;0.0000;0.3543
750.0;2.0078;1.9675;0.1970;0.0000;155;153;0.0696;-0.0305;-0.0246;-0.0098;-0.0049;0.0000;0.3465
750.5;2.0087;1.9647;0.1165;0.0000;153;153;-0.0061;-0.0334;-0.0261;-0.0059;-0.0049;0.0000;0.3465
751.0;2.0005;1.9625;0.1400;0.0000;153;153;-0.0061;-0.0290;-0.0261;-0.0068;-0.0049;0.0000;0.3465
751.5;2.0027;1.9597;-0.0170;0.0000;152;153;0.1551;-0.0334;-0.0261;-0.0000;-0.0049;0.0000;0.3465
752.0;2.0018;1.9574;0.1220;0.0000;152;152;-0.0061;-0.0349;-0.0275;-0.0068;-0.0049;0.0000;0.3465
752.5;1.9995;1.9547;0.0475;0.0000;152;153;0.0745;-0.0349;-0.0275;-0.0029;-0.0049;0.0000;0.3465
753.0;1.9982;1.9524;0.1605;0.0000;152;152;0.0720;-0.0349;-0.0275;-0.0078;-0.0049;0.0000;0.3465
753.5;1.9959;1.9496;0.1085;0.0000;152;152;0.0720;-0.0349;-0.0275;-0.0059;-0.0049;0.0000;0.3465
754.0;1.9936;1.9473;0.1650;0.0000;152;152;-0.0061;-0.0349;-0.0290;-0.0088;-0.0059;0.0000;0.3465
754.5;1.9876;1.9446;0.3205;0.0000;152;148;-0.0134;-0.0334;-0.0290;-0.0156;-0.0059;0.0000;0.3465
755.0;1.9817;1.9423;0.3125;0.0000;152;148;-0.0110;-0.0305;-0.0290;-0.0156;-0.0059;0.0000;0.3465
755.5;1.9794;1.9396;0.3785;0.0000;153;146;-0.0159;-0.0305;-0.0305;-0.0186;-0.0059;0.0000;0.3465
756.0;1.9730;1.9373;0.2630;0.0000;152;148;0.0672;-0.0275;-0.0305;-0.0127;-0.0059;0.0000;0.3465
756.5;1.9702;1.9350;0.3240;0.0000;153;148;-0.0134;-0.0275;-0.0305;-0.0156;-0.0059;0.0000;0.3465
757.0;1.9592;1.9322;0.2450;0.0000;152;148;0.0672;-0.0217;-0.0305;-0.0127;-0.0059;0.0000;0.3465
757.5;1.9579;1.9299;0.2110;0.0000;152;148;-0.0085;-0.0217;-0.0319;-0.0108;-0.0059;0.0000;0.3465
758.0;1.9547;1.9272;0.0795;0.0000;150;148;-0.0037;-0.0217;-0.0319;-0.0039;-0.0059;0.0000;0.3465
758.5;1.9505;1.9249;0.1665;0.0000;152;148;-0.0061;-0.0202;-0.0319;-0.0088;-0.0059;0.0000;0.3465
759.0;1.9464;1.9222;0.0250;0.0000;150;148;-0.0012;-0.0188;-0.0319;-0.0020;-0.0059;0.0000;0.3386
759.5;1.9428;1.9199;0.0955;0.0000;150;148;-0.0037;-0.0188;-0.0319;-0.0049;-0.0059;0.0000;0.3386
760.0;1.9437;1.9171;0.2070;0.0000;152;148;0.0696;-0.0202;-0.0319;-0.0108;-0.0059;0.0000;0.3386
760.5;1.9373;1.9148;0.2375;0.0000;152;146;-0.0110;-0.0173;-0.0334;-0.0117;-0.0059;0.0000;0.3386
761.0;1.9373;1.9121;0.3610;0.0000;152;144;-0.0134;-0.0188;-0.0334;-0.0176;-0.0059;0.0000;0.3386
761.5;1.9418;1.9098;0.2885;0.0000;150;144;0.0672;-0.0246;-0.0334;-0.0147;-0.0059;0.0000;0.3386
762.0;1.9428;1.9071;0.3470;0.0000;152;144;-0.0134;-0.0275;-0.0334;-0.0176;-0.0059;0.0000;0.3386
762.5;1.9432;1.9048;0.3085;0.0000;150;142;-0.0891;-0.0290;-0.0334;-0.0156;-0.0059;0.0000;0.3386
763.0;1.9437;1.9025;0.3755;0.0000;152;142;-0.0916;-0.0319;-0.0349;-0.0186;-0.0059;0.0000;0.3386
763.5;1.9446;1.8997;0.4230;0.0000;152;140;-0.1722;-0.0349;-0.0349;-0.0205;-0.0068;0.0000;0.3386
764.0;1.9492;1.8974;0.3755;0.0000;150;140;-0.0134;-0.0393;-0.0349;-0.0186;-0.0068;0.0000;0.3386
764.5;1.9496;1.8947;0.3920;0.0000;150;138;-0.0159;-0.0422;-0.0363;-0.0196;-0.0068;0.0000;0.3386
765.0;1.9496;1.8924;0.2365;0.0000;146;138;0.0696;-0.0437;-0.0363;-0.0117;-0.0068;0.0000;0.3386
765.5;1.9464;1.8897;0.3725;0.0000;148;138;-0.0916;-0.0437;-0.0378;-0.0186;-0.0068;0.0000;0.3386
766.0;1.9464;1.8874;0.2545;0.0000;146;138;-0.0110;-0.0451;-0.0378;-0.0127;-0.0068;0.0000;0.3386
766.5;1.9432;1.8846;0.3370;0.0000;148;136;-0.0916;-0.0451;-0.0378;-0.0166;-0.0068;0.0000;0.3386
767.0;1.9437;1.8823;0.1085;0.0000;144;138;-0.0842;-0.0466;-0.0393;-0.0059;-0.0068;0.0000;0.3386
767.5;1.9405;1.8796;-0.0640;0.0000;142;140;-0.0769;-0.0466;-0.0393;0.0029;-0.0068;0.0000;0.3307
768.0;1.9451;1.8773;-0.1245;0.0000;140;140;0.0037;-0.0510;-0.0407;0.0059;-0.0068;0.0000;0.3307
768.5;1.9533;1.8745;-0.2965;0.0000;136;140;0.0867;-0.0598;-0.0407;0.0137;-0.0068;0.0000;0.3307
769.0;1.9542;1.8723;-0.1240;0.0000;138;136;-0.0745;-0.0627;-0.0422;0.0059;-0.0068;0.0000;0.3307
769.5;1.9505;1.8700;-0.1035;0.0000;138;136;0.0037;-0.0612;-0.0422;0.0049;-0.0068;0.0000;0.3307
770.0;1.9483;1.8672;0.1730;0.0000;140;132;-0.0061;-0.0612;-0.0437;-0.0088;-0.0068;0.0000;0.3307
770.5;1.9464;1.8649;0.1160;0.0000;140;132;0.0720;-0.0627;-0.0437;-0.0059;-0.0068;0.0000;0.3307
771.0;1.9405;1.8622;0.0935;0.0000;140;134;-0.0037;-0.0598;-0.0451;-0.0049;-0.0068;0.0000;0.3307
771.5;1.9405;1.8599;0.0270;0.0000;138;132;0.0769;-0.0612;-0.0451;-0.0020;-0.0068;0.0000;0.3307
772.0;1.9373;1.8571;0.0225;0.0000;136;132;0.0769;-0.0612;-0.0466;-0.0020;-0.0068;0.0000;0.3307
772.5;1.8901;1.8549;0.0175;0.0000;144;130;-0.0012;-0.0275;-0.0466;-0.0010;-0.0068;0.0000;0.3307
773.0;1.8892;1.8521;-0.0760;0.0000;142;132;0.0794;-0.0290;-0.0466;0.0029;-0.0068;0.0000;0.3307
773.5;1.8929;1.8498;0.0465;0.0000;142;130;-0.0037;-0.0334;-0.0481;-0.0029;-0.0068;0.0000;0.3307
774.0;1.8956;1.8471;0.0540;0.0000;142;130;-0.0037;-0.0378;-0.0481;-0.0029;-0.0068;0.0000;0.3307
774.5;1.8938;1.8448;0.2510;0.0000;144;128;0.0672;-0.0378;-0.0481;-0.0127;-0.0068;0.0000;0.3307
775.0;1.8929;1.8425;0.0780;0.0000;142;128;0.0745;-0.0378;-0.0495;-0.0039;-0.0068;0.0000;0.3307
775.5;1.8919;1.8397;0.2175;0.0000;142;128;-0.0085;-0.0393;-0.0495;-0.0108;-0.0068;0.0000;0.3307
776.0;1.8892;1.8375;0.1085;0.0000;140;128;0.0745;-0.0393;-0.0510;-0.0059;-0.0068;0.0000;0.3307
776.5;1.8956;1.8347;0.2180;0.0000;140;126;-0.0085;-0.0466;-0.0510;-0.0108;-0.0068;0.0000;0.3228
777.0;1.8993;1.8324;0.3055;0.0000;138;126;-0.0110;-0.0510;-0.0510;-0.0156;-0.0068;0.0000;0.3228
777.5;1.8984;1.8297;0.3560;0.0000;138;124;0.0647;-0.0524;-0.0524;-0.0176;-0.0068;0.0000;0.3228
778.0;1.9011;1.8274;0.3570;0.0000;138;124;0.0647;-0.0568;-0.0524;-0.0176;-0.0068;0.0000;0.3228
778.5;1.9034;1.8246;0.1645;0.0000;134;126;-0.0061;-0.0598;-0.0539;-0.0088;-0.0068;0.0000;0.3228
779.0;1.9020;1.8223;0.1850;0.0000;134;124;-0.0085;-0.0598;-0.0539;-0.0098;-0.0068;0.0000;0.3228
779.5;1.8997;1.8196;0.0235;0.0000;132;126;-0.0012;-0.0612;-0.0554;-0.0020;-0.0068;0.0000;0.3228
780.0;1.9002;1.8173;0.1960;0.0000;132;124;-0.0085;-0.0627;-0.0568;-0.0098;-0.0078;0.0000;0.3228
780.5;1.8979;1.8146;0.0425;0.0000;130;124;-0.0037;-0.0627;-0.0568;-0.0029;-0.0078;0.0000;0.3228
781.0;1.8974;1.8123;0.2100;0.0000;132;122;-0.0085;-0.0642;-0.0583;-0.0108;-0.0078;0.0000;0.3228
781.5;1.8965;1.8100;0.0740;0.0000;128;124;-0.0037;-0.0656;-0.0583;-0.0039;-0.0078;0.0000;0.3228
782.0;1.8961;1.8072;0.2215;0.0000;130;122;-0.0085;-0.0671;-0.0598;-0.0108;-0.0078;0.0000;0.3228
782.5;1.8951;1.8049;0.3115;0.0000;130;120;-0.0110;-0.0686;-0.0612;-0.0156;-0.0078;0.0000;0.3228
783.0;1.8906;1.8022;0.4175;0.0000;132;118;-0.1722;-0.0671;-0.0612;-0.0205;-0.0078;0.0000;0.3228
783.5;1.8869;1.7999;0.5020;0.0000;132;116;-0.0183;-0.0656;-0.0627;-0.0244;-0.0078;0.0000;0.3228
784.0;1.8814;1.7972;0.4180;0.0000;130;118;-0.0159;-0.0642;-0.0627;-0.0205;-0.0078;0.0000;0.3228
784.5;1.8759;1.7949;0.5520;0.0000;132;116;-0.0989;-0.0612;-0.0642;-0.0274;-0.0078;0.0000;0.3228
785.0;1.8750;1.7921;0.4810;0.0000;130;116;-0.0183;-0.0627;-0.0642;-0.0235;-0.0078;0.0000;0.3150
785.5;1.8727;1.7898;0.5930;0.0000;132;114;-0.0208;-0.0627;-0.0656;-0.0293;-0.0078;0.0000;0.3150
786.0;1.8695;1.7871;0.5105;0.0000;130;114;-0.0183;-0.0627;-0.0671;-0.0254;-0.0078;0.0000;0.3150
786.5;1.8617;1.7848;0.5660;0.0000;132;114;-0.0989;-0.0583;-0.0671;-0.0274;-0.0088;0.0000;0.3150
787.0;1.8544;1.7821;0.4595;0.0000;128;114;-0.0965;-0.0554;-0.0686;-0.0225;-0.0088;0.0000;0.3150
787.5;1.8553;1.7798;0.3815;0.0000;128;114;-0.0134;-0.0568;-0.0686;-0.0186;-0.0088;0.0000;0.3150
788.0;1.8530;1.7775;0.1170;0.0000;124;118;-0.0061;-0.0583;-0.0700;-0.0059;-0.0088;0.0000;0.3150
788.5;1.8512;1.7747;0.0700;0.0000;124;118;-0.0037;-0.0583;-0.0700;-0.0039;-0.0088;0.0000;0.3150
789.0;1.8475;1.7724;-0.0760;0.0000;122;120;0.0794;-0.0568;-0.0715;0.0029;-0.0088;0.0000;0.3150
789.5;1.8457;1.7697;-0.0205;0.0000;122;118;-0.0794;-0.0583;-0.0715;-0.0000;-0.0088;0.0000;0.3150
790.0;1.8466;1.7674;-0.1490;0.0000;118;120;0.0818;-0.0598;-0.0730;0.0068;-0.0088;0.0000;0.3150
790.5;1.8480;1.7647;-0.1365;0.0000;118;118;-0.0745;-0.0627;-0.0730;0.0059;-0.0088;0.0000;0.3150
791.0;1.8462;1.7624;-0.2350;0.0000;116;120;0.0842;-0.0642;-0.0744;0.0108;-0.0088;0.0000;0.3150
791.5;1.8393;1.7596;-0.1295;0.0000;118;118;0.0818;-0.0598;-0.0744;0.0059;-0.0088;0.0000;0.3150
792.0;1.8338;1.7573;-0.1305;0.0000;118;118;0.0818;-0.0583;-0.0759;0.0059;-0.0088;0.0000;0.3150
792.5;1.8274;1.7546;-0.0695;0.0000;118;118;0.0794;-0.0554;-0.0759;0.0029;-0.0088;0.0000;0.3150
793.0;1.8242;1.7523;-0.1075;0.0000;118;118;0.0818;-0.0539;-0.0774;0.0049;-0.0088;0.0000;0.3150
793.5;1.8242;1.7495;-0.1305;0.0000;116;118;0.0037;-0.0568;-0.0774;0.0059;-0.0088;0.0000;0.3150
794.0;1.8228;1.7473;-0.1635;0.0000;114;118;0.0818;-0.0568;-0.0788;0.0078;-0.0078;0.0000;0.3071
794.5;1.8251;1.7450;-0.0040;0.0000;116;114;-0.0012;-0.0612;-0.0788;-0.0000;-0.0078;0.0000;0.3071
795.0;1.8214;1.7422;0.1670;0.0000;118;112;0.0720;-0.0598;-0.0803;-0.0088;-0.0088;0.0000;0.3071
795.5;1.8201;1.7399;0.2065;0.0000;118;112;-0.0085;-0.0612;-0.0817;-0.0108;-0.0088;0.0000;0.3071
796.0;1.8150;1.7372;0.2695;0.0000;118;110;-0.0110;-0.0598;-0.0817;-0.0137;-0.0088;0.0000;0.3071
796.5;1.8104;1.7349;0.2270;0.0000;118;110;0.0696;-0.0568;-0.0832;-0.0117;-0.0088;0.0000;0.3071
797.0;1.8054;1.7321;0.2895;0.0000;118;110;-0.0110;-0.0554;-0.0832;-0.0147;-0.0088;0.0000;0.3071
797.5;1.8022;1.7299;0.2620;0.0000;118;110;-0.0110;-0.0554;-0.0847;-0.0127;-0.0088;0.0000;0.3071
798.0;1.7958;1.7271;0.3275;0.0000;118;110;0.0647;-0.0524;-0.0847;-0.0166;-0.0088;0.0000;0.3071
798.5;1.7889;1.7248;0.2820;0.0000;118;110;-0.0110;-0.0495;-0.0847;-0.0137;-0.0088;0.0000;0.3071
799.0;1.7843;1.7221;0.2685;0.0000;118;110;-0.0110;-0.0466;-0.0861;-0.0137;-0.0088;0.0000;0.3071
799.5;1.7830;1.7198;0.3820;0.0000;118;109;-0.0134;-0.0481;-0.0861;-0.0186;-0.0088;0.0000;0.3071
800.0;1.7839;1.7175;0.2985;0.0000;118;109;-0.0891;-0.0510;-0.0876;-0.0147;-0.0088;0.0000;0.3071
800.5;1.7802;1.7147;0.3980;0.0000;118;107;-0.0159;-0.0495;-0.0876;-0.0196;-0.0088;0.0000;0.3071
801.0;1.7770;1.7125;0.3820;0.0000;118;107;-0.0940;-0.0495;-0.0891;-0.0186;-0.0088;0.0000;0.3071
801.5;1.7743;1.7097;0.4605;0.0000;118;105;-0.0183;-0.0495;-0.0891;-0.0225;-0.0088;0.0000;0.3071
802.0;1.7720;1.7074;0.4845;0.0000;118;105;-0.0183;-0.0495;-0.0905;-0.0235;-0.0098;0.0000;0.3071
802.5;1.7647;1.7047;0.2590;0.0000;116;107;-0.0110;-0.0451;-0.0905;-0.0127;-0.0098;0.0000;0.2992
803.0;1.7656;1.7024;0.1640;0.0000;116;107;-0.0842;-0.0481;-0.0905;-0.0088;-0.0098;0.0000;0.2992
803.5;1.7605;1.6996;0.0535;0.0000;114;109;-0.0037;-0.0466;-0.0920;-0.0029;-0.0098;0.0000;0.2992
804.0;1.7587;1.6973;0.1450;0.0000;114;107;-0.0061;-0.0466;-0.0920;-0.0078;-0.0098;0.0000;0.2992
804.5;1.7610;1.6946;0.2000;0.0000;114;105;-0.0085;-0.0510;-0.0935;-0.0098;-0.0098;0.0000;0.2992
805.0;1.7587;1.6923;0.0710;0.0000;112;107;-0.0037;-0.0510;-0.0935;-0.0039;-0.0098;0.0000;0.2992
805.5;1.7569;1.6896;0.2290;0.0000;114;105;-0.0085;-0.0510;-0.0949;-0.0117;-0.0098;0.0000;0.2992
806.0;1.7633;1.6873;0.0165;0.0000;110;105;-0.0012;-0.0583;-0.0949;-0.0010;-0.0098;0.0000;0.2992
806.5;1.7647;1.6850;0.0945;0.0000;112;105;-0.0818;-0.0612;-0.0964;-0.0049;-0.0098;0.0000;0.2992
807.0;1.7647;1.6822;0.1520;0.0000;112;103;-0.0842;-0.0627;-0.0964;-0.0078;-0.0098;0.0000;0.2992
807.5;1.7619;1.6799;0.2055;0.0000;112;101;-0.0867;-0.0627;-0.0979;-0.0108;-0.0098;0.0000;0.2992
808.0;1.7578;1.6772;0.0725;0.0000;110;101;-0.0818;-0.0612;-0.0979;-0.0039;-0.0098;0.0000;0.2992
808.5;1.7610;1.6749;-0.3830;0.0000;105;105;-0.0647;-0.0656;-0.0993;0.0176;-0.0098;0.0000;0.2992
809.0;1.7619;1.6722;-0.4205;0.0000;105;105;-0.0647;-0.0686;-0.1008;0.0196;-0.0098;0.0000;0.2992
809.5;1.7674;1.6699;-0.6815;0.0000;101;107;0.0232;-0.0744;-0.1008;0.0323;-0.0098;0.0000;0.2992
810.0;1.7656;1.6671;-0.4210;0.0000;103;105;0.0134;-0.0744;-0.1023;0.0196;-0.0088;0.0000;0.2992
810.5;1.7592;1.6648;-0.6235;0.0000;101;107;0.0989;-0.0715;-0.1037;0.0293;-0.0088;0.0000;0.2992
811.0;1.7495;1.6621;-0.2820;0.0000;103;103;0.0085;-0.0656;-0.1037;0.0127;-0.0088;0.0000;0.2992
811.5;1.7518;1.6598;-0.3440;0.0000;101;103;-0.0672;-0.0700;-0.1052;0.0156;-0.0088;0.0000;0.2913
812.0;1.7514;1.6571;-0.0220;0.0000;105;99;-0.0794;-0.0715;-0.1052;0.0010;-0.0088;0.0000;0.2913
812.5;1.7491;1.6548;0.4850;0.0000;109;93;-0.0965;-0.0715;-0.1067;-0.0235;-0.0088;0.0000;0.2913
813.0;1.7427;1.6525;0.4265;0.0000;109;93;-0.1722;-0.0686;-0.1081;-0.0205;-0.0088;0.0000;0.2913
813.5;1.7386;1.6497;0.4965;0.0000;110;91;-0.0965;-0.0671;-0.1081;-0.0244;-0.0088;0.0000;0.2913
814.0;1.7340;1.6474;0.0520;0.0000;105;95;-0.0037;-0.0656;-0.1096;-0.0029;-0.0088;0.0000;0.2913
814.5;1.7294;1.6447;0.1615;0.0000;105;95;-0.0061;-0.0642;-0.1096;-0.0078;-0.0098;0.0000;0.2913
815.0;1.7248;1.6424;-0.2005;0.0000;101;99;0.0061;-0.0627;-0.1110;0.0088;-0.0088;0.0000;0.2913
815.5;1.7207;1.6397;0.0260;0.0000;103;97;0.0769;-0.0612;-0.1125;-0.0020;-0.0088;0.0000;0.2913
816.0;1.7170;1.6374;-0.1250;0.0000;101;99;0.0037;-0.0598;-0.1125;0.0059;-0.0088;0.0000;0.2913
816.5;1.7129;1.6346;0.1785;0.0000;103;95;-0.0085;-0.0598;-0.1140;-0.0088;-0.0098;0.0000;0.2913
817.0;1.7092;1.6323;0.0525;0.0000;101;97;0.0745;-0.0583;-0.1140;-0.0029;-0.0098;0.0000;0.2913
817.5;1.7065;1.6296;0.0800;0.0000;101;97;0.0745;-0.0583;-0.1154;-0.0039;-0.0098;0.0000;0.2913
818.0;1.7070;1.6273;0.3460;0.0000;103;93;-0.0134;-0.0612;-0.1154;-0.0176;-0.0098;0.0000;0.2913
818.5;1.7074;1.6245;0.2395;0.0000;101;93;-0.0085;-0.0627;-0.1169;-0.0117;-0.0098;0.0000;0.2913
819.0;1.7083;1.6223;0.3820;0.0000;101;91;-0.0159;-0.0656;-0.1169;-0.0186;-0.0098;0.0000;0.2913
819.5;1.7083;1.6200;0.0555;0.0000;97;93;-0.0037;-0.0671;-0.1184;-0.0029;-0.0098;0.0000;0.2913
820.0;1.7015;1.6172;0.1715;0.0000;99;93;0.0720;-0.0642;-0.1198;-0.0088;-0.0098;0.0000;0.2835
820.5;1.6946;1.6149;-0.1735;0.0000;95;97;0.0037;-0.0612;-0.1198;0.0078;-0.0098;0.0000;0.2835
821.0;1.6928;1.6122;-0.0275;0.0000;97;95;-0.0012;-0.0612;-0.1213;0.0010;-0.0098;0.0000;0.2835
821.5;1.6873;1.6099;-0.1035;0.0000;97;95;0.0012;-0.0583;-0.1213;0.0049;-0.0098;0.0000;0.2835
822.0;1.6822;1.6071;-0.2135;0.0000;95;95;0.0061;-0.0568;-0.1228;0.0098;-0.0098;0.0000;0.2835
822.5;1.6827;1.6049;-0.0770;0.0000;95;93;0.0012;-0.0598;-0.1228;0.0029;-0.0098;0.0000;0.2835
823.0;1.6790;1.6021;-0.1045;0.0000;95;93;0.0794;-0.0583;-0.1242;0.0049;-0.0098;0.0000;0.2835
823.5;1.6731;1.5998;0.2500;0.0000;99;89;-0.0110;-0.0554;-0.1242;-0.0127;-0.0098;0.0000;0.2835
824.0;1.6680;1.5971;0.1285;0.0000;97;91;-0.0061;-0.0539;-0.1257;-0.0068;-0.0098;0.0000;0.2835
824.5;1.6621;1.5948;0.3470;0.0000;99;89;-0.0134;-0.0510;-0.1257;-0.0176;-0.0098;0.0000;0.2835
825.0;1.6575;1.5925;0.1355;0.0000;97;91;-0.0061;-0.0495;-0.1272;-0.0068;-0.0098;0.0000;0.2835
825.5;1.6488;1.5897;0.4210;0.0000;101;87;-0.0940;-0.0451;-0.1272;-0.0205;-0.0098;0.0000;0.2835
826.0;1.6397;1.5875;0.2415;0.0000;99;89;-0.0891;-0.0393;-0.1272;-0.0117;-0.0098;0.0000;0.2835
826.5;1.6287;1.5847;0.5400;0.0000;103;87;-0.0208;-0.0334;-0.1286;-0.0264;-0.0098;0.0000;0.2835
827.0;1.6200;1.5824;0.5615;0.0000;103;87;-0.0208;-0.0290;-0.1286;-0.0274;-0.0098;0.0000;0.2835
827.5;1.6108;1.5797;0.5250;0.0000;103;89;-0.0965;-0.0231;-0.1286;-0.0254;-0.0098;0.0000;0.2835
828.0;1.6044;1.5774;0.5190;0.0000;103;87;-0.0183;-0.0217;-0.1286;-0.0254;-0.0098;0.0000;0.2835
828.5;1.5984;1.5746;0.6800;0.0000;105;87;-0.1038;-0.0188;-0.1286;-0.0332;-0.0108;0.0000;0.2835
829.0;1.5925;1.5723;0.8820;0.0000;109;83;-0.1111;-0.0158;-0.1301;-0.0430;-0.0108;0.0000;0.2756
829.5;1.5870;1.5696;0.7645;0.0000;107;83;-0.1062;-0.0144;-0.1301;-0.0371;-0.0108;0.0000;0.2756
830.0;1.5778;1.5673;0.8990;0.0000;109;83;-0.1893;-0.0085;-0.1301;-0.0440;-0.0108;0.0000;0.2756
830.5;1.5691;1.5646;0.7835;0.0000;109;83;-0.1844;-0.0041;-0.1301;-0.0381;-0.0108;0.0000;0.2756
831.0;1.5641;1.5623;0.9765;0.0000;112;81;-0.1136;-0.0026;-0.1301;-0.0469;-0.0117;0.0000;0.2756
831.5;1.5609;1.5600;0.9145;0.0000;110;81;-0.1111;-0.0012;-0.1301;-0.0440;-0.0117;0.0000;0.2756
832.0;1.5522;1.5572;1.0325;0.0000;112;81;-0.1941;0.0032;-0.1301;-0.0499;-0.0117;0.0000;0.2756
832.5;1.5458;1.5549;0.8615;0.0000;112;83;-0.1868;0.0062;-0.1301;-0.0420;-0.0117;0.0000;0.2756
833.0;1.5426;1.5522;0.7275;0.0000;110;83;-0.1038;0.0062;-0.1301;-0.0352;-0.0117;0.0000;0.2756
833.5;1.5362;1.5499;0.5610;0.0000;109;87;-0.0208;0.0091;-0.1301;-0.0274;-0.0117;0.0000;0.2756
834.0;1.5380;1.5472;0.2715;0.0000;105;89;-0.0891;0.0062;-0.1301;-0.0137;-0.0117;0.0000;0.2756
834.5;1.5389;1.5449;-0.1060;0.0000;101;93;0.0037;0.0032;-0.1301;0.0049;-0.0117;0.0000;0.2756
835.0;1.5421;1.5421;-0.6365;0.0000;95;99;0.0989;-0.0012;-0.1301;0.0303;-0.0117;0.0000;0.2756
835.5;1.5435;1.5398;-0.6780;0.0000;93;99;0.0232;-0.0041;-0.1301;0.0323;-0.0117;0.0000;0.2756
836.0;1.5421;1.5371;-0.9125;0.0000;91;103;0.0305;-0.0041;-0.1301;0.0430;-0.0117;0.0000;0.2756
836.5;1.5453;1.5348;-0.7945;0.0000;91;101;0.1062;-0.0085;-0.1301;0.0381;-0.0117;0.0000;0.2756
837.0;1.5444;1.5321;-0.8605;0.0000;89;101;0.1062;-0.0100;-0.1301;0.0411;-0.0117;0.0000;0.2756
837.5;1.5453;1.5298;-0.6080;0.0000;91;99;0.0208;-0.0129;-0.1301;0.0283;-0.0108;0.0000;0.2677
838.0;1.5421;1.5275;-0.3320;0.0000;95;95;-0.0672;-0.0114;-0.1301;0.0156;-0.0108;0.0000;0.2677
838.5;1.5398;1.5247;-0.2460;0.0000;95;95;0.0085;-0.0114;-0.1301;0.0117;-0.0108;0.0000;0.2677
839.0;1.5366;1.5224;-0.1005;0.0000;95;93;0.0794;-0.0114;-0.1301;0.0039;-0.0108;0.0000;0.2677
839.5;1.5302;1.5197;-0.0635;0.0000;95;93;0.0012;-0.0085;-0.1301;0.0029;-0.0108;0.0000;0.2677
840.0;1.5215;1.5174;0.1150;0.0000;97;91;-0.0061;-0.0041;-0.1301;-0.0059;-0.0108;0.0000;0.2677
840.5;1.5147;1.5147;-0.0330;0.0000;95;93;0.1575;-0.0012;-0.1301;0.0010;-0.0108;0.0000;0.2677
841.0;1.5092;1.5124;0.0285;0.0000;97;93;-0.0012;0.0018;-0.1301;-0.0020;-0.0108;0.0000;0.2677
841.5;1.5078;1.5096;-0.1565;0.0000;95;95;0.0037;0.0003;-0.1301;0.0068;-0.0108;0.0000;0.2677
842.0;1.5064;1.5073;-0.0120;0.0000;95;93;0.0769;0.0003;-0.1301;-0.0000;-0.0108;0.0000;0.2677
842.5;1.5018;1.5046;0.0280;0.0000;97;93;-0.0012;0.0018;-0.1301;-0.0020;-0.0108;0.0000;0.2677
843.0;1.5009;1.5023;0.0415;0.0000;95;93;-0.0037;0.0003;-0.1301;-0.0029;-0.0108;0.0000;0.2677
843.5;1.5000;1.4995;0.0630;0.0000;95;91;0.0745;-0.0012;-0.1301;-0.0039;-0.0108;0.0000;0.2677
844.0;1.4954;1.4973;-0.1260;0.0000;93;93;-0.0745;0.0003;-0.1301;0.0059;-0.0108;0.0000;0.2677
844.5;1.4931;1.4950;-0.0525;0.0000;93;93;0.0794;0.0003;-0.1301;0.0020;-0.0108;0.0000;0.2677
845.0;1.4899;1.4922;-0.1380;0.0000;93;93;0.0037;0.0003;-0.1301;0.0059;-0.0108;0.0000;0.2677
845.5;1.4863;1.4899;0.0875;0.0000;95;91;-0.0037;0.0018;-0.1301;-0.0049;-0.0108;0.0000;0.2677
846.0;1.4812;1.4872;0.0065;0.0000;95;93;-0.0794;0.0032;-0.1301;-0.0010;-0.0108;0.0000;0.2677
846.5;1.4744;1.4849;0.1820;0.0000;97;91;-0.0085;0.0076;-0.1301;-0.0088;-0.0108;0.0000;0.2598
847.0;1.4670;1.4821;0.0760;0.0000;95;91;-0.0037;0.0105;-0.1301;-0.0039;-0.0108;0.0000;0.2598
847.5;1.4606;1.4799;0.1160;0.0000;97;91;-0.0842;0.0135;-0.1301;-0.0059;-0.0108;0.0000;0.2598
848.0;1.4538;1.4771;0.3620;0.0000;99;87;-0.0916;0.0164;-0.1301;-0.0176;-0.0108;0.0000;0.2598
848.5;1.4473;1.4748;0.3660;0.0000;101;87;-0.0916;0.0193;-0.1286;-0.0176;-0.0108;0.0000;0.2598
849.0;1.4428;1.4721;0.5075;0.0000;103;87;-0.0965;0.0208;-0.1286;-0.0244;-0.0117;0.0000;0.2598
849.5;1.4382;1.4698;0.3290;0.0000;101;89;-0.0916;0.0223;-0.1286;-0.0166;-0.0117;0.0000;0.2598
850.0;1.4377;1.4670;0.5815;0.0000;103;85;-0.0989;0.0208;-0.1286;-0.0283;-0.0117;0.0000;0.2598
850.5;1.4386;1.4647;0.2695;0.0000;99;87;-0.0891;0.0193;-0.1286;-0.0137;-0.0117;0.0000;0.2598
851.0;1.4391;1.4625;0.4645;0.0000;101;85;-0.0965;0.0164;-0.1272;-0.0225;-0.0117;0.0000;0.2598
851.5;1.4332;1.4597;0.3575;0.0000;101;87;-0.0134;0.0193;-0.1272;-0.0176;-0.0117;0.0000;0.2598
852.0;1.4318;1.4574;0.5320;0.0000;103;83;-0.0208;0.0179;-0.1272;-0.0264;-0.0117;0.0000;0.2598
852.5;1.4345;1.4547;0.2580;0.0000;99;87;-0.0891;0.0149;-0.1272;-0.0127;-0.0117;0.0000;0.2598
853.0;1.4336;1.4524;0.1925;0.0000;99;87;-0.1648;0.0135;-0.1272;-0.0098;-0.0117;0.0000;0.2598
853.5;1.4322;1.4496;0.4740;0.0000;101;83;-0.0183;0.0120;-0.1272;-0.0235;-0.0117;0.0000;0.2598
854.0;1.4272;1.4473;0.1825;0.0000;99;87;-0.0867;0.0149;-0.1272;-0.0088;-0.0117;0.0000;0.2598
854.5;1.4286;1.4446;0.3000;0.0000;99;83;-0.0891;0.0120;-0.1257;-0.0147;-0.0117;0.0000;0.2598
855.0;1.4249;1.4423;-0.2430;0.0000;93;89;-0.0720;0.0120;-0.1257;0.0108;-0.0117;0.0000;0.2520
855.5;1.4240;1.4396;-0.0620;0.0000;95;87;0.0012;0.0105;-0.1257;0.0029;-0.0117;0.0000;0.2520
856.0;1.4231;1.4373;-0.4180;0.0000;91;91;-0.0647;0.0091;-0.1257;0.0196;-0.0117;0.0000;0.2520
856.5;1.4263;1.4350;-0.1180;0.0000;93;87;-0.0745;0.0062;-0.1257;0.0049;-0.0117;0.0000;0.2520
857.0;1.4290;1.4322;-0.1630;0.0000;93;87;-0.0745;0.0018;-0.1257;0.0068;-0.0117;0.0000;0.2520
857.5;1.4322;1.4299;-0.3785;0.0000;89;89;-0.0672;-0.0026;-0.1257;0.0176;-0.0117;0.0000;0.2520
858.0;1.4350;1.4272;-0.3780;0.0000;89;87;-0.0672;-0.0070;-0.1257;0.0176;-0.0117;0.0000;0.2520
858.5;1.4359;1.4249;-0.4340;0.0000;89;87;-0.0647;-0.0085;-0.1257;0.0205;-0.0117;0.0000;0.2520
859.0;1.4382;1.4222;-0.1225;0.0000;91;83;-0.0745;-0.0129;-0.1257;0.0059;-0.0117;0.0000;0.2520
859.5;1.4345;1.4199;-0.2775;0.0000;89;85;-0.0696;-0.0114;-0.1257;0.0127;-0.0117;0.0000;0.2520
860.0;1.4272;1.4171;0.0270;0.0000;93;81;-0.0794;-0.0085;-0.1257;-0.0020;-0.0117;0.0000;0.2520
860.5;1.4245;1.4148;-0.2290;0.0000;89;83;-0.0720;-0.0085;-0.1272;0.0108;-0.0117;0.0000;0.2520
861.0;1.4235;1.4121;0.0875;0.0000;91;79;-0.0037;-0.0085;-0.1272;-0.0049;-0.0117;0.0000;0.2520
861.5;1.4231;1.4098;-0.1115;0.0000;89;81;0.0037;-0.0100;-0.1272;0.0049;-0.0117;0.0000;0.2520
862.0;1.4217;1.4071;0.0065;0.0000;89;79;-0.0012;-0.0114;-0.1272;-0.0010;-0.0117;0.0000;0.2520
862.5;1.4212;1.4048;0.0525;0.0000;89;79;-0.0037;-0.0129;-0.1272;-0.0029;-0.0117;0.0000;0.2520
863.0;1.4208;1.4025;-0.3720;0.0000;83;83;0.0110;-0.0144;-0.1272;0.0176;-0.0117;0.0000;0.2520
863.5;1.4103;1.3997;-0.2065;0.0000;87;83;0.0061;-0.0085;-0.1272;0.0098;-0.0117;0.0000;0.2520
864.0;1.4080;1.3974;-0.3950;0.0000;83;85;0.0916;-0.0085;-0.1272;0.0186;-0.0117;0.0000;0.2441
864.5;1.4029;1.3947;-0.0700;0.0000;87;81;0.0012;-0.0070;-0.1272;0.0029;-0.0117;0.0000;0.2441
865.0;1.3965;1.3924;-0.0885;0.0000;87;81;-0.0769;-0.0041;-0.1272;0.0039;-0.0117;0.0000;0.2441
865.5;1.3929;1.3897;0.1330;0.0000;89;79;-0.0061;-0.0026;-0.1272;-0.0068;-0.0117;0.0000;0.2441
866.0;1.3860;1.3874;-0.0175;0.0000;87;81;-0.0794;0.0003;-0.1272;-0.0000;-0.0117;0.0000;0.2441
866.5;1.3832;1.3846;0.0400;0.0000;89;81;0.0745;0.0003;-0.1272;-0.0020;-0.0117;0.0000;0.2441
867.0;1.3764;1.3823;-0.1155;0.0000;87;81;0.0037;0.0032;-0.1272;0.0049;-0.0117;0.0000;0.2441
867.5;1.3782;1.3796;0.0620;0.0000;87;79;-0.0037;0.0003;-0.1272;-0.0039;-0.0117;0.0000;0.2441
868.0;1.3750;1.3773;0.1595;0.0000;89;79;-0.0061;0.0003;-0.1272;-0.0078;-0.0117;0.0000;0.2441
868.5;1.3727;1.3745;-0.1740;0.0000;83;83;0.0842;0.0003;-0.1272;0.0078;-0.0117;0.0000;0.2441
869.0;1.3709;1.3723;0.0340;0.0000;85;81;0.0769;0.0003;-0.1272;-0.0020;-0.0117;0.0000;0.2441
869.5;1.3686;1.3700;-0.1925;0.0000;83;83;0.0061;0.0003;-0.1272;0.0088;-0.0117;0.0000;0.2441
870.0;1.3631;1.3672;0.2115;0.0000;87;79;-0.0085;0.0018;-0.1272;-0.0108;-0.0117;0.0000;0.2441
870.5;1.3571;1.3649;0.0110;0.0000;87;81;-0.0012;0.0047;-0.1272;-0.0010;-0.0117;0.0000;0.2441
871.0;1.3480;1.3622;0.1820;0.0000;87;79;0.0696;0.0105;-0.1272;-0.0088;-0.0117;0.0000;0.2441
871.5;1.3471;1.3599;-0.2115;0.0000;83;83;0.0842;0.0091;-0.1272;0.0098;-0.0117;0.0000;0.2441
872.0;1.3462;1.3571;-0.2370;0.0000;81;83;0.0842;0.0076;-0.1272;0.0108;-0.0117;0.0000;0.2441
872.5;1.3429;1.3549;-0.0140;0.0000;83;81;0.0769;0.0076;-0.1272;-0.0000;-0.0117;0.0000;0.2362
873.0;1.3471;1.3521;-0.0700;0.0000;83;81;0.0012;0.0032;-0.1272;0.0029;-0.0117;0.0000;0.2362
873.5;1.3434;1.3498;0.0960;0.0000;83;79;-0.0037;0.0047;-0.1272;-0.0049;-0.0117;0.0000;0.2362
874.0;1.3429;1.3471;-0.2170;0.0000;81;83;0.0842;0.0032;-0.1272;0.0098;-0.0117;0.0000;0.2362
874.5;1.3388;1.3448;0.1205;0.0000;83;79;-0.0061;0.0032;-0.1272;-0.0059;-0.0117;0.0000;0.2362
875.0;1.3384;1.3420;-0.1290;0.0000;81;81;0.0037;0.0018;-0.1272;0.0059;-0.0117;0.0000;0.2362
875.5;1.3301;1.3397;0.2700;0.0000;85;77;-0.0110;0.0062;-0.1272;-0.0137;-0.0117;0.0000;0.2362
876.0;1.3260;1.3375;0.2170;0.0000;83;77;-0.0085;0.0076;-0.1257;-0.0108;-0.0117;0.0000;0.2362
876.5;1.3223;1.3347;0.4110;0.0000;87;75;-0.0159;0.0091;-0.1257;-0.0205;-0.0117;0.0000;0.2362
877.0;1.3146;1.3324;0.2080;0.0000;85;79;-0.0085;0.0120;-0.1257;-0.0108;-0.0117;0.0000;0.2362
877.5;1.3104;1.3297;0.1470;0.0000;83;79;-0.0061;0.0135;-0.1257;-0.0078;-0.0117;0.0000;0.2362
878.0;1.3082;1.3274;0.4825;0.0000;89;75;-0.0183;0.0135;-0.1257;-0.0235;-0.0117;0.0000;0.2362
878.5;1.3040;1.3246;0.3610;0.0000;87;75;-0.0134;0.0149;-0.1257;-0.0176;-0.0117;0.0000;0.2362
879.0;1.3031;1.3223;0.5880;0.0000;89;73;-0.0208;0.0135;-0.1257;-0.0283;-0.0117;0.0000;0.2362
879.5;1.3045;1.3196;0.2440;0.0000;85;75;-0.0891;0.0105;-0.1257;-0.0117;-0.0117;0.0000;0.2362
880.0;1.3017;1.3173;0.4330;0.0000;87;73;-0.0159;0.0105;-0.1242;-0.0215;-0.0117;0.0000;0.2362
880.5;1.2995;1.3146;0.1770;0.0000;83;77;-0.0085;0.0105;-0.1242;-0.0088;-0.0117;0.0000;0.2362
881.0;1.2967;1.3123;0.4505;0.0000;87;73;-0.0159;0.0105;-0.1242;-0.0225;-0.0117;0.0000;0.2362
881.5;1.2903;1.3100;0.4915;0.0000;89;73;-0.0183;0.0135;-0.1242;-0.0244;-0.0127;0.0000;0.2283
882.0;1.2843;1.3072;0.6150;0.0000;91;71;-0.1013;0.0164;-0.1242;-0.0303;-0.0127;0.0000;0.2283
882.5;1.2779;1.3049;0.4655;0.0000;89;73;0.0598;0.0193;-0.1242;-0.0225;-0.0127;0.0000;0.2283
883.0;1.2697;1.3022;0.1710;0.0000;85;77;-0.0061;0.0237;-0.1242;-0.0088;-0.0127;0.0000;0.2283
883.5;1.2633;1.2999;0.6180;0.0000;91;71;-0.1013;0.0267;-0.1228;-0.0303;-0.0127;0.0000;0.2283
884.0;1.2601;1.2972;0.3145;0.0000;89;75;-0.0891;0.0267;-0.1228;-0.0156;-0.0127;0.0000;0.2283
884.5;1.2555;1.2949;0.6270;0.0000;93;71;-0.1013;0.0281;-0.1228;-0.0303;-0.0127;0.0000;0.2283
885.0;1.2555;1.2921;0.1390;0.0000;87;77;-0.0061;0.0267;-0.1228;-0.0068;-0.0127;0.0000;0.2283
885.5;1.2550;1.2898;0.1795;0.0000;87;75;-0.0085;0.0252;-0.1213;-0.0088;-0.0127;0.0000;0.2283
886.0;1.2514;1.2871;-0.1335;0.0000;83;79;-0.0745;0.0267;-0.1213;0.0059;-0.0127;0.0000;0.2283
886.5;1.2537;1.2848;0.0735;0.0000;85;77;0.0745;0.0223;-0.1213;-0.0039;-0.0127;0.0000;0.2283
887.0;1.2573;1.2821;0.1115;0.0000;85;75;-0.0842;0.0179;-0.1213;-0.0059;-0.0127;0.0000;0.2283
887.5;1.2546;1.2798;0.0515;0.0000;83;75;0.0745;0.0179;-0.1213;-0.0029;-0.0127;0.0000;0.2283
888.0;1.2532;1.2775;-0.0815;0.0000;81;77;-0.0769;0.0179;-0.1198;0.0029;-0.0127;0.0000;0.2283
888.5;1.2505;1.2747;-0.4720;0.0000;77;81;0.0940;0.0179;-0.1198;0.0225;-0.0127;0.0000;0.2283
889.0;1.2505;1.2724;-0.1085;0.0000;81;77;0.0037;0.0149;-0.1198;0.0049;-0.0127;0.0000;0.2283
889.5;1.2505;1.2697;-0.3430;0.0000;77;79;0.0110;0.0135;-0.1198;0.0156;-0.0127;0.0000;0.2283
890.0;1.2468;1.2674;0.0395;0.0000;81;75;-0.0037;0.0149;-0.1198;-0.0020;-0.0127;0.0000;0.2205
890.5;1.2390;1.2647;-0.2215;0.0000;79;77;-0.0720;0.0179;-0.1198;0.0098;-0.0127;0.0000;0.2205
891.0;1.2317;1.2624;-0.1120;0.0000;81;77;0.0037;0.0223;-0.1184;0.0049;-0.0127;0.0000;0.2205
891.5;1.2271;1.2596;-0.3065;0.0000;79;79;0.0891;0.0237;-0.1184;0.0147;-0.0127;0.0000;0.2205
892.0;1.2221;1.2573;-0.0385;0.0000;81;77;0.0794;0.0252;-0.1184;0.0010;-0.0127;0.0000;0.2205
892.5;1.2157;1.2546;0.1345;0.0000;83;75;-0.0842;0.0281;-0.1184;-0.0068;-0.0127;0.0000;0.2205
893.0;1.2097;1.2523;-0.1780;0.0000;79;79;0.0061;0.0311;-0.1169;0.0078;-0.0127;0.0000;0.2205
893.5;1.2038;1.2495;-0.0340;0.0000;81;77;-0.0794;0.0340;-0.1169;0.0010;-0.0127;0.0000;0.2205
894.0;1.2019;1.2473;-0.2830;0.0000;79;79;0.0867;0.0325;-0.1169;0.0127;-0.0127;0.0000;0.2205
894.5;1.1969;1.2450;-0.0225;0.0000;81;77;-0.0012;0.0355;-0.1154;0.0010;-0.0127;0.0000;0.2205
895.0;1.1996;1.2422;-0.3175;0.0000;79;81;0.0110;0.0311;-0.1154;0.0147;-0.0127;0.0000;0.2205
895.5;1.1941;1.2399;0.0100;0.0000;81;77;0.0769;0.0340;-0.1154;-0.0010;-0.0127;0.0000;0.2205
896.0;1.1877;1.2372;-0.2035;0.0000;79;79;0.0061;0.0369;-0.1140;0.0088;-0.0127;0.0000;0.2205
896.5;1.1877;1.2349;-0.2090;0.0000;79;79;0.0842;0.0340;-0.1140;0.0098;-0.0127;0.0000;0.2205
897.0;1.1836;1.2321;-0.2655;0.0000;79;79;0.0085;0.0355;-0.1140;0.0127;-0.0127;0.0000;0.2205
897.5;1.1822;1.2299;-0.0960;0.0000;79;79;0.0794;0.0355;-0.1140;0.0039;-0.0127;0.0000;0.2205
898.0;1.1790;1.2271;0.0335;0.0000;81;77;-0.0012;0.0355;-0.1125;-0.0020;-0.0127;0.0000;0.2205
898.5;1.1749;1.2248;-0.1960;0.0000;79;79;0.0061;0.0369;-0.1125;0.0088;-0.0127;0.0000;0.2205
899.0;1.1745;1.2221;0.0220;0.0000;81;77;0.0769;0.0355;-0.1125;-0.0020;-0.0127;0.0000;0.2126
899.5;1.1703;1.2198;-0.1450;0.0000;79;79;0.0037;0.0355;-0.1110;0.0068;-0.0117;0.0000;0.2126
900.0;1.1625;1.2170;0.1420;0.0000;83;75;-0.0842;0.0398;-0.1110;-0.0068;-0.0127;0.0000;0.2126
900.5;1.1593;1.2147;0.1015;0.0000;83;75;-0.0037;0.0413;-0.1096;-0.0049;-0.0127;0.0000;0.2126
901.0;1.1552;1.2125;0.2090;0.0000;83;75;-0.0085;0.0428;-0.1096;-0.0108;-0.0127;0.0000;0.2126
901.5;1.1566;1.2097;0.0615;0.0000;81;77;0.0745;0.0398;-0.1096;-0.0039;-0.0127;0.0000;0.2126
902.0;1.1525;1.2074;-0.1025;0.0000;81;79;0.0012;0.0398;-0.1081;0.0049;-0.0127;0.0000;0.2126
902.5;1.1511;1.2047;-0.1310;0.0000;79;79;-0.0745;0.0398;-0.1081;0.0059;-0.0127;0.0000;0.2126
903.0;1.1484;1.2024;-0.1345;0.0000;79;79;0.0818;0.0398;-0.1081;0.0059;-0.0127;0.0000;0.2126
903.5;1.1456;1.1996;0.0970;0.0000;81;75;-0.0037;0.0398;-0.1067;-0.0049;-0.0127;0.0000;0.2126
904.0;1.1429;1.1973;-0.0335;0.0000;81;77;-0.0012;0.0398;-0.1067;0.0010;-0.0127;0.0000;0.2126
904.5;1.1406;1.1946;0.1380;0.0000;83;75;-0.0061;0.0398;-0.1052;-0.0068;-0.0127;0.0000;0.2126
905.0;1.1378;1.1923;-0.0365;0.0000;81;77;0.0012;0.0398;-0.1052;0.0010;-0.0127;0.0000;0.2126
905.5;1.1319;1.1896;0.2105;0.0000;83;75;-0.0867;0.0428;-0.1052;-0.0108;-0.0127;0.0000;0.2126
906.0;1.1300;1.1873;0.2040;0.0000;83;75;-0.0085;0.0428;-0.1037;-0.0108;-0.0127;0.0000;0.2126
906.5;1.1282;1.1845;0.2995;0.0000;85;73;0.0672;0.0413;-0.1037;-0.0147;-0.0127;0.0000;0.2126
907.0;1.1227;1.1822;0.0975;0.0000;83;75;-0.0818;0.0442;-0.1037;-0.0049;-0.0127;0.0000;0.2126
907.5;1.1213;1.1799;-0.0745;0.0000;81;77;0.0012;0.0428;-0.1023;0.0029;-0.0127;0.0000;0.2047
908.0;1.1200;1.1772;0.1630;0.0000;83;73;-0.0061;0.0428;-0.1023;-0.0088;-0.0127;0.0000;0.2047
908.5;1.1186;1.1749;-0.0275;0.0000;81;75;-0.0012;0.0413;-0.1008;0.0010;-0.0127;0.0000;0.2047
909.0;1.1172;1.1722;0.1670;0.0000;83;73;-0.0061;0.0398;-0.1008;-0.0088;-0.0127;0.0000;0.2047
909.5;1.1163;1.1699;-0.0330;0.0000;81;75;-0.0012;0.0398;-0.1008;0.0010;-0.0127;0.0000;0.2047
910.0;1.1181;1.1671;0.1500;0.0000;83;73;-0.0842;0.0369;-0.0993;-0.0078;-0.0127;0.0000;0.2047
910.5;1.1163;1.1648;-0.0790;0.0000;79;75;0.0012;0.0355;-0.0993;0.0029;-0.0127;0.0000;0.2047
911.0;1.1131;1.1621;-0.0025;0.0000;81;73;-0.1575;0.0369;-0.0993;-0.0000;-0.0127;0.0000;0.2047
911.5;1.1099;1.1598;-0.0085;0.0000;81;73;-0.0012;0.0369;-0.0979;-0.0000;-0.0127;0.0000;0.2047
912.0;1.1113;1.1571;0.0240;0.0000;81;73;-0.0794;0.0340;-0.0979;-0.0020;-0.0127;0.0000;0.2047
912.5;1.1108;1.1548;-0.0710;0.0000;79;75;0.0012;0.0325;-0.0979;0.0029;-0.0127;0.0000;0.2047
913.0;1.1099;1.1525;-0.0995;0.0000;79;75;-0.0769;0.0311;-0.0964;0.0039;-0.0127;0.0000;0.2047
913.5;1.1094;1.1497;0.1695;0.0000;81;71;-0.0061;0.0296;-0.0964;-0.0088;-0.0127;0.0000;0.2047
914.0;1.1085;1.1474;-0.0220;0.0000;79;73;-0.0794;0.0281;-0.0964;0.0010;-0.0127;0.0000;0.2047
914.5;1.1081;1.1447;0.1410;0.0000;79;71;-0.0061;0.0267;-0.0964;-0.0068;-0.0127;0.0000;0.2047
915.0;1.1062;1.1424;-0.0800;0.0000;77;73;0.0012;0.0267;-0.0949;0.0029;-0.0127;0.0000;0.2047
915.5;1.1103;1.1397;-0.0490;0.0000;77;71;-0.0769;0.0208;-0.0949;0.0020;-0.0127;0.0000;0.2047
916.0;1.1090;1.1374;-0.1850;0.0000;75;73;0.0061;0.0208;-0.0949;0.0088;-0.0127;0.0000;0.2047
916.5;1.1053;1.1346;-0.1095;0.0000;77;71;-0.0769;0.0208;-0.0949;0.0049;-0.0127;0.0000;0.1969
917.0;1.1007;1.1323;-0.0765;0.0000;77;71;-0.0769;0.0223;-0.0949;0.0029;-0.0127;0.0000;0.1969
917.5;1.0966;1.1296;-0.1080;0.0000;77;71;0.0818;0.0237;-0.0935;0.0049;-0.0127;0.0000;0.1969
918.0;1.0966;1.1273;-0.0865;0.0000;75;71;0.0012;0.0223;-0.0935;0.0039;-0.0127;0.0000;0.1969
918.5;1.0925;1.1245;-0.2835;0.0000;73;73;0.0085;0.0237;-0.0935;0.0127;-0.0127;0.0000;0.1969
919.0;1.0847;1.1223;-0.1170;0.0000;75;71;0.0037;0.0281;-0.0935;0.0049;-0.0127;0.0000;0.1969
919.5;1.0884;1.1200;-0.2550;0.0000;75;73;-0.0696;0.0223;-0.0920;0.0117;-0.0127;0.0000;0.1969
920.0;1.0856;1.1172;-0.0450;0.0000;77;69;0.0012;0.0237;-0.0920;0.0020;-0.0127;0.0000;0.1969
920.5;1.0820;1.1149;-0.2320;0.0000;75;71;-0.1502;0.0237;-0.0920;0.0108;-0.0117;0.0000;0.1969
921.0;1.0788;1.1122;-0.2260;0.0000;73;71;0.0842;0.0237;-0.0920;0.0108;-0.0117;0.0000;0.1969
921.5;1.0755;1.1099;-0.2825;0.0000;73;71;-0.0696;0.0252;-0.0905;0.0127;-0.0117;0.0000;0.1969
922.0;1.0765;1.1071;-0.1765;0.0000;73;71;0.0061;0.0223;-0.0905;0.0078;-0.0117;0.0000;0.1969
922.5;1.0733;1.1049;-0.0130;0.0000;75;69;-0.0794;0.0223;-0.0905;-0.0000;-0.0117;0.0000;0.1969
923.0;1.0742;1.1021;-0.1930;0.0000;73;69;0.0061;0.0208;-0.0905;0.0088;-0.0117;0.0000;0.1969
923.5;1.0719;1.0998;-0.0745;0.0000;75;69;-0.0769;0.0208;-0.0905;0.0029;-0.0117;0.0000;0.1969
924.0;1.0705;1.0971;-0.3160;0.0000;71;71;0.0110;0.0193;-0.0891;0.0147;-0.0117;0.0000;0.1969
924.5;1.0687;1.0948;-0.2085;0.0000;73;69;-0.0720;0.0193;-0.0891;0.0098;-0.0117;0.0000;0.1969
925.0;1.0668;1.0920;-0.2980;0.0000;71;69;-0.0696;0.0179;-0.0891;0.0137;-0.0117;0.0000;0.1890
925.5;1.0636;1.0897;-0.1415;0.0000;73;67;0.0037;0.0193;-0.0891;0.0059;-0.0117;0.0000;0.1890
926.0;1.0623;1.0875;-0.1940;0.0000;73;67;-0.0720;0.0179;-0.0891;0.0088;-0.0117;0.0000;0.1890
926.5;1.0563;1.0847;-0.2575;0.0000;73;69;0.0085;0.0208;-0.0891;0.0117;-0.0117;0.0000;0.1890
927.0;1.0545;1.0824;-0.2835;0.0000;71;69;0.0085;0.0208;-0.0876;0.0127;-0.0117;0.0000;0.1890
927.5;1.0485;1.0797;-0.2625;0.0000;71;69;0.0085;0.0223;-0.0876;0.0117;-0.0117;0.0000;0.1890
928.0;1.0508;1.0774;-0.0440;0.0000;73;67;0.0012;0.0193;-0.0876;0.0020;-0.0117;0.0000;0.1890
928.5;1.0490;1.0746;-0.1870;0.0000;71;67;0.0061;0.0193;-0.0876;0.0088;-0.0117;0.0000;0.1890
929.0;1.0385;1.0723;-0.0210;0.0000;75;65;-0.0012;0.0252;-0.0876;0.0010;-0.0117;0.0000;0.1890
929.5;1.0380;1.0696;-0.2230;0.0000;71;67;-0.0720;0.0223;-0.0861;0.0098;-0.0117;0.0000;0.1890
930.0;1.0362;1.0673;-0.1310;0.0000;73;67;0.0818;0.0223;-0.0861;0.0059;-0.0117;0.0000;0.1890
930.5;1.0362;1.0646;-0.1755;0.0000;71;67;-0.0745;0.0208;-0.0861;0.0078;-0.0117;0.0000;0.1890
931.0;1.0353;1.0623;-0.1700;0.0000;71;67;0.0818;0.0193;-0.0861;0.0078;-0.0117;0.0000;0.1890
931.5;1.0307;1.0595;-0.2505;0.0000;69;69;-0.0696;0.0208;-0.0861;0.0117;-0.0117;0.0000;0.1890
932.0;1.0298;1.0572;-0.3345;0.0000;69;69;0.0891;0.0193;-0.0847;0.0156;-0.0117;0.0000;0.1890
932.5;1.0252;1.0549;-0.3255;0.0000;69;69;-0.0672;0.0208;-0.0847;0.0147;-0.0108;0.0000;0.1890
933.0;1.0206;1.0522;-0.3295;0.0000;69;69;0.0110;0.0237;-0.0847;0.0156;-0.0108;0.0000;0.1890
933.5;1.0160;1.0499;-0.1390;0.0000;71;67;0.0037;0.0237;-0.0847;0.0059;-0.0108;0.0000;0.1890
934.0;1.0156;1.0472;-0.2175;0.0000;69;69;0.0061;0.0223;-0.0847;0.0098;-0.0108;0.0000;0.1811
934.5;1.0124;1.0449;-0.0680;0.0000;71;67;0.0012;0.0237;-0.0832;0.0029;-0.0108;0.0000;0.1811
935.0;1.0082;1.0421;-0.2060;0.0000;69;69;0.0061;0.0252;-0.0832;0.0098;-0.0108;0.0000;0.1811
935.5;1.0133;1.0398;-0.0440;0.0000;69;65;0.0012;0.0193;-0.0832;0.0020;-0.0108;0.0000;0.1811
936.0;1.0096;1.0371;-0.0245;0.0000;69;65;-0.0012;0.0193;-0.0832;0.0010;-0.0108;0.0000;0.1811
936.5;1.0060;1.0348;0.0380;0.0000;71;65;-0.0037;0.0208;-0.0832;-0.0020;-0.0108;0.0000;0.1811
937.0;1.0064;1.0321;0.0020;0.0000;69;65;-0.0012;0.0179;-0.0817;-0.0010;-0.0108;0.0000;0.1811
937.5;0.9991;1.0298;-0.0670;0.0000;69;65;0.0012;0.0223;-0.0817;0.0029;-0.0108;0.0000;0.1811
938.0;0.9950;1.0275;-0.0470;0.0000;69;65;0.0012;0.0237;-0.0817;0.0020;-0.0108;0.0000;0.1811
938.5;0.9881;1.0247;-0.1570;0.0000;67;67;0.0818;0.0267;-0.0817;0.0068;-0.0108;0.0000;0.1811
939.0;0.9785;1.0224;-0.1475;0.0000;69;67;-0.0745;0.0325;-0.0803;0.0068;-0.0108;0.0000;0.1811
939.5;0.9753;1.0197;-0.2335;0.0000;67;69;0.0061;0.0325;-0.0803;0.0108;-0.0108;0.0000;0.1811
940.0;0.9707;1.0174;-0.1565;0.0000;69;69;0.0818;0.0340;-0.0803;0.0068;-0.0108;0.0000;0.1811
940.5;0.9730;1.0147;-0.1850;0.0000;67;67;-0.0720;0.0311;-0.0788;0.0088;-0.0108;0.0000;0.1811
941.0;0.9716;1.0124;-0.0580;0.0000;69;67;0.0012;0.0296;-0.0788;0.0020;-0.0108;0.0000;0.1811
941.5;0.9693;1.0096;-0.0700;0.0000;69;67;0.0012;0.0296;-0.0788;0.0029;-0.0108;0.0000;0.1811
942.0;0.9721;1.0073;-0.0885;0.0000;67;67;0.0794;0.0252;-0.0788;0.0039;-0.0108;0.0000;0.1811
942.5;0.9625;1.0046;-0.0945;0.0000;69;67;0.0012;0.0311;-0.0774;0.0039;-0.0108;0.0000;0.1732
943.0;0.9597;1.0023;-0.1420;0.0000;67;67;0.0037;0.0311;-0.0774;0.0059;-0.0108;0.0000;0.1732
943.5;0.9560;0.9995;-0.0950;0.0000;67;67;0.0012;0.0325;-0.0774;0.0039;-0.0108;0.0000;0.1732
944.0;0.9515;0.9973;-0.1220;0.0000;67;67;0.0818;0.0340;-0.0759;0.0049;-0.0108;0.0000;0.1732
944.5;0.9464;0.9950;-0.0615;0.0000;69;67;0.0012;0.0355;-0.0759;0.0029;-0.0108;0.0000;0.1732
945.0;0.9464;0.9922;-0.1220;0.0000;67;67;0.0037;0.0340;-0.0759;0.0049;-0.0108;0.0000;0.1732
945.5;0.9460;0.9899;-0.1080;0.0000;67;67;0.0037;0.0325;-0.0759;0.0049;-0.0108;0.0000;0.1732
946.0;0.9455;0.9872;-0.1430;0.0000;67;67;0.0037;0.0311;-0.0744;0.0068;-0.0108;0.0000;0.1732
946.5;0.9414;0.9849;-0.1140;0.0000;67;65;-0.0745;0.0325;-0.0744;0.0049;-0.0108;0.0000;0.1732
947.0;0.9373;0.9821;-0.1155;0.0000;67;67;0.0818;0.0325;-0.0744;0.0049;-0.0108;0.0000;0.1732
947.5;0.9322;0.9799;-0.0990;0.0000;67;67;0.0012;0.0355;-0.0730;0.0039;-0.0108;0.0000;0.1732
948.0;0.9290;0.9771;-0.0820;0.0000;67;67;0.0794;0.0355;-0.0730;0.0039;-0.0108;0.0000;0.1732
948.5;0.9254;0.9748;-0.0615;0.0000;67;67;0.0794;0.0369;-0.0730;0.0029;-0.0108;0.0000;0.1732
949.0;0.9222;0.9721;0.0300;0.0000;69;65;-0.0794;0.0369;-0.0715;-0.0020;-0.0108;0.0000;0.1732
949.5;0.9199;0.9698;-0.0110;0.0000;67;65;0.0769;0.0369;-0.0715;-0.0000;-0.0108;0.0000;0.1732
950.0;0.9167;0.9670;0.0180;0.0000;67;65;0.0769;0.0369;-0.0715;-0.0010;-0.0108;0.0000;0.1732
950.5;0.9180;0.9647;-0.0025;0.0000;67;65;-0.0012;0.0340;-0.0700;-0.0000;-0.0108;0.0000;0.1732
951.0;0.9107;0.9625;0.0360;0.0000;69;65;-0.0037;0.0384;-0.0700;-0.0020;-0.0108;0.0000;0.1732
951.5;0.9084;0.9597;-0.0740;0.0000;67;67;0.0794;0.0384;-0.0700;0.0029;-0.0108;0.0000;0.1654
952.0;0.9116;0.9574;-0.0470;0.0000;67;65;0.0794;0.0340;-0.0686;0.0020;-0.0108;0.0000;0.1654
952.5;0.9061;0.9547;-0.0665;0.0000;67;67;-0.0769;0.0355;-0.0686;0.0029;-0.0108;0.0000;0.1654
953.0;0.9002;0.9524;-0.0605;0.0000;67;65;0.0012;0.0384;-0.0686;0.0020;-0.0108;0.0000;0.1654
953.5;0.8974;0.9496;-0.1100;0.0000;65;67;0.0818;0.0384;-0.0671;0.0049;-0.0108;0.0000;0.1654
954.0;0.9006;0.9473;-0.1180;0.0000;65;65;0.0037;0.0340;-0.0671;0.0049;-0.0108;0.0000;0.1654
954.5;0.8947;0.9446;-0.0605;0.0000;67;65;0.0012;0.0369;-0.0671;0.0020;-0.0108;0.0000;0.1654
955.0;0.8970;0.9423;-0.0430;0.0000;67;65;0.0012;0.0325;-0.0656;0.0020;-0.0108;0.0000;0.1654
955.5;0.8951;0.9396;-0.0090;0.0000;67;65;-0.0012;0.0325;-0.0656;-0.0000;-0.0108;0.0000;0.1654
956.0;0.8933;0.9373;-0.0155;0.0000;65;65;0.0769;0.0325;-0.0656;-0.0000;-0.0108;0.0000;0.1654
956.5;0.8915;0.9345;0.0440;0.0000;67;64;-0.0037;0.0311;-0.0642;-0.0029;-0.0108;0.0000;0.1654
957.0;0.8860;0.9322;-0.0015;0.0000;67;64;-0.0012;0.0340;-0.0642;-0.0000;-0.0108;0.0000;0.1654
957.5;0.8805;0.9299;0.0020;0.0000;67;64;-0.0012;0.0355;-0.0642;-0.0010;-0.0108;0.0000;0.1654
958.0;0.8796;0.9272;0.0115;0.0000;67;64;-0.0012;0.0355;-0.0627;-0.0010;-0.0108;0.0000;0.1654
958.5;0.8745;0.9249;-0.0285;0.0000;65;65;0.0769;0.0369;-0.0627;0.0010;-0.0108;0.0000;0.1654
959.0;0.8700;0.9222;-0.0060;0.0000;65;65;-0.0012;0.0384;-0.0627;-0.0000;-0.0108;0.0000;0.1654
959.5;0.8654;0.9199;-0.0490;0.0000;65;65;0.0012;0.0398;-0.0612;0.0020;-0.0108;0.0000;0.1654
960.0;0.8654;0.9171;0.0375;0.0000;65;64;0.0745;0.0384;-0.0612;-0.0020;-0.0108;0.0000;0.1575
960.5;0.8613;0.9148;-0.0240;0.0000;65;65;-0.0794;0.0398;-0.0612;0.0010;-0.0108;0.0000;0.1575
961.0;0.8608;0.9121;0.0685;0.0000;65;64;0.0745;0.0384;-0.0598;-0.0039;-0.0108;0.0000;0.1575
961.5;0.8562;0.9098;-0.0010;0.0000;65;65;-0.0012;0.0398;-0.0598;-0.0000;-0.0108;0.0000;0.1575
962.0;0.8599;0.9071;0.0910;0.0000;67;64;-0.0037;0.0355;-0.0598;-0.0049;-0.0108;0.0000;0.1575
962.5;0.8530;0.9048;-0.0200;0.0000;65;65;-0.0012;0.0384;-0.0583;-0.0000;-0.0108;0.0000;0.1575
963.0;0.8521;0.9025;0.0750;0.0000;65;64;0.0745;0.0369;-0.0583;-0.0039;-0.0108;0.0000;0.1575
963.5;0.8498;0.8997;0.0660;0.0000;65;64;-0.0037;0.0369;-0.0583;-0.0039;-0.0108;0.0000;0.1575
964.0;0.8462;0.8974;-0.0325;0.0000;65;64;-0.0794;0.0369;-0.0568;0.0010;-0.0108;0.0000;0.1575
964.5;0.8434;0.8947;-0.0245;0.0000;65;64;0.0769;0.0384;-0.0568;0.0010;-0.0108;0.0000;0.1575
965.0;0.8402;0.8924;-0.0015;0.0000;65;64;-0.0012;0.0384;-0.0554;-0.0000;-0.0108;0.0000;0.1575
965.5;0.8375;0.8897;0.0755;0.0000;65;64;-0.0037;0.0384;-0.0554;-0.0039;-0.0108;0.0000;0.1575
966.0;0.8347;0.8874;0.0115;0.0000;65;64;-0.0012;0.0384;-0.0554;-0.0010;-0.0108;0.0000;0.1575
966.5;0.8310;0.8846;0.0795;0.0000;67;62;-0.0037;0.0398;-0.0539;-0.0039;-0.0108;0.0000;0.1575
967.0;0.8292;0.8823;0.0315;0.0000;65;64;-0.0012;0.0384;-0.0539;-0.0020;-0.0108;0.0000;0.1575
967.5;0.8260;0.8796;0.0955;0.0000;67;62;-0.0037;0.0398;-0.0539;-0.0049;-0.0108;0.0000;0.1575
968.0;0.8205;0.8773;0.0225;0.0000;65;64;0.0769;0.0413;-0.0524;-0.0020;-0.0108;0.0000;0.1575
968.5;0.8187;0.8745;0.0330;0.0000;65;64;-0.0012;0.0413;-0.0524;-0.0020;-0.0108;0.0000;0.1575
969.0;0.8127;0.8723;-0.0115;0.0000;65;64;-0.0794;0.0442;-0.0510;-0.0000;-0.0108;0.0000;0.1496
969.5;0.8114;0.8700;-0.1035;0.0000;65;64;0.0012;0.0428;-0.0510;0.0049;-0.0108;0.0000;0.1496
970.0;0.8100;0.8672;-0.1260;0.0000;65;64;0.0037;0.0428;-0.0510;0.0059;-0.0108;0.0000;0.1496
970.5;0.8086;0.8649;-0.2030;0.0000;64;64;0.0061;0.0413;-0.0495;0.0088;-0.0108;0.0000;0.1496
971.0;0.8027;0.8622;-0.1370;0.0000;65;64;-0.0745;0.0442;-0.0495;0.0059;-0.0108;0.0000;0.1496
971.5;0.8022;0.8599;-0.1600;0.0000;65;64;0.0037;0.0428;-0.0495;0.0068;-0.0108;0.0000;0.1496
972.0;0.8008;0.8571;-0.1140;0.0000;65;64;0.0037;0.0413;-0.0481;0.0049;-0.0098;0.0000;0.1496
972.5;0.7921;0.8549;-0.1430;0.0000;65;64;0.0037;0.0457;-0.0481;0.0068;-0.0098;0.0000;0.1496
973.0;0.7917;0.8521;-0.0935;0.0000;65;64;0.0012;0.0442;-0.0466;0.0039;-0.0098;0.0000;0.1496
973.5;0.7949;0.8498;0.0155;0.0000;65;62;0.0769;0.0398;-0.0466;-0.0010;-0.0098;0.0000;0.1496
974.0;0.7908;0.8471;0.0260;0.0000;65;62;-0.0794;0.0413;-0.0466;-0.0020;-0.0098;0.0000;0.1496
974.5;0.7903;0.8448;0.0835;0.0000;65;60;-0.0037;0.0398;-0.0451;-0.0049;-0.0098;0.0000;0.1496
975.0;0.7898;0.8420;0.0550;0.0000;65;60;-0.0037;0.0384;-0.0451;-0.0029;-0.0098;0.0000;0.1496
975.5;0.7875;0.8397;0.0755;0.0000;65;60;-0.0037;0.0384;-0.0437;-0.0039;-0.0098;0.0000;0.1496
976.0;0.7848;0.8375;0.0590;0.0000;65;62;0.0745;0.0384;-0.0437;-0.0029;-0.0108;0.0000;0.1496
976.5;0.7802;0.8347;0.0255;0.0000;65;62;-0.0794;0.0398;-0.0437;-0.0020;-0.0108;0.0000;0.1496
977.0;0.7724;0.8324;-0.0755;0.0000;65;62;0.0012;0.0442;-0.0422;0.0029;-0.0108;0.0000;0.1496
977.5;0.7734;0.8297;-0.1005;0.0000;64;62;0.0012;0.0413;-0.0422;0.0039;-0.0098;0.0000;0.1417
978.0;0.7738;0.8274;-0.1955;0.0000;64;64;0.0061;0.0398;-0.0422;0.0088;-0.0098;0.0000;0.1417
978.5;0.7701;0.8246;-0.1640;0.0000;64;62;0.0818;0.0398;-0.0407;0.0078;-0.0098;0.0000;0.1417
979.0;0.7669;0.8223;-0.1820;0.0000;64;62;0.0061;0.0413;-0.0407;0.0078;-0.0098;0.0000;0.1417
979.5;0.7637;0.8196;-0.1635;0.0000;64;62;0.0037;0.0413;-0.0393;0.0078;-0.0098;0.0000;0.1417
980.0;0.7569;0.8173;-0.1460;0.0000;64;64;0.0037;0.0442;-0.0393;0.0068;-0.0098;0.0000;0.1417
980.5;0.7491;0.8146;-0.1575;0.0000;64;64;0.0037;0.0486;-0.0393;0.0068;-0.0098;0.0000;0.1417
981.0;0.7518;0.8123;-0.0125;0.0000;64;62;-0.0012;0.0442;-0.0378;-0.0000;-0.0098;0.0000;0.1417
981.5;0.7486;0.8095;-0.0525;0.0000;64;62;0.0794;0.0457;-0.0378;0.0020;-0.0098;0.0000;0.1417
982.0;0.7431;0.8072;0.0155;0.0000;65;62;-0.0012;0.0472;-0.0363;-0.0010;-0.0098;0.0000;0.1417
982.5;0.7450;0.8049;-0.0115;0.0000;64;62;-0.0012;0.0442;-0.0363;-0.0000;-0.0098;0.0000;0.1417
983.0;0.7431;0.8022;0.0315;0.0000;64;62;0.0769;0.0442;-0.0349;-0.0020;-0.0098;0.0000;0.1417
983.5;0.7450;0.7999;-0.0275;0.0000;64;62;-0.0012;0.0398;-0.0349;0.0010;-0.0098;0.0000;0.1417
984.0;0.7468;0.7972;-0.0300;0.0000;64;60;-0.0012;0.0369;-0.0349;0.0010;-0.0098;0.0000;0.1417
984.5;0.7408;0.7949;0.0450;0.0000;64;60;-0.0037;0.0398;-0.0334;-0.0029;-0.0098;0.0000;0.1417
985.0;0.7427;0.7921;0.0485;0.0000;64;60;-0.0037;0.0369;-0.0334;-0.0029;-0.0098;0.0000;0.1417
985.5;0.7404;0.7898;0.1005;0.0000;64;60;0.0745;0.0369;-0.0334;-0.0049;-0.0098;0.0000;0.1417
986.0;0.7349;0.7871;0.0700;0.0000;64;60;-0.0037;0.0384;-0.0319;-0.0039;-0.0098;0.0000;0.1417
986.5;0.7326;0.7848;0.1535;0.0000;64;58;0.0720;0.0384;-0.0319;-0.0078;-0.0098;0.0000;0.1339
987.0;0.7321;0.7821;0.0910;0.0000;64;58;-0.0818;0.0369;-0.0319;-0.0049;-0.0098;0.0000;0.1339
987.5;0.7266;0.7798;0.1495;0.0000;64;58;-0.0061;0.0398;-0.0305;-0.0078;-0.0098;0.0000;0.1339
988.0;0.7294;0.7775;0.1330;0.0000;64;58;-0.0061;0.0355;-0.0305;-0.0068;-0.0098;0.0000;0.1339
988.5;0.7244;0.7747;0.1380;0.0000;64;58;-0.0061;0.0369;-0.0305;-0.0068;-0.0098;0.0000;0.1339
989.0;0.7271;0.7724;0.0660;0.0000;62;58;-0.0037;0.0340;-0.0290;-0.0039;-0.0098;0.0000;0.1339
989.5;0.7212;0.7697;-0.0050;0.0000;62;58;-0.0012;0.0355;-0.0290;-0.0000;-0.0098;0.0000;0.1339
990.0;0.7202;0.7674;0.0370;0.0000;62;58;-0.0818;0.0340;-0.0290;-0.0020;-0.0098;0.0000;0.1339
990.5;0.7161;0.7647;-0.0005;0.0000;62;58;-0.0012;0.0355;-0.0275;-0.0000;-0.0098;0.0000;0.1339
991.0;0.7106;0.7624;0.0535;0.0000;64;58;0.0745;0.0384;-0.0275;-0.0029;-0.0098;0.0000;0.1339
991.5;0.7074;0.7596;-0.0295;0.0000;62;58;-0.0012;0.0384;-0.0275;0.0010;-0.0098;0.0000;0.1339
992.0;0.7033;0.7573;-0.0250;0.0000;62;58;-0.0012;0.0398;-0.0261;0.0010;-0.0098;0.0000;0.1339
992.5;0.6992;0.7546;-0.1265;0.0000;62;60;0.0818;0.0413;-0.0261;0.0059;-0.0098;0.0000;0.1339
993.0;0.6996;0.7523;-0.0835;0.0000;62;58;-0.0769;0.0384;-0.0261;0.0039;-0.0098;0.0000;0.1339
993.5;0.6955;0.7495;-0.0810;0.0000;62;58;0.0012;0.0398;-0.0246;0.0029;-0.0098;0.0000;0.1339
994.0;0.6960;0.7473;-0.1245;0.0000;62;58;-0.0745;0.0369;-0.0246;0.0059;-0.0098;0.0000;0.1339
994.5;0.6923;0.7450;-0.1070;0.0000;62;58;0.0037;0.0384;-0.0231;0.0049;-0.0098;0.0000;0.1339
995.0;0.6850;0.7422;-0.0760;0.0000;62;58;-0.0769;0.0428;-0.0231;0.0029;-0.0098;0.0000;0.1260
995.5;0.6781;0.7399;0.0770;0.0000;64;56;-0.0037;0.0457;-0.0231;-0.0039;-0.0098;0.0000;0.1260
996.0;0.6754;0.7372;0.0715;0.0000;64;56;-0.0037;0.0457;-0.0217;-0.0039;-0.0098;0.0000;0.1260
996.5;0.6767;0.7349;0.1165;0.0000;64;56;-0.0842;0.0428;-0.0217;-0.0059;-0.0098;0.0000;0.1260
997.0;0.6745;0.7321;0.0200;0.0000;64;56;-0.0012;0.0428;-0.0202;-0.0020;-0.0098;0.0000;0.1260
997.5;0.6561;0.7299;-0.0190;0.0000;65;58;0.0769;0.0545;-0.0202;-0.0000;-0.0098;0.0000;0.1260
998.0;0.6584;0.7271;-0.0955;0.0000;64;58;-0.0769;0.0516;-0.0188;0.0039;-0.0098;0.0000;0.1260
998.5;0.6566;0.7248;-0.1565;0.0000;64;58;0.0037;0.0501;-0.0188;0.0068;-0.0098;0.0000;0.1260
999.0;0.6543;0.7221;-0.1555;0.0000;64;58;0.0037;0.0501;-0.0188;0.0068;-0.0098;0.0000;0.1260
999.5;0.6571;0.7198;-0.2565;0.0000;62;60;0.0867;0.0457;-0.0173;0.0117;-0.0098;0.0000;0.1260
1000.0;0.6557;0.7170;-0.2420;0.0000;62;60;0.0061;0.0457;-0.0173;0.0108;-0.0098;0.0000;0.1260
1000.5;0.6538;0.7147;-0.2770;0.0000;60;60;0.0085;0.0442;-0.0158;0.0127;-0.0098;0.0000;0.1260
1001.0;0.6529;0.7125;-0.1970;0.0000;60;58;0.0061;0.0442;-0.0158;0.0088;-0.0098;0.0000;0.1260
1001.5;0.6557;0.7097;-0.2125;0.0000;60;58;0.0061;0.0398;-0.0144;0.0098;-0.0098;0.0000;0.1260
1002.0;0.6502;0.7074;-0.1125;0.0000;62;58;-0.0745;0.0413;-0.0144;0.0049;-0.0098;0.0000;0.1260
1002.5;0.6488;0.7047;-0.0965;0.0000;62;58;0.0012;0.0413;-0.0144;0.0039;-0.0098;0.0000;0.1260
1003.0;0.6516;0.7024;-0.0490;0.0000;62;56;-0.0769;0.0369;-0.0129;0.0020;-0.0098;0.0000;0.1260
1003.5;0.6465;0.6996;-0.0550;0.0000;62;56;0.0012;0.0398;-0.0129;0.0020;-0.0098;0.0000;0.1260
1004.0;0.6484;0.6973;-0.0190;0.0000;62;54;-0.0794;0.0355;-0.0129;-0.0000;-0.0098;0.0000;0.1181
1004.5;0.6438;0.6946;0.0155;0.0000;62;54;-0.0794;0.0369;-0.0114;-0.0010;-0.0098;0.0000;0.1181
1005.0;0.6465;0.6923;-0.1745;0.0000;60;56;0.0842;0.0340;-0.0114;0.0078;-0.0098;0.0000;0.1181
1005.5;0.6419;0.6896;-0.2090;0.0000;60;56;-0.0720;0.0355;-0.0114;0.0098;-0.0098;0.0000;0.1181
1006.0;0.6415;0.6873;-0.3630;0.0000;58;58;0.0110;0.0340;-0.0100;0.0166;-0.0098;0.0000;0.1181
1006.5;0.6406;0.6845;-0.3665;0.0000;56;58;0.0891;0.0325;-0.0100;0.0166;-0.0098;0.0000;0.1181
1007.0;0.6355;0.6822;-0.4255;0.0000;56;58;0.0134;0.0340;-0.0100;0.0196;-0.0098;0.0000;0.1181
1007.5;0.6273;0.6799;-0.4005;0.0000;56;60;-0.0647;0.0384;-0.0085;0.0186;-0.0098;0.0000;0.1181
1008.0;0.6232;0.6772;-0.4170;0.0000;56;60;0.0916;0.0398;-0.0085;0.0196;-0.0088;0.0000;0.1181
1008.5;0.6232;0.6749;-0.4170;0.0000;56;60;-0.0647;0.0384;-0.0085;0.0196;-0.0088;0.0000;0.1181
1009.0;0.6232;0.6722;-0.3230;0.0000;56;58;0.0110;0.0355;-0.0070;0.0147;-0.0088;0.0000;0.1181
1009.5;0.6236;0.6699;-0.2860;0.0000;56;58;0.0085;0.0340;-0.0070;0.0137;-0.0088;0.0000;0.1181
1010.0;0.6236;0.6671;-0.1485;0.0000;56;56;0.0037;0.0325;-0.0070;0.0068;-0.0088;0.0000;0.1181
1010.5;0.6195;0.6648;-0.2250;0.0000;56;56;-0.0720;0.0325;-0.0056;0.0108;-0.0088;0.0000;0.1181
1011.0;0.6241;0.6621;-0.1250;0.0000;56;56;0.0818;0.0281;-0.0056;0.0059;-0.0088;0.0000;0.1181
1011.5;0.6200;0.6598;-0.1345;0.0000;56;54;-0.0745;0.0296;-0.0056;0.0059;-0.0088;0.0000;0.1181
1012.0;0.6204;0.6571;-0.0805;0.0000;56;54;0.0012;0.0267;-0.0056;0.0029;-0.0088;0.0000;0.1181
1012.5;0.6168;0.6548;-0.1245;0.0000;56;54;0.0037;0.0281;-0.0041;0.0059;-0.0088;0.0000;0.1102
1013.0;0.6126;0.6525;-0.1100;0.0000;56;54;-0.0745;0.0296;-0.0041;0.0049;-0.0088;0.0000;0.1102
1013.5;0.6126;0.6497;-0.2015;0.0000;56;54;0.0061;0.0267;-0.0041;0.0088;-0.0088;0.0000;0.1102
1014.0;0.6103;0.6474;-0.2495;0.0000;54;56;0.0061;0.0267;-0.0041;0.0117;-0.0088;0.0000;0.1102
1014.5;0.6026;0.6447;-0.2810;0.0000;54;56;-0.0696;0.0311;-0.0026;0.0127;-0.0088;0.0000;0.1102
1015.0;0.6007;0.6424;-0.3490;0.0000;54;56;0.0891;0.0311;-0.0026;0.0166;-0.0088;0.0000;0.1102
1015.5;0.6021;0.6397;-0.2940;0.0000;54;56;0.0085;0.0281;-0.0026;0.0137;-0.0088;0.0000;0.1102
1016.0;0.6030;0.6374;-0.2945;0.0000;52;56;0.0085;0.0252;-0.0026;0.0137;-0.0088;0.0000;0.1102
1016.5;0.6044;0.6346;-0.1580;0.0000;54;54;0.0037;0.0223;-0.0012;0.0068;-0.0088;0.0000;0.1102
1017.0;0.6016;0.6323;-0.0345;0.0000;56;52;-0.0794;0.0223;-0.0012;0.0010;-0.0088;0.0000;0.1102
1017.5;0.5989;0.6296;0.1270;0.0000;56;50;-0.0061;0.0223;-0.0012;-0.0068;-0.0088;0.0000;0.1102
1018.0;0.5957;0.6273;0.2165;0.0000;58;48;-0.0867;0.0237;-0.0012;-0.0108;-0.0088;0.0000;0.1102
1018.5;0.5975;0.6245;0.1975;0.0000;58;48;-0.0085;0.0193;-0.0012;-0.0098;-0.0088;0.0000;0.1102
1019.0;0.5943;0.6223;0.1780;0.0000;56;48;-0.0867;0.0208;0.0003;-0.0088;-0.0088;0.0000;0.1102
1019.5;0.5929;0.6200;0.0455;0.0000;56;48;-0.0818;0.0193;0.0003;-0.0029;-0.0088;0.0000;0.1102
1020.0;0.5943;0.6172;-0.0440;0.0000;54;50;0.0012;0.0164;0.0003;0.0020;-0.0088;0.0000;0.1102
1020.5;0.5962;0.6149;-0.2160;0.0000;52;50;0.0061;0.0135;0.0003;0.0098;-0.0088;0.0000;0.1102
1021.0;0.5934;0.6122;-0.2285;0.0000;52;50;-0.0720;0.0135;0.0003;0.0108;-0.0088;0.0000;0.1102
1021.5;0.5911;0.6099;-0.2935;0.0000;50;52;0.0867;0.0135;0.0003;0.0137;-0.0088;0.0000;0.1024
1022.0;0.5888;0.6071;-0.2395;0.0000;50;50;-0.0720;0.0135;0.0018;0.0108;-0.0088;0.0000;0.1024
1022.5;0.5824;0.6049;-0.2510;0.0000;50;50;0.0085;0.0164;0.0018;0.0117;-0.0088;0.0000;0.1024
1023.0;0.5810;0.6021;-0.0950;0.0000;52;48;-0.0769;0.0149;0.0018;0.0039;-0.0088;0.0000;0.1024
1023.5;0.5797;0.5998;-0.0020;0.0000;52;46;-0.0794;0.0149;0.0018;-0.0000;-0.0088;0.0000;0.1024
1024.0;0.5737;0.5971;-0.0325;0.0000;52;48;-0.0012;0.0164;0.0018;0.0010;-0.0088;0.0000;0.1024
1024.5;0.5687;0.5948;-0.0210;0.0000;52;48;-0.0794;0.0193;0.0018;0.0010;-0.0088;0.0000;0.1024
1025.0;0.5632;0.5920;-0.0775;0.0000;52;48;0.0012;0.0208;0.0018;0.0029;-0.0078;0.0000;0.1024
1025.5;0.5586;0.5897;-0.0035;0.0000;52;48;-0.0012;0.0223;0.0032;-0.0000;-0.0078;0.0000;0.1024
1026.0;0.5582;0.5875;-0.1135;0.0000;52;48;-0.0745;0.0208;0.0032;0.0049;-0.0078;0.0000;0.1024
1026.5;0.5572;0.5847;-0.1325;0.0000;50;48;0.0818;0.0193;0.0032;0.0059;-0.0078;0.0000;0.1024
1027.0;0.5522;0.5824;-0.2510;0.0000;50;50;-0.0696;0.0223;0.0032;0.0117;-0.0078;0.0000;0.1024
1027.5;0.5485;0.5797;-0.2045;0.0000;50;50;0.0061;0.0223;0.0047;0.0098;-0.0078;0.0000;0.1024
1028.0;0.5444;0.5774;-0.2230;0.0000;50;50;0.0061;0.0237;0.0047;0.0098;-0.0078;0.0000;0.1024
1028.5;0.5408;0.5746;-0.1345;0.0000;50;48;0.0037;0.0252;0.0047;0.0059;-0.0078;0.0000;0.1024
1029.0;0.5371;0.5723;-0.1185;0.0000;50;48;0.0037;0.0252;0.0047;0.0049;-0.0078;0.0000;0.1024
1029.5;0.5339;0.5696;-0.1425;0.0000;50;48;0.0037;0.0267;0.0047;0.0059;-0.0078;0.0000;0.1024
1030.0;0.5343;0.5673;-0.0350;0.0000;52;48;-0.0794;0.0237;0.0062;0.0010;-0.0078;0.0000;0.0945
1030.5;0.5311;0.5646;-0.1025;0.0000;50;48;0.0012;0.0237;0.0062;0.0049;-0.0078;0.0000;0.0945
1031.0;0.5279;0.5623;-0.0610;0.0000;50;48;0.0012;0.0252;0.0062;0.0020;-0.0078;0.0000;0.0945
1031.5;0.5252;0.5595;-0.1080;0.0000;50;48;0.0037;0.0252;0.0062;0.0049;-0.0078;0.0000;0.0945
1032.0;0.5220;0.5572;-0.0405;0.0000;50;48;0.0012;0.0252;0.0076;0.0010;-0.0078;0.0000;0.0945
1032.5;0.5234;0.5549;-0.0625;0.0000;50;46;-0.0769;0.0223;0.0076;0.0029;-0.0078;0.0000;0.0945
1033.0;0.5165;0.5522;-0.0950;0.0000;50;48;0.0794;0.0267;0.0076;0.0039;-0.0078;0.0000;0.0945
1033.5;0.5147;0.5499;-0.1475;0.0000;48;48;0.0037;0.0252;0.0076;0.0068;-0.0078;0.0000;0.0945
1034.0;0.5124;0.5472;-0.1530;0.0000;48;48;0.0037;0.0252;0.0091;0.0068;-0.0078;0.0000;0.0945
1034.5;0.5101;0.5449;-0.0520;0.0000;50;46;0.0012;0.0252;0.0091;0.0020;-0.0078;0.0000;0.0945
1035.0;0.5082;0.5421;-0.0970;0.0000;48;48;0.0012;0.0252;0.0091;0.0039;-0.0078;0.0000;0.0945
1035.5;0.5023;0.5398;-0.0095;0.0000;50;46;-0.0012;0.0281;0.0091;-0.0000;-0.0078;0.0000;0.0945
1036.0;0.4963;0.5371;-0.1115;0.0000;48;48;0.0818;0.0296;0.0105;0.0049;-0.0078;0.0000;0.0945
1036.5;0.4950;0.5348;0.0015;0.0000;50;48;-0.0012;0.0296;0.0105;-0.0010;-0.0078;0.0000;0.0945
1037.0;0.4931;0.5321;0.0455;0.0000;50;46;-0.0037;0.0281;0.0105;-0.0029;-0.0078;0.0000;0.0945
1037.5;0.4844;0.5298;0.1000;0.0000;50;46;-0.0037;0.0325;0.0105;-0.0049;-0.0078;0.0000;0.0945
1038.0;0.4831;0.5275;0.0820;0.0000;50;46;-0.0037;0.0325;0.0120;-0.0049;-0.0078;0.0000;0.0945
1038.5;0.4748;0.5247;-0.0395;0.0000;50;48;0.0012;0.0369;0.0120;0.0010;-0.0078;0.0000;0.0945
1039.0;0.4666;0.5224;-0.0490;0.0000;50;48;-0.0769;0.0413;0.0120;0.0020;-0.0078;0.0000;0.0866
1039.5;0.4629;0.5197;-0.0155;0.0000;50;48;0.0769;0.0413;0.0135;-0.0000;-0.0078;0.0000;0.0866
1040.0;0.4592;0.5174;0.1295;0.0000;52;48;0.0720;0.0428;0.0135;-0.0068;-0.0078;0.0000;0.0866
1040.5;0.4597;0.5147;0.0325;0.0000;50;48;-0.0012;0.0413;0.0149;-0.0020;-0.0078;0.0000;0.0866
1041.0;0.4597;0.5124;0.1010;0.0000;50;46;-0.0037;0.0384;0.0149;-0.0049;-0.0078;0.0000;0.0866
1041.5;0.4560;0.5096;0.0175;0.0000;50;48;0.0769;0.0398;0.0149;-0.0010;-0.0078;0.0000;0.0866
1042.0;0.4492;0.5073;0.0590;0.0000;50;48;-0.0037;0.0428;0.0164;-0.0029;-0.0078;0.0000;0.0866
1042.5;0.4455;0.5046;0.0900;0.0000;52;46;-0.0818;0.0442;0.0164;-0.0049;-0.0078;0.0000;0.0866
1043.0;0.4432;0.5023;0.1355;0.0000;52;46;0.0720;0.0428;0.0179;-0.0068;-0.0078;0.0000;0.0866
1043.5;0.4446;0.5000;0.0655;0.0000;50;48;-0.0037;0.0398;0.0179;-0.0039;-0.0078;0.0000;0.0866
1044.0;0.4418;0.5000;-0.0515;0.0000;50;48;-0.0769;0.0428;0.0179;0.0020;-0.0078;0.0000;0.0866
1044.5;0.4432;0.5000;0.0810;0.0000;52;48;-0.0037;0.0413;0.0193;-0.0039;-0.0078;0.0000;0.0866
1045.0;0.4409;0.5000;0.0095;0.0000;50;48;0.0769;0.0442;0.0193;-0.0010;-0.0078;0.0000;0.0866
1045.5;0.4382;0.5000;0.1250;0.0000;52;48;-0.0842;0.0457;0.0208;-0.0068;-0.0078;0.0000;0.0866
1046.0;0.4359;0.5000;0.0160;0.0000;52;50;0.0769;0.0472;0.0208;-0.0010;-0.0078;0.0000;0.0866
1046.5;0.4373;0.5000;0.0980;0.0000;52;48;-0.0037;0.0457;0.0208;-0.0049;-0.0078;0.0000;0.0866
1047.0;0.4309;0.5000;-0.0110;0.0000;52;50;-0.0012;0.0501;0.0223;-0.0000;-0.0078;0.0000;0.0866
1047.5;0.4332;0.5000;0.0230;0.0000;54;50;-0.0012;0.0486;0.0223;-0.0020;-0.0078;0.0000;0.0866
1048.0;0.4350;0.5000;0.0865;0.0000;54;50;-0.0037;0.0486;0.0237;-0.0049;-0.0078;0.0000;0.0866
1048.5;0.4286;0.5000;0.0695;0.0000;54;50;-0.0037;0.0530;0.0237;-0.0039;-0.0078;0.0000;0.0866
1049.0;0.4267;0.5000;0.0965;0.0000;54;50;-0.0037;0.0545;0.0252;-0.0049;-0.0078;0.0000;0.0866
1049.5;0.4249;0.5000;-0.0355;0.0000;54;52;0.0794;0.0560;0.0252;0.0010;-0.0078;0.0000;0.0866
1050.0;0.4231;0.5000;0.0600;0.0000;56;52;-0.0818;0.0560;0.0267;-0.0029;-0.0078;0.0000;0.0866
1050.5;0.4208;0.5000;-0.0275;0.0000;54;54;0.0769;0.0589;0.0267;0.0010;-0.0078;0.0000;0.0866
1051.0;0.4199;0.5000;0.0675;0.0000;56;52;-0.0818;0.0589;0.0281;-0.0039;-0.0078;0.0000;0.0866
1051.5;0.4226;0.5000;0.0365;0.0000;56;52;-0.0037;0.0574;0.0281;-0.0020;-0.0078;0.0000;0.0866
1052.0;0.4208;0.5000;-0.0190;0.0000;56;54;0.0769;0.0589;0.0296;-0.0000;-0.0078;0.0000;0.0866
1052.5;0.4153;0.5000;0.0000;0.0000;56;54;-0.0012;0.0618;0.0296;-0.0010;-0.0078;0.0000;0.0866
1053.0;0.4180;0.5000;-0.0165;0.0000;56;54;-0.0012;0.0604;0.0311;-0.0000;-0.0078;0.0000;0.0866
1053.5;0.4130;0.5000;0.0865;0.0000;58;54;-0.0037;0.0648;0.0325;-0.0049;-0.0078;0.0000;0.0866
1054.0;0.4116;0.5000;0.0165;0.0000;58;54;-0.0794;0.0648;0.0325;-0.0010;-0.0078;0.0000;0.0866
1054.5;0.4066;0.5000;0.0775;0.0000;60;54;-0.0037;0.0691;0.0340;-0.0039;-0.0078;0.0000;0.0866
1055.0;0.4057;0.5000;-0.0035;0.0000;58;56;-0.0012;0.0691;0.0355;-0.0000;-0.0078;0.0000;0.0866
1055.5;0.4011;0.5000;0.0305;0.0000;60;56;-0.0012;0.0735;0.0355;-0.0020;-0.0078;0.0000;0.0866
1056.0;0.4043;0.5000;-0.0310;0.0000;60;58;-0.0012;0.0706;0.0369;0.0010;-0.0078;0.0000;0.0866
1056.5;0.3997;0.5000;-0.0155;0.0000;60;58;-0.0012;0.0735;0.0384;-0.0000;-0.0078;0.0000;0.0866
1057.0;0.4034;0.5000;-0.1560;0.0000;58;60;0.0037;0.0721;0.0384;0.0068;-0.0078;0.0000;0.0866
1057.5;0.4071;0.5000;-0.2720;0.0000;58;60;0.0085;0.0691;0.0398;0.0127;-0.0078;0.0000;0.0866
1058.0;0.4061;0.5000;-0.2880;0.0000;58;62;0.0867;0.0691;0.0398;0.0137;-0.0078;0.0000;0.0866
1058.5;0.4052;0.5000;-0.3010;0.0000;58;62;0.0867;0.0706;0.0413;0.0137;-0.0078;0.0000;0.0866
1059.0;0.4043;0.5000;-0.2075;0.0000;58;62;0.0842;0.0706;0.0428;0.0098;-0.0078;0.0000;0.0866
1059.5;0.4038;0.5000;-0.1915;0.0000;60;62;-0.0720;0.0706;0.0428;0.0088;-0.0078;0.0000;0.0866
1060.0;0.3993;0.5000;-0.0705;0.0000;62;60;0.0012;0.0750;0.0442;0.0029;-0.0078;0.0000;0.0866
1060.5;0.4025;0.5000;-0.0510;0.0000;62;60;0.0012;0.0721;0.0457;0.0020;-0.0078;0.0000;0.0866
1061.0;0.4020;0.5000;0.0605;0.0000;62;60;-0.0037;0.0721;0.0457;-0.0029;-0.0078;0.0000;0.0866
1061.5;0.3974;0.5000;0.0805;0.0000;64;60;-0.0037;0.0765;0.0472;-0.0039;-0.0078;0.0000;0.0866
1062.0;0.4016;0.5000;0.1580;0.0000;64;60;-0.0061;0.0735;0.0486;-0.0078;-0.0078;0.0000;0.0866
1062.5;0.4006;0.5000;0.1390;0.0000;64;60;0.0720;0.0735;0.0486;-0.0068;-0.0078;0.0000;0.0866
1063.0;0.4002;0.5000;0.0610;0.0000;64;60;-0.0818;0.0735;0.0501;-0.0039;-0.0078;0.0000;0.0866
1063.5;0.4038;0.5000;-0.0050;0.0000;64;62;-0.0012;0.0706;0.0516;-0.0000;-0.0078;0.0000;0.0866
1064.0;0.4034;0.5000;-0.0880;0.0000;62;62;0.0794;0.0721;0.0516;0.0039;-0.0078;0.0000;0.0866
1064.5;0.4061;0.5000;-0.1215;0.0000;62;64;0.0037;0.0691;0.0530;0.0049;-0.0078;0.0000;0.0866
1065.0;0.4089;0.5000;-0.2035;0.0000;62;64;0.0061;0.0677;0.0545;0.0088;-0.0078;0.0000;0.0866
1065.5;0.4048;0.5000;-0.1850;0.0000;62;64;0.0061;0.0706;0.0545;0.0088;-0.0078;0.0000;0.0866
1066.0;0.4075;0.5000;-0.2260;0.0000;62;64;0.0061;0.0691;0.0560;0.0108;-0.0078;0.0000;0.0866
1066.5;0.4112;0.5000;-0.1305;0.0000;62;64;0.0037;0.0662;0.0574;0.0059;-0.0078;0.0000;0.0866
1067.0;0.4139;0.5000;-0.0420;0.0000;64;62;0.0012;0.0633;0.0574;0.0020;-0.0078;0.0000;0.0866
1067.5;0.4167;0.5000;0.0000;0.0000;64;62;-0.0012;0.0618;0.0589;-0.0010;-0.0078;0.0000;0.0866
1068.0;0.4153;0.5000;0.0485;0.0000;64;62;0.0745;0.0618;0.0589;-0.0029;-0.0078;0.0000;0.0866
1068.5;0.4144;0.5000;0.0015;0.0000;64;62;-0.0012;0.0633;0.0604;-0.0010;-0.0078;0.0000;0.0866
1069.0;0.4130;0.5000;0.0300;0.0000;65;62;-0.0794;0.0648;0.0604;-0.0020;-0.0078;0.0000;0.0866
1069.5;0.4116;0.5000;-0.0620;0.0000;64;64;0.0794;0.0662;0.0618;0.0029;-0.0078;0.0000;0.0866
1070.0;0.4148;0.5000;-0.1135;0.0000;64;64;0.0037;0.0633;0.0633;0.0049;-0.0078;0.0000;0.0866
1070.5;0.4171;0.5000;-0.2165;0.0000;62;64;0.0061;0.0618;0.0633;0.0098;-0.0078;0.0000;0.0866
1071.0;0.4203;0.5000;-0.1995;0.0000;64;64;0.0061;0.0589;0.0648;0.0088;-0.0078;0.0000;0.0866
1071.5;0.4231;0.5000;-0.2335;0.0000;62;64;0.0061;0.0574;0.0648;0.0108;-0.0078;0.0000;0.0866
1072.0;0.4254;0.5000;-0.2165;0.0000;62;64;0.0061;0.0545;0.0662;0.0098;-0.0078;0.0000;0.0866
1072.5;0.4277;0.5000;-0.1550;0.0000;64;64;0.0037;0.0530;0.0662;0.0068;-0.0078;0.0000;0.0866
1073.0;0.4295;0.5000;-0.0850;0.0000;64;64;0.0012;0.0516;0.0677;0.0039;-0.0078;0.0000;0.0866
1073.5;0.4277;0.5000;-0.0470;0.0000;64;64;0.0794;0.0530;0.0677;0.0020;-0.0078;0.0000;0.0866
1074.0;0.4295;0.5000;0.0070;0.0000;64;62;-0.0012;0.0516;0.0691;-0.0010;-0.0078;0.0000;0.0866
1074.5;0.4318;0.5000;0.0800;0.0000;65;62;-0.0037;0.0501;0.0691;-0.0039;-0.0078;0.0000;0.0866
1075.0;0.4341;0.5000;0.0810;0.0000;65;62;-0.0037;0.0486;0.0706;-0.0039;-0.0078;0.0000;0.0866
1075.5;0.4354;0.5000;0.0985;0.0000;65;62;-0.0037;0.0472;0.0706;-0.0049;-0.0078;0.0000;0.0866
1076.0;0.4373;0.5000;0.0130;0.0000;64;62;-0.0012;0.0457;0.0721;-0.0010;-0.0078;0.0000;0.0866
1076.5;0.4391;0.5000;0.0285;0.0000;65;62;-0.0012;0.0442;0.0721;-0.0020;-0.0078;0.0000;0.0866
1077.0;0.4405;0.5000;-0.0555;0.0000;64;62;0.0012;0.0442;0.0721;0.0020;-0.0078;0.0000;0.0866
1077.5;0.4418;0.5000;-0.0965;0.0000;64;62;0.0012;0.0428;0.0735;0.0039;-0.0078;0.0000;0.0866
1078.0;0.4432;0.5000;-0.1310;0.0000;62;64;0.1600;0.0413;0.0735;0.0059;-0.0078;0.0000;0.0866
1078.5;0.4437;0.5000;-0.1290;0.0000;62;64;0.0037;0.0413;0.0750;0.0059;-0.0078;0.0000;0.0866
1079.0;0.4418;0.5000;-0.1390;0.0000;64;64;-0.0745;0.0428;0.0750;0.0059;-0.0078;0.0000;0.0866
1079.5;0.4432;0.5000;-0.1145;0.0000;64;64;0.0037;0.0413;0.0750;0.0049;-0.0078;0.0000;0.0866
1080.0;0.4441;0.5000;-0.0525;0.0000;64;62;0.0012;0.0413;0.0765;0.0020;-0.0078;0.0000;0.0866
1080.5;0.4460;0.5000;-0.0355;0.0000;64;62;-0.0012;0.0398;0.0765;0.0010;-0.0078;0.0000;0.0866
1081.0;0.4469;0.5000;0.0210;0.0000;64;62;-0.0012;0.0384;0.0765;-0.0020;-0.0078;0.0000;0.0866
1081.5;0.4483;0.5000;0.0275;0.0000;64;62;-0.0012;0.0384;0.0779;-0.0020;-0.0078;0.0000;0.0866
1082.0;0.4492;0.5000;0.0260;0.0000;64;62;-0.0012;0.0369;0.0779;-0.0020;-0.0078;0.0000;0.0866
1082.5;0.4505;0.5000;-0.0325;0.0000;64;62;-0.0012;0.0369;0.0779;0.0010;-0.0078;0.0000;0.0866
1083.0;0.4515;0.5000;-0.0465;0.0000;64;62;0.0012;0.0355;0.0794;0.0020;-0.0078;0.0000;0.0866
1083.5;0.4478;0.5000;-0.0270;0.0000;64;62;0.0769;0.0384;0.0794;0.0010;-0.0078;0.0000;0.0866
1084.0;0.4492;0.5000;-0.0535;0.0000;64;62;0.0012;0.0369;0.0794;0.0020;-0.0068;0.0000;0.0866
1084.5;0.4547;0.5000;-0.0545;0.0000;64;64;0.0794;0.0325;0.0809;0.0020;-0.0068;0.0000;0.0866
1085.0;0.4551;0.5000;-0.0690;0.0000;64;64;0.0012;0.0325;0.0809;0.0029;-0.0068;0.0000;0.0866
1085.5;0.4560;0.5000;-0.0455;0.0000;64;62;0.0012;0.0325;0.0809;0.0020;-0.0068;0.0000;0.0866
1086.0;0.4606;0.5000;-0.0300;0.0000;64;62;0.0769;0.0281;0.0823;0.0010;-0.0068;0.0000;0.0866
1086.5;0.4611;0.5000;-0.0120;0.0000;64;62;-0.0012;0.0281;0.0823;-0.0000;-0.0068;0.0000;0.0866
1087.0;0.4615;0.5000;-0.0180;0.0000;64;62;-0.0012;0.0281;0.0823;-0.0000;-0.0068;0.0000;0.0866
1087.5;0.4657;0.5000;-0.0030;0.0000;64;62;-0.0794;0.0252;0.0823;-0.0000;-0.0068;0.0000;0.0866
1088.0;0.4657;0.5000;-0.0120;0.0000;64;62;0.0769;0.0252;0.0838;-0.0000;-0.0068;0.0000;0.0866
1088.5;0.4657;0.5000;-0.0015;0.0000;64;62;-0.0012;0.0252;0.0838;-0.0000;-0.0068;0.0000;0.0866
1089.0;0.4666;0.5000;-0.0115;0.0000;64;62;-0.0012;0.0237;0.0838;-0.0000;-0.0068;0.0000;0.0866
1089.5;0.4698;0.5000;-0.0150;0.0000;64;62;0.0769;0.0223;0.0838;-0.0000;-0.0068;0.0000;0.0866
1090.0;0.4702;0.5000;0.0065;0.0000;64;62;-0.0012;0.0208;0.0838;-0.0010;-0.0068;0.0000;0.0866
1090.5;0.4707;0.5000;-0.0010;0.0000;64;62;-0.0012;0.0208;0.0853;-0.0000;-0.0068;0.0000;0.0866
1091.0;0.4707;0.5000;-0.0305;0.0000;64;62;-0.0012;0.0208;0.0853;0.0010;-0.0068;0.0000;0.0866
1091.5;0.4702;0.5000;-0.0565;0.0000;62;62;0.0012;0.0208;0.0853;0.0020;-0.0068;0.0000;0.0866
1092.0;0.4702;0.5000;-0.0625;0.0000;62;62;0.0012;0.0208;0.0853;0.0029;-0.0068;0.0000;0.0866
1092.5;0.4702;0.5000;-0.0610;0.0000;62;62;0.0012;0.0208;0.0853;0.0020;-0.0068;0.0000;0.0866
1093.0;0.4698;0.5000;-0.1220;0.0000;62;62;0.0037;0.0223;0.0867;0.0049;-0.0068;0.0000;0.0866
1093.5;0.4661;0.5000;-0.1640;0.0000;62;64;0.0037;0.0252;0.0867;0.0078;-0.0068;0.0000;0.0866
1094.0;0.4615;0.5000;-0.1905;0.0000;62;64;0.0061;0.0281;0.0867;0.0088;-0.0068;0.0000;0.0866
1094.5;0.4588;0.5000;-0.1865;0.0000;62;65;0.0842;0.0296;0.0867;0.0088;-0.0068;0.0000;0.0866
1095.0;0.4592;0.5000;-0.1970;0.0000;62;65;0.0061;0.0296;0.0882;0.0088;-0.0068;0.0000;0.0866
1095.5;0.4560;0.5000;-0.1510;0.0000;64;64;-0.0745;0.0325;0.0882;0.0068;-0.0068;0.0000;0.0866
1096.0;0.4524;0.5000;-0.1300;0.0000;64;65;0.0818;0.0340;0.0882;0.0059;-0.0068;0.0000;0.0866
1096.5;0.4574;0.5000;-0.0470;0.0000;64;64;0.0794;0.0311;0.0897;0.0020;-0.0068;0.0000;0.0866
1097.0;0.4579;0.5000;-0.0785;0.0000;64;64;0.0012;0.0311;0.0897;0.0029;-0.0068;0.0000;0.0866
1097.5;0.4588;0.5000;-0.0380;0.0000;64;64;0.0012;0.0296;0.0897;0.0010;-0.0068;0.0000;0.0866
1098.0;0.4551;0.5000;0.0165;0.0000;64;64;0.0769;0.0325;0.0911;-0.0010;-0.0068;0.0000;0.0866
1098.5;0.4560;0.5000;0.0055;0.0000;64;64;-0.0012;0.0325;0.0911;-0.0010;-0.0068;0.0000;0.0866
1099.0;0.4606;0.5000;0.0090;0.0000;65;64;-0.0794;0.0281;0.0911;-0.0010;-0.0068;0.0000;0.0866
1099.5;0.4570;0.5000;-0.0360;0.0000;64;64;0.0794;0.0311;0.0911;0.0010;-0.0068;0.0000;0.0866
1100.0;0.4615;0.5000;-0.0170;0.0000;64;64;0.0769;0.0281;0.0926;-0.0000;-0.0068;0.0000;0.0866
1100.5;0.4661;0.5000;-0.0080;0.0000;64;64;-0.0794;0.0252;0.0926;-0.0000;-0.0068;0.0000;0.0866
1101.0;0.4583;0.5000;-0.0135;0.0000;65;64;-0.0012;0.0311;0.0926;-0.0000;-0.0068;0.0000;0.0866
1101.5;0.4547;0.5000;-0.0190;0.0000;65;64;-0.0012;0.0325;0.0926;-0.0000;-0.0068;0.0000;0.0866
1102.0;0.4547;0.5000;-0.0050;0.0000;65;64;-0.0012;0.0325;0.0941;-0.0000;-0.0068;0.0000;0.0866
1102.5;0.4556;0.5000;0.0625;0.0000;65;64;-0.0037;0.0325;0.0941;-0.0039;-0.0068;0.0000;0.0866
1103.0;0.4528;0.5000;0.0620;0.0000;65;64;-0.0037;0.0340;0.0941;-0.0039;-0.0068;0.0000;0.0866
1103.5;0.4533;0.5000;0.1355;0.0000;67;64;-0.0061;0.0340;0.0955;-0.0068;-0.0068;0.0000;0.0866
1104.0;0.4547;0.5000;0.0620;0.0000;67;64;-0.0037;0.0325;0.0955;-0.0039;-0.0068;0.0000;0.0866
1104.5;0.4551;0.5000;0.0535;0.0000;67;64;-0.0037;0.0325;0.0955;-0.0029;-0.0068;0.0000;0.0866
1105.0;0.4560;0.5000;-0.0225;0.0000;65;65;-0.0012;0.0325;0.0970;0.0010;-0.0068;0.0000;0.0866
1105.5;0.4528;0.5000;-0.0080;0.0000;67;65;-0.0794;0.0340;0.0970;-0.0000;-0.0068;0.0000;0.0866
1106.0;0.4538;0.5000;0.0530;0.0000;67;64;-0.0037;0.0340;0.0970;-0.0029;-0.0068;0.0000;0.0866
1106.5;0.4583;0.5000;0.0150;0.0000;67;65;0.0769;0.0311;0.0984;-0.0010;-0.0068;0.0000;0.0866
1107.0;0.4588;0.5000;0.0155;0.0000;67;65;-0.0012;0.0296;0.0984;-0.0010;-0.0068;0.0000;0.0866
1107.5;0.4592;0.5000;-0.0445;0.0000;65;65;0.0012;0.0296;0.0984;0.0020;-0.0068;0.0000;0.0866
1108.0;0.4597;0.5000;0.0440;0.0000;67;64;-0.0037;0.0296;0.0984;-0.0029;-0.0068;0.0000;0.0866
1108.5;0.4606;0.5000;0.0260;0.0000;67;64;-0.0012;0.0281;0.0999;-0.0020;-0.0068;0.0000;0.0866
1109.0;0.4611;0.5000;0.0340;0.0000;67;64;-0.0818;0.0281;0.0999;-0.0020;-0.0068;0.0000;0.0866
1109.5;0.4574;0.5000;-0.0355;0.0000;67;65;0.0794;0.0311;0.0999;0.0010;-0.0068;0.0000;0.0866
1110.0;0.4542;0.5000;-0.0730;0.0000;67;65;-0.0769;0.0340;0.1014;0.0029;-0.0068;0.0000;0.0866
1110.5;0.4547;0.5000;-0.0895;0.0000;67;65;0.0012;0.0325;0.1014;0.0039;-0.0068;0.0000;0.0866
1111.0;0.4556;0.5000;-0.0725;0.0000;67;65;0.0012;0.0325;0.1014;0.0029;-0.0068;0.0000;0.0866
1111.5;0.4560;0.5000;-0.0295;0.0000;67;65;-0.0012;0.0325;0.1014;0.0010;-0.0068;0.0000;0.0866
1112.0;0.4565;0.5000;-0.0610;0.0000;67;65;0.0794;0.0311;0.1028;0.0020;-0.0068;0.0000;0.0866
1112.5;0.4574;0.5000;-0.0145;0.0000;67;65;-0.0012;0.0311;0.1028;-0.0000;-0.0068;0.0000;0.0866
1113.0;0.4579;0.5000;-0.0515;0.0000;67;65;0.0012;0.0311;0.1028;0.0020;-0.0068;0.0000;0.0866
1113.5;0.4583;0.5000;-0.0165;0.0000;67;65;-0.0012;0.0296;0.1043;-0.0000;-0.0068;0.0000;0.0866
1114.0;0.4592;0.5000;-0.0625;0.0000;67;65;0.0012;0.0296;0.1043;0.0029;-0.0068;0.0000;0.0866
1114.5;0.4634;0.5000;-0.0335;0.0000;67;65;0.0794;0.0267;0.1043;0.0010;-0.0068;0.0000;0.0866
1115.0;0.4638;0.5000;-0.0110;0.0000;67;65;-0.0012;0.0267;0.1043;-0.0000;-0.0068;0.0000;0.0866
1115.5;0.4679;0.5000;-0.0610;0.0000;67;65;-0.0769;0.0223;0.1058;0.0020;-0.0068;0.0000;0.0866
1116.0;0.4716;0.5000;-0.0705;0.0000;65;65;0.0794;0.0208;0.1058;0.0029;-0.0068;0.0000;0.0866
1116.5;0.4712;0.5000;-0.0990;0.0000;65;65;0.0012;0.0208;0.1058;0.0039;-0.0068;0.0000;0.0866
1117.0;0.4721;0.5000;-0.0960;0.0000;65;65;0.0012;0.0208;0.1058;0.0039;-0.0068;0.0000;0.0866
1117.5;0.4716;0.5000;-0.1340;0.0000;65;67;0.0037;0.0208;0.1058;0.0059;-0.0068;0.0000;0.0866
1118.0;0.4794;0.5000;-0.0945;0.0000;65;65;0.0012;0.0149;0.1058;0.0039;-0.0068;0.0000;0.0866
1118.5;0.4794;0.5000;-0.1180;0.0000;65;65;0.0037;0.0149;0.1072;0.0049;-0.0068;0.0000;0.0866
1119.0;0.4785;0.5000;-0.0295;0.0000;67;65;-0.0012;0.0149;0.1072;0.0010;-0.0068;0.0000;0.0866
1119.5;0.4821;0.5000;-0.0170;0.0000;65;65;0.0769;0.0120;0.1072;-0.0000;-0.0068;0.0000;0.0866
1120.0;0.4853;0.5000;0.0145;0.0000;65;64;-0.0794;0.0105;0.1072;-0.0010;-0.0068;0.0000;0.0866
1120.5;0.4849;0.5000;0.0700;0.0000;67;64;-0.0037;0.0105;0.1072;-0.0039;-0.0068;0.0000;0.0866
1121.0;0.4831;0.5000;0.1070;0.0000;67;64;-0.0061;0.0120;0.1072;-0.0059;-0.0068;0.0000;0.0866
1121.5;0.4872;0.5000;0.1150;0.0000;67;64;0.0720;0.0091;0.1072;-0.0059;-0.0068;0.0000;0.0866
1122.0;0.4895;0.5000;0.1515;0.0000;67;62;-0.0842;0.0076;0.1072;-0.0078;-0.0068;0.0000;0.0866
1122.5;0.4895;0.5000;0.0925;0.0000;67;62;-0.0037;0.0076;0.1072;-0.0049;-0.0068;0.0000;0.0866
1123.0;0.4922;0.5000;0.0165;0.0000;65;64;0.0769;0.0047;0.1072;-0.0010;-0.0068;0.0000;0.0866
1123.5;0.4991;0.5000;-0.0575;0.0000;64;64;0.0012;0.0003;0.1072;0.0020;-0.0068;0.0000;0.0866
1124.0;0.4973;0.5000;-0.1210;0.0000;64;64;0.0037;0.0018;0.1072;0.0049;-0.0068;0.0000;0.0866
1124.5;0.4959;0.5000;-0.0990;0.0000;64;64;0.0012;0.0018;0.1087;0.0039;-0.0068;0.0000;0.0866
1125.0;0.5027;0.5000;-0.0460;0.0000;64;64;0.0012;-0.0026;0.1072;0.0020;-0.0068;0.0000;0.0866
1125.5;0.5005;0.5000;-0.0065;0.0000;65;62;-0.0012;-0.0012;0.1072;-0.0000;-0.0068;0.0000;0.0866
1126.0;0.4991;0.5000;0.0485;0.0000;65;62;-0.0037;0.0003;0.1072;-0.0029;-0.0068;0.0000;0.0866
1126.5;0.5055;0.5000;0.0920;0.0000;65;62;-0.0037;-0.0056;0.1072;-0.0049;-0.0068;0.0000;0.0866
1127.0;0.5037;0.5000;0.1055;0.0000;65;62;-0.0061;-0.0041;0.1072;-0.0059;-0.0068;0.0000;0.0866
1127.5;0.5060;0.5000;0.1315;0.0000;65;60;0.0720;-0.0056;0.1072;-0.0068;-0.0068;0.0000;0.0866
1128.0;0.5041;0.5000;0.1035;0.0000;65;62;-0.0037;-0.0041;0.1072;-0.0059;-0.0068;0.0000;0.0866
1128.5;0.5064;0.5000;0.0490;0.0000;64;62;-0.0818;-0.0056;0.1072;-0.0029;-0.0068;0.0000;0.0866
1129.0;0.5046;0.5000;0.0170;0.0000;64;62;-0.0012;-0.0041;0.1072;-0.0010;-0.0068;0.0000;0.0866
1129.5;0.5027;0.5000;-0.0145;0.0000;64;62;-0.0012;-0.0026;0.1072;-0.0000;-0.0068;0.0000;0.0866
1130.0;0.5078;0.5000;-0.0190;0.0000;64;62;-0.0012;-0.0070;0.1072;-0.0000;-0.0068;0.0000;0.0866
1130.5;0.5064;0.5000;-0.0135;0.0000;64;62;-0.0012;-0.0056;0.1072;-0.0000;-0.0068;0.0000;0.0866
1131.0;0.5050;0.5000;-0.0635;0.0000;64;62;0.0012;-0.0041;0.1072;0.0029;-0.0068;0.0000;0.0866
1131.5;0.5027;0.5000;-0.0815;0.0000;64;62;0.0794;-0.0026;0.1072;0.0029;-0.0068;0.0000;0.0866
1132.0;0.5055;0.5000;-0.0360;0.0000;64;62;-0.0794;-0.0056;0.1072;0.0010;-0.0068;0.0000;0.0866
1132.5;0.5037;0.5000;-0.0355;0.0000;64;62;0.0012;-0.0041;0.1072;0.0010;-0.0068;0.0000;0.0866
1133.0;0.5018;0.5000;-0.0150;0.0000;64;62;-0.0012;-0.0026;0.1072;-0.0000;-0.0068;0.0000;0.0866
1133.5;0.5041;0.5000;0.0370;0.0000;64;62;0.0769;-0.0041;0.1072;-0.0020;-0.0068;0.0000;0.0866
1134.0;0.5023;0.5000;0.0425;0.0000;64;62;-0.0818;-0.0026;0.1072;-0.0029;-0.0068;0.0000;0.0866
1134.5;0.5009;0.5000;0.0305;0.0000;64;62;0.0769;-0.0012;0.1072;-0.0020;-0.0068;0.0000;0.0866
1135.0;0.4991;0.5000;0.0305;0.0000;64;62;-0.0012;0.0003;0.1072;-0.0020;-0.0068;0.0000;0.0866
1135.5;0.4973;0.5000;0.0610;0.0000;65;62;-0.0037;0.0018;0.1072;-0.0039;-0.0068;0.0000;0.0866
1136.0;0.4963;0.5000;0.0685;0.0000;65;62;-0.0037;0.0018;0.1072;-0.0039;-0.0068;0.0000;0.0866
1136.5;0.4950;0.5000;0.0470;0.0000;65;62;-0.0037;0.0032;0.1072;-0.0029;-0.0068;0.0000;0.0866
1137.0;0.4973;0.5000;0.0385;0.0000;64;62;0.0745;0.0018;0.1072;-0.0020;-0.0068;0.0000;0.0866
1137.5;0.4963;0.5000;0.0380;0.0000;64;62;-0.0037;0.0018;0.1072;-0.0020;-0.0068;0.0000;0.0866
1138.0;0.4950;0.5000;0.0275;0.0000;64;62;-0.0012;0.0032;0.1072;-0.0020;-0.0068;0.0000;0.0866
1138.5;0.4936;0.5000;0.0190;0.0000;65;62;0.0769;0.0047;0.1072;-0.0010;-0.0068;0.0000;0.0866
1139.0;0.4922;0.5000;0.0305;0.0000;65;62;-0.0012;0.0047;0.1072;-0.0020;-0.0068;0.0000;0.0866
1139.5;0.4908;0.5000;0.0270;0.0000;65;62;-0.0012;0.0062;0.1072;-0.0020;-0.0068;0.0000;0.0866
1140.0;0.4931;0.5000;0.0275;0.0000;65;62;0.0769;0.0047;0.1072;-0.0020;-0.0068;0.0000;0.0866
1140.5;0.4968;0.5000;0.0160;0.0000;64;62;-0.0794;0.0018;0.1072;-0.0010;-0.0068;0.0000;0.0866
1141.0;0.4950;0.5000;0.0070;0.0000;65;62;-0.0012;0.0032;0.1072;-0.0010;-0.0068;0.0000;0.0866
1141.5;0.4940;0.5000;0.0595;0.0000;65;62;-0.0037;0.0032;0.1072;-0.0029;-0.0068;0.0000;0.0866
1142.0;0.4931;0.5000;0.0610;0.0000;65;62;-0.0037;0.0047;0.1072;-0.0039;-0.0068;0.0000;0.0866
1142.5;0.4918;0.5000;0.0155;0.0000;65;62;-0.0012;0.0047;0.1087;-0.0010;-0.0068;0.0000;0.0866
1143.0;0.4908;0.5000;0.0070;0.0000;65;62;-0.0012;0.0062;0.1087;-0.0010;-0.0068;0.0000;0.0866
1143.5;0.4895;0.5000;-0.0605;0.0000;65;64;0.0012;0.0076;0.1087;0.0020;-0.0068;0.0000;0.0866
1144.0;0.4927;0.5000;-0.0720;0.0000;64;64;0.0012;0.0047;0.1087;0.0029;-0.0068;0.0000;0.0866
1144.5;0.4904;0.5000;-0.0620;0.0000;64;64;0.0012;0.0062;0.1087;0.0029;-0.0068;0.0000;0.0866
1145.0;0.4904;0.5000;-0.0505;0.0000;64;64;0.0012;0.0062;0.1087;0.0020;-0.0068;0.0000;0.0866
1145.5;0.4922;0.5000;-0.0485;0.0000;65;64;-0.0769;0.0047;0.1087;0.0020;-0.0068;0.0000;0.0866
1146.0;0.4918;0.5000;-0.0310;0.0000;65;64;-0.0012;0.0047;0.1087;0.0010;-0.0068;0.0000;0.0866
1146.5;0.4908;0.5000;0.0220;0.0000;65;62;-0.0012;0.0062;0.1087;-0.0020;-0.0068;0.0000;0.0866
1147.0;0.4895;0.5000;0.0760;0.0000;65;62;-0.0037;0.0062;0.1087;-0.0039;-0.0068;0.0000;0.0866
1147.5;0.4927;0.5000;0.1310;0.0000;67;62;-0.0842;0.0047;0.1087;-0.0068;-0.0068;0.0000;0.0866
1148.0;0.4913;0.5000;0.1155;0.0000;67;62;-0.0061;0.0062;0.1087;-0.0059;-0.0068;0.0000;0.0866
1148.5;0.4904;0.5000;0.0745;0.0000;67;62;-0.0037;0.0062;0.1087;-0.0039;-0.0068;0.0000;0.0866
1149.0;0.4973;0.5000;0.0605;0.0000;65;62;-0.0037;0.0018;0.1087;-0.0029;-0.0068;0.0000;0.0866
1149.5;0.4959;0.5000;0.0360;0.0000;65;62;-0.0818;0.0018;0.1087;-0.0020;-0.0068;0.0000;0.0866
1150.0;0.4945;0.5000;-0.0125;0.0000;65;62;-0.0012;0.0032;0.1087;-0.0000;-0.0068;0.0000;0.0866
1150.5;0.4931;0.5000;-0.1230;0.0000;64;64;0.0037;0.0047;0.1087;0.0059;-0.0068;0.0000;0.0866
1151.0;0.4918;0.5000;-0.1180;0.0000;64;64;-0.0745;0.0047;0.1087;0.0049;-0.0068;0.0000;0.0866
1151.5;0.4908;0.5000;-0.1375;0.0000;64;64;0.0037;0.0062;0.1087;0.0059;-0.0068;0.0000;0.0866
1152.0;0.4936;0.4986;-0.0610;0.0000;64;64;0.0794;0.0032;0.1102;0.0020;-0.0068;0.0000;0.0866
1152.5;0.4963;0.4977;-0.0640;0.0000;64;62;-0.0769;0.0003;0.1102;0.0029;-0.0068;0.0000;0.0866
1153.0;0.4950;0.4968;-0.0595;0.0000;64;62;0.0012;0.0003;0.1102;0.0020;-0.0068;0.0000;0.0866
1153.5;0.5005;0.4959;-0.0430;0.0000;64;62;0.0012;-0.0041;0.1087;0.0020;-0.0068;0.0000;0.0866
1154.0;0.4991;0.4950;-0.0070;0.0000;64;62;-0.0012;-0.0041;0.1087;-0.0000;-0.0068;0.0000;0.0866
1154.5;0.4982;0.4936;0.0500;0.0000;64;60;-0.0037;-0.0041;0.1087;-0.0029;-0.0068;0.0000;0.0866
1155.0;0.5000;0.4927;-0.0015;0.0000;64;60;-0.0794;-0.0056;0.1087;-0.0000;-0.0068;0.0000;0.0866
1155.5;0.5032;0.4918;0.0240;0.0000;64;60;0.0769;-0.0100;0.1087;-0.0020;-0.0068;0.0000;0.0866
1156.0;0.5055;0.4908;-0.0055;0.0000;64;60;-0.0794;-0.0114;0.1087;-0.0000;-0.0068;0.0000;0.0866
1156.5;0.5037;0.4899;0.0005;0.0000;64;60;-0.0012;-0.0114;0.1087;-0.0010;-0.0068;0.0000;0.0866
1157.0;0.5018;0.4886;-0.0625;0.0000;62;60;0.0012;-0.0100;0.1087;0.0029;-0.0068;0.0000;0.0866
1157.5;0.5082;0.4876;-0.0540;0.0000;62;60;0.0012;-0.0158;0.1087;0.0020;-0.0068;0.0000;0.0866
1158.0;0.5060;0.4867;-0.0840;0.0000;60;60;0.0012;-0.0158;0.1087;0.0039;-0.0068;0.0000;0.0866
1158.5;0.5078;0.4858;-0.0910;0.0000;60;60;0.0794;-0.0173;0.1087;0.0039;-0.0068;0.0000;0.0866
1159.0;0.5101;0.4849;-0.0780;0.0000;60;58;-0.0769;-0.0202;0.1072;0.0029;-0.0068;0.0000;0.0866
1159.5;0.5078;0.4840;-0.0690;0.0000;60;58;0.0012;-0.0188;0.1072;0.0029;-0.0068;0.0000;0.0866
1160.0;0.5064;0.4826;-0.0420;0.0000;60;58;0.0012;-0.0188;0.1072;0.0020;-0.0068;0.0000;0.0866
1160.5;0.5124;0.4817;-0.0240;0.0000;60;58;-0.0012;-0.0231;0.1072;0.0010;-0.0068;0.0000;0.0866
1161.0;0.5101;0.4808;0.0190;0.0000;60;56;-0.0012;-0.0231;0.1072;-0.0010;-0.0068;0.0000;0.0787
1161.5;0.5119;0.4799;-0.0210;0.0000;60;56;-0.0794;-0.0246;0.1058;0.0010;-0.0068;0.0000;0.0787
1162.0;0.5101;0.4789;-0.0040;0.0000;60;56;-0.0012;-0.0246;0.1058;-0.0000;-0.0068;0.0000;0.0787
1162.5;0.5156;0.4776;-0.0330;0.0000;58;56;-0.0012;-0.0290;0.1058;0.0010;-0.0068;0.0000;0.0787
1163.0;0.5133;0.4766;-0.0435;0.0000;58;56;0.0012;-0.0275;0.1058;0.0020;-0.0068;0.0000;0.0787
1163.5;0.5110;0.4757;-0.0175;0.0000;58;56;-0.0012;-0.0275;0.1058;-0.0000;-0.0068;0.0000;0.0787
1164.0;0.5128;0.4748;-0.0765;0.0000;56;56;0.0794;-0.0290;0.1043;0.0029;-0.0068;0.0000;0.0787
1164.5;0.5105;0.4739;-0.0685;0.0000;56;56;0.0012;-0.0290;0.1043;0.0029;-0.0068;0.0000;0.0787
1165.0;0.5128;0.4730;-0.0935;0.0000;56;54;-0.0769;-0.0305;0.1043;0.0039;-0.0068;0.0000;0.0787
1165.5;0.5105;0.4716;-0.0990;0.0000;56;54;0.0012;-0.0305;0.1028;0.0039;-0.0068;0.0000;0.0787
1166.0;0.5082;0.4707;-0.0940;0.0000;56;54;0.0012;-0.0290;0.1028;0.0039;-0.0068;0.0000;0.0787
1166.5;0.5105;0.4698;-0.0755;0.0000;56;54;-0.0769;-0.0305;0.1028;0.0029;-0.0068;0.0000;0.0787
1167.0;0.5160;0.4689;-0.1520;0.0000;54;54;0.0037;-0.0363;0.1028;0.0068;-0.0068;0.0000;0.0787
1167.5;0.5133;0.4679;-0.2195;0.0000;54;54;0.0061;-0.0349;0.1014;0.0098;-0.0068;0.0000;0.0787
1168.0;0.5114;0.4666;-0.2740;0.0000;52;54;0.0085;-0.0334;0.1014;0.0127;-0.0068;0.0000;0.0787
1168.5;0.5096;0.4657;-0.2455;0.0000;52;54;0.0061;-0.0334;0.1014;0.0117;-0.0068;0.0000;0.0787
1169.0;0.5069;0.4647;-0.2030;0.0000;52;54;0.0061;-0.0319;0.0999;0.0088;-0.0068;0.0000;0.0787
1169.5;0.5014;0.4638;-0.1850;0.0000;54;54;0.0061;-0.0290;0.0999;0.0088;-0.0068;0.0000;0.0787
1170.0;0.5037;0.4629;-0.1455;0.0000;54;52;-0.0745;-0.0319;0.0999;0.0068;-0.0068;0.0000;0.0787
1170.5;0.5018;0.4620;-0.0325;0.0000;54;52;-0.0012;-0.0305;0.0999;0.0010;-0.0068;0.0000;0.0787
1171.0;0.5005;0.4606;0.0900;0.0000;56;50;-0.0818;-0.0305;0.0984;-0.0049;-0.0068;0.0000;0.0787
1171.5;0.4986;0.4597;0.1560;0.0000;56;50;-0.0061;-0.0305;0.0984;-0.0078;-0.0068;0.0000;0.0787
1172.0;0.4973;0.4588;0.1140;0.0000;56;50;-0.0061;-0.0290;0.0984;-0.0059;-0.0068;0.0000;0.0787
1172.5;0.4954;0.4579;0.1050;0.0000;56;50;-0.0061;-0.0290;0.0984;-0.0059;-0.0068;0.0000;0.0787
1173.0;0.4945;0.4570;0.1315;0.0000;56;48;-0.1624;-0.0290;0.0970;-0.0068;-0.0068;0.0000;0.0787
1173.5;0.4927;0.4556;0.0660;0.0000;56;50;-0.0037;-0.0290;0.0970;-0.0039;-0.0068;0.0000;0.0787
1174.0;0.4922;0.4547;-0.0050;0.0000;54;50;-0.0012;-0.0290;0.0970;-0.0000;-0.0068;0.0000;0.0787
1174.5;0.4908;0.4538;-0.1515;0.0000;52;52;0.0037;-0.0290;0.0970;0.0068;-0.0068;0.0000;0.0787
1175.0;0.4899;0.4528;-0.2570;0.0000;52;52;0.0085;-0.0290;0.0955;0.0117;-0.0068;0.0000;0.0787
1175.5;0.4890;0.4519;-0.2440;0.0000;52;52;0.0061;-0.0290;0.0955;0.0108;-0.0068;0.0000;0.0787
1176.0;0.4881;0.4505;-0.2300;0.0000;50;52;0.0061;-0.0290;0.0955;0.0108;-0.0068;0.0000;0.0787
1176.5;0.4867;0.4496;-0.2635;0.0000;50;52;0.0085;-0.0290;0.0955;0.0117;-0.0059;0.0000;0.0787
1177.0;0.4853;0.4487;-0.2545;0.0000;50;52;0.0085;-0.0290;0.0941;0.0117;-0.0059;0.0000;0.0787
1177.5;0.4812;0.4478;-0.2465;0.0000;50;52;-0.0720;-0.0261;0.0941;0.0117;-0.0059;0.0000;0.0787
1178.0;0.4803;0.4469;-0.1365;0.0000;52;50;0.0037;-0.0261;0.0941;0.0059;-0.0059;0.0000;0.0787
1178.5;0.4835;0.4460;-0.0370;0.0000;52;48;-0.0794;-0.0290;0.0941;0.0010;-0.0059;0.0000;0.0787
1179.0;0.4794;0.4446;-0.0085;0.0000;54;48;-0.0012;-0.0261;0.0926;-0.0000;-0.0059;0.0000;0.0787
1179.5;0.4748;0.4437;-0.0055;0.0000;54;48;-0.1575;-0.0246;0.0926;-0.0000;-0.0059;0.0000;0.0787
1180.0;0.4744;0.4428;0.0245;0.0000;54;48;-0.0012;-0.0246;0.0926;-0.0020;-0.0059;0.0000;0.0787
1180.5;0.4739;0.4418;0.0235;0.0000;54;48;-0.0012;-0.0246;0.0926;-0.0020;-0.0059;0.0000;0.0787
1181.0;0.4661;0.4409;0.0315;0.0000;54;48;-0.0012;-0.0202;0.0911;-0.0020;-0.0059;0.0000;0.0787
1181.5;0.4689;0.4396;0.0085;0.0000;54;48;-0.0794;-0.0231;0.0911;-0.0010;-0.0059;0.0000;0.0787
1182.0;0.4657;0.4386;-0.0550;0.0000;52;50;0.0012;-0.0202;0.0911;0.0020;-0.0059;0.0000;0.0787
1182.5;0.4620;0.4377;-0.1355;0.0000;52;50;-0.0745;-0.0188;0.0911;0.0059;-0.0059;0.0000;0.0787
1183.0;0.4620;0.4368;-0.1410;0.0000;52;50;0.0037;-0.0202;0.0911;0.0059;-0.0059;0.0000;0.0709
1183.5;0.4588;0.4359;-0.1990;0.0000;50;50;0.0842;-0.0173;0.0911;0.0088;-0.0059;0.0000;0.0709
1184.0;0.4515;0.4350;-0.3085;0.0000;50;52;0.0085;-0.0129;0.0911;0.0147;-0.0059;0.0000;0.0709
1184.5;0.4519;0.4336;-0.4030;0.0000;48;54;0.0134;-0.0144;0.0897;0.0186;-0.0059;0.0000;0.0709
1185.0;0.4492;0.4327;-0.4180;0.0000;48;54;0.0916;-0.0129;0.0897;0.0196;-0.0059;0.0000;0.0709
1185.5;0.4460;0.4318;-0.4255;0.0000;48;54;-0.0647;-0.0114;0.0897;0.0196;-0.0059;0.0000;0.0709
1186.0;0.4391;0.4309;-0.3665;0.0000;48;54;0.0110;-0.0070;0.0897;0.0166;-0.0059;0.0000;0.0709
1186.5;0.4368;0.4299;-0.3690;0.0000;48;54;0.0891;-0.0056;0.0897;0.0176;-0.0059;0.0000;0.0709
1187.0;0.4341;0.4286;-0.3305;0.0000;50;54;-0.0672;-0.0056;0.0897;0.0156;-0.0059;0.0000;0.0709
1187.5;0.4354;0.4277;-0.3070;0.0000;50;54;0.0110;-0.0070;0.0897;0.0147;-0.0059;0.0000;0.0709
1188.0;0.4341;0.4267;-0.2215;0.0000;50;52;-0.0720;-0.0056;0.0897;0.0098;-0.0059;0.0000;0.0709
1188.5;0.4359;0.4258;-0.2250;0.0000;50;52;0.0061;-0.0085;0.0897;0.0108;-0.0049;0.0000;0.0709
1189.0;0.4295;0.4249;-0.1745;0.0000;52;52;0.0061;-0.0041;0.0897;0.0078;-0.0049;0.0000;0.0709
1189.5;0.4313;0.4240;-0.1610;0.0000;50;52;0.0037;-0.0070;0.0897;0.0068;-0.0049;0.0000;0.0709
1190.0;0.4295;0.4226;-0.2205;0.0000;50;52;-0.0720;-0.0056;0.0897;0.0098;-0.0049;0.0000;0.0709
1190.5;0.4313;0.4217;-0.1815;0.0000;50;50;0.0061;-0.0085;0.0897;0.0078;-0.0049;0.0000;0.0709
1191.0;0.4290;0.4208;-0.1685;0.0000;50;52;0.0842;-0.0070;0.0897;0.0078;-0.0049;0.0000;0.0709
1191.5;0.4267;0.4199;-0.1045;0.0000;52;50;-0.0769;-0.0056;0.0897;0.0049;-0.0049;0.0000;0.0709
1192.0;0.4299;0.4190;-0.0615;0.0000;52;50;0.0012;-0.0085;0.0882;0.0029;-0.0049;0.0000;0.0709
1192.5;0.4309;0.4176;-0.0385;0.0000;52;50;0.0012;-0.0100;0.0882;0.0010;-0.0049;0.0000;0.0709
1193.0;0.4254;0.4167;-0.0140;0.0000;52;50;-0.0012;-0.0070;0.0882;-0.0000;-0.0049;0.0000;0.0709
1193.5;0.4240;0.4158;-0.0395;0.0000;52;50;0.0012;-0.0070;0.0882;0.0010;-0.0049;0.0000;0.0709
1194.0;0.4222;0.4148;-0.0095;0.0000;52;48;-0.0794;-0.0070;0.0882;-0.0000;-0.0049;0.0000;0.0709
1194.5;0.4203;0.4139;-0.0105;0.0000;52;48;0.0769;-0.0056;0.0882;-0.0000;-0.0049;0.0000;0.0709
1195.0;0.4190;0.4125;0.0180;0.0000;52;48;-0.0794;-0.0056;0.0882;-0.0010;-0.0049;0.0000;0.0709
1195.5;0.4176;0.4116;-0.0435;0.0000;52;50;0.0012;-0.0056;0.0882;0.0020;-0.0049;0.0000;0.0709
1196.0;0.4116;0.4107;0.0080;0.0000;52;50;-0.0012;-0.0012;0.0882;-0.0010;-0.0049;0.0000;0.0709
1196.5;0.4116;0.4098;0.0220;0.0000;52;48;-0.0794;-0.0026;0.0882;-0.0020;-0.0049;0.0000;0.0709
1197.0;0.4103;0.4089;0.1390;0.0000;54;48;-0.0842;-0.0012;0.0882;-0.0068;-0.0049;0.0000;0.0709
1197.5;0.4052;0.4080;0.2015;0.0000;54;46;-0.0085;0.0018;0.0882;-0.0098;-0.0049;0.0000;0.0709
1198.0;0.4089;0.4066;0.2255;0.0000;54;46;-0.0085;-0.0026;0.0882;-0.0117;-0.0049;0.0000;0.0709
1198.5;0.4038;0.4057;0.1505;0.0000;54;48;-0.0061;0.0003;0.0882;-0.0078;-0.0049;0.0000;0.0709
1199.0;0.4029;0.4048;0.1260;0.0000;54;48;-0.0842;0.0003;0.0882;-0.0068;-0.0049;0.0000;0.0709
1199.5;0.4025;0.4038;0.1000;0.0000;54;48;-0.0818;0.0003;0.0882;-0.0049;-0.0049;0.0000;0.0709
1200.0;0.3979;0.4029;0.0650;0.0000;54;48;-0.0037;0.0032;0.0882;-0.0039;-0.0049;0.0000;0.0709
1200.5;0.3974;0.4016;-0.0515;0.0000;52;48;0.0012;0.0018;0.0882;0.0020;-0.0049;0.0000;0.0709
1201.0;0.3933;0.4006;-0.1960;0.0000;50;50;0.0061;0.0047;0.0882;0.0088;-0.0049;0.0000;0.0709
1201.5;0.3970;0.3997;-0.2290;0.0000;50;50;0.0061;0.0018;0.0882;0.0108;-0.0049;0.0000;0.0709
1202.0;0.3929;0.3988;-0.3315;0.0000;50;52;0.0110;0.0032;0.0882;0.0156;-0.0049;0.0000;0.0709
1202.5;0.3965;0.3979;-0.2730;0.0000;50;52;0.0085;0.0003;0.0882;0.0127;-0.0049;0.0000;0.0709
1203.0;0.3961;0.3970;-0.2610;0.0000;48;52;0.0867;0.0003;0.0882;0.0117;-0.0049;0.0000;0.0709
1203.5;0.3919;0.3956;-0.2075;0.0000;50;50;-0.0720;0.0018;0.0882;0.0098;-0.0049;0.0000;0.0709
1204.0;0.3878;0.3947;-0.1845;0.0000;50;50;0.0842;0.0047;0.0882;0.0088;-0.0049;0.0000;0.0709
1204.5;0.3842;0.3938;-0.1315;0.0000;50;50;0.0037;0.0062;0.0882;0.0059;-0.0049;0.0000;0.0709
1205.0;0.3800;0.3929;-0.0420;0.0000;52;50;0.0012;0.0091;0.0897;0.0020;-0.0049;0.0000;0.0630
1205.5;0.3805;0.3919;0.0170;0.0000;52;50;0.0769;0.0076;0.0897;-0.0010;-0.0049;0.0000;0.0630
1206.0;0.3819;0.3906;0.0675;0.0000;52;48;-0.0818;0.0062;0.0897;-0.0039;-0.0049;0.0000;0.0630
1206.5;0.3819;0.3897;0.0140;0.0000;52;50;0.0769;0.0047;0.0897;-0.0010;-0.0049;0.0000;0.0630
1207.0;0.3787;0.3887;-0.0260;0.0000;52;50;-0.0012;0.0062;0.0897;0.0010;-0.0049;0.0000;0.0630
1207.5;0.3755;0.3878;-0.0480;0.0000;50;50;0.0012;0.0091;0.0897;0.0020;-0.0049;0.0000;0.0630
1208.0;0.3800;0.3869;-0.0155;0.0000;50;50;-0.0012;0.0047;0.0897;-0.0000;-0.0049;0.0000;0.0630
1208.5;0.3768;0.3860;0.0165;0.0000;52;50;-0.0012;0.0062;0.0897;-0.0010;-0.0049;0.0000;0.0630
1209.0;0.3814;0.3846;-0.0150;0.0000;50;48;-0.0012;0.0018;0.0897;-0.0000;-0.0049;0.0000;0.0630
1209.5;0.3777;0.3837;-0.0175;0.0000;50;50;-0.0012;0.0032;0.0897;-0.0000;-0.0049;0.0000;0.0630
1210.0;0.3745;0.3828;-0.0455;0.0000;50;50;0.0012;0.0062;0.0897;0.0020;-0.0049;0.0000;0.0630
1210.5;0.3755;0.3819;0.0110;0.0000;52;48;-0.0794;0.0047;0.0897;-0.0010;-0.0049;0.0000;0.0630
1211.0;0.3759;0.3810;-0.0475;0.0000;50;50;0.0794;0.0032;0.0897;0.0020;-0.0049;0.0000;0.0630
1211.5;0.3732;0.3796;-0.0015;0.0000;50;48;-0.0012;0.0047;0.0897;-0.0000;-0.0049;0.0000;0.0630
1212.0;0.3700;0.3787;-0.0270;0.0000;50;50;-0.0794;0.0062;0.0897;0.0010;-0.0049;0.0000;0.0630
1212.5;0.3672;0.3777;0.0095;0.0000;50;48;-0.0012;0.0076;0.0897;-0.0010;-0.0049;0.0000;0.0630
1213.0;0.3681;0.3768;-0.0360;0.0000;50;50;0.0794;0.0062;0.0897;0.0010;-0.0049;0.0000;0.0630
1213.5;0.3695;0.3759;-0.0220;0.0000;50;48;-0.0794;0.0047;0.0897;0.0010;-0.0049;0.0000;0.0630
1214.0;0.3668;0.3750;-0.0025;0.0000;50;48;-0.0012;0.0062;0.0911;-0.0000;-0.0049;0.0000;0.0630
1214.5;0.3599;0.3736;-0.0225;0.0000;50;48;-0.0012;0.0091;0.0911;0.0010;-0.0049;0.0000;0.0630
1215.0;0.3571;0.3727;0.0300;0.0000;52;48;-0.0012;0.0105;0.0911;-0.0020;-0.0049;0.0000;0.0630
1215.5;0.3594;0.3718;0.0270;0.0000;52;48;-0.0794;0.0091;0.0911;-0.0020;-0.0049;0.0000;0.0630
1216.0;0.3567;0.3709;0.0875;0.0000;52;48;-0.0037;0.0091;0.0911;-0.0049;-0.0049;0.0000;0.0630
1216.5;0.3549;0.3700;0.0575;0.0000;52;48;-0.0037;0.0105;0.0911;-0.0029;-0.0049;0.0000;0.0630
1217.0;0.3526;0.3686;0.0795;0.0000;52;48;-0.0037;0.0120;0.0911;-0.0039;-0.0049;0.0000;0.0630
1217.5;0.3466;0.3677;0.0640;0.0000;52;48;0.0745;0.0149;0.0911;-0.0039;-0.0049;0.0000;0.0630
1218.0;0.3526;0.3668;0.1105;0.0000;52;48;-0.0061;0.0105;0.0911;-0.0059;-0.0049;0.0000;0.0630
1218.5;0.3507;0.3658;0.0785;0.0000;52;48;-0.0037;0.0105;0.0911;-0.0039;-0.0049;0.0000;0.0630
1219.0;0.3484;0.3649;0.0960;0.0000;52;48;-0.0037;0.0120;0.0926;-0.0049;-0.0049;0.0000;0.0630
1219.5;0.3466;0.3636;0.1305;0.0000;52;48;-0.0061;0.0120;0.0926;-0.0068;-0.0049;0.0000;0.0630
1220.0;0.3530;0.3626;0.0640;0.0000;50;48;-0.0037;0.0062;0.0926;-0.0039;-0.0049;0.0000;0.0630
1220.5;0.3507;0.3617;0.0765;0.0000;52;48;-0.0037;0.0076;0.0926;-0.0039;-0.0049;0.0000;0.0630
1221.0;0.3494;0.3608;-0.0450;0.0000;50;48;0.0012;0.0076;0.0926;0.0020;-0.0049;0.0000;0.0630
1221.5;0.3475;0.3599;-0.0520;0.0000;50;48;0.0012;0.0091;0.0926;0.0020;-0.0049;0.0000;0.0630
1222.0;0.3498;0.3590;-0.0885;0.0000;48;50;0.0794;0.0062;0.0926;0.0039;-0.0049;0.0000;0.0630
1222.5;0.3475;0.3576;-0.0650;0.0000;48;48;0.0012;0.0062;0.0926;0.0029;-0.0049;0.0000;0.0630
1223.0;0.3462;0.3567;-0.1200;0.0000;48;50;0.0037;0.0076;0.0926;0.0049;-0.0049;0.0000;0.0630
1223.5;0.3443;0.3558;-0.1035;0.0000;48;50;0.0012;0.0076;0.0926;0.0049;-0.0049;0.0000;0.0630
1224.0;0.3462;0.3549;-0.1570;0.0000;48;50;0.0818;0.0062;0.0926;0.0068;-0.0049;0.0000;0.0630
1224.5;0.3448;0.3539;-0.1645;0.0000;48;50;0.0037;0.0062;0.0926;0.0078;-0.0049;0.0000;0.0630
1225.0;0.3425;0.3526;-0.1580;0.0000;48;50;-0.0745;0.0062;0.0926;0.0068;-0.0049;0.0000;0.0630
1225.5;0.3416;0.3516;-0.2605;0.0000;46;50;0.0085;0.0062;0.0941;0.0117;-0.0049;0.0000;0.0630
1226.0;0.3402;0.3507;-0.2485;0.0000;46;50;0.0085;0.0076;0.0941;0.0117;-0.0049;0.0000;0.0630
1226.5;0.3388;0.3498;-0.2960;0.0000;46;50;0.0085;0.0076;0.0941;0.0137;-0.0049;0.0000;0.0630
1227.0;0.3375;0.3489;-0.2250;0.0000;46;50;0.1624;0.0076;0.0941;0.0108;-0.0049;0.0000;0.0551
1227.5;0.3402;0.3480;-0.2140;0.0000;46;50;-0.0720;0.0047;0.0941;0.0098;-0.0049;0.0000;0.0551
1228.0;0.3388;0.3466;-0.1355;0.0000;48;48;0.0037;0.0047;0.0941;0.0059;-0.0049;0.0000;0.0551
1228.5;0.3370;0.3457;-0.1030;0.0000;48;48;0.0037;0.0062;0.0941;0.0049;-0.0049;0.0000;0.0551
1229.0;0.3402;0.3448;-0.0185;0.0000;48;46;-0.0794;0.0032;0.0941;-0.0000;-0.0049;0.0000;0.0551
1229.5;0.3388;0.3439;0.0295;0.0000;48;46;-0.0012;0.0032;0.0941;-0.0020;-0.0049;0.0000;0.0551
1230.0;0.3333;0.3429;0.0130;0.0000;48;48;0.0769;0.0062;0.0941;-0.0010;-0.0049;0.0000;0.0551
1230.5;0.3324;0.3416;0.0030;0.0000;48;48;-0.0012;0.0062;0.0941;-0.0010;-0.0049;0.0000;0.0551
1231.0;0.3356;0.3407;-0.0670;0.0000;46;48;0.0794;0.0032;0.0941;0.0029;-0.0049;0.0000;0.0551
1231.5;0.3342;0.3397;0.0045;0.0000;48;46;-0.0012;0.0032;0.0941;-0.0010;-0.0049;0.0000;0.0551
1232.0;0.3333;0.3388;-0.0645;0.0000;46;48;0.0012;0.0032;0.0941;0.0029;-0.0049;0.0000;0.0551
1232.5;0.3324;0.3379;0.0290;0.0000;48;46;-0.0012;0.0032;0.0941;-0.0020;-0.0049;0.0000;0.0551
1233.0;0.3306;0.3370;-0.0365;0.0000;48;46;0.0012;0.0032;0.0941;0.0010;-0.0049;0.0000;0.0551
1233.5;0.3301;0.3356;0.0015;0.0000;48;46;-0.0012;0.0032;0.0941;-0.0010;-0.0049;0.0000;0.0551
1234.0;0.3333;0.3347;-0.0380;0.0000;46;46;0.0794;0.0003;0.0941;0.0010;-0.0049;0.0000;0.0551
1234.5;0.3320;0.3338;0.0150;0.0000;46;46;-0.0012;0.0003;0.0941;-0.0010;-0.0049;0.0000;0.0551
1235.0;0.3315;0.3329;0.1370;0.0000;48;44;-0.0061;0.0003;0.0941;-0.0068;-0.0049;0.0000;0.0551
1235.5;0.3306;0.3320;0.1185;0.0000;48;44;-0.0061;0.0003;0.0941;-0.0059;-0.0049;0.0000;0.0551
1236.0;0.3297;0.3306;0.1460;0.0000;48;44;-0.0061;0.0003;0.0941;-0.0078;-0.0049;0.0000;0.0551
1236.5;0.3288;0.3297;0.0495;0.0000;48;46;-0.0037;0.0003;0.0941;-0.0029;-0.0049;0.0000;0.0551
1237.0;0.3278;0.3288;0.1180;0.0000;48;44;-0.0061;0.0003;0.0941;-0.0059;-0.0049;0.0000;0.0551
1237.5;0.3310;0.3278;0.0105;0.0000;46;46;0.0769;-0.0026;0.0941;-0.0010;-0.0049;0.0000;0.0551
1238.0;0.3301;0.3269;0.1370;0.0000;48;44;-0.0061;-0.0026;0.0941;-0.0068;-0.0049;0.0000;0.0551
1238.5;0.3292;0.3255;0.1580;0.0000;48;44;-0.0061;-0.0041;0.0941;-0.0078;-0.0049;0.0000;0.0551
1239.0;0.3283;0.3246;0.2020;0.0000;48;42;-0.0085;-0.0041;0.0941;-0.0098;-0.0049;0.0000;0.0551
1239.5;0.3278;0.3237;0.1485;0.0000;46;42;-0.0061;-0.0041;0.0941;-0.0078;-0.0049;0.0000;0.0551
1240.0;0.3269;0.3228;0.1310;0.0000;46;42;-0.0061;-0.0041;0.0941;-0.0068;-0.0049;0.0000;0.0551
1240.5;0.3223;0.3219;0.1885;0.0000;48;42;-0.0867;-0.0012;0.0941;-0.0098;-0.0049;0.0000;0.0551
1241.0;0.3219;0.3210;0.1020;0.0000;46;42;-0.0037;-0.0012;0.0941;-0.0059;-0.0049;0.0000;0.0551
1241.5;0.3214;0.3196;0.0790;0.0000;46;42;-0.0037;-0.0012;0.0941;-0.0039;-0.0049;0.0000;0.0551
1242.0;0.3210;0.3187;-0.0850;0.0000;44;44;0.0012;-0.0026;0.0941;0.0039;-0.0049;0.0000;0.0551
1242.5;0.3201;0.3178;-0.0950;0.0000;44;44;0.0794;-0.0026;0.0941;0.0039;-0.0049;0.0000;0.0551
1243.0;0.3196;0.3168;-0.2365;0.0000;42;46;0.0061;-0.0026;0.0941;0.0108;-0.0049;0.0000;0.0551
1243.5;0.3196;0.3159;-0.2070;0.0000;42;46;0.0061;-0.0041;0.0941;0.0098;-0.0049;0.0000;0.0551
1244.0;0.3150;0.3146;-0.2650;0.0000;42;46;0.0867;-0.0012;0.0941;0.0117;-0.0049;0.0000;0.0551
1244.5;0.3155;0.3136;-0.2635;0.0000;42;46;0.0085;-0.0026;0.0941;0.0117;-0.0049;0.0000;0.0551
1245.0;0.3155;0.3127;-0.1760;0.0000;42;46;0.0061;-0.0026;0.0941;0.0078;-0.0049;0.0000;0.0551
1245.5;0.3114;0.3118;-0.0915;0.0000;44;44;-0.0769;0.0003;0.0941;0.0039;-0.0049;0.0000;0.0551
1246.0;0.3114;0.3109;0.1015;0.0000;46;42;-0.0037;-0.0012;0.0941;-0.0049;-0.0049;0.0000;0.0551
1246.5;0.3114;0.3100;0.0655;0.0000;46;42;-0.0037;-0.0026;0.0941;-0.0039;-0.0049;0.0000;0.0551
1247.0;0.3114;0.3086;0.0975;0.0000;46;40;-0.0037;-0.0026;0.0941;-0.0049;-0.0049;0.0000;0.0551
1247.5;0.3072;0.3077;-0.0145;0.0000;44;44;0.0769;0.0003;0.0941;-0.0000;-0.0049;0.0000;0.0551
1248.0;0.3077;0.3068;-0.0020;0.0000;44;44;-0.0012;-0.0012;0.0941;-0.0000;-0.0049;0.0000;0.0551
1248.5;0.3077;0.3059;-0.1195;0.0000;42;44;0.0037;-0.0026;0.0941;0.0049;-0.0049;0.0000;0.0472
1249.0;0.3045;0.3049;-0.0385;0.0000;44;44;0.0794;0.0003;0.0941;0.0010;-0.0049;0.0000;0.0472
1249.5;0.3049;0.3036;0.0475;0.0000;44;42;-0.0037;-0.0012;0.0941;-0.0029;-0.0049;0.0000;0.0472
1250.0;0.3049;0.3027;0.0540;0.0000;44;42;-0.0037;-0.0026;0.0941;-0.0029;-0.0049;0.0000;0.0472
1250.5;0.3017;0.3017;0.1195;0.0000;46;40;-0.0061;-0.0012;0.0941;-0.0059;-0.0049;0.0000;0.0472
1251.0;0.2981;0.3008;0.0980;0.0000;46;40;-0.0037;0.0018;0.0941;-0.0049;-0.0049;0.0000;0.0472
1251.5;0.2908;0.2999;0.1825;0.0000;46;40;-0.0085;0.0062;0.0941;-0.0088;-0.0049;0.0000;0.0472
1252.0;0.2921;0.2990;0.1595;0.0000;46;40;-0.0061;0.0047;0.0941;-0.0078;-0.0049;0.0000;0.0472
1252.5;0.2848;0.2976;0.1905;0.0000;48;40;-0.0085;0.0091;0.0941;-0.0098;-0.0049;0.0000;0.0472
1253.0;0.2866;0.2967;0.1570;0.0000;46;40;-0.0061;0.0076;0.0941;-0.0078;-0.0049;0.0000;0.0472
1253.5;0.2875;0.2958;0.1160;0.0000;46;40;-0.0061;0.0047;0.0941;-0.0059;-0.0049;0.0000;0.0472
1254.0;0.2889;0.2949;0.0475;0.0000;44;40;-0.0037;0.0032;0.0941;-0.0029;-0.0049;0.0000;0.0472
1254.5;0.2862;0.2940;0.0115;0.0000;44;42;0.0769;0.0047;0.0941;-0.0010;-0.0049;0.0000;0.0472
1255.0;0.2834;0.2926;-0.0780;0.0000;44;44;0.0794;0.0062;0.0955;0.0029;-0.0049;0.0000;0.0472
1255.5;0.2853;0.2917;-0.1920;0.0000;40;44;0.0061;0.0047;0.0955;0.0088;-0.0049;0.0000;0.0472
1256.0;0.2825;0.2908;-0.1940;0.0000;40;46;0.0842;0.0062;0.0955;0.0088;-0.0049;0.0000;0.0472
1256.5;0.2798;0.2898;-0.1855;0.0000;42;44;-0.0720;0.0062;0.0955;0.0088;-0.0049;0.0000;0.0472
1257.0;0.2816;0.2889;-0.0945;0.0000;42;44;0.0012;0.0047;0.0955;0.0039;-0.0049;0.0000;0.0472
1257.5;0.2793;0.2875;-0.0860;0.0000;42;44;0.0794;0.0062;0.0955;0.0039;-0.0049;0.0000;0.0472
1258.0;0.2811;0.2866;0.0175;0.0000;44;42;-0.0012;0.0032;0.0955;-0.0010;-0.0049;0.0000;0.0472
1258.5;0.2788;0.2857;0.0110;0.0000;44;42;-0.0794;0.0047;0.0955;-0.0010;-0.0049;0.0000;0.0472
1259.0;0.2724;0.2848;0.0740;0.0000;44;40;-0.0037;0.0091;0.0955;-0.0039;-0.0049;0.0000;0.0472
1259.5;0.2747;0.2839;0.0435;0.0000;44;40;-0.0037;0.0062;0.0955;-0.0029;-0.0049;0.0000;0.0472
1260.0;0.2766;0.2830;0.0240;0.0000;44;40;-0.0012;0.0047;0.0955;-0.0020;-0.0049;0.0000;0.0472
1260.5;0.2743;0.2816;0.0405;0.0000;44;42;0.0745;0.0047;0.0955;-0.0020;-0.0049;0.0000;0.0472
1261.0;0.2766;0.2807;-0.0520;0.0000;42;42;0.0012;0.0032;0.0955;0.0020;-0.0049;0.0000;0.0472
1261.5;0.2701;0.2798;-0.0270;0.0000;44;42;0.0769;0.0062;0.0955;0.0010;-0.0049;0.0000;0.0472
1262.0;0.2683;0.2788;-0.0535;0.0000;44;42;-0.0769;0.0076;0.0955;0.0020;-0.0049;0.0000;0.0472
1262.5;0.2706;0.2779;0.0135;0.0000;44;40;-0.0012;0.0047;0.0955;-0.0010;-0.0049;0.0000;0.0472
1263.0;0.2647;0.2766;0.0495;0.0000;44;40;-0.0037;0.0076;0.0955;-0.0029;-0.0049;0.0000;0.0472
1263.5;0.2674;0.2756;0.1010;0.0000;44;40;-0.0037;0.0062;0.0955;-0.0049;-0.0049;0.0000;0.0472
1264.0;0.2656;0.2747;0.0755;0.0000;44;40;0.0745;0.0062;0.0970;-0.0039;-0.0049;0.0000;0.0472
1264.5;0.2679;0.2738;0.0250;0.0000;44;40;-0.0012;0.0032;0.0970;-0.0020;-0.0049;0.0000;0.0472
1265.0;0.2624;0.2729;0.0050;0.0000;44;40;-0.0012;0.0076;0.0970;-0.0010;-0.0049;0.0000;0.0472
1265.5;0.2647;0.2720;-0.0200;0.0000;42;40;-0.0012;0.0047;0.0970;-0.0000;-0.0049;0.0000;0.0472
1266.0;0.2592;0.2706;-0.0140;0.0000;44;40;-0.0012;0.0076;0.0970;-0.0000;-0.0049;0.0000;0.0472
1266.5;0.2619;0.2697;-0.0290;0.0000;42;40;-0.0012;0.0047;0.0970;0.0010;-0.0049;0.0000;0.0472
1267.0;0.2605;0.2688;0.0020;0.0000;44;40;-0.0794;0.0047;0.0970;-0.0010;-0.0049;0.0000;0.0472
1267.5;0.2550;0.2679;-0.0485;0.0000;44;40;0.0012;0.0091;0.0970;0.0020;-0.0049;0.0000;0.0472
1268.0;0.2582;0.2669;-0.0805;0.0000;42;40;0.0012;0.0062;0.0970;0.0029;-0.0049;0.0000;0.0472
1268.5;0.2573;0.2656;-0.1160;0.0000;40;42;0.0818;0.0062;0.0970;0.0049;-0.0049;0.0000;0.0472
1269.0;0.2560;0.2647;-0.1060;0.0000;40;42;-0.0769;0.0062;0.0970;0.0049;-0.0049;0.0000;0.0472
1269.5;0.2550;0.2637;-0.1270;0.0000;40;42;0.0818;0.0062;0.0970;0.0059;-0.0049;0.0000;0.0472
1270.0;0.2578;0.2628;-0.1025;0.0000;40;40;0.0012;0.0032;0.0970;0.0049;-0.0049;0.0000;0.0472
1270.5;0.2523;0.2619;-0.0010;0.0000;42;40;-0.0012;0.0062;0.0970;-0.0000;-0.0049;0.0000;0.0394
1271.0;0.2555;0.2610;0.0415;0.0000;42;40;-0.0037;0.0032;0.0970;-0.0029;-0.0049;0.0000;0.0394
1271.5;0.2509;0.2596;0.0985;0.0000;44;38;-0.0037;0.0062;0.0970;-0.0049;-0.0049;0.0000;0.0394
1272.0;0.2459;0.2587;0.0970;0.0000;44;40;-0.0037;0.0091;0.0984;-0.0049;-0.0049;0.0000;0.0394
1272.5;0.2454;0.2578;0.0675;0.0000;44;40;-0.0818;0.0091;0.0984;-0.0039;-0.0049;0.0000;0.0394
1273.0;0.2450;0.2569;0.0755;0.0000;44;40;0.0745;0.0076;0.0984;-0.0039;-0.0049;0.0000;0.0394
1273.5;0.2445;0.2560;0.0440;0.0000;44;40;-0.0818;0.0076;0.0984;-0.0029;-0.0049;0.0000;0.0394
1274.0;0.2440;0.2546;-0.0085;0.0000;42;40;0.0769;0.0076;0.0984;-0.0000;-0.0049;0.0000;0.0394
1274.5;0.2436;0.2537;-0.0085;0.0000;42;40;-0.0794;0.0076;0.0984;-0.0000;-0.0049;0.0000;0.0394
1275.0;0.2390;0.2527;-0.0465;0.0000;42;40;0.0012;0.0091;0.0984;0.0020;-0.0049;0.0000;0.0394
1275.5;0.2344;0.2518;-0.0900;0.0000;42;40;0.0012;0.0120;0.0984;0.0039;-0.0049;0.0000;0.0394
1276.0;0.2390;0.2509;-0.0725;0.0000;40;40;0.0012;0.0076;0.0984;0.0029;-0.0049;0.0000;0.0394
1276.5;0.2349;0.2500;-0.1030;0.0000;40;40;0.0012;0.0105;0.0984;0.0049;-0.0049;0.0000;0.0394
1277.0;0.2386;0.2486;-0.0575;0.0000;40;40;0.0012;0.0062;0.0984;0.0020;-0.0049;0.0000;0.0394
1277.5;0.2344;0.2477;-0.0985;0.0000;40;40;0.0012;0.0091;0.0984;0.0039;-0.0049;0.0000;0.0394
1278.0;0.2386;0.2468;-0.0785;0.0000;40;40;0.0012;0.0062;0.0999;0.0029;-0.0049;0.0000;0.0394
1278.5;0.2344;0.2459;-0.1170;0.0000;40;40;0.0037;0.0076;0.0999;0.0049;-0.0049;0.0000;0.0394
1279.0;0.2386;0.2450;-0.0600;0.0000;40;40;0.0012;0.0047;0.0999;0.0020;-0.0049;0.0000;0.0394
1279.5;0.2340;0.2436;-0.0175;0.0000;40;40;-0.0012;0.0062;0.0999;-0.0000;-0.0049;0.0000;0.0394
1280.0;0.2340;0.2427;-0.0540;0.0000;40;40;0.0794;0.0062;0.0999;0.0020;-0.0049;0.0000;0.0394
1280.5;0.2299;0.2418;-0.0445;0.0000;40;40;0.0012;0.0076;0.0999;0.0020;-0.0049;0.0000;0.0394
1281.0;0.2303;0.2408;-0.0315;0.0000;40;40;-0.0794;0.0076;0.0999;0.0010;-0.0049;0.0000;0.0394
1281.5;0.2303;0.2399;0.0715;0.0000;42;38;0.0745;0.0062;0.0999;-0.0039;-0.0049;0.0000;0.0394
1282.0;0.2266;0.2386;0.0580;0.0000;42;38;-0.0037;0.0076;0.0999;-0.0029;-0.0049;0.0000;0.0394
1282.5;0.2271;0.2376;0.1070;0.0000;42;38;-0.0842;0.0076;0.0999;-0.0059;-0.0049;0.0000;0.0394
1283.0;0.2276;0.2367;0.0450;0.0000;40;38;0.0745;0.0062;0.0999;-0.0029;-0.0049;0.0000;0.0394
1283.5;0.2280;0.2358;0.0075;0.0000;40;38;-0.0794;0.0047;0.0999;-0.0010;-0.0049;0.0000;0.0394
1284.0;0.2280;0.2349;-0.0605;0.0000;40;40;0.0794;0.0047;0.0999;0.0020;-0.0049;0.0000;0.0394
1284.5;0.2244;0.2340;-0.1270;0.0000;38;40;0.0037;0.0062;0.0999;0.0059;-0.0049;0.0000;0.0394
1285.0;0.2289;0.2326;-0.1195;0.0000;38;40;0.0037;0.0018;0.0999;0.0049;-0.0049;0.0000;0.0394
1285.5;0.2253;0.2317;-0.1735;0.0000;38;40;0.0037;0.0047;0.0999;0.0078;-0.0049;0.0000;0.0394
1286.0;0.2216;0.2308;-0.1265;0.0000;38;40;0.0037;0.0062;0.0999;0.0059;-0.0049;0.0000;0.0394
1286.5;0.2184;0.2299;-0.1195;0.0000;38;40;0.0037;0.0076;0.1014;0.0049;-0.0049;0.0000;0.0394
1287.0;0.2234;0.2289;-0.0250;0.0000;40;38;-0.0012;0.0032;0.1014;0.0010;-0.0049;0.0000;0.0394
1287.5;0.2198;0.2276;-0.0290;0.0000;40;38;-0.0012;0.0047;0.1014;0.0010;-0.0049;0.0000;0.0394
1288.0;0.2166;0.2266;0.0365;0.0000;40;38;-0.0037;0.0062;0.1014;-0.0020;-0.0049;0.0000;0.0394
1288.5;0.2216;0.2257;0.0320;0.0000;40;38;-0.0012;0.0018;0.1014;-0.0020;-0.0049;0.0000;0.0394
1289.0;0.2184;0.2248;0.0020;0.0000;40;38;-0.0012;0.0047;0.1014;-0.0010;-0.0049;0.0000;0.0394
1289.5;0.2152;0.2239;0.0030;0.0000;40;38;-0.0012;0.0062;0.1014;-0.0010;-0.0049;0.0000;0.0394
1290.0;0.2120;0.2230;-0.0290;0.0000;40;38;-0.0012;0.0076;0.1014;0.0010;-0.0049;0.0000;0.0394
1290.5;0.2134;0.2216;0.0125;0.0000;40;38;-0.0794;0.0062;0.1014;-0.0010;-0.0049;0.0000;0.0394
1291.0;0.2102;0.2207;-0.0450;0.0000;40;38;0.0012;0.0076;0.1014;0.0020;-0.0049;0.0000;0.0394
1291.5;0.2074;0.2198;-0.0110;0.0000;40;38;-0.0012;0.0091;0.1014;-0.0000;-0.0049;0.0000;0.0394
1292.0;0.2088;0.2189;-0.0695;0.0000;38;38;0.0794;0.0062;0.1014;0.0029;-0.0049;0.0000;0.0394
1292.5;0.2060;0.2179;-0.0150;0.0000;38;38;-0.0012;0.0076;0.1014;-0.0000;-0.0049;0.0000;0.0315
1293.0;0.2079;0.2166;-0.0055;0.0000;40;38;-0.0794;0.0062;0.1014;-0.0000;-0.0049;0.0000;0.0315
1293.5;0.2092;0.2157;0.0005;0.0000;38;38;0.0769;0.0047;0.1014;-0.0010;-0.0049;0.0000;0.0315
1294.0;0.2060;0.2147;-0.0040;0.0000;38;38;-0.0012;0.0062;0.1014;-0.0000;-0.0049;0.0000;0.0315
1294.5;0.2038;0.2138;-0.0415;0.0000;38;38;0.0012;0.0076;0.1028;0.0020;-0.0049;0.0000;0.0315
1295.0;0.2015;0.2129;-0.0325;0.0000;38;38;-0.0794;0.0076;0.1028;0.0010;-0.0049;0.0000;0.0315
1295.5;0.1987;0.2120;-0.0365;0.0000;38;38;0.0012;0.0091;0.1028;0.0010;-0.0049;0.0000;0.0315
1296.0;0.2010;0.2106;-0.0120;0.0000;38;38;0.0769;0.0062;0.1028;-0.0000;-0.0049;0.0000;0.0315
1296.5;0.1987;0.2097;-0.0490;0.0000;38;38;0.0012;0.0076;0.1028;0.0020;-0.0039;0.0000;0.0315
1297.0;0.1969;0.2088;0.0050;0.0000;38;38;-0.0012;0.0091;0.1028;-0.0010;-0.0039;0.0000;0.0315
1297.5;0.1946;0.2079;0.0075;0.0000;38;38;-0.0012;0.0091;0.1028;-0.0010;-0.0049;0.0000;0.0315
1298.0;0.1928;0.2070;0.0660;0.0000;40;36;-0.0037;0.0105;0.1028;-0.0039;-0.0049;0.0000;0.0315
1298.5;0.1909;0.2056;0.1025;0.0000;40;36;-0.0037;0.0105;0.1028;-0.0059;-0.0049;0.0000;0.0315
1299.0;0.1850;0.2047;0.0795;0.0000;40;38;0.0745;0.0135;0.1028;-0.0039;-0.0049;0.0000;0.0315
1299.5;0.1877;0.2038;0.0380;0.0000;38;38;0.0745;0.0120;0.1028;-0.0020;-0.0049;0.0000;0.0315
1300.0;0.1859;0.2028;-0.0015;0.0000;38;38;-0.0012;0.0120;0.1043;-0.0000;-0.0049;0.0000;0.0315
1300.5;0.1845;0.2019;-0.0340;0.0000;38;38;-0.0012;0.0120;0.1043;0.0010;-0.0049;0.0000;0.0315
1301.0;0.1832;0.2005;-0.0830;0.0000;38;38;0.0012;0.0120;0.1043;0.0039;-0.0049;0.0000;0.0315
1301.5;0.1859;0.1996;-0.0550;0.0000;38;38;0.0794;0.0091;0.1043;0.0020;-0.0049;0.0000;0.0315
1302.0;0.1804;0.1996;-0.0465;0.0000;38;38;-0.0769;0.0135;0.1043;0.0020;-0.0049;0.0000;0.0315
1302.5;0.1832;0.1996;-0.0255;0.0000;38;38;0.0769;0.0120;0.1043;0.0010;-0.0049;0.0000;0.0315
1303.0;0.1818;0.1996;-0.0410;0.0000;38;38;0.0012;0.0135;0.1043;0.0020;-0.0049;0.0000;0.0315
1303.5;0.1804;0.1996;0.0090;0.0000;38;38;-0.0012;0.0135;0.1043;-0.0010;-0.0049;0.0000;0.0315
1304.0;0.1790;0.1996;0.0685;0.0000;40;38;-0.0037;0.0149;0.1058;-0.0039;-0.0049;0.0000;0.0315
1304.5;0.1781;0.1996;0.0965;0.0000;40;38;-0.0037;0.0149;0.1058;-0.0049;-0.0049;0.0000;0.0315
1305.0;0.1809;0.1996;0.1530;0.0000;42;36;-0.0842;0.0135;0.1058;-0.0078;-0.0049;0.0000;0.0315
1305.5;0.1795;0.1996;0.1405;0.0000;42;36;-0.0061;0.0149;0.1058;-0.0068;-0.0049;0.0000;0.0315
1306.0;0.1786;0.1996;0.1610;0.0000;42;36;-0.0061;0.0149;0.1058;-0.0078;-0.0049;0.0000;0.0315
1306.5;0.1772;0.1996;0.1210;0.0000;42;38;-0.0061;0.0164;0.1058;-0.0059;-0.0049;0.0000;0.0315
1307.0;0.1763;0.1996;0.0745;0.0000;42;38;-0.0037;0.0164;0.1058;-0.0039;-0.0049;0.0000;0.0315
1307.5;0.1754;0.1996;-0.0095;0.0000;40;38;-0.0012;0.0179;0.1072;-0.0000;-0.0049;0.0000;0.0315
1308.0;0.1777;0.1996;-0.0380;0.0000;40;40;0.0794;0.0164;0.1072;0.0010;-0.0049;0.0000;0.0315
1308.5;0.1767;0.1996;-0.0315;0.0000;40;40;-0.0012;0.0164;0.1072;0.0010;-0.0049;0.0000;0.0315
1309.0;0.1758;0.1996;0.0065;0.0000;40;40;-0.0012;0.0179;0.1072;-0.0010;-0.0049;0.0000;0.0315
1309.5;0.1749;0.1996;0.0540;0.0000;42;38;-0.0037;0.0179;0.1072;-0.0029;-0.0049;0.0000;0.0315
1310.0;0.1740;0.1996;0.0185;0.0000;40;40;-0.0012;0.0179;0.1072;-0.0010;-0.0049;0.0000;0.0315
1310.5;0.1731;0.1996;0.0130;0.0000;42;40;-0.0012;0.0193;0.1087;-0.0010;-0.0049;0.0000;0.0315
1311.0;0.1722;0.1996;-0.0400;0.0000;40;40;0.0012;0.0193;0.1087;0.0010;-0.0049;0.0000;0.0315
1311.5;0.1712;0.1996;-0.0335;0.0000;40;40;-0.0012;0.0208;0.1087;0.0010;-0.0049;0.0000;0.0315
1312.0;0.1708;0.1996;-0.0540;0.0000;40;40;0.0012;0.0208;0.1087;0.0020;-0.0049;0.0000;0.0315
1312.5;0.1699;0.1996;-0.0275;0.0000;42;40;-0.0012;0.0223;0.1087;0.0010;-0.0049;0.0000;0.0315
1313.0;0.1690;0.1996;-0.0350;0.0000;42;40;0.0012;0.0223;0.1102;0.0010;-0.0049;0.0000;0.0315
1313.5;0.1685;0.1996;-0.0545;0.0000;42;40;0.0012;0.0223;0.1102;0.0020;-0.0049;0.0000;0.0315
1314.0;0.1676;0.1996;-0.0360;0.0000;42;40;0.0012;0.0237;0.1102;0.0010;-0.0049;0.0000;0.0315
1314.5;0.1676;0.1996;-0.0325;0.0000;42;40;-0.0012;0.0237;0.1102;0.0010;-0.0049;0.0000;0.0315
1315.0;0.1667;0.1996;-0.0160;0.0000;44;40;-0.0012;0.0237;0.1102;-0.0000;-0.0049;0.0000;0.0315
1315.5;0.1662;0.1996;-0.0485;0.0000;42;42;0.0012;0.0237;0.1116;0.0020;-0.0049;0.0000;0.0315
1316.0;0.1658;0.1996;-0.0260;0.0000;44;42;-0.0012;0.0252;0.1116;0.0010;-0.0049;0.0000;0.0315
1316.5;0.1653;0.1996;-0.0600;0.0000;44;42;0.0012;0.0252;0.1116;0.0020;-0.0049;0.0000;0.0315
1317.0;0.1648;0.1996;-0.0430;0.0000;44;42;0.0012;0.0252;0.1116;0.0020;-0.0049;0.0000;0.0315
1317.5;0.1644;0.1996;-0.0565;0.0000;44;44;0.0012;0.0252;0.1131;0.0020;-0.0049;0.0000;0.0315
1318.0;0.1639;0.1996;-0.0420;0.0000;44;42;0.0012;0.0267;0.1131;0.0020;-0.0049;0.0000;0.0315
1318.5;0.1635;0.1996;-0.0395;0.0000;44;44;0.0012;0.0267;0.1131;0.0010;-0.0049;0.0000;0.0315
1319.0;0.1630;0.1996;-0.0520;0.0000;44;44;0.0012;0.0267;0.1131;0.0020;-0.0049;0.0000;0.0315
1319.5;0.1630;0.1996;-0.0320;0.0000;44;44;-0.0012;0.0267;0.1146;0.0010;-0.0049;0.0000;0.0315
1320.0;0.1625;0.1996;-0.0160;0.0000;44;44;-0.0012;0.0267;0.1146;-0.0000;-0.0049;0.0000;0.0315
1320.5;0.1621;0.1996;0.0850;0.0000;46;42;-0.0037;0.0281;0.1146;-0.0049;-0.0049;0.0000;0.0315
1321.0;0.1621;0.1996;0.0825;0.0000;46;42;-0.0037;0.0281;0.1146;-0.0049;-0.0049;0.0000;0.0315
1321.5;0.1616;0.1996;0.1265;0.0000;46;42;-0.0061;0.0281;0.1160;-0.0068;-0.0049;0.0000;0.0315
1322.0;0.1648;0.1996;0.0880;0.0000;46;42;0.0745;0.0252;0.1160;-0.0049;-0.0049;0.0000;0.0315
1322.5;0.1648;0.1996;0.1180;0.0000;46;42;-0.0061;0.0252;0.1160;-0.0059;-0.0049;0.0000;0.0315
1323.0;0.1644;0.1996;0.0890;0.0000;46;42;-0.0037;0.0252;0.1160;-0.0049;-0.0049;0.0000;0.0315
1323.5;0.1639;0.1996;0.1335;0.0000;46;42;-0.0061;0.0267;0.1175;-0.0068;-0.0049;0.0000;0.0315
1324.0;0.1635;0.1996;0.1210;0.0000;46;42;-0.0061;0.0267;0.1175;-0.0059;-0.0049;0.0000;0.0315
1324.5;0.1630;0.1996;-0.0175;0.0000;46;44;-0.0012;0.0267;0.1175;-0.0000;-0.0049;0.0000;0.0315
1325.0;0.1630;0.1996;0.0315;0.0000;46;44;-0.0012;0.0267;0.1175;-0.0020;-0.0049;0.0000;0.0315
1325.5;0.1625;0.1996;-0.0755;0.0000;44;44;0.0012;0.0267;0.1190;0.0029;-0.0049;0.0000;0.0315
1326.0;0.1621;0.1996;-0.0580;0.0000;46;44;0.0012;0.0281;0.1190;0.0020;-0.0049;0.0000;0.0315
1326.5;0.1621;0.1996;-0.0630;0.0000;46;46;0.0012;0.0281;0.1190;0.0029;-0.0049;0.0000;0.0315
1327.0;0.1616;0.1996;-0.0265;0.0000;46;44;-0.0012;0.0281;0.1190;0.0010;-0.0049;0.0000;0.0315
1327.5;0.1653;0.1996;-0.0195;0.0000;46;44;-0.0794;0.0252;0.1204;-0.0000;-0.0049;0.0000;0.0315
1328.0;0.1648;0.1996;0.0000;0.0000;46;44;-0.0012;0.0252;0.1204;-0.0010;-0.0049;0.0000;0.0315
1328.5;0.1644;0.1996;0.0590;0.0000;46;44;-0.0037;0.0252;0.1204;-0.0029;-0.0049;0.0000;0.0315
1329.0;0.1639;0.1996;0.0335;0.0000;46;44;-0.0012;0.0267;0.1204;-0.0020;-0.0049;0.0000;0.0315
1329.5;0.1676;0.1996;0.0825;0.0000;46;44;0.0745;0.0237;0.1219;-0.0049;-0.0049;0.0000;0.0315
1330.0;0.1671;0.1996;-0.0325;0.0000;46;44;-0.0012;0.0237;0.1219;0.0010;-0.0049;0.0000;0.0315
1330.5;0.1667;0.1996;0.0115;0.0000;46;44;-0.0012;0.0237;0.1219;-0.0010;-0.0049;0.0000;0.0315
1331.0;0.1658;0.1996;-0.0780;0.0000;46;46;0.0012;0.0252;0.1219;0.0029;-0.0049;0.0000;0.0315
1331.5;0.1653;0.1996;-0.0945;0.0000;46;46;0.0012;0.0252;0.1219;0.0039;-0.0049;0.0000;0.0315
1332.0;0.1648;0.1996;-0.0570;0.0000;46;46;0.0012;0.0252;0.1234;0.0020;-0.0049;0.0000;0.0315
1332.5;0.1644;0.1996;-0.0250;0.0000;46;46;-0.0012;0.0252;0.1234;0.0010;-0.0049;0.0000;0.0315
1333.0;0.1680;0.1996;-0.0050;0.0000;46;44;-0.0794;0.0237;0.1234;-0.0000;-0.0049;0.0000;0.0315
1333.5;0.1676;0.1996;-0.0350;0.0000;46;46;-0.0012;0.0237;0.1234;0.0010;-0.0049;0.0000;0.0315
1334.0;0.1671;0.1996;0.0210;0.0000;48;44;-0.0012;0.0237;0.1248;-0.0020;-0.0049;0.0000;0.0315
1334.5;0.1703;0.1996;-0.0205;0.0000;46;46;0.0769;0.0208;0.1248;-0.0000;-0.0049;0.0000;0.0315
1335.0;0.1699;0.1996;0.0100;0.0000;46;44;-0.0012;0.0223;0.1248;-0.0010;-0.0049;0.0000;0.0315
1335.5;0.1690;0.1996;-0.0410;0.0000;46;46;0.0012;0.0223;0.1248;0.0010;-0.0049;0.0000;0.0315
1336.0;0.1685;0.1996;-0.0645;0.0000;46;46;0.0012;0.0223;0.1248;0.0029;-0.0049;0.0000;0.0315
1336.5;0.1680;0.1996;-0.1180;0.0000;46;46;0.0037;0.0237;0.1263;0.0049;-0.0049;0.0000;0.0315
1337.0;0.1712;0.1996;-0.0790;0.0000;46;46;-0.0769;0.0208;0.1263;0.0029;-0.0049;0.0000;0.0315
1337.5;0.1703;0.1996;-0.0250;0.0000;46;46;-0.0012;0.0208;0.1263;0.0010;-0.0049;0.0000;0.0315
1338.0;0.1699;0.1996;-0.0340;0.0000;46;46;-0.0012;0.0223;0.1263;0.0010;-0.0049;0.0000;0.0315
1338.5;0.1694;0.1996;-0.0115;0.0000;48;46;-0.0012;0.0223;0.1263;-0.0000;-0.0049;0.0000;0.0315
1339.0;0.1685;0.1996;-0.0250;0.0000;46;46;-0.0012;0.0223;0.1277;0.0010;-0.0049;0.0000;0.0315
1339.5;0.1680;0.1996;0.0225;0.0000;48;46;-0.0012;0.0237;0.1277;-0.0020;-0.0049;0.0000;0.0315
1340.0;0.1754;0.1996;-0.0185;0.0000;46;46;-0.0012;0.0179;0.1277;-0.0000;-0.0049;0.0000;0.0315
1340.5;0.1745;0.1996;0.0395;0.0000;48;44;-0.0037;0.0179;0.1277;-0.0020;-0.0049;0.0000;0.0315
1341.0;0.1735;0.1996;0.0055;0.0000;48;46;-0.0012;0.0193;0.1277;-0.0010;-0.0049;0.0000;0.0315
1341.5;0.1726;0.1996;-0.0060;0.0000;48;46;-0.0012;0.0193;0.1292;-0.0000;-0.0049;0.0000;0.0315
1342.0;0.1717;0.1996;-0.0370;0.0000;46;46;0.0012;0.0208;0.1292;0.0010;-0.0049;0.0000;0.0315
1342.5;0.1749;0.1996;-0.0360;0.0000;46;46;0.0794;0.0179;0.1292;0.0010;-0.0049;0.0000;0.0315
1343.0;0.1781;0.1996;-0.0135;0.0000;46;46;-0.0794;0.0149;0.1292;-0.0000;-0.0049;0.0000;0.0315
1343.5;0.1767;0.1996;-0.0375;0.0000;46;46;0.0012;0.0164;0.1292;0.0010;-0.0049;0.0000;0.0315
1344.0;0.1758;0.1996;0.0200;0.0000;48;46;-0.0012;0.0179;0.1292;-0.0020;-0.0049;0.0000;0.0315
1344.5;0.1749;0.1996;0.0000;0.0000;48;46;-0.0012;0.0179;0.1307;-0.0010;-0.0049;0.0000;0.0315
1345.0;0.1781;0.1996;0.0725;0.0000;48;44;0.0745;0.0149;0.1307;-0.0039;-0.0049;0.0000;0.0315
1345.5;0.1804;0.1996;0.0155;0.0000;46;44;-0.0794;0.0135;0.1307;-0.0010;-0.0049;0.0000;0.0315
1346.0;0.1790;0.1996;0.0705;0.0000;48;44;-0.0037;0.0149;0.1307;-0.0039;-0.0049;0.0000;0.0315
1346.5;0.1781;0.1996;0.0270;0.0000;48;44;-0.0012;0.0149;0.1307;-0.0020;-0.0049;0.0000;0.0315
1347.0;0.1809;0.1996;0.0105;0.0000;46;46;0.0769;0.0135;0.1307;-0.0010;-0.0049;0.0000;0.0315
1347.5;0.1841;0.1996;-0.0370;0.0000;46;46;-0.0794;0.0105;0.1307;0.0010;-0.0049;0.0000;0.0315
1348.0;0.1827;0.1996;-0.0310;0.0000;46;46;-0.0012;0.0120;0.1321;0.0010;-0.0049;0.0000;0.0315
1348.5;0.1813;0.1996;-0.0155;0.0000;46;46;-0.0012;0.0135;0.1321;-0.0000;-0.0049;0.0000;0.0315
1349.0;0.1841;0.1996;-0.0500;0.0000;46;46;0.0794;0.0105;0.1321;0.0020;-0.0049;0.0000;0.0315
1349.5;0.1827;0.1996;-0.0160;0.0000;46;46;-0.0012;0.0120;0.1321;-0.0000;-0.0049;0.0000;0.0315
1350.0;0.1850;0.1996;-0.0535;0.0000;46;46;-0.0769;0.0105;0.1321;0.0020;-0.0049;0.0000;0.0315
1350.5;0.1836;0.1996;0.0410;0.0000;48;44;-0.0037;0.0120;0.1321;-0.0029;-0.0049;0.0000;0.0315
1351.0;0.1864;0.1996;0.0660;0.0000;46;44;0.0745;0.0091;0.1321;-0.0039;-0.0049;0.0000;0.0315
1351.5;0.1845;0.1996;0.1010;0.0000;48;44;-0.0037;0.0105;0.1321;-0.0049;-0.0049;0.0000;0.0315
1352.0;0.1877;0.1996;0.0890;0.0000;48;44;-0.0818;0.0091;0.1321;-0.0049;-0.0049;0.0000;0.0315
1352.5;0.1900;0.1996;0.0515;0.0000;46;44;0.0745;0.0062;0.1321;-0.0029;-0.0049;0.0000;0.0315
1353.0;0.1882;0.1996;0.0195;0.0000;46;44;-0.0012;0.0076;0.1336;-0.0010;-0.0049;0.0000;0.0315
1353.5;0.1864;0.1996;0.0115;0.0000;46;44;-0.0012;0.0091;0.1336;-0.0010;-0.0049;0.0000;0.0315
1354.0;0.1850;0.1996;0.0350;0.0000;46;44;-0.0818;0.0105;0.1336;-0.0020;-0.0049;0.0000;0.0315