general_params = {
fan_speed = 600.000000,
angular_kp = 0.090000,
angular_ki = 0.000500,
angular_kd = 0.050000,
angular_acc_feed_forward_k = 0.000600,
angular_brake_feed_forward_k = 0.000600,
angular_vel_feed_forward_k = 0.005600,
linear_vel_acc_feed_forward_k = 0.033000,
linear_vel_brake_feed_forward_k = 0.025000,
linear_vel_feed_forward_k = 0.141000,
wall_kp = 0.025000,
wall_ki = 0.000000,
wall_kd = 0.000000,
linear_vel_kp = 2.500000,
linear_vel_ki = 0.010000,
linear_vel_kd = 0.000000,
diagonal_walls_kp = 0.001000,
diagonal_walls_ki = 0.000000,
diagonal_walls_kd = 0.004000,
start_wall_break_mm_left = 56.000000,
start_wall_break_mm_right = 64.000000,
enable_wall_break_correction = 1.000000,
max_linear_acc_jerk = 625.000000,
max_linear_brake_jerk = 625.000000,
wheel_radius_mm = 13.100000,
coulomb_ff = 0.180000,
angular_coulomb_ff = 0.070000,
angular_static_ff = 0.250000,
angular_coulomb_ff_inplace = 0.000000,
angular_static_ff_inplace = 0.000000,
};
t;Vel;TgtVel;AngVel;TgtAngVel;PWM_L;PWM_R;ImuDiff;PosX;PosY;Angle;Dist;SensL;SensFL;SensFR;SensR
0.0;0.0000;0.0000;-0.0494;0.0000;-3;1;-0.2493;0.1985;0.0000;-0.0109;-0.2439;190.6;270.0;270.0;187.1
0.5;0.0000;0.0005;-0.0838;0.0000;-3;1;-0.0049;0.1985;0.0000;-0.0109;-0.2439;190.6;270.0;270.0;187.1
1.0;0.0000;0.0009;-0.0865;0.0000;-3;1;-0.0049;0.1985;0.0000;-0.0109;-0.2439;190.0;270.0;270.0;187.1
1.5;0.0000;0.0014;-0.0412;0.0000;54;56;-0.0049;0.1985;0.0000;-0.0109;-0.2439;190.0;270.0;270.0;187.1
2.0;0.0000;0.0023;-0.0096;0.0000;56;58;-0.0049;0.1985;0.0000;-0.0109;-0.2439;190.3;270.0;270.0;187.1
2.5;0.0005;0.0032;0.0124;0.0000;60;60;-0.0049;0.1985;0.0000;-0.0109;-0.2439;190.3;270.0;270.0;187.1
3.0;0.0009;0.0041;0.0453;0.0000;64;62;-0.0049;0.1985;0.0000;-0.0109;-0.2439;190.3;270.0;270.0;187.1
3.5;0.0014;0.0055;0.0687;0.0000;67;64;-0.0049;0.1985;0.0000;-0.0109;-0.2439;190.0;270.0;270.0;187.1
4.0;0.0023;0.0069;-0.0041;0.0000;69;69;-0.0049;0.1985;0.0000;-0.0109;-0.2439;190.0;270.0;270.0;186.9
4.5;0.0032;0.0082;-0.0288;0.0000;71;71;-0.0049;0.1985;0.0000;-0.0109;-0.2439;190.6;270.0;270.0;186.9
5.0;0.0041;0.0101;-0.0453;0.0000;73;75;-0.0049;0.1985;0.0000;-0.0109;-0.2439;190.6;270.0;270.0;187.1
5.5;0.0055;0.0119;-0.0385;0.0000;77;79;-0.0049;0.1985;0.0000;-0.0109;-0.2439;190.6;270.0;270.0;187.1
6.0;0.0069;0.0142;-0.0069;0.0000;81;81;-0.0049;0.1985;0.0000;-0.0109;-0.2439;189.8;270.0;270.0;187.1
6.5;0.0082;0.0160;0.0165;0.0000;85;83;-0.0049;0.1985;0.0000;-0.0109;-0.2439;189.8;270.0;270.0;186.9
7.0;0.0096;0.0183;0.0742;0.0000;89;85;-0.0049;0.1985;0.0000;-0.0109;-0.2439;190.8;270.0;270.0;186.9
7.5;0.0114;0.0211;-0.0179;0.0000;91;93;-0.0049;0.1985;0.0000;-0.0109;-0.2439;190.8;270.0;270.0;187.1
8.0;0.0128;0.0238;-0.0824;0.0000;93;97;-0.0049;0.1985;0.0000;-0.0109;-0.2439;190.8;270.0;270.0;187.1
8.5;0.0147;0.0266;-0.0824;0.0000;95;99;-0.0049;0.1985;0.0000;-0.0109;-0.2439;191.9;270.0;270.0;187.1
9.0;0.0206;0.0293;-0.0220;0.0000;101;103;-0.0049;0.2748;0.0000;-0.0109;-0.2439;191.9;270.0;270.0;187.1
9.5;0.0247;0.0325;0.0206;0.0000;103;103;-0.0049;0.2748;0.0000;-0.0109;-0.2439;191.1;270.0;270.0;187.1
10.0;0.0288;0.0357;0.0412;0.0000;107;105;-0.0049;0.2748;0.0000;-0.0109;-0.2439;191.1;270.0;270.0;187.4
10.5;0.0321;0.0394;0.1126;0.0000;110;107;-0.0049;0.2748;0.0000;-0.0109;-0.2439;191.1;270.0;270.0;187.4
11.0;0.0385;0.0430;0.1621;0.0000;114;107;-0.0049;0.3588;0.0000;-0.0109;-0.2439;190.8;270.0;270.0;187.4
11.5;0.0440;0.0467;0.1195;0.0000;114;109;-0.0049;0.3588;0.0000;-0.0109;-0.2439;190.8;270.0;270.0;187.1
12.0;0.0485;0.0504;0.0467;0.0000;116;112;-0.0049;0.3588;0.0000;-0.0109;-0.2439;190.8;270.0;270.0;187.1
12.5;0.0517;0.0545;0.0165;0.0000;118;116;-0.0049;0.3588;0.0000;-0.0109;-0.2439;190.8;270.0;270.0;187.1
13.0;0.0549;0.0586;0.0082;0.0000;120;120;-0.0049;0.3588;0.0000;-0.0109;-0.2439;190.3;270.0;270.0;187.1
13.5;0.0586;0.0632;-0.1168;0.0000;122;126;-0.0831;0.3969;0.0000;-0.0109;-0.2439;190.6;270.0;270.0;187.1
14.0;0.0627;0.0678;-0.1799;0.0000;122;132;0.0831;0.4351;0.0000;-0.0109;-0.2439;190.8;270.0;270.0;187.4
14.5;0.0678;0.0723;-0.1497;0.0000;126;136;0.0049;0.5191;-0.0076;-0.0109;-0.2439;190.0;270.0;270.0;187.1
15.0;0.0723;0.0774;-0.2294;0.0000;128;138;-0.0733;0.5573;-0.0076;-0.0328;0.5557;190.8;270.0;270.0;187.1
15.5;0.0774;0.0824;-0.1332;0.0000;136;140;-0.0831;0.5954;-0.0076;-0.0328;0.5557;190.0;270.0;270.0;187.1
16.0;0.0824;0.0875;-0.0907;0.0000;138;142;-0.0049;0.6794;-0.0076;-0.0328;0.5557;190.8;270.0;270.0;186.6
16.5;0.0884;0.0929;-0.1772;0.0000;140;148;0.0049;0.7634;-0.0076;-0.0328;0.5557;190.8;270.0;270.0;187.1
17.0;0.0948;0.0980;-0.1264;0.0000;144;150;-0.0049;0.8397;-0.0076;-0.0328;0.5557;190.3;270.0;270.0;186.9
17.5;0.1003;0.1039;-0.1181;0.0000;146;152;0.0831;0.8779;-0.0076;-0.0548;0.5557;191.3;270.0;270.0;187.7
18.0;0.1058;0.1094;-0.2376;0.0000;148;157;-0.0733;0.9237;-0.0076;-0.0548;0.5557;191.3;270.0;270.0;187.1
18.5;0.1108;0.1154;-0.1621;0.0000;153;161;0.0831;0.9618;-0.0076;-0.0548;0.5557;191.1;270.0;270.0;187.1
19.0;0.1172;0.1218;-0.2157;0.0000;155;165;-0.0733;1.0840;-0.0076;-0.0548;0.5557;192.1;270.0;270.0;186.9
19.5;0.1236;0.1277;-0.2720;0.0000;157;169;0.0049;1.1603;-0.0076;-0.0768;0.5557;191.3;270.0;270.0;186.9
20.0;0.1305;0.1342;-0.2266;0.0000;161;173;0.0049;1.2443;-0.0076;-0.0768;0.5557;191.1;270.0;270.0;186.9
20.5;0.1369;0.1410;-0.2431;0.0000;163;175;0.0049;1.3206;-0.0076;-0.0768;0.5557;190.8;270.0;270.0;186.6
21.0;0.1451;0.1474;-0.2473;0.0000;167;179;0.0049;1.4809;-0.0076;-0.0988;1.3553;192.1;270.0;270.0;186.6
21.5;0.1525;0.1543;-0.1813;0.0000;171;181;0.0049;1.5649;-0.0076;-0.0988;1.3553;190.8;270.0;270.0;186.6
22.0;0.1607;0.1616;-0.1484;0.0000;177;183;-0.0831;1.6870;-0.0076;-0.0988;1.3553;191.6;270.0;270.0;187.1
22.5;0.1680;0.1685;-0.2005;0.0000;179;187;0.0049;1.7634;-0.0076;-0.0988;1.3553;191.9;270.0;270.0;186.6
23.0;0.1758;0.1758;-0.1799;0.0000;183;191;-0.0831;1.8855;-0.0076;-0.1207;1.3553;190.8;270.0;270.0;186.6
23.5;0.1841;0.1836;-0.1978;0.0000;185;193;0.0831;2.0076;-0.0076;-0.1207;1.3553;190.8;270.0;270.0;186.3
24.0;0.1923;0.1914;-0.2637;0.0000;187;198;-0.0733;2.1298;-0.0076;-0.1207;1.3553;191.3;270.0;270.0;186.3
24.5;0.2010;0.1992;-0.2610;0.0000;189;202;0.0049;2.2901;-0.0076;-0.1427;2.1549;191.3;270.0;270.0;186.3
25.0;0.2092;0.2070;-0.2582;0.0000;191;202;0.0831;2.4046;-0.0076;-0.1427;2.1549;191.3;270.0;270.0;186.3
25.5;0.2179;0.2152;-0.3077;0.0000;195;206;-0.0733;2.6107;-0.0076;-0.1427;2.1549;191.3;270.0;270.0;186.3
26.0;0.2266;0.2234;-0.2679;0.0000;198;210;0.0049;2.7710;-0.0076;-0.1647;2.1549;190.8;270.0;270.0;186.1
26.5;0.2349;0.2317;-0.2761;0.0000;202;212;-0.0733;2.8931;-0.0076;-0.1647;2.1549;192.4;270.0;270.0;186.1
27.0;0.2440;0.2404;-0.2747;0.0000;206;218;0.0049;3.0534;-0.0076;-0.1647;2.9546;192.9;270.0;270.0;186.3
27.5;0.2532;0.2491;-0.2253;0.0000;210;222;0.1613;3.2137;-0.0076;-0.1867;2.9546;192.7;270.0;270.0;186.3
28.0;0.2633;0.2582;-0.2720;0.0000;212;224;-0.0733;3.4122;-0.0076;-0.1867;2.9546;191.9;270.0;270.0;186.3
28.5;0.2743;0.2669;-0.2775;0.0000;214;228;-0.0733;3.6107;-0.0076;-0.1867;2.9546;191.3;270.0;270.0;186.1
29.0;0.2848;0.2766;-0.2555;0.0000;218;230;0.0049;3.7710;-0.0076;-0.2086;3.7542;191.6;270.0;270.0;185.8
29.5;0.2962;0.2857;-0.2912;0.0000;220;234;0.0049;4.0153;-0.0076;-0.2086;3.7542;192.9;270.0;270.0;186.1
30.0;0.3082;0.2953;-0.2871;0.0000;224;238;-0.0733;4.2137;-0.0153;-0.2086;3.7542;192.7;270.0;270.0;186.1
30.5;0.3196;0.3049;-0.3434;0.0000;226;241;0.0831;4.4198;-0.0153;-0.2306;3.7542;192.4;270.0;270.0;185.8
31.0;0.3315;0.3146;-0.3626;0.0000;226;243;-0.0733;4.6947;-0.0153;-0.2306;4.5538;191.6;270.0;270.0;186.1
31.5;0.3434;0.3246;-0.3599;0.0000;230;247;0.0929;4.9008;-0.0153;-0.2526;4.5538;191.6;270.0;270.0;185.5
32.0;0.3558;0.3347;-0.4121;0.0000;232;253;0.0049;5.1374;-0.0153;-0.2526;4.5538;192.4;270.0;270.0;185.3
32.5;0.3672;0.3452;-0.4011;0.0000;234;253;0.0049;5.3817;-0.0153;-0.2746;5.3534;192.4;270.0;270.0;185.5
33.0;0.3787;0.3558;-0.3379;0.0000;239;255;-0.0733;5.5802;-0.0153;-0.2746;5.3534;191.9;270.0;270.0;185.3
33.5;0.3901;0.3663;-0.3626;0.0000;241;259;0.0049;5.8244;-0.0153;-0.2965;5.3534;192.1;270.0;270.0;185.5
34.0;0.4029;0.3773;-0.3585;0.0000;245;263;-0.0733;6.1069;-0.0229;-0.2965;5.3534;192.1;270.0;270.0;185.3
34.5;0.4158;0.3883;-0.2926;0.0000;249;265;0.0049;6.3435;-0.0229;-0.3185;6.1530;192.1;270.0;270.0;185.3
35.0;0.4281;0.3993;-0.3407;0.0000;251;269;0.0049;6.5878;-0.0229;-0.3185;6.1530;192.4;270.0;270.0;185.8
35.5;0.4414;0.4103;-0.3668;0.0000;253;273;0.0049;6.9084;-0.0229;-0.3405;6.1530;194.8;270.0;270.0;185.8
36.0;0.4551;0.4217;-0.3599;0.0000;257;275;-0.0733;7.1908;-0.0229;-0.3405;6.9526;193.5;270.0;270.0;185.8
36.5;0.4689;0.4332;-0.3503;0.0000;257;275;0.0049;7.5115;-0.0305;-0.3405;6.9526;193.5;270.0;270.0;185.5
37.0;0.4817;0.4451;-0.4135;0.0000;257;279;0.0049;7.7557;-0.0305;-0.3624;7.7522;193.2;270.0;270.0;185.3
37.5;0.4959;0.4570;-0.4107;0.0000;263;283;-0.0733;8.1145;-0.0305;-0.3844;7.7522;192.7;270.0;270.0;185.0
38.0;0.5105;0.4689;-0.4505;0.0000;263;286;0.0147;8.4351;-0.0305;-0.3844;7.7522;194.0;270.0;270.0;185.0
38.5;0.5252;0.4812;-0.4629;0.0000;265;290;0.0147;8.7557;-0.0382;-0.4064;8.5518;192.9;270.0;270.0;185.3
39.0;0.5398;0.4936;-0.4451;0.0000;269;292;0.0147;9.0763;-0.0382;-0.4064;8.5518;192.4;270.0;270.0;185.0
39.5;0.5554;0.5060;-0.4808;0.0000;271;294;-0.0635;9.4427;-0.0382;-0.4284;9.3514;192.9;270.0;270.0;185.0
40.0;0.5701;0.5183;-0.4505;0.0000;271;294;0.0147;9.7634;-0.0458;-0.4503;9.3514;193.2;270.0;270.0;184.8
40.5;0.5852;0.5311;-0.4244;0.0000;271;294;0.0929;10.1221;-0.0458;-0.4503;9.3514;193.2;270.0;270.0;184.5
41.0;0.6007;0.5435;-0.4313;0.0000;271;292;-0.0733;10.4886;-0.0458;-0.4723;10.1510;193.7;270.0;270.0;184.5
41.5;0.6163;0.5559;-0.3599;0.0000;271;290;0.0049;10.8855;-0.0534;-0.4723;10.1510;194.0;270.0;270.0;185.0
42.0;0.6314;0.5687;-0.3997;0.0000;269;290;0.0049;11.2061;-0.0534;-0.4943;10.9506;193.7;270.0;270.0;184.5
42.5;0.6456;0.5810;-0.4478;0.0000;267;290;0.0147;11.6107;-0.0611;-0.4943;10.9506;193.5;270.0;270.0;184.8
43.0;0.6603;0.5934;-0.3462;0.0000;271;288;-0.0733;11.9695;-0.0611;-0.5163;11.7503;193.7;270.0;270.0;185.3
43.5;0.6749;0.6062;-0.3214;0.0000;271;288;0.0831;12.4122;-0.0611;-0.5163;11.7503;193.2;270.0;270.0;184.8
44.0;0.6891;0.6186;-0.4107;0.0000;267;288;-0.0733;12.7786;-0.0687;-0.5382;12.5499;195.8;270.0;270.0;185.5
44.5;0.7042;0.6310;-0.2802;0.0000;271;286;0.0831;13.2214;-0.0687;-0.5382;12.5499;194.5;270.0;270.0;185.3
45.0;0.7189;0.6433;-0.2857;0.0000;269;284;0.0049;13.6183;-0.0763;-0.5382;13.3495;195.6;270.0;270.0;185.3
45.5;0.7344;0.6561;-0.2843;0.0000;269;284;-0.0733;14.0611;-0.0763;-0.5602;13.3495;194.8;270.0;270.0;185.0
46.0;0.7500;0.6685;-0.2706;0.0000;267;284;0.0831;14.5038;-0.0840;-0.5602;14.1491;193.7;270.0;270.0;184.5
46.5;0.7647;0.6809;-0.2102;0.0000;267;281;0.0049;14.9084;-0.0916;-0.5602;14.1491;194.3;270.0;270.0;184.2
47.0;0.7802;0.6937;-0.2294;0.0000;267;281;0.0049;15.3893;-0.0916;-0.5822;14.9487;194.3;270.0;270.0;184.0
47.5;0.7953;0.7060;-0.2569;0.0000;265;281;0.0049;15.8702;-0.0992;-0.5822;15.7483;194.8;270.0;270.0;184.5
48.0;0.8095;0.7184;-0.3187;0.0000;261;279;0.0049;16.2748;-0.0992;-0.5822;15.7483;194.8;270.0;270.0;184.5
48.5;0.8242;0.7312;-0.3324;0.0000;259;279;0.0049;16.7557;-0.1069;-0.6042;16.5479;195.6;270.0;270.0;184.5
49.0;0.8393;0.7436;-0.2459;0.0000;261;277;0.0049;17.2366;-0.1145;-0.6042;16.5479;194.3;270.0;270.0;184.2
49.5;0.8544;0.7560;-0.3915;0.0000;255;279;0.0049;17.7176;-0.1145;-0.6261;17.3475;195.0;270.0;270.0;184.2
50.0;0.8695;0.7683;-0.3475;0.0000;255;279;0.0049;18.1985;-0.1221;-0.6261;18.1471;194.3;270.0;270.0;184.2
50.5;0.8842;0.7811;-0.3984;0.0000;255;279;0.0049;18.6870;-0.1298;-0.6481;18.1471;194.8;270.0;270.0;183.7
51.0;0.8988;0.7935;-0.4272;0.0000;253;279;0.0147;19.1679;-0.1298;-0.6481;18.9467;195.3;270.0;270.0;184.2
51.5;0.9130;0.8059;-0.3544;0.0000;255;277;0.0049;19.6489;-0.1374;-0.6701;18.9467;195.8;270.0;270.0;184.5
52.0;0.9277;0.8187;-0.2734;0.0000;255;275;-0.0733;20.1679;-0.1450;-0.6701;19.7464;194.5;270.0;270.0;184.2
52.5;0.9423;0.8310;-0.2898;0.0000;255;275;0.0831;20.6947;-0.1527;-0.6701;20.5460;194.8;270.0;270.0;184.5
53.0;0.9570;0.8434;-0.3242;0.0000;253;275;-0.0733;21.2137;-0.1527;-0.6921;20.5460;195.6;270.0;270.0;184.2
53.5;0.9707;0.8562;-0.2418;0.0000;255;273;0.0049;21.6947;-0.1603;-0.6921;21.3456;195.3;270.0;270.0;183.7
54.0;0.9853;0.8686;-0.3571;0.0000;251;275;0.0049;22.2595;-0.1679;-0.7140;22.1452;195.0;270.0;270.0;184.5
54.5;0.9995;0.8810;-0.3008;0.0000;253;275;0.0049;22.8244;-0.1756;-0.7140;22.1452;195.8;270.0;270.0;184.0
55.0;1.0133;0.8933;-0.3626;0.0000;251;277;0.0929;23.3435;-0.1832;-0.7140;22.9448;194.8;270.0;270.0;183.7
55.5;1.0275;0.9061;-0.3283;0.0000;251;275;0.0049;23.9084;-0.1908;-0.7360;23.7444;195.6;270.0;270.0;183.4
56.0;1.0412;0.9185;-0.3462;0.0000;251;275;0.0049;24.4733;-0.1985;-0.7360;23.7444;194.8;270.0;270.0;183.2
56.5;1.0549;0.9309;-0.2692;0.0000;251;273;0.0831;24.9924;-0.2061;-0.7580;24.5440;195.0;270.0;270.0;183.2
57.0;1.0691;0.9437;-0.3049;0.0000;251;275;0.0831;25.5954;-0.2137;-0.7580;25.3436;195.3;270.0;270.0;182.9
57.5;1.0829;0.9560;-0.2706;0.0000;251;275;0.0049;26.1603;-0.2214;-0.7580;26.1432;196.1;270.0;270.0;184.0
58.0;1.0966;0.9684;-0.2184;0.0000;253;273;0.0049;26.7252;-0.2214;-0.7800;26.1432;195.3;270.0;270.0;183.4
58.5;1.1099;0.9812;-0.3420;0.0000;249;275;0.0049;27.2824;-0.2290;-0.7800;26.9428;196.1;270.0;270.0;183.4
59.0;1.1236;0.9936;-0.3118;0.0000;247;273;0.0831;27.8855;-0.2443;-0.8019;27.7425;195.6;270.0;270.0;182.9
59.5;1.1374;1.0060;-0.3764;0.0000;245;275;0.0929;28.4886;-0.2519;-0.8019;27.7425;196.1;270.0;270.0;182.9
60.0;1.1511;1.0183;-0.3571;0.0000;247;275;-0.0733;29.0916;-0.2595;-0.8239;28.5421;196.4;270.0;270.0;182.9
60.5;1.1653;1.0311;-0.3489;0.0000;247;273;0.0049;29.7328;-0.2672;-0.8239;29.3417;195.8;270.0;270.0;182.9
61.0;1.1799;1.0435;-0.4368;0.0742;220;302;0.0147;30.3817;-0.2748;-0.8459;30.1413;196.6;270.0;270.0;182.9
61.5;1.1932;1.0559;-0.4808;0.0989;234;286;0.0147;31.0229;-0.2824;-0.8459;30.9409;197.7;270.0;270.0;182.9
62.0;1.2065;1.0687;-0.3956;0.0742;251;269;0.0049;31.6641;-0.2977;-0.8679;30.9409;197.2;270.0;270.0;182.9
62.5;1.2202;1.0810;-0.3681;0.0495;251;265;0.0049;32.3053;-0.3053;-0.8679;31.7405;196.6;270.0;270.0;183.4
63.0;1.2340;1.0929;-0.3942;0.0742;230;279;0.0049;32.9542;-0.3130;-0.8898;32.5401;196.9;270.0;270.0;182.6
63.5;1.2482;1.1053;-0.2802;0.0742;238;265;-0.0733;33.6336;-0.3206;-0.8898;33.3397;196.4;270.0;270.0;182.6
64.0;1.2614;1.1168;-0.3091;0.0989;226;271;0.0049;34.2748;-0.3359;-0.8898;34.1393;197.7;270.0;270.0;183.2
64.5;1.2747;1.1287;-0.2294;0.0742;241;247;0.0049;34.9160;-0.3435;-0.9118;34.1393;197.7;270.0;270.0;183.4
65.0;1.2871;1.1401;-0.1978;0.0989;222;261;0.0049;35.5649;-0.3511;-0.9118;34.9389;197.7;270.0;270.0;182.6
65.5;1.2990;1.1516;-0.1374;0.0742;238;239;-0.0831;36.2443;-0.3664;-0.9118;35.7386;196.9;270.0;270.0;182.1
66.0;1.3109;1.1630;-0.1291;0.0742;228;245;0.0831;36.9313;-0.3740;-0.9118;36.5382;197.2;270.0;270.0;182.1
66.5;1.3233;1.1740;-0.1319;0.0742;224;241;-0.0831;37.6107;-0.3893;-0.9338;37.3378;196.4;270.0;270.0;182.1
67.0;1.3347;1.1850;-0.1387;0.0742;222;239;-0.0049;38.2519;-0.3969;-0.9338;38.1374;196.6;270.0;270.0;182.1
67.5;1.3457;1.1955;-0.2005;0.0742;214;238;0.0831;38.9389;-0.4046;-0.9338;38.9370;196.9;270.0;270.0;182.1
68.0;1.3562;1.2065;-0.1140;0.0989;208;243;-0.0049;39.5802;-0.4198;-0.9338;38.9370;197.9;270.0;270.0;181.8
68.5;1.3672;1.2166;-0.2363;0.1250;200;243;0.0049;40.3053;-0.4275;-0.9338;39.7366;199.0;270.0;270.0;182.1
69.0;1.3787;1.2271;-0.1964;0.1250;206;232;0.0049;41.0305;-0.4427;-0.9557;40.5362;198.5;270.0;270.0;182.1
69.5;1.3897;1.2372;-0.2102;0.0742;220;212;0.0049;41.7481;-0.4504;-0.9557;41.3358;196.9;270.0;270.0;182.1
70.0;1.4011;1.2473;-0.2459;0.0742;200;224;0.0049;42.4733;-0.4656;-0.9557;42.1354;197.2;270.0;270.0;182.1
70.5;1.4116;1.2573;-0.2940;0.0989;187;230;-0.0733;43.1603;-0.4733;-0.9777;42.9350;197.4;270.0;270.0;182.1
71.0;1.4212;1.2669;-0.1635;0.0989;196;216;-0.0831;43.8397;-0.4885;-0.9777;43.7346;197.7;270.0;270.0;182.1
71.5;1.4304;1.2766;-0.1099;0.1497;177;228;0.0831;44.5267;-0.5038;-0.9777;43.7346;199.3;270.0;270.0;182.6
72.0;1.4400;1.2857;-0.0962;0.1250;198;202;-0.0831;45.2901;-0.5114;-0.9777;44.5343;198.7;270.0;270.0;182.4
72.5;1.4483;1.2949;-0.0151;0.1250;191;204;-0.0049;45.9313;-0.5267;-0.9777;45.3339;198.5;270.0;270.0;181.8
73.0;1.4570;1.3040;-0.0371;0.1250;189;204;-0.0049;46.6565;-0.5344;-0.9777;46.1335;199.0;270.0;270.0;182.6
73.5;1.4643;1.3127;0.1264;0.0989;198;191;-0.0929;47.3359;-0.5496;-0.9777;46.9331;197.7;270.0;270.0;181.8
74.0;1.4721;1.3214;0.1236;0.0742;196;187;-0.0049;48.0611;-0.5573;-0.9777;47.7327;197.2;270.0;270.0;181.8
74.5;1.4785;1.3301;0.1607;0.1250;171;208;-0.0929;48.7405;-0.5725;-0.9777;48.5323;198.5;270.0;270.0;181.6
75.0;1.4858;1.3388;0.2019;0.0989;196;183;-0.0147;49.4656;-0.5802;-0.9557;49.3319;197.7;270.0;270.0;182.1
75.5;1.4927;1.3471;0.2170;0.1250;179;196;-0.0147;50.1908;-0.5954;-0.9557;50.1315;199.0;270.0;270.0;182.1
76.0;1.4995;1.3553;0.1772;0.1250;183;189;-0.0147;50.9160;-0.6107;-0.9557;50.1315;198.7;270.0;270.0;182.6
76.5;1.5055;1.3631;0.1511;0.1497;173;196;0.0733;51.5954;-0.6183;-0.9557;50.9311;200.1;270.0;270.0;182.1
77.0;1.5101;1.3709;0.1250;0.0989;195;171;0.0733;52.2824;-0.6260;-0.9557;51.7307;197.7;270.0;270.0;182.9
77.5;1.5147;1.3787;0.0192;0.1250;167;198;-0.0831;53.0458;-0.6412;-0.9338;52.5304;199.0;270.0;270.0;182.4
78.0;1.5183;1.3860;0.0948;0.0742;195;171;0.0733;53.7252;-0.6565;-0.9338;53.3300;197.2;270.0;270.0;181.8
78.5;1.5211;1.3933;0.0646;0.1250;159;202;-0.0049;54.4504;-0.6641;-0.9338;54.1296;198.7;270.0;270.0;182.4
79.0;1.5238;1.4006;0.0604;0.1250;177;189;0.0733;55.1298;-0.6794;-0.9338;54.9292;199.0;270.0;270.0;182.6
79.5;1.5270;1.4075;0.1195;0.0989;187;179;-0.0929;55.8168;-0.6870;-0.9338;55.7288;198.2;270.0;270.0;182.6
80.0;1.5302;1.4144;0.1772;0.1250;169;193;-0.0147;56.5420;-0.7023;-0.9338;56.5284;198.5;270.0;270.0;182.1
80.5;1.5339;1.4212;0.1099;0.0989;185;179;-0.0049;57.2595;-0.7099;-0.9338;56.5284;197.4;270.0;270.0;182.1
81.0;1.5371;1.4277;0.2294;0.0742;189;175;-0.0147;57.9847;-0.7252;-0.9118;57.3280;196.4;270.0;270.0;182.9
81.5;1.5398;1.4341;0.2514;0.0742;179;181;0.0635;58.6718;-0.7328;-0.9118;58.1276;196.6;270.0;270.0;182.4
82.0;1.5417;1.4405;0.2390;0.0742;179;181;-0.0147;59.3893;-0.7405;-0.9118;58.9272;196.6;270.0;270.0;182.9
82.5;1.5430;1.4464;0.2788;0.1250;161;196;0.0635;60.0763;-0.7557;-0.8898;59.7268;199.3;270.0;270.0;183.4
83.0;1.5453;1.4524;0.1442;0.1250;175;185;-0.0929;60.8397;-0.7634;-0.8898;60.5265;199.5;270.0;270.0;183.4
83.5;1.5472;1.4583;0.1223;0.0742;191;169;-0.0049;61.5649;-0.7786;-0.8898;61.3261;197.2;270.0;270.0;182.9
84.0;1.5481;1.4638;0.1030;0.0989;167;193;0.0733;62.2443;-0.7863;-0.8898;62.1257;197.4;270.0;270.0;182.6
84.5;1.5481;1.4693;0.0549;0.0495;191;169;0.0733;62.9313;-0.8015;-0.8898;62.9253;196.6;270.0;270.0;183.4
85.0;1.5485;1.4748;-0.0027;0.0742;165;196;0.0733;63.6107;-0.8092;-0.8898;62.9253;197.2;270.0;270.0;182.9
85.5;1.5495;1.4799;0.0137;0.0742;173;189;-0.0049;64.3359;-0.8168;-0.8898;63.7249;197.7;270.0;270.0;182.6
86.0;1.5499;1.4849;-0.0234;0.0989;165;198;0.0733;65.0153;-0.8321;-0.8898;64.5245;197.7;270.0;270.0;182.9
86.5;1.5508;1.4895;-0.0110;0.0742;183;183;-0.0049;65.7405;-0.8397;-0.8898;65.3241;196.6;270.0;270.0;182.6
87.0;1.5508;1.4945;0.0549;0.0989;167;196;-0.0831;66.4275;-0.8550;-0.8898;66.1237;197.7;270.0;270.0;182.6
87.5;1.5513;1.4986;0.0398;0.0989;177;191;-0.0049;67.1450;-0.8626;-0.8898;66.9233;198.2;270.0;270.0;182.6
88.0;1.5513;1.5032;0.1030;0.0989;177;189;-0.0049;67.8702;-0.8702;-0.8898;67.7229;197.4;270.0;270.0;182.6
88.5;1.5508;1.5073;0.1896;0.0742;187;179;0.0733;68.5573;-0.8855;-0.8679;68.5226;196.6;270.0;270.0;182.9
89.0;1.5499;1.5114;0.1277;0.0989;171;196;0.0733;69.2366;-0.8931;-0.8679;68.5226;197.7;270.0;270.0;182.9
89.5;1.5490;1.5156;0.1662;0.0247;204;163;-0.0147;69.9618;-0.9084;-0.8679;69.3222;195.8;270.0;270.0;183.4
90.0;1.5485;1.5192;0.1456;0.0247;181;189;-0.0147;70.6870;-0.9160;-0.8679;70.1218;196.1;270.0;270.0;183.4
90.5;1.5485;1.5229;0.0632;0.0742;163;206;-0.0049;71.4046;-0.9237;-0.8679;70.9214;196.6;270.0;270.0;182.9
91.0;1.5485;1.5261;0.1703;0.0495;191;181;-0.0147;72.1298;-0.9389;-0.8459;71.7210;196.6;270.0;270.0;183.4
91.5;1.5476;1.5293;0.1291;0.0742;171;196;0.0733;72.8168;-0.9466;-0.8459;72.5206;196.6;270.0;270.0;182.6
92.0;1.5472;1.5325;0.0288;0.0495;187;185;-0.0831;73.5802;-0.9618;-0.8459;73.3202;196.6;270.0;270.0;183.4
92.5;1.5458;1.5357;-0.0783;0.0742;165;202;0.0831;74.2595;-0.9695;-0.8459;74.1198;195.6;270.0;270.0;182.6
93.0;1.5444;1.5385;-0.0797;0.0742;171;193;-0.0049;74.9847;-0.9771;-0.8459;74.9194;196.4;270.0;270.0;183.2
93.5;1.5430;1.5412;-0.1332;0.0742;171;195;-0.0049;75.7099;-0.9924;-0.8679;74.9194;196.4;270.0;270.0;182.9
94.0;1.5426;1.5435;-0.0275;0.0247;191;175;-0.0049;76.4275;-1.0000;-0.8679;75.7190;196.1;270.0;270.0;183.4
94.5;1.5412;1.5458;0.0440;0.0989;153;214;0.0733;77.1908;-1.0153;-0.8679;76.5187;198.7;270.0;270.0;183.4
95.0;1.5408;1.5481;0.0893;0.1250;169;198;-0.0049;77.9160;-1.0229;-0.8459;77.3183;199.5;270.0;270.0;183.4
95.5;1.5398;1.5499;0.2115;0.0989;187;177;-0.0147;78.6412;-1.0305;-0.8459;78.1179;197.7;270.0;270.0;183.2
96.0;1.5385;1.5517;0.1964;0.0742;187;177;-0.0147;79.3664;-1.0458;-0.8459;78.9175;197.7;270.0;270.0;183.4
96.5;1.5366;1.5536;0.2473;0.0742;181;183;-0.0147;80.0916;-1.0534;-0.8459;79.7171;197.9;270.0;270.0;183.4
97.0;1.5353;1.5554;0.2514;0.0247;196;165;-0.0147;80.8092;-1.0611;-0.8239;80.5167;197.2;270.0;270.0;183.4
97.5;1.5348;1.5568;0.3201;0.0742;165;196;0.0635;81.5725;-1.0763;-0.8239;81.3163;197.2;270.0;270.0;182.9
98.0;1.5343;1.5577;0.2637;0.0495;187;171;-0.0929;82.3359;-1.0840;-0.8239;82.1159;195.6;270.0;270.0;182.6
98.5;1.5339;1.5591;0.2885;0.0495;179;177;-0.0147;83.0611;-1.0992;-0.8019;82.9155;195.6;270.0;270.0;182.6
99.0;1.5343;1.5600;0.1676;0.0495;175;181;-0.0147;83.8626;-1.1069;-0.8019;83.7151;195.6;270.0;270.0;182.4
99.5;1.5339;1.5609;0.1401;0.0742;163;187;-0.0049;84.5878;-1.1145;-0.8019;84.5147;197.2;270.0;270.0;182.6
100.0;1.5334;1.5614;0.2500;0.0495;181;165;-0.0147;85.3130;-1.1298;-0.7800;85.3144;195.8;270.0;270.0;183.2
100.5;1.5325;1.5618;0.1223;0.0742;159;183;-0.0929;86.0763;-1.1374;-0.7800;85.3144;196.4;270.0;270.0;183.2
101.0;1.5316;1.5623;0.0879;0.0247;181;157;-0.0049;86.8015;-1.1450;-0.7800;86.1140;195.8;270.0;270.0;183.7
101.5;1.5298;1.5623;0.1593;0.0247;167;169;-0.0929;87.5649;-1.1603;-0.7800;86.9136;195.6;270.0;270.0;183.7
102.0;1.5284;1.5623;0.2390;0.0247;167;167;-0.0147;88.2824;-1.1679;-0.7800;87.7132;195.8;270.0;270.0;183.7
102.5;1.5261;1.5623;0.2527;0.0495;159;175;-0.0147;89.0076;-1.1756;-0.7580;88.5128;196.9;270.0;270.0;183.4
103.0;1.5238;1.5623;0.3929;0.0495;175;165;-0.0147;89.7328;-1.1832;-0.7580;89.3124;195.6;270.0;270.0;183.2
103.5;1.5215;1.5623;0.2637;0.0742;163;179;0.0635;90.4962;-1.1985;-0.7360;90.1120;196.6;270.0;270.0;182.9
104.0;1.5192;1.5623;0.2445;0.0742;171;173;-0.0147;91.2214;-1.2061;-0.7360;90.9116;196.6;270.0;270.0;182.6
104.5;1.5169;1.5623;0.3420;0.0742;175;171;0.0635;91.9847;-1.2137;-0.7360;91.7112;197.9;270.0;270.0;183.4
105.0;1.5151;1.5623;0.2541;0.0742;175;175;0.0635;92.7481;-1.2214;-0.7140;92.5108;197.9;270.0;270.0;183.7
105.5;1.5147;1.5623;0.3214;0.0247;193;157;-0.0147;93.5496;-1.2366;-0.7140;93.3105;195.8;270.0;270.0;183.4
106.0;1.5137;1.5623;0.2019;0.0247;177;177;-0.0147;94.2748;-1.2443;-0.7140;94.1101;195.3;270.0;270.0;183.7
106.5;1.5124;1.5623;0.2569;0.0247;179;177;-0.0147;95.0000;-1.2519;-0.6921;94.9097;195.3;270.0;270.0;183.4
107.0;1.5114;1.5623;0.1758;0.0247;177;181;-0.0147;95.8015;-1.2595;-0.6921;95.7093;195.8;270.0;270.0;183.7
107.5;1.5105;1.5623;0.2582;0.0247;181;179;-0.0147;96.5267;-1.2672;-0.6921;96.5089;195.3;270.0;270.0;183.4
108.0;1.5096;1.5623;0.2006;0.0495;171;189;0.0635;97.2901;-1.2824;-0.6701;96.5089;196.9;270.0;270.0;183.7
108.5;1.5087;1.5623;0.2747;0.0000;198;165;0.0635;98.0534;-1.2901;-0.6701;97.3085;196.9;270.0;270.0;185.0
109.0;1.5078;1.5623;0.2830;0.0247;177;189;-0.0147;98.7786;-1.2977;-0.6701;98.1081;196.6;270.0;270.0;185.0
109.5;1.5073;1.5623;0.2074;0.0000;191;175;0.0635;99.5420;-1.3053;-0.6481;98.9077;195.0;270.0;270.0;184.2
110.0;1.5064;1.5623;0.3324;0.0247;179;191;0.0635;100.3053;-1.3130;-0.6481;99.7073;195.3;270.0;270.0;183.7
110.5;1.5050;1.5623;0.3256;0.0000;195;175;0.0635;101.0687;-1.3206;-0.6481;100.5069;194.8;270.0;270.0;184.0
111.0;1.5041;1.5623;0.3379;0.0495;171;198;0.0635;101.8321;-1.3282;-0.6261;101.3066;196.4;270.0;270.0;184.0
111.5;1.5041;1.5623;0.1964;0.0000;202;171;-0.0147;102.6336;-1.3359;-0.6261;102.1062;194.8;270.0;270.0;184.0
112.0;1.5046;1.5623;0.1772;0.0000;187;189;0.0733;103.3969;-1.3435;-0.6261;102.9058;195.0;270.0;270.0;184.0
112.5;1.4977;1.5623;-0.0069;-0.0261;195;181;0.1515;104.1985;-1.3588;-0.6261;103.7054;194.8;270.0;270.0;184.2
113.0;1.4931;1.5623;0.1429;0.0495;167;214;0.0733;104.9618;-1.3664;-0.6261;104.5050;196.6;270.0;270.0;183.7
113.5;1.4913;1.5623;0.0618;0.0247;200;189;-0.0049;105.7710;-1.3740;-0.6042;105.3046;195.8;270.0;270.0;183.4
114.0;1.4904;1.5623;0.0055;0.0247;193;198;-0.0049;106.5725;-1.3817;-0.6042;106.1042;195.6;270.0;270.0;183.4
114.5;1.4904;1.5623;0.0247;0.0000;202;191;0.0733;107.3359;-1.3893;-0.6042;106.9038;194.8;270.0;270.0;183.4
115.0;1.4927;1.5623;0.0398;0.0495;177;214;-0.0049;108.2214;-1.3969;-0.6042;107.7034;194.5;270.0;270.0;183.2
115.5;1.4954;1.5623;0.2074;0.0000;216;181;-0.0049;0.8015;0.0000;-0.0109;0.5557;194.8;270.0;270.0;183.2
116.0;1.4982;1.5627;0.2390;0.0000;202;196;-0.0147;1.6870;0.0000;-0.0109;1.3553;195.0;270.0;270.0;183.7
116.5;1.5009;1.5632;0.2802;0.0000;204;196;-0.0147;2.4886;0.0000;0.0111;2.1549;196.1;270.0;270.0;183.4
117.0;1.5050;1.5636;0.0893;0.0000;200;204;-0.0049;3.3740;0.0000;0.0111;2.9546;195.0;270.0;270.0;183.7
117.5;1.5087;1.5646;0.1415;0.0000;202;202;-0.0147;4.1756;0.0000;0.0111;3.7542;194.8;270.0;270.0;184.5
118.0;1.5142;1.5655;-0.0824;0.0000;198;210;-0.0049;5.0611;0.0000;0.0111;4.5538;194.5;270.0;270.0;184.2
118.5;1.5197;1.5668;-0.0467;0.0000;202;210;-0.0831;5.9008;0.0000;0.0111;5.3534;194.0;270.0;270.0;183.4
119.0;1.5243;1.5678;-0.0852;0.0000;200;212;-0.0049;6.7099;0.0000;0.0111;6.1530;194.5;270.0;270.0;183.4
119.5;1.5298;1.5691;-0.2445;0.0000;198;218;0.0049;7.5954;0.0000;-0.0109;6.9526;196.1;270.0;270.0;184.2
120.0;1.5353;1.5710;-0.3324;0.0000;198;220;-0.0733;8.4351;0.0000;-0.0109;7.7522;196.6;270.0;270.0;185.0
120.5;1.5412;1.5728;-0.2692;0.0000;200;220;-0.0733;9.2824;0.0000;-0.0109;8.5518;196.9;270.0;270.0;184.2
121.0;1.5472;1.5746;-0.1923;0.0000;202;218;0.0049;10.1679;0.0000;-0.0328;10.1510;196.6;270.0;270.0;183.7
121.5;1.5536;1.5765;-0.1937;0.0000;204;220;0.0049;11.0458;0.0000;-0.0328;10.9506;196.6;270.0;270.0;184.2
122.0;1.5600;1.5788;-0.0467;0.0000;208;214;-0.0831;11.8931;0.0000;-0.0328;11.7503;195.6;270.0;270.0;183.4
122.5;1.5655;1.5810;-0.1484;0.0000;206;218;0.0049;12.6947;0.0000;-0.0328;12.5499;196.1;270.0;270.0;183.4
123.0;1.5705;1.5833;-0.0508;0.0000;210;218;-0.0831;13.5420;0.0000;-0.0328;13.3495;194.8;270.0;270.0;182.9
123.5;1.5755;1.5861;-0.0975;0.0000;210;220;-0.0831;14.3817;-0.0076;-0.0328;14.1491;195.0;270.0;270.0;183.2
124.0;1.5810;1.5888;-0.0536;0.0000;212;220;-0.0049;15.2672;-0.0076;-0.0328;14.9487;195.6;270.0;270.0;183.4
124.5;1.5861;1.5920;-0.0481;0.0000;214;222;-0.0049;16.0687;-0.0076;-0.0328;15.7483;195.0;270.0;270.0;184.2
125.0;1.5907;1.5952;-0.1744;0.0000;212;228;0.0831;16.9160;-0.0076;-0.0548;16.5479;194.5;270.0;270.0;183.7
125.5;1.5943;1.5984;-0.2527;0.0000;212;232;0.0049;17.7176;-0.0076;-0.0548;17.3475;195.6;270.0;270.0;183.7
126.0;1.5994;1.6016;-0.3173;0.0000;214;236;0.0049;18.6031;-0.0076;-0.0548;18.1471;197.2;270.0;270.0;183.4
126.5;1.6044;1.6053;-0.1799;0.0000;218;232;-0.0831;19.4504;-0.0076;-0.0768;18.9467;193.7;270.0;270.0;183.7
127.0;1.6094;1.6090;-0.2720;0.0000;218;238;0.0831;20.2901;-0.0076;-0.0768;19.7464;195.3;270.0;270.0;183.7
127.5;1.6136;1.6131;-0.1168;0.0000;224;236;-0.0049;21.0992;-0.0076;-0.0768;20.5460;193.2;270.0;270.0;183.4
128.0;1.6186;1.6172;-0.1580;0.0000;226;239;-0.0831;21.9389;-0.0076;-0.0768;21.3456;193.2;270.0;270.0;182.6
128.5;1.6236;1.6213;-0.0989;0.0000;232;241;-0.0049;22.8244;-0.0153;-0.0988;22.1452;191.6;270.0;270.0;182.9
129.0;1.6296;1.6259;0.0563;0.0000;236;239;0.0733;23.6718;-0.0153;-0.0768;22.9448;192.1;270.0;270.0;184.2
129.5;1.6346;1.6300;0.1346;0.0000;239;239;0.0733;24.5115;-0.0153;-0.0768;23.7444;190.6;270.0;270.0;183.4
130.0;1.6392;1.6351;0.0659;0.0000;241;245;-0.0049;25.3130;-0.0153;-0.0768;24.5440;190.8;270.0;270.0;182.9
130.5;1.6447;1.6397;-0.0234;0.0000;243;251;-0.0049;26.1985;-0.0153;-0.0768;26.1432;190.0;270.0;270.0;183.7
131.0;1.6497;1.6447;-0.0494;0.0000;245;253;-0.0831;27.0458;-0.0153;-0.0768;26.9428;189.0;270.0;270.0;182.6
131.5;1.6557;1.6497;-0.1648;0.0000;245;261;-0.0831;27.8855;-0.0153;-0.0768;27.7425;188.2;270.0;270.0;182.6
132.0;1.6612;1.6552;-0.0879;0.0000;249;263;-0.0049;28.7710;-0.0229;-0.0988;28.5421;187.9;270.0;270.0;182.1
132.5;1.6667;1.6607;-0.2047;0.0000;249;269;0.0831;29.6183;-0.0229;-0.0988;29.3417;186.3;270.0;270.0;181.8
133.0;1.6731;1.6662;-0.1360;-0.1758;316;210;-0.0049;30.5038;-0.0229;-0.0988;30.1413;185.8;270.0;270.0;181.8
133.5;1.6799;1.6722;-0.1332;-0.2005;273;261;-0.0049;31.3817;-0.0229;-0.0988;30.9409;184.8;270.0;270.0;181.8
134.0;1.6873;1.6781;-0.2047;-0.1758;255;281;0.0049;32.2672;-0.0229;-0.0988;31.7405;185.5;270.0;270.0;182.6
134.5;1.6937;1.6841;-0.1236;-0.1758;269;275;0.0831;33.1145;-0.0229;-0.1207;32.5401;185.5;270.0;270.0;181.8
135.0;1.7001;1.6905;-0.0385;-0.1758;275;275;-0.0049;34.0000;-0.0305;-0.1207;33.3397;185.8;270.0;270.0;181.3
135.5;1.7056;1.6969;-0.0879;-0.1511;269;288;-0.0049;34.8015;-0.0305;-0.1207;34.1393;185.0;270.0;270.0;180.0
136.0;1.7125;1.7033;-0.3558;-0.1250;265;300;0.0049;35.6870;-0.0305;-0.1207;34.9389;184.8;270.0;270.0;178.9
136.5;1.7189;1.7102;-0.4025;-0.1758;292;281;0.0049;36.5725;-0.0305;-0.1427;36.5382;183.2;270.0;270.0;178.4
137.0;1.7257;1.7170;-0.5082;-0.1003;249;327;0.0147;37.4504;-0.0382;-0.1427;37.3378;184.5;270.0;270.0;177.9
137.5;1.7331;1.7239;-0.3942;-0.1003;283;304;-0.0733;38.3817;-0.0382;-0.1647;38.1374;183.4;270.0;270.0;176.3
138.0;1.7404;1.7312;-0.3887;-0.0508;267;324;0.0049;39.2595;-0.0382;-0.1647;38.9370;183.4;270.0;270.0;174.7
138.5;1.7486;1.7386;-0.5591;-0.0261;271;324;0.0929;40.1832;-0.0458;-0.1867;39.7366;184.2;270.0;270.0;173.1
139.0;1.7569;1.7459;-0.6525;0.0247;265;339;-0.0635;41.1145;-0.0458;-0.2086;40.5362;184.0;270.0;270.0;172.1
139.5;1.7647;1.7537;-0.5591;0.0742;269;341;0.0929;42.0382;-0.0458;-0.2306;41.3358;184.5;270.0;270.0;170.2
140.0;1.7729;1.7614;-0.2651;0.1250;277;339;-0.0733;42.9618;-0.0534;-0.2306;42.9350;186.1;270.0;270.0;170.0
140.5;1.7802;1.7692;-0.2005;0.1745;283;343;0.0049;43.8473;-0.0534;-0.2306;43.7346;185.8;270.0;270.0;167.9
141.0;1.7871;1.7775;0.0563;0.2500;283;353;-0.0049;44.7252;-0.0611;-0.2306;44.5343;187.7;270.0;270.0;167.1
141.5;1.7944;1.7857;-0.0234;0.2747;300;341;-0.0831;45.6489;-0.0611;-0.2306;45.3339;187.9;270.0;270.0;166.0
142.0;1.8008;1.7944;0.2871;0.2995;314;341;0.0635;46.5802;-0.0687;-0.2306;46.1335;187.9;270.0;270.0;164.2
142.5;1.8086;1.8031;0.2349;0.3997;290;374;-0.0929;47.5038;-0.0687;-0.2306;46.9331;190.0;270.0;270.0;163.1
143.0;1.8178;1.8118;0.3049;0.3997;329;343;-0.0147;48.4656;-0.0763;-0.2086;47.7327;190.0;270.0;270.0;162.3
143.5;1.8269;1.8205;0.3434;0.4739;308;374;-0.0147;49.4275;-0.0763;-0.2086;49.3319;191.3;270.0;270.0;162.1
144.0;1.8370;1.8297;0.2006;0.4492;339;347;-0.0147;50.3969;-0.0840;-0.2086;50.1315;191.3;270.0;270.0;162.3
144.5;1.8471;1.8388;0.2170;0.4739;327;369;-0.0147;51.3588;-0.0840;-0.1867;50.9311;192.7;270.0;270.0;162.8
145.0;1.8567;1.8480;0.3434;0.5000;335;370;0.0635;52.2824;-0.0840;-0.1867;51.7307;192.1;270.0;270.0;162.1
145.5;1.8658;1.8576;0.6291;0.5495;337;376;-0.0244;53.2519;-0.0916;-0.1647;52.5304;195.3;270.0;270.0;162.1
146.0;1.8750;1.8672;0.6346;0.5000;374;345;-0.1026;54.1756;-0.0916;-0.1427;54.1296;195.0;270.0;270.0;162.8
146.5;1.8842;1.8773;0.7995;0.5000;369;365;-0.0342;55.1374;-0.0916;-0.1207;54.9292;196.6;270.0;270.0;164.4
147.0;1.8942;1.8874;0.7335;0.5000;372;370;-0.1124;56.1450;-0.0916;-0.0988;55.7288;197.4;270.0;270.0;165.7
147.5;1.9043;1.8974;0.7019;0.5000;374;374;-0.0244;57.1069;-0.0992;-0.0768;56.5284;199.8;270.0;270.0;167.6
148.0;1.9139;1.9080;0.7033;0.4245;408;355;0.0538;58.1145;-0.0992;-0.0548;57.3280;198.5;270.0;270.0;169.4
148.5;1.9235;1.9180;0.6580;0.3997;394;374;-0.0244;59.0763;-0.0992;-0.0328;58.9272;198.7;270.0;270.0;171.0
149.0;1.9341;1.9290;0.5357;0.3242;415;363;-0.0244;60.1221;-0.0992;-0.0328;59.7268;198.7;270.0;270.0;173.1
149.5;1.9446;1.9396;0.3654;0.2500;415;369;-0.0147;61.0840;-0.0992;-0.0109;60.5265;196.9;270.0;270.0;175.2
150.0;1.9556;1.9505;0.4231;0.2747;386;406;0.0635;62.1679;-0.0992;-0.0109;62.1257;198.7;270.0;270.0;176.0
150.5;1.9666;1.9615;0.1552;0.2239;410;392;-0.0147;63.1374;-0.0992;-0.0109;62.9253;197.7;270.0;270.0;176.6
151.0;1.9780;1.9730;0.2940;0.1992;412;400;-0.0147;64.1832;-0.0992;0.0111;63.7249;196.6;270.0;270.0;177.1
151.5;1.9904;1.9844;0.0343;0.1745;408;410;-0.0049;65.2214;-0.0992;0.0111;64.5245;198.2;270.0;270.0;178.7
152.0;2.0032;1.9959;0.1648;0.1745;408;417;-0.0147;66.2672;-0.0992;0.0111;66.1237;197.7;270.0;270.0;179.2
152.5;2.0165;2.0078;0.0536;0.1250;427;410;0.0733;67.3588;-0.0992;0.0111;66.9233;196.9;270.0;270.0;179.7
153.0;2.0302;2.0192;-0.1758;0.1250;406;435;0.0831;68.4427;-0.0992;0.0111;67.7229;197.7;270.0;270.0;180.5
153.5;2.0449;2.0316;-0.2431;0.0989;419;435;0.0831;69.6031;-0.0992;0.0111;69.3222;197.9;270.0;270.0;182.1
154.0;2.0591;2.0435;-0.1964;0.1250;408;455;0.0831;70.6870;-0.0992;-0.0109;70.1218;198.5;270.0;270.0;182.6
154.5;2.0733;2.0559;-0.1497;0.1250;417;445;0.0831;71.7786;-0.0992;-0.0109;71.7210;198.7;270.0;270.0;181.8
155.0;2.0875;2.0687;-0.2624;0.0989;429;445;0.0831;72.8626;-0.0992;-0.0109;72.5206;197.7;270.0;270.0;181.8
155.5;2.1016;2.0810;-0.0618;0.1250;415;457;-0.0831;74.0229;-0.0992;-0.0109;73.3202;197.4;270.0;270.0;181.1
156.0;2.1168;2.0934;-0.3008;0.0989;423;443;0.0049;75.1527;-0.0992;-0.0328;74.9194;197.7;270.0;270.0;181.8
156.5;2.1319;2.1058;-0.1181;0.0989;417;443;0.0831;76.3206;-0.0992;-0.0328;75.7190;197.4;270.0;270.0;181.6
157.0;2.1474;2.1177;-0.1429;0.1250;404;449;0.0831;77.4809;-0.0992;-0.0328;77.3183;197.7;270.0;270.0;181.1
157.5;2.1630;2.1296;-0.2088;0.1250;404;437;0.0831;78.6489;-0.0992;-0.0328;78.1179;197.7;270.0;270.0;180.8
158.0;2.1786;2.1410;-0.4272;0.1250;396;439;0.0147;79.8550;-0.0992;-0.0548;79.7171;198.2;270.0;270.0;181.1
158.5;2.1941;2.1529;-0.3819;0.1250;392;435;0.0049;81.0611;-0.0992;-0.0548;80.5167;198.7;270.0;270.0;181.6
159.0;2.2106;2.1639;-0.3544;0.1745;367;445;0.0831;82.3053;-0.0992;-0.0768;82.1159;200.1;270.0;270.0;180.8
159.5;2.2266;2.1754;-0.4107;0.1497;386;415;0.0049;83.5115;-0.0992;-0.0768;82.9155;199.0;270.0;270.0;180.5
160.0;2.2436;2.1864;-0.4602;0.1745;359;425;0.0147;84.7939;-0.1069;-0.0988;84.5147;198.5;270.0;270.0;180.0
160.5;2.2605;2.1973;-0.4973;0.1745;359;410;-0.0635;86.0458;-0.1069;-0.1207;85.3144;198.7;270.0;270.0;180.0
161.0;2.2775;2.2083;-0.2363;0.1992;353;406;0.0049;87.2519;-0.1069;-0.1207;86.9136;200.6;270.0;270.0;180.8
161.5;2.2935;2.2189;-0.3489;0.2500;331;410;-0.0733;88.4962;-0.1069;-0.1207;87.7132;203.2;270.0;270.0;181.8
162.0;2.3091;2.2294;-0.3407;0.1497;378;353;0.0831;89.7405;-0.1145;-0.1427;89.3124;200.1;270.0;270.0;181.3
162.5;2.3237;2.2395;-0.2857;0.2239;318;406;-0.0733;90.9847;-0.1145;-0.1427;90.9116;201.4;270.0;270.0;180.8
163.0;2.3375;2.2500;-0.2871;0.1992;343;365;-0.1515;92.1908;-0.1221;-0.1427;91.7112;200.8;270.0;270.0;181.1
163.5;2.3503;2.2596;-0.4258;0.2239;320;380;0.0147;93.3969;-0.1221;-0.1647;93.3105;200.8;270.0;270.0;180.0
164.0;2.3626;2.2697;-0.3736;0.1745;339;347;0.0049;94.6031;-0.1221;-0.1867;94.1101;199.0;270.0;270.0;179.7
164.5;2.3741;2.2793;-0.2624;0.2239;306;374;0.0831;95.8473;-0.1298;-0.1867;95.7093;200.1;270.0;270.0;179.2
165.0;2.3860;2.2889;-0.2418;0.2239;320;355;-0.0733;97.0992;-0.1298;-0.1867;96.5089;200.3;270.0;270.0;179.5
165.5;2.3984;2.2981;-0.0591;0.2239;320;345;-0.0831;98.3435;-0.1374;-0.1867;98.1081;200.1;270.0;270.0;178.9
166.0;2.4098;2.3072;-0.0041;0.1992;326;331;0.0733;99.5878;-0.1374;-0.1867;98.9077;199.0;270.0;270.0;178.7
166.5;2.4208;2.3164;-0.0687;0.1992;312;335;-0.0831;100.8321;-0.1450;-0.1867;100.5069;199.0;270.0;270.0;178.7
167.0;2.4309;2.3255;-0.0124;0.1992;308;329;-0.0049;102.0382;-0.1450;-0.1867;101.3066;200.6;270.0;270.0;180.8
167.5;2.4400;2.3342;-0.0769;0.2995;269;365;-0.0831;103.2824;-0.1527;-0.1867;102.9058;204.3;270.0;270.0;179.7
168.0;2.4487;2.3429;-0.1566;0.2747;304;324;-0.0831;104.5344;-0.1527;-0.2086;104.5050;201.4;270.0;270.0;178.9
168.5;2.4560;2.3512;-0.2335;0.2239;308;314;0.0049;105.7405;-0.1603;-0.2086;105.3046;200.1;270.0;270.0;178.7
169.0;2.4629;2.3594;-0.1305;0.2239;292;324;-0.0049;107.0229;-0.1679;-0.2086;106.9038;199.3;270.0;270.0;178.4
169.5;2.4693;2.3677;-0.1992;0.1992;296;314;0.0049;108.2290;-0.1679;-0.2086;107.7034;199.5;270.0;270.0;179.7
170.0;2.4748;2.3755;-0.0165;0.2239;284;326;-0.0049;109.4351;-0.1756;-0.2086;109.3027;199.5;270.0;270.0;179.2
170.5;2.4799;2.3832;0.1291;0.2239;294;312;-0.0929;110.6794;-0.1756;-0.2086;110.1023;200.1;270.0;270.0;179.2
171.0;2.4858;2.3910;0.0934;0.2239;290;312;-0.0049;111.8855;-0.1832;-0.2086;111.7015;199.5;270.0;270.0;178.9
171.5;2.4918;2.3984;0.0234;0.2500;277;318;-0.0049;113.1756;-0.1832;-0.2086;112.5011;200.3;270.0;270.0;178.9
172.0;2.4977;2.4057;-0.0632;0.2500;281;312;0.0733;114.4198;-0.1908;-0.2086;114.1003;201.4;270.0;270.0;179.5
172.5;2.5037;2.4130;0.0275;0.2239;290;298;0.0733;115.6641;-0.1985;-0.2086;114.8999;199.3;270.0;270.0;178.9
173.0;2.5082;2.4199;0.1786;0.2239;284;302;-0.0147;116.8702;-0.1985;-0.2086;116.4991;200.1;270.0;270.0;178.4
173.5;2.5128;2.4267;0.2349;0.2500;275;306;-0.0147;118.1527;-0.2061;-0.2086;118.0984;200.3;270.0;270.0;178.9
174.0;2.5183;2.4336;0.1786;0.2239;290;290;-0.0929;119.4046;-0.2061;-0.1867;118.8980;199.3;270.0;270.0;178.7
174.5;2.5247;2.4400;0.2761;0.1992;292;286;-0.0147;120.6870;-0.2137;-0.1867;120.4972;198.7;270.0;270.0;178.7
175.0;2.5298;2.4464;0.1731;0.1992;279;294;-0.0929;121.9313;-0.2137;-0.1867;121.2968;198.7;270.0;270.0;178.9
175.5;2.5339;2.4528;0.1264;0.1745;284;284;-0.0049;123.1374;-0.2214;-0.1867;122.8960;197.7;270.0;270.0;178.9
176.0;2.5380;2.4588;0.2170;0.1992;269;298;0.0635;124.3817;-0.2214;-0.1647;123.6956;198.5;270.0;270.0;178.9
176.5;2.5421;2.4647;0.1168;0.1745;283;283;0.0733;125.6336;-0.2290;-0.1647;125.2948;198.7;270.0;270.0;179.7
177.0;2.5453;2.4707;0.1841;0.2239;257;306;0.0733;126.8779;-0.2290;-0.1647;126.0945;200.3;270.0;270.0;179.5
177.5;2.5476;2.4762;0.3434;0.1992;284;275;-0.0147;128.0840;-0.2290;-0.1427;127.6937;198.7;270.0;270.0;179.2
178.0;2.5508;2.4817;0.4423;0.1992;279;281;-0.0244;129.3664;-0.2366;-0.1427;129.2929;199.5;270.0;270.0;179.7
178.5;2.5536;2.4872;0.5220;0.1992;281;279;-0.0244;130.5725;-0.2366;-0.1207;130.0925;199.5;270.0;270.0;180.0
179.0;2.5563;2.4922;0.6484;0.1992;283;273;-0.0244;131.7786;-0.2443;-0.0988;131.6917;200.1;270.0;270.0;179.7
179.5;2.5577;2.4973;0.5234;0.1992;279;275;0.0538;133.0229;-0.2443;-0.0988;132.4913;199.5;270.0;270.0;179.5
180.0;2.5595;2.5023;0.4821;0.1497;292;259;-0.0244;134.2290;-0.2443;-0.0768;134.0906;197.7;270.0;270.0;179.5
180.5;2.5614;2.5069;0.4066;0.1745;267;284;-0.0244;135.5191;-0.2443;-0.0768;134.8902;198.5;270.0;270.0;179.5
181.0;2.5641;2.5114;0.3091;0.2239;253;294;-0.0929;136.7634;-0.2443;-0.0548;136.4894;200.6;270.0;270.0;179.7
181.5;2.5659;2.5156;0.5577;0.2239;277;271;-0.1026;138.0076;-0.2443;-0.0328;137.2890;200.3;270.0;270.0;180.0
182.0;2.5678;2.5201;0.5261;0.1992;281;263;0.0538;139.2519;-0.2443;-0.0328;138.8882;200.1;270.0;270.0;179.5
182.5;2.5696;2.5238;0.5412;0.1745;281;261;-0.0244;140.5420;-0.2443;-0.0109;140.4874;198.7;270.0;270.0;179.5
183.0;2.5714;2.5279;0.4670;0.2239;253;286;-0.1026;141.7863;-0.2443;0.0111;141.2870;197.7;270.0;270.0;179.2
183.5;2.5737;2.5316;0.4437;0.1992;275;261;0.0635;143.0305;-0.2443;0.0111;142.8863;199.3;270.0;270.0;180.0
184.0;2.5765;2.5353;0.4588;0.1497;281;247;0.0635;144.3588;-0.2443;0.0331;143.6859;197.7;270.0;270.0;179.7
184.5;2.5792;2.5385;0.3915;0.1497;261;265;0.0635;145.6870;-0.2443;0.0331;145.2851;197.7;270.0;270.0;179.5
185.0;2.5820;2.5421;0.4684;0.1497;261;261;0.0538;147.0153;-0.2443;0.0551;146.8843;198.7;270.0;270.0;180.5
185.5;2.5838;2.5449;0.4231;0.1250;267;251;0.0635;148.2595;-0.2443;0.0551;147.6839;198.2;270.0;270.0;180.5
186.0;2.5856;2.5481;0.5687;0.1250;261;253;-0.0244;149.5420;-0.2443;0.0770;149.2831;197.2;270.0;270.0;180.0
186.5;2.5865;2.5508;0.5549;0.1497;249;261;-0.0244;150.8321;-0.2366;0.0990;150.0827;197.4;270.0;270.0;179.5
187.0;2.5870;2.5536;0.5824;0.1250;267;243;-0.0244;152.1145;-0.2366;0.1210;151.6820;196.9;270.0;270.0;179.5
187.5;2.5879;2.5559;0.4808;0.1497;245;261;0.0635;153.3588;-0.2366;0.1210;153.2812;198.7;270.0;270.0;180.5
188.0;2.5884;2.5582;0.4849;0.1497;251;253;0.0635;154.6107;-0.2290;0.1430;154.0808;200.1;270.0;270.0;182.1
188.5;2.5897;2.5604;0.2871;0.1745;236;265;0.0635;155.9313;-0.2290;0.1430;155.6800;199.8;270.0;270.0;180.8
189.0;2.5916;2.5627;0.3077;0.1250;261;236;-0.0147;157.2214;-0.2214;0.1649;156.4796;197.7;270.0;270.0;181.1
189.5;2.5948;2.5646;0.4560;0.1745;228;263;0.0635;158.6260;-0.2214;0.1649;158.0788;199.3;270.0;270.0;180.8
190.0;2.5980;2.5664;0.4217;0.1745;239;243;0.0635;159.9542;-0.2137;0.1869;159.6781;199.3;270.0;270.0;181.1
190.5;2.6016;2.5678;0.6772;0.1497;251;226;-0.0244;161.3969;-0.2061;0.2089;161.2773;198.5;270.0;270.0;180.8
191.0;2.6049;2.5691;0.5247;0.0989;253;216;-0.0244;162.7634;-0.2061;0.2089;162.0769;197.2;270.0;270.0;180.8
191.5;2.6081;2.5705;0.4162;0.1250;224;239;0.0635;164.1756;-0.1985;0.2308;163.6761;198.2;270.0;270.0;180.5
192.0;2.6113;2.5714;0.2212;0.1497;214;241;-0.0147;165.5420;-0.1908;0.2308;165.2753;197.4;270.0;270.0;179.7
192.5;2.6145;2.5723;0.1690;0.1497;218;232;0.0733;166.8626;-0.1832;0.2528;166.0750;198.7;270.0;270.0;180.5
193.0;2.6168;2.5733;0.0453;0.1992;193;245;-0.0831;168.1908;-0.1832;0.2528;167.6742;200.6;270.0;270.0;180.5
193.5;2.6190;2.5737;0.0659;0.1992;206;226;-0.0049;169.4809;-0.1756;0.2528;169.2734;199.8;270.0;270.0;180.0
194.0;2.6213;2.5742;0.0495;0.1497;218;204;-0.0049;170.8473;-0.1679;0.2528;170.0730;198.2;270.0;270.0;179.7
194.5;2.6218;2.5746;0.1071;0.1250;210;206;-0.0929;172.1679;-0.1603;0.2528;171.6722;198.2;270.0;270.0;180.3
195.0;2.6223;2.5746;0.2692;0.1497;195;214;-0.0929;173.4962;-0.1527;0.2528;173.2714;198.7;270.0;270.0;180.8
195.5;2.6227;2.5746;0.2857;0.1497;198;202;-0.0147;174.8626;-0.1527;0.2748;174.0710;198.7;270.0;270.0;180.5
196.0;2.6236;2.5746;0.2926;0.1497;196;200;-0.0929;176.1908;-0.1450;0.2748;175.6703;197.7;270.0;270.0;180.0
196.5;2.6236;2.5742;0.2225;0.0989;208;181;-0.0929;177.5191;-0.1374;0.2748;177.2695;197.2;270.0;270.0;180.3
197.0;2.6236;2.5737;0.2418;0.1250;183;202;-0.0147;178.8015;-0.1298;0.2968;178.0691;198.2;270.0;270.0;181.1
197.5;2.6227;2.5733;0.1456;0.1497;179;202;-0.0147;180.0916;-0.1221;0.2968;179.6683;198.2;270.0;270.0;180.0
198.0;2.6209;2.5723;0.3393;0.1497;189;189;-0.0147;181.3741;-0.1145;0.2968;181.2675;198.7;270.0;270.0;180.5
198.5;2.6195;2.5714;0.2431;0.1497;183;191;0.0635;182.7023;-0.1069;0.3187;182.0671;197.7;270.0;270.0;180.0
199.0;2.6181;2.5705;0.1140;0.1497;179;191;-0.0049;183.9847;-0.0992;0.3187;183.6664;198.2;270.0;270.0;179.7
199.5;2.6163;2.5691;0.1264;0.1250;185;181;-0.0049;185.2748;-0.0916;0.3187;185.2656;196.9;270.0;270.0;179.5
200.0;2.6136;2.5678;-0.0220;0.1250;171;191;-0.0049;186.5573;-0.0840;0.3187;186.0652;197.2;270.0;270.0;179.5
200.5;2.6099;2.5664;0.1909;0.0989;183;177;-0.0147;187.8473;-0.0763;0.3187;187.6644;196.1;270.0;270.0;179.5
201.0;2.6058;2.5646;0.1648;0.1250;163;191;0.0733;189.0916;-0.0687;0.3187;188.4640;197.2;270.0;270.0;179.7
201.5;2.6026;2.5627;0.2376;0.1250;173;181;-0.0147;190.3741;-0.0611;0.3407;190.0632;196.6;270.0;270.0;179.5
202.0;2.5984;2.5604;0.1429;0.0989;179;175;0.1515;191.6641;-0.0534;0.3407;191.6625;196.1;270.0;270.0;179.5
202.5;2.5934;2.5582;0.1772;0.0989;169;179;0.0733;192.8321;-0.0534;0.3407;192.4621;195.8;270.0;270.0;180.0
203.0;2.5884;2.5559;0.3462;0.0989;173;175;-0.0929;194.1527;-0.0382;0.3407;194.0613;197.2;270.0;270.0;180.3
203.5;2.5829;2.5536;0.4299;0.1497;157;189;-0.1026;195.3969;-0.0305;0.3627;194.8609;198.5;270.0;270.0;180.5
204.0;2.5769;2.5508;0.6154;0.1745;167;175;-0.0244;196.6031;-0.0229;0.3847;196.4601;198.7;270.0;270.0;180.0
204.5;2.5705;2.5481;0.4190;0.1250;189;155;-0.0244;197.8931;-0.0153;0.3847;197.2597;197.4;270.0;270.0;180.8
205.0;2.5641;2.5449;0.5316;0.0989;183;159;-0.0244;199.0992;-0.0076;0.4066;198.8589;196.4;270.0;270.0;180.8
205.5;2.5577;2.5421;0.4121;0.0247;196;146;-0.0244;200.3817;0.0000;0.4286;199.6586;193.2;270.0;270.0;180.3
206.0;2.5499;2.5385;0.5234;0.0000;185;155;-0.0244;201.5115;0.0076;0.4286;201.2578;190.8;270.0;270.0;180.0
206.5;2.5421;2.5353;0.6071;-0.0261;187;152;-0.0244;202.7176;0.0229;0.4506;202.0574;190.0;270.0;270.0;179.7
207.0;2.5343;2.5316;0.8324;-0.0508;193;146;0.0440;203.9618;0.0305;0.4726;203.6566;188.7;270.0;270.0;180.0
207.5;2.5266;2.5279;0.7115;-0.0755;191;150;-0.1124;205.2061;0.0382;0.4945;204.4562;187.9;270.0;270.0;180.0
208.0;2.5183;2.5238;0.6621;-0.1511;206;134;-0.1124;206.3741;0.0534;0.5165;206.0554;186.3;270.0;270.0;181.6
208.5;2.5105;2.5201;0.7679;-0.1758;196;144;-0.1124;207.6183;0.0611;0.5385;206.8550;185.8;270.0;270.0;181.3
209.0;2.5032;2.5156;0.6277;-0.2253;202;140;-0.0244;208.8244;0.0763;0.5605;208.4543;183.2;270.0;270.0;180.8
209.5;2.4954;2.5114;0.6635;-0.2253;187;153;-0.0244;210.0305;0.0840;0.5824;209.2539;182.9;270.0;270.0;181.1
210.0;2.4886;2.5069;0.4602;-0.2761;196;142;-0.0244;211.3130;0.0992;0.5824;210.8531;180.5;270.0;270.0;180.5
210.5;2.4812;2.5023;0.4409;-0.2761;183;155;-0.0244;212.5191;0.1145;0.6044;212.4523;180.3;270.0;270.0;180.8
211.0;2.4753;2.4973;0.2569;-0.3008;185;152;-0.0929;213.7634;0.1298;0.6044;213.2519;178.7;270.0;270.0;180.0
211.5;2.4689;2.4922;0.2102;-0.3008;175;157;-0.0147;214.9695;0.1374;0.6044;214.8512;179.2;270.0;270.0;179.5
212.0;2.4625;2.4872;0.1758;-0.2761;163;165;-0.0147;216.1756;0.1527;0.6264;215.6508;177.4;270.0;270.0;177.9
212.5;2.4560;2.4817;0.0069;-0.2761;165;161;-0.0049;217.3817;0.1679;0.6264;217.2500;177.1;270.0;270.0;177.1
213.0;2.4483;2.4762;-0.0110;-0.2500;157;169;-0.0049;218.5878;0.1756;0.6264;218.0496;177.1;270.0;270.0;175.8
213.5;2.4405;2.4707;-0.1758;-0.2005;142;179;0.0831;219.8321;0.1908;0.6044;219.6488;176.8;270.0;270.0;173.7
214.0;2.4336;2.4647;0.0467;-0.1511;146;175;-0.0049;221.0382;0.2061;0.6044;220.4484;176.8;270.0;270.0;172.1
214.5;2.4263;2.4588;-0.0275;-0.0508;124;193;-0.0049;222.3282;0.2214;0.6044;222.0476;180.0;270.0;270.0;171.0
215.0;2.4194;2.4528;0.0810;0.0989;105;206;0.0733;223.4886;0.2290;0.6264;222.8472;183.4;270.0;270.0;169.2
215.5;2.4135;2.4464;0.0357;0.1497;132;179;0.0733;224.7405;0.2443;0.6264;224.4465;184.5;270.0;270.0;167.6
216.0;2.4071;2.4400;0.0701;0.2995;95;208;-0.0049;225.9466;0.2595;0.6264;225.2461;189.2;270.0;270.0;166.5
216.5;2.4002;2.4336;0.0810;0.3997;105;195;0.0733;227.1908;0.2748;0.6264;226.8453;192.9;270.0;270.0;165.7
217.0;2.3929;2.4267;0.3503;0.6250;65;230;0.0635;228.3588;0.2901;0.6264;227.6449;202.7;270.0;270.0;166.0
217.5;2.3851;2.4199;0.6456;0.7500;97;193;0.1320;229.5573;0.2977;0.6484;229.2441;209.0;270.0;270.0;166.3
218.0;2.3773;2.4130;0.7047;0.8997;85;200;0.1320;230.7634;0.3130;0.6703;230.0437;214.8;270.0;270.0;166.8
218.5;2.3704;2.4057;0.9918;0.6992;200;81;0.2004;231.9313;0.3282;0.6923;235.6410;224.1;270.0;270.0;167.6
219.0;2.3636;2.3984;0.9986;0.6497;153;124;0.2004;233.1756;0.3435;0.7363;237.2402;234.1;270.0;270.0;168.4
219.5;2.3571;2.3910;1.4918;0.5495;181;91;-0.0538;234.3817;0.3588;0.7802;238.0398;240.7;270.0;270.0;170.8
220.0;2.3507;2.3832;1.8599;0.4492;191;77;-0.0733;235.5878;0.3740;0.8241;239.6391;251.3;270.0;270.0;172.6
220.5;2.3342;2.3755;2.1442;0.2995;206;54;-0.0831;236.7939;0.3969;0.8901;240.4387;264.2;270.0;270.0;175.5
221.0;2.3205;2.3677;2.2321;0.1497;216;50;-0.0049;238.0382;0.4122;0.9560;242.0379;270.0;270.0;270.0;178.9
221.5;2.3091;2.3594;2.2157;-0.1511;271;-5;-0.1613;239.2061;0.4351;1.0219;242.8375;270.0;270.0;270.0;185.5
222.0;2.2995;2.3512;2.0783;-0.3008;228;38;-0.1613;240.3741;0.4580;1.0659;244.4367;270.0;270.0;270.0;188.4
222.5;2.2917;2.3429;1.7102;-0.3503;189;73;-0.1417;241.6183;0.4809;1.1318;245.2363;270.0;270.0;270.0;189.8
223.0;2.2843;2.3342;1.3901;-0.4011;179;77;-0.1320;242.7786;0.5038;1.1538;246.8355;270.0;270.0;270.0;190.8
223.5;2.2779;2.3255;0.5000;-0.4505;155;93;-0.0244;243.9847;0.5267;1.1757;247.6351;270.0;270.0;270.0;191.3
224.0;2.2724;2.3164;-0.0151;-0.5000;142;101;-0.0049;245.1908;0.5573;1.1757;249.2344;270.0;270.0;270.0;192.4
224.5;2.2669;2.3072;-0.6113;-0.5508;124;109;-0.1417;246.4809;0.5802;1.1538;250.0340;270.0;270.0;270.0;193.7
225.0;2.2614;2.2981;-0.9176;-0.5508;99;124;-0.0538;247.7252;0.6031;1.1318;251.6332;270.0;270.0;270.0;193.5
225.5;2.2555;2.2889;-1.0536;-0.4505;60;155;-0.1320;248.9313;0.6260;1.1098;252.4328;270.0;270.0;270.0;191.9
226.0;2.2482;2.2793;-1.1538;-0.4505;83;122;0.0342;250.0534;0.6489;1.0659;254.0320;270.0;270.0;270.0;191.3
226.5;2.2399;2.2701;-1.2239;-0.4011;65;142;0.0342;250.2672;0.6718;1.0219;254.8316;270.0;270.0;270.0;190.6
227.0;2.2312;2.2605;-1.1841;-0.4011;83;124;-0.1222;250.2672;0.6947;0.9999;255.6312;270.0;270.0;270.0;190.3
227.5;2.2225;2.2518;-0.8887;-0.3008;60;150;0.0244;250.2672;0.7099;0.9780;257.2305;270.0;270.0;270.0;189.0
228.0;2.2143;2.2427;-0.8516;-0.2500;75;138;-0.0538;250.2672;0.7328;0.9560;258.0301;270.0;270.0;270.0;187.9
228.5;2.2060;2.2340;-0.3585;-0.2500;105;110;-0.0733;250.2672;0.7481;0.9340;259.6293;270.0;270.0;270.0;187.4
229.0;2.1978;2.2253;-0.2363;-0.2005;93;124;-0.0733;250.2672;0.7710;0.9340;260.4289;270.0;270.0;270.0;187.1
229.5;2.1891;2.2170;-0.2541;-0.2005;109;110;0.0049;250.2672;0.7863;0.9340;262.0281;270.0;270.0;270.0;187.1
230.0;2.1809;2.2088;-0.2802;-0.2005;109;112;0.0049;250.2672;0.8092;0.9120;262.8277;270.0;270.0;270.0;186.6
230.5;2.1726;2.2005;-0.1909;-0.2005;110;112;0.0049;250.2672;0.8244;0.9120;263.6273;270.0;270.0;270.0;186.6
231.0;2.1644;2.1928;-0.0687;-0.2005;116;110;-0.0049;250.2672;0.8397;0.9120;265.2266;270.0;270.0;270.0;186.6
231.5;2.1557;2.1850;-0.0549;-0.1511;101;128;-0.0049;250.2672;0.8550;0.9120;266.0262;270.0;270.0;270.0;186.3
232.0;2.1470;2.1772;0.1264;-0.1511;122;110;-0.0049;250.2672;0.8702;0.9120;266.8258;270.0;270.0;270.0;185.8
232.5;2.1392;2.1694;0.0412;-0.1511;122;116;0.0733;250.2672;0.8931;0.9120;268.4250;270.0;270.0;270.0;186.1
233.0;2.1314;2.1621;0.3448;-0.2005;148;93;-0.0147;250.2672;0.9084;0.9120;269.2246;270.0;270.0;270.0;186.9
233.5;2.1241;2.1552;0.2115;-0.2005;132;112;-0.0147;250.2672;0.9313;0.9340;270.0242;270.0;270.0;270.0;186.6
234.0;2.1163;2.1479;0.4066;-0.2005;138;110;-0.0147;250.2672;0.9466;0.9340;271.6234;270.0;270.0;270.0;187.1
234.5;2.1076;2.1410;0.4093;-0.2005;140;112;-0.0147;250.2672;0.9618;0.9560;272.4230;270.0;270.0;270.0;186.9
235.0;2.1003;2.1346;0.1429;-0.2005;136;120;0.0733;250.2672;0.9771;0.9560;273.2227;270.0;270.0;270.0;187.1
235.5;2.0939;2.1277;-0.0316;-0.2005;134;128;-0.0049;250.2672;1.0000;0.9560;274.8219;270.0;270.0;270.0;186.6
236.0;2.0875;2.1213;-0.1511;-0.2005;132;132;0.0049;250.2672;1.0153;0.9560;275.6215;270.0;270.0;270.0;186.3
236.5;2.0815;2.1154;-0.0110;-0.2005;136;130;-0.0049;250.2672;1.0382;0.9560;276.4211;270.0;270.0;270.0;187.1
237.0;2.0760;2.1090;-0.2047;-0.2005;132;136;0.0049;250.2672;1.0534;0.9340;278.0203;270.0;270.0;270.0;186.6
237.5;2.0701;2.1030;-0.0137;-0.2005;138;134;0.0733;250.2672;1.0687;0.9340;278.8199;270.0;270.0;270.0;187.1
238.0;2.0655;2.0975;-0.2624;-0.2005;134;142;0.0049;250.2672;1.0916;0.9340;279.6195;270.0;270.0;270.0;186.6
238.5;2.0600;2.0916;-0.0742;-0.2005;140;136;-0.0831;250.2672;1.1069;0.9340;281.2188;270.0;270.0;270.0;186.6
239.0;2.0536;2.0865;0.2830;-0.1511;134;146;0.0635;250.2672;1.1221;0.9340;282.0184;270.0;270.0;270.0;186.3
239.5;2.0481;2.0810;0.3393;-0.2005;169;114;-0.0147;250.2672;1.1374;0.9560;282.8180;270.0;270.0;270.0;186.3
240.0;2.0430;2.0760;0.4808;-0.2005;159;128;-0.0244;250.2672;1.1603;0.9560;284.4172;270.0;270.0;270.0;186.3
240.5;2.0380;2.0710;0.2102;-0.2005;153;138;-0.0147;250.2672;1.1756;0.9780;285.2168;270.0;270.0;270.0;186.6
241.0;2.0339;2.0659;0.2857;-0.2005;157;138;-0.0147;250.2672;1.1985;0.9780;286.0164;270.0;270.0;270.0;186.6
241.5;2.0302;2.0614;0.0261;-0.2005;152;144;-0.0831;250.2672;1.2137;0.9780;287.6156;270.0;270.0;270.0;186.9
242.0;2.0261;2.0568;0.2321;-0.2005;159;140;-0.0147;250.2672;1.2290;0.9780;288.4153;270.0;270.0;270.0;187.1
242.5;2.0220;2.0527;0.1758;-0.2500;175;126;0.0733;250.2672;1.2443;0.9999;289.2148;270.0;270.0;270.0;187.9
243.0;2.0179;2.0481;0.3599;-0.2500;165;140;-0.0147;250.2672;1.2672;0.9999;290.0145;270.0;270.0;270.0;187.9
243.5;2.0147;2.0440;0.3338;-0.2500;167;142;-0.0147;250.2672;1.2824;1.0219;291.6137;270.0;270.0;270.0;188.2
244.0;2.0119;2.0403;0.0920;-0.2500;161;150;-0.0049;250.2672;1.3053;1.0219;292.4133;270.0;270.0;270.0;187.7
244.5;2.0092;2.0366;0.3887;-0.2005;153;157;-0.1808;250.2672;1.3206;1.0219;293.2129;270.0;270.0;270.0;187.1
245.0;2.0055;2.0330;0.2431;-0.3008;200;114;-0.0147;250.2672;1.3435;1.0219;294.8121;270.0;270.0;270.0;188.7
245.5;2.0027;2.0293;0.3132;-0.3008;175;146;-0.0929;250.2672;1.3588;1.0439;295.6117;270.0;270.0;270.0;189.2
246.0;1.9995;2.0261;0.0522;-0.3008;169;152;-0.0831;250.2672;1.3817;1.0439;296.4113;270.0;270.0;270.0;189.0
246.5;1.9973;2.0229;0.1195;-0.3503;191;136;-0.0049;250.2672;1.3969;1.0439;298.0106;270.0;270.0;270.0;189.5
247.0;1.9959;2.0201;-0.1236;-0.3008;153;175;-0.0831;250.2672;1.4198;1.0439;298.8102;270.0;270.0;270.0;188.4
247.5;1.9936;2.0174;0.0536;-0.2500;155;173;0.0733;250.2672;1.4351;1.0439;299.6098;270.0;270.0;270.0;187.9
248.0;1.9918;2.0147;0.1758;-0.2500;177;157;0.0733;250.2672;1.4580;1.0439;300.4094;270.0;270.0;270.0;188.2
248.5;1.9895;2.0119;-0.1291;-0.2500;169;165;0.0831;250.2672;1.4733;1.0439;302.0086;270.0;270.0;270.0;187.9
249.0;1.9876;2.0096;0.0110;-0.3008;191;148;0.0733;250.2672;1.4886;1.0439;302.8082;270.0;270.0;270.0;188.4
249.5;1.9858;2.0078;-0.1868;-0.2500;155;187;0.0831;250.2672;1.5115;1.0439;303.6078;270.0;270.0;270.0;187.9
250.0;1.9849;2.0055;0.0563;-0.3008;195;150;-0.0049;250.2672;1.5267;1.0439;304.4074;270.0;270.0;270.0;188.7
250.5;1.9853;2.0037;-0.0989;-0.3008;177;171;0.0831;250.2672;1.5496;1.0439;306.0067;270.0;270.0;270.0;189.0
251.0;1.9853;2.0018;0.1209;-0.3008;183;167;0.1515;250.2672;1.5649;1.0439;306.8063;270.0;270.0;270.0;188.4
251.5;1.9858;2.0005;-0.0426;-0.3008;181;171;-0.0049;250.2672;1.5878;1.0439;307.6059;270.0;270.0;270.0;188.7
252.0;1.9858;2.0000;-0.1250;-0.3008;191;185;-0.0831;250.2672;1.6031;1.0439;309.2051;270.0;270.0;270.0;188.4
252.5;1.9858;2.0000;-0.2225;-0.2500;179;212;0.0049;250.2672;1.6260;1.0219;310.0047;270.0;270.0;270.0;188.2
253.0;1.9858;2.0000;-0.3049;-0.3008;208;183;0.0049;250.2672;1.6412;1.0219;310.8043;270.0;270.0;270.0;188.4
253.5;1.9863;2.0000;0.0179;-0.3008;200;189;0.0733;250.2672;1.6641;1.0219;312.4035;270.0;270.0;270.0;189.0
254.0;1.9876;2.0000;-0.1525;-0.3503;214;177;0.0831;250.2672;1.6794;1.0219;313.2032;270.0;270.0;270.0;189.8
254.5;1.9890;2.0000;0.0082;-0.3503;200;187;0.0733;250.2672;1.7023;1.0219;314.0027;270.0;270.0;270.0;189.5
255.0;1.9908;2.0000;-0.1168;-0.3503;196;191;0.0831;250.2672;1.7176;1.0219;315.6020;270.0;270.0;270.0;189.8
255.5;1.9931;2.0000;-0.0110;-0.3008;181;202;0.0733;250.2672;1.7405;1.0219;316.4016;270.0;270.0;270.0;188.7
256.0;1.9959;2.0000;0.0481;-0.2500;181;200;-0.0049;250.2672;1.7557;1.0219;317.2012;270.0;270.0;270.0;188.2
256.5;1.9986;2.0000;0.2266;-0.2500;198;179;-0.0147;250.2672;1.7786;1.0219;318.0008;270.0;270.0;270.0;188.2
257.0;2.0014;2.0000;0.2060;-0.2500;196;177;-0.0147;250.2672;1.7939;1.0219;319.6000;270.0;270.0;270.0;187.9
257.5;2.0037;2.0000;0.0275;-0.3008;208;163;-0.0049;250.2672;1.8168;1.0219;320.3996;270.0;270.0;270.0;189.0
258.0;2.0064;2.0000;0.0412;-0.3008;193;177;-0.0049;250.2672;1.8321;1.0219;321.9988;270.0;270.0;270.0;188.4
258.5;2.0092;2.0000;-0.1676;-0.3008;185;181;-0.0831;250.2672;1.8550;1.0219;322.7985;270.0;270.0;270.0;188.4
259.0;2.0124;2.0000;-0.0110;-0.3008;187;175;-0.0049;250.2672;1.8779;1.0219;323.5981;270.0;270.0;270.0;189.0
259.5;2.0151;2.0000;-0.1429;-0.3008;183;175;-0.0831;250.2672;1.8931;1.0219;325.1973;270.0;270.0;270.0;188.7
260.0;2.0183;2.0000;-0.0481;-0.3008;183;171;0.0733;250.2672;1.9160;1.0219;325.9969;270.0;270.0;270.0;189.0
260.5;2.0215;2.0000;-0.2692;-0.3008;175;175;-0.0733;250.2672;1.9313;1.0219;326.7965;270.0;270.0;270.0;189.0
261.0;2.0252;2.0000;-0.2404;-0.3008;175;171;0.0049;250.2672;1.9542;0.9999;328.3957;270.0;270.0;270.0;189.2
261.5;2.0288;2.0000;-0.1731;-0.3008;173;165;0.0049;250.2672;1.9695;0.9999;329.1953;270.0;270.0;270.0;189.2
262.0;2.0330;2.0000;-0.1484;-0.3008;173;163;0.0049;250.2672;1.9924;0.9999;329.9950;270.0;270.0;270.0;188.7
262.5;2.0366;2.0000;0.0316;0.3146;-93;425;-0.0049;1.0382;0.0000;-0.0109;0.5557;270.0;270.0;270.0;189.0
263.0;2.0398;2.0000;-0.2830;0.3448;77;261;-0.0733;2.1298;-0.0076;-0.0109;1.3553;270.0;270.0;270.0;189.5
263.5;2.0426;2.0000;-0.1497;0.3887;71;255;0.0049;3.1679;-0.0076;-0.0328;2.9546;270.0;270.0;270.0;189.8
264.0;2.0440;2.0000;-0.3324;0.4492;58;263;0.0831;4.2595;-0.0076;-0.0328;3.7542;270.0;270.0;270.0;189.0
264.5;2.0444;2.0000;-0.1552;0.5247;54;265;0.1613;5.2214;-0.0076;-0.0328;4.5538;270.0;270.0;270.0;189.5
265.0;2.0440;2.0000;0.0398;0.6140;52;267;0.1515;6.2672;-0.0076;-0.0328;6.1530;270.0;270.0;270.0;188.7
265.5;2.0430;2.0000;0.6291;0.7198;105;214;0.0538;7.2672;-0.0076;-0.0109;6.9526;270.0;270.0;270.0;188.4
266.0;2.0426;2.0000;1.0288;0.8393;107;210;0.0440;8.2748;-0.0076;0.0111;7.7522;270.0;270.0;270.0;188.7
266.5;2.0417;2.0000;1.5769;0.9739;110;206;-0.0635;9.3206;-0.0076;0.0551;8.5518;270.0;270.0;270.0;190.3
267.0;2.0412;2.0000;2.2541;1.1250;118;198;-0.0049;10.3282;0.0000;0.1210;10.1510;270.0;270.0;270.0;190.0
267.5;2.0408;2.0000;2.5948;1.2898;118;198;-0.0147;11.4122;0.0000;0.1869;10.9506;270.0;270.0;270.0;190.6
268.0;2.0394;2.0000;2.9904;1.4698;118;198;0.0538;12.3740;0.0076;0.2748;11.7503;270.0;270.0;270.0;190.8
268.5;2.0371;2.0000;2.8338;1.6648;105;212;0.1320;13.3817;0.0076;0.3627;13.3495;270.0;270.0;270.0;191.9
269.0;2.0348;2.0000;2.9382;1.8750;97;224;0.0538;14.3435;0.0153;0.4506;14.1491;270.0;270.0;270.0;192.1
269.5;2.0325;2.0000;2.7761;2.0989;83;239;-0.0244;15.3511;0.0229;0.5165;14.9487;270.0;270.0;270.0;192.9
270.0;2.0302;2.0000;2.9849;2.3393;79;245;-0.0244;16.3511;0.0382;0.6044;15.7483;270.0;270.0;270.0;194.0
270.5;2.0284;2.0000;2.9876;2.5948;67;259;0.0538;17.3206;0.0458;0.6923;16.5479;270.0;270.0;270.0;194.0
271.0;2.0266;2.0000;3.0055;2.8640;58;273;0.1320;18.3206;0.0611;0.7802;18.1471;270.0;270.0;270.0;194.5
271.5;2.0238;2.0000;3.0797;3.1497;50;284;-0.0244;19.2443;0.0763;0.8681;18.9467;270.0;270.0;270.0;194.8
272.0;2.0206;2.0000;3.3049;3.4492;44;290;0.0440;20.2137;0.0916;0.9560;19.7464;270.0;270.0;270.0;195.3
272.5;2.0179;2.0000;4.0302;3.7637;50;288;0.0147;21.1756;0.1069;1.0878;20.5460;270.0;270.0;270.0;196.1
273.0;2.0151;2.0000;4.3324;4.0948;46;296;0.0831;22.1832;0.1298;1.1977;22.1452;270.0;270.0;270.0;197.9
273.5;2.0133;2.0000;4.8324;4.4396;46;300;0.0733;23.1832;0.1527;1.3515;22.9448;270.0;270.0;270.0;198.5
274.0;2.0110;2.0000;5.0082;4.7995;36;312;0.1417;24.1527;0.1756;1.4834;23.7444;270.0;270.0;270.0;199.3
274.5;2.0092;2.0000;5.3736;5.1745;30;320;0.0440;25.1527;0.1985;1.6372;24.5440;270.0;270.0;270.0;200.8
275.0;2.0069;2.0000;5.5206;5.5646;21;331;0.1222;26.1145;0.2290;1.7910;25.3436;270.0;270.0;270.0;201.6
275.5;2.0046;2.0000;6.1401;5.9698;22;333;0.0147;27.1221;0.2672;1.9888;26.9428;270.0;270.0;270.0;202.7
276.0;2.0023;2.0000;6.6209;6.3887;19;339;0.1711;28.0458;0.2977;2.1646;27.7425;270.0;270.0;270.0;204.0
276.5;2.0000;2.0000;6.9973;6.8242;13;351;0.0733;29.0076;0.3359;2.3623;28.5421;270.0;270.0;270.0;206.1
277.0;1.9977;2.0000;7.6319;7.2747;13;353;0.0538;29.9695;0.3817;2.5821;29.3417;270.0;270.0;270.0;207.4
277.5;1.9954;2.0000;8.0646;7.7390;7;361;0.1124;30.9771;0.4275;2.8238;30.9409;270.0;270.0;270.0;209.8
278.0;1.9931;2.0000;8.7720;8.2198;9;363;0.0147;31.9389;0.4733;3.0655;31.7405;270.0;270.0;270.0;213.8
278.5;1.9908;2.0000;9.2308;8.7143;3;372;0.0831;32.8626;0.5267;3.3292;32.5401;270.0;270.0;270.0;217.5
279.0;1.9881;2.0000;9.8764;9.2143;5;374;0.0440;33.8626;0.5878;3.6148;33.3397;270.0;270.0;270.0;218.5
279.5;1.9853;2.0000;10.2376;9.7143;3;380;0.0440;34.7863;0.6489;3.9005;34.1393;270.0;270.0;270.0;221.4
280.0;1.9826;2.0000;10.7212;10.2143;1;384;0.1026;35.7481;0.7176;4.2081;35.7386;270.0;270.0;270.0;222.8
280.5;1.9799;2.0000;11.2514;10.7143;3;386;0.0831;36.7099;0.7939;4.5378;36.5382;270.0;270.0;270.0;223.8
281.0;1.9776;2.0000;11.7940;11.2143;3;388;0.0635;37.6718;0.8702;4.8674;37.3378;270.0;270.0;270.0;224.9
281.5;1.9748;2.0000;12.4121;11.7143;7;392;0.1222;38.5954;0.9542;5.2409;38.1374;270.0;270.0;270.0;225.7
282.0;1.9702;2.0000;12.7253;12.2143;3;400;0.1026;39.5115;1.0382;5.5925;38.9370;270.0;270.0;270.0;224.3
282.5;1.9670;2.0000;13.4918;12.7143;11;396;0.0049;40.4733;1.1374;5.9880;39.7366;270.0;270.0;270.0;224.1
283.0;1.9643;2.0000;13.7747;13.2143;5;406;0.0831;41.3893;1.2366;6.3616;41.3358;270.0;270.0;270.0;222.8
283.5;1.9615;2.0000;14.3434;13.7143;7;410;0.1320;42.3511;1.3511;6.7791;42.1354;270.0;270.0;270.0;220.9
284.0;1.9602;2.0000;14.9286;14.2143;9;410;0.1124;43.3053;1.4656;7.2186;42.9350;270.0;268.4;270.0;219.9
284.5;1.9592;2.0000;15.6058;14.7143;11;410;0.2297;44.3435;1.6031;7.6800;43.7346;270.0;257.9;270.0;222.0
285.0;1.9592;2.0000;16.0385;15.2143;9;412;0.0929;45.2977;1.7328;8.1195;45.3339;270.0;246.8;270.0;224.9
285.5;1.9592;2.0000;16.4286;15.7143;5;417;0.0635;46.3359;1.8855;8.5810;46.1335;270.0;237.5;270.0;230.7
286.0;1.9597;2.0000;17.1896;16.2143;11;413;0.1124;47.3282;2.0382;9.0864;46.9331;270.0;226.5;270.0;238.3
286.5;1.9602;2.0000;17.5343;16.7143;5;417;0.1711;48.3588;2.2061;9.5918;47.7327;270.0;216.9;270.0;248.9
287.0;1.9611;2.0000;18.1909;17.2143;7;417;0.0929;49.3511;2.3817;10.1192;49.3319;270.0;209.6;270.0;262.9
287.5;1.9625;2.0000;18.6071;17.7019;7;415;0.1613;50.3740;2.5725;10.6465;50.1315;270.0;203.2;270.0;270.0
288.0;1.9634;2.0000;19.1690;18.1772;11;412;0.2102;51.3588;2.7634;11.1959;50.9311;270.0;201.4;270.0;270.0
288.5;1.9638;2.0000;19.5728;18.6387;11;410;0.1124;52.3053;2.9542;11.7452;51.7307;270.0;201.4;270.0;270.0
289.0;1.9647;2.0000;20.1621;19.0893;17;404;0.0733;53.3282;3.1679;12.3385;53.3300;270.0;204.8;270.0;270.0
289.5;1.9666;2.0000;20.6332;19.5275;21;400;0.1808;54.3130;3.3893;12.9099;54.1296;270.0;209.8;270.0;270.0
290.0;1.9684;2.0000;21.0646;19.9519;22;396;0.1417;55.3664;3.6412;13.5251;54.9292;270.0;218.3;270.0;270.0
290.5;1.9702;2.0000;21.4560;20.3640;22;392;0.1222;56.3435;3.8779;14.1404;56.5284;270.0;229.6;270.0;270.0
291.0;1.9725;2.0000;21.7445;20.7637;22;392;0.1026;57.3893;4.1527;14.7776;57.3280;270.0;244.4;270.0;270.0
291.5;1.9748;2.0000;22.3256;21.1525;28;382;0.1906;58.4046;4.4198;15.4149;58.1276;270.0;270.0;270.0;270.0
292.0;1.9780;2.0000;22.6772;21.5275;28;378;0.1808;59.4046;4.7023;16.0521;59.7268;270.0;270.0;270.0;270.0
292.5;1.9799;2.0000;23.0934;21.8887;30;372;0.1515;60.4122;5.0000;16.7114;60.5265;270.0;270.0;270.0;270.0
293.0;1.9808;2.0000;23.4945;22.2390;34;369;0.2199;61.3664;5.2977;17.3706;61.3261;270.0;270.0;270.0;270.0
293.5;1.9821;2.0000;23.8269;22.5769;36;365;0.0929;62.3664;5.6107;18.0957;62.1257;270.0;270.0;270.0;270.0
294.0;1.9835;2.0000;24.0975;22.9025;36;363;0.0635;63.3206;5.9313;18.7549;63.7249;270.0;270.0;270.0;270.0
294.5;1.9849;2.0000;24.4148;23.2143;38;359;0.1026;64.3053;6.2748;19.4581;64.5245;270.0;270.0;270.0;270.0
295.0;1.9858;2.0000;24.7212;23.5137;40;353;0.1613;65.2519;6.6183;20.1613;65.3241;270.0;270.0;270.0;270.0
295.5;1.9872;2.0000;25.0604;23.8022;44;349;0.1417;66.2672;6.9924;20.9084;66.9233;270.0;270.0;270.0;270.0
296.0;1.9876;2.0000;25.4245;24.0769;50;341;0.0831;67.1679;7.3435;21.6116;67.7229;270.0;270.0;270.0;270.0
296.5;1.9876;2.0000;25.7184;24.3393;52;337;0.0831;68.0611;7.7099;22.3367;68.5226;270.0;270.0;270.0;270.0
297.0;1.9872;2.0000;26.0577;24.5893;58;331;0.0440;68.9466;8.0763;23.0838;69.3222;270.0;270.0;270.0;270.0
297.5;1.9863;2.0000;26.2940;24.8269;62;327;0.1222;69.8702;8.4809;23.8309;70.9214;270.0;270.0;270.0;270.0
298.0;1.9853;2.0000;26.4945;25.0522;64;326;-0.0049;70.8244;8.9084;24.6220;71.7210;270.0;270.0;270.0;270.0
298.5;1.9849;2.0000;26.5810;25.2637;65;326;0.0538;71.7023;9.3130;25.3691;72.5206;270.0;270.0;270.0;270.0
299.0;1.9844;2.0000;26.8489;25.4643;69;322;0.1026;72.6031;9.7557;26.1382;73.3202;270.0;270.0;270.0;270.0
299.5;1.9840;2.0000;27.0852;25.6525;75;318;0.0049;73.4657;10.1832;26.9073;74.1198;270.0;270.0;270.0;270.0
300.0;1.9831;2.0000;27.2225;25.8269;77;316;0.0049;74.3206;10.6260;27.6984;75.7190;270.0;270.0;270.0;270.0
300.5;1.9826;2.0000;27.5261;25.9890;87;308;-0.0831;75.2061;11.0992;28.4894;76.5187;270.0;270.0;270.0;270.0
301.0;1.9812;2.0000;27.5055;26.1387;87;310;0.0049;76.0534;11.5649;29.2585;77.3183;270.0;270.0;270.0;270.0
301.5;1.9785;2.0000;27.5879;26.2775;89;308;0.1613;76.8931;12.0458;30.0496;78.1179;270.0;270.0;270.0;270.0
302.0;1.9771;2.0000;27.5824;26.4025;91;308;-0.0049;77.7252;12.5344;30.8406;79.7171;270.0;270.0;270.0;270.0
302.5;1.9762;2.0000;27.6017;26.5137;93;308;-0.0244;78.6183;13.0763;31.6537;80.5167;270.0;270.0;270.0;270.0
303.0;1.9757;2.0000;27.7857;26.6140;99;302;0.0049;79.4351;13.5878;32.4448;81.3163;270.0;270.0;270.0;270.0
303.5;1.9744;2.0000;27.9066;26.6593;118;283;-0.0929;80.2137;14.0840;33.2358;82.1159;270.0;270.0;270.0;270.0
304.0;1.9725;2.0000;28.0646;26.6593;138;265;-0.0440;81.0153;14.6260;34.0489;82.9155;270.0;270.0;270.0;270.0
304.5;1.9707;2.0000;28.2102;26.6593;144;263;0.0244;81.8397;15.1908;34.8839;84.5147;270.0;270.0;270.0;270.0
305.0;1.9684;2.0000;28.2692;26.6593;146;263;0.0635;82.5954;15.7252;35.6749;85.3144;270.0;270.0;270.0;270.0
305.5;1.9670;2.0000;28.2294;26.6593;146;265;-0.0049;83.3740;16.2901;36.4660;86.1140;270.0;270.0;261.3;270.0
306.0;1.9652;2.0000;28.2624;26.6593;148;265;-0.0342;84.1450;16.8702;37.2790;86.9136;270.0;270.0;249.4;270.0
306.5;1.9643;2.0000;28.3736;26.6593;152;263;-0.0342;84.9084;17.4580;38.0921;87.7132;270.0;270.0;238.6;270.0
307.0;1.9634;2.0000;28.1168;26.6593;146;271;-0.1320;85.6947;18.0840;38.9051;89.3124;270.0;270.0;229.4;270.0
307.5;1.9620;2.0000;28.0577;26.6593;146;271;-0.0929;86.4122;18.6718;39.6962;90.1120;270.0;270.0;219.3;270.0
308.0;1.9602;2.0000;27.6552;26.6593;138;283;-0.0733;87.1221;19.2672;40.4872;90.9116;270.0;270.0;208.0;270.0
308.5;1.9583;2.0000;27.2115;26.6593;126;294;-0.0147;87.8473;19.9008;41.2783;91.7112;270.0;270.0;192.9;270.0
309.0;1.9574;2.0000;27.1497;26.6593;128;296;-0.0538;88.6031;20.5649;42.0474;93.3105;270.0;270.0;181.1;270.0
309.5;1.9556;2.0000;27.0769;26.6593;126;298;-0.0147;89.3130;21.2214;42.8385;94.1101;270.0;270.0;171.0;270.0
310.0;1.9542;2.0000;27.0632;26.6593;128;300;-0.0440;89.9847;21.8550;43.5856;94.9097;270.0;270.0;162.3;270.0
310.5;1.9533;2.0000;26.9313;26.6593;126;304;-0.0635;90.7099;22.5496;44.3547;95.7093;270.0;270.0;154.9;270.0
311.0;1.9524;2.0000;27.0385;26.6593;130;302;0.0147;91.3893;23.2290;45.1457;96.5089;270.0;270.0;151.0;270.0
311.5;1.9524;2.0000;26.8146;26.6593;124;308;0.0929;92.0992;23.9466;45.9148;98.1081;270.0;270.0;147.8;270.0
312.0;1.9528;2.0000;26.7363;26.6593;122;310;-0.0538;92.7939;24.6718;46.6839;98.9077;270.0;270.0;145.2;270.0
312.5;1.9528;2.0000;26.6305;26.6593;120;314;0.0440;93.4504;25.3817;47.4310;99.7073;270.0;270.0;146.2;270.0
313.0;1.9533;2.0000;26.4821;26.6593;116;318;0.0929;94.1221;26.1221;48.2001;100.5069;270.0;270.0;153.1;270.0
313.5;1.9533;2.0000;26.4533;26.6593;116;320;0.1320;94.7863;26.8779;48.9472;102.1062;270.0;270.0;167.3;270.0
314.0;1.9547;2.0000;26.3159;26.6593;112;322;0.0929;95.4962;27.7023;49.7163;102.9058;270.0;270.0;191.3;270.0
314.5;1.9551;2.0000;26.3503;26.6593;112;320;0.0635;96.1145;28.4427;50.4634;103.7054;270.0;270.0;229.6;270.0
315.0;1.9570;2.0000;26.3874;26.6593;114;320;0.0342;96.7710;29.2519;51.2106;104.5050;270.0;270.0;270.0;270.0
315.5;1.9583;2.0000;26.5330;26.6593;116;316;-0.0538;97.3969;30.0382;51.9796;106.1042;270.0;270.0;270.0;270.0
316.0;1.9611;2.0000;26.4918;26.6593;114;316;0.0831;98.0611;30.9008;52.7487;106.9038;270.0;270.0;270.0;235.4
316.5;1.9638;2.0000;26.4492;26.6593;112;316;0.0440;98.6870;31.7328;53.5178;107.7034;270.0;270.0;270.0;192.4
317.0;1.9666;2.0000;26.4327;26.6593;110;316;0.1320;99.2748;32.5420;54.2649;109.3027;270.0;270.0;270.0;163.9
317.5;1.9684;2.0000;26.3063;26.6593;105;316;0.1026;99.8550;33.3664;55.0121;110.1023;270.0;270.0;270.0;144.6
318.0;1.9707;2.0000;26.4286;26.6593;107;314;0.1320;100.4275;34.1908;55.7592;110.9019;270.0;270.0;270.0;135.7
318.5;1.9725;2.0000;26.2060;26.6593;101;318;0.1808;101.0076;35.0611;56.5283;111.7015;270.0;270.0;270.0;133.3
319.0;1.9739;2.0000;26.2665;26.6593;101;316;0.0635;101.5344;35.8702;57.2754;113.3007;270.0;270.0;270.0;137.2
319.5;1.9757;2.0000;26.0989;26.6593;97;318;0.1320;102.1145;36.7863;58.0225;114.1003;270.0;270.0;270.0;148.9
320.0;1.9780;2.0000;26.0330;26.6470;97;314;0.0440;102.6641;37.6718;58.7696;114.8999;270.0;270.0;270.0;168.4
320.5;1.9803;2.0000;25.9107;26.6223;97;312;0.0342;103.1985;38.5725;59.5167;116.4991;270.0;270.0;270.0;199.3
321.0;1.9831;2.0000;26.0357;26.5838;105;302;0.0538;103.7252;39.4733;60.2639;117.2988;270.0;270.0;270.0;239.1
321.5;1.9844;2.0000;26.1209;26.5343;110;292;0.0635;104.1985;40.3130;60.9890;118.0984;270.0;270.0;270.0;270.0
322.0;1.9858;2.0000;26.0563;26.4712;114;286;-0.0440;104.6794;41.1985;61.7581;118.8980;270.0;270.0;270.0;270.0
322.5;1.9867;2.0000;26.2308;26.3970;124;277;-0.0244;105.1527;42.0840;62.5052;120.4972;270.0;270.0;270.0;270.0
323.0;1.9881;2.0000;26.1223;26.3091;126;271;0.0244;105.6260;43.0153;63.2523;121.2968;270.0;270.0;270.0;270.0
323.5;1.9890;2.0000;26.2569;26.2088;136;261;-0.0244;106.0687;43.9160;63.9994;122.0964;270.0;270.0;270.0;270.0
324.0;1.9895;2.0000;26.2679;26.0962;144;251;0.0440;106.5267;44.8626;64.7466;123.6956;270.0;270.0;270.0;270.0
324.5;1.9904;2.0000;26.3022;25.9712;152;243;-0.0440;106.9466;45.7710;65.4937;124.4952;270.0;270.0;270.0;270.0
325.0;1.9913;2.0000;26.1758;25.8338;153;238;0.0440;107.3740;46.7252;66.2628;125.2948;270.0;270.0;270.0;270.0
325.5;1.9922;2.0000;26.1017;25.6841;159;232;-0.1222;107.7863;47.6870;67.0099;126.0945;270.0;270.0;270.0;270.0
326.0;1.9931;2.0000;25.9780;25.5220;165;226;-0.0147;108.1756;48.6107;67.7350;127.6937;270.0;270.0;270.0;270.0
326.5;1.9936;2.0000;25.7404;25.3462;165;222;-0.0244;108.5496;49.5420;68.4821;128.4933;270.0;270.0;270.0;270.0
327.0;1.9940;2.0000;25.6360;25.1593;175;216;-0.0244;108.9084;50.4809;69.2073;129.2929;270.0;270.0;270.0;270.0
327.5;1.9940;2.0000;25.2418;24.9588;171;214;-0.0342;109.2901;51.4962;69.9544;130.8921;270.0;270.0;270.0;270.0
328.0;1.9945;2.0000;25.0481;24.7473;179;210;-0.0538;109.6107;52.4046;70.6576;131.6917;270.0;270.0;270.0;270.0
328.5;1.9950;2.0000;24.7706;24.5220;183;206;-0.0733;109.9542;53.3969;71.3607;132.4913;270.0;270.0;270.0;270.0
329.0;1.9950;2.0000;24.6745;24.2843;189;196;-0.1515;110.2672;54.3511;72.0859;133.2909;270.0;270.0;270.0;270.0
329.5;1.9963;2.0000;24.5385;24.0343;196;189;-0.1613;110.5954;55.3817;72.7890;134.8902;270.0;270.0;270.0;270.0
330.0;1.9977;2.0000;24.5495;23.7720;208;177;-0.1320;110.8855;56.3435;73.4922;135.6898;270.0;270.0;270.0;270.0
330.5;1.9995;2.0000;24.3530;23.4973;214;167;-0.1124;111.1908;57.3893;74.1734;136.4894;270.0;270.0;270.0;270.0
331.0;2.0023;2.0000;24.1525;23.2088;220;159;-0.1222;111.4809;58.4351;74.8766;138.0886;270.0;270.0;270.0;270.0
331.5;2.0046;2.0000;24.2363;22.9093;234;144;-0.2884;111.7557;59.4809;75.5578;138.8882;270.0;270.0;270.0;270.0
332.0;2.0055;2.0000;23.9753;22.5962;238;136;-0.0733;112.0076;60.4962;76.2829;139.6878;267.6;270.0;270.0;270.0
332.5;2.0060;2.0000;24.0412;22.2720;251;120;-0.1808;112.2290;61.4351;76.9421;140.4874;260.5;270.0;270.0;270.0
333.0;2.0064;2.0000;23.6140;21.9341;255;118;-0.1026;112.4504;62.4122;77.6233;142.0867;256.3;270.0;270.0;270.0
333.5;2.0060;2.0000;23.0000;21.5838;253;120;-0.1711;112.6565;63.3588;78.2825;142.8863;249.7;270.0;270.0;270.0
334.0;2.0055;2.0000;22.1648;21.2212;245;128;-0.0733;112.8550;64.3435;78.9198;143.6859;244.1;270.0;270.0;270.0
334.5;2.0037;2.0000;21.5495;20.8462;245;130;-0.0342;113.0229;65.2519;79.5351;144.4855;239.6;270.0;270.0;270.0
335.0;2.0014;2.0000;20.8571;20.4588;243;134;-0.0733;113.1985;66.1985;80.1284;146.0847;237.8;270.0;270.0;270.0
335.5;1.9995;2.0000;20.1154;20.0591;241;138;0.0147;113.3588;67.1908;80.6997;146.8843;232.0;270.0;270.0;270.0
336.0;1.9973;2.0000;19.6538;19.6470;245;136;-0.2102;113.5115;68.1450;81.2710;147.6839;227.2;270.0;270.0;270.0
336.5;1.9835;2.0000;19.1484;19.2212;257;126;-0.0440;113.6565;69.0992;81.8204;148.4835;223.5;270.0;270.0;270.0
337.0;1.9753;2.0000;18.9121;18.7843;275;124;-0.1808;113.8015;70.1298;82.3477;150.0827;218.8;270.0;270.0;270.0
337.5;1.9702;2.0000;18.4409;18.3338;284;124;-0.0049;113.9313;71.1679;82.8751;150.8824;214.6;270.0;270.0;270.0
338.0;1.9652;2.0000;18.0330;17.8723;294;120;-0.0831;114.0458;72.0840;83.4025;151.6820;210.9;270.0;270.0;270.0
338.5;1.9625;2.0000;17.3008;17.3970;294;126;-0.1417;114.1603;73.1221;83.9079;152.4816;208.8;270.0;270.0;270.0
339.0;1.9615;2.0000;16.7637;16.9093;302;124;-0.0244;114.2595;74.1221;84.3913;154.0808;205.3;270.0;270.0;270.0
339.5;1.9606;2.0000;16.0261;16.4093;302;126;-0.0733;114.3511;75.0840;84.8308;154.8804;202.7;270.0;270.0;270.0
340.0;1.9602;2.0000;15.7843;15.9093;310;118;-0.0733;114.4427;76.1298;85.2923;155.6800;199.5;270.0;270.0;270.0
340.5;1.9592;2.0000;15.2624;15.4093;312;118;-0.0538;114.5191;77.0916;85.7317;156.4796;197.4;270.0;270.0;270.0
341.0;1.9592;2.0000;14.3997;14.9093;304;128;-0.0440;114.5878;78.1298;86.1492;158.0788;192.1;270.0;270.0;270.0
341.5;1.9602;2.0000;14.0659;14.4093;310;122;-0.0733;114.6565;79.1298;86.5448;158.8785;190.8;270.0;270.0;270.0
342.0;1.9611;2.0000;13.4231;13.9093;306;124;-0.0733;114.7176;80.2137;86.9183;159.6781;188.7;270.0;270.0;270.0
342.5;1.9629;2.0000;13.2047;13.4093;312;114;0.0049;114.7710;81.2595;87.3139;161.2773;186.6;270.0;270.0;270.0
343.0;1.9647;2.0000;12.4313;12.9093;306;120;0.0342;114.8168;82.3053;87.6654;162.0769;183.4;270.0;270.0;270.0
343.5;1.9670;2.0000;12.2582;12.4093;316;110;-0.1026;114.8550;83.3511;88.0170;162.8765;182.9;270.0;270.0;270.0
344.0;1.9689;2.0000;11.3448;11.9093;306;118;0.0049;114.8855;84.3511;88.3466;163.6761;181.1;270.0;270.0;270.0
344.5;1.9702;2.0000;10.8173;11.4093;306;116;-0.0635;114.9084;85.3969;88.6543;165.2753;179.7;270.0;270.0;270.0
345.0;1.9716;2.0000;10.3475;10.9093;308;114;0.0342;114.9313;86.4046;88.9399;166.0750;178.7;270.0;270.0;270.0
345.5;1.9730;2.0000;9.8709;10.4093;308;112;-0.0440;114.9466;87.4504;89.2256;166.8746;177.4;270.0;270.0;270.0
346.0;1.9744;2.0000;9.4121;9.9093;310;109;-0.0049;114.9618;88.4122;89.4893;167.6742;174.5;270.0;270.0;270.0
346.5;1.9757;2.0000;8.5453;9.4093;302;116;0.0147;114.9695;89.4580;89.7310;169.2734;173.4;270.0;270.0;270.0
347.0;1.9776;2.0000;8.2651;8.9093;310;109;-0.0538;114.9695;90.5420;89.9727;170.0730;171.0;270.0;270.0;270.0
347.5;1.9803;2.0000;7.6909;8.4093;308;109;0.0440;114.9695;91.5878;90.1925;170.8726;171.0;270.0;270.0;270.0
348.0;1.9835;2.0000;7.4190;7.9093;312;99;-0.0244;114.9618;92.6718;90.4122;172.4718;169.7;270.0;270.0;270.0
348.5;1.9863;2.0000;6.8214;7.4245;304;105;0.0049;114.9542;93.6794;90.6100;173.2714;169.2;270.0;270.0;270.0
349.0;1.9881;2.0000;6.7102;6.9547;310;97;0.0049;114.9389;94.6794;90.8077;174.0710;167.3;270.0;270.0;270.0
349.5;1.9899;2.0000;5.9506;6.5000;294;107;0.0244;114.9237;95.6870;90.9615;175.6703;166.5;270.0;270.0;270.0
350.0;1.9913;2.0000;5.3613;6.0591;286;112;-0.0342;114.9008;96.7328;91.1154;176.4699;166.0;270.0;270.0;270.0
350.5;1.9922;2.0000;5.0041;5.6346;284;114;0.0635;114.8855;97.7328;91.2692;177.2695;165.5;270.0;270.0;270.0
351.0;1.9931;2.0000;4.5206;5.2239;279;118;0.0831;114.8550;98.8168;91.4010;178.0691;165.2;270.0;270.0;270.0
351.5;1.9940;2.0000;4.2541;4.8297;279;118;-0.0733;114.8321;99.8244;91.5109;179.6683;164.7;270.0;270.0;270.0
352.0;1.9945;2.0000;3.6511;4.4492;269;126;-0.0538;114.8015;100.8321;91.6208;180.4679;163.1;270.0;270.0;270.0
352.5;1.9963;2.0000;3.5124;4.0838;271;122;-0.0440;114.7710;101.9160;91.7306;181.2675;163.1;270.0;270.0;270.0
353.0;1.9982;2.0000;2.9973;3.7349;261;128;-0.0244;114.7405;102.9160;91.8185;182.8667;163.1;270.0;270.0;270.0
353.5;1.9995;2.0000;2.9588;3.3997;263;122;-0.0244;114.7023;104.0000;91.8845;183.6664;163.4;270.0;270.0;270.0
354.0;2.0005;2.0000;2.5508;3.0797;255;126;-0.0147;114.6718;105.0076;91.9724;184.4660;162.8;270.0;270.0;270.0
354.5;2.0009;2.0000;2.4121;2.7747;255;126;-0.0147;114.6336;106.0076;92.0383;185.2656;161.0;270.0;270.0;270.0
355.0;2.0014;2.0000;1.9821;2.4849;247;134;-0.0733;114.5954;107.0534;92.1042;186.8648;161.5;270.0;270.0;270.0
355.5;2.0014;2.0000;1.4588;2.2088;238;144;-0.0538;114.5649;108.0153;92.1262;187.6644;161.3;270.0;270.0;270.0
356.0;2.0018;2.0000;1.4629;1.9492;241;140;-0.0538;114.5191;109.0611;92.1701;188.4640;160.7;270.0;270.0;270.0
356.5;2.0014;2.0000;1.1154;1.7047;236;146;-0.0440;114.4885;110.0229;92.2141;189.2636;159.7;270.0;270.0;270.0
357.0;2.0005;2.0000;1.1346;1.4739;238;144;0.0342;114.4427;111.0305;92.2360;190.8629;160.7;270.0;270.0;270.0
357.5;1.9995;2.0000;0.8242;1.2596;232;150;-0.0342;114.4046;111.9924;92.2580;191.6625;158.9;270.0;270.0;270.0
358.0;1.9986;2.0000;0.7569;1.0591;232;152;-0.1124;114.3664;113.0000;92.2800;192.4621;159.7;270.0;270.0;270.0
358.5;1.9982;2.0000;0.3942;0.8750;224;159;-0.0147;114.3282;113.9618;92.3020;193.2617;158.9;270.0;270.0;270.0
359.0;1.9977;2.0000;0.5206;0.7047;228;157;0.0538;114.2901;114.9695;92.3239;194.8609;158.6;270.0;270.0;263.9
359.5;1.9973;2.0000;0.3626;0.5495;224;161;-0.0147;114.2443;116.0076;92.3239;195.6605;159.1;270.0;270.0;255.7
360.0;1.9963;2.0000;-0.0027;0.4093;214;171;-0.0049;114.2061;116.9771;92.3239;196.4601;159.4;270.0;270.0;247.8
360.5;1.9950;2.0000;-0.0852;0.2843;212;177;-0.0049;114.1679;117.9389;92.3239;197.2597;157.8;270.0;270.0;241.0
361.0;1.9950;2.0000;-0.3681;0.1745;204;185;0.0049;114.1221;118.9847;92.3020;198.8589;158.1;270.0;270.0;235.7
361.5;1.9950;2.0000;-0.2047;0.0797;206;183;-0.0733;114.0840;119.9847;92.3020;199.6586;158.9;270.0;270.0;232.0
362.0;1.9963;2.0000;-0.2953;0.0000;220;169;0.0049;114.0458;121.0305;92.3020;200.4582;158.9;270.0;270.0;228.0
362.5;1.9977;2.0000;-0.1305;0.0000;198;189;-0.0049;114.0000;122.0763;92.3020;202.0574;160.7;270.0;270.0;225.7
363.0;1.9982;2.0000;-0.3297;0.0000;193;193;0.0831;113.9618;123.0763;92.2800;202.8570;159.4;270.0;270.0;224.6
363.5;1.9991;2.0000;-0.2500;0.0000;195;191;-0.0733;113.9160;124.1603;92.2800;203.6566;159.1;270.0;270.0;223.3
364.0;2.0000;2.0000;-0.3997;0.0000;191;193;-0.0733;113.8779;125.1679;92.2580;204.4562;157.6;270.0;270.0;221.4
364.5;2.0023;2.0000;-0.2843;0.0000;193;187;-0.0733;113.8321;126.2519;92.2580;206.0554;159.1;270.0;270.0;221.2
365.0;2.0050;2.0000;-0.1772;0.0000;195;185;-0.0831;1.0840;0.0000;-0.0109;0.5557;158.4;270.0;270.0;221.2
365.5;2.0078;2.0000;-0.4931;0.0000;185;189;-0.0635;2.1679;-0.0076;-0.0328;2.1549;158.4;270.0;270.0;220.1
366.0;2.0096;2.0000;-0.4574;0.0000;185;187;-0.0733;3.1679;-0.0076;-0.0328;2.9546;156.5;270.0;270.0;219.9
366.5;2.0110;2.0000;-0.5124;0.0000;183;189;-0.0635;4.1756;-0.0076;-0.0548;3.7542;156.5;270.0;270.0;219.9
367.0;2.0128;2.0000;-0.2761;0.0000;187;181;0.0049;5.2214;-0.0076;-0.0548;4.5538;157.8;270.0;270.0;219.9
367.5;2.0142;2.0000;-0.3159;0.0000;185;181;-0.0733;6.2290;-0.0076;-0.0768;6.1530;157.6;270.0;270.0;219.1
368.0;2.0160;2.0000;-0.0412;0.0000;191;171;-0.1613;7.3511;-0.0076;-0.0768;6.9526;156.5;270.0;270.0;219.1
368.5;2.0174;2.0000;-0.2967;0.0000;185;179;0.0049;8.3969;-0.0076;-0.0768;7.7522;156.0;270.0;270.0;220.1
369.0;2.0188;2.0000;-0.3255;0.0000;183;179;-0.0733;9.3969;-0.0076;-0.0988;9.3514;154.9;270.0;270.0;220.4
369.5;2.0192;2.0000;-0.2129;0.0000;185;175;-0.0733;10.4886;-0.0153;-0.0988;10.1510;154.4;270.0;270.0;222.8
370.0;2.0197;2.0000;-0.2802;0.0000;183;175;-0.1515;11.5344;-0.0153;-0.0988;10.9506;154.9;270.0;270.0;223.0
370.5;2.0215;2.0000;-0.2225;0.0000;185;173;-0.0733;12.6183;-0.0153;-0.0988;12.5499;153.6;270.0;270.0;223.5
371.0;2.0229;2.0000;-0.4203;0.0000;179;179;-0.1515;13.6641;-0.0153;-0.1207;13.3495;152.6;270.0;270.0;224.6
371.5;2.0234;2.0000;-0.3132;0.0000;181;173;-0.0733;14.6641;-0.0153;-0.1207;14.1491;152.0;270.0;270.0;226.2
372.0;2.0224;2.0000;-0.4918;0.0000;177;179;-0.1515;15.6336;-0.0229;-0.1427;14.9487;150.4;270.0;270.0;226.7
372.5;2.0220;2.0000;-0.3063;0.0000;181;173;0.0049;16.6718;-0.0229;-0.1427;16.5479;149.6;270.0;270.0;228.8
373.0;2.0211;2.0000;-0.4451;0.0000;177;177;0.0929;17.6794;-0.0229;-0.1647;17.3475;148.3;270.0;270.0;228.8
373.5;2.0197;2.0000;-0.2541;0.0000;183;173;-0.1613;18.6412;-0.0305;-0.1647;18.1471;148.1;270.0;270.0;229.6
374.0;2.0179;2.0000;-0.4341;0.0000;179;179;-0.0733;19.6489;-0.0305;-0.1867;18.9467;147.5;270.0;270.0;230.4
374.5;2.0169;1.9995;-0.5494;0.0000;175;181;-0.0635;20.6565;-0.0382;-0.2086;20.5460;148.6;270.0;270.0;230.7
375.0;2.0165;1.9991;-0.3626;0.0000;177;173;0.0049;21.7023;-0.0382;-0.2086;21.3456;146.5;270.0;270.0;230.1
375.5;2.0160;1.9986;-0.4615;0.0000;169;171;0.0147;22.6641;-0.0458;-0.2306;22.1452;147.8;270.0;270.0;230.9
376.0;2.0147;1.9982;-0.4437;0.0000;167;169;0.0147;23.7099;-0.0458;-0.2306;22.9448;147.5;270.0;270.0;229.9
376.5;2.0128;1.9973;-0.6250;0.0000;161;173;0.0147;24.6718;-0.0534;-0.2526;24.5440;147.3;270.0;270.0;228.8
377.0;2.0101;1.9963;-0.4670;0.0000;163;167;0.0147;25.6412;-0.0534;-0.2746;25.3436;148.9;270.0;270.0;228.8
377.5;2.0082;1.9954;-0.6978;0.0000;157;173;0.1026;26.6412;-0.0611;-0.2965;26.1432;149.1;270.0;270.0;228.6
378.0;2.0064;1.9940;-0.3750;0.0000;163;163;0.0049;27.6870;-0.0611;-0.2965;26.9428;151.2;270.0;270.0;228.3
378.5;2.0041;1.9927;-0.4712;0.0000;157;163;0.0929;28.6947;-0.0687;-0.3185;28.5421;154.1;270.0;270.0;228.8
379.0;2.0027;1.9913;-0.6346;0.0000;152;167;0.0929;29.6947;-0.0763;-0.3405;29.3417;157.0;270.0;270.0;228.6
379.5;2.0018;1.9895;-0.6923;-0.4011;279;34;0.0244;30.7405;-0.0840;-0.3405;30.1413;159.4;270.0;270.0;227.8
380.0;2.0005;1.9876;-0.7802;-0.8008;288;24;0.1026;31.7481;-0.0840;-0.3624;31.7405;162.6;270.0;270.0;228.6
380.5;1.9986;1.9853;-0.5000;-1.2005;302;5;0.0147;32.7939;-0.0916;-0.3844;32.5401;165.0;270.0;270.0;227.8
381.0;1.9959;1.9835;-0.5069;-1.6003;314;-7;-0.0635;33.7939;-0.0992;-0.4064;33.3397;168.7;270.0;270.0;228.8
381.5;1.9936;1.9812;-0.4409;-1.6003;189;112;0.0147;34.8397;-0.1069;-0.4064;34.1393;175.2;270.0;270.0;228.8
382.0;1.9908;1.9785;-0.9574;-1.5000;140;153;-0.0538;35.7634;-0.1145;-0.4503;35.7386;180.0;270.0;270.0;229.6
382.5;1.9867;1.9757;-1.1264;-1.3008;97;193;-0.1222;36.7328;-0.1221;-0.4723;36.5382;187.1;270.0;270.0;228.3
383.0;1.9831;1.9730;-1.7294;-1.7005;275;11;-0.0244;37.7328;-0.1298;-0.5163;37.3378;198.7;270.0;270.0;226.5
383.5;1.9803;1.9702;-2.1250;-2.1003;275;9;0.0733;38.7786;-0.1374;-0.5822;38.1374;210.6;270.0;270.0;226.7
384.0;1.9780;1.9670;-2.6181;-2.1511;153;126;0.0929;39.8244;-0.1527;-0.6701;39.7366;227.2;270.0;270.0;226.2
384.5;1.9766;1.9638;-3.1346;-2.1003;107;165;0.0244;40.8321;-0.1603;-0.7580;40.5362;249.7;270.0;270.0;225.1
385.0;1.9753;1.9602;-3.2170;-2.1003;116;150;-0.0538;41.8702;-0.1756;-0.8459;41.3358;270.0;270.0;270.0;225.1
385.5;1.9716;1.9565;-3.4423;-2.0000;73;185;0.0342;42.8015;-0.1908;-0.9338;42.1354;270.0;270.0;270.0;223.3
386.0;1.9684;1.9528;-3.4011;-2.0000;105;150;0.0342;43.8015;-0.2061;-1.0436;43.7346;270.0;270.0;270.0;223.3
386.5;1.9661;1.9492;-3.6071;-2.0000;97;152;0.1222;44.8473;-0.2290;-1.1315;44.5343;270.0;270.0;270.0;222.8
387.0;1.9629;1.9451;-3.2775;-2.0000;101;140;0.0244;45.7710;-0.2443;-1.2414;45.3339;270.0;270.0;270.0;222.8
387.5;1.9588;1.9409;-3.3901;-1.9505;79;157;0.1124;46.7328;-0.2672;-1.3293;46.1335;270.0;270.0;270.0;221.7
388.0;1.9542;1.9364;-3.0659;-1.9505;99;132;0.1808;47.6565;-0.2901;-1.4172;46.9331;270.0;270.0;270.0;221.4
388.5;1.9505;1.9318;-2.6003;-1.8503;75;152;0.0929;48.7023;-0.3206;-1.5051;48.5323;270.0;270.0;270.0;220.1
389.0;1.9464;1.9272;-2.2665;-1.8008;95;126;-0.0049;49.6260;-0.3435;-1.5490;49.3319;270.0;270.0;270.0;219.1
389.5;1.9418;1.9222;-1.8558;-1.8008;116;99;0.0635;50.6718;-0.3740;-1.6150;50.1315;270.0;270.0;270.0;219.1
390.0;1.9368;1.9171;-1.8516;-1.8008;114;95;0.0635;51.6412;-0.3969;-1.6589;50.9311;270.0;270.0;270.0;218.3
390.5;1.9313;1.9121;-1.5838;-1.7500;103;103;-0.0244;52.6412;-0.4275;-1.7029;52.5304;270.0;270.0;270.0;218.3
391.0;1.9258;1.9066;-1.5151;-1.8008;132;67;0.0440;53.6031;-0.4580;-1.7468;53.3300;270.0;270.0;270.0;218.3
391.5;1.9199;1.9016;-1.1593;-1.7500;107;89;0.0342;54.4886;-0.4809;-1.7908;54.1296;270.0;270.0;270.0;218.3
392.0;1.9125;1.8956;-1.2129;-1.7500;118;71;-0.0440;55.4122;-0.5114;-1.8127;54.9292;270.0;270.0;270.0;217.5
392.5;1.9048;1.8901;-0.9162;-1.7500;124;62;-0.0538;56.3359;-0.5420;-1.8567;55.7288;270.0;270.0;270.0;217.7
393.0;1.8965;1.8842;-1.2088;-1.7500;116;67;0.0342;57.2214;-0.5725;-1.8787;56.5284;270.0;270.0;270.0;217.7
393.5;1.8887;1.8777;-1.5027;-1.7005;91;91;-0.0342;58.1450;-0.6031;-1.9226;58.1276;270.0;270.0;270.0;216.7
394.0;1.8810;1.8718;-1.4286;-1.6511;91;89;0.0440;59.1069;-0.6336;-1.9666;58.9272;270.0;270.0;270.0;216.2
394.5;1.8723;1.8654;-1.5549;-1.6511;101;75;0.0538;59.9924;-0.6641;-2.0105;59.7268;270.0;270.0;270.0;215.6
395.0;1.8636;1.8585;-1.5192;-1.6511;99;73;0.1320;60.9160;-0.6947;-2.0544;60.5265;270.0;270.0;270.0;215.4
395.5;1.8535;1.8521;-1.7198;-1.6511;93;77;0.0538;61.8015;-0.7252;-2.0984;61.3261;270.0;270.0;270.0;215.9
396.0;1.8434;1.8452;-1.4684;-1.6003;81;87;-0.0342;62.6412;-0.7557;-2.1423;62.1257;270.0;270.0;270.0;214.8
396.5;1.8338;1.8379;-1.6140;-1.5508;77;89;-0.0244;63.5649;-0.7939;-2.1863;62.9253;270.0;270.0;270.0;214.0
397.0;1.8242;1.8310;-1.2019;-1.5508;101;64;-0.0440;64.4122;-0.8244;-2.2302;63.7249;270.0;270.0;270.0;213.5
397.5;1.8155;1.8237;-1.3530;-1.5508;97;65;0.0440;65.3740;-0.8626;-2.2742;65.3241;270.0;270.0;270.0;214.0
398.0;1.8063;1.8159;-1.4904;-1.5000;73;83;0.0440;66.1756;-0.8931;-2.2962;66.1237;270.0;270.0;270.0;213.3
398.5;1.7972;1.8082;-1.5714;-1.5508;103;54;-0.0342;67.0229;-0.9313;-2.3621;66.9233;270.0;270.0;270.0;213.5
399.0;1.7866;1.8004;-1.6841;-1.5000;67;85;0.0538;67.8244;-0.9618;-2.4060;67.7229;270.0;270.0;270.0;213.3
399.5;1.7761;1.7926;-1.4272;-1.5000;87;64;-0.0342;68.6641;-1.0000;-2.4500;68.5226;270.0;270.0;270.0;212.7
400.0;1.7656;1.7843;-1.4011;-1.5000;87;62;-0.0342;69.5115;-1.0382;-2.4720;69.3222;270.0;270.0;270.0;213.0
400.5;1.7560;1.7761;-1.2033;-1.5508;107;38;-0.0440;70.3511;-1.0687;-2.5159;70.1218;270.0;270.0;270.0;213.3
401.0;1.7459;1.7679;-1.3365;-1.5000;69;71;-0.0342;71.1985;-1.1069;-2.5599;70.9214;270.0;270.0;270.0;212.5
401.5;1.7363;1.7592;-1.0920;-1.5508;107;32;-0.0440;72.0382;-1.1450;-2.5818;71.7210;270.0;270.0;270.0;213.5
402.0;1.7266;1.7505;-1.3475;-1.5000;67;67;-0.0342;72.8855;-1.1832;-2.6258;72.5206;270.0;270.0;270.0;213.3
402.5;1.7179;1.7413;-1.2321;-1.4505;67;64;-0.1222;73.7634;-1.2290;-2.6697;73.3202;270.0;270.0;270.0;211.4
403.0;1.7088;1.7326;-1.3008;-1.4505;77;48;-0.1222;74.5725;-1.2595;-2.6917;74.1198;270.0;270.0;270.0;211.4
403.5;1.6983;1.7230;-1.6346;-1.5508;99;21;0.0538;75.3740;-1.2977;-2.7356;74.9194;270.0;270.0;270.0;213.5
404.0;1.6896;1.7138;-1.7527;-1.5508;65;52;-0.1026;76.2519;-1.3435;-2.8016;75.7190;270.0;270.0;270.0;213.3
404.5;1.6795;1.7042;-1.8929;-1.4505;26;83;-0.1026;77.0611;-1.3817;-2.8455;76.5187;270.0;270.0;270.0;212.2
405.0;1.6717;1.6946;-1.6346;-1.4011;46;60;-0.1124;77.9389;-1.4275;-2.8895;77.3183;270.0;270.0;270.0;210.6
405.5;1.6630;1.6850;-1.7280;-1.3503;38;62;0.0538;78.8244;-1.4733;-2.9334;78.1179;270.0;270.0;270.0;209.6
406.0;1.6534;1.6749;-1.4876;-1.3008;38;54;0.0440;79.6260;-1.5114;-2.9774;78.9175;270.0;270.0;270.0;208.8
406.5;1.6442;1.6648;-1.6566;-1.3008;48;38;-0.1026;80.5115;-1.5573;-3.0433;80.5167;270.0;270.0;270.0;208.5
407.0;1.6351;1.6543;-1.3668;-1.3008;52;28;-0.1222;81.3130;-1.6031;-3.0653;81.3163;270.0;270.0;270.0;208.5
407.5;1.6259;1.6438;-1.2994;-1.3008;50;24;0.0440;82.1145;-1.6489;-3.1092;82.1159;270.0;270.0;270.0;209.0
408.0;1.6158;1.6332;-1.1209;-1.3008;52;17;-0.1222;82.9160;-1.6870;-3.1531;82.9155;270.0;270.0;270.0;208.5
408.5;1.6049;1.6223;-0.9382;-1.3503;67;-7;-0.2102;83.6794;-1.7328;-3.1751;83.7151;270.0;270.0;270.0;210.1
409.0;1.5939;1.6113;-1.1937;-1.3503;46;11;-0.1222;84.4809;-1.7786;-3.1971;84.5147;270.0;270.0;270.0;209.3
409.5;1.5829;1.6003;-1.2060;-1.3008;26;24;-0.0440;85.2443;-1.8168;-3.2410;84.5147;270.0;270.0;270.0;209.0
410.0;1.5719;1.5893;-1.4464;-1.2500;17;28;-0.0342;86.0916;-1.8626;-3.2850;86.1140;270.0;270.0;270.0;208.2
410.5;1.5604;1.5778;-1.3736;-1.2500;30;9;-0.0342;86.8473;-1.9084;-3.3289;86.1140;270.0;270.0;270.0;207.4
411.0;1.5485;1.5664;-1.4588;-1.2005;9;24;-0.0342;87.6107;-1.9542;-3.3509;86.9136;270.0;270.0;270.0;207.2
411.5;1.5366;1.5545;-1.2541;-1.2500;42;-15;-0.1222;88.3359;-2.0000;-3.3949;87.7132;270.0;270.0;270.0;207.4
412.0;1.5243;1.5426;-1.3585;-1.2005;7;17;-0.1222;89.0611;-2.0382;-3.4388;88.5128;270.0;270.0;270.0;206.7
412.5;1.5128;1.5307;-1.2225;-1.1511;7;11;-0.1222;89.8626;-2.0840;-3.4608;89.3124;270.0;270.0;270.0;206.1
413.0;1.5005;1.5183;-0.9492;-1.1511;24;-13;0.0244;90.5802;-2.1298;-3.5047;90.1120;270.0;270.0;270.0;205.6
413.5;1.4876;1.5060;-0.8874;-1.1511;22;-17;-0.1320;91.3053;-2.1756;-3.5267;90.9116;270.0;270.0;270.0;205.1
414.0;1.4748;1.4936;-0.7514;-1.1003;9;-7;-0.2199;91.9847;-2.2214;-3.5487;91.7112;270.0;270.0;270.0;205.1
414.5;1.4611;1.4812;-1.0027;-1.1003;19;-15;-0.0538;92.6641;-2.2595;-3.5707;92.5108;270.0;270.0;270.0;204.8
415.0;1.4464;1.4689;-1.0220;-1.0508;3;5;0.0342;93.3130;-2.2977;-3.5926;93.3105;270.0;270.0;270.0;204.3
415.5;1.4327;1.4570;-1.3214;-1.1003;28;-17;-0.0342;94.0687;-2.3511;-3.6366;94.1101;270.0;270.0;270.0;204.5
416.0;1.4190;1.4451;-1.1277;-1.1003;19;-3;0.0342;94.7099;-2.3893;-3.6805;94.1101;270.0;270.0;270.0;204.3
416.5;1.4048;1.4332;-1.2019;-1.0508;5;17;-0.0440;95.3969;-2.4351;-3.7025;94.9097;270.0;270.0;270.0;203.5
417.0;1.3910;1.4217;-1.0549;-1.0000;9;17;-0.0440;96.0763;-2.4733;-3.7464;95.7093;270.0;270.0;270.0;203.2
417.5;1.3773;1.4103;-1.1099;-1.0000;24;5;-0.0440;96.6794;-2.5191;-3.7684;96.5089;270.0;270.0;270.0;202.7
418.0;1.3636;1.3993;-1.1099;-1.0000;26;7;-0.0440;97.3588;-2.5649;-3.8124;97.3085;270.0;270.0;270.0;203.0
418.5;1.3503;1.3883;-0.8970;-1.0000;34;5;-0.0538;97.9618;-2.6031;-3.8343;97.3085;270.0;270.0;270.0;202.4
419.0;1.3379;1.3773;-0.8777;-0.9505;21;22;-0.0538;98.6412;-2.6489;-3.8563;98.1081;270.0;270.0;270.0;202.2
419.5;1.3255;1.3663;-0.8681;-1.0000;54;-5;0.0244;99.2824;-2.6870;-3.8783;98.9077;270.0;270.0;270.0;203.2
420.0;1.3136;1.3558;-1.0577;-1.0000;36;15;-0.1320;99.9237;-2.7328;-3.9003;99.7073;270.0;270.0;270.0;203.0
420.5;1.3017;1.3452;-0.9162;-1.0000;40;15;0.0244;100.5649;-2.7786;-3.9442;100.5069;270.0;270.0;270.0;202.7
421.0;1.2894;1.3347;-1.1319;-0.9505;22;36;-0.0440;101.1679;-2.8168;-3.9662;100.5069;270.0;270.0;270.0;201.9
421.5;1.2775;1.3246;-0.9066;-1.0000;60;5;0.0244;101.8092;-2.8626;-3.9882;101.3066;270.0;270.0;270.0;203.0
422.0;1.2651;1.3146;-0.9354;-1.0000;46;22;0.0244;102.3740;-2.9008;-4.0101;102.1062;270.0;270.0;270.0;202.4
422.5;1.2532;1.3049;-1.1195;-0.9505;28;46;0.0342;103.0153;-2.9466;-4.0541;102.9058;270.0;270.0;270.0;201.6
423.0;1.2418;1.2953;-1.1085;-0.9011;28;50;0.0342;103.5725;-2.9847;-4.0761;102.9058;270.0;270.0;270.0;200.8
423.5;1.2312;1.2857;-1.1676;-0.9011;44;38;0.0342;104.2137;-3.0305;-4.1200;103.7054;270.0;270.0;270.0;200.3
424.0;1.2202;1.2766;-0.9602;-0.8503;34;52;0.0244;104.7786;-3.0763;-4.1420;104.5050;270.0;270.0;270.0;200.1
424.5;1.2097;1.2669;-1.0659;-0.8503;50;42;0.1124;105.3817;-3.1145;-4.1640;105.3046;270.0;270.0;270.0;199.8
425.0;1.1992;1.2582;-0.9780;-0.8503;54;42;0.0244;105.9389;-3.1603;-4.2079;105.3046;270.0;270.0;270.0;200.1
425.5;1.1891;1.2491;-1.1662;-0.8503;50;50;0.0342;106.5038;-3.1985;-4.2299;106.1042;270.0;270.0;270.0;199.5
426.0;1.1772;1.2404;-0.9478;-0.9011;73;30;0.0244;106.9847;-3.2366;-4.2519;106.9038;270.0;270.0;270.0;200.8
426.5;1.1676;1.2317;-1.0618;-0.8503;44;67;0.0342;107.6260;-3.2824;-4.2958;107.7034;270.0;270.0;270.0;199.8
427.0;1.1575;1.2234;-0.9299;-0.8008;48;65;-0.0538;108.1450;-3.3206;-4.3178;107.7034;270.0;270.0;270.0;199.3
427.5;1.1479;1.2152;-0.8104;-0.8503;83;34;0.0244;108.7023;-3.3664;-4.3397;108.5030;270.0;270.0;270.0;199.5
428.0;1.1378;1.2070;-0.9657;-0.8008;50;73;0.1124;109.2290;-3.4046;-4.3617;109.3027;270.0;270.0;270.0;199.0
428.5;1.1291;1.1992;-0.9835;-0.8008;67;60;-0.0538;109.8244;-3.4504;-4.4057;109.3027;270.0;270.0;270.0;198.5
429.0;1.1200;1.1914;-1.0522;-0.7500;52;79;-0.0440;110.3511;-3.4885;-4.4276;110.1023;270.0;270.0;270.0;198.2
429.5;1.1113;1.1836;-0.9478;-0.7500;71;65;0.0244;110.9084;-3.5344;-4.4496;110.9019;270.0;270.0;270.0;197.9
430.0;1.1021;1.1758;-0.9739;-0.8008;89;52;-0.0538;111.4275;-3.5725;-4.4936;110.9019;270.0;270.0;270.0;198.7
430.5;1.0929;1.1685;-0.7569;-0.7500;65;79;0.0244;111.9924;-3.6183;-4.5155;111.7015;270.0;270.0;270.0;197.7
431.0;1.0852;1.1616;-0.8475;-0.7500;81;69;0.0244;112.5496;-3.6641;-4.5375;112.5011;270.0;270.0;270.0;197.4
431.5;1.0769;1.1543;-0.7747;-0.7005;69;85;-0.0538;113.0763;-3.7023;-4.5595;112.5011;270.0;270.0;270.0;197.2
432.0;1.0678;1.1474;-0.6387;-0.7005;89;69;0.0929;113.5115;-3.7405;-4.5595;113.3007;270.0;270.0;270.0;196.9
432.5;1.0600;1.1410;-0.7184;-0.7005;89;75;0.0244;114.0763;-3.7863;-4.5815;114.1003;270.0;270.0;270.0;196.6
433.0;1.0540;1.1342;-0.7019;-0.7500;107;62;0.1026;114.6794;-3.8321;-4.6034;114.1003;270.0;270.0;270.0;197.4
433.5;1.0476;1.1277;-0.8104;-0.7500;93;79;-0.0538;115.1985;-3.8779;-4.6254;114.8999;270.0;270.0;270.0;197.2
434.0;1.0412;1.1218;-0.8585;-0.7005;75;99;0.1026;115.7176;-3.9160;-4.6694;115.6995;270.0;270.0;270.0;196.6
434.5;1.0339;1.1154;-0.9588;-0.7005;91;89;0.0244;116.1985;-3.9542;-4.6913;115.6995;270.0;270.0;270.0;196.4
435.0;1.0279;1.1094;-0.8681;-0.6511;79;105;0.0244;116.7557;-4.0000;-4.7133;116.4991;270.0;270.0;270.0;196.1
435.5;1.0229;1.1039;-0.9437;-0.6511;93;93;0.0244;117.3206;-4.0458;-4.7353;117.2988;270.0;270.0;270.0;195.8
436.0;1.0183;1.0980;-0.8668;-0.6511;97;93;0.0244;117.8779;-4.0916;-4.7573;117.2988;270.0;270.0;270.0;196.4
436.5;1.0142;1.0929;-0.9038;-0.6511;97;95;0.1026;118.4046;-4.1374;-4.7792;118.0984;270.0;270.0;270.0;195.8
437.0;1.0092;1.0875;-0.8984;-0.6511;99;97;0.0244;118.9618;-4.1832;-4.8232;118.8980;270.0;270.0;270.0;195.3
437.5;1.0037;1.0824;-0.7102;-0.6511;105;93;0.0244;119.4427;-4.2214;-4.8451;118.8980;270.0;270.0;270.0;195.3
438.0;0.9991;1.0774;-0.5879;-0.6003;93;109;0.0929;119.9618;-4.2672;-4.8451;119.6976;270.0;270.0;270.0;195.3
438.5;0.9945;1.0723;-0.5824;-0.6511;124;79;0.0929;120.4809;-4.3130;-4.8671;120.4972;270.0;270.0;270.0;195.3
439.0;0.9908;1.0678;-0.6305;-0.6003;93;114;0.0929;121.0076;-4.3588;-4.8891;120.4972;270.0;270.0;270.0;194.8
439.5;0.9876;1.0632;-0.5934;-0.6003;110;99;0.0147;121.5649;-4.4046;-4.9111;121.2968;270.0;270.0;270.0;194.5
440.0;0.9858;1.0586;-0.7115;-0.6003;109;103;0.0244;122.1221;-4.4504;-4.9330;122.0964;270.0;270.0;270.0;194.3
440.5;0.9844;1.0545;-0.5577;-0.6003;112;101;0.0929;122.7252;-4.5038;-4.9330;122.0964;270.0;270.0;270.0;194.3
441.0;0.9826;1.0504;-0.5371;-0.5508;97;116;0.0147;123.2061;-4.5496;-4.9550;122.8960;270.0;270.0;270.0;194.0
441.5;0.9808;1.0467;-0.4176;-0.5508;116;99;-0.0733;123.7252;-4.5954;-4.9770;123.6956;270.0;270.0;270.0;194.0
442.0;0.9799;1.0430;-0.3654;-0.5508;118;99;0.0929;124.3282;-4.6412;-4.9770;123.6956;270.0;270.0;270.0;194.0
442.5;0.9780;1.0394;-0.3420;-0.5508;120;97;-0.0733;124.8473;-4.6870;-4.9770;124.4952;270.0;270.0;270.0;194.0
443.0;0.9780;1.0357;-0.3613;-0.5508;118;99;0.0831;125.4504;-4.7405;-4.9990;125.2948;270.0;270.0;270.0;194.0
443.5;0.9780;1.0325;-0.4066;-0.5508;118;99;-0.0733;125.9695;-4.7863;-4.9990;126.0945;270.0;270.0;270.0;194.0
444.0;0.9766;1.0293;-0.5027;-0.6003;134;85;-0.0635;126.4885;-4.8321;-5.0209;126.0945;270.0;270.0;270.0;194.3
444.5;0.9753;1.0266;-0.5714;-0.5508;101;118;0.0929;127.0076;-4.8779;-5.0429;126.8941;270.0;270.0;270.0;194.0
445.0;0.9748;1.0238;-0.4918;-0.5508;118;103;-0.0635;127.6107;-4.9313;-5.0429;127.6937;270.0;270.0;270.0;194.0
445.5;0.9739;1.0211;-0.5206;-0.6003;134;89;0.0147;128.0916;-4.9771;-5.0649;127.6937;270.0;270.0;270.0;194.3
446.0;0.9730;1.0183;-0.5082;-0.5508;105;120;0.0147;128.6488;-5.0229;-5.0869;128.4933;270.0;270.0;270.0;194.0
446.5;0.9725;1.0160;-0.4629;-0.6003;140;89;-0.0733;129.1756;-5.0687;-5.0869;129.2929;270.0;270.0;270.0;194.8
447.0;0.9725;1.0142;-0.5082;-0.6511;140;89;0.0147;129.7328;-5.1221;-5.1088;129.2929;270.0;270.0;270.0;195.3
447.5;0.9725;1.0119;-0.5247;-0.6003;109;120;-0.0635;130.2519;-5.1679;-5.1308;130.0925;270.0;270.0;270.0;194.3
448.0;0.9721;1.0101;-0.4519;-0.5508;110;120;0.0147;130.7328;-5.2061;-5.1308;130.8921;270.0;270.0;270.0;193.5
448.5;0.9730;1.0082;-0.5508;-0.5000;107;124;-0.0635;131.3359;-5.2595;-5.1528;130.8921;270.0;270.0;270.0;192.9
449.0;0.9744;1.0069;-0.5742;-0.5000;122;112;0.0929;131.8550;-5.3130;-5.1748;131.6917;270.0;270.0;270.0;192.7
449.5;0.9757;1.0055;-0.5604;-0.5000;122;112;0.0147;132.4122;-5.3588;-5.1967;132.4913;270.0;270.0;270.0;192.4
450.0;0.9776;1.0041;-0.6209;-0.5000;120;112;0.0147;132.9771;-5.4122;-5.1967;132.4913;270.0;270.0;270.0;192.7
450.5;0.9794;1.0032;-0.5027;-0.5000;124;110;0.0147;133.5343;-5.4656;-5.2187;133.2909;270.0;270.0;270.0;192.9
451.0;0.9799;1.0023;-0.4492;-0.5000;126;109;0.0147;134.0153;-5.5038;-5.2407;134.0906;270.0;270.0;270.0;192.7
451.5;0.9817;1.0014;-0.4725;-0.5000;126;110;0.0147;134.5725;-5.5573;-5.2407;134.0906;270.0;270.0;270.0;192.9
452.0;0.9835;1.0009;-0.4574;-0.5000;128;110;0.0147;135.1374;-5.6107;-5.2627;134.8902;270.0;270.0;270.0;192.4
452.5;0.9849;1.0005;-0.4766;-0.5000;126;112;0.0147;135.6183;-5.6565;-5.2627;135.6898;270.0;270.0;270.0;192.7
453.0;0.9858;1.0000;-0.5838;-0.5000;124;116;0.0929;136.1374;-5.7023;-5.2846;135.6898;270.0;270.0;270.0;192.9
453.5;0.9872;1.0000;-0.6195;-0.5000;126;118;-0.0635;136.6565;-5.7481;-5.3066;136.4894;270.0;270.0;270.0;192.9
454.0;0.9886;1.0000;-0.6511;-0.5000;124;120;0.1026;137.1756;-5.7939;-5.3286;137.2890;270.0;270.0;270.0;192.4
454.5;0.9895;1.0000;-0.7390;-0.4505;107;138;0.0244;137.6565;-5.8397;-5.3506;137.2890;270.0;270.0;270.0;191.9
455.0;0.9899;1.0000;-0.6951;-0.5000;138;105;0.1026;138.1756;-5.8931;-5.3725;138.0886;270.0;270.0;270.0;192.4
455.5;0.9899;1.0000;-0.6621;-0.4505;107;134;0.0147;138.6565;-5.9389;-5.3945;138.0886;270.0;270.0;270.0;191.3
456.0;0.9904;1.0000;-0.6552;-0.4505;122;118;-0.0635;139.1756;-5.9847;-5.3945;138.8882;270.0;270.0;270.0;191.3
456.5;0.9904;1.0000;-0.5920;-0.4011;107;134;0.0147;139.6565;-6.0305;-5.4165;139.6878;270.0;270.0;270.0;190.8
457.0;0.9904;1.0000;-0.5453;-0.4011;122;116;0.0147;140.1374;-6.0763;-5.4384;139.6878;270.0;270.0;270.0;190.8
457.5;0.9908;1.0000;-0.5494;-0.4011;122;116;0.0929;140.6565;-6.1221;-5.4604;140.4874;270.0;270.0;270.0;190.8
458.0;0.9918;1.0000;-0.4863;-0.4011;124;114;-0.0635;141.1756;-6.1756;-5.4604;141.2870;270.0;270.0;270.0;191.1
458.5;0.9922;1.0000;-0.5096;-0.4505;140;99;0.0147;141.6565;-6.2214;-5.4824;141.2870;270.0;270.0;270.0;191.3
459.0;0.9927;1.0000;-0.5124;-0.4011;109;130;-0.0635;142.1756;-6.2672;-5.5044;142.0867;270.0;270.0;270.0;190.3
459.5;0.9931;1.0000;-0.3984;-0.3503;109;128;0.0929;142.7023;-6.3206;-5.5044;142.8863;270.0;270.0;270.0;190.0
460.0;0.9931;1.0000;-0.4327;-0.3503;122;112;0.0147;143.1756;-6.3664;-5.5263;142.8863;270.0;270.0;270.0;190.0
460.5;0.9940;1.0000;-0.4560;-0.3503;122;114;0.0147;143.7405;-6.4198;-5.5263;143.6859;270.0;270.0;270.0;189.8
461.0;0.9950;1.0000;-0.4107;-0.3503;122;112;0.0049;144.2214;-6.4656;-5.5483;143.6859;270.0;270.0;270.0;189.8
461.5;0.9959;1.0000;-0.4890;-0.4011;136;97;0.0929;144.7405;-6.5191;-5.5483;144.4855;270.0;270.0;270.0;190.3
462.0;0.9973;1.0000;-0.4684;0.0000;-11;243;-0.0049;0.5573;0.0000;-0.0109;0.5557;270.0;270.0;270.0;190.3
462.5;0.9977;1.0000;-0.4093;0.0000;112;120;0.0049;1.0382;-0.0076;-0.0328;0.5557;270.0;270.0;270.0;189.8
463.0;0.9991;1.0000;-0.4409;0.0000;110;120;0.0147;1.6031;-0.0076;-0.0328;1.3553;270.0;270.0;270.0;189.5
463.5;1.0005;1.0000;-0.3750;0.0000;110;118;0.0929;2.1298;-0.0076;-0.0548;1.3553;270.0;270.0;270.0;189.2
464.0;1.0018;1.0000;-0.2734;0.0000;112;114;-0.0733;2.6489;-0.0076;-0.0548;2.1549;270.0;270.0;270.0;189.0
464.5;1.0023;1.0000;-0.1964;0.0000;112;112;0.0049;3.1298;-0.0076;-0.0548;2.9546;270.0;270.0;270.0;189.0
465.0;1.0037;1.0000;-0.0247;0.0000;116;107;-0.0831;3.6565;-0.0076;-0.0548;2.9546;270.0;270.0;270.0;189.0
465.5;1.0046;1.0000;0.1071;0.0000;120;103;-0.0929;4.1756;-0.0076;-0.0548;3.7542;270.0;270.0;270.0;189.0
466.0;1.0050;1.0000;0.1676;0.0000;120;101;-0.0147;4.6565;-0.0076;-0.0548;4.5538;270.0;270.0;270.0;189.0
466.5;1.0060;1.0000;0.2033;0.0000;120;99;0.0635;5.2595;-0.0076;-0.0548;4.5538;270.0;270.0;270.0;189.5
467.0;1.0078;1.0000;0.2431;0.0000;122;97;-0.0929;5.7863;-0.0076;-0.0328;5.3534;270.0;270.0;270.0;189.2
467.5;1.0096;1.0000;0.1882;0.0000;120;99;-0.0147;6.3435;-0.0076;-0.0328;6.1530;270.0;270.0;270.0;189.2
468.0;1.0110;1.0000;0.1854;0.0000;118;97;-0.0929;6.8702;-0.0076;-0.0328;6.1530;270.0;270.0;270.0;189.0
468.5;1.0128;1.0000;0.1703;0.0000;116;97;-0.0929;7.3893;-0.0076;-0.0328;6.9526;270.0;270.0;270.0;189.2
469.0;1.0142;1.0000;0.0440;0.0000;112;99;0.0733;7.9160;-0.0076;-0.0328;7.7522;270.0;270.0;270.0;189.0
469.5;1.0147;1.0000;0.0110;0.0000;110;99;-0.0049;8.3969;-0.0076;-0.0328;7.7522;270.0;270.0;270.0;189.0
470.0;1.0160;1.0000;-0.0206;0.0000;110;99;-0.0049;8.9618;-0.0076;-0.0328;8.5518;270.0;270.0;270.0;189.2
470.5;1.0174;1.0000;-0.0591;0.0000;109;99;-0.0831;9.4809;-0.0076;-0.0328;9.3514;270.0;270.0;270.0;189.0
471.0;1.0183;1.0000;0.0096;0.0000;109;97;-0.0831;10.0000;-0.0076;-0.0328;9.3514;270.0;270.0;270.0;188.7
471.5;1.0197;1.0000;-0.0343;0.0000;109;97;-0.0049;10.5649;-0.0076;-0.0328;10.1510;270.0;270.0;270.0;188.4
472.0;1.0206;1.0000;-0.0742;0.0000;107;97;-0.0831;11.0916;-0.0076;-0.0328;10.9506;270.0;270.0;270.0;188.4
472.5;1.0224;1.0000;-0.0343;0.0000;107;95;-0.0049;11.6489;-0.0076;-0.0328;10.9506;270.0;270.0;270.0;188.2
473.0;1.0238;1.0000;-0.0852;0.0000;105;95;-0.0831;12.1756;-0.0076;-0.0328;11.7503;270.0;270.0;270.0;188.2
473.5;1.0247;1.0000;-0.1003;0.0000;105;95;-0.0831;12.6947;-0.0076;-0.0328;12.5499;270.0;270.0;270.0;188.2
474.0;1.0270;1.0000;-0.0714;0.0000;103;93;-0.0049;13.2595;-0.0076;-0.0328;12.5499;270.0;270.0;270.0;187.9
474.5;1.0279;1.0000;-0.1429;0.0000;101;93;-0.0831;13.7786;-0.0076;-0.0328;13.3495;270.0;270.0;270.0;187.9
475.0;1.0288;1.0000;-0.1744;0.0000;99;93;0.0049;14.2672;-0.0076;-0.0548;14.1491;270.0;270.0;270.0;187.7
475.5;1.0293;1.0000;-0.1415;0.0000;99;91;-0.0831;14.7863;-0.0076;-0.0548;14.1491;270.0;270.0;270.0;187.4
476.0;1.0307;1.0000;-0.2198;0.0000;97;93;0.0049;15.3511;-0.0076;-0.0548;14.9487;270.0;270.0;270.0;188.2
476.5;1.0316;1.0000;-0.2266;0.0000;97;93;-0.0733;15.8702;-0.0076;-0.0548;15.7483;270.0;270.0;270.0;188.4
477.0;1.0325;1.0000;-0.1841;0.0000;97;91;-0.0831;16.3969;-0.0076;-0.0768;15.7483;270.0;270.0;270.0;188.4
477.5;1.0330;1.0000;-0.1951;0.0000;95;91;0.0049;16.9542;-0.0153;-0.0768;16.5479;270.0;270.0;270.0;189.0
478.0;1.0330;1.0000;-0.1992;0.0000;95;91;0.0049;17.4351;-0.0153;-0.0768;17.3475;270.0;270.0;270.0;188.2
478.5;1.0325;1.0000;-0.2239;0.0000;93;91;0.0049;17.9237;-0.0153;-0.0768;17.3475;270.0;270.0;270.0;188.2
479.0;1.0321;1.0000;-0.2706;0.0000;93;93;-0.0733;18.4427;-0.0153;-0.0988;18.1471;270.0;270.0;270.0;187.7
479.5;1.0316;1.0000;-0.2926;0.0000;93;93;0.0049;18.9237;-0.0153;-0.0988;18.1471;270.0;270.0;270.0;187.4
480.0;1.0307;1.0000;-0.2610;0.0000;93;93;-0.1613;19.4886;-0.0153;-0.0988;18.9467;270.0;270.0;270.0;187.1
480.5;1.0293;1.0000;-0.3516;0.0000;91;95;0.0049;19.9695;-0.0153;-0.1207;19.7464;270.0;270.0;270.0;187.4
481.0;1.0288;0.9995;-0.3434;0.0000;91;93;-0.0733;20.4962;-0.0153;-0.1207;19.7464;270.0;270.0;270.0;187.7
481.5;1.0284;0.9991;-0.3146;0.0000;89;89;-0.0733;21.0153;-0.0153;-0.1427;20.5460;270.0;270.0;270.0;187.7
482.0;1.0284;0.9986;-0.3407;0.0000;87;89;0.0049;21.5802;-0.0229;-0.1427;21.3456;270.0;270.0;270.0;186.9
482.5;1.0284;0.9982;-0.2692;0.0000;87;83;-0.0733;22.0992;-0.0229;-0.1647;21.3456;270.0;270.0;270.0;186.6
483.0;1.0275;0.9973;-0.3022;0.0000;81;81;0.0049;22.5802;-0.0229;-0.1647;22.1452;270.0;270.0;270.0;187.1
483.5;1.0270;0.9963;-0.2981;0.0000;79;79;-0.0733;23.1069;-0.0229;-0.1647;22.9448;270.0;270.0;270.0;186.6
484.0;1.0261;0.9954;-0.2431;0.0000;79;75;-0.0733;23.6260;-0.0229;-0.1867;22.9448;270.0;270.0;270.0;186.3
484.5;1.0247;0.9940;-0.2005;0.0000;77;73;0.0049;24.1069;-0.0229;-0.1867;23.7444;270.0;270.0;270.0;186.1
485.0;1.0234;0.9927;-0.2610;0.0000;73;71;-0.0733;24.6336;-0.0305;-0.1867;24.5440;270.0;270.0;270.0;185.8
485.5;1.0220;0.9913;-0.1593;0.0000;73;67;0.0831;25.1527;-0.0305;-0.1867;24.5440;267.6;270.0;270.0;186.3
486.0;1.0197;0.9895;-0.1470;0.0000;71;65;0.0049;25.6412;-0.0305;-0.2086;25.3436;261.8;270.0;270.0;185.8
486.5;1.0165;0.9876;-0.1442;0.0000;69;64;-0.0831;26.0763;-0.0305;-0.2086;25.3436;256.3;270.0;270.0;185.8
487.0;1.0133;0.9853;-0.1030;0.0000;69;62;-0.0049;26.5649;-0.0382;-0.2086;26.1432;253.4;270.0;270.0;185.5
487.5;1.0101;0.9835;-0.0810;0.0000;67;60;-0.0049;27.0458;-0.0382;-0.2086;26.9428;248.9;270.0;270.0;185.3
488.0;1.0060;0.9812;-0.0934;0.0000;65;58;0.0831;27.4886;-0.0382;-0.2086;26.9428;239.9;270.0;270.0;185.0
488.5;1.0009;0.9785;-0.0728;0.0000;65;58;-0.0049;27.8855;-0.0382;-0.2086;27.7425;235.2;270.0;270.0;185.0
489.0;0.9973;0.9757;-0.0467;0.0000;64;54;-0.0831;28.4122;-0.0382;-0.2086;27.7425;230.7;270.0;270.0;184.8
489.5;0.9936;0.9730;-0.0769;0.0000;62;54;-0.0049;28.8931;-0.0458;-0.2086;28.5421;227.5;270.0;270.0;184.8
490.0;0.9899;0.9702;-0.0398;0.0000;62;52;-0.0049;29.3740;-0.0458;-0.2086;29.3417;225.7;270.0;270.0;185.0
490.5;0.9858;0.9670;-0.1429;0.0000;58;52;-0.0831;29.8168;-0.0458;-0.2306;29.3417;220.9;270.0;270.0;184.5
491.0;0.9812;0.9638;-0.2376;0.0000;52;54;0.0831;30.2595;-0.0458;-0.2306;30.1413;220.6;270.0;270.0;185.3
491.5;0.9771;0.9602;-0.2692;0.0000;50;52;0.0049;30.7405;-0.0458;-0.2306;30.1413;216.4;270.0;270.0;184.5
492.0;0.9725;0.9565;-0.4327;0.0000;44;54;-0.0733;31.1832;-0.0534;-0.2526;30.9409;213.8;270.0;270.0;184.2
492.5;0.9679;0.9528;-0.3626;0.0000;44;52;0.0049;31.6641;-0.0534;-0.2526;30.9409;211.4;270.0;270.0;183.7
493.0;0.9629;0.9492;-0.3530;0.0000;44;50;0.0049;32.0687;-0.0534;-0.2746;31.7405;210.1;270.0;270.0;183.4
493.5;0.9574;0.9451;-0.3214;0.0000;42;46;-0.0733;32.5115;-0.0611;-0.2746;31.7405;208.2;270.0;270.0;182.9
494.0;0.9524;0.9409;-0.1662;0.0000;44;40;0.0049;32.9924;-0.0611;-0.2746;32.5401;206.9;270.0;270.0;182.9
494.5;0.9464;0.9364;-0.0783;0.0000;44;36;-0.0049;33.3969;-0.0611;-0.2965;33.3397;204.5;270.0;270.0;182.6
495.0;0.9405;0.9318;-0.1332;0.0000;42;36;-0.0831;33.8397;-0.0611;-0.2965;33.3397;203.0;270.0;270.0;182.9
495.5;0.9341;0.9272;-0.0755;0.0000;42;34;-0.0049;34.2366;-0.0687;-0.2965;34.1393;201.4;270.0;270.0;182.1
496.0;0.9272;0.9222;-0.0769;0.0000;40;32;-0.0049;34.6412;-0.0687;-0.2965;34.1393;200.3;270.0;270.0;181.8
496.5;0.9208;0.9171;-0.1690;0.0000;36;34;0.0831;35.0840;-0.0687;-0.2965;34.9389;198.7;270.0;270.0;181.6
497.0;0.9130;0.9121;-0.1360;0.0000;36;32;-0.0831;35.4427;-0.0687;-0.2965;34.9389;197.7;270.0;270.0;181.1
497.5;0.9052;0.9066;-0.1580;0.0000;34;32;0.0049;35.8473;-0.0763;-0.3185;35.7386;197.2;269.7;270.0;180.5
498.0;0.8984;0.9016;-0.1387;0.0000;34;30;-0.0831;36.2901;-0.0763;-0.3185;35.7386;197.2;266.6;270.0;181.3
498.5;0.8915;0.8956;-0.0934;0.0000;32;26;-0.0049;36.6870;-0.0763;-0.3185;36.5382;196.1;264.7;270.0;180.3
499.0;0.8832;0.8901;-0.0742;0.0000;32;26;0.0733;37.0534;-0.0763;-0.3185;36.5382;195.8;262.3;270.0;180.0
499.5;0.8755;0.8842;-0.1635;0.0000;28;26;0.0049;37.4504;-0.0840;-0.3185;37.3378;193.7;261.8;270.0;178.9
500.0;0.8663;0.8777;-0.1030;0.0000;28;24;-0.0049;37.7786;-0.0840;-0.3185;37.3378;192.7;261.8;270.0;178.4
500.5;0.8567;0.8718;-0.1140;0.0000;28;24;-0.0049;38.1756;-0.0840;-0.3185;38.1374;192.9;261.3;270.0;177.9
501.0;0.8475;0.8654;-0.1401;0.0000;26;22;-0.0831;38.5420;-0.0916;-0.3405;38.1374;191.9;261.3;270.0;177.4
501.5;0.8375;0.8585;-0.0604;0.0000;28;21;-0.0049;38.8626;-0.0916;-0.3405;38.1374;192.1;261.3;270.0;176.8
502.0;0.8283;0.8521;-0.0907;0.0000;26;21;-0.0049;39.2595;-0.0916;-0.3405;38.9370;191.6;261.0;270.0;177.1
502.5;0.8201;0.8452;-0.0920;0.0000;24;21;-0.0049;39.6641;-0.0916;-0.3405;38.9370;191.6;261.0;270.0;176.0
503.0;0.8109;0.8379;-0.0494;0.0000;24;19;-0.0049;39.9847;-0.0992;-0.3405;39.7366;191.9;260.2;270.0;175.8
503.5;0.8017;0.8310;-0.1484;0.0000;22;19;-0.0831;40.3435;-0.0992;-0.3405;39.7366;192.1;259.2;270.0;175.0
504.0;0.7930;0.8237;-0.1854;0.0000;19;19;0.0049;40.7481;-0.0992;-0.3405;40.5362;191.1;257.9;270.0;173.4
504.5;0.7843;0.8159;-0.1593;0.0000;19;17;0.0049;41.0687;-0.0992;-0.3624;40.5362;191.1;254.4;270.0;172.9
505.0;0.7752;0.8082;-0.3022;0.0000;13;19;0.0831;41.4351;-0.1069;-0.3624;41.3358;191.3;251.3;270.0;172.3
505.5;0.7660;0.8004;-0.2940;0.0000;13;17;-0.0733;41.7939;-0.1069;-0.3624;41.3358;191.3;248.4;270.0;172.1
506.0;0.7582;0.7926;-0.2898;0.0000;11;15;0.0049;42.1985;-0.1069;-0.3844;42.1354;190.8;246.8;270.0;172.9
506.5;0.7486;0.7843;-0.3613;0.0000;5;15;0.0831;42.4809;-0.1145;-0.3844;42.1354;192.1;245.2;270.0;172.1
507.0;0.7390;0.7761;-0.3668;0.0000;5;13;-0.0733;42.8397;-0.1145;-0.4064;42.1354;192.7;244.9;270.0;171.6
507.5;0.7294;0.7679;-0.3640;0.0000;3;13;0.0929;43.1985;-0.1145;-0.4064;42.9350;193.5;243.9;270.0;170.8
508.0;0.7198;0.7592;-0.4409;0.0000;-1;13;0.0147;43.5191;-0.1221;-0.4284;42.9350;193.2;243.9;270.0;170.0
508.5;0.7102;0.7505;-0.4354;0.0000;-3;11;0.0147;43.8473;-0.1221;-0.4284;43.7346;193.2;242.8;270.0;169.7
509.0;0.7019;0.7413;-0.4478;0.0000;-5;9;0.0147;44.2443;-0.1221;-0.4503;43.7346;192.9;241.5;270.0;169.2
509.5;0.6928;0.7326;-0.5824;0.0000;-11;9;0.0147;44.5649;-0.1298;-0.4723;44.5343;193.7;241.0;270.0;168.9
510.0;0.6836;0.7230;-0.5962;0.0000;-15;7;0.0147;44.8855;-0.1298;-0.4723;44.5343;193.7;240.4;270.0;168.7
510.5;0.6749;0.7138;-0.5934;0.0000;-17;3;-0.0635;45.2519;-0.1298;-0.4943;44.5343;195.0;240.7;270.0;168.4
511.0;0.6662;0.7042;-0.6071;0.0000;-19;1;0.0147;45.5725;-0.1374;-0.5163;45.3339;195.3;241.8;270.0;168.1
511.5;0.6566;0.6946;-0.6277;0.0000;-22;-1;0.0929;45.8550;-0.1374;-0.5382;45.3339;195.0;243.3;270.0;168.1
512.0;0.6470;0.6850;-0.5357;0.0000;-22;-5;-0.0635;46.2137;-0.1374;-0.5602;46.1335;196.4;245.7;270.0;167.9
512.5;0.6374;0.6749;-0.4808;0.0000;-24;-9;0.0147;46.5344;-0.1450;-0.5602;46.1335;195.8;247.0;270.0;167.9
513.0;0.6273;0.6648;-0.4396;0.0000;-26;-13;0.0929;46.8168;-0.1450;-0.5822;46.1335;196.4;248.6;270.0;167.6
513.5;0.6177;0.6543;-0.4396;0.0000;-30;-15;0.0147;47.1374;-0.1527;-0.5822;46.9331;196.6;250.2;270.0;167.6
514.0;0.6085;0.6438;-0.3832;0.0000;-30;-19;0.0049;47.4580;-0.1527;-0.6042;46.9331;196.9;252.3;270.0;167.3
514.5;0.5994;0.6332;-0.3173;0.0000;-32;-24;0.0049;47.7786;-0.1527;-0.6042;47.7327;196.6;253.6;270.0;167.9
515.0;0.5893;0.6223;-0.4766;0.0000;-40;-22;0.0929;48.0611;-0.1603;-0.6261;47.7327;197.9;253.9;270.0;167.6
515.5;0.5797;0.6113;-0.4835;0.0000;-42;-26;-0.0733;48.3435;-0.1603;-0.6261;47.7327;197.7;252.3;270.0;167.9
516.0;0.5696;0.6003;-0.3846;0.0000;-44;-32;0.0049;48.6641;-0.1679;-0.6481;48.5323;198.2;251.3;270.0;167.3
516.5;0.5586;0.5893;-0.4148;0.0000;-48;-34;0.0929;48.9466;-0.1679;-0.6481;48.5323;198.7;249.9;270.0;167.1
517.0;0.5472;0.5778;-0.3654;0.0000;-50;-38;0.0049;49.1908;-0.1756;-0.6701;48.5323;200.1;248.4;270.0;167.9
517.5;0.5353;0.5664;-0.2596;0.0000;-50;-44;0.0049;49.4275;-0.1756;-0.6701;49.3319;199.5;247.6;270.0;167.3
518.0;0.5243;0.5545;-0.1607;0.0000;-52;-50;0.0831;49.7099;-0.1756;-0.6921;49.3319;200.8;247.6;270.0;167.9
518.5;0.5137;0.5426;-0.0728;0.0000;-52;-56;-0.0831;49.9924;-0.1832;-0.6921;49.3319;200.6;247.6;270.0;167.3
519.0;0.5027;0.5307;0.0371;0.0000;-54;-60;0.1515;50.2366;-0.1832;-0.6921;50.1315;201.4;246.5;270.0;167.3
519.5;0.4913;0.5183;0.0288;0.0000;-58;-64;-0.0049;50.4733;-0.1832;-0.6921;50.1315;201.4;245.5;270.0;167.3
520.0;0.4803;0.5060;0.1648;0.0000;-58;-69;-0.0147;50.7176;-0.1908;-0.6701;50.1315;201.6;243.9;270.0;167.3
520.5;0.4689;0.4936;0.2006;0.0000;-60;-73;-0.0147;50.9542;-0.1908;-0.6701;50.9311;200.6;242.8;270.0;167.3
521.0;0.4570;0.4812;0.1484;0.0000;-62;-71;-0.0147;51.1985;-0.1985;-0.6701;50.9311;201.9;241.5;270.0;167.6
521.5;0.4455;0.4689;0.0714;0.0000;-64;-69;0.1515;51.4427;-0.1985;-0.6701;50.9311;201.6;241.2;270.0;167.6
522.0;0.4336;0.4570;0.0549;0.0000;-64;-67;-0.0831;51.6412;-0.1985;-0.6701;50.9311;201.6;242.8;270.0;167.9
522.5;0.4222;0.4451;0.0756;0.0000;-62;-67;0.0733;51.8397;-0.2061;-0.6701;51.7307;201.4;242.8;270.0;168.1
523.0;0.4112;0.4332;0.0756;0.0000;-60;-65;-0.0049;52.0840;-0.2061;-0.6481;51.7307;201.6;243.3;270.0;168.9
523.5;0.4006;0.4217;0.1058;0.0000;-58;-65;-0.0049;52.3206;-0.2061;-0.6481;51.7307;201.9;243.9;270.0;168.7
524.0;0.3897;0.4103;0.0302;0.0000;-60;-64;-0.0049;52.4809;-0.2061;-0.6481;51.7307;202.7;244.9;270.0;168.9
524.5;0.3791;0.3993;0.0673;0.0000;-58;-64;0.0733;52.6870;-0.2137;-0.6481;52.5304;202.7;246.2;270.0;168.7
525.0;0.3677;0.3883;0.1181;0.0000;-56;-64;-0.0049;52.8473;-0.2137;-0.6481;52.5304;202.4;246.8;270.0;168.7
525.5;0.3576;0.3773;0.1209;0.0000;-54;-64;-0.0929;53.0458;-0.2137;-0.6481;52.5304;202.7;247.6;270.0;168.9
526.0;0.3466;0.3663;0.0742;0.0000;-56;-62;-0.0049;53.2061;-0.2214;-0.6481;52.5304;201.6;246.5;270.0;168.9
526.5;0.3370;0.3558;-0.1058;0.0000;-58;-56;0.0831;53.4046;-0.2214;-0.6481;53.3300;202.4;245.5;270.0;168.9
527.0;0.3274;0.3452;-0.1978;0.0000;-60;-54;-0.0831;53.6107;-0.2214;-0.6481;53.3300;201.4;243.3;270.0;168.7
527.5;0.3182;0.3347;-0.2157;0.0000;-60;-54;0.0049;53.7710;-0.2214;-0.6481;53.3300;201.4;242.8;270.0;168.9
528.0;0.3082;0.3246;-0.2514;0.0000;-60;-52;0.0831;53.8931;-0.2290;-0.6701;53.3300;201.6;241.5;270.0;168.9
528.5;0.2985;0.3146;-0.2473;0.0000;-58;-50;0.0049;54.0534;-0.2290;-0.6701;53.3300;202.4;240.7;270.0;169.4
529.0;0.2889;0.3049;-0.1195;0.0000;-54;-54;-0.0049;54.2137;-0.2290;-0.6701;54.1296;203.0;240.4;270.0;169.4
529.5;0.2802;0.2953;-0.1772;0.0000;-56;-50;0.0049;54.3740;-0.2290;-0.6921;54.1296;203.2;240.2;270.0;169.7
530.0;0.2715;0.2857;-0.1827;0.0000;-54;-50;0.0049;54.5344;-0.2366;-0.6921;54.1296;202.7;239.1;270.0;169.7
530.5;0.2637;0.2766;-0.1593;0.0000;-54;-50;0.0049;54.6947;-0.2366;-0.6921;54.1296;202.4;238.3;270.0;169.7
531.0;0.2560;0.2669;-0.1662;0.0000;-52;-50;0.0049;54.8550;-0.2366;-0.6921;54.1296;202.7;237.5;270.0;169.7
531.5;0.2477;0.2582;-0.1415;0.0000;-52;-50;0.0831;54.9771;-0.2366;-0.6921;54.9292;203.2;236.5;270.0;170.0
532.0;0.2395;0.2491;-0.0659;0.0000;-50;-50;-0.0831;55.0992;-0.2366;-0.6921;54.9292;202.7;236.2;270.0;170.2
532.5;0.2317;0.2404;0.0000;0.0000;-48;-52;-0.0049;55.2595;-0.2443;-0.6921;54.9292;203.2;236.0;270.0;171.0
533.0;0.2225;0.2317;0.0495;0.0000;-46;-52;-0.0049;55.3359;-0.2443;-0.6921;54.9292;204.0;237.3;270.0;171.0
533.5;0.2143;0.2234;0.1154;0.0000;-42;-52;0.0733;55.4580;-0.2443;-0.6921;54.9292;203.2;238.3;270.0;171.0
534.0;0.2065;0.2152;0.0385;0.0000;-42;-48;-0.0831;55.5802;-0.2443;-0.6921;54.9292;203.8;240.2;270.0;171.3
534.5;0.2001;0.2070;0.0055;0.0000;-42;-48;-0.0049;55.7405;-0.2443;-0.6921;55.7288;203.0;241.8;270.0;171.6
535.0;0.1932;0.1992;-0.0316;0.0000;-42;-46;0.0733;55.8626;-0.2519;-0.6921;55.7288;204.5;243.6;270.0;171.8
535.5;0.1864;0.1914;-0.0989;0.0000;-44;-42;-0.0049;55.9389;-0.2519;-0.6921;55.7288;204.0;245.2;270.0;172.1
536.0;0.1790;0.1836;-0.0371;0.0000;-42;-42;-0.0049;56.0229;-0.2519;-0.6921;55.7288;203.5;246.5;270.0;172.1
536.5;0.1726;0.1758;0.0371;0.0000;-38;-44;0.0733;56.1374;-0.2519;-0.6921;55.7288;203.5;248.1;270.0;172.3
537.0;0.1667;0.1685;0.0412;0.0000;-38;-44;-0.0831;56.2595;-0.2519;-0.6921;55.7288;204.0;248.6;270.0;172.3
537.5;0.1603;0.1616;0.1030;0.0000;-36;-46;-0.0049;56.3435;-0.2519;-0.6921;55.7288;203.0;247.3;270.0;172.6
538.0;0.1538;0.1543;0.1909;0.0000;-32;-46;-0.0147;56.4198;-0.2519;-0.6921;55.7288;203.5;246.2;270.0;173.1
538.5;0.1474;0.1474;0.1071;0.0000;-34;-42;-0.0049;56.5038;-0.2595;-0.6921;55.7288;203.0;244.4;270.0;173.1
539.0;0.1419;0.1410;0.1332;0.0000;-32;-42;-0.0929;56.6260;-0.2595;-0.6921;56.5284;203.0;243.3;270.0;173.4
539.5;0.1364;0.1342;0.0082;0.0000;-34;-38;0.1515;56.7023;-0.2595;-0.6921;56.5284;203.0;242.8;270.0;173.7
540.0;0.1314;0.1277;-0.0934;0.0000;-36;-36;-0.0049;56.7863;-0.2595;-0.6921;56.5284;203.5;242.6;270.0;173.9
540.5;0.1259;0.1218;-0.1099;0.0000;-36;-34;-0.0049;56.8626;-0.2595;-0.6921;56.5284;203.0;241.5;270.0;173.9
541.0;0.1204;0.1154;-0.1827;0.0000;-38;-32;0.0831;56.9084;-0.2595;-0.6921;56.5284;203.8;241.2;270.0;174.2
541.5;0.1158;0.1094;-0.1772;0.0000;-36;-30;-0.0831;57.0229;-0.2595;-0.6921;56.5284;203.5;241.0;270.0;174.2
542.0;0.1113;0.1039;-0.0714;0.0000;-32;-32;-0.0049;57.1069;-0.2672;-0.6921;56.5284;204.5;239.4;270.0;174.2
542.5;0.1062;0.0980;-0.0220;0.0000;-30;-32;0.0733;57.1450;-0.2672;-0.6921;56.5284;204.0;238.3;270.0;174.5
543.0;0.1026;0.0929;-0.0027;0.0000;-28;-32;-0.0831;57.2672;-0.2672;-0.6921;56.5284;204.5;237.5;270.0;174.7
543.5;0.0980;0.0875;0.0852;0.0000;-26;-34;0.0733;57.3053;-0.2672;-0.6921;56.5284;203.5;238.1;270.0;175.0
544.0;0.0943;0.0824;0.1044;0.0000;-26;-34;-0.0049;57.3893;-0.2672;-0.6921;57.3280;204.0;238.9;270.0;175.2
544.5;0.0907;0.0774;0.1442;0.0000;-24;-34;-0.0147;57.4656;-0.2672;-0.6921;57.3280;203.8;240.4;270.0;175.5
545.0;0.0875;0.0723;0.1442;0.0000;-22;-34;-0.0049;57.5496;-0.2672;-0.6921;57.3280;203.8;241.2;270.0;175.8
545.5;0.0847;0.0678;0.1374;0.0000;-22;-32;-0.0049;57.6260;-0.2672;-0.6921;57.3280;204.5;242.8;270.0;176.0
546.0;0.0815;0.0632;0.0288;0.0000;-24;-30;-0.0831;57.6718;-0.2672;-0.6921;57.3280;203.8;244.7;270.0;176.3
546.5;0.0778;0.0586;0.0234;0.0000;-24;-28;0.0733;57.7099;-0.2672;-0.6921;57.3280;204.3;246.5;270.0;176.3
547.0;0.0751;0.0545;-0.0316;0.0000;-24;-26;0.0733;57.8321;-0.2748;-0.6921;57.3280;204.0;248.1;270.0;176.6
547.5;0.0719;0.0504;-0.0907;0.0000;-24;-24;-0.0831;57.8702;-0.2748;-0.6921;57.3280;203.8;248.9;270.0;176.6
548.0;0.0696;0.0467;-0.0357;0.0000;-22;-26;-0.0049;57.9466;-0.2748;-0.6921;57.3280;203.5;249.4;270.0;176.6
548.5;0.0668;0.0430;-0.0824;0.0000;-22;-22;0.0831;57.9924;-0.2748;-0.6921;57.3280;204.3;249.4;270.0;176.6
549.0;0.0646;0.0394;-0.0302;0.0000;-21;-24;-0.0049;58.0687;-0.2748;-0.6921;57.3280;203.5;248.1;270.0;176.8
549.5;0.0627;0.0357;0.0591;0.0000;-19;-26;-0.0831;58.1069;-0.2748;-0.6921;57.3280;204.3;246.8;270.0;177.4
550.0;0.0609;0.0325;0.0563;0.0000;-17;-24;-0.0049;58.1908;-0.2748;-0.6921;58.1276;204.0;245.2;270.0;177.4
550.5;0.0591;0.0293;0.1085;0.0000;-17;-24;0.0733;58.2290;-0.2748;-0.6921;58.1276;204.0;244.9;270.0;177.6
551.0;0.0582;0.0266;0.0769;0.0000;-17;-24;-0.0049;58.3130;-0.2748;-0.6701;58.1276;203.8;244.9;270.0;177.9
551.5;0.0563;0.0238;0.0659;0.0000;-15;-22;-0.0831;58.3511;-0.2748;-0.6701;58.1276;204.5;245.2;270.0;178.9
552.0;0.0549;0.0211;0.1250;0.0000;-13;-22;0.0733;58.3893;-0.2824;-0.6701;58.1276;203.5;244.7;270.0;178.7
552.5;0.0540;0.0183;0.0975;0.0000;-13;-22;-0.0049;58.4733;-0.2824;-0.6701;58.1276;204.3;243.6;270.0;178.7
553.0;0.0540;0.0160;0.0591;0.0000;-13;-21;-0.0049;58.5496;-0.2824;-0.6701;58.1276;204.3;243.1;270.0;178.7
553.5;0.0527;0.0142;0.1209;0.0000;-11;-21;-0.0049;58.5496;-0.2824;-0.6701;58.1276;204.0;242.0;270.0;178.9
554.0;0.0522;0.0119;0.0701;0.0000;-11;-19;-0.0049;58.6336;-0.2824;-0.6701;58.1276;203.8;241.5;270.0;178.9
554.5;0.0508;0.0101;0.0440;0.0000;-11;-19;-0.0049;58.6336;-0.2824;-0.6701;58.1276;204.5;241.8;270.0;179.5
555.0;0.0504;0.0082;0.0838;0.0000;-9;-19;-0.0049;58.7099;-0.2824;-0.6701;58.1276;203.5;242.6;270.0;179.5
555.5;0.0499;0.0069;0.0893;0.0000;-9;-17;0.0733;58.7557;-0.2824;-0.6481;58.1276;204.0;243.9;270.0;179.5
556.0;0.0495;0.0055;0.0852;0.0000;-7;-17;-0.0929;58.7939;-0.2824;-0.6481;58.1276;203.8;246.8;270.0;179.7
556.5;0.0495;0.0041;0.0563;0.0000;-7;-13;0.0733;58.8321;-0.2824;-0.6481;58.1276;203.5;247.6;270.0;180.0
557.0;0.0490;0.0032;0.0879;0.0000;-5;-15;-0.0929;58.8702;-0.2824;-0.6481;58.1276;204.3;249.4;270.0;180.0
557.5;0.0490;0.0023;0.0563;0.0000;-5;-11;0.0733;58.9160;-0.2824;-0.6481;58.1276;203.5;251.3;270.0;180.3
558.0;0.0495;0.0014;0.0742;0.0000;-3;-11;-0.0049;58.9924;-0.2824;-0.6481;58.9272;204.0;253.9;270.0;180.3
558.5;0.0495;0.0009;0.0288;0.0000;-40;-46;-0.0049;58.9924;-0.2824;-0.6481;58.9272;205.3;255.5;270.0;181.1
559.0;0.0490;0.0005;0.0412;0.0000;-40;-46;-0.0049;58.9924;-0.2824;-0.6481;58.9272;204.8;256.5;270.0;181.1
559.5;0.0495;0.0000;0.0742;0.0000;-38;-48;-0.0049;59.0763;-0.2901;-0.6481;58.9272;204.0;255.5;270.0;181.1