general_params = {
fan_speed = 600.000000,
angular_kp = 0.090000,
angular_ki = 0.000500,
angular_kd = 0.050000,
angular_acc_feed_forward_k = 0.000600,
angular_brake_feed_forward_k = 0.000600,
angular_vel_feed_forward_k = 0.005600,
linear_vel_acc_feed_forward_k = 0.033000,
linear_vel_brake_feed_forward_k = 0.025000,
linear_vel_feed_forward_k = 0.141000,
wall_kp = 0.010000,
wall_ki = 0.000000,
wall_kd = 0.000000,
linear_vel_kp = 2.500000,
linear_vel_ki = 0.010000,
linear_vel_kd = 0.000000,
diagonal_walls_kp = 0.001000,
diagonal_walls_ki = 0.000000,
diagonal_walls_kd = 0.004000,
start_wall_break_mm_left = 56.000000,
start_wall_break_mm_right = 64.000000,
enable_wall_break_correction = 1.000000,
max_linear_acc_jerk = 625.000000,
max_linear_brake_jerk = 625.000000,
wheel_radius_mm = 13.250000,
coulomb_ff = 0.180000,
angular_coulomb_ff = 0.070000,
angular_static_ff = 0.250000,
angular_coulomb_ff_inplace = 0.000000,
angular_static_ff_inplace = 0.000000,
};
t;Vel;TgtVel;AngVel;TgtAngVel;PWM_L;PWM_R;ImuDiff;PosX;PosY;Angle;Dist;SensL;SensFL;SensFR;SensR
0.0;0.0000;0.0000;0.0742;0.0000;1;-3;-0.4154;0.0382;0.0000;-0.0109;-0.2439;186.1;270.0;270.0;190.0
0.5;0.0000;0.0005;0.0549;0.0000;1;-1;-0.0049;0.0382;0.0000;-0.0109;-0.2439;186.1;270.0;270.0;190.0
1.0;0.0000;0.0009;0.0275;0.0000;1;-1;-0.0049;0.0382;0.0000;-0.0109;-0.2439;186.1;270.0;270.0;190.0
1.5;0.0000;0.0014;0.0082;0.0000;50;50;-0.0049;0.0382;0.0000;-0.0109;-0.2439;186.6;270.0;270.0;190.0
2.0;0.0000;0.0023;0.0508;0.0000;54;52;-0.0049;0.0382;0.0000;-0.0109;-0.2439;186.6;270.0;270.0;190.0
2.5;0.0005;0.0032;-0.0701;0.0000;54;58;-0.0049;0.0382;0.0000;-0.0109;-0.2439;186.6;270.0;270.0;190.0
3.0;0.0009;0.0041;-0.1538;0.0000;56;62;-0.0049;0.0382;0.0000;-0.0109;-0.2439;186.6;270.0;270.0;190.0
3.5;0.0014;0.0055;-0.1484;0.0000;58;65;-0.0049;0.0382;0.0000;-0.0109;-0.2439;186.6;270.0;270.0;190.0
4.0;0.0023;0.0069;0.0041;0.0000;64;64;-0.0049;0.0382;0.0000;-0.0109;-0.2439;186.3;270.0;270.0;190.0
4.5;0.0032;0.0082;0.1113;0.0000;69;64;-0.0049;0.0382;0.0000;-0.0109;-0.2439;186.3;270.0;270.0;190.3
5.0;0.0041;0.0101;0.1016;0.0000;71;67;-0.0049;0.0382;0.0000;-0.0109;-0.2439;186.3;270.0;270.0;190.3
5.5;0.0055;0.0119;0.0495;0.0000;73;71;-0.0049;0.0382;0.0000;-0.0109;-0.2439;186.3;270.0;270.0;190.0
6.0;0.0069;0.0142;0.0137;0.0000;75;75;-0.0049;0.0382;0.0000;-0.0109;-0.2439;186.3;270.0;270.0;190.0
6.5;0.0082;0.0160;0.0371;0.0000;79;77;-0.0049;0.0382;0.0000;-0.0109;-0.2439;186.3;270.0;270.0;190.0
7.0;0.0096;0.0183;0.0288;0.0000;83;81;-0.0049;0.0382;0.0000;-0.0109;-0.2439;186.3;270.0;270.0;190.0
7.5;0.0114;0.0211;0.0220;0.0000;85;83;-0.0049;0.0382;0.0000;-0.0109;-0.2439;185.8;270.0;270.0;190.0
8.0;0.0128;0.0238;0.0962;0.0000;91;87;-0.0049;0.0382;0.0000;-0.0109;-0.2439;185.8;270.0;270.0;189.8
8.5;0.0147;0.0266;0.2500;0.0000;97;87;-0.0049;0.0382;0.0000;-0.0109;-0.2439;185.8;270.0;270.0;189.8
9.0;0.0165;0.0293;0.3585;0.0000;103;87;-0.0049;0.0382;0.0000;-0.0109;-0.2439;186.1;270.0;270.0;189.8
9.5;0.0188;0.0325;0.3613;0.0000;107;91;-0.0147;0.0382;0.0000;0.0111;-0.2439;186.1;270.0;270.0;189.8
10.0;0.0247;0.0357;0.2940;0.0000;107;95;-0.0049;0.1145;0.0000;0.0111;-0.2439;187.1;270.0;270.0;189.8
10.5;0.0293;0.0394;0.2459;0.0000;109;97;-0.0049;0.1145;0.0000;0.0111;-0.2439;187.1;270.0;270.0;190.3
11.0;0.0334;0.0430;0.2665;0.0000;110;99;-0.0049;0.1145;0.0000;0.0111;-0.2439;187.1;270.0;270.0;190.3
11.5;0.0389;0.0467;0.3022;0.0000;114;99;-0.0929;0.1603;0.0000;0.0111;-0.2439;186.9;270.0;270.0;190.3
12.0;0.0430;0.0504;0.3283;0.0000;118;101;-0.0049;0.1603;0.0000;0.0111;-0.2439;186.9;270.0;270.0;190.3
12.5;0.0467;0.0545;0.1978;0.0000;116;107;-0.0147;0.1603;0.0000;0.0331;-0.2439;185.8;270.0;270.0;190.0
13.0;0.0508;0.0586;-0.0330;0.0000;114;116;0.0733;0.1985;0.0000;0.0111;-0.2439;186.3;270.0;270.0;190.0
13.5;0.0545;0.0632;-0.1799;0.0000;114;122;0.0049;0.1985;0.0000;0.0111;-0.2439;185.0;270.0;270.0;189.8
14.0;0.0582;0.0678;-0.2500;0.0000;116;126;-0.0733;0.2366;0.0000;0.0111;-0.2439;185.0;270.0;270.0;190.3
14.5;0.0623;0.0723;-0.2981;0.0000;118;132;0.0831;0.2824;0.0000;0.0111;-0.2439;185.5;270.0;270.0;190.0
15.0;0.0682;0.0774;-0.2967;0.0000;122;134;-0.0733;0.4046;0.0000;-0.0109;-0.2439;185.5;270.0;270.0;190.3
15.5;0.0733;0.0824;-0.2720;0.0000;124;136;0.0049;0.4046;0.0000;-0.0109;-0.2439;186.1;270.0;270.0;190.3
16.0;0.0783;0.0875;-0.4190;0.0000;124;144;0.0147;0.4809;0.0000;-0.0328;-0.2439;186.6;270.0;270.0;190.3
16.5;0.0847;0.0929;-0.3393;0.0000;128;144;0.0049;0.5649;0.0000;-0.0328;0.5557;187.7;270.0;270.0;190.3
17.0;0.0907;0.0980;-0.4052;0.0000;130;148;0.0049;0.6489;0.0000;-0.0548;0.5557;187.9;270.0;270.0;189.8
17.5;0.0966;0.1039;-0.3984;0.0000;134;152;-0.0733;0.6870;-0.0076;-0.0548;0.5557;187.7;270.0;270.0;189.8
18.0;0.1026;0.1094;-0.3379;0.0000;138;152;0.0049;0.7710;-0.0076;-0.0768;0.5557;187.4;270.0;270.0;189.8
18.5;0.1090;0.1154;-0.4231;0.0000;140;157;0.0147;0.8473;-0.0076;-0.0768;0.5557;187.4;270.0;270.0;189.5
19.0;0.1158;0.1218;-0.4890;0.0000;140;159;0.0147;0.9313;-0.0076;-0.0988;0.5557;187.1;270.0;270.0;189.8
19.5;0.1223;0.1277;-0.4299;0.0000;144;161;0.0147;1.0153;-0.0076;-0.0988;0.5557;187.7;270.0;270.0;189.2
20.0;0.1291;0.1342;-0.3874;0.0000;148;163;0.0049;1.0916;-0.0076;-0.1207;0.5557;187.4;270.0;270.0;189.5
20.5;0.1364;0.1410;-0.4753;0.0000;148;167;-0.0733;1.2137;-0.0076;-0.1427;0.5557;187.4;270.0;270.0;189.2
21.0;0.1438;0.1474;-0.3352;0.0000;153;167;0.0049;1.2977;-0.0076;-0.1427;0.5557;186.9;270.0;270.0;189.5
21.5;0.1511;0.1543;-0.4478;0.0000;155;175;0.0147;1.3817;-0.0076;-0.1647;1.3553;187.1;270.0;270.0;189.2
22.0;0.1584;0.1616;-0.4437;0.0000;157;177;-0.0733;1.5038;-0.0076;-0.1647;1.3553;187.1;270.0;270.0;189.2
22.5;0.1667;0.1685;-0.4464;0.0000;159;179;0.0929;1.6260;-0.0076;-0.1867;1.3553;187.4;270.0;270.0;189.5
23.0;0.1749;0.1758;-0.4025;0.0000;165;183;-0.0733;1.7405;-0.0076;-0.1867;1.3553;187.9;270.0;270.0;189.8
23.5;0.1832;0.1836;-0.3709;0.0000;169;185;0.0929;1.8626;-0.0076;-0.2086;1.3553;188.2;270.0;270.0;189.0
24.0;0.1909;0.1914;-0.3599;0.0000;169;187;-0.0733;1.9847;-0.0076;-0.2086;1.3553;186.9;270.0;270.0;189.0
24.5;0.1987;0.1992;-0.3118;0.0000;175;191;0.0831;2.1069;-0.0076;-0.2306;1.3553;187.9;270.0;270.0;189.0
25.0;0.2065;0.2070;-0.3997;0.0000;175;195;0.0049;2.1908;-0.0076;-0.2306;2.1549;187.4;270.0;270.0;189.0
25.5;0.2147;0.2152;-0.3091;0.0000;183;196;0.0049;2.3511;-0.0076;-0.2526;2.1549;188.4;270.0;270.0;189.2
26.0;0.2239;0.2234;-0.4519;0.0000;183;204;0.0147;2.5191;-0.0076;-0.2526;2.1549;187.7;270.0;270.0;188.7
26.5;0.2335;0.2317;-0.4849;0.0000;185;206;0.0147;2.6794;-0.0076;-0.2746;2.1549;187.4;270.0;270.0;188.7
27.0;0.2440;0.2404;-0.4560;0.0000;187;208;-0.0733;2.8855;-0.0076;-0.2746;2.1549;186.6;270.0;270.0;188.4
27.5;0.2541;0.2491;-0.5604;0.0000;189;214;0.0147;3.0458;-0.0076;-0.2965;2.9546;187.1;270.0;270.0;189.0
28.0;0.2647;0.2582;-0.5577;0.0000;191;218;0.0147;3.2061;-0.0153;-0.3185;2.9546;187.4;270.0;270.0;189.0
28.5;0.2752;0.2669;-0.4739;0.0000;195;218;-0.0733;3.4122;-0.0153;-0.3185;2.9546;187.4;270.0;270.0;188.4
29.0;0.2866;0.2766;-0.4835;0.0000;196;222;0.0929;3.6107;-0.0153;-0.3405;2.9546;186.9;270.0;270.0;189.0
29.5;0.2981;0.2857;-0.4712;0.0000;198;222;-0.0733;3.8168;-0.0153;-0.3624;3.7542;187.7;270.0;270.0;188.4
30.0;0.3104;0.2953;-0.3901;0.0000;204;224;0.0049;4.0611;-0.0153;-0.3624;3.7542;188.7;270.0;270.0;188.4
30.5;0.3219;0.3049;-0.5179;0.0000;202;228;0.0147;4.2214;-0.0153;-0.3844;3.7542;188.7;270.0;270.0;188.4
31.0;0.3329;0.3146;-0.5027;0.0000;202;228;0.0929;4.4275;-0.0229;-0.4064;3.7542;189.5;270.0;270.0;188.2
31.5;0.3443;0.3246;-0.4368;0.0000;208;230;-0.0733;4.6336;-0.0229;-0.4064;4.5538;188.7;270.0;270.0;188.4
32.0;0.3553;0.3347;-0.5110;0.0000;206;232;-0.0733;4.8321;-0.0229;-0.4284;4.5538;189.2;270.0;270.0;187.9
32.5;0.3677;0.3448;-0.4299;0.0000;208;230;-0.0733;5.1145;-0.0229;-0.4284;4.5538;188.4;270.0;270.0;188.2
33.0;0.3805;0.3549;-0.5000;0.0000;208;232;0.0147;5.3588;-0.0229;-0.4503;5.3534;189.2;270.0;270.0;187.9
33.5;0.3929;0.3649;-0.5769;0.0000;204;234;0.0147;5.6031;-0.0305;-0.4723;5.3534;188.7;270.0;270.0;187.9
34.0;0.4048;0.3750;-0.6236;0.0000;202;234;0.0147;5.8473;-0.0305;-0.4943;5.3534;188.7;270.0;270.0;187.9
34.5;0.4176;0.3846;-0.5536;0.0000;204;232;-0.0635;6.1374;-0.0305;-0.4943;5.3534;188.7;270.0;270.0;187.7
35.0;0.4299;0.3947;-0.5412;0.0000;204;230;0.0147;6.3817;-0.0382;-0.5163;6.1530;189.2;270.0;270.0;187.4
35.5;0.4418;0.4048;-0.4780;0.0000;204;228;0.0147;6.6183;-0.0382;-0.5382;6.1530;188.4;270.0;270.0;187.1
36.0;0.4533;0.4148;-0.4821;0.0000;204;230;0.0147;6.8626;-0.0382;-0.5382;6.1530;189.2;270.0;270.0;187.1
36.5;0.4652;0.4249;-0.5893;0.0000;200;230;-0.0635;7.1527;-0.0382;-0.5602;6.9526;189.5;270.0;270.0;187.1
37.0;0.4771;0.4350;-0.4327;0.0000;204;226;-0.0733;7.4351;-0.0458;-0.5822;6.9526;190.6;270.0;270.0;187.4
37.5;0.4895;0.4446;-0.4299;0.0000;204;226;0.0147;7.7634;-0.0458;-0.5822;7.7522;189.2;270.0;270.0;187.1
38.0;0.5018;0.4547;-0.4780;0.0000;202;226;-0.0733;8.0458;-0.0534;-0.6042;7.7522;189.8;270.0;270.0;187.1
38.5;0.5137;0.4647;-0.5343;0.0000;200;228;-0.0635;8.3282;-0.0534;-0.6042;7.7522;189.2;270.0;270.0;186.9
39.0;0.5252;0.4748;-0.5302;0.0000;200;226;-0.0635;8.6107;-0.0534;-0.6261;8.5518;189.2;270.0;270.0;187.1
39.5;0.5366;0.4849;-0.6607;0.0000;196;228;-0.0635;8.9008;-0.0611;-0.6481;8.5518;189.8;270.0;270.0;187.1
40.0;0.5481;0.4950;-0.5453;0.0000;200;226;0.0147;9.2214;-0.0611;-0.6701;8.5518;190.0;270.0;270.0;186.6
40.5;0.5600;0.5046;-0.5137;0.0000;200;226;0.0147;9.5496;-0.0687;-0.6701;9.3514;189.2;270.0;270.0;186.6
41.0;0.5719;0.5147;-0.5810;0.0000;198;226;0.0147;9.8702;-0.0687;-0.6921;9.3514;189.2;270.0;270.0;186.6
41.5;0.5833;0.5247;-0.5357;0.0000;196;224;0.0147;10.1985;-0.0763;-0.7140;10.1510;189.2;270.0;270.0;187.7
42.0;0.5957;0.5348;-0.6346;0.0000;195;226;-0.0635;10.5649;-0.0763;-0.7360;10.1510;188.7;270.0;270.0;186.6
42.5;0.6076;0.5449;-0.5549;0.0000;195;224;0.0147;10.8931;-0.0840;-0.7360;10.1510;190.0;270.0;270.0;187.1
43.0;0.6200;0.5549;-0.5357;0.0000;196;222;-0.0635;11.2595;-0.0916;-0.7580;10.9506;189.5;270.0;270.0;187.1
43.5;0.6314;0.5646;-0.4286;0.0000;196;218;0.0147;11.5802;-0.0916;-0.7800;10.9506;190.8;270.0;270.0;186.3
44.0;0.6429;0.5746;-0.5220;0.0000;195;220;-0.0635;11.9466;-0.0992;-0.7800;11.7503;190.0;270.0;270.0;186.3
44.5;0.6557;0.5847;-0.4973;0.0000;196;220;-0.1515;12.3511;-0.0992;-0.8019;11.7503;190.0;270.0;270.0;186.1
45.0;0.6676;0.5948;-0.6016;0.0000;193;222;0.0929;12.7176;-0.1069;-0.8239;12.5499;190.0;270.0;270.0;186.6
45.5;0.6799;0.6049;-0.6442;0.0000;191;224;0.0147;13.1221;-0.1145;-0.8459;12.5499;190.6;270.0;270.0;186.1
46.0;0.6928;0.6149;-0.4725;0.0000;195;218;-0.2297;13.5725;-0.1221;-0.8459;13.3495;190.6;270.0;270.0;185.8
46.5;0.7056;0.6250;-0.6607;0.0000;189;222;0.0147;13.9771;-0.1298;-0.8679;13.3495;191.3;270.0;270.0;185.8
47.0;0.7175;0.6346;-0.5206;0.0000;191;218;0.0929;14.3435;-0.1298;-0.8898;14.1491;191.1;270.0;270.0;185.8
47.5;0.7294;0.6447;-0.6113;0.0000;189;220;-0.1417;14.7481;-0.1374;-0.9118;14.1491;191.1;270.0;270.0;185.8
48.0;0.7404;0.6548;-0.5838;0.0000;189;218;-0.0635;15.1145;-0.1450;-0.9118;14.9487;191.1;270.0;270.0;185.8
48.5;0.7518;0.6648;-0.4505;0.0000;193;214;-0.0733;15.5649;-0.1527;-0.9338;14.9487;191.3;270.0;270.0;185.5
49.0;0.7628;0.6749;-0.3352;0.0000;196;210;-0.1515;15.9695;-0.1603;-0.9338;15.7483;191.3;270.0;270.0;185.3
49.5;0.7747;0.6850;-0.4217;0.0000;193;212;0.0929;16.4198;-0.1679;-0.9557;15.7483;192.7;270.0;270.0;185.3
50.0;0.7866;0.6946;-0.5412;0.0000;191;216;-0.0635;16.8626;-0.1756;-0.9777;16.5479;192.4;270.0;270.0;185.3
50.5;0.7981;0.7047;-0.3956;0.0000;193;212;0.0049;17.2748;-0.1756;-0.9777;16.5479;192.4;270.0;270.0;185.8
51.0;0.8091;0.7147;-0.5563;0.0000;187;216;0.0147;17.6794;-0.1832;-0.9997;17.3475;191.9;270.0;270.0;185.3
51.5;0.8196;0.7248;-0.4382;0.0000;191;214;0.0147;18.1679;-0.1908;-0.9997;18.1471;191.3;270.0;270.0;185.3
52.0;0.8301;0.7349;-0.5934;0.0000;187;218;-0.0635;18.6107;-0.1985;-1.0217;18.1471;190.8;270.0;270.0;185.0
52.5;0.8416;0.7450;-0.6511;0.0000;185;220;0.0147;19.0992;-0.2137;-1.0436;18.9467;191.6;270.0;270.0;185.3
53.0;0.8530;0.7546;-0.8104;0.0000;181;222;-0.0538;19.5496;-0.2214;-1.0656;18.9467;192.1;270.0;270.0;185.0
53.5;0.8645;0.7647;-0.6786;0.0000;183;218;-0.0635;19.9924;-0.2290;-1.0876;19.7464;191.9;270.0;270.0;184.8
54.0;0.8759;0.7747;-0.6978;0.0000;183;218;0.0147;20.4809;-0.2366;-1.1096;19.7464;192.4;270.0;270.0;185.0
54.5;0.8869;0.7848;-0.6209;0.0000;185;214;-0.0635;20.9313;-0.2443;-1.1315;20.5460;191.3;270.0;270.0;184.8
55.0;0.8984;0.7949;-0.5330;0.0000;185;212;0.0147;21.4198;-0.2519;-1.1315;21.3456;191.6;270.0;270.0;184.5
55.5;0.9098;0.8049;-0.6607;0.0000;183;218;-0.1417;21.9084;-0.2672;-1.1535;21.3456;190.8;270.0;270.0;184.2
56.0;0.9203;0.8146;-0.4093;0.0000;189;210;0.0049;22.3893;-0.2748;-1.1755;22.1452;192.4;270.0;270.0;184.2
56.5;0.9309;0.8246;-0.4519;0.0000;189;212;0.0147;22.8779;-0.2824;-1.1755;22.1452;192.1;270.0;270.0;184.2
57.0;0.9414;0.8347;-0.4025;0.0000;189;210;0.0049;23.3664;-0.2977;-1.1975;22.9448;194.5;270.0;270.0;184.2
57.5;0.9528;0.8448;-0.4299;0.0000;189;212;-0.0733;23.8931;-0.3053;-1.1975;23.7444;192.9;270.0;270.0;183.7
58.0;0.9638;0.8549;-0.3929;0.0000;189;210;0.0049;24.3817;-0.3130;-1.2194;23.7444;192.7;270.0;270.0;184.2
58.5;0.9744;0.8649;-0.4780;0.0000;187;214;0.0147;24.8702;-0.3282;-1.2414;24.5440;193.5;270.0;270.0;184.5
59.0;0.9858;0.8745;-0.3448;0.0000;189;210;0.0049;25.4427;-0.3359;-1.2414;25.3436;192.9;270.0;270.0;184.5
59.5;0.9977;0.8846;-0.2761;0.0000;191;208;-0.0733;25.9695;-0.3511;-1.2414;25.3436;193.7;270.0;270.0;184.2
60.0;1.0087;0.8947;-0.3640;0.0000;189;212;0.0049;26.5344;-0.3588;-1.2634;26.1432;193.7;270.0;270.0;183.7
60.5;1.0192;0.9048;-0.2788;0.0000;189;208;0.0049;27.0229;-0.3740;-1.2634;26.9428;193.2;270.0;270.0;184.0
61.0;1.0302;0.9148;-0.3544;0.0000;189;212;0.0049;27.5954;-0.3817;-1.2854;26.9428;192.9;270.0;270.0;184.5
61.5;1.0417;0.9249;-0.3269;0.0000;189;210;0.0049;28.1603;-0.3969;-1.2854;27.7425;192.1;270.0;270.0;184.0
62.0;1.0531;0.9350;-0.3420;0.0000;189;210;-0.0733;28.6947;-0.4122;-1.2854;28.5421;192.7;270.0;270.0;183.4
62.5;1.0641;0.9446;-0.3187;0.0000;189;210;0.0049;29.2595;-0.4198;-1.3073;28.5421;193.2;270.0;270.0;183.7
63.0;1.0746;0.9547;-0.3846;0.0000;187;210;-0.0733;29.7863;-0.4351;-1.3073;29.3417;195.0;270.0;270.0;183.7
63.5;1.0852;0.9647;-0.3777;-0.0110;191;208;0.0929;30.3969;-0.4504;-1.3293;30.1413;194.3;270.0;270.0;183.4
64.0;1.0948;0.9748;-0.4244;0.0000;183;214;-0.0733;30.9237;-0.4580;-1.3293;30.1413;194.8;270.0;270.0;183.7
64.5;1.1044;0.9849;-0.5234;-0.0110;187;212;0.0929;31.5344;-0.4733;-1.3513;30.9409;193.7;270.0;270.0;183.4
65.0;1.1136;0.9950;-0.4052;0.0000;183;214;-0.0733;32.0687;-0.4885;-1.3733;31.7405;194.5;270.0;270.0;183.4
65.5;1.1232;1.0046;-0.5687;0.0096;181;222;0.0929;32.6718;-0.5038;-1.3733;32.5401;195.0;270.0;270.0;183.2
66.0;1.1323;1.0147;-0.4931;0.0000;189;212;0.0147;33.2443;-0.5114;-1.3952;32.5401;194.0;270.0;270.0;182.9
66.5;1.1415;1.0247;-0.4602;-0.0110;191;212;0.0147;33.8092;-0.5267;-1.4172;33.3397;194.0;270.0;270.0;183.4
67.0;1.1502;1.0348;-0.4505;0.0000;187;222;0.0147;34.3817;-0.5420;-1.4172;34.1393;194.8;270.0;270.0;183.4
67.5;1.1593;1.0449;-0.3516;0.0096;189;220;0.0049;34.9542;-0.5573;-1.4392;34.9389;194.5;270.0;270.0;183.2
68.0;1.1690;1.0549;-0.2225;0.0000;198;212;0.0831;35.5573;-0.5725;-1.4392;34.9389;193.2;270.0;270.0;182.4
68.5;1.1777;1.0646;-0.2376;0.0000;195;218;0.0831;36.0916;-0.5878;-1.4392;35.7386;194.5;270.0;270.0;183.4
69.0;1.1868;1.0746;-0.3036;0.0000;196;220;-0.0733;36.6947;-0.6031;-1.4612;36.5382;193.7;270.0;270.0;182.9
69.5;1.1905;1.0847;-0.2418;0.0096;198;222;0.0049;37.2672;-0.6183;-1.4612;36.5382;194.8;270.0;270.0;182.9
70.0;1.1955;1.0948;-0.3846;0.0096;202;226;-0.0733;37.8779;-0.6336;-1.4612;37.3378;194.3;270.0;270.0;182.6
70.5;1.2010;1.1049;-0.2624;0.0096;206;226;0.0049;38.4427;-0.6412;-1.4831;38.1374;194.3;270.0;270.0;182.6
71.0;1.2083;1.1149;-0.3214;0.0000;212;228;0.0831;39.0534;-0.6641;-1.4831;38.9370;193.7;270.0;270.0;182.1
71.5;1.2161;1.1245;-0.3146;0.0000;210;234;0.0831;39.6641;-0.6794;-1.5051;38.9370;194.0;270.0;270.0;182.4
72.0;1.2244;1.1346;-0.4519;0.0096;206;241;-0.0733;40.2748;-0.6947;-1.5051;39.7366;194.8;270.0;270.0;182.4
72.5;1.2331;1.1447;-0.4423;0.0096;210;241;0.0929;40.8855;-0.7099;-1.5271;40.5362;194.8;270.0;270.0;182.1
73.0;1.2418;1.1548;-0.4808;0.0096;210;243;-0.0733;41.4962;-0.7252;-1.5271;41.3358;194.5;270.0;270.0;182.6
73.5;1.2505;1.1648;-0.4986;0.0192;208;249;0.0929;42.0992;-0.7405;-1.5490;41.3358;195.6;270.0;270.0;182.9
74.0;1.2592;1.1749;-0.4244;0.0096;218;243;0.0929;42.7099;-0.7557;-1.5710;42.1354;194.5;270.0;270.0;182.6
74.5;1.2679;1.1850;-0.5687;0.0288;206;257;0.0147;43.3588;-0.7786;-1.5710;42.9350;196.6;270.0;270.0;182.1
75.0;1.2775;1.1946;-0.4492;0.0192;220;247;0.0147;44.0153;-0.7939;-1.5930;43.7346;197.7;270.0;270.0;182.6
75.5;1.2866;1.2047;-0.4739;0.0288;212;253;0.0929;44.6183;-0.8092;-1.6150;44.5343;196.4;270.0;270.0;182.1
76.0;1.2953;1.2147;-0.4863;0.0288;216;253;0.0147;45.2748;-0.8244;-1.6150;44.5343;197.2;270.0;270.0;182.1
76.5;1.3040;1.2248;-0.4121;0.0288;220;253;0.0929;45.8779;-0.8473;-1.6369;45.3339;196.6;270.0;270.0;182.4
77.0;1.3123;1.2349;-0.5069;0.0192;222;253;0.0147;46.5344;-0.8626;-1.6369;46.1335;196.1;270.0;270.0;181.8
77.5;1.3214;1.2450;-0.5549;0.0288;214;263;0.0929;47.2214;-0.8855;-1.6589;46.9331;196.9;270.0;270.0;181.6
78.0;1.3297;1.2546;-0.5687;0.0288;220;263;0.0147;47.8702;-0.9008;-1.6809;47.7327;196.4;270.0;270.0;181.8
78.5;1.3384;1.2647;-0.5261;0.0192;226;261;0.0929;48.5649;-0.9237;-1.7029;48.5323;195.3;270.0;270.0;181.8
79.0;1.3480;1.2747;-0.5742;0.0288;220;269;0.0147;49.2977;-0.9466;-1.7029;48.5323;196.9;270.0;270.0;183.2
79.5;1.3571;1.2848;-0.3915;0.0192;232;259;0.0929;49.9847;-0.9618;-1.7248;49.3319;195.6;270.0;270.0;181.6
80.0;1.3663;1.2949;-0.4560;0.0192;228;265;0.0147;50.6336;-0.9847;-1.7248;50.1315;196.1;270.0;270.0;181.8
80.5;1.3759;1.3049;-0.4505;0.0398;224;273;0.0147;51.3664;-1.0076;-1.7468;50.9311;196.6;270.0;270.0;181.1
81.0;1.3851;1.3146;-0.4684;0.0288;234;267;0.0147;52.0153;-1.0229;-1.7688;51.7307;196.6;270.0;270.0;181.3
81.5;1.3933;1.3246;-0.3915;0.0288;234;269;0.0049;52.6641;-1.0458;-1.7688;52.5304;196.6;270.0;270.0;181.8
82.0;1.4025;1.3347;-0.4244;0.0398;232;273;0.0049;53.3969;-1.0687;-1.7908;53.3300;197.9;270.0;270.0;181.6
82.5;1.4107;1.3448;-0.4244;0.0398;236;273;-0.0733;54.0916;-1.0916;-1.7908;53.3300;196.4;270.0;270.0;181.1
83.0;1.4190;1.3549;-0.4615;0.0288;239;273;0.0929;54.7786;-1.1145;-1.8127;54.1296;196.1;270.0;270.0;181.1
83.5;1.4277;1.3649;-0.4588;0.0398;236;281;0.0147;55.5115;-1.1374;-1.8127;54.9292;196.4;270.0;270.0;180.8
84.0;1.4359;1.3745;-0.2005;0.0288;249;271;0.0049;56.2443;-1.1603;-1.8347;55.7288;195.6;270.0;270.0;181.1
84.5;1.4446;1.3846;-0.3420;0.0398;239;283;0.0929;56.9313;-1.1832;-1.8347;56.5284;196.9;270.0;270.0;180.8
85.0;1.4533;1.3947;-0.1923;0.0495;245;279;0.0049;57.6641;-1.2061;-1.8347;57.3280;197.7;270.0;270.0;181.1
85.5;1.4615;1.4048;-0.2212;0.0288;255;273;0.0831;58.3588;-1.2214;-1.8567;58.1276;195.6;270.0;270.0;180.8
86.0;1.4702;1.4148;-0.1456;0.0398;249;283;0.0831;59.1298;-1.2519;-1.8567;58.9272;196.6;270.0;270.0;180.8
86.5;1.4799;1.4249;-0.0343;0.0398;257;279;-0.0049;59.8626;-1.2748;-1.8567;59.7268;197.7;270.0;270.0;180.5
87.0;1.4890;1.4350;0.1442;0.0398;261;273;-0.0147;60.5878;-1.2977;-1.8567;60.5265;196.4;270.0;270.0;180.8
87.5;1.4982;1.4446;0.0632;0.0591;253;283;0.0733;61.3588;-1.3206;-1.8567;61.3261;198.5;270.0;270.0;180.5
88.0;1.5087;1.4547;-0.0755;0.0398;263;275;-0.0049;62.1756;-1.3511;-1.8567;62.1257;197.4;270.0;270.0;181.3
88.5;1.5174;1.4647;-0.0234;0.0398;261;281;-0.0049;62.9084;-1.3740;-1.8567;62.9253;197.4;270.0;270.0;181.6
89.0;1.5270;1.4748;-0.1497;0.0398;257;286;0.0831;63.6794;-1.3969;-1.8567;62.9253;197.2;270.0;270.0;181.1
89.5;1.5371;1.4849;-0.0275;0.0398;263;284;-0.0049;64.4885;-1.4198;-1.8567;63.7249;196.6;270.0;270.0;181.1
90.0;1.5462;1.4950;-0.0646;0.0192;269;279;-0.0049;65.2214;-1.4427;-1.8567;64.5245;195.6;270.0;270.0;181.6
90.5;1.5554;1.5046;-0.0055;0.0288;263;288;-0.0049;66.0382;-1.4733;-1.8567;65.3241;196.9;270.0;270.0;181.3
91.0;1.5646;1.5147;-0.0838;0.0192;269;284;-0.0049;66.7634;-1.4962;-1.8567;66.1237;195.8;270.0;270.0;181.1
91.5;1.5737;1.5247;0.0234;0.0288;267;290;-0.0049;67.5802;-1.5191;-1.8567;66.9233;195.6;270.0;270.0;181.1
92.0;1.5829;1.5348;0.1676;0.0288;275;284;-0.0147;68.3893;-1.5496;-1.8567;67.7229;195.6;270.0;270.0;181.1
92.5;1.5920;1.5449;0.1882;0.0288;277;286;-0.0147;69.2061;-1.5725;-1.8567;68.5226;196.1;270.0;270.0;181.1
93.0;1.6021;1.5549;0.2239;0.0288;279;286;-0.0147;70.0153;-1.6031;-1.8347;69.3222;195.8;270.0;270.0;181.1
93.5;1.6117;1.5646;-0.0659;0.0288;273;294;-0.0049;70.8321;-1.6260;-1.8347;70.1218;196.6;270.0;270.0;181.6
94.0;1.6213;1.5746;0.1058;0.0288;279;292;-0.0049;71.6412;-1.6489;-1.8347;70.9214;196.4;270.0;270.0;181.6
94.5;1.6310;1.5847;-0.0907;0.0398;273;300;-0.0049;72.4504;-1.6794;-1.8347;71.7210;197.7;270.0;270.0;181.8
95.0;1.6410;1.5948;-0.0646;0.0398;275;298;0.0831;73.3053;-1.7023;-1.8567;73.3202;197.7;270.0;270.0;181.6
95.5;1.6506;1.6049;-0.0989;0.0495;273;302;-0.0049;74.1221;-1.7328;-1.8567;74.1198;197.7;270.0;270.0;181.1
96.0;1.6603;1.6149;0.0261;0.0192;290;290;0.0733;74.9695;-1.7557;-1.8567;74.9194;195.8;270.0;270.0;181.3
96.5;1.6690;1.6245;-0.1277;0.0288;275;306;-0.0049;75.7863;-1.7863;-1.8567;75.7190;196.4;270.0;270.0;181.6
97.0;1.6790;1.6346;-0.0824;0.0288;281;306;-0.0049;76.6794;-1.8168;-1.8567;76.5187;196.4;270.0;270.0;181.8
97.5;1.6877;1.6447;0.0330;0.0288;284;302;-0.0049;77.4885;-1.8397;-1.8567;77.3183;197.7;270.0;270.0;182.4
98.0;1.6969;1.6548;-0.0234;0.0398;279;306;-0.0049;78.3893;-1.8702;-1.8567;78.1179;197.4;270.0;270.0;181.6
98.5;1.7047;1.6648;0.1332;0.0288;290;298;-0.0049;79.1985;-1.8931;-1.8567;78.9175;196.6;270.0;270.0;181.6
99.0;1.7134;1.6749;-0.0659;0.0495;279;314;-0.0831;80.0534;-1.9237;-1.8567;79.7171;197.4;270.0;270.0;181.1
99.5;1.7225;1.6850;-0.0357;0.0495;286;308;-0.0049;80.9466;-1.9542;-1.8567;80.5167;197.7;270.0;270.0;181.1
100.0;1.7312;1.6946;-0.1566;0.0398;288;310;-0.0831;81.8015;-1.9771;-1.8567;81.3163;197.7;270.0;270.0;182.4
100.5;1.7395;1.7047;-0.0302;0.0288;294;308;0.0733;82.6489;-2.0076;-1.8567;82.1159;196.6;270.0;270.0;182.6
101.0;1.7477;1.7147;-0.0398;0.0192;296;310;-0.0831;83.5038;-2.0305;-1.8567;82.9155;196.1;270.0;270.0;181.8
101.5;1.7569;1.7248;-0.1113;0.0288;292;322;-0.0049;84.3969;-2.0611;-1.8567;83.7151;195.6;270.0;270.0;181.1
102.0;1.7656;1.7349;-0.0975;0.0398;292;322;-0.0049;85.2901;-2.0916;-1.8567;85.3144;196.4;270.0;270.0;182.1
102.5;1.7747;1.7450;-0.2473;0.0288;294;320;0.0831;86.1450;-2.1221;-1.8787;86.1140;196.6;270.0;270.0;181.8
103.0;1.7834;1.7546;-0.0247;0.0288;300;320;-0.0831;87.0840;-2.1527;-1.8787;86.9136;195.8;270.0;270.0;181.1
103.5;1.7926;1.7647;-0.2651;0.0288;296;327;0.0049;87.9771;-2.1756;-1.8787;87.7132;195.3;270.0;270.0;180.8
104.0;1.8022;1.7747;-0.0632;0.0398;300;327;-0.0831;88.9084;-2.2061;-1.8787;88.5128;196.6;270.0;270.0;181.1
104.5;1.8123;1.7848;-0.1635;0.0398;302;327;-0.0831;89.8397;-2.2366;-1.8787;89.3124;196.4;270.0;270.0;180.8
105.0;1.8228;1.7949;-0.1621;0.0398;302;327;-0.0831;90.7786;-2.2672;-1.9006;90.1120;197.4;270.0;270.0;181.6
105.5;1.8329;1.8049;-0.3654;0.0288;302;329;-0.0733;91.7099;-2.2977;-1.9006;91.7112;196.6;270.0;270.0;181.6
106.0;1.8434;1.8146;-0.1566;0.0192;310;326;0.0049;92.6870;-2.3359;-1.9006;92.5108;196.1;270.0;270.0;181.3
106.5;1.8539;1.8246;-0.2486;0.0288;300;333;-0.0733;93.6183;-2.3664;-1.9226;93.3105;195.8;270.0;270.0;181.1
107.0;1.8645;1.8347;-0.4025;0.0398;298;339;-0.0733;94.5573;-2.3969;-1.9226;94.1101;196.6;270.0;270.0;180.5
107.5;1.8750;1.8448;-0.4190;0.0288;306;333;-0.1515;95.5344;-2.4275;-1.9446;94.9097;195.6;270.0;270.0;180.5
108.0;1.8860;1.8549;-0.5810;0.0495;290;345;0.0147;96.5038;-2.4580;-1.9446;96.5089;197.7;270.0;270.0;180.8
108.5;1.8965;1.8649;-0.3832;0.0495;304;337;-0.0733;97.5191;-2.4962;-1.9666;97.3085;197.7;270.0;270.0;180.8
109.0;1.9080;1.8745;-0.4354;0.0398;306;333;-0.0733;98.5344;-2.5344;-1.9885;98.1081;197.7;270.0;270.0;181.6
109.5;1.9199;1.8846;-0.3187;0.0495;300;335;-0.0733;99.5496;-2.5649;-1.9885;98.9077;198.7;270.0;270.0;181.3
110.0;1.9318;1.8947;-0.3777;0.0495;302;333;-0.0733;100.5725;-2.6031;-1.9885;100.5069;197.7;270.0;270.0;180.8
110.5;1.9437;1.9048;-0.3407;0.0591;298;335;-0.0733;101.5878;-2.6336;-2.0105;101.3066;197.7;270.0;270.0;180.0
111.0;1.9551;1.9148;-0.2637;0.0591;302;331;0.0831;102.6031;-2.6718;-2.0105;102.1062;198.5;270.0;270.0;180.8
111.5;1.9670;1.9249;-0.3008;0.0591;304;333;-0.0733;103.6183;-2.7099;-2.0325;102.9058;197.7;270.0;270.0;180.0
112.0;1.9794;1.9350;-0.3269;0.0687;298;337;0.0049;104.6718;-2.7481;-2.0325;104.5050;198.5;270.0;270.0;180.0
112.5;1.9908;1.9446;-0.6250;0.0591;296;337;0.0147;105.7252;-2.7786;-2.0544;105.3046;198.2;270.0;270.0;179.5
113.0;2.0014;1.9547;-0.5989;0.0591;294;339;-0.0635;106.7405;-2.8168;-2.0764;106.1042;198.2;270.0;270.0;179.5
113.5;2.0110;1.9647;-0.5742;0.0893;284;349;-0.0635;107.7634;-2.8550;-2.0764;107.7034;199.5;270.0;270.0;178.9
114.0;2.0206;1.9748;-0.2912;0.0000;335;308;-0.0049;0.9695;0.0000;-0.0109;0.5557;200.1;270.0;270.0;178.9
114.5;2.0302;1.9853;-0.1882;0.0000;316;337;0.0049;2.0305;-0.0076;-0.0109;1.3553;199.0;270.0;270.0;179.5
115.0;2.0403;1.9959;0.0096;0.0000;322;337;-0.0049;3.0840;-0.0076;-0.0109;2.9546;198.2;270.0;270.0;179.5
115.5;2.0504;2.0064;-0.1868;0.0000;322;347;0.0831;4.1832;-0.0076;-0.0109;3.7542;198.2;270.0;270.0;179.2
116.0;2.0614;2.0169;-0.1882;0.0000;327;353;0.0049;5.2366;-0.0076;-0.0328;4.5538;197.7;270.0;270.0;179.5
116.5;2.0733;2.0279;-0.2610;0.0000;327;357;0.0831;6.3359;-0.0076;-0.0328;6.1530;198.2;270.0;270.0;179.5
117.0;2.0838;2.0389;-0.3736;0.0000;329;367;0.0929;7.3511;-0.0076;-0.0548;6.9526;198.7;270.0;270.0;178.7
117.5;2.0943;2.0504;-0.3462;0.0000;331;367;0.0049;8.4122;-0.0076;-0.0548;7.7522;198.2;270.0;270.0;178.7
118.0;2.1049;2.0618;-0.5494;0.0000;331;378;0.0929;9.5115;-0.0076;-0.0768;9.3514;197.7;270.0;270.0;178.4
118.5;2.1168;2.0733;-0.4657;0.0000;337;380;0.0929;10.6031;-0.0076;-0.0768;10.1510;198.7;270.0;270.0;178.2
119.0;2.1291;2.0852;-0.5151;0.0000;341;386;0.0147;11.7405;-0.0076;-0.0988;10.9506;197.9;270.0;270.0;178.7
119.5;2.1415;2.0971;-0.3723;0.0000;345;386;0.0929;12.8397;-0.0153;-0.0988;12.5499;197.7;270.0;270.0;179.2
120.0;2.1543;2.1090;-0.4107;0.0000;351;392;0.0147;13.9771;-0.0153;-0.1207;13.3495;200.1;270.0;270.0;179.2
120.5;2.1662;2.1213;-0.4244;0.0000;351;394;0.0929;15.0000;-0.0153;-0.1427;14.9487;197.9;270.0;270.0;178.4
121.0;2.1786;2.1337;-0.5838;0.0000;351;400;0.0147;16.1374;-0.0153;-0.1427;15.7483;199.5;270.0;270.0;178.2
121.5;2.1909;2.1461;-0.7500;0.0000;353;412;0.0244;17.2748;-0.0229;-0.1647;16.5479;200.1;270.0;270.0;178.7
122.0;2.2033;2.1584;-0.5962;0.0000;355;408;0.1808;18.4122;-0.0229;-0.1867;18.1471;200.1;270.0;270.0;178.7
122.5;2.2157;2.1712;-0.7981;0.0000;349;413;0.1808;19.5496;-0.0305;-0.2086;18.9467;200.1;270.0;270.0;178.7
123.0;2.2285;2.1836;-0.7390;0.0000;355;415;0.1026;20.6489;-0.0305;-0.2306;20.5460;197.9;270.0;270.0;177.9
123.5;2.2408;2.1960;-0.9959;0.0000;349;421;0.0342;21.7863;-0.0382;-0.2526;21.3456;198.2;270.0;270.0;178.7
124.0;2.2541;2.2083;-0.9629;0.0000;351;423;0.1124;22.9618;-0.0458;-0.2965;22.9448;199.0;270.0;270.0;178.9
124.5;2.2665;2.2212;-1.0330;0.0000;351;427;0.0342;24.0992;-0.0458;-0.3185;23.7444;196.1;270.0;270.0;178.7
125.0;2.2779;2.2335;-0.7280;0.0000;359;419;0.0244;25.1603;-0.0534;-0.3405;24.5440;195.6;270.0;270.0;177.9
125.5;2.2894;2.2459;-0.7843;0.0000;359;421;0.1026;26.3359;-0.0611;-0.3624;26.1432;194.8;270.0;270.0;177.4
126.0;2.3017;2.2587;-0.8283;0.0000;361;427;0.0244;27.5573;-0.0687;-0.3844;26.9428;192.9;270.0;270.0;176.8
126.5;2.3141;2.2711;-0.6099;0.0000;367;421;0.1026;28.7328;-0.0763;-0.4064;28.5421;190.3;270.0;270.0;177.1
127.0;2.3265;2.2834;-0.5824;0.0000;369;421;0.0147;29.9542;-0.0840;-0.4284;29.3417;191.9;270.0;270.0;176.8
127.5;2.3384;2.2962;-0.3984;0.0288;365;429;0.0049;31.0916;-0.0916;-0.4284;30.9409;190.3;270.0;270.0;176.6
128.0;2.3503;2.3086;-0.4409;0.0192;374;417;0.0929;32.2748;-0.0992;-0.4503;31.7405;189.2;270.0;270.0;177.1
128.5;2.3622;2.3210;-0.2857;0.0096;382;417;0.0831;33.4504;-0.1145;-0.4503;33.3397;188.7;270.0;270.0;176.3
129.0;2.3732;2.3333;-0.1992;0.0000;386;413;-0.0831;34.6336;-0.1221;-0.4503;34.1393;187.7;270.0;270.0;176.8
129.5;2.3832;2.3462;-0.0907;-0.0110;388;412;0.0831;35.8092;-0.1298;-0.4503;35.7386;186.3;270.0;270.0;175.8
130.0;2.3938;2.3585;0.0522;-0.0110;396;417;-0.0049;37.0305;-0.1374;-0.4503;36.5382;186.3;270.0;270.0;176.0
130.5;2.4043;2.3709;0.1181;-0.0110;400;415;-0.0049;38.2443;-0.1450;-0.4503;38.1374;185.8;270.0;270.0;175.8
131.0;2.4162;2.3837;0.2019;-0.0110;404;415;-0.0929;39.5115;-0.1603;-0.4503;38.9370;186.1;270.0;270.0;175.5
131.5;2.4263;2.3961;-0.1071;0.0096;388;431;-0.0049;40.7252;-0.1679;-0.4503;40.5362;188.2;270.0;270.0;175.8
132.0;2.4368;2.4084;-0.0192;0.0192;396;427;0.0733;41.9084;-0.1756;-0.4503;41.3358;187.1;270.0;270.0;174.2
132.5;2.4473;2.4212;-0.2184;0.0687;378;449;0.0049;43.1221;-0.1832;-0.4503;42.9350;190.6;270.0;270.0;172.6
133.0;2.4592;2.4336;-0.0206;0.0797;400;435;0.0733;44.3893;-0.1985;-0.4503;43.7346;191.6;270.0;270.0;172.6
133.5;2.4716;2.4460;0.2047;0.1195;394;439;-0.0147;45.6870;-0.2061;-0.4503;45.3339;192.4;270.0;270.0;170.0
134.0;2.4835;2.4583;0.5179;0.1291;413;425;-0.0244;46.9084;-0.2137;-0.4284;46.1335;193.2;270.0;270.0;168.7
134.5;2.4968;2.4712;0.4478;0.1593;410;439;-0.0244;48.2061;-0.2214;-0.4284;47.7327;194.5;270.0;270.0;166.3
135.0;2.5096;2.4835;0.4766;0.1799;412;433;-0.1026;49.4656;-0.2366;-0.4064;49.3319;193.7;270.0;270.0;163.9
135.5;2.5220;2.4959;0.6387;0.1992;415;431;0.0538;50.8092;-0.2443;-0.3844;50.1315;195.0;270.0;270.0;162.3
136.0;2.5348;2.5087;0.4890;0.2390;408;447;-0.0244;52.1069;-0.2519;-0.3844;51.7307;196.9;270.0;270.0;160.2
136.5;2.5485;2.5211;0.6607;0.2692;413;439;-0.0244;53.4122;-0.2595;-0.3624;53.3300;198.2;270.0;270.0;158.9
137.0;2.5609;2.5334;0.2857;0.2788;412;445;0.0635;54.6718;-0.2672;-0.3624;54.1296;198.7;270.0;270.0;158.9
137.5;2.5719;2.5462;0.4286;0.3091;410;449;-0.1026;55.9313;-0.2748;-0.3405;55.7288;200.6;270.0;270.0;158.1
138.0;2.5833;2.5586;0.3256;0.2788;427;431;-0.1026;57.2748;-0.2824;-0.3405;56.5284;198.7;270.0;270.0;158.6
138.5;2.5943;2.5710;0.5027;0.3091;417;453;-0.0244;58.5725;-0.2901;-0.3185;58.1276;200.6;270.0;270.0;158.1
139.0;2.6058;2.5833;0.5453;0.2995;435;441;-0.1026;59.9160;-0.2977;-0.2965;59.7268;201.1;270.0;270.0;158.6
139.5;2.6163;2.5962;0.6374;0.3091;431;445;-0.1906;61.2977;-0.3053;-0.2746;60.5265;203.0;270.0;270.0;159.9
140.0;2.6291;2.6085;0.4918;0.2788;445;439;-0.1026;62.7176;-0.3130;-0.2746;62.1257;201.6;270.0;270.0;162.1
140.5;2.6424;2.6209;0.1360;0.2692;431;455;-0.1711;64.0992;-0.3130;-0.2746;63.7249;203.2;270.0;270.0;164.7
141.0;2.6580;2.6337;0.0508;0.2500;431;451;-0.0831;65.5267;-0.3206;-0.2526;65.3241;204.0;270.0;270.0;166.5
141.5;2.6731;2.6461;-0.1360;0.2294;429;457;-0.0831;66.9466;-0.3282;-0.2746;66.9233;203.8;270.0;270.0;168.1
142.0;2.6886;2.6584;-0.1703;0.2088;429;455;-0.0831;68.3664;-0.3359;-0.2746;67.7229;203.2;270.0;270.0;170.2
142.5;2.7038;2.6712;-0.0920;0.1896;431;451;-0.1613;69.8321;-0.3435;-0.2746;69.3222;201.9;270.0;270.0;171.0
143.0;2.7198;2.6836;-0.2418;0.1896;419;458;-0.0733;71.2519;-0.3511;-0.2746;70.9214;204.0;270.0;270.0;172.3
143.5;2.7358;2.6960;-0.1030;0.1799;423;449;-0.0831;72.7557;-0.3588;-0.2746;72.5206;203.5;270.0;270.0;173.7
144.0;2.7500;2.7083;-0.1552;0.1690;421;451;-0.0831;74.1832;-0.3588;-0.2965;74.1198;203.5;270.0;270.0;174.5
144.5;2.7651;2.7212;-0.2198;0.1690;417;455;0.0049;75.6489;-0.3664;-0.2965;74.9194;203.8;270.0;270.0;174.7
145.0;2.7793;2.7335;-0.1580;0.1593;419;449;-0.0831;77.0687;-0.3740;-0.2965;76.5187;203.2;270.0;270.0;175.5
145.5;2.7930;2.7459;-0.1195;0.1497;421;447;0.0831;78.4885;-0.3817;-0.2965;78.1179;203.8;270.0;270.0;176.3
146.0;2.8072;2.7587;-0.2871;0.1690;410;464;0.0831;79.9924;-0.3893;-0.3185;79.7171;204.8;270.0;270.0;175.8
146.5;2.8210;2.7711;-0.4739;0.1690;410;460;-0.0733;81.4198;-0.3969;-0.3185;81.3163;205.1;270.0;270.0;176.0
147.0;2.8347;2.7834;-0.0412;0.1593;427;449;-0.0831;82.9237;-0.4046;-0.3185;82.9155;203.8;270.0;270.0;175.8
147.5;2.8480;2.7962;-0.2665;0.1690;413;460;0.0049;84.3053;-0.4122;-0.3405;83.7151;203.2;270.0;270.0;174.7
148.0;2.8613;2.8086;0.0879;0.1497;431;441;0.0733;85.8092;-0.4198;-0.3405;85.3144;202.7;270.0;270.0;175.2
148.5;2.8741;2.8210;-0.3599;0.1690;410;468;0.0049;87.2748;-0.4351;-0.3405;86.9136;203.2;270.0;270.0;174.7
149.0;2.8869;2.8333;-0.0879;0.1690;419;453;-0.0049;88.8168;-0.4427;-0.3405;88.5128;203.8;270.0;270.0;174.7
149.5;2.9002;2.8462;-0.5137;0.1690;412;468;0.0929;90.3206;-0.4504;-0.3624;90.1120;204.0;270.0;270.0;174.5
150.0;2.9135;2.8585;-0.2033;0.1690;419;462;0.0049;91.7863;-0.4580;-0.3624;91.7112;203.8;270.0;270.0;174.7
150.5;2.9267;2.8709;-0.3269;0.1690;415;462;0.0831;93.3664;-0.4656;-0.3844;93.3105;203.8;270.0;270.0;175.0
151.0;2.9400;2.8837;-0.0824;0.1799;419;462;0.0831;94.8702;-0.4809;-0.3844;94.1101;206.1;270.0;270.0;175.5
151.5;2.9533;2.8961;-0.3984;0.1896;410;472;0.1711;96.4198;-0.4885;-0.3844;95.7093;205.9;270.0;270.0;175.0
152.0;2.9670;2.9084;-0.6154;0.1896;408;476;0.1026;97.9237;-0.4962;-0.4064;97.3085;206.7;270.0;270.0;175.5
152.5;2.9799;2.9212;-0.2431;0.1896;417;466;0.0831;99.4275;-0.5114;-0.4064;98.9077;206.1;270.0;270.0;175.0
153.0;2.9927;2.9336;-0.2184;0.1896;417;466;0.0049;100.9695;-0.5191;-0.4284;100.5069;205.9;270.0;270.0;174.7
153.5;3.0060;2.9460;-0.0549;0.1896;421;462;-0.0049;102.5115;-0.5344;-0.4284;102.1062;205.6;270.0;270.0;174.7
154.0;3.0192;2.9583;-0.4080;0.1992;408;472;0.0049;104.0611;-0.5420;-0.4284;103.7054;206.7;270.0;270.0;174.5
154.5;3.0316;2.9712;-0.4203;0.1992;413;470;0.0929;105.5649;-0.5496;-0.4503;105.3046;206.1;270.0;270.0;173.4
155.0;3.0435;2.9835;-0.8434;0.2198;394;488;0.1906;107.1069;-0.5649;-0.4723;106.9038;207.4;270.0;270.0;173.4
155.5;3.0549;2.9959;-0.5096;0.2198;412;476;0.0147;108.5725;-0.5802;-0.4723;108.5030;207.2;270.0;270.0;173.9
156.0;3.0664;3.0087;-0.4794;0.2088;415;470;0.0929;110.1603;-0.5878;-0.4943;110.1023;205.9;270.0;270.0;172.9
156.5;3.0778;3.0211;-0.5494;0.2088;413;480;-0.0635;111.7405;-0.6031;-0.5163;111.7015;205.3;270.0;270.0;172.6
157.0;3.0907;3.0334;-0.4176;0.2088;419;480;0.0929;113.3282;-0.6183;-0.5163;113.3007;205.6;270.0;270.0;172.6
157.5;3.1026;3.0462;-0.3695;0.2294;413;486;0.0049;114.8702;-0.6336;-0.5382;114.1003;207.7;270.0;270.0;172.6
158.0;3.1140;3.0586;-0.0124;0.2198;435;466;0.0733;116.4580;-0.6489;-0.5382;115.6995;206.7;270.0;270.0;172.3
158.5;3.1250;3.0710;0.0920;0.2198;437;470;0.0733;118.0458;-0.6641;-0.5382;117.2988;206.1;270.0;270.0;172.6
159.0;3.1351;3.0833;0.3091;0.2198;445;470;-0.0147;119.5878;-0.6718;-0.5163;118.8980;206.7;270.0;270.0;172.6
159.5;3.1451;3.0962;0.1593;0.1992;451;468;-0.0147;121.2137;-0.6870;-0.5163;120.4972;206.1;270.0;270.0;173.4
160.0;3.1552;3.1085;0.4835;0.1992;455;470;0.0635;122.7176;-0.7023;-0.4943;122.0964;204.8;270.0;270.0;173.1
160.5;3.1653;3.1209;0.2404;0.1896;453;472;-0.0147;124.3435;-0.7176;-0.4943;123.6956;204.8;270.0;270.0;173.7
161.0;3.1754;3.1337;0.4286;0.2088;451;482;-0.0244;125.8855;-0.7252;-0.4943;125.2948;206.7;270.0;270.0;173.4
161.5;3.1859;3.1461;0.3846;0.2088;462;484;0.1417;127.5115;-0.7405;-0.4723;126.8941;207.2;270.0;270.0;174.5
162.0;3.1964;3.1584;0.2074;0.2198;453;492;0.1515;129.1374;-0.7557;-0.4723;128.4933;208.0;270.0;270.0;173.4
162.5;3.2065;3.1712;0.1690;0.2198;458;492;0.0733;130.7252;-0.7710;-0.4723;130.0925;207.2;270.0;270.0;172.6
163.0;3.2166;3.1836;0.2885;0.1992;470;486;0.0635;132.3893;-0.7786;-0.4503;131.6917;205.3;270.0;270.0;173.7
163.5;3.2271;3.1960;0.6181;0.2198;468;492;-0.0244;134.0153;-0.7939;-0.4284;133.2909;208.0;270.0;270.0;173.7
164.0;3.2381;3.2083;0.4739;0.2088;480;488;-0.1026;135.6870;-0.8092;-0.4284;135.6898;206.9;270.0;270.0;173.4
164.5;3.2491;3.2212;0.8668;0.1992;494;482;-0.1124;137.3512;-0.8168;-0.4064;137.2890;205.9;270.0;270.0;174.2
165.0;3.2605;3.2335;0.4780;0.2088;476;498;-0.0244;139.0611;-0.8321;-0.3844;138.8882;208.0;270.0;270.0;174.7
165.5;3.2724;3.2459;0.7143;0.1896;492;482;-0.0342;140.7634;-0.8397;-0.3624;140.4874;206.1;270.0;270.0;175.2
166.0;3.2843;3.2587;0.4354;0.1896;482;496;-0.1808;142.4733;-0.8473;-0.3624;142.0867;205.6;270.0;270.0;174.5
166.5;3.2976;3.2711;0.5756;0.1896;486;492;-0.1906;144.2595;-0.8626;-0.3405;143.6859;204.8;270.0;270.0;173.9
167.0;3.3109;3.2834;0.2926;0.1896;484;503;-0.0929;146.0076;-0.8702;-0.3185;145.2851;204.8;270.0;270.0;174.2
167.5;3.3265;3.2962;-0.0824;0.1896;472;509;-0.1613;147.8779;-0.8779;-0.3405;147.6839;204.8;270.0;270.0;173.4
168.0;3.3425;3.3086;-0.3929;0.1992;460;519;-0.0733;149.6260;-0.8931;-0.3405;149.2831;205.9;270.0;270.0;173.1
168.5;3.3594;3.3210;-0.4602;0.1896;466;515;-0.0733;151.4580;-0.9008;-0.3624;150.8824;205.1;270.0;270.0;173.7
169.0;3.3764;3.3333;-0.1264;0.2088;462;513;-0.0831;153.2061;-0.9084;-0.3624;152.4816;206.9;270.0;270.0;174.2
169.5;3.3947;3.3462;-0.2940;0.2198;462;515;-0.0733;155.1145;-0.9237;-0.3624;154.8804;208.0;270.0;270.0;173.4
170.0;3.4130;3.3585;0.0357;0.2198;470;501;-0.0831;157.0229;-0.9313;-0.3624;156.4796;207.2;270.0;270.0;173.1
170.5;3.4309;3.3709;-0.1140;0.2198;462;501;0.0831;158.7710;-0.9466;-0.3624;158.0788;207.2;270.0;270.0;172.6
171.0;3.4478;3.3837;-0.0673;0.2294;458;505;0.0831;160.6031;-0.9542;-0.3624;160.4777;207.2;270.0;270.0;172.9
171.5;3.4643;3.3961;-0.0783;0.1992;470;490;0.0831;162.3512;-0.9695;-0.3624;162.0769;205.9;270.0;270.0;173.1
172.0;3.4799;3.4084;0.0495;0.2198;455;501;0.1515;164.1374;-0.9771;-0.3624;163.6761;207.2;270.0;270.0;173.4
172.5;3.4945;3.4212;-0.2225;0.2198;453;503;0.0831;165.8855;-0.9924;-0.3844;165.2753;206.7;270.0;270.0;172.9
173.0;3.5092;3.4332;-0.3585;0.2294;441;505;0.0929;167.7176;-1.0000;-0.3844;167.6742;206.4;270.0;270.0;172.1
173.5;3.5220;3.4455;-0.2802;0.2294;443;498;0.1711;169.5038;-1.0153;-0.4064;169.2734;207.2;270.0;270.0;172.1
174.0;3.5353;3.4574;-0.4148;0.2390;431;503;0.2493;171.3359;-1.0305;-0.4064;170.8726;208.0;270.0;270.0;172.1
174.5;3.5481;3.4693;-0.1195;0.2500;435;494;0.1613;173.1221;-1.0382;-0.4064;172.4718;209.0;270.0;270.0;171.3
175.0;3.5614;3.4812;-0.3901;0.2596;423;496;0.0929;174.9542;-1.0534;-0.4284;174.8707;209.3;270.0;270.0;170.8
175.5;3.5733;3.4927;-0.2569;0.2500;431;486;0.1711;176.7405;-1.0687;-0.4284;176.4699;208.0;270.0;270.0;171.0
176.0;3.5847;3.5041;-0.4698;0.2596;413;492;0.0929;178.4886;-1.0763;-0.4503;178.0691;208.8;270.0;270.0;171.0
176.5;3.5952;3.5156;-0.1195;0.2692;419;482;0.1613;180.3588;-1.0916;-0.4503;179.6683;210.1;270.0;270.0;171.0
177.0;3.6062;3.5266;-0.2129;0.2500;423;472;0.0049;182.1450;-1.1069;-0.4503;182.0671;209.3;270.0;270.0;171.6
177.5;3.6172;3.5375;0.0714;0.2500;421;466;0.0733;183.9771;-1.1221;-0.4503;183.6664;208.2;270.0;270.0;172.1
178.0;3.6273;3.5481;-0.1607;0.2390;417;468;0.0831;185.7252;-1.1298;-0.4503;185.2656;209.3;270.0;270.0;172.3
178.5;3.6369;3.5591;-0.2692;0.2500;404;472;0.0831;187.5573;-1.1450;-0.4723;186.8648;209.0;270.0;270.0;171.6
179.0;3.6456;3.5691;0.1676;0.2596;413;460;0.0733;189.3817;-1.1603;-0.4503;189.2636;208.2;270.0;270.0;170.8
179.5;3.6538;3.5797;0.0591;0.2596;415;462;0.0733;191.1298;-1.1756;-0.4503;190.8629;208.0;270.0;270.0;169.7
180.0;3.6621;3.5897;0.3338;0.2692;415;455;0.0635;192.9618;-1.1908;-0.4503;192.4621;208.8;270.0;270.0;170.2
180.5;3.6699;3.5998;0.1003;0.2692;412;457;0.1515;194.7481;-1.2061;-0.4503;194.0613;208.8;270.0;270.0;170.0
181.0;3.6772;3.6094;0.2843;0.2596;419;449;-0.0147;196.6183;-1.2137;-0.4284;196.4601;208.5;270.0;270.0;171.6
181.5;3.6845;3.6195;0.0591;0.2500;415;455;-0.1711;198.4046;-1.2290;-0.4284;198.0593;207.4;270.0;270.0;171.0
182.0;3.6909;3.6287;0.3956;0.2390;421;443;0.0635;200.2366;-1.2443;-0.4284;199.6586;206.7;270.0;270.0;170.8
182.5;3.6973;3.6383;0.4354;0.2294;423;443;0.0635;202.0687;-1.2595;-0.4064;202.0574;204.8;270.0;270.0;170.2
183.0;3.7038;3.6474;0.0618;0.2198;412;449;0.0733;203.8931;-1.2672;-0.4064;203.6566;204.3;270.0;270.0;170.0
183.5;3.7097;3.6566;0.3393;0.1992;423;439;-0.0147;205.6870;-1.2824;-0.4064;205.2558;202.4;270.0;270.0;170.5
184.0;3.7147;3.6653;0.1277;0.1799;421;447;0.0733;207.4275;-1.2901;-0.3844;206.8550;200.1;270.0;270.0;170.0
184.5;3.7198;3.6740;0.6195;0.1387;439;423;-0.0244;209.2977;-1.3053;-0.3844;209.2539;196.6;270.0;270.0;171.3
185.0;3.7253;3.6827;0.4753;0.1099;435;429;0.0635;211.1298;-1.3206;-0.3624;210.8531;193.2;270.0;270.0;171.0
185.5;3.7308;3.6914;0.9437;0.1099;439;429;0.0440;213.0382;-1.3282;-0.3405;212.4523;192.7;270.0;270.0;170.2
186.0;3.7372;3.6996;0.9286;0.0687;447;412;-0.0342;214.8321;-1.3359;-0.3185;214.0515;189.0;270.0;270.0;170.5
186.5;3.7431;3.7074;0.8530;0.0591;439;423;-0.2004;216.7023;-1.3511;-0.2746;216.4504;187.9;270.0;270.0;170.5
187.0;3.7486;3.7157;0.7610;0.0591;431;427;-0.1124;218.5267;-1.3588;-0.2526;218.0496;187.9;270.0;270.0;170.5
187.5;3.7546;3.7234;0.6964;0.0591;429;427;-0.1124;220.5191;-1.3664;-0.2526;220.4484;187.4;270.0;270.0;170.8
188.0;3.7614;3.7312;0.9712;0.0893;423;427;-0.1222;222.4275;-1.3740;-0.2086;222.0476;191.1;270.0;270.0;170.5
188.5;3.7692;3.7386;0.4382;0.1291;404;441;-0.1026;224.3435;-1.3817;-0.2086;223.6469;194.8;270.0;270.0;170.0
189.0;3.7766;3.7459;0.6181;0.2390;382;458;-0.1906;226.2901;-1.3817;-0.1867;235.6410;198.7;270.0;270.0;169.7
189.5;3.7843;3.7532;0.1456;0.2390;404;435;-0.2493;228.2061;-1.3893;-0.1867;237.2402;203.5;270.0;270.0;170.0
190.0;3.7930;3.7601;0.1593;0.2390;402;429;-0.1711;230.2366;-1.3969;-0.1867;239.6391;213.8;270.0;270.0;169.4
190.5;3.8022;3.7669;0.3736;0.2788;392;435;-0.1026;232.1450;-1.4046;-0.1647;241.2383;223.0;270.0;270.0;168.1
191.0;3.8109;3.7738;0.5687;0.3187;394;427;-0.1026;234.1374;-1.4046;-0.1427;243.6371;235.7;270.0;270.0;165.7
191.5;3.8191;3.7802;0.5110;0.3393;394;419;-0.1026;236.0458;-1.4122;-0.1427;245.2363;254.2;270.0;270.0;165.0
192.0;3.8269;3.7866;0.2926;0.3997;372;441;0.0635;238.0382;-1.4122;-0.1207;247.6351;270.0;270.0;270.0;158.9
192.5;3.8342;3.7930;0.5962;0.4794;369;437;0.0538;239.9542;-1.4198;-0.0988;249.2344;270.0;270.0;270.0;157.8
193.0;3.8416;3.7990;0.2404;0.5000;370;423;0.0635;241.8626;-1.4198;-0.0988;250.8336;270.0;270.0;270.0;156.8
193.5;3.8475;3.8049;0.6195;0.5000;386;408;-0.0244;243.8168;-1.4275;-0.0768;253.2324;270.0;270.0;270.0;156.8
194.0;3.8530;3.8109;0.4409;0.5000;376;408;0.0635;245.7252;-1.4275;-0.0768;254.8316;270.0;270.0;270.0;156.5
194.5;3.8590;3.8164;0.6525;0.4588;394;388;0.0538;247.7176;-1.4275;-0.0548;257.2305;270.0;270.0;270.0;158.4
195.0;3.8658;3.8219;0.4533;0.4190;386;390;-0.0244;249.6641;-1.4275;-0.0328;258.8297;270.0;270.0;270.0;161.0
195.5;3.8709;3.8269;0.5316;0.3393;398;369;0.1417;250.2672;-1.4275;-0.0328;261.2285;270.0;270.0;270.0;165.2
196.0;3.8741;3.8324;0.6648;0.2198;413;351;0.1320;250.2672;-1.4275;-0.0109;262.8277;270.0;270.0;270.0;171.0
196.5;3.8782;3.8375;0.6552;0.1387;402;359;0.1320;250.2672;-1.4275;0.0111;265.2266;270.0;270.0;270.0;174.5
197.0;3.8823;3.8420;0.7734;0.0989;388;365;0.2102;250.2672;-1.4275;0.0331;266.8258;270.0;270.0;270.0;176.6
197.5;3.8864;3.8466;0.2706;0.0591;376;376;0.1515;250.2672;-1.4275;0.0331;268.4250;270.0;270.0;270.0;179.2
198.0;3.8892;3.8512;0.4588;0.0192;378;367;0.0635;250.2672;-1.4275;0.0551;270.8238;270.0;270.0;270.0;181.1
198.5;3.8919;3.8558;-0.0069;0.0000;361;382;0.0733;250.2672;-1.4198;0.0551;272.4230;270.0;270.0;270.0;181.6
199.0;3.8947;3.8599;0.0618;0.0192;349;392;0.0733;250.2672;-1.4198;0.0551;274.8219;270.0;270.0;270.0;180.5
199.5;3.8965;3.8640;-0.0261;0.0591;335;398;0.1613;250.2672;-1.4198;0.0551;276.4211;270.0;270.0;270.0;178.4
200.0;3.8979;3.8677;-0.4684;0.0989;324;408;0.0929;250.2672;-1.4198;0.0331;278.0203;270.0;270.0;270.0;177.1
200.5;3.8988;3.8718;-0.4066;0.1195;329;402;0.0929;250.2672;-1.4122;0.0331;280.4192;270.0;270.0;270.0;175.8
201.0;3.9006;3.8755;-0.4258;0.1387;326;398;0.0147;250.2672;-1.4122;0.0111;282.0184;270.0;270.0;270.0;175.0
201.5;3.9016;3.8787;0.1003;0.1387;345;378;-0.0049;250.2672;-1.4122;0.0331;284.4172;270.0;270.0;270.0;175.0
202.0;3.9020;3.8819;-0.0453;0.1387;341;382;0.0733;250.2672;-1.4122;0.0111;286.0164;270.0;270.0;270.0;174.7
202.5;3.9029;3.8851;0.5261;0.1387;353;365;0.0538;250.2672;-1.4122;0.0331;288.4153;270.0;270.0;270.0;174.5
203.0;3.9034;3.8883;0.4959;0.1387;353;367;-0.0244;250.2672;-1.4046;0.0551;290.0145;270.0;270.0;270.0;174.7
203.5;3.9034;3.8910;0.5508;0.1387;353;363;-0.0244;250.2672;-1.4046;0.0770;291.6137;270.0;270.0;270.0;174.7
204.0;3.9034;3.8933;0.4162;0.1195;355;359;-0.0147;250.2672;-1.4046;0.0770;294.0125;270.0;270.0;270.0;175.2
204.5;3.9034;3.8961;0.4148;0.1387;341;370;0.0635;250.2672;-1.3969;0.0990;295.6117;270.0;270.0;270.0;175.0
205.0;3.9029;3.8984;0.6511;0.1195;359;351;0.0538;250.2672;-1.3969;0.0990;298.0106;270.0;270.0;270.0;175.8
205.5;3.9020;3.9006;0.4615;0.1195;345;361;0.0635;250.2672;-1.3893;0.1210;299.6098;270.0;270.0;270.0;175.2
206.0;3.9006;3.9025;0.7665;0.1387;347;359;-0.0342;250.2672;-1.3893;0.1430;301.2090;270.0;270.0;270.0;174.7
206.5;3.8988;3.9043;0.6593;0.1387;351;355;-0.0244;250.2672;-1.3817;0.1649;303.6078;270.0;270.0;270.0;174.7
207.0;3.8970;3.9061;1.0934;0.1195;369;335;-0.0440;250.2672;-1.3740;0.1869;305.2071;270.0;270.0;270.0;175.8
207.5;3.8961;3.9080;1.1497;0.0989;369;333;-0.0440;250.2672;-1.3664;0.2308;307.6059;270.0;270.0;270.0;176.3
208.0;3.8951;3.9093;1.4629;0.0989;369;329;-0.1417;250.2672;-1.3588;0.2748;309.2051;270.0;270.0;270.0;176.6
208.5;3.8956;3.9103;1.4052;0.0989;369;329;-0.2981;250.2672;-1.3511;0.3187;311.6039;270.0;270.0;270.0;176.8
209.0;3.8965;3.9116;1.1003;0.0797;367;329;-0.2102;250.2672;-1.3359;0.3407;313.2032;270.0;270.0;270.0;177.6
209.5;3.8974;3.9125;0.8310;0.0797;353;337;-0.3568;250.2672;-1.3206;0.3627;314.8024;270.0;270.0;270.0;177.4
210.0;3.8997;3.9130;0.8516;0.0797;353;335;-0.2786;250.2672;-1.3130;0.3847;317.2012;270.0;270.0;270.0;177.4
210.5;3.9020;3.9139;0.9368;0.0989;343;335;-0.2004;250.2672;-1.2977;0.4066;319.6000;270.0;270.0;270.0;176.6
211.0;3.9052;3.9144;0.5549;0.1195;329;339;-0.1026;250.2672;-1.2824;0.4286;321.1992;270.0;270.0;270.0;176.0
211.5;3.9084;3.9148;0.6621;0.0989;341;322;-0.1124;250.2672;-1.2672;0.4506;323.5981;270.0;270.0;270.0;176.6
212.0;3.9125;3.9148;0.3613;0.1195;316;337;-0.0147;250.2672;-1.2443;0.4726;325.1973;270.0;270.0;270.0;176.0
212.5;3.9167;3.9148;0.5907;0.0797;335;310;0.1320;250.2672;-1.2290;0.4726;327.5961;270.0;270.0;270.0;177.4
213.0;3.9208;3.9148;0.6195;0.0591;327;310;0.0538;250.2672;-1.2137;0.4945;329.1953;270.0;270.0;270.0;178.4
213.5;3.9235;3.9144;0.7321;0.0797;312;316;0.0538;250.2672;-1.1908;0.5165;331.5942;270.0;270.0;270.0;177.9
214.0;3.9245;3.9139;0.7390;0.0989;308;312;-0.0342;250.2672;-1.1756;0.5385;333.1934;270.0;270.0;270.0;177.1
214.5;3.9249;3.9130;0.4876;0.0797;310;302;-0.0244;250.2672;-1.1527;0.5605;335.5922;270.0;270.0;270.0;177.9
215.0;3.9258;3.9125;0.7637;0.0797;308;298;0.0538;250.2672;-1.1374;0.5824;337.1914;270.0;270.0;270.0;178.7
215.5;3.9267;3.9116;0.5687;0.0797;298;300;0.0538;250.2672;-1.1145;0.5824;339.5903;270.0;270.0;270.0;178.2
216.0;3.9281;3.9103;0.8448;0.0797;300;290;0.2102;250.2672;-1.0916;0.6264;341.1895;270.0;270.0;270.0;177.6
216.5;3.9295;3.9093;0.3956;0.0591;292;292;0.1417;250.2672;-1.0687;0.6264;343.5883;270.0;270.0;270.0;178.4
217.0;3.9299;3.9080;0.3091;0.0591;281;298;0.0635;250.2672;-1.0458;0.6264;345.1875;270.0;270.0;270.0;179.2
217.5;3.9295;3.9061;0.0302;0.0591;271;300;0.1613;250.2672;-1.0229;0.6264;347.5864;270.0;270.0;270.0;178.9
218.0;3.9281;3.9043;0.1580;0.0797;265;300;0.0733;250.2672;-1.0076;0.6484;349.1856;270.0;270.0;270.0;178.2
218.5;3.9267;3.9025;0.3393;0.0989;265;292;0.0635;250.2672;-0.9847;0.6484;351.5844;270.0;270.0;270.0;177.1
219.0;3.9249;3.9006;0.4547;0.0989;271;283;0.0635;250.2672;-0.9618;0.6703;353.1836;270.0;270.0;270.0;176.6
219.5;3.9226;3.8984;0.2363;0.0797;271;281;0.0635;250.2672;-0.9389;0.6703;355.5825;270.0;270.0;270.0;177.4
220.0;3.9199;3.8961;-0.1607;0.0797;253;292;0.0049;250.2672;-0.9160;0.6703;357.1817;270.0;270.0;270.0;177.6
220.5;3.9171;3.8933;0.1772;0.0989;251;288;-0.0147;250.2672;-0.8931;0.6703;358.7809;270.0;270.0;270.0;177.1
221.0;3.9125;3.8910;-0.0234;0.0989;251;284;0.0733;250.2672;-0.8702;0.6703;361.1797;270.0;270.0;270.0;176.8
221.5;3.9075;3.8883;0.5124;0.0797;269;263;0.0538;250.2672;-0.8473;0.6923;362.7790;270.0;270.0;270.0;177.6
222.0;3.9006;3.8851;0.2775;0.0989;249;279;0.0635;250.2672;-0.8244;0.6923;365.1778;270.0;270.0;270.0;177.1
222.5;3.8947;3.8819;0.5604;0.0797;269;261;-0.1026;250.2672;-0.7939;0.7143;366.7770;270.0;270.0;270.0;177.6
223.0;3.8883;3.8787;0.4354;0.0797;257;269;0.0635;250.2672;-0.7710;0.7143;368.3762;270.0;270.0;270.0;177.6
223.5;3.8823;3.8755;0.7102;0.0797;265;263;0.1320;250.2672;-0.7481;0.7363;370.7751;270.0;270.0;270.0;177.4
224.0;3.8764;3.8718;1.0948;0.0989;267;257;-0.0440;250.2672;-0.7176;0.7802;372.3743;270.0;270.0;270.0;177.1
224.5;3.8690;3.8677;0.8530;0.0797;273;249;-0.0342;250.2672;-0.6947;0.8022;374.7731;270.0;270.0;270.0;177.9
225.0;3.8608;3.8640;1.1456;0.0591;279;243;-0.0440;250.2672;-0.6718;0.8241;376.3723;270.0;270.0;270.0;178.7
225.5;3.8521;3.8599;0.8214;0.0591;265;257;0.0440;250.2672;-0.6412;0.8461;377.9715;270.0;270.0;270.0;178.9
226.0;3.8429;3.8558;1.3516;0.0591;279;245;0.0244;250.2672;-0.6107;0.8901;380.3704;270.0;270.0;270.0;178.4
226.5;3.8352;3.8512;1.2143;0.0591;275;247;-0.0440;250.2672;-0.5802;0.9340;381.9696;270.0;270.0;270.0;178.7
227.0;3.8109;3.8466;1.5810;0.0591;277;247;-0.0635;250.2672;-0.5496;0.9780;383.5688;270.0;270.0;270.0;178.4
227.5;3.7908;3.8420;1.3668;0.0591;281;261;-0.0538;250.2672;-0.5191;1.0219;385.9677;270.0;270.0;270.0;178.7
228.0;3.7752;3.8375;1.1951;0.0591;283;269;-0.0440;250.2672;-0.4809;1.0439;387.5669;270.0;270.0;270.0;178.7
228.5;3.7628;3.8324;0.8997;0.0398;286;271;-0.1222;250.2672;-0.4504;1.0659;389.1661;270.0;270.0;270.0;179.7
229.0;3.7532;3.8269;1.1332;0.0398;290;271;-0.2102;250.2672;-0.4122;1.1098;391.5649;270.0;270.0;270.0;180.0
229.5;3.7459;3.8219;1.4038;0.0398;300;265;-0.2199;250.2672;-0.3740;1.1538;393.1641;270.0;270.0;270.0;180.0
230.0;3.7386;3.8164;1.0838;0.0192;298;263;-0.2102;250.2672;-0.3359;1.1757;394.7633;270.0;270.0;270.0;180.8
230.5;3.7335;3.8109;1.3187;0.0192;298;261;-0.1320;250.2672;-0.2901;1.2197;397.1622;270.0;270.0;270.0;180.8
231.0;3.7294;3.8049;0.9025;0.0192;288;269;-0.2004;250.2672;-0.2519;1.2417;398.7614;270.0;270.0;270.0;181.1
231.5;3.7262;3.7990;1.1621;0.0000;298;253;-0.1222;250.2672;-0.2061;1.2636;401.1602;270.0;270.0;270.0;181.8
232.0;3.7225;3.7930;1.2102;0.0000;290;253;-0.1320;250.2672;-0.1603;1.3076;402.7594;270.0;270.0;270.0;181.6
232.5;3.7198;3.7866;1.2225;0.0192;281;255;0.0342;250.2672;-0.1145;1.3515;405.1583;270.0;270.0;270.0;180.8
233.0;3.7184;3.7802;0.9794;0.0192;275;251;0.0440;250.2672;-0.0687;1.3735;406.7575;269.2;270.0;270.0;180.8
233.5;3.7161;3.7738;0.6044;0.0192;263;255;-0.0244;250.2672;-0.0229;1.3955;409.1563;249.7;270.0;270.0;180.8
234.0;3.7138;3.7669;0.8159;0.0192;263;243;0.0440;250.2672;0.0305;1.4174;410.7556;236.2;270.0;270.0;180.8
234.5;3.7106;3.7601;0.5000;0.0192;249;247;0.0635;250.2672;0.0763;1.4174;413.1544;223.0;270.0;270.0;180.5
235.0;3.7083;3.7532;0.7953;0.0591;239;249;0.0440;250.2672;0.1298;1.4614;414.7536;210.9;270.0;270.0;178.4
235.5;3.7056;3.7459;0.4093;0.0989;226;253;0.0635;250.2672;0.1756;1.4614;416.3528;202.4;270.0;270.0;176.8
236.0;3.7024;3.7386;0.6786;0.1593;220;251;0.0538;250.2672;0.2214;1.4834;418.7516;195.6;270.0;270.0;174.2
236.5;3.6983;3.7312;0.3256;0.1992;210;249;0.2297;250.2672;0.2748;1.4834;420.3509;191.1;270.0;270.0;171.6
237.0;3.6941;3.7234;0.3242;0.2596;198;253;0.1417;250.2672;0.3206;1.5053;421.9501;188.4;270.0;270.0;168.9
237.5;3.6891;3.7157;0.3997;0.2995;200;243;0.1417;250.2672;0.3740;1.5053;424.3489;186.6;270.0;270.0;165.5
238.0;3.6832;3.7074;0.4753;0.3393;196;239;0.1417;250.2672;0.4198;1.5273;425.9481;184.5;270.0;270.0;164.2
238.5;3.6767;3.6996;0.3887;0.3791;191;238;0.0635;250.2672;0.4733;1.5273;428.3470;184.0;270.0;270.0;162.8
239.0;3.6694;3.6914;0.2404;0.3997;189;234;0.1515;250.2672;0.5267;1.5493;429.9462;184.2;270.0;270.0;162.1
239.5;3.6612;3.6827;0.4519;0.3997;196;218;0.1417;250.2672;0.5725;1.5493;431.5454;185.5;270.0;270.0;161.8
240.0;3.6534;3.6740;0.3585;0.3599;204;206;0.1417;250.2672;0.6260;1.5713;433.9442;186.9;270.0;270.0;164.2
240.5;3.6451;3.6653;0.7747;0.2788;226;179;-0.0342;250.2672;0.6718;1.5932;435.5435;187.9;270.0;270.0;167.9
241.0;3.6369;3.6566;0.7074;0.2198;214;181;0.0538;250.2672;0.7252;1.6152;437.1427;189.5;270.0;270.0;170.8
241.5;3.6277;3.6474;0.6497;0.1593;212;179;0.0538;250.2672;0.7786;1.6372;438.7419;191.3;270.0;270.0;173.1
242.0;3.6186;3.6383;0.6621;0.1195;206;181;-0.0244;250.2672;0.8321;1.6372;441.1407;191.9;270.0;270.0;175.8
242.5;3.6108;3.6287;0.7500;0.0591;212;167;0.0538;250.2672;0.8855;1.6592;442.7399;193.2;270.0;270.0;178.4
243.0;3.6030;3.6195;1.2143;0.0192;214;157;0.1124;250.2672;0.9389;1.7031;444.3391;193.5;270.0;270.0;180.5
243.5;3.5934;3.6094;1.3091;0.0000;208;157;0.0342;250.2672;0.9924;1.7471;445.9384;191.3;270.0;270.0;182.4
244.0;3.5838;3.5998;1.5220;-0.0412;218;144;-0.0635;250.2672;1.0458;1.7910;448.3372;191.1;270.0;270.0;185.3
244.5;3.5728;3.5897;1.0179;-0.0604;198;155;-0.0440;250.2672;1.1069;1.8130;449.9364;192.1;270.0;270.0;185.8
245.0;3.5627;3.5797;1.2555;-0.0604;195;153;-0.0440;250.2672;1.1603;1.8569;451.5356;190.8;270.0;270.0;185.8
245.5;3.5513;3.5691;0.7802;-0.0412;175;167;0.0538;250.2672;1.2214;1.8789;453.1349;191.3;270.0;270.0;186.3
246.0;3.5394;3.5591;1.0962;-0.0508;189;150;-0.0440;250.2672;1.2748;1.9009;454.7341;193.2;270.0;270.0;187.4
246.5;3.5266;3.5481;1.0769;-0.0508;183;150;0.0342;250.2672;1.3359;1.9448;457.1329;192.1;270.0;270.0;187.1
247.0;3.5133;3.5375;0.6429;-0.0508;171;159;0.0538;250.2672;1.3893;1.9448;458.7321;190.3;270.0;270.0;186.1
247.5;3.5000;3.5266;0.6016;-0.0604;173;155;-0.0244;250.2672;1.4504;1.9668;460.3314;189.5;270.0;270.0;186.3
248.0;3.4863;3.5156;0.5000;-0.0701;169;155;0.1417;250.2672;1.5115;1.9888;461.9306;188.4;270.0;270.0;186.3
248.5;3.4725;3.5041;0.9478;-0.0810;179;144;-0.0342;250.2672;1.5725;2.0107;463.5298;188.7;270.0;270.0;186.9
249.0;3.4592;3.4927;0.7541;-0.0907;173;146;-0.0342;250.2672;1.6336;2.0327;465.1290;187.9;270.0;270.0;186.3
249.5;3.4451;3.4812;1.3036;-0.0810;179;136;-0.1320;250.2672;1.6947;2.0767;466.7282;188.7;270.0;270.0;186.6
250.0;3.4313;3.4693;0.9327;-0.0907;177;138;-0.1222;250.2672;1.7557;2.0986;469.1270;187.9;270.0;270.0;187.1
250.5;3.4194;3.4574;1.3846;-0.1003;185;124;-0.2199;250.2672;1.8168;2.1426;470.7263;187.4;270.0;270.0;187.4
251.0;3.4093;3.4455;1.6621;-0.1113;191;114;-0.3079;250.2672;1.8855;2.1865;472.3255;186.6;270.0;270.0;187.4
251.5;3.3997;3.4332;1.8613;-0.1113;189;109;-0.2297;250.2672;1.9542;2.2305;473.9247;186.9;270.0;270.0;187.7
252.0;3.3910;3.4212;1.7294;-0.1209;185;103;-0.1417;250.2672;2.0305;2.2964;476.3235;186.3;270.0;270.0;187.4
252.5;3.3819;3.4084;1.1030;-0.1113;161;118;-0.1222;250.2672;2.0992;2.3184;477.9228;186.3;270.0;270.0;187.4
253.0;3.3727;3.3961;0.7445;-0.1305;159;116;-0.1124;250.2672;2.1679;2.3404;479.5220;186.1;270.0;270.0;188.4
253.5;3.3636;3.3837;0.2871;-0.1003;132;138;-0.0929;250.2672;2.2443;2.3404;481.1212;188.4;270.0;270.0;188.7
254.0;3.3553;3.3709;0.3832;-0.1003;140;124;-0.1026;250.2672;2.3130;2.3623;482.7204;188.7;270.0;270.0;189.0
254.5;3.3471;3.3585;-0.1415;-0.1113;128;132;0.0831;250.2672;2.3893;2.3623;485.1193;187.9;270.0;270.0;189.2
255.0;3.3393;3.3462;0.2500;-0.1305;138;114;-0.0147;250.2672;2.4580;2.3623;486.7185;186.3;270.0;270.0;188.7
255.5;3.3301;3.3333;-0.0371;-0.1305;122;124;-0.0831;250.2672;2.5344;2.3623;488.3177;186.6;270.0;270.0;189.5
256.0;3.3214;3.3210;0.2308;-0.1209;122;116;-0.0147;250.2672;2.6031;2.3623;489.9169;187.1;270.0;270.0;188.4
256.5;3.3123;3.3086;0.5357;-0.1209;128;105;0.0538;250.2672;2.6794;2.3843;491.5161;186.9;270.0;270.0;188.4
257.0;3.3022;3.2962;0.6113;-0.1209;126;101;0.0538;250.2672;2.7481;2.4063;493.1154;186.6;270.0;270.0;188.7
257.5;3.2926;3.2834;0.5756;-0.1209;122;101;0.0538;250.2672;2.8244;2.4063;495.5142;187.4;270.0;270.0;189.5
258.0;3.2830;3.2711;0.0179;-0.1113;105;114;0.1613;250.2672;2.8931;2.4282;497.1134;187.4;270.0;270.0;189.0
258.5;3.2720;3.2587;0.2280;-0.1113;109;105;0.1515;250.2672;2.9618;2.4282;498.7126;187.4;270.0;270.0;188.4
259.0;3.2619;3.2459;-0.1992;-0.1305;103;107;0.0831;250.2672;3.0382;2.4282;500.3118;186.9;270.0;270.0;189.5
259.5;3.2509;3.2335;0.2473;-0.1511;112;95;0.0635;250.2672;3.1069;2.4282;501.9110;186.3;270.0;270.0;190.3
260.0;3.2390;3.2212;-0.0577;-0.1305;91;110;0.1613;250.2672;3.1756;2.4282;503.5103;187.9;270.0;270.0;190.3
260.5;3.2280;3.2083;0.3036;-0.1305;103;97;0.0635;250.2672;3.2443;2.4282;505.1095;186.9;270.0;270.0;189.8
261.0;3.2157;3.1960;-0.0137;-0.1511;101;97;0.0733;250.2672;3.3130;2.4282;506.7087;185.0;270.0;270.0;189.5
261.5;3.2028;3.1836;-0.1195;-0.1607;95;99;0.1613;250.2672;3.3817;2.4282;508.3079;184.0;270.0;270.0;189.5
262.0;3.1891;3.1712;0.1992;-0.1401;93;101;-0.0147;250.2672;3.4504;2.4282;509.9072;186.1;270.0;270.0;189.8
262.5;3.1745;3.1584;0.1758;-0.1511;101;91;0.0733;250.2672;3.5115;2.4502;511.5064;184.5;270.0;270.0;189.5
263.0;3.1598;3.1461;0.3063;-0.1401;97;93;-0.0147;250.2672;3.5802;2.4502;513.1056;186.3;270.0;270.0;189.5
263.5;3.1461;3.1337;-0.2266;-0.1305;85;107;0.0049;250.2672;3.6489;2.4502;514.7048;185.3;270.0;270.0;189.2
264.0;3.1328;3.1209;0.0838;-0.1401;99;93;-0.0049;250.2672;3.7099;2.4502;516.3040;184.8;270.0;270.0;189.0
264.5;3.1195;3.1085;-0.3791;-0.1305;81;107;0.0929;250.2672;3.7786;2.4282;517.9033;186.1;270.0;270.0;189.0
265.0;3.1058;3.0962;0.1154;-0.1401;97;91;-0.0049;250.2672;3.8473;2.4282;519.5024;185.5;270.0;270.0;189.8
265.5;3.0925;3.0833;0.1168;-0.1607;101;87;0.0733;250.2672;3.9084;2.4502;521.1017;185.0;270.0;270.0;190.3
266.0;3.0792;3.0710;0.0810;-0.1305;83;101;-0.0049;250.2672;3.9771;2.4502;521.9013;186.9;270.0;270.0;190.3
266.5;3.0655;3.0586;0.0577;-0.1607;101;83;0.0733;250.2672;4.0382;2.4502;523.5005;185.0;270.0;270.0;190.8
267.0;3.0522;3.0462;0.1580;-0.1511;91;91;-0.0147;250.2672;4.1069;2.4502;525.0997;185.3;270.0;270.0;190.6
267.5;3.0389;3.0334;0.5481;-0.1607;105;75;-0.0244;250.2672;4.1679;2.4722;526.6990;184.5;270.0;270.0;190.3
268.0;3.0247;3.0211;0.5481;-0.1909;110;67;-0.0244;250.2672;4.2366;2.4722;528.2982;183.2;270.0;270.0;191.3
268.5;3.0096;3.0087;0.9011;-0.1703;105;73;-0.0342;250.2672;4.2977;2.4942;529.8974;184.0;270.0;270.0;190.8
269.0;2.9945;2.9959;0.5756;-0.1813;107;73;-0.0244;250.2672;4.3588;2.5161;530.6970;184.0;270.0;270.0;191.9
269.5;2.9789;2.9835;0.7363;-0.2005;112;67;0.0538;250.2672;4.4198;2.5381;532.2962;183.2;270.0;270.0;192.4
270.0;2.9643;2.9712;0.5879;-0.2102;107;73;0.0538;250.2672;4.4886;2.5601;533.8954;182.4;270.0;270.0;193.5
270.5;2.9492;2.9583;0.6923;-0.2005;105;77;0.0538;250.2672;4.5496;2.5821;535.4947;184.0;270.0;270.0;193.5
271.0;2.9341;2.9460;0.7706;-0.2005;109;73;0.0538;250.2672;4.6107;2.6040;537.0939;182.4;270.0;270.0;192.4
271.5;2.9190;2.9336;0.6140;-0.2005;105;77;-0.0244;250.2672;4.6794;2.6260;537.8935;182.9;270.0;270.0;193.5
272.0;2.9048;2.9212;0.6387;-0.2102;110;73;-0.0244;250.2672;4.7481;2.6480;539.4927;183.2;270.0;270.0;193.5
272.5;2.8897;2.9084;0.5879;-0.2212;109;75;-0.0244;250.2672;4.8092;2.6480;541.0919;182.1;270.0;270.0;193.7
273.0;2.8741;2.8961;0.8599;-0.2102;110;75;0.0440;250.2672;4.8702;2.6700;542.6912;182.6;270.0;270.0;193.7
273.5;2.8585;2.8837;0.5852;-0.2102;107;79;0.0538;250.2672;4.9389;2.6919;543.4908;183.2;270.0;270.0;193.5
274.0;2.8425;2.8709;0.8777;-0.2404;124;64;-0.1124;250.2672;5.0000;2.7139;545.0900;181.1;270.0;270.0;194.5
274.5;2.8274;2.8585;0.6552;-0.2308;109;81;-0.0244;250.2672;5.0687;2.7359;546.6892;181.8;270.0;270.0;195.0
275.0;2.8123;2.8462;0.8091;-0.2308;116;75;-0.1124;250.2672;5.1298;2.7579;547.4888;181.6;270.0;270.0;195.0
275.5;2.7972;2.8333;0.9753;-0.2404;124;67;-0.2004;250.2672;5.1985;2.7798;549.0880;182.1;270.0;270.0;196.1
276.0;2.7830;2.8210;0.9931;-0.2404;122;69;-0.1222;250.2672;5.2672;2.8238;550.6873;181.1;270.0;270.0;195.0
276.5;2.7688;2.8086;0.7981;-0.2404;118;73;-0.1906;250.2672;5.3359;2.8458;552.2865;180.5;270.0;270.0;194.5
277.0;2.7555;2.7962;0.4341;-0.2500;114;79;-0.1026;250.2672;5.4046;2.8458;553.0861;179.7;270.0;270.0;194.5
277.5;2.7427;2.7834;0.1264;-0.2500;105;89;-0.1711;250.2672;5.4733;2.8677;554.6853;179.7;270.0;270.0;194.8
278.0;2.7312;2.7711;-0.0563;-0.2610;105;87;-0.1613;250.2672;5.5496;2.8458;556.2845;179.5;270.0;270.0;195.8
278.5;2.7202;2.7587;0.0989;-0.2500;99;89;-0.0929;250.2672;5.6183;2.8677;557.8837;181.1;270.0;270.0;195.8
279.0;2.7102;2.7459;-0.2871;-0.2404;89;97;-0.0733;250.2672;5.6870;2.8458;558.6833;182.9;270.0;270.0;196.4
279.5;2.6992;2.7335;-0.1484;-0.2404;95;87;-0.1613;250.2672;5.7557;2.8458;560.2826;182.1;270.0;270.0;196.1
280.0;2.6886;2.7212;-0.2967;-0.2500;93;85;-0.0733;250.2672;5.8244;2.8458;561.8818;181.1;270.0;270.0;195.8
280.5;2.6786;2.7083;-0.1195;-0.2610;95;79;-0.0049;250.2672;5.9008;2.8458;563.4810;180.0;270.0;270.0;196.1
281.0;2.6680;2.6960;-0.0797;-0.2500;87;83;-0.0049;250.2672;5.9618;2.8238;564.2806;181.3;270.0;270.0;197.2
281.5;2.6571;2.6836;0.2761;-0.2706;103;64;-0.0147;250.2672;6.0305;2.8458;565.8798;179.7;270.0;270.0;196.4
282.0;2.6470;2.6712;0.1236;-0.2706;93;71;-0.0049;250.2672;6.0992;2.8458;567.4791;180.5;270.0;270.0;197.2
282.5;2.6364;2.6584;-0.0398;-0.2610;81;75;0.0733;250.2672;6.1679;2.8458;568.2787;179.2;270.0;270.0;196.1
283.0;2.6255;2.6461;0.2253;-0.2610;89;65;-0.0147;250.2672;6.2290;2.8458;569.8779;179.2;270.0;270.0;195.8
283.5;2.6136;2.6337;0.0481;-0.2706;87;65;0.0733;250.2672;6.2977;2.8458;571.4771;178.9;270.0;270.0;195.8
284.0;2.6016;2.6209;0.3187;-0.2912;95;56;-0.0147;250.2672;6.3588;2.8677;572.2767;178.9;270.0;270.0;198.2
284.5;2.5879;2.6085;0.0426;-0.2802;77;69;0.0733;250.2672;6.4198;2.8677;573.8759;179.7;270.0;270.0;197.7
285.0;2.5746;2.5962;0.1799;-0.2610;77;69;0.0733;250.2672;6.4886;2.8677;574.6755;180.3;270.0;270.0;196.4
285.5;2.5618;2.5833;-0.0810;-0.2802;81;64;0.0831;250.2672;6.5496;2.8677;576.2748;178.7;270.0;270.0;196.6
286.0;2.5490;2.5710;-0.0124;-0.2802;77;67;0.1613;250.2672;6.6183;2.8677;577.8740;179.2;270.0;270.0;196.4
286.5;2.5353;2.5586;0.0302;-0.2500;67;75;0.1613;250.2672;6.6794;2.8677;578.6736;180.3;270.0;270.0;195.8
287.0;2.5224;2.5462;0.0714;-0.2706;81;60;0.0733;250.2672;6.7405;2.8677;580.2728;180.0;270.0;270.0;196.9
287.5;2.5096;2.5334;0.0577;-0.2500;69;71;0.1515;250.2672;6.8015;2.8677;581.0724;179.2;270.0;270.0;195.0
288.0;2.4968;2.5211;-0.3448;-0.2500;64;73;0.0929;250.2672;6.8702;2.8677;582.6716;179.7;270.0;270.0;194.5
288.5;2.4840;2.5087;-0.1525;-0.2610;71;65;0.0831;250.2672;6.9313;2.8458;584.2709;177.9;270.0;270.0;193.5
289.0;2.4702;2.4959;-0.3915;-0.2404;56;79;0.0929;250.2672;6.9924;2.8458;585.0705;178.4;270.0;270.0;192.9
289.5;2.4574;2.4835;-0.2816;-0.2212;58;77;0.0831;250.2672;7.0534;2.8458;586.6697;177.6;270.0;270.0;190.8
290.0;2.4437;2.4712;-0.3750;-0.2212;60;71;0.0929;250.2672;7.1145;2.8238;587.4693;177.6;270.0;270.0;190.0
290.5;2.4295;2.4583;-0.5041;-0.2102;54;77;0.0147;250.2672;7.1679;2.8018;589.0685;176.6;270.0;270.0;188.2
291.0;2.4148;2.4460;-0.5907;-0.2102;56;75;0.0929;250.2672;7.2290;2.8018;589.8681;176.3;270.0;270.0;187.7
291.5;2.3997;2.4336;-0.4602;-0.2102;60;73;0.0929;250.2672;7.2901;2.7798;591.4673;175.5;270.0;270.0;186.6
292.0;2.3846;2.4212;-0.2239;-0.2005;62;71;0.0049;250.2672;7.3435;2.7798;592.2670;173.7;270.0;270.0;184.2
292.5;2.3700;2.4084;-0.3475;-0.1909;60;75;0.0049;250.2672;7.3969;2.7579;593.0666;173.7;270.0;270.0;182.6
293.0;2.3549;2.3961;-0.0701;-0.2102;75;60;-0.0049;250.2672;7.4504;2.7579;594.6658;172.1;270.0;270.0;181.8
293.5;2.3402;2.3837;-0.2473;-0.2308;71;64;0.1711;250.2672;7.5038;2.7579;595.4654;170.2;270.0;270.0;181.6
294.0;2.3251;2.3709;0.0316;-0.2404;75;60;-0.0049;250.2672;7.5649;2.7579;597.0646;167.9;270.0;270.0;180.0
294.5;2.3104;2.3585;-0.0316;-0.2404;71;65;-0.0049;250.2672;7.6183;2.7579;597.8643;167.3;270.0;270.0;179.5
295.0;2.2967;2.3462;0.2088;-0.2610;83;54;-0.0929;250.2672;7.6718;2.7579;599.4634;165.0;270.0;270.0;179.7
295.5;2.2816;2.3333;0.3709;-0.2706;85;52;-0.1026;250.2672;7.7252;2.7798;600.2631;164.4;270.0;270.0;180.3
296.0;2.2669;2.3210;0.3132;-0.2802;85;54;-0.0929;250.2672;7.7786;2.7798;601.0627;163.6;270.0;270.0;181.1
296.5;2.2527;2.3086;0.1882;-0.2912;81;56;0.0733;250.2672;7.8397;2.7798;602.6619;162.8;270.0;270.0;181.1
297.0;2.2381;2.2962;0.2253;-0.3201;91;50;-0.0147;250.2672;7.8931;2.8018;603.4615;160.5;270.0;270.0;181.8
297.5;2.2234;2.2834;0.5165;-0.3310;91;48;-0.0244;250.2672;7.9466;2.8018;605.0607;160.2;270.0;270.0;183.4
298.0;2.2088;2.2711;0.1964;-0.3407;85;56;-0.0147;250.2672;8.0000;2.8238;605.8604;160.5;270.0;270.0;184.5
298.5;2.1941;2.2587;0.2967;-0.3613;91;50;-0.0147;250.2672;8.0534;2.8238;606.6599;159.9;270.0;270.0;186.3
299.0;2.1786;2.2459;0.0165;-0.3901;89;54;-0.0049;250.2672;8.0992;2.8238;607.4595;159.7;270.0;270.0;189.0
299.5;2.1635;2.2335;0.0440;-0.4203;91;52;-0.0049;250.2672;8.1527;2.8238;609.0588;158.9;270.0;270.0;190.6
300.0;2.1484;2.2212;0.1181;-0.4409;91;54;-0.0049;250.2672;8.2061;2.8238;609.8584;157.8;270.0;270.0;191.3
300.5;2.1323;2.2083;0.1538;-0.4505;91;56;-0.0147;250.2672;8.2519;2.8238;610.6580;158.1;270.0;270.0;192.7
301.0;2.1168;2.1960;0.0522;-0.4602;89;58;-0.0929;250.2672;8.3053;2.8238;612.2572;160.5;270.0;270.0;194.5
301.5;2.1021;2.1836;-0.1676;-0.4409;75;71;0.0831;250.2672;8.3588;2.8238;613.0568;161.3;270.0;270.0;195.8
302.0;2.0870;2.1712;-0.2431;-0.4409;79;69;0.0049;250.2672;8.4046;2.8238;613.8564;163.1;270.0;270.0;196.6
302.5;2.0728;2.1584;-0.4560;-0.4409;75;73;-0.0733;250.2672;8.4504;2.8018;614.6560;163.1;270.0;270.0;196.9
303.0;2.0591;2.1461;-0.1126;-0.4409;83;65;-0.0049;250.2672;8.5038;2.8018;616.2552;163.6;270.0;270.0;198.2
303.5;2.0462;2.1337;-0.3764;-0.4313;75;75;-0.0733;250.2672;8.5573;2.8018;617.0549;166.0;270.0;270.0;198.5
304.0;2.0330;2.1209;-0.2074;-0.4203;77;71;0.0049;250.2672;8.6031;2.7798;617.8545;167.3;270.0;270.0;199.3
304.5;2.0197;2.1085;-0.4451;-0.4203;75;73;0.0147;250.2672;8.6489;2.7798;618.6541;167.9;270.0;270.0;199.5
305.0;2.0064;2.0962;-0.3214;-0.4011;71;75;0.0049;250.2672;8.6947;2.7579;620.2533;169.2;270.0;270.0;199.3
305.5;1.9927;2.0833;-0.1016;-0.3901;79;69;-0.0049;250.2672;8.7481;2.7579;621.0529;169.4;270.0;270.0;200.1
306.0;1.9794;2.0710;0.1525;-0.3805;85;64;-0.0147;250.2672;8.7939;2.7579;621.8525;171.3;270.0;270.0;199.8
306.5;1.9661;2.0586;0.1703;-0.3805;89;60;-0.0147;250.2672;8.8397;2.7798;622.6522;172.1;270.0;270.0;199.8
307.0;1.9528;2.0462;-0.0701;-0.3310;67;79;-0.0831;250.2672;8.8855;2.7798;623.4517;175.5;270.0;270.0;199.3
307.5;1.9400;2.0334;0.2500;-0.3407;91;56;-0.0147;250.2672;8.9313;2.7798;625.0510;174.5;270.0;270.0;199.3
308.0;1.9272;2.0211;-0.0426;-0.3407;81;64;-0.0831;250.2672;8.9771;2.7798;625.8506;175.8;270.0;270.0;199.3
308.5;1.9148;2.0087;0.2486;-0.3310;85;60;-0.0929;250.2672;9.0305;2.7798;626.6502;176.0;270.0;270.0;199.3
309.0;1.9029;1.9959;-0.0027;-0.3310;81;62;-0.0049;250.2672;9.0763;2.7798;627.4498;176.0;270.0;270.0;199.3
309.5;1.8915;1.9835;0.1758;-0.3201;81;60;-0.0147;250.2672;9.1221;2.7798;629.0490;176.8;270.0;270.0;199.3
310.0;1.8796;1.9712;-0.1250;-0.3201;75;64;-0.0049;250.2672;9.1679;2.7798;629.8486;177.6;270.0;270.0;199.5
310.5;1.8690;1.9583;-0.1456;-0.3201;75;62;-0.1613;250.2672;9.2214;2.7798;630.6483;176.3;270.0;270.0;198.7
311.0;1.8585;1.9460;0.0082;-0.3201;77;56;-0.0831;250.2672;9.2672;2.7798;631.4478;176.8;270.0;270.0;198.7
311.5;1.8480;1.9336;0.0728;-0.3201;77;54;-0.0929;250.2672;9.3130;2.7798;632.2474;176.8;270.0;270.0;198.5
312.0;1.8375;1.9212;0.2624;-0.3201;79;46;-0.0929;250.2672;9.3588;2.8018;633.8467;176.8;270.0;270.0;198.5
312.5;1.8278;1.9084;-0.1236;-0.3104;65;56;-0.0831;250.2672;9.4122;2.7798;634.6463;177.1;270.0;270.0;198.2
313.0;1.8178;1.8961;0.1511;-0.3104;73;44;-0.1711;250.2672;9.4580;2.8018;635.4459;177.4;270.0;270.0;198.5
313.5;1.8077;1.8837;-0.1909;-0.3104;64;50;-0.0831;250.2672;9.5038;2.7798;636.2455;177.6;270.0;270.0;198.5
314.0;1.7976;1.8709;-0.1429;-0.3201;65;44;-0.0831;250.2672;9.5496;2.7798;637.0451;177.1;270.0;270.0;198.5
314.5;1.7880;1.8585;-0.3132;-0.3201;58;48;0.0049;250.2672;9.5954;2.7798;638.6443;177.1;270.0;270.0;198.5
315.0;1.7793;1.8462;-0.6401;-0.3201;48;54;-0.0635;250.2672;9.6412;2.7579;639.4439;177.1;270.0;270.0;198.7
315.5;1.7706;1.8333;-0.8310;-0.3008;34;62;-0.0538;250.2672;9.6870;2.7359;640.2435;178.7;270.0;270.0;198.7
316.0;1.7614;1.8210;-0.7775;-0.3104;44;48;-0.0635;250.2672;9.7328;2.7139;641.0432;179.2;270.0;270.0;199.5
316.5;1.7532;1.8086;-0.5206;-0.3104;44;44;0.0147;250.2672;9.7786;2.6919;641.8428;179.5;270.0;270.0;200.3
317.0;1.7440;1.7962;-0.5714;-0.3310;46;34;0.0147;250.2672;9.8244;2.6700;643.4420;177.9;270.0;270.0;200.3
317.5;1.7340;1.7834;-0.1456;-0.2912;34;40;-0.0831;250.2672;9.8626;2.6700;644.2416;179.5;270.0;270.0;199.3
318.0;1.7230;1.7711;-0.3462;-0.3104;44;26;0.0049;250.2672;9.9008;2.6700;645.0412;178.2;270.0;270.0;198.5
318.5;1.7125;1.7587;-0.0865;-0.3008;38;28;0.0831;250.2672;9.9466;2.6700;645.8408;177.9;270.0;270.0;198.2
319.0;1.7024;1.7459;-0.1964;-0.2912;34;28;0.0049;250.2672;9.9847;2.6480;646.6404;178.4;270.0;270.0;197.9
319.5;1.6923;1.7335;-0.0632;-0.2912;38;21;-0.0049;250.2672;10.0305;2.6480;647.4401;178.4;270.0;270.0;197.9
320.0;1.6827;1.7212;-0.1305;-0.2912;34;21;-0.0049;250.2672;10.0687;2.6480;648.2396;178.4;270.0;270.0;197.9
320.5;1.6722;1.7083;-0.3874;-0.2912;26;24;0.0049;250.2672;10.1069;2.6480;649.0392;178.7;270.0;270.0;197.9
321.0;1.6612;1.6960;-0.4780;-0.3008;24;21;-0.0733;250.2672;10.1450;2.6260;649.8389;177.9;270.0;270.0;197.9
321.5;1.6493;1.6836;-0.5206;-0.3008;21;22;0.0147;250.2672;10.1832;2.6040;650.6385;177.9;270.0;270.0;197.9
322.0;1.6369;1.6712;-0.1497;-0.3008;26;15;0.0049;250.2672;10.2214;2.6040;651.4381;177.4;270.0;270.0;197.9
322.5;1.6245;1.6584;-0.3448;-0.3104;24;15;0.0049;250.2672;10.2595;2.6040;652.2377;177.9;270.0;270.0;198.5
323.0;1.6108;1.6461;0.0014;-0.3104;28;9;-0.0049;250.2672;10.2901;2.6040;653.0373;178.2;270.0;270.0;198.5
323.5;1.5971;1.6337;-0.1758;-0.3104;22;13;0.0049;250.2672;10.3282;2.5821;653.8369;178.4;270.0;270.0;199.0
324.0;1.5842;1.6209;-0.1264;-0.3008;21;15;0.0831;250.2672;10.3588;2.5821;654.6365;178.4;270.0;270.0;198.5
324.5;1.5723;1.6085;0.0604;-0.3104;28;3;-0.0049;250.2672;10.3969;2.5821;655.4362;177.6;270.0;270.0;198.5
325.0;1.5591;1.5962;0.1470;-0.3008;24;7;0.0733;250.2672;10.4351;2.6040;656.2357;177.9;270.0;270.0;198.2
325.5;1.5462;1.5833;0.0398;-0.2912;21;9;0.0733;250.2672;10.4656;2.6040;657.0353;178.4;270.0;270.0;198.2
326.0;1.5334;1.5710;-0.2239;-0.3008;19;9;0.1613;250.2672;10.5038;2.5821;657.8350;178.2;270.0;270.0;197.9
326.5;1.5206;1.5586;-0.2115;-0.3008;17;11;0.0049;250.2672;10.5344;2.5821;658.6346;177.9;270.0;270.0;198.2
327.0;1.5069;1.5462;-0.4107;-0.3008;11;15;0.0929;250.2672;10.5649;2.5601;659.4342;177.9;270.0;270.0;198.2
327.5;1.4927;1.5334;-0.1168;-0.3008;17;7;-0.0049;250.2672;10.6031;2.5601;660.2338;178.2;270.0;270.0;198.2
328.0;1.4794;1.5211;-0.3846;-0.3008;11;13;0.0929;250.2672;10.6336;2.5601;661.0334;178.4;270.0;270.0;200.1
328.5;1.4675;1.5087;-0.1951;-0.3104;17;5;0.0049;250.2672;10.6641;2.5601;661.8330;178.9;270.0;270.0;199.8
329.0;1.4547;1.4959;-0.3118;-0.3008;9;13;0.1711;250.2672;10.7023;2.5381;662.6326;178.4;270.0;270.0;199.0
329.5;1.4414;1.4835;-0.2802;-0.3008;13;11;0.0831;250.2672;10.7328;2.5381;662.6326;178.7;270.0;270.0;198.7
330.0;1.4290;1.4716;-0.0247;-0.3008;19;7;-0.0049;250.2672;10.7634;2.5381;663.4323;178.7;270.0;270.0;198.7
330.5;1.4167;1.4592;0.1291;-0.3008;24;5;0.0733;250.2672;10.7939;2.5381;664.2318;178.4;270.0;270.0;198.5
331.0;1.4043;1.4478;0.0975;-0.3008;24;7;0.0733;250.2672;10.8244;2.5381;665.0314;178.7;270.0;270.0;198.7
331.5;1.3924;1.4359;-0.1044;-0.3104;24;9;0.0831;250.2672;10.8550;2.5381;665.8311;177.9;270.0;270.0;198.7
332.0;1.3800;1.4245;0.0728;-0.3104;26;9;-0.0049;250.2672;10.8855;2.5381;666.6307;178.7;270.0;270.0;199.3
332.5;1.3686;1.4130;-0.2019;-0.3104;22;17;0.0049;250.2672;10.9160;2.5381;667.4303;178.2;270.0;270.0;199.0
333.0;1.3567;1.4016;0.0426;-0.3008;24;15;0.0733;250.2672;10.9466;2.5381;667.4303;178.4;270.0;270.0;199.0
333.5;1.3448;1.3906;-0.1346;-0.3104;28;15;-0.0831;250.2672;10.9771;2.5381;668.2299;177.6;270.0;270.0;198.7
334.0;1.3320;1.3796;0.0082;-0.3104;30;15;0.0733;250.2672;11.0000;2.5381;669.0295;178.9;270.0;270.0;199.3
334.5;1.3196;1.3690;-0.1690;-0.3104;28;21;-0.0831;250.2672;11.0305;2.5161;669.8291;177.9;270.0;270.0;199.3
335.0;1.3068;1.3581;-0.2033;-0.3104;30;22;0.0831;250.2672;11.0611;2.5161;670.6287;177.6;270.0;270.0;199.0
335.5;1.2944;1.3475;-0.0398;-0.3104;36;21;-0.0831;250.2672;11.0840;2.5161;670.6287;178.7;270.0;270.0;199.5
336.0;1.2816;1.3375;-0.0426;-0.3201;42;19;-0.0831;250.2672;11.1145;2.5161;671.4283;177.9;270.0;270.0;199.8
336.5;1.2692;1.3274;0.0797;-0.3201;44;22;0.0733;250.2672;11.1374;2.5161;672.2280;178.2;270.0;270.0;199.3
337.0;1.2578;1.3173;-0.2225;-0.3104;36;34;0.0049;250.2672;11.1679;2.5161;673.0275;178.4;270.0;270.0;199.8
337.5;1.2459;1.3072;0.0192;-0.3201;50;24;-0.0049;250.2672;11.1908;2.5161;673.8271;178.2;270.0;270.0;200.1
338.0;1.2358;1.2976;-0.2033;-0.3201;44;34;0.0049;250.2672;11.2214;2.5161;673.8271;177.9;270.0;270.0;199.5
338.5;1.2248;1.2880;0.0426;-0.3201;52;30;-0.0049;250.2672;11.2443;2.5161;674.6268;177.9;270.0;270.0;199.3
339.0;1.2138;1.2788;0.1044;-0.3104;52;34;-0.0049;250.2672;11.2748;2.5161;675.4264;178.4;270.0;270.0;200.1
339.5;1.2028;1.2697;-0.0838;-0.3104;52;36;-0.0049;250.2672;11.2977;2.5161;676.2260;178.4;270.0;270.0;200.1
340.0;1.1923;1.2605;-0.1168;-0.3104;54;40;-0.0049;250.2672;11.3282;2.5161;676.2260;178.4;270.0;270.0;200.1
340.5;1.1822;1.2518;-0.1071;-0.3201;60;38;-0.0049;250.2672;11.3511;2.4942;677.0256;178.7;270.0;270.0;200.8
341.0;1.1722;1.2427;0.0975;-0.3104;60;42;-0.0929;250.2672;11.3740;2.5161;677.8252;179.2;270.0;270.0;200.6
341.5;1.1621;1.2344;-0.0852;-0.3104;62;46;-0.0049;250.2672;11.4046;2.4942;677.8252;179.2;270.0;270.0;200.1
342.0;1.1529;1.2257;0.1758;-0.3201;71;38;-0.0147;250.2672;11.4275;2.5161;678.6248;177.6;270.0;270.0;200.1
342.5;1.1442;1.2175;-0.1374;-0.3104;62;54;-0.0049;250.2672;11.4504;2.4942;679.4244;178.9;270.0;270.0;199.5
343.0;1.1355;1.2092;-0.0536;-0.3104;67;50;-0.0049;250.2672;11.4809;2.4942;680.2241;178.7;270.0;270.0;199.3
343.5;1.1268;1.2015;-0.2445;-0.3201;67;54;0.0049;250.2672;11.5038;2.4942;680.2241;177.9;270.0;270.0;200.1
344.0;1.1190;1.1937;-0.1758;-0.3201;67;56;0.0049;250.2672;11.5267;2.4942;681.0236;178.2;270.0;270.0;199.3
344.5;1.1108;1.1859;-0.1085;-0.3104;67;58;-0.0831;250.2672;11.5496;2.4942;681.8232;178.4;270.0;270.0;199.3
345.0;1.1026;1.1786;-0.2885;-0.3201;71;58;-0.0733;250.2672;11.5725;2.4722;681.8232;177.1;270.0;270.0;199.3
345.5;1.0939;1.1712;-0.3640;-0.3201;69;64;0.0049;250.2672;11.5954;2.4722;682.6229;177.4;270.0;270.0;199.8
346.0;1.0856;1.1639;-0.4725;-0.3201;69;69;0.0147;250.2672;11.6183;2.4502;683.4225;177.4;270.0;270.0;199.3
346.5;1.0778;1.1571;-0.2088;-0.3201;77;65;0.0831;250.2672;11.6412;2.4502;683.4225;178.4;270.0;270.0;200.1
347.0;1.0714;1.1502;-0.3654;-0.3104;71;73;0.0049;250.2672;11.6641;2.4502;684.2221;179.2;270.0;270.0;199.5
347.5;1.0646;1.1433;-0.1016;-0.3201;85;62;-0.0831;250.2672;11.6870;2.4282;685.0217;177.6;270.0;270.0;199.5
348.0;1.0577;1.1369;-0.2500;-0.3201;79;69;0.0831;250.2672;11.7099;2.4282;685.0217;177.4;270.0;270.0;199.5
348.5;1.0517;1.1305;-0.2184;-0.3201;81;71;0.0049;250.2672;11.7328;2.4282;685.8213;178.4;270.0;270.0;200.6
349.0;1.0458;1.1241;0.0453;-0.3201;89;65;-0.0049;250.2672;11.7557;2.4282;686.6209;178.7;270.0;270.0;200.6
349.5;1.0389;1.1181;0.0673;-0.3310;95;65;-0.0929;250.2672;11.7786;2.4282;686.6209;177.6;270.0;270.0;200.8
350.0;1.0321;1.1122;0.0673;-0.3201;91;71;-0.0049;250.2672;11.8015;2.4282;687.4205;177.6;270.0;270.0;200.1
350.5;1.0256;1.1062;-0.1058;-0.3201;93;75;-0.0831;250.2672;11.8244;2.4282;688.2202;178.4;270.0;270.0;200.8
351.0;1.0192;1.1007;-0.1016;-0.3201;95;77;-0.0049;250.2672;11.8397;2.4282;688.2202;177.9;270.0;270.0;199.3
351.5;1.0133;1.0952;-0.3077;-0.3201;91;83;0.0831;250.2672;11.8626;2.4063;689.0197;176.8;270.0;270.0;199.3
352.0;1.0078;1.0897;-0.1209;-0.3008;91;89;0.0831;250.2672;11.8855;2.4063;689.8193;178.4;270.0;270.0;199.0
352.5;1.0018;1.0847;-0.2720;-0.3104;99;83;0.0049;250.2672;11.9084;2.4063;689.8193;177.9;270.0;270.0;199.0
353.0;0.9968;1.0797;-0.1099;-0.3201;105;81;-0.0831;250.2672;11.9313;2.4063;690.6190;177.6;270.0;270.0;199.8
353.5;0.9927;1.0751;-0.2115;-0.3310;105;87;0.0831;250.2672;11.9542;2.3843;690.6190;176.8;270.0;270.0;199.3
354.0;0.9886;1.0701;-0.2761;-0.3201;95;91;-0.0733;250.2672;11.9771;2.3843;691.4186;177.6;270.0;270.0;199.3
354.5;0.9844;1.0650;-0.0907;-0.3310;107;81;-0.0049;250.2672;11.9924;2.3843;692.2182;177.1;270.0;270.0;200.1
355.0;0.9808;1.0604;-0.0907;-0.3310;105;87;-0.0831;250.2672;12.0153;2.3843;692.2182;177.9;270.0;270.0;200.8
355.5;0.9771;1.0559;-0.0371;-0.3201;105;89;0.0733;250.2672;12.0382;2.3843;693.0178;178.4;270.0;270.0;200.3
356.0;0.9730;1.0513;-0.2225;-0.3104;101;95;0.0049;250.2672;12.0611;2.3623;693.8174;178.7;270.0;270.0;199.8
356.5;0.9698;1.0472;-0.1044;-0.3201;110;87;-0.0831;250.2672;12.0840;2.3623;693.8174;177.9;270.0;270.0;200.1
357.0;0.9666;1.0430;-0.4190;-0.3104;99;101;0.0049;250.2672;12.0992;2.3623;694.6170;178.7;270.0;270.0;200.1
357.5;0.9638;1.0394;-0.3008;-0.3201;110;95;-0.0733;250.2672;12.1221;2.3404;695.4166;177.6;270.0;270.0;199.5
358.0;0.9606;1.0357;-0.4011;-0.3310;109;97;0.0049;250.2672;12.1450;2.3404;695.4166;177.1;270.0;270.0;199.3
358.5;0.9592;1.0321;-0.3544;-0.3104;101;105;0.0049;250.2672;12.1679;2.3184;696.2162;177.9;270.0;270.0;199.3
359.0;0.9583;1.0284;-0.4437;-0.3201;109;99;-0.0733;250.2672;12.1908;2.3184;697.0159;177.9;270.0;270.0;199.3
359.5;0.9565;1.0252;-0.5632;-0.3008;99;112;0.0147;250.2672;12.2061;2.2964;697.0159;179.2;270.0;270.0;199.8
360.0;0.9551;1.0220;-0.4011;-0.3008;109;103;-0.0733;250.2672;12.2290;2.2964;697.8154;179.2;270.0;270.0;200.1
360.5;0.9538;1.0192;-0.4492;-0.3201;114;99;0.0147;250.2672;12.2519;2.2744;697.8154;178.2;270.0;270.0;199.5
361.0;0.9528;1.0165;-0.2734;-0.3104;110;105;-0.0733;250.2672;12.2672;2.2744;698.6151;177.9;270.0;270.0;199.3
361.5;0.9533;1.0137;-0.4464;-0.3008;107;109;0.0147;250.2672;12.2901;2.2525;699.4147;178.9;270.0;270.0;199.0
362.0;0.9528;1.0110;-0.3407;-0.3104;116;103;0.0049;250.2672;12.3130;2.2525;699.4147;178.2;270.0;270.0;199.3
362.5;0.9528;1.0087;-0.4863;-0.3008;109;112;-0.0733;250.2672;12.3359;2.2305;700.2143;178.4;270.0;270.0;199.3
363.0;0.9533;1.0069;-0.4148;-0.3104;114;105;0.0049;250.2672;12.3511;2.2085;701.0139;177.9;270.0;270.0;199.3
363.5;0.9538;1.0046;-0.4066;-0.3201;116;105;0.0049;250.2672;12.3740;2.2085;701.0139;178.2;270.0;270.0;199.3
364.0;0.9542;1.0027;-0.5907;-0.3104;107;114;0.0147;250.2672;12.3969;2.1865;701.8135;178.7;270.0;270.0;199.3
364.5;0.9542;1.0009;-0.5838;-0.3008;107;116;0.0147;250.2672;12.4122;2.1646;702.6131;179.7;270.0;270.0;200.1
365.0;0.9542;1.0000;-0.5508;-0.3008;116;116;0.0147;250.2672;12.4351;2.1646;702.6131;180.0;270.0;270.0;200.1
365.5;0.9547;1.0000;-0.3901;-0.2802;126;136;0.0929;250.2672;12.4504;2.1426;703.4127;182.1;270.0;270.0;199.8
366.0;0.9551;1.0000;-0.4492;-0.2912;134;126;0.0147;250.2672;12.4733;2.1426;704.2123;180.3;270.0;270.0;199.3
366.5;0.9560;1.0000;-0.1621;-0.2912;138;122;0.0049;250.2672;12.4886;2.1206;704.2123;179.2;270.0;270.0;199.3
367.0;0.9579;1.0000;-0.3393;-0.3008;138;122;-0.0733;250.2672;12.5115;2.1206;705.0120;178.9;270.0;270.0;199.3
367.5;0.9611;1.0000;-0.2486;-0.3008;136;122;-0.1613;250.2672;12.5344;2.1206;705.8115;179.2;270.0;270.0;199.0
368.0;0.9634;1.0000;-0.2610;-0.3008;134;120;0.0049;250.2672;12.5496;2.0986;705.8115;178.7;270.0;270.0;198.7
368.5;0.9661;1.0000;-0.2898;-0.2912;128;122;-0.0733;250.2672;12.5725;2.0986;706.6111;179.2;270.0;270.0;198.7
369.0;0.9689;1.0000;-0.1992;-0.3104;138;110;-0.0831;250.2672;12.5954;2.0986;707.4108;178.9;270.0;270.0;199.8
369.5;0.9725;1.0000;-0.3654;-0.3008;122;122;0.0049;250.2672;12.6107;2.0767;707.4108;180.0;270.0;270.0;200.1
370.0;0.9757;1.0000;-0.4313;-0.2912;118;120;-0.0733;250.2672;12.6336;2.0767;708.2104;180.0;270.0;270.0;199.3
370.5;0.9794;1.0000;-0.5673;-0.2912;118;120;0.0147;250.2672;12.6565;2.0547;709.0100;180.3;270.0;270.0;200.1
371.0;0.9826;1.0000;-0.4918;-0.2912;116;116;-0.0733;250.2672;12.6718;2.0327;709.8096;180.0;270.0;270.0;199.3
371.5;0.9863;1.0000;-0.5591;-0.3008;116;112;0.0147;250.2672;12.6947;2.0327;709.8096;180.0;270.0;270.0;199.3
372.0;0.9899;1.0000;-0.4203;-0.2802;110;116;-0.1515;250.2672;12.7099;2.0107;710.6092;181.1;270.0;270.0;199.3
372.5;0.9927;1.0000;-0.5192;-0.2912;114;109;-0.0635;250.2672;12.7328;1.9888;711.4088;180.5;270.0;270.0;199.8
373.0;0.9959;1.0000;-0.6181;-0.2706;101;118;0.0147;250.2672;12.7481;1.9668;711.4088;181.6;270.0;270.0;199.3
373.5;0.9986;1.0000;-0.4368;-0.2802;112;103;-0.0733;250.2672;12.7710;1.9668;712.2084;180.5;270.0;270.0;198.7
374.0;1.0014;1.0000;-0.5879;-0.2802;105;109;-0.0635;250.2672;12.7863;1.9448;713.0081;180.8;270.0;270.0;199.0
374.5;1.0041;1.0000;-0.5261;-0.2912;109;101;-0.0635;250.2672;12.8092;1.9228;713.0081;181.1;270.0;270.0;199.3
375.0;1.0060;1.0000;-0.6374;-0.2706;95;110;0.0147;250.2672;12.8244;1.9228;713.8076;181.6;270.0;270.0;199.0
375.5;1.0078;1.0000;-0.6346;-0.2802;103;101;-0.0635;250.2672;12.8397;1.9009;714.6072;181.1;270.0;270.0;198.5
376.0;1.0096;1.0000;-0.7349;-0.2706;93;109;0.1026;250.2672;12.8626;1.8789;714.6072;181.8;270.0;270.0;199.0
376.5;1.0101;1.0000;-0.6250;-0.2706;99;103;-0.0635;250.2672;12.8779;1.8569;715.4069;180.3;270.0;270.0;198.2
377.0;1.0101;1.0000;-0.6209;-0.2610;95;105;-0.0635;250.2672;12.8931;1.8350;716.2065;181.6;270.0;270.0;197.9
377.5;1.0110;1.0000;-0.5110;-0.2610;99;101;0.0147;250.2672;12.9160;1.8350;716.2065;181.3;270.0;270.0;197.4
378.0;1.0119;1.0000;-0.5234;-0.2706;101;97;-0.0635;250.2672;12.9313;1.8130;717.0061;181.1;270.0;270.0;197.7
378.5;1.0133;1.0000;-0.6016;-0.2706;97;101;-0.0635;250.2672;12.9466;1.7910;717.8057;181.1;270.0;270.0;197.4
379.0;1.0142;1.0000;-0.3709;-0.2706;101;95;-0.1515;250.2672;12.9618;1.7910;717.8057;181.1;270.0;270.0;197.9
379.5;1.0151;1.0000;-0.4011;-0.2706;101;93;-0.0733;250.2672;12.9771;1.7690;718.6053;180.5;270.0;270.0;197.9
380.0;1.0160;1.0000;-0.3352;-0.2610;99;95;-0.0733;250.2672;12.9924;1.7690;719.4049;181.1;270.0;270.0;197.7
380.5;1.0165;1.0000;-0.3984;-0.2706;101;91;0.0049;250.2672;13.0076;1.7471;719.4049;181.3;270.0;270.0;197.4
381.0;1.0174;1.0000;-0.5110;-0.2500;89;101;-0.1515;250.2672;13.0305;1.7251;720.2045;182.4;270.0;270.0;197.7
381.5;1.0183;1.0000;-0.6854;0.0000;13;175;0.0733;0.5267;0.0000;-0.0109;-0.2439;183.4;270.0;270.0;197.9
382.0;1.0192;1.0000;-0.5920;0.0000;85;103;0.0147;1.0916;-0.0076;-0.0328;0.5557;181.8;270.0;270.0;197.2
382.5;1.0201;1.0000;-0.5316;0.0000;87;99;-0.0635;1.6260;-0.0076;-0.0328;1.3553;182.4;270.0;270.0;196.9
383.0;1.0220;1.0000;-0.5316;0.0000;85;99;0.0147;2.1908;-0.0076;-0.0548;2.1549;182.1;270.0;270.0;196.9
383.5;1.0229;1.0000;-0.2679;0.0000;91;93;0.0049;2.6794;-0.0076;-0.0768;2.1549;181.8;270.0;270.0;196.6
384.0;1.0243;1.0000;-0.2871;0.0000;89;93;0.0049;3.2519;-0.0076;-0.0768;2.9546;182.9;270.0;270.0;197.2
384.5;1.0243;1.0000;-0.0632;0.0000;93;87;-0.0831;3.7786;-0.0076;-0.0768;3.7542;182.4;270.0;270.0;196.6
385.0;1.0238;1.0000;-0.0549;0.0000;93;87;-0.0049;4.2672;-0.0076;-0.0768;3.7542;181.6;270.0;270.0;196.6
385.5;1.0229;1.0000;0.1099;0.0000;97;83;-0.0049;4.8321;-0.0076;-0.0768;4.5538;181.6;270.0;270.0;196.4
386.0;1.0220;1.0000;0.1223;0.0000;97;83;-0.0049;5.3206;-0.0076;-0.0768;4.5538;181.1;270.0;270.0;196.4
386.5;1.0215;1.0000;0.0632;0.0000;95;87;-0.0049;5.8931;-0.0076;-0.0768;5.3534;181.1;270.0;270.0;196.6
387.0;1.0215;1.0000;0.0151;0.0000;95;89;0.0733;6.4198;-0.0076;-0.0768;6.1530;181.8;270.0;270.0;196.6
387.5;1.0215;1.0000;0.0357;0.0000;95;89;-0.0049;6.9084;-0.0076;-0.0768;6.1530;182.9;270.0;270.0;196.6
388.0;1.0215;1.0000;0.2692;0.0000;101;81;-0.0929;7.4351;-0.0076;-0.0548;6.9526;181.3;270.0;270.0;196.6
388.5;1.0215;1.0000;0.0810;0.0000;95;87;-0.0049;7.9237;-0.0076;-0.0548;7.7522;181.6;270.0;270.0;196.6
389.0;1.0220;1.0000;0.2349;0.0000;99;83;-0.0147;8.4886;-0.0076;-0.0548;7.7522;181.1;270.0;270.0;196.6
389.5;1.0224;1.0000;0.0920;0.0000;95;85;-0.0049;8.9771;-0.0076;-0.0548;8.5518;181.8;270.0;270.0;196.6
390.0;1.0238;1.0000;0.0783;0.0000;95;85;-0.0049;9.5496;-0.0153;-0.0548;9.3514;181.1;270.0;270.0;196.4
390.5;1.0252;1.0000;-0.0481;0.0000;91;89;0.0733;10.0763;-0.0153;-0.0548;9.3514;181.3;270.0;270.0;196.6
391.0;1.0256;1.0000;-0.0563;0.0000;89;87;-0.0049;10.5649;-0.0153;-0.0548;10.1510;181.6;270.0;270.0;196.6
391.5;1.0261;1.0000;-0.0755;0.0000;89;87;-0.0831;11.0916;-0.0153;-0.0548;10.9506;181.6;270.0;270.0;196.6
392.0;1.0256;1.0000;-0.2390;0.0000;83;91;0.0831;11.5420;-0.0153;-0.0548;10.9506;181.1;270.0;270.0;196.6
392.5;1.0247;1.0000;-0.1978;0.0000;85;89;0.0049;12.0305;-0.0153;-0.0548;11.7503;181.6;270.0;270.0;196.4
393.0;1.0247;1.0000;-0.3352;0.0000;83;93;-0.0733;12.5573;-0.0153;-0.0768;12.5499;181.1;270.0;270.0;196.1
393.5;1.0247;1.0000;-0.2143;0.0000;85;91;0.0831;13.0840;-0.0153;-0.0768;12.5499;180.5;270.0;270.0;195.8
394.0;1.0247;1.0000;-0.3407;0.0000;81;93;0.0049;13.5725;-0.0153;-0.0988;13.3495;181.6;270.0;270.0;195.8
394.5;1.0256;1.0000;-0.2651;0.0000;83;93;0.0049;14.1450;-0.0153;-0.0988;13.3495;180.5;270.0;270.0;195.8
395.0;1.0261;1.0000;-0.1580;0.0000;87;89;0.0049;14.6336;-0.0153;-0.0988;14.1491;181.1;270.0;270.0;195.8
395.5;1.0261;1.0000;-0.2280;0.0000;83;91;0.0831;15.1603;-0.0153;-0.0988;14.9487;180.5;270.0;270.0;196.6
396.0;1.0261;1.0000;-0.0920;0.0000;87;87;-0.0049;15.6489;-0.0153;-0.0988;14.9487;181.1;270.0;270.0;196.9
396.5;1.0256;1.0000;-0.0206;0.0000;89;85;-0.0049;16.1374;-0.0153;-0.1207;15.7483;181.6;270.0;270.0;196.4
397.0;1.0256;1.0000;-0.0124;0.0000;89;87;-0.0049;16.7023;-0.0229;-0.1207;16.5479;181.8;270.0;270.0;196.4
397.5;1.0256;1.0000;-0.0659;0.0000;87;87;-0.0049;17.1908;-0.0229;-0.1207;16.5479;181.3;270.0;270.0;196.6
398.0;1.0247;1.0000;0.0137;0.0000;89;85;-0.0049;17.6794;-0.0229;-0.1207;17.3475;182.1;270.0;270.0;196.6
398.5;1.0247;1.0000;-0.1442;0.0000;85;89;0.0831;18.2061;-0.0229;-0.1207;18.1471;182.4;270.0;270.0;196.4
399.0;1.0247;1.0000;-0.0604;0.0000;87;87;-0.0049;18.6947;-0.0229;-0.1207;18.1471;182.4;270.0;270.0;196.1
399.5;1.0247;1.0000;-0.0206;0.0000;89;87;0.0733;19.2214;-0.0229;-0.1207;18.9467;182.1;270.0;270.0;195.8
400.0;1.0247;1.0000;-0.1772;0.0000;85;91;-0.0831;19.7557;-0.0229;-0.1207;19.7464;182.1;270.0;270.0;196.4
400.5;1.0247;0.9995;-0.0989;0.0000;83;87;-0.0049;20.2366;-0.0229;-0.1207;19.7464;182.1;270.0;270.0;196.6
401.0;1.0243;0.9991;-0.2170;0.0000;79;87;0.0049;20.7252;-0.0305;-0.1427;20.5460;182.6;270.0;270.0;196.6
401.5;1.0234;0.9986;-0.1374;0.0000;79;83;-0.0049;21.2137;-0.0305;-0.1427;20.5460;184.0;270.0;270.0;196.1
402.0;1.0224;0.9982;-0.1813;0.0000;77;81;0.0049;21.7023;-0.0305;-0.1427;21.3456;182.6;270.0;270.0;195.8
402.5;1.0215;0.9973;-0.0618;0.0000;77;77;0.0831;22.2290;-0.0305;-0.1427;22.1452;181.1;270.0;270.0;195.6
403.0;1.0206;0.9963;-0.1401;0.0000;73;77;-0.0049;22.7176;-0.0305;-0.1427;22.1452;181.1;270.0;270.0;195.6
403.5;1.0188;0.9954;-0.1607;0.0000;71;75;0.0831;23.1679;-0.0305;-0.1427;22.9448;181.3;270.0;270.0;195.6
404.0;1.0160;0.9940;-0.1703;0.0000;69;75;0.0831;23.6107;-0.0305;-0.1647;22.9448;181.6;270.0;270.0;195.6
404.5;1.0133;0.9927;-0.1978;0.0000;67;73;0.0049;24.0992;-0.0382;-0.1647;23.7444;181.6;270.0;270.0;195.6
405.0;1.0110;0.9913;-0.0412;0.0000;69;69;-0.0049;24.5878;-0.0382;-0.1647;24.5440;181.1;270.0;270.0;195.8
405.5;1.0087;0.9895;-0.2212;0.0000;64;71;0.0049;25.0763;-0.0382;-0.1647;24.5440;182.9;270.0;270.0;196.4
406.0;1.0055;0.9876;-0.1442;0.0000;64;67;0.0831;25.5267;-0.0382;-0.1647;25.3436;181.6;270.0;270.0;196.1
406.5;1.0027;0.9853;-0.0783;0.0000;64;65;-0.0831;26.0534;-0.0382;-0.1867;25.3436;181.6;270.0;270.0;195.8
407.0;0.9991;0.9835;-0.0385;0.0000;64;64;0.0733;26.5038;-0.0458;-0.1867;26.1432;181.6;270.0;270.0;196.1
407.5;0.9959;0.9812;-0.0179;0.0000;62;62;-0.0049;26.9847;-0.0458;-0.1867;26.9428;182.1;270.0;270.0;197.9
408.0;0.9931;0.9785;0.1607;0.0000;64;56;0.0733;27.5191;-0.0458;-0.1647;26.9428;181.6;270.0;270.0;197.2
408.5;0.9899;0.9757;0.1882;0.0000;64;54;-0.0147;28.0076;-0.0458;-0.1647;27.7425;182.1;270.0;270.0;196.6
409.0;0.9867;0.9730;0.3187;0.0000;65;48;-0.0929;28.4504;-0.0458;-0.1647;27.7425;181.1;270.0;270.0;196.4
409.5;0.9826;0.9702;0.3832;0.0000;64;46;0.0635;28.9008;-0.0458;-0.1427;28.5421;181.1;270.0;270.0;196.6
410.0;0.9789;0.9670;0.1841;0.0000;58;48;-0.0147;29.3893;-0.0534;-0.1427;29.3417;181.3;270.0;270.0;196.6
410.5;0.9757;0.9638;0.1772;0.0000;56;46;-0.0147;29.8779;-0.0534;-0.1427;29.3417;181.1;270.0;270.0;196.4
411.0;0.9716;0.9602;-0.0838;0.0000;48;52;0.0831;30.3206;-0.0534;-0.1427;30.1413;181.1;270.0;270.0;196.1
411.5;0.9679;0.9565;-0.2404;0.0000;44;52;0.0049;30.8092;-0.0534;-0.1427;30.1413;182.9;270.0;270.0;196.1
412.0;0.9629;0.9528;-0.2926;0.0000;40;52;0.0049;31.2137;-0.0534;-0.1647;30.9409;181.6;270.0;270.0;195.8
412.5;0.9579;0.9492;-0.2651;0.0000;38;50;0.0831;31.6641;-0.0534;-0.1647;30.9409;181.6;270.0;270.0;195.8
413.0;0.9528;0.9451;-0.1676;0.0000;40;46;-0.0831;32.1069;-0.0534;-0.1647;31.7405;181.3;270.0;270.0;195.8
413.5;0.9478;0.9409;0.0000;0.0000;42;40;0.0733;32.5573;-0.0611;-0.1647;32.5401;181.3;270.0;270.0;196.6
414.0;0.9423;0.9364;0.0673;0.0000;42;36;-0.0929;33.0076;-0.0611;-0.1647;32.5401;181.8;270.0;270.0;196.1
414.5;0.9368;0.9318;0.1099;0.0000;40;32;-0.0049;33.4122;-0.0611;-0.1647;33.3397;181.8;270.0;270.0;196.1
415.0;0.9299;0.9272;0.2253;0.0000;42;30;-0.0147;33.8168;-0.0611;-0.1647;33.3397;181.6;270.0;270.0;195.8
415.5;0.9235;0.9222;0.1566;0.0000;40;30;-0.0147;34.2214;-0.0611;-0.1427;34.1393;181.1;270.0;270.0;195.8
416.0;0.9162;0.9171;0.3379;0.0000;44;24;-0.0147;34.6336;-0.0611;-0.1427;34.1393;180.8;270.0;270.0;196.6
416.5;0.9084;0.9121;0.2555;0.0000;40;24;-0.0929;35.0000;-0.0611;-0.1427;34.9389;180.0;270.0;270.0;196.4
417.0;0.9002;0.9066;0.2761;0.0000;38;24;0.0635;35.3588;-0.0611;-0.1207;34.9389;181.6;270.0;270.0;196.1
417.5;0.8910;0.9016;0.1703;0.0000;36;26;0.0733;35.7252;-0.0687;-0.1207;34.9389;180.3;270.0;270.0;196.1
418.0;0.8832;0.8956;0.1250;0.0000;34;26;-0.0049;36.1374;-0.0687;-0.1207;35.7386;181.3;270.0;270.0;196.1
418.5;0.8750;0.8901;0.1923;0.0000;34;24;-0.0147;36.5420;-0.0687;-0.1207;36.5382;180.5;270.0;270.0;195.8
419.0;0.8677;0.8842;0.2225;0.0000;34;22;-0.0147;36.9466;-0.0687;-0.0988;36.5382;180.0;270.0;270.0;195.8
419.5;0.8599;0.8777;0.3736;0.0000;36;19;-0.0147;37.3511;-0.0687;-0.0988;37.3378;179.5;270.0;270.0;195.6
420.0;0.8521;0.8718;0.1882;0.0000;30;21;0.0733;37.7176;-0.0687;-0.0988;37.3378;180.5;270.0;270.0;195.6
420.5;0.8429;0.8654;0.3599;0.0000;34;17;-0.0147;38.0458;-0.0687;-0.0768;37.3378;179.7;270.0;270.0;195.6
421.0;0.8338;0.8585;0.2720;0.0000;32;17;-0.0929;38.4122;-0.0687;-0.0768;38.1374;179.7;270.0;270.0;195.6
421.5;0.8255;0.8521;0.3242;0.0000;32;15;-0.0147;38.8168;-0.0687;-0.0548;38.1374;179.2;270.0;270.0;195.6
422.0;0.8173;0.8452;0.3695;0.0000;30;13;0.0635;39.1832;-0.0687;-0.0548;38.9370;179.2;270.0;270.0;195.6
422.5;0.8082;0.8379;0.2088;0.0000;26;15;-0.0929;39.5496;-0.0687;-0.0548;38.9370;180.3;270.0;270.0;195.3
423.0;0.7990;0.8310;0.1992;0.0000;24;15;0.0733;39.9160;-0.0687;-0.0328;39.7366;180.0;270.0;270.0;195.3
423.5;0.7894;0.8237;0.1209;0.0000;22;15;-0.0049;40.2366;-0.0687;-0.0328;39.7366;179.2;270.0;270.0;195.3
424.0;0.7793;0.8159;0.1470;0.0000;22;13;-0.0147;40.5649;-0.0687;-0.0328;40.5362;179.2;270.0;270.0;195.3
424.5;0.7692;0.8082;0.0879;0.0000;19;13;-0.0049;40.8931;-0.0687;-0.0328;40.5362;178.9;270.0;270.0;195.0
425.0;0.7596;0.8004;0.3434;0.0000;24;7;0.0635;41.2595;-0.0687;-0.0109;40.5362;178.7;270.0;270.0;194.8
425.5;0.7500;0.7926;0.1813;0.0000;19;9;-0.0147;41.5802;-0.0687;-0.0109;41.3358;179.2;270.0;270.0;194.8
426.0;0.7399;0.7843;0.2074;0.0000;19;7;-0.0147;41.9084;-0.0687;-0.0109;41.3358;178.2;270.0;270.0;194.5
426.5;0.7303;0.7761;0.2280;0.0000;19;5;-0.0147;42.2290;-0.0687;-0.0109;42.1354;178.9;270.0;270.0;194.0
427.0;0.7202;0.7679;0.1470;0.0000;15;5;-0.0147;42.5573;-0.0687;0.0111;42.1354;178.4;269.7;270.0;194.5
427.5;0.7120;0.7592;0.2637;0.0000;15;1;-0.0147;42.9618;-0.0687;0.0111;42.9350;178.9;268.7;270.0;194.0
428.0;0.7033;0.7505;0.2266;0.0000;13;-1;-0.0147;43.2901;-0.0687;0.0111;42.9350;177.9;269.2;270.0;193.7
428.5;0.6941;0.7413;0.2692;0.0000;11;-3;-0.0147;43.6107;-0.0687;0.0331;42.9350;178.2;270.0;270.0;193.2
429.0;0.6850;0.7326;0.1786;0.0000;7;-3;-0.0147;43.9389;-0.0687;0.0331;43.7346;177.4;270.0;270.0;193.2
429.5;0.6758;0.7230;0.2431;0.0000;7;-7;-0.0147;44.2672;-0.0687;0.0331;43.7346;177.6;270.0;270.0;192.9
430.0;0.6671;0.7138;0.3310;0.0000;7;-11;0.0635;44.6336;-0.0687;0.0551;44.5343;177.4;270.0;270.0;192.4
430.5;0.6584;0.7042;0.3860;0.0000;5;-15;-0.0147;44.9542;-0.0687;0.0551;44.5343;177.4;270.0;270.0;192.4
431.0;0.6484;0.6946;0.4162;0.0000;3;-19;-0.0147;45.1985;-0.0687;0.0770;44.5343;177.1;270.0;270.0;191.9
431.5;0.6387;0.6850;0.3201;0.0000;-1;-19;-0.0147;45.5267;-0.0687;0.0770;45.3339;177.6;270.0;270.0;191.6
432.0;0.6291;0.6749;0.4025;0.0000;-1;-22;-0.0147;45.8473;-0.0687;0.0990;45.3339;176.8;270.0;270.0;191.3
432.5;0.6190;0.6648;0.2349;0.0000;-9;-21;0.0635;46.1374;-0.0687;0.0990;46.1335;177.6;270.0;270.0;190.8
433.0;0.6099;0.6543;0.3187;0.0000;-9;-26;-0.0147;46.4580;-0.0687;0.0990;46.1335;177.1;270.0;270.0;190.8
433.5;0.5998;0.6438;0.4231;0.0000;-9;-30;0.0635;46.7405;-0.0687;0.1210;46.1335;176.8;270.0;270.0;190.3
434.0;0.5907;0.6332;0.4918;0.0000;-11;-34;-0.0244;47.0687;-0.0687;0.1430;46.9331;176.3;270.0;270.0;190.3
434.5;0.5801;0.6223;0.4766;0.0000;-13;-38;-0.0244;47.3130;-0.0687;0.1430;46.9331;176.3;270.0;270.0;190.6
435.0;0.5701;0.6113;0.4684;0.0000;-17;-40;0.0635;47.5954;-0.0611;0.1649;46.9331;175.5;270.0;270.0;189.8
435.5;0.5604;0.6003;0.5591;0.0000;-17;-46;-0.0244;47.9237;-0.0611;0.1649;47.7327;175.8;270.0;270.0;189.5
436.0;0.5499;0.5893;0.4918;0.0000;-22;-48;-0.0244;48.1679;-0.0611;0.1869;47.7327;175.5;270.0;270.0;189.2
436.5;0.5389;0.5778;0.7115;0.0000;-21;-56;-0.0342;48.4122;-0.0611;0.2089;47.7327;175.0;270.0;270.0;189.0
437.0;0.5284;0.5664;0.5316;0.0000;-26;-54;0.0538;48.6947;-0.0611;0.2308;48.5323;176.0;270.0;270.0;189.2
437.5;0.5183;0.5545;0.5412;0.0000;-28;-58;-0.1026;48.9771;-0.0611;0.2308;48.5323;174.7;270.0;270.0;188.7
438.0;0.5078;0.5426;0.3709;0.0000;-36;-58;0.0635;49.2672;-0.0611;0.2528;48.5323;174.7;269.7;270.0;188.2
438.5;0.4968;0.5307;0.3558;0.0000;-40;-60;-0.0147;49.5115;-0.0534;0.2528;49.3319;174.5;269.2;270.0;187.9
439.0;0.4858;0.5183;0.4135;0.0000;-40;-65;-0.0147;49.7557;-0.0534;0.2748;49.3319;174.2;269.2;270.0;187.7
439.5;0.4739;0.5060;0.3764;0.0000;-46;-67;-0.1026;49.9542;-0.0534;0.2748;49.3319;174.7;269.5;270.0;187.7
440.0;0.4625;0.4936;0.2349;0.0000;-52;-67;0.0635;50.2366;-0.0534;0.2968;50.1315;175.2;270.0;270.0;188.4
440.5;0.4505;0.4812;0.0989;0.0000;-54;-64;-0.0929;50.4427;-0.0534;0.2968;50.1315;173.9;270.0;270.0;187.9
441.0;0.4386;0.4689;0.0316;0.0000;-54;-62;-0.0049;50.6870;-0.0534;0.2968;50.1315;173.9;270.0;270.0;187.4
441.5;0.4263;0.4570;-0.2706;0.0000;-60;-54;0.0831;50.8931;-0.0458;0.2968;50.1315;172.9;270.0;270.0;186.6
442.0;0.4144;0.4451;-0.1195;0.0000;-56;-56;-0.0831;51.0916;-0.0458;0.2748;50.9311;172.9;270.0;270.0;186.6
442.5;0.4034;0.4332;-0.1703;0.0000;-56;-54;0.0049;51.3359;-0.0458;0.2748;50.9311;172.3;270.0;270.0;186.1
443.0;0.3929;0.4217;-0.2308;0.0000;-56;-52;0.0831;51.5420;-0.0458;0.2748;50.9311;172.9;270.0;270.0;186.3
443.5;0.3814;0.4103;-0.2926;0.0000;-58;-50;0.0049;51.7023;-0.0458;0.2528;50.9311;172.6;270.0;270.0;186.6
444.0;0.3704;0.3993;-0.2788;0.0000;-56;-50;-0.0733;51.9084;-0.0458;0.2528;51.7307;172.6;270.0;270.0;186.1
444.5;0.3594;0.3883;-0.0604;0.0000;-50;-54;-0.0049;52.0687;-0.0458;0.2528;51.7307;172.6;270.0;270.0;186.6
445.0;0.3494;0.3773;-0.2088;0.0000;-52;-50;0.0831;52.2748;-0.0458;0.2528;51.7307;172.1;270.0;270.0;185.8
445.5;0.3388;0.3663;-0.1126;0.0000;-50;-52;-0.0049;52.4351;-0.0458;0.2528;51.7307;171.6;270.0;270.0;185.3
446.0;0.3283;0.3558;-0.2239;0.0000;-52;-48;0.0049;52.5954;-0.0382;0.2308;52.5304;171.6;270.0;270.0;185.3
446.5;0.3191;0.3452;-0.0412;0.0000;-46;-50;0.0733;52.8015;-0.0382;0.2308;52.5304;171.3;270.0;270.0;185.3
447.0;0.3095;0.3347;-0.0549;0.0000;-46;-50;-0.0049;52.9618;-0.0382;0.2308;52.5304;171.8;269.2;270.0;185.3
447.5;0.2995;0.3246;0.1538;0.0000;-40;-54;-0.0147;53.1298;-0.0382;0.2308;52.5304;171.0;269.5;270.0;185.8
448.0;0.2898;0.3146;0.1195;0.0000;-40;-52;-0.0049;53.2901;-0.0382;0.2528;52.5304;171.0;268.4;270.0;185.5
448.5;0.2811;0.3049;-0.0412;0.0000;-42;-48;-0.0049;53.4504;-0.0382;0.2528;53.3300;171.0;266.8;270.0;185.3
449.0;0.2715;0.2953;-0.0838;0.0000;-42;-46;-0.0831;53.5725;-0.0382;0.2308;53.3300;171.3;265.2;270.0;185.8
449.5;0.2628;0.2857;-0.1181;0.0000;-42;-44;-0.0049;53.7328;-0.0382;0.2308;53.3300;171.0;264.2;270.0;185.3
450.0;0.2541;0.2766;0.0096;0.0000;-38;-48;-0.0831;53.8550;-0.0382;0.2308;53.3300;170.2;263.7;270.0;185.5
450.5;0.2459;0.2669;-0.1896;0.0000;-42;-40;0.0049;54.0229;-0.0382;0.2308;53.3300;170.2;265.0;270.0;185.3
451.0;0.2386;0.2582;-0.0316;0.0000;-38;-44;-0.0049;54.1832;-0.0382;0.2308;54.1296;169.7;266.0;270.0;185.3
451.5;0.2308;0.2491;-0.3489;0.0000;-44;-36;-0.0733;54.3053;-0.0305;0.2308;54.1296;169.4;267.6;270.0;185.3
452.0;0.2230;0.2404;-0.1332;0.0000;-38;-40;0.0831;54.4275;-0.0305;0.2089;54.1296;169.2;269.5;270.0;185.3
452.5;0.2157;0.2317;-0.1744;0.0000;-38;-40;-0.0831;54.5496;-0.0305;0.2089;54.1296;169.4;270.0;270.0;185.0
453.0;0.2083;0.2234;-0.0165;0.0000;-34;-42;-0.0831;54.6718;-0.0305;0.2089;54.1296;168.9;270.0;270.0;185.0
453.5;0.2010;0.2152;-0.0783;0.0000;-36;-40;0.0831;54.7939;-0.0305;0.2089;54.1296;169.2;270.0;270.0;185.0
454.0;0.1941;0.2070;-0.3104;0.0000;-40;-34;-0.0733;54.9160;-0.0305;0.2089;54.1296;168.4;270.0;270.0;185.0
454.5;0.1882;0.1992;-0.0110;0.0000;-34;-40;-0.0049;55.0763;-0.0305;0.2089;54.9292;168.9;270.0;270.0;185.0
455.0;0.1818;0.1914;-0.0179;0.0000;-34;-40;-0.0049;55.1603;-0.0305;0.2089;54.9292;168.1;270.0;270.0;185.0
455.5;0.1749;0.1836;0.0728;0.0000;-30;-42;-0.0049;55.2366;-0.0305;0.2089;54.9292;168.4;270.0;270.0;185.3
456.0;0.1685;0.1758;-0.1758;0.0000;-36;-36;0.0831;55.3588;-0.0305;0.1869;54.9292;167.9;270.0;270.0;185.0
456.5;0.1621;0.1685;-0.0440;0.0000;-32;-38;-0.0049;55.4427;-0.0305;0.1869;54.9292;168.1;270.0;270.0;185.0
457.0;0.1561;0.1616;-0.3640;0.0000;-38;-30;-0.0733;55.5649;-0.0305;0.1869;54.9292;167.9;270.0;270.0;185.0
457.5;0.1520;0.1543;-0.2294;0.0000;-36;-32;0.0049;55.7252;-0.0305;0.1869;55.7288;168.1;270.0;270.0;185.3
458.0;0.1470;0.1474;-0.2514;0.0000;-36;-32;0.0049;55.8092;-0.0305;0.1649;55.7288;167.9;270.0;270.0;185.0
458.5;0.1415;0.1410;-0.1992;0.0000;-34;-32;0.0049;55.8931;-0.0305;0.1649;55.7288;168.1;270.0;270.0;185.0
459.0;0.1364;0.1342;-0.1992;0.0000;-34;-32;0.0049;55.9695;-0.0305;0.1649;55.7288;167.6;270.0;270.0;185.0
459.5;0.1328;0.1277;-0.3654;0.0000;-38;-28;0.0049;56.1374;-0.0305;0.1430;55.7288;167.3;270.0;270.0;185.0
460.0;0.1287;0.1218;-0.0824;0.0000;-30;-34;-0.0049;56.2137;-0.0305;0.1430;55.7288;167.3;270.0;270.0;185.0
460.5;0.1241;0.1154;-0.1511;0.0000;-32;-32;0.0049;56.2977;-0.0305;0.1430;55.7288;166.8;270.0;270.0;185.0
461.0;0.1200;0.1094;0.0234;0.0000;-28;-36;-0.0049;56.3817;-0.0305;0.1430;55.7288;167.1;270.0;270.0;184.8
461.5;0.1158;0.1039;-0.2033;0.0000;-32;-30;0.0049;56.4580;-0.0229;0.1430;55.7288;166.5;270.0;270.0;185.0
462.0;0.1117;0.0980;-0.0893;0.0000;-30;-32;-0.0049;56.5420;-0.0229;0.1430;56.5284;167.6;270.0;270.0;185.3
462.5;0.1076;0.0929;-0.3448;0.0000;-34;-26;0.0049;56.6260;-0.0229;0.1210;56.5284;166.8;270.0;270.0;185.0
463.0;0.1039;0.0875;-0.2212;0.0000;-32;-28;0.0049;56.7023;-0.0229;0.1210;56.5284;166.8;270.0;270.0;185.0
463.5;0.1003;0.0824;-0.1799;0.0000;-30;-28;0.0049;56.7863;-0.0229;0.1210;56.5284;166.3;270.0;270.0;185.0
464.0;0.0971;0.0774;-0.0989;0.0000;-28;-30;-0.0049;56.8626;-0.0229;0.1210;56.5284;166.8;270.0;270.0;185.0
464.5;0.0943;0.0723;-0.1456;0.0000;-28;-28;0.0049;56.9466;-0.0229;0.0990;56.5284;166.0;270.0;270.0;185.0
465.0;0.0911;0.0678;-0.2184;0.0000;-30;-26;0.0049;57.0305;-0.0229;0.0990;56.5284;166.0;270.0;270.0;185.0
465.5;0.0888;0.0632;-0.0907;0.0000;-26;-30;-0.0049;57.1069;-0.0229;0.0990;56.5284;165.7;270.0;270.0;185.0
466.0;0.0865;0.0586;-0.1264;0.0000;-28;-28;-0.0049;57.1908;-0.0229;0.0990;56.5284;166.0;270.0;270.0;185.3
466.5;0.0842;0.0545;0.0412;0.0000;-24;-32;-0.0049;57.2748;-0.0229;0.0990;56.5284;165.5;270.0;270.0;185.8
467.0;0.0824;0.0504;-0.1003;0.0000;-26;-28;-0.0049;57.3511;-0.0229;0.0990;57.3280;167.1;270.0;270.0;185.5
467.5;0.0806;0.0467;-0.0234;0.0000;-24;-30;-0.0049;57.4351;-0.0229;0.0990;57.3280;166.3;270.0;270.0;185.3
468.0;0.0792;0.0430;-0.0687;0.0000;-26;-28;-0.0049;57.5191;-0.0229;0.0990;57.3280;166.0;270.0;270.0;185.0
468.5;0.0778;0.0394;-0.0989;0.0000;-26;-28;-0.0049;57.5954;-0.0229;0.0770;57.3280;165.5;270.0;270.0;185.0
469.0;0.0760;0.0357;0.0426;0.0000;-22;-30;-0.0831;57.6412;-0.0229;0.0990;57.3280;165.5;270.0;270.0;185.0
469.5;0.0737;0.0325;-0.1387;0.0000;-26;-26;0.0831;57.6794;-0.0229;0.0770;57.3280;165.2;270.0;270.0;184.8
470.0;0.0723;0.0293;-0.1168;0.0000;-24;-26;-0.0049;57.7634;-0.0229;0.0770;57.3280;165.5;270.0;270.0;185.0
470.5;0.0710;0.0266;-0.2212;0.0000;-26;-22;0.0049;57.8397;-0.0229;0.0770;57.3280;165.2;270.0;270.0;185.0
471.0;0.0696;0.0238;-0.1580;0.0000;-24;-24;-0.0831;57.8855;-0.0229;0.0770;57.3280;165.0;270.0;270.0;185.0
471.5;0.0687;0.0211;-0.2610;0.0000;-26;-21;0.0049;57.9618;-0.0229;0.0551;57.3280;166.0;270.0;270.0;185.5
472.0;0.0678;0.0183;-0.0137;0.0000;-21;-26;0.0733;58.0076;-0.0229;0.0551;57.3280;165.2;270.0;270.0;185.3
472.5;0.0668;0.0160;-0.0769;0.0000;-21;-24;-0.0049;58.0840;-0.0229;0.0551;57.3280;165.5;270.0;270.0;185.3
473.0;0.0659;0.0142;-0.0824;0.0000;-21;-22;-0.0831;58.1298;-0.0229;0.0551;58.1276;165.0;270.0;270.0;185.3
473.5;0.0650;0.0119;-0.0893;0.0000;-21;-22;0.0831;58.1679;-0.0229;0.0551;58.1276;165.2;270.0;270.0;185.3
474.0;0.0646;0.0101;-0.1415;0.0000;-21;-21;0.0049;58.2519;-0.0229;0.0551;58.1276;165.0;270.0;270.0;185.3
474.5;0.0650;0.0082;0.0742;0.0000;-15;-24;-0.0049;58.3282;-0.0229;0.0551;58.1276;165.2;270.0;270.0;185.3
475.0;0.0646;0.0069;-0.0632;0.0000;-17;-21;-0.0831;58.3664;-0.0229;0.0551;58.1276;164.4;270.0;270.0;185.3
475.5;0.0646;0.0055;0.0096;0.0000;-15;-21;0.0733;58.4122;-0.0229;0.0551;58.1276;164.7;270.0;270.0;185.3
476.0;0.0641;0.0041;-0.0797;0.0000;-17;-19;-0.0049;58.4886;-0.0229;0.0551;58.1276;164.4;270.0;270.0;185.3
476.5;0.0627;0.0032;0.0302;0.0000;-13;-21;-0.0049;58.4886;-0.0229;0.0551;58.1276;164.7;270.0;270.0;185.3
477.0;0.0627;0.0023;0.0440;0.0000;-11;-19;-0.0049;58.5725;-0.0229;0.0551;58.1276;164.2;270.0;270.0;185.3
477.5;0.0618;0.0014;0.2074;0.0000;-7;-21;-0.0147;58.5725;-0.0229;0.0551;58.1276;164.4;270.0;270.0;185.3
478.0;0.0623;0.0009;0.1195;0.0000;-40;-52;-0.0049;58.6565;-0.0229;0.0551;58.1276;164.2;270.0;270.0;185.0
478.5;0.0623;0.0005;0.0096;0.0000;-44;-52;-0.0831;58.6947;-0.0229;0.0551;58.1276;164.4;270.0;270.0;185.3
479.0;0.0632;0.0000;0.1621;0.0000;-42;-56;0.0733;58.7328;-0.0229;0.0770;58.1276;163.6;270.0;270.0;185.3