general_params = {
fan_speed = 600.000000,
angular_kp = 0.090000,
angular_ki = 0.000500,
angular_kd = 0.050000,
angular_acc_feed_forward_k = 0.000600,
angular_brake_feed_forward_k = 0.000600,
angular_vel_feed_forward_k = 0.005600,
linear_vel_acc_feed_forward_k = 0.033000,
linear_vel_brake_feed_forward_k = 0.025000,
linear_vel_feed_forward_k = 0.141000,
wall_kp = 0.020000,
wall_ki = 0.000000,
wall_kd = 0.010000,
linear_vel_kp = 2.500000,
linear_vel_ki = 0.010000,
linear_vel_kd = 0.000000,
diagonal_walls_kp = 0.001000,
diagonal_walls_ki = 0.000000,
diagonal_walls_kd = 0.004000,
start_wall_break_mm_left = 56.000000,
start_wall_break_mm_right = 64.000000,
enable_wall_break_correction = 1.000000,
max_linear_acc_jerk = 625.000000,
max_linear_brake_jerk = 625.000000,
wheel_radius_mm = 13.100000,
coulomb_ff = 0.180000,
angular_coulomb_ff = 0.070000,
angular_static_ff = 0.250000,
angular_coulomb_ff_inplace = 0.000000,
angular_static_ff_inplace = 0.000000,
};
t;Vel;TgtVel;AngVel;TgtAngVel;PWM_L;PWM_R;ImuDiff;PosX;PosY;Angle;Dist;SensL;SensFL;SensFR;SensR
0.0;0.0000;0.0000;-0.0055;0.0000;-1;-1;0.1515;0.1603;0.0000;-0.0109;-0.2439;188.7;270.0;270.0;187.7
0.5;0.0000;0.0005;0.1607;0.0000;3;-5;-0.0049;0.1603;0.0000;-0.0109;-0.2439;189.0;270.0;270.0;187.7
1.0;0.0000;0.0009;0.2761;0.0000;5;-7;-0.0049;0.1603;0.0000;-0.0109;-0.2439;189.0;270.0;270.0;187.7
1.5;0.0000;0.0014;0.1374;0.0000;56;48;-0.0049;0.1603;0.0000;-0.0109;-0.2439;189.0;270.0;270.0;187.7
2.0;0.0000;0.0023;-0.0192;0.0000;54;56;-0.0049;0.1603;0.0000;-0.0109;-0.2439;188.7;270.0;270.0;187.7
2.5;0.0005;0.0032;-0.1277;0.0000;54;60;-0.0049;0.1603;0.0000;-0.0109;-0.2439;188.7;270.0;270.0;187.7
3.0;0.0009;0.0041;-0.0371;0.0000;60;62;-0.0049;0.1603;0.0000;-0.0109;-0.2439;188.7;270.0;270.0;187.7
3.5;0.0014;0.0055;0.0330;0.0000;64;62;-0.0049;0.1603;0.0000;-0.0109;-0.2439;188.7;270.0;270.0;187.7
4.0;0.0023;0.0069;0.0824;0.0000;67;64;-0.0049;0.1603;0.0000;-0.0109;-0.2439;188.7;270.0;270.0;187.7
4.5;0.0032;0.0082;0.0508;0.0000;69;67;-0.0049;0.1603;0.0000;-0.0109;-0.2439;188.7;270.0;270.0;187.7
5.0;0.0041;0.0101;0.1058;0.0000;73;69;-0.0049;0.1603;0.0000;-0.0109;-0.2439;188.7;270.0;270.0;187.9
5.5;0.0055;0.0119;0.1456;0.0000;77;71;-0.0049;0.1603;0.0000;-0.0109;-0.2439;189.5;270.0;270.0;187.9
6.0;0.0069;0.0142;0.0920;0.0000;79;75;-0.0049;0.1603;0.0000;-0.0109;-0.2439;189.5;270.0;270.0;187.9
6.5;0.0082;0.0160;-0.0783;0.0000;79;83;-0.0049;0.1603;0.0000;-0.0109;-0.2439;189.5;270.0;270.0;187.9
7.0;0.0096;0.0183;-0.1992;0.0000;79;89;-0.0049;0.1603;0.0000;-0.0109;-0.2439;188.7;270.0;270.0;187.9
7.5;0.0114;0.0211;-0.0687;0.0000;87;89;-0.0049;0.1603;0.0000;-0.0109;-0.2439;188.7;270.0;270.0;187.9
8.0;0.0128;0.0238;0.0549;0.0000;91;89;-0.0049;0.1603;0.0000;-0.0109;-0.2439;189.2;270.0;270.0;187.9
8.5;0.0165;0.0266;0.1415;0.0000;99;89;-0.0831;0.1985;0.0000;-0.0109;-0.2439;189.2;270.0;270.0;187.9
9.0;0.0215;0.0293;-0.0261;0.0000;95;97;0.0733;0.2366;0.0000;-0.0109;-0.2439;189.2;270.0;270.0;187.9
9.5;0.0279;0.0325;-0.0810;0.0000;97;99;-0.0831;0.2748;0.0000;-0.0109;-0.2439;189.0;270.0;270.0;187.9
10.0;0.0325;0.0357;-0.1195;0.0000;99;103;-0.0049;0.2748;0.0000;-0.0109;-0.2439;189.0;270.0;270.0;187.9
10.5;0.0366;0.0394;-0.1030;0.0000;99;103;-0.0049;0.2748;0.0000;-0.0109;-0.2439;189.5;270.0;270.0;187.9
11.0;0.0398;0.0430;-0.2239;0.0000;99;109;-0.0049;0.2748;0.0000;-0.0109;-0.2439;189.5;270.0;270.0;188.2
11.5;0.0444;0.0467;-0.3091;0.0000;101;112;-0.0831;0.3206;0.0000;-0.0109;-0.2439;189.5;270.0;270.0;188.2
12.0;0.0504;0.0504;-0.2005;0.0000;105;112;0.0733;0.3588;0.0000;-0.0109;-0.2439;189.2;270.0;270.0;188.2
12.5;0.0549;0.0545;-0.0907;0.0000;109;112;-0.0049;0.3588;0.0000;-0.0109;-0.2439;190.0;270.0;270.0;187.9
13.0;0.0591;0.0586;-0.1099;0.0000;110;114;-0.0049;0.3588;0.0000;-0.0109;-0.2439;189.5;270.0;270.0;188.2
13.5;0.0623;0.0632;-0.0659;0.0000;116;118;-0.0049;0.3588;0.0000;-0.0109;-0.2439;189.2;270.0;270.0;187.9
14.0;0.0668;0.0678;-0.0755;0.0000;118;120;-0.0049;0.4351;0.0000;-0.0328;-0.2439;189.5;270.0;270.0;187.9
14.5;0.0719;0.0723;-0.1003;0.0000;120;124;-0.0049;0.5191;-0.0076;-0.0328;-0.2439;190.0;270.0;270.0;188.2
15.0;0.0769;0.0774;0.0536;0.0000;128;124;-0.0831;0.5573;-0.0076;-0.0328;0.5557;189.2;270.0;270.0;187.9
15.5;0.0824;0.0824;-0.1277;0.0000;126;130;-0.0049;0.6412;-0.0076;-0.0328;0.5557;190.0;270.0;270.0;187.9
16.0;0.0884;0.0875;-0.0907;0.0000;130;134;-0.0049;0.7176;-0.0076;-0.0328;0.5557;189.0;270.0;270.0;187.9
16.5;0.0948;0.0929;-0.1607;0.0000;132;138;0.0049;0.8015;-0.0076;-0.0328;0.5557;189.2;270.0;270.0;187.9
17.0;0.1003;0.0980;-0.1786;0.0000;132;142;0.0831;0.8397;-0.0076;-0.0328;0.5557;188.7;270.0;270.0;187.7
17.5;0.1062;0.1039;-0.1923;0.0000;136;144;0.0049;0.9237;-0.0076;-0.0548;0.5557;189.2;270.0;270.0;187.9
18.0;0.1117;0.1094;-0.1016;0.0000;142;146;-0.0831;0.9618;-0.0076;-0.0548;0.5557;189.2;270.0;270.0;187.7
18.5;0.1177;0.1154;-0.2005;0.0000;142;150;-0.0831;1.0840;-0.0076;-0.0548;0.5557;189.2;270.0;270.0;187.7
19.0;0.1236;0.1218;-0.2596;0.0000;144;155;0.0049;1.1603;-0.0076;-0.0548;0.5557;189.2;270.0;270.0;187.7
19.5;0.1300;0.1277;-0.2431;0.0000;148;157;0.0049;1.2443;-0.0076;-0.0768;0.5557;188.7;270.0;270.0;187.7
20.0;0.1364;0.1342;-0.2541;0.0000;150;161;0.0049;1.3206;-0.0076;-0.0768;0.5557;189.2;270.0;270.0;187.9
20.5;0.1438;0.1410;-0.1676;0.0000;155;161;-0.0831;1.4427;-0.0076;-0.0768;1.3553;190.0;270.0;270.0;187.9
21.0;0.1511;0.1474;-0.2060;0.0000;157;167;0.0831;1.5649;-0.0076;-0.0768;1.3553;190.3;270.0;270.0;187.9
21.5;0.1593;0.1543;-0.1401;0.0000;161;165;-0.0831;1.6870;-0.0076;-0.0988;1.3553;190.6;270.0;270.0;187.7
22.0;0.1667;0.1616;-0.2967;0.0000;161;175;0.0049;1.7634;-0.0076;-0.0988;1.3553;190.0;270.0;270.0;187.7
22.5;0.1754;0.1685;-0.1758;0.0000;165;175;0.0049;1.9237;-0.0076;-0.0988;1.3553;190.0;270.0;270.0;187.7
23.0;0.1832;0.1758;-0.2431;0.0000;165;177;0.0049;2.0076;-0.0076;-0.1207;1.3553;191.1;270.0;270.0;187.7
23.5;0.1900;0.1836;-0.2651;0.0000;169;181;0.0049;2.0840;-0.0076;-0.1207;1.3553;189.8;270.0;270.0;187.7
24.0;0.1978;0.1914;-0.2253;0.0000;173;183;-0.0733;2.2061;-0.0076;-0.1207;2.1549;190.0;270.0;270.0;187.1
24.5;0.2065;0.1992;-0.3668;0.0000;173;189;0.0049;2.3664;-0.0076;-0.1427;2.1549;190.0;270.0;270.0;187.1
25.0;0.2157;0.2070;-0.2692;0.0000;179;191;0.0049;2.5267;-0.0076;-0.1427;2.1549;189.8;270.0;270.0;187.1
25.5;0.2244;0.2152;-0.2514;0.0000;183;193;-0.0733;2.6489;-0.0076;-0.1427;2.1549;189.5;270.0;270.0;187.1
26.0;0.2335;0.2234;-0.2459;0.0000;185;196;0.0049;2.8092;-0.0076;-0.1647;2.1549;190.3;270.0;270.0;187.1
26.5;0.2436;0.2317;-0.3434;0.0000;187;200;-0.0733;3.0076;-0.0076;-0.1647;2.9546;190.0;270.0;270.0;187.1
27.0;0.2537;0.2404;-0.2926;0.0000;189;202;0.0049;3.1679;-0.0076;-0.1867;2.9546;190.0;270.0;270.0;187.1
27.5;0.2647;0.2491;-0.3915;0.0000;189;208;0.0929;3.3740;-0.0076;-0.1867;2.9546;190.0;270.0;270.0;187.4
28.0;0.2752;0.2582;-0.3516;0.0000;193;210;0.0049;3.5344;-0.0076;-0.1867;2.9546;191.3;270.0;270.0;187.4
28.5;0.2862;0.2669;-0.2294;0.0000;198;208;-0.0733;3.7328;-0.0076;-0.2086;2.9546;190.8;270.0;270.0;187.1
29.0;0.2962;0.2766;-0.2967;0.0000;200;212;0.0049;3.8931;-0.0076;-0.2086;3.7542;191.9;270.0;270.0;187.7
29.5;0.3077;0.2857;-0.3365;0.0000;200;218;0.0049;4.1374;-0.0076;-0.2306;3.7542;190.8;270.0;270.0;187.1
30.0;0.3201;0.2953;-0.3585;0.0000;202;220;0.0049;4.3740;-0.0153;-0.2306;3.7542;190.8;270.0;270.0;186.9
30.5;0.3315;0.3049;-0.3984;0.0000;204;224;-0.0733;4.5802;-0.0153;-0.2526;4.5538;190.8;270.0;270.0;186.6
31.0;0.3434;0.3146;-0.4217;0.0000;206;226;-0.0733;4.7786;-0.0153;-0.2526;4.5538;190.8;270.0;270.0;186.6
31.5;0.3553;0.3246;-0.3255;0.0000;210;226;0.0049;5.0229;-0.0153;-0.2746;4.5538;190.8;270.0;270.0;186.6
32.0;0.3677;0.3347;-0.4492;0.0000;208;230;0.0147;5.2595;-0.0153;-0.2746;4.5538;191.3;270.0;270.0;186.6
32.5;0.3800;0.3448;-0.4121;0.0000;208;228;0.0049;5.5038;-0.0153;-0.2965;5.3534;191.1;270.0;270.0;186.6
33.0;0.3919;0.3549;-0.4148;0.0000;206;228;0.0049;5.7405;-0.0153;-0.2965;5.3534;190.6;270.0;270.0;186.3
33.5;0.4043;0.3649;-0.4190;0.0000;206;228;0.0147;5.9847;-0.0229;-0.3185;5.3534;190.0;270.0;270.0;186.3
34.0;0.4167;0.3750;-0.3269;0.0000;208;224;-0.0733;6.2672;-0.0229;-0.3185;6.1530;190.8;270.0;270.0;186.1
34.5;0.4290;0.3846;-0.4244;0.0000;204;224;0.0049;6.5038;-0.0229;-0.3405;6.1530;192.7;270.0;270.0;185.8
35.0;0.4418;0.3947;-0.4766;0.0000;202;226;0.0147;6.8321;-0.0229;-0.3405;6.1530;191.6;270.0;270.0;186.3
35.5;0.4542;0.4048;-0.4780;0.0000;200;224;0.0147;7.0687;-0.0229;-0.3624;6.9526;191.3;270.0;270.0;186.3
36.0;0.4666;0.4148;-0.3448;0.0000;202;220;-0.0733;7.3511;-0.0305;-0.3624;6.9526;191.1;270.0;270.0;186.3
36.5;0.4789;0.4249;-0.4808;0.0000;200;222;-0.0733;7.6336;-0.0305;-0.3844;6.9526;192.1;270.0;270.0;185.8
37.0;0.4918;0.4350;-0.3613;0.0000;202;220;0.0049;7.9542;-0.0305;-0.4064;7.7522;191.3;270.0;270.0;186.1
37.5;0.5037;0.4446;-0.3077;0.0000;202;218;0.0831;8.2366;-0.0305;-0.4064;7.7522;192.1;270.0;270.0;186.6
38.0;0.5156;0.4547;-0.3764;0.0000;200;220;-0.0733;8.5191;-0.0382;-0.4064;7.7522;192.9;270.0;270.0;186.3
38.5;0.5279;0.4647;-0.3709;0.0000;198;218;0.0049;8.8397;-0.0382;-0.4284;8.5518;192.4;270.0;270.0;185.8
39.0;0.5403;0.4748;-0.3407;0.0000;200;218;0.0049;9.1603;-0.0382;-0.4284;8.5518;191.3;270.0;270.0;186.3
39.5;0.5522;0.4849;-0.3626;0.0000;198;218;0.0049;9.4809;-0.0458;-0.4503;9.3514;191.9;270.0;270.0;186.6
40.0;0.5655;0.4950;-0.3201;0.0000;198;214;-0.0733;9.8397;-0.0458;-0.4503;9.3514;190.6;270.0;270.0;186.1
40.5;0.5778;0.5046;-0.2994;0.0000;198;214;0.0049;10.1679;-0.0458;-0.4723;10.1510;191.9;270.0;270.0;185.8
41.0;0.5897;0.5147;-0.3929;0.0000;195;214;0.0049;10.4886;-0.0534;-0.4723;10.1510;191.3;270.0;270.0;185.5
41.5;0.6016;0.5247;-0.3159;0.0000;196;212;-0.0733;10.8473;-0.0534;-0.4943;10.1510;192.1;270.0;270.0;185.8
42.0;0.6126;0.5348;-0.4080;0.0000;195;216;0.0049;11.1679;-0.0534;-0.4943;10.9506;192.7;270.0;270.0;185.3
42.5;0.6245;0.5449;-0.4286;0.0000;193;214;-0.0733;11.5344;-0.0611;-0.5163;10.9506;193.7;270.0;270.0;185.5
43.0;0.6355;0.5549;-0.4286;0.0000;193;214;0.0147;11.8550;-0.0611;-0.5163;11.7503;192.1;270.0;270.0;185.0
43.5;0.6470;0.5646;-0.4863;0.0000;191;218;0.0929;12.2137;-0.0687;-0.5382;11.7503;192.1;270.0;270.0;185.0
44.0;0.6575;0.5746;-0.4739;0.0000;191;214;0.0147;12.5344;-0.0687;-0.5382;11.7503;192.9;270.0;270.0;185.0
44.5;0.6690;0.5847;-0.4409;0.0000;191;216;0.0147;12.9389;-0.0687;-0.5602;12.5499;192.9;270.0;270.0;185.3
45.0;0.6804;0.5948;-0.3544;0.0000;195;212;-0.0733;13.2977;-0.0763;-0.5602;12.5499;194.8;270.0;270.0;185.8
45.5;0.6914;0.6049;-0.5027;0.0000;191;216;-0.0635;13.6641;-0.0763;-0.5822;13.3495;192.7;270.0;270.0;185.3
46.0;0.7033;0.6149;-0.4409;0.0000;191;212;0.0147;14.0611;-0.0840;-0.6042;13.3495;192.4;270.0;270.0;185.3
46.5;0.7143;0.6250;-0.5027;0.0000;189;214;0.0929;14.4275;-0.0840;-0.6042;14.1491;191.9;270.0;270.0;185.0
47.0;0.7253;0.6346;-0.5014;0.0000;187;214;0.0147;14.8244;-0.0916;-0.6261;14.1491;192.9;270.0;270.0;185.0
47.5;0.7367;0.6447;-0.4011;0.0000;191;212;0.0049;15.2290;-0.0916;-0.6481;14.9487;193.2;270.0;270.0;185.0
48.0;0.7473;0.6548;-0.3668;0.0000;191;212;0.0929;15.5878;-0.0992;-0.6481;14.9487;193.5;270.0;270.0;184.8
48.5;0.7587;0.6648;-0.4258;0.0000;189;212;-0.0733;16.0305;-0.1069;-0.6701;15.7483;192.7;270.0;270.0;185.0
49.0;0.7701;0.6749;-0.4409;0.0000;189;214;0.0147;16.4351;-0.1069;-0.6701;15.7483;192.9;270.0;270.0;184.8
49.5;0.7807;0.6850;-0.4437;0.0000;189;212;0.0929;16.8779;-0.1145;-0.6921;16.5479;193.7;270.0;270.0;184.5
50.0;0.7921;0.6946;-0.4890;0.0000;187;214;-0.0733;17.3206;-0.1221;-0.6921;16.5479;193.5;270.0;270.0;184.2
50.5;0.8031;0.7047;-0.3956;0.0000;191;212;0.0049;17.7176;-0.1221;-0.7140;17.3475;192.9;270.0;270.0;184.2
51.0;0.8141;0.7147;-0.4863;0.0000;187;214;0.0929;18.1603;-0.1298;-0.7140;18.1471;194.0;270.0;270.0;184.2
51.5;0.8251;0.7248;-0.4615;0.0000;189;214;-0.0733;18.6031;-0.1374;-0.7360;18.1471;193.7;270.0;270.0;184.8
52.0;0.8356;0.7349;-0.4602;0.0000;187;214;0.1711;19.0076;-0.1374;-0.7580;18.9467;193.5;270.0;270.0;184.2
52.5;0.8462;0.7450;-0.4519;0.0000;189;214;0.0147;19.4886;-0.1450;-0.7580;18.9467;193.2;270.0;270.0;184.2
53.0;0.8567;0.7546;-0.4533;0.0000;189;214;-0.0733;19.9313;-0.1527;-0.7800;19.7464;193.7;270.0;270.0;184.0
53.5;0.8672;0.7647;-0.3750;0.0000;191;214;0.0929;20.3740;-0.1603;-0.7800;19.7464;193.7;270.0;270.0;183.7
54.0;0.8777;0.7747;-0.4217;0.0000;189;214;0.0147;20.8550;-0.1679;-0.8019;20.5460;195.0;270.0;270.0;184.0
54.5;0.8892;0.7848;-0.4451;0.0000;189;216;0.0147;21.3359;-0.1679;-0.8019;20.5460;194.3;270.0;270.0;183.7
55.0;0.8993;0.7949;-0.3448;0.0000;193;214;0.0831;21.7786;-0.1756;-0.8239;21.3456;194.0;270.0;270.0;184.0
55.5;0.9098;0.8049;-0.4093;0.0000;191;214;-0.0733;22.2977;-0.1832;-0.8239;22.1452;194.3;270.0;270.0;183.4
56.0;0.9208;0.8146;-0.4121;0.0000;191;216;0.0147;22.7863;-0.1908;-0.8459;22.1452;194.0;270.0;270.0;184.2
56.5;0.9309;0.8246;-0.4423;0.0000;189;216;0.0929;23.2214;-0.1985;-0.8679;22.9448;194.8;270.0;270.0;183.7
57.0;0.9418;0.8347;-0.4698;0.0000;189;216;-0.0733;23.7481;-0.2061;-0.8679;23.7444;194.8;270.0;270.0;183.2
57.5;0.9524;0.8448;-0.4986;0.0000;187;218;0.1711;24.2290;-0.2137;-0.8898;23.7444;195.6;270.0;270.0;183.2
58.0;0.9629;0.8549;-0.4423;0.0000;189;214;-0.1515;24.7099;-0.2214;-0.8898;24.5440;194.5;270.0;270.0;182.9
58.5;0.9725;0.8649;-0.5192;0.0000;187;218;0.0929;25.2366;-0.2290;-0.9118;24.5440;194.8;270.0;270.0;182.9
59.0;0.9826;0.8745;-0.4753;0.0000;189;218;0.0147;25.7176;-0.2366;-0.9338;25.3436;194.5;270.0;270.0;183.4
59.5;0.9922;0.8846;-0.4464;0.0000;191;218;0.0147;26.1985;-0.2443;-0.9338;26.1432;195.3;270.0;270.0;182.9
60.0;1.0014;0.8947;-0.5275;0.0000;189;222;0.1711;26.6794;-0.2519;-0.9557;26.1432;194.8;270.0;270.0;182.9
60.5;1.0110;0.9048;-0.4368;0.0000;193;222;-0.0733;27.2061;-0.2595;-0.9777;26.9428;195.3;270.0;270.0;182.6
61.0;1.0206;0.9148;-0.4135;0.0000;193;220;0.0929;27.7252;-0.2672;-0.9777;26.9428;194.8;270.0;270.0;182.6
61.5;1.0316;0.9249;-0.4670;0.0000;193;224;0.0147;28.2901;-0.2824;-0.9997;27.7425;194.8;270.0;270.0;183.4
62.0;1.0408;0.9350;-0.3984;0.0000;196;224;0.0049;28.7710;-0.2901;-0.9997;28.5421;195.3;270.0;270.0;182.9
62.5;1.0499;0.9446;-0.4766;0.0000;193;224;0.0147;29.2519;-0.2977;-1.0217;28.5421;195.3;270.0;270.0;183.2
63.0;1.0586;0.9547;-0.5041;0.0000;195;228;-0.0635;29.7786;-0.3053;-1.0217;29.3417;196.6;270.0;270.0;182.9
63.5;1.0682;0.9647;-0.5467;0.0591;175;247;0.0147;30.3359;-0.3130;-1.0436;30.1413;196.1;270.0;270.0;182.9
64.0;1.0778;0.9748;-0.4396;0.0989;183;241;0.0929;30.8626;-0.3282;-1.0656;30.1413;197.7;270.0;270.0;182.6
64.5;1.0870;0.9849;-0.5014;0.0495;210;218;0.1711;31.4198;-0.3359;-1.0656;30.9409;197.2;270.0;270.0;182.1
65.0;1.0952;0.9950;-0.3846;0.0591;196;234;-0.0733;31.9466;-0.3435;-1.0876;31.7405;196.4;270.0;270.0;182.1
65.5;1.1039;1.0046;-0.2830;0.0288;212;220;0.0831;32.4656;-0.3588;-1.0876;31.7405;196.1;270.0;270.0;182.4
66.0;1.1131;1.0147;-0.2734;0.0398;202;234;0.0049;33.0305;-0.3664;-1.1096;32.5401;196.1;270.0;270.0;182.1
66.5;1.1218;1.0247;-0.0728;0.0398;212;226;-0.0049;33.5954;-0.3740;-1.1096;33.3397;195.8;270.0;270.0;182.1
67.0;1.1305;1.0348;-0.0673;0.0398;212;228;0.0733;34.1145;-0.3893;-1.1096;33.3397;195.3;270.0;270.0;182.1
67.5;1.1383;1.0449;-0.1030;0.0398;214;232;-0.0831;34.6412;-0.3969;-1.1096;34.1393;195.6;270.0;270.0;182.1
68.0;1.1474;1.0549;-0.1593;0.0096;224;224;0.0831;35.2366;-0.4046;-1.1096;34.9389;195.3;270.0;270.0;181.8
68.5;1.1557;1.0646;-0.2720;0.0495;198;247;0.0831;35.7634;-0.4198;-1.1315;35.7386;195.6;270.0;270.0;182.1
69.0;1.1644;1.0746;-0.4052;0.0687;202;247;-0.0733;36.3664;-0.4275;-1.1315;35.7386;196.6;270.0;270.0;182.1
69.5;1.1735;1.0847;-0.3228;0.0288;224;228;0.0049;36.9313;-0.4427;-1.1315;36.5382;195.6;270.0;270.0;181.8
70.0;1.1818;1.0948;-0.2761;0.0687;202;253;0.0049;37.4886;-0.4504;-1.1535;37.3378;196.4;270.0;270.0;182.1
70.5;1.1900;1.1049;-0.3434;0.0288;228;232;0.0049;38.0534;-0.4656;-1.1535;37.3378;195.6;270.0;270.0;181.8
71.0;1.1978;1.1149;-0.1607;0.0687;208;253;0.0049;38.6947;-0.4733;-1.1535;38.1374;196.6;270.0;270.0;182.6
71.5;1.2056;1.1245;-0.1140;0.0893;218;249;-0.0049;39.2595;-0.4885;-1.1755;38.9370;197.7;270.0;270.0;182.1
72.0;1.2143;1.1346;-0.0838;0.0495;239;232;-0.0049;39.9008;-0.5038;-1.1755;39.7366;197.2;270.0;270.0;181.8
72.5;1.2225;1.1447;-0.0082;0.0288;238;238;0.0733;40.5038;-0.5114;-1.1755;39.7366;195.8;270.0;270.0;181.8
73.0;1.2312;1.1548;-0.0508;0.0687;220;259;-0.0831;41.1069;-0.5267;-1.1755;40.5362;196.6;270.0;270.0;181.8
73.5;1.2399;1.1648;-0.0494;0.0288;245;236;-0.0049;41.7481;-0.5344;-1.1755;41.3358;195.6;270.0;270.0;182.1
74.0;1.2482;1.1749;-0.0041;0.0687;224;261;-0.0831;42.3511;-0.5496;-1.1755;42.1354;197.2;270.0;270.0;181.8
74.5;1.2573;1.1850;0.0577;0.0591;241;247;0.0733;43.0382;-0.5649;-1.1755;42.9350;196.6;270.0;270.0;182.1
75.0;1.2674;1.1946;-0.0357;0.0591;238;253;-0.0049;43.6794;-0.5802;-1.1755;42.9350;196.6;270.0;270.0;181.6
75.5;1.2770;1.2047;0.0302;0.0288;249;241;-0.0049;44.3206;-0.5878;-1.1755;43.7346;195.6;270.0;270.0;181.6
76.0;1.2866;1.2147;0.0563;0.0687;230;267;-0.0049;44.9618;-0.6031;-1.1755;44.5343;197.2;270.0;270.0;181.6
76.5;1.2967;1.2248;0.0137;0.0591;245;251;0.0733;45.6489;-0.6183;-1.1755;45.3339;196.6;270.0;270.0;181.8
77.0;1.3063;1.2349;0.1126;0.0288;255;243;-0.0049;46.2901;-0.6336;-1.1755;46.1335;196.1;270.0;270.0;182.1
77.5;1.3159;1.2450;-0.0110;0.0687;232;271;-0.0049;46.9313;-0.6412;-1.1755;46.9331;196.6;270.0;270.0;182.1
78.0;1.3251;1.2546;-0.0069;0.0288;257;245;-0.0831;47.6183;-0.6565;-1.1755;46.9331;196.1;270.0;270.0;182.4
78.5;1.3338;1.2647;0.0316;0.0398;243;263;0.0733;48.2977;-0.6718;-1.1755;47.7327;195.3;270.0;270.0;182.1
79.0;1.3420;1.2747;-0.0549;0.0687;238;273;-0.0049;48.9389;-0.6870;-1.1755;48.5323;196.1;270.0;270.0;182.1
79.5;1.3512;1.2848;-0.0165;0.0893;241;269;-0.0831;49.6260;-0.6947;-1.1755;49.3319;197.7;270.0;270.0;182.6
80.0;1.3599;1.2949;0.0137;0.0495;263;249;0.0733;50.3053;-0.7099;-1.1755;50.1315;196.9;270.0;270.0;182.4
80.5;1.3686;1.3049;-0.0316;0.0591;247;269;0.0733;50.9924;-0.7252;-1.1755;50.9311;196.9;270.0;270.0;182.1
81.0;1.3777;1.3146;-0.0563;0.0288;261;257;-0.0049;51.7176;-0.7405;-1.1755;50.9311;195.6;270.0;270.0;182.1
81.5;1.3869;1.3246;0.0137;0.0687;241;279;-0.0049;52.4351;-0.7557;-1.1755;51.7307;196.6;270.0;270.0;182.1
82.0;1.3956;1.3347;-0.0398;0.0288;269;257;-0.0049;53.0840;-0.7634;-1.1755;52.5304;195.8;270.0;270.0;182.1
82.5;1.4029;1.3448;0.0165;0.0989;236;292;-0.0049;53.7252;-0.7786;-1.1755;53.3300;197.9;270.0;270.0;183.2
83.0;1.4107;1.3549;0.0398;0.0192;286;245;-0.0831;54.4046;-0.7939;-1.1755;54.1296;196.1;270.0;270.0;182.6
83.5;1.4194;1.3649;-0.0742;0.0687;245;292;0.0733;55.1679;-0.8092;-1.1755;54.9292;196.6;270.0;270.0;183.2
84.0;1.4277;1.3745;-0.0288;0.0591;267;273;-0.0831;55.8550;-0.8244;-1.1755;55.7288;196.4;270.0;270.0;182.6
84.5;1.4364;1.3846;-0.0330;0.0288;277;271;-0.0049;56.5802;-0.8397;-1.1755;56.5284;196.1;270.0;270.0;182.6
85.0;1.4446;1.3947;0.0673;0.0398;269;283;0.0733;57.2595;-0.8550;-1.1755;56.5284;195.6;270.0;270.0;182.9
85.5;1.4524;1.4048;0.0797;0.0687;263;290;-0.0929;57.9466;-0.8626;-1.1755;57.3280;196.6;270.0;270.0;182.6
86.0;1.4602;1.4148;0.2225;0.0288;290;267;-0.0147;58.6641;-0.8779;-1.1535;58.1276;195.6;270.0;270.0;182.9
86.5;1.4689;1.4249;0.0467;0.0398;273;288;-0.0049;59.3893;-0.8931;-1.1535;58.9272;196.4;270.0;270.0;183.7
87.0;1.4776;1.4350;-0.0069;0.0096;286;279;-0.0831;60.1527;-0.9084;-1.1535;59.7268;195.8;270.0;270.0;183.7
87.5;1.4867;1.4446;0.0426;0.0495;269;302;-0.0049;60.8779;-0.9237;-1.1535;60.5265;196.4;270.0;270.0;183.4
88.0;1.4950;1.4547;-0.0536;0.0398;283;290;-0.0049;61.6031;-0.9389;-1.1535;61.3261;195.6;270.0;270.0;183.2
88.5;1.5032;1.4647;0.0618;0.0687;273;302;-0.0049;62.3206;-0.9542;-1.1535;62.1257;196.4;270.0;270.0;182.9
89.0;1.5124;1.4748;-0.0769;0.0288;294;284;-0.0831;63.0840;-0.9695;-1.1535;62.9253;195.6;270.0;270.0;182.9
89.5;1.5206;1.4849;-0.1277;0.1291;249;333;0.0831;63.8473;-0.9847;-1.1755;63.7249;198.5;270.0;270.0;182.9
90.0;1.5288;1.4950;-0.1923;0.0687;300;286;-0.0831;64.6107;-1.0000;-1.1755;64.5245;197.7;270.0;270.0;183.2
90.5;1.5380;1.5046;-0.0343;-0.0110;316;277;-0.0049;65.4198;-1.0153;-1.1755;65.3241;196.6;270.0;270.0;183.4
91.0;1.5481;1.5147;-0.0852;0.0797;259;331;-0.0049;66.2214;-1.0305;-1.1755;66.1237;197.7;270.0;270.0;184.0
91.5;1.5591;1.5247;0.0646;0.0893;286;302;-0.0831;67.0611;-1.0458;-1.1755;66.9233;197.7;270.0;270.0;182.9
92.0;1.5701;1.5348;0.0027;0.1099;283;310;-0.0049;67.8702;-1.0687;-1.1755;67.7229;198.7;270.0;270.0;182.6
92.5;1.5801;1.5449;-0.1854;0.0687;296;294;-0.0831;68.7099;-1.0840;-1.1755;68.5226;198.2;270.0;270.0;182.1
93.0;1.5902;1.5549;-0.0412;0.0797;288;308;-0.0831;69.4733;-1.0992;-1.1755;69.3222;197.7;270.0;270.0;182.1
93.5;1.6007;1.5646;-0.1305;0.0495;300;298;-0.0049;70.3588;-1.1145;-1.1755;70.1218;197.2;270.0;270.0;182.6
94.0;1.6108;1.5746;-0.0302;0.0591;290;308;-0.0831;71.2061;-1.1298;-1.1755;70.9214;196.6;270.0;270.0;182.4
94.5;1.6209;1.5847;-0.1772;0.0288;300;298;-0.0831;72.0458;-1.1527;-1.1975;71.7210;195.6;270.0;270.0;182.1
95.0;1.6319;1.5948;-0.2665;0.0687;277;326;0.0049;72.9313;-1.1679;-1.1975;72.5206;196.6;270.0;270.0;181.8
95.5;1.6433;1.6049;-0.4821;0.0893;279;326;-0.0733;73.7786;-1.1832;-1.2194;73.3202;197.4;270.0;270.0;181.8
96.0;1.6548;1.6149;-0.3324;0.0495;302;302;-0.0733;74.7023;-1.2061;-1.2194;74.1198;196.9;270.0;270.0;182.1
96.5;1.6653;1.6245;-0.3791;0.0591;286;320;-0.0733;75.5420;-1.2214;-1.2194;74.9194;197.2;270.0;270.0;181.8
97.0;1.6754;1.6346;-0.5975;0.0591;283;322;0.0147;76.4275;-1.2443;-1.2414;75.7190;196.6;270.0;270.0;182.9
97.5;1.6854;1.6447;-0.4299;0.0591;290;320;-0.0733;77.2672;-1.2595;-1.2634;76.5187;196.6;270.0;270.0;181.8
98.0;1.6960;1.6548;-0.6401;0.0893;275;335;0.0147;78.1527;-1.2824;-1.2854;78.1179;197.4;270.0;270.0;182.1
98.5;1.7056;1.6648;-0.2981;0.0797;296;314;-0.0733;79.0000;-1.2977;-1.2854;78.9175;197.9;270.0;270.0;181.6
99.0;1.7147;1.6749;-0.4011;0.1099;283;331;-0.0733;79.9237;-1.3206;-1.3073;79.7171;197.7;270.0;270.0;181.1
99.5;1.7244;1.6850;-0.1951;0.1291;290;326;0.0049;80.8092;-1.3435;-1.3073;80.5167;198.7;270.0;270.0;181.1
100.0;1.7340;1.6946;-0.3283;0.1195;296;320;0.0049;81.6870;-1.3588;-1.3073;81.3163;198.5;270.0;270.0;180.8
100.5;1.7440;1.7047;-0.3365;0.0591;318;306;-0.0733;82.6183;-1.3817;-1.3293;82.1159;197.2;270.0;270.0;180.5
101.0;1.7546;1.7147;-0.5824;0.1387;265;357;0.0147;83.5802;-1.4046;-1.3293;82.9155;197.7;270.0;270.0;180.0
101.5;1.7647;1.7248;-0.4794;0.0893;310;314;0.0147;84.5420;-1.4275;-1.3513;84.5147;198.5;270.0;270.0;179.7
102.0;1.7756;1.7349;-0.2060;0.1593;279;347;-0.0831;85.4657;-1.4504;-1.3513;85.3144;199.3;270.0;270.0;180.5
102.5;1.7871;1.7450;-0.5082;0.1387;296;326;0.0147;86.4351;-1.4733;-1.3733;86.1140;198.7;270.0;270.0;180.0
103.0;1.7972;1.7546;-0.3063;0.1387;294;326;-0.0733;87.3588;-1.4885;-1.3733;86.9136;200.1;270.0;270.0;180.8
103.5;1.8077;1.7647;-0.4409;0.1387;292;331;0.0147;88.3206;-1.5191;-1.3952;87.7132;199.3;270.0;270.0;180.3
104.0;1.8191;1.7747;-0.2157;0.1099;308;316;0.0049;89.2824;-1.5420;-1.3952;88.5128;199.0;270.0;270.0;180.5
104.5;1.8306;1.7848;-0.0838;0.1799;279;345;-0.0831;90.2061;-1.5649;-1.3952;90.1120;199.8;270.0;270.0;180.0
105.0;1.8416;1.7949;0.2019;0.1291;326;300;-0.0147;91.1756;-1.5878;-1.3952;90.9116;198.7;270.0;270.0;180.0
105.5;1.8535;1.8049;0.0192;0.1387;300;324;-0.0049;92.1374;-1.6107;-1.3952;91.7112;199.3;270.0;270.0;180.8
106.0;1.8645;1.8146;-0.1195;0.0495;331;294;-0.0049;93.0992;-1.6336;-1.3952;92.5108;197.7;270.0;270.0;181.8
106.5;1.8759;1.8246;-0.1030;0.0797;292;331;-0.0049;94.0687;-1.6565;-1.3952;93.3105;197.9;270.0;270.0;180.8
107.0;1.8878;1.8347;-0.2102;0.1099;290;335;0.0049;95.1069;-1.6794;-1.4172;94.9097;197.7;270.0;270.0;180.5
107.5;1.8997;1.8448;0.1277;0.1593;290;335;0.0733;96.1145;-1.7023;-1.3952;95.7093;198.7;270.0;270.0;180.0
108.0;1.9103;1.8549;-0.2266;0.1387;302;322;0.1613;97.0763;-1.7252;-1.4172;96.5089;198.7;270.0;270.0;180.0
108.5;1.9212;1.8649;-0.1264;0.1387;298;326;0.0831;98.0840;-1.7557;-1.4172;97.3085;200.1;270.0;270.0;180.8
109.0;1.9318;1.8745;-0.4080;0.1099;302;324;0.0049;99.0458;-1.7786;-1.4172;98.9077;198.7;270.0;270.0;180.8
109.5;1.9418;1.8846;-0.3132;0.1799;273;355;0.0831;100.0534;-1.8015;-1.4392;99.7073;200.6;270.0;270.0;180.5
110.0;1.9519;1.8947;-0.1827;0.2198;284;343;-0.0831;101.0534;-1.8244;-1.4392;100.5069;201.4;270.0;270.0;180.0
110.5;1.9611;1.9048;-0.1264;0.1690;318;316;0.0831;102.0611;-1.8550;-1.4392;101.3066;200.8;270.0;270.0;180.0
111.0;1.9707;1.9148;-0.1758;0.2088;286;345;0.0831;103.0687;-1.8779;-1.4392;102.9058;201.4;270.0;270.0;179.5
111.5;1.9812;1.9249;-0.5618;0.2294;283;349;0.0147;104.1069;-1.9008;-1.4612;103.7054;201.6;270.0;270.0;178.9
112.0;1.9908;1.9350;-0.2747;0.1593;322;314;0.0831;105.1145;-1.9313;-1.4831;104.5050;199.5;270.0;270.0;178.9
112.5;2.0009;1.9446;-0.4354;0.1497;298;337;0.1711;106.1603;-1.9542;-1.4831;106.1042;199.8;270.0;270.0;179.5
113.0;2.0114;1.9547;-0.2088;0.2198;279;361;0.0049;107.2061;-1.9847;-1.4831;106.9038;200.1;270.0;270.0;178.9
113.5;2.0220;1.9647;-0.1813;0.1387;326;310;0.0831;108.2061;-2.0076;-1.5051;107.7034;200.1;270.0;270.0;179.5
114.0;2.0334;1.9748;-0.4080;-0.0810;370;269;0.0733;1.0840;0.0000;-0.0109;0.5557;201.4;270.0;270.0;179.7
114.5;2.0444;1.9853;-0.5110;0.0000;277;369;0.0147;2.1298;-0.0076;-0.0328;1.3553;201.1;270.0;270.0;180.3
115.0;2.0554;1.9959;-0.4712;0.0000;308;347;0.0147;3.1679;-0.0076;-0.0328;2.9546;199.5;270.0;270.0;180.0
115.5;2.0655;2.0064;-0.3915;0.0000;312;349;0.0929;4.1756;-0.0076;-0.0548;3.7542;199.5;270.0;270.0;179.5
116.0;2.0746;2.0169;-0.4890;0.0000;314;357;0.0147;5.1374;-0.0076;-0.0548;4.5538;200.8;270.0;270.0;178.7
116.5;2.0829;2.0279;-0.3530;0.0000;322;359;0.0929;6.1450;-0.0076;-0.0768;5.3534;200.6;270.0;270.0;178.9
117.0;2.0911;2.0389;-0.5371;0.0000;322;367;0.1711;7.1908;-0.0076;-0.0988;6.9526;200.8;270.0;270.0;178.7
117.5;2.0998;2.0504;-0.4437;0.0000;331;372;0.0147;8.2366;-0.0076;-0.0988;7.7522;201.4;270.0;270.0;179.2
118.0;2.1085;2.0618;-0.4135;0.0000;337;378;0.0049;9.2824;-0.0076;-0.1207;8.5518;200.6;270.0;270.0;178.4
118.5;2.1172;2.0733;-0.2308;0.0000;347;376;0.0049;10.3282;-0.0153;-0.1207;10.1510;199.3;270.0;270.0;178.7
119.0;2.1259;2.0852;-0.0893;0.0000;359;382;-0.0049;11.3664;-0.0153;-0.1207;10.9506;200.8;270.0;270.0;178.7
119.5;2.1346;2.0971;-0.0137;0.0000;365;384;-0.0049;12.4122;-0.0153;-0.1207;11.7503;200.1;270.0;270.0;177.9
120.0;2.1447;2.1090;-0.0962;0.0000;369;394;0.0831;13.5038;-0.0229;-0.1207;13.3495;200.3;270.0;270.0;178.7
120.5;2.1557;2.1213;-0.1209;0.0000;374;402;-0.0049;14.6260;-0.0229;-0.1207;14.1491;199.8;270.0;270.0;178.2
121.0;2.1658;2.1337;0.0261;0.0000;384;402;-0.0049;15.6718;-0.0229;-0.1207;14.9487;199.3;270.0;270.0;178.7
121.5;2.1763;2.1461;-0.0494;0.0000;386;408;-0.0049;16.7939;-0.0229;-0.1207;16.5479;199.5;270.0;270.0;178.9
122.0;2.1868;2.1584;-0.0343;0.0000;392;413;-0.0049;17.9237;-0.0305;-0.1207;17.3475;198.5;270.0;270.0;178.9
122.5;2.1983;2.1712;0.0027;0.0000;398;415;-0.0049;19.0458;-0.0305;-0.1207;18.9467;197.2;270.0;270.0;179.2
123.0;2.2102;2.1836;-0.0151;0.0000;398;415;-0.0831;20.2137;-0.0305;-0.1427;19.7464;197.4;270.0;270.0;179.5
123.5;2.2221;2.1960;0.0124;0.0000;404;419;-0.0049;21.3359;-0.0382;-0.1207;20.5460;196.4;270.0;270.0;179.2
124.0;2.2340;2.2083;0.0330;0.0000;402;417;0.0733;22.5038;-0.0382;-0.1207;22.1452;196.9;270.0;270.0;178.4
124.5;2.2463;2.2212;-0.0179;0.0000;398;415;-0.0049;23.6260;-0.0382;-0.1207;22.9448;193.7;270.0;270.0;178.2
125.0;2.2596;2.2335;0.0440;0.0000;406;419;-0.0831;24.7939;-0.0458;-0.1207;24.5440;191.9;270.0;270.0;178.2
125.5;2.2729;2.2459;0.1264;0.0000;406;415;-0.0049;26.0000;-0.0458;-0.1207;25.3436;192.9;270.0;270.0;177.9
126.0;2.2866;2.2587;-0.0769;0.0000;402;421;0.0733;27.1679;-0.0458;-0.1207;26.9428;191.1;270.0;270.0;178.2
126.5;2.2999;2.2711;-0.0206;0.0000;404;421;0.0733;28.4122;-0.0534;-0.1207;27.7425;190.8;270.0;270.0;178.2
127.0;2.3132;2.2834;0.0920;0.0000;406;419;-0.0929;29.5725;-0.0534;-0.1207;29.3417;191.1;270.0;270.0;179.2
127.5;2.3260;2.2962;-0.0014;0.0000;406;423;-0.0049;30.7786;-0.0534;-0.1207;30.1413;189.2;270.0;270.0;178.7
128.0;2.3384;2.3086;0.0288;-0.0302;419;413;-0.0049;31.9084;-0.0611;-0.1207;31.7405;188.7;270.0;270.0;178.4
128.5;2.3498;2.3210;-0.0110;0.0096;394;437;-0.0049;33.1145;-0.0611;-0.1207;32.5401;190.0;270.0;270.0;178.7
129.0;2.3617;2.3333;0.0151;-0.0302;423;413;-0.0049;34.3206;-0.0611;-0.1207;34.1393;188.7;270.0;270.0;178.9
129.5;2.3741;2.3462;-0.0082;-0.0206;412;435;-0.0049;35.5267;-0.0611;-0.1207;34.9389;189.0;270.0;270.0;178.7
130.0;2.3860;2.3585;0.1401;0.0096;408;437;-0.0147;36.7328;-0.0687;-0.1207;36.5382;188.7;270.0;270.0;177.4
130.5;2.3988;2.3709;0.1291;0.0288;413;439;-0.0049;37.9389;-0.0687;-0.1207;37.3378;188.7;270.0;270.0;176.6
131.0;2.4121;2.3837;-0.0755;0.0495;406;443;-0.0049;39.2214;-0.0687;-0.1207;38.9370;187.9;270.0;270.0;175.2
131.5;2.4258;2.3961;-0.0646;0.0687;408;445;-0.0049;40.5115;-0.0763;-0.1207;39.7366;188.7;270.0;270.0;175.2
132.0;2.4405;2.4084;-0.4121;0.1497;378;476;-0.0733;41.8321;-0.0763;-0.1427;41.3358;189.8;270.0;270.0;172.9
132.5;2.4547;2.4212;-0.3365;0.2088;384;468;-0.0733;43.1603;-0.0763;-0.1427;42.9350;191.1;270.0;270.0;171.0
133.0;2.4693;2.4336;-0.5234;0.2390;390;466;-0.0635;44.4886;-0.0840;-0.1647;43.7346;192.1;270.0;270.0;169.4
133.5;2.4716;2.4460;-0.3846;0.3091;386;470;0.0049;45.7710;-0.0840;-0.1647;45.3339;193.7;270.0;270.0;167.3
134.0;2.4776;2.4583;-0.2033;0.3997;386;482;-0.0831;47.0153;-0.0916;-0.1647;46.9331;195.6;270.0;270.0;166.0
134.5;2.4858;2.4712;-0.2734;0.4794;392;488;-0.0733;48.3435;-0.0916;-0.1867;47.7327;198.2;270.0;270.0;163.4
135.0;2.4968;2.4835;-0.1552;0.5000;417;470;0.0049;49.6336;-0.0992;-0.1867;49.3319;197.4;270.0;270.0;161.5
135.5;2.5092;2.4959;-0.0082;0.5398;415;476;-0.0049;51.0000;-0.0992;-0.1867;50.9311;197.4;270.0;270.0;160.2
136.0;2.5215;2.5087;0.1456;0.6099;406;484;-0.0929;52.3206;-0.1069;-0.1867;51.7307;199.8;270.0;270.0;158.9
136.5;2.5357;2.5211;0.1429;0.5797;441;453;-0.0929;53.7328;-0.1069;-0.1867;53.3300;199.8;270.0;270.0;158.4
137.0;2.5504;2.5334;0.3448;0.6387;413;476;-0.0929;55.0534;-0.1145;-0.1647;54.9292;201.1;270.0;270.0;157.6
137.5;2.5655;2.5462;0.1346;0.6799;415;480;-0.0049;56.4198;-0.1145;-0.1647;55.7288;202.7;270.0;270.0;158.1
138.0;2.5797;2.5586;0.3407;0.6593;443;457;-0.0929;57.7481;-0.1221;-0.1647;57.3280;202.4;270.0;270.0;157.6
138.5;2.5943;2.5710;0.5041;0.6593;439;457;-0.1026;59.0763;-0.1221;-0.1427;58.9272;203.5;270.0;270.0;158.6
139.0;2.6085;2.5833;0.7734;0.6291;455;441;0.0440;60.4046;-0.1298;-0.1207;59.7268;204.3;270.0;270.0;159.7
139.5;2.6227;2.5962;0.7376;0.5797;462;435;-0.0342;61.7710;-0.1298;-0.0988;61.3261;204.3;270.0;270.0;161.5
140.0;2.6374;2.6085;0.4986;0.5398;453;443;-0.1026;63.1756;-0.1298;-0.0768;62.9253;203.2;270.0;270.0;167.3
140.5;2.6525;2.6209;0.8654;0.4093;496;402;-0.0342;64.5420;-0.1298;-0.0548;64.5245;203.8;270.0;270.0;169.2
141.0;2.6671;2.6337;0.4231;0.3695;457;443;-0.0244;65.9847;-0.1374;-0.0548;65.3241;203.0;270.0;270.0;170.5
141.5;2.6809;2.6461;0.7830;0.3393;460;433;0.0440;67.3969;-0.1374;-0.0328;66.9233;201.9;270.0;270.0;171.8
142.0;2.6951;2.6584;0.3791;0.4190;413;484;-0.0147;68.8397;-0.1374;-0.0109;68.5226;203.5;270.0;270.0;172.1
142.5;2.7092;2.6712;0.5082;0.3393;470;427;0.0538;70.2519;-0.1374;0.0111;70.1218;202.7;270.0;270.0;172.3
143.0;2.7234;2.6836;0.0646;0.3887;413;484;0.0733;71.6565;-0.1374;0.0111;70.9214;203.5;270.0;270.0;172.9
143.5;2.7381;2.6960;-0.4876;0.2898;453;449;0.0929;73.1450;-0.1374;-0.0109;72.5206;202.7;270.0;270.0;174.7
144.0;2.7532;2.7083;0.0082;0.3187;419;474;0.0733;74.5496;-0.1374;-0.0109;74.1198;204.0;270.0;270.0;176.0
144.5;2.7679;2.7212;-0.2486;0.2898;431;462;0.0831;76.0382;-0.1374;-0.0109;75.7190;203.0;270.0;270.0;176.0
145.0;2.7830;2.7335;0.1401;0.3297;419;480;0.0733;77.4427;-0.1374;-0.0109;77.3183;204.5;270.0;270.0;176.3
145.5;2.7972;2.7459;-0.6113;0.4093;382;509;0.0929;78.9313;-0.1374;-0.0328;78.9175;206.7;270.0;270.0;176.0
146.0;2.8118;2.7587;-0.5288;0.3791;421;472;0.0929;80.4198;-0.1374;-0.0548;79.7171;206.9;270.0;270.0;175.5
146.5;2.8274;2.7711;-1.2775;0.3489;402;492;0.1222;81.9847;-0.1374;-0.0768;81.3163;205.6;270.0;270.0;175.8
147.0;2.8429;2.7834;-0.8214;0.4492;365;517;0.0244;83.4275;-0.1374;-0.0988;82.9155;208.8;270.0;270.0;175.8
147.5;2.8567;2.7962;-0.6030;0.4492;404;484;0.0929;84.8397;-0.1450;-0.1207;84.5147;208.5;270.0;270.0;174.7
148.0;2.8700;2.8086;-1.2198;0.4698;378;505;0.1222;86.3282;-0.1450;-0.1647;86.1140;209.8;270.0;270.0;174.7
148.5;2.8842;2.8210;-0.9148;0.4588;396;486;0.1124;87.8092;-0.1527;-0.1867;87.7132;208.5;270.0;270.0;174.2
149.0;2.8974;2.8333;-1.2940;0.3997;404;480;0.2004;89.3359;-0.1527;-0.2306;89.3124;206.9;270.0;270.0;173.9
149.5;2.9112;2.8462;-0.5646;0.4794;376;507;0.1711;90.7863;-0.1603;-0.2306;90.1120;208.2;270.0;270.0;173.9
150.0;2.9245;2.8585;-0.8503;0.3695;431;453;0.1808;92.3130;-0.1679;-0.2746;91.7112;205.6;270.0;270.0;173.9
150.5;2.9377;2.8709;0.1071;0.3997;413;476;0.1515;93.8397;-0.1756;-0.2526;93.3105;206.7;270.0;270.0;174.5
151.0;2.9510;2.8837;-0.1044;0.3695;425;458;-0.0049;95.4504;-0.1832;-0.2746;94.9097;206.9;270.0;270.0;175.8
151.5;2.9629;2.8961;0.0357;0.3489;427;457;-0.0049;96.8931;-0.1832;-0.2526;96.5089;205.1;270.0;270.0;174.7
152.0;2.9739;2.9084;-0.0563;0.4492;388;505;-0.0049;98.3435;-0.1908;-0.2746;98.1081;207.2;270.0;270.0;174.2
152.5;2.9849;2.9212;0.2294;0.4190;439;457;0.0635;99.8321;-0.1985;-0.2526;99.7073;207.2;270.0;270.0;173.9
153.0;2.9950;2.9336;0.9821;0.3297;484;417;0.0440;101.3130;-0.2061;-0.2306;101.3066;204.8;270.0;270.0;174.7
153.5;3.0050;2.9460;0.4327;0.3599;431;474;0.0635;102.8855;-0.2137;-0.2086;102.1062;204.8;270.0;270.0;174.7
154.0;3.0160;2.9583;0.9396;0.3599;455;453;0.0440;104.3664;-0.2137;-0.1867;103.7054;205.3;270.0;270.0;175.2
154.5;3.0270;2.9712;0.4890;0.3887;435;478;0.0538;105.9389;-0.2214;-0.1867;105.3046;206.1;270.0;270.0;174.5
155.0;3.0380;2.9835;0.9519;0.3489;472;445;-0.0342;107.4657;-0.2214;-0.1427;106.9038;203.8;270.0;270.0;174.2
155.5;3.0485;2.9959;1.1305;0.3297;472;447;-0.0440;108.9924;-0.2290;-0.1207;108.5030;204.3;270.0;270.0;174.5
156.0;3.0595;3.0087;1.5027;0.3695;464;460;-0.0538;110.5191;-0.2290;-0.0768;110.1023;204.8;270.0;270.0;174.5
156.5;3.0714;3.0211;1.4217;0.3887;470;458;-0.0538;112.0458;-0.2290;-0.0328;111.7015;205.6;270.0;270.0;174.7
157.0;3.0824;3.0334;0.9190;0.3489;478;451;-0.0342;113.5725;-0.2290;-0.0109;113.3007;204.8;270.0;270.0;175.0
157.5;3.0934;3.0462;1.5591;0.3297;496;445;-0.0635;115.0992;-0.2290;0.0331;114.8999;205.1;270.0;270.0;175.8
158.0;3.1044;3.0586;1.1717;0.3695;466;476;-0.0440;116.7099;-0.2290;0.0770;116.4991;205.3;270.0;270.0;175.2
158.5;3.1154;3.0710;1.4821;0.2995;507;427;-0.1320;118.1985;-0.2290;0.1210;118.0984;203.8;270.0;270.0;175.2
159.0;3.1268;3.0833;0.9354;0.3187;468;474;-0.1222;119.8397;-0.2214;0.1430;119.6976;204.3;270.0;270.0;175.2
159.5;3.1392;3.0962;1.1923;0.3791;462;484;-0.1320;121.4885;-0.2214;0.1649;121.2968;206.1;270.0;270.0;176.0
160.0;3.1529;3.1085;0.4135;0.3297;480;466;-0.1026;123.1374;-0.2137;0.1869;122.8960;205.1;270.0;270.0;175.8
160.5;3.1676;3.1209;0.4492;0.3393;464;488;-0.1808;124.9084;-0.2061;0.2089;124.4952;204.8;270.0;270.0;176.0
161.0;3.1827;3.1337;0.6223;0.3695;462;488;-0.1026;126.5573;-0.1985;0.2089;126.0945;207.4;270.0;270.0;177.6
161.5;3.1996;3.1461;0.6401;0.2995;498;453;-0.1906;128.4046;-0.1908;0.2308;127.6937;205.6;270.0;270.0;177.6
162.0;3.2166;3.1584;0.6648;0.3187;468;480;-0.1906;130.0916;-0.1832;0.2528;130.0925;205.1;270.0;270.0;176.6
162.5;3.2335;3.1712;0.0728;0.3489;445;496;-0.0831;131.8168;-0.1756;0.2528;131.6917;206.1;270.0;270.0;176.3
163.0;3.2505;3.1836;0.4080;0.3393;466;472;-0.0147;133.5114;-0.1679;0.2748;133.2909;206.1;270.0;270.0;176.3
163.5;3.2674;3.1960;-0.0426;0.3091;462;480;-0.0831;135.3130;-0.1603;0.2748;134.8902;204.5;270.0;270.0;176.3
164.0;3.2839;3.2083;0.2624;0.3489;443;492;0.0635;137.1221;-0.1527;0.2748;136.4894;204.8;270.0;270.0;175.8
164.5;3.3004;3.2212;-0.1030;0.3695;439;496;0.0831;138.8550;-0.1450;0.2748;138.0886;204.8;270.0;270.0;175.0
165.0;3.3159;3.2335;-0.3791;0.2692;468;460;0.0929;140.5802;-0.1374;0.2528;140.4874;204.3;270.0;270.0;176.3
165.5;3.3306;3.2459;-0.9093;0.4190;370;558;0.1026;142.2290;-0.1298;0.2308;142.0867;206.4;270.0;270.0;175.5
166.0;3.3439;3.2587;-0.8832;0.4396;413;519;0.1026;143.9542;-0.1221;0.2089;143.6859;207.2;270.0;270.0;174.7
166.5;3.3562;3.2711;-0.4519;0.3599;458;472;0.2493;145.6031;-0.1145;0.1869;145.2851;206.9;270.0;270.0;175.2
167.0;3.3686;3.2834;-0.8599;0.4396;394;537;0.1026;147.4122;-0.1069;0.1649;146.8843;207.2;270.0;270.0;174.2
167.5;3.3814;3.2962;-0.3695;0.3599;462;474;0.0929;149.1450;-0.0992;0.1649;148.4835;206.1;270.0;270.0;174.7
168.0;3.3929;3.3086;-0.6071;0.5000;380;556;0.1808;150.8321;-0.0992;0.1430;150.0827;208.8;270.0;270.0;174.2
168.5;3.4038;3.3210;-0.1786;0.4299;466;480;0.1613;152.5191;-0.0916;0.1430;152.4816;207.7;270.0;270.0;173.9
169.0;3.4144;3.3333;-0.5000;0.3791;453;494;0.1711;154.2061;-0.0916;0.1210;154.0808;206.7;270.0;270.0;174.5
169.5;3.4254;3.3462;0.0508;0.3997;443;501;0.1515;155.9771;-0.0840;0.1210;155.6800;205.3;270.0;270.0;174.2
170.0;3.4364;3.3585;-0.0604;0.3997;447;500;0.0733;157.7023;-0.0763;0.1210;157.2792;206.1;270.0;270.0;174.2
170.5;3.4469;3.3709;-0.2376;0.4588;421;527;0.0049;159.4733;-0.0763;0.1210;158.8785;208.2;270.0;270.0;174.7
171.0;3.4570;3.3837;-0.1909;0.4698;441;511;0.0049;161.1603;-0.0687;0.1210;160.4777;208.5;270.0;270.0;173.7
171.5;3.4679;3.3961;-0.3352;0.4299;457;501;0.0831;162.9695;-0.0687;0.0990;162.8765;208.5;270.0;270.0;174.5
172.0;3.4789;3.4084;0.1566;0.4093;466;498;0.0733;164.6947;-0.0611;0.0990;164.4757;207.7;270.0;270.0;174.7
172.5;3.4895;3.4212;-0.1195;0.4492;439;527;0.0831;166.4198;-0.0611;0.0990;166.0750;208.2;270.0;270.0;174.5
173.0;3.4995;3.4336;0.3585;0.4396;472;500;-0.1026;168.1527;-0.0611;0.1210;167.6742;208.2;270.0;270.0;174.5
173.5;3.5101;3.4460;0.1168;0.4698;455;523;-0.0049;169.9237;-0.0534;0.1210;169.2734;208.2;270.0;270.0;173.7
174.0;3.5197;3.4583;0.3901;0.3997;498;482;0.0635;171.6488;-0.0458;0.1210;170.8726;205.3;270.0;270.0;173.1
174.5;3.5298;3.4712;0.5838;0.3887;488;501;0.0538;173.3741;-0.0458;0.1430;173.2714;205.3;270.0;270.0;173.9
175.0;3.5398;3.4835;0.8709;0.3695;501;492;0.0440;175.1832;-0.0382;0.1649;174.8707;204.8;270.0;270.0;174.2
175.5;3.5508;3.4959;1.0041;0.3791;498;501;-0.0440;176.9542;-0.0305;0.2089;176.4699;204.8;270.0;270.0;173.7
176.0;3.5618;3.5087;0.5577;0.3791;494;513;-0.1026;178.7634;-0.0229;0.2089;178.0691;204.8;270.0;270.0;173.1
176.5;3.5719;3.5211;1.0316;0.3489;517;490;-0.1222;180.4886;-0.0229;0.2528;180.4679;203.8;270.0;270.0;173.9
177.0;3.5810;3.5334;0.6484;0.4190;474;537;0.0538;182.2214;-0.0076;0.2528;182.0671;205.3;270.0;270.0;173.4
177.5;3.5893;3.5462;0.9808;0.3695;531;494;-0.0440;183.9847;0.0000;0.2968;183.6664;204.8;270.0;270.0;173.9
178.0;3.5984;3.5586;0.6951;0.4093;496;535;0.0538;185.7176;0.0076;0.3187;185.2656;205.3;270.0;270.0;173.7
178.5;3.6081;3.5710;1.0838;0.3393;548;492;-0.0440;187.5649;0.0153;0.3407;186.8648;204.8;270.0;270.0;174.7
179.0;3.6186;3.5833;0.6690;0.2995;533;513;-0.1906;189.3282;0.0305;0.3627;189.2636;204.0;270.0;270.0;175.5
179.5;3.6300;3.5962;0.8036;0.3489;505;541;-0.1124;191.2214;0.0382;0.3847;190.8629;204.8;270.0;270.0;175.5
180.0;3.6410;3.6085;1.1827;0.3091;550;503;-0.0440;192.9924;0.0534;0.4286;192.4621;202.7;270.0;270.0;175.2
180.5;3.6525;3.6209;1.1566;0.3489;525;533;-0.1222;194.8779;0.0687;0.4506;194.8609;203.5;270.0;270.0;175.2
181.0;3.6644;3.6337;1.2747;0.2788;564;492;0.0342;196.7634;0.0840;0.4945;196.4601;203.0;270.0;270.0;175.5
181.5;3.6767;3.6461;0.4931;0.2995;515;543;-0.1026;198.6565;0.0992;0.4945;198.0593;203.0;270.0;270.0;176.0
182.0;3.6896;3.6584;0.5714;0.2390;544;513;-0.0244;200.5878;0.1221;0.5165;200.4582;201.4;270.0;270.0;176.3
182.5;3.7042;3.6712;-0.0673;0.1992;525;535;-0.0831;202.5573;0.1374;0.5165;202.0574;198.7;270.0;270.0;175.2
183.0;3.7202;3.6836;0.0440;0.1896;517;543;0.0733;204.6031;0.1603;0.5165;204.4562;196.6;270.0;270.0;174.7
183.5;3.7376;3.6960;-0.3393;0.1387;523;541;0.0831;206.5725;0.1756;0.5165;206.0554;192.9;270.0;270.0;173.7
184.0;3.7578;3.7083;-0.6868;0.1593;488;568;-0.0635;208.7023;0.1908;0.4945;208.4543;192.1;270.0;270.0;173.1
184.5;3.7779;3.7212;-0.9602;0.0989;505;544;-0.0538;210.7557;0.2137;0.4726;210.0535;191.6;270.0;270.0;174.7
185.0;3.7985;3.7335;-1.1071;0.0893;480;558;0.0342;212.9237;0.2290;0.4286;212.4523;189.8;270.0;270.0;173.7
185.5;3.8196;3.7459;-0.6552;0.0687;496;543;0.0147;215.0153;0.2443;0.4066;214.8512;187.4;270.0;270.0;173.1
186.0;3.8397;3.7587;-0.5385;0.0192;505;525;0.1711;217.0229;0.2595;0.4066;216.4504;186.3;270.0;270.0;172.6
186.5;3.8576;3.7711;-0.3915;0.0687;468;550;0.2493;219.0687;0.2748;0.3847;218.8492;185.5;270.0;270.0;171.8
187.0;3.8745;3.7834;-1.0398;0.1195;449;570;0.1124;221.0382;0.2901;0.3627;220.4484;188.7;270.0;270.0;172.6
187.5;3.8897;3.7962;-0.9712;0.2198;429;584;0.1124;223.0076;0.2977;0.3187;222.8472;194.8;270.0;270.0;173.4
188.0;3.9038;3.8086;-1.6058;0.5096;341;674;0.2102;224.9389;0.3130;0.2748;235.6410;200.1;270.0;270.0;171.3
188.5;3.9176;3.8210;-1.1140;0.5192;451;576;0.2786;226.9084;0.3206;0.2528;237.2402;205.1;270.0;270.0;169.2
189.0;3.9295;3.8333;-1.0151;0.5989;423;593;0.1906;228.8397;0.3282;0.2308;239.6391;215.9;270.0;270.0;167.9
189.5;3.9409;3.8462;-0.7885;0.6799;429;591;0.0244;230.8473;0.3359;0.2089;241.2383;227.2;270.0;270.0;165.7
190.0;3.9515;3.8585;-0.4025;0.7596;439;587;0.1711;232.7786;0.3435;0.1869;243.6371;238.3;270.0;270.0;163.9
190.5;3.9625;3.8709;-0.1923;0.8997;417;603;0.1613;234.7023;0.3511;0.1869;245.2363;252.8;270.0;270.0;161.0
191.0;3.9716;3.8832;0.5797;0.9588;464;558;0.0538;236.6718;0.3588;0.2089;247.6351;270.0;270.0;270.0;159.1
191.5;3.9799;3.8951;0.4986;0.9190;490;525;0.2199;238.6412;0.3664;0.2089;249.2344;270.0;270.0;270.0;158.6
192.0;3.9890;3.9071;0.8695;0.9190;486;525;0.1222;240.7328;0.3740;0.2308;251.6332;270.0;270.0;270.0;158.4
192.5;3.9973;3.9185;0.5989;0.9794;457;552;-0.0244;242.5802;0.3817;0.2528;253.2324;270.0;270.0;270.0;158.1
193.0;4.0046;3.9304;0.9780;0.8393;535;472;0.0440;244.5496;0.3893;0.2748;254.8316;270.0;270.0;270.0;159.4
193.5;4.0119;3.9418;1.2129;0.8187;503;507;0.0342;246.5191;0.3969;0.3187;257.2305;270.0;270.0;270.0;161.3
194.0;4.0201;3.9528;1.3654;0.4794;621;388;0.1026;248.6107;0.4122;0.3627;259.6293;270.0;270.0;270.0;166.5
194.5;4.0279;3.9638;1.4286;0.2995;576;437;0.0244;250.2672;0.4275;0.4066;261.2285;270.0;270.0;270.0;171.8
195.0;4.0353;3.9748;1.1635;0.0989;582;431;-0.1222;250.2672;0.4427;0.4286;262.8277;270.0;270.0;270.0;176.6
195.5;4.0417;3.9858;1.2088;0.0797;527;488;-0.1320;250.2672;0.4580;0.4726;265.2266;270.0;270.0;270.0;178.9
196.0;4.0499;3.9963;1.0302;0.0000;543;470;-0.0440;250.2672;0.4733;0.4945;266.8258;270.0;270.0;270.0;181.1
196.5;4.0568;4.0069;1.0302;-0.0206;525;488;-0.0440;250.2672;0.4886;0.5165;269.2246;270.0;270.0;270.0;182.6
197.0;4.0641;4.0169;0.5756;0.0000;496;511;-0.0244;250.2672;0.5115;0.5385;270.8238;270.0;270.0;270.0;182.1
197.5;4.0701;4.0275;0.6635;0.0000;505;503;-0.0244;250.2672;0.5267;0.5605;273.2227;270.0;270.0;270.0;181.6
198.0;4.0746;4.0371;0.2679;0.1799;431;576;-0.0147;250.2672;0.5496;0.5605;274.8219;270.0;270.0;270.0;178.9
198.5;4.0797;4.0472;0.2363;0.1195;513;500;-0.0929;250.2672;0.5725;0.5824;277.2207;270.0;270.0;270.0;178.7
199.0;4.0847;4.0568;0.5508;0.1799;482;533;-0.0244;250.2672;0.5878;0.5824;278.8199;270.0;270.0;270.0;177.4
199.5;4.0897;4.0664;0.5398;0.1593;507;505;-0.0244;250.2672;0.6107;0.6044;281.2188;270.0;270.0;270.0;177.4
200.0;4.0939;4.0755;0.8462;0.1593;511;505;-0.1124;250.2672;0.6336;0.6264;282.8180;270.0;270.0;270.0;177.4
200.5;4.0984;4.0847;0.5893;0.0989;527;492;-0.1026;250.2672;0.6565;0.6484;285.2168;270.0;270.0;270.0;178.7
201.0;4.1053;4.0939;0.5316;0.1195;501;521;-0.0244;250.2672;0.6870;0.6703;287.6156;270.0;270.0;270.0;178.4
201.5;4.1131;4.1030;0.2926;0.1195;500;517;0.0635;250.2672;0.7099;0.6703;289.2148;270.0;270.0;270.0;178.7
202.0;4.1213;4.1117;0.2995;0.1195;498;515;-0.0147;250.2672;0.7328;0.6703;291.6137;270.0;270.0;270.0;178.4
202.5;4.1305;4.1204;0.0604;0.1799;470;541;-0.0049;250.2672;0.7634;0.6923;294.0125;270.0;270.0;270.0;177.9
203.0;4.1429;4.1287;-0.2582;0.0989;505;498;0.0049;250.2672;0.7863;0.6703;296.4113;270.0;270.0;270.0;178.7
203.5;4.1575;4.1369;-0.5577;0.1195;460;535;0.0147;250.2672;0.8168;0.6484;298.0106;270.0;270.0;270.0;178.7
204.0;4.1731;4.1451;-1.0288;0.1195;449;535;0.1124;250.2672;0.8397;0.6264;300.4094;270.0;270.0;270.0;179.2
204.5;4.1886;4.1529;-0.9451;0.1799;421;546;0.1124;250.2672;0.8626;0.6044;302.8082;270.0;270.0;270.0;178.2
205.0;4.2056;4.1607;-1.0920;0.2198;417;539;0.1906;250.2672;0.8855;0.5605;305.2071;270.0;270.0;270.0;176.8
205.5;4.2221;4.1685;-0.8063;0.1992;437;503;0.1808;250.2672;0.9160;0.5385;307.6059;270.0;270.0;270.0;176.6
206.0;4.2353;4.1758;-0.6525;0.1992;425;500;0.0929;250.2672;0.9313;0.5385;309.2051;270.0;270.0;270.0;176.6
206.5;4.2463;4.1832;-0.5893;0.1992;419;492;0.1808;250.2672;0.9542;0.5165;311.6039;270.0;270.0;270.0;176.8
207.0;4.2550;4.1905;-0.7033;0.1992;413;492;0.1808;250.2672;0.9695;0.4945;314.0027;270.0;270.0;270.0;177.1
207.5;4.2633;4.1978;-0.5288;0.1992;412;482;0.1711;250.2672;0.9924;0.4726;316.4016;270.0;270.0;270.0;176.3
208.0;4.2711;4.2047;-0.3338;0.1387;435;455;0.2493;250.2672;1.0076;0.4726;318.0008;270.0;270.0;270.0;178.2
208.5;4.2775;4.2111;-0.2569;0.2198;386;496;0.0831;250.2672;1.0305;0.4506;320.3996;270.0;270.0;270.0;177.1
209.0;4.2816;4.2179;0.1195;0.1992;425;451;0.1515;250.2672;1.0458;0.4726;322.7985;270.0;270.0;270.0;176.6
209.5;4.2853;4.2244;0.2239;0.1992;419;455;0.2297;250.2672;1.0611;0.4726;324.3977;270.0;270.0;270.0;176.3
210.0;4.2889;4.2303;0.4766;0.2596;402;464;0.0538;250.2672;1.0763;0.4945;326.7965;270.0;270.0;270.0;175.8
210.5;4.2912;4.2367;0.3819;0.1799;447;419;0.0635;250.2672;1.0992;0.4945;328.3957;270.0;270.0;270.0;176.8
211.0;4.2935;4.2422;0.5852;0.1992;419;449;0.1320;250.2672;1.1145;0.5165;330.7946;270.0;270.0;270.0;176.8
211.5;4.2953;4.2482;0.2225;0.1992;413;449;0.1515;250.2672;1.1374;0.5165;333.1934;270.0;270.0;270.0;176.3
212.0;4.2962;4.2537;0.4959;0.1992;419;443;0.0538;250.2672;1.1527;0.5385;334.7926;270.0;270.0;270.0;176.6
212.5;4.2967;4.2592;0.5742;0.2596;404;462;0.1320;250.2672;1.1756;0.5385;337.1914;270.0;270.0;270.0;176.0
213.0;4.2985;4.2647;0.7843;0.1799;455;408;-0.0342;250.2672;1.1985;0.5605;339.5903;270.0;270.0;270.0;176.3
213.5;4.3004;4.2697;0.9135;0.1992;425;439;0.1222;250.2672;1.2214;0.6044;341.1895;270.0;270.0;270.0;176.8
214.0;4.3031;4.2747;0.6758;0.1992;425;437;0.0538;250.2672;1.2443;0.6264;343.5883;270.0;270.0;270.0;176.6
214.5;4.3054;4.2798;0.7843;0.1992;427;429;-0.1906;250.2672;1.2672;0.6484;345.9872;270.0;270.0;270.0;176.8
215.0;4.3068;4.2843;0.7995;0.1387;449;410;-0.1124;250.2672;1.2901;0.6703;347.5864;270.0;270.0;270.0;177.9
215.5;4.3072;4.2889;1.0137;0.0989;449;410;0.0440;250.2672;1.3130;0.6923;349.9852;270.0;270.0;270.0;178.9
216.0;4.3072;4.2930;0.9052;0.1195;425;429;-0.0342;250.2672;1.3435;0.7143;352.3840;270.0;270.0;270.0;178.9
216.5;4.3063;4.2976;1.2486;0.1195;443;415;-0.0538;250.2672;1.3664;0.7582;353.9832;270.0;270.0;270.0;178.4
217.0;4.3059;4.3013;0.9354;0.2390;392;462;-0.0342;250.2672;1.3969;0.7802;356.3821;270.0;270.0;270.0;177.1
217.5;4.3049;4.3054;0.9684;0.1387;466;392;0.0440;250.2672;1.4275;0.8022;357.9813;270.0;270.0;270.0;177.9
218.0;4.3036;4.3091;1.1896;0.1593;437;425;-0.1222;250.2672;1.4580;0.8461;360.3801;270.0;270.0;270.0;177.6
218.5;4.3027;4.3127;1.3118;0.1593;445;415;-0.0538;250.2672;1.4886;0.8681;362.7790;270.0;270.0;270.0;177.6
219.0;4.3022;4.3164;1.2995;0.0989;464;396;-0.1320;250.2672;1.5267;0.9120;364.3782;270.0;270.0;270.0;178.9
219.5;4.3036;4.3196;0.8571;0.1195;427;431;-0.0342;250.2672;1.5573;0.9340;366.7770;270.0;270.0;270.0;178.9
220.0;4.3049;4.3228;0.9341;0.0591;455;400;-0.1222;250.2672;1.5954;0.9780;369.1758;270.0;270.0;270.0;179.7
220.5;4.3077;4.3255;0.4753;0.1387;400;458;-0.1026;250.2672;1.6336;0.9780;371.5746;270.0;270.0;270.0;178.9
221.0;4.3118;4.3283;0.8049;0.1195;437;413;-0.0342;250.2672;1.6718;0.9999;373.9735;270.0;270.0;270.0;178.7
221.5;4.3182;4.3310;0.5495;0.1195;419;423;-0.0244;250.2672;1.7176;1.0219;375.5727;270.0;270.0;270.0;178.7
222.0;4.3260;4.3333;0.5000;0.1195;413;419;-0.0244;250.2672;1.7557;1.0439;377.9715;270.0;270.0;270.0;178.9
222.5;4.3333;4.3361;0.4066;0.0591;425;396;-0.0147;250.2672;1.8015;1.0439;380.3704;270.0;270.0;270.0;179.5
223.0;4.3407;4.3379;0.3640;0.1387;374;439;-0.1808;250.2672;1.8397;1.0659;382.7692;270.0;270.0;270.0;179.2
223.5;4.3475;4.3402;0.7651;0.0591;433;370;-0.1124;250.2672;1.8855;1.0878;385.1680;270.0;270.0;270.0;179.5
224.0;4.3516;4.3420;0.7706;0.0797;396;396;-0.0342;250.2672;1.9237;1.1098;387.5669;270.0;270.0;270.0;179.5
224.5;4.3567;4.3439;0.7857;0.1387;376;404;-0.0342;250.2672;1.9695;1.1318;389.1661;270.0;270.0;270.0;179.2
225.0;4.3613;4.3452;0.4162;0.1195;388;384;0.0635;250.2672;2.0153;1.1318;391.5649;270.0;270.0;270.0;179.2
225.5;4.3672;4.3466;0.4698;0.0591;398;363;0.1417;250.2672;2.0611;1.1538;393.9637;270.0;270.0;270.0;179.5
226.0;4.3713;4.3480;0.0440;0.1387;335;417;0.1515;250.2672;2.1069;1.1538;396.3625;270.0;270.0;270.0;178.9
226.5;4.3741;4.3489;0.2830;0.0591;386;353;0.1417;250.2672;2.1527;1.1538;398.7614;270.0;270.0;270.0;179.7
227.0;4.3764;4.3498;0.2637;0.1387;329;400;0.0635;250.2672;2.1985;1.1757;401.1602;270.0;270.0;270.0;178.7
227.5;4.3782;4.3507;0.0027;0.1195;351;372;0.0733;250.2672;2.2443;1.1757;402.7594;270.0;270.0;270.0;178.9
228.0;4.3791;4.3512;0.1566;0.1195;345;370;0.0733;250.2672;2.2901;1.1757;405.1583;270.0;270.0;270.0;178.9
228.5;4.3777;4.3516;0.1648;0.1195;339;367;0.0733;250.2672;2.3359;1.1757;407.5571;255.0;270.0;270.0;178.9
229.0;4.3755;4.3521;0.3640;0.1195;343;359;-0.0147;250.2672;2.3740;1.1757;409.1563;236.5;270.0;270.0;178.7
229.5;4.3736;4.3521;0.1264;0.0591;357;341;-0.0049;250.2672;2.4198;1.1977;411.5551;222.0;270.0;270.0;179.7
230.0;4.3713;4.3521;0.4313;0.1387;318;378;0.0635;250.2672;2.4656;1.1977;413.9540;211.9;270.0;270.0;178.7
230.5;4.3690;4.3521;0.1071;0.1195;337;355;0.1515;250.2672;2.5115;1.1977;415.5532;204.5;270.0;270.0;177.6
231.0;4.3668;4.3516;0.3777;0.3599;259;431;-0.0147;250.2672;2.5573;1.2197;417.9520;198.7;270.0;270.0;174.7
231.5;4.3640;4.3512;0.2500;0.3997;316;374;-0.0147;250.2672;2.6107;1.2197;420.3509;192.7;270.0;270.0;172.9
232.0;4.3613;4.3507;0.3846;0.5989;265;423;-0.1026;250.2672;2.6565;1.2417;422.7497;190.8;270.0;270.0;168.9
232.5;4.3590;4.3498;0.6030;0.6992;296;390;-0.0244;250.2672;2.7023;1.2417;424.3489;187.9;270.0;270.0;166.0
233.0;4.3562;4.3489;0.6016;0.6992;326;359;0.0538;250.2672;2.7481;1.2636;426.7477;189.0;270.0;270.0;164.7
233.5;4.3521;4.3480;0.7376;0.7390;316;367;0.1320;250.2672;2.8015;1.2856;429.1466;189.2;270.0;270.0;163.6
234.0;4.3457;4.3466;0.9190;0.7198;337;343;0.0440;250.2672;2.8473;1.3076;430.7458;191.1;270.0;270.0;163.4
234.5;4.3393;4.3452;1.5302;0.7198;347;335;0.0244;250.2672;2.8931;1.3515;433.1446;193.7;270.0;270.0;163.4
235.0;4.3329;4.3439;1.6992;0.5989;390;290;-0.0635;250.2672;2.9466;1.4174;435.5435;196.4;270.0;270.0;166.0
235.5;4.3260;4.3420;2.3324;0.3997;437;247;-0.0049;250.2672;3.0000;1.4834;437.1427;196.4;270.0;270.0;169.4
236.0;4.3205;4.3402;2.3077;0.2995;412;277;-0.0049;250.2672;3.0534;1.5493;439.5415;196.1;270.0;270.0;172.6
236.5;4.3136;4.3379;2.3832;0.1799;421;267;-0.0049;250.2672;3.1145;1.6152;441.1407;196.1;270.0;270.0;176.0
237.0;4.3072;4.3361;2.6827;0.0000;453;236;-0.1808;250.2672;3.1756;1.6811;443.5396;197.9;270.0;270.0;179.5
237.5;4.3013;4.3333;2.6195;-0.0412;410;277;-0.2590;250.2672;3.2366;1.7690;445.9384;195.6;270.0;270.0;182.6
238.0;4.2949;4.3310;2.5714;-0.1209;423;263;-0.2493;250.2672;3.3053;1.8350;447.5376;193.7;270.0;270.0;184.5
238.5;4.2880;4.3283;2.1126;-0.0810;374;312;-0.3177;250.2672;3.3740;1.9009;449.9364;194.3;270.0;270.0;184.5
239.0;4.2830;4.3255;1.8036;-0.0810;380;306;-0.3079;250.2672;3.4427;1.9448;452.3352;195.0;270.0;270.0;184.5
239.5;4.2788;4.3228;1.2679;-0.0810;367;316;-0.2884;250.2672;3.5191;1.9888;453.9345;196.6;270.0;270.0;184.8
240.0;4.2770;4.3196;1.3448;-0.0206;351;333;-0.1320;250.2672;3.6031;2.0107;456.3333;195.6;270.0;270.0;186.6
240.5;4.2770;4.3164;1.1484;-0.0412;367;310;-0.0440;250.2672;3.6870;2.0547;458.7321;195.8;270.0;270.0;186.9
241.0;4.2770;4.3127;0.9657;-0.0701;363;306;-0.0342;250.2672;3.7634;2.0767;461.1310;194.0;270.0;270.0;185.8
241.5;4.2766;4.3091;0.6607;-0.0604;339;322;-0.1124;250.2672;3.8473;2.0986;463.5298;193.5;270.0;270.0;185.8
242.0;4.2770;4.3054;0.0261;-0.0302;314;341;-0.0049;250.2672;3.9313;2.0986;465.9286;194.3;270.0;270.0;185.3
242.5;4.2779;4.3013;0.0288;-0.0701;329;314;0.0733;250.2672;4.0153;2.0986;467.5278;194.3;270.0;270.0;186.6
243.0;4.2779;4.2976;-0.2857;-0.0907;312;324;0.0831;250.2672;4.0992;2.0986;469.9267;194.0;270.0;270.0;186.3
243.5;4.2779;4.2930;-0.2720;-0.0206;279;345;0.0049;250.2672;4.1756;2.0767;472.3255;195.6;270.0;270.0;186.3
244.0;4.2779;4.2889;-0.5220;-0.0110;284;329;0.0929;250.2672;4.2595;2.0767;474.7243;195.6;270.0;270.0;185.8
244.5;4.2770;4.2843;-0.5426;-0.0206;286;320;0.0929;250.2672;4.3359;2.0547;476.3235;194.3;270.0;270.0;185.0
245.0;4.2747;4.2798;-0.6854;-0.0810;294;302;0.1808;250.2672;4.4198;2.0327;478.7224;193.2;270.0;270.0;185.3
245.5;4.2724;4.2747;-0.7651;0.0000;243;345;0.1026;250.2672;4.4962;2.0107;481.1212;195.0;270.0;270.0;184.8
246.0;4.2688;4.2697;-0.6168;0.0398;255;327;0.0929;250.2672;4.5725;1.9888;483.5200;196.4;270.0;270.0;184.5
246.5;4.2647;4.2647;-0.7885;0.0192;265;310;0.1026;250.2672;4.6489;1.9668;485.1193;197.4;270.0;270.0;185.3
247.0;4.2601;4.2592;-0.4451;0.0495;255;314;0.0929;250.2672;4.7176;1.9668;487.5181;197.9;270.0;270.0;185.0
247.5;4.2527;4.2537;-0.3846;-0.0206;284;277;0.1711;250.2672;4.7863;1.9448;489.9169;195.6;270.0;270.0;184.5
248.0;4.2440;4.2482;-0.0879;-0.0604;281;277;0.1613;250.2672;4.8550;1.9448;491.5161;193.7;270.0;270.0;185.0
248.5;4.2349;4.2422;0.2225;-0.0110;261;296;0.0635;250.2672;4.9313;1.9448;493.9149;192.1;270.0;270.0;183.7
249.0;4.2257;4.2367;0.5522;0.0096;273;277;0.0538;250.2672;5.0000;1.9668;495.5142;195.6;270.0;270.0;184.5
249.5;4.2198;4.2303;0.5426;-0.0302;290;257;0.0538;250.2672;5.0763;1.9888;497.9130;195.6;270.0;270.0;185.8
250.0;4.2125;4.2244;0.4286;-0.0810;288;253;0.0635;250.2672;5.1527;1.9888;500.3118;195.0;270.0;270.0;186.3
250.5;4.2047;4.2179;0.4629;-0.0302;257;283;-0.0244;250.2672;5.2214;2.0107;501.9110;195.6;270.0;270.0;186.9
251.0;4.1973;4.2111;0.4190;-0.0412;275;265;-0.1026;250.2672;5.2977;2.0327;504.3099;195.0;270.0;270.0;185.3
251.5;4.1896;4.2047;1.0769;-0.1003;302;228;-0.0440;250.2672;5.3740;2.0547;505.9091;194.0;270.0;270.0;186.3
252.0;4.1818;4.1978;1.0000;-0.0810;275;253;0.1222;250.2672;5.4427;2.0767;508.3079;193.2;270.0;270.0;186.6
252.5;4.1731;4.1905;1.2734;-0.1113;294;230;0.0342;250.2672;5.5191;2.1206;510.7068;193.5;270.0;270.0;187.9
253.0;4.1639;4.1832;1.2060;-0.1305;288;232;-0.1320;250.2672;5.6031;2.1646;512.3060;190.8;270.0;270.0;185.8
253.5;4.1534;4.1758;1.4657;-0.1209;286;234;-0.0538;250.2672;5.6794;2.1865;514.7048;190.3;270.0;270.0;186.6
254.0;4.1433;4.1685;1.4547;-0.1511;296;220;-0.0538;250.2672;5.7557;2.2305;516.3040;191.6;270.0;270.0;188.7
254.5;4.1328;4.1607;1.5838;-0.1113;277;238;0.0147;250.2672;5.8397;2.2744;518.7029;192.4;270.0;270.0;189.0
255.0;4.1227;4.1529;1.5261;-0.1209;290;224;-0.0538;250.2672;5.9237;2.3184;520.3021;192.9;270.0;270.0;188.4
255.5;4.1108;4.1451;1.1648;-0.1511;286;224;-0.1222;250.2672;6.0000;2.3623;522.7009;191.3;270.0;270.0;188.7
256.0;4.0984;4.1369;1.4808;-0.1703;292;216;-0.2199;250.2672;6.0840;2.4063;524.3001;189.5;270.0;270.0;187.7
256.5;4.0856;4.1287;1.0893;-0.2500;304;204;-0.2004;250.2672;6.1679;2.4282;526.6990;187.9;270.0;270.0;188.4
257.0;4.0733;4.1204;1.4382;-0.1909;271;239;-0.1320;250.2672;6.2519;2.4722;528.2982;189.2;270.0;270.0;189.0
257.5;4.0623;4.1117;1.2308;-0.1703;277;232;-0.2102;250.2672;6.3511;2.5161;530.6970;190.0;270.0;270.0;188.7
258.0;4.0540;4.1030;1.6442;-0.1813;296;212;-0.1417;250.2672;6.4427;2.5601;533.0958;189.8;270.0;270.0;189.0
258.5;4.0481;4.0939;1.1332;-0.1511;267;234;-0.1222;250.2672;6.5420;2.5821;534.6951;191.3;270.0;270.0;190.0
259.0;4.0412;4.0847;1.0865;-0.1607;275;218;-0.0440;250.2672;6.6336;2.6260;537.0939;191.3;270.0;270.0;189.8
259.5;4.0371;4.0755;1.0728;-0.2500;296;189;-0.0440;250.2672;6.7405;2.6480;539.4927;190.0;270.0;270.0;189.5
260.0;4.0330;4.0664;0.7788;-0.1909;238;236;-0.1124;250.2672;6.8397;2.6700;541.8915;189.2;270.0;270.0;189.5
260.5;4.0284;4.0568;0.6264;-0.2005;249;212;-0.1026;250.2672;6.9389;2.6919;543.4908;188.7;270.0;270.0;188.4
261.0;4.0229;4.0472;-0.1470;-0.2005;222;228;0.0049;250.2672;7.0382;2.6919;545.8896;188.4;270.0;270.0;189.2
261.5;4.0188;4.0371;0.1717;-0.2308;234;204;-0.0147;250.2672;7.1374;2.6919;547.4888;190.6;270.0;270.0;191.3
262.0;4.0133;4.0275;-0.4231;-0.2802;222;206;0.1711;250.2672;7.2366;2.6700;549.8876;189.0;270.0;270.0;191.6
262.5;4.0082;4.0169;0.0797;-0.2308;196;222;0.1515;250.2672;7.3282;2.6919;552.2865;188.2;270.0;270.0;190.0
263.0;4.0014;4.0069;-0.1360;-0.2102;195;212;0.1613;250.2672;7.4275;2.6700;553.8857;187.7;270.0;270.0;189.0
263.5;3.9927;3.9963;-0.3462;-0.1909;185;214;0.1711;250.2672;7.5191;2.6700;556.2845;190.3;270.0;270.0;190.3
264.0;3.9844;3.9858;-0.6882;-0.1703;171;220;0.1026;250.2672;7.6107;2.6480;557.8837;190.8;270.0;270.0;190.3
264.5;3.9771;3.9748;-0.7431;-0.2706;204;179;0.0244;250.2672;7.7099;2.6260;560.2826;190.8;270.0;270.0;191.6
265.0;3.9675;3.9638;-0.2363;-0.1813;153;220;0.1613;250.2672;7.7939;2.6260;561.8818;189.2;270.0;270.0;189.8
265.5;3.9551;3.9528;-0.2898;-0.2610;200;165;0.0049;250.2672;7.8855;2.6040;563.4810;187.7;270.0;270.0;189.5
266.0;3.9418;3.9418;0.1442;-0.2404;181;183;-0.0929;250.2672;7.9695;2.6260;565.8798;187.7;270.0;270.0;189.5
266.5;3.9272;3.9304;-0.2926;-0.2102;163;193;0.0831;250.2672;8.0534;2.6040;567.4791;188.7;270.0;270.0;190.0
267.0;3.9121;3.9185;0.2582;-0.1909;179;177;0.1515;250.2672;8.1450;2.6040;569.8779;189.8;270.0;270.0;189.5
267.5;3.8970;3.9071;-0.2747;-0.2308;183;171;0.2493;250.2672;8.2290;2.6040;571.4771;188.4;270.0;270.0;189.8
268.0;3.8800;3.8951;0.3544;-0.2802;198;152;0.0635;250.2672;8.3130;2.6260;573.0764;187.7;270.0;270.0;190.3
268.5;3.8645;3.8832;0.1195;-0.2005;153;196;0.0733;250.2672;8.4046;2.6260;575.4752;188.4;270.0;270.0;189.8
269.0;3.8494;3.8709;-0.3475;-0.3407;208;140;0.0049;250.2672;8.4886;2.6040;577.0744;186.3;270.0;270.0;190.6
269.5;3.8352;3.8585;-0.4657;-0.2706;142;202;0.0147;250.2672;8.5802;2.6040;578.6736;186.6;270.0;270.0;190.6
270.0;3.8223;3.8462;-0.6566;-0.2500;150;193;0.0147;250.2672;8.6718;2.5821;581.0724;187.1;270.0;270.0;189.5
270.5;3.8095;3.8333;0.2253;-0.3201;196;142;-0.0929;250.2672;8.7557;2.5821;582.6716;185.0;270.0;270.0;189.8
271.0;3.7967;3.8210;0.0412;-0.3008;165;171;-0.0049;250.2672;8.8397;2.5821;585.0705;184.0;270.0;270.0;189.0
271.5;3.7839;3.8086;0.8159;-0.3613;206;126;-0.0342;250.2672;8.9237;2.6040;586.6697;180.5;270.0;270.0;187.9
272.0;3.7701;3.7962;0.5632;-0.3407;177;155;-0.0244;250.2672;9.0076;2.6260;588.2689;177.4;270.0;270.0;185.0
272.5;3.7560;3.7834;0.9547;-0.4011;210;122;-0.0342;250.2672;9.0992;2.6480;590.6677;174.5;270.0;270.0;183.4
273.0;3.7404;3.7711;1.1126;-0.4107;200;134;-0.0440;250.2672;9.1832;2.6919;592.2670;172.1;270.0;270.0;180.3
273.5;3.7244;3.7587;1.4038;-0.4011;202;132;-0.0538;250.2672;9.2672;2.7359;593.8661;170.2;270.0;270.0;178.7
274.0;3.7088;3.7459;1.2720;-0.3407;185;152;-0.0440;250.2672;9.3588;2.7579;596.2650;170.5;270.0;270.0;178.2
274.5;3.6923;3.7335;0.7294;-0.4505;226;114;-0.1906;250.2672;9.4427;2.7798;597.8643;167.3;270.0;270.0;177.9
275.0;3.6758;3.7212;0.5646;-0.4505;191;150;-0.1808;250.2672;9.5267;2.8018;599.4634;165.5;270.0;270.0;176.6
275.5;3.6593;3.7083;0.4725;-0.5000;206;138;-0.1808;250.2672;9.6107;2.8018;601.0627;164.2;270.0;270.0;176.8
276.0;3.6429;3.6960;1.0810;-0.4505;193;153;-0.0440;250.2672;9.7023;2.8458;602.6619;167.1;270.0;270.0;178.9
276.5;3.6277;3.6836;0.9794;-0.5810;247;101;-0.2004;250.2672;9.7939;2.8677;605.0607;165.5;270.0;270.0;181.6
277.0;3.6117;3.6712;1.5467;-0.6003;232;118;-0.2199;250.2672;9.8779;2.9117;606.6599;167.1;270.0;270.0;185.5
277.5;3.5975;3.6584;0.8860;-0.6401;224;128;-0.1124;250.2672;9.9695;2.9337;608.2592;167.3;270.0;270.0;189.0
278.0;3.5852;3.6461;0.7198;-0.6209;202;152;-0.1906;250.2672;10.0687;2.9556;609.8584;168.7;270.0;270.0;189.8
278.5;3.5751;3.6337;0.5426;-0.6511;214;138;-0.1808;250.2672;10.1679;2.9776;612.2572;169.4;270.0;270.0;191.9
279.0;3.5655;3.6209;0.2102;-0.5508;163;185;-0.0929;250.2672;10.2748;2.9776;613.8564;173.7;270.0;270.0;192.9
279.5;3.5572;3.6085;-0.0755;-0.5810;193;150;-0.0831;250.2672;10.3664;2.9776;616.2552;175.5;270.0;270.0;194.5
280.0;3.5499;3.5962;-0.6690;-0.4904;140;198;0.0147;250.2672;10.4733;2.9556;595.4654;180.0;270.0;270.0;195.8
280.5;3.5430;3.5833;-0.5536;-0.5206;175;155;-0.0635;250.2672;10.5649;2.9556;597.8643;181.6;270.0;270.0;195.8
281.0;3.5357;3.5710;-0.8434;-0.4602;136;187;0.0244;250.2672;10.6641;2.9117;599.4634;181.8;270.0;270.0;195.0
281.5;3.5275;3.5586;-0.4959;-0.4203;146;169;0.0147;250.2672;10.7557;2.9117;601.0627;181.8;270.0;270.0;194.0
282.0;3.5197;3.5462;-0.4849;-0.4409;159;150;0.0929;250.2672;10.8473;2.8897;602.6619;183.7;270.0;270.0;194.0
282.5;3.5110;3.5334;-0.4519;-0.4409;152;152;0.0147;250.2672;10.9389;2.8897;605.0607;187.1;270.0;270.0;193.5
283.0;3.5032;3.5211;-0.5879;-0.3805;126;169;0.0929;250.2672;11.0305;2.8677;606.6599;186.1;270.0;270.0;193.2
283.5;3.4945;3.5087;-0.5549;-0.5206;183;105;0.1711;250.2672;11.1298;2.8458;608.2592;187.1;270.0;270.0;194.5
284.0;3.4858;3.4959;-0.2143;-0.4203;116;165;0.1613;250.2672;11.2137;2.8458;610.6580;186.3;270.0;270.0;194.0
284.5;3.4762;3.4835;-0.3997;-0.4409;144;132;0.0929;250.2672;11.3053;2.8238;612.2572;185.0;270.0;270.0;193.7
285.0;3.4661;3.4712;-0.2431;-0.3805;120;150;0.0831;250.2672;11.3893;2.8238;613.8564;184.5;270.0;270.0;193.2
285.5;3.4556;3.4583;-0.4959;-0.4602;155;112;0.0929;250.2672;11.4733;2.8018;615.4556;184.0;270.0;270.0;193.5
286.0;3.4428;3.4460;-0.2898;-0.4409;126;134;0.0831;250.2672;11.5573;2.8018;617.0549;184.2;270.0;270.0;193.5
286.5;3.4309;3.4336;-0.5838;-0.4409;126;136;0.0147;250.2672;11.6412;2.7798;618.6541;185.0;270.0;270.0;193.5
287.0;3.4171;3.4212;-0.1415;-0.4409;136;122;0.0049;250.2672;11.7176;2.7798;620.2533;185.0;270.0;270.0;192.9
287.5;3.4034;3.4084;-0.1387;-0.3805;116;142;-0.0049;250.2672;11.8015;2.7798;621.8525;185.8;270.0;270.0;193.2
288.0;3.3883;3.3961;-0.4602;-0.5206;169;89;0.0929;250.2672;11.8779;2.7579;623.4517;186.1;270.0;270.0;194.3
288.5;3.3718;3.3837;-0.4121;-0.4203;99;159;0.0049;250.2672;11.9542;2.7579;625.0510;186.3;270.0;270.0;193.7
289.0;3.3567;3.3709;-0.7376;-0.3503;99;159;0.1026;250.2672;12.0382;2.7359;627.4498;184.8;270.0;270.0;194.0
289.5;3.3420;3.3585;-0.3887;-0.3503;126;132;0.0049;250.2672;12.1145;2.7139;629.0490;185.3;270.0;270.0;193.7
290.0;3.3283;3.3462;-0.5755;-0.3901;136;124;0.0929;250.2672;12.1908;2.7139;630.6483;185.5;270.0;270.0;194.5
290.5;3.3146;3.3333;-0.3146;-0.2912;97;159;0.0049;250.2672;12.2748;2.6919;632.2474;187.7;270.0;270.0;193.7
291.0;3.3004;3.3210;-0.3571;-0.3805;153;105;0.0049;250.2672;12.3511;2.6919;633.8467;185.5;270.0;270.0;193.5
291.5;3.2866;3.3086;0.0714;-0.3901;142;116;-0.0831;250.2672;12.4351;2.6919;635.4459;186.1;270.0;270.0;194.3
292.0;3.2724;3.2962;0.0701;-0.3805;134;122;-0.0049;250.2672;12.5038;2.6919;637.0451;186.1;270.0;270.0;194.8
292.5;3.2592;3.2834;0.3791;-0.3805;146;112;-0.0147;250.2672;12.5878;2.6919;638.6443;187.4;270.0;270.0;196.4
293.0;3.2454;3.2711;0.7363;-0.3805;152;103;-0.0342;250.2672;12.6641;2.7139;640.2435;187.9;270.0;270.0;196.6
293.5;3.2321;3.2587;0.4533;-0.3503;138;118;-0.1026;250.2672;12.7405;2.7359;641.8428;186.9;270.0;270.0;195.3
294.0;3.2189;3.2459;0.5687;-0.4203;169;83;-0.1026;250.2672;12.8168;2.7579;643.4420;185.0;270.0;270.0;195.0
294.5;3.2051;3.2335;0.3379;-0.4313;146;105;-0.0147;250.2672;12.8931;2.7579;645.0412;184.2;270.0;270.0;194.8
295.0;3.1905;3.2212;0.5220;-0.3901;136;116;-0.0244;250.2672;12.9618;2.7798;646.6404;184.5;270.0;270.0;195.3
295.5;3.1758;3.2083;0.4506;-0.4313;157;95;-0.0244;250.2672;13.0382;2.7798;648.2396;184.5;270.0;270.0;195.3
296.0;3.1612;3.1960;0.6360;-0.4505;155;95;-0.0244;250.2672;13.1145;2.8018;649.8389;183.7;270.0;270.0;195.3
296.5;3.1474;3.1836;0.5234;-0.4409;146;107;-0.0244;250.2672;13.1908;2.8238;651.4381;183.7;270.0;270.0;195.6
297.0;3.1323;3.1712;0.5481;-0.4712;157;95;-0.1026;250.2672;13.2672;2.8458;653.0373;182.4;270.0;270.0;195.3
297.5;3.1168;3.1584;0.7967;-0.4602;153;101;-0.1124;250.2672;13.3435;2.8677;654.6365;183.2;270.0;270.0;196.1
298.0;3.1012;3.1461;0.7692;-0.4904;165;89;-0.0342;250.2672;13.4198;2.8897;655.4362;182.9;270.0;270.0;196.6
298.5;3.0861;3.1337;1.0137;-0.5110;169;87;-0.1222;250.2672;13.4962;2.9117;657.0353;181.6;270.0;270.0;197.2
299.0;3.0714;3.1209;0.7527;-0.4712;146;110;-0.1124;250.2672;13.5725;2.9337;658.6346;182.4;270.0;270.0;196.6
299.5;3.0563;3.1085;0.7006;-0.4808;159;97;-0.1906;250.2672;13.6489;2.9556;660.2338;181.6;270.0;270.0;196.1
300.0;3.0421;3.0962;0.3956;-0.5110;159;99;-0.1026;250.2672;13.7252;2.9556;661.8330;181.3;270.0;270.0;196.6
300.5;3.0288;3.0833;0.2486;-0.5000;146;112;-0.0929;250.2672;13.8092;2.9776;663.4323;181.8;270.0;270.0;196.6
301.0;3.0174;3.0710;0.0536;-0.5000;146;114;-0.1711;250.2672;13.8855;2.9776;665.0314;181.3;270.0;270.0;196.6
301.5;3.0069;3.0586;0.0563;-0.5000;144;112;-0.1711;250.2672;13.9695;2.9776;666.6307;181.3;270.0;270.0;196.6
302.0;2.9977;3.0462;-0.2473;-0.5000;136;116;-0.1613;250.2672;14.0534;2.9776;668.2299;182.1;270.0;270.0;196.6
302.5;2.9890;3.0334;-0.4643;-0.5000;128;118;-0.1515;250.2672;14.1374;2.9556;669.8291;181.3;270.0;270.0;196.9
303.0;2.9812;3.0211;-0.2843;-0.5604;148;93;-0.0733;250.2672;14.2137;2.9556;671.4283;180.5;270.0;270.0;197.7
303.5;2.9725;3.0087;-0.4464;-0.5110;109;126;-0.0733;250.2672;14.2977;2.9337;673.0275;180.8;270.0;270.0;196.6
304.0;2.9643;2.9959;-0.2802;-0.5206;128;101;0.0049;250.2672;14.3817;2.9337;674.6268;181.3;270.0;270.0;197.9
304.5;2.9547;2.9835;-0.5453;-0.5508;124;99;-0.0635;250.2672;14.4580;2.9117;676.2260;180.5;270.0;270.0;197.9
305.0;2.9451;2.9712;-0.4890;-0.4808;95;124;0.0147;250.2672;14.5344;2.8897;677.8252;182.1;270.0;270.0;197.4
305.5;2.9354;2.9583;-0.6799;-0.4712;103;109;-0.0635;250.2672;14.6107;2.8677;678.6248;183.7;270.0;270.0;198.2
306.0;2.9258;2.9460;-0.3407;-0.5110;122;83;0.0049;250.2672;14.6870;2.8677;680.2241;181.8;270.0;270.0;196.9
306.5;2.9153;2.9336;-0.5701;-0.4409;81;120;0.1808;250.2672;14.7634;2.8458;681.8232;184.2;270.0;270.0;196.9
307.0;2.9052;2.9212;-0.6951;-0.4313;93;105;0.1026;250.2672;14.8473;2.8238;683.4225;184.5;270.0;270.0;196.9
307.5;2.8951;2.9084;-0.6195;-0.5000;116;75;0.0929;250.2672;14.9160;2.8018;685.0217;182.9;270.0;270.0;196.6
308.0;2.8851;2.8961;-0.6758;-0.4808;89;101;0.0147;250.2672;14.9924;2.8018;686.6209;183.4;270.0;270.0;198.2
308.5;2.8736;2.8837;-0.3214;-0.4808;99;85;0.0831;250.2672;15.0611;2.7798;688.2202;182.6;270.0;270.0;197.2
309.0;2.8631;2.8709;-0.3118;-0.5412;116;65;0.0831;250.2672;15.1298;2.7798;689.8193;181.3;270.0;270.0;197.2
309.5;2.8516;2.8585;-0.1497;-0.5206;95;83;0.0831;250.2672;15.1985;2.7798;690.6190;181.3;270.0;270.0;197.9
310.0;2.8411;2.8462;-0.3242;-0.4602;75;99;0.0831;250.2672;15.2672;2.7579;692.2182;183.2;270.0;270.0;196.9
310.5;2.8292;2.8333;-0.3420;-0.4808;95;75;0.1711;250.2672;15.3359;2.7579;693.8174;183.7;270.0;270.0;197.4
311.0;2.8159;2.8210;-0.6030;-0.4808;81;85;0.0929;250.2672;15.3969;2.7359;695.4166;182.6;270.0;270.0;196.6
311.5;2.8017;2.8086;-0.4766;-0.5110;95;71;0.0147;250.2672;15.4656;2.7139;696.2162;182.1;270.0;270.0;196.6
312.0;2.7875;2.7962;-0.4396;-0.5302;93;73;0.0147;250.2672;15.5267;2.7139;697.8154;182.1;270.0;270.0;197.7
312.5;2.7734;2.7834;-0.7431;-0.4602;58;109;0.1026;250.2672;15.5954;2.6919;699.4147;183.2;270.0;270.0;196.6
313.0;2.7582;2.7711;-0.6978;-0.4505;75;89;0.0147;250.2672;15.6565;2.6700;700.2143;182.9;270.0;270.0;196.1
313.5;2.7427;2.7587;-0.8530;-0.5206;97;69;0.0244;250.2672;15.7099;2.6480;701.8135;182.1;270.0;270.0;196.4
314.0;2.7276;2.7459;-0.6058;-0.4712;67;99;0.0147;250.2672;15.7786;2.6260;703.4127;182.4;270.0;270.0;197.2
314.5;2.7120;2.7335;-0.6497;-0.5110;93;73;0.0929;250.2672;15.8321;2.6040;704.2123;181.8;270.0;270.0;196.9
315.0;2.6978;2.7212;-0.2363;-0.4712;79;89;0.0831;250.2672;15.8931;2.6040;705.8115;182.1;270.0;270.0;196.1
315.5;2.6827;2.7083;-0.3819;-0.5110;99;67;0.0049;250.2672;15.9542;2.5821;706.6111;182.1;270.0;270.0;196.6
316.0;2.6685;2.6960;-0.2266;-0.5000;89;79;0.0049;250.2672;16.0153;2.5821;708.2104;181.3;270.0;270.0;196.6
316.5;2.6543;2.6836;0.0110;-0.4712;89;79;0.0733;250.2672;16.0763;2.5821;709.8096;181.8;270.0;270.0;196.6
317.0;2.6406;2.6712;0.0261;-0.5412;118;50;-0.0049;250.2672;16.1298;2.5821;710.6092;182.4;270.0;270.0;198.5
317.5;2.6268;2.6584;0.2129;-0.5206;97;69;0.0635;250.2672;16.1908;2.5821;712.2084;182.1;270.0;270.0;198.2
318.0;2.6136;2.6461;-0.1635;-0.4904;83;81;0.0049;250.2672;16.2519;2.5821;713.8076;182.9;270.0;270.0;198.2
318.5;2.6003;2.6337;-0.0701;-0.5000;97;67;-0.0831;250.2672;16.3130;2.5821;714.6072;181.6;270.0;270.0;197.2
319.0;2.5861;2.6209;-0.1538;-0.5604;110;54;-0.0831;250.2672;16.3664;2.5821;716.2065;182.1;270.0;270.0;198.5
319.5;2.5705;2.6085;0.1374;-0.5110;85;79;-0.0049;250.2672;16.4198;2.5821;717.0061;181.6;270.0;270.0;197.4
320.0;2.5545;2.5962;0.0701;-0.5206;103;64;-0.0049;250.2672;16.4733;2.5821;718.6053;181.3;270.0;270.0;197.2
320.5;2.5389;2.5833;0.3599;-0.5206;107;62;-0.0147;250.2672;16.5344;2.6040;719.4049;181.1;270.0;270.0;197.2
321.0;2.5238;2.5710;0.0604;-0.4904;91;77;0.0733;250.2672;16.5878;2.6040;721.0042;182.4;270.0;270.0;197.9
321.5;2.5092;2.5586;-0.0055;-0.5302;110;60;-0.0831;250.2672;16.6412;2.6040;721.8038;182.1;270.0;270.0;197.7
322.0;2.4945;2.5462;0.1813;-0.4904;93;79;-0.0147;250.2672;16.7023;2.6040;723.4030;182.4;270.0;270.0;197.9
322.5;2.4799;2.5334;0.0137;-0.5000;103;69;0.0733;250.2672;16.7557;2.6040;724.2026;182.4;270.0;270.0;197.9
323.0;2.4647;2.5211;0.0920;-0.5000;103;71;-0.0049;250.2672;16.8092;2.6040;725.8018;182.4;270.0;270.0;198.2
323.5;2.4496;2.5087;-0.1896;-0.5604;114;60;-0.0831;250.2672;16.8626;2.6040;726.6014;181.1;270.0;270.0;197.7
324.0;2.4345;2.4959;0.0893;-0.4505;71;105;-0.0049;250.2672;16.9160;2.6040;728.2006;182.4;270.0;270.0;196.6
324.5;2.4185;2.4835;-0.1346;-0.4808;107;69;-0.0049;250.2672;16.9695;2.6040;729.0002;181.3;270.0;270.0;195.6
325.0;2.4025;2.4712;0.0893;-0.4808;105;73;-0.0929;250.2672;17.0229;2.6040;730.5994;180.5;270.0;270.0;195.0
325.5;2.3860;2.4583;0.0234;-0.5412;122;58;-0.0831;250.2672;17.0763;2.6040;731.3990;180.0;270.0;270.0;195.6
326.0;2.3709;2.4460;0.1841;-0.4602;87;97;-0.0147;250.2672;17.1298;2.6040;732.9983;180.8;270.0;270.0;194.8
326.5;2.3558;2.4336;0.0055;-0.4808;112;71;-0.0831;250.2672;17.1832;2.6040;733.7979;180.0;270.0;270.0;194.0
327.0;2.3407;2.4212;-0.1648;-0.3901;75;110;-0.0831;250.2672;17.2290;2.6040;735.3971;181.3;270.0;270.0;193.2
327.5;2.3260;2.4084;0.1511;-0.3901;109;77;-0.0147;250.2672;17.2824;2.6040;736.1967;182.1;270.0;270.0;191.6
328.0;2.3118;2.3961;0.0151;-0.4602;126;60;-0.0049;250.2672;17.3359;2.6040;736.9963;178.4;270.0;270.0;190.3
328.5;2.2985;2.3837;0.0192;-0.4107;93;95;-0.0049;250.2672;17.3893;2.6040;738.5955;177.9;270.0;270.0;189.2
329.0;2.2853;2.3709;-0.2060;-0.3901;95;91;-0.0733;250.2672;17.4427;2.6040;739.3951;178.4;270.0;270.0;189.2
329.5;2.2738;2.3585;-0.0852;-0.4313;114;69;-0.0831;250.2672;17.4962;2.6040;740.9944;178.2;270.0;270.0;188.4
330.0;2.2633;2.3462;-0.3887;-0.3901;83;99;-0.0733;250.2672;17.5496;2.5821;741.7940;176.3;270.0;270.0;186.9
330.5;2.2537;2.3333;-0.1799;-0.4313;112;67;-0.0831;250.2672;17.6031;2.5821;743.3932;175.0;270.0;270.0;185.3
331.0;2.2450;2.3210;-0.2074;-0.4203;95;81;0.0049;250.2672;17.6565;2.5821;744.1928;173.4;270.0;270.0;184.2
331.5;2.2363;2.3086;-0.3036;-0.4505;103;67;-0.1515;250.2672;17.7099;2.5601;745.7921;172.3;270.0;270.0;184.5
332.0;2.2276;2.2962;-0.3475;-0.4712;97;69;0.0049;250.2672;17.7634;2.5601;746.5917;170.8;270.0;270.0;184.2
332.5;2.2184;2.2834;-0.4025;-0.5206;101;58;0.0049;250.2672;17.8244;2.5381;748.1909;168.7;270.0;270.0;183.4
333.0;2.2092;2.2711;-0.1374;-0.5604;105;52;-0.0831;250.2672;17.8702;2.5381;748.9905;166.8;270.0;270.0;183.7
333.5;2.2001;2.2587;-0.3008;-0.5701;91;60;-0.0733;250.2672;17.9237;2.5381;750.5897;166.0;270.0;270.0;183.4
334.0;2.1900;2.2459;-0.2679;-0.6511;110;34;-0.0733;250.2672;17.9695;2.5161;751.3893;163.9;270.0;270.0;185.0
334.5;2.1799;2.2335;-0.5783;-0.6209;67;71;0.0147;250.2672;18.0229;2.5161;752.1889;164.4;270.0;270.0;186.1
335.0;2.1703;2.2212;-0.6168;-0.7102;103;34;0.0147;250.2672;18.0687;2.4942;753.7881;162.6;270.0;270.0;187.1
335.5;2.1616;2.2083;-0.9464;-0.6511;48;83;0.1124;250.2672;18.1221;2.4722;754.5878;164.7;270.0;270.0;187.9
336.0;2.1516;2.1960;-0.9821;-0.7802;101;24;0.1124;250.2672;18.1679;2.4282;756.1870;162.1;270.0;270.0;188.4
336.5;2.1410;2.1836;-0.8008;-0.7102;44;77;0.0244;250.2672;18.2137;2.4063;756.9866;162.8;270.0;270.0;189.2
337.0;2.1310;2.1712;-1.0261;-0.7802;77;38;0.0342;250.2672;18.2672;2.3843;758.5858;162.3;270.0;270.0;190.8
337.5;2.1209;2.1584;-0.8709;-0.7610;54;60;-0.0538;250.2672;18.3130;2.3623;759.3854;163.9;269.2;270.0;192.1
338.0;2.1094;2.1461;-0.9739;-0.7912;64;46;0.1124;250.2672;18.3511;2.3404;760.1850;164.2;267.1;270.0;193.2
338.5;2.0980;2.1337;-0.8091;-0.7500;46;60;0.0244;250.2672;18.3893;2.3184;760.9846;166.5;265.0;270.0;194.3
339.0;2.0865;2.1209;-0.8599;-0.7308;48;56;0.0244;250.2672;18.4351;2.2744;762.5839;172.3;264.7;270.0;195.3
339.5;2.0751;2.1085;-0.6951;-0.5302;-7;105;0.1026;250.2672;18.4809;2.2744;763.3834;176.0;262.9;270.0;195.3
340.0;2.0636;2.0962;-0.8008;-0.4808;30;65;0.0244;250.2672;18.5191;2.2305;764.9827;180.3;262.3;270.0;195.8
340.5;2.0517;2.0833;-0.7761;-0.5206;56;36;0.1026;250.2672;18.5649;2.2085;765.7823;183.7;260.8;270.0;195.8
341.0;2.0408;2.0710;-0.4753;-0.5206;50;40;0.0929;250.2672;18.6031;2.2085;766.5819;190.0;258.9;270.0;196.1
341.5;2.0302;2.0586;-0.5426;-0.5206;46;40;0.0147;250.2672;18.6412;2.1865;767.3815;194.8;257.9;270.0;195.8
342.0;2.0192;2.0462;-0.2363;-0.5810;69;13;-0.0733;250.2672;18.6794;2.1865;768.9807;200.3;257.6;270.0;197.2
342.5;2.0082;2.0334;-0.3709;-0.5604;42;36;-0.0733;250.2672;18.7252;2.1646;769.7803;208.2;257.6;270.0;196.4
343.0;1.9963;2.0211;-0.2184;-0.5000;30;44;0.0049;250.2672;18.7557;2.1646;770.5800;218.5;256.3;270.0;195.8
343.5;1.9844;2.0087;-0.4286;-0.5206;48;24;0.0929;250.2672;18.7939;2.1426;771.3796;226.5;255.2;270.0;195.3
344.0;1.9721;1.9959;-0.4945;-0.4602;21;50;0.0929;250.2672;18.8321;2.1426;772.9788;238.9;255.5;270.0;195.3
344.5;1.9602;1.9835;-0.6113;-0.4808;40;28;-0.0635;250.2672;18.8702;2.1206;773.7784;252.1;255.2;270.0;195.0
345.0;1.9464;1.9712;-0.5549;-0.4808;34;30;0.0147;250.2672;18.9008;2.0986;774.5780;263.7;254.4;270.0;194.8
345.5;1.9327;1.9583;-0.7321;-0.4808;30;34;0.1808;250.2672;18.9389;2.0767;775.3776;270.0;253.9;270.0;194.8
346.0;1.9190;1.9460;-0.8022;-0.4808;28;36;-0.0538;250.2672;18.9695;2.0547;776.1772;270.0;253.1;270.0;194.8
346.5;1.9048;1.9336;-0.4464;-0.4808;36;26;0.0147;250.2672;19.0000;2.0547;776.9768;270.0;253.1;270.0;194.8
347.0;1.8906;1.9212;-0.5440;-0.5412;54;11;-0.0635;250.2672;19.0382;2.0327;778.5760;270.0;252.3;270.0;195.6
347.5;1.8768;1.9084;-0.3365;-0.5206;34;28;0.0049;250.2672;19.0687;2.0327;779.3757;270.0;251.0;270.0;195.6
348.0;1.8626;1.8961;-0.4766;-0.5206;36;26;-0.0635;250.2672;19.0992;2.0107;780.1752;270.0;250.5;270.0;195.3
348.5;1.8484;1.8837;-0.5330;-0.4602;17;46;0.0147;250.2672;19.1298;1.9888;780.9749;270.0;249.7;269.5;195.3
349.0;1.8338;1.8709;-0.6703;-0.4808;36;26;0.0147;250.2672;19.1603;1.9668;781.7745;270.0;248.9;268.9;194.8
349.5;1.8182;1.8585;-0.5659;-0.4203;15;48;-0.0635;250.2672;19.1908;1.9668;782.5741;270.0;248.9;267.6;194.0
350.0;1.8027;1.8462;-0.5879;-0.5000;56;7;0.0147;250.2672;19.2214;1.9448;783.3737;270.0;248.4;267.1;194.5
350.5;1.7885;1.8333;-0.5096;-0.4203;11;54;0.0147;250.2672;19.2519;1.9228;784.1733;270.0;247.3;265.0;194.0
351.0;1.7743;1.8210;-0.4080;-0.4409;42;22;0.0049;250.2672;19.2748;1.9228;784.9729;270.0;247.3;266.0;194.0
351.5;1.7601;1.8086;-0.5151;-0.4409;34;30;0.0147;250.2672;19.3053;1.9009;785.7725;270.0;246.5;266.0;193.7
352.0;1.7468;1.7962;-0.1497;-0.5000;62;3;-0.0831;250.2672;19.3359;1.9009;786.5721;270.0;246.2;264.7;195.3
352.5;1.7331;1.7834;-0.1360;-0.4808;38;26;0.0831;250.2672;19.3664;1.9009;788.1713;270.0;245.2;262.9;195.3
353.0;1.7193;1.7711;0.2019;-0.5412;69;-5;-0.0929;250.2672;19.3893;1.9009;788.9709;270.0;243.9;261.8;196.1
353.5;1.7051;1.7587;0.1511;-0.4602;26;36;-0.0147;250.2672;19.4198;1.9009;789.7706;270.0;243.9;261.3;195.3
354.0;1.6909;1.7459;0.0879;-0.4808;54;9;-0.0049;250.2672;19.4427;1.9009;790.5702;270.0;243.3;262.3;194.8
354.5;1.6767;1.7335;-0.1442;-0.4808;44;21;0.0049;250.2672;19.4733;1.9009;791.3698;270.0;242.6;260.5;194.5
355.0;1.6625;1.7212;-0.0934;-0.4808;44;19;-0.0049;250.2672;19.4962;1.9009;792.1694;270.0;241.5;258.7;194.0
355.5;1.6493;1.7083;-0.0659;-0.4808;46;19;-0.0049;250.2672;19.5267;1.9009;792.9690;270.0;241.0;257.1;194.5
356.0;1.6360;1.6960;-0.3750;-0.4203;19;44;0.0049;250.2672;19.5496;1.8789;793.7686;270.0;240.7;256.5;193.7
356.5;1.6218;1.6836;-0.2376;-0.4409;46;17;-0.0733;250.2672;19.5802;1.8789;794.5682;270.0;241.2;256.0;194.0
357.0;1.6067;1.6712;-0.4753;-0.5000;52;9;0.0147;250.2672;19.6031;1.8569;794.5682;270.0;240.2;255.7;195.3
357.5;1.5925;1.6584;-0.2994;-0.4203;15;48;-0.0733;250.2672;19.6260;1.8569;795.3679;270.0;238.3;253.9;194.0
358.0;1.5774;1.6461;-0.3805;-0.4409;44;21;0.0049;250.2672;19.6489;1.8569;796.1675;270.0;237.8;253.9;193.5
358.5;1.5623;1.6337;-0.1470;-0.3805;24;38;0.0049;250.2672;19.6718;1.8350;796.9670;270.0;237.5;252.3;192.9
359.0;1.5472;1.6209;-0.1772;-0.4602;65;-1;0.0049;250.2672;19.6947;1.8350;797.7667;270.0;237.5;251.8;193.5
359.5;1.5325;1.6085;-0.0962;-0.4409;38;26;0.1613;250.2672;19.7176;1.8350;798.5663;270.0;236.2;250.2;194.0
360.0;1.5165;1.5962;-0.2143;-0.4409;42;24;0.0831;250.2672;19.7405;1.8350;799.3659;270.0;235.7;249.1;193.7
360.5;1.5014;1.5833;-0.1470;-0.4409;46;24;0.0049;250.2672;19.7634;1.8350;800.1655;270.0;235.4;249.1;194.0
361.0;1.4863;1.5710;0.1442;-0.4409;52;17;-0.0929;250.2672;19.7863;1.8350;800.9651;270.0;235.4;249.1;193.5
361.5;1.4716;1.5586;-0.1786;-0.4409;46;24;0.0049;250.2672;19.8092;1.8130;801.7647;270.0;235.2;248.6;193.5
362.0;1.4574;1.5462;-0.0783;-0.4409;50;22;-0.0049;250.2672;19.8321;1.8130;801.7647;270.0;234.4;247.0;193.7
362.5;1.4428;1.5334;-0.2473;-0.5000;64;9;-0.0733;250.2672;19.8550;1.8130;802.5643;270.0;233.8;247.8;194.3
363.0;1.4281;1.5211;-0.1868;-0.4203;22;50;0.0831;250.2672;19.8779;1.8130;803.3640;270.0;233.8;247.0;194.0
363.5;1.4135;1.5087;-0.1841;-0.4409;54;21;-0.0831;250.2672;19.9008;1.8130;804.1636;270.0;233.8;246.2;193.7
364.0;1.3997;1.4959;0.0096;-0.4409;52;22;0.0733;250.2672;19.9237;1.8130;804.9631;270.0;232.8;245.5;193.5
364.5;1.3860;1.4835;-0.1786;-0.4409;50;28;0.0049;250.2672;19.9389;1.7910;805.7628;270.0;231.5;244.4;194.0
365.0;1.3723;1.4716;-0.2047;-0.4409;52;30;-0.0733;250.2672;19.9618;1.7910;806.5624;270.0;231.5;243.3;194.0
365.5;1.3585;1.4592;0.0014;-0.4409;58;28;-0.0049;250.2672;19.9847;1.7910;806.5624;270.0;231.2;242.8;193.5
366.0;1.3443;1.4478;-0.0769;-0.3805;38;52;0.0733;250.2672;20.0076;1.7910;807.3620;270.0;231.5;242.6;192.9
366.5;1.3310;1.4359;0.1071;-0.4602;89;9;-0.0049;250.2672;20.0229;1.7910;808.1616;270.0;230.1;241.8;194.0
367.0;1.3173;1.4245;-0.0261;-0.5000;77;22;-0.0831;250.2672;20.0458;1.7910;808.9612;270.0;229.1;240.4;194.5
367.5;1.3040;1.4130;0.0192;-0.3613;26;79;-0.0049;250.2672;20.0611;1.7910;809.7608;270.0;229.4;238.9;193.2
368.0;1.2908;1.4016;-0.0948;-0.4011;77;30;-0.0831;250.2672;20.0840;1.7910;809.7608;270.0;228.3;237.8;192.9
368.5;1.2779;1.3906;0.0673;-0.4011;73;40;-0.0831;250.2672;20.0992;1.7910;810.5604;270.0;227.5;238.3;192.7
369.0;1.2651;1.3796;-0.0907;-0.4011;71;46;-0.0831;250.2672;20.1221;1.7910;811.3600;270.0;227.0;237.8;192.7
369.5;1.2532;1.3690;-0.0137;-0.4011;75;48;-0.0049;250.2672;20.1374;1.7910;812.1597;270.0;226.7;238.3;192.7
370.0;1.2422;1.3581;-0.1003;-0.4011;75;52;-0.0049;250.2672;20.1603;1.7910;812.1597;270.0;226.7;237.3;192.4
370.5;1.2321;1.3475;-0.3420;-0.4011;71;58;0.0049;250.2672;20.1832;1.7690;812.9593;270.0;226.7;237.3;192.7
371.0;1.2225;1.3375;-0.1882;-0.4011;77;56;-0.1613;250.2672;20.1985;1.7690;813.7589;270.0;225.9;236.7;192.4
371.5;1.2129;1.3274;-0.2857;-0.4011;75;58;0.0049;250.2672;20.2214;1.7690;814.5585;270.0;225.9;236.2;192.4
372.0;1.2033;1.3173;-0.2308;-0.4011;79;58;-0.0733;250.2672;20.2366;1.7471;815.3581;270.0;225.4;235.4;192.4
372.5;1.1937;1.3072;-0.4148;-0.4011;75;64;0.0929;250.2672;20.2595;1.7471;815.3581;270.0;225.4;234.9;192.4
373.0;1.1845;1.2976;-0.4629;-0.4011;75;65;-0.0733;250.2672;20.2748;1.7251;816.1577;270.0;225.1;234.9;192.4
373.5;1.1749;1.2880;-0.6470;-0.4011;73;71;-0.1417;250.2672;20.2977;1.7031;816.9573;270.0;224.3;234.1;192.4
374.0;1.1662;1.2788;-0.5165;-0.4011;77;69;0.0147;250.2672;20.3130;1.7031;817.7569;270.0;224.3;233.6;192.4
374.5;1.1575;1.2697;-0.5220;-0.3407;60;89;0.0929;250.2672;20.3282;1.6811;817.7569;270.0;223.5;232.8;192.1
375.0;1.1497;1.2605;-0.4794;-0.3613;87;65;-0.1515;250.2672;20.3511;1.6811;818.5565;270.0;223.3;232.5;192.1
375.5;1.1424;1.2518;-0.4547;-0.4203;101;52;-0.0733;250.2672;20.3664;1.6592;819.3561;270.0;223.3;232.3;192.4
376.0;1.1360;1.2427;-0.5769;-0.4011;73;79;0.0147;250.2672;20.3893;1.6372;820.1558;270.0;222.2;232.3;192.4
376.5;1.1300;1.2344;-0.3613;-0.4011;87;69;-0.0733;250.2672;20.4046;1.6372;820.1558;270.0;222.2;231.7;192.4
377.0;1.1236;1.2257;-0.4038;-0.4011;85;69;-0.0733;250.2672;20.4198;1.6152;820.9554;270.0;221.7;231.5;192.7
377.5;1.1190;1.2175;-0.2596;-0.4011;89;67;-0.0733;250.2672;20.4427;1.6152;821.7549;270.0;222.2;231.7;192.4
378.0;1.1145;1.2092;-0.4025;-0.3407;67;89;-0.0733;250.2672;20.4580;1.5932;822.5546;270.0;221.7;232.3;191.9
378.5;1.1103;1.2015;-0.4739;-0.3613;89;65;0.0147;250.2672;20.4733;1.5932;823.3542;270.0;221.7;231.5;191.6
379.0;1.1062;1.1937;-0.6731;-0.3613;77;75;-0.0635;250.2672;20.4886;1.5713;823.3542;270.0;221.4;230.9;191.3
379.5;1.1021;1.1859;-0.6662;-0.3613;77;75;-0.0635;250.2672;20.5115;1.5493;824.1538;270.0;221.4;230.1;191.3
380.0;1.0984;1.1786;-0.6346;-0.3008;58;93;0.0147;250.2672;20.5267;1.5273;824.9534;270.0;220.4;229.9;191.1
380.5;1.0957;1.1712;-0.8516;-0.3805;95;56;0.0244;250.2672;20.5420;1.5053;825.7530;270.0;219.9;229.6;191.3
381.0;1.0925;1.1639;-0.7418;-0.3008;50;101;-0.0635;250.2672;20.5573;1.4834;826.5526;270.0;219.1;229.9;191.1
381.5;1.0893;1.1571;-0.7747;-0.3201;75;71;-0.0635;250.2672;20.5725;1.4614;826.5526;270.0;219.3;230.1;191.1
382.0;1.0865;1.1502;-0.5549;-0.3201;75;71;0.0147;250.2672;20.5878;1.4394;827.3522;270.0;219.1;228.0;190.8
382.5;1.0833;1.1433;-0.4739;-0.3201;75;67;0.0147;250.2672;20.6031;1.4394;828.1519;270.0;219.6;227.5;191.1
383.0;1.0797;1.1369;-0.2129;-0.3201;81;62;0.0049;250.2672;20.6183;1.4174;828.1519;270.0;218.5;226.7;190.8
383.5;1.0755;1.1305;-0.2459;-0.3201;79;64;0.0049;250.2672;20.6336;1.4174;828.9515;270.0;217.2;226.5;190.8
384.0;1.0723;1.1241;-0.1690;-0.3201;81;62;-0.0831;250.2672;20.6489;1.4174;829.7510;270.0;217.2;226.7;190.6
384.5;1.0682;1.1181;-0.1429;-0.3805;101;42;0.0049;250.2672;20.6641;1.4174;830.5507;270.0;216.7;226.2;191.6
385.0;1.0646;1.1122;-0.1456;-0.3613;77;65;0.0049;250.2672;20.6794;1.4174;830.5507;270.0;216.4;224.9;191.3
385.5;1.0609;1.1062;-0.0412;-0.3008;67;77;-0.0049;250.2672;20.6870;1.3955;831.3503;270.0;215.9;224.6;191.1
386.0;1.0582;1.1007;-0.3352;-0.3201;83;60;-0.0733;250.2672;20.7023;1.3955;832.1499;270.0;215.6;224.1;191.1
386.5;1.0549;1.0952;-0.3805;-0.3201;77;67;0.0049;250.2672;20.7176;1.3955;832.9495;270.0;215.6;224.3;190.8
387.0;1.0536;1.0897;-0.5962;-0.3201;71;71;0.0147;250.2672;20.7328;1.3735;832.9495;270.0;215.1;224.1;190.6
387.5;1.0513;1.0847;-0.6168;-0.3201;71;71;0.0147;250.2672;20.7481;1.3515;833.7491;270.0;215.6;223.3;191.1
388.0;1.0490;1.0797;-0.6923;-0.3805;89;56;0.0147;250.2672;20.7634;1.3295;834.5487;270.0;214.8;222.5;191.6
388.5;1.0462;1.0751;-0.5907;-0.3613;65;75;0.0147;250.2672;20.7710;1.3076;834.5487;270.0;213.8;223.5;191.3
389.0;1.0426;1.0701;-0.6951;-0.3008;48;89;0.0147;250.2672;20.7863;1.2856;835.3483;270.0;213.8;222.2;190.6
389.5;1.0385;1.0650;-0.7033;-0.2610;54;83;-0.0635;250.2672;20.8015;1.2636;836.1479;270.0;214.0;221.4;190.0
390.0;1.0339;1.0604;-0.4670;-0.2802;77;62;0.0147;250.2672;20.8092;1.2636;836.1479;270.0;212.7;220.6;189.8
390.5;1.0302;1.0559;-0.5563;-0.2802;69;71;0.0147;250.2672;20.8244;1.2417;836.9476;270.0;211.7;220.6;189.8
391.0;1.0275;1.0513;-0.2912;-0.2802;77;65;0.0049;250.2672;20.8321;1.2417;837.7472;270.0;211.4;219.6;189.5
391.5;1.0252;1.0472;-0.2885;-0.2802;77;67;0.0049;250.2672;20.8473;1.2197;838.5468;270.0;210.9;219.6;189.5
392.0;1.0234;1.0430;-0.1305;-0.2802;81;64;-0.0049;250.2672;20.8626;1.2197;838.5468;270.0;210.1;218.8;189.5
392.5;1.0211;1.0394;-0.1456;-0.2802;81;65;0.0831;250.2672;20.8702;1.2197;839.3464;270.0;210.4;218.0;189.5
393.0;1.0179;1.0357;0.0371;-0.2802;87;62;-0.0049;250.2672;20.8779;1.2197;839.3464;270.0;209.8;217.5;189.5
393.5;1.0142;1.0321;-0.0027;-0.2802;87;64;0.0733;250.2672;20.8931;1.2197;840.1460;270.0;209.3;217.2;189.8
394.0;1.0105;1.0284;0.0316;-0.2802;89;65;-0.0049;250.2672;20.9008;1.2197;840.9456;270.0;209.3;216.2;189.5
394.5;1.0069;1.0252;-0.0027;-0.2802;89;67;0.0733;250.2672;20.9160;1.2197;840.9456;270.0;208.8;215.6;189.5
395.0;1.0041;1.0220;-0.3159;-0.3407;103;58;0.0831;250.2672;20.9237;1.2197;841.7452;270.0;208.2;215.4;190.6
395.5;1.0014;1.0192;-0.2349;-0.3201;81;79;-0.0733;250.2672;20.9389;1.1977;842.5448;270.0;208.0;214.6;190.3
396.0;0.9995;1.0165;-0.4217;-0.2610;65;101;0.0929;250.2672;20.9466;1.1977;842.5448;270.0;207.7;214.3;189.8
396.5;0.9982;1.0137;-0.4464;-0.2802;91;77;0.0147;250.2672;20.9618;1.1757;843.3444;270.0;207.2;213.3;190.3
397.0;0.9963;1.0110;-0.5742;-0.2802;81;87;0.0929;250.2672;20.9695;1.1757;844.1440;270.0;206.4;213.0;189.8
397.5;0.9950;1.0087;-0.7212;-0.2212;62;110;-0.0635;250.2672;20.9771;1.1538;844.1440;270.0;205.9;212.7;189.2
398.0;0.9940;1.0069;-0.8901;-0.2404;81;93;0.1026;250.2672;20.9924;1.1098;844.9437;270.0;205.1;212.7;189.0
398.5;0.9927;1.0046;-0.7624;-0.2404;79;97;0.0244;250.2672;21.0000;1.0878;845.7433;270.0;204.8;212.7;189.0
399.0;0.9908;1.0027;-0.7569;-0.2404;81;99;0.0244;250.2672;21.0076;1.0659;845.7433;270.0;204.8;211.7;188.7
399.5;0.9895;1.0009;-0.8434;-0.2404;81;101;-0.0538;250.2672;21.0153;1.0439;846.5428;270.0;204.3;210.4;188.4
400.0;0.9886;1.0000;-0.7033;-0.1813;71;120;0.1026;250.2672;21.0305;1.0219;847.3425;270.0;203.5;210.1;188.2
400.5;0.9886;1.0000;-0.9135;-0.2005;105;118;0.1026;250.2672;21.0382;0.9999;847.3425;270.0;203.2;209.8;187.9
401.0;0.9881;1.0000;-0.6964;-0.2005;105;120;0.1026;250.2672;21.0458;0.9780;848.1421;270.0;202.7;209.6;187.9
401.5;0.9876;1.0000;-0.6607;-0.2610;124;101;0.0147;250.2672;21.0534;0.9560;848.1421;270.0;203.2;208.5;188.4
402.0;0.9886;1.0000;-0.4835;-0.1813;87;140;0.0147;250.2672;21.0611;0.9560;848.9417;270.0;202.2;208.5;188.2
402.5;0.9890;1.0000;-0.3310;-0.2005;118;105;0.0049;250.2672;21.0763;0.9340;849.7413;270.0;201.1;207.7;187.7
403.0;0.9904;1.0000;-0.2184;-0.2005;114;109;0.0831;250.2672;21.0840;0.9340;849.7413;270.0;201.1;208.2;187.7
403.5;0.9913;1.0000;-0.2404;-0.2005;112;109;0.0831;250.2672;21.0916;0.9340;850.5409;270.0;200.6;207.4;187.7
404.0;0.9922;1.0000;-0.1250;-0.2005;114;105;-0.0049;250.2672;21.0992;0.9340;851.3405;270.0;201.4;208.0;187.9
404.5;0.9927;1.0000;-0.0714;-0.2610;134;85;0.0733;250.2672;21.1069;0.9340;851.3405;270.0;200.6;207.7;188.4
405.0;0.9940;1.0000;-0.1799;-0.1813;89;128;0.0831;250.2672;21.1145;0.9120;852.1401;270.0;200.3;206.7;188.2
405.5;0.9954;1.0000;-0.0591;-0.2005;120;97;-0.0831;250.2672;21.1221;0.9120;852.9398;270.0;199.8;205.9;187.9
406.0;0.9968;1.0000;-0.1690;-0.2005;110;105;0.0831;250.2672;21.1298;0.9120;852.9398;270.0;199.3;205.1;187.9
406.5;0.9982;1.0000;-0.1690;-0.2005;110;103;0.0831;250.2672;21.1374;0.9120;853.7394;270.0;198.7;205.3;187.9
407.0;0.9991;1.0000;-0.2747;-0.2005;107;105;0.0049;250.2672;21.1450;0.8901;854.5389;270.0;199.3;204.8;187.7
407.5;1.0009;1.0000;-0.2706;-0.2005;107;105;0.0049;250.2672;21.1603;0.8901;854.5389;270.0;198.5;204.8;187.9
408.0;1.0023;1.0000;-0.4478;-0.2005;103;107;-0.0733;250.2672;21.1679;0.8901;855.3386;270.0;198.5;203.5;187.9
408.5;1.0032;1.0000;-0.5385;-0.2005;99;109;0.0147;250.2672;21.1756;0.8681;855.3386;270.0;197.7;204.0;187.7
409.0;1.0046;1.0000;-0.4492;-0.2005;101;105;0.0147;250.2672;21.1832;0.8461;856.1382;270.0;197.4;203.5;187.7
409.5;1.0055;1.0000;-0.5000;-0.2005;99;105;0.0929;250.2672;21.1908;0.8461;856.9378;270.0;196.9;203.2;187.9
410.0;1.0060;1.0000;-0.3695;-0.2005;101;101;0.0049;250.2672;21.1985;0.8241;856.9378;270.0;196.9;203.2;187.7
410.5;1.0069;1.0000;-0.5234;-0.2005;97;107;0.0929;250.2672;21.2061;0.8022;857.7374;270.0;196.6;203.8;187.4
411.0;1.0069;1.0000;-0.3956;-0.2005;99;101;0.0049;250.2672;21.2137;0.8022;858.5370;270.0;196.9;202.4;187.7
411.5;1.0064;1.0000;-0.4025;-0.2610;118;83;-0.0733;250.2672;21.2214;0.7802;858.5370;270.0;196.1;202.2;187.9
412.0;1.0055;1.0000;-0.3338;-0.1813;77;124;0.0049;250.2672;21.2214;0.7802;859.3366;270.0;195.8;202.2;187.7
412.5;1.0046;1.0000;-0.1923;-0.2005;109;93;0.0831;250.2672;21.2290;0.7802;860.1362;270.0;196.4;201.9;187.4
413.0;1.0041;1.0000;-0.0302;-0.2610;126;75;-0.0049;250.2672;21.2366;0.7802;860.1362;270.0;195.8;202.2;188.7
413.5;1.0050;1.0000;-0.0467;-0.2404;103;101;-0.0049;250.2672;21.2443;0.7802;860.9359;270.0;195.3;201.6;188.4
414.0;1.0055;1.0000;-0.0920;-0.1813;89;112;-0.0049;250.2672;21.2519;0.7802;861.7355;270.0;195.0;200.6;188.2
414.5;1.0064;1.0000;-0.0124;-0.2005;114;87;-0.0049;250.2672;21.2595;0.7802;861.7355;270.0;194.8;201.6;187.7
415.0;1.0069;1.0000;-0.1470;-0.2005;105;97;0.0049;250.2672;21.2672;0.7582;862.5351;270.0;194.0;200.6;187.7
415.5;1.0078;1.0000;0.0014;-0.2005;107;93;0.0733;250.2672;21.2748;0.7582;862.5351;270.0;193.7;199.8;187.7
416.0;1.0078;1.0000;-0.1648;-0.2005;103;97;0.0049;250.2672;21.2824;0.7582;863.3347;270.0;193.5;199.0;187.4
416.5;1.0087;1.0000;-0.2843;-0.1401;81;118;0.0049;250.2672;21.2901;0.7582;864.1343;270.0;193.2;199.5;187.1
417.0;1.0087;1.0000;-0.3187;-0.1607;103;95;0.0049;250.2672;21.2977;0.7363;864.1343;270.0;192.4;199.3;187.1
417.5;1.0092;1.0000;-0.3462;-0.1607;97;101;0.0831;250.2672;21.2977;0.7363;864.9339;270.0;192.4;198.5;187.1
418.0;1.0087;1.0000;-0.2308;-0.2212;118;79;0.0049;250.2672;21.3053;0.7363;865.7335;270.0;192.1;197.7;187.9
418.5;1.0092;1.0000;-0.1374;-0.2005;97;101;-0.0049;250.2672;21.3130;0.7143;865.7335;270.0;191.9;197.9;187.7
419.0;1.0092;1.0000;-0.1099;-0.2005;103;95;-0.0049;250.2672;21.3206;0.7143;866.5331;270.0;191.6;197.4;187.4
419.5;1.0087;1.0000;-0.1937;-0.1401;81;114;0.0049;250.2672;21.3282;0.7143;867.3327;270.0;191.6;196.9;187.1
420.0;1.0082;1.0000;-0.0701;-0.2212;128;69;-0.0049;250.2672;21.3359;0.7143;867.3327;270.0;191.3;196.9;187.7
420.5;1.0073;1.0000;-0.1360;-0.2005;97;101;-0.0049;250.2672;21.3435;0.7143;868.1323;270.0;191.3;195.8;187.7
421.0;1.0073;1.0000;-0.0481;-0.2005;105;93;-0.0831;250.2672;21.3435;0.7143;868.9319;270.0;190.6;195.8;187.7
421.5;1.0069;1.0000;-0.1291;-0.2005;105;95;-0.0049;250.2672;21.3511;0.6923;868.9319;270.0;190.3;195.0;187.7
422.0;1.0064;1.0000;-0.2582;-0.2005;101;97;0.0049;250.2672;21.3588;0.6923;869.7316;270.0;189.8;194.8;188.2
422.5;1.0064;1.0000;-0.3104;-0.2610;118;79;-0.0733;250.2672;21.3664;0.6923;869.7316;270.0;189.8;194.0;188.4
423.0;1.0064;1.0000;-0.2953;-0.2404;97;103;0.0831;250.2672;21.3740;0.6703;870.5312;270.0;189.2;193.2;188.4
423.5;1.0069;1.0000;-0.2198;-0.1813;85;114;0.0049;250.2672;21.3740;0.6703;871.3307;270.0;189.0;192.9;187.9
424.0;1.0069;1.0000;-0.2225;-0.2005;109;91;-0.0733;250.2672;21.3817;0.6703;871.3307;270.0;187.9;192.1;187.7
424.5;1.0069;1.0000;-0.1566;-0.2005;105;95;0.0049;250.2672;21.3893;0.6703;872.1304;270.0;187.7;191.6;187.4
425.0;1.0064;1.0000;-0.2926;-0.1401;81;116;0.0049;250.2672;21.3969;0.6484;872.1304;270.0;186.6;191.1;187.1
425.5;1.0060;1.0000;-0.1799;-0.1607;109;91;0.0831;250.2672;21.4046;0.6484;872.9300;270.0;186.3;191.1;187.1
426.0;1.0046;1.0000;-0.1786;-0.1607;103;97;0.0831;250.2672;21.4046;0.6484;873.7296;270.0;185.8;190.6;186.6
426.5;0.9995;1.0000;-0.1772;-0.1607;107;95;-0.0831;250.2672;21.4122;0.6484;873.7296;270.0;185.0;189.8;186.6
427.0;0.9959;1.0000;-0.1140;-0.1607;110;97;-0.0049;250.2672;21.4198;0.6264;874.5292;270.0;184.5;190.0;186.6
427.5;0.9931;1.0000;-0.1758;-0.1607;110;101;0.0049;250.2672;21.4198;0.6264;875.3288;270.0;184.0;188.2;186.6
428.0;0.9908;1.0000;-0.2390;-0.1607;110;103;0.0049;250.2672;21.4275;0.6264;875.3288;270.0;183.4;187.1;186.9
428.5;0.9895;1.0000;-0.1291;-0.1607;112;101;-0.0049;250.2672;21.4351;0.6264;876.1284;270.0;182.9;186.9;186.6
429.0;0.9881;1.0000;-0.1085;-0.1607;114;103;-0.0049;250.2672;21.4351;0.6264;876.1284;270.0;183.4;186.6;186.6
429.5;0.9867;1.0000;-0.1374;-0.1607;114;103;0.0049;250.2672;21.4427;0.6044;876.9280;270.0;182.4;186.1;187.1
430.0;0.9863;1.0000;-0.0179;-0.1607;118;103;-0.0049;250.2672;21.4504;0.6044;877.7277;270.0;182.9;185.3;186.9
430.5;0.9853;1.0000;-0.0920;-0.1607;116;105;-0.0049;250.2672;21.4580;0.6044;877.7277;270.0;182.4;185.3;186.6
431.0;0.9840;1.0000;-0.0096;-0.1607;118;103;0.0733;250.2672;21.4580;0.6044;878.5273;270.0;181.1;184.2;186.6
431.5;0.9835;1.0000;0.0082;-0.1607;120;103;-0.0831;250.2672;21.4657;0.6044;878.5273;270.0;180.3;183.7;186.6
432.0;0.9821;1.0000;0.0783;-0.1003;103;120;-0.0929;250.2672;21.4733;0.6044;879.3268;270.0;179.7;182.9;186.3
432.5;0.9821;1.0000;-0.0137;-0.1813;144;81;0.0733;250.2672;21.4733;0.6044;880.1265;270.0;179.2;182.4;186.6
433.0;0.9817;1.0000;-0.0769;-0.1003;95;132;-0.0049;250.2672;21.4809;0.6044;880.1265;270.0;178.9;181.3;186.3
433.5;0.9808;1.0000;-0.1305;-0.1209;122;105;-0.0049;250.2672;21.4886;0.6044;880.9261;270.0;177.9;181.1;185.8
434.0;0.9799;1.0000;-0.1621;-0.1209;116;110;0.0049;250.2672;21.4886;0.6044;880.9261;270.0;177.4;180.5;185.8
434.5;0.9794;1.0000;-0.0701;-0.1209;118;109;-0.0049;250.2672;21.4962;0.6044;881.7257;270.0;176.6;180.5;186.1
435.0;0.9789;1.0000;-0.2266;-0.1209;116;112;-0.0733;250.2672;21.5038;0.5824;882.5253;270.0;176.6;180.3;186.1
435.5;0.9776;1.0000;-0.1813;-0.1209;118;112;-0.0831;250.2672;21.5038;0.5824;882.5253;270.0;175.8;180.0;185.8
436.0;0.9766;1.0000;-0.1909;-0.1209;118;114;0.0049;250.2672;21.5115;0.5824;883.3249;270.0;175.8;178.9;185.8
436.5;0.9757;1.0000;-0.2390;-0.1209;118;114;0.0049;250.2672;21.5191;0.5824;883.3249;270.0;176.6;178.4;185.8
437.0;0.9748;1.0000;-0.2060;-0.1209;120;114;-0.0733;250.2672;21.5191;0.5605;884.1245;270.0;175.0;177.9;185.8
437.5;0.9734;1.0000;-0.1827;-0.1209;120;114;0.0049;250.2672;21.5267;0.5605;884.9241;270.0;174.2;177.4;185.8
438.0;0.9730;1.0000;-0.3407;-0.1209;116;118;0.0049;250.2672;21.5267;0.5605;884.9241;270.0;174.2;176.6;185.8
438.5;0.9730;1.0000;-0.2981;-0.1209;120;118;-0.0733;250.2672;21.5344;0.5385;885.7238;270.0;173.4;176.0;185.5
439.0;0.9730;1.0000;-0.2473;-0.1813;140;99;0.0049;250.2672;21.5420;0.5385;885.7238;270.0;172.6;175.8;187.1
439.5;0.9730;1.0000;-0.3104;-0.1003;95;142;0.0049;250.2672;21.5420;0.5385;886.5234;270.0;172.1;175.0;186.3
440.0;0.9716;1.0000;-0.1648;-0.1209;128;110;0.0049;250.2672;21.5496;0.5165;887.3230;270.0;171.6;174.5;185.8
440.5;0.9702;1.0000;-0.2266;-0.1813;142;99;0.0049;250.2672;21.5573;0.5165;887.3230;270.0;171.3;174.5;186.6
441.0;0.9702;1.0000;-0.1841;-0.1003;101;142;-0.0831;250.2672;21.5573;0.5165;888.1226;270.0;170.5;173.7;186.1
441.5;0.9702;1.0000;-0.2019;-0.1209;130;112;0.0049;250.2672;21.5649;0.5165;888.1226;269.2;171.0;172.9;185.8
442.0;0.9716;1.0000;-0.1511;-0.1209;124;116;0.0049;250.2672;21.5649;0.4945;888.9222;268.2;170.0;172.3;185.3
442.5;0.9725;1.0000;-0.1470;-0.1209;124;116;0.0049;250.2672;21.5725;0.4945;889.7218;269.2;169.4;171.8;185.5
443.0;0.9734;1.0000;-0.0453;-0.0604;109;134;-0.0831;250.2672;21.5802;0.4945;889.7218;267.1;168.9;171.8;185.3
443.5;0.9744;1.0000;-0.1140;-0.1401;148;91;-0.0049;250.2672;21.5802;0.4945;890.5214;267.6;169.2;171.0;185.5
444.0;0.9762;1.0000;-0.1044;-0.1813;138;101;-0.0049;250.2672;21.5878;0.4945;891.3210;266.0;168.1;170.8;186.3
444.5;0.9776;1.0000;-0.0385;-0.1003;101;136;-0.0049;250.2672;21.5878;0.4945;891.3210;266.0;167.6;170.5;185.5
445.0;0.9789;1.0000;-0.1538;-0.1209;126;109;-0.0831;250.2672;21.5954;0.4945;892.1206;265.2;167.1;170.0;185.8
445.5;0.9803;1.0000;-0.1291;-0.1209;122;112;-0.0831;250.2672;21.6031;0.4726;892.9202;263.7;166.8;168.9;186.3
446.0;0.9821;1.0000;-0.2843;-0.1209;118;116;-0.0733;250.2672;21.6031;0.4726;892.9202;262.3;166.3;168.9;185.8
446.5;0.9831;1.0000;-0.3571;-0.0604;97;136;0.0049;250.2672;21.6107;0.4726;893.7198;260.5;165.7;168.1;185.3
447.0;0.9844;1.0000;-0.4313;-0.0810;118;112;-0.0733;250.2672;21.6107;0.4506;894.5195;259.4;165.0;167.6;184.8
447.5;0.9853;1.0000;-0.4148;-0.0810;112;116;0.0049;250.2672;21.6183;0.4286;894.5195;258.7;164.7;167.3;184.2
448.0;0.9863;1.0000;-0.4052;-0.0206;93;136;-0.0733;250.2672;21.6183;0.4286;895.3191;257.3;164.2;166.5;184.2
448.5;0.9886;1.0000;-0.4107;-0.0412;116;112;0.0049;250.2672;21.6260;0.4066;896.1187;258.1;162.8;166.0;184.0
449.0;0.9895;1.0000;-0.3709;-0.0412;110;114;0.0049;250.2672;21.6260;0.4066;896.1187;255.0;162.6;165.5;183.7
449.5;0.9908;1.0000;-0.4451;-0.0412;109;116;0.0147;250.2672;21.6336;0.3847;896.9183;255.0;162.3;164.7;183.7
450.0;0.9913;1.0000;-0.3077;-0.0412;110;112;-0.1515;250.2672;21.6336;0.3847;896.9183;251.8;162.1;163.1;183.4
450.5;0.9922;1.0000;-0.2775;0.0192;93;130;-0.0733;250.2672;21.6412;0.3847;897.7179;251.8;161.0;163.1;183.2
451.0;0.9936;1.0000;-0.2308;0.0000;116;105;-0.0733;250.2672;21.6412;0.3627;898.5175;249.7;160.2;162.3;182.9
451.5;0.9940;1.0000;-0.1497;0.0000;112;109;-0.0831;250.2672;21.6489;0.3627;898.5175;249.9;159.9;162.1;182.9
452.0;0.9954;1.0000;-0.2184;0.0000;110;109;0.0049;250.2672;21.6489;0.3627;899.3171;249.7;159.1;161.8;182.6
452.5;0.9963;1.0000;-0.2885;0.0000;107;110;0.0049;250.2672;21.6489;0.3407;900.1167;248.1;158.6;161.0;182.9
453.0;0.9968;1.0000;-0.1621;0.0000;109;107;-0.0049;0.5573;0.0000;-0.0109;0.5557;246.5;158.6;160.2;182.9
453.5;0.9968;1.0000;-0.1827;0.0000;109;107;0.0049;1.0382;-0.0076;-0.0109;0.5557;247.6;155.5;159.1;183.2
454.0;0.9977;1.0000;-0.1648;0.0000;109;107;-0.1613;1.6031;-0.0076;-0.0109;1.3553;249.1;154.4;158.4;183.4
454.5;0.9982;1.0000;-0.0769;0.0000;110;105;-0.0049;2.0840;-0.0076;-0.0328;1.3553;246.5;153.1;157.6;182.9
455.0;0.9991;1.0000;-0.1607;0.0000;109;105;-0.0831;2.6107;-0.0076;-0.0328;2.1549;246.0;152.3;157.6;182.9
455.5;1.0000;1.0000;-0.1126;0.0000;109;105;0.0831;3.1298;-0.0076;-0.0328;2.9546;243.6;152.3;156.5;182.9
456.0;1.0005;1.0000;-0.1140;0.0000;109;105;-0.0049;3.6107;-0.0076;-0.0328;2.9546;242.6;152.8;155.7;182.9
456.5;1.0018;1.0000;-0.1580;0.0000;107;105;0.0049;4.1756;-0.0076;-0.0328;3.7542;239.6;152.0;154.9;182.6
457.0;1.0023;1.0000;-0.1676;0.0000;105;105;0.0831;4.6947;-0.0076;-0.0328;4.5538;239.6;151.8;154.1;182.1
457.5;1.0027;1.0000;-0.2074;0.0000;105;105;0.0049;5.1832;-0.0076;-0.0548;4.5538;236.7;151.8;153.9;181.6
458.0;1.0032;1.0000;-0.2775;0.0000;101;107;0.0049;5.7405;-0.0076;-0.0548;5.3534;236.7;151.8;153.1;181.6
458.5;1.0032;1.0000;-0.2830;0.0000;101;107;0.0049;6.2290;-0.0076;-0.0548;6.1530;235.2;151.8;152.8;181.3
459.0;1.0027;1.0000;-0.2871;0.0000;101;107;-0.0733;6.7481;-0.0076;-0.0768;6.1530;234.1;152.3;152.0;181.1
459.5;1.0032;1.0000;-0.3530;0.0000;99;109;0.0831;7.2672;-0.0076;-0.0768;6.9526;232.0;152.3;151.8;181.1
460.0;1.0041;1.0000;-0.2047;0.0000;103;107;0.0049;7.8321;-0.0076;-0.0988;7.7522;231.2;150.4;151.2;180.8
460.5;1.0060;1.0000;-0.2541;0.0000;101;107;-0.0733;8.3588;-0.0076;-0.0988;7.7522;229.4;149.6;150.7;180.8
461.0;1.0073;1.0000;-0.1978;0.0000;101;105;0.0049;8.9160;-0.0076;-0.0988;8.5518;229.9;148.6;149.9;180.5
461.5;1.0092;1.0000;-0.0824;0.0000;103;101;-0.0831;9.4427;-0.0076;-0.0988;9.3514;228.3;147.5;149.6;180.5
462.0;1.0114;1.0000;-0.0494;0.0000;103;99;-0.0049;10.0000;-0.0076;-0.0988;9.3514;227.5;146.2;149.1;180.5
462.5;1.0142;1.0000;-0.0481;0.0000;103;97;-0.0049;10.5649;-0.0153;-0.0988;10.1510;225.1;145.4;148.1;180.8
463.0;1.0151;1.0000;-0.0879;0.0000;99;97;-0.0049;11.0458;-0.0153;-0.1207;10.9506;225.4;144.6;147.8;181.1
463.5;1.0174;1.0000;-0.0494;0.0000;99;95;-0.0049;11.6107;-0.0153;-0.1207;10.9506;222.2;143.8;147.0;180.3
464.0;1.0192;1.0000;-0.1113;0.0000;97;95;-0.0831;12.1374;-0.0153;-0.1207;11.7503;219.6;143.3;146.7;180.0
464.5;1.0197;1.0000;0.0426;0.0000;99;91;-0.0049;12.6183;-0.0153;-0.1207;12.5499;218.8;142.5;146.0;179.7
465.0;1.0215;1.0000;-0.0494;0.0000;97;93;-0.0049;13.1756;-0.0153;-0.1207;12.5499;217.2;142.0;145.4;179.7
465.5;1.0224;1.0000;-0.0453;0.0000;95;91;-0.0049;13.7405;-0.0153;-0.1207;13.3495;215.4;140.9;144.6;179.5
466.0;1.0229;1.0000;0.0027;0.0000;95;89;-0.0049;14.2214;-0.0153;-0.1207;14.1491;213.0;139.6;144.4;179.5
466.5;1.0243;1.0000;-0.1236;0.0000;93;93;-0.0049;14.7863;-0.0229;-0.1207;14.1491;211.1;139.4;143.3;178.9
467.0;1.0252;1.0000;-0.0536;0.0000;93;91;0.0733;15.3053;-0.0229;-0.1207;14.9487;211.4;138.6;142.8;179.5
467.5;1.0256;1.0000;-0.0206;0.0000;93;89;-0.0049;15.7939;-0.0229;-0.1207;15.7483;209.3;139.4;143.0;178.7
468.0;1.0266;1.0000;-0.1332;0.0000;91;91;-0.0049;16.3511;-0.0229;-0.1207;15.7483;207.2;138.6;142.3;178.9
468.5;1.0270;1.0000;-0.1085;0.0000;91;91;-0.0049;16.8397;-0.0229;-0.1207;16.5479;208.2;138.6;141.2;178.4
469.0;1.0275;1.0000;-0.0838;0.0000;91;89;-0.0831;17.3588;-0.0229;-0.1207;17.3475;204.5;138.0;140.7;177.9
469.5;1.0279;1.0000;-0.1841;0.0000;87;91;0.0831;17.8779;-0.0229;-0.1427;17.3475;202.7;138.3;139.9;178.2
470.0;1.0284;1.0000;-0.0989;0.0000;89;89;-0.0831;18.4046;-0.0305;-0.1427;18.1471;200.8;138.0;140.1;177.4
470.5;1.0279;1.0000;-0.0948;0.0000;89;89;-0.0049;18.8855;-0.0305;-0.1427;18.1471;199.8;138.0;139.1;177.4
471.0;1.0275;1.0000;-0.1841;0.0000;87;91;0.0049;19.3664;-0.0305;-0.1427;18.9467;197.7;137.5;138.6;176.8
471.5;1.0275;1.0000;-0.0948;0.0000;89;89;0.0831;19.8931;-0.0305;-0.1427;19.7464;197.4;136.5;138.3;176.8
472.0;1.0275;0.9995;-0.1827;0.0000;85;89;0.0831;20.4122;-0.0305;-0.1647;19.7464;195.3;135.4;137.5;176.8
472.5;1.0261;0.9991;-0.1126;0.0000;83;87;-0.0049;20.8931;-0.0305;-0.1647;20.5460;194.8;134.1;137.0;176.3
473.0;1.0247;0.9986;-0.0151;0.0000;83;81;-0.0049;21.3740;-0.0382;-0.1647;21.3456;192.4;133.3;136.2;175.8
473.5;1.0238;0.9982;-0.0549;0.0000;81;81;0.0733;21.9008;-0.0382;-0.1647;21.3456;191.1;132.2;135.4;175.5
474.0;1.0224;0.9973;-0.0824;0.0000;79;79;0.0831;22.4198;-0.0382;-0.1647;22.1452;189.0;131.7;134.6;175.0
474.5;1.0211;0.9963;-0.1126;0.0000;77;79;-0.0831;22.9466;-0.0382;-0.1647;22.9448;188.2;130.9;134.1;175.2
475.0;1.0192;0.9954;-0.0797;0.0000;75;75;-0.0049;23.4275;-0.0382;-0.1647;22.9448;187.7;130.6;134.1;175.0
475.5;1.0169;0.9940;-0.0962;0.0000;73;73;-0.0049;23.9084;-0.0382;-0.1647;23.7444;184.5;129.6;133.8;174.2
476.0;1.0156;0.9927;-0.0357;0.0000;71;71;0.0733;24.4351;-0.0458;-0.1647;23.7444;182.9;128.8;133.0;173.4
476.5;1.0137;0.9913;-0.1401;0.0000;67;71;-0.0049;24.9160;-0.0458;-0.1647;24.5440;181.6;127.5;132.2;172.9
477.0;1.0128;0.9895;-0.1387;0.0000;65;69;0.0049;25.4733;-0.0458;-0.1867;25.3436;180.5;126.7;131.2;172.3
477.5;1.0110;0.9876;-0.1264;0.0000;64;67;0.0831;25.9160;-0.0458;-0.1867;25.3436;178.7;125.9;130.9;171.8
478.0;1.0101;0.9853;-0.2308;0.0000;60;67;0.0049;26.4809;-0.0458;-0.1867;26.1432;178.4;125.4;130.1;172.6
478.5;1.0078;0.9835;-0.1511;0.0000;58;64;0.0049;26.9618;-0.0534;-0.1867;26.9428;176.6;125.1;129.6;171.6
479.0;1.0050;0.9812;-0.0948;0.0000;58;62;0.1613;27.4427;-0.0534;-0.1867;26.9428;176.6;125.1;128.8;171.3
479.5;1.0023;0.9785;-0.1360;0.0000;54;60;-0.0049;27.9313;-0.0534;-0.2086;27.7425;174.7;124.6;128.5;170.0
480.0;1.0005;0.9757;0.0522;0.0000;58;54;-0.0831;28.4504;-0.0534;-0.2086;27.7425;173.4;125.4;128.3;169.4
480.5;0.9968;0.9730;0.1978;0.0000;58;48;0.0635;28.8931;-0.0534;-0.1867;28.5421;172.6;124.8;127.7;168.7
481.0;0.9936;0.9702;0.2088;0.0000;58;46;-0.0147;29.3740;-0.0611;-0.1867;29.3417;171.3;124.8;126.9;168.1
481.5;0.9904;0.9670;0.2665;0.0000;56;42;-0.0147;29.8550;-0.0611;-0.1867;29.3417;169.7;125.1;126.4;167.6
482.0;0.9863;0.9638;0.1058;0.0000;50;44;0.0733;30.2977;-0.0611;-0.1867;30.1413;170.8;124.0;125.6;166.5
482.5;0.9826;0.9602;0.0082;0.0000;48;44;-0.1613;30.7786;-0.0611;-0.1867;30.1413;168.4;123.0;125.1;165.7
483.0;0.9780;0.9565;-0.0673;0.0000;44;44;0.0733;31.2214;-0.0611;-0.1867;30.9409;167.6;122.5;124.8;165.2
483.5;0.9734;0.9528;-0.1827;0.0000;38;44;0.0049;31.7099;-0.0687;-0.1867;30.9409;166.8;120.9;124.0;164.2
484.0;0.9679;0.9492;-0.1456;0.0000;38;42;0.0831;32.1450;-0.0687;-0.1867;31.7405;166.8;119.6;122.7;163.6
484.5;0.9620;0.9451;-0.0275;0.0000;38;36;-0.0049;32.5496;-0.0687;-0.1867;32.5401;165.0;118.5;121.9;162.8
485.0;0.9556;0.9409;-0.0838;0.0000;36;38;0.0831;32.9924;-0.0687;-0.1867;32.5401;164.4;118.0;121.4;162.1
485.5;0.9487;0.9364;-0.0591;0.0000;36;36;-0.0049;33.3969;-0.0687;-0.1867;33.3397;163.1;116.9;120.6;161.5
486.0;0.9414;0.9318;-0.0096;0.0000;36;34;0.0733;33.8397;-0.0687;-0.1867;33.3397;162.1;116.1;120.6;160.7
486.5;0.9341;0.9272;-0.0755;0.0000;34;34;-0.0049;34.2366;-0.0763;-0.1867;34.1393;161.8;116.1;119.3;160.2
487.0;0.9263;0.9222;0.0357;0.0000;34;30;0.0733;34.6031;-0.0763;-0.1867;34.1393;161.8;115.1;119.3;159.4
487.5;0.9180;0.9171;-0.0082;0.0000;34;32;-0.0049;35.0000;-0.0763;-0.1867;34.9389;161.3;113.8;118.2;158.6
488.0;0.9112;0.9121;-0.0440;0.0000;32;30;-0.0049;35.4809;-0.0763;-0.1867;34.9389;160.2;112.4;117.7;158.1
488.5;0.9043;0.9066;-0.0302;0.0000;30;30;-0.0049;35.8855;-0.0763;-0.1867;35.7386;159.9;111.4;116.9;157.3
489.0;0.8965;0.9016;-0.0151;0.0000;30;28;0.0733;36.2443;-0.0763;-0.1867;35.7386;159.4;110.3;116.4;156.8
489.5;0.8878;0.8956;-0.0440;0.0000;28;28;0.0733;36.6107;-0.0840;-0.2086;36.5382;159.4;110.1;116.1;156.0
490.0;0.8796;0.8901;0.0508;0.0000;30;26;-0.0049;37.0076;-0.0840;-0.1867;36.5382;159.4;109.5;115.3;156.5
490.5;0.8709;0.8842;0.0206;0.0000;28;24;-0.0831;37.3740;-0.0840;-0.1867;37.3378;159.1;109.3;114.5;154.1
491.0;0.8613;0.8777;-0.0014;0.0000;28;24;-0.0049;37.6947;-0.0840;-0.1867;37.3378;158.1;108.7;114.5;153.3
491.5;0.8526;0.8718;0.0838;0.0000;28;22;-0.0049;38.0992;-0.0840;-0.1867;37.3378;157.8;108.7;114.0;152.8
492.0;0.8434;0.8654;0.0041;0.0000;26;22;0.0733;38.4580;-0.0840;-0.1867;38.1374;157.3;108.2;113.0;152.0
492.5;0.8342;0.8585;0.0591;0.0000;26;22;0.0733;38.8168;-0.0840;-0.1867;38.1374;157.3;107.9;112.2;151.8
493.0;0.8242;0.8521;-0.0041;0.0000;24;22;-0.0049;39.1450;-0.0916;-0.1867;38.9370;156.5;107.2;111.6;151.2
493.5;0.8146;0.8452;-0.0536;0.0000;22;22;0.0733;39.5038;-0.0916;-0.1867;38.9370;157.0;106.4;111.1;150.7
494.0;0.8045;0.8379;-0.0975;0.0000;21;22;-0.0049;39.8244;-0.0916;-0.1867;39.7366;156.5;105.8;111.4;150.7
494.5;0.7958;0.8310;0.0371;0.0000;22;19;-0.0049;40.2290;-0.0916;-0.1867;39.7366;157.3;104.8;110.6;150.7
495.0;0.7866;0.8237;0.0069;0.0000;21;19;0.0733;40.5878;-0.0916;-0.1867;40.5362;156.5;104.3;109.5;150.4
495.5;0.7779;0.8159;0.0536;0.0000;21;17;-0.0831;40.9466;-0.0916;-0.1867;40.5362;158.4;103.5;109.3;149.6
496.0;0.7688;0.8082;0.1758;0.0000;22;11;0.0733;41.3130;-0.0992;-0.1867;40.5362;156.8;103.2;108.7;149.1
496.5;0.7592;0.8004;0.0618;0.0000;19;13;-0.0049;41.6336;-0.0992;-0.1867;41.3358;157.6;102.7;108.5;148.9
497.0;0.7500;0.7926;0.1236;0.0000;19;11;-0.0049;42.0382;-0.0992;-0.1867;41.3358;156.5;102.4;107.9;148.3
497.5;0.7408;0.7843;0.0893;0.0000;17;9;-0.0049;42.3588;-0.0992;-0.1867;42.1354;156.5;101.9;107.4;148.3
498.0;0.7317;0.7761;0.0357;0.0000;13;9;-0.0049;42.6794;-0.0992;-0.1867;42.1354;156.2;101.3;106.9;147.8
498.5;0.7216;0.7679;0.0440;0.0000;11;7;-0.0049;43.0000;-0.0992;-0.1867;42.9350;155.2;100.6;106.9;147.5
499.0;0.7120;0.7592;0.0110;0.0000;9;5;-0.0049;43.3206;-0.0992;-0.1867;42.9350;155.2;100.3;106.4;147.0
499.5;0.7028;0.7505;-0.0220;0.0000;7;5;0.0733;43.6794;-0.0992;-0.1867;42.9350;154.4;99.2;106.6;146.7
500.0;0.6918;0.7413;-0.0069;0.0000;5;3;-0.0049;43.9237;-0.1069;-0.1867;43.7346;154.4;99.0;105.8;146.5
500.5;0.6832;0.7326;0.0288;0.0000;5;1;-0.0049;44.3282;-0.1069;-0.1867;43.7346;153.9;98.7;105.6;146.7
501.0;0.6740;0.7230;0.0055;0.0000;1;-1;-0.0049;44.6489;-0.1069;-0.1867;44.5343;153.9;99.0;104.8;146.2
501.5;0.6648;0.7138;0.0673;0.0000;1;-5;-0.0049;44.9695;-0.1069;-0.1647;44.5343;153.3;99.0;104.8;146.5
502.0;0.6552;0.7042;0.0934;0.0000;-1;-9;-0.0049;45.2901;-0.1069;-0.1647;44.5343;153.3;99.0;104.3;145.7
502.5;0.6461;0.6946;0.0865;0.0000;-3;-11;-0.0049;45.6107;-0.1069;-0.1647;45.3339;152.6;99.0;104.0;145.4
503.0;0.6364;0.6850;0.0756;0.0000;-7;-13;0.0733;45.8931;-0.1069;-0.1647;45.3339;152.8;99.2;103.7;145.4
503.5;0.6268;0.6749;0.0756;0.0000;-9;-15;-0.0049;46.2137;-0.1069;-0.1647;46.1335;152.3;99.0;103.5;145.2
504.0;0.6168;0.6648;0.1195;0.0000;-9;-19;-0.0929;46.4962;-0.1069;-0.1647;46.1335;152.3;99.2;103.2;145.4
504.5;0.6067;0.6543;0.2019;0.0000;-11;-22;0.0733;46.7786;-0.1145;-0.1647;46.1335;152.3;99.2;102.9;145.2
505.0;0.5962;0.6438;0.0962;0.0000;-17;-22;0.0733;47.0611;-0.1145;-0.1647;46.9331;152.0;98.2;102.7;145.2
505.5;0.5861;0.6332;0.1181;0.0000;-19;-26;-0.0049;47.3817;-0.1145;-0.1427;46.9331;151.2;97.7;102.4;144.9
506.0;0.5760;0.6223;0.2294;0.0000;-17;-32;-0.0929;47.6641;-0.1145;-0.1427;46.9331;151.2;96.9;101.9;144.9
506.5;0.5655;0.6113;0.1552;0.0000;-22;-32;-0.0147;47.9008;-0.1145;-0.1427;47.7327;150.4;96.3;101.1;145.2
507.0;0.5549;0.6003;0.1978;0.0000;-24;-36;0.0733;48.1832;-0.1145;-0.1427;47.7327;151.5;95.5;101.1;145.2
507.5;0.5435;0.5893;0.1813;0.0000;-26;-38;-0.0147;48.4275;-0.1145;-0.1207;47.7327;151.0;95.5;100.8;145.4
508.0;0.5330;0.5778;0.2198;0.0000;-28;-42;0.0635;48.7099;-0.1145;-0.1207;48.5323;151.2;95.0;100.3;145.2
508.5;0.5220;0.5664;0.2637;0.0000;-30;-46;-0.0147;48.9466;-0.1145;-0.1207;48.5323;149.1;95.3;100.0;145.2
509.0;0.5114;0.5545;0.1841;0.0000;-36;-46;0.0733;49.2290;-0.1145;-0.0988;48.5323;148.3;94.2;99.8;145.2
509.5;0.5005;0.5426;0.1429;0.0000;-40;-48;-0.0147;49.4733;-0.1145;-0.0988;49.3319;148.3;93.7;99.2;145.7
510.0;0.4895;0.5307;0.2596;0.0000;-40;-54;-0.0147;49.7099;-0.1145;-0.0988;49.3319;147.5;92.9;99.2;145.7
510.5;0.4780;0.5183;0.2335;0.0000;-44;-58;-0.0147;49.9542;-0.1145;-0.0988;49.3319;147.5;92.4;99.0;145.4
511.0;0.4679;0.5060;0.1003;0.0000;-50;-58;0.0733;50.2366;-0.1145;-0.0988;50.1315;147.0;91.8;98.7;145.7
511.5;0.4565;0.4936;0.1868;0.0000;-52;-64;-0.0929;50.4351;-0.1221;-0.0768;50.1315;147.5;91.8;98.2;145.7
512.0;0.4455;0.4812;0.1621;0.0000;-52;-64;-0.0147;50.6794;-0.1221;-0.0768;50.1315;146.2;91.6;97.9;146.0
512.5;0.4345;0.4689;0.1264;0.0000;-52;-62;-0.0049;50.9160;-0.1221;-0.0768;50.1315;145.7;91.6;97.4;145.7
513.0;0.4240;0.4570;0.1154;0.0000;-52;-62;-0.0049;51.1603;-0.1221;-0.0768;50.9311;145.2;91.6;97.1;146.0
513.5;0.4130;0.4451;0.0179;0.0000;-54;-58;0.0733;51.3588;-0.1221;-0.0768;50.9311;145.2;91.8;96.6;146.0
514.0;0.4025;0.4332;0.0714;0.0000;-52;-60;-0.0831;51.5573;-0.1221;-0.0768;50.9311;144.4;91.6;96.3;146.2
514.5;0.3915;0.4217;0.0920;0.0000;-50;-60;-0.0929;51.7634;-0.1221;-0.0548;51.7307;144.1;91.8;95.8;146.2
515.0;0.3805;0.4103;0.0797;0.0000;-50;-58;0.0733;51.9618;-0.1221;-0.0548;51.7307;143.3;91.3;95.8;146.2
515.5;0.3700;0.3993;0.0604;0.0000;-50;-58;-0.0831;52.1603;-0.1221;-0.0548;51.7307;143.0;90.5;95.3;146.2
516.0;0.3594;0.3883;0.0288;0.0000;-50;-56;-0.0049;52.3206;-0.1221;-0.0548;51.7307;142.3;90.0;95.0;146.0
516.5;0.3494;0.3773;0.0646;0.0000;-48;-56;-0.0831;52.5267;-0.1221;-0.0548;51.7307;142.3;89.5;94.8;146.7
517.0;0.3388;0.3663;0.0467;0.0000;-48;-56;-0.0049;52.6870;-0.1221;-0.0548;52.5304;142.5;89.2;94.5;146.5
517.5;0.3292;0.3558;0.1140;0.0000;-46;-56;0.0733;52.8855;-0.1221;-0.0548;52.5304;142.0;88.9;94.2;146.5
518.0;0.3201;0.3452;-0.0055;0.0000;-48;-52;-0.0831;53.0840;-0.1221;-0.0548;52.5304;141.2;88.4;94.0;146.5
518.5;0.3109;0.3347;0.0440;0.0000;-46;-54;-0.0049;53.2519;-0.1221;-0.0548;52.5304;140.9;87.9;93.7;146.5
519.0;0.3017;0.3246;-0.0069;0.0000;-46;-52;-0.0049;53.4122;-0.1221;-0.0548;53.3300;140.4;87.9;94.0;146.5
519.5;0.2935;0.3146;-0.1154;0.0000;-48;-48;0.0831;53.6107;-0.1221;-0.0548;53.3300;140.4;87.9;93.7;146.7
520.0;0.2843;0.3049;0.0027;0.0000;-46;-52;-0.0831;53.7328;-0.1221;-0.0548;53.3300;140.4;87.6;93.4;146.5
520.5;0.2752;0.2953;-0.0192;0.0000;-44;-50;-0.0831;53.8473;-0.1221;-0.0548;53.3300;139.6;86.8;93.7;146.5
521.0;0.2660;0.2857;-0.0027;0.0000;-42;-50;-0.0049;54.0153;-0.1221;-0.0548;53.3300;139.4;86.6;93.2;146.5
521.5;0.2578;0.2766;0.0275;0.0000;-42;-50;-0.0049;54.1756;-0.1221;-0.0548;54.1296;138.8;86.0;92.9;146.7
522.0;0.2500;0.2669;-0.0343;0.0000;-42;-48;-0.0049;54.3359;-0.1221;-0.0548;54.1296;138.8;86.0;92.6;146.5
522.5;0.2427;0.2582;-0.0604;0.0000;-42;-46;-0.0049;54.4962;-0.1221;-0.0548;54.1296;138.3;86.0;92.6;146.7
523.0;0.2358;0.2491;-0.0357;0.0000;-42;-48;-0.0049;54.6565;-0.1221;-0.0548;54.1296;138.3;86.3;92.4;146.5
523.5;0.2285;0.2404;-0.0962;0.0000;-44;-46;0.0831;54.7786;-0.1221;-0.0548;54.1296;137.8;86.3;92.4;146.5
524.0;0.2212;0.2317;0.0027;0.0000;-40;-48;-0.0831;54.8931;-0.1221;-0.0548;54.1296;138.6;86.6;92.1;146.5
524.5;0.2147;0.2234;0.1484;0.0000;-36;-50;-0.0147;55.0534;-0.1221;-0.0548;54.9292;137.5;86.6;92.1;146.5
525.0;0.2088;0.2152;0.0673;0.0000;-38;-48;-0.0049;55.2137;-0.1221;-0.0548;54.9292;137.2;87.1;91.8;146.5
525.5;0.2019;0.2070;0.0701;0.0000;-38;-48;-0.0049;55.2977;-0.1221;-0.0548;54.9292;136.7;87.1;91.8;146.2
526.0;0.1960;0.1992;0.0934;0.0000;-38;-48;-0.0049;55.4580;-0.1221;-0.0548;54.9292;136.7;87.4;91.6;146.2
526.5;0.1896;0.1914;-0.0110;0.0000;-40;-46;-0.0049;55.5420;-0.1221;-0.0548;54.9292;136.2;87.1;91.6;146.2
527.0;0.1836;0.1836;0.0000;0.0000;-38;-46;-0.0049;55.7023;-0.1221;-0.0548;54.9292;136.2;86.6;91.3;146.2
527.5;0.1777;0.1758;-0.0385;0.0000;-40;-44;-0.0049;55.7786;-0.1221;-0.0548;55.7288;135.9;86.3;91.3;146.2
528.0;0.1708;0.1685;-0.1058;0.0000;-40;-42;-0.0049;55.8626;-0.1221;-0.0548;55.7288;135.7;85.5;91.1;146.2
528.5;0.1648;0.1616;-0.1044;0.0000;-40;-40;-0.0831;55.9847;-0.1221;-0.0548;55.7288;135.4;85.5;91.1;146.0
529.0;0.1589;0.1543;-0.1882;0.0000;-40;-38;0.0049;56.0611;-0.1221;-0.0548;55.7288;135.7;85.2;90.8;146.0
529.5;0.1534;0.1474;-0.1346;0.0000;-40;-38;0.0831;56.1832;-0.1221;-0.0768;55.7288;134.9;85.2;90.5;146.2
530.0;0.1484;0.1410;-0.0838;0.0000;-38;-40;-0.0831;56.3053;-0.1221;-0.0768;55.7288;136.5;85.0;90.5;146.2
530.5;0.1433;0.1342;-0.0192;0.0000;-36;-40;-0.0049;56.3817;-0.1221;-0.0768;55.7288;135.4;84.7;90.3;146.0
531.0;0.1387;0.1277;-0.0069;0.0000;-34;-40;-0.0831;56.5038;-0.1221;-0.0768;55.7288;134.9;84.5;90.3;146.7
531.5;0.1332;0.1218;-0.0082;0.0000;-34;-40;0.0733;56.5420;-0.1221;-0.0768;56.5284;134.1;84.2;90.0;146.2
532.0;0.1296;0.1154;-0.0041;0.0000;-34;-40;-0.0049;56.7023;-0.1221;-0.0768;56.5284;133.5;83.7;90.0;146.0
532.5;0.1255;0.1094;-0.0549;0.0000;-34;-38;-0.0049;56.7863;-0.1221;-0.0768;56.5284;133.8;83.4;90.0;146.0
533.0;0.1213;0.1039;0.0879;0.0000;-32;-40;-0.0049;56.8626;-0.1221;-0.0768;56.5284;133.3;83.1;90.0;145.7
533.5;0.1172;0.0980;-0.0659;0.0000;-34;-36;-0.0049;56.9466;-0.1221;-0.0768;56.5284;133.3;83.4;89.7;145.7
534.0;0.1136;0.0929;-0.0302;0.0000;-34;-38;-0.0049;57.0229;-0.1221;-0.0768;56.5284;133.0;83.4;89.7;145.7
534.5;0.1094;0.0875;-0.0151;0.0000;-32;-38;-0.0049;57.1069;-0.1221;-0.0768;56.5284;134.1;83.9;89.7;145.7
535.0;0.1062;0.0824;-0.0440;0.0000;-32;-36;-0.0049;57.1832;-0.1221;-0.0768;56.5284;133.0;83.9;89.7;145.7
535.5;0.1026;0.0774;-0.0522;0.0000;-32;-36;-0.0049;57.2672;-0.1221;-0.0768;56.5284;133.0;84.5;89.5;145.7
536.0;0.0994;0.0723;-0.0494;0.0000;-32;-34;-0.0049;57.3511;-0.1221;-0.0768;57.3280;132.5;84.7;89.5;145.4
536.5;0.0962;0.0678;-0.0728;0.0000;-32;-34;-0.0049;57.4275;-0.1221;-0.0768;57.3280;132.5;85.0;89.5;145.4
537.0;0.0934;0.0632;-0.0755;0.0000;-32;-34;-0.0049;57.5115;-0.1221;-0.0768;57.3280;132.2;85.2;89.5;145.2
537.5;0.0911;0.0586;0.0041;0.0000;-30;-34;-0.0049;57.5878;-0.1221;-0.0768;57.3280;132.5;85.0;89.2;145.2
538.0;0.0888;0.0545;-0.1374;0.0000;-32;-32;-0.0049;57.6718;-0.1221;-0.0768;57.3280;131.7;84.5;89.5;145.2
538.5;0.0865;0.0504;-0.0385;0.0000;-30;-32;-0.0049;57.7481;-0.1221;-0.0768;57.3280;132.2;83.9;89.2;145.2
539.0;0.0838;0.0467;-0.0591;0.0000;-30;-32;-0.0831;57.7863;-0.1221;-0.0988;57.3280;131.7;83.9;89.2;145.2
539.5;0.0820;0.0430;-0.0810;0.0000;-28;-32;-0.0049;57.8702;-0.1221;-0.0988;57.3280;131.7;83.4;89.2;145.2
540.0;0.0792;0.0394;0.0247;0.0000;-26;-32;0.0733;57.9084;-0.1221;-0.0988;57.3280;131.4;83.7;89.2;144.9
540.5;0.0774;0.0357;0.0096;0.0000;-26;-32;-0.0049;57.9924;-0.1221;-0.0988;57.3280;131.7;83.4;89.2;144.9
541.0;0.0760;0.0325;0.0385;0.0000;-24;-32;-0.0049;58.0687;-0.1221;-0.0988;57.3280;131.2;83.4;88.9;144.9
541.5;0.0746;0.0293;0.0687;0.0000;-24;-32;-0.0049;58.1527;-0.1221;-0.0768;58.1276;131.7;83.1;88.9;144.9
542.0;0.0723;0.0266;0.0165;0.0000;-24;-30;-0.0049;58.1527;-0.1221;-0.0768;58.1276;131.2;82.9;88.7;144.6
542.5;0.0705;0.0238;0.0522;0.0000;-22;-30;-0.0049;58.2290;-0.1221;-0.0768;58.1276;130.9;82.3;88.7;144.6
543.0;0.0696;0.0211;0.1456;0.0000;-21;-32;-0.0147;58.3130;-0.1298;-0.0768;58.1276;130.9;82.3;88.7;144.6
543.5;0.0682;0.0183;0.1016;0.0000;-21;-30;-0.0929;58.3511;-0.1298;-0.0768;58.1276;130.4;82.1;89.2;144.6
544.0;0.0668;0.0160;0.0412;0.0000;-21;-28;0.0733;58.3893;-0.1298;-0.0768;58.1276;130.6;82.3;88.7;144.6
544.5;0.0659;0.0142;0.0261;0.0000;-21;-26;-0.0049;58.4733;-0.1298;-0.0768;58.1276;130.4;82.3;88.7;144.6
545.0;0.0659;0.0119;-0.0701;0.0000;-22;-24;-0.0049;58.5496;-0.1298;-0.0768;58.1276;130.4;82.6;88.4;144.6
545.5;0.0655;0.0101;-0.0467;0.0000;-21;-24;-0.0831;58.5954;-0.1298;-0.0768;58.1276;130.1;82.9;88.4;144.6
546.0;0.0646;0.0082;0.0110;0.0000;-19;-24;0.0733;58.6336;-0.1298;-0.0768;58.1276;130.4;83.4;88.2;144.6
546.5;0.0641;0.0069;-0.1085;0.0000;-21;-21;-0.0831;58.6718;-0.1298;-0.0768;58.1276;130.1;83.7;88.2;144.6
547.0;0.0632;0.0055;-0.0426;0.0000;-19;-21;0.0733;58.7176;-0.1298;-0.0768;58.1276;130.4;84.2;88.2;144.6
547.5;0.0632;0.0041;-0.1236;0.0000;-19;-19;-0.0049;58.7939;-0.1298;-0.0768;58.1276;129.9;85.0;88.4;144.4
548.0;0.0632;0.0032;-0.0893;0.0000;-17;-19;-0.0049;58.8779;-0.1298;-0.0988;58.1276;130.1;84.7;88.2;144.6
548.5;0.0623;0.0023;-0.0082;0.0000;-15;-19;-0.0049;58.8779;-0.1298;-0.0988;58.1276;129.9;84.5;88.4;144.4
549.0;0.0614;0.0014;0.0467;0.0000;-11;-19;-0.0831;58.9160;-0.1298;-0.0988;58.1276;129.9;84.2;88.2;144.4