general_params = {
fan_speed = 0.000000,
angular_kp = 0.042000,
angular_ki = 0.000210,
angular_kd = 0.050000,
angular_acc_feed_forward_k = 0.000400,
angular_brake_feed_forward_k = 0.000400,
angular_vel_feed_forward_k = 0.004000,
linear_vel_acc_feed_forward_k = 0.031250,
linear_vel_brake_feed_forward_k = 0.018000,
linear_vel_feed_forward_k = 0.105000,
wall_kp = 0.050000,
wall_ki = 0.000000,
wall_kd = 0.000000,
linear_vel_kp = 2.500000,
linear_vel_ki = 0.010000,
linear_vel_kd = 25.000000,
diagonal_walls_kp = 0.005000,
diagonal_walls_ki = 0.000000,
diagonal_walls_kd = 0.000000,
start_wall_break_mm_left = 56.000000,
start_wall_break_mm_right = 56.000000,
enable_wall_break_correction = 1.000000,
max_linear_acc_jerk = 40.000000,
max_linear_brake_jerk = 40.000000,
wheel_radius_mm = 13.250000,
coulomb_ff = 0.130000,
angular_coulomb_ff = 0.000000,
angular_static_ff = 0.000000,
};
t;Vel;TgtVel;AngVel;TgtAngVel;PWM_L;PWM_R;ImuDiff;PosX;PosY;Angle;Dist;SensL;SensFL;SensFR;SensR
0.0;0.0000;0.0000;0.0055;0.0000;-1;-1;-0.0049;0.0000;0.0000;-0.0109;-0.2439;176.0;300.0;300.0;300.0
0.5;0.0000;0.0000;0.0000;0.0000;-1;-1;-0.0049;0.0000;0.0000;-0.0109;-0.2439;176.2;300.0;300.0;300.0
1.0;0.0000;0.0000;-0.0027;0.0000;-1;-1;-0.0049;0.0000;0.0000;-0.0109;-0.2439;176.2;300.0;300.0;300.0
1.5;0.0000;0.0000;0.0000;0.0000;-1;-1;-0.0049;0.0000;0.0000;-0.0109;-0.2439;176.2;300.0;300.0;300.0
2.0;0.0000;0.0000;0.0000;0.0000;-1;-1;-0.0049;0.0000;0.0000;-0.0109;-0.2439;176.0;300.0;300.0;300.0
2.5;0.0000;0.0000;-0.0014;0.0000;1;1;-0.0049;0.0000;0.0000;-0.0109;-0.2439;176.0;300.0;300.0;300.0
3.0;0.0000;0.0000;-0.0027;0.0000;1;1;-0.0049;0.0000;0.0000;-0.0109;-0.2439;176.5;300.0;300.0;300.0
3.5;0.0000;0.0000;-0.0069;0.0000;1;1;-0.0049;0.0000;0.0000;-0.0109;-0.2439;176.5;300.0;300.0;300.0
4.0;0.0000;0.0000;-0.0096;0.0000;1;1;-0.0049;0.0000;0.0000;-0.0109;-0.2439;176.2;300.0;300.0;300.0
4.5;0.0000;0.0005;0.0000;0.0000;1;1;-0.0049;0.0000;0.0000;-0.0109;-0.2439;176.2;300.0;300.0;300.0
5.0;0.0000;0.0005;-0.0069;0.0000;1;1;-0.0049;0.0000;0.0000;-0.0109;-0.2439;176.2;300.0;300.0;300.0
5.5;0.0000;0.0005;-0.0055;0.0000;1;1;-0.0049;0.0000;0.0000;-0.0109;-0.2439;176.5;300.0;300.0;300.0
6.0;0.0005;0.0005;-0.0041;0.0000;1;1;-0.0049;0.0000;0.0000;-0.0109;-0.2439;176.5;300.0;300.0;300.0
6.5;0.0005;0.0009;0.0041;0.0000;30;30;-0.0049;0.0000;0.0000;-0.0109;-0.2439;176.2;300.0;300.0;300.0
7.0;0.0005;0.0009;-0.0069;0.0000;32;32;-0.0049;0.0000;0.0000;-0.0109;-0.2439;176.2;300.0;300.0;300.0
7.5;0.0005;0.0009;-0.0137;0.0000;32;32;-0.0049;0.0000;0.0000;-0.0109;-0.2439;176.2;300.0;300.0;300.0
8.0;0.0005;0.0014;-0.0110;0.0000;32;32;-0.0049;0.0000;0.0000;-0.0109;-0.2439;176.5;300.0;300.0;300.0
8.5;0.0009;0.0014;-0.0110;0.0000;32;32;-0.0049;0.0000;0.0000;-0.0109;-0.2439;176.5;300.0;300.0;300.0
9.0;0.0009;0.0018;-0.0110;0.0000;32;32;-0.0049;0.0000;0.0000;-0.0109;-0.2439;176.2;300.0;300.0;300.0
9.5;0.0009;0.0018;-0.0014;0.0000;32;32;-0.0049;0.0000;0.0000;-0.0109;-0.2439;176.2;300.0;300.0;300.0
10.0;0.0014;0.0023;-0.0041;0.0000;32;32;-0.0049;0.0000;0.0000;-0.0109;-0.2439;176.2;300.0;300.0;300.0
10.5;0.0014;0.0023;-0.0055;0.0000;32;32;-0.0049;0.0000;0.0000;-0.0109;-0.2439;176.5;300.0;300.0;300.0
11.0;0.0014;0.0027;-0.0069;0.0000;32;34;-0.0049;0.0000;0.0000;-0.0109;-0.2439;176.5;300.0;300.0;300.0
11.5;0.0014;0.0027;-0.0110;0.0000;32;34;-0.0049;0.0000;0.0000;-0.0109;-0.2439;176.5;300.0;300.0;300.0
12.0;0.0018;0.0032;-0.0137;0.0000;34;34;-0.0049;0.0000;0.0000;-0.0109;-0.2439;176.5;300.0;300.0;300.0
12.5;0.0018;0.0032;-0.0096;0.0000;34;34;-0.0049;0.0000;0.0000;-0.0109;-0.2439;176.5;300.0;300.0;300.0
13.0;0.0023;0.0037;-0.0055;0.0000;34;34;-0.0049;0.0000;0.0000;-0.0109;-0.2439;176.5;300.0;300.0;300.0
13.5;0.0023;0.0037;-0.0027;0.0000;34;34;-0.0049;0.0000;0.0000;-0.0109;-0.2439;176.5;300.0;300.0;300.0
14.0;0.0023;0.0041;-0.0137;0.0000;34;34;-0.0049;0.0000;0.0000;-0.0109;-0.2439;176.2;300.0;300.0;300.0
14.5;0.0027;0.0046;-0.0165;0.0000;34;34;-0.0049;0.0000;0.0000;-0.0109;-0.2439;176.5;300.0;300.0;300.0
15.0;0.0027;0.0046;-0.0192;0.0000;34;36;-0.0049;0.0000;0.0000;-0.0109;-0.2439;176.0;300.0;300.0;300.0
15.5;0.0027;0.0050;-0.0151;0.0000;36;36;-0.0049;0.0000;0.0000;-0.0109;-0.2439;176.5;300.0;300.0;300.0
16.0;0.0032;0.0055;-0.0275;0.0000;36;36;-0.0049;0.0000;0.0000;-0.0109;-0.2439;176.0;300.0;300.0;300.0
16.5;0.0032;0.0055;-0.0220;0.0000;36;36;-0.0049;0.0000;0.0000;-0.0109;-0.2439;176.0;300.0;300.0;300.0
17.0;0.0037;0.0060;-0.0316;0.0000;36;36;-0.0049;0.0000;0.0000;-0.0109;-0.2439;176.0;300.0;300.0;300.0
17.5;0.0037;0.0064;-0.0220;0.0000;36;36;-0.0049;0.0000;0.0000;-0.0109;-0.2439;176.2;300.0;300.0;300.0
18.0;0.0041;0.0069;-0.0137;0.0000;36;36;-0.0049;0.0000;0.0000;-0.0109;-0.2439;176.0;300.0;300.0;300.0
18.5;0.0041;0.0073;0.0082;0.0000;38;36;-0.0049;0.0000;0.0000;-0.0109;-0.2439;176.5;300.0;300.0;300.0
19.0;0.0041;0.0078;0.0096;0.0000;38;38;-0.0049;0.0000;0.0000;-0.0109;-0.2439;176.0;300.0;300.0;300.0
19.5;0.0046;0.0078;0.0206;0.0000;38;38;-0.0049;0.0000;0.0000;-0.0109;-0.2439;176.2;300.0;300.0;300.0
20.0;0.0046;0.0082;0.0357;0.0000;38;38;-0.0049;0.0000;0.0000;-0.0109;-0.2439;176.0;300.0;300.0;300.0
20.5;0.0050;0.0087;0.0549;0.0000;38;38;-0.0049;0.0000;0.0000;-0.0109;-0.2439;176.5;300.0;300.0;300.0
21.0;0.0050;0.0092;0.0591;0.0000;40;38;-0.0049;0.0000;0.0000;-0.0109;-0.2439;176.2;300.0;300.0;300.0
21.5;0.0055;0.0096;0.0632;0.0000;40;38;-0.0049;0.0000;0.0000;-0.0109;-0.2439;176.5;300.0;300.0;300.0
22.0;0.0055;0.0101;0.0728;0.0000;40;38;-0.0049;0.0000;0.0000;-0.0109;-0.2439;176.5;300.0;300.0;300.0
22.5;0.0064;0.0105;0.0742;0.0000;40;38;0.0733;0.0382;0.0000;-0.0109;-0.2439;176.5;300.0;300.0;300.0
23.0;0.0073;0.0110;0.0810;0.0000;40;38;-0.0049;0.0382;0.0000;-0.0109;-0.2439;176.5;300.0;300.0;300.0
23.5;0.0087;0.0114;0.0838;0.0000;38;36;-0.0929;0.0763;0.0000;-0.0109;-0.2439;176.0;300.0;300.0;300.0
24.0;0.0096;0.0119;0.0797;0.0000;38;36;-0.0049;0.0763;0.0000;0.0111;-0.2439;176.5;300.0;300.0;300.0
24.5;0.0105;0.0124;0.0563;0.0000;38;36;-0.0049;0.0763;0.0000;0.0111;-0.2439;176.0;300.0;300.0;300.0
25.0;0.0110;0.0128;0.0385;0.0000;38;36;-0.0049;0.0763;0.0000;0.0111;-0.2439;176.5;300.0;300.0;300.0
25.5;0.0114;0.0137;0.0165;0.0000;38;38;-0.0049;0.0763;0.0000;0.0111;-0.2439;176.0;300.0;300.0;300.0
26.0;0.0124;0.0142;0.0206;0.0000;38;38;0.0733;0.1145;0.0000;0.0111;-0.2439;176.5;300.0;300.0;300.0
26.5;0.0128;0.0147;0.0275;0.0000;38;38;-0.0049;0.1145;0.0000;0.0111;-0.2439;176.0;300.0;300.0;300.0
27.0;0.0137;0.0151;0.0124;0.0000;38;38;-0.0049;0.1145;0.0000;0.0111;-0.2439;176.5;300.0;300.0;300.0
27.5;0.0147;0.0156;0.0234;0.0000;38;38;-0.0831;0.1603;0.0000;0.0111;-0.2439;176.0;300.0;300.0;300.0
28.0;0.0156;0.0165;0.0137;0.0000;38;38;-0.0049;0.1603;0.0000;0.0111;-0.2439;176.5;300.0;300.0;300.0
28.5;0.0160;0.0169;0.0165;0.0000;38;38;-0.0049;0.1603;0.0000;0.0111;-0.2439;176.0;300.0;300.0;300.0
29.0;0.0174;0.0174;0.0179;0.0000;38;38;0.0733;0.1985;0.0000;0.0111;-0.2439;176.2;300.0;300.0;300.0
29.5;0.0179;0.0179;0.0288;0.0000;38;38;-0.0049;0.1985;0.0000;0.0111;-0.2439;176.0;300.0;300.0;300.0
30.0;0.0192;0.0188;0.0261;0.0000;38;36;-0.0831;0.2366;0.0000;0.0111;-0.2439;176.5;300.0;300.0;300.0
30.5;0.0201;0.0192;0.0288;0.0000;38;36;-0.0049;0.2366;0.0000;0.0111;-0.2439;176.2;300.0;300.0;300.0
31.0;0.0206;0.0201;0.0234;0.0000;38;38;-0.0049;0.2366;0.0000;0.0111;-0.2439;176.5;300.0;300.0;300.0
31.5;0.0211;0.0206;0.0426;0.0000;38;38;-0.0049;0.2366;0.0000;0.0111;-0.2439;175.7;300.0;300.0;300.0
32.0;0.0220;0.0211;0.0591;0.0000;38;38;0.0733;0.2824;0.0000;0.0111;-0.2439;176.2;300.0;300.0;300.0
32.5;0.0234;0.0220;0.0398;0.0000;38;38;-0.0831;0.3206;0.0000;0.0111;-0.2439;176.0;300.0;300.0;300.0
33.0;0.0247;0.0224;0.0577;0.0000;38;36;-0.0049;0.3206;0.0000;0.0111;-0.2439;176.5;300.0;300.0;300.0
33.5;0.0261;0.0234;0.0453;0.0000;38;38;0.0733;0.3588;0.0000;0.0111;-0.2439;176.5;300.0;300.0;300.0
34.0;0.0266;0.0238;0.0604;0.0000;38;36;-0.0049;0.3588;0.0000;0.0111;-0.2439;176.5;300.0;300.0;300.0
34.5;0.0279;0.0247;0.0467;0.0000;38;36;-0.0831;0.4046;0.0000;0.0111;-0.2439;176.5;300.0;300.0;300.0
35.0;0.0288;0.0252;0.0549;0.0000;38;36;-0.0049;0.4046;0.0000;0.0331;-0.2439;176.2;300.0;300.0;300.0
35.5;0.0293;0.0261;0.0371;0.0000;38;38;-0.0049;0.4046;0.0000;0.0331;-0.2439;176.5;300.0;300.0;300.0
36.0;0.0307;0.0266;0.0179;0.0000;38;38;0.0733;0.4427;0.0000;0.0331;-0.2439;176.5;300.0;300.0;300.0
36.5;0.0311;0.0275;0.0234;0.0000;38;38;-0.0049;0.4427;0.0000;0.0331;-0.2439;176.8;300.0;300.0;300.0
37.0;0.0321;0.0284;0.0179;0.0000;38;38;-0.0831;0.4809;0.0000;0.0331;-0.2439;176.5;300.0;300.0;300.0
37.5;0.0330;0.0288;0.0192;0.0000;38;38;-0.0049;0.4809;0.0000;0.0331;-0.2439;177.4;300.0;300.0;300.0
38.0;0.0339;0.0298;-0.0179;0.0000;38;40;0.0733;0.5267;0.0000;0.0331;-0.2439;176.8;300.0;300.0;300.0
38.5;0.0357;0.0307;-0.0055;0.0000;38;38;-0.0831;0.5649;0.0000;0.0331;0.5557;176.8;300.0;300.0;300.0
39.0;0.0366;0.0316;-0.0330;0.0000;38;38;-0.0049;0.5649;0.0000;0.0331;0.5557;176.5;300.0;300.0;300.0
39.5;0.0375;0.0321;-0.0165;0.0000;38;38;0.0733;0.6031;0.0000;0.0331;0.5557;176.5;300.0;300.0;300.0
40.0;0.0389;0.0330;-0.0137;0.0000;38;38;-0.0831;0.6489;0.0000;0.0331;0.5557;176.2;300.0;300.0;300.0
40.5;0.0398;0.0339;0.0247;0.0000;38;38;-0.0049;0.6489;0.0000;0.0331;0.5557;176.5;300.0;300.0;300.0
41.0;0.0412;0.0348;0.0165;0.0000;38;38;0.0733;0.6870;0.0000;0.0331;0.5557;176.5;300.0;300.0;300.0
41.5;0.0421;0.0353;0.0096;0.0000;38;38;-0.0049;0.6870;0.0000;0.0331;0.5557;176.5;300.0;300.0;300.0
42.0;0.0430;0.0362;0.0467;0.0000;40;38;-0.0831;0.7252;0.0000;0.0331;0.5557;176.2;300.0;300.0;300.0
42.5;0.0444;0.0371;0.0467;0.0000;38;38;0.0733;0.7710;0.0000;0.0331;0.5557;176.5;300.0;300.0;300.0
43.0;0.0449;0.0380;0.0852;0.0000;40;38;-0.0049;0.7710;0.0000;0.0331;0.5557;176.2;300.0;300.0;300.0
43.5;0.0462;0.0389;0.0549;0.0000;40;38;-0.0929;0.8092;0.0000;0.0331;0.5557;176.8;300.0;300.0;300.0
44.0;0.0476;0.0398;0.0659;0.0000;40;38;0.0733;0.8473;0.0000;0.0331;0.5557;176.5;300.0;300.0;300.0
44.5;0.0481;0.0408;0.0343;0.0000;40;40;-0.0049;0.8473;0.0000;0.0331;0.5557;176.8;300.0;300.0;300.0
45.0;0.0495;0.0417;0.0591;0.0000;40;38;-0.0929;0.8931;0.0000;0.0331;0.5557;176.8;300.0;300.0;300.0
45.5;0.0504;0.0426;0.0563;0.0000;40;38;0.0733;0.9313;0.0000;0.0331;0.5557;176.5;300.0;300.0;300.0
46.0;0.0522;0.0435;0.0687;0.0000;40;38;-0.0929;0.9695;0.0000;0.0331;0.5557;177.1;300.0;300.0;300.0
46.5;0.0527;0.0444;0.0522;0.0000;40;38;-0.0049;0.9695;0.0000;0.0331;0.5557;176.5;300.0;300.0;300.0
47.0;0.0540;0.0453;0.0261;0.0000;40;40;0.0733;1.0153;0.0000;0.0331;0.5557;176.5;300.0;300.0;300.0
47.5;0.0549;0.0462;0.0508;0.0000;40;38;-0.0929;1.0534;0.0000;0.0551;0.5557;176.2;300.0;300.0;300.0
48.0;0.0559;0.0472;0.0261;0.0000;40;40;-0.0049;1.0534;0.0000;0.0551;0.5557;176.5;300.0;300.0;300.0
48.5;0.0568;0.0481;0.0357;0.0000;40;40;0.0733;1.0916;0.0000;0.0551;0.5557;176.2;300.0;300.0;300.0
49.0;0.0577;0.0495;-0.0055;0.0000;40;40;-0.0831;1.1374;0.0000;0.0551;0.5557;176.5;300.0;300.0;300.0
49.5;0.0591;0.0504;0.0027;0.0000;40;40;0.0733;1.1756;0.0000;0.0551;0.5557;176.2;300.0;300.0;300.0
50.0;0.0604;0.0513;-0.0275;0.0000;40;40;-0.0831;1.2137;0.0000;0.0551;0.5557;176.5;300.0;300.0;300.0
50.5;0.0614;0.0522;-0.0124;0.0000;42;42;-0.0049;1.2137;0.0000;0.0551;0.5557;176.2;300.0;300.0;300.0
51.0;0.0623;0.0531;0.0041;0.0000;42;42;0.0733;1.2595;0.0000;0.0551;0.5557;176.5;300.0;300.0;300.0
51.5;0.0632;0.0545;-0.0234;0.0000;42;42;-0.0831;1.2977;0.0000;0.0551;0.5557;176.2;300.0;300.0;300.0
52.0;0.0646;0.0554;-0.0151;0.0000;42;44;0.0733;1.3359;0.0000;0.0551;0.5557;176.8;300.0;300.0;300.0
52.5;0.0659;0.0563;-0.0412;0.0000;42;44;-0.0831;1.3817;0.0000;0.0331;1.3553;176.5;300.0;300.0;300.0
53.0;0.0673;0.0577;-0.0082;0.0000;42;44;0.0733;1.4198;0.0000;0.0331;1.3553;178.0;300.0;300.0;300.0
53.5;0.0687;0.0586;-0.0261;0.0000;42;42;-0.0831;1.4580;0.0000;0.0331;1.3553;177.4;300.0;300.0;300.0
54.0;0.0701;0.0595;0.0096;0.0000;42;42;0.0733;1.5038;0.0000;0.0331;1.3553;177.4;300.0;300.0;300.0
54.5;0.0705;0.0609;-0.0220;0.0000;44;44;-0.0049;1.5038;0.0000;0.0331;1.3553;176.5;300.0;300.0;300.0
55.0;0.0714;0.0618;-0.0096;0.0000;44;44;-0.0831;1.5420;0.0000;0.0331;1.3553;177.1;300.0;300.0;300.0
55.5;0.0733;0.0632;-0.0302;0.0000;44;44;-0.0049;1.6260;0.0000;0.0331;1.3553;176.5;300.0;300.0;300.0
56.0;0.0746;0.0641;-0.0165;0.0000;44;44;0.0733;1.6641;0.0000;0.0331;1.3553;177.4;300.0;300.0;300.0
56.5;0.0760;0.0655;0.0055;0.0000;44;42;-0.0831;1.7023;0.0000;0.0331;1.3553;177.4;300.0;300.0;300.0
57.0;0.0774;0.0664;-0.0151;0.0000;42;44;0.0733;1.7405;0.0000;0.0331;1.3553;176.5;300.0;300.0;300.0
57.5;0.0788;0.0678;-0.0082;0.0000;44;42;-0.0831;1.7863;0.0000;0.0331;1.3553;177.1;300.0;300.0;300.0
58.0;0.0801;0.0687;-0.0288;0.0000;44;44;0.0733;1.8244;0.0000;0.0331;1.3553;176.5;300.0;300.0;300.0
58.5;0.0815;0.0701;-0.0041;0.0000;44;44;-0.0831;1.8626;0.0000;0.0331;1.3553;177.4;300.0;300.0;300.0
59.0;0.0824;0.0710;-0.0027;0.0000;44;44;0.0733;1.9084;0.0000;0.0331;1.3553;177.1;300.0;300.0;300.0
59.5;0.0838;0.0723;0.0206;0.0000;46;44;-0.0831;1.9466;0.0000;0.0331;1.3553;177.4;300.0;300.0;300.0
60.0;0.0856;0.0737;0.0165;0.0000;44;44;-0.0049;2.0305;0.0000;0.0331;1.3553;177.1;300.0;300.0;300.0
60.5;0.0865;0.0746;0.0179;0.0000;46;44;-0.0049;2.0305;0.0000;0.0331;1.3553;177.4;300.0;300.0;300.0
61.0;0.0879;0.0760;0.0110;0.0000;46;44;-0.0049;2.1069;0.0000;0.0331;1.3553;176.8;300.0;300.0;300.0
61.5;0.0888;0.0774;0.0027;0.0000;46;46;-0.0049;2.1069;0.0000;0.0331;1.3553;177.1;300.0;300.0;300.0
62.0;0.0902;0.0783;0.0096;0.0000;46;46;-0.0049;2.1908;0.0000;0.0331;2.1549;177.1;300.0;300.0;300.0
62.5;0.0920;0.0797;-0.0316;0.0000;44;46;-0.0049;2.2748;0.0000;0.0331;2.1549;177.4;300.0;300.0;300.0
63.0;0.0934;0.0810;-0.0316;0.0000;46;46;-0.0049;2.2748;0.0000;0.0331;2.1549;176.8;300.0;300.0;300.0
63.5;0.0948;0.0824;-0.0673;0.0000;44;46;-0.0049;2.3511;0.0000;0.0331;2.1549;177.1;300.0;300.0;300.0
64.0;0.0971;0.0838;-0.0536;0.0000;44;46;-0.0049;2.4351;0.0000;0.0331;2.1549;177.1;300.0;300.0;300.0
64.5;0.0980;0.0847;-0.0453;0.0000;46;46;-0.0049;2.4351;0.0000;0.0331;2.1549;177.4;300.0;300.0;300.0
65.0;0.0994;0.0861;-0.0330;0.0000;46;46;-0.0049;2.5191;0.0000;0.0331;2.1549;177.1;300.0;300.0;300.0
65.5;0.1016;0.0875;-0.0330;0.0000;44;46;-0.0049;2.5954;0.0000;0.0331;2.1549;177.7;300.0;300.0;300.0
66.0;0.1026;0.0888;-0.0481;0.0000;46;46;-0.0049;2.5954;0.0000;0.0331;2.1549;177.4;300.0;300.0;300.0
66.5;0.1039;0.0902;-0.0151;0.0000;46;46;-0.0049;2.6794;0.0000;0.0331;2.1549;177.4;300.0;300.0;300.0
67.0;0.1062;0.0916;-0.0234;0.0000;46;46;-0.0049;2.7634;0.0000;0.0331;2.1549;177.4;300.0;300.0;300.0
67.5;0.1076;0.0929;0.0014;0.0000;46;46;-0.0831;2.8015;0.0000;0.0331;2.1549;177.1;300.0;300.0;300.0
68.0;0.1090;0.0943;-0.0192;0.0000;46;46;0.0733;2.8397;0.0000;0.0331;2.1549;177.4;300.0;300.0;300.0
68.5;0.1103;0.0957;-0.0302;0.0000;46;46;-0.0049;2.9237;0.0000;0.0331;2.1549;177.4;300.0;300.0;300.0
69.0;0.1126;0.0971;-0.0563;0.0000;44;46;-0.0049;3.0076;0.0000;0.0331;2.9546;178.0;300.0;300.0;300.0
69.5;0.1131;0.0984;-0.0440;0.0000;46;46;-0.0831;3.0458;0.0000;0.0331;2.9546;177.7;300.0;300.0;300.0
70.0;0.1140;0.0998;-0.0426;0.0000;46;48;0.0733;3.0840;0.0000;0.0331;2.9546;178.0;300.0;300.0;300.0
70.5;0.1154;0.1012;-0.0343;0.0000;48;48;-0.0049;3.1679;0.0000;0.0331;2.9546;177.7;300.0;300.0;300.0
71.0;0.1168;0.1026;-0.0275;0.0000;48;48;-0.0049;3.2519;0.0000;0.0331;2.9546;178.0;300.0;300.0;300.0
71.5;0.1181;0.1044;-0.0398;0.0000;48;48;-0.0831;3.2901;0.0000;0.0331;2.9546;177.7;300.0;300.0;300.0
72.0;0.1190;0.1058;-0.0069;0.0000;50;50;0.0733;3.3282;0.0000;0.0111;2.9546;178.0;300.0;300.0;300.0
72.5;0.1209;0.1071;0.0041;0.0000;50;50;-0.0049;3.4122;0.0000;0.0331;2.9546;178.0;300.0;300.0;300.0
73.0;0.1227;0.1085;0.0330;0.0000;50;50;-0.0049;3.4886;0.0000;0.0331;2.9546;177.7;300.0;300.0;300.0
73.5;0.1245;0.1099;0.0069;0.0000;50;50;-0.0049;3.5725;0.0000;0.0331;2.9546;177.4;300.0;300.0;300.0
74.0;0.1268;0.1117;0.0220;0.0000;48;48;-0.0049;3.6565;0.0000;0.0331;2.9546;177.4;300.0;300.0;300.0
74.5;0.1291;0.1131;-0.0110;0.0000;48;48;-0.0049;3.7328;0.0000;0.0331;2.9546;177.4;300.0;300.0;300.0
75.0;0.1305;0.1145;-0.0096;0.0000;48;48;-0.0831;3.7786;0.0000;0.0331;3.7542;177.7;300.0;300.0;300.0
75.5;0.1323;0.1158;-0.0110;0.0000;48;48;-0.0049;3.8550;0.0000;0.0331;3.7542;177.1;300.0;300.0;300.0
76.0;0.1342;0.1177;-0.0343;0.0000;48;48;-0.0049;3.9389;0.0000;0.0111;3.7542;177.7;300.0;300.0;300.0
76.5;0.1364;0.1190;-0.0302;0.0000;48;48;-0.0049;4.0229;0.0000;0.0111;3.7542;177.4;300.0;300.0;300.0
77.0;0.1383;0.1204;-0.0481;0.0000;46;48;-0.0049;4.0992;0.0000;0.0111;3.7542;178.9;300.0;300.0;300.0
77.5;0.1397;0.1218;-0.0385;0.0000;46;48;0.0733;4.1450;0.0000;0.0111;3.7542;178.0;300.0;300.0;300.0
78.0;0.1410;0.1236;-0.0522;0.0000;46;48;-0.0049;4.2214;0.0000;0.0111;3.7542;178.6;300.0;300.0;300.0
78.5;0.1429;0.1250;-0.0330;0.0000;46;48;-0.0049;4.3053;0.0000;0.0111;3.7542;178.6;300.0;300.0;300.0
79.0;0.1456;0.1264;-0.0440;0.0000;46;46;-0.0831;4.4275;0.0000;0.0111;3.7542;178.3;300.0;300.0;300.0
79.5;0.1470;0.1282;-0.0412;0.0000;46;46;0.0733;4.4656;0.0000;0.0111;3.7542;178.9;300.0;300.0;300.0
80.0;0.1488;0.1296;-0.0604;0.0000;46;46;-0.0831;4.5878;0.0000;0.0111;4.5538;178.3;300.0;300.0;300.0
80.5;0.1488;0.1310;-0.0440;0.0000;48;48;-0.0049;4.5878;0.0000;0.0111;4.5538;178.9;300.0;300.0;300.0
81.0;0.1497;0.1323;-0.0536;0.0000;48;48;-0.0049;4.6718;0.0000;0.0111;4.5538;178.3;300.0;300.0;300.0
81.5;0.1511;0.1342;-0.0879;0.0000;50;50;-0.0049;4.7557;0.0000;0.0111;4.5538;178.9;300.0;300.0;300.0
82.0;0.1516;0.1355;-0.0920;0.0000;50;50;-0.0831;4.7939;0.0000;0.0111;4.5538;178.0;300.0;300.0;300.0
82.5;0.1525;0.1369;-0.1181;0.0000;50;52;-0.0049;4.8779;0.0000;0.0111;4.5538;178.3;300.0;300.0;300.0
83.0;0.1534;0.1387;-0.1126;0.0000;52;52;-0.0049;4.9542;0.0000;-0.0109;4.5538;177.4;300.0;300.0;300.0
83.5;0.1548;0.1401;-0.1374;0.0000;52;54;-0.0049;5.0382;0.0000;-0.0109;4.5538;178.0;300.0;300.0;300.0
84.0;0.1561;0.1415;-0.1374;0.0000;52;54;-0.0049;5.1145;0.0000;-0.0109;4.5538;178.0;300.0;300.0;300.0
84.5;0.1575;0.1429;-0.1731;0.0000;50;54;0.0049;5.1985;0.0000;-0.0109;4.5538;178.6;300.0;300.0;300.0
85.0;0.1593;0.1447;-0.2074;0.0000;50;54;0.0049;5.2824;0.0000;-0.0109;4.5538;178.3;300.0;300.0;300.0
85.5;0.1607;0.1461;-0.2335;0.0000;50;54;0.0049;5.3588;0.0000;-0.0328;5.3534;178.0;300.0;300.0;300.0
86.0;0.1621;0.1474;-0.2445;0.0000;50;54;0.0049;5.4427;0.0000;-0.0328;5.3534;178.0;300.0;300.0;300.0
86.5;0.1644;0.1488;-0.2294;0.0000;50;54;-0.0733;5.5649;0.0000;-0.0328;5.3534;178.6;300.0;300.0;300.0
87.0;0.1653;0.1506;-0.2431;0.0000;50;54;0.0831;5.6031;0.0000;-0.0548;5.3534;178.3;300.0;300.0;300.0
87.5;0.1667;0.1520;-0.2129;0.0000;50;54;0.0049;5.6870;0.0000;-0.0548;5.3534;178.9;300.0;300.0;300.0
88.0;0.1680;0.1534;-0.2184;0.0000;50;54;0.0049;5.7710;0.0000;-0.0548;5.3534;178.6;300.0;300.0;300.0
88.5;0.1699;0.1552;-0.1744;0.0000;50;54;-0.0831;5.8931;0.0000;-0.0548;5.3534;179.2;300.0;300.0;300.0
89.0;0.1708;0.1566;-0.1250;0.0000;52;52;-0.0831;5.9313;0.0000;-0.0768;5.3534;178.6;300.0;300.0;300.0
89.5;0.1726;0.1580;-0.0714;0.0000;52;52;0.0831;6.0534;0.0000;-0.0768;5.3534;179.2;300.0;300.0;300.0
90.0;0.1740;0.1593;-0.0357;0.0000;52;52;-0.0049;6.1374;0.0000;-0.0768;5.3534;179.2;300.0;300.0;300.0
90.5;0.1754;0.1612;-0.0398;0.0000;52;52;-0.0049;6.2137;0.0000;-0.0768;6.1530;178.9;300.0;300.0;300.0
91.0;0.1767;0.1625;-0.0069;0.0000;52;52;-0.0049;6.2977;0.0000;-0.0768;6.1530;179.5;300.0;300.0;300.0
91.5;0.1786;0.1639;-0.0220;0.0000;52;52;-0.0831;6.4198;0.0000;-0.0768;6.1530;178.9;300.0;300.0;300.0
92.0;0.1799;0.1653;-0.0192;0.0000;52;52;-0.0049;6.5038;0.0000;-0.0768;6.1530;179.2;300.0;300.0;300.0
92.5;0.1809;0.1671;-0.0522;0.0000;52;54;0.0831;6.5420;0.0000;-0.0768;6.1530;178.6;300.0;300.0;300.0
93.0;0.1822;0.1685;-0.0604;0.0000;54;54;-0.0831;6.6641;0.0000;-0.0768;6.1530;178.6;300.0;300.0;300.0
93.5;0.1836;0.1699;-0.0975;0.0000;52;54;-0.0049;6.7405;0.0000;-0.0768;6.1530;179.5;300.0;300.0;300.0
94.0;0.1845;0.1717;-0.1236;0.0000;52;56;-0.0049;6.8244;0.0000;-0.0768;6.1530;180.6;300.0;300.0;300.0
94.5;0.1854;0.1731;-0.1223;0.0000;54;56;-0.0049;6.9084;0.0000;-0.0768;6.1530;179.5;300.0;300.0;300.0
95.0;0.1864;0.1745;-0.1456;0.0000;54;56;0.0049;6.9847;0.0000;-0.0988;6.9526;179.5;300.0;300.0;300.0
95.5;0.1873;0.1758;-0.1305;0.0000;54;58;-0.0049;7.0687;0.0000;-0.0988;6.9526;178.9;300.0;300.0;300.0
96.0;0.1882;0.1777;-0.1291;0.0000;56;58;-0.0049;7.1527;0.0000;-0.0988;6.9526;179.2;300.0;300.0;300.0
96.5;0.1896;0.1790;-0.0865;0.0000;56;58;0.0831;7.2748;0.0000;-0.0988;6.9526;178.9;300.0;300.0;300.0
97.0;0.1905;0.1804;-0.0783;0.0000;56;58;-0.0049;7.3511;0.0000;-0.0988;6.9526;179.5;300.0;300.0;300.0
97.5;0.1923;0.1822;-0.0522;0.0000;56;58;-0.0831;7.4733;0.0000;-0.0988;6.9526;179.5;300.0;300.0;300.0
98.0;0.1937;0.1836;-0.0398;0.0000;56;58;-0.0049;7.5573;0.0000;-0.0988;6.9526;179.2;300.0;300.0;300.0
98.5;0.1955;0.1850;-0.0343;0.0000;56;56;-0.0831;7.6794;0.0000;-0.0988;6.9526;180.1;300.0;300.0;300.0
99.0;0.1978;0.1864;-0.0453;0.0000;56;56;0.0733;7.8015;0.0000;-0.0988;7.7522;179.2;300.0;300.0;300.0
99.5;0.1992;0.1882;-0.0536;0.0000;56;56;-0.0049;7.8855;0.0000;-0.1207;7.7522;178.9;300.0;300.0;300.0
100.0;0.2010;0.1896;-0.0453;0.0000;54;56;-0.0831;8.0076;0.0000;-0.1207;7.7522;179.2;300.0;300.0;300.0
100.5;0.2019;0.1909;-0.0536;0.0000;56;56;0.0831;8.0458;-0.0076;-0.1207;7.7522;178.9;300.0;300.0;300.0
101.0;0.2024;0.1923;-0.0618;0.0000;56;58;-0.0049;8.1298;-0.0076;-0.1207;7.7522;178.9;300.0;300.0;300.0
101.5;0.2033;0.1941;-0.0687;0.0000;56;58;0.0831;8.2519;-0.0076;-0.1207;7.7522;180.1;300.0;300.0;300.0
102.0;0.2051;0.1955;-0.0371;0.0000;58;58;-0.0831;8.3664;-0.0076;-0.1207;7.7522;178.9;300.0;300.0;300.0
102.5;0.2060;0.1969;-0.0385;0.0000;58;58;-0.0049;8.4504;-0.0076;-0.1207;7.7522;179.8;300.0;300.0;300.0
103.0;0.2070;0.1987;0.0000;0.0000;58;58;-0.0049;8.5344;-0.0076;-0.1207;7.7522;179.2;300.0;300.0;300.0
103.5;0.2088;0.2001;0.0137;0.0000;58;58;-0.0049;8.6947;-0.0076;-0.1207;8.5518;179.5;300.0;300.0;300.0
104.0;0.2106;0.2015;0.0247;0.0000;58;58;-0.0049;8.7786;-0.0076;-0.1207;8.5518;179.5;300.0;300.0;300.0
104.5;0.2120;0.2028;0.0316;0.0000;58;58;-0.0831;8.9008;-0.0076;-0.1207;8.5518;179.2;300.0;300.0;300.0
105.0;0.2138;0.2047;0.0316;0.0000;58;58;0.0733;9.0229;-0.0076;-0.1207;8.5518;178.9;300.0;300.0;300.0
105.5;0.2161;0.2060;0.0426;0.0000;58;56;-0.0831;9.1450;-0.0076;-0.1207;8.5518;178.9;300.0;300.0;300.0
106.0;0.2179;0.2074;0.0096;0.0000;56;56;0.0733;9.2672;-0.0076;-0.1207;8.5518;178.6;300.0;300.0;300.0
106.5;0.2202;0.2092;0.0110;0.0000;56;56;-0.0831;9.3893;-0.0076;-0.1207;9.3514;179.2;300.0;300.0;300.0
107.0;0.2216;0.2106;-0.0137;0.0000;56;56;-0.0049;9.4656;-0.0076;-0.1207;9.3514;178.6;300.0;300.0;300.0
107.5;0.2239;0.2120;0.0014;0.0000;56;56;-0.0049;9.6336;-0.0076;-0.1207;9.3514;178.9;300.0;300.0;300.0
108.0;0.2253;0.2134;0.0165;0.0000;56;56;-0.0049;9.7099;-0.0076;-0.1207;9.3514;178.6;300.0;300.0;300.0
108.5;0.2276;0.2152;0.0385;0.0000;56;54;-0.0049;9.8779;-0.0076;-0.1207;9.3514;178.9;300.0;300.0;300.0
109.0;0.2294;0.2166;0.0453;0.0000;56;54;-0.0831;10.0000;-0.0076;-0.1207;9.3514;178.0;300.0;300.0;300.0
109.5;0.2317;0.2179;0.0371;0.0000;54;54;0.0733;10.1145;-0.0076;-0.1207;9.3514;178.9;300.0;300.0;300.0
110.0;0.2344;0.2193;0.0261;0.0000;54;52;-0.0049;10.2824;-0.0076;-0.0988;10.1510;178.9;300.0;300.0;300.0
110.5;0.2358;0.2212;0.0192;0.0000;54;52;-0.0049;10.3588;-0.0076;-0.0988;10.1510;178.9;300.0;300.0;300.0
111.0;0.2376;0.2225;0.0385;0.0000;54;54;0.0733;10.4809;-0.0076;-0.0988;10.1510;178.9;300.0;300.0;300.0
111.5;0.2390;0.2239;0.0220;0.0000;54;54;-0.0831;10.6031;-0.0076;-0.0988;10.1510;178.9;300.0;300.0;300.0
112.0;0.2413;0.2257;0.0371;0.0000;54;52;-0.0049;10.7710;-0.0076;-0.0988;10.1510;178.9;300.0;300.0;300.0
112.5;0.2427;0.2271;0.0330;0.0000;54;54;-0.0049;10.8473;-0.0076;-0.0988;10.1510;178.9;300.0;300.0;300.0
113.0;0.2431;0.2285;0.0467;0.0000;54;54;-0.0831;10.9695;-0.0076;-0.0988;10.9506;179.8;300.0;300.0;300.0
113.5;0.2440;0.2299;0.0673;0.0000;56;56;0.0733;11.0916;-0.0076;-0.0988;10.9506;178.9;300.0;300.0;300.0
114.0;0.2450;0.2317;0.0810;0.0000;58;56;-0.0929;11.2137;-0.0076;-0.0988;10.9506;179.8;300.0;300.0;300.0
114.5;0.2468;0.2331;0.0728;0.0000;56;56;-0.0049;11.3817;-0.0076;-0.0988;10.9506;178.3;300.0;300.0;300.0
115.0;0.2491;0.2344;0.0549;0.0000;56;54;-0.0049;11.5420;-0.0076;-0.0988;10.9506;178.6;300.0;300.0;300.0
115.5;0.2505;0.2358;0.0687;0.0000;56;54;-0.0049;11.6260;-0.0076;-0.0988;10.9506;178.3;300.0;300.0;300.0
116.0;0.2527;0.2376;0.0577;0.0000;56;54;-0.0049;11.7863;-0.0076;-0.0988;11.7503;178.9;300.0;300.0;300.0
116.5;0.2550;0.2390;0.0673;0.0000;54;54;-0.0049;11.9466;-0.0076;-0.0988;11.7503;178.6;300.0;300.0;300.0
117.0;0.2564;0.2404;0.0481;0.0000;54;54;-0.0049;12.0305;-0.0076;-0.0988;11.7503;179.2;300.0;300.0;300.0
117.5;0.2582;0.2422;0.0659;0.0000;54;54;-0.0049;12.1908;-0.0076;-0.0768;11.7503;178.6;300.0;300.0;300.0
118.0;0.2605;0.2436;0.0495;0.0000;54;54;-0.0049;12.3511;-0.0076;-0.0768;11.7503;178.6;300.0;300.0;300.0
118.5;0.2624;0.2450;0.0549;0.0000;54;52;-0.0929;12.4733;-0.0076;-0.0768;11.7503;178.3;300.0;300.0;300.0
119.0;0.2647;0.2463;0.0714;0.0000;54;52;-0.0049;12.6412;-0.0076;-0.0768;12.5499;178.9;300.0;300.0;300.0
119.5;0.2674;0.2482;0.0838;0.0000;52;50;-0.0049;12.8015;-0.0153;-0.0768;12.5499;178.6;300.0;300.0;300.0
120.0;0.2688;0.2495;0.0838;0.0000;52;50;-0.0049;12.8855;-0.0153;-0.0768;12.5499;179.2;300.0;300.0;300.0
120.5;0.2706;0.2509;0.0934;0.0000;54;50;-0.0049;13.0458;-0.0153;-0.0768;12.5499;178.9;300.0;300.0;300.0
121.0;0.2724;0.2527;0.1195;0.0000;54;50;-0.0049;13.2061;-0.0153;-0.0768;12.5499;178.9;300.0;300.0;300.0
121.5;0.2743;0.2541;0.1113;0.0000;54;50;-0.0929;13.3282;-0.0153;-0.0768;12.5499;178.6;300.0;300.0;300.0
122.0;0.2761;0.2555;0.1140;0.0000;54;50;-0.0049;13.4886;-0.0153;-0.0548;13.3495;178.9;300.0;300.0;300.0
122.5;0.2775;0.2569;0.0989;0.0000;52;50;0.0733;13.6107;-0.0153;-0.0548;13.3495;178.9;300.0;300.0;300.0
123.0;0.2798;0.2587;0.0907;0.0000;52;50;-0.0049;13.7786;-0.0153;-0.0548;13.3495;180.1;300.0;300.0;300.0
123.5;0.2811;0.2601;0.0742;0.0000;52;50;-0.0929;13.9008;-0.0153;-0.0548;13.3495;178.9;300.0;300.0;300.0
124.0;0.2821;0.2614;0.0687;0.0000;54;52;-0.0929;14.0229;-0.0153;-0.0548;13.3495;178.3;300.0;300.0;300.0
124.5;0.2839;0.2628;0.0591;0.0000;54;52;-0.0049;14.1832;-0.0153;-0.0548;14.1491;178.6;300.0;300.0;300.0
125.0;0.2857;0.2647;0.0591;0.0000;54;52;-0.0049;14.3435;-0.0153;-0.0548;14.1491;178.3;300.0;300.0;300.0
125.5;0.2875;0.2660;0.0618;0.0000;52;50;-0.0049;14.5115;-0.0153;-0.0548;14.1491;178.9;300.0;300.0;300.0
126.0;0.2885;0.2674;0.0687;0.0000;54;52;-0.0049;14.5878;-0.0153;-0.0548;14.1491;178.6;300.0;300.0;300.0
126.5;0.2898;0.2692;0.0975;0.0000;54;52;-0.0049;14.7557;-0.0153;-0.0548;14.1491;178.9;300.0;300.0;300.0
127.0;0.2912;0.2706;0.0962;0.0000;54;52;-0.0049;14.9160;-0.0153;-0.0328;14.1491;178.6;300.0;300.0;300.0
127.5;0.2926;0.2720;0.1085;0.0000;56;52;-0.0929;15.0382;-0.0153;-0.0328;14.9487;178.6;300.0;300.0;300.0
128.0;0.2930;0.2734;0.1071;0.0000;56;52;-0.0929;15.1603;-0.0153;-0.0328;14.9487;178.0;300.0;300.0;300.0
128.5;0.2944;0.2752;0.1003;0.0000;58;54;-0.0049;15.3206;-0.0153;-0.0328;14.9487;178.6;300.0;300.0;300.0
129.0;0.2962;0.2766;0.1058;0.0000;58;54;-0.0049;15.4809;-0.0153;-0.0328;14.9487;178.0;300.0;300.0;300.0
129.5;0.2972;0.2779;0.0989;0.0000;58;54;-0.0929;15.6031;-0.0153;-0.0328;14.9487;179.5;300.0;300.0;300.0
130.0;0.2976;0.2793;0.1016;0.0000;58;56;0.1515;15.7710;-0.0153;-0.0328;15.7483;178.3;300.0;300.0;300.0
130.5;0.2981;0.2811;0.0948;0.0000;60;56;-0.0929;15.8931;-0.0153;-0.0109;15.7483;178.0;300.0;300.0;300.0
131.0;0.2985;0.2825;0.0893;0.0000;60;58;0.0733;16.0153;-0.0153;-0.0109;15.7483;177.7;300.0;300.0;300.0
131.5;0.2990;0.2839;0.0797;0.0000;62;60;-0.0049;16.1756;-0.0153;-0.0109;15.7483;179.8;300.0;300.0;300.0
132.0;0.3013;0.2857;0.0810;0.0000;62;58;-0.0929;16.3817;-0.0153;-0.0109;15.7483;178.9;300.0;300.0;300.0
132.5;0.3031;0.2871;0.0632;0.0000;60;58;-0.0049;16.5420;-0.0153;-0.0109;15.7483;178.9;300.0;300.0;300.0
133.0;0.3054;0.2885;0.0495;0.0000;58;56;-0.0049;16.7023;-0.0153;-0.0109;16.5479;178.0;300.0;300.0;300.0
133.5;0.3072;0.2898;0.0371;0.0000;58;56;-0.0049;16.8626;-0.0153;-0.0109;16.5479;178.0;300.0;300.0;300.0
134.0;0.3086;0.2917;0.0261;0.0000;58;56;-0.0049;17.0305;-0.0153;-0.0109;16.5479;177.4;300.0;300.0;300.0
134.5;0.3100;0.2930;0.0165;0.0000;58;56;-0.0049;17.1908;-0.0153;-0.0109;16.5479;178.0;300.0;300.0;300.0
135.0;0.3114;0.2944;0.0082;0.0000;58;56;-0.0049;17.3511;-0.0153;-0.0109;17.3475;179.2;300.0;300.0;300.0
135.5;0.3123;0.2962;0.0082;0.0000;58;56;-0.0831;17.4733;-0.0153;-0.0109;17.3475;178.9;300.0;300.0;300.0
136.0;0.3136;0.2976;0.0137;0.0000;60;58;-0.0049;17.6412;-0.0153;-0.0109;17.3475;179.2;300.0;300.0;300.0
136.5;0.3146;0.2990;0.0165;0.0000;60;58;-0.0049;17.8015;-0.0153;-0.0109;17.3475;178.6;300.0;300.0;300.0
137.0;0.3159;0.3004;0.0179;0.0000;60;58;-0.0049;17.9618;-0.0153;-0.0109;17.3475;178.3;300.0;300.0;300.0
137.5;0.3178;0.3022;0.0179;0.0000;60;58;-0.0049;18.1298;-0.0153;-0.0109;17.3475;178.0;300.0;300.0;300.0
138.0;0.3191;0.3036;0.0055;0.0000;60;58;-0.0831;18.3282;-0.0153;-0.0109;18.1471;178.3;300.0;300.0;300.0
138.5;0.3210;0.3049;-0.0165;0.0000;58;58;-0.0049;18.4886;-0.0153;-0.0109;18.1471;178.0;300.0;300.0;300.0
139.0;0.3223;0.3063;-0.0357;0.0000;58;58;-0.0049;18.6565;-0.0153;-0.0109;18.1471;178.9;300.0;300.0;300.0
139.5;0.3237;0.3082;-0.0687;0.0000;58;58;-0.0049;18.8168;-0.0153;-0.0109;18.1471;178.0;300.0;300.0;300.0
140.0;0.3260;0.3095;-0.0810;0.0000;58;58;0.0831;19.0229;-0.0153;-0.0109;18.9467;178.3;300.0;300.0;300.0
140.5;0.3278;0.3109;-0.0948;0.0000;56;58;-0.0049;19.1832;-0.0153;-0.0109;18.9467;177.7;300.0;300.0;300.0
141.0;0.3297;0.3127;-0.0893;0.0000;56;58;-0.0049;19.3435;-0.0153;-0.0109;18.9467;178.0;300.0;300.0;300.0
141.5;0.3310;0.3141;-0.1003;0.0000;56;58;-0.0049;19.5115;-0.0153;-0.0109;18.9467;178.0;300.0;300.0;300.0
142.0;0.3333;0.3155;-0.0852;0.0000;56;58;-0.0831;19.7099;-0.0153;-0.0109;18.9467;178.3;300.0;300.0;300.0
142.5;0.3352;0.3168;-0.0783;0.0000;56;56;-0.0049;19.8779;-0.0153;-0.0328;19.7464;178.9;300.0;300.0;300.0
143.0;0.3370;0.3187;-0.0646;0.0000;56;56;-0.0049;20.0382;-0.0153;-0.0328;19.7464;178.6;300.0;300.0;300.0
143.5;0.3384;0.3201;-0.0440;0.0000;56;56;-0.0049;20.1985;-0.0153;-0.0328;19.7464;178.0;300.0;300.0;300.0
144.0;0.3397;0.3214;-0.0426;0.0000;56;58;-0.0049;20.3588;-0.0153;-0.0328;19.7464;178.3;300.0;300.0;300.0
144.5;0.3416;0.3228;-0.0302;0.0000;58;56;-0.0831;20.5649;-0.0153;-0.0328;20.5460;178.0;300.0;300.0;300.0
145.0;0.3429;0.3246;-0.0206;0.0000;58;56;-0.0049;20.7252;-0.0153;-0.0328;20.5460;178.9;300.0;300.0;300.0
145.5;0.3448;0.3260;-0.0179;0.0000;58;56;-0.0049;20.8931;-0.0153;-0.0328;20.5460;178.6;300.0;300.0;300.0
146.0;0.3466;0.3274;-0.0151;0.0000;56;56;0.0733;21.0916;-0.0153;-0.0328;20.5460;179.5;300.0;300.0;300.0
146.5;0.3480;0.3292;-0.0234;0.0000;56;56;-0.0049;21.2595;-0.0153;-0.0328;20.5460;179.2;300.0;300.0;300.0
147.0;0.3494;0.3306;-0.0357;0.0000;56;58;-0.0831;21.4580;-0.0153;-0.0328;21.3456;178.6;300.0;300.0;300.0
147.5;0.3503;0.3320;-0.0316;0.0000;58;58;-0.0049;21.6260;-0.0153;-0.0328;21.3456;179.8;300.0;300.0;300.0
148.0;0.3512;0.3333;-0.0357;0.0000;58;58;-0.0049;21.7863;-0.0153;-0.0328;21.3456;178.9;300.0;300.0;300.0
148.5;0.3530;0.3352;-0.0343;0.0000;58;58;0.0733;21.9847;-0.0153;-0.0328;21.3456;179.2;300.0;300.0;300.0
149.0;0.3544;0.3365;-0.0275;0.0000;58;60;-0.0049;22.1527;-0.0153;-0.0328;22.1452;178.0;300.0;300.0;300.0
149.5;0.3553;0.3379;-0.0316;0.0000;58;60;-0.0049;22.3130;-0.0153;-0.0328;22.1452;178.0;300.0;300.0;300.0
150.0;0.3562;0.3397;-0.0288;0.0000;60;60;-0.0049;22.4733;-0.0153;-0.0328;22.1452;177.7;300.0;300.0;300.0
150.5;0.3576;0.3411;-0.0275;0.0000;60;60;0.0733;22.6794;-0.0153;-0.0328;22.1452;178.3;300.0;300.0;300.0
151.0;0.3590;0.3425;-0.0137;0.0000;60;60;-0.1711;22.8397;-0.0153;-0.0328;22.1452;178.3;300.0;300.0;300.0
151.5;0.3599;0.3439;0.0096;0.0000;62;60;-0.0049;23.0076;-0.0153;-0.0328;22.9448;178.9;300.0;300.0;300.0
152.0;0.3603;0.3457;0.0165;0.0000;62;62;-0.0049;23.1679;-0.0153;-0.0328;22.9448;178.3;300.0;300.0;300.0
152.5;0.3617;0.3471;0.0082;0.0000;62;62;-0.0831;23.3664;-0.0153;-0.0328;22.9448;178.6;300.0;300.0;300.0
153.0;0.3636;0.3484;0.0000;0.0000;62;62;0.0733;23.5725;-0.0153;-0.0328;22.9448;179.2;300.0;300.0;300.0
153.5;0.3649;0.3498;-0.0055;0.0000;62;62;-0.0049;23.7328;-0.0153;-0.0328;22.9448;179.2;300.0;300.0;300.0
154.0;0.3663;0.3516;-0.0082;0.0000;62;62;-0.0831;23.9389;-0.0153;-0.0328;23.7444;178.6;300.0;300.0;300.0
154.5;0.3686;0.3530;-0.0151;0.0000;60;62;0.0733;24.1450;-0.0153;-0.0328;23.7444;180.1;300.0;300.0;300.0
155.0;0.3700;0.3544;-0.0275;0.0000;60;62;-0.0049;24.3053;-0.0153;-0.0328;23.7444;179.5;300.0;300.0;300.0
155.5;0.3713;0.3562;-0.0261;0.0000;62;60;-0.0831;24.5115;-0.0153;-0.0328;23.7444;179.2;300.0;300.0;300.0
156.0;0.3736;0.3576;-0.0412;0.0000;60;60;0.0733;24.7099;-0.0153;-0.0328;24.5440;178.6;300.0;300.0;300.0
156.5;0.3750;0.3590;-0.0453;0.0000;60;62;-0.0831;24.9160;-0.0153;-0.0328;24.5440;178.9;300.0;300.0;300.0
157.0;0.3759;0.3603;-0.0563;0.0000;60;62;-0.0049;25.0763;-0.0153;-0.0548;24.5440;178.0;300.0;300.0;300.0
157.5;0.3768;0.3622;-0.0549;0.0000;60;62;0.0831;25.2824;-0.0153;-0.0548;24.5440;179.5;300.0;300.0;300.0
158.0;0.3777;0.3636;-0.0275;0.0000;62;62;-0.0049;25.4427;-0.0153;-0.0548;25.3436;179.2;300.0;300.0;300.0
158.5;0.3782;0.3649;-0.0288;0.0000;62;64;-0.0049;25.6031;-0.0153;-0.0548;25.3436;178.0;300.0;300.0;300.0
159.0;0.3787;0.3663;-0.0234;0.0000;64;65;-0.0049;25.7710;-0.0153;-0.0548;25.3436;178.3;300.0;300.0;300.0
159.5;0.3796;0.3681;-0.0330;0.0000;65;65;-0.0831;25.9695;-0.0153;-0.0548;25.3436;178.0;300.0;300.0;300.0
160.0;0.3814;0.3695;-0.0302;0.0000;64;64;-0.0049;26.2137;-0.0153;-0.0548;26.1432;178.9;300.0;300.0;300.0
160.5;0.3828;0.3709;-0.0357;0.0000;64;64;-0.0049;26.3817;-0.0153;-0.0548;26.1432;178.6;300.0;300.0;300.0
161.0;0.3846;0.3727;-0.0302;0.0000;64;65;0.0733;26.5802;-0.0153;-0.0548;26.1432;178.6;300.0;300.0;300.0
161.5;0.3855;0.3741;-0.0302;0.0000;64;65;-0.0049;26.7405;-0.0153;-0.0548;26.1432;178.0;300.0;300.0;300.0
162.0;0.3864;0.3755;-0.0440;0.0000;64;65;0.0733;26.9466;-0.0153;-0.0548;26.9428;178.0;300.0;300.0;300.0
162.5;0.3883;0.3768;-0.0646;0.0000;64;65;-0.0831;27.1527;-0.0153;-0.0548;26.9428;178.0;300.0;300.0;300.0
163.0;0.3906;0.3787;-0.0728;0.0000;64;65;-0.0049;27.3969;-0.0153;-0.0548;26.9428;178.0;300.0;300.0;300.0
163.5;0.3919;0.3800;-0.0824;0.0000;64;65;-0.0049;27.5573;-0.0153;-0.0548;26.9428;178.9;300.0;300.0;300.0
164.0;0.3933;0.3814;-0.0907;0.0000;64;65;-0.0831;27.7634;-0.0153;-0.0548;27.7425;179.2;300.0;300.0;300.0
164.5;0.3947;0.3832;-0.0948;0.0000;62;65;0.0831;27.9618;-0.0153;-0.0548;27.7425;178.3;300.0;300.0;300.0
165.0;0.3965;0.3846;-0.1154;0.0000;64;65;-0.0831;28.1679;-0.0153;-0.0768;27.7425;178.6;300.0;300.0;300.0
165.5;0.3979;0.3860;-0.1195;0.0000;62;65;0.0831;28.3664;-0.0153;-0.0768;27.7425;178.0;300.0;300.0;300.0
166.0;0.3997;0.3874;-0.1223;0.0000;62;65;-0.0831;28.5725;-0.0153;-0.0768;28.5421;178.6;300.0;300.0;300.0
166.5;0.4011;0.3892;-0.1264;0.0000;62;65;0.0831;28.7786;-0.0153;-0.0768;28.5421;178.0;300.0;300.0;300.0
167.0;0.4029;0.3906;-0.1264;0.0000;62;65;-0.0831;28.9771;-0.0229;-0.0768;28.5421;178.9;300.0;300.0;300.0
167.5;0.4043;0.3919;-0.1154;0.0000;62;65;0.0831;29.1832;-0.0229;-0.0768;28.5421;178.9;300.0;300.0;300.0
168.0;0.4061;0.3933;-0.1044;0.0000;64;65;-0.0831;29.3893;-0.0229;-0.0988;29.3417;178.9;300.0;300.0;300.0
168.5;0.4075;0.3951;-0.0975;0.0000;64;64;-0.0831;29.5878;-0.0229;-0.0988;29.3417;178.6;300.0;300.0;300.0
169.0;0.4080;0.3965;-0.0893;0.0000;64;65;-0.0049;29.7557;-0.0229;-0.0988;29.3417;178.9;300.0;300.0;300.0
169.5;0.4089;0.3979;-0.0824;0.0000;65;65;-0.0831;29.9542;-0.0229;-0.0988;29.3417;179.2;300.0;300.0;300.0
170.0;0.4107;0.3997;-0.0797;0.1992;24;107;-0.0049;30.1985;-0.0229;-0.0988;30.1413;178.9;300.0;300.0;300.0
170.5;0.4121;0.4011;-0.0659;0.3997;22;109;0.0831;30.4046;-0.0229;-0.0988;30.1413;179.8;300.0;300.0;300.0
171.0;0.4144;0.4025;-0.0673;0.3997;60;69;-0.0049;30.6489;-0.0229;-0.0988;30.1413;178.9;300.0;300.0;300.0
171.5;0.4153;0.4038;-0.0632;0.3997;60;69;-0.0049;30.8092;-0.0229;-0.0988;30.1413;179.2;300.0;300.0;300.0
172.0;0.4171;0.4057;-0.0302;0.2995;79;50;-0.0049;31.0534;-0.0229;-0.0988;30.9409;178.3;300.0;300.0;300.0
172.5;0.4190;0.4071;0.0055;0.3997;40;89;-0.0831;31.2595;-0.0229;-0.0988;30.9409;178.9;300.0;300.0;300.0
173.0;0.4203;0.4084;0.0646;0.2995;81;48;0.0733;31.4580;-0.0229;-0.0988;30.9409;178.0;300.0;300.0;300.0
173.5;0.4208;0.4098;0.1456;0.3997;44;89;-0.0147;31.6260;-0.0229;-0.0988;30.9409;178.9;300.0;300.0;300.0
174.0;0.4208;0.4116;0.2266;0.2995;87;50;-0.0147;31.7863;-0.0229;-0.0988;31.7405;178.0;300.0;300.0;300.0
174.5;0.4208;0.4130;0.2940;0.2995;69;69;-0.0929;31.9847;-0.0229;-0.0768;31.7405;178.3;300.0;300.0;300.0
175.0;0.4212;0.4144;0.3571;0.2995;71;69;-0.0147;32.2290;-0.0229;-0.0768;31.7405;177.7;300.0;300.0;300.0
175.5;0.4212;0.4162;0.3956;0.2995;73;71;-0.0147;32.3969;-0.0229;-0.0548;31.7405;178.0;300.0;300.0;300.0
176.0;0.4222;0.4176;0.4203;0.2995;73;71;-0.0147;32.6412;-0.0229;-0.0548;32.5401;178.0;300.0;300.0;300.0
176.5;0.4240;0.4190;0.4190;0.3997;54;93;-0.0244;32.8855;-0.0229;-0.0328;32.5401;178.9;300.0;300.0;300.0
177.0;0.4254;0.4203;0.3599;0.2995;91;54;0.0635;33.0840;-0.0229;-0.0328;32.5401;178.0;300.0;300.0;300.0
177.5;0.4267;0.4222;0.2926;0.2995;71;73;0.0635;33.2901;-0.0229;-0.0109;32.5401;178.0;300.0;300.0;300.0
178.0;0.4281;0.4235;0.2404;0.2995;69;73;-0.0147;33.5344;-0.0229;-0.0109;33.3397;177.4;300.0;300.0;300.0
178.5;0.4304;0.4249;0.1964;0.2995;69;73;-0.0147;33.7786;-0.0229;-0.0109;33.3397;177.7;300.0;300.0;300.0
179.0;0.4322;0.4267;0.1621;0.2995;67;73;-0.0147;34.0229;-0.0229;-0.0109;33.3397;177.4;300.0;300.0;300.0
179.5;0.4336;0.4281;0.1140;0.3997;46;95;0.0733;34.2214;-0.0229;0.0111;34.1393;178.6;300.0;300.0;300.0
180.0;0.4364;0.4295;0.1126;0.2995;83;54;0.0733;34.5115;-0.0229;0.0111;34.1393;178.0;300.0;300.0;300.0
180.5;0.4386;0.4309;0.1085;0.2995;64;71;-0.0049;34.7557;-0.0229;0.0111;34.1393;177.7;300.0;300.0;300.0
181.0;0.4409;0.4327;0.1319;0.2995;64;71;-0.0049;35.0000;-0.0229;0.0111;34.9389;178.0;300.0;300.0;300.0
181.5;0.4423;0.4341;0.1648;0.1992;83;52;-0.0147;35.2366;-0.0229;0.0111;34.9389;177.4;300.0;300.0;300.0
182.0;0.4432;0.4354;0.2060;0.1992;65;69;0.0733;35.4427;-0.0229;0.0111;34.9389;177.4;300.0;300.0;300.0
182.5;0.4451;0.4368;0.2404;0.1992;67;69;-0.0147;35.6870;-0.0229;0.0331;34.9389;177.1;300.0;300.0;300.0
183.0;0.4469;0.4386;0.2734;0.2995;48;89;-0.0147;35.9313;-0.0229;0.0331;35.7386;178.0;300.0;300.0;300.0
183.5;0.4487;0.4400;0.2912;0.2995;65;69;-0.0147;36.1756;-0.0229;0.0551;35.7386;177.7;300.0;300.0;300.0
184.0;0.4510;0.4414;0.3036;0.3997;46;89;-0.0147;36.4198;-0.0229;0.0551;35.7386;178.9;300.0;300.0;300.0
184.5;0.4533;0.4432;0.2926;0.1992;105;28;-0.0147;36.6641;-0.0229;0.0551;36.5382;177.4;300.0;300.0;300.0
185.0;0.4556;0.4446;0.3008;0.2995;46;87;-0.0147;36.9084;-0.0229;0.0770;36.5382;177.4;300.0;300.0;300.0
185.5;0.4579;0.4460;0.3022;0.1992;83;48;0.1515;37.1527;-0.0229;0.0770;36.5382;177.4;300.0;300.0;300.0
186.0;0.4597;0.4473;0.3008;0.2995;44;87;-0.0929;37.3511;-0.0229;0.0770;37.3378;177.4;300.0;300.0;300.0
186.5;0.4611;0.4492;0.3104;0.1992;83;46;-0.0147;37.5954;-0.0229;0.0990;37.3378;176.8;300.0;300.0;300.0
187.0;0.4629;0.4505;0.3214;0.1992;65;65;-0.0147;37.8397;-0.0229;0.0990;37.3378;177.4;300.0;300.0;300.0
187.5;0.4647;0.4519;0.3242;0.2995;46;85;-0.0147;38.0840;-0.0229;0.1210;37.3378;178.0;300.0;300.0;300.0
188.0;0.4670;0.4533;0.3187;0.2995;64;65;-0.0147;38.3282;-0.0229;0.1210;38.1374;177.4;300.0;300.0;300.0
188.5;0.4698;0.4551;0.2995;0.1992;83;46;0.0635;38.6107;-0.0229;0.1430;38.1374;177.1;300.0;300.0;300.0
189.0;0.4712;0.4565;0.3008;0.1992;64;65;0.0635;38.8168;-0.0153;0.1430;38.1374;177.1;300.0;300.0;300.0
189.5;0.4725;0.4579;0.2898;0.1992;64;65;0.0635;39.0229;-0.0153;0.1430;38.9370;177.1;300.0;300.0;300.0
190.0;0.4744;0.4597;0.2940;0.1992;64;65;-0.0929;39.3053;-0.0153;0.1649;38.9370;177.1;300.0;300.0;300.0
190.5;0.4771;0.4611;0.2981;0.1992;64;65;0.0635;39.5878;-0.0153;0.1649;38.9370;176.5;300.0;300.0;300.0
191.0;0.4785;0.4625;0.2967;0.1992;64;65;0.0635;39.7939;-0.0153;0.1649;39.7366;176.5;300.0;300.0;300.0
191.5;0.4803;0.4638;0.2885;0.0989;83;46;-0.0147;40.0382;-0.0153;0.1869;39.7366;176.5;300.0;300.0;300.0
192.0;0.4817;0.4657;0.2665;0.0989;64;64;-0.0147;40.2824;-0.0153;0.1869;39.7366;176.2;300.0;300.0;300.0
192.5;0.4840;0.4670;0.2582;0.1992;44;83;0.0635;40.5649;-0.0153;0.2089;40.5362;177.1;300.0;300.0;300.0
193.0;0.4863;0.4684;0.2253;0.1992;62;64;-0.0147;40.8092;-0.0153;0.2089;40.5362;176.8;300.0;300.0;300.0
193.5;0.4881;0.4702;0.2184;0.1992;62;64;-0.0147;41.0534;-0.0076;0.2089;40.5362;176.5;300.0;300.0;300.0
194.0;0.4899;0.4716;0.2060;0.1992;62;64;-0.0147;41.2977;-0.0076;0.2089;40.5362;177.4;300.0;300.0;300.0
194.5;0.4913;0.4730;0.1799;0.1992;60;65;0.0733;41.5802;-0.0076;0.2308;41.3358;176.5;300.0;300.0;300.0
195.0;0.4922;0.4744;0.1799;0.1992;62;67;0.0733;41.7863;-0.0076;0.2308;41.3358;176.5;300.0;300.0;300.0
195.5;0.4931;0.4762;0.1882;0.1992;64;67;-0.0147;42.0305;-0.0076;0.2308;41.3358;176.5;300.0;300.0;300.0
196.0;0.4940;0.4776;0.2308;0.1992;64;67;-0.0147;42.2748;-0.0076;0.2308;42.1354;176.5;300.0;300.0;300.0
196.5;0.4950;0.4789;0.2582;0.1992;65;67;-0.0147;42.5191;-0.0076;0.2528;42.1354;176.8;300.0;300.0;300.0
197.0;0.4968;0.4803;0.3022;0.0989;87;48;0.0635;42.8015;-0.0076;0.2528;42.1354;176.0;300.0;300.0;300.0
197.5;0.4986;0.4821;0.3352;0.0989;67;65;-0.0147;43.0458;0.0000;0.2748;42.9350;176.2;300.0;300.0;300.0
198.0;0.5000;0.4835;0.3448;0.0989;67;65;-0.0147;43.2901;0.0000;0.2748;42.9350;175.7;300.0;300.0;300.0
198.5;0.5014;0.4849;0.3530;0.1992;48;87;-0.0147;43.5344;0.0000;0.2748;42.9350;176.8;300.0;300.0;300.0
199.0;0.5032;0.4867;0.3352;0.1992;65;67;0.0635;43.8168;0.0000;0.2968;43.7346;177.1;300.0;300.0;300.0
199.5;0.5050;0.4881;0.3132;0.1992;65;67;-0.0147;44.0611;0.0000;0.2968;43.7346;176.5;300.0;300.0;300.0
200.0;0.5069;0.4895;0.2651;0.0989;85;48;0.0635;44.3435;0.0076;0.3187;43.7346;175.7;300.0;300.0;300.0
200.5;0.5087;0.4908;0.2514;0.1992;46;87;-0.0147;44.5878;0.0076;0.3187;44.5343;176.5;300.0;300.0;300.0
201.0;0.5101;0.4927;0.2198;0.0989;85;48;-0.0147;44.8321;0.0076;0.3187;44.5343;176.0;300.0;300.0;300.0
201.5;0.5110;0.4940;0.2047;0.0989;65;67;0.0733;45.1145;0.0076;0.3407;44.5343;176.2;300.0;300.0;300.0
202.0;0.5124;0.4954;0.2033;0.0989;67;67;-0.0147;45.3588;0.0076;0.3407;45.3339;176.0;300.0;300.0;300.0
202.5;0.5137;0.4968;0.2198;0.1992;48;87;-0.0929;45.6489;0.0153;0.3407;45.3339;177.1;300.0;300.0;300.0
203.0;0.5151;0.4986;0.2445;0.0989;87;48;-0.0147;45.8931;0.0153;0.3407;45.3339;176.8;300.0;300.0;300.0
203.5;0.5169;0.5000;0.2541;0.0989;67;65;0.0635;46.1756;0.0153;0.3627;46.1335;176.0;300.0;300.0;300.0
204.0;0.5183;0.5014;0.2665;0.0989;67;65;-0.0147;46.4198;0.0153;0.3627;46.1335;176.0;300.0;300.0;300.0
204.5;0.5197;0.5032;0.2734;0.1992;48;87;-0.0147;46.6641;0.0153;0.3627;46.1335;176.5;300.0;300.0;300.0
205.0;0.5211;0.5046;0.2788;0.2995;46;89;0.0635;46.9466;0.0229;0.3847;46.9331;177.4;300.0;300.0;300.0
205.5;0.5224;0.5060;0.2871;0.1992;87;50;-0.0147;47.1908;0.0229;0.3847;46.9331;177.1;300.0;300.0;300.0
206.0;0.5234;0.5073;0.2898;0.1992;67;67;-0.0147;47.4351;0.0229;0.4066;46.9331;176.8;300.0;300.0;300.0
206.5;0.5252;0.5092;0.3146;0.0000;109;28;0.0635;47.7176;0.0229;0.4066;46.9331;175.4;300.0;300.0;300.0
207.0;0.5261;0.5105;0.3516;0.0000;71;65;-0.1026;48.0076;0.0305;0.4066;47.7327;174.8;300.0;300.0;300.0
207.5;0.5270;0.5119;0.3860;0.0000;73;65;-0.0147;48.2519;0.0305;0.4286;47.7327;174.5;300.0;300.0;300.0
208.0;0.5284;0.5137;0.4011;0.0000;73;65;0.0635;48.5344;0.0305;0.4506;48.5323;174.8;300.0;300.0;300.0
208.5;0.5302;0.5151;0.3777;0.0000;71;65;-0.1026;48.8168;0.0305;0.4506;48.5323;174.8;300.0;300.0;300.0
209.0;0.5316;0.5165;0.3256;0.0000;71;67;-0.0147;49.0611;0.0382;0.4506;48.5323;174.8;300.0;300.0;300.0
209.5;0.5330;0.5179;0.2500;0.0000;71;67;0.0635;49.3435;0.0382;0.4726;49.3319;174.5;300.0;300.0;300.0
210.0;0.5343;0.5197;0.1868;0.0000;71;69;-0.0147;49.5878;0.0382;0.4726;49.3319;175.4;300.0;300.0;300.0
210.5;0.5353;0.5211;0.1099;0.0000;71;69;-0.0049;49.8321;0.0458;0.4726;49.3319;174.2;300.0;300.0;300.0
211.0;0.5371;0.5224;0.0398;0.0989;50;91;-0.0049;50.1603;0.0458;0.4726;50.1315;175.7;300.0;300.0;300.0
211.5;0.5385;0.5238;0.0014;0.0000;89;52;-0.0049;50.4046;0.0458;0.4726;50.1315;174.8;300.0;300.0;300.0
212.0;0.5403;0.5256;-0.0330;0.0000;67;71;0.0733;50.6870;0.0534;0.4726;50.1315;175.1;300.0;300.0;300.0
212.5;0.5412;0.5270;-0.0096;0.0000;69;71;-0.0049;50.9313;0.0534;0.4726;50.9311;174.8;300.0;300.0;300.0
213.0;0.5435;0.5284;0.0192;0.0000;69;71;-0.0049;51.2595;0.0534;0.4726;50.9311;174.8;300.0;300.0;300.0
213.5;0.5449;0.5302;0.0632;0.0000;69;69;-0.0049;51.5038;0.0534;0.4726;50.9311;174.2;300.0;300.0;300.0
214.0;0.5462;0.5316;0.1016;0.0000;69;69;-0.0929;51.7863;0.0611;0.4726;51.7307;175.4;300.0;300.0;300.0
214.5;0.5481;0.5330;0.1456;0.0000;71;69;0.0733;52.0687;0.0611;0.4945;51.7307;174.8;300.0;300.0;300.0
215.0;0.5490;0.5343;0.1566;0.0000;71;67;-0.0147;52.3130;0.0611;0.4945;51.7307;175.4;300.0;300.0;300.0
215.5;0.5504;0.5362;0.1580;0.0000;71;69;0.0733;52.5954;0.0687;0.4945;52.5304;174.8;300.0;300.0;300.0
216.0;0.5513;0.5375;0.1497;0.0000;71;69;-0.0147;52.8397;0.0687;0.4945;52.5304;174.5;300.0;300.0;300.0
216.5;0.5531;0.5389;0.1223;0.0000;71;69;-0.0049;53.1679;0.0687;0.4945;52.5304;174.2;300.0;300.0;300.0
217.0;0.5545;0.5408;0.0989;0.0000;71;69;-0.0049;53.4122;0.0763;0.4945;53.3300;173.6;300.0;300.0;300.0
217.5;0.5563;0.5421;0.0756;0.0000;71;69;-0.0049;53.7328;0.0763;0.5165;53.3300;174.2;300.0;300.0;300.0
218.0;0.5577;0.5435;0.0563;0.0000;71;71;-0.0049;53.9771;0.0763;0.5165;53.3300;173.6;300.0;300.0;300.0
218.5;0.5591;0.5449;0.0742;0.0000;71;71;0.0733;54.2672;0.0840;0.5165;54.1296;174.2;300.0;300.0;300.0
219.0;0.5595;0.5467;0.0948;0.0000;71;71;-0.0049;54.5115;0.0840;0.5165;54.1296;173.6;300.0;300.0;300.0
219.5;0.5604;0.5481;0.1058;0.0000;73;71;-0.0049;54.8321;0.0840;0.5165;54.1296;173.6;300.0;300.0;300.0
220.0;0.5614;0.5495;0.1181;0.0000;73;73;-0.0049;55.0763;0.0916;0.5165;54.9292;173.6;300.0;300.0;300.0
220.5;0.5627;0.5508;0.1277;0.0000;73;73;-0.0049;55.4046;0.0916;0.5165;54.9292;174.2;300.0;300.0;300.0
221.0;0.5636;0.5527;0.1250;0.0000;75;73;0.0733;55.6870;0.0916;0.5165;54.9292;173.6;300.0;300.0;300.0
221.5;0.5646;0.5540;0.1264;0.0000;75;73;-0.0929;55.9695;0.0992;0.5385;55.7288;174.2;300.0;300.0;300.0
222.0;0.5655;0.5554;0.1154;0.0000;75;75;0.0733;56.2595;0.0992;0.5385;55.7288;173.6;300.0;300.0;300.0
222.5;0.5668;0.5572;0.0920;0.0000;75;75;-0.0929;56.5420;0.0992;0.5385;56.5284;173.9;300.0;300.0;300.0
223.0;0.5682;0.5586;0.0879;-0.1003;97;56;0.0733;56.8244;0.1069;0.5385;56.5284;173.3;300.0;300.0;300.0
223.5;0.5696;0.5600;0.0742;0.0000;58;95;-0.0929;57.1069;0.1069;0.5385;56.5284;173.6;300.0;300.0;300.0
224.0;0.5701;0.5614;0.0907;-0.1003;99;56;-0.0049;57.3511;0.1069;0.5385;57.3280;173.3;300.0;300.0;300.0
224.5;0.5710;0.5632;0.1126;0.0000;60;95;-0.0929;57.6412;0.1145;0.5385;57.3280;173.6;300.0;300.0;300.0
225.0;0.5710;0.5646;0.1442;0.0000;79;77;-0.0147;57.8855;0.1145;0.5605;57.3280;173.6;300.0;300.0;300.0
225.5;0.5719;0.5659;0.1511;-0.1003;103;58;-0.0929;58.1679;0.1221;0.5605;58.1276;173.0;300.0;300.0;300.0
226.0;0.5733;0.5673;0.1250;-0.1003;81;75;-0.0049;58.4886;0.1221;0.5605;58.1276;173.3;300.0;300.0;300.0
226.5;0.5742;0.5691;0.0728;-0.1003;81;77;-0.0049;58.7328;0.1221;0.5605;58.1276;173.0;300.0;300.0;300.0
227.0;0.5751;0.5705;0.0165;0.0000;62;99;-0.0831;59.0229;0.1298;0.5605;58.9272;173.6;300.0;300.0;300.0
227.5;0.5765;0.5719;-0.0536;0.0000;79;79;0.0831;59.3893;0.1298;0.5605;58.9272;173.6;300.0;300.0;300.0
228.0;0.5774;0.5737;-0.1209;0.0000;79;81;-0.0049;59.6336;0.1298;0.5605;58.9272;174.2;300.0;300.0;300.0
228.5;0.5788;0.5751;-0.1415;0.0000;79;81;0.0049;59.9542;0.1374;0.5605;59.7268;173.6;300.0;300.0;300.0
229.0;0.5810;0.5765;-0.1621;0.0000;77;81;0.0049;60.2824;0.1374;0.5385;59.7268;173.6;300.0;300.0;300.0
229.5;0.5829;0.5778;-0.1346;-0.1003;99;60;-0.0831;60.5649;0.1450;0.5385;60.5265;173.0;300.0;300.0;300.0
230.0;0.5838;0.5797;-0.0673;0.0000;60;99;-0.0049;60.8092;0.1450;0.5385;60.5265;174.2;300.0;300.0;300.0
230.5;0.5852;0.5810;-0.0055;0.0000;79;79;-0.0049;61.1374;0.1450;0.5385;60.5265;174.5;300.0;300.0;300.0
231.0;0.5865;0.5824;0.0508;0.0000;81;77;-0.0929;61.4198;0.1527;0.5385;61.3261;173.9;300.0;300.0;300.0
231.5;0.5870;0.5842;0.0742;0.0000;83;79;-0.0049;61.6641;0.1527;0.5385;61.3261;173.9;300.0;300.0;300.0
232.0;0.5875;0.5856;0.0893;0.0000;83;79;0.0733;61.9466;0.1527;0.5385;61.3261;174.2;300.0;300.0;300.0
232.5;0.5884;0.5870;0.0591;-0.1003;105;62;-0.0049;62.2748;0.1603;0.5605;62.1257;173.0;300.0;300.0;300.0
233.0;0.5884;0.5884;0.0481;0.0000;67;103;-0.0831;62.5573;0.1603;0.5605;62.1257;174.2;300.0;300.0;300.0
233.5;0.5884;0.5902;0.0055;0.0000;87;85;-0.0831;62.8397;0.1679;0.5605;62.1257;173.6;300.0;300.0;300.0
234.0;0.5888;0.5916;-0.0412;0.0000;87;87;0.0733;63.1221;0.1679;0.5605;62.9253;173.9;300.0;300.0;300.0
234.5;0.5902;0.5929;-0.0797;-0.1003;107;67;-0.0049;63.4504;0.1679;0.5385;62.9253;173.0;300.0;300.0;300.0
235.0;0.5920;0.5943;-0.0962;0.0000;67;107;-0.0049;63.7786;0.1756;0.5385;63.7249;174.5;300.0;300.0;300.0
235.5;0.5939;0.5962;-0.1168;0.0000;85;87;-0.0049;64.0992;0.1756;0.5385;63.7249;173.6;300.0;300.0;300.0
236.0;0.5966;0.5975;-0.1305;0.0000;83;85;-0.0049;64.4275;0.1832;0.5385;63.7249;173.6;300.0;300.0;300.0
236.5;0.5989;0.5989;-0.1099;0.0000;81;83;-0.0049;64.7481;0.1832;0.5385;64.5245;174.2;300.0;300.0;300.0
237.0;0.6016;0.6007;-0.1099;0.0000;81;81;-0.0049;65.0763;0.1832;0.5385;64.5245;173.6;300.0;300.0;300.0
237.5;0.6030;0.6021;-0.0920;0.0000;79;81;-0.0049;65.3206;0.1908;0.5385;65.3241;174.2;300.0;300.0;300.0
238.0;0.6030;0.6035;-0.0893;0.0000;81;83;-0.0049;65.5649;0.1908;0.5385;65.3241;173.6;300.0;300.0;300.0
238.5;0.6039;0.6049;-0.0742;0.0000;83;83;-0.0049;65.8931;0.1908;0.5165;65.3241;173.6;300.0;300.0;300.0
239.0;0.6053;0.6067;-0.0714;-0.1003;105;64;-0.0049;66.2137;0.1985;0.5165;66.1237;173.3;300.0;300.0;300.0
239.5;0.6076;0.6081;-0.0769;0.0000;64;103;-0.0049;66.5420;0.1985;0.5165;66.1237;173.6;300.0;300.0;300.0
240.0;0.6094;0.6094;-0.0769;-0.1003;103;64;-0.0049;66.8626;0.2061;0.5165;66.1237;173.0;300.0;300.0;300.0
240.5;0.6117;0.6108;-0.0742;0.0000;62;103;-0.0049;67.1908;0.2061;0.5165;66.9233;173.6;300.0;300.0;300.0
241.0;0.6140;0.6126;-0.0769;-0.1003;101;62;-0.0049;67.5191;0.2061;0.5165;66.9233;172.4;300.0;300.0;300.0
241.5;0.6154;0.6140;-0.0907;-0.1003;81;79;-0.0831;67.8015;0.2137;0.5165;67.7229;173.0;300.0;300.0;300.0
242.0;0.6172;0.6154;-0.0701;-0.1003;81;79;-0.0049;68.1221;0.2137;0.5165;67.7229;172.7;300.0;300.0;300.0
242.5;0.6186;0.6172;-0.0549;-0.1003;83;79;-0.0831;68.4122;0.2137;0.5165;67.7229;173.3;300.0;300.0;300.0
243.0;0.6200;0.6186;-0.0275;0.0000;64;101;-0.0049;68.7328;0.2214;0.5165;68.5226;175.1;300.0;300.0;300.0
243.5;0.6218;0.6200;-0.0508;0.0989;62;103;-0.0049;69.0611;0.2214;0.5165;68.5226;175.7;300.0;300.0;300.0
244.0;0.6236;0.6213;-0.0549;0.0000;101;64;-0.0049;69.3817;0.2290;0.4945;69.3222;174.5;300.0;300.0;300.0
244.5;0.6255;0.6232;-0.0975;0.0000;81;81;-0.0049;69.7099;0.2290;0.4945;69.3222;173.6;300.0;300.0;300.0
245.0;0.6277;0.6245;-0.1346;-0.1003;101;62;-0.0049;70.0382;0.2290;0.4945;69.3222;173.3;300.0;300.0;300.0
245.5;0.6296;0.6259;-0.1442;0.0000;62;101;0.0049;70.3588;0.2366;0.4945;70.1218;173.6;300.0;300.0;300.0
246.0;0.6323;0.6277;-0.1772;-0.1003;99;62;0.0831;70.7252;0.2366;0.4945;70.1218;173.3;300.0;300.0;300.0
246.5;0.6342;0.6291;-0.1813;0.0000;60;101;-0.0831;71.0076;0.2366;0.4945;70.9214;173.9;300.0;300.0;300.0
247.0;0.6342;0.6305;-0.1854;0.0000;79;83;0.0049;71.2519;0.2443;0.4726;70.9214;173.6;300.0;300.0;300.0
247.5;0.6351;0.6319;-0.1772;0.0000;81;83;0.0049;71.5802;0.2443;0.4726;70.9214;174.2;300.0;300.0;300.0
248.0;0.6346;0.6337;-0.1786;-0.1003;105;65;0.0049;71.8244;0.2443;0.4726;71.7210;173.6;300.0;300.0;300.0
248.5;0.6351;0.6351;-0.1690;0.0000;65;107;0.0049;72.1527;0.2519;0.4726;71.7210;174.8;300.0;300.0;300.0
249.0;0.6351;0.6364;-0.1415;0.0000;87;89;-0.0831;72.4351;0.2519;0.4506;71.7210;174.2;300.0;300.0;300.0
249.5;0.6351;0.6378;-0.1360;0.0000;89;91;0.0831;72.7176;0.2519;0.4506;72.5206;173.9;300.0;300.0;300.0
250.0;0.6360;0.6397;-0.1360;0.0000;89;91;-0.0831;73.0840;0.2595;0.4506;72.5206;174.2;300.0;300.0;300.0
250.5;0.6369;0.6410;-0.1442;0.0000;89;93;0.0049;73.4122;0.2595;0.4506;73.3202;173.6;300.0;300.0;300.0
251.0;0.6378;0.6424;-0.1044;0.0000;91;93;-0.0049;73.7328;0.2595;0.4506;73.3202;173.6;300.0;300.0;300.0
251.5;0.6387;0.6442;-0.1113;0.0000;91;93;-0.0049;74.0611;0.2672;0.4506;73.3202;173.6;300.0;300.0;300.0
252.0;0.6401;0.6456;-0.0975;0.0000;91;93;-0.0049;74.3817;0.2672;0.4286;74.1198;173.6;300.0;300.0;300.0
252.5;0.6415;0.6470;-0.1154;0.0000;91;93;-0.0049;74.7099;0.2672;0.4286;74.1198;173.6;300.0;300.0;300.0
253.0;0.6438;0.6484;-0.1113;0.0000;89;93;0.0831;75.0763;0.2748;0.4286;74.9194;174.2;300.0;300.0;300.0
253.5;0.6465;0.6502;-0.1264;0.0000;87;91;-0.0831;75.4427;0.2748;0.4286;74.9194;173.6;300.0;300.0;300.0
254.0;0.6488;0.6516;-0.1113;0.0000;87;89;-0.0049;75.7710;0.2748;0.4286;75.7190;173.9;300.0;300.0;300.0
254.5;0.6506;0.6529;-0.1030;-0.1003;107;67;-0.0049;76.0916;0.2824;0.4286;75.7190;173.0;300.0;300.0;300.0
255.0;0.6525;0.6543;-0.0824;0.0000;67;107;-0.0049;76.4198;0.2824;0.4286;75.7190;173.6;300.0;300.0;300.0
255.5;0.6552;0.6561;-0.0907;-0.1003;105;67;0.0831;76.7863;0.2824;0.4286;76.5187;173.0;300.0;300.0;300.0
256.0;0.6571;0.6575;-0.1058;0.0000;65;107;-0.0049;77.1069;0.2901;0.4066;76.5187;173.9;300.0;300.0;300.0
256.5;0.6584;0.6589;-0.0934;-0.1003;105;65;-0.0049;77.4351;0.2901;0.4066;77.3183;173.3;300.0;300.0;300.0
257.0;0.6607;0.6607;-0.1223;0.0000;65;107;-0.0831;77.8015;0.2901;0.4066;77.3183;173.6;300.0;300.0;300.0
257.5;0.6625;0.6621;-0.0865;-0.1003;105;65;-0.0049;78.1221;0.2977;0.4066;78.1179;173.3;300.0;300.0;300.0
258.0;0.6644;0.6635;-0.1195;-0.1003;85;85;-0.0049;78.5344;0.2977;0.4066;78.1179;173.0;300.0;300.0;300.0
258.5;0.6658;0.6648;-0.1181;-0.1003;87;85;-0.0049;78.8550;0.2977;0.4066;78.1179;173.3;300.0;300.0;300.0
259.0;0.6671;0.6667;-0.1401;0.0000;65;107;0.0049;79.1832;0.3053;0.3847;78.9175;173.6;300.0;300.0;300.0
259.5;0.6680;0.6680;-0.1429;0.0000;85;89;0.0049;79.5038;0.3053;0.3847;78.9175;174.2;300.0;300.0;300.0
260.0;0.6690;0.6694;-0.1429;-0.1003;107;67;0.0049;79.8321;0.3053;0.3847;79.7171;173.3;300.0;300.0;300.0
260.5;0.6708;0.6712;-0.1799;0.0000;65;109;0.0831;80.1985;0.3130;0.3847;79.7171;173.9;300.0;300.0;300.0
261.0;0.6717;0.6726;-0.1799;0.0000;85;91;0.0831;80.4809;0.3130;0.3847;79.7171;174.8;300.0;300.0;300.0
261.5;0.6726;0.6740;-0.2115;0.0000;85;93;0.0831;80.8473;0.3130;0.3627;80.5167;174.8;300.0;300.0;300.0
262.0;0.6749;0.6754;-0.2019;0.0000;87;91;-0.0831;81.2137;0.3206;0.3627;80.5167;174.2;300.0;300.0;300.0
262.5;0.6772;0.6772;-0.2157;0.0989;64;112;0.0831;81.5802;0.3206;0.3627;81.3163;175.7;300.0;300.0;300.0
263.0;0.6795;0.6786;-0.1868;0.0989;83;91;-0.0831;81.9466;0.3206;0.3627;81.3163;176.0;300.0;300.0;300.0
263.5;0.6827;0.6799;-0.2060;0.0000;101;67;0.0049;82.3511;0.3282;0.3407;82.1159;174.8;300.0;300.0;300.0
264.0;0.6850;0.6813;-0.2005;0.0000;81;87;0.0049;82.6794;0.3282;0.3407;82.1159;173.9;300.0;300.0;300.0
264.5;0.6877;0.6832;-0.1882;0.0000;79;87;0.0831;83.0458;0.3282;0.3407;82.9155;174.2;300.0;300.0;300.0
265.0;0.6900;0.6845;-0.1772;0.0000;79;83;-0.0831;83.4122;0.3282;0.3407;82.9155;173.9;300.0;300.0;300.0
265.5;0.6918;0.6859;-0.1071;0.0000;81;83;-0.0049;83.7328;0.3359;0.3187;83.7151;175.4;300.0;300.0;300.0
266.0;0.6937;0.6877;-0.1058;0.0000;79;83;0.0831;84.0992;0.3359;0.3187;83.7151;175.4;300.0;300.0;300.0
266.5;0.6960;0.6891;-0.0618;0.0000;81;83;-0.0831;84.4657;0.3359;0.3187;83.7151;174.8;300.0;300.0;300.0
267.0;0.6983;0.6905;-0.0522;0.0000;81;83;0.0733;84.8321;0.3359;0.3187;84.5147;173.6;300.0;300.0;300.0
267.5;0.7005;0.6918;0.0082;0.0000;81;81;-0.0831;85.1985;0.3435;0.3187;84.5147;173.6;300.0;300.0;300.0
268.0;0.7019;0.6937;0.0357;-0.1003;103;62;-0.0049;85.5267;0.3435;0.3187;85.3144;173.0;300.0;300.0;300.0
268.5;0.7028;0.6951;0.0646;0.0000;64;101;-0.0049;85.8473;0.3435;0.3187;85.3144;173.6;300.0;300.0;300.0
269.0;0.7042;0.6964;0.0508;0.0000;83;81;-0.0831;86.2137;0.3511;0.3187;86.1140;174.2;300.0;300.0;300.0
269.5;0.7060;0.6978;-0.0096;0.0000;83;83;-0.0831;86.5802;0.3511;0.3187;86.1140;174.2;300.0;300.0;300.0
270.0;0.7070;0.6996;-0.0234;0.0000;83;83;-0.0049;86.9084;0.3511;0.3187;86.1140;173.9;300.0;300.0;300.0
270.5;0.7088;0.7010;-0.0591;0.0000;83;85;-0.0049;87.3130;0.3511;0.3187;86.9136;173.6;300.0;300.0;300.0
271.0;0.7102;0.7024;-0.0687;0.0000;83;85;-0.0049;87.6336;0.3588;0.3187;86.9136;173.9;300.0;300.0;300.0
271.5;0.7120;0.7042;-0.0975;0.0000;83;85;0.0831;88.0000;0.3588;0.3187;87.7132;173.9;300.0;300.0;300.0
272.0;0.7129;0.7056;-0.0838;0.0000;83;87;-0.0049;88.3282;0.3588;0.3187;87.7132;174.2;300.0;300.0;300.0
272.5;0.7147;0.7070;-0.0769;0.0000;83;87;-0.0049;88.7328;0.3588;0.3187;88.5128;173.6;300.0;300.0;300.0
273.0;0.7166;0.7083;-0.0426;0.0000;83;85;0.0733;89.0992;0.3664;0.3187;88.5128;173.6;300.0;300.0;300.0
273.5;0.7184;0.7102;0.0206;0.0000;83;83;-0.0831;89.4657;0.3664;0.3187;89.3124;173.6;300.0;300.0;300.0
274.0;0.7207;0.7115;0.0728;0.0000;83;83;-0.0049;89.8702;0.3664;0.3187;89.3124;173.9;300.0;300.0;300.0
274.5;0.7234;0.7129;0.1168;0.0000;83;81;-0.0929;90.2366;0.3740;0.3187;90.1120;173.6;300.0;300.0;300.0
275.0;0.7257;0.7147;0.1291;0.0000;83;79;-0.0049;90.6489;0.3740;0.3187;90.1120;174.2;300.0;300.0;300.0
275.5;0.7285;0.7161;0.1346;0.0000;83;79;-0.0049;91.0534;0.3740;0.3187;90.9116;173.6;300.0;300.0;300.0
276.0;0.7303;0.7175;0.1181;0.0000;81;77;-0.0929;91.4198;0.3740;0.3407;90.9116;174.2;300.0;300.0;300.0
276.5;0.7326;0.7189;0.1209;0.0000;81;77;-0.0049;91.8244;0.3817;0.3407;91.7112;174.2;300.0;300.0;300.0
277.0;0.7340;0.7207;0.0989;0.0000;81;79;0.0733;92.1908;0.3817;0.3407;91.7112;173.6;300.0;300.0;300.0
277.5;0.7358;0.7221;0.0920;-0.1003;103;60;-0.0929;92.5573;0.3817;0.3407;92.5108;173.3;300.0;300.0;300.0
278.0;0.7381;0.7234;0.0687;0.0000;62;99;-0.0049;92.9618;0.3893;0.3407;92.5108;174.5;300.0;300.0;300.0
278.5;0.7404;0.7248;0.0838;0.0000;81;77;-0.0049;93.3664;0.3893;0.3407;93.3105;174.2;300.0;300.0;300.0
279.0;0.7427;0.7266;0.0975;0.0000;81;77;-0.0929;93.7328;0.3893;0.3407;93.3105;174.2;300.0;300.0;300.0
279.5;0.7450;0.7280;0.1113;0.0000;79;77;-0.0049;94.1374;0.3969;0.3407;94.1101;173.6;300.0;300.0;300.0
280.0;0.7477;0.7294;0.1442;0.0000;79;75;-0.0147;94.5496;0.3969;0.3627;94.1101;173.6;300.0;300.0;300.0
280.5;0.7500;0.7312;0.1676;-0.1003;101;54;-0.0147;94.9542;0.3969;0.3627;94.9097;172.7;300.0;300.0;300.0
281.0;0.7518;0.7326;0.2019;-0.1003;81;71;-0.0929;95.3206;0.4046;0.3627;94.9097;173.0;300.0;300.0;300.0
281.5;0.7541;0.7340;0.2102;-0.1003;81;71;-0.0147;95.7252;0.4046;0.3627;95.7093;172.7;300.0;300.0;300.0
282.0;0.7573;0.7353;0.2198;-0.1003;79;69;-0.0929;96.1756;0.4046;0.3847;95.7093;172.7;300.0;300.0;300.0
282.5;0.7596;0.7372;0.1937;-0.1003;79;69;-0.0929;96.5420;0.4122;0.3847;96.5089;172.7;300.0;300.0;300.0
283.0;0.7614;0.7386;0.1854;-0.1003;79;69;-0.0929;96.9084;0.4122;0.3847;96.5089;173.0;300.0;300.0;300.0
283.5;0.7637;0.7399;0.1415;-0.1003;77;69;-0.0147;97.3130;0.4122;0.3847;97.3085;172.7;300.0;300.0;300.0
284.0;0.7660;0.7413;0.1140;-0.2005;97;50;-0.0049;97.7176;0.4198;0.4066;97.3085;172.4;300.0;300.0;300.0
284.5;0.7679;0.7431;0.0893;-0.1003;58;89;-0.0929;98.0840;0.4198;0.4066;97.3085;172.7;300.0;300.0;300.0
285.0;0.7697;0.7445;0.0426;-0.2005;97;50;-0.0049;98.4885;0.4275;0.4066;98.1081;172.4;300.0;300.0;300.0
285.5;0.7715;0.7459;0.0275;-0.1003;58;91;-0.0831;98.8550;0.4275;0.4066;98.1081;173.0;300.0;300.0;300.0
286.0;0.7734;0.7477;0.0096;-0.1003;77;71;-0.0049;99.2595;0.4275;0.4066;98.9077;172.4;300.0;300.0;300.0
286.5;0.7752;0.7491;0.0192;-0.1003;77;71;-0.0049;99.6718;0.4351;0.4066;98.9077;172.7;300.0;300.0;300.0
287.0;0.7775;0.7505;0.0027;-0.2005;97;52;-0.0049;100.0763;0.4351;0.4066;99.7073;172.1;300.0;300.0;300.0
287.5;0.7798;0.7518;0.0027;-0.1003;56;91;-0.0049;100.4809;0.4351;0.4066;99.7073;172.4;300.0;300.0;300.0
288.0;0.7811;0.7537;-0.0192;-0.2005;97;52;-0.0831;100.8473;0.4427;0.4066;100.5069;172.1;300.0;300.0;300.0
288.5;0.7830;0.7550;-0.0082;-0.1003;56;91;-0.0049;101.2519;0.4427;0.4066;100.5069;172.4;300.0;300.0;300.0
289.0;0.7853;0.7564;-0.0316;-0.2005;95;52;-0.0049;101.6641;0.4504;0.4066;101.3066;172.1;300.0;300.0;300.0
289.5;0.7871;0.7582;-0.0330;-0.2005;75;69;-0.0049;102.0687;0.4504;0.4066;101.3066;172.4;300.0;300.0;300.0
290.0;0.7885;0.7596;-0.0288;-0.2005;75;69;-0.0049;102.4733;0.4504;0.4066;102.1062;171.8;300.0;300.0;300.0
290.5;0.7889;0.7610;-0.0549;-0.2005;77;71;-0.0831;102.8397;0.4580;0.4066;102.1062;171.8;300.0;300.0;300.0
291.0;0.7898;0.7624;-0.0646;-0.1003;58;95;-0.0049;103.2443;0.4580;0.3847;102.9058;173.0;300.0;300.0;300.0
291.5;0.7908;0.7642;-0.0962;-0.1003;77;75;-0.0049;103.6565;0.4580;0.3847;102.9058;173.0;300.0;300.0;300.0
292.0;0.7912;0.7656;-0.1058;-0.2005;99;58;0.0831;104.0153;0.4656;0.3847;103.7054;172.4;300.0;300.0;300.0
292.5;0.7908;0.7669;-0.1387;-0.1003;62;99;-0.0049;104.3435;0.4656;0.3847;103.7054;172.7;300.0;300.0;300.0
293.0;0.7912;0.7683;-0.1360;-0.1003;81;81;0.0831;104.7939;0.4656;0.3847;104.5050;173.0;300.0;300.0;300.0
293.5;0.7912;0.7701;-0.1319;-0.1003;83;83;-0.0831;105.1603;0.4733;0.3847;104.5050;172.7;300.0;300.0;300.0
294.0;0.7921;0.7715;-0.1140;-0.1003;83;83;-0.0049;105.5649;0.4733;0.3847;105.3046;173.0;300.0;300.0;300.0
294.5;0.7935;0.7729;-0.0783;-0.1003;83;83;-0.0049;105.9695;0.4733;0.3627;105.3046;173.0;300.0;300.0;300.0
295.0;0.7944;0.7747;-0.0632;-0.1003;85;83;-0.0049;106.3740;0.4809;0.3627;106.1042;172.7;300.0;300.0;300.0
295.5;0.7962;0.7761;-0.0288;-0.1003;83;81;-0.0049;106.7863;0.4809;0.3627;106.1042;173.3;300.0;300.0;300.0
296.0;0.7972;0.7775;-0.0151;-0.1003;85;81;-0.0049;107.1908;0.4886;0.3627;106.9038;173.3;300.0;300.0;300.0
296.5;0.7985;0.7788;0.0027;-0.1003;85;81;-0.0049;107.5954;0.4886;0.3627;106.9038;172.7;300.0;300.0;300.0
297.0;0.7985;0.7807;0.0302;0.0000;65;103;-0.0049;0.3206;0.0000;-0.0109;-0.2439;173.0;300.0;300.0;300.0
297.5;0.7999;0.7821;0.0495;0.0000;87;85;-0.0049;0.8092;0.0000;-0.0109;0.5557;172.7;300.0;300.0;300.0
298.0;0.8013;0.7834;0.0343;0.0000;85;85;0.0733;1.1756;0.0000;-0.0109;0.5557;173.0;300.0;300.0;300.0
298.5;0.8027;0.7853;0.0426;0.0000;87;85;-0.0049;1.5802;0.0000;-0.0109;1.3553;171.8;300.0;300.0;300.0
299.0;0.8040;0.7866;0.0426;0.0000;87;85;-0.0049;1.9847;0.0000;-0.0109;1.3553;171.8;300.0;300.0;300.0
299.5;0.8054;0.7885;0.0632;0.0000;87;85;-0.0049;2.3969;0.0000;-0.0109;2.1549;171.3;300.0;300.0;300.0
300.0;0.8072;0.7898;0.0522;0.0000;87;85;-0.0049;2.8015;0.0000;-0.0109;2.1549;173.0;300.0;300.0;300.0
300.5;0.8095;0.7912;0.0756;0.0000;87;85;0.0733;3.2519;0.0000;-0.0109;2.9546;173.6;300.0;300.0;300.0
301.0;0.8109;0.7930;0.0742;0.0000;87;83;-0.0049;3.6565;0.0000;0.0111;2.9546;172.4;300.0;300.0;300.0
301.5;0.8109;0.7944;0.0646;0.0000;89;87;-0.0049;3.9771;0.0000;0.0111;3.7542;171.8;300.0;300.0;300.0
302.0;0.8118;0.7962;0.1003;0.0000;89;87;0.0733;4.4275;0.0000;0.0111;3.7542;171.8;300.0;300.0;300.0
302.5;0.8132;0.7976;0.1016;0.0000;89;87;-0.0049;4.8321;0.0000;0.0111;4.5538;171.3;300.0;300.0;300.0
303.0;0.8132;0.7995;0.1264;0.0000;91;89;-0.0049;5.1603;0.0000;0.0111;4.5538;171.6;300.0;300.0;300.0
303.5;0.8132;0.8013;0.1168;0.0000;93;91;-0.0049;5.5649;0.0000;0.0111;5.3534;172.7;300.0;300.0;300.0
304.0;0.8141;0.8027;0.1470;0.0000;95;93;-0.0147;5.9695;0.0000;0.0111;5.3534;172.4;300.0;300.0;300.0
304.5;0.8141;0.8045;0.1181;0.0000;97;95;0.0733;6.3359;0.0000;0.0331;6.1530;172.7;300.0;300.0;300.0
305.0;0.8164;0.8059;0.1016;0.0000;95;95;-0.0049;6.8244;0.0000;0.0331;6.1530;171.8;300.0;300.0;300.0
305.5;0.8178;0.8077;0.1016;0.0000;95;93;-0.0049;7.2290;0.0000;0.0331;6.9526;172.4;300.0;300.0;300.0
306.0;0.8182;0.8095;0.1003;0.0000;97;95;0.0733;7.5954;0.0000;0.0331;6.9526;171.8;300.0;300.0;300.0
306.5;0.8205;0.8109;0.0742;0.0000;95;95;-0.0049;8.0840;0.0000;0.0331;7.7522;172.1;300.0;300.0;300.0
307.0;0.8223;0.8127;0.0563;0.0000;95;95;-0.0049;8.4886;0.0000;0.0331;7.7522;171.8;300.0;300.0;300.0
307.5;0.8233;0.8146;0.0742;0.0000;95;95;0.0733;8.8550;0.0000;0.0331;8.5518;172.7;300.0;300.0;300.0
308.0;0.8260;0.8164;0.0577;0.0000;95;95;-0.0049;9.3435;0.0000;0.0331;8.5518;172.7;300.0;300.0;300.0
308.5;0.8278;0.8182;0.0549;0.0000;95;93;-0.0049;9.7557;0.0000;0.0331;9.3514;171.8;300.0;300.0;300.0
309.0;0.8297;0.8196;0.0440;0.0000;95;95;-0.0049;10.1603;0.0000;0.0331;10.1510;171.3;300.0;300.0;300.0
309.5;0.8320;0.8214;0.0604;0.0000;93;93;0.0733;10.6031;0.0000;0.0551;10.1510;171.8;300.0;300.0;300.0
310.0;0.8338;0.8233;0.0756;0.0000;93;93;-0.0049;11.0153;0.0000;0.0551;10.9506;171.6;300.0;300.0;300.0
310.5;0.8365;0.8251;0.1113;0.0000;93;93;0.0733;11.4580;0.0000;0.0551;10.9506;171.8;300.0;300.0;300.0
311.0;0.8384;0.8269;0.0989;0.0000;93;93;-0.0049;11.8626;0.0000;0.0551;11.7503;171.8;300.0;300.0;300.0
311.5;0.8416;0.8288;0.0865;0.0000;93;93;-0.0049;12.3511;0.0000;0.0551;11.7503;173.6;300.0;300.0;300.0
312.0;0.8429;0.8306;0.0810;0.0000;93;93;0.0733;12.7176;0.0000;0.0551;12.5499;172.1;300.0;300.0;300.0
312.5;0.8457;0.8324;0.1140;0.0000;93;91;-0.0049;13.2061;0.0076;0.0551;12.5499;171.8;300.0;300.0;300.0
313.0;0.8480;0.8342;0.1291;0.0000;93;91;-0.0049;13.6107;0.0076;0.0551;13.3495;171.3;300.0;300.0;300.0
313.5;0.8503;0.8361;0.1552;0.0000;93;91;0.0733;14.0611;0.0076;0.0770;13.3495;171.6;300.0;300.0;300.0
314.0;0.8521;0.8379;0.1291;0.0000;93;91;-0.0049;14.4656;0.0076;0.0770;14.1491;171.3;300.0;300.0;300.0
314.5;0.8535;0.8397;0.1071;0.0000;93;93;-0.0929;14.9160;0.0076;0.0770;14.1491;171.6;300.0;300.0;300.0
315.0;0.8539;0.8416;0.1236;0.0000;95;95;-0.0049;15.3206;0.0076;0.0770;14.9487;171.0;300.0;300.0;300.0
315.5;0.8549;0.8434;0.0934;0.0000;97;97;0.0733;15.7710;0.0076;0.0770;15.7483;171.3;300.0;300.0;300.0
316.0;0.8558;0.8452;0.1099;0.0000;99;99;-0.0049;16.1756;0.0076;0.0770;15.7483;173.0;300.0;300.0;300.0
316.5;0.8567;0.8471;0.0508;0.0000;99;99;-0.0049;16.5802;0.0076;0.0770;16.5479;172.4;300.0;300.0;300.0
317.0;0.8581;0.8494;0.0110;0.0000;99;101;0.0733;17.0305;0.0076;0.0770;16.5479;172.1;300.0;300.0;300.0
317.5;0.8594;0.8512;-0.0563;0.0000;99;103;-0.0049;17.4351;0.0076;0.0770;17.3475;171.3;300.0;300.0;300.0
318.0;0.8617;0.8530;-0.0838;0.0000;99;103;-0.0049;17.9237;0.0076;0.0770;17.3475;171.3;300.0;300.0;300.0
318.5;0.8636;0.8549;-0.1223;0.0000;99;103;-0.0049;18.3282;0.0153;0.0770;18.1471;170.7;300.0;300.0;300.0
319.0;0.8654;0.8567;-0.1662;0.0000;97;103;0.0831;18.7786;0.0153;0.0770;18.1471;172.4;300.0;300.0;300.0
319.5;0.8668;0.8590;-0.1937;0.0000;97;105;0.0049;19.1832;0.0153;0.0770;18.9467;171.8;300.0;300.0;300.0
320.0;0.8681;0.8608;-0.2060;0.0000;99;105;0.0049;19.5878;0.0153;0.0551;18.9467;171.8;300.0;300.0;300.0
320.5;0.8686;0.8626;-0.1319;0.0000;101;107;-0.0049;20.0000;0.0153;0.0551;19.7464;171.3;300.0;300.0;300.0
321.0;0.8695;0.8649;-0.1484;0.0000;103;107;0.0049;20.4046;0.0153;0.0551;19.7464;171.8;300.0;300.0;300.0
321.5;0.8700;0.8668;-0.0536;0.0000;107;109;-0.0049;20.8092;0.0153;0.0551;20.5460;171.8;300.0;300.0;300.0
322.0;0.8709;0.8686;-0.0398;0.0000;109;109;-0.0831;21.2595;0.0153;0.0551;20.5460;171.6;300.0;300.0;300.0
322.5;0.8718;0.8709;-0.0055;0.0000;109;109;-0.0049;21.6641;0.0153;0.0551;21.3456;171.0;300.0;300.0;300.0
323.0;0.8727;0.8727;0.0330;0.0000;112;110;-0.0831;22.1069;0.0153;0.0551;21.3456;172.7;300.0;300.0;300.0
323.5;0.8736;0.8750;0.0646;0.0000;112;112;0.0733;22.5573;0.0153;0.0551;22.1452;171.8;300.0;300.0;300.0
324.0;0.8745;0.8768;0.1442;0.0000;114;112;-0.0147;22.9618;0.0153;0.0551;22.9448;171.6;300.0;300.0;300.0
324.5;0.8764;0.8791;0.1195;0.0000;114;112;-0.0049;23.4504;0.0153;0.0551;22.9448;171.3;300.0;300.0;300.0
325.0;0.8787;0.8810;0.1511;0.0000;114;110;-0.0929;23.9008;0.0153;0.0770;23.7444;171.3;300.0;300.0;300.0
325.5;0.8800;0.8832;0.1250;0.0000;114;112;-0.0049;24.3053;0.0229;0.0770;23.7444;170.7;300.0;300.0;300.0
326.0;0.8823;0.8851;0.1264;0.0000;114;112;-0.0049;24.7939;0.0229;0.0770;24.5440;170.7;300.0;300.0;300.0
326.5;0.8842;0.8874;0.0934;0.0000;114;112;-0.0049;25.1985;0.0229;0.0770;24.5440;170.4;300.0;300.0;300.0
327.0;0.8864;0.8897;0.0920;0.0000;114;112;-0.0049;25.6870;0.0229;0.0770;25.3436;169.5;300.0;300.0;300.0
327.5;0.8883;0.8915;0.0398;0.0000;114;112;-0.0049;26.0916;0.0229;0.0770;25.3436;170.4;300.0;300.0;300.0
328.0;0.8901;0.8938;0.0096;0.0000;114;112;-0.0831;26.5420;0.0229;0.0770;26.1432;170.7;300.0;300.0;300.0
328.5;0.8924;0.8956;-0.0398;0.0000;112;112;-0.0049;27.0305;0.0229;0.0770;26.9428;171.3;300.0;300.0;300.0
329.0;0.8942;0.8979;-0.0481;0.0000;114;114;-0.0049;27.4351;0.0229;0.0770;26.9428;169.8;300.0;300.0;300.0
329.5;0.8965;0.9002;-0.0357;0.0000;112;112;-0.0049;27.9237;0.0229;0.0770;27.7425;169.8;300.0;300.0;300.0
330.0;0.8997;0.9025;-0.0604;0.0000;112;112;-0.0049;28.4122;0.0229;0.0770;27.7425;169.2;300.0;300.0;300.0
330.5;0.9016;0.9043;-0.0453;0.0000;112;112;-0.0049;28.8168;0.0229;0.0770;28.5421;168.9;300.0;300.0;300.0
331.0;0.9043;0.9066;-0.0824;0.0000;112;112;-0.0049;29.3053;0.0305;0.0770;28.5421;168.0;300.0;300.0;300.0
331.5;0.9071;0.9089;-0.0522;0.0000;112;112;-0.0049;29.7939;0.0305;0.0770;29.3417;169.5;300.0;300.0;300.0
332.0;0.9098;0.9112;-0.0632;-0.2005;152;71;0.0831;30.2366;0.0305;0.0770;30.1413;168.3;300.0;300.0;300.0
332.5;0.9121;0.9135;-0.0494;-0.4011;155;69;-0.0049;30.7252;0.0305;0.0770;30.1413;168.9;300.0;300.0;300.0
333.0;0.9139;0.9158;-0.0659;-0.6003;159;67;-0.0831;31.1756;0.0305;0.0770;30.9409;167.4;300.0;300.0;300.0
333.5;0.9167;0.9176;-0.0934;-0.7005;142;85;-0.0049;31.6641;0.0305;0.0551;30.9409;167.2;300.0;300.0;300.0
334.0;0.9190;0.9199;-0.0893;-0.8008;144;83;-0.0831;32.1069;0.0305;0.0551;31.7405;166.3;300.0;300.0;300.0
334.5;0.9208;0.9222;-0.1415;-0.8008;124;105;-0.0831;32.5573;0.0305;0.0551;32.5401;166.0;300.0;300.0;300.0
335.0;0.9222;0.9245;-0.1868;-0.8008;124;107;-0.0831;33.0076;0.0305;0.0551;32.5401;165.4;300.0;300.0;300.0
335.5;0.9245;0.9267;-0.3544;-0.8008;124;109;0.0049;33.4886;0.0305;0.0331;33.3397;166.0;300.0;300.0;300.0
336.0;0.9272;0.9290;-0.4464;-0.9011;144;91;0.0147;33.9771;0.0305;0.0331;33.3397;165.1;300.0;300.0;300.0
336.5;0.9286;0.9313;-0.5907;-0.9011;122;112;0.0147;34.3893;0.0305;0.0111;34.1393;164.8;300.0;300.0;300.0
337.0;0.9309;0.9336;-0.6690;-1.0000;144;93;0.0147;34.8779;0.0305;-0.0109;34.1393;163.9;300.0;300.0;300.0
337.5;0.9332;0.9359;-0.7445;-0.9011;103;136;0.0244;35.3588;0.0305;-0.0328;34.9389;165.1;300.0;300.0;300.0
338.0;0.9359;0.9382;-0.7843;-1.1003;163;73;-0.0538;35.8931;0.0305;-0.0548;35.7386;163.3;300.0;300.0;300.0
338.5;0.9377;0.9409;-0.8668;-1.2005;144;95;0.1026;36.3359;0.0305;-0.0768;35.7386;162.2;300.0;300.0;300.0
339.0;0.9396;0.9432;-0.9217;-1.2005;124;114;-0.0538;36.7863;0.0305;-0.0988;36.5382;161.9;300.0;300.0;300.0
339.5;0.9418;0.9455;-0.9231;-1.3008;146;95;0.0244;37.2748;0.0305;-0.1207;36.5382;161.0;300.0;300.0;300.0
340.0;0.9441;0.9478;-0.9918;-1.3008;126;114;0.0342;37.7634;0.0305;-0.1647;37.3378;160.7;300.0;300.0;300.0
340.5;0.9469;0.9501;-1.0467;-1.4011;146;95;-0.1320;38.2519;0.0305;-0.1867;38.1374;160.1;300.0;300.0;300.0
341.0;0.9496;0.9524;-1.1415;-1.4011;124;114;0.0342;38.7328;0.0305;-0.2086;38.1374;160.1;300.0;300.0;300.0
341.5;0.9524;0.9551;-1.1992;-1.4011;124;114;0.0342;39.2214;0.0229;-0.2526;38.9370;159.5;300.0;300.0;300.0
342.0;0.9556;0.9574;-1.3008;-1.4011;122;114;-0.1222;39.7099;0.0229;-0.2965;38.9370;159.5;300.0;300.0;300.0
342.5;0.9588;0.9597;-1.3269;-1.5000;144;95;0.1222;40.2366;0.0229;-0.3405;39.7366;158.9;300.0;300.0;300.0
343.0;0.9611;0.9625;-1.3750;-1.5000;124;114;-0.0342;40.6870;0.0153;-0.3624;40.5362;159.2;300.0;300.0;300.0
343.5;0.9638;0.9647;-1.4712;-1.6003;144;95;0.0440;41.1756;0.0153;-0.4064;40.5362;158.4;300.0;300.0;300.0
344.0;0.9661;0.9670;-1.4698;-1.5000;105;136;0.0440;41.6641;0.0076;-0.4503;41.3358;158.7;300.0;300.0;300.0
344.5;0.9689;0.9698;-1.5124;-1.5000;122;118;0.0440;42.1527;0.0076;-0.4943;42.1354;158.7;300.0;300.0;300.0
345.0;0.9712;0.9721;-1.5055;-1.3008;81;159;0.0440;42.6412;0.0000;-0.5382;42.1354;160.4;300.0;300.0;300.0
345.5;0.9730;0.9744;-1.5549;-1.4011;144;103;-0.0342;43.0840;0.0000;-0.5822;42.9350;159.8;300.0;300.0;298.5
346.0;0.9757;0.9771;-1.5412;-1.4011;124;120;0.0538;43.6565;-0.0076;-0.6261;42.9350;159.5;300.0;300.0;281.8
346.5;0.9776;0.9794;-1.6030;-1.4011;124;122;0.0538;44.1450;-0.0153;-0.6701;43.7346;159.5;300.0;300.0;268.6
347.0;0.9794;0.9821;-1.6058;-1.4011;126;122;-0.1124;44.6336;-0.0153;-0.7140;44.5343;160.1;300.0;300.0;255.7
347.5;0.9812;0.9844;-1.6346;-1.3008;107;146;0.0538;45.1145;-0.0229;-0.7580;44.5343;160.4;300.0;300.0;253.7
348.0;0.9826;0.9872;-1.5426;-1.1003;87;167;-0.0342;45.5649;-0.0305;-0.8019;45.3339;162.5;300.0;300.0;241.9
348.5;0.9849;0.9895;-1.4973;-1.1003;128;130;0.1320;46.0916;-0.0382;-0.8459;45.3339;163.3;300.0;300.0;233.4
349.0;0.9872;0.9922;-1.4739;-0.9011;87;171;0.0440;46.5802;-0.0458;-0.8898;46.1335;165.1;300.0;300.0;227.0
349.5;0.9890;0.9950;-1.4107;-0.9011;126;134;0.0440;47.0687;-0.0534;-0.9338;46.9331;166.9;300.0;300.0;219.4
350.0;0.9913;0.9973;-1.3874;-0.7005;87;175;0.0440;47.5573;-0.0611;-0.9777;46.9331;168.3;300.0;300.0;218.5
350.5;0.9931;1.0000;-1.3159;-0.5000;85;177;-0.0440;48.0840;-0.0687;-1.0217;47.7327;171.6;300.0;300.0;216.4
351.0;0.9954;1.0023;-1.2514;-0.3008;83;179;0.0440;48.5725;-0.0763;-1.0436;48.5323;172.4;300.0;300.0;210.3
351.5;0.9977;1.0050;-1.1593;-0.1003;81;183;0.1222;49.0992;-0.0916;-1.0876;48.5323;174.2;300.0;300.0;204.1
352.0;1.0000;1.0078;-1.0701;0.0989;81;185;0.1124;49.6260;-0.0992;-1.1096;49.3319;176.0;300.0;300.0;203.2
352.5;1.0023;1.0105;-0.9423;0.2995;81;187;0.0244;50.1145;-0.1069;-1.1315;49.3319;179.8;300.0;300.0;200.6
353.0;1.0041;1.0128;-0.8558;0.5000;81;189;0.0244;50.6031;-0.1221;-1.1535;50.1315;180.9;300.0;300.0;194.7
353.5;1.0069;1.0156;-0.7074;0.6992;79;191;0.1026;51.1298;-0.1298;-1.1755;50.9311;183.6;300.0;300.0;191.2
354.0;1.0096;1.0183;-0.5453;0.8997;79;191;0.0929;51.6641;-0.1374;-1.1975;50.9311;186.5;300.0;300.0;189.1
354.5;1.0128;1.0211;-0.3887;1.0989;77;193;0.0929;52.1908;-0.1527;-1.2194;51.7307;190.0;300.0;300.0;185.6
355.0;1.0156;1.0234;-0.2665;0.8997;159;109;0.0049;52.6794;-0.1603;-1.2194;55.7288;194.7;300.0;300.0;183.3
355.5;1.0183;1.0261;-0.1168;0.6992;163;105;0.0831;53.2061;-0.1756;-1.2194;56.5284;197.1;300.0;300.0;183.0
356.0;1.0229;1.0288;0.0440;0.5000;165;99;0.0733;53.8168;-0.1832;-1.2194;56.5284;198.5;300.0;300.0;181.2
356.5;1.0270;1.0316;0.1401;0.2995;167;95;0.0733;54.3435;-0.1985;-1.2194;57.3280;202.6;300.0;300.0;182.1
357.0;1.0311;1.0343;0.2761;0.0989;171;91;0.0635;54.8702;-0.2061;-1.2194;58.1276;206.5;300.0;300.0;179.8
357.5;1.0353;1.0371;0.3819;0.0000;153;105;-0.0147;55.4427;-0.2214;-1.1975;58.1276;210.6;300.0;300.0;178.6
358.0;1.0394;1.0398;0.3860;0.0000;132;122;-0.1026;55.9695;-0.2290;-1.1975;58.9272;214.1;300.0;300.0;178.3
358.5;1.0444;1.0426;0.3819;0.0000;132;120;-0.1026;56.5802;-0.2443;-1.1755;59.7268;219.1;300.0;300.0;178.3
359.0;1.0485;1.0453;0.3297;0.0000;128;120;0.0635;57.1069;-0.2519;-1.1755;59.7268;223.8;300.0;300.0;177.7
359.5;1.0517;1.0481;0.2679;0.0000;126;122;-0.0147;57.5954;-0.2672;-1.1535;60.5265;229.0;300.0;300.0;177.4
360.0;1.0554;1.0508;0.2184;0.0000;128;122;-0.1711;58.1679;-0.2748;-1.1535;61.3261;238.7;300.0;300.0;178.3
360.5;1.0586;1.0536;0.0495;0.0000;124;124;0.0733;58.6947;-0.2824;-1.1535;61.3261;248.1;300.0;300.0;178.6
361.0;1.0618;1.0563;-0.0962;0.0000;124;126;-0.0831;59.2214;-0.2977;-1.1535;62.1257;273.9;300.0;300.0;178.9
361.5;1.0646;1.0591;-0.2074;0.0000;124;128;0.0831;59.7481;-0.3053;-1.1535;62.9253;285.0;300.0;300.0;179.8
362.0;1.0673;1.0618;-0.3008;0.0000;122;130;-0.0733;60.2748;-0.3206;-1.1755;62.9253;300.0;300.0;300.0;179.8
362.5;1.0691;1.0650;-0.3516;0.0000;126;134;0.0049;60.7634;-0.3282;-1.1755;63.7249;300.0;300.0;300.0;182.4
363.0;1.0705;1.0678;-0.3695;0.0000;126;136;-0.0733;61.2901;-0.3359;-1.1975;64.5245;300.0;300.0;300.0;182.1
363.5;1.0728;1.0705;-0.2431;0.0000;132;136;0.0049;61.8626;-0.3511;-1.1975;64.5245;300.0;300.0;300.0;183.3
364.0;1.0755;1.0733;-0.2321;0.0000;132;138;0.0049;62.4351;-0.3588;-1.1975;65.3241;300.0;300.0;300.0;183.9
364.5;1.0792;1.0760;-0.1058;0.0000;134;136;-0.0049;63.0000;-0.3740;-1.1975;66.1237;300.0;300.0;300.0;185.6
365.0;1.0833;1.0792;-0.1332;0.0000;132;134;-0.0831;63.6107;-0.3893;-1.2194;66.9233;300.0;300.0;300.0;185.6
365.5;1.0879;1.0820;-0.0632;0.0000;132;132;-0.0049;64.1756;-0.3969;-1.2194;66.9233;300.0;300.0;300.0;186.2
366.0;1.0929;1.0847;-0.0192;0.0000;130;128;-0.0831;64.7863;-0.4122;-1.2194;67.7229;300.0;300.0;300.0;185.3
366.5;1.0975;1.0879;0.0261;0.0000;128;126;-0.0049;65.3588;-0.4198;-1.2194;68.5226;300.0;300.0;300.0;185.3
367.0;1.1012;1.0907;0.0288;0.0000;128;126;-0.0831;65.8855;-0.4351;-1.2194;68.5226;300.0;300.0;300.0;186.5
367.5;1.1039;1.0934;-0.0124;0.0000;128;126;-0.0831;66.4122;-0.4427;-1.2194;69.3222;300.0;300.0;300.0;186.2
368.0;1.1071;1.0966;0.1003;0.0000;132;126;-0.0049;66.9847;-0.4580;-1.1975;70.1218;300.0;300.0;300.0;187.1
368.5;1.1113;1.0994;0.1085;0.0000;132;126;-0.1711;67.6336;-0.4733;-1.1975;70.9214;300.0;300.0;300.0;189.7
369.0;1.1149;1.1026;0.1909;0.0000;132;124;-0.0147;68.2061;-0.4809;-1.1975;70.9214;300.0;300.0;300.0;191.8
369.5;1.1195;1.1053;0.1511;0.0000;130;124;-0.0929;68.8092;-0.4962;-1.1975;71.7210;300.0;300.0;300.0;191.8
370.0;1.1232;1.1085;0.1799;0.0000;128;122;-0.0929;69.4198;-0.5038;-1.1975;72.5206;300.0;300.0;300.0;195.9
370.5;1.1264;1.1113;0.1099;0.0000;128;124;-0.0929;69.9542;-0.5191;-1.1755;72.5206;300.0;300.0;300.0;195.9
371.0;1.1300;1.1145;0.1058;0.0000;130;124;-0.0929;70.5573;-0.5267;-1.1755;73.3202;300.0;300.0;300.0;196.5
371.5;1.1346;1.1172;0.0893;0.0000;128;122;-0.0929;71.1679;-0.5420;-1.1755;74.1198;300.0;300.0;300.0;199.1
372.0;1.1383;1.1204;0.0797;0.0000;128;122;-0.0049;71.7405;-0.5573;-1.1755;74.9194;300.0;300.0;300.0;198.5
372.5;1.1424;1.1232;0.0440;0.0000;128;124;-0.0831;72.3511;-0.5649;-1.1755;74.9194;300.0;300.0;300.0;197.9
373.0;1.1461;1.1264;-0.0508;0.0000;126;124;-0.0049;72.9160;-0.5802;-1.1755;75.7190;300.0;300.0;300.0;197.4
373.5;1.1502;1.1296;-0.0192;0.0000;126;122;-0.0831;73.5267;-0.5878;-1.1755;76.5187;300.0;300.0;300.0;196.5
374.0;1.1538;1.1323;-0.0865;0.0000;126;124;-0.0049;74.0992;-0.6031;-1.1755;77.3183;300.0;300.0;300.0;195.3
374.5;1.1580;1.1355;-0.0220;0.0000;126;124;-0.0049;74.7481;-0.6183;-1.1755;77.3183;300.0;300.0;300.0;195.9
375.0;1.1612;1.1387;-0.0453;0.0000;126;124;-0.0049;75.3130;-0.6260;-1.1755;78.1179;300.0;300.0;300.0;194.1
375.5;1.1648;1.1415;-0.0330;0.0000;126;124;-0.0831;75.9237;-0.6412;-1.1755;78.9175;300.0;300.0;300.0;192.4
376.0;1.1690;1.1447;-0.0453;0.0000;124;124;0.0733;76.5344;-0.6489;-1.1755;79.7171;300.0;300.0;300.0;191.8
376.5;1.1731;1.1479;-0.0494;-0.2005;167;83;-0.0049;77.1832;-0.6641;-1.1975;79.7171;300.0;300.0;300.0;192.4
377.0;1.1763;1.1511;0.0014;-0.4011;171;79;-0.0049;77.7557;-0.6794;-1.1975;80.5167;300.0;300.0;300.0;190.3
377.5;1.1799;1.1538;-0.0618;-0.6003;173;77;-0.0831;78.3664;-0.6870;-1.1975;81.3163;300.0;300.0;300.0;189.1
378.0;1.1832;1.1571;-0.0247;-0.8008;177;77;-0.0049;78.9313;-0.7023;-1.1975;82.1159;300.0;300.0;300.0;188.6
378.5;1.1864;1.1603;-0.1140;-1.0000;179;75;-0.0831;79.5420;-0.7176;-1.1975;82.1159;300.0;300.0;300.0;188.3
379.0;1.1854;1.1635;-0.0962;-1.2005;191;73;-0.0831;80.2366;-0.7252;-1.1975;82.9155;300.0;300.0;300.0;188.6
379.5;1.1854;1.1667;-0.1951;-1.4011;196;77;0.0049;80.8015;-0.7405;-1.1975;83.7151;300.0;300.0;300.0;190.3
380.0;1.1873;1.1699;-0.1937;-1.4011;159;120;0.0049;81.4504;-0.7557;-1.1975;84.5147;300.0;300.0;300.0;188.3
380.5;1.1900;1.1731;-0.2967;-1.3008;138;144;-0.0733;82.0611;-0.7634;-1.2194;85.3144;300.0;300.0;300.0;187.1
381.0;1.1923;1.1763;-0.4684;-1.1003;112;169;-0.0733;82.6718;-0.7786;-1.2194;85.3144;300.0;300.0;300.0;185.6
381.5;1.1955;1.1795;-0.6442;-1.1003;150;132;0.1026;83.2824;-0.7939;-1.2414;86.1140;300.0;300.0;300.0;185.6
382.0;1.1992;1.1827;-0.8132;-1.0000;124;153;-0.0538;83.8931;-0.8092;-1.2634;86.9136;300.0;300.0;300.0;184.2
382.5;1.2028;1.1854;-0.9135;-1.2005;185;93;0.0244;84.5420;-0.8168;-1.2854;87.7132;300.0;300.0;300.0;186.2
383.0;1.2070;1.1886;-1.1140;-1.0000;101;175;-0.0440;85.1527;-0.8321;-1.3293;87.7132;300.0;300.0;300.0;183.9
383.5;1.2106;1.1918;-1.1717;-0.8008;97;177;-0.0440;85.7634;-0.8473;-1.3513;88.5128;300.0;300.0;300.0;183.0
384.0;1.2143;1.1951;-1.3324;-0.9011;153;118;0.1222;86.3664;-0.8626;-1.3952;89.3124;300.0;300.0;300.0;183.3
384.5;1.2189;1.1983;-1.3379;-0.7005;89;179;0.1222;87.0611;-0.8779;-1.4392;90.1120;300.0;300.0;300.0;182.1
385.0;1.2239;1.2010;-1.3626;-0.7005;126;138;0.0440;87.7099;-0.8931;-1.4831;90.9116;300.0;300.0;300.0;181.5
385.5;1.2285;1.2042;-1.3681;-0.8008;144;114;0.2102;88.3588;-0.9160;-1.5271;90.9116;300.0;300.0;300.0;182.4
386.0;1.2326;1.2074;-1.4052;-0.6003;79;177;0.2102;89.0076;-0.9313;-1.5490;91.7112;300.0;300.0;300.0;180.4
386.5;1.2372;1.2102;-1.4615;-0.4011;75;179;0.0440;89.6641;-0.9466;-1.5930;92.5108;300.0;300.0;300.0;178.9
387.0;1.2418;1.2134;-1.4766;-0.4011;112;138;0.0440;90.3130;-0.9695;-1.6369;93.3105;300.0;300.0;300.0;178.6
387.5;1.2473;1.2166;-1.5000;-0.5000;132;114;0.1320;91.0000;-0.9847;-1.6809;94.1101;300.0;300.0;300.0;179.5
388.0;1.2518;1.2193;-1.4904;-0.3008;69;175;0.2102;91.6489;-1.0076;-1.7248;94.9097;300.0;300.0;300.0;177.1
388.5;1.2573;1.2225;-1.5412;-0.2005;83;155;0.1320;92.3435;-1.0229;-1.7688;94.9097;300.0;300.0;300.0;177.1
389.0;1.2619;1.2257;-1.5220;-0.3008;122;112;0.1320;92.9542;-1.0458;-1.8127;95.7093;300.0;300.0;300.0;177.4
389.5;1.2651;1.2285;-1.5055;-0.1003;62;175;0.1320;93.5649;-1.0611;-1.8567;96.5089;300.0;300.0;300.0;175.4
390.0;1.2688;1.2317;-1.3104;0.0000;81;155;0.2004;94.2137;-1.0840;-1.9006;97.3085;300.0;300.0;300.0;174.8
390.5;1.2724;1.2344;-1.2253;0.0000;103;136;0.2004;94.8626;-1.1069;-1.9226;98.1081;300.0;300.0;300.0;173.6
391.0;1.2752;1.2376;-1.0783;0.0989;83;155;0.1124;95.4733;-1.1298;-1.9666;98.1081;300.0;300.0;300.0;173.0
391.5;1.2784;1.2404;-1.0343;0.0000;124;114;0.0342;96.1221;-1.1527;-1.9885;98.9077;300.0;300.0;300.0;173.3
392.0;1.2802;1.2436;-0.9973;0.0989;87;157;0.1124;96.7328;-1.1679;-2.0105;99.7073;300.0;300.0;300.0;172.7
392.5;1.2821;1.2463;-0.8764;0.0989;109;138;0.1906;97.3817;-1.1908;-2.0544;100.5069;300.0;300.0;300.0;172.1
393.0;1.2839;1.2491;-0.8228;0.0989;112;140;0.1026;97.9924;-1.2137;-2.0764;101.3066;300.0;300.0;300.0;173.0
393.5;1.2857;1.2523;-0.6429;0.0989;114;140;0.1026;98.6794;-1.2443;-2.0764;101.3066;300.0;300.0;300.0;172.1
394.0;1.2871;1.2550;-0.5165;0.0000;140;118;0.0929;99.2901;-1.2595;-2.0984;102.1062;300.0;300.0;300.0;173.3
394.5;1.2871;1.2578;-0.2843;0.1992;83;179;0.0049;99.8626;-1.2824;-2.0984;102.9058;300.0;300.0;300.0;171.8
395.0;1.2871;1.2610;-0.1415;0.1992;128;144;-0.0049;100.4275;-1.3053;-2.1204;103.7054;300.0;300.0;300.0;171.8
395.5;1.2866;1.2637;0.1126;0.0989;157;122;-0.0049;101.0763;-1.3282;-2.0984;103.7054;300.0;300.0;300.0;172.7
396.0;1.2857;1.2665;0.3379;0.0989;144;142;-0.0147;101.6489;-1.3511;-2.0984;104.5050;300.0;300.0;300.0;172.1
396.5;1.2848;1.2697;0.5467;0.1992;130;165;-0.0244;102.2137;-1.3740;-2.0764;105.3046;300.0;300.0;300.0;171.8
397.0;1.2843;1.2724;0.6731;0.1992;153;146;-0.0244;102.8626;-1.3969;-2.0544;106.1042;300.0;300.0;300.0;171.8
397.5;1.2853;1.2752;0.6786;0.0989;177;126;-0.1124;103.4733;-1.4122;-2.0544;106.1042;300.0;300.0;300.0;172.7
398.0;1.2857;1.2779;0.6305;0.0000;181;128;-0.0244;104.1221;-1.4351;-2.0325;106.9038;300.0;300.0;300.0;174.5
398.5;1.2862;1.2807;0.5302;0.0000;159;150;-0.1026;104.7328;-1.4580;-2.0105;107.7034;300.0;300.0;300.0;174.5
399.0;1.2875;1.2834;0.4093;0.0000;159;152;-0.0244;105.3817;-1.4809;-2.0105;108.5030;300.0;300.0;300.0;173.3
399.5;1.2885;1.2866;0.2308;0.0989;138;177;-0.0147;106.0305;-1.5038;-1.9885;109.3027;300.0;300.0;300.0;172.1
400.0;1.2898;1.2894;0.1140;0.1992;134;181;0.0733;106.6412;-1.5267;-1.9885;109.3027;300.0;300.0;300.0;171.8
400.5;1.2912;1.2921;0.0316;0.0000;196;120;-0.0049;107.2901;-1.5496;-1.9885;110.1023;300.0;300.0;300.0;174.5
401.0;1.2930;1.2949;0.0316;0.0989;136;181;-0.0049;107.9466;-1.5725;-1.9885;110.9019;300.0;300.0;300.0;173.0
401.5;1.2944;1.2976;0.1044;0.0989;157;159;-0.0049;108.5954;-1.5954;-1.9885;111.7015;300.0;300.0;300.0;173.0
402.0;1.2958;1.3004;0.1964;0.0989;159;159;-0.0929;109.2061;-1.6107;-1.9885;112.5011;300.0;300.0;300.0;173.0
402.5;1.2972;1.3031;0.2473;0.0000;183;138;-0.0147;109.8550;-1.6336;-1.9666;112.5011;300.0;300.0;300.0;173.6
403.0;1.2990;1.3059;0.2830;0.0989;142;179;-0.0147;110.5038;-1.6565;-1.9666;113.3007;300.0;300.0;300.0;173.0
403.5;1.3008;1.3086;0.3159;0.0000;183;138;-0.0929;111.1908;-1.6794;-1.9446;114.1003;300.0;300.0;300.0;173.3
404.0;1.3036;1.3114;0.2871;0.0000;161;155;0.0635;111.8855;-1.7023;-1.9446;114.8999;300.0;300.0;300.0;173.6
404.5;1.3059;1.3136;0.3159;0.0000;161;155;-0.0147;112.5344;-1.7252;-1.9446;115.6995;300.0;300.0;300.0;174.5
405.0;1.3082;1.3164;0.2486;0.0000;161;157;-0.0147;113.1832;-1.7481;-1.9226;116.4991;300.0;300.0;300.0;173.9
405.5;1.3104;1.3191;0.1896;0.0000;159;155;-0.0147;113.8321;-1.7710;-1.9226;116.4991;300.0;300.0;300.0;173.6
406.0;1.3123;1.3219;0.1236;0.0989;138;179;-0.0049;114.4809;-1.7939;-1.9226;117.2988;300.0;300.0;300.0;173.0
406.5;1.3150;1.3246;0.1168;0.0989;157;157;-0.0929;115.1756;-1.8168;-1.9226;118.0984;300.0;300.0;300.0;173.0
407.0;1.3187;1.3274;0.1236;0.0989;155;155;0.0733;115.8626;-1.8397;-1.9226;118.8980;300.0;300.0;300.0;172.1
407.5;1.3214;1.3297;0.0591;0.0000;175;136;-0.0049;116.5191;-1.8626;-1.9226;119.6976;300.0;300.0;300.0;174.5
408.0;1.3237;1.3324;0.0783;0.0989;136;177;-0.0049;117.1679;-1.8855;-1.9006;120.4972;300.0;300.0;300.0;173.0
408.5;1.3260;1.3352;0.0577;0.0989;153;157;-0.0049;117.8168;-1.9008;-1.9006;120.4972;300.0;300.0;300.0;172.7
409.0;1.3274;1.3379;0.1209;0.0989;155;157;-0.0049;118.4657;-1.9237;-1.9006;121.2968;300.0;300.0;300.0;172.1
409.5;1.3288;1.3402;0.1305;0.0989;157;159;-0.0049;119.1145;-1.9466;-1.9006;122.0964;300.0;300.0;300.0;172.7
410.0;1.3297;1.3429;0.2102;0.0989;161;159;-0.0147;119.7634;-1.9695;-1.9006;122.8960;300.0;300.0;300.0;172.7
410.5;1.3310;1.3457;0.1635;0.0000;185;140;-0.0929;120.4580;-1.9924;-1.9006;123.6956;300.0;300.0;300.0;173.3
411.0;1.3329;1.3480;0.1415;0.0000;163;161;-0.0147;121.1069;-2.0153;-1.8787;123.6956;300.0;300.0;300.0;173.6
411.5;1.3352;1.3507;0.0577;0.0000;161;161;0.0733;121.7939;-2.0382;-1.8787;124.4952;300.0;300.0;300.0;173.3
412.0;1.3370;1.3530;0.0371;0.0000;163;163;-0.0049;122.4504;-2.0534;-1.8787;125.2948;300.0;300.0;300.0;174.8
412.5;1.3384;1.3558;-0.0508;0.0989;142;185;-0.0831;123.1374;-2.0763;-1.8787;126.0945;300.0;300.0;300.0;173.0
413.0;1.3393;1.3581;-0.2198;0.0989;159;169;0.0831;123.7481;-2.0992;-1.9006;126.8941;300.0;300.0;300.0;173.0
413.5;1.3411;1.3608;-0.3297;0.1992;138;195;0.0831;124.4351;-2.1221;-1.9006;127.6937;300.0;300.0;300.0;171.8
414.0;1.3439;1.3631;-0.4725;0.1992;155;175;0.0147;125.1679;-2.1450;-1.9226;128.4933;300.0;300.0;300.0;171.8
414.5;1.3462;1.3658;-0.4918;0.0989;175;153;0.1711;125.9008;-2.1679;-1.9226;128.4933;300.0;300.0;300.0;172.1
415.0;1.3489;1.3681;-0.6250;0.0989;153;175;0.1026;126.5878;-2.1908;-1.9446;129.2929;300.0;300.0;300.0;172.1
415.5;1.3530;1.3709;-0.6456;0.1992;130;195;0.1026;127.3664;-2.2214;-1.9666;130.0925;300.0;300.0;300.0;171.3
416.0;1.3567;1.3732;-0.8008;0.3997;103;218;0.1808;128.0916;-2.2443;-1.9885;130.8921;300.0;300.0;300.0;170.1
416.5;1.3608;1.3755;-0.8324;0.1992;183;134;0.0244;128.8244;-2.2672;-2.0105;131.6917;300.0;300.0;300.0;171.3
417.0;1.3654;1.3782;-0.8352;0.3997;99;212;0.1906;129.5573;-2.2977;-2.0325;132.4913;300.0;300.0;300.0;169.2
417.5;1.3709;1.3805;-0.8791;0.5000;112;193;0.1026;130.3282;-2.3206;-2.0544;133.2909;300.0;300.0;300.0;168.6
418.0;1.3764;1.3828;-0.8791;0.5989;109;191;0.1906;131.0611;-2.3511;-2.0764;134.0906;300.0;300.0;300.0;167.7
418.5;1.3810;1.3855;-0.9643;0.5989;122;167;0.1124;131.8321;-2.3740;-2.1204;134.8902;300.0;300.0;300.0;167.4
419.0;1.3855;1.3878;-0.8750;0.5989;122;167;0.1906;132.5649;-2.4046;-2.1423;135.6898;300.0;300.0;300.0;167.4
419.5;1.3897;1.3901;-0.9025;0.6992;99;187;0.1906;133.2977;-2.4351;-2.1643;136.4894;300.0;300.0;300.0;166.9
420.0;1.3947;1.3924;-0.7843;0.5989;140;142;0.1026;134.0687;-2.4580;-2.1863;137.2890;300.0;300.0;300.0;167.2
420.5;1.3988;1.3951;-0.7157;0.6992;99;181;0.1026;134.7557;-2.4885;-2.2083;138.0886;300.0;300.0;300.0;166.3
421.0;1.4020;1.3974;-0.5893;0.6992;118;159;0.0929;135.4504;-2.5114;-2.2302;138.0886;300.0;300.0;300.0;166.3
421.5;1.4048;1.3997;-0.5082;0.6992;120;159;0.0929;136.1374;-2.5420;-2.2302;138.8882;300.0;300.0;300.0;166.3
422.0;1.4084;1.4020;-0.2981;0.5989;144;136;0.0831;136.9084;-2.5725;-2.2522;139.6878;300.0;300.0;300.0;167.4
422.5;1.4107;1.4043;-0.0275;0.6992;107;171;-0.0831;137.6031;-2.5954;-2.2522;140.4874;300.0;300.0;300.0;166.6
423.0;1.4116;1.4066;0.1772;0.6992;132;152;-0.0147;138.2519;-2.6260;-2.2522;141.2870;300.0;300.0;300.0;166.9
423.5;1.4125;1.4089;0.4245;0.6992;138;152;-0.0244;138.9008;-2.6489;-2.2302;142.0867;300.0;300.0;300.0;166.3
424.0;1.4130;1.4112;0.5783;0.6992;142;152;-0.1026;139.5878;-2.6718;-2.2083;142.8863;300.0;300.0;300.0;166.6
424.5;1.4148;1.4135;0.7843;0.5989;167;130;-0.0342;140.3206;-2.7023;-2.1863;142.8863;300.0;300.0;300.0;167.7
425.0;1.4162;1.4158;0.8077;0.5000;171;130;-0.1124;141.0153;-2.7328;-2.1643;143.6859;300.0;300.0;300.0;168.0
425.5;1.4176;1.4180;0.8764;0.5989;134;169;-0.1222;141.7023;-2.7557;-2.1423;144.4855;300.0;300.0;300.0;167.7
426.0;1.4199;1.4203;0.8365;0.6992;132;173;-0.0342;142.4351;-2.7786;-2.1204;145.2851;300.0;300.0;300.0;166.9
426.5;1.4222;1.4226;0.8049;0.5989;171;132;-0.1124;143.2061;-2.8092;-2.0984;146.0847;300.0;300.0;300.0;167.7
427.0;1.4258;1.4249;0.7486;0.5989;150;150;-0.0342;143.9389;-2.8397;-2.0764;146.8843;300.0;300.0;300.0;167.7
427.5;1.4295;1.4272;0.7088;0.5989;148;150;0.0538;144.7099;-2.8626;-2.0544;147.6839;300.0;300.0;300.0;167.7
428.0;1.4322;1.4295;0.6951;0.3997;187;107;-0.0342;145.4427;-2.8931;-2.0325;148.4835;300.0;300.0;300.0;169.5
428.5;1.4350;1.4318;0.5824;0.5000;126;167;-0.0244;146.1679;-2.9160;-2.0105;149.2831;300.0;300.0;300.0;168.9
429.0;1.4373;1.4341;0.6305;0.5000;146;148;0.1320;146.9008;-2.9389;-2.0105;150.0827;300.0;300.0;300.0;168.6
429.5;1.4391;1.4359;0.5440;0.5000;146;150;-0.0244;147.6336;-2.9695;-1.9885;150.8824;300.0;300.0;300.0;168.9
430.0;1.4409;1.4382;0.6456;0.5000;148;150;-0.0244;148.3664;-2.9924;-1.9666;151.6820;300.0;300.0;300.0;168.3
430.5;1.4437;1.4405;0.6277;0.3997;167;126;-0.1124;149.1374;-3.0153;-1.9446;152.4816;300.0;300.0;300.0;170.1
431.0;1.4469;1.4428;0.7610;0.5000;126;165;0.0538;149.9084;-3.0458;-1.9226;152.4816;300.0;300.0;300.0;168.9
431.5;1.4501;1.4446;0.7926;0.5000;146;144;-0.0342;150.6412;-3.0687;-1.9006;153.2812;300.0;300.0;300.0;168.3
432.0;1.4542;1.4469;0.8269;0.5000;146;142;-0.1124;151.4122;-3.0916;-1.8787;154.0808;300.0;300.0;300.0;168.0
432.5;1.4574;1.4492;0.8448;0.5000;144;140;-0.0342;152.1450;-3.1145;-1.8567;154.8804;300.0;300.0;300.0;168.0
433.0;1.4606;1.4510;0.8970;0.5000;144;138;0.0440;152.9160;-3.1450;-1.8347;155.6800;300.0;300.0;300.0;168.0
433.5;1.4647;1.4533;0.9918;0.5000;142;136;-0.1222;153.6870;-3.1679;-1.7908;156.4796;300.0;300.0;300.0;170.1
434.0;1.4679;1.4556;0.9245;0.3997;161;112;-0.1222;154.4580;-3.1908;-1.7688;157.2792;300.0;300.0;300.0;169.5
434.5;1.4707;1.4574;0.9931;0.2995;163;112;-0.0440;155.1908;-3.2137;-1.7468;158.0788;300.0;300.0;300.0;171.0
435.0;1.4730;1.4597;0.8791;0.1992;163;110;-0.0342;155.9237;-3.2366;-1.7248;158.8785;300.0;300.0;300.0;171.8
435.5;1.4753;1.4615;0.8503;0.0989;165;110;0.0440;156.6947;-3.2595;-1.7029;159.6781;300.0;300.0;300.0;172.7
436.0;1.4776;1.4638;0.7953;0.1992;124;153;-0.0342;157.4275;-3.2824;-1.6809;160.4777;300.0;300.0;300.0;171.3
436.5;1.4799;1.4657;0.7198;0.2995;120;153;-0.1124;158.1985;-3.2977;-1.6589;161.2773;300.0;300.0;300.0;171.0
437.0;1.4821;1.4679;0.6209;0.2995;142;138;-0.0244;158.9313;-3.3206;-1.6369;162.0769;300.0;300.0;300.0;170.4
437.5;1.4844;1.4698;0.4918;0.2995;138;138;0.0635;159.7023;-3.3435;-1.6150;162.8765;300.0;300.0;300.0;170.4
438.0;1.4876;1.4721;0.4547;0.2995;138;138;0.0635;160.4733;-3.3664;-1.6150;163.6761;300.0;300.0;300.0;170.4
438.5;1.4899;1.4739;0.3585;0.3997;114;159;-0.0147;161.2061;-3.3893;-1.5930;164.4757;300.0;300.0;300.0;170.1
439.0;1.4918;1.4762;0.3640;0.3997;134;140;0.0635;161.9771;-3.4046;-1.5930;165.2753;300.0;300.0;300.0;170.1
439.5;1.4940;1.4780;0.3324;0.2995;155;120;-0.0147;162.7099;-3.4275;-1.5710;166.0750;300.0;300.0;300.0;170.4
440.0;1.4950;1.4799;0.3407;0.3997;116;161;0.0635;163.4809;-3.4504;-1.5710;166.0750;300.0;300.0;300.0;170.1
440.5;1.4963;1.4821;0.3228;0.3997;138;144;0.0635;164.2519;-3.4656;-1.5490;166.8746;300.0;300.0;300.0;170.1
441.0;1.4977;1.4840;0.3640;0.3997;138;144;0.0635;165.0229;-3.4885;-1.5490;167.6742;300.0;300.0;300.0;169.5
441.5;1.4991;1.4858;0.3956;0.2995;161;122;0.0635;165.7939;-3.5114;-1.5271;168.4738;300.0;300.0;300.0;170.4
442.0;1.5005;1.4876;0.4423;0.3997;120;163;0.0635;166.5725;-3.5344;-1.5271;169.2734;300.0;300.0;300.0;170.1
442.5;1.5023;1.4899;0.4725;0.1992;183;103;0.0635;167.3435;-3.5496;-1.5051;170.0730;300.0;300.0;300.0;171.6
443.0;1.5041;1.4918;0.4492;0.2995;122;163;-0.0244;168.0687;-3.5725;-1.5051;170.8726;300.0;300.0;300.0;171.0
443.5;1.5055;1.4936;0.5440;0.2995;144;142;-0.0244;168.8015;-3.5878;-1.4831;171.6722;300.0;300.0;300.0;170.7
444.0;1.5069;1.4954;0.5508;0.2995;144;144;-0.0244;169.5343;-3.6107;-1.4612;172.4718;300.0;300.0;300.0;170.7
444.5;1.5082;1.4973;0.6305;0.1992;165;122;0.0538;170.3053;-3.6260;-1.4392;173.2714;300.0;300.0;300.0;170.7
445.0;1.5096;1.4995;0.6140;0.1992;148;142;-0.0244;171.0382;-3.6489;-1.4392;174.0710;300.0;300.0;300.0;171.6
445.5;1.5110;1.5014;0.6429;0.1992;148;142;0.0538;171.8092;-3.6641;-1.4172;174.8707;300.0;300.0;300.0;171.6
446.0;1.5114;1.5032;0.5604;0.1992;148;144;-0.0244;172.5420;-3.6794;-1.3952;175.6703;300.0;300.0;300.0;171.3
446.5;1.5128;1.5050;0.5742;0.1992;148;144;0.0538;173.3130;-3.7023;-1.3733;176.4699;300.0;300.0;300.0;171.3
447.0;1.5147;1.5069;0.5234;0.0989;169;124;0.0538;174.0840;-3.7176;-1.3733;177.2695;300.0;300.0;300.0;172.1
447.5;1.5151;1.5087;0.4835;0.1992;128;167;0.0635;174.8626;-3.7405;-1.3513;178.0691;300.0;300.0;300.0;171.8
448.0;1.5156;1.5105;0.4011;0.1992;148;150;-0.0147;175.5878;-3.7557;-1.3293;178.8687;300.0;300.0;300.0;171.6
448.5;1.5160;1.5124;0.2953;0.2995;128;175;0.0635;176.3664;-3.7710;-1.3293;179.6683;300.0;300.0;300.0;171.0
449.0;1.5169;1.5142;0.2912;0.0989;191;112;-0.0147;177.1756;-3.7939;-1.3293;180.4679;300.0;300.0;300.0;172.1
449.5;1.5174;1.5160;0.2596;0.1992;132;173;-0.0147;177.9084;-3.8092;-1.3073;181.2675;300.0;300.0;300.0;171.6
450.0;1.5183;1.5179;0.2486;0.0989;173;134;0.0635;178.6794;-3.8244;-1.3073;181.2675;300.0;300.0;300.0;172.1
450.5;1.5188;1.5197;0.2143;0.0989;153;153;-0.0147;179.4122;-3.8397;-1.3073;182.0671;300.0;300.0;300.0;173.0
451.0;1.5192;1.5211;0.3214;0.1992;134;177;0.0635;180.1832;-3.8626;-1.2854;182.8667;300.0;300.0;300.0;171.6
451.5;1.5201;1.5229;0.2788;0.0000;196;114;-0.0147;180.9160;-3.8779;-1.2854;183.6664;300.0;300.0;300.0;173.6
452.0;1.5206;1.5247;0.3571;0.0000;157;153;-0.0147;181.6488;-3.8931;-1.2854;184.4660;300.0;300.0;300.0;173.3
452.5;1.5215;1.5266;0.3269;0.0989;138;175;-0.0929;182.4198;-3.9084;-1.2634;185.2656;300.0;300.0;300.0;172.7
453.0;1.5215;1.5284;0.2898;0.1992;138;179;-0.0147;183.1527;-3.9237;-1.2634;186.0652;300.0;300.0;300.0;171.8
453.5;1.5215;1.5298;0.2940;0.1992;159;159;-0.0147;183.8779;-3.9389;-1.2414;186.8648;300.0;300.0;300.0;171.6
454.0;1.5215;1.5316;0.2527;0.1992;161;163;-0.0147;184.6107;-3.9542;-1.2414;187.6644;300.0;300.0;300.0;171.6
454.5;1.5229;1.5334;0.2967;0.0000;202;118;-0.0147;185.4275;-3.9771;-1.2414;188.4640;300.0;300.0;300.0;174.5
455.0;1.5238;1.5353;0.2761;0.0989;142;181;-0.0147;186.1603;-3.9924;-1.2194;189.2636;300.0;300.0;300.0;173.0
455.5;1.5252;1.5366;0.3063;0.0989;163;159;-0.0929;186.9313;-4.0076;-1.2194;190.0632;300.0;300.0;300.0;172.7
456.0;1.5270;1.5385;0.2459;0.0000;183;138;-0.0147;187.7405;-4.0229;-1.2194;190.8629;300.0;300.0;300.0;174.8
456.5;1.5293;1.5398;0.2651;0.0000;159;155;0.0635;188.5115;-4.0382;-1.1975;191.6625;300.0;300.0;300.0;173.3
457.0;1.5311;1.5417;0.1635;0.0989;138;179;0.0733;189.2901;-4.0534;-1.1975;192.4621;300.0;300.0;300.0;172.7
457.5;1.5334;1.5435;0.2088;0.1992;136;177;-0.0147;190.0992;-4.0687;-1.1975;193.2617;300.0;300.0;300.0;171.6
458.0;1.5353;1.5449;0.2788;0.0989;177;136;0.0635;190.8702;-4.0840;-1.1755;194.0613;300.0;300.0;300.0;172.1
458.5;1.5371;1.5467;0.3159;0.0989;157;153;-0.0929;191.6412;-4.1069;-1.1755;194.8609;300.0;300.0;300.0;172.1
459.0;1.5389;1.5481;0.3503;0.0989;155;153;-0.0147;192.4580;-4.1221;-1.1535;195.6605;300.0;300.0;300.0;172.7
459.5;1.5398;1.5499;0.3516;0.0989;157;153;-0.0147;193.1908;-4.1374;-1.1535;196.4601;300.0;300.0;300.0;172.1
460.0;1.5394;1.5513;0.4299;0.0000;181;134;-0.0244;193.9160;-4.1527;-1.1315;197.2597;300.0;300.0;300.0;173.9
460.5;1.5398;1.5531;0.3338;0.0989;140;179;-0.0147;194.7328;-4.1679;-1.1315;198.0593;300.0;300.0;300.0;173.0
461.0;1.5398;1.5545;0.3640;0.0989;161;159;-0.0147;195.4657;-4.1756;-1.1315;198.0593;300.0;300.0;300.0;173.0
461.5;1.5403;1.5563;0.2157;0.0989;161;163;-0.0929;196.2366;-4.1908;-1.1096;198.8589;300.0;300.0;300.0;173.0
462.0;1.5403;1.5577;0.1374;0.0989;161;163;-0.0049;196.9695;-4.2061;-1.1096;199.6586;300.0;300.0;300.0;172.7
462.5;1.5408;1.5591;0.1209;0.0989;163;165;0.0733;197.7405;-4.2214;-1.1096;200.4582;300.0;300.0;300.0;172.7
463.0;1.5421;1.5609;0.0756;0.0989;161;167;-0.0049;198.5496;-4.2366;-1.1096;201.2578;300.0;300.0;300.0;172.7
463.5;1.5440;1.5623;0.0330;0.1992;140;187;-0.0049;199.3664;-4.2519;-1.1096;202.0574;300.0;300.0;300.0;171.8
464.0;1.5453;1.5636;-0.0742;0.0000;198;126;0.0831;200.1374;-4.2672;-1.1096;202.8570;300.0;300.0;300.0;173.6
464.5;1.5462;1.5655;-0.0797;0.0989;140;187;-0.0831;200.9084;-4.2824;-1.1096;203.6566;300.0;300.0;300.0;172.7
465.0;1.5476;1.5668;-0.1415;0.0000;179;148;0.0831;201.7634;-4.2977;-1.1096;204.4562;300.0;300.0;300.0;173.9
465.5;1.5485;1.5682;0.0041;0.0989;140;187;-0.0049;202.4962;-4.3130;-1.1096;205.2558;300.0;300.0;300.0;172.7
466.0;1.5495;1.5696;0.0343;0.0989;161;165;-0.0831;203.2672;-4.3282;-1.1096;206.0554;300.0;300.0;300.0;173.0
466.5;1.5504;1.5710;0.1346;0.1992;142;187;0.0733;204.0382;-4.3435;-1.1096;206.8550;300.0;300.0;300.0;171.6
467.0;1.5513;1.5728;0.1607;0.0989;183;146;0.0733;204.8092;-4.3588;-1.1096;207.6547;300.0;300.0;300.0;172.7
467.5;1.5527;1.5742;0.1868;0.0989;163;165;-0.0147;205.6260;-4.3740;-1.0876;208.4543;300.0;300.0;300.0;172.7
468.0;1.5540;1.5755;0.2569;0.0989;163;163;-0.0147;206.3588;-4.3893;-1.0876;209.2539;300.0;300.0;300.0;172.1
468.5;1.5536;1.5769;0.2335;0.1992;144;187;0.0635;207.1298;-4.4046;-1.0876;210.0535;300.0;300.0;300.0;171.6
469.0;1.5536;1.5783;0.2445;0.0989;187;148;-0.0147;207.8626;-4.4122;-1.0656;210.8531;300.0;300.0;300.0;172.1
469.5;1.5545;1.5797;0.1552;0.1992;146;191;-0.0147;208.6718;-4.4275;-1.0656;211.6527;300.0;300.0;300.0;171.6
470.0;1.5545;1.5810;0.1429;0.2995;146;193;-0.0147;209.4046;-4.4427;-1.0656;212.4523;300.0;300.0;300.0;171.0
470.5;1.5554;1.5824;0.0481;0.0989;206;132;0.0733;210.2595;-4.4580;-1.0656;213.2519;300.0;300.0;300.0;172.7
471.0;1.5563;1.5838;0.0769;0.1992;148;193;-0.0929;211.0305;-4.4733;-1.0656;214.0515;300.0;300.0;300.0;171.8
471.5;1.5586;1.5852;0.0577;0.0989;185;150;0.0733;211.8855;-4.4885;-1.0656;214.8512;300.0;300.0;300.0;173.0
472.0;1.5609;1.5865;0.0920;0.0000;185;146;-0.0049;212.6947;-4.5038;-1.0656;215.6508;300.0;300.0;300.0;174.5
472.5;1.5641;1.5879;0.0632;0.0989;144;187;-0.0049;213.5115;-4.5191;-1.0656;216.4504;300.0;300.0;300.0;173.0
473.0;1.5664;1.5893;0.0371;0.0000;181;144;-0.0049;214.3206;-4.5344;-1.0656;217.2500;300.0;300.0;300.0;173.3
473.5;1.5687;1.5907;0.1813;0.0989;142;181;-0.0147;215.1374;-4.5496;-1.0436;218.0496;300.0;300.0;300.0;172.1
474.0;1.5714;1.5920;0.2143;0.1992;140;181;-0.0929;215.9924;-4.5649;-1.0436;218.8492;273.0;300.0;300.0;171.8
474.5;1.5737;1.5929;0.3503;0.2995;138;177;-0.1026;216.7634;-4.5802;-1.0436;219.6488;256.0;300.0;300.0;171.0
475.0;1.5755;1.5943;0.3723;0.2995;157;155;-0.1026;217.5343;-4.5954;-1.0217;220.4484;246.3;300.0;300.0;170.4
475.5;1.5783;1.5957;0.4409;0.3997;136;175;-0.1026;218.3893;-4.6107;-1.0217;221.2480;236.1;300.0;300.0;170.1
476.0;1.5806;1.5971;0.4299;0.5000;134;175;-0.1026;219.2366;-4.6260;-0.9997;222.0476;232.6;300.0;300.0;168.9
476.5;1.5829;1.5984;0.5041;0.3997;175;132;-0.0244;220.0534;-4.6336;-0.9777;222.8472;225.5;300.0;300.0;170.1
477.0;1.5865;1.5994;0.5220;0.5000;132;171;-0.1026;220.9084;-4.6489;-0.9777;223.6469;219.1;300.0;300.0;168.3
477.5;1.5902;1.6007;0.4341;0.5989;126;169;-0.1026;221.7634;-4.6641;-0.9557;224.4465;212.6;300.0;300.0;167.7
478.0;1.5934;1.6021;0.3887;0.5000;165;128;-0.0147;222.5725;-4.6794;-0.9557;225.2461;207.3;300.0;300.0;168.0
478.5;1.5966;1.6030;0.2761;0.5989;120;167;-0.0929;223.4275;-4.6947;-0.9338;226.0457;203.2;300.0;300.0;166.9
479.0;1.5989;1.6044;0.2720;0.7995;99;191;0.1515;224.2366;-4.7023;-0.9338;226.8453;201.2;300.0;300.0;163.6
479.5;1.6012;1.6058;0.2349;1.0000;95;193;0.0635;225.0916;-4.7176;-0.9338;228.4445;197.1;300.0;300.0;161.9
480.0;1.6035;1.6067;0.3049;1.1992;93;195;-0.0147;225.9084;-4.7328;-0.9118;229.2441;195.6;300.0;300.0;160.4
480.5;1.6053;1.6081;0.3544;1.3997;91;196;0.0635;226.7634;-4.7481;-0.9118;230.0437;191.8;300.0;300.0;158.1
481.0;1.6067;1.6090;0.4533;1.5989;91;198;-0.0244;227.5725;-4.7557;-0.8898;230.8433;188.3;300.0;300.0;158.1
481.5;1.6094;1.6103;0.5096;1.6992;107;179;0.0635;228.4275;-4.7710;-0.8679;231.6429;187.4;300.0;300.0;156.0
482.0;1.6122;1.6113;0.6813;1.8997;87;198;0.0538;229.2824;-4.7863;-0.8679;232.4426;184.8;300.0;300.0;154.0
482.5;1.6149;1.6126;0.8516;2.0989;83;196;-0.1124;230.1298;-4.7939;-0.8239;233.2422;182.4;300.0;300.0;152.5
483.0;1.6172;1.6136;1.0481;2.1992;103;177;0.0342;230.9847;-4.8092;-0.8019;234.0418;181.5;300.0;300.0;151.9
483.5;1.6195;1.6149;1.2734;2.2995;103;175;0.1124;231.8015;-4.8168;-0.7580;234.8414;178.9;300.0;300.0;150.4
484.0;1.6227;1.6158;1.4519;2.2995;122;152;0.0244;232.6565;-4.8321;-0.7360;235.6410;178.0;300.0;300.0;150.4
484.5;1.6255;1.6172;1.6772;2.2995;124;148;0.0147;233.5038;-4.8397;-0.6701;236.4406;176.5;300.0;300.0;150.4
485.0;1.6282;1.6181;1.7967;2.0989;165;103;0.0147;234.3588;-4.8473;-0.6261;237.2402;176.8;300.0;300.0;152.5
485.5;1.6305;1.6190;1.9464;2.1992;107;159;0.0929;235.1756;-4.8550;-0.5602;238.0398;175.7;300.0;300.0;151.3
486.0;1.6332;1.6204;1.9890;2.1992;124;140;0.0049;236.0305;-4.8626;-0.5163;238.8394;174.5;300.0;300.0;151.3
486.5;1.6360;1.6213;2.0838;2.1992;124;138;0.0049;236.8779;-4.8702;-0.4503;239.6391;174.2;300.0;300.0;151.3
487.0;1.6378;1.6223;2.1140;2.1992;122;136;0.0049;237.6565;-4.8779;-0.3844;240.4387;174.2;300.0;300.0;151.9
487.5;1.6392;1.6236;2.1662;2.0000;165;95;-0.0049;238.5038;-4.8855;-0.3405;241.2383;173.9;300.0;300.0;153.7
488.0;1.6410;1.6245;2.1442;1.7995;169;93;-0.0733;239.3206;-4.8855;-0.2746;242.0379;174.5;300.0;300.0;158.4
488.5;1.6429;1.6255;2.1387;1.5989;169;91;0.0049;240.1756;-4.8931;-0.2086;242.8375;174.8;300.0;300.0;162.5
489.0;1.6447;1.6264;2.1580;1.3997;173;87;-0.0831;240.9847;-4.8931;-0.1427;243.6371;173.6;300.0;300.0;167.4
489.5;1.6461;1.6273;2.1593;1.1992;175;83;-0.0049;241.8397;-4.8931;-0.0768;244.4367;173.0;300.0;300.0;174.8
490.0;1.6474;1.6287;2.2157;1.0000;179;81;-0.0831;242.6565;-4.8931;-0.0109;246.0359;171.8;300.0;300.0;204.7
490.5;1.6502;1.6296;2.1827;0.7995;181;77;-0.0831;243.5496;-4.8931;0.0331;246.8355;173.0;300.0;300.0;230.8
491.0;1.6534;1.6305;2.1868;0.5989;181;73;-0.0831;244.4427;-4.8931;0.0990;247.6351;172.4;300.0;300.0;300.0
491.5;1.6561;1.6314;2.1140;0.3997;181;69;-0.0831;245.2519;-4.8931;0.1649;248.4348;173.0;300.0;300.0;300.0
492.0;1.6584;1.6323;2.0948;0.1992;183;65;-0.1613;246.1069;-4.8855;0.2308;249.2344;173.0;300.0;300.0;300.0
492.5;1.6593;1.6332;2.0838;0.0000;185;64;-0.1613;246.8779;-4.8855;0.2748;250.0340;173.6;300.0;300.0;300.0
493.0;1.6607;1.6342;2.0014;0.0000;146;103;-0.1515;247.7328;-4.8779;0.3407;250.8336;172.4;300.0;300.0;300.0
493.5;1.6621;1.6351;1.8132;0.0000;144;105;-0.1515;248.5878;-4.8779;0.3847;251.6332;172.4;300.0;300.0;300.0
494.0;1.6630;1.6360;1.5179;0.0000;140;109;-0.1417;249.4427;-4.8702;0.4286;252.4328;172.4;300.0;300.0;300.0
494.5;1.6639;1.6369;1.3118;0.0000;138;112;0.0342;250.2672;-4.8626;0.4726;253.2324;173.0;300.0;300.0;300.0
495.0;1.6653;1.6378;1.0069;0.0000;136;116;-0.0440;250.2672;-4.8550;0.4945;254.0320;173.6;300.0;300.0;300.0
495.5;1.6662;1.6387;0.8118;0.0000;132;118;0.0440;250.2672;-4.8473;0.5165;254.8316;174.2;300.0;300.0;300.0
496.0;1.6676;1.6397;0.5179;0.0000;128;122;0.0538;250.2672;-4.8397;0.5385;255.6312;174.8;300.0;300.0;300.0
496.5;1.6680;1.6406;0.2321;0.0000;124;126;-0.0147;250.2672;-4.8321;0.5385;256.4308;174.2;300.0;300.0;300.0
497.0;1.6676;1.6415;0.0220;0.0000;124;128;0.0733;250.2672;-4.8244;0.5385;257.2305;175.4;300.0;300.0;300.0
497.5;1.6671;1.6419;-0.0893;0.0000;124;132;-0.0049;250.2672;-4.8168;0.5385;258.0301;174.5;300.0;300.0;300.0
498.0;1.6667;1.6429;-0.0714;0.0000;126;134;0.0831;250.2672;-4.8092;0.5385;258.8297;174.5;300.0;300.0;300.0
498.5;1.6658;1.6438;-0.0687;0.0000;128;134;-0.0049;250.2672;-4.8015;0.5385;259.6293;173.9;300.0;300.0;300.0
499.0;1.6644;1.6447;-0.0179;0.0000;132;136;-0.0049;250.2672;-4.7939;0.5385;260.4289;173.6;300.0;300.0;300.0
499.5;1.6630;1.6456;-0.0426;-0.1003;153;118;0.0733;250.2672;-4.7863;0.5385;261.2285;173.3;300.0;300.0;300.0
500.0;1.6616;1.6461;0.0975;0.0000;118;157;0.0733;250.2672;-4.7786;0.5385;262.0281;174.5;300.0;300.0;300.0
500.5;1.6603;1.6470;0.0398;0.0000;140;144;0.0733;250.2672;-4.7710;0.5385;262.8277;173.6;300.0;300.0;300.0
501.0;1.6589;1.6479;0.1497;0.0000;142;142;-0.0147;250.2672;-4.7634;0.5385;263.6273;174.8;300.0;300.0;300.0
501.5;1.6566;1.6484;0.1195;-0.1003;165;124;-0.0049;250.2672;-4.7557;0.5605;264.4269;173.0;300.0;300.0;300.0
502.0;1.6552;1.6493;0.0453;0.0000;126;169;-0.0049;250.2672;-4.7405;0.5605;265.2266;175.4;300.0;300.0;300.0
502.5;1.6525;1.6502;0.0027;0.0000;150;152;0.0733;250.2672;-4.7328;0.5605;266.0262;174.8;300.0;300.0;300.0
503.0;1.6497;1.6506;0.0124;0.0000;152;155;0.0733;250.2672;-4.7252;0.5605;266.8258;174.2;300.0;300.0;300.0
503.5;1.6479;1.6516;0.1456;-0.1003;177;136;0.0733;250.2672;-4.7176;0.5605;267.6254;172.7;300.0;300.0;300.0
504.0;1.6456;1.6520;0.1332;-0.1003;159;157;0.0733;250.2672;-4.7099;0.5605;268.4250;172.7;300.0;300.0;300.0
504.5;1.6429;1.6529;0.2555;-0.1003;163;157;-0.0147;250.2672;-4.7023;0.5605;269.2246;173.0;300.0;300.0;300.0
505.0;1.6406;1.6534;0.2541;-0.2005;187;140;-0.0929;250.2672;-4.6947;0.5824;270.0242;171.8;300.0;300.0;300.0
505.5;1.6387;1.6543;0.3407;-0.3008;191;138;-0.0147;250.2672;-4.6870;0.5824;270.8238;171.3;300.0;300.0;300.0
506.0;1.6378;1.6548;0.3242;-0.3008;171;159;-0.0147;250.2672;-4.6794;0.6044;271.6234;171.3;300.0;300.0;300.0
506.5;1.6374;1.6557;0.4121;-0.2005;152;179;-0.0147;250.2672;-4.6718;0.6044;273.2227;171.8;300.0;300.0;300.0
507.0;1.6369;1.6561;0.3599;-0.2005;169;157;-0.1026;250.2672;-4.6641;0.6264;274.0223;172.4;300.0;300.0;300.0
507.5;1.6364;1.6571;0.2788;-0.3008;191;140;-0.0147;250.2672;-4.6489;0.6264;274.8219;171.3;300.0;300.0;300.0
508.0;1.6369;1.6575;0.2212;-0.2005;148;179;-0.0929;250.2672;-4.6412;0.6264;275.6215;171.8;300.0;300.0;300.0
508.5;1.6378;1.6580;0.1635;-0.1003;144;177;-0.0147;250.2672;-4.6336;0.6264;276.4211;173.0;300.0;300.0;300.0
509.0;1.6387;1.6589;0.1813;-0.2005;183;136;-0.0147;250.2672;-4.6260;0.6484;277.2207;172.1;300.0;300.0;300.0
509.5;1.6392;1.6593;0.1470;-0.1003;140;177;-0.0147;250.2672;-4.6107;0.6484;278.0203;172.4;300.0;300.0;300.0
510.0;1.6397;1.6598;0.1566;-0.3008;200;114;0.0733;250.2672;-4.6031;0.6484;278.8199;171.0;300.0;300.0;300.0
510.5;1.6410;1.6603;0.1044;-0.3008;159;152;-0.0929;250.2672;-4.5954;0.6484;279.6195;170.7;300.0;300.0;300.0
511.0;1.6419;1.6612;0.1387;-0.4011;181;128;-0.0049;250.2672;-4.5878;0.6484;280.4192;170.1;300.0;300.0;300.0
511.5;1.6433;1.6616;0.1360;-0.4011;159;148;-0.0929;250.2672;-4.5725;0.6703;281.2188;169.8;300.0;300.0;300.0
512.0;1.6442;1.6621;0.1538;-0.3008;138;167;-0.0147;250.2672;-4.5649;0.6703;282.0184;171.3;300.0;300.0;300.0
512.5;1.6456;1.6625;0.0865;-0.2005;134;167;-0.0929;250.2672;-4.5573;0.6703;282.8180;172.1;300.0;300.0;300.0
513.0;1.6465;1.6635;0.0137;-0.4011;195;107;-0.0049;250.2672;-4.5420;0.6703;283.6176;170.4;300.0;300.0;300.0
513.5;1.6470;1.6639;-0.0591;-0.4011;155;148;-0.0049;250.2672;-4.5344;0.6703;284.4172;170.4;300.0;300.0;300.0
514.0;1.6474;1.6644;-0.1099;-0.4011;153;148;0.0831;250.2672;-4.5267;0.6703;285.2168;169.8;300.0;300.0;300.0
514.5;1.6474;1.6648;-0.1140;-0.4011;155;148;-0.0049;250.2672;-4.5191;0.6703;286.0164;169.8;300.0;300.0;300.0
515.0;1.6484;1.6653;-0.1690;-0.5000;175;126;0.0831;250.2672;-4.5038;0.6484;286.8160;168.9;300.0;300.0;300.0
515.5;1.6488;1.6658;-0.1772;-0.5000;153;146;0.0049;250.2672;-4.4962;0.6484;287.6156;169.2;300.0;300.0;300.0
516.0;1.6497;1.6662;-0.2212;-0.5000;153;148;0.0831;250.2672;-4.4885;0.6484;288.4153;168.9;300.0;300.0;300.0
516.5;1.6502;1.6667;-0.1772;-0.3008;110;189;0.0049;250.2672;-4.4733;0.6484;289.2148;172.1;300.0;300.0;300.0
517.0;1.6516;1.6671;-0.1484;-0.3008;150;148;0.0049;250.2672;-4.4656;0.6264;290.8141;171.3;300.0;300.0;300.0
517.5;1.6529;1.6676;-0.1113;-0.4011;171;124;-0.0049;250.2672;-4.4580;0.6264;291.6137;170.4;300.0;300.0;300.0
518.0;1.6538;1.6680;-0.1181;-0.3008;128;165;-0.0049;250.2672;-4.4504;0.6264;292.4133;171.3;300.0;300.0;300.0
518.5;1.6548;1.6685;-0.1223;-0.3008;148;146;-0.0049;250.2672;-4.4351;0.6264;293.2129;171.0;300.0;300.0;300.0
519.0;1.6557;1.6690;-0.0948;-0.4011;169;124;0.0831;250.2672;-4.4275;0.6264;294.0125;170.4;300.0;300.0;300.0
519.5;1.6566;1.6694;-0.1113;-0.4011;148;142;-0.0049;250.2672;-4.4198;0.6264;294.8121;169.8;300.0;300.0;300.0
520.0;1.6575;1.6694;-0.0975;-0.3008;126;161;0.0831;250.2672;-4.4122;0.6264;295.6117;171.0;300.0;300.0;300.0
520.5;1.6580;1.6699;-0.1332;-0.3008;146;144;-0.0049;250.2672;-4.4046;0.6044;296.4113;170.7;300.0;300.0;300.0
521.0;1.6589;1.6703;-0.1456;-0.2005;122;163;0.0831;250.2672;-4.3893;0.6044;297.2109;171.8;300.0;300.0;300.0
521.5;1.6593;1.6708;-0.1731;-0.3008;163;124;0.0049;250.2672;-4.3817;0.6044;298.0106;170.7;300.0;300.0;300.0
522.0;1.6593;1.6712;-0.1662;-0.3008;146;144;0.0049;250.2672;-4.3740;0.6044;298.8102;171.3;300.0;300.0;300.0
522.5;1.6593;1.6712;-0.1497;-0.3008;146;144;0.0049;250.2672;-4.3664;0.6044;299.6098;170.7;300.0;300.0;300.0
523.0;1.6593;1.6717;-0.1236;-0.4011;167;122;-0.0049;250.2672;-4.3588;0.5824;300.4094;170.4;300.0;300.0;300.0
523.5;1.6593;1.6722;-0.1099;-0.4011;150;142;-0.0049;250.2672;-4.3511;0.5824;301.2090;169.8;300.0;300.0;300.0
524.0;1.6593;1.6722;-0.1181;-0.3008;128;163;-0.0049;250.2672;-4.3435;0.5824;302.0086;171.3;300.0;300.0;300.0
524.5;1.6589;1.6726;-0.1209;-0.3008;150;146;-0.0049;250.2672;-4.3282;0.5824;302.8082;171.3;300.0;300.0;300.0
525.0;1.6584;1.6731;-0.1401;-0.1003;109;187;0.0049;250.2672;-4.3206;0.5824;303.6078;172.4;300.0;300.0;300.0
525.5;1.6584;1.6731;-0.1593;-0.3008;191;109;0.0049;250.2672;-4.3130;0.5824;304.4074;170.4;300.0;300.0;300.0
526.0;1.6580;1.6735;-0.1305;-0.4011;173;126;0.0831;250.2672;-4.3053;0.5605;305.2071;170.4;300.0;300.0;300.0
526.5;1.6589;1.6740;-0.1181;-0.3008;134;165;-0.1613;250.2672;-4.2977;0.5605;306.0067;171.3;300.0;300.0;300.0
527.0;1.6607;1.6740;-0.0728;-0.3008;152;142;-0.0831;250.2672;-4.2901;0.5605;307.6059;171.3;300.0;300.0;300.0
527.5;1.6621;1.6745;-0.0371;-0.4011;171;118;-0.1711;250.2672;-4.2824;0.5605;308.4055;169.8;300.0;300.0;300.0
528.0;1.6644;1.6745;-0.0110;-0.3008;128;155;-0.1711;250.2672;-4.2672;0.5605;309.2051;170.7;300.0;300.0;300.0
528.5;1.6662;1.6749;-0.0330;-0.4011;167;112;-0.0831;250.2672;-4.2595;0.5605;310.0047;169.5;300.0;300.0;300.0
529.0;1.6685;1.6749;-0.0385;-0.4011;146;132;-0.0831;250.2672;-4.2519;0.5605;310.8043;169.8;300.0;300.0;300.0
529.5;1.6699;1.6749;-0.0014;-0.4011;144;128;-0.0049;250.2672;-4.2443;0.5605;311.6039;169.8;300.0;300.0;300.0
530.0;1.6722;1.6754;0.0577;-0.4011;144;126;-0.1711;250.2672;-4.2366;0.5605;312.4035;169.8;300.0;300.0;300.0
530.5;1.6754;1.6754;0.1374;-0.5000;161;101;-0.0929;250.2672;-4.2290;0.5605;313.2032;169.2;300.0;300.0;300.0
531.0;1.6795;1.6758;0.1868;-0.4011;116;136;-0.0929;250.2672;-4.2137;0.5824;314.8024;169.8;300.0;300.0;300.0
531.5;1.6836;1.6758;0.1951;-0.4011;132;112;-0.0929;250.2672;-4.2061;0.5824;315.6020;169.8;300.0;300.0;300.0
532.0;1.6873;1.6758;0.1772;-0.3008;107;128;-0.0147;250.2672;-4.1985;0.5824;316.4016;170.7;300.0;300.0;300.0
532.5;1.6905;1.6763;0.1415;-0.4011;144;87;-0.0929;250.2672;-4.1908;0.5824;317.2012;170.4;300.0;300.0;300.0
533.0;1.6937;1.6763;0.1030;-0.4011;122;105;-0.0049;250.2672;-4.1756;0.5824;318.0008;170.1;300.0;300.0;300.0
533.5;1.6960;1.6763;0.0330;-0.4011;118;105;-0.0049;250.2672;-4.1679;0.5824;318.8004;170.4;300.0;300.0;300.0
534.0;1.6987;1.6763;-0.0110;-0.5000;138;83;-0.0049;250.2672;-4.1603;0.5824;319.6000;168.9;300.0;300.0;300.0
534.5;1.7005;1.6767;-0.0426;-0.5000;116;101;-0.0831;250.2672;-4.1527;0.5824;320.3996;168.9;300.0;300.0;300.0
535.0;1.7033;1.6767;-0.0055;-0.6003;136;79;-0.0831;250.2672;-4.1374;0.5824;321.9988;168.0;300.0;300.0;300.0
535.5;1.7042;1.6767;0.0316;-0.5000;97;118;-0.0831;250.2672;-4.1298;0.5824;322.7985;169.2;300.0;300.0;300.0
536.0;1.7047;1.6767;0.0192;-0.5000;118;101;-0.0831;250.2672;-4.1221;0.5824;323.5981;168.6;300.0;300.0;300.0
536.5;1.7051;1.6767;0.0316;-0.6003;138;79;-0.0049;250.2672;-4.1145;0.5824;324.3977;168.3;300.0;300.0;300.0
537.0;1.7047;1.6767;-0.0110;-0.6003;120;103;0.0733;250.2672;-4.1069;0.5824;325.1973;168.0;300.0;300.0;300.0
537.5;1.7042;1.6767;-0.0742;-0.4011;79;146;-0.0049;250.2672;-4.0992;0.5824;325.9969;169.5;300.0;300.0;300.0
538.0;1.7038;1.6772;-0.1717;-0.5000;140;89;0.0049;250.2672;-4.0916;0.5824;326.7965;168.9;300.0;300.0;300.0
538.5;1.7019;1.6772;-0.2253;-0.4011;101;134;0.0831;250.2672;-4.0763;0.5824;327.5961;169.8;300.0;300.0;300.0
539.0;1.7005;1.6772;-0.2788;-0.5000;142;95;0.0049;250.2672;-4.0687;0.5605;328.3957;169.2;300.0;300.0;300.0
539.5;1.7001;1.6772;-0.2994;-0.4011;103;138;0.0049;250.2672;-4.0611;0.5605;329.1953;169.8;300.0;300.0;300.0
540.0;1.6996;1.6772;-0.3049;-0.6003;163;77;0.0049;250.2672;-4.0534;0.5605;329.9950;168.3;300.0;300.0;300.0
540.5;1.6992;1.6772;-0.3063;-0.5000;105;138;0.0831;250.2672;-4.0458;0.5385;330.7946;168.6;300.0;300.0;300.0
541.0;1.6983;1.6767;-0.3091;-0.6003;146;99;0.0049;250.2672;-4.0382;0.5385;331.5942;168.3;300.0;300.0;300.0
541.5;1.6973;1.6767;-0.2651;-0.6003;128;118;0.0831;250.2672;-4.0305;0.5165;332.3938;168.3;300.0;300.0;300.0
542.0;1.6955;1.6767;-0.2747;-0.6003;128;120;0.0831;250.2672;-4.0229;0.5165;333.1934;169.2;300.0;300.0;300.0
542.5;1.6932;1.6767;-0.2582;-0.5000;109;142;0.0831;250.2672;-4.0153;0.5165;333.9930;168.6;300.0;300.0;300.0
543.0;1.6918;1.6767;-0.2555;-0.5000;132;124;0.0049;250.2672;-4.0076;0.4945;334.7926;168.6;300.0;300.0;300.0
543.5;1.6909;1.6767;-0.2376;-0.5000;132;124;0.0049;250.2672;-4.0000;0.4945;335.5922;169.2;300.0;300.0;300.0
544.0;1.6891;1.6767;-0.2596;-0.4011;112;148;0.0831;250.2672;-3.9924;0.4945;336.3918;169.8;300.0;300.0;300.0
544.5;1.6877;1.6763;-0.2404;-0.4011;132;128;0.0049;250.2672;-3.9847;0.4945;337.1914;169.8;300.0;300.0;300.0
545.0;1.6864;1.6763;-0.2473;-0.4011;134;128;0.0831;250.2672;-3.9771;0.4726;337.9911;170.4;300.0;300.0;300.0
545.5;1.6850;1.6763;-0.3091;-0.4011;134;132;0.0049;250.2672;-3.9695;0.4726;338.7906;170.4;300.0;300.0;300.0
546.0;1.6841;1.6763;-0.3310;-0.3008;112;152;0.0049;250.2672;-3.9618;0.4506;340.3899;170.7;300.0;300.0;300.0
546.5;1.6836;1.6758;-0.3709;-0.5000;175;91;0.0049;250.2672;-3.9542;0.4506;341.1895;169.2;300.0;300.0;300.0
547.0;1.6832;1.6758;-0.3764;-0.5000;136;128;-0.0733;250.2672;-3.9542;0.4286;341.9891;169.2;300.0;300.0;300.0
547.5;1.6832;1.6758;-0.4121;-0.4011;112;150;-0.0733;250.2672;-3.9466;0.4286;342.7887;169.8;300.0;300.0;300.0
548.0;1.6827;1.6754;-0.4052;-0.3008;110;150;0.0929;250.2672;-3.9389;0.4066;343.5883;170.7;300.0;300.0;300.0
548.5;1.6818;1.6754;-0.4244;-0.5000;171;89;0.0147;250.2672;-3.9313;0.4066;344.3879;169.2;300.0;300.0;300.0
549.0;1.6799;1.6749;-0.3915;-0.4011;114;150;0.0049;250.2672;-3.9237;0.3847;345.1875;169.8;300.0;300.0;300.0
549.5;1.6777;1.6749;-0.3008;-0.5000;157;110;-0.0733;250.2672;-3.9237;0.3847;345.9872;169.2;300.0;300.0;300.0
550.0;1.6745;1.6749;-0.2143;-0.5000;142;134;0.0049;250.2672;-3.9160;0.3847;346.7867;168.9;300.0;300.0;300.0
550.5;1.6717;1.6745;-0.1635;-0.6003;165;112;0.0049;250.2672;-3.9084;0.3627;347.5864;168.3;300.0;300.0;300.0
551.0;1.6676;1.6745;-0.1401;-0.6003;152;138;-0.0831;250.2672;-3.9008;0.3627;348.3860;168.3;300.0;300.0;300.0
551.5;1.6644;1.6740;-0.1442;-0.6003;153;140;0.0049;250.2672;-3.9008;0.3627;349.1856;167.7;300.0;300.0;300.0
552.0;1.6612;1.6740;-0.1387;-0.6003;155;142;-0.0049;250.2672;-3.8931;0.3627;349.9852;168.0;300.0;300.0;300.0
552.5;1.6589;1.6735;-0.1703;-0.6003;157;144;0.0049;250.2672;-3.8855;0.3627;350.7848;168.0;300.0;300.0;300.0
553.0;1.6571;1.6731;-0.1841;-0.6003;155;146;0.0831;250.2672;-3.8855;0.3407;351.5844;168.6;300.0;300.0;300.0
553.5;1.6561;1.6731;-0.1937;-0.5000;136;165;0.0049;250.2672;-3.8779;0.3407;352.3840;170.7;300.0;300.0;300.0
554.0;1.6557;1.6726;-0.2225;-0.3008;110;187;0.0831;250.2672;-3.8702;0.3407;353.1836;170.7;300.0;300.0;300.0
554.5;1.6557;1.6722;-0.2555;-0.5000;189;105;0.0831;250.2672;-3.8702;0.3187;353.9832;168.9;300.0;300.0;300.0
555.0;1.6561;1.6722;-0.2500;-0.4011;128;161;-0.0733;250.2672;-3.8626;0.3187;354.7829;169.5;300.0;300.0;300.0
555.5;1.6557;1.6717;-0.2514;-0.4011;146;142;-0.0733;250.2672;-3.8550;0.3187;355.5825;170.1;300.0;300.0;300.0
556.0;1.6557;1.6712;-0.2376;-0.4011;146;140;0.0049;250.2672;-3.8550;0.3187;356.3821;169.8;300.0;300.0;300.0
556.5;1.6557;1.6712;-0.2253;-0.4011;144;140;0.0831;250.2672;-3.8473;0.2968;357.1817;169.8;300.0;300.0;300.0
557.0;1.6552;1.6708;-0.2033;-0.4011;144;140;0.0049;250.2672;-3.8473;0.2968;357.9813;170.4;300.0;300.0;300.0
557.5;1.6552;1.6703;-0.1731;-0.4011;144;136;-0.0831;250.2672;-3.8397;0.2968;358.7809;170.4;300.0;300.0;300.0
558.0;1.6552;1.6699;-0.1607;-0.6003;187;95;0.0049;250.2672;-3.8321;0.2968;359.5805;168.3;300.0;300.0;300.0
558.5;1.6548;1.6694;-0.1593;-0.6003;148;134;0.0049;250.2672;-3.8321;0.2748;360.3801;168.3;300.0;300.0;300.0
559.0;1.6538;1.6694;-0.1346;-0.6003;148;132;-0.0831;250.2672;-3.8244;0.2748;361.9793;168.0;300.0;300.0;300.0
559.5;1.6520;1.6690;-0.1264;-0.6003;150;134;-0.0831;250.2672;-3.8244;0.2748;362.7790;168.0;300.0;300.0;300.0
560.0;1.6511;1.6685;-0.0632;-0.6003;152;134;-0.0831;250.2672;-3.8168;0.2748;363.5786;168.0;300.0;300.0;300.0
560.5;1.6502;1.6680;-0.0275;-0.4011;110;175;-0.0049;250.2672;-3.8168;0.2748;364.3782;169.8;300.0;300.0;300.0
561.0;1.6493;1.6676;-0.0330;-0.5000;169;114;-0.0831;250.2672;-3.8092;0.2748;365.1778;169.2;300.0;300.0;300.0
561.5;1.6484;1.6671;-0.1401;-0.5000;150;136;-0.0049;250.2672;-3.8092;0.2748;365.9774;168.9;300.0;300.0;300.0
562.0;1.6479;1.6667;-0.2651;-0.6003;167;116;0.0831;250.2672;-3.8015;0.2528;366.7770;167.7;300.0;300.0;300.0
562.5;1.6474;1.6662;-0.3434;-0.6003;148;138;0.0049;250.2672;-3.8015;0.2528;367.5766;167.4;300.0;300.0;300.0
563.0;1.6470;1.6658;-0.4080;-0.6003;146;138;0.0049;250.2672;-3.7939;0.2308;368.3762;168.3;300.0;300.0;300.0
563.5;1.6461;1.6653;-0.4093;-0.4011;105;179;0.0049;250.2672;-3.7939;0.2308;369.1758;169.8;300.0;300.0;300.0
564.0;1.6447;1.6648;-0.4766;-0.5000;165;122;0.0147;250.2672;-3.7863;0.2089;369.9754;169.2;300.0;300.0;300.0
564.5;1.6429;1.6644;-0.3915;-0.4011;126;161;0.0049;250.2672;-3.7863;0.2089;370.7751;168.3;300.0;300.0;300.0
565.0;1.6419;1.6639;-0.4396;-0.6003;187;101;0.0147;250.2672;-3.7786;0.1869;371.5746;168.3;300.0;300.0;300.0
565.5;1.6406;1.6635;-0.3736;-0.6003;150;140;0.0929;250.2672;-3.7786;0.1869;372.3743;168.3;300.0;300.0;300.0
566.0;1.6401;1.6625;-0.3626;-0.5000;128;159;0.0049;250.2672;-3.7786;0.1649;373.1739;169.2;300.0;300.0;300.0
566.5;1.6397;1.6621;-0.2830;-0.5000;150;140;0.0049;250.2672;-3.7710;0.1649;373.9735;168.9;300.0;300.0;300.0
567.0;1.6392;1.6616;-0.3352;-0.5000;148;140;0.0049;250.2672;-3.7710;0.1430;374.7731;168.9;300.0;300.0;300.0
567.5;1.6387;1.6612;-0.3668;-0.6003;167;118;0.0049;250.2672;-3.7710;0.1430;375.5727;168.0;300.0;300.0;300.0
568.0;1.6378;1.6603;-0.2953;-0.6003;150;138;0.0049;250.2672;-3.7634;0.1210;376.3723;168.0;300.0;300.0;300.0
568.5;1.6364;1.6598;-0.3283;-0.6003;150;138;-0.0733;250.2672;-3.7634;0.1210;377.1719;168.3;300.0;300.0;300.0
569.0;1.6351;1.6593;-0.2871;-0.6003;150;138;-0.0733;250.2672;-3.7634;0.1210;377.9715;168.0;300.0;300.0;300.0
569.5;1.6332;1.6589;-0.4148;-0.6003;152;142;0.0049;250.2672;-3.7634;0.0990;378.7711;167.7;300.0;300.0;300.0
570.0;1.6323;1.6580;-0.4135;-0.6003;152;142;-0.0733;250.2672;-3.7634;0.0990;379.5708;168.3;300.0;300.0;300.0
570.5;1.6323;1.6575;-0.5275;-0.6003;150;142;-0.0635;250.2672;-3.7557;0.0770;380.3704;168.3;300.0;300.0;300.0
571.0;1.6323;1.6571;-0.4629;-0.5000;128;159;-0.0733;250.2672;-3.7557;0.0551;381.1700;168.9;300.0;300.0;300.0
571.5;1.6323;1.6561;-0.4313;-0.5000;148;138;-0.0733;250.2672;-3.7557;0.0551;382.7692;168.9;300.0;300.0;300.0
572.0;1.6342;1.6557;-0.3929;-0.4011;124;155;0.0049;250.2672;-3.7557;0.0331;383.5688;169.8;300.0;300.0;300.0
572.5;1.6360;1.6548;-0.3805;-0.6003;183;91;0.0049;250.2672;-3.7557;0.0331;384.3684;168.3;300.0;300.0;300.0
573.0;1.6378;1.6543;-0.4038;-0.5000;118;148;-0.0733;250.2672;-3.7557;0.0111;385.1680;168.6;300.0;300.0;300.0
573.5;1.6401;1.6534;-0.2651;-0.6003;159;103;-0.1613;250.2672;-3.7557;0.0111;385.9677;168.3;300.0;300.0;300.0
574.0;1.6429;1.6529;-0.3159;-0.5000;114;140;-0.0733;250.2672;-3.7557;-0.0109;386.7672;168.9;300.0;300.0;300.0
574.5;1.6456;1.6520;-0.2445;-0.6003;152;95;-0.0733;250.2672;-3.7557;-0.0109;387.5669;168.3;300.0;300.0;300.0
575.0;1.6465;1.6516;-0.3434;-0.6003;128;112;0.0049;250.2672;-3.7557;-0.0109;388.3665;167.4;300.0;300.0;300.0
575.5;1.6479;1.6506;-0.3887;-0.6003;126;112;0.0049;250.2672;-3.7557;-0.0328;389.1661;168.3;300.0;300.0;300.0
576.0;1.6502;1.6502;-0.4396;-0.6003;122;109;0.0147;250.2672;-3.7557;-0.0328;389.9657;168.0;300.0;300.0;300.0
576.5;1.6525;1.6493;-0.3819;-0.6003;120;107;-0.0733;250.2672;-3.7557;-0.0548;391.5649;168.0;300.0;300.0;300.0
577.0;1.6552;1.6484;-0.2706;-0.6003;118;103;-0.0733;250.2672;-3.7557;-0.0548;392.3645;167.4;300.0;300.0;300.0
577.5;1.6584;1.6479;-0.2885;-0.5000;95;118;-0.1613;250.2672;-3.7557;-0.0768;393.1641;168.9;300.0;300.0;300.0
578.0;1.6621;1.6470;-0.1937;-0.7005;153;54;-0.0831;250.2672;-3.7557;-0.0768;393.9637;167.4;300.0;300.0;300.0
578.5;1.6648;1.6461;-0.2404;-0.7005;110;89;-0.0733;250.2672;-3.7557;-0.0768;394.7633;167.4;300.0;300.0;300.0
579.0;1.6676;1.6456;-0.1758;-0.6003;89;107;0.0049;250.2672;-3.7557;-0.0768;395.5630;167.4;300.0;300.0;300.0
579.5;1.6685;1.6447;-0.2610;-0.7005;126;67;-0.1613;250.2672;-3.7634;-0.0988;396.3625;167.2;300.0;300.0;300.0
580.0;1.6685;1.6438;-0.2569;-0.8008;128;65;-0.0733;250.2672;-3.7634;-0.0988;397.1622;166.3;300.0;300.0;300.0
580.5;1.6690;1.6429;-0.2871;-0.8008;109;87;-0.0733;250.2672;-3.7634;-0.0988;397.9618;166.3;300.0;300.0;300.0
581.0;1.6690;1.6419;-0.3063;-0.7005;89;109;-0.0733;250.2672;-3.7634;-0.1207;398.7614;167.2;300.0;300.0;300.0
581.5;1.6690;1.6415;-0.3571;-0.7005;107;89;-0.0733;250.2672;-3.7634;-0.1207;399.5610;167.4;300.0;300.0;300.0
582.0;1.6685;1.6406;-0.3956;-0.7005;109;91;0.0049;250.2672;-3.7710;-0.1427;400.3606;167.2;300.0;300.0;300.0
582.5;1.6685;1.6397;-0.3819;-0.6003;87;110;0.0049;250.2672;-3.7710;-0.1427;401.9598;167.7;300.0;300.0;300.0
583.0;1.6685;1.6387;-0.4739;-0.8008;146;52;0.0147;250.2672;-3.7710;-0.1647;402.7594;166.3;300.0;300.0;300.0
583.5;1.6690;1.6378;-0.4959;-0.9011;126;69;0.0147;250.2672;-3.7710;-0.1867;403.5591;164.8;300.0;300.0;300.0
584.0;1.6685;1.6369;-0.5453;-1.0000;126;69;0.0147;250.2672;-3.7786;-0.1867;404.3587;163.9;300.0;300.0;300.0
584.5;1.6676;1.6360;-0.5151;-1.0000;109;89;0.0147;250.2672;-3.7786;-0.2086;405.1583;163.9;300.0;300.0;300.0
585.0;1.6658;1.6351;-0.5261;-1.2005;152;50;-0.0635;250.2672;-3.7786;-0.2306;405.9579;162.5;300.0;300.0;300.0
585.5;1.6635;1.6342;-0.4712;-1.2005;116;89;-0.0733;250.2672;-3.7863;-0.2306;406.7575;161.6;300.0;300.0;300.0
586.0;1.6607;1.6332;-0.4780;-1.4011;159;52;-0.0733;250.2672;-3.7863;-0.2526;407.5571;160.4;300.0;300.0;300.0
586.5;1.6566;1.6323;-0.5604;-1.4011;124;95;-0.0635;250.2672;-3.7939;-0.2746;408.3567;159.8;300.0;300.0;300.0
587.0;1.6529;1.6314;-0.5481;-1.5000;148;77;0.0147;250.2672;-3.7939;-0.2746;409.1563;159.5;300.0;300.0;300.0
587.5;1.6497;1.6305;-0.6071;-1.6003;152;79;-0.0635;250.2672;-3.8015;-0.2965;409.9559;158.4;300.0;300.0;300.0
588.0;1.6461;1.6296;-0.6223;-1.5000;112;120;-0.0635;250.2672;-3.8015;-0.3185;410.7556;159.2;300.0;300.0;300.0
588.5;1.6429;1.6287;-0.7088;-1.5000;134;105;-0.0635;250.2672;-3.8092;-0.3405;411.5551;158.9;300.0;300.0;300.0
589.0;1.6387;1.6273;-0.7239;-1.7005;177;65;-0.1417;250.2672;-3.8092;-0.3624;412.3548;156.9;300.0;300.0;300.0
589.5;1.6351;1.6264;-0.8036;-1.8008;161;89;-0.0538;250.2672;-3.8168;-0.3844;413.1544;156.3;300.0;300.0;300.0
590.0;1.6319;1.6255;-0.8448;-1.7005;122;130;-0.0538;250.2672;-3.8244;-0.4064;413.9540;156.9;300.0;300.0;295.0
590.5;1.6282;1.6245;-0.9313;-1.7005;144;112;-0.0538;250.2672;-3.8244;-0.4284;414.7536;156.6;300.0;300.0;273.6
591.0;1.6250;1.6236;-0.9505;-1.6003;122;136;-0.0538;250.2672;-3.8321;-0.4503;415.5532;157.5;300.0;300.0;279.2
591.5;1.6223;1.6223;-1.0522;-1.8008;185;75;-0.1320;250.2672;-3.8397;-0.4943;416.3528;156.0;300.0;300.0;236.1
592.0;1.6190;1.6213;-1.2184;-1.8008;146;118;-0.1222;250.2672;-3.8473;-0.5163;416.3528;156.3;300.0;300.0;223.8
592.5;1.6158;1.6204;-1.2143;-1.8008;148;118;0.0342;250.2672;-3.8550;-0.5602;417.1524;156.3;300.0;300.0;216.4
593.0;1.6117;1.6190;-1.3393;-1.7005;126;144;-0.0342;250.2672;-3.8626;-0.6042;417.9520;157.5;300.0;300.0;212.9
593.5;1.6085;1.6181;-1.3448;-1.5000;107;165;-0.1222;250.2672;-3.8702;-0.6261;418.7516;159.5;300.0;300.0;209.4
594.0;1.6058;1.6172;-1.4739;-1.3008;105;171;-0.0342;250.2672;-3.8779;-0.6701;419.5512;161.9;300.0;300.0;207.9
594.5;1.6021;1.6158;-1.5536;-1.1003;101;177;-0.0342;250.2672;-3.8855;-0.7140;420.3509;163.6;300.0;300.0;207.9
595.0;1.6003;1.6149;-1.6319;-0.9011;99;181;-0.0244;250.2672;-3.9008;-0.7580;421.1505;166.3;300.0;300.0;206.2
595.5;1.5984;1.6136;-1.6690;-0.7005;95;181;-0.0244;250.2672;-3.9084;-0.8239;421.9501;168.6;300.0;300.0;207.9
596.0;1.5971;1.6126;-1.6154;-0.5000;93;183;-0.0244;250.2672;-3.9237;-0.8679;422.7497;172.7;300.0;300.0;207.0
596.5;1.5957;1.6113;-1.6346;-0.3008;89;185;0.0538;250.2672;-3.9313;-0.9118;423.5493;176.2;300.0;300.0;210.3
597.0;1.5952;1.6103;-1.5673;-0.1003;83;185;0.0538;250.2672;-3.9466;-0.9557;424.3489;182.7;300.0;300.0;215.5
597.5;1.5934;1.6090;-1.5508;0.0000;101;165;0.2102;250.2672;-3.9618;-0.9997;425.9481;187.1;300.0;300.0;221.4
598.0;1.5916;1.6081;-1.3310;0.0000;122;144;0.0440;250.2672;-3.9771;-1.0436;426.7477;194.7;300.0;300.0;234.6
598.5;1.5897;1.6067;-1.1841;0.0000;124;142;0.0342;250.2672;-3.9924;-1.0656;427.5473;208.8;300.0;300.0;251.9
599.0;1.5884;1.6058;-0.9272;0.0000;126;138;0.0244;250.2672;-4.0076;-1.0876;428.3470;217.6;300.0;300.0;300.0
599.5;1.5865;1.6044;-0.6882;0.0000;128;136;0.0147;250.2672;-4.0229;-1.1096;429.1466;226.7;300.0;300.0;300.0
600.0;1.5856;1.6030;-0.5247;0.0000;130;132;-0.0635;250.2672;-4.0382;-1.1315;429.9462;238.1;300.0;300.0;300.0
600.5;1.5847;1.6021;-0.3434;0.0000;132;130;0.0049;250.2672;-4.0534;-1.1315;430.7458;250.1;300.0;300.0;300.0
601.0;1.5842;1.6007;-0.2747;0.0000;130;126;0.0049;250.2672;-4.0687;-1.1535;431.5454;266.3;300.0;300.0;300.0
601.5;1.5847;1.5994;-0.2225;0.0000;128;124;-0.0831;250.2672;-4.0840;-1.1535;432.3450;286.2;300.0;300.0;300.0
602.0;1.5852;1.5984;-0.1538;0.0000;126;122;0.0049;250.2672;-4.1069;-1.1535;433.1446;300.0;300.0;300.0;300.0
602.5;1.5865;1.5971;-0.1470;0.0000;122;118;0.0049;250.2672;-4.1221;-1.1755;433.9442;300.0;300.0;300.0;300.0
603.0;1.5865;1.5957;-0.1319;0.0000;120;116;-0.0049;250.2672;-4.1374;-1.1755;434.7438;300.0;300.0;300.0;300.0
603.5;1.5870;1.5943;-0.1429;0.0000;118;116;0.0049;250.2672;-4.1527;-1.1755;435.5435;300.0;300.0;300.0;300.0
604.0;1.5870;1.5929;-0.1236;0.0000;116;114;-0.0049;250.2672;-4.1679;-1.1755;436.3430;300.0;300.0;300.0;300.0
604.5;1.5865;1.5920;-0.1113;0.0000;116;112;-0.0049;250.2672;-4.1908;-1.1755;437.1427;300.0;300.0;300.0;300.0
605.0;1.5861;1.5907;-0.1016;0.0000;116;112;-0.0831;250.2672;-4.2061;-1.1755;437.9423;300.0;300.0;300.0;300.0
605.5;1.5852;1.5893;-0.0810;0.0000;116;112;0.0831;250.2672;-4.2214;-1.1755;438.7419;300.0;300.0;300.0;300.0
606.0;1.5838;1.5879;-0.0604;0.0000;116;112;0.0831;250.2672;-4.2366;-1.1755;439.5415;300.0;300.0;300.0;300.0
606.5;1.5820;1.5865;-0.0440;0.0000;118;112;-0.0831;250.2672;-4.2519;-1.1975;440.3411;300.0;300.0;300.0;300.0
607.0;1.5806;1.5852;-0.0591;0.0000;118;114;0.0831;250.2672;-4.2748;-1.1975;441.1407;300.0;300.0;300.0;300.0
607.5;1.5788;1.5838;-0.0508;0.0000;118;114;-0.0049;250.2672;-4.2901;-1.1975;441.9403;300.0;300.0;300.0;300.0
608.0;1.5774;1.5824;-0.0755;0.0000;120;114;-0.0049;250.2672;-4.3053;-1.1975;442.7399;300.0;300.0;300.0;300.0
608.5;1.5755;1.5810;-0.0577;0.0000;120;114;-0.0049;250.2672;-4.3206;-1.1975;443.5396;300.0;300.0;300.0;300.0
609.0;1.5728;1.5797;-0.0440;0.0000;122;116;-0.0049;250.2672;-4.3359;-1.1975;444.3391;300.0;300.0;300.0;300.0
609.5;1.5701;1.5783;-0.0701;0.0000;122;118;0.1613;250.2672;-4.3511;-1.1975;445.1388;300.0;300.0;300.0;300.0
610.0;1.5678;1.5769;-0.0151;0.0000;122;118;0.0733;250.2672;-4.3664;-1.1975;445.9384;300.0;300.0;300.0;300.0
610.5;1.5664;1.5755;0.0055;0.0000;124;118;-0.0049;250.2672;-4.3893;-1.1975;446.7380;300.0;300.0;300.0;300.0
611.0;1.5655;1.5742;0.0453;0.0000;122;116;-0.0049;250.2672;-4.4046;-1.1975;447.5376;300.0;300.0;300.0;300.0
611.5;1.5650;1.5728;0.0508;0.0000;122;116;-0.0049;250.2672;-4.4198;-1.1975;448.3372;300.0;300.0;300.0;300.0
612.0;1.5646;1.5710;0.0797;0.0000;120;114;-0.0049;250.2672;-4.4351;-1.1975;449.1368;300.0;300.0;300.0;300.0
612.5;1.5641;1.5696;0.0426;0.0000;118;114;0.0733;250.2672;-4.4504;-1.1975;449.9364;300.0;300.0;300.0;300.0
613.0;1.5650;1.5682;0.0110;0.0000;114;110;-0.0049;250.2672;-4.4733;-1.1975;450.7360;300.0;300.0;300.0;300.0
613.5;1.5646;1.5668;-0.0110;0.0000;112;110;-0.0049;250.2672;-4.4885;-1.1975;451.5356;300.0;300.0;300.0;300.0
614.0;1.5641;1.5655;-0.0027;0.0000;112;109;-0.0049;250.2672;-4.5038;-1.1975;452.3352;300.0;300.0;300.0;300.0
614.5;1.5641;1.5636;0.0206;0.0000;110;107;-0.0049;250.2672;-4.5191;-1.1975;453.1349;300.0;300.0;300.0;300.0
615.0;1.5646;1.5623;0.0041;0.0000;109;105;-0.0049;250.2672;-4.5344;-1.1975;453.9345;300.0;300.0;300.0;300.0
615.5;1.5646;1.5609;0.0220;0.0000;109;103;-0.0049;250.2672;-4.5573;-1.1975;454.7341;300.0;300.0;300.0;300.0
616.0;1.5646;1.5591;0.0288;0.0000;107;103;-0.0049;250.2672;-4.5725;-1.1975;455.5337;300.0;300.0;300.0;300.0
616.5;1.5632;1.5577;0.0343;0.0000;107;101;-0.0049;250.2672;-4.5878;-1.1975;456.3333;300.0;300.0;300.0;300.0
617.0;1.5623;1.5563;0.0412;0.0000;107;101;0.0733;250.2672;-4.6031;-1.1975;457.1329;300.0;300.0;300.0;300.0
617.5;1.5604;1.5545;0.0261;0.0000;107;103;0.0733;250.2672;-4.6183;-1.1755;457.9325;300.0;300.0;300.0;300.0
618.0;1.5591;1.5531;0.0179;0.0000;107;103;0.0733;250.2672;-4.6336;-1.1755;458.7321;300.0;300.0;300.0;300.0
618.5;1.5577;1.5513;0.0563;0.0000;107;103;-0.0049;250.2672;-4.6489;-1.1755;459.5317;300.0;300.0;300.0;300.0
619.0;1.5572;1.5499;0.1593;0.0000;107;101;-0.0147;250.2672;-4.6641;-1.1755;460.3314;300.0;300.0;300.0;300.0
619.5;1.5559;1.5481;0.1593;0.0000;107;101;-0.0147;250.2672;-4.6794;-1.1755;461.1310;300.0;300.0;300.0;300.0
620.0;1.5540;1.5467;0.2596;0.0000;109;99;-0.0929;250.2672;-4.6947;-1.1755;461.9306;300.0;300.0;300.0;300.0
620.5;1.5531;1.5449;0.2651;0.0000;109;97;-0.1808;250.2672;-4.7099;-1.1535;462.7302;300.0;300.0;300.0;300.0
621.0;1.5527;1.5435;0.3118;0.0000;109;97;-0.0929;250.2672;-4.7328;-1.1535;463.5298;300.0;300.0;300.0;300.0
621.5;1.5517;1.5417;0.2843;0.0000;107;97;-0.0147;250.2672;-4.7481;-1.1535;464.3294;300.0;300.0;300.0;300.0
622.0;1.5513;1.5403;0.2967;0.0000;105;95;-0.0147;250.2672;-4.7634;-1.1315;465.1290;300.0;300.0;300.0;300.0
622.5;1.5513;1.5385;0.2926;0.0000;105;93;-0.1808;250.2672;-4.7786;-1.1315;465.9286;300.0;300.0;300.0;300.0
623.0;1.5513;1.5366;0.2871;0.0000;103;91;-0.0147;250.2672;-4.7939;-1.1096;466.7282;300.0;300.0;300.0;300.0
623.5;1.5508;1.5353;0.2390;0.0000;101;89;-0.0929;250.2672;-4.8092;-1.1096;467.5278;300.0;300.0;300.0;300.0
624.0;1.5504;1.5334;0.1319;0.0000;99;89;-0.0929;250.2672;-4.8244;-1.1096;468.3275;300.0;300.0;300.0;300.0
624.5;1.5499;1.5316;0.1484;0.0000;97;89;-0.0147;250.2672;-4.8397;-1.1096;469.1270;300.0;300.0;300.0;300.0
625.0;1.5499;1.5298;0.1580;0.0000;97;85;-0.1711;250.2672;-4.8550;-1.0876;469.9267;300.0;300.0;300.0;300.0
625.5;1.5499;1.5284;0.2157;0.0000;95;83;-0.0147;250.2672;-4.8702;-1.0876;470.7263;300.0;300.0;300.0;300.0
626.0;1.5499;1.5266;0.2129;0.0000;95;81;-0.0929;250.2672;-4.8855;-1.0876;471.5259;300.0;300.0;300.0;300.0
626.5;1.5495;1.5247;0.2541;0.0000;93;79;-0.0147;250.2672;-4.9008;-1.0876;472.3255;300.0;300.0;300.0;300.0
627.0;1.5490;1.5229;0.2294;0.0000;93;79;-0.0929;250.2672;-4.9160;-1.0656;473.1251;300.0;300.0;300.0;300.0
627.5;1.5485;1.5211;0.2706;0.0000;91;77;-0.0147;250.2672;-4.9313;-1.0656;473.9247;300.0;300.0;300.0;300.0
628.0;1.5472;1.5197;0.3256;0.0000;91;77;-0.0147;250.2672;-4.9466;-1.0656;474.7243;300.0;300.0;300.0;300.0
628.5;1.5453;1.5179;0.3338;0.0000;93;77;-0.0147;250.2672;-4.9542;-1.0436;475.5239;300.0;300.0;300.0;300.0
629.0;1.5426;1.5160;0.3599;0.0000;95;79;-0.0147;250.2672;-4.9695;-1.0436;476.3235;300.0;300.0;300.0;300.0
629.5;1.5403;1.5142;0.3970;0.0000;97;79;-0.1026;250.2672;-4.9847;-1.0217;477.1231;300.0;300.0;300.0;300.0
630.0;1.5385;1.5124;0.4478;0.0000;97;79;-0.0244;250.2672;-5.0000;-0.9997;477.9228;300.0;300.0;300.0;300.0
630.5;1.5362;1.5105;0.4821;0.0000;99;79;-0.0244;250.2672;-5.0076;-0.9997;478.7224;300.0;300.0;300.0;300.0
631.0;1.5334;1.5087;0.5467;0.0000;101;79;-0.1026;250.2672;-5.0229;-0.9777;479.5220;300.0;300.0;300.0;300.0
631.5;1.5307;1.5069;0.5467;0.0000;101;79;-0.1906;250.2672;-5.0382;-0.9557;480.3216;300.0;300.0;300.0;300.0
632.0;1.5275;1.5050;0.5687;0.0000;103;81;-0.0244;250.2672;-5.0534;-0.9557;481.1212;300.0;300.0;300.0;300.0
632.5;1.5229;1.5032;0.5481;0.0000;105;83;-0.0244;250.2672;-5.0611;-0.9338;481.1212;300.0;300.0;300.0;300.0
633.0;1.5174;1.5014;0.5810;0.0000;109;89;-0.0244;250.2672;-5.0687;-0.9118;481.9208;300.0;300.0;300.0;300.0
633.5;1.5119;1.4995;0.6030;0.0000;112;91;-0.0244;250.2672;-5.0840;-0.8898;482.7204;300.0;300.0;300.0;300.0
634.0;1.5060;1.4973;0.5275;0.0000;116;97;-0.0244;250.2672;-5.0916;-0.8898;483.5200;300.0;300.0;300.0;300.0
634.5;1.5005;1.4954;0.5481;0.0000;120;101;-0.0244;250.2672;-5.1069;-0.8679;484.3196;300.0;300.0;300.0;300.0
635.0;1.4954;1.4936;0.4931;0.0000;122;103;-0.1026;250.2672;-5.1145;-0.8459;485.1193;300.0;300.0;300.0;300.0
635.5;1.4913;1.4918;0.5055;0.0000;124;105;-0.0244;250.2672;-5.1221;-0.8459;485.9189;300.0;300.0;300.0;300.0
636.0;1.4867;1.4899;0.4945;0.0000;124;107;-0.1026;250.2672;-5.1374;-0.8239;486.7185;300.0;300.0;300.0;300.0
636.5;1.4826;1.4876;0.4904;0.0000;126;107;-0.0244;250.2672;-5.1450;-0.8019;486.7185;300.0;300.0;300.0;300.0
637.0;1.4785;1.4858;0.4670;0.0000;126;109;-0.0244;250.2672;-5.1527;-0.8019;487.5181;300.0;300.0;300.0;300.0
637.5;1.4744;1.4840;0.4313;0.0000;128;109;-0.1026;250.2672;-5.1603;-0.7800;488.3177;300.0;300.0;300.0;300.0
638.0;1.4707;1.4821;0.4258;0.0000;128;110;-0.0244;250.2672;-5.1756;-0.7800;489.1173;300.0;300.0;300.0;300.0
638.5;1.4661;1.4799;0.3929;0.0000;128;112;-0.0147;250.2672;-5.1832;-0.7580;489.9169;300.0;300.0;300.0;300.0
639.0;1.4634;1.4780;0.3915;0.0000;128;110;-0.1026;250.2672;-5.1908;-0.7580;490.7165;300.0;300.0;300.0;300.0
639.5;1.4602;1.4762;0.3352;0.0000;128;112;-0.1026;250.2672;-5.1985;-0.7360;491.5161;300.0;300.0;300.0;300.0
640.0;1.4574;1.4739;0.3338;0.0000;128;112;-0.0147;250.2672;-5.2137;-0.7360;492.3157;300.0;300.0;300.0;300.0
640.5;1.4547;1.4721;0.3049;0.0000;126;110;-0.1808;250.2672;-5.2214;-0.7140;493.1154;300.0;300.0;300.0;300.0
641.0;1.4515;1.4698;0.2885;0.0000;126;110;-0.1808;250.2672;-5.2290;-0.7140;493.9149;300.0;300.0;300.0;300.0
641.5;1.4487;1.4679;0.3393;0.0000;126;110;-0.0147;250.2672;-5.2366;-0.7140;493.9149;300.0;300.0;300.0;300.0
642.0;1.4460;1.4657;0.3269;0.0000;126;109;-0.0929;250.2672;-5.2443;-0.6921;494.7146;300.0;300.0;300.0;300.0
642.5;1.4441;1.4638;0.3860;0.0000;126;107;-0.1026;250.2672;-5.2519;-0.6921;495.5142;300.0;300.0;300.0;300.0
643.0;1.4418;1.4615;0.3736;0.0000;124;107;-0.1026;250.2672;-5.2672;-0.6701;496.3138;300.0;300.0;300.0;300.0
643.5;1.4396;1.4597;0.3764;0.0000;124;107;-0.1026;250.2672;-5.2748;-0.6701;497.1134;300.0;300.0;300.0;300.0
644.0;1.4382;1.4574;0.3654;0.0000;122;105;-0.0147;250.2672;-5.2824;-0.6481;497.9130;300.0;300.0;300.0;300.0
644.5;1.4368;1.4556;0.3599;0.0000;120;103;-0.1026;250.2672;-5.2901;-0.6481;498.7126;300.0;300.0;300.0;300.0
645.0;1.4354;1.4533;0.3558;0.0000;118;103;-0.0147;250.2672;-5.2977;-0.6261;499.5122;300.0;300.0;300.0;300.0
645.5;1.4336;1.4510;0.3379;0.0000;118;101;-0.0147;250.2672;-5.3053;-0.6261;500.3118;300.0;300.0;300.0;300.0
646.0;1.4322;1.4492;0.2569;0.0000;114;101;-0.0147;250.2672;-5.3130;-0.6042;501.1115;300.0;300.0;300.0;300.0
646.5;1.4313;1.4469;0.0673;0.0000;110;103;-0.0049;250.2672;-5.3206;-0.6042;501.9110;300.0;300.0;300.0;300.0
647.0;1.4313;1.4446;-0.0714;0.0000;107;101;-0.0049;250.2672;-5.3282;-0.6042;502.7107;300.0;300.0;300.0;300.0
647.5;1.4322;1.4428;-0.3091;0.0000;101;101;0.0831;250.2672;-5.3359;-0.6261;503.5103;300.0;300.0;300.0;300.0
648.0;1.4327;1.4405;-0.3022;0.0000;97;97;-0.0733;250.2672;-5.3435;-0.6261;504.3099;300.0;300.0;300.0;300.0
648.5;1.4322;1.4382;-0.5426;0.0000;93;97;-0.1515;250.2672;-5.3511;-0.6481;505.1095;300.0;300.0;300.0;300.0
649.0;1.4318;1.4359;-0.5934;0.0000;91;97;0.0147;250.2672;-5.3664;-0.6701;505.9091;300.0;300.0;300.0;300.0
649.5;1.4313;1.4341;-0.7582;0.0000;87;97;-0.0635;250.2672;-5.3740;-0.6921;506.7087;300.0;300.0;300.0;300.0
650.0;1.4309;1.4318;-0.6621;0.0000;87;93;0.0147;250.2672;-5.3817;-0.7140;506.7087;300.0;300.0;300.0;300.0
650.5;1.4290;1.4295;-0.5673;0.0000;87;93;0.0929;250.2672;-5.3893;-0.7140;507.5083;300.0;300.0;300.0;300.0
651.0;1.4277;1.4272;-0.6593;0.0000;87;95;0.1026;250.2672;-5.3969;-0.7360;508.3079;300.0;300.0;300.0;300.0
651.5;1.4249;1.4249;-0.5879;0.0000;87;95;0.0147;250.2672;-5.4046;-0.7580;509.1075;300.0;300.0;300.0;300.0
652.0;1.4226;1.4226;-0.5577;0.0000;89;95;0.0929;250.2672;-5.4198;-0.7800;509.9072;300.0;300.0;300.0;300.0
652.5;1.4208;1.4203;-0.2129;0.0000;93;91;-0.0831;250.2672;-5.4275;-0.7800;510.7068;300.0;300.0;300.0;300.0
653.0;1.4199;1.4180;-0.1635;0.0000;93;89;0.0049;250.2672;-5.4351;-0.7800;511.5064;300.0;300.0;300.0;300.0
653.5;1.4180;1.4158;0.0687;0.0000;93;87;-0.0049;250.2672;-5.4427;-0.7800;512.3060;300.0;300.0;300.0;300.0
654.0;1.4167;1.4135;-0.0247;0.0000;93;87;-0.0049;250.2672;-5.4580;-0.7800;513.1056;300.0;300.0;300.0;300.0
654.5;1.4148;1.4112;-0.0440;0.0000;91;87;-0.0049;250.2672;-5.4656;-0.7800;513.9052;300.0;300.0;300.0;300.0
655.0;1.4130;1.4089;-0.1511;0.0000;89;87;0.0831;250.2672;-5.4733;-0.7800;513.9052;300.0;300.0;300.0;300.0
655.5;1.4107;1.4066;-0.1044;0.0000;89;87;-0.0049;250.2672;-5.4809;-0.8019;514.7048;300.0;300.0;300.0;300.0
656.0;1.4084;1.4043;0.0055;0.0000;91;85;-0.0049;250.2672;-5.4962;-0.8019;515.5044;300.0;300.0;300.0;300.0
656.5;1.4052;1.4020;-0.1415;0.0000;91;89;0.0049;250.2672;-5.5038;-0.8019;516.3040;300.0;300.0;300.0;300.0
657.0;1.4025;1.3997;-0.0549;0.0000;91;87;-0.0049;250.2672;-5.5114;-0.8019;517.1036;300.0;300.0;300.0;300.0
657.5;1.3997;1.3974;-0.1607;0.0000;91;91;-0.0831;250.2672;-5.5191;-0.8019;517.9033;300.0;300.0;300.0;300.0
658.0;1.3961;1.3951;-0.0467;0.0000;95;91;-0.0049;250.2672;-5.5344;-0.8019;518.7029;300.0;300.0;300.0;300.0
658.5;1.3929;1.3924;-0.0948;0.0000;95;93;0.0831;250.2672;-5.5420;-0.8019;518.7029;300.0;300.0;300.0;300.0
659.0;1.3897;1.3901;-0.0220;0.0000;95;93;0.0733;250.2672;-5.5496;-0.8019;519.5024;300.0;300.0;300.0;300.0
659.5;1.3874;1.3878;-0.1374;0.0000;93;93;-0.0049;250.2672;-5.5573;-0.8019;520.3021;300.0;300.0;300.0;300.0
660.0;1.3846;1.3855;-0.2005;0.0000;93;93;0.0049;250.2672;-5.5725;-0.8239;521.1017;300.0;300.0;300.0;300.0
660.5;1.3823;1.3828;-0.0494;0.0000;95;91;-0.0049;250.2672;-5.5802;-0.8239;521.9013;300.0;300.0;300.0;300.0
661.0;1.3800;1.3805;-0.0220;0.0000;95;91;-0.0831;250.2672;-5.5878;-0.8239;522.7009;300.0;300.0;300.0;300.0
661.5;1.3777;1.3782;0.1319;0.0000;95;87;-0.0049;250.2672;-5.6031;-0.8239;523.5005;300.0;300.0;300.0;300.0
662.0;1.3755;1.3755;0.0865;0.0000;95;89;0.0733;250.2672;-5.6107;-0.8019;524.3001;300.0;300.0;300.0;300.0
662.5;1.3727;1.3732;0.2253;0.0000;97;85;-0.0147;250.2672;-5.6183;-0.8019;525.0997;300.0;300.0;300.0;300.0
663.0;1.3704;1.3709;0.1662;0.0000;95;87;-0.0147;250.2672;-5.6336;-0.8019;525.0997;300.0;300.0;300.0;300.0
663.5;1.3681;1.3681;0.3324;0.0000;97;83;0.0635;250.2672;-5.6412;-0.7800;525.8994;300.0;300.0;300.0;300.0
664.0;1.3658;1.3658;0.3860;0.0000;97;81;-0.1026;250.2672;-5.6489;-0.7800;526.6990;300.0;300.0;300.0;300.0
664.5;1.3636;1.3631;0.5000;0.0000;97;79;-0.0244;250.2672;-5.6565;-0.7580;527.4986;300.0;300.0;300.0;300.0
665.0;1.3608;1.3608;0.4629;0.0000;97;81;0.0635;250.2672;-5.6641;-0.7580;528.2982;300.0;300.0;300.0;300.0
665.5;1.3581;1.3581;0.3599;0.0000;95;81;-0.1026;250.2672;-5.6718;-0.7360;529.0978;300.0;300.0;300.0;300.0
666.0;1.3549;1.3558;0.3929;0.0000;97;81;-0.0147;250.2672;-5.6870;-0.7360;529.8974;300.0;300.0;300.0;300.0
666.5;1.3521;1.3530;0.2514;0.0000;95;83;0.0635;250.2672;-5.6947;-0.7140;529.8974;300.0;300.0;300.0;300.0
667.0;1.3498;1.3507;0.2555;0.0000;93;83;0.0635;250.2672;-5.7023;-0.7140;530.6970;300.0;300.0;300.0;300.0
667.5;1.3471;1.3480;0.0742;0.0000;91;85;-0.0929;250.2672;-5.7099;-0.7140;531.4966;300.0;300.0;300.0;300.0
668.0;1.3448;1.3457;0.0522;0.0000;89;85;0.0733;250.2672;-5.7176;-0.7140;532.2962;300.0;300.0;300.0;300.0
668.5;1.3420;1.3429;-0.1058;0.0000;87;87;-0.0049;250.2672;-5.7252;-0.7140;533.0958;300.0;300.0;300.0;300.0
669.0;1.3393;1.3402;-0.0714;0.0000;89;87;-0.0049;250.2672;-5.7328;-0.7140;533.8954;300.0;300.0;300.0;300.0
669.5;1.3361;1.3379;-0.0522;0.0000;89;87;0.1613;250.2672;-5.7405;-0.7140;533.8954;300.0;300.0;300.0;300.0
670.0;1.3324;1.3352;-0.1497;0.0000;87;89;0.0831;250.2672;-5.7481;-0.7140;534.6951;300.0;300.0;300.0;300.0
670.5;1.3283;1.3324;-0.1360;0.0000;89;91;0.0831;250.2672;-5.7557;-0.7360;535.4947;300.0;300.0;300.0;300.0
671.0;1.3251;1.3297;-0.1923;0.0000;91;93;0.0049;250.2672;-5.7634;-0.7360;536.2943;300.0;300.0;300.0;300.0
671.5;1.3219;1.3274;-0.0481;0.0000;91;91;-0.0049;250.2672;-5.7710;-0.7360;537.0939;300.0;300.0;300.0;300.0
672.0;1.3182;1.3246;-0.1085;0.0000;91;91;-0.0049;250.2672;-5.7863;-0.7360;537.0939;300.0;300.0;300.0;300.0
672.5;1.3159;1.3219;0.0179;0.0000;93;89;-0.0831;250.2672;-5.7939;-0.7360;537.8935;300.0;300.0;300.0;300.0
673.0;1.3136;1.3191;-0.0453;0.0000;91;89;-0.0049;250.2672;-5.8015;-0.7360;538.6931;300.0;300.0;300.0;300.0
673.5;1.3109;1.3164;-0.0192;0.0000;93;87;-0.1711;250.2672;-5.8092;-0.7360;539.4927;300.0;300.0;300.0;300.0
674.0;1.3072;1.3136;-0.0907;0.0000;91;87;-0.0831;250.2672;-5.8168;-0.7360;540.2923;300.0;300.0;300.0;300.0
674.5;1.3045;1.3114;-0.0288;0.0000;93;87;-0.0831;250.2672;-5.8244;-0.7360;541.0919;300.0;300.0;300.0;300.0
675.0;1.3013;1.3086;0.0440;0.0000;93;85;-0.0049;250.2672;-5.8321;-0.7360;541.0919;300.0;300.0;300.0;300.0
675.5;1.2985;1.3059;-0.0041;0.0000;93;85;-0.0049;250.2672;-5.8397;-0.7360;541.8915;300.0;300.0;300.0;300.0
676.0;1.2949;1.3031;0.0838;0.0000;93;83;-0.0929;250.2672;-5.8473;-0.7360;542.6912;300.0;300.0;300.0;300.0
676.5;1.2926;1.3004;0.1030;0.0000;93;83;-0.0929;250.2672;-5.8550;-0.7360;543.4908;300.0;300.0;300.0;300.0
677.0;1.2898;1.2976;0.3104;0.0000;95;79;-0.0929;250.2672;-5.8626;-0.7360;544.2903;300.0;300.0;300.0;300.0
677.5;1.2866;1.2949;0.3626;0.0000;97;79;-0.1808;250.2672;-5.8779;-0.7140;545.0900;300.0;300.0;300.0;300.0
678.0;1.2834;1.2921;0.5206;0.0000;99;77;-0.1026;250.2672;-5.8779;-0.6921;545.0900;297.9;300.0;300.0;300.0
678.5;1.2807;1.2894;0.4712;0.0000;97;77;-0.0244;250.2672;-5.8855;-0.6921;545.8896;297.9;300.0;300.0;300.0
679.0;1.2779;1.2866;0.4753;0.0000;97;77;-0.0244;250.2672;-5.8931;-0.6701;546.6892;294.7;300.0;300.0;300.0
679.5;1.2761;1.2834;0.4382;0.0000;95;75;-0.0244;250.2672;-5.9084;-0.6701;547.4888;292.4;300.0;300.0;300.0
680.0;1.2752;1.2807;0.4643;0.0000;93;73;-0.1026;250.2672;-5.9160;-0.6481;548.2885;292.4;300.0;300.0;300.0
680.5;1.2743;1.2779;0.5206;0.0000;91;69;-0.1808;250.2672;-5.9237;-0.6261;549.0880;291.2;300.0;300.0;300.0
681.0;1.2724;1.2752;0.3846;0.0000;89;69;-0.1808;250.2672;-5.9237;-0.6261;549.0880;290.3;300.0;300.0;300.0
681.5;1.2706;1.2724;0.4052;0.0000;87;67;-0.1026;250.2672;-5.9313;-0.6042;549.8876;284.2;300.0;300.0;300.0
682.0;1.2688;1.2697;0.2486;0.0000;83;67;-0.0929;250.2672;-5.9389;-0.6042;550.6873;283.0;300.0;300.0;300.0
682.5;1.2674;1.2665;0.2747;0.0000;83;65;-0.0147;250.2672;-5.9466;-0.6042;551.4869;278.3;300.0;300.0;300.0
683.0;1.2660;1.2637;0.2198;0.0000;79;65;-0.0147;250.2672;-5.9542;-0.5822;552.2865;277.4;300.0;300.0;300.0
683.5;1.2647;1.2610;0.2308;0.0000;79;64;-0.0147;250.2672;-5.9618;-0.5822;552.2865;275.7;300.0;300.0;300.0
684.0;1.2637;1.2578;0.0934;0.0000;73;64;0.0733;250.2672;-5.9695;-0.5822;553.0861;276.5;300.0;300.0;300.0
684.5;1.2633;1.2550;-0.0357;0.0000;71;64;-0.0831;250.2672;-5.9771;-0.5822;553.8857;273.0;300.0;300.0;300.0
685.0;1.2628;1.2523;0.0137;0.0000;69;60;-0.0049;250.2672;-5.9771;-0.5822;554.6853;270.4;300.0;300.0;300.0
685.5;1.2614;1.2491;-0.0618;0.0000;65;60;-0.0049;250.2672;-5.9847;-0.5822;555.4849;268.0;300.0;300.0;300.0
686.0;1.2610;1.2463;-0.0124;0.0000;64;58;0.0733;250.2672;-5.9924;-0.5822;556.2845;268.0;300.0;300.0;300.0
686.5;1.2601;1.2436;-0.1140;0.0000;62;56;-0.0049;250.2672;-6.0000;-0.5822;556.2845;263.9;300.0;300.0;300.0
687.0;1.2592;1.2404;-0.0577;0.0000;60;54;-0.0049;250.2672;-6.0076;-0.5822;557.0841;262.5;300.0;300.0;300.0
687.5;1.2592;1.2376;-0.1635;0.0000;56;52;-0.0831;250.2672;-6.0153;-0.5822;557.8837;263.3;300.0;300.0;300.0
688.0;1.2578;1.2344;-0.0728;0.0000;56;50;-0.0049;250.2672;-6.0229;-0.6042;558.6833;262.5;300.0;300.0;300.0
688.5;1.2560;1.2317;-0.0508;0.0000;56;50;-0.0049;250.2672;-6.0305;-0.6042;559.4830;258.9;300.0;300.0;300.0
689.0;1.2527;1.2285;0.0151;0.0000;58;50;-0.0049;250.2672;-6.0305;-0.6042;559.4830;252.5;300.0;300.0;300.0
689.5;1.2500;1.2257;-0.0522;0.0000;56;50;0.0733;250.2672;-6.0382;-0.6042;560.2826;252.5;300.0;300.0;300.0
690.0;1.2473;1.2225;-0.0975;0.0000;56;52;-0.0049;250.2672;-6.0458;-0.6042;561.0822;248.7;300.0;300.0;300.0
690.5;1.2431;1.2193;-0.0659;0.0000;58;54;-0.0049;250.2672;-6.0534;-0.6042;561.8818;246.9;300.0;300.0;300.0
691.0;1.2381;1.2166;-0.0934;0.0000;60;56;-0.0049;250.2672;-6.0611;-0.6042;561.8818;244.6;300.0;300.0;300.0
691.5;1.2326;1.2134;-0.0824;0.0000;64;58;-0.0831;250.2672;-6.0611;-0.6042;562.6814;242.8;300.0;300.0;300.0
692.0;1.2262;1.2102;-0.1360;0.0000;65;64;0.1613;250.2672;-6.0687;-0.6042;563.4810;239.9;300.0;300.0;300.0
692.5;1.2189;1.2074;-0.1030;0.0000;71;67;-0.0831;250.2672;-6.0763;-0.6042;563.4810;238.7;300.0;300.0;300.0
693.0;1.2120;1.2042;-0.1319;0.0000;75;71;-0.0049;250.2672;-6.0840;-0.6261;564.2806;237.2;300.0;300.0;300.0
693.5;1.2047;1.2010;-0.0838;0.0000;79;75;-0.0049;250.2672;-6.0840;-0.6261;565.0802;236.7;300.0;300.0;300.0
694.0;1.1978;1.1983;0.0082;0.0000;85;77;-0.0049;250.2672;-6.0916;-0.6261;565.0802;233.1;300.0;300.0;300.0
694.5;1.1914;1.1951;-0.0220;0.0000;89;81;-0.0049;250.2672;-6.0992;-0.6261;565.8798;233.4;300.0;300.0;300.0
695.0;1.1841;1.1918;0.0522;0.0000;93;83;-0.0049;250.2672;-6.1069;-0.6261;566.6794;231.1;300.0;300.0;300.0
695.5;1.1767;1.1886;0.0659;0.0000;95;87;0.0733;250.2672;-6.1069;-0.6261;566.6794;231.1;300.0;300.0;300.0
696.0;1.1708;1.1854;0.1841;0.0000;99;87;-0.0147;250.2672;-6.1145;-0.6042;567.4791;231.1;300.0;300.0;300.0
696.5;1.1648;1.1827;0.1937;0.0000;101;89;-0.0147;250.2672;-6.1221;-0.6042;568.2787;228.7;300.0;300.0;300.0
697.0;1.1589;1.1795;0.2857;0.0000;103;89;-0.0929;250.2672;-6.1298;-0.6042;569.0782;226.4;300.0;300.0;300.0
697.5;1.1538;1.1763;0.2843;0.0000;103;89;-0.0929;250.2672;-6.1298;-0.5822;569.0782;224.0;300.0;300.0;300.0
698.0;1.1497;1.1731;0.3201;0.0000;103;87;-0.0147;250.2672;-6.1374;-0.5822;569.8779;222.3;300.0;300.0;300.0
698.5;1.1461;1.1699;0.3077;0.0000;101;87;-0.0147;250.2672;-6.1450;-0.5602;570.6775;222.3;300.0;300.0;300.0
699.0;1.1415;1.1667;0.3860;0.0000;103;85;-0.0147;250.2672;-6.1527;-0.5602;570.6775;220.5;300.0;300.0;300.0
699.5;1.1364;1.1635;0.4382;0.0000;103;83;-0.0244;250.2672;-6.1527;-0.5382;571.4771;220.2;300.0;300.0;300.0
700.0;1.1314;1.1603;0.3970;0.0000;103;87;-0.0147;250.2672;-6.1603;-0.5382;572.2767;216.1;300.0;300.0;300.0
700.5;1.1282;1.1571;0.4547;0.0000;103;83;-0.1026;250.2672;-6.1679;-0.5163;573.0764;214.7;300.0;300.0;300.0
701.0;1.1255;1.1538;0.3860;0.0000;99;81;-0.0147;250.2672;-6.1679;-0.5163;573.0764;214.1;300.0;300.0;300.0
701.5;1.1232;1.1506;0.4560;0.0000;99;79;-0.1026;250.2672;-6.1756;-0.4943;573.8759;210.9;300.0;300.0;300.0
702.0;1.1204;1.1474;0.4258;0.0000;95;77;-0.0244;250.2672;-6.1832;-0.4943;574.6755;211.1;300.0;300.0;300.0
702.5;1.1181;1.1442;0.4753;0.0000;93;73;0.0635;250.2672;-6.1832;-0.4723;574.6755;209.7;300.0;300.0;300.0
703.0;1.1158;1.1406;0.4025;0.0000;91;73;-0.1026;250.2672;-6.1908;-0.4503;575.4752;207.3;300.0;300.0;300.0
703.5;1.1140;1.1374;0.2788;0.0000;87;71;-0.0929;250.2672;-6.1908;-0.4503;576.2748;205.0;300.0;300.0;300.0
704.0;1.1122;1.1342;0.1387;0.0000;83;71;-0.0049;250.2672;-6.1985;-0.4503;577.0744;203.2;300.0;300.0;300.0
704.5;1.1108;1.1310;-0.0027;0.0000;77;71;0.0733;250.2672;-6.2061;-0.4503;577.0744;203.5;300.0;300.0;300.0
705.0;1.1099;1.1277;-0.1016;0.0000;73;69;0.0831;250.2672;-6.2061;-0.4503;577.8740;202.3;300.0;300.0;300.0
705.5;1.1090;1.1241;-0.2802;0.0000;69;69;0.0831;250.2672;-6.2137;-0.4503;578.6736;199.1;300.0;300.0;300.0
706.0;1.1071;1.1209;-0.3187;0.0000;67;67;0.0049;250.2672;-6.2137;-0.4723;579.4732;198.5;300.0;300.0;300.0
706.5;1.1062;1.1177;-0.4299;0.0000;64;67;0.0929;250.2672;-6.2214;-0.4723;579.4732;195.3;300.0;300.0;300.0
707.0;1.1044;1.1140;-0.3901;0.0000;62;64;0.0049;250.2672;-6.2290;-0.4943;580.2728;193.5;300.0;300.0;300.0
707.5;1.1026;1.1108;-0.3599;0.0000;62;62;-0.0733;250.2672;-6.2290;-0.4943;581.0724;191.5;300.0;300.0;300.0
708.0;1.1007;1.1076;-0.2816;0.0000;62;60;-0.0733;250.2672;-6.2366;-0.5163;581.8720;190.9;300.0;300.0;300.0
708.5;1.0989;1.1039;-0.2843;0.0000;60;58;0.0049;250.2672;-6.2443;-0.5163;581.8720;188.0;300.0;300.0;300.0
709.0;1.0966;1.1007;-0.3036;0.0000;60;58;0.0049;250.2672;-6.2443;-0.5382;582.6716;187.4;300.0;300.0;300.0
709.5;1.0934;1.0975;-0.2390;0.0000;60;58;0.0049;250.2672;-6.2519;-0.5382;583.4713;185.6;300.0;300.0;300.0
710.0;1.0902;1.0939;-0.2431;0.0000;62;58;0.0049;250.2672;-6.2595;-0.5382;583.4713;183.6;300.0;300.0;300.0
710.5;1.0865;1.0907;-0.1868;0.0000;62;58;0.0831;250.2672;-6.2595;-0.5382;584.2709;182.7;300.0;300.0;300.0
711.0;1.0833;1.0870;-0.2335;0.0000;62;58;-0.0733;250.2672;-6.2672;-0.5602;585.0705;181.5;300.0;300.0;300.0
711.5;1.0801;1.0838;-0.1662;0.0000;62;58;0.0831;250.2672;-6.2748;-0.5602;585.8701;178.0;300.0;300.0;300.0
712.0;1.0760;1.0801;-0.1937;0.0000;62;60;0.0049;250.2672;-6.2748;-0.5602;585.8701;176.5;300.0;300.0;300.0
712.5;1.0714;1.0769;-0.1154;0.0000;65;60;-0.0049;250.2672;-6.2824;-0.5602;586.6697;176.8;300.0;300.0;300.0
713.0;1.0673;1.0733;-0.0714;0.0000;65;62;0.0831;250.2672;-6.2901;-0.5602;586.6697;174.8;300.0;300.0;300.0
713.5;1.0636;1.0701;-0.0234;0.0000;67;62;-0.0049;250.2672;-6.2901;-0.5602;587.4693;174.2;300.0;300.0;300.0
714.0;1.0604;1.0668;-0.0261;0.0000;67;60;-0.0831;250.2672;-6.2977;-0.5602;588.2689;173.3;300.0;300.0;300.0
714.5;1.0572;1.0632;-0.0673;0.0000;67;60;-0.0831;250.2672;-6.3053;-0.5822;588.2689;172.7;300.0;300.0;271.3
715.0;1.0540;1.0600;0.0041;0.0000;67;60;0.0733;250.2672;-6.3053;-0.5822;589.0685;170.4;300.0;300.0;246.6
715.5;1.0504;1.0568;-0.0179;0.0000;67;60;-0.0831;250.2672;-6.3130;-0.5822;589.8681;169.2;300.0;300.0;230.8
716.0;1.0458;1.0531;0.0481;0.0000;67;60;-0.0049;250.2672;-6.3206;-0.5822;589.8681;168.0;300.0;300.0;211.1
716.5;1.0412;1.0499;0.0137;0.0000;69;62;0.0733;250.2672;-6.3206;-0.5602;590.6677;166.9;300.0;300.0;205.6
717.0;1.0366;1.0467;0.0591;0.0000;71;64;-0.0049;250.2672;-6.3282;-0.5602;591.4673;165.7;300.0;300.0;203.2
717.5;1.0321;1.0435;0.0137;0.0000;71;65;-0.0049;250.2672;-6.3359;-0.5602;591.4673;166.0;300.0;300.0;200.6
718.0;1.0275;1.0403;0.0302;0.0000;73;65;-0.1711;250.2672;-6.3359;-0.5602;592.2670;166.0;300.0;300.0;197.4
718.5;1.0224;1.0366;0.0343;0.0000;75;67;-0.0831;250.2672;-6.3435;-0.5602;592.2670;165.4;300.0;300.0;195.3
719.0;1.0174;1.0334;0.0412;0.0000;77;69;-0.0049;250.2672;-6.3435;-0.5602;593.0666;163.9;300.0;300.0;195.9
719.5;1.0124;1.0302;0.0275;0.0000;79;69;-0.0049;250.2672;-6.3511;-0.5602;593.8661;164.8;300.0;300.0;197.4
720.0;1.0064;1.0270;-0.0179;0.0000;81;73;-0.0049;250.2672;-6.3588;-0.5602;593.8661;163.3;300.0;300.0;197.4
720.5;1.0018;1.0238;0.0082;0.0000;81;73;-0.0049;250.2672;-6.3588;-0.5602;594.6658;163.6;300.0;300.0;200.6
721.0;0.9968;1.0206;-0.0137;0.0000;83;75;-0.0831;250.2672;-6.3664;-0.5602;594.6658;163.0;300.0;300.0;199.7
721.5;0.9927;1.0174;0.0261;0.0000;85;75;-0.0831;250.2672;-6.3740;-0.5602;595.4654;163.6;300.0;300.0;198.5
722.0;0.9886;1.0142;0.0426;0.0000;85;73;-0.0831;250.2672;-6.3740;-0.5602;596.2650;164.8;300.0;300.0;197.9
722.5;0.9849;1.0110;0.1607;0.0000;87;73;-0.0929;250.2672;-6.3817;-0.5602;596.2650;164.2;300.0;300.0;199.1
723.0;0.9817;1.0078;0.2212;0.0000;87;71;-0.0147;250.2672;-6.3817;-0.5602;597.0646;165.4;300.0;300.0;199.7
723.5;0.9776;1.0046;0.3297;0.0000;87;69;-0.0929;250.2672;-6.3893;-0.5382;597.8643;165.4;300.0;300.0;201.2
724.0;0.9739;1.0014;0.4519;0.0000;89;67;-0.1808;250.2672;-6.3893;-0.5382;597.8643;166.3;300.0;300.0;203.2
724.5;0.9702;0.9982;0.4492;0.0000;89;67;-0.1026;250.2672;-6.3969;-0.5163;598.6638;166.9;300.0;300.0;205.6
725.0;0.9675;0.9950;0.4698;0.0000;87;65;0.0635;250.2672;-6.4046;-0.4943;598.6638;169.5;300.0;300.0;206.2
725.5;0.9652;0.9918;0.3091;0.0000;83;67;-0.0147;250.2672;-6.4046;-0.4943;599.4634;169.8;300.0;300.0;208.5
726.0;0.9643;0.9890;0.1690;0.0000;79;67;-0.0147;250.2672;-6.4122;-0.4943;600.2631;171.3;300.0;300.0;208.5
726.5;0.9625;0.9858;-0.0398;0.0000;73;67;-0.0049;250.2672;-6.4122;-0.4943;600.2631;172.4;300.0;300.0;213.8
727.0;0.9620;0.9826;-0.1566;0.0000;69;65;0.0049;250.2672;-6.4198;-0.4943;601.0627;176.0;300.0;300.0;215.5
727.5;0.9625;0.9794;-0.2871;0.1992;24;103;0.0049;250.2672;-6.4275;-0.4943;601.8623;177.7;300.0;300.0;214.7
728.0;0.9620;0.9762;-0.3846;0.3997;17;105;0.0049;250.2672;-6.4275;-0.5163;601.8623;180.6;300.0;300.0;219.4
728.5;0.9606;0.9734;-0.4533;0.1992;93;24;0.0147;250.2672;-6.4351;-0.5382;595.4654;186.5;300.0;300.0;215.5
729.0;0.9588;0.9702;-0.4533;0.0000;95;21;0.0929;250.2672;-6.4351;-0.5382;596.2650;189.1;300.0;300.0;213.8
729.5;0.9570;0.9670;-0.3723;0.0000;58;58;-0.0733;250.2672;-6.4427;-0.5602;596.2650;191.5;300.0;300.0;213.8
730.0;0.9556;0.9643;-0.3173;0.0000;56;56;0.0049;250.2672;-6.4504;-0.5602;597.0646;196.8;300.0;300.0;214.7
730.5;0.9524;0.9611;-0.2060;0.0000;58;54;-0.0831;250.2672;-6.4504;-0.5602;597.8643;200.6;300.0;300.0;215.5
731.0;0.9501;0.9579;-0.1470;0.0000;60;54;0.0049;250.2672;-6.4580;-0.5602;597.8643;205.3;300.0;300.0;218.5
731.5;0.9478;0.9551;-0.0618;0.0000;60;52;-0.0049;250.2672;-6.4580;-0.5822;598.6638;211.4;300.0;300.0;219.4
732.0;0.9455;0.9519;-0.0481;0.0000;60;52;-0.0049;250.2672;-6.4656;-0.5822;598.6638;217.6;300.0;300.0;221.4
732.5;0.9437;0.9492;-0.0549;0.0000;60;52;-0.0049;250.2672;-6.4733;-0.5822;599.4634;223.8;300.0;300.0;224.9
733.0;0.9414;0.9460;-0.1291;0.0000;58;52;-0.0049;250.2672;-6.4733;-0.5822;600.2631;233.1;300.0;300.0;224.9
733.5;0.9391;0.9432;-0.2212;0.0000;56;54;0.1613;250.2672;-6.4809;-0.5822;600.2631;241.1;300.0;300.0;227.0
734.0;0.9364;0.9400;-0.2335;0.0000;56;54;0.0049;250.2672;-6.4885;-0.5822;601.0627;261.9;300.0;300.0;225.8
734.5;0.9336;0.9373;-0.3008;0.0000;56;54;-0.0733;250.2672;-6.4885;-0.6042;601.0627;273.9;300.0;300.0;224.9
735.0;0.9313;0.9341;-0.2802;0.0000;56;54;0.0049;250.2672;-6.4962;-0.6042;601.8623;287.1;300.0;300.0;223.8
735.5;0.9286;0.9313;-0.3104;0.0000;54;54;0.0831;250.2672;-6.4962;-0.6261;602.6619;300.0;300.0;300.0;222.6
736.0;0.9263;0.9281;-0.3049;0.0000;54;54;0.0049;250.2672;-6.5038;-0.6261;602.6619;300.0;300.0;300.0;223.8
736.5;0.9235;0.9254;-0.3242;0.0000;54;56;0.0831;250.2672;-6.5114;-0.6261;603.4615;300.0;300.0;300.0;219.4
737.0;0.9199;0.9226;-0.2981;0.0000;56;56;0.0049;250.2672;-6.5114;-0.6481;603.4615;300.0;300.0;300.0;215.5
737.5;0.9167;0.9194;-0.2624;0.0000;56;56;0.0049;250.2672;-6.5191;-0.6481;604.2611;300.0;300.0;300.0;212.0
738.0;0.9130;0.9167;-0.2624;0.0000;56;56;0.0049;250.2672;-6.5267;-0.6481;604.2611;300.0;300.0;300.0;210.3
738.5;0.9093;0.9139;-0.2445;0.0000;58;58;0.0831;250.2672;-6.5267;-0.6701;605.0607;300.0;300.0;300.0;207.9
739.0;0.9057;0.9107;-0.2431;0.0000;60;60;0.0049;250.2672;-6.5344;-0.6701;605.0607;300.0;300.0;300.0;206.2
739.5;0.9011;0.9080;-0.2129;0.0000;62;60;-0.0831;250.2672;-6.5420;-0.6701;605.8604;300.0;300.0;300.0;203.2
740.0;0.8956;0.9052;-0.1827;0.0000;64;64;0.0831;250.2672;-6.5420;-0.6921;605.8604;300.0;300.0;300.0;201.2
740.5;0.8901;0.9025;-0.1374;0.0000;67;65;-0.0831;250.2672;-6.5496;-0.6921;606.6599;300.0;300.0;300.0;203.2
741.0;0.8846;0.8997;-0.1085;0.0000;69;67;0.0831;250.2672;-6.5496;-0.6921;606.6599;300.0;300.0;300.0;199.1
741.5;0.8791;0.8965;-0.0220;0.0000;73;69;-0.0049;250.2672;-6.5573;-0.6921;607.4595;300.0;300.0;300.0;197.4
742.0;0.8745;0.8938;0.0440;0.0000;75;69;-0.0831;250.2672;-6.5649;-0.6921;608.2592;300.0;300.0;300.0;195.9
742.5;0.8704;0.8910;0.1552;0.0000;77;69;-0.0929;250.2672;-6.5649;-0.6921;608.2592;300.0;300.0;300.0;194.7
743.0;0.8658;0.8883;0.2788;0.0000;81;69;-0.0147;250.2672;-6.5725;-0.6701;609.0588;300.0;300.0;300.0;196.5
743.5;0.8617;0.8855;0.3599;0.0000;83;69;-0.0147;250.2672;-6.5802;-0.6701;609.0588;300.0;300.0;300.0;199.7
744.0;0.8590;0.8828;0.4382;0.0000;81;67;-0.0244;250.2672;-6.5802;-0.6481;609.8584;300.0;300.0;300.0;197.9
744.5;0.8567;0.8800;0.4766;0.0000;81;64;-0.1026;250.2672;-6.5878;-0.6481;609.8584;300.0;300.0;300.0;198.5
745.0;0.8544;0.8773;0.5179;0.0000;81;62;-0.1026;250.2672;-6.5954;-0.6261;610.6580;300.0;300.0;300.0;197.9
745.5;0.8535;0.8745;0.5069;0.0000;77;60;-0.0244;250.2672;-6.5954;-0.6042;610.6580;300.0;300.0;300.0;195.9
746.0;0.8516;0.8718;0.4904;0.0000;75;58;-0.1026;250.2672;-6.6031;-0.6042;611.4576;300.0;300.0;300.0;194.1
746.5;0.8507;0.8690;0.3723;0.0000;71;58;-0.0147;250.2672;-6.6107;-0.5822;612.2572;300.0;300.0;300.0;194.1
747.0;0.8494;0.8663;0.2459;0.0000;67;58;-0.0147;250.2672;-6.6107;-0.5822;612.2572;300.0;300.0;300.0;195.9
747.5;0.8480;0.8636;0.1085;0.0000;65;56;-0.0929;250.2672;-6.6183;-0.5822;613.0568;300.0;300.0;300.0;194.7
748.0;0.8480;0.8608;0.0192;0.0000;62;56;-0.0049;250.2672;-6.6183;-0.5822;613.0568;300.0;300.0;300.0;196.5
748.5;0.8480;0.8585;-0.0591;0.0000;58;52;-0.0049;250.2672;-6.6260;-0.5822;613.8564;300.0;300.0;300.0;195.3
749.0;0.8480;0.8558;-0.1236;0.0000;54;50;-0.0831;250.2672;-6.6336;-0.5822;614.6560;300.0;300.0;300.0;194.1
749.5;0.8480;0.8530;-0.1497;0.0000;52;48;0.0049;250.2672;-6.6336;-0.5822;614.6560;300.0;300.0;300.0;193.0
750.0;0.8475;0.8503;-0.1374;0.0000;50;46;-0.0831;250.2672;-6.6412;-0.5822;615.4556;300.0;300.0;300.0;192.4
750.5;0.8475;0.8475;-0.0522;0.0000;50;42;-0.0831;250.2672;-6.6489;-0.5822;615.4556;300.0;300.0;300.0;192.4
751.0;0.8466;0.8452;0.0041;0.0000;48;38;-0.0831;250.2672;-6.6489;-0.5822;616.2552;300.0;300.0;300.0;193.0
751.5;0.8457;0.8425;0.0934;0.0000;48;36;-0.0929;250.2672;-6.6565;-0.5822;616.2552;300.0;300.0;300.0;192.4
752.0;0.8443;0.8397;0.1113;0.0000;48;36;-0.0049;250.2672;-6.6565;-0.5822;617.0549;300.0;300.0;300.0;193.0
752.5;0.8420;0.8370;0.0975;0.0000;48;36;-0.0049;250.2672;-6.6641;-0.5822;617.0549;300.0;300.0;300.0;192.4
753.0;0.8407;0.8347;0.0357;0.0000;48;38;-0.0831;250.2672;-6.6641;-0.5822;617.8545;300.0;300.0;300.0;193.0
753.5;0.8393;0.8320;0.0192;0.0000;46;38;0.0733;250.2672;-6.6718;-0.5822;618.6541;300.0;300.0;300.0;193.0
754.0;0.8370;0.8297;-0.0234;0.0000;46;38;-0.0049;250.2672;-6.6718;-0.5822;618.6541;300.0;300.0;300.0;196.5
754.5;0.8356;0.8269;-0.0797;0.0000;46;38;-0.0831;250.2672;-6.6794;-0.5822;619.4537;300.0;300.0;300.0;194.7
755.0;0.8338;0.8242;-0.0783;0.0000;46;38;-0.0049;250.2672;-6.6870;-0.5822;619.4537;300.0;300.0;300.0;193.5
755.5;0.8315;0.8219;-0.0989;0.0000;46;38;-0.0049;250.2672;-6.6870;-0.5822;620.2533;300.0;300.0;300.0;193.0
756.0;0.8283;0.8191;-0.0357;0.0000;48;38;-0.0831;250.2672;-6.6947;-0.5822;620.2533;300.0;300.0;300.0;193.0
756.5;0.8255;0.8168;-0.0096;0.0000;48;38;-0.0831;250.2672;-6.6947;-0.5822;621.0529;300.0;300.0;300.0;193.0
757.0;0.8228;0.8141;0.0508;0.0000;50;38;-0.0049;250.2672;-6.7023;-0.5822;621.0529;300.0;300.0;300.0;195.3
757.5;0.8201;0.8118;0.0756;0.0000;52;38;-0.1711;250.2672;-6.7023;-0.5822;621.8525;300.0;300.0;300.0;193.5
758.0;0.8173;0.8091;0.1058;0.0000;52;40;-0.0049;250.2672;-6.7099;-0.5822;621.8525;300.0;300.0;300.0;193.5
758.5;0.8146;0.8068;0.1387;0.0000;54;40;-0.0147;250.2672;-6.7099;-0.5822;622.6522;300.0;300.0;300.0;193.0
759.0;0.8114;0.8045;0.1360;0.0000;54;40;-0.0929;250.2672;-6.7176;-0.5822;622.6522;300.0;300.0;300.0;193.0
759.5;0.8068;0.8017;0.1621;0.0000;56;42;-0.0147;250.2672;-6.7176;-0.5602;623.4517;300.0;300.0;300.0;192.4
760.0;0.8027;0.7995;0.1429;0.0000;58;46;0.0733;250.2672;-6.7252;-0.5602;623.4517;300.0;300.0;300.0;193.0
760.5;0.7976;0.7972;0.1470;0.0000;60;48;-0.0147;250.2672;-6.7252;-0.5602;623.4517;300.0;300.0;300.0;193.0
761.0;0.7921;0.7944;0.1415;0.0000;64;52;-0.0147;250.2672;-6.7328;-0.5602;624.2513;300.0;299.7;300.0;193.0
761.5;0.7862;0.7921;0.1429;0.0000;65;56;-0.0049;250.2672;-6.7328;-0.5602;624.2513;300.0;299.7;300.0;193.5
762.0;0.7816;0.7898;0.1470;0.0000;69;58;-0.0929;250.2672;-6.7328;-0.5602;625.0510;300.0;300.0;300.0;195.9
762.5;0.7761;0.7875;0.1758;0.0000;71;60;-0.0147;250.2672;-6.7405;-0.5382;625.0510;300.0;300.0;300.0;194.7
763.0;0.7711;0.7848;0.1758;0.0000;73;62;-0.0929;250.2672;-6.7405;-0.5382;625.8506;300.0;300.0;300.0;194.1
763.5;0.7660;0.7825;0.1648;0.0000;75;64;0.0733;250.2672;-6.7481;-0.5382;625.8506;300.0;300.0;300.0;194.1
764.0;0.7610;0.7802;0.1580;0.0000;77;65;-0.0929;250.2672;-6.7481;-0.5382;625.8506;300.0;300.0;300.0;195.3
764.5;0.7564;0.7779;0.1497;0.0000;79;65;-0.0929;250.2672;-6.7557;-0.5163;626.6502;300.0;300.0;300.0;194.7
765.0;0.7527;0.7756;0.1401;0.0000;81;67;-0.0929;250.2672;-6.7557;-0.5163;626.6502;300.0;300.0;300.0;195.3
765.5;0.7500;0.7734;0.0824;0.0000;79;67;-0.0049;250.2672;-6.7557;-0.5163;627.4498;300.0;300.0;300.0;194.7
766.0;0.7473;0.7706;0.0453;0.0000;77;67;-0.0831;250.2672;-6.7634;-0.5163;627.4498;300.0;300.0;300.0;193.5
766.5;0.7450;0.7683;-0.0165;0.0000;75;65;-0.0049;250.2672;-6.7634;-0.5163;628.2494;300.0;300.0;300.0;193.5
767.0;0.7436;0.7660;-0.0357;0.0000;73;64;-0.0049;250.2672;-6.7710;-0.5163;628.2494;300.0;300.0;300.0;193.5
767.5;0.7427;0.7637;-0.0962;0.0000;69;64;-0.0049;250.2672;-6.7710;-0.5163;629.0490;300.0;300.0;300.0;193.5
768.0;0.7408;0.7614;-0.1236;0.0000;67;62;-0.0831;250.2672;-6.7786;-0.5163;629.0490;300.0;300.0;300.0;193.5
768.5;0.7395;0.7592;-0.1717;0.0000;65;62;0.0831;250.2672;-6.7786;-0.5382;629.8486;300.0;300.0;300.0;195.9
769.0;0.7381;0.7569;-0.2115;0.0000;64;60;0.0049;250.2672;-6.7863;-0.5382;629.8486;300.0;300.0;300.0;194.1
769.5;0.7367;0.7546;-0.2280;0.0000;62;60;-0.0831;250.2672;-6.7863;-0.5382;630.6483;300.0;300.0;300.0;194.1
770.0;0.7363;0.7527;-0.2596;0.0000;60;58;0.0831;250.2672;-6.7939;-0.5602;630.6483;300.0;300.0;300.0;194.1
770.5;0.7344;0.7505;-0.2706;0.0000;58;56;-0.0733;250.2672;-6.7939;-0.5602;631.4478;300.0;300.0;300.0;194.1
771.0;0.7326;0.7482;-0.3146;0.0000;58;58;0.0831;250.2672;-6.8015;-0.5602;631.4478;300.0;300.0;300.0;193.5
771.5;0.7317;0.7459;-0.3242;0.0000;56;56;0.0049;250.2672;-6.8015;-0.5822;632.2474;300.0;300.0;300.0;193.5
772.0;0.7303;0.7436;-0.3654;0.0000;56;56;-0.0733;250.2672;-6.8092;-0.5822;632.2474;300.0;300.0;300.0;193.5
772.5;0.7294;0.7413;-0.3558;-0.2005;95;15;0.0049;250.2672;-6.8092;-0.6042;633.0471;300.0;300.0;300.0;193.0
773.0;0.7280;0.7390;-0.3091;-0.4011;97;11;0.0831;250.2672;-6.8168;-0.6042;633.0471;300.0;300.0;300.0;191.8
773.5;0.7257;0.7372;-0.2885;-0.6003;99;7;0.0049;250.2672;-6.8168;-0.6042;633.8467;300.0;299.7;300.0;191.8
774.0;0.7239;0.7349;-0.2514;-0.8008;103;5;0.0831;250.2672;-6.8244;-0.6261;633.8467;300.0;300.0;300.0;191.2
774.5;0.7212;0.7326;-0.2308;-1.0000;105;3;0.0049;250.2672;-6.8244;-0.6261;634.6463;300.0;299.1;300.0;191.8
775.0;0.7175;0.7308;-0.2418;-1.2005;110;3;-0.0733;250.2672;-6.8244;-0.6261;634.6463;300.0;300.0;300.0;191.8
775.5;0.7138;0.7285;-0.3104;-1.4011;114;5;0.0049;250.2672;-6.8321;-0.6481;634.6463;300.0;300.0;300.0;192.4
776.0;0.7106;0.7262;-0.3777;-1.6003;116;5;0.0929;250.2672;-6.8321;-0.6481;635.4459;300.0;300.0;300.0;191.8
776.5;0.7079;0.7244;-0.5398;-1.8008;118;3;-0.0635;250.2672;-6.8397;-0.6701;635.4459;300.0;300.0;300.0;192.4
777.0;0.7056;0.7221;-0.7582;-1.7005;58;64;-0.0635;250.2672;-6.8473;-0.6921;636.2455;300.0;300.0;300.0;191.2
777.5;0.7042;0.7198;-0.9451;-1.5000;32;87;-0.0538;250.2672;-6.8473;-0.7140;636.2455;300.0;300.0;300.0;189.7
778.0;0.7024;0.7179;-1.1566;-1.6003;89;30;-0.0440;250.2672;-6.8550;-0.7580;637.0451;300.0;300.0;300.0;190.9
778.5;0.7001;0.7157;-1.4217;-1.5000;46;71;-0.0342;250.2672;-6.8550;-0.8019;637.0451;300.0;300.0;300.0;189.1
779.0;0.6992;0.7138;-1.6552;-1.4011;40;75;0.0538;250.2672;-6.8626;-0.8459;637.8447;300.0;300.0;300.0;188.3
779.5;0.6978;0.7115;-1.8036;-1.2005;17;97;-0.0244;250.2672;-6.8702;-0.8898;637.8447;300.0;300.0;300.0;186.5
780.0;0.6978;0.7097;-1.9107;-1.4011;93;17;0.0635;250.2672;-6.8779;-0.9557;637.8447;300.0;300.0;300.0;188.3
780.5;0.6973;0.7074;-1.9313;-1.2005;13;95;-0.0147;250.2672;-6.8855;-0.9997;638.6443;300.0;300.0;300.0;186.2
781.0;0.6955;0.7056;-1.9203;-1.1003;28;75;0.1417;250.2672;-6.8855;-1.0656;638.6443;300.0;300.0;300.0;185.6
781.5;0.6937;0.7038;-1.8503;-0.9011;9;97;0.1417;250.2672;-6.8931;-1.1096;639.4439;300.0;300.0;300.0;183.9
782.0;0.6923;0.7015;-1.7816;-0.8008;26;77;-0.0244;250.2672;-6.9008;-1.1535;639.4439;300.0;300.0;300.0;182.4
782.5;0.6896;0.6996;-1.6593;-0.7005;28;79;0.1320;250.2672;-6.9084;-1.1975;640.2435;300.0;300.0;300.0;182.1
783.0;0.6877;0.6973;-1.5797;-0.7005;48;60;-0.0342;250.2672;-6.9160;-1.2634;640.2435;300.0;300.0;300.0;181.2
783.5;0.6854;0.6955;-1.4203;-0.8008;71;36;0.0440;250.2672;-6.9237;-1.2854;640.2435;300.0;300.0;300.0;182.4
784.0;0.6827;0.6937;-1.2225;-0.6003;15;97;0.2004;250.2672;-6.9313;-1.3293;641.0432;300.0;300.0;300.0;179.5
784.5;0.6804;0.6918;-1.1387;-0.5000;32;77;0.0342;250.2672;-6.9389;-1.3513;641.0432;300.0;300.0;300.0;179.5
785.0;0.6790;0.6896;-0.9698;-0.4011;32;75;0.0244;250.2672;-6.9466;-1.3952;641.8428;300.0;300.0;300.0;178.6
785.5;0.6777;0.6877;-0.8832;-0.4011;54;56;0.0244;250.2672;-6.9542;-1.4172;641.8428;300.0;300.0;300.0;178.9
786.0;0.6749;0.6859;-0.7266;-0.4011;56;56;0.1026;250.2672;-6.9618;-1.4392;642.6424;300.0;300.0;300.0;178.3
786.5;0.6735;0.6841;-0.6401;-0.4011;56;54;-0.0635;250.2672;-6.9695;-1.4612;642.6424;300.0;297.4;300.0;178.6
787.0;0.6722;0.6818;-0.5165;-0.4011;58;52;0.0929;250.2672;-6.9771;-1.4612;642.6424;300.0;297.4;300.0;178.3
787.5;0.6703;0.6799;-0.4547;-0.3008;36;71;0.0147;250.2672;-6.9847;-1.4831;643.4420;300.0;297.4;300.0;177.7
788.0;0.6694;0.6781;-0.3846;-0.3008;56;52;0.0929;250.2672;-7.0000;-1.4831;643.4420;300.0;298.5;300.0;177.7
788.5;0.6690;0.6763;-0.2321;-0.5000;97;7;0.0049;250.2672;-7.0076;-1.5051;644.2416;300.0;299.7;300.0;180.6
789.0;0.6676;0.6745;-0.1676;-0.4011;36;64;0.0831;250.2672;-7.0153;-1.5051;644.2416;300.0;300.0;300.0;178.6
789.5;0.6653;0.6726;-0.0714;-0.4011;58;46;-0.0049;250.2672;-7.0229;-1.5051;645.0412;300.0;300.0;300.0;178.3
790.0;0.6630;0.6708;-0.0508;-0.3008;38;65;-0.0049;250.2672;-7.0305;-1.5051;645.0412;300.0;300.0;300.0;177.4
790.5;0.6607;0.6690;0.0234;-0.3008;60;48;-0.0049;250.2672;-7.0382;-1.5051;645.0412;300.0;300.0;300.0;177.4
791.0;0.6580;0.6671;0.0275;-0.3008;60;48;0.0733;250.2672;-7.0458;-1.5051;645.8408;300.0;300.0;300.0;177.7
791.5;0.6557;0.6653;0.0577;-0.3008;62;50;-0.0049;250.2672;-7.0534;-1.5051;645.8408;300.0;300.0;300.0;177.7
792.0;0.6534;0.6635;0.0165;-0.3008;60;50;0.0733;250.2672;-7.0687;-1.5051;646.6404;300.0;300.0;300.0;177.4
792.5;0.6497;0.6616;0.0137;-0.3008;62;52;-0.0049;250.2672;-7.0763;-1.5051;646.6404;300.0;300.0;300.0;177.4
793.0;0.6465;0.6598;-0.0714;-0.3008;64;54;-0.0831;250.2672;-7.0840;-1.5051;646.6404;300.0;300.0;300.0;177.4
793.5;0.6442;0.6580;-0.1236;-0.3008;64;56;-0.0049;250.2672;-7.0916;-1.5051;647.4401;300.0;300.0;300.0;177.4
794.0;0.6429;0.6561;-0.1387;-0.3008;62;56;0.0831;250.2672;-7.0992;-1.5051;647.4401;300.0;300.0;300.0;177.7
794.5;0.6415;0.6543;-0.1346;-0.3008;62;54;-0.0049;250.2672;-7.1069;-1.5271;648.2396;300.0;300.0;300.0;177.7
795.0;0.6392;0.6529;-0.1456;-0.2005;42;73;-0.0831;250.2672;-7.1145;-1.5271;648.2396;300.0;300.0;300.0;177.1
795.5;0.6383;0.6511;-0.2115;-0.3008;79;34;-0.0831;250.2672;-7.1298;-1.5271;648.2396;300.0;300.0;300.0;177.4
796.0;0.6364;0.6493;-0.2308;-0.3008;60;54;0.0831;250.2672;-7.1298;-1.5271;649.0392;300.0;300.0;300.0;177.4
796.5;0.6346;0.6474;-0.3187;-0.2005;38;73;0.0049;250.2672;-7.1450;-1.5490;649.0392;300.0;300.0;300.0;177.1
797.0;0.6337;0.6461;-0.3324;-0.2005;58;54;-0.0733;250.2672;-7.1527;-1.5490;649.8389;300.0;300.0;300.0;177.1
797.5;0.6328;0.6442;-0.3832;-0.2005;56;54;0.0049;250.2672;-7.1603;-1.5710;649.8389;300.0;300.0;300.0;176.5
798.0;0.6314;0.6424;-0.4025;-0.2005;54;54;0.0929;250.2672;-7.1679;-1.5710;649.8389;300.0;300.0;300.0;176.5
798.5;0.6291;0.6410;-0.4121;-0.2005;56;54;-0.0733;250.2672;-7.1756;-1.5930;650.6385;300.0;299.1;300.0;176.2
799.0;0.6273;0.6392;-0.3874;-0.2005;56;54;0.0049;250.2672;-7.1832;-1.5930;650.6385;300.0;296.8;300.0;176.2
799.5;0.6250;0.6374;-0.3681;-0.1003;36;75;0.0929;250.2672;-7.1908;-1.6150;651.4381;300.0;295.6;300.0;176.0
800.0;0.6236;0.6360;-0.3503;-0.1003;56;56;0.0049;250.2672;-7.2061;-1.6150;651.4381;300.0;295.6;300.0;175.4
800.5;0.6227;0.6342;-0.3558;-0.2005;75;34;-0.0733;250.2672;-7.2137;-1.6369;651.4381;300.0;295.6;300.0;176.5
801.0;0.6213;0.6328;-0.3558;-0.2005;56;54;0.0929;250.2672;-7.2214;-1.6369;652.2377;300.0;296.2;300.0;176.2
801.5;0.6200;0.6310;-0.2912;-0.1003;36;71;0.0049;250.2672;-7.2290;-1.6369;652.2377;300.0;297.9;300.0;175.4
802.0;0.6186;0.6291;-0.2885;-0.1003;56;54;-0.0733;250.2672;-7.2366;-1.6589;653.0373;300.0;299.7;300.0;175.4
802.5;0.6172;0.6277;-0.2088;-0.1003;56;52;0.0049;250.2672;-7.2443;-1.6589;653.0373;300.0;300.0;300.0;175.4
803.0;0.6158;0.6259;-0.2253;-0.1003;56;52;0.0049;250.2672;-7.2595;-1.6589;653.0373;300.0;300.0;300.0;176.0
803.5;0.6154;0.6245;-0.2514;-0.1003;54;52;0.0049;250.2672;-7.2672;-1.6809;653.8369;300.0;300.0;300.0;175.4
804.0;0.6136;0.6232;-0.2843;-0.1003;54;52;0.0049;250.2672;-7.2748;-1.6809;653.8369;300.0;300.0;300.0;175.1
804.5;0.6126;0.6213;-0.2541;-0.1003;54;52;0.0049;250.2672;-7.2824;-1.6809;654.6365;300.0;300.0;300.0;175.1
805.0;0.6108;0.6200;-0.2005;-0.1003;54;52;0.0831;250.2672;-7.2901;-1.7029;654.6365;300.0;300.0;300.0;175.4
805.5;0.6090;0.6181;-0.2143;-0.1003;56;52;-0.0831;250.2672;-7.3053;-1.7029;654.6365;300.0;300.0;300.0;175.4
806.0;0.6076;0.6168;-0.1951;-0.1003;56;52;0.0049;250.2672;-7.3130;-1.7029;655.4362;300.0;300.0;300.0;175.1
806.5;0.6067;0.6154;-0.2047;0.0000;34;71;0.0049;250.2672;-7.3206;-1.7029;655.4362;300.0;300.0;300.0;174.8
807.0;0.6053;0.6136;-0.1786;0.0000;54;52;0.0831;250.2672;-7.3282;-1.7248;655.4362;300.0;300.0;300.0;174.8
807.5;0.6044;0.6122;-0.2060;0.0000;52;52;0.0049;250.2672;-7.3359;-1.7248;656.2357;300.0;300.0;300.0;174.8
808.0;0.6030;0.6108;-0.1799;0.0000;54;52;-0.0831;250.2672;-7.3511;-1.7248;656.2357;300.0;300.0;300.0;174.5
808.5;0.6016;0.6094;-0.1648;0.0000;54;50;0.0049;250.2672;-7.3588;-1.7248;657.0353;300.0;299.7;300.0;174.5
809.0;0.5998;0.6076;-0.1319;0.0000;54;50;-0.0049;250.2672;-7.3664;-1.7468;657.0353;300.0;299.1;300.0;174.5
809.5;0.5975;0.6062;-0.1016;0.0000;56;52;0.0831;250.2672;-7.3740;-1.7468;657.0353;300.0;299.7;300.0;174.8
810.0;0.5952;0.6049;-0.0536;-0.1003;75;32;0.0831;250.2672;-7.3817;-1.7468;657.8350;300.0;299.7;300.0;175.1
810.5;0.5934;0.6035;-0.0027;-0.1003;60;52;-0.0831;250.2672;-7.3893;-1.7468;657.8350;300.0;297.9;300.0;175.4
811.0;0.5911;0.6021;0.0014;-0.1003;60;52;0.0733;250.2672;-7.3969;-1.7468;657.8350;300.0;297.9;300.0;175.4
811.5;0.5893;0.6003;0.0220;-0.1003;62;52;-0.0831;250.2672;-7.4046;-1.7468;658.6346;300.0;296.2;300.0;175.1
812.0;0.5870;0.5989;-0.0096;-0.1003;62;52;-0.0049;250.2672;-7.4198;-1.7468;658.6346;300.0;294.4;300.0;175.4
812.5;0.5847;0.5975;-0.0343;-0.1003;62;54;-0.0049;250.2672;-7.4275;-1.7468;658.6346;300.0;292.1;300.0;175.1
813.0;0.5820;0.5962;-0.0975;-0.1003;62;56;-0.0049;250.2672;-7.4351;-1.7468;659.4342;300.0;291.5;300.0;175.1
813.5;0.5792;0.5948;-0.1071;-0.1003;64;58;-0.0049;250.2672;-7.4427;-1.7468;659.4342;300.0;290.9;300.0;175.1
814.0;0.5760;0.5934;-0.1758;-0.1003;65;60;0.0049;250.2672;-7.4504;-1.7468;659.4342;300.0;291.5;300.0;175.1
814.5;0.5742;0.5920;-0.2321;-0.1003;64;62;0.0049;250.2672;-7.4580;-1.7688;660.2338;300.0;293.8;300.0;175.4
815.0;0.5714;0.5907;-0.2500;-0.1003;65;62;0.0049;250.2672;-7.4656;-1.7688;660.2338;300.0;295.0;300.0;175.1
815.5;0.5696;0.5893;-0.2967;-0.1003;65;62;-0.0733;250.2672;-7.4733;-1.7688;661.0334;300.0;295.0;300.0;175.1
816.0;0.5668;0.5879;-0.2981;0.0000;46;83;0.0049;250.2672;-7.4809;-1.7908;661.0334;300.0;295.6;300.0;174.5
816.5;0.5655;0.5865;-0.3352;0.0000;64;65;0.0049;250.2672;-7.4962;-1.7908;661.0334;300.0;296.8;300.0;174.5
817.0;0.5650;0.5852;-0.3242;0.0000;64;64;0.0049;250.2672;-7.5038;-1.8127;661.8330;300.0;299.1;300.0;174.5
817.5;0.5632;0.5838;-0.3613;0.0000;62;64;0.0049;250.2672;-7.5114;-1.8127;661.8330;300.0;300.0;300.0;174.8
818.0;0.5623;0.5829;-0.3668;0.0000;62;64;0.0049;250.2672;-7.5191;-1.8347;661.8330;300.0;300.0;300.0;173.9
818.5;0.5609;0.5815;-0.3613;0.0000;62;62;-0.0733;250.2672;-7.5344;-1.8347;662.6326;300.0;300.0;300.0;173.6
819.0;0.5595;0.5801;-0.3516;0.0000;62;62;0.0929;250.2672;-7.5420;-1.8347;662.6326;300.0;300.0;300.0;174.5
819.5;0.5595;0.5788;-0.3187;0.0000;62;62;0.0049;250.2672;-7.5496;-1.8567;662.6326;300.0;300.0;300.0;173.9
820.0;0.5582;0.5774;-0.2637;0.0000;62;60;0.0049;250.2672;-7.5573;-1.8567;663.4323;300.0;298.5;300.0;173.6
820.5;0.5572;0.5765;-0.1662;0.0000;62;58;-0.0831;250.2672;-7.5649;-1.8567;663.4323;300.0;295.6;300.0;173.9
821.0;0.5559;0.5751;-0.1264;0.0000;64;58;-0.0831;250.2672;-7.5802;-1.8787;663.4323;300.0;296.2;300.0;174.5
821.5;0.5549;0.5737;-0.0549;0.0000;64;56;0.0831;250.2672;-7.5878;-1.8787;664.2318;300.0;296.2;300.0;173.9
822.0;0.5540;0.5723;-0.0275;0.0000;64;56;-0.0831;250.2672;-7.5954;-1.8787;664.2318;300.0;296.8;300.0;173.9
822.5;0.5527;0.5714;0.0041;-0.1003;83;34;-0.0049;250.2672;-7.6031;-1.8787;664.2318;300.0;295.6;300.0;175.4
823.0;0.5513;0.5701;0.0110;0.0000;46;75;-0.0831;250.2672;-7.6107;-1.8787;665.0314;300.0;295.0;300.0;174.8
823.5;0.5495;0.5691;0.0082;0.0000;64;56;-0.0049;250.2672;-7.6183;-1.8787;665.0314;300.0;294.4;300.0;174.8
824.0;0.5472;0.5678;-0.0027;0.0000;65;58;-0.0049;250.2672;-7.6260;-1.8787;665.0314;300.0;293.8;300.0;173.9
824.5;0.5458;0.5664;-0.0371;0.0000;65;60;0.0733;250.2672;-7.6336;-1.8787;665.8311;300.0;292.7;300.0;173.6
825.0;0.5444;0.5655;-0.0673;0.0000;65;60;-0.0831;250.2672;-7.6489;-1.8787;665.8311;300.0;289.7;300.0;173.3
825.5;0.5440;0.5641;-0.1099;0.0989;44;79;-0.0049;250.2672;-7.6565;-1.8787;666.6307;300.0;288.6;300.0;173.0
826.0;0.5430;0.5632;-0.1030;0.0000;81;38;-0.0049;250.2672;-7.6641;-1.8787;666.6307;300.0;288.6;300.0;173.3
826.5;0.5430;0.5618;-0.1195;0.0000;62;58;-0.0049;250.2672;-7.6718;-1.8787;666.6307;300.0;289.1;300.0;173.3
827.0;0.5421;0.5609;-0.0838;0.0000;62;58;-0.0049;250.2672;-7.6870;-1.8787;667.4303;300.0;290.3;300.0;173.3
827.5;0.5408;0.5595;-0.0920;0.0989;42;77;-0.0049;250.2672;-7.6947;-1.8787;667.4303;300.0;292.1;300.0;173.0
828.0;0.5389;0.5586;-0.0934;0.0000;81;38;-0.0049;250.2672;-7.7023;-1.9006;667.4303;300.0;293.8;300.0;173.3
828.5;0.5371;0.5577;-0.1030;0.0000;64;60;-0.0049;250.2672;-7.7099;-1.9006;668.2299;300.0;295.0;300.0;173.6
829.0;0.5362;0.5563;-0.0975;0.0000;64;60;-0.0049;250.2672;-7.7176;-1.9006;668.2299;300.0;296.2;300.0;173.3
829.5;0.5353;0.5554;-0.0701;0.0000;64;60;-0.0049;250.2672;-7.7252;-1.9006;668.2299;300.0;297.4;300.0;173.6
830.0;0.5343;0.5540;-0.0769;0.0000;64;60;-0.0831;250.2672;-7.7328;-1.9006;669.0295;300.0;299.7;300.0;173.6
830.5;0.5334;0.5531;-0.0577;0.0000;64;58;0.0831;250.2672;-7.7481;-1.9006;669.0295;300.0;300.0;300.0;173.6
831.0;0.5339;0.5522;-0.0728;0.0000;62;58;-0.0049;250.2672;-7.7557;-1.9006;669.0295;300.0;300.0;300.0;173.3
831.5;0.5334;0.5513;-0.0687;0.0000;62;56;-0.0049;250.2672;-7.7634;-1.9006;669.8291;300.0;300.0;300.0;173.3
832.0;0.5330;0.5499;-0.0948;0.0000;60;56;-0.0831;250.2672;-7.7710;-1.9006;669.8291;300.0;297.9;300.0;174.5
832.5;0.5330;0.5490;-0.0838;0.0000;60;56;0.0831;250.2672;-7.7863;-1.9226;669.8291;300.0;295.6;300.0;173.9
833.0;0.5330;0.5481;-0.0879;0.0000;60;54;-0.0831;250.2672;-7.7939;-1.9226;670.6287;300.0;295.0;300.0;173.6
833.5;0.5321;0.5472;-0.1085;0.0000;58;54;0.0831;250.2672;-7.8015;-1.9226;670.6287;300.0;293.8;300.0;173.3
834.0;0.5316;0.5462;-0.1264;0.0989;38;73;-0.0831;250.2672;-7.8092;-1.9226;670.6287;300.0;293.3;300.0;173.0
834.5;0.5307;0.5449;-0.1332;0.0989;58;56;-0.0049;250.2672;-7.8168;-1.9226;671.4283;300.0;292.1;300.0;172.7
835.0;0.5293;0.5440;-0.1168;0.0000;77;36;-0.0049;250.2672;-7.8244;-1.9226;671.4283;300.0;292.1;300.0;173.3
835.5;0.5284;0.5430;-0.1484;0.0000;60;56;-0.0831;250.2672;-7.8397;-1.9226;671.4283;300.0;292.7;300.0;174.8
836.0;0.5279;0.5421;-0.1525;0.0000;60;56;0.0831;250.2672;-7.8473;-1.9446;672.2280;300.0;292.7;300.0;173.6
836.5;0.5270;0.5412;-0.1909;0.0989;38;75;0.0049;250.2672;-7.8550;-1.9446;672.2280;300.0;291.5;300.0;173.0
837.0;0.5266;0.5403;-0.1854;0.0989;58;58;0.0831;250.2672;-7.8626;-1.9446;672.2280;300.0;289.7;300.0;172.1
837.5;0.5256;0.5394;-0.1772;0.0989;58;58;0.0049;250.2672;-7.8702;-1.9446;673.0275;300.0;288.6;300.0;172.7
838.0;0.5256;0.5385;-0.1744;0.0989;56;58;0.0049;250.2672;-7.8855;-1.9666;673.0275;300.0;286.5;300.0;172.7
838.5;0.5252;0.5375;-0.1635;0.0989;56;56;0.0049;250.2672;-7.8931;-1.9666;673.0275;300.0;285.3;300.0;172.7
839.0;0.5243;0.5366;-0.1758;0.0989;56;58;0.0049;250.2672;-7.9008;-1.9666;673.8271;300.0;285.3;300.0;172.1
839.5;0.5224;0.5357;-0.1676;0.1992;36;77;0.0831;250.2672;-7.9084;-1.9666;673.8271;300.0;285.3;300.0;171.8
840.0;0.5211;0.5348;-0.1538;0.1992;56;62;0.0831;250.2672;-7.9160;-1.9666;673.8271;300.0;287.1;300.0;171.8
840.5;0.5197;0.5339;-0.0852;0.1992;58;60;-0.0049;250.2672;-7.9237;-1.9885;674.6268;300.0;287.7;300.0;171.6
841.0;0.5188;0.5334;-0.0275;0.0989;79;40;0.0733;250.2672;-7.9313;-1.9885;674.6268;300.0;288.6;300.0;173.0
841.5;0.5179;0.5325;0.0549;0.0989;62;58;-0.0929;250.2672;-7.9466;-1.9885;674.6268;300.0;289.7;300.0;172.1
842.0;0.5169;0.5316;0.0975;0.1992;42;77;-0.0049;250.2672;-7.9542;-1.9666;675.4264;300.0;289.7;300.0;171.8
842.5;0.5156;0.5307;0.1497;0.1992;62;60;-0.0147;250.2672;-7.9618;-1.9666;675.4264;300.0;290.9;300.0;171.6
843.0;0.5142;0.5298;0.1799;0.1992;64;60;-0.0147;250.2672;-7.9695;-1.9666;675.4264;300.0;294.4;300.0;171.6
843.5;0.5133;0.5293;0.2060;0.1992;64;60;-0.0929;250.2672;-7.9771;-1.9666;676.2260;300.0;295.0;300.0;171.6
844.0;0.5133;0.5284;0.2129;0.1992;64;58;0.0733;250.2672;-7.9924;-1.9446;676.2260;300.0;295.0;300.0;171.6
844.5;0.5124;0.5275;0.1799;0.1992;62;58;-0.0147;250.2672;-8.0000;-1.9446;676.2260;300.0;295.0;300.0;171.6
845.0;0.5124;0.5266;0.1964;0.1992;62;58;0.0733;250.2672;-8.0076;-1.9446;677.0256;300.0;292.7;300.0;171.6
845.5;0.5119;0.5261;0.1662;0.1992;60;58;-0.0147;250.2672;-8.0153;-1.9446;677.0256;300.0;291.5;300.0;171.6
846.0;0.5110;0.5252;0.1813;0.1992;62;58;-0.0147;250.2672;-8.0229;-1.9226;677.0256;300.0;290.3;300.0;171.8
846.5;0.5101;0.5247;0.1827;0.1992;62;58;-0.0147;250.2672;-8.0305;-1.9226;677.8252;300.0;289.7;300.0;171.8
847.0;0.5096;0.5238;0.1745;0.1992;62;58;-0.0929;250.2672;-8.0382;-1.9226;677.8252;300.0;289.1;300.0;171.8
847.5;0.5092;0.5229;0.1827;0.0000;103;17;-0.0147;250.2672;-8.0458;-1.9226;677.8252;300.0;289.1;300.0;173.3
848.0;0.5082;0.5224;0.1882;0.0989;44;75;-0.0147;250.2672;-8.0611;-1.9226;678.6248;300.0;289.1;300.0;173.0
848.5;0.5073;0.5215;0.2184;0.0989;64;56;-0.0147;250.2672;-8.0687;-1.9006;678.6248;300.0;288.6;300.0;172.1
849.0;0.5069;0.5211;0.2115;0.0000;83;34;-0.0929;250.2672;-8.0763;-1.9006;678.6248;300.0;288.6;300.0;173.9
849.5;0.5069;0.5201;0.2170;0.0989;44;73;0.0733;250.2672;-8.0840;-1.9006;679.4244;300.0;288.3;300.0;173.0
850.0;0.5069;0.5197;0.1992;0.0989;62;56;-0.0147;250.2672;-8.0916;-1.8787;679.4244;300.0;287.7;300.0;172.7
850.5;0.5064;0.5188;0.1731;0.0989;62;56;-0.0147;250.2672;-8.0992;-1.8787;679.4244;300.0;285.3;300.0;172.1
851.0;0.5055;0.5183;0.1456;0.0989;62;56;-0.0147;250.2672;-8.1069;-1.8787;679.4244;300.0;283.9;300.0;172.7
851.5;0.5055;0.5179;0.1291;0.0989;60;56;0.0733;250.2672;-8.1145;-1.8787;680.2241;300.0;283.3;300.0;172.7
852.0;0.5050;0.5169;0.0907;0.0989;60;56;-0.0049;250.2672;-8.1221;-1.8787;680.2241;300.0;282.7;300.0;172.1
852.5;0.5050;0.5165;0.0330;0.0989;60;56;-0.0049;250.2672;-8.1374;-1.8787;681.0236;300.0;283.3;300.0;172.7
853.0;0.5050;0.5160;-0.0027;0.0989;58;56;-0.0049;250.2672;-8.1450;-1.8787;681.0236;300.0;284.8;300.0;172.7
853.5;0.5046;0.5151;-0.0481;0.0989;58;58;-0.0049;250.2672;-8.1527;-1.8787;681.0236;300.0;287.1;300.0;173.0
854.0;0.5037;0.5147;-0.0577;0.0989;58;58;-0.0049;250.2672;-8.1603;-1.8787;681.0236;300.0;289.1;300.0;172.7
854.5;0.5037;0.5142;-0.1113;0.0989;58;58;0.0831;250.2672;-8.1679;-1.8787;681.8232;300.0;290.3;300.0;172.7
855.0;0.5037;0.5133;-0.1332;0.1992;36;77;-0.0049;250.2672;-8.1756;-1.8787;681.8232;300.0;292.1;300.0;171.8
855.5;0.5037;0.5128;-0.1676;0.0989;75;38;-0.0831;250.2672;-8.1832;-1.8787;681.8232;300.0;295.0;300.0;172.7
856.0;0.5037;0.5124;-0.1799;0.0989;56;58;0.0831;250.2672;-8.1985;-1.9006;682.6229;300.0;296.2;300.0;172.7
856.5;0.5032;0.5119;-0.1882;0.0989;56;58;0.0049;250.2672;-8.2061;-1.9006;682.6229;300.0;295.6;300.0;172.7
857.0;0.5032;0.5114;-0.1813;0.0989;56;56;-0.0831;250.2672;-8.2137;-1.9006;682.6229;300.0;295.6;300.0;172.1
857.5;0.5032;0.5110;-0.1744;0.0000;75;34;0.0049;250.2672;-8.2214;-1.9006;683.4225;300.0;294.4;300.0;173.3
858.0;0.5027;0.5101;-0.1799;0.0989;36;75;0.0049;250.2672;-8.2290;-1.9226;683.4225;300.0;292.1;300.0;172.7
858.5;0.5027;0.5096;-0.1772;0.1992;34;75;-0.0831;250.2672;-8.2366;-1.9226;683.4225;300.0;289.7;300.0;171.8
859.0;0.5027;0.5092;-0.1964;0.0000;95;17;0.0049;250.2672;-8.2443;-1.9226;684.2221;300.0;289.7;300.0;173.3
859.5;0.5023;0.5087;-0.1841;0.0000;58;54;0.0049;250.2672;-8.2519;-1.9226;684.2221;300.0;289.1;300.0;173.9
860.0;0.5018;0.5082;-0.1621;0.0000;58;54;0.0049;250.2672;-8.2595;-1.9226;684.2221;300.0;288.3;300.0;174.5
860.5;0.5018;0.5078;-0.1209;0.0989;36;73;-0.0831;250.2672;-8.2748;-1.9446;685.0217;300.0;288.3;300.0;173.0
861.0;0.5018;0.5073;-0.0755;0.1992;36;73;0.0831;250.2672;-8.2824;-1.9446;685.0217;300.0;287.7;300.0;171.8
861.5;0.5014;0.5069;-0.0398;0.1992;56;56;-0.0049;250.2672;-8.2901;-1.9446;685.0217;300.0;287.7;300.0;171.8
862.0;0.5009;0.5064;-0.0014;0.1992;56;56;-0.0049;250.2672;-8.2977;-1.9446;685.8213;300.0;287.7;300.0;171.3
862.5;0.5005;0.5060;0.0137;0.1992;58;56;-0.0049;250.2672;-8.3053;-1.9446;685.8213;300.0;286.5;300.0;171.6
863.0;0.4991;0.5055;0.0659;0.1992;58;56;0.0733;250.2672;-8.3130;-1.9446;685.8213;300.0;285.3;300.0;171.6
863.5;0.4973;0.5055;0.1085;0.1992;60;58;0.0733;250.2672;-8.3206;-1.9446;685.8213;300.0;283.3;300.0;171.6
864.0;0.4959;0.5050;0.1525;0.1992;62;60;-0.0147;250.2672;-8.3282;-1.9226;686.6209;300.0;282.1;300.0;171.8
864.5;0.4945;0.5046;0.1978;0.1992;64;60;-0.0147;250.2672;-8.3359;-1.9226;686.6209;300.0;280.6;300.0;171.8
865.0;0.4945;0.5041;0.2692;0.1992;64;60;0.0635;250.2672;-8.3435;-1.9226;686.6209;300.0;280.1;300.0;171.8
865.5;0.4950;0.5037;0.3022;0.1992;64;58;-0.0929;250.2672;-8.3588;-1.9006;687.4205;300.0;282.1;300.0;171.6
866.0;0.4950;0.5037;0.3310;0.1992;64;56;-0.0147;250.2672;-8.3664;-1.9006;687.4205;300.0;283.9;300.0;171.8
866.5;0.4950;0.5032;0.3352;0.1992;64;56;-0.0147;250.2672;-8.3740;-1.8787;687.4205;300.0;284.8;300.0;171.8
867.0;0.4954;0.5027;0.3104;0.0989;83;34;-0.0929;250.2672;-8.3817;-1.8787;688.2202;300.0;285.3;300.0;172.1
867.5;0.4954;0.5023;0.3242;0.0989;64;54;-0.0147;250.2672;-8.3893;-1.8787;688.2202;300.0;286.5;300.0;172.1
868.0;0.4954;0.5023;0.3063;0.0989;62;54;-0.0147;250.2672;-8.3969;-1.8567;688.2202;300.0;288.6;300.0;172.1
868.5;0.4954;0.5018;0.3228;0.0000;83;32;-0.0147;250.2672;-8.4046;-1.8567;689.0197;300.0;290.9;300.0;173.3
869.0;0.4959;0.5014;0.3091;0.0989;44;71;-0.0929;250.2672;-8.4122;-1.8347;689.0197;300.0;291.5;300.0;172.1
869.5;0.4968;0.5014;0.3159;0.0989;62;52;0.0635;250.2672;-8.4198;-1.8347;689.0197;300.0;291.5;300.0;172.1
870.0;0.4977;0.5009;0.2816;0.0989;60;50;-0.0929;250.2672;-8.4351;-1.8347;689.8193;300.0;292.1;300.0;173.0
870.5;0.4986;0.5009;0.2541;0.0989;58;50;-0.0147;250.2672;-8.4427;-1.8127;689.8193;300.0;292.1;300.0;173.0
871.0;0.4991;0.5005;0.1868;0.0000;75;28;-0.0147;250.2672;-8.4504;-1.8127;689.8193;300.0;289.7;300.0;173.3
871.5;0.4991;0.5005;0.1429;0.0989;36;69;-0.0147;250.2672;-8.4580;-1.8127;690.6190;300.0;288.3;300.0;173.0
872.0;0.4995;0.5000;0.0591;0.0000;75;30;-0.0929;250.2672;-8.4656;-1.8127;690.6190;300.0;286.5;300.0;173.3
872.5;0.4995;0.5000;-0.0343;0.0000;56;50;-0.0049;250.2672;-8.4733;-1.8127;690.6190;300.0;286.5;300.0;173.9
873.0;0.4995;0.5000;-0.1016;0.0000;56;54;-0.0049;250.2672;-8.4809;-1.8127;691.4186;300.0;287.1;300.0;173.6
873.5;0.5005;0.5000;-0.1538;0.0000;56;54;-0.0831;250.2672;-8.4885;-1.8127;691.4186;300.0;286.5;300.0;173.9
874.0;0.5009;0.5000;-0.1470;0.0000;56;54;0.0049;250.2672;-8.4962;-1.8127;691.4186;300.0;286.5;300.0;173.3
874.5;0.5014;0.5000;-0.1868;0.0989;34;73;-0.0831;250.2672;-8.5038;-1.8347;692.2182;300.0;286.5;300.0;172.7
875.0;0.5023;0.5000;-0.2294;0.0989;54;54;0.0049;250.2672;-8.5114;-1.8347;692.2182;300.0;286.5;300.0;172.1
875.5;0.5023;0.5000;-0.2994;0.0989;52;56;0.0049;250.2672;-8.5191;-1.8347;692.2182;300.0;285.3;300.0;172.1
876.0;0.5023;0.5000;-0.3077;0.0989;52;56;0.0049;250.2672;-8.5267;-1.8567;693.0178;300.0;283.9;300.0;172.1
876.5;0.5023;0.5000;-0.3049;0.0989;52;56;0.0049;250.2672;-8.5344;-1.8567;693.0178;300.0;282.1;300.0;172.1
877.0;0.5023;0.5000;-0.2706;0.0989;54;56;0.0049;250.2672;-8.5420;-1.8567;693.0178;300.0;279.2;300.0;173.0
877.5;0.5023;0.5000;-0.2184;0.0989;54;54;-0.0831;250.2672;-8.5496;-1.8787;693.8174;300.0;291.5;300.0;172.7
878.0;0.5027;0.5000;-0.1566;0.0000;75;32;0.0049;250.2672;-8.5573;-1.8787;693.8174;300.0;290.3;300.0;173.6
878.5;0.5027;0.5000;-0.0453;0.0989;36;71;-0.0049;250.2672;-8.5725;-1.8787;693.8174;300.0;289.7;300.0;173.0
879.0;0.5027;0.5000;0.0288;0.0989;58;52;-0.0049;250.2672;-8.5802;-1.8787;693.8174;300.0;289.1;300.0;173.0
879.5;0.5023;0.5000;0.0948;0.0989;58;52;-0.0049;250.2672;-8.5878;-1.8787;694.6170;300.0;288.6;300.0;172.7
880.0;0.5023;0.5000;0.1085;0.0989;58;52;-0.0049;250.2672;-8.5954;-1.8787;694.6170;300.0;288.3;300.0;172.1
880.5;0.5018;0.5000;0.1429;0.0989;60;52;-0.0147;250.2672;-8.6031;-1.8567;694.6170;300.0;288.3;300.0;172.1
881.0;0.5014;0.5000;0.1277;0.1992;38;73;-0.0049;250.2672;-8.6107;-1.8567;695.4166;300.0;287.7;300.0;171.8
881.5;0.5005;0.5000;0.1580;0.0989;79;34;-0.0929;250.2672;-8.6183;-1.8567;695.4166;300.0;287.1;300.0;172.7
882.0;0.4991;0.5000;0.1841;0.0989;64;56;-0.0147;250.2672;-8.6260;-1.8567;695.4166;300.0;287.7;300.0;172.1
882.5;0.4977;0.5000;0.1566;0.0000;83;36;-0.0147;250.2672;-8.6336;-1.8567;696.2162;300.0;286.5;300.0;173.9
883.0;0.4968;0.5000;0.1717;0.0000;67;56;-0.0147;250.2672;-8.6412;-1.8347;696.2162;300.0;285.9;300.0;174.5
883.5;0.4968;0.5000;0.1607;0.0000;67;56;-0.0929;250.2672;-8.6489;-1.8347;696.2162;300.0;284.5;300.0;173.3
884.0;0.4968;0.5000;0.1868;0.0989;46;75;-0.0147;250.2672;-8.6565;-1.8347;696.2162;300.0;284.5;300.0;172.1
884.5;0.4968;0.5000;0.1607;0.0989;64;58;-0.0929;250.2672;-8.6641;-1.8347;697.0159;300.0;283.9;300.0;172.1
885.0;0.4959;0.5000;0.1676;0.0989;65;58;-0.0929;250.2672;-8.6718;-1.8347;697.0159;300.0;284.5;300.0;172.7
885.5;0.4945;0.5000;0.1099;0.0989;65;60;-0.0929;250.2672;-8.6794;-1.8127;697.0159;300.0;284.8;300.0;172.1
886.0;0.4936;0.5000;0.0659;0.0989;67;62;-0.0049;250.2672;-8.6870;-1.8127;697.8154;300.0;284.8;300.0;172.7
886.5;0.4931;0.5000;0.0343;0.0989;67;62;-0.0049;250.2672;-8.6947;-1.8127;697.8154;300.0;284.8;300.0;172.1
887.0;0.4927;0.5000;-0.0165;0.0989;65;62;-0.0049;250.2672;-8.7023;-1.8127;697.8154;300.0;284.8;300.0;172.1
887.5;0.4927;0.5000;-0.0536;0.0989;65;62;-0.0831;250.2672;-8.7099;-1.8127;698.6151;300.0;285.3;300.0;172.1
888.0;0.4931;0.5000;-0.1168;0.0989;64;62;-0.0049;250.2672;-8.7176;-1.8127;698.6151;300.0;285.3;300.0;172.7
888.5;0.4931;0.5000;-0.1346;0.0000;83;42;-0.0049;250.2672;-8.7252;-1.8347;698.6151;300.0;285.9;300.0;173.9
889.0;0.4936;0.5000;-0.1909;-0.1003;83;40;-0.0831;250.2672;-8.7328;-1.8347;699.4147;300.0;285.3;300.0;176.0
889.5;0.4940;0.5000;-0.1827;0.0000;44;77;0.0049;250.2672;-8.7405;-1.8347;699.4147;300.0;286.5;300.0;173.9
890.0;0.4945;0.5000;-0.2266;0.0989;40;79;-0.0733;250.2672;-8.7481;-1.8347;699.4147;300.0;285.9;300.0;173.0
890.5;0.4945;0.5000;-0.2157;0.0989;60;62;0.0049;250.2672;-8.7557;-1.8567;700.2143;300.0;285.9;300.0;173.0
891.0;0.4945;0.5000;-0.2473;0.0989;60;62;0.0049;250.2672;-8.7634;-1.8567;700.2143;300.0;285.9;300.0;172.1
891.5;0.4945;0.5000;-0.2843;0.0989;60;62;0.0049;250.2672;-8.7710;-1.8567;700.2143;300.0;285.3;300.0;173.0
892.0;0.4950;0.5000;-0.2706;0.0989;60;60;-0.0733;250.2672;-8.7863;-1.8787;701.0139;300.0;285.3;300.0;173.0
892.5;0.4954;0.5000;-0.2610;0.1992;38;79;0.0049;250.2672;-8.7939;-1.8787;701.0139;300.0;285.3;300.0;171.8
893.0;0.4959;0.5000;-0.2335;0.1992;58;62;0.0049;250.2672;-8.8015;-1.8787;701.0139;300.0;285.3;300.0;171.6
893.5;0.4959;0.5000;-0.2047;0.2995;36;81;0.0049;250.2672;-8.8092;-1.9006;701.0139;300.0;285.9;300.0;171.0
894.0;0.4959;0.5000;-0.1525;0.1992;77;40;0.0049;250.2672;-8.8168;-1.9006;701.8135;300.0;287.1;300.0;171.6
894.5;0.4963;0.5000;-0.1264;0.1992;58;60;0.0831;250.2672;-8.8244;-1.9006;701.8135;300.0;287.7;300.0;171.3
895.0;0.4959;0.5000;-0.0742;0.1992;58;60;-0.0831;250.2672;-8.8321;-1.9006;701.8135;300.0;287.1;300.0;171.6
895.5;0.4950;0.5000;-0.0357;0.1992;60;60;-0.0831;250.2672;-8.8397;-1.9006;702.6131;300.0;287.7;300.0;171.6
896.0;0.4940;0.5000;0.0220;0.1992;62;60;-0.0049;250.2672;-8.8473;-1.9006;702.6131;300.0;287.1;300.0;171.6
896.5;0.4950;0.5000;0.0549;0.0989;81;38;-0.0049;250.2672;-8.8550;-1.9006;702.6131;300.0;287.1;300.0;172.1
897.0;0.4954;0.5000;0.0604;0.0989;62;58;-0.0049;250.2672;-8.8626;-1.9006;703.4127;300.0;287.7;300.0;171.8
897.5;0.4959;0.5000;0.0783;0.0989;62;58;-0.0049;250.2672;-8.8702;-1.9006;703.4127;300.0;287.7;300.0;172.1
898.0;0.4959;0.5000;0.0838;0.1992;40;77;-0.0049;250.2672;-8.8779;-1.9006;703.4127;300.0;288.3;300.0;171.8
898.5;0.4959;0.5000;0.1003;0.0000;101;17;-0.0049;250.2672;-8.8855;-1.9006;704.2123;300.0;287.1;300.0;173.3
899.0;0.4959;0.5000;0.1016;0.0000;64;56;-0.0049;250.2672;-8.8931;-1.8787;704.2123;300.0;286.5;300.0;173.6
899.5;0.4959;0.5000;0.1030;0.0989;44;75;-0.0049;250.2672;-8.9084;-1.8787;704.2123;300.0;287.1;300.0;173.0
900.0;0.4959;0.5000;0.1099;0.1992;42;77;-0.0049;250.2672;-8.9160;-1.8787;704.2123;300.0;286.5;300.0;171.8
900.5;0.4954;0.5000;0.0920;0.1992;62;60;-0.0049;250.2672;-8.9237;-1.8787;705.0120;300.0;287.1;300.0;171.8
901.0;0.4954;0.5000;0.0673;0.0989;81;38;-0.0049;250.2672;-8.9313;-1.8787;705.0120;300.0;287.7;300.0;173.0
901.5;0.4950;0.5000;0.0302;0.0989;62;60;-0.0049;250.2672;-8.9389;-1.8787;705.0120;300.0;287.1;300.0;172.1
902.0;0.4950;0.5000;0.0000;0.1992;40;79;-0.0049;250.2672;-8.9466;-1.8787;705.8115;300.0;287.7;300.0;171.8
902.5;0.4954;0.5000;-0.0110;0.1992;60;60;-0.0831;250.2672;-8.9542;-1.8787;705.8115;300.0;287.1;300.0;171.8
903.0;0.4959;0.5000;-0.0206;0.1992;60;60;-0.0049;250.2672;-8.9618;-1.8787;705.8115;300.0;287.1;300.0;171.6
903.5;0.4963;0.5000;-0.0124;0.1992;58;60;0.0733;250.2672;-8.9695;-1.8787;706.6111;300.0;287.7;300.0;171.6
904.0;0.4973;0.5000;-0.0041;0.1992;58;58;-0.0049;250.2672;-8.9771;-1.8787;706.6111;300.0;287.7;300.0;171.8
904.5;0.4973;0.5000;0.0316;0.0989;77;36;-0.0049;250.2672;-8.9847;-1.8787;706.6111;300.0;288.3;300.0;172.1
905.0;0.4977;0.5000;0.0604;0.1992;38;75;-0.0049;250.2672;-8.9924;-1.8787;707.4108;300.0;288.3;300.0;171.8
905.5;0.4973;0.5000;0.0934;0.1992;60;58;-0.0049;250.2672;-9.0000;-1.8787;707.4108;300.0;288.6;300.0;171.8
906.0;0.4973;0.5000;0.1140;0.1992;60;58;-0.0049;250.2672;-9.0076;-1.8787;707.4108;300.0;289.1;300.0;171.8
906.5;0.4963;0.5000;0.1209;0.0989;81;36;-0.0929;250.2672;-9.0153;-1.8567;707.4108;300.0;289.1;300.0;172.1
907.0;0.4959;0.5000;0.1168;0.0989;64;58;-0.0049;250.2672;-9.0229;-1.8567;708.2104;300.0;289.1;300.0;172.7
907.5;0.4954;0.5000;0.1126;0.0989;64;58;-0.0049;250.2672;-9.0305;-1.8567;708.2104;300.0;288.3;300.0;172.7
908.0;0.4950;0.5000;0.1016;0.0989;64;60;-0.0049;250.2672;-9.0382;-1.8567;708.2104;300.0;287.7;300.0;172.7
908.5;0.4945;0.5000;0.0975;0.0989;64;60;-0.0049;250.2672;-9.0458;-1.8567;709.0100;300.0;287.7;300.0;172.1
909.0;0.4936;0.5000;0.0989;0.0989;64;62;0.0733;250.2672;-9.0534;-1.8567;709.0100;300.0;288.3;300.0;172.1
909.5;0.4936;0.5000;0.0865;0.0989;65;62;-0.0929;250.2672;-9.0611;-1.8567;709.0100;300.0;287.7;300.0;172.1
910.0;0.4936;0.5000;0.0907;0.0989;65;62;-0.0049;250.2672;-9.0687;-1.8567;709.8096;300.0;287.7;300.0;172.7
910.5;0.4931;0.5000;0.0687;0.0989;64;62;-0.0049;250.2672;-9.0840;-1.8347;709.8096;299.1;287.1;300.0;172.1
911.0;0.4931;0.5000;0.0261;0.0000;83;40;-0.0049;250.2672;-9.0916;-1.8347;709.8096;299.1;287.7;300.0;173.6
911.5;0.4931;0.5000;-0.0137;0.0989;44;81;-0.0049;250.2672;-9.0992;-1.8347;710.6092;299.1;287.1;300.0;172.7
912.0;0.4931;0.5000;-0.0591;0.0989;62;64;0.1613;250.2672;-9.1069;-1.8567;710.6092;299.1;287.7;300.0;172.7
912.5;0.4936;0.5000;-0.0920;0.0989;62;62;-0.0831;250.2672;-9.1145;-1.8567;710.6092;297.9;287.7;300.0;172.1
913.0;0.4940;0.5000;-0.1374;0.0989;60;62;-0.0049;250.2672;-9.1221;-1.8567;710.6092;297.9;288.3;300.0;172.7
913.5;0.4940;0.5000;-0.1525;0.0989;60;62;0.0049;250.2672;-9.1298;-1.8567;711.4088;297.9;288.6;300.0;172.1
914.0;0.4950;0.5000;-0.1648;0.0989;60;62;0.0831;250.2672;-9.1374;-1.8567;711.4088;295.9;288.3;300.0;172.1
914.5;0.4954;0.5000;-0.1319;0.0989;58;62;-0.0049;250.2672;-9.1450;-1.8567;711.4088;294.7;288.3;300.0;172.1
915.0;0.4963;0.5000;-0.0975;0.0989;58;60;-0.0831;250.2672;-9.1527;-1.8787;712.2084;291.2;287.7;300.0;172.7
915.5;0.4968;0.5000;-0.0591;0.1992;38;77;-0.0049;250.2672;-9.1603;-1.8787;712.2084;291.2;288.6;300.0;171.8
916.0;0.4973;0.5000;-0.0412;0.1992;56;58;-0.0049;250.2672;-9.1679;-1.8787;712.2084;290.3;288.3;300.0;171.8
916.5;0.4982;0.5000;-0.0275;0.1992;56;58;0.0733;250.2672;-9.1832;-1.8787;713.0081;290.3;287.7;300.0;171.8
917.0;0.4986;0.5000;-0.0041;0.1992;56;58;-0.0049;250.2672;-9.1908;-1.8787;713.0081;286.2;287.7;300.0;171.8
917.5;0.4995;0.5000;0.0137;0.1992;56;56;-0.0831;250.2672;-9.1985;-1.8787;713.0081;286.2;287.1;300.0;171.6
918.0;0.4995;0.5000;0.0247;0.1992;56;56;0.0733;250.2672;-9.2061;-1.8787;713.8076;285.0;287.1;300.0;171.8
918.5;0.5009;0.5000;0.0343;0.1992;54;56;-0.0049;250.2672;-9.2137;-1.8787;713.8076;286.2;287.7;300.0;171.8
919.0;0.5014;0.5000;0.0591;0.0000;95;13;-0.0049;250.2672;-9.2214;-1.8787;713.8076;284.2;287.7;300.0;173.6
919.5;0.5018;0.5000;0.0728;0.0989;36;71;-0.0049;250.2672;-9.2290;-1.8567;714.6072;285.0;288.3;300.0;173.9
920.0;0.5023;0.5000;0.0769;0.0000;75;32;-0.0049;250.2672;-9.2366;-1.8567;714.6072;283.0;287.7;300.0;174.8
920.5;0.5018;0.5000;0.0797;0.0000;58;52;0.0733;250.2672;-9.2443;-1.8567;714.6072;283.0;288.3;300.0;174.8
921.0;0.5018;0.5000;0.0920;0.0000;58;52;-0.0049;250.2672;-9.2519;-1.8567;715.4069;282.1;287.7;300.0;173.3
921.5;0.5018;0.5000;0.1223;0.0989;38;71;-0.0049;250.2672;-9.2595;-1.8567;715.4069;281.2;288.3;300.0;173.0
922.0;0.5014;0.5000;0.1387;0.0989;58;54;-0.0049;250.2672;-9.2672;-1.8567;715.4069;281.2;288.6;300.0;172.7
922.5;0.5027;0.5000;0.1566;0.0989;58;54;-0.0147;250.2672;-9.2824;-1.8567;716.2065;282.1;288.6;300.0;172.7
923.0;0.5027;0.5000;0.1607;0.0989;58;54;0.0733;250.2672;-9.2901;-1.8347;716.2065;281.2;288.3;300.0;172.1
923.5;0.5018;0.5000;0.1580;0.0989;58;54;0.0733;250.2672;-9.2977;-1.8347;716.2065;281.2;288.3;300.0;172.7
924.0;0.5018;0.5000;0.1538;0.0989;58;54;-0.0929;250.2672;-9.3053;-1.8347;717.0061;278.3;287.7;300.0;172.1
924.5;0.5018;0.5000;0.1662;0.0989;58;54;-0.0147;250.2672;-9.3130;-1.8347;717.0061;277.4;287.7;300.0;172.1
925.0;0.5014;0.5000;0.1827;0.1992;38;73;-0.0147;250.2672;-9.3206;-1.8127;717.0061;276.5;287.1;300.0;171.8
925.5;0.5014;0.5000;0.1813;0.0989;77;36;-0.0147;250.2672;-9.3282;-1.8127;717.0061;277.4;287.7;300.0;172.1
926.0;0.5009;0.5000;0.1951;0.0989;60;56;-0.0147;250.2672;-9.3359;-1.8127;717.8057;276.5;287.1;300.0;172.7
926.5;0.5005;0.5000;0.2115;0.0989;60;56;-0.0147;250.2672;-9.3435;-1.8127;717.8057;273.0;285.3;300.0;172.7
927.0;0.5005;0.5000;0.2225;0.0989;62;56;-0.0147;250.2672;-9.3511;-1.7908;717.8057;273.0;286.5;300.0;172.7
927.5;0.5000;0.5000;0.2074;0.0989;62;56;-0.0147;250.2672;-9.3588;-1.7908;718.6053;271.3;285.9;300.0;172.7
928.0;0.4995;0.5000;0.1964;0.0989;62;56;-0.0147;250.2672;-9.3664;-1.7908;718.6053;272.1;285.9;300.0;172.7
928.5;0.4995;0.5000;0.1717;0.0000;81;36;-0.0147;250.2672;-9.3740;-1.7908;718.6053;273.0;285.9;300.0;173.9
929.0;0.4991;0.5000;0.1332;0.0000;62;56;-0.0049;250.2672;-9.3817;-1.7688;719.4049;272.1;285.3;300.0;173.3
929.5;0.4986;0.5000;0.1113;0.0000;62;56;-0.0049;250.2672;-9.3893;-1.7688;719.4049;272.1;285.9;300.0;173.3
930.0;0.4991;0.5000;0.0962;0.0000;62;56;0.0733;250.2672;-9.3969;-1.7688;719.4049;274.8;285.3;300.0;174.5
930.5;0.4995;0.5000;0.0742;0.0000;60;56;-0.0049;0.2366;0.0000;-0.0109;-0.2439;271.3;285.3;300.0;173.6
931.0;0.4995;0.5000;0.0659;0.0000;60;56;-0.0049;0.4809;0.0000;-0.0109;-0.2439;269.5;278.0;300.0;173.0
931.5;0.4995;0.5000;0.0398;0.0000;60;56;-0.0049;0.7252;0.0000;-0.0109;0.5557;266.3;274.5;300.0;172.7
932.0;0.4991;0.5000;0.0467;0.0000;60;56;-0.0049;0.9695;0.0000;-0.0109;0.5557;266.3;272.7;300.0;172.7
932.5;0.5005;0.5000;0.0096;0.0000;60;56;-0.0049;1.2977;0.0000;-0.0109;0.5557;267.2;271.8;300.0;172.1
933.0;0.5005;0.5000;-0.0234;0.0000;58;56;-0.0049;1.5420;0.0000;-0.0109;1.3553;268.0;272.1;300.0;173.9
933.5;0.5005;0.5000;-0.0742;0.0000;58;56;-0.0049;1.7863;0.0000;-0.0109;1.3553;265.7;274.5;300.0;173.3
934.0;0.5005;0.5000;-0.1154;0.0000;58;56;-0.0049;2.0305;0.0000;-0.0109;1.3553;263.3;276.0;300.0;172.7
934.5;0.5000;0.5000;-0.1525;0.0000;58;58;0.0049;2.2748;0.0000;-0.0109;2.1549;261.0;278.6;300.0;172.1
935.0;0.5000;0.5000;-0.1731;0.0000;58;58;0.0049;2.5191;0.0000;-0.0109;2.1549;260.4;280.6;300.0;171.8
935.5;0.4995;0.5000;-0.1841;0.0000;58;58;0.0049;2.7634;-0.0076;-0.0328;2.1549;259.5;282.7;300.0;171.6
936.0;0.4991;0.5000;-0.1896;0.0000;58;60;0.0049;3.0076;-0.0076;-0.0328;2.9546;261.0;284.5;300.0;172.7
936.5;0.4991;0.5000;-0.1799;0.0000;60;60;0.0049;3.2519;-0.0076;-0.0328;2.9546;261.0;285.9;300.0;171.8
937.0;0.4995;0.5000;-0.1703;0.0000;60;58;-0.0831;3.5344;-0.0076;-0.0328;2.9546;259.5;287.7;300.0;171.8
937.5;0.4995;0.5000;-0.1662;0.0000;58;58;0.0049;3.7786;-0.0076;-0.0548;3.7542;257.5;288.3;300.0;172.7
938.0;0.4995;0.5000;-0.1731;0.0000;58;58;0.0049;4.0229;-0.0076;-0.0548;3.7542;256.0;287.1;300.0;172.1
938.5;0.5005;0.5000;-0.1964;0.0000;58;58;0.0831;4.3053;-0.0076;-0.0548;3.7542;258.1;284.5;300.0;173.3
939.0;0.5000;0.5000;-0.2060;0.0000;58;58;0.0049;4.5496;-0.0076;-0.0548;3.7542;256.6;281.8;300.0;172.1
939.5;0.4995;0.5000;-0.2143;0.0000;58;58;0.0049;4.7939;-0.0076;-0.0768;4.5538;258.1;279.2;300.0;173.0
940.0;0.4991;0.5000;-0.2253;0.0000;58;60;0.0049;5.0382;-0.0076;-0.0768;4.5538;256.0;276.5;300.0;173.0
940.5;0.4991;0.5000;-0.2129;0.0000;58;60;0.0049;5.2824;-0.0076;-0.0768;4.5538;256.0;275.7;300.0;173.0
941.0;0.4991;0.5000;-0.2170;0.0000;58;60;0.0831;5.5649;-0.0076;-0.0988;5.3534;252.5;274.2;300.0;171.8
941.5;0.4995;0.5000;-0.2088;0.0000;58;58;0.0049;5.8092;-0.0076;-0.0988;5.3534;251.3;273.6;300.0;171.0
942.0;0.4995;0.5000;-0.2047;0.0000;58;58;0.0049;6.0534;-0.0076;-0.0988;5.3534;250.1;272.7;300.0;170.7
942.5;0.4995;0.5000;-0.1909;0.0000;58;58;0.0049;6.2977;-0.0076;-0.0988;6.1530;250.7;272.1;300.0;170.7
943.0;0.4991;0.5000;-0.1744;0.0000;58;58;0.0049;6.5420;-0.0076;-0.1207;6.1530;247.5;270.7;300.0;171.3
943.5;0.4991;0.5000;-0.1470;0.0000;60;58;0.0831;6.8244;-0.0076;-0.1207;6.1530;247.5;269.2;300.0;170.7
944.0;0.4986;0.5000;-0.1099;0.0000;60;58;-0.0049;7.0687;-0.0076;-0.1207;6.9526;245.7;267.2;300.0;171.0
944.5;0.4986;0.5000;-0.0893;0.0000;60;58;-0.0049;7.3130;-0.0076;-0.1207;6.9526;246.9;263.9;300.0;170.7
945.0;0.4982;0.5000;-0.0632;0.0000;60;58;-0.0049;7.5573;-0.0076;-0.1207;6.9526;245.7;263.0;300.0;170.1
945.5;0.4982;0.5000;-0.0343;0.0000;62;58;-0.0049;7.8015;-0.0076;-0.1207;7.7522;245.7;262.5;300.0;170.4
946.0;0.4973;0.5000;-0.0234;0.0000;62;58;-0.0831;8.0076;-0.0076;-0.1207;7.7522;244.6;263.9;300.0;170.4
946.5;0.4968;0.5000;0.0000;0.0000;64;60;0.0733;8.2901;-0.0076;-0.1207;7.7522;243.4;264.8;300.0;171.3
947.0;0.4968;0.5000;0.0082;0.0000;62;60;-0.0049;8.5344;-0.0076;-0.1207;7.7522;242.2;266.6;300.0;170.4
947.5;0.4968;0.5000;0.0316;0.0000;64;58;-0.0049;8.7786;-0.0153;-0.1207;8.5518;242.8;268.3;300.0;170.4
948.0;0.4963;0.5000;0.0247;0.0000;64;60;-0.0049;9.0229;-0.0153;-0.1207;8.5518;242.2;269.8;300.0;170.1
948.5;0.4963;0.5000;0.0261;0.0000;64;60;-0.0049;9.2672;-0.0153;-0.1207;8.5518;241.6;271.8;300.0;170.1
949.0;0.4968;0.5000;0.0288;0.0000;62;60;0.0733;9.5496;-0.0153;-0.1207;9.3514;240.5;273.0;300.0;170.7
949.5;0.4973;0.5000;0.0288;0.0000;62;58;-0.0049;9.7939;-0.0153;-0.1207;9.3514;238.1;274.5;300.0;170.4
950.0;0.4973;0.5000;0.0412;0.0000;62;58;-0.0049;10.0382;-0.0153;-0.1207;9.3514;237.8;275.1;300.0;169.5
950.5;0.4982;0.5000;0.0440;0.0000;60;58;0.0733;10.3206;-0.0153;-0.1207;10.1510;236.1;275.1;300.0;169.2
951.0;0.4982;0.5000;0.0522;0.0000;60;56;-0.0049;10.5649;-0.0153;-0.1207;10.1510;236.7;273.6;300.0;168.9
951.5;0.4986;0.5000;0.0549;0.0000;60;56;-0.0049;10.8092;-0.0153;-0.1207;10.1510;236.7;271.8;300.0;169.2
952.0;0.4986;0.5000;0.0769;0.0000;60;56;-0.0049;11.0534;-0.0153;-0.1207;10.9506;236.7;269.2;300.0;168.9
952.5;0.4986;0.5000;0.0769;0.0000;60;56;-0.0049;11.2977;-0.0153;-0.0988;10.9506;235.2;267.2;300.0;169.2
953.0;0.4982;0.5000;0.0865;0.0000;60;56;-0.0929;11.5802;-0.0153;-0.0988;10.9506;233.4;265.1;300.0;169.2
953.5;0.4982;0.5000;0.0618;0.0000;60;56;-0.0049;11.8244;-0.0153;-0.0988;11.7503;233.1;263.9;300.0;169.2
954.0;0.4982;0.5000;0.0206;0.0000;60;58;0.1613;12.0687;-0.0153;-0.0988;11.7503;233.4;263.9;300.0;169.2
954.5;0.4977;0.5000;-0.0069;0.0000;60;58;-0.0049;12.3130;-0.0153;-0.0988;11.7503;234.0;263.3;300.0;169.2
955.0;0.4977;0.5000;-0.0494;0.0000;60;60;-0.0049;12.5573;-0.0153;-0.0988;12.5499;234.0;262.5;300.0;169.2
955.5;0.4973;0.5000;-0.0591;0.0000;60;60;-0.0049;12.8015;-0.0153;-0.0988;12.5499;230.5;261.6;300.0;170.7
956.0;0.4968;0.5000;-0.0852;0.0000;60;60;-0.0049;13.0458;-0.0229;-0.1207;12.5499;232.0;259.2;300.0;170.1
956.5;0.4968;0.5000;-0.0852;0.0000;60;60;0.0831;13.3282;-0.0229;-0.1207;12.5499;228.7;256.9;300.0;168.9
957.0;0.4963;0.5000;-0.1071;0.0000;60;60;-0.0049;13.5725;-0.0229;-0.1207;13.3495;228.7;255.4;300.0;168.6
957.5;0.4963;0.5000;-0.1058;0.0000;62;62;-0.0049;13.8168;-0.0229;-0.1207;13.3495;227.6;254.3;300.0;168.6
958.0;0.4959;0.5000;-0.1140;0.0000;62;62;-0.0049;14.0611;-0.0229;-0.1207;13.3495;228.2;253.7;300.0;168.6
958.5;0.4959;0.5000;-0.1085;0.0000;62;62;-0.0049;14.3053;-0.0229;-0.1207;14.1491;227.3;254.5;300.0;168.3
959.0;0.4954;0.5000;-0.1236;0.0000;62;62;-0.0049;14.5496;-0.0229;-0.1207;14.1491;227.3;255.7;300.0;168.3
959.5;0.4959;0.5000;-0.1387;0.0000;60;62;0.0831;14.8321;-0.0229;-0.1427;14.1491;225.5;256.9;300.0;169.5
960.0;0.4963;0.5000;-0.1044;0.0000;60;60;-0.0049;15.0763;-0.0229;-0.1427;14.9487;223.2;258.7;300.0;170.4
960.5;0.4963;0.5000;-0.1044;0.0000;60;60;-0.0049;15.3206;-0.0229;-0.1427;14.9487;223.2;261.3;300.0;169.5
961.0;0.4963;0.5000;-0.0687;0.0000;60;60;-0.0049;15.5649;-0.0229;-0.1427;14.9487;224.6;263.3;300.0;170.7
961.5;0.4963;0.5000;-0.0824;0.0000;60;60;-0.0049;15.8092;-0.0229;-0.1427;15.7483;223.8;265.7;300.0;169.5
962.0;0.4968;0.5000;-0.0426;0.0000;60;58;-0.0831;16.0916;-0.0229;-0.1427;15.7483;221.4;267.2;300.0;172.1
962.5;0.4973;0.5000;-0.0508;0.0000;60;58;-0.0049;16.3359;-0.0229;-0.1427;15.7483;222.9;268.3;300.0;170.4
963.0;0.4982;0.5000;-0.0412;0.0000;60;58;0.0733;16.6260;-0.0305;-0.1427;16.5479;220.5;269.8;300.0;169.2
963.5;0.4986;0.5000;-0.0275;0.0000;58;56;-0.0049;16.8626;-0.0305;-0.1427;16.5479;222.9;269.2;300.0;168.6
964.0;0.4991;0.5000;-0.0220;0.0000;58;56;-0.0049;17.1069;-0.0305;-0.1427;16.5479;220.2;267.2;300.0;168.6
964.5;0.4991;0.5000;-0.0192;0.0000;58;56;-0.0049;17.3511;-0.0305;-0.1427;17.3475;221.1;265.1;300.0;168.3
965.0;0.4991;0.5000;-0.0371;0.0000;58;56;-0.0049;17.5954;-0.0305;-0.1427;17.3475;221.1;263.0;300.0;168.0
965.5;0.4991;0.5000;-0.0110;0.0000;60;56;0.0733;17.8855;-0.0305;-0.1427;17.3475;221.4;261.3;300.0;168.0
966.0;0.4982;0.5000;-0.0302;0.0000;60;58;-0.0831;18.0840;-0.0305;-0.1427;17.3475;217.6;260.7;300.0;168.0
966.5;0.4977;0.5000;-0.0179;0.0000;60;58;0.0733;18.3664;-0.0305;-0.1427;18.1471;218.2;259.8;300.0;167.7
967.0;0.4977;0.5000;-0.0247;0.0000;60;58;-0.0049;18.6107;-0.0305;-0.1427;18.1471;216.1;259.2;300.0;167.7
967.5;0.4977;0.5000;-0.0330;0.0000;60;58;-0.0049;18.8550;-0.0305;-0.1427;18.1471;215.0;258.7;300.0;169.2
968.0;0.4977;0.5000;-0.0330;0.0000;62;58;-0.0049;19.0992;-0.0305;-0.1427;18.9467;213.5;257.8;300.0;168.6
968.5;0.4973;0.5000;-0.0330;0.0000;62;60;-0.0049;19.3435;-0.0305;-0.1647;18.9467;214.7;256.3;300.0;168.3
969.0;0.4973;0.5000;0.0000;0.0000;62;58;-0.0049;19.5878;-0.0305;-0.1647;18.9467;213.2;254.5;300.0;167.7
969.5;0.4968;0.5000;0.0027;0.0000;62;60;-0.0049;19.8321;-0.0382;-0.1647;19.7464;212.6;253.1;300.0;168.0
970.0;0.4973;0.4995;0.0357;0.0000;62;58;-0.0049;20.1603;-0.0382;-0.1427;19.7464;212.6;252.2;300.0;168.0
970.5;0.4968;0.4995;0.0385;0.0000;62;60;0.0733;20.3588;-0.0382;-0.1427;19.7464;212.0;251.3;300.0;169.2
971.0;0.4959;0.4995;0.0687;0.0000;62;60;0.0733;20.5649;-0.0382;-0.1427;20.5460;211.1;251.6;300.0;168.6
971.5;0.4950;0.4995;0.0604;0.0000;64;62;-0.0929;20.8473;-0.0382;-0.1427;20.5460;209.1;253.1;300.0;168.3
972.0;0.4945;0.4995;0.0852;0.0000;64;60;-0.0049;21.0916;-0.0382;-0.1427;20.5460;208.8;254.8;300.0;168.3
972.5;0.4945;0.4995;0.1181;0.0000;64;60;0.0733;21.3817;-0.0382;-0.1427;21.3456;207.6;256.3;300.0;168.0
973.0;0.4945;0.4995;0.1195;0.0000;64;60;-0.0049;21.6260;-0.0382;-0.1427;21.3456;207.9;258.4;300.0;168.6
973.5;0.4945;0.4995;0.1401;0.0000;64;60;-0.0147;21.8626;-0.0382;-0.1427;21.3456;206.7;259.8;300.0;168.6
974.0;0.4945;0.4995;0.1305;0.0000;64;58;-0.0049;22.1069;-0.0382;-0.1207;21.3456;207.3;261.6;300.0;168.3
974.5;0.4940;0.4991;0.1497;0.0000;64;58;-0.0147;22.3511;-0.0382;-0.1207;22.1452;205.0;263.3;300.0;168.3
975.0;0.4940;0.4991;0.1154;0.0000;64;58;-0.0049;22.5954;-0.0382;-0.1207;22.1452;204.7;264.8;300.0;168.0
975.5;0.4945;0.4991;0.1140;0.0000;62;58;0.0733;22.8855;-0.0382;-0.1207;22.1452;203.2;265.7;300.0;168.0
976.0;0.4950;0.4991;0.0783;0.0000;62;58;-0.0049;23.1298;-0.0458;-0.1207;22.9448;202.9;264.8;300.0;167.7
976.5;0.4950;0.4986;0.0742;0.0000;60;58;-0.0049;23.3664;-0.0458;-0.1207;22.9448;202.1;263.3;300.0;167.7
977.0;0.4950;0.4986;0.0412;0.0000;60;58;-0.0049;23.6107;-0.0458;-0.1207;22.9448;202.3;261.6;300.0;167.7
977.5;0.4945;0.4986;0.0577;0.0000;60;58;-0.0049;23.8550;-0.0458;-0.1207;23.7444;201.8;259.8;300.0;167.4
978.0;0.4945;0.4982;0.0728;0.0000;60;56;-0.0049;24.0992;-0.0458;-0.1207;23.7444;201.5;258.4;300.0;167.2
978.5;0.4940;0.4982;0.0701;0.0000;60;58;-0.0049;24.3435;-0.0458;-0.0988;23.7444;200.3;256.6;300.0;167.4
979.0;0.4945;0.4977;0.0920;0.0000;60;56;0.0733;24.6336;-0.0458;-0.0988;24.5440;199.4;256.3;300.0;167.4
979.5;0.4950;0.4977;0.0975;0.0000;60;56;-0.0049;24.8779;-0.0458;-0.0988;24.5440;198.8;256.3;300.0;167.2
980.0;0.4950;0.4973;0.1071;0.0000;60;56;-0.0049;25.1145;-0.0458;-0.0988;24.5440;198.8;255.4;300.0;167.2
980.5;0.4945;0.4973;0.0824;0.0000;60;56;-0.0049;25.3588;-0.0458;-0.0988;25.3436;198.5;254.3;300.0;167.2
981.0;0.4945;0.4968;0.0907;0.0000;60;56;-0.0049;25.6031;-0.0458;-0.0988;25.3436;198.5;253.1;300.0;168.9
981.5;0.4950;0.4968;0.0522;0.0000;58;56;0.0733;25.8931;-0.0458;-0.0988;25.3436;196.8;251.0;300.0;167.7
982.0;0.4950;0.4963;0.0495;0.0000;58;54;-0.0049;26.1374;-0.0458;-0.0988;25.3436;197.1;249.3;300.0;167.4
982.5;0.4950;0.4963;0.0563;0.0000;58;54;-0.0049;26.3817;-0.0458;-0.0988;26.1432;195.3;247.8;300.0;166.9
983.0;0.4950;0.4959;0.0577;0.0000;56;54;-0.0049;26.6260;-0.0458;-0.0988;26.1432;194.4;247.2;300.0;166.6
983.5;0.4950;0.4959;0.0412;0.0000;56;54;-0.0049;26.8626;-0.0458;-0.0988;26.1432;193.8;247.5;300.0;166.3
984.0;0.4936;0.4954;0.0014;0.0000;56;56;-0.0049;27.1069;-0.0458;-0.0988;26.9428;192.7;248.7;300.0;166.3
984.5;0.4931;0.4950;-0.0069;0.0000;58;56;-0.0049;27.3511;-0.0458;-0.0988;26.9428;192.4;250.1;300.0;166.0
985.0;0.4922;0.4950;-0.0192;0.0000;58;56;-0.0049;27.5954;-0.0458;-0.0988;26.9428;191.5;251.3;300.0;166.0
985.5;0.4918;0.4945;0.0096;0.0000;58;56;-0.0049;27.8397;-0.0458;-0.0988;27.7425;191.5;253.4;300.0;165.7
986.0;0.4913;0.4940;-0.0234;0.0000;58;56;-0.0049;28.0840;-0.0534;-0.0988;27.7425;191.8;254.5;300.0;166.3
986.5;0.4908;0.4940;-0.0110;0.0000;58;56;-0.0049;28.3282;-0.0534;-0.0988;27.7425;192.1;256.9;300.0;165.7
987.0;0.4899;0.4936;-0.0494;0.0000;58;56;-0.0049;28.5725;-0.0534;-0.0988;28.5421;190.6;258.4;300.0;165.4
987.5;0.4895;0.4931;-0.0494;0.0000;58;56;-0.0049;28.8168;-0.0534;-0.0988;28.5421;190.9;259.5;300.0;164.8
988.0;0.4895;0.4927;-0.0343;0.0000;58;56;-0.0049;29.0611;-0.0534;-0.0988;28.5421;189.4;260.4;300.0;164.2
988.5;0.4895;0.4922;-0.0330;0.0000;58;56;-0.0831;29.3435;-0.0534;-0.0988;29.3417;189.1;259.5;300.0;165.4
989.0;0.4890;0.4918;-0.0343;0.0000;58;56;0.0733;29.5496;-0.0534;-0.0988;29.3417;188.3;257.5;300.0;164.2
989.5;0.4876;0.4918;-0.0673;0.0000;58;58;0.0831;29.7557;-0.0534;-0.0988;29.3417;188.3;255.7;300.0;163.6
990.0;0.4858;0.4913;-0.0549;0.0000;60;58;-0.0831;29.9542;-0.0534;-0.0988;29.3417;187.4;252.2;300.0;163.0
990.5;0.4849;0.4908;-0.0852;0.0000;60;60;-0.0049;30.1985;-0.0534;-0.0988;30.1413;187.4;250.4;300.0;162.5
991.0;0.4835;0.4904;-0.0632;0.0000;62;60;-0.0049;30.4427;-0.0534;-0.0988;30.1413;186.2;250.1;300.0;162.5
991.5;0.4821;0.4899;-0.0549;0.0000;62;60;0.0831;30.6489;-0.0534;-0.0988;30.1413;187.1;249.9;300.0;161.9
992.0;0.4808;0.4895;-0.0385;0.0000;62;60;-0.0049;30.8931;-0.0534;-0.0988;30.1413;185.9;249.3;300.0;161.0
992.5;0.4803;0.4890;-0.0206;0.0000;62;60;-0.0049;31.1374;-0.0534;-0.0988;30.9409;185.9;248.7;300.0;160.7
993.0;0.4789;0.4886;0.0179;0.0000;64;62;-0.0049;31.3817;-0.0534;-0.0988;30.9409;185.0;247.8;300.0;160.1
993.5;0.4780;0.4881;0.0797;0.0000;64;60;-0.0049;31.6260;-0.0534;-0.0988;30.9409;185.0;246.0;300.0;159.5
994.0;0.4780;0.4876;0.1030;0.0000;64;60;0.0733;31.9084;-0.0534;-0.0988;31.7405;183.9;244.0;300.0;158.9
994.5;0.4780;0.4872;0.1277;0.0000;62;58;-0.0049;32.1527;-0.0534;-0.0988;31.7405;182.7;242.8;300.0;158.7
995.0;0.4776;0.4867;0.1044;0.0000;62;58;-0.0049;32.3969;-0.0534;-0.0988;31.7405;183.3;241.6;300.0;158.1
995.5;0.4776;0.4858;0.1126;0.0000;60;56;-0.0049;32.6412;-0.0534;-0.0988;32.5401;182.4;240.8;300.0;157.8
996.0;0.4776;0.4853;0.0948;0.0000;60;56;-0.0049;32.8855;-0.0534;-0.0768;32.5401;183.0;241.9;300.0;157.2
996.5;0.4766;0.4849;0.1209;0.0000;60;56;0.0733;33.0840;-0.0534;-0.0768;32.5401;182.4;243.1;300.0;156.9
997.0;0.4757;0.4844;0.1401;0.0000;60;56;-0.0049;33.3282;-0.0611;-0.0768;32.5401;183.3;244.6;300.0;157.2
997.5;0.4753;0.4840;0.1415;0.0000;60;56;-0.0147;33.5725;-0.0611;-0.0768;33.3397;181.8;245.2;300.0;156.3
998.0;0.4744;0.4831;0.1662;0.0000;60;56;0.0733;33.7786;-0.0611;-0.0768;33.3397;181.5;247.2;300.0;155.4
998.5;0.4734;0.4826;0.1786;0.0000;62;56;-0.0147;34.0229;-0.0611;-0.0768;33.3397;180.9;248.4;300.0;154.0
999.0;0.4721;0.4821;0.2006;0.0000;62;56;0.0733;34.2214;-0.0611;-0.0548;34.1393;180.6;250.1;300.0;153.4
999.5;0.4712;0.4817;0.1648;0.0000;62;58;-0.0147;34.4656;-0.0611;-0.0548;34.1393;179.8;252.2;300.0;152.8
1000.0;0.4702;0.4808;0.1676;0.0000;62;58;-0.0147;34.7099;-0.0611;-0.0548;34.1393;181.2;253.4;300.0;152.5
1000.5;0.4707;0.4803;0.1305;0.0000;60;56;0.0733;35.0000;-0.0611;-0.0548;34.9389;179.8;254.3;300.0;151.6
1001.0;0.4707;0.4794;0.1195;0.0000;60;56;-0.0049;35.2366;-0.0611;-0.0328;34.9389;179.5;252.2;300.0;152.2
1001.5;0.4702;0.4789;0.0907;0.0000;60;56;-0.0929;35.4427;-0.0611;-0.0328;34.9389;178.9;250.1;300.0;151.0
1002.0;0.4689;0.4785;0.0714;0.0000;60;56;-0.0929;35.6489;-0.0611;-0.0328;34.9389;179.2;248.4;300.0;150.4
1002.5;0.4679;0.4776;0.0220;0.0000;60;56;-0.0049;35.8931;-0.0611;-0.0328;35.7386;178.9;246.6;300.0;149.9
1003.0;0.4679;0.4771;-0.0426;0.0000;58;56;0.0733;36.1756;-0.0611;-0.0328;35.7386;178.9;246.0;300.0;149.3
1003.5;0.4675;0.4762;-0.0769;0.0000;56;56;0.0831;36.3817;-0.0611;-0.0328;35.7386;178.6;246.0;300.0;149.0
1004.0;0.4670;0.4757;-0.1181;0.0000;56;56;-0.0049;36.6260;-0.0611;-0.0548;36.5382;178.6;246.0;300.0;148.4
1004.5;0.4666;0.4748;-0.1181;0.0000;56;56;-0.0049;36.8626;-0.0611;-0.0548;36.5382;178.0;245.7;300.0;148.1
1005.0;0.4661;0.4744;-0.1442;0.0000;54;56;0.0049;37.1069;-0.0611;-0.0548;36.5382;178.9;244.9;300.0;147.8
1005.5;0.4661;0.4734;-0.1387;0.0000;54;54;-0.0049;37.3511;-0.0611;-0.0548;37.3378;179.8;244.6;300.0;147.8
1006.0;0.4661;0.4730;-0.1442;0.0000;54;54;-0.0049;37.5954;-0.0611;-0.0548;37.3378;178.9;243.1;300.0;147.2
1006.5;0.4657;0.4721;-0.1168;0.0000;52;52;-0.0049;37.8397;-0.0611;-0.0548;37.3378;178.9;246.3;300.0;146.3
1007.0;0.4657;0.4712;-0.0879;0.0000;52;52;-0.0049;38.0840;-0.0611;-0.0768;37.3378;179.5;247.2;300.0;146.6
1007.5;0.4657;0.4707;-0.0728;0.0000;52;50;-0.0049;38.3282;-0.0611;-0.0768;38.1374;179.2;248.4;300.0;145.7
1008.0;0.4657;0.4698;-0.0659;0.0000;52;50;-0.0049;38.5725;-0.0611;-0.0768;38.1374;178.6;247.8;300.0;145.5
1008.5;0.4647;0.4689;-0.0989;0.0000;50;50;0.0831;38.7786;-0.0611;-0.0768;38.1374;179.2;247.5;300.0;145.2
1009.0;0.4643;0.4679;-0.1085;0.0000;50;50;-0.0049;39.0229;-0.0611;-0.0768;38.9370;178.6;247.5;300.0;144.9
1009.5;0.4638;0.4675;-0.1044;0.0000;50;50;-0.0049;39.2672;-0.0611;-0.0768;38.9370;179.8;247.5;300.0;144.9
1010.0;0.4629;0.4666;-0.0481;0.0000;52;50;0.0733;39.4656;-0.0611;-0.0768;38.9370;179.2;247.2;300.0;143.7
1010.5;0.4620;0.4657;0.0165;0.0000;52;50;-0.0049;39.7099;-0.0611;-0.0768;38.9370;179.5;247.2;300.0;143.4
1011.0;0.4606;0.4647;0.0920;0.0000;54;48;-0.0049;39.9542;-0.0611;-0.0768;39.7366;179.2;247.2;300.0;143.1
1011.5;0.4592;0.4643;0.1374;0.0000;56;48;-0.0929;40.1603;-0.0611;-0.0768;39.7366;179.8;247.2;300.0;143.7
1012.0;0.4583;0.4634;0.1662;0.0000;56;48;-0.0147;40.4046;-0.0611;-0.0768;39.7366;179.5;246.6;300.0;143.1
1012.5;0.4574;0.4625;0.1896;0.0000;56;48;-0.0147;40.6489;-0.0611;-0.0548;40.5362;180.1;246.3;300.0;142.5
1013.0;0.4565;0.4615;0.1992;0.0000;56;48;-0.0929;40.8473;-0.0611;-0.0548;40.5362;180.1;247.2;300.0;142.2
1013.5;0.4556;0.4606;0.1868;0.0000;56;48;-0.0147;41.0916;-0.0611;-0.0548;40.5362;180.6;247.5;300.0;142.2
1014.0;0.4551;0.4597;0.1552;0.0000;56;48;-0.0147;41.3359;-0.0611;-0.0548;41.3358;180.4;246.6;300.0;141.6
1014.5;0.4547;0.4588;0.1415;0.0000;54;48;-0.0147;41.5802;-0.0611;-0.0328;41.3358;181.2;246.3;300.0;141.6
1015.0;0.4538;0.4579;0.0852;0.0000;54;48;0.0733;41.7863;-0.0611;-0.0328;41.3358;181.2;246.0;300.0;141.6
1015.5;0.4533;0.4570;0.0618;0.0000;52;48;-0.0049;42.0305;-0.0611;-0.0328;41.3358;183.0;245.2;300.0;141.3
1016.0;0.4524;0.4560;0.0275;0.0000;52;48;-0.0831;42.2290;-0.0611;-0.0328;42.1354;182.4;245.2;300.0;141.1
1016.5;0.4515;0.4551;0.0000;0.0000;52;48;-0.0049;42.4733;-0.0687;-0.0328;42.1354;183.0;244.6;300.0;141.1
1017.0;0.4510;0.4542;-0.0467;0.0000;50;48;-0.0049;42.7176;-0.0687;-0.0328;42.1354;184.8;244.6;300.0;141.1
1017.5;0.4510;0.4533;-0.0838;0.0000;50;48;-0.0049;42.9618;-0.0687;-0.0328;42.9350;184.5;244.0;300.0;140.8
1018.0;0.4492;0.4524;-0.1113;0.0000;50;48;-0.0049;43.1298;-0.0687;-0.0548;42.9350;185.3;244.0;300.0;140.8
1018.5;0.4483;0.4515;-0.1305;0.0000;50;48;-0.0049;43.3664;-0.0687;-0.0548;42.9350;185.3;243.7;300.0;140.8
1019.0;0.4478;0.4501;-0.1442;0.0000;48;48;0.0049;43.6107;-0.0687;-0.0548;42.9350;186.5;243.7;300.0;140.8
1019.5;0.4460;0.4492;-0.1552;0.0000;50;48;0.0049;43.7786;-0.0687;-0.0548;43.7346;186.5;244.0;300.0;140.8
1020.0;0.4446;0.4483;-0.1305;0.0000;50;48;-0.0049;44.0229;-0.0687;-0.0548;43.7346;188.6;243.7;300.0;141.9
1020.5;0.4432;0.4473;-0.1168;0.0000;50;50;0.0831;44.2214;-0.0687;-0.0548;43.7346;188.6;243.4;300.0;141.3
1021.0;0.4418;0.4464;-0.0714;0.0000;52;50;-0.0831;44.4275;-0.0687;-0.0768;43.7346;189.4;243.4;300.0;140.8
1021.5;0.4400;0.4451;-0.0371;0.0000;54;50;-0.0831;44.6336;-0.0687;-0.0768;44.5343;189.7;243.1;300.0;140.8
1022.0;0.4391;0.4441;-0.0124;0.0000;54;50;-0.0049;44.8779;-0.0687;-0.0768;44.5343;191.2;243.4;300.0;140.5
1022.5;0.4377;0.4432;0.0055;0.0000;54;50;0.0733;45.0763;-0.0687;-0.0768;44.5343;191.5;243.4;300.0;140.5
1023.0;0.4364;0.4423;0.0179;0.0000;54;50;-0.0831;45.2824;-0.0687;-0.0768;44.5343;193.3;243.4;300.0;140.2
1023.5;0.4354;0.4414;0.0316;0.0000;54;48;-0.0049;45.5267;-0.0687;-0.0768;45.3339;193.3;243.1;300.0;140.2
1024.0;0.4345;0.4405;0.0440;0.0000;54;48;-0.0831;45.7252;-0.0687;-0.0548;45.3339;194.7;242.2;300.0;140.2
1024.5;0.4332;0.4391;0.0701;0.0000;54;48;0.0733;45.9313;-0.0687;-0.0548;45.3339;195.0;242.2;300.0;139.9
1025.0;0.4318;0.4382;0.0453;0.0000;54;50;0.0733;46.1374;-0.0687;-0.0548;46.1335;196.5;242.2;300.0;139.9
1025.5;0.4309;0.4373;0.0563;0.0000;54;50;-0.0049;46.3817;-0.0687;-0.0548;46.1335;197.1;243.1;300.0;140.5
1026.0;0.4299;0.4364;0.0371;0.0000;54;48;-0.0831;46.5802;-0.0687;-0.0548;46.1335;198.5;242.2;300.0;140.2
1026.5;0.4295;0.4354;0.0165;0.0000;52;48;-0.0049;46.8244;-0.0687;-0.0548;46.1335;198.8;241.9;300.0;139.9
1027.0;0.4277;0.4341;-0.0027;0.0000;52;48;-0.0049;46.9847;-0.0687;-0.0548;46.9331;200.3;241.6;300.0;139.9
1027.5;0.4272;0.4332;-0.0137;0.0000;52;48;-0.0049;47.2290;-0.0687;-0.0548;46.9331;201.2;241.9;300.0;139.9
1028.0;0.4267;0.4322;-0.0302;0.0000;52;48;-0.0049;47.4733;-0.0687;-0.0548;46.9331;205.6;241.6;300.0;139.9
1028.5;0.4254;0.4313;-0.0385;0.0000;52;48;-0.0049;47.6412;-0.0687;-0.0548;46.9331;207.0;241.9;300.0;140.2
1029.0;0.4240;0.4304;-0.0343;0.0000;52;48;-0.0831;47.8397;-0.0687;-0.0548;47.7327;207.6;241.9;300.0;140.2
1029.5;0.4231;0.4295;-0.0371;0.0000;52;48;-0.0049;48.0840;-0.0687;-0.0548;47.7327;209.4;242.2;300.0;140.5
1030.0;0.4222;0.4281;-0.0398;0.0000;52;48;0.0733;48.2901;-0.0687;-0.0548;47.7327;210.6;242.2;300.0;140.5
1030.5;0.4212;0.4272;-0.0563;0.0000;52;48;-0.0831;48.4886;-0.0687;-0.0548;47.7327;212.6;242.8;300.0;140.8
1031.0;0.4208;0.4263;-0.0522;0.0000;50;48;-0.0049;48.7328;-0.0687;-0.0768;48.5323;213.5;242.2;300.0;140.8
1031.5;0.4194;0.4254;-0.0549;0.0000;50;48;-0.0049;48.9008;-0.0687;-0.0768;48.5323;215.8;242.2;300.0;140.8
1032.0;0.4180;0.4245;-0.0357;0.0000;52;48;-0.0831;49.0992;-0.0687;-0.0768;48.5323;217.6;241.9;300.0;141.1
1032.5;0.4162;0.4231;-0.0192;0.0000;52;48;-0.0049;49.2672;-0.0687;-0.0768;48.5323;219.4;241.9;300.0;141.3
1033.0;0.4144;0.4222;0.0055;0.0000;54;48;-0.0049;49.5115;-0.0687;-0.0768;49.3319;220.5;241.9;300.0;141.6
1033.5;0.4125;0.4212;0.0069;0.0000;56;50;-0.0831;49.7099;-0.0687;-0.0768;49.3319;223.2;241.6;300.0;141.9
1034.0;0.4112;0.4203;0.0110;0.0000;56;50;0.0733;49.9160;-0.0687;-0.0768;49.3319;223.8;241.3;300.0;141.9
1034.5;0.4103;0.4194;0.0385;0.0000;56;50;-0.0831;50.1145;-0.0687;-0.0768;49.3319;225.8;240.8;300.0;142.5
1035.0;0.4080;0.4185;0.0591;0.0000;56;50;-0.0049;50.2824;-0.0687;-0.0768;50.1315;227.3;240.5;300.0;142.5
1035.5;0.4075;0.4171;0.0810;0.0000;56;50;-0.0049;50.5267;-0.0687;-0.0548;50.1315;228.7;240.2;300.0;143.1
1036.0;0.4061;0.4162;0.0522;0.0000;56;50;-0.0929;50.7252;-0.0687;-0.0548;50.1315;231.1;240.5;300.0;143.1
1036.5;0.4057;0.4153;0.0371;0.0000;56;50;0.0733;50.9313;-0.0687;-0.0548;50.9311;234.6;240.8;300.0;143.4
1037.0;0.4043;0.4144;0.0371;0.0000;56;50;-0.0831;51.1374;-0.0763;-0.0548;50.9311;238.1;240.5;300.0;143.7
1037.5;0.4029;0.4135;0.0440;0.0000;56;50;-0.0049;51.2977;-0.0763;-0.0548;50.9311;241.1;240.2;300.0;144.3
1038.0;0.4025;0.4121;0.0385;0.0000;56;50;-0.0049;51.5420;-0.0763;-0.0548;50.9311;242.8;240.2;300.0;144.6
1038.5;0.4011;0.4112;0.0192;0.0000;54;50;-0.0049;51.7023;-0.0763;-0.0548;50.9311;246.9;239.9;300.0;145.2
1039.0;0.4002;0.4103;0.0124;0.0000;54;50;-0.0049;51.9466;-0.0763;-0.0548;51.7307;248.7;240.5;300.0;145.5
1039.5;0.3997;0.4093;-0.0014;0.0000;54;48;-0.0831;52.1527;-0.0763;-0.0548;51.7307;254.5;240.2;300.0;145.7
1040.0;0.3984;0.4084;-0.0151;0.0000;54;48;-0.0049;52.3130;-0.0763;-0.0548;51.7307;258.9;239.9;300.0;146.3
1040.5;0.3970;0.4071;-0.0357;0.0000;54;48;-0.0831;52.5191;-0.0763;-0.0548;51.7307;261.0;239.0;300.0;146.6
1041.0;0.3956;0.4061;-0.0288;0.0000;54;50;-0.0049;52.6794;-0.0763;-0.0548;52.5304;265.7;238.7;300.0;146.9
1041.5;0.3942;0.4052;-0.0591;0.0000;54;50;-0.0831;52.8855;-0.0763;-0.0548;52.5304;269.5;238.1;300.0;147.5
1042.0;0.3924;0.4043;-0.0783;0.0000;56;52;-0.0049;53.0458;-0.0763;-0.0548;52.5304;273.9;238.1;300.0;148.1
1042.5;0.3910;0.4034;-0.0742;0.0000;56;52;-0.0831;53.2519;-0.0763;-0.0548;52.5304;275.7;237.8;300.0;148.4
1043.0;0.3887;0.4025;-0.0852;0.0000;56;52;-0.0049;53.4122;-0.0763;-0.0768;53.3300;280.4;237.2;300.0;149.0
1043.5;0.3874;0.4011;-0.0797;0.0000;58;52;-0.0831;53.6107;-0.0763;-0.0768;53.3300;284.2;237.0;300.0;149.3
1044.0;0.3869;0.4002;-0.1154;0.0000;56;52;-0.0049;53.8550;-0.0763;-0.0768;53.3300;290.3;237.8;300.0;150.4
1044.5;0.3860;0.3993;-0.1140;0.0000;56;52;-0.0049;54.0229;-0.0763;-0.0768;53.3300;293.5;237.0;300.0;150.7
1045.0;0.3851;0.3984;-0.1346;0.0000;56;52;-0.0831;54.2214;-0.0763;-0.0768;54.1296;300.0;236.7;300.0;151.3
1045.5;0.3846;0.3974;-0.1264;0.0000;54;52;-0.0049;54.4656;-0.0763;-0.0768;54.1296;300.0;236.7;300.0;151.3
1046.0;0.3832;0.3961;-0.1538;0.0000;54;52;0.0049;54.6336;-0.0763;-0.0988;54.1296;300.0;236.4;300.0;151.9
1046.5;0.3823;0.3951;-0.1882;0.0000;54;52;-0.0831;54.8321;-0.0763;-0.0988;54.1296;300.0;236.4;300.0;152.2
1047.0;0.3814;0.3942;-0.1951;0.0000;52;52;0.0831;55.0382;-0.0763;-0.0988;54.9292;300.0;236.1;300.0;152.8
1047.5;0.3800;0.3933;-0.2019;0.0000;52;52;0.0049;55.1985;-0.0763;-0.0988;54.9292;300.0;236.4;300.0;153.1
1048.0;0.3791;0.3924;-0.1731;0.0000;54;52;-0.0831;55.4046;-0.0763;-0.1207;54.9292;300.0;236.1;300.0;153.7
1048.5;0.3787;0.3915;-0.1717;0.0000;52;52;0.0049;55.6489;-0.0763;-0.1207;54.9292;300.0;236.1;300.0;154.0
1049.0;0.3773;0.3901;-0.1387;0.0000;52;52;-0.0049;55.8092;-0.0763;-0.1207;55.7288;300.0;235.8;300.0;154.3
1049.5;0.3764;0.3892;-0.1401;0.0000;54;52;-0.0831;56.0153;-0.0763;-0.1207;55.7288;300.0;235.8;300.0;154.5
1050.0;0.3759;0.3883;-0.1305;0.0000;54;50;-0.0831;56.2137;-0.0763;-0.1207;55.7288;300.0;235.5;300.0;154.8
1050.5;0.3750;0.3874;-0.1401;0.0000;52;50;0.0831;56.4198;-0.0763;-0.1207;55.7288;300.0;235.5;300.0;155.1
1051.0;0.3750;0.3864;-0.1250;0.0000;52;48;-0.0831;56.6260;-0.0763;-0.1427;56.5284;300.0;235.8;300.0;155.1
1051.5;0.3741;0.3851;-0.1195;0.0000;52;48;0.0831;56.8244;-0.0763;-0.1427;56.5284;300.0;235.8;300.0;155.4
1052.0;0.3732;0.3842;-0.1236;0.0000;52;48;-0.0831;57.0305;-0.0840;-0.1427;56.5284;300.0;235.8;300.0;156.0
1052.5;0.3723;0.3832;-0.1140;0.0000;52;48;-0.0049;57.1908;-0.0840;-0.1427;56.5284;300.0;235.8;300.0;156.0
1053.0;0.3723;0.3823;-0.0975;0.0000;50;48;-0.0049;57.4351;-0.0840;-0.1427;57.3280;300.0;235.8;300.0;157.2
1053.5;0.3713;0.3814;-0.0604;0.0000;50;46;-0.0049;57.5954;-0.0840;-0.1427;57.3280;300.0;236.4;300.0;156.9
1054.0;0.3709;0.3805;-0.0577;0.0000;50;46;-0.0831;57.8015;-0.0840;-0.1427;57.3280;300.0;236.1;300.0;157.5
1054.5;0.3700;0.3791;-0.0440;0.0000;50;46;-0.0049;57.9618;-0.0840;-0.1427;57.3280;300.0;236.1;300.0;158.4
1055.0;0.3700;0.3782;-0.0618;0.0000;50;46;-0.0049;58.2061;-0.0840;-0.1427;58.1276;300.0;236.1;300.0;157.8
1055.5;0.3690;0.3773;-0.0440;0.0000;48;44;-0.0049;58.3664;-0.0840;-0.1647;58.1276;300.0;236.4;300.0;158.4
1056.0;0.3686;0.3764;-0.0714;0.0000;48;44;-0.0831;58.5725;-0.0840;-0.1647;58.1276;300.0;236.1;300.0;158.1
1056.5;0.3677;0.3755;-0.0536;0.0000;48;44;-0.0049;58.7328;-0.0840;-0.1647;58.1276;300.0;236.1;300.0;158.1
1057.0;0.3681;0.3741;-0.0426;0.0000;48;44;-0.0049;58.9771;-0.0840;-0.1647;58.9272;300.0;235.5;300.0;158.1
1057.5;0.3681;0.3732;-0.0481;0.0000;46;42;-0.0831;59.1832;-0.0840;-0.1647;58.9272;300.0;234.9;300.0;158.1
1058.0;0.3677;0.3723;-0.0440;0.0000;46;40;-0.0049;59.3435;-0.0840;-0.1647;58.9272;300.0;234.9;300.0;158.1
1058.5;0.3663;0.3713;-0.0563;0.0000;46;42;-0.0049;59.5115;-0.0840;-0.1647;58.9272;300.0;234.9;300.0;159.5
1059.0;0.3649;0.3704;-0.0522;0.0000;46;42;-0.0049;59.6718;-0.0840;-0.1647;58.9272;300.0;234.6;300.0;158.7
1059.5;0.3640;0.3690;-0.0783;0.0000;48;44;-0.0831;59.8779;-0.0840;-0.1647;59.7268;300.0;234.3;300.0;158.4
1060.0;0.3631;0.3681;-0.0810;0.0000;48;44;-0.0049;60.0382;-0.0916;-0.1647;59.7268;300.0;234.3;300.0;158.9
1060.5;0.3613;0.3672;-0.1099;0.0000;48;44;-0.0049;60.1985;-0.0916;-0.1647;59.7268;300.0;234.0;300.0;158.4
1061.0;0.3613;0.3663;-0.1113;0.0000;46;44;-0.0049;60.4427;-0.0916;-0.1867;59.7268;300.0;234.0;300.0;158.1
1061.5;0.3603;0.3654;-0.1346;0.0000;46;44;-0.0049;60.6031;-0.0916;-0.1867;60.5265;300.0;233.7;300.0;158.1
1062.0;0.3599;0.3645;-0.1456;0.0000;46;44;-0.0831;60.8092;-0.0916;-0.1867;60.5265;300.0;233.4;300.0;158.1
1062.5;0.3594;0.3631;-0.1429;0.0000;46;44;0.0049;60.9695;-0.0916;-0.1867;60.5265;300.0;233.4;300.0;158.7
1063.0;0.3581;0.3622;-0.1305;0.0000;46;44;-0.0049;61.1374;-0.0916;-0.1867;60.5265;300.0;233.4;300.0;158.7
1063.5;0.3567;0.3613;-0.1154;0.0000;46;44;-0.0049;61.2977;-0.0916;-0.1867;60.5265;300.0;233.1;300.0;158.9
1064.0;0.3558;0.3603;-0.1016;0.0000;46;44;-0.0831;61.5038;-0.0916;-0.2086;61.3261;300.0;232.6;300.0;158.9
1064.5;0.3549;0.3594;-0.0701;0.0000;46;44;-0.0049;61.6641;-0.0916;-0.2086;61.3261;300.0;232.3;300.0;159.2
1065.0;0.3535;0.3581;-0.0659;0.0000;48;44;-0.0049;61.8244;-0.0916;-0.2086;61.3261;300.0;232.0;300.0;159.2
1065.5;0.3521;0.3571;-0.0604;0.0000;48;44;-0.0049;61.9847;-0.0916;-0.2086;61.3261;300.0;232.0;300.0;159.5
1066.0;0.3507;0.3562;-0.0687;0.0000;48;44;-0.0049;62.1527;-0.0916;-0.2086;62.1257;300.0;231.7;300.0;159.5
1066.5;0.3489;0.3553;-0.0440;0.0000;48;46;-0.0049;62.3130;-0.0916;-0.2086;62.1257;300.0;231.1;300.0;159.5
1067.0;0.3475;0.3544;-0.0302;0.0000;50;46;-0.0049;62.4733;-0.0992;-0.2086;62.1257;300.0;230.8;300.0;160.7
1067.5;0.3466;0.3535;-0.0179;0.0000;50;46;-0.0831;62.6794;-0.0992;-0.2086;62.1257;300.0;230.5;300.0;160.1
1068.0;0.3457;0.3521;-0.0343;0.0000;50;46;-0.0049;62.8397;-0.0992;-0.2086;62.1257;300.0;230.8;300.0;160.1
1068.5;0.3443;0.3512;-0.0769;0.0000;48;46;-0.0049;63.0076;-0.0992;-0.2086;62.9253;300.0;230.2;300.0;159.8
1069.0;0.3434;0.3503;-0.1126;0.0000;48;46;-0.0049;63.1679;-0.0992;-0.2086;62.9253;300.0;229.3;300.0;160.4
1069.5;0.3420;0.3494;-0.1484;0.0000;48;48;0.0049;63.3282;-0.0992;-0.2086;62.9253;300.0;229.3;300.0;160.7
1070.0;0.3397;0.3484;-0.1703;0.0000;50;48;-0.0831;63.4504;-0.0992;-0.2306;62.9253;300.0;229.3;300.0;160.7
1070.5;0.3370;0.3471;-0.1772;0.0000;50;50;-0.0831;63.5725;-0.0992;-0.2306;62.9253;300.0;229.3;300.0;160.7
1071.0;0.3352;0.3462;-0.1690;0.0000;52;50;0.0049;63.7328;-0.0992;-0.2306;63.7249;300.0;229.3;300.0;161.0
1071.5;0.3338;0.3452;-0.1827;0.0000;52;50;-0.0831;63.9389;-0.0992;-0.2306;63.7249;300.0;229.3;300.0;161.3
1072.0;0.3329;0.3443;-0.1731;0.0000;52;50;0.0049;64.0992;-0.0992;-0.2526;63.7249;300.0;229.0;300.0;161.6
1072.5;0.3320;0.3434;-0.1731;0.0000;52;50;0.0049;64.2672;-0.0992;-0.2526;63.7249;300.0;229.0;300.0;161.9
1073.0;0.3306;0.3425;-0.1676;0.0000;52;50;0.0049;64.4275;-0.0992;-0.2526;63.7249;300.0;228.7;300.0;161.9
1073.5;0.3297;0.3411;-0.1690;0.0000;52;50;0.0049;64.5878;-0.1069;-0.2526;64.5245;300.0;228.4;300.0;163.0
1074.0;0.3283;0.3402;-0.2074;0.0000;50;50;0.0049;64.7557;-0.1069;-0.2746;64.5245;300.0;228.2;300.0;162.8
1074.5;0.3274;0.3393;-0.2143;0.0000;50;50;0.0049;64.9160;-0.1069;-0.2746;64.5245;300.0;228.4;300.0;162.5
1075.0;0.3265;0.3384;-0.2431;0.0000;50;50;0.0049;65.0763;-0.1069;-0.2746;64.5245;300.0;228.2;300.0;162.5
1075.5;0.3260;0.3375;-0.2376;0.0000;48;50;-0.0733;65.2824;-0.1069;-0.2746;64.5245;300.0;228.2;300.0;162.5
1076.0;0.3255;0.3361;-0.2486;0.0000;48;48;0.0049;65.4427;-0.1069;-0.2965;65.3241;300.0;227.9;300.0;162.8
1076.5;0.3251;0.3352;-0.2514;0.0000;46;48;0.0049;65.6031;-0.1069;-0.2965;65.3241;300.0;227.6;300.0;162.8
1077.0;0.3242;0.3342;-0.2514;0.0000;46;48;0.0049;65.7710;-0.1069;-0.2965;65.3241;300.0;227.6;300.0;163.0
1077.5;0.3233;0.3333;-0.2253;0.0000;46;48;0.0049;65.9313;-0.1069;-0.3185;65.3241;300.0;227.6;300.0;163.0
1078.0;0.3223;0.3324;-0.2157;0.0000;46;46;0.0049;66.0916;-0.1145;-0.3185;65.3241;300.0;227.6;300.0;163.0
1078.5;0.3219;0.3310;-0.1978;0.0000;46;46;0.0049;66.2595;-0.1145;-0.3185;66.1237;300.0;227.6;300.0;163.3
1079.0;0.3210;0.3301;-0.1758;0.0000;46;46;0.0049;66.4198;-0.1145;-0.3185;66.1237;300.0;227.6;300.0;164.5
1079.5;0.3201;0.3292;-0.1799;0.0000;46;46;0.0049;66.5802;-0.1145;-0.3405;66.1237;300.0;227.9;300.0;164.5
1080.0;0.3191;0.3283;-0.1470;0.0000;46;46;0.0049;66.7405;-0.1145;-0.3405;66.1237;300.0;227.6;300.0;164.5
1080.5;0.3178;0.3274;-0.1484;0.0000;46;46;0.0831;66.8626;-0.1145;-0.3405;66.1237;300.0;227.9;300.0;164.5
1081.0;0.3164;0.3265;-0.1387;0.0000;46;46;-0.0049;67.0305;-0.1145;-0.3405;66.9233;300.0;227.9;300.0;164.5
1081.5;0.3155;0.3251;-0.1593;0.0000;46;48;0.0049;67.1908;-0.1145;-0.3405;66.9233;300.0;227.6;300.0;164.5
1082.0;0.3146;0.3242;-0.1250;0.0000;46;46;-0.0049;67.3511;-0.1145;-0.3624;66.9233;300.0;227.6;300.0;164.2
1082.5;0.3146;0.3233;-0.1209;0.0000;46;46;-0.0831;67.5573;-0.1221;-0.3624;66.9233;300.0;227.3;300.0;164.5
1083.0;0.3136;0.3223;-0.0769;0.0000;46;46;0.0831;67.6794;-0.1221;-0.3624;66.9233;300.0;227.3;300.0;164.2
1083.5;0.3118;0.3214;-0.0316;0.0000;46;46;0.0733;67.8015;-0.1221;-0.3624;67.7229;300.0;227.6;300.0;164.5
1084.0;0.3104;0.3201;-0.0110;0.0000;48;46;-0.0049;67.9618;-0.1221;-0.3624;67.7229;300.0;227.3;300.0;164.5
1084.5;0.3095;0.3191;0.0192;0.0000;48;46;-0.0049;68.1298;-0.1221;-0.3624;67.7229;300.0;227.0;300.0;166.3
1085.0;0.3086;0.3182;0.0247;0.0000;48;46;-0.0049;68.2901;-0.1221;-0.3624;67.7229;300.0;227.0;300.0;165.4
1085.5;0.3072;0.3173;0.0604;0.0000;48;46;0.0733;68.4122;-0.1221;-0.3624;67.7229;300.0;226.7;300.0;165.1
1086.0;0.3063;0.3164;0.0412;0.0000;48;46;-0.0049;68.5725;-0.1221;-0.3624;68.5226;300.0;226.7;300.0;165.1
1086.5;0.3054;0.3155;0.0742;0.0000;48;46;-0.0049;68.7328;-0.1298;-0.3624;68.5226;300.0;226.7;300.0;165.1
1087.0;0.3045;0.3141;0.0288;0.0000;48;46;-0.0049;68.9008;-0.1298;-0.3624;68.5226;300.0;227.0;300.0;164.8
1087.5;0.3040;0.3132;0.0206;0.0000;46;44;-0.0049;69.0611;-0.1298;-0.3624;68.5226;300.0;226.7;300.0;165.1
1088.0;0.3036;0.3123;0.0027;0.0000;46;44;-0.0049;69.2214;-0.1298;-0.3624;68.5226;300.0;226.7;300.0;164.8
1088.5;0.3031;0.3114;0.0302;0.0000;46;44;-0.0049;69.3893;-0.1298;-0.3624;69.3222;300.0;226.4;300.0;165.1
1089.0;0.3017;0.3104;0.0412;0.0000;46;42;-0.0831;69.5115;-0.1298;-0.3405;69.3222;300.0;226.7;300.0;164.8
1089.5;0.3004;0.3091;0.0206;0.0000;48;44;-0.0831;69.6336;-0.1298;-0.3405;69.3222;300.0;226.7;300.0;164.5
1090.0;0.2995;0.3082;0.0137;0.0000;48;44;0.0733;69.8321;-0.1298;-0.3405;69.3222;300.0;227.0;300.0;164.8
1090.5;0.2976;0.3072;0.0027;0.0000;48;44;-0.0831;69.9542;-0.1374;-0.3405;69.3222;300.0;226.4;300.0;164.8
1091.0;0.2958;0.3063;0.0302;0.0000;48;46;0.0733;70.0763;-0.1374;-0.3405;69.3222;300.0;226.1;300.0;165.7
1091.5;0.2944;0.3054;0.0137;0.0000;50;46;-0.0049;70.2366;-0.1374;-0.3405;70.1218;300.0;225.5;300.0;165.1
1092.0;0.2935;0.3045;0.0495;0.0000;50;46;-0.0049;70.4046;-0.1374;-0.3405;70.1218;300.0;225.8;300.0;165.1
1092.5;0.2930;0.3031;0.0398;0.0000;48;44;-0.0049;70.5649;-0.1374;-0.3405;70.1218;300.0;225.5;300.0;164.5
1093.0;0.2917;0.3022;0.0467;0.0000;48;44;-0.0049;70.7252;-0.1374;-0.3405;70.1218;300.0;224.9;300.0;164.5
1093.5;0.2903;0.3013;0.0495;0.0000;50;44;-0.0929;70.8473;-0.1374;-0.3405;70.1218;300.0;224.9;300.0;164.2
1094.0;0.2885;0.3004;0.0316;0.0000;50;46;0.0733;70.9695;-0.1374;-0.3405;70.9214;300.0;224.6;300.0;164.5
1094.5;0.2866;0.2995;0.0110;0.0000;50;48;0.0733;71.0916;-0.1374;-0.3405;70.9214;300.0;224.6;300.0;164.2
1095.0;0.2853;0.2981;-0.0440;0.0000;50;48;-0.0049;71.2595;-0.1450;-0.3405;70.9214;300.0;224.3;300.0;164.2
1095.5;0.2848;0.2972;-0.0618;0.0000;50;48;-0.0049;71.4198;-0.1450;-0.3405;70.9214;300.0;224.3;300.0;164.2
1096.0;0.2843;0.2962;-0.1003;0.0000;48;48;-0.0049;71.5802;-0.1450;-0.3405;70.9214;300.0;224.6;300.0;164.5
1096.5;0.2839;0.2953;-0.1016;0.0000;46;46;-0.0049;71.7405;-0.1450;-0.3405;71.7210;300.0;224.6;300.0;164.2
1097.0;0.2839;0.2944;-0.1236;0.0000;46;46;-0.0049;71.9084;-0.1450;-0.3624;71.7210;300.0;224.3;300.0;164.2
1097.5;0.2830;0.2935;-0.1058;0.0000;44;46;0.0831;72.0305;-0.1450;-0.3624;71.7210;300.0;224.3;300.0;163.9
1098.0;0.2825;0.2921;-0.1209;0.0000;44;44;-0.0049;72.1908;-0.1450;-0.3624;71.7210;300.0;224.0;300.0;163.9
1098.5;0.2816;0.2912;-0.1168;0.0000;44;44;-0.0831;72.3130;-0.1450;-0.3624;71.7210;300.0;224.0;300.0;163.6
1099.0;0.2811;0.2903;-0.0975;0.0000;44;44;-0.0049;72.4733;-0.1450;-0.3624;71.7210;300.0;224.0;300.0;163.6
1099.5;0.2811;0.2894;-0.0797;0.0000;44;42;-0.0049;72.6412;-0.1527;-0.3624;72.5206;300.0;224.0;300.0;163.6
1100.0;0.2811;0.2885;-0.0549;0.0000;42;40;-0.0049;72.8015;-0.1527;-0.3624;72.5206;300.0;223.2;300.0;163.6
1100.5;0.2802;0.2871;-0.0701;0.0000;42;40;-0.0831;72.9237;-0.1527;-0.3624;72.5206;300.0;223.2;300.0;163.3
1101.0;0.2798;0.2862;-0.0701;0.0000;40;40;-0.0049;73.0840;-0.1527;-0.3844;72.5206;300.0;222.9;300.0;163.0
1101.5;0.2788;0.2853;-0.0948;0.0000;40;40;0.0831;73.2061;-0.1527;-0.3844;72.5206;300.0;222.9;300.0;163.3
1102.0;0.2788;0.2843;-0.0893;0.0000;40;40;-0.0049;73.3664;-0.1527;-0.3844;73.3202;300.0;222.9;300.0;163.0
1102.5;0.2779;0.2834;-0.0879;0.0000;40;40;0.0831;73.4885;-0.1527;-0.3844;73.3202;300.0;223.2;300.0;163.0
1103.0;0.2775;0.2821;-0.0797;0.0000;40;40;-0.0049;73.6565;-0.1527;-0.3844;73.3202;300.0;223.2;300.0;163.0
1103.5;0.2766;0.2811;-0.0371;0.0000;40;38;-0.0049;73.8168;-0.1603;-0.3844;73.3202;300.0;222.9;300.0;163.0
1104.0;0.2752;0.2802;0.0124;0.0000;42;38;-0.0831;73.9389;-0.1603;-0.3844;73.3202;300.0;223.2;300.0;163.0
1104.5;0.2738;0.2793;0.1016;0.0000;44;38;0.0733;74.0611;-0.1603;-0.3844;73.3202;300.0;222.9;300.0;163.0
1105.0;0.2729;0.2784;0.1360;0.0000;44;38;-0.0049;74.2214;-0.1603;-0.3844;74.1198;300.0;222.9;300.0;163.0
1105.5;0.2720;0.2775;0.1827;0.0000;46;36;-0.0929;74.3435;-0.1603;-0.3624;74.1198;300.0;222.6;300.0;163.3
1106.0;0.2715;0.2761;0.1511;0.0000;44;36;-0.0147;74.5115;-0.1603;-0.3624;74.1198;300.0;222.9;300.0;163.0
1106.5;0.2697;0.2752;0.0920;0.0000;44;38;-0.0049;74.5878;-0.1603;-0.3624;74.1198;300.0;222.6;300.0;163.3
1107.0;0.2688;0.2743;0.0137;0.0000;44;40;-0.0049;74.7557;-0.1603;-0.3624;74.1198;300.0;222.6;300.0;163.0
1107.5;0.2683;0.2734;-0.0522;0.0000;40;40;-0.0049;74.9160;-0.1679;-0.3624;74.1198;300.0;222.3;300.0;164.8
1108.0;0.2679;0.2724;-0.1016;0.0000;40;40;0.0831;75.0382;-0.1679;-0.3624;74.9194;300.0;222.3;300.0;163.9
1108.5;0.2674;0.2711;-0.1662;0.0000;38;40;0.0049;75.1985;-0.1679;-0.3844;74.9194;300.0;221.7;300.0;163.6
1109.0;0.2665;0.2701;-0.1744;0.0000;38;40;0.0831;75.3206;-0.1679;-0.3844;74.9194;300.0;221.7;300.0;163.0
1109.5;0.2656;0.2692;-0.1923;0.0000;38;40;-0.0831;75.4427;-0.1679;-0.3844;74.9194;300.0;221.4;300.0;164.5
1110.0;0.2647;0.2683;-0.1332;0.0000;38;38;-0.0831;75.5649;-0.1679;-0.3844;74.9194;300.0;221.4;300.0;163.3
1110.5;0.2633;0.2674;-0.0989;0.0000;40;38;0.0831;75.6870;-0.1679;-0.3844;74.9194;300.0;221.4;300.0;163.0
1111.0;0.2628;0.2665;-0.0453;0.0000;40;38;-0.0049;75.8473;-0.1679;-0.3844;75.7190;300.0;221.4;300.0;163.0
1111.5;0.2610;0.2651;-0.0137;0.0000;40;38;-0.0049;75.9313;-0.1679;-0.3844;75.7190;300.0;221.4;300.0;162.8
1112.0;0.2605;0.2642;0.0110;0.0000;40;38;-0.0049;76.0916;-0.1756;-0.3844;75.7190;300.0;221.4;300.0;163.0
1112.5;0.2587;0.2633;0.0206;0.0000;42;38;-0.0831;76.2137;-0.1756;-0.3844;75.7190;300.0;221.4;300.0;163.0
1113.0;0.2573;0.2624;0.0343;0.0000;42;40;0.0733;76.3359;-0.1756;-0.3844;75.7190;300.0;221.7;300.0;163.0
1113.5;0.2564;0.2614;0.0508;0.0000;42;38;-0.0049;76.4962;-0.1756;-0.3844;75.7190;300.0;221.7;300.0;163.0
1114.0;0.2546;0.2601;0.0220;0.0000;42;40;-0.0049;76.5802;-0.1756;-0.3844;76.5187;300.0;221.4;300.0;163.0
1114.5;0.2541;0.2592;0.0316;0.0000;42;40;-0.0049;76.7405;-0.1756;-0.3844;76.5187;300.0;221.4;300.0;163.0
1115.0;0.2523;0.2582;0.0082;0.0000;42;40;-0.0049;76.8244;-0.1756;-0.3844;76.5187;300.0;221.4;300.0;163.0
1115.5;0.2509;0.2573;0.0137;0.0000;44;40;-0.0831;76.9466;-0.1756;-0.3844;76.5187;300.0;221.1;300.0;163.3
1116.0;0.2495;0.2564;-0.0137;0.0000;44;40;0.0733;77.0687;-0.1756;-0.3844;76.5187;300.0;220.8;300.0;163.0
1116.5;0.2482;0.2555;-0.0357;0.0000;44;40;-0.0831;77.1908;-0.1756;-0.3844;76.5187;300.0;220.8;300.0;162.8
1117.0;0.2463;0.2541;-0.0783;0.0000;44;44;-0.0049;77.2748;-0.1832;-0.3844;76.5187;300.0;220.5;300.0;162.8
1117.5;0.2454;0.2532;-0.1401;0.0000;44;44;0.0049;77.4351;-0.1832;-0.4064;77.3183;300.0;220.5;300.0;162.8
1118.0;0.2445;0.2523;-0.1813;0.0000;40;44;0.0831;77.5573;-0.1832;-0.4064;77.3183;300.0;221.1;300.0;163.0
1118.5;0.2436;0.2514;-0.2074;0.0000;40;44;-0.0831;77.6794;-0.1832;-0.4064;77.3183;300.0;220.5;300.0;162.8
1119.0;0.2427;0.2505;-0.2074;0.0000;40;44;0.0831;77.8015;-0.1832;-0.4064;77.3183;300.0;220.2;300.0;162.8
1119.5;0.2418;0.2491;-0.2266;0.0000;40;44;-0.0831;77.9237;-0.1832;-0.4284;77.3183;300.0;220.2;300.0;162.5
1120.0;0.2408;0.2482;-0.1896;0.0000;40;42;0.0831;78.0458;-0.1832;-0.4284;77.3183;300.0;220.2;300.0;162.5
1120.5;0.2395;0.2473;-0.1799;0.0000;40;44;0.0049;78.1298;-0.1832;-0.4284;78.1179;300.0;220.5;300.0;162.2
1121.0;0.2390;0.2463;-0.1346;0.0000;40;42;-0.0049;78.2901;-0.1832;-0.4284;78.1179;300.0;220.5;300.0;162.2
1121.5;0.2376;0.2454;-0.0755;0.0000;42;40;-0.0049;78.3664;-0.1908;-0.4284;78.1179;300.0;220.5;300.0;162.2
1122.0;0.2363;0.2440;-0.0247;0.0000;44;40;-0.0831;78.4885;-0.1908;-0.4284;78.1179;300.0;220.5;300.0;162.5
1122.5;0.2353;0.2431;0.0055;0.0000;44;40;0.0733;78.6107;-0.1908;-0.4284;78.1179;300.0;220.5;300.0;162.2
1123.0;0.2344;0.2422;0.0014;0.0000;44;40;-0.0831;78.7328;-0.1908;-0.4284;78.1179;300.0;220.8;300.0;162.5
1123.5;0.2335;0.2413;0.0137;0.0000;42;40;0.0733;78.8550;-0.1908;-0.4284;78.1179;300.0;220.5;300.0;162.8
1124.0;0.2326;0.2404;-0.0041;0.0000;42;38;-0.0831;78.9771;-0.1908;-0.4284;78.9175;300.0;220.2;300.0;162.5
1124.5;0.2321;0.2395;-0.0151;0.0000;40;38;0.0733;79.0992;-0.1908;-0.4284;78.9175;300.0;220.2;300.0;162.5
1125.0;0.2308;0.2381;-0.0508;0.0000;40;40;-0.0049;79.1832;-0.1908;-0.4284;78.9175;300.0;219.9;300.0;162.2
1125.5;0.2294;0.2372;-0.0701;0.0000;40;40;0.0831;79.3053;-0.1908;-0.4503;78.9175;300.0;219.6;300.0;162.2
1126.0;0.2280;0.2363;-0.0893;0.0000;40;42;-0.0049;79.3893;-0.1985;-0.4503;78.9175;300.0;219.6;300.0;161.9
1126.5;0.2266;0.2353;-0.0797;0.0000;42;42;-0.0831;79.5115;-0.1985;-0.4503;78.9175;300.0;219.6;300.0;161.9