general_params = {
fan_speed = 0.000000,
angular_kp = 0.042000,
angular_ki = 0.000210,
angular_kd = 0.050000,
angular_acc_feed_forward_k = 0.000400,
angular_brake_feed_forward_k = 0.000400,
angular_vel_feed_forward_k = 0.004000,
linear_vel_acc_feed_forward_k = 0.031250,
linear_vel_brake_feed_forward_k = 0.018000,
linear_vel_feed_forward_k = 0.105000,
wall_kp = 0.009000,
wall_ki = 0.000000,
wall_kd = 0.000000,
linear_vel_kp = 2.500000,
linear_vel_ki = 0.010000,
linear_vel_kd = 25.000000,
diagonal_walls_kp = 0.005000,
diagonal_walls_ki = 0.000000,
diagonal_walls_kd = 0.000000,
start_wall_break_mm_left = 56.000000,
start_wall_break_mm_right = 56.000000,
enable_wall_break_correction = 1.000000,
max_linear_acc_jerk = 40.000000,
max_linear_brake_jerk = 40.000000,
wheel_radius_mm = 13.250000,
coulomb_ff = 0.130000,
angular_coulomb_ff = 0.000000,
angular_static_ff = 0.000000,
angular_coulomb_ff_inplace = 0.110000,
angular_static_ff_inplace = 0.130000,
};
t;Vel;TgtVel;AngVel;TgtAngVel;PWM_L;PWM_R;ImuDiff;VelP;VelI;AngP;AngI;RotFF;LinFF;Batt_mV
0.0;0.0000;0.0000;-0.0096;0.0000;-1;-1;-0.0049;-0.0012;-0.0012;-0.0000;-0.0000;0.0000;-0.0000;11385
0.5;0.0000;0.0000;-0.0027;0.0000;-1;-1;-0.0049;-0.0012;-0.0012;-0.0000;-0.0000;0.0000;-0.0000;11333
1.0;0.0000;0.0000;0.0014;0.0000;-1;-1;-0.0049;-0.0012;-0.0012;-0.0010;-0.0000;0.0000;-0.0000;11333
1.5;0.0000;0.0000;0.0027;0.0000;-1;-1;-0.0049;-0.0012;-0.0012;-0.0010;-0.0000;0.0000;-0.0000;11385
2.0;0.0000;0.0000;-0.0014;0.0000;-1;-1;-0.0049;0.0003;-0.0012;-0.0000;-0.0000;0.0000;-0.0000;11333
2.5;0.0000;0.0000;0.0000;0.0000;-1;-1;-0.0049;0.0003;-0.0012;-0.0010;-0.0000;0.0000;-0.0000;11385
3.0;0.0000;0.0000;0.0014;0.0000;-1;-1;-0.0049;0.0003;-0.0012;-0.0010;-0.0000;0.0000;-0.0000;11333
3.5;0.0000;0.0000;-0.0041;0.0000;-1;-1;-0.0049;0.0003;-0.0012;-0.0000;-0.0000;0.0000;-0.0000;11333
4.0;0.0000;0.0000;0.0041;0.0000;-1;-1;-0.0049;0.0003;-0.0012;-0.0010;-0.0000;0.0000;-0.0000;11385
4.5;0.0000;0.0005;0.0096;0.0000;-1;-1;-0.0049;0.0003;-0.0012;-0.0010;-0.0010;0.0000;-0.0000;11333
5.0;0.0000;0.0005;-0.0014;0.0000;-1;-1;-0.0049;0.0003;-0.0012;-0.0000;-0.0010;0.0000;-0.0000;11385
5.5;0.0000;0.0005;0.0014;0.0000;-1;-1;-0.0049;0.0018;-0.0012;-0.0010;-0.0010;0.0000;-0.0000;11333
6.0;0.0000;0.0005;0.0027;0.0000;-1;-1;-0.0049;0.0018;-0.0012;-0.0010;-0.0010;0.0000;-0.0000;11333
6.5;0.0000;0.0009;0.0027;0.0000;30;30;-0.0049;0.0018;-0.0012;-0.0010;-0.0010;0.0000;0.1339;11385
7.0;0.0000;0.0009;0.0014;0.0000;30;30;-0.0049;0.0018;-0.0012;-0.0010;-0.0010;0.0000;0.1339;11333
7.5;0.0000;0.0009;0.0014;0.0000;30;30;-0.0049;0.0018;-0.0012;-0.0010;-0.0010;0.0000;0.1339;11385
8.0;0.0000;0.0014;-0.0041;0.0000;30;30;-0.0049;0.0032;-0.0012;-0.0000;-0.0010;0.0000;0.1339;11333
8.5;0.0000;0.0014;0.0055;0.0000;30;30;-0.0049;0.0032;-0.0012;-0.0010;-0.0010;0.0000;0.1339;11333
9.0;0.0000;0.0018;0.0137;0.0000;30;30;-0.0049;0.0032;-0.0012;-0.0010;-0.0010;0.0000;0.1417;11333
9.5;0.0005;0.0018;0.0027;0.0000;30;30;-0.0049;0.0032;-0.0012;-0.0010;-0.0010;0.0000;0.1417;11333
10.0;0.0005;0.0023;0.0027;0.0000;30;30;-0.0049;0.0032;-0.0012;-0.0010;-0.0010;0.0000;0.1417;11385
10.5;0.0005;0.0023;0.0027;0.0000;32;32;-0.0049;0.0032;-0.0012;-0.0010;-0.0010;0.0000;0.1417;11333
11.0;0.0009;0.0027;-0.0041;0.0000;32;32;-0.0049;0.0032;-0.0012;-0.0000;-0.0010;0.0000;0.1417;11333
11.5;0.0009;0.0027;-0.0041;0.0000;32;32;-0.0049;0.0032;-0.0012;-0.0000;-0.0010;0.0000;0.1417;11385
12.0;0.0014;0.0032;-0.0027;0.0000;32;32;-0.0049;0.0047;-0.0012;-0.0000;-0.0010;0.0000;0.1417;11333
12.5;0.0014;0.0032;-0.0014;0.0000;32;32;-0.0049;0.0047;-0.0012;-0.0000;-0.0010;0.0000;0.1417;11333
13.0;0.0014;0.0037;-0.0041;0.0000;32;32;-0.0049;0.0047;-0.0012;-0.0000;-0.0010;0.0000;0.1417;11333
13.5;0.0018;0.0037;-0.0082;0.0000;32;32;-0.0049;0.0047;-0.0012;-0.0000;-0.0010;0.0000;0.1417;11333
14.0;0.0018;0.0041;-0.0110;0.0000;32;32;-0.0049;0.0047;0.0003;-0.0000;-0.0010;0.0000;0.1417;11333
14.5;0.0023;0.0046;-0.0082;0.0000;32;32;-0.0049;0.0047;0.0003;-0.0000;-0.0010;0.0000;0.1417;11333
15.0;0.0023;0.0046;0.0041;0.0000;34;32;-0.0049;0.0062;0.0003;-0.0010;-0.0010;0.0000;0.1496;11333
15.5;0.0023;0.0050;0.0055;0.0000;34;34;-0.0049;0.0062;0.0003;-0.0010;-0.0010;0.0000;0.1496;11333
16.0;0.0027;0.0055;0.0069;0.0000;34;34;-0.0049;0.0062;0.0003;-0.0010;-0.0010;0.0000;0.1496;11333
16.5;0.0027;0.0055;0.0179;0.0000;34;34;-0.0049;0.0062;0.0003;-0.0010;-0.0010;0.0000;0.1496;11333
17.0;0.0032;0.0060;0.0192;0.0000;34;34;-0.0049;0.0062;0.0003;-0.0010;-0.0010;0.0000;0.1496;11333
17.5;0.0032;0.0064;0.0124;0.0000;34;34;-0.0049;0.0076;0.0003;-0.0010;-0.0010;0.0000;0.1496;11333
18.0;0.0037;0.0069;0.0261;0.0000;34;34;-0.0049;0.0076;0.0003;-0.0020;-0.0010;0.0000;0.1496;11333
18.5;0.0037;0.0073;0.0385;0.0000;36;34;-0.0049;0.0076;0.0003;-0.0020;-0.0010;0.0000;0.1496;11333
19.0;0.0041;0.0078;0.0316;0.0000;36;34;-0.0049;0.0076;0.0003;-0.0020;-0.0010;0.0000;0.1496;11385
19.5;0.0041;0.0078;0.0247;0.0000;36;34;-0.0049;0.0091;0.0003;-0.0020;-0.0010;0.0000;0.1496;11385
20.0;0.0046;0.0082;0.0247;0.0000;36;36;-0.0049;0.0091;0.0003;-0.0020;-0.0010;0.0000;0.1496;11385
20.5;0.0046;0.0087;0.0014;0.0000;36;36;-0.0049;0.0091;0.0003;-0.0010;-0.0010;0.0000;0.1496;11385
21.0;0.0050;0.0092;-0.0179;0.0000;36;36;-0.0049;0.0105;0.0003;-0.0000;-0.0010;0.0000;0.1575;11385
21.5;0.0050;0.0096;-0.0357;0.0000;36;36;-0.0049;0.0105;0.0003;0.0010;-0.0010;0.0000;0.1575;11333
22.0;0.0055;0.0101;-0.0494;0.0000;36;38;-0.0049;0.0105;0.0003;0.0020;-0.0010;0.0000;0.1575;11333
22.5;0.0055;0.0105;-0.0440;0.0000;36;38;-0.0049;0.0120;0.0003;0.0010;-0.0010;0.0000;0.1575;11333
23.0;0.0060;0.0110;-0.0247;0.0000;38;38;-0.0049;0.0120;0.0003;0.0010;-0.0010;0.0000;0.1575;11333
23.5;0.0060;0.0114;-0.0234;0.0000;38;38;-0.0049;0.0135;0.0003;-0.0000;-0.0010;0.0000;0.1575;11333
24.0;0.0064;0.0119;-0.0151;0.0000;38;38;-0.0049;0.0135;0.0003;-0.0000;-0.0010;0.0000;0.1575;11333
24.5;0.0064;0.0124;-0.0151;0.0000;38;38;-0.0049;0.0135;0.0003;-0.0000;-0.0010;0.0000;0.1575;11333
25.0;0.0069;0.0128;0.0000;0.0000;38;38;-0.0049;0.0149;0.0003;-0.0010;-0.0010;0.0000;0.1575;11333
25.5;0.0069;0.0137;-0.0110;0.0000;40;40;-0.0049;0.0149;0.0003;-0.0000;-0.0000;0.0000;0.1575;11333
26.0;0.0073;0.0142;0.0096;0.0000;40;40;-0.0049;0.0164;0.0003;-0.0010;-0.0010;0.0000;0.1575;11282
26.5;0.0078;0.0147;0.0137;0.0000;40;40;-0.0049;0.0164;0.0003;-0.0010;-0.0010;0.0000;0.1575;11333
27.0;0.0087;0.0151;0.0096;0.0000;40;40;0.0733;0.0164;0.0003;-0.0010;-0.0010;0.0000;0.1654;11282
27.5;0.0092;0.0156;0.0110;0.0000;40;40;-0.0049;0.0149;0.0003;-0.0010;-0.0010;0.0000;0.1654;11282
28.0;0.0101;0.0165;0.0110;0.0000;40;40;-0.0049;0.0149;0.0003;-0.0010;-0.0010;0.0000;0.1654;11282
28.5;0.0105;0.0169;0.0179;0.0000;40;40;-0.0049;0.0149;0.0003;-0.0010;-0.0010;0.0000;0.1654;11282
29.0;0.0114;0.0174;0.0110;0.0000;40;40;-0.0831;0.0149;0.0003;-0.0010;-0.0010;0.0000;0.1654;11282
29.5;0.0128;0.0179;0.0275;0.0000;38;38;0.0733;0.0120;0.0018;-0.0020;-0.0010;0.0000;0.1654;11282
30.0;0.0142;0.0188;0.0330;0.0000;38;38;-0.0049;0.0105;0.0018;-0.0020;-0.0010;0.0000;0.1654;11282
30.5;0.0151;0.0192;0.0508;0.0000;38;38;-0.0049;0.0105;0.0018;-0.0029;-0.0010;0.0000;0.1654;11385
31.0;0.0156;0.0201;0.0357;0.0000;38;38;-0.0049;0.0105;0.0018;-0.0020;-0.0010;0.0000;0.1654;11333
31.5;0.0160;0.0206;0.0467;0.0000;40;38;-0.0049;0.0105;0.0018;-0.0029;-0.0010;0.0000;0.1654;11385
32.0;0.0169;0.0211;0.0440;0.0000;40;38;-0.0831;0.0091;0.0018;-0.0020;-0.0010;0.0000;0.1654;11385
32.5;0.0183;0.0220;0.0426;0.0000;38;38;0.0733;0.0076;0.0018;-0.0020;-0.0010;0.0000;0.1732;11333
33.0;0.0197;0.0224;0.0508;0.0000;38;38;-0.0049;0.0062;0.0018;-0.0029;-0.0010;0.0000;0.1732;11333
33.5;0.0211;0.0234;0.0481;0.0000;38;36;-0.0831;0.0047;0.0018;-0.0029;-0.0010;0.0000;0.1732;11333
34.0;0.0229;0.0238;0.0357;0.0000;36;36;0.0733;0.0018;0.0018;-0.0020;-0.0010;0.0000;0.1732;11333
34.5;0.0238;0.0247;0.0330;0.0000;36;36;-0.0049;0.0018;0.0018;-0.0020;-0.0010;0.0000;0.1732;11333
35.0;0.0247;0.0252;0.0179;0.0000;36;36;-0.0049;0.0003;0.0018;-0.0010;-0.0010;0.0000;0.1732;11333
35.5;0.0261;0.0261;0.0027;0.0000;38;36;-0.0831;-0.0012;0.0018;-0.0010;-0.0010;0.0000;0.1732;11333
36.0;0.0275;0.0266;0.0151;0.0000;36;36;0.0733;-0.0026;0.0018;-0.0010;-0.0010;0.0000;0.1732;11333
36.5;0.0284;0.0275;0.0124;0.0000;36;36;-0.0049;-0.0026;0.0018;-0.0010;-0.0010;0.0000;0.1732;11333
37.0;0.0293;0.0284;0.0041;0.0000;36;36;-0.0049;-0.0026;0.0018;-0.0010;-0.0010;0.0000;0.1732;11333
37.5;0.0302;0.0288;-0.0014;0.0000;38;36;-0.0831;-0.0041;0.0018;-0.0000;-0.0010;0.0000;0.1732;11333
38.0;0.0316;0.0298;0.0137;0.0000;36;36;0.0733;-0.0056;0.0018;-0.0010;-0.0010;0.0000;0.1811;11282
38.5;0.0325;0.0307;0.0082;0.0000;36;36;-0.0049;-0.0056;0.0018;-0.0010;-0.0010;0.0000;0.1811;11333
39.0;0.0334;0.0316;0.0206;0.0000;38;38;-0.0831;-0.0056;0.0018;-0.0010;-0.0010;0.0000;0.1811;11282
39.5;0.0343;0.0321;0.0069;0.0000;38;38;0.0733;-0.0056;0.0018;-0.0010;-0.0010;0.0000;0.1811;11282
40.0;0.0348;0.0330;0.0055;0.0000;38;38;-0.0049;-0.0056;0.0018;-0.0010;-0.0010;0.0000;0.1811;11282
40.5;0.0353;0.0339;0.0069;0.0000;38;40;-0.0049;-0.0041;0.0018;-0.0010;-0.0010;0.0000;0.1811;11282
41.0;0.0371;0.0348;0.0082;0.0000;38;38;-0.0049;-0.0070;0.0018;-0.0010;-0.0010;0.0000;0.1811;11282
41.5;0.0380;0.0353;0.0330;0.0000;38;38;-0.0049;-0.0070;0.0018;-0.0020;-0.0010;0.0000;0.1811;11282
42.0;0.0385;0.0362;0.0343;0.0000;38;38;-0.0049;-0.0070;0.0018;-0.0020;-0.0010;0.0000;0.1811;11385
42.5;0.0398;0.0371;0.0536;0.0000;40;40;0.0733;-0.0070;0.0018;-0.0029;-0.0010;0.0000;0.1811;11385
43.0;0.0412;0.0380;0.0549;0.0000;40;38;-0.0929;-0.0085;0.0018;-0.0029;-0.0010;0.0000;0.1811;11385
43.5;0.0417;0.0389;0.0563;0.0000;40;38;-0.0049;-0.0085;0.0018;-0.0029;-0.0010;0.0000;0.1890;11385
44.0;0.0430;0.0398;0.0563;0.0000;40;40;0.0733;-0.0085;0.0003;-0.0029;-0.0010;0.0000;0.1890;11333
44.5;0.0444;0.0408;0.0769;0.0000;40;38;-0.0929;-0.0100;0.0003;-0.0039;-0.0010;0.0000;0.1890;11333
45.0;0.0453;0.0417;0.0865;0.0000;40;38;-0.0049;-0.0100;0.0003;-0.0039;-0.0010;0.0000;0.1890;11333
45.5;0.0462;0.0426;0.0810;0.0000;40;40;0.0733;-0.0100;0.0003;-0.0039;-0.0010;0.0000;0.1890;11333
46.0;0.0476;0.0435;0.0865;0.0000;40;38;-0.0929;-0.0114;0.0003;-0.0039;-0.0010;0.0000;0.1890;11333
46.5;0.0495;0.0444;0.0934;0.0000;40;38;0.0733;-0.0129;0.0003;-0.0049;-0.0010;0.0000;0.1890;11282
47.0;0.0508;0.0453;0.0962;0.0000;40;38;-0.0929;-0.0144;0.0003;-0.0049;-0.0010;0.0000;0.1890;11333
47.5;0.0517;0.0462;0.0934;0.0000;40;38;-0.0049;-0.0144;0.0003;-0.0049;-0.0010;0.0000;0.1890;11333
48.0;0.0527;0.0472;0.0879;0.0000;40;38;0.0733;-0.0144;0.0003;-0.0039;-0.0010;0.0000;0.1890;11282
48.5;0.0536;0.0481;0.0714;0.0000;40;40;-0.0049;-0.0144;0.0003;-0.0039;-0.0010;0.0000;0.1890;11282
49.0;0.0549;0.0495;0.0508;0.0000;40;40;-0.0049;-0.0158;0.0003;-0.0029;-0.0010;0.0000;0.1969;11282
49.5;0.0563;0.0504;0.0398;0.0000;40;40;-0.0049;-0.0158;0.0003;-0.0020;-0.0010;0.0000;0.1969;11282
50.0;0.0563;0.0513;0.0275;0.0000;40;40;-0.0049;-0.0144;0.0003;-0.0020;-0.0010;0.0000;0.1969;11282
50.5;0.0582;0.0522;0.0302;0.0000;40;40;-0.0049;-0.0158;0.0003;-0.0020;-0.0010;0.0000;0.1969;11282
51.0;0.0595;0.0531;0.0371;0.0000;42;40;-0.0831;-0.0158;0.0003;-0.0020;-0.0010;0.0000;0.1969;11282
51.5;0.0614;0.0545;0.0316;0.0000;40;40;0.0733;-0.0173;0.0003;-0.0020;-0.0010;0.0000;0.1969;11282
52.0;0.0627;0.0554;0.0371;0.0000;40;40;-0.0831;-0.0188;0.0003;-0.0020;-0.0010;0.0000;0.1969;11282
52.5;0.0641;0.0563;0.0206;0.0000;40;40;0.0733;-0.0202;0.0003;-0.0010;-0.0010;0.0000;0.1969;11282
53.0;0.0659;0.0577;0.0151;0.0000;40;40;0.0733;-0.0217;0.0003;-0.0010;-0.0010;0.0000;0.1969;11385
53.5;0.0673;0.0586;0.0165;0.0000;40;40;-0.0831;-0.0217;0.0003;-0.0010;-0.0010;0.0000;0.1969;11333
54.0;0.0678;0.0595;0.0261;0.0000;40;40;-0.0049;-0.0217;0.0003;-0.0020;-0.0010;0.0000;0.1969;11333
54.5;0.0696;0.0609;0.0316;0.0000;40;40;-0.0049;-0.0231;0.0003;-0.0020;-0.0010;0.0000;0.2047;11333
55.0;0.0705;0.0618;0.0371;0.0000;40;40;-0.0049;-0.0217;0.0003;-0.0020;-0.0010;0.0000;0.2047;11333
55.5;0.0723;0.0632;0.0481;0.0000;40;40;-0.0049;-0.0246;0.0003;-0.0029;-0.0010;0.0000;0.2047;11333
56.0;0.0733;0.0641;0.0549;0.0000;42;40;-0.0049;-0.0231;-0.0012;-0.0029;-0.0010;0.0000;0.2047;11333
56.5;0.0751;0.0655;0.0577;0.0000;42;40;-0.0049;-0.0246;-0.0012;-0.0029;-0.0010;0.0000;0.2047;11333
57.0;0.0765;0.0664;0.0508;0.0000;42;40;-0.0929;-0.0261;-0.0012;-0.0029;-0.0010;0.0000;0.2047;11333
57.5;0.0778;0.0678;0.0426;0.0000;40;40;0.0733;-0.0261;-0.0012;-0.0020;-0.0010;0.0000;0.2047;11282
58.0;0.0792;0.0687;0.0426;0.0000;42;40;-0.0831;-0.0275;-0.0012;-0.0020;-0.0010;0.0000;0.2047;11333
58.5;0.0806;0.0701;0.0467;0.0000;42;40;0.0733;-0.0275;-0.0012;-0.0029;-0.0010;0.0000;0.2047;11282
59.0;0.0820;0.0710;0.0398;0.0000;42;40;-0.0831;-0.0275;-0.0012;-0.0020;-0.0010;0.0000;0.2047;11282
59.5;0.0833;0.0723;0.0371;0.0000;42;40;0.0733;-0.0275;-0.0012;-0.0020;-0.0010;0.0000;0.2126;11333
60.0;0.0852;0.0737;0.0357;0.0000;42;40;-0.0049;-0.0290;-0.0012;-0.0020;-0.0010;0.0000;0.2126;11282
60.5;0.0861;0.0746;0.0275;0.0000;42;42;-0.0049;-0.0290;-0.0012;-0.0020;-0.0010;0.0000;0.2126;11282
61.0;0.0875;0.0760;0.0247;0.0000;42;42;-0.0049;-0.0290;-0.0012;-0.0020;-0.0010;0.0000;0.2126;11282
61.5;0.0888;0.0774;0.0206;0.0000;44;40;-0.0831;-0.0305;-0.0012;-0.0010;-0.0010;0.0000;0.2126;11282
62.0;0.0902;0.0783;0.0371;0.0000;44;42;0.0733;-0.0305;-0.0012;-0.0020;-0.0010;0.0000;0.2126;11282
62.5;0.0916;0.0797;0.0385;0.0000;44;44;0.0733;-0.0305;-0.0026;-0.0020;-0.0010;0.0000;0.2126;11282
63.0;0.0925;0.0810;0.0302;0.0000;44;44;-0.0831;-0.0290;-0.0026;-0.0020;-0.0010;0.0000;0.2126;11282
63.5;0.0943;0.0824;0.0096;0.0000;44;44;-0.0049;-0.0305;-0.0026;-0.0010;-0.0010;0.0000;0.2126;11282
64.0;0.0948;0.0838;-0.0041;0.0000;44;44;-0.0049;-0.0290;-0.0026;-0.0000;-0.0010;0.0000;0.2126;11282
64.5;0.0966;0.0847;-0.0165;0.0000;44;44;-0.0049;-0.0290;-0.0026;-0.0000;-0.0010;0.0000;0.2126;11333
65.0;0.0980;0.0861;-0.0082;0.0000;44;44;0.0733;-0.0290;-0.0026;-0.0000;-0.0010;0.0000;0.2205;11333
65.5;0.0998;0.0875;-0.0220;0.0000;44;44;-0.0049;-0.0305;-0.0026;-0.0000;-0.0010;0.0000;0.2205;11333
66.0;0.1012;0.0888;-0.0151;0.0000;44;44;-0.0831;-0.0319;-0.0026;-0.0000;-0.0010;0.0000;0.2205;11333
66.5;0.1021;0.0902;0.0247;0.0000;44;44;0.0733;-0.0305;-0.0026;-0.0020;-0.0010;0.0000;0.2205;11333
67.0;0.1035;0.0916;0.0385;0.0000;46;44;-0.0831;-0.0305;-0.0026;-0.0020;-0.0010;0.0000;0.2205;11333
67.5;0.1049;0.0929;0.0604;0.0000;46;44;-0.0049;-0.0305;-0.0026;-0.0029;-0.0010;0.0000;0.2205;11333
68.0;0.1071;0.0943;0.0412;0.0000;46;44;-0.0049;-0.0319;-0.0026;-0.0020;-0.0010;0.0000;0.2205;11333
68.5;0.1085;0.0957;0.0522;0.0000;46;44;0.0733;-0.0334;-0.0026;-0.0029;-0.0010;0.0000;0.2205;11333
69.0;0.1099;0.0971;0.0453;0.0000;46;44;-0.0831;-0.0334;-0.0041;-0.0020;-0.0010;0.0000;0.2205;11282
69.5;0.1117;0.0984;0.0453;0.0000;46;44;-0.0049;-0.0334;-0.0041;-0.0020;-0.0010;0.0000;0.2205;11282
70.0;0.1136;0.0998;0.0412;0.0000;46;44;-0.0049;-0.0349;-0.0041;-0.0020;-0.0010;0.0000;0.2283;11282
70.5;0.1154;0.1012;0.0385;0.0000;46;44;0.0733;-0.0349;-0.0041;-0.0020;-0.0010;0.0000;0.2283;11282
71.0;0.1154;0.1026;0.0412;0.0000;46;46;-0.0049;-0.0334;-0.0041;-0.0020;-0.0010;0.0000;0.2283;11282
71.5;0.1168;0.1044;0.0330;0.0000;48;46;-0.0049;-0.0319;-0.0041;-0.0020;-0.0010;0.0000;0.2283;11282
72.0;0.1181;0.1058;0.0549;0.0000;48;46;-0.0049;-0.0319;-0.0041;-0.0029;-0.0010;0.0000;0.2283;11282
72.5;0.1195;0.1071;0.0426;0.0000;48;48;0.0733;-0.0319;-0.0041;-0.0020;-0.0010;0.0000;0.2283;11282
73.0;0.1213;0.1085;0.0563;0.0000;48;48;-0.0049;-0.0319;-0.0041;-0.0029;-0.0010;0.0000;0.2283;11282
73.5;0.1232;0.1099;0.0604;0.0000;48;48;-0.0049;-0.0334;-0.0041;-0.0029;-0.0010;0.0000;0.2283;11231
74.0;0.1250;0.1117;0.0398;0.0000;48;46;-0.0049;-0.0349;-0.0041;-0.0020;-0.0010;0.0000;0.2283;11282
74.5;0.1259;0.1131;0.0027;0.0000;48;48;-0.0049;-0.0334;-0.0056;-0.0010;-0.0010;0.0000;0.2283;11282
75.0;0.1273;0.1145;-0.0179;0.0000;48;48;-0.0049;-0.0319;-0.0056;-0.0000;-0.0010;0.0000;0.2283;11282
75.5;0.1287;0.1158;-0.0330;0.0000;48;48;-0.0049;-0.0334;-0.0056;0.0010;-0.0010;0.0000;0.2283;11333
76.0;0.1305;0.1177;-0.0481;0.0000;48;48;-0.0049;-0.0334;-0.0056;0.0020;-0.0010;0.0000;0.2283;11333
76.5;0.1328;0.1190;-0.0604;0.0000;46;48;-0.0049;-0.0349;-0.0056;0.0020;-0.0010;0.0000;0.2362;11333
77.0;0.1342;0.1204;-0.0742;0.0000;46;48;-0.0831;-0.0349;-0.0056;0.0029;-0.0010;0.0000;0.2362;11333
77.5;0.1355;0.1218;-0.0728;0.0000;48;48;-0.0049;-0.0349;-0.0056;0.0029;-0.0010;0.0000;0.2362;11333
78.0;0.1364;0.1236;-0.0783;0.0000;48;48;0.0831;-0.0334;-0.0056;0.0029;-0.0010;0.0000;0.2362;11282
78.5;0.1383;0.1250;-0.0728;0.0000;48;50;-0.0049;-0.0334;-0.0056;0.0029;-0.0010;0.0000;0.2362;11333
79.0;0.1387;0.1264;-0.0659;0.0000;48;50;-0.0831;-0.0319;-0.0056;0.0020;-0.0010;0.0000;0.2362;11282
79.5;0.1410;0.1282;-0.0536;0.0000;48;50;0.0831;-0.0334;-0.0056;0.0020;-0.0010;0.0000;0.2362;11282
80.0;0.1415;0.1296;-0.0467;0.0000;50;50;-0.0049;-0.0305;-0.0070;0.0010;-0.0010;0.0000;0.2362;11282
80.5;0.1424;0.1310;-0.0343;0.0000;50;52;-0.0049;-0.0290;-0.0070;0.0010;-0.0010;0.0000;0.2362;11231
81.0;0.1429;0.1323;-0.0330;0.0000;50;52;0.0733;-0.0261;-0.0070;0.0010;-0.0010;0.0000;0.2362;11282
81.5;0.1438;0.1342;-0.0371;0.0000;52;52;-0.0049;-0.0261;-0.0070;0.0010;-0.0010;0.0000;0.2362;11282
82.0;0.1451;0.1355;-0.0549;0.0000;52;54;-0.0049;-0.0246;-0.0070;0.0020;-0.0010;0.0000;0.2362;11231
82.5;0.1465;0.1369;-0.0591;0.0000;52;54;-0.0049;-0.0246;-0.0070;0.0020;-0.0010;0.0000;0.2362;11231
83.0;0.1484;0.1387;-0.0714;0.0000;52;52;-0.0049;-0.0246;-0.0070;0.0029;-0.0010;0.0000;0.2362;11231
83.5;0.1497;0.1401;-0.0865;0.0000;50;52;-0.0049;-0.0261;-0.0070;0.0029;-0.0010;0.0000;0.2362;11231
84.0;0.1516;0.1415;-0.1058;0.0000;50;52;-0.0049;-0.0261;-0.0070;0.0039;-0.0010;0.0000;0.2362;11231
84.5;0.1525;0.1429;-0.1181;0.0000;50;54;0.0831;-0.0246;-0.0070;0.0049;-0.0010;0.0000;0.2362;11231
85.0;0.1529;0.1447;-0.1181;0.0000;52;56;0.0831;-0.0217;-0.0070;0.0049;-0.0010;0.0000;0.2362;11231
85.5;0.1538;0.1461;-0.1305;0.0000;52;56;-0.0049;-0.0202;-0.0070;0.0049;-0.0010;0.0000;0.2362;11231
86.0;0.1548;0.1474;-0.1126;0.0000;52;56;-0.0049;-0.0188;-0.0070;0.0039;-0.0010;0.0000;0.2362;11231
86.5;0.1561;0.1488;-0.1058;0.0000;54;56;-0.0049;-0.0188;-0.0070;0.0039;-0.0010;0.0000;0.2362;11282
87.0;0.1575;0.1506;-0.1071;0.0000;54;56;-0.0049;-0.0173;-0.0070;0.0039;-0.0010;0.0000;0.2362;11333
87.5;0.1593;0.1520;-0.1058;0.0000;52;54;-0.0831;-0.0202;-0.0070;0.0039;-0.0010;0.0000;0.2362;11282
88.0;0.1607;0.1534;-0.1030;0.0000;52;56;0.0831;-0.0188;-0.0085;0.0039;-0.0010;0.0000;0.2362;11333
88.5;0.1621;0.1552;-0.0948;0.0000;52;56;-0.0831;-0.0188;-0.0085;0.0039;-0.0010;0.0000;0.2362;11282
89.0;0.1635;0.1566;-0.1058;0.0000;52;56;-0.0049;-0.0173;-0.0085;0.0039;-0.0010;0.0000;0.2362;11231
89.5;0.1648;0.1580;-0.1030;0.0000;54;56;-0.0049;-0.0173;-0.0085;0.0039;-0.0010;0.0000;0.2362;11282
90.0;0.1658;0.1593;-0.1113;0.0000;54;56;-0.0049;-0.0173;-0.0085;0.0039;-0.0010;0.0000;0.2362;11282
90.5;0.1671;0.1612;-0.1058;0.0000;54;56;-0.0049;-0.0158;-0.0085;0.0039;-0.0010;0.0000;0.2362;11231
91.0;0.1685;0.1625;-0.1071;0.0000;54;56;-0.0049;-0.0158;-0.0085;0.0039;-0.0010;0.0000;0.2362;11282
91.5;0.1699;0.1639;-0.0962;0.0000;54;56;-0.0049;-0.0158;-0.0085;0.0039;-0.0010;0.0000;0.2362;11231
92.0;0.1717;0.1653;-0.0797;0.0000;54;56;0.0831;-0.0158;-0.0085;0.0029;-0.0010;0.0000;0.2362;11231
92.5;0.1735;0.1671;-0.0687;0.0000;54;56;-0.0049;-0.0173;-0.0085;0.0020;-0.0010;0.0000;0.2362;11282
93.0;0.1749;0.1685;-0.0549;0.0000;54;56;-0.0049;-0.0173;-0.0085;0.0020;-0.0010;0.0000;0.2362;11231
93.5;0.1772;0.1699;-0.0275;0.0000;54;54;-0.0831;-0.0188;-0.0085;0.0010;-0.0010;0.0000;0.2362;11231
94.0;0.1786;0.1717;0.0000;0.0000;54;54;-0.0049;-0.0188;-0.0085;-0.0010;-0.0010;0.0000;0.2362;11231
94.5;0.1799;0.1731;0.0000;0.0000;54;54;-0.0049;-0.0188;-0.0085;-0.0010;-0.0010;0.0000;0.2362;11231
95.0;0.1813;0.1745;0.0110;0.0000;54;54;-0.0049;-0.0188;-0.0085;-0.0010;-0.0010;0.0000;0.2362;11231
95.5;0.1841;0.1758;-0.0014;0.0000;54;54;-0.0049;-0.0202;-0.0085;-0.0000;-0.0010;0.0000;0.2362;11231
96.0;0.1859;0.1777;-0.0041;0.0000;52;52;-0.0049;-0.0217;-0.0085;-0.0000;-0.0010;0.0000;0.2362;11231
96.5;0.1877;0.1790;-0.0165;0.0000;52;54;-0.0049;-0.0217;-0.0085;-0.0000;-0.0010;0.0000;0.2362;11231
97.0;0.1896;0.1804;-0.0192;0.0000;52;52;-0.0831;-0.0231;-0.0085;-0.0000;-0.0010;0.0000;0.2362;11231
97.5;0.1918;0.1822;-0.0247;0.0000;52;52;0.0733;-0.0261;-0.0085;0.0010;-0.0010;0.0000;0.2362;11231
98.0;0.1937;0.1836;-0.0467;0.0000;52;52;-0.0049;-0.0261;-0.0100;0.0010;-0.0010;0.0000;0.2362;11282
98.5;0.1951;0.1850;-0.0440;0.0000;52;52;-0.0049;-0.0261;-0.0100;0.0010;-0.0010;0.0000;0.2362;11282
99.0;0.1969;0.1864;-0.0494;0.0000;52;52;-0.0831;-0.0261;-0.0100;0.0020;-0.0010;0.0000;0.2362;11282
99.5;0.1983;0.1882;-0.0440;0.0000;52;52;-0.0049;-0.0261;-0.0100;0.0010;-0.0010;0.0000;0.2362;11333
100.0;0.2001;0.1896;-0.0687;0.0000;52;52;-0.0831;-0.0261;-0.0100;0.0020;-0.0010;0.0000;0.2362;11282
100.5;0.2010;0.1909;-0.0797;0.0000;52;52;-0.0049;-0.0261;-0.0100;0.0029;-0.0010;0.0000;0.2362;11282
101.0;0.2038;0.1923;-0.1195;0.0000;52;52;-0.0049;-0.0290;-0.0100;0.0049;-0.0010;0.0000;0.2362;11282
101.5;0.2051;0.1941;-0.1456;0.0000;50;54;0.0049;-0.0290;-0.0100;0.0059;-0.0000;0.0000;0.2441;11231
102.0;0.2074;0.1955;-0.1429;0.0000;50;52;0.0831;-0.0305;-0.0100;0.0059;-0.0000;0.0000;0.2441;11282
102.5;0.2092;0.1969;-0.1415;0.0000;50;52;-0.0831;-0.0319;-0.0100;0.0059;-0.0000;0.0000;0.2441;11282
103.0;0.2111;0.1987;-0.1305;0.0000;50;52;-0.0049;-0.0319;-0.0100;0.0049;-0.0000;0.0000;0.2441;11282
103.5;0.2134;0.2001;-0.1209;0.0000;50;52;-0.0049;-0.0334;-0.0100;0.0049;-0.0000;0.0000;0.2441;11282
104.0;0.2157;0.2015;-0.0934;0.0000;50;50;-0.0831;-0.0363;-0.0100;0.0039;-0.0000;0.0000;0.2441;11282
104.5;0.2179;0.2028;-0.0632;0.0000;50;50;0.0831;-0.0378;-0.0114;0.0020;-0.0000;0.0000;0.2441;11282
105.0;0.2202;0.2047;-0.0440;0.0000;48;48;-0.0831;-0.0407;-0.0114;0.0010;-0.0000;0.0000;0.2441;11231
105.5;0.2234;0.2060;-0.0385;0.0000;48;48;-0.0049;-0.0437;-0.0114;0.0010;-0.0000;0.0000;0.2441;11282
106.0;0.2253;0.2074;-0.0330;0.0000;48;48;-0.0049;-0.0451;-0.0114;0.0010;-0.0000;0.0000;0.2441;11282
106.5;0.2271;0.2092;-0.0467;0.0000;48;48;-0.0049;-0.0451;-0.0114;0.0010;-0.0000;0.0000;0.2441;11282
107.0;0.2280;0.2106;-0.0536;0.0000;48;48;-0.0049;-0.0451;-0.0114;0.0020;-0.0000;0.0000;0.2441;11282
107.5;0.2289;0.2120;-0.0604;0.0000;48;50;-0.0049;-0.0422;-0.0114;0.0020;-0.0000;0.0000;0.2441;11231
108.0;0.2299;0.2134;-0.0742;0.0000;50;52;0.0831;-0.0422;-0.0114;0.0029;-0.0000;0.0000;0.2441;11282
108.5;0.2312;0.2152;-0.0865;0.0000;50;52;-0.0831;-0.0407;-0.0114;0.0029;-0.0000;0.0000;0.2441;11231
109.0;0.2326;0.2166;-0.1030;0.0000;50;52;-0.0831;-0.0407;-0.0129;0.0039;-0.0000;0.0000;0.2441;11231
109.5;0.2340;0.2179;-0.1058;0.0000;50;52;0.0831;-0.0407;-0.0129;0.0039;-0.0000;0.0000;0.2441;11333
110.0;0.2358;0.2193;-0.0893;0.0000;50;52;-0.0831;-0.0407;-0.0129;0.0029;-0.0000;0.0000;0.2441;11282
110.5;0.2381;0.2212;-0.0494;0.0000;50;50;-0.0049;-0.0422;-0.0129;0.0020;-0.0000;0.0000;0.2441;11333
111.0;0.2399;0.2225;-0.0041;0.0000;50;50;0.0733;-0.0437;-0.0129;-0.0000;-0.0000;0.0000;0.2441;11333
111.5;0.2418;0.2239;0.0234;0.0000;50;50;-0.0831;-0.0451;-0.0129;-0.0020;-0.0000;0.0000;0.2441;11282
112.0;0.2427;0.2257;0.0495;0.0000;52;50;-0.0049;-0.0437;-0.0129;-0.0029;-0.0000;0.0000;0.2441;11282
112.5;0.2440;0.2271;0.0412;0.0000;52;50;-0.0831;-0.0437;-0.0129;-0.0020;-0.0000;0.0000;0.2441;11282
113.0;0.2459;0.2285;0.0618;0.0000;52;50;-0.0049;-0.0437;-0.0144;-0.0029;-0.0000;0.0000;0.2441;11282
113.5;0.2468;0.2299;0.0467;0.0000;52;50;-0.0049;-0.0437;-0.0144;-0.0029;-0.0000;0.0000;0.2441;11282
114.0;0.2486;0.2317;0.0701;0.0000;52;50;-0.0049;-0.0437;-0.0144;-0.0039;-0.0000;0.0000;0.2441;11282
114.5;0.2495;0.2331;0.0632;0.0000;52;50;-0.0049;-0.0422;-0.0144;-0.0029;-0.0000;0.0000;0.2441;11282
115.0;0.2514;0.2344;0.0453;0.0000;52;52;-0.0049;-0.0437;-0.0144;-0.0020;-0.0000;0.0000;0.2441;11282
115.5;0.2537;0.2358;0.0288;0.0000;52;50;-0.0049;-0.0451;-0.0144;-0.0020;-0.0000;0.0000;0.2441;11231
116.0;0.2550;0.2376;-0.0096;0.0000;52;52;-0.0049;-0.0437;-0.0144;-0.0000;-0.0000;0.0000;0.2441;11282
116.5;0.2569;0.2390;-0.0481;0.0000;50;52;-0.0049;-0.0451;-0.0144;0.0020;-0.0000;0.0000;0.2441;11231
117.0;0.2578;0.2404;-0.0879;0.0000;52;52;-0.0049;-0.0437;-0.0144;0.0029;-0.0000;0.0000;0.2441;11231
117.5;0.2596;0.2422;-0.1099;0.0000;50;52;-0.0049;-0.0437;-0.0158;0.0039;-0.0000;0.0000;0.2441;11231
118.0;0.2614;0.2436;-0.1332;0.0000;50;52;-0.0049;-0.0451;-0.0158;0.0049;-0.0000;0.0000;0.2441;11231
118.5;0.2624;0.2450;-0.1264;0.0000;50;54;-0.0049;-0.0451;-0.0158;0.0049;-0.0000;0.0000;0.2441;11231
119.0;0.2642;0.2463;-0.1250;0.0000;50;54;-0.0049;-0.0451;-0.0158;0.0049;-0.0000;0.0000;0.2441;11282
119.5;0.2656;0.2482;-0.1181;0.0000;52;52;-0.0049;-0.0451;-0.0158;0.0049;-0.0000;0.0000;0.2441;11231
120.0;0.2660;0.2495;-0.1044;0.0000;52;54;-0.0049;-0.0422;-0.0158;0.0039;-0.0000;0.0000;0.2441;11231
120.5;0.2674;0.2509;-0.0907;0.0000;54;54;-0.0049;-0.0422;-0.0158;0.0029;-0.0000;0.0000;0.2441;11282
121.0;0.2692;0.2527;-0.0783;0.0000;52;54;-0.0049;-0.0422;-0.0158;0.0029;-0.0000;0.0000;0.2441;11282
121.5;0.2701;0.2541;-0.0673;0.0000;54;54;-0.0049;-0.0407;-0.0173;0.0020;-0.0000;0.0000;0.2441;11282
122.0;0.2715;0.2555;-0.0646;0.0000;54;54;-0.0049;-0.0407;-0.0173;0.0020;-0.0000;0.0000;0.2441;11333
122.5;0.2724;0.2569;-0.0783;0.0000;54;54;-0.0831;-0.0393;-0.0173;0.0029;-0.0000;0.0000;0.2441;11282
123.0;0.2734;0.2587;-0.0893;0.0000;54;56;0.0831;-0.0378;-0.0173;0.0029;-0.0000;0.0000;0.2441;11282
123.5;0.2752;0.2601;-0.1058;0.0000;54;56;-0.0049;-0.0393;-0.0173;0.0039;-0.0000;0.0000;0.2441;11282
124.0;0.2770;0.2614;-0.1030;0.0000;54;56;-0.0049;-0.0393;-0.0173;0.0039;-0.0000;0.0000;0.2441;11282
124.5;0.2784;0.2628;-0.1154;0.0000;54;54;-0.0831;-0.0393;-0.0173;0.0039;-0.0000;0.0000;0.2441;11282
125.0;0.2802;0.2647;-0.1168;0.0000;54;54;-0.0049;-0.0407;-0.0173;0.0049;-0.0000;0.0000;0.2441;11282
125.5;0.2816;0.2660;-0.1236;0.0000;52;56;-0.0049;-0.0407;-0.0173;0.0049;-0.0000;0.0000;0.2441;11231
126.0;0.2821;0.2674;-0.1223;0.0000;54;56;-0.0049;-0.0378;-0.0173;0.0049;-0.0000;0.0000;0.2441;11282
126.5;0.2830;0.2692;-0.1181;0.0000;54;58;-0.0049;-0.0363;-0.0188;0.0049;-0.0000;0.0000;0.2520;11231
127.0;0.2848;0.2706;-0.0975;0.0000;54;58;-0.0049;-0.0363;-0.0188;0.0039;-0.0000;0.0000;0.2520;11231
127.5;0.2866;0.2720;-0.0714;0.0000;54;56;-0.0049;-0.0363;-0.0188;0.0029;-0.0000;0.0000;0.2520;11231
128.0;0.2885;0.2734;-0.0563;0.0000;54;56;-0.0049;-0.0378;-0.0188;0.0020;-0.0000;0.0000;0.2520;11231
128.5;0.2908;0.2752;-0.0412;0.0000;54;54;-0.0049;-0.0393;-0.0188;0.0010;-0.0000;0.0000;0.2520;11231
129.0;0.2930;0.2766;-0.0563;0.0000;52;54;-0.0049;-0.0422;-0.0188;0.0020;-0.0000;0.0000;0.2520;11231
129.5;0.2944;0.2779;-0.0522;0.0000;52;54;0.0831;-0.0422;-0.0188;0.0020;-0.0000;0.0000;0.2520;11231
130.0;0.2953;0.2793;-0.0563;0.0000;54;54;-0.0831;-0.0407;-0.0188;0.0020;-0.0000;0.0000;0.2520;11231
130.5;0.2967;0.2811;-0.0549;0.0000;54;54;-0.0049;-0.0407;-0.0188;0.0020;-0.0000;0.0000;0.2520;11231
131.0;0.2976;0.2825;-0.0591;0.0000;54;56;-0.0831;-0.0393;-0.0202;0.0020;-0.0000;0.0000;0.2520;11231
131.5;0.2990;0.2839;-0.0563;0.0000;56;56;-0.0049;-0.0378;-0.0202;0.0020;-0.0000;0.0000;0.2520;11231
132.0;0.3004;0.2857;-0.0440;0.0000;56;56;-0.0049;-0.0378;-0.0202;0.0010;-0.0000;0.0000;0.2520;11282
132.5;0.3022;0.2871;-0.0343;0.0000;54;56;-0.0049;-0.0393;-0.0202;0.0010;-0.0000;0.0000;0.2520;11282
133.0;0.3040;0.2885;-0.0385;0.0000;54;54;-0.0049;-0.0393;-0.0202;0.0010;-0.0000;0.0000;0.2520;11282
133.5;0.3059;0.2898;-0.0412;0.0000;54;54;-0.0049;-0.0407;-0.0202;0.0010;-0.0000;0.0000;0.2520;11333
134.0;0.3077;0.2917;-0.0481;0.0000;54;54;-0.0049;-0.0422;-0.0202;0.0020;-0.0000;0.0000;0.2520;11282
134.5;0.3100;0.2930;-0.0577;0.0000;52;54;-0.0049;-0.0422;-0.0202;0.0020;-0.0000;0.0000;0.2520;11282
135.0;0.3118;0.2944;-0.0467;0.0000;52;54;-0.0049;-0.0437;-0.0202;0.0010;-0.0000;0.0000;0.2520;11282
135.5;0.3136;0.2962;-0.0481;0.0000;52;54;-0.0049;-0.0451;-0.0202;0.0020;-0.0000;0.0000;0.2520;11282
136.0;0.3155;0.2976;-0.0508;0.0000;52;54;-0.0049;-0.0451;-0.0217;0.0020;-0.0000;0.0000;0.2520;11282
136.5;0.3168;0.2990;-0.0632;0.0000;52;54;-0.0049;-0.0451;-0.0217;0.0020;-0.0000;0.0000;0.2520;11231
137.0;0.3187;0.3004;-0.0549;0.0000;52;54;-0.0049;-0.0466;-0.0217;0.0020;-0.0000;0.0000;0.2520;11231
137.5;0.3205;0.3022;-0.0481;0.0000;52;54;-0.0049;-0.0466;-0.0217;0.0020;-0.0000;0.0000;0.2520;11282
138.0;0.3219;0.3036;-0.0371;0.0000;52;54;-0.0049;-0.0466;-0.0217;0.0010;-0.0000;0.0000;0.2520;11231
138.5;0.3237;0.3049;-0.0275;0.0000;52;54;-0.0049;-0.0466;-0.0217;0.0010;-0.0000;0.0000;0.2520;11282
139.0;0.3251;0.3063;-0.0343;0.0000;52;54;-0.0049;-0.0481;-0.0217;0.0010;-0.0000;0.0000;0.2520;11231
139.5;0.3265;0.3082;-0.0261;0.0000;54;54;-0.0049;-0.0481;-0.0217;0.0010;-0.0000;0.0000;0.2520;11231
140.0;0.3283;0.3095;-0.0234;0.0000;54;54;-0.0049;-0.0466;-0.0231;-0.0000;-0.0000;0.0000;0.2520;11231
140.5;0.3292;0.3109;-0.0110;0.0000;54;54;-0.0049;-0.0466;-0.0231;-0.0000;-0.0000;0.0000;0.2520;11231
141.0;0.3315;0.3127;-0.0192;0.0000;54;54;0.0733;-0.0481;-0.0231;-0.0000;-0.0000;0.0000;0.2520;11231
141.5;0.3324;0.3141;-0.0206;0.0000;54;54;-0.0831;-0.0466;-0.0231;-0.0000;-0.0000;0.0000;0.2520;11231
142.0;0.3338;0.3155;-0.0192;0.0000;54;54;-0.0049;-0.0466;-0.0231;-0.0000;-0.0000;0.0000;0.2520;11231
142.5;0.3347;0.3168;-0.0247;0.0000;54;56;-0.0049;-0.0451;-0.0231;0.0010;0.0010;0.0000;0.2520;11231
143.0;0.3361;0.3187;-0.0165;0.0000;56;56;-0.0049;-0.0437;-0.0231;-0.0000;0.0010;0.0000;0.2520;11231
143.5;0.3361;0.3201;-0.0206;0.0000;56;58;0.0733;-0.0407;-0.0231;-0.0000;0.0010;0.0000;0.2520;11333
144.0;0.3370;0.3214;-0.0041;0.0000;58;58;-0.0831;-0.0393;-0.0246;-0.0000;0.0010;0.0000;0.2520;11282
144.5;0.3375;0.3228;-0.0110;0.0000;58;58;-0.0049;-0.0378;-0.0246;-0.0000;0.0010;0.0000;0.2520;11282
145.0;0.3384;0.3246;-0.0082;0.0000;58;60;-0.0049;-0.0349;-0.0246;-0.0000;0.0010;0.0000;0.2520;11282
145.5;0.3402;0.3260;-0.0041;0.0000;58;60;0.0733;-0.0363;-0.0246;-0.0000;0.0010;0.0000;0.2520;11231
146.0;0.3416;0.3274;-0.0096;0.0000;58;60;-0.0049;-0.0349;-0.0246;-0.0000;0.0010;0.0000;0.2520;11282
146.5;0.3425;0.3292;-0.0137;0.0000;58;60;-0.0049;-0.0349;-0.0246;-0.0000;0.0010;0.0000;0.2520;11231
147.0;0.3439;0.3306;-0.0330;0.0000;58;60;-0.0049;-0.0334;-0.0246;0.0010;0.0010;0.0000;0.2520;11282
147.5;0.3462;0.3320;-0.0467;0.0000;58;60;-0.0049;-0.0363;-0.0246;0.0010;0.0010;0.0000;0.2520;11231
148.0;0.3484;0.3333;-0.0549;0.0000;56;58;-0.0049;-0.0378;-0.0246;0.0020;0.0010;0.0000;0.2520;11231
148.5;0.3498;0.3352;-0.0563;0.0000;56;58;-0.0049;-0.0378;-0.0246;0.0020;0.0010;0.0000;0.2520;11231
149.0;0.3526;0.3365;-0.0742;0.0000;56;58;-0.0049;-0.0407;-0.0261;0.0029;0.0010;0.0000;0.2520;11231
149.5;0.3544;0.3379;-0.0742;0.0000;54;56;-0.0049;-0.0422;-0.0261;0.0029;0.0010;0.0000;0.2520;11231
150.0;0.3562;0.3397;-0.0907;0.0000;54;58;-0.0049;-0.0422;-0.0261;0.0029;0.0010;0.0000;0.2520;11231
150.5;0.3571;0.3411;-0.0920;0.0000;54;58;-0.0049;-0.0422;-0.0261;0.0029;0.0010;0.0000;0.2520;11231
151.0;0.3581;0.3425;-0.0934;0.0000;56;58;-0.0049;-0.0407;-0.0261;0.0039;0.0010;0.0000;0.2520;11231
151.5;0.3599;0.3439;-0.0810;0.0000;56;58;0.0831;-0.0407;-0.0261;0.0029;0.0010;0.0000;0.2598;11231
152.0;0.3617;0.3457;-0.0577;0.0000;56;58;-0.0831;-0.0407;-0.0261;0.0020;0.0010;0.0000;0.2598;11231
152.5;0.3631;0.3471;-0.0453;0.0000;56;58;-0.0049;-0.0407;-0.0261;0.0010;0.0010;0.0000;0.2598;11231
153.0;0.3649;0.3484;-0.0288;0.0000;56;58;0.0733;-0.0422;-0.0261;0.0010;0.0010;0.0000;0.2598;11231
153.5;0.3668;0.3498;-0.0069;0.0000;56;56;-0.0831;-0.0437;-0.0275;-0.0000;0.0010;0.0000;0.2598;11231
154.0;0.3686;0.3516;-0.0014;0.0000;56;56;-0.0049;-0.0437;-0.0275;-0.0000;0.0010;0.0000;0.2598;11231
154.5;0.3700;0.3530;0.0096;0.0000;56;56;0.0733;-0.0437;-0.0275;-0.0010;0.0010;0.0000;0.2598;11282
155.0;0.3723;0.3544;0.0165;0.0000;56;56;-0.0831;-0.0451;-0.0275;-0.0010;0.0010;0.0000;0.2598;11282
155.5;0.3741;0.3562;0.0027;0.0000;54;56;0.0733;-0.0466;-0.0275;-0.0010;0.0010;0.0000;0.2598;11282
156.0;0.3755;0.3576;-0.0179;0.0000;54;56;-0.0049;-0.0466;-0.0275;-0.0000;0.0010;0.0000;0.2598;11282
156.5;0.3782;0.3590;-0.0440;0.0000;54;56;-0.0049;-0.0481;-0.0275;0.0010;0.0010;0.0000;0.2598;11282
157.0;0.3796;0.3603;-0.0536;0.0000;54;56;-0.0049;-0.0481;-0.0275;0.0020;0.0010;0.0000;0.2598;11282
157.5;0.3805;0.3622;-0.0687;0.0000;54;56;-0.0049;-0.0466;-0.0290;0.0020;0.0010;0.0000;0.2598;11282
158.0;0.3814;0.3636;-0.0769;0.0000;56;58;0.0831;-0.0451;-0.0290;0.0029;0.0010;0.0000;0.2598;11282
158.5;0.3819;0.3649;-0.0687;0.0000;56;60;-0.0049;-0.0422;-0.0290;0.0020;0.0010;0.0000;0.2598;11282
159.0;0.3823;0.3663;-0.0508;0.0000;58;60;-0.0831;-0.0407;-0.0290;0.0020;0.0010;0.0000;0.2598;11282
159.5;0.3837;0.3681;-0.0192;0.0000;58;60;0.0733;-0.0407;-0.0290;-0.0000;0.0010;0.0000;0.2598;11231
160.0;0.3860;0.3695;0.0055;0.0000;58;58;-0.0049;-0.0422;-0.0290;-0.0010;0.0010;0.0000;0.2598;11231
160.5;0.3874;0.3709;0.0137;0.0000;58;58;-0.0049;-0.0422;-0.0290;-0.0010;0.0010;0.0000;0.2598;11231
161.0;0.3892;0.3727;0.0234;0.0000;58;58;-0.0831;-0.0422;-0.0290;-0.0020;0.0010;0.0000;0.2598;11231
161.5;0.3906;0.3741;0.0302;0.0000;58;58;0.0733;-0.0422;-0.0290;-0.0020;0.0010;0.0000;0.2598;11231
162.0;0.3933;0.3755;0.0316;0.0000;58;58;-0.0049;-0.0451;-0.0305;-0.0020;0.0010;0.0000;0.2598;11231
162.5;0.3947;0.3768;0.0234;0.0000;58;58;-0.0049;-0.0451;-0.0305;-0.0020;0.0010;0.0000;0.2598;11231
163.0;0.3961;0.3787;0.0096;0.0000;56;58;0.0733;-0.0451;-0.0305;-0.0010;0.0010;0.0000;0.2598;11231
163.5;0.3979;0.3800;0.0055;0.0000;58;58;-0.0831;-0.0451;-0.0305;-0.0010;0.0010;0.0000;0.2598;11231
164.0;0.3988;0.3814;-0.0261;0.0000;58;58;-0.0049;-0.0437;-0.0305;0.0010;0.0010;0.0000;0.2598;11231
164.5;0.3993;0.3832;-0.0151;0.0000;58;60;-0.0049;-0.0407;-0.0305;-0.0000;0.0010;0.0000;0.2598;11231
165.0;0.4006;0.3846;-0.0206;0.0000;60;60;-0.0049;-0.0407;-0.0305;-0.0000;0.0010;0.0000;0.2598;11231
165.5;0.4011;0.3860;-0.0082;0.0000;60;60;-0.0049;-0.0393;-0.0305;-0.0000;0.0010;0.0000;0.2598;11231
166.0;0.4020;0.3874;0.0041;0.0000;60;62;0.0733;-0.0378;-0.0305;-0.0010;0.0010;0.0000;0.2598;11282
166.5;0.4034;0.3892;0.0275;0.0000;60;60;-0.0831;-0.0363;-0.0319;-0.0020;0.0010;0.0000;0.2598;11282
167.0;0.4048;0.3906;0.0536;0.0000;60;60;0.0733;-0.0363;-0.0319;-0.0029;0.0010;0.0000;0.2598;11282
167.5;0.4066;0.3919;0.0481;0.0000;60;60;-0.0049;-0.0378;-0.0319;-0.0029;0.0010;0.0000;0.2598;11231
168.0;0.4080;0.3933;0.0536;0.0000;60;60;-0.0049;-0.0363;-0.0319;-0.0029;0.0010;0.0000;0.2598;11231
168.5;0.4089;0.3947;0.0495;0.0000;60;60;-0.0049;-0.0363;-0.0319;-0.0029;0.0010;0.0000;0.2598;11282
169.0;0.4093;0.3965;0.0426;0.0000;62;60;-0.0049;-0.0334;-0.0319;-0.0020;0.0010;0.0000;0.2598;11231
169.5;0.4112;0.3979;0.0137;0.0000;60;62;-0.0049;-0.0334;-0.0319;-0.0010;0.0010;0.0000;0.2598;11231
170.0;0.4121;0.3993;0.0055;-0.0810;75;46;-0.0049;-0.0334;-0.0319;-0.0039;0.0010;-0.0667;0.2598;11231
170.5;0.4135;0.4006;-0.0137;-0.0810;62;60;0.0733;-0.0334;-0.0319;-0.0029;0.0010;-0.0039;0.2598;11231
171.0;0.4139;0.4020;-0.0371;-0.0632;58;64;-0.0831;-0.0305;-0.0319;-0.0020;0.0010;0.0118;0.2520;11231
171.5;0.4139;0.4034;-0.0398;-0.0632;62;62;-0.0049;-0.0275;-0.0319;-0.0020;0.0010;-0.0039;0.2520;11231
172.0;0.4148;0.4048;-0.0494;-0.0632;64;64;-0.0049;-0.0261;-0.0334;-0.0010;0.0010;-0.0039;0.2520;11231
172.5;0.4153;0.4061;-0.0755;-0.0728;65;62;-0.0049;-0.0231;-0.0334;-0.0000;0.0010;-0.0078;0.2520;11231
173.0;0.4158;0.4075;-0.0934;-0.0728;64;64;-0.0831;-0.0217;-0.0334;-0.0000;0.0010;-0.0039;0.2520;11231
173.5;0.4171;0.4089;-0.1154;-0.0728;64;64;-0.0049;-0.0217;-0.0334;0.0010;0.0010;-0.0039;0.2520;11179
174.0;0.4185;0.4103;-0.1387;-0.0632;62;65;0.0831;-0.0217;-0.0334;0.0029;0.0010;0.0039;0.2520;11231
174.5;0.4203;0.4116;-0.1429;-0.0632;62;64;0.0049;-0.0231;-0.0334;0.0029;0.0010;-0.0039;0.2520;11179
175.0;0.4208;0.4130;-0.1525;-0.0549;60;65;0.0049;-0.0217;-0.0334;0.0039;0.0010;0.0039;0.2520;11179
175.5;0.4217;0.4139;-0.1580;-0.0632;64;64;0.0831;-0.0202;-0.0334;0.0039;0.0010;-0.0078;0.2520;11179
176.0;0.4231;0.4153;-0.1731;-0.0549;60;65;0.0049;-0.0202;-0.0334;0.0049;0.0010;0.0039;0.2520;11179
176.5;0.4245;0.4167;-0.1951;-0.0549;60;65;0.0831;-0.0202;-0.0334;0.0059;0.0010;-0.0039;0.2520;11179
177.0;0.4254;0.4180;-0.1964;-0.0549;62;65;-0.0831;-0.0188;-0.0334;0.0059;0.0010;-0.0039;0.2520;11282
177.5;0.4272;0.4194;-0.1992;-0.0549;60;64;0.0049;-0.0202;-0.0334;0.0059;0.0010;-0.0039;0.2520;11231
178.0;0.4290;0.4203;-0.1813;-0.0632;62;62;0.0049;-0.0231;-0.0334;0.0049;0.0010;-0.0078;0.2520;11282
178.5;0.4309;0.4217;-0.1799;-0.0453;56;65;0.0831;-0.0231;-0.0334;0.0049;0.0010;0.0118;0.2520;11282
179.0;0.4327;0.4231;-0.1442;-0.0549;60;60;0.0049;-0.0246;-0.0334;0.0029;0.0010;-0.0078;0.2441;11282
179.5;0.4341;0.4245;-0.1346;-0.0453;56;62;-0.0831;-0.0246;-0.0334;0.0029;0.0010;0.0039;0.2441;11231
180.0;0.4350;0.4254;-0.1058;-0.0810;65;54;0.0831;-0.0246;-0.0334;0.0010;0.0010;-0.0314;0.2441;11282
180.5;0.4368;0.4267;-0.0797;-0.0632;56;64;-0.0049;-0.0261;-0.0349;-0.0000;0.0010;0.0118;0.2441;11231
181.0;0.4386;0.4277;-0.0604;-0.0632;58;58;-0.0049;-0.0275;-0.0349;-0.0010;0.0010;-0.0039;0.2441;11282
181.5;0.4391;0.4290;-0.0536;-0.0549;56;62;-0.0049;-0.0261;-0.0349;-0.0010;0.0010;0.0039;0.2441;11231
182.0;0.4405;0.4304;-0.0481;-0.0549;58;60;-0.0049;-0.0261;-0.0349;-0.0010;0.0010;-0.0039;0.2441;11231
182.5;0.4414;0.4313;-0.0522;-0.0453;58;62;-0.0831;-0.0261;-0.0349;-0.0000;0.0010;0.0039;0.2441;11231
183.0;0.4418;0.4327;-0.0494;-0.0549;62;58;0.0733;-0.0246;-0.0349;-0.0010;0.0010;-0.0078;0.2441;11231
183.5;0.4432;0.4336;-0.0330;-0.0453;58;62;-0.0049;-0.0246;-0.0349;-0.0010;0.0010;0.0039;0.2441;11231
184.0;0.4446;0.4350;-0.0316;-0.0453;60;60;-0.0049;-0.0246;-0.0349;-0.0010;0.0010;-0.0039;0.2441;11231
184.5;0.4464;0.4359;-0.0096;-0.0371;58;60;-0.0049;-0.0261;-0.0349;-0.0020;0.0010;0.0039;0.2441;11231
185.0;0.4473;0.4373;-0.0041;-0.0549;62;56;0.0733;-0.0261;-0.0349;-0.0029;0.0010;-0.0157;0.2441;11231
185.5;0.4492;0.4382;0.0206;-0.0632;60;56;-0.0049;-0.0275;-0.0349;-0.0039;0.0010;-0.0078;0.2441;11231
186.0;0.4505;0.4391;0.0385;-0.0549;56;58;-0.0049;-0.0290;-0.0349;-0.0039;0.0010;0.0039;0.2441;11231
186.5;0.4510;0.4405;0.0591;-0.0549;58;58;0.0733;-0.0275;-0.0349;-0.0049;0.0010;-0.0039;0.2441;11231
187.0;0.4510;0.4414;0.0687;-0.0453;58;60;-0.0049;-0.0246;-0.0349;-0.0049;0.0010;0.0039;0.2362;11231
187.5;0.4510;0.4428;0.0632;-0.0371;60;62;-0.0929;-0.0217;-0.0363;-0.0049;0.0010;0.0039;0.2362;11231
188.0;0.4510;0.4437;0.0769;-0.0453;64;60;0.0733;-0.0188;-0.0363;-0.0059;0.0010;-0.0078;0.2362;11231
188.5;0.4505;0.4446;0.0687;-0.0549;65;60;-0.0929;-0.0158;-0.0363;-0.0059;0.0010;-0.0078;0.2362;11282
189.0;0.4515;0.4455;0.0728;-0.0453;62;64;-0.0049;-0.0144;-0.0363;-0.0059;0.0010;0.0039;0.2362;11282
189.5;0.4528;0.4469;0.0508;-0.0549;64;60;0.0733;-0.0158;-0.0363;-0.0049;0.0010;-0.0078;0.2362;11282
190.0;0.4533;0.4478;0.0563;-0.0549;64;62;-0.0049;-0.0144;-0.0363;-0.0049;0.0010;-0.0039;0.2362;11282
190.5;0.4538;0.4487;0.0440;-0.0549;62;62;0.0733;-0.0129;-0.0363;-0.0049;0.0010;-0.0039;0.2362;11231
191.0;0.4542;0.4496;0.0453;-0.0453;60;64;0.0733;-0.0114;-0.0363;-0.0039;0.0010;0.0039;0.2362;11231
191.5;0.4547;0.4505;0.0522;-0.0549;65;62;-0.0929;-0.0100;-0.0363;-0.0049;0.0010;-0.0078;0.2362;11231
192.0;0.4551;0.4519;0.0440;-0.0549;64;64;-0.0049;-0.0085;-0.0363;-0.0049;0.0010;-0.0039;0.2362;11231
192.5;0.4560;0.4528;0.0288;-0.0549;64;64;-0.0049;-0.0085;-0.0363;-0.0039;0.0010;-0.0039;0.2362;11282
193.0;0.4574;0.4538;0.0234;-0.0549;64;62;-0.0049;-0.0100;-0.0363;-0.0039;0.0010;-0.0039;0.2362;11179
193.5;0.4579;0.4547;0.0343;-0.0453;62;64;0.0733;-0.0085;-0.0363;-0.0039;0.0010;0.0039;0.2362;11231
194.0;0.4588;0.4556;0.0247;-0.0728;67;58;-0.0049;-0.0085;-0.0363;-0.0049;0.0010;-0.0235;0.2362;11231
194.5;0.4602;0.4565;0.0330;-0.0728;62;62;-0.0049;-0.0100;-0.0363;-0.0049;0.0010;-0.0039;0.2362;11179
195.0;0.4625;0.4574;0.0261;-0.0632;60;62;0.0733;-0.0129;-0.0363;-0.0039;-0.0000;0.0039;0.2362;11231
195.5;0.4643;0.4583;0.0316;-0.0549;58;62;-0.0049;-0.0144;-0.0363;-0.0039;-0.0000;0.0039;0.2362;11231
196.0;0.4661;0.4592;0.0096;-0.0453;56;60;-0.0049;-0.0173;-0.0363;-0.0029;-0.0000;0.0039;0.2283;11179
196.5;0.4675;0.4602;0.0151;-0.0453;58;58;-0.0049;-0.0188;-0.0363;-0.0029;-0.0000;-0.0039;0.2283;11231
197.0;0.4693;0.4611;-0.0041;-0.0453;56;58;-0.0049;-0.0202;-0.0363;-0.0020;-0.0000;-0.0039;0.2283;11231
197.5;0.4707;0.4620;0.0137;-0.0549;58;56;0.1613;-0.0217;-0.0363;-0.0029;-0.0000;-0.0078;0.2283;11231
198.0;0.4712;0.4629;0.0151;-0.0453;54;58;-0.0831;-0.0217;-0.0363;-0.0029;-0.0000;0.0039;0.2283;11231
198.5;0.4721;0.4638;0.0192;-0.0810;64;50;-0.0049;-0.0217;-0.0363;-0.0049;-0.0000;-0.0314;0.2283;11231
199.0;0.4725;0.4647;0.0330;-0.1003;60;54;0.0733;-0.0202;-0.0363;-0.0059;-0.0000;-0.0157;0.2283;11231
199.5;0.4734;0.4657;0.0426;-0.0728;52;62;0.0733;-0.0217;-0.0363;-0.0049;-0.0000;0.0196;0.2283;11231
200.0;0.4748;0.4666;0.0508;-0.0549;54;60;-0.0049;-0.0217;-0.0378;-0.0049;-0.0000;0.0118;0.2283;11282
200.5;0.4762;0.4670;0.0481;-0.0728;60;52;-0.0049;-0.0231;-0.0378;-0.0059;-0.0000;-0.0157;0.2283;11282
201.0;0.4771;0.4679;0.0591;-0.1003;60;50;-0.0049;-0.0231;-0.0378;-0.0068;-0.0000;-0.0235;0.2283;11333
201.5;0.4785;0.4689;0.0453;-0.0728;50;60;-0.0049;-0.0246;-0.0378;-0.0059;-0.0000;0.0196;0.2283;11282
202.0;0.4794;0.4698;0.0467;-0.0632;54;56;-0.0049;-0.0246;-0.0378;-0.0049;-0.0000;0.0039;0.2283;11282
202.5;0.4803;0.4702;0.0385;-0.0549;54;56;-0.0049;-0.0261;-0.0378;-0.0039;-0.0000;0.0039;0.2283;11282
203.0;0.4821;0.4712;0.0220;-0.0632;56;52;0.0733;-0.0275;-0.0378;-0.0039;-0.0000;-0.0078;0.2205;11282
203.5;0.4831;0.4721;0.0316;-0.0549;52;56;0.0733;-0.0275;-0.0378;-0.0039;-0.0000;0.0039;0.2205;11282
204.0;0.4835;0.4730;0.0220;-0.0549;54;54;-0.0049;-0.0275;-0.0378;-0.0039;-0.0000;-0.0039;0.2205;11282
204.5;0.4844;0.4734;0.0467;-0.0549;54;54;-0.0049;-0.0275;-0.0378;-0.0049;-0.0000;-0.0039;0.2205;11282
205.0;0.4853;0.4744;0.0495;-0.0453;52;56;-0.0049;-0.0275;-0.0378;-0.0049;-0.0000;0.0039;0.2205;11282
205.5;0.4858;0.4748;0.0769;-0.0549;56;52;-0.0049;-0.0275;-0.0378;-0.0059;-0.0000;-0.0078;0.2205;11282
206.0;0.4867;0.4757;0.0687;-0.0549;54;54;-0.0049;-0.0290;-0.0378;-0.0059;-0.0000;-0.0039;0.2205;11282
206.5;0.4876;0.4762;0.0769;-0.0810;60;48;-0.0049;-0.0290;-0.0378;-0.0068;-0.0000;-0.0235;0.2205;11282
207.0;0.4881;0.4771;0.0577;-0.0632;52;56;-0.0049;-0.0290;-0.0393;-0.0059;-0.0000;0.0118;0.2205;11282
207.5;0.4890;0.4780;0.0728;-0.0632;56;54;-0.0049;-0.0275;-0.0393;-0.0059;-0.0000;-0.0039;0.2205;11231
208.0;0.4895;0.4785;0.1085;-0.0549;52;56;0.1515;-0.0275;-0.0393;-0.0068;-0.0000;0.0039;0.2205;11282
208.5;0.4895;0.4789;0.1291;-0.0549;56;54;-0.0929;-0.0261;-0.0393;-0.0078;-0.0000;-0.0039;0.2205;11231
209.0;0.4895;0.4799;0.1662;-0.0549;58;54;-0.0147;-0.0246;-0.0393;-0.0098;-0.0000;-0.0039;0.2205;11282
209.5;0.4904;0.4803;0.1992;-0.0549;56;54;0.0733;-0.0261;-0.0393;-0.0108;-0.0000;-0.0039;0.2205;11282
210.0;0.4904;0.4812;0.2390;-0.0632;60;52;-0.0929;-0.0246;-0.0393;-0.0127;-0.0000;-0.0078;0.2205;11231
210.5;0.4908;0.4817;0.2514;-0.0549;56;54;0.0635;-0.0231;-0.0393;-0.0137;-0.0000;0.0039;0.2126;11282
211.0;0.4904;0.4821;0.2761;-0.0632;62;52;-0.0929;-0.0202;-0.0393;-0.0147;-0.0000;-0.0078;0.2126;11333
211.5;0.4904;0.4831;0.2816;-0.0728;62;52;-0.0147;-0.0188;-0.0393;-0.0156;-0.0010;-0.0078;0.2126;11282
212.0;0.4895;0.4835;0.2981;-0.0632;60;56;0.0635;-0.0158;-0.0393;-0.0156;-0.0010;0.0039;0.2126;11333
212.5;0.4895;0.4840;0.2995;-0.0728;64;54;-0.0147;-0.0144;-0.0393;-0.0156;-0.0010;-0.0078;0.2126;11282
213.0;0.4890;0.4849;0.3104;-0.0728;62;56;-0.0147;-0.0114;-0.0393;-0.0166;-0.0010;-0.0039;0.2126;11333
213.5;0.4895;0.4853;0.3159;-0.0810;64;54;-0.0147;-0.0114;-0.0393;-0.0176;-0.0010;-0.0078;0.2126;11282
214.0;0.4890;0.4858;0.3091;-0.0810;64;56;-0.0929;-0.0085;-0.0393;-0.0166;-0.0010;-0.0039;0.2126;11282
214.5;0.4886;0.4863;0.3063;-0.1085;69;52;-0.0147;-0.0056;-0.0393;-0.0176;-0.0010;-0.0235;0.2126;11282
215.0;0.4881;0.4872;0.2953;-0.0907;62;60;-0.0929;-0.0026;-0.0393;-0.0166;-0.0010;0.0118;0.2126;11282
215.5;0.4867;0.4876;0.3022;-0.0810;65;60;-0.0147;0.0018;-0.0393;-0.0166;-0.0010;0.0039;0.2126;11231
216.0;0.4853;0.4881;0.2637;-0.0810;67;60;-0.0147;0.0062;-0.0393;-0.0147;-0.0010;-0.0039;0.2126;11231
216.5;0.4849;0.4886;0.2445;-0.0810;69;60;-0.0147;0.0091;-0.0393;-0.0147;-0.0010;-0.0039;0.2126;11231
217.0;0.4844;0.4890;0.1635;-0.0810;67;62;-0.0147;0.0105;-0.0393;-0.0108;-0.0010;-0.0039;0.2126;11179
217.5;0.4844;0.4895;0.0948;-0.0728;65;64;-0.0049;0.0120;-0.0393;-0.0078;-0.0010;0.0039;0.2047;11231
218.0;0.4835;0.4899;0.0343;-0.0810;69;62;-0.0049;0.0149;-0.0393;-0.0049;-0.0010;-0.0078;0.2047;11231
218.5;0.4821;0.4904;0.0014;-0.0728;67;67;0.0733;0.0208;-0.0393;-0.0039;-0.0010;0.0039;0.2047;11179
219.0;0.4808;0.4908;-0.0302;-0.0728;69;67;-0.0049;0.0237;-0.0393;-0.0020;-0.0010;-0.0039;0.2047;11179
219.5;0.4803;0.4913;-0.0426;-0.0810;71;65;-0.0049;0.0267;-0.0393;-0.0020;-0.0010;-0.0078;0.2047;11179
220.0;0.4808;0.4918;-0.0481;-0.0907;71;65;-0.0831;0.0267;-0.0393;-0.0020;-0.0010;-0.0078;0.2047;11179
220.5;0.4812;0.4922;-0.0316;-0.0810;67;67;-0.0049;0.0267;-0.0393;-0.0029;-0.0010;0.0039;0.2047;11179
221.0;0.4821;0.4927;0.0398;-0.0728;67;65;-0.0049;0.0252;-0.0393;-0.0049;-0.0020;0.0039;0.2047;11179
221.5;0.4826;0.4931;0.0453;-0.0810;69;62;-0.0049;0.0252;-0.0393;-0.0059;-0.0020;-0.0078;0.2047;11179
222.0;0.4831;0.4936;0.0577;-0.1085;71;58;-0.0049;0.0252;-0.0393;-0.0078;-0.0020;-0.0235;0.2047;11231
222.5;0.4835;0.4940;0.0302;-0.0907;64;65;-0.0049;0.0252;-0.0378;-0.0059;-0.0020;0.0118;0.2047;11282
223.0;0.4840;0.4940;0.0261;-0.0907;65;62;-0.0049;0.0252;-0.0378;-0.0049;-0.0020;-0.0039;0.2047;11231
223.5;0.4849;0.4945;0.0398;-0.0728;62;64;-0.0831;0.0237;-0.0378;-0.0049;-0.0020;0.0118;0.2047;11282
224.0;0.4867;0.4950;0.0522;-0.0810;64;58;0.0733;0.0193;-0.0378;-0.0059;-0.0020;-0.0078;0.1969;11282
224.5;0.4876;0.4954;0.0481;-0.0728;60;60;-0.0049;0.0179;-0.0378;-0.0059;-0.0020;0.0039;0.1969;11231
225.0;0.4886;0.4959;0.0165;-0.0810;62;56;-0.0049;0.0164;-0.0378;-0.0049;-0.0020;-0.0078;0.1969;11282
225.5;0.4895;0.4959;0.0206;-0.0728;58;60;-0.0049;0.0149;-0.0378;-0.0049;-0.0020;0.0039;0.1969;11231
226.0;0.4899;0.4963;0.0137;-0.0810;62;56;-0.0049;0.0149;-0.0378;-0.0049;-0.0020;-0.0078;0.1969;11282
226.5;0.4904;0.4968;0.0536;-0.0810;60;56;-0.0049;0.0149;-0.0378;-0.0059;-0.0020;-0.0039;0.1969;11282
227.0;0.4908;0.4968;0.0577;-0.0907;62;54;-0.0049;0.0149;-0.0378;-0.0068;-0.0020;-0.0078;0.1969;11231
227.5;0.4904;0.4973;0.0920;-0.0907;62;56;-0.1711;0.0164;-0.0378;-0.0078;-0.0020;-0.0039;0.1969;11231
228.0;0.4899;0.4977;0.0934;-0.0907;62;58;-0.0049;0.0179;-0.0378;-0.0078;-0.0020;-0.0039;0.1969;11231
228.5;0.4899;0.4977;0.1003;-0.0907;64;58;-0.0049;0.0193;-0.0378;-0.0088;-0.0020;-0.0039;0.1969;11231
229.0;0.4904;0.4982;0.1181;-0.0907;64;56;-0.0929;0.0179;-0.0378;-0.0088;-0.0020;-0.0039;0.1969;11231
229.5;0.4913;0.4982;0.1209;-0.0907;62;56;-0.0049;0.0179;-0.0378;-0.0098;-0.0020;-0.0039;0.1969;11231
230.0;0.4922;0.4986;0.1291;-0.0810;60;56;-0.0929;0.0149;-0.0378;-0.0098;-0.0020;0.0039;0.1969;11231
230.5;0.4931;0.4986;0.1113;-0.1003;64;52;-0.0049;0.0135;-0.0378;-0.0098;-0.0020;-0.0157;0.1890;11231
231.0;0.4940;0.4991;0.1154;-0.1003;60;54;-0.0929;0.0120;-0.0378;-0.0098;-0.0020;-0.0039;0.1890;11231
231.5;0.4954;0.4991;0.0838;-0.1085;60;52;0.0733;0.0076;-0.0378;-0.0088;-0.0020;-0.0078;0.1890;11231
232.0;0.4968;0.4995;0.0879;-0.1003;56;54;-0.0049;0.0062;-0.0378;-0.0088;-0.0020;0.0039;0.1890;11231
232.5;0.4973;0.4995;0.0838;-0.0907;56;52;-0.0049;0.0047;-0.0378;-0.0078;-0.0020;0.0039;0.1890;11231
233.0;0.4977;0.4995;0.1030;-0.0907;56;52;-0.0049;0.0032;-0.0378;-0.0088;-0.0020;-0.0039;0.1890;11231
233.5;0.4986;0.5000;0.1058;-0.0810;52;50;-0.0929;0.0018;-0.0378;-0.0088;-0.0020;0.0039;0.1811;11333
234.0;0.4995;0.5000;0.1044;-0.0907;54;46;-0.0049;0.0003;-0.0378;-0.0088;-0.0020;-0.0078;0.1811;11333
234.5;0.4995;0.5000;0.1346;-0.1181;58;40;-0.0049;-0.0012;-0.0378;-0.0108;-0.0020;-0.0235;0.1811;11333
235.0;0.5000;0.5000;0.1126;-0.1085;52;48;-0.0049;-0.0012;-0.0378;-0.0098;-0.0029;0.0039;0.1811;11333
235.5;0.5005;0.5000;0.1030;-0.1003;52;48;-0.0929;-0.0026;-0.0378;-0.0088;-0.0029;0.0039;0.1811;11333
236.0;0.5005;0.5000;0.0756;-0.1003;52;46;-0.0049;-0.0026;-0.0378;-0.0078;-0.0029;-0.0039;0.1811;11333
236.5;0.5009;0.5000;0.0577;-0.1003;52;48;-0.0049;-0.0041;-0.0378;-0.0068;-0.0029;-0.0039;0.1811;11282
237.0;0.5009;0.5000;-0.0014;-0.1003;52;48;-0.0049;-0.0026;-0.0378;-0.0049;-0.0029;-0.0039;0.1811;11333
237.5;0.5005;0.5000;-0.0508;-0.1003;52;50;-0.0049;-0.0026;-0.0378;-0.0029;-0.0029;-0.0039;0.1811;11333
238.0;0.5005;0.5000;-0.0920;-0.0907;50;52;-0.0049;-0.0026;-0.0378;-0.0000;-0.0029;0.0039;0.1811;11282
238.5;0.5000;0.5000;-0.1401;-0.0907;52;52;-0.0049;-0.0012;-0.0378;0.0020;-0.0029;-0.0039;0.1811;11282
239.0;0.5000;0.5000;-0.1470;-0.0810;50;54;0.0049;-0.0012;-0.0378;0.0020;-0.0029;0.0039;0.1811;11282
239.5;0.4995;0.5000;-0.1525;-0.0907;54;50;0.0049;0.0003;-0.0378;0.0020;-0.0029;-0.0078;0.1811;11282
240.0;0.4991;0.5000;-0.1181;-0.0810;52;54;-0.0049;0.0003;-0.0378;0.0010;-0.0029;0.0039;0.1811;11282
240.5;0.4986;0.5000;-0.0838;-0.0907;56;52;-0.0049;0.0018;-0.0378;-0.0010;-0.0029;-0.0078;0.1811;11282
241.0;0.4977;0.5000;0.0027;-0.0810;54;56;0.0733;0.0047;-0.0378;-0.0039;-0.0029;0.0039;0.1811;11231
241.5;0.4968;0.5000;0.1016;-0.1003;62;50;-0.0049;0.0062;-0.0378;-0.0088;-0.0029;-0.0157;0.1811;11282
242.0;0.4963;0.5000;0.1580;-0.0810;56;56;-0.0147;0.0076;-0.0378;-0.0108;-0.0029;0.0118;0.1811;11282
242.5;0.4954;0.5000;0.2115;-0.0810;60;54;-0.0147;0.0091;-0.0378;-0.0127;-0.0029;-0.0039;0.1811;11231
243.0;0.4954;0.5000;0.2500;-0.0907;62;52;-0.0147;0.0105;-0.0363;-0.0147;-0.0029;-0.0078;0.1811;11231
243.5;0.4950;0.5000;0.2788;-0.1085;65;50;-0.0147;0.0120;-0.0363;-0.0166;-0.0029;-0.0157;0.1811;11231
244.0;0.4945;0.5000;0.2651;-0.0907;58;56;-0.0147;0.0120;-0.0363;-0.0156;-0.0029;0.0118;0.1811;11231
244.5;0.4940;0.5000;0.2843;-0.0907;62;54;-0.0147;0.0135;-0.0363;-0.0166;-0.0029;-0.0039;0.1811;11282
245.0;0.4940;0.5000;0.2651;-0.0907;62;54;-0.0147;0.0135;-0.0363;-0.0156;-0.0029;-0.0039;0.1811;11333
245.5;0.4936;0.5000;0.2486;-0.0810;60;56;-0.0147;0.0149;-0.0363;-0.0147;-0.0029;0.0039;0.1811;11333
246.0;0.4936;0.5000;0.2157;-0.0907;62;52;-0.0147;0.0149;-0.0363;-0.0137;-0.0029;-0.0078;0.1811;11333
246.5;0.4931;0.5000;0.2047;-0.0907;60;54;-0.0147;0.0149;-0.0363;-0.0127;-0.0029;-0.0039;0.1811;11282
247.0;0.4922;0.5000;0.1621;-0.1085;64;52;-0.0929;0.0179;-0.0363;-0.0117;-0.0029;-0.0157;0.1811;11333
247.5;0.4918;0.5000;0.0907;-0.1003;60;58;0.0733;0.0193;-0.0363;-0.0088;-0.0029;0.0039;0.1811;11282
248.0;0.4913;0.5000;0.0495;-0.1003;62;58;-0.0049;0.0208;-0.0363;-0.0068;-0.0039;-0.0039;0.1811;11282
248.5;0.4908;0.5000;-0.0082;-0.0907;60;60;-0.0049;0.0223;-0.0363;-0.0039;-0.0039;0.0039;0.1811;11282
249.0;0.4895;0.5000;-0.0481;-0.0907;62;58;-0.0831;0.0252;-0.0363;-0.0020;-0.0039;-0.0039;0.1811;11282
249.5;0.4895;0.5000;-0.0893;-0.1003;62;58;0.0831;0.0252;-0.0363;-0.0010;-0.0039;-0.0078;0.1811;11282
250.0;0.4890;0.5000;-0.0934;-0.0810;58;64;-0.0831;0.0267;-0.0363;-0.0000;-0.0039;0.0118;0.1811;11282
250.5;0.4881;0.5000;-0.1071;-0.0810;62;60;-0.0049;0.0281;-0.0363;0.0010;-0.0039;-0.0039;0.1811;11231
251.0;0.4881;0.5000;-0.0879;-0.1003;65;58;-0.0049;0.0296;-0.0363;-0.0010;-0.0039;-0.0157;0.1811;11231
251.5;0.4876;0.5000;-0.0440;-0.1003;64;60;-0.0049;0.0296;-0.0363;-0.0029;-0.0039;-0.0039;0.1811;11282
252.0;0.4872;0.5000;-0.0234;-0.1085;65;58;-0.0049;0.0296;-0.0349;-0.0039;-0.0039;-0.0078;0.1811;11231
252.5;0.4872;0.5000;0.0206;-0.0907;60;62;-0.0049;0.0311;-0.0349;-0.0049;-0.0039;0.0118;0.1811;11231
253.0;0.4872;0.5000;0.0275;-0.0907;64;60;-0.0049;0.0311;-0.0349;-0.0059;-0.0039;-0.0039;0.1811;11231
253.5;0.4872;0.5000;0.0385;-0.0810;62;60;-0.0049;0.0311;-0.0349;-0.0059;-0.0039;0.0039;0.1811;11179
254.0;0.4867;0.5000;0.0179;-0.1003;65;56;-0.0049;0.0311;-0.0349;-0.0059;-0.0039;-0.0157;0.1811;11231
254.5;0.4867;0.5000;0.0247;-0.0907;62;60;-0.0049;0.0311;-0.0349;-0.0049;-0.0039;0.0039;0.1811;11231
255.0;0.4867;0.5000;0.0055;-0.0810;62;62;-0.0049;0.0311;-0.0349;-0.0039;-0.0039;0.0039;0.1811;11179
255.5;0.4867;0.5000;0.0096;-0.1003;65;56;-0.0049;0.0311;-0.0349;-0.0049;-0.0039;-0.0157;0.1811;11231
256.0;0.4867;0.5000;0.0014;-0.0810;60;62;-0.0049;0.0325;-0.0349;-0.0039;-0.0039;0.0118;0.1811;11231
256.5;0.4867;0.5000;-0.0151;-0.0728;60;62;-0.0049;0.0325;-0.0349;-0.0029;-0.0039;0.0039;0.1811;11282
257.0;0.4867;0.5000;0.0041;-0.0810;64;58;-0.0049;0.0325;-0.0349;-0.0039;-0.0039;-0.0078;0.1811;11282
257.5;0.4867;0.5000;0.0014;-0.0728;60;60;-0.0049;0.0325;-0.0334;-0.0039;-0.0039;0.0039;0.1811;11282
258.0;0.4867;0.5000;0.0275;-0.0728;62;58;-0.0049;0.0325;-0.0334;-0.0049;-0.0039;-0.0039;0.1811;11282
258.5;0.4867;0.5000;0.0385;-0.1003;67;54;-0.0049;0.0325;-0.0334;-0.0059;-0.0039;-0.0235;0.1811;11282
259.0;0.4858;0.5000;0.0673;-0.0907;62;60;0.0733;0.0340;-0.0334;-0.0068;-0.0039;0.0039;0.1811;11282
259.5;0.4863;0.5000;0.0742;-0.0907;64;58;-0.0929;0.0340;-0.0334;-0.0078;-0.0039;-0.0039;0.1811;11282
260.0;0.4863;0.5000;0.0934;-0.0907;64;58;-0.0049;0.0325;-0.0334;-0.0078;-0.0039;-0.0039;0.1811;11282
260.5;0.4863;0.5000;0.0646;-0.0907;64;58;-0.0049;0.0325;-0.0334;-0.0068;-0.0039;-0.0039;0.1811;11231
261.0;0.4863;0.5000;0.0096;-0.0810;60;60;-0.0049;0.0325;-0.0334;-0.0039;-0.0039;0.0039;0.1811;11231
261.5;0.4863;0.5000;-0.0357;-0.1085;67;54;-0.0049;0.0325;-0.0334;-0.0039;-0.0039;-0.0235;0.1811;11231
262.0;0.4863;0.5000;-0.0907;-0.0810;56;65;-0.0049;0.0325;-0.0334;-0.0000;-0.0039;0.0196;0.1811;11231
262.5;0.4872;0.5000;-0.0948;-0.0810;62;60;-0.0831;0.0311;-0.0334;-0.0000;-0.0039;-0.0039;0.1811;11231
263.0;0.4876;0.5000;-0.1277;-0.0810;60;58;-0.0049;0.0296;-0.0319;0.0010;-0.0039;-0.0039;0.1811;11231
263.5;0.4881;0.5000;-0.1223;-0.0728;58;60;-0.0049;0.0281;-0.0319;0.0020;-0.0039;0.0039;0.1811;11179
264.0;0.4890;0.5000;-0.1332;-0.0728;60;58;-0.0831;0.0267;-0.0319;0.0020;-0.0039;-0.0039;0.1811;11231
264.5;0.4895;0.5000;-0.1319;-0.0810;60;56;-0.0049;0.0252;-0.0319;0.0020;-0.0039;-0.0078;0.1811;11231
265.0;0.4899;0.5000;-0.1484;-0.0728;56;58;0.0831;0.0237;-0.0319;0.0029;-0.0039;0.0039;0.1811;11231
265.5;0.4895;0.5000;-0.1374;-0.0728;58;58;-0.0831;0.0252;-0.0319;0.0020;-0.0039;-0.0039;0.1811;11231
266.0;0.4886;0.5000;-0.1223;-0.0728;60;58;-0.0049;0.0281;-0.0319;0.0020;-0.0039;-0.0039;0.1811;11231
266.5;0.4876;0.5000;-0.1346;-0.0728;62;60;-0.0049;0.0296;-0.0319;0.0020;-0.0039;-0.0039;0.1811;11231
267.0;0.4872;0.5000;-0.1332;-0.0728;62;60;-0.0049;0.0311;-0.0319;0.0020;-0.0039;-0.0039;0.1811;11231
267.5;0.4867;0.5000;-0.1346;-0.0728;62;60;-0.0049;0.0325;-0.0319;0.0020;-0.0039;-0.0039;0.1811;11282
268.0;0.4872;0.5000;-0.1113;-0.0728;62;60;-0.0831;0.0311;-0.0319;0.0010;-0.0039;-0.0039;0.1811;11282
268.5;0.4876;0.5000;-0.1223;-0.0728;62;60;-0.0049;0.0296;-0.0319;0.0020;-0.0039;-0.0039;0.1811;11282
269.0;0.4886;0.5000;-0.0879;-0.0728;60;58;0.0831;0.0281;-0.0319;-0.0000;-0.0039;-0.0039;0.1811;11282
269.5;0.4890;0.5000;-0.0934;-0.0728;60;56;-0.0831;0.0267;-0.0305;-0.0000;-0.0039;-0.0039;0.1811;11282
270.0;0.4895;0.5000;-0.0893;-0.0728;60;56;-0.0049;0.0252;-0.0305;-0.0000;-0.0039;-0.0039;0.1811;11282
270.5;0.4899;0.5000;-0.0975;-0.0632;58;58;-0.0049;0.0237;-0.0305;0.0010;-0.0039;0.0039;0.1811;11282
271.0;0.4899;0.5000;-0.0962;-0.0632;60;56;-0.0049;0.0237;-0.0305;0.0010;-0.0039;-0.0039;0.1811;11282
271.5;0.4899;0.5000;-0.0934;-0.0632;60;56;-0.0049;0.0237;-0.0305;0.0010;-0.0039;-0.0039;0.1811;11282
272.0;0.4908;0.5000;-0.1195;-0.0728;60;54;-0.0831;0.0223;-0.0305;0.0010;-0.0039;-0.0078;0.1811;11282
272.5;0.4913;0.5000;-0.1113;-0.0632;56;58;-0.0049;0.0208;-0.0305;0.0020;-0.0039;0.0039;0.1811;11282
273.0;0.4913;0.5000;-0.1126;-0.0728;60;54;0.0831;0.0193;-0.0305;0.0010;-0.0039;-0.0078;0.1811;11282
273.5;0.4918;0.5000;-0.0934;-0.0728;58;56;-0.0049;0.0193;-0.0305;-0.0000;-0.0039;-0.0039;0.1811;11282
274.0;0.4918;0.5000;-0.1099;-0.0728;58;56;-0.0831;0.0193;-0.0305;0.0010;-0.0039;-0.0039;0.1811;11282
274.5;0.4913;0.5000;-0.0962;-0.0632;58;58;-0.0049;0.0193;-0.0305;0.0010;-0.0039;0.0039;0.1811;11231
275.0;0.4918;0.5000;-0.1140;-0.0632;58;58;-0.0049;0.0193;-0.0305;0.0020;-0.0039;-0.0039;0.1811;11231
275.5;0.4913;0.5000;-0.1126;-0.0632;58;58;0.0831;0.0208;-0.0305;0.0020;-0.0039;-0.0039;0.1811;11231
276.0;0.4908;0.5000;-0.1250;-0.0728;62;56;-0.0831;0.0223;-0.0305;0.0020;-0.0039;-0.0078;0.1811;11231
276.5;0.4913;0.5000;-0.1113;-0.0907;64;54;-0.0049;0.0208;-0.0305;-0.0000;-0.0039;-0.0157;0.1811;11231
277.0;0.4918;0.5000;-0.0879;-0.0907;60;56;-0.0049;0.0193;-0.0305;-0.0010;-0.0039;-0.0039;0.1811;11231
277.5;0.4922;0.5000;-0.0810;-0.0907;60;56;-0.0049;0.0179;-0.0290;-0.0010;-0.0039;-0.0039;0.1811;11231
278.0;0.4927;0.5000;-0.0701;-0.1003;60;54;-0.0049;0.0179;-0.0290;-0.0020;-0.0039;-0.0078;0.1811;11231
278.5;0.4922;0.5000;-0.0687;-0.0728;54;62;-0.0049;0.0179;-0.0290;-0.0010;-0.0039;0.0196;0.1811;11231
279.0;0.4918;0.5000;-0.0234;-0.0728;60;56;-0.0831;0.0193;-0.0290;-0.0029;-0.0039;-0.0039;0.1811;11282
279.5;0.4918;0.5000;-0.0206;-0.0907;64;52;0.0733;0.0193;-0.0290;-0.0039;-0.0039;-0.0157;0.1811;11333
280.0;0.4918;0.5000;0.0055;-0.0810;58;58;-0.0049;0.0193;-0.0290;-0.0039;-0.0039;0.0039;0.1811;11333
280.5;0.4922;0.5000;-0.0041;-0.0810;60;56;-0.0049;0.0179;-0.0290;-0.0039;-0.0039;-0.0039;0.1811;11333
281.0;0.4918;0.5000;-0.0137;-0.0728;58;58;-0.0049;0.0193;-0.0290;-0.0029;-0.0039;0.0039;0.1811;11282
281.5;0.4918;0.5000;0.0137;-0.0810;62;54;-0.0049;0.0193;-0.0290;-0.0049;-0.0039;-0.0078;0.1811;11282
282.0;0.4918;0.5000;0.0041;-0.0810;60;56;-0.0049;0.0193;-0.0290;-0.0039;-0.0039;-0.0039;0.1811;11282
282.5;0.4927;0.5000;0.0206;-0.0907;62;54;0.0733;0.0179;-0.0290;-0.0049;-0.0039;-0.0078;0.1811;11282
283.0;0.4927;0.5000;0.0027;-0.0810;58;58;-0.0831;0.0164;-0.0290;-0.0039;-0.0039;0.0039;0.1811;11282
283.5;0.4931;0.5000;-0.0027;-0.0728;56;58;-0.0049;0.0164;-0.0290;-0.0039;-0.0039;0.0039;0.1811;11282
284.0;0.4927;0.5000;-0.0165;-0.0728;60;56;-0.0049;0.0179;-0.0290;-0.0029;-0.0039;-0.0039;0.1811;11282
284.5;0.4918;0.5000;0.0055;-0.0728;60;58;-0.0049;0.0193;-0.0290;-0.0039;-0.0039;-0.0039;0.1811;11231
285.0;0.4918;0.5000;-0.0027;-0.0728;60;58;-0.0049;0.0193;-0.0290;-0.0039;-0.0039;-0.0039;0.1811;11282
285.5;0.4913;0.5000;0.0082;-0.0728;62;58;-0.0049;0.0208;-0.0290;-0.0039;-0.0039;-0.0039;0.1811;11231
286.0;0.4904;0.5000;0.0220;-0.0632;60;60;0.0733;0.0223;-0.0290;-0.0039;-0.0039;0.0039;0.1811;11231
286.5;0.4895;0.5000;-0.0027;-0.0728;64;58;-0.0049;0.0252;-0.0290;-0.0029;-0.0039;-0.0078;0.1811;11231
287.0;0.4899;0.5000;0.0151;-0.0728;62;60;0.0733;0.0237;-0.0275;-0.0039;-0.0039;-0.0039;0.1811;11231
287.5;0.4904;0.5000;-0.0082;-0.0810;64;58;-0.0831;0.0223;-0.0275;-0.0039;-0.0039;-0.0078;0.1811;11231
288.0;0.4913;0.5000;0.0082;-0.0728;60;60;-0.0049;0.0208;-0.0275;-0.0039;-0.0039;0.0039;0.1811;11231
288.5;0.4913;0.5000;-0.0426;-0.0728;60;58;-0.0049;0.0193;-0.0275;-0.0020;-0.0039;-0.0039;0.1811;11231
289.0;0.4922;0.5000;-0.0810;-0.0728;60;58;-0.0831;0.0179;-0.0275;-0.0000;-0.0039;-0.0039;0.1811;11231
289.5;0.4922;0.5000;-0.1360;-0.0632;56;60;0.0831;0.0179;-0.0275;0.0029;-0.0039;0.0039;0.1811;11231
290.0;0.4927;0.5000;-0.1786;-0.0632;56;58;0.0831;0.0164;-0.0275;0.0039;-0.0039;-0.0039;0.1811;11333
290.5;0.4931;0.5000;-0.1854;-0.0632;56;58;0.0049;0.0164;-0.0275;0.0049;-0.0039;-0.0039;0.1811;11282
291.0;0.4940;0.5000;-0.2047;-0.0632;56;56;-0.0831;0.0135;-0.0275;0.0059;-0.0039;-0.0039;0.1811;11333
291.5;0.4945;0.5000;-0.1868;-0.0632;56;56;0.0049;0.0120;-0.0275;0.0049;-0.0039;-0.0039;0.1811;11282
292.0;0.4950;0.5000;-0.2500;-0.0632;54;56;0.0049;0.0120;-0.0275;0.0068;-0.0039;-0.0039;0.1811;11333
292.5;0.4950;0.5000;-0.2198;-0.0632;54;56;0.0049;0.0120;-0.0275;0.0059;-0.0039;-0.0039;0.1811;11282
293.0;0.4950;0.5000;-0.2473;-0.0632;54;56;0.0049;0.0105;-0.0275;0.0068;-0.0039;-0.0039;0.1811;11282
293.5;0.4950;0.5000;-0.2239;-0.0632;54;58;0.1613;0.0105;-0.0275;0.0059;-0.0039;-0.0039;0.1811;11282
294.0;0.4950;0.5000;-0.2321;-0.0632;54;58;0.0049;0.0120;-0.0275;0.0068;-0.0039;-0.0039;0.1811;11282
294.5;0.4954;0.5000;-0.2074;-0.0549;54;58;-0.0831;0.0105;-0.0275;0.0059;-0.0039;0.0039;0.1811;11282
295.0;0.4950;0.5000;-0.1882;-0.0632;58;56;0.0049;0.0105;-0.0275;0.0049;-0.0039;-0.0078;0.1811;11282
295.5;0.4940;0.5000;-0.1264;-0.0632;58;58;0.0831;0.0135;-0.0275;0.0020;-0.0039;-0.0039;0.1811;11282
296.0;0.4940;0.5000;-0.0481;-0.0632;58;58;-0.0831;0.0135;-0.0275;-0.0010;-0.0039;-0.0039;0.1811;11282
296.5;0.4936;0.5000;-0.0069;-0.0632;60;58;-0.0049;0.0135;-0.0275;-0.0029;-0.0039;-0.0039;0.1811;11282
297.0;0.4936;0.5000;0.0604;-0.0632;60;56;-0.0049;0.0149;-0.0275;-0.0059;-0.0039;-0.0039;0.1811;11282
297.5;0.4936;0.5000;0.0673;-0.0632;60;56;-0.0049;0.0149;-0.0275;-0.0059;-0.0039;-0.0039;0.1811;11231
298.0;0.4940;0.5000;0.1209;-0.0632;62;56;-0.0929;0.0135;-0.0275;-0.0078;-0.0039;-0.0039;0.1811;11231
298.5;0.4945;0.5000;0.1195;-0.0632;60;56;0.1515;0.0120;-0.0261;-0.0078;-0.0039;-0.0039;0.1811;11231
299.0;0.4945;0.5000;0.1566;-0.0632;60;54;-0.0147;0.0120;-0.0261;-0.0098;-0.0039;-0.0039;0.1811;11282
299.5;0.4945;0.5000;0.1635;-0.0632;60;54;-0.0147;0.0120;-0.0261;-0.0098;-0.0039;-0.0039;0.1811;11282
300.0;0.4945;0.5000;0.1525;-0.0632;60;54;-0.0147;0.0120;-0.0261;-0.0098;-0.0039;-0.0039;0.1811;11231
300.5;0.4945;0.5000;0.1511;-0.0632;60;56;-0.0147;0.0120;-0.0261;-0.0098;-0.0039;-0.0039;0.1811;11282
301.0;0.4945;0.5000;0.1401;-0.0632;60;56;-0.0147;0.0135;-0.0261;-0.0088;-0.0039;-0.0039;0.1811;11282
301.5;0.4950;0.5000;0.1552;-0.0632;60;56;0.0733;0.0120;-0.0261;-0.0098;-0.0039;-0.0039;0.1811;11282
302.0;0.4945;0.5000;0.1099;-0.0632;60;54;-0.0929;0.0120;-0.0261;-0.0078;-0.0039;-0.0039;0.1811;11333
302.5;0.4940;0.5000;0.1360;-0.0728;62;54;-0.0049;0.0135;-0.0261;-0.0088;-0.0039;-0.0078;0.1811;11333
303.0;0.4940;0.5000;0.1071;-0.0632;58;58;-0.0049;0.0135;-0.0261;-0.0078;-0.0039;0.0039;0.1811;11333
303.5;0.4945;0.5000;0.1154;-0.0728;62;54;-0.0929;0.0120;-0.0261;-0.0088;-0.0039;-0.0078;0.1811;11333
304.0;0.4940;0.5000;0.1209;-0.0728;60;56;0.0733;0.0135;-0.0261;-0.0088;-0.0039;-0.0039;0.1811;11282
304.5;0.4936;0.5000;0.1209;-0.0810;62;54;-0.0049;0.0149;-0.0261;-0.0088;-0.0039;-0.0078;0.1811;11282
305.0;0.4931;0.5000;0.0989;-0.0632;58;60;0.0733;0.0149;-0.0261;-0.0068;-0.0039;0.0118;0.1811;11333
305.5;0.4922;0.5000;0.0412;-0.0810;65;54;-0.0831;0.0179;-0.0261;-0.0059;-0.0039;-0.0157;0.1811;11282
306.0;0.4913;0.5000;0.0275;-0.0810;62;58;-0.0049;0.0193;-0.0261;-0.0049;-0.0039;-0.0039;0.1811;11231
306.5;0.4904;0.5000;-0.0302;-0.0810;64;60;-0.0831;0.0237;-0.0261;-0.0029;-0.0039;-0.0039;0.1811;11282
307.0;0.4899;0.5000;-0.0137;-0.0810;64;60;-0.0831;0.0237;-0.0261;-0.0029;-0.0039;-0.0039;0.1811;11231
307.5;0.4899;0.5000;-0.0591;-0.0907;65;58;-0.0049;0.0237;-0.0261;-0.0020;-0.0049;-0.0078;0.1811;11282
308.0;0.4899;0.5000;-0.0549;-0.0728;60;64;-0.0049;0.0237;-0.0261;-0.0010;-0.0049;0.0118;0.1811;11231
308.5;0.4895;0.5000;-0.1264;-0.0632;62;64;-0.0049;0.0252;-0.0261;0.0020;-0.0039;0.0039;0.1811;11231
309.0;0.4895;0.5000;-0.1731;-0.0632;62;62;0.0049;0.0252;-0.0246;0.0039;-0.0039;-0.0039;0.1811;11231
309.5;0.4895;0.5000;-0.1690;-0.0728;64;60;0.0049;0.0252;-0.0246;0.0039;-0.0039;-0.0078;0.1811;11231
310.0;0.4899;0.5000;-0.1676;-0.0728;62;62;0.0831;0.0237;-0.0246;0.0039;-0.0039;-0.0039;0.1811;11231
310.5;0.4913;0.5000;-0.1607;-0.0632;58;62;-0.0831;0.0208;-0.0246;0.0039;-0.0039;0.0039;0.1811;11231
311.0;0.4918;0.5000;-0.1909;-0.0632;58;60;0.0049;0.0193;-0.0246;0.0049;-0.0039;-0.0039;0.1811;11231
311.5;0.4922;0.5000;-0.1456;-0.0632;58;58;0.0049;0.0179;-0.0246;0.0029;-0.0039;-0.0039;0.1811;11231
312.0;0.4927;0.5000;-0.1703;-0.0632;58;58;0.0049;0.0164;-0.0246;0.0039;-0.0039;-0.0039;0.1811;11231
312.5;0.4940;0.5000;-0.1223;-0.0810;60;52;-0.0049;0.0135;-0.0246;0.0010;-0.0039;-0.0157;0.1811;11231
313.0;0.4954;0.5000;-0.1387;-0.0632;52;58;-0.0049;0.0105;-0.0246;0.0029;-0.0039;0.0118;0.1811;11333
313.5;0.4959;0.5000;-0.0907;-0.0632;56;54;-0.0049;0.0091;-0.0246;0.0010;-0.0039;-0.0039;0.1811;11333
314.0;0.4963;0.5000;-0.1168;-0.0728;56;52;-0.0049;0.0076;-0.0246;0.0010;-0.0039;-0.0078;0.1811;11333
314.5;0.4963;0.5000;-0.1140;-0.0549;52;58;-0.0049;0.0076;-0.0246;0.0020;-0.0039;0.0118;0.1811;11333
315.0;0.4977;0.5000;-0.0852;-0.0632;56;52;-0.0049;0.0047;-0.0246;-0.0000;-0.0039;-0.0078;0.1811;11333
315.5;0.4986;0.5000;-0.0907;-0.0549;52;54;-0.0049;0.0018;-0.0246;0.0010;-0.0039;0.0039;0.1811;11282
316.0;0.4991;0.5000;-0.0701;-0.0632;56;50;-0.0049;0.0003;-0.0246;-0.0000;-0.0039;-0.0078;0.1811;11333
316.5;0.4995;0.5000;-0.1277;-0.0632;52;52;-0.0049;0.0003;-0.0246;0.0020;-0.0039;-0.0039;0.1811;11333
317.0;0.5005;0.5000;-0.1168;-0.0632;52;52;0.0831;-0.0026;-0.0246;0.0020;-0.0039;-0.0039;0.1811;11333
317.5;0.5014;0.5000;-0.1635;-0.0549;50;54;-0.0831;-0.0056;-0.0246;0.0039;-0.0039;0.0039;0.1811;11282
318.0;0.5023;0.5000;-0.1374;-0.0728;54;48;-0.0049;-0.0070;-0.0246;0.0020;-0.0039;-0.0157;0.1811;11333
318.5;0.5023;0.5000;-0.1511;-0.0549;48;54;0.0049;-0.0070;-0.0246;0.0039;-0.0039;0.0118;0.1811;11282
319.0;0.5032;0.5000;-0.1648;-0.0549;50;52;0.0831;-0.0100;-0.0246;0.0039;-0.0039;-0.0039;0.1811;11282
319.5;0.5023;0.5000;-0.1401;-0.0632;54;50;-0.0049;-0.0070;-0.0246;0.0029;-0.0039;-0.0078;0.1811;11282
320.0;0.5023;0.5000;-0.0714;-0.0632;54;52;-0.0831;-0.0070;-0.0246;-0.0000;-0.0039;-0.0039;0.1811;11282
320.5;0.5014;0.5000;0.0495;-0.0549;54;54;0.0733;-0.0041;-0.0246;-0.0049;-0.0039;0.0039;0.1811;11282
321.0;0.5014;0.5000;0.1003;-0.0549;56;52;-0.0929;-0.0041;-0.0246;-0.0068;-0.0039;-0.0039;0.1811;11282
321.5;0.5009;0.5000;0.1786;-0.0549;58;50;-0.0147;-0.0041;-0.0246;-0.0108;-0.0039;-0.0039;0.1811;11282
322.0;0.5009;0.5000;0.1827;-0.0632;60;50;-0.0147;-0.0041;-0.0246;-0.0108;-0.0039;-0.0078;0.1811;11282
322.5;0.5009;0.5000;0.2239;-0.0632;60;50;-0.0147;-0.0026;-0.0246;-0.0127;-0.0039;-0.0039;0.1811;11282
323.0;0.5005;0.5000;0.2019;-0.0728;60;50;-0.0147;-0.0026;-0.0246;-0.0117;-0.0039;-0.0078;0.1811;11282
323.5;0.5000;0.5000;0.2376;-0.0632;58;54;-0.0147;-0.0012;-0.0246;-0.0127;-0.0039;0.0039;0.1811;11282
324.0;0.4995;0.5000;0.2212;-0.0728;62;50;-0.0147;-0.0012;-0.0246;-0.0127;-0.0049;-0.0078;0.1811;11333
324.5;0.4995;0.5000;0.1470;-0.0728;60;54;-0.0147;0.0003;-0.0246;-0.0098;-0.0049;-0.0039;0.1811;11333
325.0;0.4991;0.5000;0.1099;-0.0632;58;56;-0.0049;0.0003;-0.0246;-0.0078;-0.0049;0.0039;0.1811;11333
325.5;0.4991;0.5000;0.0440;-0.0728;60;52;-0.0049;0.0018;-0.0246;-0.0049;-0.0049;-0.0078;0.1811;11333
326.0;0.4986;0.5000;0.0343;-0.0632;56;56;-0.0049;0.0032;-0.0246;-0.0049;-0.0049;0.0039;0.1811;11333
326.5;0.4991;0.5000;-0.0357;-0.0728;58;54;0.0733;0.0018;-0.0246;-0.0020;-0.0049;-0.0078;0.1811;11282
327.0;0.4991;0.5000;-0.0192;-0.0728;58;56;-0.0049;0.0003;-0.0246;-0.0029;-0.0049;-0.0039;0.1811;11282
327.5;0.4991;0.5000;-0.0797;-0.0632;54;58;-0.0049;0.0003;-0.0246;-0.0000;-0.0049;0.0039;0.1811;11333
328.0;0.4991;0.5000;-0.0797;-0.0632;56;56;-0.0049;0.0003;-0.0246;-0.0000;-0.0049;-0.0039;0.1811;11282
328.5;0.4991;0.5000;-0.1250;-0.0728;58;54;-0.0049;0.0018;-0.0246;0.0020;-0.0049;-0.0078;0.1811;11282
329.0;0.4986;0.5000;-0.1099;-0.0549;54;60;0.0831;0.0018;-0.0246;0.0020;-0.0049;0.0118;0.1811;11282
329.5;0.4986;0.5000;-0.1044;0.0000;46;65;-0.0049;0.0018;-0.0246;0.0039;-0.0049;0.0431;0.1811;11282
330.0;0.4982;0.5000;-0.1429;0.0000;56;58;0.0049;0.0032;-0.0246;0.0059;-0.0049;0.0000;0.1811;11282
330.5;0.4982;0.5000;-0.1429;0.0000;56;58;0.0049;0.0032;-0.0246;0.0059;-0.0049;0.0000;0.1811;11282
331.0;0.4977;0.5000;-0.1621;0.0000;56;58;0.0049;0.0047;-0.0246;0.0059;-0.0049;0.0000;0.1811;11231
331.5;0.4968;0.5000;-0.1030;0.0000;60;60;-0.0049;0.0076;-0.0246;0.0039;-0.0049;0.0000;0.1811;11231
332.0;0.4959;0.5000;-0.1291;0.0000;60;60;-0.0049;0.0091;-0.0246;0.0049;-0.0049;0.0000;0.1811;11282
332.5;0.4954;0.5000;-0.0920;0.0000;62;60;-0.0049;0.0105;-0.0246;0.0029;-0.0039;0.0000;0.1811;11231
333.0;0.4950;0.5000;-0.1319;0.0000;62;62;-0.0049;0.0120;-0.0246;0.0049;-0.0039;0.0000;0.1811;11231
333.5;0.4945;0.5000;-0.1319;0.0000;62;62;-0.0049;0.0135;-0.0246;0.0049;-0.0039;0.0000;0.1811;11231
334.0;0.4945;0.5005;-0.0934;0.0000;62;62;0.0831;0.0135;-0.0246;0.0029;-0.0039;0.0000;0.1811;11231
334.5;0.4940;0.5005;-0.0687;0.0000;62;62;-0.0049;0.0149;-0.0246;0.0020;-0.0039;0.0000;0.1890;11231
335.0;0.4940;0.5005;-0.0275;0.0000;64;62;-0.0049;0.0164;-0.0246;0.0010;-0.0039;0.0000;0.1890;11231
335.5;0.4936;0.5005;-0.0467;0.0000;64;62;-0.0049;0.0164;-0.0246;0.0010;-0.0039;0.0000;0.1890;11282
336.0;0.4945;0.5009;-0.0041;0.0000;62;62;0.0733;0.0149;-0.0246;-0.0000;-0.0039;0.0000;0.1890;11282
336.5;0.4950;0.5009;-0.0124;0.0000;62;62;-0.0049;0.0149;-0.0246;-0.0000;-0.0039;0.0000;0.1890;11282
337.0;0.4950;0.5009;0.0646;0.0000;62;60;-0.0049;0.0135;-0.0246;-0.0029;-0.0039;0.0000;0.1890;11282
337.5;0.4954;0.5014;0.1016;0.0000;64;60;-0.0049;0.0149;-0.0246;-0.0049;-0.0039;0.0000;0.1890;11282
338.0;0.4963;0.5014;0.1690;0.0000;64;58;0.0733;0.0120;-0.0246;-0.0078;-0.0039;0.0000;0.1890;11282
338.5;0.4968;0.5018;0.1690;0.0000;64;58;-0.0929;0.0120;-0.0231;-0.0078;-0.0039;0.0000;0.1890;11282
339.0;0.4973;0.5018;0.1552;0.0000;64;58;-0.0147;0.0105;-0.0231;-0.0068;-0.0049;0.0000;0.1890;11282
339.5;0.4973;0.5023;0.1648;0.0000;64;58;-0.0147;0.0120;-0.0231;-0.0078;-0.0049;0.0000;0.1890;11282
340.0;0.4973;0.5023;0.1346;0.0000;64;58;-0.0049;0.0120;-0.0231;-0.0059;-0.0049;0.0000;0.1890;11231
340.5;0.4973;0.5027;0.1154;0.0000;64;60;0.0733;0.0120;-0.0231;-0.0049;-0.0049;0.0000;0.1969;11231
341.0;0.4973;0.5027;0.0440;0.0000;64;60;-0.0049;0.0120;-0.0231;-0.0020;-0.0049;0.0000;0.1969;11231
341.5;0.4977;0.5032;0.0371;0.0000;64;62;-0.0049;0.0135;-0.0231;-0.0020;-0.0049;0.0000;0.1969;11231
342.0;0.4973;0.5032;0.0000;0.0000;64;62;-0.0049;0.0135;-0.0231;-0.0010;-0.0049;0.0000;0.1969;11231
342.5;0.4982;0.5037;0.0206;0.0000;64;62;0.0733;0.0120;-0.0231;-0.0010;-0.0049;0.0000;0.1969;11179
343.0;0.4986;0.5037;0.0302;0.0000;64;62;-0.0049;0.0120;-0.0231;-0.0020;-0.0049;0.0000;0.1969;11231
343.5;0.4991;0.5041;0.0577;0.0000;64;62;-0.0049;0.0120;-0.0231;-0.0029;-0.0049;0.0000;0.1969;11231
344.0;0.5005;0.5046;0.0412;0.0000;62;60;-0.0049;0.0091;-0.0231;-0.0020;-0.0049;0.0000;0.1969;11231
344.5;0.5009;0.5046;0.0247;0.0000;62;62;-0.0049;0.0091;-0.0231;-0.0020;-0.0049;0.0000;0.1969;11231
345.0;0.5005;0.5050;0.0330;0.0000;64;62;0.0733;0.0105;-0.0231;-0.0020;-0.0049;0.0000;0.1969;11231
345.5;0.5014;0.5055;0.0055;0.0000;62;62;-0.0049;0.0091;-0.0231;-0.0010;-0.0049;0.0000;0.1969;11231
346.0;0.5023;0.5055;0.0096;0.0000;62;62;-0.0049;0.0076;-0.0231;-0.0010;-0.0049;0.0000;0.1969;11231
346.5;0.5032;0.5060;-0.0192;0.0000;62;62;0.0733;0.0062;-0.0231;-0.0000;-0.0049;0.0000;0.2047;11282
347.0;0.5041;0.5064;-0.0137;0.0000;62;62;-0.0049;0.0062;-0.0231;-0.0000;-0.0049;0.0000;0.2047;11282
347.5;0.5046;0.5069;-0.0357;0.0000;60;62;-0.0049;0.0047;-0.0231;0.0010;-0.0049;0.0000;0.2047;11282
348.0;0.5046;0.5073;-0.0206;0.0000;62;62;-0.0049;0.0047;-0.0231;-0.0000;-0.0049;0.0000;0.2047;11282
348.5;0.5050;0.5078;-0.0014;0.0000;62;62;-0.0049;0.0062;-0.0231;-0.0000;-0.0049;0.0000;0.2047;11282
349.0;0.5055;0.5078;-0.0041;0.0000;62;62;-0.0049;0.0047;-0.0231;-0.0000;-0.0049;0.0000;0.2047;11282
349.5;0.5055;0.5082;0.0192;0.0000;64;64;-0.0049;0.0062;-0.0231;-0.0010;-0.0049;0.0000;0.2047;11231
350.0;0.5050;0.5087;0.0069;0.0000;64;64;-0.0049;0.0076;-0.0231;-0.0010;-0.0049;0.0000;0.2047;11282
350.5;0.5060;0.5092;0.0426;0.0000;64;64;0.0733;0.0076;-0.0231;-0.0020;-0.0049;0.0000;0.2047;11231
351.0;0.5060;0.5096;0.0275;0.0000;64;64;-0.0049;0.0076;-0.0231;-0.0020;-0.0049;0.0000;0.2047;11282
351.5;0.5069;0.5101;0.0481;0.0000;64;64;0.0733;0.0076;-0.0231;-0.0029;-0.0049;0.0000;0.2047;11231
352.0;0.5078;0.5105;0.0467;0.0000;64;64;-0.0831;0.0062;-0.0231;-0.0029;-0.0049;0.0000;0.2047;11231
352.5;0.5087;0.5110;0.0467;0.0000;64;64;0.0733;0.0047;-0.0231;-0.0029;-0.0049;0.0000;0.2126;11231
353.0;0.5096;0.5114;0.0481;0.0000;64;64;-0.0049;0.0047;-0.0231;-0.0029;-0.0049;0.0000;0.2126;11231
353.5;0.5105;0.5119;0.0769;0.0000;64;64;0.0733;0.0032;-0.0231;-0.0039;-0.0049;0.0000;0.2126;11179
354.0;0.5114;0.5124;0.0797;0.0000;64;64;-0.0049;0.0018;-0.0231;-0.0039;-0.0049;0.0000;0.2126;11231
354.5;0.5133;0.5128;0.0591;0.0000;62;62;-0.0049;-0.0012;-0.0231;-0.0029;-0.0049;0.0000;0.2126;11231
355.0;0.5142;0.5137;0.0591;0.0000;62;62;-0.0049;-0.0026;-0.0231;-0.0029;-0.0049;0.0000;0.2126;11231
355.5;0.5151;0.5142;0.0481;0.0000;62;62;-0.0049;-0.0026;-0.0231;-0.0029;-0.0049;0.0000;0.2126;11231
356.0;0.5156;0.5147;0.0783;0.0000;64;62;-0.0049;-0.0026;-0.0231;-0.0039;-0.0049;0.0000;0.2126;11231
356.5;0.5165;0.5151;0.0769;0.0000;64;62;0.0733;-0.0041;-0.0231;-0.0039;-0.0049;0.0000;0.2126;11179
357.0;0.5179;0.5156;0.0975;0.0000;62;62;0.0733;-0.0056;-0.0231;-0.0049;-0.0049;0.0000;0.2126;11231
357.5;0.5183;0.5165;0.0948;0.0000;62;62;-0.0049;-0.0056;-0.0231;-0.0049;-0.0049;0.0000;0.2126;11231
358.0;0.5197;0.5169;0.0893;0.0000;62;62;0.0733;-0.0070;-0.0231;-0.0039;-0.0049;0.0000;0.2205;11282
358.5;0.5201;0.5174;0.0893;0.0000;62;62;-0.0049;-0.0070;-0.0231;-0.0039;-0.0049;0.0000;0.2205;11282
359.0;0.5220;0.5179;0.0893;0.0000;62;60;-0.0049;-0.0100;-0.0231;-0.0039;-0.0049;0.0000;0.2205;11282
359.5;0.5234;0.5188;0.0948;0.0000;62;60;0.0733;-0.0114;-0.0231;-0.0049;-0.0049;0.0000;0.2205;11282
360.0;0.5238;0.5192;0.0907;0.0000;62;60;-0.0049;-0.0114;-0.0231;-0.0039;-0.0049;0.0000;0.2205;11282
360.5;0.5247;0.5201;0.1058;0.0000;62;60;0.0733;-0.0129;-0.0231;-0.0049;-0.0049;0.0000;0.2205;11282
361.0;0.5252;0.5206;0.0989;0.0000;62;62;-0.0049;-0.0129;-0.0231;-0.0049;-0.0049;0.0000;0.2205;11282
361.5;0.5256;0.5211;0.1374;0.0000;64;62;-0.0147;-0.0114;-0.0231;-0.0059;-0.0049;0.0000;0.2205;11282
362.0;0.5256;0.5220;0.1580;0.0000;65;62;-0.0147;-0.0100;-0.0231;-0.0068;-0.0049;0.0000;0.2205;11231
362.5;0.5261;0.5224;0.1882;0.0000;65;62;0.0733;-0.0100;-0.0231;-0.0088;-0.0049;0.0000;0.2205;11231
363.0;0.5270;0.5234;0.1731;0.0000;65;64;0.0733;-0.0100;-0.0231;-0.0078;-0.0049;0.0000;0.2205;11231
363.5;0.5284;0.5238;0.1648;0.0000;65;64;0.0733;-0.0114;-0.0231;-0.0078;-0.0049;0.0000;0.2205;11231
364.0;0.5298;0.5247;0.1937;0.0000;65;62;-0.0929;-0.0144;-0.0231;-0.0088;-0.0049;0.0000;0.2283;11231
364.5;0.5311;0.5252;0.1896;0.0000;64;62;0.0733;-0.0158;-0.0231;-0.0088;-0.0049;0.0000;0.2283;11231
365.0;0.5321;0.5261;0.1978;0.0000;64;62;-0.0147;-0.0158;-0.0231;-0.0088;-0.0049;0.0000;0.2283;11179
365.5;0.5334;0.5266;0.1676;0.0000;64;62;0.0733;-0.0173;-0.0231;-0.0078;-0.0049;0.0000;0.2283;11231
366.0;0.5348;0.5275;0.1827;0.0000;64;62;-0.0147;-0.0188;-0.0231;-0.0078;-0.0049;0.0000;0.2283;11231
366.5;0.5353;0.5284;0.1690;0.0000;64;62;-0.0147;-0.0188;-0.0231;-0.0078;-0.0049;0.0000;0.2283;11231
367.0;0.5357;0.5288;0.1745;0.0000;65;62;0.0733;-0.0173;-0.0231;-0.0078;-0.0049;0.0000;0.2283;11231
367.5;0.5362;0.5298;0.1827;0.0000;65;62;-0.0929;-0.0173;-0.0231;-0.0078;-0.0059;0.0000;0.2283;11179
368.0;0.5375;0.5307;0.1868;0.0000;65;62;0.0733;-0.0173;-0.0231;-0.0088;-0.0059;0.0000;0.2283;11179
368.5;0.5385;0.5316;0.1799;0.0000;65;62;-0.0929;-0.0188;-0.0246;-0.0078;-0.0059;0.0000;0.2283;11231
369.0;0.5398;0.5321;0.1703;0.0000;65;62;0.0733;-0.0202;-0.0246;-0.0078;-0.0059;0.0000;0.2283;11179
369.5;0.5421;0.5330;0.1854;0.0000;64;60;-0.0147;-0.0231;-0.0246;-0.0088;-0.0059;0.0000;0.2362;11282
370.0;0.5435;0.5339;0.1593;0.0000;64;60;-0.0929;-0.0246;-0.0246;-0.0068;-0.0059;0.0000;0.2362;11282
370.5;0.5444;0.5348;0.1717;0.0000;64;60;0.0733;-0.0261;-0.0246;-0.0078;-0.0059;0.0000;0.2362;11282
371.0;0.5453;0.5353;0.1374;0.0000;64;62;-0.0929;-0.0246;-0.0246;-0.0059;-0.0059;0.0000;0.2362;11282
371.5;0.5462;0.5362;0.1277;0.0000;64;62;0.0733;-0.0246;-0.0246;-0.0059;-0.0059;0.0000;0.2362;11282
372.0;0.5462;0.5371;0.0975;0.0000;64;64;-0.0049;-0.0246;-0.0246;-0.0049;-0.0059;0.0000;0.2362;11282
372.5;0.5472;0.5380;0.1016;0.0000;65;64;0.0733;-0.0231;-0.0246;-0.0049;-0.0059;0.0000;0.2362;11282
373.0;0.5476;0.5389;0.1181;0.0000;65;64;-0.0049;-0.0217;-0.0246;-0.0059;-0.0059;0.0000;0.2362;11231
373.5;0.5485;0.5398;0.1168;0.0000;65;64;-0.0049;-0.0231;-0.0246;-0.0059;-0.0059;0.0000;0.2362;11282
374.0;0.5499;0.5408;0.1250;0.0000;65;64;0.0733;-0.0231;-0.0246;-0.0059;-0.0059;0.0000;0.2362;11231
374.5;0.5513;0.5417;0.1071;0.0000;65;64;-0.0929;-0.0246;-0.0246;-0.0049;-0.0059;0.0000;0.2362;11231
375.0;0.5536;0.5426;0.1648;0.0000;65;62;-0.0147;-0.0275;-0.0246;-0.0078;-0.0059;0.0000;0.2441;11231
375.5;0.5554;0.5435;0.1442;0.0000;64;62;0.0733;-0.0305;-0.0246;-0.0068;-0.0059;0.0000;0.2441;11231
376.0;0.5563;0.5444;0.1896;0.0000;65;62;-0.0147;-0.0305;-0.0261;-0.0088;-0.0059;0.0000;0.2441;11231
376.5;0.5572;0.5453;0.1799;0.0000;65;62;0.0733;-0.0305;-0.0261;-0.0078;-0.0059;0.0000;0.2441;11231
377.0;0.5577;0.5462;0.1662;0.0000;65;62;-0.0147;-0.0290;-0.0261;-0.0078;-0.0059;0.0000;0.2441;11231
377.5;0.5591;0.5472;0.1511;0.0000;65;64;-0.0147;-0.0305;-0.0261;-0.0068;-0.0059;0.0000;0.2441;11231
378.0;0.5595;0.5481;0.1484;0.0000;67;64;0.0733;-0.0290;-0.0261;-0.0068;-0.0059;0.0000;0.2441;11231
378.5;0.5604;0.5495;0.2047;0.0000;69;64;-0.0929;-0.0275;-0.0261;-0.0088;-0.0059;0.0000;0.2441;11231
379.0;0.5618;0.5504;0.2212;0.0000;69;64;-0.0147;-0.0305;-0.0261;-0.0098;-0.0059;0.0000;0.2441;11179
379.5;0.5627;0.5513;0.2761;0.0000;69;62;-0.0929;-0.0290;-0.0261;-0.0117;-0.0059;0.0000;0.2441;11231
380.0;0.5627;0.5522;0.2500;0.0000;69;64;-0.0147;-0.0275;-0.0261;-0.0108;-0.0059;0.0000;0.2441;11179
380.5;0.5641;0.5531;0.2788;0.0000;71;64;-0.0147;-0.0275;-0.0261;-0.0127;-0.0059;0.0000;0.2520;11231
381.0;0.5650;0.5545;0.2582;0.0000;71;64;-0.0929;-0.0275;-0.0261;-0.0117;-0.0059;0.0000;0.2520;11282
381.5;0.5664;0.5554;0.2871;0.0000;71;64;-0.0147;-0.0275;-0.0261;-0.0127;-0.0068;0.0000;0.2520;11282
382.0;0.5682;0.5563;0.2747;0.0000;69;62;-0.0147;-0.0305;-0.0261;-0.0117;-0.0068;0.0000;0.2520;11282
382.5;0.5691;0.5577;0.2349;0.0000;69;64;-0.0147;-0.0290;-0.0275;-0.0108;-0.0068;0.0000;0.2520;11282
383.0;0.5705;0.5586;0.1978;0.0000;69;64;-0.0147;-0.0305;-0.0275;-0.0088;-0.0068;0.0000;0.2520;11231
383.5;0.5714;0.5595;0.1731;0.0000;69;64;-0.0147;-0.0305;-0.0275;-0.0078;-0.0068;0.0000;0.2520;11231
384.0;0.5728;0.5609;0.1923;0.0000;69;64;-0.0147;-0.0305;-0.0275;-0.0088;-0.0068;0.0000;0.2520;11231
384.5;0.5751;0.5618;0.1717;-0.1442;97;36;-0.0147;-0.0334;-0.0275;-0.0137;-0.0068;-0.1176;0.2520;11231
385.0;0.5765;0.5632;0.2060;-0.1264;67;64;-0.0929;-0.0349;-0.0275;-0.0147;-0.0068;0.0118;0.2520;11179
385.5;0.5778;0.5641;0.1758;-0.1538;75;56;-0.0929;-0.0349;-0.0275;-0.0147;-0.0068;-0.0235;0.2598;11231
386.0;0.5792;0.5655;0.1731;-0.1360;67;64;-0.0147;-0.0363;-0.0275;-0.0137;-0.0068;0.0118;0.2598;11179
386.5;0.5806;0.5664;0.1305;-0.1264;69;64;-0.0929;-0.0349;-0.0275;-0.0117;-0.0068;0.0039;0.2598;11231
387.0;0.5810;0.5678;0.1154;-0.1264;71;62;-0.0929;-0.0349;-0.0275;-0.0108;-0.0068;-0.0039;0.2598;11179
387.5;0.5829;0.5687;0.0659;-0.1181;69;64;-0.0049;-0.0363;-0.0275;-0.0078;-0.0068;0.0039;0.2598;11179
388.0;0.5842;0.5701;-0.0330;-0.1264;71;62;-0.0831;-0.0363;-0.0290;-0.0049;-0.0068;-0.0078;0.2598;11231
388.5;0.5847;0.5710;-0.0852;-0.1264;71;65;-0.0049;-0.0349;-0.0290;-0.0020;-0.0068;-0.0039;0.2598;11179
389.0;0.5861;0.5723;-0.1744;-0.1085;67;69;0.0049;-0.0349;-0.0290;0.0020;-0.0068;0.0118;0.2598;11179
389.5;0.5870;0.5737;-0.1786;-0.1085;71;67;-0.0831;-0.0349;-0.0290;0.0029;-0.0068;-0.0039;0.2598;11179
390.0;0.5879;0.5746;-0.2184;-0.1181;71;67;0.0831;-0.0334;-0.0290;0.0039;-0.0068;-0.0078;0.2598;11179
390.5;0.5888;0.5760;-0.2060;-0.1085;69;69;-0.0831;-0.0334;-0.0290;0.0039;-0.0068;0.0039;0.2598;11179
391.0;0.5888;0.5774;-0.2170;-0.1003;71;71;0.0049;-0.0290;-0.0290;0.0049;-0.0068;0.0039;0.2677;11179
391.5;0.5884;0.5783;-0.1882;-0.0907;73;73;0.0049;-0.0246;-0.0290;0.0039;-0.0068;0.0039;0.2677;11179
392.0;0.5888;0.5797;-0.1236;-0.1003;77;71;-0.0049;-0.0231;-0.0290;0.0010;-0.0068;-0.0078;0.2677;11231
392.5;0.5897;0.5810;-0.1003;-0.0907;75;73;-0.0831;-0.0217;-0.0290;-0.0000;-0.0068;0.0039;0.2677;11231
393.0;0.5902;0.5824;-0.0467;-0.0907;79;71;-0.0831;-0.0202;-0.0290;-0.0020;-0.0068;-0.0039;0.2677;11231
393.5;0.5907;0.5838;-0.0343;-0.1003;81;71;-0.0831;-0.0188;-0.0290;-0.0029;-0.0068;-0.0078;0.2677;11231
394.0;0.5911;0.5847;0.0000;-0.0728;75;77;-0.0831;-0.0158;-0.0290;-0.0039;-0.0068;0.0196;0.2677;11231
394.5;0.5925;0.5861;-0.0055;-0.0728;81;73;-0.0049;-0.0173;-0.0290;-0.0029;-0.0068;-0.0039;0.2677;11179
395.0;0.5939;0.5875;0.0027;-0.0632;79;75;-0.0831;-0.0158;-0.0290;-0.0029;-0.0068;0.0039;0.2677;11231
395.5;0.5952;0.5888;-0.0096;-0.0728;81;71;-0.0049;-0.0173;-0.0305;-0.0029;-0.0068;-0.0078;0.2677;11179
396.0;0.5966;0.5902;-0.0261;-0.0549;75;77;0.0733;-0.0173;-0.0305;-0.0020;-0.0068;0.0118;0.2756;11179
396.5;0.5975;0.5916;-0.0618;-0.0453;77;75;-0.0049;-0.0158;-0.0305;-0.0000;-0.0068;0.0039;0.2756;11179
397.0;0.5984;0.5929;-0.0920;-0.0453;79;75;-0.0831;-0.0144;-0.0305;0.0010;-0.0068;-0.0039;0.2756;11179
397.5;0.5998;0.5943;-0.0632;-0.0453;79;75;-0.0049;-0.0144;-0.0305;-0.0000;-0.0068;-0.0039;0.2677;11179
398.0;0.6016;0.5957;-0.0646;-0.0371;77;75;-0.0049;-0.0158;-0.0305;0.0010;-0.0068;0.0039;0.2677;11179
398.5;0.6030;0.5971;-0.0302;-0.0371;79;73;-0.0831;-0.0158;-0.0305;-0.0010;-0.0068;-0.0039;0.2677;11128
399.0;0.6049;0.5980;-0.0206;-0.0275;77;73;-0.0049;-0.0173;-0.0305;-0.0010;-0.0068;0.0039;0.2677;11128
399.5;0.6062;0.5994;0.0398;-0.0275;79;71;-0.0831;-0.0173;-0.0305;-0.0029;-0.0068;-0.0039;0.2677;11179
400.0;0.6071;0.6007;0.0440;-0.0192;77;73;-0.0831;-0.0158;-0.0305;-0.0029;-0.0068;0.0039;0.2677;11128
400.5;0.6085;0.6021;0.0646;-0.0275;81;69;-0.0049;-0.0158;-0.0305;-0.0039;-0.0068;-0.0078;0.2677;11179
401.0;0.6099;0.6035;0.0275;-0.0096;75;75;-0.0049;-0.0173;-0.0305;-0.0020;-0.0068;0.0118;0.2677;11179
401.5;0.6117;0.6044;0.0000;-0.0096;77;71;-0.0049;-0.0188;-0.0305;-0.0010;-0.0068;-0.0039;0.2677;11128
402.0;0.6140;0.6058;-0.0577;-0.0096;75;71;-0.0049;-0.0217;-0.0305;0.0020;-0.0068;-0.0039;0.2677;11179
402.5;0.6158;0.6071;-0.1085;-0.0096;73;71;-0.0049;-0.0231;-0.0305;0.0039;-0.0068;-0.0039;0.2677;11128
403.0;0.6172;0.6081;-0.1030;-0.0096;73;71;-0.0049;-0.0231;-0.0305;0.0039;-0.0068;-0.0039;0.2677;11179
403.5;0.6190;0.6094;-0.1250;-0.0096;71;71;-0.0049;-0.0246;-0.0305;0.0039;-0.0068;-0.0039;0.2677;11231
404.0;0.6209;0.6108;-0.1003;-0.0096;71;69;-0.0049;-0.0261;-0.0305;0.0029;-0.0068;-0.0039;0.2677;11231
404.5;0.6223;0.6117;-0.1016;0.0000;69;71;-0.0049;-0.0275;-0.0305;0.0039;-0.0068;0.0039;0.2677;11231
405.0;0.6236;0.6131;-0.0797;-0.0096;73;67;-0.0831;-0.0275;-0.0305;0.0020;-0.0068;-0.0078;0.2677;11282
405.5;0.6250;0.6140;-0.0810;-0.0096;71;69;-0.0049;-0.0275;-0.0319;0.0029;-0.0068;-0.0039;0.2598;11231
406.0;0.6255;0.6154;-0.0563;-0.0192;75;67;-0.0831;-0.0261;-0.0319;0.0010;-0.0068;-0.0078;0.2598;11231
406.5;0.6268;0.6163;-0.0467;-0.0096;71;71;-0.0049;-0.0261;-0.0319;0.0010;-0.0068;0.0039;0.2598;11231
407.0;0.6282;0.6177;-0.0687;-0.0096;73;69;-0.0049;-0.0261;-0.0319;0.0020;-0.0068;-0.0039;0.2598;11231
407.5;0.6287;0.6186;-0.0646;-0.0096;73;69;0.0831;-0.0261;-0.0319;0.0020;-0.0068;-0.0039;0.2598;11231
408.0;0.6296;0.6200;-0.0920;0.0000;71;71;-0.0831;-0.0246;-0.0319;0.0029;-0.0068;0.0039;0.2598;11231
408.5;0.6300;0.6209;-0.0838;-0.0192;77;67;-0.0831;-0.0231;-0.0319;0.0020;-0.0068;-0.0157;0.2598;11179
409.0;0.6300;0.6223;-0.0962;-0.0096;73;73;-0.0831;-0.0217;-0.0319;0.0029;-0.0068;0.0039;0.2598;11231
409.5;0.6310;0.6232;-0.0797;-0.0096;75;71;-0.0049;-0.0202;-0.0319;0.0029;-0.0068;-0.0039;0.2598;11179
410.0;0.6319;0.6241;-0.1277;-0.0096;75;73;-0.0049;-0.0202;-0.0319;0.0049;-0.0068;-0.0039;0.2598;11179
410.5;0.6328;0.6255;-0.1332;-0.0096;75;73;-0.0049;-0.0202;-0.0319;0.0049;-0.0068;-0.0039;0.2598;11179
411.0;0.6342;0.6264;-0.1607;-0.0096;73;73;0.0049;-0.0202;-0.0319;0.0059;-0.0068;-0.0039;0.2598;11179
411.5;0.6355;0.6273;-0.1538;0.0000;71;73;0.0049;-0.0202;-0.0319;0.0059;-0.0068;0.0039;0.2598;11179
412.0;0.6351;0.6287;-0.1277;-0.0096;75;71;-0.0049;-0.0173;-0.0319;0.0049;-0.0068;-0.0078;0.2598;11179
412.5;0.6342;0.6296;-0.1607;0.0000;75;77;0.0049;-0.0129;-0.0319;0.0059;-0.0068;0.0039;0.2598;11179
413.0;0.6323;0.6305;-0.1456;-0.0096;81;77;0.0049;-0.0056;-0.0319;0.0049;-0.0068;-0.0078;0.2598;11128
413.5;0.6310;0.6314;-0.1621;0.0000;81;81;-0.0831;0.0018;-0.0319;0.0059;-0.0068;0.0039;0.2520;11179
414.0;0.6296;0.6323;-0.1264;0.0000;85;81;-0.0831;0.0062;-0.0319;0.0049;-0.0068;0.0000;0.2520;11128
414.5;0.6291;0.6337;-0.1346;0.0000;87;83;-0.0049;0.0105;-0.0319;0.0049;-0.0068;0.0000;0.2520;11179
415.0;0.6291;0.6346;-0.1085;-0.0096;87;81;-0.0049;0.0120;-0.0319;0.0039;-0.0068;-0.0078;0.2520;11231
415.5;0.6300;0.6355;-0.1291;-0.0192;87;81;-0.0049;0.0135;-0.0319;0.0039;-0.0068;-0.0078;0.2520;11179
416.0;0.6310;0.6364;-0.1195;-0.0192;83;81;-0.0049;0.0135;-0.0319;0.0039;-0.0068;-0.0039;0.2520;11231
416.5;0.6319;0.6374;-0.1429;-0.0275;85;79;-0.0831;0.0135;-0.0319;0.0039;-0.0068;-0.0078;0.2520;11179
417.0;0.6328;0.6383;-0.1497;-0.0192;81;83;0.0049;0.0135;-0.0319;0.0049;-0.0068;0.0039;0.2520;11128
417.5;0.6342;0.6392;-0.1401;-0.0275;83;77;-0.0049;0.0120;-0.0319;0.0039;-0.0068;-0.0078;0.2520;11179
418.0;0.6355;0.6401;-0.1786;-0.0371;81;77;0.0049;0.0120;-0.0319;0.0059;-0.0068;-0.0078;0.2520;11179
418.5;0.6364;0.6410;-0.1868;-0.0453;81;77;0.0049;0.0105;-0.0319;0.0059;-0.0059;-0.0078;0.2520;11179
419.0;0.6383;0.6419;-0.2253;-0.0371;77;79;-0.0733;0.0076;-0.0319;0.0078;-0.0059;0.0039;0.2520;11128
419.5;0.6401;0.6429;-0.1896;-0.0549;81;73;0.0049;0.0062;-0.0319;0.0049;-0.0059;-0.0157;0.2520;11179
420.0;0.6424;0.6438;-0.1662;-0.0549;75;75;0.0831;0.0032;-0.0319;0.0039;-0.0059;-0.0039;0.2520;11179
420.5;0.6442;0.6447;-0.1442;-0.0632;75;71;0.0049;0.0003;-0.0319;0.0029;-0.0059;-0.0078;0.2520;11179
421.0;0.6465;0.6456;-0.1511;-0.0810;77;67;-0.0831;-0.0041;-0.0319;0.0020;-0.0059;-0.0157;0.2441;11179
421.5;0.6484;0.6465;-0.1690;-0.0907;73;69;0.0049;-0.0056;-0.0319;0.0029;-0.0059;-0.0078;0.2441;11128
422.0;0.6497;0.6470;-0.1429;-0.1003;73;67;0.0049;-0.0070;-0.0319;0.0010;-0.0059;-0.0078;0.2441;11179
422.5;0.6520;0.6479;-0.1690;-0.1085;73;67;-0.0831;-0.0100;-0.0319;0.0020;-0.0059;-0.0078;0.2441;11128
423.0;0.6534;0.6488;-0.1538;-0.1085;71;67;0.0049;-0.0129;-0.0319;0.0010;-0.0059;-0.0039;0.2441;11179
423.5;0.6552;0.6497;-0.2157;-0.1181;71;65;0.0831;-0.0144;-0.0319;0.0039;-0.0059;-0.0078;0.2441;11179
424.0;0.6571;0.6506;-0.2143;-0.1264;69;65;0.0049;-0.0173;-0.0319;0.0029;-0.0059;-0.0078;0.2441;11179
424.5;0.6589;0.6511;-0.2514;-0.1360;69;64;-0.0733;-0.0202;-0.0319;0.0039;-0.0059;-0.0078;0.2441;11179
425.0;0.6607;0.6520;-0.2418;-0.1621;71;60;0.0049;-0.0217;-0.0319;0.0029;-0.0059;-0.0235;0.2441;11179
425.5;0.6616;0.6529;-0.2418;-0.1538;65;67;0.0049;-0.0231;-0.0319;0.0029;-0.0059;0.0039;0.2441;11179
426.0;0.6630;0.6534;-0.2239;-0.1538;67;64;-0.0831;-0.0246;-0.0319;0.0029;-0.0059;-0.0039;0.2441;11282
426.5;0.6639;0.6543;-0.2321;-0.1717;71;62;-0.0831;-0.0246;-0.0319;0.0020;-0.0059;-0.0157;0.2441;11282
427.0;0.6639;0.6552;-0.2514;-0.1717;67;65;0.0049;-0.0231;-0.0334;0.0029;-0.0059;-0.0039;0.2441;11282
427.5;0.6648;0.6557;-0.2198;-0.1896;71;62;0.0049;-0.0231;-0.0334;0.0010;-0.0059;-0.0157;0.2441;11282
428.0;0.6648;0.6566;-0.2486;-0.1992;71;64;0.0049;-0.0217;-0.0334;0.0020;-0.0059;-0.0118;0.2362;11282
428.5;0.6653;0.6571;-0.2335;-0.1896;67;67;0.0049;-0.0217;-0.0334;0.0010;-0.0059;0.0039;0.2362;11231
429.0;0.6662;0.6580;-0.2569;-0.1896;69;65;-0.0733;-0.0217;-0.0334;0.0020;-0.0059;-0.0039;0.2362;11282
429.5;0.6680;0.6584;-0.2541;-0.1896;69;65;0.0831;-0.0246;-0.0334;0.0020;-0.0059;-0.0039;0.2362;11231
430.0;0.6690;0.6593;-0.2692;-0.2074;71;62;0.0049;-0.0246;-0.0334;0.0020;-0.0059;-0.0157;0.2362;11231
430.5;0.6703;0.6598;-0.2651;-0.1992;65;65;-0.0733;-0.0275;-0.0334;0.0020;-0.0059;0.0039;0.2362;11231
431.0;0.6712;0.6607;-0.2569;-0.2349;73;58;0.0049;-0.0275;-0.0334;-0.0000;-0.0059;-0.0314;0.2362;11179
431.5;0.6722;0.6612;-0.2665;-0.2253;65;65;-0.0733;-0.0275;-0.0334;0.0010;-0.0059;0.0039;0.2362;11231
432.0;0.6726;0.6621;-0.2912;-0.2253;67;64;0.0049;-0.0275;-0.0334;0.0020;-0.0059;-0.0039;0.2362;11231
432.5;0.6731;0.6625;-0.3118;-0.2170;65;67;0.0049;-0.0275;-0.0334;0.0039;-0.0059;0.0039;0.2362;11231
433.0;0.6740;0.6630;-0.3214;-0.2170;67;65;-0.0733;-0.0275;-0.0334;0.0039;-0.0059;-0.0039;0.2362;11231
433.5;0.6745;0.6639;-0.3613;-0.2253;67;64;0.0049;-0.0275;-0.0334;0.0049;-0.0059;-0.0118;0.2362;11231
434.0;0.6740;0.6644;-0.3654;-0.2253;67;67;0.0929;-0.0261;-0.0334;0.0059;-0.0059;-0.0039;0.2362;11231
434.5;0.6740;0.6648;-0.4162;-0.2253;67;67;0.0147;-0.0231;-0.0349;0.0078;-0.0059;-0.0039;0.2362;11231
435.0;0.6735;0.6653;-0.4299;-0.2253;67;69;0.0147;-0.0202;-0.0349;0.0078;-0.0059;-0.0039;0.2283;11231
435.5;0.6735;0.6662;-0.4505;-0.2253;69;69;0.0147;-0.0188;-0.0349;0.0088;-0.0059;-0.0039;0.2283;11179
436.0;0.6731;0.6667;-0.4451;-0.2253;69;71;0.0147;-0.0173;-0.0349;0.0088;-0.0059;-0.0039;0.2283;11231
436.5;0.6740;0.6671;-0.4313;-0.2253;69;69;-0.0733;-0.0173;-0.0349;0.0078;-0.0059;-0.0039;0.2283;11179
437.0;0.6740;0.6676;-0.4368;-0.2527;75;65;0.0147;-0.0173;-0.0349;0.0068;-0.0059;-0.0235;0.2283;11231
437.5;0.6745;0.6680;-0.4203;-0.2431;67;71;0.0049;-0.0158;-0.0349;0.0068;-0.0059;0.0039;0.2283;11282
438.0;0.6745;0.6690;-0.4190;-0.2253;65;73;-0.0733;-0.0158;-0.0349;0.0078;-0.0059;0.0118;0.2283;11231
438.5;0.6745;0.6694;-0.3723;-0.2349;71;67;0.0049;-0.0144;-0.0349;0.0049;-0.0059;-0.0118;0.2283;11282
439.0;0.6745;0.6699;-0.3544;-0.2431;71;67;0.0049;-0.0114;-0.0349;0.0039;-0.0059;-0.0118;0.2283;11282
439.5;0.6740;0.6703;-0.3104;-0.2349;69;71;0.0049;-0.0100;-0.0349;0.0029;-0.0059;0.0039;0.2283;11231
440.0;0.6740;0.6708;-0.3063;-0.2253;69;71;0.0049;-0.0085;-0.0349;0.0029;-0.0059;0.0039;0.2283;11231
440.5;0.6740;0.6712;-0.2843;-0.2431;75;67;0.0831;-0.0070;-0.0349;0.0010;-0.0059;-0.0157;0.2283;11231
441.0;0.6740;0.6717;-0.2843;-0.2349;71;71;0.0049;-0.0056;-0.0349;0.0020;-0.0059;0.0039;0.2283;11231
441.5;0.6735;0.6722;-0.2802;-0.2431;75;69;0.0049;-0.0041;-0.0349;0.0010;-0.0049;-0.0118;0.2283;11231
442.0;0.6731;0.6726;-0.2473;-0.2253;71;73;0.0049;-0.0026;-0.0349;-0.0000;-0.0049;0.0118;0.2205;11231
442.5;0.6731;0.6731;-0.2555;-0.2170;71;73;0.0831;-0.0012;-0.0349;0.0010;-0.0049;0.0039;0.2205;11179
443.0;0.6726;0.6735;-0.2239;-0.2074;73;73;0.0049;0.0003;-0.0349;-0.0000;-0.0049;0.0039;0.2205;11231
443.5;0.6726;0.6740;-0.2321;-0.1992;73;73;0.0049;0.0032;-0.0349;0.0010;-0.0049;0.0039;0.2205;11179
444.0;0.6731;0.6740;-0.2074;-0.1813;71;75;-0.0831;0.0032;-0.0349;0.0010;-0.0049;0.0118;0.2205;11179
444.5;0.6726;0.6745;-0.2349;-0.1813;75;71;-0.0733;0.0047;-0.0349;0.0020;-0.0049;-0.0039;0.2205;11179
445.0;0.6722;0.6749;-0.2143;-0.1621;71;75;0.0049;0.0062;-0.0349;0.0020;-0.0049;0.0118;0.2205;11179
445.5;0.6722;0.6754;-0.2404;-0.1621;75;71;-0.0733;0.0062;-0.0349;0.0029;-0.0049;-0.0039;0.2205;11179
446.0;0.6731;0.6758;-0.2541;-0.1621;73;71;0.0831;0.0062;-0.0349;0.0029;-0.0049;-0.0039;0.2205;11179
446.5;0.6735;0.6763;-0.2569;-0.1442;69;75;0.0049;0.0047;-0.0349;0.0039;-0.0049;0.0118;0.2205;11179
447.0;0.6745;0.6763;-0.2280;-0.1442;71;69;-0.0831;0.0032;-0.0349;0.0029;-0.0049;-0.0039;0.2205;11179
447.5;0.6758;0.6767;-0.1676;-0.1442;71;69;0.0831;0.0018;-0.0349;-0.0000;-0.0049;-0.0039;0.2205;11179
448.0;0.6767;0.6772;-0.1621;-0.1360;69;69;0.0049;0.0003;-0.0349;0.0010;-0.0049;0.0039;0.2205;11179
448.5;0.6767;0.6772;-0.1264;-0.1360;71;67;-0.0049;0.0003;-0.0349;-0.0010;-0.0049;-0.0039;0.2205;11282
449.0;0.6777;0.6777;-0.1497;-0.1538;71;64;0.0831;-0.0012;-0.0349;-0.0010;-0.0049;-0.0157;0.2126;11282
449.5;0.6790;0.6781;-0.1360;-0.1360;65;69;-0.0831;-0.0026;-0.0349;-0.0000;-0.0049;0.0118;0.2126;11231
450.0;0.6795;0.6781;-0.1319;-0.1360;67;65;-0.0049;-0.0041;-0.0349;-0.0010;-0.0049;-0.0039;0.2126;11282
450.5;0.6809;0.6786;-0.1250;-0.1360;67;64;-0.0049;-0.0070;-0.0349;-0.0010;-0.0049;-0.0039;0.2126;11231
451.0;0.6827;0.6786;-0.1374;-0.1181;62;65;0.0831;-0.0100;-0.0349;-0.0000;-0.0049;0.0118;0.2126;11231
451.5;0.6836;0.6790;-0.1525;-0.1003;60;65;0.0049;-0.0129;-0.0349;0.0020;-0.0049;0.0118;0.2126;11282
452.0;0.6850;0.6795;-0.1223;-0.1003;64;62;-0.0831;-0.0144;-0.0349;-0.0000;-0.0049;-0.0039;0.2126;11231
452.5;0.6859;0.6795;-0.1442;-0.1003;62;62;0.0831;-0.0173;-0.0349;0.0010;-0.0049;-0.0039;0.2126;11282
453.0;0.6882;0.6795;-0.1113;-0.1085;62;58;-0.0049;-0.0217;-0.0349;-0.0000;-0.0049;-0.0078;0.2126;11282
453.5;0.6891;0.6799;-0.1525;-0.0907;56;62;0.0049;-0.0246;-0.0349;0.0020;-0.0049;0.0118;0.2126;11231
454.0;0.6896;0.6799;-0.1319;-0.1003;62;56;-0.0831;-0.0246;-0.0349;0.0010;-0.0049;-0.0078;0.2126;11282
454.5;0.6900;0.6804;-0.1744;-0.0907;58;62;0.0831;-0.0246;-0.0349;0.0029;-0.0049;0.0039;0.2126;11231
455.0;0.6896;0.6804;-0.1703;-0.1003;62;58;0.0049;-0.0231;-0.0349;0.0029;-0.0049;-0.0078;0.2126;11231
455.5;0.6896;0.6809;-0.1607;-0.1003;60;60;0.0831;-0.0231;-0.0349;0.0020;-0.0049;-0.0039;0.2047;11231
456.0;0.6896;0.6809;-0.1703;-0.0907;60;62;0.0049;-0.0231;-0.0349;0.0029;-0.0049;0.0039;0.2047;11231
456.5;0.6886;0.6809;-0.1813;-0.0907;62;64;0.0831;-0.0202;-0.0363;0.0029;-0.0049;-0.0039;0.2047;11231
457.0;0.6877;0.6813;-0.1703;-0.1003;65;62;0.0049;-0.0173;-0.0363;0.0029;-0.0049;-0.0078;0.2047;11231
457.5;0.6864;0.6813;-0.0522;-0.1085;67;62;0.0831;-0.0144;-0.0363;-0.0029;-0.0049;-0.0078;0.2047;11231
458.0;0.6854;0.6813;-0.0110;-0.1085;67;64;-0.0049;-0.0114;-0.0363;-0.0049;-0.0049;-0.0039;0.2047;11231
458.5;0.6854;0.6813;0.0934;-0.1181;71;62;-0.0929;-0.0100;-0.0363;-0.0098;-0.0049;-0.0078;0.2047;11231
459.0;0.6854;0.6818;0.1250;-0.1085;67;64;0.0733;-0.0114;-0.0363;-0.0108;-0.0049;0.0039;0.2047;11179
459.5;0.6854;0.6818;0.1580;-0.1085;69;62;-0.0147;-0.0100;-0.0363;-0.0117;-0.0049;-0.0039;0.2047;11231
460.0;0.6859;0.6818;0.1511;-0.1085;67;62;0.0733;-0.0114;-0.0363;-0.0117;-0.0049;-0.0039;0.2047;11333
460.5;0.6859;0.6818;0.1745;-0.1181;69;60;-0.0147;-0.0114;-0.0363;-0.0127;-0.0059;-0.0078;0.2047;11282
461.0;0.6864;0.6818;0.1992;-0.1003;64;64;0.0733;-0.0114;-0.0363;-0.0127;-0.0059;0.0118;0.2047;11282
461.5;0.6864;0.6818;0.2019;-0.1181;69;56;-0.0147;-0.0114;-0.0363;-0.0137;-0.0059;-0.0157;0.2047;11282
462.0;0.6859;0.6818;0.2019;-0.1264;69;58;-0.0147;-0.0100;-0.0363;-0.0147;-0.0059;-0.0078;0.1969;11282
462.5;0.6859;0.6818;0.1676;-0.1085;64;64;0.0733;-0.0114;-0.0363;-0.0117;-0.0059;0.0118;0.1969;11282
463.0;0.6859;0.6822;0.1992;-0.1003;65;62;-0.0147;-0.0100;-0.0363;-0.0127;-0.0059;0.0039;0.1969;11282
463.5;0.6854;0.6822;0.1964;-0.1003;67;60;-0.0147;-0.0100;-0.0363;-0.0127;-0.0059;-0.0039;0.1969;11282
464.0;0.6854;0.6822;0.2321;-0.1085;67;58;0.0635;-0.0100;-0.0363;-0.0147;-0.0059;-0.0078;0.1969;11282
464.5;0.6854;0.6822;0.1992;-0.1264;69;58;-0.0147;-0.0085;-0.0363;-0.0147;-0.0059;-0.0157;0.1969;11231
465.0;0.6850;0.6818;0.1484;-0.1181;65;62;-0.0147;-0.0085;-0.0363;-0.0117;-0.0059;0.0039;0.1969;11231
465.5;0.6841;0.6818;0.0962;-0.1181;67;62;-0.0929;-0.0056;-0.0363;-0.0098;-0.0059;-0.0039;0.1969;11282
466.0;0.6836;0.6818;0.0385;-0.1181;67;64;-0.0049;-0.0041;-0.0363;-0.0068;-0.0059;-0.0039;0.1969;11231
466.5;0.6836;0.6818;0.0234;-0.1085;64;65;0.0733;-0.0041;-0.0363;-0.0059;-0.0059;0.0039;0.1969;11231
467.0;0.6832;0.6818;-0.0426;-0.1085;65;64;-0.0049;-0.0041;-0.0363;-0.0029;-0.0059;-0.0039;0.1969;11231
467.5;0.6822;0.6818;-0.0577;-0.1181;67;64;-0.0049;-0.0026;-0.0363;-0.0029;-0.0059;-0.0078;0.1969;11231
468.0;0.6827;0.6818;-0.1154;-0.1085;64;67;0.0831;-0.0026;-0.0363;-0.0000;-0.0059;0.0039;0.1969;11231
468.5;0.6822;0.6818;-0.0934;-0.1085;65;64;-0.0049;-0.0026;-0.0363;-0.0010;-0.0059;-0.0039;0.1969;11231
469.0;0.6818;0.6813;-0.1346;-0.1003;64;67;-0.0049;-0.0012;-0.0363;0.0010;-0.0059;0.0039;0.1969;11231
469.5;0.6818;0.6813;-0.0920;-0.1085;65;64;0.0831;-0.0012;-0.0363;-0.0010;-0.0059;-0.0078;0.1969;11231
470.0;0.6813;0.6813;-0.0962;-0.1085;65;64;-0.0049;-0.0012;-0.0363;-0.0010;-0.0059;-0.0039;0.1969;11231
470.5;0.6809;0.6813;-0.1250;-0.1085;65;64;0.0831;-0.0012;-0.0363;-0.0000;-0.0059;-0.0039;0.1969;11231
471.0;0.6804;0.6809;-0.1346;-0.1003;64;65;-0.0049;0.0018;-0.0363;0.0010;-0.0059;0.0039;0.1890;11282
471.5;0.6795;0.6809;-0.1442;-0.0907;64;67;-0.0049;0.0018;-0.0363;0.0020;-0.0059;0.0039;0.1890;11333
472.0;0.6804;0.6809;-0.1085;-0.1003;65;62;-0.0049;0.0003;-0.0363;-0.0000;-0.0059;-0.0078;0.1890;11282
472.5;0.6795;0.6804;-0.1181;-0.0907;62;65;-0.0049;0.0018;-0.0363;0.0010;-0.0059;0.0039;0.1890;11282
473.0;0.6786;0.6804;-0.1030;-0.1003;67;64;-0.0049;0.0032;-0.0363;-0.0000;-0.0059;-0.0078;0.1890;11282
473.5;0.6786;0.6799;-0.1250;-0.0907;64;65;0.0831;0.0032;-0.0363;0.0010;-0.0059;0.0039;0.1890;11282
474.0;0.6786;0.6799;-0.1030;-0.1003;65;62;-0.0049;0.0032;-0.0363;-0.0000;-0.0059;-0.0078;0.1890;11282
474.5;0.6786;0.6795;-0.0714;-0.0810;62;67;0.0831;0.0018;-0.0363;-0.0010;-0.0059;0.0118;0.1890;11231
475.0;0.6781;0.6795;-0.0247;-0.0907;65;62;-0.0049;0.0018;-0.0363;-0.0029;-0.0059;-0.0078;0.1890;11282
475.5;0.6786;0.6795;0.0055;-0.0907;64;62;0.0733;0.0018;-0.0363;-0.0049;-0.0059;-0.0039;0.1890;11231
476.0;0.6786;0.6790;0.0110;-0.1003;65;60;-0.0049;0.0003;-0.0363;-0.0049;-0.0059;-0.0078;0.1890;11231
476.5;0.6781;0.6786;0.0220;-0.0810;62;65;-0.0049;0.0018;-0.0363;-0.0049;-0.0059;0.0118;0.1890;11231
477.0;0.6781;0.6786;0.0398;-0.0810;64;62;0.0733;0.0003;-0.0363;-0.0059;-0.0059;-0.0039;0.1890;11231
477.5;0.6777;0.6781;0.0934;-0.0907;65;60;-0.0049;0.0003;-0.0363;-0.0078;-0.0059;-0.0078;0.1890;11231
478.0;0.6781;0.6781;0.1291;-0.0907;64;60;0.0733;-0.0012;-0.0363;-0.0098;-0.0059;-0.0039;0.1890;11231
478.5;0.6781;0.6777;0.1909;-0.1085;67;56;-0.0147;-0.0012;-0.0363;-0.0127;-0.0059;-0.0157;0.1890;11231
479.0;0.6781;0.6772;0.1937;-0.0810;60;64;0.0733;-0.0026;-0.0363;-0.0117;-0.0068;0.0196;0.1890;11231
479.5;0.6781;0.6772;0.2198;-0.0810;64;58;-0.0147;-0.0026;-0.0363;-0.0127;-0.0068;-0.0039;0.1890;11231
480.0;0.6781;0.6767;0.2376;-0.1085;67;52;0.0635;-0.0041;-0.0363;-0.0147;-0.0068;-0.0235;0.1890;11231
480.5;0.6772;0.6763;0.2514;-0.1181;65;56;0.0635;-0.0026;-0.0363;-0.0156;-0.0068;-0.0078;0.1890;11231
481.0;0.6772;0.6763;0.2390;-0.1003;60;62;0.0635;-0.0041;-0.0363;-0.0147;-0.0068;0.0118;0.1811;11231
481.5;0.6767;0.6758;0.2225;-0.0907;62;60;-0.0147;-0.0026;-0.0363;-0.0137;-0.0068;0.0039;0.1811;11231
482.0;0.6749;0.6754;0.2431;-0.1003;65;58;0.0635;0.0003;-0.0363;-0.0147;-0.0068;-0.0078;0.1811;11282
482.5;0.6740;0.6749;0.2555;-0.0907;64;62;-0.0147;0.0018;-0.0363;-0.0147;-0.0068;0.0039;0.1811;11333
483.0;0.6726;0.6745;0.2706;-0.0907;65;60;0.1515;0.0047;-0.0363;-0.0156;-0.0068;-0.0039;0.1811;11282
483.5;0.6722;0.6740;0.2115;-0.0907;65;62;0.0733;0.0047;-0.0363;-0.0137;-0.0068;-0.0039;0.1811;11282
484.0;0.6703;0.6740;0.1978;-0.0728;64;65;-0.0147;0.0076;-0.0363;-0.0117;-0.0068;0.0118;0.1811;11282
484.5;0.6690;0.6735;0.1195;-0.0810;67;64;0.0733;0.0105;-0.0363;-0.0088;-0.0068;-0.0078;0.1811;11282
485.0;0.6680;0.6731;0.0879;-0.0810;65;64;0.0733;0.0105;-0.0363;-0.0078;-0.0068;-0.0039;0.1811;11282
485.5;0.6671;0.6726;0.0467;-0.0810;65;65;-0.0831;0.0120;-0.0363;-0.0059;-0.0068;-0.0039;0.1811;11282
486.0;0.6662;0.6722;0.0247;-0.0810;65;65;-0.0049;0.0135;-0.0363;-0.0049;-0.0068;-0.0039;0.1811;11282
486.5;0.6653;0.6717;-0.0179;-0.0810;65;65;-0.0049;0.0149;-0.0363;-0.0029;-0.0068;-0.0039;0.1811;11282
487.0;0.6644;0.6712;-0.0989;-0.1003;69;64;-0.0049;0.0164;-0.0363;-0.0010;-0.0068;-0.0157;0.1811;11231
487.5;0.6635;0.6708;-0.1264;-0.0810;64;69;-0.0049;0.0179;-0.0363;0.0010;-0.0068;0.0118;0.1811;11231
488.0;0.6625;0.6703;-0.1799;-0.0907;67;65;0.0049;0.0179;-0.0363;0.0029;-0.0068;-0.0078;0.1811;11231
488.5;0.6621;0.6699;-0.1854;-0.0907;65;67;-0.0831;0.0193;-0.0363;0.0039;-0.0068;-0.0039;0.1811;11231
489.0;0.6612;0.6694;-0.2088;-0.1085;69;64;0.0049;0.0193;-0.0363;0.0039;-0.0068;-0.0157;0.1811;11231
489.5;0.6603;0.6690;-0.2184;-0.1003;64;67;0.0049;0.0208;-0.0349;0.0049;-0.0068;0.0039;0.1811;11231
490.0;0.6593;0.6680;-0.2459;-0.0907;64;69;0.0049;0.0208;-0.0349;0.0059;-0.0068;0.0039;0.1811;11231
490.5;0.6593;0.6676;-0.2198;-0.0907;65;65;0.0831;0.0193;-0.0349;0.0049;-0.0068;-0.0039;0.1732;11231
491.0;0.6589;0.6671;-0.1896;-0.0907;64;65;0.0831;0.0193;-0.0349;0.0039;-0.0068;-0.0039;0.1732;11231
491.5;0.6575;0.6667;-0.1662;-0.0810;64;67;0.0831;0.0208;-0.0349;0.0029;-0.0068;0.0039;0.1732;11231
492.0;0.6566;0.6662;-0.1580;-0.1085;69;62;0.0049;0.0223;-0.0349;0.0020;-0.0068;-0.0235;0.1732;11231
492.5;0.6566;0.6653;-0.1827;-0.0907;62;69;0.0831;0.0223;-0.0349;0.0029;-0.0068;0.0118;0.1732;11231
493.0;0.6571;0.6648;-0.1291;-0.1085;67;62;0.0831;0.0193;-0.0349;-0.0000;-0.0068;-0.0157;0.1732;11231
493.5;0.6566;0.6644;-0.1511;-0.0810;58;69;-0.0831;0.0179;-0.0349;0.0029;-0.0068;0.0196;0.1732;11282
494.0;0.6566;0.6639;-0.0783;-0.0907;64;62;-0.0049;0.0164;-0.0349;-0.0010;-0.0068;-0.0078;0.1732;11282
494.5;0.6561;0.6630;-0.0549;-0.0810;60;64;-0.0049;0.0164;-0.0349;-0.0020;-0.0068;0.0039;0.1732;11282
495.0;0.6557;0.6625;-0.0275;-0.0810;62;60;-0.0049;0.0164;-0.0349;-0.0029;-0.0068;-0.0039;0.1732;11333
495.5;0.6552;0.6621;0.0027;-0.0810;64;60;-0.0049;0.0164;-0.0349;-0.0039;-0.0068;-0.0039;0.1732;11282
496.0;0.6552;0.6612;0.0604;-0.0810;62;60;0.0733;0.0149;-0.0349;-0.0068;-0.0068;-0.0039;0.1732;11282
496.5;0.6552;0.6607;0.1360;-0.0810;64;58;-0.0049;0.0135;-0.0349;-0.0098;-0.0068;-0.0039;0.1732;11282
497.0;0.6548;0.6598;0.1332;-0.0810;62;58;-0.0049;0.0120;-0.0349;-0.0098;-0.0068;-0.0039;0.1732;11282
497.5;0.6552;0.6593;0.1799;-0.0728;62;58;-0.0929;0.0091;-0.0349;-0.0108;-0.0068;0.0039;0.1732;11282
498.0;0.6552;0.6584;0.1690;-0.0907;65;52;-0.0147;0.0076;-0.0349;-0.0117;-0.0068;-0.0157;0.1732;11282
498.5;0.6548;0.6580;0.2404;-0.1181;67;48;0.0635;0.0076;-0.0349;-0.0156;-0.0068;-0.0235;0.1732;11231
499.0;0.6538;0.6571;0.2486;-0.1085;62;56;-0.1808;0.0076;-0.0349;-0.0156;-0.0078;0.0039;0.1732;11282
499.5;0.6520;0.6566;0.3049;-0.1085;65;54;-0.0929;0.0105;-0.0349;-0.0176;-0.0078;-0.0039;0.1732;11282
500.0;0.6511;0.6557;0.2940;-0.1003;64;56;0.0635;0.0105;-0.0349;-0.0166;-0.0078;0.0039;0.1654;11282
500.5;0.6502;0.6552;0.2294;-0.1003;64;56;-0.0147;0.0105;-0.0349;-0.0147;-0.0078;-0.0039;0.1654;11231
501.0;0.6497;0.6543;0.1909;-0.1003;64;56;-0.0147;0.0105;-0.0334;-0.0127;-0.0078;-0.0039;0.1654;11231
501.5;0.6488;0.6534;0.1305;-0.1003;64;56;-0.0049;0.0105;-0.0334;-0.0098;-0.0078;-0.0039;0.1654;11231
502.0;0.6484;0.6529;0.1291;-0.1003;64;56;-0.0049;0.0105;-0.0334;-0.0098;-0.0078;-0.0039;0.1654;11282
502.5;0.6474;0.6520;0.0879;-0.1003;62;56;-0.0049;0.0105;-0.0334;-0.0088;-0.0078;-0.0039;0.1654;11282
503.0;0.6456;0.6511;0.0824;-0.1003;64;58;0.0733;0.0135;-0.0334;-0.0078;-0.0078;-0.0039;0.1654;11231
503.5;0.6438;0.6506;0.0316;-0.1181;67;56;-0.0049;0.0164;-0.0334;-0.0068;-0.0078;-0.0157;0.1654;11282
504.0;0.6424;0.6497;0.0343;-0.1181;65;60;-0.0049;0.0179;-0.0334;-0.0068;-0.0078;-0.0039;0.1654;11231
504.5;0.6415;0.6488;0.0673;-0.1003;62;62;-0.0049;0.0179;-0.0334;-0.0078;-0.0078;0.0118;0.1654;11231
505.0;0.6397;0.6479;0.0824;-0.1003;65;60;-0.1711;0.0193;-0.0334;-0.0078;-0.0078;-0.0039;0.1654;11333
505.5;0.6387;0.6470;0.0948;-0.1003;65;58;-0.0049;0.0208;-0.0334;-0.0088;-0.0078;-0.0039;0.1654;11282
506.0;0.6383;0.6465;0.0728;-0.1085;65;58;0.0733;0.0193;-0.0334;-0.0078;-0.0078;-0.0078;0.1654;11282
506.5;0.6374;0.6456;0.0975;-0.1181;67;56;-0.0929;0.0193;-0.0334;-0.0098;-0.0078;-0.0078;0.1654;11333
507.0;0.6369;0.6447;0.0824;-0.1085;64;58;-0.0929;0.0179;-0.0334;-0.0088;-0.0078;0.0039;0.1654;11333
507.5;0.6369;0.6438;0.1277;-0.1264;67;52;-0.0049;0.0164;-0.0334;-0.0108;-0.0078;-0.0157;0.1654;11282
508.0;0.6364;0.6429;0.1154;-0.1085;60;58;-0.0049;0.0149;-0.0334;-0.0098;-0.0078;0.0118;0.1654;11282
508.5;0.6369;0.6419;0.1291;-0.1085;62;52;-0.0929;0.0120;-0.0334;-0.0108;-0.0088;-0.0039;0.1654;11282
509.0;0.6369;0.6410;0.0934;-0.1085;60;52;-0.0049;0.0091;-0.0334;-0.0088;-0.0088;-0.0039;0.1575;11282
509.5;0.6369;0.6401;0.0797;-0.1085;60;52;-0.0049;0.0076;-0.0334;-0.0088;-0.0088;-0.0039;0.1575;11282
510.0;0.6360;0.6392;0.0481;-0.1085;60;52;-0.0831;0.0076;-0.0334;-0.0068;-0.0088;-0.0039;0.1575;11282
510.5;0.6360;0.6383;0.0165;-0.1003;56;54;0.0733;0.0047;-0.0334;-0.0049;-0.0088;0.0039;0.1575;11282
511.0;0.6360;0.6374;-0.0192;-0.1181;60;46;-0.1711;0.0032;-0.0334;-0.0049;-0.0088;-0.0157;0.1575;11282
511.5;0.6355;0.6364;-0.0632;-0.1181;56;50;-0.0049;0.0018;-0.0334;-0.0029;-0.0088;-0.0039;0.1575;11282
512.0;0.6355;0.6355;-0.0632;-0.1085;54;52;-0.0049;0.0003;-0.0334;-0.0020;-0.0088;0.0039;0.1575;11282
512.5;0.6351;0.6346;-0.1113;-0.1003;52;52;-0.0049;-0.0026;-0.0334;-0.0000;-0.0088;0.0039;0.1575;11282
513.0;0.6346;0.6337;-0.1181;-0.1003;54;50;-0.0049;-0.0026;-0.0334;-0.0000;-0.0088;-0.0039;0.1575;11282
513.5;0.6332;0.6323;-0.1690;-0.1085;56;48;-0.0831;-0.0026;-0.0334;0.0020;-0.0088;-0.0078;0.1575;11282
514.0;0.6323;0.6314;-0.1951;-0.1003;52;52;0.0049;-0.0026;-0.0334;0.0039;-0.0088;0.0039;0.1575;11282
514.5;0.6319;0.6305;-0.2184;-0.0907;52;52;0.0049;-0.0041;-0.0334;0.0049;-0.0088;0.0039;0.1575;11282
515.0;0.6300;0.6296;-0.1717;-0.0907;54;50;0.0049;-0.0026;-0.0334;0.0029;-0.0088;-0.0039;0.1575;11282
515.5;0.6287;0.6287;-0.1085;-0.0907;56;50;-0.0831;-0.0012;-0.0334;-0.0000;-0.0088;-0.0039;0.1575;11282
516.0;0.6273;0.6273;-0.0549;-0.0907;58;50;-0.0049;0.0003;-0.0334;-0.0020;-0.0088;-0.0039;0.1575;11282
516.5;0.6259;0.6264;-0.0426;-0.0810;56;52;-0.0049;0.0003;-0.0334;-0.0020;-0.0088;0.0039;0.1575;11385
517.0;0.6255;0.6255;-0.0604;-0.1360;65;38;-0.1613;-0.0012;-0.0334;-0.0039;-0.0088;-0.0471;0.1575;11333
517.5;0.6232;0.6241;-0.0508;-0.1003;52;56;-0.0049;0.0018;-0.0334;-0.0029;-0.0088;0.0275;0.1496;11333
518.0;0.6213;0.6232;-0.0920;-0.1181;62;48;-0.0831;0.0047;-0.0334;-0.0020;-0.0088;-0.0157;0.1496;11333
518.5;0.6195;0.6223;-0.0934;-0.0907;54;56;-0.0049;0.0062;-0.0334;-0.0000;-0.0088;0.0196;0.1496;11333
519.0;0.6177;0.6209;-0.1209;-0.0907;60;52;-0.0049;0.0076;-0.0334;0.0010;-0.0088;-0.0039;0.1496;11333
519.5;0.6149;0.6200;-0.1415;-0.0810;58;56;0.0049;0.0105;-0.0334;0.0020;-0.0088;0.0039;0.1496;11333
520.0;0.6117;0.6186;-0.1786;-0.0907;64;56;0.0049;0.0164;-0.0334;0.0029;-0.0088;-0.0078;0.1496;11333
520.5;0.6085;0.6177;-0.2060;-0.0728;60;62;-0.0831;0.0223;-0.0334;0.0049;-0.0088;0.0118;0.1496;11282
521.0;0.6058;0.6163;-0.2390;-0.0728;64;60;-0.0733;0.0252;-0.0319;0.0068;-0.0088;-0.0039;0.1496;11282
521.5;0.6035;0.6154;-0.2486;-0.0728;64;62;0.0831;0.0296;-0.0319;0.0068;-0.0088;-0.0039;0.1496;11282
522.0;0.6016;0.6140;-0.2582;-0.0728;64;62;0.0049;0.0296;-0.0319;0.0068;-0.0078;-0.0039;0.1496;11282
522.5;0.5994;0.6131;-0.2761;-0.0728;64;64;0.0049;0.0340;-0.0319;0.0078;-0.0078;-0.0039;0.1496;11231
523.0;0.5975;0.6117;-0.2816;-0.0728;64;64;0.0049;0.0340;-0.0319;0.0078;-0.0078;-0.0039;0.1496;11282
523.5;0.5962;0.6108;-0.2885;-0.0728;64;64;-0.0733;0.0355;-0.0319;0.0088;-0.0078;-0.0039;0.1496;11231
524.0;0.5948;0.6094;-0.2706;-0.0632;62;64;0.0049;0.0355;-0.0319;0.0078;-0.0078;0.0039;0.1496;11231
524.5;0.5943;0.6081;-0.2885;-0.0632;62;62;0.0049;0.0340;-0.0319;0.0088;-0.0078;-0.0039;0.1496;11231
525.0;0.5925;0.6071;-0.2898;-0.0632;62;62;0.0049;0.0355;-0.0319;0.0088;-0.0078;-0.0039;0.1496;11231
525.5;0.5916;0.6058;-0.2912;-0.0632;62;60;0.0049;0.0355;-0.0319;0.0088;-0.0078;-0.0039;0.1417;11231
526.0;0.5902;0.6044;-0.2871;-0.0632;60;60;0.0049;0.0355;-0.0319;0.0088;-0.0078;-0.0039;0.1417;11231
526.5;0.5884;0.6035;-0.2816;-0.0632;60;62;0.0049;0.0369;-0.0305;0.0088;-0.0078;-0.0039;0.1417;11231
527.0;0.5861;0.6021;-0.2459;-0.0549;60;62;-0.0733;0.0384;-0.0305;0.0078;-0.0078;0.0039;0.1417;11231
527.5;0.5842;0.6007;-0.2005;-0.0632;64;58;-0.0831;0.0413;-0.0305;0.0049;-0.0078;-0.0078;0.1417;11333
528.0;0.5815;0.5994;-0.1580;-0.0549;62;62;0.0049;0.0442;-0.0305;0.0039;-0.0078;0.0039;0.1417;11282
528.5;0.5797;0.5980;-0.1195;-0.0728;67;58;0.0831;0.0457;-0.0305;0.0020;-0.0078;-0.0157;0.1417;11282
529.0;0.5774;0.5971;-0.1099;-0.0632;64;62;-0.0831;0.0472;-0.0305;0.0010;-0.0078;0.0039;0.1417;11282
529.5;0.5765;0.5957;-0.1085;-0.0632;65;62;-0.0049;0.0472;-0.0305;0.0010;-0.0078;-0.0039;0.1417;11282
530.0;0.5751;0.5943;-0.1236;-0.0632;64;60;0.0831;0.0472;-0.0305;0.0020;-0.0078;-0.0039;0.1417;11282
530.5;0.5737;0.5929;-0.1346;-0.0632;64;60;-0.0049;0.0472;-0.0290;0.0029;-0.0078;-0.0039;0.1417;11282
531.0;0.5723;0.5916;-0.1607;-0.0632;64;60;-0.0831;0.0472;-0.0290;0.0039;-0.0078;-0.0039;0.1417;11282
531.5;0.5719;0.5902;-0.1758;-0.0632;62;58;0.0049;0.0457;-0.0290;0.0039;-0.0078;-0.0039;0.1417;11282
532.0;0.5710;0.5888;-0.1607;-0.0632;62;58;-0.0831;0.0442;-0.0290;0.0039;-0.0078;-0.0039;0.1417;11282
532.5;0.5701;0.5875;-0.1360;-0.0632;60;58;0.0831;0.0428;-0.0290;0.0029;-0.0078;-0.0039;0.1417;11282
533.0;0.5691;0.5861;-0.1071;-0.0549;60;58;-0.0831;0.0428;-0.0290;0.0020;-0.0078;0.0039;0.1417;11282
533.5;0.5687;0.5847;-0.0989;-0.0549;60;56;-0.0049;0.0398;-0.0290;0.0010;-0.0078;-0.0039;0.1417;11282
534.0;0.5673;0.5838;-0.1003;-0.0549;60;56;0.0831;0.0398;-0.0290;0.0010;-0.0078;-0.0039;0.1417;11282
534.5;0.5650;0.5824;-0.1016;-0.0549;60;58;-0.0049;0.0428;-0.0275;0.0020;-0.0078;-0.0039;0.1417;11282
535.0;0.5641;0.5810;-0.1126;-0.0632;62;56;-0.0049;0.0413;-0.0275;0.0020;-0.0078;-0.0078;0.1417;11231
535.5;0.5632;0.5797;-0.1264;-0.0632;60;56;-0.0831;0.0413;-0.0275;0.0020;-0.0078;-0.0039;0.1417;11231
536.0;0.5623;0.5783;-0.1264;-0.0549;58;58;0.0831;0.0398;-0.0275;0.0029;-0.0078;0.0039;0.1417;11282
536.5;0.5609;0.5774;-0.1099;-0.0549;60;56;-0.0831;0.0398;-0.0275;0.0020;-0.0078;-0.0039;0.1417;11231
537.0;0.5609;0.5760;-0.1003;-0.0453;58;58;-0.0049;0.0369;-0.0275;0.0020;-0.0078;0.0039;0.1417;11282
537.5;0.5595;0.5746;-0.0907;-0.0549;60;54;0.0831;0.0369;-0.0275;0.0010;-0.0078;-0.0078;0.1417;11282
538.0;0.5586;0.5737;-0.0742;-0.0371;56;58;-0.0831;0.0369;-0.0275;0.0010;-0.0078;0.0118;0.1417;11282
538.5;0.5568;0.5723;-0.0769;-0.0453;62;54;-0.0049;0.0384;-0.0275;0.0010;-0.0078;-0.0078;0.1417;11282
539.0;0.5559;0.5710;-0.0714;-0.0549;62;54;-0.0049;0.0369;-0.0261;-0.0000;-0.0078;-0.0078;0.1417;11333
539.5;0.5554;0.5701;-0.0742;-0.0453;58;56;-0.0831;0.0355;-0.0261;0.0010;-0.0078;0.0039;0.1417;11333
540.0;0.5540;0.5687;-0.0673;-0.0549;62;54;-0.0049;0.0369;-0.0261;-0.0000;-0.0078;-0.0078;0.1417;11333
540.5;0.5522;0.5678;-0.0549;-0.0453;58;58;-0.0049;0.0384;-0.0261;-0.0000;-0.0078;0.0039;0.1417;11282
541.0;0.5513;0.5664;-0.0330;-0.0549;62;54;-0.0049;0.0369;-0.0261;-0.0010;-0.0078;-0.0078;0.1417;11282
541.5;0.5504;0.5655;-0.0385;-0.0453;58;56;-0.0831;0.0369;-0.0261;-0.0010;-0.0078;0.0039;0.1417;11333
542.0;0.5499;0.5641;-0.0426;-0.0453;60;56;0.0733;0.0355;-0.0261;-0.0010;-0.0078;-0.0039;0.1417;11282
542.5;0.5495;0.5632;-0.0536;-0.0453;60;54;-0.0831;0.0340;-0.0261;-0.0000;-0.0078;-0.0039;0.1417;11333
543.0;0.5485;0.5618;-0.0646;-0.0549;60;52;0.0831;0.0325;-0.0261;-0.0000;-0.0078;-0.0078;0.1417;11282
543.5;0.5481;0.5609;-0.0879;-0.0549;58;54;-0.0831;0.0311;-0.0261;0.0010;-0.0078;-0.0039;0.1417;11282
544.0;0.5476;0.5595;-0.1085;-0.0549;56;54;0.0831;0.0296;-0.0261;0.0020;-0.0078;-0.0039;0.1417;11282
544.5;0.5472;0.5586;-0.1181;-0.0453;54;56;-0.0831;0.0281;-0.0246;0.0029;-0.0078;0.0039;0.1417;11282
545.0;0.5458;0.5577;-0.1470;-0.0453;56;54;0.0049;0.0281;-0.0246;0.0039;-0.0078;-0.0039;0.1496;11282
545.5;0.5458;0.5563;-0.1497;-0.0453;56;54;0.0049;0.0267;-0.0246;0.0039;-0.0078;-0.0039;0.1496;11282
546.0;0.5449;0.5554;-0.1621;-0.0632;58;50;0.0049;0.0252;-0.0246;0.0039;-0.0078;-0.0157;0.1496;11282
546.5;0.5449;0.5545;-0.1648;-0.0371;50;58;0.0049;0.0237;-0.0246;0.0049;-0.0078;0.0196;0.1496;11282
547.0;0.5440;0.5531;-0.1635;-0.0371;54;54;0.0049;0.0223;-0.0246;0.0049;-0.0078;-0.0039;0.1496;11282
547.5;0.5430;0.5522;-0.1799;-0.0453;56;52;0.0831;0.0223;-0.0246;0.0049;-0.0068;-0.0078;0.1496;11282
548.0;0.5417;0.5513;-0.1882;-0.0549;56;52;0.0049;0.0223;-0.0246;0.0049;-0.0068;-0.0078;0.1496;11282
548.5;0.5403;0.5504;-0.1786;-0.0453;54;56;0.0049;0.0237;-0.0246;0.0049;-0.0068;0.0039;0.1496;11282
549.0;0.5389;0.5495;-0.1277;-0.0632;60;52;-0.0831;0.0252;-0.0246;0.0020;-0.0068;-0.0157;0.1496;11282
549.5;0.5385;0.5481;-0.0646;-0.0453;54;58;0.0831;0.0237;-0.0246;-0.0000;-0.0068;0.0118;0.1496;11282
550.0;0.5375;0.5472;-0.0110;-0.0371;56;54;-0.0831;0.0237;-0.0246;-0.0020;-0.0068;0.0039;0.1496;11282
550.5;0.5380;0.5462;0.0124;-0.0453;58;50;-0.0049;0.0193;-0.0246;-0.0029;-0.0068;-0.0078;0.1496;11333
551.0;0.5375;0.5453;0.0247;-0.0371;54;52;-0.0049;0.0193;-0.0246;-0.0029;-0.0068;0.0039;0.1496;11333
551.5;0.5366;0.5444;0.0151;-0.0371;56;52;-0.0049;0.0193;-0.0246;-0.0029;-0.0068;-0.0039;0.1496;11333
552.0;0.5362;0.5435;0.0041;-0.0275;54;52;-0.0049;0.0164;-0.0231;-0.0020;-0.0068;0.0039;0.1496;11333
552.5;0.5357;0.5426;-0.0261;-0.0371;56;50;-0.0049;0.0164;-0.0231;-0.0010;-0.0068;-0.0078;0.1496;11333
553.0;0.5343;0.5417;-0.0577;-0.0275;54;54;-0.0049;0.0164;-0.0231;0.0010;-0.0068;0.0039;0.1496;11333
553.5;0.5330;0.5408;-0.0810;-0.0371;58;52;-0.0049;0.0179;-0.0231;0.0010;-0.0068;-0.0078;0.1496;11333
554.0;0.5321;0.5398;-0.1058;-0.0275;54;56;-0.0049;0.0179;-0.0231;0.0029;-0.0068;0.0039;0.1496;11333
554.5;0.5307;0.5389;-0.1236;-0.0275;56;54;-0.0049;0.0193;-0.0231;0.0039;-0.0068;-0.0039;0.1496;11282
555.0;0.5284;0.5380;-0.1415;-0.0371;60;54;0.0831;0.0237;-0.0231;0.0039;-0.0068;-0.0078;0.1496;11282
555.5;0.5270;0.5371;-0.1346;-0.0275;56;58;-0.0831;0.0237;-0.0231;0.0039;-0.0068;0.0039;0.1496;11282
556.0;0.5256;0.5362;-0.1195;-0.0275;60;58;-0.0049;0.0267;-0.0231;0.0029;-0.0068;-0.0039;0.1496;11282
556.5;0.5247;0.5353;-0.1099;-0.0371;62;56;-0.0831;0.0267;-0.0231;0.0029;-0.0068;-0.0078;0.1496;11282
557.0;0.5238;0.5348;-0.1181;-0.0275;58;60;0.0831;0.0252;-0.0231;0.0029;-0.0068;0.0039;0.1496;11282
557.5;0.5229;0.5339;-0.1497;-0.0371;60;56;0.0049;0.0267;-0.0231;0.0039;-0.0068;-0.0078;0.1496;11282
558.0;0.5220;0.5330;-0.1744;-0.0275;58;60;-0.0831;0.0267;-0.0231;0.0059;-0.0068;0.0039;0.1496;11282
558.5;0.5206;0.5321;-0.1923;-0.0371;60;58;0.0049;0.0281;-0.0231;0.0059;-0.0068;-0.0078;0.1496;11282
559.0;0.5197;0.5316;-0.1992;-0.0275;56;62;0.0831;0.0281;-0.0231;0.0068;-0.0068;0.0039;0.1496;11282
559.5;0.5179;0.5307;-0.2005;-0.0275;60;60;-0.0831;0.0311;-0.0217;0.0068;-0.0068;-0.0039;0.1496;11231
560.0;0.5169;0.5298;-0.2102;-0.0275;60;60;0.0049;0.0311;-0.0217;0.0068;-0.0068;-0.0039;0.1575;11282
560.5;0.5160;0.5288;-0.2212;-0.0371;62;60;0.0049;0.0325;-0.0217;0.0068;-0.0068;-0.0078;0.1575;11231
561.0;0.5147;0.5284;-0.2184;-0.0275;58;62;0.0049;0.0325;-0.0217;0.0078;-0.0068;0.0039;0.1575;11282
561.5;0.5133;0.5275;-0.2280;-0.0371;62;60;0.0049;0.0355;-0.0217;0.0078;-0.0068;-0.0078;0.1575;11333
562.0;0.5128;0.5266;-0.2349;-0.0275;58;62;-0.0733;0.0340;-0.0217;0.0078;-0.0068;0.0039;0.1575;11282
562.5;0.5124;0.5261;-0.2253;-0.0096;56;64;0.0831;0.0325;-0.0217;0.0088;-0.0068;0.0118;0.1575;11333
563.0;0.5119;0.5252;-0.2390;-0.0275;62;58;0.0049;0.0325;-0.0217;0.0088;-0.0068;-0.0157;0.1575;11282
563.5;0.5110;0.5247;-0.2280;-0.0192;58;62;0.0049;0.0325;-0.0217;0.0088;-0.0068;0.0039;0.1575;11333
564.0;0.5110;0.5238;-0.2033;-0.0192;58;60;0.0831;0.0311;-0.0217;0.0068;-0.0068;-0.0039;0.1575;11282
564.5;0.5105;0.5234;-0.1813;-0.0192;58;60;0.0049;0.0311;-0.0217;0.0059;-0.0068;-0.0039;0.1575;11282
565.0;0.5096;0.5224;-0.1456;-0.0192;60;60;0.0049;0.0311;-0.0202;0.0049;-0.0068;-0.0039;0.1575;11282
565.5;0.5096;0.5220;-0.0934;-0.0192;60;58;-0.0049;0.0311;-0.0202;0.0029;-0.0068;-0.0039;0.1575;11282
566.0;0.5082;0.5211;-0.0385;-0.0192;60;58;0.0733;0.0325;-0.0202;-0.0000;-0.0068;-0.0039;0.1575;11282
566.5;0.5078;0.5206;0.0041;-0.0096;60;60;-0.0831;0.0311;-0.0202;-0.0010;-0.0068;0.0039;0.1575;11282
567.0;0.5069;0.5201;0.0371;-0.0192;62;56;-0.0049;0.0311;-0.0202;-0.0029;-0.0068;-0.0078;0.1575;11282
567.5;0.5060;0.5192;0.0453;-0.0096;60;60;-0.0049;0.0325;-0.0202;-0.0029;-0.0068;0.0039;0.1575;11231
568.0;0.5060;0.5188;0.0508;-0.0096;62;58;-0.0929;0.0311;-0.0202;-0.0029;-0.0068;-0.0039;0.1575;11282
568.5;0.5055;0.5179;0.0316;-0.0096;62;58;-0.0049;0.0311;-0.0202;-0.0020;-0.0068;-0.0039;0.1575;11282
569.0;0.5050;0.5174;0.0192;-0.0192;64;56;-0.0049;0.0311;-0.0202;-0.0020;-0.0068;-0.0078;0.1575;11231
569.5;0.5055;0.5169;0.0027;-0.0192;60;56;-0.0049;0.0281;-0.0202;-0.0010;-0.0068;-0.0039;0.1575;11282
570.0;0.5055;0.5165;-0.0041;-0.0192;60;56;-0.0049;0.0267;-0.0202;-0.0010;-0.0068;-0.0039;0.1575;11231
570.5;0.5050;0.5156;-0.0027;-0.0096;58;58;-0.0049;0.0252;-0.0202;-0.0010;-0.0068;0.0039;0.1575;11231
571.0;0.5046;0.5151;-0.0027;-0.0192;60;54;-0.0049;0.0252;-0.0188;-0.0010;-0.0068;-0.0078;0.1575;11282
571.5;0.5050;0.5147;0.0027;-0.0096;58;56;-0.0831;0.0237;-0.0188;-0.0010;-0.0068;0.0039;0.1575;11231
572.0;0.5055;0.5142;0.0151;-0.0192;60;54;0.0733;0.0208;-0.0188;-0.0020;-0.0068;-0.0078;0.1575;11231
572.5;0.5055;0.5137;0.0082;-0.0096;56;56;-0.0049;0.0193;-0.0188;-0.0010;-0.0068;0.0039;0.1575;11282
573.0;0.5050;0.5128;-0.0014;-0.0096;58;54;-0.0049;0.0193;-0.0188;-0.0010;-0.0068;-0.0039;0.1575;11333
573.5;0.5046;0.5124;-0.0151;-0.0192;58;52;-0.0049;0.0193;-0.0188;-0.0010;-0.0068;-0.0078;0.1654;11333
574.0;0.5046;0.5119;-0.0261;-0.0192;56;54;0.0733;0.0179;-0.0188;-0.0000;-0.0068;-0.0039;0.1654;11333
574.5;0.5041;0.5114;-0.0412;-0.0096;54;56;-0.0049;0.0179;-0.0188;0.0010;-0.0068;0.0039;0.1654;11333
575.0;0.5037;0.5110;-0.0536;-0.0096;56;56;-0.0049;0.0179;-0.0188;0.0010;-0.0068;-0.0039;0.1654;11282
575.5;0.5041;0.5105;-0.0604;-0.0192;58;54;-0.0831;0.0164;-0.0188;0.0010;-0.0068;-0.0078;0.1654;11333
576.0;0.5037;0.5101;-0.0673;-0.0096;54;56;-0.0049;0.0149;-0.0188;0.0020;-0.0068;0.0039;0.1654;11282
576.5;0.5037;0.5096;-0.0714;-0.0096;56;54;-0.0049;0.0149;-0.0188;0.0020;-0.0068;-0.0039;0.1654;11282
577.0;0.5027;0.5092;-0.0742;-0.0096;56;56;-0.0049;0.0149;-0.0188;0.0020;-0.0068;-0.0039;0.1654;11282
577.5;0.5037;0.5087;-0.0852;-0.0275;60;52;-0.0049;0.0120;-0.0188;0.0020;-0.0068;-0.0157;0.1654;11282
578.0;0.5032;0.5082;-0.0755;0.0000;52;58;-0.0049;0.0120;-0.0188;0.0029;-0.0068;0.0196;0.1654;11282
578.5;0.5027;0.5078;-0.0728;-0.0096;58;54;-0.0049;0.0120;-0.0188;0.0020;-0.0068;-0.0078;0.1654;11282
579.0;0.5023;0.5078;-0.0453;-0.0096;58;54;-0.0049;0.0135;-0.0188;0.0010;-0.0068;-0.0039;0.1654;11282
579.5;0.5023;0.5073;-0.0275;-0.0192;58;54;0.0733;0.0120;-0.0188;-0.0000;-0.0068;-0.0078;0.1654;11282
580.0;0.5018;0.5069;0.0082;-0.0192;58;54;-0.0049;0.0120;-0.0188;-0.0020;-0.0068;-0.0039;0.1654;11231
580.5;0.5023;0.5064;0.0426;-0.0192;58;54;-0.0831;0.0091;-0.0188;-0.0029;-0.0068;-0.0039;0.1654;11282
581.0;0.5023;0.5060;0.0659;-0.0192;58;52;-0.0049;0.0091;-0.0188;-0.0039;-0.0068;-0.0039;0.1654;11282
581.5;0.5027;0.5055;0.0948;-0.0192;58;52;0.0733;0.0062;-0.0188;-0.0049;-0.0068;-0.0039;0.1654;11231
582.0;0.5027;0.5055;0.1126;-0.0192;56;52;-0.0049;0.0062;-0.0188;-0.0059;-0.0068;-0.0039;0.1654;11282
582.5;0.5027;0.5050;0.1209;-0.0192;58;52;-0.0049;0.0047;-0.0188;-0.0068;-0.0068;-0.0039;0.1654;11282
583.0;0.5023;0.5046;0.1016;-0.0192;58;52;-0.0049;0.0047;-0.0188;-0.0059;-0.0068;-0.0039;0.1654;11282
583.5;0.5014;0.5046;0.0893;0.0000;54;56;0.0733;0.0076;-0.0188;-0.0039;-0.0068;0.0118;0.1654;11282
584.0;0.5009;0.5041;0.0549;-0.0192;60;52;0.0733;0.0076;-0.0173;-0.0039;-0.0068;-0.0157;0.1654;11333
584.5;0.5005;0.5037;0.0453;-0.0192;58;54;-0.0049;0.0076;-0.0173;-0.0029;-0.0068;-0.0039;0.1654;11333
585.0;0.4995;0.5037;0.0275;-0.0192;58;56;-0.0049;0.0091;-0.0173;-0.0020;-0.0068;-0.0039;0.1654;11333
585.5;0.4982;0.5032;0.0165;-0.0096;58;58;-0.0049;0.0120;-0.0173;-0.0020;-0.0068;0.0039;0.1654;11333
586.0;0.4982;0.5032;-0.0234;-0.0192;60;56;0.0733;0.0120;-0.0173;-0.0000;-0.0068;-0.0078;0.1732;11333
586.5;0.4977;0.5027;-0.0412;0.0000;56;62;-0.0049;0.0120;-0.0173;0.0010;-0.0068;0.0118;0.1732;11282
587.0;0.4977;0.5027;-0.0494;-0.0192;62;54;-0.0049;0.0120;-0.0173;0.0010;-0.0068;-0.0157;0.1732;11282
587.5;0.4973;0.5023;-0.0536;-0.0096;58;60;-0.0831;0.0120;-0.0173;0.0010;-0.0068;0.0039;0.1732;11282
588.0;0.4968;0.5023;-0.0385;-0.0192;60;56;-0.0049;0.0120;-0.0173;-0.0000;-0.0068;-0.0078;0.1732;11282
588.5;0.4954;0.5018;-0.0426;-0.0096;60;60;-0.0049;0.0149;-0.0173;0.0010;-0.0068;0.0039;0.1732;11231
589.0;0.4940;0.5018;-0.0288;-0.0192;64;58;-0.0831;0.0179;-0.0173;-0.0000;-0.0068;-0.0078;0.1732;11282
589.5;0.4927;0.5014;-0.0522;-0.0096;62;62;-0.0049;0.0208;-0.0173;0.0010;-0.0068;0.0039;0.1732;11282
590.0;0.4918;0.5014;-0.0481;-0.0192;65;60;-0.0049;0.0223;-0.0173;0.0010;-0.0068;-0.0078;0.1732;11231
590.5;0.4913;0.5009;-0.0618;-0.0096;64;64;-0.0049;0.0237;-0.0173;0.0020;-0.0068;0.0039;0.1732;11282
591.0;0.4904;0.5009;-0.0604;-0.0192;65;62;-0.0049;0.0252;-0.0173;0.0010;-0.0068;-0.0078;0.1732;11231
591.5;0.4908;0.5009;-0.0604;-0.0096;62;64;0.0831;0.0237;-0.0173;0.0020;-0.0068;0.0039;0.1732;11231
592.0;0.4908;0.5005;-0.0536;-0.0096;64;62;-0.0049;0.0237;-0.0173;0.0010;-0.0068;-0.0039;0.1732;11231
592.5;0.4904;0.5005;-0.0288;0.0000;62;64;0.0733;0.0252;-0.0173;0.0010;-0.0068;0.0039;0.1732;11231
593.0;0.4904;0.5005;-0.0151;-0.0192;67;58;-0.0831;0.0252;-0.0173;-0.0010;-0.0068;-0.0157;0.1732;11179
593.5;0.4895;0.5005;0.0398;-0.0096;64;64;0.0733;0.0267;-0.0173;-0.0029;-0.0068;0.0039;0.1732;11231
594.0;0.4890;0.5000;0.0591;-0.0096;65;62;0.0733;0.0267;-0.0158;-0.0029;-0.0068;-0.0039;0.1732;11231
594.5;0.4895;0.5000;0.0783;-0.0096;65;62;-0.0929;0.0267;-0.0158;-0.0039;-0.0068;-0.0039;0.1732;11231
595.0;0.4895;0.5000;0.0632;-0.0192;67;60;-0.0049;0.0252;-0.0158;-0.0039;-0.0068;-0.0078;0.1732;11231
595.5;0.4904;0.5000;0.0577;-0.0371;67;58;0.0733;0.0237;-0.0158;-0.0049;-0.0068;-0.0157;0.1732;11282
596.0;0.4908;0.5000;0.0371;0.0082;54;67;-0.0049;0.0223;-0.0158;-0.0020;-0.0068;0.0353;0.1732;11282
596.5;0.4913;0.5000;0.0192;0.0000;64;58;-0.0049;0.0208;-0.0158;-0.0010;-0.0068;-0.0078;0.1732;11282
597.0;0.4922;0.5000;-0.0220;0.0000;62;58;-0.0831;0.0179;-0.0158;-0.0000;-0.0068;0.0000;0.1732;11282
597.5;0.4931;0.5000;-0.0618;-0.0096;60;56;0.0831;0.0149;-0.0158;0.0020;-0.0068;-0.0078;0.1811;11282
598.0;0.4940;0.5000;-0.0728;0.0000;56;60;-0.0049;0.0135;-0.0158;0.0029;-0.0068;0.0039;0.1811;11282
598.5;0.4950;0.5000;-0.0975;-0.0192;62;54;-0.0049;0.0120;-0.0158;0.0029;-0.0068;-0.0157;0.1811;11282
599.0;0.4950;0.5000;-0.1030;-0.0096;56;60;-0.0049;0.0105;-0.0158;0.0039;-0.0068;0.0039;0.1811;11282
599.5;0.4963;0.5000;-0.1168;-0.0096;56;56;-0.0049;0.0076;-0.0158;0.0039;-0.0068;-0.0039;0.1811;11282
600.0;0.4977;0.5000;-0.0810;-0.0192;58;54;-0.0049;0.0047;-0.0158;0.0020;-0.0068;-0.0078;0.1811;11231
600.5;0.4991;0.5000;-0.0852;-0.0192;54;54;0.0831;0.0018;-0.0158;0.0020;-0.0068;-0.0039;0.1811;11282
601.0;0.4995;0.5000;-0.0577;0.0000;52;56;-0.0049;-0.0012;-0.0158;0.0020;-0.0068;0.0118;0.1811;11282
601.5;0.5005;0.5000;-0.0398;0.0000;54;54;-0.0049;-0.0012;-0.0158;0.0010;-0.0068;0.0000;0.1811;11282
602.0;0.5009;0.5000;-0.0302;0.0000;54;52;0.0733;-0.0041;-0.0158;0.0010;-0.0068;0.0000;0.1811;11282
602.5;0.5018;0.5000;-0.0275;0.0000;54;52;-0.0049;-0.0056;-0.0158;0.0010;-0.0068;0.0000;0.1811;11282
603.0;0.5018;0.5000;-0.0385;0.0000;54;52;-0.0049;-0.0056;-0.0158;0.0010;-0.0068;0.0000;0.1811;11282
603.5;0.5018;0.5000;-0.0192;-0.0192;58;50;0.0733;-0.0056;-0.0158;-0.0000;-0.0068;-0.0157;0.1811;11282
604.0;0.5018;0.5000;-0.0343;-0.0096;54;56;-0.0049;-0.0056;-0.0158;0.0010;-0.0068;0.0039;0.1811;11282
604.5;0.5023;0.5000;-0.0247;-0.0096;56;52;-0.0831;-0.0070;-0.0158;-0.0000;-0.0068;-0.0039;0.1811;11282
605.0;0.5018;0.5000;-0.0288;0.0000;54;56;0.1613;-0.0056;-0.0158;0.0010;-0.0068;0.0039;0.1811;11282
605.5;0.5023;0.5000;-0.0027;0.0000;56;54;-0.0831;-0.0070;-0.0158;-0.0000;-0.0068;0.0000;0.1811;11282
606.0;0.5014;0.5000;0.0096;0.0082;54;56;0.0733;-0.0056;-0.0158;-0.0010;-0.0068;0.0039;0.1811;11282
606.5;0.5023;0.5000;0.0646;-0.0096;60;50;-0.0049;-0.0070;-0.0158;-0.0039;-0.0068;-0.0157;0.1811;11231
607.0;0.5023;0.5000;0.1360;-0.0096;58;52;-0.0049;-0.0070;-0.0158;-0.0068;-0.0068;-0.0039;0.1811;11333
607.5;0.5018;0.5000;0.1827;0.0000;56;54;-0.0147;-0.0056;-0.0158;-0.0078;-0.0068;0.0039;0.1811;11333
608.0;0.5023;0.5000;0.2404;-0.0096;60;50;0.0635;-0.0070;-0.0158;-0.0108;-0.0068;-0.0078;0.1811;11333
608.5;0.5023;0.5000;0.2692;0.0000;56;54;-0.0147;-0.0070;-0.0158;-0.0117;-0.0068;0.0039;0.1811;11333
609.0;0.5023;0.5000;0.3256;-0.0192;62;48;-0.0147;-0.0070;-0.0158;-0.0147;-0.0068;-0.0157;0.1811;11333
609.5;0.5023;0.5000;0.3146;0.0000;56;54;-0.0147;-0.0070;-0.0158;-0.0137;-0.0068;0.0118;0.1811;11333
610.0;0.5018;0.5000;0.3393;-0.0096;62;50;-0.0147;-0.0056;-0.0158;-0.0147;-0.0068;-0.0078;0.1811;11282
610.5;0.5009;0.5000;0.3049;-0.0192;62;52;0.0635;-0.0041;-0.0158;-0.0137;-0.0068;-0.0078;0.1811;11282
611.0;0.5000;0.5000;0.2665;-0.0096;60;56;-0.0147;-0.0012;-0.0158;-0.0117;-0.0068;0.0039;0.1811;11282
611.5;0.4995;0.5000;0.2239;-0.0096;62;56;-0.0147;0.0003;-0.0158;-0.0108;-0.0068;-0.0039;0.1811;11282
612.0;0.5000;0.5000;0.1978;-0.0192;62;54;0.0733;-0.0012;-0.0158;-0.0098;-0.0068;-0.0078;0.1811;11282
612.5;0.5000;0.5000;0.1882;-0.0096;60;58;-0.0147;-0.0012;-0.0158;-0.0088;-0.0068;0.0039;0.1811;11282
613.0;0.4995;0.5000;0.1593;-0.0192;62;54;-0.0147;-0.0012;-0.0158;-0.0078;-0.0068;-0.0078;0.1811;11282
613.5;0.5005;0.5000;0.1497;-0.0192;60;56;-0.0147;-0.0026;-0.0158;-0.0078;-0.0068;-0.0039;0.1811;11282
614.0;0.5005;0.5000;0.0962;-0.0192;58;56;-0.0049;-0.0026;-0.0158;-0.0049;-0.0068;-0.0039;0.1811;11231
614.5;0.5005;0.5000;0.0783;-0.0192;58;56;-0.0049;-0.0026;-0.0158;-0.0049;-0.0068;-0.0039;0.1811;11282
615.0;0.5014;0.5000;0.0440;-0.0192;58;56;0.0733;-0.0041;-0.0158;-0.0029;-0.0068;-0.0039;0.1811;11282
615.5;0.5018;0.5000;0.0165;-0.0192;56;56;-0.0049;-0.0056;-0.0158;-0.0020;-0.0078;-0.0039;0.1811;11282
616.0;0.5018;0.5000;-0.0247;-0.0192;56;56;-0.0049;-0.0056;-0.0158;-0.0000;-0.0078;-0.0039;0.1811;11282
616.5;0.5018;0.5000;-0.0769;-0.0096;54;58;0.0831;-0.0056;-0.0158;0.0020;-0.0068;0.0039;0.1811;11231
617.0;0.5009;0.5000;-0.1099;-0.0096;56;56;-0.0049;-0.0041;-0.0158;0.0039;-0.0068;-0.0039;0.1811;11282
617.5;0.5005;0.5000;-0.1250;-0.0096;58;58;-0.0049;-0.0026;-0.0158;0.0039;-0.0068;-0.0039;0.1811;11282
618.0;0.4991;0.5000;-0.1264;-0.0192;60;58;0.0831;0.0018;-0.0158;0.0039;-0.0068;-0.0078;0.1811;11333
618.5;0.4982;0.5000;-0.1470;-0.0096;58;62;0.0049;0.0032;-0.0158;0.0049;-0.0068;0.0039;0.1811;11333
619.0;0.4973;0.5000;-0.1319;-0.0096;60;60;0.0831;0.0062;-0.0158;0.0049;-0.0068;-0.0039;0.1811;11333
619.5;0.4968;0.5000;-0.1511;-0.0096;60;62;0.0049;0.0076;-0.0158;0.0059;-0.0068;-0.0039;0.1811;11282
620.0;0.4963;0.5000;-0.1140;-0.0096;62;62;-0.0049;0.0076;-0.0158;0.0039;-0.0068;-0.0039;0.1811;11333
620.5;0.4963;0.5000;-0.1016;-0.0096;62;60;-0.0831;0.0076;-0.0158;0.0029;-0.0068;-0.0039;0.1811;11282
621.0;0.4968;0.5000;-0.0783;-0.0096;62;60;-0.0049;0.0076;-0.0158;0.0020;-0.0068;-0.0039;0.1811;11231
621.5;0.4968;0.5000;-0.1003;-0.0192;62;58;-0.0049;0.0076;-0.0158;0.0029;-0.0068;-0.0078;0.1811;11282
622.0;0.4968;0.5000;-0.1374;-0.0096;58;62;-0.0049;0.0076;-0.0158;0.0049;-0.0068;0.0039;0.1811;11282
622.5;0.4963;0.5000;-0.1168;-0.0192;62;58;-0.0049;0.0076;-0.0158;0.0039;-0.0068;-0.0078;0.1811;11231
623.0;0.4973;0.5000;-0.1401;-0.0096;58;62;0.0831;0.0062;-0.0158;0.0049;-0.0068;0.0039;0.1811;11282
623.5;0.4977;0.5000;-0.1003;-0.0096;58;58;-0.0049;0.0047;-0.0158;0.0029;-0.0068;-0.0039;0.1811;11231
624.0;0.4986;0.5000;-0.1030;-0.0096;58;58;0.0831;0.0032;-0.0158;0.0029;-0.0068;-0.0039;0.1811;11282
624.5;0.4991;0.5000;-0.0453;-0.0096;58;56;-0.0049;0.0018;-0.0158;0.0010;-0.0068;-0.0039;0.1811;11282
625.0;0.4991;0.5000;-0.0288;-0.0096;58;56;-0.0049;0.0003;-0.0158;-0.0000;-0.0068;-0.0039;0.1811;11282
625.5;0.5000;0.5000;0.0192;-0.0096;58;56;0.0733;-0.0012;-0.0158;-0.0020;-0.0068;-0.0039;0.1811;11231
626.0;0.5005;0.5000;0.0687;-0.0192;60;52;-0.0049;-0.0026;-0.0158;-0.0039;-0.0068;-0.0078;0.1811;11282
626.5;0.5005;0.5000;0.1016;-0.0192;58;54;-0.0049;-0.0026;-0.0158;-0.0059;-0.0068;-0.0039;0.1811;11231
627.0;0.5005;0.5000;0.1250;-0.0096;56;56;-0.0049;-0.0026;-0.0158;-0.0059;-0.0068;0.0039;0.1811;11231
627.5;0.5018;0.5000;0.1223;-0.0096;58;52;-0.0049;-0.0070;-0.0158;-0.0059;-0.0068;-0.0039;0.1811;11282
628.0;0.5023;0.5000;0.1250;-0.0096;56;52;0.0733;-0.0070;-0.0158;-0.0059;-0.0068;-0.0039;0.1811;11282
628.5;0.5023;0.5000;0.1044;-0.0096;56;52;-0.0049;-0.0070;-0.0158;-0.0049;-0.0068;-0.0039;0.1811;11282
629.0;0.5027;0.5000;0.0879;-0.0096;56;54;0.0733;-0.0085;-0.0158;-0.0049;-0.0068;-0.0039;0.1811;11282
629.5;0.5027;0.5000;0.0632;-0.0096;56;54;-0.0049;-0.0085;-0.0158;-0.0039;-0.0068;-0.0039;0.1811;11333
630.0;0.5027;0.5000;0.0481;-0.0192;56;52;-0.0049;-0.0085;-0.0158;-0.0029;-0.0068;-0.0078;0.1811;11333
630.5;0.5027;0.5000;0.0426;-0.0275;58;52;-0.0049;-0.0085;-0.0158;-0.0039;-0.0068;-0.0078;0.1811;11333
631.0;0.5027;0.5000;0.0495;-0.0192;54;54;-0.0049;-0.0085;-0.0158;-0.0029;-0.0068;0.0039;0.1811;11333
631.5;0.5023;0.5000;0.0632;-0.0192;56;54;-0.0049;-0.0070;-0.0158;-0.0039;-0.0068;-0.0039;0.1811;11333
632.0;0.5023;0.5000;0.0742;-0.0192;58;54;-0.0049;-0.0070;-0.0158;-0.0049;-0.0068;-0.0039;0.1811;11282
632.5;0.5018;0.5000;0.0920;-0.0192;58;54;0.0733;-0.0056;-0.0158;-0.0049;-0.0068;-0.0039;0.1811;11282
633.0;0.5014;0.5000;0.0934;-0.0192;58;54;-0.0049;-0.0056;-0.0158;-0.0049;-0.0068;-0.0039;0.1811;11333
633.5;0.5009;0.5000;0.0962;-0.0192;58;56;-0.0049;-0.0041;-0.0158;-0.0049;-0.0068;-0.0039;0.1811;11282
634.0;0.5009;0.5000;0.0838;-0.0192;58;56;-0.0049;-0.0026;-0.0158;-0.0049;-0.0078;-0.0039;0.1811;11282
634.5;0.5005;0.5000;0.0591;-0.0096;58;58;0.0733;-0.0026;-0.0158;-0.0029;-0.0078;0.0039;0.1811;11282
635.0;0.5000;0.5000;0.0385;-0.0275;62;54;-0.0049;-0.0012;-0.0158;-0.0029;-0.0078;-0.0157;0.1811;11231
635.5;0.4995;0.5000;0.0536;-0.0192;58;58;-0.0049;-0.0012;-0.0158;-0.0039;-0.0078;0.0039;0.1811;11282
636.0;0.4995;0.5000;0.0659;0.0000;56;60;-0.0049;0.0003;-0.0158;-0.0029;-0.0078;0.0118;0.1811;11282
636.5;0.4991;0.5000;0.0934;0.0000;60;56;-0.0049;0.0003;-0.0158;-0.0049;-0.0078;0.0000;0.1811;11231
637.0;0.4991;0.5000;0.0824;0.0000;60;58;-0.0049;0.0018;-0.0158;-0.0039;-0.0078;0.0000;0.1811;11231
637.5;0.4986;0.5000;0.0714;0.0000;62;58;-0.0049;0.0018;-0.0158;-0.0039;-0.0078;0.0000;0.1811;11231
638.0;0.4986;0.5000;0.0687;0.0000;62;56;-0.0049;0.0018;-0.0158;-0.0029;-0.0078;0.0000;0.1811;11231
638.5;0.4991;0.5000;0.0687;0.0000;60;56;-0.0049;0.0018;-0.0158;-0.0029;-0.0078;0.0000;0.1811;11282
639.0;0.4991;0.5000;0.0742;0.0000;60;56;-0.0049;0.0003;-0.0158;-0.0039;-0.0078;0.0000;0.1811;11231
639.5;0.4991;0.5000;0.0948;0.0000;60;56;-0.0049;0.0018;-0.0158;-0.0049;-0.0078;0.0000;0.1811;11231
640.0;0.4991;0.5000;0.1058;0.0000;60;56;-0.0049;0.0018;-0.0158;-0.0049;-0.0078;0.0000;0.1811;11282
640.5;0.4986;0.5000;0.1058;0.0000;62;56;-0.0929;0.0018;-0.0158;-0.0049;-0.0078;0.0000;0.1811;11333
641.0;0.4977;0.5000;0.1016;0.0000;62;58;0.0733;0.0047;-0.0158;-0.0049;-0.0078;0.0000;0.1811;11282
641.5;0.4968;0.5000;0.1058;0.0000;62;58;-0.0929;0.0062;-0.0158;-0.0049;-0.0078;0.0000;0.1811;11333
642.0;0.4963;0.5000;0.1044;0.0000;62;58;-0.0049;0.0076;-0.0158;-0.0049;-0.0078;0.0000;0.1811;11282
642.5;0.4963;0.5000;0.1099;0.0000;62;58;0.0733;0.0076;-0.0158;-0.0049;-0.0078;0.0000;0.1811;11333
643.0;0.4963;0.5000;0.1099;0.0000;62;58;-0.0049;0.0076;-0.0158;-0.0049;-0.0078;0.0000;0.1811;11282
643.5;0.4968;0.5000;0.1154;0.0000;62;58;-0.0049;0.0076;-0.0158;-0.0049;-0.0078;0.0000;0.1811;11231
644.0;0.4963;0.5000;0.1071;0.0000;62;58;-0.0049;0.0076;-0.0158;-0.0049;-0.0078;0.0000;0.1811;11282
644.5;0.4963;0.5000;0.0920;0.0000;62;58;-0.0049;0.0076;-0.0158;-0.0039;-0.0078;0.0000;0.1811;11282
645.0;0.4968;0.5000;0.1030;0.0000;62;56;-0.0929;0.0062;-0.0158;-0.0049;-0.0078;0.0000;0.1811;11282
645.5;0.4973;0.5000;0.1044;0.0000;62;56;-0.0049;0.0062;-0.0158;-0.0049;-0.0078;0.0000;0.1811;11282
646.0;0.4973;0.5000;0.1154;0.0000;62;56;-0.0049;0.0047;-0.0158;-0.0059;-0.0078;0.0000;0.1811;11231
646.5;0.4968;0.5000;0.1305;0.0000;62;56;-0.0049;0.0076;-0.0158;-0.0059;-0.0078;0.0000;0.1811;11231
647.0;0.4968;0.5000;0.1264;0.0000;62;56;-0.0929;0.0062;-0.0158;-0.0059;-0.0078;0.0000;0.1811;11282
647.5;0.4968;0.5000;0.1291;0.0000;62;56;-0.0049;0.0062;-0.0158;-0.0059;-0.0078;0.0000;0.1811;11231
648.0;0.4968;0.5000;0.1374;0.0000;62;56;-0.0049;0.0062;-0.0158;-0.0059;-0.0078;0.0000;0.1811;11231
648.5;0.4968;0.5000;0.1305;0.0000;62;56;-0.0049;0.0076;-0.0158;-0.0059;-0.0078;0.0000;0.1811;11231
649.0;0.4963;0.5000;0.1181;0.0000;62;56;-0.0049;0.0076;-0.0158;-0.0059;-0.0078;0.0000;0.1811;11231
649.5;0.4963;0.5000;0.0962;0.0000;62;56;-0.0049;0.0076;-0.0158;-0.0049;-0.0078;0.0000;0.1811;11231
650.0;0.4959;0.5000;0.0865;0.0000;62;58;-0.0049;0.0091;-0.0158;-0.0039;-0.0078;0.0000;0.1811;11231
650.5;0.4959;0.5000;0.0673;0.0000;62;58;-0.0049;0.0091;-0.0158;-0.0029;-0.0078;0.0000;0.1811;11231
651.0;0.4963;0.5000;0.0646;0.0000;62;56;-0.0929;0.0076;-0.0158;-0.0029;-0.0078;0.0000;0.1811;11231
651.5;0.4973;0.5000;0.0659;0.0000;62;56;0.0733;0.0047;-0.0158;-0.0029;-0.0078;0.0000;0.1811;11231
652.0;0.4977;0.5000;0.0632;0.0000;60;56;-0.0049;0.0047;-0.0158;-0.0029;-0.0078;0.0000;0.1811;11231
652.5;0.4991;0.5000;0.0714;0.0000;60;54;-0.0929;0.0018;-0.0158;-0.0039;-0.0078;0.0000;0.1811;11333
653.0;0.4995;0.5000;0.0810;0.0000;58;52;-0.0049;0.0003;-0.0158;-0.0039;-0.0078;0.0000;0.1811;11333
653.5;0.5000;0.5000;0.0920;0.0000;58;52;-0.0049;-0.0012;-0.0158;-0.0039;-0.0078;0.0000;0.1811;11333
654.0;0.5009;0.5000;0.0948;0.0000;58;52;-0.0929;-0.0026;-0.0158;-0.0049;-0.0078;0.0000;0.1811;11333
654.5;0.5014;0.5000;0.1099;0.0000;58;52;-0.0049;-0.0041;-0.0158;-0.0049;-0.0078;0.0000;0.1811;11282
655.0;0.5014;0.5000;0.1071;0.0000;58;52;-0.0049;-0.0056;-0.0158;-0.0049;-0.0078;0.0000;0.1811;11282
655.5;0.5014;0.5000;0.1099;0.0000;58;52;-0.0049;-0.0056;-0.0158;-0.0049;-0.0078;0.0000;0.1811;11282
656.0;0.5023;0.5000;0.1305;0.0000;58;50;-0.0929;-0.0070;-0.0158;-0.0059;-0.0078;0.0000;0.1811;11282
656.5;0.5018;0.5000;0.1497;0.0000;60;50;-0.0929;-0.0056;-0.0158;-0.0068;-0.0078;0.0000;0.1811;11333
657.0;0.5018;0.5000;0.1621;0.0000;60;50;-0.0929;-0.0070;-0.0158;-0.0078;-0.0078;0.0000;0.1811;11282
657.5;0.5018;0.5000;0.1401;0.0000;60;50;0.0733;-0.0070;-0.0158;-0.0068;-0.0088;0.0000;0.1811;11282
658.0;0.5014;0.5000;0.1236;0.0000;60;52;-0.0929;-0.0041;-0.0158;-0.0059;-0.0088;0.0000;0.1811;11282
658.5;0.5014;0.5000;0.0989;0.0000;60;52;-0.0929;-0.0041;-0.0158;-0.0049;-0.0088;0.0000;0.1811;11282
659.0;0.5014;0.5000;0.0659;0.0000;60;52;-0.0049;-0.0041;-0.0158;-0.0029;-0.0088;0.0000;0.1811;11282
659.5;0.5014;0.5000;0.0261;0.0000;60;54;-0.0049;-0.0041;-0.0158;-0.0020;-0.0088;0.0000;0.1811;11282
660.0;0.5000;0.5000;-0.0412;0.0000;60;54;-0.0831;-0.0012;-0.0158;0.0010;-0.0088;0.0000;0.1811;11282
660.5;0.4995;0.5000;-0.0783;0.0000;60;56;-0.0049;0.0003;-0.0158;0.0029;-0.0088;0.0000;0.1811;11282
661.0;0.4986;0.5000;-0.1346;0.0000;60;58;-0.0049;0.0018;-0.0158;0.0049;-0.0088;0.0000;0.1811;11282
661.5;0.4982;0.5000;-0.1580;0.0000;60;58;0.0049;0.0032;-0.0158;0.0059;-0.0078;0.0000;0.1811;11231
662.0;0.4977;0.5000;-0.1690;0.0000;62;60;0.0049;0.0047;-0.0158;0.0068;-0.0078;0.0000;0.1811;11231
662.5;0.4982;0.5000;-0.1648;0.0000;60;58;-0.0831;0.0032;-0.0158;0.0068;-0.0078;0.0000;0.1811;11231
663.0;0.4982;0.5000;-0.1484;0.0000;60;58;0.0049;0.0032;-0.0158;0.0059;-0.0078;0.0000;0.1811;11231
663.5;0.4982;0.5000;-0.1346;0.0000;60;58;-0.0049;0.0032;-0.0158;0.0049;-0.0078;0.0000;0.1811;11282
664.0;0.4982;0.5000;-0.1277;0.0000;60;58;-0.0049;0.0032;-0.0158;0.0049;-0.0078;0.0000;0.1811;11333
664.5;0.4982;0.5000;-0.1223;0.0000;60;58;-0.0049;0.0032;-0.0158;0.0049;-0.0078;0.0000;0.1811;11282
665.0;0.4977;0.5000;-0.0879;0.0000;60;58;-0.0049;0.0032;-0.0158;0.0029;-0.0078;0.0000;0.1811;11333
665.5;0.4977;0.5000;-0.0701;0.0000;60;58;-0.0049;0.0047;-0.0158;0.0020;-0.0078;0.0000;0.1811;11282
666.0;0.4973;0.5000;-0.0398;0.0000;62;58;-0.0049;0.0047;-0.0158;0.0010;-0.0078;0.0000;0.1811;11282
666.5;0.4973;0.5000;-0.0179;0.0000;62;58;-0.0049;0.0062;-0.0158;-0.0000;-0.0078;0.0000;0.1811;11282
667.0;0.4973;0.5000;-0.0206;0.0000;62;58;-0.0049;0.0062;-0.0158;-0.0000;-0.0078;0.0000;0.1811;11282
667.5;0.4973;0.5000;0.0000;0.0000;62;56;-0.0831;0.0047;-0.0158;-0.0010;-0.0078;0.0000;0.1811;11282
668.0;0.4977;0.5000;0.0041;0.0000;62;56;-0.0049;0.0047;-0.0158;-0.0010;-0.0078;0.0000;0.1811;11282
668.5;0.4977;0.5000;-0.0055;0.0000;62;56;-0.0049;0.0047;-0.0158;-0.0000;-0.0078;0.0000;0.1811;11231
669.0;0.4977;0.5000;-0.0330;0.0000;60;56;-0.0049;0.0047;-0.0158;0.0010;-0.0078;0.0000;0.1811;11231
669.5;0.4982;0.5000;-0.0494;0.0000;60;56;-0.0831;0.0032;-0.0158;0.0020;-0.0078;0.0000;0.1811;11282
670.0;0.4977;0.5000;-0.0618;0.0000;60;56;-0.0831;0.0032;-0.0158;0.0020;-0.0078;0.0000;0.1811;11231
670.5;0.4977;0.5000;-0.0549;0.0000;60;56;-0.0049;0.0047;-0.0158;0.0020;-0.0078;0.0000;0.1811;11231
671.0;0.4982;0.5000;-0.0714;0.0000;60;56;0.0831;0.0032;-0.0158;0.0029;-0.0078;0.0000;0.1811;11282
671.5;0.4982;0.5000;-0.0769;0.0000;60;56;-0.0831;0.0032;-0.0158;0.0029;-0.0078;0.0000;0.1811;11231
672.0;0.4982;0.4982;-0.1030;0.0000;46;44;-0.0049;0.0003;-0.0158;0.0039;-0.0078;0.0000;0.1260;11282
672.5;0.4977;0.4968;-0.1140;0.0000;44;42;-0.0049;-0.0026;-0.0158;0.0039;-0.0078;0.0000;0.1260;11282
673.0;0.4968;0.4954;-0.1195;0.0000;44;40;-0.0049;-0.0041;-0.0158;0.0049;-0.0078;0.0000;0.1260;11282
673.5;0.4954;0.4936;-0.1071;0.0000;42;40;-0.0049;-0.0056;-0.0158;0.0039;-0.0078;0.0000;0.1260;11282
674.0;0.4950;0.4922;-0.0797;0.0000;42;38;-0.0831;-0.0085;-0.0158;0.0029;-0.0078;0.0000;0.1260;11282
674.5;0.4940;0.4908;-0.0508;0.0000;42;38;-0.0049;-0.0100;-0.0158;0.0020;-0.0078;0.0000;0.1260;11282
675.0;0.4927;0.4895;-0.0398;0.0000;44;38;-0.0831;-0.0085;-0.0158;0.0010;-0.0078;0.0000;0.1260;11385
675.5;0.4908;0.4876;-0.0591;0.0000;44;38;-0.0049;-0.0085;-0.0158;0.0020;-0.0078;0.0000;0.1260;11385
676.0;0.4890;0.4863;-0.0893;0.0000;44;40;-0.0049;-0.0085;-0.0158;0.0029;-0.0078;0.0000;0.1260;11385
676.5;0.4881;0.4849;-0.0989;0.0000;42;38;-0.0831;-0.0100;-0.0158;0.0039;-0.0078;0.0000;0.1260;11385
677.0;0.4872;0.4831;-0.1003;0.0000;42;38;-0.0049;-0.0100;-0.0158;0.0039;-0.0078;0.0000;0.1260;11333
677.5;0.4863;0.4817;-0.1016;0.0000;40;38;-0.0049;-0.0114;-0.0158;0.0039;-0.0078;0.0000;0.1260;11333
678.0;0.4849;0.4803;-0.0934;0.0000;40;38;-0.0049;-0.0129;-0.0158;0.0029;-0.0078;0.0000;0.1260;11333
678.5;0.4821;0.4789;-0.0494;0.0000;44;38;-0.0049;-0.0100;-0.0158;0.0020;-0.0078;0.0000;0.1260;11333
679.0;0.4799;0.4771;-0.0220;0.0000;44;40;-0.0049;-0.0070;-0.0158;-0.0000;-0.0078;0.0000;0.1260;11333
679.5;0.4776;0.4757;0.0082;0.0000;46;40;0.0733;-0.0056;-0.0158;-0.0010;-0.0078;0.0000;0.1181;11333
680.0;0.4748;0.4744;0.0179;0.0000;48;42;-0.0831;-0.0012;-0.0158;-0.0010;-0.0078;0.0000;0.1181;11333
680.5;0.4725;0.4730;-0.0082;0.0000;48;44;-0.0049;0.0003;-0.0158;-0.0000;-0.0078;0.0000;0.1181;11333
681.0;0.4698;0.4712;-0.0110;0.0000;48;46;0.0733;0.0032;-0.0158;-0.0000;-0.0078;0.0000;0.1181;11333
681.5;0.4670;0.4698;-0.0124;0.0000;50;46;-0.0831;0.0062;-0.0158;-0.0000;-0.0078;0.0000;0.1181;11282
682.0;0.4647;0.4684;-0.0096;0.0000;50;46;-0.0049;0.0076;-0.0158;-0.0000;-0.0078;0.0000;0.1181;11333
682.5;0.4625;0.4666;-0.0179;0.0000;50;46;-0.0831;0.0105;-0.0158;-0.0000;-0.0078;0.0000;0.1181;11282
683.0;0.4606;0.4652;-0.0302;0.0000;50;46;-0.0049;0.0105;-0.0158;0.0010;-0.0078;0.0000;0.1181;11282
683.5;0.4579;0.4638;-0.0453;0.0000;52;48;-0.0049;0.0149;-0.0158;0.0010;-0.0078;0.0000;0.1181;11282
684.0;0.4547;0.4625;-0.0453;0.0000;52;48;-0.0049;0.0179;-0.0158;0.0010;-0.0078;0.0000;0.1181;11282
684.5;0.4519;0.4606;-0.0591;0.0000;54;50;-0.0831;0.0208;-0.0158;0.0020;-0.0078;0.0000;0.1181;11282
685.0;0.4492;0.4592;-0.0398;0.0000;54;50;0.0733;0.0237;-0.0158;0.0010;-0.0078;0.0000;0.1181;11282
685.5;0.4460;0.4579;-0.0371;0.0000;56;52;-0.0049;0.0296;-0.0144;0.0010;-0.0078;0.0000;0.1181;11282
686.0;0.4432;0.4560;-0.0426;0.0000;56;54;-0.0049;0.0311;-0.0144;0.0010;-0.0078;0.0000;0.1181;11333
686.5;0.4405;0.4547;-0.0673;0.0000;56;54;-0.0049;0.0355;-0.0144;0.0020;-0.0078;0.0000;0.1181;11333
687.0;0.4382;0.4533;-0.0810;0.0000;56;54;-0.0049;0.0369;-0.0144;0.0029;-0.0078;0.0000;0.1181;11333
687.5;0.4368;0.4519;-0.0907;0.0000;56;54;-0.0049;0.0369;-0.0144;0.0029;-0.0078;0.0000;0.1181;11385
688.0;0.4341;0.4501;-0.1071;0.0000;56;54;-0.0049;0.0398;-0.0144;0.0039;-0.0078;0.0000;0.1181;11333
688.5;0.4318;0.4487;-0.1264;0.0000;56;56;0.0831;0.0413;-0.0144;0.0049;-0.0078;0.0000;0.1181;11282
689.0;0.4295;0.4473;-0.1525;0.0000;56;56;-0.0831;0.0442;-0.0144;0.0059;-0.0078;0.0000;0.1181;11282
689.5;0.4272;0.4460;-0.1717;0.0000;56;56;0.0831;0.0457;-0.0144;0.0068;-0.0078;0.0000;0.1181;11333
690.0;0.4258;0.4441;-0.1841;0.0000;56;56;0.0049;0.0457;-0.0129;0.0068;-0.0078;0.0000;0.1181;11282
690.5;0.4235;0.4428;-0.1868;0.0000;56;56;0.0049;0.0472;-0.0129;0.0078;-0.0078;0.0000;0.1181;11282
691.0;0.4222;0.4414;-0.1744;0.0000;56;56;0.0049;0.0472;-0.0129;0.0068;-0.0078;0.0000;0.1181;11282
691.5;0.4212;0.4396;-0.1566;0.0000;54;54;0.0049;0.0457;-0.0129;0.0059;-0.0078;0.0000;0.1181;11282
692.0;0.4194;0.4382;-0.1305;0.0000;54;54;-0.0049;0.0472;-0.0129;0.0049;-0.0078;0.0000;0.1181;11282
692.5;0.4176;0.4368;-0.1003;0.0000;54;54;0.0831;0.0472;-0.0129;0.0039;-0.0068;0.0000;0.1181;11282
693.0;0.4158;0.4354;-0.0508;0.0000;56;52;-0.0049;0.0486;-0.0129;0.0020;-0.0068;0.0000;0.1181;11282
693.5;0.4130;0.4336;-0.0027;0.0000;56;54;-0.0049;0.0501;-0.0129;-0.0000;-0.0068;0.0000;0.1181;11282
694.0;0.4107;0.4322;0.0137;0.0000;58;54;0.0733;0.0530;-0.0114;-0.0010;-0.0068;0.0000;0.1181;11231
694.5;0.4089;0.4309;0.0234;0.0000;58;54;-0.0831;0.0545;-0.0114;-0.0020;-0.0068;0.0000;0.1181;11282
695.0;0.4071;0.4295;0.0247;0.0000;58;54;0.0733;0.0545;-0.0114;-0.0020;-0.0068;0.0000;0.1181;11282
695.5;0.4061;0.4277;0.0096;0.0000;56;54;-0.0049;0.0530;-0.0114;-0.0010;-0.0068;0.0000;0.1181;11231
696.0;0.4048;0.4263;0.0151;0.0000;56;52;-0.0831;0.0530;-0.0114;-0.0010;-0.0068;0.0000;0.1181;11282
696.5;0.4043;0.4249;-0.0055;0.0000;54;52;-0.0049;0.0501;-0.0114;-0.0000;-0.0068;0.0000;0.1181;11282
697.0;0.4038;0.4231;-0.0137;0.0000;54;50;0.0733;0.0486;-0.0100;-0.0000;-0.0068;0.0000;0.1181;11333
697.5;0.4029;0.4217;0.0014;0.0000;52;50;-0.0831;0.0472;-0.0100;-0.0010;-0.0068;0.0000;0.1181;11385
698.0;0.4025;0.4203;0.0027;0.0000;52;48;-0.0049;0.0442;-0.0100;-0.0010;-0.0068;0.0000;0.1181;11333
698.5;0.4020;0.4190;0.0206;0.0000;50;46;0.0733;0.0413;-0.0100;-0.0010;-0.0068;0.0000;0.1181;11385
699.0;0.4011;0.4171;0.0165;0.0000;50;46;-0.0831;0.0398;-0.0100;-0.0010;-0.0078;0.0000;0.1181;11385
699.5;0.4002;0.4158;0.0316;0.0000;48;46;0.0733;0.0384;-0.0100;-0.0020;-0.0078;0.0000;0.1181;11333
700.0;0.3984;0.4144;0.0275;0.0000;50;46;-0.0049;0.0398;-0.0100;-0.0020;-0.0078;0.0000;0.1181;11333
700.5;0.3974;0.4125;0.0179;0.0000;48;46;-0.0049;0.0384;-0.0100;-0.0010;-0.0078;0.0000;0.1181;11333
701.0;0.3965;0.4112;0.0137;0.0000;48;46;0.0733;0.0369;-0.0100;-0.0010;-0.0078;0.0000;0.1181;11333
701.5;0.3956;0.4098;0.0027;0.0000;48;46;-0.0831;0.0355;-0.0085;-0.0010;-0.0078;0.0000;0.1181;11333
702.0;0.3942;0.4084;-0.0192;0.0000;48;44;-0.0049;0.0340;-0.0085;-0.0000;-0.0078;0.0000;0.1181;11333
702.5;0.3929;0.4066;-0.0220;0.0000;48;46;-0.0049;0.0340;-0.0085;-0.0000;-0.0078;0.0000;0.1181;11333
703.0;0.3906;0.4052;-0.0591;0.0000;48;46;-0.0049;0.0369;-0.0085;0.0020;-0.0078;0.0000;0.1181;11333
703.5;0.3887;0.4038;-0.0755;0.0000;48;48;0.0831;0.0369;-0.0085;0.0029;-0.0068;0.0000;0.1181;11333
704.0;0.3864;0.4025;-0.1195;0.0000;50;50;-0.0831;0.0398;-0.0085;0.0049;-0.0068;0.0000;0.1181;11282
704.5;0.3846;0.4006;-0.1154;0.0000;50;50;0.0831;0.0398;-0.0085;0.0039;-0.0068;0.0000;0.1102;11282
705.0;0.3828;0.3993;-0.1264;0.0000;48;50;0.0831;0.0398;-0.0085;0.0049;-0.0068;0.0000;0.1102;11282
705.5;0.3819;0.3979;-0.1016;0.0000;50;50;-0.0831;0.0398;-0.0085;0.0039;-0.0068;0.0000;0.1102;11282
706.0;0.3805;0.3961;-0.0618;0.0000;50;48;-0.0831;0.0384;-0.0085;0.0020;-0.0068;0.0000;0.1102;11333
706.5;0.3796;0.3947;-0.0357;0.0000;48;48;0.0733;0.0369;-0.0070;0.0010;-0.0068;0.0000;0.1102;11282
707.0;0.3791;0.3933;-0.0069;0.0000;48;46;-0.0831;0.0355;-0.0070;-0.0000;-0.0068;0.0000;0.1102;11282
707.5;0.3782;0.3919;0.0082;0.0000;48;44;0.0733;0.0340;-0.0070;-0.0010;-0.0068;0.0000;0.1102;11282
708.0;0.3768;0.3901;0.0096;0.0000;48;44;-0.0049;0.0325;-0.0070;-0.0010;-0.0068;0.0000;0.1102;11282
708.5;0.3755;0.3887;-0.0014;0.0000;46;46;-0.0049;0.0325;-0.0070;-0.0000;-0.0068;0.0000;0.1102;11385
709.0;0.3736;0.3874;-0.0027;0.0000;46;44;-0.0049;0.0325;-0.0070;-0.0000;-0.0068;0.0000;0.1102;11385
709.5;0.3718;0.3860;0.0069;0.0000;48;46;-0.0049;0.0340;-0.0070;-0.0010;-0.0068;0.0000;0.1102;11385
710.0;0.3709;0.3842;0.0398;0.0000;48;44;-0.0049;0.0325;-0.0070;-0.0020;-0.0068;0.0000;0.1102;11385
710.5;0.3695;0.3828;0.0838;0.0000;48;44;-0.0049;0.0325;-0.0070;-0.0039;-0.0068;0.0000;0.1102;11385
711.0;0.3681;0.3814;0.1030;0.0000;48;44;-0.0049;0.0325;-0.0070;-0.0049;-0.0068;0.0000;0.1102;11333
711.5;0.3672;0.3796;0.1181;0.0000;48;42;-0.0049;0.0311;-0.0070;-0.0059;-0.0068;0.0000;0.1102;11385
712.0;0.3663;0.3782;0.1305;0.0000;48;42;-0.0049;0.0296;-0.0056;-0.0059;-0.0068;0.0000;0.1102;11385
712.5;0.3645;0.3768;0.1291;0.0000;48;42;-0.0049;0.0296;-0.0056;-0.0059;-0.0078;0.0000;0.1102;11385
713.0;0.3631;0.3755;0.1277;0.0000;48;40;-0.0929;0.0296;-0.0056;-0.0059;-0.0078;0.0000;0.1102;11385
713.5;0.3626;0.3736;0.1099;0.0000;46;40;0.0733;0.0281;-0.0056;-0.0049;-0.0078;0.0000;0.1102;11333
714.0;0.3613;0.3723;0.0701;0.0000;46;42;-0.0049;0.0267;-0.0056;-0.0039;-0.0078;0.0000;0.1102;11333
714.5;0.3594;0.3709;0.0440;0.0000;46;42;-0.0049;0.0281;-0.0056;-0.0020;-0.0078;0.0000;0.1102;11333
715.0;0.3581;0.3690;0.0192;0.0000;46;42;-0.0831;0.0267;-0.0056;-0.0010;-0.0078;0.0000;0.1102;11333
715.5;0.3567;0.3677;-0.0027;0.0000;46;42;-0.0049;0.0267;-0.0056;-0.0000;-0.0078;0.0000;0.1102;11333
716.0;0.3549;0.3663;-0.0261;0.0000;46;44;-0.0049;0.0281;-0.0056;0.0010;-0.0078;0.0000;0.1102;11333
716.5;0.3539;0.3649;-0.0632;0.0000;46;44;-0.0831;0.0267;-0.0056;0.0020;-0.0078;0.0000;0.1102;11333
717.0;0.3521;0.3631;-0.0962;0.0000;46;44;-0.0049;0.0267;-0.0056;0.0039;-0.0078;0.0000;0.1102;11333
717.5;0.3503;0.3617;-0.1291;0.0000;44;44;-0.0049;0.0281;-0.0056;0.0049;-0.0078;0.0000;0.1102;11333
718.0;0.3489;0.3603;-0.1456;0.0000;46;44;0.0049;0.0281;-0.0056;0.0059;-0.0068;0.0000;0.1102;11333
718.5;0.3466;0.3590;-0.1277;0.0000;46;44;-0.0049;0.0296;-0.0041;0.0049;-0.0068;0.0000;0.1102;11333
719.0;0.3448;0.3571;-0.1003;0.0000;46;44;-0.0049;0.0296;-0.0041;0.0039;-0.0068;0.0000;0.1102;11333
719.5;0.3434;0.3558;-0.0975;0.0000;46;44;-0.0831;0.0296;-0.0041;0.0039;-0.0068;0.0000;0.1102;11282
720.0;0.3420;0.3544;-0.0934;0.0000;46;44;-0.0049;0.0296;-0.0041;0.0039;-0.0068;0.0000;0.1102;11385
720.5;0.3407;0.3526;-0.1126;0.0000;46;44;-0.0049;0.0296;-0.0041;0.0039;-0.0068;0.0000;0.1102;11385
721.0;0.3388;0.3512;-0.1346;0.0000;46;44;-0.0049;0.0296;-0.0041;0.0049;-0.0068;0.0000;0.1102;11385
721.5;0.3375;0.3498;-0.1580;0.0000;46;44;0.0049;0.0311;-0.0041;0.0059;-0.0068;0.0000;0.1102;11436
722.0;0.3356;0.3484;-0.1387;0.0000;46;44;0.0049;0.0311;-0.0041;0.0049;-0.0068;0.0000;0.1102;11385
722.5;0.3338;0.3466;-0.1291;0.0000;46;44;-0.0049;0.0311;-0.0041;0.0049;-0.0068;0.0000;0.1102;11385
723.0;0.3324;0.3452;-0.1113;0.0000;46;44;-0.0049;0.0311;-0.0041;0.0039;-0.0068;0.0000;0.1102;11385
723.5;0.3315;0.3439;-0.1071;0.0000;46;44;-0.0831;0.0296;-0.0041;0.0039;-0.0068;0.0000;0.1102;11385
724.0;0.3301;0.3425;-0.1209;0.0000;44;44;-0.0049;0.0296;-0.0041;0.0049;-0.0068;0.0000;0.1102;11385
724.5;0.3283;0.3407;-0.1264;0.0000;44;44;-0.0049;0.0311;-0.0026;0.0049;-0.0068;0.0000;0.1102;11333
725.0;0.3265;0.3393;-0.1168;0.0000;46;44;-0.0049;0.0311;-0.0026;0.0049;-0.0068;0.0000;0.1102;11333
725.5;0.3246;0.3379;-0.1154;0.0000;46;44;-0.0049;0.0325;-0.0026;0.0039;-0.0068;0.0000;0.1102;11333
726.0;0.3233;0.3361;-0.0879;0.0000;46;44;-0.0049;0.0325;-0.0026;0.0029;-0.0068;0.0000;0.1102;11333
726.5;0.3214;0.3347;-0.0824;0.0000;46;44;-0.0049;0.0325;-0.0026;0.0029;-0.0068;0.0000;0.1102;11333
727.0;0.3201;0.3333;-0.0865;0.0000;46;44;-0.0049;0.0325;-0.0026;0.0029;-0.0068;0.0000;0.1102;11333
727.5;0.3187;0.3320;-0.1168;0.0000;44;44;-0.0049;0.0311;-0.0026;0.0039;-0.0068;0.0000;0.1102;11333
728.0;0.3178;0.3301;-0.1209;0.0000;44;44;-0.0049;0.0311;-0.0026;0.0049;-0.0068;0.0000;0.1102;11333
728.5;0.3164;0.3288;-0.1016;0.0000;44;44;-0.0049;0.0311;-0.0026;0.0039;-0.0068;0.0000;0.1102;11333
729.0;0.3141;0.3274;-0.0687;0.0000;46;42;-0.0831;0.0325;-0.0026;0.0020;-0.0068;0.0000;0.1102;11333
729.5;0.3127;0.3255;-0.0563;0.0000;46;44;-0.0049;0.0325;-0.0026;0.0020;-0.0068;0.0000;0.1024;11333
730.0;0.3104;0.3242;-0.0398;0.0000;46;44;-0.0831;0.0340;-0.0012;0.0010;-0.0068;0.0000;0.1024;11333
730.5;0.3086;0.3228;-0.0412;0.0000;46;44;0.0733;0.0340;-0.0012;0.0010;-0.0068;0.0000;0.1024;11333
731.0;0.3063;0.3214;-0.0577;0.0000;46;44;0.0831;0.0369;-0.0012;0.0020;-0.0068;0.0000;0.1024;11385
731.5;0.3045;0.3196;-0.0742;0.0000;48;44;-0.1613;0.0369;-0.0012;0.0029;-0.0068;0.0000;0.1024;11385
732.0;0.3022;0.3182;-0.0797;0.0000;48;46;0.0831;0.0384;-0.0012;0.0029;-0.0068;0.0000;0.1024;11385
732.5;0.3008;0.3168;-0.0632;0.0000;48;46;-0.0049;0.0398;-0.0012;0.0020;-0.0068;0.0000;0.1024;11385
733.0;0.2990;0.3155;-0.0549;0.0000;48;44;-0.0049;0.0398;-0.0012;0.0020;-0.0068;0.0000;0.1024;11385
733.5;0.2972;0.3136;-0.0536;0.0000;48;46;0.0831;0.0398;-0.0012;0.0020;-0.0068;0.0000;0.1024;11385
734.0;0.2949;0.3123;-0.0687;0.0000;48;46;0.0831;0.0428;-0.0012;0.0020;-0.0068;0.0000;0.1024;11385
734.5;0.2926;0.3109;-0.1168;0.0000;48;48;0.0831;0.0442;0.0003;0.0049;-0.0068;0.0000;0.1024;11385
735.0;0.2903;0.3091;-0.1374;0.0000;48;48;-0.0831;0.0472;0.0003;0.0049;-0.0068;0.0000;0.1024;11385
735.5;0.2885;0.3077;-0.1662;0.0000;48;50;0.0049;0.0486;0.0003;0.0068;-0.0068;0.0000;0.1024;11385
736.0;0.2862;0.3063;-0.1621;0.0000;48;50;-0.0831;0.0501;0.0003;0.0059;-0.0068;0.0000;0.1024;11333
736.5;0.2848;0.3049;-0.1387;0.0000;50;48;-0.0049;0.0501;0.0003;0.0049;-0.0068;0.0000;0.1024;11282
737.0;0.2834;0.3031;-0.1319;0.0000;48;48;-0.0049;0.0486;0.0003;0.0049;-0.0068;0.0000;0.1024;11333
737.5;0.2825;0.3017;-0.1415;0.0000;48;48;0.0049;0.0472;0.0003;0.0059;-0.0068;0.0000;0.1024;11282
738.0;0.2811;0.3004;-0.1511;0.0000;46;46;-0.0831;0.0472;0.0003;0.0059;-0.0068;0.0000;0.1024;11282
738.5;0.2802;0.2990;-0.1593;0.0000;46;46;0.0049;0.0457;0.0018;0.0059;-0.0068;0.0000;0.1024;11333
739.0;0.2798;0.2972;-0.1868;0.0000;44;46;0.0049;0.0442;0.0018;0.0078;-0.0068;0.0000;0.1024;11333
739.5;0.2784;0.2958;-0.1896;0.0000;44;44;-0.0831;0.0428;0.0018;0.0078;-0.0059;0.0000;0.1024;11333
740.0;0.2775;0.2944;-0.2115;0.0000;44;44;0.0049;0.0413;0.0018;0.0088;-0.0059;0.0000;0.1024;11282
740.5;0.2770;0.2926;-0.2129;0.0000;42;44;0.0049;0.0398;0.0018;0.0088;-0.0059;0.0000;0.1024;11333
741.0;0.2756;0.2912;-0.2170;0.0000;40;44;0.0831;0.0384;0.0018;0.0088;-0.0059;0.0000;0.1024;11333
741.5;0.2747;0.2898;-0.1923;0.0000;40;42;-0.0831;0.0369;0.0018;0.0078;-0.0059;0.0000;0.1024;11333
742.0;0.2729;0.2885;-0.1717;0.0000;42;42;0.0049;0.0369;0.0018;0.0068;-0.0059;0.0000;0.1024;11333
742.5;0.2715;0.2866;-0.1662;0.0000;42;42;0.0049;0.0369;0.0018;0.0068;-0.0059;0.0000;0.1024;11436
743.0;0.2706;0.2853;-0.1580;0.0000;40;40;0.0049;0.0355;0.0032;0.0059;-0.0059;0.0000;0.1024;11436
743.5;0.2697;0.2839;-0.1360;0.0000;40;40;0.0831;0.0355;0.0032;0.0049;-0.0059;0.0000;0.1024;11436
744.0;0.2688;0.2821;-0.0783;0.0000;40;40;-0.0049;0.0325;0.0032;0.0029;-0.0059;0.0000;0.1024;11436
744.5;0.2683;0.2807;-0.0453;0.0000;40;38;-0.0049;0.0311;0.0032;0.0010;-0.0059;0.0000;0.1024;11385
745.0;0.2674;0.2793;0.0151;0.0000;40;36;-0.0049;0.0296;0.0032;-0.0010;-0.0059;0.0000;0.1024;11385
745.5;0.2660;0.2779;0.0343;0.0000;40;36;-0.0831;0.0281;0.0032;-0.0020;-0.0059;0.0000;0.1024;11385
746.0;0.2647;0.2761;0.0234;0.0000;40;36;-0.0049;0.0281;0.0032;-0.0020;-0.0059;0.0000;0.1024;11385
746.5;0.2628;0.2747;0.0124;0.0000;40;38;0.0733;0.0296;0.0032;-0.0010;-0.0059;0.0000;0.1024;11385
747.0;0.2610;0.2734;0.0082;0.0000;40;38;-0.0831;0.0296;0.0032;-0.0010;-0.0059;0.0000;0.1024;11333
747.5;0.2601;0.2720;0.0481;0.0000;40;38;-0.0049;0.0281;0.0032;-0.0029;-0.0059;0.0000;0.1024;11333
748.0;0.2582;0.2701;0.0536;0.0000;42;38;-0.0049;0.0296;0.0032;-0.0029;-0.0059;0.0000;0.1024;11333
748.5;0.2569;0.2688;0.0797;0.0000;42;38;-0.0049;0.0296;0.0047;-0.0039;-0.0059;0.0000;0.1024;11333
749.0;0.2555;0.2674;0.0440;0.0000;42;36;-0.0831;0.0281;0.0047;-0.0020;-0.0059;0.0000;0.1024;11333
749.5;0.2546;0.2656;-0.0027;0.0000;40;36;-0.0049;0.0267;0.0047;-0.0000;-0.0059;0.0000;0.1024;11333
750.0;0.2537;0.2642;-0.0687;0.0000;38;38;0.0831;0.0252;0.0047;0.0020;-0.0059;0.0000;0.1024;11333
750.5;0.2532;0.2628;-0.1181;0.0000;36;36;-0.0049;0.0237;0.0047;0.0049;-0.0059;0.0000;0.1024;11333
751.0;0.2518;0.2614;-0.1662;0.0000;36;38;0.0049;0.0237;0.0047;0.0068;-0.0059;0.0000;0.1024;11333
751.5;0.2509;0.2596;-0.1992;0.0000;36;38;0.0049;0.0223;0.0047;0.0078;-0.0059;0.0000;0.1024;11333
752.0;0.2495;0.2582;-0.2033;0.0000;36;36;-0.0831;0.0208;0.0047;0.0078;-0.0059;0.0000;0.1024;11333
752.5;0.2486;0.2569;-0.1758;0.0000;36;36;0.0831;0.0193;0.0047;0.0068;-0.0059;0.0000;0.1024;11333
753.0;0.2477;0.2555;-0.1209;0.0000;36;36;-0.0049;0.0179;0.0047;0.0049;-0.0059;0.0000;0.1024;11333
753.5;0.2473;0.2537;-0.0989;0.0000;34;34;-0.0831;0.0164;0.0047;0.0039;-0.0059;0.0000;0.1024;11333
754.0;0.2459;0.2523;-0.0646;0.0000;34;34;0.0831;0.0149;0.0047;0.0020;-0.0059;0.0000;0.1024;11436
754.5;0.2450;0.2509;-0.0783;0.0000;34;32;-0.0831;0.0135;0.0047;0.0029;-0.0059;0.0000;0.0945;11436
755.0;0.2431;0.2491;-0.0632;0.0000;34;34;-0.0049;0.0149;0.0047;0.0020;-0.0059;0.0000;0.0945;11436
755.5;0.2418;0.2477;-0.0701;0.0000;34;34;-0.0049;0.0135;0.0047;0.0020;-0.0059;0.0000;0.0945;11436
756.0;0.2399;0.2463;-0.0494;0.0000;36;34;-0.0049;0.0149;0.0047;0.0020;-0.0059;0.0000;0.0945;11385
756.5;0.2386;0.2450;-0.0467;0.0000;36;34;0.0733;0.0149;0.0047;0.0010;-0.0059;0.0000;0.0945;11385
757.0;0.2367;0.2431;-0.0412;0.0000;36;34;-0.0831;0.0149;0.0047;0.0010;-0.0059;0.0000;0.0945;11385
757.5;0.2363;0.2418;-0.0288;0.0000;36;32;-0.0049;0.0135;0.0047;0.0010;-0.0059;0.0000;0.0945;11385
758.0;0.2349;0.2404;-0.0275;0.0000;36;32;-0.0049;0.0135;0.0062;0.0010;-0.0059;0.0000;0.0945;11385
758.5;0.2335;0.2386;-0.0247;0.0000;36;32;-0.0831;0.0135;0.0062;0.0010;-0.0059;0.0000;0.0945;11333
759.0;0.2321;0.2372;-0.0797;0.0000;34;34;0.0831;0.0120;0.0062;0.0029;-0.0059;0.0000;0.0945;11333
759.5;0.2308;0.2358;-0.0975;0.0000;34;32;-0.0831;0.0120;0.0062;0.0039;-0.0059;0.0000;0.0945;11333
760.0;0.2289;0.2344;-0.1648;0.0000;34;34;0.0049;0.0120;0.0062;0.0068;-0.0059;0.0000;0.0945;11333
760.5;0.2276;0.2326;-0.1827;0.0000;34;34;-0.0831;0.0135;0.0062;0.0068;-0.0059;0.0000;0.0945;11333
761.0;0.2253;0.2312;-0.1841;0.0000;34;34;0.0049;0.0135;0.0062;0.0068;-0.0059;0.0000;0.0945;11333
761.5;0.2234;0.2299;-0.1484;0.0000;34;36;0.0831;0.0149;0.0062;0.0059;-0.0059;0.0000;0.0945;11333
762.0;0.2221;0.2285;-0.1113;0.0000;36;34;-0.0831;0.0149;0.0062;0.0039;-0.0059;0.0000;0.0945;11333
762.5;0.2202;0.2266;-0.0810;0.0000;36;34;-0.0049;0.0149;0.0062;0.0029;-0.0059;0.0000;0.0945;11333
763.0;0.2189;0.2253;-0.0288;0.0000;36;34;-0.0831;0.0149;0.0062;0.0010;-0.0059;0.0000;0.0945;11333
763.5;0.2170;0.2239;-0.0288;0.0000;38;34;-0.0049;0.0164;0.0062;0.0010;-0.0059;0.0000;0.0945;11333
764.0;0.2152;0.2221;-0.0275;0.0000;36;34;0.0733;0.0164;0.0062;0.0010;-0.0059;0.0000;0.0945;11333
764.5;0.2134;0.2207;-0.0673;0.0000;36;34;-0.0049;0.0179;0.0062;0.0020;-0.0059;0.0000;0.0945;11333
765.0;0.2111;0.2193;-0.0824;0.0000;36;36;-0.0049;0.0193;0.0062;0.0029;-0.0059;0.0000;0.0945;11436
765.5;0.2092;0.2179;-0.1291;0.0000;36;36;0.0831;0.0208;0.0062;0.0049;-0.0059;0.0000;0.0945;11436
766.0;0.2074;0.2161;-0.1319;0.0000;36;36;-0.0049;0.0208;0.0062;0.0049;-0.0059;0.0000;0.0945;11436
766.5;0.2060;0.2147;-0.1223;0.0000;36;36;-0.0831;0.0208;0.0062;0.0049;-0.0049;0.0000;0.0945;11436
767.0;0.2051;0.2134;-0.0920;0.0000;36;36;0.0831;0.0208;0.0062;0.0029;-0.0049;0.0000;0.0945;11436
767.5;0.2042;0.2120;-0.0769;0.0000;36;34;-0.0831;0.0179;0.0062;0.0029;-0.0049;0.0000;0.0945;11385
768.0;0.2028;0.2102;-0.0824;0.0000;34;34;-0.0049;0.0179;0.0062;0.0029;-0.0049;0.0000;0.0945;11385
768.5;0.2010;0.2088;-0.0714;0.0000;34;34;-0.0049;0.0193;0.0062;0.0029;-0.0049;0.0000;0.0945;11385
769.0;0.1992;0.2074;-0.0852;0.0000;36;34;-0.0049;0.0193;0.0076;0.0029;-0.0049;0.0000;0.0945;11385
769.5;0.1983;0.2056;-0.0920;0.0000;34;34;-0.0049;0.0179;0.0076;0.0029;-0.0049;0.0000;0.0945;11385
770.0;0.1973;0.2042;-0.1429;0.0000;34;34;-0.0049;0.0164;0.0076;0.0059;-0.0049;0.0000;0.0945;11333
770.5;0.1955;0.2028;-0.1676;0.0000;32;34;0.0049;0.0164;0.0076;0.0068;-0.0049;0.0000;0.0945;11333
771.0;0.1937;0.2015;-0.1923;0.0000;32;34;0.0049;0.0179;0.0076;0.0078;-0.0049;0.0000;0.0945;11333
771.5;0.1928;0.1996;-0.1758;0.0000;32;34;0.0831;0.0164;0.0076;0.0068;-0.0049;0.0000;0.0945;11333
772.0;0.1909;0.1983;-0.1236;0.0000;32;34;-0.0049;0.0164;0.0076;0.0049;-0.0049;0.0000;0.0945;11333
772.5;0.1896;0.1969;-0.1003;0.0000;34;34;-0.0049;0.0179;0.0076;0.0039;-0.0049;0.0000;0.0945;11333
773.0;0.1877;0.1951;-0.0618;0.0000;34;34;-0.0049;0.0193;0.0076;0.0020;-0.0049;0.0000;0.0945;11333
773.5;0.1854;0.1937;-0.0481;0.0000;34;34;-0.0049;0.0193;0.0076;0.0020;-0.0049;0.0000;0.0945;11333
774.0;0.1836;0.1923;-0.0316;0.0000;36;34;-0.0049;0.0208;0.0076;0.0010;-0.0049;0.0000;0.0945;11333
774.5;0.1818;0.1909;-0.0467;0.0000;36;34;-0.0049;0.0223;0.0076;0.0010;-0.0049;0.0000;0.0945;11333
775.0;0.1799;0.1891;-0.0453;0.0000;36;34;-0.0049;0.0223;0.0076;0.0010;-0.0049;0.0000;0.0945;11333
775.5;0.1777;0.1877;-0.0907;0.0000;36;36;-0.0049;0.0237;0.0076;0.0029;-0.0049;0.0000;0.0945;11333
776.0;0.1758;0.1864;-0.1429;0.0000;36;36;0.0049;0.0252;0.0076;0.0059;-0.0049;0.0000;0.0945;11333
776.5;0.1740;0.1850;-0.1909;0.0000;34;36;0.0049;0.0252;0.0076;0.0078;-0.0049;0.0000;0.0945;11436
777.0;0.1722;0.1832;-0.2157;0.0000;34;38;0.0049;0.0267;0.0076;0.0088;-0.0049;0.0000;0.0945;11436
777.5;0.1712;0.1818;-0.1868;0.0000;34;36;0.0831;0.0252;0.0091;0.0068;-0.0049;0.0000;0.0945;11436
778.0;0.1703;0.1804;-0.1731;0.0000;34;36;0.0049;0.0252;0.0091;0.0068;-0.0049;0.0000;0.0945;11436
778.5;0.1690;0.1786;-0.1635;0.0000;34;36;0.0049;0.0237;0.0091;0.0068;-0.0049;0.0000;0.0945;11385
779.0;0.1676;0.1772;-0.1497;0.0000;34;34;0.0049;0.0237;0.0091;0.0059;-0.0049;0.0000;0.0945;11385
779.5;0.1662;0.1758;-0.1250;0.0000;34;34;-0.0049;0.0237;0.0091;0.0049;-0.0049;0.0000;0.0866;11385
780.0;0.1644;0.1745;-0.1058;0.0000;34;34;-0.0049;0.0237;0.0091;0.0039;-0.0049;0.0000;0.0866;11385
780.5;0.1630;0.1726;-0.0714;0.0000;34;34;-0.0049;0.0237;0.0091;0.0029;-0.0049;0.0000;0.0866;11385
781.0;0.1616;0.1712;-0.0591;0.0000;34;32;-0.0049;0.0237;0.0091;0.0020;-0.0049;0.0000;0.0866;11333
781.5;0.1603;0.1699;-0.0522;0.0000;34;32;-0.0049;0.0223;0.0091;0.0020;-0.0049;0.0000;0.0866;11333
782.0;0.1589;0.1685;-0.0467;0.0000;34;32;-0.0049;0.0223;0.0091;0.0010;-0.0049;0.0000;0.0866;11333
782.5;0.1571;0.1667;-0.0522;0.0000;34;32;-0.0831;0.0237;0.0091;0.0020;-0.0049;0.0000;0.0866;11333
783.0;0.1552;0.1653;-0.0591;0.0000;34;34;-0.0049;0.0252;0.0091;0.0020;-0.0049;0.0000;0.0866;11333
783.5;0.1534;0.1639;-0.0879;0.0000;34;34;-0.0049;0.0252;0.0091;0.0029;-0.0049;0.0000;0.0866;11333
784.0;0.1520;0.1621;-0.0975;0.0000;34;34;-0.0049;0.0252;0.0091;0.0039;-0.0049;0.0000;0.0866;11333
784.5;0.1506;0.1607;-0.1168;0.0000;34;34;-0.0049;0.0237;0.0091;0.0039;-0.0049;0.0000;0.0866;11385
785.0;0.1493;0.1593;-0.1044;0.0000;32;32;-0.0049;0.0237;0.0105;0.0039;-0.0049;0.0000;0.0866;11333
785.5;0.1474;0.1580;-0.0879;0.0000;32;34;0.0831;0.0252;0.0105;0.0029;-0.0049;0.0000;0.0866;11333
786.0;0.1465;0.1561;-0.0865;0.0000;32;32;-0.0831;0.0237;0.0105;0.0029;-0.0049;0.0000;0.0866;11333
786.5;0.1461;0.1548;-0.0962;0.0000;32;32;-0.0049;0.0223;0.0105;0.0039;-0.0049;0.0000;0.0866;11333
787.0;0.1442;0.1534;-0.1058;0.0000;32;32;0.0831;0.0223;0.0105;0.0039;-0.0049;0.0000;0.0866;11333
787.5;0.1429;0.1516;-0.1058;0.0000;32;32;-0.0049;0.0223;0.0105;0.0039;-0.0049;0.0000;0.0866;11436
788.0;0.1415;0.1502;-0.1058;0.0000;30;32;-0.0049;0.0208;0.0105;0.0039;-0.0049;0.0000;0.0866;11436
788.5;0.1406;0.1488;-0.0934;0.0000;30;30;-0.0049;0.0193;0.0105;0.0039;-0.0049;0.0000;0.0866;11436
789.0;0.1397;0.1474;-0.0907;0.0000;30;30;-0.0049;0.0179;0.0105;0.0029;-0.0039;0.0000;0.0866;11436
789.5;0.1378;0.1456;-0.0714;0.0000;30;30;-0.0831;0.0179;0.0105;0.0029;-0.0039;0.0000;0.0866;11436
790.0;0.1369;0.1442;-0.0783;0.0000;30;30;-0.0049;0.0179;0.0105;0.0029;-0.0039;0.0000;0.0866;11385
790.5;0.1351;0.1429;-0.0769;0.0000;30;30;0.0831;0.0193;0.0105;0.0029;-0.0039;0.0000;0.0866;11385
791.0;0.1328;0.1415;-0.0907;0.0000;32;30;-0.0831;0.0208;0.0105;0.0029;-0.0039;0.0000;0.0866;11385
791.5;0.1310;0.1397;-0.1085;0.0000;32;32;-0.0049;0.0208;0.0105;0.0039;-0.0039;0.0000;0.0866;11385
792.0;0.1300;0.1383;-0.1209;0.0000;30;32;-0.0049;0.0208;0.0105;0.0049;-0.0039;0.0000;0.0866;11385
792.5;0.1287;0.1369;-0.1332;0.0000;30;30;-0.0049;0.0193;0.0105;0.0049;-0.0039;0.0000;0.0866;11333
793.0;0.1282;0.1351;-0.1209;0.0000;30;30;-0.0049;0.0179;0.0105;0.0049;-0.0039;0.0000;0.0866;11333
793.5;0.1268;0.1337;-0.1236;0.0000;28;30;0.0831;0.0164;0.0120;0.0049;-0.0039;0.0000;0.0866;11333
794.0;0.1255;0.1323;-0.1099;0.0000;28;30;-0.0049;0.0164;0.0120;0.0039;-0.0039;0.0000;0.0866;11333
794.5;0.1245;0.1310;-0.1154;0.0000;28;28;-0.0049;0.0149;0.0120;0.0039;-0.0039;0.0000;0.0866;11385
795.0;0.1227;0.1291;-0.1223;0.0000;28;30;-0.0049;0.0164;0.0120;0.0049;-0.0039;0.0000;0.0866;11385
795.5;0.1209;0.1277;-0.1305;0.0000;28;30;-0.0049;0.0164;0.0120;0.0049;-0.0039;0.0000;0.0866;11385
796.0;0.1200;0.1264;-0.1236;0.0000;28;30;-0.0049;0.0149;0.0120;0.0049;-0.0039;0.0000;0.0866;11385
796.5;0.1186;0.1245;-0.1168;0.0000;28;28;-0.0831;0.0149;0.0120;0.0039;-0.0039;0.0000;0.0866;11333
797.0;0.1168;0.1232;-0.0975;0.0000;28;30;0.0831;0.0164;0.0120;0.0039;-0.0039;0.0000;0.0866;11333
797.5;0.1154;0.1218;-0.0728;0.0000;28;28;-0.0049;0.0149;0.0120;0.0029;-0.0039;0.0000;0.0866;11333
798.0;0.1140;0.1204;-0.0632;0.0000;30;28;-0.0831;0.0149;0.0120;0.0020;-0.0039;0.0000;0.0866;11333
798.5;0.1126;0.1186;-0.0508;0.0000;28;28;-0.0049;0.0149;0.0120;0.0020;-0.0039;0.0000;0.0866;11333
799.0;0.1103;0.1172;-0.0481;0.0000;30;28;-0.0049;0.0164;0.0120;0.0020;-0.0039;0.0000;0.0866;11436
799.5;0.1090;0.1158;-0.0453;0.0000;30;28;-0.0049;0.0164;0.0120;0.0010;-0.0039;0.0000;0.0866;11436
800.0;0.1081;0.1145;-0.0810;0.0000;28;28;-0.0049;0.0149;0.0120;0.0029;-0.0039;0.0000;0.0866;11436
800.5;0.1062;0.1126;-0.1264;0.0000;28;28;-0.0049;0.0164;0.0120;0.0049;-0.0039;0.0000;0.0866;11436
801.0;0.1049;0.1113;-0.1690;0.0000;28;30;0.0049;0.0164;0.0120;0.0068;-0.0039;0.0000;0.0866;11385
801.5;0.1039;0.1099;-0.1909;0.0000;26;28;0.0049;0.0135;0.0120;0.0078;-0.0039;0.0000;0.0866;11385
802.0;0.1021;0.1081;-0.1937;0.0000;26;28;-0.0831;0.0149;0.0120;0.0078;-0.0039;0.0000;0.0866;11385
802.5;0.0998;0.1067;-0.1992;0.0000;26;30;0.0831;0.0164;0.0120;0.0078;-0.0039;0.0000;0.0866;11385
803.0;0.0989;0.1053;-0.1923;0.0000;26;30;0.0049;0.0149;0.0120;0.0078;-0.0039;0.0000;0.0866;11385
803.5;0.0975;0.1039;-0.1951;0.0000;26;30;0.0831;0.0149;0.0120;0.0078;-0.0039;0.0000;0.0866;11385
804.0;0.0957;0.1021;-0.1827;0.0000;26;30;-0.0831;0.0149;0.0120;0.0068;-0.0039;0.0000;0.0866;11333
804.5;0.0952;0.1007;-0.1786;0.0000;26;28;0.0049;0.0135;0.0120;0.0068;-0.0039;0.0000;0.0787;11385
805.0;0.0929;0.0994;-0.1648;0.0000;26;28;0.0049;0.0149;0.0135;0.0068;-0.0039;0.0000;0.0787;11333
805.5;0.0920;0.0980;-0.1648;0.0000;26;28;0.0049;0.0135;0.0135;0.0068;-0.0039;0.0000;0.0787;11333
806.0;0.0907;0.0962;-0.1648;0.0000;26;28;-0.0831;0.0135;0.0135;0.0068;-0.0039;0.0000;0.0787;11385
806.5;0.0893;0.0948;-0.1442;0.0000;26;28;0.0831;0.0135;0.0135;0.0059;-0.0039;0.0000;0.0787;11385
807.0;0.0879;0.0934;-0.1305;0.0000;26;26;-0.0831;0.0135;0.0135;0.0049;-0.0039;0.0000;0.0787;11385
807.5;0.0865;0.0916;-0.0962;0.0000;26;26;0.0831;0.0135;0.0135;0.0039;-0.0039;0.0000;0.0787;11385
808.0;0.0847;0.0902;-0.0879;0.0000;26;26;-0.0831;0.0135;0.0135;0.0029;-0.0029;0.0000;0.0787;11333
808.5;0.0833;0.0888;-0.0673;0.0000;26;26;0.0831;0.0120;0.0135;0.0020;-0.0029;0.0000;0.0787;11333
809.0;0.0820;0.0875;-0.0687;0.0000;26;26;-0.0831;0.0120;0.0135;0.0020;-0.0029;0.0000;0.0787;11333
809.5;0.0806;0.0856;-0.0687;0.0000;26;26;0.0831;0.0120;0.0135;0.0020;-0.0029;0.0000;0.0787;11333
810.0;0.0792;0.0842;-0.0783;0.0000;26;26;-0.0831;0.0120;0.0135;0.0029;-0.0029;0.0000;0.0787;11333
810.5;0.0783;0.0829;-0.0893;0.0000;26;26;-0.0049;0.0105;0.0135;0.0029;-0.0029;0.0000;0.0787;11436
811.0;0.0769;0.0810;-0.1168;0.0000;24;26;-0.0049;0.0105;0.0135;0.0039;-0.0029;0.0000;0.0787;11436
811.5;0.0760;0.0797;-0.1360;0.0000;24;24;-0.0049;0.0076;0.0135;0.0049;-0.0029;0.0000;0.0787;11436
812.0;0.0746;0.0783;-0.1429;0.0000;24;24;0.0049;0.0091;0.0135;0.0059;-0.0029;0.0000;0.0787;11436
812.5;0.0737;0.0769;-0.1511;0.0000;22;24;0.0049;0.0062;0.0135;0.0059;-0.0029;0.0000;0.0787;11385
813.0;0.0723;0.0751;-0.1497;0.0000;22;24;0.0049;0.0076;0.0135;0.0059;-0.0029;0.0000;0.0787;11385
813.5;0.0714;0.0737;-0.1580;0.0000;22;24;0.0049;0.0047;0.0135;0.0059;-0.0029;0.0000;0.0787;11385
814.0;0.0696;0.0723;-0.1552;0.0000;22;24;0.0049;0.0047;0.0135;0.0059;-0.0029;0.0000;0.0787;11385
814.5;0.0691;0.0710;-0.1621;0.0000;22;24;0.0049;0.0032;0.0135;0.0059;-0.0029;0.0000;0.0787;11385
815.0;0.0678;0.0691;-0.1442;0.0000;22;22;0.0049;0.0032;0.0135;0.0059;-0.0029;0.0000;0.0787;11333
815.5;0.0668;0.0678;-0.1319;0.0000;22;22;-0.0049;0.0018;0.0135;0.0049;-0.0029;0.0000;0.0787;11385
816.0;0.0655;0.0664;-0.1181;0.0000;22;22;-0.0049;0.0018;0.0135;0.0049;-0.0029;0.0000;0.0787;11333
816.5;0.0641;0.0646;-0.1209;0.0000;22;22;-0.0831;0.0003;0.0135;0.0049;-0.0029;0.0000;0.0787;11333
817.0;0.0632;0.0632;-0.1319;0.0000;21;22;0.0831;-0.0012;0.0135;0.0049;-0.0029;0.0000;0.0787;11333
817.5;0.0623;0.0618;-0.1415;0.0000;21;22;-0.0831;-0.0012;0.0135;0.0059;-0.0029;0.0000;0.0787;11385
818.0;0.0614;0.0604;-0.1580;0.0000;21;22;0.0831;-0.0026;0.0135;0.0059;-0.0029;0.0000;0.0787;11385
818.5;0.0595;0.0586;-0.1552;0.0000;21;22;0.0049;-0.0026;0.0135;0.0059;-0.0029;0.0000;0.0787;11385
819.0;0.0582;0.0572;-0.1621;0.0000;21;21;-0.0831;-0.0026;0.0135;0.0059;-0.0029;0.0000;0.0787;11385
819.5;0.0572;0.0559;-0.1470;0.0000;21;21;0.0831;-0.0041;0.0135;0.0059;-0.0029;0.0000;0.0787;11385
820.0;0.0554;0.0545;-0.1429;0.0000;21;22;0.0049;-0.0026;0.0135;0.0059;-0.0029;0.0000;0.0787;11385
820.5;0.0540;0.0527;-0.1346;0.0000;21;21;-0.0831;-0.0041;0.0135;0.0049;-0.0029;0.0000;0.0787;11385
821.0;0.0527;0.0513;-0.1291;0.0000;21;21;0.0831;-0.0041;0.0135;0.0049;-0.0029;0.0000;0.0787;11385
821.5;0.0517;0.0499;-0.1236;0.0000;19;21;-0.0831;-0.0056;0.0135;0.0049;-0.0029;0.0000;0.0787;11436
822.0;0.0504;0.0481;-0.1223;0.0000;19;21;-0.0049;-0.0056;0.0135;0.0049;-0.0029;0.0000;0.0787;11436
822.5;0.0485;0.0467;-0.1387;0.0000;19;21;-0.0049;-0.0041;0.0135;0.0049;-0.0029;0.0000;0.0787;11436
823.0;0.0472;0.0453;-0.1319;0.0000;21;21;-0.0831;-0.0056;0.0135;0.0049;-0.0029;0.0000;0.0787;11436
823.5;0.0458;0.0440;-0.1484;0.0000;19;21;0.0831;-0.0056;0.0135;0.0059;-0.0029;0.0000;0.0787;11436
824.0;0.0449;0.0421;-0.1374;0.0000;19;19;-0.0831;-0.0070;0.0135;0.0049;-0.0029;0.0000;0.0787;11385
824.5;0.0435;0.0408;-0.1456;0.0000;19;19;0.0049;-0.0085;0.0135;0.0059;-0.0029;0.0000;0.0787;11385
825.0;0.0426;0.0394;-0.1374;0.0000;19;19;0.0831;-0.0085;0.0135;0.0049;-0.0029;0.0000;0.0787;11385
825.5;0.0417;0.0375;-0.1442;0.0000;17;19;-0.0831;-0.0100;0.0135;0.0059;-0.0029;0.0000;0.0787;11385
826.0;0.0403;0.0362;-0.1429;0.0000;17;19;0.0049;-0.0114;0.0135;0.0059;-0.0020;0.0000;0.0787;11385
826.5;0.0394;0.0348;-0.1346;0.0000;17;19;0.0831;-0.0129;0.0135;0.0049;-0.0020;0.0000;0.0787;11385
827.0;0.0380;0.0334;-0.1442;0.0000;17;19;0.0049;-0.0129;0.0135;0.0059;-0.0020;0.0000;0.0787;11385
827.5;0.0362;0.0316;-0.1415;0.0000;17;19;0.0049;-0.0114;0.0135;0.0059;-0.0020;0.0000;0.0787;11333
828.0;0.0343;0.0302;-0.1429;0.0000;17;19;0.0049;-0.0114;0.0135;0.0059;-0.0020;0.0000;0.0787;11333
828.5;0.0330;0.0288;-0.1346;0.0000;17;19;0.0831;-0.0114;0.0135;0.0049;-0.0020;0.0000;0.0787;11385
829.0;0.0316;0.0275;-0.1415;0.0000;17;19;-0.0049;-0.0114;0.0135;0.0059;-0.0020;0.0000;0.0787;11385
829.5;0.0302;0.0256;-0.1332;0.0000;17;19;-0.0831;-0.0114;0.0135;0.0049;-0.0020;0.0000;0.0709;11385
830.0;0.0288;0.0243;-0.1360;0.0000;17;19;-0.0049;-0.0129;0.0135;0.0049;-0.0020;0.0000;0.0709;11385
830.5;0.0279;0.0229;-0.1401;0.0000;17;19;0.0831;-0.0129;0.0135;0.0059;-0.0020;0.0000;0.0709;11385
831.0;0.0266;0.0211;-0.1525;0.0000;15;19;0.0049;-0.0144;0.0135;0.0059;-0.0020;0.0000;0.0709;11385
831.5;0.0256;0.0197;-0.1580;0.0000;15;17;-0.0831;-0.0158;0.0135;0.0059;-0.0020;0.0000;0.0709;11385
832.0;0.0252;0.0183;-0.1470;0.0000;15;17;0.0831;-0.0188;0.0120;0.0059;-0.0020;0.0000;0.0709;11385
832.5;0.0243;0.0169;-0.1305;0.0000;13;15;-0.0049;-0.0188;0.0120;0.0049;-0.0020;0.0000;0.0709;11385
833.0;0.0238;0.0151;-0.1099;0.0000;13;15;-0.0831;-0.0217;0.0120;0.0039;-0.0020;0.0000;0.0709;11436
833.5;0.0224;0.0137;-0.1168;0.0000;13;13;-0.0049;-0.0231;0.0120;0.0039;-0.0020;0.0000;0.0709;11436
834.0;0.0215;0.0124;-0.1168;0.0000;13;13;-0.0049;-0.0231;0.0120;0.0039;-0.0020;0.0000;0.0709;11436
834.5;0.0197;0.0110;-0.1264;0.0000;13;13;-0.0049;-0.0231;0.0120;0.0049;-0.0020;0.0000;0.0709;11436
835.0;0.0188;0.0092;-0.1305;0.0000;13;13;-0.0831;-0.0246;0.0120;0.0049;-0.0020;0.0000;0.0709;11385
835.5;0.0179;0.0078;-0.1429;0.0000;11;13;-0.0049;-0.0261;0.0120;0.0059;-0.0020;0.0000;0.0709;11385
836.0;0.0160;0.0064;-0.1635;0.0000;11;13;0.0049;-0.0261;0.0120;0.0059;-0.0020;0.0000;0.0709;11385
836.5;0.0147;0.0046;-0.1676;0.0000;11;13;0.0049;-0.0261;0.0120;0.0068;-0.0020;0.0000;0.0709;11385
837.0;0.0147;0.0032;-0.1690;0.0000;11;13;0.0049;-0.0290;0.0120;0.0068;-0.0020;0.0000;0.0709;11385
837.5;0.0137;0.0018;-0.1607;0.0000;9;11;0.0049;-0.0305;0.0120;0.0059;-0.0020;0.0000;0.0709;11333
838.0;0.0128;0.0005;-0.1593;0.0000;-7;-5;0.0049;-0.0319;0.0120;0.0059;-0.0020;0.0000;-0.0000;11333
838.5;0.0119;0.0000;-0.1497;0.0000;-1;-1;0.0049;-0.0012;-0.0012;-0.0000;-0.0000;0.0000;-0.0000;11333
839.0;0.0124;0.0000;-0.1566;0.0000;-1;-1;-0.0831;-0.0012;-0.0012;-0.0000;-0.0000;0.0000;-0.0000;11385
839.5;0.0124;0.0000;-0.1511;0.0000;-1;-1;0.0049;-0.0012;-0.0012;-0.0000;-0.0000;0.0000;-0.0000;11385
840.0;0.0119;0.0000;-0.1566;0.0000;-1;-1;0.0049;-0.0012;-0.0012;-0.0000;-0.0000;0.0000;-0.0000;11385
840.5;0.0128;0.0000;-0.1593;0.0000;-1;-1;0.0831;-0.0012;-0.0012;-0.0000;-0.0000;0.0000;-0.0000;11385
841.0;0.0128;0.0000;-0.1607;0.0000;-1;-1;0.0049;-0.0012;-0.0012;-0.0000;-0.0000;0.0000;-0.0000;11385
841.5;0.0128;0.0000;-0.1635;0.0000;-1;-1;0.0049;-0.0012;-0.0012;-0.0000;-0.0000;0.0000;-0.0000;11385
842.0;0.0137;0.0000;-0.1621;0.0000;-1;-1;-0.0831;-0.0012;-0.0012;-0.0000;-0.0000;0.0000;-0.0000;11385
842.5;0.0142;0.0000;-0.1635;0.0000;-1;-1;0.0049;-0.0012;-0.0012;-0.0000;-0.0000;0.0000;-0.0000;11385
843.0;0.0142;0.0000;-0.1593;0.0000;-1;-1;0.0049;-0.0012;-0.0012;-0.0000;-0.0000;0.0000;-0.0000;11385
843.5;0.0142;0.0000;-0.1607;0.0000;-1;-1;0.0049;-0.0012;-0.0012;-0.0000;-0.0000;0.0000;-0.0000;11385
844.0;0.0142;0.0000;-0.1538;0.0000;-1;-1;0.0049;-0.0012;-0.0012;-0.0000;-0.0000;0.0000;-0.0000;11385
844.5;0.0147;0.0000;-0.1552;0.0000;-1;-1;-0.0831;-0.0012;-0.0012;-0.0000;-0.0000;0.0000;-0.0000;11385
845.0;0.0156;0.0000;-0.1538;0.0000;-1;-1;0.0831;-0.0012;-0.0012;-0.0000;-0.0000;0.0000;-0.0000;11436
845.5;0.0160;0.0000;-0.1552;0.0000;-1;-1;0.0049;-0.0012;-0.0012;-0.0000;-0.0000;0.0000;-0.0000;11436
846.0;0.0165;0.0000;-0.1525;0.0000;-1;-1;0.0049;-0.0012;-0.0012;-0.0000;-0.0000;0.0000;-0.0000;11436
846.5;0.0165;0.0000;-0.1442;0.0000;-1;-1;0.0049;-0.0012;-0.0012;-0.0000;-0.0000;0.0000;-0.0000;11436
847.0;0.0165;0.0000;-0.1429;0.0000;-1;-1;-0.0049;-0.0012;-0.0012;-0.0000;-0.0000;0.0000;-0.0000;11385
847.5;0.0160;0.0000;-0.1387;0.0000;-1;-1;-0.0049;-0.0012;-0.0012;-0.0000;-0.0000;0.0000;-0.0000;11385
848.0;0.0160;0.0000;-0.1401;0.0000;-1;-1;0.0049;-0.0012;-0.0012;-0.0000;-0.0000;0.0000;-0.0000;11385
848.5;0.0165;0.0000;-0.1277;0.0000;-1;-1;-0.0831;-0.0012;-0.0012;-0.0000;-0.0000;0.0000;-0.0000;11385
849.0;0.0165;0.0000;-0.1223;0.0000;-1;-1;-0.0049;-0.0012;-0.0012;-0.0000;-0.0000;0.0000;-0.0000;11385
849.5;0.0165;0.0000;-0.1126;0.0000;-1;-1;-0.0049;-0.0012;-0.0012;-0.0000;-0.0000;0.0000;-0.0000;11385
850.0;0.0165;0.0000;-0.1140;0.0000;-1;-1;-0.0049;-0.0012;-0.0012;-0.0000;-0.0000;0.0000;-0.0000;11385
850.5;0.0160;0.0000;-0.1195;0.0000;-1;-1;-0.0049;-0.0012;-0.0012;-0.0000;-0.0000;0.0000;-0.0000;11333
851.0;0.0160;0.0000;-0.1140;0.0000;-1;-1;-0.0049;-0.0012;-0.0012;-0.0000;-0.0000;0.0000;-0.0000;11385
851.5;0.0156;0.0000;-0.1126;0.0000;-1;-1;-0.0049;-0.0012;-0.0012;-0.0000;-0.0000;0.0000;-0.0000;11385
852.0;0.0151;0.0000;-0.1058;0.0000;-1;-1;-0.0049;-0.0012;-0.0012;-0.0000;-0.0000;0.0000;-0.0000;11385
852.5;0.0156;0.0000;-0.0948;0.0000;-1;-1;0.0831;-0.0012;-0.0012;-0.0000;-0.0000;0.0000;-0.0000;11385
853.0;0.0156;0.0000;-0.0920;0.0000;-1;-1;-0.0049;-0.0012;-0.0012;-0.0000;-0.0000;0.0000;-0.0000;11385
853.5;0.0165;0.0000;-0.0824;0.0000;-1;-1;-0.0831;-0.0012;-0.0012;-0.0000;-0.0000;0.0000;-0.0000;11385
854.0;0.0169;0.0000;-0.0687;0.0000;-1;-1;-0.0049;-0.0012;-0.0012;-0.0000;-0.0000;0.0000;-0.0000;11385
854.5;0.0169;0.0000;-0.0646;0.0000;-1;-1;-0.0049;-0.0012;-0.0012;-0.0000;-0.0000;0.0000;-0.0000;11385
855.0;0.0169;0.0000;-0.0591;0.0000;-1;-1;-0.0049;-0.0012;-0.0012;-0.0000;-0.0000;0.0000;-0.0000;11385
855.5;0.0165;0.0000;-0.0659;0.0000;-1;-1;-0.0049;-0.0012;-0.0012;-0.0000;-0.0000;0.0000;-0.0000;11385
856.0;0.0165;0.0000;-0.0659;0.0000;-1;-1;-0.0049;-0.0012;-0.0012;-0.0000;-0.0000;0.0000;-0.0000;11436
856.5;0.0160;0.0000;-0.0494;0.0000;-1;-1;-0.0049;-0.0012;-0.0012;-0.0000;-0.0000;0.0000;-0.0000;11436
857.0;0.0156;0.0000;-0.0577;0.0000;-1;-1;-0.0049;-0.0012;-0.0012;-0.0000;-0.0000;0.0000;-0.0000;11436
857.5;0.0156;0.0000;-0.0508;0.0000;-1;-1;-0.0049;-0.0012;-0.0012;-0.0000;-0.0000;0.0000;-0.0000;11436
858.0;0.0151;0.0000;-0.0440;0.0000;-1;-1;-0.0049;-0.0012;-0.0012;-0.0000;-0.0000;0.0000;-0.0000;11436
858.5;0.0147;0.0000;-0.0316;0.0000;-1;-1;-0.0049;-0.0012;-0.0012;-0.0000;-0.0000;0.0000;-0.0000;11385
859.0;0.0142;0.0000;-0.0371;0.0000;-1;-1;-0.0049;-0.0012;-0.0012;-0.0000;-0.0000;0.0000;-0.0000;11385
859.5;0.0137;0.0000;-0.0302;0.0000;-1;-1;-0.0049;-0.0012;-0.0012;-0.0000;-0.0000;0.0000;-0.0000;11385
860.0;0.0137;0.0000;-0.0247;0.0000;-1;-1;-0.0049;-0.0012;-0.0012;-0.0000;-0.0000;0.0000;-0.0000;11385
860.5;0.0133;0.0000;-0.0165;0.0000;-1;-1;-0.0049;-0.0012;-0.0012;-0.0000;-0.0000;0.0000;-0.0000;11385
861.0;0.0128;0.0000;-0.0124;0.0000;-1;-1;-0.0049;-0.0012;-0.0012;-0.0000;-0.0000;0.0000;-0.0000;11385
861.5;0.0124;0.0000;-0.0110;0.0000;-1;-1;-0.0049;-0.0012;-0.0012;-0.0000;-0.0000;0.0000;-0.0000;11333
862.0;0.0119;0.0000;0.0096;0.0000;-1;-1;-0.0049;-0.0012;-0.0012;-0.0000;-0.0000;0.0000;-0.0000;11385
862.5;0.0119;0.0000;0.0110;0.0000;-1;-1;-0.0049;-0.0012;-0.0012;-0.0000;-0.0000;0.0000;-0.0000;11385
863.0;0.0114;0.0000;0.0192;0.0000;-1;-1;-0.0049;-0.0012;-0.0012;-0.0000;-0.0000;0.0000;-0.0000;11385
863.5;0.0110;0.0000;0.0275;0.0000;-1;-1;-0.0049;-0.0012;-0.0012;-0.0000;-0.0000;0.0000;-0.0000;11385
864.0;0.0110;0.0000;0.0247;0.0000;-1;-1;-0.0049;-0.0012;-0.0012;-0.0000;-0.0000;0.0000;-0.0000;11385
864.5;0.0105;0.0000;0.0220;0.0000;-1;-1;-0.0049;-0.0012;-0.0012;-0.0000;-0.0000;0.0000;-0.0000;11385
865.0;0.0101;0.0000;0.0316;0.0000;-1;-1;-0.0049;-0.0012;-0.0012;-0.0000;-0.0000;0.0000;-0.0000;11385
865.5;0.0101;0.0000;0.0357;0.0000;-1;-1;-0.0049;-0.0012;-0.0012;-0.0000;-0.0000;0.0000;-0.0000;11385
866.0;0.0096;0.0000;0.0275;0.0000;-1;-1;-0.0049;-0.0012;-0.0012;-0.0000;-0.0000;0.0000;-0.0000;11385
866.5;0.0096;0.0000;0.0302;0.0000;-1;-1;-0.0049;-0.0012;-0.0012;-0.0000;-0.0000;0.0000;-0.0000;11385
867.0;0.0092;0.0000;0.0220;0.0000;-1;-1;-0.0049;-0.0012;-0.0012;-0.0000;-0.0000;0.0000;-0.0000;11385
867.5;0.0087;0.0000;0.0288;0.0000;-1;-1;-0.0049;-0.0012;-0.0012;-0.0000;-0.0000;0.0000;-0.0000;11436
868.0;0.0087;0.0000;0.0234;0.0000;-1;-1;-0.0049;-0.0012;-0.0012;-0.0000;-0.0000;0.0000;-0.0000;11436
868.5;0.0082;0.0000;0.0234;0.0000;-1;-1;-0.0049;-0.0012;-0.0012;-0.0000;-0.0000;0.0000;-0.0000;11436
869.0;0.0082;0.0000;0.0206;0.0000;-1;-1;-0.0049;-0.0012;-0.0012;-0.0000;-0.0000;0.0000;-0.0000;11436
869.5;0.0078;0.0000;0.0151;0.0000;-1;-1;-0.0049;-0.0012;-0.0012;-0.0000;-0.0000;0.0000;-0.0000;11385
870.0;0.0078;0.0000;0.0096;0.0000;-1;-1;-0.0049;-0.0012;-0.0012;-0.0000;-0.0000;0.0000;-0.0000;11385
870.5;0.0073;0.0000;0.0082;0.0000;-1;-1;-0.0049;-0.0012;-0.0012;-0.0000;-0.0000;0.0000;-0.0000;11385
871.0;0.0073;0.0000;0.0069;0.0000;-1;-1;-0.0049;-0.0012;-0.0012;-0.0000;-0.0000;0.0000;-0.0000;11385
871.5;0.0069;0.0000;0.0041;0.0000;-1;-1;-0.0049;-0.0012;-0.0012;-0.0000;-0.0000;0.0000;-0.0000;11385
872.0;0.0069;0.0000;-0.0014;0.0000;-1;-1;-0.0049;-0.0012;-0.0012;-0.0000;-0.0000;0.0000;-0.0000;11385
872.5;0.0069;0.0000;-0.0041;0.0000;-1;-1;-0.0049;-0.0012;-0.0012;-0.0000;-0.0000;0.0000;-0.0000;11333
873.0;0.0064;0.0000;-0.0055;0.0000;-1;-1;-0.0049;-0.0012;-0.0012;-0.0000;-0.0000;0.0000;-0.0000;11385
873.5;0.0064;0.0000;-0.0069;0.0000;-1;-1;-0.0049;-0.0012;-0.0012;-0.0000;-0.0000;0.0000;-0.0000;11385
874.0;0.0060;0.0000;-0.0041;0.0000;-1;-1;-0.0049;-0.0012;-0.0012;-0.0000;-0.0000;0.0000;-0.0000;11385
874.5;0.0060;0.0000;-0.0082;0.0000;-1;-1;-0.0049;-0.0012;-0.0012;-0.0000;-0.0000;0.0000;-0.0000;11385
875.0;0.0060;0.0000;-0.0165;0.0000;-1;-1;-0.0049;-0.0012;-0.0012;-0.0000;-0.0000;0.0000;-0.0000;11385
875.5;0.0055;0.0000;-0.0137;0.0000;-1;-1;-0.0049;-0.0012;-0.0012;-0.0000;-0.0000;0.0000;-0.0000;11385
876.0;0.0055;0.0000;-0.0124;0.0000;-1;-1;-0.0049;-0.0012;-0.0012;-0.0000;-0.0000;0.0000;-0.0000;11385
876.5;0.0055;0.0000;-0.0055;0.0000;-1;-1;-0.0049;-0.0012;-0.0012;-0.0000;-0.0000;0.0000;-0.0000;11385
877.0;0.0050;0.0000;-0.0069;0.0000;-1;-1;-0.0049;-0.0012;-0.0012;-0.0000;-0.0000;0.0000;-0.0000;11385
877.5;0.0050;0.0000;-0.0041;0.0000;-1;-1;-0.0049;-0.0012;-0.0012;-0.0000;-0.0000;0.0000;-0.0000;11385
878.0;0.0050;0.0000;-0.0151;0.0000;-1;-1;-0.0049;-0.0012;-0.0012;-0.0000;-0.0000;0.0000;-0.0000;11385
878.5;0.0046;0.0000;-0.0124;0.0000;-1;-1;-0.0049;-0.0012;-0.0012;-0.0000;-0.0000;0.0000;-0.0000;11385
879.0;0.0046;0.0000;-0.0082;0.0000;-1;-1;-0.0049;-0.0012;-0.0012;-0.0000;-0.0000;0.0000;-0.0000;11436
879.5;0.0046;0.0000;-0.0041;0.0000;-1;-1;-0.0049;-0.0012;-0.0012;-0.0000;-0.0000;0.0000;-0.0000;11436
880.0;0.0041;0.0000;0.0055;0.0000;-1;-1;-0.0049;-0.0012;-0.0012;-0.0000;-0.0000;0.0000;-0.0000;11436
880.5;0.0041;0.0000;0.0110;0.0000;-1;-1;-0.0049;-0.0012;-0.0012;-0.0000;-0.0000;0.0000;-0.0000;11436
881.0;0.0041;0.0000;0.0151;0.0000;-1;-1;-0.0049;-0.0012;-0.0012;-0.0000;-0.0000;0.0000;-0.0000;11385
881.5;0.0041;0.0000;0.0124;0.0000;-1;-1;-0.0049;-0.0012;-0.0012;-0.0000;-0.0000;0.0000;-0.0000;11385
882.0;0.0037;0.0000;0.0234;0.0000;-1;-1;-0.0049;-0.0012;-0.0012;-0.0000;-0.0000;0.0000;-0.0000;11385
882.5;0.0037;0.0000;0.0151;0.0000;-1;-1;-0.0049;-0.0012;-0.0012;-0.0000;-0.0000;0.0000;-0.0000;11385
883.0;0.0037;0.0000;0.0234;0.0000;-1;-1;-0.0049;-0.0012;-0.0012;-0.0000;-0.0000;0.0000;-0.0000;11385
883.5;0.0037;0.0000;0.0165;0.0000;-1;-1;-0.0049;-0.0012;-0.0012;-0.0000;-0.0000;0.0000;-0.0000;11385
884.0;0.0032;0.0000;0.0082;0.0000;-1;-1;-0.0049;-0.0012;-0.0012;-0.0000;-0.0000;0.0000;-0.0000;11333
884.5;0.0032;0.0000;0.0124;0.0000;-1;-1;-0.0049;-0.0012;-0.0012;-0.0000;-0.0000;0.0000;-0.0000;11385
885.0;0.0032;0.0000;0.0124;0.0000;-1;-1;-0.0049;-0.0012;-0.0012;-0.0000;-0.0000;0.0000;-0.0000;11333
885.5;0.0032;0.0000;0.0110;0.0000;-1;-1;-0.0049;-0.0012;-0.0012;-0.0000;-0.0000;0.0000;-0.0000;11385
886.0;0.0027;0.0000;0.0041;0.0000;-1;-1;-0.0049;-0.0012;-0.0012;-0.0000;-0.0000;0.0000;-0.0000;11385
886.5;0.0027;0.0000;0.0027;0.0000;-1;-1;-0.0049;-0.0012;-0.0012;-0.0000;-0.0000;0.0000;-0.0000;11385
887.0;0.0027;0.0000;-0.0014;0.0000;-1;-1;-0.0049;-0.0012;-0.0012;-0.0000;-0.0000;0.0000;-0.0000;11385
887.5;0.0027;0.0000;-0.0055;0.0000;-1;-1;-0.0049;-0.0012;-0.0012;-0.0000;-0.0000;0.0000;-0.0000;11385
888.0;0.0027;0.0000;-0.0096;0.0000;-1;-1;-0.0049;-0.0012;-0.0012;-0.0000;-0.0000;0.0000;-0.0000;11385
888.5;0.0023;0.0000;-0.0165;0.0000;-1;-1;-0.0049;-0.0012;-0.0012;-0.0000;-0.0000;0.0000;-0.0000;11385
889.0;0.0023;0.0000;-0.0096;0.0000;-1;-1;-0.0049;-0.0012;-0.0012;-0.0000;-0.0000;0.0000;-0.0000;11385
889.5;0.0023;0.0000;-0.0082;0.0000;-1;-1;-0.0049;-0.0012;-0.0012;-0.0000;-0.0000;0.0000;-0.0000;11385
890.0;0.0023;0.0000;-0.0055;0.0000;-1;-1;-0.0049;-0.0012;-0.0012;-0.0000;-0.0000;0.0000;-0.0000;11436
890.5;0.0023;0.0000;-0.0069;0.0000;-1;-1;-0.0049;-0.0012;-0.0012;-0.0000;-0.0000;0.0000;-0.0000;11436
891.0;0.0023;0.0000;-0.0027;0.0000;-1;-1;-0.0049;-0.0012;-0.0012;-0.0000;-0.0000;0.0000;-0.0000;11436
891.5;0.0018;0.0000;-0.0082;0.0000;-1;-1;-0.0049;-0.0012;-0.0012;-0.0000;-0.0000;0.0000;-0.0000;11436
892.0;0.0018;0.0000;-0.0055;0.0000;-1;-1;-0.0049;-0.0012;-0.0012;-0.0000;-0.0000;0.0000;-0.0000;11436
892.5;0.0018;0.0000;-0.0069;0.0000;-1;-1;-0.0049;-0.0012;-0.0012;-0.0000;-0.0000;0.0000;-0.0000;11385
893.0;0.0018;0.0000;-0.0041;0.0000;-1;-1;-0.0049;-0.0012;-0.0012;-0.0000;-0.0000;0.0000;-0.0000;11385
893.5;0.0018;0.0000;-0.0124;0.0000;-1;-1;-0.0049;-0.0012;-0.0012;-0.0000;-0.0000;0.0000;-0.0000;11385
894.0;0.0018;0.0000;-0.0151;0.0000;-1;-1;-0.0049;-0.0012;-0.0012;-0.0000;-0.0000;0.0000;-0.0000;11385
894.5;0.0018;0.0000;-0.0137;0.0000;-1;-1;-0.0049;-0.0012;-0.0012;-0.0000;-0.0000;0.0000;-0.0000;11333
895.0;0.0018;0.0000;-0.0069;0.0000;-1;-1;-0.0049;-0.0012;-0.0012;-0.0000;-0.0000;0.0000;-0.0000;11385
895.5;0.0014;0.0000;-0.0055;0.0000;-1;-1;-0.0049;-0.0012;-0.0012;-0.0000;-0.0000;0.0000;-0.0000;11333
896.0;0.0014;0.0000;-0.0124;0.0000;-1;-1;-0.0049;-0.0012;-0.0012;-0.0000;-0.0000;0.0000;-0.0000;11385
896.5;0.0014;0.0000;-0.0055;0.0000;-1;-1;-0.0049;-0.0012;-0.0012;-0.0000;-0.0000;0.0000;-0.0000;11333
897.0;0.0014;0.0000;-0.0055;0.0000;-1;-1;-0.0049;-0.0012;-0.0012;-0.0000;-0.0000;0.0000;-0.0000;11385
897.5;0.0014;0.0000;0.0027;0.0000;-1;-1;-0.0049;-0.0012;-0.0012;-0.0000;-0.0000;0.0000;-0.0000;11385
898.0;0.0014;0.0000;-0.0027;0.0000;-1;-1;-0.0049;-0.0012;-0.0012;-0.0000;-0.0000;0.0000;-0.0000;11385
898.5;0.0014;0.0000;0.0014;0.0000;-1;-1;-0.0049;-0.0012;-0.0012;-0.0000;-0.0000;0.0000;-0.0000;11385
899.0;0.0014;0.0000;0.0041;0.0000;-1;-1;-0.0049;-0.0012;-0.0012;-0.0000;-0.0000;0.0000;-0.0000;11385
899.5;0.0014;0.0000;0.0055;0.0000;-1;-1;-0.0049;-0.0012;-0.0012;-0.0000;-0.0000;0.0000;-0.0000;11385
900.0;0.0009;0.0000;0.0014;0.0000;-1;-1;-0.0049;-0.0012;-0.0012;-0.0000;-0.0000;0.0000;-0.0000;11385
900.5;0.0009;0.0000;0.0041;0.0000;-1;-1;-0.0049;-0.0012;-0.0012;-0.0000;-0.0000;0.0000;-0.0000;11385
901.0;0.0009;0.0000;0.0055;0.0000;-1;-1;-0.0049;-0.0012;-0.0012;-0.0000;-0.0000;0.0000;-0.0000;11385
901.5;0.0009;0.0000;-0.0027;0.0000;-1;-1;-0.0049;-0.0012;-0.0012;-0.0000;-0.0000;0.0000;-0.0000;11436
902.0;0.0009;0.0000;0.0014;0.0000;-1;-1;-0.0049;-0.0012;-0.0012;-0.0000;-0.0000;0.0000;-0.0000;11436
902.5;0.0009;0.0000;-0.0096;0.0000;-1;-1;-0.0049;-0.0012;-0.0012;-0.0000;-0.0000;0.0000;-0.0000;11436
903.0;0.0009;0.0000;-0.0165;0.0000;-1;-1;-0.0049;-0.0012;-0.0012;-0.0000;-0.0000;0.0000;-0.0000;11436
903.5;0.0009;0.0000;-0.0082;0.0000;-1;-1;-0.0049;-0.0012;-0.0012;-0.0000;-0.0000;0.0000;-0.0000;11385
904.0;0.0009;0.0000;-0.0055;0.0000;-1;-1;-0.0049;-0.0012;-0.0012;-0.0000;-0.0000;0.0000;-0.0000;11385
904.5;0.0009;0.0000;-0.0027;0.0000;-1;-1;-0.0049;-0.0012;-0.0012;-0.0000;-0.0000;0.0000;-0.0000;11385
905.0;0.0009;0.0000;-0.0096;0.0000;-1;-1;-0.0049;-0.0012;-0.0012;-0.0000;-0.0000;0.0000;-0.0000;11385
905.5;0.0005;0.0000;-0.0041;0.0000;-1;-1;-0.0049;-0.0012;-0.0012;-0.0000;-0.0000;0.0000;-0.0000;11385
906.0;0.0005;0.0000;-0.0027;0.0000;-1;-1;-0.0049;-0.0012;-0.0012;-0.0000;-0.0000;0.0000;-0.0000;11385
906.5;0.0005;0.0000;0.0055;0.0000;-1;-1;-0.0049;-0.0012;-0.0012;-0.0000;-0.0000;0.0000;-0.0000;11385
907.0;0.0005;0.0000;0.0055;0.0000;-1;-1;-0.0049;-0.0012;-0.0012;-0.0000;-0.0000;0.0000;-0.0000;11385
907.5;0.0005;0.0000;0.0014;0.0000;-1;-1;-0.0049;-0.0012;-0.0012;-0.0000;-0.0000;0.0000;-0.0000;11385
908.0;0.0005;0.0000;0.0027;0.0000;-1;-1;-0.0049;-0.0012;-0.0012;-0.0000;-0.0000;0.0000;-0.0000;11385
908.5;0.0005;0.0000;0.0027;0.0000;-1;-1;-0.0049;-0.0012;-0.0012;-0.0000;-0.0000;0.0000;-0.0000;11385
909.0;0.0005;0.0000;0.0069;0.0000;-1;-1;-0.0049;-0.0012;-0.0012;-0.0000;-0.0000;0.0000;-0.0000;11385
909.5;0.0005;0.0000;0.0000;0.0000;-1;-1;-0.0049;-0.0012;-0.0012;-0.0000;-0.0000;0.0000;-0.0000;11385
910.0;0.0005;0.0000;-0.0014;0.0000;-1;-1;-0.0049;-0.0012;-0.0012;-0.0000;-0.0000;0.0000;-0.0000;11385
910.5;0.0005;0.0000;0.0055;0.0000;-1;-1;-0.0049;-0.0012;-0.0012;-0.0000;-0.0000;0.0000;-0.0000;11385
911.0;0.0005;0.0000;0.0082;0.0000;-1;-1;-0.0049;-0.0012;-0.0012;-0.0000;-0.0000;0.0000;-0.0000;11385
911.5;0.0005;0.0000;-0.0027;0.0000;-1;-1;-0.0049;-0.0012;-0.0012;-0.0000;-0.0000;0.0000;-0.0000;11385
912.0;0.0005;0.0000;0.0000;0.0000;-1;-1;-0.0049;-0.0012;-0.0012;-0.0000;-0.0000;0.0000;-0.0000;11385
912.5;0.0005;0.0000;0.0041;0.0000;-1;-1;-0.0049;-0.0012;-0.0012;-0.0000;-0.0000;0.0000;-0.0000;11436
913.0;0.0005;0.0000;0.0000;0.0000;-1;-1;-0.0049;-0.0012;-0.0012;-0.0000;-0.0000;0.0000;-0.0000;11436
913.5;0.0005;0.0000;-0.0082;0.0000;-1;-1;-0.0049;-0.0012;-0.0012;-0.0000;-0.0000;0.0000;-0.0000;11436
914.0;0.0005;0.0000;0.0014;0.0000;-1;-1;-0.0049;-0.0012;-0.0012;-0.0000;-0.0000;0.0000;-0.0000;11436
914.5;0.0005;0.0000;0.0041;0.0000;-1;-1;-0.0049;-0.0012;-0.0012;-0.0000;-0.0000;0.0000;-0.0000;11436
915.0;0.0000;0.0000;0.0027;0.0000;-1;-1;-0.0049;-0.0012;-0.0012;-0.0000;-0.0000;0.0000;-0.0000;11385
915.5;0.0000;0.0000;0.0041;0.0000;-1;-1;-0.0049;-0.0012;-0.0012;-0.0000;-0.0000;0.0000;-0.0000;11385
916.0;0.0000;0.0000;0.0027;0.0000;-1;-1;-0.0049;-0.0012;-0.0012;-0.0000;-0.0000;0.0000;-0.0000;11385
916.5;0.0000;0.0000;-0.0014;0.0000;-1;-1;-0.0049;-0.0012;-0.0012;-0.0000;-0.0000;0.0000;-0.0000;11385
917.0;0.0000;0.0000;-0.0027;0.0000;-1;-1;-0.0049;-0.0012;-0.0012;-0.0000;-0.0000;0.0000;-0.0000;11333
917.5;0.0000;0.0000;-0.0082;0.0000;-1;-1;-0.0049;-0.0012;-0.0012;-0.0000;-0.0000;0.0000;-0.0000;11333
918.0;0.0000;0.0000;-0.0137;0.0000;-1;-1;-0.0049;-0.0012;-0.0012;-0.0000;-0.0000;0.0000;-0.0000;11333
918.5;0.0000;0.0000;-0.0151;0.0000;-1;-1;-0.0049;-0.0012;-0.0012;-0.0000;-0.0000;0.0000;-0.0000;11385
919.0;0.0000;0.0000;-0.0137;0.0000;-1;-1;-0.0049;-0.0012;-0.0012;-0.0000;-0.0000;0.0000;-0.0000;11385
919.5;0.0000;0.0000;-0.0137;0.0000;-1;-1;-0.0049;-0.0012;-0.0012;-0.0000;-0.0000;0.0000;-0.0000;11385
920.0;0.0000;0.0000;-0.0014;0.0000;-1;-1;-0.0049;-0.0012;-0.0012;-0.0000;-0.0000;0.0000;-0.0000;11385
920.5;0.0000;0.0000;-0.0110;0.0000;-1;-1;-0.0049;-0.0012;-0.0012;-0.0000;-0.0000;0.0000;-0.0000;11385
921.0;0.0000;0.0000;-0.0082;0.0000;-1;-1;-0.0049;-0.0012;-0.0012;-0.0000;-0.0000;0.0000;-0.0000;11385
921.5;0.0000;0.0000;-0.0082;0.0000;-1;-1;-0.0049;-0.0012;-0.0012;-0.0000;-0.0000;0.0000;-0.0000;11385
922.0;0.0000;0.0000;-0.0041;0.0000;-1;-1;-0.0049;-0.0012;-0.0012;-0.0000;-0.0000;0.0000;-0.0000;11385
922.5;0.0000;0.0000;-0.0069;0.0000;-1;-1;-0.0049;-0.0012;-0.0012;-0.0000;-0.0000;0.0000;-0.0000;11385
923.0;0.0000;0.0000;-0.0082;0.0000;-1;-1;-0.0049;-0.0012;-0.0012;-0.0000;-0.0000;0.0000;-0.0000;11385
923.5;0.0000;0.0000;-0.0055;0.0000;-1;-1;-0.0049;-0.0012;-0.0012;-0.0000;-0.0000;0.0000;-0.0000;11385
924.0;0.0000;0.0000;-0.0137;0.0000;-1;-1;-0.0049;-0.0012;-0.0012;-0.0000;-0.0000;0.0000;-0.0000;11436
924.5;0.0000;0.0000;-0.0041;0.0000;-1;-1;-0.0049;-0.0012;-0.0012;-0.0000;-0.0000;0.0000;-0.0000;11436
925.0;0.0000;0.0000;-0.0041;0.0000;-1;-1;-0.0049;-0.0012;-0.0012;-0.0000;-0.0000;0.0000;-0.0000;11436
925.5;0.0000;0.0000;-0.0014;0.0000;-1;-1;-0.0049;-0.0012;-0.0012;-0.0000;-0.0000;0.0000;-0.0000;11436
926.0;0.0000;0.0000;0.0014;0.0000;-1;-1;-0.0049;-0.0012;-0.0012;-0.0000;-0.0000;0.0000;-0.0000;11436
926.5;0.0000;0.0000;-0.0027;0.0000;-1;-1;-0.0049;-0.0012;-0.0012;-0.0000;-0.0000;0.0000;-0.0000;11385
927.0;0.0000;0.0000;-0.0151;0.0000;-1;-1;-0.0049;-0.0012;-0.0012;-0.0000;-0.0000;0.0000;-0.0000;11385
927.5;0.0000;0.0000;-0.0124;0.0000;-1;-1;-0.0049;-0.0012;-0.0012;-0.0000;-0.0000;0.0000;-0.0000;11385
928.0;0.0000;0.0000;-0.0096;0.0000;-1;-1;-0.0049;-0.0012;-0.0012;-0.0000;-0.0000;0.0000;-0.0000;11385
928.5;0.0000;0.0000;-0.0069;0.0000;-1;-1;-0.0049;-0.0012;-0.0012;-0.0000;-0.0000;0.0000;-0.0000;11333
929.0;0.0000;0.0000;-0.0124;0.0000;-1;-1;-0.0049;-0.0012;-0.0012;-0.0000;-0.0000;0.0000;-0.0000;11385
929.5;0.0000;0.0000;-0.0137;0.0000;-1;-1;-0.0049;-0.0012;-0.0012;-0.0000;-0.0000;0.0000;-0.0000;11385
930.0;0.0000;0.0000;-0.0069;0.0000;-1;-1;-0.0049;-0.0012;-0.0012;-0.0000;-0.0000;0.0000;-0.0000;11333
930.5;0.0000;0.0000;-0.0069;0.0000;-1;-1;-0.0049;-0.0012;-0.0012;-0.0000;-0.0000;0.0000;-0.0000;11333
931.0;0.0000;0.0000;-0.0041;0.0000;-1;-1;-0.0049;-0.0012;-0.0012;-0.0000;-0.0000;0.0000;-0.0000;11385
931.5;0.0000;0.0000;-0.0041;0.0000;-1;-1;-0.0049;-0.0012;-0.0012;-0.0000;-0.0000;0.0000;-0.0000;11385
932.0;0.0000;0.0000;-0.0027;0.0000;-1;-1;-0.0049;-0.0012;-0.0012;-0.0000;-0.0000;0.0000;-0.0000;11385
932.5;0.0000;0.0000;-0.0069;0.0000;-1;-1;-0.0049;-0.0012;-0.0012;-0.0000;-0.0000;0.0000;-0.0000;11385
933.0;0.0000;0.0000;0.0000;0.0000;-1;-1;-0.0049;-0.0012;-0.0012;-0.0000;-0.0000;0.0000;-0.0000;11385
933.5;0.0000;0.0000;-0.0027;0.0000;-1;-1;-0.0049;-0.0012;-0.0012;-0.0000;-0.0000;0.0000;-0.0000;11385
934.0;0.0000;0.0000;-0.0014;0.0000;-1;-1;-0.0049;-0.0012;-0.0012;-0.0000;-0.0000;0.0000;-0.0000;11385
934.5;0.0000;0.0000;0.0055;0.0000;-1;-1;-0.0049;-0.0012;-0.0012;-0.0000;-0.0000;0.0000;-0.0000;11385
935.0;0.0000;0.0000;0.0069;0.0000;-1;-1;-0.0049;-0.0012;-0.0012;-0.0000;-0.0000;0.0000;-0.0000;11385
935.5;0.0000;0.0000;0.0014;0.0000;-1;-1;-0.0049;-0.0012;-0.0012;-0.0000;-0.0000;0.0000;-0.0000;11436
936.0;0.0000;0.0000;0.0000;0.0000;-1;-1;-0.0049;-0.0012;-0.0012;-0.0000;-0.0000;0.0000;-0.0000;11436
936.5;-0.0005;0.0000;-0.0014;0.0000;-1;-1;-0.0049;-0.0012;-0.0012;-0.0000;-0.0000;0.0000;-0.0000;11436
937.0;-0.0005;0.0000;-0.0041;0.0000;-1;-1;-0.0049;-0.0012;-0.0012;-0.0000;-0.0000;0.0000;-0.0000;11436
937.5;-0.0005;0.0000;0.0000;0.0000;-1;-1;-0.0049;-0.0012;-0.0012;-0.0000;-0.0000;0.0000;-0.0000;11385
938.0;-0.0005;0.0000;-0.0014;0.0000;-1;-1;-0.0049;-0.0012;-0.0012;-0.0000;-0.0000;0.0000;-0.0000;11385
938.5;-0.0005;0.0000;-0.0041;0.0000;-1;-1;-0.0049;-0.0012;-0.0012;-0.0000;-0.0000;0.0000;-0.0000;11385
939.0;-0.0005;0.0000;-0.0027;0.0000;-1;-1;-0.0049;-0.0012;-0.0012;-0.0000;-0.0000;0.0000;-0.0000;11385
939.5;-0.0005;0.0000;-0.0069;0.0000;-1;-1;-0.0049;-0.0012;-0.0012;-0.0000;-0.0000;0.0000;-0.0000;11385
940.0;-0.0005;0.0000;-0.0027;0.0000;-1;-1;-0.0049;-0.0012;-0.0012;-0.0000;-0.0000;0.0000;-0.0000;11385
940.5;-0.0005;0.0000;-0.0014;0.0000;-1;-1;-0.0049;-0.0012;-0.0012;-0.0000;-0.0000;0.0000;-0.0000;11333
941.0;-0.0005;0.0000;0.0027;0.0000;-1;-1;-0.0049;-0.0012;-0.0012;-0.0000;-0.0000;0.0000;-0.0000;11385
941.5;-0.0005;0.0000;0.0027;0.0000;-1;-1;-0.0049;-0.0012;-0.0012;-0.0000;-0.0000;0.0000;-0.0000;11385
942.0;-0.0005;0.0000;0.0069;0.0000;-1;-1;-0.0049;-0.0012;-0.0012;-0.0000;-0.0000;0.0000;-0.0000;11385
942.5;-0.0005;0.0000;-0.0041;0.0000;-1;-1;-0.0049;-0.0012;-0.0012;-0.0000;-0.0000;0.0000;-0.0000;11385
943.0;-0.0005;0.0000;0.0110;0.0000;-1;-1;-0.0049;-0.0012;-0.0012;-0.0000;-0.0000;0.0000;-0.0000;11385
943.5;-0.0005;0.0000;0.0069;0.0000;-1;-1;-0.0049;-0.0012;-0.0012;-0.0000;-0.0000;0.0000;-0.0000;11385
944.0;-0.0005;0.0000;0.0110;0.0000;-1;-1;-0.0049;-0.0012;-0.0012;-0.0000;-0.0000;0.0000;-0.0000;11385
944.5;-0.0005;0.0000;0.0192;0.0000;-1;-1;-0.0049;-0.0012;-0.0012;-0.0000;-0.0000;0.0000;-0.0000;11385
945.0;-0.0005;0.0000;0.0055;0.0000;-1;-1;-0.0049;-0.0012;-0.0012;-0.0000;-0.0000;0.0000;-0.0000;11385
945.5;-0.0005;0.0000;0.0096;0.0000;-1;-1;-0.0049;-0.0012;-0.0012;-0.0000;-0.0000;0.0000;-0.0000;11385
946.0;-0.0005;0.0000;0.0096;0.0000;-1;-1;-0.0049;-0.0012;-0.0012;-0.0000;-0.0000;0.0000;-0.0000;11385
946.5;-0.0005;0.0000;0.0096;0.0000;-1;-1;-0.0049;-0.0012;-0.0012;-0.0000;-0.0000;0.0000;-0.0000;11436
947.0;-0.0005;0.0000;0.0055;0.0000;-1;-1;-0.0049;-0.0012;-0.0012;-0.0000;-0.0000;0.0000;-0.0000;11436
947.5;-0.0005;0.0000;0.0014;0.0000;-1;-1;-0.0049;-0.0012;-0.0012;-0.0000;-0.0000;0.0000;-0.0000;11436
948.0;-0.0005;0.0000;-0.0027;0.0000;-1;-1;-0.0049;-0.0012;-0.0012;-0.0000;-0.0000;0.0000;-0.0000;11436
948.5;-0.0005;0.0000;-0.0055;0.0000;-1;-1;-0.0049;-0.0012;-0.0012;-0.0000;-0.0000;0.0000;-0.0000;11436
949.0;-0.0005;0.0000;0.0014;0.0000;-1;-1;-0.0049;-0.0012;-0.0012;-0.0000;-0.0000;0.0000;-0.0000;11385
949.5;-0.0005;0.0000;0.0027;0.0000;-1;-1;-0.0049;-0.0012;-0.0012;-0.0000;-0.0000;0.0000;-0.0000;11385
950.0;-0.0005;0.0000;0.0041;0.0000;-1;-1;-0.0049;-0.0012;-0.0012;-0.0000;-0.0000;0.0000;-0.0000;11385
950.5;-0.0005;0.0000;0.0000;0.0000;-1;-1;-0.0049;-0.0012;-0.0012;-0.0000;-0.0000;0.0000;-0.0000;11385
951.0;-0.0005;0.0000;0.0096;0.0000;-1;-1;-0.0049;-0.0012;-0.0012;-0.0000;-0.0000;0.0000;-0.0000;11333
951.5;-0.0005;0.0000;0.0027;0.0000;-1;-1;-0.0049;-0.0012;-0.0012;-0.0000;-0.0000;0.0000;-0.0000;11333
952.0;-0.0005;0.0000;-0.0027;0.0000;-1;-1;-0.0049;-0.0012;-0.0012;-0.0000;-0.0000;0.0000;-0.0000;11385
952.5;-0.0005;0.0000;-0.0055;0.0000;-1;-1;-0.0049;-0.0012;-0.0012;-0.0000;-0.0000;0.0000;-0.0000;11385
953.0;-0.0005;0.0000;-0.0027;0.0000;-1;-1;-0.0049;-0.0012;-0.0012;-0.0000;-0.0000;0.0000;-0.0000;11385
953.5;-0.0005;0.0000;-0.0055;0.0000;-1;-1;-0.0049;-0.0012;-0.0012;-0.0000;-0.0000;0.0000;-0.0000;11385
954.0;-0.0005;0.0000;-0.0069;0.0000;-1;-1;-0.0049;-0.0012;-0.0012;-0.0000;-0.0000;0.0000;-0.0000;11385
954.5;-0.0005;0.0000;-0.0069;0.0000;-1;-1;-0.0049;-0.0012;-0.0012;-0.0000;-0.0000;0.0000;-0.0000;11385
955.0;-0.0005;0.0000;-0.0137;0.0000;-1;-1;-0.0049;-0.0012;-0.0012;-0.0000;-0.0000;0.0000;-0.0000;11385
955.5;-0.0005;0.0000;-0.0137;0.0000;-1;-1;-0.0049;-0.0012;-0.0012;-0.0000;-0.0000;0.0000;-0.0000;11385
956.0;-0.0005;0.0000;-0.0151;0.0000;-1;-1;-0.0049;-0.0012;-0.0012;-0.0000;-0.0000;0.0000;-0.0000;11385
956.5;-0.0005;0.0000;-0.0124;0.0000;-1;-1;-0.0049;-0.0012;-0.0012;-0.0000;-0.0000;0.0000;-0.0000;11385
957.0;-0.0005;0.0000;-0.0069;0.0000;-1;-1;-0.0049;-0.0012;-0.0012;-0.0000;-0.0000;0.0000;-0.0000;11385
957.5;-0.0005;0.0000;-0.0041;0.0000;-1;-1;-0.0049;-0.0012;-0.0012;-0.0000;-0.0000;0.0000;-0.0000;11385
958.0;-0.0005;0.0000;-0.0014;0.0000;-1;-1;-0.0049;-0.0012;-0.0012;-0.0000;-0.0000;0.0000;-0.0000;11436
958.5;-0.0005;0.0000;0.0000;0.0000;-1;-1;-0.0049;-0.0012;-0.0012;-0.0000;-0.0000;0.0000;-0.0000;11436
959.0;-0.0005;0.0000;0.0082;0.0000;-1;-1;-0.0049;-0.0012;-0.0012;-0.0000;-0.0000;0.0000;-0.0000;11436
959.5;-0.0005;0.0000;0.0000;0.0000;-1;-1;-0.0049;-0.0012;-0.0012;-0.0000;-0.0000;0.0000;-0.0000;11436
960.0;-0.0005;0.0000;0.0027;0.0000;-1;-1;-0.0049;-0.0012;-0.0012;-0.0000;-0.0000;0.0000;-0.0000;11385
960.5;-0.0005;0.0000;-0.0041;0.0000;-1;-1;-0.0049;-0.0012;-0.0012;-0.0000;-0.0000;0.0000;-0.0000;11385
961.0;-0.0005;0.0000;-0.0041;0.0000;-1;-1;-0.0049;-0.0012;-0.0012;-0.0000;-0.0000;0.0000;-0.0000;11385
961.5;-0.0005;0.0000;-0.0055;0.0000;-1;-1;-0.0049;-0.0012;-0.0012;-0.0000;-0.0000;0.0000;-0.0000;11385
962.0;-0.0005;0.0000;-0.0041;0.0000;-1;-1;-0.0049;-0.0012;-0.0012;-0.0000;-0.0000;0.0000;-0.0000;11385
962.5;-0.0005;0.0000;0.0014;0.0000;-1;-1;-0.0049;-0.0012;-0.0012;-0.0000;-0.0000;0.0000;-0.0000;11385
963.0;-0.0005;0.0000;0.0027;0.0000;-1;-1;-0.0049;-0.0012;-0.0012;-0.0000;-0.0000;0.0000;-0.0000;11385
963.5;-0.0005;0.0000;-0.0055;0.0000;-1;-1;-0.0049;-0.0012;-0.0012;-0.0000;-0.0000;0.0000;-0.0000;11333
964.0;-0.0005;0.0000;0.0014;0.0000;-1;-1;-0.0049;-0.0012;-0.0012;-0.0000;-0.0000;0.0000;-0.0000;11333
964.5;-0.0005;0.0000;0.0027;0.0000;-1;-1;-0.0049;-0.0012;-0.0012;-0.0000;-0.0000;0.0000;-0.0000;11385
965.0;-0.0005;0.0000;0.0041;0.0000;-1;-1;-0.0049;-0.0012;-0.0012;-0.0000;-0.0000;0.0000;-0.0000;11385
965.5;-0.0005;0.0000;0.0027;0.0000;-1;-1;-0.0049;-0.0012;-0.0012;-0.0000;-0.0000;0.0000;-0.0000;11385
966.0;-0.0005;0.0000;-0.0055;0.0000;-1;-1;-0.0049;-0.0012;-0.0012;-0.0000;-0.0000;0.0000;-0.0000;11385
966.5;-0.0005;0.0000;0.0027;0.0000;-1;-1;-0.0049;-0.0012;-0.0012;-0.0000;-0.0000;0.0000;-0.0000;11385
967.0;-0.0005;0.0000;0.0027;0.0000;-1;-1;-0.0049;-0.0012;-0.0012;-0.0000;-0.0000;0.0000;-0.0000;11385
967.5;-0.0005;0.0000;0.0055;0.0000;-1;-1;-0.0049;-0.0012;-0.0012;-0.0000;-0.0000;0.0000;-0.0000;11385
968.0;-0.0005;0.0000;0.0000;0.0000;-1;-1;-0.0049;-0.0012;-0.0012;-0.0000;-0.0000;0.0000;-0.0000;11385
968.5;-0.0005;0.0000;0.0041;0.0000;-1;-1;-0.0049;-0.0012;-0.0012;-0.0000;-0.0000;0.0000;-0.0000;11385
969.0;-0.0005;0.0000;0.0055;0.0000;-1;-1;-0.0049;-0.0012;-0.0012;-0.0000;-0.0000;0.0000;-0.0000;11436
969.5;-0.0005;0.0000;-0.0041;0.0000;-1;-1;-0.0049;-0.0012;-0.0012;-0.0000;-0.0000;0.0000;-0.0000;11436
970.0;-0.0005;0.0000;0.0014;0.0000;-1;-1;-0.0049;-0.0012;-0.0012;-0.0000;-0.0000;0.0000;-0.0000;11436
970.5;-0.0005;0.0000;0.0000;0.0000;-1;-1;-0.0049;-0.0012;-0.0012;-0.0000;-0.0000;0.0000;-0.0000;11436
971.0;-0.0005;0.0000;0.0041;0.0000;-1;-1;-0.0049;-0.0012;-0.0012;-0.0000;-0.0000;0.0000;-0.0000;11436
971.5;-0.0005;0.0000;-0.0014;0.0000;-1;-1;-0.0049;-0.0012;-0.0012;-0.0000;-0.0000;0.0000;-0.0000;11385
972.0;-0.0005;0.0000;-0.0027;0.0000;-1;-1;-0.0049;-0.0012;-0.0012;-0.0000;-0.0000;0.0000;-0.0000;11385
972.5;-0.0005;0.0000;0.0027;0.0000;-1;-1;-0.0049;-0.0012;-0.0012;-0.0000;-0.0000;0.0000;-0.0000;11385
973.0;-0.0005;0.0000;0.0000;0.0000;-1;-1;-0.0049;-0.0012;-0.0012;-0.0000;-0.0000;0.0000;-0.0000;11385
973.5;-0.0005;0.0000;0.0027;0.0000;-1;-1;-0.0049;-0.0012;-0.0012;-0.0000;-0.0000;0.0000;-0.0000;11333
974.0;-0.0005;0.0000;0.0000;0.0000;-1;-1;-0.0049;-0.0012;-0.0012;-0.0000;-0.0000;0.0000;-0.0000;11333
974.5;-0.0005;0.0000;0.0000;0.0000;-1;-1;-0.0049;-0.0012;-0.0012;-0.0000;-0.0000;0.0000;-0.0000;11385
975.0;-0.0005;0.0000;-0.0055;0.0000;-1;-1;-0.0049;-0.0012;-0.0012;-0.0000;-0.0000;0.0000;-0.0000;11385
975.5;-0.0005;0.0000;-0.0069;0.0000;-1;-1;-0.0049;-0.0012;-0.0012;-0.0000;-0.0000;0.0000;-0.0000;11385
976.0;-0.0005;0.0000;-0.0096;0.0000;-1;-1;-0.0049;-0.0012;-0.0012;-0.0000;-0.0000;0.0000;-0.0000;11385
976.5;-0.0005;0.0000;-0.0069;0.0000;-1;-1;-0.0049;-0.0012;-0.0012;-0.0000;-0.0000;0.0000;-0.0000;11385
977.0;-0.0005;0.0000;-0.0055;0.0000;-1;-1;-0.0049;-0.0012;-0.0012;-0.0000;-0.0000;0.0000;-0.0000;11385
977.5;-0.0005;0.0000;-0.0055;0.0000;-1;-1;-0.0049;-0.0012;-0.0012;-0.0000;-0.0000;0.0000;-0.0000;11385
978.0;-0.0005;0.0000;-0.0014;0.0000;-1;-1;-0.0049;-0.0012;-0.0012;-0.0000;-0.0000;0.0000;-0.0000;11385
978.5;-0.0005;0.0000;0.0027;0.0000;-1;-1;-0.0049;-0.0012;-0.0012;-0.0000;-0.0000;0.0000;-0.0000;11385
979.0;-0.0005;0.0000;0.0027;0.0000;-1;-1;-0.0049;-0.0012;-0.0012;-0.0000;-0.0000;0.0000;-0.0000;11385
979.5;-0.0005;0.0000;0.0027;0.0000;-1;-1;-0.0049;-0.0012;-0.0012;-0.0000;-0.0000;0.0000;-0.0000;11385
980.0;-0.0005;0.0000;0.0041;0.0000;-1;-1;-0.0049;-0.0012;-0.0012;-0.0000;-0.0000;0.0000;-0.0000;11385
980.5;-0.0005;0.0000;0.0000;0.0000;-1;-1;-0.0049;-0.0012;-0.0012;-0.0000;-0.0000;0.0000;-0.0000;11436
981.0;-0.0005;0.0000;0.0055;0.0000;-1;-1;-0.0049;-0.0012;-0.0012;-0.0000;-0.0000;0.0000;-0.0000;11436
981.5;-0.0005;0.0000;0.0069;0.0000;-1;-1;-0.0049;-0.0012;-0.0012;-0.0000;-0.0000;0.0000;-0.0000;11436
982.0;-0.0005;0.0000;0.0014;0.0000;-1;-1;-0.0049;-0.0012;-0.0012;-0.0000;-0.0000;0.0000;-0.0000;11436
982.5;-0.0005;0.0000;-0.0027;0.0000;-1;-1;-0.0049;-0.0012;-0.0012;-0.0000;-0.0000;0.0000;-0.0000;11436
983.0;-0.0005;0.0000;0.0055;0.0000;-1;-1;-0.0049;-0.0012;-0.0012;-0.0000;-0.0000;0.0000;-0.0000;11385
983.5;-0.0005;0.0000;0.0124;0.0000;-1;-1;-0.0049;-0.0012;-0.0012;-0.0000;-0.0000;0.0000;-0.0000;11385
984.0;-0.0005;0.0000;0.0110;0.0000;-1;-1;-0.0049;-0.0012;-0.0012;-0.0000;-0.0000;0.0000;-0.0000;11385
984.5;-0.0005;0.0000;0.0041;0.0000;-1;-1;-0.0049;-0.0012;-0.0012;-0.0000;-0.0000;0.0000;-0.0000;11385
985.0;-0.0005;0.0000;0.0110;0.0000;-1;-1;-0.0049;-0.0012;-0.0012;-0.0000;-0.0000;0.0000;-0.0000;11385
985.5;-0.0005;0.0000;0.0110;0.0000;-1;-1;-0.0049;-0.0012;-0.0012;-0.0000;-0.0000;0.0000;-0.0000;11385
986.0;-0.0005;0.0000;0.0000;0.0000;-1;-1;-0.0049;-0.0012;-0.0012;-0.0000;-0.0000;0.0000;-0.0000;11333
986.5;-0.0005;0.0000;0.0014;0.0000;-1;-1;-0.0049;-0.0012;-0.0012;-0.0000;-0.0000;0.0000;-0.0000;11385
987.0;-0.0005;0.0000;0.0014;0.0000;-1;-1;-0.0049;-0.0012;-0.0012;-0.0000;-0.0000;0.0000;-0.0000;11385
987.5;-0.0005;0.0000;-0.0027;0.0000;-1;-1;-0.0049;-0.0012;-0.0012;-0.0000;-0.0000;0.0000;-0.0000;11385
988.0;-0.0005;0.0000;0.0014;0.0000;-1;-1;-0.0049;-0.0012;-0.0012;-0.0000;-0.0000;0.0000;-0.0000;11385
988.5;-0.0005;0.0000;-0.0151;0.0000;-1;-1;-0.0049;-0.0012;-0.0012;-0.0000;-0.0000;0.0000;-0.0000;11385
989.0;-0.0005;0.0000;-0.0124;0.0000;-1;-1;-0.0049;-0.0012;-0.0012;-0.0000;-0.0000;0.0000;-0.0000;11385
989.5;-0.0005;0.0000;-0.0124;0.0000;-1;-1;-0.0049;-0.0012;-0.0012;-0.0000;-0.0000;0.0000;-0.0000;11385
990.0;-0.0005;0.0000;-0.0137;0.0000;-1;-1;-0.0049;-0.0012;-0.0012;-0.0000;-0.0000;0.0000;-0.0000;11385
990.5;-0.0005;0.0000;-0.0082;0.0000;-1;-1;-0.0049;-0.0012;-0.0012;-0.0000;-0.0000;0.0000;-0.0000;11385
991.0;-0.0005;0.0000;-0.0082;0.0000;-1;-1;-0.0049;-0.0012;-0.0012;-0.0000;-0.0000;0.0000;-0.0000;11385
991.5;-0.0005;0.0000;-0.0096;0.0000;-1;-1;-0.0049;-0.0012;-0.0012;-0.0000;-0.0000;0.0000;-0.0000;11385
992.0;-0.0005;0.0000;-0.0082;0.0000;-1;-1;-0.0049;-0.0012;-0.0012;-0.0000;-0.0000;0.0000;-0.0000;11436
992.5;-0.0005;0.0000;-0.0110;0.0000;-1;-1;-0.0049;-0.0012;-0.0012;-0.0000;-0.0000;0.0000;-0.0000;11436
993.0;-0.0005;0.0000;-0.0069;0.0000;-1;-1;-0.0049;-0.0012;-0.0012;-0.0000;-0.0000;0.0000;-0.0000;11436
993.5;-0.0005;0.0000;-0.0041;0.0000;-1;-1;-0.0049;-0.0012;-0.0012;-0.0000;-0.0000;0.0000;-0.0000;11436
994.0;-0.0005;0.0000;-0.0027;0.0000;-1;-1;-0.0049;-0.0012;-0.0012;-0.0000;-0.0000;0.0000;-0.0000;11385
994.5;-0.0005;0.0000;0.0014;0.0000;-1;-1;-0.0049;-0.0012;-0.0012;-0.0000;-0.0000;0.0000;-0.0000;11385
995.0;-0.0005;0.0000;-0.0014;0.0000;-1;-1;-0.0049;-0.0012;-0.0012;-0.0000;-0.0000;0.0000;-0.0000;11385
995.5;-0.0005;0.0000;0.0000;0.0000;-1;-1;-0.0049;-0.0012;-0.0012;-0.0000;-0.0000;0.0000;-0.0000;11385
996.0;-0.0005;0.0000;0.0069;0.0000;-1;-1;-0.0049;-0.0012;-0.0012;-0.0000;-0.0000;0.0000;-0.0000;11385
996.5;-0.0005;0.0000;0.0179;0.0000;-1;-1;-0.0049;-0.0012;-0.0012;-0.0000;-0.0000;0.0000;-0.0000;11385
997.0;-0.0005;0.0000;0.0151;0.0000;-1;-1;-0.0049;-0.0012;-0.0012;-0.0000;-0.0000;0.0000;-0.0000;11333
997.5;-0.0005;0.0000;0.0069;0.0000;-1;-1;-0.0049;-0.0012;-0.0012;-0.0000;-0.0000;0.0000;-0.0000;11385
998.0;-0.0005;0.0000;0.0069;0.0000;-1;-1;-0.0049;-0.0012;-0.0012;-0.0000;-0.0000;0.0000;-0.0000;11385
998.5;-0.0005;0.0000;-0.0041;0.0000;-1;-1;-0.0049;-0.0012;-0.0012;-0.0000;-0.0000;0.0000;-0.0000;11385
999.0;-0.0005;0.0000;0.0000;0.0000;-1;-1;-0.0049;-0.0012;-0.0012;-0.0000;-0.0000;0.0000;-0.0000;11385
999.5;-0.0005;0.0000;-0.0110;0.0000;-1;-1;-0.0049;-0.0012;-0.0012;-0.0000;-0.0000;0.0000;-0.0000;11385
1000.0;-0.0005;0.0000;-0.0096;0.0000;-1;-1;-0.0049;-0.0012;-0.0012;-0.0000;-0.0000;0.0000;-0.0000;11385
1000.5;-0.0005;0.0000;-0.0055;0.0000;-1;-1;-0.0049;-0.0012;-0.0012;-0.0000;-0.0000;0.0000;-0.0000;11385
1001.0;-0.0005;0.0000;-0.0069;0.0000;-1;-1;-0.0049;-0.0012;-0.0012;-0.0000;-0.0000;0.0000;-0.0000;11385
1001.5;-0.0005;0.0000;-0.0082;0.0000;-1;-1;-0.0049;-0.0012;-0.0012;-0.0000;-0.0000;0.0000;-0.0000;11385
1002.0;-0.0005;0.0000;-0.0014;0.0000;-1;-1;-0.0049;-0.0012;-0.0012;-0.0000;-0.0000;0.0000;-0.0000;11385
1002.5;-0.0005;0.0000;-0.0027;0.0000;-1;-1;-0.0049;-0.0012;-0.0012;-0.0000;-0.0000;0.0000;-0.0000;11385
1003.0;-0.0005;0.0000;-0.0069;0.0000;-1;-1;-0.0049;-0.0012;-0.0012;-0.0000;-0.0000;0.0000;-0.0000;11436
1003.5;-0.0005;0.0000;-0.0069;0.0000;-1;-1;-0.0049;-0.0012;-0.0012;-0.0000;-0.0000;0.0000;-0.0000;11436
1004.0;-0.0005;0.0000;-0.0027;0.0000;-1;-1;-0.0049;-0.0012;-0.0012;-0.0000;-0.0000;0.0000;-0.0000;11436
1004.5;-0.0005;0.0000;0.0014;0.0000;-1;-1;-0.0049;-0.0012;-0.0012;-0.0000;-0.0000;0.0000;-0.0000;11436
1005.0;-0.0005;0.0000;-0.0069;0.0000;-1;-1;-0.0049;-0.0012;-0.0012;-0.0000;-0.0000;0.0000;-0.0000;11436
1005.5;-0.0005;0.0000;-0.0041;0.0000;-1;-1;-0.0049;-0.0012;-0.0012;-0.0000;-0.0000;0.0000;-0.0000;11385
1006.0;-0.0005;0.0000;-0.0027;0.0000;-1;-1;-0.0049;-0.0012;-0.0012;-0.0000;-0.0000;0.0000;-0.0000;11385
1006.5;-0.0005;0.0000;-0.0041;0.0000;-1;-1;-0.0049;-0.0012;-0.0012;-0.0000;-0.0000;0.0000;-0.0000;11385
1007.0;-0.0005;0.0000;-0.0014;0.0000;-1;-1;-0.0049;-0.0012;-0.0012;-0.0000;-0.0000;0.0000;-0.0000;11385
1007.5;-0.0005;0.0000;-0.0041;0.0000;-1;-1;-0.0049;-0.0012;-0.0012;-0.0000;-0.0000;0.0000;-0.0000;11385
1008.0;-0.0005;0.0000;0.0027;0.0000;-1;-1;-0.0049;-0.0012;-0.0012;-0.0000;-0.0000;0.0000;-0.0000;11385
1008.5;-0.0005;0.0000;-0.0014;0.0000;-1;-1;-0.0049;-0.0012;-0.0012;-0.0000;-0.0000;0.0000;-0.0000;11385
1009.0;-0.0005;0.0000;0.0000;0.0000;-1;-1;-0.0049;-0.0012;-0.0012;-0.0000;-0.0000;0.0000;-0.0000;11333
1009.5;-0.0005;0.0000;0.0014;0.0000;-1;-1;-0.0049;-0.0012;-0.0012;-0.0000;-0.0000;0.0000;-0.0000;11385
1010.0;-0.0005;0.0000;-0.0014;0.0000;-1;-1;-0.0049;-0.0012;-0.0012;-0.0000;-0.0000;0.0000;-0.0000;11385
1010.5;-0.0005;0.0000;0.0041;0.0000;-1;-1;-0.0049;-0.0012;-0.0012;-0.0000;-0.0000;0.0000;-0.0000;11385
1011.0;-0.0005;0.0000;0.0082;0.0000;-1;-1;-0.0049;-0.0012;-0.0012;-0.0000;-0.0000;0.0000;-0.0000;11385
1011.5;-0.0005;0.0000;0.0041;0.0000;-1;-1;-0.0049;-0.0012;-0.0012;-0.0000;-0.0000;0.0000;-0.0000;11385
1012.0;-0.0005;0.0000;0.0055;0.0000;-1;-1;-0.0049;-0.0012;-0.0012;-0.0000;-0.0000;0.0000;-0.0000;11385
1012.5;-0.0005;0.0000;0.0055;0.0000;-1;-1;-0.0049;-0.0012;-0.0012;-0.0000;-0.0000;0.0000;-0.0000;11385
1013.0;-0.0005;0.0000;0.0027;0.0000;-1;-1;-0.0049;-0.0012;-0.0012;-0.0000;-0.0000;0.0000;-0.0000;11385
1013.5;-0.0005;0.0000;-0.0014;0.0000;-1;-1;-0.0049;-0.0012;-0.0012;-0.0000;-0.0000;0.0000;-0.0000;11385
1014.0;-0.0005;0.0000;-0.0041;0.0000;-1;-1;-0.0049;-0.0012;-0.0012;-0.0000;-0.0000;0.0000;-0.0000;11385
1014.5;-0.0005;0.0000;-0.0041;0.0000;-1;-1;-0.0049;-0.0012;-0.0012;-0.0000;-0.0000;0.0000;-0.0000;11436
1015.0;-0.0005;0.0000;-0.0027;0.0000;-1;-1;-0.0049;-0.0012;-0.0012;-0.0000;-0.0000;0.0000;-0.0000;11436
1015.5;-0.0005;0.0000;0.0014;0.0000;-1;-1;-0.0049;-0.0012;-0.0012;-0.0000;-0.0000;0.0000;-0.0000;11436
1016.0;-0.0005;0.0000;-0.0041;0.0000;-1;-1;-0.0049;-0.0012;-0.0012;-0.0000;-0.0000;0.0000;-0.0000;11436
1016.5;-0.0005;0.0000;-0.0096;0.0000;-1;-1;-0.0049;-0.0012;-0.0012;-0.0000;-0.0000;0.0000;-0.0000;11385
1017.0;-0.0005;0.0000;-0.0137;0.0000;-1;-1;-0.0049;-0.0012;-0.0012;-0.0000;-0.0000;0.0000;-0.0000;11385
1017.5;-0.0005;0.0000;-0.0110;0.0000;-1;-1;-0.0049;-0.0012;-0.0012;-0.0000;-0.0000;0.0000;-0.0000;11385
1018.0;-0.0005;0.0000;-0.0096;0.0000;-1;-1;-0.0049;-0.0012;-0.0012;-0.0000;-0.0000;0.0000;-0.0000;11385
1018.5;-0.0005;0.0000;-0.0069;0.0000;-1;-1;-0.0049;-0.0012;-0.0012;-0.0000;-0.0000;0.0000;-0.0000;11385
1019.0;-0.0005;0.0000;-0.0110;0.0000;-1;-1;-0.0049;-0.0012;-0.0012;-0.0000;-0.0000;0.0000;-0.0000;11385
1019.5;-0.0005;0.0000;-0.0096;0.0000;-1;-1;-0.0049;-0.0012;-0.0012;-0.0000;-0.0000;0.0000;-0.0000;11333
1020.0;-0.0005;0.0000;-0.0069;0.0000;-1;-1;-0.0049;-0.0012;-0.0012;-0.0000;-0.0000;0.0000;-0.0000;11333
1020.5;-0.0005;0.0000;-0.0027;0.0000;-1;-1;-0.0049;-0.0012;-0.0012;-0.0000;-0.0000;0.0000;-0.0000;11385
1021.0;-0.0005;0.0000;-0.0014;0.0000;-1;-1;-0.0049;-0.0012;-0.0012;-0.0000;-0.0000;0.0000;-0.0000;11385
1021.5;-0.0005;0.0000;-0.0069;0.0000;-1;-1;-0.0049;-0.0012;-0.0012;-0.0000;-0.0000;0.0000;-0.0000;11385
1022.0;-0.0005;0.0000;0.0000;0.0000;-1;-1;-0.0049;-0.0012;-0.0012;-0.0000;-0.0000;0.0000;-0.0000;11385
1022.5;-0.0005;0.0000;0.0000;0.0000;-1;-1;-0.0049;-0.0012;-0.0012;-0.0000;-0.0000;0.0000;-0.0000;11385
1023.0;-0.0005;0.0000;0.0069;0.0000;-1;-1;-0.0049;-0.0012;-0.0012;-0.0000;-0.0000;0.0000;-0.0000;11385
1023.5;-0.0005;0.0000;-0.0027;0.0000;-1;-1;-0.0049;-0.0012;-0.0012;-0.0000;-0.0000;0.0000;-0.0000;11385
1024.0;-0.0005;0.0000;-0.0014;0.0000;-1;-1;-0.0049;-0.0012;-0.0012;-0.0000;-0.0000;0.0000;-0.0000;11385
1024.5;-0.0005;0.0000;-0.0110;0.0000;-1;-1;-0.0049;-0.0012;-0.0012;-0.0000;-0.0000;0.0000;-0.0000;11385
1025.0;-0.0005;0.0000;-0.0124;0.0000;-1;-1;-0.0049;-0.0012;-0.0012;-0.0000;-0.0000;0.0000;-0.0000;11385
1025.5;-0.0005;0.0000;-0.0027;0.0000;-1;-1;-0.0049;-0.0012;-0.0012;-0.0000;-0.0000;0.0000;-0.0000;11436
1026.0;-0.0005;0.0000;-0.0014;0.0000;-1;-1;-0.0049;-0.0012;-0.0012;-0.0000;-0.0000;0.0000;-0.0000;11436
1026.5;-0.0005;0.0000;0.0014;0.0000;-1;-1;-0.0049;-0.0012;-0.0012;-0.0000;-0.0000;0.0000;-0.0000;11436
1027.0;-0.0005;0.0000;-0.0027;0.0000;-1;-1;-0.0049;-0.0012;-0.0012;-0.0000;-0.0000;0.0000;-0.0000;11436
1027.5;-0.0005;0.0000;0.0055;0.0000;-1;-1;-0.0049;-0.0012;-0.0012;-0.0000;-0.0000;0.0000;-0.0000;11436
1028.0;-0.0005;0.0000;0.0055;0.0000;-1;-1;-0.0049;-0.0012;-0.0012;-0.0000;-0.0000;0.0000;-0.0000;11385
1028.5;-0.0005;0.0000;0.0055;0.0000;-1;-1;-0.0049;-0.0012;-0.0012;-0.0000;-0.0000;0.0000;-0.0000;11385
1029.0;-0.0005;0.0000;-0.0027;0.0000;-1;-1;-0.0049;-0.0012;-0.0012;-0.0000;-0.0000;0.0000;-0.0000;11385
1029.5;-0.0005;0.0000;0.0014;0.0000;-1;-1;-0.0049;-0.0012;-0.0012;-0.0000;-0.0000;0.0000;-0.0000;11385
1030.0;-0.0005;0.0000;-0.0055;0.0000;-1;-1;-0.0049;-0.0012;-0.0012;-0.0000;-0.0000;0.0000;-0.0000;11385
1030.5;-0.0005;0.0000;-0.0124;0.0000;-1;-1;-0.0049;-0.0012;-0.0012;-0.0000;-0.0000;0.0000;-0.0000;11385
1031.0;-0.0005;0.0000;-0.0055;0.0000;-1;-1;-0.0049;-0.0012;-0.0012;-0.0000;-0.0000;0.0000;-0.0000;11385
1031.5;-0.0005;0.0000;-0.0110;0.0000;-1;-1;-0.0049;-0.0012;-0.0012;-0.0000;-0.0000;0.0000;-0.0000;11385
1032.0;-0.0005;0.0000;-0.0014;0.0000;-1;-1;-0.0049;-0.0012;-0.0012;-0.0000;-0.0000;0.0000;-0.0000;11385
1032.5;-0.0005;0.0000;-0.0069;0.0000;-1;-1;-0.0049;-0.0012;-0.0012;-0.0000;-0.0000;0.0000;-0.0000;11385
1033.0;-0.0005;0.0000;0.0055;0.0000;-1;-1;-0.0049;-0.0012;-0.0012;-0.0000;-0.0000;0.0000;-0.0000;11385
1033.5;-0.0005;0.0000;0.0069;0.0000;-1;-1;-0.0049;-0.0012;-0.0012;-0.0000;-0.0000;0.0000;-0.0000;11385
1034.0;-0.0005;0.0000;0.0055;0.0000;-1;-1;-0.0049;-0.0012;-0.0012;-0.0000;-0.0000;0.0000;-0.0000;11385
1034.5;-0.0005;0.0000;0.0000;0.0000;-1;-1;-0.0049;-0.0012;-0.0012;-0.0000;-0.0000;0.0000;-0.0000;11385
1035.0;-0.0005;0.0000;0.0027;0.0000;-1;-1;-0.0049;-0.0012;-0.0012;-0.0000;-0.0000;0.0000;-0.0000;11385
1035.5;-0.0005;0.0000;0.0014;0.0000;-1;-1;-0.0049;-0.0012;-0.0012;-0.0000;-0.0000;0.0000;-0.0000;11385
1036.0;-0.0005;0.0000;0.0069;0.0000;-1;-1;-0.0049;-0.0012;-0.0012;-0.0000;-0.0000;0.0000;-0.0000;11385
1036.5;-0.0005;0.0000;0.0000;0.0000;-1;-1;-0.0049;-0.0012;-0.0012;-0.0000;-0.0000;0.0000;-0.0000;11385
1037.0;-0.0005;0.0000;0.0041;0.0000;-1;-1;-0.0049;-0.0012;-0.0012;-0.0000;-0.0000;0.0000;-0.0000;11436
1037.5;-0.0005;0.0000;0.0082;0.0000;-1;-1;-0.0049;-0.0012;-0.0012;-0.0000;-0.0000;0.0000;-0.0000;11436
1038.0;-0.0005;0.0000;0.0069;0.0000;-1;-1;-0.0049;-0.0012;-0.0012;-0.0000;-0.0000;0.0000;-0.0000;11436
1038.5;-0.0005;0.0000;0.0041;0.0000;-1;-1;-0.0049;-0.0012;-0.0012;-0.0000;-0.0000;0.0000;-0.0000;11436
1039.0;-0.0005;0.0000;-0.0027;0.0000;-1;-1;-0.0049;-0.0012;-0.0012;-0.0000;-0.0000;0.0000;-0.0000;11436
1039.5;-0.0005;0.0000;-0.0110;0.0000;-1;-1;-0.0049;-0.0012;-0.0012;-0.0000;-0.0000;0.0000;-0.0000;11385
1040.0;-0.0005;0.0000;-0.0165;-0.0014;26;-28;-0.0049;-0.0012;-0.0012;-0.0000;-0.0000;-0.1333;-0.0000;11385
1040.5;-0.0005;0.0000;-0.0055;-0.0027;26;-28;-0.0049;-0.0012;-0.0012;-0.0000;-0.0000;-0.1333;-0.0000;11385
1041.0;-0.0005;0.0000;-0.0041;-0.0055;26;-28;-0.0049;-0.0012;-0.0012;-0.0010;-0.0000;-0.1333;-0.0000;11333
1041.5;-0.0005;0.0000;0.0082;-0.0082;28;-30;-0.0049;-0.0012;-0.0012;-0.0010;-0.0000;-0.1333;-0.0000;11385
1042.0;-0.0005;0.0000;0.0110;-0.0124;28;-30;-0.0049;-0.0012;-0.0012;-0.0010;-0.0010;-0.1333;-0.0000;11385
1042.5;-0.0005;0.0000;0.0014;-0.0165;28;-30;-0.0049;-0.0012;-0.0012;-0.0010;-0.0010;-0.1373;-0.0000;11385
1043.0;-0.0005;0.0000;-0.0014;-0.0220;28;-30;-0.0049;-0.0012;-0.0012;-0.0010;-0.0010;-0.1373;-0.0000;11333
1043.5;-0.0005;0.0000;-0.0096;-0.0275;28;-30;-0.0049;-0.0012;-0.0012;-0.0010;-0.0010;-0.1373;-0.0000;11385
1044.0;-0.0005;0.0000;-0.0124;-0.0343;28;-30;-0.0049;-0.0012;-0.0012;-0.0010;-0.0010;-0.1373;-0.0000;11385
1044.5;-0.0005;0.0000;-0.0055;-0.0426;28;-30;-0.0049;-0.0012;-0.0012;-0.0020;-0.0010;-0.1373;-0.0000;11385
1045.0;-0.0005;0.0000;-0.0014;-0.0508;28;-30;-0.0049;-0.0012;-0.0012;-0.0029;-0.0010;-0.1373;-0.0000;11385
1045.5;-0.0005;0.0000;0.0000;-0.0591;28;-30;-0.0049;-0.0012;-0.0012;-0.0029;-0.0010;-0.1412;-0.0000;11385
1046.0;-0.0005;0.0000;0.0027;-0.0687;30;-32;-0.0049;-0.0012;-0.0012;-0.0039;-0.0010;-0.1412;-0.0000;11385
1046.5;-0.0005;0.0000;0.0055;-0.0797;30;-32;-0.0049;-0.0012;-0.0012;-0.0039;-0.0010;-0.1412;-0.0000;11385
1047.0;-0.0005;0.0000;0.0000;-0.0907;30;-32;-0.0049;-0.0012;-0.0012;-0.0039;-0.0010;-0.1412;-0.0000;11385
1047.5;-0.0005;0.0000;0.0055;-0.1030;30;-32;-0.0049;-0.0012;-0.0012;-0.0049;-0.0010;-0.1412;-0.0000;11385
1048.0;-0.0005;0.0000;0.0000;-0.1154;30;-32;-0.0049;-0.0012;-0.0012;-0.0049;-0.0010;-0.1412;-0.0000;11436
1048.5;-0.0005;0.0000;-0.0027;-0.1291;30;-32;-0.0049;-0.0012;-0.0012;-0.0059;-0.0010;-0.1451;-0.0000;11436
1049.0;-0.0005;0.0000;-0.0082;-0.1429;30;-32;-0.0049;-0.0012;-0.0012;-0.0059;-0.0010;-0.1451;-0.0000;11436
1049.5;-0.0005;0.0000;-0.0069;-0.1580;30;-32;-0.0049;-0.0012;-0.0012;-0.0068;-0.0010;-0.1451;-0.0000;11436
1050.0;-0.0005;0.0000;-0.0124;-0.1744;30;-32;-0.0049;-0.0012;-0.0012;-0.0068;-0.0010;-0.1451;-0.0000;11436
1050.5;-0.0005;0.0000;-0.0082;-0.1909;32;-34;-0.0049;-0.0012;-0.0012;-0.0078;-0.0010;-0.1451;-0.0000;11385
1051.0;-0.0005;0.0000;-0.0069;-0.2074;32;-34;-0.0049;-0.0012;-0.0012;-0.0088;-0.0010;-0.1451;-0.0000;11385
1051.5;-0.0005;0.0000;-0.0041;-0.2253;32;-34;-0.0049;-0.0012;-0.0012;-0.0098;-0.0010;-0.1490;-0.0000;11385
1052.0;-0.0005;0.0000;-0.0069;-0.2445;32;-34;-0.0049;-0.0012;-0.0012;-0.0108;-0.0010;-0.1490;-0.0000;11385
1052.5;-0.0005;0.0000;0.0014;-0.2637;32;-34;-0.0049;-0.0012;-0.0012;-0.0117;-0.0010;-0.1490;-0.0000;11333
1053.0;-0.0005;0.0000;0.0041;-0.2843;34;-36;-0.0049;-0.0012;-0.0012;-0.0127;-0.0010;-0.1490;-0.0000;11333
1053.5;-0.0005;0.0000;-0.0027;-0.3049;34;-36;-0.0049;-0.0012;-0.0012;-0.0137;-0.0010;-0.1490;-0.0000;11333
1054.0;-0.0005;0.0000;-0.0027;-0.3269;34;-36;-0.0049;-0.0012;-0.0012;-0.0137;-0.0010;-0.1490;-0.0000;11333
1054.5;-0.0005;0.0000;-0.0027;-0.3489;34;-36;-0.0049;-0.0012;-0.0012;-0.0147;-0.0010;-0.1529;-0.0000;11333
1055.0;-0.0005;0.0000;0.0027;-0.3723;34;-36;-0.0049;-0.0012;-0.0012;-0.0166;-0.0010;-0.1529;-0.0000;11385
1055.5;-0.0005;0.0000;0.0041;-0.3970;36;-38;-0.0049;-0.0012;-0.0012;-0.0176;-0.0010;-0.1529;-0.0000;11385
1056.0;-0.0005;0.0000;0.0041;-0.4217;36;-38;-0.0049;-0.0012;-0.0012;-0.0186;-0.0020;-0.1529;-0.0000;11385
1056.5;-0.0005;0.0000;0.0055;-0.4464;36;-38;-0.0049;-0.0012;-0.0012;-0.0196;-0.0020;-0.1529;-0.0000;11385
1057.0;-0.0005;0.0000;-0.0027;-0.4725;36;-38;-0.0049;-0.0012;-0.0012;-0.0205;-0.0020;-0.1529;-0.0000;11333
1057.5;-0.0005;0.0000;-0.0027;-0.5000;36;-38;-0.0049;-0.0012;-0.0012;-0.0215;-0.0020;-0.1569;-0.0000;11333
1058.0;-0.0005;0.0000;-0.0124;-0.5275;38;-40;-0.0049;-0.0012;-0.0012;-0.0225;-0.0020;-0.1569;-0.0000;11385
1058.5;-0.0005;0.0000;-0.0110;-0.5563;38;-40;-0.0049;-0.0012;-0.0012;-0.0235;-0.0020;-0.1569;-0.0000;11333
1059.0;-0.0005;0.0000;-0.0137;-0.5852;38;-40;-0.0049;-0.0012;-0.0012;-0.0244;-0.0020;-0.1569;-0.0000;11385
1059.5;-0.0005;0.0000;-0.0206;-0.6154;38;-40;-0.0049;-0.0012;-0.0012;-0.0254;-0.0020;-0.1569;-0.0000;11436
1060.0;-0.0005;0.0000;-0.0302;-0.6470;38;-40;-0.0049;-0.0012;-0.0012;-0.0264;-0.0020;-0.1608;-0.0000;11436
1060.5;-0.0005;0.0000;-0.0398;-0.6786;38;-40;-0.0049;-0.0012;-0.0012;-0.0274;-0.0029;-0.1608;-0.0000;11436
1061.0;-0.0005;0.0000;-0.0494;-0.7102;40;-42;-0.0049;-0.0012;-0.0012;-0.0283;-0.0029;-0.1608;-0.0000;11436
1061.5;-0.0005;0.0000;-0.0728;-0.7431;40;-42;-0.0049;-0.0012;-0.0012;-0.0283;-0.0029;-0.1608;-0.0000;11385
1062.0;-0.0005;0.0000;-0.1058;-0.7775;40;-42;-0.0049;-0.0012;-0.0012;-0.0283;-0.0029;-0.1608;-0.0000;11385
1062.5;-0.0005;0.0000;-0.1662;-0.8118;40;-42;0.0049;-0.0012;-0.0012;-0.0274;-0.0029;-0.1647;-0.0000;11385
1063.0;-0.0005;0.0000;-0.2115;-0.8462;40;-42;0.0049;-0.0012;-0.0012;-0.0274;-0.0029;-0.1647;-0.0000;11385
1063.5;-0.0005;0.0000;-0.2940;-0.8832;40;-42;0.0049;-0.0012;-0.0012;-0.0254;-0.0029;-0.1647;-0.0000;11385
1064.0;-0.0005;0.0000;-0.3846;-0.9190;40;-42;0.0049;-0.0012;-0.0012;-0.0225;-0.0039;-0.1647;-0.0000;11333
1064.5;0.0005;0.0000;-0.4849;-0.9574;34;-38;-0.0733;-0.0026;-0.0012;-0.0205;-0.0039;-0.1451;-0.0000;11333
1065.0;0.0009;0.0000;-0.5508;-0.9945;34;-38;0.0147;-0.0041;-0.0012;-0.0196;-0.0039;-0.1451;-0.0000;11333
1065.5;0.0014;0.0000;-0.6030;-1.0343;34;-38;0.0147;-0.0041;-0.0012;-0.0186;-0.0039;-0.1490;-0.0000;11333
1066.0;0.0014;0.0000;-0.6456;-1.0742;34;-38;0.0147;-0.0056;-0.0012;-0.0186;-0.0039;-0.1490;-0.0000;11333
1066.5;0.0014;0.0000;-0.6648;-1.1140;34;-38;0.0147;-0.0056;-0.0012;-0.0196;-0.0039;-0.1490;-0.0000;11385
1067.0;0.0018;0.0000;-0.6854;-1.1552;34;-40;0.0147;-0.0056;-0.0012;-0.0205;-0.0039;-0.1490;-0.0000;11385
1067.5;0.0018;0.0000;-0.6827;-1.1978;34;-40;0.0147;-0.0056;-0.0012;-0.0225;-0.0039;-0.1490;-0.0000;11385
1068.0;0.0023;0.0000;-0.6978;-1.2404;34;-42;-0.0635;-0.0070;-0.0012;-0.0235;-0.0039;-0.1529;-0.0000;11385
1068.5;0.0023;0.0000;-0.6978;-1.2843;36;-42;-0.0635;-0.0070;-0.0012;-0.0254;-0.0039;-0.1529;-0.0000;11333
1069.0;0.0018;0.0000;-0.7088;-1.3283;36;-42;0.0244;-0.0056;-0.0012;-0.0264;-0.0049;-0.1529;-0.0000;11333
1069.5;0.0018;0.0000;-0.7184;-1.3736;38;-42;0.0244;-0.0056;-0.0012;-0.0283;-0.0049;-0.1529;-0.0000;11333
1070.0;0.0018;0.0000;-0.7294;-1.4190;38;-42;0.0244;-0.0056;-0.0012;-0.0293;-0.0049;-0.1529;-0.0000;11333
1070.5;0.0014;0.0000;-0.7294;-1.4657;40;-44;0.0244;-0.0056;-0.0012;-0.0313;-0.0049;-0.1569;-0.0000;11436
1071.0;0.0014;0.0000;-0.7418;-1.5124;40;-46;-0.1417;-0.0056;-0.0012;-0.0332;-0.0049;-0.1569;-0.0000;11436
1071.5;0.0014;0.0000;-0.7898;-1.5604;40;-46;0.0244;-0.0041;-0.0012;-0.0332;-0.0049;-0.1569;-0.0000;11436
1072.0;0.0014;0.0000;-0.8365;-1.6099;40;-44;0.0244;-0.0041;-0.0012;-0.0332;-0.0059;-0.1569;-0.0000;11436
1072.5;0.0014;0.0000;-0.8929;-1.6593;40;-46;0.0244;-0.0041;-0.0012;-0.0323;-0.0059;-0.1569;-0.0000;11436
1073.0;0.0014;0.0000;-0.9492;-1.7088;42;-46;-0.1320;-0.0041;-0.0012;-0.0323;-0.0059;-0.1608;-0.0000;11385
1073.5;0.0014;0.0000;-1.0288;-1.7596;42;-46;0.0342;-0.0041;-0.0012;-0.0313;-0.0059;-0.1608;-0.0000;11385
1074.0;0.0014;0.0000;-1.1030;-1.8118;42;-46;0.0342;-0.0041;-0.0012;-0.0303;-0.0059;-0.1608;-0.0000;11385
1074.5;0.0009;0.0000;-1.1593;-1.8640;42;-46;0.0342;-0.0041;-0.0012;-0.0303;-0.0059;-0.1608;-0.0000;11385
1075.0;0.0009;0.0000;-1.2102;-1.9176;44;-46;-0.1222;-0.0041;-0.0012;-0.0303;-0.0059;-0.1608;-0.0000;11333
1075.5;0.0009;0.0000;-1.2486;-1.9712;44;-46;0.0342;-0.0041;-0.0012;-0.0313;-0.0068;-0.1647;-0.0000;11333
1076.0;0.0009;0.0000;-1.2898;-2.0261;44;-46;0.0440;-0.0041;-0.0012;-0.0313;-0.0068;-0.1647;-0.0000;11333
1076.5;0.0009;0.0000;-1.3352;-2.0824;44;-48;-0.1222;-0.0041;-0.0012;-0.0323;-0.0068;-0.1647;-0.0000;11333
1077.0;0.0009;0.0000;-1.3956;-2.1387;44;-48;0.0440;-0.0041;-0.0012;-0.0313;-0.0068;-0.1647;-0.0000;11333
1077.5;0.0000;0.0000;-1.4505;-2.1951;46;-48;-0.0342;-0.0012;-0.0012;-0.0323;-0.0068;-0.1647;-0.0000;11333
1078.0;0.0005;0.0000;-1.5110;-2.2527;46;-48;-0.0342;-0.0026;-0.0012;-0.0313;-0.0068;-0.1686;-0.0000;11333
1078.5;0.0005;0.0000;-1.5687;-2.3118;46;-48;0.0538;-0.0026;-0.0012;-0.0313;-0.0078;-0.1686;-0.0000;11333
1079.0;0.0005;0.0000;-1.6470;-2.3709;46;-48;-0.1124;-0.0026;-0.0012;-0.0313;-0.0078;-0.1686;-0.0000;11333
1079.5;0.0005;0.0000;-1.7074;-2.4313;46;-48;0.0538;-0.0026;-0.0012;-0.0313;-0.0078;-0.1686;-0.0000;11333
1080.0;0.0000;0.0000;-1.7816;-2.4918;46;-48;-0.0244;-0.0012;-0.0012;-0.0303;-0.0078;-0.1686;-0.0000;11333
1080.5;0.0000;0.0000;-1.8448;-2.5536;48;-48;-0.0244;-0.0012;-0.0012;-0.0303;-0.0078;-0.1725;-0.0000;11333
1081.0;0.0005;0.0000;-1.9148;-2.6154;46;-48;0.0635;-0.0026;-0.0012;-0.0303;-0.0078;-0.1725;-0.0000;11333
1081.5;0.0005;0.0000;-1.9863;-2.6786;48;-50;-0.0929;-0.0026;-0.0012;-0.0293;-0.0088;-0.1725;-0.0000;11333
1082.0;0.0005;0.0000;-2.0577;-2.7418;46;-50;0.0635;-0.0026;-0.0012;-0.0293;-0.0088;-0.1725;-0.0000;11385
1082.5;0.0005;0.0000;-2.1168;-2.8063;48;-50;-0.0929;-0.0026;-0.0012;-0.0293;-0.0088;-0.1765;-0.0000;11385
1083.0;0.0005;0.0000;-2.1744;-2.8723;48;-50;0.0733;-0.0026;-0.0012;-0.0293;-0.0088;-0.1765;-0.0000;11385
1083.5;0.0005;0.0000;-2.2308;-2.9382;48;-50;-0.0831;-0.0026;-0.0012;-0.0303;-0.0088;-0.1765;-0.0000;11385
1084.0;0.0014;0.0000;-2.3049;-3.0041;48;-52;-0.0049;-0.0041;-0.0012;-0.0303;-0.0088;-0.1765;-0.0000;11333
1084.5;0.0009;0.0000;-2.3929;-3.0714;48;-52;-0.0049;-0.0041;-0.0012;-0.0293;-0.0088;-0.1765;-0.0000;11385
1085.0;0.0009;0.0000;-2.4602;-3.1401;48;-52;-0.0831;-0.0041;-0.0012;-0.0293;-0.0098;-0.1804;-0.0000;11333
1085.5;0.0009;0.0000;-2.5302;-3.2088;48;-52;0.0831;-0.0026;-0.0012;-0.0293;-0.0098;-0.1804;-0.0000;11333
1086.0;0.0005;0.0000;-2.5962;-3.2788;50;-52;-0.0733;-0.0026;-0.0012;-0.0293;-0.0098;-0.1804;-0.0000;11333
1086.5;0.0005;0.0000;-2.6717;-3.3489;50;-54;-0.0733;-0.0026;-0.0012;-0.0293;-0.0098;-0.1804;-0.0000;11282
1087.0;0.0014;0.0000;-2.7624;-3.4203;50;-54;0.0147;-0.0041;-0.0012;-0.0283;-0.0098;-0.1843;-0.0000;11282
1087.5;0.0009;0.0000;-2.8393;-3.4931;50;-54;0.0147;-0.0041;-0.0012;-0.0283;-0.0098;-0.1843;-0.0000;11282
1088.0;0.0014;0.0000;-2.9258;-3.5659;50;-54;-0.0635;-0.0056;-0.0012;-0.0274;-0.0098;-0.1843;-0.0000;11282
1088.5;0.0023;0.0000;-3.0055;-3.6387;48;-56;0.0244;-0.0070;-0.0012;-0.0274;-0.0108;-0.1843;-0.0000;11333
1089.0;0.0023;0.0000;-3.0879;-3.7129;48;-56;0.0244;-0.0070;-0.0012;-0.0264;-0.0108;-0.1843;-0.0000;11333
1089.5;0.0023;0.0000;-3.1635;-3.7885;50;-56;-0.0538;-0.0070;-0.0012;-0.0264;-0.0108;-0.1882;-0.0000;11333
1090.0;0.0023;0.0000;-3.2473;-3.8626;50;-56;-0.0538;-0.0070;-0.0012;-0.0264;-0.0108;-0.1882;-0.0000;11333
1090.5;0.0023;0.0000;-3.3310;-3.9382;50;-56;-0.0440;-0.0070;-0.0012;-0.0264;-0.0108;-0.1882;-0.0000;11333
1091.0;0.0023;0.0000;-3.4011;-4.0137;50;-56;-0.0538;-0.0070;-0.0012;-0.0264;-0.0108;-0.1882;-0.0000;11282
1091.5;0.0027;0.0000;-3.5027;-4.0879;50;-56;0.0342;-0.0085;-0.0012;-0.0254;-0.0108;-0.1882;-0.0000;11282
1092.0;0.0027;0.0000;-3.6003;-4.1635;50;-56;0.0440;-0.0085;-0.0012;-0.0244;-0.0108;-0.1882;-0.0000;11282
1092.5;0.0023;0.0000;-3.7239;-4.2376;50;-56;-0.0342;-0.0070;-0.0012;-0.0225;-0.0117;-0.1882;-0.0000;11282
1093.0;0.0023;0.0000;-3.8063;-4.3132;50;-56;-0.0342;-0.0070;-0.0012;-0.0215;-0.0117;-0.1882;-0.0000;11385
1093.5;0.0023;0.0000;-3.9038;-4.3887;50;-56;-0.0342;-0.0070;-0.0012;-0.0205;-0.0117;-0.1882;-0.0000;11385
1094.0;0.0018;0.0000;-3.9890;-4.4629;50;-56;-0.0244;-0.0056;-0.0012;-0.0205;-0.0117;-0.1882;-0.0000;11385
1094.5;0.0018;0.0000;-4.0673;-4.5385;52;-56;-0.0244;-0.0056;-0.0012;-0.0205;-0.0117;-0.1882;-0.0000;11385
1095.0;0.0018;0.0000;-4.1456;-4.6126;52;-56;-0.0147;-0.0056;-0.0012;-0.0205;-0.0117;-0.1922;-0.0000;11385
1095.5;0.0018;0.0000;-4.2170;-4.6882;52;-56;-0.0244;-0.0056;-0.0012;-0.0205;-0.0117;-0.1922;-0.0000;11333
1096.0;0.0018;0.0000;-4.3187;-4.7637;52;-56;-0.0147;-0.0056;-0.0012;-0.0196;-0.0117;-0.1922;-0.0000;11333
1096.5;0.0014;0.0000;-4.3942;-4.8379;52;-56;-0.0147;-0.0056;-0.0012;-0.0196;-0.0117;-0.1922;-0.0000;11333
1097.0;0.0014;0.0000;-4.4821;-4.9135;52;-56;-0.0049;-0.0056;-0.0012;-0.0186;-0.0117;-0.1922;-0.0000;11333
1097.5;0.0014;0.0000;-4.5481;-4.9876;52;-56;-0.0049;-0.0056;-0.0012;-0.0186;-0.0127;-0.1922;-0.0000;11282
1098.0;0.0014;0.0000;-4.6236;-5.0632;54;-56;-0.0049;-0.0056;-0.0012;-0.0186;-0.0127;-0.1922;-0.0000;11282
1098.5;0.0023;0.0000;-4.6882;-5.1387;54;-58;-0.0831;-0.0070;-0.0012;-0.0196;-0.0127;-0.1922;-0.0000;11282
1099.0;0.0018;0.0000;-4.7679;-5.2129;54;-58;-0.0831;-0.0056;-0.0012;-0.0196;-0.0127;-0.1922;-0.0000;11282
1099.5;0.0014;0.0000;-4.8764;-5.2885;54;-58;0.0049;-0.0056;-0.0012;-0.0176;-0.0127;-0.1922;-0.0000;11231
1100.0;0.0014;0.0000;-4.9684;-5.3626;54;-58;0.0049;-0.0041;-0.0012;-0.0166;-0.0127;-0.1922;-0.0000;11333
1100.5;0.0018;0.0000;-5.0852;-5.4382;54;-58;-0.0733;-0.0070;-0.0012;-0.0156;-0.0127;-0.1922;-0.0000;11333
1101.0;0.0023;0.0000;-5.1662;-5.5137;52;-58;0.0147;-0.0070;-0.0026;-0.0147;-0.0127;-0.1922;-0.0000;11282
1101.5;0.0027;0.0000;-5.2816;-5.5879;52;-58;0.0244;-0.0085;-0.0026;-0.0137;-0.0127;-0.1961;-0.0000;11333
1102.0;0.0027;0.0000;-5.3860;-5.6635;52;-58;0.0147;-0.0085;-0.0026;-0.0117;-0.0127;-0.1961;-0.0000;11282
1102.5;0.0027;0.0000;-5.4808;-5.7376;52;-58;-0.1417;-0.0085;-0.0026;-0.0117;-0.0127;-0.1961;-0.0000;11282
1103.0;0.0027;0.0000;-5.5549;-5.8132;52;-58;0.0244;-0.0085;-0.0026;-0.0117;-0.0127;-0.1961;-0.0000;11282
1103.5;0.0027;0.0000;-5.6181;-5.8887;52;-60;0.0244;-0.0085;-0.0026;-0.0117;-0.0127;-0.1961;-0.0000;11282
1104.0;0.0027;0.0000;-5.7033;-5.9629;54;-60;-0.1222;-0.0085;-0.0026;-0.0117;-0.0137;-0.1961;-0.0000;11385
1104.5;0.0027;0.0000;-5.7445;-6.0385;54;-60;0.0244;-0.0085;-0.0026;-0.0127;-0.0137;-0.1961;-0.0000;11385
1105.0;0.0018;0.0000;-5.8008;-6.1126;54;-60;-0.0440;-0.0056;-0.0026;-0.0137;-0.0137;-0.1961;-0.0000;11385
1105.5;0.0023;0.0000;-5.8310;-6.1882;56;-60;-0.0440;-0.0070;-0.0026;-0.0156;-0.0137;-0.1961;-0.0000;11385
1106.0;0.0014;0.0000;-5.9148;-6.2637;56;-60;-0.0342;-0.0056;-0.0026;-0.0147;-0.0137;-0.1961;-0.0000;11385
1106.5;0.0018;0.0000;-5.9973;-6.3379;56;-60;-0.0440;-0.0056;-0.0026;-0.0147;-0.0137;-0.1961;-0.0000;11282
1107.0;0.0018;0.0000;-6.1305;-6.4135;54;-60;0.0440;-0.0070;-0.0026;-0.0127;-0.0137;-0.1961;-0.0000;11333
1107.5;0.0023;0.0000;-6.2596;-6.4876;54;-60;-0.1124;-0.0070;-0.0026;-0.0098;-0.0137;-0.1961;-0.0000;11333
1108.0;0.0027;0.0000;-6.3846;-6.5632;54;-60;-0.0244;-0.0085;-0.0026;-0.0078;-0.0137;-0.2000;-0.0000;11333
1108.5;0.0037;0.0000;-6.4876;-6.6387;52;-60;-0.0147;-0.0100;-0.0026;-0.0068;-0.0137;-0.2000;-0.0000;11333
1109.0;0.0046;0.0000;-6.5577;-6.7129;52;-62;-0.0244;-0.0129;-0.0026;-0.0068;-0.0137;-0.2000;-0.0000;11282
1109.5;0.0050;0.0000;-6.6456;-6.7885;52;-62;0.0635;-0.0144;-0.0026;-0.0068;-0.0137;-0.2000;-0.0000;11282
1110.0;0.0055;0.0000;-6.6923;-6.8626;52;-64;-0.0929;-0.0158;-0.0026;-0.0078;-0.0137;-0.2000;-0.0000;11282
1110.5;0.0060;0.0000;-6.7500;-6.9382;52;-64;-0.0929;-0.0158;-0.0026;-0.0088;-0.0137;-0.2000;-0.0000;11231
1111.0;0.0050;0.0000;-6.8008;-7.0137;54;-64;-0.0147;-0.0144;-0.0026;-0.0098;-0.0137;-0.2000;-0.0000;11333
1111.5;0.0046;0.0000;-6.8915;-7.0879;54;-64;-0.0929;-0.0129;-0.0026;-0.0088;-0.0137;-0.2000;-0.0000;11333
1112.0;0.0050;0.0000;-6.9629;-7.1635;54;-64;-0.0049;-0.0144;-0.0026;-0.0088;-0.0137;-0.2000;-0.0000;11282
1112.5;0.0046;0.0000;-7.0632;-7.2376;54;-62;-0.0049;-0.0129;-0.0026;-0.0078;-0.0137;-0.2000;-0.0000;11333
1113.0;0.0041;0.0000;-7.1813;-7.3118;54;-62;-0.0733;-0.0114;-0.0026;-0.0059;-0.0137;-0.2000;-0.0000;11333
1113.5;0.0046;0.0000;-7.2843;-7.3860;54;-62;0.0049;-0.0129;-0.0026;-0.0049;-0.0137;-0.2000;-0.0000;11282
1114.0;0.0041;0.0000;-7.3819;-7.4588;54;-62;0.0049;-0.0114;-0.0026;-0.0039;-0.0137;-0.2000;-0.0000;11282
1114.5;0.0037;0.0000;-7.4409;-7.5302;56;-62;-0.0635;-0.0100;-0.0026;-0.0039;-0.0137;-0.2000;-0.0000;11282
1115.0;0.0037;0.0000;-7.5234;-7.6016;56;-62;-0.0635;-0.0100;-0.0026;-0.0039;-0.0137;-0.2000;-0.0000;11282
1115.5;0.0041;0.0000;-7.5673;-7.6731;56;-62;0.0147;-0.0114;-0.0026;-0.0049;-0.0137;-0.2000;-0.0000;11333
1116.0;0.0041;0.0000;-7.6635;-7.7418;54;-62;-0.0635;-0.0114;-0.0026;-0.0039;-0.0147;-0.2000;-0.0000;11385
1116.5;0.0046;0.0000;-7.7280;-7.8118;54;-62;-0.0635;-0.0129;-0.0026;-0.0039;-0.0147;-0.2000;-0.0000;11385
1117.0;0.0037;0.0000;-7.8077;-7.8791;54;-62;0.0244;-0.0114;-0.0026;-0.0039;-0.0147;-0.2000;-0.0000;11385
1117.5;0.0032;0.0000;-7.8585;-7.9464;56;-62;-0.1320;-0.0100;-0.0026;-0.0039;-0.0147;-0.1961;-0.0000;11385
1118.0;0.0027;0.0000;-7.9492;-8.0137;56;-60;0.1026;-0.0085;-0.0026;-0.0029;-0.0147;-0.1961;-0.0000;11333
1118.5;0.0018;0.0000;-8.0330;-8.0797;56;-60;-0.1320;-0.0056;-0.0026;-0.0020;-0.0147;-0.1961;-0.0000;11333
1119.0;0.0014;0.0000;-8.0769;-8.1456;58;-60;-0.0440;-0.0041;-0.0026;-0.0029;-0.0147;-0.1961;-0.0000;11333
1119.5;0.0009;0.0000;-8.1607;-8.2088;58;-58;-0.0440;-0.0026;-0.0026;-0.0029;-0.0147;-0.1961;-0.0000;11333
1120.0;0.0009;0.0000;-8.2266;-8.2734;58;-58;0.0440;-0.0041;-0.0026;-0.0020;-0.0147;-0.1961;-0.0000;11333
1120.5;0.0014;0.0000;-8.3379;-8.3365;56;-60;-0.0440;-0.0041;-0.0026;-0.0000;-0.0147;-0.1961;-0.0000;11282
1121.0;0.0014;0.0000;-8.3984;-8.3984;56;-60;-0.0342;-0.0056;-0.0026;-0.0000;-0.0147;-0.1961;-0.0000;11282
1121.5;0.0014;0.0000;-8.5041;-8.4602;56;-60;-0.0342;-0.0056;-0.0026;0.0010;-0.0147;-0.1961;-0.0000;11282
1122.0;0.0014;0.0000;-8.5714;-8.5206;56;-60;-0.0342;-0.0056;-0.0026;0.0020;-0.0147;-0.1961;-0.0000;11282
1122.5;0.0018;0.0000;-8.6044;-8.5810;56;-60;-0.0244;-0.0056;-0.0026;0.0010;-0.0147;-0.1961;-0.0000;11333
1123.0;0.0018;0.0000;-8.6593;-8.6401;56;-60;-0.0244;-0.0056;-0.0026;-0.0000;-0.0147;-0.1922;-0.0000;11333
1123.5;0.0009;0.0000;-8.7253;-8.6978;56;-60;-0.1026;-0.0041;-0.0041;0.0010;-0.0147;-0.1922;-0.0000;11333
1124.0;0.0009;0.0000;-8.8214;-8.7555;56;-60;0.0538;-0.0041;-0.0041;0.0020;-0.0147;-0.1922;-0.0000;11333
1124.5;0.0014;0.0000;-8.8860;-8.8132;56;-60;-0.0147;-0.0041;-0.0041;0.0029;-0.0147;-0.1922;-0.0000;11333
1125.0;0.0023;0.0000;-8.9849;-8.8695;54;-60;0.0538;-0.0070;-0.0041;0.0039;-0.0147;-0.1922;-0.0000;11333
1125.5;0.0032;0.0000;-9.0220;-8.9244;52;-62;-0.0929;-0.0100;-0.0041;0.0039;-0.0147;-0.1922;-0.0000;11333
1126.0;0.0041;0.0000;-9.0714;-8.9794;52;-62;-0.0147;-0.0114;-0.0041;0.0029;-0.0137;-0.1922;-0.0000;11333
1126.5;0.0046;0.0000;-9.1484;-9.0343;52;-62;-0.0049;-0.0129;-0.0041;0.0039;-0.0137;-0.1922;-0.0000;11333
1127.0;0.0050;0.0000;-9.1937;-9.0865;50;-62;-0.0147;-0.0144;-0.0041;0.0039;-0.0137;-0.1922;-0.0000;11436
1127.5;0.0050;0.0000;-9.2569;-9.1401;50;-62;-0.0147;-0.0144;-0.0041;0.0049;-0.0137;-0.1922;-0.0000;11436
1128.0;0.0055;0.0000;-9.2926;-9.1909;50;-62;0.0049;-0.0144;-0.0041;0.0039;-0.0137;-0.1882;-0.0000;11436
1128.5;0.0055;0.0000;-9.3585;-9.2418;50;-62;-0.0049;-0.0144;-0.0041;0.0049;-0.0137;-0.1882;-0.0000;11436
1129.0;0.0046;0.0000;-9.3887;-9.2926;52;-62;-0.0733;-0.0129;-0.0041;0.0039;-0.0137;-0.1882;-0.0000;11436
1129.5;0.0041;0.0000;-9.4341;-9.3420;52;-60;-0.0049;-0.0114;-0.0041;0.0029;-0.0137;-0.1882;-0.0000;11385
1130.0;0.0037;0.0000;-9.4533;-9.3901;54;-60;0.0049;-0.0100;-0.0041;0.0020;-0.0137;-0.1882;-0.0000;11385
1130.5;0.0018;0.0000;-9.5014;-9.4382;56;-58;0.0049;-0.0056;-0.0041;0.0020;-0.0137;-0.1882;-0.0000;11385
1131.0;0.0014;0.0000;-9.5288;-9.4863;56;-58;-0.0733;-0.0041;-0.0041;0.0010;-0.0137;-0.1882;-0.0000;11436
1131.5;0.0009;0.0000;-9.5508;-9.5330;58;-58;0.0049;-0.0041;-0.0041;-0.0000;-0.0137;-0.1882;-0.0000;11333
1132.0;0.0005;0.0000;-9.5962;-9.5783;58;-58;0.0049;-0.0026;-0.0041;-0.0000;-0.0137;-0.1882;-0.0000;11333
1132.5;0.0005;0.0000;-9.6085;-9.6236;58;-58;0.0147;-0.0026;-0.0041;-0.0010;-0.0137;-0.1882;-0.0000;11333
1133.0;0.0005;0.0000;-9.6360;-9.6676;58;-60;-0.1613;-0.0026;-0.0041;-0.0020;-0.0137;-0.1843;-0.0000;11282
1133.5;0.0000;0.0000;-9.6429;-9.7115;58;-60;0.0049;-0.0012;-0.0041;-0.0029;-0.0137;-0.1843;-0.0000;11333
1134.0;0.0009;0.0000;-9.6868;-9.7541;58;-60;-0.0733;-0.0041;-0.0041;-0.0029;-0.0137;-0.1843;-0.0000;11385
1134.5;0.0014;0.0000;-9.7170;-9.7953;56;-60;0.0147;-0.0041;-0.0041;-0.0039;-0.0137;-0.1843;-0.0000;11385
1135.0;0.0014;0.0000;-9.7706;-9.8365;56;-60;0.0147;-0.0056;-0.0041;-0.0029;-0.0137;-0.1843;-0.0000;11385
1135.5;0.0018;0.0000;-9.8132;-9.8777;56;-62;-0.1417;-0.0056;-0.0041;-0.0029;-0.0137;-0.1843;-0.0000;11385
1136.0;0.0018;0.0000;-9.8654;-9.9176;56;-62;0.0147;-0.0056;-0.0041;-0.0029;-0.0137;-0.1843;-0.0000;11333
1136.5;0.0018;0.0000;-9.9107;-9.9560;56;-62;0.0147;-0.0056;-0.0041;-0.0020;-0.0137;-0.1843;-0.0000;11333
1137.0;0.0027;0.0000;-9.9739;-9.9945;54;-62;-0.0635;-0.0085;-0.0041;-0.0010;-0.0137;-0.1843;-0.0000;11333
1137.5;0.0032;0.0000;-10.0742;-10.0316;52;-62;0.0244;-0.0085;-0.0041;0.0010;-0.0137;-0.1804;-0.0000;11333
1138.0;0.0032;0.0000;-10.1223;-10.0687;52;-62;0.0342;-0.0100;-0.0041;0.0020;-0.0137;-0.1804;-0.0000;11538
1138.5;0.0037;0.0000;-10.1827;-10.1044;52;-62;0.0147;-0.0100;-0.0041;0.0029;-0.0137;-0.1804;-0.0000;11538
1139.0;0.0027;0.0000;-10.2212;-10.1401;52;-60;-0.0538;-0.0085;-0.0041;0.0029;-0.0137;-0.1804;-0.0000;11538
1139.5;0.0018;0.0000;-10.2871;-10.1744;52;-58;-0.0538;-0.0056;-0.0041;0.0039;-0.0137;-0.1804;-0.0000;11538
1140.0;0.0018;0.0000;-10.3352;-10.2088;54;-58;-0.0440;-0.0056;-0.0041;0.0049;-0.0137;-0.1804;-0.0000;11538
1140.5;0.0014;0.0000;-10.3929;-10.2418;52;-56;0.0342;-0.0056;-0.0041;0.0059;-0.0137;-0.1804;-0.0000;11436
1141.0;0.0014;0.0000;-10.4423;-10.2734;52;-56;0.0244;-0.0056;-0.0041;0.0068;-0.0137;-0.1804;-0.0000;11436
1141.5;0.0005;0.0000;-10.4341;-10.3049;54;-56;-0.0440;-0.0026;-0.0041;0.0049;-0.0137;-0.1765;-0.0000;11436
1142.0;0.0009;0.0000;-10.4478;-10.3352;54;-58;-0.0440;-0.0041;-0.0041;0.0039;-0.0137;-0.1765;-0.0000;11436
1142.5;0.0005;0.0000;-10.4327;-10.3654;54;-58;-0.0342;-0.0026;-0.0041;0.0020;-0.0137;-0.1765;-0.0000;11436
1143.0;0.0000;0.0000;-10.4121;-10.3956;56;-58;0.0244;-0.0012;-0.0041;-0.0000;-0.0137;-0.1765;-0.0000;11333
1143.5;-0.0005;0.0000;-10.3805;-10.4231;56;-58;0.0342;0.0003;-0.0041;-0.0020;-0.0137;-0.1765;-0.0000;11333
1144.0;-0.0005;0.0000;-10.3777;-10.4505;58;-58;-0.1222;0.0003;-0.0041;-0.0039;-0.0137;-0.1765;-0.0000;11333
1144.5;-0.0009;0.0000;-10.3668;-10.4780;58;-58;0.0342;0.0003;-0.0041;-0.0049;-0.0137;-0.1765;-0.0000;11333
1145.0;-0.0014;0.0000;-10.3750;-10.5041;58;-58;-0.0440;0.0032;-0.0041;-0.0059;-0.0137;-0.1765;-0.0000;11385
1145.5;-0.0023;0.0000;-10.3805;-10.5302;58;-58;-0.0538;0.0047;-0.0041;-0.0068;-0.0137;-0.1725;-0.0000;11385
1146.0;-0.0032;0.0000;-10.3942;-10.5549;60;-56;-0.0440;0.0062;-0.0041;-0.0068;-0.0137;-0.1725;-0.0000;11385
1146.5;-0.0041;0.0000;-10.4258;-10.5783;60;-56;0.0342;0.0091;-0.0041;-0.0068;-0.0137;-0.1725;-0.0000;11385
1147.0;-0.0046;0.0000;-10.4753;-10.6016;60;-54;0.0538;0.0091;-0.0041;-0.0059;-0.0137;-0.1725;-0.0000;11333
1147.5;-0.0055;0.0000;-10.5192;-10.6250;60;-54;-0.0538;0.0120;-0.0041;-0.0049;-0.0137;-0.1725;-0.0000;11333
1148.0;-0.0060;0.0000;-10.5632;-10.6456;60;-52;0.0342;0.0135;-0.0041;-0.0039;-0.0137;-0.1725;-0.0000;11333
1148.5;-0.0064;0.0000;-10.6277;-10.6676;60;-52;-0.1124;0.0149;-0.0041;-0.0020;-0.0137;-0.1725;-0.0000;11333
1149.0;-0.0069;0.0000;-10.6717;-10.6868;60;-52;0.0538;0.0149;-0.0041;-0.0010;-0.0137;-0.1725;-0.0000;11333
1149.5;-0.0069;0.0000;-10.7321;-10.7074;58;-52;0.0440;0.0164;-0.0041;0.0010;-0.0137;-0.1686;-0.0000;11590
1150.0;-0.0078;0.0000;-10.7747;-10.7253;58;-50;-0.0440;0.0179;-0.0041;0.0020;-0.0137;-0.1686;-0.0000;11590
1150.5;-0.0082;0.0000;-10.8228;-10.7431;58;-48;0.0440;0.0193;-0.0041;0.0029;-0.0137;-0.1686;-0.0000;11590
1151.0;-0.0082;0.0000;-10.8516;-10.7610;58;-48;0.0538;0.0193;-0.0041;0.0029;-0.0137;-0.1686;-0.0000;11590
1151.5;-0.0082;0.0000;-10.8860;-10.7775;58;-48;-0.1026;0.0193;-0.0041;0.0039;-0.0137;-0.1686;-0.0000;11590
1152.0;-0.0082;0.0000;-10.9258;-10.7926;56;-48;0.0440;0.0193;-0.0041;0.0049;-0.0137;-0.1686;-0.0000;11436
1152.5;-0.0078;0.0000;-10.9615;-10.8077;56;-50;-0.0244;0.0179;-0.0041;0.0059;-0.0137;-0.1686;-0.0000;11487
1153.0;-0.0069;0.0000;-10.9698;-10.8228;56;-50;0.0538;0.0164;-0.0026;0.0059;-0.0137;-0.1647;-0.0000;11436
1153.5;-0.0073;0.0000;-10.9780;-10.8365;56;-50;-0.0147;0.0164;-0.0026;0.0059;-0.0137;-0.1647;-0.0000;11487
1154.0;-0.0064;0.0000;-10.9931;-10.8489;54;-52;-0.0342;0.0149;-0.0026;0.0059;-0.0137;-0.1647;-0.0000;11385
1154.5;-0.0060;0.0000;-10.9835;-10.8613;54;-52;0.0440;0.0135;-0.0026;0.0049;-0.0137;-0.1647;-0.0000;11385
1155.0;-0.0060;0.0000;-10.9821;-10.8723;54;-52;0.0538;0.0135;-0.0026;0.0039;-0.0137;-0.1647;-0.0000;11385
1155.5;-0.0064;0.0000;-10.9588;-10.8819;54;-52;-0.0244;0.0149;-0.0026;0.0029;-0.0137;-0.1647;-0.0000;11385
1156.0;-0.0060;0.0000;-10.9135;-10.8929;54;-54;-0.0244;0.0135;-0.0026;-0.0000;-0.0137;-0.1647;-0.0000;11385
1156.5;-0.0055;0.0000;-10.8736;-10.9011;54;-54;0.0440;0.0120;-0.0026;-0.0020;-0.0137;-0.1647;-0.0000;11385
1157.0;-0.0050;0.0000;-10.8228;-10.9093;56;-54;-0.1124;0.0120;-0.0026;-0.0039;-0.0137;-0.1608;-0.0000;11385
1157.5;-0.0050;0.0000;-10.7706;-10.9176;56;-56;0.0538;0.0105;-0.0026;-0.0068;-0.0137;-0.1608;-0.0000;11385
1158.0;-0.0046;0.0000;-10.7280;-10.9231;56;-56;-0.1124;0.0105;-0.0026;-0.0088;-0.0137;-0.1608;-0.0000;11385
1158.5;-0.0046;0.0000;-10.6882;-10.9299;56;-56;0.0440;0.0105;-0.0026;-0.0108;-0.0137;-0.1608;-0.0000;11333
1159.0;-0.0037;0.0000;-10.6690;-10.9354;56;-58;-0.0440;0.0076;-0.0026;-0.0117;-0.0137;-0.1608;-0.0000;11333
1159.5;-0.0023;0.0000;-10.6456;-10.9396;54;-60;-0.0342;0.0047;-0.0026;-0.0127;-0.0137;-0.1608;-0.0000;11333
1160.0;-0.0023;0.0000;-10.6195;-10.9437;54;-60;-0.0440;0.0032;-0.0026;-0.0137;-0.0137;-0.1569;-0.0000;11333
1160.5;-0.0014;0.0000;-10.5934;-10.9464;54;-60;-0.0342;0.0018;-0.0026;-0.0156;-0.0147;-0.1569;-0.0000;11333
1161.0;-0.0005;0.0000;-10.5783;-10.9478;54;-60;0.0342;0.0003;-0.0026;-0.0156;-0.0147;-0.1569;-0.0000;11590
1161.5;0.0005;0.0000;-10.5591;-10.9505;52;-60;-0.0440;-0.0026;-0.0026;-0.0166;-0.0147;-0.1569;-0.0000;11590
1162.0;0.0014;0.0000;-10.5385;-10.9505;52;-60;0.0440;-0.0041;-0.0026;-0.0176;-0.0147;-0.1569;-0.0000;11590
1162.5;0.0027;0.0000;-10.5055;-10.9505;50;-62;-0.0342;-0.0070;-0.0026;-0.0196;-0.0147;-0.1569;-0.0000;11590
1163.0;0.0027;0.0000;-10.4986;-10.9505;50;-62;-0.0538;-0.0085;-0.0026;-0.0196;-0.0147;-0.1569;-0.0000;11487
1163.5;0.0027;0.0000;-10.5220;-10.9505;52;-62;0.0342;-0.0085;-0.0026;-0.0186;-0.0147;-0.1569;-0.0000;11487
1164.0;0.0027;0.0000;-10.5714;-10.9505;52;-62;-0.1222;-0.0085;-0.0026;-0.0166;-0.0147;-0.1569;-0.0000;11487
1164.5;0.0027;0.0000;-10.6346;-10.9505;50;-60;0.0440;-0.0085;-0.0026;-0.0137;-0.0147;-0.1569;-0.0000;11487
1165.0;0.0027;0.0000;-10.6992;-10.9505;50;-58;0.0538;-0.0070;-0.0026;-0.0108;-0.0147;-0.1569;-0.0000;11487
1165.5;0.0027;0.0000;-10.7582;-10.9505;50;-58;0.0440;-0.0070;-0.0026;-0.0088;-0.0147;-0.1569;-0.0000;11385
1166.0;0.0018;0.0000;-10.8091;-10.9505;50;-58;-0.0342;-0.0056;-0.0026;-0.0068;-0.0147;-0.1569;-0.0000;11385
1166.5;0.0014;0.0000;-10.8338;-10.9505;52;-56;0.0538;-0.0041;-0.0026;-0.0059;-0.0147;-0.1569;-0.0000;11385
1167.0;0.0000;0.0000;-10.8503;-10.9505;52;-54;-0.0342;-0.0012;-0.0026;-0.0049;-0.0147;-0.1569;-0.0000;11385
1167.5;0.0000;0.0000;-10.8571;-10.9505;52;-54;-0.0342;-0.0012;-0.0026;-0.0049;-0.0147;-0.1569;-0.0000;11385
1168.0;0.0009;0.0000;-10.8681;-10.9505;52;-56;-0.0342;-0.0026;-0.0026;-0.0039;-0.0147;-0.1569;-0.0000;11385
1168.5;0.0014;0.0000;-10.8723;-10.9505;52;-56;0.0538;-0.0041;-0.0026;-0.0039;-0.0147;-0.1569;-0.0000;11333
1169.0;0.0014;0.0000;-10.8668;-10.9505;50;-56;0.0538;-0.0056;-0.0026;-0.0039;-0.0147;-0.1569;-0.0000;11385
1169.5;0.0023;0.0000;-10.8571;-10.9505;50;-58;-0.0244;-0.0070;-0.0026;-0.0049;-0.0147;-0.1569;-0.0000;11333
1170.0;0.0032;0.0000;-10.8475;-10.9505;50;-58;0.0440;-0.0085;-0.0026;-0.0049;-0.0147;-0.1569;-0.0000;11333
1170.5;0.0041;0.0000;-10.8324;-10.9505;48;-60;-0.0342;-0.0114;-0.0026;-0.0059;-0.0156;-0.1569;-0.0000;11333
1171.0;0.0050;0.0000;-10.8118;-10.9505;48;-60;0.0538;-0.0129;-0.0026;-0.0059;-0.0156;-0.1569;-0.0000;11333
1171.5;0.0055;0.0000;-10.8063;-10.9505;48;-62;-0.1222;-0.0144;-0.0026;-0.0068;-0.0156;-0.1569;-0.0000;11333
1172.0;0.0055;0.0000;-10.7816;-10.9505;48;-62;0.0538;-0.0158;-0.0026;-0.0078;-0.0156;-0.1569;-0.0000;11333
1172.5;0.0050;0.0000;-10.7651;-10.9505;50;-60;-0.0440;-0.0144;-0.0026;-0.0078;-0.0156;-0.1569;-0.0000;11590
1173.0;0.0055;0.0000;-10.7390;-10.9505;48;-60;-0.0342;-0.0144;-0.0026;-0.0098;-0.0156;-0.1569;-0.0000;11590
1173.5;0.0055;0.0000;-10.7363;-10.9505;48;-60;0.0440;-0.0144;-0.0041;-0.0098;-0.0156;-0.1569;-0.0000;11590
1174.0;0.0046;0.0000;-10.7212;-10.9505;50;-58;-0.0244;-0.0129;-0.0041;-0.0098;-0.0156;-0.1569;-0.0000;11590
1174.5;0.0050;0.0000;-10.6964;-10.9505;50;-60;-0.0440;-0.0144;-0.0041;-0.0108;-0.0156;-0.1569;-0.0000;11487
1175.0;0.0050;0.0000;-10.7115;-10.9505;50;-60;-0.0440;-0.0144;-0.0041;-0.0108;-0.0156;-0.1569;-0.0000;11487
1175.5;0.0050;0.0000;-10.7143;-10.9505;50;-60;-0.0342;-0.0144;-0.0041;-0.0108;-0.0156;-0.1569;-0.0000;11487
1176.0;0.0046;0.0000;-10.7033;-10.9505;50;-58;-0.0440;-0.0129;-0.0041;-0.0108;-0.0156;-0.1569;-0.0000;11487
1176.5;0.0055;0.0000;-10.6621;-10.9505;50;-58;-0.0342;-0.0144;-0.0041;-0.0127;-0.0156;-0.1569;-0.0000;11487
1177.0;0.0060;0.0000;-10.6168;-10.9505;50;-60;0.0342;-0.0158;-0.0041;-0.0147;-0.0156;-0.1569;-0.0000;11385
1177.5;0.0060;0.0000;-10.5838;-10.9505;50;-62;0.0440;-0.0173;-0.0041;-0.0156;-0.0156;-0.1569;-0.0000;11385
1178.0;0.0064;0.0000;-10.5467;-10.9505;50;-62;0.0440;-0.0173;-0.0041;-0.0176;-0.0156;-0.1569;-0.0000;11333
1178.5;0.0073;0.0000;-10.4986;-10.9505;50;-64;-0.0440;-0.0188;-0.0041;-0.0196;-0.0156;-0.1569;-0.0000;11385
1179.0;0.0069;0.0000;-10.4341;-10.9505;52;-64;-0.0440;-0.0188;-0.0041;-0.0225;-0.0166;-0.1569;-0.0000;11333
1179.5;0.0060;0.0000;-10.3777;-10.9505;54;-64;-0.0538;-0.0158;-0.0041;-0.0244;-0.0166;-0.1569;-0.0000;11282
1180.0;0.0050;0.0000;-10.3393;-10.9505;54;-64;0.0342;-0.0144;-0.0041;-0.0264;-0.0166;-0.1569;-0.0000;11333
1180.5;0.0046;0.0000;-10.3049;-10.9505;56;-62;0.0244;-0.0129;-0.0041;-0.0274;-0.0166;-0.1569;-0.0000;11333
1181.0;0.0037;0.0000;-10.2830;-10.9505;56;-62;-0.0440;-0.0100;-0.0041;-0.0283;-0.0166;-0.1569;-0.0000;11282
1181.5;0.0027;0.0000;-10.2788;-10.9505;58;-62;0.0147;-0.0085;-0.0041;-0.0283;-0.0166;-0.1569;-0.0000;11282
1182.0;0.0023;0.0000;-10.3022;-10.9505;58;-60;-0.1320;-0.0070;-0.0041;-0.0274;-0.0166;-0.1569;-0.0000;11282
1182.5;0.0018;0.0000;-10.3530;-10.9505;58;-60;0.0342;-0.0056;-0.0041;-0.0254;-0.0166;-0.1569;-0.0000;11282
1183.0;0.0014;0.0000;-10.4011;-10.9505;58;-60;0.0440;-0.0056;-0.0041;-0.0235;-0.0176;-0.1569;-0.0000;11282
1183.5;0.0018;0.0000;-10.4643;-10.9505;56;-60;-0.0440;-0.0070;-0.0041;-0.0205;-0.0176;-0.1569;-0.0000;11538
1184.0;0.0018;0.0000;-10.5302;-10.9505;54;-58;-0.0440;-0.0056;-0.0041;-0.0186;-0.0176;-0.1569;-0.0000;11487
1184.5;0.0014;0.0000;-10.6030;-10.9505;54;-56;0.0440;-0.0041;-0.0041;-0.0147;-0.0176;-0.1569;-0.0000;11487
1185.0;0.0009;0.0000;-10.6607;-10.9505;54;-56;0.0440;-0.0041;-0.0041;-0.0127;-0.0176;-0.1569;-0.0000;11487
1185.5;0.0009;0.0000;-10.7170;-10.9505;54;-56;-0.1026;-0.0041;-0.0041;-0.0108;-0.0176;-0.1569;-0.0000;11385
1186.0;0.0009;0.0000;-10.7734;-10.9505;52;-56;0.0342;-0.0041;-0.0041;-0.0078;-0.0176;-0.1569;-0.0000;11385
1186.5;0.0000;0.0000;-10.8077;-10.9505;54;-54;-0.0342;-0.0012;-0.0041;-0.0068;-0.0176;-0.1569;-0.0000;11385
1187.0;-0.0005;0.0000;-10.8297;-10.9505;54;-54;0.0538;0.0003;-0.0041;-0.0059;-0.0176;-0.1569;-0.0000;11333
1187.5;0.0000;0.0000;-10.8544;-10.9505;54;-54;-0.0244;-0.0012;-0.0041;-0.0049;-0.0176;-0.1569;-0.0000;11333
1188.0;-0.0009;0.0000;-10.8599;-10.9505;54;-54;-0.0342;0.0003;-0.0041;-0.0039;-0.0176;-0.1569;-0.0000;11333
1188.5;-0.0009;0.0000;-10.8503;-10.9505;54;-54;0.0440;0.0018;-0.0041;-0.0049;-0.0176;-0.1569;-0.0000;11282
1189.0;-0.0014;0.0000;-10.8379;-10.9505;54;-54;0.0538;0.0018;-0.0041;-0.0049;-0.0176;-0.1569;-0.0000;11333
1189.5;-0.0023;0.0000;-10.8324;-10.9505;56;-54;-0.0342;0.0047;-0.0041;-0.0059;-0.0176;-0.1569;-0.0000;11282
1190.0;-0.0027;0.0000;-10.8049;-10.9505;56;-54;0.0440;0.0062;-0.0041;-0.0068;-0.0176;-0.1569;-0.0000;11333
1190.5;-0.0037;0.0000;-10.7706;-10.9505;58;-54;-0.0342;0.0091;-0.0041;-0.0078;-0.0176;-0.1569;-0.0000;11333
1191.0;-0.0046;0.0000;-10.7335;-10.9505;58;-52;0.0440;0.0105;-0.0041;-0.0098;-0.0176;-0.1569;-0.0000;11282
1191.5;-0.0050;0.0000;-10.6882;-10.9505;60;-54;-0.1124;0.0120;-0.0041;-0.0117;-0.0176;-0.1569;-0.0000;11282
1192.0;-0.0055;0.0000;-10.6360;-10.9505;60;-54;0.0538;0.0120;-0.0041;-0.0137;-0.0176;-0.1569;-0.0000;11282
1192.5;-0.0055;0.0000;-10.6126;-10.9505;60;-54;0.0342;0.0120;-0.0041;-0.0147;-0.0176;-0.1569;-0.0000;11231
1193.0;-0.0055;0.0000;-10.5838;-10.9505;60;-54;0.0342;0.0120;-0.0041;-0.0156;-0.0186;-0.1569;-0.0000;11282
1193.5;-0.0055;0.0000;-10.5673;-10.9505;60;-54;0.0342;0.0120;-0.0041;-0.0166;-0.0186;-0.1569;-0.0000;11282
1194.0;-0.0055;0.0000;-10.5467;-10.9505;60;-56;-0.1222;0.0120;-0.0041;-0.0176;-0.0186;-0.1569;-0.0000;11282
1194.5;-0.0055;0.0000;-10.5357;-10.9505;60;-56;0.0538;0.0120;-0.0041;-0.0176;-0.0186;-0.1569;-0.0000;11385
1195.0;-0.0060;0.0000;-10.5357;-10.9505;60;-56;-0.0538;0.0135;-0.0041;-0.0176;-0.0186;-0.1569;-0.0000;11385
1195.5;-0.0064;0.0000;-10.5412;-10.9505;60;-54;0.0342;0.0149;-0.0041;-0.0176;-0.0186;-0.1569;-0.0000;11385
1196.0;-0.0069;0.0000;-10.5522;-10.9505;60;-54;0.0440;0.0149;-0.0041;-0.0176;-0.0186;-0.1569;-0.0000;11385
1196.5;-0.0069;0.0000;-10.5714;-10.9505;60;-54;-0.1124;0.0164;-0.0041;-0.0166;-0.0186;-0.1569;-0.0000;11385
1197.0;-0.0078;0.0000;-10.5755;-10.9505;60;-54;-0.0440;0.0179;-0.0041;-0.0166;-0.0186;-0.1569;-0.0000;11333
1197.5;-0.0082;0.0000;-10.5989;-10.9505;60;-54;0.0342;0.0193;-0.0041;-0.0156;-0.0186;-0.1569;-0.0000;11333
1198.0;-0.0082;0.0000;-10.6305;-10.9505;60;-52;0.0440;0.0193;-0.0041;-0.0137;-0.0186;-0.1569;-0.0000;11333
1198.5;-0.0082;0.0000;-10.6552;-10.9505;60;-52;0.0440;0.0193;-0.0026;-0.0127;-0.0186;-0.1569;-0.0000;11333
1199.0;-0.0078;0.0000;-10.6868;-10.9505;60;-52;-0.0244;0.0179;-0.0026;-0.0117;-0.0196;-0.1569;-0.0000;11282
1199.5;-0.0073;0.0000;-10.7239;-10.9505;58;-52;0.0342;0.0164;-0.0026;-0.0098;-0.0196;-0.1569;-0.0000;11282
1200.0;-0.0069;0.0000;-10.7486;-10.9505;58;-54;-0.1124;0.0149;-0.0026;-0.0088;-0.0196;-0.1569;-0.0000;11282
1200.5;-0.0064;0.0000;-10.7624;-10.9505;56;-54;0.0538;0.0149;-0.0026;-0.0088;-0.0196;-0.1569;-0.0000;11282
1201.0;-0.0055;0.0000;-10.7843;-10.9505;56;-56;-0.0342;0.0120;-0.0026;-0.0078;-0.0196;-0.1569;-0.0000;11282
1201.5;-0.0055;0.0000;-10.8104;-10.9505;56;-56;-0.0342;0.0120;-0.0026;-0.0068;-0.0196;-0.1569;-0.0000;11282
1202.0;-0.0046;0.0000;-10.8173;-10.9505;56;-56;-0.0440;0.0105;-0.0026;-0.0059;-0.0196;-0.1569;-0.0000;11282
1202.5;-0.0041;0.0000;-10.8310;-10.9505;54;-56;0.0538;0.0091;-0.0026;-0.0059;-0.0196;-0.1569;-0.0000;11282
1203.0;-0.0037;0.0000;-10.8475;-10.9505;54;-56;-0.1124;0.0076;-0.0026;-0.0049;-0.0196;-0.1569;-0.0000;11282
1203.5;-0.0032;0.0000;-10.8434;-10.9505;54;-56;0.0635;0.0076;-0.0026;-0.0049;-0.0196;-0.1569;-0.0000;11282
1204.0;-0.0032;0.0000;-10.8310;-10.9505;54;-56;0.0342;0.0062;-0.0026;-0.0059;-0.0196;-0.1569;-0.0000;11282
1204.5;-0.0027;0.0000;-10.8324;-10.9505;54;-58;-0.1124;0.0062;-0.0026;-0.0059;-0.0196;-0.1569;-0.0000;11282
1205.0;-0.0027;0.0000;-10.8571;-10.9505;54;-56;0.0538;0.0062;-0.0026;-0.0049;-0.0196;-0.1569;-0.0000;11282
1205.5;-0.0018;0.0000;-10.8475;-10.9505;54;-58;-0.0244;0.0032;-0.0026;-0.0049;-0.0196;-0.1569;-0.0000;11282
1206.0;-0.0023;0.0000;-10.8626;-10.9505;54;-58;-0.0342;0.0032;-0.0026;-0.0039;-0.0196;-0.1569;-0.0000;11385
1206.5;-0.0023;0.0000;-10.8681;-10.9505;54;-56;-0.0342;0.0047;-0.0026;-0.0039;-0.0196;-0.1569;-0.0000;11385
1207.0;-0.0027;0.0000;-10.8544;-10.9505;54;-56;-0.0342;0.0062;-0.0026;-0.0049;-0.0196;-0.1569;-0.0000;11385
1207.5;-0.0027;0.0000;-10.8599;-10.9505;54;-56;-0.0342;0.0047;-0.0026;-0.0039;-0.0196;-0.1569;-0.0000;11385
1208.0;-0.0023;0.0000;-10.8544;-10.9505;54;-56;0.0635;0.0047;-0.0026;-0.0049;-0.0196;-0.1569;-0.0000;11333
1208.5;-0.0032;0.0000;-10.8626;-10.9505;54;-54;-0.0440;0.0062;-0.0026;-0.0039;-0.0196;-0.1569;-0.0000;11333
1209.0;-0.0027;0.0000;-10.8626;-10.9505;54;-56;-0.0342;0.0062;-0.0026;-0.0039;-0.0196;-0.1569;-0.0000;11333
1209.5;-0.0023;0.0000;-10.8805;-10.9505;54;-56;0.0538;0.0047;-0.0026;-0.0039;-0.0196;-0.1569;-0.0000;11333
1210.0;-0.0014;0.0000;-10.8695;-10.9505;54;-56;-0.1124;0.0032;-0.0026;-0.0039;-0.0196;-0.1569;-0.0000;11333
1210.5;-0.0009;0.0000;-10.8516;-10.9505;52;-58;0.0538;0.0018;-0.0026;-0.0049;-0.0196;-0.1569;-0.0000;11333
1211.0;0.0005;0.0000;-10.8228;-10.9505;52;-58;-0.0342;-0.0026;-0.0026;-0.0059;-0.0196;-0.1569;-0.0000;11282
1211.5;0.0005;0.0000;-10.8063;-10.9505;52;-60;-0.0342;-0.0026;-0.0026;-0.0068;-0.0196;-0.1569;-0.0000;11282
1212.0;0.0009;0.0000;-10.7926;-10.9505;52;-60;-0.0342;-0.0041;-0.0026;-0.0068;-0.0196;-0.1569;-0.0000;11282
1212.5;0.0009;0.0000;-10.7816;-10.9505;52;-60;-0.0244;-0.0041;-0.0026;-0.0078;-0.0196;-0.1569;-0.0000;11282
1213.0;0.0009;0.0000;-10.7734;-10.9505;52;-60;0.0440;-0.0026;-0.0026;-0.0078;-0.0196;-0.1569;-0.0000;11333
1213.5;0.0009;0.0000;-10.7624;-10.9505;54;-60;-0.1124;-0.0026;-0.0026;-0.0088;-0.0196;-0.1569;-0.0000;11333
1214.0;0.0005;0.0000;-10.7514;-10.9505;54;-60;0.0538;-0.0026;-0.0026;-0.0088;-0.0196;-0.1569;-0.0000;11333
1214.5;0.0000;0.0000;-10.7308;-10.9505;56;-58;-0.0342;-0.0012;-0.0026;-0.0098;-0.0196;-0.1569;-0.0000;11333
1215.0;-0.0005;0.0000;-10.7363;-10.9505;56;-58;0.0440;0.0003;-0.0026;-0.0098;-0.0196;-0.1569;-0.0000;11282
1215.5;-0.0018;0.0000;-10.7335;-10.9505;56;-56;-0.0440;0.0032;-0.0026;-0.0098;-0.0196;-0.1569;-0.0000;11333
1216.0;-0.0027;0.0000;-10.7486;-10.9505;58;-56;0.0440;0.0047;-0.0026;-0.0088;-0.0205;-0.1569;-0.0000;11282
1216.5;-0.0032;0.0000;-10.7775;-10.9505;58;-54;0.0440;0.0062;-0.0026;-0.0078;-0.0205;-0.1569;-0.0000;11333
1217.0;-0.0041;0.0000;-10.7967;-10.9505;58;-54;-0.1124;0.0091;-0.0026;-0.0068;-0.0205;-0.1569;-0.0000;11333
1217.5;-0.0046;0.0000;-10.8407;-10.9505;58;-52;0.0440;0.0105;-0.0026;-0.0049;-0.0205;-0.1569;-0.0000;11385
1218.0;-0.0060;0.0000;-10.8516;-10.9505;58;-50;-0.0342;0.0135;-0.0026;-0.0049;-0.0205;-0.1569;-0.0000;11385
1218.5;-0.0060;0.0000;-10.9121;-10.9505;58;-50;-0.0244;0.0135;-0.0026;-0.0020;-0.0205;-0.1569;-0.0000;11385
1219.0;-0.0060;0.0000;-10.9272;-10.9505;58;-50;0.0440;0.0135;-0.0026;-0.0020;-0.0205;-0.1569;-0.0000;11333
1219.5;-0.0064;0.0000;-10.9464;-10.9505;58;-50;-0.1026;0.0149;-0.0026;-0.0010;-0.0205;-0.1569;-0.0000;11333
1220.0;-0.0069;0.0000;-10.9753;-10.9505;58;-50;0.0440;0.0164;-0.0026;0.0010;-0.0205;-0.1569;-0.0000;11333
1220.5;-0.0064;0.0000;-10.9766;-10.9505;58;-50;-0.0244;0.0149;-0.0026;0.0010;-0.0205;-0.1569;-0.0000;11333
1221.0;-0.0069;0.0000;-10.9354;-10.9505;58;-50;-0.0244;0.0149;-0.0026;-0.0010;-0.0205;-0.1569;-0.0000;11333
1221.5;-0.0069;0.0000;-10.8654;-10.9505;58;-52;0.0538;0.0164;-0.0026;-0.0039;-0.0205;-0.1569;-0.0000;11333
1222.0;-0.0064;0.0000;-10.8187;-10.9505;58;-52;-0.0342;0.0149;-0.0012;-0.0059;-0.0205;-0.1569;-0.0000;11282
1222.5;-0.0060;0.0000;-10.7940;-10.9505;58;-54;0.0440;0.0135;-0.0012;-0.0068;-0.0205;-0.1569;-0.0000;11282
1223.0;-0.0055;0.0000;-10.7788;-10.9505;58;-54;0.0538;0.0120;-0.0012;-0.0078;-0.0205;-0.1569;-0.0000;11282
1223.5;-0.0050;0.0000;-10.7569;-10.9505;56;-54;0.0440;0.0120;-0.0012;-0.0088;-0.0205;-0.1569;-0.0000;11282
1224.0;-0.0046;0.0000;-10.7390;-10.9505;56;-54;0.0440;0.0105;-0.0012;-0.0098;-0.0205;-0.1569;-0.0000;11333
1224.5;-0.0046;0.0000;-10.7266;-10.9505;56;-54;0.0440;0.0105;-0.0012;-0.0098;-0.0205;-0.1569;-0.0000;11385
1225.0;-0.0046;0.0000;-10.7390;-10.9505;56;-56;-0.1124;0.0091;-0.0012;-0.0098;-0.0205;-0.1569;-0.0000;11385
1225.5;-0.0041;0.0000;-10.7431;-10.9505;56;-56;0.0440;0.0091;-0.0012;-0.0088;-0.0205;-0.1569;-0.0000;11385
1226.0;-0.0041;0.0000;-10.7527;-10.9505;56;-56;-0.1124;0.0091;-0.0012;-0.0088;-0.0205;-0.1569;-0.0000;11385
1226.5;-0.0041;0.0000;-10.7390;-10.9505;56;-56;0.0440;0.0091;-0.0012;-0.0098;-0.0205;-0.1569;-0.0000;11333
1227.0;-0.0037;0.0000;-10.7349;-10.9505;56;-56;0.0440;0.0091;-0.0012;-0.0098;-0.0205;-0.1569;-0.0000;11385
1227.5;-0.0046;0.0000;-10.7486;-10.9505;56;-56;-0.0244;0.0105;-0.0012;-0.0088;-0.0205;-0.1569;-0.0000;11333
1228.0;-0.0041;0.0000;-10.7445;-10.9505;56;-56;-0.0440;0.0091;-0.0012;-0.0088;-0.0205;-0.1569;-0.0000;11385
1228.5;-0.0032;0.0000;-10.7679;-10.9505;56;-56;-0.0244;0.0062;-0.0012;-0.0078;-0.0205;-0.1569;-0.0000;11436
1229.0;-0.0032;0.0000;-10.7651;-10.9505;56;-56;-0.0440;0.0062;-0.0012;-0.0078;-0.0205;-0.1569;-0.0000;11385
1229.5;-0.0023;0.0000;-10.7569;-10.9505;54;-56;-0.0342;0.0047;-0.0012;-0.0088;-0.0205;-0.1569;-0.0000;11436
1230.0;-0.0018;0.0000;-10.7445;-10.9505;54;-58;0.0440;0.0032;-0.0012;-0.0088;-0.0205;-0.1569;-0.0000;11436
1230.5;-0.0018;0.0000;-10.7582;-10.9505;54;-58;-0.1026;0.0032;-0.0012;-0.0088;-0.0205;-0.1569;-0.0000;11436
1231.0;-0.0014;0.0000;-10.7706;-10.9505;54;-58;0.0440;0.0018;-0.0012;-0.0078;-0.0205;-0.1569;-0.0000;11385
1231.5;-0.0005;0.0000;-10.7871;-10.9505;54;-58;-0.0440;0.0003;-0.0012;-0.0078;-0.0205;-0.1569;-0.0000;11385
1232.0;-0.0005;0.0000;-10.7871;-10.9505;54;-58;-0.0244;0.0003;-0.0012;-0.0078;-0.0215;-0.1569;-0.0000;11385
1232.5;0.0000;0.0000;-10.7596;-10.9505;54;-60;-0.0342;-0.0012;-0.0012;-0.0088;-0.0215;-0.1569;-0.0000;11385
1233.0;0.0000;0.0000;-10.7679;-10.9505;54;-60;-0.0244;-0.0012;-0.0012;-0.0078;-0.0215;-0.1569;-0.0000;11385
1233.5;-0.0005;0.0000;-10.7596;-10.9505;54;-58;0.0342;-0.0012;-0.0012;-0.0088;-0.0215;-0.1569;-0.0000;11333
1234.0;-0.0005;0.0000;-10.7857;-10.9505;54;-58;0.0440;0.0003;-0.0012;-0.0078;-0.0215;-0.1569;-0.0000;11333
1234.5;-0.0005;0.0000;-10.7912;-10.9505;54;-58;-0.1124;0.0003;-0.0012;-0.0068;-0.0215;-0.1569;-0.0000;11333
1235.0;-0.0005;0.0000;-10.7994;-10.9505;54;-58;0.0440;0.0003;-0.0012;-0.0068;-0.0215;-0.1569;-0.0000;11333
1235.5;0.0000;0.0000;-10.8118;-10.9505;54;-58;-0.0342;-0.0012;-0.0012;-0.0059;-0.0215;-0.1569;-0.0000;11590
1236.0;0.0005;0.0000;-10.8338;-10.9505;52;-56;0.0440;-0.0026;-0.0012;-0.0059;-0.0215;-0.1569;-0.0000;11538
1236.5;0.0009;0.0000;-10.8544;-10.9505;52;-58;-0.1124;-0.0041;-0.0012;-0.0049;-0.0215;-0.1569;-0.0000;11590
1237.0;0.0014;0.0000;-10.8613;-10.9505;52;-58;0.0538;-0.0041;-0.0012;-0.0039;-0.0215;-0.1569;-0.0000;11590
1237.5;0.0014;0.0000;-10.8791;-10.9505;50;-56;0.0635;-0.0041;-0.0012;-0.0039;-0.0215;-0.1569;-0.0000;11487
1238.0;0.0005;0.0000;-10.8915;-10.9505;52;-56;-0.0440;-0.0026;-0.0012;-0.0029;-0.0215;-0.1569;-0.0000;11487
1238.5;0.0009;0.0000;-10.8874;-10.9505;52;-56;-0.0342;-0.0041;-0.0012;-0.0029;-0.0215;-0.1569;-0.0000;11487
1239.0;0.0009;0.0000;-10.8860;-10.9505;52;-56;0.0538;-0.0041;-0.0012;-0.0029;-0.0215;-0.1569;-0.0000;11487
1239.5;0.0014;0.0000;-10.9121;-10.9505;52;-56;-0.1026;-0.0041;-0.0012;-0.0020;-0.0215;-0.1569;-0.0000;11538
1240.0;0.0014;0.0000;-10.9464;-10.9505;52;-56;0.0440;-0.0041;-0.0012;-0.0010;-0.0215;-0.1569;-0.0000;11641
1240.5;0.0014;0.0000;-10.9629;-10.9505;50;-56;0.0440;-0.0041;-0.0012;-0.0000;-0.0215;-0.1569;-0.0000;11641
1241.0;0.0014;0.0000;-10.9615;-10.9505;50;-54;0.0538;-0.0041;-0.0012;-0.0000;-0.0215;-0.1569;-0.0000;11692
1241.5;0.0005;0.0000;-10.9451;-10.9505;52;-54;-0.0244;-0.0026;-0.0012;-0.0010;-0.0215;-0.1569;-0.0000;11692
1242.0;0.0009;0.0000;-10.9396;-10.9505;52;-54;-0.0147;-0.0026;-0.0012;-0.0010;-0.0215;-0.1569;-0.0000;11538
1242.5;0.0009;0.0000;-10.9464;-10.9505;50;-54;0.0440;-0.0041;-0.0012;-0.0010;-0.0215;-0.1569;-0.0000;11538
1243.0;0.0023;0.0000;-10.9684;-10.9505;50;-56;0.0538;-0.0070;-0.0012;-0.0000;-0.0215;-0.1569;-0.0000;11538
1243.5;0.0037;0.0000;-10.9670;-10.9505;48;-58;0.0538;-0.0100;-0.0012;-0.0000;-0.0215;-0.1569;-0.0000;11538
1244.0;0.0050;0.0000;-10.9712;-10.9505;48;-58;-0.0147;-0.0129;-0.0012;-0.0000;-0.0215;-0.1569;-0.0000;11538
1244.5;0.0060;0.0000;-10.9574;-10.9505;46;-60;0.0538;-0.0158;-0.0012;-0.0000;-0.0215;-0.1569;-0.0000;11385
1245.0;0.0055;0.0000;-10.9533;-10.9505;48;-60;-0.0342;-0.0158;-0.0012;-0.0000;-0.0215;-0.1569;-0.0000;11385
1245.5;0.0060;0.0000;-10.9382;-10.9505;48;-60;-0.0244;-0.0173;-0.0012;-0.0010;-0.0215;-0.1569;-0.0000;11385
1246.0;0.0064;0.0000;-10.9437;-10.9505;48;-60;0.0538;-0.0173;-0.0012;-0.0010;-0.0215;-0.1569;-0.0000;11385
1246.5;0.0060;0.0000;-10.9684;-10.9505;48;-60;-0.0244;-0.0158;-0.0012;-0.0000;-0.0215;-0.1569;-0.0000;11385
1247.0;0.0055;0.0000;-11.0027;-10.9505;48;-58;0.0538;-0.0144;-0.0012;0.0020;-0.0215;-0.1569;-0.0000;11692
1247.5;0.0050;0.0000;-10.9835;-10.9505;48;-56;0.0538;-0.0144;-0.0026;0.0010;-0.0215;-0.1569;-0.0000;11692
1248.0;0.0055;0.0000;-10.9272;-10.9505;48;-58;-0.0244;-0.0158;-0.0026;-0.0020;-0.0215;-0.1569;-0.0000;11692
1248.5;0.0060;0.0000;-10.8777;-10.9505;48;-58;0.0635;-0.0158;-0.0026;-0.0039;-0.0215;-0.1569;-0.0000;11692
1249.0;0.0060;0.0000;-10.8379;-10.9505;48;-58;0.0440;-0.0158;-0.0026;-0.0049;-0.0215;-0.1569;-0.0000;11538
1249.5;0.0060;0.0000;-10.8379;-10.9505;48;-58;0.0440;-0.0158;-0.0026;-0.0049;-0.0215;-0.1569;-0.0000;11590
1250.0;0.0069;0.0000;-10.8242;-10.9505;48;-60;-0.0342;-0.0188;-0.0026;-0.0059;-0.0215;-0.1569;-0.0000;11538
1250.5;0.0073;0.0000;-10.8269;-10.9505;48;-60;0.0440;-0.0188;-0.0026;-0.0059;-0.0215;-0.1569;-0.0000;11590
1251.0;0.0069;0.0000;-10.8049;-10.9505;48;-60;-0.0244;-0.0173;-0.0026;-0.0068;-0.0215;-0.1569;-0.0000;11744
1251.5;0.0064;0.0000;-10.8077;-10.9505;50;-60;0.0342;-0.0173;-0.0026;-0.0068;-0.0215;-0.1569;-0.0000;11744
1252.0;0.0060;0.0000;-10.8077;-10.9505;48;-58;-0.0342;-0.0158;-0.0026;-0.0068;-0.0215;-0.1569;-0.0000;11795
1252.5;0.0064;0.0000;-10.7885;-10.9505;48;-58;-0.0342;-0.0173;-0.0026;-0.0068;-0.0215;-0.1569;-0.0000;11744
1253.0;0.0069;0.0000;-10.8063;-10.9505;48;-58;0.0538;-0.0173;-0.0026;-0.0068;-0.0215;-0.1569;-0.0000;11795
1253.5;0.0060;0.0000;-10.8132;-10.9505;48;-58;-0.0342;-0.0158;-0.0026;-0.0059;-0.0215;-0.1569;-0.0000;11590
1254.0;0.0055;0.0000;-10.8379;-10.9505;50;-58;0.0440;-0.0158;-0.0026;-0.0049;-0.0215;-0.1569;-0.0000;11590
1254.5;0.0050;0.0000;-10.8201;-10.9505;50;-58;0.0440;-0.0144;-0.0026;-0.0059;-0.0215;-0.1569;-0.0000;11590
1255.0;0.0050;0.0000;-10.8077;-10.9505;50;-58;0.0440;-0.0129;-0.0026;-0.0068;-0.0215;-0.1569;-0.0000;11590
1255.5;0.0046;0.0000;-10.7926;-10.9505;52;-58;-0.1026;-0.0129;-0.0026;-0.0068;-0.0215;-0.1569;-0.0000;11436
1256.0;0.0046;0.0000;-10.8036;-10.9505;50;-58;0.0342;-0.0129;-0.0026;-0.0068;-0.0215;-0.1569;-0.0000;11436
1256.5;0.0041;0.0000;-10.8049;-10.9505;52;-58;0.0440;-0.0114;-0.0026;-0.0068;-0.0215;-0.1569;-0.0000;11436
1257.0;0.0032;0.0000;-10.7871;-10.9505;52;-58;-0.0244;-0.0100;-0.0026;-0.0078;-0.0215;-0.1569;-0.0000;11436
1257.5;0.0018;0.0000;-10.7981;-10.9505;54;-56;-0.0342;-0.0070;-0.0026;-0.0068;-0.0215;-0.1569;-0.0000;11436
1258.0;0.0009;0.0000;-10.8036;-10.9505;54;-54;0.0538;-0.0041;-0.0026;-0.0068;-0.0215;-0.1569;-0.0000;11744
1258.5;-0.0005;0.0000;-10.8242;-10.9505;54;-52;-0.0440;-0.0012;-0.0026;-0.0059;-0.0215;-0.1569;-0.0000;11692
1259.0;-0.0014;0.0000;-10.8352;-10.9505;56;-52;0.0538;0.0018;-0.0026;-0.0049;-0.0225;-0.1569;-0.0000;11744
1259.5;-0.0027;0.0000;-10.8393;-10.9505;56;-50;-0.0342;0.0047;-0.0026;-0.0049;-0.0225;-0.1569;-0.0000;11692
1260.0;-0.0037;0.0000;-10.8379;-10.9505;56;-50;0.0635;0.0076;-0.0026;-0.0049;-0.0225;-0.1569;-0.0000;11590
1260.5;-0.0050;0.0000;-10.8420;-10.9505;58;-48;-0.0440;0.0105;-0.0026;-0.0049;-0.0225;-0.1569;-0.0000;11590
1261.0;-0.0060;0.0000;-10.8201;-10.9505;60;-48;0.0440;0.0135;-0.0026;-0.0059;-0.0225;-0.1569;-0.0000;11590
1261.5;-0.0069;0.0000;-10.8077;-10.9505;60;-48;-0.0244;0.0164;-0.0026;-0.0068;-0.0225;-0.1569;-0.0000;11590
1262.0;-0.0078;0.0000;-10.7912;-10.9505;60;-48;0.0440;0.0179;-0.0026;-0.0068;-0.0225;-0.1569;-0.0000;11590
1262.5;-0.0082;0.0000;-10.7953;-10.9505;62;-48;-0.1124;0.0193;-0.0026;-0.0068;-0.0225;-0.1569;-0.0000;11795
1263.0;-0.0087;0.0000;-10.8159;-10.9505;60;-48;0.0440;0.0208;-0.0026;-0.0059;-0.0225;-0.1569;-0.0000;11795
1263.5;-0.0087;0.0000;-10.8558;-10.9505;60;-48;-0.1124;0.0208;-0.0026;-0.0049;-0.0225;-0.1569;-0.0000;11795
1264.0;-0.0087;0.0000;-10.9121;-10.9505;58;-48;0.0538;0.0208;-0.0026;-0.0020;-0.0225;-0.1569;-0.0000;11795
1264.5;-0.0087;0.0000;-10.9505;-10.9505;58;-48;0.0635;0.0208;-0.0026;-0.0010;-0.0225;-0.1569;-0.0000;11795
1265.0;-0.0087;0.0000;-10.9918;-10.9505;56;-46;0.0538;0.0208;-0.0026;0.0010;-0.0225;-0.1569;-0.0000;11641
1265.5;-0.0087;0.0000;-11.0288;-10.9505;56;-48;0.0538;0.0193;-0.0026;0.0029;-0.0225;-0.1569;-0.0000;11590
1266.0;-0.0082;0.0000;-11.0453;-10.9505;56;-48;0.0635;0.0193;-0.0026;0.0039;-0.0225;-0.1569;-0.0000;11641
1266.5;-0.0087;0.0000;-11.0247;-10.9505;56;-48;-0.0244;0.0208;-0.0026;0.0029;-0.0225;-0.1569;-0.0000;11641
1267.0;-0.0092;0.0000;-11.0165;-10.9505;56;-48;-0.0244;0.0223;-0.0026;0.0020;-0.0225;-0.1569;-0.0000;11436
1267.5;-0.0092;0.0000;-10.9863;-10.9505;58;-48;0.0440;0.0223;-0.0012;0.0010;-0.0225;-0.1569;-0.0000;11436
1268.0;-0.0101;0.0000;-10.9478;-10.9505;58;-48;-0.0244;0.0237;-0.0012;-0.0010;-0.0225;-0.1569;-0.0000;11436
1268.5;-0.0105;0.0000;-10.9052;-10.9505;60;-48;0.0538;0.0252;-0.0012;-0.0020;-0.0225;-0.1569;-0.0000;11436
1269.0;-0.0101;0.0000;-10.8805;-10.9505;60;-50;-0.0244;0.0237;-0.0012;-0.0039;-0.0225;-0.1569;-0.0000;11436
1269.5;-0.0101;0.0000;-10.8571;-10.9505;60;-50;-0.0342;0.0237;-0.0012;-0.0049;-0.0225;-0.1569;-0.0000;11744
1270.0;-0.0096;0.0000;-10.8571;-10.9505;58;-50;-0.0342;0.0223;-0.0012;-0.0049;-0.0225;-0.1569;-0.0000;11744
1270.5;-0.0092;0.0000;-10.8929;-10.9505;56;-50;0.0538;0.0223;-0.0012;-0.0029;-0.0225;-0.1569;-0.0000;11744
1271.0;-0.0096;0.0000;-10.9025;-10.9505;56;-50;-0.0342;0.0223;-0.0012;-0.0029;-0.0225;-0.1569;-0.0000;11744
1271.5;-0.0092;0.0000;-10.9327;-10.9505;56;-50;-0.0147;0.0208;-0.0012;-0.0010;-0.0225;-0.1569;-0.0000;11590
1272.0;-0.0087;0.0000;-10.9492;-10.9505;56;-50;0.0440;0.0193;-0.0012;-0.0010;-0.0225;-0.1569;-0.0000;11641
1272.5;-0.0073;0.0000;-10.9780;-10.9505;54;-52;-0.0244;0.0179;-0.0012;0.0010;-0.0225;-0.1569;-0.0000;11590
1273.0;-0.0073;0.0000;-10.9835;-10.9505;54;-52;-0.0244;0.0164;-0.0012;0.0010;-0.0225;-0.1569;-0.0000;11641
1273.5;-0.0064;0.0000;-11.0069;-10.9505;54;-52;-0.0147;0.0149;-0.0012;0.0020;-0.0225;-0.1569;-0.0000;11590
1274.0;-0.0060;0.0000;-11.0000;-10.9505;54;-52;0.0538;0.0135;-0.0012;0.0020;-0.0225;-0.1569;-0.0000;11795
1274.5;-0.0055;0.0000;-10.9602;-10.9505;52;-52;0.0538;0.0120;-0.0012;-0.0000;-0.0225;-0.1569;-0.0000;11846
1275.0;-0.0046;0.0000;-10.9505;-10.9505;52;-54;-0.0244;0.0091;-0.0012;-0.0010;-0.0225;-0.1569;-0.0000;11846
1275.5;-0.0037;0.0000;-10.9258;-10.9505;52;-54;-0.1124;0.0076;-0.0012;-0.0020;-0.0225;-0.1569;-0.0000;11846
1276.0;-0.0032;0.0000;-10.9203;-10.9505;50;-54;0.0635;0.0062;-0.0012;-0.0020;-0.0225;-0.1569;-0.0000;11641
1276.5;-0.0027;0.0000;-10.9121;-10.9505;52;-56;0.0440;0.0047;-0.0012;-0.0020;-0.0225;-0.1569;-0.0000;11641
1277.0;-0.0018;0.0000;-10.9135;-10.9505;50;-56;-0.0342;0.0032;-0.0012;-0.0020;-0.0225;-0.1569;-0.0000;11641
1277.5;-0.0018;0.0000;-10.9080;-10.9505;52;-56;-0.0244;0.0032;-0.0012;-0.0020;-0.0225;-0.1569;-0.0000;11641
1278.0;-0.0009;0.0000;-10.9121;-10.9505;52;-56;-0.0244;0.0018;-0.0012;-0.0020;-0.0225;-0.1569;-0.0000;11641
1278.5;-0.0005;0.0000;-10.9011;-10.9505;50;-56;0.0538;0.0003;-0.0012;-0.0029;-0.0225;-0.1569;-0.0000;11436
1279.0;0.0005;0.0000;-10.8984;-10.9505;50;-58;-0.0342;-0.0026;-0.0012;-0.0029;-0.0225;-0.1569;-0.0000;11436
1279.5;0.0014;0.0000;-10.8805;-10.9505;50;-60;0.0538;-0.0041;-0.0012;-0.0039;-0.0225;-0.1569;-0.0000;11436
1280.0;0.0018;0.0000;-10.8626;-10.9505;50;-60;-0.1222;-0.0056;-0.0012;-0.0039;-0.0225;-0.1569;-0.0000;11436
1280.5;0.0023;0.0000;-10.8530;-10.9505;50;-60;0.0538;-0.0070;-0.0012;-0.0049;-0.0225;-0.1569;-0.0000;11436
1281.0;0.0023;0.0000;-10.8448;-10.9505;50;-60;0.0440;-0.0070;-0.0012;-0.0049;-0.0225;-0.1569;-0.0000;11744
1281.5;0.0023;0.0000;-10.8297;-10.9505;50;-58;-0.1124;-0.0070;-0.0012;-0.0059;-0.0225;-0.1569;-0.0000;11744
1282.0;0.0023;0.0000;-10.8255;-10.9505;50;-58;0.0538;-0.0070;-0.0012;-0.0059;-0.0225;-0.1569;-0.0000;11744
1282.5;0.0018;0.0000;-10.8420;-10.9505;50;-58;-0.0244;-0.0056;-0.0012;-0.0049;-0.0225;-0.1569;-0.0000;11744
1283.0;0.0018;0.0000;-10.8764;-10.9505;50;-56;-0.0342;-0.0070;-0.0012;-0.0039;-0.0225;-0.1569;-0.0000;11641
1283.5;0.0014;0.0000;-10.9203;-10.9505;52;-56;-0.0342;-0.0056;-0.0012;-0.0020;-0.0225;-0.1569;-0.0000;11641
1284.0;0.0018;0.0000;-10.9533;-10.9505;52;-56;-0.0244;-0.0056;-0.0012;-0.0000;-0.0225;-0.1569;-0.0000;11641
1284.5;0.0018;0.0000;-11.0096;-10.9505;50;-56;0.0440;-0.0056;-0.0012;0.0020;-0.0225;-0.1569;-0.0000;11641
1285.0;0.0018;0.0000;-11.0563;-10.9505;50;-54;0.0635;-0.0070;-0.0012;0.0039;-0.0225;-0.1569;-0.0000;11846
1285.5;0.0027;0.0000;-11.0714;-10.9505;48;-54;-0.0342;-0.0085;-0.0012;0.0049;-0.0225;-0.1569;-0.0000;11846
1286.0;0.0032;0.0000;-11.0948;-10.9505;46;-54;0.0538;-0.0100;-0.0012;0.0059;-0.0225;-0.1569;-0.0000;11846
1286.5;0.0032;0.0000;-11.0577;-10.9505;48;-54;-0.0244;-0.0085;-0.0012;0.0039;-0.0225;-0.1569;-0.0000;11846
1287.0;0.0032;0.0000;-10.9959;-10.9505;48;-56;-0.0147;-0.0100;-0.0012;0.0010;-0.0225;-0.1569;-0.0000;11846
1287.5;0.0037;0.0000;-10.9327;-10.9505;48;-56;0.0538;-0.0100;-0.0012;-0.0010;-0.0225;-0.1569;-0.0000;11641
1288.0;0.0037;0.0000;-10.8997;-10.9505;50;-58;0.0440;-0.0114;-0.0012;-0.0029;-0.0225;-0.1569;-0.0000;11641
1288.5;0.0037;0.0000;-10.8448;-10.9505;50;-58;0.0538;-0.0114;-0.0012;-0.0049;-0.0225;-0.1569;-0.0000;11641
1289.0;0.0041;0.0000;-10.7706;-10.9505;50;-58;-0.0342;-0.0114;-0.0012;-0.0078;-0.0225;-0.1569;-0.0000;11641
1289.5;0.0037;0.0000;-10.7266;-10.9505;52;-58;0.0538;-0.0114;-0.0012;-0.0098;-0.0225;-0.1569;-0.0000;11641
1290.0;0.0032;0.0000;-10.6566;-10.9505;52;-58;-0.0440;-0.0085;-0.0012;-0.0127;-0.0225;-0.1569;-0.0000;11436
1290.5;0.0023;0.0000;-10.6387;-10.9505;54;-58;0.0440;-0.0070;-0.0012;-0.0137;-0.0225;-0.1569;-0.0000;11436
1291.0;0.0014;0.0000;-10.6058;-10.9505;56;-58;-0.0342;-0.0041;-0.0012;-0.0147;-0.0225;-0.1569;-0.0000;11436
1291.5;0.0005;0.0000;-10.6126;-10.9505;56;-56;0.0440;-0.0026;-0.0012;-0.0147;-0.0225;-0.1569;-0.0000;11436
1292.0;0.0009;0.0000;-10.6195;-10.9505;56;-58;-0.0342;-0.0026;-0.0012;-0.0147;-0.0225;-0.1569;-0.0000;11744
1292.5;0.0009;0.0000;-10.6374;-10.9505;54;-56;0.0342;-0.0041;-0.0012;-0.0137;-0.0225;-0.1569;-0.0000;11744
1293.0;0.0018;0.0000;-10.6690;-10.9505;54;-56;-0.1222;-0.0056;-0.0012;-0.0127;-0.0225;-0.1569;-0.0000;11744
1293.5;0.0023;0.0000;-10.6978;-10.9505;52;-56;0.0440;-0.0070;-0.0012;-0.0108;-0.0235;-0.1569;-0.0000;11744
1294.0;0.0027;0.0000;-10.7115;-10.9505;52;-56;0.0538;-0.0070;-0.0012;-0.0108;-0.0235;-0.1569;-0.0000;11641
1294.5;0.0037;0.0000;-10.7239;-10.9505;50;-58;-0.0440;-0.0100;-0.0012;-0.0098;-0.0235;-0.1569;-0.0000;11641
1295.0;0.0041;0.0000;-10.7541;-10.9505;50;-58;0.0440;-0.0114;-0.0012;-0.0088;-0.0235;-0.1569;-0.0000;11590
1295.5;0.0046;0.0000;-10.7527;-10.9505;50;-60;0.0440;-0.0129;-0.0012;-0.0088;-0.0235;-0.1569;-0.0000;11641
1296.0;0.0055;0.0000;-10.7775;-10.9505;48;-60;-0.0244;-0.0144;-0.0012;-0.0078;-0.0235;-0.1569;-0.0000;11641
1296.5;0.0060;0.0000;-10.7734;-10.9505;48;-60;0.0440;-0.0158;-0.0012;-0.0078;-0.0235;-0.1569;-0.0000;11846
1297.0;0.0064;0.0000;-10.7624;-10.9505;46;-60;0.0342;-0.0173;-0.0012;-0.0088;-0.0235;-0.1569;-0.0000;11846
1297.5;0.0064;0.0000;-10.7473;-10.9505;48;-60;-0.1124;-0.0173;-0.0012;-0.0088;-0.0235;-0.1569;-0.0000;11846
1298.0;0.0069;0.0000;-10.7569;-10.9505;48;-60;0.0440;-0.0173;-0.0012;-0.0088;-0.0235;-0.1569;-0.0000;11846
1298.5;0.0069;0.0000;-10.7871;-10.9505;48;-60;0.0635;-0.0173;-0.0012;-0.0078;-0.0235;-0.1569;-0.0000;11641
1299.0;0.0064;0.0000;-10.7981;-10.9505;48;-58;-0.0440;-0.0173;-0.0012;-0.0068;-0.0235;-0.1569;-0.0000;11692
1299.5;0.0073;0.0000;-10.7926;-10.9505;48;-60;0.1320;-0.0188;-0.0026;-0.0068;-0.0235;-0.1569;-0.0000;11641
1300.0;0.0078;0.0000;-10.7582;-10.9505;48;-60;0.0440;-0.0202;-0.0026;-0.0088;-0.0235;-0.1569;-0.0000;11641
1300.5;0.0073;0.0000;-10.7280;-10.9505;48;-60;-0.0244;-0.0188;-0.0026;-0.0098;-0.0235;-0.1569;-0.0000;11641
1301.0;0.0073;0.0000;-10.6964;-10.9505;48;-60;-0.0440;-0.0202;-0.0026;-0.0108;-0.0235;-0.1569;-0.0000;11436
1301.5;0.0078;0.0000;-10.6854;-10.9505;50;-62;0.0342;-0.0202;-0.0026;-0.0117;-0.0235;-0.1569;-0.0000;11487
1302.0;0.0078;0.0000;-10.6552;-10.9505;50;-62;0.0440;-0.0202;-0.0026;-0.0127;-0.0235;-0.1569;-0.0000;11436
1302.5;0.0082;0.0000;-10.6552;-10.9505;50;-64;-0.0342;-0.0217;-0.0026;-0.0127;-0.0235;-0.1569;-0.0000;11436
1303.0;0.0082;0.0000;-10.6415;-10.9505;50;-64;-0.0342;-0.0217;-0.0026;-0.0137;-0.0235;-0.1569;-0.0000;11436
1303.5;0.0069;0.0000;-10.6484;-10.9505;52;-62;-0.0440;-0.0188;-0.0026;-0.0127;-0.0235;-0.1569;-0.0000;11744
1304.0;0.0064;0.0000;-10.6593;-10.9505;50;-60;0.0440;-0.0173;-0.0026;-0.0127;-0.0244;-0.1569;-0.0000;11744
1304.5;0.0055;0.0000;-10.6580;-10.9505;52;-58;-0.0342;-0.0158;-0.0026;-0.0127;-0.0244;-0.1569;-0.0000;11744
1305.0;0.0046;0.0000;-10.6951;-10.9505;52;-58;-0.0244;-0.0129;-0.0026;-0.0108;-0.0244;-0.1569;-0.0000;11744
1305.5;0.0037;0.0000;-10.7074;-10.9505;52;-56;0.0342;-0.0100;-0.0026;-0.0108;-0.0244;-0.1569;-0.0000;11590
1306.0;0.0032;0.0000;-10.7555;-10.9505;54;-56;0.0342;-0.0085;-0.0026;-0.0088;-0.0244;-0.1569;-0.0000;11590
1306.5;0.0032;0.0000;-10.7637;-10.9505;54;-56;-0.0342;-0.0100;-0.0026;-0.0088;-0.0244;-0.1569;-0.0000;11590
1307.0;0.0027;0.0000;-10.7953;-10.9505;54;-56;-0.0342;-0.0085;-0.0026;-0.0068;-0.0244;-0.1569;-0.0000;11590
1307.5;0.0023;0.0000;-10.7926;-10.9505;54;-56;0.0635;-0.0070;-0.0026;-0.0068;-0.0244;-0.1569;-0.0000;11846
1308.0;0.0023;0.0000;-10.8091;-10.9505;54;-56;0.0342;-0.0070;-0.0026;-0.0068;-0.0244;-0.1569;-0.0000;11846
1308.5;0.0018;0.0000;-10.8159;-10.9505;52;-54;0.0440;-0.0056;-0.0026;-0.0059;-0.0244;-0.1569;-0.0000;11846
1309.0;0.0018;0.0000;-10.8242;-10.9505;52;-54;-0.1124;-0.0056;-0.0026;-0.0059;-0.0244;-0.1569;-0.0000;11846
1309.5;0.0014;0.0000;-10.8352;-10.9505;52;-54;0.0538;-0.0056;-0.0026;-0.0049;-0.0244;-0.1569;-0.0000;11846
1310.0;0.0009;0.0000;-10.8077;-10.9505;54;-54;-0.0440;-0.0026;-0.0026;-0.0068;-0.0244;-0.1569;-0.0000;11692
1310.5;0.0009;0.0000;-10.7953;-10.9505;54;-56;-0.0440;-0.0041;-0.0026;-0.0068;-0.0244;-0.1569;-0.0000;11641
1311.0;0.0009;0.0000;-10.7761;-10.9505;54;-56;0.0440;-0.0041;-0.0026;-0.0078;-0.0244;-0.1569;-0.0000;11692
1311.5;0.0005;0.0000;-10.7624;-10.9505;54;-56;-0.0342;-0.0026;-0.0026;-0.0088;-0.0244;-0.1569;-0.0000;11692
1312.0;0.0000;0.0000;-10.7404;-10.9505;56;-56;0.0538;-0.0012;-0.0026;-0.0098;-0.0244;-0.1569;-0.0000;11641
1312.5;0.0000;0.0000;-10.7376;-10.9505;54;-56;-0.0342;-0.0012;-0.0026;-0.0098;-0.0244;-0.1569;-0.0000;11487
1313.0;-0.0005;0.0000;-10.7047;-10.9505;56;-58;-0.0440;-0.0012;-0.0026;-0.0108;-0.0244;-0.1569;-0.0000;11487
1313.5;-0.0014;0.0000;-10.6786;-10.9505;58;-56;-0.0342;0.0018;-0.0026;-0.0117;-0.0244;-0.1569;-0.0000;11436
1314.0;-0.0014;0.0000;-10.6538;-10.9505;58;-58;-0.0342;0.0018;-0.0026;-0.0127;-0.0244;-0.1569;-0.0000;11487
1314.5;-0.0014;0.0000;-10.6580;-10.9505;58;-58;0.0440;0.0018;-0.0026;-0.0127;-0.0244;-0.1569;-0.0000;11436
1315.0;-0.0018;0.0000;-10.6717;-10.9505;56;-56;-0.0440;0.0032;-0.0026;-0.0117;-0.0244;-0.1569;-0.0000;11744
1315.5;-0.0018;0.0000;-10.6662;-10.9505;56;-56;-0.0342;0.0032;-0.0026;-0.0127;-0.0254;-0.1569;-0.0000;11744
1316.0;-0.0014;0.0000;-10.6854;-10.9505;56;-56;0.0440;0.0018;-0.0026;-0.0117;-0.0254;-0.1569;-0.0000;11744
1316.5;-0.0014;0.0000;-10.6786;-10.9505;56;-56;-0.1124;0.0018;-0.0026;-0.0117;-0.0254;-0.1569;-0.0000;11744
1317.0;-0.0014;0.0000;-10.7033;-10.9505;56;-56;0.0440;0.0018;-0.0026;-0.0108;-0.0254;-0.1569;-0.0000;11590
1317.5;-0.0014;0.0000;-10.7321;-10.9505;56;-58;-0.1222;0.0018;-0.0026;-0.0098;-0.0254;-0.1569;-0.0000;11590
1318.0;-0.0014;0.0000;-10.7775;-10.9505;56;-56;0.0538;0.0018;-0.0026;-0.0078;-0.0254;-0.1569;-0.0000;11590
1318.5;-0.0005;0.0000;-10.8187;-10.9505;54;-58;-0.0342;0.0003;-0.0026;-0.0059;-0.0254;-0.1569;-0.0000;11590
1319.0;-0.0005;0.0000;-10.8613;-10.9505;54;-56;-0.0342;0.0003;-0.0026;-0.0039;-0.0254;-0.1569;-0.0000;11846
1319.5;-0.0009;0.0000;-10.8901;-10.9505;52;-54;0.0440;0.0003;-0.0026;-0.0029;-0.0254;-0.1569;-0.0000;11846
1320.0;-0.0009;0.0000;-10.9066;-10.9505;52;-54;-0.1124;0.0003;-0.0026;-0.0020;-0.0254;-0.1569;-0.0000;11846
1320.5;-0.0009;0.0000;-10.9148;-10.9505;52;-54;0.0538;0.0003;-0.0026;-0.0020;-0.0254;-0.1569;-0.0000;11846
1321.0;0.0000;0.0000;-10.8997;-10.9505;52;-56;-0.0244;-0.0012;-0.0026;-0.0029;-0.0254;-0.1569;-0.0000;11846
1321.5;-0.0005;0.0000;-10.8984;-10.9505;52;-56;-0.0342;0.0003;-0.0026;-0.0029;-0.0254;-0.1569;-0.0000;11692
1322.0;-0.0005;0.0000;-10.8654;-10.9505;54;-56;-0.0342;0.0003;-0.0026;-0.0039;-0.0254;-0.1569;-0.0000;11641
1322.5;-0.0009;0.0000;-10.8571;-10.9505;54;-56;0.0538;0.0003;-0.0026;-0.0039;-0.0254;-0.1569;-0.0000;11641
1323.0;-0.0009;0.0000;-10.8462;-10.9505;54;-56;-0.1124;0.0003;-0.0026;-0.0049;-0.0254;-0.1569;-0.0000;11641
1323.5;-0.0018;0.0000;-10.8379;-10.9505;54;-56;-0.0244;0.0032;-0.0026;-0.0049;-0.0254;-0.1569;-0.0000;11641
1324.0;-0.0023;0.0000;-10.8214;-10.9505;56;-56;0.0440;0.0047;-0.0026;-0.0059;-0.0254;-0.1569;-0.0000;11436
1324.5;-0.0018;0.0000;-10.8283;-10.9505;56;-56;-0.0342;0.0032;-0.0026;-0.0059;-0.0254;-0.1569;-0.0000;11436
1325.0;-0.0014;0.0000;-10.8283;-10.9505;56;-58;-0.1124;0.0018;-0.0026;-0.0059;-0.0254;-0.1569;-0.0000;11436
1325.5;-0.0014;0.0000;-10.8255;-10.9505;56;-58;0.0538;0.0018;-0.0026;-0.0059;-0.0254;-0.1569;-0.0000;11436
1326.0;-0.0005;0.0000;-10.8118;-10.9505;56;-58;-0.1124;0.0003;-0.0026;-0.0059;-0.0254;-0.1569;-0.0000;11692
1326.5;0.0000;0.0000;-10.7912;-10.9505;54;-58;0.0440;-0.0012;-0.0026;-0.0068;-0.0254;-0.1569;-0.0000;11744
1327.0;0.0014;0.0000;-10.7967;-10.9505;52;-58;-0.0244;-0.0041;-0.0026;-0.0068;-0.0254;-0.1569;-0.0000;11744
1327.5;0.0014;0.0000;-10.7912;-10.9478;52;-58;-0.0440;-0.0041;-0.0026;-0.0068;-0.0254;-0.1529;-0.0000;11692
1328.0;0.0018;0.0000;-10.8077;-10.9464;52;-58;-0.0244;-0.0070;-0.0026;-0.0059;-0.0254;-0.1529;-0.0000;11590
1328.5;0.0018;0.0000;-10.8132;-10.9437;52;-60;-0.0440;-0.0056;-0.0026;-0.0059;-0.0254;-0.1529;-0.0000;11590
1329.0;0.0023;0.0000;-10.8159;-10.9396;52;-60;-0.0342;-0.0070;-0.0026;-0.0059;-0.0254;-0.1529;-0.0000;11538
1329.5;0.0018;0.0000;-10.8063;-10.9354;52;-60;-0.0342;-0.0056;-0.0026;-0.0059;-0.0254;-0.1529;-0.0000;11538
1330.0;0.0023;0.0000;-10.8091;-10.9299;52;-60;-0.0244;-0.0070;-0.0026;-0.0059;-0.0254;-0.1529;-0.0000;11538
1330.5;0.0018;0.0000;-10.8228;-10.9231;52;-58;-0.0342;-0.0056;-0.0026;-0.0049;-0.0254;-0.1490;-0.0000;11744
1331.0;0.0023;0.0000;-10.8434;-10.9176;50;-56;-0.0342;-0.0070;-0.0026;-0.0039;-0.0254;-0.1490;-0.0000;11744
1331.5;0.0018;0.0000;-10.8654;-10.9093;50;-56;-0.0244;-0.0056;-0.0026;-0.0020;-0.0254;-0.1490;-0.0000;11744
1332.0;0.0023;0.0000;-10.8558;-10.9011;50;-56;-0.0342;-0.0070;-0.0026;-0.0020;-0.0254;-0.1490;-0.0000;11744
1332.5;0.0018;0.0000;-10.8681;-10.8929;50;-56;-0.1026;-0.0056;-0.0026;-0.0020;-0.0254;-0.1490;-0.0000;11590
1333.0;0.0014;0.0000;-10.8764;-10.8819;50;-54;0.0440;-0.0041;-0.0026;-0.0010;-0.0254;-0.1490;-0.0000;11538
1333.5;0.0009;0.0000;-10.9066;-10.8723;50;-54;0.0538;-0.0041;-0.0026;0.0010;-0.0254;-0.1451;-0.0000;11538
1334.0;0.0000;0.0000;-10.9135;-10.8613;52;-54;-0.1124;-0.0012;-0.0026;0.0020;-0.0254;-0.1451;-0.0000;11538
1334.5;-0.0005;0.0000;-10.9190;-10.8489;52;-52;0.0635;0.0003;-0.0026;0.0029;-0.0254;-0.1451;-0.0000;11538
1335.0;-0.0009;0.0000;-10.9080;-10.8365;52;-52;-0.0342;0.0003;-0.0026;0.0029;-0.0254;-0.1451;-0.0000;11385
1335.5;-0.0005;0.0000;-10.8805;-10.8228;52;-52;-0.0342;0.0003;-0.0026;0.0020;-0.0254;-0.1451;-0.0000;11385
1336.0;0.0000;0.0000;-10.8269;-10.8077;52;-54;0.0538;-0.0012;-0.0026;-0.0000;-0.0254;-0.1451;-0.0000;11385
1336.5;0.0000;0.0000;-10.7912;-10.7926;52;-54;-0.1222;-0.0012;-0.0026;-0.0010;-0.0254;-0.1412;-0.0000;11436
1337.0;0.0005;0.0000;-10.7266;-10.7775;52;-54;0.0440;-0.0026;-0.0026;-0.0029;-0.0254;-0.1412;-0.0000;11385
1337.5;-0.0005;0.0000;-10.6951;-10.7610;52;-54;-0.0440;0.0003;-0.0026;-0.0029;-0.0254;-0.1412;-0.0000;11590
1338.0;0.0000;0.0000;-10.6552;-10.7431;52;-54;-0.0342;-0.0012;-0.0026;-0.0039;-0.0254;-0.1412;-0.0000;11590
1338.5;0.0000;0.0000;-10.6140;-10.7253;50;-54;0.0440;-0.0012;-0.0026;-0.0049;-0.0254;-0.1412;-0.0000;11538
1339.0;0.0009;0.0000;-10.5783;-10.7074;50;-54;-0.0342;-0.0041;-0.0026;-0.0059;-0.0254;-0.1412;-0.0000;11538
1339.5;0.0014;0.0000;-10.5357;-10.6868;50;-56;0.0342;-0.0056;-0.0026;-0.0068;-0.0254;-0.1373;-0.0000;11436
1340.0;0.0014;0.0000;-10.5261;-10.6676;50;-56;-0.0538;-0.0041;-0.0026;-0.0068;-0.0264;-0.1373;-0.0000;11385
1340.5;0.0009;0.0000;-10.4945;-10.6456;50;-54;0.0342;-0.0041;-0.0026;-0.0068;-0.0264;-0.1373;-0.0000;11385
1341.0;0.0014;0.0000;-10.4821;-10.6250;50;-56;-0.0440;-0.0056;-0.0026;-0.0068;-0.0264;-0.1373;-0.0000;11385
1341.5;0.0009;0.0000;-10.4670;-10.6016;50;-54;-0.0342;-0.0041;-0.0026;-0.0059;-0.0264;-0.1373;-0.0000;11641
1342.0;0.0018;0.0000;-10.4231;-10.5783;50;-56;-0.0538;-0.0056;-0.0026;-0.0068;-0.0264;-0.1373;-0.0000;11641
1342.5;0.0018;0.0000;-10.4025;-10.5549;48;-54;0.0342;-0.0056;-0.0026;-0.0068;-0.0264;-0.1333;-0.0000;11641
1343.0;0.0023;0.0000;-10.3626;-10.5302;48;-54;0.0342;-0.0070;-0.0026;-0.0078;-0.0264;-0.1333;-0.0000;11590
1343.5;0.0014;0.0000;-10.3503;-10.5041;48;-54;-0.0440;-0.0056;-0.0026;-0.0068;-0.0264;-0.1333;-0.0000;11641
1344.0;0.0018;0.0000;-10.2981;-10.4780;48;-54;-0.0538;-0.0056;-0.0026;-0.0078;-0.0264;-0.1333;-0.0000;11487
1344.5;0.0023;0.0000;-10.2679;-10.4505;48;-54;-0.0538;-0.0070;-0.0026;-0.0078;-0.0264;-0.1333;-0.0000;11487
1345.0;0.0023;0.0000;-10.2102;-10.4231;48;-54;0.0244;-0.0070;-0.0026;-0.0098;-0.0264;-0.1333;-0.0000;11487
1345.5;0.0023;0.0000;-10.1744;-10.3956;48;-54;0.0244;-0.0070;-0.0026;-0.0098;-0.0264;-0.1294;-0.0000;11487
1346.0;0.0014;0.0000;-10.1250;-10.3654;48;-54;-0.0440;-0.0056;-0.0041;-0.0108;-0.0264;-0.1294;-0.0000;11487
1346.5;0.0009;0.0000;-10.1003;-10.3352;48;-52;0.0147;-0.0041;-0.0041;-0.0108;-0.0264;-0.1294;-0.0000;11385
1347.0;0.0014;0.0000;-10.0783;-10.3049;50;-54;-0.0538;-0.0056;-0.0041;-0.0098;-0.0264;-0.1294;-0.0000;11385
1347.5;0.0018;0.0000;-10.0316;-10.2734;48;-54;0.0244;-0.0056;-0.0041;-0.0108;-0.0264;-0.1294;-0.0000;11385
1348.0;0.0018;0.0000;-10.0165;-10.2418;48;-54;0.0244;-0.0056;-0.0041;-0.0098;-0.0264;-0.1255;-0.0000;11385
1348.5;0.0018;0.0000;-9.9657;-10.2088;48;-54;0.0147;-0.0056;-0.0041;-0.0108;-0.0264;-0.1255;-0.0000;11385
1349.0;0.0018;0.0000;-9.9560;-10.1744;46;-52;0.0147;-0.0056;-0.0041;-0.0098;-0.0264;-0.1255;-0.0000;11385
1349.5;0.0018;0.0000;-9.9396;-10.1401;46;-52;0.0147;-0.0070;-0.0041;-0.0088;-0.0264;-0.1255;-0.0000;11385
1350.0;0.0005;0.0000;-9.9162;-10.1044;48;-50;0.0147;-0.0026;-0.0041;-0.0088;-0.0264;-0.1255;-0.0000;11385
1350.5;0.0000;0.0000;-9.8736;-10.0687;48;-50;-0.0538;-0.0012;-0.0041;-0.0088;-0.0264;-0.1216;-0.0000;11333
1351.0;0.0000;0.0000;-9.8283;-10.0316;48;-50;0.0049;-0.0012;-0.0041;-0.0088;-0.0264;-0.1216;-0.0000;11333
1351.5;0.0000;0.0000;-9.7940;-9.9945;48;-50;-0.0733;-0.0012;-0.0041;-0.0088;-0.0264;-0.1216;-0.0000;11333
1352.0;-0.0005;0.0000;-9.7555;-9.9560;48;-50;0.0147;-0.0012;-0.0041;-0.0088;-0.0274;-0.1216;-0.0000;11333
1352.5;-0.0005;0.0000;-9.7280;-9.9176;48;-48;0.0147;0.0003;-0.0041;-0.0088;-0.0274;-0.1216;-0.0000;11333
1353.0;-0.0005;0.0000;-9.6703;-9.8777;48;-48;0.0049;0.0003;-0.0041;-0.0088;-0.0274;-0.1216;-0.0000;11538
1353.5;-0.0005;0.0000;-9.6484;-9.8365;46;-48;0.0049;0.0003;-0.0041;-0.0088;-0.0274;-0.1176;-0.0000;11590
1354.0;-0.0005;0.0000;-9.6195;-9.7953;46;-48;0.0049;0.0003;-0.0041;-0.0078;-0.0274;-0.1176;-0.0000;11590
1354.5;-0.0005;0.0000;-9.5824;-9.7541;46;-48;0.0049;0.0003;-0.0041;-0.0078;-0.0274;-0.1176;-0.0000;11538
1355.0;-0.0005;0.0000;-9.5357;-9.7115;46;-48;0.0147;0.0003;-0.0041;-0.0078;-0.0274;-0.1176;-0.0000;11538
1355.5;-0.0005;0.0000;-9.5000;-9.6676;44;-46;-0.0049;0.0003;-0.0041;-0.0078;-0.0274;-0.1176;-0.0000;11487
1356.0;-0.0014;0.0000;-9.4299;-9.6236;46;-46;-0.0049;0.0018;-0.0041;-0.0088;-0.0274;-0.1137;-0.0000;11436
1356.5;-0.0032;0.0000;-9.3434;-9.5783;48;-44;-0.0049;0.0062;-0.0041;-0.0108;-0.0274;-0.1137;-0.0000;11436
1357.0;-0.0046;0.0000;-9.2486;-9.5330;50;-42;0.0049;0.0105;-0.0041;-0.0127;-0.0274;-0.1137;-0.0000;11436
1357.5;-0.0055;0.0000;-9.1511;-9.4863;50;-42;-0.0147;0.0120;-0.0041;-0.0147;-0.0274;-0.1137;-0.0000;11385
1358.0;-0.0060;0.0000;-9.0673;-9.4382;52;-42;-0.0147;0.0135;-0.0026;-0.0156;-0.0274;-0.1137;-0.0000;11385
1358.5;-0.0064;0.0000;-8.9918;-9.3901;52;-42;-0.0147;0.0149;-0.0026;-0.0176;-0.0274;-0.1098;-0.0000;11333
1359.0;-0.0055;0.0000;-8.9162;-9.3420;50;-44;-0.0147;0.0135;-0.0026;-0.0186;-0.0274;-0.1098;-0.0000;11333
1359.5;-0.0050;0.0000;-8.8516;-9.2926;50;-46;-0.0147;0.0120;-0.0026;-0.0186;-0.0274;-0.1098;-0.0000;11333
1360.0;-0.0050;0.0000;-8.7940;-9.2418;48;-44;0.1320;0.0105;-0.0026;-0.0196;-0.0274;-0.1098;-0.0000;11333
1360.5;-0.0037;0.0000;-8.7431;-9.1909;46;-46;0.0538;0.0091;-0.0026;-0.0196;-0.0283;-0.1098;-0.0000;11333
1361.0;-0.0032;0.0000;-8.6951;-9.1401;46;-46;-0.0244;0.0062;-0.0026;-0.0196;-0.0283;-0.1059;-0.0000;11333
1361.5;-0.0027;0.0000;-8.6497;-9.0865;46;-46;-0.0147;0.0047;-0.0026;-0.0186;-0.0283;-0.1059;-0.0000;11333
1362.0;-0.0032;0.0000;-8.6030;-9.0343;44;-46;0.0440;0.0062;-0.0026;-0.0186;-0.0283;-0.1059;-0.0000;11333
1362.5;-0.0032;0.0000;-8.5659;-8.9794;46;-46;-0.0342;0.0076;-0.0026;-0.0176;-0.0283;-0.1059;-0.0000;11333
1363.0;-0.0032;0.0000;-8.5261;-8.9244;46;-46;-0.0342;0.0076;-0.0026;-0.0176;-0.0283;-0.1020;-0.0000;11333
1363.5;-0.0037;0.0000;-8.5069;-8.8695;44;-44;-0.0342;0.0076;-0.0026;-0.0156;-0.0283;-0.1020;-0.0000;11333
1364.0;-0.0041;0.0000;-8.4835;-8.8132;44;-42;0.0538;0.0091;-0.0026;-0.0147;-0.0283;-0.1020;-0.0000;11333
1364.5;-0.0041;0.0000;-8.4657;-8.7555;44;-42;-0.0342;0.0091;-0.0026;-0.0127;-0.0283;-0.1020;-0.0000;11436
1365.0;-0.0037;0.0000;-8.4437;-8.6978;42;-40;-0.0342;0.0076;-0.0026;-0.0108;-0.0283;-0.1020;-0.0000;11436
1365.5;-0.0037;0.0000;-8.4258;-8.6401;40;-40;0.1320;0.0076;-0.0026;-0.0098;-0.0283;-0.0980;-0.0000;11436
1366.0;-0.0041;0.0000;-8.3929;-8.5810;40;-38;0.0440;0.0091;-0.0026;-0.0088;-0.0283;-0.0980;-0.0000;11436
1366.5;-0.0046;0.0000;-8.3585;-8.5206;40;-38;-0.0342;0.0105;-0.0026;-0.0068;-0.0283;-0.0980;-0.0000;11385
1367.0;-0.0041;0.0000;-8.3352;-8.4602;40;-38;0.0342;0.0091;-0.0026;-0.0059;-0.0283;-0.0980;-0.0000;11385
1367.5;-0.0037;0.0000;-8.3008;-8.3984;38;-38;-0.0440;0.0076;-0.0026;-0.0049;-0.0283;-0.0980;-0.0000;11385
1368.0;-0.0041;0.0000;-8.2527;-8.3365;38;-38;0.0440;0.0091;-0.0026;-0.0039;-0.0283;-0.0941;-0.0000;11385
1368.5;-0.0041;0.0000;-8.2198;-8.2734;38;-36;-0.0342;0.0091;-0.0026;-0.0029;-0.0283;-0.0941;-0.0000;11385
1369.0;-0.0046;0.0000;-8.1511;-8.2088;38;-36;0.1124;0.0105;-0.0026;-0.0029;-0.0293;-0.0941;-0.0000;11333
1369.5;-0.0046;0.0000;-8.0659;-8.1456;38;-36;-0.0538;0.0105;-0.0026;-0.0039;-0.0293;-0.0941;-0.0000;11333
1370.0;-0.0055;0.0000;-7.9258;-8.0797;40;-36;0.0342;0.0120;-0.0026;-0.0068;-0.0293;-0.0902;-0.0000;11333
1370.5;-0.0060;0.0000;-7.7912;-8.0137;42;-36;-0.0538;0.0135;-0.0026;-0.0098;-0.0293;-0.0902;-0.0000;11333
1371.0;-0.0060;0.0000;-7.6319;-7.9464;44;-38;-0.0635;0.0135;-0.0026;-0.0137;-0.0293;-0.0902;-0.0000;11333
1371.5;-0.0055;0.0000;-7.4876;-7.8791;44;-38;0.0147;0.0120;-0.0026;-0.0166;-0.0293;-0.0902;-0.0000;11333
1372.0;-0.0055;0.0000;-7.3750;-7.8118;44;-38;0.0049;0.0135;-0.0026;-0.0186;-0.0293;-0.0902;-0.0000;11333
1372.5;-0.0050;0.0000;-7.3022;-7.7418;42;-38;0.0049;0.0120;-0.0026;-0.0186;-0.0293;-0.0863;-0.0000;11333
1373.0;-0.0055;0.0000;-7.2335;-7.6731;42;-38;0.0049;0.0120;-0.0026;-0.0186;-0.0293;-0.0863;-0.0000;11333
1373.5;-0.0046;0.0000;-7.1717;-7.6016;40;-38;-0.0049;0.0105;-0.0026;-0.0186;-0.0293;-0.0863;-0.0000;11333
1374.0;-0.0050;0.0000;-7.1250;-7.5302;40;-38;-0.0049;0.0120;-0.0026;-0.0176;-0.0293;-0.0863;-0.0000;11333
1374.5;-0.0046;0.0000;-7.0783;-7.4588;40;-38;0.0049;0.0105;-0.0026;-0.0166;-0.0293;-0.0824;-0.0000;11333
1375.0;-0.0050;0.0000;-7.0261;-7.3860;38;-36;-0.0049;0.0105;-0.0012;-0.0156;-0.0293;-0.0824;-0.0000;11333
1375.5;-0.0050;0.0000;-6.9890;-7.3118;38;-36;-0.0831;0.0105;-0.0012;-0.0137;-0.0293;-0.0824;-0.0000;11436
1376.0;-0.0050;0.0000;-6.9313;-7.2376;38;-36;0.0733;0.0120;-0.0012;-0.0137;-0.0303;-0.0824;-0.0000;11436
1376.5;-0.0060;0.0000;-6.8970;-7.1635;38;-34;-0.0049;0.0135;-0.0012;-0.0117;-0.0303;-0.0824;-0.0000;11436
1377.0;-0.0055;0.0000;-6.8544;-7.0879;38;-34;-0.0049;0.0120;-0.0012;-0.0108;-0.0303;-0.0784;-0.0000;11436
1377.5;-0.0060;0.0000;-6.7981;-7.0137;38;-32;-0.0049;0.0135;-0.0012;-0.0098;-0.0303;-0.0784;-0.0000;11436
1378.0;-0.0064;0.0000;-6.7376;-6.9382;36;-32;0.0635;0.0149;-0.0012;-0.0088;-0.0303;-0.0784;-0.0000;11385
1378.5;-0.0055;0.0000;-6.6566;-6.8626;36;-32;-0.0147;0.0135;-0.0012;-0.0088;-0.0303;-0.0784;-0.0000;11385
1379.0;-0.0060;0.0000;-6.5426;-6.7885;36;-32;-0.0147;0.0135;-0.0012;-0.0108;-0.0303;-0.0784;-0.0000;11385
1379.5;-0.0060;0.0000;-6.3956;-6.7129;38;-34;0.0538;0.0135;-0.0012;-0.0137;-0.0303;-0.0784;-0.0000;11385
1380.0;-0.0069;0.0000;-6.2885;-6.6387;38;-32;-0.0244;0.0164;-0.0012;-0.0156;-0.0303;-0.0784;-0.0000;11385
1380.5;-0.0064;0.0000;-6.1690;-6.5632;38;-34;-0.0342;0.0149;-0.0012;-0.0166;-0.0303;-0.0784;-0.0000;11333
1381.0;-0.0069;0.0000;-6.0563;-6.4876;40;-34;-0.0342;0.0164;-0.0012;-0.0186;-0.0303;-0.0784;-0.0000;11333
1381.5;-0.0064;0.0000;-5.9629;-6.4135;40;-34;-0.0440;0.0149;-0.0012;-0.0196;-0.0303;-0.0784;-0.0000;11333
1382.0;-0.0064;0.0000;-5.8832;-6.3379;38;-34;0.0440;0.0135;-0.0012;-0.0196;-0.0303;-0.0784;-0.0000;11333
1382.5;-0.0064;0.0000;-5.8091;-6.2637;38;-34;-0.0440;0.0149;-0.0012;-0.0196;-0.0303;-0.0784;-0.0000;11333
1383.0;-0.0060;0.0000;-5.7445;-6.1882;38;-34;-0.0538;0.0135;-0.0012;-0.0196;-0.0313;-0.0784;-0.0000;11333
1383.5;-0.0055;0.0000;-5.6854;-6.1126;38;-34;0.0342;0.0135;-0.0012;-0.0186;-0.0313;-0.0745;-0.0000;11333
1384.0;-0.0055;0.0000;-5.6429;-6.0385;36;-34;0.0244;0.0120;-0.0012;-0.0176;-0.0313;-0.0745;-0.0000;11333
1384.5;-0.0060;0.0000;-5.5989;-5.9629;36;-34;-0.0440;0.0135;-0.0012;-0.0156;-0.0313;-0.0745;-0.0000;11333
1385.0;-0.0060;0.0000;-5.5426;-5.8887;36;-32;0.0244;0.0135;-0.0012;-0.0147;-0.0313;-0.0745;-0.0000;11333
1385.5;-0.0064;0.0000;-5.4973;-5.8132;36;-32;0.0244;0.0149;-0.0012;-0.0137;-0.0313;-0.0745;-0.0000;11333
1386.0;-0.0064;0.0000;-5.4382;-5.7376;36;-32;0.0244;0.0149;-0.0012;-0.0127;-0.0313;-0.0745;-0.0000;11333
1386.5;-0.0064;0.0000;-5.3695;-5.6635;36;-30;0.0244;0.0149;-0.0012;-0.0127;-0.0313;-0.0745;-0.0000;11333
1387.0;-0.0064;0.0000;-5.3077;-5.5879;34;-30;0.0147;0.0135;-0.0012;-0.0127;-0.0313;-0.0745;-0.0000;11436
1387.5;-0.0060;0.0000;-5.2555;-5.5137;34;-30;0.0147;0.0135;0.0003;-0.0117;-0.0313;-0.0745;-0.0000;11436
1388.0;-0.0060;0.0000;-5.1937;-5.4382;34;-30;0.0147;0.0135;0.0003;-0.0108;-0.0313;-0.0745;-0.0000;11385
1388.5;-0.0060;0.0000;-5.1360;-5.3626;34;-30;0.0147;0.0135;0.0003;-0.0098;-0.0313;-0.0745;-0.0000;11436
1389.0;-0.0060;0.0000;-5.0797;-5.2885;32;-30;0.0147;0.0135;0.0003;-0.0088;-0.0313;-0.0745;-0.0000;11385
1389.5;-0.0055;0.0000;-5.0096;-5.2129;32;-30;0.0049;0.0120;0.0003;-0.0088;-0.0313;-0.0745;-0.0000;11385
1390.0;-0.0064;0.0000;-4.9396;-5.1387;34;-28;-0.0733;0.0135;0.0003;-0.0088;-0.0313;-0.0706;-0.0000;11385
1390.5;-0.0073;0.0000;-4.8516;-5.0632;34;-28;0.0831;0.0164;0.0003;-0.0098;-0.0313;-0.0706;-0.0000;11385
1391.0;-0.0078;0.0000;-4.7761;-4.9876;34;-26;0.0049;0.0179;0.0003;-0.0098;-0.0313;-0.0706;-0.0000;11385
1391.5;-0.0082;0.0000;-4.6854;-4.9135;36;-26;-0.0049;0.0193;0.0003;-0.0098;-0.0323;-0.0706;-0.0000;11333
1392.0;-0.0087;0.0000;-4.5975;-4.8379;36;-26;-0.0049;0.0208;0.0003;-0.0108;-0.0323;-0.0706;-0.0000;11333
1392.5;-0.0087;0.0000;-4.5096;-4.7637;36;-26;-0.0049;0.0208;0.0003;-0.0108;-0.0323;-0.0706;-0.0000;11333
1393.0;-0.0087;0.0000;-4.4451;-4.6882;36;-26;-0.0147;0.0208;0.0003;-0.0108;-0.0323;-0.0706;-0.0000;11333
1393.5;-0.0087;0.0000;-4.3805;-4.6126;34;-26;-0.0147;0.0193;0.0003;-0.0098;-0.0323;-0.0706;-0.0000;11333
1394.0;-0.0082;0.0000;-4.3201;-4.5385;34;-26;-0.0147;0.0193;0.0003;-0.0098;-0.0323;-0.0706;-0.0000;11333
1394.5;-0.0082;0.0000;-4.2720;-4.4629;34;-26;-0.0147;0.0193;0.0003;-0.0088;-0.0323;-0.0706;-0.0000;11333
1395.0;-0.0087;0.0000;-4.2184;-4.3887;34;-24;0.0635;0.0208;0.0003;-0.0078;-0.0323;-0.0706;-0.0000;11333
1395.5;-0.0092;0.0000;-4.1690;-4.3132;34;-24;-0.0147;0.0208;0.0003;-0.0068;-0.0323;-0.0706;-0.0000;11333
1396.0;-0.0092;0.0000;-4.1071;-4.2376;34;-24;-0.0244;0.0223;0.0003;-0.0059;-0.0323;-0.0706;-0.0000;11333
1396.5;-0.0092;0.0000;-4.0494;-4.1635;34;-24;-0.0244;0.0223;0.0003;-0.0049;-0.0323;-0.0667;-0.0000;11333
1397.0;-0.0101;0.0000;-3.9766;-4.0879;34;-22;0.0538;0.0237;0.0018;-0.0049;-0.0323;-0.0667;-0.0000;11333
1397.5;-0.0110;0.0000;-3.9093;-4.0137;34;-22;0.0538;0.0267;0.0018;-0.0049;-0.0323;-0.0667;-0.0000;11333
1398.0;-0.0119;0.0000;-3.8324;-3.9382;34;-21;-0.0244;0.0281;0.0018;-0.0049;-0.0323;-0.0667;-0.0000;11385
1398.5;-0.0114;0.0000;-3.7706;-3.8626;34;-21;0.0440;0.0267;0.0018;-0.0039;-0.0323;-0.0667;-0.0000;11385
1399.0;-0.0119;0.0000;-3.7074;-3.7885;34;-21;0.0440;0.0281;0.0018;-0.0039;-0.0323;-0.0667;-0.0000;11385
1399.5;-0.0119;0.0000;-3.6429;-3.7129;34;-21;-0.0342;0.0281;0.0018;-0.0039;-0.0323;-0.0667;-0.0000;11385
1400.0;-0.0119;0.0000;-3.5879;-3.6387;34;-21;-0.0342;0.0281;0.0018;-0.0029;-0.0323;-0.0667;-0.0000;11385
1400.5;-0.0124;0.0000;-3.5247;-3.5659;34;-21;0.0342;0.0296;0.0018;-0.0020;-0.0323;-0.0667;-0.0000;11385
1401.0;-0.0128;0.0000;-3.4684;-3.4931;34;-19;-0.0440;0.0311;0.0018;-0.0020;-0.0323;-0.0667;-0.0000;11385
1401.5;-0.0124;0.0000;-3.4066;-3.4203;32;-21;0.0342;0.0296;0.0018;-0.0010;-0.0323;-0.0667;-0.0000;11385
1402.0;-0.0124;0.0000;-3.3352;-3.3489;32;-21;0.0342;0.0296;0.0018;-0.0010;-0.0323;-0.0667;-0.0000;11385
1402.5;-0.0124;0.0000;-3.2706;-3.2788;32;-21;-0.0538;0.0296;0.0018;-0.0010;-0.0323;-0.0706;-0.0000;11385
1403.0;-0.0133;0.0000;-3.2060;-3.2088;34;-19;0.0244;0.0325;0.0018;-0.0010;-0.0323;-0.0706;-0.0000;11333
1403.5;-0.0128;0.0000;-3.1387;-3.1401;32;-19;0.0244;0.0311;0.0032;-0.0010;-0.0323;-0.0706;-0.0000;11333
1404.0;-0.0124;0.0000;-3.0769;-3.0714;32;-21;-0.0635;0.0296;0.0032;-0.0000;-0.0323;-0.0706;-0.0000;11333
1404.5;-0.0128;0.0000;-3.0082;-3.0041;32;-21;0.0147;0.0311;0.0032;-0.0000;-0.0323;-0.0706;-0.0000;11333
1405.0;-0.0124;0.0000;-2.9396;-2.9382;32;-21;0.0147;0.0296;0.0032;-0.0000;-0.0323;-0.0706;-0.0000;11333
1405.5;-0.0128;0.0000;-2.8681;-2.8723;32;-21;0.0147;0.0296;0.0032;-0.0010;-0.0323;-0.0706;-0.0000;11333
1406.0;-0.0128;0.0000;-2.8146;-2.8063;32;-21;-0.0733;0.0311;0.0032;-0.0000;-0.0323;-0.0706;-0.0000;11333
1406.5;-0.0128;0.0000;-2.7569;-2.7418;32;-21;0.0929;0.0296;0.0032;-0.0000;-0.0323;-0.0706;-0.0000;11333
1407.0;-0.0124;0.0000;-2.6978;-2.6786;32;-21;-0.0733;0.0296;0.0032;-0.0000;-0.0323;-0.0706;-0.0000;11333
1407.5;-0.0114;0.0000;-2.6387;-2.6154;32;-21;0.0049;0.0281;0.0032;0.0010;-0.0323;-0.0706;-0.0000;11333
1408.0;-0.0114;0.0000;-2.5879;-2.5536;30;-21;0.0049;0.0281;0.0032;0.0010;-0.0323;-0.0706;-0.0000;11333
1408.5;-0.0114;0.0000;-2.5316;-2.4918;32;-21;-0.0733;0.0267;0.0032;0.0010;-0.0323;-0.0745;-0.0000;11333
1409.0;-0.0114;0.0000;-2.4821;-2.4313;30;-21;0.0831;0.0267;0.0032;0.0020;-0.0323;-0.0745;-0.0000;11333
1409.5;-0.0105;0.0000;-2.4327;-2.3709;30;-21;-0.0049;0.0237;0.0047;0.0020;-0.0323;-0.0745;-0.0000;11385
1410.0;-0.0105;0.0000;-2.3791;-2.3118;30;-21;-0.0049;0.0252;0.0047;0.0020;-0.0323;-0.0745;-0.0000;11385
1410.5;-0.0110;0.0000;-2.3338;-2.2527;30;-21;-0.0049;0.0267;0.0047;0.0029;-0.0323;-0.0745;-0.0000;11385
1411.0;-0.0105;0.0000;-2.2871;-2.1951;30;-21;-0.0049;0.0252;0.0047;0.0029;-0.0323;-0.0745;-0.0000;11385
1411.5;-0.0101;0.0000;-2.2404;-2.1387;30;-21;-0.0831;0.0237;0.0047;0.0039;-0.0323;-0.0745;-0.0000;11385
1412.0;-0.0101;0.0000;-2.1978;-2.0824;28;-21;0.0733;0.0237;0.0047;0.0049;-0.0323;-0.0745;-0.0000;11385
1412.5;-0.0105;0.0000;-2.1566;-2.0261;30;-21;-0.0147;0.0252;0.0047;0.0049;-0.0323;-0.0745;-0.0000;11385
1413.0;-0.0096;0.0000;-2.1085;-1.9712;30;-21;-0.0147;0.0237;0.0047;0.0049;-0.0323;-0.0745;-0.0000;11385
1413.5;-0.0101;0.0000;-2.0618;-1.9176;30;-21;-0.0147;0.0237;0.0047;0.0059;-0.0323;-0.0745;-0.0000;11385
1414.0;-0.0101;0.0000;-2.0137;-1.8640;30;-21;0.0635;0.0237;0.0047;0.0059;-0.0323;-0.0784;-0.0000;11385
1414.5;-0.0101;0.0000;-1.9684;-1.8118;30;-21;-0.1026;0.0237;0.0047;0.0059;-0.0323;-0.0784;-0.0000;11333
1415.0;-0.0101;0.0000;-1.9107;-1.7596;30;-21;0.0635;0.0237;0.0047;0.0059;-0.0323;-0.0784;-0.0000;11333
1415.5;-0.0105;0.0000;-1.8599;-1.7088;30;-19;-0.0244;0.0252;0.0047;0.0059;-0.0323;-0.0784;-0.0000;11333
1416.0;-0.0105;0.0000;-1.8091;-1.6593;30;-21;-0.0244;0.0252;0.0047;0.0059;-0.0323;-0.0784;-0.0000;11333
1416.5;-0.0105;0.0000;-1.7610;-1.6099;30;-21;-0.0244;0.0252;0.0047;0.0059;-0.0323;-0.0784;-0.0000;11333
1417.0;-0.0110;0.0000;-1.7102;-1.5604;30;-19;0.0538;0.0252;0.0062;0.0059;-0.0323;-0.0784;-0.0000;11333
1417.5;-0.0110;0.0000;-1.6717;-1.5124;30;-19;0.0538;0.0267;0.0062;0.0059;-0.0323;-0.0784;-0.0000;11333
1418.0;-0.0110;0.0000;-1.6332;-1.4657;30;-19;-0.1124;0.0252;0.0062;0.0068;-0.0323;-0.0784;-0.0000;11333
1418.5;-0.0105;0.0000;-1.5920;-1.4190;30;-19;0.0538;0.0252;0.0062;0.0068;-0.0323;-0.0824;-0.0000;11333
1419.0;-0.0114;0.0000;-1.5467;-1.3736;30;-19;-0.0342;0.0267;0.0062;0.0068;-0.0313;-0.0824;-0.0000;11333
1419.5;-0.0110;0.0000;-1.5082;-1.3283;30;-19;-0.0342;0.0252;0.0062;0.0068;-0.0313;-0.0824;-0.0000;11333
1420.0;-0.0105;0.0000;-1.4574;-1.2843;30;-19;0.0440;0.0252;0.0062;0.0068;-0.0313;-0.0824;-0.0000;11333
1420.5;-0.0110;0.0000;-1.4121;-1.2404;30;-19;-0.0342;0.0252;0.0062;0.0068;-0.0313;-0.0824;-0.0000;11333
1421.0;-0.0110;0.0000;-1.3736;-1.1978;30;-19;0.0440;0.0267;0.0062;0.0068;-0.0313;-0.0824;-0.0000;11385
1421.5;-0.0110;0.0000;-1.3365;-1.1552;30;-19;0.0440;0.0267;0.0062;0.0068;-0.0313;-0.0824;-0.0000;11385
1422.0;-0.0114;0.0000;-1.2981;-1.1140;32;-19;-0.0440;0.0281;0.0062;0.0068;-0.0313;-0.0824;-0.0000;11385
1422.5;-0.0114;0.0000;-1.2582;-1.0742;32;-19;-0.0440;0.0267;0.0062;0.0068;-0.0313;-0.0824;-0.0000;11385
1423.0;-0.0110;0.0000;-1.2280;-1.0343;30;-19;0.0342;0.0267;0.0062;0.0078;-0.0313;-0.0824;-0.0000;11385
1423.5;-0.0114;0.0000;-1.1882;-0.9945;30;-19;-0.0440;0.0267;0.0076;0.0078;-0.0313;-0.0863;-0.0000;11385
1424.0;-0.0114;0.0000;-1.1401;-0.9574;32;-19;0.0342;0.0281;0.0076;0.0068;-0.0313;-0.0863;-0.0000;11385
1424.5;-0.0114;0.0000;-1.1003;-0.9190;32;-19;0.0342;0.0281;0.0076;0.0068;-0.0313;-0.0863;-0.0000;11385
1425.0;-0.0114;0.0000;-1.0508;-0.8832;32;-19;0.0342;0.0267;0.0076;0.0068;-0.0313;-0.0863;-0.0000;11385
1425.5;-0.0114;0.0000;-1.0124;-0.8462;32;-19;-0.1320;0.0267;0.0076;0.0068;-0.0313;-0.0863;-0.0000;11333
1426.0;-0.0110;0.0000;-0.9602;-0.8118;32;-19;0.0244;0.0267;0.0076;0.0059;-0.0313;-0.0863;-0.0000;11333
1426.5;-0.0110;0.0000;-0.9286;-0.7775;32;-19;0.0244;0.0252;0.0076;0.0059;-0.0313;-0.0863;-0.0000;11333
1427.0;-0.0114;0.0000;-0.8915;-0.7431;32;-19;-0.0538;0.0267;0.0076;0.0059;-0.0313;-0.0863;-0.0000;11333
1427.5;-0.0114;0.0000;-0.8475;-0.7102;32;-19;0.0244;0.0281;0.0076;0.0049;-0.0313;-0.0902;-0.0000;11333
1428.0;-0.0119;0.0000;-0.8036;-0.6786;32;-19;0.0244;0.0281;0.0076;0.0049;-0.0313;-0.0902;-0.0000;11333
1428.5;-0.0114;0.0000;-0.7637;-0.6470;32;-19;0.0244;0.0281;0.0076;0.0049;-0.0313;-0.0902;-0.0000;11333
1429.0;-0.0124;0.0000;-0.7239;-0.6154;34;-19;-0.0635;0.0296;0.0076;0.0039;-0.0313;-0.0902;-0.0000;11333
1429.5;-0.0124;0.0000;-0.6882;-0.5852;34;-19;0.0244;0.0296;0.0076;0.0039;-0.0313;-0.0902;-0.0000;11333
1430.0;-0.0128;0.0000;-0.6484;-0.5563;34;-19;0.0147;0.0311;0.0091;0.0029;-0.0313;-0.0902;-0.0000;11333
1430.5;-0.0128;0.0000;-0.6209;-0.5275;34;-19;0.0147;0.0311;0.0091;0.0029;-0.0313;-0.0902;-0.0000;11333
1431.0;-0.0124;0.0000;-0.5824;-0.5000;34;-19;0.0147;0.0296;0.0091;0.0029;-0.0313;-0.0902;-0.0000;11333
1431.5;-0.0124;0.0000;-0.5385;-0.4725;34;-19;0.0147;0.0296;0.0091;0.0020;-0.0313;-0.0941;-0.0000;11333
1432.0;-0.0114;0.0000;-0.5014;-0.4464;34;-21;-0.0635;0.0267;0.0091;0.0020;-0.0313;-0.0941;-0.0000;11385
1432.5;-0.0114;0.0000;-0.4766;-0.4217;34;-21;-0.0733;0.0267;0.0091;0.0020;-0.0313;-0.0941;-0.0000;11385
1433.0;-0.0114;0.0000;-0.4533;-0.3970;32;-21;0.0147;0.0267;0.0091;0.0020;-0.0313;-0.0941;-0.0000;11385
1433.5;-0.0110;0.0000;-0.4162;-0.3723;32;-21;0.0049;0.0267;0.0091;0.0010;-0.0313;-0.0941;-0.0000;11385
1434.0;-0.0110;0.0000;-0.3887;-0.3489;32;-21;0.0049;0.0267;0.0091;0.0010;-0.0313;-0.0941;-0.0000;11385
1434.5;-0.0105;0.0000;-0.3613;-0.3269;32;-21;0.0049;0.0252;0.0091;0.0010;-0.0313;-0.0941;-0.0000;11385
1435.0;-0.0105;0.0000;-0.3297;-0.3049;32;-22;0.0049;0.0252;0.0091;0.0010;-0.0313;-0.0941;-0.0000;11385
1435.5;-0.0101;0.0000;-0.2940;-0.2843;32;-22;0.0049;0.0237;0.0091;-0.0000;-0.0313;-0.0980;-0.0000;11385
1436.0;-0.0101;0.0000;-0.2706;-0.2637;32;-22;0.0049;0.0237;0.0091;-0.0000;-0.0313;-0.0980;-0.0000;11385
1436.5;-0.0096;0.0000;-0.2527;-0.2445;32;-22;0.0049;0.0223;0.0105;-0.0000;-0.0313;-0.0980;-0.0000;11385
1437.0;-0.0101;0.0000;-0.2376;-0.2253;34;-22;-0.0733;0.0237;0.0105;-0.0000;-0.0313;-0.0980;-0.0000;11333
1437.5;-0.0105;0.0000;-0.2225;-0.2074;34;-22;0.0049;0.0252;0.0105;-0.0000;-0.0313;-0.0980;-0.0000;11333
1438.0;-0.0105;0.0000;-0.2005;-0.1909;34;-22;0.0049;0.0252;0.0105;-0.0000;-0.0313;-0.0980;-0.0000;11333
1438.5;-0.0105;0.0000;-0.1896;-0.1744;34;-22;0.0049;0.0252;0.0105;-0.0000;-0.0313;-0.0980;-0.0000;11333
1439.0;-0.0105;0.0000;-0.1703;-0.1580;34;-22;0.0049;0.0252;0.0105;-0.0000;-0.0313;-0.0980;-0.0000;11333
1439.5;-0.0101;0.0000;-0.1484;-0.1429;34;-22;0.0049;0.0237;0.0105;-0.0000;-0.0313;-0.1020;-0.0000;11333
1440.0;-0.0101;0.0000;-0.1346;-0.1291;34;-22;-0.0049;0.0237;0.0105;-0.0000;-0.0313;-0.1020;-0.0000;11333
1440.5;-0.0096;0.0000;-0.1154;-0.1154;34;-22;-0.0049;0.0237;0.0105;-0.0000;-0.0313;-0.1020;-0.0000;11333
1441.0;-0.0096;0.0000;-0.1099;-0.1030;34;-22;-0.0049;0.0223;0.0105;-0.0000;-0.0313;-0.1020;-0.0000;11333
1441.5;-0.0092;0.0000;-0.1016;-0.0907;34;-22;-0.0049;0.0223;0.0105;-0.0000;-0.0313;-0.1020;-0.0000;11333
1442.0;-0.0092;0.0000;-0.0962;-0.0797;34;-22;-0.0049;0.0208;0.0105;-0.0000;-0.0313;-0.1020;-0.0000;11333
1442.5;-0.0087;0.0000;-0.0810;-0.0687;34;-24;-0.0049;0.0208;0.0105;-0.0000;-0.0313;-0.1020;-0.0000;11333
1443.0;-0.0087;0.0000;-0.0728;-0.0591;34;-24;-0.0049;0.0208;0.0105;-0.0000;-0.0313;-0.1059;-0.0000;11333
1443.5;-0.0082;0.0000;-0.0591;-0.0508;34;-24;-0.0049;0.0193;0.0105;-0.0000;-0.0313;-0.1059;-0.0000;11385
1444.0;-0.0082;0.0000;-0.0467;-0.0426;34;-24;-0.0049;0.0193;0.0105;-0.0000;-0.0313;-0.1059;-0.0000;11385
1444.5;-0.0078;0.0000;-0.0385;-0.0343;34;-24;-0.0049;0.0179;0.0120;-0.0000;-0.0313;-0.1059;-0.0000;11385
1445.0;-0.0078;0.0000;-0.0316;-0.0275;34;-24;-0.0049;0.0179;0.0120;-0.0000;-0.0313;-0.1059;-0.0000;11385
1445.5;-0.0073;0.0000;-0.0234;-0.0220;34;-24;-0.0049;0.0179;0.0120;-0.0000;-0.0313;-0.1059;-0.0000;11385
1446.0;-0.0073;0.0000;-0.0261;-0.0165;34;-24;-0.0049;0.0164;0.0120;-0.0000;-0.0313;-0.1059;-0.0000;11385
1446.5;-0.0069;0.0000;-0.0124;-0.0124;34;-24;-0.0049;0.0164;0.0120;-0.0000;-0.0313;-0.1098;-0.0000;11385
1447.0;-0.0069;0.0000;-0.0041;-0.0082;34;-26;-0.0049;0.0164;0.0120;-0.0010;-0.0313;-0.1098;-0.0000;11385
1447.5;-0.0064;0.0000;0.0041;-0.0055;11;-3;-0.0049;0.0149;0.0120;-0.0010;-0.0313;0.0000;-0.0000;11385
1448.0;-0.0064;0.0000;0.0110;-0.0027;11;-3;-0.0049;0.0149;0.0120;-0.0010;-0.0313;0.0000;-0.0000;11333
1448.5;-0.0064;0.0000;0.0179;-0.0014;11;-3;-0.0049;0.0149;0.0120;-0.0010;-0.0313;0.0000;-0.0000;11333
1449.0;-0.0060;0.0000;0.0234;0.0000;11;-3;-0.0049;0.0135;0.0120;-0.0020;-0.0313;0.0000;-0.0000;11333
1449.5;-0.0060;0.0000;0.0288;0.0000;-1;-1;-0.0049;-0.0012;-0.0012;-0.0000;-0.0000;0.0000;-0.0000;11333
1450.0;-0.0055;0.0000;0.0412;0.0000;-1;-1;-0.0049;-0.0012;-0.0012;-0.0000;-0.0000;0.0000;-0.0000;11333
1450.5;-0.0055;0.0000;0.0495;0.0000;-1;-1;-0.0049;-0.0012;-0.0012;-0.0000;-0.0000;0.0000;-0.0000;11333
1451.0;-0.0055;0.0000;0.0687;0.0000;-1;-1;-0.0049;-0.0012;-0.0012;-0.0000;-0.0000;0.0000;-0.0000;11333
1451.5;-0.0050;0.0000;0.0810;0.0000;-1;-1;-0.0049;-0.0012;-0.0012;-0.0000;-0.0000;0.0000;-0.0000;11333
1452.0;-0.0050;0.0000;0.0907;0.0000;-1;-1;-0.0049;-0.0012;-0.0012;-0.0000;-0.0000;0.0000;-0.0000;11333
1452.5;-0.0050;0.0000;0.1071;0.0000;-1;-1;-0.0049;-0.0012;-0.0012;-0.0000;-0.0000;0.0000;-0.0000;11333
1453.0;-0.0046;0.0000;0.1071;0.0000;-1;-1;-0.0049;-0.0012;-0.0012;-0.0000;-0.0000;0.0000;-0.0000;11333
1453.5;-0.0046;0.0000;0.1140;0.0000;-1;-1;-0.0049;-0.0012;-0.0012;-0.0000;-0.0000;0.0000;-0.0000;11333
1454.0;-0.0046;0.0000;0.1209;0.0000;-1;-1;-0.0049;-0.0012;-0.0012;-0.0000;-0.0000;0.0000;-0.0000;11333
1454.5;-0.0041;0.0000;0.1195;0.0000;-1;-1;-0.0049;-0.0012;-0.0012;-0.0000;-0.0000;0.0000;-0.0000;11333
1455.0;-0.0041;0.0000;0.1209;0.0000;-1;-1;-0.0049;-0.0012;-0.0012;-0.0000;-0.0000;0.0000;-0.0000;11333
1455.5;-0.0041;0.0000;0.1154;0.0000;-1;-1;-0.0049;-0.0012;-0.0012;-0.0000;-0.0000;0.0000;-0.0000;11385
1456.0;-0.0041;0.0000;0.1223;0.0000;-1;-1;-0.0049;-0.0012;-0.0012;-0.0000;-0.0000;0.0000;-0.0000;11385
1456.5;-0.0037;0.0000;0.1195;0.0000;-1;-1;-0.0049;-0.0012;-0.0012;-0.0000;-0.0000;0.0000;-0.0000;11385
1457.0;-0.0037;0.0000;0.1250;0.0000;-1;-1;-0.0049;-0.0012;-0.0012;-0.0000;-0.0000;0.0000;-0.0000;11385
1457.5;-0.0037;0.0000;0.1250;0.0000;-1;-1;-0.0049;-0.0012;-0.0012;-0.0000;-0.0000;0.0000;-0.0000;11385
1458.0;-0.0037;0.0000;0.1305;0.0000;-1;-1;-0.0049;-0.0012;-0.0012;-0.0000;-0.0000;0.0000;-0.0000;11385
1458.5;-0.0032;0.0000;0.1250;0.0000;-1;-1;-0.0049;-0.0012;-0.0012;-0.0000;-0.0000;0.0000;-0.0000;11385
1459.0;-0.0032;0.0000;0.1319;0.0000;-1;-1;-0.0049;-0.0012;-0.0012;-0.0000;-0.0000;0.0000;-0.0000;11385
1459.5;-0.0032;0.0000;0.1291;0.0000;-1;-1;-0.0049;-0.0012;-0.0012;-0.0000;-0.0000;0.0000;-0.0000;11385
1460.0;-0.0032;0.0000;0.1223;0.0000;-1;-1;-0.0049;-0.0012;-0.0012;-0.0000;-0.0000;0.0000;-0.0000;11333
1460.5;-0.0027;0.0000;0.1250;0.0000;-1;-1;-0.0049;-0.0012;-0.0012;-0.0000;-0.0000;0.0000;-0.0000;11333
1461.0;-0.0027;0.0000;0.1209;0.0000;-1;-1;-0.0049;-0.0012;-0.0012;-0.0000;-0.0000;0.0000;-0.0000;11333
1461.5;-0.0027;0.0000;0.1154;0.0000;-1;-1;-0.0049;-0.0012;-0.0012;-0.0000;-0.0000;0.0000;-0.0000;11333
1462.0;-0.0027;0.0000;0.1058;0.0000;-1;-1;-0.0049;-0.0012;-0.0012;-0.0000;-0.0000;0.0000;-0.0000;11333
1462.5;-0.0027;0.0000;0.1113;0.0000;-1;-1;-0.0049;-0.0012;-0.0012;-0.0000;-0.0000;0.0000;-0.0000;11333
1463.0;-0.0027;0.0000;0.1099;0.0000;-1;-1;-0.0049;-0.0012;-0.0012;-0.0000;-0.0000;0.0000;-0.0000;11333
1463.5;-0.0023;0.0000;0.1071;0.0000;-1;-1;-0.0049;-0.0012;-0.0012;-0.0000;-0.0000;0.0000;-0.0000;11333
1464.0;-0.0023;0.0000;0.1044;0.0000;-1;-1;-0.0049;-0.0012;-0.0012;-0.0000;-0.0000;0.0000;-0.0000;11333
1464.5;-0.0023;0.0000;0.1044;0.0000;-1;-1;-0.0049;-0.0012;-0.0012;-0.0000;-0.0000;0.0000;-0.0000;11333
1465.0;-0.0023;0.0000;0.1030;0.0000;-1;-1;-0.0049;-0.0012;-0.0012;-0.0000;-0.0000;0.0000;-0.0000;11333
1465.5;-0.0023;0.0000;0.0948;0.0000;-1;-1;-0.0049;-0.0012;-0.0012;-0.0000;-0.0000;0.0000;-0.0000;11333
1466.0;-0.0023;0.0000;0.0962;0.0000;-1;-1;-0.0049;-0.0012;-0.0012;-0.0000;-0.0000;0.0000;-0.0000;11333
1466.5;-0.0018;0.0000;0.0907;0.0000;-1;-1;-0.0049;-0.0012;-0.0012;-0.0000;-0.0000;0.0000;-0.0000;11385
1467.0;-0.0018;0.0000;0.0838;0.0000;-1;-1;-0.0049;-0.0012;-0.0012;-0.0000;-0.0000;0.0000;-0.0000;11385
1467.5;-0.0018;0.0000;0.0865;0.0000;-1;-1;-0.0049;-0.0012;-0.0012;-0.0000;-0.0000;0.0000;-0.0000;11385
1468.0;-0.0018;0.0000;0.0810;0.0000;-1;-1;-0.0049;-0.0012;-0.0012;-0.0000;-0.0000;0.0000;-0.0000;11385
1468.5;-0.0018;0.0000;0.0797;0.0000;-1;-1;-0.0049;-0.0012;-0.0012;-0.0000;-0.0000;0.0000;-0.0000;11385
1469.0;-0.0018;0.0000;0.0810;0.0000;-1;-1;-0.0049;-0.0012;-0.0012;-0.0000;-0.0000;0.0000;-0.0000;11385
1469.5;-0.0018;0.0000;0.0756;0.0000;-1;-1;-0.0049;-0.0012;-0.0012;-0.0000;-0.0000;0.0000;-0.0000;11385
1470.0;-0.0014;0.0000;0.0824;0.0000;-1;-1;-0.0049;-0.0012;-0.0012;-0.0000;-0.0000;0.0000;-0.0000;11385
1470.5;-0.0014;0.0000;0.0824;0.0000;-1;-1;-0.0049;-0.0012;-0.0012;-0.0000;-0.0000;0.0000;-0.0000;11385
1471.0;-0.0014;0.0000;0.0756;0.0000;-1;-1;-0.0049;-0.0012;-0.0012;-0.0000;-0.0000;0.0000;-0.0000;11333
1471.5;-0.0014;0.0000;0.0687;0.0000;-1;-1;-0.0049;-0.0012;-0.0012;-0.0000;-0.0000;0.0000;-0.0000;11333
1472.0;-0.0014;0.0000;0.0618;0.0000;-1;-1;-0.0049;-0.0012;-0.0012;-0.0000;-0.0000;0.0000;-0.0000;11333
1472.5;-0.0014;0.0000;0.0577;0.0000;-1;-1;-0.0049;-0.0012;-0.0012;-0.0000;-0.0000;0.0000;-0.0000;11333
1473.0;-0.0014;0.0000;0.0495;0.0000;-1;-1;-0.0049;-0.0012;-0.0012;-0.0000;-0.0000;0.0000;-0.0000;11333
1473.5;-0.0014;0.0000;0.0426;0.0000;-1;-1;-0.0049;-0.0012;-0.0012;-0.0000;-0.0000;0.0000;-0.0000;11333
1474.0;-0.0014;0.0000;0.0398;0.0000;-1;-1;-0.0049;-0.0012;-0.0012;-0.0000;-0.0000;0.0000;-0.0000;11333
1474.5;-0.0009;0.0000;0.0343;0.0000;-1;-1;-0.0049;-0.0012;-0.0012;-0.0000;-0.0000;0.0000;-0.0000;11333
1475.0;-0.0009;0.0000;0.0302;0.0000;-1;-1;-0.0049;-0.0012;-0.0012;-0.0000;-0.0000;0.0000;-0.0000;11333
1475.5;-0.0009;0.0000;0.0179;0.0000;-1;-1;-0.0049;-0.0012;-0.0012;-0.0000;-0.0000;0.0000;-0.0000;11333
1476.0;-0.0009;0.0000;0.0137;0.0000;-1;-1;-0.0049;-0.0012;-0.0012;-0.0000;-0.0000;0.0000;-0.0000;11333
1476.5;-0.0009;0.0000;0.0096;0.0000;-1;-1;-0.0049;-0.0012;-0.0012;-0.0000;-0.0000;0.0000;-0.0000;11333
1477.0;-0.0009;0.0000;0.0137;0.0000;-1;-1;-0.0049;-0.0012;-0.0012;-0.0000;-0.0000;0.0000;-0.0000;11333
1477.5;-0.0009;0.0000;0.0069;0.0000;-1;-1;-0.0049;-0.0012;-0.0012;-0.0000;-0.0000;0.0000;-0.0000;11333
1478.0;-0.0009;0.0000;-0.0027;0.0000;-1;-1;-0.0049;-0.0012;-0.0012;-0.0000;-0.0000;0.0000;-0.0000;11385
1478.5;-0.0009;0.0000;-0.0027;0.0000;-1;-1;-0.0049;-0.0012;-0.0012;-0.0000;-0.0000;0.0000;-0.0000;11385
1479.0;-0.0009;0.0000;-0.0055;0.0000;-1;-1;-0.0049;-0.0012;-0.0012;-0.0000;-0.0000;0.0000;-0.0000;11385
1479.5;-0.0009;0.0000;-0.0069;0.0000;-1;-1;-0.0049;-0.0012;-0.0012;-0.0000;-0.0000;0.0000;-0.0000;11385
1480.0;-0.0009;0.0000;-0.0027;0.0000;-1;-1;-0.0049;-0.0012;-0.0012;-0.0000;-0.0000;0.0000;-0.0000;11385
1480.5;-0.0009;0.0000;-0.0027;0.0000;-1;-1;-0.0049;-0.0012;-0.0012;-0.0000;-0.0000;0.0000;-0.0000;11385
1481.0;-0.0005;0.0000;-0.0014;0.0000;-1;-1;-0.0049;-0.0012;-0.0012;-0.0000;-0.0000;0.0000;-0.0000;11385
1481.5;-0.0005;0.0000;-0.0014;0.0000;-1;-1;-0.0049;-0.0012;-0.0012;-0.0000;-0.0000;0.0000;-0.0000;11385
1482.0;-0.0005;0.0000;0.0014;0.0000;-1;-1;-0.0049;-0.0012;-0.0012;-0.0000;-0.0000;0.0000;-0.0000;11385
1482.5;-0.0005;0.0000;-0.0041;0.0000;-1;-1;-0.0049;-0.0012;-0.0012;-0.0000;-0.0000;0.0000;-0.0000;11333
1483.0;-0.0005;0.0000;-0.0027;0.0000;-1;-1;-0.0049;-0.0012;-0.0012;-0.0000;-0.0000;0.0000;-0.0000;11333
1483.5;-0.0005;0.0000;0.0027;0.0000;-1;-1;-0.0049;-0.0012;-0.0012;-0.0000;-0.0000;0.0000;-0.0000;11333
1484.0;-0.0005;0.0000;-0.0027;0.0000;-1;-1;-0.0049;-0.0012;-0.0012;-0.0000;-0.0000;0.0000;-0.0000;11333
1484.5;-0.0005;0.0000;-0.0041;0.0000;-1;-1;-0.0049;-0.0012;-0.0012;-0.0000;-0.0000;0.0000;-0.0000;11333
1485.0;-0.0005;0.0000;-0.0069;0.0000;-1;-1;-0.0049;-0.0012;-0.0012;-0.0000;-0.0000;0.0000;-0.0000;11333
1485.5;-0.0005;0.0000;-0.0069;0.0000;-1;-1;-0.0049;-0.0012;-0.0012;-0.0000;-0.0000;0.0000;-0.0000;11333
1486.0;-0.0005;0.0000;-0.0069;0.0000;-1;-1;-0.0049;-0.0012;-0.0012;-0.0000;-0.0000;0.0000;-0.0000;11333
1486.5;-0.0005;0.0000;0.0000;0.0000;-1;-1;-0.0049;-0.0012;-0.0012;-0.0000;-0.0000;0.0000;-0.0000;11333
1487.0;-0.0005;0.0000;-0.0027;0.0000;-1;-1;-0.0049;-0.0012;-0.0012;-0.0000;-0.0000;0.0000;-0.0000;11333
1487.5;-0.0005;0.0000;-0.0041;0.0000;-1;-1;-0.0049;-0.0012;-0.0012;-0.0000;-0.0000;0.0000;-0.0000;11333
1488.0;-0.0005;0.0000;-0.0055;0.0000;-1;-1;-0.0049;-0.0012;-0.0012;-0.0000;-0.0000;0.0000;-0.0000;11333
1488.5;-0.0005;0.0000;0.0014;0.0000;-1;-1;-0.0049;-0.0012;-0.0012;-0.0000;-0.0000;0.0000;-0.0000;11333
1489.0;-0.0005;0.0000;0.0055;0.0000;-1;-1;-0.0049;-0.0012;-0.0012;-0.0000;-0.0000;0.0000;-0.0000;11385
1489.5;-0.0005;0.0000;0.0014;0.0000;-1;-1;-0.0049;-0.0012;-0.0012;-0.0000;-0.0000;0.0000;-0.0000;11385
1490.0;-0.0005;0.0000;0.0027;0.0000;-1;-1;-0.0049;-0.0012;-0.0012;-0.0000;-0.0000;0.0000;-0.0000;11385
1490.5;-0.0005;0.0000;0.0000;0.0000;-1;-1;-0.0049;-0.0012;-0.0012;-0.0000;-0.0000;0.0000;-0.0000;11385
1491.0;-0.0005;0.0000;0.0082;0.0000;-1;-1;-0.0049;-0.0012;-0.0012;-0.0000;-0.0000;0.0000;-0.0000;11385
1491.5;-0.0005;0.0000;0.0041;0.0000;-1;-1;-0.0049;-0.0012;-0.0012;-0.0000;-0.0000;0.0000;-0.0000;11385
1492.0;0.0000;0.0000;0.0041;0.0000;-1;-1;-0.0049;-0.0012;-0.0012;-0.0000;-0.0000;0.0000;-0.0000;11385
1492.5;0.0000;0.0000;0.0000;0.0000;-1;-1;-0.0049;-0.0012;-0.0012;-0.0000;-0.0000;0.0000;-0.0000;11385
1493.0;0.0000;0.0000;0.0000;0.0000;-1;-1;-0.0049;-0.0012;-0.0012;-0.0000;-0.0000;0.0000;-0.0000;11385
1493.5;0.0000;0.0000;0.0041;0.0000;-1;-1;-0.0049;-0.0012;-0.0012;-0.0000;-0.0000;0.0000;-0.0000;11333
1494.0;0.0000;0.0000;0.0041;0.0000;-1;-1;-0.0049;-0.0012;-0.0012;-0.0000;-0.0000;0.0000;-0.0000;11333
1494.5;0.0000;0.0000;0.0110;0.0000;-1;-1;-0.0049;-0.0012;-0.0012;-0.0000;-0.0000;0.0000;-0.0000;11333
1495.0;0.0000;0.0000;0.0000;0.0000;-1;-1;-0.0049;-0.0012;-0.0012;-0.0000;-0.0000;0.0000;-0.0000;11333
1495.5;0.0000;0.0000;0.0014;0.0000;-1;-1;-0.0049;-0.0012;-0.0012;-0.0000;-0.0000;0.0000;-0.0000;11333
1496.0;0.0000;0.0000;-0.0069;0.0000;-1;-1;-0.0049;-0.0012;-0.0012;-0.0000;-0.0000;0.0000;-0.0000;11333
1496.5;0.0000;0.0000;-0.0096;0.0000;-1;-1;-0.0049;-0.0012;-0.0012;-0.0000;-0.0000;0.0000;-0.0000;11333
1497.0;0.0000;0.0000;-0.0027;0.0000;-1;-1;-0.0049;-0.0012;-0.0012;-0.0000;-0.0000;0.0000;-0.0000;11333
1497.5;0.0000;0.0000;0.0014;0.0000;-1;-1;-0.0049;-0.0012;-0.0012;-0.0000;-0.0000;0.0000;-0.0000;11333
1498.0;0.0000;0.0000;-0.0041;0.0000;-1;-1;-0.0049;-0.0012;-0.0012;-0.0000;-0.0000;0.0000;-0.0000;11333
1498.5;0.0000;0.0000;-0.0137;0.0000;-1;-1;-0.0049;-0.0012;-0.0012;-0.0000;-0.0000;0.0000;-0.0000;11333
1499.0;0.0000;0.0000;-0.0055;0.0000;-1;-1;-0.0049;-0.0012;-0.0012;-0.0000;-0.0000;0.0000;-0.0000;11333
1499.5;0.0000;0.0000;-0.0014;0.0000;-1;-1;-0.0049;-0.0012;-0.0012;-0.0000;-0.0000;0.0000;-0.0000;11333
1500.0;0.0000;0.0000;0.0014;0.0000;-1;-1;-0.0049;-0.0012;-0.0012;-0.0000;-0.0000;0.0000;-0.0000;11333
1500.5;0.0000;0.0000;0.0000;0.0000;-1;-1;-0.0049;-0.0012;-0.0012;-0.0000;-0.0000;0.0000;-0.0000;11385
1501.0;0.0000;0.0000;-0.0069;0.0000;-1;-1;-0.0049;-0.0012;-0.0012;-0.0000;-0.0000;0.0000;-0.0000;11385
1501.5;0.0000;0.0000;-0.0055;0.0000;-1;-1;-0.0049;-0.0012;-0.0012;-0.0000;-0.0000;0.0000;-0.0000;11385
1502.0;0.0000;0.0000;-0.0014;0.0000;-1;-1;-0.0049;-0.0012;-0.0012;-0.0000;-0.0000;0.0000;-0.0000;11385
1502.5;0.0000;0.0000;-0.0041;0.0000;-1;-1;-0.0049;-0.0012;-0.0012;-0.0000;-0.0000;0.0000;-0.0000;11385
1503.0;0.0000;0.0000;0.0041;0.0000;-1;-1;-0.0049;-0.0012;-0.0012;-0.0000;-0.0000;0.0000;-0.0000;11385
1503.5;0.0000;0.0000;-0.0055;0.0000;-1;-1;-0.0049;-0.0012;-0.0012;-0.0000;-0.0000;0.0000;-0.0000;11385
1504.0;0.0000;0.0000;-0.0027;0.0000;-1;-1;-0.0049;-0.0012;-0.0012;-0.0000;-0.0000;0.0000;-0.0000;11385
1504.5;0.0000;0.0000;-0.0082;0.0000;-1;-1;-0.0049;-0.0012;-0.0012;-0.0000;-0.0000;0.0000;-0.0000;11385
1505.0;0.0000;0.0000;-0.0096;0.0000;-1;-1;-0.0049;-0.0012;-0.0012;-0.0000;-0.0000;0.0000;-0.0000;11333
1505.5;0.0000;0.0000;-0.0096;0.0000;-1;-1;-0.0049;-0.0012;-0.0012;-0.0000;-0.0000;0.0000;-0.0000;11333
1506.0;0.0000;0.0000;-0.0082;0.0000;-1;-1;-0.0049;-0.0012;-0.0012;-0.0000;-0.0000;0.0000;-0.0000;11333
1506.5;0.0000;0.0000;-0.0124;0.0000;-1;-1;-0.0049;-0.0012;-0.0012;-0.0000;-0.0000;0.0000;-0.0000;11333
1507.0;0.0000;0.0000;-0.0137;0.0000;-1;-1;-0.0049;-0.0012;-0.0012;-0.0000;-0.0000;0.0000;-0.0000;11333
1507.5;0.0000;0.0000;-0.0082;0.0000;-1;-1;-0.0049;-0.0012;-0.0012;-0.0000;-0.0000;0.0000;-0.0000;11333
1508.0;0.0000;0.0000;-0.0110;0.0000;-1;-1;-0.0049;-0.0012;-0.0012;-0.0000;-0.0000;0.0000;-0.0000;11333
1508.5;0.0000;0.0000;-0.0055;0.0000;-1;-1;-0.0049;-0.0012;-0.0012;-0.0000;-0.0000;0.0000;-0.0000;11333
1509.0;0.0000;0.0000;-0.0041;0.0000;-1;-1;-0.0049;-0.0012;-0.0012;-0.0000;-0.0000;0.0000;-0.0000;11333
1509.5;0.0000;0.0000;-0.0014;0.0000;-1;-1;-0.0049;-0.0012;-0.0012;-0.0000;-0.0000;0.0000;-0.0000;11333
1510.0;0.0000;0.0000;0.0027;0.0000;-1;-1;-0.0049;-0.0012;-0.0012;-0.0000;-0.0000;0.0000;-0.0000;11333
1510.5;0.0000;0.0000;0.0055;0.0000;-1;-1;-0.0049;-0.0012;-0.0012;-0.0000;-0.0000;0.0000;-0.0000;11333
1511.0;0.0000;0.0000;-0.0014;0.0000;-1;-1;-0.0049;-0.0012;-0.0012;-0.0000;-0.0000;0.0000;-0.0000;11333
1511.5;0.0000;0.0000;-0.0041;0.0000;-1;-1;-0.0049;-0.0012;-0.0012;-0.0000;-0.0000;0.0000;-0.0000;11333
1512.0;0.0000;0.0000;-0.0027;0.0000;-1;-1;-0.0049;-0.0012;-0.0012;-0.0000;-0.0000;0.0000;-0.0000;11385
1512.5;0.0000;0.0000;-0.0027;0.0000;-1;-1;-0.0049;-0.0012;-0.0012;-0.0000;-0.0000;0.0000;-0.0000;11385
1513.0;0.0000;0.0000;0.0000;0.0000;-1;-1;-0.0049;-0.0012;-0.0012;-0.0000;-0.0000;0.0000;-0.0000;11385
1513.5;0.0000;0.0000;-0.0027;0.0000;-1;-1;-0.0049;-0.0012;-0.0012;-0.0000;-0.0000;0.0000;-0.0000;11385
1514.0;0.0000;0.0000;0.0000;0.0000;-1;-1;-0.0049;-0.0012;-0.0012;-0.0000;-0.0000;0.0000;-0.0000;11385
1514.5;0.0000;0.0000;-0.0027;0.0000;-1;-1;-0.0049;-0.0012;-0.0012;-0.0000;-0.0000;0.0000;-0.0000;11385
1515.0;0.0000;0.0000;-0.0027;0.0000;-1;-1;-0.0049;-0.0012;-0.0012;-0.0000;-0.0000;0.0000;-0.0000;11385
1515.5;0.0000;0.0000;-0.0014;0.0000;-1;-1;-0.0049;-0.0012;-0.0012;-0.0000;-0.0000;0.0000;-0.0000;11385
1516.0;0.0000;0.0000;0.0000;0.0000;-1;-1;-0.0049;-0.0012;-0.0012;-0.0000;-0.0000;0.0000;-0.0000;11385
1516.5;0.0000;0.0000;-0.0041;0.0000;-1;-1;-0.0049;-0.0012;-0.0012;-0.0000;-0.0000;0.0000;-0.0000;11333
1517.0;0.0000;0.0000;-0.0096;0.0000;-1;-1;-0.0049;-0.0012;-0.0012;-0.0000;-0.0000;0.0000;-0.0000;11333
1517.5;0.0000;0.0000;-0.0096;0.0000;-1;-1;-0.0049;-0.0012;-0.0012;-0.0000;-0.0000;0.0000;-0.0000;11333
1518.0;0.0000;0.0000;-0.0096;0.0000;-1;-1;-0.0049;-0.0012;-0.0012;-0.0000;-0.0000;0.0000;-0.0000;11333
1518.5;0.0000;0.0000;-0.0041;0.0000;-1;-1;-0.0049;-0.0012;-0.0012;-0.0000;-0.0000;0.0000;-0.0000;11333
1519.0;0.0000;0.0000;-0.0014;0.0000;-1;-1;-0.0049;-0.0012;-0.0012;-0.0000;-0.0000;0.0000;-0.0000;11333
1519.5;0.0000;0.0000;0.0014;0.0000;-1;-1;-0.0049;-0.0012;-0.0012;-0.0000;-0.0000;0.0000;-0.0000;11333
1520.0;0.0000;0.0000;0.0055;0.0000;-1;-1;-0.0049;-0.0012;-0.0012;-0.0000;-0.0000;0.0000;-0.0000;11333
1520.5;0.0000;0.0000;0.0014;0.0000;-1;-1;-0.0049;-0.0012;-0.0012;-0.0000;-0.0000;0.0000;-0.0000;11333
1521.0;0.0000;0.0000;0.0000;0.0000;-1;-1;-0.0049;-0.0012;-0.0012;-0.0000;-0.0000;0.0000;-0.0000;11333
1521.5;0.0000;0.0000;-0.0041;0.0000;-1;-1;-0.0049;-0.0012;-0.0012;-0.0000;-0.0000;0.0000;-0.0000;11333
1522.0;0.0000;0.0000;-0.0041;0.0000;-1;-1;-0.0049;-0.0012;-0.0012;-0.0000;-0.0000;0.0000;-0.0000;11333
1522.5;0.0000;0.0000;0.0000;0.0000;-1;-1;-0.0049;-0.0012;-0.0012;-0.0000;-0.0000;0.0000;-0.0000;11333
1523.0;0.0000;0.0000;-0.0014;0.0000;-1;-1;-0.0049;-0.0012;-0.0012;-0.0000;-0.0000;0.0000;-0.0000;11385
1523.5;0.0000;0.0000;0.0000;0.0000;-1;-1;-0.0049;-0.0012;-0.0012;-0.0000;-0.0000;0.0000;-0.0000;11385
1524.0;0.0000;0.0000;-0.0027;0.0000;-1;-1;-0.0049;-0.0012;-0.0012;-0.0000;-0.0000;0.0000;-0.0000;11385
1524.5;0.0000;0.0000;-0.0027;0.0000;-1;-1;-0.0049;-0.0012;-0.0012;-0.0000;-0.0000;0.0000;-0.0000;11385
1525.0;0.0000;0.0000;-0.0041;0.0000;-1;-1;-0.0049;-0.0012;-0.0012;-0.0000;-0.0000;0.0000;-0.0000;11385
1525.5;0.0000;0.0000;-0.0069;0.0000;-1;-1;-0.0049;-0.0012;-0.0012;-0.0000;-0.0000;0.0000;-0.0000;11385
1526.0;0.0000;0.0000;0.0000;0.0000;-1;-1;-0.0049;-0.0012;-0.0012;-0.0000;-0.0000;0.0000;-0.0000;11385
1526.5;0.0000;0.0000;0.0000;0.0000;-1;-1;-0.0049;-0.0012;-0.0012;-0.0000;-0.0000;0.0000;-0.0000;11385
1527.0;0.0000;0.0000;0.0069;0.0000;-1;-1;-0.0049;-0.0012;-0.0012;-0.0000;-0.0000;0.0000;-0.0000;11385
1527.5;0.0000;0.0000;0.0027;0.0000;-1;-1;-0.0049;-0.0012;-0.0012;-0.0000;-0.0000;0.0000;-0.0000;11333
1528.0;0.0000;0.0000;0.0082;0.0000;-1;-1;-0.0049;-0.0012;-0.0012;-0.0000;-0.0000;0.0000;-0.0000;11333
1528.5;0.0000;0.0000;0.0000;0.0000;-1;-1;-0.0049;-0.0012;-0.0012;-0.0000;-0.0000;0.0000;-0.0000;11333
1529.0;0.0000;0.0000;-0.0014;0.0000;-1;-1;-0.0049;-0.0012;-0.0012;-0.0000;-0.0000;0.0000;-0.0000;11333
1529.5;0.0000;0.0000;-0.0027;0.0000;-1;-1;-0.0049;-0.0012;-0.0012;-0.0000;-0.0000;0.0000;-0.0000;11333
1530.0;0.0000;0.0000;0.0041;0.0000;-1;-1;-0.0049;-0.0012;-0.0012;-0.0000;-0.0000;0.0000;-0.0000;11333
1530.5;0.0000;0.0000;0.0055;0.0000;-1;-1;-0.0049;-0.0012;-0.0012;-0.0000;-0.0000;0.0000;-0.0000;11333
1531.0;0.0000;0.0000;0.0069;0.0000;-1;-1;-0.0049;-0.0012;-0.0012;-0.0000;-0.0000;0.0000;-0.0000;11333
1531.5;0.0000;0.0000;-0.0041;0.0000;-1;-1;-0.0049;-0.0012;-0.0012;-0.0000;-0.0000;0.0000;-0.0000;11333
1532.0;0.0000;0.0000;-0.0151;0.0000;-1;-1;-0.0049;-0.0012;-0.0012;-0.0000;-0.0000;0.0000;-0.0000;11333
1532.5;0.0000;0.0000;-0.0110;0.0000;-1;-1;-0.0049;-0.0012;-0.0012;-0.0000;-0.0000;0.0000;-0.0000;11333
1533.0;0.0000;0.0000;-0.0124;0.0000;-1;-1;-0.0049;-0.0012;-0.0012;-0.0000;-0.0000;0.0000;-0.0000;11333
1533.5;0.0000;0.0000;0.0014;0.0000;-1;-1;-0.0049;-0.0012;-0.0012;-0.0000;-0.0000;0.0000;-0.0000;11333
1534.0;0.0000;0.0000;-0.0014;0.0000;-1;-1;-0.0049;-0.0012;-0.0012;-0.0000;-0.0000;0.0000;-0.0000;11333
1534.5;0.0000;0.0000;-0.0041;0.0000;-1;-1;-0.0049;-0.0012;-0.0012;-0.0000;-0.0000;0.0000;-0.0000;11385
1535.0;0.0000;0.0000;0.0000;0.0000;-1;-1;-0.0049;-0.0012;-0.0012;-0.0000;-0.0000;0.0000;-0.0000;11385
1535.5;0.0000;0.0000;0.0014;0.0000;-1;-1;-0.0049;-0.0012;-0.0012;-0.0000;-0.0000;0.0000;-0.0000;11385
1536.0;0.0000;0.0000;0.0000;0.0000;-1;-1;-0.0049;-0.0012;-0.0012;-0.0000;-0.0000;0.0000;-0.0000;11385
1536.5;0.0000;0.0000;-0.0027;0.0000;-1;-1;-0.0049;-0.0012;-0.0012;-0.0000;-0.0000;0.0000;-0.0000;11385
1537.0;0.0000;0.0000;-0.0041;0.0000;-1;-1;-0.0049;-0.0012;-0.0012;-0.0000;-0.0000;0.0000;-0.0000;11385
1537.5;0.0000;0.0000;-0.0096;0.0000;-1;-1;-0.0049;-0.0012;-0.0012;-0.0000;-0.0000;0.0000;-0.0000;11385
1538.0;0.0000;0.0000;-0.0014;0.0000;-1;-1;-0.0049;-0.0012;-0.0012;-0.0000;-0.0000;0.0000;-0.0000;11385
1538.5;0.0000;0.0000;0.0014;0.0000;-1;-1;-0.0049;-0.0012;-0.0012;-0.0000;-0.0000;0.0000;-0.0000;11385
1539.0;0.0000;0.0000;-0.0041;0.0000;-1;-1;-0.0049;-0.0012;-0.0012;-0.0000;-0.0000;0.0000;-0.0000;11333
1539.5;0.0000;0.0000;-0.0110;0.0000;-1;-1;-0.0049;-0.0012;-0.0012;-0.0000;-0.0000;0.0000;-0.0000;11333
1540.0;0.0000;0.0000;-0.0110;0.0000;-1;-1;-0.0049;-0.0012;-0.0012;-0.0000;-0.0000;0.0000;-0.0000;11333
1540.5;0.0000;0.0000;-0.0014;0.0000;-1;-1;-0.0049;-0.0012;-0.0012;-0.0000;-0.0000;0.0000;-0.0000;11333
1541.0;0.0000;0.0000;-0.0055;0.0000;-1;-1;-0.0049;-0.0012;-0.0012;-0.0000;-0.0000;0.0000;-0.0000;11333
1541.5;0.0000;0.0000;-0.0027;0.0000;-1;-1;-0.0049;-0.0012;-0.0012;-0.0000;-0.0000;0.0000;-0.0000;11333
1542.0;0.0000;0.0000;-0.0027;0.0000;-1;-1;-0.0049;-0.0012;-0.0012;-0.0000;-0.0000;0.0000;-0.0000;11333
1542.5;0.0000;0.0000;0.0014;0.0000;-1;-1;-0.0049;-0.0012;-0.0012;-0.0000;-0.0000;0.0000;-0.0000;11333
1543.0;0.0000;0.0000;-0.0055;0.0000;-1;-1;-0.0049;-0.0012;-0.0012;-0.0000;-0.0000;0.0000;-0.0000;11333
1543.5;0.0000;0.0000;-0.0082;0.0000;-1;-1;-0.0049;-0.0012;-0.0012;-0.0000;-0.0000;0.0000;-0.0000;11333
1544.0;0.0000;0.0000;-0.0014;0.0000;-1;-1;-0.0049;-0.0012;-0.0012;-0.0000;-0.0000;0.0000;-0.0000;11333
1544.5;0.0000;0.0000;0.0041;0.0000;-1;-1;-0.0049;-0.0012;-0.0012;-0.0000;-0.0000;0.0000;-0.0000;11333
1545.0;0.0000;0.0000;0.0027;0.0000;-1;-1;-0.0049;-0.0012;-0.0012;-0.0000;-0.0000;0.0000;-0.0000;11333
1545.5;0.0000;0.0000;-0.0027;0.0000;-1;-1;-0.0049;-0.0012;-0.0012;-0.0000;-0.0000;0.0000;-0.0000;11385
1546.0;0.0000;0.0000;0.0014;0.0000;-1;-1;-0.0049;-0.0012;-0.0012;-0.0000;-0.0000;0.0000;-0.0000;11385
1546.5;0.0000;0.0000;-0.0041;0.0000;-1;-1;-0.0049;-0.0012;-0.0012;-0.0000;-0.0000;0.0000;-0.0000;11385
1547.0;0.0000;0.0000;-0.0082;0.0000;-1;-1;-0.0049;-0.0012;-0.0012;-0.0000;-0.0000;0.0000;-0.0000;11385
1547.5;0.0000;0.0000;-0.0041;0.0000;-1;-1;-0.0049;-0.0012;-0.0012;-0.0000;-0.0000;0.0000;-0.0000;11385
1548.0;0.0000;0.0000;-0.0055;0.0000;-1;-1;-0.0049;-0.0012;-0.0012;-0.0000;-0.0000;0.0000;-0.0000;11385
1548.5;0.0000;0.0000;0.0027;0.0000;-1;-1;-0.0049;-0.0012;-0.0012;-0.0000;-0.0000;0.0000;-0.0000;11385
1549.0;0.0000;0.0000;-0.0055;0.0000;-1;-1;-0.0049;-0.0012;-0.0012;-0.0000;-0.0000;0.0000;-0.0000;11385
1549.5;0.0000;0.0000;0.0014;0.0000;-1;-1;-0.0049;-0.0012;-0.0012;-0.0000;-0.0000;0.0000;-0.0000;11385
1550.0;0.0000;0.0000;-0.0014;0.0000;-1;-1;-0.0049;-0.0012;-0.0012;-0.0000;-0.0000;0.0000;-0.0000;11385
1550.5;0.0000;0.0000;0.0014;0.0000;-1;-1;-0.0049;-0.0012;-0.0012;-0.0000;-0.0000;0.0000;-0.0000;11333
1551.0;0.0000;0.0000;-0.0041;0.0000;-1;-1;-0.0049;-0.0012;-0.0012;-0.0000;-0.0000;0.0000;-0.0000;11333
1551.5;0.0000;0.0000;0.0041;0.0000;-1;-1;-0.0049;-0.0012;-0.0012;-0.0000;-0.0000;0.0000;-0.0000;11333
1552.0;0.0000;0.0000;-0.0027;0.0000;-1;-1;-0.0049;-0.0012;-0.0012;-0.0000;-0.0000;0.0000;-0.0000;11333
1552.5;0.0000;0.0000;-0.0014;0.0000;-1;-1;-0.0049;-0.0012;-0.0012;-0.0000;-0.0000;0.0000;-0.0000;11333
1553.0;0.0000;0.0000;-0.0027;0.0000;-1;-1;-0.0049;-0.0012;-0.0012;-0.0000;-0.0000;0.0000;-0.0000;11333
1553.5;0.0000;0.0000;-0.0014;0.0000;-1;-1;-0.0049;-0.0012;-0.0012;-0.0000;-0.0000;0.0000;-0.0000;11333
1554.0;0.0000;0.0000;-0.0096;0.0000;-1;-1;-0.0049;-0.0012;-0.0012;-0.0000;-0.0000;0.0000;-0.0000;11333
1554.5;0.0000;0.0000;-0.0041;0.0000;-1;-1;-0.0049;-0.0012;-0.0012;-0.0000;-0.0000;0.0000;-0.0000;11333
1555.0;0.0000;0.0000;-0.0041;0.0000;-1;-1;-0.0049;-0.0012;-0.0012;-0.0000;-0.0000;0.0000;-0.0000;11333
1555.5;0.0000;0.0000;0.0014;0.0000;-1;-1;-0.0049;-0.0012;-0.0012;-0.0000;-0.0000;0.0000;-0.0000;11333
1556.0;0.0000;0.0000;-0.0027;0.0000;-1;-1;-0.0049;-0.0012;-0.0012;-0.0000;-0.0000;0.0000;-0.0000;11333
1556.5;0.0000;0.0000;-0.0165;0.0000;-1;-1;-0.0049;-0.0012;-0.0012;-0.0000;-0.0000;0.0000;-0.0000;11333
1557.0;0.0000;0.0000;-0.0165;0.0000;-1;-1;-0.0049;-0.0012;-0.0012;-0.0000;-0.0000;0.0000;-0.0000;11385
1557.5;0.0000;0.0000;-0.0165;0.0000;-1;-1;-0.0049;-0.0012;-0.0012;-0.0000;-0.0000;0.0000;-0.0000;11385
1558.0;0.0000;0.0000;-0.0082;0.0000;-1;-1;-0.0049;-0.0012;-0.0012;-0.0000;-0.0000;0.0000;-0.0000;11385
1558.5;0.0000;0.0000;-0.0055;0.0000;-1;-1;-0.0049;-0.0012;-0.0012;-0.0000;-0.0000;0.0000;-0.0000;11385
1559.0;0.0000;0.0000;-0.0014;0.0000;-1;-1;-0.0049;-0.0012;-0.0012;-0.0000;-0.0000;0.0000;-0.0000;11385
1559.5;0.0000;0.0000;-0.0014;0.0000;-1;-1;-0.0049;-0.0012;-0.0012;-0.0000;-0.0000;0.0000;-0.0000;11385
1560.0;0.0000;0.0000;0.0069;0.0000;-1;-1;-0.0049;-0.0012;-0.0012;-0.0000;-0.0000;0.0000;-0.0000;11385
1560.5;0.0000;0.0000;0.0110;0.0000;-1;-1;-0.0049;-0.0012;-0.0012;-0.0000;-0.0000;0.0000;-0.0000;11385
1561.0;0.0000;0.0000;0.0055;0.0000;-1;-1;-0.0049;-0.0012;-0.0012;-0.0000;-0.0000;0.0000;-0.0000;11385
1561.5;0.0000;0.0000;0.0069;0.0000;-1;-1;-0.0049;-0.0012;-0.0012;-0.0000;-0.0000;0.0000;-0.0000;11333
1562.0;0.0000;0.0000;0.0014;0.0000;-1;-1;-0.0049;-0.0012;-0.0012;-0.0000;-0.0000;0.0000;-0.0000;11333
1562.5;0.0000;0.0000;0.0110;0.0000;-1;-1;-0.0049;-0.0012;-0.0012;-0.0000;-0.0000;0.0000;-0.0000;11333
1563.0;0.0000;0.0000;0.0082;0.0000;-1;-1;-0.0049;-0.0012;-0.0012;-0.0000;-0.0000;0.0000;-0.0000;11333
1563.5;0.0000;0.0000;0.0096;0.0000;-1;-1;-0.0049;-0.0012;-0.0012;-0.0000;-0.0000;0.0000;-0.0000;11333
1564.0;0.0000;0.0000;0.0055;0.0000;-1;-1;-0.0049;-0.0012;-0.0012;-0.0000;-0.0000;0.0000;-0.0000;11333
1564.5;0.0000;0.0000;0.0069;0.0000;-1;-1;-0.0049;-0.0012;-0.0012;-0.0000;-0.0000;0.0000;-0.0000;11333
1565.0;0.0000;0.0000;0.0082;0.0000;-1;-1;-0.0049;-0.0012;-0.0012;-0.0000;-0.0000;0.0000;-0.0000;11333
1565.5;0.0000;0.0000;0.0082;0.0000;-1;-1;-0.0049;-0.0012;-0.0012;-0.0000;-0.0000;0.0000;-0.0000;11333
1566.0;0.0000;0.0000;0.0041;0.0000;-1;-1;-0.0049;-0.0012;-0.0012;-0.0000;-0.0000;0.0000;-0.0000;11333
1566.5;0.0000;0.0000;0.0082;0.0000;-1;-1;-0.0049;-0.0012;-0.0012;-0.0000;-0.0000;0.0000;-0.0000;11333
1567.0;0.0000;0.0000;0.0027;0.0000;-1;-1;-0.0049;-0.0012;-0.0012;-0.0000;-0.0000;0.0000;-0.0000;11333
1567.5;0.0000;0.0000;0.0014;0.0000;-1;-1;-0.0049;-0.0012;-0.0012;-0.0000;-0.0000;0.0000;-0.0000;11333
1568.0;0.0000;0.0000;0.0000;0.0000;-1;-1;-0.0049;-0.0012;-0.0012;-0.0000;-0.0000;0.0000;-0.0000;11333
1568.5;0.0000;0.0000;-0.0027;0.0000;-1;-1;-0.0049;-0.0012;-0.0012;-0.0000;-0.0000;0.0000;-0.0000;11385
1569.0;0.0000;0.0000;-0.0069;0.0000;-1;-1;-0.0049;-0.0012;-0.0012;-0.0000;-0.0000;0.0000;-0.0000;11385
1569.5;0.0000;0.0000;-0.0096;0.0000;-1;-1;-0.0049;-0.0012;-0.0012;-0.0000;-0.0000;0.0000;-0.0000;11385
1570.0;0.0000;0.0000;-0.0206;0.0000;-1;-1;-0.0049;-0.0012;-0.0012;-0.0000;-0.0000;0.0000;-0.0000;11385
1570.5;0.0000;0.0000;-0.0206;0.0000;-1;-1;-0.0049;-0.0012;-0.0012;-0.0000;-0.0000;0.0000;-0.0000;11385
1571.0;0.0000;0.0000;-0.0110;0.0000;-1;-1;-0.0049;-0.0012;-0.0012;-0.0000;-0.0000;0.0000;-0.0000;11385
1571.5;0.0000;0.0000;-0.0041;0.0000;-1;-1;-0.0049;-0.0012;-0.0012;-0.0000;-0.0000;0.0000;-0.0000;11385
1572.0;0.0000;0.0000;-0.0069;0.0000;-1;-1;-0.0049;-0.0012;-0.0012;-0.0000;-0.0000;0.0000;-0.0000;11385
1572.5;0.0000;0.0000;-0.0014;0.0000;-1;-1;-0.0049;-0.0012;-0.0012;-0.0000;-0.0000;0.0000;-0.0000;11385
1573.0;0.0000;0.0000;-0.0082;0.0000;-1;-1;-0.0049;-0.0012;-0.0012;-0.0000;-0.0000;0.0000;-0.0000;11333
1573.5;0.0000;0.0000;-0.0096;0.0000;-1;-1;-0.0049;-0.0012;-0.0012;-0.0000;-0.0000;0.0000;-0.0000;11333
1574.0;0.0000;0.0000;-0.0082;0.0000;-1;-1;-0.0049;-0.0012;-0.0012;-0.0000;-0.0000;0.0000;-0.0000;11333
1574.5;0.0000;0.0000;-0.0096;0.0000;-1;-1;-0.0049;-0.0012;-0.0012;-0.0000;-0.0000;0.0000;-0.0000;11333
1575.0;0.0000;0.0000;-0.0096;0.0000;-1;-1;-0.0049;-0.0012;-0.0012;-0.0000;-0.0000;0.0000;-0.0000;11333
1575.5;0.0000;0.0000;-0.0124;0.0000;-1;-1;-0.0049;-0.0012;-0.0012;-0.0000;-0.0000;0.0000;-0.0000;11333
1576.0;0.0000;0.0000;-0.0027;0.0000;-1;-1;-0.0049;-0.0012;-0.0012;-0.0000;-0.0000;0.0000;-0.0000;11333
1576.5;0.0000;0.0000;-0.0069;0.0000;-1;-1;-0.0049;-0.0012;-0.0012;-0.0000;-0.0000;0.0000;-0.0000;11333
1577.0;0.0000;0.0000;-0.0014;0.0000;-1;-1;-0.0049;-0.0012;-0.0012;-0.0000;-0.0000;0.0000;-0.0000;11333
1577.5;0.0000;0.0000;0.0000;0.0000;-1;-1;-0.0049;-0.0012;-0.0012;-0.0000;-0.0000;0.0000;-0.0000;11333
1578.0;0.0000;0.0000;-0.0041;0.0000;-1;-1;-0.0049;-0.0012;-0.0012;-0.0000;-0.0000;0.0000;-0.0000;11333
1578.5;0.0000;0.0000;0.0000;0.0000;-1;-1;-0.0049;-0.0012;-0.0012;-0.0000;-0.0000;0.0000;-0.0000;11333
1579.0;0.0000;0.0000;0.0096;0.0000;-1;-1;-0.0049;-0.0012;-0.0012;-0.0000;-0.0000;0.0000;-0.0000;11333
1579.5;0.0000;0.0000;0.0137;0.0000;-1;-1;-0.0049;-0.0012;-0.0012;-0.0000;-0.0000;0.0000;-0.0000;11385
1580.0;0.0000;0.0000;0.0124;0.0000;-1;-1;-0.0049;-0.0012;-0.0012;-0.0000;-0.0000;0.0000;-0.0000;11385
1580.5;0.0000;0.0000;0.0137;0.0000;-1;-1;-0.0049;-0.0012;-0.0012;-0.0000;-0.0000;0.0000;-0.0000;11385
1581.0;0.0000;0.0000;0.0082;0.0000;-1;-1;-0.0049;-0.0012;-0.0012;-0.0000;-0.0000;0.0000;-0.0000;11385
1581.5;0.0000;0.0000;0.0096;0.0000;-1;-1;-0.0049;-0.0012;-0.0012;-0.0000;-0.0000;0.0000;-0.0000;11385
1582.0;0.0000;0.0000;0.0014;0.0000;-1;-1;-0.0049;-0.0012;-0.0012;-0.0000;-0.0000;0.0000;-0.0000;11385
1582.5;0.0000;0.0000;-0.0014;0.0000;-1;-1;-0.0049;-0.0012;-0.0012;-0.0000;-0.0000;0.0000;-0.0000;11385
1583.0;0.0000;0.0000;0.0041;0.0000;-1;-1;-0.0049;-0.0012;-0.0012;-0.0000;-0.0000;0.0000;-0.0000;11385
1583.5;0.0000;0.0000;0.0055;0.0000;-1;-1;-0.0049;-0.0012;-0.0012;-0.0000;-0.0000;0.0000;-0.0000;11385
1584.0;0.0000;0.0000;0.0041;0.0000;-1;-1;-0.0049;-0.0012;-0.0012;-0.0000;-0.0000;0.0000;-0.0000;11333
1584.5;0.0000;0.0000;0.0027;0.0000;-1;-1;-0.0049;-0.0012;-0.0012;-0.0000;-0.0000;0.0000;-0.0000;11333
1585.0;0.0000;0.0000;0.0000;0.0000;-1;-1;-0.0049;-0.0012;-0.0012;-0.0000;-0.0000;0.0000;-0.0000;11333
1585.5;0.0000;0.0000;-0.0082;0.0000;-1;-1;-0.0049;-0.0012;-0.0012;-0.0000;-0.0000;0.0000;-0.0000;11333
1586.0;0.0000;0.0000;-0.0014;0.0000;-1;-1;-0.0049;-0.0012;-0.0012;-0.0000;-0.0000;0.0000;-0.0000;11333
1586.5;0.0000;0.0000;0.0000;0.0000;-1;-1;-0.0049;-0.0012;-0.0012;-0.0000;-0.0000;0.0000;-0.0000;11333
1587.0;0.0000;0.0000;0.0041;0.0000;-1;-1;-0.0049;-0.0012;-0.0012;-0.0000;-0.0000;0.0000;-0.0000;11333
1587.5;0.0000;0.0000;0.0014;0.0000;-1;-1;-0.0049;-0.0012;-0.0012;-0.0000;-0.0000;0.0000;-0.0000;11333
1588.0;0.0000;0.0000;-0.0014;0.0000;-1;-1;-0.0049;-0.0012;-0.0012;-0.0000;-0.0000;0.0000;-0.0000;11333
1588.5;0.0000;0.0000;0.0014;0.0000;-1;-1;-0.0049;-0.0012;-0.0012;-0.0000;-0.0000;0.0000;-0.0000;11333
1589.0;0.0000;0.0000;-0.0027;0.0000;-1;-1;-0.0049;-0.0012;-0.0012;-0.0000;-0.0000;0.0000;-0.0000;11333
1589.5;0.0000;0.0000;-0.0055;0.0000;-1;-1;-0.0049;-0.0012;-0.0012;-0.0000;-0.0000;0.0000;-0.0000;11333
1590.0;0.0000;0.0000;-0.0096;0.0000;-1;-1;-0.0049;-0.0012;-0.0012;-0.0000;-0.0000;0.0000;-0.0000;11333
1590.5;0.0000;0.0000;-0.0041;0.0000;-1;-1;-0.0049;-0.0012;-0.0012;-0.0000;-0.0000;0.0000;-0.0000;11333
1591.0;0.0000;0.0000;0.0055;0.0000;-1;-1;-0.0049;-0.0012;-0.0012;-0.0000;-0.0000;0.0000;-0.0000;11385
1591.5;0.0000;0.0000;-0.0014;0.0000;-1;-1;-0.0049;-0.0012;-0.0012;-0.0000;-0.0000;0.0000;-0.0000;11385
1592.0;0.0000;0.0000;0.0014;0.0000;-1;-1;-0.0049;-0.0012;-0.0012;-0.0000;-0.0000;0.0000;-0.0000;11385
1592.5;0.0000;0.0000;0.0041;0.0000;-1;-1;-0.0049;-0.0012;-0.0012;-0.0000;-0.0000;0.0000;-0.0000;11385
1593.0;0.0000;0.0000;0.0041;0.0000;-1;-1;-0.0049;-0.0012;-0.0012;-0.0000;-0.0000;0.0000;-0.0000;11385
1593.5;0.0000;0.0000;0.0041;0.0000;-1;-1;-0.0049;-0.0012;-0.0012;-0.0000;-0.0000;0.0000;-0.0000;11385
1594.0;0.0000;0.0000;0.0014;0.0000;-1;-1;-0.0049;-0.0012;-0.0012;-0.0000;-0.0000;0.0000;-0.0000;11385
1594.5;0.0000;0.0000;-0.0014;0.0000;-1;-1;-0.0049;-0.0012;-0.0012;-0.0000;-0.0000;0.0000;-0.0000;11385
1595.0;0.0000;0.0000;-0.0014;0.0000;-1;-1;-0.0049;-0.0012;-0.0012;-0.0000;-0.0000;0.0000;-0.0000;11385
1595.5;0.0000;0.0000;-0.0041;0.0000;-1;-1;-0.0049;-0.0012;-0.0012;-0.0000;-0.0000;0.0000;-0.0000;11333
1596.0;0.0000;0.0000;-0.0027;0.0000;-1;-1;-0.0049;-0.0012;-0.0012;-0.0000;-0.0000;0.0000;-0.0000;11333
1596.5;0.0000;0.0000;-0.0082;0.0000;-1;-1;-0.0049;-0.0012;-0.0012;-0.0000;-0.0000;0.0000;-0.0000;11333
1597.0;0.0000;0.0000;-0.0027;0.0000;-1;-1;-0.0049;-0.0012;-0.0012;-0.0000;-0.0000;0.0000;-0.0000;11333
1597.5;0.0000;0.0000;-0.0069;0.0000;-1;-1;-0.0049;-0.0012;-0.0012;-0.0000;-0.0000;0.0000;-0.0000;11333
1598.0;0.0000;0.0000;-0.0082;0.0000;-1;-1;-0.0049;-0.0012;-0.0012;-0.0000;-0.0000;0.0000;-0.0000;11333
1598.5;0.0000;0.0000;-0.0069;0.0000;-1;-1;-0.0049;-0.0012;-0.0012;-0.0000;-0.0000;0.0000;-0.0000;11333
1599.0;0.0000;0.0000;-0.0027;0.0000;-1;-1;-0.0049;-0.0012;-0.0012;-0.0000;-0.0000;0.0000;-0.0000;11333
1599.5;0.0000;0.0000;-0.0014;0.0000;-1;-1;-0.0049;-0.0012;-0.0012;-0.0000;-0.0000;0.0000;-0.0000;11333
1600.0;0.0000;0.0000;-0.0041;0.0000;-1;-1;-0.0049;-0.0012;-0.0012;-0.0000;-0.0000;0.0000;-0.0000;11333
1600.5;0.0000;0.0000;-0.0069;0.0000;-1;-1;-0.0049;-0.0012;-0.0012;-0.0000;-0.0000;0.0000;-0.0000;11333
1601.0;0.0000;0.0000;-0.0014;0.0000;-1;-1;-0.0049;-0.0012;-0.0012;-0.0000;-0.0000;0.0000;-0.0000;11333
1601.5;0.0000;0.0000;-0.0014;0.0000;-1;-1;-0.0049;-0.0012;-0.0012;-0.0000;-0.0000;0.0000;-0.0000;11333
1602.0;0.0000;0.0000;-0.0055;0.0000;-1;-1;-0.0049;-0.0012;-0.0012;-0.0000;-0.0000;0.0000;-0.0000;11333
1602.5;0.0000;0.0000;-0.0110;0.0000;-1;-1;-0.0049;-0.0012;-0.0012;-0.0000;-0.0000;0.0000;-0.0000;11385
1603.0;0.0000;0.0000;0.0000;0.0000;-1;-1;-0.0049;-0.0012;-0.0012;-0.0000;-0.0000;0.0000;-0.0000;11385
1603.5;0.0000;0.0000;0.0027;0.0000;-1;-1;-0.0049;-0.0012;-0.0012;-0.0000;-0.0000;0.0000;-0.0000;11385
1604.0;0.0000;0.0000;-0.0014;0.0000;-1;-1;-0.0049;-0.0012;-0.0012;-0.0000;-0.0000;0.0000;-0.0000;11385
1604.5;0.0000;0.0000;-0.0069;0.0000;-1;-1;-0.0049;-0.0012;-0.0012;-0.0000;-0.0000;0.0000;-0.0000;11385
1605.0;0.0000;0.0000;-0.0069;0.0000;-1;-1;-0.0049;-0.0012;-0.0012;-0.0000;-0.0000;0.0000;-0.0000;11385
1605.5;0.0000;0.0000;-0.0041;0.0000;-1;-1;-0.0049;-0.0012;-0.0012;-0.0000;-0.0000;0.0000;-0.0000;11385
1606.0;0.0000;0.0000;-0.0041;0.0000;-1;-1;-0.0049;-0.0012;-0.0012;-0.0000;-0.0000;0.0000;-0.0000;11385
1606.5;0.0000;0.0000;-0.0055;0.0000;-1;-1;-0.0049;-0.0012;-0.0012;-0.0000;-0.0000;0.0000;-0.0000;11385
1607.0;0.0000;0.0000;-0.0014;0.0000;-1;-1;-0.0049;-0.0012;-0.0012;-0.0000;-0.0000;0.0000;-0.0000;11333
1607.5;0.0000;0.0000;-0.0027;0.0000;-1;-1;-0.0049;-0.0012;-0.0012;-0.0000;-0.0000;0.0000;-0.0000;11333
1608.0;0.0000;0.0000;0.0027;0.0000;-1;-1;-0.0049;-0.0012;-0.0012;-0.0000;-0.0000;0.0000;-0.0000;11333
1608.5;0.0000;0.0000;-0.0014;0.0000;-1;-1;-0.0049;-0.0012;-0.0012;-0.0000;-0.0000;0.0000;-0.0000;11333
1609.0;0.0000;0.0000;-0.0055;0.0000;-1;-1;-0.0049;-0.0012;-0.0012;-0.0000;-0.0000;0.0000;-0.0000;11333
1609.5;0.0000;0.0000;-0.0041;0.0000;-1;-1;-0.0049;-0.0012;-0.0012;-0.0000;-0.0000;0.0000;-0.0000;11333
1610.0;0.0000;0.0000;0.0000;0.0000;-1;-1;-0.0049;-0.0012;-0.0012;-0.0000;-0.0000;0.0000;-0.0000;11333
1610.5;0.0000;0.0000;-0.0027;0.0000;-1;-1;-0.0049;-0.0012;-0.0012;-0.0000;-0.0000;0.0000;-0.0000;11333
1611.0;0.0000;0.0000;-0.0069;0.0000;-1;-1;-0.0049;-0.0012;-0.0012;-0.0000;-0.0000;0.0000;-0.0000;11333
1611.5;0.0000;0.0000;-0.0055;0.0000;-1;-1;-0.0049;-0.0012;-0.0012;-0.0000;-0.0000;0.0000;-0.0000;11333
1612.0;0.0000;0.0000;0.0014;0.0000;-1;-1;-0.0049;-0.0012;-0.0012;-0.0000;-0.0000;0.0000;-0.0000;11333
1612.5;0.0000;0.0000;0.0027;0.0000;-1;-1;-0.0049;-0.0012;-0.0012;-0.0000;-0.0000;0.0000;-0.0000;11333
1613.0;0.0000;0.0000;-0.0041;0.0000;-1;-1;-0.0049;-0.0012;-0.0012;-0.0000;-0.0000;0.0000;-0.0000;11333
1613.5;0.0000;0.0000;0.0000;0.0000;-1;-1;-0.0049;-0.0012;-0.0012;-0.0000;-0.0000;0.0000;-0.0000;11385
1614.0;0.0000;0.0000;-0.0041;0.0000;-1;-1;-0.0049;-0.0012;-0.0012;-0.0000;-0.0000;0.0000;-0.0000;11385
1614.5;0.0000;0.0000;-0.0041;0.0000;-1;-1;-0.0049;-0.0012;-0.0012;-0.0000;-0.0000;0.0000;-0.0000;11385
1615.0;0.0000;0.0000;0.0000;0.0000;-1;-1;-0.0049;-0.0012;-0.0012;-0.0000;-0.0000;0.0000;-0.0000;11385
1615.5;0.0000;0.0000;-0.0041;0.0000;-1;-1;-0.0049;-0.0012;-0.0012;-0.0000;-0.0000;0.0000;-0.0000;11385
1616.0;0.0000;0.0000;0.0000;0.0000;-1;-1;-0.0049;-0.0012;-0.0012;-0.0000;-0.0000;0.0000;-0.0000;11385
1616.5;0.0000;0.0000;0.0055;0.0000;-1;-1;-0.0049;-0.0012;-0.0012;-0.0000;-0.0000;0.0000;-0.0000;11385
1617.0;0.0000;0.0000;-0.0069;0.0000;-1;-1;-0.0049;-0.0012;-0.0012;-0.0000;-0.0000;0.0000;-0.0000;11385
1617.5;0.0000;0.0000;-0.0110;0.0000;-1;-1;-0.0049;-0.0012;-0.0012;-0.0000;-0.0000;0.0000;-0.0000;11385
1618.0;0.0000;0.0000;-0.0069;0.0000;-1;-1;-0.0049;-0.0012;-0.0012;-0.0000;-0.0000;0.0000;-0.0000;11333
1618.5;0.0000;0.0000;-0.0110;0.0000;-1;-1;-0.0049;-0.0012;-0.0012;-0.0000;-0.0000;0.0000;-0.0000;11333
1619.0;0.0000;0.0000;-0.0069;0.0000;-1;-1;-0.0049;-0.0012;-0.0012;-0.0000;-0.0000;0.0000;-0.0000;11333
1619.5;0.0000;0.0000;-0.0082;0.0000;-1;-1;-0.0049;-0.0012;-0.0012;-0.0000;-0.0000;0.0000;-0.0000;11333
1620.0;0.0000;0.0000;-0.0041;0.0000;-1;-1;-0.0049;-0.0012;-0.0012;-0.0000;-0.0000;0.0000;-0.0000;11333
1620.5;0.0000;0.0000;0.0096;0.0000;-1;-1;-0.0049;-0.0012;-0.0012;-0.0000;-0.0000;0.0000;-0.0000;11333
1621.0;0.0000;0.0000;0.0041;0.0000;-1;-1;-0.0049;-0.0012;-0.0012;-0.0000;-0.0000;0.0000;-0.0000;11333
1621.5;0.0000;0.0000;0.0055;0.0000;-1;-1;-0.0049;-0.0012;-0.0012;-0.0000;-0.0000;0.0000;-0.0000;11333
1622.0;0.0000;0.0000;0.0000;0.0000;-1;-1;-0.0049;-0.0012;-0.0012;-0.0000;-0.0000;0.0000;-0.0000;11333
1622.5;0.0000;0.0000;-0.0041;0.0000;-1;-1;-0.0049;-0.0012;-0.0012;-0.0000;-0.0000;0.0000;-0.0000;11333
1623.0;0.0000;0.0000;0.0027;0.0000;-1;-1;-0.0049;-0.0012;-0.0012;-0.0000;-0.0000;0.0000;-0.0000;11333
1623.5;0.0000;0.0000;0.0000;0.0000;-1;-1;-0.0049;-0.0012;-0.0012;-0.0000;-0.0000;0.0000;-0.0000;11333
1624.0;0.0000;0.0000;0.0000;0.0000;-1;-1;-0.0049;-0.0012;-0.0012;-0.0000;-0.0000;0.0000;-0.0000;11333
1624.5;0.0000;0.0000;-0.0041;0.0000;-1;-1;-0.0049;-0.0012;-0.0012;-0.0000;-0.0000;0.0000;-0.0000;11333
1625.0;0.0000;0.0000;-0.0041;0.0000;-1;-1;-0.0049;-0.0012;-0.0012;-0.0000;-0.0000;0.0000;-0.0000;11385
1625.5;0.0000;0.0000;0.0000;0.0000;-1;-1;-0.0049;-0.0012;-0.0012;-0.0000;-0.0000;0.0000;-0.0000;11385
1626.0;0.0000;0.0000;-0.0027;0.0000;-1;-1;-0.0049;-0.0012;-0.0012;-0.0000;-0.0000;0.0000;-0.0000;11385
1626.5;0.0000;0.0000;-0.0096;0.0000;-1;-1;-0.0049;-0.0012;-0.0012;-0.0000;-0.0000;0.0000;-0.0000;11385
1627.0;0.0000;0.0000;-0.0014;0.0000;-1;-1;-0.0049;-0.0012;-0.0012;-0.0000;-0.0000;0.0000;-0.0000;11385
1627.5;0.0000;0.0000;-0.0014;0.0000;-1;-1;-0.0049;-0.0012;-0.0012;-0.0000;-0.0000;0.0000;-0.0000;11385
1628.0;0.0000;0.0000;-0.0014;0.0000;-1;-1;-0.0049;-0.0012;-0.0012;-0.0000;-0.0000;0.0000;-0.0000;11385
1628.5;0.0000;0.0000;-0.0055;0.0000;-1;-1;-0.0049;-0.0012;-0.0012;-0.0000;-0.0000;0.0000;-0.0000;11385
1629.0;0.0000;0.0000;0.0000;0.0000;-1;-1;-0.0049;-0.0012;-0.0012;-0.0000;-0.0000;0.0000;-0.0000;11385
1629.5;0.0000;0.0000;-0.0027;0.0000;-1;-1;-0.0049;-0.0012;-0.0012;-0.0000;-0.0000;0.0000;-0.0000;11333
1630.0;0.0000;0.0000;-0.0027;0.0000;-1;-1;-0.0049;-0.0012;-0.0012;-0.0000;-0.0000;0.0000;-0.0000;11333
1630.5;0.0000;0.0000;-0.0027;0.0000;-1;-1;-0.0049;-0.0012;-0.0012;-0.0000;-0.0000;0.0000;-0.0000;11333
1631.0;0.0000;0.0000;-0.0041;0.0000;-1;-1;-0.0049;-0.0012;-0.0012;-0.0000;-0.0000;0.0000;-0.0000;11333
1631.5;0.0000;0.0000;0.0027;0.0000;-1;-1;-0.0049;-0.0012;-0.0012;-0.0000;-0.0000;0.0000;-0.0000;11333
1632.0;0.0000;0.0000;-0.0055;0.0000;-1;-1;-0.0049;-0.0012;-0.0012;-0.0000;-0.0000;0.0000;-0.0000;11333
1632.5;0.0000;0.0000;-0.0096;0.0000;-1;-1;-0.0049;-0.0012;-0.0012;-0.0000;-0.0000;0.0000;-0.0000;11333
1633.0;0.0000;0.0000;-0.0027;0.0000;-1;-1;-0.0049;-0.0012;-0.0012;-0.0000;-0.0000;0.0000;-0.0000;11333
1633.5;0.0000;0.0000;0.0055;0.0000;-1;-1;-0.0049;-0.0012;-0.0012;-0.0000;-0.0000;0.0000;-0.0000;11333
1634.0;0.0000;0.0000;0.0041;0.0000;-1;-1;-0.0049;-0.0012;-0.0012;-0.0000;-0.0000;0.0000;-0.0000;11333
1634.5;0.0000;0.0000;0.0055;0.0000;-1;-1;-0.0049;-0.0012;-0.0012;-0.0000;-0.0000;0.0000;-0.0000;11333
1635.0;0.0000;0.0000;0.0000;0.0000;-1;-1;-0.0049;-0.0012;-0.0012;-0.0000;-0.0000;0.0000;-0.0000;11333
1635.5;0.0000;0.0000;-0.0055;0.0000;-1;-1;-0.0049;-0.0012;-0.0012;-0.0000;-0.0000;0.0000;-0.0000;11333
1636.0;0.0000;0.0000;-0.0096;0.0000;-1;-1;-0.0049;-0.0012;-0.0012;-0.0000;-0.0000;0.0000;-0.0000;11385
1636.5;0.0000;0.0000;-0.0055;0.0000;-1;-1;-0.0049;-0.0012;-0.0012;-0.0000;-0.0000;0.0000;-0.0000;11385
1637.0;0.0000;0.0000;-0.0014;0.0000;-1;-1;-0.0049;-0.0012;-0.0012;-0.0000;-0.0000;0.0000;-0.0000;11385
1637.5;0.0000;0.0000;0.0014;0.0000;-1;-1;-0.0049;-0.0012;-0.0012;-0.0000;-0.0000;0.0000;-0.0000;11385
1638.0;0.0000;0.0000;-0.0027;0.0000;-1;-1;-0.0049;-0.0012;-0.0012;-0.0000;-0.0000;0.0000;-0.0000;11385
1638.5;0.0000;0.0000;-0.0014;0.0000;-1;-1;-0.0049;-0.0012;-0.0012;-0.0000;-0.0000;0.0000;-0.0000;11385
1639.0;0.0000;0.0000;-0.0055;0.0000;-1;-1;-0.0049;-0.0012;-0.0012;-0.0000;-0.0000;0.0000;-0.0000;11385
1639.5;0.0000;0.0000;-0.0055;0.0000;-1;-1;-0.0049;-0.0012;-0.0012;-0.0000;-0.0000;0.0000;-0.0000;11385
1640.0;0.0000;0.0000;-0.0069;0.0000;-1;-1;-0.0049;-0.0012;-0.0012;-0.0000;-0.0000;0.0000;-0.0000;11385
1640.5;0.0000;0.0000;-0.0069;0.0000;-1;-1;-0.0049;-0.0012;-0.0012;-0.0000;-0.0000;0.0000;-0.0000;11333
1641.0;0.0000;0.0000;-0.0096;0.0000;-1;-1;-0.0049;-0.0012;-0.0012;-0.0000;-0.0000;0.0000;-0.0000;11333
1641.5;0.0000;0.0000;-0.0096;0.0000;-1;-1;-0.0049;-0.0012;-0.0012;-0.0000;-0.0000;0.0000;-0.0000;11333
1642.0;0.0000;0.0000;-0.0027;0.0000;-1;-1;-0.0049;-0.0012;-0.0012;-0.0000;-0.0000;0.0000;-0.0000;11333
1642.5;0.0000;0.0000;0.0041;0.0000;-1;-1;-0.0049;-0.0012;-0.0012;-0.0000;-0.0000;0.0000;-0.0000;11333
1643.0;0.0000;0.0000;0.0055;0.0000;-1;-1;-0.0049;-0.0012;-0.0012;-0.0000;-0.0000;0.0000;-0.0000;11333
1643.5;0.0000;0.0000;0.0041;0.0000;-1;-1;-0.0049;-0.0012;-0.0012;-0.0000;-0.0000;0.0000;-0.0000;11333
1644.0;0.0000;0.0000;0.0041;0.0000;-1;-1;-0.0049;-0.0012;-0.0012;-0.0000;-0.0000;0.0000;-0.0000;11333
1644.5;0.0000;0.0000;-0.0014;0.0000;-1;-1;-0.0049;-0.0012;-0.0012;-0.0000;-0.0000;0.0000;-0.0000;11333
1645.0;0.0000;0.0000;-0.0014;0.0000;-1;-1;-0.0049;-0.0012;-0.0012;-0.0000;-0.0000;0.0000;-0.0000;11333
1645.5;0.0000;0.0000;0.0027;0.0000;-1;-1;-0.0049;-0.0012;-0.0012;-0.0000;-0.0000;0.0000;-0.0000;11333
1646.0;0.0000;0.0000;-0.0096;0.0000;-1;-1;-0.0049;-0.0012;-0.0012;-0.0000;-0.0000;0.0000;-0.0000;11333
1646.5;0.0000;0.0000;-0.0041;0.0000;-1;-1;-0.0049;-0.0012;-0.0012;-0.0000;-0.0000;0.0000;-0.0000;11333
1647.0;0.0000;0.0000;-0.0069;0.0000;-1;-1;-0.0049;-0.0012;-0.0012;-0.0000;-0.0000;0.0000;-0.0000;11333
1647.5;0.0000;0.0000;-0.0082;0.0000;-1;-1;-0.0049;-0.0012;-0.0012;-0.0000;-0.0000;0.0000;-0.0000;11385
1648.0;0.0000;0.0000;-0.0041;0.0000;-1;-1;-0.0049;-0.0012;-0.0012;-0.0000;-0.0000;0.0000;-0.0000;11385
1648.5;0.0000;0.0000;0.0000;0.0000;-1;-1;-0.0049;-0.0012;-0.0012;-0.0000;-0.0000;0.0000;-0.0000;11385
1649.0;0.0000;0.0000;-0.0014;0.0000;-1;-1;-0.0049;-0.0012;-0.0012;-0.0000;-0.0000;0.0000;-0.0000;11385
1649.5;0.0000;0.0000;-0.0014;0.0000;-1;-1;-0.0049;-0.0012;-0.0012;-0.0000;-0.0000;0.0000;-0.0000;11385
1650.0;0.0000;0.0000;-0.0041;0.0000;-1;-1;-0.0049;-0.0012;-0.0012;-0.0000;-0.0000;0.0000;-0.0000;11385
1650.5;0.0000;0.0000;-0.0041;0.0000;-1;-1;-0.0049;-0.0012;-0.0012;-0.0000;-0.0000;0.0000;-0.0000;11385
1651.0;0.0000;0.0000;-0.0027;0.0000;-1;-1;-0.0049;-0.0012;-0.0012;-0.0000;-0.0000;0.0000;-0.0000;11385
1651.5;0.0000;0.0000;0.0014;0.0000;-1;-1;-0.0049;-0.0012;-0.0012;-0.0000;-0.0000;0.0000;-0.0000;11385
1652.0;0.0000;0.0000;0.0014;0.0000;-1;-1;-0.0049;-0.0012;-0.0012;-0.0000;-0.0000;0.0000;-0.0000;11333
1652.5;0.0000;0.0000;-0.0069;0.0000;-1;-1;-0.0049;-0.0012;-0.0012;-0.0000;-0.0000;0.0000;-0.0000;11333
1653.0;0.0000;0.0000;-0.0082;0.0000;-1;-1;-0.0049;-0.0012;-0.0012;-0.0000;-0.0000;0.0000;-0.0000;11333
1653.5;0.0000;0.0000;-0.0110;0.0000;-1;-1;-0.0049;-0.0012;-0.0012;-0.0000;-0.0000;0.0000;-0.0000;11333
1654.0;0.0000;0.0000;-0.0137;0.0000;-1;-1;-0.0049;-0.0012;-0.0012;-0.0000;-0.0000;0.0000;-0.0000;11333
1654.5;0.0000;0.0000;-0.0151;0.0000;-1;-1;-0.0049;-0.0012;-0.0012;-0.0000;-0.0000;0.0000;-0.0000;11333
1655.0;0.0000;0.0000;-0.0082;0.0000;-1;-1;-0.0049;-0.0012;-0.0012;-0.0000;-0.0000;0.0000;-0.0000;11333
1655.5;0.0000;0.0000;-0.0137;0.0000;-1;-1;-0.0049;-0.0012;-0.0012;-0.0000;-0.0000;0.0000;-0.0000;11333
1656.0;0.0000;0.0000;-0.0192;0.0000;-1;-1;-0.0049;-0.0012;-0.0012;-0.0000;-0.0000;0.0000;-0.0000;11333
1656.5;0.0000;0.0000;-0.0165;0.0000;-1;-1;-0.0049;-0.0012;-0.0012;-0.0000;-0.0000;0.0000;-0.0000;11333
1657.0;0.0000;0.0000;-0.0110;0.0000;-1;-1;-0.0049;-0.0012;-0.0012;-0.0000;-0.0000;0.0000;-0.0000;11333
1657.5;0.0000;0.0000;-0.0096;0.0000;-1;-1;-0.0049;-0.0012;-0.0012;-0.0000;-0.0000;0.0000;-0.0000;11333
1658.0;0.0000;0.0000;-0.0027;0.0000;-1;-1;-0.0049;-0.0012;-0.0012;-0.0000;-0.0000;0.0000;-0.0000;11333
1658.5;0.0000;0.0000;0.0069;0.0000;-1;-1;-0.0049;-0.0012;-0.0012;-0.0000;-0.0000;0.0000;-0.0000;11333
1659.0;0.0000;0.0000;-0.0014;0.0000;-1;-1;-0.0049;-0.0012;-0.0012;-0.0000;-0.0000;0.0000;-0.0000;11385
1659.5;0.0000;0.0000;0.0000;0.0000;-1;-1;-0.0049;-0.0012;-0.0012;-0.0000;-0.0000;0.0000;-0.0000;11385
1660.0;0.0000;0.0000;0.0014;0.0000;-1;-1;-0.0049;-0.0012;-0.0012;-0.0000;-0.0000;0.0000;-0.0000;11385
1660.5;0.0000;0.0000;0.0069;0.0000;-1;-1;-0.0049;-0.0012;-0.0012;-0.0000;-0.0000;0.0000;-0.0000;11385
1661.0;0.0000;0.0000;0.0055;0.0000;-1;-1;-0.0049;-0.0012;-0.0012;-0.0000;-0.0000;0.0000;-0.0000;11385
1661.5;0.0000;0.0000;0.0082;0.0000;-1;-1;-0.0049;-0.0012;-0.0012;-0.0000;-0.0000;0.0000;-0.0000;11385
1662.0;0.0000;0.0000;0.0041;0.0000;-1;-1;-0.0049;-0.0012;-0.0012;-0.0000;-0.0000;0.0000;-0.0000;11385
1662.5;0.0000;0.0000;0.0000;0.0000;-1;-1;-0.0049;-0.0012;-0.0012;-0.0000;-0.0000;0.0000;-0.0000;11385
1663.0;0.0000;0.0000;-0.0014;0.0000;-1;-1;-0.0049;-0.0012;-0.0012;-0.0000;-0.0000;0.0000;-0.0000;11385
1663.5;0.0000;0.0000;0.0014;0.0000;-1;-1;-0.0049;-0.0012;-0.0012;-0.0000;-0.0000;0.0000;-0.0000;11333
1664.0;0.0000;0.0000;-0.0041;0.0000;-1;-1;-0.0049;-0.0012;-0.0012;-0.0000;-0.0000;0.0000;-0.0000;11333
1664.5;0.0000;0.0000;0.0014;0.0000;-1;-1;-0.0049;-0.0012;-0.0012;-0.0000;-0.0000;0.0000;-0.0000;11333
1665.0;0.0000;0.0000;-0.0027;0.0000;-1;-1;-0.0049;-0.0012;-0.0012;-0.0000;-0.0000;0.0000;-0.0000;11333
1665.5;0.0000;0.0000;-0.0055;0.0000;-1;-1;-0.0049;-0.0012;-0.0012;-0.0000;-0.0000;0.0000;-0.0000;11333
1666.0;0.0000;0.0000;0.0000;0.0000;-1;-1;-0.0049;-0.0012;-0.0012;-0.0000;-0.0000;0.0000;-0.0000;11333
1666.5;0.0000;0.0000;-0.0027;0.0000;-1;-1;-0.0049;-0.0012;-0.0012;-0.0000;-0.0000;0.0000;-0.0000;11333
1667.0;0.0000;0.0000;-0.0014;0.0000;-1;-1;-0.0049;-0.0012;-0.0012;-0.0000;-0.0000;0.0000;-0.0000;11333
1667.5;0.0000;0.0000;-0.0014;0.0000;-1;-1;-0.0049;-0.0012;-0.0012;-0.0000;-0.0000;0.0000;-0.0000;11333
1668.0;0.0000;0.0000;0.0041;0.0000;-1;-1;-0.0049;-0.0012;-0.0012;-0.0000;-0.0000;0.0000;-0.0000;11333
1668.5;0.0000;0.0000;-0.0027;0.0000;-1;-1;-0.0049;-0.0012;-0.0012;-0.0000;-0.0000;0.0000;-0.0000;11333
1669.0;0.0000;0.0000;-0.0041;0.0000;-1;-1;-0.0049;-0.0012;-0.0012;-0.0000;-0.0000;0.0000;-0.0000;11333
1669.5;0.0000;0.0000;0.0027;0.0000;-1;-1;-0.0049;-0.0012;-0.0012;-0.0000;-0.0000;0.0000;-0.0000;11333
1670.0;0.0000;0.0000;0.0082;0.0000;-1;-1;-0.0049;-0.0012;-0.0012;-0.0000;-0.0000;0.0000;-0.0000;11385
1670.5;0.0000;0.0000;-0.0041;0.0000;-1;-1;-0.0049;-0.0012;-0.0012;-0.0000;-0.0000;0.0000;-0.0000;11385
1671.0;0.0000;0.0000;-0.0055;0.0000;-1;-1;-0.0049;-0.0012;-0.0012;-0.0000;-0.0000;0.0000;-0.0000;11385
1671.5;0.0000;0.0000;-0.0124;0.0000;-1;-1;-0.0049;-0.0012;-0.0012;-0.0000;-0.0000;0.0000;-0.0000;11385
1672.0;0.0000;0.0000;-0.0041;0.0000;-1;-1;-0.0049;-0.0012;-0.0012;-0.0000;-0.0000;0.0000;-0.0000;11385
1672.5;0.0000;0.0000;-0.0124;0.0000;-1;-1;-0.0049;-0.0012;-0.0012;-0.0000;-0.0000;0.0000;-0.0000;11385
1673.0;0.0000;0.0000;-0.0027;0.0000;-1;-1;-0.0049;-0.0012;-0.0012;-0.0000;-0.0000;0.0000;-0.0000;11385
1673.5;0.0000;0.0000;0.0027;0.0000;-1;-1;-0.0049;-0.0012;-0.0012;-0.0000;-0.0000;0.0000;-0.0000;11385
1674.0;0.0000;0.0000;0.0027;0.0000;-1;-1;-0.0049;-0.0012;-0.0012;-0.0000;-0.0000;0.0000;-0.0000;11385
1674.5;0.0000;0.0000;0.0137;0.0000;-1;-1;-0.0049;-0.0012;-0.0012;-0.0000;-0.0000;0.0000;-0.0000;11333
1675.0;0.0000;0.0000;0.0082;0.0000;-1;-1;-0.0049;-0.0012;-0.0012;-0.0000;-0.0000;0.0000;-0.0000;11333
1675.5;0.0000;0.0000;0.0041;0.0000;-1;-1;-0.0049;-0.0012;-0.0012;-0.0000;-0.0000;0.0000;-0.0000;11333
1676.0;0.0000;0.0000;0.0000;0.0000;-1;-1;-0.0049;-0.0012;-0.0012;-0.0000;-0.0000;0.0000;-0.0000;11333
1676.5;0.0000;0.0000;0.0027;0.0000;-1;-1;-0.0049;-0.0012;-0.0012;-0.0000;-0.0000;0.0000;-0.0000;11333
1677.0;0.0000;0.0000;0.0000;0.0000;-1;-1;-0.0049;-0.0012;-0.0012;-0.0000;-0.0000;0.0000;-0.0000;11333
1677.5;0.0000;0.0000;-0.0027;0.0000;-1;-1;-0.0049;-0.0012;-0.0012;-0.0000;-0.0000;0.0000;-0.0000;11333
1678.0;0.0000;0.0000;0.0000;0.0000;-1;-1;-0.0049;-0.0012;-0.0012;-0.0000;-0.0000;0.0000;-0.0000;11333
1678.5;0.0000;0.0000;-0.0055;0.0000;-1;-1;-0.0049;-0.0012;-0.0012;-0.0000;-0.0000;0.0000;-0.0000;11333
1679.0;0.0000;0.0000;-0.0055;0.0000;-1;-1;-0.0049;-0.0012;-0.0012;-0.0000;-0.0000;0.0000;-0.0000;11333
1679.5;0.0000;0.0000;-0.0055;0.0000;-1;-1;-0.0049;-0.0012;-0.0012;-0.0000;-0.0000;0.0000;-0.0000;11333
1680.0;0.0000;0.0000;-0.0014;0.0000;-1;-1;-0.0049;-0.0012;-0.0012;-0.0000;-0.0000;0.0000;-0.0000;11333
1680.5;0.0000;0.0000;-0.0041;0.0000;-1;-1;-0.0049;-0.0012;-0.0012;-0.0000;-0.0000;0.0000;-0.0000;11333
1681.0;0.0000;0.0000;-0.0014;0.0000;-1;-1;-0.0049;-0.0012;-0.0012;-0.0000;-0.0000;0.0000;-0.0000;11333
1681.5;0.0000;0.0000;-0.0082;0.0000;-1;-1;-0.0049;-0.0012;-0.0012;-0.0000;-0.0000;0.0000;-0.0000;11385
1682.0;0.0000;0.0000;-0.0110;0.0000;-1;-1;-0.0049;-0.0012;-0.0012;-0.0000;-0.0000;0.0000;-0.0000;11385
1682.5;0.0000;0.0000;-0.0041;0.0000;-1;-1;-0.0049;-0.0012;-0.0012;-0.0000;-0.0000;0.0000;-0.0000;11385
1683.0;0.0000;0.0000;0.0027;0.0000;-1;-1;-0.0049;-0.0012;-0.0012;-0.0000;-0.0000;0.0000;-0.0000;11385
1683.5;0.0000;0.0000;-0.0041;0.0000;-1;-1;-0.0049;-0.0012;-0.0012;-0.0000;-0.0000;0.0000;-0.0000;11385
1684.0;0.0000;0.0000;-0.0041;0.0000;-1;-1;-0.0049;-0.0012;-0.0012;-0.0000;-0.0000;0.0000;-0.0000;11385
1684.5;0.0000;0.0000;-0.0082;0.0000;-1;-1;-0.0049;-0.0012;-0.0012;-0.0000;-0.0000;0.0000;-0.0000;11385
1685.0;0.0000;0.0000;-0.0069;0.0000;-1;-1;-0.0049;-0.0012;-0.0012;-0.0000;-0.0000;0.0000;-0.0000;11385
1685.5;0.0000;0.0000;-0.0014;0.0000;-1;-1;-0.0049;-0.0012;-0.0012;-0.0000;-0.0000;0.0000;-0.0000;11385
1686.0;0.0000;0.0000;0.0000;0.0000;-1;-1;-0.0049;-0.0012;-0.0012;-0.0000;-0.0000;0.0000;-0.0000;11333
1686.5;0.0000;0.0000;0.0027;0.0000;-1;-1;-0.0049;-0.0012;-0.0012;-0.0000;-0.0000;0.0000;-0.0000;11333
1687.0;0.0000;0.0000;-0.0069;0.0000;-1;-1;-0.0049;-0.0012;-0.0012;-0.0000;-0.0000;0.0000;-0.0000;11333
1687.5;0.0000;0.0000;-0.0082;0.0000;-1;-1;-0.0049;-0.0012;-0.0012;-0.0000;-0.0000;0.0000;-0.0000;11333
1688.0;0.0000;0.0000;0.0014;0.0000;-1;-1;-0.0049;-0.0012;-0.0012;-0.0000;-0.0000;0.0000;-0.0000;11333
1688.5;0.0000;0.0000;-0.0027;0.0000;-1;-1;-0.0049;-0.0012;-0.0012;-0.0000;-0.0000;0.0000;-0.0000;11333
1689.0;0.0000;0.0000;0.0041;0.0000;-1;-1;-0.0049;-0.0012;-0.0012;-0.0000;-0.0000;0.0000;-0.0000;11333
1689.5;0.0000;0.0000;0.0069;0.0000;-1;-1;-0.0049;-0.0012;-0.0012;-0.0000;-0.0000;0.0000;-0.0000;11333
1690.0;0.0000;0.0000;0.0055;0.0000;-1;-1;-0.0049;-0.0012;-0.0012;-0.0000;-0.0000;0.0000;-0.0000;11333
1690.5;0.0000;0.0000;0.0041;0.0000;-1;-1;-0.0049;-0.0012;-0.0012;-0.0000;-0.0000;0.0000;-0.0000;11333
1691.0;0.0000;0.0000;0.0055;0.0000;-1;-1;-0.0049;-0.0012;-0.0012;-0.0000;-0.0000;0.0000;-0.0000;11333
1691.5;0.0000;0.0000;0.0041;0.0000;-1;-1;-0.0049;-0.0012;-0.0012;-0.0000;-0.0000;0.0000;-0.0000;11333
1692.0;0.0000;0.0000;0.0000;0.0000;-1;-1;-0.0049;-0.0012;-0.0012;-0.0000;-0.0000;0.0000;-0.0000;11333
1692.5;0.0000;0.0000;-0.0069;0.0000;-1;-1;-0.0049;-0.0012;-0.0012;-0.0000;-0.0000;0.0000;-0.0000;11385
1693.0;0.0000;0.0000;0.0000;0.0000;-1;-1;-0.0049;-0.0012;-0.0012;-0.0000;-0.0000;0.0000;-0.0000;11385
1693.5;0.0000;0.0000;-0.0027;0.0000;-1;-1;-0.0049;-0.0012;-0.0012;-0.0000;-0.0000;0.0000;-0.0000;11385
1694.0;0.0000;0.0000;-0.0055;0.0000;-1;-1;-0.0049;-0.0012;-0.0012;-0.0000;-0.0000;0.0000;-0.0000;11385
1694.5;0.0000;0.0000;-0.0041;0.0000;-1;-1;-0.0049;-0.0012;-0.0012;-0.0000;-0.0000;0.0000;-0.0000;11385
1695.0;0.0000;0.0000;-0.0027;0.0000;-1;-1;-0.0049;-0.0012;-0.0012;-0.0000;-0.0000;0.0000;-0.0000;11385
1695.5;0.0000;0.0000;-0.0069;0.0000;-1;-1;-0.0049;-0.0012;-0.0012;-0.0000;-0.0000;0.0000;-0.0000;11385
1696.0;0.0000;0.0000;-0.0165;0.0000;-1;-1;-0.0049;-0.0012;-0.0012;-0.0000;-0.0000;0.0000;-0.0000;11385
1696.5;0.0000;0.0000;-0.0082;0.0000;-1;-1;-0.0049;-0.0012;-0.0012;-0.0000;-0.0000;0.0000;-0.0000;11385
1697.0;0.0000;0.0000;-0.0069;0.0000;-1;-1;-0.0049;-0.0012;-0.0012;-0.0000;-0.0000;0.0000;-0.0000;11385
1697.5;0.0000;0.0000;0.0000;0.0000;-1;-1;-0.0049;-0.0012;-0.0012;-0.0000;-0.0000;0.0000;-0.0000;11333
1698.0;0.0000;0.0000;-0.0014;0.0000;-1;-1;-0.0049;-0.0012;-0.0012;-0.0000;-0.0000;0.0000;-0.0000;11333
1698.5;0.0000;0.0000;0.0027;0.0000;-1;-1;-0.0049;-0.0012;-0.0012;-0.0000;-0.0000;0.0000;-0.0000;11333
1699.0;0.0000;0.0000;0.0041;0.0000;-1;-1;-0.0049;-0.0012;-0.0012;-0.0000;-0.0000;0.0000;-0.0000;11333
1699.5;0.0000;0.0000;0.0096;0.0000;-1;-1;-0.0049;-0.0012;-0.0012;-0.0000;-0.0000;0.0000;-0.0000;11333
1700.0;0.0000;0.0000;0.0027;0.0000;-1;-1;-0.0049;-0.0012;-0.0012;-0.0000;-0.0000;0.0000;-0.0000;11333
1700.5;0.0000;0.0000;0.0014;0.0000;-1;-1;-0.0049;-0.0012;-0.0012;-0.0000;-0.0000;0.0000;-0.0000;11333
1701.0;0.0000;0.0000;-0.0027;0.0000;-1;-1;-0.0049;-0.0012;-0.0012;-0.0000;-0.0000;0.0000;-0.0000;11333
1701.5;0.0000;0.0000;-0.0124;0.0000;-1;-1;-0.0049;-0.0012;-0.0012;-0.0000;-0.0000;0.0000;-0.0000;11333
1702.0;0.0000;0.0000;-0.0027;0.0000;-1;-1;-0.0049;-0.0012;-0.0012;-0.0000;-0.0000;0.0000;-0.0000;11333
1702.5;0.0000;0.0000;0.0000;0.0000;-1;-1;-0.0049;-0.0012;-0.0012;-0.0000;-0.0000;0.0000;-0.0000;11333
1703.0;0.0000;0.0000;0.0041;0.0000;-1;-1;-0.0049;-0.0012;-0.0012;-0.0000;-0.0000;0.0000;-0.0000;11333
1703.5;0.0000;0.0000;0.0041;0.0000;-1;-1;-0.0049;-0.0012;-0.0012;-0.0000;-0.0000;0.0000;-0.0000;11333
1704.0;0.0000;0.0000;-0.0014;0.0000;-1;-1;-0.0049;-0.0012;-0.0012;-0.0000;-0.0000;0.0000;-0.0000;11385
1704.5;0.0000;0.0000;0.0014;0.0000;-1;-1;-0.0049;-0.0012;-0.0012;-0.0000;-0.0000;0.0000;-0.0000;11385
1705.0;0.0000;0.0000;0.0027;0.0000;-1;-1;-0.0049;-0.0012;-0.0012;-0.0000;-0.0000;0.0000;-0.0000;11385
1705.5;0.0000;0.0000;0.0041;0.0000;-1;-1;-0.0049;-0.0012;-0.0012;-0.0000;-0.0000;0.0000;-0.0000;11385
1706.0;0.0000;0.0000;-0.0041;0.0000;-1;-1;-0.0049;-0.0012;-0.0012;-0.0000;-0.0000;0.0000;-0.0000;11385
1706.5;0.0000;0.0000;-0.0082;0.0000;-1;-1;-0.0049;-0.0012;-0.0012;-0.0000;-0.0000;0.0000;-0.0000;11385
1707.0;0.0000;0.0000;-0.0110;0.0000;-1;-1;-0.0049;-0.0012;-0.0012;-0.0000;-0.0000;0.0000;-0.0000;11385
1707.5;0.0000;0.0000;-0.0124;0.0000;-1;-1;-0.0049;-0.0012;-0.0012;-0.0000;-0.0000;0.0000;-0.0000;11385
1708.0;0.0000;0.0000;-0.0096;0.0000;-1;-1;-0.0049;-0.0012;-0.0012;-0.0000;-0.0000;0.0000;-0.0000;11385
1708.5;0.0000;0.0000;-0.0110;0.0000;-1;-1;-0.0049;-0.0012;-0.0012;-0.0000;-0.0000;0.0000;-0.0000;11333
1709.0;0.0000;0.0000;-0.0124;0.0000;-1;-1;-0.0049;-0.0012;-0.0012;-0.0000;-0.0000;0.0000;-0.0000;11333
1709.5;0.0000;0.0000;-0.0096;0.0000;-1;-1;-0.0049;-0.0012;-0.0012;-0.0000;-0.0000;0.0000;-0.0000;11333
1710.0;0.0000;0.0000;-0.0041;0.0000;-1;-1;-0.0049;-0.0012;-0.0012;-0.0000;-0.0000;0.0000;-0.0000;11333
1710.5;0.0000;0.0000;-0.0027;0.0000;-1;-1;-0.0049;-0.0012;-0.0012;-0.0000;-0.0000;0.0000;-0.0000;11333
1711.0;0.0000;0.0000;-0.0027;0.0000;-1;-1;-0.0049;-0.0012;-0.0012;-0.0000;-0.0000;0.0000;-0.0000;11333
1711.5;0.0000;0.0000;-0.0041;0.0000;-1;-1;-0.0049;-0.0012;-0.0012;-0.0000;-0.0000;0.0000;-0.0000;11333
1712.0;0.0000;0.0000;-0.0041;0.0000;-1;-1;-0.0049;-0.0012;-0.0012;-0.0000;-0.0000;0.0000;-0.0000;11333
1712.5;0.0000;0.0000;0.0027;0.0000;-1;-1;-0.0049;-0.0012;-0.0012;-0.0000;-0.0000;0.0000;-0.0000;11333
1713.0;0.0000;0.0000;0.0055;0.0000;-1;-1;-0.0049;-0.0012;-0.0012;-0.0000;-0.0000;0.0000;-0.0000;11333
1713.5;0.0000;0.0000;0.0096;0.0000;-1;-1;-0.0049;-0.0012;-0.0012;-0.0000;-0.0000;0.0000;-0.0000;11333
1714.0;0.0000;0.0000;0.0151;0.0000;-1;-1;-0.0049;-0.0012;-0.0012;-0.0000;-0.0000;0.0000;-0.0000;11333
1714.5;0.0000;0.0000;0.0179;0.0000;-1;-1;-0.0049;-0.0012;-0.0012;-0.0000;-0.0000;0.0000;-0.0000;11333
1715.0;0.0000;0.0000;0.0096;0.0000;-1;-1;-0.0049;-0.0012;-0.0012;-0.0000;-0.0000;0.0000;-0.0000;11333
1715.5;0.0000;0.0000;0.0082;0.0000;-1;-1;-0.0049;-0.0012;-0.0012;-0.0000;-0.0000;0.0000;-0.0000;11385
1716.0;0.0000;0.0000;0.0082;0.0000;-1;-1;-0.0049;-0.0012;-0.0012;-0.0000;-0.0000;0.0000;-0.0000;11385
1716.5;0.0000;0.0000;-0.0069;0.0000;-1;-1;-0.0049;-0.0012;-0.0012;-0.0000;-0.0000;0.0000;-0.0000;11385
1717.0;0.0000;0.0000;0.0027;0.0000;-1;-1;-0.0049;-0.0012;-0.0012;-0.0000;-0.0000;0.0000;-0.0000;11385
1717.5;0.0000;0.0000;0.0000;0.0000;-1;-1;-0.0049;-0.0012;-0.0012;-0.0000;-0.0000;0.0000;-0.0000;11385
1718.0;0.0000;0.0000;0.0014;0.0000;-1;-1;-0.0049;-0.0012;-0.0012;-0.0000;-0.0000;0.0000;-0.0000;11385
1718.5;0.0000;0.0000;0.0000;0.0000;-1;-1;-0.0049;-0.0012;-0.0012;-0.0000;-0.0000;0.0000;-0.0000;11385
1719.0;0.0000;0.0000;0.0027;0.0000;-1;-1;-0.0049;-0.0012;-0.0012;-0.0000;-0.0000;0.0000;-0.0000;11385
1719.5;0.0000;0.0000;-0.0055;0.0000;-1;-1;-0.0049;-0.0012;-0.0012;-0.0000;-0.0000;0.0000;-0.0000;11385
1720.0;0.0000;0.0000;0.0041;0.0000;-1;-1;-0.0049;-0.0012;-0.0012;-0.0000;-0.0000;0.0000;-0.0000;11333
1720.5;0.0000;0.0000;0.0041;0.0000;-1;-1;-0.0049;-0.0012;-0.0012;-0.0000;-0.0000;0.0000;-0.0000;11333
1721.0;0.0000;0.0000;-0.0014;0.0000;-1;-1;-0.0049;-0.0012;-0.0012;-0.0000;-0.0000;0.0000;-0.0000;11333
1721.5;0.0000;0.0000;-0.0014;0.0000;-1;-1;-0.0049;-0.0012;-0.0012;-0.0000;-0.0000;0.0000;-0.0000;11333
1722.0;0.0000;0.0000;-0.0027;0.0000;-1;-1;-0.0049;-0.0012;-0.0012;-0.0000;-0.0000;0.0000;-0.0000;11333
1722.5;0.0000;0.0000;-0.0055;0.0000;-1;-1;-0.0049;-0.0012;-0.0012;-0.0000;-0.0000;0.0000;-0.0000;11333
1723.0;0.0000;0.0000;-0.0069;0.0000;-1;-1;-0.0049;-0.0012;-0.0012;-0.0000;-0.0000;0.0000;-0.0000;11333
1723.5;0.0000;0.0000;-0.0124;0.0000;-1;-1;-0.0049;-0.0012;-0.0012;-0.0000;-0.0000;0.0000;-0.0000;11333
1724.0;0.0000;0.0000;-0.0096;0.0000;-1;-1;-0.0049;-0.0012;-0.0012;-0.0000;-0.0000;0.0000;-0.0000;11333
1724.5;0.0000;0.0000;-0.0110;0.0000;-1;-1;-0.0049;-0.0012;-0.0012;-0.0000;-0.0000;0.0000;-0.0000;11333
1725.0;0.0000;0.0000;-0.0055;0.0000;-1;-1;-0.0049;-0.0012;-0.0012;-0.0000;-0.0000;0.0000;-0.0000;11333
1725.5;0.0000;0.0000;0.0014;0.0000;-1;-1;-0.0049;-0.0012;-0.0012;-0.0000;-0.0000;0.0000;-0.0000;11333
1726.0;0.0000;0.0000;0.0055;0.0000;-1;-1;-0.0049;-0.0012;-0.0012;-0.0000;-0.0000;0.0000;-0.0000;11333
1726.5;0.0000;0.0000;0.0069;0.0000;-1;-1;-0.0049;-0.0012;-0.0012;-0.0000;-0.0000;0.0000;-0.0000;11385
1727.0;0.0000;0.0000;0.0069;0.0000;-1;-1;-0.0049;-0.0012;-0.0012;-0.0000;-0.0000;0.0000;-0.0000;11385
1727.5;0.0000;0.0000;0.0096;0.0000;-1;-1;-0.0049;-0.0012;-0.0012;-0.0000;-0.0000;0.0000;-0.0000;11385
1728.0;0.0000;0.0000;0.0082;0.0000;-1;-1;-0.0049;-0.0012;-0.0012;-0.0000;-0.0000;0.0000;-0.0000;11385
1728.5;0.0000;0.0000;0.0124;0.0000;-1;-1;-0.0049;-0.0012;-0.0012;-0.0000;-0.0000;0.0000;-0.0000;11385
1729.0;0.0000;0.0000;0.0069;0.0000;-1;-1;-0.0049;-0.0012;-0.0012;-0.0000;-0.0000;0.0000;-0.0000;11385
1729.5;0.0000;0.0000;0.0096;0.0000;-1;-1;-0.0049;-0.0012;-0.0012;-0.0000;-0.0000;0.0000;-0.0000;11385
1730.0;0.0000;0.0000;0.0000;0.0000;-1;-1;-0.0049;-0.0012;-0.0012;-0.0000;-0.0000;0.0000;-0.0000;11385
1730.5;0.0000;0.0000;0.0082;0.0000;-1;-1;-0.0049;-0.0012;-0.0012;-0.0000;-0.0000;0.0000;-0.0000;11385
1731.0;0.0000;0.0000;0.0014;0.0000;-1;-1;-0.0049;-0.0012;-0.0012;-0.0000;-0.0000;0.0000;-0.0000;11333
1731.5;0.0000;0.0000;0.0055;0.0000;-1;-1;-0.0049;-0.0012;-0.0012;-0.0000;-0.0000;0.0000;-0.0000;11333
1732.0;0.0000;0.0000;-0.0082;0.0000;-1;-1;-0.0049;-0.0012;-0.0012;-0.0000;-0.0000;0.0000;-0.0000;11333
1732.5;0.0000;0.0000;-0.0014;0.0000;-1;-1;-0.0049;-0.0012;-0.0012;-0.0000;-0.0000;0.0000;-0.0000;11333
1733.0;0.0000;0.0000;-0.0014;0.0000;-1;-1;-0.0049;-0.0012;-0.0012;-0.0000;-0.0000;0.0000;-0.0000;11333
1733.5;0.0000;0.0000;0.0041;0.0000;-1;-1;-0.0049;-0.0012;-0.0012;-0.0000;-0.0000;0.0000;-0.0000;11333
1734.0;0.0000;0.0000;-0.0014;0.0000;-1;-1;-0.0049;-0.0012;-0.0012;-0.0000;-0.0000;0.0000;-0.0000;11333
1734.5;0.0000;0.0000;-0.0027;0.0000;-1;-1;-0.0049;-0.0012;-0.0012;-0.0000;-0.0000;0.0000;-0.0000;11333
1735.0;0.0000;0.0000;0.0000;0.0000;-1;-1;-0.0049;-0.0012;-0.0012;-0.0000;-0.0000;0.0000;-0.0000;11333
1735.5;0.0000;0.0000;-0.0069;0.0000;-1;-1;-0.0049;-0.0012;-0.0012;-0.0000;-0.0000;0.0000;-0.0000;11333
1736.0;0.0000;0.0000;-0.0014;0.0000;-1;-1;-0.0049;-0.0012;-0.0012;-0.0000;-0.0000;0.0000;-0.0000;11333
1736.5;0.0000;0.0000;-0.0027;0.0000;-1;-1;-0.0049;-0.0012;-0.0012;-0.0000;-0.0000;0.0000;-0.0000;11333
1737.0;0.0000;0.0000;0.0027;0.0000;-1;-1;-0.0049;-0.0012;-0.0012;-0.0000;-0.0000;0.0000;-0.0000;11333
1737.5;0.0000;0.0000;0.0000;0.0000;-1;-1;-0.0049;-0.0012;-0.0012;-0.0000;-0.0000;0.0000;-0.0000;11333
1738.0;0.0000;0.0000;0.0069;0.0000;-1;-1;-0.0049;-0.0012;-0.0012;-0.0000;-0.0000;0.0000;-0.0000;11385
1738.5;0.0000;0.0000;0.0124;0.0000;-1;-1;-0.0049;-0.0012;-0.0012;-0.0000;-0.0000;0.0000;-0.0000;11385
1739.0;0.0000;0.0000;0.0082;0.0000;-1;-1;-0.0049;-0.0012;-0.0012;-0.0000;-0.0000;0.0000;-0.0000;11385
1739.5;0.0000;0.0000;0.0082;0.0000;-1;-1;-0.0049;-0.0012;-0.0012;-0.0000;-0.0000;0.0000;-0.0000;11385
1740.0;0.0000;0.0000;0.0055;0.0000;-1;-1;-0.0049;-0.0012;-0.0012;-0.0000;-0.0000;0.0000;-0.0000;11385
1740.5;0.0000;0.0000;0.0110;0.0000;-1;-1;-0.0049;-0.0012;-0.0012;-0.0000;-0.0000;0.0000;-0.0000;11385
1741.0;0.0000;0.0000;0.0096;0.0000;-1;-1;-0.0049;-0.0012;-0.0012;-0.0000;-0.0000;0.0000;-0.0000;11385
1741.5;0.0000;0.0000;0.0069;0.0000;-1;-1;-0.0049;-0.0012;-0.0012;-0.0000;-0.0000;0.0000;-0.0000;11385
1742.0;0.0000;0.0000;0.0069;0.0000;-1;-1;-0.0049;-0.0012;-0.0012;-0.0000;-0.0000;0.0000;-0.0000;11385
1742.5;0.0000;0.0000;0.0041;0.0000;-1;-1;-0.0049;-0.0012;-0.0012;-0.0000;-0.0000;0.0000;-0.0000;11333
1743.0;0.0000;0.0000;0.0041;0.0000;-1;-1;-0.0049;-0.0012;-0.0012;-0.0000;-0.0000;0.0000;-0.0000;11333
1743.5;0.0000;0.0000;0.0000;0.0000;-1;-1;-0.0049;-0.0012;-0.0012;-0.0000;-0.0000;0.0000;-0.0000;11333
1744.0;0.0000;0.0000;-0.0055;0.0000;-1;-1;-0.0049;-0.0012;-0.0012;-0.0000;-0.0000;0.0000;-0.0000;11333
1744.5;0.0000;0.0000;0.0000;0.0000;-1;-1;-0.0049;-0.0012;-0.0012;-0.0000;-0.0000;0.0000;-0.0000;11333
1745.0;0.0000;0.0000;-0.0041;0.0000;-1;-1;-0.0049;-0.0012;-0.0012;-0.0000;-0.0000;0.0000;-0.0000;11333
1745.5;0.0000;0.0000;-0.0041;0.0000;-1;-1;-0.0049;-0.0012;-0.0012;-0.0000;-0.0000;0.0000;-0.0000;11333
1746.0;0.0000;0.0000;-0.0096;0.0000;-1;-1;-0.0049;-0.0012;-0.0012;-0.0000;-0.0000;0.0000;-0.0000;11333
1746.5;0.0000;0.0000;-0.0082;0.0000;-1;-1;-0.0049;-0.0012;-0.0012;-0.0000;-0.0000;0.0000;-0.0000;11333
1747.0;0.0000;0.0000;-0.0110;0.0000;-1;-1;-0.0049;-0.0012;-0.0012;-0.0000;-0.0000;0.0000;-0.0000;11333
1747.5;0.0000;0.0000;-0.0096;0.0000;-1;-1;-0.0049;-0.0012;-0.0012;-0.0000;-0.0000;0.0000;-0.0000;11333
1748.0;0.0000;0.0000;-0.0096;0.0000;-1;-1;-0.0049;-0.0012;-0.0012;-0.0000;-0.0000;0.0000;-0.0000;11333
1748.5;0.0000;0.0000;-0.0124;0.0000;-1;-1;-0.0049;-0.0012;-0.0012;-0.0000;-0.0000;0.0000;-0.0000;11333
1749.0;0.0000;0.0000;-0.0096;0.0000;-1;-1;-0.0049;-0.0012;-0.0012;-0.0000;-0.0000;0.0000;-0.0000;11333
1749.5;0.0000;0.0000;-0.0137;0.0000;-1;-1;-0.0049;-0.0012;-0.0012;-0.0000;-0.0000;0.0000;-0.0000;11385
1750.0;0.0000;0.0000;-0.0069;0.0000;-1;-1;-0.0049;-0.0012;-0.0012;-0.0000;-0.0000;0.0000;-0.0000;11385
1750.5;0.0000;0.0000;0.0027;0.0000;-1;-1;-0.0049;-0.0012;-0.0012;-0.0000;-0.0000;0.0000;-0.0000;11385
1751.0;0.0000;0.0000;0.0041;0.0000;-1;-1;-0.0049;-0.0012;-0.0012;-0.0000;-0.0000;0.0000;-0.0000;11385
1751.5;0.0000;0.0000;0.0110;0.0000;-1;-1;-0.0049;-0.0012;-0.0012;-0.0000;-0.0000;0.0000;-0.0000;11385
1752.0;0.0000;0.0000;0.0069;0.0000;-1;-1;-0.0049;-0.0012;-0.0012;-0.0000;-0.0000;0.0000;-0.0000;11385
1752.5;0.0000;0.0000;0.0027;0.0000;-1;-1;-0.0049;-0.0012;-0.0012;-0.0000;-0.0000;0.0000;-0.0000;11385
1753.0;0.0000;0.0000;0.0041;0.0000;-1;-1;-0.0049;-0.0012;-0.0012;-0.0000;-0.0000;0.0000;-0.0000;11385
1753.5;0.0000;0.0000;0.0014;0.0000;-1;-1;-0.0049;-0.0012;-0.0012;-0.0000;-0.0000;0.0000;-0.0000;11385
1754.0;0.0000;0.0000;-0.0041;0.0000;-1;-1;-0.0049;-0.0012;-0.0012;-0.0000;-0.0000;0.0000;-0.0000;11333
1754.5;0.0000;0.0000;-0.0041;0.0000;-1;-1;-0.0049;-0.0012;-0.0012;-0.0000;-0.0000;0.0000;-0.0000;11333
1755.0;0.0000;0.0000;-0.0055;0.0000;-1;-1;-0.0049;-0.0012;-0.0012;-0.0000;-0.0000;0.0000;-0.0000;11333
1755.5;0.0000;0.0000;-0.0069;0.0000;-1;-1;-0.0049;-0.0012;-0.0012;-0.0000;-0.0000;0.0000;-0.0000;11333
1756.0;0.0000;0.0000;-0.0014;0.0000;-1;-1;-0.0049;-0.0012;-0.0012;-0.0000;-0.0000;0.0000;-0.0000;11333
1756.5;0.0000;0.0000;-0.0124;0.0000;-1;-1;-0.0049;-0.0012;-0.0012;-0.0000;-0.0000;0.0000;-0.0000;11333
1757.0;0.0000;0.0000;-0.0137;0.0000;-1;-1;-0.0049;-0.0012;-0.0012;-0.0000;-0.0000;0.0000;-0.0000;11333
1757.5;0.0000;0.0000;-0.0082;0.0000;-1;-1;-0.0049;-0.0012;-0.0012;-0.0000;-0.0000;0.0000;-0.0000;11333
1758.0;0.0000;0.0000;-0.0069;0.0000;-1;-1;-0.0049;-0.0012;-0.0012;-0.0000;-0.0000;0.0000;-0.0000;11333
1758.5;0.0000;0.0000;-0.0041;0.0000;-1;-1;-0.0049;-0.0012;-0.0012;-0.0000;-0.0000;0.0000;-0.0000;11333
1759.0;0.0000;0.0000;-0.0027;0.0000;-1;-1;-0.0049;-0.0012;-0.0012;-0.0000;-0.0000;0.0000;-0.0000;11333
1759.5;0.0000;0.0000;-0.0096;0.0000;-1;-1;-0.0049;-0.0012;-0.0012;-0.0000;-0.0000;0.0000;-0.0000;11333
1760.0;0.0000;0.0000;-0.0137;0.0000;-1;-1;-0.0049;-0.0012;-0.0012;-0.0000;-0.0000;0.0000;-0.0000;11333
1760.5;0.0000;0.0000;-0.0069;0.0000;-1;-1;-0.0049;-0.0012;-0.0012;-0.0000;-0.0000;0.0000;-0.0000;11385
1761.0;0.0000;0.0000;0.0014;0.0000;-1;-1;-0.0049;-0.0012;-0.0012;-0.0000;-0.0000;0.0000;-0.0000;11385
1761.5;0.0000;0.0000;0.0082;0.0000;-1;-1;-0.0049;-0.0012;-0.0012;-0.0000;-0.0000;0.0000;-0.0000;11385
1762.0;0.0000;0.0000;-0.0027;0.0000;-1;-1;-0.0049;-0.0012;-0.0012;-0.0000;-0.0000;0.0000;-0.0000;11385
1762.5;0.0000;0.0000;0.0014;0.0000;-1;-1;-0.0049;-0.0012;-0.0012;-0.0000;-0.0000;0.0000;-0.0000;11385
1763.0;0.0000;0.0000;0.0069;0.0000;-1;-1;-0.0049;-0.0012;-0.0012;-0.0000;-0.0000;0.0000;-0.0000;11385
1763.5;0.0000;0.0000;0.0041;0.0000;-1;-1;-0.0049;-0.0012;-0.0012;-0.0000;-0.0000;0.0000;-0.0000;11385
1764.0;0.0000;0.0000;0.0041;0.0000;-1;-1;-0.0049;-0.0012;-0.0012;-0.0000;-0.0000;0.0000;-0.0000;11385
1764.5;0.0000;0.0000;0.0027;0.0000;-1;-1;-0.0049;-0.0012;-0.0012;-0.0000;-0.0000;0.0000;-0.0000;11385
1765.0;0.0000;0.0000;0.0014;0.0000;-1;-1;-0.0049;-0.0012;-0.0012;-0.0000;-0.0000;0.0000;-0.0000;11333
1765.5;0.0000;0.0000;-0.0082;0.0000;-1;-1;-0.0049;-0.0012;-0.0012;-0.0000;-0.0000;0.0000;-0.0000;11333
1766.0;0.0000;0.0000;-0.0014;0.0000;-1;-1;-0.0049;-0.0012;-0.0012;-0.0000;-0.0000;0.0000;-0.0000;11333
1766.5;0.0000;0.0000;-0.0055;0.0000;-1;-1;-0.0049;-0.0012;-0.0012;-0.0000;-0.0000;0.0000;-0.0000;11333
1767.0;0.0000;0.0000;-0.0041;0.0000;-1;-1;-0.0049;-0.0012;-0.0012;-0.0000;-0.0000;0.0000;-0.0000;11333
1767.5;0.0000;0.0000;-0.0055;0.0000;-1;-1;-0.0049;-0.0012;-0.0012;-0.0000;-0.0000;0.0000;-0.0000;11333
1768.0;0.0000;0.0000;-0.0110;0.0000;-1;-1;-0.0049;-0.0012;-0.0012;-0.0000;-0.0000;0.0000;-0.0000;11333
1768.5;0.0000;0.0000;-0.0014;0.0000;-1;-1;-0.0049;-0.0012;-0.0012;-0.0000;-0.0000;0.0000;-0.0000;11333
1769.0;0.0000;0.0000;0.0000;0.0000;-1;-1;-0.0049;-0.0012;-0.0012;-0.0000;-0.0000;0.0000;-0.0000;11333
1769.5;0.0000;0.0000;0.0000;0.0000;-1;-1;-0.0049;-0.0012;-0.0012;-0.0000;-0.0000;0.0000;-0.0000;11333
1770.0;0.0000;0.0000;-0.0027;0.0000;-1;-1;-0.0049;-0.0012;-0.0012;-0.0000;-0.0000;0.0000;-0.0000;11333
1770.5;0.0000;0.0000;-0.0027;0.0000;-1;-1;-0.0049;-0.0012;-0.0012;-0.0000;-0.0000;0.0000;-0.0000;11333
1771.0;0.0000;0.0000;-0.0124;0.0000;-1;-1;-0.0049;-0.0012;-0.0012;-0.0000;-0.0000;0.0000;-0.0000;11333
1771.5;0.0000;0.0000;0.0000;0.0000;-1;-1;-0.0049;-0.0012;-0.0012;-0.0000;-0.0000;0.0000;-0.0000;11333
1772.0;0.0000;0.0000;0.0055;0.0000;-1;-1;-0.0049;-0.0012;-0.0012;-0.0000;-0.0000;0.0000;-0.0000;11385
1772.5;0.0000;0.0000;0.0082;0.0000;-1;-1;-0.0049;-0.0012;-0.0012;-0.0000;-0.0000;0.0000;-0.0000;11385
1773.0;0.0000;0.0000;0.0055;0.0000;-1;-1;-0.0049;-0.0012;-0.0012;-0.0000;-0.0000;0.0000;-0.0000;11385
1773.5;0.0000;0.0000;0.0082;0.0000;-1;-1;-0.0049;-0.0012;-0.0012;-0.0000;-0.0000;0.0000;-0.0000;11385
1774.0;0.0000;0.0000;0.0000;0.0000;-1;-1;-0.0049;-0.0012;-0.0012;-0.0000;-0.0000;0.0000;-0.0000;11385
1774.5;0.0000;0.0000;-0.0014;0.0000;-1;-1;-0.0049;-0.0012;-0.0012;-0.0000;-0.0000;0.0000;-0.0000;11385
1775.0;0.0000;0.0000;-0.0082;0.0000;-1;-1;-0.0049;-0.0012;-0.0012;-0.0000;-0.0000;0.0000;-0.0000;11385
1775.5;0.0000;0.0000;-0.0069;0.0000;-1;-1;-0.0049;-0.0012;-0.0012;-0.0000;-0.0000;0.0000;-0.0000;11385
1776.0;0.0000;0.0000;0.0027;0.0000;-1;-1;-0.0049;-0.0012;-0.0012;-0.0000;-0.0000;0.0000;-0.0000;11385
1776.5;0.0000;0.0000;-0.0014;0.0000;-1;-1;-0.0049;-0.0012;-0.0012;-0.0000;-0.0000;0.0000;-0.0000;11333
1777.0;0.0000;0.0000;0.0069;0.0000;-1;-1;-0.0049;-0.0012;-0.0012;-0.0000;-0.0000;0.0000;-0.0000;11333
1777.5;0.0000;0.0000;0.0055;0.0000;-1;-1;-0.0049;-0.0012;-0.0012;-0.0000;-0.0000;0.0000;-0.0000;11333
1778.0;0.0000;0.0000;-0.0041;0.0000;-1;-1;-0.0049;-0.0012;-0.0012;-0.0000;-0.0000;0.0000;-0.0000;11333
1778.5;0.0000;0.0000;-0.0014;0.0000;-1;-1;-0.0049;-0.0012;-0.0012;-0.0000;-0.0000;0.0000;-0.0000;11333
1779.0;0.0000;0.0000;-0.0027;0.0000;-1;-1;-0.0049;-0.0012;-0.0012;-0.0000;-0.0000;0.0000;-0.0000;11333
1779.5;0.0000;0.0000;-0.0082;0.0000;-1;-1;-0.0049;-0.0012;-0.0012;-0.0000;-0.0000;0.0000;-0.0000;11333
1780.0;0.0000;0.0000;-0.0137;0.0000;-1;-1;-0.0049;-0.0012;-0.0012;-0.0000;-0.0000;0.0000;-0.0000;11333
1780.5;0.0000;0.0000;-0.0124;0.0000;-1;-1;-0.0049;-0.0012;-0.0012;-0.0000;-0.0000;0.0000;-0.0000;11333
1781.0;0.0000;0.0000;-0.0082;0.0000;-1;-1;-0.0049;-0.0012;-0.0012;-0.0000;-0.0000;0.0000;-0.0000;11333
1781.5;0.0000;0.0000;-0.0014;0.0000;-1;-1;-0.0049;-0.0012;-0.0012;-0.0000;-0.0000;0.0000;-0.0000;11333
1782.0;0.0000;0.0000;-0.0041;0.0000;-1;-1;-0.0049;-0.0012;-0.0012;-0.0000;-0.0000;0.0000;-0.0000;11333
1782.5;0.0000;0.0000;0.0000;0.0000;-1;-1;-0.0049;-0.0012;-0.0012;-0.0000;-0.0000;0.0000;-0.0000;11333
1783.0;0.0000;0.0000;-0.0027;0.0000;-1;-1;-0.0049;-0.0012;-0.0012;-0.0000;-0.0000;0.0000;-0.0000;11385
1783.5;0.0000;0.0000;0.0014;0.0000;-1;-1;-0.0049;-0.0012;-0.0012;-0.0000;-0.0000;0.0000;-0.0000;11385
1784.0;0.0000;0.0000;0.0041;0.0000;-1;-1;-0.0049;-0.0012;-0.0012;-0.0000;-0.0000;0.0000;-0.0000;11385
1784.5;0.0000;0.0000;-0.0014;0.0000;-1;-1;-0.0049;-0.0012;-0.0012;-0.0000;-0.0000;0.0000;-0.0000;11385
1785.0;0.0000;0.0000;0.0014;0.0000;-1;-1;-0.0049;-0.0012;-0.0012;-0.0000;-0.0000;0.0000;-0.0000;11385
1785.5;0.0000;0.0000;-0.0014;0.0000;-1;-1;-0.0049;-0.0012;-0.0012;-0.0000;-0.0000;0.0000;-0.0000;11385
1786.0;0.0000;0.0000;0.0014;0.0000;-1;-1;-0.0049;-0.0012;-0.0012;-0.0000;-0.0000;0.0000;-0.0000;11385
1786.5;0.0000;0.0000;0.0027;0.0000;-1;-1;-0.0049;-0.0012;-0.0012;-0.0000;-0.0000;0.0000;-0.0000;11385
1787.0;0.0000;0.0000;-0.0041;0.0000;-1;-1;-0.0049;-0.0012;-0.0012;-0.0000;-0.0000;0.0000;-0.0000;11385
1787.5;0.0000;0.0000;0.0055;0.0000;-1;-1;-0.0049;-0.0012;-0.0012;-0.0000;-0.0000;0.0000;-0.0000;11333
1788.0;0.0000;0.0000;0.0069;0.0000;-1;-1;-0.0049;-0.0012;-0.0012;-0.0000;-0.0000;0.0000;-0.0000;11333
1788.5;0.0000;0.0000;0.0027;0.0000;-1;-1;-0.0049;-0.0012;-0.0012;-0.0000;-0.0000;0.0000;-0.0000;11333
1789.0;0.0000;0.0000;0.0014;0.0000;-1;-1;-0.0049;-0.0012;-0.0012;-0.0000;-0.0000;0.0000;-0.0000;11333
1789.5;0.0000;0.0000;-0.0041;0.0000;-1;-1;-0.0049;-0.0012;-0.0012;-0.0000;-0.0000;0.0000;-0.0000;11333
1790.0;0.0000;0.0000;-0.0014;0.0000;-1;-1;-0.0049;-0.0012;-0.0012;-0.0000;-0.0000;0.0000;-0.0000;11333
1790.5;0.0000;0.0000;0.0014;0.0000;-1;-1;-0.0049;-0.0012;-0.0012;-0.0000;-0.0000;0.0000;-0.0000;11333
1791.0;0.0000;0.0000;-0.0069;0.0000;-1;-1;-0.0049;-0.0012;-0.0012;-0.0000;-0.0000;0.0000;-0.0000;11333
1791.5;0.0000;0.0000;-0.0055;0.0000;-1;-1;-0.0049;-0.0012;-0.0012;-0.0000;-0.0000;0.0000;-0.0000;11333
1792.0;0.0000;0.0000;-0.0055;0.0000;-1;-1;-0.0049;-0.0012;-0.0012;-0.0000;-0.0000;0.0000;-0.0000;11333
1792.5;0.0000;0.0000;-0.0055;0.0000;-1;-1;-0.0049;-0.0012;-0.0012;-0.0000;-0.0000;0.0000;-0.0000;11333
1793.0;0.0000;0.0000;-0.0069;0.0000;-1;-1;-0.0049;-0.0012;-0.0012;-0.0000;-0.0000;0.0000;-0.0000;11333
1793.5;0.0000;0.0000;-0.0014;0.0000;-1;-1;-0.0049;-0.0012;-0.0012;-0.0000;-0.0000;0.0000;-0.0000;11333
1794.0;0.0000;0.0000;-0.0014;0.0000;-1;-1;-0.0049;-0.0012;-0.0012;-0.0000;-0.0000;0.0000;-0.0000;11333
1794.5;0.0000;0.0000;0.0041;0.0000;-1;-1;-0.0049;-0.0012;-0.0012;-0.0000;-0.0000;0.0000;-0.0000;11385
1795.0;0.0000;0.0000;0.0069;0.0000;-1;-1;-0.0049;-0.0012;-0.0012;-0.0000;-0.0000;0.0000;-0.0000;11385
1795.5;0.0000;0.0000;0.0082;0.0000;-1;-1;-0.0049;-0.0012;-0.0012;-0.0000;-0.0000;0.0000;-0.0000;11385
1796.0;0.0000;0.0000;0.0014;0.0000;-1;-1;-0.0049;-0.0012;-0.0012;-0.0000;-0.0000;0.0000;-0.0000;11385
1796.5;0.0000;0.0000;0.0014;0.0000;-1;-1;-0.0049;-0.0012;-0.0012;-0.0000;-0.0000;0.0000;-0.0000;11385
1797.0;0.0000;0.0000;0.0000;0.0000;-1;-1;-0.0049;-0.0012;-0.0012;-0.0000;-0.0000;0.0000;-0.0000;11385
1797.5;0.0000;0.0000;-0.0041;0.0000;-1;-1;-0.0049;-0.0012;-0.0012;-0.0000;-0.0000;0.0000;-0.0000;11385
1798.0;0.0000;0.0000;-0.0069;0.0000;-1;-1;-0.0049;-0.0012;-0.0012;-0.0000;-0.0000;0.0000;-0.0000;11385
1798.5;0.0000;0.0000;-0.0055;0.0000;-1;-1;-0.0049;-0.0012;-0.0012;-0.0000;-0.0000;0.0000;-0.0000;11385
1799.0;0.0000;0.0000;0.0014;0.0000;-1;-1;-0.0049;-0.0012;-0.0012;-0.0000;-0.0000;0.0000;-0.0000;11333
1799.5;0.0000;0.0000;-0.0014;0.0000;-1;-1;-0.0049;-0.0012;-0.0012;-0.0000;-0.0000;0.0000;-0.0000;11333
1800.0;0.0000;0.0000;0.0027;0.0000;-1;-1;-0.0049;-0.0012;-0.0012;-0.0000;-0.0000;0.0000;-0.0000;11333
1800.5;0.0000;0.0000;0.0000;0.0000;-1;-1;-0.0049;-0.0012;-0.0012;-0.0000;-0.0000;0.0000;-0.0000;11333
1801.0;0.0000;0.0000;0.0014;0.0000;-1;-1;-0.0049;-0.0012;-0.0012;-0.0000;-0.0000;0.0000;-0.0000;11333
1801.5;0.0000;0.0000;0.0000;0.0000;-1;-1;-0.0049;-0.0012;-0.0012;-0.0000;-0.0000;0.0000;-0.0000;11333
1802.0;0.0000;0.0000;-0.0027;0.0000;-1;-1;-0.0049;-0.0012;-0.0012;-0.0000;-0.0000;0.0000;-0.0000;11333
1802.5;0.0000;0.0000;-0.0027;0.0000;-1;-1;-0.0049;-0.0012;-0.0012;-0.0000;-0.0000;0.0000;-0.0000;11333
1803.0;0.0000;0.0000;-0.0027;0.0000;-1;-1;-0.0049;-0.0012;-0.0012;-0.0000;-0.0000;0.0000;-0.0000;11333
1803.5;0.0000;0.0000;-0.0069;0.0000;-1;-1;-0.0049;-0.0012;-0.0012;-0.0000;-0.0000;0.0000;-0.0000;11333
1804.0;0.0000;0.0000;-0.0069;0.0000;-1;-1;-0.0049;-0.0012;-0.0012;-0.0000;-0.0000;0.0000;-0.0000;11333
1804.5;0.0000;0.0000;0.0041;0.0000;-1;-1;-0.0049;-0.0012;-0.0012;-0.0000;-0.0000;0.0000;-0.0000;11333
1805.0;0.0000;0.0000;-0.0069;0.0000;-1;-1;-0.0049;-0.0012;-0.0012;-0.0000;-0.0000;0.0000;-0.0000;11333
1805.5;0.0000;0.0000;-0.0041;0.0000;-1;-1;-0.0049;-0.0012;-0.0012;-0.0000;-0.0000;0.0000;-0.0000;11333
1806.0;0.0000;0.0000;0.0041;0.0000;-1;-1;-0.0049;-0.0012;-0.0012;-0.0000;-0.0000;0.0000;-0.0000;11385
1806.5;0.0000;0.0000;0.0000;0.0000;-1;-1;-0.0049;-0.0012;-0.0012;-0.0000;-0.0000;0.0000;-0.0000;11385
1807.0;0.0000;0.0000;0.0027;0.0000;-1;-1;-0.0049;-0.0012;-0.0012;-0.0000;-0.0000;0.0000;-0.0000;11385
1807.5;0.0000;0.0000;0.0000;0.0000;-1;-1;-0.0049;-0.0012;-0.0012;-0.0000;-0.0000;0.0000;-0.0000;11385
1808.0;0.0000;0.0000;-0.0069;0.0000;-1;-1;-0.0049;-0.0012;-0.0012;-0.0000;-0.0000;0.0000;-0.0000;11385
1808.5;0.0000;0.0000;0.0000;0.0000;-1;-1;-0.0049;-0.0012;-0.0012;-0.0000;-0.0000;0.0000;-0.0000;11385
1809.0;0.0000;0.0000;-0.0014;0.0000;-1;-1;-0.0049;-0.0012;-0.0012;-0.0000;-0.0000;0.0000;-0.0000;11385
1809.5;0.0000;0.0000;0.0027;0.0000;-1;-1;-0.0049;-0.0012;-0.0012;-0.0000;-0.0000;0.0000;-0.0000;11385
1810.0;0.0000;0.0000;0.0027;0.0000;-1;-1;-0.0049;-0.0012;-0.0012;-0.0000;-0.0000;0.0000;-0.0000;11385
1810.5;0.0000;0.0000;0.0082;0.0000;-1;-1;-0.0049;-0.0012;-0.0012;-0.0000;-0.0000;0.0000;-0.0000;11333
1811.0;0.0000;0.0000;0.0000;0.0000;-1;-1;-0.0049;-0.0012;-0.0012;-0.0000;-0.0000;0.0000;-0.0000;11333
1811.5;0.0000;0.0000;-0.0069;0.0000;-1;-1;-0.0049;-0.0012;-0.0012;-0.0000;-0.0000;0.0000;-0.0000;11333
1812.0;0.0000;0.0000;-0.0096;0.0000;-1;-1;-0.0049;-0.0012;-0.0012;-0.0000;-0.0000;0.0000;-0.0000;11333
1812.5;0.0000;0.0000;-0.0041;0.0000;-1;-1;-0.0049;-0.0012;-0.0012;-0.0000;-0.0000;0.0000;-0.0000;11333
1813.0;0.0000;0.0000;-0.0014;0.0000;-1;-1;-0.0049;-0.0012;-0.0012;-0.0000;-0.0000;0.0000;-0.0000;11333
1813.5;0.0000;0.0000;0.0000;0.0000;-1;-1;-0.0049;-0.0012;-0.0012;-0.0000;-0.0000;0.0000;-0.0000;11333
1814.0;0.0000;0.0000;0.0014;0.0000;-1;-1;-0.0049;-0.0012;-0.0012;-0.0000;-0.0000;0.0000;-0.0000;11333
1814.5;0.0000;0.0000;0.0014;0.0000;-1;-1;-0.0049;-0.0012;-0.0012;-0.0000;-0.0000;0.0000;-0.0000;11333
1815.0;0.0000;0.0000;0.0014;0.0000;-1;-1;-0.0049;-0.0012;-0.0012;-0.0000;-0.0000;0.0000;-0.0000;11333
1815.5;0.0000;0.0000;0.0041;0.0000;-1;-1;-0.0049;-0.0012;-0.0012;-0.0000;-0.0000;0.0000;-0.0000;11333
1816.0;0.0000;0.0000;0.0014;0.0000;-1;-1;-0.0049;-0.0012;-0.0012;-0.0000;-0.0000;0.0000;-0.0000;11333
1816.5;0.0000;0.0000;-0.0027;0.0000;-1;-1;-0.0049;-0.0012;-0.0012;-0.0000;-0.0000;0.0000;-0.0000;11333
1817.0;0.0000;0.0000;-0.0014;0.0000;-1;-1;-0.0049;-0.0012;-0.0012;-0.0000;-0.0000;0.0000;-0.0000;11385
1817.5;0.0000;0.0000;-0.0041;0.0000;-1;-1;-0.0049;-0.0012;-0.0012;-0.0000;-0.0000;0.0000;-0.0000;11385
1818.0;0.0000;0.0000;-0.0069;0.0000;-1;-1;-0.0049;-0.0012;-0.0012;-0.0000;-0.0000;0.0000;-0.0000;11385
1818.5;0.0000;0.0000;0.0027;0.0000;-1;-1;-0.0049;-0.0012;-0.0012;-0.0000;-0.0000;0.0000;-0.0000;11385
1819.0;0.0000;0.0000;0.0069;0.0000;-1;-1;-0.0049;-0.0012;-0.0012;-0.0000;-0.0000;0.0000;-0.0000;11385
1819.5;0.0000;0.0000;0.0069;0.0000;-1;-1;-0.0049;-0.0012;-0.0012;-0.0000;-0.0000;0.0000;-0.0000;11385
1820.0;0.0000;0.0000;0.0014;0.0000;-1;-1;-0.0049;-0.0012;-0.0012;-0.0000;-0.0000;0.0000;-0.0000;11385
1820.5;0.0000;0.0000;0.0000;0.0000;-1;-1;-0.0049;-0.0012;-0.0012;-0.0000;-0.0000;0.0000;-0.0000;11385
1821.0;0.0000;0.0000;0.0027;0.0000;-1;-1;-0.0049;-0.0012;-0.0012;-0.0000;-0.0000;0.0000;-0.0000;11385
1821.5;0.0000;0.0000;-0.0069;0.0000;-1;-1;-0.0049;-0.0012;-0.0012;-0.0000;-0.0000;0.0000;-0.0000;11333
1822.0;0.0000;0.0000;-0.0014;0.0000;-1;-1;-0.0049;-0.0012;-0.0012;-0.0000;-0.0000;0.0000;-0.0000;11333
1822.5;0.0000;0.0000;-0.0096;0.0000;-1;-1;-0.0049;-0.0012;-0.0012;-0.0000;-0.0000;0.0000;-0.0000;11333
1823.0;0.0000;0.0000;0.0000;0.0000;-1;-1;-0.0049;-0.0012;-0.0012;-0.0000;-0.0000;0.0000;-0.0000;11333
1823.5;0.0000;0.0000;-0.0027;0.0000;-1;-1;-0.0049;-0.0012;-0.0012;-0.0000;-0.0000;0.0000;-0.0000;11333
1824.0;0.0000;0.0000;0.0055;0.0000;-1;-1;-0.0049;-0.0012;-0.0012;-0.0000;-0.0000;0.0000;-0.0000;11333
1824.5;0.0000;0.0000;0.0041;0.0000;-1;-1;-0.0049;-0.0012;-0.0012;-0.0000;-0.0000;0.0000;-0.0000;11333
1825.0;0.0000;0.0000;0.0041;0.0000;-1;-1;-0.0049;-0.0012;-0.0012;-0.0000;-0.0000;0.0000;-0.0000;11333
1825.5;0.0000;0.0000;-0.0014;0.0000;-1;-1;-0.0049;-0.0012;-0.0012;-0.0000;-0.0000;0.0000;-0.0000;11333
1826.0;0.0000;0.0000;0.0014;0.0000;-1;-1;-0.0049;-0.0012;-0.0012;-0.0000;-0.0000;0.0000;-0.0000;11333
1826.5;0.0000;0.0000;-0.0027;0.0000;-1;-1;-0.0049;-0.0012;-0.0012;-0.0000;-0.0000;0.0000;-0.0000;11333
1827.0;0.0000;0.0000;0.0000;0.0000;-1;-1;-0.0049;-0.0012;-0.0012;-0.0000;-0.0000;0.0000;-0.0000;11333
1827.5;0.0000;0.0000;-0.0055;0.0000;-1;-1;-0.0049;-0.0012;-0.0012;-0.0000;-0.0000;0.0000;-0.0000;11333
1828.0;0.0000;0.0000;-0.0069;0.0000;-1;-1;-0.0049;-0.0012;-0.0012;-0.0000;-0.0000;0.0000;-0.0000;11333
1828.5;0.0000;0.0000;0.0000;0.0000;-1;-1;-0.0049;-0.0012;-0.0012;-0.0000;-0.0000;0.0000;-0.0000;11385
1829.0;0.0000;0.0000;0.0014;0.0000;-1;-1;-0.0049;-0.0012;-0.0012;-0.0000;-0.0000;0.0000;-0.0000;11385
1829.5;0.0000;0.0000;0.0027;0.0000;-1;-1;-0.0049;-0.0012;-0.0012;-0.0000;-0.0000;0.0000;-0.0000;11385
1830.0;0.0000;0.0000;0.0055;0.0000;-1;-1;-0.0049;-0.0012;-0.0012;-0.0000;-0.0000;0.0000;-0.0000;11385
1830.5;0.0000;0.0000;0.0027;0.0000;-1;-1;-0.0049;-0.0012;-0.0012;-0.0000;-0.0000;0.0000;-0.0000;11385
1831.0;0.0000;0.0000;-0.0055;0.0000;-1;-1;-0.0049;-0.0012;-0.0012;-0.0000;-0.0000;0.0000;-0.0000;11385
1831.5;0.0000;0.0000;0.0014;0.0000;-1;-1;-0.0049;-0.0012;-0.0012;-0.0000;-0.0000;0.0000;-0.0000;11385
1832.0;0.0000;0.0000;-0.0014;0.0000;-1;-1;-0.0049;-0.0012;-0.0012;-0.0000;-0.0000;0.0000;-0.0000;11385
1832.5;0.0000;0.0000;-0.0082;0.0000;-1;-1;-0.0049;-0.0012;-0.0012;-0.0000;-0.0000;0.0000;-0.0000;11385
1833.0;0.0000;0.0000;-0.0069;0.0000;-1;-1;-0.0049;-0.0012;-0.0012;-0.0000;-0.0000;0.0000;-0.0000;11333
1833.5;0.0000;0.0000;0.0000;0.0000;-1;-1;-0.0049;-0.0012;-0.0012;-0.0000;-0.0000;0.0000;-0.0000;11333
1834.0;0.0000;0.0000;0.0055;0.0000;-1;-1;-0.0049;-0.0012;-0.0012;-0.0000;-0.0000;0.0000;-0.0000;11333
1834.5;0.0000;0.0000;0.0096;0.0000;-1;-1;-0.0049;-0.0012;-0.0012;-0.0000;-0.0000;0.0000;-0.0000;11333
1835.0;0.0000;0.0000;0.0096;0.0000;-1;-1;-0.0049;-0.0012;-0.0012;-0.0000;-0.0000;0.0000;-0.0000;11333
1835.5;0.0000;0.0000;0.0069;0.0000;-1;-1;-0.0049;-0.0012;-0.0012;-0.0000;-0.0000;0.0000;-0.0000;11333
1836.0;0.0000;0.0000;0.0014;0.0000;-1;-1;-0.0049;-0.0012;-0.0012;-0.0000;-0.0000;0.0000;-0.0000;11333
1836.5;0.0000;0.0000;0.0055;0.0000;-1;-1;-0.0049;-0.0012;-0.0012;-0.0000;-0.0000;0.0000;-0.0000;11333
1837.0;0.0000;0.0000;-0.0055;0.0000;-1;-1;-0.0049;-0.0012;-0.0012;-0.0000;-0.0000;0.0000;-0.0000;11333
1837.5;0.0000;0.0000;-0.0041;0.0000;-1;-1;-0.0049;-0.0012;-0.0012;-0.0000;-0.0000;0.0000;-0.0000;11333
1838.0;0.0000;0.0000;0.0000;0.0000;-1;-1;-0.0049;-0.0012;-0.0012;-0.0000;-0.0000;0.0000;-0.0000;11333
1838.5;0.0000;0.0000;0.0082;0.0000;-1;-1;-0.0049;-0.0012;-0.0012;-0.0000;-0.0000;0.0000;-0.0000;11333
1839.0;0.0000;0.0000;0.0069;0.0000;-1;-1;-0.0049;-0.0012;-0.0012;-0.0000;-0.0000;0.0000;-0.0000;11333
1839.5;0.0000;0.0000;0.0000;0.0000;-1;-1;-0.0049;-0.0012;-0.0012;-0.0000;-0.0000;0.0000;-0.0000;11385
1840.0;0.0000;0.0000;-0.0014;0.0000;-1;-1;-0.0049;-0.0012;-0.0012;-0.0000;-0.0000;0.0000;-0.0000;11385
1840.5;0.0000;0.0000;-0.0041;0.0000;-1;-1;-0.0049;-0.0012;-0.0012;-0.0000;-0.0000;0.0000;-0.0000;11385
1841.0;0.0000;0.0000;0.0000;0.0000;-1;-1;-0.0049;-0.0012;-0.0012;-0.0000;-0.0000;0.0000;-0.0000;11385
1841.5;0.0000;0.0000;0.0000;0.0000;-1;-1;-0.0049;-0.0012;-0.0012;-0.0000;-0.0000;0.0000;-0.0000;11385
1842.0;0.0000;0.0000;0.0027;0.0000;-1;-1;-0.0049;-0.0012;-0.0012;-0.0000;-0.0000;0.0000;-0.0000;11385
1842.5;0.0000;0.0000;0.0000;0.0000;-1;-1;-0.0049;-0.0012;-0.0012;-0.0000;-0.0000;0.0000;-0.0000;11385
1843.0;0.0000;0.0000;0.0027;0.0000;-1;-1;-0.0049;-0.0012;-0.0012;-0.0000;-0.0000;0.0000;-0.0000;11385
1843.5;0.0000;0.0000;-0.0055;0.0000;-1;-1;-0.0049;-0.0012;-0.0012;-0.0000;-0.0000;0.0000;-0.0000;11385
1844.0;0.0000;0.0000;-0.0124;0.0000;-1;-1;-0.0049;-0.0012;-0.0012;-0.0000;-0.0000;0.0000;-0.0000;11333
1844.5;0.0000;0.0000;-0.0014;0.0000;-1;-1;-0.0049;-0.0012;-0.0012;-0.0000;-0.0000;0.0000;-0.0000;11333
1845.0;0.0000;0.0000;0.0000;0.0000;-1;-1;-0.0049;-0.0012;-0.0012;-0.0000;-0.0000;0.0000;-0.0000;11333
1845.5;0.0000;0.0000;-0.0027;0.0000;-1;-1;-0.0049;-0.0012;-0.0012;-0.0000;-0.0000;0.0000;-0.0000;11333
1846.0;0.0000;0.0000;-0.0027;0.0000;-1;-1;-0.0049;-0.0012;-0.0012;-0.0000;-0.0000;0.0000;-0.0000;11333
1846.5;0.0000;0.0000;0.0055;0.0000;-1;-1;-0.0049;-0.0012;-0.0012;-0.0000;-0.0000;0.0000;-0.0000;11333
1847.0;0.0000;0.0000;0.0041;0.0000;-1;-1;-0.0049;-0.0012;-0.0012;-0.0000;-0.0000;0.0000;-0.0000;11333
1847.5;0.0000;0.0000;0.0055;0.0000;-1;-1;-0.0049;-0.0012;-0.0012;-0.0000;-0.0000;0.0000;-0.0000;11333
1848.0;0.0000;0.0000;0.0041;0.0000;-1;-1;-0.0049;-0.0012;-0.0012;-0.0000;-0.0000;0.0000;-0.0000;11333
1848.5;0.0000;0.0000;0.0096;0.0000;-1;-1;-0.0049;-0.0012;-0.0012;-0.0000;-0.0000;0.0000;-0.0000;11333
1849.0;0.0000;0.0000;0.0124;0.0000;-1;-1;-0.0049;-0.0012;-0.0012;-0.0000;-0.0000;0.0000;-0.0000;11333
1849.5;0.0000;0.0000;0.0069;0.0000;-1;-1;-0.0049;-0.0012;-0.0012;-0.0000;-0.0000;0.0000;-0.0000;11333
1850.0;0.0000;0.0000;0.0124;0.0000;-1;-1;-0.0049;-0.0012;-0.0012;-0.0000;-0.0000;0.0000;-0.0000;11333
1850.5;0.0000;0.0000;0.0096;0.0000;-1;-1;-0.0049;-0.0012;-0.0012;-0.0010;-0.0010;0.0000;-0.0000;11385
1851.0;0.0000;0.0014;-0.0027;-0.1264;103;-1;-0.0049;0.0032;-0.0012;-0.0059;-0.0010;-0.2314;0.2205;11385
1851.5;0.0000;0.0027;0.0014;-0.1264;77;26;-0.0049;0.0062;-0.0012;-0.0059;-0.0010;-0.1137;0.2205;11282
1852.0;0.0009;0.0041;0.0055;-0.1264;77;26;-0.0049;0.0076;-0.0012;-0.0059;-0.0010;-0.1137;0.2205;11333
1852.5;0.0018;0.0060;-0.0069;-0.1264;77;26;-0.0049;0.0091;-0.0012;-0.0059;-0.0010;-0.1137;0.2205;11282
1853.0;0.0037;0.0073;-0.0494;-0.1264;77;26;-0.0831;0.0076;-0.0012;-0.0039;-0.0010;-0.1137;0.2205;11282
1853.5;0.0060;0.0087;-0.1429;-0.1264;75;26;-0.0831;0.0062;-0.0012;-0.0000;-0.0010;-0.1137;0.2205;11282
1854.0;0.0078;0.0101;-0.2349;-0.1264;73;26;0.0049;0.0047;-0.0012;0.0039;-0.0010;-0.1137;0.2205;11231
1854.5;0.0105;0.0119;-0.3970;-0.1085;67;30;-0.0733;0.0032;-0.0012;0.0117;-0.0010;-0.0980;0.2205;11282
1855.0;0.0124;0.0133;-0.6003;-0.1264;71;26;0.0147;0.0018;-0.0012;0.0196;-0.0000;-0.1255;0.2205;11282
1855.5;0.0147;0.0147;-0.8228;-0.1085;64;34;-0.0538;-0.0012;-0.0012;0.0293;-0.0000;-0.0980;0.2205;11231
1856.0;0.0169;0.0165;-1.0027;-0.1085;64;32;0.0342;-0.0026;-0.0012;0.0371;-0.0000;-0.1137;0.2205;11282
1856.5;0.0183;0.0179;-1.1676;-0.1085;62;34;0.0342;-0.0026;-0.0012;0.0440;-0.0000;-0.1137;0.2205;11231
1857.0;0.0197;0.0192;-1.3036;-0.1085;62;34;0.0440;-0.0026;-0.0012;0.0499;-0.0000;-0.1137;0.2205;11282
1857.5;0.0215;0.0206;-1.4299;-0.0907;56;40;-0.0342;-0.0026;-0.0012;0.0557;0.0010;-0.0980;0.2205;11231
1858.0;0.0234;0.0224;-1.5412;-0.0907;58;38;0.0538;-0.0026;-0.0012;0.0606;0.0010;-0.1137;0.2205;11231
1858.5;0.0252;0.0238;-1.5838;-0.0728;54;40;-0.0342;-0.0041;-0.0012;0.0626;0.0010;-0.0980;0.2205;11231
1859.0;0.0275;0.0252;-1.6113;-0.0549;54;40;-0.0244;-0.0070;-0.0012;0.0645;0.0020;-0.0980;0.2205;11231
1859.5;0.0302;0.0266;-1.6264;-0.0549;56;36;-0.0342;-0.0085;-0.0012;0.0655;0.0020;-0.1137;0.2205;11231
1860.0;0.0325;0.0284;-1.6442;-0.0728;60;32;-0.0342;-0.0114;-0.0012;0.0655;0.0020;-0.1255;0.2205;11231
1860.5;0.0353;0.0298;-1.7019;-0.0549;52;38;-0.0244;-0.0144;-0.0012;0.0684;0.0029;-0.0980;0.2205;11231
1861.0;0.0380;0.0311;-1.6978;-0.0549;54;32;-0.0244;-0.0173;-0.0012;0.0684;0.0029;-0.1137;0.2205;11231
1861.5;0.0408;0.0330;-1.7376;-0.0371;50;36;-0.0244;-0.0202;-0.0012;0.0714;0.0029;-0.0980;0.2205;11333
1862.0;0.0426;0.0343;-1.7198;-0.0371;52;32;0.0538;-0.0217;-0.0012;0.0704;0.0039;-0.1137;0.2205;11333
1862.5;0.0444;0.0357;-1.7418;-0.0192;48;36;-0.0244;-0.0231;-0.0012;0.0723;0.0039;-0.0980;0.2205;11333
1863.0;0.0467;0.0371;-1.7294;0.0000;22;60;-0.0244;-0.0246;-0.0012;0.0723;0.0049;0.0118;0.2205;11333
1863.5;0.0490;0.0389;-1.7363;-0.0192;54;28;-0.0244;-0.0261;-0.0012;0.0714;0.0049;-0.1255;0.2205;11282
1864.0;0.0513;0.0403;-1.7115;0.0000;22;60;-0.0244;-0.0275;-0.0012;0.0714;0.0049;0.0118;0.2205;11282
1864.5;0.0527;0.0417;-1.6731;0.0000;26;56;0.0538;-0.0275;-0.0012;0.0694;0.0059;0.0000;0.2205;11282
1865.0;0.0549;0.0435;-1.6525;0.0000;26;56;0.0538;-0.0305;-0.0012;0.0684;0.0059;0.0000;0.2205;11282
1865.5;0.0568;0.0449;-1.6003;0.0000;26;56;0.0538;-0.0305;-0.0012;0.0665;0.0059;0.0000;0.2283;11282
1866.0;0.0591;0.0462;-1.5755;0.0000;26;56;0.0538;-0.0334;-0.0012;0.0655;0.0068;0.0000;0.2283;11282
1866.5;0.0614;0.0476;-1.4519;0.0000;26;54;-0.0342;-0.0349;-0.0026;0.0606;0.0068;0.0000;0.2283;11282
1867.0;0.0636;0.0495;-1.3915;0.0000;28;52;-0.0342;-0.0363;-0.0026;0.0577;0.0068;0.0000;0.2283;11282
1867.5;0.0668;0.0508;-1.2294;0.0000;28;50;0.0342;-0.0407;-0.0026;0.0508;0.0078;0.0000;0.2283;11282
1868.0;0.0682;0.0522;-1.0948;0.0179;26;52;0.0342;-0.0407;-0.0026;0.0459;0.0078;0.0118;0.2283;11282
1868.5;0.0701;0.0536;-0.9615;0.0179;30;48;-0.0538;-0.0422;-0.0026;0.0411;0.0078;0.0000;0.2283;11282
1869.0;0.0728;0.0554;-0.8503;0.0357;28;50;0.0244;-0.0437;-0.0026;0.0371;0.0078;0.0118;0.2283;11282
1869.5;0.0742;0.0568;-0.7198;0.0000;38;38;0.0244;-0.0437;-0.0026;0.0293;0.0078;-0.0314;0.2283;11282
1870.0;0.0755;0.0582;-0.5742;0.0179;30;48;0.0929;-0.0451;-0.0026;0.0244;0.0078;0.0118;0.2283;11282
1870.5;0.0774;0.0600;-0.4945;0.0179;34;44;-0.0635;-0.0451;-0.0026;0.0205;0.0088;0.0000;0.2283;11282
1871.0;0.0788;0.0614;-0.3750;0.0179;36;44;0.0929;-0.0451;-0.0041;0.0156;0.0088;0.0000;0.2283;11282
1871.5;0.0806;0.0627;-0.2994;0.0179;38;44;-0.0733;-0.0451;-0.0041;0.0127;0.0088;0.0000;0.2283;11282
1872.0;0.0824;0.0641;-0.1786;0.0179;38;42;0.0049;-0.0466;-0.0041;0.0078;0.0088;0.0000;0.2283;11282
1872.5;0.0852;0.0659;-0.1223;0.0179;38;40;-0.0049;-0.0495;-0.0041;0.0049;0.0088;0.0000;0.2283;11282
1873.0;0.0870;0.0673;-0.0041;0.0357;34;44;-0.0049;-0.0495;-0.0041;0.0010;0.0088;0.0118;0.2283;11333
1873.5;0.0888;0.0687;0.0577;0.0357;38;38;-0.0049;-0.0510;-0.0041;-0.0010;0.0088;0.0000;0.2283;11333
1874.0;0.0902;0.0701;0.1030;0.0357;38;38;-0.0049;-0.0510;-0.0041;-0.0029;0.0088;0.0000;0.2283;11385
1874.5;0.0920;0.0719;0.1387;0.0357;38;38;-0.0049;-0.0510;-0.0041;-0.0049;0.0088;0.0000;0.2283;11333
1875.0;0.0943;0.0733;0.1745;0.0357;38;38;-0.0147;-0.0539;-0.0056;-0.0059;0.0088;0.0000;0.2283;11333
1875.5;0.0957;0.0746;0.2459;0.0357;40;38;-0.0147;-0.0524;-0.0056;-0.0098;0.0088;0.0000;0.2283;11333
1876.0;0.0975;0.0765;0.2486;0.0179;44;34;-0.0147;-0.0539;-0.0056;-0.0098;0.0088;-0.0157;0.2283;11333
1876.5;0.0989;0.0778;0.3049;0.0357;36;40;0.0635;-0.0539;-0.0056;-0.0117;0.0088;0.0118;0.2283;11333
1877.0;0.1003;0.0792;0.2940;0.0179;44;34;-0.0929;-0.0539;-0.0056;-0.0117;0.0078;-0.0157;0.2283;11333
1877.5;0.1016;0.0806;0.3338;0.0179;42;38;0.0635;-0.0524;-0.0056;-0.0137;0.0078;0.0000;0.2283;11333
1878.0;0.1035;0.0824;0.3503;0.0179;42;38;-0.0147;-0.0539;-0.0056;-0.0147;0.0078;0.0000;0.2283;11282
1878.5;0.1044;0.0838;0.3599;0.0179;42;38;-0.0147;-0.0524;-0.0070;-0.0147;0.0078;0.0000;0.2283;11333
1879.0;0.1049;0.0852;0.3365;0.0000;46;36;0.0635;-0.0495;-0.0070;-0.0147;0.0078;-0.0157;0.2283;11282
1879.5;0.1058;0.0870;0.2775;0.0179;40;46;-0.0929;-0.0481;-0.0070;-0.0117;0.0078;0.0118;0.2283;11333
1880.0;0.1067;0.0884;0.2500;0.0000;48;40;0.0635;-0.0466;-0.0070;-0.0108;0.0078;-0.0157;0.2283;11282
1880.5;0.1081;0.0897;0.2047;0.0179;40;48;-0.0147;-0.0466;-0.0070;-0.0088;0.0078;0.0118;0.2283;11282
1881.0;0.1099;0.0911;0.2006;0.0179;44;44;-0.0147;-0.0481;-0.0070;-0.0078;0.0078;0.0000;0.2283;11282
1881.5;0.1108;0.0929;0.1758;0.0357;40;48;-0.0147;-0.0451;-0.0070;-0.0068;0.0078;0.0118;0.2283;11282
1882.0;0.1122;0.0943;0.1964;0.0179;48;40;-0.0147;-0.0451;-0.0085;-0.0078;0.0078;-0.0157;0.2283;11282
1882.5;0.1131;0.0957;0.2019;0.0179;44;46;0.0733;-0.0451;-0.0085;-0.0078;0.0078;0.0000;0.2283;11282
1883.0;0.1140;0.0971;0.2157;0.0179;46;46;-0.0929;-0.0437;-0.0085;-0.0088;0.0078;0.0000;0.2283;11282
1883.5;0.1158;0.0989;0.2514;0.0179;46;46;-0.0147;-0.0437;-0.0085;-0.0108;0.0078;0.0000;0.2283;11282
1884.0;0.1177;0.1003;0.2692;0.0179;46;44;-0.0147;-0.0437;-0.0085;-0.0108;0.0078;0.0000;0.2283;11282
1884.5;0.1190;0.1016;0.2898;0.0357;40;48;0.0635;-0.0437;-0.0085;-0.0108;0.0078;0.0118;0.2283;11333
1885.0;0.1200;0.1035;0.2679;0.0357;46;44;-0.0929;-0.0422;-0.0085;-0.0108;0.0078;0.0000;0.2283;11333
1885.5;0.1218;0.1049;0.2830;0.0179;48;40;-0.0147;-0.0422;-0.0085;-0.0117;0.0078;-0.0157;0.2283;11333
1886.0;0.1227;0.1062;0.2637;0.0179;46;46;0.0635;-0.0422;-0.0085;-0.0108;0.0078;0.0000;0.2283;11333
1886.5;0.1241;0.1076;0.2637;0.0179;46;46;-0.0147;-0.0422;-0.0100;-0.0108;0.0068;0.0000;0.2283;11333
1887.0;0.1245;0.1094;0.2294;0.0179;46;46;-0.0147;-0.0393;-0.0100;-0.0098;0.0068;0.0000;0.2283;11333
1887.5;0.1259;0.1108;0.2349;0.0000;50;44;-0.0147;-0.0378;-0.0100;-0.0108;0.0068;-0.0157;0.2283;11282
1888.0;0.1273;0.1122;0.1992;0.0179;44;50;-0.0147;-0.0378;-0.0100;-0.0078;0.0068;0.0118;0.2283;11333
1888.5;0.1291;0.1136;0.1717;0.0000;50;44;-0.0147;-0.0393;-0.0100;-0.0078;0.0068;-0.0157;0.2283;11282
1889.0;0.1296;0.1154;0.1676;0.0357;40;54;-0.0147;-0.0363;-0.0100;-0.0059;0.0068;0.0275;0.2283;11282
1889.5;0.1305;0.1168;0.1511;0.0357;48;50;-0.0147;-0.0349;-0.0100;-0.0059;0.0068;0.0000;0.2283;11282
1890.0;0.1319;0.1181;0.1607;0.0357;48;48;-0.0147;-0.0349;-0.0100;-0.0059;0.0068;0.0000;0.2283;11282
1890.5;0.1323;0.1200;0.1374;0.0179;52;46;-0.0049;-0.0319;-0.0100;-0.0059;0.0068;-0.0157;0.2362;11282
1891.0;0.1332;0.1213;0.1456;0.0179;50;50;-0.0147;-0.0305;-0.0100;-0.0059;0.0068;0.0000;0.2362;11282
1891.5;0.1342;0.1227;0.1305;0.0000;52;48;-0.0049;-0.0290;-0.0100;-0.0059;0.0068;-0.0157;0.2362;11282
1892.0;0.1351;0.1241;0.1497;0.0179;46;54;0.0733;-0.0275;-0.0114;-0.0059;0.0068;0.0118;0.2362;11231
1892.5;0.1355;0.1259;0.1346;0.0000;54;48;-0.0929;-0.0261;-0.0114;-0.0059;0.0068;-0.0157;0.2362;11282
1893.0;0.1369;0.1273;0.1195;0.0179;48;56;-0.0049;-0.0246;-0.0114;-0.0049;0.0068;0.0118;0.2362;11231
1893.5;0.1374;0.1287;0.0962;0.0000;54;50;0.0733;-0.0217;-0.0114;-0.0049;0.0068;-0.0157;0.2362;11231
1894.0;0.1383;0.1305;0.0934;0.0179;48;58;-0.0049;-0.0217;-0.0114;-0.0039;0.0068;0.0118;0.2362;11231
1894.5;0.1397;0.1319;0.0962;0.0000;54;50;-0.0049;-0.0217;-0.0114;-0.0049;0.0068;-0.0157;0.2362;11231
1895.0;0.1406;0.1332;0.1085;0.0000;52;54;-0.0049;-0.0188;-0.0114;-0.0049;0.0068;0.0000;0.2362;11231
1895.5;0.1410;0.1346;0.1223;0.0000;54;54;-0.0929;-0.0173;-0.0114;-0.0059;0.0068;0.0000;0.2362;11282
1896.0;0.1424;0.1364;0.1099;0.0000;54;54;-0.0049;-0.0158;-0.0114;-0.0049;0.0068;0.0000;0.2362;11282
1896.5;0.1429;0.1378;0.1456;0.0179;52;58;0.0733;-0.0129;-0.0114;-0.0059;0.0068;0.0118;0.2362;11282
1897.0;0.1438;0.1392;0.1470;0.0179;54;56;-0.0147;-0.0114;-0.0114;-0.0059;0.0068;0.0000;0.2362;11282
1897.5;0.1442;0.1406;0.1827;0.0179;56;56;-0.0929;-0.0100;-0.0114;-0.0078;0.0068;0.0000;0.2362;11282
1898.0;0.1451;0.1424;0.2047;0.0000;60;52;-0.0147;-0.0085;-0.0114;-0.0088;0.0068;-0.0157;0.2362;11282
1898.5;0.1465;0.1438;0.2129;0.0000;58;56;-0.0147;-0.0070;-0.0114;-0.0098;0.0068;0.0000;0.2362;11282
1899.0;0.1479;0.1451;0.2212;0.0000;58;56;-0.0147;-0.0070;-0.0114;-0.0098;0.0068;0.0000;0.2362;11231
1899.5;0.1493;0.1470;0.2157;0.0000;56;56;-0.0147;-0.0070;-0.0114;-0.0098;0.0068;0.0000;0.2362;11282
1900.0;0.1511;0.1484;0.2294;0.0000;56;56;-0.0147;-0.0070;-0.0114;-0.0098;0.0068;0.0000;0.2362;11231
1900.5;0.1525;0.1497;0.1964;0.0000;56;54;-0.0147;-0.0085;-0.0114;-0.0088;0.0068;0.0000;0.2362;11231
1901.0;0.1534;0.1511;0.1978;0.0000;56;56;0.0733;-0.0070;-0.0114;-0.0088;0.0068;0.0000;0.2362;11231
1901.5;0.1548;0.1529;0.1648;0.0000;56;56;-0.0147;-0.0056;-0.0114;-0.0078;0.0059;0.0000;0.2362;11231
1902.0;0.1561;0.1543;0.1538;0.0000;56;56;-0.0929;-0.0056;-0.0114;-0.0068;0.0059;0.0000;0.2362;11231
1902.5;0.1566;0.1557;0.1456;0.0000;56;58;0.0733;-0.0026;-0.0114;-0.0068;0.0059;0.0000;0.2362;11231
1903.0;0.1575;0.1571;0.1580;0.0000;58;58;-0.0147;-0.0012;-0.0114;-0.0068;0.0059;0.0000;0.2362;11179
1903.5;0.1580;0.1589;0.1854;0.0000;58;60;0.0733;0.0018;-0.0114;-0.0078;0.0059;0.0000;0.2362;11179