general_params = {
fan_speed = 0.000000,
angular_kp = 0.042000,
angular_ki = 0.000210,
angular_kd = 0.050000,
angular_acc_feed_forward_k = 0.000400,
angular_brake_feed_forward_k = 0.000400,
angular_vel_feed_forward_k = 0.004000,
linear_vel_acc_feed_forward_k = 0.031250,
linear_vel_brake_feed_forward_k = 0.018000,
linear_vel_feed_forward_k = 0.105000,
wall_kp = 0.009000,
wall_ki = 0.000000,
wall_kd = 0.000000,
linear_vel_kp = 2.500000,
linear_vel_ki = 0.010000,
linear_vel_kd = 25.000000,
diagonal_walls_kp = 0.005000,
diagonal_walls_ki = 0.000000,
diagonal_walls_kd = 0.000000,
start_wall_break_mm_left = 56.000000,
start_wall_break_mm_right = 56.000000,
enable_wall_break_correction = 1.000000,
max_linear_acc_jerk = 40.000000,
max_linear_brake_jerk = 40.000000,
wheel_radius_mm = 13.250000,
coulomb_ff = 0.130000,
angular_coulomb_ff = 0.000000,
angular_static_ff = 0.000000,
};
t;Vel;TgtVel;AngVel;TgtAngVel;PWM_L;PWM_R;ImuDiff;VelP;VelI;AngP;AngI;RotFF;LinFF;Batt_mV
0.0;0.0000;0.0000;0.0000;0.0000;-1;-1;-0.0049;-0.0012;-0.0012;-0.0010;-0.0010;0.0000;-0.0000;10410
0.5;0.0000;0.0000;-0.0027;0.0000;-1;-1;-0.0049;-0.0012;-0.0012;-0.0000;-0.0000;0.0000;-0.0000;10410
1.0;0.0000;0.0000;-0.0055;0.0000;-1;-1;-0.0049;-0.0012;-0.0012;-0.0000;-0.0000;0.0000;-0.0000;10410
1.5;0.0000;0.0000;-0.0027;0.0000;-1;-1;-0.0049;-0.0012;-0.0012;-0.0000;-0.0000;0.0000;-0.0000;10410
2.0;0.0000;0.0000;-0.0014;0.0000;-1;-1;-0.0049;-0.0012;-0.0012;-0.0000;-0.0000;0.0000;-0.0000;10410
2.5;0.0000;0.0000;0.0000;0.0000;1;1;-0.0049;0.0003;-0.0012;-0.0010;-0.0000;0.0000;-0.0000;10410
3.0;0.0000;0.0000;0.0027;0.0000;1;1;-0.0049;0.0003;-0.0012;-0.0010;-0.0000;0.0000;-0.0000;10410
3.5;0.0000;0.0000;-0.0069;0.0000;1;1;-0.0049;0.0003;-0.0012;-0.0000;-0.0000;0.0000;-0.0000;10410
4.0;0.0000;0.0000;-0.0137;0.0000;1;1;-0.0049;0.0003;-0.0012;-0.0000;-0.0000;0.0000;-0.0000;10410
4.5;0.0000;0.0005;-0.0110;0.0000;1;1;-0.0049;0.0003;-0.0012;-0.0000;-0.0000;0.0000;-0.0000;10410
5.0;0.0000;0.0005;-0.0014;0.0000;1;1;-0.0049;0.0003;-0.0012;-0.0000;-0.0000;0.0000;-0.0000;10410
5.5;0.0000;0.0005;0.0069;0.0000;1;1;-0.0049;0.0003;-0.0012;-0.0010;-0.0000;0.0000;-0.0000;10410
6.0;0.0005;0.0005;0.0027;0.0000;1;1;-0.0049;0.0003;-0.0012;-0.0010;-0.0000;0.0000;0.0079;10410
6.5;0.0005;0.0009;0.0014;0.0000;32;32;-0.0049;0.0003;-0.0012;-0.0010;-0.0000;0.0000;0.1339;10410
7.0;0.0005;0.0009;-0.0014;0.0000;32;32;-0.0049;0.0003;-0.0012;-0.0000;-0.0000;0.0000;0.1339;10410
7.5;0.0005;0.0009;-0.0014;0.0000;32;32;-0.0049;0.0003;-0.0012;-0.0000;-0.0000;0.0000;0.1339;10410
8.0;0.0005;0.0014;-0.0041;0.0000;32;32;-0.0049;0.0003;-0.0012;-0.0000;-0.0000;0.0000;0.1339;10410
8.5;0.0009;0.0014;-0.0069;0.0000;32;32;-0.0049;0.0018;-0.0012;-0.0000;-0.0000;0.0000;0.1339;10410
9.0;0.0009;0.0018;-0.0027;0.0000;32;32;-0.0049;0.0018;-0.0012;-0.0000;-0.0000;0.0000;0.1417;10410
9.5;0.0009;0.0018;0.0027;0.0000;34;32;-0.0049;0.0018;-0.0012;-0.0010;-0.0000;0.0000;0.1417;10410
10.0;0.0014;0.0023;0.0069;0.0000;34;34;-0.0049;0.0018;-0.0012;-0.0010;-0.0000;0.0000;0.1417;10410
10.5;0.0014;0.0023;-0.0014;0.0000;34;34;-0.0049;0.0018;-0.0012;-0.0000;-0.0000;0.0000;0.1417;10410
11.0;0.0014;0.0027;0.0000;0.0000;34;34;-0.0049;0.0018;-0.0012;-0.0010;-0.0000;0.0000;0.1417;10410
11.5;0.0014;0.0027;0.0000;0.0000;34;34;-0.0049;0.0018;-0.0012;-0.0010;-0.0000;0.0000;0.1417;10410
12.0;0.0018;0.0032;0.0055;0.0000;34;34;-0.0049;0.0018;-0.0012;-0.0010;-0.0000;0.0000;0.1417;10410
12.5;0.0018;0.0032;0.0055;0.0000;34;34;-0.0049;0.0032;-0.0012;-0.0010;-0.0000;0.0000;0.1417;10410
13.0;0.0023;0.0037;0.0165;0.0000;34;34;-0.0049;0.0032;-0.0012;-0.0010;-0.0010;0.0000;0.1417;10410
13.5;0.0023;0.0037;0.0234;0.0000;36;34;-0.0049;0.0032;-0.0012;-0.0020;-0.0010;0.0000;0.1417;10410
14.0;0.0023;0.0041;0.0247;0.0000;36;34;-0.0049;0.0032;-0.0012;-0.0020;-0.0010;0.0000;0.1417;10410
14.5;0.0027;0.0046;0.0220;0.0000;36;36;-0.0049;0.0032;-0.0012;-0.0010;-0.0010;0.0000;0.1417;10410
15.0;0.0027;0.0046;0.0151;0.0000;36;36;-0.0049;0.0047;-0.0012;-0.0010;-0.0010;0.0000;0.1496;10410
15.5;0.0027;0.0050;0.0261;0.0000;36;36;-0.0049;0.0047;-0.0012;-0.0020;-0.0010;0.0000;0.1496;10410
16.0;0.0032;0.0055;0.0275;0.0000;36;36;-0.0049;0.0047;-0.0012;-0.0020;-0.0010;0.0000;0.1496;10410
16.5;0.0032;0.0055;0.0234;0.0000;36;36;-0.0049;0.0047;-0.0012;-0.0020;-0.0010;0.0000;0.1496;10410
17.0;0.0037;0.0060;0.0165;0.0000;38;36;-0.0049;0.0062;0.0003;-0.0010;-0.0010;0.0000;0.1496;10410
17.5;0.0037;0.0064;0.0302;0.0000;38;36;-0.0049;0.0062;0.0003;-0.0020;-0.0010;0.0000;0.1496;10410
18.0;0.0041;0.0069;0.0385;0.0000;38;38;-0.0049;0.0062;0.0003;-0.0020;-0.0010;0.0000;0.1496;10410
18.5;0.0041;0.0073;0.0371;0.0000;38;38;-0.0049;0.0062;0.0003;-0.0020;-0.0010;0.0000;0.1496;10410
19.0;0.0041;0.0078;0.0412;0.0000;38;38;-0.0049;0.0076;0.0003;-0.0020;-0.0010;0.0000;0.1496;10410
19.5;0.0046;0.0078;0.0371;0.0000;38;38;-0.0049;0.0076;0.0003;-0.0020;-0.0010;0.0000;0.1496;10359
20.0;0.0046;0.0082;0.0234;0.0000;40;38;-0.0049;0.0076;0.0003;-0.0020;-0.0010;0.0000;0.1496;10410
20.5;0.0050;0.0087;-0.0110;0.0000;40;40;-0.0049;0.0091;0.0003;-0.0000;-0.0010;0.0000;0.1496;10359
21.0;0.0050;0.0092;-0.0343;0.0000;40;40;-0.0049;0.0091;0.0003;0.0010;-0.0010;0.0000;0.1575;10410
21.5;0.0055;0.0096;-0.0563;0.0000;40;40;-0.0049;0.0105;0.0003;0.0020;-0.0010;0.0000;0.1575;10359
22.0;0.0055;0.0101;-0.0934;0.0000;40;42;-0.0049;0.0105;0.0003;0.0029;-0.0010;0.0000;0.1575;10410
22.5;0.0060;0.0105;-0.1126;0.0000;40;42;-0.0049;0.0105;0.0003;0.0039;-0.0010;0.0000;0.1575;10359
23.0;0.0069;0.0110;-0.1319;0.0000;38;42;-0.0831;0.0091;0.0003;0.0049;-0.0000;0.0000;0.1575;10410
23.5;0.0078;0.0114;-0.1374;0.0000;38;40;-0.0049;0.0091;0.0003;0.0049;-0.0000;0.0000;0.1575;10410
24.0;0.0082;0.0119;-0.1264;0.0000;38;40;-0.0049;0.0091;0.0003;0.0049;-0.0000;0.0000;0.1575;10359
24.5;0.0092;0.0124;-0.1181;0.0000;38;40;0.0831;0.0076;0.0003;0.0049;-0.0000;0.0000;0.1575;10410
25.0;0.0101;0.0128;-0.1030;0.0000;38;40;-0.0049;0.0062;0.0003;0.0039;-0.0000;0.0000;0.1575;10410
25.5;0.0110;0.0137;-0.0852;0.0000;38;40;-0.0049;0.0062;0.0003;0.0029;-0.0000;0.0000;0.1575;10410
26.0;0.0119;0.0142;-0.0673;0.0000;38;38;-0.0831;0.0047;0.0003;0.0020;-0.0000;0.0000;0.1575;10410
26.5;0.0128;0.0147;-0.0398;0.0000;38;38;-0.0049;0.0032;0.0003;0.0010;-0.0000;0.0000;0.1575;10410
27.0;0.0137;0.0151;-0.0151;0.0000;38;38;-0.0049;0.0032;0.0003;-0.0000;-0.0000;0.0000;0.1654;10410
27.5;0.0147;0.0156;0.0041;0.0000;38;38;0.0733;0.0018;0.0003;-0.0010;-0.0000;0.0000;0.1654;10410
28.0;0.0156;0.0165;0.0137;0.0000;38;38;-0.0049;0.0003;0.0003;-0.0010;-0.0000;0.0000;0.1654;10359
28.5;0.0160;0.0169;0.0014;0.0000;38;38;-0.0049;0.0003;0.0003;-0.0010;-0.0000;0.0000;0.1654;10359
29.0;0.0174;0.0174;0.0082;0.0000;38;38;-0.0831;-0.0012;0.0003;-0.0010;-0.0000;0.0000;0.1654;10410
29.5;0.0188;0.0179;-0.0014;0.0000;38;38;0.0733;-0.0026;0.0003;-0.0000;-0.0000;0.0000;0.1654;10359
30.0;0.0201;0.0188;0.0096;0.0000;38;38;-0.0049;-0.0041;0.0003;-0.0010;-0.0000;0.0000;0.1654;10410
30.5;0.0206;0.0192;0.0069;0.0000;38;38;-0.0049;-0.0041;0.0003;-0.0010;-0.0000;0.0000;0.1654;10410
31.0;0.0220;0.0201;0.0137;0.0000;38;36;-0.0831;-0.0056;0.0003;-0.0010;-0.0000;0.0000;0.1654;10410
31.5;0.0234;0.0206;0.0041;0.0000;36;36;0.0733;-0.0085;0.0003;-0.0010;-0.0000;0.0000;0.1654;10410
32.0;0.0243;0.0211;0.0096;0.0000;36;36;-0.0049;-0.0085;0.0003;-0.0010;-0.0000;0.0000;0.1654;10410
32.5;0.0252;0.0220;0.0330;0.0000;38;36;-0.0049;-0.0085;0.0003;-0.0020;-0.0000;0.0000;0.1732;10410
33.0;0.0256;0.0224;0.0302;0.0000;38;38;-0.0049;-0.0085;0.0003;-0.0020;-0.0000;0.0000;0.1732;10410
33.5;0.0275;0.0234;0.0316;0.0000;38;36;-0.0049;-0.0114;0.0003;-0.0020;-0.0000;0.0000;0.1732;10410
34.0;0.0284;0.0238;0.0234;0.0000;38;36;-0.0049;-0.0114;0.0003;-0.0020;-0.0000;0.0000;0.1732;10410
34.5;0.0293;0.0247;0.0330;0.0000;38;36;-0.0049;-0.0114;0.0003;-0.0020;-0.0000;0.0000;0.1732;10410
35.0;0.0302;0.0252;0.0261;0.0000;38;36;-0.0831;-0.0129;0.0003;-0.0020;-0.0000;0.0000;0.1732;10410
35.5;0.0316;0.0261;0.0288;0.0000;36;36;0.0733;-0.0144;0.0003;-0.0020;-0.0000;0.0000;0.1732;10410
36.0;0.0325;0.0266;0.0288;0.0000;38;36;-0.0049;-0.0158;0.0003;-0.0020;-0.0000;0.0000;0.1732;10410
36.5;0.0339;0.0275;0.0234;0.0000;36;36;0.0733;-0.0173;0.0003;-0.0020;-0.0000;0.0000;0.1732;10410
37.0;0.0353;0.0284;0.0151;0.0000;36;36;-0.0831;-0.0188;0.0003;-0.0010;-0.0000;0.0000;0.1732;10410
37.5;0.0366;0.0288;0.0220;0.0000;36;36;-0.0049;-0.0188;0.0003;-0.0010;-0.0000;0.0000;0.1732;10410
38.0;0.0375;0.0298;0.0440;0.0000;36;36;0.0733;-0.0202;-0.0012;-0.0020;-0.0000;0.0000;0.1811;10359
38.5;0.0385;0.0307;0.0536;0.0000;36;36;-0.0049;-0.0202;-0.0012;-0.0029;-0.0000;0.0000;0.1811;10410
39.0;0.0398;0.0316;0.0604;0.0000;38;36;-0.0929;-0.0217;-0.0012;-0.0029;-0.0000;0.0000;0.1811;10410
39.5;0.0403;0.0321;0.0673;0.0000;38;36;-0.0049;-0.0217;-0.0012;-0.0029;-0.0000;0.0000;0.1811;10410
40.0;0.0412;0.0330;0.0618;0.0000;38;38;0.0733;-0.0217;-0.0012;-0.0029;-0.0000;0.0000;0.1811;10410
40.5;0.0426;0.0339;0.0810;0.0000;38;36;-0.0929;-0.0231;-0.0012;-0.0039;-0.0010;0.0000;0.1811;10410
41.0;0.0440;0.0348;0.0865;0.0000;38;36;0.0733;-0.0246;-0.0012;-0.0039;-0.0010;0.0000;0.1811;10410
41.5;0.0449;0.0353;0.0865;0.0000;38;36;-0.0049;-0.0246;-0.0012;-0.0039;-0.0010;0.0000;0.1811;10410
42.0;0.0462;0.0362;0.0783;0.0000;38;36;-0.0929;-0.0261;-0.0012;-0.0039;-0.0010;0.0000;0.1811;10410
42.5;0.0476;0.0371;0.0879;0.0000;38;36;0.0733;-0.0261;-0.0012;-0.0039;-0.0010;0.0000;0.1811;10410
43.0;0.0485;0.0380;0.0810;0.0000;38;36;-0.0049;-0.0261;-0.0012;-0.0039;-0.0010;0.0000;0.1811;10410
43.5;0.0485;0.0389;0.0907;0.0000;40;38;-0.0049;-0.0246;-0.0012;-0.0039;-0.0010;0.0000;0.1890;10410
44.0;0.0504;0.0398;0.0852;0.0000;40;38;-0.0049;-0.0261;-0.0012;-0.0039;-0.0010;0.0000;0.1890;10410
44.5;0.0508;0.0408;0.0769;0.0000;40;38;-0.0049;-0.0261;-0.0012;-0.0039;-0.0010;0.0000;0.1890;10359
45.0;0.0527;0.0417;0.0701;0.0000;38;38;-0.0049;-0.0290;-0.0012;-0.0039;-0.0010;0.0000;0.1890;10410
45.5;0.0540;0.0426;0.0591;0.0000;38;38;-0.0049;-0.0290;-0.0026;-0.0029;-0.0010;0.0000;0.1890;10410
46.0;0.0545;0.0435;0.0604;0.0000;40;38;-0.0049;-0.0275;-0.0026;-0.0029;-0.0010;0.0000;0.1890;10410
46.5;0.0559;0.0444;0.0453;0.0000;38;38;-0.0049;-0.0290;-0.0026;-0.0020;-0.0010;0.0000;0.1890;10410
47.0;0.0568;0.0453;0.0563;0.0000;40;38;-0.0049;-0.0290;-0.0026;-0.0029;-0.0010;0.0000;0.1890;10410
47.5;0.0577;0.0462;0.0563;0.0000;40;38;0.0733;-0.0290;-0.0026;-0.0029;-0.0010;0.0000;0.1890;10359
48.0;0.0591;0.0472;0.0467;0.0000;40;38;-0.0831;-0.0305;-0.0026;-0.0029;-0.0010;0.0000;0.1890;10359
48.5;0.0595;0.0481;0.0385;0.0000;40;40;-0.0049;-0.0290;-0.0026;-0.0020;-0.0010;0.0000;0.1890;10410
49.0;0.0614;0.0495;0.0495;0.0000;40;38;-0.0049;-0.0305;-0.0026;-0.0029;-0.0010;0.0000;0.1969;10410
49.5;0.0623;0.0504;0.0591;0.0000;40;40;-0.0049;-0.0305;-0.0026;-0.0029;-0.0010;0.0000;0.1969;10410
50.0;0.0632;0.0513;0.0453;0.0000;40;40;0.0733;-0.0305;-0.0026;-0.0020;-0.0010;0.0000;0.1969;10410
50.5;0.0646;0.0522;0.0701;0.0000;40;40;-0.0929;-0.0305;-0.0026;-0.0039;-0.0010;0.0000;0.1969;10359
51.0;0.0659;0.0531;0.0536;0.0000;40;40;0.0733;-0.0319;-0.0026;-0.0029;-0.0010;0.0000;0.1969;10410
51.5;0.0664;0.0545;0.0536;0.0000;42;40;-0.0049;-0.0305;-0.0026;-0.0029;-0.0010;0.0000;0.1969;10410
52.0;0.0673;0.0554;0.0357;0.0000;42;40;-0.0831;-0.0305;-0.0041;-0.0020;-0.0010;0.0000;0.1969;10359
52.5;0.0682;0.0563;0.0412;0.0000;42;42;0.0733;-0.0305;-0.0041;-0.0020;-0.0010;0.0000;0.1969;10359
53.0;0.0691;0.0577;0.0275;0.0000;44;42;-0.0831;-0.0305;-0.0041;-0.0020;-0.0010;0.0000;0.1969;10359
53.5;0.0705;0.0586;0.0137;0.0000;42;44;0.0733;-0.0305;-0.0041;-0.0010;-0.0010;0.0000;0.1969;10359
54.0;0.0710;0.0595;-0.0014;0.0000;44;44;-0.0049;-0.0290;-0.0041;-0.0000;-0.0010;0.0000;0.1969;10410
54.5;0.0723;0.0609;0.0014;0.0000;44;44;-0.0049;-0.0305;-0.0041;-0.0010;-0.0010;0.0000;0.2047;10359
55.0;0.0737;0.0618;0.0096;0.0000;44;44;-0.0831;-0.0305;-0.0041;-0.0010;-0.0010;0.0000;0.2047;10359
55.5;0.0751;0.0632;0.0000;0.0000;44;44;0.0733;-0.0305;-0.0041;-0.0010;-0.0010;0.0000;0.2047;10359
56.0;0.0774;0.0641;0.0124;0.0000;42;42;-0.0049;-0.0334;-0.0041;-0.0010;-0.0010;0.0000;0.2047;10359
56.5;0.0783;0.0655;0.0261;0.0000;42;42;-0.0049;-0.0334;-0.0041;-0.0020;-0.0010;0.0000;0.2047;10359
57.0;0.0792;0.0664;0.0357;0.0000;44;42;-0.0831;-0.0334;-0.0041;-0.0020;-0.0010;0.0000;0.2047;10410
57.5;0.0806;0.0678;0.0371;0.0000;44;44;0.0733;-0.0334;-0.0041;-0.0020;-0.0010;0.0000;0.2047;10359
58.0;0.0815;0.0687;0.0426;0.0000;44;44;-0.0831;-0.0334;-0.0056;-0.0020;-0.0010;0.0000;0.2047;10359
58.5;0.0829;0.0701;0.0343;0.0000;44;44;0.0733;-0.0319;-0.0056;-0.0020;-0.0010;0.0000;0.2047;10359
59.0;0.0847;0.0710;0.0247;0.0000;44;44;-0.0049;-0.0349;-0.0056;-0.0020;-0.0010;0.0000;0.2047;10359
59.5;0.0861;0.0723;0.0192;0.0000;44;44;0.0733;-0.0349;-0.0056;-0.0010;-0.0010;0.0000;0.2126;10359
60.0;0.0875;0.0737;0.0275;0.0000;44;44;-0.0831;-0.0349;-0.0056;-0.0020;-0.0010;0.0000;0.2126;10410
60.5;0.0888;0.0746;0.0481;0.0000;44;44;0.0733;-0.0363;-0.0056;-0.0029;-0.0010;0.0000;0.2126;10359
61.0;0.0897;0.0760;0.0440;0.0000;44;44;-0.0831;-0.0349;-0.0056;-0.0020;-0.0010;0.0000;0.2126;10359
61.5;0.0911;0.0774;0.0536;0.0000;46;44;0.0733;-0.0349;-0.0056;-0.0029;-0.0010;0.0000;0.2126;10410
62.0;0.0920;0.0783;0.0426;0.0000;46;44;-0.0049;-0.0349;-0.0056;-0.0020;-0.0010;0.0000;0.2126;10359
62.5;0.0929;0.0797;0.0385;0.0000;46;46;-0.0831;-0.0334;-0.0056;-0.0020;-0.0010;0.0000;0.2126;10359
63.0;0.0939;0.0810;0.0179;0.0000;46;46;0.0733;-0.0334;-0.0056;-0.0010;-0.0010;0.0000;0.2126;10359
63.5;0.0948;0.0824;0.0069;0.0000;48;46;-0.0831;-0.0319;-0.0070;-0.0010;-0.0010;0.0000;0.2126;10359
64.0;0.0957;0.0838;-0.0110;0.0000;48;48;0.0733;-0.0305;-0.0070;-0.0000;-0.0010;0.0000;0.2126;10359
64.5;0.0971;0.0847;-0.0371;0.0000;48;48;-0.0049;-0.0319;-0.0070;0.0010;-0.0010;0.0000;0.2126;10359
65.0;0.0984;0.0861;-0.0481;0.0000;48;48;-0.0831;-0.0319;-0.0070;0.0020;-0.0010;0.0000;0.2205;10359
65.5;0.0998;0.0875;-0.0728;0.0000;48;50;0.0831;-0.0305;-0.0070;0.0029;-0.0010;0.0000;0.2205;10359
66.0;0.1012;0.0888;-0.0810;0.0000;48;50;-0.0049;-0.0319;-0.0070;0.0029;-0.0010;0.0000;0.2205;10359
66.5;0.1026;0.0902;-0.1195;0.0000;48;50;-0.0831;-0.0319;-0.0070;0.0049;-0.0010;0.0000;0.2205;10359
67.0;0.1039;0.0916;-0.1401;0.0000;46;50;0.0831;-0.0319;-0.0070;0.0049;-0.0010;0.0000;0.2205;10359
67.5;0.1053;0.0929;-0.1786;0.0000;46;50;0.0049;-0.0319;-0.0070;0.0068;-0.0010;0.0000;0.2205;10359
68.0;0.1067;0.0943;-0.1758;0.0000;46;52;0.0831;-0.0319;-0.0070;0.0068;-0.0010;0.0000;0.2205;10359
68.5;0.1081;0.0957;-0.1758;0.0000;48;52;-0.0831;-0.0319;-0.0070;0.0068;-0.0010;0.0000;0.2205;10359
69.0;0.1094;0.0971;-0.1648;0.0000;48;52;0.0049;-0.0319;-0.0070;0.0068;-0.0010;0.0000;0.2205;10359
69.5;0.1108;0.0984;-0.1442;0.0000;48;52;0.0831;-0.0319;-0.0085;0.0059;-0.0010;0.0000;0.2205;10359
70.0;0.1117;0.0998;-0.1168;0.0000;50;52;-0.0831;-0.0305;-0.0085;0.0039;-0.0010;0.0000;0.2283;10359
70.5;0.1136;0.1012;-0.0714;0.0000;50;50;-0.0049;-0.0305;-0.0085;0.0029;-0.0010;0.0000;0.2283;10359
71.0;0.1145;0.1026;-0.0330;0.0000;50;52;0.0733;-0.0305;-0.0085;0.0010;-0.0010;0.0000;0.2283;10359
71.5;0.1154;0.1044;0.0014;0.0000;52;52;-0.0831;-0.0290;-0.0085;-0.0010;-0.0010;0.0000;0.2283;10359
72.0;0.1172;0.1058;0.0041;0.0000;52;52;-0.0049;-0.0290;-0.0085;-0.0010;-0.0010;0.0000;0.2283;10359
72.5;0.1181;0.1071;0.0192;0.0000;52;52;0.0733;-0.0290;-0.0085;-0.0010;-0.0010;0.0000;0.2283;10359
73.0;0.1200;0.1085;0.0041;0.0000;52;52;-0.0049;-0.0290;-0.0085;-0.0010;-0.0010;0.0000;0.2283;10308
73.5;0.1218;0.1099;0.0151;0.0000;52;52;-0.0049;-0.0305;-0.0085;-0.0010;-0.0010;0.0000;0.2283;10359
74.0;0.1232;0.1117;0.0110;0.0000;52;52;-0.0831;-0.0290;-0.0085;-0.0010;-0.0010;0.0000;0.2283;10359
74.5;0.1245;0.1131;-0.0151;0.0000;52;52;-0.0049;-0.0305;-0.0085;-0.0000;-0.0010;0.0000;0.2283;10308
75.0;0.1259;0.1145;-0.0261;0.0000;52;54;0.0733;-0.0290;-0.0085;0.0010;-0.0010;0.0000;0.2283;10308
75.5;0.1277;0.1158;-0.0481;0.0000;52;54;-0.0049;-0.0290;-0.0100;0.0020;-0.0010;0.0000;0.2283;10359
76.0;0.1296;0.1177;-0.0508;0.0000;52;54;-0.0049;-0.0305;-0.0100;0.0020;-0.0010;0.0000;0.2283;10308
76.5;0.1314;0.1190;-0.0687;0.0000;50;52;-0.0049;-0.0319;-0.0100;0.0020;-0.0010;0.0000;0.2362;10359
77.0;0.1319;0.1204;-0.0618;0.0000;52;54;-0.0049;-0.0290;-0.0100;0.0020;-0.0010;0.0000;0.2362;10308
77.5;0.1332;0.1218;-0.0714;0.0000;52;54;-0.0049;-0.0290;-0.0100;0.0029;-0.0010;0.0000;0.2362;10308
78.0;0.1346;0.1236;-0.0728;0.0000;52;54;-0.0049;-0.0290;-0.0100;0.0029;-0.0010;0.0000;0.2362;10359
78.5;0.1364;0.1250;-0.0893;0.0000;52;54;-0.0049;-0.0290;-0.0100;0.0029;-0.0010;0.0000;0.2362;10308
79.0;0.1383;0.1264;-0.0962;0.0000;52;54;-0.0049;-0.0290;-0.0100;0.0039;-0.0010;0.0000;0.2362;10308
79.5;0.1401;0.1282;-0.0879;0.0000;52;54;-0.0049;-0.0305;-0.0100;0.0029;-0.0000;0.0000;0.2362;10359
80.0;0.1419;0.1296;-0.0755;0.0000;52;54;-0.0049;-0.0319;-0.0100;0.0029;-0.0000;0.0000;0.2362;10308
80.5;0.1438;0.1310;-0.0618;0.0000;50;52;-0.0049;-0.0334;-0.0100;0.0020;-0.0000;0.0000;0.2362;10308
81.0;0.1461;0.1323;-0.0440;0.0000;50;52;-0.0049;-0.0334;-0.0100;0.0010;-0.0000;0.0000;0.2362;10359
81.5;0.1470;0.1342;-0.0110;0.0000;52;52;0.0733;-0.0334;-0.0114;-0.0000;-0.0000;0.0000;0.2362;10308
82.0;0.1484;0.1355;0.0027;0.0000;52;52;-0.0049;-0.0334;-0.0114;-0.0010;-0.0000;0.0000;0.2362;10308
82.5;0.1497;0.1369;0.0371;0.0000;52;52;-0.0049;-0.0334;-0.0114;-0.0020;-0.0000;0.0000;0.2362;10359
83.0;0.1516;0.1387;0.0371;0.0000;52;52;-0.0049;-0.0334;-0.0114;-0.0020;-0.0000;0.0000;0.2362;10308
83.5;0.1529;0.1401;0.0220;0.0000;52;52;-0.0049;-0.0334;-0.0114;-0.0010;-0.0000;0.0000;0.2362;10308
84.0;0.1548;0.1415;0.0247;0.0000;52;52;-0.0049;-0.0334;-0.0114;-0.0020;-0.0000;0.0000;0.2362;10308
84.5;0.1566;0.1429;0.0234;0.0000;52;52;-0.0049;-0.0349;-0.0114;-0.0020;-0.0000;0.0000;0.2362;10308
85.0;0.1580;0.1447;0.0165;0.0000;52;52;-0.0049;-0.0349;-0.0114;-0.0010;-0.0000;0.0000;0.2362;10359
85.5;0.1593;0.1461;-0.0110;0.0000;52;52;-0.0049;-0.0349;-0.0114;-0.0000;-0.0000;0.0000;0.2362;10308
86.0;0.1603;0.1474;-0.0343;0.0000;52;54;0.0733;-0.0334;-0.0114;0.0010;-0.0000;0.0000;0.2362;10308
86.5;0.1621;0.1488;-0.0673;0.0000;52;54;-0.0831;-0.0334;-0.0114;0.0020;-0.0000;0.0000;0.2362;10308
87.0;0.1639;0.1506;-0.0577;0.0000;52;54;-0.0049;-0.0334;-0.0129;0.0020;-0.0000;0.0000;0.2362;10308
87.5;0.1644;0.1520;-0.0453;0.0000;52;54;0.0733;-0.0319;-0.0129;0.0010;-0.0000;0.0000;0.2362;10308
88.0;0.1662;0.1534;-0.0357;0.0000;54;54;-0.0831;-0.0319;-0.0129;0.0010;-0.0000;0.0000;0.2362;10308
88.5;0.1680;0.1552;-0.0220;0.0000;54;54;-0.0049;-0.0334;-0.0129;-0.0000;-0.0000;0.0000;0.2362;10308
89.0;0.1699;0.1566;-0.0110;0.0000;52;54;0.0733;-0.0349;-0.0129;-0.0000;-0.0000;0.0000;0.2362;10308
89.5;0.1717;0.1580;0.0247;0.0000;52;52;-0.0049;-0.0349;-0.0129;-0.0020;-0.0000;0.0000;0.2362;10308
90.0;0.1735;0.1593;0.0288;0.0000;52;52;-0.0049;-0.0363;-0.0129;-0.0020;-0.0000;0.0000;0.2362;10308
90.5;0.1749;0.1612;0.0385;0.0000;54;52;-0.0049;-0.0349;-0.0129;-0.0020;-0.0000;0.0000;0.2362;10308
91.0;0.1763;0.1625;0.0220;0.0000;54;54;-0.0049;-0.0349;-0.0129;-0.0010;-0.0000;0.0000;0.2362;10359
91.5;0.1790;0.1639;0.0165;0.0000;52;52;-0.0049;-0.0378;-0.0129;-0.0010;-0.0000;0.0000;0.2362;10308
92.0;0.1809;0.1653;-0.0151;0.0000;50;52;-0.0049;-0.0393;-0.0129;-0.0000;-0.0000;0.0000;0.2362;10359
92.5;0.1827;0.1671;-0.0343;0.0000;50;52;-0.0049;-0.0393;-0.0144;0.0010;-0.0000;0.0000;0.2362;10308
93.0;0.1841;0.1685;-0.0522;0.0000;50;52;-0.0049;-0.0393;-0.0144;0.0020;-0.0000;0.0000;0.2362;10308
93.5;0.1859;0.1699;-0.0508;0.0000;50;52;0.0733;-0.0407;-0.0144;0.0020;-0.0000;0.0000;0.2362;10359
94.0;0.1882;0.1717;-0.0508;0.0000;50;52;-0.0831;-0.0422;-0.0144;0.0020;-0.0000;0.0000;0.2362;10308
94.5;0.1900;0.1731;-0.0385;0.0000;50;50;-0.0049;-0.0437;-0.0144;0.0010;-0.0000;0.0000;0.2362;10359
95.0;0.1914;0.1745;0.0041;0.0000;50;50;-0.0049;-0.0437;-0.0144;-0.0010;-0.0000;0.0000;0.2362;10359
95.5;0.1932;0.1758;0.0206;0.0000;50;52;0.0733;-0.0437;-0.0144;-0.0010;-0.0000;0.0000;0.2362;10308
96.0;0.1955;0.1777;0.0495;0.0000;50;50;-0.0831;-0.0466;-0.0144;-0.0029;-0.0000;0.0000;0.2362;10308
96.5;0.1973;0.1790;0.0508;0.0000;50;50;-0.0049;-0.0466;-0.0144;-0.0029;-0.0000;0.0000;0.2362;10359
97.0;0.1992;0.1804;0.0467;0.0000;50;50;0.0733;-0.0481;-0.0158;-0.0029;-0.0000;0.0000;0.2362;10359
97.5;0.2005;0.1822;0.0398;0.0000;50;50;-0.0049;-0.0466;-0.0158;-0.0020;-0.0000;0.0000;0.2362;10359
98.0;0.2024;0.1836;0.0371;0.0000;50;50;-0.0831;-0.0481;-0.0158;-0.0020;-0.0000;0.0000;0.2362;10359
98.5;0.2047;0.1850;0.0151;0.0000;50;50;0.0733;-0.0495;-0.0158;-0.0010;-0.0000;0.0000;0.2362;10308
99.0;0.2060;0.1864;0.0055;0.0000;50;50;-0.0049;-0.0495;-0.0158;-0.0010;-0.0000;0.0000;0.2362;10359
99.5;0.2070;0.1882;-0.0014;0.0000;50;52;-0.0049;-0.0481;-0.0158;-0.0000;-0.0000;0.0000;0.2362;10359
100.0;0.2092;0.1896;0.0014;0.0000;50;50;-0.0049;-0.0495;-0.0158;-0.0010;-0.0000;0.0000;0.2362;10308
100.5;0.2106;0.1909;0.0261;0.0000;50;50;-0.0049;-0.0495;-0.0173;-0.0020;-0.0000;0.0000;0.2362;10359
101.0;0.2125;0.1923;0.0426;0.0000;50;50;0.0733;-0.0510;-0.0173;-0.0020;-0.0000;0.0000;0.2362;10308
101.5;0.2138;0.1941;0.0646;0.0000;50;50;-0.0049;-0.0495;-0.0173;-0.0029;-0.0000;0.0000;0.2441;10359
102.0;0.2147;0.1955;0.0810;0.0000;52;52;-0.0049;-0.0481;-0.0173;-0.0039;-0.0010;0.0000;0.2441;10359
102.5;0.2161;0.1969;0.1016;0.0000;52;52;0.0733;-0.0481;-0.0173;-0.0049;-0.0010;0.0000;0.2441;10308
103.0;0.2175;0.1987;0.0920;0.0000;52;52;-0.0929;-0.0481;-0.0173;-0.0039;-0.0010;0.0000;0.2441;10308
103.5;0.2193;0.2001;0.0783;0.0000;52;52;0.0733;-0.0481;-0.0173;-0.0039;-0.0010;0.0000;0.2441;10359
104.0;0.2202;0.2015;0.0563;0.0000;52;52;-0.0049;-0.0481;-0.0173;-0.0029;-0.0010;0.0000;0.2441;10308
104.5;0.2225;0.2028;0.0261;0.0000;52;52;-0.0049;-0.0495;-0.0188;-0.0020;-0.0010;0.0000;0.2441;10308
105.0;0.2239;0.2047;0.0192;0.0000;52;52;-0.0049;-0.0495;-0.0188;-0.0010;-0.0010;0.0000;0.2441;10359
105.5;0.2253;0.2060;0.0124;0.0000;52;52;0.0733;-0.0495;-0.0188;-0.0010;-0.0010;0.0000;0.2441;10308
106.0;0.2271;0.2074;0.0316;0.0000;52;52;-0.0831;-0.0495;-0.0188;-0.0020;-0.0010;0.0000;0.2441;10359
106.5;0.2289;0.2092;0.0481;0.0000;52;52;0.0733;-0.0510;-0.0188;-0.0029;-0.0010;0.0000;0.2441;10359
107.0;0.2308;0.2106;0.0591;0.0000;52;52;-0.0929;-0.0510;-0.0188;-0.0029;-0.0010;0.0000;0.2441;10308
107.5;0.2326;0.2120;0.0591;0.0000;52;52;0.0733;-0.0510;-0.0188;-0.0029;-0.0010;0.0000;0.2441;10359
108.0;0.2340;0.2134;0.0632;0.0000;52;50;-0.0929;-0.0524;-0.0202;-0.0029;-0.0010;0.0000;0.2441;10359
108.5;0.2358;0.2152;0.0742;0.0000;52;50;0.0733;-0.0524;-0.0202;-0.0039;-0.0010;0.0000;0.2441;10359
109.0;0.2367;0.2166;0.0728;0.0000;52;52;-0.0049;-0.0510;-0.0202;-0.0039;-0.0010;0.0000;0.2441;10359
109.5;0.2386;0.2179;0.0481;0.0000;52;52;-0.0049;-0.0524;-0.0202;-0.0029;-0.0010;0.0000;0.2441;10359
110.0;0.2399;0.2193;0.0563;0.0000;52;52;-0.0049;-0.0510;-0.0202;-0.0029;-0.0010;0.0000;0.2441;10308
110.5;0.2418;0.2212;0.0495;0.0000;52;52;-0.0049;-0.0524;-0.0202;-0.0029;-0.0010;0.0000;0.2441;10359
111.0;0.2427;0.2225;0.0577;0.0000;52;52;-0.0049;-0.0510;-0.0202;-0.0029;-0.0010;0.0000;0.2441;10359
111.5;0.2445;0.2239;0.0673;0.0000;52;52;-0.0049;-0.0524;-0.0217;-0.0029;-0.0010;0.0000;0.2441;10359
112.0;0.2454;0.2257;0.0756;0.0000;54;52;-0.0049;-0.0510;-0.0217;-0.0039;-0.0010;0.0000;0.2441;10359
112.5;0.2468;0.2271;0.0714;0.0000;54;52;0.0733;-0.0495;-0.0217;-0.0039;-0.0010;0.0000;0.2441;10359
113.0;0.2473;0.2285;0.0687;0.0000;54;54;-0.0049;-0.0481;-0.0217;-0.0029;-0.0010;0.0000;0.2441;10308
113.5;0.2486;0.2299;0.0563;0.0000;54;54;-0.0049;-0.0481;-0.0217;-0.0029;-0.0010;0.0000;0.2441;10359
114.0;0.2500;0.2317;0.0398;0.0000;54;56;0.0733;-0.0466;-0.0217;-0.0020;-0.0010;0.0000;0.2441;10308
114.5;0.2514;0.2331;0.0275;0.0000;54;54;-0.0831;-0.0466;-0.0217;-0.0020;-0.0010;0.0000;0.2441;10359
115.0;0.2527;0.2344;0.0192;0.0000;54;56;0.0733;-0.0466;-0.0217;-0.0010;-0.0010;0.0000;0.2441;10308
115.5;0.2541;0.2358;0.0385;0.0000;56;56;-0.0831;-0.0451;-0.0231;-0.0020;-0.0010;0.0000;0.2441;10308
116.0;0.2546;0.2376;0.0398;0.0000;56;56;-0.0049;-0.0437;-0.0231;-0.0020;-0.0010;0.0000;0.2441;10308
116.5;0.2560;0.2390;0.0618;0.0000;58;56;-0.0049;-0.0422;-0.0231;-0.0029;-0.0010;0.0000;0.2441;10308
117.0;0.2564;0.2404;0.0646;0.0000;58;56;-0.0049;-0.0407;-0.0231;-0.0029;-0.0010;0.0000;0.2441;10308
117.5;0.2578;0.2422;0.0701;0.0000;58;58;-0.0049;-0.0393;-0.0231;-0.0039;-0.0010;0.0000;0.2441;10308
118.0;0.2596;0.2436;0.0577;0.0000;58;56;-0.0049;-0.0407;-0.0231;-0.0029;-0.0010;0.0000;0.2441;10308
118.5;0.2605;0.2450;0.0536;0.0000;58;56;-0.0049;-0.0393;-0.0231;-0.0029;-0.0010;0.0000;0.2441;10308
119.0;0.2614;0.2463;0.0371;0.0000;58;58;-0.0831;-0.0378;-0.0231;-0.0020;-0.0010;0.0000;0.2441;10308
119.5;0.2624;0.2482;0.0165;0.0000;58;58;0.0733;-0.0363;-0.0231;-0.0010;-0.0010;0.0000;0.2441;10308
120.0;0.2633;0.2495;-0.0041;0.0000;60;60;-0.0049;-0.0349;-0.0231;-0.0000;-0.0010;0.0000;0.2441;10308
120.5;0.2642;0.2509;-0.0124;0.0000;60;60;-0.0831;-0.0334;-0.0246;-0.0000;-0.0010;0.0000;0.2441;10308
121.0;0.2651;0.2527;-0.0151;0.0000;60;60;0.0733;-0.0319;-0.0246;-0.0000;-0.0010;0.0000;0.2441;10308
121.5;0.2665;0.2541;-0.0261;0.0000;60;60;-0.0049;-0.0319;-0.0246;0.0010;-0.0010;0.0000;0.2441;10308
122.0;0.2679;0.2555;-0.0206;0.0000;60;60;-0.0831;-0.0319;-0.0246;-0.0000;-0.0010;0.0000;0.2441;10308
122.5;0.2692;0.2569;-0.0398;0.0000;60;60;0.0733;-0.0305;-0.0246;0.0010;-0.0010;0.0000;0.2441;10256
123.0;0.2706;0.2587;-0.0563;0.0000;60;60;-0.0049;-0.0319;-0.0246;0.0020;-0.0010;0.0000;0.2441;10308
123.5;0.2729;0.2601;-0.0893;0.0000;58;60;-0.0049;-0.0334;-0.0246;0.0029;-0.0010;0.0000;0.2441;10308
124.0;0.2743;0.2614;-0.0975;0.0000;58;60;-0.0831;-0.0334;-0.0246;0.0039;-0.0010;0.0000;0.2441;10308
124.5;0.2756;0.2628;-0.0907;0.0000;58;60;0.0831;-0.0319;-0.0246;0.0029;-0.0010;0.0000;0.2441;10308
125.0;0.2775;0.2647;-0.1113;0.0000;58;60;-0.0049;-0.0334;-0.0246;0.0039;-0.0010;0.0000;0.2441;10308
125.5;0.2793;0.2660;-0.0907;0.0000;58;60;-0.0049;-0.0334;-0.0246;0.0029;-0.0010;0.0000;0.2441;10308
126.0;0.2807;0.2674;-0.0907;0.0000;58;58;-0.0831;-0.0349;-0.0261;0.0029;-0.0010;0.0000;0.2441;10308
126.5;0.2825;0.2692;-0.0920;0.0000;58;58;-0.0049;-0.0349;-0.0261;0.0029;-0.0010;0.0000;0.2520;10308
127.0;0.2839;0.2706;-0.0907;0.0000;58;60;0.0831;-0.0349;-0.0261;0.0029;-0.0010;0.0000;0.2520;10308
127.5;0.2857;0.2720;-0.0975;0.0000;58;60;-0.0049;-0.0349;-0.0261;0.0039;-0.0010;0.0000;0.2520;10308
128.0;0.2875;0.2734;-0.1099;0.0000;56;60;-0.0049;-0.0363;-0.0261;0.0039;-0.0010;0.0000;0.2520;10256
128.5;0.2898;0.2752;-0.1195;0.0000;56;58;-0.0049;-0.0378;-0.0261;0.0049;-0.0010;0.0000;0.2520;10308
129.0;0.2912;0.2766;-0.1044;0.0000;56;58;-0.0831;-0.0378;-0.0261;0.0039;-0.0010;0.0000;0.2520;10308
129.5;0.2921;0.2779;-0.0948;0.0000;58;60;0.0831;-0.0363;-0.0261;0.0039;-0.0010;0.0000;0.2520;10308
130.0;0.2935;0.2793;-0.0769;0.0000;58;60;-0.0049;-0.0363;-0.0261;0.0029;-0.0010;0.0000;0.2520;10308
130.5;0.2953;0.2811;-0.0865;0.0000;58;60;-0.0049;-0.0363;-0.0261;0.0029;-0.0010;0.0000;0.2520;10308
131.0;0.2972;0.2825;-0.0907;0.0000;58;60;-0.0049;-0.0378;-0.0275;0.0029;-0.0010;0.0000;0.2520;10308
131.5;0.2990;0.2839;-0.1071;0.0000;56;58;-0.0049;-0.0378;-0.0275;0.0039;-0.0010;0.0000;0.2520;10308
132.0;0.3004;0.2857;-0.0989;0.0000;58;58;-0.0831;-0.0378;-0.0275;0.0039;-0.0010;0.0000;0.2520;10308
132.5;0.3017;0.2871;-0.0962;0.0000;58;58;-0.0049;-0.0378;-0.0275;0.0039;-0.0000;0.0000;0.2520;10308
133.0;0.3022;0.2885;-0.0810;0.0000;60;60;-0.0831;-0.0349;-0.0275;0.0029;-0.0000;0.0000;0.2520;10308
133.5;0.3022;0.2898;-0.0769;0.0000;60;62;0.0831;-0.0305;-0.0275;0.0029;-0.0000;0.0000;0.2520;10308
134.0;0.3027;0.2917;-0.0714;0.0000;62;64;-0.0049;-0.0290;-0.0275;0.0029;-0.0000;0.0000;0.2520;10308
134.5;0.3040;0.2930;-0.0494;0.0000;62;64;-0.0049;-0.0275;-0.0275;0.0020;-0.0000;0.0000;0.2520;10308
135.0;0.3054;0.2944;-0.0618;0.0000;62;64;-0.0049;-0.0275;-0.0275;0.0020;-0.0000;0.0000;0.2520;10256
135.5;0.3068;0.2962;-0.0549;0.0000;62;64;-0.0049;-0.0275;-0.0275;0.0020;-0.0000;0.0000;0.2520;10308
136.0;0.3086;0.2976;-0.0714;0.0000;62;64;-0.0049;-0.0275;-0.0275;0.0029;-0.0000;0.0000;0.2520;10308
136.5;0.3104;0.2990;-0.0673;0.0000;62;64;-0.0049;-0.0290;-0.0275;0.0020;-0.0000;0.0000;0.2520;10256
137.0;0.3118;0.3004;-0.0755;0.0000;62;62;-0.0049;-0.0290;-0.0290;0.0029;-0.0000;0.0000;0.2520;10308
137.5;0.3136;0.3022;-0.0536;0.0000;62;62;-0.0049;-0.0305;-0.0290;0.0020;-0.0000;0.0000;0.2520;10308
138.0;0.3155;0.3036;-0.0440;0.0000;60;62;-0.0049;-0.0305;-0.0290;0.0010;-0.0000;0.0000;0.2520;10256
138.5;0.3173;0.3049;-0.0618;0.0000;60;62;-0.0049;-0.0305;-0.0290;0.0020;-0.0000;0.0000;0.2520;10308
139.0;0.3187;0.3063;-0.0632;0.0000;60;62;-0.0049;-0.0319;-0.0290;0.0020;-0.0000;0.0000;0.2520;10308
139.5;0.3205;0.3082;-0.0852;0.0000;60;62;-0.0049;-0.0319;-0.0290;0.0029;-0.0000;0.0000;0.2520;10308
140.0;0.3219;0.3095;-0.0577;0.0000;60;62;-0.0049;-0.0319;-0.0290;0.0020;-0.0000;0.0000;0.2520;10308
140.5;0.3237;0.3109;-0.0549;0.0000;60;62;-0.0049;-0.0319;-0.0290;0.0020;-0.0000;0.0000;0.2520;10308
141.0;0.3251;0.3127;-0.0288;0.0000;60;62;-0.0049;-0.0319;-0.0290;0.0010;-0.0000;0.0000;0.2520;10308
141.5;0.3265;0.3141;-0.0220;0.0000;60;62;-0.0049;-0.0319;-0.0290;-0.0000;-0.0000;0.0000;0.2520;10308
142.0;0.3274;0.3155;-0.0357;0.0000;62;62;-0.0831;-0.0305;-0.0290;0.0010;-0.0000;0.0000;0.2520;10256
142.5;0.3278;0.3168;-0.0481;0.0000;62;64;-0.0049;-0.0275;-0.0290;0.0020;-0.0000;0.0000;0.2520;10308
143.0;0.3292;0.3187;-0.0343;0.0000;64;64;-0.0049;-0.0275;-0.0305;0.0010;-0.0000;0.0000;0.2520;10308
143.5;0.3310;0.3201;-0.0110;0.0000;64;64;-0.0831;-0.0275;-0.0305;-0.0000;-0.0000;0.0000;0.2520;10256
144.0;0.3324;0.3214;-0.0151;0.0000;64;64;-0.0049;-0.0275;-0.0305;-0.0000;-0.0000;0.0000;0.2520;10308
144.5;0.3338;0.3228;0.0261;0.0000;64;62;-0.0049;-0.0275;-0.0305;-0.0020;-0.0000;0.0000;0.2520;10308
145.0;0.3352;0.3246;0.0288;0.0000;64;62;-0.0049;-0.0275;-0.0305;-0.0020;-0.0000;0.0000;0.2520;10256
145.5;0.3365;0.3260;0.0618;0.0000;65;62;-0.0049;-0.0275;-0.0305;-0.0029;-0.0000;0.0000;0.2520;10308
146.0;0.3379;0.3274;0.0783;0.0000;65;64;-0.0049;-0.0261;-0.0305;-0.0039;-0.0000;0.0000;0.2520;10308
146.5;0.3397;0.3292;0.0907;0.0000;65;62;-0.0929;-0.0275;-0.0305;-0.0039;-0.0000;0.0000;0.2520;10256
147.0;0.3411;0.3306;0.0591;0.0000;65;62;-0.0049;-0.0275;-0.0305;-0.0029;-0.0000;0.0000;0.2520;10256
147.5;0.3425;0.3320;0.0137;0.0000;64;64;-0.0049;-0.0275;-0.0305;-0.0010;-0.0000;0.0000;0.2520;10308
148.0;0.3443;0.3333;-0.0426;0.0000;64;64;0.0733;-0.0275;-0.0305;0.0010;-0.0000;0.0000;0.2520;10256
148.5;0.3462;0.3352;-0.0934;0.0000;62;64;-0.0049;-0.0275;-0.0305;0.0029;-0.0000;0.0000;0.2520;10308
149.0;0.3475;0.3365;-0.1291;0.0000;62;65;-0.0049;-0.0275;-0.0305;0.0049;-0.0000;0.0000;0.2520;10256
149.5;0.3494;0.3379;-0.1621;0.0000;62;65;0.0831;-0.0290;-0.0305;0.0059;-0.0000;0.0000;0.2520;10256
150.0;0.3507;0.3397;-0.1538;0.0000;62;65;0.0049;-0.0290;-0.0319;0.0059;-0.0000;0.0000;0.2520;10308
150.5;0.3526;0.3411;-0.1332;0.0000;62;64;-0.0831;-0.0290;-0.0319;0.0049;-0.0000;0.0000;0.2520;10256
151.0;0.3539;0.3425;-0.0769;0.0000;62;64;-0.0049;-0.0305;-0.0319;0.0029;-0.0000;0.0000;0.2520;10308
151.5;0.3562;0.3439;-0.0247;0.0000;62;64;0.0733;-0.0305;-0.0319;0.0010;-0.0000;0.0000;0.2598;10308
152.0;0.3567;0.3457;0.0055;0.0000;64;64;-0.0831;-0.0290;-0.0319;-0.0010;-0.0000;0.0000;0.2598;10256
152.5;0.3590;0.3471;0.0096;0.0000;64;64;-0.0049;-0.0305;-0.0319;-0.0010;-0.0000;0.0000;0.2598;10308
153.0;0.3603;0.3484;0.0027;0.0000;64;64;-0.0049;-0.0305;-0.0319;-0.0010;-0.0000;0.0000;0.2598;10308
153.5;0.3631;0.3498;-0.0082;0.0000;62;62;-0.0049;-0.0334;-0.0319;-0.0000;-0.0000;0.0000;0.2598;10256
154.0;0.3649;0.3516;-0.0481;0.0000;62;62;-0.0049;-0.0334;-0.0319;0.0020;-0.0000;0.0000;0.2598;10308
154.5;0.3663;0.3530;-0.0769;0.0000;62;62;-0.0049;-0.0334;-0.0319;0.0029;-0.0000;0.0000;0.2598;10308
155.0;0.3686;0.3544;-0.1113;0.0000;60;62;-0.0049;-0.0363;-0.0319;0.0039;-0.0000;0.0000;0.2598;10256
155.5;0.3704;0.3562;-0.1264;0.0000;60;62;-0.0049;-0.0363;-0.0319;0.0049;-0.0000;0.0000;0.2598;10308
156.0;0.3713;0.3576;-0.1332;0.0000;60;64;0.0831;-0.0363;-0.0334;0.0049;-0.0000;0.0000;0.2598;10256
156.5;0.3732;0.3590;-0.1071;0.0000;62;64;-0.0831;-0.0363;-0.0334;0.0039;-0.0000;0.0000;0.2598;10256
157.0;0.3741;0.3603;-0.0852;0.0000;62;64;-0.0049;-0.0349;-0.0334;0.0029;-0.0000;0.0000;0.2598;10308
157.5;0.3750;0.3622;-0.0646;0.0000;64;64;-0.0049;-0.0334;-0.0334;0.0020;-0.0000;0.0000;0.2598;10256
158.0;0.3755;0.3636;-0.0481;0.0000;64;65;-0.0049;-0.0305;-0.0334;0.0020;-0.0000;0.0000;0.2598;10308
158.5;0.3755;0.3649;-0.0453;0.0000;65;67;-0.0049;-0.0275;-0.0334;0.0010;-0.0000;0.0000;0.2598;10308
159.0;0.3773;0.3663;-0.0165;0.0000;67;65;-0.0049;-0.0275;-0.0334;-0.0000;-0.0000;0.0000;0.2598;10256
159.5;0.3782;0.3681;-0.0151;0.0000;67;67;-0.0049;-0.0261;-0.0334;-0.0000;-0.0000;0.0000;0.2598;10256
160.0;0.3805;0.3695;0.0055;0.0000;65;65;-0.0049;-0.0290;-0.0334;-0.0010;-0.0000;0.0000;0.2598;10256
160.5;0.3819;0.3709;-0.0055;0.0000;65;65;-0.0049;-0.0275;-0.0334;-0.0000;-0.0000;0.0000;0.2598;10256
161.0;0.3846;0.3727;-0.0275;0.0000;65;65;-0.0049;-0.0305;-0.0334;0.0010;-0.0000;0.0000;0.2598;10256
161.5;0.3869;0.3741;-0.0481;0.0000;64;64;-0.0831;-0.0319;-0.0334;0.0020;-0.0000;0.0000;0.2598;10308
162.0;0.3887;0.3755;-0.0481;0.0000;62;64;0.0733;-0.0349;-0.0349;0.0020;-0.0000;0.0000;0.2598;10256
162.5;0.3901;0.3768;-0.0536;0.0000;62;64;-0.0049;-0.0334;-0.0349;0.0020;-0.0000;0.0000;0.2598;10308
163.0;0.3915;0.3787;-0.0728;0.0000;64;64;-0.0831;-0.0334;-0.0349;0.0029;-0.0000;0.0000;0.2598;10308
163.5;0.3933;0.3800;-0.0742;0.0000;64;65;0.0831;-0.0334;-0.0349;0.0029;-0.0000;0.0000;0.2598;10256
164.0;0.3951;0.3814;-0.0769;0.0000;64;64;-0.0831;-0.0349;-0.0349;0.0029;-0.0000;0.0000;0.2598;10308
164.5;0.3965;0.3832;-0.0549;0.0000;64;64;0.0831;-0.0349;-0.0349;0.0020;-0.0000;0.0000;0.2598;10256
165.0;0.3984;0.3846;-0.0563;0.0000;64;64;-0.0831;-0.0349;-0.0349;0.0020;-0.0000;0.0000;0.2598;10308
165.5;0.3993;0.3860;-0.0288;0.0000;64;64;-0.0049;-0.0334;-0.0349;0.0010;-0.0000;0.0000;0.2598;10308
166.0;0.4002;0.3874;-0.0124;0.0000;65;64;-0.0831;-0.0334;-0.0349;-0.0000;-0.0000;0.0000;0.2598;10256
166.5;0.4025;0.3892;-0.0151;0.0000;65;64;-0.0049;-0.0334;-0.0349;-0.0000;-0.0000;0.0000;0.2598;10256
167.0;0.4038;0.3906;-0.0151;0.0000;64;64;0.0733;-0.0349;-0.0349;-0.0000;-0.0000;0.0000;0.2598;10256
167.5;0.4057;0.3919;-0.0137;0.0000;64;64;-0.0831;-0.0349;-0.0363;-0.0000;-0.0000;0.0000;0.2598;10256
168.0;0.4075;0.3933;0.0110;0.0000;64;64;0.0733;-0.0349;-0.0363;-0.0010;-0.0000;0.0000;0.2598;10256
168.5;0.4089;0.3947;0.0137;0.0000;64;64;-0.0831;-0.0349;-0.0363;-0.0010;-0.0000;0.0000;0.2598;10308
169.0;0.4112;0.3965;0.0398;0.0000;64;62;-0.0049;-0.0378;-0.0363;-0.0020;-0.0000;0.0000;0.2598;10256
169.5;0.4121;0.3979;0.0357;0.0000;64;62;-0.0049;-0.0363;-0.0363;-0.0020;-0.0000;0.0000;0.2598;10308
170.0;0.4130;0.3993;0.0522;0.0000;64;62;-0.0929;-0.0363;-0.0363;-0.0029;-0.0000;0.0000;0.2598;10308
170.5;0.4144;0.4006;0.0673;0.0000;64;62;0.0733;-0.0349;-0.0363;-0.0029;-0.0000;0.0000;0.2598;10256
171.0;0.4153;0.4020;0.0920;0.0000;65;62;-0.0929;-0.0349;-0.0363;-0.0039;-0.0000;0.0000;0.2520;10308
171.5;0.4171;0.4034;0.1030;0.0000;65;62;-0.0049;-0.0349;-0.0363;-0.0049;-0.0000;0.0000;0.2520;10256
172.0;0.4194;0.4048;0.1168;0.0000;64;62;-0.0049;-0.0378;-0.0363;-0.0059;-0.0000;0.0000;0.2520;10256
172.5;0.4203;0.4061;0.1484;0.0000;64;60;-0.0147;-0.0363;-0.0378;-0.0068;-0.0000;0.0000;0.2520;10308
173.0;0.4208;0.4075;0.1978;0.0000;65;62;-0.0147;-0.0334;-0.0378;-0.0088;-0.0000;0.0000;0.2520;10256
173.5;0.4222;0.4089;0.2308;0.0000;67;62;-0.0147;-0.0334;-0.0378;-0.0098;-0.0000;0.0000;0.2520;10308
174.0;0.4240;0.4103;0.1951;0.0000;65;62;-0.0147;-0.0349;-0.0378;-0.0088;-0.0000;0.0000;0.2520;10308
174.5;0.4245;0.4116;0.1703;0.0000;65;62;-0.0147;-0.0334;-0.0378;-0.0078;-0.0000;0.0000;0.2520;10256
175.0;0.4258;0.4130;0.1085;0.0000;65;62;-0.0049;-0.0334;-0.0378;-0.0049;-0.0000;0.0000;0.2520;10256
175.5;0.4281;0.4139;0.0742;0.0000;64;62;-0.0049;-0.0349;-0.0378;-0.0039;-0.0000;0.0000;0.2520;10308
176.0;0.4299;0.4153;0.0453;0.0000;62;62;-0.0049;-0.0378;-0.0378;-0.0020;-0.0000;0.0000;0.2520;10256
176.5;0.4318;0.4167;0.0426;0.0000;62;62;-0.0049;-0.0378;-0.0378;-0.0020;-0.0000;0.0000;0.2520;10308
177.0;0.4322;0.4180;0.0426;0.0000;62;62;-0.0049;-0.0363;-0.0378;-0.0020;-0.0000;0.0000;0.2520;10308
177.5;0.4336;0.4194;0.0659;0.0000;62;62;-0.0049;-0.0363;-0.0378;-0.0029;-0.0000;0.0000;0.2520;10308
178.0;0.4345;0.4203;0.0962;0.0000;64;62;-0.0929;-0.0363;-0.0393;-0.0049;-0.0000;0.0000;0.2520;10308
178.5;0.4354;0.4217;0.1209;0.0000;64;62;-0.0929;-0.0349;-0.0393;-0.0059;-0.0000;0.0000;0.2520;10256
179.0;0.4368;0.4231;0.1593;0.0000;65;60;-0.0147;-0.0349;-0.0393;-0.0068;-0.0000;0.0000;0.2441;10256
179.5;0.4368;0.4245;0.1566;0.0000;65;62;-0.0929;-0.0319;-0.0393;-0.0068;-0.0000;0.0000;0.2441;10308
180.0;0.4373;0.4254;0.1758;0.0000;65;62;0.0733;-0.0305;-0.0393;-0.0078;-0.0000;0.0000;0.2441;10256
180.5;0.4382;0.4267;0.1648;0.0000;65;64;-0.0147;-0.0290;-0.0393;-0.0078;-0.0000;0.0000;0.2441;10308
181.0;0.4386;0.4277;0.1827;0.0000;67;62;-0.0929;-0.0275;-0.0393;-0.0078;-0.0000;0.0000;0.2441;10308
181.5;0.4400;0.4290;0.1868;0.0000;67;62;-0.0147;-0.0290;-0.0393;-0.0088;-0.0000;0.0000;0.2441;10256
182.0;0.4418;0.4304;0.1635;0.0000;65;62;-0.0147;-0.0290;-0.0393;-0.0078;-0.0010;0.0000;0.2441;10256
182.5;0.4432;0.4313;0.1484;0.0000;65;62;-0.0929;-0.0305;-0.0393;-0.0068;-0.0010;0.0000;0.2441;10308
183.0;0.4446;0.4327;0.1442;0.0000;65;62;-0.0147;-0.0305;-0.0393;-0.0068;-0.0010;0.0000;0.2441;10256
183.5;0.4464;0.4336;0.1731;0.0000;64;60;-0.0147;-0.0319;-0.0393;-0.0078;-0.0010;0.0000;0.2441;10256
184.0;0.4469;0.4350;0.1813;0.0000;65;60;-0.0929;-0.0305;-0.0407;-0.0078;-0.0010;0.0000;0.2441;10308
184.5;0.4478;0.4359;0.2019;0.0000;65;60;-0.0147;-0.0305;-0.0407;-0.0088;-0.0010;0.0000;0.2441;10256
185.0;0.4483;0.4373;0.1593;0.0000;64;62;0.0733;-0.0290;-0.0407;-0.0068;-0.0010;0.0000;0.2441;10308
185.5;0.4487;0.4382;0.1264;0.0000;65;62;-0.0929;-0.0275;-0.0407;-0.0059;-0.0010;0.0000;0.2441;10256
186.0;0.4496;0.4391;0.0934;0.0000;65;64;-0.0049;-0.0261;-0.0407;-0.0049;-0.0010;0.0000;0.2441;10256
186.5;0.4501;0.4405;0.0975;0.0000;65;62;-0.0049;-0.0246;-0.0407;-0.0049;-0.0010;0.0000;0.2441;10308
187.0;0.4496;0.4414;0.1085;0.0000;67;64;-0.0049;-0.0217;-0.0407;-0.0049;-0.0010;0.0000;0.2362;10256
187.5;0.4496;0.4428;0.1154;0.0000;67;65;0.0733;-0.0173;-0.0407;-0.0049;-0.0010;0.0000;0.2362;10308
188.0;0.4496;0.4437;0.1346;0.0000;69;65;-0.0049;-0.0158;-0.0407;-0.0059;-0.0010;0.0000;0.2362;10308
188.5;0.4501;0.4446;0.1525;0.0000;69;65;-0.0929;-0.0144;-0.0407;-0.0068;-0.0010;0.0000;0.2362;10256
189.0;0.4505;0.4455;0.1745;0.0000;71;65;-0.0147;-0.0129;-0.0407;-0.0078;-0.0010;0.0000;0.2362;10256
189.5;0.4519;0.4469;0.1882;0.0000;69;65;-0.0147;-0.0129;-0.0407;-0.0088;-0.0010;0.0000;0.2362;10256
190.0;0.4533;0.4478;0.2102;0.0000;69;64;-0.0147;-0.0144;-0.0407;-0.0098;-0.0010;0.0000;0.2362;10256
190.5;0.4542;0.4487;0.2074;0.0000;69;64;-0.0929;-0.0144;-0.0407;-0.0088;-0.0010;0.0000;0.2362;10256
191.0;0.4542;0.4496;0.1909;0.0000;69;64;-0.0929;-0.0129;-0.0407;-0.0088;-0.0010;0.0000;0.2362;10308
191.5;0.4547;0.4505;0.1799;0.0000;71;64;-0.0929;-0.0100;-0.0407;-0.0078;-0.0010;0.0000;0.2362;10256
192.0;0.4551;0.4519;0.1497;0.0000;71;65;-0.0147;-0.0100;-0.0407;-0.0068;-0.0010;0.0000;0.2362;10308
192.5;0.4560;0.4528;0.1538;0.0000;71;65;-0.0147;-0.0100;-0.0407;-0.0068;-0.0010;0.0000;0.2362;10308
193.0;0.4570;0.4538;0.1277;0.0000;71;65;-0.0929;-0.0085;-0.0407;-0.0059;-0.0010;0.0000;0.2362;10256
193.5;0.4579;0.4547;0.1456;0.0000;69;65;-0.0147;-0.0085;-0.0407;-0.0068;-0.0010;0.0000;0.2362;10256
194.0;0.4588;0.4556;0.1264;0.0000;69;65;-0.0049;-0.0085;-0.0407;-0.0059;-0.0010;0.0000;0.2362;10256
194.5;0.4602;0.4565;0.1140;0.0000;69;64;-0.0049;-0.0100;-0.0407;-0.0049;-0.0010;0.0000;0.2362;10256
195.0;0.4615;0.4574;0.1181;0.0000;67;64;-0.0049;-0.0114;-0.0407;-0.0059;-0.0010;0.0000;0.2362;10308
195.5;0.4629;0.4583;0.1044;0.0000;67;64;-0.0049;-0.0114;-0.0407;-0.0049;-0.0010;0.0000;0.2362;10256
196.0;0.4647;0.4592;0.1113;0.0000;65;62;-0.0049;-0.0129;-0.0422;-0.0049;-0.0010;0.0000;0.2283;10256
196.5;0.4661;0.4602;0.0824;0.0000;65;62;-0.1711;-0.0144;-0.0422;-0.0039;-0.0010;0.0000;0.2283;10308
197.0;0.4675;0.4611;0.0769;0.0000;65;60;-0.0049;-0.0158;-0.0422;-0.0039;-0.0010;0.0000;0.2283;10256
197.5;0.4679;0.4620;0.0440;0.0000;64;60;-0.0831;-0.0158;-0.0422;-0.0020;-0.0010;0.0000;0.2283;10256
198.0;0.4689;0.4629;0.0577;0.0000;64;60;-0.0049;-0.0158;-0.0422;-0.0029;-0.0010;0.0000;0.2283;10308
198.5;0.4702;0.4638;0.0453;0.0000;64;60;-0.0049;-0.0158;-0.0422;-0.0020;-0.0010;0.0000;0.2283;10256
199.0;0.4712;0.4647;0.0440;0.0000;64;60;-0.0049;-0.0173;-0.0422;-0.0020;-0.0010;0.0000;0.2283;10308
199.5;0.4725;0.4657;0.0316;0.0000;64;60;-0.0049;-0.0173;-0.0422;-0.0020;-0.0020;0.0000;0.2283;10308
200.0;0.4734;0.4666;0.0206;0.0000;62;60;-0.0049;-0.0188;-0.0422;-0.0010;-0.0020;0.0000;0.2283;10308
200.5;0.4748;0.4670;0.0330;0.0000;62;60;-0.0049;-0.0202;-0.0422;-0.0020;-0.0020;0.0000;0.2283;10308
201.0;0.4757;0.4679;0.0275;0.0000;62;60;-0.0049;-0.0202;-0.0422;-0.0020;-0.0020;0.0000;0.2283;10308
201.5;0.4771;0.4689;0.0426;0.0000;62;60;-0.0049;-0.0202;-0.0422;-0.0020;-0.0020;0.0000;0.2283;10308
202.0;0.4771;0.4698;0.0316;0.0000;62;60;0.0733;-0.0202;-0.0422;-0.0020;-0.0020;0.0000;0.2283;10308
202.5;0.4776;0.4702;0.0495;0.0000;62;60;-0.0049;-0.0188;-0.0422;-0.0029;-0.0020;0.0000;0.2283;10308
203.0;0.4771;0.4712;0.0302;0.0000;64;62;-0.0049;-0.0158;-0.0422;-0.0020;-0.0020;0.0000;0.2205;10308
203.5;0.4762;0.4721;0.0508;0.0000;65;64;-0.0929;-0.0114;-0.0422;-0.0029;-0.0020;0.0000;0.2205;10308
204.0;0.4757;0.4730;0.0398;0.0000;67;65;0.0733;-0.0085;-0.0422;-0.0020;-0.0020;0.0000;0.2205;10308
204.5;0.4757;0.4734;0.0206;0.0000;67;65;-0.0049;-0.0070;-0.0422;-0.0010;-0.0020;0.0000;0.2205;10308
205.0;0.4762;0.4744;0.0192;0.0000;67;65;-0.0049;-0.0056;-0.0422;-0.0010;-0.0020;0.0000;0.2205;10308
205.5;0.4762;0.4748;0.0151;0.0000;67;65;-0.0831;-0.0041;-0.0422;-0.0010;-0.0020;0.0000;0.2205;10256
206.0;0.4762;0.4757;0.0275;0.0000;69;65;-0.0049;-0.0026;-0.0422;-0.0020;-0.0020;0.0000;0.2205;10256
206.5;0.4766;0.4762;0.0302;0.0000;67;65;-0.0049;-0.0012;-0.0422;-0.0020;-0.0020;0.0000;0.2205;10308
207.0;0.4771;0.4771;0.0357;0.0000;69;65;-0.1711;-0.0012;-0.0422;-0.0020;-0.0020;0.0000;0.2205;10256
207.5;0.4780;0.4780;0.0027;0.0000;67;65;-0.0049;-0.0012;-0.0422;-0.0010;-0.0020;0.0000;0.2205;10308
208.0;0.4785;0.4785;-0.0179;0.0000;67;65;-0.0049;-0.0012;-0.0422;-0.0000;-0.0020;0.0000;0.2205;10256
208.5;0.4794;0.4789;-0.0522;0.0000;65;65;-0.0049;-0.0012;-0.0422;0.0020;-0.0020;0.0000;0.2205;10256
209.0;0.4803;0.4799;-0.0673;0.0000;65;65;-0.0049;-0.0026;-0.0422;0.0020;-0.0020;0.0000;0.2205;10256
209.5;0.4812;0.4803;-0.0948;0.0000;65;65;-0.0049;-0.0026;-0.0422;0.0039;-0.0020;0.0000;0.2205;10256
210.0;0.4817;0.4812;-0.1319;0.0000;64;65;-0.0049;-0.0026;-0.0422;0.0049;-0.0020;0.0000;0.2205;10256
210.5;0.4826;0.4817;-0.1415;0.0000;64;65;0.0049;-0.0026;-0.0422;0.0059;-0.0020;0.0000;0.2126;10308
211.0;0.4835;0.4821;-0.1621;0.0000;64;65;0.0049;-0.0026;-0.0422;0.0059;-0.0010;0.0000;0.2126;10256
211.5;0.4840;0.4831;-0.1442;0.0000;62;64;0.0049;-0.0041;-0.0422;0.0059;-0.0010;0.0000;0.2126;10256
212.0;0.4840;0.4835;-0.1593;0.0000;64;64;-0.0831;-0.0012;-0.0422;0.0059;-0.0010;0.0000;0.2126;10308
212.5;0.4840;0.4840;-0.1401;0.0000;64;65;0.0049;-0.0012;-0.0422;0.0059;-0.0010;0.0000;0.2126;10308
213.0;0.4840;0.4849;-0.1497;0.0000;65;65;-0.0831;0.0018;-0.0422;0.0059;-0.0010;0.0000;0.2126;10256
213.5;0.4835;0.4853;-0.1332;0.0000;65;65;-0.0049;0.0032;-0.0422;0.0049;-0.0010;0.0000;0.2126;10308
214.0;0.4840;0.4858;-0.1374;0.0000;65;67;-0.0049;0.0047;-0.0422;0.0049;-0.0010;0.0000;0.2126;10256
214.5;0.4840;0.4863;-0.1291;0.0000;65;67;-0.0049;0.0047;-0.0422;0.0049;-0.0010;0.0000;0.2126;10308
215.0;0.4844;0.4872;-0.1277;0.0000;65;67;-0.0049;0.0062;-0.0422;0.0049;-0.0010;0.0000;0.2126;10308
215.5;0.4849;0.4876;-0.1305;0.0000;65;67;-0.0049;0.0062;-0.0422;0.0049;-0.0010;0.0000;0.2126;10256
216.0;0.4858;0.4881;-0.1277;0.0000;65;65;-0.0831;0.0047;-0.0422;0.0049;-0.0010;0.0000;0.2126;10308
216.5;0.4863;0.4886;-0.1209;0.0000;65;65;-0.0831;0.0047;-0.0422;0.0049;-0.0010;0.0000;0.2126;10256
217.0;0.4872;0.4890;-0.1003;0.0000;64;64;0.0831;0.0047;-0.0422;0.0039;-0.0010;0.0000;0.2126;10256
217.5;0.4872;0.4895;-0.0879;0.0000;65;64;-0.0831;0.0047;-0.0422;0.0029;-0.0010;0.0000;0.2047;10308
218.0;0.4867;0.4899;-0.0618;0.0000;65;64;-0.0049;0.0076;-0.0422;0.0020;-0.0010;0.0000;0.2047;10256
218.5;0.4867;0.4904;-0.0494;0.0000;67;65;-0.0049;0.0091;-0.0422;0.0020;-0.0010;0.0000;0.2047;10308
219.0;0.4863;0.4908;-0.0151;0.0000;67;65;-0.0831;0.0105;-0.0422;-0.0000;-0.0010;0.0000;0.2047;10308
219.5;0.4863;0.4913;0.0000;0.0000;67;65;-0.0049;0.0120;-0.0422;-0.0010;-0.0010;0.0000;0.2047;10308
220.0;0.4867;0.4918;0.0124;0.0000;67;65;-0.0049;0.0120;-0.0422;-0.0010;-0.0010;0.0000;0.2047;10256
220.5;0.4872;0.4922;0.0137;0.0000;67;65;-0.0049;0.0120;-0.0422;-0.0010;-0.0010;0.0000;0.2047;10308
221.0;0.4881;0.4927;-0.0082;0.0000;67;65;-0.0831;0.0105;-0.0422;-0.0000;-0.0010;0.0000;0.2047;10256
221.5;0.4881;0.4931;-0.0069;0.0000;65;65;0.0733;0.0120;-0.0422;-0.0000;-0.0010;0.0000;0.2047;10308
222.0;0.4881;0.4936;-0.0234;0.0000;65;65;-0.0049;0.0120;-0.0422;-0.0000;-0.0010;0.0000;0.2047;10308
222.5;0.4886;0.4940;-0.0316;0.0000;65;65;-0.0049;0.0120;-0.0422;0.0010;-0.0010;0.0000;0.2047;10256
223.0;0.4890;0.4940;-0.0948;0.0000;65;65;-0.0049;0.0135;-0.0422;0.0039;-0.0010;0.0000;0.2047;10308
223.5;0.4895;0.4945;-0.1058;0.0000;64;65;0.0831;0.0120;-0.0422;0.0039;-0.0010;0.0000;0.2047;10256
224.0;0.4904;0.4950;-0.1731;0.0000;62;65;-0.0831;0.0105;-0.0422;0.0068;-0.0010;0.0000;0.1969;10256
224.5;0.4904;0.4954;-0.1786;0.0000;62;65;0.0831;0.0120;-0.0422;0.0068;-0.0010;0.0000;0.1969;10308
225.0;0.4899;0.4959;-0.1882;0.0000;62;67;0.0049;0.0135;-0.0422;0.0078;-0.0010;0.0000;0.1969;10256
225.5;0.4895;0.4959;-0.1662;0.0000;64;67;0.0049;0.0149;-0.0422;0.0068;-0.0010;0.0000;0.1969;10308
226.0;0.4890;0.4963;-0.1744;0.0000;65;67;0.0049;0.0179;-0.0422;0.0068;-0.0010;0.0000;0.1969;10308
226.5;0.4890;0.4968;-0.1690;0.0000;65;69;0.0049;0.0193;-0.0422;0.0068;-0.0010;0.0000;0.1969;10256
227.0;0.4890;0.4968;-0.1525;0.0000;65;67;0.0049;0.0193;-0.0407;0.0059;-0.0010;0.0000;0.1969;10256
227.5;0.4895;0.4973;-0.1593;0.0000;65;67;-0.0831;0.0179;-0.0407;0.0059;-0.0010;0.0000;0.1969;10308
228.0;0.4899;0.4977;-0.1387;0.0000;65;67;0.0049;0.0179;-0.0407;0.0049;-0.0010;0.0000;0.1969;10256
228.5;0.4904;0.4977;-0.1648;0.0000;64;65;0.0049;0.0179;-0.0407;0.0068;-0.0010;0.0000;0.1969;10256
229.0;0.4908;0.4982;-0.1607;0.0000;64;65;0.0049;0.0179;-0.0407;0.0059;-0.0010;0.0000;0.1969;10308
229.5;0.4908;0.4982;-0.1786;0.0000;64;65;0.0049;0.0179;-0.0407;0.0068;-0.0010;0.0000;0.1969;10256
230.0;0.4913;0.4986;-0.1511;0.0000;64;65;0.0049;0.0179;-0.0407;0.0059;-0.0010;0.0000;0.1969;10308
230.5;0.4927;0.4986;-0.1442;0.0000;62;64;0.0049;0.0149;-0.0407;0.0059;-0.0010;0.0000;0.1890;10308
231.0;0.4940;0.4991;-0.1223;0.0000;60;62;-0.0049;0.0120;-0.0407;0.0049;-0.0010;0.0000;0.1890;10256
231.5;0.4945;0.4991;-0.1277;0.0000;60;62;-0.0049;0.0105;-0.0407;0.0049;-0.0000;0.0000;0.1890;10308
232.0;0.4950;0.4995;-0.1305;0.0000;60;62;-0.0049;0.0105;-0.0407;0.0049;-0.0000;0.0000;0.1890;10308
232.5;0.4954;0.4995;-0.1016;0.0000;60;62;-0.0831;0.0091;-0.0407;0.0039;-0.0000;0.0000;0.1890;10308
233.0;0.4950;0.4995;-0.1044;0.0000;60;62;0.0831;0.0120;-0.0407;0.0039;-0.0000;0.0000;0.1890;10308
233.5;0.4950;0.5000;-0.0646;0.0000;58;60;0.0831;0.0105;-0.0407;0.0020;-0.0000;0.0000;0.1811;10308
234.0;0.4954;0.5000;-0.0714;0.0000;58;60;-0.0049;0.0105;-0.0407;0.0029;-0.0000;0.0000;0.1811;10308
234.5;0.4954;0.5000;-0.0728;0.0000;58;60;-0.0049;0.0105;-0.0407;0.0029;-0.0000;0.0000;0.1811;10308
235.0;0.4954;0.5000;-0.0783;0.0000;58;60;0.0831;0.0105;-0.0407;0.0029;-0.0000;0.0000;0.1811;10308
235.5;0.4954;0.5000;-0.0742;0.0000;58;60;-0.1613;0.0105;-0.0407;0.0029;-0.0000;0.0000;0.1811;10308
236.0;0.4959;0.5000;-0.0618;0.0000;58;58;0.0831;0.0091;-0.0407;0.0020;-0.0000;0.0000;0.1811;10308
236.5;0.4963;0.5000;-0.0701;0.0000;58;58;-0.0049;0.0091;-0.0407;0.0020;-0.0000;0.0000;0.1811;10308
237.0;0.4963;0.5000;-0.0481;0.0000;58;58;-0.0049;0.0076;-0.0407;0.0020;-0.0000;0.0000;0.1811;10308
237.5;0.4968;0.5000;-0.0508;0.0000;56;58;-0.0049;0.0062;-0.0407;0.0020;-0.0000;0.0000;0.1811;10308
238.0;0.4973;0.5000;-0.0247;0.0000;56;58;-0.0049;0.0047;-0.0407;0.0010;-0.0000;0.0000;0.1811;10308
238.5;0.4973;0.5000;-0.0371;0.0000;56;58;-0.0049;0.0047;-0.0407;0.0010;-0.0000;0.0000;0.1811;10308
239.0;0.4977;0.5000;-0.0192;0.0000;56;58;-0.0049;0.0047;-0.0407;-0.0000;-0.0000;0.0000;0.1811;10308
239.5;0.4982;0.5000;-0.0247;0.0000;56;58;0.0733;0.0032;-0.0407;0.0010;-0.0000;0.0000;0.1811;10308
240.0;0.4986;0.5000;-0.0426;0.0000;56;58;-0.0049;0.0018;-0.0407;0.0010;-0.0000;0.0000;0.1811;10359
240.5;0.4986;0.5000;-0.0371;0.0000;56;56;-0.0049;0.0018;-0.0407;0.0010;-0.0000;0.0000;0.1811;10359
241.0;0.4986;0.5000;-0.0151;0.0000;56;56;-0.0049;0.0018;-0.0407;-0.0000;-0.0000;0.0000;0.1811;10359
241.5;0.4986;0.5000;0.0398;0.0000;56;56;-0.0049;0.0032;-0.0407;-0.0020;-0.0000;0.0000;0.1811;10359
242.0;0.4991;0.5000;0.0687;0.0000;56;56;0.0733;0.0018;-0.0407;-0.0029;-0.0000;0.0000;0.1811;10359
242.5;0.4991;0.5000;0.1168;0.0000;56;56;-0.0049;0.0003;-0.0407;-0.0059;-0.0000;0.0000;0.1811;10359
243.0;0.4995;0.5000;0.1401;0.0000;58;54;-0.0147;0.0003;-0.0407;-0.0068;-0.0000;0.0000;0.1811;10359
243.5;0.4991;0.5000;0.1827;0.0000;58;54;-0.0147;0.0003;-0.0407;-0.0078;-0.0000;0.0000;0.1811;10308
244.0;0.5000;0.5000;0.2157;0.0000;58;54;0.0733;-0.0012;-0.0407;-0.0098;-0.0000;0.0000;0.1811;10359
244.5;0.5000;0.5000;0.2514;0.0000;58;54;-0.0147;-0.0012;-0.0407;-0.0108;-0.0000;0.0000;0.1811;10359
245.0;0.5005;0.5000;0.2541;0.0000;58;54;-0.0147;-0.0026;-0.0407;-0.0108;-0.0010;0.0000;0.1811;10308
245.5;0.5000;0.5000;0.2431;0.0000;58;54;-0.0147;-0.0012;-0.0407;-0.0108;-0.0010;0.0000;0.1811;10359
246.0;0.5000;0.5000;0.2253;0.0000;58;54;-0.0147;-0.0012;-0.0407;-0.0098;-0.0010;0.0000;0.1811;10359
246.5;0.5005;0.5000;0.2060;0.0000;56;54;0.0733;-0.0026;-0.0407;-0.0088;-0.0010;0.0000;0.1811;10359
247.0;0.5009;0.5000;0.2115;0.0000;56;54;-0.0147;-0.0026;-0.0407;-0.0098;-0.0010;0.0000;0.1811;10359
247.5;0.5009;0.5000;0.1964;0.0000;56;54;-0.0147;-0.0041;-0.0407;-0.0088;-0.0010;0.0000;0.1811;10359
248.0;0.5009;0.5000;0.2170;0.0000;58;54;-0.0147;-0.0026;-0.0407;-0.0098;-0.0010;0.0000;0.1811;10359
248.5;0.5005;0.5000;0.2143;0.0000;58;54;-0.0147;-0.0026;-0.0407;-0.0098;-0.0010;0.0000;0.1811;10359
249.0;0.4986;0.5000;0.2060;0.0000;60;56;-0.0929;0.0018;-0.0407;-0.0088;-0.0010;0.0000;0.1811;10359
249.5;0.4973;0.5000;0.2033;0.0000;60;58;0.0733;0.0047;-0.0407;-0.0088;-0.0010;0.0000;0.1811;10359
250.0;0.4963;0.5000;0.2047;0.0000;62;60;-0.0147;0.0076;-0.0407;-0.0088;-0.0010;0.0000;0.1811;10359
250.5;0.4950;0.5000;0.2266;0.0000;64;62;0.0733;0.0105;-0.0407;-0.0098;-0.0010;0.0000;0.1811;10308
251.0;0.4931;0.5000;0.2349;0.0000;65;64;0.0635;0.0164;-0.0407;-0.0108;-0.0010;0.0000;0.1811;10359
251.5;0.4918;0.5000;0.2541;0.0000;65;64;-0.0147;0.0193;-0.0393;-0.0108;-0.0010;0.0000;0.1811;10308
252.0;0.4904;0.5000;0.2637;0.0000;67;65;0.0635;0.0237;-0.0393;-0.0117;-0.0010;0.0000;0.1811;10308
252.5;0.4876;0.5000;0.2610;0.0000;69;67;-0.0147;0.0296;-0.0393;-0.0117;-0.0010;0.0000;0.1811;10308
253.0;0.4858;0.5000;0.2335;0.0000;71;71;0.0635;0.0340;-0.0393;-0.0108;-0.0010;0.0000;0.1811;10308
253.5;0.4840;0.5000;0.2102;0.0000;73;73;0.0733;0.0398;-0.0393;-0.0098;-0.0010;0.0000;0.1811;10256
254.0;0.4826;0.5000;0.1978;0.0000;73;73;-0.0147;0.0428;-0.0393;-0.0088;-0.0010;0.0000;0.1811;10308
254.5;0.4817;0.5000;0.1854;0.0000;73;73;-0.0147;0.0442;-0.0393;-0.0078;-0.0010;0.0000;0.1811;10256
255.0;0.4817;0.5000;0.1607;0.0000;73;73;-0.0929;0.0442;-0.0393;-0.0068;-0.0010;0.0000;0.1811;10256
255.5;0.4826;0.5000;0.1415;0.0000;71;71;0.0733;0.0428;-0.0393;-0.0068;-0.0010;0.0000;0.1811;10256
256.0;0.4840;0.5000;0.0852;0.0000;67;69;0.0733;0.0384;-0.0393;-0.0039;-0.0020;0.0000;0.1811;10308
256.5;0.4849;0.5000;0.0426;0.0000;65;67;-0.0049;0.0355;-0.0378;-0.0020;-0.0020;0.0000;0.1811;10256
257.0;0.4858;0.5000;0.0371;0.0000;65;67;-0.0049;0.0340;-0.0378;-0.0020;-0.0020;0.0000;0.1811;10308
257.5;0.4863;0.5000;0.0275;0.0000;64;65;0.0733;0.0340;-0.0378;-0.0020;-0.0020;0.0000;0.1811;10256
258.0;0.4863;0.5000;0.0481;0.0000;64;65;-0.0049;0.0325;-0.0378;-0.0029;-0.0020;0.0000;0.1811;10256
258.5;0.4867;0.5000;0.0687;0.0000;64;64;-0.0049;0.0325;-0.0378;-0.0029;-0.0020;0.0000;0.1811;10308
259.0;0.4858;0.5000;0.1236;0.0000;65;64;-0.0929;0.0340;-0.0378;-0.0059;-0.0020;0.0000;0.1811;10256
259.5;0.4849;0.5000;0.1635;0.0000;67;64;-0.0929;0.0369;-0.0378;-0.0078;-0.0020;0.0000;0.1811;10308
260.0;0.4840;0.5000;0.2253;0.0000;69;65;-0.0147;0.0384;-0.0378;-0.0098;-0.0020;0.0000;0.1811;10308
260.5;0.4835;0.5000;0.2720;0.0000;71;65;-0.0147;0.0398;-0.0378;-0.0117;-0.0020;0.0000;0.1811;10256
261.0;0.4840;0.5000;0.2788;0.0000;71;64;-0.0929;0.0384;-0.0378;-0.0127;-0.0020;0.0000;0.1811;10308
261.5;0.4844;0.5000;0.2857;0.0000;71;64;-0.0147;0.0384;-0.0363;-0.0127;-0.0020;0.0000;0.1811;10256
262.0;0.4844;0.5000;0.2555;0.0000;69;64;-0.0147;0.0369;-0.0363;-0.0108;-0.0020;0.0000;0.1811;10308
262.5;0.4853;0.5000;0.2047;0.0000;67;64;0.0733;0.0355;-0.0363;-0.0088;-0.0020;0.0000;0.1811;10308
263.0;0.4876;0.5000;0.1305;0.0000;65;62;-0.0049;0.0296;-0.0363;-0.0059;-0.0020;0.0000;0.1811;10308
263.5;0.4890;0.5000;0.0728;0.0000;62;62;-0.0049;0.0267;-0.0363;-0.0039;-0.0020;0.0000;0.1811;10308
264.0;0.4904;0.5000;0.0247;0.0000;60;60;0.0733;0.0223;-0.0363;-0.0020;-0.0020;0.0000;0.1811;10308
264.5;0.4918;0.5000;0.0027;0.0000;58;60;-0.0049;0.0193;-0.0363;-0.0010;-0.0020;0.0000;0.1811;10308
265.0;0.4922;0.5000;0.0055;0.0000;58;58;-0.0049;0.0179;-0.0363;-0.0010;-0.0020;0.0000;0.1811;10308
265.5;0.4927;0.5000;0.0302;0.0000;58;58;-0.0049;0.0164;-0.0363;-0.0020;-0.0020;0.0000;0.1811;10308
266.0;0.4931;0.5000;0.0975;0.0000;60;58;-0.0929;0.0164;-0.0363;-0.0049;-0.0020;0.0000;0.1811;10308
266.5;0.4931;0.5000;0.1277;0.0000;60;58;-0.0049;0.0164;-0.0363;-0.0059;-0.0020;0.0000;0.1811;10308
267.0;0.4940;0.5000;0.1758;0.0000;60;56;0.0733;0.0135;-0.0363;-0.0078;-0.0020;0.0000;0.1811;10308
267.5;0.4945;0.5000;0.1690;0.0000;60;56;-0.0147;0.0120;-0.0363;-0.0078;-0.0020;0.0000;0.1811;10308
268.0;0.4959;0.5000;0.1470;0.0000;58;56;-0.0147;0.0091;-0.0363;-0.0068;-0.0020;0.0000;0.1811;10359
268.5;0.4973;0.5000;0.1305;0.0000;56;54;-0.0049;0.0062;-0.0363;-0.0059;-0.0020;0.0000;0.1811;10308
269.0;0.4986;0.5000;0.1030;0.0000;56;54;0.0733;0.0018;-0.0363;-0.0049;-0.0020;0.0000;0.1811;10308
269.5;0.4995;0.5000;0.0879;0.0000;54;54;-0.0049;0.0003;-0.0363;-0.0039;-0.0020;0.0000;0.1811;10359
270.0;0.5005;0.5000;0.0756;0.0000;54;52;0.0733;-0.0026;-0.0363;-0.0039;-0.0020;0.0000;0.1811;10308
270.5;0.5014;0.5000;0.0756;0.0000;52;52;-0.0049;-0.0041;-0.0363;-0.0039;-0.0020;0.0000;0.1811;10359
271.0;0.5023;0.5000;0.0838;0.0000;52;52;0.0733;-0.0070;-0.0363;-0.0039;-0.0020;0.0000;0.1811;10359
271.5;0.5027;0.5000;0.1085;0.0000;52;52;-0.0049;-0.0085;-0.0363;-0.0049;-0.0020;0.0000;0.1811;10359
272.0;0.5032;0.5000;0.1415;0.0000;52;50;-0.0049;-0.0100;-0.0363;-0.0068;-0.0020;0.0000;0.1811;10359
272.5;0.5032;0.5000;0.1635;0.0000;54;52;-0.0147;-0.0100;-0.0363;-0.0078;-0.0020;0.0000;0.1811;10359
273.0;0.5023;0.5000;0.1635;0.0000;54;52;0.0733;-0.0070;-0.0363;-0.0078;-0.0020;0.0000;0.1811;10359
273.5;0.5023;0.5000;0.1552;0.0000;56;54;-0.0929;-0.0070;-0.0363;-0.0068;-0.0020;0.0000;0.1811;10359
274.0;0.5032;0.5000;0.1690;0.0000;56;52;0.0733;-0.0085;-0.0363;-0.0078;-0.0020;0.0000;0.1811;10359
274.5;0.5032;0.5000;0.1607;0.0000;56;52;-0.0147;-0.0100;-0.0363;-0.0068;-0.0029;0.0000;0.1811;10359
275.0;0.5032;0.5000;0.1731;0.0000;56;52;-0.0147;-0.0100;-0.0363;-0.0078;-0.0029;0.0000;0.1811;10359
275.5;0.5041;0.5000;0.1484;0.0000;54;52;0.0733;-0.0114;-0.0363;-0.0068;-0.0029;0.0000;0.1811;10359
276.0;0.5041;0.5000;0.1168;0.0000;54;52;-0.0049;-0.0114;-0.0363;-0.0059;-0.0029;0.0000;0.1811;10359
276.5;0.5041;0.5000;0.0769;0.0000;54;54;-0.0049;-0.0114;-0.0363;-0.0039;-0.0029;0.0000;0.1811;10359
277.0;0.5037;0.5000;0.0412;0.0000;54;56;0.0733;-0.0100;-0.0363;-0.0020;-0.0029;0.0000;0.1811;10359
277.5;0.5018;0.5000;0.0014;0.0000;56;58;0.0733;-0.0070;-0.0363;-0.0010;-0.0029;0.0000;0.1811;10359
278.0;0.5023;0.5000;-0.0522;0.0000;56;58;-0.0049;-0.0070;-0.0363;0.0020;-0.0029;0.0000;0.1811;10359
278.5;0.5023;0.5000;-0.0838;0.0000;54;58;-0.0049;-0.0070;-0.0363;0.0029;-0.0029;0.0000;0.1811;10359
279.0;0.5023;0.5000;-0.0975;0.0000;54;58;-0.0049;-0.0070;-0.0363;0.0039;-0.0029;0.0000;0.1811;10359
279.5;0.5014;0.5000;-0.0618;0.0000;56;58;0.0831;-0.0056;-0.0363;0.0020;-0.0029;0.0000;0.1811;10359
280.0;0.5005;0.5000;-0.0646;0.0000;56;60;-0.0049;-0.0026;-0.0363;0.0020;-0.0029;0.0000;0.1811;10359
280.5;0.5009;0.5000;-0.0220;0.0000;58;60;0.0733;-0.0026;-0.0363;-0.0000;-0.0029;0.0000;0.1811;10308
281.0;0.5000;0.5000;0.0110;0.0000;58;60;0.0733;-0.0012;-0.0363;-0.0010;-0.0029;0.0000;0.1811;10359
281.5;0.4995;0.5000;0.0426;0.0000;60;60;-0.0049;0.0003;-0.0363;-0.0020;-0.0029;0.0000;0.1811;10308
282.0;0.4982;0.5000;0.0659;0.0000;60;62;-0.0049;0.0032;-0.0363;-0.0029;-0.0029;0.0000;0.1811;10359
282.5;0.4968;0.5000;0.0934;0.0000;62;62;-0.0049;0.0062;-0.0363;-0.0049;-0.0029;0.0000;0.1811;10308
283.0;0.4963;0.5000;0.1016;0.0000;62;62;-0.0049;0.0076;-0.0363;-0.0049;-0.0029;0.0000;0.1811;10308
283.5;0.4959;0.5000;0.0920;0.0000;62;64;0.1515;0.0091;-0.0363;-0.0049;-0.0029;0.0000;0.1811;10308
284.0;0.4954;0.5000;0.1058;0.0000;64;64;-0.0049;0.0105;-0.0363;-0.0049;-0.0029;0.0000;0.1811;10308
284.5;0.4954;0.5000;0.1113;0.0000;62;64;0.0733;0.0105;-0.0363;-0.0049;-0.0029;0.0000;0.1811;10308
285.0;0.4954;0.5000;0.1401;0.0000;62;62;-0.0049;0.0091;-0.0363;-0.0068;-0.0029;0.0000;0.1811;10308
285.5;0.4959;0.5000;0.1662;0.0000;62;60;-0.0147;0.0091;-0.0363;-0.0078;-0.0029;0.0000;0.1811;10308
286.0;0.4963;0.5000;0.1992;0.0000;62;60;0.0733;0.0076;-0.0363;-0.0088;-0.0029;0.0000;0.1811;10308
286.5;0.4959;0.5000;0.2266;0.0000;62;60;0.0733;0.0091;-0.0363;-0.0098;-0.0029;0.0000;0.1811;10359
287.0;0.4963;0.5000;0.2500;0.0000;62;58;-0.0929;0.0076;-0.0363;-0.0108;-0.0029;0.0000;0.1811;10308
287.5;0.4959;0.5000;0.2651;0.0000;62;58;0.0635;0.0091;-0.0363;-0.0117;-0.0029;0.0000;0.1811;10308
288.0;0.4954;0.5000;0.2940;0.0000;64;58;-0.0147;0.0105;-0.0363;-0.0127;-0.0029;0.0000;0.1811;10359
288.5;0.4945;0.5000;0.3365;0.0000;64;60;0.0635;0.0135;-0.0363;-0.0147;-0.0029;0.0000;0.1811;10308
289.0;0.4918;0.5000;0.3338;0.0000;69;60;-0.0147;0.0193;-0.0363;-0.0147;-0.0029;0.0000;0.1811;10308
289.5;0.4895;0.5000;0.3365;0.0000;71;64;0.0635;0.0252;-0.0363;-0.0147;-0.0029;0.0000;0.1811;10308
290.0;0.4872;0.5000;0.2981;0.0000;73;67;-0.0147;0.0296;-0.0349;-0.0127;-0.0029;0.0000;0.1811;10308
290.5;0.4863;0.5000;0.2514;0.0000;73;67;0.0635;0.0325;-0.0349;-0.0108;-0.0029;0.0000;0.1811;10308
291.0;0.4858;0.5000;0.2019;0.0000;71;69;-0.0147;0.0340;-0.0349;-0.0088;-0.0029;0.0000;0.1811;10308
291.5;0.4853;0.5000;0.1607;0.0000;71;69;-0.0147;0.0355;-0.0349;-0.0068;-0.0029;0.0000;0.1811;10256
292.0;0.4853;0.5000;0.1099;0.0000;71;69;-0.0049;0.0355;-0.0349;-0.0049;-0.0029;0.0000;0.1811;10256
292.5;0.4858;0.5000;0.0591;0.0000;69;69;0.0733;0.0340;-0.0349;-0.0029;-0.0029;0.0000;0.1811;10308
293.0;0.4863;0.5000;0.0522;0.0000;67;67;-0.0049;0.0340;-0.0349;-0.0029;-0.0029;0.0000;0.1811;10256
293.5;0.4863;0.5000;0.0412;0.0000;67;67;-0.0049;0.0325;-0.0349;-0.0020;-0.0029;0.0000;0.1811;10308
294.0;0.4863;0.5000;0.0453;0.0000;67;67;-0.0049;0.0325;-0.0349;-0.0020;-0.0029;0.0000;0.1811;10308
294.5;0.4876;0.5000;0.0440;0.0000;65;65;0.0733;0.0296;-0.0349;-0.0020;-0.0029;0.0000;0.1811;10256
295.0;0.4881;0.5000;0.0632;0.0000;65;64;-0.0049;0.0281;-0.0349;-0.0029;-0.0039;0.0000;0.1811;10308
295.5;0.4886;0.5000;0.0508;0.0000;64;64;-0.0049;0.0281;-0.0334;-0.0029;-0.0039;0.0000;0.1811;10256
296.0;0.4895;0.5000;0.0343;0.0000;64;64;0.0733;0.0252;-0.0334;-0.0020;-0.0039;0.0000;0.1811;10308
296.5;0.4899;0.5000;0.0536;0.0000;62;62;-0.0049;0.0237;-0.0334;-0.0029;-0.0039;0.0000;0.1811;10308
297.0;0.4904;0.5000;0.0481;0.0000;62;62;-0.0049;0.0223;-0.0334;-0.0029;-0.0039;0.0000;0.1811;10308
297.5;0.4908;0.5000;0.0577;0.0000;62;62;-0.0049;0.0223;-0.0334;-0.0029;-0.0039;0.0000;0.1811;10308
298.0;0.4908;0.5000;0.0440;0.0000;62;62;-0.0049;0.0223;-0.0334;-0.0020;-0.0039;0.0000;0.1811;10308
298.5;0.4908;0.5000;0.0618;0.0000;62;62;-0.0049;0.0223;-0.0334;-0.0029;-0.0039;0.0000;0.1811;10308
299.0;0.4908;0.5000;0.0508;0.0000;64;62;-0.0049;0.0208;-0.0334;-0.0029;-0.0039;0.0000;0.1811;10308
299.5;0.4908;0.5000;0.0632;0.0000;64;62;-0.0049;0.0208;-0.0334;-0.0029;-0.0039;0.0000;0.1811;10308
300.0;0.4918;0.5000;0.0687;0.0000;62;62;0.0733;0.0193;-0.0334;-0.0029;-0.0039;0.0000;0.1811;10308
300.5;0.4918;0.5000;0.0632;0.0000;62;62;-0.0049;0.0193;-0.0334;-0.0029;-0.0039;0.0000;0.1811;10308
301.0;0.4922;0.5000;0.0577;0.0000;62;62;-0.0049;0.0179;-0.0334;-0.0029;-0.0039;0.0000;0.1811;10308
301.5;0.4922;0.5000;0.0591;0.0000;62;60;-0.0049;0.0179;-0.0334;-0.0029;-0.0039;0.0000;0.1811;10308
302.0;0.4931;0.5000;0.0962;0.0000;62;60;-0.0929;0.0164;-0.0334;-0.0049;-0.0039;0.0000;0.1811;10308
302.5;0.4936;0.5000;0.0948;0.0000;62;58;-0.0049;0.0149;-0.0334;-0.0049;-0.0039;0.0000;0.1811;10308
303.0;0.4940;0.5000;0.1291;0.0000;62;58;-0.0049;0.0135;-0.0334;-0.0059;-0.0039;0.0000;0.1811;10308
303.5;0.4940;0.5000;0.1415;0.0000;62;58;-0.0147;0.0135;-0.0334;-0.0068;-0.0039;0.0000;0.1811;10308
304.0;0.4950;0.5000;0.1264;0.0000;62;58;0.0733;0.0120;-0.0334;-0.0059;-0.0039;0.0000;0.1811;10308
304.5;0.4954;0.5000;0.1236;0.0000;60;58;-0.0049;0.0105;-0.0334;-0.0059;-0.0039;0.0000;0.1811;10308
305.0;0.4954;0.5000;0.1223;0.0000;62;58;-0.0049;0.0105;-0.0334;-0.0059;-0.0039;0.0000;0.1811;10308
305.5;0.4954;0.5000;0.1264;0.0000;62;58;-0.0049;0.0105;-0.0319;-0.0059;-0.0039;0.0000;0.1811;10308
306.0;0.4954;0.5000;0.1030;0.0000;62;58;-0.0049;0.0105;-0.0319;-0.0049;-0.0039;0.0000;0.1811;10308
306.5;0.4945;0.5000;0.1209;0.0000;62;60;-0.0049;0.0120;-0.0319;-0.0059;-0.0039;0.0000;0.1811;10308
307.0;0.4940;0.5000;0.1277;0.0000;64;60;-0.0049;0.0135;-0.0319;-0.0059;-0.0039;0.0000;0.1811;10308
307.5;0.4936;0.5000;0.1387;0.0000;64;60;-0.0147;0.0149;-0.0319;-0.0059;-0.0039;0.0000;0.1811;10308
308.0;0.4940;0.5000;0.1195;0.0000;64;62;0.0733;0.0135;-0.0319;-0.0059;-0.0039;0.0000;0.1811;10308
308.5;0.4940;0.5000;0.1236;0.0000;64;60;-0.0049;0.0135;-0.0319;-0.0059;-0.0039;0.0000;0.1811;10308
309.0;0.4945;0.5000;0.1003;0.0000;62;60;-0.0929;0.0135;-0.0319;-0.0049;-0.0039;0.0000;0.1811;10359
309.5;0.4940;0.5000;0.0824;0.0000;62;60;-0.0049;0.0135;-0.0319;-0.0039;-0.0039;0.0000;0.1811;10308
310.0;0.4940;0.5000;0.0728;0.0000;62;62;-0.0049;0.0135;-0.0319;-0.0039;-0.0039;0.0000;0.1811;10308
310.5;0.4940;0.5000;0.0618;0.0000;62;62;-0.0049;0.0135;-0.0319;-0.0029;-0.0039;0.0000;0.1811;10359
311.0;0.4940;0.5000;0.0659;0.0000;64;62;-0.0049;0.0135;-0.0319;-0.0029;-0.0039;0.0000;0.1811;10308
311.5;0.4945;0.5000;0.0385;0.0000;62;62;0.0733;0.0120;-0.0319;-0.0020;-0.0039;0.0000;0.1811;10308
312.0;0.4950;0.5000;0.0453;0.0000;62;60;-0.0049;0.0120;-0.0319;-0.0020;-0.0039;0.0000;0.1811;10308
312.5;0.4950;0.5000;0.0508;0.0000;62;60;-0.0049;0.0105;-0.0319;-0.0029;-0.0039;0.0000;0.1811;10308
313.0;0.4959;0.5000;0.0673;0.0000;62;58;-0.0929;0.0091;-0.0319;-0.0029;-0.0039;0.0000;0.1811;10308
313.5;0.4963;0.5000;0.0756;0.0000;62;58;-0.0049;0.0076;-0.0319;-0.0039;-0.0039;0.0000;0.1811;10308
314.0;0.4963;0.5000;0.0824;0.0000;62;58;-0.0049;0.0076;-0.0319;-0.0039;-0.0039;0.0000;0.1811;10308
314.5;0.4973;0.5000;0.0783;0.0000;60;58;0.0733;0.0062;-0.0319;-0.0039;-0.0039;0.0000;0.1811;10308
315.0;0.4977;0.5000;0.0618;0.0000;60;58;-0.0049;0.0047;-0.0319;-0.0029;-0.0039;0.0000;0.1811;10359
315.5;0.4977;0.5000;0.0632;0.0000;60;58;-0.0049;0.0032;-0.0319;-0.0029;-0.0039;0.0000;0.1811;10308
316.0;0.4982;0.5000;0.0467;0.0000;60;58;-0.0049;0.0032;-0.0319;-0.0029;-0.0039;0.0000;0.1811;10359
316.5;0.4973;0.5000;0.0467;0.0000;60;58;-0.0049;0.0062;-0.0319;-0.0029;-0.0039;0.0000;0.1811;10308
317.0;0.4968;0.5000;0.0426;0.0000;62;58;-0.0049;0.0076;-0.0319;-0.0020;-0.0039;0.0000;0.1811;10359
317.5;0.4954;0.5000;0.0357;0.0000;62;60;0.0733;0.0105;-0.0319;-0.0020;-0.0039;0.0000;0.1811;10359
318.0;0.4945;0.5000;0.0385;0.0000;64;62;-0.0049;0.0120;-0.0319;-0.0020;-0.0039;0.0000;0.1811;10308
318.5;0.4936;0.5000;0.0453;0.0000;65;62;-0.0049;0.0149;-0.0319;-0.0020;-0.0039;0.0000;0.1811;10308
319.0;0.4940;0.5000;0.0646;0.0000;64;64;0.0733;0.0135;-0.0319;-0.0029;-0.0039;0.0000;0.1811;10308
319.5;0.4940;0.5000;0.0522;0.0000;64;62;-0.0049;0.0135;-0.0319;-0.0029;-0.0039;0.0000;0.1811;10308
320.0;0.4940;0.5000;0.0742;0.0000;64;62;-0.0049;0.0135;-0.0319;-0.0039;-0.0039;0.0000;0.1811;10308
320.5;0.4940;0.5000;0.0756;0.0000;64;62;-0.0049;0.0135;-0.0319;-0.0039;-0.0039;0.0000;0.1811;10308
321.0;0.4945;0.5000;0.1016;0.0000;64;62;0.0733;0.0120;-0.0305;-0.0049;-0.0039;0.0000;0.1811;10308
321.5;0.4940;0.5000;0.1113;0.0000;64;60;-0.0929;0.0135;-0.0305;-0.0049;-0.0039;0.0000;0.1811;10308
322.0;0.4940;0.5000;0.1470;0.0000;65;60;-0.0147;0.0135;-0.0305;-0.0068;-0.0039;0.0000;0.1811;10308
322.5;0.4936;0.5000;0.1511;0.0000;65;60;-0.0147;0.0149;-0.0305;-0.0068;-0.0039;0.0000;0.1811;10308
323.0;0.4931;0.5000;0.0838;0.0000;65;62;-0.0049;0.0149;-0.0305;-0.0039;-0.0039;0.0000;0.1811;10308
323.5;0.4931;0.5000;0.0495;0.0000;65;62;-0.0049;0.0164;-0.0305;-0.0029;-0.0039;0.0000;0.1811;10308
324.0;0.4936;0.5000;-0.0110;0.0000;64;62;-0.0831;0.0149;-0.0305;-0.0000;-0.0039;0.0000;0.1811;10308
324.5;0.4940;0.5000;-0.0494;0.0000;64;62;-0.0049;0.0135;-0.0305;0.0020;-0.0039;0.0000;0.1811;10308
325.0;0.4940;0.5000;-0.0755;0.0000;62;62;-0.0049;0.0135;-0.0305;0.0029;-0.0039;0.0000;0.1811;10308
325.5;0.4940;0.5000;-0.0783;0.0000;62;62;-0.0049;0.0135;-0.0305;0.0029;-0.0039;0.0000;0.1811;10308
326.0;0.4940;0.5000;-0.0769;0.0000;62;62;-0.0049;0.0135;-0.0305;0.0029;-0.0039;0.0000;0.1811;10308
326.5;0.4940;0.5000;-0.0591;0.0000;62;62;-0.0049;0.0135;-0.0305;0.0020;-0.0039;0.0000;0.1811;10256
327.0;0.4931;0.5000;-0.0110;0.0000;64;62;-0.0049;0.0149;-0.0305;-0.0000;-0.0039;0.0000;0.1811;10308
327.5;0.4927;0.5000;0.0151;0.0000;65;62;-0.0049;0.0179;-0.0305;-0.0010;-0.0039;0.0000;0.1811;10308
328.0;0.4927;0.5000;0.0549;0.0000;65;62;-0.0929;0.0164;-0.0305;-0.0029;-0.0039;0.0000;0.1811;10308
328.5;0.4931;0.5000;0.0714;0.0000;65;62;-0.0049;0.0164;-0.0305;-0.0039;-0.0039;0.0000;0.1811;10308
329.0;0.4931;0.5000;0.0948;0.0000;65;62;-0.0049;0.0164;-0.0305;-0.0049;-0.0039;0.0000;0.1811;10308
329.5;0.4931;0.5000;0.0838;0.0000;65;62;-0.0049;0.0164;-0.0305;-0.0039;-0.0039;0.0000;0.1811;10308
330.0;0.4927;0.5000;0.0810;0.0000;65;62;-0.0049;0.0164;-0.0305;-0.0039;-0.0049;0.0000;0.1811;10308
330.5;0.4927;0.5000;0.0536;0.0000;65;62;-0.0049;0.0164;-0.0305;-0.0029;-0.0049;0.0000;0.1811;10308
331.0;0.4922;0.5000;0.0302;0.0000;65;64;0.0733;0.0193;-0.0305;-0.0020;-0.0049;0.0000;0.1811;10308
331.5;0.4913;0.5000;-0.0014;0.0000;67;65;-0.0049;0.0208;-0.0305;-0.0000;-0.0049;0.0000;0.1811;10308
332.0;0.4908;0.5000;-0.0124;0.0000;67;65;-0.0049;0.0223;-0.0305;-0.0000;-0.0049;0.0000;0.1811;10256
332.5;0.4908;0.5000;-0.0055;0.0000;67;65;0.0733;0.0237;-0.0290;-0.0000;-0.0049;0.0000;0.1811;10256
333.0;0.4899;0.5000;0.0110;0.0000;69;67;-0.0831;0.0252;-0.0290;-0.0010;-0.0049;0.0000;0.1811;10308
333.5;0.4890;0.5005;0.0563;0.0000;71;67;-0.0049;0.0267;-0.0290;-0.0029;-0.0049;0.0000;0.1811;10256
334.0;0.4904;0.5005;0.0879;0.0000;71;65;-0.0049;0.0252;-0.0290;-0.0039;-0.0049;0.0000;0.1890;10256
334.5;0.4908;0.5005;0.1071;0.0000;69;65;-0.0049;0.0237;-0.0290;-0.0049;-0.0049;0.0000;0.1890;10256
335.0;0.4913;0.5005;0.1195;0.0000;69;65;-0.0929;0.0223;-0.0290;-0.0059;-0.0049;0.0000;0.1890;10256
335.5;0.4918;0.5009;0.1250;0.0000;69;64;-0.0049;0.0223;-0.0290;-0.0059;-0.0049;0.0000;0.1890;10308
336.0;0.4918;0.5009;0.1277;0.0000;69;64;-0.0049;0.0223;-0.0290;-0.0059;-0.0049;0.0000;0.1890;10256
336.5;0.4922;0.5009;0.1140;0.0000;69;65;-0.0049;0.0223;-0.0290;-0.0049;-0.0049;0.0000;0.1890;10256
337.0;0.4927;0.5014;0.1044;0.0000;69;64;-0.0929;0.0208;-0.0290;-0.0049;-0.0049;0.0000;0.1890;10256
337.5;0.4936;0.5014;0.0907;0.0000;67;64;-0.0049;0.0193;-0.0290;-0.0039;-0.0049;0.0000;0.1890;10308
338.0;0.4940;0.5018;0.0742;0.0000;67;64;-0.0049;0.0193;-0.0290;-0.0039;-0.0049;0.0000;0.1890;10256
338.5;0.4950;0.5018;0.0632;0.0000;67;64;-0.0929;0.0164;-0.0290;-0.0029;-0.0049;0.0000;0.1890;10308
339.0;0.4954;0.5023;0.0591;0.0000;67;64;-0.0049;0.0149;-0.0290;-0.0029;-0.0049;0.0000;0.1890;10256
339.5;0.4959;0.5023;0.0549;0.0000;67;64;-0.0049;0.0149;-0.0290;-0.0029;-0.0049;0.0000;0.1890;10256
340.0;0.4973;0.5027;0.0549;0.0000;65;64;0.0733;0.0135;-0.0290;-0.0029;-0.0049;0.0000;0.1969;10308
340.5;0.4977;0.5027;0.0701;0.0000;65;62;-0.0049;0.0120;-0.0290;-0.0039;-0.0049;0.0000;0.1969;10256
341.0;0.4982;0.5032;0.0893;0.0000;67;62;-0.0049;0.0120;-0.0275;-0.0039;-0.0049;0.0000;0.1969;10308
341.5;0.4991;0.5032;0.1223;0.0000;67;62;-0.0929;0.0091;-0.0275;-0.0059;-0.0049;0.0000;0.1969;10308
342.0;0.5000;0.5037;0.1429;0.0000;67;62;-0.0147;0.0091;-0.0275;-0.0068;-0.0049;0.0000;0.1969;10256
342.5;0.5009;0.5037;0.1662;0.0000;67;60;-0.0929;0.0062;-0.0275;-0.0078;-0.0049;0.0000;0.1969;10308
343.0;0.5018;0.5041;0.1896;0.0000;67;60;-0.0147;0.0047;-0.0275;-0.0088;-0.0049;0.0000;0.1969;10308
343.5;0.5027;0.5046;0.2239;0.0000;67;58;-0.0929;0.0032;-0.0275;-0.0098;-0.0049;0.0000;0.1969;10308
344.0;0.5046;0.5046;0.2527;0.0000;67;58;-0.0929;0.0003;-0.0275;-0.0108;-0.0049;0.0000;0.1969;10308
344.5;0.5055;0.5050;0.2390;0.0000;65;56;-0.0147;-0.0012;-0.0275;-0.0108;-0.0049;0.0000;0.1969;10308
345.0;0.5060;0.5055;0.1827;0.0000;65;58;-0.0147;-0.0026;-0.0275;-0.0078;-0.0049;0.0000;0.1969;10308
345.5;0.5069;0.5055;0.1291;0.0000;65;58;-0.0929;-0.0041;-0.0275;-0.0059;-0.0049;0.0000;0.1969;10308
346.0;0.5078;0.5060;0.0852;0.0000;64;58;-0.0049;-0.0041;-0.0275;-0.0039;-0.0049;0.0000;0.2047;10308
346.5;0.5082;0.5064;0.0948;0.0000;65;60;-0.0929;-0.0056;-0.0275;-0.0049;-0.0049;0.0000;0.2047;10308
347.0;0.5082;0.5069;0.1126;0.0000;65;60;-0.0049;-0.0041;-0.0275;-0.0049;-0.0049;0.0000;0.2047;10308
347.5;0.5082;0.5073;0.1113;0.0000;67;60;-0.0049;-0.0041;-0.0275;-0.0049;-0.0049;0.0000;0.2047;10308
348.0;0.5092;0.5078;0.1030;0.0000;67;60;-0.0929;-0.0041;-0.0275;-0.0049;-0.0049;0.0000;0.2047;10308
348.5;0.5101;0.5078;0.0769;0.0000;65;62;0.0733;-0.0056;-0.0275;-0.0039;-0.0049;0.0000;0.2047;10308
349.0;0.5101;0.5082;0.0673;0.0000;67;62;-0.0929;-0.0056;-0.0275;-0.0029;-0.0049;0.0000;0.2047;10256
349.5;0.5101;0.5087;0.0604;0.0000;67;62;-0.0049;-0.0041;-0.0275;-0.0029;-0.0049;0.0000;0.2047;10308
350.0;0.5101;0.5092;0.0673;0.0000;69;64;-0.0929;-0.0026;-0.0275;-0.0029;-0.0049;0.0000;0.2047;10308
350.5;0.5096;0.5096;0.0604;0.0000;69;65;-0.0049;-0.0012;-0.0275;-0.0029;-0.0049;0.0000;0.2047;10308
351.0;0.5096;0.5101;0.0467;0.0000;69;65;-0.0049;0.0003;-0.0275;-0.0029;-0.0049;0.0000;0.2047;10308
351.5;0.5101;0.5105;0.0453;0.0000;71;65;-0.0831;0.0003;-0.0275;-0.0020;-0.0049;0.0000;0.2047;10308
352.0;0.5110;0.5110;0.0398;0.0000;69;65;0.0733;-0.0012;-0.0275;-0.0020;-0.0049;0.0000;0.2126;10256
352.5;0.5124;0.5114;0.0330;0.0000;69;64;-0.0831;-0.0026;-0.0275;-0.0020;-0.0049;0.0000;0.2126;10308
353.0;0.5133;0.5119;0.0137;0.0000;67;65;-0.0049;-0.0041;-0.0290;-0.0010;-0.0049;0.0000;0.2126;10308
353.5;0.5137;0.5124;0.0151;0.0000;67;65;-0.0049;-0.0041;-0.0290;-0.0010;-0.0049;0.0000;0.2126;10256
354.0;0.5147;0.5128;0.0137;0.0000;67;65;0.0733;-0.0056;-0.0290;-0.0010;-0.0049;0.0000;0.2126;10308
354.5;0.5151;0.5137;0.0041;0.0000;67;65;-0.0049;-0.0056;-0.0290;-0.0010;-0.0049;0.0000;0.2126;10256
355.0;0.5165;0.5142;-0.0027;0.0000;67;65;-0.0831;-0.0056;-0.0290;-0.0000;-0.0049;0.0000;0.2126;10256
355.5;0.5169;0.5147;0.0014;0.0000;67;65;-0.0049;-0.0070;-0.0290;-0.0010;-0.0049;0.0000;0.2126;10308
356.0;0.5179;0.5151;0.0000;0.0000;67;64;-0.0831;-0.0085;-0.0290;-0.0010;-0.0049;0.0000;0.2126;10256
356.5;0.5188;0.5156;0.0027;0.0000;67;64;-0.0049;-0.0085;-0.0290;-0.0010;-0.0049;0.0000;0.2126;10308
357.0;0.5201;0.5165;0.0124;0.0000;67;64;-0.0049;-0.0114;-0.0290;-0.0010;-0.0049;0.0000;0.2126;10256
357.5;0.5215;0.5169;0.0096;0.0000;67;64;-0.0049;-0.0114;-0.0290;-0.0010;-0.0049;0.0000;0.2205;10256
358.0;0.5220;0.5174;-0.0014;0.0000;67;64;-0.0831;-0.0114;-0.0290;-0.0000;-0.0049;0.0000;0.2205;10308
358.5;0.5220;0.5179;-0.0151;0.0000;67;65;-0.0049;-0.0114;-0.0290;-0.0000;-0.0049;0.0000;0.2205;10308
359.0;0.5229;0.5188;-0.0206;0.0000;67;65;-0.0831;-0.0114;-0.0290;-0.0000;-0.0049;0.0000;0.2205;10256
359.5;0.5234;0.5192;-0.0234;0.0000;67;65;-0.0049;-0.0114;-0.0290;-0.0000;-0.0049;0.0000;0.2205;10308
360.0;0.5238;0.5201;-0.0316;0.0000;69;65;-0.0049;-0.0100;-0.0290;0.0010;-0.0049;0.0000;0.2205;10308
360.5;0.5243;0.5206;-0.0316;0.0000;69;67;-0.0049;-0.0100;-0.0290;0.0010;-0.0049;0.0000;0.2205;10256
361.0;0.5247;0.5211;-0.0261;0.0000;69;67;-0.0049;-0.0100;-0.0290;0.0010;-0.0049;0.0000;0.2205;10308
361.5;0.5252;0.5220;-0.0275;0.0000;69;67;-0.0831;-0.0100;-0.0290;0.0010;-0.0049;0.0000;0.2205;10256
362.0;0.5256;0.5224;-0.0069;0.0000;71;67;-0.0049;-0.0085;-0.0290;-0.0000;-0.0049;0.0000;0.2205;10256
362.5;0.5275;0.5234;-0.0069;0.0000;69;67;-0.0049;-0.0114;-0.0290;-0.0000;-0.0049;0.0000;0.2205;10308
363.0;0.5284;0.5238;0.0137;0.0000;69;67;-0.0049;-0.0114;-0.0290;-0.0010;-0.0049;0.0000;0.2205;10256
363.5;0.5288;0.5247;0.0082;0.0000;69;67;-0.0049;-0.0114;-0.0290;-0.0010;-0.0049;0.0000;0.2283;10308
364.0;0.5288;0.5252;-0.0014;0.0000;71;67;-0.0831;-0.0100;-0.0290;-0.0000;-0.0049;0.0000;0.2283;10308
364.5;0.5298;0.5261;0.0000;0.0000;73;67;-0.0831;-0.0100;-0.0290;-0.0010;-0.0049;0.0000;0.2283;10256
365.0;0.5302;0.5266;-0.0206;0.0000;73;67;-0.0049;-0.0085;-0.0290;-0.0000;-0.0049;0.0000;0.2283;10256
365.5;0.5311;0.5275;-0.0302;0.0000;73;67;-0.0831;-0.0100;-0.0290;0.0010;-0.0049;0.0000;0.2283;10256
366.0;0.5311;0.5284;-0.0618;0.0000;73;69;-0.0049;-0.0085;-0.0290;0.0020;-0.0049;0.0000;0.2283;10256
366.5;0.5321;0.5288;-0.0879;0.0000;73;69;-0.0831;-0.0085;-0.0290;0.0029;-0.0049;0.0000;0.2283;10256
367.0;0.5325;0.5298;-0.1236;0.0000;73;71;-0.0049;-0.0070;-0.0290;0.0049;-0.0049;0.0000;0.2283;10256
367.5;0.5334;0.5307;-0.1264;0.0000;73;71;-0.0049;-0.0070;-0.0290;0.0049;-0.0049;0.0000;0.2283;10256
368.0;0.5339;0.5316;-0.1470;0.0000;73;71;0.0049;-0.0070;-0.0290;0.0059;-0.0049;0.0000;0.2283;10256
368.5;0.5343;0.5321;-0.1813;0.0000;73;71;-0.0831;-0.0070;-0.0290;0.0068;-0.0049;0.0000;0.2283;10256
369.0;0.5348;0.5330;-0.1964;0.0000;73;73;0.0049;-0.0056;-0.0290;0.0078;-0.0049;0.0000;0.2362;10256
369.5;0.5362;0.5339;-0.2184;0.0000;73;73;0.0049;-0.0070;-0.0290;0.0088;-0.0049;0.0000;0.2362;10256
370.0;0.5371;0.5348;-0.2225;0.0000;73;73;0.0049;-0.0070;-0.0290;0.0088;-0.0049;0.0000;0.2362;10256
370.5;0.5385;0.5353;-0.2335;0.0000;73;73;-0.0733;-0.0085;-0.0290;0.0088;-0.0049;0.0000;0.2362;10256
371.0;0.5394;0.5362;-0.2102;0.0000;71;73;0.0831;-0.0085;-0.0290;0.0078;-0.0049;0.0000;0.2362;10256
371.5;0.5408;0.5371;-0.2253;0.0000;71;71;-0.0831;-0.0100;-0.0290;0.0088;-0.0049;0.0000;0.2362;10256
372.0;0.5417;0.5380;-0.2198;0.0000;71;73;-0.0831;-0.0100;-0.0290;0.0088;-0.0049;0.0000;0.2362;10256
372.5;0.5426;0.5389;-0.2418;0.0000;71;73;0.0831;-0.0100;-0.0290;0.0098;-0.0049;0.0000;0.2362;10256
373.0;0.5440;0.5398;-0.2266;0.0000;71;73;-0.0733;-0.0100;-0.0290;0.0088;-0.0049;0.0000;0.2362;10256
373.5;0.5444;0.5408;-0.2212;0.0000;73;73;0.0049;-0.0100;-0.0290;0.0088;-0.0049;0.0000;0.2362;10256
374.0;0.5458;0.5417;-0.2363;0.0000;71;73;0.0049;-0.0114;-0.0290;0.0098;-0.0049;0.0000;0.2362;10256
374.5;0.5476;0.5426;-0.2239;0.0000;71;73;-0.0831;-0.0129;-0.0290;0.0088;-0.0049;0.0000;0.2441;10205
375.0;0.5481;0.5435;-0.2376;0.0000;71;73;0.0049;-0.0129;-0.0305;0.0098;-0.0049;0.0000;0.2441;10256
375.5;0.5495;0.5444;-0.2253;0.0000;73;73;-0.0831;-0.0129;-0.0305;0.0088;-0.0049;0.0000;0.2441;10308
376.0;0.5499;0.5453;-0.2349;0.0000;73;73;0.0049;-0.0114;-0.0305;0.0098;-0.0039;0.0000;0.2441;10256
376.5;0.5504;0.5462;-0.2349;0.0000;73;75;-0.0733;-0.0114;-0.0305;0.0098;-0.0039;0.0000;0.2441;10256
377.0;0.5508;0.5472;-0.2582;0.0000;75;75;-0.0733;-0.0085;-0.0305;0.0108;-0.0039;0.0000;0.2441;10256
377.5;0.5513;0.5481;-0.2843;0.0000;75;77;0.0831;-0.0085;-0.0305;0.0117;-0.0039;0.0000;0.2441;10205
378.0;0.5522;0.5495;-0.2871;0.0000;75;77;-0.0733;-0.0085;-0.0305;0.0117;-0.0039;0.0000;0.2441;10256
378.5;0.5540;0.5504;-0.3118;0.0000;75;77;0.0049;-0.0100;-0.0305;0.0127;-0.0039;0.0000;0.2441;10205
379.0;0.5549;0.5513;-0.3146;0.0000;75;77;0.0049;-0.0100;-0.0305;0.0127;-0.0039;0.0000;0.2441;10205
379.5;0.5549;0.5522;-0.3132;0.0000;75;79;0.0049;-0.0070;-0.0305;0.0127;-0.0039;0.0000;0.2441;10256
380.0;0.5549;0.5531;-0.3434;0.0000;77;81;0.0929;-0.0041;-0.0305;0.0137;-0.0039;0.0000;0.2520;10205
380.5;0.5545;0.5545;-0.3613;0.0000;77;83;-0.0733;-0.0012;-0.0305;0.0147;-0.0039;0.0000;0.2520;10205
381.0;0.5540;0.5554;-0.3558;0.0000;79;85;0.0049;0.0032;-0.0305;0.0147;-0.0039;0.0000;0.2520;10256
381.5;0.5540;0.5563;-0.4203;0.0000;81;87;-0.0733;0.0047;-0.0305;0.0176;-0.0039;0.0000;0.2520;10205
382.0;0.5540;0.5577;-0.4135;0.0000;81;89;0.0049;0.0076;-0.0305;0.0166;-0.0039;0.0000;0.2520;10256
382.5;0.5549;0.5586;-0.4368;0.0000;83;89;0.0147;0.0076;-0.0305;0.0176;-0.0039;0.0000;0.2520;10205
383.0;0.5563;0.5595;-0.3997;0.0000;83;89;-0.0733;0.0076;-0.0305;0.0166;-0.0029;0.0000;0.2520;10205
383.5;0.5582;0.5609;-0.3887;0.0000;81;87;0.0049;0.0062;-0.0305;0.0156;-0.0029;0.0000;0.2520;10205
384.0;0.5591;0.5618;-0.3599;0.0000;81;87;0.0049;0.0062;-0.0305;0.0147;-0.0029;0.0000;0.2520;10205
384.5;0.5600;0.5632;-0.3723;0.0000;81;87;-0.0733;0.0062;-0.0305;0.0147;-0.0029;0.0000;0.2520;10154
385.0;0.5614;0.5641;-0.3736;0.0000;81;87;-0.0733;0.0062;-0.0305;0.0156;-0.0029;0.0000;0.2598;10205
385.5;0.5632;0.5655;-0.3269;0.0000;81;85;0.0049;0.0047;-0.0305;0.0127;-0.0029;0.0000;0.2598;10205
386.0;0.5650;0.5664;-0.3228;0.0000;81;83;0.0831;0.0032;-0.0305;0.0127;-0.0029;0.0000;0.2598;10205
386.5;0.5664;0.5678;-0.2926;0.0000;81;83;-0.0733;0.0032;-0.0305;0.0117;-0.0029;0.0000;0.2598;10205
387.0;0.5678;0.5687;-0.3640;0.0000;81;83;0.0049;0.0018;-0.0305;0.0147;-0.0029;0.0000;0.2598;10205
387.5;0.5682;0.5701;-0.3022;0.0000;81;83;-0.0733;0.0032;-0.0305;0.0117;-0.0029;0.0000;0.2598;10205
388.0;0.5691;0.5710;-0.3571;0.0000;81;87;0.0929;0.0047;-0.0290;0.0147;-0.0029;0.0000;0.2598;10205
388.5;0.5705;0.5723;-0.3407;0.0000;81;87;0.0049;0.0032;-0.0290;0.0137;-0.0029;0.0000;0.2598;10205
389.0;0.5728;0.5737;-0.3297;0.0000;81;85;0.0049;0.0018;-0.0290;0.0137;-0.0029;0.0000;0.2598;10205
389.5;0.5751;0.5746;-0.3091;0.0000;79;83;0.0049;-0.0026;-0.0290;0.0127;-0.0029;0.0000;0.2598;10205
390.0;0.5774;0.5760;-0.3022;0.0000;79;83;0.0831;-0.0041;-0.0290;0.0117;-0.0020;0.0000;0.2598;10154
390.5;0.5792;0.5774;-0.3503;0.0000;77;83;-0.0733;-0.0056;-0.0305;0.0147;-0.0020;0.0000;0.2677;10205
391.0;0.5806;0.5783;-0.2967;0.0000;79;83;-0.0733;-0.0056;-0.0305;0.0117;-0.0020;0.0000;0.2677;10205
391.5;0.5815;0.5797;-0.3242;0.0000;79;83;0.0831;-0.0056;-0.0305;0.0127;-0.0020;0.0000;0.2677;10154
392.0;0.5842;0.5810;-0.2679;0.0000;77;83;0.0831;-0.0085;-0.0305;0.0108;-0.0020;0.0000;0.2677;10205
392.5;0.5861;0.5824;-0.2981;0.0000;77;83;-0.0733;-0.0100;-0.0305;0.0117;-0.0020;0.0000;0.2677;10205
393.0;0.5884;0.5838;-0.2940;0.0000;77;81;0.0049;-0.0129;-0.0305;0.0117;-0.0020;0.0000;0.2677;10205
393.5;0.5902;0.5847;-0.3091;0.0000;75;81;0.0831;-0.0144;-0.0305;0.0127;-0.0020;0.0000;0.2677;10205
394.0;0.5925;0.5861;-0.2926;0.0000;75;81;0.0049;-0.0158;-0.0305;0.0117;-0.0020;0.0000;0.2677;10205
394.5;0.5948;0.5875;-0.2514;0.0000;75;81;0.0049;-0.0188;-0.0305;0.0098;-0.0020;0.0000;0.2677;10205
395.0;0.5966;0.5888;-0.2308;0.0000;75;81;0.0831;-0.0202;-0.0305;0.0088;-0.0020;0.0000;0.2677;10256
395.5;0.5994;0.5902;-0.2143;0.0000;75;79;0.0831;-0.0231;-0.0305;0.0088;-0.0020;0.0000;0.2756;10205
396.0;0.6021;0.5916;-0.2596;0.0000;73;79;0.0049;-0.0275;-0.0305;0.0108;-0.0020;0.0000;0.2756;10205
396.5;0.6044;0.5929;-0.2198;0.0000;73;77;-0.0831;-0.0290;-0.0305;0.0088;-0.0020;0.0000;0.2756;10256
397.0;0.6076;0.5943;-0.2610;0.0000;71;75;0.0049;-0.0349;-0.0305;0.0108;-0.0020;0.0000;0.2677;10205
397.5;0.6103;0.5957;-0.2019;0.0000;69;75;0.0049;-0.0378;-0.0305;0.0078;-0.0020;0.0000;0.2677;10256
398.0;0.6117;0.5971;-0.2102;0.0000;69;75;0.0831;-0.0378;-0.0305;0.0078;-0.0020;0.0000;0.2677;10256
398.5;0.6140;0.5980;-0.2115;0.0000;69;75;0.0049;-0.0407;-0.0305;0.0088;-0.0010;0.0000;0.2677;10205
399.0;0.6158;0.5994;-0.1992;0.0000;69;73;0.0049;-0.0422;-0.0319;0.0078;-0.0010;0.0000;0.2677;10256
399.5;0.6181;0.6007;-0.1456;0.0000;69;73;0.0049;-0.0437;-0.0319;0.0059;-0.0010;0.0000;0.2677;10256
400.0;0.6200;0.6021;-0.0604;0.0000;69;71;-0.0049;-0.0466;-0.0319;0.0020;-0.0010;0.0000;0.2677;10256
400.5;0.6223;0.6035;-0.0714;0.0000;69;71;-0.0049;-0.0481;-0.0319;0.0029;-0.0010;0.0000;0.2677;10256
401.0;0.6241;0.6044;-0.0041;0.0000;69;69;-0.0049;-0.0495;-0.0319;-0.0000;-0.0010;0.0000;0.2677;10256
401.5;0.6264;0.6058;-0.0440;0.0000;69;69;-0.0049;-0.0524;-0.0319;0.0010;-0.0010;0.0000;0.2677;10256
402.0;0.6282;0.6071;-0.0234;0.0000;67;69;-0.0049;-0.0539;-0.0319;-0.0000;-0.0010;0.0000;0.2677;10256
402.5;0.6296;0.6081;-0.0069;0.0000;67;69;0.0733;-0.0539;-0.0319;-0.0000;-0.0010;0.0000;0.2677;10256
403.0;0.6310;0.6094;0.0027;0.0000;69;69;-0.0049;-0.0539;-0.0334;-0.0010;-0.0010;0.0000;0.2677;10256
403.5;0.6323;0.6108;-0.0027;0.0000;69;69;-0.0049;-0.0554;-0.0334;-0.0000;-0.0010;0.0000;0.2677;10256
404.0;0.6332;0.6117;-0.0330;0.0000;69;69;-0.0831;-0.0539;-0.0334;0.0010;-0.0010;0.0000;0.2677;10256
404.5;0.6342;0.6131;-0.0343;0.0000;69;69;-0.0049;-0.0539;-0.0334;0.0010;-0.0010;0.0000;0.2677;10256
405.0;0.6355;0.6140;-0.0261;0.0000;69;71;-0.0049;-0.0539;-0.0334;0.0010;-0.0010;0.0000;0.2598;10256
405.5;0.6374;0.6154;0.0426;0.0000;69;69;0.0733;-0.0568;-0.0334;-0.0020;-0.0010;0.0000;0.2598;10256
406.0;0.6392;0.6163;0.0151;0.0000;69;69;-0.0049;-0.0583;-0.0334;-0.0010;-0.0010;0.0000;0.2598;10308
406.5;0.6397;0.6177;0.0577;0.0000;69;69;-0.0049;-0.0554;-0.0349;-0.0029;-0.0010;0.0000;0.2598;10256
407.0;0.6401;0.6186;0.0275;0.0000;71;69;-0.0049;-0.0539;-0.0349;-0.0020;-0.0010;0.0000;0.2598;10256
407.5;0.6401;0.6200;0.0330;0.0000;71;71;0.0733;-0.0524;-0.0349;-0.0020;-0.0010;0.0000;0.2598;10256
408.0;0.6410;0.6209;0.0467;0.0000;73;71;-0.0049;-0.0510;-0.0349;-0.0029;-0.0010;0.0000;0.2598;10256
408.5;0.6415;0.6223;0.0453;0.0000;73;73;-0.0049;-0.0495;-0.0349;-0.0020;-0.0010;0.0000;0.2598;10256
409.0;0.6424;0.6232;0.0481;0.0000;73;73;-0.0049;-0.0495;-0.0349;-0.0029;-0.0010;0.0000;0.2598;10308
409.5;0.6429;0.6241;0.0110;0.0000;73;73;-0.0831;-0.0466;-0.0349;-0.0010;-0.0010;0.0000;0.2598;10256
410.0;0.6429;0.6255;0.0426;0.0000;75;73;-0.0831;-0.0437;-0.0363;-0.0020;-0.0010;0.0000;0.2598;10256
410.5;0.6438;0.6264;0.0220;0.0000;75;73;0.0733;-0.0437;-0.0363;-0.0010;-0.0010;0.0000;0.2598;10256
411.0;0.6447;0.6273;0.0659;0.0000;75;73;-0.0049;-0.0437;-0.0363;-0.0029;-0.0010;0.0000;0.2598;10256
411.5;0.6456;0.6287;0.0632;0.0000;75;73;-0.0049;-0.0437;-0.0363;-0.0029;-0.0010;0.0000;0.2598;10256
412.0;0.6470;0.6296;0.0920;0.0000;75;71;-0.0049;-0.0451;-0.0363;-0.0049;-0.0010;0.0000;0.2598;10256
412.5;0.6479;0.6305;0.0659;0.0000;73;71;-0.0049;-0.0451;-0.0363;-0.0029;-0.0020;0.0000;0.2598;10256
413.0;0.6502;0.6314;0.0742;0.0000;73;71;0.0733;-0.0466;-0.0363;-0.0039;-0.0020;0.0000;0.2520;10256
413.5;0.6516;0.6323;0.0907;0.0000;71;69;-0.0049;-0.0481;-0.0363;-0.0039;-0.0020;0.0000;0.2520;10256
414.0;0.6529;0.6337;0.1071;0.0000;71;69;-0.0049;-0.0495;-0.0378;-0.0049;-0.0020;0.0000;0.2520;10256
414.5;0.6538;0.6346;0.1140;0.0000;71;69;-0.0049;-0.0495;-0.0378;-0.0049;-0.0020;0.0000;0.2520;10308
415.0;0.6552;0.6355;0.0852;0.0000;71;69;-0.0049;-0.0495;-0.0378;-0.0039;-0.0020;0.0000;0.2520;10256
415.5;0.6552;0.6364;0.1250;0.0000;71;69;-0.0049;-0.0481;-0.0378;-0.0059;-0.0020;0.0000;0.2520;10256
416.0;0.6566;0.6374;0.1016;0.0000;71;69;0.0733;-0.0481;-0.0378;-0.0049;-0.0020;0.0000;0.2520;10308
416.5;0.6571;0.6383;0.1401;0.0000;71;69;-0.0147;-0.0466;-0.0378;-0.0068;-0.0020;0.0000;0.2520;10256
417.0;0.6566;0.6392;0.1360;0.0000;71;71;0.0733;-0.0437;-0.0378;-0.0059;-0.0020;0.0000;0.2520;10256
417.5;0.6557;0.6401;0.1277;0.0000;73;73;0.0733;-0.0407;-0.0378;-0.0059;-0.0020;0.0000;0.2520;10256
418.0;0.6561;0.6410;0.1168;0.0000;73;75;0.0733;-0.0378;-0.0393;-0.0059;-0.0020;0.0000;0.2520;10256
418.5;0.6561;0.6419;0.1044;0.0000;75;75;0.0733;-0.0363;-0.0393;-0.0049;-0.0020;0.0000;0.2520;10256
419.0;0.6561;0.6429;0.1305;0.0000;75;75;-0.0049;-0.0334;-0.0393;-0.0059;-0.0020;0.0000;0.2520;10308
419.5;0.6571;0.6438;0.1374;0.0000;75;75;-0.0049;-0.0334;-0.0393;-0.0059;-0.0020;0.0000;0.2520;10256
420.0;0.6571;0.6447;0.1731;0.0000;75;75;0.0733;-0.0319;-0.0393;-0.0078;-0.0020;0.0000;0.2520;10256
420.5;0.6575;0.6456;0.1662;0.0000;75;75;-0.0147;-0.0305;-0.0393;-0.0078;-0.0020;0.0000;0.2441;10256
421.0;0.6580;0.6465;0.2115;0.0000;77;75;-0.0147;-0.0290;-0.0393;-0.0098;-0.0020;0.0000;0.2441;10205
421.5;0.6593;0.6470;0.2074;0.0000;77;73;-0.0929;-0.0305;-0.0393;-0.0088;-0.0020;0.0000;0.2441;10256
422.0;0.6603;0.6479;0.2266;0.0000;77;73;-0.0147;-0.0305;-0.0393;-0.0098;-0.0020;0.0000;0.2441;10256
422.5;0.6603;0.6488;0.2198;0.0000;77;73;0.0733;-0.0290;-0.0393;-0.0098;-0.0020;0.0000;0.2441;10256
423.0;0.6612;0.6497;0.1882;0.0000;75;73;-0.0929;-0.0290;-0.0393;-0.0088;-0.0020;0.0000;0.2441;10256
423.5;0.6621;0.6506;0.1703;0.0000;75;73;0.1515;-0.0290;-0.0393;-0.0078;-0.0020;0.0000;0.2441;10256
424.0;0.6616;0.6511;0.1264;0.0000;75;75;0.0733;-0.0275;-0.0407;-0.0059;-0.0020;0.0000;0.2441;10256
424.5;0.6625;0.6520;0.1291;0.0000;75;73;-0.0929;-0.0275;-0.0407;-0.0059;-0.0020;0.0000;0.2441;10256
425.0;0.6639;0.6529;0.0962;0.0000;73;73;0.0733;-0.0290;-0.0407;-0.0049;-0.0020;0.0000;0.2441;10256
425.5;0.6653;0.6534;0.1085;0.0000;73;73;-0.0049;-0.0305;-0.0407;-0.0049;-0.0020;0.0000;0.2441;10256
426.0;0.6662;0.6543;0.0907;0.0000;71;71;-0.0049;-0.0305;-0.0407;-0.0039;-0.0020;0.0000;0.2441;10256
426.5;0.6676;0.6552;0.1223;0.0000;71;71;0.0733;-0.0319;-0.0407;-0.0059;-0.0020;0.0000;0.2441;10256
427.0;0.6690;0.6557;0.1593;0.0000;71;69;0.0733;-0.0349;-0.0407;-0.0068;-0.0020;0.0000;0.2441;10256
427.5;0.6703;0.6566;0.1799;0.0000;69;69;-0.0147;-0.0349;-0.0407;-0.0078;-0.0020;0.0000;0.2362;10256
428.0;0.6712;0.6571;0.1882;0.0000;69;67;-0.0147;-0.0363;-0.0407;-0.0088;-0.0020;0.0000;0.2362;10256
428.5;0.6717;0.6580;0.1717;0.0000;69;67;0.0733;-0.0349;-0.0407;-0.0078;-0.0020;0.0000;0.2362;10308
429.0;0.6722;0.6584;0.1841;0.0000;71;67;-0.0147;-0.0349;-0.0407;-0.0078;-0.0029;0.0000;0.2362;10256
429.5;0.6726;0.6593;0.1745;0.0000;71;69;-0.0147;-0.0334;-0.0407;-0.0078;-0.0029;0.0000;0.2362;10256
430.0;0.6726;0.6598;0.1992;0.0000;71;69;-0.0147;-0.0334;-0.0422;-0.0088;-0.0029;0.0000;0.2362;10308
430.5;0.6735;0.6607;0.2033;0.0000;71;69;0.0733;-0.0334;-0.0422;-0.0088;-0.0029;0.0000;0.2362;10256
431.0;0.6735;0.6612;0.2294;0.0000;71;69;0.0635;-0.0319;-0.0422;-0.0098;-0.0029;0.0000;0.2362;10256
431.5;0.6726;0.6621;0.2212;0.0000;73;71;0.0733;-0.0275;-0.0422;-0.0098;-0.0029;0.0000;0.2362;10308
432.0;0.6717;0.6625;0.2294;0.0000;75;73;-0.0147;-0.0246;-0.0422;-0.0098;-0.0029;0.0000;0.2362;10308
432.5;0.6717;0.6630;0.2624;0.0000;77;73;-0.0147;-0.0217;-0.0422;-0.0117;-0.0029;0.0000;0.2362;10256
433.0;0.6712;0.6639;0.2706;0.0000;77;73;0.0635;-0.0202;-0.0422;-0.0117;-0.0029;0.0000;0.2362;10256
433.5;0.6712;0.6644;0.2843;0.0000;79;73;-0.0147;-0.0173;-0.0422;-0.0127;-0.0029;0.0000;0.2362;10256
434.0;0.6708;0.6648;0.2582;0.0000;79;73;-0.0147;-0.0158;-0.0422;-0.0117;-0.0029;0.0000;0.2362;10256
434.5;0.6708;0.6653;0.2720;0.0000;79;75;-0.0147;-0.0144;-0.0422;-0.0117;-0.0029;0.0000;0.2283;10256
435.0;0.6717;0.6662;0.2431;0.0000;79;75;0.0635;-0.0144;-0.0422;-0.0108;-0.0029;0.0000;0.2283;10256
435.5;0.6722;0.6667;0.2459;0.0000;77;73;-0.0147;-0.0144;-0.0422;-0.0108;-0.0029;0.0000;0.2283;10256
436.0;0.6731;0.6671;0.2115;0.0000;77;73;0.0733;-0.0144;-0.0422;-0.0098;-0.0029;0.0000;0.2283;10256
436.5;0.6735;0.6676;0.1690;0.0000;75;73;-0.0147;-0.0158;-0.0422;-0.0078;-0.0029;0.0000;0.2283;10256
437.0;0.6740;0.6680;0.1511;0.0000;75;73;-0.0147;-0.0144;-0.0422;-0.0068;-0.0029;0.0000;0.2283;10256
437.5;0.6740;0.6690;0.1442;0.0000;75;73;-0.0147;-0.0144;-0.0422;-0.0068;-0.0029;0.0000;0.2283;10256
438.0;0.6735;0.6694;0.1429;0.0000;75;75;0.0733;-0.0114;-0.0422;-0.0068;-0.0029;0.0000;0.2283;10256
438.5;0.6735;0.6699;0.1401;0.0000;75;75;0.0733;-0.0100;-0.0422;-0.0068;-0.0029;0.0000;0.2283;10256
439.0;0.6735;0.6703;0.1387;0.0000;77;75;-0.0049;-0.0100;-0.0422;-0.0068;-0.0029;0.0000;0.2283;10256
439.5;0.6735;0.6708;0.0962;0.0000;75;75;-0.0049;-0.0085;-0.0422;-0.0049;-0.0029;0.0000;0.2283;10205
440.0;0.6731;0.6712;0.1126;0.0000;77;75;-0.0929;-0.0056;-0.0422;-0.0049;-0.0029;0.0000;0.2283;10256
440.5;0.6731;0.6717;0.0934;0.0000;77;77;0.0733;-0.0041;-0.0422;-0.0049;-0.0029;0.0000;0.2283;10256
441.0;0.6731;0.6722;0.1126;0.0000;77;75;-0.0049;-0.0026;-0.0422;-0.0049;-0.0039;0.0000;0.2283;10256
441.5;0.6731;0.6726;0.0865;0.0000;77;77;-0.0049;-0.0012;-0.0422;-0.0039;-0.0039;0.0000;0.2205;10256
442.0;0.6740;0.6731;0.0769;0.0000;77;75;-0.0049;-0.0041;-0.0422;-0.0039;-0.0039;0.0000;0.2205;10256
442.5;0.6749;0.6735;0.0714;0.0000;75;73;-0.0049;-0.0041;-0.0422;-0.0039;-0.0039;0.0000;0.2205;10256
443.0;0.6754;0.6740;0.0604;0.0000;75;73;-0.0049;-0.0041;-0.0437;-0.0029;-0.0039;0.0000;0.2205;10256
443.5;0.6763;0.6740;0.0783;0.0000;75;73;0.0733;-0.0056;-0.0437;-0.0039;-0.0039;0.0000;0.2205;10256
444.0;0.6767;0.6745;0.0536;0.0000;73;73;-0.0049;-0.0056;-0.0437;-0.0029;-0.0039;0.0000;0.2205;10256
444.5;0.6772;0.6749;0.0701;0.0000;73;73;-0.0049;-0.0056;-0.0437;-0.0039;-0.0039;0.0000;0.2205;10256
445.0;0.6777;0.6754;0.0577;0.0000;73;73;0.0733;-0.0070;-0.0437;-0.0029;-0.0039;0.0000;0.2205;10256
445.5;0.6781;0.6758;0.0852;0.0000;73;71;-0.0049;-0.0070;-0.0437;-0.0039;-0.0039;0.0000;0.2205;10256
446.0;0.6781;0.6763;0.0659;0.0000;73;71;-0.0049;-0.0056;-0.0437;-0.0029;-0.0039;0.0000;0.2205;10256
446.5;0.6790;0.6763;0.1030;0.0000;73;71;-0.0929;-0.0070;-0.0437;-0.0049;-0.0039;0.0000;0.2205;10256
447.0;0.6790;0.6767;0.1332;0.0000;73;69;-0.0049;-0.0070;-0.0437;-0.0059;-0.0039;0.0000;0.2205;10308
447.5;0.6790;0.6772;0.1621;0.0000;75;69;-0.0147;-0.0056;-0.0437;-0.0068;-0.0039;0.0000;0.2205;10256
448.0;0.6790;0.6772;0.1978;0.0000;75;69;-0.0147;-0.0041;-0.0437;-0.0088;-0.0039;0.0000;0.2205;10256
448.5;0.6786;0.6777;0.2308;0.0000;75;69;-0.0147;-0.0041;-0.0437;-0.0098;-0.0039;0.0000;0.2126;10308
449.0;0.6781;0.6781;0.2404;0.0000;77;71;-0.0147;-0.0012;-0.0437;-0.0108;-0.0039;0.0000;0.2126;10256
449.5;0.6781;0.6781;0.2129;0.0000;77;71;-0.0147;0.0003;-0.0437;-0.0098;-0.0039;0.0000;0.2126;10256
450.0;0.6781;0.6786;0.1909;0.0000;77;71;0.0733;0.0003;-0.0437;-0.0088;-0.0039;0.0000;0.2126;10256
450.5;0.6781;0.6786;0.1621;0.0000;77;73;-0.0147;0.0003;-0.0437;-0.0078;-0.0039;0.0000;0.2126;10256
451.0;0.6781;0.6790;0.1374;0.0000;75;73;-0.0049;0.0018;-0.0437;-0.0059;-0.0039;0.0000;0.2126;10256
451.5;0.6767;0.6795;0.1085;0.0000;77;75;0.0733;0.0047;-0.0437;-0.0049;-0.0039;0.0000;0.2126;10256
452.0;0.6758;0.6795;0.1154;0.0000;77;75;-0.0049;0.0076;-0.0437;-0.0049;-0.0039;0.0000;0.2126;10256
452.5;0.6754;0.6795;0.0920;0.0000;79;77;-0.0049;0.0105;-0.0437;-0.0039;-0.0039;0.0000;0.2126;10256
453.0;0.6745;0.6799;0.0948;0.0000;79;77;-0.0049;0.0120;-0.0437;-0.0049;-0.0039;0.0000;0.2126;10256
453.5;0.6745;0.6799;0.0907;0.0000;79;77;-0.0049;0.0135;-0.0422;-0.0039;-0.0039;0.0000;0.2126;10256
454.0;0.6745;0.6804;0.0975;0.0000;79;75;-0.0049;0.0135;-0.0422;-0.0049;-0.0039;0.0000;0.2126;10256
454.5;0.6740;0.6804;0.1030;0.0000;79;77;-0.0049;0.0149;-0.0422;-0.0049;-0.0039;0.0000;0.2126;10256
455.0;0.6754;0.6809;0.0742;0.0000;77;75;-0.0049;0.0120;-0.0422;-0.0039;-0.0039;0.0000;0.2047;10256
455.5;0.6758;0.6809;0.0756;0.0000;77;73;-0.0049;0.0120;-0.0422;-0.0039;-0.0039;0.0000;0.2047;10256
456.0;0.6763;0.6809;0.0522;0.0000;75;73;-0.0049;0.0105;-0.0422;-0.0029;-0.0039;0.0000;0.2047;10256
456.5;0.6767;0.6813;0.0371;0.0000;75;73;0.0733;0.0105;-0.0422;-0.0020;-0.0039;0.0000;0.2047;10256
457.0;0.6772;0.6813;0.0137;0.0000;73;73;-0.0049;0.0091;-0.0422;-0.0010;-0.0039;0.0000;0.2047;10256
457.5;0.6777;0.6813;0.0206;0.0000;73;71;-0.0049;0.0076;-0.0422;-0.0010;-0.0039;0.0000;0.2047;10256
458.0;0.6781;0.6813;0.0069;0.0000;73;71;-0.0049;0.0076;-0.0422;-0.0010;-0.0039;0.0000;0.2047;10256
458.5;0.6781;0.6818;0.0096;0.0000;73;71;-0.0049;0.0076;-0.0422;-0.0010;-0.0039;0.0000;0.2047;10256
459.0;0.6777;0.6818;0.0302;0.0000;73;71;-0.0049;0.0091;-0.0422;-0.0020;-0.0039;0.0000;0.2047;10256
459.5;0.6772;0.6818;0.0371;0.0000;73;71;-0.0049;0.0105;-0.0422;-0.0020;-0.0039;0.0000;0.2047;10256
460.0;0.6777;0.6818;0.0536;0.0000;75;71;-0.0929;0.0091;-0.0422;-0.0029;-0.0039;0.0000;0.2047;10256
460.5;0.6777;0.6818;0.0701;0.0000;75;71;-0.0049;0.0105;-0.0422;-0.0039;-0.0039;0.0000;0.2047;10256
461.0;0.6772;0.6818;0.0920;0.0000;75;71;-0.0929;0.0105;-0.0422;-0.0039;-0.0039;0.0000;0.2047;10256
461.5;0.6767;0.6818;0.0783;0.0000;75;71;-0.0049;0.0120;-0.0422;-0.0039;-0.0039;0.0000;0.1969;10256
462.0;0.6763;0.6818;0.0989;0.0000;75;71;-0.0049;0.0135;-0.0422;-0.0049;-0.0039;0.0000;0.1969;10256
462.5;0.6758;0.6822;0.1209;0.0000;77;71;-0.0049;0.0149;-0.0422;-0.0059;-0.0039;0.0000;0.1969;10308
463.0;0.6758;0.6822;0.1456;0.0000;77;71;-0.0929;0.0149;-0.0422;-0.0068;-0.0039;0.0000;0.1969;10256
463.5;0.6754;0.6822;0.1401;0.0000;77;71;0.0733;0.0149;-0.0422;-0.0068;-0.0039;0.0000;0.1969;10256
464.0;0.6754;0.6822;0.1223;0.0000;77;71;-0.0049;0.0164;-0.0422;-0.0059;-0.0039;0.0000;0.1969;10308
464.5;0.6749;0.6818;0.1154;0.0000;77;71;-0.0049;0.0164;-0.0422;-0.0049;-0.0049;0.0000;0.1969;10256
465.0;0.6749;0.6818;0.1154;0.0000;77;71;-0.0049;0.0164;-0.0422;-0.0049;-0.0049;0.0000;0.1969;10256
465.5;0.6749;0.6818;0.1346;0.0000;77;71;-0.0049;0.0164;-0.0422;-0.0059;-0.0049;0.0000;0.1969;10256
466.0;0.6754;0.6818;0.1332;0.0000;77;69;-0.0929;0.0164;-0.0422;-0.0059;-0.0049;0.0000;0.1969;10256
466.5;0.6754;0.6818;0.1484;0.0000;75;69;-0.0147;0.0149;-0.0422;-0.0068;-0.0049;0.0000;0.1969;10256
467.0;0.6758;0.6818;0.1511;0.0000;75;67;-0.0929;0.0149;-0.0422;-0.0068;-0.0049;0.0000;0.1969;10256
467.5;0.6767;0.6818;0.1758;0.0000;75;67;0.0733;0.0120;-0.0407;-0.0078;-0.0049;0.0000;0.1969;10256
468.0;0.6767;0.6818;0.1882;0.0000;73;67;-0.0147;0.0105;-0.0407;-0.0088;-0.0049;0.0000;0.1969;10256
468.5;0.6767;0.6813;0.1758;0.0000;73;67;-0.0147;0.0105;-0.0407;-0.0078;-0.0049;0.0000;0.1969;10256
469.0;0.6767;0.6813;0.1593;0.0000;73;67;-0.0147;0.0105;-0.0407;-0.0068;-0.0049;0.0000;0.1969;10256
469.5;0.6767;0.6813;0.1621;0.0000;73;67;0.0733;0.0105;-0.0407;-0.0068;-0.0049;0.0000;0.1969;10308
470.0;0.6767;0.6813;0.1745;0.0000;73;67;-0.0147;0.0105;-0.0407;-0.0078;-0.0049;0.0000;0.1969;10256
470.5;0.6772;0.6809;0.1923;0.0000;73;65;-0.0929;0.0091;-0.0407;-0.0088;-0.0049;0.0000;0.1890;10256
471.0;0.6772;0.6809;0.2253;0.0000;73;65;-0.0147;0.0091;-0.0407;-0.0098;-0.0049;0.0000;0.1890;10308
471.5;0.6767;0.6809;0.2541;0.0000;75;65;-0.1808;0.0091;-0.0407;-0.0108;-0.0049;0.0000;0.1890;10256
472.0;0.6767;0.6804;0.3008;0.0000;73;64;0.0635;0.0076;-0.0407;-0.0127;-0.0049;0.0000;0.1890;10308
472.5;0.6777;0.6804;0.3077;0.0000;73;64;-0.0929;0.0062;-0.0407;-0.0137;-0.0049;0.0000;0.1890;10256
473.0;0.6777;0.6799;0.3187;0.0000;73;62;-0.0147;0.0047;-0.0407;-0.0137;-0.0049;0.0000;0.1890;10256
473.5;0.6777;0.6799;0.2734;0.0000;73;64;-0.0147;0.0047;-0.0407;-0.0117;-0.0049;0.0000;0.1890;10308
474.0;0.6772;0.6795;0.2060;0.0000;71;64;-0.0147;0.0062;-0.0407;-0.0088;-0.0049;0.0000;0.1890;10308
474.5;0.6763;0.6795;0.1580;0.0000;71;65;-0.0147;0.0076;-0.0407;-0.0068;-0.0049;0.0000;0.1890;10256
475.0;0.6754;0.6795;0.1291;0.0000;71;67;-0.0049;0.0091;-0.0407;-0.0059;-0.0049;0.0000;0.1890;10308
475.5;0.6754;0.6790;0.1511;0.0000;73;65;-0.0929;0.0076;-0.0407;-0.0068;-0.0049;0.0000;0.1890;10308
476.0;0.6758;0.6786;0.1607;0.0000;73;65;-0.0929;0.0062;-0.0407;-0.0068;-0.0049;0.0000;0.1890;10308
476.5;0.6758;0.6786;0.1896;0.0000;71;64;-0.0147;0.0062;-0.0407;-0.0088;-0.0049;0.0000;0.1890;10308
477.0;0.6767;0.6781;0.1786;0.0000;71;64;-0.0147;0.0032;-0.0407;-0.0078;-0.0059;0.0000;0.1890;10308
477.5;0.6772;0.6781;0.1690;0.0000;69;62;-0.0147;0.0003;-0.0407;-0.0078;-0.0059;0.0000;0.1890;10308
478.0;0.6772;0.6777;0.1456;0.0000;67;62;-0.0147;0.0003;-0.0407;-0.0068;-0.0059;0.0000;0.1890;10308
478.5;0.6767;0.6772;0.1277;0.0000;67;62;-0.0049;0.0003;-0.0407;-0.0059;-0.0059;0.0000;0.1890;10308
479.0;0.6763;0.6772;0.1126;0.0000;69;64;-0.0049;0.0018;-0.0407;-0.0049;-0.0059;0.0000;0.1890;10308
479.5;0.6754;0.6767;0.0934;0.0000;69;64;-0.0929;0.0018;-0.0407;-0.0049;-0.0059;0.0000;0.1890;10308
480.0;0.6749;0.6763;0.0783;0.0000;69;65;-0.0049;0.0032;-0.0407;-0.0039;-0.0059;0.0000;0.1890;10308
480.5;0.6740;0.6763;0.0618;0.0000;69;65;-0.0049;0.0047;-0.0407;-0.0029;-0.0059;0.0000;0.1811;10308
481.0;0.6731;0.6758;0.0756;0.0000;71;65;-0.0049;0.0062;-0.0407;-0.0039;-0.0059;0.0000;0.1811;10308
481.5;0.6726;0.6754;0.0728;0.0000;69;65;0.0733;0.0062;-0.0407;-0.0039;-0.0059;0.0000;0.1811;10308
482.0;0.6722;0.6749;0.0920;0.0000;69;65;-0.0049;0.0062;-0.0407;-0.0039;-0.0059;0.0000;0.1811;10308
482.5;0.6726;0.6745;0.0852;0.0000;69;65;-0.0929;0.0047;-0.0407;-0.0039;-0.0059;0.0000;0.1811;10308
483.0;0.6722;0.6740;0.0824;0.0000;69;64;-0.0049;0.0047;-0.0407;-0.0039;-0.0059;0.0000;0.1811;10308
483.5;0.6717;0.6740;0.0907;0.0000;69;64;-0.0049;0.0047;-0.0407;-0.0039;-0.0059;0.0000;0.1811;10308
484.0;0.6712;0.6735;0.1003;0.0000;69;64;-0.0929;0.0047;-0.0407;-0.0049;-0.0059;0.0000;0.1811;10308
484.5;0.6703;0.6731;0.1126;0.0000;69;65;-0.0049;0.0062;-0.0407;-0.0049;-0.0059;0.0000;0.1811;10308
485.0;0.6694;0.6726;0.0948;0.0000;69;65;-0.0049;0.0076;-0.0407;-0.0049;-0.0059;0.0000;0.1811;10308
485.5;0.6685;0.6722;0.0989;0.0000;69;65;-0.0049;0.0076;-0.0407;-0.0049;-0.0059;0.0000;0.1811;10308
486.0;0.6685;0.6717;0.0756;0.0000;69;65;-0.0929;0.0076;-0.0407;-0.0039;-0.0059;0.0000;0.1811;10308
486.5;0.6667;0.6712;0.0701;0.0000;71;65;-0.0929;0.0105;-0.0407;-0.0039;-0.0059;0.0000;0.1811;10308
487.0;0.6644;0.6708;0.0659;0.0000;73;67;-0.0929;0.0149;-0.0407;-0.0029;-0.0059;0.0000;0.1811;10256
487.5;0.6625;0.6703;0.0618;0.0000;75;69;-0.0049;0.0193;-0.0407;-0.0029;-0.0059;0.0000;0.1811;10308
488.0;0.6616;0.6699;0.0440;0.0000;75;69;-0.0831;0.0193;-0.0407;-0.0020;-0.0059;0.0000;0.1811;10256
488.5;0.6607;0.6694;0.0137;0.0000;75;69;-0.0049;0.0208;-0.0407;-0.0010;-0.0059;0.0000;0.1811;10256
489.0;0.6593;0.6690;-0.0041;0.0000;75;71;-0.0831;0.0237;-0.0393;-0.0000;-0.0059;0.0000;0.1811;10308
489.5;0.6580;0.6680;-0.0398;0.0000;75;71;-0.0049;0.0252;-0.0393;0.0010;-0.0059;0.0000;0.1811;10308
490.0;0.6571;0.6676;-0.0604;0.0000;75;71;-0.0049;0.0267;-0.0393;0.0020;-0.0059;0.0000;0.1732;10256
490.5;0.6557;0.6671;-0.0934;0.0000;75;73;0.0831;0.0281;-0.0393;0.0039;-0.0059;0.0000;0.1732;10256
491.0;0.6543;0.6667;-0.1140;0.0000;75;73;-0.0831;0.0296;-0.0393;0.0039;-0.0059;0.0000;0.1732;10308
491.5;0.6538;0.6662;-0.1332;0.0000;75;73;0.0831;0.0296;-0.0393;0.0049;-0.0059;0.0000;0.1732;10256
492.0;0.6525;0.6653;-0.1099;0.0000;75;73;-0.0831;0.0325;-0.0393;0.0039;-0.0059;0.0000;0.1732;10308
492.5;0.6511;0.6648;-0.0893;0.0000;77;73;-0.1613;0.0340;-0.0393;0.0029;-0.0059;0.0000;0.1732;10256
493.0;0.6511;0.6644;-0.0591;0.0000;75;71;0.0831;0.0325;-0.0393;0.0020;-0.0059;0.0000;0.1732;10256
493.5;0.6506;0.6639;-0.0398;0.0000;75;71;-0.0049;0.0311;-0.0393;0.0010;-0.0059;0.0000;0.1732;10256
494.0;0.6502;0.6630;-0.0426;0.0000;73;71;-0.0831;0.0311;-0.0393;0.0010;-0.0059;0.0000;0.1732;10256
494.5;0.6497;0.6625;-0.0371;0.0000;73;69;-0.0049;0.0311;-0.0393;0.0010;-0.0059;0.0000;0.1732;10256
495.0;0.6493;0.6621;-0.0398;0.0000;73;69;-0.0049;0.0311;-0.0378;0.0010;-0.0059;0.0000;0.1732;10256
495.5;0.6488;0.6612;-0.0481;0.0000;71;69;-0.0049;0.0311;-0.0378;0.0020;-0.0059;0.0000;0.1732;10256
496.0;0.6484;0.6607;-0.0755;0.0000;71;69;-0.0049;0.0296;-0.0378;0.0029;-0.0059;0.0000;0.1732;10308
496.5;0.6484;0.6598;-0.0797;0.0000;71;67;-0.0831;0.0281;-0.0378;0.0029;-0.0059;0.0000;0.1732;10308
497.0;0.6474;0.6593;-0.0934;0.0000;71;67;-0.0831;0.0281;-0.0378;0.0029;-0.0059;0.0000;0.1732;10256
497.5;0.6465;0.6584;-0.0852;0.0000;71;67;-0.0049;0.0281;-0.0378;0.0029;-0.0059;0.0000;0.1732;10308
498.0;0.6461;0.6580;-0.0728;0.0000;71;67;-0.0049;0.0281;-0.0378;0.0029;-0.0059;0.0000;0.1732;10308
498.5;0.6470;0.6571;-0.1319;0.0000;67;67;-0.0049;0.0252;-0.0378;0.0049;-0.0059;0.0000;0.1732;10256
499.0;0.6479;0.6566;-0.2060;0.0000;64;65;0.0831;0.0208;-0.0378;0.0078;-0.0059;0.0000;0.1732;10308
499.5;0.6488;0.6557;-0.2459;0.0000;62;65;0.0049;0.0179;-0.0378;0.0098;-0.0059;0.0000;0.1654;10256
500.0;0.6488;0.6552;-0.1882;0.0000;62;64;0.0049;0.0149;-0.0378;0.0078;-0.0059;0.0000;0.1654;10308
500.5;0.6488;0.6543;-0.1099;0.0000;62;62;-0.0831;0.0135;-0.0378;0.0039;-0.0049;0.0000;0.1654;10308
501.0;0.6479;0.6534;-0.0646;0.0000;64;62;-0.0831;0.0135;-0.0378;0.0020;-0.0049;0.0000;0.1654;10308
501.5;0.6470;0.6529;-0.0302;0.0000;64;62;-0.0049;0.0135;-0.0378;0.0010;-0.0049;0.0000;0.1654;10308
502.0;0.6461;0.6520;-0.0701;0.0000;64;62;-0.0049;0.0135;-0.0378;0.0020;-0.0049;0.0000;0.1654;10308
502.5;0.6456;0.6511;-0.1209;0.0000;64;64;-0.0049;0.0135;-0.0378;0.0049;-0.0049;0.0000;0.1654;10308
503.0;0.6447;0.6506;-0.1703;0.0000;64;64;0.0049;0.0135;-0.0378;0.0068;-0.0049;0.0000;0.1654;10308
503.5;0.6442;0.6497;-0.2088;0.0000;62;64;0.0049;0.0135;-0.0363;0.0078;-0.0049;0.0000;0.1654;10308
504.0;0.6442;0.6488;-0.2376;0.0000;62;64;-0.0733;0.0105;-0.0363;0.0098;-0.0049;0.0000;0.1654;10308
504.5;0.6442;0.6479;-0.2555;0.0000;60;62;0.0049;0.0091;-0.0363;0.0098;-0.0049;0.0000;0.1654;10308
505.0;0.6438;0.6470;-0.2555;0.0000;60;62;0.0049;0.0076;-0.0363;0.0098;-0.0049;0.0000;0.1654;10308
505.5;0.6429;0.6465;-0.2527;0.0000;60;62;0.0831;0.0091;-0.0363;0.0098;-0.0049;0.0000;0.1654;10308
506.0;0.6419;0.6456;-0.2102;0.0000;60;62;0.0049;0.0091;-0.0363;0.0078;-0.0049;0.0000;0.1654;10308
506.5;0.6410;0.6447;-0.2157;0.0000;60;62;0.0049;0.0076;-0.0363;0.0088;-0.0049;0.0000;0.1654;10308
507.0;0.6401;0.6438;-0.1703;0.0000;62;62;0.0049;0.0076;-0.0363;0.0068;-0.0049;0.0000;0.1654;10308
507.5;0.6397;0.6429;-0.1593;0.0000;60;62;0.0049;0.0076;-0.0363;0.0059;-0.0049;0.0000;0.1654;10308
508.0;0.6383;0.6419;-0.1690;0.0000;60;62;0.0049;0.0076;-0.0363;0.0068;-0.0049;0.0000;0.1654;10308
508.5;0.6374;0.6410;-0.1593;0.0000;62;62;0.0049;0.0091;-0.0363;0.0059;-0.0049;0.0000;0.1575;10308
509.0;0.6364;0.6401;-0.1401;0.0000;62;62;-0.0049;0.0091;-0.0363;0.0059;-0.0049;0.0000;0.1575;10359
509.5;0.6351;0.6392;-0.0989;0.0000;62;62;0.0831;0.0105;-0.0363;0.0039;-0.0049;0.0000;0.1575;10308
510.0;0.6342;0.6383;-0.1044;0.0000;62;62;-0.0831;0.0091;-0.0363;0.0039;-0.0049;0.0000;0.1575;10359
510.5;0.6332;0.6374;-0.0701;0.0000;62;62;-0.0831;0.0091;-0.0363;0.0020;-0.0049;0.0000;0.1575;10308
511.0;0.6314;0.6364;-0.0934;0.0000;62;62;0.0831;0.0120;-0.0363;0.0029;-0.0049;0.0000;0.1575;10308
511.5;0.6296;0.6355;-0.1044;0.0000;64;64;-0.0831;0.0135;-0.0363;0.0039;-0.0049;0.0000;0.1575;10359
512.0;0.6282;0.6346;-0.1360;0.0000;64;64;-0.0049;0.0149;-0.0363;0.0049;-0.0049;0.0000;0.1575;10308
512.5;0.6273;0.6337;-0.1374;0.0000;64;64;-0.0049;0.0149;-0.0363;0.0049;-0.0049;0.0000;0.1575;10308
513.0;0.6264;0.6323;-0.1319;0.0000;64;64;-0.0049;0.0149;-0.0363;0.0049;-0.0049;0.0000;0.1575;10359
513.5;0.6255;0.6314;-0.1607;0.0000;62;64;0.0049;0.0135;-0.0363;0.0059;-0.0049;0.0000;0.1575;10308
514.0;0.6250;0.6305;-0.1662;0.0000;62;62;0.0049;0.0120;-0.0363;0.0068;-0.0049;0.0000;0.1575;10308
514.5;0.6245;0.6296;-0.1882;0.0000;60;62;0.0049;0.0105;-0.0363;0.0078;-0.0049;0.0000;0.1575;10308
515.0;0.6245;0.6287;-0.1648;0.0000;60;60;0.0049;0.0091;-0.0363;0.0068;-0.0049;0.0000;0.1575;10308
515.5;0.6241;0.6273;-0.1827;0.0000;58;60;0.0049;0.0076;-0.0363;0.0068;-0.0049;0.0000;0.1575;10359
516.0;0.6241;0.6264;-0.1470;0.0000;58;58;0.0049;0.0062;-0.0363;0.0059;-0.0039;0.0000;0.1575;10359
516.5;0.6232;0.6255;-0.1717;0.0000;56;58;0.0831;0.0047;-0.0363;0.0068;-0.0039;0.0000;0.1575;10308
517.0;0.6223;0.6241;-0.1662;0.0000;56;58;0.0049;0.0047;-0.0363;0.0068;-0.0039;0.0000;0.1496;10359
517.5;0.6218;0.6232;-0.1209;0.0000;56;58;-0.0049;0.0032;-0.0363;0.0049;-0.0039;0.0000;0.1496;10359
518.0;0.6213;0.6223;-0.1044;0.0000;56;56;-0.0049;0.0018;-0.0363;0.0039;-0.0039;0.0000;0.1496;10359
518.5;0.6200;0.6209;-0.0577;0.0000;56;56;0.0831;0.0018;-0.0363;0.0020;-0.0039;0.0000;0.1496;10359
519.0;0.6190;0.6200;-0.0398;0.0000;56;56;-0.0049;0.0003;-0.0363;0.0010;-0.0039;0.0000;0.1496;10359
519.5;0.6186;0.6186;0.0041;0.0000;56;54;-0.0049;-0.0012;-0.0363;-0.0010;-0.0039;0.0000;0.1496;10359
520.0;0.6181;0.6177;0.0151;0.0000;56;54;-0.0049;-0.0026;-0.0363;-0.0010;-0.0039;0.0000;0.1496;10359
520.5;0.6163;0.6163;0.0618;0.0000;56;54;0.0733;-0.0012;-0.0363;-0.0029;-0.0039;0.0000;0.1496;10359
521.0;0.6154;0.6154;0.0865;0.0000;58;54;-0.0049;0.0003;-0.0363;-0.0039;-0.0039;0.0000;0.1496;10359
521.5;0.6136;0.6140;0.1305;0.0000;58;54;-0.0929;0.0003;-0.0363;-0.0059;-0.0039;0.0000;0.1496;10359
522.0;0.6117;0.6131;0.1580;0.0000;60;54;-0.0929;0.0032;-0.0363;-0.0068;-0.0039;0.0000;0.1496;10359
522.5;0.6090;0.6117;0.1621;0.0000;62;56;-0.0147;0.0062;-0.0363;-0.0068;-0.0039;0.0000;0.1496;10359
523.0;0.6062;0.6108;0.1690;0.0000;64;56;-0.0929;0.0091;-0.0363;-0.0078;-0.0049;0.0000;0.1496;10359
523.5;0.6049;0.6094;0.1799;0.0000;64;56;-0.0147;0.0105;-0.0363;-0.0078;-0.0049;0.0000;0.1496;10359
524.0;0.6035;0.6081;0.1813;0.0000;64;56;-0.0147;0.0105;-0.0363;-0.0078;-0.0049;0.0000;0.1496;10359
524.5;0.6016;0.6071;0.1236;0.0000;64;58;-0.0049;0.0135;-0.0363;-0.0059;-0.0049;0.0000;0.1496;10359
525.0;0.6003;0.6058;0.0756;0.0000;62;58;-0.0049;0.0135;-0.0349;-0.0039;-0.0049;0.0000;0.1417;10359
525.5;0.6003;0.6044;0.0082;0.0000;60;58;0.0733;0.0105;-0.0349;-0.0010;-0.0049;0.0000;0.1417;10359
526.0;0.5994;0.6035;-0.0357;0.0000;58;56;-0.0831;0.0091;-0.0349;0.0010;-0.0049;0.0000;0.1417;10359
526.5;0.5984;0.6021;-0.0852;0.0000;56;56;0.0831;0.0091;-0.0349;0.0029;-0.0049;0.0000;0.1417;10359
527.0;0.5975;0.6007;-0.1593;0.0000;54;56;0.0049;0.0076;-0.0349;0.0059;-0.0049;0.0000;0.1417;10359
527.5;0.5975;0.5994;-0.2019;0.0000;54;56;0.0049;0.0047;-0.0349;0.0078;-0.0049;0.0000;0.1417;10359
528.0;0.5966;0.5980;-0.2500;0.0000;52;56;0.0831;0.0032;-0.0349;0.0098;-0.0039;0.0000;0.1417;10359
528.5;0.5952;0.5971;-0.2349;0.0000;52;56;-0.0733;0.0032;-0.0349;0.0098;-0.0039;0.0000;0.1417;10359
529.0;0.5948;0.5957;-0.2349;0.0000;52;54;0.0049;0.0018;-0.0349;0.0098;-0.0039;0.0000;0.1417;10359
529.5;0.5934;0.5943;-0.1772;0.0000;52;54;0.0831;0.0018;-0.0349;0.0068;-0.0039;0.0000;0.1417;10359
530.0;0.5929;0.5929;-0.1374;0.0000;50;52;-0.0049;-0.0012;-0.0349;0.0049;-0.0039;0.0000;0.1417;10359
530.5;0.5911;0.5916;-0.0536;0.0000;52;52;-0.0049;0.0003;-0.0349;0.0020;-0.0039;0.0000;0.1417;10359
531.0;0.5897;0.5902;-0.0206;0.0000;52;52;-0.0049;0.0003;-0.0349;-0.0000;-0.0039;0.0000;0.1417;10359
531.5;0.5884;0.5888;0.0673;0.0000;54;50;-0.0049;0.0003;-0.0349;-0.0029;-0.0039;0.0000;0.1417;10359
532.0;0.5865;0.5875;0.1387;0.0000;56;50;-0.0049;0.0018;-0.0349;-0.0059;-0.0039;0.0000;0.1417;10359
532.5;0.5842;0.5861;0.1621;0.0000;56;52;0.0733;0.0047;-0.0349;-0.0068;-0.0039;0.0000;0.1417;10359
533.0;0.5824;0.5847;0.2033;0.0000;58;52;-0.0929;0.0047;-0.0349;-0.0088;-0.0039;0.0000;0.1417;10359
533.5;0.5806;0.5838;0.1992;0.0000;58;54;0.0733;0.0062;-0.0349;-0.0088;-0.0039;0.0000;0.1417;10359
534.0;0.5792;0.5824;0.2184;0.0000;60;52;-0.0929;0.0076;-0.0349;-0.0098;-0.0049;0.0000;0.1417;10359
534.5;0.5774;0.5810;0.1621;0.0000;58;54;0.0733;0.0076;-0.0349;-0.0068;-0.0049;0.0000;0.1417;10359
535.0;0.5760;0.5797;0.1319;0.0000;58;54;0.0733;0.0091;-0.0349;-0.0059;-0.0049;0.0000;0.1417;10359
535.5;0.5751;0.5783;0.0508;0.0000;56;56;-0.0049;0.0076;-0.0349;-0.0029;-0.0049;0.0000;0.1417;10359
536.0;0.5733;0.5774;0.0027;0.0000;56;56;-0.0049;0.0091;-0.0349;-0.0010;-0.0049;0.0000;0.1417;10359
536.5;0.5719;0.5760;-0.0508;0.0000;56;56;-0.0049;0.0091;-0.0349;0.0020;-0.0049;0.0000;0.1417;10359
537.0;0.5696;0.5746;-0.0687;0.0000;58;58;-0.0049;0.0120;-0.0349;0.0020;-0.0049;0.0000;0.1417;10359
537.5;0.5673;0.5737;-0.0824;0.0000;58;60;-0.0049;0.0149;-0.0349;0.0029;-0.0049;0.0000;0.1417;10359
538.0;0.5655;0.5723;-0.1209;0.0000;58;60;-0.0049;0.0164;-0.0349;0.0049;-0.0049;0.0000;0.1417;10359
538.5;0.5636;0.5710;-0.0934;0.0000;60;60;-0.0049;0.0179;-0.0349;0.0039;-0.0039;0.0000;0.1417;10359
539.0;0.5614;0.5701;-0.1085;0.0000;60;62;-0.0049;0.0208;-0.0349;0.0039;-0.0039;0.0000;0.1417;10359
539.5;0.5586;0.5687;-0.0426;0.0000;62;62;-0.0049;0.0252;-0.0349;0.0010;-0.0039;0.0000;0.1417;10359
540.0;0.5559;0.5678;-0.0192;0.0000;64;64;-0.0049;0.0296;-0.0349;-0.0000;-0.0039;0.0000;0.1417;10359
540.5;0.5545;0.5664;0.0275;0.0000;65;64;-0.0049;0.0296;-0.0349;-0.0020;-0.0039;0.0000;0.1417;10308
541.0;0.5527;0.5655;0.0206;0.0000;65;64;-0.0049;0.0311;-0.0349;-0.0010;-0.0039;0.0000;0.1417;10308
541.5;0.5504;0.5641;0.0027;0.0000;65;64;-0.0049;0.0340;-0.0334;-0.0010;-0.0039;0.0000;0.1417;10359
542.0;0.5476;0.5632;0.0343;0.0000;67;65;-0.0049;0.0369;-0.0334;-0.0020;-0.0039;0.0000;0.1417;10308
542.5;0.5467;0.5618;0.0027;0.0000;65;65;-0.0049;0.0369;-0.0334;-0.0010;-0.0039;0.0000;0.1417;10308
543.0;0.5458;0.5609;0.0179;0.0000;65;64;0.0733;0.0369;-0.0334;-0.0010;-0.0039;0.0000;0.1417;10308
543.5;0.5444;0.5595;-0.0151;0.0000;65;64;-0.0049;0.0369;-0.0334;-0.0000;-0.0039;0.0000;0.1417;10308
544.0;0.5435;0.5586;-0.0151;0.0000;64;64;0.0733;0.0369;-0.0334;-0.0000;-0.0039;0.0000;0.1417;10359
544.5;0.5426;0.5577;-0.0385;0.0000;64;64;0.0733;0.0369;-0.0334;0.0010;-0.0039;0.0000;0.1496;10308
545.0;0.5412;0.5563;0.0000;0.0000;64;64;-0.0831;0.0384;-0.0334;-0.0010;-0.0039;0.0000;0.1496;10308
545.5;0.5398;0.5554;0.0275;0.0000;64;64;0.0733;0.0384;-0.0334;-0.0020;-0.0039;0.0000;0.1496;10308
546.0;0.5385;0.5545;0.0879;0.0000;65;64;-0.0049;0.0384;-0.0334;-0.0039;-0.0039;0.0000;0.1496;10308
546.5;0.5366;0.5531;0.1236;0.0000;65;64;-0.0049;0.0398;-0.0319;-0.0059;-0.0049;0.0000;0.1496;10308
547.0;0.5348;0.5522;0.1607;0.0000;67;64;0.0733;0.0428;-0.0319;-0.0068;-0.0049;0.0000;0.1496;10308
547.5;0.5330;0.5513;0.2335;0.0000;69;64;-0.0147;0.0457;-0.0319;-0.0108;-0.0049;0.0000;0.1496;10308
548.0;0.5316;0.5504;0.2376;0.0000;69;64;-0.0147;0.0457;-0.0319;-0.0108;-0.0049;0.0000;0.1496;10308
548.5;0.5298;0.5495;0.2486;0.0000;69;65;-0.0147;0.0486;-0.0319;-0.0108;-0.0049;0.0000;0.1496;10308
549.0;0.5288;0.5481;0.1909;0.0000;69;65;0.0733;0.0486;-0.0319;-0.0088;-0.0049;0.0000;0.1496;10308
549.5;0.5288;0.5472;0.1236;0.0000;67;65;-0.0049;0.0457;-0.0319;-0.0059;-0.0049;0.0000;0.1496;10308
550.0;0.5279;0.5462;0.0618;0.0000;65;65;-0.0049;0.0442;-0.0319;-0.0029;-0.0049;0.0000;0.1496;10308
550.5;0.5279;0.5453;0.0357;0.0000;64;64;0.0733;0.0428;-0.0305;-0.0020;-0.0049;0.0000;0.1496;10308
551.0;0.5275;0.5444;0.0261;0.0000;64;64;0.0733;0.0413;-0.0305;-0.0020;-0.0049;0.0000;0.1496;10308
551.5;0.5270;0.5435;0.0055;0.0000;62;64;-0.0049;0.0413;-0.0305;-0.0010;-0.0049;0.0000;0.1496;10308
552.0;0.5266;0.5426;0.0261;0.0000;62;64;0.0733;0.0398;-0.0305;-0.0020;-0.0049;0.0000;0.1496;10308
552.5;0.5261;0.5417;0.0316;0.0000;62;62;-0.0831;0.0369;-0.0305;-0.0020;-0.0049;0.0000;0.1496;10308
553.0;0.5261;0.5408;0.1016;0.0000;62;60;0.0733;0.0355;-0.0305;-0.0049;-0.0049;0.0000;0.1496;10308
553.5;0.5256;0.5398;0.0920;0.0000;62;60;-0.0049;0.0355;-0.0305;-0.0039;-0.0049;0.0000;0.1496;10308
554.0;0.5252;0.5389;0.1346;0.0000;62;60;0.0733;0.0340;-0.0305;-0.0059;-0.0049;0.0000;0.1496;10308
554.5;0.5243;0.5380;0.1236;0.0000;62;60;-0.0049;0.0340;-0.0305;-0.0059;-0.0049;0.0000;0.1496;10308
555.0;0.5243;0.5371;0.1168;0.0000;62;60;-0.0049;0.0325;-0.0290;-0.0059;-0.0049;0.0000;0.1496;10308
555.5;0.5238;0.5362;0.1099;0.0000;60;60;0.0733;0.0296;-0.0290;-0.0049;-0.0049;0.0000;0.1496;10359
556.0;0.5234;0.5353;0.1085;0.0000;60;60;-0.0049;0.0296;-0.0290;-0.0049;-0.0049;0.0000;0.1496;10308
556.5;0.5238;0.5348;0.1209;0.0000;60;58;-0.0049;0.0267;-0.0290;-0.0059;-0.0049;0.0000;0.1496;10308
557.0;0.5234;0.5339;0.1085;0.0000;60;58;-0.0049;0.0252;-0.0290;-0.0049;-0.0049;0.0000;0.1496;10308
557.5;0.5224;0.5330;0.1250;0.0000;60;58;-0.0049;0.0252;-0.0290;-0.0059;-0.0049;0.0000;0.1496;10308
558.0;0.5215;0.5321;0.1140;0.0000;60;58;-0.0049;0.0252;-0.0290;-0.0049;-0.0049;0.0000;0.1496;10359
558.5;0.5211;0.5316;0.1360;0.0000;60;58;0.0733;0.0252;-0.0290;-0.0059;-0.0049;0.0000;0.1496;10308
559.0;0.5201;0.5307;0.1374;0.0000;62;58;-0.0049;0.0252;-0.0290;-0.0059;-0.0049;0.0000;0.1496;10308
559.5;0.5197;0.5298;0.1442;0.0000;60;58;0.0733;0.0252;-0.0290;-0.0068;-0.0049;0.0000;0.1575;10359
560.0;0.5197;0.5288;0.1346;0.0000;60;58;-0.0929;0.0223;-0.0290;-0.0059;-0.0049;0.0000;0.1575;10308
560.5;0.5197;0.5284;0.1223;0.0000;60;58;0.0733;0.0208;-0.0290;-0.0059;-0.0049;0.0000;0.1575;10359
561.0;0.5192;0.5275;0.1305;0.0000;60;56;-0.0049;0.0193;-0.0290;-0.0059;-0.0049;0.0000;0.1575;10359
561.5;0.5192;0.5266;0.1140;0.0000;60;56;-0.0929;0.0179;-0.0290;-0.0049;-0.0049;0.0000;0.1575;10308
562.0;0.5188;0.5261;0.1236;0.0000;60;56;-0.0049;0.0179;-0.0290;-0.0059;-0.0049;0.0000;0.1575;10359
562.5;0.5179;0.5252;0.1113;0.0000;60;56;-0.0049;0.0179;-0.0275;-0.0049;-0.0049;0.0000;0.1575;10308
563.0;0.5179;0.5247;0.1113;0.0000;60;56;0.0733;0.0164;-0.0275;-0.0049;-0.0049;0.0000;0.1575;10308
563.5;0.5179;0.5238;0.0797;0.0000;58;56;-0.0929;0.0149;-0.0275;-0.0039;-0.0049;0.0000;0.1575;10359
564.0;0.5174;0.5234;0.0591;0.0000;58;56;-0.0049;0.0149;-0.0275;-0.0029;-0.0049;0.0000;0.1575;10359
564.5;0.5174;0.5224;0.0234;0.0000;58;56;0.0733;0.0120;-0.0275;-0.0020;-0.0049;0.0000;0.1575;10308
565.0;0.5165;0.5220;-0.0110;0.0000;58;56;-0.0049;0.0120;-0.0275;-0.0000;-0.0049;0.0000;0.1575;10359
565.5;0.5156;0.5211;-0.0536;0.0000;58;58;-0.0831;0.0135;-0.0275;0.0020;-0.0049;0.0000;0.1575;10359
566.0;0.5156;0.5206;-0.0920;0.0000;56;58;0.0831;0.0120;-0.0275;0.0029;-0.0049;0.0000;0.1575;10359
566.5;0.5151;0.5201;-0.0742;0.0000;56;58;-0.0049;0.0120;-0.0275;0.0029;-0.0049;0.0000;0.1575;10359
567.0;0.5142;0.5192;-0.0755;0.0000;58;58;-0.0049;0.0120;-0.0275;0.0029;-0.0049;0.0000;0.1575;10359
567.5;0.5133;0.5188;-0.0398;0.0000;58;58;-0.0049;0.0135;-0.0275;0.0010;-0.0049;0.0000;0.1575;10359
568.0;0.5119;0.5179;-0.0137;0.0000;60;58;-0.0049;0.0149;-0.0275;-0.0000;-0.0049;0.0000;0.1575;10359
568.5;0.5119;0.5174;0.0275;0.0000;60;58;0.0733;0.0135;-0.0275;-0.0020;-0.0049;0.0000;0.1575;10308
569.0;0.5105;0.5169;0.0412;0.0000;60;60;0.0733;0.0149;-0.0275;-0.0020;-0.0049;0.0000;0.1575;10359
569.5;0.5092;0.5165;0.0632;0.0000;62;60;-0.0049;0.0179;-0.0275;-0.0029;-0.0049;0.0000;0.1575;10359
570.0;0.5082;0.5156;0.0852;0.0000;62;60;0.0733;0.0179;-0.0275;-0.0039;-0.0049;0.0000;0.1575;10308
570.5;0.5078;0.5151;0.1016;0.0000;62;60;-0.0049;0.0179;-0.0275;-0.0049;-0.0049;0.0000;0.1575;10308
571.0;0.5069;0.5147;0.1236;0.0000;64;60;-0.0049;0.0179;-0.0275;-0.0059;-0.0049;0.0000;0.1575;10359
571.5;0.5060;0.5142;0.1305;0.0000;64;60;-0.0049;0.0193;-0.0275;-0.0059;-0.0049;0.0000;0.1575;10308
572.0;0.5050;0.5137;0.1662;0.0000;64;60;0.0733;0.0208;-0.0275;-0.0078;-0.0049;0.0000;0.1575;10359
572.5;0.5041;0.5128;0.1703;0.0000;65;60;-0.0147;0.0208;-0.0275;-0.0078;-0.0059;0.0000;0.1575;10359
573.0;0.5032;0.5124;0.1868;0.0000;65;60;-0.0147;0.0223;-0.0275;-0.0088;-0.0059;0.0000;0.1654;10308
573.5;0.5023;0.5119;0.1951;0.0000;65;60;-0.0147;0.0237;-0.0261;-0.0088;-0.0059;0.0000;0.1654;10308
574.0;0.5023;0.5114;0.1964;0.0000;65;62;0.0733;0.0223;-0.0261;-0.0088;-0.0059;0.0000;0.1654;10308
574.5;0.5018;0.5110;0.1992;0.0000;65;60;-0.0147;0.0223;-0.0261;-0.0088;-0.0059;0.0000;0.1654;10308
575.0;0.5014;0.5105;0.2143;0.0000;65;60;-0.0147;0.0223;-0.0261;-0.0098;-0.0059;0.0000;0.1654;10308
575.5;0.5014;0.5101;0.2321;0.0000;65;60;-0.0929;0.0208;-0.0261;-0.0108;-0.0059;0.0000;0.1654;10308
576.0;0.5005;0.5096;0.2376;0.0000;65;60;-0.0147;0.0223;-0.0261;-0.0108;-0.0059;0.0000;0.1654;10308
576.5;0.4995;0.5092;0.2637;0.0000;67;60;-0.0147;0.0237;-0.0261;-0.0117;-0.0059;0.0000;0.1654;10308
577.0;0.4986;0.5087;0.2486;0.0000;67;60;-0.0147;0.0252;-0.0261;-0.0108;-0.0059;0.0000;0.1654;10308
577.5;0.4977;0.5082;0.2514;0.0000;67;62;-0.0147;0.0252;-0.0261;-0.0108;-0.0059;0.0000;0.1654;10308
578.0;0.4977;0.5078;0.2143;0.0000;67;60;-0.0147;0.0252;-0.0261;-0.0098;-0.0059;0.0000;0.1654;10308
578.5;0.4977;0.5078;0.1772;0.0000;65;60;-0.0147;0.0237;-0.0261;-0.0078;-0.0059;0.0000;0.1654;10308
579.0;0.4973;0.5073;0.1003;0.0000;65;62;-0.0049;0.0237;-0.0261;-0.0049;-0.0059;0.0000;0.1654;10308
579.5;0.4968;0.5069;0.0247;0.0000;64;62;-0.0049;0.0237;-0.0261;-0.0020;-0.0059;0.0000;0.1654;10308
580.0;0.4968;0.5064;-0.0426;0.0000;64;64;0.0733;0.0223;-0.0261;0.0010;-0.0059;0.0000;0.1654;10308
580.5;0.4968;0.5060;-0.0893;0.0000;62;64;-0.0049;0.0223;-0.0261;0.0029;-0.0059;0.0000;0.1654;10308
581.0;0.4968;0.5055;-0.0975;0.0000;62;64;-0.0049;0.0223;-0.0246;0.0039;-0.0059;0.0000;0.1654;10308
581.5;0.4963;0.5055;-0.1030;0.0000;62;64;-0.0049;0.0223;-0.0246;0.0039;-0.0059;0.0000;0.1654;10308
582.0;0.4968;0.5050;-0.0879;0.0000;62;62;0.0831;0.0193;-0.0246;0.0029;-0.0059;0.0000;0.1654;10308
582.5;0.4977;0.5046;-0.0893;0.0000;62;62;-0.0831;0.0179;-0.0246;0.0029;-0.0059;0.0000;0.1654;10308
583.0;0.4977;0.5046;-0.0563;0.0000;60;60;-0.0049;0.0164;-0.0246;0.0020;-0.0059;0.0000;0.1654;10308
583.5;0.4977;0.5041;-0.0288;0.0000;60;60;-0.0049;0.0149;-0.0246;0.0010;-0.0059;0.0000;0.1654;10308
584.0;0.4977;0.5037;0.0055;0.0000;62;58;0.0733;0.0149;-0.0246;-0.0010;-0.0059;0.0000;0.1654;10308
584.5;0.4982;0.5037;0.0330;0.0000;62;58;-0.0831;0.0120;-0.0246;-0.0020;-0.0059;0.0000;0.1654;10308
585.0;0.4986;0.5032;0.0591;0.0000;62;58;-0.0049;0.0120;-0.0246;-0.0029;-0.0059;0.0000;0.1654;10359
585.5;0.4982;0.5032;0.0852;0.0000;62;56;-0.0049;0.0105;-0.0246;-0.0039;-0.0059;0.0000;0.1732;10308
586.0;0.4982;0.5027;0.0797;0.0000;62;58;-0.0049;0.0105;-0.0246;-0.0039;-0.0059;0.0000;0.1732;10308
586.5;0.4977;0.5027;0.0481;0.0000;62;58;0.0733;0.0105;-0.0246;-0.0029;-0.0059;0.0000;0.1732;10308
587.0;0.4982;0.5023;0.0192;0.0000;62;58;-0.0831;0.0091;-0.0246;-0.0010;-0.0059;0.0000;0.1732;10308
587.5;0.4982;0.5023;0.0220;0.0000;62;58;-0.0049;0.0091;-0.0246;-0.0010;-0.0059;0.0000;0.1732;10359
588.0;0.4982;0.5018;0.0014;0.0000;62;58;-0.0049;0.0091;-0.0246;-0.0010;-0.0059;0.0000;0.1732;10359
588.5;0.4977;0.5018;0.0014;0.0000;62;58;-0.0049;0.0091;-0.0246;-0.0010;-0.0059;0.0000;0.1732;10308
589.0;0.4982;0.5014;0.0000;0.0000;62;58;-0.0831;0.0076;-0.0246;-0.0010;-0.0059;0.0000;0.1732;10359
589.5;0.4986;0.5014;0.0137;0.0000;62;58;-0.0049;0.0062;-0.0246;-0.0010;-0.0059;0.0000;0.1732;10308
590.0;0.4982;0.5009;0.0110;0.0000;62;58;-0.0049;0.0062;-0.0246;-0.0010;-0.0059;0.0000;0.1732;10308
590.5;0.4982;0.5009;0.0247;0.0000;62;58;-0.0049;0.0062;-0.0246;-0.0020;-0.0059;0.0000;0.1732;10359
591.0;0.4982;0.5009;0.0577;0.0000;62;58;-0.0049;0.0062;-0.0246;-0.0029;-0.0059;0.0000;0.1732;10308
591.5;0.4973;0.5005;0.0728;0.0000;64;58;-0.0929;0.0091;-0.0246;-0.0039;-0.0059;0.0000;0.1732;10359
592.0;0.4963;0.5005;0.0934;0.0000;65;60;-0.0049;0.0105;-0.0246;-0.0049;-0.0059;0.0000;0.1732;10359
592.5;0.4954;0.5005;0.0742;0.0000;65;60;-0.0049;0.0120;-0.0246;-0.0039;-0.0059;0.0000;0.1732;10308
593.0;0.4950;0.5005;0.0508;0.0000;65;62;-0.0049;0.0120;-0.0246;-0.0029;-0.0059;0.0000;0.1732;10308
593.5;0.4954;0.5000;0.0357;0.0000;65;60;-0.0831;0.0120;-0.0246;-0.0020;-0.0059;0.0000;0.1732;10308
594.0;0.4959;0.5000;0.0302;0.0000;64;60;0.0733;0.0091;-0.0246;-0.0020;-0.0059;0.0000;0.1732;10308
594.5;0.4963;0.5000;-0.0027;0.0000;64;60;-0.0049;0.0076;-0.0246;-0.0000;-0.0059;0.0000;0.1732;10308
595.0;0.4968;0.5000;-0.0234;0.0000;64;60;-0.0049;0.0076;-0.0246;-0.0000;-0.0059;0.0000;0.1732;10308
595.5;0.4968;0.5000;-0.0577;0.0000;62;60;-0.0049;0.0076;-0.0246;0.0020;-0.0059;0.0000;0.1732;10308
596.0;0.4968;0.5000;-0.1016;0.0000;62;62;-0.0049;0.0076;-0.0246;0.0039;-0.0059;0.0000;0.1732;10308
596.5;0.4963;0.5000;-0.1332;0.0000;62;62;-0.0049;0.0076;-0.0246;0.0049;-0.0059;0.0000;0.1732;10308
597.0;0.4963;0.5000;-0.1525;0.0000;62;62;0.0049;0.0076;-0.0231;0.0059;-0.0059;0.0000;0.1811;10308
597.5;0.4963;0.5000;-0.1236;0.0000;62;62;-0.0049;0.0076;-0.0231;0.0049;-0.0059;0.0000;0.1811;10308
598.0;0.4968;0.5000;-0.1016;0.0000;64;62;-0.0831;0.0076;-0.0231;0.0039;-0.0059;0.0000;0.1811;10308
598.5;0.4977;0.5000;-0.0536;0.0000;62;60;0.0831;0.0047;-0.0231;0.0020;-0.0059;0.0000;0.1811;10308
599.0;0.4982;0.5000;-0.0261;0.0000;62;60;-0.0049;0.0032;-0.0231;0.0010;-0.0059;0.0000;0.1811;10308
599.5;0.4995;0.5000;0.0000;0.0000;62;58;-0.0831;0.0003;-0.0231;-0.0010;-0.0059;0.0000;0.1811;10308
600.0;0.5000;0.5000;0.0412;0.0000;60;56;-0.0049;-0.0012;-0.0231;-0.0020;-0.0059;0.0000;0.1811;10308
600.5;0.5005;0.5000;0.0591;0.0000;60;56;-0.0049;-0.0026;-0.0231;-0.0029;-0.0059;0.0000;0.1811;10359
601.0;0.5014;0.5000;0.0934;0.0000;62;54;-0.0929;-0.0041;-0.0231;-0.0049;-0.0059;0.0000;0.1811;10308
601.5;0.5018;0.5000;0.0934;0.0000;60;54;-0.0049;-0.0056;-0.0231;-0.0049;-0.0059;0.0000;0.1811;10308
602.0;0.5018;0.5000;0.0742;0.0000;60;54;-0.0049;-0.0056;-0.0231;-0.0039;-0.0059;0.0000;0.1811;10359
602.5;0.5027;0.5000;0.0714;0.0000;60;54;-0.0929;-0.0085;-0.0231;-0.0039;-0.0059;0.0000;0.1811;10308
603.0;0.5032;0.5000;0.0618;0.0000;60;54;-0.0049;-0.0085;-0.0246;-0.0029;-0.0059;0.0000;0.1811;10359
603.5;0.5032;0.5000;0.0577;0.0000;60;54;-0.0049;-0.0085;-0.0246;-0.0029;-0.0059;0.0000;0.1811;10359
604.0;0.5032;0.5000;0.0673;0.0000;60;54;-0.0049;-0.0085;-0.0246;-0.0029;-0.0059;0.0000;0.1811;10308
604.5;0.5037;0.5000;0.0673;0.0000;60;54;-0.0929;-0.0100;-0.0246;-0.0029;-0.0059;0.0000;0.1811;10359
605.0;0.5041;0.5000;0.0756;0.0000;60;54;-0.0049;-0.0114;-0.0246;-0.0039;-0.0059;0.0000;0.1811;10308
605.5;0.5032;0.5000;0.0659;0.0000;60;54;-0.0929;-0.0100;-0.0246;-0.0029;-0.0059;0.0000;0.1811;10359
606.0;0.5032;0.5000;0.0495;0.0000;60;56;-0.0049;-0.0100;-0.0246;-0.0029;-0.0059;0.0000;0.1811;10359
606.5;0.5032;0.5000;0.0151;0.0000;60;56;-0.0049;-0.0100;-0.0246;-0.0010;-0.0059;0.0000;0.1811;10308
607.0;0.5032;0.5000;-0.0082;0.0000;60;56;-0.0049;-0.0100;-0.0246;-0.0000;-0.0059;0.0000;0.1811;10308
607.5;0.5032;0.5000;-0.0192;0.0000;60;56;-0.0049;-0.0085;-0.0246;-0.0000;-0.0059;0.0000;0.1811;10359
608.0;0.5032;0.5000;-0.0137;0.0000;60;56;-0.0831;-0.0100;-0.0246;-0.0000;-0.0059;0.0000;0.1811;10308
608.5;0.5041;0.5000;0.0055;0.0000;60;54;-0.0831;-0.0114;-0.0246;-0.0010;-0.0059;0.0000;0.1811;10359
609.0;0.5046;0.5000;0.0027;0.0000;58;54;-0.0049;-0.0129;-0.0246;-0.0010;-0.0059;0.0000;0.1811;10359
609.5;0.5050;0.5000;-0.0151;0.0000;58;54;-0.0049;-0.0129;-0.0246;-0.0000;-0.0059;0.0000;0.1811;10308
610.0;0.5050;0.5000;-0.0275;0.0000;58;54;-0.0049;-0.0129;-0.0246;0.0010;-0.0059;0.0000;0.1811;10359
610.5;0.5055;0.5000;-0.0288;0.0000;58;54;0.0733;-0.0144;-0.0246;0.0010;-0.0059;0.0000;0.1811;10308
611.0;0.5050;0.5000;-0.0041;0.0000;58;54;-0.1711;-0.0129;-0.0246;-0.0000;-0.0059;0.0000;0.1811;10359
611.5;0.5046;0.5000;0.0357;0.0000;60;54;-0.0049;-0.0129;-0.0246;-0.0020;-0.0059;0.0000;0.1811;10359
612.0;0.5041;0.5000;0.0742;0.0000;60;56;-0.0049;-0.0114;-0.0246;-0.0039;-0.0059;0.0000;0.1811;10359
612.5;0.5041;0.5000;0.0907;0.0000;62;54;-0.0929;-0.0114;-0.0246;-0.0039;-0.0059;0.0000;0.1811;10359
613.0;0.5041;0.5000;0.0907;0.0000;62;54;-0.0049;-0.0114;-0.0246;-0.0039;-0.0059;0.0000;0.1811;10359
613.5;0.5041;0.5000;0.0810;0.0000;62;56;-0.0049;-0.0114;-0.0246;-0.0039;-0.0059;0.0000;0.1811;10359
614.0;0.5037;0.5000;0.0879;0.0000;62;56;-0.0049;-0.0114;-0.0246;-0.0039;-0.0059;0.0000;0.1811;10359
614.5;0.5037;0.5000;0.0756;0.0000;62;56;-0.0049;-0.0100;-0.0246;-0.0039;-0.0059;0.0000;0.1811;10359
615.0;0.5041;0.5000;0.0618;0.0000;62;56;-0.0929;-0.0114;-0.0246;-0.0029;-0.0059;0.0000;0.1811;10308
615.5;0.5041;0.5000;0.0604;0.0000;60;56;-0.0049;-0.0114;-0.0246;-0.0029;-0.0059;0.0000;0.1811;10308
616.0;0.5041;0.5000;0.0371;0.0000;60;56;-0.0049;-0.0114;-0.0246;-0.0020;-0.0059;0.0000;0.1811;10308
616.5;0.5032;0.5000;0.0179;0.0000;62;56;-0.0831;-0.0100;-0.0246;-0.0010;-0.0059;0.0000;0.1811;10308
617.0;0.5023;0.5000;-0.0261;0.0000;62;58;-0.0049;-0.0070;-0.0246;0.0010;-0.0059;0.0000;0.1811;10359
617.5;0.5018;0.5000;-0.0577;0.0000;62;60;-0.0049;-0.0056;-0.0246;0.0020;-0.0059;0.0000;0.1811;10359
618.0;0.5014;0.5000;-0.0797;0.0000;62;60;-0.0049;-0.0041;-0.0246;0.0029;-0.0059;0.0000;0.1811;10308
618.5;0.5014;0.5000;-0.0879;0.0000;62;60;-0.0831;-0.0041;-0.0246;0.0029;-0.0059;0.0000;0.1811;10359
619.0;0.5014;0.5000;-0.0934;0.0000;62;60;-0.0049;-0.0056;-0.0246;0.0029;-0.0059;0.0000;0.1811;10308
619.5;0.5014;0.5000;-0.1044;0.0000;62;60;-0.0049;-0.0041;-0.0246;0.0039;-0.0059;0.0000;0.1811;10308
620.0;0.5014;0.5000;-0.1181;0.0000;62;60;-0.0049;-0.0041;-0.0246;0.0049;-0.0059;0.0000;0.1811;10308
620.5;0.5018;0.5000;-0.1277;0.0000;60;60;-0.0831;-0.0056;-0.0246;0.0049;-0.0059;0.0000;0.1811;10308
621.0;0.5005;0.5000;-0.1277;0.0000;62;60;0.0831;-0.0026;-0.0246;0.0049;-0.0059;0.0000;0.1811;10308
621.5;0.4995;0.5000;-0.1346;0.0000;62;62;-0.0049;0.0003;-0.0246;0.0049;-0.0059;0.0000;0.1811;10308
622.0;0.4977;0.5000;-0.1429;0.0000;64;64;-0.0831;0.0032;-0.0246;0.0059;-0.0059;0.0000;0.1811;10308
622.5;0.4963;0.5000;-0.1470;0.0000;67;64;-0.0831;0.0091;-0.0246;0.0059;-0.0059;0.0000;0.1811;10308
623.0;0.4940;0.5000;-0.1003;0.0000;69;65;-0.0831;0.0135;-0.0246;0.0039;-0.0059;0.0000;0.1811;10308
623.5;0.4927;0.5000;-0.0838;0.0000;71;67;-0.0049;0.0179;-0.0246;0.0029;-0.0059;0.0000;0.1811;10256
624.0;0.4922;0.5000;-0.0357;0.0000;71;65;-0.0831;0.0179;-0.0246;0.0010;-0.0059;0.0000;0.1811;10256
624.5;0.4922;0.5000;-0.0124;0.0000;71;65;-0.0049;0.0193;-0.0246;-0.0000;-0.0059;0.0000;0.1811;10308
625.0;0.4918;0.5000;-0.0041;0.0000;71;65;-0.0049;0.0193;-0.0246;-0.0000;-0.0059;0.0000;0.1811;10256
625.5;0.4918;0.5000;0.0027;0.0000;71;65;-0.0049;0.0193;-0.0246;-0.0010;-0.0059;0.0000;0.1811;10308
626.0;0.4922;0.5000;-0.0014;0.0000;69;64;-0.0831;0.0179;-0.0246;-0.0000;-0.0059;0.0000;0.1811;10308
626.5;0.4922;0.5000;-0.0041;0.0000;69;64;-0.0049;0.0179;-0.0246;-0.0000;-0.0059;0.0000;0.1811;10256
627.0;0.4927;0.5000;-0.0234;0.0000;67;64;-0.0049;0.0164;-0.0246;-0.0000;-0.0059;0.0000;0.1811;10308
627.5;0.4927;0.5000;-0.0275;0.0000;67;64;-0.0049;0.0164;-0.0246;0.0010;-0.0059;0.0000;0.1811;10256
628.0;0.4922;0.5000;-0.0536;0.0000;67;64;-0.0831;0.0193;-0.0246;0.0020;-0.0059;0.0000;0.1811;10256
628.5;0.4922;0.5000;-0.0646;0.0000;67;64;-0.0831;0.0179;-0.0246;0.0020;-0.0059;0.0000;0.1811;10308
629.0;0.4922;0.5000;-0.0907;0.0000;67;64;-0.0049;0.0179;-0.0246;0.0029;-0.0059;0.0000;0.1811;10308
629.5;0.4922;0.5000;-0.1058;0.0000;67;64;-0.0049;0.0179;-0.0246;0.0039;-0.0059;0.0000;0.1811;10308
630.0;0.4922;0.5000;-0.1264;0.0000;65;64;-0.0049;0.0179;-0.0246;0.0049;-0.0059;0.0000;0.1811;10308
630.5;0.4931;0.5000;-0.1305;0.0000;65;64;0.0831;0.0164;-0.0246;0.0049;-0.0059;0.0000;0.1811;10256
631.0;0.4940;0.5000;-0.1319;0.0000;64;62;-0.0831;0.0135;-0.0231;0.0049;-0.0059;0.0000;0.1811;10308
631.5;0.4940;0.5000;-0.1277;0.0000;64;62;-0.0831;0.0135;-0.0231;0.0049;-0.0059;0.0000;0.1811;10308
632.0;0.4940;0.5000;-0.1113;0.0000;65;62;-0.0049;0.0135;-0.0231;0.0039;-0.0059;0.0000;0.1811;10256
632.5;0.4940;0.5000;-0.1085;0.0000;65;62;-0.0049;0.0135;-0.0231;0.0039;-0.0059;0.0000;0.1811;10308
633.0;0.4936;0.5000;-0.1044;0.0000;65;64;-0.0049;0.0149;-0.0231;0.0039;-0.0059;0.0000;0.1811;10308
633.5;0.4936;0.5000;-0.1126;0.0000;65;64;-0.0049;0.0149;-0.0231;0.0039;-0.0059;0.0000;0.1811;10308
634.0;0.4936;0.5000;-0.1305;0.0000;65;64;-0.0049;0.0149;-0.0231;0.0049;-0.0059;0.0000;0.1811;10308
634.5;0.4940;0.5000;-0.1621;0.0000;64;64;-0.0831;0.0135;-0.0231;0.0059;-0.0059;0.0000;0.1811;10308
635.0;0.4940;0.5000;-0.1854;0.0000;64;64;0.0049;0.0135;-0.0231;0.0068;-0.0059;0.0000;0.1811;10308
635.5;0.4945;0.5000;-0.2019;0.0000;64;64;0.0049;0.0135;-0.0231;0.0078;-0.0059;0.0000;0.1811;10308
636.0;0.4954;0.5000;-0.2115;0.0000;62;62;-0.0831;0.0105;-0.0231;0.0088;-0.0059;0.0000;0.1811;10308
636.5;0.4959;0.5000;-0.2239;0.0000;62;62;-0.0049;0.0091;-0.0231;0.0088;-0.0049;0.0000;0.1811;10308
637.0;0.4959;0.5000;-0.2212;0.0000;62;62;0.0049;0.0091;-0.0231;0.0088;-0.0049;0.0000;0.1811;10308
637.5;0.4959;0.5000;-0.2321;0.0000;62;62;-0.0733;0.0091;-0.0231;0.0088;-0.0049;0.0000;0.1811;10308
638.0;0.4954;0.5000;-0.2294;0.0000;62;62;-0.0831;0.0105;-0.0231;0.0088;-0.0049;0.0000;0.1811;10308
638.5;0.4950;0.5000;-0.2170;0.0000;64;64;0.0831;0.0120;-0.0231;0.0088;-0.0049;0.0000;0.1811;10308
639.0;0.4945;0.5000;-0.1951;0.0000;64;64;0.0049;0.0135;-0.0231;0.0078;-0.0049;0.0000;0.1811;10256
639.5;0.4940;0.5000;-0.1854;0.0000;65;64;0.0049;0.0135;-0.0231;0.0068;-0.0049;0.0000;0.1811;10308
640.0;0.4936;0.5000;-0.1772;0.0000;65;65;0.0049;0.0149;-0.0231;0.0068;-0.0049;0.0000;0.1811;10308
640.5;0.4931;0.5000;-0.1662;0.0000;65;65;0.0049;0.0149;-0.0231;0.0068;-0.0049;0.0000;0.1811;10256
641.0;0.4931;0.5000;-0.1717;0.0000;65;65;0.0049;0.0164;-0.0231;0.0068;-0.0049;0.0000;0.1811;10308
641.5;0.4931;0.5000;-0.1552;0.0000;65;65;0.0049;0.0164;-0.0231;0.0059;-0.0049;0.0000;0.1811;10308
642.0;0.4936;0.5000;-0.1552;0.0000;65;65;-0.0831;0.0149;-0.0231;0.0059;-0.0049;0.0000;0.1811;10308
642.5;0.4945;0.5000;-0.1401;0.0000;64;64;0.0831;0.0120;-0.0231;0.0059;-0.0049;0.0000;0.1811;10308
643.0;0.4945;0.5000;-0.1429;0.0000;64;64;-0.1613;0.0120;-0.0231;0.0059;-0.0049;0.0000;0.1811;10308
643.5;0.4950;0.5000;-0.1442;0.0000;64;64;0.0831;0.0105;-0.0231;0.0059;-0.0049;0.0000;0.1811;10308
644.0;0.4954;0.5000;-0.1552;0.0000;62;64;0.0049;0.0105;-0.0231;0.0059;-0.0049;0.0000;0.1811;10308
644.5;0.4963;0.5000;-0.1525;0.0000;62;62;-0.0831;0.0076;-0.0217;0.0059;-0.0049;0.0000;0.1811;10308
645.0;0.4968;0.5000;-0.1442;0.0000;62;62;0.0049;0.0062;-0.0217;0.0059;-0.0049;0.0000;0.1811;10308
645.5;0.4973;0.5000;-0.1744;0.0000;60;62;0.0049;0.0062;-0.0217;0.0068;-0.0049;0.0000;0.1811;10308
646.0;0.4973;0.5000;-0.1758;0.0000;60;62;0.0049;0.0062;-0.0217;0.0068;-0.0049;0.0000;0.1811;10308
646.5;0.4973;0.5000;-0.2527;0.0000;60;62;0.0831;0.0062;-0.0217;0.0098;-0.0049;0.0000;0.1811;10308
647.0;0.4977;0.5000;-0.2720;0.0000;60;62;-0.0733;0.0047;-0.0217;0.0108;-0.0049;0.0000;0.1811;10308
647.5;0.4982;0.5000;-0.2418;0.0000;60;62;0.0049;0.0032;-0.0217;0.0098;-0.0049;0.0000;0.1811;10308
648.0;0.4982;0.5000;-0.1978;0.0000;60;60;0.0049;0.0032;-0.0217;0.0078;-0.0049;0.0000;0.1811;10308
648.5;0.4991;0.5000;-0.1813;0.0000;60;60;-0.0831;0.0018;-0.0217;0.0068;-0.0049;0.0000;0.1811;10308
649.0;0.4995;0.5000;-0.2102;0.0000;60;60;0.0049;0.0003;-0.0217;0.0088;-0.0039;0.0000;0.1811;10308
649.5;0.4995;0.5000;-0.1937;0.0000;60;60;0.0049;0.0003;-0.0217;0.0078;-0.0039;0.0000;0.1811;10308
650.0;0.4995;0.5000;-0.2266;0.0000;60;60;0.0049;0.0003;-0.0217;0.0088;-0.0039;0.0000;0.1811;10308
650.5;0.5005;0.5000;-0.2129;0.0000;60;60;-0.0831;-0.0026;-0.0217;0.0088;-0.0039;0.0000;0.1811;10308
651.0;0.5014;0.5000;-0.2541;0.0000;58;60;0.0831;-0.0041;-0.0217;0.0098;-0.0039;0.0000;0.1811;10308
651.5;0.5018;0.5000;-0.2527;0.0000;56;60;0.0049;-0.0056;-0.0217;0.0098;-0.0039;0.0000;0.1811;10308
652.0;0.5023;0.5000;-0.2788;0.0000;56;60;0.0049;-0.0070;-0.0217;0.0108;-0.0039;0.0000;0.1811;10308
652.5;0.5023;0.5000;-0.2541;0.0000;56;60;0.0049;-0.0070;-0.0217;0.0098;-0.0039;0.0000;0.1811;10308
653.0;0.5023;0.5000;-0.2225;0.0000;58;60;0.0049;-0.0070;-0.0217;0.0088;-0.0039;0.0000;0.1811;10308
653.5;0.5027;0.5000;-0.2170;0.0000;58;58;-0.0831;-0.0085;-0.0217;0.0088;-0.0039;0.0000;0.1811;10308
654.0;0.5032;0.5000;-0.2033;0.0000;56;58;0.0049;-0.0085;-0.0231;0.0078;-0.0039;0.0000;0.1811;10308
654.5;0.5032;0.5000;-0.2212;0.0000;56;58;0.0049;-0.0085;-0.0231;0.0088;-0.0039;0.0000;0.1811;10308
655.0;0.5032;0.5000;-0.1841;0.0000;58;58;0.0049;-0.0085;-0.0231;0.0068;-0.0039;0.0000;0.1811;10308
655.5;0.5027;0.5000;-0.2060;0.0000;58;60;0.0831;-0.0085;-0.0231;0.0078;-0.0039;0.0000;0.1811;10308
656.0;0.5023;0.5000;-0.1690;0.0000;58;60;0.0049;-0.0070;-0.0231;0.0068;-0.0039;0.0000;0.1811;10308
656.5;0.5023;0.5000;-0.1786;0.0000;58;60;0.0049;-0.0070;-0.0231;0.0068;-0.0039;0.0000;0.1811;10359
657.0;0.5018;0.5000;-0.1648;0.0000;60;60;0.0049;-0.0056;-0.0231;0.0068;-0.0039;0.0000;0.1811;10308
657.5;0.5023;0.5000;-0.1607;0.0000;60;60;-0.0831;-0.0070;-0.0231;0.0059;-0.0039;0.0000;0.1811;10308
658.0;0.5023;0.5000;-0.1277;0.0000;60;60;-0.0049;-0.0070;-0.0231;0.0049;-0.0039;0.0000;0.1811;10308
658.5;0.5032;0.5000;-0.0632;0.0000;60;58;0.0831;-0.0085;-0.0231;0.0020;-0.0039;0.0000;0.1811;10308
659.0;0.5037;0.5000;-0.0508;0.0000;58;58;-0.0049;-0.0100;-0.0231;0.0020;-0.0039;0.0000;0.1811;10308
659.5;0.5037;0.5000;-0.0151;0.0000;58;56;-0.0049;-0.0100;-0.0231;-0.0000;-0.0039;0.0000;0.1811;10359
660.0;0.5037;0.5000;-0.0247;0.0000;60;58;-0.0049;-0.0100;-0.0231;0.0010;-0.0039;0.0000;0.1811;10308
660.5;0.5032;0.5000;-0.0014;0.0000;60;58;-0.0049;-0.0100;-0.0231;-0.0000;-0.0039;0.0000;0.1811;10308
661.0;0.5032;0.5000;-0.0247;0.0000;60;58;-0.0049;-0.0085;-0.0231;0.0010;-0.0039;0.0000;0.1811;10359
661.5;0.5037;0.5000;-0.0096;0.0000;60;58;0.0733;-0.0100;-0.0231;-0.0000;-0.0039;0.0000;0.1811;10308
662.0;0.5023;0.5000;-0.0302;0.0000;60;60;-0.0049;-0.0070;-0.0231;0.0010;-0.0039;0.0000;0.1811;10308
662.5;0.5018;0.5000;-0.0440;0.0000;62;60;-0.0831;-0.0056;-0.0231;0.0010;-0.0039;0.0000;0.1811;10308
663.0;0.5014;0.5000;-0.0577;0.0000;62;60;-0.0049;-0.0056;-0.0231;0.0020;-0.0039;0.0000;0.1811;10308
663.5;0.5014;0.5000;-0.0618;0.0000;62;62;-0.0049;-0.0041;-0.0231;0.0020;-0.0039;0.0000;0.1811;10308
664.0;0.5009;0.5000;-0.0316;0.0000;62;62;-0.0831;-0.0041;-0.0231;0.0010;-0.0039;0.0000;0.1811;10308
664.5;0.5014;0.5000;-0.0206;0.0000;62;60;0.0733;-0.0041;-0.0231;-0.0000;-0.0039;0.0000;0.1811;10308
665.0;0.5014;0.5000;0.0096;0.0000;62;60;-0.0049;-0.0041;-0.0231;-0.0010;-0.0039;0.0000;0.1811;10308
665.5;0.5014;0.5000;-0.0027;0.0000;62;60;-0.0049;-0.0041;-0.0231;-0.0000;-0.0039;0.0000;0.1811;10308
666.0;0.5014;0.5000;0.0288;0.0000;62;60;0.0733;-0.0041;-0.0231;-0.0020;-0.0039;0.0000;0.1811;10308
666.5;0.5005;0.5000;0.0330;0.0000;64;60;-0.0831;-0.0026;-0.0231;-0.0020;-0.0039;0.0000;0.1811;10308
667.0;0.4995;0.5000;0.0563;0.0000;64;62;-0.0049;0.0003;-0.0231;-0.0029;-0.0039;0.0000;0.1811;10308
667.5;0.4991;0.5000;0.0508;0.0000;64;62;-0.0049;0.0018;-0.0231;-0.0029;-0.0039;0.0000;0.1811;10308
668.0;0.4986;0.5000;0.0508;0.0000;65;62;-0.0049;0.0032;-0.0231;-0.0029;-0.0039;0.0000;0.1811;10308
668.5;0.4982;0.5000;0.0646;0.0000;65;62;-0.0049;0.0032;-0.0231;-0.0029;-0.0039;0.0000;0.1811;10308
669.0;0.4982;0.5000;0.0563;0.0000;64;62;-0.0049;0.0032;-0.0231;-0.0029;-0.0039;0.0000;0.1811;10308
669.5;0.4982;0.5000;0.0522;0.0000;64;62;-0.0049;0.0032;-0.0231;-0.0029;-0.0039;0.0000;0.1811;10308
670.0;0.4982;0.5000;0.0192;0.0000;64;62;-0.0049;0.0032;-0.0231;-0.0010;-0.0039;0.0000;0.1811;10308
670.5;0.4982;0.5000;0.0165;0.0000;64;62;-0.0049;0.0032;-0.0231;-0.0010;-0.0039;0.0000;0.1811;10308
671.0;0.4973;0.5000;-0.0027;0.0000;64;62;-0.0831;0.0047;-0.0231;-0.0000;-0.0039;0.0000;0.1811;10308
671.5;0.4973;0.5000;0.0027;0.0000;64;64;0.0733;0.0062;-0.0231;-0.0010;-0.0039;0.0000;0.1811;10308
672.0;0.4973;0.5000;0.0069;0.0000;64;64;-0.0049;0.0062;-0.0231;-0.0010;-0.0039;0.0000;0.1811;10308
672.5;0.4973;0.4982;0.0206;0.0000;50;48;-0.0049;0.0018;-0.0231;-0.0010;-0.0039;0.0000;0.1260;10308
673.0;0.4959;0.4968;0.0302;0.0000;48;46;-0.0049;0.0018;-0.0231;-0.0020;-0.0039;0.0000;0.1260;10308
673.5;0.4945;0.4954;0.0481;0.0000;48;46;-0.0049;0.0018;-0.0231;-0.0029;-0.0039;0.0000;0.1260;10359
674.0;0.4927;0.4936;0.0797;0.0000;50;46;-0.0049;0.0018;-0.0231;-0.0039;-0.0039;0.0000;0.1260;10359
674.5;0.4913;0.4922;0.0838;0.0000;50;46;-0.0049;0.0018;-0.0231;-0.0039;-0.0039;0.0000;0.1260;10359
675.0;0.4899;0.4908;0.0962;0.0000;50;46;-0.0049;0.0018;-0.0231;-0.0049;-0.0039;0.0000;0.1260;10359
675.5;0.4886;0.4895;0.0797;0.0000;50;46;-0.0049;0.0018;-0.0231;-0.0039;-0.0039;0.0000;0.1260;10359
676.0;0.4872;0.4876;0.0714;0.0000;48;46;-0.0049;0.0018;-0.0231;-0.0039;-0.0039;0.0000;0.1260;10359
676.5;0.4858;0.4863;0.0522;0.0000;48;46;-0.0049;0.0003;-0.0231;-0.0029;-0.0039;0.0000;0.1260;10359
677.0;0.4835;0.4849;0.0522;0.0000;48;46;0.0733;0.0018;-0.0231;-0.0029;-0.0039;0.0000;0.1260;10359
677.5;0.4817;0.4831;0.0659;0.0000;50;46;-0.0049;0.0032;-0.0231;-0.0029;-0.0039;0.0000;0.1260;10359
678.0;0.4794;0.4817;0.0687;0.0000;50;48;-0.0929;0.0062;-0.0231;-0.0039;-0.0039;0.0000;0.1260;10359
678.5;0.4766;0.4803;0.0810;0.0000;52;48;0.0733;0.0091;-0.0231;-0.0039;-0.0039;0.0000;0.1260;10359
679.0;0.4757;0.4789;0.0879;0.0000;50;48;-0.0049;0.0062;-0.0231;-0.0039;-0.0039;0.0000;0.1260;10359
679.5;0.4748;0.4771;0.0975;0.0000;50;46;-0.0049;0.0047;-0.0231;-0.0049;-0.0039;0.0000;0.1260;10359
680.0;0.4744;0.4757;0.0962;0.0000;48;46;-0.0049;0.0032;-0.0231;-0.0049;-0.0039;0.0000;0.1181;10359
680.5;0.4730;0.4744;0.0728;0.0000;48;44;-0.0049;0.0018;-0.0231;-0.0039;-0.0039;0.0000;0.1181;10410
681.0;0.4725;0.4730;0.0481;0.0000;46;46;0.0733;0.0003;-0.0231;-0.0029;-0.0039;0.0000;0.1181;10359
681.5;0.4707;0.4712;0.0426;0.0000;46;46;0.0733;0.0003;-0.0231;-0.0020;-0.0039;0.0000;0.1181;10410
682.0;0.4684;0.4698;0.0137;0.0000;46;46;-0.0831;0.0018;-0.0231;-0.0010;-0.0039;0.0000;0.1181;10359
682.5;0.4666;0.4684;-0.0027;0.0000;46;46;-0.0049;0.0032;-0.0231;-0.0000;-0.0039;0.0000;0.1181;10359
683.0;0.4647;0.4666;-0.0110;0.0000;46;48;0.0733;0.0047;-0.0231;-0.0000;-0.0039;0.0000;0.1181;10359
683.5;0.4629;0.4652;-0.0151;0.0000;48;48;-0.0049;0.0047;-0.0231;-0.0000;-0.0039;0.0000;0.1181;10359
684.0;0.4602;0.4638;-0.0055;0.0000;48;48;-0.0049;0.0076;-0.0231;-0.0000;-0.0039;0.0000;0.1181;10359
684.5;0.4574;0.4625;0.0357;0.0000;50;50;0.0733;0.0120;-0.0231;-0.0020;-0.0039;0.0000;0.1181;10359
685.0;0.4551;0.4606;0.1044;0.0000;52;50;-0.0049;0.0135;-0.0217;-0.0049;-0.0039;0.0000;0.1181;10359
685.5;0.4528;0.4592;0.1635;0.0000;54;50;-0.0929;0.0149;-0.0217;-0.0078;-0.0039;0.0000;0.1181;10359
686.0;0.4505;0.4606;0.1951;0.0000;95;89;0.0733;0.0252;-0.0217;-0.0088;-0.0039;0.0000;0.2677;10359
686.5;0.4496;0.4592;0.1978;0.0000;58;54;-0.0147;0.0237;-0.0217;-0.0088;-0.0039;0.0000;0.1181;10308
687.0;0.4487;0.4579;0.1676;0.0000;56;52;-0.0147;0.0208;-0.0217;-0.0078;-0.0039;0.0000;0.1181;10359
687.5;0.4473;0.4560;0.1442;0.0000;54;52;0.0733;0.0208;-0.0217;-0.0068;-0.0039;0.0000;0.1181;10359
688.0;0.4464;0.4547;0.1085;0.0000;52;50;-0.0049;0.0193;-0.0217;-0.0049;-0.0039;0.0000;0.1181;10359
688.5;0.4460;0.4533;0.0948;0.0000;52;50;-0.0049;0.0179;-0.0217;-0.0049;-0.0039;0.0000;0.1181;10359
689.0;0.4446;0.4519;0.0920;0.0000;50;48;0.0733;0.0179;-0.0217;-0.0039;-0.0039;0.0000;0.1181;10359
689.5;0.4437;0.4501;0.0975;0.0000;50;48;-0.0049;0.0164;-0.0217;-0.0049;-0.0039;0.0000;0.1181;10359
690.0;0.4414;0.4487;0.1209;0.0000;50;48;-0.0049;0.0179;-0.0217;-0.0059;-0.0039;0.0000;0.1181;10359
690.5;0.4400;0.4473;0.1484;0.0000;50;48;-0.0147;0.0179;-0.0217;-0.0068;-0.0039;0.0000;0.1181;10359
691.0;0.4382;0.4460;0.1772;0.0000;52;46;-0.0147;0.0179;-0.0217;-0.0078;-0.0039;0.0000;0.1181;10359
691.5;0.4354;0.4441;0.1978;0.0000;54;48;-0.0147;0.0208;-0.0217;-0.0088;-0.0039;0.0000;0.1181;10359
692.0;0.4336;0.4428;0.2266;0.0000;54;48;-0.0147;0.0223;-0.0217;-0.0098;-0.0039;0.0000;0.1181;10359
692.5;0.4318;0.4414;0.2253;0.0000;54;48;0.0733;0.0223;-0.0217;-0.0098;-0.0039;0.0000;0.1181;10359
693.0;0.4304;0.4396;0.1923;0.0000;54;48;-0.0147;0.0223;-0.0217;-0.0088;-0.0049;0.0000;0.1181;10359
693.5;0.4286;0.4382;0.1758;0.0000;54;48;-0.0147;0.0237;-0.0217;-0.0078;-0.0049;0.0000;0.1181;10359
694.0;0.4263;0.4368;0.1305;0.0000;54;50;0.0733;0.0252;-0.0202;-0.0059;-0.0049;0.0000;0.1181;10359
694.5;0.4249;0.4354;0.1195;0.0000;52;50;-0.0049;0.0252;-0.0202;-0.0059;-0.0049;0.0000;0.1181;10359
695.0;0.4226;0.4336;0.1030;0.0000;54;50;-0.0049;0.0267;-0.0202;-0.0049;-0.0049;0.0000;0.1181;10359
695.5;0.4203;0.4322;0.0838;0.0000;54;50;-0.0929;0.0281;-0.0202;-0.0039;-0.0049;0.0000;0.1181;10359
696.0;0.4185;0.4309;0.0481;0.0000;54;52;0.0733;0.0296;-0.0202;-0.0029;-0.0049;0.0000;0.1181;10359
696.5;0.4167;0.4295;-0.0124;0.0000;54;52;-0.0831;0.0311;-0.0202;-0.0000;-0.0049;0.0000;0.1181;10359
697.0;0.4139;0.4277;-0.0742;0.0000;54;54;-0.0049;0.0340;-0.0202;0.0029;-0.0049;0.0000;0.1181;10359
697.5;0.4125;0.4263;-0.1456;0.0000;52;54;0.0049;0.0340;-0.0202;0.0059;-0.0049;0.0000;0.1181;10359
698.0;0.4116;0.4249;-0.2280;0.0000;50;54;0.0049;0.0325;-0.0202;0.0088;-0.0049;0.0000;0.1181;10359
698.5;0.4098;0.4231;-0.3063;0.0000;50;56;0.0049;0.0325;-0.0202;0.0127;-0.0049;0.0000;0.1181;10359
699.0;0.4089;0.4217;-0.3407;0.0000;48;54;0.0049;0.0311;-0.0202;0.0137;-0.0039;0.0000;0.1181;10359
699.5;0.4080;0.4203;-0.3777;0.0000;46;54;0.0929;0.0311;-0.0202;0.0156;-0.0039;0.0000;0.1181;10359
700.0;0.4066;0.4190;-0.3764;0.0000;46;54;-0.0733;0.0296;-0.0188;0.0156;-0.0039;0.0000;0.1181;10359
700.5;0.4052;0.4171;-0.3159;0.0000;46;52;0.0831;0.0296;-0.0188;0.0127;-0.0039;0.0000;0.1181;10359
701.0;0.4038;0.4158;-0.2857;0.0000;48;52;-0.0733;0.0281;-0.0188;0.0117;-0.0039;0.0000;0.1181;10359
701.5;0.4020;0.4144;-0.2390;0.0000;48;52;0.0049;0.0296;-0.0188;0.0098;-0.0039;0.0000;0.1181;10359
702.0;0.4006;0.4125;-0.2088;0.0000;48;50;0.0049;0.0296;-0.0188;0.0078;-0.0039;0.0000;0.1181;10359
702.5;0.3988;0.4112;-0.1717;0.0000;48;50;0.0049;0.0296;-0.0188;0.0068;-0.0039;0.0000;0.1181;10359
703.0;0.3974;0.4098;-0.1538;0.0000;48;50;0.0831;0.0311;-0.0188;0.0059;-0.0039;0.0000;0.1181;10359
703.5;0.3965;0.4084;-0.1264;0.0000;48;50;-0.0049;0.0281;-0.0188;0.0049;-0.0039;0.0000;0.1181;10359
704.0;0.3951;0.4066;-0.1058;0.0000;48;50;-0.0049;0.0281;-0.0188;0.0039;-0.0039;0.0000;0.1181;10359
704.5;0.3942;0.4052;-0.0879;0.0000;48;48;-0.0049;0.0267;-0.0188;0.0029;-0.0039;0.0000;0.1181;10359
705.0;0.3929;0.4038;-0.0797;0.0000;48;48;-0.0049;0.0267;-0.0188;0.0029;-0.0039;0.0000;0.1181;10359
705.5;0.3915;0.4025;-0.0797;0.0000;48;48;0.0831;0.0267;-0.0188;0.0029;-0.0039;0.0000;0.1181;10359
706.0;0.3901;0.4006;-0.0563;0.0000;48;48;-0.0831;0.0267;-0.0173;0.0020;-0.0039;0.0000;0.1102;10359
706.5;0.3883;0.3993;-0.0522;0.0000;48;48;-0.0049;0.0267;-0.0173;0.0020;-0.0039;0.0000;0.1102;10359
707.0;0.3869;0.3979;-0.0357;0.0000;48;48;-0.0049;0.0267;-0.0173;0.0010;-0.0039;0.0000;0.1102;10359
707.5;0.3846;0.3961;-0.0247;0.0000;48;48;-0.0049;0.0281;-0.0173;0.0010;-0.0039;0.0000;0.1102;10359
708.0;0.3828;0.3947;-0.0041;0.0000;50;48;-0.0049;0.0281;-0.0173;-0.0000;-0.0039;0.0000;0.1102;10359
708.5;0.3810;0.3933;0.0165;0.0000;50;48;-0.0049;0.0296;-0.0173;-0.0010;-0.0039;0.0000;0.1102;10359
709.0;0.3791;0.3919;0.0316;0.0000;50;50;0.0733;0.0311;-0.0173;-0.0020;-0.0039;0.0000;0.1102;10359
709.5;0.3782;0.3901;0.0714;0.0000;50;48;-0.0929;0.0296;-0.0173;-0.0039;-0.0039;0.0000;0.1102;10359
710.0;0.3768;0.3887;0.0865;0.0000;50;48;0.0733;0.0296;-0.0173;-0.0039;-0.0039;0.0000;0.1102;10359
710.5;0.3755;0.3874;0.1126;0.0000;50;46;-0.0049;0.0296;-0.0173;-0.0049;-0.0039;0.0000;0.1102;10359
711.0;0.3745;0.3860;0.1291;0.0000;50;46;-0.0049;0.0267;-0.0173;-0.0059;-0.0039;0.0000;0.1102;10359
711.5;0.3732;0.3842;0.1291;0.0000;48;46;-0.0049;0.0267;-0.0173;-0.0059;-0.0039;0.0000;0.1102;10359
712.0;0.3718;0.3828;0.1236;0.0000;48;46;-0.0049;0.0267;-0.0173;-0.0059;-0.0039;0.0000;0.1102;10359
712.5;0.3695;0.3814;0.1058;0.0000;50;46;0.0733;0.0281;-0.0158;-0.0049;-0.0039;0.0000;0.1102;10359
713.0;0.3681;0.3796;0.1085;0.0000;50;46;-0.0929;0.0281;-0.0158;-0.0049;-0.0039;0.0000;0.1102;10359
713.5;0.3663;0.3782;0.0962;0.0000;50;46;-0.0049;0.0296;-0.0158;-0.0049;-0.0039;0.0000;0.1102;10359
714.0;0.3658;0.3768;0.0714;0.0000;48;46;-0.0049;0.0267;-0.0158;-0.0039;-0.0039;0.0000;0.1102;10359
714.5;0.3645;0.3755;0.0467;0.0000;48;46;-0.0049;0.0267;-0.0158;-0.0029;-0.0039;0.0000;0.1102;10359
715.0;0.3626;0.3736;0.0247;0.0000;48;46;-0.0049;0.0267;-0.0158;-0.0020;-0.0039;0.0000;0.1102;10359
715.5;0.3617;0.3723;-0.0137;0.0000;46;46;0.0733;0.0252;-0.0158;-0.0000;-0.0039;0.0000;0.1102;10359
716.0;0.3603;0.3709;-0.0371;0.0000;46;46;-0.0049;0.0252;-0.0158;0.0010;-0.0039;0.0000;0.1102;10410
716.5;0.3599;0.3690;-0.0412;0.0000;44;46;-0.0049;0.0237;-0.0158;0.0010;-0.0039;0.0000;0.1102;10410
717.0;0.3585;0.3677;-0.0357;0.0000;44;44;-0.0049;0.0223;-0.0158;0.0010;-0.0039;0.0000;0.1102;10410
717.5;0.3571;0.3663;0.0041;0.0000;44;44;-0.0049;0.0223;-0.0158;-0.0010;-0.0039;0.0000;0.1102;10359
718.0;0.3558;0.3649;0.0275;0.0000;46;44;-0.0049;0.0223;-0.0158;-0.0020;-0.0039;0.0000;0.1102;10359
718.5;0.3544;0.3631;0.0632;0.0000;46;44;0.0733;0.0208;-0.0158;-0.0029;-0.0039;0.0000;0.1102;10410
719.0;0.3530;0.3617;0.1154;0.0000;46;42;-0.0049;0.0208;-0.0158;-0.0049;-0.0039;0.0000;0.1102;10410
719.5;0.3512;0.3603;0.1566;0.0000;46;42;-0.0147;0.0223;-0.0144;-0.0068;-0.0039;0.0000;0.1102;10359
720.0;0.3494;0.3590;0.1937;0.0000;48;42;-0.0147;0.0223;-0.0144;-0.0088;-0.0039;0.0000;0.1102;10410
720.5;0.3475;0.3571;0.2060;0.0000;48;42;-0.0147;0.0237;-0.0144;-0.0088;-0.0039;0.0000;0.1102;10410
721.0;0.3448;0.3558;0.2212;0.0000;48;44;0.0733;0.0267;-0.0144;-0.0098;-0.0039;0.0000;0.1102;10410
721.5;0.3434;0.3544;0.1964;0.0000;48;44;0.0733;0.0267;-0.0144;-0.0088;-0.0039;0.0000;0.1102;10410
722.0;0.3407;0.3558;0.1484;0.0000;89;87;0.0733;0.0369;-0.0144;-0.0068;-0.0039;0.0000;0.2598;10359
722.5;0.3384;0.3544;0.0769;0.0000;52;52;0.0733;0.0384;-0.0144;-0.0039;-0.0039;0.0000;0.1102;10308
723.0;0.3375;0.3526;0.0549;0.0000;52;52;0.0733;0.0384;-0.0144;-0.0029;-0.0039;0.0000;0.1102;10359
723.5;0.3356;0.3512;0.0385;0.0000;50;52;-0.0049;0.0384;-0.0144;-0.0020;-0.0039;0.0000;0.1102;10359
724.0;0.3352;0.3498;0.0385;0.0000;50;50;-0.0831;0.0355;-0.0144;-0.0020;-0.0039;0.0000;0.1102;10359
724.5;0.3333;0.3484;0.0604;0.0000;50;50;-0.0049;0.0369;-0.0144;-0.0029;-0.0039;0.0000;0.1102;10359
725.0;0.3310;0.3466;0.0646;0.0000;50;50;0.0733;0.0384;-0.0129;-0.0029;-0.0039;0.0000;0.1102;10359
725.5;0.3292;0.3452;0.0810;0.0000;50;50;-0.0929;0.0384;-0.0129;-0.0039;-0.0039;0.0000;0.1102;10359
726.0;0.3278;0.3439;0.0948;0.0000;50;48;-0.0049;0.0384;-0.0129;-0.0049;-0.0039;0.0000;0.1102;10359
726.5;0.3265;0.3425;0.1277;0.0000;50;48;-0.0049;0.0384;-0.0129;-0.0059;-0.0039;0.0000;0.1102;10359
727.0;0.3251;0.3407;0.1525;0.0000;50;48;0.1515;0.0384;-0.0129;-0.0068;-0.0049;0.0000;0.1102;10359
727.5;0.3237;0.3393;0.1923;0.0000;50;46;-0.0147;0.0384;-0.0129;-0.0088;-0.0049;0.0000;0.1102;10359
728.0;0.3223;0.3379;0.2198;0.0000;50;46;-0.0147;0.0384;-0.0129;-0.0098;-0.0049;0.0000;0.1102;10359
728.5;0.3210;0.3361;0.2404;0.0000;50;46;-0.0147;0.0384;-0.0129;-0.0108;-0.0049;0.0000;0.1102;10359
729.0;0.3196;0.3347;0.2500;0.0000;50;44;-0.0147;0.0369;-0.0129;-0.0108;-0.0049;0.0000;0.1102;10359
729.5;0.3182;0.3333;0.2459;0.0000;50;44;-0.0147;0.0369;-0.0114;-0.0108;-0.0049;0.0000;0.1102;10359
730.0;0.3168;0.3320;0.2473;0.0000;50;44;-0.0147;0.0369;-0.0114;-0.0108;-0.0049;0.0000;0.1102;10359
730.5;0.3164;0.3301;0.2500;0.0000;48;44;0.0635;0.0340;-0.0114;-0.0108;-0.0049;0.0000;0.1102;10359
731.0;0.3150;0.3288;0.2624;0.0000;48;42;-0.0929;0.0340;-0.0114;-0.0117;-0.0049;0.0000;0.1102;10359
731.5;0.3136;0.3274;0.2500;0.0000;48;42;-0.0147;0.0340;-0.0114;-0.0108;-0.0049;0.0000;0.1102;10359
732.0;0.3123;0.3255;0.2157;0.0000;48;42;-0.0147;0.0325;-0.0114;-0.0098;-0.0049;0.0000;0.1024;10359
732.5;0.3114;0.3242;0.1346;0.0000;46;42;-0.0049;0.0325;-0.0114;-0.0059;-0.0049;0.0000;0.1024;10359
733.0;0.3100;0.3228;0.0728;0.0000;46;44;-0.0049;0.0311;-0.0114;-0.0039;-0.0049;0.0000;0.1024;10410
733.5;0.3091;0.3214;0.0165;0.0000;44;44;0.0733;0.0296;-0.0114;-0.0010;-0.0049;0.0000;0.1024;10359
734.0;0.3072;0.3196;-0.0179;0.0000;44;44;-0.0831;0.0311;-0.0114;-0.0000;-0.0049;0.0000;0.1024;10359
734.5;0.3063;0.3182;-0.0234;0.0000;44;44;0.0733;0.0281;-0.0114;-0.0000;-0.0049;0.0000;0.1024;10359
735.0;0.3040;0.3168;-0.0371;0.0000;44;44;-0.0049;0.0311;-0.0114;0.0010;-0.0049;0.0000;0.1024;10359
735.5;0.3022;0.3155;-0.0563;0.0000;44;44;-0.0049;0.0311;-0.0100;0.0020;-0.0049;0.0000;0.1024;10410
736.0;0.3008;0.3136;-0.0824;0.0000;44;46;-0.0049;0.0311;-0.0100;0.0029;-0.0049;0.0000;0.1024;10359
736.5;0.2999;0.3123;-0.1044;0.0000;44;44;-0.0049;0.0311;-0.0100;0.0039;-0.0049;0.0000;0.1024;10359
737.0;0.2985;0.3109;-0.1442;0.0000;42;44;0.0049;0.0296;-0.0100;0.0059;-0.0049;0.0000;0.1024;10410
737.5;0.2976;0.3091;-0.1580;0.0000;42;44;0.0049;0.0281;-0.0100;0.0059;-0.0049;0.0000;0.1024;10359
738.0;0.2972;0.3077;-0.1566;0.0000;40;44;0.0049;0.0267;-0.0100;0.0059;-0.0049;0.0000;0.1024;10410
738.5;0.2949;0.3063;-0.1538;0.0000;40;44;0.0049;0.0281;-0.0100;0.0059;-0.0049;0.0000;0.1024;10410
739.0;0.2926;0.3049;-0.1566;0.0000;42;46;0.0831;0.0296;-0.0100;0.0059;-0.0049;0.0000;0.1024;10410
739.5;0.2908;0.3031;-0.1401;0.0000;44;46;-0.0049;0.0311;-0.0100;0.0049;-0.0049;0.0000;0.1024;10410
740.0;0.2894;0.3017;-0.1113;0.0000;44;44;-0.0049;0.0296;-0.0100;0.0039;-0.0049;0.0000;0.1024;10410
740.5;0.2871;0.3004;-0.0769;0.0000;46;46;0.0831;0.0325;-0.0100;0.0029;-0.0049;0.0000;0.1024;10410
741.0;0.2853;0.2990;-0.0316;0.0000;46;46;-0.0049;0.0340;-0.0100;0.0010;-0.0049;0.0000;0.1024;10410
741.5;0.2839;0.2972;0.0055;0.0000;46;44;-0.0049;0.0325;-0.0085;-0.0010;-0.0049;0.0000;0.1024;10410
742.0;0.2821;0.2958;0.0618;0.0000;48;44;-0.0929;0.0325;-0.0085;-0.0029;-0.0049;0.0000;0.1024;10359
742.5;0.2802;0.2944;0.1016;0.0000;48;44;0.0733;0.0340;-0.0085;-0.0049;-0.0049;0.0000;0.1024;10410
743.0;0.2788;0.2926;0.1209;0.0000;48;44;-0.0049;0.0340;-0.0085;-0.0059;-0.0049;0.0000;0.1024;10359
743.5;0.2779;0.2912;0.1085;0.0000;46;42;-0.0049;0.0325;-0.0085;-0.0049;-0.0049;0.0000;0.1024;10410
744.0;0.2766;0.2898;0.1058;0.0000;46;40;-0.0929;0.0325;-0.0085;-0.0049;-0.0049;0.0000;0.1024;10410
744.5;0.2747;0.2885;0.0756;0.0000;46;42;0.0733;0.0325;-0.0085;-0.0039;-0.0049;0.0000;0.1024;10410
745.0;0.2738;0.2866;0.0536;0.0000;46;42;-0.0049;0.0325;-0.0085;-0.0029;-0.0049;0.0000;0.1024;10410
745.5;0.2715;0.2853;0.0357;0.0000;46;44;0.0733;0.0340;-0.0085;-0.0020;-0.0049;0.0000;0.1024;10410
746.0;0.2683;0.2866;0.0275;0.0000;87;83;-0.0049;0.0442;-0.0085;-0.0020;-0.0049;0.0000;0.2520;10359
746.5;0.2674;0.2853;0.0316;0.0000;50;48;-0.0049;0.0442;-0.0070;-0.0020;-0.0049;0.0000;0.1024;10308
747.0;0.2660;0.2839;0.0206;0.0000;50;48;-0.0049;0.0428;-0.0070;-0.0010;-0.0049;0.0000;0.1024;10359
747.5;0.2637;0.2821;0.0096;0.0000;50;48;-0.0049;0.0457;-0.0070;-0.0010;-0.0049;0.0000;0.1024;10359
748.0;0.2614;0.2807;-0.0234;0.0000;50;48;0.0733;0.0472;-0.0070;-0.0000;-0.0049;0.0000;0.1024;10359
748.5;0.2601;0.2793;-0.0371;0.0000;50;48;-0.0049;0.0472;-0.0070;0.0010;-0.0049;0.0000;0.1024;10359
749.0;0.2596;0.2779;-0.0591;0.0000;48;48;-0.0049;0.0457;-0.0070;0.0020;-0.0049;0.0000;0.1024;10359
749.5;0.2592;0.2761;-0.0494;0.0000;46;46;-0.0049;0.0428;-0.0070;0.0020;-0.0049;0.0000;0.1024;10359
750.0;0.2573;0.2747;-0.0330;0.0000;46;46;-0.0049;0.0428;-0.0070;0.0010;-0.0049;0.0000;0.1024;10359
750.5;0.2564;0.2734;-0.0014;0.0000;46;44;-0.0049;0.0413;-0.0056;-0.0000;-0.0049;0.0000;0.1024;10359
751.0;0.2560;0.2720;0.0110;0.0000;46;42;-0.0049;0.0384;-0.0056;-0.0010;-0.0049;0.0000;0.1024;10359
751.5;0.2546;0.2701;0.0110;0.0000;44;42;-0.0049;0.0384;-0.0056;-0.0010;-0.0049;0.0000;0.1024;10359
752.0;0.2537;0.2688;-0.0055;0.0000;44;42;-0.0049;0.0369;-0.0056;-0.0000;-0.0049;0.0000;0.1024;10359
752.5;0.2532;0.2674;-0.0330;0.0000;42;40;-0.0049;0.0340;-0.0056;0.0010;-0.0049;0.0000;0.1024;10359
753.0;0.2523;0.2656;-0.0316;0.0000;40;40;0.0733;0.0325;-0.0056;0.0010;-0.0049;0.0000;0.1024;10359
753.5;0.2514;0.2642;-0.0440;0.0000;40;40;-0.0831;0.0311;-0.0056;0.0010;-0.0049;0.0000;0.1024;10410
754.0;0.2509;0.2628;-0.0357;0.0000;40;38;-0.0049;0.0296;-0.0056;0.0010;-0.0049;0.0000;0.1024;10410
754.5;0.2509;0.2614;-0.0549;0.0000;38;36;-0.0049;0.0252;-0.0056;0.0020;-0.0049;0.0000;0.1024;10410
755.0;0.2495;0.2596;-0.0907;0.0000;38;38;-0.0049;0.0252;-0.0056;0.0029;-0.0049;0.0000;0.1024;10410
755.5;0.2486;0.2582;-0.1374;0.0000;36;38;-0.0049;0.0237;-0.0056;0.0049;-0.0049;0.0000;0.1024;10410
756.0;0.2477;0.2569;-0.1772;0.0000;36;36;-0.0831;0.0208;-0.0041;0.0068;-0.0049;0.0000;0.1024;10410
756.5;0.2459;0.2555;-0.1909;0.0000;36;38;0.0049;0.0223;-0.0041;0.0078;-0.0049;0.0000;0.1024;10410
757.0;0.2445;0.2537;-0.2198;0.0000;36;38;0.0831;0.0223;-0.0041;0.0088;-0.0049;0.0000;0.1024;10410
757.5;0.2427;0.2523;-0.1882;0.0000;36;38;-0.0831;0.0237;-0.0041;0.0078;-0.0049;0.0000;0.1024;10410
758.0;0.2413;0.2509;-0.1387;0.0000;38;38;0.0831;0.0237;-0.0041;0.0049;-0.0049;0.0000;0.0945;10410
758.5;0.2404;0.2491;-0.0481;0.0000;38;36;-0.0049;0.0208;-0.0041;0.0020;-0.0049;0.0000;0.0945;10410
759.0;0.2395;0.2477;0.0096;0.0000;38;34;-0.0831;0.0193;-0.0041;-0.0010;-0.0049;0.0000;0.0945;10410
759.5;0.2386;0.2463;0.0975;0.0000;38;34;0.0733;0.0179;-0.0041;-0.0049;-0.0049;0.0000;0.0945;10410
760.0;0.2376;0.2450;0.1593;0.0000;38;32;-0.0929;0.0179;-0.0041;-0.0068;-0.0049;0.0000;0.0945;10410
760.5;0.2363;0.2431;0.1923;0.0000;38;32;0.0733;0.0164;-0.0041;-0.0088;-0.0049;0.0000;0.0945;10410
761.0;0.2353;0.2418;0.1978;0.0000;38;32;-0.0929;0.0149;-0.0041;-0.0088;-0.0049;0.0000;0.0945;10410
761.5;0.2344;0.2404;0.1909;0.0000;38;32;0.0733;0.0149;-0.0041;-0.0088;-0.0049;0.0000;0.0945;10410
762.0;0.2340;0.2386;0.1786;0.0000;36;30;-0.0147;0.0120;-0.0041;-0.0078;-0.0049;0.0000;0.0945;10410
762.5;0.2326;0.2372;0.1236;0.0000;36;32;-0.0049;0.0105;-0.0041;-0.0059;-0.0049;0.0000;0.0945;10410
763.0;0.2303;0.2358;0.0989;0.0000;36;32;-0.0049;0.0120;-0.0041;-0.0049;-0.0049;0.0000;0.0945;10410
763.5;0.2289;0.2344;0.0467;0.0000;36;34;0.0733;0.0135;-0.0041;-0.0029;-0.0049;0.0000;0.0945;10410
764.0;0.2266;0.2326;0.0192;0.0000;36;34;-0.0049;0.0149;-0.0041;-0.0010;-0.0049;0.0000;0.0945;10410
764.5;0.2248;0.2312;0.0096;0.0000;36;36;0.0733;0.0149;-0.0041;-0.0010;-0.0049;0.0000;0.0945;10410
765.0;0.2234;0.2299;-0.0082;0.0000;36;36;-0.0831;0.0149;-0.0041;-0.0000;-0.0049;0.0000;0.0945;10410
765.5;0.2216;0.2285;-0.0316;0.0000;36;36;-0.0049;0.0164;-0.0041;0.0010;-0.0049;0.0000;0.0945;10410
766.0;0.2202;0.2266;-0.0536;0.0000;36;36;0.0831;0.0164;-0.0041;0.0020;-0.0049;0.0000;0.0945;10410
766.5;0.2189;0.2253;-0.0563;0.0000;36;36;-0.0831;0.0149;-0.0026;0.0020;-0.0049;0.0000;0.0945;10410
767.0;0.2175;0.2239;-0.0687;0.0000;34;36;0.0831;0.0149;-0.0026;0.0020;-0.0049;0.0000;0.0945;10410
767.5;0.2161;0.2221;-0.0494;0.0000;36;36;-0.0049;0.0149;-0.0026;0.0020;-0.0049;0.0000;0.0945;10410
768.0;0.2147;0.2207;-0.0426;0.0000;36;34;-0.0831;0.0149;-0.0026;0.0010;-0.0049;0.0000;0.0945;10410
768.5;0.2134;0.2193;-0.0288;0.0000;34;34;0.0733;0.0135;-0.0026;0.0010;-0.0049;0.0000;0.0945;10410
769.0;0.2120;0.2179;-0.0343;0.0000;34;34;-0.0049;0.0135;-0.0026;0.0010;-0.0049;0.0000;0.0945;10410
769.5;0.2102;0.2161;-0.0261;0.0000;36;34;-0.0049;0.0149;-0.0026;0.0010;-0.0049;0.0000;0.0945;10410
770.0;0.2083;0.2147;-0.0165;0.0000;36;34;-0.0831;0.0149;-0.0026;-0.0000;-0.0049;0.0000;0.0945;10410
770.5;0.2074;0.2134;-0.0179;0.0000;36;34;0.0733;0.0135;-0.0026;-0.0000;-0.0049;0.0000;0.0945;10410
771.0;0.2056;0.2120;-0.0220;0.0000;34;34;-0.0049;0.0149;-0.0026;-0.0000;-0.0049;0.0000;0.0945;10410
771.5;0.2038;0.2102;-0.0604;0.0000;34;34;-0.0049;0.0149;-0.0026;0.0020;-0.0049;0.0000;0.0945;10410
772.0;0.2019;0.2088;-0.0701;0.0000;36;36;-0.0049;0.0164;-0.0026;0.0020;-0.0049;0.0000;0.0945;10410
772.5;0.1996;0.2074;-0.0810;0.0000;36;36;-0.0049;0.0179;-0.0026;0.0029;-0.0049;0.0000;0.0945;10410
773.0;0.1978;0.2056;-0.0618;0.0000;36;36;-0.0831;0.0193;-0.0026;0.0020;-0.0049;0.0000;0.0945;10410
773.5;0.1969;0.2042;-0.0481;0.0000;36;36;0.0733;0.0179;-0.0026;0.0020;-0.0049;0.0000;0.0945;10410
774.0;0.1955;0.2028;-0.0494;0.0000;36;36;-0.0049;0.0179;-0.0026;0.0020;-0.0049;0.0000;0.0945;10410
774.5;0.1937;0.2015;-0.0357;0.0000;36;34;-0.0049;0.0179;-0.0026;0.0010;-0.0049;0.0000;0.0945;10410
775.0;0.1928;0.1996;-0.0357;0.0000;36;34;-0.0831;0.0179;-0.0026;0.0010;-0.0049;0.0000;0.0945;10410
775.5;0.1909;0.1983;-0.0412;0.0000;36;34;-0.0049;0.0179;-0.0026;0.0010;-0.0049;0.0000;0.0945;10410
776.0;0.1896;0.1969;-0.0343;0.0000;36;34;-0.0049;0.0179;-0.0026;0.0010;-0.0049;0.0000;0.0945;10410
776.5;0.1877;0.1951;-0.0494;0.0000;36;34;-0.0049;0.0193;-0.0026;0.0020;-0.0049;0.0000;0.0945;10410
777.0;0.1854;0.1969;-0.0755;0.0000;75;75;-0.0049;0.0267;-0.0012;0.0029;-0.0049;0.0000;0.2441;10410
777.5;0.1845;0.1951;-0.0769;0.0000;40;38;-0.0049;0.0267;-0.0012;0.0029;-0.0049;0.0000;0.0945;10359
778.0;0.1841;0.1937;-0.0852;0.0000;38;38;0.0831;0.0237;-0.0012;0.0029;-0.0049;0.0000;0.0945;10359
778.5;0.1827;0.1923;-0.0783;0.0000;36;36;-0.0049;0.0223;-0.0012;0.0029;-0.0049;0.0000;0.0945;10410
779.0;0.1822;0.1909;-0.0797;0.0000;36;34;-0.0831;0.0208;-0.0012;0.0029;-0.0049;0.0000;0.0945;10410
779.5;0.1813;0.1891;-0.0701;0.0000;34;34;-0.0049;0.0193;-0.0012;0.0020;-0.0049;0.0000;0.0945;10410
780.0;0.1799;0.1877;-0.0687;0.0000;34;34;-0.0049;0.0193;-0.0012;0.0020;-0.0049;0.0000;0.0945;10410
780.5;0.1786;0.1864;-0.0467;0.0000;34;34;-0.0049;0.0193;-0.0012;0.0010;-0.0049;0.0000;0.0945;10410
781.0;0.1767;0.1850;-0.0137;0.0000;34;32;-0.0049;0.0193;-0.0012;-0.0000;-0.0049;0.0000;0.0945;10410
781.5;0.1754;0.1832;-0.0124;0.0000;34;32;-0.0049;0.0193;-0.0012;-0.0000;-0.0049;0.0000;0.0945;10410
782.0;0.1735;0.1818;0.0192;0.0000;36;32;-0.0049;0.0193;-0.0012;-0.0010;-0.0049;0.0000;0.0945;10410
782.5;0.1717;0.1804;0.0261;0.0000;36;32;-0.0049;0.0208;-0.0012;-0.0020;-0.0049;0.0000;0.0945;10410
783.0;0.1703;0.1786;0.0179;0.0000;36;34;-0.0049;0.0208;-0.0012;-0.0010;-0.0049;0.0000;0.0945;10410
783.5;0.1685;0.1772;-0.0137;0.0000;36;34;-0.0049;0.0208;-0.0012;-0.0000;-0.0049;0.0000;0.0945;10410
784.0;0.1671;0.1758;-0.0371;0.0000;36;34;-0.0049;0.0208;-0.0012;0.0010;-0.0049;0.0000;0.0866;10410
784.5;0.1653;0.1745;-0.0824;0.0000;34;34;-0.0049;0.0223;-0.0012;0.0029;-0.0049;0.0000;0.0866;10410
785.0;0.1639;0.1726;-0.1016;0.0000;34;34;-0.0049;0.0223;-0.0012;0.0039;-0.0049;0.0000;0.0866;10410
785.5;0.1625;0.1712;-0.1099;0.0000;34;34;-0.0049;0.0208;0.0003;0.0039;-0.0039;0.0000;0.0866;10410
786.0;0.1612;0.1699;-0.0865;0.0000;34;34;-0.0049;0.0208;0.0003;0.0029;-0.0039;0.0000;0.0866;10410
786.5;0.1593;0.1685;-0.0508;0.0000;34;34;-0.0049;0.0208;0.0003;0.0020;-0.0039;0.0000;0.0866;10410
787.0;0.1580;0.1667;-0.0385;0.0000;34;32;-0.0049;0.0208;0.0003;0.0010;-0.0039;0.0000;0.0866;10410
787.5;0.1571;0.1653;0.0014;0.0000;34;32;-0.0049;0.0208;0.0003;-0.0010;-0.0039;0.0000;0.0866;10410
788.0;0.1557;0.1639;0.0014;0.0000;34;32;-0.0049;0.0193;0.0003;-0.0010;-0.0039;0.0000;0.0866;10410
788.5;0.1543;0.1621;0.0192;0.0000;34;32;-0.0049;0.0193;0.0003;-0.0010;-0.0039;0.0000;0.0866;10410
789.0;0.1516;0.1639;0.0261;0.0000;75;73;-0.0049;0.0296;0.0003;-0.0020;-0.0039;0.0000;0.2362;10410
789.5;0.1511;0.1621;0.0234;0.0000;38;36;0.0733;0.0267;0.0003;-0.0020;-0.0039;0.0000;0.0866;10308
790.0;0.1497;0.1607;0.0151;0.0000;38;34;-0.0831;0.0267;0.0003;-0.0010;-0.0039;0.0000;0.0866;10359
790.5;0.1484;0.1593;0.0082;0.0000;36;34;0.0733;0.0267;0.0003;-0.0010;-0.0039;0.0000;0.0866;10410
791.0;0.1465;0.1580;0.0014;0.0000;36;34;-0.0831;0.0281;0.0003;-0.0010;-0.0039;0.0000;0.0866;10410
791.5;0.1447;0.1561;0.0027;0.0000;36;34;-0.0049;0.0281;0.0003;-0.0010;-0.0039;0.0000;0.0866;10410
792.0;0.1433;0.1548;0.0137;0.0000;36;34;-0.0049;0.0267;0.0003;-0.0010;-0.0039;0.0000;0.0866;10410
792.5;0.1424;0.1534;0.0096;0.0000;36;34;-0.0049;0.0267;0.0003;-0.0010;-0.0039;0.0000;0.0866;10410
793.0;0.1415;0.1516;0.0220;0.0000;36;32;-0.0049;0.0252;0.0018;-0.0010;-0.0039;0.0000;0.0866;10410
793.5;0.1397;0.1502;0.0165;0.0000;34;32;0.0733;0.0267;0.0018;-0.0010;-0.0039;0.0000;0.0866;10410
794.0;0.1374;0.1488;0.0288;0.0000;36;32;-0.0831;0.0281;0.0018;-0.0020;-0.0039;0.0000;0.0866;10410
794.5;0.1360;0.1474;0.0192;0.0000;36;34;-0.0049;0.0281;0.0018;-0.0010;-0.0049;0.0000;0.0866;10410
795.0;0.1346;0.1456;0.0316;0.0000;36;32;-0.0049;0.0281;0.0018;-0.0020;-0.0049;0.0000;0.0866;10410
795.5;0.1332;0.1442;0.0220;0.0000;36;32;-0.0049;0.0267;0.0018;-0.0020;-0.0049;0.0000;0.0866;10410
796.0;0.1323;0.1429;0.0027;0.0000;34;32;-0.0049;0.0252;0.0018;-0.0010;-0.0049;0.0000;0.0866;10410
796.5;0.1300;0.1415;-0.0137;0.0000;34;32;-0.0049;0.0267;0.0018;-0.0000;-0.0049;0.0000;0.0866;10410
797.0;0.1287;0.1397;-0.0467;0.0000;34;34;-0.0049;0.0281;0.0018;0.0010;-0.0049;0.0000;0.0866;10410
797.5;0.1273;0.1383;-0.0563;0.0000;34;34;-0.0049;0.0267;0.0018;0.0020;-0.0039;0.0000;0.0866;10410
798.0;0.1264;0.1369;-0.0577;0.0000;34;32;-0.0049;0.0252;0.0018;0.0020;-0.0039;0.0000;0.0866;10410
798.5;0.1245;0.1351;-0.0467;0.0000;34;32;-0.0831;0.0252;0.0018;0.0010;-0.0039;0.0000;0.0866;10410
799.0;0.1227;0.1337;-0.0481;0.0000;34;32;0.0733;0.0267;0.0018;0.0020;-0.0039;0.0000;0.0866;10410
799.5;0.1213;0.1323;-0.0508;0.0000;34;32;-0.0049;0.0267;0.0032;0.0020;-0.0039;0.0000;0.0866;10410
800.0;0.1204;0.1310;-0.0426;0.0000;32;32;-0.0049;0.0252;0.0032;0.0010;-0.0039;0.0000;0.0866;10410
800.5;0.1181;0.1323;-0.0412;0.0000;73;73;-0.0049;0.0340;0.0032;0.0010;-0.0039;0.0000;0.2362;10410
801.0;0.1177;0.1310;-0.0398;0.0000;36;36;-0.0049;0.0325;0.0032;0.0010;-0.0039;0.0000;0.0866;10308
801.5;0.1172;0.1291;-0.0453;0.0000;34;34;-0.0049;0.0296;0.0032;0.0010;-0.0039;0.0000;0.0866;10359
802.0;0.1168;0.1277;-0.0330;0.0000;34;32;-0.0049;0.0267;0.0032;0.0010;-0.0039;0.0000;0.0866;10410
802.5;0.1149;0.1264;-0.0426;0.0000;32;32;-0.0049;0.0267;0.0032;0.0010;-0.0039;0.0000;0.0866;10410
803.0;0.1140;0.1245;-0.0179;0.0000;32;32;-0.0049;0.0267;0.0032;-0.0000;-0.0039;0.0000;0.0866;10410
803.5;0.1131;0.1232;0.0041;0.0000;32;30;-0.0049;0.0252;0.0032;-0.0010;-0.0039;0.0000;0.0866;10410
804.0;0.1117;0.1218;0.0302;0.0000;32;30;-0.0831;0.0237;0.0032;-0.0020;-0.0039;0.0000;0.0866;10410
804.5;0.1103;0.1204;0.0522;0.0000;32;30;0.0733;0.0237;0.0032;-0.0029;-0.0039;0.0000;0.0866;10410
805.0;0.1094;0.1186;0.0742;0.0000;32;28;-0.0049;0.0237;0.0032;-0.0039;-0.0039;0.0000;0.0866;10410
805.5;0.1081;0.1172;0.0920;0.0000;32;28;-0.0929;0.0223;0.0032;-0.0039;-0.0039;0.0000;0.0866;10410
806.0;0.1071;0.1158;0.0687;0.0000;32;28;-0.0049;0.0208;0.0032;-0.0029;-0.0039;0.0000;0.0866;10410
806.5;0.1058;0.1145;0.0563;0.0000;30;28;0.0733;0.0208;0.0047;-0.0029;-0.0039;0.0000;0.0866;10410
807.0;0.1039;0.1126;0.0220;0.0000;30;28;-0.0831;0.0208;0.0047;-0.0010;-0.0039;0.0000;0.0866;10410
807.5;0.1026;0.1113;0.0000;0.0000;30;30;0.0733;0.0208;0.0047;-0.0010;-0.0039;0.0000;0.0866;10410
808.0;0.1007;0.1099;-0.0549;0.0000;30;30;-0.0831;0.0223;0.0047;0.0020;-0.0039;0.0000;0.0866;10410
808.5;0.0998;0.1081;-0.0769;0.0000;30;30;-0.0049;0.0208;0.0047;0.0029;-0.0039;0.0000;0.0866;10410
809.0;0.0984;0.1067;-0.0948;0.0000;30;30;0.0831;0.0208;0.0047;0.0039;-0.0039;0.0000;0.0866;10410
809.5;0.0975;0.1053;-0.0975;0.0000;28;30;-0.0049;0.0193;0.0047;0.0039;-0.0039;0.0000;0.0866;10410
810.0;0.0957;0.1039;-0.0975;0.0000;28;30;-0.0049;0.0193;0.0047;0.0039;-0.0039;0.0000;0.0866;10410
810.5;0.0943;0.1021;-0.0728;0.0000;28;28;-0.0049;0.0179;0.0047;0.0029;-0.0039;0.0000;0.0866;10410
811.0;0.0934;0.1007;-0.0426;0.0000;30;28;-0.0831;0.0179;0.0047;0.0010;-0.0039;0.0000;0.0787;10410
811.5;0.0920;0.0994;-0.0385;0.0000;28;28;0.0733;0.0179;0.0047;0.0010;-0.0039;0.0000;0.0787;10410
812.0;0.0902;0.0980;-0.0192;0.0000;30;28;-0.0831;0.0179;0.0047;-0.0000;-0.0039;0.0000;0.0787;10410
812.5;0.0879;0.0994;-0.0179;0.0000;71;69;-0.0049;0.0267;0.0047;-0.0000;-0.0039;0.0000;0.2283;10410
813.0;0.0870;0.0980;-0.0014;0.0000;34;32;-0.0831;0.0267;0.0047;-0.0000;-0.0039;0.0000;0.0787;10359
813.5;0.0865;0.0962;0.0096;0.0000;34;30;-0.0049;0.0237;0.0047;-0.0010;-0.0039;0.0000;0.0787;10359
814.0;0.0856;0.0948;0.0412;0.0000;32;28;0.0733;0.0223;0.0047;-0.0020;-0.0039;0.0000;0.0787;10410
814.5;0.0842;0.0934;0.0618;0.0000;32;28;-0.0929;0.0208;0.0062;-0.0029;-0.0039;0.0000;0.0787;10410
815.0;0.0833;0.0916;0.0838;0.0000;30;26;0.0733;0.0208;0.0062;-0.0039;-0.0039;0.0000;0.0787;10410
815.5;0.0820;0.0902;0.1305;0.0000;32;26;-0.0929;0.0193;0.0062;-0.0059;-0.0039;0.0000;0.0787;10410
816.0;0.0806;0.0888;0.1442;0.0000;30;26;0.0733;0.0193;0.0062;-0.0068;-0.0039;0.0000;0.0787;10410
816.5;0.0792;0.0875;0.1635;0.0000;32;24;-0.0929;0.0193;0.0062;-0.0078;-0.0039;0.0000;0.0787;10410
817.0;0.0783;0.0856;0.1484;0.0000;32;24;-0.0147;0.0179;0.0062;-0.0068;-0.0049;0.0000;0.0787;10410
817.5;0.0760;0.0842;0.1319;0.0000;32;26;-0.0049;0.0193;0.0062;-0.0059;-0.0049;0.0000;0.0787;10410
818.0;0.0751;0.0829;0.0673;0.0000;30;26;-0.0049;0.0179;0.0062;-0.0029;-0.0049;0.0000;0.0787;10410
818.5;0.0733;0.0810;0.0220;0.0000;30;26;-0.0049;0.0193;0.0062;-0.0010;-0.0049;0.0000;0.0787;10410
819.0;0.0719;0.0797;-0.0151;0.0000;28;28;0.0733;0.0193;0.0062;-0.0000;-0.0049;0.0000;0.0787;10410
819.5;0.0701;0.0783;-0.0440;0.0000;28;28;-0.0831;0.0193;0.0062;0.0010;-0.0049;0.0000;0.0787;10410
820.0;0.0696;0.0769;-0.0632;0.0000;28;26;-0.0049;0.0164;0.0062;0.0020;-0.0049;0.0000;0.0787;10410
820.5;0.0682;0.0751;-0.0797;0.0000;28;26;-0.0049;0.0164;0.0062;0.0029;-0.0049;0.0000;0.0787;10410
821.0;0.0668;0.0737;-0.0577;0.0000;26;26;0.0831;0.0164;0.0062;0.0020;-0.0049;0.0000;0.0787;10410
821.5;0.0659;0.0723;-0.0549;0.0000;26;26;-0.0831;0.0149;0.0062;0.0020;-0.0039;0.0000;0.0787;10410
822.0;0.0646;0.0710;-0.0192;0.0000;26;26;0.0733;0.0149;0.0062;-0.0000;-0.0039;0.0000;0.0787;10410
822.5;0.0636;0.0691;-0.0082;0.0000;26;24;-0.0831;0.0135;0.0062;-0.0000;-0.0039;0.0000;0.0787;10410
823.0;0.0627;0.0678;0.0151;0.0000;26;24;0.0733;0.0120;0.0062;-0.0010;-0.0039;0.0000;0.0787;10410
823.5;0.0609;0.0664;0.0357;0.0000;26;24;-0.0049;0.0120;0.0062;-0.0020;-0.0049;0.0000;0.0787;10410
824.0;0.0595;0.0646;0.0577;0.0000;26;22;-0.0929;0.0120;0.0062;-0.0029;-0.0049;0.0000;0.0787;10410
824.5;0.0586;0.0632;0.0769;0.0000;26;22;0.0733;0.0120;0.0062;-0.0039;-0.0049;0.0000;0.0787;10410
825.0;0.0572;0.0618;0.0920;0.0000;26;22;-0.0929;0.0105;0.0062;-0.0039;-0.0049;0.0000;0.0787;10410
825.5;0.0563;0.0604;0.0934;0.0000;26;22;0.0733;0.0091;0.0076;-0.0049;-0.0049;0.0000;0.0787;10410
826.0;0.0549;0.0586;0.0756;0.0000;26;22;-0.0049;0.0091;0.0076;-0.0039;-0.0049;0.0000;0.0787;10410
826.5;0.0545;0.0572;0.0783;0.0000;24;21;-0.0049;0.0062;0.0076;-0.0039;-0.0049;0.0000;0.0787;10410
827.0;0.0531;0.0559;0.0673;0.0000;24;21;-0.0049;0.0062;0.0076;-0.0029;-0.0049;0.0000;0.0787;10410
827.5;0.0513;0.0545;0.0769;0.0000;24;21;-0.0049;0.0062;0.0076;-0.0039;-0.0049;0.0000;0.0787;10410
828.0;0.0508;0.0527;0.0742;0.0000;24;21;-0.0049;0.0047;0.0076;-0.0039;-0.0049;0.0000;0.0787;10410
828.5;0.0495;0.0513;0.0810;0.0000;24;21;-0.0049;0.0047;0.0076;-0.0039;-0.0049;0.0000;0.0787;10410
829.0;0.0476;0.0499;0.0824;0.0000;24;21;-0.0049;0.0047;0.0076;-0.0039;-0.0049;0.0000;0.0787;10410
829.5;0.0472;0.0481;0.0975;0.0000;24;21;-0.0049;0.0032;0.0076;-0.0049;-0.0049;0.0000;0.0787;10410
830.0;0.0458;0.0467;0.1154;0.0000;24;19;-0.0049;0.0018;0.0076;-0.0049;-0.0049;0.0000;0.0787;10410
830.5;0.0449;0.0453;0.1209;0.0000;22;19;0.0733;0.0003;0.0076;-0.0059;-0.0049;0.0000;0.0787;10410
831.0;0.0440;0.0440;0.1374;0.0000;22;19;-0.0929;-0.0012;0.0076;-0.0059;-0.0049;0.0000;0.0787;10410
831.5;0.0426;0.0421;0.1442;0.0000;22;17;-0.0147;-0.0012;0.0076;-0.0068;-0.0049;0.0000;0.0787;10410
832.0;0.0417;0.0408;0.1676;0.0000;22;17;0.0733;-0.0026;0.0076;-0.0078;-0.0049;0.0000;0.0787;10410
832.5;0.0403;0.0394;0.1827;0.0000;22;17;-0.0147;-0.0026;0.0076;-0.0078;-0.0049;0.0000;0.0787;10410
833.0;0.0389;0.0375;0.1896;0.0000;22;17;-0.0929;-0.0041;0.0076;-0.0088;-0.0049;0.0000;0.0787;10410
833.5;0.0385;0.0362;0.1854;0.0000;21;17;0.0733;-0.0056;0.0076;-0.0078;-0.0049;0.0000;0.0787;10410
834.0;0.0371;0.0348;0.1909;0.0000;21;17;-0.0147;-0.0056;0.0076;-0.0088;-0.0049;0.0000;0.0787;10410
834.5;0.0353;0.0334;0.1882;0.0000;21;17;-0.0147;-0.0056;0.0076;-0.0088;-0.0049;0.0000;0.0787;10410
835.0;0.0348;0.0316;0.1951;0.0000;21;15;-0.0147;-0.0085;0.0076;-0.0088;-0.0049;0.0000;0.0787;10410
835.5;0.0339;0.0302;0.2184;0.0000;21;15;-0.0147;-0.0100;0.0076;-0.0098;-0.0049;0.0000;0.0787;10410
836.0;0.0325;0.0288;0.2253;0.0000;21;15;-0.0147;-0.0100;0.0076;-0.0098;-0.0049;0.0000;0.0787;10410
836.5;0.0307;0.0275;0.2404;0.0000;21;15;-0.0147;-0.0100;0.0076;-0.0108;-0.0049;0.0000;0.0787;10410
837.0;0.0298;0.0000;0.2321;0.0000;21;15;0.0733;-0.0100;0.0076;-0.0108;-0.0049;0.0000;0.0787;10410
837.5;0.0293;0.0000;0.2404;0.0000;21;15;-0.0929;-0.0100;0.0076;-0.0108;-0.0049;0.0000;0.0787;10410
838.0;0.0288;0.0000;0.2569;0.0000;21;15;-0.0147;-0.0100;0.0076;-0.0108;-0.0049;0.0000;0.0787;10410
838.5;0.0293;0.0000;0.2665;0.0000;21;15;0.0635;-0.0100;0.0076;-0.0108;-0.0049;0.0000;0.0787;10410
839.0;0.0293;0.0000;0.2596;0.0000;21;15;-0.0147;-0.0100;0.0076;-0.0108;-0.0049;0.0000;0.0787;10410
839.5;0.0288;0.0000;0.2473;0.0000;21;15;-0.0147;-0.0100;0.0076;-0.0108;-0.0049;0.0000;0.0787;10410
840.0;0.0284;0.0000;0.2527;0.0000;21;15;-0.0147;-0.0100;0.0076;-0.0108;-0.0049;0.0000;0.0787;10410
840.5;0.0284;0.0000;0.2514;0.0000;21;15;0.0635;-0.0100;0.0076;-0.0108;-0.0049;0.0000;0.0787;10410
841.0;0.0288;0.0000;0.2692;0.0000;21;15;-0.0929;-0.0100;0.0076;-0.0108;-0.0049;0.0000;0.0787;10410
841.5;0.0293;0.0000;0.2582;0.0000;21;15;-0.0147;-0.0100;0.0076;-0.0108;-0.0049;0.0000;0.0787;10410
842.0;0.0288;0.0000;0.2651;0.0000;21;15;-0.0147;-0.0100;0.0076;-0.0108;-0.0049;0.0000;0.0787;10410
842.5;0.0288;0.0000;0.2555;0.0000;21;15;-0.0147;-0.0100;0.0076;-0.0108;-0.0049;0.0000;0.0787;10410
843.0;0.0288;0.0000;0.2624;0.0000;21;15;0.0635;-0.0100;0.0076;-0.0108;-0.0049;0.0000;0.0787;10410
843.5;0.0288;0.0000;0.2665;0.0000;21;15;-0.0147;-0.0100;0.0076;-0.0108;-0.0049;0.0000;0.0787;10410
844.0;0.0284;0.0000;0.2706;0.0000;21;15;-0.0147;-0.0100;0.0076;-0.0108;-0.0049;0.0000;0.0787;10410
844.5;0.0279;0.0000;0.2610;0.0000;21;15;-0.0147;-0.0100;0.0076;-0.0108;-0.0049;0.0000;0.0787;10410
845.0;0.0275;0.0000;0.2527;0.0000;21;15;-0.0147;-0.0100;0.0076;-0.0108;-0.0049;0.0000;0.0787;10410
845.5;0.0275;0.0000;0.2582;0.0000;21;15;0.0635;-0.0100;0.0076;-0.0108;-0.0049;0.0000;0.0787;10410
846.0;0.0279;0.0000;0.2527;0.0000;21;15;-0.0929;-0.0100;0.0076;-0.0108;-0.0049;0.0000;0.0787;10410
846.5;0.0284;0.0000;0.2720;0.0000;21;15;-0.0147;-0.0100;0.0076;-0.0108;-0.0049;0.0000;0.0787;10410
847.0;0.0279;0.0000;0.2582;0.0000;21;15;-0.0147;-0.0100;0.0076;-0.0108;-0.0049;0.0000;0.0787;10410
847.5;0.0279;0.0000;0.2637;0.0000;21;15;-0.0147;-0.0100;0.0076;-0.0108;-0.0049;0.0000;0.0787;10410
848.0;0.0275;0.0000;0.2473;0.0000;21;15;-0.0147;-0.0100;0.0076;-0.0108;-0.0049;0.0000;0.0787;10410
848.5;0.0275;0.0000;0.2555;0.0000;21;15;0.0635;-0.0100;0.0076;-0.0108;-0.0049;0.0000;0.0787;10410
849.0;0.0275;0.0000;0.2679;0.0000;21;15;-0.0147;-0.0100;0.0076;-0.0108;-0.0049;0.0000;0.0787;10410
849.5;0.0270;0.0000;0.2679;0.0000;21;15;-0.0147;-0.0100;0.0076;-0.0108;-0.0049;0.0000;0.0787;10410
850.0;0.0266;0.0000;0.2651;0.0000;21;15;-0.0147;-0.0100;0.0076;-0.0108;-0.0049;0.0000;0.0787;10410
850.5;0.0261;0.0000;0.2473;0.0000;21;15;-0.0147;-0.0100;0.0076;-0.0108;-0.0049;0.0000;0.0787;10410
851.0;0.0256;0.0000;0.2486;0.0000;21;15;-0.0147;-0.0100;0.0076;-0.0108;-0.0049;0.0000;0.0787;10410
851.5;0.0247;0.0000;0.2459;0.0000;21;15;-0.0147;-0.0100;0.0076;-0.0108;-0.0049;0.0000;0.0787;10410
852.0;0.0243;0.0000;0.2569;0.0000;21;15;-0.0147;-0.0100;0.0076;-0.0108;-0.0049;0.0000;0.0787;10410
852.5;0.0243;0.0000;0.2473;0.0000;21;15;0.0635;-0.0100;0.0076;-0.0108;-0.0049;0.0000;0.0787;10410
853.0;0.0243;0.0000;0.2335;0.0000;21;15;-0.0147;-0.0100;0.0076;-0.0108;-0.0049;0.0000;0.0787;10410
853.5;0.0238;0.0000;0.2266;0.0000;21;15;-0.0147;-0.0100;0.0076;-0.0108;-0.0049;0.0000;0.0787;10410
854.0;0.0234;0.0000;0.2239;0.0000;21;15;-0.0147;-0.0100;0.0076;-0.0108;-0.0049;0.0000;0.0787;10410
854.5;0.0229;0.0000;0.2335;0.0000;21;15;-0.0147;-0.0100;0.0076;-0.0108;-0.0049;0.0000;0.0787;10410
855.0;0.0224;0.0000;0.2225;0.0000;21;15;-0.0147;-0.0100;0.0076;-0.0108;-0.0049;0.0000;0.0787;10410
855.5;0.0215;0.0000;0.2198;0.0000;21;15;-0.0147;-0.0100;0.0076;-0.0108;-0.0049;0.0000;0.0787;10410
856.0;0.0211;0.0000;0.2102;0.0000;21;15;-0.0147;-0.0100;0.0076;-0.0108;-0.0049;0.0000;0.0787;10410
856.5;0.0206;0.0000;0.2033;0.0000;21;15;-0.0147;-0.0100;0.0076;-0.0108;-0.0049;0.0000;0.0787;10410
857.0;0.0201;0.0000;0.1937;0.0000;21;15;-0.0147;-0.0100;0.0076;-0.0108;-0.0049;0.0000;0.0787;10410
857.5;0.0192;0.0000;0.1758;0.0000;21;15;-0.0147;-0.0100;0.0076;-0.0108;-0.0049;0.0000;0.0787;10410
858.0;0.0188;0.0000;0.1593;0.0000;21;15;-0.0147;-0.0100;0.0076;-0.0108;-0.0049;0.0000;0.0787;10410
858.5;0.0183;0.0000;0.1415;0.0000;21;15;-0.0147;-0.0100;0.0076;-0.0108;-0.0049;0.0000;0.0787;10410
859.0;0.0179;0.0000;0.1264;0.0000;21;15;-0.0049;-0.0100;0.0076;-0.0108;-0.0049;0.0000;0.0787;10410
859.5;0.0169;0.0000;0.1113;0.0000;21;15;-0.0049;-0.0100;0.0076;-0.0108;-0.0049;0.0000;0.0787;10410
860.0;0.0165;0.0000;0.1071;0.0000;21;15;-0.0049;-0.0100;0.0076;-0.0108;-0.0049;0.0000;0.0787;10410
860.5;0.0169;0.0000;0.0865;0.0000;21;15;0.0733;-0.0100;0.0076;-0.0108;-0.0049;0.0000;0.0787;10410
861.0;0.0169;0.0000;0.0769;0.0000;21;15;-0.0049;-0.0100;0.0076;-0.0108;-0.0049;0.0000;0.0787;10410
861.5;0.0165;0.0000;0.0577;0.0000;21;15;-0.0049;-0.0100;0.0076;-0.0108;-0.0049;0.0000;0.0787;10410
862.0;0.0165;0.0000;0.0426;0.0000;21;15;-0.0049;-0.0100;0.0076;-0.0108;-0.0049;0.0000;0.0787;10410
862.5;0.0160;0.0000;0.0288;0.0000;21;15;-0.0049;-0.0100;0.0076;-0.0108;-0.0049;0.0000;0.0787;10410
863.0;0.0156;0.0000;0.0357;0.0000;21;15;-0.0049;-0.0100;0.0076;-0.0108;-0.0049;0.0000;0.0787;10410
863.5;0.0151;0.0000;0.0302;0.0000;21;15;-0.0049;-0.0100;0.0076;-0.0108;-0.0049;0.0000;0.0787;10410
864.0;0.0147;0.0000;0.0165;0.0000;21;15;-0.0049;-0.0100;0.0076;-0.0108;-0.0049;0.0000;0.0787;10410
864.5;0.0147;0.0000;0.0124;0.0000;21;15;-0.0049;-0.0100;0.0076;-0.0108;-0.0049;0.0000;0.0787;10410
865.0;0.0142;0.0000;0.0014;0.0000;21;15;-0.0049;-0.0100;0.0076;-0.0108;-0.0049;0.0000;0.0787;10410
865.5;0.0137;0.0000;0.0151;0.0000;21;15;-0.0049;-0.0100;0.0076;-0.0108;-0.0049;0.0000;0.0787;10410
866.0;0.0133;0.0000;0.0096;0.0000;21;15;-0.0049;-0.0100;0.0076;-0.0108;-0.0049;0.0000;0.0787;10410
866.5;0.0128;0.0000;0.0082;0.0000;21;15;-0.0049;-0.0100;0.0076;-0.0108;-0.0049;0.0000;0.0787;10410
867.0;0.0124;0.0000;0.0110;0.0000;21;15;-0.0049;-0.0100;0.0076;-0.0108;-0.0049;0.0000;0.0787;10410
867.5;0.0119;0.0000;0.0082;0.0000;21;15;-0.0049;-0.0100;0.0076;-0.0108;-0.0049;0.0000;0.0787;10410
868.0;0.0114;0.0000;0.0124;0.0000;21;15;-0.0049;-0.0100;0.0076;-0.0108;-0.0049;0.0000;0.0787;10410
868.5;0.0114;0.0000;0.0124;0.0000;21;15;-0.0049;-0.0100;0.0076;-0.0108;-0.0049;0.0000;0.0787;10410
869.0;0.0110;0.0000;0.0165;0.0000;21;15;-0.0049;-0.0100;0.0076;-0.0108;-0.0049;0.0000;0.0787;10410
869.5;0.0105;0.0000;0.0069;0.0000;21;15;-0.0049;-0.0100;0.0076;-0.0108;-0.0049;0.0000;0.0787;10410
870.0;0.0101;0.0000;0.0069;0.0000;21;15;-0.0049;-0.0100;0.0076;-0.0108;-0.0049;0.0000;0.0787;10410
870.5;0.0096;0.0000;0.0110;0.0000;21;15;-0.0049;-0.0100;0.0076;-0.0108;-0.0049;0.0000;0.0787;10410
871.0;0.0096;0.0000;0.0192;0.0000;21;15;-0.0049;-0.0100;0.0076;-0.0108;-0.0049;0.0000;0.0787;10410
871.5;0.0092;0.0000;0.0137;0.0000;21;15;-0.0049;-0.0100;0.0076;-0.0108;-0.0049;0.0000;0.0787;10410
872.0;0.0087;0.0000;0.0124;0.0000;21;15;-0.0049;-0.0100;0.0076;-0.0108;-0.0049;0.0000;0.0787;10410
872.5;0.0087;0.0000;0.0206;0.0000;21;15;-0.0049;-0.0100;0.0076;-0.0108;-0.0049;0.0000;0.0787;10410
873.0;0.0082;0.0000;0.0302;0.0000;21;15;-0.0049;-0.0100;0.0076;-0.0108;-0.0049;0.0000;0.0787;10410
873.5;0.0078;0.0000;0.0343;0.0000;21;15;-0.0049;-0.0100;0.0076;-0.0108;-0.0049;0.0000;0.0787;10410
874.0;0.0078;0.0000;0.0357;0.0000;21;15;-0.0049;-0.0100;0.0076;-0.0108;-0.0049;0.0000;0.0787;10410
874.5;0.0073;0.0000;0.0385;0.0000;21;15;-0.0049;-0.0100;0.0076;-0.0108;-0.0049;0.0000;0.0787;10410
875.0;0.0073;0.0000;0.0371;0.0000;21;15;-0.0049;-0.0100;0.0076;-0.0108;-0.0049;0.0000;0.0787;10410
875.5;0.0069;0.0000;0.0412;0.0000;21;15;-0.0049;-0.0100;0.0076;-0.0108;-0.0049;0.0000;0.0787;10410
876.0;0.0069;0.0000;0.0330;0.0000;21;15;-0.0049;-0.0100;0.0076;-0.0108;-0.0049;0.0000;0.0787;10410
876.5;0.0064;0.0000;0.0412;0.0000;21;15;-0.0049;-0.0100;0.0076;-0.0108;-0.0049;0.0000;0.0787;10410
877.0;0.0064;0.0000;0.0495;0.0000;21;15;-0.0049;-0.0100;0.0076;-0.0108;-0.0049;0.0000;0.0787;10410
877.5;0.0060;0.0000;0.0467;0.0000;21;15;-0.0049;-0.0100;0.0076;-0.0108;-0.0049;0.0000;0.0787;10410
878.0;0.0060;0.0000;0.0453;0.0000;21;15;-0.0049;-0.0100;0.0076;-0.0108;-0.0049;0.0000;0.0787;10410
878.5;0.0055;0.0000;0.0508;0.0000;21;15;-0.0049;-0.0100;0.0076;-0.0108;-0.0049;0.0000;0.0787;10410
879.0;0.0055;0.0000;0.0591;0.0000;21;15;-0.0049;-0.0100;0.0076;-0.0108;-0.0049;0.0000;0.0787;10410
879.5;0.0050;0.0000;0.0549;0.0000;21;15;-0.0049;-0.0100;0.0076;-0.0108;-0.0049;0.0000;0.0787;10410
880.0;0.0050;0.0000;0.0549;0.0000;21;15;-0.0049;-0.0100;0.0076;-0.0108;-0.0049;0.0000;0.0787;10410
880.5;0.0046;0.0000;0.0453;0.0000;21;15;-0.0049;-0.0100;0.0076;-0.0108;-0.0049;0.0000;0.0787;10410
881.0;0.0046;0.0000;0.0508;0.0000;21;15;-0.0049;-0.0100;0.0076;-0.0108;-0.0049;0.0000;0.0787;10410
881.5;0.0046;0.0000;0.0495;0.0000;21;15;-0.0049;-0.0100;0.0076;-0.0108;-0.0049;0.0000;0.0787;10410
882.0;0.0041;0.0000;0.0536;0.0000;21;15;-0.0049;-0.0100;0.0076;-0.0108;-0.0049;0.0000;0.0787;10410
882.5;0.0041;0.0000;0.0398;0.0000;21;15;-0.0049;-0.0100;0.0076;-0.0108;-0.0049;0.0000;0.0787;10410
883.0;0.0037;0.0000;0.0343;0.0000;21;15;-0.0049;-0.0100;0.0076;-0.0108;-0.0049;0.0000;0.0787;10410
883.5;0.0037;0.0000;0.0330;0.0000;21;15;-0.0049;-0.0100;0.0076;-0.0108;-0.0049;0.0000;0.0787;10410
884.0;0.0037;0.0000;0.0371;0.0000;21;15;-0.0049;-0.0100;0.0076;-0.0108;-0.0049;0.0000;0.0787;10410
884.5;0.0032;0.0000;0.0385;0.0000;21;15;-0.0049;-0.0100;0.0076;-0.0108;-0.0049;0.0000;0.0787;10410
885.0;0.0032;0.0000;0.0357;0.0000;21;15;-0.0049;-0.0100;0.0076;-0.0108;-0.0049;0.0000;0.0787;10410
885.5;0.0032;0.0000;0.0330;0.0000;21;15;-0.0049;-0.0100;0.0076;-0.0108;-0.0049;0.0000;0.0787;10410
886.0;0.0027;0.0000;0.0275;0.0000;21;15;-0.0049;-0.0100;0.0076;-0.0108;-0.0049;0.0000;0.0787;10410
886.5;0.0027;0.0000;0.0330;0.0000;21;15;-0.0049;-0.0100;0.0076;-0.0108;-0.0049;0.0000;0.0787;10410
887.0;0.0027;0.0000;0.0330;0.0000;21;15;-0.0049;-0.0100;0.0076;-0.0108;-0.0049;0.0000;0.0787;10410
887.5;0.0027;0.0000;0.0330;0.0000;21;15;-0.0049;-0.0100;0.0076;-0.0108;-0.0049;0.0000;0.0787;10410
888.0;0.0023;0.0000;0.0247;0.0000;21;15;-0.0049;-0.0100;0.0076;-0.0108;-0.0049;0.0000;0.0787;10410
888.5;0.0023;0.0000;0.0220;0.0000;21;15;-0.0049;-0.0100;0.0076;-0.0108;-0.0049;0.0000;0.0787;10410
889.0;0.0023;0.0000;0.0288;0.0000;21;15;-0.0049;-0.0100;0.0076;-0.0108;-0.0049;0.0000;0.0787;10410
889.5;0.0023;0.0000;0.0247;0.0000;21;15;-0.0049;-0.0100;0.0076;-0.0108;-0.0049;0.0000;0.0787;10410
890.0;0.0018;0.0000;0.0275;0.0000;21;15;-0.0049;-0.0100;0.0076;-0.0108;-0.0049;0.0000;0.0787;10410
890.5;0.0018;0.0000;0.0220;0.0000;21;15;-0.0049;-0.0100;0.0076;-0.0108;-0.0049;0.0000;0.0787;10410
891.0;0.0018;0.0000;0.0220;0.0000;21;15;-0.0049;-0.0100;0.0076;-0.0108;-0.0049;0.0000;0.0787;10410
891.5;0.0018;0.0000;0.0192;0.0000;21;15;-0.0049;-0.0100;0.0076;-0.0108;-0.0049;0.0000;0.0787;10410
892.0;0.0014;0.0000;0.0206;0.0000;21;15;-0.0049;-0.0100;0.0076;-0.0108;-0.0049;0.0000;0.0787;10410
892.5;0.0014;0.0000;0.0275;0.0000;21;15;-0.0049;-0.0100;0.0076;-0.0108;-0.0049;0.0000;0.0787;10410
893.0;0.0014;0.0000;0.0234;0.0000;21;15;-0.0049;-0.0100;0.0076;-0.0108;-0.0049;0.0000;0.0787;10410
893.5;0.0014;0.0000;0.0206;0.0000;21;15;-0.0049;-0.0100;0.0076;-0.0108;-0.0049;0.0000;0.0787;10410
894.0;0.0014;0.0000;0.0151;0.0000;21;15;-0.0049;-0.0100;0.0076;-0.0108;-0.0049;0.0000;0.0787;10410
894.5;0.0014;0.0000;0.0165;0.0000;21;15;-0.0049;-0.0100;0.0076;-0.0108;-0.0049;0.0000;0.0787;10410
895.0;0.0009;0.0000;0.0165;0.0000;21;15;-0.0049;-0.0100;0.0076;-0.0108;-0.0049;0.0000;0.0787;10410
895.5;0.0009;0.0000;0.0179;0.0000;21;15;-0.0049;-0.0100;0.0076;-0.0108;-0.0049;0.0000;0.0787;10410
896.0;0.0009;0.0000;0.0165;0.0000;21;15;-0.0049;-0.0100;0.0076;-0.0108;-0.0049;0.0000;0.0787;10410
896.5;0.0009;0.0000;0.0124;0.0000;21;15;-0.0049;-0.0100;0.0076;-0.0108;-0.0049;0.0000;0.0787;10410
897.0;0.0009;0.0000;0.0082;0.0000;21;15;-0.0049;-0.0100;0.0076;-0.0108;-0.0049;0.0000;0.0787;10410
897.5;0.0009;0.0000;-0.0014;0.0000;21;15;-0.0049;-0.0100;0.0076;-0.0108;-0.0049;0.0000;0.0787;10410
898.0;0.0005;0.0000;-0.0055;0.0000;21;15;-0.0049;-0.0100;0.0076;-0.0108;-0.0049;0.0000;0.0787;10410
898.5;0.0005;0.0000;0.0069;0.0000;21;15;-0.0049;-0.0100;0.0076;-0.0108;-0.0049;0.0000;0.0787;10410
899.0;0.0005;0.0000;0.0041;0.0000;21;15;-0.0049;-0.0100;0.0076;-0.0108;-0.0049;0.0000;0.0787;10410
899.5;0.0005;0.0000;-0.0082;0.0000;21;15;-0.0049;-0.0100;0.0076;-0.0108;-0.0049;0.0000;0.0787;10410
900.0;0.0005;0.0000;-0.0110;0.0000;21;15;-0.0049;-0.0100;0.0076;-0.0108;-0.0049;0.0000;0.0787;10410
900.5;0.0005;0.0000;-0.0027;0.0000;21;15;-0.0049;-0.0100;0.0076;-0.0108;-0.0049;0.0000;0.0787;10410
901.0;0.0005;0.0000;-0.0014;0.0000;21;15;-0.0049;-0.0100;0.0076;-0.0108;-0.0049;0.0000;0.0787;10410
901.5;0.0000;0.0000;-0.0069;0.0000;21;15;-0.0049;-0.0100;0.0076;-0.0108;-0.0049;0.0000;0.0787;10410
902.0;0.0000;0.0000;-0.0110;0.0000;21;15;-0.0049;-0.0100;0.0076;-0.0108;-0.0049;0.0000;0.0787;10410
902.5;0.0000;0.0000;-0.0041;0.0000;21;15;-0.0049;-0.0100;0.0076;-0.0108;-0.0049;0.0000;0.0787;10410
903.0;0.0000;0.0000;-0.0014;0.0000;21;15;-0.0049;-0.0100;0.0076;-0.0108;-0.0049;0.0000;0.0787;10410
903.5;0.0000;0.0000;-0.0027;0.0000;21;15;-0.0049;-0.0100;0.0076;-0.0108;-0.0049;0.0000;0.0787;10410
904.0;0.0000;0.0000;0.0000;0.0000;21;15;-0.0049;-0.0100;0.0076;-0.0108;-0.0049;0.0000;0.0787;10410
904.5;0.0000;0.0000;-0.0027;0.0000;21;15;-0.0049;-0.0100;0.0076;-0.0108;-0.0049;0.0000;0.0787;10410
905.0;0.0000;0.0000;-0.0027;0.0000;21;15;-0.0049;-0.0100;0.0076;-0.0108;-0.0049;0.0000;0.0787;10410
905.5;0.0000;0.0000;0.0014;0.0000;21;15;-0.0049;-0.0100;0.0076;-0.0108;-0.0049;0.0000;0.0787;10410
906.0;0.0000;0.0000;-0.0014;0.0000;21;15;-0.0049;-0.0100;0.0076;-0.0108;-0.0049;0.0000;0.0787;10410
906.5;0.0000;0.0000;0.0000;0.0000;21;15;-0.0049;-0.0100;0.0076;-0.0108;-0.0049;0.0000;0.0787;10410
907.0;-0.0005;0.0000;0.0014;0.0000;21;15;-0.0049;-0.0100;0.0076;-0.0108;-0.0049;0.0000;0.0787;10410
907.5;-0.0005;0.0000;-0.0027;0.0000;21;15;-0.0049;-0.0100;0.0076;-0.0108;-0.0049;0.0000;0.0787;10410
908.0;-0.0005;0.0000;0.0041;0.0000;21;15;-0.0049;-0.0100;0.0076;-0.0108;-0.0049;0.0000;0.0787;10410
908.5;-0.0005;0.0000;0.0027;0.0000;21;15;-0.0049;-0.0100;0.0076;-0.0108;-0.0049;0.0000;0.0787;10410
909.0;-0.0005;0.0000;0.0014;0.0000;21;15;-0.0049;-0.0100;0.0076;-0.0108;-0.0049;0.0000;0.0787;10410
909.5;-0.0005;0.0000;0.0069;0.0000;21;15;-0.0049;-0.0100;0.0076;-0.0108;-0.0049;0.0000;0.0787;10410
910.0;-0.0005;0.0000;0.0000;0.0000;21;15;-0.0049;-0.0100;0.0076;-0.0108;-0.0049;0.0000;0.0787;10410
910.5;-0.0005;0.0000;-0.0082;0.0000;21;15;-0.0049;-0.0100;0.0076;-0.0108;-0.0049;0.0000;0.0787;10410
911.0;-0.0005;0.0000;-0.0027;0.0000;21;15;-0.0049;-0.0100;0.0076;-0.0108;-0.0049;0.0000;0.0787;10410
911.5;-0.0005;0.0000;-0.0055;0.0000;21;15;-0.0049;-0.0100;0.0076;-0.0108;-0.0049;0.0000;0.0787;10410
912.0;-0.0005;0.0000;0.0014;0.0000;21;15;-0.0049;-0.0100;0.0076;-0.0108;-0.0049;0.0000;0.0787;10410
912.5;-0.0005;0.0000;-0.0041;0.0000;21;15;-0.0049;-0.0100;0.0076;-0.0108;-0.0049;0.0000;0.0787;10410
913.0;-0.0005;0.0000;-0.0041;0.0000;21;15;-0.0049;-0.0100;0.0076;-0.0108;-0.0049;0.0000;0.0787;10410
913.5;-0.0005;0.0000;0.0041;0.0000;21;15;-0.0049;-0.0100;0.0076;-0.0108;-0.0049;0.0000;0.0787;10410
914.0;-0.0005;0.0000;0.0000;0.0000;21;15;-0.0049;-0.0100;0.0076;-0.0108;-0.0049;0.0000;0.0787;10410
914.5;-0.0005;0.0000;0.0110;0.0000;21;15;-0.0049;-0.0100;0.0076;-0.0108;-0.0049;0.0000;0.0787;10410
915.0;-0.0005;0.0000;0.0082;0.0000;21;15;-0.0049;-0.0100;0.0076;-0.0108;-0.0049;0.0000;0.0787;10410
915.5;-0.0009;0.0000;0.0124;0.0000;21;15;-0.0049;-0.0100;0.0076;-0.0108;-0.0049;0.0000;0.0787;10410
916.0;-0.0009;0.0000;-0.0014;0.0000;21;15;-0.0049;-0.0100;0.0076;-0.0108;-0.0049;0.0000;0.0787;10410
916.5;-0.0009;0.0000;0.0000;0.0000;21;15;-0.0049;-0.0100;0.0076;-0.0108;-0.0049;0.0000;0.0787;10410
917.0;-0.0009;0.0000;0.0082;0.0000;21;15;-0.0049;-0.0100;0.0076;-0.0108;-0.0049;0.0000;0.0787;10410
917.5;-0.0009;0.0000;0.0027;0.0000;21;15;-0.0049;-0.0100;0.0076;-0.0108;-0.0049;0.0000;0.0787;10410
918.0;-0.0009;0.0000;0.0165;0.0000;21;15;-0.0049;-0.0100;0.0076;-0.0108;-0.0049;0.0000;0.0787;10410
918.5;-0.0009;0.0000;0.0165;0.0000;21;15;-0.0049;-0.0100;0.0076;-0.0108;-0.0049;0.0000;0.0787;10410
919.0;-0.0009;0.0000;0.0137;0.0000;21;15;-0.0049;-0.0100;0.0076;-0.0108;-0.0049;0.0000;0.0787;10410
919.5;-0.0009;0.0000;0.0055;0.0000;21;15;-0.0049;-0.0100;0.0076;-0.0108;-0.0049;0.0000;0.0787;10410
920.0;-0.0009;0.0000;0.0096;0.0000;21;15;-0.0049;-0.0100;0.0076;-0.0108;-0.0049;0.0000;0.0787;10410
920.5;-0.0009;0.0000;0.0041;0.0000;21;15;-0.0049;-0.0100;0.0076;-0.0108;-0.0049;0.0000;0.0787;10410
921.0;-0.0009;0.0000;-0.0041;0.0000;21;15;-0.0049;-0.0100;0.0076;-0.0108;-0.0049;0.0000;0.0787;10410
921.5;-0.0009;0.0000;0.0000;0.0000;21;15;-0.0049;-0.0100;0.0076;-0.0108;-0.0049;0.0000;0.0787;10410
922.0;-0.0009;0.0000;-0.0027;0.0000;21;15;-0.0049;-0.0100;0.0076;-0.0108;-0.0049;0.0000;0.0787;10410
922.5;-0.0009;0.0000;0.0000;0.0000;21;15;-0.0049;-0.0100;0.0076;-0.0108;-0.0049;0.0000;0.0787;10410
923.0;-0.0009;0.0000;0.0027;0.0000;21;15;-0.0049;-0.0100;0.0076;-0.0108;-0.0049;0.0000;0.0787;10410
923.5;-0.0009;0.0000;0.0014;0.0000;21;15;-0.0049;-0.0100;0.0076;-0.0108;-0.0049;0.0000;0.0787;10410
924.0;-0.0009;0.0000;0.0055;0.0000;21;15;-0.0049;-0.0100;0.0076;-0.0108;-0.0049;0.0000;0.0787;10410
924.5;-0.0009;0.0000;0.0096;0.0000;21;15;-0.0049;-0.0100;0.0076;-0.0108;-0.0049;0.0000;0.0787;10410
925.0;-0.0009;0.0000;0.0000;0.0000;21;15;-0.0049;-0.0100;0.0076;-0.0108;-0.0049;0.0000;0.0787;10410
925.5;-0.0009;0.0000;0.0055;0.0000;21;15;-0.0049;-0.0100;0.0076;-0.0108;-0.0049;0.0000;0.0787;10410
926.0;-0.0009;0.0000;-0.0014;0.0000;21;15;-0.0049;-0.0100;0.0076;-0.0108;-0.0049;0.0000;0.0787;10410
926.5;-0.0009;0.0000;-0.0055;0.0000;21;15;-0.0049;-0.0100;0.0076;-0.0108;-0.0049;0.0000;0.0787;10410
927.0;-0.0009;0.0000;-0.0014;0.0000;21;15;-0.0049;-0.0100;0.0076;-0.0108;-0.0049;0.0000;0.0787;10410
927.5;-0.0009;0.0000;0.0041;0.0000;21;15;-0.0049;-0.0100;0.0076;-0.0108;-0.0049;0.0000;0.0787;10410
928.0;-0.0009;0.0000;-0.0027;0.0000;21;15;-0.0049;-0.0100;0.0076;-0.0108;-0.0049;0.0000;0.0787;10410
928.5;-0.0009;0.0000;-0.0041;0.0000;21;15;-0.0049;-0.0100;0.0076;-0.0108;-0.0049;0.0000;0.0787;10410
929.0;-0.0009;0.0000;0.0000;0.0000;21;15;-0.0049;-0.0100;0.0076;-0.0108;-0.0049;0.0000;0.0787;10410
929.5;-0.0009;0.0000;-0.0055;0.0000;21;15;-0.0049;-0.0100;0.0076;-0.0108;-0.0049;0.0000;0.0787;10410
930.0;-0.0009;0.0000;0.0000;0.0000;21;15;-0.0049;-0.0100;0.0076;-0.0108;-0.0049;0.0000;0.0787;10410
930.5;-0.0009;0.0000;-0.0041;0.0000;21;15;-0.0049;-0.0100;0.0076;-0.0108;-0.0049;0.0000;0.0787;10410
931.0;-0.0009;0.0000;0.0055;0.0000;21;15;-0.0049;-0.0100;0.0076;-0.0108;-0.0049;0.0000;0.0787;10410
931.5;-0.0009;0.0000;0.0069;0.0000;21;15;-0.0049;-0.0100;0.0076;-0.0108;-0.0049;0.0000;0.0787;10410
932.0;-0.0009;0.0000;0.0041;0.0000;21;15;-0.0049;-0.0100;0.0076;-0.0108;-0.0049;0.0000;0.0787;10410
932.5;-0.0009;0.0000;0.0014;0.0000;21;15;-0.0049;-0.0100;0.0076;-0.0108;-0.0049;0.0000;0.0787;10410
933.0;-0.0009;0.0000;-0.0014;0.0000;21;15;-0.0049;-0.0100;0.0076;-0.0108;-0.0049;0.0000;0.0787;10410
933.5;-0.0009;0.0000;0.0055;0.0000;21;15;-0.0049;-0.0100;0.0076;-0.0108;-0.0049;0.0000;0.0787;10410
934.0;-0.0009;0.0000;0.0096;0.0000;21;15;-0.0049;-0.0100;0.0076;-0.0108;-0.0049;0.0000;0.0787;10410
934.5;-0.0009;0.0000;0.0041;0.0000;21;15;-0.0049;-0.0100;0.0076;-0.0108;-0.0049;0.0000;0.0787;10410
935.0;-0.0009;0.0000;0.0000;0.0000;21;15;-0.0049;-0.0100;0.0076;-0.0108;-0.0049;0.0000;0.0787;10410
935.5;-0.0009;0.0000;0.0027;0.0000;21;15;-0.0049;-0.0100;0.0076;-0.0108;-0.0049;0.0000;0.0787;10410
936.0;-0.0009;0.0000;-0.0055;0.0000;21;15;-0.0049;-0.0100;0.0076;-0.0108;-0.0049;0.0000;0.0787;10410
936.5;-0.0009;0.0000;0.0027;0.0000;21;15;-0.0049;-0.0100;0.0076;-0.0108;-0.0049;0.0000;0.0787;10410
937.0;-0.0009;0.0000;0.0069;0.0000;21;15;-0.0049;-0.0100;0.0076;-0.0108;-0.0049;0.0000;0.0787;10410
937.5;-0.0009;0.0000;0.0027;0.0000;21;15;-0.0049;-0.0100;0.0076;-0.0108;-0.0049;0.0000;0.0787;10410
938.0;-0.0009;0.0000;0.0027;0.0000;21;15;-0.0049;-0.0100;0.0076;-0.0108;-0.0049;0.0000;0.0787;10410
938.5;-0.0009;0.0000;0.0000;0.0000;21;15;-0.0049;-0.0100;0.0076;-0.0108;-0.0049;0.0000;0.0787;10410
939.0;-0.0009;0.0000;-0.0041;0.0000;21;15;-0.0049;-0.0100;0.0076;-0.0108;-0.0049;0.0000;0.0787;10410
939.5;-0.0009;0.0000;-0.0096;0.0000;21;15;-0.0049;-0.0100;0.0076;-0.0108;-0.0049;0.0000;0.0787;10410
940.0;-0.0009;0.0000;-0.0055;0.0000;21;15;-0.0049;-0.0100;0.0076;-0.0108;-0.0049;0.0000;0.0787;10410
940.5;-0.0009;0.0000;-0.0096;0.0000;21;15;-0.0049;-0.0100;0.0076;-0.0108;-0.0049;0.0000;0.0787;10410
941.0;-0.0009;0.0000;-0.0082;0.0000;21;15;-0.0049;-0.0100;0.0076;-0.0108;-0.0049;0.0000;0.0787;10410
941.5;-0.0009;0.0000;-0.0082;0.0000;21;15;-0.0049;-0.0100;0.0076;-0.0108;-0.0049;0.0000;0.0787;10410
942.0;-0.0009;0.0000;-0.0055;0.0000;21;15;-0.0049;-0.0100;0.0076;-0.0108;-0.0049;0.0000;0.0787;10410
942.5;-0.0009;0.0000;0.0000;0.0000;21;15;-0.0049;-0.0100;0.0076;-0.0108;-0.0049;0.0000;0.0787;10410
943.0;-0.0009;0.0000;-0.0014;0.0000;21;15;-0.0049;-0.0100;0.0076;-0.0108;-0.0049;0.0000;0.0787;10410
943.5;-0.0009;0.0000;-0.0082;0.0000;21;15;-0.0049;-0.0100;0.0076;-0.0108;-0.0049;0.0000;0.0787;10410
944.0;-0.0009;0.0000;0.0014;0.0000;21;15;-0.0049;-0.0100;0.0076;-0.0108;-0.0049;0.0000;0.0787;10410
944.5;-0.0009;0.0000;0.0014;0.0000;21;15;-0.0049;-0.0100;0.0076;-0.0108;-0.0049;0.0000;0.0787;10410
945.0;-0.0009;0.0000;-0.0014;0.0000;21;15;-0.0049;-0.0100;0.0076;-0.0108;-0.0049;0.0000;0.0787;10410
945.5;-0.0009;0.0000;-0.0027;0.0000;21;15;-0.0049;-0.0100;0.0076;-0.0108;-0.0049;0.0000;0.0787;10410
946.0;-0.0009;0.0000;-0.0027;0.0000;21;15;-0.0049;-0.0100;0.0076;-0.0108;-0.0049;0.0000;0.0787;10410
946.5;-0.0009;0.0000;-0.0069;0.0000;21;15;-0.0049;-0.0100;0.0076;-0.0108;-0.0049;0.0000;0.0787;10410
947.0;-0.0009;0.0000;-0.0027;0.0000;21;15;-0.0049;-0.0100;0.0076;-0.0108;-0.0049;0.0000;0.0787;10410
947.5;-0.0009;0.0000;-0.0055;0.0000;21;15;-0.0049;-0.0100;0.0076;-0.0108;-0.0049;0.0000;0.0787;10410
948.0;-0.0009;0.0000;0.0014;0.0000;21;15;-0.0049;-0.0100;0.0076;-0.0108;-0.0049;0.0000;0.0787;10410
948.5;-0.0009;0.0000;0.0000;0.0000;21;15;-0.0049;-0.0100;0.0076;-0.0108;-0.0049;0.0000;0.0787;10410
949.0;-0.0009;0.0000;0.0027;0.0000;21;15;-0.0049;-0.0100;0.0076;-0.0108;-0.0049;0.0000;0.0787;10410
949.5;-0.0009;0.0000;-0.0027;0.0000;21;15;-0.0049;-0.0100;0.0076;-0.0108;-0.0049;0.0000;0.0787;10410
950.0;-0.0009;0.0000;0.0014;0.0000;21;15;-0.0049;-0.0100;0.0076;-0.0108;-0.0049;0.0000;0.0787;10410
950.5;-0.0009;0.0000;0.0014;0.0000;21;15;-0.0049;-0.0100;0.0076;-0.0108;-0.0049;0.0000;0.0787;10410
951.0;-0.0009;0.0000;-0.0055;0.0000;21;15;-0.0049;-0.0100;0.0076;-0.0108;-0.0049;0.0000;0.0787;10410
951.5;-0.0009;0.0000;0.0000;0.0000;21;15;-0.0049;-0.0100;0.0076;-0.0108;-0.0049;0.0000;0.0787;10410
952.0;-0.0009;0.0000;-0.0027;0.0000;21;15;-0.0049;-0.0100;0.0076;-0.0108;-0.0049;0.0000;0.0787;10410
952.5;-0.0009;0.0000;0.0000;0.0000;21;15;-0.0049;-0.0100;0.0076;-0.0108;-0.0049;0.0000;0.0787;10410
953.0;-0.0009;0.0000;0.0055;0.0000;21;15;-0.0049;-0.0100;0.0076;-0.0108;-0.0049;0.0000;0.0787;10410
953.5;-0.0009;0.0000;0.0000;0.0000;21;15;-0.0049;-0.0100;0.0076;-0.0108;-0.0049;0.0000;0.0787;10410
954.0;-0.0009;0.0000;-0.0027;0.0000;21;15;-0.0049;-0.0100;0.0076;-0.0108;-0.0049;0.0000;0.0787;10410
954.5;-0.0009;0.0000;0.0041;0.0000;21;15;-0.0049;-0.0100;0.0076;-0.0108;-0.0049;0.0000;0.0787;10410
955.0;-0.0009;0.0000;0.0027;0.0000;21;15;-0.0049;-0.0100;0.0076;-0.0108;-0.0049;0.0000;0.0787;10410
955.5;-0.0009;0.0000;0.0027;0.0000;21;15;-0.0049;-0.0100;0.0076;-0.0108;-0.0049;0.0000;0.0787;10410
956.0;-0.0009;0.0000;-0.0027;0.0000;21;15;-0.0049;-0.0100;0.0076;-0.0108;-0.0049;0.0000;0.0787;10410
956.5;-0.0009;0.0000;-0.0014;0.0000;21;15;-0.0049;-0.0100;0.0076;-0.0108;-0.0049;0.0000;0.0787;10410
957.0;-0.0009;0.0000;-0.0082;0.0000;21;15;-0.0049;-0.0100;0.0076;-0.0108;-0.0049;0.0000;0.0787;10410
957.5;-0.0009;0.0000;-0.0027;0.0000;21;15;-0.0049;-0.0100;0.0076;-0.0108;-0.0049;0.0000;0.0787;10410
958.0;-0.0009;0.0000;0.0014;0.0000;21;15;-0.0049;-0.0100;0.0076;-0.0108;-0.0049;0.0000;0.0787;10410
958.5;-0.0009;0.0000;-0.0014;0.0000;21;15;-0.0049;-0.0100;0.0076;-0.0108;-0.0049;0.0000;0.0787;10410
959.0;-0.0009;0.0000;0.0027;0.0000;21;15;-0.0049;-0.0100;0.0076;-0.0108;-0.0049;0.0000;0.0787;10410
959.5;-0.0009;0.0000;-0.0041;0.0000;21;15;-0.0049;-0.0100;0.0076;-0.0108;-0.0049;0.0000;0.0787;10410
960.0;-0.0009;0.0000;-0.0082;0.0000;21;15;-0.0049;-0.0100;0.0076;-0.0108;-0.0049;0.0000;0.0787;10410
960.5;-0.0009;0.0000;-0.0096;0.0000;21;15;-0.0049;-0.0100;0.0076;-0.0108;-0.0049;0.0000;0.0787;10410
961.0;-0.0009;0.0000;-0.0069;0.0000;21;15;-0.0049;-0.0100;0.0076;-0.0108;-0.0049;0.0000;0.0787;10410
961.5;-0.0009;0.0000;-0.0096;0.0000;21;15;-0.0049;-0.0100;0.0076;-0.0108;-0.0049;0.0000;0.0787;10410
962.0;-0.0009;0.0000;-0.0055;0.0000;21;15;-0.0049;-0.0100;0.0076;-0.0108;-0.0049;0.0000;0.0787;10410
962.5;-0.0009;0.0000;-0.0041;0.0000;21;15;-0.0049;-0.0100;0.0076;-0.0108;-0.0049;0.0000;0.0787;10410
963.0;-0.0009;0.0000;0.0027;0.0000;21;15;-0.0049;-0.0100;0.0076;-0.0108;-0.0049;0.0000;0.0787;10410
963.5;-0.0009;0.0000;-0.0014;0.0000;21;15;-0.0049;-0.0100;0.0076;-0.0108;-0.0049;0.0000;0.0787;10410
964.0;-0.0009;0.0000;0.0000;0.0000;21;15;-0.0049;-0.0100;0.0076;-0.0108;-0.0049;0.0000;0.0787;10410
964.5;-0.0009;0.0000;0.0027;0.0000;21;15;-0.0049;-0.0100;0.0076;-0.0108;-0.0049;0.0000;0.0787;10410
965.0;-0.0009;0.0000;0.0041;0.0000;21;15;-0.0049;-0.0100;0.0076;-0.0108;-0.0049;0.0000;0.0787;10410
965.5;-0.0009;0.0000;0.0069;0.0000;21;15;-0.0049;-0.0100;0.0076;-0.0108;-0.0049;0.0000;0.0787;10410
966.0;-0.0009;0.0000;0.0055;0.0000;21;15;-0.0049;-0.0100;0.0076;-0.0108;-0.0049;0.0000;0.0787;10410
966.5;-0.0009;0.0000;0.0000;0.0000;21;15;-0.0049;-0.0100;0.0076;-0.0108;-0.0049;0.0000;0.0787;10410
967.0;-0.0009;0.0000;-0.0041;0.0000;21;15;-0.0049;-0.0100;0.0076;-0.0108;-0.0049;0.0000;0.0787;10410
967.5;-0.0009;0.0000;-0.0096;0.0000;21;15;-0.0049;-0.0100;0.0076;-0.0108;-0.0049;0.0000;0.0787;10410
968.0;-0.0009;0.0000;-0.0041;0.0000;21;15;-0.0049;-0.0100;0.0076;-0.0108;-0.0049;0.0000;0.0787;10410
968.5;-0.0009;0.0000;0.0000;0.0000;21;15;-0.0049;-0.0100;0.0076;-0.0108;-0.0049;0.0000;0.0787;10410
969.0;-0.0009;0.0000;0.0055;0.0000;21;15;-0.0049;-0.0100;0.0076;-0.0108;-0.0049;0.0000;0.0787;10410
969.5;-0.0009;0.0000;0.0027;0.0000;21;15;-0.0049;-0.0100;0.0076;-0.0108;-0.0049;0.0000;0.0787;10410
970.0;-0.0009;0.0000;0.0041;0.0000;21;15;-0.0049;-0.0100;0.0076;-0.0108;-0.0049;0.0000;0.0787;10410
970.5;-0.0009;0.0000;-0.0027;0.0000;21;15;-0.0049;-0.0100;0.0076;-0.0108;-0.0049;0.0000;0.0787;10410
971.0;-0.0009;0.0000;-0.0014;0.0000;21;15;-0.0049;-0.0100;0.0076;-0.0108;-0.0049;0.0000;0.0787;10410
971.5;-0.0009;0.0000;0.0027;0.0000;21;15;-0.0049;-0.0100;0.0076;-0.0108;-0.0049;0.0000;0.0787;10410
972.0;-0.0009;0.0000;-0.0027;0.0000;21;15;-0.0049;-0.0100;0.0076;-0.0108;-0.0049;0.0000;0.0787;10410
972.5;-0.0009;0.0000;-0.0014;0.0000;21;15;-0.0049;-0.0100;0.0076;-0.0108;-0.0049;0.0000;0.0787;10410
973.0;-0.0009;0.0000;0.0000;0.0000;21;15;-0.0049;-0.0100;0.0076;-0.0108;-0.0049;0.0000;0.0787;10410
973.5;-0.0009;0.0000;0.0082;0.0000;21;15;-0.0049;-0.0100;0.0076;-0.0108;-0.0049;0.0000;0.0787;10410
974.0;-0.0009;0.0000;0.0027;0.0000;21;15;-0.0049;-0.0100;0.0076;-0.0108;-0.0049;0.0000;0.0787;10410
974.5;-0.0009;0.0000;0.0000;0.0000;21;15;-0.0049;-0.0100;0.0076;-0.0108;-0.0049;0.0000;0.0787;10410
975.0;-0.0009;0.0000;-0.0014;0.0000;21;15;-0.0049;-0.0100;0.0076;-0.0108;-0.0049;0.0000;0.0787;10410
975.5;-0.0009;0.0000;0.0000;0.0000;21;15;-0.0049;-0.0100;0.0076;-0.0108;-0.0049;0.0000;0.0787;10410
976.0;-0.0009;0.0000;0.0014;0.0000;21;15;-0.0049;-0.0100;0.0076;-0.0108;-0.0049;0.0000;0.0787;10410
976.5;-0.0009;0.0000;0.0027;0.0000;21;15;-0.0049;-0.0100;0.0076;-0.0108;-0.0049;0.0000;0.0787;10410
977.0;-0.0009;0.0000;-0.0014;0.0000;21;15;-0.0049;-0.0100;0.0076;-0.0108;-0.0049;0.0000;0.0787;10410
977.5;-0.0009;0.0000;-0.0041;0.0000;21;15;-0.0049;-0.0100;0.0076;-0.0108;-0.0049;0.0000;0.0787;10410
978.0;-0.0009;0.0000;-0.0014;0.0000;21;15;-0.0049;-0.0100;0.0076;-0.0108;-0.0049;0.0000;0.0787;10410
978.5;-0.0009;0.0000;-0.0027;0.0000;21;15;-0.0049;-0.0100;0.0076;-0.0108;-0.0049;0.0000;0.0787;10410
979.0;-0.0009;0.0000;-0.0041;0.0000;21;15;-0.0049;-0.0100;0.0076;-0.0108;-0.0049;0.0000;0.0787;10410
979.5;-0.0009;0.0000;0.0000;0.0000;21;15;-0.0049;-0.0100;0.0076;-0.0108;-0.0049;0.0000;0.0787;10410
980.0;-0.0009;0.0000;-0.0041;0.0000;21;15;-0.0049;-0.0100;0.0076;-0.0108;-0.0049;0.0000;0.0787;10410
980.5;-0.0009;0.0000;-0.0055;0.0000;21;15;-0.0049;-0.0100;0.0076;-0.0108;-0.0049;0.0000;0.0787;10410
981.0;-0.0009;0.0000;-0.0110;0.0000;21;15;-0.0049;-0.0100;0.0076;-0.0108;-0.0049;0.0000;0.0787;10410
981.5;-0.0009;0.0000;-0.0069;0.0000;21;15;-0.0049;-0.0100;0.0076;-0.0108;-0.0049;0.0000;0.0787;10410
982.0;-0.0009;0.0000;-0.0069;0.0000;21;15;-0.0049;-0.0100;0.0076;-0.0108;-0.0049;0.0000;0.0787;10410
982.5;-0.0009;0.0000;-0.0041;0.0000;21;15;-0.0049;-0.0100;0.0076;-0.0108;-0.0049;0.0000;0.0787;10410
983.0;-0.0009;0.0000;-0.0096;0.0000;21;15;-0.0049;-0.0100;0.0076;-0.0108;-0.0049;0.0000;0.0787;10410
983.5;-0.0009;0.0000;-0.0041;0.0000;21;15;-0.0049;-0.0100;0.0076;-0.0108;-0.0049;0.0000;0.0787;10410
984.0;-0.0009;0.0000;0.0000;0.0000;21;15;-0.0049;-0.0100;0.0076;-0.0108;-0.0049;0.0000;0.0787;10410
984.5;-0.0005;0.0000;0.0000;0.0000;21;15;-0.0049;-0.0100;0.0076;-0.0108;-0.0049;0.0000;0.0787;10410
985.0;-0.0005;0.0000;-0.0069;0.0000;21;15;-0.0049;-0.0100;0.0076;-0.0108;-0.0049;0.0000;0.0787;10410
985.5;-0.0005;0.0000;-0.0055;0.0000;21;15;-0.0049;-0.0100;0.0076;-0.0108;-0.0049;0.0000;0.0787;10410
986.0;-0.0005;0.0000;-0.0027;0.0000;21;15;-0.0049;-0.0100;0.0076;-0.0108;-0.0049;0.0000;0.0787;10410
986.5;-0.0005;0.0000;-0.0014;0.0000;21;15;-0.0049;-0.0100;0.0076;-0.0108;-0.0049;0.0000;0.0787;10410
987.0;-0.0005;0.0000;0.0014;0.0000;21;15;-0.0049;-0.0100;0.0076;-0.0108;-0.0049;0.0000;0.0787;10410
987.5;-0.0005;0.0000;-0.0041;0.0000;21;15;-0.0049;-0.0100;0.0076;-0.0108;-0.0049;0.0000;0.0787;10410
988.0;-0.0005;0.0000;-0.0014;0.0000;21;15;-0.0049;-0.0100;0.0076;-0.0108;-0.0049;0.0000;0.0787;10410
988.5;-0.0005;0.0000;-0.0082;0.0000;21;15;-0.0049;-0.0100;0.0076;-0.0108;-0.0049;0.0000;0.0787;10410
989.0;-0.0005;0.0000;0.0000;0.0000;21;15;-0.0049;-0.0100;0.0076;-0.0108;-0.0049;0.0000;0.0787;10410
989.5;-0.0005;0.0000;0.0027;0.0000;21;15;-0.0049;-0.0100;0.0076;-0.0108;-0.0049;0.0000;0.0787;10410
990.0;-0.0005;0.0000;0.0014;0.0000;21;15;-0.0049;-0.0100;0.0076;-0.0108;-0.0049;0.0000;0.0787;10410
990.5;-0.0005;0.0000;0.0041;0.0000;21;15;-0.0049;-0.0100;0.0076;-0.0108;-0.0049;0.0000;0.0787;10410
991.0;-0.0005;0.0000;0.0041;0.0000;21;15;-0.0049;-0.0100;0.0076;-0.0108;-0.0049;0.0000;0.0787;10410
991.5;-0.0005;0.0000;-0.0014;0.0000;21;15;-0.0049;-0.0100;0.0076;-0.0108;-0.0049;0.0000;0.0787;10410
992.0;-0.0005;0.0000;-0.0041;0.0000;21;15;-0.0049;-0.0100;0.0076;-0.0108;-0.0049;0.0000;0.0787;10410
992.5;-0.0005;0.0000;-0.0124;0.0000;21;15;-0.0049;-0.0100;0.0076;-0.0108;-0.0049;0.0000;0.0787;10410
993.0;-0.0005;0.0000;-0.0082;0.0000;21;15;-0.0049;-0.0100;0.0076;-0.0108;-0.0049;0.0000;0.0787;10410
993.5;-0.0005;0.0000;-0.0014;0.0000;21;15;-0.0049;-0.0100;0.0076;-0.0108;-0.0049;0.0000;0.0787;10410
994.0;-0.0005;0.0000;-0.0041;0.0000;21;15;-0.0049;-0.0100;0.0076;-0.0108;-0.0049;0.0000;0.0787;10410
994.5;-0.0005;0.0000;0.0027;0.0000;21;15;-0.0049;-0.0100;0.0076;-0.0108;-0.0049;0.0000;0.0787;10410
995.0;-0.0005;0.0000;-0.0069;0.0000;21;15;-0.0049;-0.0100;0.0076;-0.0108;-0.0049;0.0000;0.0787;10410
995.5;-0.0005;0.0000;-0.0055;0.0000;21;15;-0.0049;-0.0100;0.0076;-0.0108;-0.0049;0.0000;0.0787;10410
996.0;-0.0005;0.0000;-0.0124;0.0000;21;15;-0.0049;-0.0100;0.0076;-0.0108;-0.0049;0.0000;0.0787;10410
996.5;-0.0005;0.0000;-0.0082;0.0000;21;15;-0.0049;-0.0100;0.0076;-0.0108;-0.0049;0.0000;0.0787;10410
997.0;-0.0005;0.0000;-0.0069;0.0000;21;15;-0.0049;-0.0100;0.0076;-0.0108;-0.0049;0.0000;0.0787;10410
997.5;-0.0005;0.0000;0.0000;0.0000;21;15;-0.0049;-0.0100;0.0076;-0.0108;-0.0049;0.0000;0.0787;10410
998.0;-0.0005;0.0000;0.0069;0.0000;21;15;-0.0049;-0.0100;0.0076;-0.0108;-0.0049;0.0000;0.0787;10410
998.5;-0.0005;0.0000;0.0027;0.0000;21;15;-0.0049;-0.0100;0.0076;-0.0108;-0.0049;0.0000;0.0787;10410
999.0;-0.0005;0.0000;-0.0014;0.0000;21;15;-0.0049;-0.0100;0.0076;-0.0108;-0.0049;0.0000;0.0787;10410
999.5;-0.0005;0.0000;0.0014;0.0000;21;15;-0.0049;-0.0100;0.0076;-0.0108;-0.0049;0.0000;0.0787;10410
1000.0;-0.0005;0.0000;0.0014;0.0000;21;15;-0.0049;-0.0100;0.0076;-0.0108;-0.0049;0.0000;0.0787;10410
1000.5;-0.0005;0.0000;-0.0014;0.0000;21;15;-0.0049;-0.0100;0.0076;-0.0108;-0.0049;0.0000;0.0787;10410
1001.0;-0.0005;0.0000;-0.0041;0.0000;21;15;-0.0049;-0.0100;0.0076;-0.0108;-0.0049;0.0000;0.0787;10410
1001.5;-0.0005;0.0000;0.0041;0.0000;21;15;-0.0049;-0.0100;0.0076;-0.0108;-0.0049;0.0000;0.0787;10410
1002.0;-0.0005;0.0000;-0.0027;0.0000;21;15;-0.0049;-0.0100;0.0076;-0.0108;-0.0049;0.0000;0.0787;10410
1002.5;-0.0005;0.0000;0.0041;0.0000;21;15;-0.0049;-0.0100;0.0076;-0.0108;-0.0049;0.0000;0.0787;10410
1003.0;-0.0005;0.0000;0.0027;0.0000;21;15;-0.0049;-0.0100;0.0076;-0.0108;-0.0049;0.0000;0.0787;10410
1003.5;-0.0005;0.0000;0.0014;0.0000;21;15;-0.0049;-0.0100;0.0076;-0.0108;-0.0049;0.0000;0.0787;10410
1004.0;-0.0005;0.0000;-0.0055;0.0000;21;15;-0.0049;-0.0100;0.0076;-0.0108;-0.0049;0.0000;0.0787;10410
1004.5;-0.0005;0.0000;-0.0027;0.0000;21;15;-0.0049;-0.0100;0.0076;-0.0108;-0.0049;0.0000;0.0787;10410
1005.0;-0.0005;0.0000;-0.0027;0.0000;21;15;-0.0049;-0.0100;0.0076;-0.0108;-0.0049;0.0000;0.0787;10410
1005.5;-0.0005;0.0000;0.0000;0.0000;21;15;-0.0049;-0.0100;0.0076;-0.0108;-0.0049;0.0000;0.0787;10410
1006.0;-0.0005;0.0000;-0.0082;0.0000;21;15;-0.0049;-0.0100;0.0076;-0.0108;-0.0049;0.0000;0.0787;10410
1006.5;-0.0005;0.0000;-0.0055;0.0000;21;15;-0.0049;-0.0100;0.0076;-0.0108;-0.0049;0.0000;0.0787;10410
1007.0;-0.0005;0.0000;-0.0041;0.0000;21;15;-0.0049;-0.0100;0.0076;-0.0108;-0.0049;0.0000;0.0787;10410
1007.5;-0.0005;0.0000;-0.0096;0.0000;21;15;-0.0049;-0.0100;0.0076;-0.0108;-0.0049;0.0000;0.0787;10410
1008.0;-0.0005;0.0000;0.0000;0.0000;21;15;-0.0049;-0.0100;0.0076;-0.0108;-0.0049;0.0000;0.0787;10410
1008.5;-0.0005;0.0000;-0.0027;0.0000;21;15;-0.0049;-0.0100;0.0076;-0.0108;-0.0049;0.0000;0.0787;10410
1009.0;-0.0005;0.0000;-0.0027;0.0000;21;15;-0.0049;-0.0100;0.0076;-0.0108;-0.0049;0.0000;0.0787;10410
1009.5;-0.0005;0.0000;-0.0096;0.0000;21;15;-0.0049;-0.0100;0.0076;-0.0108;-0.0049;0.0000;0.0787;10410
1010.0;-0.0005;0.0000;-0.0041;0.0000;21;15;-0.0049;-0.0100;0.0076;-0.0108;-0.0049;0.0000;0.0787;10410
1010.5;-0.0005;0.0000;0.0014;0.0000;21;15;-0.0049;-0.0100;0.0076;-0.0108;-0.0049;0.0000;0.0787;10410
1011.0;-0.0005;0.0000;-0.0027;0.0000;21;15;-0.0049;-0.0100;0.0076;-0.0108;-0.0049;0.0000;0.0787;10410
1011.5;-0.0005;0.0000;-0.0041;0.0000;21;15;-0.0049;-0.0100;0.0076;-0.0108;-0.0049;0.0000;0.0787;10410
1012.0;-0.0005;0.0000;0.0000;0.0000;21;15;-0.0049;-0.0100;0.0076;-0.0108;-0.0049;0.0000;0.0787;10410
1012.5;-0.0005;0.0000;-0.0041;0.0000;21;15;-0.0049;-0.0100;0.0076;-0.0108;-0.0049;0.0000;0.0787;10410
1013.0;-0.0005;0.0000;0.0000;0.0000;21;15;-0.0049;-0.0100;0.0076;-0.0108;-0.0049;0.0000;0.0787;10410
1013.5;-0.0005;0.0000;0.0027;0.0000;21;15;-0.0049;-0.0100;0.0076;-0.0108;-0.0049;0.0000;0.0787;10410
1014.0;-0.0005;0.0000;0.0014;0.0000;21;15;-0.0049;-0.0100;0.0076;-0.0108;-0.0049;0.0000;0.0787;10410
1014.5;-0.0005;0.0000;-0.0014;0.0000;21;15;-0.0049;-0.0100;0.0076;-0.0108;-0.0049;0.0000;0.0787;10410
1015.0;-0.0005;0.0000;-0.0014;0.0000;21;15;-0.0049;-0.0100;0.0076;-0.0108;-0.0049;0.0000;0.0787;10410
1015.5;-0.0005;0.0000;0.0014;0.0000;21;15;-0.0049;-0.0100;0.0076;-0.0108;-0.0049;0.0000;0.0787;10410
1016.0;-0.0005;0.0000;-0.0055;0.0000;21;15;-0.0049;-0.0100;0.0076;-0.0108;-0.0049;0.0000;0.0787;10410
1016.5;-0.0005;0.0000;-0.0014;0.0000;21;15;-0.0049;-0.0100;0.0076;-0.0108;-0.0049;0.0000;0.0787;10410
1017.0;-0.0005;0.0000;-0.0027;0.0000;21;15;-0.0049;-0.0100;0.0076;-0.0108;-0.0049;0.0000;0.0787;10410
1017.5;-0.0005;0.0000;0.0055;0.0000;21;15;-0.0049;-0.0100;0.0076;-0.0108;-0.0049;0.0000;0.0787;10410
1018.0;-0.0005;0.0000;0.0069;0.0000;21;15;-0.0049;-0.0100;0.0076;-0.0108;-0.0049;0.0000;0.0787;10410
1018.5;-0.0005;0.0000;-0.0027;0.0000;21;15;-0.0049;-0.0100;0.0076;-0.0108;-0.0049;0.0000;0.0787;10410
1019.0;-0.0005;0.0000;-0.0014;0.0000;21;15;-0.0049;-0.0100;0.0076;-0.0108;-0.0049;0.0000;0.0787;10410
1019.5;-0.0005;0.0000;-0.0027;0.0000;21;15;-0.0049;-0.0100;0.0076;-0.0108;-0.0049;0.0000;0.0787;10410
1020.0;-0.0005;0.0000;-0.0027;0.0000;21;15;-0.0049;-0.0100;0.0076;-0.0108;-0.0049;0.0000;0.0787;10410
1020.5;-0.0005;0.0000;0.0055;0.0000;21;15;-0.0049;-0.0100;0.0076;-0.0108;-0.0049;0.0000;0.0787;10410
1021.0;-0.0005;0.0000;0.0041;0.0000;21;15;-0.0049;-0.0100;0.0076;-0.0108;-0.0049;0.0000;0.0787;10410
1021.5;-0.0005;0.0000;0.0014;0.0000;21;15;-0.0049;-0.0100;0.0076;-0.0108;-0.0049;0.0000;0.0787;10410
1022.0;-0.0005;0.0000;-0.0014;0.0000;21;15;-0.0049;-0.0100;0.0076;-0.0108;-0.0049;0.0000;0.0787;10410
1022.5;-0.0005;0.0000;0.0000;0.0000;21;15;-0.0049;-0.0100;0.0076;-0.0108;-0.0049;0.0000;0.0787;10410
1023.0;-0.0005;0.0000;-0.0027;0.0000;21;15;-0.0049;-0.0100;0.0076;-0.0108;-0.0049;0.0000;0.0787;10410
1023.5;-0.0005;0.0000;-0.0110;0.0000;21;15;-0.0049;-0.0100;0.0076;-0.0108;-0.0049;0.0000;0.0787;10410
1024.0;-0.0005;0.0000;-0.0027;0.0000;21;15;-0.0049;-0.0100;0.0076;-0.0108;-0.0049;0.0000;0.0787;10410
1024.5;-0.0005;0.0000;-0.0041;0.0000;21;15;-0.0049;-0.0100;0.0076;-0.0108;-0.0049;0.0000;0.0787;10410
1025.0;-0.0005;0.0000;-0.0041;0.0000;21;15;-0.0049;-0.0100;0.0076;-0.0108;-0.0049;0.0000;0.0787;10410
1025.5;-0.0005;0.0000;0.0000;0.0000;21;15;-0.0049;-0.0100;0.0076;-0.0108;-0.0049;0.0000;0.0787;10410
1026.0;-0.0005;0.0000;0.0082;0.0000;21;15;-0.0049;-0.0100;0.0076;-0.0108;-0.0049;0.0000;0.0787;10410
1026.5;-0.0005;0.0000;0.0110;0.0000;21;15;-0.0049;-0.0100;0.0076;-0.0108;-0.0049;0.0000;0.0787;10410
1027.0;-0.0005;0.0000;0.0041;0.0000;21;15;-0.0049;-0.0100;0.0076;-0.0108;-0.0049;0.0000;0.0787;10410
1027.5;-0.0005;0.0000;0.0041;0.0000;21;15;-0.0049;-0.0100;0.0076;-0.0108;-0.0049;0.0000;0.0787;10410
1028.0;-0.0005;0.0000;0.0055;0.0000;21;15;-0.0049;-0.0100;0.0076;-0.0108;-0.0049;0.0000;0.0787;10410
1028.5;-0.0005;0.0000;0.0124;0.0000;21;15;-0.0049;-0.0100;0.0076;-0.0108;-0.0049;0.0000;0.0787;10410
1029.0;-0.0005;0.0000;-0.0055;0.0000;21;15;-0.0049;-0.0100;0.0076;-0.0108;-0.0049;0.0000;0.0787;10410
1029.5;-0.0005;0.0000;-0.0096;0.0000;21;15;-0.0049;-0.0100;0.0076;-0.0108;-0.0049;0.0000;0.0787;10410
1030.0;-0.0005;0.0000;-0.0041;0.0000;21;15;-0.0049;-0.0100;0.0076;-0.0108;-0.0049;0.0000;0.0787;10410
1030.5;-0.0005;0.0000;-0.0082;0.0000;21;15;-0.0049;-0.0100;0.0076;-0.0108;-0.0049;0.0000;0.0787;10410
1031.0;-0.0005;0.0000;-0.0041;0.0000;21;15;-0.0049;-0.0100;0.0076;-0.0108;-0.0049;0.0000;0.0787;10410
1031.5;-0.0005;0.0000;-0.0041;0.0000;21;15;-0.0049;-0.0100;0.0076;-0.0108;-0.0049;0.0000;0.0787;10410
1032.0;-0.0005;0.0000;-0.0041;0.0000;21;15;-0.0049;-0.0100;0.0076;-0.0108;-0.0049;0.0000;0.0787;10410
1032.5;-0.0005;0.0000;-0.0041;0.0000;21;15;-0.0049;-0.0100;0.0076;-0.0108;-0.0049;0.0000;0.0787;10410
1033.0;-0.0005;0.0000;-0.0082;0.0000;21;15;-0.0049;-0.0100;0.0076;-0.0108;-0.0049;0.0000;0.0787;10410
1033.5;-0.0005;0.0000;-0.0041;0.0000;21;15;-0.0049;-0.0100;0.0076;-0.0108;-0.0049;0.0000;0.0787;10410
1034.0;-0.0005;0.0000;-0.0041;0.0000;21;15;-0.0049;-0.0100;0.0076;-0.0108;-0.0049;0.0000;0.0787;10410
1034.5;-0.0005;0.0000;0.0027;0.0000;21;15;-0.0049;-0.0100;0.0076;-0.0108;-0.0049;0.0000;0.0787;10410
1035.0;-0.0005;0.0000;0.0014;0.0000;21;15;-0.0049;-0.0100;0.0076;-0.0108;-0.0049;0.0000;0.0787;10410
1035.5;-0.0005;0.0000;0.0027;0.0000;21;15;-0.0049;-0.0100;0.0076;-0.0108;-0.0049;0.0000;0.0787;10410
1036.0;-0.0005;0.0000;0.0069;0.0000;21;15;-0.0049;-0.0100;0.0076;-0.0108;-0.0049;0.0000;0.0787;10410
1036.5;-0.0005;0.0000;0.0014;0.0000;21;15;-0.0049;-0.0100;0.0076;-0.0108;-0.0049;0.0000;0.0787;10410
1037.0;-0.0005;0.0000;0.0041;0.0000;21;15;-0.0049;-0.0100;0.0076;-0.0108;-0.0049;0.0000;0.0787;10410
1037.5;-0.0005;0.0000;0.0096;0.0000;-1;-1;-0.0049;0.0003;-0.0012;-0.0010;-0.0010;0.0000;-0.0000;10410
1038.0;-0.0005;0.0000;0.0014;-0.0014;-1;-1;-0.0049;0.0003;-0.0012;-0.0010;-0.0010;-0.0039;-0.0000;10410
1038.5;-0.0005;0.0000;0.0000;-0.0027;-1;-1;-0.0049;0.0003;-0.0012;-0.0010;-0.0010;-0.0039;-0.0000;10410
1039.0;-0.0005;0.0000;0.0055;-0.0055;-1;-1;-0.0049;0.0003;-0.0012;-0.0010;-0.0010;-0.0039;-0.0000;10410
1039.5;-0.0005;0.0000;-0.0014;-0.0082;-1;-1;-0.0049;0.0003;-0.0012;-0.0010;-0.0010;-0.0039;-0.0000;10410
1040.0;-0.0005;0.0000;0.0041;-0.0124;1;-1;-0.0049;0.0003;-0.0012;-0.0010;-0.0010;-0.0039;-0.0000;10410
1040.5;-0.0005;0.0000;0.0000;-0.0165;1;-1;-0.0049;0.0003;-0.0012;-0.0010;-0.0010;-0.0039;-0.0000;10410
1041.0;-0.0005;0.0000;-0.0027;-0.0220;1;-3;-0.0049;0.0003;-0.0012;-0.0010;-0.0010;-0.0078;-0.0000;10410
1041.5;-0.0005;0.0000;-0.0027;-0.0275;1;-3;-0.0049;0.0003;-0.0012;-0.0020;-0.0010;-0.0078;-0.0000;10410
1042.0;-0.0005;0.0000;-0.0069;-0.0343;1;-3;-0.0049;0.0003;-0.0012;-0.0020;-0.0010;-0.0078;-0.0000;10410
1042.5;-0.0005;0.0000;0.0000;-0.0426;1;-3;-0.0049;0.0003;-0.0012;-0.0020;-0.0010;-0.0078;-0.0000;10410
1043.0;-0.0005;0.0000;0.0055;-0.0508;1;-3;-0.0049;0.0003;-0.0012;-0.0029;-0.0010;-0.0078;-0.0000;10410
1043.5;-0.0005;0.0000;-0.0014;-0.0591;1;-3;-0.0049;0.0003;-0.0012;-0.0029;-0.0010;-0.0078;-0.0000;10410
1044.0;-0.0005;0.0000;0.0000;-0.0687;1;-3;-0.0049;0.0003;-0.0012;-0.0029;-0.0010;-0.0118;-0.0000;10410
1044.5;-0.0005;0.0000;-0.0027;-0.0797;3;-3;-0.0049;0.0003;-0.0012;-0.0039;-0.0010;-0.0118;-0.0000;10410
1045.0;-0.0005;0.0000;-0.0096;-0.0907;3;-5;-0.0049;0.0003;-0.0012;-0.0039;-0.0010;-0.0118;-0.0000;10410
1045.5;-0.0005;0.0000;-0.0110;-0.1030;3;-5;-0.0049;0.0003;-0.0012;-0.0039;-0.0010;-0.0118;-0.0000;10410
1046.0;-0.0005;0.0000;-0.0069;-0.1154;3;-5;-0.0049;0.0003;-0.0012;-0.0049;-0.0010;-0.0118;-0.0000;10410
1046.5;-0.0005;0.0000;0.0027;-0.1291;3;-5;-0.0049;0.0003;-0.0012;-0.0059;-0.0010;-0.0118;-0.0000;10410
1047.0;-0.0005;0.0000;-0.0041;-0.1429;3;-5;-0.0049;0.0003;-0.0012;-0.0059;-0.0010;-0.0157;-0.0000;10410
1047.5;-0.0005;0.0000;0.0000;-0.1580;3;-5;-0.0049;0.0003;-0.0012;-0.0068;-0.0010;-0.0157;-0.0000;10410
1048.0;-0.0005;0.0000;-0.0041;-0.1744;5;-5;-0.0049;0.0003;-0.0012;-0.0078;-0.0010;-0.0157;-0.0000;10410
1048.5;-0.0005;0.0000;-0.0055;-0.1909;5;-7;-0.0049;0.0003;-0.0012;-0.0078;-0.0010;-0.0157;-0.0000;10410
1049.0;-0.0005;0.0000;-0.0110;-0.2074;5;-7;-0.0049;0.0003;-0.0012;-0.0088;-0.0010;-0.0157;-0.0000;10410
1049.5;-0.0005;0.0000;-0.0069;-0.2253;5;-7;-0.0049;0.0003;-0.0012;-0.0098;-0.0010;-0.0157;-0.0000;10410
1050.0;-0.0005;0.0000;0.0000;-0.2445;5;-7;-0.0049;0.0003;-0.0012;-0.0108;-0.0010;-0.0196;-0.0000;10410
1050.5;-0.0005;0.0000;0.0000;-0.2637;7;-7;-0.0049;0.0003;-0.0012;-0.0117;-0.0010;-0.0196;-0.0000;10410
1051.0;-0.0005;0.0000;-0.0110;-0.2843;7;-9;-0.0049;0.0003;-0.0012;-0.0117;-0.0010;-0.0196;-0.0000;10410
1051.5;-0.0005;0.0000;0.0000;-0.3049;7;-9;-0.0049;0.0003;-0.0012;-0.0137;-0.0010;-0.0196;-0.0000;10410
1052.0;-0.0005;0.0000;-0.0014;-0.3269;7;-9;-0.0049;0.0003;-0.0012;-0.0147;-0.0010;-0.0196;-0.0000;10410
1052.5;-0.0005;0.0000;0.0014;-0.3489;7;-9;-0.0049;0.0003;-0.0012;-0.0156;-0.0010;-0.0196;-0.0000;10410
1053.0;-0.0005;0.0000;0.0014;-0.3723;9;-9;-0.0049;0.0003;-0.0012;-0.0166;-0.0010;-0.0235;-0.0000;10410
1053.5;-0.0005;0.0000;-0.0014;-0.3970;9;-11;-0.0049;0.0003;-0.0012;-0.0166;-0.0010;-0.0235;-0.0000;10410
1054.0;-0.0005;0.0000;-0.0082;-0.4217;9;-11;-0.0049;0.0003;-0.0012;-0.0176;-0.0020;-0.0235;-0.0000;10410
1054.5;-0.0005;0.0000;-0.0055;-0.4464;9;-11;-0.0049;0.0003;-0.0012;-0.0186;-0.0020;-0.0235;-0.0000;10410
1055.0;-0.0005;0.0000;0.0000;-0.4725;9;-11;-0.0049;0.0003;-0.0012;-0.0205;-0.0020;-0.0235;-0.0000;10410
1055.5;-0.0005;0.0000;-0.0069;-0.5000;11;-13;-0.0049;0.0003;-0.0012;-0.0215;-0.0020;-0.0275;-0.0000;10410
1056.0;-0.0005;0.0000;0.0027;-0.5275;11;-13;-0.0049;0.0003;-0.0012;-0.0225;-0.0020;-0.0275;-0.0000;10410
1056.5;-0.0005;0.0000;0.0014;-0.5563;11;-13;-0.0049;0.0003;-0.0012;-0.0235;-0.0020;-0.0275;-0.0000;10410
1057.0;-0.0005;0.0000;0.0082;-0.5852;11;-13;-0.0049;-0.0012;-0.0012;-0.0254;-0.0020;-0.0275;-0.0000;10410
1057.5;-0.0005;0.0000;0.0014;-0.6154;13;-15;-0.0049;-0.0012;-0.0012;-0.0264;-0.0020;-0.0275;-0.0000;10410
1058.0;-0.0005;0.0000;0.0055;-0.6470;13;-15;-0.0049;-0.0012;-0.0012;-0.0283;-0.0020;-0.0275;-0.0000;10410
1058.5;-0.0005;0.0000;0.0137;-0.6786;13;-15;-0.0049;-0.0012;-0.0012;-0.0293;-0.0029;-0.0314;-0.0000;10410
1059.0;-0.0005;0.0000;0.0069;-0.7102;15;-15;-0.0049;-0.0012;-0.0012;-0.0303;-0.0029;-0.0314;-0.0000;10410
1059.5;-0.0005;0.0000;-0.0027;-0.7431;15;-17;-0.0049;-0.0012;-0.0012;-0.0313;-0.0029;-0.0314;-0.0000;10410
1060.0;-0.0005;0.0000;0.0055;-0.7775;15;-17;-0.0049;-0.0012;-0.0012;-0.0332;-0.0029;-0.0314;-0.0000;10410
1060.5;-0.0005;0.0000;0.0027;-0.8118;15;-17;-0.0049;-0.0012;-0.0012;-0.0342;-0.0029;-0.0314;-0.0000;10410
1061.0;-0.0005;0.0000;0.0000;-0.8462;17;-19;-0.0049;-0.0012;-0.0012;-0.0362;-0.0029;-0.0353;-0.0000;10410
1061.5;-0.0005;0.0000;-0.0041;-0.8832;17;-19;-0.0049;-0.0012;-0.0012;-0.0371;-0.0039;-0.0353;-0.0000;10410
1062.0;-0.0005;0.0000;-0.0069;-0.9190;17;-19;-0.0049;-0.0012;-0.0012;-0.0391;-0.0039;-0.0353;-0.0000;10410
1062.5;-0.0005;0.0000;-0.0082;-0.9574;17;-19;-0.0049;-0.0012;-0.0012;-0.0401;-0.0039;-0.0353;-0.0000;10410
1063.0;-0.0005;0.0000;-0.0165;-0.9945;19;-21;-0.0049;-0.0012;-0.0012;-0.0420;-0.0039;-0.0353;-0.0000;10410
1063.5;-0.0005;0.0000;-0.0165;-1.0343;19;-21;-0.0049;-0.0012;-0.0012;-0.0430;-0.0039;-0.0392;-0.0000;10410
1064.0;-0.0005;0.0000;-0.0151;-1.0742;19;-21;-0.0049;-0.0012;-0.0012;-0.0450;-0.0049;-0.0392;-0.0000;10410
1064.5;-0.0005;0.0000;-0.0055;-1.1140;21;-22;-0.0049;-0.0012;-0.0012;-0.0469;-0.0049;-0.0392;-0.0000;10410
1065.0;-0.0005;0.0000;0.0000;-1.1552;21;-22;-0.0049;-0.0012;-0.0012;-0.0489;-0.0049;-0.0392;-0.0000;10410
1065.5;-0.0005;0.0000;0.0027;-1.1978;21;-22;-0.0049;-0.0012;-0.0012;-0.0508;-0.0049;-0.0392;-0.0000;10410
1066.0;-0.0005;0.0000;-0.0055;-1.2404;22;-24;-0.0049;-0.0012;-0.0012;-0.0528;-0.0059;-0.0392;-0.0000;10410
1066.5;-0.0005;0.0000;-0.0014;-1.2843;22;-24;-0.0049;-0.0012;-0.0012;-0.0547;-0.0059;-0.0431;-0.0000;10410
1067.0;-0.0005;0.0000;-0.0041;-1.3283;22;-24;-0.0049;-0.0012;-0.0012;-0.0557;-0.0059;-0.0431;-0.0000;10410
1067.5;-0.0005;0.0000;-0.0041;-1.3736;24;-26;-0.0049;-0.0012;-0.0012;-0.0577;-0.0068;-0.0431;-0.0000;10410
1068.0;-0.0005;0.0000;-0.0055;-1.4190;24;-26;-0.0049;-0.0012;-0.0012;-0.0596;-0.0068;-0.0431;-0.0000;10410
1068.5;-0.0005;0.0000;-0.0014;-1.4657;26;-28;-0.0049;-0.0012;-0.0012;-0.0616;-0.0068;-0.0431;-0.0000;10410
1069.0;-0.0005;0.0000;0.0000;-1.5124;26;-28;-0.0049;-0.0012;-0.0012;-0.0645;-0.0078;-0.0471;-0.0000;10410
1069.5;-0.0005;0.0000;0.0014;-1.5604;26;-28;-0.0049;-0.0012;-0.0012;-0.0665;-0.0078;-0.0471;-0.0000;10410
1070.0;-0.0005;0.0000;0.0014;-1.6099;28;-30;-0.0049;-0.0012;-0.0012;-0.0684;-0.0078;-0.0471;-0.0000;10410
1070.5;-0.0005;0.0000;0.0014;-1.6593;28;-30;-0.0049;-0.0012;-0.0012;-0.0704;-0.0088;-0.0471;-0.0000;10410
1071.0;-0.0005;0.0000;0.0014;-1.7088;30;-30;-0.0049;-0.0012;-0.0012;-0.0723;-0.0088;-0.0471;-0.0000;10410
1071.5;-0.0005;0.0000;0.0096;-1.7596;30;-32;-0.0049;-0.0012;-0.0012;-0.0753;-0.0088;-0.0510;-0.0000;10410
1072.0;-0.0005;0.0000;0.0000;-1.8118;30;-32;-0.0049;-0.0012;-0.0012;-0.0762;-0.0098;-0.0510;-0.0000;10410
1072.5;-0.0005;0.0000;-0.0014;-1.8640;32;-34;-0.0049;-0.0012;-0.0012;-0.0792;-0.0098;-0.0510;-0.0000;10410
1073.0;-0.0005;0.0000;-0.0014;-1.9176;32;-34;-0.0049;-0.0012;-0.0012;-0.0811;-0.0108;-0.0510;-0.0000;10410
1073.5;-0.0005;0.0000;-0.0041;-1.9712;34;-36;-0.0049;-0.0012;-0.0012;-0.0831;-0.0108;-0.0549;-0.0000;10410
1074.0;-0.0005;0.0000;-0.0110;-2.0261;34;-36;-0.0049;-0.0012;-0.0012;-0.0850;-0.0108;-0.0549;-0.0000;10410
1074.5;-0.0005;0.0000;-0.0069;-2.0824;34;-36;-0.0049;-0.0012;-0.0012;-0.0880;-0.0117;-0.0549;-0.0000;10410
1075.0;-0.0005;0.0000;0.0055;-2.1387;36;-38;-0.0049;-0.0012;-0.0012;-0.0909;-0.0117;-0.0549;-0.0000;10410
1075.5;-0.0005;0.0000;-0.0137;-2.1951;36;-38;-0.0049;-0.0012;-0.0012;-0.0919;-0.0127;-0.0549;-0.0000;10410
1076.0;-0.0005;0.0000;-0.0151;-2.2527;38;-40;-0.0049;-0.0012;-0.0012;-0.0948;-0.0127;-0.0588;-0.0000;10410
1076.5;-0.0005;0.0000;-0.0275;-2.3118;38;-40;-0.0049;-0.0012;-0.0012;-0.0968;-0.0137;-0.0588;-0.0000;10410
1077.0;-0.0005;0.0000;-0.0288;-2.3709;40;-40;-0.0049;-0.0012;-0.0012;-0.0987;-0.0137;-0.0588;-0.0000;10410
1077.5;-0.0005;0.0000;-0.0398;-2.4313;40;-42;-0.0049;-0.0012;-0.0012;-0.1007;-0.0147;-0.0588;-0.0000;10410
1078.0;-0.0005;0.0000;-0.0385;-2.4918;40;-42;-0.0049;-0.0012;-0.0012;-0.1036;-0.0147;-0.0588;-0.0000;10410
1078.5;-0.0005;0.0000;-0.0549;-2.5536;42;-44;-0.0049;-0.0012;-0.0012;-0.1056;-0.0156;-0.0627;-0.0000;10410
1079.0;-0.0005;0.0000;-0.0879;-2.6154;44;-46;-0.0049;-0.0012;-0.0012;-0.1065;-0.0156;-0.0627;-0.0000;10410
1079.5;-0.0005;0.0000;-0.1305;-2.6786;44;-46;-0.0049;-0.0012;-0.0012;-0.1075;-0.0166;-0.0627;-0.0000;10359
1080.0;-0.0005;0.0000;-0.1772;-2.7418;44;-46;0.0049;-0.0012;-0.0012;-0.1085;-0.0166;-0.0627;-0.0000;10359
1080.5;-0.0005;0.0000;-0.2294;-2.8063;44;-46;0.0049;-0.0012;-0.0012;-0.1085;-0.0176;-0.0667;-0.0000;10359
1081.0;-0.0005;0.0000;-0.3118;-2.8723;44;-46;0.0049;-0.0012;-0.0012;-0.1075;-0.0186;-0.0667;-0.0000;10359
1081.5;-0.0005;0.0000;-0.3585;-2.9382;46;-48;0.0049;-0.0012;-0.0012;-0.1085;-0.0186;-0.0667;-0.0000;10359
1082.0;0.0005;0.0000;-0.4299;-3.0041;46;-48;-0.0733;-0.0026;-0.0012;-0.1085;-0.0196;-0.0667;-0.0000;10359
1082.5;0.0009;0.0000;-0.4986;-3.0714;44;-50;0.0147;-0.0041;-0.0012;-0.1085;-0.0196;-0.0667;-0.0000;10359
1083.0;0.0014;0.0000;-0.5577;-3.1401;44;-50;0.0147;-0.0041;-0.0012;-0.1085;-0.0205;-0.0706;-0.0000;10359
1083.5;0.0014;0.0000;-0.6058;-3.2088;46;-50;0.0147;-0.0056;-0.0012;-0.1095;-0.0205;-0.0706;-0.0000;10359
1084.0;0.0009;0.0000;-0.6717;-3.2788;46;-50;-0.0635;-0.0026;-0.0012;-0.1105;-0.0215;-0.0706;-0.0000;10359
1084.5;0.0009;0.0000;-0.7500;-3.3489;48;-52;-0.0635;-0.0041;-0.0012;-0.1095;-0.0215;-0.0706;-0.0000;10359
1085.0;0.0014;0.0000;-0.8132;-3.4203;48;-52;0.0244;-0.0041;-0.0012;-0.1105;-0.0225;-0.0745;-0.0000;10359
1085.5;0.0009;0.0000;-0.8956;-3.4931;48;-52;-0.0538;-0.0026;-0.0012;-0.1095;-0.0235;-0.0745;-0.0000;10359
1086.0;0.0005;0.0000;-0.9464;-3.5659;50;-52;0.0244;-0.0026;-0.0012;-0.1105;-0.0235;-0.0745;-0.0000;10359
1086.5;0.0000;0.0000;-1.0247;-3.6387;50;-52;0.0342;-0.0012;-0.0012;-0.1105;-0.0244;-0.0745;-0.0000;10359
1087.0;0.0005;0.0000;-1.0920;-3.7129;50;-52;-0.0440;-0.0026;-0.0012;-0.1105;-0.0244;-0.0745;-0.0000;10359
1087.5;0.0000;0.0000;-1.1799;-3.7885;50;-54;-0.0440;-0.0012;-0.0012;-0.1105;-0.0254;-0.0784;-0.0000;10359
1088.0;0.0005;0.0000;-1.2651;-3.8626;50;-54;-0.0440;-0.0026;-0.0012;-0.1095;-0.0254;-0.0784;-0.0000;10359
1088.5;0.0009;0.0000;-1.3571;-3.9382;50;-54;0.0440;-0.0041;-0.0012;-0.1085;-0.0264;-0.0784;-0.0000;10359
1089.0;0.0005;0.0000;-1.4341;-4.0137;50;-54;-0.0342;-0.0026;-0.0012;-0.1085;-0.0264;-0.0784;-0.0000;10359
1089.5;0.0009;0.0000;-1.5343;-4.0879;50;-54;-0.0342;-0.0041;-0.0012;-0.1075;-0.0274;-0.0784;-0.0000;10359
1090.0;0.0009;0.0000;-1.6126;-4.1635;50;-54;0.0538;-0.0041;-0.0012;-0.1075;-0.0283;-0.0784;-0.0000;10359
1090.5;0.0005;0.0000;-1.6951;-4.2376;52;-54;-0.0244;-0.0026;-0.0012;-0.1075;-0.0283;-0.0784;-0.0000;10308
1091.0;0.0009;0.0000;-1.7761;-4.3132;52;-54;-0.0244;-0.0041;-0.0012;-0.1065;-0.0293;-0.0784;-0.0000;10308
1091.5;0.0009;0.0000;-1.8599;-4.3887;52;-56;-0.1026;-0.0041;-0.0012;-0.1065;-0.0293;-0.0784;-0.0000;10359
1092.0;0.0014;0.0000;-1.9451;-4.4629;52;-56;0.0635;-0.0041;-0.0012;-0.1065;-0.0303;-0.0784;-0.0000;10308
1092.5;0.0018;0.0000;-2.0179;-4.5385;52;-58;-0.0147;-0.0070;-0.0012;-0.1065;-0.0303;-0.0784;-0.0000;10308
1093.0;0.0018;0.0000;-2.0907;-4.6126;52;-58;-0.0147;-0.0056;-0.0012;-0.1065;-0.0313;-0.0824;-0.0000;10359
1093.5;0.0023;0.0000;-2.1593;-4.6882;52;-58;-0.0147;-0.0070;-0.0012;-0.1065;-0.0313;-0.0824;-0.0000;10308
1094.0;0.0018;0.0000;-2.2527;-4.7637;52;-58;-0.0049;-0.0070;-0.0012;-0.1056;-0.0323;-0.0824;-0.0000;10359
1094.5;0.0018;0.0000;-2.3420;-4.8379;52;-58;0.0733;-0.0056;-0.0012;-0.1056;-0.0323;-0.0824;-0.0000;10308
1095.0;0.0014;0.0000;-2.4203;-4.9135;54;-58;-0.0831;-0.0056;-0.0012;-0.1056;-0.0332;-0.0824;-0.0000;10308
1095.5;0.0014;0.0000;-2.4986;-4.9876;54;-58;0.0831;-0.0056;-0.0012;-0.1046;-0.0342;-0.0824;-0.0000;10308
1096.0;0.0014;0.0000;-2.5769;-5.0632;54;-58;-0.0733;-0.0041;-0.0012;-0.1046;-0.0342;-0.0824;-0.0000;10308
1096.5;0.0014;0.0000;-2.6456;-5.1387;56;-58;-0.0733;-0.0041;-0.0012;-0.1056;-0.0352;-0.0824;-0.0000;10308
1097.0;0.0005;0.0000;-2.7143;-5.2129;56;-58;0.0049;-0.0026;-0.0012;-0.1056;-0.0352;-0.0824;-0.0000;10308
1097.5;0.0005;0.0000;-2.7940;-5.2885;56;-58;0.0147;-0.0026;-0.0012;-0.1056;-0.0362;-0.0824;-0.0000;10308
1098.0;0.0005;0.0000;-2.8750;-5.3626;56;-58;-0.0635;-0.0026;-0.0012;-0.1046;-0.0362;-0.0824;-0.0000;10308
1098.5;0.0009;0.0000;-2.9492;-5.4382;56;-60;-0.0635;-0.0026;-0.0012;-0.1046;-0.0371;-0.0824;-0.0000;10308
1099.0;0.0000;0.0000;-3.0247;-5.5137;58;-60;0.0147;-0.0012;-0.0012;-0.1046;-0.0371;-0.0824;-0.0000;10308
1099.5;0.0005;0.0000;-3.1113;-5.5879;58;-60;0.0244;-0.0026;-0.0012;-0.1046;-0.0381;-0.0824;-0.0000;10308
1100.0;0.0014;0.0000;-3.1868;-5.6635;56;-60;0.0244;-0.0041;-0.0012;-0.1046;-0.0381;-0.0863;-0.0000;10308
1100.5;0.0018;0.0000;-3.2665;-5.7376;56;-62;-0.0538;-0.0056;-0.0012;-0.1046;-0.0391;-0.0863;-0.0000;10308
1101.0;0.0023;0.0000;-3.3462;-5.8132;56;-62;-0.0440;-0.0070;-0.0012;-0.1036;-0.0391;-0.0863;-0.0000;10308
1101.5;0.0023;0.0000;-3.4354;-5.8887;56;-64;-0.0440;-0.0070;-0.0012;-0.1036;-0.0401;-0.0863;-0.0000;10308
1102.0;0.0018;0.0000;-3.5426;-5.9629;56;-62;0.0342;-0.0056;-0.0012;-0.1026;-0.0401;-0.0863;-0.0000;10308
1102.5;0.0014;0.0000;-3.6223;-6.0385;58;-62;-0.0440;-0.0041;-0.0012;-0.1017;-0.0411;-0.0863;-0.0000;10308
1103.0;0.0018;0.0000;-3.7253;-6.1126;58;-62;0.0440;-0.0056;-0.0012;-0.1007;-0.0411;-0.0863;-0.0000;10308
1103.5;0.0027;0.0000;-3.8228;-6.1882;56;-64;0.0440;-0.0085;-0.0012;-0.0997;-0.0420;-0.0863;-0.0000;10308
1104.0;0.0037;0.0000;-3.9409;-6.2637;56;-64;-0.0342;-0.0100;-0.0012;-0.0978;-0.0420;-0.0863;-0.0000;10308
1104.5;0.0041;0.0000;-4.0412;-6.3379;54;-64;-0.0244;-0.0114;-0.0012;-0.0968;-0.0430;-0.0863;-0.0000;10308
1105.0;0.0041;0.0000;-4.1676;-6.4135;54;-64;-0.1026;-0.0114;-0.0012;-0.0948;-0.0430;-0.0863;-0.0000;10256
1105.5;0.0041;0.0000;-4.2885;-6.4876;54;-64;-0.0147;-0.0114;-0.0012;-0.0929;-0.0440;-0.0863;-0.0000;10308
1106.0;0.0041;0.0000;-4.3805;-6.5632;54;-64;-0.0147;-0.0114;-0.0012;-0.0919;-0.0440;-0.0863;-0.0000;10308
1106.5;0.0050;0.0000;-4.4643;-6.6387;54;-65;0.0733;-0.0144;-0.0012;-0.0919;-0.0450;-0.0902;-0.0000;10308
1107.0;0.0046;0.0000;-4.5453;-6.7129;54;-65;-0.0831;-0.0129;-0.0012;-0.0919;-0.0450;-0.0902;-0.0000;10308
1107.5;0.0046;0.0000;-4.6264;-6.7885;56;-65;-0.0049;-0.0129;-0.0012;-0.0909;-0.0459;-0.0902;-0.0000;10256
1108.0;0.0046;0.0000;-4.6813;-6.8626;56;-65;-0.0049;-0.0129;-0.0012;-0.0919;-0.0459;-0.0902;-0.0000;10308
1108.5;0.0041;0.0000;-4.7486;-6.9382;58;-65;-0.0049;-0.0114;-0.0012;-0.0929;-0.0469;-0.0902;-0.0000;10308
1109.0;0.0041;0.0000;-4.8228;-7.0137;58;-65;-0.1613;-0.0114;-0.0012;-0.0929;-0.0469;-0.0902;-0.0000;10256
1109.5;0.0041;0.0000;-4.9093;-7.0879;58;-65;0.0049;-0.0114;-0.0012;-0.0919;-0.0479;-0.0902;-0.0000;10308
1110.0;0.0037;0.0000;-4.9821;-7.1635;60;-65;0.0147;-0.0114;-0.0012;-0.0919;-0.0479;-0.0902;-0.0000;10308
1110.5;0.0037;0.0000;-5.0948;-7.2376;60;-65;0.0049;-0.0100;-0.0012;-0.0909;-0.0489;-0.0902;-0.0000;10256
1111.0;0.0037;0.0000;-5.2349;-7.3118;60;-65;-0.1515;-0.0100;-0.0012;-0.0880;-0.0489;-0.0902;-0.0000;10308
1111.5;0.0037;0.0000;-5.3475;-7.3860;58;-65;0.0244;-0.0100;-0.0026;-0.0860;-0.0489;-0.0902;-0.0000;10308
1112.0;0.0032;0.0000;-5.4657;-7.4588;58;-64;0.0244;-0.0100;-0.0026;-0.0841;-0.0499;-0.0902;-0.0000;10256
1112.5;0.0032;0.0000;-5.5838;-7.5302;58;-64;-0.1320;-0.0100;-0.0026;-0.0821;-0.0499;-0.0902;-0.0000;10308
1113.0;0.0032;0.0000;-5.6923;-7.6016;58;-64;0.0244;-0.0085;-0.0026;-0.0811;-0.0508;-0.0902;-0.0000;10308
1113.5;0.0032;0.0000;-5.7775;-7.6731;58;-64;0.0342;-0.0085;-0.0026;-0.0802;-0.0508;-0.0902;-0.0000;10256
1114.0;0.0027;0.0000;-5.8448;-7.7418;58;-64;-0.1222;-0.0085;-0.0026;-0.0802;-0.0518;-0.0902;-0.0000;10308
1114.5;0.0027;0.0000;-5.8887;-7.8118;60;-64;0.0440;-0.0085;-0.0026;-0.0811;-0.0518;-0.0902;-0.0000;10256
1115.0;0.0018;0.0000;-5.9423;-7.8791;60;-64;-0.0440;-0.0070;-0.0026;-0.0821;-0.0518;-0.0863;-0.0000;10256
1115.5;0.0023;0.0000;-5.9849;-7.9464;60;-64;-0.0440;-0.0070;-0.0026;-0.0831;-0.0528;-0.0863;-0.0000;10308
1116.0;0.0023;0.0000;-6.0659;-8.0137;62;-65;-0.1124;-0.0070;-0.0026;-0.0821;-0.0528;-0.0863;-0.0000;10256
1116.5;0.0023;0.0000;-6.1703;-8.0797;60;-65;0.0440;-0.0070;-0.0026;-0.0811;-0.0538;-0.0863;-0.0000;10308
1117.0;0.0023;0.0000;-6.2816;-8.1456;60;-65;-0.1124;-0.0070;-0.0026;-0.0792;-0.0538;-0.0863;-0.0000;10256
1117.5;0.0023;0.0000;-6.4038;-8.2088;60;-64;0.0538;-0.0070;-0.0026;-0.0762;-0.0538;-0.0863;-0.0000;10256
1118.0;0.0023;0.0000;-6.5110;-8.2734;60;-64;-0.1026;-0.0070;-0.0026;-0.0743;-0.0547;-0.0863;-0.0000;10308
1118.5;0.0023;0.0000;-6.6085;-8.3365;58;-64;0.0635;-0.0070;-0.0026;-0.0733;-0.0547;-0.0863;-0.0000;10308
1119.0;0.0023;0.0000;-6.6690;-8.3984;60;-64;-0.0929;-0.0070;-0.0026;-0.0733;-0.0557;-0.0863;-0.0000;10256
1119.5;0.0023;0.0000;-6.7308;-8.4602;58;-64;0.0635;-0.0070;-0.0026;-0.0733;-0.0557;-0.0863;-0.0000;10308
1120.0;0.0023;0.0000;-6.7885;-8.5206;60;-64;-0.0929;-0.0070;-0.0026;-0.0733;-0.0557;-0.0863;-0.0000;10308
1120.5;0.0018;0.0000;-6.8420;-8.5810;60;-64;-0.0831;-0.0070;-0.0026;-0.0733;-0.0567;-0.0824;-0.0000;10256
1121.0;0.0014;0.0000;-6.9011;-8.6401;60;-64;-0.0147;-0.0041;-0.0026;-0.0733;-0.0567;-0.0824;-0.0000;10308
1121.5;0.0005;0.0000;-6.9698;-8.6978;62;-62;0.0831;-0.0026;-0.0026;-0.0733;-0.0567;-0.0824;-0.0000;10256
1122.0;0.0005;0.0000;-7.0494;-8.7555;62;-62;-0.0929;-0.0026;-0.0026;-0.0723;-0.0577;-0.0824;-0.0000;10256
1122.5;-0.0009;0.0000;-7.1209;-8.8132;62;-62;0.0049;0.0003;-0.0026;-0.0714;-0.0577;-0.0824;-0.0000;10308
1123.0;-0.0009;0.0000;-7.1923;-8.8695;62;-62;0.0049;0.0003;-0.0026;-0.0714;-0.0577;-0.0824;-0.0000;10256
1123.5;-0.0005;0.0000;-7.2390;-8.9244;62;-62;-0.0733;0.0003;-0.0026;-0.0714;-0.0587;-0.0824;-0.0000;10308
1124.0;-0.0005;0.0000;-7.2940;-8.9794;62;-62;-0.0733;0.0003;-0.0026;-0.0714;-0.0587;-0.0824;-0.0000;10308
1124.5;-0.0005;0.0000;-7.3503;-9.0343;62;-62;0.0831;0.0003;-0.0026;-0.0714;-0.0596;-0.0824;-0.0000;10256
1125.0;-0.0005;0.0000;-7.4011;-9.0865;62;-64;-0.0635;0.0003;-0.0026;-0.0714;-0.0596;-0.0824;-0.0000;10308
1125.5;-0.0005;0.0000;-7.4835;-9.1401;62;-64;-0.0733;0.0003;-0.0026;-0.0704;-0.0596;-0.0824;-0.0000;10308
1126.0;-0.0005;0.0000;-7.5604;-9.1909;62;-64;-0.0635;0.0003;-0.0026;-0.0694;-0.0606;-0.0784;-0.0000;10256
1126.5;-0.0014;0.0000;-7.6593;-9.2418;62;-62;-0.0635;0.0018;-0.0026;-0.0665;-0.0606;-0.0784;-0.0000;10308
1127.0;-0.0018;0.0000;-7.7321;-9.2926;62;-60;0.1026;0.0032;-0.0026;-0.0665;-0.0606;-0.0784;-0.0000;10308
1127.5;-0.0023;0.0000;-7.8063;-9.3420;62;-60;-0.0538;0.0047;-0.0026;-0.0645;-0.0616;-0.0784;-0.0000;10256
1128.0;-0.0023;0.0000;-7.8585;-9.3901;62;-60;-0.0538;0.0047;-0.0026;-0.0645;-0.0616;-0.0784;-0.0000;10308
1128.5;-0.0023;0.0000;-7.8984;-9.4382;62;-60;-0.0538;0.0047;-0.0026;-0.0655;-0.0616;-0.0784;-0.0000;10308
1129.0;-0.0023;0.0000;-7.9451;-9.4863;64;-62;-0.0538;0.0047;-0.0026;-0.0655;-0.0626;-0.0784;-0.0000;10256
1129.5;-0.0027;0.0000;-8.0041;-9.5330;62;-62;-0.0440;0.0047;-0.0026;-0.0645;-0.0626;-0.0784;-0.0000;10308
1130.0;-0.0027;0.0000;-8.0879;-9.5783;62;-62;-0.0538;0.0047;-0.0026;-0.0635;-0.0626;-0.0784;-0.0000;10256
1130.5;-0.0027;0.0000;-8.1332;-9.6236;62;-62;-0.0342;0.0047;-0.0026;-0.0635;-0.0635;-0.0745;-0.0000;10308
1131.0;-0.0018;0.0000;-8.2074;-9.6676;62;-62;0.0342;0.0032;-0.0026;-0.0616;-0.0635;-0.0745;-0.0000;10308
1131.5;-0.0014;0.0000;-8.2624;-9.7115;60;-62;-0.0440;0.0018;-0.0026;-0.0616;-0.0635;-0.0745;-0.0000;10256
1132.0;-0.0009;0.0000;-8.3201;-9.7541;60;-62;-0.0342;0.0003;-0.0026;-0.0606;-0.0645;-0.0745;-0.0000;10308
1132.5;-0.0005;0.0000;-8.3503;-9.7953;60;-64;-0.0342;0.0003;-0.0026;-0.0616;-0.0645;-0.0745;-0.0000;10308
1133.0;-0.0005;0.0000;-8.4190;-9.8365;60;-64;-0.0342;0.0003;-0.0026;-0.0596;-0.0645;-0.0745;-0.0000;10308
1133.5;0.0005;0.0000;-8.4780;-9.8777;58;-64;0.0440;-0.0026;-0.0026;-0.0596;-0.0645;-0.0745;-0.0000;10308
1134.0;0.0018;0.0000;-8.5357;-9.9176;56;-64;-0.0342;-0.0056;-0.0026;-0.0587;-0.0655;-0.0745;-0.0000;10308
1134.5;0.0027;0.0000;-8.5769;-9.9560;56;-65;-0.0342;-0.0085;-0.0026;-0.0587;-0.0655;-0.0745;-0.0000;10308
1135.0;0.0032;0.0000;-8.6140;-9.9945;54;-65;-0.0244;-0.0100;-0.0026;-0.0587;-0.0655;-0.0706;-0.0000;10308
1135.5;0.0037;0.0000;-8.6593;-10.0316;54;-65;-0.0342;-0.0100;-0.0026;-0.0577;-0.0665;-0.0706;-0.0000;10308
1136.0;0.0037;0.0000;-8.6813;-10.0687;56;-67;-0.0244;-0.0114;-0.0026;-0.0587;-0.0665;-0.0706;-0.0000;10308
1136.5;0.0041;0.0000;-8.7170;-10.1044;56;-65;-0.0244;-0.0114;-0.0026;-0.0587;-0.0665;-0.0706;-0.0000;10308
1137.0;0.0041;0.0000;-8.7569;-10.1401;56;-65;-0.0147;-0.0114;-0.0026;-0.0587;-0.0674;-0.0706;-0.0000;10308
1137.5;0.0046;0.0000;-8.8214;-10.1744;54;-65;0.0538;-0.0129;-0.0026;-0.0577;-0.0674;-0.0706;-0.0000;10308
1138.0;0.0050;0.0000;-8.8626;-10.2088;54;-65;-0.0244;-0.0144;-0.0026;-0.0567;-0.0674;-0.0706;-0.0000;10308
1138.5;0.0055;0.0000;-8.9231;-10.2418;54;-65;-0.0147;-0.0144;-0.0026;-0.0557;-0.0674;-0.0706;-0.0000;10308
1139.0;0.0055;0.0000;-8.9808;-10.2734;54;-65;-0.0147;-0.0158;-0.0026;-0.0547;-0.0684;-0.0706;-0.0000;10308
1139.5;0.0055;0.0000;-9.0124;-10.3049;54;-65;-0.0049;-0.0158;-0.0026;-0.0547;-0.0684;-0.0667;-0.0000;10308
1140.0;0.0055;0.0000;-9.0536;-10.3352;54;-65;-0.0244;-0.0158;-0.0026;-0.0547;-0.0684;-0.0667;-0.0000;10308
1140.5;0.0055;0.0000;-9.0783;-10.3654;54;-65;-0.0147;-0.0158;-0.0026;-0.0547;-0.0684;-0.0667;-0.0000;10308
1141.0;0.0046;0.0000;-9.1071;-10.3956;56;-65;-0.0929;-0.0129;-0.0026;-0.0547;-0.0694;-0.0667;-0.0000;10308
1141.5;0.0041;0.0000;-9.0989;-10.4231;56;-64;-0.0049;-0.0114;-0.0026;-0.0557;-0.0694;-0.0667;-0.0000;10308
1142.0;0.0037;0.0000;-9.1099;-10.4505;58;-64;-0.0147;-0.0100;-0.0026;-0.0567;-0.0694;-0.0667;-0.0000;10308
1142.5;0.0032;0.0000;-9.1071;-10.4780;58;-64;-0.0147;-0.0100;-0.0026;-0.0577;-0.0704;-0.0667;-0.0000;10308
1143.0;0.0023;0.0000;-9.1332;-10.5041;60;-64;-0.0929;-0.0070;-0.0026;-0.0577;-0.0704;-0.0667;-0.0000;10308
1143.5;0.0009;0.0000;-9.1552;-10.5302;60;-62;0.0733;-0.0041;-0.0026;-0.0587;-0.0704;-0.0627;-0.0000;10308
1144.0;0.0000;0.0000;-9.1744;-10.5549;62;-60;0.0049;-0.0012;-0.0026;-0.0587;-0.0714;-0.0627;-0.0000;10256
1144.5;-0.0009;0.0000;-9.2102;-10.5783;62;-60;-0.0147;0.0003;-0.0026;-0.0577;-0.0714;-0.0627;-0.0000;10308
1145.0;-0.0014;0.0000;-9.2486;-10.6016;62;-60;-0.0049;0.0018;-0.0026;-0.0577;-0.0714;-0.0627;-0.0000;10308
1145.5;-0.0023;0.0000;-9.2857;-10.6250;64;-58;-0.0831;0.0047;-0.0026;-0.0567;-0.0714;-0.0627;-0.0000;10308
1146.0;-0.0027;0.0000;-9.3104;-10.6456;64;-58;0.0049;0.0062;-0.0026;-0.0567;-0.0723;-0.0627;-0.0000;10308
1146.5;-0.0032;0.0000;-9.3668;-10.6676;64;-58;-0.0049;0.0076;-0.0026;-0.0547;-0.0723;-0.0627;-0.0000;10308
1147.0;-0.0037;0.0000;-9.4121;-10.6868;64;-56;-0.0049;0.0076;-0.0026;-0.0538;-0.0723;-0.0627;-0.0000;10308
1147.5;-0.0037;0.0000;-9.4670;-10.7074;62;-56;0.0049;0.0076;-0.0026;-0.0528;-0.0733;-0.0588;-0.0000;10308
1148.0;-0.0032;0.0000;-9.4821;-10.7253;62;-58;-0.0831;0.0062;-0.0026;-0.0528;-0.0733;-0.0588;-0.0000;10308
1148.5;-0.0032;0.0000;-9.5014;-10.7431;62;-58;-0.0733;0.0076;-0.0026;-0.0528;-0.0733;-0.0588;-0.0000;10308
1149.0;-0.0037;0.0000;-9.5275;-10.7610;62;-58;-0.0049;0.0076;-0.0026;-0.0518;-0.0733;-0.0588;-0.0000;10308
1149.5;-0.0027;0.0000;-9.5467;-10.7775;60;-60;-0.0733;0.0062;-0.0026;-0.0518;-0.0743;-0.0588;-0.0000;10308
1150.0;-0.0023;0.0000;-9.5783;-10.7926;60;-60;0.0147;0.0047;-0.0026;-0.0518;-0.0743;-0.0588;-0.0000;10308
1150.5;-0.0027;0.0000;-9.6195;-10.8077;60;-60;-0.0733;0.0062;-0.0026;-0.0508;-0.0743;-0.0588;-0.0000;10308
1151.0;-0.0032;0.0000;-9.6813;-10.8228;60;-58;0.0049;0.0062;-0.0026;-0.0489;-0.0743;-0.0549;-0.0000;10308
1151.5;-0.0032;0.0000;-9.7060;-10.8365;60;-58;0.0049;0.0062;-0.0026;-0.0479;-0.0753;-0.0549;-0.0000;10308
1152.0;-0.0032;0.0000;-9.7527;-10.8489;58;-58;0.0147;0.0076;-0.0026;-0.0469;-0.0753;-0.0549;-0.0000;10308
1152.5;-0.0032;0.0000;-9.7857;-10.8613;60;-58;-0.1515;0.0076;-0.0026;-0.0459;-0.0753;-0.0549;-0.0000;10308
1153.0;-0.0027;0.0000;-9.8324;-10.8723;58;-58;0.0147;0.0047;-0.0026;-0.0440;-0.0753;-0.0549;-0.0000;10308
1153.5;-0.0023;0.0000;-9.8764;-10.8819;56;-58;0.0147;0.0032;-0.0026;-0.0430;-0.0753;-0.0549;-0.0000;10308
1154.0;-0.0018;0.0000;-9.9203;-10.8929;56;-58;0.0147;0.0032;-0.0026;-0.0411;-0.0762;-0.0549;-0.0000;10308
1154.5;-0.0014;0.0000;-9.9505;-10.9011;54;-58;0.0244;0.0018;-0.0026;-0.0401;-0.0762;-0.0510;-0.0000;10308
1155.0;-0.0014;0.0000;-9.9766;-10.9093;54;-58;0.0244;0.0018;-0.0026;-0.0401;-0.0762;-0.0510;-0.0000;10359
1155.5;-0.0009;0.0000;-9.9876;-10.9176;54;-58;0.0147;0.0018;-0.0026;-0.0391;-0.0762;-0.0510;-0.0000;10308
1156.0;-0.0018;0.0000;-9.9547;-10.9231;56;-58;-0.0733;0.0032;-0.0026;-0.0411;-0.0762;-0.0510;-0.0000;10308
1156.5;-0.0014;0.0000;-9.9835;-10.9299;54;-56;-0.0635;0.0018;-0.0026;-0.0401;-0.0772;-0.0510;-0.0000;10308
1157.0;-0.0014;0.0000;-9.9670;-10.9354;54;-58;0.0147;0.0018;-0.0026;-0.0411;-0.0772;-0.0510;-0.0000;10308
1157.5;-0.0009;0.0000;-10.0110;-10.9396;54;-56;0.0244;0.0018;-0.0026;-0.0391;-0.0772;-0.0510;-0.0000;10359
1158.0;-0.0009;0.0000;-10.0192;-10.9437;54;-56;0.0147;0.0018;-0.0026;-0.0391;-0.0772;-0.0471;-0.0000;10359
1158.5;0.0000;0.0000;-10.0234;-10.9464;54;-58;-0.0635;-0.0012;-0.0026;-0.0391;-0.0782;-0.0471;-0.0000;10308
1159.0;0.0005;0.0000;-10.0165;-10.9478;52;-58;0.0244;-0.0026;-0.0026;-0.0401;-0.0782;-0.0471;-0.0000;10359
1159.5;0.0000;0.0000;-10.0494;-10.9505;52;-58;-0.0538;-0.0012;-0.0026;-0.0381;-0.0782;-0.0471;-0.0000;10308
1160.0;-0.0005;0.0000;-10.1016;-10.9505;52;-56;0.0147;-0.0012;-0.0026;-0.0362;-0.0782;-0.0471;-0.0000;10308
1160.5;-0.0005;0.0000;-10.1236;-10.9505;52;-56;0.0244;0.0003;-0.0026;-0.0352;-0.0782;-0.0471;-0.0000;10359
1161.0;0.0000;0.0000;-10.1593;-10.9505;52;-56;-0.0538;-0.0012;-0.0026;-0.0342;-0.0782;-0.0471;-0.0000;10359
1161.5;0.0005;0.0000;-10.1580;-10.9505;50;-56;0.0244;-0.0026;-0.0026;-0.0342;-0.0792;-0.0471;-0.0000;10359
1162.0;0.0009;0.0000;-10.1758;-10.9505;50;-56;0.0244;-0.0041;-0.0026;-0.0332;-0.0792;-0.0471;-0.0000;10359
1162.5;0.0005;0.0000;-10.1635;-10.9505;52;-56;-0.0538;-0.0026;-0.0026;-0.0332;-0.0792;-0.0471;-0.0000;10359
1163.0;0.0000;0.0000;-10.1717;-10.9505;52;-56;0.0244;-0.0012;-0.0026;-0.0332;-0.0792;-0.0471;-0.0000;10359
1163.5;-0.0005;0.0000;-10.1648;-10.9505;52;-54;0.0342;-0.0012;-0.0026;-0.0332;-0.0792;-0.0471;-0.0000;10359
1164.0;-0.0005;0.0000;-10.1690;-10.9505;52;-54;0.0244;0.0003;-0.0026;-0.0332;-0.0792;-0.0471;-0.0000;10359
1164.5;-0.0005;0.0000;-10.1538;-10.9505;52;-54;0.0342;0.0003;-0.0026;-0.0342;-0.0802;-0.0471;-0.0000;10359
1165.0;-0.0009;0.0000;-10.1538;-10.9505;52;-54;0.0147;0.0003;-0.0026;-0.0342;-0.0802;-0.0471;-0.0000;10359
1165.5;0.0000;0.0000;-10.1538;-10.9505;52;-56;-0.1417;-0.0012;-0.0026;-0.0342;-0.0802;-0.0471;-0.0000;10359
1166.0;0.0005;0.0000;-10.1236;-10.9505;52;-56;0.0244;-0.0026;-0.0026;-0.0352;-0.0802;-0.0471;-0.0000;10359
1166.5;0.0009;0.0000;-10.1168;-10.9505;52;-56;0.0342;-0.0026;-0.0026;-0.0352;-0.0802;-0.0471;-0.0000;10359
1167.0;0.0009;0.0000;-10.0893;-10.9505;52;-58;0.0147;-0.0041;-0.0026;-0.0371;-0.0802;-0.0471;-0.0000;10359
1167.5;0.0009;0.0000;-10.0893;-10.9505;52;-58;0.0147;-0.0041;-0.0026;-0.0362;-0.0811;-0.0471;-0.0000;10359
1168.0;0.0009;0.0000;-10.0838;-10.9505;52;-58;0.0342;-0.0041;-0.0026;-0.0371;-0.0811;-0.0471;-0.0000;10359
1168.5;0.0009;0.0000;-10.0838;-10.9505;52;-58;0.0147;-0.0041;-0.0026;-0.0371;-0.0811;-0.0471;-0.0000;10359
1169.0;0.0005;0.0000;-10.0632;-10.9505;54;-58;-0.0538;-0.0026;-0.0026;-0.0381;-0.0811;-0.0471;-0.0000;10359
1169.5;0.0000;0.0000;-10.0687;-10.9505;54;-56;0.0147;-0.0012;-0.0026;-0.0371;-0.0811;-0.0471;-0.0000;10359
1170.0;0.0005;0.0000;-10.0810;-10.9505;54;-56;-0.0538;-0.0026;-0.0026;-0.0371;-0.0821;-0.0471;-0.0000;10359
1170.5;0.0000;0.0000;-10.1140;-10.9505;54;-56;0.1026;-0.0012;-0.0026;-0.0352;-0.0821;-0.0471;-0.0000;10359
1171.0;-0.0005;0.0000;-10.1442;-10.9505;54;-54;0.0342;0.0003;-0.0026;-0.0342;-0.0821;-0.0471;-0.0000;10359
1171.5;-0.0014;0.0000;-10.1387;-10.9505;54;-54;-0.0635;0.0018;-0.0026;-0.0342;-0.0821;-0.0471;-0.0000;10359
1172.0;-0.0023;0.0000;-10.1470;-10.9505;56;-54;0.0244;0.0032;-0.0026;-0.0342;-0.0821;-0.0471;-0.0000;10359
1172.5;-0.0023;0.0000;-10.1277;-10.9505;56;-54;0.0342;0.0047;-0.0026;-0.0352;-0.0821;-0.0471;-0.0000;10359
1173.0;-0.0027;0.0000;-10.1470;-10.9505;56;-52;-0.0635;0.0062;-0.0026;-0.0342;-0.0831;-0.0471;-0.0000;10359
1173.5;-0.0027;0.0000;-10.1429;-10.9505;56;-52;0.0244;0.0062;-0.0026;-0.0342;-0.0831;-0.0471;-0.0000;10359
1174.0;-0.0032;0.0000;-10.1621;-10.9505;56;-52;0.0244;0.0062;-0.0026;-0.0332;-0.0831;-0.0471;-0.0000;10359
1174.5;-0.0023;0.0000;-10.1648;-10.9505;54;-52;0.1026;0.0047;-0.0026;-0.0332;-0.0831;-0.0471;-0.0000;10359
1175.0;-0.0018;0.0000;-10.1662;-10.9505;54;-54;0.0244;0.0032;-0.0026;-0.0332;-0.0831;-0.0471;-0.0000;10359
1175.5;-0.0014;0.0000;-10.1799;-10.9505;52;-54;0.0342;0.0018;-0.0026;-0.0332;-0.0841;-0.0471;-0.0000;10359
1176.0;-0.0014;0.0000;-10.1786;-10.9505;52;-54;0.0244;0.0018;-0.0026;-0.0332;-0.0841;-0.0471;-0.0000;10359
1176.5;-0.0009;0.0000;-10.1841;-10.9505;52;-54;0.0244;0.0018;-0.0026;-0.0323;-0.0841;-0.0471;-0.0000;10359
1177.0;-0.0018;0.0000;-10.1552;-10.9505;54;-54;-0.0538;0.0032;-0.0026;-0.0342;-0.0841;-0.0471;-0.0000;10359
1177.5;-0.0018;0.0000;-10.1607;-10.9505;54;-54;0.0244;0.0032;-0.0026;-0.0332;-0.0841;-0.0471;-0.0000;10359
1178.0;-0.0023;0.0000;-10.1195;-10.9505;54;-54;0.0342;0.0047;-0.0026;-0.0352;-0.0841;-0.0471;-0.0000;10359
1178.5;-0.0023;0.0000;-10.1264;-10.9505;56;-54;0.0147;0.0047;-0.0026;-0.0352;-0.0850;-0.0471;-0.0000;10359
1179.0;-0.0032;0.0000;-10.1071;-10.9505;56;-54;-0.0538;0.0076;-0.0026;-0.0362;-0.0850;-0.0471;-0.0000;10359
1179.5;-0.0037;0.0000;-10.1016;-10.9505;58;-54;0.0244;0.0076;-0.0026;-0.0362;-0.0850;-0.0471;-0.0000;10359
1180.0;-0.0041;0.0000;-10.0742;-10.9505;58;-54;-0.0538;0.0091;-0.0026;-0.0371;-0.0850;-0.0471;-0.0000;10359
1180.5;-0.0046;0.0000;-10.0536;-10.9505;58;-54;0.0147;0.0091;-0.0026;-0.0381;-0.0850;-0.0471;-0.0000;10359
1181.0;-0.0046;0.0000;-10.0810;-10.9505;58;-54;0.0147;0.0105;-0.0026;-0.0371;-0.0850;-0.0471;-0.0000;10359
1181.5;-0.0046;0.0000;-10.0769;-10.9505;58;-54;-0.0635;0.0105;-0.0026;-0.0371;-0.0860;-0.0471;-0.0000;10359
1182.0;-0.0037;0.0000;-10.1113;-10.9505;56;-54;0.1026;0.0076;-0.0026;-0.0362;-0.0860;-0.0471;-0.0000;10359
1182.5;-0.0032;0.0000;-10.1058;-10.9505;56;-56;-0.1320;0.0062;-0.0026;-0.0362;-0.0860;-0.0471;-0.0000;10359
1183.0;-0.0027;0.0000;-10.1374;-10.9505;56;-56;0.0147;0.0062;-0.0026;-0.0342;-0.0860;-0.0471;-0.0000;10359
1183.5;-0.0027;0.0000;-10.1374;-10.9505;54;-56;0.0244;0.0047;-0.0026;-0.0342;-0.0860;-0.0471;-0.0000;10359
1184.0;-0.0023;0.0000;-10.1951;-10.9505;54;-56;0.0244;0.0047;-0.0026;-0.0323;-0.0870;-0.0471;-0.0000;10359
1184.5;-0.0023;0.0000;-10.2445;-10.9505;52;-54;-0.0538;0.0047;-0.0012;-0.0303;-0.0870;-0.0471;-0.0000;10359
1185.0;-0.0014;0.0000;-10.2308;-10.9505;52;-56;-0.0538;0.0018;-0.0012;-0.0303;-0.0870;-0.0471;-0.0000;10359
1185.5;-0.0009;0.0000;-10.2527;-10.9505;52;-56;0.0244;0.0003;-0.0012;-0.0293;-0.0870;-0.0471;-0.0000;10359
1186.0;-0.0005;0.0000;-10.2198;-10.9505;52;-58;-0.0538;-0.0012;-0.0012;-0.0313;-0.0870;-0.0471;-0.0000;10359
1186.5;0.0000;0.0000;-10.2129;-10.9505;52;-58;0.0244;-0.0012;-0.0012;-0.0313;-0.0870;-0.0471;-0.0000;10359
1187.0;-0.0005;0.0000;-10.1690;-10.9505;54;-58;-0.0440;0.0003;-0.0012;-0.0332;-0.0870;-0.0471;-0.0000;10359
1187.5;-0.0009;0.0000;-10.1868;-10.9505;54;-56;0.0147;0.0003;-0.0012;-0.0323;-0.0880;-0.0471;-0.0000;10359
1188.0;-0.0009;0.0000;-10.1799;-10.9505;54;-56;0.0244;0.0018;-0.0012;-0.0332;-0.0880;-0.0471;-0.0000;10359
1188.5;-0.0005;0.0000;-10.2157;-10.9505;54;-56;-0.0538;0.0003;-0.0012;-0.0313;-0.0880;-0.0471;-0.0000;10359
1189.0;0.0000;0.0000;-10.2143;-10.9505;54;-58;0.0342;-0.0012;-0.0012;-0.0313;-0.0880;-0.0471;-0.0000;10359
1189.5;-0.0005;0.0000;-10.2212;-10.9505;54;-56;-0.0538;0.0003;-0.0012;-0.0313;-0.0880;-0.0471;-0.0000;10359
1190.0;-0.0009;0.0000;-10.2500;-10.9505;54;-56;0.0244;0.0018;-0.0012;-0.0303;-0.0880;-0.0471;-0.0000;10359
1190.5;-0.0005;0.0000;-10.2500;-10.9505;54;-56;-0.0538;0.0003;-0.0012;-0.0303;-0.0890;-0.0471;-0.0000;10359
1191.0;-0.0009;0.0000;-10.2692;-10.9505;54;-56;-0.0538;0.0003;-0.0012;-0.0293;-0.0890;-0.0471;-0.0000;10359
1191.5;-0.0009;0.0000;-10.2734;-10.9505;54;-56;0.0440;0.0018;-0.0012;-0.0293;-0.0890;-0.0471;-0.0000;10359
1192.0;-0.0014;0.0000;-10.3242;-10.9505;54;-54;0.0244;0.0018;-0.0012;-0.0264;-0.0890;-0.0471;-0.0000;10359
1192.5;-0.0014;0.0000;-10.3544;-10.9505;54;-54;0.0342;0.0018;-0.0012;-0.0254;-0.0890;-0.0471;-0.0000;10359
1193.0;-0.0014;0.0000;-10.3805;-10.9505;54;-54;-0.1320;0.0018;-0.0012;-0.0244;-0.0890;-0.0471;-0.0000;10359
1193.5;-0.0014;0.0000;-10.3791;-10.9505;54;-54;0.0440;0.0018;-0.0012;-0.0244;-0.0890;-0.0471;-0.0000;10359
1194.0;-0.0014;0.0000;-10.3846;-10.9505;54;-54;0.0342;0.0018;-0.0012;-0.0244;-0.0890;-0.0471;-0.0000;10359
1194.5;-0.0014;0.0000;-10.3929;-10.9505;54;-54;0.0244;0.0018;-0.0012;-0.0235;-0.0899;-0.0471;-0.0000;10359
1195.0;-0.0023;0.0000;-10.4176;-10.9505;54;-54;-0.0440;0.0047;-0.0012;-0.0225;-0.0899;-0.0471;-0.0000;10359
1195.5;-0.0027;0.0000;-10.4657;-10.9505;54;-52;0.0342;0.0047;-0.0012;-0.0205;-0.0899;-0.0471;-0.0000;10359
1196.0;-0.0032;0.0000;-10.4409;-10.9505;54;-52;0.0440;0.0062;-0.0012;-0.0215;-0.0899;-0.0471;-0.0000;10359
1196.5;-0.0032;0.0000;-10.4643;-10.9505;54;-52;0.0342;0.0062;-0.0012;-0.0205;-0.0899;-0.0471;-0.0000;10359
1197.0;-0.0027;0.0000;-10.4258;-10.9505;54;-54;-0.0440;0.0047;-0.0012;-0.0225;-0.0899;-0.0471;-0.0000;10359
1197.5;-0.0027;0.0000;-10.4231;-10.9505;54;-54;-0.0440;0.0062;-0.0012;-0.0225;-0.0899;-0.0471;-0.0000;10359
1198.0;-0.0027;0.0000;-10.4286;-10.9505;54;-54;0.0440;0.0062;-0.0012;-0.0225;-0.0899;-0.0471;-0.0000;10359
1198.5;-0.0032;0.0000;-10.4327;-10.9505;54;-52;0.0244;0.0062;-0.0012;-0.0225;-0.0899;-0.0471;-0.0000;10359
1199.0;-0.0037;0.0000;-10.4327;-10.9505;56;-52;-0.0538;0.0076;-0.0012;-0.0225;-0.0909;-0.0471;-0.0000;10359
1199.5;-0.0041;0.0000;-10.3997;-10.9505;56;-52;0.0342;0.0091;-0.0012;-0.0235;-0.0909;-0.0471;-0.0000;10359
1200.0;-0.0046;0.0000;-10.4162;-10.9505;56;-52;-0.0440;0.0105;-0.0012;-0.0225;-0.0909;-0.0471;-0.0000;10359
1200.5;-0.0050;0.0000;-10.3984;-10.9505;56;-52;0.0440;0.0105;-0.0012;-0.0235;-0.0909;-0.0471;-0.0000;10359
1201.0;-0.0050;0.0000;-10.4176;-10.9505;56;-52;0.0244;0.0105;-0.0012;-0.0225;-0.0909;-0.0471;-0.0000;10359
1201.5;-0.0050;0.0000;-10.4080;-10.9505;56;-52;0.0342;0.0105;-0.0012;-0.0235;-0.0909;-0.0471;-0.0000;10359
1202.0;-0.0050;0.0000;-10.4148;-10.9505;56;-52;-0.1222;0.0105;-0.0012;-0.0235;-0.0909;-0.0471;-0.0000;10359
1202.5;-0.0050;0.0000;-10.3970;-10.9505;56;-52;0.0342;0.0105;-0.0012;-0.0235;-0.0909;-0.0471;-0.0000;10359
1203.0;-0.0046;0.0000;-10.3984;-10.9505;56;-52;0.0342;0.0105;-0.0012;-0.0235;-0.0919;-0.0471;-0.0000;10359
1203.5;-0.0041;0.0000;-10.4066;-10.9505;56;-54;-0.0538;0.0091;-0.0012;-0.0235;-0.0919;-0.0471;-0.0000;10359
1204.0;-0.0032;0.0000;-10.4080;-10.9505;54;-54;0.0342;0.0076;-0.0012;-0.0235;-0.0919;-0.0471;-0.0000;10359
1204.5;-0.0023;0.0000;-10.4258;-10.9505;54;-56;-0.0440;0.0047;-0.0012;-0.0225;-0.0919;-0.0471;-0.0000;10359
1205.0;-0.0023;0.0000;-10.4066;-10.9505;54;-56;-0.0440;0.0032;-0.0012;-0.0235;-0.0919;-0.0471;-0.0000;10359
1205.5;-0.0018;0.0000;-10.4258;-10.9505;54;-56;0.0342;0.0032;-0.0012;-0.0225;-0.0919;-0.0471;-0.0000;10359
1206.0;-0.0018;0.0000;-10.4190;-10.9505;54;-56;0.0342;0.0032;-0.0012;-0.0225;-0.0919;-0.0471;-0.0000;10359
1206.5;-0.0009;0.0000;-10.4258;-10.9505;52;-56;-0.0440;0.0018;-0.0012;-0.0225;-0.0919;-0.0471;-0.0000;10359
1207.0;-0.0005;0.0000;-10.4107;-10.9505;52;-58;0.0342;0.0003;-0.0012;-0.0235;-0.0919;-0.0471;-0.0000;10359
1207.5;-0.0009;0.0000;-10.3750;-10.9505;54;-58;-0.0440;0.0018;-0.0012;-0.0244;-0.0929;-0.0471;-0.0000;10359
1208.0;-0.0005;0.0000;-10.3585;-10.9505;54;-58;-0.0538;0.0003;-0.0012;-0.0254;-0.0929;-0.0471;-0.0000;10359
1208.5;0.0000;0.0000;-10.3503;-10.9505;54;-58;0.0342;-0.0012;-0.0012;-0.0254;-0.0929;-0.0471;-0.0000;10359
1209.0;0.0000;0.0000;-10.3846;-10.9505;52;-58;0.0342;-0.0012;-0.0012;-0.0244;-0.0929;-0.0471;-0.0000;10308
1209.5;-0.0005;0.0000;-10.3956;-10.9505;54;-58;-0.0440;0.0003;-0.0012;-0.0235;-0.0929;-0.0471;-0.0000;10359
1210.0;0.0000;0.0000;-10.4244;-10.9505;54;-58;-0.0538;-0.0012;-0.0012;-0.0225;-0.0929;-0.0471;-0.0000;10359
1210.5;0.0000;0.0000;-10.4217;-10.9505;54;-58;0.0342;-0.0012;-0.0012;-0.0225;-0.0929;-0.0471;-0.0000;10308
1211.0;0.0009;0.0000;-10.4354;-10.9505;52;-58;-0.0440;-0.0041;-0.0012;-0.0225;-0.0929;-0.0471;-0.0000;10359
1211.5;0.0018;0.0000;-10.4368;-10.9505;52;-58;0.0342;-0.0056;-0.0012;-0.0225;-0.0938;-0.0471;-0.0000;10359
1212.0;0.0014;0.0000;-10.4574;-10.9505;52;-58;-0.0440;-0.0041;-0.0012;-0.0215;-0.0938;-0.0471;-0.0000;10359
1212.5;0.0009;0.0000;-10.4890;-10.9505;52;-58;0.0342;-0.0041;-0.0012;-0.0196;-0.0938;-0.0471;-0.0000;10359
1213.0;0.0009;0.0000;-10.5014;-10.9505;52;-56;0.0342;-0.0041;-0.0012;-0.0196;-0.0938;-0.0471;-0.0000;10359
1213.5;0.0009;0.0000;-10.5192;-10.9505;52;-56;0.0342;-0.0026;-0.0012;-0.0186;-0.0938;-0.0471;-0.0000;10359
1214.0;0.0005;0.0000;-10.4808;-10.9505;54;-56;-0.1222;-0.0026;-0.0012;-0.0205;-0.0938;-0.0471;-0.0000;10359
1214.5;0.0005;0.0000;-10.4588;-10.9505;54;-56;0.0342;-0.0026;-0.0012;-0.0215;-0.0938;-0.0471;-0.0000;10359
1215.0;0.0005;0.0000;-10.4464;-10.9505;54;-56;0.0342;-0.0026;-0.0012;-0.0215;-0.0938;-0.0471;-0.0000;10359
1215.5;0.0014;0.0000;-10.4409;-10.9505;54;-58;-0.0440;-0.0041;-0.0012;-0.0215;-0.0938;-0.0471;-0.0000;10359
1216.0;0.0018;0.0000;-10.4409;-10.9505;52;-58;0.0342;-0.0056;-0.0012;-0.0215;-0.0938;-0.0471;-0.0000;10359
1216.5;0.0018;0.0000;-10.4313;-10.9505;52;-58;-0.0440;-0.0056;-0.0012;-0.0225;-0.0948;-0.0471;-0.0000;10359
1217.0;0.0027;0.0000;-10.4354;-10.9505;50;-58;0.1124;-0.0085;-0.0012;-0.0225;-0.0948;-0.0471;-0.0000;10359
1217.5;0.0037;0.0000;-10.4244;-10.9505;50;-60;0.0342;-0.0100;-0.0012;-0.0225;-0.0948;-0.0471;-0.0000;10359
1218.0;0.0037;0.0000;-10.4190;-10.9505;50;-60;0.0342;-0.0114;-0.0012;-0.0225;-0.0948;-0.0471;-0.0000;10359
1218.5;0.0032;0.0000;-10.4025;-10.9505;50;-60;-0.0440;-0.0100;-0.0012;-0.0235;-0.0948;-0.0471;-0.0000;10359
1219.0;0.0032;0.0000;-10.4176;-10.9505;52;-58;0.0342;-0.0085;-0.0012;-0.0225;-0.0948;-0.0471;-0.0000;10359
1219.5;0.0027;0.0000;-10.4066;-10.9505;52;-58;0.0342;-0.0085;-0.0012;-0.0235;-0.0948;-0.0471;-0.0000;10359
1220.0;0.0023;0.0000;-10.4313;-10.9505;52;-58;0.0440;-0.0070;-0.0012;-0.0225;-0.0948;-0.0471;-0.0000;10359
1220.5;0.0023;0.0000;-10.4409;-10.9505;52;-58;0.0244;-0.0070;-0.0012;-0.0215;-0.0948;-0.0471;-0.0000;10359
1221.0;0.0023;0.0000;-10.4505;-10.9505;52;-58;-0.1222;-0.0070;-0.0012;-0.0215;-0.0958;-0.0471;-0.0000;10359
1221.5;0.0014;0.0000;-10.4615;-10.9505;52;-56;0.1124;-0.0041;-0.0012;-0.0215;-0.0958;-0.0471;-0.0000;10359
1222.0;0.0014;0.0000;-10.4615;-10.9505;54;-56;-0.0440;-0.0056;-0.0012;-0.0215;-0.0958;-0.0471;-0.0000;10359
1222.5;0.0009;0.0000;-10.4780;-10.9505;54;-56;-0.0440;-0.0026;-0.0012;-0.0205;-0.0958;-0.0471;-0.0000;10359
1223.0;0.0005;0.0000;-10.4808;-10.9505;54;-56;0.0440;-0.0026;-0.0012;-0.0205;-0.0958;-0.0471;-0.0000;10359
1223.5;0.0000;0.0000;-10.5000;-10.9505;54;-54;0.0342;-0.0012;-0.0012;-0.0196;-0.0958;-0.0471;-0.0000;10359
1224.0;0.0000;0.0000;-10.4986;-10.9505;54;-54;0.0342;-0.0012;-0.0012;-0.0196;-0.0958;-0.0471;-0.0000;10359
1224.5;-0.0005;0.0000;-10.4904;-10.9505;56;-54;-0.1222;0.0003;-0.0012;-0.0196;-0.0958;-0.0471;-0.0000;10359
1225.0;-0.0005;0.0000;-10.4629;-10.9505;56;-56;0.0244;0.0003;-0.0012;-0.0205;-0.0958;-0.0471;-0.0000;10359
1225.5;-0.0005;0.0000;-10.4519;-10.9505;56;-56;0.0440;0.0003;-0.0012;-0.0215;-0.0968;-0.0471;-0.0000;10359
1226.0;-0.0005;0.0000;-10.4478;-10.9505;56;-56;0.0244;0.0003;-0.0012;-0.0215;-0.0968;-0.0471;-0.0000;10308
1226.5;-0.0005;0.0000;-10.4272;-10.9505;56;-56;0.0342;0.0003;-0.0012;-0.0225;-0.0968;-0.0471;-0.0000;10359
1227.0;0.0000;0.0000;-10.4409;-10.9505;54;-56;-0.0440;-0.0012;-0.0012;-0.0215;-0.0968;-0.0471;-0.0000;10359
1227.5;0.0005;0.0000;-10.4341;-10.9505;54;-58;0.0440;-0.0026;-0.0012;-0.0225;-0.0968;-0.0471;-0.0000;10359
1228.0;0.0009;0.0000;-10.4396;-10.9505;52;-58;0.0342;-0.0041;-0.0012;-0.0215;-0.0968;-0.0471;-0.0000;10359
1228.5;0.0009;0.0000;-10.4423;-10.9505;52;-58;0.0342;-0.0041;-0.0012;-0.0215;-0.0968;-0.0471;-0.0000;10359
1229.0;0.0018;0.0000;-10.4670;-10.9505;52;-58;-0.0440;-0.0056;-0.0012;-0.0205;-0.0968;-0.0471;-0.0000;10359
1229.5;0.0027;0.0000;-10.4945;-10.9505;50;-58;0.0342;-0.0070;-0.0012;-0.0196;-0.0968;-0.0471;-0.0000;10359
1230.0;0.0027;0.0000;-10.5082;-10.9505;50;-58;0.0440;-0.0085;-0.0012;-0.0186;-0.0968;-0.0471;-0.0000;10359
1230.5;0.0032;0.0000;-10.5288;-10.9505;50;-58;0.0342;-0.0085;-0.0012;-0.0186;-0.0978;-0.0471;-0.0000;10359
1231.0;0.0027;0.0000;-10.5398;-10.9505;50;-58;-0.0440;-0.0070;-0.0012;-0.0176;-0.0978;-0.0471;-0.0000;10359
1231.5;0.0027;0.0000;-10.5508;-10.9505;50;-58;-0.0440;-0.0085;-0.0012;-0.0176;-0.0978;-0.0471;-0.0000;10308
1232.0;0.0032;0.0000;-10.5467;-10.9505;50;-58;0.0440;-0.0085;-0.0012;-0.0176;-0.0978;-0.0471;-0.0000;10359
1232.5;0.0023;0.0000;-10.5673;-10.9505;52;-58;-0.0440;-0.0070;-0.0012;-0.0166;-0.0978;-0.0471;-0.0000;10359
1233.0;0.0018;0.0000;-10.5701;-10.9505;52;-56;0.0342;-0.0056;-0.0012;-0.0166;-0.0978;-0.0471;-0.0000;10359
1233.5;0.0023;0.0000;-10.5879;-10.9505;52;-56;-0.0440;-0.0070;-0.0012;-0.0156;-0.0978;-0.0471;-0.0000;10359
1234.0;0.0023;0.0000;-10.5907;-10.9505;52;-58;0.0440;-0.0070;-0.0012;-0.0156;-0.0978;-0.0471;-0.0000;10359
1234.5;0.0018;0.0000;-10.5920;-10.9505;52;-56;-0.0244;-0.0056;-0.0012;-0.0156;-0.0978;-0.0471;-0.0000;10359
1235.0;0.0023;0.0000;-10.5797;-10.9505;52;-58;-0.0538;-0.0070;-0.0012;-0.0156;-0.0978;-0.0471;-0.0000;10359
1235.5;0.0027;0.0000;-10.5769;-10.9505;52;-58;0.0440;-0.0070;-0.0012;-0.0166;-0.0978;-0.0471;-0.0000;10359
1236.0;0.0018;0.0000;-10.5865;-10.9505;52;-58;-0.0342;-0.0056;-0.0026;-0.0156;-0.0978;-0.0471;-0.0000;10359
1236.5;0.0014;0.0000;-10.5852;-10.9505;52;-56;0.0440;-0.0056;-0.0026;-0.0156;-0.0987;-0.0471;-0.0000;10359
1237.0;0.0014;0.0000;-10.6099;-10.9505;52;-56;0.0342;-0.0041;-0.0026;-0.0147;-0.0987;-0.0471;-0.0000;10359
1237.5;0.0009;0.0000;-10.5989;-10.9505;52;-56;0.0342;-0.0041;-0.0026;-0.0156;-0.0987;-0.0471;-0.0000;10359
1238.0;0.0014;0.0000;-10.6016;-10.9505;52;-56;-0.0440;-0.0056;-0.0026;-0.0147;-0.0987;-0.0471;-0.0000;10359
1238.5;0.0018;0.0000;-10.5920;-10.9505;52;-56;0.0440;-0.0056;-0.0026;-0.0156;-0.0987;-0.0471;-0.0000;10359
1239.0;0.0023;0.0000;-10.5920;-10.9505;52;-58;0.0538;-0.0070;-0.0026;-0.0156;-0.0987;-0.0471;-0.0000;10359
1239.5;0.0023;0.0000;-10.5852;-10.9505;52;-58;0.0342;-0.0070;-0.0026;-0.0156;-0.0987;-0.0471;-0.0000;10359
1240.0;0.0032;0.0000;-10.5975;-10.9505;50;-58;-0.0440;-0.0085;-0.0026;-0.0156;-0.0987;-0.0471;-0.0000;10359
1240.5;0.0027;0.0000;-10.6003;-10.9505;50;-58;-0.0342;-0.0085;-0.0026;-0.0156;-0.0987;-0.0471;-0.0000;10359
1241.0;0.0027;0.0000;-10.5824;-10.9505;52;-58;0.0440;-0.0085;-0.0026;-0.0156;-0.0987;-0.0471;-0.0000;10359
1241.5;0.0018;0.0000;-10.5769;-10.9505;52;-58;-0.0440;-0.0056;-0.0026;-0.0166;-0.0987;-0.0471;-0.0000;10359
1242.0;0.0014;0.0000;-10.5536;-10.9505;54;-56;0.0342;-0.0041;-0.0026;-0.0176;-0.0987;-0.0471;-0.0000;10359
1242.5;0.0009;0.0000;-10.5604;-10.9505;54;-56;0.0440;-0.0026;-0.0026;-0.0166;-0.0987;-0.0471;-0.0000;10359
1243.0;0.0005;0.0000;-10.5467;-10.9505;54;-56;0.0342;-0.0026;-0.0026;-0.0176;-0.0997;-0.0471;-0.0000;10359
1243.5;0.0009;0.0000;-10.5508;-10.9505;54;-56;-0.0244;-0.0041;-0.0026;-0.0176;-0.0997;-0.0471;-0.0000;10359
1244.0;0.0014;0.0000;-10.5385;-10.9505;54;-58;0.0244;-0.0041;-0.0026;-0.0176;-0.0997;-0.0471;-0.0000;10359
1244.5;0.0009;0.0000;-10.5220;-10.9505;54;-58;-0.0440;-0.0026;-0.0026;-0.0186;-0.0997;-0.0471;-0.0000;10359
1245.0;0.0005;0.0000;-10.5096;-10.9505;54;-56;0.0440;-0.0026;-0.0026;-0.0186;-0.0997;-0.0471;-0.0000;10359
1245.5;0.0000;0.0000;-10.5151;-10.9505;54;-56;0.0440;-0.0012;-0.0026;-0.0186;-0.0997;-0.0471;-0.0000;10359
1246.0;0.0000;0.0000;-10.5288;-10.9505;54;-56;0.0342;-0.0012;-0.0026;-0.0186;-0.0997;-0.0471;-0.0000;10359
1246.5;0.0005;0.0000;-10.5261;-10.9505;54;-56;-0.0538;-0.0026;-0.0026;-0.0186;-0.0997;-0.0471;-0.0000;10359
1247.0;0.0009;0.0000;-10.5412;-10.9505;54;-58;0.0342;-0.0041;-0.0026;-0.0176;-0.0997;-0.0471;-0.0000;10359
1247.5;0.0014;0.0000;-10.5234;-10.9505;52;-58;0.0342;-0.0041;-0.0026;-0.0186;-0.0997;-0.0471;-0.0000;10359
1248.0;0.0014;0.0000;-10.5179;-10.9505;52;-58;0.0538;-0.0056;-0.0026;-0.0186;-0.0997;-0.0471;-0.0000;10359
1248.5;0.0018;0.0000;-10.5000;-10.9505;52;-58;0.0244;-0.0056;-0.0026;-0.0196;-0.1007;-0.0471;-0.0000;10359
1249.0;0.0018;0.0000;-10.4986;-10.9505;52;-58;0.0342;-0.0056;-0.0026;-0.0196;-0.1007;-0.0471;-0.0000;10359
1249.5;0.0018;0.0000;-10.4918;-10.9505;52;-58;0.0440;-0.0056;-0.0026;-0.0196;-0.1007;-0.0471;-0.0000;10359
1250.0;0.0018;0.0000;-10.4973;-10.9505;54;-58;-0.1124;-0.0056;-0.0026;-0.0196;-0.1007;-0.0471;-0.0000;10359
1250.5;0.0018;0.0000;-10.5014;-10.9505;52;-58;0.0342;-0.0056;-0.0026;-0.0196;-0.1007;-0.0471;-0.0000;10359
1251.0;0.0018;0.0000;-10.5014;-10.9505;52;-58;0.0342;-0.0056;-0.0026;-0.0196;-0.1007;-0.0471;-0.0000;10359
1251.5;0.0018;0.0000;-10.5165;-10.9505;52;-58;0.0342;-0.0056;-0.0026;-0.0186;-0.1007;-0.0471;-0.0000;10359
1252.0;0.0014;0.0000;-10.5302;-10.9505;52;-58;0.0342;-0.0056;-0.0026;-0.0186;-0.1007;-0.0471;-0.0000;10359
1252.5;0.0023;0.0000;-10.5755;-10.9505;52;-58;-0.0342;-0.0070;-0.0026;-0.0166;-0.1007;-0.0471;-0.0000;10359
1253.0;0.0027;0.0000;-10.5852;-10.9505;50;-58;0.0342;-0.0085;-0.0026;-0.0156;-0.1007;-0.0471;-0.0000;10359
1253.5;0.0023;0.0000;-10.6085;-10.9505;52;-58;-0.0440;-0.0070;-0.0026;-0.0147;-0.1007;-0.0471;-0.0000;10359
1254.0;0.0018;0.0000;-10.5934;-10.9505;52;-58;0.0440;-0.0056;-0.0026;-0.0156;-0.1017;-0.0471;-0.0000;10308
1254.5;0.0018;0.0000;-10.5907;-10.9505;52;-58;-0.0342;-0.0056;-0.0026;-0.0156;-0.1017;-0.0471;-0.0000;10359
1255.0;0.0014;0.0000;-10.5893;-10.9505;52;-56;0.0440;-0.0056;-0.0026;-0.0156;-0.1017;-0.0471;-0.0000;10359
1255.5;0.0014;0.0000;-10.6030;-10.9505;52;-56;0.0342;-0.0041;-0.0026;-0.0147;-0.1017;-0.0471;-0.0000;10308
1256.0;0.0014;0.0000;-10.6058;-10.9505;52;-56;0.0440;-0.0041;-0.0026;-0.0147;-0.1017;-0.0471;-0.0000;10359
1256.5;0.0005;0.0000;-10.6071;-10.9505;54;-56;-0.0440;-0.0026;-0.0026;-0.0147;-0.1017;-0.0471;-0.0000;10359
1257.0;0.0000;0.0000;-10.5962;-10.9505;54;-56;0.0440;-0.0012;-0.0026;-0.0156;-0.1017;-0.0471;-0.0000;10359
1257.5;-0.0005;0.0000;-10.5797;-10.9505;54;-54;0.0342;0.0003;-0.0026;-0.0156;-0.1017;-0.0471;-0.0000;10359
1258.0;-0.0009;0.0000;-10.5920;-10.9505;54;-54;0.0342;0.0003;-0.0026;-0.0156;-0.1017;-0.0471;-0.0000;10359
1258.5;-0.0009;0.0000;-10.5755;-10.9505;54;-54;0.0440;0.0018;-0.0026;-0.0166;-0.1017;-0.0471;-0.0000;10359
1259.0;-0.0009;0.0000;-10.5865;-10.9505;54;-54;0.0440;0.0018;-0.0026;-0.0156;-0.1017;-0.0471;-0.0000;10359
1259.5;-0.0014;0.0000;-10.5618;-10.9505;54;-54;0.0440;0.0018;-0.0026;-0.0166;-0.1017;-0.0471;-0.0000;10359
1260.0;-0.0018;0.0000;-10.5563;-10.9505;56;-54;-0.0440;0.0032;-0.0026;-0.0166;-0.1017;-0.0471;-0.0000;10359
1260.5;-0.0023;0.0000;-10.5549;-10.9505;56;-54;0.0440;0.0047;-0.0026;-0.0176;-0.1026;-0.0471;-0.0000;10359
1261.0;-0.0023;0.0000;-10.5302;-10.9505;56;-54;-0.0440;0.0032;-0.0026;-0.0186;-0.1026;-0.0471;-0.0000;10359
1261.5;-0.0023;0.0000;-10.5261;-10.9505;58;-56;-0.0342;0.0047;-0.0026;-0.0186;-0.1026;-0.0471;-0.0000;10359
1262.0;-0.0027;0.0000;-10.5247;-10.9505;58;-54;0.0342;0.0062;-0.0026;-0.0186;-0.1026;-0.0471;-0.0000;10359
1262.5;-0.0027;0.0000;-10.5385;-10.9505;58;-54;0.0342;0.0062;-0.0026;-0.0176;-0.1026;-0.0471;-0.0000;10308
1263.0;-0.0037;0.0000;-10.5206;-10.9505;58;-54;-0.0342;0.0076;-0.0026;-0.0186;-0.1026;-0.0471;-0.0000;10359
1263.5;-0.0041;0.0000;-10.5220;-10.9505;58;-54;0.0342;0.0091;-0.0026;-0.0186;-0.1026;-0.0471;-0.0000;10359
1264.0;-0.0046;0.0000;-10.4918;-10.9505;60;-54;0.0342;0.0105;-0.0026;-0.0196;-0.1026;-0.0471;-0.0000;10359
1264.5;-0.0050;0.0000;-10.4725;-10.9505;60;-54;-0.1222;0.0105;-0.0026;-0.0205;-0.1026;-0.0471;-0.0000;10359
1265.0;-0.0050;0.0000;-10.4258;-10.9505;60;-54;0.0342;0.0105;-0.0026;-0.0225;-0.1026;-0.0471;-0.0000;10308
1265.5;-0.0050;0.0000;-10.4135;-10.9505;60;-56;0.0342;0.0105;-0.0026;-0.0235;-0.1036;-0.0471;-0.0000;10359
1266.0;-0.0050;0.0000;-10.4368;-10.9505;60;-54;0.0440;0.0105;-0.0026;-0.0225;-0.1036;-0.0471;-0.0000;10359
1266.5;-0.0050;0.0000;-10.4712;-10.9505;58;-54;0.0342;0.0105;-0.0026;-0.0205;-0.1036;-0.0471;-0.0000;10359
1267.0;-0.0046;0.0000;-10.5206;-10.9505;58;-54;0.0342;0.0105;-0.0026;-0.0186;-0.1036;-0.0471;-0.0000;10359
1267.5;-0.0055;0.0000;-10.5577;-10.9505;58;-54;-0.0342;0.0120;-0.0026;-0.0166;-0.1036;-0.0471;-0.0000;10359
1268.0;-0.0060;0.0000;-10.6154;-10.9505;58;-52;0.0342;0.0135;-0.0026;-0.0147;-0.1036;-0.0471;-0.0000;10359
1268.5;-0.0060;0.0000;-10.6277;-10.9505;58;-52;0.0538;0.0135;-0.0012;-0.0137;-0.1036;-0.0471;-0.0000;10359
1269.0;-0.0069;0.0000;-10.6552;-10.9505;58;-50;-0.0440;0.0164;-0.0012;-0.0127;-0.1036;-0.0471;-0.0000;10359
1269.5;-0.0069;0.0000;-10.6607;-10.9505;58;-52;-0.0342;0.0149;-0.0012;-0.0127;-0.1036;-0.0471;-0.0000;10359
1270.0;-0.0064;0.0000;-10.7005;-10.9505;58;-52;0.0440;0.0149;-0.0012;-0.0108;-0.1036;-0.0471;-0.0000;10359
1270.5;-0.0055;0.0000;-10.7225;-10.9505;56;-52;-0.0244;0.0120;-0.0012;-0.0098;-0.1036;-0.0471;-0.0000;10359
1271.0;-0.0050;0.0000;-10.7747;-10.9505;54;-52;0.0440;0.0105;-0.0012;-0.0078;-0.1036;-0.0471;-0.0000;10359
1271.5;-0.0046;0.0000;-10.8269;-10.9505;54;-52;0.0440;0.0105;-0.0012;-0.0059;-0.1036;-0.0471;-0.0000;10359
1272.0;-0.0050;0.0000;-10.8723;-10.9505;54;-52;-0.0244;0.0105;-0.0012;-0.0039;-0.1036;-0.0471;-0.0000;10359
1272.5;-0.0041;0.0000;-10.8585;-10.9505;54;-52;-0.0342;0.0091;-0.0012;-0.0039;-0.1036;-0.0471;-0.0000;10359
1273.0;-0.0041;0.0000;-10.7720;-10.9505;54;-54;0.0538;0.0091;-0.0012;-0.0078;-0.1036;-0.0471;-0.0000;10359
1273.5;-0.0027;0.0000;-10.6882;-10.9505;54;-56;-0.0440;0.0062;-0.0012;-0.0117;-0.1036;-0.0471;-0.0000;10359
1274.0;-0.0023;0.0000;-10.6003;-10.9505;54;-58;0.0440;0.0047;-0.0012;-0.0156;-0.1046;-0.0471;-0.0000;10359
1274.5;-0.0023;0.0000;-10.5481;-10.9505;56;-58;-0.0440;0.0047;-0.0012;-0.0176;-0.1046;-0.0471;-0.0000;10359
1275.0;-0.0023;0.0000;-10.5000;-10.9505;56;-58;0.0440;0.0047;-0.0012;-0.0196;-0.1046;-0.0471;-0.0000;10308
1275.5;-0.0027;0.0000;-10.4602;-10.9505;56;-58;0.0342;0.0047;-0.0012;-0.0215;-0.1046;-0.0471;-0.0000;10359
1276.0;-0.0032;0.0000;-10.4107;-10.9505;58;-58;-0.0538;0.0076;-0.0012;-0.0235;-0.1046;-0.0471;-0.0000;10359
1276.5;-0.0037;0.0000;-10.3668;-10.9505;60;-58;0.0440;0.0076;-0.0012;-0.0254;-0.1046;-0.0471;-0.0000;10308
1277.0;-0.0041;0.0000;-10.2981;-10.9505;60;-58;-0.0538;0.0091;-0.0012;-0.0283;-0.1046;-0.0471;-0.0000;10359
1277.5;-0.0041;0.0000;-10.2129;-10.9505;62;-58;0.0342;0.0091;-0.0012;-0.0313;-0.1046;-0.0471;-0.0000;10359
1278.0;-0.0037;0.0000;-10.1662;-10.9505;62;-60;-0.0635;0.0076;-0.0012;-0.0332;-0.1056;-0.0471;-0.0000;10308
1278.5;-0.0032;0.0000;-10.1277;-10.9505;62;-62;0.0244;0.0062;-0.0012;-0.0352;-0.1056;-0.0471;-0.0000;10359
1279.0;-0.0018;0.0000;-10.1305;-10.9505;60;-62;-0.0538;0.0032;-0.0012;-0.0352;-0.1056;-0.0471;-0.0000;10308
1279.5;-0.0018;0.0000;-10.1168;-10.9505;60;-64;-0.0440;0.0032;-0.0012;-0.0352;-0.1056;-0.0471;-0.0000;10308
1280.0;-0.0014;0.0000;-10.1538;-10.9505;60;-64;-0.0635;0.0018;-0.0012;-0.0342;-0.1056;-0.0471;-0.0000;10308
1280.5;-0.0009;0.0000;-10.2308;-10.9505;58;-62;0.0244;0.0003;-0.0012;-0.0303;-0.1056;-0.0471;-0.0000;10308
1281.0;0.0005;0.0000;-10.3407;-10.9505;56;-62;-0.0538;-0.0026;-0.0012;-0.0264;-0.1056;-0.0471;-0.0000;10308
1281.5;0.0009;0.0000;-10.4217;-10.9505;54;-62;0.0342;-0.0041;-0.0012;-0.0225;-0.1056;-0.0471;-0.0000;10359
1282.0;0.0023;0.0000;-10.5261;-10.9505;52;-62;-0.0440;-0.0070;-0.0012;-0.0186;-0.1056;-0.0471;-0.0000;10308
1282.5;0.0023;0.0000;-10.6154;-10.9505;50;-62;-0.0440;-0.0070;-0.0012;-0.0147;-0.1056;-0.0471;-0.0000;10308
1283.0;0.0032;0.0000;-10.6593;-10.9505;50;-62;-0.0342;-0.0100;-0.0012;-0.0127;-0.1056;-0.0471;-0.0000;10359
1283.5;0.0037;0.0000;-10.6854;-10.9505;50;-62;0.0440;-0.0100;-0.0012;-0.0117;-0.1056;-0.0471;-0.0000;10308
1284.0;0.0046;0.0000;-10.6731;-10.9505;48;-62;-0.0342;-0.0129;-0.0012;-0.0117;-0.1056;-0.0471;-0.0000;10359
1284.5;0.0055;0.0000;-10.6978;-10.9505;48;-64;-0.1222;-0.0144;-0.0012;-0.0108;-0.1056;-0.0471;-0.0000;10359
1285.0;0.0060;0.0000;-10.7157;-10.9505;48;-64;0.0342;-0.0158;-0.0012;-0.0108;-0.1056;-0.0471;-0.0000;10308
1285.5;0.0069;0.0000;-10.7514;-10.9505;48;-64;-0.0342;-0.0188;-0.0012;-0.0088;-0.1056;-0.0471;-0.0000;10359
1286.0;0.0064;0.0000;-10.7569;-10.9505;48;-64;-0.0342;-0.0173;-0.0012;-0.0088;-0.1056;-0.0471;-0.0000;10308
1286.5;0.0064;0.0000;-10.7706;-10.9505;48;-62;0.0538;-0.0173;-0.0012;-0.0078;-0.1056;-0.0471;-0.0000;10359
1287.0;0.0069;0.0000;-10.7637;-10.9505;48;-62;-0.0342;-0.0188;-0.0012;-0.0088;-0.1056;-0.0471;-0.0000;10359
1287.5;0.0064;0.0000;-10.7775;-10.9505;48;-62;-0.0342;-0.0173;-0.0012;-0.0078;-0.1056;-0.0471;-0.0000;10359
1288.0;0.0064;0.0000;-10.7569;-10.9505;50;-62;0.0440;-0.0173;-0.0012;-0.0088;-0.1056;-0.0471;-0.0000;10308
1288.5;0.0060;0.0000;-10.6621;-10.9505;52;-62;-0.1124;-0.0158;-0.0012;-0.0127;-0.1056;-0.0471;-0.0000;10359
1289.0;0.0060;0.0000;-10.5810;-10.9505;52;-62;0.0342;-0.0158;-0.0026;-0.0156;-0.1056;-0.0471;-0.0000;10359
1289.5;0.0055;0.0000;-10.4560;-10.9505;54;-64;-0.1320;-0.0158;-0.0026;-0.0215;-0.1056;-0.0471;-0.0000;10359
1290.0;0.0055;0.0000;-10.3681;-10.9505;56;-64;0.0342;-0.0144;-0.0026;-0.0254;-0.1056;-0.0471;-0.0000;10359
1290.5;0.0046;0.0000;-10.2981;-10.9505;58;-64;-0.0538;-0.0129;-0.0026;-0.0283;-0.1056;-0.0471;-0.0000;10308
1291.0;0.0037;0.0000;-10.2555;-10.9505;58;-64;0.0440;-0.0100;-0.0026;-0.0293;-0.1056;-0.0471;-0.0000;10308
1291.5;0.0032;0.0000;-10.2157;-10.9505;60;-64;0.0147;-0.0100;-0.0026;-0.0313;-0.1056;-0.0471;-0.0000;10359
1292.0;0.0023;0.0000;-10.2033;-10.9505;60;-62;-0.0538;-0.0070;-0.0026;-0.0323;-0.1056;-0.0471;-0.0000;10308
1292.5;0.0014;0.0000;-10.2115;-10.9505;62;-62;0.0342;-0.0041;-0.0026;-0.0313;-0.1056;-0.0471;-0.0000;10359
1293.0;0.0000;0.0000;-10.2047;-10.9505;62;-60;-0.0440;-0.0012;-0.0026;-0.0323;-0.1056;-0.0471;-0.0000;10308
1293.5;0.0000;0.0000;-10.2253;-10.9505;62;-60;-0.0538;-0.0012;-0.0026;-0.0313;-0.1056;-0.0471;-0.0000;10308
1294.0;-0.0009;0.0000;-10.2514;-10.9505;62;-60;-0.0635;0.0003;-0.0026;-0.0303;-0.1056;-0.0471;-0.0000;10308
1294.5;-0.0005;0.0000;-10.2912;-10.9505;62;-60;-0.0538;0.0003;-0.0026;-0.0283;-0.1056;-0.0471;-0.0000;10308
1295.0;-0.0005;0.0000;-10.3393;-10.9505;60;-60;0.0342;0.0003;-0.0026;-0.0264;-0.1056;-0.0471;-0.0000;10308
1295.5;0.0005;0.0000;-10.4093;-10.9505;58;-60;-0.0342;-0.0026;-0.0026;-0.0235;-0.1056;-0.0471;-0.0000;10308
1296.0;0.0000;0.0000;-10.4739;-10.9505;58;-60;-0.0538;-0.0012;-0.0026;-0.0205;-0.1056;-0.0471;-0.0000;10308
1296.5;0.0000;0.0000;-10.5316;-10.9505;58;-58;0.0342;-0.0012;-0.0026;-0.0186;-0.1056;-0.0471;-0.0000;10308
1297.0;0.0000;0.0000;-10.5797;-10.9505;56;-58;-0.1222;-0.0012;-0.0026;-0.0156;-0.1056;-0.0471;-0.0000;10359
1297.5;-0.0005;0.0000;-10.6113;-10.9505;56;-58;0.0440;-0.0012;-0.0026;-0.0147;-0.1056;-0.0471;-0.0000;10308
1298.0;0.0005;0.0000;-10.6332;-10.9505;56;-58;-0.1222;-0.0026;-0.0026;-0.0137;-0.1056;-0.0471;-0.0000;10308
1298.5;0.0009;0.0000;-10.6332;-10.9505;54;-58;0.0342;-0.0041;-0.0026;-0.0137;-0.1056;-0.0471;-0.0000;10359
1299.0;0.0014;0.0000;-10.6140;-10.9505;54;-60;0.0440;-0.0041;-0.0026;-0.0147;-0.1056;-0.0471;-0.0000;10308
1299.5;0.0014;0.0000;-10.5989;-10.9505;54;-60;-0.0440;-0.0041;-0.0026;-0.0156;-0.1056;-0.0471;-0.0000;10359
1300.0;0.0014;0.0000;-10.5797;-10.9505;54;-60;0.0538;-0.0056;-0.0026;-0.0156;-0.1056;-0.0471;-0.0000;10308
1300.5;0.0014;0.0000;-10.5426;-10.9505;54;-60;0.0244;-0.0056;-0.0026;-0.0176;-0.1056;-0.0471;-0.0000;10308
1301.0;0.0018;0.0000;-10.5206;-10.9505;54;-60;-0.1222;-0.0056;-0.0026;-0.0186;-0.1056;-0.0471;-0.0000;10359
1301.5;0.0018;0.0000;-10.4808;-10.9505;56;-60;0.0440;-0.0056;-0.0026;-0.0205;-0.1056;-0.0471;-0.0000;10359
1302.0;0.0009;0.0000;-10.4629;-10.9505;56;-60;-0.0342;-0.0041;-0.0026;-0.0205;-0.1056;-0.0471;-0.0000;10308
1302.5;0.0005;0.0000;-10.4560;-10.9505;56;-60;0.0342;-0.0026;-0.0026;-0.0215;-0.1056;-0.0471;-0.0000;10359
1303.0;0.0000;0.0000;-10.4478;-10.9505;58;-58;0.0244;-0.0012;-0.0026;-0.0215;-0.1056;-0.0471;-0.0000;10359
1303.5;-0.0009;0.0000;-10.4643;-10.9505;58;-58;-0.0440;0.0003;-0.0026;-0.0205;-0.1056;-0.0471;-0.0000;10308
1304.0;-0.0014;0.0000;-10.4368;-10.9505;58;-58;0.0342;0.0032;-0.0026;-0.0225;-0.1056;-0.0471;-0.0000;10359
1304.5;-0.0018;0.0000;-10.4368;-10.9505;60;-56;0.0440;0.0032;-0.0026;-0.0225;-0.1056;-0.0471;-0.0000;10308
1305.0;-0.0014;0.0000;-10.3970;-10.9505;60;-58;-0.0538;0.0032;-0.0026;-0.0235;-0.1056;-0.0471;-0.0000;10308
1305.5;-0.0014;0.0000;-10.3956;-10.9505;58;-58;0.0342;0.0018;-0.0026;-0.0235;-0.1056;-0.0471;-0.0000;10359
1306.0;-0.0009;0.0000;-10.3860;-10.9505;58;-60;-0.1222;0.0018;-0.0026;-0.0244;-0.1056;-0.0471;-0.0000;10308
1306.5;-0.0009;0.0000;-10.4025;-10.9505;58;-60;0.0342;0.0003;-0.0026;-0.0235;-0.1056;-0.0471;-0.0000;10359
1307.0;0.0000;0.0000;-10.4162;-10.9505;58;-60;-0.0440;-0.0012;-0.0026;-0.0225;-0.1056;-0.0471;-0.0000;10359
1307.5;0.0014;0.0000;-10.4148;-10.9505;56;-62;-0.0538;-0.0041;-0.0026;-0.0235;-0.1056;-0.0471;-0.0000;10308
1308.0;0.0014;0.0000;-10.4038;-10.9505;56;-62;-0.0440;-0.0056;-0.0026;-0.0235;-0.1056;-0.0471;-0.0000;10359
1308.5;0.0023;0.0000;-10.3997;-10.9505;54;-64;-0.0440;-0.0070;-0.0026;-0.0235;-0.1056;-0.0471;-0.0000;10308
1309.0;0.0027;0.0000;-10.4217;-10.9505;54;-64;0.0440;-0.0085;-0.0026;-0.0225;-0.1056;-0.0471;-0.0000;10308
1309.5;0.0032;0.0000;-10.4203;-10.9505;54;-64;-0.1320;-0.0100;-0.0026;-0.0225;-0.1056;-0.0471;-0.0000;10308
1310.0;0.0037;0.0000;-10.4670;-10.9505;54;-64;0.0342;-0.0100;-0.0026;-0.0205;-0.1056;-0.0471;-0.0000;10308
1310.5;0.0027;0.0000;-10.4918;-10.9505;54;-62;-0.0342;-0.0085;-0.0026;-0.0196;-0.1056;-0.0471;-0.0000;10308
1311.0;0.0023;0.0000;-10.5398;-10.9505;54;-62;0.0440;-0.0070;-0.0026;-0.0176;-0.1056;-0.0471;-0.0000;10359
1311.5;0.0023;0.0000;-10.5659;-10.9505;54;-60;0.0440;-0.0070;-0.0026;-0.0166;-0.1056;-0.0471;-0.0000;10359
1312.0;0.0027;0.0000;-10.6113;-10.9505;54;-60;-0.0440;-0.0085;-0.0026;-0.0147;-0.1056;-0.0471;-0.0000;10308
1312.5;0.0023;0.0000;-10.6401;-10.9505;54;-60;-0.0342;-0.0070;-0.0026;-0.0137;-0.1056;-0.0471;-0.0000;10359
1313.0;0.0027;0.0000;-10.6223;-10.9505;54;-60;-0.0342;-0.0085;-0.0026;-0.0147;-0.1056;-0.0471;-0.0000;10308
1313.5;0.0032;0.0000;-10.6071;-10.9505;52;-60;0.0440;-0.0085;-0.0026;-0.0147;-0.1056;-0.0471;-0.0000;10359
1314.0;0.0032;0.0000;-10.5934;-10.9505;52;-60;-0.0440;-0.0085;-0.0026;-0.0156;-0.1056;-0.0471;-0.0000;10359
1314.5;0.0023;0.0000;-10.5920;-10.9505;54;-60;-0.0440;-0.0070;-0.0026;-0.0156;-0.1056;-0.0471;-0.0000;10308
1315.0;0.0018;0.0000;-10.5659;-10.9505;54;-60;0.0440;-0.0070;-0.0026;-0.0166;-0.1056;-0.0471;-0.0000;10359
1315.5;0.0018;0.0000;-10.5687;-10.9505;54;-58;0.0342;-0.0056;-0.0026;-0.0166;-0.1056;-0.0471;-0.0000;10359
1316.0;0.0009;0.0000;-10.5357;-10.9505;56;-58;-0.0342;-0.0026;-0.0026;-0.0176;-0.1056;-0.0471;-0.0000;10359
1316.5;0.0000;0.0000;-10.5110;-10.9505;58;-58;-0.0538;-0.0012;-0.0026;-0.0186;-0.1056;-0.0471;-0.0000;10359
1317.0;-0.0005;0.0000;-10.4959;-10.9505;58;-58;0.0342;0.0003;-0.0026;-0.0196;-0.1056;-0.0471;-0.0000;10359
1317.5;-0.0014;0.0000;-10.4712;-10.9505;60;-56;-0.0440;0.0018;-0.0026;-0.0205;-0.1056;-0.0471;-0.0000;10308
1318.0;-0.0023;0.0000;-10.4643;-10.9505;60;-56;-0.0440;0.0047;-0.0026;-0.0205;-0.1056;-0.0471;-0.0000;10359
1318.5;-0.0032;0.0000;-10.4643;-10.9505;62;-56;-0.0440;0.0076;-0.0026;-0.0205;-0.1056;-0.0471;-0.0000;10359
1319.0;-0.0041;0.0000;-10.4973;-10.9505;62;-54;0.0342;0.0091;-0.0026;-0.0196;-0.1056;-0.0471;-0.0000;10308
1319.5;-0.0041;0.0000;-10.5192;-10.9505;60;-54;-0.0342;0.0091;-0.0026;-0.0186;-0.1056;-0.0471;-0.0000;10359
1320.0;-0.0037;0.0000;-10.5563;-10.9505;60;-54;0.0342;0.0076;-0.0026;-0.0166;-0.1056;-0.0471;-0.0000;10308
1320.5;-0.0037;0.0000;-10.5989;-10.9505;58;-54;0.0440;0.0076;-0.0026;-0.0156;-0.1056;-0.0471;-0.0000;10359
1321.0;-0.0041;0.0000;-10.6415;-10.9505;58;-54;-0.0440;0.0091;-0.0026;-0.0137;-0.1056;-0.0471;-0.0000;10359
1321.5;-0.0046;0.0000;-10.6580;-10.9505;58;-52;0.0440;0.0105;-0.0026;-0.0127;-0.1056;-0.0471;-0.0000;10308
1322.0;-0.0050;0.0000;-10.6580;-10.9505;58;-52;0.0440;0.0105;-0.0026;-0.0127;-0.1056;-0.0471;-0.0000;10359
1322.5;-0.0050;0.0000;-10.6648;-10.9505;58;-52;-0.1124;0.0105;-0.0026;-0.0127;-0.1056;-0.0471;-0.0000;10359
1323.0;-0.0050;0.0000;-10.6332;-10.9505;58;-54;0.0342;0.0105;-0.0026;-0.0137;-0.1056;-0.0471;-0.0000;10359
1323.5;-0.0050;0.0000;-10.6277;-10.9505;60;-54;-0.1222;0.0105;-0.0026;-0.0137;-0.1056;-0.0471;-0.0000;10359
1324.0;-0.0050;0.0000;-10.5783;-10.9505;60;-54;0.0440;0.0105;-0.0026;-0.0156;-0.1056;-0.0471;-0.0000;10359
1324.5;-0.0050;0.0000;-10.5398;-10.9505;60;-56;-0.0538;0.0105;-0.0026;-0.0176;-0.1056;-0.0471;-0.0000;10308
1325.0;-0.0046;0.0000;-10.5027;-10.9505;60;-56;0.0440;0.0105;-0.0026;-0.0196;-0.1056;-0.0471;-0.0000;10359
1325.5;-0.0041;0.0000;-10.4766;-10.9478;58;-56;-0.0538;0.0091;-0.0026;-0.0205;-0.1056;-0.0431;-0.0000;10359
1326.0;-0.0032;0.0000;-10.4533;-10.9464;58;-58;0.0342;0.0076;-0.0026;-0.0215;-0.1056;-0.0431;-0.0000;10359
1326.5;-0.0027;0.0000;-10.3984;-10.9437;58;-60;-0.1320;0.0062;-0.0026;-0.0235;-0.1056;-0.0431;-0.0000;10359
1327.0;-0.0027;0.0000;-10.3874;-10.9396;58;-60;0.0440;0.0047;-0.0026;-0.0235;-0.1056;-0.0431;-0.0000;10308
1327.5;-0.0023;0.0000;-10.3626;-10.9354;58;-60;-0.0538;0.0047;-0.0026;-0.0244;-0.1056;-0.0431;-0.0000;10308
1328.0;-0.0027;0.0000;-10.3626;-10.9299;58;-58;-0.0538;0.0062;-0.0026;-0.0244;-0.1056;-0.0431;-0.0000;10308
1328.5;-0.0027;0.0000;-10.3407;-10.9231;58;-58;-0.0440;0.0047;-0.0026;-0.0254;-0.1056;-0.0392;-0.0000;10308
1329.0;-0.0032;0.0000;-10.3297;-10.9176;58;-58;-0.0538;0.0062;-0.0012;-0.0254;-0.1056;-0.0392;-0.0000;10359
1329.5;-0.0032;0.0000;-10.2734;-10.9093;58;-58;0.0342;0.0076;-0.0012;-0.0274;-0.1056;-0.0392;-0.0000;10359
1330.0;-0.0027;0.0000;-10.2747;-10.9011;58;-58;-0.0538;0.0062;-0.0012;-0.0264;-0.1056;-0.0392;-0.0000;10359
1330.5;-0.0018;0.0000;-10.2418;-10.8929;58;-60;-0.0538;0.0032;-0.0012;-0.0274;-0.1056;-0.0392;-0.0000;10359
1331.0;-0.0014;0.0000;-10.2486;-10.8819;56;-60;-0.0538;0.0032;-0.0012;-0.0274;-0.1056;-0.0392;-0.0000;10359
1331.5;-0.0009;0.0000;-10.2308;-10.8723;56;-60;-0.0440;0.0003;-0.0012;-0.0274;-0.1056;-0.0353;-0.0000;10308
1332.0;-0.0009;0.0000;-10.1964;-10.8613;56;-60;-0.0635;0.0018;-0.0012;-0.0283;-0.1056;-0.0353;-0.0000;10308
1332.5;-0.0014;0.0000;-10.1854;-10.8489;56;-60;0.0244;0.0018;-0.0012;-0.0283;-0.1056;-0.0353;-0.0000;10359
1333.0;-0.0014;0.0000;-10.2005;-10.8365;56;-58;0.0244;0.0018;-0.0012;-0.0274;-0.1056;-0.0353;-0.0000;10308
1333.5;-0.0014;0.0000;-10.2747;-10.8228;54;-56;0.0342;0.0018;-0.0012;-0.0235;-0.1056;-0.0353;-0.0000;10359
1334.0;-0.0014;0.0000;-10.3338;-10.8077;54;-56;0.0440;0.0018;-0.0012;-0.0205;-0.1056;-0.0353;-0.0000;10359
1334.5;-0.0014;0.0000;-10.3942;-10.7926;52;-54;-0.0635;0.0018;-0.0012;-0.0176;-0.1056;-0.0314;-0.0000;10359
1335.0;-0.0023;0.0000;-10.4148;-10.7775;52;-52;0.0342;0.0032;-0.0012;-0.0156;-0.1056;-0.0314;-0.0000;10359
1335.5;-0.0027;0.0000;-10.4341;-10.7610;52;-52;0.0342;0.0047;-0.0012;-0.0147;-0.1056;-0.0314;-0.0000;10359
1336.0;-0.0027;0.0000;-10.4615;-10.7431;52;-50;0.0440;0.0062;-0.0012;-0.0127;-0.1056;-0.0314;-0.0000;10359
1336.5;-0.0032;0.0000;-10.4698;-10.7253;52;-50;0.0342;0.0062;-0.0012;-0.0108;-0.1056;-0.0314;-0.0000;10359
1337.0;-0.0023;0.0000;-10.4684;-10.7074;50;-50;-0.0538;0.0047;-0.0012;-0.0108;-0.1056;-0.0314;-0.0000;10359
1337.5;-0.0027;0.0000;-10.3970;-10.6868;52;-50;-0.0440;0.0062;-0.0012;-0.0127;-0.1056;-0.0275;-0.0000;10359
1338.0;-0.0023;0.0000;-10.3846;-10.6676;50;-52;-0.0440;0.0047;-0.0012;-0.0127;-0.1056;-0.0275;-0.0000;10359
1338.5;-0.0018;0.0000;-10.3146;-10.6456;50;-52;0.0440;0.0032;-0.0012;-0.0147;-0.1056;-0.0275;-0.0000;10359
1339.0;-0.0014;0.0000;-10.2651;-10.6250;50;-52;0.0147;0.0018;-0.0012;-0.0156;-0.1056;-0.0275;-0.0000;10359
1339.5;-0.0014;0.0000;-10.2088;-10.6016;50;-52;0.0244;0.0018;-0.0012;-0.0166;-0.1056;-0.0275;-0.0000;10359
1340.0;-0.0009;0.0000;-10.1662;-10.5783;50;-52;-0.0538;0.0018;-0.0012;-0.0176;-0.1056;-0.0275;-0.0000;10359
1340.5;-0.0009;0.0000;-10.1058;-10.5549;50;-54;0.0342;0.0003;-0.0012;-0.0196;-0.1056;-0.0235;-0.0000;10359
1341.0;-0.0009;0.0000;-10.0343;-10.5302;50;-54;0.0147;0.0003;-0.0012;-0.0215;-0.1056;-0.0235;-0.0000;10359
1341.5;0.0000;0.0000;-9.9821;-10.5041;50;-54;-0.0635;-0.0012;-0.0012;-0.0225;-0.1056;-0.0235;-0.0000;10359
1342.0;0.0000;0.0000;-9.9107;-10.4780;50;-54;-0.0635;-0.0012;-0.0012;-0.0244;-0.1056;-0.0235;-0.0000;10359
1342.5;-0.0005;0.0000;-9.8475;-10.4505;52;-54;0.0147;-0.0012;-0.0012;-0.0254;-0.1056;-0.0235;-0.0000;10359
1343.0;-0.0005;0.0000;-9.7679;-10.4231;52;-54;0.0147;0.0003;-0.0012;-0.0283;-0.1056;-0.0196;-0.0000;10359
1343.5;-0.0005;0.0000;-9.7102;-10.3956;52;-54;0.0049;0.0003;-0.0012;-0.0293;-0.1056;-0.0196;-0.0000;10359
1344.0;-0.0014;0.0000;-9.6607;-10.3654;52;-54;-0.0733;0.0018;-0.0012;-0.0303;-0.1056;-0.0196;-0.0000;10359
1344.5;-0.0018;0.0000;-9.6484;-10.3352;54;-52;0.0147;0.0032;-0.0012;-0.0293;-0.1056;-0.0196;-0.0000;10359
1345.0;-0.0023;0.0000;-9.6140;-10.3049;54;-52;0.0147;0.0032;-0.0012;-0.0293;-0.1056;-0.0196;-0.0000;10359
1345.5;-0.0023;0.0000;-9.5755;-10.2734;54;-52;-0.0049;0.0047;-0.0012;-0.0293;-0.1056;-0.0196;-0.0000;10359
1346.0;-0.0023;0.0000;-9.5124;-10.2418;54;-52;-0.0049;0.0047;-0.0012;-0.0313;-0.1056;-0.0157;-0.0000;10359
1346.5;-0.0023;0.0000;-9.4231;-10.2088;54;-52;-0.0831;0.0047;-0.0012;-0.0332;-0.1056;-0.0157;-0.0000;10359
1347.0;-0.0023;0.0000;-9.3585;-10.1744;54;-52;-0.0049;0.0047;-0.0012;-0.0352;-0.1056;-0.0157;-0.0000;10359
1347.5;-0.0023;0.0000;-9.2843;-10.1401;54;-52;0.0049;0.0047;-0.0012;-0.0362;-0.1056;-0.0157;-0.0000;10359
1348.0;-0.0023;0.0000;-9.2665;-10.1044;54;-52;-0.0147;0.0047;-0.0012;-0.0362;-0.1056;-0.0157;-0.0000;10359
1348.5;-0.0018;0.0000;-9.2212;-10.0687;52;-54;-0.0929;0.0032;-0.0012;-0.0362;-0.1056;-0.0118;-0.0000;10359
1349.0;-0.0014;0.0000;-9.2129;-10.0316;52;-54;-0.0049;0.0018;-0.0012;-0.0352;-0.1056;-0.0118;-0.0000;10359
1349.5;-0.0009;0.0000;-9.2005;-9.9945;50;-54;-0.0049;0.0003;-0.0012;-0.0342;-0.1056;-0.0118;-0.0000;10359
1350.0;-0.0005;0.0000;-9.2198;-9.9560;48;-52;-0.0147;0.0003;-0.0012;-0.0313;-0.1056;-0.0118;-0.0000;10359
1350.5;-0.0005;0.0000;-9.2198;-9.9176;48;-52;-0.0147;0.0003;-0.0012;-0.0293;-0.1056;-0.0118;-0.0000;10359
1351.0;-0.0005;0.0000;-9.1868;-9.8777;48;-52;-0.0049;-0.0012;-0.0012;-0.0293;-0.1056;-0.0078;-0.0000;10359
1351.5;0.0000;0.0000;-9.1676;-9.8365;48;-52;-0.0049;-0.0012;-0.0012;-0.0283;-0.1056;-0.0078;-0.0000;10359
1352.0;0.0000;0.0000;-9.1209;-9.7953;48;-50;-0.0049;-0.0012;-0.0012;-0.0293;-0.1056;-0.0078;-0.0000;10359
1352.5;0.0000;0.0000;-9.0920;-9.7541;46;-50;-0.0244;-0.0012;-0.0012;-0.0283;-0.1056;-0.0078;-0.0000;10359
1353.0;-0.0009;0.0000;-9.0330;-9.7115;48;-50;-0.0929;0.0003;-0.0012;-0.0293;-0.1056;-0.0078;-0.0000;10359
1353.5;-0.0005;0.0000;-9.0027;-9.6676;48;-50;0.0733;0.0003;-0.0012;-0.0283;-0.1056;-0.0039;-0.0000;10359
1354.0;-0.0009;0.0000;-8.9423;-9.6236;48;-50;-0.0929;0.0018;-0.0012;-0.0293;-0.1056;-0.0039;-0.0000;10359
1354.5;-0.0014;0.0000;-8.9093;-9.5783;48;-48;-0.0147;0.0018;-0.0012;-0.0283;-0.1056;-0.0039;-0.0000;10359
1355.0;-0.0009;0.0000;-8.8544;-9.5330;48;-48;0.0538;0.0018;-0.0012;-0.0293;-0.1056;-0.0039;-0.0000;10359
1355.5;0.0000;0.0000;-8.8255;-9.4863;46;-48;0.0635;-0.0012;-0.0012;-0.0283;-0.1056;-0.0039;-0.0000;10359
1356.0;0.0009;0.0000;-8.7871;-9.4382;44;-50;-0.0244;-0.0041;-0.0012;-0.0274;-0.1056;0.0000;-0.0000;10359
1356.5;0.0014;0.0000;-8.6896;-9.3901;44;-50;-0.0147;-0.0041;-0.0012;-0.0303;-0.1056;0.0000;-0.0000;10359
1357.0;0.0018;0.0000;-8.6291;-9.3420;44;-50;-0.0342;-0.0056;-0.0012;-0.0303;-0.1056;0.0000;-0.0000;10359
1357.5;0.0027;0.0000;-8.5591;-9.2926;42;-52;-0.0342;-0.0070;-0.0012;-0.0313;-0.1056;0.0000;-0.0000;10359
1358.0;0.0032;0.0000;-8.5165;-9.2418;40;-52;-0.0244;-0.0100;-0.0012;-0.0313;-0.1056;0.0000;-0.0000;10359
1358.5;0.0037;0.0000;-8.4712;-9.1909;40;-52;-0.0342;-0.0100;-0.0012;-0.0303;-0.1056;0.0039;-0.0000;10359
1359.0;0.0046;0.0000;-8.4451;-9.1401;38;-52;-0.0342;-0.0129;-0.0012;-0.0293;-0.1056;0.0039;-0.0000;10410
1359.5;0.0050;0.0000;-8.3956;-9.0865;36;-52;0.1222;-0.0144;-0.0012;-0.0293;-0.1056;0.0039;-0.0000;10410
1360.0;0.0064;0.0000;-8.3255;-9.0343;36;-52;0.0440;-0.0173;-0.0012;-0.0303;-0.1056;0.0039;-0.0000;10410
1360.5;0.0069;0.0000;-8.2665;-8.9794;36;-52;-0.0440;-0.0188;-0.0012;-0.0303;-0.1056;0.0039;-0.0000;10359
1361.0;0.0073;0.0000;-8.1772;-8.9244;36;-54;-0.0440;-0.0202;-0.0012;-0.0323;-0.1056;0.0078;-0.0000;10359
1361.5;0.0082;0.0000;-8.0824;-8.8695;34;-54;0.0342;-0.0217;-0.0012;-0.0332;-0.1056;0.0078;-0.0000;10359
1362.0;0.0082;0.0000;-7.9574;-8.8132;36;-54;0.0244;-0.0217;-0.0026;-0.0362;-0.1056;0.0078;-0.0000;10359
1362.5;0.0082;0.0000;-7.8791;-8.7555;36;-54;-0.0538;-0.0217;-0.0026;-0.0371;-0.1056;0.0078;-0.0000;10359
1363.0;0.0078;0.0000;-7.7857;-8.6978;36;-54;-0.0538;-0.0202;-0.0026;-0.0391;-0.1056;0.0078;-0.0000;10359
1363.5;0.0069;0.0000;-7.7321;-8.6401;38;-52;0.0244;-0.0188;-0.0026;-0.0381;-0.1056;0.0118;-0.0000;10359
1364.0;0.0064;0.0000;-7.6799;-8.5810;38;-50;-0.0635;-0.0173;-0.0026;-0.0381;-0.1056;0.0118;-0.0000;10359
1364.5;0.0050;0.0000;-7.6497;-8.5206;40;-48;0.0147;-0.0144;-0.0026;-0.0371;-0.1056;0.0118;-0.0000;10359
1365.0;0.0050;0.0000;-7.5838;-8.4602;40;-48;0.0147;-0.0129;-0.0026;-0.0371;-0.1056;0.0118;-0.0000;10359
1365.5;0.0041;0.0000;-7.4876;-8.3984;40;-46;0.0147;-0.0114;-0.0026;-0.0391;-0.1056;0.0118;-0.0000;10410
1366.0;0.0032;0.0000;-7.4066;-8.3365;42;-46;-0.0733;-0.0100;-0.0026;-0.0391;-0.1056;0.0157;-0.0000;10359
1366.5;0.0023;0.0000;-7.3242;-8.2734;44;-44;0.0049;-0.0070;-0.0026;-0.0401;-0.1056;0.0157;-0.0000;10359
1367.0;0.0023;0.0000;-7.2582;-8.2088;42;-42;0.0147;-0.0070;-0.0026;-0.0401;-0.1056;0.0157;-0.0000;10359
1367.5;0.0018;0.0000;-7.1703;-8.1456;42;-44;-0.0831;-0.0070;-0.0026;-0.0411;-0.1056;0.0157;-0.0000;10359
1368.0;0.0014;0.0000;-7.0893;-8.0797;44;-42;0.0049;-0.0041;-0.0026;-0.0420;-0.1056;0.0196;-0.0000;10359
1368.5;0.0014;0.0000;-7.0124;-8.0137;42;-42;-0.0049;-0.0041;-0.0026;-0.0430;-0.1056;0.0196;-0.0000;10410
1369.0;0.0009;0.0000;-6.9533;-7.9464;42;-42;-0.0049;-0.0026;-0.0026;-0.0420;-0.1056;0.0196;-0.0000;10410
1369.5;0.0005;0.0000;-6.9038;-7.8791;40;-40;-0.0049;-0.0026;-0.0026;-0.0411;-0.1056;0.0196;-0.0000;10410
1370.0;0.0009;0.0000;-6.8489;-7.8118;40;-40;-0.0049;-0.0026;-0.0026;-0.0411;-0.1056;0.0196;-0.0000;10410
1370.5;0.0009;0.0000;-6.7898;-7.7418;38;-40;0.0635;-0.0041;-0.0026;-0.0401;-0.1056;0.0235;-0.0000;10410
1371.0;0.0014;0.0000;-6.7019;-7.6731;38;-42;-0.1026;-0.0041;-0.0026;-0.0411;-0.1056;0.0235;-0.0000;10410
1371.5;0.0005;0.0000;-6.6277;-7.6016;38;-40;-0.0147;-0.0026;-0.0026;-0.0411;-0.1056;0.0235;-0.0000;10410
1372.0;0.0005;0.0000;-6.5467;-7.5302;38;-40;0.0538;-0.0026;-0.0026;-0.0420;-0.1056;0.0235;-0.0000;10410
1372.5;0.0000;0.0000;-6.4739;-7.4588;38;-40;-0.1026;-0.0012;-0.0026;-0.0420;-0.1056;0.0275;-0.0000;10410
1373.0;-0.0005;0.0000;-6.4011;-7.3860;38;-38;0.0538;-0.0012;-0.0026;-0.0420;-0.1056;0.0275;-0.0000;10410
1373.5;-0.0009;0.0000;-6.3310;-7.3118;38;-38;-0.0244;0.0018;-0.0026;-0.0420;-0.1056;0.0275;-0.0000;10410
1374.0;-0.0018;0.0000;-6.2830;-7.2376;38;-36;0.0538;0.0032;-0.0026;-0.0411;-0.1056;0.0275;-0.0000;10410
1374.5;-0.0014;0.0000;-6.2129;-7.1635;38;-36;-0.0244;0.0018;-0.0026;-0.0401;-0.1056;0.0275;-0.0000;10410
1375.0;-0.0018;0.0000;-6.1511;-7.0879;38;-36;-0.0342;0.0032;-0.0026;-0.0401;-0.1056;0.0314;-0.0000;10410
1375.5;-0.0023;0.0000;-6.0453;-7.0137;38;-36;0.0440;0.0047;-0.0026;-0.0411;-0.1056;0.0314;-0.0000;10410
1376.0;-0.0018;0.0000;-5.9725;-6.9382;38;-36;-0.0342;0.0032;-0.0026;-0.0411;-0.1056;0.0314;-0.0000;10410
1376.5;-0.0018;0.0000;-5.8668;-6.8626;38;-36;-0.0440;0.0032;-0.0026;-0.0420;-0.1056;0.0314;-0.0000;10410
1377.0;-0.0023;0.0000;-5.7651;-6.7885;38;-36;0.0342;0.0047;-0.0026;-0.0430;-0.1056;0.0314;-0.0000;10410
1377.5;-0.0023;0.0000;-5.6813;-6.7129;38;-36;0.0342;0.0047;-0.0026;-0.0440;-0.1056;0.0314;-0.0000;10410
1378.0;-0.0027;0.0000;-5.6058;-6.6387;38;-36;-0.1320;0.0047;-0.0026;-0.0440;-0.1056;0.0314;-0.0000;10410
1378.5;-0.0032;0.0000;-5.5549;-6.5632;38;-34;0.1124;0.0076;-0.0026;-0.0430;-0.1056;0.0314;-0.0000;10410
1379.0;-0.0032;0.0000;-5.4959;-6.4876;38;-34;-0.0538;0.0062;-0.0026;-0.0420;-0.1056;0.0314;-0.0000;10410
1379.5;-0.0027;0.0000;-5.4670;-6.4135;36;-34;0.0244;0.0062;-0.0026;-0.0401;-0.1056;0.0314;-0.0000;10410
1380.0;-0.0027;0.0000;-5.4107;-6.3379;36;-34;0.0147;0.0062;-0.0026;-0.0391;-0.1056;0.0314;-0.0000;10410
1380.5;-0.0032;0.0000;-5.3516;-6.2637;36;-34;-0.0538;0.0076;-0.0026;-0.0391;-0.1056;0.0314;-0.0000;10410
1381.0;-0.0032;0.0000;-5.2651;-6.1882;34;-34;0.0929;0.0062;-0.0026;-0.0391;-0.1056;0.0314;-0.0000;10410
1381.5;-0.0027;0.0000;-5.2005;-6.1126;34;-34;0.0244;0.0062;-0.0026;-0.0391;-0.1056;0.0353;-0.0000;10410
1382.0;-0.0032;0.0000;-5.0975;-6.0385;36;-34;-0.0733;0.0076;-0.0026;-0.0401;-0.1056;0.0353;-0.0000;10410
1382.5;-0.0037;0.0000;-4.9876;-5.9629;36;-34;0.0049;0.0076;-0.0026;-0.0411;-0.1056;0.0353;-0.0000;10410
1383.0;-0.0037;0.0000;-4.8929;-5.8887;36;-32;0.0049;0.0091;-0.0026;-0.0420;-0.1056;0.0353;-0.0000;10410
1383.5;-0.0041;0.0000;-4.8036;-5.8132;36;-32;0.0049;0.0091;-0.0026;-0.0430;-0.1056;0.0353;-0.0000;10410
1384.0;-0.0041;0.0000;-4.7280;-5.7376;36;-32;-0.0049;0.0091;-0.0026;-0.0430;-0.1056;0.0353;-0.0000;10410
1384.5;-0.0041;0.0000;-4.6607;-5.6635;36;-32;-0.0049;0.0091;-0.0026;-0.0430;-0.1056;0.0353;-0.0000;10410
1385.0;-0.0041;0.0000;-4.6168;-5.5879;34;-32;-0.0049;0.0091;-0.0026;-0.0411;-0.1056;0.0353;-0.0000;10410
1385.5;-0.0041;0.0000;-4.5659;-5.5137;34;-32;-0.0049;0.0091;-0.0012;-0.0401;-0.1056;0.0353;-0.0000;10410
1386.0;-0.0041;0.0000;-4.5220;-5.4382;34;-32;-0.0049;0.0091;-0.0012;-0.0391;-0.1056;0.0353;-0.0000;10410
1386.5;-0.0037;0.0000;-4.4574;-5.3626;34;-32;-0.0147;0.0076;-0.0012;-0.0381;-0.1056;0.0353;-0.0000;10410
1387.0;-0.0046;0.0000;-4.4080;-5.2885;32;-30;0.0635;0.0105;-0.0012;-0.0371;-0.1056;0.0353;-0.0000;10410
1387.5;-0.0041;0.0000;-4.3310;-5.2129;32;-30;0.0635;0.0091;-0.0012;-0.0371;-0.1056;0.0353;-0.0000;10410
1388.0;-0.0046;0.0000;-4.2473;-5.1387;34;-30;-0.1026;0.0105;-0.0012;-0.0381;-0.1056;0.0392;-0.0000;10410
1388.5;-0.0041;0.0000;-4.1511;-5.0632;32;-30;-0.0244;0.0091;-0.0012;-0.0391;-0.1056;0.0392;-0.0000;10410
1389.0;-0.0032;0.0000;-4.0701;-4.9876;30;-30;0.0538;0.0062;-0.0012;-0.0391;-0.1056;0.0392;-0.0000;10410
1389.5;-0.0023;0.0000;-3.9904;-4.9135;30;-32;-0.0244;0.0047;-0.0012;-0.0391;-0.1056;0.0392;-0.0000;10410
1390.0;-0.0027;0.0000;-3.8997;-4.8379;30;-32;0.0538;0.0047;-0.0012;-0.0401;-0.1056;0.0392;-0.0000;10410
1390.5;-0.0032;0.0000;-3.8187;-4.7637;30;-30;0.0538;0.0076;-0.0012;-0.0401;-0.1056;0.0392;-0.0000;10410
1391.0;-0.0032;0.0000;-3.7486;-4.6882;30;-30;0.0440;0.0062;-0.0012;-0.0401;-0.1056;0.0392;-0.0000;10410
1391.5;-0.0032;0.0000;-3.6909;-4.6126;30;-30;-0.0342;0.0062;-0.0012;-0.0391;-0.1056;0.0392;-0.0000;10410
1392.0;-0.0027;0.0000;-3.6264;-4.5385;30;-30;-0.0440;0.0062;-0.0012;-0.0391;-0.1056;0.0392;-0.0000;10410
1392.5;-0.0037;0.0000;-3.5508;-4.4629;30;-28;0.0440;0.0076;-0.0012;-0.0391;-0.1056;0.0392;-0.0000;10410
1393.0;-0.0032;0.0000;-3.4890;-4.3887;30;-28;0.0342;0.0062;-0.0012;-0.0381;-0.1056;0.0392;-0.0000;10410
1393.5;-0.0027;0.0000;-3.4313;-4.3132;28;-28;-0.0538;0.0062;-0.0012;-0.0371;-0.1056;0.0392;-0.0000;10410
1394.0;-0.0027;0.0000;-3.3874;-4.2376;28;-28;-0.0538;0.0047;-0.0012;-0.0362;-0.1056;0.0392;-0.0000;10410
1394.5;-0.0023;0.0000;-3.3201;-4.1635;28;-28;0.1124;0.0047;-0.0012;-0.0362;-0.1056;0.0431;-0.0000;10410
1395.0;-0.0023;0.0000;-3.2692;-4.0879;28;-28;-0.0538;0.0047;-0.0012;-0.0352;-0.1056;0.0431;-0.0000;10410
1395.5;-0.0023;0.0000;-3.2129;-4.0137;26;-28;-0.0635;0.0047;-0.0012;-0.0342;-0.1056;0.0431;-0.0000;10410
1396.0;-0.0023;0.0000;-3.1552;-3.9382;26;-28;0.1026;0.0047;-0.0012;-0.0332;-0.1056;0.0431;-0.0000;10410
1396.5;-0.0023;0.0000;-3.1044;-3.8626;26;-28;-0.0538;0.0032;-0.0012;-0.0323;-0.1056;0.0431;-0.0000;10410
1397.0;-0.0027;0.0000;-3.0494;-3.7885;26;-26;-0.0538;0.0062;-0.0012;-0.0313;-0.1056;0.0431;-0.0000;10410
1397.5;-0.0032;0.0000;-2.9945;-3.7129;26;-24;0.1026;0.0062;-0.0012;-0.0303;-0.1056;0.0431;-0.0000;10410
1398.0;-0.0032;0.0000;-2.9327;-3.6387;26;-24;-0.0635;0.0076;-0.0012;-0.0303;-0.1056;0.0431;-0.0000;10410
1398.5;-0.0037;0.0000;-2.8874;-3.5659;26;-24;0.0929;0.0076;-0.0012;-0.0293;-0.1056;0.0431;-0.0000;10410
1399.0;-0.0037;0.0000;-2.8310;-3.4931;26;-24;-0.0635;0.0076;-0.0012;-0.0283;-0.1056;0.0431;-0.0000;10410
1399.5;-0.0037;0.0000;-2.7761;-3.4203;26;-24;0.0929;0.0076;-0.0012;-0.0274;-0.1056;0.0431;-0.0000;10410
1400.0;-0.0037;0.0000;-2.7047;-3.3489;26;-24;-0.0733;0.0076;-0.0012;-0.0274;-0.1056;0.0431;-0.0000;10410
1400.5;-0.0046;0.0000;-2.6580;-3.2788;26;-22;0.0049;0.0091;-0.0012;-0.0264;-0.1056;0.0431;-0.0000;10410
1401.0;-0.0041;0.0000;-2.6003;-3.2088;26;-22;0.0049;0.0091;-0.0012;-0.0264;-0.1056;0.0392;-0.0000;10410
1401.5;-0.0037;0.0000;-2.5385;-3.1401;26;-24;-0.0733;0.0076;-0.0012;-0.0254;-0.1056;0.0392;-0.0000;10410
1402.0;-0.0037;0.0000;-2.4863;-3.0714;26;-24;0.0831;0.0076;-0.0012;-0.0254;-0.1056;0.0392;-0.0000;10410
1402.5;-0.0037;0.0000;-2.4396;-3.0041;26;-24;-0.0831;0.0076;-0.0012;-0.0244;-0.1056;0.0392;-0.0000;10410
1403.0;-0.0032;0.0000;-2.3929;-2.9382;24;-24;0.0831;0.0076;-0.0012;-0.0235;-0.1056;0.0392;-0.0000;10410
1403.5;-0.0041;0.0000;-2.3420;-2.8723;24;-22;-0.0049;0.0091;-0.0012;-0.0225;-0.1056;0.0392;-0.0000;10410
1404.0;-0.0037;0.0000;-2.3077;-2.8063;24;-22;-0.0049;0.0076;-0.0012;-0.0215;-0.1056;0.0392;-0.0000;10410
1404.5;-0.0041;0.0000;-2.2679;-2.7418;24;-22;-0.0049;0.0091;-0.0012;-0.0205;-0.1056;0.0392;-0.0000;10410
1405.0;-0.0037;0.0000;-2.2294;-2.6786;24;-22;-0.0049;0.0076;-0.0012;-0.0196;-0.1056;0.0392;-0.0000;10410
1405.5;-0.0037;0.0000;-2.1882;-2.6154;24;-22;0.0733;0.0076;-0.0012;-0.0186;-0.1056;0.0392;-0.0000;10410
1406.0;-0.0032;0.0000;-2.1538;-2.5536;22;-22;-0.0929;0.0062;-0.0012;-0.0176;-0.1056;0.0392;-0.0000;10410
1406.5;-0.0032;0.0000;-2.1126;-2.4918;22;-22;0.0733;0.0062;-0.0012;-0.0166;-0.1056;0.0392;-0.0000;10410
1407.0;-0.0037;0.0000;-2.0549;-2.4313;22;-22;-0.0147;0.0076;-0.0012;-0.0166;-0.1056;0.0353;-0.0000;10410
1407.5;-0.0032;0.0000;-2.0041;-2.3709;22;-22;-0.0147;0.0076;-0.0012;-0.0156;-0.1056;0.0353;-0.0000;10410
1408.0;-0.0037;0.0000;-1.9547;-2.3118;24;-22;-0.0147;0.0076;-0.0012;-0.0156;-0.1056;0.0353;-0.0000;10410
1408.5;-0.0032;0.0000;-1.9080;-2.2527;22;-22;-0.0147;0.0076;-0.0012;-0.0147;-0.1056;0.0353;-0.0000;10410
1409.0;-0.0032;0.0000;-1.8462;-2.1951;22;-22;0.0635;0.0062;0.0003;-0.0156;-0.1056;0.0353;-0.0000;10410
1409.5;-0.0037;0.0000;-1.8104;-2.1387;22;-21;-0.0244;0.0076;0.0003;-0.0147;-0.1056;0.0353;-0.0000;10410
1410.0;-0.0032;0.0000;-1.7610;-2.0824;22;-22;-0.0244;0.0062;0.0003;-0.0137;-0.1056;0.0353;-0.0000;10410
1410.5;-0.0027;0.0000;-1.7225;-2.0261;22;-22;0.0538;0.0062;0.0003;-0.0137;-0.1056;0.0353;-0.0000;10410
1411.0;-0.0032;0.0000;-1.6786;-1.9712;22;-21;-0.0244;0.0076;0.0003;-0.0127;-0.1056;0.0353;-0.0000;10410
1411.5;-0.0027;0.0000;-1.6319;-1.9176;22;-22;-0.0342;0.0062;0.0003;-0.0127;-0.1056;0.0353;-0.0000;10410
1412.0;-0.0027;0.0000;-1.5824;-1.8640;22;-22;0.0538;0.0047;0.0003;-0.0127;-0.1056;0.0314;-0.0000;10410
1412.5;-0.0023;0.0000;-1.5426;-1.8118;21;-22;0.0538;0.0047;0.0003;-0.0117;-0.1056;0.0314;-0.0000;10410
1413.0;-0.0014;0.0000;-1.5027;-1.7596;21;-22;-0.0342;0.0018;0.0003;-0.0117;-0.1056;0.0314;-0.0000;10410
1413.5;-0.0009;0.0000;-1.4574;-1.7088;19;-22;0.0440;0.0003;0.0003;-0.0108;-0.1056;0.0314;-0.0000;10410
1414.0;-0.0014;0.0000;-1.4190;-1.6593;21;-22;-0.0342;0.0018;0.0003;-0.0108;-0.1056;0.0314;-0.0000;10410
1414.5;-0.0014;0.0000;-1.3819;-1.6099;21;-22;0.0440;0.0018;0.0003;-0.0098;-0.1056;0.0314;-0.0000;10410
1415.0;-0.0009;0.0000;-1.3379;-1.5604;21;-22;-0.0440;0.0003;0.0003;-0.0098;-0.1056;0.0314;-0.0000;10410
1415.5;-0.0005;0.0000;-1.3036;-1.5124;19;-22;0.0440;-0.0012;0.0003;-0.0098;-0.1056;0.0314;-0.0000;10410
1416.0;-0.0009;0.0000;-1.2624;-1.4657;21;-22;-0.0440;0.0003;0.0003;-0.0088;-0.1056;0.0314;-0.0000;10410
1416.5;-0.0009;0.0000;-1.2225;-1.4190;21;-22;0.0342;0.0018;0.0003;-0.0088;-0.1056;0.0314;-0.0000;10410
1417.0;-0.0005;0.0000;-1.1758;-1.3736;21;-22;-0.0440;0.0003;0.0003;-0.0088;-0.1056;0.0275;-0.0000;10410
1417.5;0.0000;0.0000;-1.1470;-1.3283;19;-22;0.0342;-0.0012;0.0003;-0.0078;-0.1056;0.0275;-0.0000;10410
1418.0;0.0000;0.0000;-1.1030;-1.2843;19;-22;0.0342;-0.0012;0.0003;-0.0078;-0.1056;0.0275;-0.0000;10410
1418.5;-0.0005;0.0000;-1.0755;-1.2404;21;-22;-0.0440;0.0003;0.0003;-0.0078;-0.1056;0.0275;-0.0000;10410
1419.0;0.0000;0.0000;-1.0343;-1.1978;21;-22;-0.0538;-0.0012;0.0003;-0.0078;-0.1056;0.0275;-0.0000;10410
1419.5;0.0000;0.0000;-1.0041;-1.1552;19;-22;0.0342;-0.0012;0.0003;-0.0068;-0.1056;0.0275;-0.0000;10410
1420.0;0.0005;0.0000;-0.9657;-1.1140;19;-22;0.0342;-0.0026;0.0003;-0.0068;-0.1056;0.0275;-0.0000;10410
1420.5;0.0005;0.0000;-0.9286;-1.0742;19;-22;0.0244;-0.0026;0.0003;-0.0068;-0.1056;0.0275;-0.0000;10410
1421.0;-0.0005;0.0000;-0.8956;-1.0343;21;-22;-0.0538;-0.0012;0.0003;-0.0059;-0.1056;0.0275;-0.0000;10410
1421.5;-0.0009;0.0000;-0.8530;-0.9945;21;-22;0.0244;0.0003;0.0003;-0.0068;-0.1056;0.0235;-0.0000;10410
1422.0;-0.0005;0.0000;-0.8214;-0.9574;21;-22;-0.0538;-0.0012;0.0003;-0.0059;-0.1056;0.0235;-0.0000;10410
1422.5;0.0000;0.0000;-0.7679;-0.9190;21;-22;0.0244;-0.0012;0.0003;-0.0068;-0.1056;0.0235;-0.0000;10410
1423.0;0.0000;0.0000;-0.7404;-0.8832;21;-22;0.0244;-0.0012;0.0003;-0.0068;-0.1056;0.0235;-0.0000;10410
1423.5;0.0005;0.0000;-0.7005;-0.8462;21;-22;0.0244;-0.0026;0.0003;-0.0068;-0.1056;0.0235;-0.0000;10410
1424.0;0.0005;0.0000;-0.6703;-0.8118;21;-22;0.0147;-0.0026;0.0003;-0.0068;-0.1056;0.0235;-0.0000;10410
1424.5;0.0000;0.0000;-0.6264;-0.7775;21;-22;-0.0635;-0.0012;0.0003;-0.0068;-0.1056;0.0235;-0.0000;10410
1425.0;-0.0005;0.0000;-0.6099;-0.7431;21;-22;0.0147;0.0003;0.0003;-0.0059;-0.1056;0.0235;-0.0000;10410
1425.5;-0.0009;0.0000;-0.5755;-0.7102;22;-21;0.0147;0.0018;0.0003;-0.0059;-0.1056;0.0235;-0.0000;10410
1426.0;-0.0005;0.0000;-0.5371;-0.6786;22;-22;-0.0635;0.0003;0.0003;-0.0068;-0.1056;0.0196;-0.0000;10410
1426.5;0.0000;0.0000;-0.5014;-0.6470;21;-22;0.0147;-0.0012;0.0003;-0.0068;-0.1056;0.0196;-0.0000;10410
1427.0;0.0000;0.0000;-0.4670;-0.6154;21;-22;0.0147;-0.0012;0.0003;-0.0068;-0.1056;0.0196;-0.0000;10410
1427.5;0.0005;0.0000;-0.4368;-0.5852;21;-24;0.0147;-0.0026;0.0003;-0.0068;-0.1056;0.0196;-0.0000;10410
1428.0;0.0005;0.0000;-0.3970;-0.5563;21;-24;0.0049;-0.0026;0.0003;-0.0068;-0.1056;0.0196;-0.0000;10410
1428.5;0.0005;0.0000;-0.3668;-0.5275;21;-24;0.0049;-0.0026;0.0003;-0.0068;-0.1056;0.0196;-0.0000;10410
1429.0;0.0005;0.0000;-0.3310;-0.5000;21;-24;0.0049;-0.0026;0.0003;-0.0078;-0.1056;0.0196;-0.0000;10410
1429.5;0.0005;0.0000;-0.3077;-0.4725;21;-24;0.0049;-0.0026;0.0003;-0.0078;-0.1056;0.0196;-0.0000;10410
1430.0;0.0005;0.0000;-0.2802;-0.4464;21;-24;0.0049;-0.0026;0.0003;-0.0078;-0.1056;0.0157;-0.0000;10410
1430.5;0.0005;0.0000;-0.2473;-0.4217;21;-24;0.0049;-0.0026;0.0003;-0.0078;-0.1056;0.0157;-0.0000;10410
1431.0;0.0005;0.0000;-0.2225;-0.3970;21;-24;0.0049;-0.0026;0.0003;-0.0078;-0.1056;0.0157;-0.0000;10410
1431.5;0.0005;0.0000;-0.1841;-0.3723;21;-24;0.0049;-0.0026;0.0003;-0.0088;-0.1056;0.0157;-0.0000;10410
1432.0;0.0005;0.0000;-0.1538;-0.3489;21;-24;0.0049;-0.0026;0.0003;-0.0088;-0.1056;0.0157;-0.0000;10410
1432.5;0.0005;0.0000;-0.1209;-0.3269;22;-24;-0.0049;-0.0026;0.0003;-0.0088;-0.1056;0.0157;-0.0000;10410
1433.0;0.0005;0.0000;-0.0934;-0.3049;22;-24;-0.0049;-0.0026;0.0003;-0.0098;-0.1056;0.0157;-0.0000;10410
1433.5;0.0005;0.0000;-0.0604;-0.2843;22;-24;-0.0049;-0.0026;0.0003;-0.0098;-0.1056;0.0118;-0.0000;10410
1434.0;0.0005;0.0000;-0.0357;-0.2637;22;-24;-0.0049;-0.0026;0.0003;-0.0098;-0.1056;0.0118;-0.0000;10410
1434.5;0.0005;0.0000;-0.0041;-0.2445;22;-24;-0.0049;-0.0026;0.0003;-0.0108;-0.1056;0.0118;-0.0000;10410
1435.0;0.0005;0.0000;0.0192;-0.2253;22;-24;-0.0049;-0.0026;0.0003;-0.0108;-0.1056;0.0118;-0.0000;10410
1435.5;0.0005;0.0000;0.0371;-0.2074;22;-24;-0.0049;-0.0026;0.0003;-0.0108;-0.1056;0.0118;-0.0000;10410
1436.0;0.0005;0.0000;0.0522;-0.1909;22;-24;-0.0049;-0.0026;0.0003;-0.0108;-0.1056;0.0118;-0.0000;10410
1436.5;0.0005;0.0000;0.0659;-0.1744;22;-26;-0.0049;-0.0026;0.0003;-0.0108;-0.1056;0.0118;-0.0000;10410
1437.0;0.0005;0.0000;0.0838;-0.1580;22;-26;-0.0049;-0.0026;0.0003;-0.0108;-0.1056;0.0118;-0.0000;10410
1437.5;0.0005;0.0000;0.0865;-0.1429;22;-26;-0.0049;-0.0026;0.0003;-0.0098;-0.1056;0.0078;-0.0000;10410
1438.0;0.0005;0.0000;0.0975;-0.1291;22;-26;-0.0049;-0.0026;0.0003;-0.0098;-0.1056;0.0078;-0.0000;10410
1438.5;0.0005;0.0000;0.1016;-0.1154;22;-26;-0.0049;-0.0026;0.0003;-0.0098;-0.1056;0.0078;-0.0000;10410
1439.0;0.0005;0.0000;0.1030;-0.1030;22;-26;-0.0049;-0.0026;0.0003;-0.0088;-0.1056;0.0078;-0.0000;10410
1439.5;0.0005;0.0000;0.1058;-0.0907;22;-26;-0.0049;-0.0026;0.0003;-0.0088;-0.1056;0.0078;-0.0000;10410
1440.0;0.0005;0.0000;0.1126;-0.0797;22;-26;-0.0049;-0.0026;0.0003;-0.0088;-0.1056;0.0078;-0.0000;10410
1440.5;0.0005;0.0000;0.1099;-0.0687;22;-26;-0.0049;-0.0026;0.0003;-0.0078;-0.1056;0.0078;-0.0000;10410
1441.0;0.0005;0.0000;0.1085;-0.0591;22;-26;-0.0049;-0.0026;0.0003;-0.0078;-0.1056;0.0039;-0.0000;10410
1441.5;0.0005;0.0000;0.1154;-0.0508;22;-26;-0.0049;-0.0026;0.0003;-0.0078;-0.1056;0.0039;-0.0000;10410
1442.0;0.0005;0.0000;0.1140;-0.0426;22;-26;-0.0049;-0.0026;0.0003;-0.0068;-0.1056;0.0039;-0.0000;10410
1442.5;0.0005;0.0000;0.1140;-0.0343;24;-26;-0.0049;-0.0026;0.0003;-0.0068;-0.1056;0.0039;-0.0000;10410
1443.0;0.0005;0.0000;0.1126;-0.0275;24;-26;-0.0049;-0.0026;0.0003;-0.0068;-0.1056;0.0039;-0.0000;10410
1443.5;0.0005;0.0000;0.1140;-0.0220;24;-26;-0.0049;-0.0026;0.0003;-0.0059;-0.1056;0.0039;-0.0000;10410
1444.0;0.0005;0.0000;0.1168;-0.0165;24;-26;-0.0049;-0.0026;0.0003;-0.0059;-0.1056;0.0039;-0.0000;10410
1444.5;0.0005;0.0000;0.1250;-0.0124;24;-26;-0.0049;-0.0026;0.0003;-0.0059;-0.1056;0.0000;-0.0000;10410
1445.0;0.0005;0.0000;0.1291;-0.0082;24;-26;-0.0049;-0.0012;-0.0012;-0.0059;-0.1056;0.0000;-0.0000;10410
1445.5;0.0000;0.0000;0.1291;-0.0055;24;-26;-0.0049;-0.0012;-0.0012;-0.0059;-0.1056;0.0000;-0.0000;10410
1446.0;0.0000;0.0000;0.1236;-0.0027;24;-26;-0.0049;-0.0012;-0.0012;-0.0059;-0.1056;0.0000;-0.0000;10410
1446.5;0.0000;0.0000;0.1236;-0.0014;24;-26;-0.0049;-0.0012;-0.0012;-0.0059;-0.1056;0.0000;-0.0000;10410
1447.0;0.0000;0.0000;0.1250;0.0000;24;-26;-0.0049;-0.0012;-0.0012;-0.0059;-0.1056;0.0000;-0.0000;10410
1447.5;0.0000;0.0000;0.1209;0.0000;24;-26;-0.0049;-0.0012;-0.0012;-0.0059;-0.1056;0.0000;-0.0000;10410
1448.0;0.0000;0.0000;0.1223;0.0000;24;-26;-0.0049;-0.0012;-0.0012;-0.0059;-0.1056;0.0000;-0.0000;10410
1448.5;0.0000;0.0000;0.1168;0.0000;24;-26;-0.0049;-0.0012;-0.0012;-0.0059;-0.1056;0.0000;-0.0000;10410
1449.0;0.0000;0.0000;0.1264;0.0000;24;-26;-0.0049;-0.0012;-0.0012;-0.0059;-0.1056;0.0000;-0.0000;10410
1449.5;0.0000;0.0000;0.1168;0.0000;24;-26;-0.0049;-0.0012;-0.0012;-0.0059;-0.1056;0.0000;-0.0000;10410
1450.0;0.0000;0.0000;0.1209;0.0000;24;-26;-0.0049;-0.0012;-0.0012;-0.0059;-0.1056;0.0000;-0.0000;10410
1450.5;0.0000;0.0000;0.1250;0.0000;24;-26;-0.0049;-0.0012;-0.0012;-0.0059;-0.1056;0.0000;-0.0000;10410
1451.0;0.0000;0.0000;0.1277;0.0000;24;-26;-0.0049;-0.0012;-0.0012;-0.0059;-0.1056;0.0000;-0.0000;10410
1451.5;0.0000;0.0000;0.1305;0.0000;24;-26;-0.0049;-0.0012;-0.0012;-0.0059;-0.1056;0.0000;-0.0000;10410
1452.0;0.0000;0.0000;0.1305;0.0000;24;-26;-0.0049;-0.0012;-0.0012;-0.0059;-0.1056;0.0000;-0.0000;10410
1452.5;0.0000;0.0000;0.1387;0.0000;24;-26;-0.0049;-0.0012;-0.0012;-0.0059;-0.1056;0.0000;-0.0000;10410
1453.0;0.0000;0.0000;0.1332;0.0000;24;-26;-0.0049;-0.0012;-0.0012;-0.0059;-0.1056;0.0000;-0.0000;10410
1453.5;0.0000;0.0000;0.1415;0.0000;24;-26;-0.0147;-0.0012;-0.0012;-0.0059;-0.1056;0.0000;-0.0000;10410
1454.0;0.0000;0.0000;0.1415;0.0000;24;-26;-0.0147;-0.0012;-0.0012;-0.0059;-0.1056;0.0000;-0.0000;10410
1454.5;0.0000;0.0000;0.1442;0.0000;24;-26;-0.0147;-0.0012;-0.0012;-0.0059;-0.1056;0.0000;-0.0000;10410
1455.0;0.0000;0.0000;0.1415;0.0000;24;-26;-0.0147;-0.0012;-0.0012;-0.0059;-0.1056;0.0000;-0.0000;10410
1455.5;0.0000;0.0000;0.1456;0.0000;24;-26;-0.0147;-0.0012;-0.0012;-0.0059;-0.1056;0.0000;-0.0000;10410
1456.0;0.0000;0.0000;0.1442;0.0000;24;-26;-0.0147;-0.0012;-0.0012;-0.0059;-0.1056;0.0000;-0.0000;10410
1456.5;0.0000;0.0000;0.1484;0.0000;24;-26;-0.0147;-0.0012;-0.0012;-0.0059;-0.1056;0.0000;-0.0000;10410
1457.0;0.0000;0.0000;0.1456;0.0000;24;-26;-0.0147;-0.0012;-0.0012;-0.0059;-0.1056;0.0000;-0.0000;10410
1457.5;0.0000;0.0000;0.1456;0.0000;24;-26;-0.0147;-0.0012;-0.0012;-0.0059;-0.1056;0.0000;-0.0000;10410
1458.0;-0.0009;0.0000;0.1415;0.0000;24;-26;0.0733;-0.0012;-0.0012;-0.0059;-0.1056;0.0000;-0.0000;10410
1458.5;-0.0014;0.0000;0.1497;0.0000;24;-26;-0.0147;-0.0012;-0.0012;-0.0059;-0.1056;0.0000;-0.0000;10410
1459.0;-0.0014;0.0000;0.1511;0.0000;24;-26;-0.0147;-0.0012;-0.0012;-0.0059;-0.1056;0.0000;-0.0000;10410
1459.5;-0.0018;0.0000;0.1552;0.0000;24;-26;-0.0147;-0.0012;-0.0012;-0.0059;-0.1056;0.0000;-0.0000;10410
1460.0;-0.0018;0.0000;0.1538;0.0000;24;-26;-0.0147;-0.0012;-0.0012;-0.0059;-0.1056;0.0000;-0.0000;10410
1460.5;-0.0018;0.0000;0.1497;0.0000;24;-26;-0.0147;-0.0012;-0.0012;-0.0059;-0.1056;0.0000;-0.0000;10410
1461.0;-0.0018;0.0000;0.1511;0.0000;24;-26;-0.0147;-0.0012;-0.0012;-0.0059;-0.1056;0.0000;-0.0000;10410
1461.5;-0.0018;0.0000;0.1566;0.0000;24;-26;-0.0147;-0.0012;-0.0012;-0.0059;-0.1056;0.0000;-0.0000;10410
1462.0;-0.0018;0.0000;0.1607;0.0000;24;-26;-0.0147;-0.0012;-0.0012;-0.0059;-0.1056;0.0000;-0.0000;10410
1462.5;-0.0018;0.0000;0.1593;0.0000;24;-26;-0.0147;-0.0012;-0.0012;-0.0059;-0.1056;0.0000;-0.0000;10410
1463.0;-0.0018;0.0000;0.1525;0.0000;24;-26;-0.0147;-0.0012;-0.0012;-0.0059;-0.1056;0.0000;-0.0000;10410
1463.5;-0.0018;0.0000;0.1621;0.0000;24;-26;-0.0147;-0.0012;-0.0012;-0.0059;-0.1056;0.0000;-0.0000;10410
1464.0;-0.0018;0.0000;0.1593;0.0000;24;-26;-0.0147;-0.0012;-0.0012;-0.0059;-0.1056;0.0000;-0.0000;10410
1464.5;-0.0018;0.0000;0.1621;0.0000;24;-26;-0.0147;-0.0012;-0.0012;-0.0059;-0.1056;0.0000;-0.0000;10410
1465.0;-0.0018;0.0000;0.1552;0.0000;24;-26;-0.0147;-0.0012;-0.0012;-0.0059;-0.1056;0.0000;-0.0000;10410
1465.5;-0.0018;0.0000;0.1593;0.0000;24;-26;-0.0147;-0.0012;-0.0012;-0.0059;-0.1056;0.0000;-0.0000;10410
1466.0;-0.0018;0.0000;0.1621;0.0000;24;-26;-0.0147;-0.0012;-0.0012;-0.0059;-0.1056;0.0000;-0.0000;10410
1466.5;-0.0018;0.0000;0.1525;0.0000;24;-26;-0.0147;-0.0012;-0.0012;-0.0059;-0.1056;0.0000;-0.0000;10410
1467.0;-0.0018;0.0000;0.1442;0.0000;24;-26;-0.0147;-0.0012;-0.0012;-0.0059;-0.1056;0.0000;-0.0000;10410
1467.5;-0.0014;0.0000;0.1415;0.0000;24;-26;-0.0147;-0.0012;-0.0012;-0.0059;-0.1056;0.0000;-0.0000;10410
1468.0;-0.0014;0.0000;0.1250;0.0000;24;-26;-0.0049;-0.0012;-0.0012;-0.0059;-0.1056;0.0000;-0.0000;10410
1468.5;-0.0014;0.0000;0.1168;0.0000;24;-26;-0.0049;-0.0012;-0.0012;-0.0059;-0.1056;0.0000;-0.0000;10410
1469.0;-0.0009;0.0000;0.1085;0.0000;24;-26;0.0733;-0.0012;-0.0012;-0.0059;-0.1056;0.0000;-0.0000;10410
1469.5;0.0000;0.0000;0.1030;0.0000;24;-26;-0.0049;-0.0012;-0.0012;-0.0059;-0.1056;0.0000;-0.0000;10410
1470.0;0.0000;0.0000;0.1085;0.0000;24;-26;-0.0049;-0.0012;-0.0012;-0.0059;-0.1056;0.0000;-0.0000;10410
1470.5;-0.0005;0.0000;0.1044;0.0000;24;-26;0.0733;-0.0012;-0.0012;-0.0059;-0.1056;0.0000;-0.0000;10410
1471.0;-0.0005;0.0000;0.1044;0.0000;24;-26;-0.0049;-0.0012;-0.0012;-0.0059;-0.1056;0.0000;-0.0000;10410
1471.5;-0.0009;0.0000;0.1003;0.0000;24;-26;-0.0049;-0.0012;-0.0012;-0.0059;-0.1056;0.0000;-0.0000;10410
1472.0;-0.0009;0.0000;0.0934;0.0000;24;-26;-0.0049;-0.0012;-0.0012;-0.0059;-0.1056;0.0000;-0.0000;10410
1472.5;-0.0009;0.0000;0.0907;0.0000;24;-26;-0.0049;-0.0012;-0.0012;-0.0059;-0.1056;0.0000;-0.0000;10410
1473.0;-0.0014;0.0000;0.0810;0.0000;24;-26;-0.0049;-0.0012;-0.0012;-0.0059;-0.1056;0.0000;-0.0000;10410
1473.5;-0.0014;0.0000;0.0728;0.0000;24;-26;-0.0049;-0.0012;-0.0012;-0.0059;-0.1056;0.0000;-0.0000;10410
1474.0;-0.0014;0.0000;0.0659;0.0000;24;-26;-0.0049;-0.0012;-0.0012;-0.0059;-0.1056;0.0000;-0.0000;10410
1474.5;-0.0014;0.0000;0.0632;0.0000;24;-26;-0.0049;-0.0012;-0.0012;-0.0059;-0.1056;0.0000;-0.0000;10410
1475.0;-0.0014;0.0000;0.0687;0.0000;24;-26;-0.0049;-0.0012;-0.0012;-0.0059;-0.1056;0.0000;-0.0000;10410
1475.5;-0.0014;0.0000;0.0508;0.0000;24;-26;-0.0049;-0.0012;-0.0012;-0.0059;-0.1056;0.0000;-0.0000;10410
1476.0;-0.0014;0.0000;0.0426;0.0000;24;-26;-0.0049;-0.0012;-0.0012;-0.0059;-0.1056;0.0000;-0.0000;10410
1476.5;-0.0014;0.0000;0.0398;0.0000;24;-26;-0.0049;-0.0012;-0.0012;-0.0059;-0.1056;0.0000;-0.0000;10410
1477.0;-0.0009;0.0000;0.0343;0.0000;24;-26;-0.0049;-0.0012;-0.0012;-0.0059;-0.1056;0.0000;-0.0000;10410
1477.5;-0.0009;0.0000;0.0302;0.0000;24;-26;-0.0049;-0.0012;-0.0012;-0.0059;-0.1056;0.0000;-0.0000;10410
1478.0;-0.0009;0.0000;0.0179;0.0000;24;-26;-0.0049;-0.0012;-0.0012;-0.0059;-0.1056;0.0000;-0.0000;10410
1478.5;-0.0009;0.0000;0.0014;0.0000;24;-26;-0.0049;-0.0012;-0.0012;-0.0059;-0.1056;0.0000;-0.0000;10410
1479.0;-0.0009;0.0000;-0.0041;0.0000;24;-26;-0.0049;-0.0012;-0.0012;-0.0059;-0.1056;0.0000;-0.0000;10410
1479.5;-0.0009;0.0000;-0.0069;0.0000;24;-26;-0.0049;-0.0012;-0.0012;-0.0059;-0.1056;0.0000;-0.0000;10410
1480.0;-0.0009;0.0000;-0.0096;0.0000;24;-26;-0.0049;-0.0012;-0.0012;-0.0059;-0.1056;0.0000;-0.0000;10410
1480.5;-0.0009;0.0000;-0.0082;0.0000;24;-26;-0.0049;-0.0012;-0.0012;-0.0059;-0.1056;0.0000;-0.0000;10410
1481.0;-0.0009;0.0000;-0.0069;0.0000;24;-26;-0.0049;-0.0012;-0.0012;-0.0059;-0.1056;0.0000;-0.0000;10410
1481.5;-0.0009;0.0000;-0.0096;0.0000;24;-26;-0.0049;-0.0012;-0.0012;-0.0059;-0.1056;0.0000;-0.0000;10410
1482.0;-0.0009;0.0000;-0.0165;0.0000;24;-26;-0.0049;-0.0012;-0.0012;-0.0059;-0.1056;0.0000;-0.0000;10410
1482.5;-0.0009;0.0000;-0.0137;0.0000;24;-26;-0.0049;-0.0012;-0.0012;-0.0059;-0.1056;0.0000;-0.0000;10410
1483.0;-0.0009;0.0000;-0.0137;0.0000;24;-26;-0.0049;-0.0012;-0.0012;-0.0059;-0.1056;0.0000;-0.0000;10410
1483.5;-0.0009;0.0000;-0.0137;0.0000;24;-26;-0.0049;-0.0012;-0.0012;-0.0059;-0.1056;0.0000;-0.0000;10410
1484.0;-0.0009;0.0000;-0.0220;0.0000;24;-26;-0.0049;-0.0012;-0.0012;-0.0059;-0.1056;0.0000;-0.0000;10410
1484.5;-0.0009;0.0000;-0.0234;0.0000;24;-26;-0.0049;-0.0012;-0.0012;-0.0059;-0.1056;0.0000;-0.0000;10410
1485.0;-0.0009;0.0000;-0.0124;0.0000;24;-26;-0.0049;-0.0012;-0.0012;-0.0059;-0.1056;0.0000;-0.0000;10410
1485.5;-0.0009;0.0000;0.0000;0.0000;24;-26;-0.0049;-0.0012;-0.0012;-0.0059;-0.1056;0.0000;-0.0000;10410
1486.0;-0.0009;0.0000;0.0055;0.0000;24;-26;-0.0049;-0.0012;-0.0012;-0.0059;-0.1056;0.0000;-0.0000;10410
1486.5;-0.0009;0.0000;0.0055;0.0000;24;-26;-0.0049;-0.0012;-0.0012;-0.0059;-0.1056;0.0000;-0.0000;10410
1487.0;-0.0009;0.0000;-0.0027;0.0000;24;-26;-0.0049;-0.0012;-0.0012;-0.0059;-0.1056;0.0000;-0.0000;10410
1487.5;-0.0009;0.0000;-0.0082;0.0000;24;-26;-0.0049;-0.0012;-0.0012;-0.0059;-0.1056;0.0000;-0.0000;10410
1488.0;-0.0009;0.0000;-0.0041;0.0000;24;-26;-0.0049;-0.0012;-0.0012;-0.0059;-0.1056;0.0000;-0.0000;10410
1488.5;-0.0005;0.0000;-0.0014;0.0000;24;-26;-0.0049;-0.0012;-0.0012;-0.0059;-0.1056;0.0000;-0.0000;10410
1489.0;-0.0005;0.0000;0.0027;0.0000;24;-26;-0.0049;-0.0012;-0.0012;-0.0059;-0.1056;0.0000;-0.0000;10410
1489.5;-0.0005;0.0000;0.0055;0.0000;24;-26;-0.0049;-0.0012;-0.0012;-0.0059;-0.1056;0.0000;-0.0000;10410
1490.0;-0.0005;0.0000;0.0027;0.0000;24;-26;-0.0049;-0.0012;-0.0012;-0.0059;-0.1056;0.0000;-0.0000;10410
1490.5;-0.0005;0.0000;0.0082;0.0000;24;-26;-0.0049;-0.0012;-0.0012;-0.0059;-0.1056;0.0000;-0.0000;10410
1491.0;-0.0005;0.0000;0.0041;0.0000;24;-26;-0.0049;-0.0012;-0.0012;-0.0059;-0.1056;0.0000;-0.0000;10410
1491.5;-0.0005;0.0000;0.0110;0.0000;24;-26;-0.0049;-0.0012;-0.0012;-0.0059;-0.1056;0.0000;-0.0000;10410
1492.0;-0.0005;0.0000;0.0096;0.0000;24;-26;-0.0049;-0.0012;-0.0012;-0.0059;-0.1056;0.0000;-0.0000;10410
1492.5;-0.0005;0.0000;0.0014;0.0000;24;-26;-0.0049;-0.0012;-0.0012;-0.0059;-0.1056;0.0000;-0.0000;10410
1493.0;-0.0005;0.0000;0.0027;0.0000;24;-26;-0.0049;-0.0012;-0.0012;-0.0059;-0.1056;0.0000;-0.0000;10410
1493.5;-0.0005;0.0000;0.0096;0.0000;24;-26;-0.0049;-0.0012;-0.0012;-0.0059;-0.1056;0.0000;-0.0000;10410
1494.0;-0.0005;0.0000;0.0096;0.0000;24;-26;-0.0049;-0.0012;-0.0012;-0.0059;-0.1056;0.0000;-0.0000;10410
1494.5;-0.0005;0.0000;0.0069;0.0000;24;-26;-0.0049;-0.0012;-0.0012;-0.0059;-0.1056;0.0000;-0.0000;10410
1495.0;-0.0005;0.0000;0.0069;0.0000;24;-26;-0.0049;-0.0012;-0.0012;-0.0059;-0.1056;0.0000;-0.0000;10410
1495.5;-0.0005;0.0000;0.0027;0.0000;24;-26;-0.0049;-0.0012;-0.0012;-0.0059;-0.1056;0.0000;-0.0000;10410
1496.0;-0.0005;0.0000;-0.0041;0.0000;24;-26;-0.0049;-0.0012;-0.0012;-0.0059;-0.1056;0.0000;-0.0000;10410
1496.5;-0.0005;0.0000;0.0041;0.0000;24;-26;-0.0049;-0.0012;-0.0012;-0.0059;-0.1056;0.0000;-0.0000;10410
1497.0;-0.0005;0.0000;0.0096;0.0000;24;-26;-0.0049;-0.0012;-0.0012;-0.0059;-0.1056;0.0000;-0.0000;10410
1497.5;-0.0005;0.0000;0.0137;0.0000;24;-26;-0.0049;-0.0012;-0.0012;-0.0059;-0.1056;0.0000;-0.0000;10410
1498.0;-0.0005;0.0000;0.0069;0.0000;24;-26;-0.0049;-0.0012;-0.0012;-0.0059;-0.1056;0.0000;-0.0000;10410
1498.5;-0.0005;0.0000;0.0055;0.0000;24;-26;-0.0049;-0.0012;-0.0012;-0.0059;-0.1056;0.0000;-0.0000;10410
1499.0;-0.0005;0.0000;0.0069;0.0000;24;-26;-0.0049;-0.0012;-0.0012;-0.0059;-0.1056;0.0000;-0.0000;10410
1499.5;-0.0005;0.0000;0.0014;0.0000;24;-26;-0.0049;-0.0012;-0.0012;-0.0059;-0.1056;0.0000;-0.0000;10410
1500.0;-0.0005;0.0000;-0.0027;0.0000;24;-26;-0.0049;-0.0012;-0.0012;-0.0059;-0.1056;0.0000;-0.0000;10410
1500.5;-0.0005;0.0000;-0.0027;0.0000;24;-26;-0.0049;-0.0012;-0.0012;-0.0059;-0.1056;0.0000;-0.0000;10410
1501.0;-0.0005;0.0000;-0.0055;0.0000;24;-26;-0.0049;-0.0012;-0.0012;-0.0059;-0.1056;0.0000;-0.0000;10410
1501.5;-0.0005;0.0000;0.0000;0.0000;24;-26;-0.0049;-0.0012;-0.0012;-0.0059;-0.1056;0.0000;-0.0000;10410
1502.0;-0.0005;0.0000;-0.0055;0.0000;24;-26;-0.0049;-0.0012;-0.0012;-0.0059;-0.1056;0.0000;-0.0000;10410
1502.5;-0.0005;0.0000;-0.0027;0.0000;24;-26;-0.0049;-0.0012;-0.0012;-0.0059;-0.1056;0.0000;-0.0000;10410
1503.0;-0.0005;0.0000;-0.0014;0.0000;24;-26;-0.0049;-0.0012;-0.0012;-0.0059;-0.1056;0.0000;-0.0000;10410
1503.5;-0.0005;0.0000;0.0055;0.0000;24;-26;-0.0049;-0.0012;-0.0012;-0.0059;-0.1056;0.0000;-0.0000;10410
1504.0;-0.0005;0.0000;0.0000;0.0000;24;-26;-0.0049;-0.0012;-0.0012;-0.0059;-0.1056;0.0000;-0.0000;10410
1504.5;-0.0005;0.0000;0.0069;0.0000;24;-26;-0.0049;-0.0012;-0.0012;-0.0059;-0.1056;0.0000;-0.0000;10410
1505.0;-0.0005;0.0000;0.0082;0.0000;24;-26;-0.0049;-0.0012;-0.0012;-0.0059;-0.1056;0.0000;-0.0000;10410
1505.5;-0.0005;0.0000;0.0041;0.0000;24;-26;-0.0049;-0.0012;-0.0012;-0.0059;-0.1056;0.0000;-0.0000;10410
1506.0;-0.0005;0.0000;0.0055;0.0000;24;-26;-0.0049;-0.0012;-0.0012;-0.0059;-0.1056;0.0000;-0.0000;10410
1506.5;-0.0005;0.0000;-0.0014;0.0000;24;-26;-0.0049;-0.0012;-0.0012;-0.0059;-0.1056;0.0000;-0.0000;10410
1507.0;-0.0005;0.0000;-0.0014;0.0000;24;-26;-0.0049;-0.0012;-0.0012;-0.0059;-0.1056;0.0000;-0.0000;10410
1507.5;-0.0005;0.0000;0.0000;0.0000;24;-26;-0.0049;-0.0012;-0.0012;-0.0059;-0.1056;0.0000;-0.0000;10410
1508.0;-0.0005;0.0000;0.0027;0.0000;24;-26;-0.0049;-0.0012;-0.0012;-0.0059;-0.1056;0.0000;-0.0000;10410
1508.5;-0.0005;0.0000;0.0000;0.0000;24;-26;-0.0049;-0.0012;-0.0012;-0.0059;-0.1056;0.0000;-0.0000;10410
1509.0;-0.0005;0.0000;0.0041;0.0000;24;-26;-0.0049;-0.0012;-0.0012;-0.0059;-0.1056;0.0000;-0.0000;10410
1509.5;-0.0005;0.0000;-0.0014;0.0000;24;-26;-0.0049;-0.0012;-0.0012;-0.0059;-0.1056;0.0000;-0.0000;10410
1510.0;-0.0005;0.0000;-0.0014;0.0000;24;-26;-0.0049;-0.0012;-0.0012;-0.0059;-0.1056;0.0000;-0.0000;10410
1510.5;-0.0005;0.0000;-0.0041;0.0000;24;-26;-0.0049;-0.0012;-0.0012;-0.0059;-0.1056;0.0000;-0.0000;10410
1511.0;-0.0005;0.0000;-0.0069;0.0000;24;-26;-0.0049;-0.0012;-0.0012;-0.0059;-0.1056;0.0000;-0.0000;10410
1511.5;-0.0005;0.0000;-0.0014;0.0000;24;-26;-0.0049;-0.0012;-0.0012;-0.0059;-0.1056;0.0000;-0.0000;10410
1512.0;-0.0005;0.0000;-0.0082;0.0000;24;-26;-0.0049;-0.0012;-0.0012;-0.0059;-0.1056;0.0000;-0.0000;10410
1512.5;-0.0005;0.0000;-0.0027;0.0000;24;-26;-0.0049;-0.0012;-0.0012;-0.0059;-0.1056;0.0000;-0.0000;10410
1513.0;-0.0005;0.0000;0.0000;0.0000;24;-26;-0.0049;-0.0012;-0.0012;-0.0059;-0.1056;0.0000;-0.0000;10410
1513.5;-0.0005;0.0000;-0.0055;0.0000;24;-26;-0.0049;-0.0012;-0.0012;-0.0059;-0.1056;0.0000;-0.0000;10410
1514.0;-0.0005;0.0000;-0.0137;0.0000;24;-26;-0.0049;-0.0012;-0.0012;-0.0059;-0.1056;0.0000;-0.0000;10410
1514.5;-0.0005;0.0000;-0.0082;0.0000;24;-26;-0.0049;-0.0012;-0.0012;-0.0059;-0.1056;0.0000;-0.0000;10410
1515.0;-0.0005;0.0000;-0.0027;0.0000;24;-26;-0.0049;-0.0012;-0.0012;-0.0059;-0.1056;0.0000;-0.0000;10410
1515.5;-0.0005;0.0000;-0.0055;0.0000;24;-26;-0.0049;-0.0012;-0.0012;-0.0059;-0.1056;0.0000;-0.0000;10410
1516.0;-0.0005;0.0000;-0.0014;0.0000;24;-26;-0.0049;-0.0012;-0.0012;-0.0059;-0.1056;0.0000;-0.0000;10410
1516.5;-0.0005;0.0000;-0.0055;0.0000;24;-26;-0.0049;-0.0012;-0.0012;-0.0059;-0.1056;0.0000;-0.0000;10410
1517.0;-0.0005;0.0000;-0.0041;0.0000;24;-26;-0.0049;-0.0012;-0.0012;-0.0059;-0.1056;0.0000;-0.0000;10410
1517.5;-0.0005;0.0000;0.0000;0.0000;24;-26;-0.0049;-0.0012;-0.0012;-0.0059;-0.1056;0.0000;-0.0000;10410
1518.0;-0.0005;0.0000;0.0014;0.0000;24;-26;-0.0049;-0.0012;-0.0012;-0.0059;-0.1056;0.0000;-0.0000;10410
1518.5;-0.0005;0.0000;0.0137;0.0000;24;-26;-0.0049;-0.0012;-0.0012;-0.0059;-0.1056;0.0000;-0.0000;10410
1519.0;-0.0005;0.0000;0.0000;0.0000;24;-26;-0.0049;-0.0012;-0.0012;-0.0059;-0.1056;0.0000;-0.0000;10410
1519.5;-0.0005;0.0000;0.0014;0.0000;24;-26;-0.0049;-0.0012;-0.0012;-0.0059;-0.1056;0.0000;-0.0000;10410
1520.0;-0.0005;0.0000;0.0055;0.0000;24;-26;-0.0049;-0.0012;-0.0012;-0.0059;-0.1056;0.0000;-0.0000;10410
1520.5;-0.0005;0.0000;0.0000;0.0000;24;-26;-0.0049;-0.0012;-0.0012;-0.0059;-0.1056;0.0000;-0.0000;10410
1521.0;-0.0005;0.0000;0.0000;0.0000;24;-26;-0.0049;-0.0012;-0.0012;-0.0059;-0.1056;0.0000;-0.0000;10410
1521.5;-0.0005;0.0000;-0.0027;0.0000;24;-26;-0.0049;-0.0012;-0.0012;-0.0059;-0.1056;0.0000;-0.0000;10410
1522.0;-0.0005;0.0000;-0.0014;0.0000;24;-26;-0.0049;-0.0012;-0.0012;-0.0059;-0.1056;0.0000;-0.0000;10410
1522.5;-0.0005;0.0000;0.0041;0.0000;24;-26;-0.0049;-0.0012;-0.0012;-0.0059;-0.1056;0.0000;-0.0000;10410
1523.0;-0.0005;0.0000;-0.0014;0.0000;24;-26;-0.0049;-0.0012;-0.0012;-0.0059;-0.1056;0.0000;-0.0000;10410
1523.5;-0.0005;0.0000;0.0000;0.0000;24;-26;-0.0049;-0.0012;-0.0012;-0.0059;-0.1056;0.0000;-0.0000;10410
1524.0;-0.0005;0.0000;-0.0027;0.0000;24;-26;-0.0049;-0.0012;-0.0012;-0.0059;-0.1056;0.0000;-0.0000;10410
1524.5;-0.0005;0.0000;-0.0014;0.0000;24;-26;-0.0049;-0.0012;-0.0012;-0.0059;-0.1056;0.0000;-0.0000;10410
1525.0;-0.0005;0.0000;-0.0014;0.0000;24;-26;-0.0049;-0.0012;-0.0012;-0.0059;-0.1056;0.0000;-0.0000;10410
1525.5;-0.0005;0.0000;-0.0027;0.0000;24;-26;-0.0049;-0.0012;-0.0012;-0.0059;-0.1056;0.0000;-0.0000;10410
1526.0;-0.0005;0.0000;0.0027;0.0000;24;-26;-0.0049;-0.0012;-0.0012;-0.0059;-0.1056;0.0000;-0.0000;10410
1526.5;-0.0005;0.0000;-0.0069;0.0000;24;-26;-0.0049;-0.0012;-0.0012;-0.0059;-0.1056;0.0000;-0.0000;10410
1527.0;-0.0005;0.0000;-0.0124;0.0000;24;-26;-0.0049;-0.0012;-0.0012;-0.0059;-0.1056;0.0000;-0.0000;10410
1527.5;-0.0005;0.0000;-0.0055;0.0000;24;-26;-0.0049;-0.0012;-0.0012;-0.0059;-0.1056;0.0000;-0.0000;10410
1528.0;-0.0005;0.0000;0.0014;0.0000;24;-26;-0.0049;-0.0012;-0.0012;-0.0059;-0.1056;0.0000;-0.0000;10410
1528.5;-0.0005;0.0000;-0.0027;0.0000;24;-26;-0.0049;-0.0012;-0.0012;-0.0059;-0.1056;0.0000;-0.0000;10410
1529.0;-0.0005;0.0000;-0.0014;0.0000;24;-26;-0.0049;-0.0012;-0.0012;-0.0059;-0.1056;0.0000;-0.0000;10410
1529.5;-0.0005;0.0000;-0.0027;0.0000;24;-26;-0.0049;-0.0012;-0.0012;-0.0059;-0.1056;0.0000;-0.0000;10410
1530.0;-0.0005;0.0000;0.0014;0.0000;24;-26;-0.0049;-0.0012;-0.0012;-0.0059;-0.1056;0.0000;-0.0000;10410
1530.5;0.0000;0.0000;-0.0055;0.0000;24;-26;-0.0049;-0.0012;-0.0012;-0.0059;-0.1056;0.0000;-0.0000;10410
1531.0;0.0000;0.0000;-0.0179;0.0000;24;-26;-0.0049;-0.0012;-0.0012;-0.0059;-0.1056;0.0000;-0.0000;10410
1531.5;0.0000;0.0000;-0.0137;0.0000;24;-26;-0.0049;-0.0012;-0.0012;-0.0059;-0.1056;0.0000;-0.0000;10410
1532.0;0.0000;0.0000;-0.0124;0.0000;24;-26;-0.0049;-0.0012;-0.0012;-0.0059;-0.1056;0.0000;-0.0000;10410
1532.5;0.0000;0.0000;-0.0055;0.0000;24;-26;-0.0049;-0.0012;-0.0012;-0.0059;-0.1056;0.0000;-0.0000;10410
1533.0;0.0000;0.0000;-0.0069;0.0000;24;-26;-0.0049;-0.0012;-0.0012;-0.0059;-0.1056;0.0000;-0.0000;10410
1533.5;0.0000;0.0000;-0.0096;0.0000;24;-26;-0.0049;-0.0012;-0.0012;-0.0059;-0.1056;0.0000;-0.0000;10410
1534.0;0.0000;0.0000;-0.0082;0.0000;24;-26;-0.0049;-0.0012;-0.0012;-0.0059;-0.1056;0.0000;-0.0000;10410
1534.5;0.0000;0.0000;-0.0027;0.0000;24;-26;-0.0049;-0.0012;-0.0012;-0.0059;-0.1056;0.0000;-0.0000;10410
1535.0;0.0000;0.0000;-0.0082;0.0000;24;-26;-0.0049;-0.0012;-0.0012;-0.0059;-0.1056;0.0000;-0.0000;10410
1535.5;0.0000;0.0000;-0.0110;0.0000;24;-26;-0.0049;-0.0012;-0.0012;-0.0059;-0.1056;0.0000;-0.0000;10410
1536.0;0.0000;0.0000;0.0000;0.0000;24;-26;-0.0049;-0.0012;-0.0012;-0.0059;-0.1056;0.0000;-0.0000;10410
1536.5;0.0000;0.0000;-0.0014;0.0000;24;-26;-0.0049;-0.0012;-0.0012;-0.0059;-0.1056;0.0000;-0.0000;10410
1537.0;0.0000;0.0000;-0.0069;0.0000;24;-26;-0.0049;-0.0012;-0.0012;-0.0059;-0.1056;0.0000;-0.0000;10410
1537.5;0.0000;0.0000;-0.0014;0.0000;24;-26;-0.0049;-0.0012;-0.0012;-0.0059;-0.1056;0.0000;-0.0000;10410
1538.0;0.0000;0.0000;-0.0027;0.0000;24;-26;-0.0049;-0.0012;-0.0012;-0.0059;-0.1056;0.0000;-0.0000;10410
1538.5;0.0000;0.0000;-0.0055;0.0000;24;-26;-0.0049;-0.0012;-0.0012;-0.0059;-0.1056;0.0000;-0.0000;10410
1539.0;0.0000;0.0000;-0.0027;0.0000;24;-26;-0.0049;-0.0012;-0.0012;-0.0059;-0.1056;0.0000;-0.0000;10410
1539.5;0.0000;0.0000;0.0014;0.0000;24;-26;-0.0049;-0.0012;-0.0012;-0.0059;-0.1056;0.0000;-0.0000;10410
1540.0;0.0000;0.0000;0.0027;0.0000;24;-26;-0.0049;-0.0012;-0.0012;-0.0059;-0.1056;0.0000;-0.0000;10410
1540.5;0.0000;0.0000;0.0110;0.0000;24;-26;-0.0049;-0.0012;-0.0012;-0.0059;-0.1056;0.0000;-0.0000;10410
1541.0;0.0000;0.0000;0.0124;0.0000;24;-26;-0.0049;-0.0012;-0.0012;-0.0059;-0.1056;0.0000;-0.0000;10410
1541.5;0.0000;0.0000;0.0110;0.0000;24;-26;-0.0049;-0.0012;-0.0012;-0.0059;-0.1056;0.0000;-0.0000;10410
1542.0;0.0000;0.0000;0.0069;0.0000;24;-26;-0.0049;-0.0012;-0.0012;-0.0059;-0.1056;0.0000;-0.0000;10410
1542.5;0.0000;0.0000;0.0096;0.0000;24;-26;-0.0049;-0.0012;-0.0012;-0.0059;-0.1056;0.0000;-0.0000;10410
1543.0;0.0000;0.0000;0.0165;0.0000;24;-26;-0.0049;-0.0012;-0.0012;-0.0059;-0.1056;0.0000;-0.0000;10410
1543.5;0.0000;0.0000;0.0041;0.0000;24;-26;-0.0049;-0.0012;-0.0012;-0.0059;-0.1056;0.0000;-0.0000;10410
1544.0;0.0000;0.0000;0.0000;0.0000;24;-26;-0.0049;-0.0012;-0.0012;-0.0059;-0.1056;0.0000;-0.0000;10410
1544.5;0.0000;0.0000;-0.0096;0.0000;24;-26;-0.0049;-0.0012;-0.0012;-0.0059;-0.1056;0.0000;-0.0000;10410
1545.0;0.0000;0.0000;-0.0096;0.0000;24;-26;-0.0049;-0.0012;-0.0012;-0.0059;-0.1056;0.0000;-0.0000;10410
1545.5;0.0000;0.0000;-0.0096;0.0000;24;-26;-0.0049;-0.0012;-0.0012;-0.0059;-0.1056;0.0000;-0.0000;10410
1546.0;0.0000;0.0000;-0.0055;0.0000;24;-26;-0.0049;-0.0012;-0.0012;-0.0059;-0.1056;0.0000;-0.0000;10410
1546.5;0.0000;0.0000;0.0041;0.0000;24;-26;-0.0049;-0.0012;-0.0012;-0.0059;-0.1056;0.0000;-0.0000;10410
1547.0;0.0000;0.0000;0.0000;0.0000;24;-26;-0.0049;-0.0012;-0.0012;-0.0059;-0.1056;0.0000;-0.0000;10410
1547.5;0.0000;0.0000;-0.0027;0.0000;24;-26;-0.0049;-0.0012;-0.0012;-0.0059;-0.1056;0.0000;-0.0000;10410
1548.0;0.0000;0.0000;-0.0096;0.0000;24;-26;-0.0049;-0.0012;-0.0012;-0.0059;-0.1056;0.0000;-0.0000;10410
1548.5;0.0000;0.0000;-0.0041;0.0000;24;-26;-0.0049;-0.0012;-0.0012;-0.0059;-0.1056;0.0000;-0.0000;10410
1549.0;0.0000;0.0000;-0.0027;0.0000;24;-26;-0.0049;-0.0012;-0.0012;-0.0059;-0.1056;0.0000;-0.0000;10410
1549.5;0.0000;0.0000;0.0041;0.0000;24;-26;-0.0049;-0.0012;-0.0012;-0.0059;-0.1056;0.0000;-0.0000;10410
1550.0;0.0000;0.0000;0.0027;0.0000;24;-26;-0.0049;-0.0012;-0.0012;-0.0059;-0.1056;0.0000;-0.0000;10410
1550.5;0.0000;0.0000;-0.0027;0.0000;24;-26;-0.0049;-0.0012;-0.0012;-0.0059;-0.1056;0.0000;-0.0000;10410
1551.0;0.0000;0.0000;-0.0014;0.0000;24;-26;-0.0049;-0.0012;-0.0012;-0.0059;-0.1056;0.0000;-0.0000;10410
1551.5;0.0000;0.0000;0.0027;0.0000;24;-26;-0.0049;-0.0012;-0.0012;-0.0059;-0.1056;0.0000;-0.0000;10410
1552.0;0.0000;0.0000;-0.0027;0.0000;24;-26;-0.0049;-0.0012;-0.0012;-0.0059;-0.1056;0.0000;-0.0000;10410
1552.5;0.0000;0.0000;-0.0014;0.0000;24;-26;-0.0049;-0.0012;-0.0012;-0.0059;-0.1056;0.0000;-0.0000;10410
1553.0;0.0000;0.0000;-0.0014;0.0000;24;-26;-0.0049;-0.0012;-0.0012;-0.0059;-0.1056;0.0000;-0.0000;10410
1553.5;0.0000;0.0000;0.0055;0.0000;24;-26;-0.0049;-0.0012;-0.0012;-0.0059;-0.1056;0.0000;-0.0000;10410
1554.0;0.0000;0.0000;0.0096;0.0000;24;-26;-0.0049;-0.0012;-0.0012;-0.0059;-0.1056;0.0000;-0.0000;10410
1554.5;0.0000;0.0000;0.0069;0.0000;24;-26;-0.0049;-0.0012;-0.0012;-0.0059;-0.1056;0.0000;-0.0000;10410
1555.0;0.0000;0.0000;0.0041;0.0000;24;-26;-0.0049;-0.0012;-0.0012;-0.0059;-0.1056;0.0000;-0.0000;10410
1555.5;0.0000;0.0000;0.0041;0.0000;24;-26;-0.0049;-0.0012;-0.0012;-0.0059;-0.1056;0.0000;-0.0000;10410
1556.0;0.0000;0.0000;-0.0014;0.0000;24;-26;-0.0049;-0.0012;-0.0012;-0.0059;-0.1056;0.0000;-0.0000;10410
1556.5;0.0000;0.0000;-0.0055;0.0000;24;-26;-0.0049;-0.0012;-0.0012;-0.0059;-0.1056;0.0000;-0.0000;10410
1557.0;0.0000;0.0000;0.0014;0.0000;24;-26;-0.0049;-0.0012;-0.0012;-0.0059;-0.1056;0.0000;-0.0000;10410
1557.5;0.0000;0.0000;0.0014;0.0000;24;-26;-0.0049;-0.0012;-0.0012;-0.0059;-0.1056;0.0000;-0.0000;10410
1558.0;0.0000;0.0000;0.0041;0.0000;24;-26;-0.0049;-0.0012;-0.0012;-0.0059;-0.1056;0.0000;-0.0000;10410
1558.5;0.0000;0.0000;-0.0014;0.0000;24;-26;-0.0049;-0.0012;-0.0012;-0.0059;-0.1056;0.0000;-0.0000;10410
1559.0;0.0000;0.0000;-0.0055;0.0000;24;-26;-0.0049;-0.0012;-0.0012;-0.0059;-0.1056;0.0000;-0.0000;10410
1559.5;0.0000;0.0000;-0.0041;0.0000;24;-26;-0.0049;-0.0012;-0.0012;-0.0059;-0.1056;0.0000;-0.0000;10410
1560.0;0.0000;0.0000;-0.0027;0.0000;24;-26;-0.0049;-0.0012;-0.0012;-0.0059;-0.1056;0.0000;-0.0000;10410
1560.5;0.0000;0.0000;-0.0041;0.0000;24;-26;-0.0049;-0.0012;-0.0012;-0.0059;-0.1056;0.0000;-0.0000;10410
1561.0;0.0000;0.0000;-0.0055;0.0000;24;-26;-0.0049;-0.0012;-0.0012;-0.0059;-0.1056;0.0000;-0.0000;10410
1561.5;0.0000;0.0000;-0.0014;0.0000;24;-26;-0.0049;-0.0012;-0.0012;-0.0059;-0.1056;0.0000;-0.0000;10410
1562.0;0.0000;0.0000;0.0014;0.0000;24;-26;-0.0049;-0.0012;-0.0012;-0.0059;-0.1056;0.0000;-0.0000;10410
1562.5;0.0000;0.0000;0.0027;0.0000;24;-26;-0.0049;-0.0012;-0.0012;-0.0059;-0.1056;0.0000;-0.0000;10410
1563.0;0.0000;0.0000;0.0041;0.0000;24;-26;-0.0049;-0.0012;-0.0012;-0.0059;-0.1056;0.0000;-0.0000;10410
1563.5;0.0000;0.0000;0.0082;0.0000;24;-26;-0.0049;-0.0012;-0.0012;-0.0059;-0.1056;0.0000;-0.0000;10410
1564.0;0.0000;0.0000;0.0027;0.0000;24;-26;-0.0049;-0.0012;-0.0012;-0.0059;-0.1056;0.0000;-0.0000;10410
1564.5;0.0000;0.0000;0.0082;0.0000;24;-26;-0.0049;-0.0012;-0.0012;-0.0059;-0.1056;0.0000;-0.0000;10410
1565.0;0.0000;0.0000;-0.0041;0.0000;24;-26;-0.0049;-0.0012;-0.0012;-0.0059;-0.1056;0.0000;-0.0000;10410
1565.5;0.0000;0.0000;-0.0055;0.0000;24;-26;-0.0049;-0.0012;-0.0012;-0.0059;-0.1056;0.0000;-0.0000;10410
1566.0;0.0000;0.0000;0.0000;0.0000;24;-26;-0.0049;-0.0012;-0.0012;-0.0059;-0.1056;0.0000;-0.0000;10410
1566.5;0.0000;0.0000;0.0027;0.0000;24;-26;-0.0049;-0.0012;-0.0012;-0.0059;-0.1056;0.0000;-0.0000;10410
1567.0;0.0000;0.0000;-0.0041;0.0000;24;-26;-0.0049;-0.0012;-0.0012;-0.0059;-0.1056;0.0000;-0.0000;10410
1567.5;0.0000;0.0000;-0.0041;0.0000;24;-26;-0.0049;-0.0012;-0.0012;-0.0059;-0.1056;0.0000;-0.0000;10410
1568.0;0.0000;0.0000;-0.0082;0.0000;24;-26;-0.0049;-0.0012;-0.0012;-0.0059;-0.1056;0.0000;-0.0000;10410
1568.5;0.0000;0.0000;-0.0110;0.0000;24;-26;-0.0049;-0.0012;-0.0012;-0.0059;-0.1056;0.0000;-0.0000;10410
1569.0;0.0000;0.0000;-0.0151;0.0000;24;-26;-0.0049;-0.0012;-0.0012;-0.0059;-0.1056;0.0000;-0.0000;10410
1569.5;0.0000;0.0000;-0.0137;0.0000;24;-26;-0.0049;-0.0012;-0.0012;-0.0059;-0.1056;0.0000;-0.0000;10410
1570.0;0.0000;0.0000;-0.0055;0.0000;24;-26;-0.0049;-0.0012;-0.0012;-0.0059;-0.1056;0.0000;-0.0000;10410
1570.5;0.0000;0.0000;0.0000;0.0000;24;-26;-0.0049;-0.0012;-0.0012;-0.0059;-0.1056;0.0000;-0.0000;10410
1571.0;0.0000;0.0000;0.0000;0.0000;24;-26;-0.0049;-0.0012;-0.0012;-0.0059;-0.1056;0.0000;-0.0000;10410
1571.5;0.0000;0.0000;-0.0055;0.0000;24;-26;-0.0049;-0.0012;-0.0012;-0.0059;-0.1056;0.0000;-0.0000;10410
1572.0;0.0000;0.0000;-0.0027;0.0000;24;-26;-0.0049;-0.0012;-0.0012;-0.0059;-0.1056;0.0000;-0.0000;10410
1572.5;0.0000;0.0000;-0.0055;0.0000;24;-26;-0.0049;-0.0012;-0.0012;-0.0059;-0.1056;0.0000;-0.0000;10410
1573.0;0.0000;0.0000;-0.0055;0.0000;24;-26;-0.0049;-0.0012;-0.0012;-0.0059;-0.1056;0.0000;-0.0000;10410
1573.5;0.0000;0.0000;0.0027;0.0000;24;-26;-0.0049;-0.0012;-0.0012;-0.0059;-0.1056;0.0000;-0.0000;10410
1574.0;0.0000;0.0000;-0.0027;0.0000;24;-26;-0.0049;-0.0012;-0.0012;-0.0059;-0.1056;0.0000;-0.0000;10410
1574.5;0.0000;0.0000;0.0014;0.0000;24;-26;-0.0049;-0.0012;-0.0012;-0.0059;-0.1056;0.0000;-0.0000;10410
1575.0;0.0000;0.0000;0.0027;0.0000;24;-26;-0.0049;-0.0012;-0.0012;-0.0059;-0.1056;0.0000;-0.0000;10410
1575.5;0.0000;0.0000;-0.0014;0.0000;24;-26;-0.0049;-0.0012;-0.0012;-0.0059;-0.1056;0.0000;-0.0000;10410
1576.0;0.0000;0.0000;0.0041;0.0000;24;-26;-0.0049;-0.0012;-0.0012;-0.0059;-0.1056;0.0000;-0.0000;10410
1576.5;0.0000;0.0000;0.0082;0.0000;24;-26;-0.0049;-0.0012;-0.0012;-0.0059;-0.1056;0.0000;-0.0000;10410
1577.0;0.0000;0.0000;0.0069;0.0000;24;-26;-0.0049;-0.0012;-0.0012;-0.0059;-0.1056;0.0000;-0.0000;10410
1577.5;0.0000;0.0000;0.0096;0.0000;24;-26;-0.0049;-0.0012;-0.0012;-0.0059;-0.1056;0.0000;-0.0000;10410
1578.0;0.0000;0.0000;0.0096;0.0000;24;-26;-0.0049;-0.0012;-0.0012;-0.0059;-0.1056;0.0000;-0.0000;10410
1578.5;0.0000;0.0000;0.0055;0.0000;24;-26;-0.0049;-0.0012;-0.0012;-0.0059;-0.1056;0.0000;-0.0000;10410
1579.0;0.0000;0.0000;0.0014;0.0000;24;-26;-0.0049;-0.0012;-0.0012;-0.0059;-0.1056;0.0000;-0.0000;10410
1579.5;0.0000;0.0000;-0.0055;0.0000;24;-26;-0.0049;-0.0012;-0.0012;-0.0059;-0.1056;0.0000;-0.0000;10410
1580.0;0.0000;0.0000;-0.0082;0.0000;24;-26;-0.0049;-0.0012;-0.0012;-0.0059;-0.1056;0.0000;-0.0000;10410
1580.5;0.0000;0.0000;-0.0055;0.0000;24;-26;-0.0049;-0.0012;-0.0012;-0.0059;-0.1056;0.0000;-0.0000;10410
1581.0;0.0000;0.0000;0.0041;0.0000;24;-26;-0.0049;-0.0012;-0.0012;-0.0059;-0.1056;0.0000;-0.0000;10410
1581.5;0.0000;0.0000;-0.0027;0.0000;24;-26;-0.0049;-0.0012;-0.0012;-0.0059;-0.1056;0.0000;-0.0000;10410
1582.0;0.0000;0.0000;0.0082;0.0000;24;-26;-0.0049;-0.0012;-0.0012;-0.0059;-0.1056;0.0000;-0.0000;10410
1582.5;0.0000;0.0000;0.0027;0.0000;24;-26;-0.0049;-0.0012;-0.0012;-0.0059;-0.1056;0.0000;-0.0000;10410
1583.0;0.0000;0.0000;-0.0014;0.0000;24;-26;-0.0049;-0.0012;-0.0012;-0.0059;-0.1056;0.0000;-0.0000;10410
1583.5;0.0000;0.0000;-0.0069;0.0000;24;-26;-0.0049;-0.0012;-0.0012;-0.0059;-0.1056;0.0000;-0.0000;10410
1584.0;0.0000;0.0000;-0.0027;0.0000;24;-26;-0.0049;-0.0012;-0.0012;-0.0059;-0.1056;0.0000;-0.0000;10410
1584.5;0.0000;0.0000;-0.0096;0.0000;24;-26;-0.0049;-0.0012;-0.0012;-0.0059;-0.1056;0.0000;-0.0000;10410
1585.0;0.0000;0.0000;0.0000;0.0000;24;-26;-0.0049;-0.0012;-0.0012;-0.0059;-0.1056;0.0000;-0.0000;10410
1585.5;0.0000;0.0000;0.0041;0.0000;24;-26;-0.0049;-0.0012;-0.0012;-0.0059;-0.1056;0.0000;-0.0000;10410
1586.0;0.0000;0.0000;0.0055;0.0000;24;-26;-0.0049;-0.0012;-0.0012;-0.0059;-0.1056;0.0000;-0.0000;10410
1586.5;0.0000;0.0000;0.0041;0.0000;24;-26;-0.0049;-0.0012;-0.0012;-0.0059;-0.1056;0.0000;-0.0000;10410
1587.0;0.0000;0.0000;0.0014;0.0000;24;-26;-0.0049;-0.0012;-0.0012;-0.0059;-0.1056;0.0000;-0.0000;10410
1587.5;0.0000;0.0000;-0.0014;0.0000;24;-26;-0.0049;-0.0012;-0.0012;-0.0059;-0.1056;0.0000;-0.0000;10410
1588.0;0.0000;0.0000;-0.0027;0.0000;24;-26;-0.0049;-0.0012;-0.0012;-0.0059;-0.1056;0.0000;-0.0000;10410
1588.5;0.0000;0.0000;-0.0014;0.0000;24;-26;-0.0049;-0.0012;-0.0012;-0.0059;-0.1056;0.0000;-0.0000;10410
1589.0;0.0000;0.0000;-0.0014;0.0000;24;-26;-0.0049;-0.0012;-0.0012;-0.0059;-0.1056;0.0000;-0.0000;10410
1589.5;0.0000;0.0000;-0.0027;0.0000;24;-26;-0.0049;-0.0012;-0.0012;-0.0059;-0.1056;0.0000;-0.0000;10410
1590.0;0.0000;0.0000;0.0014;0.0000;24;-26;-0.0049;-0.0012;-0.0012;-0.0059;-0.1056;0.0000;-0.0000;10410
1590.5;0.0000;0.0000;-0.0055;0.0000;24;-26;-0.0049;-0.0012;-0.0012;-0.0059;-0.1056;0.0000;-0.0000;10410
1591.0;0.0000;0.0000;-0.0137;0.0000;24;-26;-0.0049;-0.0012;-0.0012;-0.0059;-0.1056;0.0000;-0.0000;10410
1591.5;0.0000;0.0000;-0.0069;0.0000;24;-26;-0.0049;-0.0012;-0.0012;-0.0059;-0.1056;0.0000;-0.0000;10410
1592.0;0.0000;0.0000;-0.0027;0.0000;24;-26;-0.0049;-0.0012;-0.0012;-0.0059;-0.1056;0.0000;-0.0000;10410
1592.5;0.0000;0.0000;-0.0027;0.0000;24;-26;-0.0049;-0.0012;-0.0012;-0.0059;-0.1056;0.0000;-0.0000;10410
1593.0;0.0000;0.0000;0.0041;0.0000;24;-26;-0.0049;-0.0012;-0.0012;-0.0059;-0.1056;0.0000;-0.0000;10410
1593.5;0.0000;0.0000;-0.0041;0.0000;24;-26;-0.0049;-0.0012;-0.0012;-0.0059;-0.1056;0.0000;-0.0000;10410
1594.0;0.0000;0.0000;-0.0041;0.0000;24;-26;-0.0049;-0.0012;-0.0012;-0.0059;-0.1056;0.0000;-0.0000;10410
1594.5;0.0000;0.0000;-0.0096;0.0000;24;-26;-0.0049;-0.0012;-0.0012;-0.0059;-0.1056;0.0000;-0.0000;10410
1595.0;0.0000;0.0000;-0.0069;0.0000;24;-26;-0.0049;-0.0012;-0.0012;-0.0059;-0.1056;0.0000;-0.0000;10410
1595.5;0.0000;0.0000;-0.0096;0.0000;24;-26;-0.0049;-0.0012;-0.0012;-0.0059;-0.1056;0.0000;-0.0000;10410
1596.0;0.0000;0.0000;-0.0124;0.0000;24;-26;-0.0049;-0.0012;-0.0012;-0.0059;-0.1056;0.0000;-0.0000;10410
1596.5;0.0000;0.0000;-0.0014;0.0000;24;-26;-0.0049;-0.0012;-0.0012;-0.0059;-0.1056;0.0000;-0.0000;10410
1597.0;0.0000;0.0000;0.0069;0.0000;24;-26;-0.0049;-0.0012;-0.0012;-0.0059;-0.1056;0.0000;-0.0000;10410
1597.5;0.0000;0.0000;0.0000;0.0000;24;-26;-0.0049;-0.0012;-0.0012;-0.0059;-0.1056;0.0000;-0.0000;10410
1598.0;0.0000;0.0000;-0.0082;0.0000;24;-26;-0.0049;-0.0012;-0.0012;-0.0059;-0.1056;0.0000;-0.0000;10410
1598.5;0.0000;0.0000;-0.0014;0.0000;24;-26;-0.0049;-0.0012;-0.0012;-0.0059;-0.1056;0.0000;-0.0000;10410
1599.0;0.0000;0.0000;0.0000;0.0000;24;-26;-0.0049;-0.0012;-0.0012;-0.0059;-0.1056;0.0000;-0.0000;10410
1599.5;0.0000;0.0000;0.0055;0.0000;24;-26;-0.0049;-0.0012;-0.0012;-0.0059;-0.1056;0.0000;-0.0000;10410
1600.0;0.0000;0.0000;-0.0027;0.0000;24;-26;-0.0049;-0.0012;-0.0012;-0.0059;-0.1056;0.0000;-0.0000;10410
1600.5;0.0000;0.0000;0.0000;0.0000;24;-26;-0.0049;-0.0012;-0.0012;-0.0059;-0.1056;0.0000;-0.0000;10410
1601.0;0.0000;0.0000;0.0014;0.0000;24;-26;-0.0049;-0.0012;-0.0012;-0.0059;-0.1056;0.0000;-0.0000;10410
1601.5;0.0000;0.0000;-0.0014;0.0000;24;-26;-0.0049;-0.0012;-0.0012;-0.0059;-0.1056;0.0000;-0.0000;10410
1602.0;0.0000;0.0000;-0.0041;0.0000;24;-26;-0.0049;-0.0012;-0.0012;-0.0059;-0.1056;0.0000;-0.0000;10410
1602.5;0.0000;0.0000;0.0000;0.0000;24;-26;-0.0049;-0.0012;-0.0012;-0.0059;-0.1056;0.0000;-0.0000;10410
1603.0;0.0000;0.0000;0.0000;0.0000;24;-26;-0.0049;-0.0012;-0.0012;-0.0059;-0.1056;0.0000;-0.0000;10410
1603.5;0.0000;0.0000;-0.0027;0.0000;24;-26;-0.0049;-0.0012;-0.0012;-0.0059;-0.1056;0.0000;-0.0000;10410
1604.0;0.0000;0.0000;-0.0055;0.0000;24;-26;-0.0049;-0.0012;-0.0012;-0.0059;-0.1056;0.0000;-0.0000;10410
1604.5;0.0000;0.0000;-0.0069;0.0000;24;-26;-0.0049;-0.0012;-0.0012;-0.0059;-0.1056;0.0000;-0.0000;10410
1605.0;0.0000;0.0000;-0.0027;0.0000;24;-26;-0.0049;-0.0012;-0.0012;-0.0059;-0.1056;0.0000;-0.0000;10410
1605.5;0.0000;0.0000;0.0000;0.0000;24;-26;-0.0049;-0.0012;-0.0012;-0.0059;-0.1056;0.0000;-0.0000;10410
1606.0;0.0000;0.0000;-0.0055;0.0000;24;-26;-0.0049;-0.0012;-0.0012;-0.0059;-0.1056;0.0000;-0.0000;10410
1606.5;0.0000;0.0000;0.0014;0.0000;24;-26;-0.0049;-0.0012;-0.0012;-0.0059;-0.1056;0.0000;-0.0000;10410
1607.0;0.0000;0.0000;0.0027;0.0000;24;-26;-0.0049;-0.0012;-0.0012;-0.0059;-0.1056;0.0000;-0.0000;10410
1607.5;0.0000;0.0000;0.0014;0.0000;24;-26;-0.0049;-0.0012;-0.0012;-0.0059;-0.1056;0.0000;-0.0000;10410
1608.0;0.0000;0.0000;-0.0014;0.0000;24;-26;-0.0049;-0.0012;-0.0012;-0.0059;-0.1056;0.0000;-0.0000;10410
1608.5;0.0000;0.0000;0.0041;0.0000;24;-26;-0.0049;-0.0012;-0.0012;-0.0059;-0.1056;0.0000;-0.0000;10410
1609.0;0.0000;0.0000;0.0000;0.0000;24;-26;-0.0049;-0.0012;-0.0012;-0.0059;-0.1056;0.0000;-0.0000;10410
1609.5;0.0000;0.0000;0.0041;0.0000;24;-26;-0.0049;-0.0012;-0.0012;-0.0059;-0.1056;0.0000;-0.0000;10410
1610.0;0.0000;0.0000;0.0000;0.0000;24;-26;-0.0049;-0.0012;-0.0012;-0.0059;-0.1056;0.0000;-0.0000;10410
1610.5;0.0000;0.0000;-0.0055;0.0000;24;-26;-0.0049;-0.0012;-0.0012;-0.0059;-0.1056;0.0000;-0.0000;10410
1611.0;0.0000;0.0000;-0.0055;0.0000;24;-26;-0.0049;-0.0012;-0.0012;-0.0059;-0.1056;0.0000;-0.0000;10410
1611.5;0.0000;0.0000;-0.0055;0.0000;24;-26;-0.0049;-0.0012;-0.0012;-0.0059;-0.1056;0.0000;-0.0000;10410
1612.0;0.0000;0.0000;-0.0027;0.0000;24;-26;-0.0049;-0.0012;-0.0012;-0.0059;-0.1056;0.0000;-0.0000;10410
1612.5;0.0000;0.0000;0.0027;0.0000;24;-26;-0.0049;-0.0012;-0.0012;-0.0059;-0.1056;0.0000;-0.0000;10410
1613.0;0.0000;0.0000;0.0027;0.0000;24;-26;-0.0049;-0.0012;-0.0012;-0.0059;-0.1056;0.0000;-0.0000;10410
1613.5;0.0000;0.0000;0.0055;0.0000;24;-26;-0.0049;-0.0012;-0.0012;-0.0059;-0.1056;0.0000;-0.0000;10410
1614.0;0.0000;0.0000;0.0027;0.0000;24;-26;-0.0049;-0.0012;-0.0012;-0.0059;-0.1056;0.0000;-0.0000;10410
1614.5;0.0000;0.0000;-0.0027;0.0000;24;-26;-0.0049;-0.0012;-0.0012;-0.0059;-0.1056;0.0000;-0.0000;10410
1615.0;0.0000;0.0000;0.0055;0.0000;24;-26;-0.0049;-0.0012;-0.0012;-0.0059;-0.1056;0.0000;-0.0000;10410
1615.5;0.0000;0.0000;0.0014;0.0000;24;-26;-0.0049;-0.0012;-0.0012;-0.0059;-0.1056;0.0000;-0.0000;10410
1616.0;0.0000;0.0000;0.0014;0.0000;24;-26;-0.0049;-0.0012;-0.0012;-0.0059;-0.1056;0.0000;-0.0000;10410
1616.5;0.0000;0.0000;0.0000;0.0000;24;-26;-0.0049;-0.0012;-0.0012;-0.0059;-0.1056;0.0000;-0.0000;10410
1617.0;0.0000;0.0000;-0.0027;0.0000;24;-26;-0.0049;-0.0012;-0.0012;-0.0059;-0.1056;0.0000;-0.0000;10410
1617.5;0.0000;0.0000;-0.0082;0.0000;24;-26;-0.0049;-0.0012;-0.0012;-0.0059;-0.1056;0.0000;-0.0000;10410
1618.0;0.0000;0.0000;-0.0096;0.0000;24;-26;-0.0049;-0.0012;-0.0012;-0.0059;-0.1056;0.0000;-0.0000;10410
1618.5;0.0000;0.0000;-0.0069;0.0000;24;-26;-0.0049;-0.0012;-0.0012;-0.0059;-0.1056;0.0000;-0.0000;10410
1619.0;0.0000;0.0000;-0.0082;0.0000;24;-26;-0.0049;-0.0012;-0.0012;-0.0059;-0.1056;0.0000;-0.0000;10410
1619.5;0.0000;0.0000;-0.0069;0.0000;24;-26;-0.0049;-0.0012;-0.0012;-0.0059;-0.1056;0.0000;-0.0000;10410
1620.0;0.0000;0.0000;-0.0041;0.0000;24;-26;-0.0049;-0.0012;-0.0012;-0.0059;-0.1056;0.0000;-0.0000;10410
1620.5;0.0000;0.0000;0.0000;0.0000;24;-26;-0.0049;-0.0012;-0.0012;-0.0059;-0.1056;0.0000;-0.0000;10410
1621.0;0.0000;0.0000;-0.0027;0.0000;24;-26;-0.0049;-0.0012;-0.0012;-0.0059;-0.1056;0.0000;-0.0000;10410
1621.5;0.0000;0.0000;0.0096;0.0000;24;-26;-0.0049;-0.0012;-0.0012;-0.0059;-0.1056;0.0000;-0.0000;10410
1622.0;0.0000;0.0000;0.0096;0.0000;24;-26;-0.0049;-0.0012;-0.0012;-0.0059;-0.1056;0.0000;-0.0000;10410
1622.5;0.0000;0.0000;0.0014;0.0000;24;-26;-0.0049;-0.0012;-0.0012;-0.0059;-0.1056;0.0000;-0.0000;10410
1623.0;0.0000;0.0000;0.0055;0.0000;24;-26;-0.0049;-0.0012;-0.0012;-0.0059;-0.1056;0.0000;-0.0000;10410
1623.5;0.0000;0.0000;0.0055;0.0000;24;-26;-0.0049;-0.0012;-0.0012;-0.0059;-0.1056;0.0000;-0.0000;10410
1624.0;0.0000;0.0000;0.0082;0.0000;24;-26;-0.0049;-0.0012;-0.0012;-0.0059;-0.1056;0.0000;-0.0000;10410
1624.5;0.0000;0.0000;0.0041;0.0000;24;-26;-0.0049;-0.0012;-0.0012;-0.0059;-0.1056;0.0000;-0.0000;10410
1625.0;0.0000;0.0000;0.0000;0.0000;24;-26;-0.0049;-0.0012;-0.0012;-0.0059;-0.1056;0.0000;-0.0000;10410
1625.5;0.0000;0.0000;0.0055;0.0000;24;-26;-0.0049;-0.0012;-0.0012;-0.0059;-0.1056;0.0000;-0.0000;10410
1626.0;0.0000;0.0000;0.0082;0.0000;24;-26;-0.0049;-0.0012;-0.0012;-0.0059;-0.1056;0.0000;-0.0000;10410
1626.5;0.0000;0.0000;0.0082;0.0000;24;-26;-0.0049;-0.0012;-0.0012;-0.0059;-0.1056;0.0000;-0.0000;10410
1627.0;0.0000;0.0000;0.0124;0.0000;24;-26;-0.0049;-0.0012;-0.0012;-0.0059;-0.1056;0.0000;-0.0000;10410
1627.5;0.0000;0.0000;0.0151;0.0000;24;-26;-0.0049;-0.0012;-0.0012;-0.0059;-0.1056;0.0000;-0.0000;10410
1628.0;0.0000;0.0000;0.0124;0.0000;24;-26;-0.0049;-0.0012;-0.0012;-0.0059;-0.1056;0.0000;-0.0000;10410
1628.5;0.0000;0.0000;0.0082;0.0000;24;-26;-0.0049;-0.0012;-0.0012;-0.0059;-0.1056;0.0000;-0.0000;10410
1629.0;0.0000;0.0000;0.0014;0.0000;24;-26;-0.0049;-0.0012;-0.0012;-0.0059;-0.1056;0.0000;-0.0000;10410
1629.5;0.0000;0.0000;0.0000;0.0000;24;-26;-0.0049;-0.0012;-0.0012;-0.0059;-0.1056;0.0000;-0.0000;10410
1630.0;0.0000;0.0000;0.0069;0.0000;24;-26;-0.0049;-0.0012;-0.0012;-0.0059;-0.1056;0.0000;-0.0000;10410
1630.5;0.0000;0.0000;-0.0041;0.0000;24;-26;-0.0049;-0.0012;-0.0012;-0.0059;-0.1056;0.0000;-0.0000;10410
1631.0;0.0000;0.0000;0.0014;0.0000;24;-26;-0.0049;-0.0012;-0.0012;-0.0059;-0.1056;0.0000;-0.0000;10410
1631.5;0.0000;0.0000;-0.0014;0.0000;24;-26;-0.0049;-0.0012;-0.0012;-0.0059;-0.1056;0.0000;-0.0000;10410
1632.0;0.0000;0.0000;0.0000;0.0000;24;-26;-0.0049;-0.0012;-0.0012;-0.0059;-0.1056;0.0000;-0.0000;10410
1632.5;0.0000;0.0000;-0.0055;0.0000;24;-26;-0.0049;-0.0012;-0.0012;-0.0059;-0.1056;0.0000;-0.0000;10410
1633.0;0.0000;0.0000;-0.0137;0.0000;24;-26;-0.0049;-0.0012;-0.0012;-0.0059;-0.1056;0.0000;-0.0000;10410
1633.5;0.0000;0.0000;-0.0151;0.0000;24;-26;-0.0049;-0.0012;-0.0012;-0.0059;-0.1056;0.0000;-0.0000;10410
1634.0;0.0000;0.0000;-0.0027;0.0000;24;-26;-0.0049;-0.0012;-0.0012;-0.0059;-0.1056;0.0000;-0.0000;10410
1634.5;0.0000;0.0000;-0.0027;0.0000;24;-26;-0.0049;-0.0012;-0.0012;-0.0059;-0.1056;0.0000;-0.0000;10410
1635.0;0.0000;0.0000;-0.0055;0.0000;24;-26;-0.0049;-0.0012;-0.0012;-0.0059;-0.1056;0.0000;-0.0000;10410
1635.5;0.0000;0.0000;0.0041;0.0000;24;-26;-0.0049;-0.0012;-0.0012;-0.0059;-0.1056;0.0000;-0.0000;10410
1636.0;0.0000;0.0000;-0.0069;0.0000;24;-26;-0.0049;-0.0012;-0.0012;-0.0059;-0.1056;0.0000;-0.0000;10410
1636.5;0.0000;0.0000;-0.0096;0.0000;24;-26;-0.0049;-0.0012;-0.0012;-0.0059;-0.1056;0.0000;-0.0000;10410
1637.0;0.0000;0.0000;-0.0124;0.0000;24;-26;-0.0049;-0.0012;-0.0012;-0.0059;-0.1056;0.0000;-0.0000;10410
1637.5;0.0000;0.0000;-0.0082;0.0000;24;-26;-0.0049;-0.0012;-0.0012;-0.0059;-0.1056;0.0000;-0.0000;10410
1638.0;0.0000;0.0000;-0.0069;0.0000;24;-26;-0.0049;-0.0012;-0.0012;-0.0059;-0.1056;0.0000;-0.0000;10410
1638.5;0.0000;0.0000;-0.0055;0.0000;24;-26;-0.0049;-0.0012;-0.0012;-0.0059;-0.1056;0.0000;-0.0000;10410
1639.0;0.0000;0.0000;0.0014;0.0000;24;-26;-0.0049;-0.0012;-0.0012;-0.0059;-0.1056;0.0000;-0.0000;10410
1639.5;0.0000;0.0000;-0.0096;0.0000;24;-26;-0.0049;-0.0012;-0.0012;-0.0059;-0.1056;0.0000;-0.0000;10410
1640.0;0.0000;0.0000;0.0000;0.0000;24;-26;-0.0049;-0.0012;-0.0012;-0.0059;-0.1056;0.0000;-0.0000;10410
1640.5;0.0000;0.0000;-0.0041;0.0000;24;-26;-0.0049;-0.0012;-0.0012;-0.0059;-0.1056;0.0000;-0.0000;10410
1641.0;0.0000;0.0000;-0.0110;0.0000;24;-26;-0.0049;-0.0012;-0.0012;-0.0059;-0.1056;0.0000;-0.0000;10410
1641.5;0.0000;0.0000;-0.0014;0.0000;24;-26;-0.0049;-0.0012;-0.0012;-0.0059;-0.1056;0.0000;-0.0000;10410
1642.0;0.0000;0.0000;0.0000;0.0000;24;-26;-0.0049;-0.0012;-0.0012;-0.0059;-0.1056;0.0000;-0.0000;10410
1642.5;0.0000;0.0000;-0.0014;0.0000;24;-26;-0.0049;-0.0012;-0.0012;-0.0059;-0.1056;0.0000;-0.0000;10410
1643.0;0.0000;0.0000;-0.0014;0.0000;24;-26;-0.0049;-0.0012;-0.0012;-0.0059;-0.1056;0.0000;-0.0000;10410
1643.5;0.0000;0.0000;-0.0027;0.0000;24;-26;-0.0049;-0.0012;-0.0012;-0.0059;-0.1056;0.0000;-0.0000;10410
1644.0;0.0000;0.0000;-0.0069;0.0000;24;-26;-0.0049;-0.0012;-0.0012;-0.0059;-0.1056;0.0000;-0.0000;10410
1644.5;0.0000;0.0000;-0.0027;0.0000;24;-26;-0.0049;-0.0012;-0.0012;-0.0059;-0.1056;0.0000;-0.0000;10410
1645.0;0.0000;0.0000;-0.0069;0.0000;24;-26;-0.0049;-0.0012;-0.0012;-0.0059;-0.1056;0.0000;-0.0000;10410
1645.5;0.0000;0.0000;-0.0124;0.0000;24;-26;-0.0049;-0.0012;-0.0012;-0.0059;-0.1056;0.0000;-0.0000;10410
1646.0;0.0000;0.0000;-0.0096;0.0000;24;-26;-0.0049;-0.0012;-0.0012;-0.0059;-0.1056;0.0000;-0.0000;10410
1646.5;0.0000;0.0000;-0.0124;0.0000;24;-26;-0.0049;-0.0012;-0.0012;-0.0059;-0.1056;0.0000;-0.0000;10410
1647.0;0.0000;0.0000;-0.0055;0.0000;24;-26;-0.0049;-0.0012;-0.0012;-0.0059;-0.1056;0.0000;-0.0000;10410
1647.5;0.0000;0.0000;-0.0137;0.0000;24;-26;-0.0049;-0.0012;-0.0012;-0.0059;-0.1056;0.0000;-0.0000;10410
1648.0;0.0000;0.0000;-0.0082;0.0000;24;-26;-0.0049;-0.0012;-0.0012;-0.0059;-0.1056;0.0000;-0.0000;10410
1648.5;0.0000;0.0000;-0.0069;0.0000;24;-26;-0.0049;-0.0012;-0.0012;-0.0059;-0.1056;0.0000;-0.0000;10410
1649.0;0.0000;0.0000;0.0014;0.0000;24;-26;-0.0049;-0.0012;-0.0012;-0.0059;-0.1056;0.0000;-0.0000;10410
1649.5;0.0000;0.0000;-0.0027;0.0000;24;-26;-0.0049;-0.0012;-0.0012;-0.0059;-0.1056;0.0000;-0.0000;10410
1650.0;0.0000;0.0000;-0.0069;0.0000;24;-26;-0.0049;-0.0012;-0.0012;-0.0059;-0.1056;0.0000;-0.0000;10410
1650.5;0.0000;0.0000;-0.0014;0.0000;24;-26;-0.0049;-0.0012;-0.0012;-0.0059;-0.1056;0.0000;-0.0000;10410
1651.0;0.0000;0.0000;-0.0041;0.0000;24;-26;-0.0049;-0.0012;-0.0012;-0.0059;-0.1056;0.0000;-0.0000;10410
1651.5;0.0000;0.0000;-0.0069;0.0000;24;-26;-0.0049;-0.0012;-0.0012;-0.0059;-0.1056;0.0000;-0.0000;10410
1652.0;0.0000;0.0000;0.0000;0.0000;24;-26;-0.0049;-0.0012;-0.0012;-0.0059;-0.1056;0.0000;-0.0000;10410
1652.5;0.0000;0.0000;-0.0041;0.0000;24;-26;-0.0049;-0.0012;-0.0012;-0.0059;-0.1056;0.0000;-0.0000;10410
1653.0;0.0000;0.0000;-0.0082;0.0000;24;-26;-0.0049;-0.0012;-0.0012;-0.0059;-0.1056;0.0000;-0.0000;10410
1653.5;0.0000;0.0000;-0.0165;0.0000;24;-26;-0.0049;-0.0012;-0.0012;-0.0059;-0.1056;0.0000;-0.0000;10410
1654.0;0.0000;0.0000;-0.0165;0.0000;24;-26;-0.0049;-0.0012;-0.0012;-0.0059;-0.1056;0.0000;-0.0000;10410
1654.5;0.0000;0.0000;-0.0027;0.0000;24;-26;-0.0049;-0.0012;-0.0012;-0.0059;-0.1056;0.0000;-0.0000;10410
1655.0;0.0000;0.0000;-0.0055;0.0000;24;-26;-0.0049;-0.0012;-0.0012;-0.0059;-0.1056;0.0000;-0.0000;10410
1655.5;0.0000;0.0000;-0.0027;0.0000;24;-26;-0.0049;-0.0012;-0.0012;-0.0059;-0.1056;0.0000;-0.0000;10410
1656.0;0.0000;0.0000;-0.0055;0.0000;24;-26;-0.0049;-0.0012;-0.0012;-0.0059;-0.1056;0.0000;-0.0000;10410
1656.5;0.0000;0.0000;0.0069;0.0000;24;-26;-0.0049;-0.0012;-0.0012;-0.0059;-0.1056;0.0000;-0.0000;10410
1657.0;0.0000;0.0000;0.0041;0.0000;24;-26;-0.0049;-0.0012;-0.0012;-0.0059;-0.1056;0.0000;-0.0000;10410
1657.5;0.0000;0.0000;0.0041;0.0000;24;-26;-0.0049;-0.0012;-0.0012;-0.0059;-0.1056;0.0000;-0.0000;10410
1658.0;0.0000;0.0000;-0.0055;0.0000;24;-26;-0.0049;-0.0012;-0.0012;-0.0059;-0.1056;0.0000;-0.0000;10410
1658.5;0.0000;0.0000;0.0069;0.0000;24;-26;-0.0049;-0.0012;-0.0012;-0.0059;-0.1056;0.0000;-0.0000;10410
1659.0;0.0000;0.0000;0.0110;0.0000;24;-26;-0.0049;-0.0012;-0.0012;-0.0059;-0.1056;0.0000;-0.0000;10410
1659.5;0.0000;0.0000;0.0082;0.0000;24;-26;-0.0049;-0.0012;-0.0012;-0.0059;-0.1056;0.0000;-0.0000;10410
1660.0;0.0000;0.0000;0.0165;0.0000;24;-26;-0.0049;-0.0012;-0.0012;-0.0059;-0.1056;0.0000;-0.0000;10410
1660.5;0.0000;0.0000;0.0027;0.0000;24;-26;-0.0049;-0.0012;-0.0012;-0.0059;-0.1056;0.0000;-0.0000;10410
1661.0;0.0000;0.0000;0.0014;0.0000;24;-26;-0.0049;-0.0012;-0.0012;-0.0059;-0.1056;0.0000;-0.0000;10410
1661.5;0.0000;0.0000;0.0014;0.0000;24;-26;-0.0049;-0.0012;-0.0012;-0.0059;-0.1056;0.0000;-0.0000;10410
1662.0;0.0000;0.0000;0.0041;0.0000;24;-26;-0.0049;-0.0012;-0.0012;-0.0059;-0.1056;0.0000;-0.0000;10410
1662.5;0.0000;0.0000;-0.0027;0.0000;24;-26;-0.0049;-0.0012;-0.0012;-0.0059;-0.1056;0.0000;-0.0000;10410
1663.0;0.0000;0.0000;-0.0041;0.0000;24;-26;-0.0049;-0.0012;-0.0012;-0.0059;-0.1056;0.0000;-0.0000;10410
1663.5;0.0000;0.0000;-0.0041;0.0000;24;-26;-0.0049;-0.0012;-0.0012;-0.0059;-0.1056;0.0000;-0.0000;10410
1664.0;0.0000;0.0000;-0.0082;0.0000;24;-26;-0.0049;-0.0012;-0.0012;-0.0059;-0.1056;0.0000;-0.0000;10410
1664.5;0.0000;0.0000;-0.0110;0.0000;24;-26;-0.0049;-0.0012;-0.0012;-0.0059;-0.1056;0.0000;-0.0000;10410
1665.0;0.0000;0.0000;-0.0110;0.0000;24;-26;-0.0049;-0.0012;-0.0012;-0.0059;-0.1056;0.0000;-0.0000;10410
1665.5;0.0000;0.0000;-0.0137;0.0000;24;-26;-0.0049;-0.0012;-0.0012;-0.0059;-0.1056;0.0000;-0.0000;10410
1666.0;0.0000;0.0000;-0.0096;0.0000;24;-26;-0.0049;-0.0012;-0.0012;-0.0059;-0.1056;0.0000;-0.0000;10410
1666.5;0.0000;0.0000;-0.0082;0.0000;24;-26;-0.0049;-0.0012;-0.0012;-0.0059;-0.1056;0.0000;-0.0000;10410
1667.0;0.0000;0.0000;-0.0082;0.0000;24;-26;-0.0049;-0.0012;-0.0012;-0.0059;-0.1056;0.0000;-0.0000;10410
1667.5;0.0000;0.0000;-0.0041;0.0000;24;-26;-0.0049;-0.0012;-0.0012;-0.0059;-0.1056;0.0000;-0.0000;10410
1668.0;0.0000;0.0000;-0.0014;0.0000;24;-26;-0.0049;-0.0012;-0.0012;-0.0059;-0.1056;0.0000;-0.0000;10410
1668.5;0.0000;0.0000;0.0041;0.0000;24;-26;-0.0049;-0.0012;-0.0012;-0.0059;-0.1056;0.0000;-0.0000;10410
1669.0;0.0000;0.0000;0.0124;0.0000;24;-26;-0.0049;-0.0012;-0.0012;-0.0059;-0.1056;0.0000;-0.0000;10410
1669.5;0.0000;0.0000;0.0096;0.0000;24;-26;-0.0049;-0.0012;-0.0012;-0.0059;-0.1056;0.0000;-0.0000;10410
1670.0;0.0000;0.0000;0.0000;0.0000;24;-26;-0.0049;-0.0012;-0.0012;-0.0059;-0.1056;0.0000;-0.0000;10410
1670.5;0.0000;0.0000;0.0055;0.0000;24;-26;-0.0049;-0.0012;-0.0012;-0.0059;-0.1056;0.0000;-0.0000;10410
1671.0;0.0000;0.0000;-0.0027;0.0000;24;-26;-0.0049;-0.0012;-0.0012;-0.0059;-0.1056;0.0000;-0.0000;10410
1671.5;0.0000;0.0000;-0.0069;0.0000;24;-26;-0.0049;-0.0012;-0.0012;-0.0059;-0.1056;0.0000;-0.0000;10410
1672.0;0.0000;0.0000;0.0014;0.0000;24;-26;-0.0049;-0.0012;-0.0012;-0.0059;-0.1056;0.0000;-0.0000;10410
1672.5;0.0000;0.0000;0.0041;0.0000;24;-26;-0.0049;-0.0012;-0.0012;-0.0059;-0.1056;0.0000;-0.0000;10410
1673.0;0.0000;0.0000;-0.0082;0.0000;24;-26;-0.0049;-0.0012;-0.0012;-0.0059;-0.1056;0.0000;-0.0000;10410
1673.5;0.0000;0.0000;0.0027;0.0000;24;-26;-0.0049;-0.0012;-0.0012;-0.0059;-0.1056;0.0000;-0.0000;10410
1674.0;0.0000;0.0000;0.0027;0.0000;24;-26;-0.0049;-0.0012;-0.0012;-0.0059;-0.1056;0.0000;-0.0000;10410
1674.5;0.0000;0.0000;0.0000;0.0000;24;-26;-0.0049;-0.0012;-0.0012;-0.0059;-0.1056;0.0000;-0.0000;10410
1675.0;0.0000;0.0000;0.0027;0.0000;24;-26;-0.0049;-0.0012;-0.0012;-0.0059;-0.1056;0.0000;-0.0000;10410
1675.5;0.0000;0.0000;-0.0014;0.0000;24;-26;-0.0049;-0.0012;-0.0012;-0.0059;-0.1056;0.0000;-0.0000;10410
1676.0;0.0000;0.0000;-0.0069;0.0000;24;-26;-0.0049;-0.0012;-0.0012;-0.0059;-0.1056;0.0000;-0.0000;10410
1676.5;0.0000;0.0000;-0.0137;0.0000;24;-26;-0.0049;-0.0012;-0.0012;-0.0059;-0.1056;0.0000;-0.0000;10410
1677.0;0.0000;0.0000;-0.0069;0.0000;24;-26;-0.0049;-0.0012;-0.0012;-0.0059;-0.1056;0.0000;-0.0000;10410
1677.5;0.0000;0.0000;-0.0082;0.0000;24;-26;-0.0049;-0.0012;-0.0012;-0.0059;-0.1056;0.0000;-0.0000;10410
1678.0;0.0000;0.0000;-0.0096;0.0000;24;-26;-0.0049;-0.0012;-0.0012;-0.0059;-0.1056;0.0000;-0.0000;10410
1678.5;0.0000;0.0000;-0.0027;0.0000;24;-26;-0.0049;-0.0012;-0.0012;-0.0059;-0.1056;0.0000;-0.0000;10410
1679.0;0.0000;0.0000;-0.0041;0.0000;24;-26;-0.0049;-0.0012;-0.0012;-0.0059;-0.1056;0.0000;-0.0000;10410
1679.5;0.0000;0.0000;-0.0055;0.0000;24;-26;-0.0049;-0.0012;-0.0012;-0.0059;-0.1056;0.0000;-0.0000;10410
1680.0;0.0000;0.0000;-0.0041;0.0000;24;-26;-0.0049;-0.0012;-0.0012;-0.0059;-0.1056;0.0000;-0.0000;10410
1680.5;0.0000;0.0000;0.0000;0.0000;24;-26;-0.0049;-0.0012;-0.0012;-0.0059;-0.1056;0.0000;-0.0000;10410
1681.0;0.0000;0.0000;-0.0055;0.0000;24;-26;-0.0049;-0.0012;-0.0012;-0.0059;-0.1056;0.0000;-0.0000;10410
1681.5;0.0000;0.0000;-0.0055;0.0000;24;-26;-0.0049;-0.0012;-0.0012;-0.0059;-0.1056;0.0000;-0.0000;10410
1682.0;0.0000;0.0000;-0.0069;0.0000;24;-26;-0.0049;-0.0012;-0.0012;-0.0059;-0.1056;0.0000;-0.0000;10410
1682.5;0.0000;0.0000;-0.0055;0.0000;24;-26;-0.0049;-0.0012;-0.0012;-0.0059;-0.1056;0.0000;-0.0000;10410
1683.0;0.0000;0.0000;-0.0069;0.0000;24;-26;-0.0049;-0.0012;-0.0012;-0.0059;-0.1056;0.0000;-0.0000;10410
1683.5;0.0000;0.0000;0.0014;0.0000;24;-26;-0.0049;-0.0012;-0.0012;-0.0059;-0.1056;0.0000;-0.0000;10410
1684.0;0.0000;0.0000;0.0055;0.0000;24;-26;-0.0049;-0.0012;-0.0012;-0.0059;-0.1056;0.0000;-0.0000;10410
1684.5;0.0000;0.0000;0.0041;0.0000;24;-26;-0.0049;-0.0012;-0.0012;-0.0059;-0.1056;0.0000;-0.0000;10410
1685.0;0.0000;0.0000;0.0000;0.0000;24;-26;-0.0049;-0.0012;-0.0012;-0.0059;-0.1056;0.0000;-0.0000;10410
1685.5;0.0000;0.0000;-0.0027;0.0000;24;-26;-0.0049;-0.0012;-0.0012;-0.0059;-0.1056;0.0000;-0.0000;10410
1686.0;0.0000;0.0000;0.0014;0.0000;24;-26;-0.0049;-0.0012;-0.0012;-0.0059;-0.1056;0.0000;-0.0000;10410
1686.5;0.0000;0.0000;0.0027;0.0000;24;-26;-0.0049;-0.0012;-0.0012;-0.0059;-0.1056;0.0000;-0.0000;10410
1687.0;0.0000;0.0000;0.0014;0.0000;24;-26;-0.0049;-0.0012;-0.0012;-0.0059;-0.1056;0.0000;-0.0000;10410
1687.5;0.0000;0.0000;-0.0027;0.0000;24;-26;-0.0049;-0.0012;-0.0012;-0.0059;-0.1056;0.0000;-0.0000;10410
1688.0;0.0000;0.0000;-0.0055;0.0000;24;-26;-0.0049;-0.0012;-0.0012;-0.0059;-0.1056;0.0000;-0.0000;10410
1688.5;0.0000;0.0000;-0.0027;0.0000;24;-26;-0.0049;-0.0012;-0.0012;-0.0059;-0.1056;0.0000;-0.0000;10410
1689.0;0.0000;0.0000;-0.0014;0.0000;24;-26;-0.0049;-0.0012;-0.0012;-0.0059;-0.1056;0.0000;-0.0000;10410
1689.5;0.0000;0.0000;-0.0027;0.0000;24;-26;-0.0049;-0.0012;-0.0012;-0.0059;-0.1056;0.0000;-0.0000;10410
1690.0;0.0000;0.0000;-0.0137;0.0000;24;-26;-0.0049;-0.0012;-0.0012;-0.0059;-0.1056;0.0000;-0.0000;10410
1690.5;0.0000;0.0000;-0.0014;0.0000;24;-26;-0.0049;-0.0012;-0.0012;-0.0059;-0.1056;0.0000;-0.0000;10410
1691.0;0.0000;0.0000;-0.0055;0.0000;24;-26;-0.0049;-0.0012;-0.0012;-0.0059;-0.1056;0.0000;-0.0000;10410
1691.5;0.0000;0.0000;0.0000;0.0000;24;-26;-0.0049;-0.0012;-0.0012;-0.0059;-0.1056;0.0000;-0.0000;10410
1692.0;0.0000;0.0000;-0.0041;0.0000;24;-26;-0.0049;-0.0012;-0.0012;-0.0059;-0.1056;0.0000;-0.0000;10410
1692.5;0.0000;0.0000;0.0041;0.0000;24;-26;-0.0049;-0.0012;-0.0012;-0.0059;-0.1056;0.0000;-0.0000;10410
1693.0;0.0000;0.0000;0.0041;0.0000;24;-26;-0.0049;-0.0012;-0.0012;-0.0059;-0.1056;0.0000;-0.0000;10410
1693.5;0.0000;0.0000;0.0000;0.0000;24;-26;-0.0049;-0.0012;-0.0012;-0.0059;-0.1056;0.0000;-0.0000;10410
1694.0;0.0000;0.0000;-0.0041;0.0000;24;-26;-0.0049;-0.0012;-0.0012;-0.0059;-0.1056;0.0000;-0.0000;10410
1694.5;0.0000;0.0000;-0.0069;0.0000;24;-26;-0.0049;-0.0012;-0.0012;-0.0059;-0.1056;0.0000;-0.0000;10410
1695.0;0.0000;0.0000;-0.0096;0.0000;24;-26;-0.0049;-0.0012;-0.0012;-0.0059;-0.1056;0.0000;-0.0000;10410
1695.5;0.0000;0.0000;-0.0110;0.0000;24;-26;-0.0049;-0.0012;-0.0012;-0.0059;-0.1056;0.0000;-0.0000;10410
1696.0;0.0000;0.0000;-0.0151;0.0000;24;-26;-0.0049;-0.0012;-0.0012;-0.0059;-0.1056;0.0000;-0.0000;10410
1696.5;0.0000;0.0000;-0.0082;0.0000;24;-26;-0.0049;-0.0012;-0.0012;-0.0059;-0.1056;0.0000;-0.0000;10410
1697.0;0.0000;0.0000;-0.0082;0.0000;24;-26;-0.0049;-0.0012;-0.0012;-0.0059;-0.1056;0.0000;-0.0000;10410
1697.5;0.0000;0.0000;-0.0041;0.0000;24;-26;-0.0049;-0.0012;-0.0012;-0.0059;-0.1056;0.0000;-0.0000;10410
1698.0;0.0000;0.0000;-0.0041;0.0000;24;-26;-0.0049;-0.0012;-0.0012;-0.0059;-0.1056;0.0000;-0.0000;10410
1698.5;0.0000;0.0000;-0.0041;0.0000;24;-26;-0.0049;-0.0012;-0.0012;-0.0059;-0.1056;0.0000;-0.0000;10410
1699.0;0.0000;0.0000;-0.0041;0.0000;24;-26;-0.0049;-0.0012;-0.0012;-0.0059;-0.1056;0.0000;-0.0000;10410
1699.5;0.0000;0.0000;-0.0041;0.0000;24;-26;-0.0049;-0.0012;-0.0012;-0.0059;-0.1056;0.0000;-0.0000;10410
1700.0;0.0000;0.0000;-0.0082;0.0000;24;-26;-0.0049;-0.0012;-0.0012;-0.0059;-0.1056;0.0000;-0.0000;10410
1700.5;0.0000;0.0000;-0.0041;0.0000;24;-26;-0.0049;-0.0012;-0.0012;-0.0059;-0.1056;0.0000;-0.0000;10410
1701.0;0.0000;0.0000;0.0000;0.0000;24;-26;-0.0049;-0.0012;-0.0012;-0.0059;-0.1056;0.0000;-0.0000;10410
1701.5;0.0000;0.0000;0.0014;0.0000;24;-26;-0.0049;-0.0012;-0.0012;-0.0059;-0.1056;0.0000;-0.0000;10410
1702.0;0.0000;0.0000;-0.0041;0.0000;24;-26;-0.0049;-0.0012;-0.0012;-0.0059;-0.1056;0.0000;-0.0000;10410
1702.5;0.0000;0.0000;-0.0027;0.0000;24;-26;-0.0049;-0.0012;-0.0012;-0.0059;-0.1056;0.0000;-0.0000;10410
1703.0;0.0000;0.0000;0.0027;0.0000;24;-26;-0.0049;-0.0012;-0.0012;-0.0059;-0.1056;0.0000;-0.0000;10410
1703.5;0.0000;0.0000;0.0069;0.0000;24;-26;-0.0049;-0.0012;-0.0012;-0.0059;-0.1056;0.0000;-0.0000;10410
1704.0;0.0000;0.0000;0.0000;0.0000;24;-26;-0.0049;-0.0012;-0.0012;-0.0059;-0.1056;0.0000;-0.0000;10410
1704.5;0.0000;0.0000;0.0027;0.0000;24;-26;-0.0049;-0.0012;-0.0012;-0.0059;-0.1056;0.0000;-0.0000;10410
1705.0;0.0000;0.0000;0.0027;0.0000;24;-26;-0.0049;-0.0012;-0.0012;-0.0059;-0.1056;0.0000;-0.0000;10410
1705.5;0.0000;0.0000;0.0000;0.0000;24;-26;-0.0049;-0.0012;-0.0012;-0.0059;-0.1056;0.0000;-0.0000;10410
1706.0;0.0000;0.0000;0.0000;0.0000;24;-26;-0.0049;-0.0012;-0.0012;-0.0059;-0.1056;0.0000;-0.0000;10410
1706.5;0.0000;0.0000;0.0027;0.0000;24;-26;-0.0049;-0.0012;-0.0012;-0.0059;-0.1056;0.0000;-0.0000;10410
1707.0;0.0000;0.0000;0.0041;0.0000;24;-26;-0.0049;-0.0012;-0.0012;-0.0059;-0.1056;0.0000;-0.0000;10410
1707.5;0.0000;0.0000;-0.0027;0.0000;24;-26;-0.0049;-0.0012;-0.0012;-0.0059;-0.1056;0.0000;-0.0000;10410
1708.0;0.0000;0.0000;0.0000;0.0000;24;-26;-0.0049;-0.0012;-0.0012;-0.0059;-0.1056;0.0000;-0.0000;10410
1708.5;0.0000;0.0000;-0.0041;0.0000;24;-26;-0.0049;-0.0012;-0.0012;-0.0059;-0.1056;0.0000;-0.0000;10410
1709.0;0.0000;0.0000;-0.0096;0.0000;24;-26;-0.0049;-0.0012;-0.0012;-0.0059;-0.1056;0.0000;-0.0000;10410
1709.5;0.0000;0.0000;0.0014;0.0000;24;-26;-0.0049;-0.0012;-0.0012;-0.0059;-0.1056;0.0000;-0.0000;10410
1710.0;0.0000;0.0000;-0.0069;0.0000;24;-26;-0.0049;-0.0012;-0.0012;-0.0059;-0.1056;0.0000;-0.0000;10410
1710.5;0.0000;0.0000;-0.0096;0.0000;24;-26;-0.0049;-0.0012;-0.0012;-0.0059;-0.1056;0.0000;-0.0000;10410
1711.0;0.0000;0.0000;-0.0096;0.0000;24;-26;-0.0049;-0.0012;-0.0012;-0.0059;-0.1056;0.0000;-0.0000;10410
1711.5;0.0000;0.0000;-0.0014;0.0000;24;-26;-0.0049;-0.0012;-0.0012;-0.0059;-0.1056;0.0000;-0.0000;10410
1712.0;0.0000;0.0000;-0.0041;0.0000;24;-26;-0.0049;-0.0012;-0.0012;-0.0059;-0.1056;0.0000;-0.0000;10410
1712.5;0.0000;0.0000;-0.0069;0.0000;24;-26;-0.0049;-0.0012;-0.0012;-0.0059;-0.1056;0.0000;-0.0000;10410
1713.0;0.0000;0.0000;-0.0041;0.0000;24;-26;-0.0049;-0.0012;-0.0012;-0.0059;-0.1056;0.0000;-0.0000;10410
1713.5;0.0000;0.0000;0.0041;0.0000;24;-26;-0.0049;-0.0012;-0.0012;-0.0059;-0.1056;0.0000;-0.0000;10410
1714.0;0.0000;0.0000;0.0041;0.0000;24;-26;-0.0049;-0.0012;-0.0012;-0.0059;-0.1056;0.0000;-0.0000;10410
1714.5;0.0000;0.0000;-0.0055;0.0000;24;-26;-0.0049;-0.0012;-0.0012;-0.0059;-0.1056;0.0000;-0.0000;10410
1715.0;0.0000;0.0000;-0.0041;0.0000;24;-26;-0.0049;-0.0012;-0.0012;-0.0059;-0.1056;0.0000;-0.0000;10410
1715.5;0.0000;0.0000;-0.0055;0.0000;24;-26;-0.0049;-0.0012;-0.0012;-0.0059;-0.1056;0.0000;-0.0000;10410
1716.0;0.0000;0.0000;-0.0055;0.0000;24;-26;-0.0049;-0.0012;-0.0012;-0.0059;-0.1056;0.0000;-0.0000;10410
1716.5;0.0000;0.0000;-0.0069;0.0000;24;-26;-0.0049;-0.0012;-0.0012;-0.0059;-0.1056;0.0000;-0.0000;10410
1717.0;0.0000;0.0000;-0.0082;0.0000;24;-26;-0.0049;-0.0012;-0.0012;-0.0059;-0.1056;0.0000;-0.0000;10410
1717.5;0.0000;0.0000;-0.0055;0.0000;24;-26;-0.0049;-0.0012;-0.0012;-0.0059;-0.1056;0.0000;-0.0000;10410
1718.0;0.0000;0.0000;-0.0069;0.0000;24;-26;-0.0049;-0.0012;-0.0012;-0.0059;-0.1056;0.0000;-0.0000;10410
1718.5;0.0000;0.0000;-0.0082;0.0000;24;-26;-0.0049;-0.0012;-0.0012;-0.0059;-0.1056;0.0000;-0.0000;10410
1719.0;0.0000;0.0000;-0.0069;0.0000;24;-26;-0.0049;-0.0012;-0.0012;-0.0059;-0.1056;0.0000;-0.0000;10410
1719.5;0.0000;0.0000;-0.0082;0.0000;24;-26;-0.0049;-0.0012;-0.0012;-0.0059;-0.1056;0.0000;-0.0000;10410
1720.0;0.0000;0.0000;0.0014;0.0000;24;-26;-0.0049;-0.0012;-0.0012;-0.0059;-0.1056;0.0000;-0.0000;10410
1720.5;0.0000;0.0000;0.0014;0.0000;24;-26;-0.0049;-0.0012;-0.0012;-0.0059;-0.1056;0.0000;-0.0000;10410
1721.0;0.0000;0.0000;-0.0014;0.0000;24;-26;-0.0049;-0.0012;-0.0012;-0.0059;-0.1056;0.0000;-0.0000;10410
1721.5;0.0000;0.0000;-0.0041;0.0000;24;-26;-0.0049;-0.0012;-0.0012;-0.0059;-0.1056;0.0000;-0.0000;10410
1722.0;0.0000;0.0000;-0.0055;0.0000;24;-26;-0.0049;-0.0012;-0.0012;-0.0059;-0.1056;0.0000;-0.0000;10410
1722.5;0.0000;0.0000;-0.0041;0.0000;24;-26;-0.0049;-0.0012;-0.0012;-0.0059;-0.1056;0.0000;-0.0000;10410
1723.0;0.0000;0.0000;-0.0027;0.0000;24;-26;-0.0049;-0.0012;-0.0012;-0.0059;-0.1056;0.0000;-0.0000;10410
1723.5;0.0000;0.0000;-0.0014;0.0000;24;-26;-0.0049;-0.0012;-0.0012;-0.0059;-0.1056;0.0000;-0.0000;10410
1724.0;0.0000;0.0000;-0.0055;0.0000;24;-26;-0.0049;-0.0012;-0.0012;-0.0059;-0.1056;0.0000;-0.0000;10410
1724.5;0.0000;0.0000;-0.0055;0.0000;24;-26;-0.0049;-0.0012;-0.0012;-0.0059;-0.1056;0.0000;-0.0000;10410
1725.0;0.0000;0.0000;-0.0096;0.0000;24;-26;-0.0049;-0.0012;-0.0012;-0.0059;-0.1056;0.0000;-0.0000;10410
1725.5;0.0000;0.0000;-0.0014;0.0000;24;-26;-0.0049;-0.0012;-0.0012;-0.0059;-0.1056;0.0000;-0.0000;10410
1726.0;0.0000;0.0000;0.0014;0.0000;24;-26;-0.0049;-0.0012;-0.0012;-0.0059;-0.1056;0.0000;-0.0000;10410
1726.5;0.0000;0.0000;-0.0014;0.0000;24;-26;-0.0049;-0.0012;-0.0012;-0.0059;-0.1056;0.0000;-0.0000;10410
1727.0;0.0000;0.0000;0.0014;0.0000;24;-26;-0.0049;-0.0012;-0.0012;-0.0059;-0.1056;0.0000;-0.0000;10410
1727.5;0.0000;0.0000;-0.0014;0.0000;24;-26;-0.0049;-0.0012;-0.0012;-0.0059;-0.1056;0.0000;-0.0000;10410
1728.0;0.0000;0.0000;-0.0082;0.0000;24;-26;-0.0049;-0.0012;-0.0012;-0.0059;-0.1056;0.0000;-0.0000;10410
1728.5;0.0000;0.0000;-0.0069;0.0000;24;-26;-0.0049;-0.0012;-0.0012;-0.0059;-0.1056;0.0000;-0.0000;10410
1729.0;0.0000;0.0000;-0.0082;0.0000;24;-26;-0.0049;-0.0012;-0.0012;-0.0059;-0.1056;0.0000;-0.0000;10410
1729.5;0.0000;0.0000;-0.0041;0.0000;24;-26;-0.0049;-0.0012;-0.0012;-0.0059;-0.1056;0.0000;-0.0000;10410
1730.0;0.0000;0.0000;0.0000;0.0000;24;-26;-0.0049;-0.0012;-0.0012;-0.0059;-0.1056;0.0000;-0.0000;10410
1730.5;0.0000;0.0000;0.0027;0.0000;24;-26;-0.0049;-0.0012;-0.0012;-0.0059;-0.1056;0.0000;-0.0000;10410
1731.0;0.0000;0.0000;0.0041;0.0000;24;-26;-0.0049;-0.0012;-0.0012;-0.0059;-0.1056;0.0000;-0.0000;10410
1731.5;0.0000;0.0000;0.0041;0.0000;24;-26;-0.0049;-0.0012;-0.0012;-0.0059;-0.1056;0.0000;-0.0000;10410
1732.0;0.0000;0.0000;0.0069;0.0000;24;-26;-0.0049;-0.0012;-0.0012;-0.0059;-0.1056;0.0000;-0.0000;10410
1732.5;0.0000;0.0000;0.0082;0.0000;24;-26;-0.0049;-0.0012;-0.0012;-0.0059;-0.1056;0.0000;-0.0000;10410
1733.0;0.0000;0.0000;0.0014;0.0000;24;-26;-0.0049;-0.0012;-0.0012;-0.0059;-0.1056;0.0000;-0.0000;10410
1733.5;0.0000;0.0000;0.0041;0.0000;24;-26;-0.0049;-0.0012;-0.0012;-0.0059;-0.1056;0.0000;-0.0000;10410
1734.0;0.0000;0.0000;-0.0027;0.0000;24;-26;-0.0049;-0.0012;-0.0012;-0.0059;-0.1056;0.0000;-0.0000;10410
1734.5;0.0000;0.0000;0.0041;0.0000;24;-26;-0.0049;-0.0012;-0.0012;-0.0059;-0.1056;0.0000;-0.0000;10410
1735.0;0.0000;0.0000;0.0055;0.0000;24;-26;-0.0049;-0.0012;-0.0012;-0.0059;-0.1056;0.0000;-0.0000;10410
1735.5;0.0000;0.0000;0.0055;0.0000;24;-26;-0.0049;-0.0012;-0.0012;-0.0059;-0.1056;0.0000;-0.0000;10410
1736.0;0.0000;0.0000;0.0069;0.0000;24;-26;-0.0049;-0.0012;-0.0012;-0.0059;-0.1056;0.0000;-0.0000;10410
1736.5;0.0000;0.0000;0.0055;0.0000;24;-26;-0.0049;-0.0012;-0.0012;-0.0059;-0.1056;0.0000;-0.0000;10410
1737.0;0.0000;0.0000;0.0069;0.0000;24;-26;-0.0049;-0.0012;-0.0012;-0.0059;-0.1056;0.0000;-0.0000;10410
1737.5;0.0000;0.0000;0.0000;0.0000;24;-26;-0.0049;-0.0012;-0.0012;-0.0059;-0.1056;0.0000;-0.0000;10410
1738.0;0.0000;0.0000;-0.0027;0.0000;24;-26;-0.0049;-0.0012;-0.0012;-0.0059;-0.1056;0.0000;-0.0000;10410
1738.5;0.0000;0.0000;-0.0082;0.0000;24;-26;-0.0049;-0.0012;-0.0012;-0.0059;-0.1056;0.0000;-0.0000;10410
1739.0;0.0000;0.0000;-0.0027;0.0000;24;-26;-0.0049;-0.0012;-0.0012;-0.0059;-0.1056;0.0000;-0.0000;10410
1739.5;0.0000;0.0000;-0.0110;0.0000;24;-26;-0.0049;-0.0012;-0.0012;-0.0059;-0.1056;0.0000;-0.0000;10410
1740.0;0.0000;0.0000;-0.0069;0.0000;24;-26;-0.0049;-0.0012;-0.0012;-0.0059;-0.1056;0.0000;-0.0000;10410
1740.5;0.0000;0.0000;-0.0014;0.0000;24;-26;-0.0049;-0.0012;-0.0012;-0.0059;-0.1056;0.0000;-0.0000;10410
1741.0;0.0000;0.0000;-0.0014;0.0000;24;-26;-0.0049;-0.0012;-0.0012;-0.0059;-0.1056;0.0000;-0.0000;10410
1741.5;0.0000;0.0000;-0.0027;0.0000;24;-26;-0.0049;-0.0012;-0.0012;-0.0059;-0.1056;0.0000;-0.0000;10410
1742.0;0.0000;0.0000;-0.0055;0.0000;24;-26;-0.0049;-0.0012;-0.0012;-0.0059;-0.1056;0.0000;-0.0000;10410
1742.5;0.0000;0.0000;-0.0041;0.0000;24;-26;-0.0049;-0.0012;-0.0012;-0.0059;-0.1056;0.0000;-0.0000;10410
1743.0;0.0000;0.0000;-0.0041;0.0000;24;-26;-0.0049;-0.0012;-0.0012;-0.0059;-0.1056;0.0000;-0.0000;10410
1743.5;0.0000;0.0000;0.0000;0.0000;24;-26;-0.0049;-0.0012;-0.0012;-0.0059;-0.1056;0.0000;-0.0000;10410
1744.0;0.0000;0.0000;0.0027;0.0000;24;-26;-0.0049;-0.0012;-0.0012;-0.0059;-0.1056;0.0000;-0.0000;10410
1744.5;0.0000;0.0000;0.0014;0.0000;24;-26;-0.0049;-0.0012;-0.0012;-0.0059;-0.1056;0.0000;-0.0000;10410
1745.0;0.0000;0.0000;0.0000;0.0000;24;-26;-0.0049;-0.0012;-0.0012;-0.0059;-0.1056;0.0000;-0.0000;10410
1745.5;0.0000;0.0000;-0.0055;0.0000;24;-26;-0.0049;-0.0012;-0.0012;-0.0059;-0.1056;0.0000;-0.0000;10410
1746.0;0.0000;0.0000;-0.0055;0.0000;24;-26;-0.0049;-0.0012;-0.0012;-0.0059;-0.1056;0.0000;-0.0000;10410
1746.5;0.0000;0.0000;-0.0082;0.0000;24;-26;-0.0049;-0.0012;-0.0012;-0.0059;-0.1056;0.0000;-0.0000;10410
1747.0;0.0000;0.0000;-0.0014;0.0000;24;-26;-0.0049;-0.0012;-0.0012;-0.0059;-0.1056;0.0000;-0.0000;10410
1747.5;0.0000;0.0000;0.0014;0.0000;24;-26;-0.0049;-0.0012;-0.0012;-0.0059;-0.1056;0.0000;-0.0000;10410
1748.0;0.0000;0.0000;0.0000;0.0000;24;-26;-0.0049;-0.0012;-0.0012;-0.0059;-0.1056;0.0000;-0.0000;10410
1748.5;0.0000;0.0000;-0.0041;0.0000;24;-26;-0.0049;-0.0012;-0.0012;-0.0059;-0.1056;0.0000;-0.0000;10410
1749.0;0.0000;0.0000;0.0000;0.0000;24;-26;-0.0049;-0.0012;-0.0012;-0.0059;-0.1056;0.0000;-0.0000;10410
1749.5;0.0000;0.0000;0.0027;0.0000;24;-26;-0.0049;-0.0012;-0.0012;-0.0059;-0.1056;0.0000;-0.0000;10410
1750.0;0.0000;0.0000;0.0014;0.0000;24;-26;-0.0049;-0.0012;-0.0012;-0.0059;-0.1056;0.0000;-0.0000;10410
1750.5;0.0000;0.0000;0.0027;0.0000;24;-26;-0.0049;-0.0012;-0.0012;-0.0059;-0.1056;0.0000;-0.0000;10410
1751.0;0.0000;0.0000;-0.0027;0.0000;24;-26;-0.0049;-0.0012;-0.0012;-0.0059;-0.1056;0.0000;-0.0000;10410
1751.5;0.0000;0.0000;0.0027;0.0000;24;-26;-0.0049;-0.0012;-0.0012;-0.0059;-0.1056;0.0000;-0.0000;10410
1752.0;0.0000;0.0000;0.0014;0.0000;24;-26;-0.0049;-0.0012;-0.0012;-0.0059;-0.1056;0.0000;-0.0000;10410
1752.5;0.0000;0.0000;0.0069;0.0000;24;-26;-0.0049;-0.0012;-0.0012;-0.0059;-0.1056;0.0000;-0.0000;10410
1753.0;0.0000;0.0000;0.0041;0.0000;24;-26;-0.0049;-0.0012;-0.0012;-0.0059;-0.1056;0.0000;-0.0000;10410
1753.5;0.0000;0.0000;-0.0041;0.0000;24;-26;-0.0049;-0.0012;-0.0012;-0.0059;-0.1056;0.0000;-0.0000;10410
1754.0;0.0000;0.0000;0.0000;0.0000;24;-26;-0.0049;-0.0012;-0.0012;-0.0059;-0.1056;0.0000;-0.0000;10410
1754.5;0.0000;0.0000;0.0000;0.0000;24;-26;-0.0049;-0.0012;-0.0012;-0.0059;-0.1056;0.0000;-0.0000;10410
1755.0;0.0000;0.0000;-0.0041;0.0000;24;-26;-0.0049;-0.0012;-0.0012;-0.0059;-0.1056;0.0000;-0.0000;10410
1755.5;0.0000;0.0000;-0.0041;0.0000;24;-26;-0.0049;-0.0012;-0.0012;-0.0059;-0.1056;0.0000;-0.0000;10410
1756.0;0.0000;0.0000;-0.0110;0.0000;24;-26;-0.0049;-0.0012;-0.0012;-0.0059;-0.1056;0.0000;-0.0000;10410
1756.5;0.0000;0.0000;-0.0069;0.0000;24;-26;-0.0049;-0.0012;-0.0012;-0.0059;-0.1056;0.0000;-0.0000;10410
1757.0;0.0000;0.0000;-0.0082;0.0000;24;-26;-0.0049;-0.0012;-0.0012;-0.0059;-0.1056;0.0000;-0.0000;10410
1757.5;0.0000;0.0000;0.0000;0.0000;24;-26;-0.0049;-0.0012;-0.0012;-0.0059;-0.1056;0.0000;-0.0000;10410
1758.0;0.0000;0.0000;0.0055;0.0000;24;-26;-0.0049;-0.0012;-0.0012;-0.0059;-0.1056;0.0000;-0.0000;10410
1758.5;0.0000;0.0000;0.0027;0.0000;24;-26;-0.0049;-0.0012;-0.0012;-0.0059;-0.1056;0.0000;-0.0000;10410
1759.0;0.0000;0.0000;-0.0014;0.0000;24;-26;-0.0049;-0.0012;-0.0012;-0.0059;-0.1056;0.0000;-0.0000;10410
1759.5;0.0000;0.0000;0.0000;0.0000;24;-26;-0.0049;-0.0012;-0.0012;-0.0059;-0.1056;0.0000;-0.0000;10410
1760.0;0.0000;0.0000;-0.0014;0.0000;24;-26;-0.0049;-0.0012;-0.0012;-0.0059;-0.1056;0.0000;-0.0000;10410
1760.5;0.0000;0.0000;0.0000;0.0000;24;-26;-0.0049;-0.0012;-0.0012;-0.0059;-0.1056;0.0000;-0.0000;10410
1761.0;0.0000;0.0000;-0.0082;0.0000;24;-26;-0.0049;-0.0012;-0.0012;-0.0059;-0.1056;0.0000;-0.0000;10410
1761.5;0.0000;0.0000;-0.0082;0.0000;24;-26;-0.0049;-0.0012;-0.0012;-0.0059;-0.1056;0.0000;-0.0000;10410
1762.0;0.0000;0.0000;-0.0055;0.0000;24;-26;-0.0049;-0.0012;-0.0012;-0.0059;-0.1056;0.0000;-0.0000;10410
1762.5;0.0000;0.0000;-0.0069;0.0000;24;-26;-0.0049;-0.0012;-0.0012;-0.0059;-0.1056;0.0000;-0.0000;10410
1763.0;0.0000;0.0000;-0.0041;0.0000;24;-26;-0.0049;-0.0012;-0.0012;-0.0059;-0.1056;0.0000;-0.0000;10410
1763.5;0.0000;0.0000;-0.0027;0.0000;24;-26;-0.0049;-0.0012;-0.0012;-0.0059;-0.1056;0.0000;-0.0000;10410
1764.0;0.0000;0.0000;0.0014;0.0000;24;-26;-0.0049;-0.0012;-0.0012;-0.0059;-0.1056;0.0000;-0.0000;10410
1764.5;0.0000;0.0000;0.0000;0.0000;24;-26;-0.0049;-0.0012;-0.0012;-0.0059;-0.1056;0.0000;-0.0000;10410
1765.0;0.0000;0.0000;-0.0055;0.0000;24;-26;-0.0049;-0.0012;-0.0012;-0.0059;-0.1056;0.0000;-0.0000;10410
1765.5;0.0000;0.0000;-0.0110;0.0000;24;-26;-0.0049;-0.0012;-0.0012;-0.0059;-0.1056;0.0000;-0.0000;10410
1766.0;0.0000;0.0000;-0.0041;0.0000;24;-26;-0.0049;-0.0012;-0.0012;-0.0059;-0.1056;0.0000;-0.0000;10410
1766.5;0.0000;0.0000;-0.0055;0.0000;24;-26;-0.0049;-0.0012;-0.0012;-0.0059;-0.1056;0.0000;-0.0000;10410
1767.0;0.0000;0.0000;-0.0082;0.0000;24;-26;-0.0049;-0.0012;-0.0012;-0.0059;-0.1056;0.0000;-0.0000;10410
1767.5;0.0000;0.0000;-0.0069;0.0000;24;-26;-0.0049;-0.0012;-0.0012;-0.0059;-0.1056;0.0000;-0.0000;10410
1768.0;0.0000;0.0000;-0.0055;0.0000;24;-26;-0.0049;-0.0012;-0.0012;-0.0059;-0.1056;0.0000;-0.0000;10410
1768.5;0.0000;0.0000;-0.0027;0.0000;24;-26;-0.0049;-0.0012;-0.0012;-0.0059;-0.1056;0.0000;-0.0000;10410
1769.0;0.0000;0.0000;0.0027;0.0000;24;-26;-0.0049;-0.0012;-0.0012;-0.0059;-0.1056;0.0000;-0.0000;10410
1769.5;0.0000;0.0000;0.0069;0.0000;24;-26;-0.0049;-0.0012;-0.0012;-0.0059;-0.1056;0.0000;-0.0000;10410
1770.0;0.0000;0.0000;-0.0041;0.0000;24;-26;-0.0049;-0.0012;-0.0012;-0.0059;-0.1056;0.0000;-0.0000;10410
1770.5;0.0000;0.0000;-0.0041;0.0000;24;-26;-0.0049;-0.0012;-0.0012;-0.0059;-0.1056;0.0000;-0.0000;10410
1771.0;0.0000;0.0000;-0.0096;0.0000;24;-26;-0.0049;-0.0012;-0.0012;-0.0059;-0.1056;0.0000;-0.0000;10410
1771.5;0.0000;0.0000;0.0000;0.0000;24;-26;-0.0049;-0.0012;-0.0012;-0.0059;-0.1056;0.0000;-0.0000;10410
1772.0;0.0000;0.0000;0.0027;0.0000;24;-26;-0.0049;-0.0012;-0.0012;-0.0059;-0.1056;0.0000;-0.0000;10410
1772.5;0.0000;0.0000;0.0055;0.0000;24;-26;-0.0049;-0.0012;-0.0012;-0.0059;-0.1056;0.0000;-0.0000;10410
1773.0;0.0000;0.0000;0.0082;0.0000;24;-26;-0.0049;-0.0012;-0.0012;-0.0059;-0.1056;0.0000;-0.0000;10410
1773.5;0.0000;0.0000;0.0041;0.0000;24;-26;-0.0049;-0.0012;-0.0012;-0.0059;-0.1056;0.0000;-0.0000;10410
1774.0;0.0000;0.0000;0.0082;0.0000;24;-26;-0.0049;-0.0012;-0.0012;-0.0059;-0.1056;0.0000;-0.0000;10410
1774.5;0.0000;0.0000;0.0082;0.0000;24;-26;-0.0049;-0.0012;-0.0012;-0.0059;-0.1056;0.0000;-0.0000;10410
1775.0;0.0000;0.0000;0.0082;0.0000;24;-26;-0.0049;-0.0012;-0.0012;-0.0059;-0.1056;0.0000;-0.0000;10410
1775.5;0.0000;0.0000;0.0069;0.0000;24;-26;-0.0049;-0.0012;-0.0012;-0.0059;-0.1056;0.0000;-0.0000;10410
1776.0;0.0000;0.0000;0.0055;0.0000;24;-26;-0.0049;-0.0012;-0.0012;-0.0059;-0.1056;0.0000;-0.0000;10410
1776.5;0.0000;0.0000;0.0027;0.0000;24;-26;-0.0049;-0.0012;-0.0012;-0.0059;-0.1056;0.0000;-0.0000;10410
1777.0;0.0000;0.0000;0.0055;0.0000;24;-26;-0.0049;-0.0012;-0.0012;-0.0059;-0.1056;0.0000;-0.0000;10410
1777.5;0.0000;0.0000;0.0000;0.0000;24;-26;-0.0049;-0.0012;-0.0012;-0.0059;-0.1056;0.0000;-0.0000;10410
1778.0;0.0000;0.0000;-0.0055;0.0000;24;-26;-0.0049;-0.0012;-0.0012;-0.0059;-0.1056;0.0000;-0.0000;10410
1778.5;0.0000;0.0000;-0.0069;0.0000;24;-26;-0.0049;-0.0012;-0.0012;-0.0059;-0.1056;0.0000;-0.0000;10410
1779.0;0.0000;0.0000;-0.0082;0.0000;24;-26;-0.0049;-0.0012;-0.0012;-0.0059;-0.1056;0.0000;-0.0000;10410
1779.5;0.0000;0.0000;-0.0055;0.0000;24;-26;-0.0049;-0.0012;-0.0012;-0.0059;-0.1056;0.0000;-0.0000;10410
1780.0;0.0000;0.0000;-0.0014;0.0000;24;-26;-0.0049;-0.0012;-0.0012;-0.0059;-0.1056;0.0000;-0.0000;10410
1780.5;0.0000;0.0000;-0.0041;0.0000;24;-26;-0.0049;-0.0012;-0.0012;-0.0059;-0.1056;0.0000;-0.0000;10410
1781.0;0.0000;0.0000;-0.0055;0.0000;24;-26;-0.0049;-0.0012;-0.0012;-0.0059;-0.1056;0.0000;-0.0000;10410
1781.5;0.0000;0.0000;-0.0082;0.0000;24;-26;-0.0049;-0.0012;-0.0012;-0.0059;-0.1056;0.0000;-0.0000;10410
1782.0;0.0000;0.0000;-0.0055;0.0000;24;-26;-0.0049;-0.0012;-0.0012;-0.0059;-0.1056;0.0000;-0.0000;10410
1782.5;0.0000;0.0000;-0.0069;0.0000;24;-26;-0.0049;-0.0012;-0.0012;-0.0059;-0.1056;0.0000;-0.0000;10410
1783.0;0.0000;0.0000;-0.0041;0.0000;24;-26;-0.0049;-0.0012;-0.0012;-0.0059;-0.1056;0.0000;-0.0000;10410
1783.5;0.0000;0.0000;0.0082;0.0000;24;-26;-0.0049;-0.0012;-0.0012;-0.0059;-0.1056;0.0000;-0.0000;10410
1784.0;0.0000;0.0000;0.0055;0.0000;24;-26;-0.0049;-0.0012;-0.0012;-0.0059;-0.1056;0.0000;-0.0000;10410
1784.5;0.0000;0.0000;0.0110;0.0000;24;-26;-0.0049;-0.0012;-0.0012;-0.0059;-0.1056;0.0000;-0.0000;10410
1785.0;0.0000;0.0000;0.0000;0.0000;24;-26;-0.0049;-0.0012;-0.0012;-0.0059;-0.1056;0.0000;-0.0000;10410
1785.5;0.0000;0.0000;0.0000;0.0000;24;-26;-0.0049;-0.0012;-0.0012;-0.0059;-0.1056;0.0000;-0.0000;10410
1786.0;0.0000;0.0000;-0.0069;0.0000;24;-26;-0.0049;-0.0012;-0.0012;-0.0059;-0.1056;0.0000;-0.0000;10410
1786.5;0.0000;0.0000;-0.0069;0.0000;24;-26;-0.0049;-0.0012;-0.0012;-0.0059;-0.1056;0.0000;-0.0000;10410
1787.0;0.0000;0.0000;-0.0055;0.0000;24;-26;-0.0049;-0.0012;-0.0012;-0.0059;-0.1056;0.0000;-0.0000;10410
1787.5;0.0000;0.0000;-0.0055;0.0000;24;-26;-0.0049;-0.0012;-0.0012;-0.0059;-0.1056;0.0000;-0.0000;10410
1788.0;0.0000;0.0000;-0.0096;0.0000;24;-26;-0.0049;-0.0012;-0.0012;-0.0059;-0.1056;0.0000;-0.0000;10410
1788.5;0.0000;0.0000;0.0014;0.0000;24;-26;-0.0049;-0.0012;-0.0012;-0.0059;-0.1056;0.0000;-0.0000;10410
1789.0;0.0000;0.0000;0.0096;0.0000;24;-26;-0.0049;-0.0012;-0.0012;-0.0059;-0.1056;0.0000;-0.0000;10410
1789.5;0.0000;0.0000;0.0124;0.0000;24;-26;-0.0049;-0.0012;-0.0012;-0.0059;-0.1056;0.0000;-0.0000;10410
1790.0;0.0000;0.0000;0.0110;0.0000;24;-26;-0.0049;-0.0012;-0.0012;-0.0059;-0.1056;0.0000;-0.0000;10410
1790.5;0.0000;0.0000;0.0014;0.0000;24;-26;-0.0049;-0.0012;-0.0012;-0.0059;-0.1056;0.0000;-0.0000;10410
1791.0;0.0000;0.0000;-0.0055;0.0000;24;-26;-0.0049;-0.0012;-0.0012;-0.0059;-0.1056;0.0000;-0.0000;10410
1791.5;0.0000;0.0000;-0.0096;0.0000;24;-26;-0.0049;-0.0012;-0.0012;-0.0059;-0.1056;0.0000;-0.0000;10410
1792.0;0.0000;0.0000;-0.0014;0.0000;24;-26;-0.0049;-0.0012;-0.0012;-0.0059;-0.1056;0.0000;-0.0000;10410
1792.5;0.0000;0.0000;-0.0096;0.0000;24;-26;-0.0049;-0.0012;-0.0012;-0.0059;-0.1056;0.0000;-0.0000;10410
1793.0;0.0000;0.0000;-0.0096;0.0000;24;-26;-0.0049;-0.0012;-0.0012;-0.0059;-0.1056;0.0000;-0.0000;10410
1793.5;0.0000;0.0000;0.0000;0.0000;24;-26;-0.0049;-0.0012;-0.0012;-0.0059;-0.1056;0.0000;-0.0000;10410
1794.0;0.0000;0.0000;-0.0069;0.0000;24;-26;-0.0049;-0.0012;-0.0012;-0.0059;-0.1056;0.0000;-0.0000;10410
1794.5;0.0000;0.0000;-0.0014;0.0000;24;-26;-0.0049;-0.0012;-0.0012;-0.0059;-0.1056;0.0000;-0.0000;10410
1795.0;0.0000;0.0000;-0.0082;0.0000;24;-26;-0.0049;-0.0012;-0.0012;-0.0059;-0.1056;0.0000;-0.0000;10410
1795.5;0.0000;0.0000;-0.0110;0.0000;24;-26;-0.0049;-0.0012;-0.0012;-0.0059;-0.1056;0.0000;-0.0000;10410
1796.0;0.0000;0.0000;-0.0041;0.0000;24;-26;-0.0049;-0.0012;-0.0012;-0.0059;-0.1056;0.0000;-0.0000;10410
1796.5;0.0000;0.0000;-0.0027;0.0000;24;-26;-0.0049;-0.0012;-0.0012;-0.0059;-0.1056;0.0000;-0.0000;10410
1797.0;0.0000;0.0000;-0.0014;0.0000;24;-26;-0.0049;-0.0012;-0.0012;-0.0059;-0.1056;0.0000;-0.0000;10410
1797.5;0.0000;0.0000;0.0027;0.0000;24;-26;-0.0049;-0.0012;-0.0012;-0.0059;-0.1056;0.0000;-0.0000;10410
1798.0;0.0000;0.0000;-0.0041;0.0000;24;-26;-0.0049;-0.0012;-0.0012;-0.0059;-0.1056;0.0000;-0.0000;10410
1798.5;0.0000;0.0000;-0.0082;0.0000;24;-26;-0.0049;-0.0012;-0.0012;-0.0059;-0.1056;0.0000;-0.0000;10410
1799.0;0.0000;0.0000;-0.0041;0.0000;24;-26;-0.0049;-0.0012;-0.0012;-0.0059;-0.1056;0.0000;-0.0000;10410
1799.5;0.0000;0.0000;-0.0027;0.0000;24;-26;-0.0049;-0.0012;-0.0012;-0.0059;-0.1056;0.0000;-0.0000;10410
1800.0;0.0000;0.0000;-0.0082;0.0000;24;-26;-0.0049;-0.0012;-0.0012;-0.0059;-0.1056;0.0000;-0.0000;10410
1800.5;0.0000;0.0000;-0.0110;0.0000;24;-26;-0.0049;-0.0012;-0.0012;-0.0059;-0.1056;0.0000;-0.0000;10410
1801.0;0.0000;0.0000;-0.0069;0.0000;24;-26;-0.0049;-0.0012;-0.0012;-0.0059;-0.1056;0.0000;-0.0000;10410
1801.5;0.0000;0.0000;-0.0096;0.0000;24;-26;-0.0049;-0.0012;-0.0012;-0.0059;-0.1056;0.0000;-0.0000;10410
1802.0;0.0000;0.0000;0.0014;0.0000;24;-26;-0.0049;-0.0012;-0.0012;-0.0059;-0.1056;0.0000;-0.0000;10410
1802.5;0.0000;0.0000;0.0082;0.0000;24;-26;-0.0049;-0.0012;-0.0012;-0.0059;-0.1056;0.0000;-0.0000;10410
1803.0;0.0000;0.0000;0.0069;0.0000;24;-26;-0.0049;-0.0012;-0.0012;-0.0059;-0.1056;0.0000;-0.0000;10410
1803.5;0.0000;0.0000;0.0124;0.0000;24;-26;-0.0049;-0.0012;-0.0012;-0.0059;-0.1056;0.0000;-0.0000;10410
1804.0;0.0000;0.0000;0.0027;0.0000;24;-26;-0.0049;-0.0012;-0.0012;-0.0059;-0.1056;0.0000;-0.0000;10410
1804.5;0.0000;0.0000;0.0069;0.0000;24;-26;-0.0049;-0.0012;-0.0012;-0.0059;-0.1056;0.0000;-0.0000;10410
1805.0;0.0000;0.0000;0.0000;0.0000;24;-26;-0.0049;-0.0012;-0.0012;-0.0059;-0.1056;0.0000;-0.0000;10410
1805.5;0.0000;0.0000;0.0110;0.0000;24;-26;-0.0049;-0.0012;-0.0012;-0.0059;-0.1056;0.0000;-0.0000;10410
1806.0;0.0000;0.0000;0.0082;0.0000;24;-26;-0.0049;-0.0012;-0.0012;-0.0059;-0.1056;0.0000;-0.0000;10410
1806.5;0.0000;0.0000;0.0069;0.0000;24;-26;-0.0049;-0.0012;-0.0012;-0.0059;-0.1056;0.0000;-0.0000;10410
1807.0;0.0000;0.0000;0.0055;0.0000;24;-26;-0.0049;-0.0012;-0.0012;-0.0059;-0.1056;0.0000;-0.0000;10410
1807.5;0.0000;0.0000;0.0069;0.0000;24;-26;-0.0049;-0.0012;-0.0012;-0.0059;-0.1056;0.0000;-0.0000;10410
1808.0;0.0000;0.0000;0.0082;0.0000;24;-26;-0.0049;-0.0012;-0.0012;-0.0059;-0.1056;0.0000;-0.0000;10410
1808.5;0.0000;0.0000;0.0000;0.0000;24;-26;-0.0049;-0.0012;-0.0012;-0.0059;-0.1056;0.0000;-0.0000;10410
1809.0;0.0000;0.0000;0.0027;0.0000;24;-26;-0.0049;-0.0012;-0.0012;-0.0059;-0.1056;0.0000;-0.0000;10410
1809.5;0.0000;0.0000;0.0014;0.0000;24;-26;-0.0049;-0.0012;-0.0012;-0.0059;-0.1056;0.0000;-0.0000;10410
1810.0;0.0000;0.0000;-0.0069;0.0000;24;-26;-0.0049;-0.0012;-0.0012;-0.0059;-0.1056;0.0000;-0.0000;10410
1810.5;0.0000;0.0000;-0.0096;0.0000;24;-26;-0.0049;-0.0012;-0.0012;-0.0059;-0.1056;0.0000;-0.0000;10410
1811.0;0.0000;0.0000;-0.0055;0.0000;24;-26;-0.0049;-0.0012;-0.0012;-0.0059;-0.1056;0.0000;-0.0000;10410
1811.5;0.0000;0.0000;-0.0096;0.0000;24;-26;-0.0049;-0.0012;-0.0012;-0.0059;-0.1056;0.0000;-0.0000;10410
1812.0;0.0000;0.0000;-0.0110;0.0000;24;-26;-0.0049;-0.0012;-0.0012;-0.0059;-0.1056;0.0000;-0.0000;10410
1812.5;0.0000;0.0000;-0.0137;0.0000;24;-26;-0.0049;-0.0012;-0.0012;-0.0059;-0.1056;0.0000;-0.0000;10410
1813.0;0.0000;0.0000;-0.0069;0.0000;24;-26;-0.0049;-0.0012;-0.0012;-0.0059;-0.1056;0.0000;-0.0000;10410
1813.5;0.0000;0.0000;-0.0165;0.0000;24;-26;-0.0049;-0.0012;-0.0012;-0.0059;-0.1056;0.0000;-0.0000;10410
1814.0;0.0000;0.0000;-0.0110;0.0000;24;-26;-0.0049;-0.0012;-0.0012;-0.0059;-0.1056;0.0000;-0.0000;10410
1814.5;0.0000;0.0000;-0.0096;0.0000;24;-26;-0.0049;-0.0012;-0.0012;-0.0059;-0.1056;0.0000;-0.0000;10410
1815.0;0.0000;0.0000;-0.0082;0.0000;24;-26;-0.0049;-0.0012;-0.0012;-0.0059;-0.1056;0.0000;-0.0000;10410
1815.5;0.0000;0.0000;-0.0110;0.0000;24;-26;-0.0049;-0.0012;-0.0012;-0.0059;-0.1056;0.0000;-0.0000;10410
1816.0;0.0000;0.0000;-0.0110;0.0000;24;-26;-0.0049;-0.0012;-0.0012;-0.0059;-0.1056;0.0000;-0.0000;10410
1816.5;0.0000;0.0000;-0.0110;0.0000;24;-26;-0.0049;-0.0012;-0.0012;-0.0059;-0.1056;0.0000;-0.0000;10410
1817.0;0.0000;0.0000;-0.0055;0.0000;24;-26;-0.0049;-0.0012;-0.0012;-0.0059;-0.1056;0.0000;-0.0000;10410
1817.5;0.0000;0.0000;-0.0069;0.0000;24;-26;-0.0049;-0.0012;-0.0012;-0.0059;-0.1056;0.0000;-0.0000;10410
1818.0;0.0000;0.0000;-0.0069;0.0000;24;-26;-0.0049;-0.0012;-0.0012;-0.0059;-0.1056;0.0000;-0.0000;10410
1818.5;0.0000;0.0000;-0.0082;0.0000;24;-26;-0.0049;-0.0012;-0.0012;-0.0059;-0.1056;0.0000;-0.0000;10410
1819.0;0.0000;0.0000;0.0041;0.0000;24;-26;-0.0049;-0.0012;-0.0012;-0.0059;-0.1056;0.0000;-0.0000;10410
1819.5;0.0000;0.0000;0.0096;0.0000;24;-26;-0.0049;-0.0012;-0.0012;-0.0059;-0.1056;0.0000;-0.0000;10410
1820.0;0.0000;0.0000;0.0179;0.0000;24;-26;-0.0049;-0.0012;-0.0012;-0.0059;-0.1056;0.0000;-0.0000;10410
1820.5;0.0000;0.0000;0.0082;0.0000;24;-26;-0.0049;-0.0012;-0.0012;-0.0059;-0.1056;0.0000;-0.0000;10410
1821.0;0.0000;0.0000;0.0082;0.0000;24;-26;-0.0049;-0.0012;-0.0012;-0.0059;-0.1056;0.0000;-0.0000;10410
1821.5;0.0000;0.0000;0.0096;0.0000;24;-26;-0.0049;-0.0012;-0.0012;-0.0059;-0.1056;0.0000;-0.0000;10410
1822.0;0.0000;0.0000;0.0000;0.0000;24;-26;-0.0049;-0.0012;-0.0012;-0.0059;-0.1056;0.0000;-0.0000;10410
1822.5;0.0000;0.0000;0.0069;0.0000;24;-26;-0.0049;-0.0012;-0.0012;-0.0059;-0.1056;0.0000;-0.0000;10410
1823.0;0.0000;0.0000;0.0082;0.0000;24;-26;-0.0049;-0.0012;-0.0012;-0.0059;-0.1056;0.0000;-0.0000;10410
1823.5;0.0000;0.0000;-0.0041;0.0000;24;-26;-0.0049;-0.0012;-0.0012;-0.0059;-0.1056;0.0000;-0.0000;10410
1824.0;0.0000;0.0000;0.0027;0.0000;24;-26;-0.0049;-0.0012;-0.0012;-0.0059;-0.1056;0.0000;-0.0000;10410
1824.5;0.0000;0.0000;-0.0027;0.0000;24;-26;-0.0049;-0.0012;-0.0012;-0.0059;-0.1056;0.0000;-0.0000;10410
1825.0;0.0000;0.0000;0.0014;0.0000;24;-26;-0.0049;-0.0012;-0.0012;-0.0059;-0.1056;0.0000;-0.0000;10410
1825.5;0.0000;0.0000;-0.0014;0.0000;24;-26;-0.0049;-0.0012;-0.0012;-0.0059;-0.1056;0.0000;-0.0000;10410
1826.0;0.0000;0.0000;0.0041;0.0000;24;-26;-0.0049;-0.0012;-0.0012;-0.0059;-0.1056;0.0000;-0.0000;10410
1826.5;0.0000;0.0000;0.0027;0.0000;24;-26;-0.0049;-0.0012;-0.0012;-0.0059;-0.1056;0.0000;-0.0000;10410
1827.0;0.0000;0.0000;-0.0055;0.0000;24;-26;-0.0049;-0.0012;-0.0012;-0.0059;-0.1056;0.0000;-0.0000;10410
1827.5;0.0000;0.0000;-0.0096;0.0000;24;-26;-0.0049;-0.0012;-0.0012;-0.0059;-0.1056;0.0000;-0.0000;10410
1828.0;0.0000;0.0000;-0.0124;0.0000;24;-26;-0.0049;-0.0012;-0.0012;-0.0059;-0.1056;0.0000;-0.0000;10410
1828.5;0.0000;0.0000;-0.0082;0.0000;24;-26;-0.0049;-0.0012;-0.0012;-0.0059;-0.1056;0.0000;-0.0000;10410
1829.0;0.0000;0.0000;-0.0041;0.0000;24;-26;-0.0049;-0.0012;-0.0012;-0.0059;-0.1056;0.0000;-0.0000;10410
1829.5;0.0000;0.0000;-0.0027;0.0000;24;-26;-0.0049;-0.0012;-0.0012;-0.0059;-0.1056;0.0000;-0.0000;10410
1830.0;0.0000;0.0000;-0.0014;0.0000;24;-26;-0.0049;-0.0012;-0.0012;-0.0059;-0.1056;0.0000;-0.0000;10410
1830.5;0.0000;0.0000;-0.0041;0.0000;24;-26;-0.0049;-0.0012;-0.0012;-0.0059;-0.1056;0.0000;-0.0000;10410
1831.0;0.0000;0.0000;-0.0041;0.0000;24;-26;-0.0049;-0.0012;-0.0012;-0.0059;-0.1056;0.0000;-0.0000;10410
1831.5;0.0000;0.0000;-0.0055;0.0000;24;-26;-0.0049;-0.0012;-0.0012;-0.0059;-0.1056;0.0000;-0.0000;10410
1832.0;0.0000;0.0000;-0.0110;0.0000;24;-26;-0.0049;-0.0012;-0.0012;-0.0059;-0.1056;0.0000;-0.0000;10410
1832.5;0.0000;0.0000;-0.0027;0.0000;24;-26;-0.0049;-0.0012;-0.0012;-0.0059;-0.1056;0.0000;-0.0000;10410
1833.0;0.0000;0.0000;0.0096;0.0000;24;-26;-0.0049;-0.0012;-0.0012;-0.0059;-0.1056;0.0000;-0.0000;10410
1833.5;0.0000;0.0000;0.0082;0.0000;24;-26;-0.0049;-0.0012;-0.0012;-0.0059;-0.1056;0.0000;-0.0000;10410
1834.0;0.0000;0.0000;0.0000;0.0000;24;-26;-0.0049;-0.0012;-0.0012;-0.0059;-0.1056;0.0000;-0.0000;10410
1834.5;0.0000;0.0000;-0.0041;0.0000;24;-26;-0.0049;-0.0012;-0.0012;-0.0059;-0.1056;0.0000;-0.0000;10410
1835.0;0.0000;0.0000;-0.0014;0.0000;24;-26;-0.0049;-0.0012;-0.0012;-0.0059;-0.1056;0.0000;-0.0000;10410
1835.5;0.0000;0.0000;-0.0041;0.0000;24;-26;-0.0049;-0.0012;-0.0012;-0.0059;-0.1056;0.0000;-0.0000;10410
1836.0;0.0000;0.0000;0.0041;0.0000;24;-26;-0.0049;-0.0012;-0.0012;-0.0059;-0.1056;0.0000;-0.0000;10410
1836.5;0.0000;0.0000;0.0027;0.0000;24;-26;-0.0049;-0.0012;-0.0012;-0.0059;-0.1056;0.0000;-0.0000;10410
1837.0;0.0000;0.0000;-0.0014;0.0000;24;-26;-0.0049;-0.0012;-0.0012;-0.0059;-0.1056;0.0000;-0.0000;10410
1837.5;0.0000;0.0000;-0.0041;0.0000;24;-26;-0.0049;-0.0012;-0.0012;-0.0059;-0.1056;0.0000;-0.0000;10410
1838.0;0.0000;0.0000;-0.0082;0.0000;24;-26;-0.0049;-0.0012;-0.0012;-0.0059;-0.1056;0.0000;-0.0000;10410
1838.5;0.0000;0.0000;-0.0041;0.0000;24;-26;-0.0049;-0.0012;-0.0012;-0.0059;-0.1056;0.0000;-0.0000;10410
1839.0;0.0000;0.0000;-0.0082;0.0000;24;-26;-0.0049;-0.0012;-0.0012;-0.0059;-0.1056;0.0000;-0.0000;10410
1839.5;0.0000;0.0000;-0.0014;0.0000;24;-26;-0.0049;-0.0012;-0.0012;-0.0059;-0.1056;0.0000;-0.0000;10410
1840.0;0.0000;0.0000;0.0000;0.0000;24;-26;-0.0049;-0.0012;-0.0012;-0.0059;-0.1056;0.0000;-0.0000;10410
1840.5;0.0000;0.0000;0.0041;0.0000;24;-26;-0.0049;-0.0012;-0.0012;-0.0059;-0.1056;0.0000;-0.0000;10410
1841.0;0.0000;0.0000;0.0014;0.0000;24;-26;-0.0049;-0.0012;-0.0012;-0.0059;-0.1056;0.0000;-0.0000;10410
1841.5;0.0000;0.0000;0.0041;0.0000;24;-26;-0.0049;-0.0012;-0.0012;-0.0059;-0.1056;0.0000;-0.0000;10410
1842.0;0.0000;0.0000;0.0110;0.0000;24;-26;-0.0049;-0.0012;-0.0012;-0.0059;-0.1056;0.0000;-0.0000;10410
1842.5;0.0000;0.0000;0.0014;0.0000;24;-26;-0.0049;-0.0012;-0.0012;-0.0059;-0.1056;0.0000;-0.0000;10410
1843.0;0.0000;0.0000;-0.0027;0.0000;24;-26;-0.0049;-0.0012;-0.0012;-0.0059;-0.1056;0.0000;-0.0000;10410
1843.5;0.0000;0.0000;-0.0027;0.0000;24;-26;-0.0049;-0.0012;-0.0012;-0.0059;-0.1056;0.0000;-0.0000;10410
1844.0;0.0000;0.0000;-0.0069;0.0000;24;-26;-0.0049;-0.0012;-0.0012;-0.0059;-0.1056;0.0000;-0.0000;10410
1844.5;0.0000;0.0000;0.0014;0.0000;24;-26;-0.0049;-0.0012;-0.0012;-0.0059;-0.1056;0.0000;-0.0000;10410
1845.0;0.0000;0.0000;0.0082;0.0000;24;-26;-0.0049;-0.0012;-0.0012;-0.0059;-0.1056;0.0000;-0.0000;10410
1845.5;0.0000;0.0000;0.0014;0.0000;24;-26;-0.0049;-0.0012;-0.0012;-0.0059;-0.1056;0.0000;-0.0000;10410
1846.0;0.0000;0.0000;-0.0151;0.0000;24;-26;-0.0049;-0.0012;-0.0012;-0.0059;-0.1056;0.0000;-0.0000;10410
1846.5;0.0000;0.0000;-0.0096;0.0000;24;-26;-0.0049;-0.0012;-0.0012;-0.0059;-0.1056;0.0000;-0.0000;10410
1847.0;0.0000;0.0000;-0.0096;0.0000;24;-26;-0.0049;-0.0012;-0.0012;-0.0059;-0.1056;0.0000;-0.0000;10410
1847.5;0.0000;0.0000;-0.0082;0.0000;24;-26;-0.0049;-0.0012;-0.0012;-0.0059;-0.1056;0.0000;-0.0000;10410
1848.0;0.0000;0.0000;-0.0069;0.0000;24;-26;-0.0049;-0.0012;-0.0012;-0.0059;-0.1056;0.0000;-0.0000;10410
1848.5;0.0000;0.0000;-0.0137;0.0000;-1;-1;-0.0049;-0.0012;-0.0012;-0.0000;-0.0000;0.0000;-0.0000;10410
1849.0;0.0000;0.0014;-0.0027;0.0000;54;54;-0.0049;0.0032;-0.0012;-0.0000;-0.0000;0.0000;0.2205;10410
1849.5;0.0000;0.0027;-0.0041;0.0000;56;56;-0.0049;0.0062;-0.0012;-0.0000;-0.0000;0.0000;0.2205;10359
1850.0;0.0009;0.0041;-0.0069;0.0000;58;58;-0.0049;0.0076;-0.0012;-0.0000;-0.0000;0.0000;0.2205;10359
1850.5;0.0018;0.0060;-0.0124;0.0000;58;58;-0.0049;0.0091;-0.0012;-0.0000;-0.0000;0.0000;0.2205;10359
1851.0;0.0027;0.0073;-0.0357;0.0000;58;58;-0.0049;0.0105;-0.0012;0.0010;-0.0000;0.0000;0.2205;10308
1851.5;0.0041;0.0087;-0.0591;0.0000;58;60;-0.0049;0.0105;-0.0012;0.0020;-0.0000;0.0000;0.2205;10359
1852.0;0.0060;0.0101;-0.1113;0.0000;56;60;0.0831;0.0105;-0.0012;0.0039;-0.0000;0.0000;0.2205;10359
1852.5;0.0078;0.0119;-0.1470;0.0000;56;60;0.0049;0.0091;-0.0012;0.0059;-0.0000;0.0000;0.2205;10308
1853.0;0.0092;0.0133;-0.1690;0.0000;56;60;0.0049;0.0091;0.0003;0.0068;-0.0000;0.0000;0.2205;10359
1853.5;0.0110;0.0147;-0.1538;0.0000;54;60;0.0831;0.0076;0.0003;0.0059;-0.0000;0.0000;0.2205;10308
1854.0;0.0137;0.0165;-0.0797;0.0000;54;56;-0.0831;0.0062;0.0003;0.0029;-0.0000;0.0000;0.2205;10308
1854.5;0.0156;0.0179;-0.0234;0.0000;54;56;-0.0049;0.0047;0.0003;-0.0000;-0.0000;0.0000;0.2205;10308
1855.0;0.0174;0.0192;-0.0041;0.0000;54;56;-0.0049;0.0047;0.0003;-0.0000;-0.0000;0.0000;0.2205;10308
1855.5;0.0192;0.0206;0.0165;0.0000;54;54;0.0733;0.0032;0.0003;-0.0010;-0.0000;0.0000;0.2205;10308
1856.0;0.0220;0.0224;0.0398;0.0000;54;52;-0.0831;0.0003;0.0003;-0.0020;-0.0000;0.0000;0.2205;10308
1856.5;0.0238;0.0238;0.0412;0.0000;54;52;-0.0049;-0.0012;0.0003;-0.0020;-0.0000;0.0000;0.2205;10308
1857.0;0.0266;0.0252;0.0508;0.0000;52;52;-0.0049;-0.0041;0.0003;-0.0029;-0.0000;0.0000;0.2205;10308
1857.5;0.0298;0.0266;0.0440;0.0000;50;50;0.0733;-0.0085;0.0003;-0.0020;-0.0000;0.0000;0.2205;10308
1858.0;0.0325;0.0284;0.0357;0.0000;50;48;-0.0831;-0.0114;0.0003;-0.0020;-0.0000;0.0000;0.2205;10308
1858.5;0.0357;0.0298;0.0261;0.0000;48;48;0.0733;-0.0144;0.0003;-0.0020;-0.0000;0.0000;0.2205;10359
1859.0;0.0385;0.0311;0.0288;0.0000;46;46;-0.0831;-0.0188;-0.0012;-0.0020;-0.0000;0.0000;0.2205;10359
1859.5;0.0412;0.0330;0.0330;0.0000;46;46;0.0733;-0.0217;-0.0012;-0.0020;-0.0000;0.0000;0.2205;10359
1860.0;0.0440;0.0343;0.0261;0.0000;46;44;-0.0831;-0.0246;-0.0012;-0.0020;-0.0000;0.0000;0.2205;10359
1860.5;0.0472;0.0357;0.0371;0.0000;44;44;-0.0049;-0.0290;-0.0012;-0.0020;-0.0000;0.0000;0.2205;10359
1861.0;0.0499;0.0371;0.0247;0.0000;42;42;0.0733;-0.0334;-0.0012;-0.0020;-0.0000;0.0000;0.2205;10359
1861.5;0.0527;0.0389;0.0179;0.0000;40;40;-0.0831;-0.0363;-0.0012;-0.0010;-0.0000;0.0000;0.2205;10359
1862.0;0.0554;0.0403;0.0082;0.0000;40;40;0.0733;-0.0393;-0.0012;-0.0010;-0.0000;0.0000;0.2205;10359
1862.5;0.0586;0.0417;0.0151;0.0000;38;38;-0.0049;-0.0437;-0.0012;-0.0010;-0.0000;0.0000;0.2205;10359
1863.0;0.0614;0.0435;0.0234;0.0000;38;38;-0.0831;-0.0466;-0.0012;-0.0020;-0.0000;0.0000;0.2205;10359
1863.5;0.0641;0.0449;0.0371;0.0000;38;38;0.0733;-0.0495;-0.0012;-0.0020;-0.0000;0.0000;0.2283;10359
1864.0;0.0664;0.0462;0.0563;0.0000;38;36;-0.0049;-0.0510;-0.0026;-0.0029;-0.0000;0.0000;0.2283;10359
1864.5;0.0678;0.0476;0.0673;0.0000;38;38;-0.0049;-0.0510;-0.0026;-0.0029;-0.0000;0.0000;0.2283;10359
1865.0;0.0701;0.0495;0.0824;0.0000;40;38;-0.0049;-0.0524;-0.0026;-0.0039;-0.0000;0.0000;0.2283;10359
1865.5;0.0728;0.0508;0.0659;0.0000;38;36;-0.0049;-0.0568;-0.0026;-0.0029;-0.0000;0.0000;0.2283;10359
1866.0;0.0746;0.0522;0.0714;0.0000;38;36;-0.0049;-0.0568;-0.0026;-0.0039;-0.0010;0.0000;0.2283;10410
1866.5;0.0774;0.0536;0.0632;0.0000;38;36;-0.0049;-0.0598;-0.0026;-0.0029;-0.0010;0.0000;0.2283;10359
1867.0;0.0792;0.0554;0.0536;0.0000;38;36;-0.0929;-0.0612;-0.0026;-0.0029;-0.0010;0.0000;0.2283;10410
1867.5;0.0806;0.0568;0.0426;0.0000;38;36;-0.0049;-0.0598;-0.0041;-0.0020;-0.0010;0.0000;0.2283;10359
1868.0;0.0824;0.0582;0.0261;0.0000;38;38;-0.0049;-0.0612;-0.0041;-0.0020;-0.0010;0.0000;0.2283;10410
1868.5;0.0842;0.0600;0.0206;0.0000;38;38;-0.0831;-0.0627;-0.0041;-0.0010;-0.0010;0.0000;0.2283;10410
1869.0;0.0861;0.0614;0.0151;0.0000;38;38;0.0733;-0.0627;-0.0041;-0.0010;-0.0010;0.0000;0.2283;10359
1869.5;0.0884;0.0627;-0.0055;0.0000;38;38;-0.0049;-0.0642;-0.0041;-0.0000;-0.0010;0.0000;0.2283;10410
1870.0;0.0902;0.0641;-0.0027;0.0000;38;38;-0.0831;-0.0656;-0.0041;-0.0000;-0.0010;0.0000;0.2283;10410
1870.5;0.0920;0.0659;0.0000;0.0000;38;38;0.0733;-0.0656;-0.0056;-0.0010;-0.0010;0.0000;0.2283;10359
1871.0;0.0943;0.0673;0.0069;0.0000;38;38;-0.0049;-0.0686;-0.0056;-0.0010;-0.0010;0.0000;0.2283;10410
1871.5;0.0952;0.0687;0.0096;0.0000;38;38;-0.0049;-0.0671;-0.0056;-0.0010;-0.0010;0.0000;0.2283;10410
1872.0;0.0971;0.0701;0.0000;0.0000;38;38;-0.0049;-0.0686;-0.0056;-0.0010;-0.0010;0.0000;0.2283;10410
1872.5;0.0994;0.0719;-0.0055;0.0000;38;38;-0.0049;-0.0700;-0.0056;-0.0000;-0.0010;0.0000;0.2283;10410
1873.0;0.1007;0.0733;0.0069;0.0000;38;38;-0.0049;-0.0686;-0.0070;-0.0010;-0.0010;0.0000;0.2283;10410
1873.5;0.1021;0.0746;0.0151;0.0000;38;38;-0.0049;-0.0700;-0.0070;-0.0010;-0.0010;0.0000;0.2283;10410
1874.0;0.1039;0.0765;0.0124;0.0000;40;38;-0.0831;-0.0700;-0.0070;-0.0010;-0.0010;0.0000;0.2283;10410
1874.5;0.1049;0.0778;-0.0055;0.0000;40;40;0.0733;-0.0686;-0.0070;-0.0000;-0.0010;0.0000;0.2283;10410
1875.0;0.1067;0.0792;-0.0165;0.0000;38;40;-0.0049;-0.0700;-0.0070;-0.0000;-0.0010;0.0000;0.2283;10359
1875.5;0.1076;0.0806;-0.0206;0.0000;40;40;-0.0049;-0.0686;-0.0070;-0.0000;-0.0010;0.0000;0.2283;10359
1876.0;0.1090;0.0824;-0.0371;0.0000;40;40;-0.0049;-0.0671;-0.0085;0.0010;-0.0010;0.0000;0.2283;10359
1876.5;0.1094;0.0838;-0.0618;0.0000;40;44;-0.0049;-0.0656;-0.0085;0.0020;-0.0010;0.0000;0.2283;10359
1877.0;0.1108;0.0852;-0.0838;0.0000;40;44;-0.0049;-0.0642;-0.0085;0.0029;-0.0010;0.0000;0.2283;10410
1877.5;0.1113;0.0870;-0.0893;0.0000;44;46;-0.0049;-0.0612;-0.0085;0.0029;-0.0010;0.0000;0.2283;10359
1878.0;0.1122;0.0884;-0.0852;0.0000;44;46;-0.0049;-0.0612;-0.0085;0.0029;-0.0000;0.0000;0.2283;10359
1878.5;0.1126;0.0897;-0.0563;0.0000;46;46;-0.0049;-0.0568;-0.0100;0.0020;-0.0000;0.0000;0.2283;10359
1879.0;0.1136;0.0911;-0.0426;0.0000;46;48;-0.0049;-0.0568;-0.0100;0.0010;-0.0000;0.0000;0.2283;10359
1879.5;0.1136;0.0929;-0.0096;0.0000;48;48;-0.0049;-0.0524;-0.0100;-0.0000;-0.0000;0.0000;0.2283;10359
1880.0;0.1145;0.0943;0.0096;0.0000;48;48;-0.0049;-0.0510;-0.0100;-0.0010;-0.0000;0.0000;0.2283;10359
1880.5;0.1154;0.0957;0.0495;0.0000;50;48;-0.0831;-0.0495;-0.0100;-0.0029;-0.0000;0.0000;0.2283;10359
1881.0;0.1158;0.0971;0.0673;0.0000;50;48;0.0733;-0.0481;-0.0100;-0.0029;-0.0000;0.0000;0.2283;10359
1881.5;0.1172;0.0989;0.0975;0.0000;52;48;-0.0049;-0.0466;-0.0100;-0.0049;-0.0010;0.0000;0.2283;10359
1882.0;0.1177;0.1003;0.1126;0.0000;52;50;-0.0049;-0.0437;-0.0100;-0.0049;-0.0010;0.0000;0.2283;10359
1882.5;0.1186;0.1016;0.0907;0.0000;52;50;-0.0049;-0.0437;-0.0114;-0.0039;-0.0010;0.0000;0.2283;10359
1883.0;0.1195;0.1035;0.0893;0.0000;54;50;-0.0929;-0.0407;-0.0114;-0.0039;-0.0010;0.0000;0.2283;10308
1883.5;0.1200;0.1049;0.0549;0.0000;52;52;0.0733;-0.0393;-0.0114;-0.0029;-0.0010;0.0000;0.2283;10359
1884.0;0.1209;0.1062;0.0522;0.0000;54;52;-0.0929;-0.0363;-0.0114;-0.0029;-0.0010;0.0000;0.2283;10359
1884.5;0.1213;0.1076;0.0082;0.0000;54;54;0.0733;-0.0349;-0.0114;-0.0010;-0.0010;0.0000;0.2283;10308
1885.0;0.1213;0.1094;0.0151;0.0000;56;54;-0.0831;-0.0319;-0.0114;-0.0010;-0.0010;0.0000;0.2283;10359
1885.5;0.1227;0.1108;-0.0261;0.0000;56;56;-0.0049;-0.0305;-0.0114;0.0010;-0.0010;0.0000;0.2283;10359
1886.0;0.1232;0.1122;-0.0316;0.0000;54;56;0.0733;-0.0290;-0.0114;0.0010;-0.0010;0.0000;0.2283;10308
1886.5;0.1241;0.1136;-0.0632;0.0000;56;56;-0.0831;-0.0261;-0.0114;0.0020;-0.0010;0.0000;0.2283;10308
1887.0;0.1250;0.1154;-0.0591;0.0000;56;56;-0.0049;-0.0261;-0.0114;0.0020;-0.0010;0.0000;0.2283;10308
1887.5;0.1259;0.1168;-0.0467;0.0000;56;58;0.0733;-0.0231;-0.0114;0.0010;-0.0010;0.0000;0.2283;10308
1888.0;0.1273;0.1181;-0.0440;0.0000;56;58;-0.0049;-0.0231;-0.0114;0.0010;-0.0010;0.0000;0.2283;10308
1888.5;0.1291;0.1200;-0.0385;0.0000;56;56;-0.0049;-0.0231;-0.0129;0.0010;-0.0010;0.0000;0.2362;10308
1889.0;0.1300;0.1213;-0.0481;0.0000;56;56;-0.0831;-0.0231;-0.0129;0.0020;-0.0010;0.0000;0.2362;10308
1889.5;0.1319;0.1227;-0.0247;0.0000;56;56;-0.0049;-0.0231;-0.0129;0.0010;-0.0010;0.0000;0.2362;10308
1890.0;0.1332;0.1241;-0.0275;0.0000;56;56;-0.0049;-0.0231;-0.0129;0.0010;-0.0010;0.0000;0.2362;10308
1890.5;0.1346;0.1259;-0.0014;0.0000;56;56;0.0733;-0.0231;-0.0129;-0.0000;-0.0010;0.0000;0.2362;10308
1891.0;0.1351;0.1273;-0.0027;0.0000;56;56;0.0733;-0.0202;-0.0129;-0.0000;-0.0010;0.0000;0.2362;10308
1891.5;0.1364;0.1287;0.0165;0.0000;56;56;-0.0049;-0.0202;-0.0129;-0.0010;-0.0010;0.0000;0.2362;10308
1892.0;0.1378;0.1305;0.0412;0.0000;56;56;-0.0049;-0.0202;-0.0129;-0.0020;-0.0010;0.0000;0.2362;10308
1892.5;0.1397;0.1319;0.0398;0.0000;56;56;-0.0049;-0.0202;-0.0129;-0.0020;-0.0010;0.0000;0.2362;10308
1893.0;0.1415;0.1332;0.0687;0.0000;56;56;-0.0049;-0.0202;-0.0129;-0.0029;-0.0010;0.0000;0.2362;10308
1893.5;0.1433;0.1346;0.0646;0.0000;56;54;-0.0049;-0.0217;-0.0129;-0.0029;-0.0010;0.0000;0.2362;10308
1894.0;0.1442;0.1364;0.0769;0.0000;56;54;-0.0929;-0.0202;-0.0129;-0.0039;-0.0010;0.0000;0.2362;10308
1894.5;0.1465;0.1378;0.0522;0.0000;56;54;0.0733;-0.0217;-0.0129;-0.0029;-0.0010;0.0000;0.2362;10308
1895.0;0.1484;0.1392;0.0412;0.0000;54;54;-0.0049;-0.0231;-0.0129;-0.0020;-0.0010;0.0000;0.2362;10308
1895.5;0.1497;0.1406;0.0206;0.0000;54;54;-0.0831;-0.0231;-0.0129;-0.0010;-0.0010;0.0000;0.2362;10308
1896.0;0.1516;0.1424;0.0192;0.0000;54;54;0.0733;-0.0246;-0.0129;-0.0010;-0.0010;0.0000;0.2362;10308
1896.5;0.1534;0.1438;-0.0137;0.0000;54;54;-0.0049;-0.0246;-0.0129;-0.0000;-0.0010;0.0000;0.2362;10308
1897.0;0.1552;0.1451;-0.0398;0.0000;52;54;-0.0049;-0.0261;-0.0144;0.0010;-0.0010;0.0000;0.2362;10308
1897.5;0.1571;0.1470;-0.0371;0.0000;52;54;-0.0049;-0.0261;-0.0144;0.0010;-0.0010;0.0000;0.2362;10308
1898.0;0.1589;0.1484;-0.0371;0.0000;52;54;-0.0831;-0.0275;-0.0144;0.0010;-0.0010;0.0000;0.2362;10308
1898.5;0.1607;0.1497;-0.0220;0.0000;54;54;-0.0049;-0.0275;-0.0144;-0.0000;-0.0010;0.0000;0.2362;10308
1899.0;0.1621;0.1511;-0.0330;0.0000;52;54;-0.0049;-0.0275;-0.0144;0.0010;-0.0010;0.0000;0.2362;10308
1899.5;0.1635;0.1529;-0.0179;0.0000;54;54;-0.0049;-0.0275;-0.0144;-0.0000;-0.0010;0.0000;0.2362;10308
1900.0;0.1648;0.1543;-0.0206;0.0000;54;54;-0.0049;-0.0275;-0.0144;-0.0000;-0.0010;0.0000;0.2362;10308
1900.5;0.1662;0.1557;-0.0124;0.0000;54;54;-0.0049;-0.0275;-0.0144;-0.0000;-0.0010;0.0000;0.2362;10308
1901.0;0.1685;0.1571;-0.0014;0.0000;54;54;0.0733;-0.0290;-0.0144;-0.0000;-0.0010;0.0000;0.2362;10308
1901.5;0.1708;0.1589;-0.0041;0.0000;52;52;-0.0831;-0.0319;-0.0144;-0.0000;-0.0010;0.0000;0.2362;10308
1902.0;0.1731;0.1603;-0.0055;0.0000;52;52;-0.0049;-0.0334;-0.0144;-0.0000;-0.0010;0.0000;0.2362;10308
1902.5;0.1749;0.1616;-0.0206;0.0000;52;52;-0.0049;-0.0334;-0.0144;-0.0000;-0.0010;0.0000;0.2362;10308
1903.0;0.1763;0.1635;-0.0137;0.0000;52;52;-0.0049;-0.0334;-0.0144;-0.0000;-0.0010;0.0000;0.2362;10308
1903.5;0.1777;0.1648;-0.0316;0.0000;52;52;-0.0049;-0.0334;-0.0158;0.0010;-0.0010;0.0000;0.2362;10359